job_name,target,predicate,iptm,ptm,ranking_score,created_utc
uba1_1_1058_atp,UBA1,af3_iptm,0.980,0.890,0.980,2026-08-05
posktrl_uba1_full_atp,UBA1,af3_iptm,0.980,0.900,0.980,2026-08-06
posktrl_gapdh_tetramer_nad,"",af3_iptm,0.970,0.970,0.970,2026-08-06
gapdh_1_335_nad,GAPDH,af3_iptm,0.970,0.960,0.970,2026-08-05
gapdh_tetramer,"",af3_iptm,0.960,0.960,0.960,2026-08-03
gapdh_1_335_nap,GAPDH,af3_iptm,0.960,0.960,0.960,2026-08-03
uba1_adenylation_400_860_amp,UBA1,af3_iptm,0.960,0.580,0.920,2026-08-05
dnm1l_gtpase_1_300_gdp,DNM1L,af3_iptm,0.950,0.810,0.940,2026-08-10
mito_dnm1l_gtpase_gdp_s42,DNM1L,af3_iptm,0.950,0.810,0.940,2026-08-14
eno2_1_434_dimer_cit,"",af3_iptm,0.950,0.960,0.950,2026-08-03
posktrl_eno2_dimer_cit,"",af3_iptm,0.950,0.960,0.960,2026-08-06
mk2_full_atp_s7,MK2,af3_iptm,0.950,0.770,1.030,2026-08-10
mito_dnm1l_gtpase_gdp_s7,DNM1L,af3_iptm,0.950,0.810,0.920,2026-08-13
prkaa1_1_550_amp,PRKAA1,af3_iptm,0.950,0.550,1.000,2026-08-05
dnm1l_gtpase_1_300_gdp_s7,DNM1L,af3_iptm,0.950,0.810,0.920,2026-08-10
gapdh_1_335_tetramer_nad,"",af3_iptm,0.950,0.950,0.950,2026-08-03
dnm1l_1_300_gdp,DNM1L,af3_iptm,0.950,0.810,0.920,2026-08-05
ldha_tetramer,"",af3_iptm,0.950,0.960,0.970,2026-08-05
mito_dnm1l_full_gdp_s7,DNM1L,af3_iptm,0.940,0.500,0.940,2026-08-13
mapk14_1_360_adp,MAPK14,af3_iptm,0.940,0.930,0.950,2026-08-05
dnm1l_1_300_gdp_cit,DNM1L,af3_iptm,0.940,0.830,0.920,2026-08-05
eno1_dimer,"",af3_iptm,0.940,0.950,0.940,2026-08-03
eno2_dimer,"",af3_iptm,0.940,0.960,0.940,2026-08-03
eno1_1_434_dimer_cit,"",af3_iptm,0.940,0.960,0.950,2026-08-05
mk2_full_atp,MK2,af3_iptm,0.940,0.770,1.030,2026-08-10
dnm1l_gtpase_1_300_gtp,DNM1L,af3_iptm,0.940,0.790,0.910,2026-08-10
prkaa1_1_550_adp,PRKAA1,af3_iptm,0.940,0.570,0.990,2026-08-05
hk1_c_450_917_adp,HK1,af3_iptm,0.940,0.900,0.940,2026-08-03
ldha_tetramer_nap,"",af3_iptm,0.940,0.950,0.960,2026-08-10
mito_dnm1l_full_gdp_s42,DNM1L,af3_iptm,0.940,0.530,0.940,2026-08-14
mito_dnm1l_gtpase_gtp_s42,DNM1L,af3_iptm,0.940,0.790,0.910,2026-08-14
dnm1l_gtpase_1_300_gtp_s7,DNM1L,af3_iptm,0.930,0.790,0.900,2026-08-10
dnm1l_1_300_gtp,DNM1L,af3_iptm,0.930,0.820,0.910,2026-08-05
dnm1l_1_500_gdp,DNM1L,af3_iptm,0.930,0.650,0.880,2026-08-05
prkaa2_1_552_amp,PRKAA2,af3_iptm,0.930,0.620,0.990,2026-08-05
ldha_1_332_nad,LDHA,af3_iptm,0.930,0.940,0.950,2026-08-05
p38g_full_atp,P38G,af3_iptm,0.930,0.870,0.950,2026-08-13
mito_dnm1l_gtpase_gtp_s7,DNM1L,af3_iptm,0.930,0.790,0.900,2026-08-13
p38g_full_atp_s7,P38G,af3_iptm,0.930,0.870,0.950,2026-08-13
p38d_full_atp_s7,P38D,af3_iptm,0.930,0.900,0.940,2026-08-13
dnm1l_1_710_gtp,DNM1L,af3_iptm,0.930,0.480,0.930,2026-07-31
uba1_adenylation_400_860_atp,UBA1,af3_iptm,0.930,0.580,0.900,2026-08-05
mapk14_1_360_atp,MAPK14,af3_iptm,0.930,0.930,0.940,2026-08-05
p38d_full_atp,P38D,af3_iptm,0.930,0.900,0.940,2026-08-13
nmj_musk_kinase_atp_s7,MUSK,af3_iptm,0.920,0.850,0.930,2026-08-15
mito_dnm1l_full_gtp_s42,DNM1L,af3_iptm,0.920,0.540,0.930,2026-08-14
eno1_1_434_cit,ENO1,af3_iptm,0.920,0.960,0.930,2026-08-05
p38a_full_atp,P38A,af3_iptm,0.920,0.930,0.930,2026-08-13
nrg1_x_erbb3,"",af3_iptm,0.920,0.850,0.920,2026-07-03
p38a_full_atp_s7,P38A,af3_iptm,0.920,0.930,0.930,2026-08-13
dnm1l_full_gtp,DNM1L,af3_iptm,0.920,0.540,0.930,2026-08-10
prkaa1_kinase_1_300_adp,PRKAA1,af3_iptm,0.920,0.830,0.950,2026-08-05
eno2_1_434_cit,ENO2,af3_iptm,0.920,0.950,0.920,2026-08-05
mito_dnm1l_full_gtp_s7,DNM1L,af3_iptm,0.920,0.490,0.920,2026-08-13
uba1_adenyl_400_860_atp,UBA1,af3_iptm,0.920,0.580,0.890,2026-08-06
nrg1_x_erbb4,"",af3_iptm,0.910,0.870,0.910,2026-07-03
p38b_full_atp_s7,P38B,af3_iptm,0.910,0.890,0.920,2026-08-13
prkaa1_kinase_1_300_atp,PRKAA1,af3_iptm,0.910,0.840,0.950,2026-08-05
pkm2_n_1_390_atp,PKM,af3_iptm,0.910,0.910,0.930,2026-08-05
ldha_n_1_162_nad,LDHA,af3_iptm,0.910,0.910,0.950,2026-08-05
mapk11_1_360_atp,MAPK11,af3_iptm,0.910,0.900,0.910,2026-08-05
prkaa2_kinase_1_300_atp,PRKAA2,af3_iptm,0.910,0.870,0.910,2026-08-05
pgk1_1_417_amp,PGK1,af3_iptm,0.910,0.890,0.910,2026-08-05
p38b_full_atp,P38B,af3_iptm,0.910,0.890,0.920,2026-08-13
dnm1l_1_710_gtp,DNM1L,af3_iptm,0.910,0.480,0.920,2026-08-05
pgk1_full_adp,PGK1,af3_iptm,0.910,0.880,0.900,2026-08-06
sarm1_arm_1_400_nad,SARM1,af3_iptm,0.900,0.830,0.950,2026-08-05
dnm1l_1_500_gtp_s7,DNM1L,af3_iptm,0.900,0.630,0.860,2026-08-10
hk1_c_450_917_atp,HK1,af3_iptm,0.900,0.880,0.910,2026-08-05
32_keap1_50_180_x_cul3_1_410,"",af3_iptm,0.900,0.810,0.930,2026-06-05
sarm1_arm_1_400_nad_s7,SARM1,af3_iptm,0.900,0.830,0.950,2026-08-10
sarm1_arm_1_400_nad,SARM1,af3_iptm,0.900,0.830,0.950,2026-08-10
dnm1l_1_500_gtp,DNM1L,af3_iptm,0.900,0.630,0.850,2026-08-10
04_keap1_bp_hrudzgglsqkyt1vb8ab0_bc27,"",af3_iptm,0.900,0.940,0.910,2026-07-04
smn1_260_294_x_smn1_none_none,"",af3_iptm,0.900,0.310,1.130,2026-07-08
smn1_260_294_x_smn1_none_none_2,"",af3_iptm,0.900,0.310,1.130,2026-08-06
sarm1_arm_1_400_nap,SARM1,af3_iptm,0.900,0.830,0.950,2026-08-10
of3_holo_KEAP1_cb86dd3c,KEAP1,af3_holo_iptm,0.899,0.506,,2026-07-30
ctrl_pos_mapk14_mapkapk2,"",af3_iptm,0.890,0.870,0.950,2026-07-31
mapk14_x_mapkapk2,"",af3_iptm,0.890,0.860,0.950,2026-05-26
pgk1_c_200_417_adp,PGK1,af3_iptm,0.890,0.850,0.880,2026-08-05
pgk1_1_417_adp,PGK1,af3_iptm,0.890,0.870,0.880,2026-08-05
p38a_x_mk2_s7,"",af3_iptm,0.890,0.870,0.950,2026-08-13
keap1_x_nfe2l2,"",af3_iptm,0.890,0.810,0.940,2026-06-30
nmj_musk_ig1_dimer_s7,"",af3_iptm,0.890,0.910,0.890,2026-08-15
01_mapk14_x_mapkapk2,"",af3_iptm,0.890,0.870,0.950,2026-06-05
ctrl_pos_mapk14_mapkapk2_2,"",af3_iptm,0.890,0.870,0.950,2026-08-06
mapkapk2_x_mapk14,"",af3_iptm,0.890,0.870,,2026-05-27
of3_holo_KEAP1_2e726fde,KEAP1,af3_holo_iptm,0.889,0.503,,2026-07-29
ctrl_pos_keap1_315_624_nfe2l2_1_100,"",af3_iptm,0.880,0.790,0.950,2026-07-31
binder7127_lrp4_x_lrp4_beta1_prop_435_697,"",af3_iptm,0.880,0.920,0.890,2026-07-21
binder7024_lrp4_x_lrp4_beta1_prop_435_697,"",af3_iptm,0.880,0.920,0.890,2026-07-21
keap1_x_palb2,"",af3_iptm,0.880,0.900,0.940,2026-06-30
binder6641_lrp4_x_lrp4_beta1_prop_435_697,"",af3_iptm,0.880,0.920,0.890,2026-07-22
pkm2_tetramer,"",af3_iptm,0.880,0.900,0.890,2026-08-03
tp73_dbd_tetramer_dna_s7,"",af3_iptm,0.870,0.890,0.870,2026-08-14
sarm1_arm_nad_s42,SARM1,af3_iptm,0.870,0.920,0.880,2026-08-13
binder6213_lrp4_x_lrp4_beta1_prop_435_697,"",af3_iptm,0.870,0.900,0.880,2026-07-22
a_x_b_c9e988ef,"",af3_iptm,0.870,0.910,0.880,2026-07-04
28_nfe2l2_1_100_x_keap1_315_624,"",af3_iptm,0.870,0.800,0.940,2026-06-05
binder5912_lrp4_x_lrp4_beta1_prop_435_697,"",af3_iptm,0.870,0.910,0.880,2026-07-22
binder6641_lrp4_x_lrp4_beta1_prop_435_697,"",af3_iptm,0.870,0.920,0.880,2026-07-20
a_x_b_20487272,"",af3_iptm,0.870,0.910,0.890,2026-08-01
a_x_b_89046ba5,"",af3_iptm,0.870,0.910,0.880,2026-07-04
mapk14_mapkapk2_atp,"",af3_iptm,0.870,0.860,0.930,2026-08-03
a_x_b_450a3bd5,"",af3_iptm,0.870,0.900,0.880,2026-07-30
sarm1_arm_1_400_nap_s7,SARM1,af3_iptm,0.870,0.820,0.930,2026-08-10
a_x_b_1b780cf1,"",af3_iptm,0.870,0.910,0.880,2026-07-02
binder6206_lrp4_x_lrp4_beta1_prop_435_697,"",af3_iptm,0.870,0.770,0.850,2026-07-22
of3_holo_KEAP1_70411686,KEAP1,af3_holo_iptm,0.868,0.497,,2026-08-02
p38b_x_mk2_s7,"",af3_iptm,0.860,0.830,0.920,2026-08-13
pgk1_c_200_417_atp,PGK1,af3_iptm,0.860,0.840,0.860,2026-08-05
artn_x_gfra3,"",af3_iptm,0.860,0.850,0.890,2026-07-03
hif1a_x_arnt,"",af3_iptm,0.860,0.820,0.890,2026-06-29
25_map2k1_x_braf_449_723,"",af3_iptm,0.860,0.830,0.910,2026-06-10
pgk1_1_417_atp_2,PGK1,af3_iptm,0.860,0.850,0.860,2026-08-06
keap1_x_cul3,"",af3_iptm,0.860,0.770,0.890,2026-06-30
pkm2_1_531_adp,PKM,af3_iptm,0.860,0.910,0.890,2026-08-05
hif1a_x_crebbp,"",af3_iptm,0.860,0.870,1.020,2026-06-29
ppargc1a_x_ppara,"",af3_iptm,0.860,0.920,0.900,2026-06-29
hif1a_x_ep300,"",af3_iptm,0.860,0.870,1.020,2026-06-29
keap1_315_624_palb2_80_120,"",af3_iptm,0.860,0.870,0.930,2026-08-01
binder6312_lrp4_x_lrp4_beta1_prop_435_697,"",af3_iptm,0.860,0.900,0.870,2026-07-22
hif1a_x_arnt,"",af3_iptm,0.860,0.820,0.890,2026-06-30
tp73_dbd_tetramer_dna_s42,"",af3_iptm,0.860,0.880,0.860,2026-08-14
pgk1_1_417_atp,PGK1,af3_iptm,0.860,0.850,0.860,2026-08-05
of3_holo_KEAP1_8adfe3dd,KEAP1,af3_holo_iptm,0.859,0.499,,2026-08-02
of3_holo_KEAP1_5c03145b,KEAP1,af3_holo_iptm,0.858,0.495,,2026-08-02
of3_holo_KEAP1_d7f5291a,KEAP1,af3_holo_iptm,0.856,0.504,,2026-08-02
of3_holo_KEAP1_2f8ab58a,KEAP1,af3_holo_iptm,0.856,0.500,,2026-07-29
of3_holo_KEAP1_d11d8108,KEAP1,af3_holo_iptm,0.855,0.505,,2026-07-29
of3_holo_KEAP1_f8741433,KEAP1,af3_holo_iptm,0.855,0.504,,2026-08-02
of3_holo_KEAP1_2bee1a15,KEAP1,af3_holo_iptm,0.852,0.501,,2026-08-02
ppargc1a_x_ppard,"",af3_iptm,0.850,0.920,0.900,2026-06-29
binder7438_lrp4_x_lrp4_beta1_prop_435_697,"",af3_iptm,0.850,0.910,0.860,2026-07-21
a_x_b_c6197e5b,"",af3_iptm,0.850,0.900,0.870,2026-07-29
07_mapk11_x_mapkapk2,"",af3_iptm,0.850,0.820,0.910,2026-06-05
ppargc1a_x_esrra,"",af3_iptm,0.850,0.890,0.900,2026-06-29
ppargc1a_x_esrra,"",af3_iptm,0.850,0.890,0.900,2026-06-30
binder6116_lrp4_x_lrp4_beta1_prop_435_697,"",af3_iptm,0.850,0.920,0.860,2026-07-22
pgk1_cdom_200_417_atp,PGK1,af3_iptm,0.850,0.830,0.850,2026-08-06
30_keap1_315_624_x_palb2_1_103,"",af3_iptm,0.850,0.770,0.960,2026-06-10
pkm2_1_531_atp,PKM,af3_iptm,0.850,0.910,0.880,2026-08-05
p38b_x_mk2,"",af3_iptm,0.850,0.830,0.910,2026-08-13
tsc2_1_251_x_tardbp_104_176,"",af3_iptm,0.850,0.800,0.900,2026-07-26
sarm1_arm_nad_s7,SARM1,af3_iptm,0.850,0.920,0.860,2026-08-13
30_keap1_315_624_x_palb2_1_103,"",af3_iptm,0.850,0.770,0.960,2026-06-12
of3_holo_KEAP1_70f93a52,KEAP1,af3_holo_iptm,0.846,0.492,,2026-08-02
of3_holo_KEAP1_236af521,KEAP1,af3_holo_iptm,0.844,0.502,,2026-07-29
of3_holo_KEAP1_e17dca80,KEAP1,af3_holo_iptm,0.842,0.506,,2026-08-02
p38a_kin_24_308_x_mk2,"",af3_iptm,0.840,0.840,0.910,2026-08-13
pkm2_c_390_531_cit,PKM,af3_iptm,0.840,0.900,0.850,2026-08-05
58_stmn2_x_tuba1b,"",af3_iptm,0.840,0.820,0.980,2026-06-07
stmn2_tuba1a,"",af3_iptm,0.840,0.820,0.990,2026-08-01
nmj_gfra1_gdnf,"",af3_iptm,0.840,0.790,0.890,2026-06-29
64_mapk11_x_mapkapk3,"",af3_iptm,0.840,0.830,0.890,2026-06-14
64_mapk11_x_mapkapk3,"",af3_iptm,0.840,0.830,0.890,2026-06-12
p38b_x_mk3,"",af3_iptm,0.840,0.840,0.900,2026-08-13
chrna1_x_chrne,"",af3_iptm,0.840,0.860,0.850,2026-07-03
03_mapk14_x_dusp1,"",af3_iptm,0.840,0.800,0.890,2026-06-08
uba1_ube2n,"",af3_iptm,0.840,0.870,0.870,2026-08-01
03_mapk14_x_dusp1,"",af3_iptm,0.840,0.800,0.890,2026-06-10
deptor_322_409_x_mtor_1376_1626,"",af3_iptm,0.840,0.670,0.820,2026-07-15
sarm1_armsam_nad_s7,SARM1,af3_iptm,0.840,0.800,0.830,2026-08-13
raptor_251_501_x_mtor_501_751,"",af3_iptm,0.840,0.830,0.860,2026-07-11
lrp4_435_697_x_sost_none_none,"",af3_iptm,0.840,0.620,0.940,2026-07-29
stmn2_40_179_tuba1a,"",af3_iptm,0.840,0.860,0.970,2026-08-01
mapk14_x_mapkapk3,"",af3_iptm,0.840,0.860,0.870,2026-07-03
47_stmn2_x_tuba1a,"",af3_iptm,0.840,0.820,0.980,2026-06-05
deptor_322_409_x_mtor_1382_1982,"",af3_iptm,0.840,0.740,0.860,2026-07-15
sarm1_armsam_nad_s42,SARM1,af3_iptm,0.840,0.800,0.830,2026-08-13
keap1_x_dpp3,"",af3_iptm,0.840,0.880,0.910,2026-06-30
of3_holo_KEAP1_3e8496c9,KEAP1,af3_holo_iptm,0.836,0.498,,2026-08-02
of3_holo_KEAP1_4c1eca7f,KEAP1,af3_holo_iptm,0.835,0.494,,2026-07-29
of3_holo_KEAP1_4540e284,KEAP1,af3_holo_iptm,0.832,0.505,,2026-08-02
keap1_kelch_x_nfe2l2,"",af3_iptm,0.830,0.390,1.010,2026-05-26
p38a_kin_24_308_x_mk2_s7,"",af3_iptm,0.830,0.840,0.900,2026-08-13
42_mapt_x_gsk3b,"",af3_iptm,0.830,0.430,1.090,2026-06-12
36_stk11_x_cab39,"",af3_iptm,0.830,0.760,0.900,2026-06-21
13_mapk1_x_rps6ka3_400_740,"",af3_iptm,0.830,0.700,0.830,2026-06-05
p38b_x_mk3_s7,"",af3_iptm,0.830,0.830,0.890,2026-08-13
prkaa1_x_prkag1,"",af3_iptm,0.830,0.770,0.960,2026-06-29
p38a_x_mk3_s7,"",af3_iptm,0.830,0.820,0.880,2026-08-13
uba1_ube2d1_atp,"",af3_iptm,0.830,0.880,0.860,2026-08-03
limk1_kin_x_cfl2_f,"",af3_iptm,0.830,0.860,0.860,2026-05-16
chrna1_x_chrnd,"",af3_iptm,0.830,0.860,0.830,2026-07-03
limk1_kin_x_cfl2_f,"",af3_iptm,0.830,0.850,0.860,2026-05-14
sarm1_560_724_ndp,SARM1,af3_iptm,0.830,0.820,0.870,2026-08-05
37_hdac2_x_mta3_1_430,"",af3_iptm,0.830,0.810,0.930,2026-06-10
limk1_kin_x_cfl2_f,"",af3_iptm,0.830,0.860,0.860,2026-05-17
16_pkm_x_pkm,"",af3_iptm,0.830,0.880,0.850,2026-06-21
p38a_x_mk3,"",af3_iptm,0.830,0.810,0.880,2026-08-13
rock2_kin_x_cfl2_f,"",af3_iptm,0.830,0.850,0.830,2026-05-16
42_mapt_x_gsk3b,"",af3_iptm,0.830,0.430,1.090,2026-06-10
prkaa2_prkag1_amp,"",af3_iptm,0.830,0.800,0.910,2026-08-03
mapk11_mapkapk2_atp,"",af3_iptm,0.830,0.820,0.890,2026-08-03
rock2_kin_x_cfl2_f,"",af3_iptm,0.830,0.850,0.830,2026-05-17
37_hdac2_x_mta3_1_430,"",af3_iptm,0.830,0.810,0.930,2026-06-12
11_mapk14_x_mapkapk3,"",af3_iptm,0.830,0.810,0.880,2026-06-05
p38b_kin_24_308_x_mk2_s7,"",af3_iptm,0.830,0.830,0.900,2026-08-13
pkm2_dimer,"",af3_iptm,0.830,0.880,0.850,2026-08-03
sarm1_sam_400_560_oct_s7,"",af3_iptm,0.830,0.840,0.880,2026-08-10
prkaa1_x_prkag1,"",af3_iptm,0.830,0.770,0.960,2026-06-30
sarm1_sam_400_560_oct,"",af3_iptm,0.830,0.840,0.880,2026-08-10
18_mapk1_x_rps6ka2_400_733,"",af3_iptm,0.830,0.710,0.830,2026-06-08
deptor_322_409_x_mtor_1501_1751,"",af3_iptm,0.830,0.740,0.810,2026-07-15
tsc2_1_251_x_tardbp_104_176,"",af3_iptm,0.830,0.800,0.880,2026-07-07
of3_holo_KEAP1_251ca333,KEAP1,af3_holo_iptm,0.828,0.493,,2026-08-02
of3_holo_KEAP1_fb5faa19,KEAP1,af3_holo_iptm,0.824,0.493,,2026-08-02
of3_holo_KEAP1_3be3016b,KEAP1,af3_holo_iptm,0.820,0.501,,2026-07-29
limk1_330_647_x_cfl2_none_none,"",af3_iptm,0.820,0.850,0.860,2026-07-15
pkm2_1_531_dimer_apo,"",af3_iptm,0.820,0.870,0.840,2026-08-05
pgk1_n_1_200_adp,PGK1,af3_iptm,0.820,0.920,0.840,2026-08-05
rock2_kin_x_cfl2_f,"",af3_iptm,0.820,0.850,0.830,2026-05-14
prkab1_x_prkag1,"",af3_iptm,0.820,0.790,0.880,2026-06-29
stmn2_tuba1a_tubb3,"",af3_iptm,0.820,0.870,0.920,2026-08-03
mtor_x_deptor,"",af3_iptm,0.820,0.730,0.840,2026-06-29
a_x_b_a0563675,"",af3_iptm,0.820,0.870,0.830,2026-07-04
a_x_b_35317f50,"",af3_iptm,0.820,0.870,0.830,2026-07-04
prkab1_x_prkag1,"",af3_iptm,0.820,0.790,0.880,2026-06-30
mapk14_x_mapkapk2,"",af3_iptm,0.820,0.590,0.800,2026-07-03
06_mapk14_x_mapkapk5,"",af3_iptm,0.820,0.610,0.800,2026-06-12
06_mapk14_x_mapkapk5,"",af3_iptm,0.820,0.610,0.800,2026-06-08
mtor_x_deptor,"",af3_iptm,0.820,0.730,0.840,2026-06-30
06_mapk14_x_mapkapk5,"",af3_iptm,0.820,0.610,0.800,2026-06-10
p38b_kin_24_308_x_mk2,"",af3_iptm,0.820,0.830,0.890,2026-08-13
uba1_1_1058_ube2d1,"",af3_iptm,0.820,0.870,0.850,2026-08-05
of3_holo_KEAP1_c10e3b50,KEAP1,af3_holo_iptm,0.817,0.512,,2026-07-29
of3_holo_KEAP1_8ea38df2,KEAP1,af3_holo_iptm,0.815,0.507,,2026-08-02
of3_holo_KEAP1_97569c7f,KEAP1,af3_holo_iptm,0.814,0.510,,2026-07-29
of3_holo_KEAP1_bc42c0f7,KEAP1,af3_holo_iptm,0.814,0.504,,2026-08-02
of3_holo_DNM1L_dfb4fa46,DNM1L,af3_holo_iptm,0.814,0.458,,2026-08-11
of3_holo_KEAP1_b4afe501,KEAP1,af3_holo_iptm,0.813,0.495,,2026-07-29
of3_holo_KEAP1_ec9eb4fd,KEAP1,af3_holo_iptm,0.811,0.501,,2026-07-29
of3_holo_DNM1L_43d5468c,DNM1L,af3_holo_iptm,0.811,0.468,,2026-08-15
of3_holo_DNM1L_1b40badf,DNM1L,af3_holo_iptm,0.810,0.484,,2026-08-15
nrg1_176_246_erbb4_20_640,"",af3_iptm,0.810,0.820,0.840,2026-07-31
prkaa2_x_prkag2,"",af3_iptm,0.810,0.750,0.930,2026-06-29
04_mapk14_x_dusp10,"",af3_iptm,0.810,0.710,0.890,2026-06-12
32_prkaa1_x_prkag1,"",af3_iptm,0.810,0.710,0.880,2026-06-21
binder7242_lrp4_x_lrp4_beta1_prop_435_697,"",af3_iptm,0.810,0.870,0.820,2026-07-21
53_mapk1_x_dusp9,"",af3_iptm,0.810,0.750,0.870,2026-06-12
17_mapk1_x_dusp6,"",af3_iptm,0.810,0.790,0.870,2026-06-08
04_mapk14_x_dusp10,"",af3_iptm,0.810,0.710,0.890,2026-06-08
nrg1_176_246_erbb3_20_640,"",af3_iptm,0.810,0.840,0.850,2026-08-02
a_x_b_d9e537ea,"",af3_iptm,0.810,0.820,0.820,2026-07-30
mapk11_x_mapkapk2,"",af3_iptm,0.810,0.570,0.780,2026-07-03
53_mapk1_x_dusp9,"",af3_iptm,0.810,0.750,0.870,2026-06-10
sarm1_full_1_724_nad_s7,SARM1,af3_iptm,0.810,0.800,0.870,2026-08-10
04_mapk14_x_dusp10,"",af3_iptm,0.810,0.710,0.890,2026-06-10
of3_holo_KEAP1_3c4f865b,KEAP1,af3_holo_iptm,0.808,0.493,,2026-07-29
of3_holo_DNM1L_0a3c21da,DNM1L,af3_holo_iptm,0.807,0.444,,2026-08-12
of3_holo_DNM1L_7a544782,DNM1L,af3_holo_iptm,0.806,0.455,,2026-08-11
of3_holo_DNM1L_80b9128f,DNM1L,af3_holo_iptm,0.806,0.467,,2026-08-15
of3_holo_DNM1L_a508e652,DNM1L,af3_holo_iptm,0.806,0.480,,2026-08-15
of3_holo_DNM1L_ddcc8293,DNM1L,af3_holo_iptm,0.805,0.477,,2026-08-14
of3_holo_DNM1L_cb70a1f0,DNM1L,af3_holo_iptm,0.804,0.458,,2026-08-12
of3_holo_DNM1L_55385e6b,DNM1L,af3_holo_iptm,0.803,0.493,,2026-08-16
of3_holo_KEAP1_4beff5d2,KEAP1,af3_holo_iptm,0.803,0.492,,2026-07-29
of3_holo_DNM1L_589564cc,DNM1L,af3_holo_iptm,0.802,0.470,,2026-08-11
of3_holo_DNM1L_999b136a,DNM1L,af3_holo_iptm,0.802,0.474,,2026-08-16
of3_holo_DNM1L_6c72a4d4,DNM1L,af3_holo_iptm,0.801,0.509,,2026-08-15
of3_holo_KEAP1_997ca102,KEAP1,af3_holo_iptm,0.801,0.499,,2026-08-02
keap1_315_624_nfe2l2_1_35,"",af3_iptm,0.800,0.880,0.870,2026-08-01
nrg1_full_x_erbb3_ecd,"",af3_iptm,0.800,0.540,0.950,2026-05-16
limk2_330_638_x_cfl2_none_none,"",af3_iptm,0.800,0.830,0.830,2026-07-15
sarm1_full_1_724_nad,SARM1,af3_iptm,0.800,0.790,0.850,2026-08-10
sarm1_sam_octamer_s7,"",af3_iptm,0.800,0.850,0.810,2026-08-13
18_map3k7_1_310_x_tab1,"",af3_iptm,0.800,0.670,0.890,2026-06-10
limk2_kin_x_cfl1_f,"",af3_iptm,0.800,0.820,0.830,2026-05-14
erbb4_26_600_x_nrg1_176_246,"",af3_iptm,0.800,0.850,0.840,2026-07-15
pgk1_n_1_200_atp,PGK1,af3_iptm,0.800,0.910,0.820,2026-08-05
hk1_n_1_450_adp,HK1,af3_iptm,0.800,0.840,0.820,2026-08-05
limk2_330_638_x_cfl1_none_none,"",af3_iptm,0.800,0.820,0.830,2026-07-15
mtor_2181_2484_x_mtor_1251_1501,"",af3_iptm,0.800,0.750,0.830,2026-07-28
limk2_kin_x_cfl1_f,"",af3_iptm,0.800,0.820,0.830,2026-05-16
12_mapk3_x_rps6ka1_400_735,"",af3_iptm,0.800,0.650,0.810,2026-06-05
sarm1_full_1_724_nad_2,SARM1,af3_iptm,0.800,0.790,0.850,2026-08-10
limk2_kin_x_cfl1_f,"",af3_iptm,0.800,0.820,0.830,2026-05-17
raptor_1_500_x_mtor_626_876,"",af3_iptm,0.800,0.830,0.830,2026-07-11
binder7017_lrp4_x_lrp4_beta1_prop_435_697,"",af3_iptm,0.800,0.890,0.820,2026-07-21
keap1_kelch_x_sqstm1,"",af3_iptm,0.800,0.470,0.900,2026-05-26
sarm1_sam_octamer_s42,"",af3_iptm,0.800,0.850,0.810,2026-08-13
14_mapk1_x_elk1,"",af3_iptm,0.800,0.520,0.960,2026-06-05
nrg1_full_x_erbb3_ecd,"",af3_iptm,0.800,0.540,0.950,2026-05-14
of3_holo_DNM1L_9853abd4,DNM1L,af3_holo_iptm,0.799,0.448,,2026-08-16
of3_holo_DNM1L_5e87966f,DNM1L,af3_holo_iptm,0.799,0.469,,2026-08-12
of3_holo_KEAP1_ecbf3494,KEAP1,af3_holo_iptm,0.798,0.484,,2026-07-29
of3_holo_DNM1L_bca78f2d,DNM1L,af3_holo_iptm,0.798,0.452,,2026-08-12
of3_holo_DNM1L_3f0e333a,DNM1L,af3_holo_iptm,0.797,0.479,,2026-08-12
of3_holo_DNM1L_1c15587e,DNM1L,af3_holo_iptm,0.797,0.474,,2026-08-15
of3_holo_DNM1L_fad8b6a4,DNM1L,af3_holo_iptm,0.796,0.423,,2026-08-14
of3_holo_DNM1L_cdb23857,DNM1L,af3_holo_iptm,0.796,0.465,,2026-08-15
of3_holo_DNM1L_09692db2,DNM1L,af3_holo_iptm,0.796,0.465,,2026-08-11
of3_holo_KEAP1_9e757016,KEAP1,af3_holo_iptm,0.796,0.501,,2026-07-30
of3_holo_DNM1L_e0ffbaee,DNM1L,af3_holo_iptm,0.796,0.448,,2026-08-11
of3_holo_DNM1L_bcc9633a,DNM1L,af3_holo_iptm,0.796,0.444,,2026-08-11
of3_holo_DNM1L_2a64c40b,DNM1L,af3_holo_iptm,0.795,0.464,,2026-08-12
of3_holo_KEAP1_b756e4f6,KEAP1,af3_holo_iptm,0.795,0.489,,2026-07-29
of3_holo_DNM1L_a070d470,DNM1L,af3_holo_iptm,0.795,0.454,,2026-08-15
of3_holo_DNM1L_4722166d,DNM1L,af3_holo_iptm,0.795,0.479,,2026-08-11
of3_holo_DNM1L_d9102314,DNM1L,af3_holo_iptm,0.795,0.473,,2026-08-13
of3_holo_DNM1L_084e01d0,DNM1L,af3_holo_iptm,0.795,0.454,,2026-08-16
of3_holo_DNM1L_61159bd7,DNM1L,af3_holo_iptm,0.794,0.492,,2026-08-13
of3_holo_DNM1L_e8b4ba2f,DNM1L,af3_holo_iptm,0.794,0.445,,2026-08-16
of3_holo_DNM1L_3116662b,DNM1L,af3_holo_iptm,0.794,0.454,,2026-08-15
of3_holo_DNM1L_c5b04874,DNM1L,af3_holo_iptm,0.793,0.465,,2026-08-16
of3_holo_DNM1L_4f7db3d0,DNM1L,af3_holo_iptm,0.793,0.451,,2026-08-13
of3_holo_DNM1L_b9f06038,DNM1L,af3_holo_iptm,0.792,0.474,,2026-08-14
of3_holo_KEAP1_8df7b267,KEAP1,af3_holo_iptm,0.792,0.500,,2026-08-01
of3_holo_KEAP1_37068232,KEAP1,af3_holo_iptm,0.792,0.502,,2026-08-02
of3_holo_DNM1L_7d67272d,DNM1L,af3_holo_iptm,0.791,0.501,,2026-08-12
of3_holo_DNM1L_92fbf441,DNM1L,af3_holo_iptm,0.791,0.446,,2026-08-12
of3_holo_DNM1L_768a7bbc,DNM1L,af3_holo_iptm,0.791,0.500,,2026-08-11
of3_holo_DNM1L_b9f59fe3,DNM1L,af3_holo_iptm,0.791,0.461,,2026-08-15
of3_holo_DNM1L_8b5b89cc,DNM1L,af3_holo_iptm,0.791,0.452,,2026-08-11
of3_holo_DNM1L_b601df56,DNM1L,af3_holo_iptm,0.790,0.496,,2026-08-16
of3_holo_DNM1L_361c1228,DNM1L,af3_holo_iptm,0.790,0.455,,2026-08-15
prkaa2_x_prkab2,"",af3_iptm,0.790,0.590,1.020,2026-06-29
26_mapk11_x_mef2c,"",af3_iptm,0.790,0.480,0.960,2026-06-10
65_mapk11_x_mef2a,"",af3_iptm,0.790,0.460,0.990,2026-06-12
tp73_od_tetramer_s42,"",af3_iptm,0.790,0.800,1.240,2026-08-13
hk1_1_917_adp,HK1,af3_iptm,0.790,0.790,0.800,2026-08-05
05_mapk14_x_mknk1,"",af3_iptm,0.790,0.510,0.810,2026-06-05
65_mapk11_x_mef2a,"",af3_iptm,0.790,0.460,0.990,2026-06-14
15_mapk3_x_elk1,"",af3_iptm,0.790,0.510,0.960,2026-06-05
nmj_gfra1_ret,"",af3_iptm,0.790,0.760,0.790,2026-06-29
16_mapk14_x_mef2a,"",af3_iptm,0.790,0.460,0.990,2026-06-10
of3_holo_DNM1L_497881ee,DNM1L,af3_holo_iptm,0.790,0.468,,2026-08-12
of3_holo_DNM1L_ef6400b1,DNM1L,af3_holo_iptm,0.789,0.461,,2026-08-11
of3_holo_DNM1L_dec23397,DNM1L,af3_holo_iptm,0.789,0.466,,2026-08-16
of3_holo_KEAP1_ee9d5739,KEAP1,af3_holo_iptm,0.788,0.494,,2026-08-02
of3_holo_DNM1L_f6f72759,DNM1L,af3_holo_iptm,0.788,0.450,,2026-08-12
of3_holo_DNM1L_8309b3ec,DNM1L,af3_holo_iptm,0.788,0.484,,2026-08-15
of3_holo_DNM1L_002c1375,DNM1L,af3_holo_iptm,0.787,0.467,,2026-08-11
of3_holo_DNM1L_22658867,DNM1L,af3_holo_iptm,0.787,0.449,,2026-08-15
of3_holo_DNM1L_7d56623c,DNM1L,af3_holo_iptm,0.787,0.456,,2026-08-15
of3_holo_DNM1L_9c3ddcba,DNM1L,af3_holo_iptm,0.787,0.449,,2026-08-12
of3_holo_DNM1L_f5e6e11f,DNM1L,af3_holo_iptm,0.786,0.452,,2026-08-16
of3_holo_DNM1L_5e366d14,DNM1L,af3_holo_iptm,0.786,0.465,,2026-08-11
of3_holo_DNM1L_ee2e000f,DNM1L,af3_holo_iptm,0.786,0.454,,2026-08-14
of3_holo_DNM1L_eb1dc796,DNM1L,af3_holo_iptm,0.786,0.468,,2026-08-13
of3_holo_DNM1L_049ad74e,DNM1L,af3_holo_iptm,0.786,0.439,,2026-08-13
of3_holo_DNM1L_c97be1a4,DNM1L,af3_holo_iptm,0.786,0.465,,2026-08-15
of3_holo_DNM1L_f6d929cf,DNM1L,af3_holo_iptm,0.786,0.440,,2026-08-11
of3_holo_DNM1L_e4d46b1c,DNM1L,af3_holo_iptm,0.785,0.467,,2026-08-12
of3_holo_DNM1L_1926ad07,DNM1L,af3_holo_iptm,0.785,0.460,,2026-08-16
of3_holo_DNM1L_d5b1ef18,DNM1L,af3_holo_iptm,0.785,0.466,,2026-08-13
of3_holo_DNM1L_61d816a6,DNM1L,af3_holo_iptm,0.785,0.445,,2026-08-12
of3_holo_DNM1L_51b05ead,DNM1L,af3_holo_iptm,0.785,0.465,,2026-08-12
of3_holo_DNM1L_0fcc7004,DNM1L,af3_holo_iptm,0.785,0.473,,2026-08-12
of3_holo_DNM1L_857a1c1e,DNM1L,af3_holo_iptm,0.784,0.471,,2026-08-12
of3_holo_DNM1L_eb427608,DNM1L,af3_holo_iptm,0.784,0.457,,2026-08-13
of3_holo_DNM1L_963955fb,DNM1L,af3_holo_iptm,0.783,0.446,,2026-08-11
of3_holo_DNM1L_93114508,DNM1L,af3_holo_iptm,0.783,0.474,,2026-08-15
of3_holo_DNM1L_dc83ef20,DNM1L,af3_holo_iptm,0.782,0.469,,2026-08-14
of3_holo_DNM1L_99382c99,DNM1L,af3_holo_iptm,0.782,0.446,,2026-08-12
of3_holo_KEAP1_6d715810,KEAP1,af3_holo_iptm,0.782,0.492,,2026-07-29
of3_holo_DNM1L_9aa570b8,DNM1L,af3_holo_iptm,0.782,0.443,,2026-08-12
of3_holo_DNM1L_028f210c,DNM1L,af3_holo_iptm,0.782,0.470,,2026-08-16
of3_holo_DNM1L_7eab29cd,DNM1L,af3_holo_iptm,0.782,0.474,,2026-08-12
of3_holo_DNM1L_415b51bd,DNM1L,af3_holo_iptm,0.782,0.439,,2026-08-13
of3_holo_DNM1L_1c29ae4d,DNM1L,af3_holo_iptm,0.782,0.462,,2026-08-13
of3_holo_DNM1L_b81516e6,DNM1L,af3_holo_iptm,0.782,0.467,,2026-08-12
of3_holo_DNM1L_a125ca9a,DNM1L,af3_holo_iptm,0.782,0.482,,2026-08-14
of3_holo_DNM1L_c829385f,DNM1L,af3_holo_iptm,0.782,0.476,,2026-08-12
of3_holo_DNM1L_964333e2,DNM1L,af3_holo_iptm,0.782,0.452,,2026-08-14
of3_holo_DNM1L_fb0c37be,DNM1L,af3_holo_iptm,0.781,0.468,,2026-08-12
of3_holo_DNM1L_06cf8852,DNM1L,af3_holo_iptm,0.781,0.464,,2026-08-12
of3_holo_DNM1L_3b0eb349,DNM1L,af3_holo_iptm,0.781,0.473,,2026-08-12
of3_holo_DNM1L_6cbaffd3,DNM1L,af3_holo_iptm,0.781,0.484,,2026-08-15
of3_holo_DNM1L_eae50eb4,DNM1L,af3_holo_iptm,0.781,0.458,,2026-08-12
of3_holo_DNM1L_1d2e2fea,DNM1L,af3_holo_iptm,0.781,0.462,,2026-08-15
of3_holo_DNM1L_a1ebc5e9,DNM1L,af3_holo_iptm,0.781,0.460,,2026-08-11
of3_holo_DNM1L_57c4853b,DNM1L,af3_holo_iptm,0.780,0.484,,2026-08-11
of3_holo_DNM1L_1967166d,DNM1L,af3_holo_iptm,0.780,0.441,,2026-08-12
of3_holo_DNM1L_0df6f299,DNM1L,af3_holo_iptm,0.780,0.479,,2026-08-11
of3_holo_DNM1L_bb467c23,DNM1L,af3_holo_iptm,0.780,0.430,,2026-08-16
of3_holo_DNM1L_e21a3a9b,DNM1L,af3_holo_iptm,0.780,0.417,,2026-08-12
of3_holo_DNM1L_dea592bd,DNM1L,af3_holo_iptm,0.780,0.443,,2026-08-12
of3_holo_DNM1L_d63960ce,DNM1L,af3_holo_iptm,0.780,0.477,,2026-08-15
of3_holo_DNM1L_4223fb6d,DNM1L,af3_holo_iptm,0.780,0.450,,2026-08-15
a_x_b_125530cf,"",af3_iptm,0.780,0.820,0.800,2026-07-30
07_mapk14_x_mknk2,"",af3_iptm,0.780,0.500,0.810,2026-06-08
mapk14_x_dusp16,"",af3_iptm,0.780,0.690,0.890,2026-06-30
05_mapk14_x_mef2c,"",af3_iptm,0.780,0.470,0.960,2026-06-12
07_mapk14_x_mknk2,"",af3_iptm,0.780,0.500,0.810,2026-06-10
05_mapk14_x_mef2c,"",af3_iptm,0.780,0.470,0.960,2026-06-10
06_mapk14_x_rps6ka5,"",af3_iptm,0.780,0.430,0.750,2026-06-14
gfra1_x_ret,"",af3_iptm,0.780,0.800,0.790,2026-07-03
05_mapk14_x_mef2c,"",af3_iptm,0.780,0.470,0.960,2026-06-08
33_keap1_315_624_x_sqstm1,"",af3_iptm,0.780,0.490,0.890,2026-06-05
keap1_315_624_pgam5_1_100,"",af3_iptm,0.780,0.760,0.910,2026-08-01
20_raf1_320_648_x_map2k1,"",af3_iptm,0.780,0.780,0.860,2026-06-08
binder7141_lrp4_x_lrp4_beta1_prop_435_697,"",af3_iptm,0.780,0.860,0.800,2026-07-21
binder8290_keap1_x_keap1_kelch_321_609,"",af3_iptm,0.780,0.870,0.790,2026-07-20
mapk14_x_dusp10,"",af3_iptm,0.780,0.820,0.820,2026-06-30
of3_holo_DNM1L_e14f7dc0,DNM1L,af3_holo_iptm,0.780,0.456,,2026-08-12
of3_holo_DNM1L_7c756dd7,DNM1L,af3_holo_iptm,0.780,0.467,,2026-08-12
of3_holo_DNM1L_98a677a0,DNM1L,af3_holo_iptm,0.780,0.457,,2026-08-15
of3_holo_DNM1L_2118b306,DNM1L,af3_holo_iptm,0.779,0.449,,2026-08-11
of3_holo_DNM1L_8b6b9bc2,DNM1L,af3_holo_iptm,0.779,0.463,,2026-08-16
of3_holo_DNM1L_15ebb59d,DNM1L,af3_holo_iptm,0.779,0.478,,2026-08-15
of3_holo_DNM1L_d6894e91,DNM1L,af3_holo_iptm,0.779,0.473,,2026-08-13
of3_holo_DNM1L_b8c115ec,DNM1L,af3_holo_iptm,0.779,0.434,,2026-08-15
of3_holo_DNM1L_1ac7fbaa,DNM1L,af3_holo_iptm,0.779,0.443,,2026-08-12
of3_holo_DNM1L_ce7f03de,DNM1L,af3_holo_iptm,0.779,0.468,,2026-08-11
of3_holo_DNM1L_d36eb9d1,DNM1L,af3_holo_iptm,0.779,0.464,,2026-08-14
of3_holo_DNM1L_be717e6b,DNM1L,af3_holo_iptm,0.779,0.479,,2026-08-12
of3_holo_DNM1L_07bd7221,DNM1L,af3_holo_iptm,0.778,0.460,,2026-08-15
of3_holo_DNM1L_5299f669,DNM1L,af3_holo_iptm,0.778,0.450,,2026-08-12
of3_holo_DNM1L_da9a20a7,DNM1L,af3_holo_iptm,0.778,0.451,,2026-08-11
of3_holo_DNM1L_b823960f,DNM1L,af3_holo_iptm,0.778,0.479,,2026-08-15
of3_holo_DNM1L_0c77b805,DNM1L,af3_holo_iptm,0.778,0.481,,2026-08-13
of3_holo_DNM1L_c0c7d5bb,DNM1L,af3_holo_iptm,0.778,0.467,,2026-08-12
of3_holo_DNM1L_5cfd8c1d,DNM1L,af3_holo_iptm,0.778,0.448,,2026-08-12
of3_holo_DNM1L_23247dd8,DNM1L,af3_holo_iptm,0.778,0.459,,2026-08-15
of3_holo_DNM1L_1f9ecb5a,DNM1L,af3_holo_iptm,0.778,0.463,,2026-08-16
of3_holo_DNM1L_9f3458f8,DNM1L,af3_holo_iptm,0.777,0.444,,2026-08-12
of3_holo_DNM1L_dfc714d7,DNM1L,af3_holo_iptm,0.777,0.431,,2026-08-14
of3_holo_DNM1L_4f182c1a,DNM1L,af3_holo_iptm,0.777,0.445,,2026-08-12
of3_holo_DNM1L_12a39b9e,DNM1L,af3_holo_iptm,0.777,0.475,,2026-08-16
of3_holo_DNM1L_f43029b3,DNM1L,af3_holo_iptm,0.777,0.484,,2026-08-12
of3_holo_DNM1L_33908eb3,DNM1L,af3_holo_iptm,0.777,0.425,,2026-08-12
of3_holo_DNM1L_66259b11,DNM1L,af3_holo_iptm,0.777,0.472,,2026-08-11
of3_holo_DNM1L_14687f7e,DNM1L,af3_holo_iptm,0.777,0.455,,2026-08-12
of3_holo_DNM1L_77669051,DNM1L,af3_holo_iptm,0.777,0.482,,2026-08-15
of3_holo_DNM1L_06449c7c,DNM1L,af3_holo_iptm,0.776,0.466,,2026-08-12
of3_holo_DNM1L_8b2eefef,DNM1L,af3_holo_iptm,0.776,0.438,,2026-08-12
of3_holo_DNM1L_b5110b3e,DNM1L,af3_holo_iptm,0.776,0.469,,2026-08-16
of3_holo_DNM1L_dc1bfb38,DNM1L,af3_holo_iptm,0.776,0.497,,2026-08-16
of3_holo_DNM1L_b5f03e2d,DNM1L,af3_holo_iptm,0.776,0.470,,2026-08-11
of3_holo_DNM1L_f4a9835c,DNM1L,af3_holo_iptm,0.776,0.441,,2026-08-12
of3_holo_DNM1L_5d3f006f,DNM1L,af3_holo_iptm,0.776,0.447,,2026-08-16
of3_holo_DNM1L_caa205d6,DNM1L,af3_holo_iptm,0.776,0.453,,2026-08-16
of3_holo_DNM1L_8d85c25b,DNM1L,af3_holo_iptm,0.775,0.432,,2026-08-11
of3_holo_DNM1L_793ae0a1,DNM1L,af3_holo_iptm,0.775,0.481,,2026-08-15
of3_holo_DNM1L_af6a1a3b,DNM1L,af3_holo_iptm,0.775,0.454,,2026-08-12
of3_holo_DNM1L_7b33e813,DNM1L,af3_holo_iptm,0.775,0.475,,2026-08-15
of3_holo_DNM1L_3dfbbef1,DNM1L,af3_holo_iptm,0.775,0.425,,2026-08-11
of3_holo_DNM1L_e7ab9517,DNM1L,af3_holo_iptm,0.775,0.472,,2026-08-16
of3_holo_DNM1L_467aa9cd,DNM1L,af3_holo_iptm,0.775,0.422,,2026-08-15
of3_holo_DNM1L_d109d888,DNM1L,af3_holo_iptm,0.775,0.491,,2026-08-11
of3_holo_DNM1L_ca81181d,DNM1L,af3_holo_iptm,0.775,0.439,,2026-08-12
of3_holo_DNM1L_a0c0b579,DNM1L,af3_holo_iptm,0.775,0.455,,2026-08-12
of3_holo_DNM1L_4130f23b,DNM1L,af3_holo_iptm,0.775,0.451,,2026-08-12
of3_holo_DNM1L_e08090f1,DNM1L,af3_holo_iptm,0.774,0.479,,2026-08-16
of3_holo_KEAP1_b43aedce,KEAP1,af3_holo_iptm,0.774,0.822,,2026-07-29
of3_holo_DNM1L_8463bb58,DNM1L,af3_holo_iptm,0.774,0.462,,2026-08-16
of3_holo_DNM1L_f35e58c4,DNM1L,af3_holo_iptm,0.774,0.445,,2026-08-15
of3_holo_DNM1L_9901954c,DNM1L,af3_holo_iptm,0.774,0.457,,2026-08-15
of3_holo_DNM1L_8176e673,DNM1L,af3_holo_iptm,0.774,0.454,,2026-08-13
of3_holo_DNM1L_16efc995,DNM1L,af3_holo_iptm,0.774,0.442,,2026-08-11
of3_holo_DNM1L_21417dfc,DNM1L,af3_holo_iptm,0.774,0.493,,2026-08-11
of3_holo_DNM1L_bccdad4e,DNM1L,af3_holo_iptm,0.774,0.469,,2026-08-16
of3_holo_DNM1L_2529349b,DNM1L,af3_holo_iptm,0.774,0.477,,2026-08-16
of3_holo_DNM1L_b2348688,DNM1L,af3_holo_iptm,0.774,0.469,,2026-08-16
of3_holo_DNM1L_44a51b42,DNM1L,af3_holo_iptm,0.773,0.444,,2026-08-12
of3_holo_DNM1L_cd754ea8,DNM1L,af3_holo_iptm,0.773,0.444,,2026-08-13
of3_holo_DNM1L_2d709eff,DNM1L,af3_holo_iptm,0.773,0.480,,2026-08-11
of3_holo_DNM1L_ae524a19,DNM1L,af3_holo_iptm,0.773,0.449,,2026-08-11
of3_holo_DNM1L_250f6ef0,DNM1L,af3_holo_iptm,0.773,0.462,,2026-08-16
of3_holo_DNM1L_08eae624,DNM1L,af3_holo_iptm,0.773,0.432,,2026-08-15
of3_holo_DNM1L_cce09de7,DNM1L,af3_holo_iptm,0.773,0.470,,2026-08-15
of3_holo_DNM1L_8ec1967e,DNM1L,af3_holo_iptm,0.773,0.471,,2026-08-12
of3_holo_DNM1L_bd3c163d,DNM1L,af3_holo_iptm,0.773,0.459,,2026-08-16
of3_holo_KEAP1_ccd244eb,KEAP1,af3_holo_iptm,0.773,0.500,,2026-07-29
of3_holo_DNM1L_d75c3f1c,DNM1L,af3_holo_iptm,0.773,0.446,,2026-08-16
of3_holo_DNM1L_70e1aef5,DNM1L,af3_holo_iptm,0.773,0.451,,2026-08-15
of3_holo_DNM1L_9dcaa90c,DNM1L,af3_holo_iptm,0.773,0.450,,2026-08-11
of3_holo_DNM1L_7709e915,DNM1L,af3_holo_iptm,0.773,0.436,,2026-08-12
of3_holo_DNM1L_0b69692d,DNM1L,af3_holo_iptm,0.773,0.478,,2026-08-16
of3_holo_DNM1L_9f9af575,DNM1L,af3_holo_iptm,0.773,0.419,,2026-08-12
of3_holo_DNM1L_1d29e2b0,DNM1L,af3_holo_iptm,0.773,0.498,,2026-08-15
of3_holo_DNM1L_06831308,DNM1L,af3_holo_iptm,0.773,0.452,,2026-08-15
of3_holo_DNM1L_b41e1038,DNM1L,af3_holo_iptm,0.772,0.484,,2026-08-16
of3_holo_DNM1L_7a7917ec,DNM1L,af3_holo_iptm,0.772,0.468,,2026-08-16
of3_holo_DNM1L_f0859b6a,DNM1L,af3_holo_iptm,0.772,0.475,,2026-08-15
of3_holo_DNM1L_7b9b7a3c,DNM1L,af3_holo_iptm,0.772,0.458,,2026-08-13
of3_holo_DNM1L_fd58a6be,DNM1L,af3_holo_iptm,0.772,0.460,,2026-08-13
of3_holo_DNM1L_0bfaae48,DNM1L,af3_holo_iptm,0.772,0.470,,2026-08-15
of3_holo_DNM1L_41f6e9e5,DNM1L,af3_holo_iptm,0.772,0.439,,2026-08-11
of3_holo_DNM1L_af7d2ad7,DNM1L,af3_holo_iptm,0.772,0.459,,2026-08-12
of3_holo_DNM1L_450531ad,DNM1L,af3_holo_iptm,0.772,0.444,,2026-08-12
of3_holo_DNM1L_855c1f36,DNM1L,af3_holo_iptm,0.772,0.429,,2026-08-13
of3_holo_DNM1L_183e993a,DNM1L,af3_holo_iptm,0.772,0.466,,2026-08-12
of3_holo_DNM1L_9f0d944c,DNM1L,af3_holo_iptm,0.772,0.461,,2026-08-14
of3_holo_DNM1L_d8b05c6f,DNM1L,af3_holo_iptm,0.772,0.479,,2026-08-14
of3_holo_DNM1L_20d38e7e,DNM1L,af3_holo_iptm,0.772,0.424,,2026-08-12
of3_holo_DNM1L_d0ecc900,DNM1L,af3_holo_iptm,0.772,0.454,,2026-08-16
of3_holo_DNM1L_f7a91683,DNM1L,af3_holo_iptm,0.772,0.483,,2026-08-12
of3_holo_DNM1L_ee64872c,DNM1L,af3_holo_iptm,0.772,0.452,,2026-08-12
of3_holo_KEAP1_936b6bab,KEAP1,af3_holo_iptm,0.771,0.501,,2026-07-29
of3_holo_DNM1L_6028b792,DNM1L,af3_holo_iptm,0.771,0.423,,2026-08-16
of3_holo_DNM1L_fd9d3b1a,DNM1L,af3_holo_iptm,0.771,0.446,,2026-08-15
of3_holo_DNM1L_31a7371c,DNM1L,af3_holo_iptm,0.771,0.459,,2026-08-16
of3_holo_DNM1L_428800aa,DNM1L,af3_holo_iptm,0.771,0.464,,2026-08-11
of3_holo_DNM1L_bad7b3a8,DNM1L,af3_holo_iptm,0.771,0.472,,2026-08-15
of3_holo_DNM1L_ee8fe348,DNM1L,af3_holo_iptm,0.771,0.462,,2026-08-12
of3_holo_DNM1L_a1896270,DNM1L,af3_holo_iptm,0.771,0.438,,2026-08-12
of3_holo_DNM1L_ad039d1b,DNM1L,af3_holo_iptm,0.771,0.493,,2026-08-11
of3_holo_DNM1L_3e784b8c,DNM1L,af3_holo_iptm,0.770,0.495,,2026-08-16
of3_holo_DNM1L_6747f20f,DNM1L,af3_holo_iptm,0.770,0.424,,2026-08-15
of3_holo_DNM1L_311771ee,DNM1L,af3_holo_iptm,0.770,0.480,,2026-08-11
of3_holo_DNM1L_2aedfc89,DNM1L,af3_holo_iptm,0.770,0.465,,2026-08-11
of3_holo_DNM1L_4289d172,DNM1L,af3_holo_iptm,0.770,0.478,,2026-08-16
tp73_od_tetramer_s7_2,"",af3_iptm,0.770,0.780,1.270,2026-08-13
21_mapk14_x_mapt,"",af3_iptm,0.770,0.410,1.040,2026-06-12
mapk14_x_mknk2_v2,"",af3_iptm,0.770,0.530,0.790,2026-06-30
mtor_1751_2001_x_mtor_2001_2251,"",af3_iptm,0.770,0.740,0.810,2026-07-28
21_mapk14_x_mapt,"",af3_iptm,0.770,0.410,1.040,2026-06-08
binder7141_lrp4_x_lrp4_beta1_prop_435_697,"",af3_iptm,0.770,0.860,0.790,2026-07-20
hk1_1_917_atp,HK1,af3_iptm,0.770,0.770,0.780,2026-08-05
hk1_ndom_1_450_atp,HK1,af3_iptm,0.770,0.820,0.790,2026-08-05
33_hdac2_x_mta2,"",af3_iptm,0.770,0.680,0.910,2026-06-08
tp73_od_tetramer_s7,"",af3_iptm,0.770,0.780,1.270,2026-08-13
gfra2_x_ret,"",af3_iptm,0.770,0.800,0.800,2026-07-03
agrn_lg3z19_x_lrp4_bp3,"",af3_iptm,0.770,0.810,0.800,2026-08-10
17_mapk1_x_mknk1,"",af3_iptm,0.770,0.520,0.800,2026-06-05
21_mapk14_x_mapt,"",af3_iptm,0.770,0.410,1.040,2026-06-10
hdac6_cd2_x_ripk3,"",af3_iptm,0.770,0.650,0.870,2026-05-29
sarm1_1_724_nad,SARM1,af3_iptm,0.770,0.790,0.830,2026-07-31
of3_holo_DNM1L_1a630523,DNM1L,af3_holo_iptm,0.770,0.421,,2026-08-16
of3_holo_DNM1L_f239a15c,DNM1L,af3_holo_iptm,0.770,0.418,,2026-08-12
of3_holo_DNM1L_0922be8d,DNM1L,af3_holo_iptm,0.770,0.447,,2026-08-15
of3_holo_DNM1L_54e5fd33,DNM1L,af3_holo_iptm,0.770,0.469,,2026-08-11
of3_holo_DNM1L_4c9e7f0f,DNM1L,af3_holo_iptm,0.769,0.417,,2026-08-12
of3_holo_DNM1L_40890283,DNM1L,af3_holo_iptm,0.769,0.478,,2026-08-15
of3_holo_DNM1L_9508f5d2,DNM1L,af3_holo_iptm,0.769,0.476,,2026-08-13
of3_holo_DNM1L_8e52345c,DNM1L,af3_holo_iptm,0.769,0.458,,2026-08-11
of3_holo_DNM1L_9d405172,DNM1L,af3_holo_iptm,0.769,0.480,,2026-08-14
of3_holo_DNM1L_c4ee5c32,DNM1L,af3_holo_iptm,0.769,0.446,,2026-08-15
of3_holo_DNM1L_66307917,DNM1L,af3_holo_iptm,0.769,0.446,,2026-08-11
of3_holo_DNM1L_560a1b1a,DNM1L,af3_holo_iptm,0.769,0.452,,2026-08-12
of3_holo_DNM1L_a82fc3bb,DNM1L,af3_holo_iptm,0.769,0.439,,2026-08-15
of3_holo_DNM1L_7a00dbd4,DNM1L,af3_holo_iptm,0.769,0.477,,2026-08-15
of3_holo_DNM1L_f7fd4578,DNM1L,af3_holo_iptm,0.769,0.447,,2026-08-11
of3_holo_DNM1L_ebb82c8d,DNM1L,af3_holo_iptm,0.769,0.451,,2026-08-11
of3_holo_DNM1L_b1e12daf,DNM1L,af3_holo_iptm,0.768,0.457,,2026-08-14
of3_holo_DNM1L_d9880c1e,DNM1L,af3_holo_iptm,0.768,0.443,,2026-08-12
of3_holo_DNM1L_c1a319c2,DNM1L,af3_holo_iptm,0.768,0.436,,2026-08-16
of3_holo_DNM1L_04ce71a1,DNM1L,af3_holo_iptm,0.768,0.447,,2026-08-11
of3_holo_DNM1L_da9846b6,DNM1L,af3_holo_iptm,0.768,0.441,,2026-08-16
of3_holo_DNM1L_524250b1,DNM1L,af3_holo_iptm,0.768,0.447,,2026-08-12
of3_holo_KEAP1_8179255e,KEAP1,af3_holo_iptm,0.768,0.486,,2026-07-29
of3_holo_DNM1L_4d0e4113,DNM1L,af3_holo_iptm,0.768,0.450,,2026-08-16
of3_holo_DNM1L_04882749,DNM1L,af3_holo_iptm,0.768,0.431,,2026-08-15
of3_holo_DNM1L_cb25e8e0,DNM1L,af3_holo_iptm,0.768,0.473,,2026-08-14
of3_holo_DNM1L_00017686,DNM1L,af3_holo_iptm,0.768,0.426,,2026-08-13
of3_holo_DNM1L_f9d6633e,DNM1L,af3_holo_iptm,0.768,0.409,,2026-08-16
of3_holo_DNM1L_ba9286c4,DNM1L,af3_holo_iptm,0.768,0.492,,2026-08-16
of3_holo_DNM1L_c0bc6f64,DNM1L,af3_holo_iptm,0.768,0.451,,2026-08-13
of3_holo_DNM1L_03aefba7,DNM1L,af3_holo_iptm,0.768,0.431,,2026-08-11
of3_holo_KEAP1_a211711f,KEAP1,af3_holo_iptm,0.768,0.503,,2026-08-02
of3_holo_DNM1L_6bcf153f,DNM1L,af3_holo_iptm,0.768,0.485,,2026-08-12
of3_holo_DNM1L_1de931cf,DNM1L,af3_holo_iptm,0.767,0.451,,2026-08-12
of3_holo_DNM1L_f4fd77bf,DNM1L,af3_holo_iptm,0.767,0.465,,2026-08-14
of3_holo_DNM1L_f7ba149f,DNM1L,af3_holo_iptm,0.767,0.494,,2026-08-11
of3_holo_DNM1L_65c70063,DNM1L,af3_holo_iptm,0.767,0.468,,2026-08-16
of3_holo_DNM1L_7503afe4,DNM1L,af3_holo_iptm,0.767,0.431,,2026-08-15
of3_holo_DNM1L_48e9999f,DNM1L,af3_holo_iptm,0.767,0.429,,2026-08-12
of3_holo_DNM1L_c01dc4aa,DNM1L,af3_holo_iptm,0.767,0.444,,2026-08-11
of3_holo_DNM1L_1a0bb60a,DNM1L,af3_holo_iptm,0.767,0.463,,2026-08-15
of3_holo_DNM1L_6fbe87db,DNM1L,af3_holo_iptm,0.767,0.454,,2026-08-15
of3_holo_DNM1L_5e94cb33,DNM1L,af3_holo_iptm,0.767,0.462,,2026-08-16
of3_holo_DNM1L_bb9e171b,DNM1L,af3_holo_iptm,0.767,0.441,,2026-08-15
of3_holo_DNM1L_377d04d7,DNM1L,af3_holo_iptm,0.767,0.488,,2026-08-13
of3_holo_DNM1L_2adcb258,DNM1L,af3_holo_iptm,0.767,0.456,,2026-08-16
of3_holo_DNM1L_ee669440,DNM1L,af3_holo_iptm,0.767,0.491,,2026-08-15
of3_holo_DNM1L_944fdd32,DNM1L,af3_holo_iptm,0.766,0.480,,2026-08-12
of3_holo_DNM1L_6d295503,DNM1L,af3_holo_iptm,0.766,0.440,,2026-08-12
of3_holo_DNM1L_f70a76a7,DNM1L,af3_holo_iptm,0.766,0.475,,2026-08-15
of3_holo_DNM1L_b88cdbd5,DNM1L,af3_holo_iptm,0.766,0.461,,2026-08-16
of3_holo_KEAP1_5a6d3332,KEAP1,af3_holo_iptm,0.766,0.499,,2026-07-29
of3_holo_DNM1L_e3f40f90,DNM1L,af3_holo_iptm,0.766,0.489,,2026-08-16
of3_holo_DNM1L_abe43b3b,DNM1L,af3_holo_iptm,0.766,0.458,,2026-08-15
of3_holo_KEAP1_5ca2d9ba,KEAP1,af3_holo_iptm,0.766,0.502,,2026-08-02
of3_holo_DNM1L_330199ca,DNM1L,af3_holo_iptm,0.766,0.465,,2026-08-11
of3_holo_DNM1L_558a266b,DNM1L,af3_holo_iptm,0.766,0.444,,2026-08-13
of3_holo_DNM1L_5143ba04,DNM1L,af3_holo_iptm,0.766,0.435,,2026-08-12
of3_holo_DNM1L_9ab3a13f,DNM1L,af3_holo_iptm,0.766,0.446,,2026-08-14
of3_holo_DNM1L_1ff41ec9,DNM1L,af3_holo_iptm,0.766,0.466,,2026-08-11
of3_holo_DNM1L_4a9e1da3,DNM1L,af3_holo_iptm,0.766,0.491,,2026-08-15
of3_holo_DNM1L_4de3ad03,DNM1L,af3_holo_iptm,0.766,0.429,,2026-08-12
of3_holo_DNM1L_5323e1f2,DNM1L,af3_holo_iptm,0.766,0.460,,2026-08-11
of3_holo_DNM1L_e43f3e95,DNM1L,af3_holo_iptm,0.766,0.455,,2026-08-15
of3_holo_DNM1L_841086bb,DNM1L,af3_holo_iptm,0.766,0.454,,2026-08-11
of3_holo_DNM1L_64e15358,DNM1L,af3_holo_iptm,0.766,0.432,,2026-08-12
of3_holo_DNM1L_40a9449f,DNM1L,af3_holo_iptm,0.765,0.442,,2026-08-12
of3_holo_DNM1L_e2c25a7a,DNM1L,af3_holo_iptm,0.765,0.451,,2026-08-15
of3_holo_DNM1L_0257cc24,DNM1L,af3_holo_iptm,0.765,0.455,,2026-08-12
of3_holo_DNM1L_6bae9468,DNM1L,af3_holo_iptm,0.765,0.452,,2026-08-15
of3_holo_DNM1L_5c69c189,DNM1L,af3_holo_iptm,0.765,0.463,,2026-08-15
of3_holo_DNM1L_40392858,DNM1L,af3_holo_iptm,0.765,0.485,,2026-08-11
of3_holo_DNM1L_3bdd8182,DNM1L,af3_holo_iptm,0.765,0.450,,2026-08-16
of3_holo_DNM1L_1af29dcd,DNM1L,af3_holo_iptm,0.765,0.456,,2026-08-12
of3_holo_DNM1L_3d2d8058,DNM1L,af3_holo_iptm,0.765,0.445,,2026-08-14
of3_holo_DNM1L_64998b48,DNM1L,af3_holo_iptm,0.765,0.434,,2026-08-11
of3_holo_DNM1L_33001ecb,DNM1L,af3_holo_iptm,0.765,0.435,,2026-08-12
of3_holo_DNM1L_7c5bff02,DNM1L,af3_holo_iptm,0.765,0.443,,2026-08-13
of3_holo_DNM1L_52dbc1b4,DNM1L,af3_holo_iptm,0.765,0.446,,2026-08-13
of3_holo_DNM1L_6730c661,DNM1L,af3_holo_iptm,0.765,0.480,,2026-08-14
of3_holo_DNM1L_83ce38de,DNM1L,af3_holo_iptm,0.765,0.475,,2026-08-15
of3_holo_DNM1L_6008ea46,DNM1L,af3_holo_iptm,0.765,0.450,,2026-08-11
of3_holo_DNM1L_a5ec5b4b,DNM1L,af3_holo_iptm,0.765,0.475,,2026-08-11
of3_holo_KEAP1_af3bcfcb,KEAP1,af3_holo_iptm,0.765,0.867,,2026-07-29
of3_holo_DNM1L_208d14cd,DNM1L,af3_holo_iptm,0.765,0.464,,2026-08-14
of3_holo_DNM1L_cdc911c9,DNM1L,af3_holo_iptm,0.765,0.483,,2026-08-11
of3_holo_DNM1L_1508c845,DNM1L,af3_holo_iptm,0.765,0.456,,2026-08-15
of3_holo_DNM1L_a6f80ce1,DNM1L,af3_holo_iptm,0.765,0.453,,2026-08-11
of3_holo_DNM1L_ac678f7c,DNM1L,af3_holo_iptm,0.765,0.466,,2026-08-15
of3_holo_DNM1L_d56524b0,DNM1L,af3_holo_iptm,0.765,0.425,,2026-08-15
of3_holo_DNM1L_df187d4f,DNM1L,af3_holo_iptm,0.764,0.468,,2026-08-15
of3_holo_DNM1L_e40b17ed,DNM1L,af3_holo_iptm,0.764,0.466,,2026-08-16
of3_holo_DNM1L_d787be09,DNM1L,af3_holo_iptm,0.764,0.467,,2026-08-15
of3_holo_DNM1L_f8ff597f,DNM1L,af3_holo_iptm,0.764,0.479,,2026-08-15
of3_holo_DNM1L_23b1e3f7,DNM1L,af3_holo_iptm,0.764,0.434,,2026-08-12
of3_holo_DNM1L_442f0418,DNM1L,af3_holo_iptm,0.764,0.437,,2026-08-13
of3_holo_KEAP1_5fc55e95,KEAP1,af3_holo_iptm,0.764,0.489,,2026-08-02
of3_holo_DNM1L_a766efc7,DNM1L,af3_holo_iptm,0.764,0.434,,2026-08-11
of3_holo_DNM1L_a7e3020e,DNM1L,af3_holo_iptm,0.764,0.442,,2026-08-11
of3_holo_DNM1L_2c0b7ddf,DNM1L,af3_holo_iptm,0.764,0.423,,2026-08-15
of3_holo_DNM1L_595bfd78,DNM1L,af3_holo_iptm,0.763,0.468,,2026-08-15
of3_holo_DNM1L_5c78d198,DNM1L,af3_holo_iptm,0.763,0.476,,2026-08-15
of3_holo_DNM1L_322f33ef,DNM1L,af3_holo_iptm,0.763,0.438,,2026-08-12
of3_holo_DNM1L_81494d6f,DNM1L,af3_holo_iptm,0.763,0.446,,2026-08-15
of3_holo_DNM1L_cc3e6c90,DNM1L,af3_holo_iptm,0.763,0.419,,2026-08-15
of3_holo_DNM1L_b1c432dc,DNM1L,af3_holo_iptm,0.763,0.443,,2026-08-11
of3_holo_DNM1L_dd0fba38,DNM1L,af3_holo_iptm,0.763,0.428,,2026-08-12
of3_holo_DNM1L_959be0d9,DNM1L,af3_holo_iptm,0.763,0.461,,2026-08-16
of3_holo_DNM1L_e7f6382a,DNM1L,af3_holo_iptm,0.763,0.467,,2026-08-13
of3_holo_DNM1L_02033915,DNM1L,af3_holo_iptm,0.763,0.451,,2026-08-16
of3_holo_DNM1L_c2c60750,DNM1L,af3_holo_iptm,0.763,0.435,,2026-08-16
of3_holo_DNM1L_0d4d49b5,DNM1L,af3_holo_iptm,0.763,0.447,,2026-08-12
of3_holo_DNM1L_2daa8600,DNM1L,af3_holo_iptm,0.763,0.450,,2026-08-12
of3_holo_DNM1L_28f31f4c,DNM1L,af3_holo_iptm,0.763,0.451,,2026-08-12
of3_holo_DNM1L_8459eb14,DNM1L,af3_holo_iptm,0.763,0.462,,2026-08-11
of3_holo_DNM1L_b92b59c0,DNM1L,af3_holo_iptm,0.763,0.411,,2026-08-12
of3_holo_DNM1L_c23a8398,DNM1L,af3_holo_iptm,0.763,0.441,,2026-08-16
of3_holo_DNM1L_76f55dd4,DNM1L,af3_holo_iptm,0.763,0.470,,2026-08-12
of3_holo_DNM1L_fa56e6bb,DNM1L,af3_holo_iptm,0.763,0.475,,2026-08-12
of3_holo_DNM1L_96a0db4e,DNM1L,af3_holo_iptm,0.763,0.421,,2026-08-12
of3_holo_DNM1L_9190d2da,DNM1L,af3_holo_iptm,0.763,0.470,,2026-08-14
of3_holo_DNM1L_4b1ca4d2,DNM1L,af3_holo_iptm,0.763,0.425,,2026-08-11
of3_holo_DNM1L_9cce0292,DNM1L,af3_holo_iptm,0.762,0.492,,2026-08-16
of3_holo_KEAP1_ffb3b7db,KEAP1,af3_holo_iptm,0.762,0.496,,2026-07-31
of3_holo_DNM1L_243a19f2,DNM1L,af3_holo_iptm,0.762,0.438,,2026-08-15
of3_holo_DNM1L_4481bf5c,DNM1L,af3_holo_iptm,0.762,0.461,,2026-08-14
of3_holo_DNM1L_1d188a17,DNM1L,af3_holo_iptm,0.762,0.420,,2026-08-12
of3_holo_DNM1L_91a4f4c2,DNM1L,af3_holo_iptm,0.762,0.501,,2026-08-15
of3_holo_DNM1L_ac63a017,DNM1L,af3_holo_iptm,0.762,0.463,,2026-08-14
of3_holo_DNM1L_10a32f84,DNM1L,af3_holo_iptm,0.762,0.455,,2026-08-16
of3_holo_DNM1L_ca4a12cc,DNM1L,af3_holo_iptm,0.762,0.455,,2026-08-16
of3_holo_DNM1L_c145cbf7,DNM1L,af3_holo_iptm,0.762,0.466,,2026-08-15
of3_holo_DNM1L_e100a933,DNM1L,af3_holo_iptm,0.762,0.450,,2026-08-16
of3_holo_DNM1L_7a9529b6,DNM1L,af3_holo_iptm,0.762,0.437,,2026-08-16
of3_holo_DNM1L_97e6dbba,DNM1L,af3_holo_iptm,0.762,0.461,,2026-08-12
of3_holo_DNM1L_8a862d23,DNM1L,af3_holo_iptm,0.762,0.455,,2026-08-13
of3_holo_DNM1L_24871b27,DNM1L,af3_holo_iptm,0.762,0.436,,2026-08-12
of3_holo_DNM1L_080ea713,DNM1L,af3_holo_iptm,0.762,0.457,,2026-08-16
of3_holo_DNM1L_3112dd5d,DNM1L,af3_holo_iptm,0.761,0.478,,2026-08-16
of3_holo_DNM1L_08417fb5,DNM1L,af3_holo_iptm,0.761,0.490,,2026-08-14
of3_holo_DNM1L_ae3ee7de,DNM1L,af3_holo_iptm,0.761,0.477,,2026-08-16
of3_holo_DNM1L_b6f1ebe0,DNM1L,af3_holo_iptm,0.761,0.431,,2026-08-15
of3_holo_DNM1L_cbb4f817,DNM1L,af3_holo_iptm,0.761,0.471,,2026-08-13
of3_holo_DNM1L_c40407d4,DNM1L,af3_holo_iptm,0.761,0.474,,2026-08-15
of3_holo_DNM1L_1204c096,DNM1L,af3_holo_iptm,0.761,0.468,,2026-08-11
of3_holo_DNM1L_dd440f94,DNM1L,af3_holo_iptm,0.761,0.443,,2026-08-16
of3_holo_DNM1L_91f126bb,DNM1L,af3_holo_iptm,0.761,0.428,,2026-08-16
of3_holo_DNM1L_3b2db1be,DNM1L,af3_holo_iptm,0.761,0.481,,2026-08-16
of3_holo_DNM1L_d0f45597,DNM1L,af3_holo_iptm,0.761,0.462,,2026-08-12
of3_holo_DNM1L_88974d60,DNM1L,af3_holo_iptm,0.761,0.474,,2026-08-16
of3_holo_DNM1L_88f0d81d,DNM1L,af3_holo_iptm,0.760,0.436,,2026-08-11
of3_holo_DNM1L_2912aac6,DNM1L,af3_holo_iptm,0.760,0.422,,2026-08-11
of3_holo_DNM1L_b625b6d5,DNM1L,af3_holo_iptm,0.760,0.436,,2026-08-16
of3_holo_KEAP1_3d9f6b14,KEAP1,af3_holo_iptm,0.760,0.506,,2026-07-29
of3_holo_DNM1L_5c7575c8,DNM1L,af3_holo_iptm,0.760,0.430,,2026-08-12
of3_holo_DNM1L_7c593eb9,DNM1L,af3_holo_iptm,0.760,0.447,,2026-08-12
of3_holo_DNM1L_9b892dcf,DNM1L,af3_holo_iptm,0.760,0.454,,2026-08-15
44_mapk13_x_atf2,"",af3_iptm,0.760,0.480,0.970,2026-06-12
lrp4_435_697_x_sostdc1_none_none,"",af3_iptm,0.760,0.600,0.860,2026-07-29
56_mapk11_x_mknk1,"",af3_iptm,0.760,0.500,0.790,2026-06-10
29_strap_x_gemin7,"",af3_iptm,0.760,0.690,0.850,2026-06-14
41_mapt_x_fyn_82_150,"",af3_iptm,0.760,0.180,1.100,2026-06-12
mtor_1382_1982_x_mtor_2001_2251,"",af3_iptm,0.760,0.720,0.790,2026-07-15
44_mapk13_x_atf2,"",af3_iptm,0.760,0.480,0.970,2026-06-14
56_mapk11_x_mknk1,"",af3_iptm,0.760,0.500,0.790,2026-06-12
limk2_none_none_x_cfl2_none_none,"",af3_iptm,0.760,0.600,0.790,2026-07-15
41_mapt_x_fyn_82_150,"",af3_iptm,0.760,0.180,1.100,2026-06-10
gfra3_x_ret,"",af3_iptm,0.760,0.800,0.780,2026-07-03
a_x_b_7d0918b9,"",af3_iptm,0.760,0.870,0.790,2026-08-01
38_hdac2_x_mta1_160_470,"",af3_iptm,0.760,0.720,0.910,2026-06-05
limk1_none_none_x_cfl1_none_none,"",af3_iptm,0.760,0.610,0.790,2026-07-15
hif1a_x_vhl,"",af3_iptm,0.760,0.700,0.930,2026-06-29
agrn_lg3z19_x_lrp4_bp3_s7,"",af3_iptm,0.760,0.800,0.790,2026-08-10
binder7351_lrp4_x_lrp4_beta1_prop_435_697,"",af3_iptm,0.760,0.880,0.780,2026-07-21
a_x_b_ad99baac,"",af3_iptm,0.760,0.820,0.780,2026-07-31
of3_holo_DNM1L_bf2a54ad,DNM1L,af3_holo_iptm,0.760,0.463,,2026-08-11
of3_holo_DNM1L_289504dd,DNM1L,af3_holo_iptm,0.760,0.443,,2026-08-16
of3_holo_DNM1L_7c808559,DNM1L,af3_holo_iptm,0.760,0.439,,2026-08-15
of3_holo_DNM1L_4c257555,DNM1L,af3_holo_iptm,0.760,0.421,,2026-08-12
of3_holo_DNM1L_195c1499,DNM1L,af3_holo_iptm,0.760,0.452,,2026-08-12
of3_holo_DNM1L_612ac886,DNM1L,af3_holo_iptm,0.760,0.478,,2026-08-16
of3_holo_DNM1L_2c7eb3e7,DNM1L,af3_holo_iptm,0.760,0.459,,2026-08-15
of3_holo_DNM1L_c7cf4c9c,DNM1L,af3_holo_iptm,0.759,0.482,,2026-08-12
of3_holo_DNM1L_ffd95fad,DNM1L,af3_holo_iptm,0.759,0.467,,2026-08-12
of3_holo_DNM1L_488cad02,DNM1L,af3_holo_iptm,0.759,0.473,,2026-08-15
of3_holo_DNM1L_0574b292,DNM1L,af3_holo_iptm,0.759,0.472,,2026-08-16
of3_holo_KEAP1_c87c75db,KEAP1,af3_holo_iptm,0.759,0.496,,2026-07-29
of3_holo_DNM1L_ad130b96,DNM1L,af3_holo_iptm,0.759,0.430,,2026-08-14
of3_holo_DNM1L_d2a71694,DNM1L,af3_holo_iptm,0.759,0.418,,2026-08-12
of3_holo_DNM1L_5fb453ae,DNM1L,af3_holo_iptm,0.759,0.436,,2026-08-15
of3_holo_DNM1L_23ef088f,DNM1L,af3_holo_iptm,0.759,0.438,,2026-08-11
of3_holo_DNM1L_9eaaaaf6,DNM1L,af3_holo_iptm,0.759,0.462,,2026-08-12
of3_holo_DNM1L_81d7bd76,DNM1L,af3_holo_iptm,0.759,0.493,,2026-08-11
of3_holo_DNM1L_d8f39736,DNM1L,af3_holo_iptm,0.759,0.444,,2026-08-14
of3_holo_DNM1L_98d48778,DNM1L,af3_holo_iptm,0.759,0.462,,2026-08-15
of3_holo_DNM1L_eb293b82,DNM1L,af3_holo_iptm,0.759,0.445,,2026-08-16
of3_holo_DNM1L_c8647665,DNM1L,af3_holo_iptm,0.759,0.456,,2026-08-12
of3_holo_DNM1L_2b31a2f4,DNM1L,af3_holo_iptm,0.759,0.465,,2026-08-15
of3_holo_DNM1L_6035089a,DNM1L,af3_holo_iptm,0.759,0.452,,2026-08-12
of3_holo_DNM1L_bbfae6b7,DNM1L,af3_holo_iptm,0.759,0.443,,2026-08-16
of3_holo_DNM1L_b1197241,DNM1L,af3_holo_iptm,0.759,0.464,,2026-08-15
of3_holo_DNM1L_0680bd1e,DNM1L,af3_holo_iptm,0.758,0.473,,2026-08-12
of3_holo_DNM1L_ef1d50ec,DNM1L,af3_holo_iptm,0.758,0.482,,2026-08-15
of3_holo_DNM1L_00fb1902,DNM1L,af3_holo_iptm,0.758,0.465,,2026-08-13
of3_holo_DNM1L_bde46f12,DNM1L,af3_holo_iptm,0.758,0.479,,2026-08-13
of3_holo_DNM1L_b3940dc8,DNM1L,af3_holo_iptm,0.758,0.434,,2026-08-12
of3_holo_DNM1L_1e4d0e7a,DNM1L,af3_holo_iptm,0.758,0.487,,2026-08-16
of3_holo_DNM1L_04235b75,DNM1L,af3_holo_iptm,0.758,0.446,,2026-08-14
of3_holo_DNM1L_b591aaeb,DNM1L,af3_holo_iptm,0.758,0.468,,2026-08-16
of3_holo_DNM1L_84ed642d,DNM1L,af3_holo_iptm,0.758,0.451,,2026-08-15
of3_holo_KEAP1_d04ef22f,KEAP1,af3_holo_iptm,0.758,0.842,,2026-07-29
of3_holo_DNM1L_94919a9f,DNM1L,af3_holo_iptm,0.758,0.435,,2026-08-11
of3_holo_DNM1L_d019ed06,DNM1L,af3_holo_iptm,0.758,0.433,,2026-08-13
of3_holo_DNM1L_5336961e,DNM1L,af3_holo_iptm,0.758,0.440,,2026-08-14
of3_holo_DNM1L_9226c568,DNM1L,af3_holo_iptm,0.758,0.433,,2026-08-16
of3_holo_DNM1L_f42f2baa,DNM1L,af3_holo_iptm,0.758,0.447,,2026-08-11
of3_holo_DNM1L_79a70d86,DNM1L,af3_holo_iptm,0.758,0.454,,2026-08-15
of3_holo_DNM1L_379bf5ff,DNM1L,af3_holo_iptm,0.758,0.488,,2026-08-12
of3_holo_DNM1L_bbf21eff,DNM1L,af3_holo_iptm,0.758,0.444,,2026-08-14
of3_holo_DNM1L_d7b455c3,DNM1L,af3_holo_iptm,0.757,0.421,,2026-08-11
of3_holo_DNM1L_fb79c3b8,DNM1L,af3_holo_iptm,0.757,0.436,,2026-08-12
of3_holo_DNM1L_e8171c2d,DNM1L,af3_holo_iptm,0.757,0.489,,2026-08-12
of3_holo_DNM1L_433b36b1,DNM1L,af3_holo_iptm,0.757,0.483,,2026-08-13
of3_holo_DNM1L_d7d2c126,DNM1L,af3_holo_iptm,0.757,0.461,,2026-08-13
of3_holo_DNM1L_e2b61ac3,DNM1L,af3_holo_iptm,0.757,0.449,,2026-08-11
of3_holo_KEAP1_9001b233,KEAP1,af3_holo_iptm,0.757,0.498,,2026-07-29
of3_holo_DNM1L_d282d929,DNM1L,af3_holo_iptm,0.757,0.459,,2026-08-12
of3_holo_KEAP1_f4d126ef,KEAP1,af3_holo_iptm,0.757,0.490,,2026-08-02
of3_holo_DNM1L_b9834f7d,DNM1L,af3_holo_iptm,0.757,0.451,,2026-08-12
of3_holo_DNM1L_0b3d96ff,DNM1L,af3_holo_iptm,0.757,0.477,,2026-08-15
of3_holo_DNM1L_c3947b1f,DNM1L,af3_holo_iptm,0.757,0.431,,2026-08-12
of3_holo_DNM1L_d759d356,DNM1L,af3_holo_iptm,0.757,0.470,,2026-08-12
of3_holo_DNM1L_bde8b047,DNM1L,af3_holo_iptm,0.757,0.512,,2026-08-14
of3_holo_DNM1L_c17ae8c3,DNM1L,af3_holo_iptm,0.757,0.471,,2026-08-13
of3_holo_DNM1L_4600c2c0,DNM1L,af3_holo_iptm,0.757,0.440,,2026-08-12
of3_holo_DNM1L_07a9ceff,DNM1L,af3_holo_iptm,0.757,0.456,,2026-08-12
of3_holo_DNM1L_4818f1d7,DNM1L,af3_holo_iptm,0.757,0.456,,2026-08-16
of3_holo_DNM1L_851f335e,DNM1L,af3_holo_iptm,0.757,0.434,,2026-08-13
of3_holo_DNM1L_4845a1a4,DNM1L,af3_holo_iptm,0.757,0.446,,2026-08-12
of3_holo_DNM1L_05995b03,DNM1L,af3_holo_iptm,0.757,0.445,,2026-08-11
of3_holo_DNM1L_c322915a,DNM1L,af3_holo_iptm,0.757,0.487,,2026-08-12
of3_holo_DNM1L_3498f55b,DNM1L,af3_holo_iptm,0.757,0.475,,2026-08-14
of3_holo_DNM1L_bf8d3636,DNM1L,af3_holo_iptm,0.757,0.449,,2026-08-12
of3_holo_DNM1L_0200da29,DNM1L,af3_holo_iptm,0.757,0.450,,2026-08-14
of3_holo_DNM1L_42aba195,DNM1L,af3_holo_iptm,0.757,0.482,,2026-08-15
of3_holo_DNM1L_f9c92a6e,DNM1L,af3_holo_iptm,0.757,0.457,,2026-08-14
of3_holo_DNM1L_0d5c409a,DNM1L,af3_holo_iptm,0.757,0.439,,2026-08-15
of3_holo_DNM1L_92c43900,DNM1L,af3_holo_iptm,0.757,0.446,,2026-08-16
of3_holo_DNM1L_55e40afb,DNM1L,af3_holo_iptm,0.756,0.485,,2026-08-15
of3_holo_DNM1L_9347cc51,DNM1L,af3_holo_iptm,0.756,0.446,,2026-08-14
of3_holo_DNM1L_03b90fec,DNM1L,af3_holo_iptm,0.756,0.484,,2026-08-15
of3_holo_DNM1L_54e54bc7,DNM1L,af3_holo_iptm,0.756,0.485,,2026-08-16
of3_holo_DNM1L_deebe95e,DNM1L,af3_holo_iptm,0.756,0.495,,2026-08-13
of3_holo_DNM1L_ba50ca8f,DNM1L,af3_holo_iptm,0.756,0.436,,2026-08-15
of3_holo_DNM1L_fe9b6141,DNM1L,af3_holo_iptm,0.756,0.442,,2026-08-13
of3_holo_DNM1L_8a19abf6,DNM1L,af3_holo_iptm,0.756,0.443,,2026-08-16
of3_holo_DNM1L_63562d18,DNM1L,af3_holo_iptm,0.756,0.515,,2026-08-14
of3_holo_DNM1L_e10b4dea,DNM1L,af3_holo_iptm,0.756,0.473,,2026-08-11
of3_holo_DNM1L_43e9c7d0,DNM1L,af3_holo_iptm,0.756,0.469,,2026-08-12
of3_holo_DNM1L_72bb8cbe,DNM1L,af3_holo_iptm,0.756,0.447,,2026-08-11
of3_holo_DNM1L_5ebdae41,DNM1L,af3_holo_iptm,0.756,0.460,,2026-08-12
of3_holo_DNM1L_a7b0afd2,DNM1L,af3_holo_iptm,0.756,0.434,,2026-08-12
of3_holo_DNM1L_2be23ac0,DNM1L,af3_holo_iptm,0.756,0.491,,2026-08-15
of3_holo_DNM1L_35140fc5,DNM1L,af3_holo_iptm,0.756,0.462,,2026-08-15
of3_holo_DNM1L_20742a51,DNM1L,af3_holo_iptm,0.755,0.455,,2026-08-12
of3_holo_DNM1L_a96613d9,DNM1L,af3_holo_iptm,0.755,0.444,,2026-08-11
of3_holo_DNM1L_59c4f7fe,DNM1L,af3_holo_iptm,0.755,0.445,,2026-08-15
of3_holo_DNM1L_a404f969,DNM1L,af3_holo_iptm,0.755,0.481,,2026-08-15
of3_holo_DNM1L_590aa636,DNM1L,af3_holo_iptm,0.755,0.492,,2026-08-11
of3_holo_DNM1L_84c9a1f7,DNM1L,af3_holo_iptm,0.755,0.465,,2026-08-16
of3_holo_DNM1L_50e9fd0b,DNM1L,af3_holo_iptm,0.755,0.468,,2026-08-15
of3_holo_DNM1L_a331dc05,DNM1L,af3_holo_iptm,0.755,0.492,,2026-08-12
of3_holo_DNM1L_5ad46a5b,DNM1L,af3_holo_iptm,0.755,0.451,,2026-08-14
of3_holo_DNM1L_f06aa05f,DNM1L,af3_holo_iptm,0.755,0.464,,2026-08-12
of3_holo_KEAP1_de4cd96d,KEAP1,af3_holo_iptm,0.755,0.496,,2026-07-29
of3_holo_DNM1L_3eb39a23,DNM1L,af3_holo_iptm,0.755,0.466,,2026-08-12
of3_holo_DNM1L_4eef8aad,DNM1L,af3_holo_iptm,0.755,0.482,,2026-08-16
of3_holo_DNM1L_ae188849,DNM1L,af3_holo_iptm,0.755,0.475,,2026-08-11
of3_holo_DNM1L_af70b436,DNM1L,af3_holo_iptm,0.755,0.464,,2026-08-12
of3_holo_DNM1L_cbddca9d,DNM1L,af3_holo_iptm,0.755,0.471,,2026-08-11
of3_holo_DNM1L_b7328e71,DNM1L,af3_holo_iptm,0.755,0.442,,2026-08-12
of3_holo_DNM1L_41c1164f,DNM1L,af3_holo_iptm,0.755,0.435,,2026-08-14
of3_holo_DNM1L_eb869e0b,DNM1L,af3_holo_iptm,0.755,0.472,,2026-08-15
of3_holo_DNM1L_4b5f5007,DNM1L,af3_holo_iptm,0.755,0.486,,2026-08-11
of3_holo_DNM1L_d4e72427,DNM1L,af3_holo_iptm,0.754,0.459,,2026-08-14
of3_holo_DNM1L_0f687b03,DNM1L,af3_holo_iptm,0.754,0.458,,2026-08-12
of3_holo_DNM1L_31067de9,DNM1L,af3_holo_iptm,0.754,0.491,,2026-08-16
of3_holo_DNM1L_c4e9f30e,DNM1L,af3_holo_iptm,0.754,0.492,,2026-08-15
of3_holo_DNM1L_e877fea6,DNM1L,af3_holo_iptm,0.754,0.435,,2026-08-15
of3_holo_DNM1L_cf62258e,DNM1L,af3_holo_iptm,0.754,0.474,,2026-08-16
of3_holo_DNM1L_a026f2bf,DNM1L,af3_holo_iptm,0.754,0.461,,2026-08-16
of3_holo_DNM1L_abf68169,DNM1L,af3_holo_iptm,0.754,0.446,,2026-08-15
of3_holo_DNM1L_9b5bb94f,DNM1L,af3_holo_iptm,0.754,0.459,,2026-08-16
of3_holo_DNM1L_0fd49c4d,DNM1L,af3_holo_iptm,0.754,0.426,,2026-08-15
of3_holo_DNM1L_2bcf40fd,DNM1L,af3_holo_iptm,0.754,0.450,,2026-08-15
of3_holo_DNM1L_b1ce43ab,DNM1L,af3_holo_iptm,0.754,0.457,,2026-08-11
of3_holo_DNM1L_db1c7873,DNM1L,af3_holo_iptm,0.754,0.452,,2026-08-12
of3_holo_DNM1L_40895819,DNM1L,af3_holo_iptm,0.753,0.454,,2026-08-15
of3_holo_DNM1L_1093b6e0,DNM1L,af3_holo_iptm,0.753,0.451,,2026-08-12
of3_holo_DNM1L_531347e9,DNM1L,af3_holo_iptm,0.753,0.466,,2026-08-16
of3_holo_DNM1L_7139f61b,DNM1L,af3_holo_iptm,0.753,0.442,,2026-08-16
of3_holo_DNM1L_b70a9a8b,DNM1L,af3_holo_iptm,0.753,0.463,,2026-08-16
of3_holo_DNM1L_f8ffa578,DNM1L,af3_holo_iptm,0.753,0.420,,2026-08-12
of3_holo_DNM1L_ea5b9b15,DNM1L,af3_holo_iptm,0.753,0.429,,2026-08-11
of3_holo_DNM1L_68ef9ce1,DNM1L,af3_holo_iptm,0.753,0.452,,2026-08-16
of3_holo_DNM1L_ddf7aa99,DNM1L,af3_holo_iptm,0.753,0.462,,2026-08-11
of3_holo_DNM1L_838623c2,DNM1L,af3_holo_iptm,0.753,0.450,,2026-08-13
of3_holo_DNM1L_e7fcf93e,DNM1L,af3_holo_iptm,0.753,0.463,,2026-08-15
of3_holo_DNM1L_1a8d817b,DNM1L,af3_holo_iptm,0.753,0.440,,2026-08-15
of3_holo_DNM1L_61f35042,DNM1L,af3_holo_iptm,0.753,0.471,,2026-08-16
of3_holo_DNM1L_34270420,DNM1L,af3_holo_iptm,0.753,0.450,,2026-08-12
of3_holo_DNM1L_fbc0b014,DNM1L,af3_holo_iptm,0.753,0.478,,2026-08-15
of3_holo_DNM1L_52e17092,DNM1L,af3_holo_iptm,0.753,0.424,,2026-08-12
of3_holo_DNM1L_feccf2b6,DNM1L,af3_holo_iptm,0.752,0.441,,2026-08-11
of3_holo_DNM1L_ddf07a3e,DNM1L,af3_holo_iptm,0.752,0.426,,2026-08-11
of3_holo_DNM1L_6fa1847c,DNM1L,af3_holo_iptm,0.752,0.487,,2026-08-12
of3_holo_DNM1L_fd691a53,DNM1L,af3_holo_iptm,0.752,0.446,,2026-08-16
of3_holo_DNM1L_d992a3f2,DNM1L,af3_holo_iptm,0.752,0.479,,2026-08-16
of3_holo_DNM1L_abafbcc3,DNM1L,af3_holo_iptm,0.752,0.440,,2026-08-12
of3_holo_DNM1L_5038d6fe,DNM1L,af3_holo_iptm,0.752,0.460,,2026-08-14
of3_holo_DNM1L_be3eebb2,DNM1L,af3_holo_iptm,0.752,0.435,,2026-08-16
of3_holo_DNM1L_9cfcb546,DNM1L,af3_holo_iptm,0.752,0.422,,2026-08-12
of3_holo_DNM1L_75264bef,DNM1L,af3_holo_iptm,0.752,0.437,,2026-08-11
of3_holo_DNM1L_9559e44b,DNM1L,af3_holo_iptm,0.752,0.440,,2026-08-11
of3_holo_DNM1L_3ccb3880,DNM1L,af3_holo_iptm,0.752,0.438,,2026-08-15
of3_holo_DNM1L_905876c6,DNM1L,af3_holo_iptm,0.752,0.453,,2026-08-11
of3_holo_DNM1L_f232d8a8,DNM1L,af3_holo_iptm,0.752,0.484,,2026-08-15
of3_holo_DNM1L_34f2c297,DNM1L,af3_holo_iptm,0.752,0.456,,2026-08-16
of3_holo_DNM1L_12d4d942,DNM1L,af3_holo_iptm,0.752,0.455,,2026-08-11
of3_holo_DNM1L_dbdc011a,DNM1L,af3_holo_iptm,0.752,0.441,,2026-08-16
of3_holo_KEAP1_2eb5f83e,KEAP1,af3_holo_iptm,0.752,0.498,,2026-08-02
of3_holo_DNM1L_c7e837fd,DNM1L,af3_holo_iptm,0.752,0.443,,2026-08-11
of3_holo_DNM1L_e2c2aeb0,DNM1L,af3_holo_iptm,0.752,0.443,,2026-08-12
of3_holo_DNM1L_758e1939,DNM1L,af3_holo_iptm,0.752,0.471,,2026-08-12
of3_holo_DNM1L_bcf8a93c,DNM1L,af3_holo_iptm,0.752,0.470,,2026-08-11
of3_holo_DNM1L_50cef15e,DNM1L,af3_holo_iptm,0.752,0.488,,2026-08-16
of3_holo_DNM1L_3297f8e6,DNM1L,af3_holo_iptm,0.752,0.438,,2026-08-16
of3_holo_DNM1L_096b39f8,DNM1L,af3_holo_iptm,0.752,0.478,,2026-08-12
of3_holo_DNM1L_e1fb41ee,DNM1L,af3_holo_iptm,0.752,0.443,,2026-08-15
of3_holo_DNM1L_b7dd0e3a,DNM1L,af3_holo_iptm,0.752,0.437,,2026-08-11
of3_holo_DNM1L_647a899d,DNM1L,af3_holo_iptm,0.751,0.476,,2026-08-16
of3_holo_KEAP1_0f0cc3d2,KEAP1,af3_holo_iptm,0.751,0.507,,2026-07-29
of3_holo_DNM1L_e5697b9e,DNM1L,af3_holo_iptm,0.751,0.452,,2026-08-12
of3_holo_DNM1L_d08194e3,DNM1L,af3_holo_iptm,0.751,0.469,,2026-08-15
of3_holo_DNM1L_5d7918fb,DNM1L,af3_holo_iptm,0.751,0.482,,2026-08-15
of3_holo_DNM1L_958990e7,DNM1L,af3_holo_iptm,0.751,0.474,,2026-08-15
of3_holo_DNM1L_61cb8198,DNM1L,af3_holo_iptm,0.751,0.459,,2026-08-16
of3_holo_DNM1L_9efd6820,DNM1L,af3_holo_iptm,0.751,0.433,,2026-08-14
of3_holo_DNM1L_c0817bac,DNM1L,af3_holo_iptm,0.751,0.422,,2026-08-16
of3_holo_DNM1L_4283a8e3,DNM1L,af3_holo_iptm,0.751,0.450,,2026-08-12
of3_holo_DNM1L_98381571,DNM1L,af3_holo_iptm,0.751,0.445,,2026-08-16
of3_holo_DNM1L_8465548e,DNM1L,af3_holo_iptm,0.751,0.480,,2026-08-11
of3_holo_DNM1L_a8e77de6,DNM1L,af3_holo_iptm,0.751,0.474,,2026-08-12
of3_holo_DNM1L_562d616d,DNM1L,af3_holo_iptm,0.751,0.436,,2026-08-16
of3_holo_DNM1L_50fc8bf4,DNM1L,af3_holo_iptm,0.751,0.443,,2026-08-11
of3_holo_DNM1L_0f84b6cd,DNM1L,af3_holo_iptm,0.751,0.443,,2026-08-11
of3_holo_DNM1L_f92b5fb5,DNM1L,af3_holo_iptm,0.751,0.424,,2026-08-12
of3_holo_DNM1L_ebfbb0dd,DNM1L,af3_holo_iptm,0.751,0.424,,2026-08-16
of3_holo_DNM1L_85355386,DNM1L,af3_holo_iptm,0.751,0.450,,2026-08-15
of3_holo_DNM1L_d8578f8a,DNM1L,af3_holo_iptm,0.751,0.464,,2026-08-12
of3_holo_DNM1L_c93d5efd,DNM1L,af3_holo_iptm,0.751,0.452,,2026-08-15
of3_holo_DNM1L_6b6e9730,DNM1L,af3_holo_iptm,0.751,0.487,,2026-08-16
of3_holo_DNM1L_0904a040,DNM1L,af3_holo_iptm,0.750,0.416,,2026-08-16
of3_holo_DNM1L_d0dc2b0d,DNM1L,af3_holo_iptm,0.750,0.474,,2026-08-15
of3_holo_DNM1L_506d67c1,DNM1L,af3_holo_iptm,0.750,0.417,,2026-08-15
of3_holo_DNM1L_5977da70,DNM1L,af3_holo_iptm,0.750,0.481,,2026-08-11
of3_holo_DNM1L_5b086c32,DNM1L,af3_holo_iptm,0.750,0.442,,2026-08-14
of3_holo_DNM1L_f4ed1228,DNM1L,af3_holo_iptm,0.750,0.439,,2026-08-14
of3_holo_DNM1L_efcd01c8,DNM1L,af3_holo_iptm,0.750,0.477,,2026-08-16
of3_holo_DNM1L_f6500881,DNM1L,af3_holo_iptm,0.750,0.454,,2026-08-14
binder5930_lrp4_x_lrp4_beta1_prop_435_697,"",af3_iptm,0.750,0.870,0.780,2026-07-22
limk2_none_none_x_cfl1_none_none,"",af3_iptm,0.750,0.610,0.790,2026-07-15
23_mapk3_x_mknk2,"",af3_iptm,0.750,0.500,0.800,2026-06-10
17_hdac1_x_sin3a_440_860,"",af3_iptm,0.750,0.700,0.850,2026-06-14
35_mapk14_x_rps6ka4,"",af3_iptm,0.750,0.430,0.720,2026-06-14
36_hdac2_x_sin3a_440_860,"",af3_iptm,0.750,0.700,0.850,2026-06-05
rictor_126_376_x_mtor_2001_2251,"",af3_iptm,0.750,0.770,0.770,2026-07-26
prkaa1_1_550_x_prkag1_none_none,"",af3_iptm,0.750,0.660,0.820,2026-07-30
15_mapk14_x_dusp16_1_400,"",af3_iptm,0.750,0.730,0.830,2026-06-10
55_raf1_320_648_x_map2k2,"",af3_iptm,0.750,0.750,0.830,2026-06-12
ldha_1_332_nap,LDHA,af3_iptm,0.750,0.910,0.800,2026-08-05
gdnf_x_gfra1_lbd,"",af3_iptm,0.750,0.590,0.910,2026-05-16
55_raf1_320_648_x_map2k2,"",af3_iptm,0.750,0.750,0.830,2026-06-10
ctrl_pos_prkaa1_prkag1,"",af3_iptm,0.750,0.630,0.820,2026-07-31
64_sarm1_x_sarm1,"",af3_iptm,0.750,0.780,0.810,2026-06-19
binder6209_lrp4_x_lrp4_beta1_prop_435_697,"",af3_iptm,0.750,0.720,0.740,2026-07-22
of3_holo_DNM1L_edb86408,DNM1L,af3_holo_iptm,0.750,0.458,,2026-08-15
of3_holo_DNM1L_4e70ad82,DNM1L,af3_holo_iptm,0.750,0.467,,2026-08-12
of3_holo_DNM1L_c59dd57a,DNM1L,af3_holo_iptm,0.750,0.451,,2026-08-16
of3_holo_DNM1L_c76beb4a,DNM1L,af3_holo_iptm,0.750,0.448,,2026-08-11
of3_holo_DNM1L_41f12b5e,DNM1L,af3_holo_iptm,0.750,0.454,,2026-08-15
of3_holo_DNM1L_5ff4526d,DNM1L,af3_holo_iptm,0.750,0.447,,2026-08-11
of3_holo_DNM1L_b545e329,DNM1L,af3_holo_iptm,0.750,0.470,,2026-08-12
of3_holo_DNM1L_d2a9461e,DNM1L,af3_holo_iptm,0.750,0.468,,2026-08-15
of3_holo_DNM1L_2992a6ed,DNM1L,af3_holo_iptm,0.750,0.432,,2026-08-12
of3_holo_DNM1L_220b65d5,DNM1L,af3_holo_iptm,0.750,0.476,,2026-08-12
of3_holo_DNM1L_0af3d7e9,DNM1L,af3_holo_iptm,0.750,0.470,,2026-08-12
of3_holo_DNM1L_649693df,DNM1L,af3_holo_iptm,0.750,0.452,,2026-08-16
of3_holo_DNM1L_b28b85b0,DNM1L,af3_holo_iptm,0.750,0.440,,2026-08-15
of3_holo_DNM1L_1d51e76c,DNM1L,af3_holo_iptm,0.750,0.497,,2026-08-12
of3_holo_DNM1L_8b51c359,DNM1L,af3_holo_iptm,0.750,0.487,,2026-08-12
of3_holo_DNM1L_4e50b858,DNM1L,af3_holo_iptm,0.750,0.440,,2026-08-16
of3_holo_DNM1L_ee54c382,DNM1L,af3_holo_iptm,0.750,0.461,,2026-08-13
of3_holo_DNM1L_5d83f4c0,DNM1L,af3_holo_iptm,0.750,0.487,,2026-08-11
of3_holo_DNM1L_592b5875,DNM1L,af3_holo_iptm,0.749,0.477,,2026-08-16
of3_holo_DNM1L_8ce39013,DNM1L,af3_holo_iptm,0.749,0.487,,2026-08-11
of3_holo_DNM1L_e0092ce5,DNM1L,af3_holo_iptm,0.749,0.453,,2026-08-13
of3_holo_DNM1L_7f7204b5,DNM1L,af3_holo_iptm,0.749,0.450,,2026-08-16
of3_holo_DNM1L_f41e39b3,DNM1L,af3_holo_iptm,0.749,0.444,,2026-08-15
of3_holo_DNM1L_ddfa4a55,DNM1L,af3_holo_iptm,0.749,0.450,,2026-08-16
of3_holo_DNM1L_167eb6de,DNM1L,af3_holo_iptm,0.749,0.473,,2026-08-14
of3_holo_DNM1L_d7ad3058,DNM1L,af3_holo_iptm,0.749,0.440,,2026-08-12
of3_holo_DNM1L_ed30a87a,DNM1L,af3_holo_iptm,0.749,0.468,,2026-08-15
of3_holo_DNM1L_3d26ce86,DNM1L,af3_holo_iptm,0.749,0.416,,2026-08-12
of3_holo_DNM1L_6b2a64af,DNM1L,af3_holo_iptm,0.749,0.458,,2026-08-16
of3_holo_DNM1L_837d8705,DNM1L,af3_holo_iptm,0.749,0.440,,2026-08-11
of3_holo_DNM1L_f58d4bf5,DNM1L,af3_holo_iptm,0.749,0.459,,2026-08-15
of3_holo_DNM1L_9015c158,DNM1L,af3_holo_iptm,0.749,0.460,,2026-08-12
of3_holo_DNM1L_b84ca634,DNM1L,af3_holo_iptm,0.749,0.449,,2026-08-12
of3_holo_DNM1L_e4d89b1a,DNM1L,af3_holo_iptm,0.749,0.458,,2026-08-16
of3_holo_DNM1L_9ce381e1,DNM1L,af3_holo_iptm,0.749,0.418,,2026-08-11
of3_holo_DNM1L_db8fee20,DNM1L,af3_holo_iptm,0.749,0.444,,2026-08-15
of3_holo_DNM1L_758132ed,DNM1L,af3_holo_iptm,0.748,0.445,,2026-08-12
of3_holo_DNM1L_53e72825,DNM1L,af3_holo_iptm,0.748,0.443,,2026-08-16
of3_holo_DNM1L_98469c79,DNM1L,af3_holo_iptm,0.748,0.501,,2026-08-11
of3_holo_DNM1L_c8764152,DNM1L,af3_holo_iptm,0.748,0.490,,2026-08-12
of3_holo_KEAP1_bbf062b1,KEAP1,af3_holo_iptm,0.748,0.492,,2026-08-02
of3_holo_DNM1L_0c5f5fd4,DNM1L,af3_holo_iptm,0.748,0.438,,2026-08-16
of3_holo_DNM1L_58d53680,DNM1L,af3_holo_iptm,0.748,0.468,,2026-08-12
of3_holo_DNM1L_2a5eb6c8,DNM1L,af3_holo_iptm,0.748,0.458,,2026-08-13
of3_holo_DNM1L_c373b9ed,DNM1L,af3_holo_iptm,0.748,0.445,,2026-08-16
of3_holo_DNM1L_a07ef127,DNM1L,af3_holo_iptm,0.748,0.449,,2026-08-11
of3_holo_DNM1L_1f3031c1,DNM1L,af3_holo_iptm,0.748,0.452,,2026-08-15
of3_holo_DNM1L_916e3501,DNM1L,af3_holo_iptm,0.748,0.488,,2026-08-13
of3_holo_DNM1L_f0a0b18b,DNM1L,af3_holo_iptm,0.748,0.438,,2026-08-11
of3_holo_DNM1L_4b75bd1a,DNM1L,af3_holo_iptm,0.748,0.438,,2026-08-12
of3_holo_DNM1L_48d94f10,DNM1L,af3_holo_iptm,0.747,0.454,,2026-08-12
of3_holo_DNM1L_c078eb61,DNM1L,af3_holo_iptm,0.747,0.475,,2026-08-11
of3_holo_DNM1L_8c8c8041,DNM1L,af3_holo_iptm,0.747,0.446,,2026-08-15
of3_holo_DNM1L_dbec21f1,DNM1L,af3_holo_iptm,0.747,0.455,,2026-08-14
of3_holo_DNM1L_99912ff7,DNM1L,af3_holo_iptm,0.747,0.441,,2026-08-12
of3_holo_DNM1L_b04a3087,DNM1L,af3_holo_iptm,0.747,0.458,,2026-08-12
of3_holo_KEAP1_55d67d25,KEAP1,af3_holo_iptm,0.747,0.489,,2026-07-29
of3_holo_DNM1L_d64a4752,DNM1L,af3_holo_iptm,0.747,0.474,,2026-08-12
of3_holo_DNM1L_c17233b8,DNM1L,af3_holo_iptm,0.747,0.474,,2026-08-12
of3_holo_DNM1L_f0d5c53a,DNM1L,af3_holo_iptm,0.747,0.440,,2026-08-15
of3_holo_KEAP1_ce09fc48,KEAP1,af3_holo_iptm,0.747,0.498,,2026-08-02
of3_holo_DNM1L_d29d3d96,DNM1L,af3_holo_iptm,0.747,0.435,,2026-08-14
of3_holo_DNM1L_9097ccd8,DNM1L,af3_holo_iptm,0.747,0.435,,2026-08-14
of3_holo_DNM1L_a671ac24,DNM1L,af3_holo_iptm,0.747,0.490,,2026-08-12
of3_holo_DNM1L_4c8e26e1,DNM1L,af3_holo_iptm,0.747,0.459,,2026-08-13
of3_holo_DNM1L_ccebca0d,DNM1L,af3_holo_iptm,0.747,0.452,,2026-08-11
of3_holo_DNM1L_139ee77c,DNM1L,af3_holo_iptm,0.747,0.449,,2026-08-12
of3_holo_DNM1L_f400aef0,DNM1L,af3_holo_iptm,0.747,0.479,,2026-08-13
of3_holo_KEAP1_62d58461,KEAP1,af3_holo_iptm,0.747,0.493,,2026-07-29
of3_holo_DNM1L_5aa49124,DNM1L,af3_holo_iptm,0.747,0.455,,2026-08-16
of3_holo_DNM1L_4d04932f,DNM1L,af3_holo_iptm,0.746,0.486,,2026-08-15
of3_holo_DNM1L_8f6938e7,DNM1L,af3_holo_iptm,0.746,0.452,,2026-08-15
of3_holo_DNM1L_e752fc11,DNM1L,af3_holo_iptm,0.746,0.458,,2026-08-12
of3_holo_DNM1L_33a74639,DNM1L,af3_holo_iptm,0.746,0.457,,2026-08-15
of3_holo_DNM1L_45970e7f,DNM1L,af3_holo_iptm,0.746,0.493,,2026-08-16
of3_holo_DNM1L_fcf9652a,DNM1L,af3_holo_iptm,0.746,0.434,,2026-08-12
of3_holo_DNM1L_91a488ae,DNM1L,af3_holo_iptm,0.746,0.431,,2026-08-16
of3_holo_DNM1L_6ed9205e,DNM1L,af3_holo_iptm,0.746,0.495,,2026-08-13
of3_holo_DNM1L_5322e96b,DNM1L,af3_holo_iptm,0.746,0.455,,2026-08-16
of3_holo_DNM1L_4bf322ac,DNM1L,af3_holo_iptm,0.746,0.481,,2026-08-15
of3_holo_DNM1L_9c1303eb,DNM1L,af3_holo_iptm,0.746,0.445,,2026-08-15
of3_holo_DNM1L_e7f655cf,DNM1L,af3_holo_iptm,0.746,0.449,,2026-08-15
of3_holo_DNM1L_6489390b,DNM1L,af3_holo_iptm,0.746,0.456,,2026-08-14
of3_holo_DNM1L_0ff0861a,DNM1L,af3_holo_iptm,0.746,0.459,,2026-08-15
of3_holo_DNM1L_2a3ad3f3,DNM1L,af3_holo_iptm,0.746,0.448,,2026-08-15
of3_holo_DNM1L_8238f113,DNM1L,af3_holo_iptm,0.746,0.475,,2026-08-13
of3_holo_DNM1L_93f2ed2b,DNM1L,af3_holo_iptm,0.746,0.454,,2026-08-16
of3_holo_DNM1L_14433ab3,DNM1L,af3_holo_iptm,0.746,0.512,,2026-08-14
of3_holo_DNM1L_fe443313,DNM1L,af3_holo_iptm,0.746,0.473,,2026-08-12
of3_holo_DNM1L_c5e17941,DNM1L,af3_holo_iptm,0.746,0.441,,2026-08-15
of3_holo_DNM1L_ecbcea24,DNM1L,af3_holo_iptm,0.746,0.446,,2026-08-11
of3_holo_DNM1L_85a3d2c6,DNM1L,af3_holo_iptm,0.746,0.452,,2026-08-11
of3_holo_DNM1L_72f62341,DNM1L,af3_holo_iptm,0.746,0.451,,2026-08-15
of3_holo_DNM1L_822db4ac,DNM1L,af3_holo_iptm,0.746,0.450,,2026-08-11
of3_holo_DNM1L_c82ec770,DNM1L,af3_holo_iptm,0.746,0.409,,2026-08-11
of3_holo_DNM1L_0e00e28e,DNM1L,af3_holo_iptm,0.746,0.476,,2026-08-16
of3_holo_DNM1L_edfd0f89,DNM1L,af3_holo_iptm,0.746,0.494,,2026-08-13
of3_holo_DNM1L_3117a675,DNM1L,af3_holo_iptm,0.746,0.436,,2026-08-12
of3_holo_DNM1L_86941637,DNM1L,af3_holo_iptm,0.745,0.474,,2026-08-12
of3_holo_DNM1L_ad3c08f6,DNM1L,af3_holo_iptm,0.745,0.442,,2026-08-15
of3_holo_DNM1L_06c01cb3,DNM1L,af3_holo_iptm,0.745,0.435,,2026-08-12
of3_holo_DNM1L_6388c20d,DNM1L,af3_holo_iptm,0.745,0.423,,2026-08-15
of3_holo_DNM1L_125c4350,DNM1L,af3_holo_iptm,0.745,0.424,,2026-08-13
of3_holo_DNM1L_ceb2cfd6,DNM1L,af3_holo_iptm,0.745,0.457,,2026-08-16
of3_holo_DNM1L_8dc9b071,DNM1L,af3_holo_iptm,0.745,0.436,,2026-08-16
of3_holo_DNM1L_bf314e8c,DNM1L,af3_holo_iptm,0.745,0.457,,2026-08-14
of3_holo_DNM1L_4eadd777,DNM1L,af3_holo_iptm,0.745,0.484,,2026-08-14
of3_holo_DNM1L_14910dfc,DNM1L,af3_holo_iptm,0.745,0.452,,2026-08-12
of3_holo_DNM1L_0baf01d7,DNM1L,af3_holo_iptm,0.745,0.469,,2026-08-11
of3_holo_DNM1L_fa24f5ec,DNM1L,af3_holo_iptm,0.745,0.452,,2026-08-14
of3_holo_DNM1L_a03e2961,DNM1L,af3_holo_iptm,0.745,0.465,,2026-08-16
of3_holo_DNM1L_3e0d8518,DNM1L,af3_holo_iptm,0.745,0.449,,2026-08-11
of3_holo_DNM1L_399f4e24,DNM1L,af3_holo_iptm,0.745,0.428,,2026-08-15
of3_holo_DNM1L_d93c1460,DNM1L,af3_holo_iptm,0.745,0.442,,2026-08-13
of3_holo_KEAP1_375e6d85,KEAP1,af3_holo_iptm,0.745,0.504,,2026-07-29
of3_holo_DNM1L_dc45b3b8,DNM1L,af3_holo_iptm,0.745,0.439,,2026-08-16
of3_holo_DNM1L_4b406061,DNM1L,af3_holo_iptm,0.745,0.464,,2026-08-16
of3_holo_DNM1L_88ed90d4,DNM1L,af3_holo_iptm,0.745,0.438,,2026-08-11
of3_holo_DNM1L_5b0922f7,DNM1L,af3_holo_iptm,0.745,0.444,,2026-08-15
of3_holo_DNM1L_3ee68900,DNM1L,af3_holo_iptm,0.744,0.476,,2026-08-16
of3_holo_DNM1L_85b4843f,DNM1L,af3_holo_iptm,0.744,0.468,,2026-08-14
of3_holo_DNM1L_9a2533d6,DNM1L,af3_holo_iptm,0.744,0.443,,2026-08-16
of3_holo_DNM1L_f2f453b7,DNM1L,af3_holo_iptm,0.744,0.486,,2026-08-11
of3_holo_DNM1L_8ed7e2c2,DNM1L,af3_holo_iptm,0.744,0.432,,2026-08-13
of3_holo_DNM1L_1eaeba52,DNM1L,af3_holo_iptm,0.744,0.448,,2026-08-11
of3_holo_DNM1L_7df30205,DNM1L,af3_holo_iptm,0.744,0.441,,2026-08-15
of3_holo_DNM1L_e3f14a13,DNM1L,af3_holo_iptm,0.744,0.465,,2026-08-15
of3_holo_DNM1L_5fe500ad,DNM1L,af3_holo_iptm,0.744,0.428,,2026-08-13
of3_holo_DNM1L_3387c78d,DNM1L,af3_holo_iptm,0.744,0.453,,2026-08-14
of3_holo_DNM1L_f21c443d,DNM1L,af3_holo_iptm,0.744,0.444,,2026-08-16
of3_holo_DNM1L_0abf308c,DNM1L,af3_holo_iptm,0.744,0.408,,2026-08-13
of3_holo_DNM1L_f3c7fc9e,DNM1L,af3_holo_iptm,0.744,0.442,,2026-08-12
of3_holo_DNM1L_93f2d7d5,DNM1L,af3_holo_iptm,0.744,0.475,,2026-08-11
of3_holo_DNM1L_4b8dae13,DNM1L,af3_holo_iptm,0.744,0.455,,2026-08-12
of3_holo_DNM1L_a67fa62c,DNM1L,af3_holo_iptm,0.744,0.462,,2026-08-16
of3_holo_DNM1L_1851adc8,DNM1L,af3_holo_iptm,0.744,0.478,,2026-08-14
of3_holo_DNM1L_ff7e892e,DNM1L,af3_holo_iptm,0.744,0.447,,2026-08-16
of3_holo_DNM1L_3e4f0dfb,DNM1L,af3_holo_iptm,0.744,0.461,,2026-08-11
of3_holo_DNM1L_f8e0d6a6,DNM1L,af3_holo_iptm,0.744,0.444,,2026-08-16
of3_holo_DNM1L_247f1fe8,DNM1L,af3_holo_iptm,0.744,0.447,,2026-08-16
of3_holo_DNM1L_5ac800aa,DNM1L,af3_holo_iptm,0.744,0.427,,2026-08-15
of3_holo_DNM1L_e01e4999,DNM1L,af3_holo_iptm,0.744,0.480,,2026-08-12
of3_holo_DNM1L_6f634d37,DNM1L,af3_holo_iptm,0.744,0.447,,2026-08-11
of3_holo_DNM1L_037bf707,DNM1L,af3_holo_iptm,0.744,0.449,,2026-08-16
of3_holo_DNM1L_f999957a,DNM1L,af3_holo_iptm,0.744,0.466,,2026-08-11
of3_holo_DNM1L_18b41b7b,DNM1L,af3_holo_iptm,0.744,0.436,,2026-08-12
of3_holo_DNM1L_be73b409,DNM1L,af3_holo_iptm,0.743,0.490,,2026-08-15
of3_holo_DNM1L_36b16392,DNM1L,af3_holo_iptm,0.743,0.435,,2026-08-16
of3_holo_DNM1L_f84991ad,DNM1L,af3_holo_iptm,0.743,0.450,,2026-08-12
of3_holo_DNM1L_64f1a54a,DNM1L,af3_holo_iptm,0.743,0.441,,2026-08-12
of3_holo_DNM1L_bea9c0dd,DNM1L,af3_holo_iptm,0.743,0.433,,2026-08-14
of3_holo_DNM1L_e7f61c80,DNM1L,af3_holo_iptm,0.743,0.447,,2026-08-16
of3_holo_DNM1L_9f2b030b,DNM1L,af3_holo_iptm,0.743,0.455,,2026-08-15
of3_holo_DNM1L_32da52c2,DNM1L,af3_holo_iptm,0.743,0.461,,2026-08-16
of3_holo_DNM1L_2ae0879c,DNM1L,af3_holo_iptm,0.743,0.421,,2026-08-11
of3_holo_DNM1L_df34eaa1,DNM1L,af3_holo_iptm,0.743,0.466,,2026-08-14
of3_holo_DNM1L_96b2b22b,DNM1L,af3_holo_iptm,0.743,0.462,,2026-08-11
of3_holo_DNM1L_ce52f48f,DNM1L,af3_holo_iptm,0.743,0.457,,2026-08-11
of3_holo_DNM1L_9a744e2e,DNM1L,af3_holo_iptm,0.743,0.499,,2026-08-11
of3_holo_DNM1L_2d6d3696,DNM1L,af3_holo_iptm,0.743,0.451,,2026-08-16
of3_holo_DNM1L_23fec122,DNM1L,af3_holo_iptm,0.743,0.456,,2026-08-12
of3_holo_DNM1L_ef3698b1,DNM1L,af3_holo_iptm,0.743,0.448,,2026-08-13
of3_holo_DNM1L_28819564,DNM1L,af3_holo_iptm,0.743,0.459,,2026-08-12
of3_holo_DNM1L_8be6cba3,DNM1L,af3_holo_iptm,0.743,0.471,,2026-08-12
of3_holo_DNM1L_a19a7341,DNM1L,af3_holo_iptm,0.743,0.490,,2026-08-11
of3_holo_DNM1L_b2b003dc,DNM1L,af3_holo_iptm,0.743,0.450,,2026-08-12
of3_holo_DNM1L_02c682d8,DNM1L,af3_holo_iptm,0.742,0.414,,2026-08-15
of3_holo_KEAP1_78e909e3,KEAP1,af3_holo_iptm,0.742,0.499,,2026-07-29
of3_holo_DNM1L_a56835f4,DNM1L,af3_holo_iptm,0.742,0.446,,2026-08-15
of3_holo_DNM1L_c36ebfa6,DNM1L,af3_holo_iptm,0.742,0.451,,2026-08-13
of3_holo_DNM1L_575188e1,DNM1L,af3_holo_iptm,0.742,0.444,,2026-08-16
of3_holo_DNM1L_312f0dca,DNM1L,af3_holo_iptm,0.742,0.460,,2026-08-16
of3_holo_DNM1L_80d4483f,DNM1L,af3_holo_iptm,0.742,0.478,,2026-08-12
of3_holo_DNM1L_cb72e69e,DNM1L,af3_holo_iptm,0.742,0.431,,2026-08-15
of3_holo_DNM1L_0a8977f3,DNM1L,af3_holo_iptm,0.742,0.447,,2026-08-14
of3_holo_DNM1L_c0086b58,DNM1L,af3_holo_iptm,0.742,0.473,,2026-08-13
of3_holo_DNM1L_0dfb6f34,DNM1L,af3_holo_iptm,0.742,0.438,,2026-08-15
of3_holo_DNM1L_a833a08c,DNM1L,af3_holo_iptm,0.742,0.416,,2026-08-12
of3_holo_DNM1L_5b261360,DNM1L,af3_holo_iptm,0.742,0.487,,2026-08-12
of3_holo_DNM1L_c932087e,DNM1L,af3_holo_iptm,0.742,0.432,,2026-08-15
of3_holo_DNM1L_8ff3d3e5,DNM1L,af3_holo_iptm,0.742,0.487,,2026-08-15
of3_holo_DNM1L_637f06b1,DNM1L,af3_holo_iptm,0.742,0.489,,2026-08-13
of3_holo_DNM1L_4be61b1e,DNM1L,af3_holo_iptm,0.742,0.452,,2026-08-13
of3_holo_DNM1L_0093cbf6,DNM1L,af3_holo_iptm,0.742,0.478,,2026-08-15
of3_holo_DNM1L_b3768108,DNM1L,af3_holo_iptm,0.742,0.442,,2026-08-16
of3_holo_DNM1L_277d7788,DNM1L,af3_holo_iptm,0.742,0.453,,2026-08-13
of3_holo_DNM1L_98764f7b,DNM1L,af3_holo_iptm,0.742,0.473,,2026-08-12
of3_holo_KEAP1_38ecc859,KEAP1,af3_holo_iptm,0.742,0.483,,2026-08-02
of3_holo_DNM1L_b2df35f3,DNM1L,af3_holo_iptm,0.742,0.455,,2026-08-11
of3_holo_DNM1L_01390da2,DNM1L,af3_holo_iptm,0.742,0.434,,2026-08-15
of3_holo_DNM1L_7a59ae9a,DNM1L,af3_holo_iptm,0.741,0.493,,2026-08-13
of3_holo_DNM1L_5c871d26,DNM1L,af3_holo_iptm,0.741,0.422,,2026-08-15
of3_holo_DNM1L_8aab4eb4,DNM1L,af3_holo_iptm,0.741,0.427,,2026-08-16
of3_holo_DNM1L_7496836c,DNM1L,af3_holo_iptm,0.741,0.478,,2026-08-11
of3_holo_DNM1L_d207760f,DNM1L,af3_holo_iptm,0.741,0.420,,2026-08-15
of3_holo_DNM1L_82553b4e,DNM1L,af3_holo_iptm,0.741,0.481,,2026-08-16
of3_holo_DNM1L_6a47e919,DNM1L,af3_holo_iptm,0.741,0.479,,2026-08-15
of3_holo_DNM1L_bce6e4ad,DNM1L,af3_holo_iptm,0.741,0.463,,2026-08-16
of3_holo_DNM1L_eda4cda7,DNM1L,af3_holo_iptm,0.741,0.462,,2026-08-11
of3_holo_DNM1L_5970f592,DNM1L,af3_holo_iptm,0.741,0.457,,2026-08-15
of3_holo_DNM1L_963d6b36,DNM1L,af3_holo_iptm,0.741,0.449,,2026-08-15
of3_holo_DNM1L_3795fbdb,DNM1L,af3_holo_iptm,0.741,0.425,,2026-08-11
of3_holo_DNM1L_fecab81c,DNM1L,af3_holo_iptm,0.741,0.488,,2026-08-11
of3_holo_DNM1L_7b9f44b3,DNM1L,af3_holo_iptm,0.741,0.449,,2026-08-13
of3_holo_KEAP1_0843eb70,KEAP1,af3_holo_iptm,0.741,0.493,,2026-07-29
of3_holo_DNM1L_beec1cbc,DNM1L,af3_holo_iptm,0.741,0.492,,2026-08-15
of3_holo_DNM1L_869fc3a6,DNM1L,af3_holo_iptm,0.741,0.437,,2026-08-11
of3_holo_DNM1L_f464af87,DNM1L,af3_holo_iptm,0.741,0.461,,2026-08-16
of3_holo_DNM1L_86208f2e,DNM1L,af3_holo_iptm,0.741,0.476,,2026-08-12
of3_holo_DNM1L_83189193,DNM1L,af3_holo_iptm,0.741,0.437,,2026-08-13
of3_holo_DNM1L_2e5d0272,DNM1L,af3_holo_iptm,0.741,0.483,,2026-08-12
of3_holo_DNM1L_cfb9e97d,DNM1L,af3_holo_iptm,0.741,0.443,,2026-08-12
of3_holo_DNM1L_24f3f196,DNM1L,af3_holo_iptm,0.741,0.456,,2026-08-16
of3_holo_DNM1L_715521c2,DNM1L,af3_holo_iptm,0.741,0.449,,2026-08-13
of3_holo_DNM1L_02a1d06f,DNM1L,af3_holo_iptm,0.741,0.471,,2026-08-15
of3_holo_DNM1L_44e036fa,DNM1L,af3_holo_iptm,0.741,0.451,,2026-08-13
of3_holo_KEAP1_cc8e4e3a,KEAP1,af3_holo_iptm,0.741,0.489,,2026-08-02
of3_holo_DNM1L_7423f0cb,DNM1L,af3_holo_iptm,0.741,0.467,,2026-08-15
of3_holo_DNM1L_5645bdb3,DNM1L,af3_holo_iptm,0.741,0.457,,2026-08-15
of3_holo_DNM1L_d8cb2002,DNM1L,af3_holo_iptm,0.740,0.505,,2026-08-15
of3_holo_DNM1L_406833ce,DNM1L,af3_holo_iptm,0.740,0.439,,2026-08-12
of3_holo_DNM1L_b9b40351,DNM1L,af3_holo_iptm,0.740,0.450,,2026-08-16
of3_holo_DNM1L_1acd8772,DNM1L,af3_holo_iptm,0.740,0.465,,2026-08-11
of3_holo_DNM1L_f31909f4,DNM1L,af3_holo_iptm,0.740,0.447,,2026-08-14
of3_holo_DNM1L_2506d8c4,DNM1L,af3_holo_iptm,0.740,0.427,,2026-08-13
of3_holo_DNM1L_42e0298e,DNM1L,af3_holo_iptm,0.740,0.458,,2026-08-16
19_mapk3_x_mknk1,"",af3_iptm,0.740,0.510,0.780,2026-06-08
36_hdac1_x_rcor1,"",af3_iptm,0.740,0.670,0.930,2026-06-12
ctrl_pos_prkaa1_prkag1_2,"",af3_iptm,0.740,0.630,0.810,2026-08-06
chrna1_x_chrnb1,"",af3_iptm,0.740,0.800,0.760,2026-07-03
hk1_dimer,"",af3_iptm,0.740,0.800,0.760,2026-08-03
limk2_x_cfl1,"",af3_iptm,0.740,0.600,0.780,2026-05-23
agrn_lg3z19_x_lrp4_bp2,"",af3_iptm,0.740,0.770,0.770,2026-08-10
19_mapk3_x_mknk1,"",af3_iptm,0.740,0.510,0.780,2026-06-10
37_hdac2_x_rcor1,"",af3_iptm,0.740,0.670,0.920,2026-06-05
ldha_ldhb_nad,"",af3_iptm,0.740,0.830,0.780,2026-08-03
36_hdac1_x_rcor1,"",af3_iptm,0.740,0.670,0.930,2026-06-10
keap1_x_sqstm1,"",af3_iptm,0.740,0.910,0.820,2026-06-30
hk1_n_1_450_atp,HK1,af3_iptm,0.740,0.860,0.780,2026-08-05
of3_holo_DNM1L_aa8f6922,DNM1L,af3_holo_iptm,0.740,0.464,,2026-08-15
of3_holo_DNM1L_b116a828,DNM1L,af3_holo_iptm,0.740,0.438,,2026-08-15
of3_holo_DNM1L_711bdd3d,DNM1L,af3_holo_iptm,0.740,0.457,,2026-08-16
of3_holo_DNM1L_465e615f,DNM1L,af3_holo_iptm,0.740,0.477,,2026-08-11
of3_holo_DNM1L_5e3b96c2,DNM1L,af3_holo_iptm,0.739,0.449,,2026-08-16
of3_holo_DNM1L_217edeaa,DNM1L,af3_holo_iptm,0.739,0.491,,2026-08-16
of3_holo_DNM1L_e6a465d0,DNM1L,af3_holo_iptm,0.739,0.437,,2026-08-11
of3_holo_DNM1L_99bbe157,DNM1L,af3_holo_iptm,0.739,0.435,,2026-08-15
of3_holo_DNM1L_4c0b76cb,DNM1L,af3_holo_iptm,0.739,0.463,,2026-08-12
of3_holo_DNM1L_25ff4058,DNM1L,af3_holo_iptm,0.739,0.466,,2026-08-15
of3_holo_DNM1L_b5a3fd6d,DNM1L,af3_holo_iptm,0.739,0.436,,2026-08-15
of3_holo_DNM1L_e7e81a22,DNM1L,af3_holo_iptm,0.739,0.460,,2026-08-12
of3_holo_KEAP1_af3872a2,KEAP1,af3_holo_iptm,0.739,0.496,,2026-07-29
of3_holo_DNM1L_5a21542f,DNM1L,af3_holo_iptm,0.739,0.459,,2026-08-16
of3_holo_DNM1L_5435bf5a,DNM1L,af3_holo_iptm,0.739,0.451,,2026-08-11
of3_holo_DNM1L_4012a490,DNM1L,af3_holo_iptm,0.739,0.458,,2026-08-12
of3_holo_DNM1L_38cd7d6d,DNM1L,af3_holo_iptm,0.738,0.450,,2026-08-16
of3_holo_DNM1L_b9309f59,DNM1L,af3_holo_iptm,0.738,0.437,,2026-08-13
of3_holo_DNM1L_69766a6c,DNM1L,af3_holo_iptm,0.738,0.487,,2026-08-15
of3_holo_DNM1L_204297f2,DNM1L,af3_holo_iptm,0.738,0.456,,2026-08-13
of3_holo_KEAP1_09cc2e1c,KEAP1,af3_holo_iptm,0.738,0.485,,2026-08-02
of3_holo_DNM1L_a2335caf,DNM1L,af3_holo_iptm,0.738,0.432,,2026-08-12
of3_holo_DNM1L_76e672c2,DNM1L,af3_holo_iptm,0.738,0.461,,2026-08-15
of3_holo_DNM1L_ba330172,DNM1L,af3_holo_iptm,0.738,0.485,,2026-08-14
of3_holo_KEAP1_6bbbc57e,KEAP1,af3_holo_iptm,0.738,0.492,,2026-08-02
of3_holo_DNM1L_e16fb7d6,DNM1L,af3_holo_iptm,0.738,0.466,,2026-08-11
of3_holo_DNM1L_43e34d41,DNM1L,af3_holo_iptm,0.738,0.458,,2026-08-15
of3_holo_KEAP1_a73ae70d,KEAP1,af3_holo_iptm,0.738,0.500,,2026-07-29
of3_holo_DNM1L_5a7f1449,DNM1L,af3_holo_iptm,0.738,0.455,,2026-08-15
of3_holo_DNM1L_c543eca5,DNM1L,af3_holo_iptm,0.738,0.463,,2026-08-15
of3_holo_DNM1L_bff71dfc,DNM1L,af3_holo_iptm,0.738,0.478,,2026-08-13
of3_holo_DNM1L_d7871d46,DNM1L,af3_holo_iptm,0.738,0.492,,2026-08-15
of3_holo_DNM1L_32c2c60c,DNM1L,af3_holo_iptm,0.738,0.481,,2026-08-11
of3_holo_DNM1L_14ccd677,DNM1L,af3_holo_iptm,0.738,0.426,,2026-08-16
of3_holo_DNM1L_9bc9084c,DNM1L,af3_holo_iptm,0.738,0.489,,2026-08-15
of3_holo_DNM1L_1af9bea8,DNM1L,af3_holo_iptm,0.738,0.434,,2026-08-16
of3_holo_DNM1L_3176a39d,DNM1L,af3_holo_iptm,0.738,0.460,,2026-08-14
of3_holo_DNM1L_6fa43d1c,DNM1L,af3_holo_iptm,0.738,0.460,,2026-08-11
of3_holo_DNM1L_e26252d4,DNM1L,af3_holo_iptm,0.737,0.454,,2026-08-11
of3_holo_DNM1L_c505e73d,DNM1L,af3_holo_iptm,0.737,0.457,,2026-08-15
of3_holo_KEAP1_bd098609,KEAP1,af3_holo_iptm,0.737,0.837,,2026-07-29
of3_holo_DNM1L_8b1f2cff,DNM1L,af3_holo_iptm,0.737,0.434,,2026-08-14
of3_holo_DNM1L_30856c43,DNM1L,af3_holo_iptm,0.737,0.421,,2026-08-13
of3_holo_DNM1L_a79bbf73,DNM1L,af3_holo_iptm,0.737,0.454,,2026-08-16
of3_holo_KEAP1_f53d7337,KEAP1,af3_holo_iptm,0.737,0.499,,2026-08-02
of3_holo_DNM1L_55957261,DNM1L,af3_holo_iptm,0.737,0.423,,2026-08-14
of3_holo_DNM1L_e9e92428,DNM1L,af3_holo_iptm,0.737,0.455,,2026-08-14
of3_holo_DNM1L_5d27cdb1,DNM1L,af3_holo_iptm,0.737,0.463,,2026-08-11
of3_holo_DNM1L_2c3f7a93,DNM1L,af3_holo_iptm,0.737,0.446,,2026-08-12
of3_holo_DNM1L_6fcde7c3,DNM1L,af3_holo_iptm,0.737,0.461,,2026-08-13
of3_holo_DNM1L_b6356a10,DNM1L,af3_holo_iptm,0.737,0.461,,2026-08-16
of3_holo_DNM1L_f0d178bc,DNM1L,af3_holo_iptm,0.737,0.478,,2026-08-16
of3_holo_DNM1L_5003a0b6,DNM1L,af3_holo_iptm,0.737,0.438,,2026-08-13
of3_holo_DNM1L_2ecab9e6,DNM1L,af3_holo_iptm,0.737,0.453,,2026-08-12
of3_holo_DNM1L_43e1af68,DNM1L,af3_holo_iptm,0.737,0.451,,2026-08-11
of3_holo_DNM1L_e213b238,DNM1L,af3_holo_iptm,0.737,0.489,,2026-08-16
of3_holo_DNM1L_e91f1048,DNM1L,af3_holo_iptm,0.737,0.447,,2026-08-12
of3_holo_DNM1L_653b52ff,DNM1L,af3_holo_iptm,0.737,0.442,,2026-08-16
of3_holo_DNM1L_9028a591,DNM1L,af3_holo_iptm,0.737,0.435,,2026-08-16
of3_holo_DNM1L_341fbb57,DNM1L,af3_holo_iptm,0.736,0.428,,2026-08-16
of3_holo_DNM1L_d4798046,DNM1L,af3_holo_iptm,0.736,0.442,,2026-08-15
of3_holo_DNM1L_654d2509,DNM1L,af3_holo_iptm,0.736,0.493,,2026-08-16
of3_holo_DNM1L_1b89746b,DNM1L,af3_holo_iptm,0.736,0.472,,2026-08-11
of3_holo_DNM1L_0c829378,DNM1L,af3_holo_iptm,0.736,0.440,,2026-08-13
of3_holo_DNM1L_37677f6d,DNM1L,af3_holo_iptm,0.736,0.474,,2026-08-12
of3_holo_DNM1L_2ba7b1ff,DNM1L,af3_holo_iptm,0.736,0.412,,2026-08-12
of3_holo_DNM1L_3203c144,DNM1L,af3_holo_iptm,0.736,0.450,,2026-08-12
of3_holo_DNM1L_a50ccbbe,DNM1L,af3_holo_iptm,0.736,0.448,,2026-08-15
of3_holo_DNM1L_596cb5dd,DNM1L,af3_holo_iptm,0.736,0.453,,2026-08-16
of3_holo_DNM1L_ef19560e,DNM1L,af3_holo_iptm,0.736,0.449,,2026-08-16
of3_holo_DNM1L_15bf11d5,DNM1L,af3_holo_iptm,0.736,0.469,,2026-08-12
of3_holo_DNM1L_a41f2a12,DNM1L,af3_holo_iptm,0.736,0.458,,2026-08-15
of3_holo_DNM1L_e393a7ba,DNM1L,af3_holo_iptm,0.736,0.443,,2026-08-11
of3_holo_DNM1L_0ed7f2f2,DNM1L,af3_holo_iptm,0.736,0.499,,2026-08-12
of3_holo_DNM1L_3d020c75,DNM1L,af3_holo_iptm,0.735,0.497,,2026-08-15
of3_holo_DNM1L_e479e141,DNM1L,af3_holo_iptm,0.735,0.435,,2026-08-15
of3_holo_DNM1L_54f58185,DNM1L,af3_holo_iptm,0.735,0.414,,2026-08-11
of3_holo_DNM1L_43d43f5b,DNM1L,af3_holo_iptm,0.735,0.487,,2026-08-11
of3_holo_DNM1L_1200f4b3,DNM1L,af3_holo_iptm,0.735,0.444,,2026-08-15
of3_holo_DNM1L_a318ac9c,DNM1L,af3_holo_iptm,0.735,0.474,,2026-08-15
of3_holo_DNM1L_65f41483,DNM1L,af3_holo_iptm,0.735,0.458,,2026-08-11
of3_holo_DNM1L_5d127300,DNM1L,af3_holo_iptm,0.735,0.468,,2026-08-16
of3_holo_DNM1L_b287e497,DNM1L,af3_holo_iptm,0.735,0.458,,2026-08-12
of3_holo_DNM1L_e0a90f23,DNM1L,af3_holo_iptm,0.735,0.425,,2026-08-15
of3_holo_DNM1L_5d428199,DNM1L,af3_holo_iptm,0.735,0.475,,2026-08-15
of3_holo_DNM1L_d8d6029d,DNM1L,af3_holo_iptm,0.735,0.472,,2026-08-12
of3_holo_DNM1L_cbb7d1d5,DNM1L,af3_holo_iptm,0.734,0.450,,2026-08-16
of3_holo_DNM1L_5e180de8,DNM1L,af3_holo_iptm,0.734,0.413,,2026-08-11
of3_holo_DNM1L_28984c26,DNM1L,af3_holo_iptm,0.734,0.446,,2026-08-16
of3_holo_DNM1L_9d5a7120,DNM1L,af3_holo_iptm,0.734,0.455,,2026-08-14
of3_holo_DNM1L_2495fdbd,DNM1L,af3_holo_iptm,0.734,0.452,,2026-08-11
of3_holo_DNM1L_c7a469ae,DNM1L,af3_holo_iptm,0.734,0.452,,2026-08-15
of3_holo_DNM1L_79f8a347,DNM1L,af3_holo_iptm,0.734,0.519,,2026-08-11
of3_holo_DNM1L_4c6cb151,DNM1L,af3_holo_iptm,0.734,0.477,,2026-08-15
of3_holo_DNM1L_a15dc215,DNM1L,af3_holo_iptm,0.734,0.452,,2026-08-16
of3_holo_DNM1L_4afbe7d2,DNM1L,af3_holo_iptm,0.734,0.436,,2026-08-16
of3_holo_DNM1L_304e5153,DNM1L,af3_holo_iptm,0.734,0.455,,2026-08-15
of3_holo_DNM1L_a0d5affc,DNM1L,af3_holo_iptm,0.734,0.483,,2026-08-15
of3_holo_DNM1L_7eacf0cb,DNM1L,af3_holo_iptm,0.734,0.452,,2026-08-16
of3_holo_DNM1L_5badd3bc,DNM1L,af3_holo_iptm,0.734,0.455,,2026-08-16
of3_holo_DNM1L_317f54cf,DNM1L,af3_holo_iptm,0.734,0.451,,2026-08-11
of3_holo_DNM1L_f6c41ac6,DNM1L,af3_holo_iptm,0.734,0.421,,2026-08-15
of3_holo_DNM1L_c68c58de,DNM1L,af3_holo_iptm,0.733,0.453,,2026-08-16
of3_holo_DNM1L_b28a710d,DNM1L,af3_holo_iptm,0.733,0.427,,2026-08-11
of3_holo_DNM1L_90681447,DNM1L,af3_holo_iptm,0.733,0.480,,2026-08-15
of3_holo_DNM1L_2d5dcd09,DNM1L,af3_holo_iptm,0.733,0.462,,2026-08-15
of3_holo_DNM1L_e55b799b,DNM1L,af3_holo_iptm,0.733,0.470,,2026-08-16
of3_holo_DNM1L_eb3aa3b5,DNM1L,af3_holo_iptm,0.733,0.474,,2026-08-15
of3_holo_DNM1L_0bac26f9,DNM1L,af3_holo_iptm,0.733,0.492,,2026-08-14
of3_holo_KEAP1_6de1ccf4,KEAP1,af3_holo_iptm,0.733,0.498,,2026-07-31
of3_holo_DNM1L_c7991d29,DNM1L,af3_holo_iptm,0.733,0.456,,2026-08-12
of3_holo_DNM1L_e8435a8b,DNM1L,af3_holo_iptm,0.733,0.469,,2026-08-12
of3_holo_DNM1L_3ce03b51,DNM1L,af3_holo_iptm,0.733,0.443,,2026-08-15
of3_holo_DNM1L_1fe8031c,DNM1L,af3_holo_iptm,0.733,0.487,,2026-08-12
of3_holo_DNM1L_ac32941e,DNM1L,af3_holo_iptm,0.733,0.443,,2026-08-12
of3_holo_DNM1L_f04698a6,DNM1L,af3_holo_iptm,0.733,0.476,,2026-08-13
of3_holo_DNM1L_69595602,DNM1L,af3_holo_iptm,0.733,0.464,,2026-08-14
of3_holo_DNM1L_0d7e2f47,DNM1L,af3_holo_iptm,0.733,0.473,,2026-08-11
of3_holo_KEAP1_91f5ee47,KEAP1,af3_holo_iptm,0.733,0.485,,2026-08-02
of3_holo_DNM1L_25061553,DNM1L,af3_holo_iptm,0.733,0.460,,2026-08-12
of3_holo_DNM1L_315d32aa,DNM1L,af3_holo_iptm,0.733,0.486,,2026-08-16
of3_holo_DNM1L_efe912b5,DNM1L,af3_holo_iptm,0.733,0.484,,2026-08-12
of3_holo_DNM1L_daca1fa2,DNM1L,af3_holo_iptm,0.732,0.500,,2026-08-15
of3_holo_DNM1L_b151f807,DNM1L,af3_holo_iptm,0.732,0.418,,2026-08-13
of3_holo_KEAP1_4efc8353,KEAP1,af3_holo_iptm,0.732,0.504,,2026-08-02
of3_holo_DNM1L_08c6f1ff,DNM1L,af3_holo_iptm,0.732,0.430,,2026-08-14
of3_holo_DNM1L_44649a4b,DNM1L,af3_holo_iptm,0.732,0.444,,2026-08-12
of3_holo_DNM1L_2fcbc527,DNM1L,af3_holo_iptm,0.732,0.476,,2026-08-13
of3_holo_DNM1L_7647c753,DNM1L,af3_holo_iptm,0.732,0.475,,2026-08-12
of3_holo_DNM1L_ba9061c0,DNM1L,af3_holo_iptm,0.732,0.471,,2026-08-11
of3_holo_DNM1L_5ba6cafd,DNM1L,af3_holo_iptm,0.732,0.448,,2026-08-13
of3_holo_DNM1L_e347a0ec,DNM1L,af3_holo_iptm,0.732,0.439,,2026-08-12
of3_holo_DNM1L_3627cda0,DNM1L,af3_holo_iptm,0.732,0.488,,2026-08-11
of3_holo_DNM1L_f086469d,DNM1L,af3_holo_iptm,0.732,0.460,,2026-08-16
of3_holo_DNM1L_b59a8feb,DNM1L,af3_holo_iptm,0.732,0.461,,2026-08-12
of3_holo_DNM1L_fa66726a,DNM1L,af3_holo_iptm,0.732,0.459,,2026-08-16
of3_holo_DNM1L_f8a02b52,DNM1L,af3_holo_iptm,0.731,0.438,,2026-08-14
of3_holo_DNM1L_2cc9446c,DNM1L,af3_holo_iptm,0.731,0.461,,2026-08-11
of3_holo_DNM1L_424c65f7,DNM1L,af3_holo_iptm,0.731,0.462,,2026-08-13
of3_holo_DNM1L_0d2757c0,DNM1L,af3_holo_iptm,0.731,0.488,,2026-08-15
of3_holo_DNM1L_6148aedc,DNM1L,af3_holo_iptm,0.731,0.468,,2026-08-16
of3_holo_DNM1L_cd5bfb5a,DNM1L,af3_holo_iptm,0.731,0.435,,2026-08-16
of3_holo_DNM1L_22bf35cf,DNM1L,af3_holo_iptm,0.731,0.449,,2026-08-12
of3_holo_KEAP1_34b996df,KEAP1,af3_holo_iptm,0.731,0.495,,2026-07-29
of3_holo_DNM1L_6c4ae413,DNM1L,af3_holo_iptm,0.731,0.431,,2026-08-12
of3_holo_DNM1L_95caf0c6,DNM1L,af3_holo_iptm,0.731,0.447,,2026-08-16
of3_holo_DNM1L_6f2bc9fd,DNM1L,af3_holo_iptm,0.731,0.469,,2026-08-11
of3_holo_DNM1L_2804869d,DNM1L,af3_holo_iptm,0.731,0.449,,2026-08-11
of3_holo_DNM1L_2883fddc,DNM1L,af3_holo_iptm,0.731,0.444,,2026-08-15
of3_holo_DNM1L_baa77ca0,DNM1L,af3_holo_iptm,0.731,0.447,,2026-08-15
of3_holo_DNM1L_2aaa83c9,DNM1L,af3_holo_iptm,0.731,0.443,,2026-08-15
of3_holo_DNM1L_26cab605,DNM1L,af3_holo_iptm,0.730,0.496,,2026-08-11
of3_holo_DNM1L_c2a57016,DNM1L,af3_holo_iptm,0.730,0.453,,2026-08-16
of3_holo_DNM1L_87ea8a2b,DNM1L,af3_holo_iptm,0.730,0.482,,2026-08-14
of3_holo_DNM1L_0a498551,DNM1L,af3_holo_iptm,0.730,0.434,,2026-08-12
of3_holo_DNM1L_282b554d,DNM1L,af3_holo_iptm,0.730,0.477,,2026-08-12
54_mapk3_x_dusp6,"",af3_iptm,0.730,0.770,0.820,2026-06-12
prkaa1_prkag1_amp,"",af3_iptm,0.730,0.680,0.810,2026-08-03
raptor_x_mtor,"",af3_iptm,0.730,0.740,0.800,2026-07-17
54_mapk3_x_dusp6,"",af3_iptm,0.730,0.770,0.820,2026-06-10
21_mapk1_x_elk4,"",af3_iptm,0.730,0.510,0.900,2026-06-10
69_map2k4_x_mapk13,"",af3_iptm,0.730,0.750,0.790,2026-06-12
binder5956_agrn_x_agrn_lg3_1868_2065,"",af3_iptm,0.730,0.790,0.770,2026-07-24
limk1_none_none_x_cfl2_none_none,"",af3_iptm,0.730,0.600,0.760,2026-07-15
39_hdac2_x_rcor3,"",af3_iptm,0.730,0.620,0.920,2026-06-08
keap1_x_pgam5,"",af3_iptm,0.730,0.580,0.730,2026-06-30
a_x_b_f943ecae,"",af3_iptm,0.730,0.780,0.740,2026-07-04
of3_holo_DNM1L_13e2ee93,DNM1L,af3_holo_iptm,0.730,0.447,,2026-08-13
of3_holo_DNM1L_a5ae1463,DNM1L,af3_holo_iptm,0.730,0.475,,2026-08-12
of3_holo_DNM1L_10b29f1d,DNM1L,af3_holo_iptm,0.730,0.447,,2026-08-13
of3_holo_DNM1L_853e8f5a,DNM1L,af3_holo_iptm,0.730,0.467,,2026-08-15
of3_holo_DNM1L_8203df7c,DNM1L,af3_holo_iptm,0.730,0.467,,2026-08-12
of3_holo_DNM1L_f727ab04,DNM1L,af3_holo_iptm,0.730,0.469,,2026-08-13
of3_holo_DNM1L_d4424d8b,DNM1L,af3_holo_iptm,0.730,0.412,,2026-08-16
of3_holo_DNM1L_be261491,DNM1L,af3_holo_iptm,0.729,0.459,,2026-08-11
of3_holo_DNM1L_06847451,DNM1L,af3_holo_iptm,0.729,0.480,,2026-08-14
of3_holo_DNM1L_d8289508,DNM1L,af3_holo_iptm,0.729,0.488,,2026-08-15
of3_holo_DNM1L_49847f8c,DNM1L,af3_holo_iptm,0.729,0.450,,2026-08-11
of3_holo_DNM1L_e9d185e2,DNM1L,af3_holo_iptm,0.729,0.424,,2026-08-12
of3_holo_KEAP1_1598fca6,KEAP1,af3_holo_iptm,0.729,0.499,,2026-08-02
of3_holo_DNM1L_3da91335,DNM1L,af3_holo_iptm,0.729,0.451,,2026-08-11
of3_holo_DNM1L_e3343654,DNM1L,af3_holo_iptm,0.729,0.431,,2026-08-11
of3_holo_DNM1L_0f40066a,DNM1L,af3_holo_iptm,0.729,0.426,,2026-08-11
of3_holo_DNM1L_63a66984,DNM1L,af3_holo_iptm,0.729,0.454,,2026-08-15
of3_holo_DNM1L_3619333c,DNM1L,af3_holo_iptm,0.729,0.436,,2026-08-13
of3_holo_DNM1L_a724b8b3,DNM1L,af3_holo_iptm,0.729,0.449,,2026-08-14
of3_holo_DNM1L_ba20c27c,DNM1L,af3_holo_iptm,0.728,0.430,,2026-08-15
of3_holo_DNM1L_36765ac9,DNM1L,af3_holo_iptm,0.728,0.485,,2026-08-13
of3_holo_DNM1L_e7fb56a1,DNM1L,af3_holo_iptm,0.728,0.435,,2026-08-12
of3_holo_DNM1L_87eb84e1,DNM1L,af3_holo_iptm,0.728,0.455,,2026-08-16
of3_holo_DNM1L_88c92d7d,DNM1L,af3_holo_iptm,0.728,0.470,,2026-08-11
of3_holo_DNM1L_2bbaf89e,DNM1L,af3_holo_iptm,0.728,0.487,,2026-08-12
of3_holo_DNM1L_49cf6266,DNM1L,af3_holo_iptm,0.728,0.445,,2026-08-12
of3_holo_DNM1L_924319fe,DNM1L,af3_holo_iptm,0.728,0.412,,2026-08-11
of3_holo_DNM1L_51fd6ca9,DNM1L,af3_holo_iptm,0.728,0.442,,2026-08-16
of3_holo_DNM1L_6cb64cab,DNM1L,af3_holo_iptm,0.728,0.423,,2026-08-15
of3_holo_DNM1L_be72bbab,DNM1L,af3_holo_iptm,0.728,0.450,,2026-08-15
of3_holo_DNM1L_a2972a8d,DNM1L,af3_holo_iptm,0.728,0.440,,2026-08-12
of3_holo_DNM1L_1ff45962,DNM1L,af3_holo_iptm,0.728,0.455,,2026-08-15
of3_holo_DNM1L_1ddfedc4,DNM1L,af3_holo_iptm,0.728,0.419,,2026-08-15
of3_holo_DNM1L_fea3324e,DNM1L,af3_holo_iptm,0.728,0.474,,2026-08-16
of3_holo_DNM1L_032582a1,DNM1L,af3_holo_iptm,0.728,0.444,,2026-08-16
of3_holo_DNM1L_2ec07294,DNM1L,af3_holo_iptm,0.728,0.488,,2026-08-16
of3_holo_DNM1L_5049d305,DNM1L,af3_holo_iptm,0.728,0.444,,2026-08-15
of3_holo_DNM1L_adf47957,DNM1L,af3_holo_iptm,0.728,0.442,,2026-08-16
of3_holo_DNM1L_25e59b76,DNM1L,af3_holo_iptm,0.728,0.429,,2026-08-11
of3_holo_DNM1L_d4f2a203,DNM1L,af3_holo_iptm,0.727,0.465,,2026-08-11
of3_holo_DNM1L_ef67ba7f,DNM1L,af3_holo_iptm,0.727,0.478,,2026-08-13
of3_holo_DNM1L_8fa7355b,DNM1L,af3_holo_iptm,0.727,0.445,,2026-08-15
of3_holo_DNM1L_93320a7c,DNM1L,af3_holo_iptm,0.727,0.504,,2026-08-14
of3_holo_DNM1L_3aa6a4df,DNM1L,af3_holo_iptm,0.727,0.433,,2026-08-15
of3_holo_KEAP1_76b9e027,KEAP1,af3_holo_iptm,0.727,0.494,,2026-07-29
of3_holo_DNM1L_c228083c,DNM1L,af3_holo_iptm,0.727,0.473,,2026-08-15
of3_holo_DNM1L_84c0d9a5,DNM1L,af3_holo_iptm,0.727,0.454,,2026-08-12
of3_holo_DNM1L_018c6fde,DNM1L,af3_holo_iptm,0.727,0.470,,2026-08-15
of3_holo_DNM1L_c8eda820,DNM1L,af3_holo_iptm,0.727,0.455,,2026-08-14
of3_holo_DNM1L_73d186a4,DNM1L,af3_holo_iptm,0.727,0.446,,2026-08-15
of3_holo_DNM1L_0ca3b41b,DNM1L,af3_holo_iptm,0.727,0.490,,2026-08-11
of3_holo_DNM1L_66ab04e0,DNM1L,af3_holo_iptm,0.727,0.450,,2026-08-15
of3_holo_DNM1L_d3e2944b,DNM1L,af3_holo_iptm,0.727,0.458,,2026-08-16
of3_holo_DNM1L_00463f0d,DNM1L,af3_holo_iptm,0.727,0.494,,2026-08-12
of3_holo_DNM1L_e19793ba,DNM1L,af3_holo_iptm,0.727,0.484,,2026-08-16
of3_holo_DNM1L_7d53f900,DNM1L,af3_holo_iptm,0.727,0.468,,2026-08-16
of3_holo_DNM1L_25cef77d,DNM1L,af3_holo_iptm,0.727,0.522,,2026-08-16
of3_holo_DNM1L_8ef5f278,DNM1L,af3_holo_iptm,0.726,0.443,,2026-08-15
of3_holo_DNM1L_401acc99,DNM1L,af3_holo_iptm,0.726,0.482,,2026-08-12
of3_holo_DNM1L_2e4e2918,DNM1L,af3_holo_iptm,0.726,0.408,,2026-08-16
of3_holo_DNM1L_24813f3c,DNM1L,af3_holo_iptm,0.726,0.473,,2026-08-11
of3_holo_DNM1L_c1648337,DNM1L,af3_holo_iptm,0.726,0.440,,2026-08-13
of3_holo_DNM1L_ecbc391b,DNM1L,af3_holo_iptm,0.726,0.430,,2026-08-11
of3_holo_DNM1L_9a697e66,DNM1L,af3_holo_iptm,0.726,0.474,,2026-08-12
of3_holo_DNM1L_ab1492db,DNM1L,af3_holo_iptm,0.726,0.477,,2026-08-13
of3_holo_DNM1L_836e0beb,DNM1L,af3_holo_iptm,0.726,0.433,,2026-08-11
of3_holo_DNM1L_db8c9b93,DNM1L,af3_holo_iptm,0.726,0.439,,2026-08-11
of3_holo_DNM1L_eae9c803,DNM1L,af3_holo_iptm,0.726,0.475,,2026-08-13
of3_holo_DNM1L_dece410d,DNM1L,af3_holo_iptm,0.725,0.451,,2026-08-16
of3_holo_DNM1L_78d7b7fd,DNM1L,af3_holo_iptm,0.725,0.458,,2026-08-13
of3_holo_KEAP1_893c29b5,KEAP1,af3_holo_iptm,0.725,0.493,,2026-07-29
of3_holo_DNM1L_73aa9455,DNM1L,af3_holo_iptm,0.725,0.461,,2026-08-12
of3_holo_DNM1L_f79d9406,DNM1L,af3_holo_iptm,0.725,0.418,,2026-08-13
of3_holo_DNM1L_d632516b,DNM1L,af3_holo_iptm,0.725,0.457,,2026-08-14
of3_holo_DNM1L_459cbca7,DNM1L,af3_holo_iptm,0.725,0.456,,2026-08-16
of3_holo_DNM1L_62f23454,DNM1L,af3_holo_iptm,0.725,0.473,,2026-08-12
of3_holo_DNM1L_5000cd89,DNM1L,af3_holo_iptm,0.725,0.449,,2026-08-15
of3_holo_DNM1L_a975082d,DNM1L,af3_holo_iptm,0.725,0.437,,2026-08-12
of3_holo_DNM1L_90207d38,DNM1L,af3_holo_iptm,0.725,0.473,,2026-08-15
of3_holo_DNM1L_d3f53045,DNM1L,af3_holo_iptm,0.725,0.477,,2026-08-12
of3_holo_DNM1L_c49d1027,DNM1L,af3_holo_iptm,0.725,0.462,,2026-08-14
of3_holo_DNM1L_00741fec,DNM1L,af3_holo_iptm,0.725,0.468,,2026-08-11
of3_holo_DNM1L_6bedac5a,DNM1L,af3_holo_iptm,0.725,0.486,,2026-08-12
of3_holo_DNM1L_427e534c,DNM1L,af3_holo_iptm,0.725,0.459,,2026-08-11
of3_holo_DNM1L_b9d9be99,DNM1L,af3_holo_iptm,0.725,0.479,,2026-08-16
of3_holo_DNM1L_3d1ffabe,DNM1L,af3_holo_iptm,0.725,0.460,,2026-08-14
of3_holo_DNM1L_a4659795,DNM1L,af3_holo_iptm,0.725,0.436,,2026-08-16
of3_holo_DNM1L_61f5679f,DNM1L,af3_holo_iptm,0.725,0.432,,2026-08-16
of3_holo_DNM1L_b159c14f,DNM1L,af3_holo_iptm,0.724,0.436,,2026-08-16
of3_holo_DNM1L_4dd8c61d,DNM1L,af3_holo_iptm,0.724,0.476,,2026-08-12
of3_holo_DNM1L_c5be1a86,DNM1L,af3_holo_iptm,0.724,0.486,,2026-08-13
of3_holo_DNM1L_15578b14,DNM1L,af3_holo_iptm,0.724,0.458,,2026-08-16
of3_holo_DNM1L_4c46e5a3,DNM1L,af3_holo_iptm,0.724,0.456,,2026-08-11
of3_holo_DNM1L_e054a580,DNM1L,af3_holo_iptm,0.724,0.459,,2026-08-13
of3_holo_DNM1L_1a00d52e,DNM1L,af3_holo_iptm,0.724,0.437,,2026-08-12
of3_holo_DNM1L_be18af9d,DNM1L,af3_holo_iptm,0.724,0.429,,2026-08-16
of3_holo_DNM1L_90fec909,DNM1L,af3_holo_iptm,0.724,0.448,,2026-08-14
of3_holo_DNM1L_86b189ee,DNM1L,af3_holo_iptm,0.724,0.461,,2026-08-16
of3_holo_DNM1L_d142468e,DNM1L,af3_holo_iptm,0.724,0.455,,2026-08-12
of3_holo_DNM1L_0b90e80f,DNM1L,af3_holo_iptm,0.724,0.462,,2026-08-13
of3_holo_DNM1L_e68be843,DNM1L,af3_holo_iptm,0.724,0.474,,2026-08-12
of3_holo_DNM1L_b4d04cf4,DNM1L,af3_holo_iptm,0.724,0.487,,2026-08-15
of3_holo_DNM1L_b5bfa8d6,DNM1L,af3_holo_iptm,0.724,0.438,,2026-08-11
of3_holo_DNM1L_9f57ff28,DNM1L,af3_holo_iptm,0.724,0.441,,2026-08-13
of3_holo_DNM1L_82043772,DNM1L,af3_holo_iptm,0.724,0.463,,2026-08-15
of3_holo_DNM1L_836eea1d,DNM1L,af3_holo_iptm,0.723,0.403,,2026-08-11
of3_holo_DNM1L_a7884a25,DNM1L,af3_holo_iptm,0.723,0.473,,2026-08-11
of3_holo_DNM1L_c13fedbc,DNM1L,af3_holo_iptm,0.723,0.445,,2026-08-14
of3_holo_DNM1L_0ba70b16,DNM1L,af3_holo_iptm,0.723,0.453,,2026-08-11
of3_holo_KEAP1_00d13186,KEAP1,af3_holo_iptm,0.723,0.493,,2026-07-29
of3_holo_DNM1L_2de919b9,DNM1L,af3_holo_iptm,0.723,0.491,,2026-08-16
of3_holo_DNM1L_7acbd590,DNM1L,af3_holo_iptm,0.723,0.469,,2026-08-13
of3_holo_DNM1L_692865f6,DNM1L,af3_holo_iptm,0.723,0.444,,2026-08-14
of3_holo_DNM1L_4a0102e2,DNM1L,af3_holo_iptm,0.723,0.443,,2026-08-14
of3_holo_DNM1L_359a25cc,DNM1L,af3_holo_iptm,0.723,0.459,,2026-08-16
of3_holo_DNM1L_7b503e38,DNM1L,af3_holo_iptm,0.723,0.446,,2026-08-16
of3_holo_DNM1L_b50dde6d,DNM1L,af3_holo_iptm,0.723,0.482,,2026-08-15
of3_holo_DNM1L_f8a96e1f,DNM1L,af3_holo_iptm,0.723,0.467,,2026-08-15
of3_holo_DNM1L_39079d6a,DNM1L,af3_holo_iptm,0.723,0.420,,2026-08-15
of3_holo_KEAP1_58267f2f,KEAP1,af3_holo_iptm,0.722,0.875,,2026-07-29
of3_holo_DNM1L_76f0d802,DNM1L,af3_holo_iptm,0.722,0.442,,2026-08-14
of3_holo_DNM1L_1a5940ba,DNM1L,af3_holo_iptm,0.722,0.457,,2026-08-11
of3_holo_DNM1L_d176a8fc,DNM1L,af3_holo_iptm,0.722,0.438,,2026-08-11
of3_holo_DNM1L_c083db70,DNM1L,af3_holo_iptm,0.722,0.470,,2026-08-15
of3_holo_DNM1L_3238d375,DNM1L,af3_holo_iptm,0.722,0.451,,2026-08-16
of3_holo_DNM1L_cd7558c6,DNM1L,af3_holo_iptm,0.722,0.449,,2026-08-12
of3_holo_DNM1L_f1600083,DNM1L,af3_holo_iptm,0.722,0.453,,2026-08-15
of3_holo_DNM1L_db861783,DNM1L,af3_holo_iptm,0.722,0.465,,2026-08-13
of3_holo_KEAP1_b9c34a5d,KEAP1,af3_holo_iptm,0.722,0.491,,2026-08-02
of3_holo_DNM1L_2df104a9,DNM1L,af3_holo_iptm,0.722,0.453,,2026-08-15
of3_holo_DNM1L_e33c84a2,DNM1L,af3_holo_iptm,0.722,0.445,,2026-08-12
of3_holo_LDHA_3cac3f35,LDHA,af3_holo_iptm,0.722,0.578,,2026-08-11
of3_holo_DNM1L_42f51228,DNM1L,af3_holo_iptm,0.722,0.453,,2026-08-16
of3_holo_DNM1L_d113a371,DNM1L,af3_holo_iptm,0.722,0.448,,2026-08-15
of3_holo_DNM1L_c72b8127,DNM1L,af3_holo_iptm,0.722,0.442,,2026-08-13
of3_holo_DNM1L_6a53d3f4,DNM1L,af3_holo_iptm,0.722,0.459,,2026-08-15
of3_holo_DNM1L_d4c3104b,DNM1L,af3_holo_iptm,0.722,0.444,,2026-08-11
of3_holo_KEAP1_a8a28114,KEAP1,af3_holo_iptm,0.721,0.503,,2026-08-02
of3_holo_DNM1L_9536b248,DNM1L,af3_holo_iptm,0.721,0.466,,2026-08-14
of3_holo_DNM1L_da9574d8,DNM1L,af3_holo_iptm,0.721,0.461,,2026-08-15
of3_holo_DNM1L_be1c0aed,DNM1L,af3_holo_iptm,0.721,0.444,,2026-08-16
of3_holo_DNM1L_6462b9f9,DNM1L,af3_holo_iptm,0.721,0.455,,2026-08-11
of3_holo_DNM1L_e26e2810,DNM1L,af3_holo_iptm,0.721,0.457,,2026-08-11
of3_holo_DNM1L_eb0d1299,DNM1L,af3_holo_iptm,0.721,0.478,,2026-08-12
of3_holo_KEAP1_7b751a22,KEAP1,af3_holo_iptm,0.721,0.475,,2026-07-29
of3_holo_DNM1L_22ba052d,DNM1L,af3_holo_iptm,0.721,0.439,,2026-08-16
of3_holo_DNM1L_db41e85d,DNM1L,af3_holo_iptm,0.721,0.455,,2026-08-16
of3_holo_DNM1L_9ba3584e,DNM1L,af3_holo_iptm,0.720,0.433,,2026-08-15
of3_holo_KEAP1_237c0166,KEAP1,af3_holo_iptm,0.720,0.837,,2026-07-29
of3_holo_DNM1L_4fb0373f,DNM1L,af3_holo_iptm,0.720,0.467,,2026-08-15
of3_holo_KEAP1_13034727,KEAP1,af3_holo_iptm,0.720,0.491,,2026-08-02
of3_holo_DNM1L_66cc145c,DNM1L,af3_holo_iptm,0.720,0.445,,2026-08-16
of3_holo_DNM1L_1ac264a9,DNM1L,af3_holo_iptm,0.720,0.437,,2026-08-11
of3_holo_DNM1L_b1d91ac5,DNM1L,af3_holo_iptm,0.720,0.434,,2026-08-15
of3_holo_DNM1L_4deeea11,DNM1L,af3_holo_iptm,0.720,0.447,,2026-08-15
agrn_x_ws1bnone_1283,"",af3_iptm,0.720,0.810,0.740,2026-07-03
prkaa2_1_550_x_prkab2_none_none,"",af3_iptm,0.720,0.710,0.880,2026-07-30
dnm1l_1_300_dimer_gtp,"",af3_iptm,0.720,0.780,0.730,2026-08-05
01_mapk14_x_tab1,"",af3_iptm,0.720,0.490,0.750,2026-06-10
24_mapk1_x_pea15,"",af3_iptm,0.720,0.860,0.800,2026-06-10
lrp4_x_ws1bnone_1263,"",af3_iptm,0.720,0.880,0.760,2026-07-03
29_kcnb1_1_180_x_kcns2_1_200,"",af3_iptm,0.720,0.680,0.830,2026-06-10
28_kcnb1_1_180_x_kcnv1_1_200,"",af3_iptm,0.720,0.710,0.870,2026-06-08
01_mapk14_x_tab1,"",af3_iptm,0.720,0.490,0.750,2026-06-08
29_kcnb1_1_180_x_kcns2_1_200,"",af3_iptm,0.720,0.680,0.830,2026-06-12
01_mapk14_x_tab1,"",af3_iptm,0.720,0.490,0.750,2026-06-12
binder454_musk_x_musk_ig1_24_128,"",af3_iptm,0.720,0.790,0.760,2026-07-25
a_x_b_203e3961,"",af3_iptm,0.720,0.870,0.760,2026-07-30
24_mapk1_x_pea15,"",af3_iptm,0.720,0.860,0.800,2026-06-12
pfn2_x_smn1_d05bd6d9,"",af3_iptm,0.720,0.500,0.880,2026-06-27
mtor_1382_1982_x_mtor_2181_2484,"",af3_iptm,0.720,0.740,0.780,2026-07-15
of3_holo_DNM1L_febbbffe,DNM1L,af3_holo_iptm,0.720,0.492,,2026-08-15
of3_holo_DNM1L_cf935a0d,DNM1L,af3_holo_iptm,0.720,0.464,,2026-08-11
of3_holo_DNM1L_6c70da06,DNM1L,af3_holo_iptm,0.720,0.459,,2026-08-15
of3_holo_DNM1L_1294a179,DNM1L,af3_holo_iptm,0.720,0.454,,2026-08-12
of3_holo_DNM1L_05af6573,DNM1L,af3_holo_iptm,0.720,0.451,,2026-08-16
of3_holo_DNM1L_2e821d68,DNM1L,af3_holo_iptm,0.720,0.461,,2026-08-13
of3_holo_DNM1L_b50ae808,DNM1L,af3_holo_iptm,0.720,0.441,,2026-08-15
of3_holo_DNM1L_bafab0c0,DNM1L,af3_holo_iptm,0.719,0.459,,2026-08-15
of3_holo_DNM1L_2d069368,DNM1L,af3_holo_iptm,0.719,0.443,,2026-08-16
of3_holo_DNM1L_bd0a4326,DNM1L,af3_holo_iptm,0.719,0.440,,2026-08-13
of3_holo_DNM1L_8d883e0a,DNM1L,af3_holo_iptm,0.719,0.435,,2026-08-13
of3_holo_DNM1L_ab9f4497,DNM1L,af3_holo_iptm,0.719,0.493,,2026-08-12
of3_holo_DNM1L_371b8fa1,DNM1L,af3_holo_iptm,0.719,0.433,,2026-08-14
of3_holo_DNM1L_38d87b67,DNM1L,af3_holo_iptm,0.719,0.447,,2026-08-15
of3_holo_KEAP1_9a742b07,KEAP1,af3_holo_iptm,0.719,0.494,,2026-07-29
of3_holo_DNM1L_beefa80c,DNM1L,af3_holo_iptm,0.719,0.448,,2026-08-16
of3_holo_DNM1L_211cb7bb,DNM1L,af3_holo_iptm,0.719,0.453,,2026-08-12
of3_holo_DNM1L_d33039c9,DNM1L,af3_holo_iptm,0.719,0.450,,2026-08-14
of3_holo_DNM1L_7733469d,DNM1L,af3_holo_iptm,0.719,0.427,,2026-08-15
of3_holo_DNM1L_826a1757,DNM1L,af3_holo_iptm,0.719,0.422,,2026-08-14
of3_holo_DNM1L_674f560e,DNM1L,af3_holo_iptm,0.719,0.479,,2026-08-16
of3_holo_DNM1L_0d2f0754,DNM1L,af3_holo_iptm,0.719,0.446,,2026-08-11
of3_holo_DNM1L_f800db3c,DNM1L,af3_holo_iptm,0.719,0.386,,2026-08-12
of3_holo_DNM1L_342eeb4e,DNM1L,af3_holo_iptm,0.719,0.445,,2026-08-15
of3_holo_DNM1L_9eab8a1b,DNM1L,af3_holo_iptm,0.718,0.477,,2026-08-15
of3_holo_DNM1L_7f9199b5,DNM1L,af3_holo_iptm,0.718,0.473,,2026-08-14
of3_holo_DNM1L_021cd0d0,DNM1L,af3_holo_iptm,0.718,0.493,,2026-08-16
of3_holo_DNM1L_7a3ad68a,DNM1L,af3_holo_iptm,0.718,0.454,,2026-08-11
of3_holo_DNM1L_c0411081,DNM1L,af3_holo_iptm,0.718,0.469,,2026-08-16
of3_holo_DNM1L_ba2a9e92,DNM1L,af3_holo_iptm,0.718,0.480,,2026-08-16
of3_holo_DNM1L_74b1d79a,DNM1L,af3_holo_iptm,0.718,0.424,,2026-08-11
of3_holo_DNM1L_0e28879c,DNM1L,af3_holo_iptm,0.718,0.491,,2026-08-15
of3_holo_DNM1L_d36b6f3d,DNM1L,af3_holo_iptm,0.718,0.435,,2026-08-13
of3_holo_DNM1L_7c7a0d23,DNM1L,af3_holo_iptm,0.718,0.480,,2026-08-14
of3_holo_DNM1L_66df61f1,DNM1L,af3_holo_iptm,0.718,0.426,,2026-08-15
of3_holo_DNM1L_7608082e,DNM1L,af3_holo_iptm,0.718,0.444,,2026-08-12
of3_holo_DNM1L_a7cc241e,DNM1L,af3_holo_iptm,0.717,0.474,,2026-08-16
of3_holo_DNM1L_b37b4cca,DNM1L,af3_holo_iptm,0.717,0.440,,2026-08-11
of3_holo_DNM1L_d4f3ffc2,DNM1L,af3_holo_iptm,0.717,0.485,,2026-08-11
of3_holo_DNM1L_df94d14e,DNM1L,af3_holo_iptm,0.717,0.450,,2026-08-15
of3_holo_DNM1L_c57a9d9e,DNM1L,af3_holo_iptm,0.717,0.482,,2026-08-15
of3_holo_DNM1L_db65cf2b,DNM1L,af3_holo_iptm,0.717,0.440,,2026-08-15
of3_holo_DNM1L_4f251749,DNM1L,af3_holo_iptm,0.717,0.433,,2026-08-11
of3_holo_DNM1L_172a62eb,DNM1L,af3_holo_iptm,0.717,0.436,,2026-08-14
of3_holo_DNM1L_d4d1f40a,DNM1L,af3_holo_iptm,0.717,0.439,,2026-08-11
of3_holo_KEAP1_4db3a44d,KEAP1,af3_holo_iptm,0.717,0.488,,2026-08-02
of3_holo_DNM1L_10f80212,DNM1L,af3_holo_iptm,0.717,0.431,,2026-08-14
of3_holo_DNM1L_98eeb8d0,DNM1L,af3_holo_iptm,0.717,0.434,,2026-08-15
of3_holo_DNM1L_11817963,DNM1L,af3_holo_iptm,0.717,0.423,,2026-08-12
of3_holo_DNM1L_cf8da4c4,DNM1L,af3_holo_iptm,0.717,0.483,,2026-08-16
of3_holo_DNM1L_8fa785fd,DNM1L,af3_holo_iptm,0.716,0.448,,2026-08-15
of3_holo_DNM1L_ddea4c65,DNM1L,af3_holo_iptm,0.716,0.480,,2026-08-16
of3_holo_DNM1L_f76c5ea7,DNM1L,af3_holo_iptm,0.716,0.486,,2026-08-11
of3_holo_DNM1L_1cf434a4,DNM1L,af3_holo_iptm,0.716,0.441,,2026-08-11
of3_holo_DNM1L_39ae33ba,DNM1L,af3_holo_iptm,0.716,0.447,,2026-08-15
of3_holo_DNM1L_1cdc782c,DNM1L,af3_holo_iptm,0.716,0.472,,2026-08-11
of3_holo_DNM1L_433cba8d,DNM1L,af3_holo_iptm,0.716,0.416,,2026-08-15
of3_holo_DNM1L_4286c9f4,DNM1L,af3_holo_iptm,0.716,0.462,,2026-08-13
of3_holo_DNM1L_a20db06c,DNM1L,af3_holo_iptm,0.715,0.439,,2026-08-11
of3_holo_DNM1L_a923bfb7,DNM1L,af3_holo_iptm,0.715,0.458,,2026-08-14
of3_holo_DNM1L_bf82ef56,DNM1L,af3_holo_iptm,0.715,0.431,,2026-08-11
of3_holo_DNM1L_819b400f,DNM1L,af3_holo_iptm,0.715,0.464,,2026-08-16
of3_holo_DNM1L_010dafd1,DNM1L,af3_holo_iptm,0.715,0.411,,2026-08-12
of3_holo_DNM1L_d1fcbacc,DNM1L,af3_holo_iptm,0.715,0.465,,2026-08-15
of3_holo_DNM1L_d2c5b71d,DNM1L,af3_holo_iptm,0.715,0.432,,2026-08-12
of3_holo_DNM1L_39f75243,DNM1L,af3_holo_iptm,0.715,0.446,,2026-08-12
of3_holo_DNM1L_08abecf5,DNM1L,af3_holo_iptm,0.715,0.480,,2026-08-16
of3_holo_DNM1L_8f2e3698,DNM1L,af3_holo_iptm,0.715,0.419,,2026-08-12
of3_holo_DNM1L_406225da,DNM1L,af3_holo_iptm,0.715,0.445,,2026-08-16
of3_holo_KEAP1_aa6b1a86,KEAP1,af3_holo_iptm,0.715,0.492,,2026-08-02
of3_holo_DNM1L_50c9976c,DNM1L,af3_holo_iptm,0.715,0.468,,2026-08-15
of3_holo_DNM1L_2560b4e7,DNM1L,af3_holo_iptm,0.714,0.457,,2026-08-16
of3_holo_KEAP1_d30d5bd4,KEAP1,af3_holo_iptm,0.714,0.492,,2026-08-01
of3_holo_KEAP1_acb041d2,KEAP1,af3_holo_iptm,0.714,0.492,,2026-08-02
of3_holo_DNM1L_15eae534,DNM1L,af3_holo_iptm,0.714,0.454,,2026-08-12
of3_holo_DNM1L_d71f0559,DNM1L,af3_holo_iptm,0.714,0.457,,2026-08-12
of3_holo_DNM1L_772d0b57,DNM1L,af3_holo_iptm,0.714,0.438,,2026-08-16
of3_holo_DNM1L_2b449f5a,DNM1L,af3_holo_iptm,0.714,0.465,,2026-08-16
of3_holo_DNM1L_cafdae15,DNM1L,af3_holo_iptm,0.714,0.458,,2026-08-13
of3_holo_DNM1L_c98aac66,DNM1L,af3_holo_iptm,0.714,0.434,,2026-08-12
of3_holo_DNM1L_95382770,DNM1L,af3_holo_iptm,0.714,0.452,,2026-08-15
of3_holo_DNM1L_43c8e224,DNM1L,af3_holo_iptm,0.714,0.482,,2026-08-14
of3_holo_DNM1L_6a584885,DNM1L,af3_holo_iptm,0.714,0.479,,2026-08-11
of3_holo_DNM1L_b2dfde4e,DNM1L,af3_holo_iptm,0.713,0.476,,2026-08-14
of3_holo_KEAP1_7ced042d,KEAP1,af3_holo_iptm,0.713,0.493,,2026-08-02
of3_holo_DNM1L_f0e03e89,DNM1L,af3_holo_iptm,0.713,0.460,,2026-08-11
of3_holo_DNM1L_0efb5eaf,DNM1L,af3_holo_iptm,0.713,0.417,,2026-08-11
of3_holo_PGK1_19f48ad5,PGK1,af3_holo_iptm,0.713,0.549,,2026-08-13
of3_holo_KEAP1_f9558318,KEAP1,af3_holo_iptm,0.713,0.499,,2026-07-29
of3_holo_DNM1L_e4e72126,DNM1L,af3_holo_iptm,0.713,0.482,,2026-08-12
of3_holo_KEAP1_4ad45400,KEAP1,af3_holo_iptm,0.713,0.491,,2026-08-02
of3_holo_DNM1L_195c2482,DNM1L,af3_holo_iptm,0.713,0.448,,2026-08-15
of3_holo_DNM1L_c095e6ba,DNM1L,af3_holo_iptm,0.712,0.471,,2026-08-14
of3_holo_KEAP1_a3ed6775,KEAP1,af3_holo_iptm,0.712,0.493,,2026-08-02
of3_holo_DNM1L_5b00d39e,DNM1L,af3_holo_iptm,0.712,0.441,,2026-08-11
of3_holo_KEAP1_64e31f8a,KEAP1,af3_holo_iptm,0.712,0.490,,2026-08-02
of3_holo_DNM1L_15fd8f22,DNM1L,af3_holo_iptm,0.712,0.468,,2026-08-13
of3_holo_DNM1L_295ef0ad,DNM1L,af3_holo_iptm,0.712,0.446,,2026-08-16
of3_holo_DNM1L_320bd6d0,DNM1L,af3_holo_iptm,0.712,0.445,,2026-08-15
of3_holo_DNM1L_85ad20ec,DNM1L,af3_holo_iptm,0.712,0.438,,2026-08-11
of3_holo_DNM1L_0041e87e,DNM1L,af3_holo_iptm,0.711,0.470,,2026-08-16
of3_holo_DNM1L_42e8df4d,DNM1L,af3_holo_iptm,0.711,0.450,,2026-08-12
of3_holo_DNM1L_7544c0a5,DNM1L,af3_holo_iptm,0.711,0.450,,2026-08-15
of3_holo_DNM1L_e94a21be,DNM1L,af3_holo_iptm,0.711,0.482,,2026-08-16
of3_holo_DNM1L_5a2db607,DNM1L,af3_holo_iptm,0.711,0.431,,2026-08-15
of3_holo_KEAP1_367a6054,KEAP1,af3_holo_iptm,0.711,0.491,,2026-08-02
of3_holo_KEAP1_8c211d0b,KEAP1,af3_holo_iptm,0.711,0.492,,2026-08-02
of3_holo_DNM1L_33b2ee2c,DNM1L,af3_holo_iptm,0.711,0.467,,2026-08-13
of3_holo_KEAP1_b9ddeea3,KEAP1,af3_holo_iptm,0.711,0.848,,2026-07-29
of3_holo_DNM1L_03b288f6,DNM1L,af3_holo_iptm,0.711,0.457,,2026-08-14
of3_holo_DNM1L_8f86df13,DNM1L,af3_holo_iptm,0.710,0.465,,2026-08-15
of3_holo_KEAP1_5c33a6fa,KEAP1,af3_holo_iptm,0.710,0.492,,2026-08-02
of3_holo_DNM1L_7891985c,DNM1L,af3_holo_iptm,0.710,0.424,,2026-08-16
sarm1_tir_560_724_dimer,"",af3_iptm,0.710,0.760,0.780,2026-08-05
mapk14_x_dusp1,"",af3_iptm,0.710,0.650,0.840,2026-06-30
binder6135_lrp4_x_lrp4_beta1_prop_435_697,"",af3_iptm,0.710,0.750,0.720,2026-07-20
039_mapk10_x_gstp1,"",af3_iptm,0.710,0.530,0.750,2026-06-18
039_mapk10_x_gstp1,"",af3_iptm,0.710,0.530,0.750,2026-06-21
096_mapk8_x_mapk8ip1,"",af3_iptm,0.710,0.390,0.870,2026-06-18
binder180_musk_ig2_x_musk_ig2_117_210,"",af3_iptm,0.710,0.790,0.730,2026-07-25
039_mapk10_x_gstp1_2,"",af3_iptm,0.710,0.530,0.750,2026-08-06
a_x_b_1879f07b,"",af3_iptm,0.710,0.870,0.750,2026-08-01
keap1_x_binder_utthm2si,"",af3_iptm,0.710,0.730,0.760,2026-07-28
24_kcnb1_1_180_x_kcns3_1_200,"",af3_iptm,0.710,0.670,0.860,2026-06-05
of3_holo_KEAP1_5d4bb6ce,KEAP1,af3_holo_iptm,0.710,0.492,,2026-08-02
of3_holo_DNM1L_23f1432b,DNM1L,af3_holo_iptm,0.710,0.432,,2026-08-15
of3_holo_DNM1L_e1ae8132,DNM1L,af3_holo_iptm,0.710,0.479,,2026-08-14
of3_holo_DNM1L_7a3b7770,DNM1L,af3_holo_iptm,0.710,0.480,,2026-08-14
of3_holo_DNM1L_8f7c1b7b,DNM1L,af3_holo_iptm,0.710,0.450,,2026-08-15
of3_holo_DNM1L_e59aa1a8,DNM1L,af3_holo_iptm,0.710,0.459,,2026-08-13
of3_holo_DNM1L_c0ddfe68,DNM1L,af3_holo_iptm,0.710,0.464,,2026-08-13
of3_holo_KEAP1_e0c79ac4,KEAP1,af3_holo_iptm,0.710,0.491,,2026-08-02
of3_holo_DNM1L_e0c3f7d1,DNM1L,af3_holo_iptm,0.709,0.452,,2026-08-15
of3_holo_DNM1L_eea55601,DNM1L,af3_holo_iptm,0.709,0.460,,2026-08-12
of3_holo_DNM1L_965dc90a,DNM1L,af3_holo_iptm,0.709,0.456,,2026-08-12
of3_holo_DNM1L_55223e8b,DNM1L,af3_holo_iptm,0.709,0.454,,2026-08-11
of3_holo_KEAP1_a3fc15be,KEAP1,af3_holo_iptm,0.709,0.866,,2026-07-29
of3_holo_KEAP1_42f3504d,KEAP1,af3_holo_iptm,0.709,0.500,,2026-08-02
of3_holo_DNM1L_3d10ed61,DNM1L,af3_holo_iptm,0.709,0.446,,2026-08-12
of3_holo_DNM1L_4cd389a6,DNM1L,af3_holo_iptm,0.708,0.454,,2026-08-14
of3_holo_DNM1L_f2227d10,DNM1L,af3_holo_iptm,0.708,0.459,,2026-08-15
of3_holo_DNM1L_48931e1b,DNM1L,af3_holo_iptm,0.708,0.449,,2026-08-12
of3_holo_DNM1L_8b5560e4,DNM1L,af3_holo_iptm,0.708,0.496,,2026-08-11
of3_holo_DNM1L_ee98d651,DNM1L,af3_holo_iptm,0.708,0.431,,2026-08-15
of3_holo_DNM1L_9f09b540,DNM1L,af3_holo_iptm,0.708,0.449,,2026-08-15
of3_holo_KEAP1_2bbb592f,KEAP1,af3_holo_iptm,0.707,0.493,,2026-08-02
of3_holo_DNM1L_acc41101,DNM1L,af3_holo_iptm,0.707,0.462,,2026-08-12
of3_holo_DNM1L_a3338ef6,DNM1L,af3_holo_iptm,0.707,0.454,,2026-08-11
of3_holo_DNM1L_fef694ce,DNM1L,af3_holo_iptm,0.707,0.459,,2026-08-16
of3_holo_DNM1L_90ebd722,DNM1L,af3_holo_iptm,0.707,0.464,,2026-08-12
of3_holo_DNM1L_43571aa7,DNM1L,af3_holo_iptm,0.707,0.449,,2026-08-14
of3_holo_DNM1L_c7a01bb0,DNM1L,af3_holo_iptm,0.706,0.451,,2026-08-16
of3_holo_DNM1L_226d2106,DNM1L,af3_holo_iptm,0.706,0.446,,2026-08-13
of3_holo_DNM1L_d37a359c,DNM1L,af3_holo_iptm,0.706,0.428,,2026-08-11
of3_holo_DNM1L_4bb78196,DNM1L,af3_holo_iptm,0.706,0.459,,2026-08-12
of3_holo_DNM1L_6ecdb28b,DNM1L,af3_holo_iptm,0.706,0.432,,2026-08-14
of3_holo_DNM1L_f677c421,DNM1L,af3_holo_iptm,0.706,0.441,,2026-08-16
of3_holo_DNM1L_bf49a8fc,DNM1L,af3_holo_iptm,0.706,0.438,,2026-08-15
of3_holo_DNM1L_80ef491a,DNM1L,af3_holo_iptm,0.706,0.463,,2026-08-12
of3_holo_DNM1L_3bc7300c,DNM1L,af3_holo_iptm,0.705,0.475,,2026-08-14
of3_holo_DNM1L_64172a68,DNM1L,af3_holo_iptm,0.705,0.481,,2026-08-14
of3_holo_DNM1L_a247469e,DNM1L,af3_holo_iptm,0.705,0.487,,2026-08-15
of3_holo_DNM1L_ba243902,DNM1L,af3_holo_iptm,0.705,0.454,,2026-08-13
of3_holo_KEAP1_5ea9cfcb,KEAP1,af3_holo_iptm,0.705,0.495,,2026-08-02
of3_holo_DNM1L_f3053ff3,DNM1L,af3_holo_iptm,0.705,0.453,,2026-08-11
of3_holo_DNM1L_1727c0dd,DNM1L,af3_holo_iptm,0.705,0.452,,2026-08-15
of3_holo_DNM1L_c4fceafd,DNM1L,af3_holo_iptm,0.704,0.442,,2026-08-13
of3_holo_DNM1L_4d207d3e,DNM1L,af3_holo_iptm,0.704,0.470,,2026-08-16
of3_holo_DNM1L_84929cd0,DNM1L,af3_holo_iptm,0.704,0.470,,2026-08-12
of3_holo_DNM1L_d34c863a,DNM1L,af3_holo_iptm,0.704,0.449,,2026-08-15
of3_holo_KEAP1_7644013c,KEAP1,af3_holo_iptm,0.704,0.490,,2026-07-29
of3_holo_DNM1L_d513460f,DNM1L,af3_holo_iptm,0.703,0.449,,2026-08-15
of3_holo_KEAP1_ef9b4fe8,KEAP1,af3_holo_iptm,0.703,0.496,,2026-08-02
of3_holo_DNM1L_59b360e1,DNM1L,af3_holo_iptm,0.703,0.462,,2026-08-13
of3_holo_DNM1L_126219e7,DNM1L,af3_holo_iptm,0.703,0.455,,2026-08-12
of3_holo_DNM1L_1e76f06c,DNM1L,af3_holo_iptm,0.703,0.485,,2026-08-16
of3_holo_DNM1L_1289dadb,DNM1L,af3_holo_iptm,0.703,0.449,,2026-08-15
of3_holo_DNM1L_ec721297,DNM1L,af3_holo_iptm,0.702,0.481,,2026-08-15
of3_holo_DNM1L_05417ee6,DNM1L,af3_holo_iptm,0.702,0.455,,2026-08-11
of3_holo_KEAP1_a2afc1a0,KEAP1,af3_holo_iptm,0.702,0.477,,2026-07-29
of3_holo_DNM1L_96a6dc73,DNM1L,af3_holo_iptm,0.702,0.432,,2026-08-12
of3_holo_DNM1L_11ecbd23,DNM1L,af3_holo_iptm,0.701,0.464,,2026-08-16
of3_holo_DNM1L_90a7da5e,DNM1L,af3_holo_iptm,0.701,0.427,,2026-08-16
of3_holo_DNM1L_39ba10a3,DNM1L,af3_holo_iptm,0.701,0.435,,2026-08-11
of3_holo_DNM1L_857d7618,DNM1L,af3_holo_iptm,0.701,0.455,,2026-08-12
of3_holo_DNM1L_ce1625f3,DNM1L,af3_holo_iptm,0.701,0.448,,2026-08-14
of3_holo_DNM1L_39929075,DNM1L,af3_holo_iptm,0.701,0.427,,2026-08-14
of3_holo_DNM1L_8ecd01ff,DNM1L,af3_holo_iptm,0.701,0.446,,2026-08-13
of3_holo_DNM1L_ecc95b51,DNM1L,af3_holo_iptm,0.700,0.478,,2026-08-16
of3_holo_DNM1L_1faa32c0,DNM1L,af3_holo_iptm,0.700,0.456,,2026-08-11
musk_x_dok7,"",af3_iptm,0.700,0.710,0.760,2026-07-03
079_mapk9_x_gstp1,"",af3_iptm,0.700,0.520,0.720,2026-06-18
binder109_musk_ig1_x_musk_ig1_24_128,"",af3_iptm,0.700,0.790,0.740,2026-07-25
31_prkaa1_x_prkab1,"",af3_iptm,0.700,0.700,0.860,2026-06-21
binder6810_lrp4_x_lrp4_beta1_prop_435_697,"",af3_iptm,0.700,0.830,0.730,2026-07-21
45_dpysl2_x_dpysl3,"",af3_iptm,0.700,0.770,0.800,2026-06-12
mapk12_x_map2k3,"",af3_iptm,0.700,0.800,0.720,2026-06-30
45_dpysl2_x_dpysl3,"",af3_iptm,0.700,0.770,0.800,2026-06-10
27_kcnb1_1_180_x_kcng3_1_200,"",af3_iptm,0.700,0.650,0.840,2026-06-08
stmn2_tubb3,"",af3_iptm,0.700,0.740,0.840,2026-08-01
bdnf_x_ntrk2_ig2,"",af3_iptm,0.700,0.530,0.880,2026-05-16
105_mapk8_x_atf2,"",af3_iptm,0.700,0.470,0.920,2026-06-18
binder6147_agrn_x_agrn_lg3_1868_2065,"",af3_iptm,0.700,0.800,0.720,2026-07-24
118_mapk8_x_dusp16,"",af3_iptm,0.700,0.530,0.860,2026-06-18
078_mapk9_x_dusp16,"",af3_iptm,0.700,0.540,0.860,2026-06-18
of3_holo_KEAP1_f3604442,KEAP1,af3_holo_iptm,0.700,0.494,,2026-08-02
of3_holo_DNM1L_9d2b07cb,DNM1L,af3_holo_iptm,0.700,0.472,,2026-08-16
of3_holo_KEAP1_cb28b2c3,KEAP1,af3_holo_iptm,0.700,0.499,,2026-07-29
of3_holo_DNM1L_4d96c299,DNM1L,af3_holo_iptm,0.700,0.438,,2026-08-14
of3_holo_DNM1L_4d971874,DNM1L,af3_holo_iptm,0.700,0.451,,2026-08-11
of3_holo_DNM1L_a16c8b1c,DNM1L,af3_holo_iptm,0.699,0.484,,2026-08-13
of3_holo_DNM1L_d29d5198,DNM1L,af3_holo_iptm,0.699,0.490,,2026-08-14
of3_holo_DNM1L_99c2f93d,DNM1L,af3_holo_iptm,0.699,0.448,,2026-08-15
of3_holo_DNM1L_6e3d1da0,DNM1L,af3_holo_iptm,0.699,0.452,,2026-08-14
of3_holo_DNM1L_3dbe8326,DNM1L,af3_holo_iptm,0.699,0.449,,2026-08-14
of3_holo_DNM1L_0a194a12,DNM1L,af3_holo_iptm,0.699,0.427,,2026-08-15
of3_holo_DNM1L_402a9aab,DNM1L,af3_holo_iptm,0.699,0.455,,2026-08-15
of3_holo_DNM1L_9c9cdaf2,DNM1L,af3_holo_iptm,0.699,0.469,,2026-08-13
of3_holo_DNM1L_884d668d,DNM1L,af3_holo_iptm,0.698,0.442,,2026-08-13
of3_holo_DNM1L_5ec6d806,DNM1L,af3_holo_iptm,0.698,0.439,,2026-08-12
of3_holo_DNM1L_54aadd0c,DNM1L,af3_holo_iptm,0.698,0.425,,2026-08-16
of3_holo_DNM1L_8e714222,DNM1L,af3_holo_iptm,0.698,0.429,,2026-08-12
of3_holo_DNM1L_d5d08136,DNM1L,af3_holo_iptm,0.697,0.448,,2026-08-15
of3_holo_DNM1L_61737602,DNM1L,af3_holo_iptm,0.697,0.472,,2026-08-16
of3_holo_DNM1L_968f4c8b,DNM1L,af3_holo_iptm,0.697,0.481,,2026-08-12
of3_holo_DNM1L_7ffdcc69,DNM1L,af3_holo_iptm,0.697,0.451,,2026-08-12
of3_holo_DNM1L_18693175,DNM1L,af3_holo_iptm,0.697,0.454,,2026-08-14
of3_holo_DNM1L_a3a12c78,DNM1L,af3_holo_iptm,0.697,0.470,,2026-08-16
of3_holo_DNM1L_96b4aa0d,DNM1L,af3_holo_iptm,0.696,0.465,,2026-08-11
of3_holo_DNM1L_3674f932,DNM1L,af3_holo_iptm,0.696,0.416,,2026-08-12
of3_holo_DNM1L_0e83511a,DNM1L,af3_holo_iptm,0.696,0.451,,2026-08-16
of3_holo_DNM1L_186b01d0,DNM1L,af3_holo_iptm,0.696,0.448,,2026-08-15
of3_holo_DNM1L_a73ac587,DNM1L,af3_holo_iptm,0.695,0.448,,2026-08-14
of3_holo_KEAP1_16762c51,KEAP1,af3_holo_iptm,0.695,0.497,,2026-07-29
of3_holo_DNM1L_a482084a,DNM1L,af3_holo_iptm,0.695,0.491,,2026-08-11
of3_holo_KEAP1_2c3ca488,KEAP1,af3_holo_iptm,0.695,0.495,,2026-07-29
of3_holo_DNM1L_1a822a9c,DNM1L,af3_holo_iptm,0.695,0.452,,2026-08-12
of3_holo_DNM1L_ac25d8af,DNM1L,af3_holo_iptm,0.695,0.451,,2026-08-15
of3_holo_DNM1L_c58b32c4,DNM1L,af3_holo_iptm,0.695,0.428,,2026-08-13
of3_holo_DNM1L_429266be,DNM1L,af3_holo_iptm,0.695,0.463,,2026-08-11
of3_holo_DNM1L_e035a989,DNM1L,af3_holo_iptm,0.694,0.456,,2026-08-16
of3_holo_DNM1L_009adb24,DNM1L,af3_holo_iptm,0.694,0.445,,2026-08-11
of3_holo_DNM1L_4ce82571,DNM1L,af3_holo_iptm,0.694,0.432,,2026-08-15
of3_holo_DNM1L_69b16f1e,DNM1L,af3_holo_iptm,0.694,0.446,,2026-08-16
of3_holo_DNM1L_9243c14d,DNM1L,af3_holo_iptm,0.694,0.434,,2026-08-13
of3_holo_DNM1L_f065fb5e,DNM1L,af3_holo_iptm,0.694,0.451,,2026-08-16
of3_holo_DNM1L_198fae15,DNM1L,af3_holo_iptm,0.693,0.462,,2026-08-16
of3_holo_DNM1L_b694700b,DNM1L,af3_holo_iptm,0.693,0.462,,2026-08-14
of3_holo_KEAP1_66ac53b6,KEAP1,af3_holo_iptm,0.693,0.486,,2026-07-29
of3_holo_DNM1L_78afcc69,DNM1L,af3_holo_iptm,0.693,0.474,,2026-08-12
of3_holo_KEAP1_aa0af892,KEAP1,af3_holo_iptm,0.693,0.494,,2026-08-02
of3_holo_DNM1L_ff9d9b1e,DNM1L,af3_holo_iptm,0.692,0.460,,2026-08-16
of3_holo_DNM1L_ce0cdfa9,DNM1L,af3_holo_iptm,0.692,0.443,,2026-08-14
of3_holo_DNM1L_2bcd39f6,DNM1L,af3_holo_iptm,0.692,0.452,,2026-08-14
of3_holo_DNM1L_d9936ada,DNM1L,af3_holo_iptm,0.692,0.464,,2026-08-13
of3_holo_DNM1L_07f55faf,DNM1L,af3_holo_iptm,0.692,0.479,,2026-08-13
of3_holo_DNM1L_dd386af0,DNM1L,af3_holo_iptm,0.692,0.464,,2026-08-11
of3_holo_DNM1L_57dc843e,DNM1L,af3_holo_iptm,0.692,0.489,,2026-08-12
of3_holo_KEAP1_7c714e40,KEAP1,af3_holo_iptm,0.692,0.809,,2026-07-29
of3_holo_DNM1L_c1244676,DNM1L,af3_holo_iptm,0.692,0.457,,2026-08-16
of3_holo_DNM1L_c5b459c1,DNM1L,af3_holo_iptm,0.691,0.469,,2026-08-14
of3_holo_DNM1L_6664067d,DNM1L,af3_holo_iptm,0.691,0.458,,2026-08-13
of3_holo_DNM1L_fcf7e83c,DNM1L,af3_holo_iptm,0.691,0.478,,2026-08-15
of3_holo_DNM1L_ce05715c,DNM1L,af3_holo_iptm,0.691,0.418,,2026-08-16
of3_holo_DNM1L_ae43f799,DNM1L,af3_holo_iptm,0.690,0.444,,2026-08-15
05_keap1_bp_19puuxgr8uue92mzobru_bc24,"",af3_iptm,0.690,0.890,0.730,2026-07-04
48_stmn2_x_tubb3,"",af3_iptm,0.690,0.730,0.830,2026-06-07
p38d_x_mk3,"",af3_iptm,0.690,0.550,0.720,2026-08-13
mito_dnm1l_gtpase_dimer_s7,"",af3_iptm,0.690,0.770,0.710,2026-08-13
binder7131_lrp4_x_lrp4_beta1_prop_435_697,"",af3_iptm,0.690,0.850,0.720,2026-07-21
ldha_1_332_dimer_nad,"",af3_iptm,0.690,0.800,0.730,2026-08-05
48_stmn2_x_tubb3,"",af3_iptm,0.690,0.730,0.830,2026-06-08
90_bnip3l_x_map1lc3b,"",af3_iptm,0.690,0.420,0.950,2026-06-21
binder6462_agrn_x_agrn_lg3_1868_2065,"",af3_iptm,0.690,0.780,0.700,2026-07-20
binder_rock2_job_0_n_414_id_1_bon_orig0_r1,"",af3_iptm,0.690,0.800,0.710,2026-05-16
23_kcnb1_1_180_x_kcng4_1_200,"",af3_iptm,0.690,0.680,0.840,2026-06-05
097_mapk8_x_mapk8ip2,"",af3_iptm,0.690,0.380,0.860,2026-06-18
erbb2_23_646_erbb4_20_640,"",af3_iptm,0.690,0.680,0.690,2026-07-31
keap1_1_180_cul3_20_384,"",af3_iptm,0.690,0.800,0.770,2026-08-01
pkm2_1_531_cit,PKM,af3_iptm,0.690,0.910,0.750,2026-08-05
binder_rock2_job_0_n_414_id_1_bon_orig0_r1,"",af3_iptm,0.690,0.800,0.710,2026-05-17
mito_dnm1l_gtpase_dimer_s42,"",af3_iptm,0.690,0.770,0.710,2026-08-14
90_bnip3l_x_map1lc3b,"",af3_iptm,0.690,0.420,0.950,2026-06-19
binder_rock2_job_0_n_414_id_1_bon_orig0_r1,"",af3_iptm,0.690,0.800,0.710,2026-05-14
of3_holo_DNM1L_9b10d656,DNM1L,af3_holo_iptm,0.690,0.473,,2026-08-12
of3_holo_DNM1L_40f162c9,DNM1L,af3_holo_iptm,0.690,0.440,,2026-08-11
of3_holo_DNM1L_a2fa9686,DNM1L,af3_holo_iptm,0.689,0.468,,2026-08-13
of3_holo_DNM1L_0b7df2f5,DNM1L,af3_holo_iptm,0.689,0.456,,2026-08-16
of3_holo_DNM1L_441887ca,DNM1L,af3_holo_iptm,0.689,0.444,,2026-08-12
of3_holo_DNM1L_c5dbab4a,DNM1L,af3_holo_iptm,0.689,0.448,,2026-08-13
of3_holo_KEAP1_12e5065e,KEAP1,af3_holo_iptm,0.688,0.866,,2026-07-29
of3_holo_DNM1L_b63172a7,DNM1L,af3_holo_iptm,0.688,0.455,,2026-08-14
of3_holo_DNM1L_b6bac461,DNM1L,af3_holo_iptm,0.688,0.457,,2026-08-16
of3_holo_DNM1L_3532deed,DNM1L,af3_holo_iptm,0.688,0.482,,2026-08-12
of3_holo_DNM1L_5c392c0e,DNM1L,af3_holo_iptm,0.688,0.455,,2026-08-16
of3_holo_KEAP1_82acbc53,KEAP1,af3_holo_iptm,0.688,0.848,,2026-07-29
of3_holo_DNM1L_515fdc24,DNM1L,af3_holo_iptm,0.688,0.475,,2026-08-11
of3_holo_DNM1L_6032b037,DNM1L,af3_holo_iptm,0.688,0.448,,2026-08-16
of3_holo_DNM1L_942978e0,DNM1L,af3_holo_iptm,0.688,0.460,,2026-08-11
of3_holo_DNM1L_eea9fae8,DNM1L,af3_holo_iptm,0.688,0.493,,2026-08-15
of3_holo_KEAP1_55d3bafd,KEAP1,af3_holo_iptm,0.687,0.489,,2026-08-02
of3_holo_KEAP1_ce0ecba2,KEAP1,af3_holo_iptm,0.687,0.489,,2026-07-29
of3_holo_DNM1L_151b6e57,DNM1L,af3_holo_iptm,0.687,0.444,,2026-08-11
of3_holo_KEAP1_5bfeaa8c,KEAP1,af3_holo_iptm,0.687,0.485,,2026-07-29
of3_holo_DNM1L_0fb735d9,DNM1L,af3_holo_iptm,0.687,0.464,,2026-08-14
of3_holo_DNM1L_91a52e3e,DNM1L,af3_holo_iptm,0.687,0.454,,2026-08-16
of3_holo_DNM1L_c73e5565,DNM1L,af3_holo_iptm,0.687,0.469,,2026-08-15
of3_holo_KEAP1_440871e9,KEAP1,af3_holo_iptm,0.686,0.480,,2026-08-02
of3_holo_DNM1L_904359d4,DNM1L,af3_holo_iptm,0.686,0.451,,2026-08-13
of3_holo_DNM1L_adf377b9,DNM1L,af3_holo_iptm,0.685,0.478,,2026-08-16
of3_holo_DNM1L_e0786bac,DNM1L,af3_holo_iptm,0.685,0.472,,2026-08-16
of3_holo_DNM1L_93841e68,DNM1L,af3_holo_iptm,0.685,0.460,,2026-08-14
of3_holo_PGK1_d3ae8a0f,PGK1,af3_holo_iptm,0.685,0.465,,2026-08-14
of3_holo_DNM1L_296a7b19,DNM1L,af3_holo_iptm,0.685,0.457,,2026-08-11
of3_holo_DNM1L_46f758dd,DNM1L,af3_holo_iptm,0.685,0.469,,2026-08-15
of3_holo_DNM1L_53630ab1,DNM1L,af3_holo_iptm,0.685,0.467,,2026-08-12
of3_holo_DNM1L_a2ff4325,DNM1L,af3_holo_iptm,0.684,0.426,,2026-08-15
of3_holo_DNM1L_d3952f91,DNM1L,af3_holo_iptm,0.684,0.449,,2026-08-12
of3_holo_DNM1L_42c88804,DNM1L,af3_holo_iptm,0.684,0.461,,2026-08-16
of3_holo_DNM1L_1bf7a938,DNM1L,af3_holo_iptm,0.684,0.479,,2026-08-11
of3_holo_DNM1L_41da8bde,DNM1L,af3_holo_iptm,0.683,0.455,,2026-08-15
of3_holo_DNM1L_6e1c4886,DNM1L,af3_holo_iptm,0.683,0.452,,2026-08-16
of3_holo_DNM1L_8456c949,DNM1L,af3_holo_iptm,0.683,0.466,,2026-08-12
of3_holo_DNM1L_5ef69fd3,DNM1L,af3_holo_iptm,0.683,0.430,,2026-08-12
of3_holo_PKM2_d4f70f4f,PKM2,af3_holo_iptm,0.683,0.431,,2026-08-11
of3_holo_DNM1L_820246b4,DNM1L,af3_holo_iptm,0.682,0.450,,2026-08-15
of3_holo_DNM1L_4e8e4a6d,DNM1L,af3_holo_iptm,0.682,0.457,,2026-08-11
of3_holo_DNM1L_465e36b0,DNM1L,af3_holo_iptm,0.682,0.442,,2026-08-16
of3_holo_DNM1L_aca25ac9,DNM1L,af3_holo_iptm,0.682,0.496,,2026-08-13
of3_holo_DNM1L_b3670b2d,DNM1L,af3_holo_iptm,0.682,0.454,,2026-08-15
of3_holo_DNM1L_0517272f,DNM1L,af3_holo_iptm,0.682,0.466,,2026-08-15
of3_holo_KEAP1_fc53b09c,KEAP1,af3_holo_iptm,0.681,0.480,,2026-08-01
of3_holo_DNM1L_6395df3d,DNM1L,af3_holo_iptm,0.681,0.480,,2026-08-11
of3_holo_DNM1L_db4fc067,DNM1L,af3_holo_iptm,0.681,0.465,,2026-08-12
of3_holo_DNM1L_cc3b01df,DNM1L,af3_holo_iptm,0.681,0.463,,2026-08-12
of3_holo_DNM1L_da36413d,DNM1L,af3_holo_iptm,0.681,0.458,,2026-08-16
of3_holo_PKM2_698324a4,PKM2,af3_holo_iptm,0.680,0.450,,2026-08-12
mapk12_x_map2k6,"",af3_iptm,0.680,0.770,0.710,2026-06-30
dnm1l_x_fis1,"",af3_iptm,0.680,0.370,0.800,2026-06-30
dnm1l_x_fis1,"",af3_iptm,0.680,0.370,0.800,2026-06-29
agrn_lg3z19_x_lrp4_bp4,"",af3_iptm,0.680,0.760,0.710,2026-08-10
66_mapk13_x_mapkapk3,"",af3_iptm,0.680,0.540,0.710,2026-06-12
016_mapk10_x_mapk8ip1,"",af3_iptm,0.680,0.390,0.850,2026-06-21
11_map2k6_x_mapk12,"",af3_iptm,0.680,0.780,0.740,2026-06-12
12_map2k6_x_mapk13,"",af3_iptm,0.680,0.770,0.730,2026-06-08
11_map2k6_x_mapk12,"",af3_iptm,0.680,0.780,0.740,2026-06-08
18_map2k6_x_mapk11,"",af3_iptm,0.680,0.740,0.720,2026-06-05
66_mapk13_x_mapkapk3,"",af3_iptm,0.680,0.540,0.710,2026-06-14
erbb3_675_1000_erbb4_690_1010,"",af3_iptm,0.680,0.750,0.750,2026-08-02
binder132_musk_ig2_x_musk_ig2_117_210,"",af3_iptm,0.680,0.800,0.700,2026-07-25
016_mapk10_x_mapk8ip1,"",af3_iptm,0.680,0.390,0.850,2026-06-18
rictor_126_376_x_mtor_1876_2126,"",af3_iptm,0.680,0.610,0.680,2026-07-26
11_map2k6_x_mapk12,"",af3_iptm,0.680,0.780,0.740,2026-06-10
of3_holo_DNM1L_d15aa595,DNM1L,af3_holo_iptm,0.679,0.499,,2026-08-16
of3_holo_DNM1L_5b0cc674,DNM1L,af3_holo_iptm,0.679,0.472,,2026-08-11
of3_holo_DNM1L_3ef70a6c,DNM1L,af3_holo_iptm,0.678,0.419,,2026-08-15
of3_holo_DNM1L_49f00d19,DNM1L,af3_holo_iptm,0.678,0.432,,2026-08-16
of3_holo_KEAP1_30d46847,KEAP1,af3_holo_iptm,0.678,0.491,,2026-07-29
of3_holo_PGK1_3c28a63f,PGK1,af3_holo_iptm,0.677,0.477,,2026-08-13
of3_holo_DNM1L_1eb70efb,DNM1L,af3_holo_iptm,0.677,0.455,,2026-08-15
of3_holo_KEAP1_969ca932,KEAP1,af3_holo_iptm,0.677,0.487,,2026-07-29
of3_holo_LDHA_67eba1cb,LDHA,af3_holo_iptm,0.677,0.530,,2026-08-12
of3_holo_KEAP1_87d54fbd,KEAP1,af3_holo_iptm,0.677,0.495,,2026-07-29
of3_holo_DNM1L_47a18683,DNM1L,af3_holo_iptm,0.676,0.467,,2026-08-16
of3_holo_DNM1L_51fc8561,DNM1L,af3_holo_iptm,0.676,0.481,,2026-08-11
of3_holo_DNM1L_00d963a2,DNM1L,af3_holo_iptm,0.676,0.466,,2026-08-15
of3_holo_DNM1L_68f78ed6,DNM1L,af3_holo_iptm,0.676,0.472,,2026-08-16
of3_holo_DNM1L_eb33cb9b,DNM1L,af3_holo_iptm,0.676,0.481,,2026-08-11
of3_holo_DNM1L_2b45f750,DNM1L,af3_holo_iptm,0.675,0.428,,2026-08-11
of3_holo_DNM1L_f4cbf7b9,DNM1L,af3_holo_iptm,0.674,0.461,,2026-08-13
of3_holo_KEAP1_0cf8479e,KEAP1,af3_holo_iptm,0.674,0.489,,2026-08-01
of3_holo_DNM1L_99854c94,DNM1L,af3_holo_iptm,0.674,0.448,,2026-08-12
of3_holo_DNM1L_f7fdd8ee,DNM1L,af3_holo_iptm,0.673,0.462,,2026-08-14
of3_holo_DNM1L_7f618288,DNM1L,af3_holo_iptm,0.673,0.438,,2026-08-11
of3_holo_DNM1L_53b610ea,DNM1L,af3_holo_iptm,0.673,0.451,,2026-08-12
of3_holo_KEAP1_a3a59d5c,KEAP1,af3_holo_iptm,0.673,0.857,,2026-07-29
of3_holo_PGK1_fcc8b70a,PGK1,af3_holo_iptm,0.673,0.492,,2026-08-12
of3_holo_DNM1L_a4f77e06,DNM1L,af3_holo_iptm,0.672,0.420,,2026-08-16
of3_holo_DNM1L_faf969a2,DNM1L,af3_holo_iptm,0.672,0.456,,2026-08-15
of3_holo_DNM1L_75f6fa90,DNM1L,af3_holo_iptm,0.672,0.471,,2026-08-11
of3_holo_DNM1L_2e277638,DNM1L,af3_holo_iptm,0.672,0.457,,2026-08-15
of3_holo_DNM1L_157b3bde,DNM1L,af3_holo_iptm,0.672,0.452,,2026-08-11
of3_holo_DNM1L_34141bcd,DNM1L,af3_holo_iptm,0.672,0.453,,2026-08-15
of3_holo_PKM2_b5a78935,PKM2,af3_holo_iptm,0.671,0.452,,2026-08-11
of3_holo_DNM1L_8424ccd7,DNM1L,af3_holo_iptm,0.671,0.437,,2026-08-15
of3_holo_DNM1L_82478960,DNM1L,af3_holo_iptm,0.671,0.460,,2026-08-16
of3_holo_DNM1L_f4c0408e,DNM1L,af3_holo_iptm,0.671,0.451,,2026-08-13
of3_holo_DNM1L_5cd72a69,DNM1L,af3_holo_iptm,0.670,0.464,,2026-08-11
of3_holo_DNM1L_bf8695e1,DNM1L,af3_holo_iptm,0.670,0.468,,2026-08-14
of3_holo_DNM1L_cca16485,DNM1L,af3_holo_iptm,0.670,0.456,,2026-08-14
of3_holo_DNM1L_b8e79bba,DNM1L,af3_holo_iptm,0.670,0.453,,2026-08-11
of3_holo_KEAP1_121380d4,KEAP1,af3_holo_iptm,0.670,0.489,,2026-07-29
of3_holo_DNM1L_bcb19ca8,DNM1L,af3_holo_iptm,0.670,0.457,,2026-08-15
erbb2_23_646_erbb3_20_640_2,"",af3_iptm,0.670,0.650,0.670,2026-08-06
smn1_full_x_gemin2,"",af3_iptm,0.670,0.430,0.880,2026-05-16
58_smn1_x_gemin2,"",af3_iptm,0.670,0.440,0.890,2026-06-07
117_mapk8_x_dusp10,"",af3_iptm,0.670,0.600,0.790,2026-06-18
nfe2l2_x_mafg,"",af3_iptm,0.670,0.650,0.970,2026-06-30
smn1_full_x_gemin2,"",af3_iptm,0.670,0.430,0.880,2026-05-17
deptor_322_409_x_igf1r_626_876,"",af3_iptm,0.670,0.350,0.780,2026-07-28
56_inpp5f_1_550_x_rab5a,"",af3_iptm,0.670,0.750,0.760,2026-06-07
agrn_lg3z19_x_lrp4_bp4_s7,"",af3_iptm,0.670,0.750,0.710,2026-08-10
077_mapk9_x_dusp10,"",af3_iptm,0.670,0.580,0.780,2026-06-18
p38d_x_mk3_s7,"",af3_iptm,0.670,0.540,0.700,2026-08-13
prkaa1_prkab1_atp,"",af3_iptm,0.670,0.680,0.840,2026-08-03
56_inpp5f_1_550_x_rab5a,"",af3_iptm,0.670,0.750,0.760,2026-06-08
a_x_b_4ff58a1f,"",af3_iptm,0.670,0.830,0.710,2026-07-29
ldha_dimer,"",af3_iptm,0.670,0.800,0.710,2026-08-03
58_smn1_x_gemin2,"",af3_iptm,0.670,0.440,0.890,2026-06-08
02_mapk14_x_map2k6,"",af3_iptm,0.670,0.780,0.710,2026-06-05
smn1_gemin2,"",af3_iptm,0.670,0.440,0.890,2026-08-01
nfe2l2_x_mafg,"",af3_iptm,0.670,0.650,0.970,2026-06-29
ldha_dimer_nad_ternary,"",af3_iptm,0.670,0.800,0.710,2026-08-03
107_mapk8_x_elk1,"",af3_iptm,0.670,0.460,0.860,2026-06-18
of3_holo_DNM1L_7ee6b787,DNM1L,af3_holo_iptm,0.670,0.436,,2026-08-12
of3_holo_DNM1L_997c0ee3,DNM1L,af3_holo_iptm,0.670,0.465,,2026-08-12
of3_holo_KEAP1_14df1b18,KEAP1,af3_holo_iptm,0.670,0.492,,2026-08-02
of3_holo_DNM1L_f4e6deb8,DNM1L,af3_holo_iptm,0.670,0.454,,2026-08-11
of3_holo_KEAP1_ddab3967,KEAP1,af3_holo_iptm,0.669,0.482,,2026-08-01
of3_holo_DNM1L_34fc6572,DNM1L,af3_holo_iptm,0.669,0.433,,2026-08-12
of3_holo_DNM1L_4bd65bc1,DNM1L,af3_holo_iptm,0.669,0.449,,2026-08-12
of3_holo_DNM1L_970a5f5a,DNM1L,af3_holo_iptm,0.668,0.448,,2026-08-15
of3_holo_DNM1L_26bd4fb9,DNM1L,af3_holo_iptm,0.668,0.465,,2026-08-15
of3_holo_DNM1L_0c3b4701,DNM1L,af3_holo_iptm,0.667,0.475,,2026-08-11
of3_holo_DNM1L_a48b25da,DNM1L,af3_holo_iptm,0.667,0.461,,2026-08-11
of3_holo_DNM1L_6da9efa2,DNM1L,af3_holo_iptm,0.667,0.483,,2026-08-16
of3_holo_KEAP1_373e148b,KEAP1,af3_holo_iptm,0.666,0.491,,2026-08-02
of3_holo_DNM1L_8c51e956,DNM1L,af3_holo_iptm,0.666,0.460,,2026-08-16
of3_holo_DNM1L_bfe048a9,DNM1L,af3_holo_iptm,0.666,0.462,,2026-08-15
of3_holo_DNM1L_6216e6ac,DNM1L,af3_holo_iptm,0.666,0.443,,2026-08-15
of3_holo_DNM1L_7c110f21,DNM1L,af3_holo_iptm,0.665,0.447,,2026-08-12
of3_holo_DNM1L_88d1e001,DNM1L,af3_holo_iptm,0.665,0.445,,2026-08-15
of3_holo_KEAP1_8edadeeb,KEAP1,af3_holo_iptm,0.665,0.494,,2026-08-02
of3_holo_DNM1L_6e982810,DNM1L,af3_holo_iptm,0.665,0.440,,2026-08-11
of3_holo_DNM1L_ef1c5866,DNM1L,af3_holo_iptm,0.664,0.461,,2026-08-11
of3_holo_KEAP1_37c71319,KEAP1,af3_holo_iptm,0.664,0.817,,2026-07-29
of3_holo_DNM1L_0736f911,DNM1L,af3_holo_iptm,0.664,0.469,,2026-08-16
of3_holo_DNM1L_40028fde,DNM1L,af3_holo_iptm,0.664,0.454,,2026-08-16
of3_holo_DNM1L_a8301504,DNM1L,af3_holo_iptm,0.664,0.451,,2026-08-12
of3_holo_DNM1L_ac4ea68e,DNM1L,af3_holo_iptm,0.664,0.447,,2026-08-14
of3_holo_DNM1L_87085068,DNM1L,af3_holo_iptm,0.664,0.445,,2026-08-11
of3_holo_KEAP1_ea526bdb,KEAP1,af3_holo_iptm,0.663,0.501,,2026-08-02
of3_holo_DNM1L_968fd3c2,DNM1L,af3_holo_iptm,0.662,0.473,,2026-08-12
of3_holo_PKM2_c9a718c4,PKM2,af3_holo_iptm,0.662,0.510,,2026-08-12
of3_holo_KEAP1_8fbcec52,KEAP1,af3_holo_iptm,0.662,0.492,,2026-08-02
of3_holo_DNM1L_3b8a5816,DNM1L,af3_holo_iptm,0.662,0.463,,2026-08-13
of3_holo_KEAP1_6b2ff68c,KEAP1,af3_holo_iptm,0.662,0.488,,2026-07-29
of3_holo_KEAP1_eb82989c,KEAP1,af3_holo_iptm,0.662,0.810,,2026-07-29
of3_holo_DNM1L_3f4fddb7,DNM1L,af3_holo_iptm,0.662,0.445,,2026-08-12
of3_holo_DNM1L_ca484d97,DNM1L,af3_holo_iptm,0.661,0.451,,2026-08-12
of3_holo_DNM1L_b6aee36f,DNM1L,af3_holo_iptm,0.661,0.457,,2026-08-12
of3_holo_PGK1_00a53ced,PGK1,af3_holo_iptm,0.660,0.465,,2026-08-13
of3_holo_PGK1_d3e1c189,PGK1,af3_holo_iptm,0.660,0.441,,2026-08-14
of3_holo_DNM1L_bed4270c,DNM1L,af3_holo_iptm,0.660,0.441,,2026-08-12
of3_holo_KEAP1_8a497197,KEAP1,af3_holo_iptm,0.660,0.487,,2026-07-29
of3_holo_DNM1L_b1bf0dfe,DNM1L,af3_holo_iptm,0.660,0.452,,2026-08-16
025_mapk10_x_atf2,"",af3_iptm,0.660,0.460,0.900,2026-06-18
agrn_lg3z19_x_lrp4_ldla_26_350_s7,"",af3_iptm,0.660,0.450,0.630,2026-08-10
deptor_x_mtor_a712e2da,"",af3_iptm,0.660,0.710,0.700,2026-06-28
30_kcnb1_1_180_x_kcng1_1_200,"",af3_iptm,0.660,0.660,0.810,2026-06-08
43_mapk11_x_elk1,"",af3_iptm,0.660,0.510,0.850,2026-06-14
03_mapk14_x_map2k3,"",af3_iptm,0.660,0.780,0.720,2026-06-05
gfra1_146_265_x_lrp4_1376_1626,"",af3_iptm,0.660,0.750,0.680,2026-07-28
038_mapk10_x_dusp16,"",af3_iptm,0.660,0.490,0.830,2026-06-21
43_mapk11_x_elk1,"",af3_iptm,0.660,0.510,0.850,2026-06-12
gapdh_dimer_nad_ternary,"",af3_iptm,0.660,0.770,0.680,2026-08-03
025_mapk10_x_atf2,"",af3_iptm,0.660,0.460,0.900,2026-06-21
03_mapk14_x_tp53,"",af3_iptm,0.660,0.550,0.780,2026-06-14
binder6115_lrp4_x_lrp4_beta1_prop_435_697,"",af3_iptm,0.660,0.820,0.690,2026-07-22
deptor_322_409_x_igf1r_626_876,"",af3_iptm,0.660,0.350,0.760,2026-07-15
deptor_x_mtor_397cb29b,"",af3_iptm,0.660,0.710,0.700,2026-06-28
038_mapk10_x_dusp16,"",af3_iptm,0.660,0.490,0.830,2026-06-18
of3_holo_DNM1L_a5c4ea31,DNM1L,af3_holo_iptm,0.660,0.449,,2026-08-11
of3_holo_DNM1L_92d29c1e,DNM1L,af3_holo_iptm,0.660,0.436,,2026-08-11
of3_holo_DNM1L_582dabc3,DNM1L,af3_holo_iptm,0.660,0.443,,2026-08-14
of3_holo_DNM1L_8e2db722,DNM1L,af3_holo_iptm,0.660,0.452,,2026-08-12
of3_holo_DNM1L_6737caba,DNM1L,af3_holo_iptm,0.659,0.451,,2026-08-11
of3_holo_PGK1_1ea31ee3,PGK1,af3_holo_iptm,0.659,0.491,,2026-08-12
of3_holo_PGK1_7b9ccd49,PGK1,af3_holo_iptm,0.659,0.489,,2026-08-14
of3_holo_DNM1L_2ce89f4d,DNM1L,af3_holo_iptm,0.659,0.448,,2026-08-14
of3_holo_KEAP1_4f11983e,KEAP1,af3_holo_iptm,0.658,0.838,,2026-07-29
of3_holo_DNM1L_9d03a589,DNM1L,af3_holo_iptm,0.658,0.447,,2026-08-16
of3_holo_DNM1L_524ba901,DNM1L,af3_holo_iptm,0.658,0.484,,2026-08-16
of3_holo_DNM1L_9215a5a6,DNM1L,af3_holo_iptm,0.658,0.447,,2026-08-16
of3_holo_DNM1L_ac6785ae,DNM1L,af3_holo_iptm,0.658,0.456,,2026-08-13
of3_holo_DNM1L_d0eb79f3,DNM1L,af3_holo_iptm,0.658,0.458,,2026-08-15
of3_holo_DNM1L_1baa2eba,DNM1L,af3_holo_iptm,0.658,0.473,,2026-08-12
of3_holo_DNM1L_46727623,DNM1L,af3_holo_iptm,0.657,0.446,,2026-08-16
of3_holo_KEAP1_a6604bdf,KEAP1,af3_holo_iptm,0.657,0.492,,2026-08-02
of3_holo_DNM1L_4d46126f,DNM1L,af3_holo_iptm,0.657,0.419,,2026-08-12
of3_holo_PGK1_38801927,PGK1,af3_holo_iptm,0.657,0.471,,2026-08-12
of3_holo_DNM1L_2f31a439,DNM1L,af3_holo_iptm,0.656,0.478,,2026-08-12
of3_holo_KEAP1_4674b6b4,KEAP1,af3_holo_iptm,0.656,0.490,,2026-08-02
of3_holo_DNM1L_061b9507,DNM1L,af3_holo_iptm,0.656,0.435,,2026-08-12
of3_holo_DNM1L_528b12ac,DNM1L,af3_holo_iptm,0.656,0.435,,2026-08-12
of3_holo_DNM1L_c16aa351,DNM1L,af3_holo_iptm,0.656,0.454,,2026-08-15
of3_holo_KEAP1_1ab48cfd,KEAP1,af3_holo_iptm,0.656,0.490,,2026-08-02
of3_holo_DNM1L_a1cff106,DNM1L,af3_holo_iptm,0.656,0.463,,2026-08-15
of3_holo_DNM1L_428b7c4a,DNM1L,af3_holo_iptm,0.655,0.497,,2026-08-14
of3_holo_KEAP1_323886d2,KEAP1,af3_holo_iptm,0.655,0.494,,2026-08-02
of3_holo_DNM1L_f4a4a036,DNM1L,af3_holo_iptm,0.655,0.434,,2026-08-12
of3_holo_DNM1L_d5a4a457,DNM1L,af3_holo_iptm,0.655,0.430,,2026-08-11
of3_holo_DNM1L_428ec609,DNM1L,af3_holo_iptm,0.655,0.463,,2026-08-12
of3_holo_DNM1L_587dfbb5,DNM1L,af3_holo_iptm,0.655,0.438,,2026-08-11
of3_holo_DNM1L_515a436e,DNM1L,af3_holo_iptm,0.655,0.452,,2026-08-11
of3_holo_DNM1L_fbae810b,DNM1L,af3_holo_iptm,0.654,0.446,,2026-08-11
of3_holo_DNM1L_bdbe3262,DNM1L,af3_holo_iptm,0.654,0.486,,2026-08-12
of3_holo_DNM1L_ce78d052,DNM1L,af3_holo_iptm,0.654,0.446,,2026-08-15
of3_holo_DNM1L_a6778de4,DNM1L,af3_holo_iptm,0.654,0.468,,2026-08-12
of3_holo_DNM1L_92d0e86c,DNM1L,af3_holo_iptm,0.653,0.442,,2026-08-13
of3_holo_DNM1L_687d8e7b,DNM1L,af3_holo_iptm,0.653,0.452,,2026-08-11
of3_holo_DNM1L_670f157f,DNM1L,af3_holo_iptm,0.653,0.451,,2026-08-15
of3_holo_DNM1L_da0de223,DNM1L,af3_holo_iptm,0.653,0.473,,2026-08-12
of3_holo_KEAP1_6cf67b08,KEAP1,af3_holo_iptm,0.653,0.496,,2026-07-29
of3_holo_DNM1L_fbc6fc77,DNM1L,af3_holo_iptm,0.652,0.464,,2026-08-13
of3_holo_KEAP1_4d0835dd,KEAP1,af3_holo_iptm,0.652,0.486,,2026-07-29
of3_holo_DNM1L_cb9bab60,DNM1L,af3_holo_iptm,0.652,0.449,,2026-08-16
of3_holo_DNM1L_1d6b67e6,DNM1L,af3_holo_iptm,0.652,0.456,,2026-08-14
of3_holo_DNM1L_5f88e47d,DNM1L,af3_holo_iptm,0.652,0.450,,2026-08-11
of3_holo_DNM1L_761be2cb,DNM1L,af3_holo_iptm,0.652,0.448,,2026-08-13
of3_holo_DNM1L_bdd7cab2,DNM1L,af3_holo_iptm,0.652,0.465,,2026-08-11
of3_holo_DNM1L_22c9139b,DNM1L,af3_holo_iptm,0.652,0.459,,2026-08-11
of3_holo_PGK1_636daa29,PGK1,af3_holo_iptm,0.651,0.474,,2026-08-11
of3_holo_DNM1L_079b0b4b,DNM1L,af3_holo_iptm,0.651,0.471,,2026-08-15
of3_holo_DNM1L_5cdf1ce3,DNM1L,af3_holo_iptm,0.651,0.433,,2026-08-12
of3_holo_DNM1L_45c6355e,DNM1L,af3_holo_iptm,0.651,0.434,,2026-08-12
of3_holo_DNM1L_9e449091,DNM1L,af3_holo_iptm,0.651,0.448,,2026-08-16
of3_holo_DNM1L_f9429f0b,DNM1L,af3_holo_iptm,0.650,0.425,,2026-08-12
of3_holo_DNM1L_80957961,DNM1L,af3_holo_iptm,0.650,0.462,,2026-08-15
rhoa_x_pak1,"",af3_iptm,0.650,0.460,0.750,2026-05-21
47_map2k4_x_mapk11,"",af3_iptm,0.650,0.730,0.730,2026-06-14
049_mapk9_x_map2k4,"",af3_iptm,0.650,0.700,0.740,2026-06-18
binder6295_lrp4_x_lrp4_beta1_prop_435_697,"",af3_iptm,0.650,0.840,0.690,2026-07-22
mapk13_x_mapkapk2,"",af3_iptm,0.650,0.610,0.670,2026-06-30
gapdh_1_335_dimer_nad,"",af3_iptm,0.650,0.770,0.680,2026-08-05
deptor_pdz_x_smn1_prol,"",af3_iptm,0.650,0.770,0.810,2026-05-16
pak1_x_pfn2,"",af3_iptm,0.650,0.510,0.760,2026-05-21
13_map2k3_x_mapk12,"",af3_iptm,0.650,0.760,0.720,2026-06-08
binder7348_lrp4_x_lrp4_beta1_prop_435_697,"",af3_iptm,0.650,0.850,0.690,2026-07-21
47_map2k4_x_mapk11,"",af3_iptm,0.650,0.730,0.730,2026-06-12
pak1_x_pfn2_2,"",af3_iptm,0.650,0.510,0.760,2026-08-06
of3_holo_DNM1L_22321c16,DNM1L,af3_holo_iptm,0.650,0.453,,2026-08-11
of3_holo_KEAP1_71623602,KEAP1,af3_holo_iptm,0.650,0.491,,2026-08-02
of3_holo_DNM1L_12dc69a2,DNM1L,af3_holo_iptm,0.650,0.465,,2026-08-12
of3_holo_DNM1L_a8ce5b51,DNM1L,af3_holo_iptm,0.649,0.471,,2026-08-15
of3_holo_PGK1_1cab5f64,PGK1,af3_holo_iptm,0.649,0.449,,2026-08-12
of3_holo_DNM1L_4285cf8f,DNM1L,af3_holo_iptm,0.648,0.432,,2026-08-13
of3_holo_KEAP1_5efec8e3,KEAP1,af3_holo_iptm,0.648,0.493,,2026-07-29
of3_holo_DNM1L_5a67c5dc,DNM1L,af3_holo_iptm,0.648,0.469,,2026-08-11
of3_holo_KEAP1_8ec338ac,KEAP1,af3_holo_iptm,0.648,0.485,,2026-08-02
of3_holo_DNM1L_7f5894bf,DNM1L,af3_holo_iptm,0.648,0.435,,2026-08-11
of3_holo_DNM1L_3aaacf17,DNM1L,af3_holo_iptm,0.647,0.456,,2026-08-11
of3_holo_PGK1_f42efaed,PGK1,af3_holo_iptm,0.647,0.456,,2026-08-11
of3_holo_KEAP1_bb5089d7,KEAP1,af3_holo_iptm,0.647,0.492,,2026-07-30
of3_holo_DNM1L_19e86164,DNM1L,af3_holo_iptm,0.647,0.438,,2026-08-13
of3_holo_DNM1L_5b8f2b8c,DNM1L,af3_holo_iptm,0.647,0.436,,2026-08-14
of3_holo_KEAP1_ed49cb06,KEAP1,af3_holo_iptm,0.647,0.486,,2026-07-29
of3_holo_DNM1L_44983b19,DNM1L,af3_holo_iptm,0.647,0.456,,2026-08-12
of3_holo_DNM1L_4e379f55,DNM1L,af3_holo_iptm,0.646,0.452,,2026-08-12
of3_holo_DNM1L_2b476524,DNM1L,af3_holo_iptm,0.646,0.441,,2026-08-14
of3_holo_DNM1L_2b1e3136,DNM1L,af3_holo_iptm,0.646,0.507,,2026-08-15
of3_holo_DNM1L_a58a750d,DNM1L,af3_holo_iptm,0.645,0.458,,2026-08-15
of3_holo_DNM1L_40fa35df,DNM1L,af3_holo_iptm,0.645,0.467,,2026-08-12
of3_holo_KEAP1_83f2ddeb,KEAP1,af3_holo_iptm,0.645,0.482,,2026-08-02
of3_holo_DNM1L_6a306a3f,DNM1L,af3_holo_iptm,0.645,0.442,,2026-08-16
of3_holo_KEAP1_c3022477,KEAP1,af3_holo_iptm,0.645,0.803,,2026-07-29
of3_holo_PGK1_1aa60e35,PGK1,af3_holo_iptm,0.645,0.477,,2026-08-13
of3_holo_DNM1L_f8b810b8,DNM1L,af3_holo_iptm,0.645,0.484,,2026-08-13
of3_holo_DNM1L_0aafc64a,DNM1L,af3_holo_iptm,0.644,0.448,,2026-08-12
of3_holo_DNM1L_3577bb1a,DNM1L,af3_holo_iptm,0.644,0.486,,2026-08-14
of3_holo_DNM1L_6f464007,DNM1L,af3_holo_iptm,0.644,0.443,,2026-08-12
of3_holo_DNM1L_7265c0e4,DNM1L,af3_holo_iptm,0.644,0.486,,2026-08-14
of3_holo_DNM1L_586d49f8,DNM1L,af3_holo_iptm,0.643,0.470,,2026-08-12
of3_holo_KEAP1_a1b36a17,KEAP1,af3_holo_iptm,0.643,0.821,,2026-07-29
of3_holo_KEAP1_25751378,KEAP1,af3_holo_iptm,0.643,0.490,,2026-08-02
of3_holo_DNM1L_8ced9e06,DNM1L,af3_holo_iptm,0.643,0.458,,2026-08-16
of3_holo_KEAP1_4b581ee7,KEAP1,af3_holo_iptm,0.643,0.488,,2026-08-02
of3_holo_KEAP1_b92d9459,KEAP1,af3_holo_iptm,0.642,0.475,,2026-07-29
of3_holo_DNM1L_781a98c1,DNM1L,af3_holo_iptm,0.642,0.465,,2026-08-14
of3_holo_DNM1L_f71d1057,DNM1L,af3_holo_iptm,0.642,0.472,,2026-08-16
of3_holo_DNM1L_a2425cca,DNM1L,af3_holo_iptm,0.642,0.433,,2026-08-15
of3_holo_DNM1L_5dbe3cd1,DNM1L,af3_holo_iptm,0.642,0.471,,2026-08-12
of3_holo_DNM1L_1afe8a4a,DNM1L,af3_holo_iptm,0.642,0.462,,2026-08-14
of3_holo_PGK1_4a32470b,PGK1,af3_holo_iptm,0.642,0.484,,2026-08-14
of3_holo_DNM1L_53f3625f,DNM1L,af3_holo_iptm,0.642,0.446,,2026-08-16
of3_holo_DNM1L_2e03cafd,DNM1L,af3_holo_iptm,0.641,0.470,,2026-08-14
of3_holo_DNM1L_5f9ddac6,DNM1L,af3_holo_iptm,0.641,0.475,,2026-08-11
of3_holo_DNM1L_2a9fc59d,DNM1L,af3_holo_iptm,0.641,0.435,,2026-08-16
of3_holo_DNM1L_15acf8f4,DNM1L,af3_holo_iptm,0.641,0.476,,2026-08-13
of3_holo_KEAP1_5f12bbcd,KEAP1,af3_holo_iptm,0.641,0.491,,2026-08-01
of3_holo_PGK1_de918cc4,PGK1,af3_holo_iptm,0.641,0.481,,2026-08-14
of3_holo_DNM1L_6929621e,DNM1L,af3_holo_iptm,0.641,0.470,,2026-08-11
of3_holo_DNM1L_747c46d9,DNM1L,af3_holo_iptm,0.640,0.488,,2026-08-14
of3_holo_PGK1_bbc9368e,PGK1,af3_holo_iptm,0.640,0.496,,2026-08-14
of3_holo_PGK1_1a4de7ca,PGK1,af3_holo_iptm,0.640,0.443,,2026-08-12
of3_holo_PGK1_092b6b0a,PGK1,af3_holo_iptm,0.640,0.476,,2026-08-13
of3_holo_KEAP1_99dfdb86,KEAP1,af3_holo_iptm,0.640,0.477,,2026-07-29
agrn_lg3z19_x_lrp4_bp1,"",af3_iptm,0.640,0.570,0.640,2026-08-10
28_kcnb1_1_180_x_kcns1_1_200,"",af3_iptm,0.640,0.610,0.810,2026-06-12
10_mapk13_x_mapkapk5,"",af3_iptm,0.640,0.510,0.640,2026-06-08
10_mapk13_x_mapkapk5,"",af3_iptm,0.640,0.510,0.640,2026-06-10
017_mapk10_x_mapk8ip2,"",af3_iptm,0.640,0.380,0.840,2026-06-21
erbb4_1001_1251_x_lrp4_751_1001,"",af3_iptm,0.640,0.530,0.870,2026-07-15
binder6135_lrp4_x_lrp4_beta1_prop_435_697,"",af3_iptm,0.640,0.730,0.660,2026-07-22
017_mapk10_x_mapk8ip2,"",af3_iptm,0.640,0.380,0.840,2026-06-18
binder6462_agrn_x_agrn_lg3_1868_2065,"",af3_iptm,0.640,0.750,0.680,2026-07-24
46_map2k3_x_mapk13,"",af3_iptm,0.640,0.770,0.710,2026-06-14
binder456_musk_x_musk_ig1_24_128,"",af3_iptm,0.640,0.690,0.700,2026-07-20
gemin7_gemin8,"",af3_iptm,0.640,0.430,0.920,2026-08-01
mapk11_x_map2k6,"",af3_iptm,0.640,0.710,0.680,2026-06-30
28_kcnb1_1_180_x_kcns1_1_200,"",af3_iptm,0.640,0.610,0.810,2026-06-10
16_map2k1_x_mapk3,"",af3_iptm,0.640,0.730,0.720,2026-06-10
agrn_lg3z19_x_lrp4_bp1_s7,"",af3_iptm,0.640,0.540,0.640,2026-08-10
01_map2k4_x_mapk14,"",af3_iptm,0.640,0.730,0.710,2026-06-14
p38g_x_mk3,"",af3_iptm,0.640,0.610,0.700,2026-08-13
16_map2k1_x_mapk3,"",af3_iptm,0.640,0.730,0.720,2026-06-08
gapdh_dimer,"",af3_iptm,0.640,0.790,0.670,2026-08-03
46_map2k3_x_mapk13,"",af3_iptm,0.640,0.770,0.710,2026-06-12
stmn2_40_179_tubb3,"",af3_iptm,0.640,0.780,0.790,2026-08-01
47_ppard_x_rxra,"",af3_iptm,0.640,0.650,0.770,2026-06-21
nmj_musk_ig12_dimer_s7,"",af3_iptm,0.640,0.700,0.660,2026-08-15
of3_holo_KEAP1_79782278,KEAP1,af3_holo_iptm,0.640,0.486,,2026-08-02
of3_holo_DNM1L_83e5ff47,DNM1L,af3_holo_iptm,0.640,0.449,,2026-08-16
of3_holo_DNM1L_993c99f1,DNM1L,af3_holo_iptm,0.639,0.448,,2026-08-13
of3_holo_DNM1L_185312b2,DNM1L,af3_holo_iptm,0.639,0.490,,2026-08-11
of3_holo_DNM1L_17e939f8,DNM1L,af3_holo_iptm,0.639,0.430,,2026-08-15
of3_holo_KEAP1_8f9aefa1,KEAP1,af3_holo_iptm,0.639,0.478,,2026-07-29
of3_holo_KEAP1_f3cf0416,KEAP1,af3_holo_iptm,0.639,0.841,,2026-07-29
of3_holo_DNM1L_0d9409a9,DNM1L,af3_holo_iptm,0.639,0.434,,2026-08-16
of3_holo_DNM1L_ba9121e9,DNM1L,af3_holo_iptm,0.639,0.469,,2026-08-12
of3_holo_DNM1L_b955e0d4,DNM1L,af3_holo_iptm,0.638,0.428,,2026-08-12
of3_holo_DNM1L_7a823bd8,DNM1L,af3_holo_iptm,0.638,0.467,,2026-08-14
of3_holo_DNM1L_62af2503,DNM1L,af3_holo_iptm,0.638,0.467,,2026-08-11
of3_holo_DNM1L_51f25901,DNM1L,af3_holo_iptm,0.638,0.456,,2026-08-13
of3_holo_PGK1_98b7cade,PGK1,af3_holo_iptm,0.638,0.460,,2026-08-12
of3_holo_PGK1_980fcbe6,PGK1,af3_holo_iptm,0.637,0.482,,2026-08-14
of3_holo_DNM1L_5ec8bddf,DNM1L,af3_holo_iptm,0.637,0.448,,2026-08-16
of3_holo_DNM1L_56fd38c8,DNM1L,af3_holo_iptm,0.637,0.472,,2026-08-16
of3_holo_DNM1L_bbb93e33,DNM1L,af3_holo_iptm,0.637,0.416,,2026-08-13
of3_holo_DNM1L_7718e6aa,DNM1L,af3_holo_iptm,0.637,0.458,,2026-08-13
of3_holo_KEAP1_25a4a743,KEAP1,af3_holo_iptm,0.637,0.493,,2026-08-02
of3_holo_KEAP1_3ad7c301,KEAP1,af3_holo_iptm,0.637,0.488,,2026-08-02
of3_holo_DNM1L_ce1143bb,DNM1L,af3_holo_iptm,0.637,0.483,,2026-08-15
of3_holo_DNM1L_23a7aba6,DNM1L,af3_holo_iptm,0.636,0.449,,2026-08-14
of3_holo_DNM1L_0f5f59a9,DNM1L,af3_holo_iptm,0.636,0.474,,2026-08-11
of3_holo_DNM1L_49fb8582,DNM1L,af3_holo_iptm,0.636,0.441,,2026-08-12
of3_holo_PGK1_f2a669cf,PGK1,af3_holo_iptm,0.636,0.463,,2026-08-12
of3_holo_PGK1_3f035e23,PGK1,af3_holo_iptm,0.636,0.493,,2026-08-11
of3_holo_DNM1L_18e4e573,DNM1L,af3_holo_iptm,0.636,0.459,,2026-08-15
of3_holo_DNM1L_88802345,DNM1L,af3_holo_iptm,0.636,0.466,,2026-08-14
of3_holo_DNM1L_38bc4104,DNM1L,af3_holo_iptm,0.635,0.449,,2026-08-12
of3_holo_KEAP1_45deb1c7,KEAP1,af3_holo_iptm,0.635,0.478,,2026-08-02
of3_holo_PGK1_00d38a40,PGK1,af3_holo_iptm,0.635,0.462,,2026-08-13
of3_holo_KEAP1_5bd1fcd2,KEAP1,af3_holo_iptm,0.635,0.490,,2026-07-29
of3_holo_DNM1L_2431e6d4,DNM1L,af3_holo_iptm,0.635,0.485,,2026-08-15
of3_holo_PGK1_cee3f286,PGK1,af3_holo_iptm,0.634,0.458,,2026-08-11
of3_holo_PGK1_00adb7aa,PGK1,af3_holo_iptm,0.634,0.490,,2026-08-12
of3_holo_DNM1L_72d80603,DNM1L,af3_holo_iptm,0.634,0.494,,2026-08-15
of3_holo_DNM1L_72c1fdff,DNM1L,af3_holo_iptm,0.634,0.442,,2026-08-11
of3_holo_DNM1L_4e53ea65,DNM1L,af3_holo_iptm,0.634,0.430,,2026-08-12
of3_holo_KEAP1_c476a64b,KEAP1,af3_holo_iptm,0.634,0.481,,2026-08-02
of3_holo_DNM1L_08e41e2a,DNM1L,af3_holo_iptm,0.634,0.453,,2026-08-16
of3_holo_KEAP1_1fe2e72a,KEAP1,af3_holo_iptm,0.634,0.495,,2026-08-01
of3_holo_DNM1L_fa96e698,DNM1L,af3_holo_iptm,0.634,0.452,,2026-08-12
of3_holo_DNM1L_25b39a24,DNM1L,af3_holo_iptm,0.633,0.465,,2026-08-11
of3_holo_DNM1L_4e9b715c,DNM1L,af3_holo_iptm,0.633,0.463,,2026-08-16
of3_holo_PGK1_10ece45a,PGK1,af3_holo_iptm,0.633,0.447,,2026-08-13
of3_holo_DNM1L_159f72c0,DNM1L,af3_holo_iptm,0.633,0.491,,2026-08-11
of3_holo_DNM1L_6cb85ccb,DNM1L,af3_holo_iptm,0.632,0.451,,2026-08-12
of3_holo_DNM1L_4dca62f9,DNM1L,af3_holo_iptm,0.632,0.453,,2026-08-13
of3_holo_KEAP1_1fc58186,KEAP1,af3_holo_iptm,0.632,0.803,,2026-07-29
of3_holo_DNM1L_5dd959e0,DNM1L,af3_holo_iptm,0.632,0.492,,2026-08-11
of3_holo_DNM1L_47cad20a,DNM1L,af3_holo_iptm,0.632,0.499,,2026-08-12
of3_holo_DNM1L_2da8cb22,DNM1L,af3_holo_iptm,0.632,0.463,,2026-08-16
of3_holo_DNM1L_41190b29,DNM1L,af3_holo_iptm,0.632,0.435,,2026-08-16
of3_holo_KEAP1_9895b871,KEAP1,af3_holo_iptm,0.632,0.492,,2026-07-29
of3_holo_KEAP1_b6933e0c,KEAP1,af3_holo_iptm,0.631,0.499,,2026-08-01
of3_holo_DNM1L_f552f9cb,DNM1L,af3_holo_iptm,0.631,0.457,,2026-08-16
of3_holo_DNM1L_9aab4039,DNM1L,af3_holo_iptm,0.631,0.439,,2026-08-15
of3_holo_DNM1L_2405bf42,DNM1L,af3_holo_iptm,0.631,0.422,,2026-08-15
of3_holo_DNM1L_9ab237ff,DNM1L,af3_holo_iptm,0.631,0.447,,2026-08-16
of3_holo_DNM1L_9946daab,DNM1L,af3_holo_iptm,0.631,0.439,,2026-08-12
of3_holo_DNM1L_7b69956c,DNM1L,af3_holo_iptm,0.631,0.439,,2026-08-12
of3_holo_DNM1L_49b15df1,DNM1L,af3_holo_iptm,0.631,0.454,,2026-08-12
of3_holo_DNM1L_fc627174,DNM1L,af3_holo_iptm,0.631,0.465,,2026-08-15
of3_holo_DNM1L_af1415c5,DNM1L,af3_holo_iptm,0.631,0.465,,2026-08-13
of3_holo_DNM1L_8f2717a5,DNM1L,af3_holo_iptm,0.630,0.441,,2026-08-11
of3_holo_KEAP1_3ab8b3ff,KEAP1,af3_holo_iptm,0.630,0.817,,2026-07-29
of3_holo_DNM1L_62d744d5,DNM1L,af3_holo_iptm,0.630,0.472,,2026-08-14
of3_holo_DNM1L_79064daa,DNM1L,af3_holo_iptm,0.630,0.449,,2026-08-13
of3_holo_KEAP1_44be1fda,KEAP1,af3_holo_iptm,0.630,0.488,,2026-08-02
p38d_x_mk2_s7,"",af3_iptm,0.630,0.600,0.690,2026-08-13
keap1_x_binder_npdmftkz,"",af3_iptm,0.630,0.730,0.690,2026-07-28
prkaa1_x_camkk2,"",af3_iptm,0.630,0.690,0.670,2026-06-30
25_kcnb1_1_180_x_kcnf1_1_200,"",af3_iptm,0.630,0.610,0.780,2026-06-05
62_acad9_x_ecsit,"",af3_iptm,0.630,0.730,0.740,2026-06-19
srsf1_16_90_x_smn1_260_294,"",af3_iptm,0.630,0.730,0.810,2026-07-08
binder6205_lrp4_x_lrp4_beta1_prop_435_697,"",af3_iptm,0.630,0.840,0.680,2026-07-22
musk_494_868_dok7_1_504,"",af3_iptm,0.630,0.550,0.810,2026-08-02
01_smn1_x_pfn1,"",af3_iptm,0.630,0.410,0.780,2026-06-14
dnm1l_x_mief1,"",af3_iptm,0.630,0.580,0.730,2026-06-30
lrp4_x_ws1bnone_1271,"",af3_iptm,0.630,0.850,0.680,2026-07-03
agrn_lg1_3_1720_2065_x_lrp4_bp1_s7,"",af3_iptm,0.630,0.460,0.640,2026-08-10
12_mapk12_x_mapkapk3,"",af3_iptm,0.630,0.580,0.690,2026-06-14
dnm1l_x_mief1,"",af3_iptm,0.630,0.580,0.730,2026-06-29
prkaa1_x_camkk2,"",af3_iptm,0.630,0.690,0.670,2026-06-29
erbb2_23_646_erbb3_20_640,"",af3_iptm,0.630,0.650,0.640,2026-07-31
102_mapk8_x_jun,"",af3_iptm,0.630,0.530,0.870,2026-06-18
of3_holo_DNM1L_2fe74621,DNM1L,af3_holo_iptm,0.630,0.484,,2026-08-12
of3_holo_DNM1L_6d05e6bc,DNM1L,af3_holo_iptm,0.629,0.452,,2026-08-11
of3_holo_DNM1L_0c84cb1d,DNM1L,af3_holo_iptm,0.629,0.439,,2026-08-12
of3_holo_DNM1L_e7274f8f,DNM1L,af3_holo_iptm,0.629,0.447,,2026-08-11
of3_holo_DNM1L_902b9ec8,DNM1L,af3_holo_iptm,0.629,0.445,,2026-08-11
of3_holo_KEAP1_801894b8,KEAP1,af3_holo_iptm,0.629,0.483,,2026-08-02
of3_holo_DNM1L_6b35786b,DNM1L,af3_holo_iptm,0.629,0.411,,2026-08-16
of3_holo_KEAP1_0d7529bc,KEAP1,af3_holo_iptm,0.629,0.481,,2026-08-02
of3_holo_DNM1L_c86b7a67,DNM1L,af3_holo_iptm,0.629,0.440,,2026-08-15
of3_holo_DNM1L_d775d66d,DNM1L,af3_holo_iptm,0.629,0.468,,2026-08-16
of3_holo_DNM1L_e2197cc0,DNM1L,af3_holo_iptm,0.629,0.442,,2026-08-11
of3_holo_DNM1L_7980a47a,DNM1L,af3_holo_iptm,0.628,0.460,,2026-08-16
of3_holo_DNM1L_ed591847,DNM1L,af3_holo_iptm,0.628,0.441,,2026-08-16
of3_holo_PGK1_5d9372e2,PGK1,af3_holo_iptm,0.628,0.473,,2026-08-14
of3_holo_DNM1L_b673f909,DNM1L,af3_holo_iptm,0.627,0.461,,2026-08-14
of3_holo_DNM1L_3795356d,DNM1L,af3_holo_iptm,0.627,0.443,,2026-08-12
of3_holo_DNM1L_a8a729e4,DNM1L,af3_holo_iptm,0.627,0.458,,2026-08-12
of3_holo_DNM1L_2021edc1,DNM1L,af3_holo_iptm,0.627,0.437,,2026-08-16
of3_holo_KEAP1_51519917,KEAP1,af3_holo_iptm,0.627,0.486,,2026-08-02
of3_holo_DNM1L_64437459,DNM1L,af3_holo_iptm,0.627,0.450,,2026-08-11
of3_holo_DNM1L_36e44f2a,DNM1L,af3_holo_iptm,0.627,0.460,,2026-08-12
of3_holo_KEAP1_c549df9d,KEAP1,af3_holo_iptm,0.627,0.492,,2026-07-29
of3_holo_DNM1L_78b8a304,DNM1L,af3_holo_iptm,0.627,0.467,,2026-08-12
of3_holo_PGK1_abf19dc1,PGK1,af3_holo_iptm,0.627,0.486,,2026-08-14
of3_holo_DNM1L_35338483,DNM1L,af3_holo_iptm,0.626,0.423,,2026-08-12
of3_holo_PGK1_d0366671,PGK1,af3_holo_iptm,0.626,0.462,,2026-08-12
of3_holo_DNM1L_2108e470,DNM1L,af3_holo_iptm,0.626,0.444,,2026-08-11
of3_holo_DNM1L_66fa1a94,DNM1L,af3_holo_iptm,0.626,0.461,,2026-08-14
of3_holo_PGK1_97dd65ae,PGK1,af3_holo_iptm,0.626,0.488,,2026-08-11
of3_holo_DNM1L_17c3940a,DNM1L,af3_holo_iptm,0.626,0.454,,2026-08-12
of3_holo_KEAP1_05eead6c,KEAP1,af3_holo_iptm,0.626,0.816,,2026-07-29
of3_holo_DNM1L_840716b1,DNM1L,af3_holo_iptm,0.625,0.446,,2026-08-12
of3_holo_DNM1L_2774dd5a,DNM1L,af3_holo_iptm,0.625,0.456,,2026-08-15
of3_holo_DNM1L_b50f4fb2,DNM1L,af3_holo_iptm,0.625,0.451,,2026-08-16
of3_holo_DNM1L_c98b1696,DNM1L,af3_holo_iptm,0.625,0.440,,2026-08-16
of3_holo_KEAP1_49683c54,KEAP1,af3_holo_iptm,0.625,0.486,,2026-08-02
of3_holo_DNM1L_0ef7852e,DNM1L,af3_holo_iptm,0.625,0.447,,2026-08-11
of3_holo_KEAP1_8257e24f,KEAP1,af3_holo_iptm,0.624,0.493,,2026-08-02
of3_holo_KEAP1_242cfe3a,KEAP1,af3_holo_iptm,0.624,0.491,,2026-08-02
of3_holo_KEAP1_34239beb,KEAP1,af3_holo_iptm,0.624,0.490,,2026-08-02
of3_holo_DNM1L_646a4b94,DNM1L,af3_holo_iptm,0.624,0.454,,2026-08-14
of3_holo_DNM1L_c700dccf,DNM1L,af3_holo_iptm,0.623,0.435,,2026-08-14
of3_holo_DNM1L_d3da8082,DNM1L,af3_holo_iptm,0.623,0.464,,2026-08-13
of3_holo_DNM1L_3ba664bc,DNM1L,af3_holo_iptm,0.623,0.427,,2026-08-15
of3_holo_DNM1L_1a438428,DNM1L,af3_holo_iptm,0.623,0.459,,2026-08-11
of3_holo_DNM1L_7695620b,DNM1L,af3_holo_iptm,0.623,0.459,,2026-08-12
of3_holo_DNM1L_5c046280,DNM1L,af3_holo_iptm,0.623,0.436,,2026-08-16
of3_holo_DNM1L_24fe0e6e,DNM1L,af3_holo_iptm,0.623,0.476,,2026-08-15
of3_holo_DNM1L_32885dbd,DNM1L,af3_holo_iptm,0.622,0.476,,2026-08-12
of3_holo_DNM1L_ba4de3aa,DNM1L,af3_holo_iptm,0.622,0.481,,2026-08-12
of3_holo_DNM1L_c7d4a01e,DNM1L,af3_holo_iptm,0.622,0.429,,2026-08-16
of3_holo_DNM1L_8fd0c841,DNM1L,af3_holo_iptm,0.622,0.436,,2026-08-16
of3_holo_DNM1L_b4abba5c,DNM1L,af3_holo_iptm,0.621,0.427,,2026-08-12
of3_holo_DNM1L_ecdffb5e,DNM1L,af3_holo_iptm,0.621,0.448,,2026-08-11
of3_holo_DNM1L_c17f16e9,DNM1L,af3_holo_iptm,0.621,0.437,,2026-08-15
of3_holo_DNM1L_a7336135,DNM1L,af3_holo_iptm,0.621,0.435,,2026-08-16
of3_holo_DNM1L_a50a2c61,DNM1L,af3_holo_iptm,0.621,0.438,,2026-08-12
of3_holo_DNM1L_eda4e45d,DNM1L,af3_holo_iptm,0.621,0.450,,2026-08-16
of3_holo_KEAP1_aa40dd9f,KEAP1,af3_holo_iptm,0.620,0.499,,2026-07-29
of3_holo_DNM1L_791016ef,DNM1L,af3_holo_iptm,0.620,0.449,,2026-08-12
45_map2k3_x_mapk11,"",af3_iptm,0.620,0.710,0.670,2026-06-12
a_x_b_0cdc8e06,"",af3_iptm,0.620,0.840,0.670,2026-07-31
mapk14_x_map2k6,"",af3_iptm,0.620,0.730,0.670,2026-06-30
hk1_hk2_atp,"",af3_iptm,0.620,0.700,0.640,2026-08-03
09_mapk13_x_mapkapk2,"",af3_iptm,0.620,0.590,0.680,2026-06-05
deptor_322_409_x_smn1_260_294,"",af3_iptm,0.620,0.750,0.790,2026-06-29
p38g_x_mk3_s7,"",af3_iptm,0.620,0.610,0.680,2026-08-13
gemin6_gemin7,"",af3_iptm,0.620,0.590,0.700,2026-08-01
32_gemin6_x_gemin7,"",af3_iptm,0.620,0.590,0.700,2026-06-14
83_hdac2_x_phf21a,"",af3_iptm,0.620,0.410,0.840,2026-06-12
45_map2k3_x_mapk11,"",af3_iptm,0.620,0.710,0.670,2026-06-14
keap1_x_binder_u94bhxf1,"",af3_iptm,0.620,0.730,0.690,2026-07-28
16_map2k1_x_mapk1,"",af3_iptm,0.620,0.690,0.680,2026-06-05
of3_holo_DNM1L_09e6e511,DNM1L,af3_holo_iptm,0.620,0.445,,2026-08-14
of3_holo_DNM1L_b58b8d8b,DNM1L,af3_holo_iptm,0.620,0.438,,2026-08-12
of3_holo_DNM1L_2ef57309,DNM1L,af3_holo_iptm,0.620,0.464,,2026-08-16
of3_holo_DNM1L_97a86569,DNM1L,af3_holo_iptm,0.620,0.459,,2026-08-11
of3_holo_KEAP1_dd43b59f,KEAP1,af3_holo_iptm,0.620,0.483,,2026-07-29
of3_holo_DNM1L_244f0dbc,DNM1L,af3_holo_iptm,0.619,0.449,,2026-08-14
of3_holo_DNM1L_2e121c82,DNM1L,af3_holo_iptm,0.619,0.447,,2026-08-12
of3_holo_DNM1L_df7152cd,DNM1L,af3_holo_iptm,0.619,0.462,,2026-08-12
of3_holo_DNM1L_df1b86c0,DNM1L,af3_holo_iptm,0.619,0.491,,2026-08-16
of3_holo_KEAP1_50238e66,KEAP1,af3_holo_iptm,0.619,0.483,,2026-07-29
of3_holo_PGK1_a80d999a,PGK1,af3_holo_iptm,0.619,0.458,,2026-08-12
of3_holo_DNM1L_066b1ec8,DNM1L,af3_holo_iptm,0.619,0.455,,2026-08-12
of3_holo_PGK1_e950c7dd,PGK1,af3_holo_iptm,0.618,0.472,,2026-08-13
of3_holo_DNM1L_66b3921f,DNM1L,af3_holo_iptm,0.618,0.462,,2026-08-15
of3_holo_DNM1L_80b6f868,DNM1L,af3_holo_iptm,0.618,0.454,,2026-08-16
of3_holo_DNM1L_7768b942,DNM1L,af3_holo_iptm,0.618,0.442,,2026-08-14
of3_holo_PGK1_3a19317f,PGK1,af3_holo_iptm,0.618,0.499,,2026-08-13
of3_holo_DNM1L_ce7a68bf,DNM1L,af3_holo_iptm,0.618,0.441,,2026-08-12
of3_holo_DNM1L_4c9067da,DNM1L,af3_holo_iptm,0.618,0.441,,2026-08-13
of3_holo_DNM1L_8ee8532f,DNM1L,af3_holo_iptm,0.617,0.431,,2026-08-13
of3_holo_DNM1L_b2d17711,DNM1L,af3_holo_iptm,0.617,0.446,,2026-08-15
of3_holo_KEAP1_35710d2c,KEAP1,af3_holo_iptm,0.617,0.490,,2026-07-29
of3_holo_KEAP1_89a7f06a,KEAP1,af3_holo_iptm,0.617,0.482,,2026-08-02
of3_holo_DNM1L_ca707723,DNM1L,af3_holo_iptm,0.617,0.437,,2026-08-11
of3_holo_PGK1_98653ae3,PGK1,af3_holo_iptm,0.616,0.446,,2026-08-14
of3_holo_DNM1L_a4d5a0d6,DNM1L,af3_holo_iptm,0.616,0.460,,2026-08-11
of3_holo_KEAP1_8120005a,KEAP1,af3_holo_iptm,0.616,0.482,,2026-08-02
of3_holo_PGK1_6cfc87af,PGK1,af3_holo_iptm,0.616,0.460,,2026-08-12
of3_holo_DNM1L_551a9b13,DNM1L,af3_holo_iptm,0.616,0.480,,2026-08-15
of3_holo_KEAP1_f0ea4d72,KEAP1,af3_holo_iptm,0.616,0.482,,2026-08-02
of3_holo_DNM1L_ef859983,DNM1L,af3_holo_iptm,0.616,0.441,,2026-08-13
of3_holo_KEAP1_16fd13d9,KEAP1,af3_holo_iptm,0.615,0.480,,2026-07-29
of3_holo_DNM1L_76842ce5,DNM1L,af3_holo_iptm,0.615,0.423,,2026-08-14
of3_holo_DNM1L_58f46470,DNM1L,af3_holo_iptm,0.615,0.441,,2026-08-12
of3_holo_KEAP1_9a0e1f31,KEAP1,af3_holo_iptm,0.615,0.482,,2026-08-01
of3_holo_KEAP1_fee2b16a,KEAP1,af3_holo_iptm,0.615,0.483,,2026-08-02
of3_holo_KEAP1_3ce9af20,KEAP1,af3_holo_iptm,0.615,0.487,,2026-07-29
of3_holo_KEAP1_b19fa6e3,KEAP1,af3_holo_iptm,0.615,0.478,,2026-08-02
of3_holo_KEAP1_da4fe493,KEAP1,af3_holo_iptm,0.615,0.498,,2026-08-02
of3_holo_DNM1L_d654a23e,DNM1L,af3_holo_iptm,0.615,0.455,,2026-08-12
of3_holo_KEAP1_62a4bb21,KEAP1,af3_holo_iptm,0.614,0.483,,2026-07-29
of3_holo_DNM1L_47cb58bb,DNM1L,af3_holo_iptm,0.614,0.447,,2026-08-16
of3_holo_DNM1L_45343b5b,DNM1L,af3_holo_iptm,0.614,0.440,,2026-08-14
of3_holo_KEAP1_174f31b6,KEAP1,af3_holo_iptm,0.614,0.482,,2026-08-02
of3_holo_DNM1L_ecbd77da,DNM1L,af3_holo_iptm,0.614,0.448,,2026-08-16
of3_holo_KEAP1_3f7605c3,KEAP1,af3_holo_iptm,0.614,0.484,,2026-08-02
of3_holo_KEAP1_a7170881,KEAP1,af3_holo_iptm,0.614,0.483,,2026-08-02
of3_holo_DNM1L_e44114c6,DNM1L,af3_holo_iptm,0.614,0.455,,2026-08-12
of3_holo_KEAP1_7a03eae6,KEAP1,af3_holo_iptm,0.614,0.483,,2026-07-29
of3_holo_DNM1L_2a9dabb1,DNM1L,af3_holo_iptm,0.614,0.438,,2026-08-12
of3_holo_DNM1L_25636823,DNM1L,af3_holo_iptm,0.613,0.424,,2026-08-11
of3_holo_DNM1L_7ee4a51d,DNM1L,af3_holo_iptm,0.613,0.463,,2026-08-15
of3_holo_KEAP1_30081a70,KEAP1,af3_holo_iptm,0.613,0.481,,2026-07-29
of3_holo_KEAP1_7f4c1aa1,KEAP1,af3_holo_iptm,0.613,0.482,,2026-07-29
of3_holo_DNM1L_6df4ec20,DNM1L,af3_holo_iptm,0.613,0.440,,2026-08-15
of3_holo_KEAP1_b580970d,KEAP1,af3_holo_iptm,0.613,0.483,,2026-07-29
of3_holo_DNM1L_ae3d9e5e,DNM1L,af3_holo_iptm,0.613,0.473,,2026-08-16
of3_holo_KEAP1_a62bb5ea,KEAP1,af3_holo_iptm,0.613,0.483,,2026-07-29
of3_holo_PGK1_89ee485b,PGK1,af3_holo_iptm,0.613,0.446,,2026-08-11
of3_holo_DNM1L_97ca5c28,DNM1L,af3_holo_iptm,0.613,0.455,,2026-08-11
of3_holo_KEAP1_0b27d90e,KEAP1,af3_holo_iptm,0.613,0.768,,2026-07-29
of3_holo_KEAP1_63c816d7,KEAP1,af3_holo_iptm,0.613,0.482,,2026-08-02
of3_holo_DNM1L_31679021,DNM1L,af3_holo_iptm,0.613,0.469,,2026-08-11
of3_holo_DNM1L_784d809f,DNM1L,af3_holo_iptm,0.613,0.464,,2026-08-15
of3_holo_DNM1L_ea77936b,DNM1L,af3_holo_iptm,0.613,0.464,,2026-08-12
of3_holo_KEAP1_22d62d27,KEAP1,af3_holo_iptm,0.612,0.482,,2026-08-02
of3_holo_PGK1_9d5e0656,PGK1,af3_holo_iptm,0.612,0.442,,2026-08-13
of3_holo_DNM1L_95a7b84f,DNM1L,af3_holo_iptm,0.612,0.431,,2026-08-15
of3_holo_KEAP1_fa0a01a3,KEAP1,af3_holo_iptm,0.612,0.490,,2026-07-30
of3_holo_DNM1L_1333b896,DNM1L,af3_holo_iptm,0.612,0.450,,2026-08-12
of3_holo_KEAP1_bd84a3f8,KEAP1,af3_holo_iptm,0.612,0.481,,2026-08-02
of3_holo_DNM1L_d2ca3506,DNM1L,af3_holo_iptm,0.612,0.442,,2026-08-15
of3_holo_DNM1L_5a8325bd,DNM1L,af3_holo_iptm,0.612,0.439,,2026-08-12
of3_holo_DNM1L_52119e9b,DNM1L,af3_holo_iptm,0.612,0.444,,2026-08-15
of3_holo_DNM1L_291001c8,DNM1L,af3_holo_iptm,0.612,0.469,,2026-08-14
of3_holo_KEAP1_6ab1eaac,KEAP1,af3_holo_iptm,0.612,0.481,,2026-08-02
of3_holo_DNM1L_58bf4bb8,DNM1L,af3_holo_iptm,0.612,0.462,,2026-08-13
of3_holo_DNM1L_09a15b62,DNM1L,af3_holo_iptm,0.612,0.457,,2026-08-12
of3_holo_DNM1L_ffb7334e,DNM1L,af3_holo_iptm,0.612,0.433,,2026-08-13
of3_holo_DNM1L_40e3815f,DNM1L,af3_holo_iptm,0.612,0.439,,2026-08-16
of3_holo_KEAP1_ee5f1d25,KEAP1,af3_holo_iptm,0.611,0.476,,2026-08-01
of3_holo_KEAP1_23e995aa,KEAP1,af3_holo_iptm,0.611,0.489,,2026-08-02
of3_holo_DNM1L_54c0753b,DNM1L,af3_holo_iptm,0.611,0.415,,2026-08-15
of3_holo_DNM1L_7ed31e85,DNM1L,af3_holo_iptm,0.611,0.439,,2026-08-16
of3_holo_KEAP1_366c367b,KEAP1,af3_holo_iptm,0.611,0.484,,2026-08-02
of3_holo_PGK1_1b5a7bcd,PGK1,af3_holo_iptm,0.611,0.483,,2026-08-13
of3_holo_DNM1L_c49206d2,DNM1L,af3_holo_iptm,0.611,0.440,,2026-08-14
of3_holo_DNM1L_7b6c7174,DNM1L,af3_holo_iptm,0.611,0.461,,2026-08-14
of3_holo_DNM1L_feeb68b4,DNM1L,af3_holo_iptm,0.611,0.469,,2026-08-16
of3_holo_KEAP1_eb209af3,KEAP1,af3_holo_iptm,0.611,0.480,,2026-07-29
of3_holo_KEAP1_bcba4e00,KEAP1,af3_holo_iptm,0.611,0.483,,2026-08-02
of3_holo_KEAP1_801aef28,KEAP1,af3_holo_iptm,0.611,0.483,,2026-08-02
of3_holo_DNM1L_03dfede0,DNM1L,af3_holo_iptm,0.611,0.457,,2026-08-11
of3_holo_PGK1_eb65bbe3,PGK1,af3_holo_iptm,0.611,0.459,,2026-08-12
of3_holo_KEAP1_d721cdfb,KEAP1,af3_holo_iptm,0.611,0.490,,2026-07-31
of3_holo_DNM1L_ba748bb7,DNM1L,af3_holo_iptm,0.610,0.420,,2026-08-14
of3_holo_DNM1L_e7260722,DNM1L,af3_holo_iptm,0.610,0.438,,2026-08-15
of3_holo_PGK1_90527eaa,PGK1,af3_holo_iptm,0.610,0.453,,2026-08-14
08_keap1_bp_kxm8jrxhi4tzwclmgf9y_bc19,"",af3_iptm,0.610,0.880,0.670,2026-07-04
binder6295_lrp4_x_lrp4_beta1_prop_435_697,"",af3_iptm,0.610,0.830,0.650,2026-07-20
mapk10_x_jun,"",af3_iptm,0.610,0.500,0.830,2026-05-26
70_bnip3_x_map1lc3b,"",af3_iptm,0.610,0.450,0.880,2026-06-19
104_mapk8_x_jund,"",af3_iptm,0.610,0.510,0.850,2026-06-18
prkaa1_x_prkab1,"",af3_iptm,0.610,0.530,0.890,2026-06-29
08_mapk12_x_mapkapk2,"",af3_iptm,0.610,0.610,0.680,2026-06-05
103_mapk8_x_junb,"",af3_iptm,0.610,0.520,0.840,2026-06-18
79_keap1_x_fam129b,"",af3_iptm,0.610,0.480,0.660,2026-06-12
sarm1_560_724_nad,SARM1,af3_iptm,0.610,0.750,0.700,2026-07-31
binder8169_keap1_x_keap1_kelch_321_609,"",af3_iptm,0.610,0.870,0.660,2026-07-20
79_keap1_x_fam129b,"",af3_iptm,0.610,0.480,0.660,2026-06-14
binder704_musk_x_musk_ig1_24_128,"",af3_iptm,0.610,0.740,0.660,2026-07-20
prkaa2_1_550_x_prkag2_none_none,"",af3_iptm,0.610,0.590,0.780,2026-07-29
prkaa1_x_prkab1,"",af3_iptm,0.610,0.530,0.890,2026-06-30
70_bnip3_x_map1lc3b,"",af3_iptm,0.610,0.450,0.880,2026-06-21
46_ppargc1a_x_ppard,"",af3_iptm,0.610,0.340,0.860,2026-06-21
of3_holo_KEAP1_e8c27fa7,KEAP1,af3_holo_iptm,0.610,0.481,,2026-08-01
of3_holo_DNM1L_b0b64e8c,DNM1L,af3_holo_iptm,0.610,0.459,,2026-08-14
of3_holo_KEAP1_76f84d6c,KEAP1,af3_holo_iptm,0.610,0.477,,2026-07-29
of3_holo_KEAP1_c27f1352,KEAP1,af3_holo_iptm,0.610,0.481,,2026-08-02
of3_holo_DNM1L_ff8e9115,DNM1L,af3_holo_iptm,0.609,0.446,,2026-08-15
of3_holo_KEAP1_d8bfd82b,KEAP1,af3_holo_iptm,0.609,0.499,,2026-08-02
of3_holo_DNM1L_9797e7c4,DNM1L,af3_holo_iptm,0.609,0.454,,2026-08-11
of3_holo_KEAP1_2680ea6c,KEAP1,af3_holo_iptm,0.609,0.480,,2026-08-02
of3_holo_DNM1L_2845e99a,DNM1L,af3_holo_iptm,0.609,0.451,,2026-08-16
of3_holo_HDAC2_b896788c,HDAC2,af3_holo_iptm,0.609,0.311,,2026-07-29
of3_holo_DNM1L_6bccfe3b,DNM1L,af3_holo_iptm,0.609,0.458,,2026-08-15
of3_holo_DNM1L_ac6efdd8,DNM1L,af3_holo_iptm,0.609,0.456,,2026-08-11
of3_holo_DNM1L_6f24c2f2,DNM1L,af3_holo_iptm,0.609,0.447,,2026-08-11
of3_holo_KEAP1_36e74376,KEAP1,af3_holo_iptm,0.609,0.480,,2026-08-02
of3_holo_KEAP1_61405ffc,KEAP1,af3_holo_iptm,0.608,0.481,,2026-08-02
of3_holo_DNM1L_c7d74360,DNM1L,af3_holo_iptm,0.608,0.456,,2026-08-12
of3_holo_DNM1L_7eb68946,DNM1L,af3_holo_iptm,0.608,0.423,,2026-08-12
of3_holo_DNM1L_2dfaa6f5,DNM1L,af3_holo_iptm,0.608,0.459,,2026-08-14
of3_holo_KEAP1_f6f0d4b4,KEAP1,af3_holo_iptm,0.608,0.481,,2026-07-29
of3_holo_DNM1L_69416ec8,DNM1L,af3_holo_iptm,0.608,0.457,,2026-08-16
of3_holo_PGK1_91a75bf9,PGK1,af3_holo_iptm,0.608,0.467,,2026-08-14
of3_holo_DNM1L_10554043,DNM1L,af3_holo_iptm,0.608,0.462,,2026-08-13
of3_holo_KEAP1_085baa7c,KEAP1,af3_holo_iptm,0.607,0.480,,2026-07-29
of3_holo_DNM1L_6f538e81,DNM1L,af3_holo_iptm,0.607,0.453,,2026-08-16
of3_holo_PGK1_1a9f6dbd,PGK1,af3_holo_iptm,0.607,0.447,,2026-08-12
of3_holo_DNM1L_85f846a7,DNM1L,af3_holo_iptm,0.607,0.425,,2026-08-13
of3_holo_KEAP1_c5c67c26,KEAP1,af3_holo_iptm,0.607,0.483,,2026-07-29
of3_holo_DNM1L_a0d113ba,DNM1L,af3_holo_iptm,0.607,0.457,,2026-08-16
of3_holo_DNM1L_e44783a2,DNM1L,af3_holo_iptm,0.607,0.476,,2026-08-12
of3_holo_PGK1_08e5d13d,PGK1,af3_holo_iptm,0.607,0.452,,2026-08-12
of3_holo_PGK1_761460e0,PGK1,af3_holo_iptm,0.606,0.455,,2026-08-13
of3_holo_KEAP1_00ac4e6e,KEAP1,af3_holo_iptm,0.606,0.478,,2026-07-29
of3_holo_DNM1L_6c6ca6f4,DNM1L,af3_holo_iptm,0.606,0.440,,2026-08-11
of3_holo_PGK1_35024e48,PGK1,af3_holo_iptm,0.606,0.453,,2026-08-14
of3_holo_DNM1L_369c7c5a,DNM1L,af3_holo_iptm,0.606,0.435,,2026-08-14
of3_holo_DNM1L_5e873f6a,DNM1L,af3_holo_iptm,0.606,0.444,,2026-08-11
of3_holo_DNM1L_974e8a00,DNM1L,af3_holo_iptm,0.606,0.446,,2026-08-11
of3_holo_DNM1L_bc74876e,DNM1L,af3_holo_iptm,0.606,0.448,,2026-08-14
of3_holo_DNM1L_2efed5d6,DNM1L,af3_holo_iptm,0.605,0.467,,2026-08-11
of3_holo_DNM1L_fb7a2035,DNM1L,af3_holo_iptm,0.605,0.432,,2026-08-13
of3_holo_DNM1L_207878ec,DNM1L,af3_holo_iptm,0.605,0.436,,2026-08-11
of3_holo_DNM1L_228206e3,DNM1L,af3_holo_iptm,0.604,0.448,,2026-08-16
of3_holo_DNM1L_17beb93b,DNM1L,af3_holo_iptm,0.604,0.442,,2026-08-11
of3_holo_DNM1L_2f314113,DNM1L,af3_holo_iptm,0.604,0.485,,2026-08-15
of3_holo_KEAP1_bafd565a,KEAP1,af3_holo_iptm,0.604,0.480,,2026-08-02
of3_holo_PGK1_818a8102,PGK1,af3_holo_iptm,0.604,0.404,,2026-08-14
of3_holo_PGK1_698abf84,PGK1,af3_holo_iptm,0.604,0.488,,2026-08-14
of3_holo_DNM1L_ba61121e,DNM1L,af3_holo_iptm,0.604,0.453,,2026-08-12
of3_holo_DNM1L_a58fab18,DNM1L,af3_holo_iptm,0.603,0.435,,2026-08-13
of3_holo_PGK1_ab6bd9c7,PGK1,af3_holo_iptm,0.603,0.470,,2026-08-12
of3_holo_DNM1L_f4016f21,DNM1L,af3_holo_iptm,0.603,0.450,,2026-08-14
of3_holo_DNM1L_e62fea7d,DNM1L,af3_holo_iptm,0.603,0.471,,2026-08-11
of3_holo_DNM1L_6786dffa,DNM1L,af3_holo_iptm,0.603,0.472,,2026-08-15
of3_holo_KEAP1_9646968c,KEAP1,af3_holo_iptm,0.603,0.488,,2026-07-29
of3_holo_DNM1L_066e92d8,DNM1L,af3_holo_iptm,0.603,0.487,,2026-08-13
of3_holo_DNM1L_9bdfedaa,DNM1L,af3_holo_iptm,0.603,0.442,,2026-08-15
of3_holo_DNM1L_c3495417,DNM1L,af3_holo_iptm,0.603,0.442,,2026-08-14
of3_holo_DNM1L_59a9d01a,DNM1L,af3_holo_iptm,0.603,0.401,,2026-08-11
of3_holo_DNM1L_7c5a5145,DNM1L,af3_holo_iptm,0.603,0.451,,2026-08-15
of3_holo_DNM1L_210096e7,DNM1L,af3_holo_iptm,0.602,0.445,,2026-08-16
of3_holo_DNM1L_08278e5e,DNM1L,af3_holo_iptm,0.602,0.431,,2026-08-14
of3_holo_DNM1L_43e3ea1d,DNM1L,af3_holo_iptm,0.602,0.426,,2026-08-12
of3_holo_DNM1L_40ea1c8a,DNM1L,af3_holo_iptm,0.602,0.441,,2026-08-15
of3_holo_KEAP1_8a954537,KEAP1,af3_holo_iptm,0.601,0.811,,2026-07-29
of3_holo_DNM1L_390f93f5,DNM1L,af3_holo_iptm,0.600,0.447,,2026-08-15
of3_holo_DNM1L_1e81ad75,DNM1L,af3_holo_iptm,0.600,0.466,,2026-08-15
of3_holo_PGK1_7111b954,PGK1,af3_holo_iptm,0.600,0.468,,2026-08-14
of3_holo_DNM1L_ee1449fb,DNM1L,af3_holo_iptm,0.600,0.426,,2026-08-12
binder7436_lrp4_x_lrp4_beta1_prop_435_697,"",af3_iptm,0.600,0.860,0.650,2026-07-21
binder7035_lrp4_x_lrp4_beta1_prop_435_697,"",af3_iptm,0.600,0.840,0.650,2026-07-21
p38d_kin_25_308_x_mk2_s7,"",af3_iptm,0.600,0.570,0.660,2026-08-13
keap1_x_binder_n7pobked,"",af3_iptm,0.600,0.680,0.660,2026-07-28
14_map3k7_1_310_x_map2k6,"",af3_iptm,0.600,0.680,0.680,2026-06-08
p38d_kin_25_308_x_mk2_s7,"",af3_iptm,0.600,0.570,0.660,2026-08-13
binder6207_lrp4_x_lrp4_beta1_prop_435_697,"",af3_iptm,0.600,0.820,0.650,2026-07-22
a_x_b_e98b2c07,"",af3_iptm,0.600,0.750,0.710,2026-07-29
022_mapk10_x_jun,"",af3_iptm,0.600,0.510,0.830,2026-06-18
lrp4_x_ws1bnone_1157,"",af3_iptm,0.600,0.860,0.670,2026-07-03
a_x_b_c0e35b97,"",af3_iptm,0.600,0.840,0.660,2026-07-31
037_mapk10_x_dusp10,"",af3_iptm,0.600,0.550,0.740,2026-06-18
a_x_b_66de08cd,"",af3_iptm,0.600,0.830,0.660,2026-08-01
009_mapk10_x_map2k4,"",af3_iptm,0.600,0.690,0.720,2026-06-21
022_mapk10_x_jun,"",af3_iptm,0.600,0.510,0.830,2026-06-21
009_mapk10_x_map2k4,"",af3_iptm,0.600,0.690,0.720,2026-06-18
15_map2k2_x_mapk1,"",af3_iptm,0.600,0.630,0.670,2026-06-08
of3_holo_DNM1L_7971bbcc,DNM1L,af3_holo_iptm,0.600,0.445,,2026-08-15
of3_holo_DNM1L_6d8b4adc,DNM1L,af3_holo_iptm,0.600,0.477,,2026-08-15
of3_holo_DNM1L_a20d5f40,DNM1L,af3_holo_iptm,0.600,0.440,,2026-08-12
of3_holo_PGK1_24d4f7d5,PGK1,af3_holo_iptm,0.600,0.467,,2026-08-13
of3_holo_PGK1_bd8f7b3d,PGK1,af3_holo_iptm,0.600,0.433,,2026-08-13
of3_holo_DNM1L_c999ab5e,DNM1L,af3_holo_iptm,0.599,0.439,,2026-08-11
of3_holo_DNM1L_f21e5025,DNM1L,af3_holo_iptm,0.599,0.421,,2026-08-12
of3_holo_DNM1L_acf0288a,DNM1L,af3_holo_iptm,0.599,0.485,,2026-08-12
of3_holo_DNM1L_3bf59355,DNM1L,af3_holo_iptm,0.599,0.469,,2026-08-11
of3_holo_DNM1L_051e670d,DNM1L,af3_holo_iptm,0.598,0.456,,2026-08-14
of3_holo_DNM1L_b08f1939,DNM1L,af3_holo_iptm,0.598,0.458,,2026-08-12
of3_holo_PGK1_bbd3f948,PGK1,af3_holo_iptm,0.598,0.541,,2026-08-14
of3_holo_DNM1L_17bc29b4,DNM1L,af3_holo_iptm,0.598,0.433,,2026-08-14
of3_holo_PGK1_c6c5fff6,PGK1,af3_holo_iptm,0.598,0.435,,2026-08-13
of3_holo_DNM1L_337a4862,DNM1L,af3_holo_iptm,0.598,0.473,,2026-08-15
of3_holo_DNM1L_ec8bdc31,DNM1L,af3_holo_iptm,0.598,0.449,,2026-08-16
of3_holo_DNM1L_b34f641e,DNM1L,af3_holo_iptm,0.598,0.439,,2026-08-12
of3_holo_KEAP1_f5ab57af,KEAP1,af3_holo_iptm,0.597,0.777,,2026-07-29
of3_holo_DNM1L_9d2e8321,DNM1L,af3_holo_iptm,0.597,0.412,,2026-08-15
of3_holo_KEAP1_a013e267,KEAP1,af3_holo_iptm,0.597,0.493,,2026-08-02
of3_holo_KEAP1_a2f9b6df,KEAP1,af3_holo_iptm,0.597,0.473,,2026-08-02
of3_holo_DNM1L_70844072,DNM1L,af3_holo_iptm,0.597,0.425,,2026-08-15
of3_holo_MAPK13_a1d54e4e,MAPK13,af3_holo_iptm,0.597,0.256,,2026-07-29
of3_holo_PGK1_32733ec9,PGK1,af3_holo_iptm,0.596,0.468,,2026-08-13
of3_holo_KEAP1_a761ecd4,KEAP1,af3_holo_iptm,0.596,0.814,,2026-07-29
of3_holo_DNM1L_fab5a340,DNM1L,af3_holo_iptm,0.596,0.490,,2026-08-15
of3_holo_DNM1L_7b271cde,DNM1L,af3_holo_iptm,0.596,0.472,,2026-08-11
of3_holo_DNM1L_8657001a,DNM1L,af3_holo_iptm,0.595,0.421,,2026-08-11
of3_holo_DNM1L_91924a0f,DNM1L,af3_holo_iptm,0.595,0.446,,2026-08-16
of3_holo_DNM1L_6e90ca77,DNM1L,af3_holo_iptm,0.595,0.482,,2026-08-16
of3_holo_DNM1L_5685aeb2,DNM1L,af3_holo_iptm,0.595,0.435,,2026-08-15
of3_holo_PGK1_91d7e5ef,PGK1,af3_holo_iptm,0.595,0.414,,2026-08-14
of3_holo_PGK1_46cae134,PGK1,af3_holo_iptm,0.594,0.468,,2026-08-13
of3_holo_DNM1L_60629d1e,DNM1L,af3_holo_iptm,0.594,0.443,,2026-08-14
of3_holo_DNM1L_505dcc62,DNM1L,af3_holo_iptm,0.593,0.443,,2026-08-15
of3_holo_PGK1_fa60f4cb,PGK1,af3_holo_iptm,0.593,0.482,,2026-08-14
of3_holo_PGK1_e288daad,PGK1,af3_holo_iptm,0.593,0.452,,2026-08-14
of3_holo_DNM1L_276b703a,DNM1L,af3_holo_iptm,0.593,0.437,,2026-08-13
of3_holo_MAPK11_ec6e6b00,MAPK11,af3_holo_iptm,0.592,0.350,,2026-07-29
of3_holo_DNM1L_e44c771f,DNM1L,af3_holo_iptm,0.592,0.460,,2026-08-12
of3_holo_KEAP1_18ba698b,KEAP1,af3_holo_iptm,0.592,0.783,,2026-07-29
of3_holo_DNM1L_d072daac,DNM1L,af3_holo_iptm,0.592,0.445,,2026-08-12
of3_holo_DNM1L_80bc567e,DNM1L,af3_holo_iptm,0.592,0.451,,2026-08-14
of3_holo_DNM1L_13bb0a4c,DNM1L,af3_holo_iptm,0.592,0.428,,2026-08-15
of3_holo_DNM1L_e0a14f62,DNM1L,af3_holo_iptm,0.592,0.456,,2026-08-11
of3_holo_DNM1L_9a6b7f22,DNM1L,af3_holo_iptm,0.591,0.468,,2026-08-15
of3_holo_DNM1L_adf426ee,DNM1L,af3_holo_iptm,0.591,0.467,,2026-08-14
of3_holo_PGK1_7554bba1,PGK1,af3_holo_iptm,0.591,0.462,,2026-08-14
of3_holo_PGK1_3cb88d82,PGK1,af3_holo_iptm,0.591,0.444,,2026-08-13
of3_holo_DNM1L_a4a5fb30,DNM1L,af3_holo_iptm,0.591,0.457,,2026-08-11
of3_holo_DNM1L_167f9de5,DNM1L,af3_holo_iptm,0.591,0.460,,2026-08-15
of3_holo_DNM1L_fb341451,DNM1L,af3_holo_iptm,0.591,0.465,,2026-08-11
of3_holo_KEAP1_c2f1efdf,KEAP1,af3_holo_iptm,0.590,0.491,,2026-07-29
089_mapk8_x_map2k4,"",af3_iptm,0.590,0.660,0.690,2026-06-18
keap1_x_nfe2l2,"",af3_iptm,0.590,0.440,0.790,2026-05-26
p38d_x_mk2,"",af3_iptm,0.590,0.580,0.650,2026-08-13
29_kcnb1_1_180_x_kcnv2_1_200,"",af3_iptm,0.590,0.580,0.780,2026-06-08
deptor_322_409_x_smn1_260_294,"",af3_iptm,0.590,0.750,0.760,2026-07-15
agrn_lg3z19_x_lrp4_ldla_26_350,"",af3_iptm,0.590,0.430,0.580,2026-08-10
02_mapk14_x_elk1,"",af3_iptm,0.590,0.510,0.780,2026-06-14
of3_holo_PGK1_251fee39,PGK1,af3_holo_iptm,0.590,0.467,,2026-08-12
of3_holo_DNM1L_6e4cdf5c,DNM1L,af3_holo_iptm,0.590,0.455,,2026-08-12
of3_holo_DNM1L_d4593377,DNM1L,af3_holo_iptm,0.589,0.445,,2026-08-16
of3_holo_KEAP1_6ddfe8b7,KEAP1,af3_holo_iptm,0.589,0.483,,2026-07-29
of3_holo_KEAP1_6c7eb94b,KEAP1,af3_holo_iptm,0.589,0.481,,2026-08-02
of3_holo_PGK1_a2dec26e,PGK1,af3_holo_iptm,0.588,0.462,,2026-08-12
of3_holo_PGK1_21fe1233,PGK1,af3_holo_iptm,0.588,0.443,,2026-08-12
of3_holo_PGK1_0f7db507,PGK1,af3_holo_iptm,0.588,0.462,,2026-08-14
of3_holo_KEAP1_8e2e247e,KEAP1,af3_holo_iptm,0.587,0.738,,2026-07-29
of3_holo_DNM1L_5fd5ce9f,DNM1L,af3_holo_iptm,0.587,0.466,,2026-08-11
of3_holo_DNM1L_ea31839e,DNM1L,af3_holo_iptm,0.587,0.456,,2026-08-16
of3_holo_PGK1_e20b204f,PGK1,af3_holo_iptm,0.587,0.475,,2026-08-13
of3_holo_DNM1L_286b5dbf,DNM1L,af3_holo_iptm,0.587,0.468,,2026-08-13
of3_holo_PGK1_d4b5260d,PGK1,af3_holo_iptm,0.586,0.510,,2026-08-14
of3_holo_KEAP1_af361800,KEAP1,af3_holo_iptm,0.586,0.473,,2026-08-02
of3_holo_DNM1L_cc75bca6,DNM1L,af3_holo_iptm,0.586,0.471,,2026-08-11
of3_holo_PGK1_b266b5df,PGK1,af3_holo_iptm,0.585,0.471,,2026-08-13
of3_holo_PGK1_79c91f1b,PGK1,af3_holo_iptm,0.585,0.465,,2026-08-11
of3_holo_HDAC2_cb5d8914,HDAC2,af3_holo_iptm,0.585,0.280,,2026-07-29
of3_holo_PGK1_67c06c32,PGK1,af3_holo_iptm,0.585,0.475,,2026-08-14
of3_holo_PGK1_81fc5e77,PGK1,af3_holo_iptm,0.584,0.458,,2026-08-12
of3_holo_DNM1L_ba59d4b6,DNM1L,af3_holo_iptm,0.584,0.457,,2026-08-15
of3_holo_PGK1_7ff6cf47,PGK1,af3_holo_iptm,0.584,0.456,,2026-08-14
of3_holo_PGK1_a79ec1ce,PGK1,af3_holo_iptm,0.584,0.471,,2026-08-13
of3_holo_KEAP1_6acc6981,KEAP1,af3_holo_iptm,0.584,0.477,,2026-08-02
of3_holo_DNM1L_10fdd1cf,DNM1L,af3_holo_iptm,0.584,0.437,,2026-08-15
of3_holo_PGK1_e6173465,PGK1,af3_holo_iptm,0.584,0.445,,2026-08-14
of3_holo_PGK1_912e0bbb,PGK1,af3_holo_iptm,0.584,0.476,,2026-08-14
of3_holo_PGK1_a41dae0d,PGK1,af3_holo_iptm,0.583,0.464,,2026-08-14
of3_holo_DNM1L_6885ab6a,DNM1L,af3_holo_iptm,0.583,0.440,,2026-08-15
of3_holo_PGK1_5fb1d901,PGK1,af3_holo_iptm,0.583,0.460,,2026-08-13
of3_holo_KEAP1_715cf6f0,KEAP1,af3_holo_iptm,0.583,0.479,,2026-07-29
of3_holo_DNM1L_cf066514,DNM1L,af3_holo_iptm,0.583,0.393,,2026-08-11
of3_holo_DNM1L_aa364597,DNM1L,af3_holo_iptm,0.583,0.475,,2026-08-12
of3_holo_KEAP1_a7bbbe1e,KEAP1,af3_holo_iptm,0.583,0.483,,2026-08-02
of3_holo_DNM1L_9bd390d5,DNM1L,af3_holo_iptm,0.582,0.427,,2026-08-12
of3_holo_DNM1L_d4f7df86,DNM1L,af3_holo_iptm,0.582,0.425,,2026-08-16
of3_holo_KEAP1_12d040b2,KEAP1,af3_holo_iptm,0.582,0.489,,2026-07-29
of3_holo_KEAP1_ad283997,KEAP1,af3_holo_iptm,0.581,0.486,,2026-08-02
of3_holo_DNM1L_1e2ae466,DNM1L,af3_holo_iptm,0.581,0.460,,2026-08-16
of3_holo_KEAP1_7526a301,KEAP1,af3_holo_iptm,0.581,0.488,,2026-07-29
60_micu3_x_micu3_2,"",af3_iptm,0.580,0.600,0.740,2026-08-06
57_mapk12_x_atf2,"",af3_iptm,0.580,0.480,0.840,2026-06-10
agrn_lg1_3_1720_2065_x_lrp4_bp1,"",af3_iptm,0.580,0.440,0.590,2026-08-10
71_kcnb1_1_180_x_kcng2,"",af3_iptm,0.580,0.430,0.650,2026-06-12
a_x_b_e704307c,"",af3_iptm,0.580,0.790,0.630,2026-08-01
57_mapk12_x_atf2,"",af3_iptm,0.580,0.480,0.840,2026-06-12
binder6426_lrp4_x_lrp4_beta1_prop_435_697,"",af3_iptm,0.580,0.810,0.640,2026-07-22
09_keap1_bp_s9yluuzspck13xj6vhgj_bc16,"",af3_iptm,0.580,0.870,0.640,2026-07-04
60_micu3_x_micu3,"",af3_iptm,0.580,0.600,0.740,2026-06-12
50_micu1_x_micu1,"",af3_iptm,0.580,0.630,0.720,2026-06-08
60_micu3_x_micu3_2,"",af3_iptm,0.580,0.600,0.740,2026-08-06
31_ddx20_x_gemin4_1_600,"",af3_iptm,0.580,0.510,0.700,2026-06-14
keap1_x_binder_hul9utnx,"",af3_iptm,0.580,0.720,0.650,2026-07-28
binder6007_lrp4_x_lrp4_beta1_prop_435_697,"",af3_iptm,0.580,0.860,0.640,2026-07-22
60_micu3_x_micu3,"",af3_iptm,0.580,0.600,0.740,2026-06-10
perp_none_none_x_dag1_750_895,"",af3_iptm,0.580,0.570,0.830,2026-07-29
of3_holo_PKM2_ed238fd9,PKM2,af3_holo_iptm,0.580,0.521,,2026-08-11
of3_holo_DNM1L_5bfdf622,DNM1L,af3_holo_iptm,0.580,0.434,,2026-08-16
of3_holo_DNM1L_1565106e,DNM1L,af3_holo_iptm,0.580,0.440,,2026-08-14
of3_holo_DNM1L_febfee55,DNM1L,af3_holo_iptm,0.580,0.448,,2026-08-16
of3_holo_KEAP1_129f18ae,KEAP1,af3_holo_iptm,0.580,0.806,,2026-07-29
of3_holo_DNM1L_049687be,DNM1L,af3_holo_iptm,0.580,0.429,,2026-08-16
of3_holo_DNM1L_e644d1dd,DNM1L,af3_holo_iptm,0.580,0.447,,2026-08-12
of3_holo_PGK1_3f572e1b,PGK1,af3_holo_iptm,0.580,0.471,,2026-08-13
of3_holo_KEAP1_1ff92d6b,KEAP1,af3_holo_iptm,0.579,0.472,,2026-08-02
of3_holo_DNM1L_46191797,DNM1L,af3_holo_iptm,0.579,0.440,,2026-08-15
of3_holo_KEAP1_44cec0c7,KEAP1,af3_holo_iptm,0.579,0.481,,2026-07-29
of3_holo_DNM1L_3e7a4224,DNM1L,af3_holo_iptm,0.579,0.460,,2026-08-13
of3_holo_PGK1_65ed17d4,PGK1,af3_holo_iptm,0.579,0.462,,2026-08-14
of3_holo_DNM1L_815c48b9,DNM1L,af3_holo_iptm,0.578,0.452,,2026-08-14
of3_holo_DNM1L_cac11147,DNM1L,af3_holo_iptm,0.578,0.446,,2026-08-16
of3_holo_KEAP1_91220e6f,KEAP1,af3_holo_iptm,0.578,0.458,,2026-08-02
of3_holo_DNM1L_7dec25b0,DNM1L,af3_holo_iptm,0.577,0.441,,2026-08-12
of3_holo_PGK1_73acd32d,PGK1,af3_holo_iptm,0.577,0.427,,2026-08-13
of3_holo_PGK1_9aae8473,PGK1,af3_holo_iptm,0.577,0.440,,2026-08-12
of3_holo_DNM1L_9abee5ae,DNM1L,af3_holo_iptm,0.577,0.458,,2026-08-16
of3_holo_DNM1L_646c6826,DNM1L,af3_holo_iptm,0.577,0.469,,2026-08-15
of3_holo_DNM1L_5185aa34,DNM1L,af3_holo_iptm,0.576,0.446,,2026-08-11
of3_holo_PGK1_72b4fbf0,PGK1,af3_holo_iptm,0.576,0.425,,2026-08-13
of3_holo_DNM1L_30eaa0fd,DNM1L,af3_holo_iptm,0.576,0.471,,2026-08-14
of3_holo_PGK1_69dda382,PGK1,af3_holo_iptm,0.576,0.474,,2026-08-13
of3_holo_DNM1L_14f08081,DNM1L,af3_holo_iptm,0.575,0.467,,2026-08-14
of3_holo_PGK1_00378c1e,PGK1,af3_holo_iptm,0.575,0.416,,2026-08-14
of3_holo_DNM1L_2fae7585,DNM1L,af3_holo_iptm,0.575,0.468,,2026-08-16
of3_holo_DNM1L_32c871d8,DNM1L,af3_holo_iptm,0.574,0.436,,2026-08-15
of3_holo_DNM1L_81f7e181,DNM1L,af3_holo_iptm,0.573,0.418,,2026-08-13
of3_holo_DNM1L_b711be00,DNM1L,af3_holo_iptm,0.573,0.475,,2026-08-14
of3_holo_DNM1L_615aa53a,DNM1L,af3_holo_iptm,0.573,0.446,,2026-08-11
of3_holo_PGK1_2d25c889,PGK1,af3_holo_iptm,0.573,0.461,,2026-08-12
of3_holo_PGK1_835c509a,PGK1,af3_holo_iptm,0.572,0.464,,2026-08-14
of3_holo_DNM1L_a0ffc2da,DNM1L,af3_holo_iptm,0.572,0.418,,2026-08-12
of3_holo_PGK1_0513d757,PGK1,af3_holo_iptm,0.572,0.408,,2026-08-13
of3_holo_DNM1L_0ccc6bd3,DNM1L,af3_holo_iptm,0.572,0.438,,2026-08-16
of3_holo_DNM1L_c51140f2,DNM1L,af3_holo_iptm,0.572,0.458,,2026-08-12
of3_holo_PGK1_c9b92ab8,PGK1,af3_holo_iptm,0.572,0.472,,2026-08-13
of3_holo_DNM1L_2e3369d6,DNM1L,af3_holo_iptm,0.572,0.475,,2026-08-12
of3_holo_PGK1_97159de3,PGK1,af3_holo_iptm,0.571,0.484,,2026-08-13
of3_holo_DNM1L_c29a0cad,DNM1L,af3_holo_iptm,0.571,0.433,,2026-08-12
of3_holo_PGK1_c1db846f,PGK1,af3_holo_iptm,0.571,0.455,,2026-08-12
of3_holo_DNM1L_32991e8c,DNM1L,af3_holo_iptm,0.571,0.456,,2026-08-16
of3_holo_PGK1_b71bf0f1,PGK1,af3_holo_iptm,0.571,0.455,,2026-08-12
of3_holo_KEAP1_71c65a60,KEAP1,af3_holo_iptm,0.571,0.482,,2026-07-29
50_inpp5f_1_550_x_rab10,"",af3_iptm,0.570,0.730,0.660,2026-06-10
43_micu1_x_micu2,"",af3_iptm,0.570,0.620,0.710,2026-06-05
09_mapk11_x_atf2,"",af3_iptm,0.570,0.480,0.820,2026-06-10
micu1_dimer,"",af3_iptm,0.570,0.620,0.710,2026-08-06
09_mapk11_x_atf2,"",af3_iptm,0.570,0.480,0.820,2026-06-08
50_inpp5f_1_550_x_rab10,"",af3_iptm,0.570,0.730,0.660,2026-06-12
047_mapk9_x_marcks,"",af3_iptm,0.570,0.510,0.820,2026-06-18
21_kcnb1_580_858_x_vapa,"",af3_iptm,0.570,0.350,0.910,2026-06-05
smn1_260_294_x_smn1_90_159,"",af3_iptm,0.570,0.680,0.780,2026-07-08
mapk14_x_map2k3,"",af3_iptm,0.570,0.750,0.610,2026-06-30
of3_holo_PGK1_a6afc087,PGK1,af3_holo_iptm,0.570,0.443,,2026-08-13
of3_holo_DNM1L_5bc6ae23,DNM1L,af3_holo_iptm,0.569,0.444,,2026-08-16
of3_holo_DNM1L_8a0d5319,DNM1L,af3_holo_iptm,0.569,0.440,,2026-08-15
of3_holo_HDAC2_836a87d9,HDAC2,af3_holo_iptm,0.569,0.265,,2026-07-29
of3_holo_DNM1L_1f618517,DNM1L,af3_holo_iptm,0.569,0.473,,2026-08-16
of3_holo_DNM1L_a97c62fd,DNM1L,af3_holo_iptm,0.569,0.457,,2026-08-11
of3_holo_DNM1L_f5b73ed2,DNM1L,af3_holo_iptm,0.569,0.444,,2026-08-15
of3_holo_PGK1_ec9422ed,PGK1,af3_holo_iptm,0.568,0.447,,2026-08-13
of3_holo_DNM1L_64356d09,DNM1L,af3_holo_iptm,0.568,0.438,,2026-08-16
of3_holo_PGK1_4b4a0bd7,PGK1,af3_holo_iptm,0.568,0.472,,2026-08-13
of3_holo_KEAP1_c786c996,KEAP1,af3_holo_iptm,0.568,0.489,,2026-07-29
of3_holo_DNM1L_b487fd3a,DNM1L,af3_holo_iptm,0.567,0.464,,2026-08-12
of3_holo_DNM1L_04437c71,DNM1L,af3_holo_iptm,0.567,0.491,,2026-08-15
of3_holo_PGK1_21137936,PGK1,af3_holo_iptm,0.567,0.483,,2026-08-12
of3_holo_PGK1_8dd4ba29,PGK1,af3_holo_iptm,0.567,0.468,,2026-08-11
of3_holo_DNM1L_d3810539,DNM1L,af3_holo_iptm,0.567,0.465,,2026-08-12
of3_holo_DNM1L_9dc41ce7,DNM1L,af3_holo_iptm,0.567,0.447,,2026-08-13
of3_holo_DNM1L_d500118c,DNM1L,af3_holo_iptm,0.567,0.425,,2026-08-16
of3_holo_DNM1L_b6798575,DNM1L,af3_holo_iptm,0.566,0.428,,2026-08-13
of3_holo_DNM1L_5435e6fe,DNM1L,af3_holo_iptm,0.566,0.421,,2026-08-12
of3_holo_DNM1L_ae3438a2,DNM1L,af3_holo_iptm,0.566,0.423,,2026-08-11
of3_holo_DNM1L_8627dfbc,DNM1L,af3_holo_iptm,0.566,0.447,,2026-08-16
of3_holo_DNM1L_2a6678d5,DNM1L,af3_holo_iptm,0.566,0.462,,2026-08-16
of3_holo_KEAP1_fe4c0554,KEAP1,af3_holo_iptm,0.566,0.484,,2026-07-31
of3_holo_DNM1L_69202b71,DNM1L,af3_holo_iptm,0.566,0.446,,2026-08-14
of3_holo_PGK1_be1871b8,PGK1,af3_holo_iptm,0.565,0.483,,2026-08-14
of3_holo_PGK1_129410f2,PGK1,af3_holo_iptm,0.565,0.457,,2026-08-12
of3_holo_DNM1L_caea1f9b,DNM1L,af3_holo_iptm,0.565,0.453,,2026-08-15
of3_holo_KEAP1_a5ba376f,KEAP1,af3_holo_iptm,0.565,0.467,,2026-07-29
of3_holo_DNM1L_1e04d744,DNM1L,af3_holo_iptm,0.565,0.442,,2026-08-15
of3_holo_DNM1L_cc6d12ee,DNM1L,af3_holo_iptm,0.565,0.448,,2026-08-12
of3_holo_DNM1L_6e2be11a,DNM1L,af3_holo_iptm,0.565,0.490,,2026-08-12
of3_holo_PGK1_d2e8d0d2,PGK1,af3_holo_iptm,0.565,0.474,,2026-08-11
of3_holo_DNM1L_eb545b12,DNM1L,af3_holo_iptm,0.564,0.456,,2026-08-16
of3_holo_DNM1L_544728c4,DNM1L,af3_holo_iptm,0.564,0.427,,2026-08-15
of3_holo_KEAP1_c39610bd,KEAP1,af3_holo_iptm,0.563,0.804,,2026-07-29
of3_holo_DNM1L_61ae6cdc,DNM1L,af3_holo_iptm,0.563,0.463,,2026-08-11
of3_holo_PGK1_db1f542c,PGK1,af3_holo_iptm,0.563,0.490,,2026-08-13
of3_holo_DNM1L_fcfdf0b8,DNM1L,af3_holo_iptm,0.563,0.441,,2026-08-11
of3_holo_PGK1_97a32e48,PGK1,af3_holo_iptm,0.563,0.448,,2026-08-11
of3_holo_DNM1L_ea6d9c4b,DNM1L,af3_holo_iptm,0.562,0.433,,2026-08-12
of3_holo_DNM1L_02848be9,DNM1L,af3_holo_iptm,0.562,0.466,,2026-08-15
of3_holo_MAPK12_034b9485,MAPK12,af3_holo_iptm,0.562,0.255,,2026-07-29
of3_holo_DNM1L_0c557da4,DNM1L,af3_holo_iptm,0.562,0.423,,2026-08-14
of3_holo_DNM1L_28a4b1ab,DNM1L,af3_holo_iptm,0.562,0.438,,2026-08-15
of3_holo_DNM1L_7c6bd105,DNM1L,af3_holo_iptm,0.561,0.450,,2026-08-15
of3_holo_MAPK12_b0c3318d,MAPK12,af3_holo_iptm,0.561,0.232,,2026-07-29
of3_holo_PGK1_bd04792c,PGK1,af3_holo_iptm,0.560,0.454,,2026-08-12
dok7_1_235_x_sorbs1_1_300,"",af3_iptm,0.560,0.460,0.840,2026-07-29
p38d_kin_25_308_x_mk2,"",af3_iptm,0.560,0.560,0.620,2026-08-13
kcnb1_cyto_x_vapa,"",af3_iptm,0.560,0.290,,2026-05-27
nrg1_egf_x_agrn_ntr2,"",af3_iptm,0.560,0.480,0.690,2026-05-14
nrg1_egf_x_agrn_ntr2_2,"",af3_iptm,0.560,0.480,0.690,2026-05-14
087_mapk8_x_marcks,"",af3_iptm,0.560,0.510,0.810,2026-06-18
70_map2k4_x_mapk12,"",af3_iptm,0.560,0.690,0.660,2026-06-12
mito_dnm1l_stalk_dimer_s7,"",af3_iptm,0.560,0.610,0.720,2026-08-13
61_ndufaf1_x_ecsit,"",af3_iptm,0.560,0.580,0.710,2026-06-21
binder6639_lrp4_x_lrp4_beta1_prop_435_697,"",af3_iptm,0.560,0.800,0.610,2026-07-22
agrn_1_130_x_stmn2_none_none,"",af3_iptm,0.560,0.400,0.840,2026-07-16
70_inpp5f_1_550_x_rab11b,"",af3_iptm,0.560,0.720,0.650,2026-06-07
of3_holo_KEAP1_48f3729d,KEAP1,af3_holo_iptm,0.560,0.752,,2026-07-29
of3_holo_DNM1L_01494c62,DNM1L,af3_holo_iptm,0.559,0.431,,2026-08-11
of3_holo_DNM1L_f3aeb1d0,DNM1L,af3_holo_iptm,0.559,0.436,,2026-08-16
of3_holo_PGK1_cb401a83,PGK1,af3_holo_iptm,0.559,0.446,,2026-08-12
of3_holo_DNM1L_dc694e40,DNM1L,af3_holo_iptm,0.559,0.420,,2026-08-15
of3_holo_DNM1L_99463153,DNM1L,af3_holo_iptm,0.559,0.422,,2026-08-16
of3_holo_PGK1_6b87377f,PGK1,af3_holo_iptm,0.558,0.455,,2026-08-12
of3_holo_DNM1L_764de91a,DNM1L,af3_holo_iptm,0.558,0.406,,2026-08-12
of3_holo_DNM1L_1f46b98d,DNM1L,af3_holo_iptm,0.558,0.441,,2026-08-15
of3_holo_DNM1L_6eb5c240,DNM1L,af3_holo_iptm,0.558,0.447,,2026-08-15
of3_holo_DNM1L_1ff2f8fc,DNM1L,af3_holo_iptm,0.558,0.407,,2026-08-12
of3_holo_DNM1L_2b4c8340,DNM1L,af3_holo_iptm,0.558,0.427,,2026-08-14
of3_holo_DNM1L_f79bb6cd,DNM1L,af3_holo_iptm,0.558,0.463,,2026-08-15
of3_holo_KEAP1_db3a9a8e,KEAP1,af3_holo_iptm,0.558,0.477,,2026-07-29
of3_holo_DNM1L_ee0205d6,DNM1L,af3_holo_iptm,0.557,0.435,,2026-08-12
of3_holo_PGK1_dc1f8c41,PGK1,af3_holo_iptm,0.557,0.422,,2026-08-12
of3_holo_MAPK11_2eda6c1e,MAPK11,af3_holo_iptm,0.557,0.415,,2026-07-29
of3_holo_KEAP1_a6bb6570,KEAP1,af3_holo_iptm,0.557,0.810,,2026-07-29
of3_holo_DNM1L_1bd9c866,DNM1L,af3_holo_iptm,0.557,0.473,,2026-08-14
of3_holo_MAPK12_d1404e77,MAPK12,af3_holo_iptm,0.557,0.263,,2026-07-29
of3_holo_DNM1L_8fb0470d,DNM1L,af3_holo_iptm,0.557,0.430,,2026-08-16
of3_holo_DNM1L_e0fa8aef,DNM1L,af3_holo_iptm,0.557,0.434,,2026-08-11
of3_holo_PGK1_75d62336,PGK1,af3_holo_iptm,0.557,0.454,,2026-08-13
of3_holo_MAPK11_e752adc6,MAPK11,af3_holo_iptm,0.557,0.380,,2026-07-29
of3_holo_DNM1L_831e9d8d,DNM1L,af3_holo_iptm,0.556,0.435,,2026-08-15
of3_holo_PGK1_83b2fad9,PGK1,af3_holo_iptm,0.556,0.434,,2026-08-14
of3_holo_DNM1L_d52761af,DNM1L,af3_holo_iptm,0.556,0.463,,2026-08-12
of3_holo_DNM1L_ef74df9d,DNM1L,af3_holo_iptm,0.556,0.444,,2026-08-16
of3_holo_PGK1_4a929b56,PGK1,af3_holo_iptm,0.556,0.462,,2026-08-14
of3_holo_PGK1_9906731e,PGK1,af3_holo_iptm,0.556,0.465,,2026-08-13
of3_holo_PGK1_5abc65e5,PGK1,af3_holo_iptm,0.555,0.455,,2026-08-14
of3_holo_PGK1_9e549581,PGK1,af3_holo_iptm,0.555,0.438,,2026-08-14
of3_holo_PGK1_ca3451ab,PGK1,af3_holo_iptm,0.555,0.405,,2026-08-12
of3_holo_KEAP1_82865aed,KEAP1,af3_holo_iptm,0.555,0.759,,2026-07-29
of3_holo_KEAP1_0f574871,KEAP1,af3_holo_iptm,0.555,0.486,,2026-07-29
of3_holo_DNM1L_2cb5410b,DNM1L,af3_holo_iptm,0.555,0.456,,2026-08-14
of3_holo_DNM1L_48255992,DNM1L,af3_holo_iptm,0.555,0.461,,2026-08-16
of3_holo_DNM1L_64844514,DNM1L,af3_holo_iptm,0.554,0.447,,2026-08-15
of3_holo_MAPK12_8249a23c,MAPK12,af3_holo_iptm,0.554,0.307,,2026-07-29
of3_holo_PGK1_466312bd,PGK1,af3_holo_iptm,0.554,0.497,,2026-08-13
of3_holo_KEAP1_39126517,KEAP1,af3_holo_iptm,0.554,0.494,,2026-08-02
of3_holo_DNM1L_af3bc5e4,DNM1L,af3_holo_iptm,0.554,0.461,,2026-08-12
of3_holo_PGK1_5521b638,PGK1,af3_holo_iptm,0.554,0.455,,2026-08-13
of3_holo_HDAC2_7aef9e11,HDAC2,af3_holo_iptm,0.554,0.256,,2026-07-29
of3_holo_PGK1_52d81eac,PGK1,af3_holo_iptm,0.554,0.420,,2026-08-13
of3_holo_PGK1_32e6e0be,PGK1,af3_holo_iptm,0.554,0.433,,2026-08-13
of3_holo_PGK1_87a33f0e,PGK1,af3_holo_iptm,0.553,0.462,,2026-08-14
of3_holo_KEAP1_d535c208,KEAP1,af3_holo_iptm,0.552,0.479,,2026-07-29
of3_holo_DNM1L_9aeb4721,DNM1L,af3_holo_iptm,0.552,0.452,,2026-08-15
of3_holo_DNM1L_27eaaf57,DNM1L,af3_holo_iptm,0.552,0.443,,2026-08-16
of3_holo_DNM1L_7c356984,DNM1L,af3_holo_iptm,0.551,0.425,,2026-08-15
of3_holo_KEAP1_4988b95b,KEAP1,af3_holo_iptm,0.551,0.485,,2026-07-29
of3_holo_DNM1L_62bd91df,DNM1L,af3_holo_iptm,0.551,0.455,,2026-08-16
of3_holo_DNM1L_05fbedb1,DNM1L,af3_holo_iptm,0.551,0.428,,2026-08-13
of3_holo_PGK1_36db7d94,PGK1,af3_holo_iptm,0.551,0.442,,2026-08-13
of3_holo_KEAP1_27f3e196,KEAP1,af3_holo_iptm,0.551,0.485,,2026-07-29
nrg1_egf_x_pak1_kd_bind,"",af3_iptm,0.550,0.570,0.720,2026-05-16
nrg1_egf_x_pak1_kd_bind,"",af3_iptm,0.550,0.570,0.730,2026-05-14
uba1_1_1058_smn1,"",af3_iptm,0.550,0.680,0.670,2026-08-05
p38g_kin_27_311_x_mk2_s7,"",af3_iptm,0.550,0.580,0.620,2026-08-13
kcnb1_cyto_x_vapb,"",af3_iptm,0.550,0.280,,2026-05-27
dnm1l_x_mief2,"",af3_iptm,0.550,0.580,0.670,2026-06-29
p38g_kin_27_311_x_mk2_s7,"",af3_iptm,0.550,0.580,0.620,2026-08-13
dnm1l_x_mief2,"",af3_iptm,0.550,0.580,0.670,2026-06-30
56_smn1_x_snrpe,"",af3_iptm,0.550,0.290,0.770,2026-06-12
023_mapk10_x_junb,"",af3_iptm,0.550,0.510,0.810,2026-06-18
hnrnpa1_15_93_x_gemin5_1023_1287,"",af3_iptm,0.550,0.780,0.600,2026-07-28
56_smn1_x_snrpe,"",af3_iptm,0.550,0.290,0.770,2026-06-14
ppargc1a_1_270_x_esrra_none_none,"",af3_iptm,0.550,0.440,0.800,2026-07-29
49_micu1_x_micu3,"",af3_iptm,0.550,0.590,0.700,2026-06-08
023_mapk10_x_junb,"",af3_iptm,0.550,0.510,0.810,2026-06-21
binder6748_lrp4_x_lrp4_beta1_prop_435_697,"",af3_iptm,0.550,0.810,0.600,2026-07-21
mito_dnm1l_stalk_dimer_s42,"",af3_iptm,0.550,0.600,0.720,2026-08-14
116_mapk8_x_mcl1,"",af3_iptm,0.550,0.510,0.680,2026-06-18
nrg1_176_246_x_stmn1_none_none,"",af3_iptm,0.550,0.450,0.860,2026-07-11
keap1_x_sqstm1,"",af3_iptm,0.550,0.490,0.660,2026-05-26
p38g_x_mk2_s7,"",af3_iptm,0.550,0.620,0.640,2026-08-13
of3_holo_PGK1_d397f704,PGK1,af3_holo_iptm,0.550,0.452,,2026-08-12
of3_holo_DNM1L_274e483d,DNM1L,af3_holo_iptm,0.550,0.414,,2026-08-12
of3_holo_DNM1L_48b0451c,DNM1L,af3_holo_iptm,0.550,0.439,,2026-08-15
of3_holo_PGK1_9a081607,PGK1,af3_holo_iptm,0.550,0.485,,2026-08-13
of3_holo_DNM1L_36f3919d,DNM1L,af3_holo_iptm,0.550,0.452,,2026-08-16
of3_holo_DNM1L_64532976,DNM1L,af3_holo_iptm,0.549,0.437,,2026-08-11
of3_holo_DNM1L_815dbe8e,DNM1L,af3_holo_iptm,0.549,0.451,,2026-08-14
of3_holo_DNM1L_fd2f0507,DNM1L,af3_holo_iptm,0.549,0.440,,2026-08-13
of3_holo_PGK1_451c1280,PGK1,af3_holo_iptm,0.549,0.445,,2026-08-13
of3_holo_PGK1_6ffbe9ed,PGK1,af3_holo_iptm,0.548,0.528,,2026-08-14
of3_holo_DNM1L_99c971c9,DNM1L,af3_holo_iptm,0.548,0.457,,2026-08-12
of3_holo_PGK1_a74780d1,PGK1,af3_holo_iptm,0.548,0.455,,2026-08-12
of3_holo_DNM1L_384ee226,DNM1L,af3_holo_iptm,0.548,0.444,,2026-08-16
of3_holo_PGK1_f1fe76f0,PGK1,af3_holo_iptm,0.547,0.435,,2026-08-11
of3_holo_KEAP1_50c5a16c,KEAP1,af3_holo_iptm,0.547,0.481,,2026-07-29
of3_holo_DNM1L_cd0956d9,DNM1L,af3_holo_iptm,0.547,0.443,,2026-08-12
of3_holo_PGK1_7401f885,PGK1,af3_holo_iptm,0.547,0.473,,2026-08-11
of3_holo_PGK1_40cd132f,PGK1,af3_holo_iptm,0.547,0.463,,2026-08-11
of3_holo_DNM1L_7b00704a,DNM1L,af3_holo_iptm,0.546,0.434,,2026-08-16
of3_holo_DNM1L_5013ed23,DNM1L,af3_holo_iptm,0.546,0.460,,2026-08-16
of3_holo_DNM1L_8389ba2f,DNM1L,af3_holo_iptm,0.546,0.431,,2026-08-13
of3_holo_DNM1L_4fbc3574,DNM1L,af3_holo_iptm,0.546,0.438,,2026-08-15
of3_holo_PGK1_ec785d29,PGK1,af3_holo_iptm,0.545,0.454,,2026-08-14
of3_holo_DNM1L_04c51c4a,DNM1L,af3_holo_iptm,0.545,0.442,,2026-08-12
of3_holo_PGK1_b544241b,PGK1,af3_holo_iptm,0.545,0.440,,2026-08-12
of3_holo_DNM1L_3c63d1d4,DNM1L,af3_holo_iptm,0.545,0.430,,2026-08-12
of3_holo_PGK1_738feccf,PGK1,af3_holo_iptm,0.544,0.465,,2026-08-12
of3_holo_KEAP1_cbf32659,KEAP1,af3_holo_iptm,0.544,0.483,,2026-08-02
of3_holo_DNM1L_f3dcda79,DNM1L,af3_holo_iptm,0.544,0.423,,2026-08-15
of3_holo_KEAP1_a20bff7a,KEAP1,af3_holo_iptm,0.544,0.481,,2026-07-29
of3_holo_DNM1L_e46b2f5f,DNM1L,af3_holo_iptm,0.544,0.434,,2026-08-15
of3_holo_PGK1_79ec30be,PGK1,af3_holo_iptm,0.544,0.475,,2026-08-14
of3_holo_DNM1L_bee66b61,DNM1L,af3_holo_iptm,0.544,0.416,,2026-08-15
of3_holo_DNM1L_deb60b59,DNM1L,af3_holo_iptm,0.544,0.456,,2026-08-12
of3_holo_DNM1L_2d83c82b,DNM1L,af3_holo_iptm,0.544,0.427,,2026-08-12
of3_holo_DNM1L_363a18eb,DNM1L,af3_holo_iptm,0.544,0.434,,2026-08-12
of3_holo_DNM1L_1eba586a,DNM1L,af3_holo_iptm,0.543,0.441,,2026-08-14
of3_holo_KEAP1_8fd50b88,KEAP1,af3_holo_iptm,0.543,0.482,,2026-07-29
of3_holo_PGK1_897f3ce3,PGK1,af3_holo_iptm,0.543,0.493,,2026-08-12
of3_holo_DNM1L_d139f4c8,DNM1L,af3_holo_iptm,0.543,0.448,,2026-08-11
of3_holo_DNM1L_66f0ef86,DNM1L,af3_holo_iptm,0.543,0.452,,2026-08-12
of3_holo_DNM1L_cb16b65e,DNM1L,af3_holo_iptm,0.543,0.420,,2026-08-13
of3_holo_DNM1L_9450c22b,DNM1L,af3_holo_iptm,0.542,0.422,,2026-08-11
of3_holo_KEAP1_28cf2dae,KEAP1,af3_holo_iptm,0.542,0.480,,2026-08-02
of3_holo_PGK1_ed752cf5,PGK1,af3_holo_iptm,0.542,0.417,,2026-08-13
of3_holo_DNM1L_e4130ac1,DNM1L,af3_holo_iptm,0.542,0.465,,2026-08-15
of3_holo_PGK1_21d9eee0,PGK1,af3_holo_iptm,0.541,0.444,,2026-08-13
of3_holo_DNM1L_0e83a7e3,DNM1L,af3_holo_iptm,0.541,0.453,,2026-08-16
of3_holo_KEAP1_7b942387,KEAP1,af3_holo_iptm,0.541,0.479,,2026-07-29
of3_holo_DNM1L_c0fc9735,DNM1L,af3_holo_iptm,0.541,0.455,,2026-08-12
of3_holo_DNM1L_03d5a66b,DNM1L,af3_holo_iptm,0.541,0.395,,2026-08-14
of3_holo_DNM1L_19b9c556,DNM1L,af3_holo_iptm,0.540,0.437,,2026-08-13
of3_holo_KEAP1_564cdf84,KEAP1,af3_holo_iptm,0.540,0.485,,2026-07-29
of3_holo_PGK1_90069a0e,PGK1,af3_holo_iptm,0.540,0.486,,2026-08-12
mito_dnm1l_tetramer_s7,"",af3_iptm,0.540,0.580,0.700,2026-08-13
49_map2_1500_1827_x_tubb3,"",af3_iptm,0.540,0.600,0.770,2026-06-08
nfe2l2_x_mafk,"",af3_iptm,0.540,0.520,0.790,2026-06-29
mito_dnm1l_tetramer_s42,"",af3_iptm,0.540,0.580,0.700,2026-08-14
pfn1_none_none_x_ssh1_300_600,"",af3_iptm,0.540,0.400,0.670,2026-07-11
22_kcnb1_580_858_x_vapb,"",af3_iptm,0.540,0.340,0.880,2026-06-05
nfe2l2_x_mafk,"",af3_iptm,0.540,0.520,0.790,2026-06-30
12_keap1_bp_xuvwoa5kg6tfaychgwvx_bc10,"",af3_iptm,0.540,0.820,0.610,2026-07-04
49_inpp5f_1_550_x_rab8a,"",af3_iptm,0.540,0.720,0.640,2026-06-10
34_keap1_x_pgam5,"",af3_iptm,0.540,0.550,0.610,2026-06-05
nfe2l2_x_maff,"",af3_iptm,0.540,0.520,0.800,2026-06-30
06_keap1_bp_bnvpd8zm4f3rcj7t0gvn_bc23,"",af3_iptm,0.540,0.870,0.610,2026-07-04
036_mapk10_x_mcl1,"",af3_iptm,0.540,0.470,0.690,2026-06-18
nfe2l2_x_maff,"",af3_iptm,0.540,0.520,0.800,2026-06-29
49_inpp5f_1_550_x_rab8a,"",af3_iptm,0.540,0.720,0.640,2026-06-12
69_inpp5f_1_550_x_rab7a,"",af3_iptm,0.540,0.710,0.630,2026-06-07
sarm1_560_724_dimer_nad,"",af3_iptm,0.540,0.660,0.630,2026-08-05
024_mapk10_x_jund,"",af3_iptm,0.540,0.500,0.790,2026-06-21
49_map2_1500_1827_x_tubb3,"",af3_iptm,0.540,0.600,0.770,2026-06-05
024_mapk10_x_jund,"",af3_iptm,0.540,0.500,0.790,2026-06-18
of3_holo_DNM1L_6b9c064a,DNM1L,af3_holo_iptm,0.540,0.436,,2026-08-15
of3_holo_PGK1_1d859419,PGK1,af3_holo_iptm,0.539,0.471,,2026-08-12
of3_holo_PGK1_660cd322,PGK1,af3_holo_iptm,0.539,0.440,,2026-08-13
of3_holo_DNM1L_0db9fbda,DNM1L,af3_holo_iptm,0.539,0.444,,2026-08-15
of3_holo_DNM1L_b2a843cb,DNM1L,af3_holo_iptm,0.539,0.422,,2026-08-12
of3_holo_DNM1L_740fe2e4,DNM1L,af3_holo_iptm,0.539,0.420,,2026-08-15
of3_holo_PGK1_2b4c1530,PGK1,af3_holo_iptm,0.538,0.442,,2026-08-13
of3_holo_KEAP1_e05d7e82,KEAP1,af3_holo_iptm,0.538,0.476,,2026-08-02
of3_holo_PGK1_67a9fe25,PGK1,af3_holo_iptm,0.538,0.455,,2026-08-12
of3_holo_PGK1_cf24e155,PGK1,af3_holo_iptm,0.538,0.447,,2026-08-13
of3_holo_DNM1L_001a5bc6,DNM1L,af3_holo_iptm,0.538,0.412,,2026-08-13
of3_holo_DNM1L_073acb0a,DNM1L,af3_holo_iptm,0.538,0.444,,2026-08-11
of3_holo_PGK1_3f032773,PGK1,af3_holo_iptm,0.538,0.496,,2026-08-13
of3_holo_PGK1_22aae497,PGK1,af3_holo_iptm,0.538,0.469,,2026-08-12
of3_holo_PGK1_86f116fe,PGK1,af3_holo_iptm,0.537,0.441,,2026-08-13
of3_holo_DNM1L_a4f1bf7d,DNM1L,af3_holo_iptm,0.537,0.444,,2026-08-14
of3_holo_PGK1_c5036117,PGK1,af3_holo_iptm,0.536,0.460,,2026-08-13
of3_holo_PGK1_e22e7b09,PGK1,af3_holo_iptm,0.535,0.464,,2026-08-13
of3_holo_PGK1_46e90cac,PGK1,af3_holo_iptm,0.535,0.477,,2026-08-13
of3_holo_PGK1_708a9a64,PGK1,af3_holo_iptm,0.535,0.448,,2026-08-12
of3_holo_PGK1_1b4c9e11,PGK1,af3_holo_iptm,0.535,0.451,,2026-08-12
of3_holo_DNM1L_34bbef3a,DNM1L,af3_holo_iptm,0.535,0.447,,2026-08-11
of3_holo_DNM1L_f4a8f444,DNM1L,af3_holo_iptm,0.535,0.465,,2026-08-11
of3_holo_PGK1_a3775d09,PGK1,af3_holo_iptm,0.535,0.448,,2026-08-12
of3_holo_PGK1_c217cba7,PGK1,af3_holo_iptm,0.535,0.484,,2026-08-14
of3_holo_PGK1_e7318634,PGK1,af3_holo_iptm,0.534,0.458,,2026-08-14
of3_holo_KEAP1_c442a059,KEAP1,af3_holo_iptm,0.534,0.805,,2026-07-29
of3_holo_DNM1L_a8d7ca74,DNM1L,af3_holo_iptm,0.534,0.438,,2026-08-15
of3_holo_DNM1L_a8b904ed,DNM1L,af3_holo_iptm,0.534,0.435,,2026-08-15
of3_holo_DNM1L_ef56a8ca,DNM1L,af3_holo_iptm,0.534,0.440,,2026-08-16
of3_holo_KEAP1_dc1d05f3,KEAP1,af3_holo_iptm,0.534,0.482,,2026-07-29
of3_holo_KEAP1_f2533e52,KEAP1,af3_holo_iptm,0.534,0.472,,2026-07-29
of3_holo_PGK1_da2a6154,PGK1,af3_holo_iptm,0.534,0.425,,2026-08-14
of3_holo_DNM1L_7184abd5,DNM1L,af3_holo_iptm,0.534,0.435,,2026-08-13
of3_holo_PGK1_a9792a8d,PGK1,af3_holo_iptm,0.534,0.445,,2026-08-14
of3_holo_DNM1L_0383562f,DNM1L,af3_holo_iptm,0.534,0.435,,2026-08-15
of3_holo_DNM1L_7c324837,DNM1L,af3_holo_iptm,0.533,0.445,,2026-08-15
of3_holo_PGK1_d0a5b162,PGK1,af3_holo_iptm,0.533,0.432,,2026-08-13
of3_holo_KEAP1_ee6e76d1,KEAP1,af3_holo_iptm,0.533,0.478,,2026-07-29
of3_holo_KEAP1_6ce0de36,KEAP1,af3_holo_iptm,0.532,0.785,,2026-07-29
of3_holo_DNM1L_2ddbe252,DNM1L,af3_holo_iptm,0.532,0.422,,2026-08-15
of3_holo_KEAP1_fcf05628,KEAP1,af3_holo_iptm,0.532,0.492,,2026-07-29
of3_holo_PGK1_c1a2d61c,PGK1,af3_holo_iptm,0.532,0.486,,2026-08-14
of3_holo_PGK1_5b549f04,PGK1,af3_holo_iptm,0.532,0.438,,2026-08-12
of3_holo_HDAC2_44a3d11b,HDAC2,af3_holo_iptm,0.531,0.231,,2026-07-29
of3_holo_PGK1_a1afcdb2,PGK1,af3_holo_iptm,0.531,0.428,,2026-08-11
of3_holo_MAPK12_66092565,MAPK12,af3_holo_iptm,0.530,0.235,,2026-07-29
a_x_b_19303293,"",af3_iptm,0.530,0.820,0.590,2026-07-31
nrg1_176_246_x_smn1_260_294,"",af3_iptm,0.530,0.580,0.760,2026-07-11
pfn2_x_tp53_e5ea5e4c,"",af3_iptm,0.530,0.440,0.690,2026-06-28
snrpd1_x_smn1,"",af3_iptm,0.530,0.340,0.750,2026-07-17
a_x_b_9cbb07ff,"",af3_iptm,0.530,0.290,0.490,2026-07-29
dok7_x_mapk14,"",af3_iptm,0.530,0.540,0.700,2026-05-29
25_kcnb1_410_858_x_syt1_140_421,"",af3_iptm,0.530,0.340,0.800,2026-06-08
57_inpp5f_1_550_x_rab11a,"",af3_iptm,0.530,0.710,0.630,2026-06-07
nrg1_egf_x_agrn_ntr2,"",af3_iptm,0.530,0.480,0.700,2026-05-16
57_inpp5f_1_550_x_rab11a,"",af3_iptm,0.530,0.710,0.630,2026-06-08
binder7033_lrp4_x_lrp4_beta1_prop_435_697,"",af3_iptm,0.530,0.810,0.590,2026-07-21
027_mapk10_x_elk1,"",af3_iptm,0.530,0.450,0.750,2026-06-18
sarm1_tir_560_724_dimer_nad_s7,"",af3_iptm,0.530,0.650,0.610,2026-08-10
027_mapk10_x_elk1,"",af3_iptm,0.530,0.450,0.750,2026-06-21
nmj_musk_kin_x_dok7_s42,"",af3_iptm,0.530,0.460,0.710,2026-08-15
of3_holo_KEAP1_e0f0522e,KEAP1,af3_holo_iptm,0.529,0.476,,2026-07-29
of3_holo_PGK1_5729b9c5,PGK1,af3_holo_iptm,0.529,0.463,,2026-08-14
of3_holo_DNM1L_873e7951,DNM1L,af3_holo_iptm,0.528,0.452,,2026-08-16
of3_holo_DNM1L_5d4d0da9,DNM1L,af3_holo_iptm,0.528,0.438,,2026-08-11
of3_holo_MAPK11_3ef0c6ca,MAPK11,af3_holo_iptm,0.528,0.352,,2026-07-29
of3_holo_PKM2_9a761e90,PKM2,af3_holo_iptm,0.528,0.484,,2026-08-11
of3_holo_DNM1L_80e5a5d6,DNM1L,af3_holo_iptm,0.528,0.436,,2026-08-14
of3_holo_KEAP1_425deb89,KEAP1,af3_holo_iptm,0.527,0.487,,2026-07-31
of3_holo_PGK1_87c7946f,PGK1,af3_holo_iptm,0.527,0.482,,2026-08-14
of3_holo_DNM1L_f701928e,DNM1L,af3_holo_iptm,0.527,0.438,,2026-08-11
of3_holo_DNM1L_7bcde411,DNM1L,af3_holo_iptm,0.527,0.427,,2026-08-14
of3_holo_DNM1L_4133dc00,DNM1L,af3_holo_iptm,0.527,0.431,,2026-08-14
of3_holo_KEAP1_3391ef9a,KEAP1,af3_holo_iptm,0.527,0.472,,2026-08-02
of3_holo_KEAP1_aaf62f3c,KEAP1,af3_holo_iptm,0.527,0.474,,2026-08-02
of3_holo_PGK1_f87591d2,PGK1,af3_holo_iptm,0.527,0.428,,2026-08-11
of3_holo_PGK1_e167d224,PGK1,af3_holo_iptm,0.527,0.446,,2026-08-14
of3_holo_DNM1L_c0762865,DNM1L,af3_holo_iptm,0.527,0.426,,2026-08-12
of3_holo_DNM1L_857bf081,DNM1L,af3_holo_iptm,0.527,0.451,,2026-08-15
of3_holo_DNM1L_ea0b8236,DNM1L,af3_holo_iptm,0.526,0.420,,2026-08-11
of3_holo_KEAP1_0dcf8851,KEAP1,af3_holo_iptm,0.526,0.493,,2026-07-29
of3_holo_PGK1_953ba4f4,PGK1,af3_holo_iptm,0.526,0.450,,2026-08-12
of3_holo_PGK1_6aaca205,PGK1,af3_holo_iptm,0.526,0.433,,2026-08-14
of3_holo_DNM1L_cacbebbb,DNM1L,af3_holo_iptm,0.526,0.439,,2026-08-12
of3_holo_PKM2_9a2b6ca3,PKM2,af3_holo_iptm,0.525,0.386,,2026-08-11
of3_holo_MAPK11_3b6a750a,MAPK11,af3_holo_iptm,0.525,0.393,,2026-07-29
of3_holo_DNM1L_c26d55c8,DNM1L,af3_holo_iptm,0.525,0.423,,2026-08-11
of3_holo_PGK1_1f2deb21,PGK1,af3_holo_iptm,0.525,0.465,,2026-08-14
of3_holo_DNM1L_336c48f1,DNM1L,af3_holo_iptm,0.524,0.452,,2026-08-16
of3_holo_MAPK12_e0d3ceaf,MAPK12,af3_holo_iptm,0.524,0.247,,2026-07-29
of3_holo_PGK1_625979df,PGK1,af3_holo_iptm,0.524,0.462,,2026-08-13
of3_holo_PGK1_2c83846c,PGK1,af3_holo_iptm,0.524,0.449,,2026-08-12
of3_holo_PGK1_952f0778,PGK1,af3_holo_iptm,0.524,0.454,,2026-08-14
of3_holo_DNM1L_de31e602,DNM1L,af3_holo_iptm,0.524,0.456,,2026-08-12
of3_holo_PGK1_49255196,PGK1,af3_holo_iptm,0.524,0.431,,2026-08-13
of3_holo_KEAP1_ce4bc327,KEAP1,af3_holo_iptm,0.523,0.299,,2026-08-14
of3_holo_PGK1_02067818,PGK1,af3_holo_iptm,0.523,0.526,,2026-08-13
of3_holo_KEAP1_b3ef7d99,KEAP1,af3_holo_iptm,0.523,0.482,,2026-07-29
of3_holo_PGK1_bba19906,PGK1,af3_holo_iptm,0.522,0.447,,2026-08-11
of3_holo_DNM1L_65a3dc5f,DNM1L,af3_holo_iptm,0.522,0.449,,2026-08-15
of3_holo_DNM1L_cbf44aba,DNM1L,af3_holo_iptm,0.521,0.443,,2026-08-11
of3_holo_PGK1_246d627c,PGK1,af3_holo_iptm,0.521,0.467,,2026-08-12
of3_holo_PGK1_0cae0977,PGK1,af3_holo_iptm,0.521,0.500,,2026-08-14
of3_holo_KEAP1_3759cc09,KEAP1,af3_holo_iptm,0.521,0.483,,2026-07-29
of3_holo_DNM1L_3702758f,DNM1L,af3_holo_iptm,0.521,0.435,,2026-08-13
of3_holo_MAPK12_230207a6,MAPK12,af3_holo_iptm,0.521,0.238,,2026-07-29
of3_holo_PGK1_49631fd1,PGK1,af3_holo_iptm,0.521,0.444,,2026-08-12
of3_holo_KEAP1_5b358c50,KEAP1,af3_holo_iptm,0.520,0.473,,2026-08-02
of3_holo_KEAP1_c5da4c95,KEAP1,af3_holo_iptm,0.520,0.479,,2026-08-02
of3_holo_PGK1_24e15c61,PGK1,af3_holo_iptm,0.520,0.449,,2026-08-14
p38g_x_mk2,"",af3_iptm,0.520,0.600,0.610,2026-08-13
027_mapk10_x_elk1_2,"",af3_iptm,0.520,0.450,0.740,2026-08-06
smn1_260_294_x_smn1_90_159,"",af3_iptm,0.520,0.690,0.750,2026-06-29
41_mapk14_x_gtf2i,"",af3_iptm,0.520,0.390,0.640,2026-06-12
04_mapk14_x_atf2,"",af3_iptm,0.520,0.470,0.780,2026-06-05
29_nfe2l2_430_605_x_mafg,"",af3_iptm,0.520,0.490,0.740,2026-06-05
027_mapk10_x_elk1_2,"",af3_iptm,0.520,0.450,0.740,2026-08-06
keap1_315_624_nfe2l1_1_100,"",af3_iptm,0.520,0.750,0.660,2026-08-01
41_mapk14_x_gtf2i,"",af3_iptm,0.520,0.390,0.640,2026-06-14
keap1_x_ws1bnone_1224,"",af3_iptm,0.520,0.860,0.590,2026-07-03
88_perp_x_perp,"",af3_iptm,0.520,0.580,0.580,2026-06-21
88_perp_x_perp,"",af3_iptm,0.520,0.580,0.580,2026-06-19
atf3_none_none_x_rock2_941_1010,"",af3_iptm,0.520,0.440,0.830,2026-07-16
37_hdac2_x_dnttip1,"",af3_iptm,0.520,0.580,0.690,2026-06-08
042_mapk9_x_mapt,"",af3_iptm,0.520,0.390,0.840,2026-06-18
45_ppargc1a_x_esrra,"",af3_iptm,0.520,0.320,0.800,2026-06-21
kv21_kcnb1_t1_tetramer_s42,"",af3_iptm,0.520,0.570,0.640,2026-08-13
a_x_b_babd9c58,"",af3_iptm,0.520,0.670,0.630,2026-07-29
of3_holo_DNM1L_e7c59002,DNM1L,af3_holo_iptm,0.520,0.425,,2026-08-11
of3_holo_DNM1L_d440f841,DNM1L,af3_holo_iptm,0.520,0.437,,2026-08-12
of3_holo_PGK1_4be15170,PGK1,af3_holo_iptm,0.520,0.462,,2026-08-12
of3_holo_DNM1L_5d07e0b1,DNM1L,af3_holo_iptm,0.519,0.436,,2026-08-16
of3_holo_DNM1L_9c50652e,DNM1L,af3_holo_iptm,0.519,0.438,,2026-08-16
of3_holo_PGK1_4abcfbf8,PGK1,af3_holo_iptm,0.518,0.437,,2026-08-13
of3_holo_DNM1L_ac2e0e99,DNM1L,af3_holo_iptm,0.518,0.437,,2026-08-11
of3_holo_PGK1_f0e3df4f,PGK1,af3_holo_iptm,0.518,0.459,,2026-08-12
of3_holo_PGK1_6cd54092,PGK1,af3_holo_iptm,0.518,0.453,,2026-08-13
of3_holo_MAPK11_f315d701,MAPK11,af3_holo_iptm,0.518,0.371,,2026-07-29
of3_holo_KEAP1_a578551f,KEAP1,af3_holo_iptm,0.518,0.478,,2026-08-02
of3_holo_PGK1_f890e5e1,PGK1,af3_holo_iptm,0.517,0.471,,2026-08-14
of3_holo_KEAP1_73f7eeac,KEAP1,af3_holo_iptm,0.517,0.483,,2026-08-02
of3_holo_PGK1_575dc6b3,PGK1,af3_holo_iptm,0.517,0.440,,2026-08-12
of3_holo_MAPK14_bcbf4536,MAPK14,af3_holo_iptm,0.516,0.224,,2026-07-29
of3_holo_PGK1_fb33bf89,PGK1,af3_holo_iptm,0.516,0.514,,2026-08-14
of3_holo_DNM1L_7856af2d,DNM1L,af3_holo_iptm,0.516,0.424,,2026-08-11
of3_holo_KEAP1_66f8f5a2,KEAP1,af3_holo_iptm,0.516,0.470,,2026-08-02
of3_holo_DNM1L_c367699a,DNM1L,af3_holo_iptm,0.516,0.425,,2026-08-16
of3_holo_DNM1L_34b756c0,DNM1L,af3_holo_iptm,0.516,0.432,,2026-08-11
of3_holo_MAPK11_08799b7c,MAPK11,af3_holo_iptm,0.515,0.391,,2026-07-29
of3_holo_KEAP1_7c56b38c,KEAP1,af3_holo_iptm,0.515,0.369,,2026-08-14
of3_holo_DNM1L_e40da76f,DNM1L,af3_holo_iptm,0.515,0.430,,2026-08-16
of3_holo_PGK1_03f30bcc,PGK1,af3_holo_iptm,0.515,0.432,,2026-08-11
of3_holo_DNM1L_e4f00492,DNM1L,af3_holo_iptm,0.515,0.439,,2026-08-15
of3_holo_PGK1_ecdf26b3,PGK1,af3_holo_iptm,0.515,0.430,,2026-08-12
of3_holo_PGK1_c429c418,PGK1,af3_holo_iptm,0.515,0.442,,2026-08-12
of3_holo_MAPK11_e60e5ada,MAPK11,af3_holo_iptm,0.515,0.380,,2026-07-29
of3_holo_PGK1_391035df,PGK1,af3_holo_iptm,0.515,0.459,,2026-08-13
of3_holo_MAPK12_054ef6b6,MAPK12,af3_holo_iptm,0.514,0.250,,2026-07-29
of3_holo_DNM1L_28326e43,DNM1L,af3_holo_iptm,0.513,0.434,,2026-08-16
of3_holo_DNM1L_4142eb92,DNM1L,af3_holo_iptm,0.513,0.449,,2026-08-16
of3_holo_MAPK11_a1b29106,MAPK11,af3_holo_iptm,0.513,0.279,,2026-07-29
of3_holo_DNM1L_e3ef9d89,DNM1L,af3_holo_iptm,0.512,0.436,,2026-08-13
of3_holo_DNM1L_f4da9c9c,DNM1L,af3_holo_iptm,0.512,0.439,,2026-08-16
of3_holo_DNM1L_9ba84622,DNM1L,af3_holo_iptm,0.512,0.432,,2026-08-16
of3_holo_DNM1L_a94247ef,DNM1L,af3_holo_iptm,0.512,0.425,,2026-08-11
of3_holo_PGK1_4e62d06d,PGK1,af3_holo_iptm,0.511,0.414,,2026-08-12
of3_holo_MAPK12_4436a759,MAPK12,af3_holo_iptm,0.511,0.308,,2026-07-29
of3_holo_DNM1L_c66741b5,DNM1L,af3_holo_iptm,0.511,0.426,,2026-08-13
of3_holo_HDAC2_4b356dac,HDAC2,af3_holo_iptm,0.510,0.256,,2026-07-29
84_hdac2_x_hmg20b_2,"",af3_iptm,0.510,0.520,0.680,2026-08-06
44_bach1_540_736_x_mafg,"",af3_iptm,0.510,0.480,0.770,2026-06-08
ldha_c_163_332_nad,LDHA,af3_iptm,0.510,0.800,0.570,2026-08-05
perp_dimer_s7,"",af3_iptm,0.510,0.570,0.570,2026-08-13
binder5845_agrn_x_agrn_lg3_1868_2065,"",af3_iptm,0.510,0.640,0.580,2026-07-25
sarm1_tir_560_724_dimer_nad,"",af3_iptm,0.510,0.630,0.600,2026-08-10
093_mapk8_x_map3k11,"",af3_iptm,0.510,0.390,0.680,2026-06-18
tardbp_193_262_x_smn1_260_294,"",af3_iptm,0.510,0.680,0.710,2026-07-07
ptpip51_x_vapb,"",af3_iptm,0.510,0.390,0.730,2026-07-04
108_mapk8_x_nfatc1,"",af3_iptm,0.510,0.360,0.730,2026-06-18
57_stmn1_x_tubb3,"",af3_iptm,0.510,0.770,0.690,2026-06-07
84_hdac2_x_hmg20b,"",af3_iptm,0.510,0.520,0.680,2026-06-12
binder7131_lrp4_x_lrp4_beta1_prop_435_697,"",af3_iptm,0.510,0.810,0.570,2026-07-20
vapa_x_vapb,"",af3_iptm,0.510,0.530,,2026-05-27
31_nfe2l2_430_605_x_maff,"",af3_iptm,0.510,0.480,0.700,2026-06-05
ptpip51_x_vapb,"",af3_iptm,0.510,0.390,0.730,2026-07-03
of3_holo_PGK1_d0083c4f,PGK1,af3_holo_iptm,0.510,0.475,,2026-08-14
of3_holo_PGK1_4f65f158,PGK1,af3_holo_iptm,0.509,0.457,,2026-08-12
of3_holo_DNM1L_27f99402,DNM1L,af3_holo_iptm,0.509,0.435,,2026-08-11
of3_holo_PGK1_6bef66bf,PGK1,af3_holo_iptm,0.508,0.429,,2026-08-11
of3_holo_PGK1_25b4f464,PGK1,af3_holo_iptm,0.508,0.437,,2026-08-13
of3_holo_DNM1L_5afcc094,DNM1L,af3_holo_iptm,0.508,0.412,,2026-08-16
of3_holo_LDHA_d88d5600,LDHA,af3_holo_iptm,0.508,0.474,,2026-08-11
of3_holo_DNM1L_4c33a4a4,DNM1L,af3_holo_iptm,0.508,0.431,,2026-08-11
of3_holo_DNM1L_a50bebe7,DNM1L,af3_holo_iptm,0.507,0.417,,2026-08-14
of3_holo_MAPK11_371c025d,MAPK11,af3_holo_iptm,0.507,0.364,,2026-07-29
of3_holo_PGK1_baf48561,PGK1,af3_holo_iptm,0.507,0.460,,2026-08-12
of3_holo_MAPK12_31f1ff34,MAPK12,af3_holo_iptm,0.507,0.224,,2026-07-29
of3_holo_DNM1L_9c70400c,DNM1L,af3_holo_iptm,0.507,0.459,,2026-08-13
of3_holo_DNM1L_894117aa,DNM1L,af3_holo_iptm,0.506,0.417,,2026-08-15
of3_holo_DNM1L_de399cde,DNM1L,af3_holo_iptm,0.506,0.425,,2026-08-15
of3_holo_DNM1L_cba14b3b,DNM1L,af3_holo_iptm,0.506,0.433,,2026-08-13
of3_holo_MAPK12_b88623f8,MAPK12,af3_holo_iptm,0.506,0.261,,2026-07-29
of3_holo_PGK1_52775c77,PGK1,af3_holo_iptm,0.505,0.446,,2026-08-13
of3_holo_HDAC2_7864f094,HDAC2,af3_holo_iptm,0.505,0.236,,2026-07-29
of3_holo_PGK1_98a7b9d6,PGK1,af3_holo_iptm,0.505,0.423,,2026-08-14
of3_holo_PGK1_0e5024fd,PGK1,af3_holo_iptm,0.505,0.434,,2026-08-12
of3_holo_DNM1L_01152d01,DNM1L,af3_holo_iptm,0.504,0.437,,2026-08-11
of3_holo_MAPK12_56a56af8,MAPK12,af3_holo_iptm,0.504,0.236,,2026-07-29
of3_holo_HDAC2_825d596a,HDAC2,af3_holo_iptm,0.503,0.262,,2026-07-29
of3_holo_DNM1L_8163b8ae,DNM1L,af3_holo_iptm,0.503,0.434,,2026-08-16
of3_holo_PGK1_6df55536,PGK1,af3_holo_iptm,0.503,0.421,,2026-08-13
of3_holo_MAPK11_e815328b,MAPK11,af3_holo_iptm,0.503,0.326,,2026-07-29
of3_holo_MAPK12_78fc1d58,MAPK12,af3_holo_iptm,0.502,0.248,,2026-07-29
of3_holo_DNM1L_aadf448d,DNM1L,af3_holo_iptm,0.502,0.416,,2026-08-11
of3_holo_DNM1L_5bf8946e,DNM1L,af3_holo_iptm,0.502,0.428,,2026-08-15
of3_holo_DNM1L_71d85419,DNM1L,af3_holo_iptm,0.502,0.441,,2026-08-12
of3_holo_DNM1L_80f12843,DNM1L,af3_holo_iptm,0.502,0.420,,2026-08-13
of3_holo_DNM1L_5c56012a,DNM1L,af3_holo_iptm,0.502,0.430,,2026-08-12
of3_holo_DNM1L_a6919b39,DNM1L,af3_holo_iptm,0.502,0.405,,2026-08-16
of3_holo_DNM1L_0950fea3,DNM1L,af3_holo_iptm,0.501,0.448,,2026-08-11
of3_holo_MAPK13_ed37dacb,MAPK13,af3_holo_iptm,0.501,0.244,,2026-07-29
of3_holo_PGK1_fe74959a,PGK1,af3_holo_iptm,0.501,0.410,,2026-08-12
of3_holo_PGK1_e727d261,PGK1,af3_holo_iptm,0.501,0.444,,2026-08-11
of3_holo_MAPK11_2d49e53a,MAPK11,af3_holo_iptm,0.500,0.354,,2026-07-29
of3_holo_PGK1_581854ef,PGK1,af3_holo_iptm,0.500,0.437,,2026-08-13
srsf1_16_90_x_tp53_363_393,"",af3_iptm,0.500,0.750,0.690,2026-07-08
10_keap1_bp_yxtqkkkuehrxklwhht5i_bc14,"",af3_iptm,0.500,0.860,0.570,2026-07-04
08_pls3_x_actb,"",af3_iptm,0.500,0.590,0.530,2026-06-10
13_vdac1_x_bcl2,"",af3_iptm,0.500,0.630,0.610,2026-06-12
sarm1_560_724_dimer_nad_ternary,"",af3_iptm,0.500,0.640,0.590,2026-08-03
028_mapk10_x_nfatc1,"",af3_iptm,0.500,0.350,0.740,2026-06-21
binder7015_lrp4_x_lrp4_beta1_prop_435_697,"",af3_iptm,0.500,0.850,0.570,2026-07-21
13_vdac1_x_bcl2,"",af3_iptm,0.500,0.630,0.610,2026-06-10
hnrnpa1_15_93_x_bcl2_none_none,"",af3_iptm,0.500,0.600,0.620,2026-07-28
050_mapk9_x_map2k7,"",af3_iptm,0.500,0.590,0.610,2026-06-18
028_mapk10_x_nfatc1,"",af3_iptm,0.500,0.350,0.740,2026-06-18
hnrnpa1_x_u2af1,"",af3_iptm,0.500,0.370,0.670,2026-05-22
perp_dimer_s42,"",af3_iptm,0.500,0.570,0.570,2026-08-13
nmj_agrn_lg3_x_lrp4b12_s7,"",af3_iptm,0.500,0.540,0.540,2026-08-14
30_nfe2l2_430_605_x_mafk,"",af3_iptm,0.500,0.490,0.700,2026-06-05
binder6063_agrn_x_agrn_lg3_1868_2065,"",af3_iptm,0.500,0.700,0.560,2026-07-24
tp53_1_62_x_pak1_74_149,"",af3_iptm,0.500,0.480,0.820,2026-07-07
of3_holo_DNM1L_a48c9189,DNM1L,af3_holo_iptm,0.500,0.440,,2026-08-11
of3_holo_PGK1_5841d3ed,PGK1,af3_holo_iptm,0.500,0.442,,2026-08-11
of3_holo_HDAC2_430d8373,HDAC2,af3_holo_iptm,0.499,0.248,,2026-07-29
of3_holo_MAPK12_04edc9f4,MAPK12,af3_holo_iptm,0.499,0.334,,2026-07-29
of3_holo_KEAP1_2e0db431,KEAP1,af3_holo_iptm,0.499,0.477,,2026-08-02
of3_holo_PGK1_3d1643c3,PGK1,af3_holo_iptm,0.499,0.451,,2026-08-13
of3_holo_KEAP1_6609607e,KEAP1,af3_holo_iptm,0.499,0.461,,2026-08-01
of3_holo_PGK1_c781a844,PGK1,af3_holo_iptm,0.498,0.397,,2026-08-14
of3_holo_DNM1L_c18a3f5b,DNM1L,af3_holo_iptm,0.498,0.425,,2026-08-13
of3_holo_DNM1L_5a0fd601,DNM1L,af3_holo_iptm,0.498,0.444,,2026-08-15
of3_holo_MAPK11_1b8e1014,MAPK11,af3_holo_iptm,0.498,0.277,,2026-07-29
of3_holo_PGK1_6d04a091,PGK1,af3_holo_iptm,0.498,0.397,,2026-08-13
of3_holo_DNM1L_586356f1,DNM1L,af3_holo_iptm,0.498,0.433,,2026-08-13
of3_holo_HDAC2_8c1954dd,HDAC2,af3_holo_iptm,0.497,0.234,,2026-07-29
of3_holo_MAPK11_6c02d745,MAPK11,af3_holo_iptm,0.497,0.340,,2026-07-29
of3_holo_PGK1_4f2865e1,PGK1,af3_holo_iptm,0.497,0.433,,2026-08-11
of3_holo_KEAP1_3f20486b,KEAP1,af3_holo_iptm,0.497,0.479,,2026-08-02
of3_holo_HDAC2_37f8fc27,HDAC2,af3_holo_iptm,0.496,0.274,,2026-07-29
of3_holo_KEAP1_f680a76b,KEAP1,af3_holo_iptm,0.496,0.477,,2026-08-02
of3_holo_PGK1_874fb570,PGK1,af3_holo_iptm,0.495,0.434,,2026-08-12
of3_holo_PGK1_0f71b6ac,PGK1,af3_holo_iptm,0.495,0.437,,2026-08-13
of3_holo_MAPK12_ed3f1834,MAPK12,af3_holo_iptm,0.495,0.285,,2026-07-29
of3_holo_DNM1L_931e63eb,DNM1L,af3_holo_iptm,0.495,0.431,,2026-08-12
of3_holo_KEAP1_1ad6ecbc,KEAP1,af3_holo_iptm,0.494,0.487,,2026-08-02
of3_holo_PGK1_065fcab6,PGK1,af3_holo_iptm,0.494,0.447,,2026-08-11
of3_holo_PGK1_c36b0df6,PGK1,af3_holo_iptm,0.494,0.451,,2026-08-13
of3_holo_PGK1_511069e1,PGK1,af3_holo_iptm,0.493,0.454,,2026-08-14
of3_holo_DNM1L_c1fdaf4a,DNM1L,af3_holo_iptm,0.493,0.424,,2026-08-15
of3_holo_HDAC2_f0dc21e8,HDAC2,af3_holo_iptm,0.493,0.232,,2026-07-29
of3_holo_PGK1_707ae831,PGK1,af3_holo_iptm,0.492,0.496,,2026-08-13
of3_holo_DNM1L_21dd56e1,DNM1L,af3_holo_iptm,0.492,0.409,,2026-08-12
of3_holo_HDAC2_402929b6,HDAC2,af3_holo_iptm,0.492,0.252,,2026-07-29
of3_holo_KEAP1_73160707,KEAP1,af3_holo_iptm,0.492,0.313,,2026-08-14
of3_holo_HDAC2_018d3642,HDAC2,af3_holo_iptm,0.492,0.252,,2026-07-29
of3_holo_MAPK11_b577ddab,MAPK11,af3_holo_iptm,0.492,0.257,,2026-07-29
of3_holo_PGK1_6f4ecf73,PGK1,af3_holo_iptm,0.492,0.446,,2026-08-13
of3_holo_MAPK12_98f735aa,MAPK12,af3_holo_iptm,0.491,0.212,,2026-07-29
of3_holo_PGK1_ab39f2aa,PGK1,af3_holo_iptm,0.491,0.426,,2026-08-13
of3_holo_DNM1L_6430e662,DNM1L,af3_holo_iptm,0.490,0.418,,2026-08-12
of3_holo_DNM1L_e89110ea,DNM1L,af3_holo_iptm,0.490,0.508,,2026-08-15
smn1_260_294_x_gemin2_none_none,"",af3_iptm,0.490,0.600,0.720,2026-07-09
tp53_363_393_x_pak1_270_545,"",af3_iptm,0.490,0.860,0.620,2026-07-07
keap1_kelch_x_mapk14,"",af3_iptm,0.490,0.590,0.510,2026-05-26
binder6841_agrn_x_agrn_lg3_1868_2065,"",af3_iptm,0.490,0.730,0.560,2026-07-23
010_mapk10_x_map2k7,"",af3_iptm,0.490,0.610,0.610,2026-06-21
bdnf_x_ntrk2,"",af3_iptm,0.490,0.420,0.620,2026-05-22
010_mapk10_x_map2k7,"",af3_iptm,0.490,0.610,0.610,2026-06-18
binder6160_agrn_x_agrn_lg3_1868_2065,"",af3_iptm,0.490,0.720,0.540,2026-07-24
smn1_gemin7,"",af3_iptm,0.490,0.320,0.740,2026-08-01
keap1_x_ws1bnone_1183,"",af3_iptm,0.490,0.780,0.550,2026-07-03
nmj_agrn_lg3_x_lrp4b12_s42,"",af3_iptm,0.490,0.520,0.540,2026-08-15
lrp4_1656_1905_x_pak1_74_149,"",af3_iptm,0.490,0.300,0.860,2026-06-29
of3_holo_DNM1L_c4c55d0b,DNM1L,af3_holo_iptm,0.490,0.462,,2026-08-16
of3_holo_DNM1L_86a7a3f0,DNM1L,af3_holo_iptm,0.490,0.444,,2026-08-14
of3_holo_PGK1_f793a633,PGK1,af3_holo_iptm,0.490,0.444,,2026-08-14
of3_holo_PGK1_419ae961,PGK1,af3_holo_iptm,0.489,0.460,,2026-08-13
of3_holo_PGK1_3f558da2,PGK1,af3_holo_iptm,0.489,0.465,,2026-08-12
of3_holo_PGK1_9a720d8d,PGK1,af3_holo_iptm,0.489,0.463,,2026-08-11
of3_holo_KEAP1_6cf5bba8,KEAP1,af3_holo_iptm,0.489,0.470,,2026-08-02
of3_holo_KEAP1_6d836db6,KEAP1,af3_holo_iptm,0.489,0.479,,2026-08-02
of3_holo_PGK1_bac26d0e,PGK1,af3_holo_iptm,0.489,0.443,,2026-08-13
of3_holo_PKM2_9eee3436,PKM2,af3_holo_iptm,0.488,0.413,,2026-08-11
of3_holo_PGK1_06658e45,PGK1,af3_holo_iptm,0.488,0.456,,2026-08-12
of3_holo_MAPK11_74160251,MAPK11,af3_holo_iptm,0.488,0.316,,2026-07-29
of3_holo_PGK1_61f4e839,PGK1,af3_holo_iptm,0.488,0.444,,2026-08-11
of3_holo_MAPK11_ce41adcc,MAPK11,af3_holo_iptm,0.488,0.316,,2026-07-29
of3_holo_MAPK11_b042b3f3,MAPK11,af3_holo_iptm,0.488,0.301,,2026-07-29
of3_holo_MAPK12_3da25e37,MAPK12,af3_holo_iptm,0.487,0.255,,2026-07-29
of3_holo_PGK1_85d1376d,PGK1,af3_holo_iptm,0.487,0.459,,2026-08-13
of3_holo_MAPK11_2f2811ea,MAPK11,af3_holo_iptm,0.487,0.292,,2026-07-29
of3_holo_PGK1_0518dfdf,PGK1,af3_holo_iptm,0.487,0.455,,2026-08-11
of3_holo_MAPK11_3efb3796,MAPK11,af3_holo_iptm,0.487,0.332,,2026-07-29
of3_holo_PGK1_ce1a513b,PGK1,af3_holo_iptm,0.486,0.454,,2026-08-12
of3_holo_DNM1L_98b5b963,DNM1L,af3_holo_iptm,0.486,0.444,,2026-08-16
of3_holo_PGK1_1c209a22,PGK1,af3_holo_iptm,0.486,0.442,,2026-08-11
of3_holo_PGK1_999513d1,PGK1,af3_holo_iptm,0.486,0.427,,2026-08-13
of3_holo_MAPK12_175c1445,MAPK12,af3_holo_iptm,0.486,0.260,,2026-07-29
of3_holo_PGK1_3c0a545d,PGK1,af3_holo_iptm,0.485,0.436,,2026-08-12
of3_holo_PKM2_b0d4f560,PKM2,af3_holo_iptm,0.485,0.470,,2026-08-11
of3_holo_PGK1_f8c41e9e,PGK1,af3_holo_iptm,0.484,0.455,,2026-08-13
of3_holo_DNM1L_c2b6d40a,DNM1L,af3_holo_iptm,0.484,0.411,,2026-08-13
of3_holo_DNM1L_6bd3bd90,DNM1L,af3_holo_iptm,0.483,0.426,,2026-08-13
of3_holo_PGK1_238e4c3e,PGK1,af3_holo_iptm,0.482,0.464,,2026-08-13
of3_holo_PGK1_f9f51a39,PGK1,af3_holo_iptm,0.482,0.456,,2026-08-12
of3_holo_HDAC2_3ec5f458,HDAC2,af3_holo_iptm,0.482,0.256,,2026-07-29
of3_holo_HDAC2_9d45929d,HDAC2,af3_holo_iptm,0.481,0.241,,2026-07-29
of3_holo_MAPK11_f541240c,MAPK11,af3_holo_iptm,0.481,0.301,,2026-07-29
of3_holo_DNM1L_fe07c3f2,DNM1L,af3_holo_iptm,0.480,0.410,,2026-08-15
080_mapk9_x_traf2,"",af3_iptm,0.480,0.430,0.550,2026-06-18
smn1_260_294_x_hnrnpa1_106_184,"",af3_iptm,0.480,0.720,0.650,2026-07-08
bdnf_x_tp53,"",af3_iptm,0.480,0.390,0.690,2026-06-05
44_mcu_x_smdt1,"",af3_iptm,0.480,0.480,0.690,2026-06-05
10_mapkapk3_x_hspb1,"",af3_iptm,0.480,0.570,0.650,2026-06-05
p38g_kin_27_311_x_mk2,"",af3_iptm,0.480,0.610,0.570,2026-08-13
45_mcu_x_mcub,"",af3_iptm,0.480,0.500,0.610,2026-06-05
10_hspb1_x_hspb1,"",af3_iptm,0.480,0.480,0.740,2026-06-12
44_mcu_x_smdt1,"",af3_iptm,0.480,0.480,0.690,2026-06-08
agrn_lg3_x_lrp4_bp1,"",af3_iptm,0.480,0.400,0.480,2026-08-06
sarm1_sam_tir_400_724_oct,"",af3_iptm,0.480,0.500,0.520,2026-08-10
mapk14_x_atf2,"",af3_iptm,0.480,0.750,0.640,2026-06-30
dnm1l_1_500_dimer_gtp,"",af3_iptm,0.480,0.540,0.490,2026-08-10
snrpd1_x_smn1_125ef29d,"",af3_iptm,0.480,0.320,0.700,2026-06-28
sarm1_sam_tir_400_724_oct_s7,"",af3_iptm,0.480,0.510,0.520,2026-08-10
a_x_b_6bbe463c,"",af3_iptm,0.480,0.350,0.470,2026-07-30
erbb4_1001_1251_x_lrp4_751_1001,"",af3_iptm,0.480,0.530,0.740,2026-06-29
10_hspb1_x_hspb1,"",af3_iptm,0.480,0.480,0.740,2026-06-10
hnrnpa1_rrm2_x_smn1_prol,"",af3_iptm,0.480,0.680,0.610,2026-05-16
072_mapk9_x_ets1,"",af3_iptm,0.480,0.450,0.630,2026-06-18
of3_holo_PGK1_fe07d2ff,PGK1,af3_holo_iptm,0.480,0.416,,2026-08-12
of3_holo_PKM2_b5d01867,PKM2,af3_holo_iptm,0.479,0.453,,2026-08-12
of3_holo_PGK1_9142d621,PGK1,af3_holo_iptm,0.478,0.427,,2026-08-11
of3_holo_MAPK12_9975a66d,MAPK12,af3_holo_iptm,0.478,0.241,,2026-07-29
of3_holo_HDAC2_e6a8cf12,HDAC2,af3_holo_iptm,0.477,0.231,,2026-07-29
of3_holo_MAPK14_d8647eb6,MAPK14,af3_holo_iptm,0.476,0.211,,2026-08-02
of3_holo_DNM1L_fabfae85,DNM1L,af3_holo_iptm,0.476,0.406,,2026-08-12
of3_holo_PGK1_80acd3a1,PGK1,af3_holo_iptm,0.476,0.437,,2026-08-14
of3_holo_MAPK11_e921a030,MAPK11,af3_holo_iptm,0.476,0.229,,2026-07-29
of3_holo_MAPK12_5b13c768,MAPK12,af3_holo_iptm,0.476,0.248,,2026-07-29
of3_holo_KEAP1_1d29e22e,KEAP1,af3_holo_iptm,0.475,0.473,,2026-08-02
of3_holo_MAPK11_f6010f3e,MAPK11,af3_holo_iptm,0.474,0.212,,2026-07-29
of3_holo_PGK1_09a5b406,PGK1,af3_holo_iptm,0.474,0.427,,2026-08-11
of3_holo_PGK1_aaae8b50,PGK1,af3_holo_iptm,0.474,0.448,,2026-08-13
of3_holo_PGK1_a6d67d42,PGK1,af3_holo_iptm,0.474,0.438,,2026-08-13
of3_holo_PGK1_bf5d77d1,PGK1,af3_holo_iptm,0.473,0.434,,2026-08-12
of3_holo_DNM1L_3e88496e,DNM1L,af3_holo_iptm,0.473,0.429,,2026-08-14
of3_holo_DNM1L_b430ac4e,DNM1L,af3_holo_iptm,0.472,0.401,,2026-08-12
of3_holo_HDAC2_4d4fd256,HDAC2,af3_holo_iptm,0.472,0.258,,2026-07-29
of3_holo_PGK1_3562f599,PGK1,af3_holo_iptm,0.471,0.453,,2026-08-13
of3_holo_MAPK11_1d61261e,MAPK11,af3_holo_iptm,0.471,0.391,,2026-07-29
of3_holo_PGK1_398a8d50,PGK1,af3_holo_iptm,0.470,0.441,,2026-08-14
68_mapk12_x_mef2c,"",af3_iptm,0.470,0.450,0.720,2026-06-12
nmj_musk_kin_x_dok7_s7,"",af3_iptm,0.470,0.480,0.670,2026-08-15
68_mapk12_x_mef2c,"",af3_iptm,0.470,0.450,0.720,2026-06-14
binder177_musk_ig2_x_musk_ig2_117_210,"",af3_iptm,0.470,0.710,0.520,2026-07-25
076_mapk9_x_mcl1,"",af3_iptm,0.470,0.480,0.630,2026-06-18
42_mapk14_x_eef2k,"",af3_iptm,0.470,0.450,0.570,2026-06-14
13_pdk1_x_pdha1,"",af3_iptm,0.470,0.660,0.560,2026-06-21
hnrnpa1_rrm2_x_smn1_prol,"",af3_iptm,0.470,0.680,0.590,2026-05-14
tp73_110_490_tp63_120_500,"",af3_iptm,0.470,0.510,0.680,2026-08-01
atf3_f_x_limk1_kin,"",af3_iptm,0.470,0.600,0.680,2026-05-14
pak1_74_149_x_cfl1_none_none,"",af3_iptm,0.470,0.730,0.560,2026-07-11
112_mapk8_x_ets1,"",af3_iptm,0.470,0.450,0.620,2026-06-18
agrn_1_130_x_pak1_74_149,"",af3_iptm,0.470,0.550,0.660,2026-07-16
26_nrg1_x_erbb4,"",af3_iptm,0.470,0.430,0.680,2026-06-14
42_mapk14_x_eef2k,"",af3_iptm,0.470,0.450,0.570,2026-06-12
120_mapk8_x_traf2,"",af3_iptm,0.470,0.430,0.530,2026-06-18
binder7453_lrp4_x_lrp4_beta1_prop_435_697,"",af3_iptm,0.470,0.710,0.540,2026-07-21
ldha_hif1a_1_350_nad,"",af3_iptm,0.470,0.600,0.530,2026-08-03
perp_none_none_x_jup_none_none,"",af3_iptm,0.470,0.640,0.610,2026-07-29
hnrnpa1_rrm2_x_smn1_prol_2,"",af3_iptm,0.470,0.680,0.590,2026-05-14
35_prkaa2_x_stk11,"",af3_iptm,0.470,0.530,0.600,2026-06-21
of3_holo_PGK1_a40f03d9,PGK1,af3_holo_iptm,0.470,0.445,,2026-08-14
of3_holo_PGK1_ed99f310,PGK1,af3_holo_iptm,0.470,0.469,,2026-08-14
of3_holo_DNM1L_de5afea0,DNM1L,af3_holo_iptm,0.470,0.398,,2026-08-14
of3_holo_PGK1_ad67db40,PGK1,af3_holo_iptm,0.469,0.422,,2026-08-12
of3_holo_HDAC2_3d1b3d13,HDAC2,af3_holo_iptm,0.468,0.262,,2026-07-29
of3_holo_PGK1_b1ce3d47,PGK1,af3_holo_iptm,0.468,0.437,,2026-08-13
of3_holo_HDAC2_3a52ed3c,HDAC2,af3_holo_iptm,0.468,0.242,,2026-07-29
of3_holo_PGK1_56a8538b,PGK1,af3_holo_iptm,0.468,0.449,,2026-08-11
of3_holo_MAPK12_80ef8b7a,MAPK12,af3_holo_iptm,0.467,0.216,,2026-07-29
of3_holo_HDAC2_6ec28b0c,HDAC2,af3_holo_iptm,0.467,0.255,,2026-07-29
of3_holo_MAPK14_d11f0bd0,MAPK14,af3_holo_iptm,0.466,0.225,,2026-07-29
of3_holo_PGK1_b3941525,PGK1,af3_holo_iptm,0.466,0.430,,2026-08-12
of3_holo_HDAC2_98ffc785,HDAC2,af3_holo_iptm,0.465,0.247,,2026-07-29
of3_holo_MAPK12_d796de7f,MAPK12,af3_holo_iptm,0.465,0.240,,2026-07-29
of3_holo_PGK1_04936e29,PGK1,af3_holo_iptm,0.464,0.439,,2026-08-13
of3_holo_DNM1L_41e14ee0,DNM1L,af3_holo_iptm,0.464,0.432,,2026-08-15
of3_holo_DNM1L_8c2f7370,DNM1L,af3_holo_iptm,0.463,0.443,,2026-08-15
of3_holo_MAPK12_8ddafd6b,MAPK12,af3_holo_iptm,0.462,0.330,,2026-07-29
of3_holo_PGK1_a8b3fa01,PGK1,af3_holo_iptm,0.462,0.442,,2026-08-14
of3_holo_DNM1L_1a0f93e4,DNM1L,af3_holo_iptm,0.462,0.420,,2026-08-15
of3_holo_MAPK11_5fa959b2,MAPK11,af3_holo_iptm,0.462,0.400,,2026-07-29
of3_holo_PGK1_a965ce2d,PGK1,af3_holo_iptm,0.462,0.446,,2026-08-14
of3_holo_MAPK14_facf7f22,MAPK14,af3_holo_iptm,0.461,0.208,,2026-07-29
of3_holo_PGK1_3bd751a1,PGK1,af3_holo_iptm,0.461,0.421,,2026-08-14
of3_holo_HDAC2_f5637f90,HDAC2,af3_holo_iptm,0.461,0.245,,2026-07-29
of3_holo_PGK1_dca93a70,PGK1,af3_holo_iptm,0.460,0.421,,2026-08-12
of3_holo_PGK1_76923423,PGK1,af3_holo_iptm,0.460,0.426,,2026-08-14
of3_holo_HDAC2_fe76f100,HDAC2,af3_holo_iptm,0.460,0.256,,2026-07-29
deptor_322_409_x_fus_471_526,"",af3_iptm,0.460,0.550,0.670,2026-06-29
65_smn1_x_snrpd1_2,"",af3_iptm,0.460,0.330,0.710,2026-08-06
gemin6_gemin8,"",af3_iptm,0.460,0.340,0.670,2026-08-01
a_x_b_ab0306e9,"",af3_iptm,0.460,0.800,0.540,2026-07-31
perp_jup,"",af3_iptm,0.460,0.630,0.600,2026-08-01
mtor_kd_x_deptor_full,"",af3_iptm,0.460,0.460,0.560,2026-05-14
mtor_kd_x_deptor_full,"",af3_iptm,0.460,0.460,0.560,2026-05-16
07_gemin6_x_gemin8,"",af3_iptm,0.460,0.350,0.670,2026-06-10
mito_dnm1l_full_dimer_s42,"",af3_iptm,0.460,0.510,0.550,2026-08-14
binder7151_agrn_x_agrn_lg3_1868_2065,"",af3_iptm,0.460,0.720,0.560,2026-07-23
mapk14_x_atf2,"",af3_iptm,0.460,0.510,0.750,2026-05-26
53_gabpa_x_gabpb1,"",af3_iptm,0.460,0.420,0.670,2026-06-21
65_smn1_x_snrpd1,"",af3_iptm,0.460,0.330,0.710,2026-06-07
smn1_x_snrpa,"",af3_iptm,0.460,0.360,0.720,2026-05-24
mito_dnm1l_full_dimer_s7,"",af3_iptm,0.460,0.510,0.560,2026-08-13
keap1_x_keap1_pres_knlofjma0jkhbfmgrjvf,"",af3_iptm,0.460,0.530,0.530,2026-07-28
smn1_x_snrpa,"",af3_iptm,0.460,0.360,0.730,2026-07-08
smn2_x_snrpa,"",af3_iptm,0.460,0.360,0.720,2026-05-24
082_mapk8_x_mapt,"",af3_iptm,0.460,0.380,0.790,2026-06-18
deptor_322_409_x_mtor_1251_1501,"",af3_iptm,0.460,0.560,0.490,2026-07-15
keap1_315_624_dpp3_470_520,"",af3_iptm,0.460,0.850,0.580,2026-08-01
nrg1_176_246_x_pak1_74_149,"",af3_iptm,0.460,0.530,0.700,2026-06-29
22_mapk8_x_mapt,"",af3_iptm,0.460,0.390,0.790,2026-06-10
mtor_kd_x_deptor_full_2,"",af3_iptm,0.460,0.460,0.560,2026-05-14
22_mapk8_x_mapt,"",af3_iptm,0.460,0.390,0.790,2026-06-08
07_gemin6_x_gemin8,"",af3_iptm,0.460,0.350,0.670,2026-06-12
22_mapk8_x_mapt,"",af3_iptm,0.460,0.390,0.790,2026-06-12
of3_holo_PGK1_f8333f22,PGK1,af3_holo_iptm,0.460,0.447,,2026-08-12
of3_holo_MAPK11_2c06dc44,MAPK11,af3_holo_iptm,0.460,0.380,,2026-07-29
of3_holo_MAPK11_62f08de6,MAPK11,af3_holo_iptm,0.459,0.285,,2026-07-29
of3_holo_PGK1_5bcedca4,PGK1,af3_holo_iptm,0.459,0.447,,2026-08-12
of3_holo_PGK1_35538e62,PGK1,af3_holo_iptm,0.459,0.464,,2026-08-14
of3_holo_MAPK11_f8d577b6,MAPK11,af3_holo_iptm,0.459,0.247,,2026-07-29
of3_holo_MAPK12_a7a74f7f,MAPK12,af3_holo_iptm,0.459,0.227,,2026-07-29
of3_holo_KEAP1_8a308a37,KEAP1,af3_holo_iptm,0.459,0.477,,2026-08-01
of3_holo_PGK1_43001ffe,PGK1,af3_holo_iptm,0.458,0.423,,2026-08-13
of3_holo_PGK1_8f852ecd,PGK1,af3_holo_iptm,0.458,0.412,,2026-08-11
of3_holo_KEAP1_e8342849,KEAP1,af3_holo_iptm,0.458,0.313,,2026-08-14
of3_holo_DNM1L_01321c22,DNM1L,af3_holo_iptm,0.457,0.452,,2026-08-11
of3_holo_HDAC2_7deb967d,HDAC2,af3_holo_iptm,0.457,0.251,,2026-07-29
of3_holo_HDAC2_d50f4c15,HDAC2,af3_holo_iptm,0.457,0.261,,2026-07-29
of3_holo_PGK1_e85e8354,PGK1,af3_holo_iptm,0.456,0.438,,2026-08-14
of3_holo_MAPK11_a34ebdeb,MAPK11,af3_holo_iptm,0.456,0.256,,2026-07-29
of3_holo_HDAC2_e58b719b,HDAC2,af3_holo_iptm,0.456,0.247,,2026-07-29
of3_holo_PGK1_a4b50c0f,PGK1,af3_holo_iptm,0.456,0.453,,2026-08-12
of3_holo_HDAC2_4ac717a7,HDAC2,af3_holo_iptm,0.456,0.248,,2026-07-29
of3_holo_MAPK11_3efe6996,MAPK11,af3_holo_iptm,0.455,0.359,,2026-07-29
of3_holo_DNM1L_2a1b9a32,DNM1L,af3_holo_iptm,0.455,0.402,,2026-08-14
of3_holo_KEAP1_25d6d64d,KEAP1,af3_holo_iptm,0.455,0.339,,2026-08-14
of3_holo_MAPK14_0d7b3c05,MAPK14,af3_holo_iptm,0.455,0.207,,2026-07-29
of3_holo_MAPK11_bfd756fc,MAPK11,af3_holo_iptm,0.454,0.234,,2026-07-29
of3_holo_HDAC2_61556c84,HDAC2,af3_holo_iptm,0.453,0.231,,2026-07-29
of3_holo_HDAC2_1bab3bb1,HDAC2,af3_holo_iptm,0.453,0.297,,2026-07-29
of3_holo_HDAC2_40ab4162,HDAC2,af3_holo_iptm,0.453,0.265,,2026-07-29
of3_holo_MAPK13_378f61c3,MAPK13,af3_holo_iptm,0.451,0.255,,2026-07-29
of3_holo_MAPK11_62e7db4a,MAPK11,af3_holo_iptm,0.451,0.234,,2026-07-29
of3_holo_HDAC2_c2182c78,HDAC2,af3_holo_iptm,0.451,0.255,,2026-07-29
of3_holo_MAPK11_279a5a82,MAPK11,af3_holo_iptm,0.451,0.235,,2026-07-29
of3_holo_MAPK12_8bc1a40c,MAPK12,af3_holo_iptm,0.450,0.243,,2026-07-29
030_mapk10_x_foxo3,"",af3_iptm,0.450,0.390,0.740,2026-06-21
srsf1_16_90_x_fus_471_526,"",af3_iptm,0.450,0.610,0.700,2026-07-08
a_x_b_c617be11,"",af3_iptm,0.450,0.390,0.450,2026-07-30
21_dnm1l_x_dnm1l,"",af3_iptm,0.450,0.510,0.540,2026-06-21
keap1_x_ws1bnone_1181,"",af3_iptm,0.450,0.800,0.520,2026-07-03
igf1r_kd_x_musk_fz,"",af3_iptm,0.450,0.720,0.520,2026-05-14
hdac6_cd2_x_mapt,"",af3_iptm,0.450,0.380,0.790,2026-05-29
07_keap1_bp_zuuq2a1kpgqidio93dmd_bc23,"",af3_iptm,0.450,0.860,0.550,2026-07-04
lrp4_21_737_agrn_1750_2068,"",af3_iptm,0.450,0.440,0.490,2026-08-02
lrp4_x_ws1bnone_1189,"",af3_iptm,0.450,0.810,0.530,2026-07-03
deptor_322_409_x_nrg1_176_246,"",af3_iptm,0.450,0.520,0.520,2026-07-15
keap1_x_keap1_pres_qodqit3e0fw3yrabfndh,"",af3_iptm,0.450,0.520,0.510,2026-07-28
sqstm1_x_rock2_kd,"",af3_iptm,0.450,0.490,,2026-05-27
002_mapk10_x_mapt,"",af3_iptm,0.450,0.380,0.780,2026-06-21
musk_495_575_x_pak1_270_545,"",af3_iptm,0.450,0.730,0.620,2026-07-28
perp_none_none_x_musk_495_869,"",af3_iptm,0.450,0.530,0.540,2026-07-29
nmj_ternaer_agrn_lrp4_musk_s42,"",af3_iptm,0.450,0.490,0.480,2026-08-15
002_mapk10_x_mapt,"",af3_iptm,0.450,0.380,0.780,2026-06-18
rapsn_none_none_x_dag1_750_895,"",af3_iptm,0.450,0.670,0.630,2026-07-29
dnm1l_1_500_dimer_gtp_s7,"",af3_iptm,0.450,0.530,0.470,2026-08-10
agrn_lg3_x_lrp4_bp1_s7,"",af3_iptm,0.450,0.390,0.450,2026-08-06
a_x_b_5182091c,"",af3_iptm,0.450,0.750,0.520,2026-07-31
051_mapk9_x_map3k12,"",af3_iptm,0.450,0.380,0.670,2026-06-18
24_dnm1l_x_mief1,"",af3_iptm,0.450,0.430,0.550,2026-06-21
090_mapk8_x_map2k7,"",af3_iptm,0.450,0.590,0.570,2026-06-18
srsf1_16_90_x_fus_471_526_2,"",af3_iptm,0.450,0.610,0.700,2026-08-06
030_mapk10_x_foxo3,"",af3_iptm,0.450,0.390,0.740,2026-06-18
of3_holo_MAPK12_d8a98809,MAPK12,af3_holo_iptm,0.450,0.237,,2026-07-29
of3_holo_MAPK12_29dd907c,MAPK12,af3_holo_iptm,0.449,0.332,,2026-07-29
of3_holo_MAPK12_d5275102,MAPK12,af3_holo_iptm,0.449,0.227,,2026-07-29
of3_holo_PGK1_5d2c70c9,PGK1,af3_holo_iptm,0.449,0.458,,2026-08-14
of3_holo_PGK1_3c9ca4f2,PGK1,af3_holo_iptm,0.449,0.388,,2026-08-12
of3_holo_KEAP1_152997d0,KEAP1,af3_holo_iptm,0.448,0.455,,2026-07-29
of3_holo_MAPK12_bd7e5246,MAPK12,af3_holo_iptm,0.447,0.241,,2026-07-29
of3_holo_MAPK14_7eebf7e4,MAPK14,af3_holo_iptm,0.447,0.242,,2026-07-29
of3_holo_PGK1_aed3f79d,PGK1,af3_holo_iptm,0.446,0.415,,2026-08-12
of3_holo_PGK1_c82e2d33,PGK1,af3_holo_iptm,0.446,0.424,,2026-08-12
of3_holo_PGK1_624fe6dc,PGK1,af3_holo_iptm,0.446,0.454,,2026-08-12
of3_holo_PGK1_8c331039,PGK1,af3_holo_iptm,0.446,0.439,,2026-08-13
of3_holo_HDAC2_31fe6704,HDAC2,af3_holo_iptm,0.446,0.244,,2026-07-29
of3_holo_PGK1_42cf93ca,PGK1,af3_holo_iptm,0.446,0.382,,2026-07-29
of3_holo_HDAC2_e729e952,HDAC2,af3_holo_iptm,0.446,0.235,,2026-07-29
of3_holo_PGK1_e20e531b,PGK1,af3_holo_iptm,0.445,0.460,,2026-08-13
of3_holo_MAPK11_c2f96c70,MAPK11,af3_holo_iptm,0.445,0.321,,2026-07-29
of3_holo_MAPK14_953877c0,MAPK14,af3_holo_iptm,0.445,0.206,,2026-07-29
of3_holo_MAPK14_1f967843,MAPK14,af3_holo_iptm,0.445,0.216,,2026-07-29
of3_holo_PGK1_d1ca9801,PGK1,af3_holo_iptm,0.444,0.391,,2026-08-13
of3_holo_HDAC2_20430392,HDAC2,af3_holo_iptm,0.444,0.251,,2026-07-29
of3_holo_MAPK11_2d7c3125,MAPK11,af3_holo_iptm,0.444,0.360,,2026-07-29
of3_holo_MAPK11_cd3fc2ab,MAPK11,af3_holo_iptm,0.444,0.379,,2026-07-29
of3_holo_PGK1_b7cb42be,PGK1,af3_holo_iptm,0.444,0.415,,2026-08-14
of3_holo_HDAC2_5dfd3dd7,HDAC2,af3_holo_iptm,0.444,0.244,,2026-07-29
of3_holo_HDAC2_1b661d2a,HDAC2,af3_holo_iptm,0.443,0.236,,2026-07-29
of3_holo_MAPK12_b3d83e3e,MAPK12,af3_holo_iptm,0.443,0.214,,2026-07-29
of3_holo_MAPK11_186364d4,MAPK11,af3_holo_iptm,0.443,0.322,,2026-07-29
of3_holo_PGK1_fccf10db,PGK1,af3_holo_iptm,0.442,0.426,,2026-08-12
of3_holo_PGK1_b3d4e638,PGK1,af3_holo_iptm,0.442,0.455,,2026-08-14
of3_holo_MAPK11_600dbf03,MAPK11,af3_holo_iptm,0.441,0.238,,2026-07-29
of3_holo_MAPK14_de28e30c,MAPK14,af3_holo_iptm,0.441,0.216,,2026-07-29
of3_holo_MAPK12_2eb116f5,MAPK12,af3_holo_iptm,0.441,0.255,,2026-07-29
of3_holo_MAPK14_b718a489,MAPK14,af3_holo_iptm,0.441,0.201,,2026-07-29
hnrnpu_x_u2af1,"",af3_iptm,0.440,0.440,0.630,2026-05-22
13_mapk14_x_hbp1,"",af3_iptm,0.440,0.490,0.600,2026-06-14
59_hdac2_x_gatad2a_135_440,"",af3_iptm,0.440,0.520,0.670,2026-06-12
igf1r_kd_x_musk_fz,"",af3_iptm,0.440,0.720,0.510,2026-05-16
binder6349_agrn_x_agrn_lg3_1868_2065,"",af3_iptm,0.440,0.660,0.500,2026-07-20
binder6925_lrp4_x_lrp4_beta1_prop_435_697,"",af3_iptm,0.440,0.770,0.510,2026-07-21
nmj_musk_kinase_dimer_atp_s7,"",af3_iptm,0.440,0.590,0.500,2026-08-15
musk_312_450_x_wnt7a_none_none_2,"",af3_iptm,0.440,0.690,0.530,2026-08-06
snrpd1_x_smn1_4e3aba5d,"",af3_iptm,0.440,0.320,0.650,2026-06-28
14_keap1_x_amer1,"",af3_iptm,0.440,0.400,0.760,2026-06-14
59_hdac2_x_gatad2a_135_440,"",af3_iptm,0.440,0.520,0.670,2026-06-10
rictor_1376_1626_x_mtor_1876_2126,"",af3_iptm,0.440,0.400,0.610,2026-07-26
kcnb1_cyto_x_rock2_kd,"",af3_iptm,0.440,0.490,,2026-05-27
perp_pkp1,"",af3_iptm,0.440,0.600,0.600,2026-08-01
atf3_none_none_x_smn1_260_294,"",af3_iptm,0.440,0.360,0.790,2026-07-16
a_x_b_e8df7e6a,"",af3_iptm,0.440,0.680,0.590,2026-07-29
lrp4_x_ws1bnone_1275,"",af3_iptm,0.440,0.810,0.530,2026-07-03
a_x_b_5a1f6914,"",af3_iptm,0.440,0.590,0.570,2026-07-29
64_smn1_x_snrpb,"",af3_iptm,0.440,0.350,0.770,2026-06-07
musk_312_450_x_wnt7a_none_none,"",af3_iptm,0.440,0.690,0.530,2026-07-29
of3_holo_MAPK11_43b8e2ae,MAPK11,af3_holo_iptm,0.440,0.257,,2026-07-29
of3_holo_KEAP1_37f294a9,KEAP1,af3_holo_iptm,0.440,0.456,,2026-08-02
of3_holo_MAPK12_3c4fba27,MAPK12,af3_holo_iptm,0.439,0.240,,2026-07-29
of3_holo_MAPK11_79f1a0c8,MAPK11,af3_holo_iptm,0.439,0.380,,2026-07-29
of3_holo_MAPK12_82b339af,MAPK12,af3_holo_iptm,0.439,0.227,,2026-07-29
of3_holo_MAPK12_9e26a59b,MAPK12,af3_holo_iptm,0.439,0.205,,2026-07-29
of3_holo_MAPK11_666452bb,MAPK11,af3_holo_iptm,0.439,0.233,,2026-07-29
of3_holo_PGK1_aca12023,PGK1,af3_holo_iptm,0.438,0.376,,2026-08-13
of3_holo_PGK1_de2442e8,PGK1,af3_holo_iptm,0.438,0.433,,2026-08-12
of3_holo_MAPK12_cd993300,MAPK12,af3_holo_iptm,0.438,0.236,,2026-07-29
of3_holo_HDAC2_c83f95ff,HDAC2,af3_holo_iptm,0.438,0.240,,2026-07-29
of3_holo_PGK1_e1ae6816,PGK1,af3_holo_iptm,0.438,0.413,,2026-08-14
of3_holo_MAPK12_6e362d20,MAPK12,af3_holo_iptm,0.438,0.345,,2026-07-29
of3_holo_PGK1_5dfded05,PGK1,af3_holo_iptm,0.437,0.419,,2026-08-11
of3_holo_MAPK12_1a5cf936,MAPK12,af3_holo_iptm,0.437,0.244,,2026-07-29
of3_holo_PGK1_0a52505e,PGK1,af3_holo_iptm,0.437,0.418,,2026-08-11
of3_holo_PGK1_9273d05d,PGK1,af3_holo_iptm,0.436,0.445,,2026-08-13
of3_holo_PGK1_b6caa66b,PGK1,af3_holo_iptm,0.435,0.412,,2026-08-13
of3_holo_HDAC2_a09e284c,HDAC2,af3_holo_iptm,0.435,0.242,,2026-07-29
of3_holo_PGK1_51553c61,PGK1,af3_holo_iptm,0.434,0.429,,2026-08-13
of3_holo_MAPK12_e2f1a99b,MAPK12,af3_holo_iptm,0.434,0.240,,2026-07-29
of3_holo_MAPK11_249f0e2f,MAPK11,af3_holo_iptm,0.434,0.438,,2026-07-29
of3_holo_MAPK11_c1574402,MAPK11,af3_holo_iptm,0.434,0.202,,2026-07-29
of3_holo_PGK1_4f7537e5,PGK1,af3_holo_iptm,0.433,0.442,,2026-08-11
of3_holo_MAPK11_4bbdab42,MAPK11,af3_holo_iptm,0.433,0.418,,2026-07-29
of3_holo_MAPK12_c6edd18f,MAPK12,af3_holo_iptm,0.433,0.219,,2026-07-29
of3_holo_PGK1_ff6b2853,PGK1,af3_holo_iptm,0.432,0.397,,2026-08-14
of3_holo_PGK1_db9dc858,PGK1,af3_holo_iptm,0.432,0.386,,2026-07-29
of3_holo_PGK1_3ea75119,PGK1,af3_holo_iptm,0.432,0.437,,2026-08-14
of3_holo_MAPK11_73c54a7b,MAPK11,af3_holo_iptm,0.432,0.208,,2026-07-29
of3_holo_MAPK12_e0de125c,MAPK12,af3_holo_iptm,0.431,0.248,,2026-07-29
of3_holo_MAPK11_5975ab24,MAPK11,af3_holo_iptm,0.431,0.346,,2026-07-29
of3_holo_PGK1_65a9847c,PGK1,af3_holo_iptm,0.431,0.412,,2026-08-14
of3_holo_MAPK14_1478bc1b,MAPK14,af3_holo_iptm,0.431,0.197,,2026-07-29
of3_holo_HDAC2_17d40bb8,HDAC2,af3_holo_iptm,0.431,0.235,,2026-07-29
of3_holo_KEAP1_e7be0ed4,KEAP1,af3_holo_iptm,0.431,0.340,,2026-08-11
of3_holo_MAPK11_3449d10c,MAPK11,af3_holo_iptm,0.430,0.371,,2026-07-29
of3_holo_MAPK12_d014a461,MAPK12,af3_holo_iptm,0.430,0.217,,2026-07-29
of3_holo_PGK1_242086af,PGK1,af3_holo_iptm,0.430,0.419,,2026-08-13
of3_holo_DNM1L_194e4285,DNM1L,af3_holo_iptm,0.430,0.447,,2026-08-11
rictor_1251_1501_x_igf1r_501_751,"",af3_iptm,0.430,0.410,0.710,2026-07-26
rapsn_x_chrnb1,"",af3_iptm,0.430,0.690,0.600,2026-06-30
smn1_prol_x_pfn2_f,"",af3_iptm,0.430,0.780,0.590,2026-05-14
atf3_none_none_x_ncald_none_none,"",af3_iptm,0.430,0.480,0.660,2026-07-28
51_hdac1_x_rbbp4,"",af3_iptm,0.430,0.500,0.510,2026-06-12
stmn2_tetramer_s42,"",af3_iptm,0.430,0.450,0.770,2026-08-13
hk1_smn1,"",af3_iptm,0.430,0.580,0.560,2026-08-02
51_hdac1_x_rbbp4,"",af3_iptm,0.430,0.500,0.510,2026-06-14
bdnf_none_none_x_tp53_323_356,"",af3_iptm,0.430,0.460,0.680,2026-07-15
deptor_322_409_x_fus_471_526,"",af3_iptm,0.430,0.550,0.650,2026-07-15
deptor_pdz_x_fus_lcd,"",af3_iptm,0.430,0.550,0.650,2026-05-16
keap1_x_ws1bnone_1226,"",af3_iptm,0.430,0.840,0.510,2026-07-03
musk_310_495_x_pfn2_none_none,"",af3_iptm,0.430,0.460,0.490,2026-07-28
musk_x_pfn2,"",af3_iptm,0.430,0.380,0.480,2026-05-25
dnm1l_1_710_mief2_gtp,"",af3_iptm,0.430,0.460,0.540,2026-08-03
of3_holo_MAPK12_6e0eab28,MAPK12,af3_holo_iptm,0.430,0.300,,2026-07-29
of3_holo_MAPK11_5b1b6a44,MAPK11,af3_holo_iptm,0.430,0.204,,2026-07-29
of3_holo_MAPK12_96825a37,MAPK12,af3_holo_iptm,0.429,0.289,,2026-07-29
of3_holo_HDAC2_0815f2aa,HDAC2,af3_holo_iptm,0.429,0.243,,2026-07-29
of3_holo_PGK1_73a1ee07,PGK1,af3_holo_iptm,0.429,0.432,,2026-08-13
of3_holo_PGK1_1807a033,PGK1,af3_holo_iptm,0.429,0.394,,2026-08-14
of3_holo_PGK1_d3e089f0,PGK1,af3_holo_iptm,0.428,0.405,,2026-08-14
of3_holo_MAPK11_9351bea2,MAPK11,af3_holo_iptm,0.428,0.301,,2026-07-29
of3_holo_PGK1_ff408727,PGK1,af3_holo_iptm,0.428,0.423,,2026-08-14
of3_holo_HDAC2_d71018dd,HDAC2,af3_holo_iptm,0.428,0.251,,2026-07-29
of3_holo_PGK1_88b1c472,PGK1,af3_holo_iptm,0.428,0.431,,2026-08-14
of3_holo_PGK1_4c0a4472,PGK1,af3_holo_iptm,0.428,0.393,,2026-08-14
of3_holo_MAPK11_9e094e72,MAPK11,af3_holo_iptm,0.427,0.384,,2026-07-29
of3_holo_MAPK14_7c963c89,MAPK14,af3_holo_iptm,0.427,0.215,,2026-07-29
of3_holo_PGK1_2be633bb,PGK1,af3_holo_iptm,0.427,0.405,,2026-08-13
of3_holo_PGK1_3e12b161,PGK1,af3_holo_iptm,0.426,0.400,,2026-08-14
of3_holo_MAPK12_bde05a07,MAPK12,af3_holo_iptm,0.426,0.232,,2026-07-29
of3_holo_MAPK12_e677ada0,MAPK12,af3_holo_iptm,0.426,0.222,,2026-07-29
of3_holo_PGK1_af5d83b7,PGK1,af3_holo_iptm,0.426,0.327,,2026-07-30
of3_holo_MAPK11_151a0e03,MAPK11,af3_holo_iptm,0.426,0.239,,2026-07-29
of3_holo_PGK1_b82514bd,PGK1,af3_holo_iptm,0.426,0.396,,2026-08-14
of3_holo_MAPK11_ce5a5086,MAPK11,af3_holo_iptm,0.425,0.211,,2026-07-29
of3_holo_PGK1_ed7db8c0,PGK1,af3_holo_iptm,0.425,0.425,,2026-08-13
of3_holo_MAPK12_d58c5bc8,MAPK12,af3_holo_iptm,0.424,0.228,,2026-07-29
of3_holo_PGK1_d9c109dc,PGK1,af3_holo_iptm,0.424,0.401,,2026-08-12
of3_holo_HDAC2_76874e34,HDAC2,af3_holo_iptm,0.424,0.248,,2026-07-29
of3_holo_MAPK11_20a427f7,MAPK11,af3_holo_iptm,0.424,0.236,,2026-07-29
of3_holo_MAPK12_cb739fd1,MAPK12,af3_holo_iptm,0.424,0.230,,2026-07-29
of3_holo_PKM2_bc182e44,PKM2,af3_holo_iptm,0.424,0.472,,2026-08-11
of3_holo_HDAC2_98bf7298,HDAC2,af3_holo_iptm,0.424,0.233,,2026-07-29
of3_holo_HDAC2_5411bad7,HDAC2,af3_holo_iptm,0.423,0.270,,2026-07-29
of3_holo_PGK1_94d8d62b,PGK1,af3_holo_iptm,0.423,0.405,,2026-08-14
of3_holo_MAPK11_5dcacb21,MAPK11,af3_holo_iptm,0.423,0.296,,2026-07-29
of3_holo_PGK1_4a7b2a29,PGK1,af3_holo_iptm,0.423,0.406,,2026-08-14
of3_holo_HDAC2_f3354495,HDAC2,af3_holo_iptm,0.423,0.252,,2026-07-29
of3_holo_PGK1_93240d41,PGK1,af3_holo_iptm,0.423,0.409,,2026-08-14
of3_holo_MAPK14_f7c72c4e,MAPK14,af3_holo_iptm,0.423,0.208,,2026-07-29
of3_holo_MAPK12_41fb94ac,MAPK12,af3_holo_iptm,0.423,0.254,,2026-07-29
of3_holo_PGK1_23ccad97,PGK1,af3_holo_iptm,0.423,0.415,,2026-08-14
of3_holo_MAPK14_68d5d6b4,MAPK14,af3_holo_iptm,0.422,0.240,,2026-07-29
of3_holo_HDAC2_834df3fb,HDAC2,af3_holo_iptm,0.422,0.237,,2026-07-29
of3_holo_MAPK12_e951de65,MAPK12,af3_holo_iptm,0.422,0.239,,2026-07-29
of3_holo_HDAC2_ac56133a,HDAC2,af3_holo_iptm,0.422,0.223,,2026-07-29
of3_holo_PKM2_8abfcd6f,PKM2,af3_holo_iptm,0.422,0.437,,2026-08-11
of3_holo_PGK1_197881c5,PGK1,af3_holo_iptm,0.422,0.403,,2026-07-31
of3_holo_PGK1_54316b73,PGK1,af3_holo_iptm,0.422,0.403,,2026-08-14
of3_holo_MAPK12_fddc3e56,MAPK12,af3_holo_iptm,0.421,0.232,,2026-07-29
of3_holo_PGK1_2c5e1a4d,PGK1,af3_holo_iptm,0.421,0.410,,2026-08-14
of3_holo_MAPK11_3632db2c,MAPK11,af3_holo_iptm,0.421,0.365,,2026-07-29
of3_holo_MAPK11_0e802c02,MAPK11,af3_holo_iptm,0.421,0.321,,2026-07-29
of3_holo_MAPK12_cbae808f,MAPK12,af3_holo_iptm,0.421,0.218,,2026-07-29
of3_holo_MAPK14_cd70ab9f,MAPK14,af3_holo_iptm,0.421,0.206,,2026-07-29
of3_holo_MAPK12_8bbe8b1c,MAPK12,af3_holo_iptm,0.420,0.273,,2026-07-29
hnrnpa1_15_93_x_smn1_260_294,"",af3_iptm,0.420,0.680,0.630,2026-07-15
11_mafk_x_mafk,"",af3_iptm,0.420,0.440,0.670,2026-06-12
tp53_363_393_x_limk1_330_647,"",af3_iptm,0.420,0.820,0.590,2026-07-07
hif1a_nterm_x_smn1_prol,"",af3_iptm,0.420,0.540,0.610,2026-05-16
ntrk2_32_429_x_smn1_260_294,"",af3_iptm,0.420,0.590,0.550,2026-07-11
binder5843_agrn_x_agrn_lg3_1868_2065,"",af3_iptm,0.420,0.700,0.530,2026-07-25
67_pink1_x_prkn,"",af3_iptm,0.420,0.510,0.540,2026-06-19
11_mafk_x_mafk,"",af3_iptm,0.420,0.440,0.670,2026-06-10
binder6499_lrp4_x_lrp4_beta1_prop_435_697,"",af3_iptm,0.420,0.830,0.500,2026-07-22
of3_holo_MAPK12_6a7d283f,MAPK12,af3_holo_iptm,0.420,0.226,,2026-07-29
of3_holo_PGK1_1cef40ee,PGK1,af3_holo_iptm,0.419,0.396,,2026-08-13
of3_holo_MAPK11_f1a5289b,MAPK11,af3_holo_iptm,0.419,0.384,,2026-07-29
of3_holo_MAPK12_e04302b3,MAPK12,af3_holo_iptm,0.419,0.233,,2026-07-29
of3_holo_MAPK12_8481d94a,MAPK12,af3_holo_iptm,0.418,0.317,,2026-07-29
of3_holo_MAPK12_fa68a28c,MAPK12,af3_holo_iptm,0.418,0.363,,2026-07-29
of3_holo_KEAP1_0cd652fa,KEAP1,af3_holo_iptm,0.418,0.365,,2026-08-14
of3_holo_PGK1_01a08c8d,PGK1,af3_holo_iptm,0.418,0.385,,2026-08-13
of3_holo_MAPK12_c9f8b55f,MAPK12,af3_holo_iptm,0.417,0.216,,2026-07-29
of3_holo_PGK1_7f547131,PGK1,af3_holo_iptm,0.417,0.415,,2026-08-13
of3_holo_MAPK12_a8405de0,MAPK12,af3_holo_iptm,0.417,0.228,,2026-07-29
of3_holo_KEAP1_bb7215e7,KEAP1,af3_holo_iptm,0.416,0.344,,2026-08-11
of3_holo_MAPK11_a15fded2,MAPK11,af3_holo_iptm,0.416,0.268,,2026-07-29
of3_holo_MAPK14_7e9b6a3e,MAPK14,af3_holo_iptm,0.416,0.240,,2026-07-29
of3_holo_MAPK11_c6af3888,MAPK11,af3_holo_iptm,0.416,0.219,,2026-07-29
of3_holo_MAPK11_90964948,MAPK11,af3_holo_iptm,0.416,0.358,,2026-07-29
of3_holo_PGK1_f0a7315f,PGK1,af3_holo_iptm,0.415,0.400,,2026-08-12
of3_holo_MAPK12_86959847,MAPK12,af3_holo_iptm,0.415,0.208,,2026-07-29
of3_holo_DNM1L_5576ed11,DNM1L,af3_holo_iptm,0.415,0.189,,2026-08-11
of3_holo_HDAC2_05400368,HDAC2,af3_holo_iptm,0.415,0.216,,2026-07-29
of3_holo_MAPK12_6d174541,MAPK12,af3_holo_iptm,0.415,0.240,,2026-07-29
of3_holo_KEAP1_0902ff07,KEAP1,af3_holo_iptm,0.414,0.336,,2026-08-14
of3_holo_MAPK11_c57b2174,MAPK11,af3_holo_iptm,0.414,0.386,,2026-07-29
of3_holo_MAPK12_920b7a4b,MAPK12,af3_holo_iptm,0.414,0.221,,2026-07-29
of3_holo_HDAC2_8023c512,HDAC2,af3_holo_iptm,0.414,0.248,,2026-07-29
of3_holo_PGK1_0671b49c,PGK1,af3_holo_iptm,0.414,0.388,,2026-08-14
of3_holo_MAPK12_5668592e,MAPK12,af3_holo_iptm,0.414,0.213,,2026-07-29
of3_holo_MAPK11_c40a47b4,MAPK11,af3_holo_iptm,0.414,0.269,,2026-07-29
of3_holo_MAPK12_b3cd7d63,MAPK12,af3_holo_iptm,0.413,0.206,,2026-07-29
of3_holo_KEAP1_84f703b8,KEAP1,af3_holo_iptm,0.413,0.356,,2026-08-14
of3_holo_MAPK11_cc230f03,MAPK11,af3_holo_iptm,0.413,0.210,,2026-07-29
of3_holo_MAPK14_8cfb7be0,MAPK14,af3_holo_iptm,0.413,0.217,,2026-08-02
of3_holo_PGK1_0533ab1d,PGK1,af3_holo_iptm,0.413,0.417,,2026-08-13
of3_holo_MAPK12_c219b43a,MAPK12,af3_holo_iptm,0.413,0.252,,2026-07-29
of3_holo_MAPK14_0c29112f,MAPK14,af3_holo_iptm,0.412,0.234,,2026-07-29
of3_holo_MAPK11_60295747,MAPK11,af3_holo_iptm,0.412,0.207,,2026-07-29
of3_holo_MAPK11_40615353,MAPK11,af3_holo_iptm,0.412,0.207,,2026-07-29
of3_holo_MAPK11_f1478b50,MAPK11,af3_holo_iptm,0.411,0.217,,2026-07-29
of3_holo_MAPK11_5766a81f,MAPK11,af3_holo_iptm,0.411,0.257,,2026-07-29
of3_holo_KEAP1_10a835a7,KEAP1,af3_holo_iptm,0.411,0.451,,2026-07-29
of3_holo_MAPK12_14fd06f7,MAPK12,af3_holo_iptm,0.411,0.216,,2026-07-29
of3_holo_PGK1_b4816036,PGK1,af3_holo_iptm,0.410,0.409,,2026-08-11
of3_holo_MAPK12_cf17d50f,MAPK12,af3_holo_iptm,0.410,0.228,,2026-07-29
of3_holo_MAPK12_620e2b3e,MAPK12,af3_holo_iptm,0.410,0.213,,2026-07-29
tp53_363_393_x_limk2_165_280,"",af3_iptm,0.410,0.500,0.680,2026-07-07
smn1_prol_x_bcl2_full,"",af3_iptm,0.410,0.600,0.670,2026-05-16
ntrk3_196_282_x_lrp4_1626_1876,"",af3_iptm,0.410,0.290,0.760,2026-07-26
86_dok7_x_crkl,"",af3_iptm,0.410,0.340,0.610,2026-06-21
89_prkaa1_x_stk11,"",af3_iptm,0.410,0.520,0.560,2026-06-21
binder6328_agrn_x_agrn_lg3_1868_2065,"",af3_iptm,0.410,0.750,0.480,2026-07-24
86_dok7_x_crkl,"",af3_iptm,0.410,0.340,0.610,2026-06-19
rapsn_none_none_x_chrnb1_330_390,"",af3_iptm,0.410,0.760,0.550,2026-07-30
dok7_dimer,"",af3_iptm,0.410,0.450,0.670,2026-08-02
27_dok7_x_crk,"",af3_iptm,0.410,0.350,0.600,2026-06-14
tp53_323_356_x_pak1_74_149,"",af3_iptm,0.410,0.550,0.700,2026-07-07
11_keap1_bp_paunwh2jy1tfdnfyetcs_bc13,"",af3_iptm,0.410,0.840,0.490,2026-07-04
a_x_b_36723e4c,"",af3_iptm,0.410,0.790,0.500,2026-07-30
binder6633_lrp4_x_lrp4_beta1_prop_435_697,"",af3_iptm,0.410,0.760,0.480,2026-07-22
89_prkaa1_x_stk11,"",af3_iptm,0.410,0.520,0.560,2026-06-19
agrn_1_130_x_tp53_363_393,"",af3_iptm,0.410,0.560,0.680,2026-07-16
tp53_323_356_x_pak1_74_149_2,"",af3_iptm,0.410,0.550,0.700,2026-08-06
38_prkaa1_x_camkk2,"",af3_iptm,0.410,0.480,0.590,2026-06-21
smn1_260_294_x_tp53_363_393,"",af3_iptm,0.410,0.510,0.930,2026-07-08
of3_holo_PGK1_48918101,PGK1,af3_holo_iptm,0.410,0.409,,2026-08-14
of3_holo_MAPK11_e7a69369,MAPK11,af3_holo_iptm,0.409,0.207,,2026-07-29
of3_holo_MAPK11_99580894,MAPK11,af3_holo_iptm,0.409,0.388,,2026-07-29
of3_holo_MAPK11_450458fb,MAPK11,af3_holo_iptm,0.409,0.331,,2026-07-29
of3_holo_PGK1_655fb506,PGK1,af3_holo_iptm,0.409,0.376,,2026-08-12
of3_holo_MAPK12_d6b1d5f8,MAPK12,af3_holo_iptm,0.409,0.216,,2026-07-29
of3_holo_HDAC2_9e3e85c5,HDAC2,af3_holo_iptm,0.409,0.232,,2026-07-29
of3_holo_MAPK12_37983bfc,MAPK12,af3_holo_iptm,0.408,0.237,,2026-07-29
of3_holo_MAPK11_a4913eef,MAPK11,af3_holo_iptm,0.408,0.304,,2026-07-29
of3_holo_PGK1_02964126,PGK1,af3_holo_iptm,0.408,0.412,,2026-08-13
of3_holo_MAPK14_a0d69aa3,MAPK14,af3_holo_iptm,0.408,0.199,,2026-07-29
of3_holo_MAPK12_8f14f28e,MAPK12,af3_holo_iptm,0.408,0.221,,2026-07-29
of3_holo_HDAC2_f03cbb23,HDAC2,af3_holo_iptm,0.408,0.234,,2026-07-29
of3_holo_MAPK12_4c5ec643,MAPK12,af3_holo_iptm,0.407,0.305,,2026-07-29
of3_holo_HDAC2_e15ed249,HDAC2,af3_holo_iptm,0.407,0.225,,2026-07-29
of3_holo_MAPK12_4a13bfa4,MAPK12,af3_holo_iptm,0.407,0.223,,2026-07-29
of3_holo_MAPK14_b05cef99,MAPK14,af3_holo_iptm,0.407,0.224,,2026-07-29
of3_holo_MAPK11_dc785732,MAPK11,af3_holo_iptm,0.407,0.229,,2026-07-29
of3_holo_PGK1_d1814864,PGK1,af3_holo_iptm,0.407,0.379,,2026-08-14
of3_holo_MAPK11_f99aae71,MAPK11,af3_holo_iptm,0.407,0.386,,2026-07-29
of3_holo_MAPK14_952e693f,MAPK14,af3_holo_iptm,0.407,0.204,,2026-07-29
of3_holo_MAPK14_874c98c5,MAPK14,af3_holo_iptm,0.406,0.204,,2026-07-29
of3_holo_KEAP1_d48bc781,KEAP1,af3_holo_iptm,0.406,0.341,,2026-08-14
of3_holo_MAPK11_2d9b7997,MAPK11,af3_holo_iptm,0.406,0.217,,2026-07-29
of3_holo_HDAC2_ce68a256,HDAC2,af3_holo_iptm,0.406,0.237,,2026-07-29
of3_holo_MAPK14_4bbde781,MAPK14,af3_holo_iptm,0.406,0.244,,2026-07-29
of3_holo_MAPK12_abecab4e,MAPK12,af3_holo_iptm,0.406,0.227,,2026-07-29
of3_holo_PGK1_9fb547d1,PGK1,af3_holo_iptm,0.405,0.390,,2026-08-13
of3_holo_HDAC2_6ddf2095,HDAC2,af3_holo_iptm,0.405,0.225,,2026-07-29
of3_holo_MAPK14_0ad60be8,MAPK14,af3_holo_iptm,0.405,0.197,,2026-08-02
of3_holo_MAPK11_a4f1b78e,MAPK11,af3_holo_iptm,0.405,0.240,,2026-07-29
of3_holo_MAPK14_c1755c58,MAPK14,af3_holo_iptm,0.405,0.245,,2026-07-29
of3_holo_MAPK11_fda01f3c,MAPK11,af3_holo_iptm,0.405,0.218,,2026-07-29
of3_holo_MAPK11_afb506be,MAPK11,af3_holo_iptm,0.405,0.341,,2026-07-29
of3_holo_KEAP1_28db4ff1,KEAP1,af3_holo_iptm,0.405,0.328,,2026-08-14
of3_holo_MAPK14_c0f6d472,MAPK14,af3_holo_iptm,0.405,0.212,,2026-07-29
of3_holo_MAPK11_4e88b7d0,MAPK11,af3_holo_iptm,0.404,0.201,,2026-07-29
of3_holo_MAPK11_e5e7c7b1,MAPK11,af3_holo_iptm,0.404,0.258,,2026-07-29
of3_holo_PGK1_5fc466c0,PGK1,af3_holo_iptm,0.404,0.354,,2026-07-31
of3_holo_MAPK12_84b6c80c,MAPK12,af3_holo_iptm,0.404,0.246,,2026-07-29
of3_holo_MAPK12_39b77823,MAPK12,af3_holo_iptm,0.404,0.211,,2026-07-29
of3_holo_MAPK12_afd1644b,MAPK12,af3_holo_iptm,0.404,0.220,,2026-07-29
of3_holo_MAPK14_4651219b,MAPK14,af3_holo_iptm,0.404,0.205,,2026-07-29
of3_holo_MAPK12_9ba6cd88,MAPK12,af3_holo_iptm,0.403,0.212,,2026-07-29
of3_holo_MAPK14_67ed7520,MAPK14,af3_holo_iptm,0.403,0.247,,2026-07-29
of3_holo_MAPK12_11526d3c,MAPK12,af3_holo_iptm,0.403,0.207,,2026-07-29
of3_holo_PGK1_2da17449,PGK1,af3_holo_iptm,0.403,0.334,,2026-07-30
of3_holo_MAPK14_b32b5d44,MAPK14,af3_holo_iptm,0.403,0.241,,2026-07-29
of3_holo_MAPK11_a7739f24,MAPK11,af3_holo_iptm,0.403,0.307,,2026-07-29
of3_holo_HDAC2_f9c35c47,HDAC2,af3_holo_iptm,0.402,0.259,,2026-07-29
of3_holo_PGK1_f0106078,PGK1,af3_holo_iptm,0.402,0.382,,2026-07-29
of3_holo_KEAP1_5273c24a,KEAP1,af3_holo_iptm,0.402,0.451,,2026-07-29
of3_holo_MAPK12_ee502c39,MAPK12,af3_holo_iptm,0.402,0.236,,2026-07-29
of3_holo_MAPK11_d55958b2,MAPK11,af3_holo_iptm,0.401,0.263,,2026-07-29
of3_holo_MAPK11_20d171a6,MAPK11,af3_holo_iptm,0.401,0.278,,2026-07-29
of3_holo_MAPK14_98561554,MAPK14,af3_holo_iptm,0.401,0.208,,2026-08-02
of3_holo_MAPK14_090f97d7,MAPK14,af3_holo_iptm,0.401,0.207,,2026-07-29
of3_holo_MAPK11_4e096c64,MAPK11,af3_holo_iptm,0.400,0.340,,2026-07-29
of3_holo_MAPK11_200b8b9c,MAPK11,af3_holo_iptm,0.400,0.241,,2026-07-29
of3_holo_MAPK14_345875b9,MAPK14,af3_holo_iptm,0.400,0.212,,2026-07-29
binder7284_agrn_x_agrn_lg3_1868_2065,"",af3_iptm,0.400,0.690,0.480,2026-07-23
ppargc1a_x_mef2c,"",af3_iptm,0.400,0.360,0.800,2026-06-29
binder5963_agrn_x_agrn_lg3_1868_2065,"",af3_iptm,0.400,0.680,0.470,2026-07-24
nrg1_x_pten_8033455a,"",af3_iptm,0.400,0.400,0.660,2026-06-29
lrp4_ldlra_x_limk2_bind,"",af3_iptm,0.400,0.290,0.760,2026-05-16
a_x_b_b5582db1,"",af3_iptm,0.400,0.600,0.520,2026-07-30
lrp4_ldlra_x_limk2_bind,"",af3_iptm,0.400,0.290,0.760,2026-05-17
27_kcnb1_1_180_x_kcnb2_1_200,"",af3_iptm,0.400,0.480,0.570,2026-06-12
27_kcnb1_1_180_x_kcnb2_1_200,"",af3_iptm,0.400,0.480,0.570,2026-06-10
pgk1_dimer_atp,"",af3_iptm,0.400,0.520,0.420,2026-08-06
binder6129_lrp4_x_lrp4_beta1_prop_435_697,"",af3_iptm,0.400,0.730,0.470,2026-07-22
hdac6_cd2_x_dok7,"",af3_iptm,0.400,0.470,0.570,2026-05-29
83_nrg1_x_erbb3,"",af3_iptm,0.400,0.360,0.610,2026-06-19
hif1a_18_80_x_snrpd1_none_none,"",af3_iptm,0.400,0.520,0.600,2026-07-15
of3_holo_KEAP1_f8117cf1,KEAP1,af3_holo_iptm,0.400,0.342,,2026-08-14
of3_holo_MAPK14_53f94161,MAPK14,af3_holo_iptm,0.400,0.207,,2026-07-29
of3_holo_MAPK12_1b3a051c,MAPK12,af3_holo_iptm,0.400,0.236,,2026-07-29
of3_holo_MAPK11_360b16b2,MAPK11,af3_holo_iptm,0.400,0.228,,2026-07-29
of3_holo_MAPK11_b0e93acd,MAPK11,af3_holo_iptm,0.400,0.269,,2026-07-29
of3_holo_MAPK12_ede522e7,MAPK12,af3_holo_iptm,0.399,0.213,,2026-07-29
of3_holo_MAPK12_ce084fe2,MAPK12,af3_holo_iptm,0.399,0.319,,2026-07-29
of3_holo_MAPK11_e2a473c4,MAPK11,af3_holo_iptm,0.399,0.318,,2026-07-29
of3_holo_MAPK13_81ed48c0,MAPK13,af3_holo_iptm,0.399,0.258,,2026-07-29
of3_holo_MAPK11_35d20b70,MAPK11,af3_holo_iptm,0.399,0.369,,2026-07-29
of3_holo_MAPK11_7a982e8f,MAPK11,af3_holo_iptm,0.398,0.206,,2026-07-29
of3_holo_MAPK14_c4c00a3a,MAPK14,af3_holo_iptm,0.398,0.237,,2026-07-29
of3_holo_MAPK11_1f41504e,MAPK11,af3_holo_iptm,0.397,0.352,,2026-07-29
of3_holo_MAPK12_5e00ba30,MAPK12,af3_holo_iptm,0.397,0.343,,2026-07-29
of3_holo_PGK1_293afdb0,PGK1,af3_holo_iptm,0.397,0.403,,2026-08-13
of3_holo_MAPK14_a0d8e338,MAPK14,af3_holo_iptm,0.397,0.210,,2026-07-29
of3_holo_HDAC2_a3807674,HDAC2,af3_holo_iptm,0.396,0.249,,2026-07-29
of3_holo_PGK1_59da1c4d,PGK1,af3_holo_iptm,0.396,0.354,,2026-07-29
of3_holo_KEAP1_20d4a605,KEAP1,af3_holo_iptm,0.396,0.444,,2026-08-02
of3_holo_MAPK11_c70ef686,MAPK11,af3_holo_iptm,0.396,0.285,,2026-07-29
of3_holo_MAPK11_90c7c980,MAPK11,af3_holo_iptm,0.396,0.206,,2026-07-29
of3_holo_MAPK13_ad92144f,MAPK13,af3_holo_iptm,0.395,0.229,,2026-07-29
of3_holo_MAPK11_d5b4d757,MAPK11,af3_holo_iptm,0.395,0.285,,2026-07-29
of3_holo_PGK1_486cec85,PGK1,af3_holo_iptm,0.395,0.336,,2026-07-29
of3_holo_MAPK12_708a3f25,MAPK12,af3_holo_iptm,0.395,0.283,,2026-07-29
of3_holo_MAPK12_583df445,MAPK12,af3_holo_iptm,0.395,0.223,,2026-07-29
of3_holo_PGK1_5116fa71,PGK1,af3_holo_iptm,0.394,0.382,,2026-08-13
of3_holo_MAPK14_a0dfe2fe,MAPK14,af3_holo_iptm,0.394,0.203,,2026-07-29
of3_holo_MAPK11_6b1b0e7d,MAPK11,af3_holo_iptm,0.394,0.280,,2026-07-29
of3_holo_MAPK14_ab987757,MAPK14,af3_holo_iptm,0.394,0.203,,2026-07-29
of3_holo_HDAC2_ace57416,HDAC2,af3_holo_iptm,0.394,0.259,,2026-07-29
of3_holo_MAPK11_f130981a,MAPK11,af3_holo_iptm,0.393,0.251,,2026-07-29
of3_holo_KEAP1_a09947a0,KEAP1,af3_holo_iptm,0.393,0.327,,2026-08-14
of3_holo_PGK1_79723194,PGK1,af3_holo_iptm,0.393,0.330,,2026-07-29
of3_holo_KEAP1_0efc0066,KEAP1,af3_holo_iptm,0.393,0.453,,2026-08-02
of3_holo_MAPK14_94515626,MAPK14,af3_holo_iptm,0.393,0.249,,2026-08-02
of3_holo_MAPK12_6bec4406,MAPK12,af3_holo_iptm,0.393,0.213,,2026-07-29
of3_holo_MAPK14_6b751f80,MAPK14,af3_holo_iptm,0.392,0.199,,2026-07-29
of3_holo_MAPK14_08bcc427,MAPK14,af3_holo_iptm,0.392,0.206,,2026-07-29
of3_holo_KEAP1_ccf32256,KEAP1,af3_holo_iptm,0.392,0.351,,2026-08-14
of3_holo_PGK1_08d07c7d,PGK1,af3_holo_iptm,0.392,0.341,,2026-07-31
of3_holo_HDAC2_29a0dc00,HDAC2,af3_holo_iptm,0.392,0.246,,2026-07-29
of3_holo_MAPK11_14f036fb,MAPK11,af3_holo_iptm,0.392,0.199,,2026-07-29
of3_holo_HDAC2_961f2f19,HDAC2,af3_holo_iptm,0.392,0.245,,2026-07-29
of3_holo_MAPK14_d3880ad7,MAPK14,af3_holo_iptm,0.391,0.203,,2026-07-29
of3_holo_MAPK14_36c8869f,MAPK14,af3_holo_iptm,0.391,0.201,,2026-08-02
of3_holo_KEAP1_2f8c3f07,KEAP1,af3_holo_iptm,0.391,0.461,,2026-07-29
of3_holo_KEAP1_f409560c,KEAP1,af3_holo_iptm,0.391,0.336,,2026-08-14
of3_holo_HDAC2_d3813ba6,HDAC2,af3_holo_iptm,0.391,0.249,,2026-07-29
of3_holo_MAPKAPK2_92903184,MAPKAPK2,af3_holo_iptm,0.391,0.218,,2026-08-02
of3_holo_MAPK14_ebd0134d,MAPK14,af3_holo_iptm,0.391,0.237,,2026-07-29
of3_holo_MAPK11_dc4ab0ee,MAPK11,af3_holo_iptm,0.391,0.216,,2026-07-29
of3_holo_MAPK11_94de966e,MAPK11,af3_holo_iptm,0.391,0.380,,2026-07-29
of3_holo_MAPK14_2fa584c3,MAPK14,af3_holo_iptm,0.391,0.206,,2026-07-29
of3_holo_MAPK11_f85e883d,MAPK11,af3_holo_iptm,0.390,0.344,,2026-07-29
of3_holo_MAPK14_aebc9982,MAPK14,af3_holo_iptm,0.390,0.233,,2026-07-29
of3_holo_KEAP1_f6ee09ca,KEAP1,af3_holo_iptm,0.390,0.457,,2026-07-29
of3_holo_MAPK11_a5e193c5,MAPK11,af3_holo_iptm,0.390,0.307,,2026-07-29
of3_holo_MAPK12_f2b31ee3,MAPK12,af3_holo_iptm,0.390,0.214,,2026-07-29
031_mapk10_x_foxo4,"",af3_iptm,0.390,0.430,0.640,2026-06-18
032_mapk10_x_ets1,"",af3_iptm,0.390,0.430,0.560,2026-06-21
08_mapkapk2_x_zfp36,"",af3_iptm,0.390,0.490,0.650,2026-06-08
nrg1_egf_x_erbb3_kin,"",af3_iptm,0.390,0.760,0.540,2026-05-16
nrg1_egf_x_erbb3_kin,"",af3_iptm,0.390,0.760,0.540,2026-05-17
erbb4_x_rapsn_7511bd84,"",af3_iptm,0.390,0.350,0.480,2026-06-29
51_tfam_x_tfb2m,"",af3_iptm,0.390,0.580,0.530,2026-06-21
031_mapk10_x_foxo4,"",af3_iptm,0.390,0.430,0.640,2026-06-21
bdnf_none_none_x_rapsn_none_none,"",af3_iptm,0.390,0.640,0.530,2026-07-15
smn1_260_294_x_bcl2_none_none,"",af3_iptm,0.390,0.600,0.640,2026-07-09
hdac6_x_limk2,"",af3_iptm,0.390,0.550,0.550,2026-05-29
tp53_363_393_x_rock1_92_354,"",af3_iptm,0.390,0.750,0.510,2026-07-07
032_mapk10_x_ets1,"",af3_iptm,0.390,0.430,0.560,2026-06-18
08_mapkapk2_x_zfp36,"",af3_iptm,0.390,0.490,0.650,2026-06-10
nrg1_x_limk1,"",af3_iptm,0.390,0.410,0.630,2026-05-23
binder6441_agrn_x_agrn_lg3_1868_2065,"",af3_iptm,0.390,0.660,0.460,2026-07-24
nmj_ternaer_agrn_lrp4_musk_s7,"",af3_iptm,0.390,0.430,0.440,2026-08-15
perp_none_none_x_lrp4_1725_1905,"",af3_iptm,0.390,0.510,0.680,2026-07-29
nmj_dok7_dimer_s42,"",af3_iptm,0.390,0.430,0.680,2026-08-15
atf3_none_none_x_srsf1_16_90,"",af3_iptm,0.390,0.340,0.710,2026-07-16
sirt1_230_510_x_ppargc1a_1_270,"",af3_iptm,0.390,0.520,0.660,2026-07-29
mapk14_x_snph,"",af3_iptm,0.390,0.750,,2026-05-27
fus_x_pfn2_a0f704b9,"",af3_iptm,0.390,0.290,0.680,2026-06-28
nmj_ternaer_2musk_s7,"",af3_iptm,0.390,0.460,0.430,2026-08-14
of3_holo_KEAP1_c7df3050,KEAP1,af3_holo_iptm,0.390,0.343,,2026-08-14
of3_holo_PGK1_f3ffe692,PGK1,af3_holo_iptm,0.390,0.369,,2026-07-30
of3_holo_MAPK11_4ba59f3a,MAPK11,af3_holo_iptm,0.390,0.205,,2026-07-29
of3_holo_MAPK11_facc46a6,MAPK11,af3_holo_iptm,0.390,0.216,,2026-07-29
of3_holo_PGK1_4351bed0,PGK1,af3_holo_iptm,0.390,0.394,,2026-07-29
of3_holo_MAPK14_387e9070,MAPK14,af3_holo_iptm,0.389,0.214,,2026-07-29
of3_holo_MAPK14_e7254f2b,MAPK14,af3_holo_iptm,0.389,0.207,,2026-07-29
of3_holo_KEAP1_b3601e6b,KEAP1,af3_holo_iptm,0.389,0.338,,2026-08-11
of3_holo_MAPK11_5f4500d7,MAPK11,af3_holo_iptm,0.389,0.223,,2026-07-29
of3_holo_MAPK12_1ea110e3,MAPK12,af3_holo_iptm,0.389,0.283,,2026-07-29
of3_holo_MAPK12_143bcf1c,MAPK12,af3_holo_iptm,0.389,0.208,,2026-07-29
of3_holo_PGK1_28f640eb,PGK1,af3_holo_iptm,0.389,0.373,,2026-07-29
of3_holo_PGK1_0dfc02c2,PGK1,af3_holo_iptm,0.389,0.398,,2026-07-29
of3_holo_MAPK14_ed7d2114,MAPK14,af3_holo_iptm,0.389,0.214,,2026-07-29
of3_holo_MAPK11_6579a138,MAPK11,af3_holo_iptm,0.389,0.244,,2026-07-29
of3_holo_PGK1_6fb26425,PGK1,af3_holo_iptm,0.388,0.407,,2026-07-29
of3_holo_MAPK14_415b96bc,MAPK14,af3_holo_iptm,0.388,0.213,,2026-07-29
of3_holo_MAPK14_a2e96c9b,MAPK14,af3_holo_iptm,0.388,0.204,,2026-07-29
of3_holo_MAPK14_8eebd832,MAPK14,af3_holo_iptm,0.388,0.202,,2026-07-29
of3_holo_MAPK14_28953b91,MAPK14,af3_holo_iptm,0.388,0.212,,2026-07-29
of3_holo_MAPK12_817baad8,MAPK12,af3_holo_iptm,0.388,0.229,,2026-07-29
of3_holo_MAPK11_5f0a69f0,MAPK11,af3_holo_iptm,0.388,0.294,,2026-07-29
of3_holo_MAPK14_028c9108,MAPK14,af3_holo_iptm,0.387,0.232,,2026-07-29
of3_holo_MAPK12_25b892e6,MAPK12,af3_holo_iptm,0.387,0.231,,2026-07-29
of3_holo_MAPK12_d7ad5eb1,MAPK12,af3_holo_iptm,0.387,0.220,,2026-07-29
of3_holo_MAPK12_28500100,MAPK12,af3_holo_iptm,0.387,0.215,,2026-07-29
of3_holo_MAPK11_15ff6449,MAPK11,af3_holo_iptm,0.387,0.231,,2026-07-29
of3_holo_MAPK12_796ecf19,MAPK12,af3_holo_iptm,0.387,0.213,,2026-07-29
of3_holo_MAPK12_b09671ba,MAPK12,af3_holo_iptm,0.387,0.225,,2026-07-29
of3_holo_DNM1L_adf1e188,DNM1L,af3_holo_iptm,0.387,0.189,,2026-07-30
of3_holo_MAPK11_069b04d3,MAPK11,af3_holo_iptm,0.386,0.256,,2026-07-29
of3_holo_MAPK14_2b6ac862,MAPK14,af3_holo_iptm,0.386,0.196,,2026-07-29
of3_holo_MAPK12_06386b23,MAPK12,af3_holo_iptm,0.386,0.226,,2026-07-29
of3_holo_MAPK12_dd2d1a9b,MAPK12,af3_holo_iptm,0.386,0.209,,2026-07-29
of3_holo_MAPK12_c9c9c241,MAPK12,af3_holo_iptm,0.386,0.227,,2026-07-29
of3_holo_MAPK11_ac7d9ea8,MAPK11,af3_holo_iptm,0.386,0.281,,2026-07-29
of3_holo_MAPK11_7d318c7c,MAPK11,af3_holo_iptm,0.386,0.231,,2026-07-29
of3_holo_MAPK11_23d58610,MAPK11,af3_holo_iptm,0.385,0.233,,2026-07-29
of3_holo_HDAC2_b3a4fc26,HDAC2,af3_holo_iptm,0.385,0.255,,2026-07-29
of3_holo_MAPK14_5818713a,MAPK14,af3_holo_iptm,0.385,0.211,,2026-07-29
of3_holo_MAPK12_c183afdb,MAPK12,af3_holo_iptm,0.385,0.207,,2026-07-29
of3_holo_KEAP1_1673293c,KEAP1,af3_holo_iptm,0.385,0.322,,2026-08-14
of3_holo_MAPK12_61b786bf,MAPK12,af3_holo_iptm,0.385,0.237,,2026-07-29
of3_holo_PGK1_b44a5152,PGK1,af3_holo_iptm,0.385,0.371,,2026-07-29
of3_holo_MAPK12_58d221bc,MAPK12,af3_holo_iptm,0.385,0.221,,2026-07-29
of3_holo_MAPK14_62d6835a,MAPK14,af3_holo_iptm,0.384,0.196,,2026-07-29
of3_holo_MAPK11_8a78ead3,MAPK11,af3_holo_iptm,0.384,0.245,,2026-07-29
of3_holo_KEAP1_bf4cbdf1,KEAP1,af3_holo_iptm,0.384,0.468,,2026-08-02
of3_holo_MAPK11_4583e780,MAPK11,af3_holo_iptm,0.384,0.202,,2026-07-29
of3_holo_MAPK14_cac8c7d3,MAPK14,af3_holo_iptm,0.383,0.195,,2026-07-29
of3_holo_MAPK11_b4166690,MAPK11,af3_holo_iptm,0.383,0.395,,2026-07-29
of3_holo_MAPK12_826b09e8,MAPK12,af3_holo_iptm,0.383,0.210,,2026-07-29
of3_holo_KEAP1_c1427ea8,KEAP1,af3_holo_iptm,0.383,0.319,,2026-08-11
of3_holo_MAPK11_949f7bfc,MAPK11,af3_holo_iptm,0.383,0.243,,2026-07-29
of3_holo_HDAC2_ae5d7d2f,HDAC2,af3_holo_iptm,0.383,0.239,,2026-07-29
of3_holo_MAPK14_67fb2dde,MAPK14,af3_holo_iptm,0.383,0.210,,2026-07-29
of3_holo_MAPK14_36205331,MAPK14,af3_holo_iptm,0.383,0.201,,2026-07-29
of3_holo_KEAP1_34deaf83,KEAP1,af3_holo_iptm,0.383,0.358,,2026-08-14
of3_holo_MAPK14_527e4021,MAPK14,af3_holo_iptm,0.382,0.210,,2026-07-29
of3_holo_PGK1_8a251df8,PGK1,af3_holo_iptm,0.382,0.377,,2026-08-14
of3_holo_MAPK14_d1ac7bf4,MAPK14,af3_holo_iptm,0.382,0.221,,2026-07-29
of3_holo_KEAP1_076a1b95,KEAP1,af3_holo_iptm,0.382,0.339,,2026-08-14
of3_holo_MAPK14_04906e09,MAPK14,af3_holo_iptm,0.382,0.210,,2026-07-29
of3_holo_KEAP1_d7a2f987,KEAP1,af3_holo_iptm,0.382,0.325,,2026-08-14
of3_holo_MAPK11_986e38a9,MAPK11,af3_holo_iptm,0.381,0.240,,2026-07-29
of3_holo_MAPK14_1e85a6fc,MAPK14,af3_holo_iptm,0.381,0.253,,2026-07-29
of3_holo_MAPK12_cf971a49,MAPK12,af3_holo_iptm,0.381,0.226,,2026-07-29
of3_holo_MAPK11_15042c8e,MAPK11,af3_holo_iptm,0.381,0.255,,2026-07-29
of3_holo_MAPK11_c25dd05c,MAPK11,af3_holo_iptm,0.381,0.338,,2026-07-29
of3_holo_MAPK12_d24b21f2,MAPK12,af3_holo_iptm,0.381,0.362,,2026-07-29
of3_holo_MAPK14_e13e2c1c,MAPK14,af3_holo_iptm,0.381,0.232,,2026-07-29
of3_holo_MAPK14_78b55017,MAPK14,af3_holo_iptm,0.381,0.191,,2026-07-29
of3_holo_MAPK14_d6ff305d,MAPK14,af3_holo_iptm,0.380,0.216,,2026-07-29
of3_holo_MAPK12_3278ea50,MAPK12,af3_holo_iptm,0.380,0.201,,2026-07-29
of3_holo_MAPK11_4bc0f52f,MAPK11,af3_holo_iptm,0.380,0.209,,2026-07-29
of3_holo_MAPK11_9c65f507,MAPK11,af3_holo_iptm,0.380,0.210,,2026-07-29
musk_312_450_x_wnt9a_none_none,"",af3_iptm,0.380,0.620,0.480,2026-07-29
012_mapk10_x_map3k13,"",af3_iptm,0.380,0.380,0.610,2026-06-21
binder6911_lrp4_x_lrp4_beta1_prop_435_697,"",af3_iptm,0.380,0.780,0.460,2026-07-21
52_gemin2_x_snrpb,"",af3_iptm,0.380,0.420,0.620,2026-06-12
binder6628_lrp4_x_lrp4_beta1_prop_435_697,"",af3_iptm,0.380,0.760,0.470,2026-07-22
dnm1l_none_none_x_mief1_none_none,"",af3_iptm,0.380,0.380,0.490,2026-07-30
012_mapk10_x_map3k13,"",af3_iptm,0.380,0.380,0.610,2026-06-18
a_x_b_0efe4fc9,"",af3_iptm,0.380,0.590,0.530,2026-07-30
nmj_dok7_dimer_s7,"",af3_iptm,0.380,0.430,0.670,2026-08-14
lrp4_ldlra_x_limk2_bind,"",af3_iptm,0.380,0.290,0.750,2026-05-14
092_mapk8_x_map3k13,"",af3_iptm,0.380,0.380,0.610,2026-06-18
52_gemin2_x_snrpb,"",af3_iptm,0.380,0.420,0.620,2026-06-10
agrn_x_ws1bnone_1251,"",af3_iptm,0.380,0.660,0.430,2026-07-03
a_x_b_37ce38b6,"",af3_iptm,0.380,0.660,0.530,2026-07-29
76_kcnb1_1_180_x_dlg4,"",af3_iptm,0.380,0.380,0.480,2026-06-12
rapsn_chrnd_340_517,"",af3_iptm,0.380,0.610,0.510,2026-08-02
nmj_ternaer_2musk_s42,"",af3_iptm,0.380,0.420,0.420,2026-08-15
binder110_musk_ig1_x_musk_ig1_24_128,"",af3_iptm,0.380,0.660,0.460,2026-07-25
76_kcnb1_1_180_x_dlg4_2,"",af3_iptm,0.380,0.380,0.480,2026-08-06
of3_holo_MAPK14_a2be7ae7,MAPK14,af3_holo_iptm,0.380,0.202,,2026-07-29
of3_holo_MAPK14_43ac625d,MAPK14,af3_holo_iptm,0.379,0.195,,2026-07-29
of3_holo_KEAP1_18e6b79f,KEAP1,af3_holo_iptm,0.379,0.324,,2026-08-14
of3_holo_MAPK11_982384c2,MAPK11,af3_holo_iptm,0.379,0.211,,2026-07-29
of3_holo_KEAP1_2533ed6a,KEAP1,af3_holo_iptm,0.379,0.327,,2026-08-11
of3_holo_KEAP1_f1647a04,KEAP1,af3_holo_iptm,0.379,0.337,,2026-08-14
of3_holo_MAPK12_4b20a07b,MAPK12,af3_holo_iptm,0.379,0.245,,2026-07-29
of3_holo_MAPK11_c7c75a5d,MAPK11,af3_holo_iptm,0.379,0.210,,2026-07-29
of3_holo_MAPK11_4f7f51fa,MAPK11,af3_holo_iptm,0.379,0.341,,2026-07-29
of3_holo_MAPK11_9c0d365c,MAPK11,af3_holo_iptm,0.379,0.222,,2026-07-29
of3_holo_MAPK12_bef9a902,MAPK12,af3_holo_iptm,0.379,0.255,,2026-07-29
of3_holo_MAPK14_bdb2b478,MAPK14,af3_holo_iptm,0.378,0.259,,2026-07-29
of3_holo_MAPK12_57ea7211,MAPK12,af3_holo_iptm,0.378,0.208,,2026-07-29
of3_holo_MAPK12_2c1ee3f7,MAPK12,af3_holo_iptm,0.378,0.208,,2026-07-29
of3_holo_MAPK14_e5cceed2,MAPK14,af3_holo_iptm,0.378,0.211,,2026-08-02
of3_holo_MAPK11_13d7ccc7,MAPK11,af3_holo_iptm,0.378,0.222,,2026-07-29
of3_holo_PGK1_295f7461,PGK1,af3_holo_iptm,0.378,0.378,,2026-07-29
of3_holo_KEAP1_d9d9aafc,KEAP1,af3_holo_iptm,0.378,0.326,,2026-08-11
of3_holo_MAPK11_e15ece2c,MAPK11,af3_holo_iptm,0.377,0.366,,2026-07-29
of3_holo_PGK1_8b96f8fc,PGK1,af3_holo_iptm,0.377,0.377,,2026-07-29
of3_holo_MAPK11_cf14b79a,MAPK11,af3_holo_iptm,0.377,0.204,,2026-07-29
of3_holo_KEAP1_1521b10e,KEAP1,af3_holo_iptm,0.377,0.308,,2026-08-14
of3_holo_MAPK11_27ed0853,MAPK11,af3_holo_iptm,0.377,0.232,,2026-07-29
of3_holo_KEAP1_f3e47384,KEAP1,af3_holo_iptm,0.377,0.359,,2026-08-14
of3_holo_MAPK14_cf4db941,MAPK14,af3_holo_iptm,0.377,0.215,,2026-07-29
of3_holo_PGK1_47563571,PGK1,af3_holo_iptm,0.377,0.386,,2026-07-29
of3_holo_MAPK11_e474073b,MAPK11,af3_holo_iptm,0.376,0.226,,2026-07-29
of3_holo_HDAC2_6b9df370,HDAC2,af3_holo_iptm,0.376,0.241,,2026-07-29
of3_holo_MAPK11_cb672611,MAPK11,af3_holo_iptm,0.376,0.211,,2026-07-29
of3_holo_MAPK11_2927e35c,MAPK11,af3_holo_iptm,0.376,0.293,,2026-07-29
of3_holo_KEAP1_af4d5345,KEAP1,af3_holo_iptm,0.376,0.337,,2026-08-11
of3_holo_KEAP1_fdbfa1c1,KEAP1,af3_holo_iptm,0.376,0.355,,2026-08-14
of3_holo_MAPK12_402dad75,MAPK12,af3_holo_iptm,0.376,0.300,,2026-07-29
of3_holo_MAPK12_1e29beda,MAPK12,af3_holo_iptm,0.376,0.210,,2026-07-29
of3_holo_MAPK11_11101101,MAPK11,af3_holo_iptm,0.376,0.218,,2026-07-29
of3_holo_MAPK12_c5b35b62,MAPK12,af3_holo_iptm,0.375,0.244,,2026-07-29
of3_holo_MAPK11_62912943,MAPK11,af3_holo_iptm,0.375,0.340,,2026-07-29
of3_holo_MAPK14_c6e058fd,MAPK14,af3_holo_iptm,0.375,0.197,,2026-07-29
of3_holo_MAPK14_f9a6a2b1,MAPK14,af3_holo_iptm,0.375,0.209,,2026-07-29
of3_holo_KEAP1_b6f02ddc,KEAP1,af3_holo_iptm,0.375,0.323,,2026-08-14
of3_holo_MAPK11_c6b8bfbd,MAPK11,af3_holo_iptm,0.375,0.210,,2026-07-29
of3_holo_MAPK12_5d0e6ead,MAPK12,af3_holo_iptm,0.375,0.236,,2026-07-29
of3_holo_MAPK11_1ea004ff,MAPK11,af3_holo_iptm,0.375,0.374,,2026-07-29
of3_holo_MAPK11_521afda2,MAPK11,af3_holo_iptm,0.374,0.209,,2026-07-29
of3_holo_MAPK11_429955f5,MAPK11,af3_holo_iptm,0.374,0.350,,2026-07-29
of3_holo_MAPK11_9bbabf8b,MAPK11,af3_holo_iptm,0.374,0.252,,2026-07-29
of3_holo_MAPK14_2710a06f,MAPK14,af3_holo_iptm,0.374,0.240,,2026-07-29
of3_holo_MAPK11_f1cdb358,MAPK11,af3_holo_iptm,0.374,0.220,,2026-07-29
of3_holo_MAPK12_43405c18,MAPK12,af3_holo_iptm,0.374,0.225,,2026-07-29
of3_holo_KEAP1_2f86d158,KEAP1,af3_holo_iptm,0.374,0.348,,2026-08-14
of3_holo_KEAP1_023c0293,KEAP1,af3_holo_iptm,0.374,0.448,,2026-08-02
of3_holo_PGK1_da3a3080,PGK1,af3_holo_iptm,0.374,0.338,,2026-07-31
of3_holo_PGK1_9d093b15,PGK1,af3_holo_iptm,0.374,0.386,,2026-07-29
of3_holo_MAPK11_d9d0b665,MAPK11,af3_holo_iptm,0.373,0.352,,2026-07-29
of3_holo_MAPK14_85db9111,MAPK14,af3_holo_iptm,0.373,0.215,,2026-07-31
of3_holo_MAPK11_88877776,MAPK11,af3_holo_iptm,0.373,0.209,,2026-07-29
of3_holo_MAPK11_4468e4c2,MAPK11,af3_holo_iptm,0.373,0.205,,2026-07-29
of3_holo_PGK1_174c3174,PGK1,af3_holo_iptm,0.373,0.356,,2026-07-29
of3_holo_PGK1_89dd37ad,PGK1,af3_holo_iptm,0.373,0.331,,2026-07-29
of3_holo_KEAP1_f3b82d95,KEAP1,af3_holo_iptm,0.372,0.360,,2026-08-11
of3_holo_MAPK11_6d64f591,MAPK11,af3_holo_iptm,0.372,0.218,,2026-07-29
of3_holo_KEAP1_a8e759d6,KEAP1,af3_holo_iptm,0.372,0.350,,2026-08-14
of3_holo_MAPK11_ad24eb21,MAPK11,af3_holo_iptm,0.372,0.212,,2026-07-29
of3_holo_MAPK11_af08ddc0,MAPK11,af3_holo_iptm,0.372,0.273,,2026-07-29
of3_holo_MAPK11_d6043dac,MAPK11,af3_holo_iptm,0.372,0.213,,2026-07-29
of3_holo_MAPK14_1702945a,MAPK14,af3_holo_iptm,0.372,0.207,,2026-07-29
of3_holo_MAPK14_c6c6aa58,MAPK14,af3_holo_iptm,0.372,0.241,,2026-07-29
of3_holo_PGK1_a7b8b47e,PGK1,af3_holo_iptm,0.372,0.370,,2026-07-29
of3_holo_MAPK12_1b804dc7,MAPK12,af3_holo_iptm,0.372,0.206,,2026-07-29
of3_holo_KEAP1_9bb51f08,KEAP1,af3_holo_iptm,0.372,0.332,,2026-08-11
of3_holo_MAPK14_17b1bbb3,MAPK14,af3_holo_iptm,0.372,0.200,,2026-07-29
of3_holo_MAPK11_7000cdac,MAPK11,af3_holo_iptm,0.372,0.207,,2026-07-29
of3_holo_MAPK11_d5334cfc,MAPK11,af3_holo_iptm,0.372,0.210,,2026-07-29
of3_holo_PGK1_82add883,PGK1,af3_holo_iptm,0.371,0.371,,2026-07-29
of3_holo_MAPK11_466b25c3,MAPK11,af3_holo_iptm,0.371,0.229,,2026-07-29
of3_holo_MAPK12_3419bad0,MAPK12,af3_holo_iptm,0.371,0.216,,2026-07-29
of3_holo_MAPK14_84b9f775,MAPK14,af3_holo_iptm,0.371,0.201,,2026-07-29
of3_holo_MAPK14_b76febe8,MAPK14,af3_holo_iptm,0.371,0.238,,2026-07-29
of3_holo_MAPK12_4b1534ce,MAPK12,af3_holo_iptm,0.371,0.205,,2026-07-29
of3_holo_MAPK12_ea78f113,MAPK12,af3_holo_iptm,0.371,0.204,,2026-07-29
of3_holo_HDAC2_1c21a31e,HDAC2,af3_holo_iptm,0.371,0.249,,2026-07-29
of3_holo_MAPK12_3f765cfc,MAPK12,af3_holo_iptm,0.371,0.351,,2026-07-29
of3_holo_MAPK11_fd00a73a,MAPK11,af3_holo_iptm,0.371,0.216,,2026-07-29
of3_holo_MAPKAPK2_5d96d08e,MAPKAPK2,af3_holo_iptm,0.370,0.209,,2026-07-29
of3_holo_MAPK11_b6f58d67,MAPK11,af3_holo_iptm,0.370,0.218,,2026-07-29
of3_holo_MAPK12_39a04201,MAPK12,af3_holo_iptm,0.370,0.212,,2026-07-29
of3_holo_MAPK11_c3fd88a8,MAPK11,af3_holo_iptm,0.370,0.346,,2026-07-29
of3_holo_MAPK14_1807f903,MAPK14,af3_holo_iptm,0.370,0.215,,2026-07-29
musk_x_pfn2,"",af3_iptm,0.370,0.410,0.440,2026-07-17
77_dok7_x_dok7,"",af3_iptm,0.370,0.430,0.660,2026-06-19
negktrl_ldha_x_musk_fz,"",af3_iptm,0.370,0.740,0.460,2026-08-06
binder7045_lrp4_x_lrp4_beta1_prop_435_697,"",af3_iptm,0.370,0.740,0.450,2026-07-21
hnrnpa2b1_x_u2af1,"",af3_iptm,0.370,0.380,0.560,2026-05-22
fh_full_x_hif1a_nterm,"",af3_iptm,0.370,0.770,0.510,2026-05-16
ssh1_phos_x_limk2_kin,"",af3_iptm,0.370,0.590,0.450,2026-05-14
pkm2_ywhaz_atp,"",af3_iptm,0.370,0.650,0.450,2026-08-03
fh_full_x_hif1a_nterm,"",af3_iptm,0.370,0.770,0.510,2026-05-17
33_smn1_x_usp9x_1_500,"",af3_iptm,0.370,0.560,0.580,2026-06-14
igf1r_31_468_x_smn1_260_294,"",af3_iptm,0.370,0.720,0.480,2026-07-15
49_keap1_x_ptma,"",af3_iptm,0.370,0.700,0.550,2026-06-14
fh_full_x_hif1a_nterm,"",af3_iptm,0.370,0.770,0.510,2026-05-16
keap1_x_ws1bnone_1221,"",af3_iptm,0.370,0.840,0.460,2026-07-03
mcu_x_micu1,"",af3_iptm,0.370,0.510,0.530,2026-08-06
77_dok7_x_dok7,"",af3_iptm,0.370,0.430,0.660,2026-06-21
49_keap1_x_ptma,"",af3_iptm,0.370,0.700,0.550,2026-06-12
15_dlat_x_pdha1,"",af3_iptm,0.370,0.440,0.500,2026-06-21
nrg1_egf_x_erbb3_kin,"",af3_iptm,0.370,0.750,0.520,2026-05-14
of3_holo_MAPK11_cee9d733,MAPK11,af3_holo_iptm,0.370,0.393,,2026-07-29
of3_holo_MAPK14_1c297012,MAPK14,af3_holo_iptm,0.370,0.206,,2026-07-29
of3_holo_MAPK11_533b8df7,MAPK11,af3_holo_iptm,0.370,0.221,,2026-07-29
of3_holo_MAPK14_75b54c5a,MAPK14,af3_holo_iptm,0.370,0.242,,2026-07-29
of3_holo_MAPK14_d62e2141,MAPK14,af3_holo_iptm,0.370,0.240,,2026-07-29
of3_holo_MAPK11_8535f238,MAPK11,af3_holo_iptm,0.370,0.229,,2026-07-29
of3_holo_MAPK14_dbf00837,MAPK14,af3_holo_iptm,0.370,0.201,,2026-07-29
of3_holo_KEAP1_85cfdcd4,KEAP1,af3_holo_iptm,0.370,0.346,,2026-08-11
of3_holo_MAPK11_1ee0fab3,MAPK11,af3_holo_iptm,0.369,0.234,,2026-07-29
of3_holo_KEAP1_f50eec32,KEAP1,af3_holo_iptm,0.369,0.314,,2026-08-14
of3_holo_KEAP1_5e7e0878,KEAP1,af3_holo_iptm,0.369,0.365,,2026-08-14
of3_holo_MAPK11_5dfe41a4,MAPK11,af3_holo_iptm,0.369,0.203,,2026-07-29
of3_holo_MAPK11_fa8581ec,MAPK11,af3_holo_iptm,0.369,0.217,,2026-07-29
of3_holo_MAPK14_2e151d60,MAPK14,af3_holo_iptm,0.369,0.202,,2026-07-29
of3_holo_MAPK12_fcce0af2,MAPK12,af3_holo_iptm,0.368,0.197,,2026-07-29
of3_holo_MAPK14_418ed816,MAPK14,af3_holo_iptm,0.368,0.197,,2026-07-29
of3_holo_KEAP1_8e9fca96,KEAP1,af3_holo_iptm,0.368,0.364,,2026-08-14
of3_holo_MAPK14_1ae0dd28,MAPK14,af3_holo_iptm,0.368,0.237,,2026-07-29
of3_holo_MAPK11_328c06fc,MAPK11,af3_holo_iptm,0.368,0.260,,2026-07-29
of3_holo_MAPK14_7c16e7cd,MAPK14,af3_holo_iptm,0.368,0.206,,2026-07-29
of3_holo_MAPK14_e3b8cdd2,MAPK14,af3_holo_iptm,0.368,0.204,,2026-07-29
of3_holo_MAPK14_df2fcdad,MAPK14,af3_holo_iptm,0.368,0.199,,2026-07-29
of3_holo_PGK1_d4de586f,PGK1,af3_holo_iptm,0.368,0.388,,2026-07-31
of3_holo_MAPK12_bcf27b2c,MAPK12,af3_holo_iptm,0.368,0.213,,2026-07-29
of3_holo_MAPK14_b4401708,MAPK14,af3_holo_iptm,0.368,0.199,,2026-07-29
of3_holo_MAPK14_0ddfdcfe,MAPK14,af3_holo_iptm,0.368,0.209,,2026-07-29
of3_holo_MAPK12_f89486d9,MAPK12,af3_holo_iptm,0.367,0.224,,2026-07-29
of3_holo_MAPK14_91c323ee,MAPK14,af3_holo_iptm,0.367,0.202,,2026-07-29
of3_holo_MAPK11_eedbbb13,MAPK11,af3_holo_iptm,0.367,0.350,,2026-07-29
of3_holo_MAPK14_82f8a0f8,MAPK14,af3_holo_iptm,0.367,0.201,,2026-07-29
of3_holo_KEAP1_bd3561f8,KEAP1,af3_holo_iptm,0.367,0.340,,2026-08-14
of3_holo_MAPK11_b0944feb,MAPK11,af3_holo_iptm,0.367,0.226,,2026-07-29
of3_holo_MAPK14_8661e0ce,MAPK14,af3_holo_iptm,0.367,0.200,,2026-07-29
of3_holo_MAPK11_e10ed741,MAPK11,af3_holo_iptm,0.366,0.329,,2026-07-29
of3_holo_MAPK11_a75ea32f,MAPK11,af3_holo_iptm,0.366,0.249,,2026-07-29
of3_holo_KEAP1_a8556ced,KEAP1,af3_holo_iptm,0.366,0.375,,2026-08-14
of3_holo_MAPK11_c51483ca,MAPK11,af3_holo_iptm,0.366,0.264,,2026-07-29
of3_holo_PGK1_030597d2,PGK1,af3_holo_iptm,0.366,0.354,,2026-07-31
of3_holo_MAPK14_946e5b60,MAPK14,af3_holo_iptm,0.366,0.195,,2026-07-29
of3_holo_MAPK14_9c0eaf86,MAPK14,af3_holo_iptm,0.366,0.198,,2026-07-29
of3_holo_MAPK11_89a42d40,MAPK11,af3_holo_iptm,0.366,0.336,,2026-07-29
of3_holo_MAPK12_fc273101,MAPK12,af3_holo_iptm,0.365,0.212,,2026-07-29
of3_holo_MAPK14_f4d8b70c,MAPK14,af3_holo_iptm,0.365,0.204,,2026-07-29
of3_holo_KEAP1_1f9b946f,KEAP1,af3_holo_iptm,0.365,0.341,,2026-08-14
of3_holo_KEAP1_eb9e3039,KEAP1,af3_holo_iptm,0.365,0.348,,2026-08-11
of3_holo_MAPK11_f86fd2dd,MAPK11,af3_holo_iptm,0.365,0.253,,2026-07-29
of3_holo_HDAC2_246d4700,HDAC2,af3_holo_iptm,0.365,0.238,,2026-07-29
of3_holo_MAPK14_641ade45,MAPK14,af3_holo_iptm,0.365,0.195,,2026-07-29
of3_holo_MAPK11_f70b9c4a,MAPK11,af3_holo_iptm,0.365,0.305,,2026-07-29
of3_holo_MAPK12_3338458f,MAPK12,af3_holo_iptm,0.365,0.242,,2026-07-29
of3_holo_MAPK14_1c4cd456,MAPK14,af3_holo_iptm,0.365,0.206,,2026-07-29
of3_holo_MAPK11_0c5b205e,MAPK11,af3_holo_iptm,0.365,0.216,,2026-07-29
of3_holo_MAPK14_d3789354,MAPK14,af3_holo_iptm,0.365,0.236,,2026-07-29
of3_holo_MAPK11_1610b717,MAPK11,af3_holo_iptm,0.364,0.241,,2026-07-29
of3_holo_HDAC2_3617e506,HDAC2,af3_holo_iptm,0.364,0.248,,2026-07-29
of3_holo_KEAP1_1a22dc07,KEAP1,af3_holo_iptm,0.364,0.363,,2026-08-14
of3_holo_MAPK11_8c165303,MAPK11,af3_holo_iptm,0.364,0.225,,2026-07-29
of3_holo_MAPK12_f2a20686,MAPK12,af3_holo_iptm,0.364,0.212,,2026-07-29
of3_holo_MAPK12_c0b1c85f,MAPK12,af3_holo_iptm,0.364,0.215,,2026-07-29
of3_holo_MAPK11_45a9a0aa,MAPK11,af3_holo_iptm,0.364,0.221,,2026-07-29
of3_holo_MAPK14_25146d03,MAPK14,af3_holo_iptm,0.364,0.204,,2026-07-29
of3_holo_KEAP1_78eac1b5,KEAP1,af3_holo_iptm,0.364,0.455,,2026-07-29
of3_holo_MAPK14_271a8aaa,MAPK14,af3_holo_iptm,0.364,0.197,,2026-07-29
of3_holo_MAPK11_c3ad5a44,MAPK11,af3_holo_iptm,0.364,0.222,,2026-07-29
of3_holo_MAPK14_41c862a1,MAPK14,af3_holo_iptm,0.364,0.210,,2026-07-29
of3_holo_MAPK11_f3c5af88,MAPK11,af3_holo_iptm,0.363,0.281,,2026-07-29
of3_holo_MAPK11_7b5bb1e4,MAPK11,af3_holo_iptm,0.363,0.275,,2026-07-29
of3_holo_PGK1_c7e1c8f8,PGK1,af3_holo_iptm,0.363,0.334,,2026-07-29
of3_holo_MAPK14_e7e363f6,MAPK14,af3_holo_iptm,0.363,0.199,,2026-08-02
of3_holo_MAPK11_841f5b64,MAPK11,af3_holo_iptm,0.363,0.201,,2026-07-29
of3_holo_HDAC2_78543dc8,HDAC2,af3_holo_iptm,0.363,0.237,,2026-07-29
of3_holo_MAPK14_af66f0a2,MAPK14,af3_holo_iptm,0.363,0.205,,2026-07-29
of3_holo_MAPK11_8556bff2,MAPK11,af3_holo_iptm,0.363,0.204,,2026-07-29
of3_holo_MAPK11_1ae96c03,MAPK11,af3_holo_iptm,0.363,0.218,,2026-07-29
of3_holo_MAPK11_5af0e78d,MAPK11,af3_holo_iptm,0.363,0.207,,2026-07-29
of3_holo_HDAC2_84533215,HDAC2,af3_holo_iptm,0.363,0.254,,2026-07-29
of3_holo_HDAC2_71338dc2,HDAC2,af3_holo_iptm,0.363,0.240,,2026-07-29
of3_holo_MAPKAPK2_cbff7531,MAPKAPK2,af3_holo_iptm,0.363,0.212,,2026-07-29
of3_holo_MAPK11_e4089dd7,MAPK11,af3_holo_iptm,0.363,0.201,,2026-07-29
of3_holo_MAPK12_f13da10c,MAPK12,af3_holo_iptm,0.363,0.222,,2026-07-29
of3_holo_MAPK11_c30a512e,MAPK11,af3_holo_iptm,0.363,0.210,,2026-07-29
of3_holo_MAPK14_1cd15e85,MAPK14,af3_holo_iptm,0.362,0.210,,2026-07-29
of3_holo_MAPK12_b1307edb,MAPK12,af3_holo_iptm,0.362,0.218,,2026-07-29
of3_holo_MAPK11_edc94e67,MAPK11,af3_holo_iptm,0.362,0.330,,2026-07-29
of3_holo_MAPK11_06cc0735,MAPK11,af3_holo_iptm,0.362,0.368,,2026-07-29
of3_holo_MAPK11_6dd3c799,MAPK11,af3_holo_iptm,0.362,0.219,,2026-07-29
of3_holo_MAPK12_7eb5d4d3,MAPK12,af3_holo_iptm,0.362,0.218,,2026-07-29
of3_holo_MAPK12_b4c9823a,MAPK12,af3_holo_iptm,0.362,0.371,,2026-07-29
of3_holo_MAPK11_0c309b1e,MAPK11,af3_holo_iptm,0.362,0.213,,2026-07-29
of3_holo_MAPK11_47cb6c7a,MAPK11,af3_holo_iptm,0.362,0.208,,2026-07-29
of3_holo_MAPK11_88dd10f2,MAPK11,af3_holo_iptm,0.362,0.212,,2026-07-29
of3_holo_MAPK12_a7bc9d10,MAPK12,af3_holo_iptm,0.361,0.207,,2026-07-29
of3_holo_PGK1_2cbfc2a7,PGK1,af3_holo_iptm,0.361,0.335,,2026-07-30
of3_holo_MAPK12_c1f4f50f,MAPK12,af3_holo_iptm,0.361,0.205,,2026-07-29
of3_holo_PGK1_137893e2,PGK1,af3_holo_iptm,0.361,0.326,,2026-07-29
of3_holo_MAPK14_2fed32bd,MAPK14,af3_holo_iptm,0.361,0.200,,2026-07-29
of3_holo_MAPK14_02e851c2,MAPK14,af3_holo_iptm,0.361,0.247,,2026-07-29
of3_holo_MAPK11_32037237,MAPK11,af3_holo_iptm,0.361,0.197,,2026-07-29
of3_holo_PGK1_10a01eaa,PGK1,af3_holo_iptm,0.361,0.389,,2026-07-31
of3_holo_KEAP1_23c88137,KEAP1,af3_holo_iptm,0.360,0.330,,2026-08-14
of3_holo_MAPK11_77426115,MAPK11,af3_holo_iptm,0.360,0.211,,2026-07-29
of3_holo_MAPK11_7dccdf1c,MAPK11,af3_holo_iptm,0.360,0.232,,2026-07-29
of3_holo_KEAP1_9607d83d,KEAP1,af3_holo_iptm,0.360,0.317,,2026-08-14
of3_holo_MAPK14_a1f5469a,MAPK14,af3_holo_iptm,0.360,0.238,,2026-07-29
of3_holo_MAPK12_6bdad6ca,MAPK12,af3_holo_iptm,0.360,0.225,,2026-07-29
63_tmem126b_x_ndufaf1,"",af3_iptm,0.360,0.420,0.510,2026-06-21
nrg1_egf_x_limk1_bind,"",af3_iptm,0.360,0.430,0.490,2026-05-16
091_mapk8_x_map3k12,"",af3_iptm,0.360,0.390,0.600,2026-06-18
pak1_kd2_x_tp53_tad,"",af3_iptm,0.360,0.390,0.730,2026-05-16
mapk14_x_atf3,"",af3_iptm,0.360,0.670,0.590,2026-05-26
limk2_x_limk1,"",af3_iptm,0.360,0.370,0.460,2026-05-25
negktrl_stmn2_x_ldha,"",af3_iptm,0.360,0.670,0.600,2026-08-06
25_dnm1l_x_mief2,"",af3_iptm,0.360,0.410,0.470,2026-06-21
nrg1_egf_x_limk1_bind,"",af3_iptm,0.360,0.430,0.490,2026-05-17
tp53_323_356_x_limk1_165_280,"",af3_iptm,0.360,0.540,0.590,2026-07-07
nrg1_egf_x_limk1_bind,"",af3_iptm,0.360,0.430,0.480,2026-05-14
59_ddx20_x_snrpb,"",af3_iptm,0.360,0.390,0.620,2026-06-12
rictor_1126_1376_x_stmn1_none_none,"",af3_iptm,0.360,0.290,0.800,2026-07-26
binder176_musk_ig2_x_musk_ig2_117_210,"",af3_iptm,0.360,0.630,0.410,2026-07-25
agrn_1_130_x_pak1_74_149,"",af3_iptm,0.360,0.530,0.570,2026-06-29
63_tmem126b_x_ndufaf1,"",af3_iptm,0.360,0.420,0.510,2026-06-19
binder77_musk_fz_x_musk_fz_306_456,"",af3_iptm,0.360,0.600,0.410,2026-07-25
binder6114_lrp4_x_lrp4_beta1_prop_435_697,"",af3_iptm,0.360,0.820,0.460,2026-07-22
59_ddx20_x_snrpb,"",af3_iptm,0.360,0.390,0.620,2026-06-14
pak1_kd2_x_tp53_tad,"",af3_iptm,0.360,0.390,0.730,2026-05-14
of3_holo_PGK1_b87bbd2c,PGK1,af3_holo_iptm,0.360,0.386,,2026-07-29
of3_holo_MAPK14_46712b6f,MAPK14,af3_holo_iptm,0.360,0.202,,2026-07-29
of3_holo_KEAP1_6b9dc337,KEAP1,af3_holo_iptm,0.360,0.326,,2026-08-11
of3_holo_MAPK12_f7047f68,MAPK12,af3_holo_iptm,0.359,0.304,,2026-07-29
of3_holo_MAPK12_b95f3aa6,MAPK12,af3_holo_iptm,0.359,0.209,,2026-07-29
of3_holo_MAPK11_46c76f69,MAPK11,af3_holo_iptm,0.359,0.275,,2026-07-29
of3_holo_MAPK11_ab78c3c1,MAPK11,af3_holo_iptm,0.359,0.209,,2026-07-29
of3_holo_MAPK11_675e982f,MAPK11,af3_holo_iptm,0.359,0.208,,2026-07-29
of3_holo_MAPK11_1d2810f2,MAPK11,af3_holo_iptm,0.359,0.247,,2026-07-29
of3_holo_PGK1_6c4c32b8,PGK1,af3_holo_iptm,0.359,0.395,,2026-07-29
of3_holo_MAPK11_f6c3c5ae,MAPK11,af3_holo_iptm,0.359,0.254,,2026-07-29
of3_holo_KEAP1_2b0d407c,KEAP1,af3_holo_iptm,0.358,0.344,,2026-08-14
of3_holo_MAPK11_47167690,MAPK11,af3_holo_iptm,0.358,0.229,,2026-07-29
of3_holo_KEAP1_75e4b57e,KEAP1,af3_holo_iptm,0.358,0.333,,2026-08-14
of3_holo_MAPK11_56d1ed12,MAPK11,af3_holo_iptm,0.358,0.217,,2026-07-29
of3_holo_KEAP1_e5577674,KEAP1,af3_holo_iptm,0.358,0.359,,2026-08-14
of3_holo_MAPK14_34f8ff59,MAPK14,af3_holo_iptm,0.358,0.230,,2026-07-29
of3_holo_HDAC2_c32da90b,HDAC2,af3_holo_iptm,0.358,0.278,,2026-07-29
of3_holo_MAPK12_89b72458,MAPK12,af3_holo_iptm,0.358,0.230,,2026-07-29
of3_holo_KEAP1_21f14b69,KEAP1,af3_holo_iptm,0.358,0.351,,2026-08-11
of3_holo_MAPK12_7938d055,MAPK12,af3_holo_iptm,0.358,0.198,,2026-07-29
of3_holo_MAPK11_a3d6491a,MAPK11,af3_holo_iptm,0.358,0.231,,2026-07-29
of3_holo_MAPK14_179b64ea,MAPK14,af3_holo_iptm,0.357,0.190,,2026-07-29
of3_holo_MAPK14_162ab953,MAPK14,af3_holo_iptm,0.357,0.207,,2026-07-29
of3_holo_MAPK12_3672394e,MAPK12,af3_holo_iptm,0.357,0.199,,2026-07-29
of3_holo_KEAP1_d52e6c97,KEAP1,af3_holo_iptm,0.357,0.315,,2026-08-11
of3_holo_HDAC2_7e4f73f5,HDAC2,af3_holo_iptm,0.357,0.243,,2026-07-29
of3_holo_MAPK14_ae8c221a,MAPK14,af3_holo_iptm,0.356,0.249,,2026-08-02
of3_holo_MAPK14_d8a69093,MAPK14,af3_holo_iptm,0.356,0.213,,2026-07-29
of3_holo_MAPK14_256d6c05,MAPK14,af3_holo_iptm,0.356,0.218,,2026-07-29
of3_holo_MAPK11_d53290d4,MAPK11,af3_holo_iptm,0.356,0.335,,2026-07-29
of3_holo_MAPK12_dc084994,MAPK12,af3_holo_iptm,0.356,0.227,,2026-07-29
of3_holo_MAPK12_3990905b,MAPK12,af3_holo_iptm,0.356,0.235,,2026-07-29
of3_holo_MAPK12_ab402e6f,MAPK12,af3_holo_iptm,0.356,0.253,,2026-07-29
of3_holo_MAPK11_ed69da3d,MAPK11,af3_holo_iptm,0.356,0.306,,2026-07-29
of3_holo_MAPK11_966b72d5,MAPK11,af3_holo_iptm,0.356,0.219,,2026-07-29
of3_holo_MAPK12_06d1db00,MAPK12,af3_holo_iptm,0.356,0.214,,2026-07-29
of3_holo_KEAP1_e75fed06,KEAP1,af3_holo_iptm,0.356,0.336,,2026-08-11
of3_holo_HDAC2_66cd59af,HDAC2,af3_holo_iptm,0.356,0.244,,2026-07-29
of3_holo_MAPK14_3e52f29d,MAPK14,af3_holo_iptm,0.356,0.231,,2026-07-29
of3_holo_MAPK11_f95d7cc1,MAPK11,af3_holo_iptm,0.356,0.212,,2026-07-29
of3_holo_MAPK14_aaf7b8a6,MAPK14,af3_holo_iptm,0.356,0.195,,2026-07-29
of3_holo_PGK1_cb3b551e,PGK1,af3_holo_iptm,0.355,0.385,,2026-07-29
of3_holo_MAPK11_ffa1c28e,MAPK11,af3_holo_iptm,0.355,0.201,,2026-07-29
of3_holo_MAPK11_c84660a8,MAPK11,af3_holo_iptm,0.355,0.343,,2026-07-29
of3_holo_KEAP1_c7f482d2,KEAP1,af3_holo_iptm,0.355,0.454,,2026-07-29
of3_holo_MAPK14_4ed31106,MAPK14,af3_holo_iptm,0.355,0.201,,2026-07-29
of3_holo_MAPK14_71dbf57b,MAPK14,af3_holo_iptm,0.355,0.188,,2026-08-01
of3_holo_MAPK11_9ded3a7a,MAPK11,af3_holo_iptm,0.355,0.245,,2026-07-29
of3_holo_PGK1_38f288d8,PGK1,af3_holo_iptm,0.355,0.376,,2026-07-30
of3_holo_MAPK11_11683dc1,MAPK11,af3_holo_iptm,0.355,0.208,,2026-07-29
of3_holo_MAPK14_0000a39b,MAPK14,af3_holo_iptm,0.355,0.215,,2026-07-29
of3_holo_MAPK14_a548815f,MAPK14,af3_holo_iptm,0.355,0.243,,2026-07-29
of3_holo_MAPK11_ca016472,MAPK11,af3_holo_iptm,0.355,0.232,,2026-07-29
of3_holo_PGK1_9298cb35,PGK1,af3_holo_iptm,0.355,0.383,,2026-07-29
of3_holo_MAPK12_f81ed329,MAPK12,af3_holo_iptm,0.354,0.204,,2026-07-29
of3_holo_MAPK11_64291e74,MAPK11,af3_holo_iptm,0.354,0.239,,2026-07-29
of3_holo_MAPK11_81b0ddab,MAPK11,af3_holo_iptm,0.354,0.208,,2026-07-29
of3_holo_MAPK12_19c67594,MAPK12,af3_holo_iptm,0.354,0.223,,2026-07-29
of3_holo_MAPK12_2f9114b6,MAPK12,af3_holo_iptm,0.354,0.238,,2026-07-29
of3_holo_KEAP1_8a23813c,KEAP1,af3_holo_iptm,0.354,0.444,,2026-08-02
of3_holo_MAPK12_0e797c15,MAPK12,af3_holo_iptm,0.354,0.234,,2026-07-29
of3_holo_MAPK11_95308400,MAPK11,af3_holo_iptm,0.354,0.231,,2026-07-29
of3_holo_MAPK14_aa142b75,MAPK14,af3_holo_iptm,0.354,0.229,,2026-07-29
of3_holo_MAPK11_5c09da97,MAPK11,af3_holo_iptm,0.354,0.210,,2026-07-29
of3_holo_MAPK11_5770c055,MAPK11,af3_holo_iptm,0.354,0.257,,2026-07-29
of3_holo_MAPK14_4414b07d,MAPK14,af3_holo_iptm,0.354,0.207,,2026-07-29
of3_holo_MAPK11_1ca8801c,MAPK11,af3_holo_iptm,0.353,0.239,,2026-07-29
of3_holo_MAPK12_0822423e,MAPK12,af3_holo_iptm,0.353,0.224,,2026-07-29
of3_holo_MAPK12_52c4545f,MAPK12,af3_holo_iptm,0.353,0.263,,2026-07-29
of3_holo_MAPK12_0ae1d03d,MAPK12,af3_holo_iptm,0.353,0.202,,2026-07-29
of3_holo_MAPK11_85bd9226,MAPK11,af3_holo_iptm,0.353,0.233,,2026-07-29
of3_holo_PGK1_d06f1c27,PGK1,af3_holo_iptm,0.353,0.333,,2026-07-29
of3_holo_HDAC2_41764d76,HDAC2,af3_holo_iptm,0.353,0.213,,2026-07-29
of3_holo_MAPK12_2a2612ea,MAPK12,af3_holo_iptm,0.353,0.338,,2026-07-29
of3_holo_KEAP1_86287b67,KEAP1,af3_holo_iptm,0.352,0.454,,2026-08-02
of3_holo_KEAP1_8329fada,KEAP1,af3_holo_iptm,0.352,0.376,,2026-08-14
of3_holo_MAPK14_a2a2197a,MAPK14,af3_holo_iptm,0.352,0.233,,2026-07-29
of3_holo_MAPK14_e4fa63d1,MAPK14,af3_holo_iptm,0.352,0.199,,2026-07-29
of3_holo_MAPK11_8e4a1751,MAPK11,af3_holo_iptm,0.352,0.213,,2026-07-29
of3_holo_MAPK11_0598d47a,MAPK11,af3_holo_iptm,0.352,0.229,,2026-07-29
of3_holo_MAPK11_0ddd939f,MAPK11,af3_holo_iptm,0.352,0.232,,2026-07-29
of3_holo_MAPK11_13fbd0b8,MAPK11,af3_holo_iptm,0.352,0.288,,2026-07-29
of3_holo_MAPK11_af768bf6,MAPK11,af3_holo_iptm,0.352,0.205,,2026-07-29
of3_holo_MAPK11_4d03cd24,MAPK11,af3_holo_iptm,0.352,0.379,,2026-07-29
of3_holo_HDAC2_ce49b74a,HDAC2,af3_holo_iptm,0.352,0.242,,2026-07-29
of3_holo_MAPK11_08849899,MAPK11,af3_holo_iptm,0.351,0.334,,2026-07-29
of3_holo_KEAP1_a30a357c,KEAP1,af3_holo_iptm,0.351,0.372,,2026-08-11
of3_holo_KEAP1_5c1f66d9,KEAP1,af3_holo_iptm,0.351,0.345,,2026-08-14
of3_holo_MAPK14_7fbaf062,MAPK14,af3_holo_iptm,0.351,0.205,,2026-07-29
of3_holo_MAPK14_cda63bdf,MAPK14,af3_holo_iptm,0.351,0.198,,2026-07-29
of3_holo_MAPK11_789937bf,MAPK11,af3_holo_iptm,0.351,0.222,,2026-07-29
of3_holo_KEAP1_3d2efa96,KEAP1,af3_holo_iptm,0.351,0.457,,2026-07-29
of3_holo_MAPK14_b9128fca,MAPK14,af3_holo_iptm,0.351,0.208,,2026-07-29
of3_holo_MAPK11_87b88ebb,MAPK11,af3_holo_iptm,0.351,0.201,,2026-07-29
of3_holo_MAPK14_0d0c93a2,MAPK14,af3_holo_iptm,0.350,0.196,,2026-08-02
of3_holo_MAPK11_16172d32,MAPK11,af3_holo_iptm,0.350,0.332,,2026-07-29
of3_holo_MAPK11_091f66b5,MAPK11,af3_holo_iptm,0.350,0.247,,2026-07-29
of3_holo_MAPK14_84ac78e1,MAPK14,af3_holo_iptm,0.350,0.211,,2026-07-29
of3_holo_MAPK12_3acefc0d,MAPK12,af3_holo_iptm,0.350,0.207,,2026-07-29
of3_holo_MAPK11_de710d81,MAPK11,af3_holo_iptm,0.350,0.416,,2026-07-29
stmn2_dimer_s42,"",af3_iptm,0.350,0.410,0.730,2026-08-13
ncald_x_musk,"",af3_iptm,0.350,0.350,0.420,2026-05-23
hdac6_cd2_x_cttn,"",af3_iptm,0.350,0.430,0.640,2026-05-29
binder7143_lrp4_x_lrp4_beta1_prop_435_697,"",af3_iptm,0.350,0.720,0.430,2026-07-21
stmn2_dimer_s7,"",af3_iptm,0.350,0.410,0.690,2026-08-13
36_hdac2_x_suds3,"",af3_iptm,0.350,0.350,0.620,2026-06-08
40_prkaa2_x_ulk1_2,"",af3_iptm,0.350,0.310,0.560,2026-08-06
dnm1l_1_710_fis1_gtp,"",af3_iptm,0.350,0.440,0.450,2026-08-03
ncald_x_musk,"",af3_iptm,0.350,0.350,0.410,2026-07-17
hdac6_cd2_x_sqstm1,"",af3_iptm,0.350,0.490,0.500,2026-05-29
tp73_dnp73_x_tp73_s42,"",af3_iptm,0.350,0.380,0.610,2026-08-13
binder6947_agrn_x_agrn_lg3_1868_2065,"",af3_iptm,0.350,0.700,0.420,2026-07-23
smn1_260_294_x_bcl2l1_none_none,"",af3_iptm,0.350,0.560,0.590,2026-07-09
73_kcnb1_1_180_x_stxbp1_2,"",af3_iptm,0.350,0.750,0.480,2026-08-06
083_mapk8_x_dpysl2,"",af3_iptm,0.350,0.570,0.470,2026-06-18
a_x_b_f9e51320,"",af3_iptm,0.350,0.370,0.370,2026-07-29
42_prkaa1_x_ppargc1a,"",af3_iptm,0.350,0.360,0.650,2026-06-21
binder6214_lrp4_x_lrp4_beta1_prop_435_697,"",af3_iptm,0.350,0.740,0.430,2026-07-22
66_smn1_x_snrpd3,"",af3_iptm,0.350,0.250,0.640,2026-06-07
rapsn_x_pfn2_75c32468,"",af3_iptm,0.350,0.660,0.420,2026-06-28
73_kcnb1_1_180_x_stxbp1,"",af3_iptm,0.350,0.750,0.480,2026-06-12
of3_holo_MAPK11_5f82d658,MAPK11,af3_holo_iptm,0.350,0.244,,2026-07-29
of3_holo_HDAC2_79927a49,HDAC2,af3_holo_iptm,0.350,0.252,,2026-07-29
of3_holo_MAPK12_333f3fe3,MAPK12,af3_holo_iptm,0.350,0.202,,2026-07-29
of3_holo_MAPK14_e7b4b3cd,MAPK14,af3_holo_iptm,0.350,0.207,,2026-07-29
of3_holo_PGK1_9161b1d6,PGK1,af3_holo_iptm,0.350,0.374,,2026-07-31
of3_holo_PGK1_344f6410,PGK1,af3_holo_iptm,0.350,0.340,,2026-07-30
of3_holo_MAPK11_197051d0,MAPK11,af3_holo_iptm,0.350,0.226,,2026-07-29
of3_holo_KEAP1_305dc693,KEAP1,af3_holo_iptm,0.350,0.353,,2026-08-11
of3_holo_MAPK11_a068fd06,MAPK11,af3_holo_iptm,0.350,0.347,,2026-07-29
of3_holo_MAPK14_1fc660c2,MAPK14,af3_holo_iptm,0.350,0.202,,2026-08-02
of3_holo_MAPK11_41e7f58a,MAPK11,af3_holo_iptm,0.350,0.347,,2026-07-29
of3_holo_PGK1_f4d62224,PGK1,af3_holo_iptm,0.349,0.379,,2026-07-29
of3_holo_MAPK12_38f51d24,MAPK12,af3_holo_iptm,0.349,0.207,,2026-07-29
of3_holo_MAPK14_8bb1bf23,MAPK14,af3_holo_iptm,0.349,0.238,,2026-08-02
of3_holo_KEAP1_5084bbf8,KEAP1,af3_holo_iptm,0.349,0.433,,2026-08-02
of3_holo_KEAP1_4c09a754,KEAP1,af3_holo_iptm,0.349,0.345,,2026-08-11
of3_holo_MAPK11_b47fc2d7,MAPK11,af3_holo_iptm,0.349,0.383,,2026-07-29
of3_holo_MAPK12_b53b4671,MAPK12,af3_holo_iptm,0.349,0.231,,2026-07-29
of3_holo_MAPK14_5978c28e,MAPK14,af3_holo_iptm,0.349,0.219,,2026-07-29
of3_holo_KEAP1_9de920b8,KEAP1,af3_holo_iptm,0.349,0.334,,2026-08-11
of3_holo_MAPK14_b40fbd97,MAPK14,af3_holo_iptm,0.349,0.199,,2026-07-29
of3_holo_MAPK11_38341d60,MAPK11,af3_holo_iptm,0.349,0.222,,2026-07-29
of3_holo_MAPK14_f33fd0f6,MAPK14,af3_holo_iptm,0.349,0.201,,2026-08-02
of3_holo_MAPK14_c3d742b3,MAPK14,af3_holo_iptm,0.349,0.211,,2026-08-02
of3_holo_HDAC2_742b4d9d,HDAC2,af3_holo_iptm,0.349,0.259,,2026-07-29
of3_holo_PGK1_3b5ec766,PGK1,af3_holo_iptm,0.349,0.336,,2026-07-29
of3_holo_MAPK14_d800f782,MAPK14,af3_holo_iptm,0.349,0.200,,2026-08-02
of3_holo_MAPK14_cc1e2bce,MAPK14,af3_holo_iptm,0.349,0.214,,2026-07-29
of3_holo_KEAP1_ecc3078a,KEAP1,af3_holo_iptm,0.349,0.327,,2026-08-11
of3_holo_PGK1_56460ba1,PGK1,af3_holo_iptm,0.348,0.347,,2026-07-29
of3_holo_MAPK14_10ac108e,MAPK14,af3_holo_iptm,0.348,0.199,,2026-07-29
of3_holo_KEAP1_8580c3a5,KEAP1,af3_holo_iptm,0.348,0.302,,2026-08-14
of3_holo_MAPK11_4bbf16be,MAPK11,af3_holo_iptm,0.348,0.297,,2026-07-29
of3_holo_MAPK12_1ffeff51,MAPK12,af3_holo_iptm,0.348,0.238,,2026-07-29
of3_holo_MAPK14_eb1d1f84,MAPK14,af3_holo_iptm,0.348,0.228,,2026-07-29
of3_holo_MAPK11_1d595812,MAPK11,af3_holo_iptm,0.348,0.363,,2026-07-29
of3_holo_PGK1_15232d5e,PGK1,af3_holo_iptm,0.348,0.388,,2026-07-29
of3_holo_MAPK14_1433070b,MAPK14,af3_holo_iptm,0.348,0.191,,2026-07-29
of3_holo_KEAP1_e9602a2d,KEAP1,af3_holo_iptm,0.348,0.462,,2026-07-30
of3_holo_MAPK11_cc51df58,MAPK11,af3_holo_iptm,0.348,0.199,,2026-07-29
of3_holo_MAPK14_e499c420,MAPK14,af3_holo_iptm,0.347,0.197,,2026-07-29
of3_holo_MAPK14_59f1a26f,MAPK14,af3_holo_iptm,0.347,0.241,,2026-07-29
of3_holo_PGK1_c3eabf01,PGK1,af3_holo_iptm,0.347,0.390,,2026-07-29
of3_holo_MAPK11_25ac7de6,MAPK11,af3_holo_iptm,0.347,0.221,,2026-07-29
of3_holo_PGK1_8735e51b,PGK1,af3_holo_iptm,0.347,0.391,,2026-07-29
of3_holo_MAPK11_ffef745f,MAPK11,af3_holo_iptm,0.347,0.271,,2026-07-29
of3_holo_MAPK11_b07fbfdf,MAPK11,af3_holo_iptm,0.347,0.222,,2026-07-29
of3_holo_MAPK14_2a2d1885,MAPK14,af3_holo_iptm,0.347,0.232,,2026-07-29
of3_holo_MAPK11_c604b4c5,MAPK11,af3_holo_iptm,0.347,0.323,,2026-07-29
of3_holo_MAPK14_c11fd2f3,MAPK14,af3_holo_iptm,0.346,0.217,,2026-07-29
of3_holo_MAPK12_050343ff,MAPK12,af3_holo_iptm,0.346,0.216,,2026-07-29
of3_holo_MAPK14_8aa494ae,MAPK14,af3_holo_iptm,0.346,0.209,,2026-07-29
of3_holo_MAPK11_9d3357f4,MAPK11,af3_holo_iptm,0.346,0.210,,2026-07-29
of3_holo_MAPK11_55d253e4,MAPK11,af3_holo_iptm,0.346,0.293,,2026-07-29
of3_holo_MAPK12_a2030cf5,MAPK12,af3_holo_iptm,0.346,0.258,,2026-07-29
of3_holo_MAPK11_3f5fd474,MAPK11,af3_holo_iptm,0.346,0.297,,2026-07-29
of3_holo_MAPK11_d1fc6f4b,MAPK11,af3_holo_iptm,0.346,0.208,,2026-07-29
of3_holo_MAPK14_37eb4528,MAPK14,af3_holo_iptm,0.346,0.209,,2026-07-29
of3_holo_MAPK11_7db13ce6,MAPK11,af3_holo_iptm,0.346,0.216,,2026-07-29
of3_holo_MAPK14_529302f8,MAPK14,af3_holo_iptm,0.346,0.249,,2026-08-02
of3_holo_MAPK14_460dc2f1,MAPK14,af3_holo_iptm,0.346,0.204,,2026-08-02
of3_holo_KEAP1_8ca0157a,KEAP1,af3_holo_iptm,0.346,0.373,,2026-08-11
of3_holo_MAPK12_db50e5b6,MAPK12,af3_holo_iptm,0.346,0.194,,2026-07-29
of3_holo_MAPK13_2f0a2afe,MAPK13,af3_holo_iptm,0.345,0.238,,2026-07-29
of3_holo_MAPK11_7eb38f09,MAPK11,af3_holo_iptm,0.345,0.252,,2026-07-29
of3_holo_KEAP1_0f18697a,KEAP1,af3_holo_iptm,0.345,0.343,,2026-08-11
of3_holo_MAPK12_17274d20,MAPK12,af3_holo_iptm,0.345,0.215,,2026-07-29
of3_holo_MAPK12_b9e0c22a,MAPK12,af3_holo_iptm,0.345,0.205,,2026-07-29
of3_holo_MAPK11_6aab1799,MAPK11,af3_holo_iptm,0.345,0.248,,2026-07-29
of3_holo_MAPK11_05997936,MAPK11,af3_holo_iptm,0.345,0.233,,2026-07-29
of3_holo_MAPK12_4dfafc07,MAPK12,af3_holo_iptm,0.345,0.220,,2026-07-29
of3_holo_PGK1_81abefc7,PGK1,af3_holo_iptm,0.345,0.377,,2026-07-29
of3_holo_MAPK14_5cc70632,MAPK14,af3_holo_iptm,0.345,0.235,,2026-08-01
of3_holo_MAPK11_0a4af134,MAPK11,af3_holo_iptm,0.345,0.221,,2026-07-29
of3_holo_PGK1_4e89996e,PGK1,af3_holo_iptm,0.345,0.335,,2026-07-29
of3_holo_HDAC2_20a04266,HDAC2,af3_holo_iptm,0.345,0.244,,2026-07-29
of3_holo_MAPK11_6578cdd5,MAPK11,af3_holo_iptm,0.345,0.338,,2026-07-29
of3_holo_MAPK11_fa8c843a,MAPK11,af3_holo_iptm,0.345,0.253,,2026-07-29
of3_holo_MAPK14_b3650717,MAPK14,af3_holo_iptm,0.345,0.228,,2026-07-29
of3_holo_PGK1_6b899fa4,PGK1,af3_holo_iptm,0.345,0.369,,2026-07-29
of3_holo_MAPK11_c1a1ee0f,MAPK11,af3_holo_iptm,0.345,0.274,,2026-07-29
of3_holo_PGK1_503b02fc,PGK1,af3_holo_iptm,0.345,0.393,,2026-07-29
of3_holo_MAPK11_62a8492c,MAPK11,af3_holo_iptm,0.345,0.240,,2026-07-29
of3_holo_MAPK11_79c4d00b,MAPK11,af3_holo_iptm,0.344,0.359,,2026-07-29
of3_holo_MAPK14_0944bd98,MAPK14,af3_holo_iptm,0.344,0.216,,2026-07-29
of3_holo_MAPK14_844095c5,MAPK14,af3_holo_iptm,0.344,0.200,,2026-07-29
of3_holo_MAPK11_dc035172,MAPK11,af3_holo_iptm,0.344,0.210,,2026-07-29
of3_holo_MAPK11_ef02ce44,MAPK11,af3_holo_iptm,0.344,0.196,,2026-07-29
of3_holo_MAPK11_e22fedb1,MAPK11,af3_holo_iptm,0.344,0.230,,2026-07-29
of3_holo_KEAP1_fecaae14,KEAP1,af3_holo_iptm,0.344,0.451,,2026-07-29
of3_holo_MAPK12_935f3823,MAPK12,af3_holo_iptm,0.344,0.223,,2026-07-29
of3_holo_MAPK11_5bf0771b,MAPK11,af3_holo_iptm,0.344,0.220,,2026-07-29
of3_holo_KEAP1_74ba315a,KEAP1,af3_holo_iptm,0.344,0.321,,2026-08-14
of3_holo_MAPK11_866aabf6,MAPK11,af3_holo_iptm,0.344,0.296,,2026-07-29
of3_holo_MAPK11_3b1fc260,MAPK11,af3_holo_iptm,0.344,0.236,,2026-07-29
of3_holo_MAPK12_839aa74d,MAPK12,af3_holo_iptm,0.344,0.205,,2026-07-29
of3_holo_MAPK11_2cfdd14a,MAPK11,af3_holo_iptm,0.343,0.234,,2026-07-29
of3_holo_MAPK14_a112f5d5,MAPK14,af3_holo_iptm,0.343,0.202,,2026-07-29
of3_holo_KEAP1_a5d5f757,KEAP1,af3_holo_iptm,0.343,0.444,,2026-07-29
of3_holo_KEAP1_684610e0,KEAP1,af3_holo_iptm,0.343,0.348,,2026-08-14
of3_holo_KEAP1_adba51b9,KEAP1,af3_holo_iptm,0.343,0.375,,2026-08-14
of3_holo_MAPK14_22498468,MAPK14,af3_holo_iptm,0.343,0.203,,2026-07-29
of3_holo_MAPK14_1b016dc5,MAPK14,af3_holo_iptm,0.343,0.209,,2026-07-29
of3_holo_PGK1_628563e2,PGK1,af3_holo_iptm,0.343,0.384,,2026-07-29
of3_holo_PGK1_994ada52,PGK1,af3_holo_iptm,0.343,0.326,,2026-07-31
of3_holo_MAPK14_2a3e7b6a,MAPK14,af3_holo_iptm,0.343,0.240,,2026-07-29
of3_holo_MAPK11_f7a86f68,MAPK11,af3_holo_iptm,0.343,0.351,,2026-07-29
of3_holo_MAPK11_c80b5e0e,MAPK11,af3_holo_iptm,0.343,0.328,,2026-07-29
of3_holo_MAPK14_4485b016,MAPK14,af3_holo_iptm,0.342,0.187,,2026-07-29
of3_holo_MAPK11_dff19017,MAPK11,af3_holo_iptm,0.342,0.272,,2026-07-29
of3_holo_PGK1_d7b62b98,PGK1,af3_holo_iptm,0.342,0.333,,2026-07-30
of3_holo_MAPK14_b752470e,MAPK14,af3_holo_iptm,0.342,0.208,,2026-07-29
of3_holo_MAPK12_5dc90bae,MAPK12,af3_holo_iptm,0.342,0.203,,2026-07-29
of3_holo_MAPK11_2f3c72e9,MAPK11,af3_holo_iptm,0.342,0.288,,2026-07-29
of3_holo_MAPK11_eea44892,MAPK11,af3_holo_iptm,0.342,0.232,,2026-07-29
of3_holo_PGK1_5a97d042,PGK1,af3_holo_iptm,0.342,0.366,,2026-07-29
of3_holo_MAPK11_f2b8ef23,MAPK11,af3_holo_iptm,0.342,0.212,,2026-07-29
of3_holo_PGK1_36eb535d,PGK1,af3_holo_iptm,0.342,0.329,,2026-07-29
of3_holo_MAPK11_8666256e,MAPK11,af3_holo_iptm,0.342,0.216,,2026-07-29
of3_holo_MAPK14_e048c969,MAPK14,af3_holo_iptm,0.342,0.198,,2026-07-29
of3_holo_MAPK14_be009ec5,MAPK14,af3_holo_iptm,0.342,0.200,,2026-08-02
of3_holo_KEAP1_8c901214,KEAP1,af3_holo_iptm,0.342,0.353,,2026-08-14
of3_holo_DNM1L_2e484350,DNM1L,af3_holo_iptm,0.342,0.192,,2026-07-31
of3_holo_MAPK14_1c5d9915,MAPK14,af3_holo_iptm,0.342,0.200,,2026-07-29
of3_holo_PGK1_36d8c88c,PGK1,af3_holo_iptm,0.341,0.356,,2026-07-29
of3_holo_MAPK11_37f2322a,MAPK11,af3_holo_iptm,0.341,0.206,,2026-07-29
of3_holo_MAPK14_4d2db084,MAPK14,af3_holo_iptm,0.341,0.206,,2026-07-29
of3_holo_MAPKAPK2_7d4c2199,MAPKAPK2,af3_holo_iptm,0.341,0.204,,2026-07-29
of3_holo_MAPK14_3447d56b,MAPK14,af3_holo_iptm,0.341,0.235,,2026-07-29
of3_holo_MAPKAPK2_e99c8949,MAPKAPK2,af3_holo_iptm,0.341,0.217,,2026-08-02
of3_holo_MAPK11_5fd72606,MAPK11,af3_holo_iptm,0.341,0.355,,2026-07-29
of3_holo_MAPK14_9a9df4eb,MAPK14,af3_holo_iptm,0.341,0.232,,2026-07-29
of3_holo_MAPK11_6b2d1e05,MAPK11,af3_holo_iptm,0.341,0.204,,2026-07-29
of3_holo_MAPK11_51159895,MAPK11,af3_holo_iptm,0.341,0.200,,2026-07-29
of3_holo_MAPK12_cfee623d,MAPK12,af3_holo_iptm,0.340,0.326,,2026-07-29
of3_holo_KEAP1_cd53272d,KEAP1,af3_holo_iptm,0.340,0.352,,2026-08-14
of3_holo_MAPK14_31668100,MAPK14,af3_holo_iptm,0.340,0.247,,2026-08-02
of3_holo_MAPK11_a3344f23,MAPK11,af3_holo_iptm,0.340,0.202,,2026-07-29
of3_holo_MAPK11_ddc6037f,MAPK11,af3_holo_iptm,0.340,0.241,,2026-07-29
gfra3_132_255_x_lrp4_1656_1905,"",af3_iptm,0.340,0.340,0.680,2026-06-29
ldha_pls3,"",af3_iptm,0.340,0.550,0.390,2026-08-02
003_mapk10_x_dpysl2,"",af3_iptm,0.340,0.550,0.480,2026-06-21
atf3_x_tardbp_3,"",af3_iptm,0.340,0.300,0.630,2026-08-06
mapk14_x_nfe2l2,"",af3_iptm,0.340,0.450,0.600,2026-05-26
atf3_x_tardbp,"",af3_iptm,0.340,0.300,0.630,2026-06-05
smn1_260_294_x_mdm2_17_125,"",af3_iptm,0.340,0.640,0.570,2026-07-08
fus_x_pfn2,"",af3_iptm,0.340,0.280,0.640,2026-05-25
keap1_315_624_amer1_250_320,"",af3_iptm,0.340,0.780,0.530,2026-08-01
58_smn1_x_wdr77,"",af3_iptm,0.340,0.540,0.580,2026-06-14
58_smn1_x_wdr77,"",af3_iptm,0.340,0.540,0.580,2026-06-12
agrn_x_ws1bnone_1185,"",af3_iptm,0.340,0.680,0.410,2026-07-03
dnm1l_none_none_x_mief2_none_none,"",af3_iptm,0.340,0.400,0.450,2026-07-30
smn1_260_294_x_hnrnpa1_106_184,"",af3_iptm,0.340,0.660,0.560,2026-06-29
27_kcnb1_1_180_x_kcnb1_1_180,"",af3_iptm,0.340,0.380,0.450,2026-06-05
nmj_ternaer_voll_ekto_s42,"",af3_iptm,0.340,0.350,0.370,2026-08-15
003_mapk10_x_dpysl2,"",af3_iptm,0.340,0.550,0.480,2026-06-18
keap1_x_ws1bnone_1223,"",af3_iptm,0.340,0.830,0.430,2026-07-03
binder6413_lrp4_x_lrp4_beta1_prop_435_697,"",af3_iptm,0.340,0.750,0.420,2026-07-22
mcu_x_micu1,"",af3_iptm,0.340,0.500,,2026-05-27
42_mcu_x_micu1,"",af3_iptm,0.340,0.500,0.510,2026-06-05
tsc2_876_1126_x_smn1_260_294,"",af3_iptm,0.340,0.310,0.670,2026-07-07
atf3_x_tardbp_2,"",af3_iptm,0.340,0.300,0.630,2026-08-06
nrg1_x_dok7,"",af3_iptm,0.340,0.320,0.690,2026-07-17
nmj_ternaer_voll_ekto_s7,"",af3_iptm,0.340,0.350,0.380,2026-08-14
binder6428_lrp4_x_lrp4_beta1_prop_435_697,"",af3_iptm,0.340,0.720,0.420,2026-07-22
lrp4_x_ws1bnone_1173,"",af3_iptm,0.340,0.820,0.450,2026-07-03
stmn2_tetramer_s7,"",af3_iptm,0.340,0.380,0.680,2026-08-13
115_mapk8_x_bad,"",af3_iptm,0.340,0.590,0.560,2026-06-18
binder7344_lrp4_x_lrp4_beta1_prop_435_697,"",af3_iptm,0.340,0.760,0.420,2026-07-21
nmj_lrp4_b12_x_musk_ig12_s42,"",af3_iptm,0.340,0.460,0.370,2026-08-15
of3_holo_MAPK12_208d654f,MAPK12,af3_holo_iptm,0.340,0.317,,2026-07-29
of3_holo_MAPK11_ef3e0bd8,MAPK11,af3_holo_iptm,0.340,0.266,,2026-07-29
of3_holo_MAPK14_acedb8c1,MAPK14,af3_holo_iptm,0.340,0.189,,2026-07-29
of3_holo_MAPK14_114e130f,MAPK14,af3_holo_iptm,0.340,0.197,,2026-08-02
of3_holo_KEAP1_669089a8,KEAP1,af3_holo_iptm,0.340,0.448,,2026-08-02
of3_holo_KEAP1_1c82a9e7,KEAP1,af3_holo_iptm,0.340,0.466,,2026-07-29
of3_holo_MAPK11_941bbda2,MAPK11,af3_holo_iptm,0.340,0.265,,2026-07-29
of3_holo_MAPK11_54338dd9,MAPK11,af3_holo_iptm,0.340,0.334,,2026-07-29
of3_holo_PGK1_7ea92ccb,PGK1,af3_holo_iptm,0.340,0.351,,2026-07-29
of3_holo_KEAP1_e095de2c,KEAP1,af3_holo_iptm,0.340,0.328,,2026-08-14
of3_holo_MAPK11_4a632689,MAPK11,af3_holo_iptm,0.340,0.216,,2026-07-29
of3_holo_MAPK11_237b995c,MAPK11,af3_holo_iptm,0.340,0.274,,2026-07-29
of3_holo_MAPK14_4efc3b3f,MAPK14,af3_holo_iptm,0.339,0.212,,2026-07-29
of3_holo_MAPK14_6f438791,MAPK14,af3_holo_iptm,0.339,0.209,,2026-07-29
of3_holo_MAPK12_f4fb5840,MAPK12,af3_holo_iptm,0.339,0.206,,2026-07-29
of3_holo_MAPK14_37a73906,MAPK14,af3_holo_iptm,0.339,0.205,,2026-07-29
of3_holo_MAPK11_4cb6c87f,MAPK11,af3_holo_iptm,0.339,0.202,,2026-07-29
of3_holo_MAPK11_db5bfba7,MAPK11,af3_holo_iptm,0.339,0.200,,2026-07-29
of3_holo_MAPK14_e533d1cc,MAPK14,af3_holo_iptm,0.339,0.233,,2026-08-02
of3_holo_MAPK11_2ada69ae,MAPK11,af3_holo_iptm,0.339,0.240,,2026-07-29
of3_holo_MAPK11_9e006e3c,MAPK11,af3_holo_iptm,0.339,0.229,,2026-07-29
of3_holo_MAPK12_1d2eba8c,MAPK12,af3_holo_iptm,0.339,0.200,,2026-07-29
of3_holo_PGK1_053df3a0,PGK1,af3_holo_iptm,0.339,0.363,,2026-07-30
of3_holo_MAPK11_e4d64b32,MAPK11,af3_holo_iptm,0.338,0.240,,2026-07-29
of3_holo_MAPK14_5f2c7b0c,MAPK14,af3_holo_iptm,0.338,0.244,,2026-07-29
of3_holo_MAPK14_f6e457bd,MAPK14,af3_holo_iptm,0.338,0.199,,2026-07-29
of3_holo_MAPK11_62266be1,MAPK11,af3_holo_iptm,0.338,0.334,,2026-07-29
of3_holo_MAPK12_c6cfedc5,MAPK12,af3_holo_iptm,0.338,0.292,,2026-07-29
of3_holo_PGK1_e1612db3,PGK1,af3_holo_iptm,0.338,0.384,,2026-07-30
of3_holo_MAPK11_2e651017,MAPK11,af3_holo_iptm,0.338,0.204,,2026-07-29
of3_holo_MAPK11_85b1694c,MAPK11,af3_holo_iptm,0.338,0.197,,2026-07-29
of3_holo_KEAP1_d610786e,KEAP1,af3_holo_iptm,0.338,0.452,,2026-08-02
of3_holo_MAPK11_b13e8d8d,MAPK11,af3_holo_iptm,0.338,0.226,,2026-07-29
of3_holo_MAPK14_2a0dde0c,MAPK14,af3_holo_iptm,0.338,0.210,,2026-07-29
of3_holo_MAPK14_6e1e1011,MAPK14,af3_holo_iptm,0.338,0.204,,2026-07-29
of3_holo_KEAP1_4ec88c67,KEAP1,af3_holo_iptm,0.338,0.451,,2026-08-02
of3_holo_MAPK14_6035fc94,MAPK14,af3_holo_iptm,0.338,0.198,,2026-07-29
of3_holo_KEAP1_153d402d,KEAP1,af3_holo_iptm,0.338,0.365,,2026-08-14
of3_holo_MAPK11_09406020,MAPK11,af3_holo_iptm,0.338,0.204,,2026-07-29
of3_holo_MAPK11_dc117817,MAPK11,af3_holo_iptm,0.338,0.220,,2026-07-29
of3_holo_MAPK11_bfbb764d,MAPK11,af3_holo_iptm,0.338,0.232,,2026-07-29
of3_holo_MAPK14_3f63863d,MAPK14,af3_holo_iptm,0.338,0.235,,2026-07-29
of3_holo_MAPK12_c584d706,MAPK12,af3_holo_iptm,0.337,0.236,,2026-07-29
of3_holo_MAPK11_f61d93f8,MAPK11,af3_holo_iptm,0.337,0.207,,2026-07-29
of3_holo_MAPK14_1d53b828,MAPK14,af3_holo_iptm,0.337,0.212,,2026-07-29
of3_holo_MAPK13_548e5ac8,MAPK13,af3_holo_iptm,0.337,0.216,,2026-07-29
of3_holo_MAPK11_2466c5a9,MAPK11,af3_holo_iptm,0.337,0.220,,2026-07-29
of3_holo_MAPK14_737658f0,MAPK14,af3_holo_iptm,0.337,0.211,,2026-07-29
of3_holo_PGK1_68ab2592,PGK1,af3_holo_iptm,0.337,0.369,,2026-07-29
of3_holo_PGK1_4841104d,PGK1,af3_holo_iptm,0.337,0.327,,2026-08-11
of3_holo_MAPK14_938604c9,MAPK14,af3_holo_iptm,0.337,0.191,,2026-07-29
of3_holo_MAPK11_5df66bea,MAPK11,af3_holo_iptm,0.337,0.202,,2026-07-29
of3_holo_MAPK14_87e072ee,MAPK14,af3_holo_iptm,0.337,0.195,,2026-07-29
of3_holo_MAPK11_7f394678,MAPK11,af3_holo_iptm,0.337,0.263,,2026-07-29
of3_holo_KEAP1_28c0b3fc,KEAP1,af3_holo_iptm,0.337,0.462,,2026-07-29
of3_holo_PGK1_91326234,PGK1,af3_holo_iptm,0.337,0.362,,2026-07-29
of3_holo_MAPK11_5984583f,MAPK11,af3_holo_iptm,0.336,0.219,,2026-07-29
of3_holo_MAPK11_c8d41d23,MAPK11,af3_holo_iptm,0.336,0.283,,2026-07-29
of3_holo_MAPK14_8316391b,MAPK14,af3_holo_iptm,0.336,0.196,,2026-07-29
of3_holo_KEAP1_63d01d58,KEAP1,af3_holo_iptm,0.336,0.454,,2026-07-29
of3_holo_MAPK14_cc3e059e,MAPK14,af3_holo_iptm,0.336,0.245,,2026-08-02
of3_holo_KEAP1_905c7c56,KEAP1,af3_holo_iptm,0.336,0.327,,2026-08-14
of3_holo_MAPK14_e3f4cbff,MAPK14,af3_holo_iptm,0.336,0.194,,2026-07-29
of3_holo_MAPK14_f28f0642,MAPK14,af3_holo_iptm,0.336,0.208,,2026-08-02
of3_holo_HDAC2_dfcd60f4,HDAC2,af3_holo_iptm,0.336,0.241,,2026-07-29
of3_holo_MAPK12_6b0e894e,MAPK12,af3_holo_iptm,0.336,0.225,,2026-07-29
of3_holo_MAPK11_698d6686,MAPK11,af3_holo_iptm,0.336,0.357,,2026-07-29
of3_holo_MAPK11_9e10860d,MAPK11,af3_holo_iptm,0.336,0.202,,2026-07-29
of3_holo_MAPK11_517a34b2,MAPK11,af3_holo_iptm,0.336,0.214,,2026-07-29
of3_holo_MAPK11_5cee1f43,MAPK11,af3_holo_iptm,0.336,0.199,,2026-07-29
of3_holo_MAPK11_15bfb820,MAPK11,af3_holo_iptm,0.336,0.209,,2026-07-29
of3_holo_MAPK14_b17989f3,MAPK14,af3_holo_iptm,0.336,0.205,,2026-07-29
of3_holo_MAPK11_2713b0bf,MAPK11,af3_holo_iptm,0.336,0.226,,2026-07-29
of3_holo_MAPK12_b217f764,MAPK12,af3_holo_iptm,0.336,0.208,,2026-07-29
of3_holo_MAPK14_518e932c,MAPK14,af3_holo_iptm,0.336,0.195,,2026-07-29
of3_holo_PGK1_f85a15ba,PGK1,af3_holo_iptm,0.335,0.371,,2026-07-31
of3_holo_KEAP1_a84faa3b,KEAP1,af3_holo_iptm,0.335,0.452,,2026-07-29
of3_holo_MAPK14_edecada7,MAPK14,af3_holo_iptm,0.335,0.201,,2026-07-29
of3_holo_PGK1_0bd5bdff,PGK1,af3_holo_iptm,0.335,0.368,,2026-07-29
of3_holo_MAPK14_6b35d4ab,MAPK14,af3_holo_iptm,0.335,0.199,,2026-07-29
of3_holo_MAPK11_a2570e0e,MAPK11,af3_holo_iptm,0.335,0.210,,2026-07-29
of3_holo_MAPK14_09d4aea3,MAPK14,af3_holo_iptm,0.335,0.204,,2026-07-29
of3_holo_MAPK11_1ce4625c,MAPK11,af3_holo_iptm,0.335,0.253,,2026-07-29
of3_holo_MAPK11_fec5ec7f,MAPK11,af3_holo_iptm,0.335,0.214,,2026-07-29
of3_holo_MAPK14_2be59106,MAPK14,af3_holo_iptm,0.334,0.194,,2026-07-29
of3_holo_MAPK11_c1da9e9d,MAPK11,af3_holo_iptm,0.334,0.237,,2026-07-29
of3_holo_MAPK11_c378e9fd,MAPK11,af3_holo_iptm,0.334,0.207,,2026-07-29
of3_holo_MAPK11_2e817174,MAPK11,af3_holo_iptm,0.334,0.224,,2026-07-29
of3_holo_MAPK11_d034ee05,MAPK11,af3_holo_iptm,0.334,0.210,,2026-07-29
of3_holo_MAPK14_08858e40,MAPK14,af3_holo_iptm,0.334,0.208,,2026-07-29
of3_holo_MAPK14_ebae2d4a,MAPK14,af3_holo_iptm,0.334,0.198,,2026-07-29
of3_holo_HDAC2_88a12670,HDAC2,af3_holo_iptm,0.334,0.239,,2026-07-29
of3_holo_MAPK11_eed806e1,MAPK11,af3_holo_iptm,0.334,0.200,,2026-07-29
of3_holo_PGK1_1869dd5d,PGK1,af3_holo_iptm,0.334,0.390,,2026-07-29
of3_holo_MAPK12_70b6421f,MAPK12,af3_holo_iptm,0.334,0.211,,2026-07-29
of3_holo_MAPK14_ef497d9b,MAPK14,af3_holo_iptm,0.333,0.209,,2026-07-29
of3_holo_MAPK14_0e329e8e,MAPK14,af3_holo_iptm,0.333,0.198,,2026-08-02
of3_holo_MAPK11_95372c01,MAPK11,af3_holo_iptm,0.333,0.201,,2026-07-29
of3_holo_MAPK14_102ee88c,MAPK14,af3_holo_iptm,0.333,0.187,,2026-07-29
of3_holo_MAPK14_0e6e5bc9,MAPK14,af3_holo_iptm,0.333,0.193,,2026-08-02
of3_holo_MAPK12_363c2367,MAPK12,af3_holo_iptm,0.333,0.210,,2026-07-29
of3_holo_KEAP1_66dc4076,KEAP1,af3_holo_iptm,0.333,0.453,,2026-07-29
of3_holo_MAPK14_bebefab4,MAPK14,af3_holo_iptm,0.333,0.199,,2026-07-29
of3_holo_MAPK11_4e944d53,MAPK11,af3_holo_iptm,0.333,0.208,,2026-07-29
of3_holo_MAPK11_a1d2cb8b,MAPK11,af3_holo_iptm,0.333,0.222,,2026-07-29
of3_holo_MAPK14_1246747a,MAPK14,af3_holo_iptm,0.333,0.195,,2026-07-29
of3_holo_MAPK14_e4608005,MAPK14,af3_holo_iptm,0.333,0.247,,2026-07-29
of3_holo_MAPKAPK2_6b069b1a,MAPKAPK2,af3_holo_iptm,0.333,0.219,,2026-07-29
of3_holo_MAPK11_4802b3d8,MAPK11,af3_holo_iptm,0.333,0.247,,2026-07-29
of3_holo_PGK1_b458a2da,PGK1,af3_holo_iptm,0.333,0.347,,2026-07-30
of3_holo_MAPK14_d68697c8,MAPK14,af3_holo_iptm,0.332,0.203,,2026-07-29
of3_holo_MAPK14_118b0c40,MAPK14,af3_holo_iptm,0.332,0.238,,2026-07-29
of3_holo_MAPK14_3c1e074a,MAPK14,af3_holo_iptm,0.332,0.195,,2026-07-29
of3_holo_MAPK11_7387fbee,MAPK11,af3_holo_iptm,0.332,0.203,,2026-07-29
of3_holo_KEAP1_524b1d89,KEAP1,af3_holo_iptm,0.332,0.446,,2026-07-29
of3_holo_MAPK14_c61d1890,MAPK14,af3_holo_iptm,0.332,0.197,,2026-07-29
of3_holo_MAPK11_1f676992,MAPK11,af3_holo_iptm,0.332,0.198,,2026-07-29
of3_holo_MAPKAPK2_c0cdee9b,MAPKAPK2,af3_holo_iptm,0.332,0.224,,2026-07-29
of3_holo_MAPK14_537152f8,MAPK14,af3_holo_iptm,0.332,0.208,,2026-07-29
of3_holo_MAPKAPK2_51b9792c,MAPKAPK2,af3_holo_iptm,0.332,0.213,,2026-07-29
of3_holo_MAPK14_e8294a86,MAPK14,af3_holo_iptm,0.332,0.186,,2026-07-29
of3_holo_KEAP1_0f883bbc,KEAP1,af3_holo_iptm,0.332,0.335,,2026-08-11
of3_holo_MAPK14_34136da0,MAPK14,af3_holo_iptm,0.332,0.210,,2026-07-29
of3_holo_MAPK14_8552c056,MAPK14,af3_holo_iptm,0.332,0.189,,2026-08-02
of3_holo_MAPK12_e55c9efc,MAPK12,af3_holo_iptm,0.332,0.205,,2026-07-29
of3_holo_KEAP1_17a9b67b,KEAP1,af3_holo_iptm,0.332,0.450,,2026-08-02
of3_holo_MAPK11_ab7190e6,MAPK11,af3_holo_iptm,0.332,0.261,,2026-07-29
of3_holo_MAPK11_7aa6bdfa,MAPK11,af3_holo_iptm,0.332,0.194,,2026-07-29
of3_holo_MAPK11_caf14e3c,MAPK11,af3_holo_iptm,0.332,0.203,,2026-07-29
of3_holo_MAPK14_c4d7642f,MAPK14,af3_holo_iptm,0.331,0.233,,2026-07-29
of3_holo_KEAP1_dabea197,KEAP1,af3_holo_iptm,0.331,0.442,,2026-07-29
of3_holo_MAPK14_c7863bab,MAPK14,af3_holo_iptm,0.331,0.202,,2026-07-29
of3_holo_MAPK11_47b603b4,MAPK11,af3_holo_iptm,0.331,0.239,,2026-07-29
of3_holo_MAPK14_afb2812e,MAPK14,af3_holo_iptm,0.331,0.207,,2026-07-29
of3_holo_MAPK11_73e75902,MAPK11,af3_holo_iptm,0.331,0.321,,2026-07-29
of3_holo_KEAP1_8aa38699,KEAP1,af3_holo_iptm,0.331,0.451,,2026-08-02
of3_holo_MAPK11_e847bbed,MAPK11,af3_holo_iptm,0.331,0.211,,2026-07-29
of3_holo_MAPK11_46df9ea6,MAPK11,af3_holo_iptm,0.331,0.247,,2026-07-29
of3_holo_MAPK12_b8fb961f,MAPK12,af3_holo_iptm,0.331,0.215,,2026-07-29
of3_holo_MAPK14_577c1a6e,MAPK14,af3_holo_iptm,0.331,0.217,,2026-07-29
of3_holo_MAPK11_f3d90763,MAPK11,af3_holo_iptm,0.331,0.257,,2026-07-29
of3_holo_MAPK11_123d89d0,MAPK11,af3_holo_iptm,0.331,0.216,,2026-07-29
of3_holo_PGK1_0eae4440,PGK1,af3_holo_iptm,0.331,0.330,,2026-07-31
of3_holo_MAPK11_d4887f58,MAPK11,af3_holo_iptm,0.331,0.207,,2026-07-29
of3_holo_MAPK14_17b7c6e6,MAPK14,af3_holo_iptm,0.331,0.207,,2026-07-29
of3_holo_MAPK14_daeb76f4,MAPK14,af3_holo_iptm,0.331,0.201,,2026-07-29
of3_holo_MAPK14_6b37d1e6,MAPK14,af3_holo_iptm,0.331,0.226,,2026-08-02
of3_holo_HDAC2_34ec1a71,HDAC2,af3_holo_iptm,0.330,0.265,,2026-07-29
of3_holo_MAPK14_9ce43f22,MAPK14,af3_holo_iptm,0.330,0.222,,2026-07-29
smn1_260_294_x_gemin5_1023_1287,"",af3_iptm,0.330,0.790,0.480,2026-07-08
chrna1_25_220_x_tp53_363_393,"",af3_iptm,0.330,0.690,0.520,2026-07-15
agrn_x_pak1_33ce18fc,"",af3_iptm,0.330,0.330,0.420,2026-06-28
gdnf_none_none_x_hnrnpa1_15_93,"",af3_iptm,0.330,0.390,0.560,2026-07-15
mapk14_x_tab1,"",af3_iptm,0.330,0.770,0.520,2026-06-30
smn1_260_294_x_fus_471_526,"",af3_iptm,0.330,0.400,0.690,2026-06-29
75_dok7_x_musk_22_495,"",af3_iptm,0.330,0.340,0.500,2026-06-19
agrn_x_ws1bnone_1197,"",af3_iptm,0.330,0.640,0.390,2026-07-03
mapk10_x_smn1,"",af3_iptm,0.330,0.490,0.550,2026-05-26
hdac6_cd2_x_kif5a,"",af3_iptm,0.330,0.400,0.400,2026-05-29
075_mapk9_x_bad,"",af3_iptm,0.330,0.590,0.560,2026-06-18
38_hdac2_x_chd3_1_540,"",af3_iptm,0.330,0.440,0.590,2026-06-12
75_kcnb1_1_180_x_dlg1,"",af3_iptm,0.330,0.350,0.470,2026-06-12
agrn_lrp4_musk_tripel_s7,"",af3_iptm,0.330,0.340,0.350,2026-08-06
45_gsk3b_x_nfe2l2_300_380,"",af3_iptm,0.330,0.760,0.550,2026-06-08
ntrk2_ecd_x_smn1_ygbox,"",af3_iptm,0.330,0.620,0.480,2026-05-14
atf3_f_x_limk1_kin,"",af3_iptm,0.330,0.580,0.560,2026-05-16
22_mapk1_x_fos,"",af3_iptm,0.330,0.520,0.610,2026-06-10
ntrk2_ecd_x_smn1_ygbox,"",af3_iptm,0.330,0.620,0.480,2026-05-16
smn1_prol_x_fus_lcd,"",af3_iptm,0.330,0.440,0.620,2026-05-16
limk1_x_tp53,"",af3_iptm,0.330,0.400,0.490,2026-05-23
limk2_x_pak1,"",af3_iptm,0.330,0.410,0.480,2026-05-22
ntrk2_ecd_x_tardbp_rrm1,"",af3_iptm,0.330,0.580,0.440,2026-05-14
lrp4_1880_1905_rapsn,"",af3_iptm,0.330,0.850,0.470,2026-08-02
38_hdac2_x_chd3_1_540,"",af3_iptm,0.330,0.440,0.590,2026-06-10
mfn2_none_none_x_mfn1_none_none,"",af3_iptm,0.330,0.400,0.410,2026-07-29
nrg1_176_246_x_agrn_1_130,"",af3_iptm,0.330,0.460,0.490,2026-07-28
hif1a_18_80_x_smn1_260_294,"",af3_iptm,0.330,0.480,0.630,2026-07-15
of3_holo_MAPK11_529533e9,MAPK11,af3_holo_iptm,0.330,0.196,,2026-07-29
of3_holo_KEAP1_32b33a0c,KEAP1,af3_holo_iptm,0.330,0.455,,2026-07-29
of3_holo_PGK1_ba78c20b,PGK1,af3_holo_iptm,0.330,0.338,,2026-08-11
of3_holo_MAPK14_34654bfa,MAPK14,af3_holo_iptm,0.330,0.246,,2026-07-29
of3_holo_MAPK14_0f44ca0d,MAPK14,af3_holo_iptm,0.330,0.203,,2026-07-29
of3_holo_MAPK11_a9702a4e,MAPK11,af3_holo_iptm,0.330,0.216,,2026-07-29
of3_holo_MAPK12_6642d7b1,MAPK12,af3_holo_iptm,0.330,0.211,,2026-07-29
of3_holo_KEAP1_a658a3d8,KEAP1,af3_holo_iptm,0.330,0.449,,2026-07-30
of3_holo_MAPK11_725188e4,MAPK11,af3_holo_iptm,0.330,0.218,,2026-07-29
of3_holo_MAPK11_8cd2e2e8,MAPK11,af3_holo_iptm,0.330,0.270,,2026-07-29
of3_holo_MAPK12_398808e9,MAPK12,af3_holo_iptm,0.329,0.215,,2026-07-29
of3_holo_MAPK11_727285a3,MAPK11,af3_holo_iptm,0.329,0.199,,2026-07-29
of3_holo_MAPK11_d9a285c2,MAPK11,af3_holo_iptm,0.329,0.216,,2026-07-29
of3_holo_KEAP1_a43f2ba7,KEAP1,af3_holo_iptm,0.329,0.336,,2026-08-14
of3_holo_MAPK11_367c901e,MAPK11,af3_holo_iptm,0.329,0.259,,2026-07-29
of3_holo_MAPK11_eae92c47,MAPK11,af3_holo_iptm,0.329,0.213,,2026-07-29
of3_holo_MAPK14_760c99c6,MAPK14,af3_holo_iptm,0.329,0.204,,2026-07-29
of3_holo_MAPK11_81e98c54,MAPK11,af3_holo_iptm,0.329,0.222,,2026-07-29
of3_holo_MAPK11_76cd16fa,MAPK11,af3_holo_iptm,0.329,0.209,,2026-07-29
of3_holo_KEAP1_563ecb80,KEAP1,af3_holo_iptm,0.329,0.443,,2026-08-02
of3_holo_MAPK11_e1c30d95,MAPK11,af3_holo_iptm,0.329,0.222,,2026-07-29
of3_holo_MAPK12_532de4d3,MAPK12,af3_holo_iptm,0.329,0.199,,2026-07-29
of3_holo_MAPK14_44875f3c,MAPK14,af3_holo_iptm,0.329,0.236,,2026-07-29
of3_holo_MAPK11_63a03c08,MAPK11,af3_holo_iptm,0.329,0.226,,2026-07-29
of3_holo_MAPK14_ad90fd49,MAPK14,af3_holo_iptm,0.329,0.193,,2026-07-29
of3_holo_MAPK11_accfbe38,MAPK11,af3_holo_iptm,0.329,0.206,,2026-07-29
of3_holo_MAPK11_8309cd47,MAPK11,af3_holo_iptm,0.329,0.236,,2026-07-29
of3_holo_MAPK13_33e8eb90,MAPK13,af3_holo_iptm,0.328,0.218,,2026-07-29
of3_holo_MAPK12_6f0803f1,MAPK12,af3_holo_iptm,0.328,0.288,,2026-07-29
of3_holo_MAPK14_b1a5eec8,MAPK14,af3_holo_iptm,0.328,0.203,,2026-07-29
of3_holo_MAPK14_23de7d6c,MAPK14,af3_holo_iptm,0.328,0.209,,2026-07-29
of3_holo_MAPK11_4fdb8a22,MAPK11,af3_holo_iptm,0.328,0.230,,2026-07-29
of3_holo_MAPK11_a04607e4,MAPK11,af3_holo_iptm,0.328,0.209,,2026-07-29
of3_holo_MAPKAPK2_c1fabff3,MAPKAPK2,af3_holo_iptm,0.328,0.210,,2026-07-29
of3_holo_MAPK11_e1009d29,MAPK11,af3_holo_iptm,0.328,0.206,,2026-07-29
of3_holo_MAPK14_97395a58,MAPK14,af3_holo_iptm,0.328,0.185,,2026-07-29
of3_holo_MAPK14_c5888749,MAPK14,af3_holo_iptm,0.328,0.231,,2026-07-29
of3_holo_MAPK14_2fbaa3ac,MAPK14,af3_holo_iptm,0.328,0.227,,2026-07-29
of3_holo_MAPK14_59072a3e,MAPK14,af3_holo_iptm,0.328,0.247,,2026-07-29
of3_holo_MAPK14_bdf37474,MAPK14,af3_holo_iptm,0.328,0.207,,2026-07-29
of3_holo_MAPK14_7f2d7192,MAPK14,af3_holo_iptm,0.328,0.197,,2026-07-29
of3_holo_MAPK11_7ca28278,MAPK11,af3_holo_iptm,0.328,0.197,,2026-07-29
of3_holo_MAPK11_eab8a910,MAPK11,af3_holo_iptm,0.327,0.202,,2026-07-29
of3_holo_MAPK12_87d8d66f,MAPK12,af3_holo_iptm,0.327,0.223,,2026-07-29
of3_holo_MAPK11_10810c6f,MAPK11,af3_holo_iptm,0.327,0.229,,2026-07-29
of3_holo_DNM1L_86c160c3,DNM1L,af3_holo_iptm,0.327,0.199,,2026-07-29
of3_holo_KEAP1_43dca6ec,KEAP1,af3_holo_iptm,0.327,0.459,,2026-07-29
of3_holo_MAPK12_aed04ccc,MAPK12,af3_holo_iptm,0.327,0.234,,2026-07-29
of3_holo_MAPK11_4a868fe0,MAPK11,af3_holo_iptm,0.327,0.227,,2026-07-29
of3_holo_MAPK14_e7f06ebf,MAPK14,af3_holo_iptm,0.327,0.200,,2026-07-29
of3_holo_HDAC2_04d8d3c8,HDAC2,af3_holo_iptm,0.327,0.226,,2026-07-29
of3_holo_MAPK14_4e9a02e8,MAPK14,af3_holo_iptm,0.327,0.238,,2026-07-29
of3_holo_PGK1_d6eda62b,PGK1,af3_holo_iptm,0.327,0.370,,2026-07-29
of3_holo_KEAP1_573a2beb,KEAP1,af3_holo_iptm,0.327,0.456,,2026-08-02
of3_holo_MAPK12_ccf23919,MAPK12,af3_holo_iptm,0.327,0.228,,2026-07-29
of3_holo_MAPK14_3f4af8e2,MAPK14,af3_holo_iptm,0.326,0.194,,2026-07-29
of3_holo_KEAP1_d1361663,KEAP1,af3_holo_iptm,0.326,0.339,,2026-08-14
of3_holo_MAPK12_337f9241,MAPK12,af3_holo_iptm,0.326,0.205,,2026-07-29
of3_holo_MAPK11_5122a6ed,MAPK11,af3_holo_iptm,0.326,0.347,,2026-07-29
of3_holo_MAPK14_4fc3c3bf,MAPK14,af3_holo_iptm,0.326,0.193,,2026-07-29
of3_holo_MAPK14_bc06ddfb,MAPK14,af3_holo_iptm,0.326,0.246,,2026-07-29
of3_holo_PGK1_0e67ebf8,PGK1,af3_holo_iptm,0.326,0.392,,2026-07-29
of3_holo_MAPK14_6ec96648,MAPK14,af3_holo_iptm,0.326,0.203,,2026-07-29
of3_holo_MAPKAPK2_55227ab9,MAPKAPK2,af3_holo_iptm,0.326,0.228,,2026-07-29
of3_holo_MAPK14_e1dbb099,MAPK14,af3_holo_iptm,0.326,0.223,,2026-07-29
of3_holo_KEAP1_abdafe95,KEAP1,af3_holo_iptm,0.326,0.454,,2026-07-29
of3_holo_KEAP1_ceea3426,KEAP1,af3_holo_iptm,0.326,0.375,,2026-08-14
of3_holo_MAPK12_1e1300d8,MAPK12,af3_holo_iptm,0.326,0.237,,2026-07-29
of3_holo_MAPK14_3f2423f0,MAPK14,af3_holo_iptm,0.325,0.207,,2026-07-29
of3_holo_PGK1_69c7204c,PGK1,af3_holo_iptm,0.325,0.338,,2026-08-11
of3_holo_MAPK14_db58f089,MAPK14,af3_holo_iptm,0.325,0.243,,2026-07-29
of3_holo_MAPK14_205bc3ea,MAPK14,af3_holo_iptm,0.325,0.195,,2026-07-29
of3_holo_MAPK14_8ac2bcdc,MAPK14,af3_holo_iptm,0.325,0.191,,2026-07-29
of3_holo_KEAP1_def9e7ac,KEAP1,af3_holo_iptm,0.325,0.456,,2026-08-02
of3_holo_KEAP1_fe9530d0,KEAP1,af3_holo_iptm,0.325,0.322,,2026-08-11
of3_holo_KEAP1_7233dbaa,KEAP1,af3_holo_iptm,0.325,0.455,,2026-07-29
of3_holo_KEAP1_39a446a3,KEAP1,af3_holo_iptm,0.325,0.334,,2026-08-14
of3_holo_PGK1_f7d9628a,PGK1,af3_holo_iptm,0.325,0.370,,2026-07-29
of3_holo_KEAP1_a6a1dbc5,KEAP1,af3_holo_iptm,0.325,0.452,,2026-08-02
of3_holo_MAPK11_bfbde977,MAPK11,af3_holo_iptm,0.325,0.231,,2026-07-29
of3_holo_MAPKAPK2_0de6fa09,MAPKAPK2,af3_holo_iptm,0.325,0.203,,2026-08-02
of3_holo_MAPK14_50b1a6d4,MAPK14,af3_holo_iptm,0.325,0.184,,2026-07-29
of3_holo_PGK1_c47b03db,PGK1,af3_holo_iptm,0.325,0.328,,2026-07-31
of3_holo_MAPK14_bc50cb02,MAPK14,af3_holo_iptm,0.325,0.192,,2026-07-29
of3_holo_DNM1L_8cc21a52,DNM1L,af3_holo_iptm,0.325,0.184,,2026-07-29
of3_holo_MAPK14_bb0cf5ce,MAPK14,af3_holo_iptm,0.325,0.225,,2026-08-02
of3_holo_MAPK12_f26b9868,MAPK12,af3_holo_iptm,0.324,0.210,,2026-07-29
of3_holo_MAPK11_82553db4,MAPK11,af3_holo_iptm,0.324,0.209,,2026-07-29
of3_holo_MAPK11_c8d48bd7,MAPK11,af3_holo_iptm,0.324,0.218,,2026-07-29
of3_holo_MAPK11_d01b8676,MAPK11,af3_holo_iptm,0.324,0.244,,2026-07-29
of3_holo_MAPK12_000c24c7,MAPK12,af3_holo_iptm,0.324,0.236,,2026-07-29
of3_holo_MAPK11_e7286e76,MAPK11,af3_holo_iptm,0.324,0.217,,2026-07-29
of3_holo_DNM1L_60a27c73,DNM1L,af3_holo_iptm,0.324,0.189,,2026-07-29
of3_holo_MAPK14_42f346f8,MAPK14,af3_holo_iptm,0.324,0.227,,2026-07-29
of3_holo_MAPK11_ab9a0c22,MAPK11,af3_holo_iptm,0.324,0.200,,2026-07-29
of3_holo_PGK1_77944b60,PGK1,af3_holo_iptm,0.324,0.389,,2026-07-29
of3_holo_MAPK14_648d1142,MAPK14,af3_holo_iptm,0.324,0.195,,2026-07-29
of3_holo_MAPK14_a3d69f3c,MAPK14,af3_holo_iptm,0.324,0.210,,2026-07-29
of3_holo_MAPK14_2d6cf3d7,MAPK14,af3_holo_iptm,0.324,0.187,,2026-07-29
of3_holo_KEAP1_5d206147,KEAP1,af3_holo_iptm,0.323,0.457,,2026-08-02
of3_holo_MAPK12_35e6ef71,MAPK12,af3_holo_iptm,0.323,0.323,,2026-07-29
of3_holo_MAPK14_fa9bd309,MAPK14,af3_holo_iptm,0.323,0.186,,2026-07-29
of3_holo_KEAP1_97681d95,KEAP1,af3_holo_iptm,0.323,0.451,,2026-08-02
of3_holo_MAPK11_19af27ec,MAPK11,af3_holo_iptm,0.323,0.216,,2026-07-29
of3_holo_MAPK11_b234ceb6,MAPK11,af3_holo_iptm,0.323,0.358,,2026-07-29
of3_holo_HDAC2_db0c153c,HDAC2,af3_holo_iptm,0.323,0.235,,2026-07-29
of3_holo_MAPK14_87d6a20b,MAPK14,af3_holo_iptm,0.323,0.208,,2026-07-29
of3_holo_MAPK14_0a299b4c,MAPK14,af3_holo_iptm,0.323,0.219,,2026-07-29
of3_holo_MAPK14_55129201,MAPK14,af3_holo_iptm,0.323,0.226,,2026-07-29
of3_holo_MAPK13_61c68593,MAPK13,af3_holo_iptm,0.323,0.213,,2026-07-29
of3_holo_MAPK11_cac9cdce,MAPK11,af3_holo_iptm,0.323,0.226,,2026-07-29
of3_holo_MAPK11_bba31bcf,MAPK11,af3_holo_iptm,0.323,0.209,,2026-07-29
of3_holo_MAPK14_027eb26f,MAPK14,af3_holo_iptm,0.323,0.207,,2026-07-29
of3_holo_MAPK12_0d2efa96,MAPK12,af3_holo_iptm,0.323,0.239,,2026-07-29
of3_holo_MAPK14_aefdb1e3,MAPK14,af3_holo_iptm,0.323,0.238,,2026-07-29
of3_holo_MAPK11_5878bb97,MAPK11,af3_holo_iptm,0.323,0.332,,2026-07-29
of3_holo_MAPK12_2449dab8,MAPK12,af3_holo_iptm,0.323,0.206,,2026-07-29
of3_holo_MAPK11_e515a245,MAPK11,af3_holo_iptm,0.323,0.232,,2026-07-29
of3_holo_MAPK14_ba736c9e,MAPK14,af3_holo_iptm,0.323,0.243,,2026-07-29
of3_holo_MAPK12_ba1bde46,MAPK12,af3_holo_iptm,0.322,0.228,,2026-07-29
of3_holo_MAPK12_f21e8840,MAPK12,af3_holo_iptm,0.322,0.228,,2026-07-29
of3_holo_KEAP1_cb91585d,KEAP1,af3_holo_iptm,0.322,0.457,,2026-07-29
of3_holo_MAPK14_af7b34f0,MAPK14,af3_holo_iptm,0.322,0.222,,2026-07-29
of3_holo_MAPK14_257a466a,MAPK14,af3_holo_iptm,0.322,0.226,,2026-07-29
of3_holo_KEAP1_59731ab1,KEAP1,af3_holo_iptm,0.322,0.449,,2026-07-29
of3_holo_MAPK14_f60f17fe,MAPK14,af3_holo_iptm,0.322,0.200,,2026-08-02
of3_holo_MAPK14_a7a71697,MAPK14,af3_holo_iptm,0.322,0.207,,2026-07-29
of3_holo_MAPK14_cdcdf1c2,MAPK14,af3_holo_iptm,0.322,0.208,,2026-07-29
of3_holo_MAPK14_3076778d,MAPK14,af3_holo_iptm,0.321,0.211,,2026-07-29
of3_holo_MAPK11_6b9f7d95,MAPK11,af3_holo_iptm,0.321,0.244,,2026-07-29
of3_holo_MAPK11_b77e6d64,MAPK11,af3_holo_iptm,0.321,0.214,,2026-07-29
of3_holo_MAPK11_8044172e,MAPK11,af3_holo_iptm,0.321,0.229,,2026-07-29
of3_holo_MAPK11_cfe35109,MAPK11,af3_holo_iptm,0.321,0.213,,2026-07-29
of3_holo_MAPK12_8523d93d,MAPK12,af3_holo_iptm,0.321,0.216,,2026-07-29
of3_holo_MAPK14_19b70c06,MAPK14,af3_holo_iptm,0.321,0.194,,2026-07-29
of3_holo_MAPK13_37d287b2,MAPK13,af3_holo_iptm,0.321,0.238,,2026-07-29
of3_holo_MAPK11_c3b821c8,MAPK11,af3_holo_iptm,0.321,0.219,,2026-07-29
of3_holo_MAPK11_517f3868,MAPK11,af3_holo_iptm,0.321,0.222,,2026-07-29
of3_holo_MAPK14_a306d49d,MAPK14,af3_holo_iptm,0.321,0.200,,2026-07-29
of3_holo_MAPK11_d8d957ec,MAPK11,af3_holo_iptm,0.321,0.239,,2026-07-29
of3_holo_MAPKAPK2_cce4f351,MAPKAPK2,af3_holo_iptm,0.321,0.209,,2026-07-29
of3_holo_MAPK14_ccb2673e,MAPK14,af3_holo_iptm,0.321,0.208,,2026-07-29
of3_holo_MAPK14_ecc6ee11,MAPK14,af3_holo_iptm,0.321,0.228,,2026-07-29
of3_holo_KEAP1_16464469,KEAP1,af3_holo_iptm,0.321,0.342,,2026-08-14
of3_holo_PGK1_2d064621,PGK1,af3_holo_iptm,0.321,0.339,,2026-07-29
of3_holo_MAPK14_1af5ee84,MAPK14,af3_holo_iptm,0.321,0.201,,2026-08-02
of3_holo_MAPK14_995c016a,MAPK14,af3_holo_iptm,0.321,0.203,,2026-07-29
of3_holo_MAPK12_2ef92d22,MAPK12,af3_holo_iptm,0.321,0.205,,2026-07-29
of3_holo_MAPK14_2925d63f,MAPK14,af3_holo_iptm,0.321,0.233,,2026-07-29
of3_holo_MAPK14_bd19e5b3,MAPK14,af3_holo_iptm,0.321,0.236,,2026-07-29
of3_holo_MAPK14_63c35d06,MAPK14,af3_holo_iptm,0.321,0.232,,2026-07-29
of3_holo_MAPK12_3e72e42b,MAPK12,af3_holo_iptm,0.320,0.203,,2026-07-29
of3_holo_KEAP1_905691f6,KEAP1,af3_holo_iptm,0.320,0.449,,2026-07-29
of3_holo_MAPK12_cd41e9d2,MAPK12,af3_holo_iptm,0.320,0.319,,2026-07-29
of3_holo_KEAP1_ec0b9fd5,KEAP1,af3_holo_iptm,0.320,0.453,,2026-08-02
of3_holo_MAPK11_311a2bcd,MAPK11,af3_holo_iptm,0.320,0.213,,2026-07-29
of3_holo_MAPK13_571c0ec4,MAPK13,af3_holo_iptm,0.320,0.223,,2026-07-29
of3_holo_MAPK11_0758c2ac,MAPK11,af3_holo_iptm,0.320,0.265,,2026-07-29
of3_holo_MAPK14_3ca54c73,MAPK14,af3_holo_iptm,0.320,0.204,,2026-07-29
dok7_ph_x_musk_kin_2,"",af3_iptm,0.320,0.680,0.410,2026-05-14
sarm1_sam_tir_400_724_oct_nad,"",af3_iptm,0.320,0.350,0.360,2026-08-10
a_x_b_30341beb,"",af3_iptm,0.320,0.760,0.420,2026-07-31
hnrnpa1_106_184_x_tp53_1_62,"",af3_iptm,0.320,0.550,0.590,2026-07-15
srsf1_x_hnrnpu,"",af3_iptm,0.320,0.460,0.560,2026-05-21
gfra3_132_255_x_lrp4_1656_1905,"",af3_iptm,0.320,0.340,0.610,2026-07-15
kcna2_x_dlg4,"",af3_iptm,0.320,0.410,0.450,2026-05-26
binder6308_lrp4_x_lrp4_beta1_prop_435_697,"",af3_iptm,0.320,0.740,0.410,2026-07-22
keap1_kelch_x_smn1,"",af3_iptm,0.320,0.550,0.530,2026-05-26
binder_rock2_job_0_n_334_id_0_bon_orig2_r0,"",af3_iptm,0.320,0.770,0.410,2026-05-14
ntrk3_x_musk,"",af3_iptm,0.320,0.370,0.420,2026-07-17
ssh1_x_pfn2,"",af3_iptm,0.320,0.360,0.560,2026-05-21
binder95_musk_ig1_x_musk_ig1_24_128,"",af3_iptm,0.320,0.620,0.400,2026-07-25
binder98_musk_ig1_x_musk_ig1_24_128,"",af3_iptm,0.320,0.610,0.400,2026-07-25
sarm1_sam_tir_400_724_oct_nad_s7,"",af3_iptm,0.320,0.350,0.350,2026-08-10
musk_x_gfra1,"",af3_iptm,0.320,0.380,0.430,2026-05-22
lrp4_x_ws1bnone_1169,"",af3_iptm,0.320,0.790,0.420,2026-07-03
deptor_322_409_x_gdnf_none_none,"",af3_iptm,0.320,0.340,0.520,2026-07-15
musk_312_450_x_wnt16_none_none,"",af3_iptm,0.320,0.610,0.420,2026-07-29
nrg1_x_bcl2_f8c3097f,"",af3_iptm,0.320,0.290,0.630,2026-06-29
binder112_musk_ig1_x_musk_ig1_24_128,"",af3_iptm,0.320,0.640,0.400,2026-07-25
binder7256_lrp4_x_lrp4_beta1_prop_435_697,"",af3_iptm,0.320,0.720,0.400,2026-07-21
rictor_1251_1501_x_mtor_1626_1876,"",af3_iptm,0.320,0.470,0.540,2026-07-26
043_mapk9_x_dpysl2,"",af3_iptm,0.320,0.550,0.440,2026-06-18
dok7_ph_x_musk_kin,"",af3_iptm,0.320,0.680,0.410,2026-05-14
of3_holo_MAPK14_1beabc2c,MAPK14,af3_holo_iptm,0.320,0.238,,2026-07-29
of3_holo_MAPK12_afaa80d4,MAPK12,af3_holo_iptm,0.320,0.201,,2026-07-29
of3_holo_MAPK14_d9e60e3d,MAPK14,af3_holo_iptm,0.320,0.240,,2026-07-29
of3_holo_MAPK11_b7bfc4d1,MAPK11,af3_holo_iptm,0.320,0.256,,2026-07-29
of3_holo_KEAP1_75796ad7,KEAP1,af3_holo_iptm,0.320,0.454,,2026-08-02
of3_holo_KEAP1_455fede0,KEAP1,af3_holo_iptm,0.320,0.450,,2026-08-02
of3_holo_PGK1_83f56f26,PGK1,af3_holo_iptm,0.320,0.376,,2026-07-29
of3_holo_MAPK13_330bbbed,MAPK13,af3_holo_iptm,0.320,0.248,,2026-07-29
of3_holo_MAPK14_8e6eb554,MAPK14,af3_holo_iptm,0.320,0.200,,2026-07-29
of3_holo_MAPK11_26fe6671,MAPK11,af3_holo_iptm,0.319,0.217,,2026-07-29
of3_holo_MAPK14_6e7293fc,MAPK14,af3_holo_iptm,0.319,0.206,,2026-07-29
of3_holo_MAPKAPK2_d8004b9c,MAPKAPK2,af3_holo_iptm,0.319,0.211,,2026-08-02
of3_holo_MAPK14_7f0a85c6,MAPK14,af3_holo_iptm,0.319,0.208,,2026-07-29
of3_holo_MAPK11_1f87c1c3,MAPK11,af3_holo_iptm,0.319,0.323,,2026-07-29
of3_holo_MAPK14_6a0dfe5a,MAPK14,af3_holo_iptm,0.319,0.213,,2026-07-29
of3_holo_MAPK11_c3920723,MAPK11,af3_holo_iptm,0.319,0.204,,2026-07-29
of3_holo_MAPK14_36fdce70,MAPK14,af3_holo_iptm,0.319,0.202,,2026-07-29
of3_holo_MAPK11_21eaa10e,MAPK11,af3_holo_iptm,0.319,0.211,,2026-07-29
of3_holo_MAPK14_24558805,MAPK14,af3_holo_iptm,0.319,0.205,,2026-07-29
of3_holo_MAPK14_38707bf2,MAPK14,af3_holo_iptm,0.319,0.214,,2026-07-29
of3_holo_KEAP1_19fe9980,KEAP1,af3_holo_iptm,0.319,0.449,,2026-07-29
of3_holo_MAPK11_62ae64dd,MAPK11,af3_holo_iptm,0.319,0.206,,2026-07-29
of3_holo_MAPK11_e01a8b8a,MAPK11,af3_holo_iptm,0.319,0.351,,2026-07-29
of3_holo_KEAP1_70df38d1,KEAP1,af3_holo_iptm,0.319,0.454,,2026-08-01
of3_holo_MAPK14_a1d08d1c,MAPK14,af3_holo_iptm,0.319,0.224,,2026-07-29
of3_holo_MAPK14_e85ebe44,MAPK14,af3_holo_iptm,0.319,0.194,,2026-07-29
of3_holo_MAPK14_8c1e578a,MAPK14,af3_holo_iptm,0.319,0.259,,2026-07-29
of3_holo_PGK1_6cb7aeb6,PGK1,af3_holo_iptm,0.318,0.333,,2026-07-30
of3_holo_MAPKAPK2_bb7b31eb,MAPKAPK2,af3_holo_iptm,0.318,0.223,,2026-07-29
of3_holo_MAPK11_02b79545,MAPK11,af3_holo_iptm,0.318,0.232,,2026-07-29
of3_holo_MAPK11_5153c412,MAPK11,af3_holo_iptm,0.318,0.284,,2026-07-29
of3_holo_MAPK11_0f36e69c,MAPK11,af3_holo_iptm,0.318,0.332,,2026-07-29
of3_holo_MAPK14_e1f9a47f,MAPK14,af3_holo_iptm,0.318,0.240,,2026-07-29
of3_holo_MAPK11_625e5ddc,MAPK11,af3_holo_iptm,0.318,0.209,,2026-07-29
of3_holo_KEAP1_fceaaa61,KEAP1,af3_holo_iptm,0.318,0.453,,2026-07-29
of3_holo_MAPK12_1919529a,MAPK12,af3_holo_iptm,0.318,0.212,,2026-07-29
of3_holo_MAPK14_1cd04c29,MAPK14,af3_holo_iptm,0.318,0.232,,2026-07-29
of3_holo_MAPK11_4fe2df57,MAPK11,af3_holo_iptm,0.318,0.212,,2026-07-29
of3_holo_MAPK14_8ca0aea6,MAPK14,af3_holo_iptm,0.318,0.213,,2026-07-29
of3_holo_MAPK12_b965437f,MAPK12,af3_holo_iptm,0.318,0.202,,2026-07-29
of3_holo_MAPK12_7a9f7e5e,MAPK12,af3_holo_iptm,0.318,0.229,,2026-07-29
of3_holo_MAPK14_2fa2d800,MAPK14,af3_holo_iptm,0.318,0.210,,2026-08-02
of3_holo_PGK1_ddfb96a7,PGK1,af3_holo_iptm,0.318,0.373,,2026-07-29
of3_holo_KEAP1_e57e4d7c,KEAP1,af3_holo_iptm,0.318,0.440,,2026-08-02
of3_holo_MAPK12_17caac24,MAPK12,af3_holo_iptm,0.318,0.225,,2026-07-29
of3_holo_MAPK12_7b1a1366,MAPK12,af3_holo_iptm,0.318,0.202,,2026-07-29
of3_holo_MAPK14_10daecef,MAPK14,af3_holo_iptm,0.317,0.228,,2026-07-29
of3_holo_MAPK14_f14d71b0,MAPK14,af3_holo_iptm,0.317,0.204,,2026-07-29
of3_holo_DNM1L_e48b3690,DNM1L,af3_holo_iptm,0.317,0.191,,2026-07-29
of3_holo_MAPK14_b8ca858a,MAPK14,af3_holo_iptm,0.317,0.236,,2026-07-29
of3_holo_MAPK14_cdf0f514,MAPK14,af3_holo_iptm,0.317,0.203,,2026-07-29
of3_holo_MAPK11_daf5b569,MAPK11,af3_holo_iptm,0.317,0.204,,2026-07-29
of3_holo_KEAP1_52a0fb4e,KEAP1,af3_holo_iptm,0.317,0.451,,2026-07-29
of3_holo_MAPK12_85be1818,MAPK12,af3_holo_iptm,0.317,0.220,,2026-07-29
of3_holo_MAPK11_358e273c,MAPK11,af3_holo_iptm,0.317,0.232,,2026-07-29
of3_holo_MAPK14_c6198bf6,MAPK14,af3_holo_iptm,0.317,0.222,,2026-07-29
of3_holo_MAPK11_ddc6e82c,MAPK11,af3_holo_iptm,0.317,0.251,,2026-07-29
of3_holo_MAPK11_bd79c7cb,MAPK11,af3_holo_iptm,0.317,0.228,,2026-07-29
of3_holo_KEAP1_4a0ac276,KEAP1,af3_holo_iptm,0.317,0.447,,2026-08-02
of3_holo_MAPK11_48c3f5a7,MAPK11,af3_holo_iptm,0.317,0.213,,2026-07-29
of3_holo_MAPK14_c6aaa289,MAPK14,af3_holo_iptm,0.317,0.197,,2026-07-29
of3_holo_PGK1_078a2f31,PGK1,af3_holo_iptm,0.317,0.380,,2026-07-29
of3_holo_MAPK14_61e9a802,MAPK14,af3_holo_iptm,0.317,0.229,,2026-07-29
of3_holo_PGK1_6a02bc1c,PGK1,af3_holo_iptm,0.317,0.374,,2026-07-29
of3_holo_MAPK12_03a9f145,MAPK12,af3_holo_iptm,0.317,0.244,,2026-07-29
of3_holo_MAPK11_ab8b7bfb,MAPK11,af3_holo_iptm,0.317,0.202,,2026-07-29
of3_holo_KEAP1_dbb682d3,KEAP1,af3_holo_iptm,0.316,0.450,,2026-07-29
of3_holo_DNM1L_ccd1f30d,DNM1L,af3_holo_iptm,0.316,0.187,,2026-07-29
of3_holo_MAPKAPK2_8995f103,MAPKAPK2,af3_holo_iptm,0.316,0.204,,2026-07-29
of3_holo_MAPK11_9d93db3a,MAPK11,af3_holo_iptm,0.316,0.323,,2026-07-29
of3_holo_MAPK11_0561f4c6,MAPK11,af3_holo_iptm,0.316,0.201,,2026-07-29
of3_holo_MAPK14_a9fd9bf8,MAPK14,af3_holo_iptm,0.316,0.201,,2026-07-29
of3_holo_MAPK14_317f0c1d,MAPK14,af3_holo_iptm,0.316,0.209,,2026-07-29
of3_holo_MAPK13_85e74584,MAPK13,af3_holo_iptm,0.316,0.223,,2026-07-29
of3_holo_PGK1_1227fd52,PGK1,af3_holo_iptm,0.316,0.388,,2026-07-29
of3_holo_PGK1_ff8fa040,PGK1,af3_holo_iptm,0.316,0.335,,2026-07-29
of3_holo_MAPK12_f1e9b8e7,MAPK12,af3_holo_iptm,0.316,0.223,,2026-07-29
of3_holo_MAPK11_1be1f68d,MAPK11,af3_holo_iptm,0.316,0.245,,2026-07-29
of3_holo_PGK1_510d9b3b,PGK1,af3_holo_iptm,0.316,0.329,,2026-07-29
of3_holo_MAPK14_96dbfa87,MAPK14,af3_holo_iptm,0.316,0.195,,2026-07-29
of3_holo_PGK1_728eb7ab,PGK1,af3_holo_iptm,0.315,0.385,,2026-07-29
of3_holo_KEAP1_7b7dc71c,KEAP1,af3_holo_iptm,0.315,0.453,,2026-08-02
of3_holo_MAPK14_48a3dfdc,MAPK14,af3_holo_iptm,0.315,0.205,,2026-07-29
of3_holo_MAPK11_439ab613,MAPK11,af3_holo_iptm,0.315,0.254,,2026-07-29
of3_holo_MAPK14_a91a40ca,MAPK14,af3_holo_iptm,0.315,0.203,,2026-07-29
of3_holo_MAPK11_8d12dee7,MAPK11,af3_holo_iptm,0.315,0.215,,2026-07-29
of3_holo_PGK1_1e4d8ead,PGK1,af3_holo_iptm,0.315,0.340,,2026-07-30
of3_holo_MAPK14_2df5f9a4,MAPK14,af3_holo_iptm,0.315,0.209,,2026-07-29
of3_holo_MAPK11_323faab6,MAPK11,af3_holo_iptm,0.315,0.205,,2026-07-29
of3_holo_MAPK11_44829a00,MAPK11,af3_holo_iptm,0.315,0.202,,2026-07-29
of3_holo_MAPK14_2fe3ce10,MAPK14,af3_holo_iptm,0.315,0.217,,2026-07-29
of3_holo_LDHA_ba0033a3,LDHA,af3_holo_iptm,0.315,0.257,,2026-08-02
of3_holo_MAPK14_b04ff999,MAPK14,af3_holo_iptm,0.315,0.203,,2026-07-29
of3_holo_KEAP1_a8d889ba,KEAP1,af3_holo_iptm,0.315,0.442,,2026-07-29
of3_holo_MAPK14_9cc72bff,MAPK14,af3_holo_iptm,0.315,0.215,,2026-07-29
of3_holo_MAPK11_7ad5c767,MAPK11,af3_holo_iptm,0.315,0.227,,2026-07-29
of3_holo_KEAP1_d578c76b,KEAP1,af3_holo_iptm,0.315,0.478,,2026-07-29
of3_holo_PGK1_47e69269,PGK1,af3_holo_iptm,0.315,0.381,,2026-08-11
of3_holo_MAPK11_d65083cf,MAPK11,af3_holo_iptm,0.315,0.254,,2026-07-29
of3_holo_MAPKAPK2_d96a2ac9,MAPKAPK2,af3_holo_iptm,0.315,0.213,,2026-08-02
of3_holo_MAPK11_223293da,MAPK11,af3_holo_iptm,0.315,0.205,,2026-07-29
of3_holo_MAPK11_a2357bdc,MAPK11,af3_holo_iptm,0.315,0.228,,2026-07-29
of3_holo_MAPK11_e9e883be,MAPK11,af3_holo_iptm,0.315,0.206,,2026-07-29
of3_holo_KEAP1_d52675d8,KEAP1,af3_holo_iptm,0.315,0.455,,2026-08-02
of3_holo_MAPK14_f4b196a8,MAPK14,af3_holo_iptm,0.315,0.206,,2026-07-29
of3_holo_MAPK11_1d3072fd,MAPK11,af3_holo_iptm,0.315,0.189,,2026-07-29
of3_holo_MAPK11_42db2c87,MAPK11,af3_holo_iptm,0.315,0.228,,2026-07-29
of3_holo_MAPK11_c2310bff,MAPK11,af3_holo_iptm,0.314,0.198,,2026-07-29
of3_holo_MAPK14_f3bd37a7,MAPK14,af3_holo_iptm,0.314,0.218,,2026-07-29
of3_holo_MAPK14_3ce1883a,MAPK14,af3_holo_iptm,0.314,0.203,,2026-07-29
of3_holo_MAPK14_ec3df086,MAPK14,af3_holo_iptm,0.314,0.211,,2026-07-29
of3_holo_MAPK14_946bf463,MAPK14,af3_holo_iptm,0.314,0.229,,2026-07-29
of3_holo_MAPK12_546c2615,MAPK12,af3_holo_iptm,0.314,0.203,,2026-07-29
of3_holo_MAPKAPK2_3811e66e,MAPKAPK2,af3_holo_iptm,0.314,0.214,,2026-07-29
of3_holo_MAPK11_2f2d3a61,MAPK11,af3_holo_iptm,0.314,0.327,,2026-07-29
of3_holo_MAPK14_2b7fe17e,MAPK14,af3_holo_iptm,0.314,0.194,,2026-07-29
of3_holo_KEAP1_13c310a2,KEAP1,af3_holo_iptm,0.314,0.455,,2026-08-01
of3_holo_MAPK11_c93a7c0f,MAPK11,af3_holo_iptm,0.314,0.221,,2026-07-29
of3_holo_KEAP1_a045103d,KEAP1,af3_holo_iptm,0.314,0.453,,2026-07-29
of3_holo_MAPK11_125ae925,MAPK11,af3_holo_iptm,0.314,0.218,,2026-07-29
of3_holo_MAPK11_2546cb44,MAPK11,af3_holo_iptm,0.314,0.377,,2026-07-29
of3_holo_MAPK11_7021b0a3,MAPK11,af3_holo_iptm,0.314,0.231,,2026-07-29
of3_holo_MAPK11_cf06b1eb,MAPK11,af3_holo_iptm,0.313,0.211,,2026-07-29
of3_holo_MAPK11_9af3bb4b,MAPK11,af3_holo_iptm,0.313,0.245,,2026-07-29
of3_holo_MAPK12_3cc4c8a5,MAPK12,af3_holo_iptm,0.313,0.250,,2026-07-29
of3_holo_MAPK11_745a9cd9,MAPK11,af3_holo_iptm,0.313,0.231,,2026-07-29
of3_holo_KEAP1_bd0326d7,KEAP1,af3_holo_iptm,0.313,0.449,,2026-08-02
of3_holo_MAPK14_062f5020,MAPK14,af3_holo_iptm,0.313,0.210,,2026-07-29
of3_holo_MAPK14_581450cc,MAPK14,af3_holo_iptm,0.313,0.205,,2026-07-29
of3_holo_MAPK14_09c699d2,MAPK14,af3_holo_iptm,0.313,0.229,,2026-07-29
of3_holo_MAPK12_b7fb35ea,MAPK12,af3_holo_iptm,0.313,0.212,,2026-07-29
of3_holo_KEAP1_d7eafef4,KEAP1,af3_holo_iptm,0.313,0.458,,2026-08-01
of3_holo_MAPK11_14b50877,MAPK11,af3_holo_iptm,0.313,0.210,,2026-07-29
of3_holo_KEAP1_33146a3f,KEAP1,af3_holo_iptm,0.313,0.456,,2026-08-02
of3_holo_HDAC2_54eb748f,HDAC2,af3_holo_iptm,0.313,0.233,,2026-07-29
of3_holo_MAPK11_c33940a0,MAPK11,af3_holo_iptm,0.313,0.339,,2026-07-29
of3_holo_MAPK14_78e0bf69,MAPK14,af3_holo_iptm,0.313,0.210,,2026-07-29
of3_holo_KEAP1_5ba52115,KEAP1,af3_holo_iptm,0.313,0.449,,2026-08-02
of3_holo_MAPK11_59455065,MAPK11,af3_holo_iptm,0.312,0.205,,2026-07-29
of3_holo_MAPK12_e07822f7,MAPK12,af3_holo_iptm,0.312,0.225,,2026-07-29
of3_holo_MAPK14_d1610f6b,MAPK14,af3_holo_iptm,0.312,0.198,,2026-07-29
of3_holo_MAPK11_0d74f3c4,MAPK11,af3_holo_iptm,0.312,0.241,,2026-07-29
of3_holo_MAPK11_7fd64ed8,MAPK11,af3_holo_iptm,0.312,0.200,,2026-07-29
of3_holo_MAPK11_cbc64291,MAPK11,af3_holo_iptm,0.312,0.204,,2026-07-29
of3_holo_MAPK11_ac9fb8cd,MAPK11,af3_holo_iptm,0.312,0.230,,2026-07-29
of3_holo_KEAP1_df67a3e8,KEAP1,af3_holo_iptm,0.312,0.459,,2026-08-02
of3_holo_KEAP1_c4456c01,KEAP1,af3_holo_iptm,0.312,0.441,,2026-07-29
of3_holo_MAPK14_2c520eae,MAPK14,af3_holo_iptm,0.312,0.210,,2026-07-29
of3_holo_PGK1_5e832426,PGK1,af3_holo_iptm,0.312,0.364,,2026-07-29
of3_holo_MAPK12_7ba6fe1d,MAPK12,af3_holo_iptm,0.312,0.211,,2026-07-29
of3_holo_MAPK14_5cddeee7,MAPK14,af3_holo_iptm,0.311,0.192,,2026-07-29
of3_holo_MAPK14_8209b50b,MAPK14,af3_holo_iptm,0.311,0.195,,2026-07-29
of3_holo_MAPK11_32761b60,MAPK11,af3_holo_iptm,0.311,0.236,,2026-07-29
of3_holo_MAPK11_8f919def,MAPK11,af3_holo_iptm,0.311,0.210,,2026-07-29
of3_holo_MAPK11_23c4ee01,MAPK11,af3_holo_iptm,0.311,0.229,,2026-07-29
of3_holo_MAPK14_66c9595f,MAPK14,af3_holo_iptm,0.311,0.222,,2026-07-29
of3_holo_KEAP1_ba515647,KEAP1,af3_holo_iptm,0.311,0.461,,2026-08-02
of3_holo_MAPK11_35601ccc,MAPK11,af3_holo_iptm,0.311,0.210,,2026-07-29
of3_holo_KEAP1_163f22b7,KEAP1,af3_holo_iptm,0.311,0.464,,2026-07-29
of3_holo_MAPK12_0eddb920,MAPK12,af3_holo_iptm,0.311,0.237,,2026-07-29
of3_holo_MAPK11_0afa9c2f,MAPK11,af3_holo_iptm,0.310,0.213,,2026-07-29
of3_holo_MAPK14_f1f18eaf,MAPK14,af3_holo_iptm,0.310,0.204,,2026-07-29
of3_holo_PGK1_31caaa4a,PGK1,af3_holo_iptm,0.310,0.388,,2026-07-29
of3_holo_MAPK13_89e2760d,MAPK13,af3_holo_iptm,0.310,0.216,,2026-07-29
of3_holo_PGK1_826a60d8,PGK1,af3_holo_iptm,0.310,0.335,,2026-07-29
of3_holo_KEAP1_d4e578f6,KEAP1,af3_holo_iptm,0.310,0.450,,2026-07-29
of3_holo_MAPK14_b896f264,MAPK14,af3_holo_iptm,0.310,0.231,,2026-07-29
mapk14_x_mapkapk5,"",af3_iptm,0.310,0.620,0.380,2026-07-03
55_rock2_1_420_x_myl9,"",af3_iptm,0.310,0.710,0.440,2026-06-08
pgk1_pkm2_atp,"",af3_iptm,0.310,0.560,0.370,2026-08-03
013_mapk10_x_map3k11,"",af3_iptm,0.310,0.360,0.520,2026-06-18
smn1_full_x_smn1_full,"",af3_iptm,0.310,0.310,0.570,2026-05-16
013_mapk10_x_map3k11,"",af3_iptm,0.310,0.360,0.520,2026-06-21
hspa8_x_smn1,"",af3_iptm,0.310,0.470,0.480,2026-07-03
rapsn_x_pfn2,"",af3_iptm,0.310,0.660,0.390,2026-07-17
pkm2_ldha_adp,"",af3_iptm,0.310,0.600,0.380,2026-08-03
smn2_x_tra2b,"",af3_iptm,0.310,0.260,0.630,2026-05-21
pls3_x_limk1,"",af3_iptm,0.310,0.450,0.370,2026-05-27
74_kcnb2_x_vapa,"",af3_iptm,0.310,0.360,0.580,2026-06-12
dnm1l_1_710_mff_gdp,"",af3_iptm,0.310,0.400,0.550,2026-08-03
binder434_musk_x_musk_ig1_24_128,"",af3_iptm,0.310,0.590,0.390,2026-07-25
54_micu2_x_micu2,"",af3_iptm,0.310,0.490,0.470,2026-06-07
109_mapk8_x_tp53,"",af3_iptm,0.310,0.470,0.490,2026-06-18
39_prkaa1_x_ulk1,"",af3_iptm,0.310,0.300,0.530,2026-06-21
dok7_x_rapsn,"",af3_iptm,0.310,0.450,0.500,2026-05-25
hdac6_cd2_x_chrna1_ecd,"",af3_iptm,0.310,0.610,0.380,2026-05-29
binder722_musk_x_musk_ig1_24_128,"",af3_iptm,0.310,0.580,0.390,2026-07-20
smn1_x_tra2b,"",af3_iptm,0.310,0.260,0.630,2026-05-21
55_rock2_1_420_x_myl9,"",af3_iptm,0.310,0.710,0.440,2026-06-07
binder_rock2_job_0_n_334_id_0_bon_orig2_r0,"",af3_iptm,0.310,0.770,0.400,2026-05-17
74_kcnb2_x_vapa_2,"",af3_iptm,0.310,0.360,0.580,2026-08-06
binder6525_lrp4_x_lrp4_beta1_prop_435_697,"",af3_iptm,0.310,0.710,0.390,2026-07-22
nrg1_x_ncald_7359ca82,"",af3_iptm,0.310,0.300,0.590,2026-06-28
of3_holo_MAPK11_d21cbe3d,MAPK11,af3_holo_iptm,0.310,0.228,,2026-07-29
of3_holo_MAPK11_e17a8387,MAPK11,af3_holo_iptm,0.310,0.196,,2026-07-29
of3_holo_MAPK11_06fdaacd,MAPK11,af3_holo_iptm,0.310,0.215,,2026-07-29
of3_holo_MAPK12_fb08f79a,MAPK12,af3_holo_iptm,0.310,0.292,,2026-07-29
of3_holo_MAPK14_feabff7d,MAPK14,af3_holo_iptm,0.310,0.199,,2026-07-29
of3_holo_MAPK11_46657721,MAPK11,af3_holo_iptm,0.310,0.222,,2026-07-29
of3_holo_PGK1_0683a33a,PGK1,af3_holo_iptm,0.310,0.371,,2026-07-29
of3_holo_MAPK14_2b2736d9,MAPK14,af3_holo_iptm,0.310,0.232,,2026-08-02
of3_holo_MAPKAPK2_7f4b2325,MAPKAPK2,af3_holo_iptm,0.310,0.221,,2026-07-29
of3_holo_MAPK14_4fd147f9,MAPK14,af3_holo_iptm,0.310,0.198,,2026-08-01
of3_holo_KEAP1_fe045c98,KEAP1,af3_holo_iptm,0.309,0.460,,2026-07-29
of3_holo_MAPK11_1d4700eb,MAPK11,af3_holo_iptm,0.309,0.197,,2026-07-29
of3_holo_MAPK11_b7d397b6,MAPK11,af3_holo_iptm,0.309,0.266,,2026-07-29
of3_holo_MAPK11_29872902,MAPK11,af3_holo_iptm,0.309,0.315,,2026-07-29
of3_holo_MAPK14_443f8c1f,MAPK14,af3_holo_iptm,0.309,0.197,,2026-07-29
of3_holo_MAPK14_56c83543,MAPK14,af3_holo_iptm,0.309,0.207,,2026-07-29
of3_holo_MAPK14_3460334d,MAPK14,af3_holo_iptm,0.309,0.184,,2026-07-29
of3_holo_KEAP1_6547f61a,KEAP1,af3_holo_iptm,0.309,0.462,,2026-08-02
of3_holo_MAPK11_de5d5f90,MAPK11,af3_holo_iptm,0.309,0.219,,2026-07-29
of3_holo_MAPK14_73f5e239,MAPK14,af3_holo_iptm,0.309,0.209,,2026-07-29
of3_holo_MAPK14_ff06dd49,MAPK14,af3_holo_iptm,0.309,0.211,,2026-07-29
of3_holo_MAPK11_35ae9a80,MAPK11,af3_holo_iptm,0.309,0.209,,2026-07-29
of3_holo_MAPK14_35e4b35b,MAPK14,af3_holo_iptm,0.309,0.209,,2026-07-29
of3_holo_MAPK14_be7ecdf3,MAPK14,af3_holo_iptm,0.309,0.247,,2026-07-29
of3_holo_MAPK11_3e27ab9e,MAPK11,af3_holo_iptm,0.308,0.348,,2026-07-29
of3_holo_MAPK14_7a4ac564,MAPK14,af3_holo_iptm,0.308,0.202,,2026-07-29
of3_holo_MAPK11_d745373b,MAPK11,af3_holo_iptm,0.308,0.199,,2026-07-29
of3_holo_MAPK14_49eeedde,MAPK14,af3_holo_iptm,0.308,0.218,,2026-07-29
of3_holo_KEAP1_aecbcb1c,KEAP1,af3_holo_iptm,0.308,0.456,,2026-08-01
of3_holo_MAPK12_0229253c,MAPK12,af3_holo_iptm,0.308,0.234,,2026-07-29
of3_holo_KEAP1_a7e934df,KEAP1,af3_holo_iptm,0.308,0.453,,2026-08-01
of3_holo_MAPK11_f7123d61,MAPK11,af3_holo_iptm,0.308,0.220,,2026-07-29
of3_holo_MAPK14_766a1fed,MAPK14,af3_holo_iptm,0.308,0.209,,2026-07-29
of3_holo_HDAC2_8135d2ea,HDAC2,af3_holo_iptm,0.308,0.253,,2026-07-29
of3_holo_MAPK14_d0bd4e47,MAPK14,af3_holo_iptm,0.308,0.208,,2026-07-29
of3_holo_MAPK14_b4d4ca81,MAPK14,af3_holo_iptm,0.308,0.200,,2026-07-29
of3_holo_MAPK11_ffe5d4b9,MAPK11,af3_holo_iptm,0.308,0.199,,2026-07-29
of3_holo_MAPK14_3150f2e9,MAPK14,af3_holo_iptm,0.308,0.224,,2026-07-29
of3_holo_DNM1L_16a2b166,DNM1L,af3_holo_iptm,0.308,0.190,,2026-07-29
of3_holo_MAPK12_e1351f3e,MAPK12,af3_holo_iptm,0.307,0.225,,2026-07-29
of3_holo_MAPKAPK2_8e1206ea,MAPKAPK2,af3_holo_iptm,0.307,0.226,,2026-07-29
of3_holo_MAPK14_006d7f9d,MAPK14,af3_holo_iptm,0.307,0.199,,2026-07-29
of3_holo_MAPK14_f1f4fa21,MAPK14,af3_holo_iptm,0.307,0.186,,2026-07-29
of3_holo_KEAP1_6ace7ed6,KEAP1,af3_holo_iptm,0.307,0.461,,2026-08-02
of3_holo_KEAP1_2b543958,KEAP1,af3_holo_iptm,0.307,0.445,,2026-07-29
of3_holo_MAPK11_90d799ab,MAPK11,af3_holo_iptm,0.307,0.228,,2026-07-29
of3_holo_MAPK14_dd64d602,MAPK14,af3_holo_iptm,0.307,0.204,,2026-07-29
of3_holo_KEAP1_a8a4967c,KEAP1,af3_holo_iptm,0.307,0.446,,2026-07-29
of3_holo_MAPK14_39780a2a,MAPK14,af3_holo_iptm,0.307,0.228,,2026-08-02
of3_holo_PGK1_eb6040d8,PGK1,af3_holo_iptm,0.307,0.374,,2026-07-29
of3_holo_MAPK14_d8d6d36d,MAPK14,af3_holo_iptm,0.307,0.187,,2026-07-29
of3_holo_KEAP1_3a8ccd46,KEAP1,af3_holo_iptm,0.307,0.456,,2026-07-29
of3_holo_PGK1_f8762253,PGK1,af3_holo_iptm,0.307,0.332,,2026-07-29
of3_holo_MAPK14_a74f532b,MAPK14,af3_holo_iptm,0.307,0.203,,2026-07-29
of3_holo_MAPK11_2227a2b6,MAPK11,af3_holo_iptm,0.307,0.216,,2026-07-29
of3_holo_MAPK14_7e5da8ea,MAPK14,af3_holo_iptm,0.306,0.197,,2026-08-02
of3_holo_MAPK12_872996d0,MAPK12,af3_holo_iptm,0.306,0.247,,2026-07-29
of3_holo_MAPK14_3843ba76,MAPK14,af3_holo_iptm,0.306,0.224,,2026-07-29
of3_holo_MAPK14_508da9e0,MAPK14,af3_holo_iptm,0.306,0.219,,2026-07-29
of3_holo_KEAP1_4345ee3a,KEAP1,af3_holo_iptm,0.306,0.447,,2026-07-29
of3_holo_MAPK14_2c360753,MAPK14,af3_holo_iptm,0.306,0.193,,2026-07-29
of3_holo_MAPK12_8660bb9a,MAPK12,af3_holo_iptm,0.306,0.267,,2026-07-29
of3_holo_MAPK11_05204d34,MAPK11,af3_holo_iptm,0.306,0.358,,2026-07-29
of3_holo_MAPK14_e585a087,MAPK14,af3_holo_iptm,0.306,0.196,,2026-07-29
of3_holo_KEAP1_64cd54f9,KEAP1,af3_holo_iptm,0.306,0.451,,2026-07-29
of3_holo_KEAP1_797d7066,KEAP1,af3_holo_iptm,0.306,0.456,,2026-07-29
of3_holo_MAPK11_42021ded,MAPK11,af3_holo_iptm,0.306,0.329,,2026-07-29
of3_holo_MAPK14_2e94dbb2,MAPK14,af3_holo_iptm,0.306,0.199,,2026-07-29
of3_holo_MAPK12_6c44c663,MAPK12,af3_holo_iptm,0.306,0.231,,2026-07-29
of3_holo_MAPK14_c53147e6,MAPK14,af3_holo_iptm,0.306,0.208,,2026-07-29
of3_holo_KEAP1_5b66feb9,KEAP1,af3_holo_iptm,0.306,0.456,,2026-08-02
of3_holo_MAPK14_35f646f4,MAPK14,af3_holo_iptm,0.305,0.196,,2026-07-29
of3_holo_KEAP1_7eeb7af6,KEAP1,af3_holo_iptm,0.305,0.432,,2026-08-02
of3_holo_MAPK14_d46e9a4d,MAPK14,af3_holo_iptm,0.305,0.203,,2026-07-29
of3_holo_MAPK14_2be7ece2,MAPK14,af3_holo_iptm,0.305,0.205,,2026-07-29
of3_holo_MAPK14_aee278f6,MAPK14,af3_holo_iptm,0.305,0.221,,2026-07-29
of3_holo_MAPK14_cf184ad2,MAPK14,af3_holo_iptm,0.305,0.190,,2026-07-29
of3_holo_MAPK14_5de0b644,MAPK14,af3_holo_iptm,0.305,0.235,,2026-07-29
of3_holo_MAPKAPK2_d1c0637b,MAPKAPK2,af3_holo_iptm,0.305,0.209,,2026-07-29
of3_holo_DNM1L_5e59f218,DNM1L,af3_holo_iptm,0.305,0.205,,2026-07-30
of3_holo_MAPK11_f79e14b1,MAPK11,af3_holo_iptm,0.305,0.218,,2026-07-29
of3_holo_MAPK11_37b4cf7d,MAPK11,af3_holo_iptm,0.305,0.196,,2026-07-29
of3_holo_MAPK14_417243eb,MAPK14,af3_holo_iptm,0.305,0.230,,2026-07-29
of3_holo_MAPK12_e8ff5ad2,MAPK12,af3_holo_iptm,0.305,0.320,,2026-07-29
of3_holo_MAPK11_252fc14c,MAPK11,af3_holo_iptm,0.305,0.202,,2026-07-29
of3_holo_MAPK14_f77f66db,MAPK14,af3_holo_iptm,0.305,0.221,,2026-07-29
of3_holo_MAPK14_bbb35d20,MAPK14,af3_holo_iptm,0.305,0.221,,2026-07-29
of3_holo_MAPK11_78f8bb56,MAPK11,af3_holo_iptm,0.305,0.210,,2026-07-29
of3_holo_MAPK13_694e6a0e,MAPK13,af3_holo_iptm,0.305,0.240,,2026-07-29
of3_holo_MAPK11_55556861,MAPK11,af3_holo_iptm,0.305,0.205,,2026-07-29
of3_holo_MAPK11_ef426b3b,MAPK11,af3_holo_iptm,0.305,0.216,,2026-07-29
of3_holo_KEAP1_6ed59797,KEAP1,af3_holo_iptm,0.305,0.455,,2026-07-29
of3_holo_MAPK11_ebd5b012,MAPK11,af3_holo_iptm,0.305,0.219,,2026-07-29
of3_holo_MAPK13_56bae1c3,MAPK13,af3_holo_iptm,0.305,0.211,,2026-07-29
of3_holo_MAPK11_0ef308a5,MAPK11,af3_holo_iptm,0.305,0.217,,2026-07-29
of3_holo_MAPK14_0b6fadd8,MAPK14,af3_holo_iptm,0.304,0.200,,2026-08-02
of3_holo_MAPK14_3873899c,MAPK14,af3_holo_iptm,0.304,0.205,,2026-07-29
of3_holo_MAPK14_e16d4b4a,MAPK14,af3_holo_iptm,0.304,0.186,,2026-07-29
of3_holo_KEAP1_5ad19fe1,KEAP1,af3_holo_iptm,0.304,0.459,,2026-07-29
of3_holo_MAPK14_0645d477,MAPK14,af3_holo_iptm,0.304,0.236,,2026-07-29
of3_holo_MAPK11_cc1929f5,MAPK11,af3_holo_iptm,0.304,0.195,,2026-07-29
of3_holo_MAPK11_396abb8b,MAPK11,af3_holo_iptm,0.304,0.202,,2026-07-29
of3_holo_MAPK11_22a43bba,MAPK11,af3_holo_iptm,0.304,0.245,,2026-07-29
of3_holo_MAPK14_f63b01de,MAPK14,af3_holo_iptm,0.304,0.236,,2026-07-29
of3_holo_MAPK14_31720991,MAPK14,af3_holo_iptm,0.304,0.189,,2026-07-29
of3_holo_MAPK12_170301a4,MAPK12,af3_holo_iptm,0.304,0.225,,2026-07-29
of3_holo_MAPK11_8a99fcff,MAPK11,af3_holo_iptm,0.304,0.206,,2026-07-29
of3_holo_MAPK11_f0877101,MAPK11,af3_holo_iptm,0.304,0.205,,2026-07-29
of3_holo_MAPK12_7cbcb592,MAPK12,af3_holo_iptm,0.304,0.225,,2026-07-29
of3_holo_KEAP1_ec8ecb2b,KEAP1,af3_holo_iptm,0.304,0.457,,2026-08-02
of3_holo_MAPK12_4854de1e,MAPK12,af3_holo_iptm,0.304,0.287,,2026-07-29
of3_holo_MAPK13_995d0dba,MAPK13,af3_holo_iptm,0.304,0.221,,2026-07-29
of3_holo_MAPK11_c6630199,MAPK11,af3_holo_iptm,0.304,0.212,,2026-07-29
of3_holo_MAPK14_74592064,MAPK14,af3_holo_iptm,0.304,0.223,,2026-07-29
of3_holo_MAPK14_be3d4738,MAPK14,af3_holo_iptm,0.304,0.189,,2026-07-29
of3_holo_MAPK11_7bf99229,MAPK11,af3_holo_iptm,0.304,0.217,,2026-07-29
of3_holo_KEAP1_8849adc8,KEAP1,af3_holo_iptm,0.304,0.455,,2026-08-02
of3_holo_MAPK11_0d780d48,MAPK11,af3_holo_iptm,0.304,0.234,,2026-07-29
of3_holo_KEAP1_0513dd46,KEAP1,af3_holo_iptm,0.303,0.449,,2026-08-02
of3_holo_MAPK11_90ea9268,MAPK11,af3_holo_iptm,0.303,0.273,,2026-07-29
of3_holo_MAPK12_1e2c4c00,MAPK12,af3_holo_iptm,0.303,0.230,,2026-07-29
of3_holo_MAPK14_58a9f287,MAPK14,af3_holo_iptm,0.303,0.202,,2026-07-29
of3_holo_MAPK11_b88fa3f8,MAPK11,af3_holo_iptm,0.303,0.263,,2026-07-29
of3_holo_MAPK14_d0f07616,MAPK14,af3_holo_iptm,0.303,0.194,,2026-07-29
of3_holo_MAPK14_1a7c1655,MAPK14,af3_holo_iptm,0.303,0.206,,2026-07-29
of3_holo_MAPK11_a4ab8100,MAPK11,af3_holo_iptm,0.303,0.211,,2026-07-29
of3_holo_DNM1L_43012dd5,DNM1L,af3_holo_iptm,0.303,0.176,,2026-08-11
of3_holo_MAPK11_b24d34d8,MAPK11,af3_holo_iptm,0.303,0.203,,2026-07-29
of3_holo_MAPK11_7c01a4e9,MAPK11,af3_holo_iptm,0.303,0.214,,2026-07-29
of3_holo_MAPK14_97f7d02c,MAPK14,af3_holo_iptm,0.303,0.217,,2026-07-29
of3_holo_MAPK11_74855d1f,MAPK11,af3_holo_iptm,0.303,0.222,,2026-07-29
of3_holo_MAPKAPK2_1ba9ffcf,MAPKAPK2,af3_holo_iptm,0.303,0.214,,2026-07-29
of3_holo_MAPK14_7137edd3,MAPK14,af3_holo_iptm,0.303,0.215,,2026-07-29
of3_holo_MAPK11_45cd7771,MAPK11,af3_holo_iptm,0.303,0.307,,2026-07-29
of3_holo_KEAP1_9a7b42c9,KEAP1,af3_holo_iptm,0.303,0.456,,2026-07-29
of3_holo_MAPK14_1ff0b1d1,MAPK14,af3_holo_iptm,0.302,0.211,,2026-07-29
of3_holo_KEAP1_ed4ddc3e,KEAP1,af3_holo_iptm,0.302,0.434,,2026-07-29
of3_holo_MAPK14_041c43cc,MAPK14,af3_holo_iptm,0.302,0.188,,2026-07-29
of3_holo_MAPK11_739e9dcc,MAPK11,af3_holo_iptm,0.302,0.199,,2026-07-29
of3_holo_MAPK11_bf1ebe02,MAPK11,af3_holo_iptm,0.302,0.219,,2026-07-29
of3_holo_MAPK11_ec6c4a9d,MAPK11,af3_holo_iptm,0.302,0.260,,2026-07-29
of3_holo_MAPK14_83fc5707,MAPK14,af3_holo_iptm,0.302,0.200,,2026-07-29
of3_holo_HDAC2_62779ad2,HDAC2,af3_holo_iptm,0.302,0.230,,2026-07-29
of3_holo_KEAP1_4f11b8e4,KEAP1,af3_holo_iptm,0.302,0.446,,2026-08-01
of3_holo_MAPK14_7107b062,MAPK14,af3_holo_iptm,0.302,0.187,,2026-07-29
of3_holo_MAPK14_e732ba3b,MAPK14,af3_holo_iptm,0.302,0.225,,2026-08-02
of3_holo_MAPK14_29c84f1d,MAPK14,af3_holo_iptm,0.302,0.201,,2026-07-29
of3_holo_MAPK12_b7baab4e,MAPK12,af3_holo_iptm,0.302,0.223,,2026-07-29
of3_holo_MAPK11_e9ae08ad,MAPK11,af3_holo_iptm,0.302,0.222,,2026-07-29
of3_holo_MAPK11_92941bd7,MAPK11,af3_holo_iptm,0.302,0.195,,2026-07-29
of3_holo_KEAP1_9dad2382,KEAP1,af3_holo_iptm,0.302,0.445,,2026-08-02
of3_holo_MAPKAPK2_ff634038,MAPKAPK2,af3_holo_iptm,0.302,0.224,,2026-07-29
of3_holo_MAPK11_5a308e61,MAPK11,af3_holo_iptm,0.302,0.222,,2026-07-29
of3_holo_PGK1_a8565798,PGK1,af3_holo_iptm,0.302,0.335,,2026-07-29
of3_holo_KEAP1_591d1e4b,KEAP1,af3_holo_iptm,0.302,0.453,,2026-08-02
of3_holo_KEAP1_d307c9b8,KEAP1,af3_holo_iptm,0.302,0.452,,2026-07-29
of3_holo_MAPK11_eb6ab37b,MAPK11,af3_holo_iptm,0.302,0.226,,2026-07-29
of3_holo_MAPK11_365cf0fd,MAPK11,af3_holo_iptm,0.301,0.244,,2026-07-29
of3_holo_MAPK11_721bccb6,MAPK11,af3_holo_iptm,0.301,0.211,,2026-07-29
of3_holo_MAPK11_9649f109,MAPK11,af3_holo_iptm,0.301,0.209,,2026-07-29
of3_holo_MAPK14_5d7b07cf,MAPK14,af3_holo_iptm,0.301,0.202,,2026-07-29
of3_holo_MAPK11_77b28f8c,MAPK11,af3_holo_iptm,0.301,0.249,,2026-07-29
of3_holo_MAPK14_5efe4598,MAPK14,af3_holo_iptm,0.301,0.205,,2026-07-29
of3_holo_MAPK14_4628cb80,MAPK14,af3_holo_iptm,0.301,0.202,,2026-07-29
of3_holo_MAPK14_f6733733,MAPK14,af3_holo_iptm,0.301,0.204,,2026-07-29
of3_holo_MAPKAPK2_c308f883,MAPKAPK2,af3_holo_iptm,0.301,0.229,,2026-07-29
of3_holo_MAPK11_d9aee38f,MAPK11,af3_holo_iptm,0.301,0.207,,2026-07-29
of3_holo_MAPK11_94cb7180,MAPK11,af3_holo_iptm,0.301,0.224,,2026-07-29
of3_holo_MAPK14_f080a259,MAPK14,af3_holo_iptm,0.301,0.209,,2026-07-29
of3_holo_KEAP1_579e95f7,KEAP1,af3_holo_iptm,0.301,0.448,,2026-08-02
of3_holo_KEAP1_bd423ed0,KEAP1,af3_holo_iptm,0.301,0.343,,2026-08-14
of3_holo_MAPK14_4d1987be,MAPK14,af3_holo_iptm,0.301,0.222,,2026-07-29
of3_holo_MAPK14_38c2a7dd,MAPK14,af3_holo_iptm,0.301,0.204,,2026-07-29
of3_holo_MAPK11_f29299da,MAPK11,af3_holo_iptm,0.300,0.201,,2026-07-29
of3_holo_MAPK14_120582a8,MAPK14,af3_holo_iptm,0.300,0.240,,2026-07-29
of3_holo_MAPK14_63acccff,MAPK14,af3_holo_iptm,0.300,0.202,,2026-07-29
of3_holo_MAPK14_e00a4839,MAPK14,af3_holo_iptm,0.300,0.230,,2026-07-29
of3_holo_MAPK11_fb2023fc,MAPK11,af3_holo_iptm,0.300,0.208,,2026-07-29
of3_holo_MAPK14_9940c6a2,MAPK14,af3_holo_iptm,0.300,0.190,,2026-07-29
binder182_musk_ig2_x_musk_ig2_117_210,"",af3_iptm,0.300,0.630,0.360,2026-07-25
71_fundc1_x_map1lc3b,"",af3_iptm,0.300,0.420,0.490,2026-06-21
agrn_1_130_x_tp53_323_356,"",af3_iptm,0.300,0.520,0.550,2026-07-16
40_mapk14_x_tab2,"",af3_iptm,0.300,0.400,0.590,2026-06-12
011_mapk10_x_map3k12,"",af3_iptm,0.300,0.350,0.540,2026-06-21
cfl2_x_tp53,"",af3_iptm,0.300,0.410,0.480,2026-05-25
71_fundc1_x_map1lc3b,"",af3_iptm,0.300,0.420,0.490,2026-06-19
mtor_x_rheb,"",af3_iptm,0.300,0.600,0.390,2026-06-29
gdnf_none_none_x_tp53_323_356,"",af3_iptm,0.300,0.410,0.630,2026-07-15
20_mapkapk2_x_cdc25c_1_260,"",af3_iptm,0.300,0.520,0.610,2026-06-10
binder6044_agrn_x_agrn_lg3_1868_2065,"",af3_iptm,0.300,0.700,0.380,2026-07-24
tsc2_x_rheb,"",af3_iptm,0.300,0.600,0.370,2026-06-29
dnm1l_1_500_tetramer_gtp,"",af3_iptm,0.300,0.370,0.310,2026-08-10
011_mapk10_x_map3k12,"",af3_iptm,0.300,0.350,0.540,2026-06-18
rapsn_x_nrg1,"",af3_iptm,0.300,0.460,0.560,2026-05-21
stmn2_x_rock2_kd,"",af3_iptm,0.300,0.590,,2026-05-27
tardbp_x_bcl2_7105c3d3,"",af3_iptm,0.300,0.340,0.500,2026-06-29
mtor_x_rheb,"",af3_iptm,0.300,0.600,0.390,2026-06-30
hnrnpa2b1_x_hnrnpu,"",af3_iptm,0.300,0.420,0.550,2026-05-22
rapsn_none_none_x_chrnd_340_400,"",af3_iptm,0.300,0.770,0.440,2026-07-30
dnm1l_1_500_tetramer_gtp_s7,"",af3_iptm,0.300,0.370,0.310,2026-08-10
026_mapk10_x_atf3,"",af3_iptm,0.300,0.560,0.540,2026-06-18
nrg1_176_246_x_gemin5_1023_1287,"",af3_iptm,0.300,0.740,0.400,2026-07-28
keap1_x_ws1bnone_1184,"",af3_iptm,0.300,0.730,0.380,2026-07-03
agrn_130_300_x_tp53_323_356,"",af3_iptm,0.300,0.440,0.570,2026-07-16
deptor_none_none_x_smn1_260_294,"",af3_iptm,0.300,0.360,0.440,2026-07-15
19_kcnb1_410_858_x_ank2_1_950,"",af3_iptm,0.300,0.550,0.550,2026-06-08
keap1_kelch_x_ripk3,"",af3_iptm,0.300,0.410,0.450,2026-05-26
19_kcnb1_410_858_x_ank2_1_950,"",af3_iptm,0.300,0.550,0.550,2026-06-05
40_mapk14_x_tab2,"",af3_iptm,0.300,0.400,0.590,2026-06-14
agrn_130_300_x_tp53_323_356_2,"",af3_iptm,0.300,0.440,0.570,2026-08-06
04_smn1_x_gemin5_1_740,"",af3_iptm,0.300,0.690,0.510,2026-06-10
pfn2_x_rapsn,"",af3_iptm,0.300,0.650,0.380,2026-05-27
of3_holo_KEAP1_f754a7c6,KEAP1,af3_holo_iptm,0.300,0.456,,2026-07-29
of3_holo_MAPK12_040882a1,MAPK12,af3_holo_iptm,0.300,0.210,,2026-07-29
of3_holo_MAPK11_3712a9d2,MAPK11,af3_holo_iptm,0.300,0.232,,2026-07-29
of3_holo_MAPK11_954c9403,MAPK11,af3_holo_iptm,0.300,0.220,,2026-07-29
of3_holo_MAPK14_6d413ad2,MAPK14,af3_holo_iptm,0.300,0.218,,2026-07-29
of3_holo_MAPKAPK2_7bc95bd1,MAPKAPK2,af3_holo_iptm,0.300,0.226,,2026-07-29
of3_holo_MAPK14_ae545d1b,MAPK14,af3_holo_iptm,0.300,0.221,,2026-07-29
of3_holo_MAPK11_ab54566c,MAPK11,af3_holo_iptm,0.300,0.212,,2026-07-29
of3_holo_MAPK11_68a1116d,MAPK11,af3_holo_iptm,0.300,0.236,,2026-07-29
of3_holo_MAPK14_b32b120d,MAPK14,af3_holo_iptm,0.300,0.210,,2026-07-29
of3_holo_MAPK14_6f892ac1,MAPK14,af3_holo_iptm,0.300,0.195,,2026-07-29
of3_holo_MAPK14_82710624,MAPK14,af3_holo_iptm,0.300,0.198,,2026-07-29
of3_holo_DNM1L_787410ff,DNM1L,af3_holo_iptm,0.300,0.204,,2026-07-30
of3_holo_PGK1_42b29051,PGK1,af3_holo_iptm,0.299,0.390,,2026-07-29
of3_holo_MAPK14_d5b893e4,MAPK14,af3_holo_iptm,0.299,0.208,,2026-07-29
of3_holo_KEAP1_21dba6cb,KEAP1,af3_holo_iptm,0.299,0.443,,2026-08-02
of3_holo_MAPK14_5b41b657,MAPK14,af3_holo_iptm,0.299,0.218,,2026-07-29
of3_holo_MAPK11_cd332d4e,MAPK11,af3_holo_iptm,0.299,0.203,,2026-07-29
of3_holo_MAPK11_7e9a7619,MAPK11,af3_holo_iptm,0.299,0.223,,2026-07-29
of3_holo_HDAC2_d8ff065d,HDAC2,af3_holo_iptm,0.299,0.254,,2026-07-29
of3_holo_MAPK11_94e94a7d,MAPK11,af3_holo_iptm,0.299,0.208,,2026-07-29
of3_holo_KEAP1_b2d5c5ec,KEAP1,af3_holo_iptm,0.299,0.441,,2026-07-29
of3_holo_MAPK11_d17608ce,MAPK11,af3_holo_iptm,0.299,0.318,,2026-07-29
of3_holo_PGK1_b5c4e8ae,PGK1,af3_holo_iptm,0.299,0.362,,2026-07-29
of3_holo_MAPK14_c115c158,MAPK14,af3_holo_iptm,0.299,0.203,,2026-07-29
of3_holo_MAPK14_9fe57906,MAPK14,af3_holo_iptm,0.299,0.201,,2026-07-29
of3_holo_MAPK14_547d0925,MAPK14,af3_holo_iptm,0.299,0.205,,2026-07-29
of3_holo_MAPK14_b79b6aac,MAPK14,af3_holo_iptm,0.299,0.206,,2026-08-02
of3_holo_MAPK14_79db4524,MAPK14,af3_holo_iptm,0.299,0.186,,2026-07-29
of3_holo_MAPK14_216de98c,MAPK14,af3_holo_iptm,0.299,0.216,,2026-07-29
of3_holo_KEAP1_56b7e4c5,KEAP1,af3_holo_iptm,0.299,0.440,,2026-08-02
of3_holo_MAPK14_4aa31439,MAPK14,af3_holo_iptm,0.299,0.241,,2026-07-31
of3_holo_MAPK11_16370176,MAPK11,af3_holo_iptm,0.299,0.220,,2026-07-29
of3_holo_MAPK14_72c7edc5,MAPK14,af3_holo_iptm,0.299,0.229,,2026-07-29
of3_holo_KEAP1_e9a39e43,KEAP1,af3_holo_iptm,0.299,0.455,,2026-07-30
of3_holo_MAPK11_7ca02657,MAPK11,af3_holo_iptm,0.299,0.206,,2026-07-29
of3_holo_MAPK11_f99ee410,MAPK11,af3_holo_iptm,0.299,0.358,,2026-07-29
of3_holo_MAPK11_2fd1536d,MAPK11,af3_holo_iptm,0.298,0.222,,2026-07-29
of3_holo_MAPK11_419b3b0e,MAPK11,af3_holo_iptm,0.298,0.211,,2026-07-29
of3_holo_PGK1_ba81242c,PGK1,af3_holo_iptm,0.298,0.364,,2026-07-30
of3_holo_MAPK14_b5a2ec49,MAPK14,af3_holo_iptm,0.298,0.196,,2026-07-29
of3_holo_DNM1L_659e59c8,DNM1L,af3_holo_iptm,0.298,0.192,,2026-07-29
of3_holo_MAPK14_0cd499a5,MAPK14,af3_holo_iptm,0.298,0.191,,2026-07-29
of3_holo_MAPK14_b9e08744,MAPK14,af3_holo_iptm,0.298,0.206,,2026-07-29
of3_holo_MAPK11_b8949db4,MAPK11,af3_holo_iptm,0.298,0.372,,2026-07-29
of3_holo_MAPK11_37f1f8ae,MAPK11,af3_holo_iptm,0.298,0.199,,2026-07-29
of3_holo_KEAP1_8621c96c,KEAP1,af3_holo_iptm,0.298,0.454,,2026-07-29
of3_holo_MAPK11_abba76eb,MAPK11,af3_holo_iptm,0.298,0.198,,2026-07-29
of3_holo_MAPK14_b9db18de,MAPK14,af3_holo_iptm,0.298,0.215,,2026-07-29
of3_holo_MAPK14_aec6921e,MAPK14,af3_holo_iptm,0.298,0.204,,2026-07-29
of3_holo_MAPK14_28b695e6,MAPK14,af3_holo_iptm,0.298,0.191,,2026-07-29
of3_holo_MAPK14_6d709bf6,MAPK14,af3_holo_iptm,0.298,0.198,,2026-07-29
of3_holo_MAPK11_f3378501,MAPK11,af3_holo_iptm,0.298,0.200,,2026-07-29
of3_holo_MAPK12_6f727248,MAPK12,af3_holo_iptm,0.298,0.257,,2026-07-29
of3_holo_MAPK14_61c76973,MAPK14,af3_holo_iptm,0.298,0.183,,2026-07-29
of3_holo_MAPKAPK2_fb15ddb5,MAPKAPK2,af3_holo_iptm,0.298,0.223,,2026-08-02
of3_holo_PGK1_0e6273a3,PGK1,af3_holo_iptm,0.298,0.382,,2026-07-29
of3_holo_MAPK11_e990493e,MAPK11,af3_holo_iptm,0.298,0.269,,2026-07-29
of3_holo_MAPK11_f33f39bd,MAPK11,af3_holo_iptm,0.298,0.232,,2026-07-29
of3_holo_MAPK11_e75bc803,MAPK11,af3_holo_iptm,0.298,0.203,,2026-07-29
of3_holo_MAPK12_a2d66660,MAPK12,af3_holo_iptm,0.298,0.232,,2026-07-29
of3_holo_PGK1_74c1d72b,PGK1,af3_holo_iptm,0.298,0.361,,2026-07-29
of3_holo_MAPK14_dea7cb1e,MAPK14,af3_holo_iptm,0.298,0.198,,2026-07-29
of3_holo_MAPK14_1434e37b,MAPK14,af3_holo_iptm,0.298,0.236,,2026-07-29
of3_holo_MAPK14_8b62571c,MAPK14,af3_holo_iptm,0.297,0.235,,2026-07-29
of3_holo_MAPK14_208b0604,MAPK14,af3_holo_iptm,0.297,0.194,,2026-08-02
of3_holo_MAPK11_afd9402d,MAPK11,af3_holo_iptm,0.297,0.202,,2026-07-29
of3_holo_MAPK11_b373cda5,MAPK11,af3_holo_iptm,0.297,0.218,,2026-07-29
of3_holo_MAPK11_fe25b36c,MAPK11,af3_holo_iptm,0.297,0.213,,2026-07-29
of3_holo_MAPK14_e4b87553,MAPK14,af3_holo_iptm,0.297,0.196,,2026-07-29
of3_holo_KEAP1_c3169f40,KEAP1,af3_holo_iptm,0.297,0.449,,2026-08-02
of3_holo_MAPK14_c09617ad,MAPK14,af3_holo_iptm,0.297,0.202,,2026-07-29
of3_holo_MAPK12_7082e9ab,MAPK12,af3_holo_iptm,0.297,0.201,,2026-07-29
of3_holo_MAPK14_442677ab,MAPK14,af3_holo_iptm,0.297,0.200,,2026-07-29
of3_holo_MAPK11_edc597e5,MAPK11,af3_holo_iptm,0.297,0.211,,2026-07-29
of3_holo_KEAP1_41ee983b,KEAP1,af3_holo_iptm,0.297,0.451,,2026-07-29
of3_holo_DNM1L_d147d845,DNM1L,af3_holo_iptm,0.297,0.190,,2026-08-11
of3_holo_MAPK11_53291feb,MAPK11,af3_holo_iptm,0.297,0.202,,2026-07-29
of3_holo_MAPK11_fcc0d2ac,MAPK11,af3_holo_iptm,0.297,0.228,,2026-07-29
of3_holo_MAPK14_4b65cb6f,MAPK14,af3_holo_iptm,0.297,0.201,,2026-08-02
of3_holo_KEAP1_ea4838f8,KEAP1,af3_holo_iptm,0.297,0.465,,2026-07-29
of3_holo_MAPK11_ac3ab53d,MAPK11,af3_holo_iptm,0.297,0.214,,2026-07-29
of3_holo_MAPK11_debe424d,MAPK11,af3_holo_iptm,0.296,0.222,,2026-07-29
of3_holo_MAPK11_85311c2c,MAPK11,af3_holo_iptm,0.296,0.189,,2026-07-29
of3_holo_KEAP1_49d06ee9,KEAP1,af3_holo_iptm,0.296,0.449,,2026-07-29
of3_holo_KEAP1_600d5b9f,KEAP1,af3_holo_iptm,0.296,0.449,,2026-08-02
of3_holo_MAPK14_7adaa3af,MAPK14,af3_holo_iptm,0.296,0.215,,2026-07-29
of3_holo_MAPK12_277157f4,MAPK12,af3_holo_iptm,0.296,0.211,,2026-07-29
of3_holo_MAPK11_78d2df4c,MAPK11,af3_holo_iptm,0.296,0.220,,2026-07-29
of3_holo_MAPK14_98c53274,MAPK14,af3_holo_iptm,0.296,0.203,,2026-07-29
of3_holo_MAPK14_c628217f,MAPK14,af3_holo_iptm,0.296,0.224,,2026-07-29
of3_holo_MAPK11_8b287f35,MAPK11,af3_holo_iptm,0.296,0.204,,2026-07-29
of3_holo_MAPK11_bdc6530b,MAPK11,af3_holo_iptm,0.296,0.204,,2026-07-29
of3_holo_MAPK11_41c37459,MAPK11,af3_holo_iptm,0.296,0.201,,2026-07-29
of3_holo_MAPK12_53095b14,MAPK12,af3_holo_iptm,0.296,0.210,,2026-07-29
of3_holo_MAPK12_ee77c3b6,MAPK12,af3_holo_iptm,0.296,0.231,,2026-07-29
of3_holo_KEAP1_613aac7e,KEAP1,af3_holo_iptm,0.296,0.448,,2026-07-29
of3_holo_MAPK14_a55d3abf,MAPK14,af3_holo_iptm,0.296,0.231,,2026-08-02
of3_holo_MAPK14_3fbafb96,MAPK14,af3_holo_iptm,0.296,0.204,,2026-07-29
of3_holo_MAPK14_086e11c3,MAPK14,af3_holo_iptm,0.296,0.201,,2026-07-29
of3_holo_MAPK14_e50aa495,MAPK14,af3_holo_iptm,0.296,0.221,,2026-07-29
of3_holo_MAPK11_c9eaab17,MAPK11,af3_holo_iptm,0.295,0.219,,2026-07-29
of3_holo_MAPK12_9bf53e06,MAPK12,af3_holo_iptm,0.295,0.209,,2026-07-29
of3_holo_MAPK11_f2206930,MAPK11,af3_holo_iptm,0.295,0.205,,2026-07-29
of3_holo_KEAP1_9fbf9223,KEAP1,af3_holo_iptm,0.295,0.448,,2026-08-01
of3_holo_KEAP1_588771ce,KEAP1,af3_holo_iptm,0.295,0.452,,2026-07-29
of3_holo_MAPK14_6d1dee72,MAPK14,af3_holo_iptm,0.295,0.200,,2026-07-29
of3_holo_MAPK14_5e2ab9ef,MAPK14,af3_holo_iptm,0.295,0.209,,2026-07-29
of3_holo_MAPK14_9605c25f,MAPK14,af3_holo_iptm,0.295,0.196,,2026-07-29
of3_holo_MAPK11_dab61840,MAPK11,af3_holo_iptm,0.295,0.249,,2026-07-29
of3_holo_KEAP1_954400b0,KEAP1,af3_holo_iptm,0.295,0.456,,2026-08-02
of3_holo_MAPK14_0caa9f32,MAPK14,af3_holo_iptm,0.295,0.224,,2026-07-29
of3_holo_MAPK14_1d88f744,MAPK14,af3_holo_iptm,0.295,0.191,,2026-07-29
of3_holo_MAPK14_2e81c1b1,MAPK14,af3_holo_iptm,0.295,0.230,,2026-07-29
of3_holo_MAPKAPK2_b335a6b4,MAPKAPK2,af3_holo_iptm,0.295,0.206,,2026-07-29
of3_holo_MAPK11_2ef949c7,MAPK11,af3_holo_iptm,0.295,0.194,,2026-07-29
of3_holo_MAPK11_0dffd085,MAPK11,af3_holo_iptm,0.295,0.224,,2026-07-29
of3_holo_MAPK12_42ac1e30,MAPK12,af3_holo_iptm,0.295,0.217,,2026-07-29
of3_holo_MAPK12_3ec670df,MAPK12,af3_holo_iptm,0.295,0.224,,2026-07-29
of3_holo_KEAP1_35cf3aea,KEAP1,af3_holo_iptm,0.295,0.439,,2026-07-29
of3_holo_KEAP1_b62db577,KEAP1,af3_holo_iptm,0.295,0.454,,2026-07-30
of3_holo_MAPK14_94d66114,MAPK14,af3_holo_iptm,0.294,0.201,,2026-07-29
of3_holo_MAPK14_3f121da5,MAPK14,af3_holo_iptm,0.294,0.202,,2026-07-29
of3_holo_MAPK14_13f20a67,MAPK14,af3_holo_iptm,0.294,0.186,,2026-08-02
of3_holo_MAPKAPK2_d158afa8,MAPKAPK2,af3_holo_iptm,0.294,0.213,,2026-08-02
of3_holo_MAPKAPK2_561cb02a,MAPKAPK2,af3_holo_iptm,0.294,0.211,,2026-07-29
of3_holo_KEAP1_76dda9db,KEAP1,af3_holo_iptm,0.294,0.457,,2026-07-29
of3_holo_KEAP1_61975066,KEAP1,af3_holo_iptm,0.294,0.461,,2026-07-29
of3_holo_MAPK11_9d90d5ae,MAPK11,af3_holo_iptm,0.294,0.298,,2026-07-29
of3_holo_MAPK14_a393b296,MAPK14,af3_holo_iptm,0.294,0.207,,2026-07-29
of3_holo_MAPK11_4f3351f3,MAPK11,af3_holo_iptm,0.294,0.204,,2026-07-29
of3_holo_KEAP1_6e99cdea,KEAP1,af3_holo_iptm,0.294,0.463,,2026-07-29
of3_holo_MAPK14_447c2efb,MAPK14,af3_holo_iptm,0.294,0.196,,2026-07-29
of3_holo_MAPK14_58d5b4e2,MAPK14,af3_holo_iptm,0.294,0.190,,2026-07-29
of3_holo_MAPK11_fddd4527,MAPK11,af3_holo_iptm,0.293,0.207,,2026-07-29
of3_holo_KEAP1_1b68c835,KEAP1,af3_holo_iptm,0.293,0.452,,2026-08-02
of3_holo_MAPK14_189e1a2e,MAPK14,af3_holo_iptm,0.293,0.204,,2026-07-29
of3_holo_KEAP1_6bdadef6,KEAP1,af3_holo_iptm,0.293,0.459,,2026-08-02
of3_holo_MAPK13_0648c047,MAPK13,af3_holo_iptm,0.293,0.219,,2026-07-29
of3_holo_MAPK11_ba6240f6,MAPK11,af3_holo_iptm,0.293,0.196,,2026-07-29
of3_holo_MAPK14_a3ae98c2,MAPK14,af3_holo_iptm,0.293,0.206,,2026-08-02
of3_holo_MAPK11_ec2adc93,MAPK11,af3_holo_iptm,0.293,0.206,,2026-07-29
of3_holo_MAPK11_5a1a32ef,MAPK11,af3_holo_iptm,0.293,0.223,,2026-07-29
of3_holo_MAPK14_87c8eae6,MAPK14,af3_holo_iptm,0.293,0.189,,2026-07-29
of3_holo_MAPK14_43633e80,MAPK14,af3_holo_iptm,0.293,0.186,,2026-07-29
of3_holo_MAPK12_6cc25ab4,MAPK12,af3_holo_iptm,0.293,0.334,,2026-07-29
of3_holo_MAPK14_904d77d6,MAPK14,af3_holo_iptm,0.293,0.224,,2026-07-29
of3_holo_KEAP1_1329a21e,KEAP1,af3_holo_iptm,0.292,0.454,,2026-08-02
of3_holo_MAPK14_7ff51d46,MAPK14,af3_holo_iptm,0.292,0.187,,2026-07-29
of3_holo_MAPK11_80b5043d,MAPK11,af3_holo_iptm,0.292,0.248,,2026-07-29
of3_holo_MAPK14_56b2700c,MAPK14,af3_holo_iptm,0.292,0.201,,2026-07-29
of3_holo_MAPK12_eee763d0,MAPK12,af3_holo_iptm,0.292,0.365,,2026-07-29
of3_holo_MAPK12_aba74df5,MAPK12,af3_holo_iptm,0.292,0.221,,2026-07-29
of3_holo_MAPK11_6ff06ce6,MAPK11,af3_holo_iptm,0.292,0.201,,2026-07-29
of3_holo_MAPK11_9041c606,MAPK11,af3_holo_iptm,0.292,0.254,,2026-07-29
of3_holo_MAPK14_3bda6160,MAPK14,af3_holo_iptm,0.292,0.199,,2026-07-29
of3_holo_MAPK14_36adebc6,MAPK14,af3_holo_iptm,0.292,0.210,,2026-07-29
of3_holo_MAPK14_9bcc8822,MAPK14,af3_holo_iptm,0.292,0.199,,2026-07-29
of3_holo_KEAP1_ff1cfdff,KEAP1,af3_holo_iptm,0.292,0.457,,2026-07-29
of3_holo_MAPK14_4c0100b4,MAPK14,af3_holo_iptm,0.292,0.253,,2026-07-29
of3_holo_MAPKAPK2_4e65b65c,MAPKAPK2,af3_holo_iptm,0.292,0.227,,2026-08-02
of3_holo_MAPK11_bf090b15,MAPK11,af3_holo_iptm,0.292,0.199,,2026-07-29
of3_holo_DNM1L_5886ce50,DNM1L,af3_holo_iptm,0.292,0.198,,2026-08-11
of3_holo_MAPK14_eff5c041,MAPK14,af3_holo_iptm,0.292,0.226,,2026-07-29
of3_holo_KEAP1_b339ff5e,KEAP1,af3_holo_iptm,0.292,0.448,,2026-08-02
of3_holo_MAPK11_aa9bb012,MAPK11,af3_holo_iptm,0.292,0.201,,2026-07-29
of3_holo_MAPK11_37a20bea,MAPK11,af3_holo_iptm,0.292,0.210,,2026-07-29
of3_holo_MAPK14_5ed4d52f,MAPK14,af3_holo_iptm,0.292,0.197,,2026-08-02
of3_holo_MAPK14_46c49743,MAPK14,af3_holo_iptm,0.291,0.222,,2026-08-02
of3_holo_MAPK11_2757230d,MAPK11,af3_holo_iptm,0.291,0.225,,2026-07-29
of3_holo_MAPK14_3d7a4412,MAPK14,af3_holo_iptm,0.291,0.213,,2026-07-29
of3_holo_MAPK11_fac73607,MAPK11,af3_holo_iptm,0.291,0.199,,2026-07-29
of3_holo_HDAC2_c5f723ba,HDAC2,af3_holo_iptm,0.291,0.204,,2026-07-29
of3_holo_MAPK12_bc1399d9,MAPK12,af3_holo_iptm,0.291,0.220,,2026-07-29
of3_holo_MAPKAPK2_1085cb73,MAPKAPK2,af3_holo_iptm,0.291,0.224,,2026-07-29
of3_holo_KEAP1_25ad957c,KEAP1,af3_holo_iptm,0.291,0.457,,2026-08-01
of3_holo_KEAP1_fabc4de4,KEAP1,af3_holo_iptm,0.291,0.461,,2026-07-29
of3_holo_MAPK11_28bc8d49,MAPK11,af3_holo_iptm,0.291,0.197,,2026-07-29
of3_holo_MAPK11_0af0368d,MAPK11,af3_holo_iptm,0.291,0.217,,2026-07-29
of3_holo_MAPK11_2db8aa0d,MAPK11,af3_holo_iptm,0.291,0.197,,2026-07-29
of3_holo_MAPK14_0227b158,MAPK14,af3_holo_iptm,0.291,0.197,,2026-07-29
of3_holo_MAPK14_5991afb3,MAPK14,af3_holo_iptm,0.291,0.202,,2026-07-29
of3_holo_MAPK14_7b858e0c,MAPK14,af3_holo_iptm,0.291,0.211,,2026-07-29
of3_holo_MAPK11_f1c63fa6,MAPK11,af3_holo_iptm,0.291,0.226,,2026-07-29
of3_holo_KEAP1_f2c9475a,KEAP1,af3_holo_iptm,0.291,0.456,,2026-07-29
of3_holo_MAPK11_6cb04668,MAPK11,af3_holo_iptm,0.290,0.208,,2026-07-29
of3_holo_MAPK11_450ac70a,MAPK11,af3_holo_iptm,0.290,0.205,,2026-07-29
of3_holo_PGK1_7c926711,PGK1,af3_holo_iptm,0.290,0.383,,2026-07-30
of3_holo_MAPK11_270ac5e5,MAPK11,af3_holo_iptm,0.290,0.218,,2026-07-29
of3_holo_MAPK11_e885ee87,MAPK11,af3_holo_iptm,0.290,0.211,,2026-07-29
of3_holo_MAPK11_68ff7ede,MAPK11,af3_holo_iptm,0.290,0.367,,2026-07-29
of3_holo_MAPK11_bc9dafe1,MAPK11,af3_holo_iptm,0.290,0.359,,2026-07-29
58_sirt3_x_ppif,"",af3_iptm,0.290,0.480,0.460,2026-06-21
ncald_x_nrg1,"",af3_iptm,0.290,0.300,0.570,2026-05-25
ncald_x_limk2,"",af3_iptm,0.290,0.510,0.400,2026-05-25
sarm1_1_724_nmnat2_nad,"",af3_iptm,0.290,0.550,0.400,2026-08-03
a_x_b_0c76f70a,"",af3_iptm,0.290,0.580,0.470,2026-07-30
81_nfe2l2_x_cebpb,"",af3_iptm,0.290,0.290,0.670,2026-06-12
gfra3_x_agrn_f6650f51,"",af3_iptm,0.290,0.310,0.370,2026-06-28
mtor_2251_2501_x_nrg1_176_246,"",af3_iptm,0.290,0.470,0.450,2026-07-28
limk2_x_ripk3,"",af3_iptm,0.290,0.330,0.440,2026-05-26
musk_fz_dimer_312_450_s7,"",af3_iptm,0.290,0.550,0.340,2026-08-06
dok7_ph_x_musk_kin,"",af3_iptm,0.290,0.680,0.390,2026-05-16
binder8965_keap1_x_keap1_kelch_321_609,"",af3_iptm,0.290,0.770,0.390,2026-07-20
rapsn_none_none_x_chrne_330_390,"",af3_iptm,0.290,0.760,0.460,2026-07-30
bcl2l1_x_smn1,"",af3_iptm,0.290,0.380,0.580,2026-05-22
nmj_musk_fzcrd_dimer_s7,"",af3_iptm,0.290,0.550,0.340,2026-08-15
nmj_musk_kinase_dimer_atp_s42,"",af3_iptm,0.290,0.480,0.360,2026-08-15
tardbp_104_176_x_tp53_363_393,"",af3_iptm,0.290,0.690,0.520,2026-07-08
binder6811_lrp4_x_lrp4_beta1_prop_435_697,"",af3_iptm,0.290,0.730,0.380,2026-07-21
deptor_322_409_x_nrg1_176_246,"",af3_iptm,0.290,0.520,0.390,2026-06-29
63_snph_x_snph,"",af3_iptm,0.290,0.290,0.670,2026-06-07
dok7_ph_x_musk_kin,"",af3_iptm,0.290,0.680,0.390,2026-05-17
of3_holo_MAPK11_ca705492,MAPK11,af3_holo_iptm,0.290,0.200,,2026-07-29
of3_holo_MAPK14_d30dac72,MAPK14,af3_holo_iptm,0.290,0.209,,2026-07-29
of3_holo_MAPK14_0f0fde9c,MAPK14,af3_holo_iptm,0.290,0.240,,2026-07-29
of3_holo_MAPK14_6025392d,MAPK14,af3_holo_iptm,0.290,0.218,,2026-07-29
of3_holo_MAPK11_9c1cbb06,MAPK11,af3_holo_iptm,0.290,0.213,,2026-07-29
of3_holo_MAPK14_ea2d32fd,MAPK14,af3_holo_iptm,0.290,0.230,,2026-07-29
of3_holo_HDAC2_5ca14229,HDAC2,af3_holo_iptm,0.290,0.266,,2026-07-29
of3_holo_MAPK14_620be32c,MAPK14,af3_holo_iptm,0.290,0.208,,2026-07-29
of3_holo_MAPK11_b3f36135,MAPK11,af3_holo_iptm,0.290,0.229,,2026-07-29
of3_holo_MAPK11_b6db6730,MAPK11,af3_holo_iptm,0.290,0.226,,2026-07-29
of3_holo_KEAP1_5896853c,KEAP1,af3_holo_iptm,0.290,0.458,,2026-08-02
of3_holo_KEAP1_c058c723,KEAP1,af3_holo_iptm,0.290,0.453,,2026-07-29
of3_holo_MAPK14_bc89f849,MAPK14,af3_holo_iptm,0.290,0.226,,2026-08-02
of3_holo_MAPK14_7aaf17ad,MAPK14,af3_holo_iptm,0.290,0.184,,2026-07-29
of3_holo_MAPK14_9ab54eaa,MAPK14,af3_holo_iptm,0.289,0.210,,2026-07-29
of3_holo_MAPK14_2f7fc343,MAPK14,af3_holo_iptm,0.289,0.189,,2026-07-29
of3_holo_MAPK11_3e3892e6,MAPK11,af3_holo_iptm,0.289,0.217,,2026-07-29
of3_holo_MAPK14_02090369,MAPK14,af3_holo_iptm,0.289,0.197,,2026-07-29
of3_holo_MAPKAPK2_0b1f1c14,MAPKAPK2,af3_holo_iptm,0.289,0.202,,2026-07-29
of3_holo_MAPK11_791639b2,MAPK11,af3_holo_iptm,0.289,0.208,,2026-07-29
of3_holo_MAPK11_16605cb3,MAPK11,af3_holo_iptm,0.289,0.209,,2026-07-29
of3_holo_MAPK14_98258edd,MAPK14,af3_holo_iptm,0.289,0.201,,2026-07-29
of3_holo_MAPK11_98ea8570,MAPK11,af3_holo_iptm,0.289,0.201,,2026-07-29
of3_holo_MAPK14_991451f9,MAPK14,af3_holo_iptm,0.289,0.216,,2026-07-29
of3_holo_MAPK11_e3afb879,MAPK11,af3_holo_iptm,0.289,0.221,,2026-07-29
of3_holo_MAPK11_f3e71b71,MAPK11,af3_holo_iptm,0.289,0.219,,2026-07-29
of3_holo_MAPK11_8edd5d9e,MAPK11,af3_holo_iptm,0.289,0.276,,2026-07-29
of3_holo_KEAP1_f7d19aff,KEAP1,af3_holo_iptm,0.289,0.456,,2026-08-01
of3_holo_MAPK14_e233a726,MAPK14,af3_holo_iptm,0.289,0.209,,2026-07-29
of3_holo_MAPK14_b6de5df6,MAPK14,af3_holo_iptm,0.289,0.203,,2026-07-29
of3_holo_MAPK11_e648c29c,MAPK11,af3_holo_iptm,0.289,0.215,,2026-07-29
of3_holo_KEAP1_a6d64bff,KEAP1,af3_holo_iptm,0.288,0.461,,2026-07-29
of3_holo_MAPK11_1e4f337f,MAPK11,af3_holo_iptm,0.288,0.256,,2026-07-29
of3_holo_KEAP1_b3c1d594,KEAP1,af3_holo_iptm,0.288,0.463,,2026-07-29
of3_holo_MAPK11_465daf54,MAPK11,af3_holo_iptm,0.288,0.193,,2026-07-29
of3_holo_MAPK12_8f0172bb,MAPK12,af3_holo_iptm,0.288,0.270,,2026-07-29
of3_holo_MAPK11_c897d453,MAPK11,af3_holo_iptm,0.288,0.224,,2026-07-29
of3_holo_KEAP1_841987be,KEAP1,af3_holo_iptm,0.288,0.450,,2026-08-02
of3_holo_MAPK14_1b36ea7e,MAPK14,af3_holo_iptm,0.288,0.235,,2026-07-29
of3_holo_KEAP1_4fd2a2e3,KEAP1,af3_holo_iptm,0.288,0.455,,2026-08-02
of3_holo_MAPK11_948812de,MAPK11,af3_holo_iptm,0.288,0.198,,2026-07-29
of3_holo_KEAP1_a700593c,KEAP1,af3_holo_iptm,0.288,0.456,,2026-08-02
of3_holo_MAPK11_39e57bb7,MAPK11,af3_holo_iptm,0.288,0.236,,2026-07-29
of3_holo_MAPK14_c2b2f936,MAPK14,af3_holo_iptm,0.288,0.191,,2026-07-29
of3_holo_HDAC2_637cc452,HDAC2,af3_holo_iptm,0.288,0.226,,2026-07-29
of3_holo_MAPK14_40c91a6a,MAPK14,af3_holo_iptm,0.288,0.211,,2026-07-29
of3_holo_MAPK14_1f100527,MAPK14,af3_holo_iptm,0.288,0.208,,2026-07-29
of3_holo_KEAP1_5b8070d9,KEAP1,af3_holo_iptm,0.287,0.452,,2026-08-02
of3_holo_MAPK14_c33e4de6,MAPK14,af3_holo_iptm,0.287,0.190,,2026-07-29
of3_holo_MAPK14_35c40330,MAPK14,af3_holo_iptm,0.287,0.180,,2026-07-29
of3_holo_MAPK11_844833e4,MAPK11,af3_holo_iptm,0.287,0.217,,2026-07-29
of3_holo_MAPK11_418ff123,MAPK11,af3_holo_iptm,0.287,0.208,,2026-07-29
of3_holo_MAPK14_1a7c7752,MAPK14,af3_holo_iptm,0.287,0.232,,2026-07-29
of3_holo_MAPK11_26402a4c,MAPK11,af3_holo_iptm,0.287,0.204,,2026-07-29
of3_holo_MAPK14_41403b1d,MAPK14,af3_holo_iptm,0.287,0.219,,2026-07-29
of3_holo_MAPK14_9fe4bdf6,MAPK14,af3_holo_iptm,0.287,0.192,,2026-08-02
of3_holo_MAPK11_078a0cb4,MAPK11,af3_holo_iptm,0.287,0.233,,2026-07-29
of3_holo_KEAP1_b8be75a5,KEAP1,af3_holo_iptm,0.287,0.456,,2026-07-29
of3_holo_MAPK12_9aafadb8,MAPK12,af3_holo_iptm,0.287,0.212,,2026-07-29
of3_holo_MAPK11_31806b74,MAPK11,af3_holo_iptm,0.287,0.195,,2026-07-29
of3_holo_MAPK11_1540f891,MAPK11,af3_holo_iptm,0.287,0.221,,2026-07-29
of3_holo_MAPK12_5a9b01f8,MAPK12,af3_holo_iptm,0.287,0.231,,2026-07-29
of3_holo_MAPK11_451864c8,MAPK11,af3_holo_iptm,0.287,0.197,,2026-07-29
of3_holo_MAPK11_b621834d,MAPK11,af3_holo_iptm,0.287,0.222,,2026-07-29
of3_holo_MAPK14_13062eff,MAPK14,af3_holo_iptm,0.286,0.213,,2026-07-29
of3_holo_MAPK11_616ccd88,MAPK11,af3_holo_iptm,0.286,0.212,,2026-07-29
of3_holo_MAPK14_f5edd21e,MAPK14,af3_holo_iptm,0.286,0.185,,2026-07-29
of3_holo_MAPK13_1ee12c6f,MAPK13,af3_holo_iptm,0.286,0.203,,2026-07-29
of3_holo_MAPK11_41740e12,MAPK11,af3_holo_iptm,0.286,0.200,,2026-07-29
of3_holo_MAPK11_fa5632bd,MAPK11,af3_holo_iptm,0.286,0.269,,2026-07-29
of3_holo_MAPK14_315a8a54,MAPK14,af3_holo_iptm,0.286,0.196,,2026-07-29
of3_holo_MAPK14_17a35767,MAPK14,af3_holo_iptm,0.286,0.178,,2026-07-29
of3_holo_MAPK14_907472a6,MAPK14,af3_holo_iptm,0.286,0.208,,2026-07-29
of3_holo_MAPK14_af10489a,MAPK14,af3_holo_iptm,0.286,0.219,,2026-07-29
of3_holo_KEAP1_9b4e41f8,KEAP1,af3_holo_iptm,0.286,0.456,,2026-07-29
of3_holo_MAPK11_b1642361,MAPK11,af3_holo_iptm,0.286,0.227,,2026-07-29
of3_holo_KEAP1_c0863e9e,KEAP1,af3_holo_iptm,0.286,0.448,,2026-08-01
of3_holo_MAPK14_d1c11062,MAPK14,af3_holo_iptm,0.286,0.230,,2026-07-29
of3_holo_MAPK14_a3d462f3,MAPK14,af3_holo_iptm,0.286,0.227,,2026-07-29
of3_holo_KEAP1_57ec68ab,KEAP1,af3_holo_iptm,0.286,0.450,,2026-08-02
of3_holo_MAPKAPK2_2a0ec76d,MAPKAPK2,af3_holo_iptm,0.286,0.210,,2026-07-29
of3_holo_MAPK14_e2ba3450,MAPK14,af3_holo_iptm,0.286,0.189,,2026-07-29
of3_holo_MAPK14_2942073e,MAPK14,af3_holo_iptm,0.286,0.199,,2026-07-29
of3_holo_KEAP1_e5b3f8ce,KEAP1,af3_holo_iptm,0.286,0.453,,2026-07-29
of3_holo_KEAP1_f756b335,KEAP1,af3_holo_iptm,0.285,0.448,,2026-07-29
of3_holo_KEAP1_d22e9cee,KEAP1,af3_holo_iptm,0.285,0.453,,2026-08-02
of3_holo_MAPK11_87771d1d,MAPK11,af3_holo_iptm,0.285,0.192,,2026-07-29
of3_holo_MAPK11_4462b88f,MAPK11,af3_holo_iptm,0.285,0.227,,2026-07-29
of3_holo_MAPK14_6108bfa8,MAPK14,af3_holo_iptm,0.285,0.198,,2026-07-29
of3_holo_KEAP1_6eb18520,KEAP1,af3_holo_iptm,0.285,0.458,,2026-08-02
of3_holo_MAPK14_15a439c1,MAPK14,af3_holo_iptm,0.285,0.194,,2026-07-29
of3_holo_MAPK14_95dce94b,MAPK14,af3_holo_iptm,0.285,0.201,,2026-07-29
of3_holo_MAPK11_104aa5d5,MAPK11,af3_holo_iptm,0.285,0.211,,2026-07-29
of3_holo_MAPK14_d76ffec3,MAPK14,af3_holo_iptm,0.285,0.198,,2026-07-29
of3_holo_KEAP1_6f05af3b,KEAP1,af3_holo_iptm,0.285,0.456,,2026-07-29
of3_holo_KEAP1_946e65a5,KEAP1,af3_holo_iptm,0.285,0.451,,2026-07-29
of3_holo_KEAP1_1b0dd11f,KEAP1,af3_holo_iptm,0.285,0.457,,2026-08-02
of3_holo_MAPK12_8c00f7a4,MAPK12,af3_holo_iptm,0.285,0.218,,2026-07-29
of3_holo_MAPK14_dd95f8bf,MAPK14,af3_holo_iptm,0.285,0.204,,2026-07-29
of3_holo_MAPK14_2cd3d602,MAPK14,af3_holo_iptm,0.285,0.207,,2026-07-29
of3_holo_MAPK11_329e6ba1,MAPK11,af3_holo_iptm,0.284,0.225,,2026-07-29
of3_holo_MAPK14_6e0bb6af,MAPK14,af3_holo_iptm,0.284,0.202,,2026-07-29
of3_holo_MAPK14_8d580da9,MAPK14,af3_holo_iptm,0.284,0.205,,2026-07-29
of3_holo_MAPKAPK2_228bf627,MAPKAPK2,af3_holo_iptm,0.284,0.210,,2026-07-29
of3_holo_MAPK14_141d1587,MAPK14,af3_holo_iptm,0.284,0.225,,2026-07-29
of3_holo_MAPK11_d64b0576,MAPK11,af3_holo_iptm,0.284,0.214,,2026-07-29
of3_holo_MAPK14_4f0aa4aa,MAPK14,af3_holo_iptm,0.284,0.196,,2026-07-29
of3_holo_MAPKAPK2_845a468d,MAPKAPK2,af3_holo_iptm,0.284,0.227,,2026-08-02
of3_holo_MAPK11_f65b2be1,MAPK11,af3_holo_iptm,0.284,0.224,,2026-07-29
of3_holo_MAPK12_28633a8e,MAPK12,af3_holo_iptm,0.284,0.201,,2026-07-29
of3_holo_MAPK14_5718951a,MAPK14,af3_holo_iptm,0.284,0.214,,2026-07-29
of3_holo_MAPK14_4cfd68e3,MAPK14,af3_holo_iptm,0.284,0.226,,2026-07-29
of3_holo_MAPK11_7d5a8b3a,MAPK11,af3_holo_iptm,0.284,0.343,,2026-07-29
of3_holo_MAPK12_8d0e2a20,MAPK12,af3_holo_iptm,0.284,0.218,,2026-07-29
of3_holo_KEAP1_bb97e529,KEAP1,af3_holo_iptm,0.284,0.455,,2026-07-29
of3_holo_KEAP1_3ae04411,KEAP1,af3_holo_iptm,0.284,0.461,,2026-08-02
of3_holo_MAPK11_81ad540b,MAPK11,af3_holo_iptm,0.284,0.198,,2026-07-29
of3_holo_LDHA_53029a4b,LDHA,af3_holo_iptm,0.284,0.244,,2026-08-02
of3_holo_MAPK12_b9526b63,MAPK12,af3_holo_iptm,0.284,0.215,,2026-07-29
of3_holo_MAPKAPK2_350b3014,MAPKAPK2,af3_holo_iptm,0.284,0.214,,2026-07-29
of3_holo_MAPK11_1d1f93d4,MAPK11,af3_holo_iptm,0.283,0.237,,2026-07-29
of3_holo_MAPKAPK2_aabd2f1e,MAPKAPK2,af3_holo_iptm,0.283,0.227,,2026-08-02
of3_holo_MAPK12_e4b5b8d5,MAPK12,af3_holo_iptm,0.283,0.279,,2026-07-29
of3_holo_MAPK11_f3fe5418,MAPK11,af3_holo_iptm,0.283,0.199,,2026-07-29
of3_holo_MAPK11_25bfc9d2,MAPK11,af3_holo_iptm,0.283,0.200,,2026-07-29
of3_holo_MAPK12_5cde3ba2,MAPK12,af3_holo_iptm,0.283,0.269,,2026-07-29
of3_holo_KEAP1_211b9328,KEAP1,af3_holo_iptm,0.283,0.448,,2026-08-02
of3_holo_MAPK12_db4c35e7,MAPK12,af3_holo_iptm,0.283,0.226,,2026-07-29
of3_holo_MAPK14_dede4e15,MAPK14,af3_holo_iptm,0.283,0.212,,2026-07-29
of3_holo_KEAP1_1dc66ebd,KEAP1,af3_holo_iptm,0.283,0.452,,2026-08-02
of3_holo_MAPK14_e8e86156,MAPK14,af3_holo_iptm,0.283,0.180,,2026-07-29
of3_holo_KEAP1_597b44dc,KEAP1,af3_holo_iptm,0.283,0.440,,2026-07-29
of3_holo_KEAP1_09f4d420,KEAP1,af3_holo_iptm,0.283,0.461,,2026-08-02
of3_holo_KEAP1_9000715e,KEAP1,af3_holo_iptm,0.283,0.447,,2026-07-29
of3_holo_MAPK11_c18b0ac8,MAPK11,af3_holo_iptm,0.283,0.213,,2026-07-29
of3_holo_MAPK14_1a13c017,MAPK14,af3_holo_iptm,0.283,0.198,,2026-07-29
of3_holo_MAPK14_ad8b4c50,MAPK14,af3_holo_iptm,0.283,0.196,,2026-07-29
of3_holo_KEAP1_0838bcb7,KEAP1,af3_holo_iptm,0.282,0.455,,2026-07-29
of3_holo_MAPK14_b9984f93,MAPK14,af3_holo_iptm,0.282,0.194,,2026-07-29
of3_holo_MAPK11_8b652ae4,MAPK11,af3_holo_iptm,0.282,0.212,,2026-07-29
of3_holo_MAPK12_b23bebc0,MAPK12,af3_holo_iptm,0.282,0.219,,2026-07-29
of3_holo_MAPK12_58e0d476,MAPK12,af3_holo_iptm,0.282,0.219,,2026-07-29
of3_holo_MAPK11_6f93c506,MAPK11,af3_holo_iptm,0.282,0.214,,2026-07-29
of3_holo_HDAC2_b91f4389,HDAC2,af3_holo_iptm,0.282,0.237,,2026-07-29
of3_holo_MAPK12_0c9ba4c3,MAPK12,af3_holo_iptm,0.282,0.226,,2026-07-29
of3_holo_MAPK11_723eac07,MAPK11,af3_holo_iptm,0.282,0.205,,2026-07-29
of3_holo_MAPK11_df8c0f77,MAPK11,af3_holo_iptm,0.282,0.218,,2026-07-29
of3_holo_MAPK14_c05ef1c8,MAPK14,af3_holo_iptm,0.282,0.187,,2026-07-29
of3_holo_MAPK12_7db4e418,MAPK12,af3_holo_iptm,0.282,0.269,,2026-07-29
of3_holo_KEAP1_c0badd7a,KEAP1,af3_holo_iptm,0.282,0.457,,2026-08-02
of3_holo_MAPK14_91cc53da,MAPK14,af3_holo_iptm,0.282,0.217,,2026-08-02
of3_holo_MAPK11_ca9b709c,MAPK11,af3_holo_iptm,0.282,0.304,,2026-07-29
of3_holo_MAPK14_333069ca,MAPK14,af3_holo_iptm,0.282,0.225,,2026-07-29
of3_holo_MAPK11_9395d625,MAPK11,af3_holo_iptm,0.282,0.227,,2026-07-29
of3_holo_KEAP1_938c4312,KEAP1,af3_holo_iptm,0.282,0.452,,2026-08-02
of3_holo_MAPK11_04ce3cb4,MAPK11,af3_holo_iptm,0.282,0.229,,2026-07-29
of3_holo_MAPK14_03582b63,MAPK14,af3_holo_iptm,0.282,0.187,,2026-07-29
of3_holo_MAPK14_37995e82,MAPK14,af3_holo_iptm,0.282,0.222,,2026-07-29
of3_holo_KEAP1_4a1bd44d,KEAP1,af3_holo_iptm,0.282,0.444,,2026-08-02
of3_holo_MAPK14_65f87b15,MAPK14,af3_holo_iptm,0.282,0.214,,2026-07-29
of3_holo_MAPK11_a0d35648,MAPK11,af3_holo_iptm,0.282,0.206,,2026-07-29
of3_holo_MAPK14_eec23a3c,MAPK14,af3_holo_iptm,0.282,0.234,,2026-07-29
of3_holo_MAPK14_2324b7a2,MAPK14,af3_holo_iptm,0.282,0.208,,2026-07-29
of3_holo_MAPK12_f1d9b059,MAPK12,af3_holo_iptm,0.282,0.221,,2026-07-29
of3_holo_MAPK14_d8b76be0,MAPK14,af3_holo_iptm,0.282,0.204,,2026-07-29
of3_holo_MAPK14_890389e4,MAPK14,af3_holo_iptm,0.282,0.205,,2026-07-29
of3_holo_KEAP1_32eead2f,KEAP1,af3_holo_iptm,0.282,0.447,,2026-07-29
of3_holo_MAPK14_165028c0,MAPK14,af3_holo_iptm,0.281,0.230,,2026-07-29
of3_holo_MAPK11_51a325d2,MAPK11,af3_holo_iptm,0.281,0.242,,2026-07-29
of3_holo_KEAP1_ce5d5718,KEAP1,af3_holo_iptm,0.281,0.460,,2026-08-02
of3_holo_MAPK14_ae3bef62,MAPK14,af3_holo_iptm,0.281,0.239,,2026-07-29
of3_holo_KEAP1_ec1907c1,KEAP1,af3_holo_iptm,0.281,0.457,,2026-08-02
of3_holo_KEAP1_9b7d2ed1,KEAP1,af3_holo_iptm,0.281,0.453,,2026-07-29
of3_holo_MAPK14_08969dbb,MAPK14,af3_holo_iptm,0.281,0.198,,2026-07-29
of3_holo_MAPK12_1dd80b16,MAPK12,af3_holo_iptm,0.281,0.268,,2026-07-29
of3_holo_MAPK12_6d476075,MAPK12,af3_holo_iptm,0.281,0.313,,2026-07-29
of3_holo_MAPK11_60ebe395,MAPK11,af3_holo_iptm,0.281,0.203,,2026-07-29
of3_holo_MAPK12_874e035a,MAPK12,af3_holo_iptm,0.281,0.221,,2026-07-29
of3_holo_PGK1_9dca1063,PGK1,af3_holo_iptm,0.281,0.375,,2026-07-31
of3_holo_MAPK14_0f7d253b,MAPK14,af3_holo_iptm,0.281,0.225,,2026-07-29
of3_holo_MAPK12_97d98067,MAPK12,af3_holo_iptm,0.281,0.200,,2026-07-29
of3_holo_MAPK14_b9250053,MAPK14,af3_holo_iptm,0.281,0.199,,2026-07-29
of3_holo_MAPK14_1776aeb7,MAPK14,af3_holo_iptm,0.281,0.201,,2026-08-02
of3_holo_MAPK14_35e0484e,MAPK14,af3_holo_iptm,0.281,0.196,,2026-07-29
of3_holo_MAPK11_dcb5dfc1,MAPK11,af3_holo_iptm,0.281,0.225,,2026-07-29
of3_holo_MAPK14_89292b0f,MAPK14,af3_holo_iptm,0.281,0.202,,2026-07-29
of3_holo_KEAP1_62078587,KEAP1,af3_holo_iptm,0.281,0.452,,2026-08-02
of3_holo_KEAP1_4212f067,KEAP1,af3_holo_iptm,0.281,0.455,,2026-08-02
of3_holo_DNM1L_57b31309,DNM1L,af3_holo_iptm,0.281,0.205,,2026-07-29
of3_holo_MAPK12_8a9828d4,MAPK12,af3_holo_iptm,0.281,0.219,,2026-07-29
of3_holo_MAPK11_95043cc2,MAPK11,af3_holo_iptm,0.281,0.251,,2026-07-29
of3_holo_MAPK14_b9265769,MAPK14,af3_holo_iptm,0.280,0.182,,2026-07-29
of3_holo_MAPK11_93ba74ec,MAPK11,af3_holo_iptm,0.280,0.218,,2026-07-29
of3_holo_MAPK14_466253b4,MAPK14,af3_holo_iptm,0.280,0.198,,2026-07-29
of3_holo_MAPK14_87729e7d,MAPK14,af3_holo_iptm,0.280,0.199,,2026-08-02
of3_holo_MAPK11_cacb3214,MAPK11,af3_holo_iptm,0.280,0.304,,2026-07-29
gfra1_x_musk,"",af3_iptm,0.280,0.370,0.410,2026-07-17
a_x_b_038b1d02,"",af3_iptm,0.280,0.320,0.300,2026-07-30
negktrl_uba1_x_nae1,"",af3_iptm,0.280,0.570,0.360,2026-08-06
rapsn_none_none_x_pfn2_none_none,"",af3_iptm,0.280,0.650,0.360,2026-07-11
bcl2_none_none_x_ncald_none_none,"",af3_iptm,0.280,0.430,0.410,2026-07-16
perp_none_none_x_dmd_3050_3685,"",af3_iptm,0.280,0.470,0.470,2026-07-29
05_mapk14_x_creb1,"",af3_iptm,0.280,0.540,0.540,2026-06-14
43_mapt_x_cdk5,"",af3_iptm,0.280,0.350,0.660,2026-06-10
a_x_b_7bee85d8,"",af3_iptm,0.280,0.240,0.290,2026-07-29
perp_none_none_x_sntb1_none_none,"",af3_iptm,0.280,0.500,0.390,2026-07-29
smn1_x_hnrnpa1,"",af3_iptm,0.280,0.350,0.570,2026-07-17
106_mapk8_x_atf3,"",af3_iptm,0.280,0.580,0.530,2026-06-18
hif1a_x_hnrnpa1,"",af3_iptm,0.280,0.410,0.570,2026-07-17
tp53_323_356_x_pak1_87_200,"",af3_iptm,0.280,0.330,0.600,2026-07-07
pls3_x_smn1,"",af3_iptm,0.280,0.610,0.460,2026-05-23
tp53_323_356_x_limk2_165_280,"",af3_iptm,0.280,0.480,0.540,2026-07-07
musk_fz_dimer_312_450,"",af3_iptm,0.280,0.540,0.330,2026-08-06
hspa8_x_smn1,"",af3_iptm,0.280,0.490,0.460,2026-07-04
binder7246_lrp4_x_lrp4_beta1_prop_435_697,"",af3_iptm,0.280,0.750,0.380,2026-07-21
pls3_300_630_x_smn1_260_294,"",af3_iptm,0.280,0.460,0.350,2026-07-11
pls3_x_smn1,"",af3_iptm,0.280,0.610,0.460,2026-05-22
erbb4_x_pten_df57bf7b,"",af3_iptm,0.280,0.380,0.430,2026-06-29
rictor_x_nrg1_4baaa679,"",af3_iptm,0.280,0.500,0.540,2026-06-28
43_mapt_x_cdk5,"",af3_iptm,0.280,0.350,0.660,2026-06-12
binder97_musk_ig1_x_musk_ig1_24_128,"",af3_iptm,0.280,0.610,0.370,2026-07-25
sarm1_arm_dimer_nad_s42,"",af3_iptm,0.280,0.550,0.330,2026-08-13
atf3_none_none_x_ncald_none_none,"",af3_iptm,0.280,0.440,0.520,2026-07-16
binder_rock2_job_0_n_334_id_0_bon_orig2_r0,"",af3_iptm,0.280,0.760,0.380,2026-05-16
62_snph_x_klc1,"",af3_iptm,0.280,0.350,0.570,2026-06-07
ctrl_neg_lrp4_21_737_h4c1,"",af3_iptm,0.280,0.510,0.330,2026-07-31
gfra3_132_255_x_atf3_none_none,"",af3_iptm,0.280,0.370,0.550,2026-07-28
uba1_1_1058_nae1,"",af3_iptm,0.280,0.590,0.360,2026-08-05
deptor_x_nrg1,"",af3_iptm,0.280,0.300,0.550,2026-05-25
agrn_lrp4_musk_tripel,"",af3_iptm,0.280,0.340,0.300,2026-08-06
pgk1_eno1_adp,"",af3_iptm,0.280,0.530,0.330,2026-08-03
of3_holo_MAPK14_0648133b,MAPK14,af3_holo_iptm,0.280,0.203,,2026-07-29
of3_holo_MAPK14_d15da607,MAPK14,af3_holo_iptm,0.280,0.222,,2026-07-29
of3_holo_MAPK11_9e09d676,MAPK11,af3_holo_iptm,0.280,0.210,,2026-07-29
of3_holo_KEAP1_15a79315,KEAP1,af3_holo_iptm,0.280,0.458,,2026-07-30
of3_holo_MAPK14_ee52210a,MAPK14,af3_holo_iptm,0.280,0.197,,2026-07-29
of3_holo_HDAC2_3f94592b,HDAC2,af3_holo_iptm,0.280,0.203,,2026-07-29
of3_holo_MAPK12_7ad9aee3,MAPK12,af3_holo_iptm,0.280,0.225,,2026-07-29
of3_holo_MAPK13_5d063735,MAPK13,af3_holo_iptm,0.280,0.215,,2026-07-29
of3_holo_MAPKAPK2_a76e81c1,MAPKAPK2,af3_holo_iptm,0.280,0.229,,2026-07-29
of3_holo_MAPK12_2943ee9a,MAPK12,af3_holo_iptm,0.280,0.215,,2026-07-29
of3_holo_MAPK14_f3323dc3,MAPK14,af3_holo_iptm,0.279,0.189,,2026-08-02
of3_holo_MAPK14_34eebb44,MAPK14,af3_holo_iptm,0.279,0.211,,2026-07-29
of3_holo_DNM1L_dbbe6ae2,DNM1L,af3_holo_iptm,0.279,0.198,,2026-07-29
of3_holo_MAPK11_8c3a852a,MAPK11,af3_holo_iptm,0.279,0.218,,2026-07-29
of3_holo_MAPK14_5b2bd682,MAPK14,af3_holo_iptm,0.279,0.188,,2026-07-29
of3_holo_MAPK11_9c1b2fa5,MAPK11,af3_holo_iptm,0.279,0.248,,2026-07-29
of3_holo_KEAP1_72d891fb,KEAP1,af3_holo_iptm,0.279,0.446,,2026-07-29
of3_holo_MAPK11_8ce1c7bb,MAPK11,af3_holo_iptm,0.279,0.204,,2026-07-29
of3_holo_KEAP1_1122be80,KEAP1,af3_holo_iptm,0.279,0.464,,2026-08-02
of3_holo_KEAP1_b2ce30d3,KEAP1,af3_holo_iptm,0.279,0.457,,2026-07-29
of3_holo_MAPK14_e92b7c96,MAPK14,af3_holo_iptm,0.279,0.206,,2026-07-29
of3_holo_MAPK14_10f5c394,MAPK14,af3_holo_iptm,0.279,0.194,,2026-07-29
of3_holo_KEAP1_19c9a9a7,KEAP1,af3_holo_iptm,0.279,0.453,,2026-08-02
of3_holo_MAPK14_b4687da6,MAPK14,af3_holo_iptm,0.279,0.215,,2026-07-29
of3_holo_MAPK11_63a2900e,MAPK11,af3_holo_iptm,0.279,0.231,,2026-07-29
of3_holo_MAPK11_625a71f4,MAPK11,af3_holo_iptm,0.279,0.344,,2026-07-29
of3_holo_MAPK14_795a1df9,MAPK14,af3_holo_iptm,0.279,0.206,,2026-08-02
of3_holo_MAPK14_b114ae6d,MAPK14,af3_holo_iptm,0.279,0.201,,2026-07-29
of3_holo_MAPK13_6d514dea,MAPK13,af3_holo_iptm,0.279,0.220,,2026-07-29
of3_holo_MAPK14_de5089b7,MAPK14,af3_holo_iptm,0.279,0.193,,2026-07-29
of3_holo_MAPK14_6519b4b7,MAPK14,af3_holo_iptm,0.279,0.208,,2026-07-29
of3_holo_MAPK14_541653a0,MAPK14,af3_holo_iptm,0.279,0.197,,2026-07-29
of3_holo_KEAP1_715bd53b,KEAP1,af3_holo_iptm,0.279,0.456,,2026-07-29
of3_holo_MAPK11_f954d54a,MAPK11,af3_holo_iptm,0.279,0.211,,2026-07-29
of3_holo_MAPK11_9ba40d78,MAPK11,af3_holo_iptm,0.279,0.188,,2026-07-29
of3_holo_MAPK11_5b8a72a1,MAPK11,af3_holo_iptm,0.278,0.201,,2026-07-29
of3_holo_MAPK12_ce08bce6,MAPK12,af3_holo_iptm,0.278,0.208,,2026-07-29
of3_holo_KEAP1_c862b571,KEAP1,af3_holo_iptm,0.278,0.455,,2026-07-29
of3_holo_MAPK14_c449033a,MAPK14,af3_holo_iptm,0.278,0.214,,2026-07-29
of3_holo_KEAP1_d994074a,KEAP1,af3_holo_iptm,0.278,0.448,,2026-07-30
of3_holo_MAPK11_2a52bce0,MAPK11,af3_holo_iptm,0.278,0.202,,2026-07-29
of3_holo_MAPK14_5a7830a4,MAPK14,af3_holo_iptm,0.278,0.182,,2026-07-29
of3_holo_MAPK14_a581295f,MAPK14,af3_holo_iptm,0.278,0.224,,2026-07-29
of3_holo_KEAP1_cf8f95de,KEAP1,af3_holo_iptm,0.278,0.440,,2026-07-29
of3_holo_KEAP1_8731f0d3,KEAP1,af3_holo_iptm,0.278,0.448,,2026-08-02
of3_holo_KEAP1_a38e560e,KEAP1,af3_holo_iptm,0.278,0.446,,2026-07-29
of3_holo_MAPK14_05f95d7d,MAPK14,af3_holo_iptm,0.278,0.194,,2026-07-29
of3_holo_DNM1L_7f4b65a3,DNM1L,af3_holo_iptm,0.278,0.189,,2026-07-29
of3_holo_MAPK11_c587ce55,MAPK11,af3_holo_iptm,0.278,0.195,,2026-07-29
of3_holo_DNM1L_de8adf57,DNM1L,af3_holo_iptm,0.278,0.176,,2026-07-31
of3_holo_MAPK14_de2b37b2,MAPK14,af3_holo_iptm,0.278,0.212,,2026-07-29
of3_holo_MAPK11_00872e10,MAPK11,af3_holo_iptm,0.278,0.212,,2026-07-29
of3_holo_MAPK11_cde2bdd0,MAPK11,af3_holo_iptm,0.278,0.199,,2026-07-29
of3_holo_MAPKAPK2_c5a119d1,MAPKAPK2,af3_holo_iptm,0.278,0.192,,2026-07-29
of3_holo_MAPK14_b6421711,MAPK14,af3_holo_iptm,0.277,0.239,,2026-07-29
of3_holo_MAPKAPK2_2ed9aa2e,MAPKAPK2,af3_holo_iptm,0.277,0.226,,2026-08-02
of3_holo_MAPK12_70f0b73b,MAPK12,af3_holo_iptm,0.277,0.220,,2026-07-29
of3_holo_DNM1L_906ea2aa,DNM1L,af3_holo_iptm,0.277,0.188,,2026-07-29
of3_holo_MAPK14_6964e7cc,MAPK14,af3_holo_iptm,0.277,0.239,,2026-07-29
of3_holo_MAPK14_bf36a695,MAPK14,af3_holo_iptm,0.277,0.198,,2026-07-29
of3_holo_KEAP1_9b5b912c,KEAP1,af3_holo_iptm,0.277,0.457,,2026-07-29
of3_holo_MAPK11_6e7b06c9,MAPK11,af3_holo_iptm,0.277,0.234,,2026-07-29
of3_holo_MAPK14_32bf6a37,MAPK14,af3_holo_iptm,0.277,0.191,,2026-07-29
of3_holo_MAPK11_c7d760e2,MAPK11,af3_holo_iptm,0.277,0.222,,2026-07-29
of3_holo_DNM1L_8dc26450,DNM1L,af3_holo_iptm,0.277,0.198,,2026-07-29
of3_holo_MAPK11_028e52f7,MAPK11,af3_holo_iptm,0.277,0.199,,2026-07-29
of3_holo_MAPK11_908eb257,MAPK11,af3_holo_iptm,0.277,0.342,,2026-07-29
of3_holo_MAPK14_7aa2f0b0,MAPK14,af3_holo_iptm,0.277,0.185,,2026-07-29
of3_holo_MAPK14_40e0e4c5,MAPK14,af3_holo_iptm,0.277,0.194,,2026-07-29
of3_holo_KEAP1_f90e395d,KEAP1,af3_holo_iptm,0.277,0.456,,2026-08-01
of3_holo_MAPK11_27f29285,MAPK11,af3_holo_iptm,0.277,0.231,,2026-07-29
of3_holo_MAPK14_629bf980,MAPK14,af3_holo_iptm,0.276,0.183,,2026-07-29
of3_holo_MAPK11_18b28306,MAPK11,af3_holo_iptm,0.276,0.197,,2026-07-29
of3_holo_MAPK14_e5abbf20,MAPK14,af3_holo_iptm,0.276,0.206,,2026-07-29
of3_holo_MAPK14_e7125ded,MAPK14,af3_holo_iptm,0.276,0.189,,2026-07-29
of3_holo_MAPK14_cdf7ddc8,MAPK14,af3_holo_iptm,0.276,0.199,,2026-07-29
of3_holo_MAPK11_f524151d,MAPK11,af3_holo_iptm,0.276,0.212,,2026-07-29
of3_holo_MAPKAPK2_701315ac,MAPKAPK2,af3_holo_iptm,0.276,0.215,,2026-07-29
of3_holo_PGK1_84bfc3a2,PGK1,af3_holo_iptm,0.276,0.363,,2026-07-29
of3_holo_KEAP1_560f1049,KEAP1,af3_holo_iptm,0.276,0.443,,2026-07-29
of3_holo_MAPK11_6f506693,MAPK11,af3_holo_iptm,0.276,0.377,,2026-07-29
of3_holo_MAPK14_d6aeacf2,MAPK14,af3_holo_iptm,0.276,0.198,,2026-07-29
of3_holo_MAPK14_69414662,MAPK14,af3_holo_iptm,0.276,0.200,,2026-08-02
of3_holo_MAPK14_af37edbe,MAPK14,af3_holo_iptm,0.276,0.187,,2026-07-29
of3_holo_MAPK11_b5b2407c,MAPK11,af3_holo_iptm,0.276,0.247,,2026-07-29
of3_holo_KEAP1_193584bd,KEAP1,af3_holo_iptm,0.276,0.447,,2026-08-02
of3_holo_MAPK11_be06f517,MAPK11,af3_holo_iptm,0.276,0.197,,2026-07-29
of3_holo_MAPK14_ebc4d604,MAPK14,af3_holo_iptm,0.276,0.197,,2026-07-29
of3_holo_MAPK11_c311e020,MAPK11,af3_holo_iptm,0.276,0.229,,2026-07-29
of3_holo_MAPKAPK2_622a9139,MAPKAPK2,af3_holo_iptm,0.276,0.218,,2026-07-29
of3_holo_MAPK14_59af4102,MAPK14,af3_holo_iptm,0.275,0.185,,2026-08-02
of3_holo_MAPK14_df5f9261,MAPK14,af3_holo_iptm,0.275,0.205,,2026-07-29
of3_holo_MAPK14_cc6920fc,MAPK14,af3_holo_iptm,0.275,0.196,,2026-07-29
of3_holo_MAPK14_caf2eaf6,MAPK14,af3_holo_iptm,0.275,0.208,,2026-07-29
of3_holo_MAPK14_2049d65c,MAPK14,af3_holo_iptm,0.275,0.183,,2026-07-29
of3_holo_MAPK12_572b969e,MAPK12,af3_holo_iptm,0.275,0.213,,2026-07-29
of3_holo_DNM1L_8e958f45,DNM1L,af3_holo_iptm,0.275,0.191,,2026-08-11
of3_holo_MAPKAPK2_0b4b843d,MAPKAPK2,af3_holo_iptm,0.275,0.212,,2026-08-02
of3_holo_MAPK14_f9473a5e,MAPK14,af3_holo_iptm,0.275,0.210,,2026-07-29
of3_holo_MAPKAPK2_59bb667c,MAPKAPK2,af3_holo_iptm,0.275,0.209,,2026-07-29
of3_holo_MAPK14_e5eda01b,MAPK14,af3_holo_iptm,0.275,0.202,,2026-07-29
of3_holo_MAPK11_dd9916b8,MAPK11,af3_holo_iptm,0.275,0.222,,2026-07-29
of3_holo_KEAP1_c9e34a2d,KEAP1,af3_holo_iptm,0.275,0.454,,2026-07-29
of3_holo_MAPK14_096f664b,MAPK14,af3_holo_iptm,0.275,0.214,,2026-07-29
of3_holo_DNM1L_e084992b,DNM1L,af3_holo_iptm,0.275,0.172,,2026-07-31
of3_holo_MAPKAPK2_80a55974,MAPKAPK2,af3_holo_iptm,0.275,0.228,,2026-07-29
of3_holo_MAPK11_74f89cf4,MAPK11,af3_holo_iptm,0.275,0.218,,2026-07-29
of3_holo_MAPK14_7327a548,MAPK14,af3_holo_iptm,0.275,0.225,,2026-07-29
of3_holo_MAPK14_b71aae66,MAPK14,af3_holo_iptm,0.275,0.190,,2026-07-29
of3_holo_MAPK11_49627436,MAPK11,af3_holo_iptm,0.275,0.227,,2026-07-29
of3_holo_MAPK14_d67db918,MAPK14,af3_holo_iptm,0.275,0.203,,2026-07-29
of3_holo_MAPKAPK2_842e41fc,MAPKAPK2,af3_holo_iptm,0.275,0.229,,2026-07-29
of3_holo_MAPK11_a3758b0a,MAPK11,af3_holo_iptm,0.275,0.220,,2026-07-29
of3_holo_MAPK14_576bbac9,MAPK14,af3_holo_iptm,0.275,0.186,,2026-08-02
of3_holo_MAPK14_98a97e04,MAPK14,af3_holo_iptm,0.275,0.203,,2026-07-29
of3_holo_MAPK11_a3e21ee6,MAPK11,af3_holo_iptm,0.275,0.208,,2026-07-29
of3_holo_MAPK13_67fa818d,MAPK13,af3_holo_iptm,0.274,0.212,,2026-07-29
of3_holo_MAPK14_892a8efd,MAPK14,af3_holo_iptm,0.274,0.217,,2026-07-29
of3_holo_MAPK14_ee2d7a83,MAPK14,af3_holo_iptm,0.274,0.183,,2026-07-29
of3_holo_MAPK14_73890de7,MAPK14,af3_holo_iptm,0.274,0.190,,2026-07-29
of3_holo_MAPK14_961bf5f0,MAPK14,af3_holo_iptm,0.274,0.215,,2026-07-29
of3_holo_MAPK11_b714f8e1,MAPK11,af3_holo_iptm,0.274,0.216,,2026-07-29
of3_holo_KEAP1_433f1127,KEAP1,af3_holo_iptm,0.274,0.459,,2026-08-02
of3_holo_MAPK14_71738487,MAPK14,af3_holo_iptm,0.274,0.204,,2026-07-29
of3_holo_MAPK11_ad0966e6,MAPK11,af3_holo_iptm,0.274,0.217,,2026-07-29
of3_holo_MAPKAPK2_08635332,MAPKAPK2,af3_holo_iptm,0.274,0.226,,2026-08-02
of3_holo_MAPKAPK2_4a0e76b5,MAPKAPK2,af3_holo_iptm,0.274,0.227,,2026-08-02
of3_holo_MAPK12_d4afdd37,MAPK12,af3_holo_iptm,0.274,0.217,,2026-07-29
of3_holo_MAPKAPK2_b41e8078,MAPKAPK2,af3_holo_iptm,0.274,0.217,,2026-07-29
of3_holo_MAPK14_107e7e79,MAPK14,af3_holo_iptm,0.274,0.210,,2026-07-29
of3_holo_KEAP1_41518cb7,KEAP1,af3_holo_iptm,0.274,0.457,,2026-07-29
of3_holo_MAPK12_a4ab49f2,MAPK12,af3_holo_iptm,0.274,0.221,,2026-07-29
of3_holo_MAPK11_537bc899,MAPK11,af3_holo_iptm,0.274,0.326,,2026-07-29
of3_holo_MAPK11_fd96d8c3,MAPK11,af3_holo_iptm,0.274,0.204,,2026-07-29
of3_holo_MAPK14_0dc777cb,MAPK14,af3_holo_iptm,0.274,0.192,,2026-08-02
of3_holo_MAPK11_ffd0e9be,MAPK11,af3_holo_iptm,0.274,0.211,,2026-07-29
of3_holo_MAPK14_672c9010,MAPK14,af3_holo_iptm,0.274,0.189,,2026-07-29
of3_holo_MAPKAPK2_a10f0a0c,MAPKAPK2,af3_holo_iptm,0.274,0.215,,2026-07-29
of3_holo_MAPK11_53e406f7,MAPK11,af3_holo_iptm,0.274,0.207,,2026-07-29
of3_holo_MAPK12_215bc5ba,MAPK12,af3_holo_iptm,0.274,0.288,,2026-07-29
of3_holo_MAPK14_ba979822,MAPK14,af3_holo_iptm,0.274,0.209,,2026-07-29
of3_holo_MAPK12_4344de7c,MAPK12,af3_holo_iptm,0.274,0.217,,2026-07-29
of3_holo_MAPK11_6730b5c6,MAPK11,af3_holo_iptm,0.274,0.206,,2026-07-29
of3_holo_KEAP1_50a3a5d9,KEAP1,af3_holo_iptm,0.274,0.461,,2026-08-02
of3_holo_MAPKAPK2_da053ccb,MAPKAPK2,af3_holo_iptm,0.274,0.225,,2026-07-29
of3_holo_MAPKAPK2_b8f5c360,MAPKAPK2,af3_holo_iptm,0.274,0.203,,2026-07-29
of3_holo_MAPK14_087145d8,MAPK14,af3_holo_iptm,0.274,0.191,,2026-07-29
of3_holo_HDAC2_3c262b69,HDAC2,af3_holo_iptm,0.274,0.235,,2026-07-29
of3_holo_KEAP1_6b5381a0,KEAP1,af3_holo_iptm,0.274,0.463,,2026-07-29
of3_holo_MAPK14_6e856767,MAPK14,af3_holo_iptm,0.273,0.229,,2026-08-02
of3_holo_KEAP1_6a982098,KEAP1,af3_holo_iptm,0.273,0.451,,2026-07-29
of3_holo_MAPK11_ce314f89,MAPK11,af3_holo_iptm,0.273,0.225,,2026-07-29
of3_holo_MAPK11_eb2d18b2,MAPK11,af3_holo_iptm,0.273,0.355,,2026-07-29
of3_holo_KEAP1_b8faa045,KEAP1,af3_holo_iptm,0.273,0.449,,2026-08-02
of3_holo_MAPK14_a6eec2c9,MAPK14,af3_holo_iptm,0.273,0.215,,2026-07-29
of3_holo_KEAP1_2347e88c,KEAP1,af3_holo_iptm,0.273,0.452,,2026-08-02
of3_holo_KEAP1_2f9baeab,KEAP1,af3_holo_iptm,0.273,0.457,,2026-08-02
of3_holo_MAPK14_c87d3331,MAPK14,af3_holo_iptm,0.273,0.186,,2026-07-29
of3_holo_MAPK11_a4b33d6c,MAPK11,af3_holo_iptm,0.273,0.218,,2026-07-29
of3_holo_KEAP1_52599825,KEAP1,af3_holo_iptm,0.273,0.450,,2026-07-29
of3_holo_MAPK14_765b5cfa,MAPK14,af3_holo_iptm,0.273,0.193,,2026-07-29
of3_holo_MAPK14_86f67795,MAPK14,af3_holo_iptm,0.273,0.224,,2026-07-29
of3_holo_KEAP1_0d4f52bf,KEAP1,af3_holo_iptm,0.273,0.455,,2026-07-29
of3_holo_MAPK11_72ea8bfb,MAPK11,af3_holo_iptm,0.273,0.252,,2026-07-29
of3_holo_KEAP1_75c30a68,KEAP1,af3_holo_iptm,0.273,0.447,,2026-07-29
of3_holo_MAPK12_44fc3738,MAPK12,af3_holo_iptm,0.273,0.266,,2026-07-29
of3_holo_MAPK11_0d9081e7,MAPK11,af3_holo_iptm,0.273,0.198,,2026-07-29
of3_holo_KEAP1_21712cc4,KEAP1,af3_holo_iptm,0.273,0.457,,2026-07-29
of3_holo_MAPK11_52a8d0f6,MAPK11,af3_holo_iptm,0.273,0.229,,2026-07-29
of3_holo_KEAP1_ed41cc87,KEAP1,af3_holo_iptm,0.273,0.451,,2026-07-30
of3_holo_MAPK14_e5bb6358,MAPK14,af3_holo_iptm,0.273,0.189,,2026-07-29
of3_holo_MAPK11_9eb80181,MAPK11,af3_holo_iptm,0.273,0.237,,2026-07-29
of3_holo_MAPK14_b3c459e7,MAPK14,af3_holo_iptm,0.273,0.196,,2026-07-29
of3_holo_MAPK11_f9935f48,MAPK11,af3_holo_iptm,0.273,0.212,,2026-07-29
of3_holo_MAPK12_d237cb3e,MAPK12,af3_holo_iptm,0.273,0.202,,2026-07-29
of3_holo_MAPK14_91333726,MAPK14,af3_holo_iptm,0.273,0.191,,2026-07-29
of3_holo_DNM1L_5bee1e4e,DNM1L,af3_holo_iptm,0.273,0.188,,2026-07-29
of3_holo_KEAP1_b1944bb5,KEAP1,af3_holo_iptm,0.273,0.450,,2026-08-02
of3_holo_KEAP1_96695c55,KEAP1,af3_holo_iptm,0.273,0.452,,2026-07-29
of3_holo_MAPK13_2249e4f1,MAPK13,af3_holo_iptm,0.273,0.223,,2026-07-29
of3_holo_MAPK11_f6344908,MAPK11,af3_holo_iptm,0.272,0.246,,2026-07-29
of3_holo_MAPK11_eb078ee6,MAPK11,af3_holo_iptm,0.272,0.224,,2026-07-29
of3_holo_MAPK14_1c3eb438,MAPK14,af3_holo_iptm,0.272,0.223,,2026-07-29
of3_holo_MAPK14_88473378,MAPK14,af3_holo_iptm,0.272,0.225,,2026-07-29
of3_holo_MAPK11_b88755ab,MAPK11,af3_holo_iptm,0.272,0.233,,2026-07-29
of3_holo_MAPK14_08166bbb,MAPK14,af3_holo_iptm,0.272,0.212,,2026-07-29
of3_holo_MAPK12_819337eb,MAPK12,af3_holo_iptm,0.272,0.221,,2026-07-29
of3_holo_MAPK11_7d20f5fb,MAPK11,af3_holo_iptm,0.272,0.201,,2026-07-29
of3_holo_MAPK14_d25183d9,MAPK14,af3_holo_iptm,0.272,0.198,,2026-07-29
of3_holo_MAPK11_94b28e33,MAPK11,af3_holo_iptm,0.272,0.210,,2026-07-29
of3_holo_KEAP1_42f8125a,KEAP1,af3_holo_iptm,0.272,0.451,,2026-07-29
of3_holo_MAPK14_ded581cc,MAPK14,af3_holo_iptm,0.272,0.235,,2026-07-29
of3_holo_MAPK14_9ab6b2a3,MAPK14,af3_holo_iptm,0.272,0.179,,2026-07-29
of3_holo_MAPK11_5b0f331e,MAPK11,af3_holo_iptm,0.272,0.195,,2026-07-29
of3_holo_MAPK11_a760ed37,MAPK11,af3_holo_iptm,0.272,0.245,,2026-07-29
of3_holo_MAPK11_4361459d,MAPK11,af3_holo_iptm,0.272,0.353,,2026-07-29
of3_holo_MAPK14_39e85432,MAPK14,af3_holo_iptm,0.272,0.204,,2026-07-29
of3_holo_MAPK11_53ca23cc,MAPK11,af3_holo_iptm,0.272,0.211,,2026-07-29
of3_holo_MAPK14_07159066,MAPK14,af3_holo_iptm,0.272,0.196,,2026-07-29
of3_holo_MAPK11_b7bea07b,MAPK11,af3_holo_iptm,0.271,0.217,,2026-07-29
of3_holo_MAPKAPK2_e6d8a7c6,MAPKAPK2,af3_holo_iptm,0.271,0.225,,2026-08-02
of3_holo_KEAP1_12f88754,KEAP1,af3_holo_iptm,0.271,0.458,,2026-08-02
of3_holo_MAPK11_1578e9c1,MAPK11,af3_holo_iptm,0.271,0.208,,2026-07-29
of3_holo_MAPK14_0b5d8a22,MAPK14,af3_holo_iptm,0.271,0.221,,2026-07-29
of3_holo_MAPK11_c4b88048,MAPK11,af3_holo_iptm,0.271,0.215,,2026-07-29
of3_holo_MAPK11_346abe11,MAPK11,af3_holo_iptm,0.271,0.199,,2026-07-29
of3_holo_MAPK11_f86d799a,MAPK11,af3_holo_iptm,0.271,0.202,,2026-07-29
of3_holo_MAPKAPK2_f3ab3733,MAPKAPK2,af3_holo_iptm,0.271,0.206,,2026-07-29
of3_holo_DNM1L_95b52637,DNM1L,af3_holo_iptm,0.271,0.183,,2026-07-29
of3_holo_KEAP1_5ea63e79,KEAP1,af3_holo_iptm,0.271,0.454,,2026-08-02
of3_holo_MAPK11_ce60c017,MAPK11,af3_holo_iptm,0.271,0.199,,2026-07-29
of3_holo_MAPK11_c7e99031,MAPK11,af3_holo_iptm,0.271,0.207,,2026-07-29
of3_holo_MAPK14_6f4bac8f,MAPK14,af3_holo_iptm,0.271,0.222,,2026-07-29
of3_holo_MAPK11_57e910fb,MAPK11,af3_holo_iptm,0.271,0.323,,2026-07-29
of3_holo_KEAP1_f491612c,KEAP1,af3_holo_iptm,0.271,0.464,,2026-07-29
of3_holo_MAPK14_b4c70393,MAPK14,af3_holo_iptm,0.271,0.210,,2026-07-29
of3_holo_MAPK11_d80f39e8,MAPK11,af3_holo_iptm,0.271,0.219,,2026-07-29
of3_holo_MAPK11_141d8d6d,MAPK11,af3_holo_iptm,0.271,0.198,,2026-07-29
of3_holo_MAPK11_24951599,MAPK11,af3_holo_iptm,0.271,0.195,,2026-07-29
of3_holo_MAPK12_65f41b13,MAPK12,af3_holo_iptm,0.271,0.221,,2026-07-29
of3_holo_MAPK14_6ca2edc8,MAPK14,af3_holo_iptm,0.271,0.182,,2026-08-02
of3_holo_MAPK14_edf6ae16,MAPK14,af3_holo_iptm,0.271,0.205,,2026-07-29
of3_holo_KEAP1_4ceb7ab2,KEAP1,af3_holo_iptm,0.270,0.459,,2026-07-29
of3_holo_MAPK14_464d6805,MAPK14,af3_holo_iptm,0.270,0.206,,2026-07-29
of3_holo_MAPK11_3fbd95ac,MAPK11,af3_holo_iptm,0.270,0.231,,2026-07-29
of3_holo_MAPK11_84ef2b4e,MAPK11,af3_holo_iptm,0.270,0.204,,2026-07-29
of3_holo_MAPK14_b7517fb6,MAPK14,af3_holo_iptm,0.270,0.235,,2026-07-29
of3_holo_MAPKAPK2_3d7bc40e,MAPKAPK2,af3_holo_iptm,0.270,0.226,,2026-08-02
of3_holo_MAPK13_8ae2d70b,MAPK13,af3_holo_iptm,0.270,0.238,,2026-07-29
of3_holo_MAPKAPK2_7934dfd0,MAPKAPK2,af3_holo_iptm,0.270,0.220,,2026-08-02
of3_holo_MAPK14_86809dc1,MAPK14,af3_holo_iptm,0.270,0.201,,2026-07-29
of3_holo_MAPK14_55a9d2c4,MAPK14,af3_holo_iptm,0.270,0.217,,2026-07-29
of3_holo_MAPK14_29b3cbc0,MAPK14,af3_holo_iptm,0.270,0.190,,2026-07-29
of3_holo_MAPKAPK2_dc5b0dca,MAPKAPK2,af3_holo_iptm,0.270,0.220,,2026-07-29
of3_holo_MAPK11_391b267b,MAPK11,af3_holo_iptm,0.270,0.273,,2026-07-29
of3_holo_KEAP1_1c6e223a,KEAP1,af3_holo_iptm,0.270,0.448,,2026-07-29
agrn_x_ws1bnone_1153,"",af3_iptm,0.270,0.640,0.350,2026-07-03
85_chrne_x_rapsn_2,"",af3_iptm,0.270,0.460,0.350,2026-08-06
binder179_musk_ig2_x_musk_ig2_117_210,"",af3_iptm,0.270,0.630,0.340,2026-07-25
binder3394_keap1_x_keap1_kelch_321_609,"",af3_iptm,0.270,0.750,0.370,2026-07-20
34_hdac2_x_kdm1a,"",af3_iptm,0.270,0.590,0.430,2026-06-10
06_mapkapk2_x_hspb1,"",af3_iptm,0.270,0.540,0.470,2026-06-05
85_chrne_x_rapsn,"",af3_iptm,0.270,0.460,0.350,2026-06-21
23_dnm1l_x_mff,"",af3_iptm,0.270,0.440,0.520,2026-06-21
fus_x_srsf1,"",af3_iptm,0.270,0.230,0.590,2026-05-25
34_hdac2_x_kdm1a,"",af3_iptm,0.270,0.590,0.430,2026-06-12
dnm1l_1_710_mff_gtp,"",af3_iptm,0.270,0.430,0.510,2026-08-03
63_smn1_x_ncald,"",af3_iptm,0.270,0.380,0.490,2026-06-12
nrg1_x_limk2,"",af3_iptm,0.270,0.330,0.520,2026-05-25
smn2_x_hnrnpa1,"",af3_iptm,0.270,0.340,0.570,2026-05-21
agrn_1_130_x_pak1_74_149,"",af3_iptm,0.270,0.490,0.490,2026-07-28
tsc2_1001_1251_x_smn1_260_294,"",af3_iptm,0.270,0.270,0.530,2026-06-29
63_smn1_x_ncald,"",af3_iptm,0.270,0.380,0.490,2026-06-14
binder6927_lrp4_x_lrp4_beta1_prop_435_697,"",af3_iptm,0.270,0.700,0.350,2026-07-21
binder6349_agrn_x_agrn_lg3_1868_2065,"",af3_iptm,0.270,0.610,0.360,2026-07-24
binder6765_agrn_x_agrn_lg3_1868_2065,"",af3_iptm,0.270,0.640,0.370,2026-07-23
47_sqstm1_x_sqstm1,"",af3_iptm,0.270,0.290,0.480,2026-06-08
pkm2_hif1a_1_350_atp,"",af3_iptm,0.270,0.570,0.350,2026-08-03
lrp4_x_ws1bnone_1201,"",af3_iptm,0.270,0.770,0.370,2026-07-03
a_x_b_d22bac0b,"",af3_iptm,0.270,0.510,0.420,2026-07-31
dok7_x_keap1,"",af3_iptm,0.270,0.410,0.450,2026-05-29
rapsn_x_chrna1,"",af3_iptm,0.270,0.530,0.370,2026-05-23
hif1a_18_80_x_smn1_260_294,"",af3_iptm,0.270,0.480,0.570,2026-06-29
musk_x_erbb3,"",af3_iptm,0.270,0.400,0.350,2026-05-22
prkaa2_x_stk11,"",af3_iptm,0.270,0.520,0.320,2026-06-30
vapa_x_smn1,"",af3_iptm,0.270,0.370,,2026-05-27
prkaa2_x_stk11,"",af3_iptm,0.270,0.520,0.320,2026-06-29
smn1_x_smn2,"",af3_iptm,0.270,0.270,0.550,2026-05-21
of3_holo_KEAP1_82e8b1a8,KEAP1,af3_holo_iptm,0.270,0.455,,2026-08-02
of3_holo_MAPK13_9dbf4744,MAPK13,af3_holo_iptm,0.270,0.236,,2026-07-29
of3_holo_KEAP1_b97f0c3d,KEAP1,af3_holo_iptm,0.270,0.458,,2026-08-02
of3_holo_MAPK14_99860538,MAPK14,af3_holo_iptm,0.270,0.200,,2026-07-29
of3_holo_MAPK12_fc32267e,MAPK12,af3_holo_iptm,0.270,0.225,,2026-07-29
of3_holo_KEAP1_796caa5b,KEAP1,af3_holo_iptm,0.270,0.447,,2026-08-02
of3_holo_MAPK11_e9c11e35,MAPK11,af3_holo_iptm,0.270,0.285,,2026-07-29
of3_holo_KEAP1_9d3302cb,KEAP1,af3_holo_iptm,0.270,0.460,,2026-07-29
of3_holo_KEAP1_d1671fdf,KEAP1,af3_holo_iptm,0.270,0.455,,2026-07-29
of3_holo_MAPK12_567fa424,MAPK12,af3_holo_iptm,0.270,0.227,,2026-07-29
of3_holo_MAPK12_52022bd9,MAPK12,af3_holo_iptm,0.270,0.213,,2026-07-29
of3_holo_MAPK14_35ae563d,MAPK14,af3_holo_iptm,0.270,0.201,,2026-07-29
of3_holo_MAPKAPK2_4d068598,MAPKAPK2,af3_holo_iptm,0.270,0.226,,2026-08-02
of3_holo_MAPKAPK2_5794d5c7,MAPKAPK2,af3_holo_iptm,0.269,0.228,,2026-08-02
of3_holo_MAPK14_6488c6f0,MAPK14,af3_holo_iptm,0.269,0.199,,2026-07-29
of3_holo_MAPK11_cd952ff7,MAPK11,af3_holo_iptm,0.269,0.221,,2026-07-29
of3_holo_MAPK14_d538d9c1,MAPK14,af3_holo_iptm,0.269,0.212,,2026-07-29
of3_holo_MAPK14_b8e69821,MAPK14,af3_holo_iptm,0.269,0.214,,2026-07-29
of3_holo_MAPK14_d828db4c,MAPK14,af3_holo_iptm,0.269,0.223,,2026-07-29
of3_holo_KEAP1_5b0395d2,KEAP1,af3_holo_iptm,0.269,0.451,,2026-07-29
of3_holo_KEAP1_4a1e8d90,KEAP1,af3_holo_iptm,0.269,0.447,,2026-07-29
of3_holo_MAPK11_41182bcc,MAPK11,af3_holo_iptm,0.269,0.242,,2026-07-29
of3_holo_MAPK11_d4e1dd53,MAPK11,af3_holo_iptm,0.269,0.338,,2026-07-29
of3_holo_MAPK11_df368058,MAPK11,af3_holo_iptm,0.269,0.213,,2026-07-29
of3_holo_KEAP1_ed38cc29,KEAP1,af3_holo_iptm,0.269,0.457,,2026-08-02
of3_holo_MAPK11_3fa75dd2,MAPK11,af3_holo_iptm,0.269,0.196,,2026-07-29
of3_holo_MAPK11_049f7c87,MAPK11,af3_holo_iptm,0.269,0.265,,2026-07-29
of3_holo_MAPK11_38a2202a,MAPK11,af3_holo_iptm,0.269,0.231,,2026-07-29
of3_holo_MAPK11_23db4e95,MAPK11,af3_holo_iptm,0.269,0.303,,2026-07-29
of3_holo_MAPK12_f59e78ab,MAPK12,af3_holo_iptm,0.269,0.238,,2026-07-29
of3_holo_KEAP1_899dd557,KEAP1,af3_holo_iptm,0.269,0.459,,2026-08-02
of3_holo_MAPK11_7b9b5f67,MAPK11,af3_holo_iptm,0.269,0.275,,2026-07-29
of3_holo_MAPK14_1f73410d,MAPK14,af3_holo_iptm,0.269,0.200,,2026-07-29
of3_holo_MAPK11_8e190b82,MAPK11,af3_holo_iptm,0.269,0.247,,2026-07-29
of3_holo_MAPK14_f97a4c00,MAPK14,af3_holo_iptm,0.268,0.219,,2026-07-29
of3_holo_MAPK14_e3aeba1b,MAPK14,af3_holo_iptm,0.268,0.195,,2026-07-29
of3_holo_MAPKAPK2_76923ef7,MAPKAPK2,af3_holo_iptm,0.268,0.227,,2026-07-29
of3_holo_MAPK14_0a25cb68,MAPK14,af3_holo_iptm,0.268,0.220,,2026-08-02
of3_holo_MAPK11_5a3de9c3,MAPK11,af3_holo_iptm,0.268,0.251,,2026-07-29
of3_holo_MAPK11_0d5da025,MAPK11,af3_holo_iptm,0.268,0.205,,2026-07-29
of3_holo_MAPK12_66cbbb9e,MAPK12,af3_holo_iptm,0.268,0.227,,2026-07-29
of3_holo_KEAP1_741747d6,KEAP1,af3_holo_iptm,0.268,0.454,,2026-07-29
of3_holo_MAPK14_f13bf481,MAPK14,af3_holo_iptm,0.268,0.194,,2026-07-29
of3_holo_KEAP1_fdd90e3b,KEAP1,af3_holo_iptm,0.268,0.457,,2026-07-29
of3_holo_MAPK11_7ca1c4f3,MAPK11,af3_holo_iptm,0.268,0.266,,2026-07-29
of3_holo_MAPK14_5bdf37bd,MAPK14,af3_holo_iptm,0.268,0.234,,2026-07-29
of3_holo_MAPK14_e84b238c,MAPK14,af3_holo_iptm,0.268,0.193,,2026-07-29
of3_holo_KEAP1_fb287af4,KEAP1,af3_holo_iptm,0.268,0.443,,2026-07-29
of3_holo_MAPK14_66d76f22,MAPK14,af3_holo_iptm,0.268,0.200,,2026-07-29
of3_holo_MAPK14_42037785,MAPK14,af3_holo_iptm,0.268,0.201,,2026-07-29
of3_holo_MAPK14_a1e5e7e0,MAPK14,af3_holo_iptm,0.268,0.201,,2026-07-29
of3_holo_MAPK12_76941e54,MAPK12,af3_holo_iptm,0.268,0.219,,2026-07-29
of3_holo_MAPK14_7c3ce583,MAPK14,af3_holo_iptm,0.268,0.212,,2026-07-29
of3_holo_MAPKAPK2_457856ac,MAPKAPK2,af3_holo_iptm,0.267,0.219,,2026-08-02
of3_holo_MAPK14_b9962246,MAPK14,af3_holo_iptm,0.267,0.179,,2026-07-29
of3_holo_MAPK14_4c62aa69,MAPK14,af3_holo_iptm,0.267,0.195,,2026-07-29
of3_holo_MAPK11_f808025c,MAPK11,af3_holo_iptm,0.267,0.197,,2026-07-29
of3_holo_MAPK14_a0f38baf,MAPK14,af3_holo_iptm,0.267,0.204,,2026-07-29
of3_holo_KEAP1_86b19d8e,KEAP1,af3_holo_iptm,0.267,0.457,,2026-08-02
of3_holo_MAPK14_8e68d704,MAPK14,af3_holo_iptm,0.267,0.192,,2026-07-29
of3_holo_KEAP1_98d19a84,KEAP1,af3_holo_iptm,0.267,0.447,,2026-08-02
of3_holo_MAPK14_bf472cb7,MAPK14,af3_holo_iptm,0.267,0.198,,2026-07-29
of3_holo_MAPK11_a49269f4,MAPK11,af3_holo_iptm,0.267,0.196,,2026-07-29
of3_holo_MAPKAPK2_bfe626c6,MAPKAPK2,af3_holo_iptm,0.267,0.226,,2026-07-29
of3_holo_MAPK12_9b7a1179,MAPK12,af3_holo_iptm,0.267,0.214,,2026-07-29
of3_holo_MAPK14_d4f514e1,MAPK14,af3_holo_iptm,0.267,0.225,,2026-07-29
of3_holo_MAPK14_a03300cb,MAPK14,af3_holo_iptm,0.267,0.181,,2026-07-29
of3_holo_MAPK14_a0fa5f32,MAPK14,af3_holo_iptm,0.267,0.209,,2026-07-29
of3_holo_MAPK14_3c0da543,MAPK14,af3_holo_iptm,0.267,0.205,,2026-07-29
of3_holo_KEAP1_1fe2daea,KEAP1,af3_holo_iptm,0.267,0.448,,2026-08-02
of3_holo_MAPK12_05d38467,MAPK12,af3_holo_iptm,0.267,0.218,,2026-07-29
of3_holo_MAPK11_07d50ed0,MAPK11,af3_holo_iptm,0.267,0.211,,2026-07-29
of3_holo_MAPK11_4d42075b,MAPK11,af3_holo_iptm,0.267,0.197,,2026-07-29
of3_holo_MAPK14_8935f3ab,MAPK14,af3_holo_iptm,0.267,0.199,,2026-07-29
of3_holo_DNM1L_015a878b,DNM1L,af3_holo_iptm,0.267,0.190,,2026-08-11
of3_holo_MAPKAPK2_3a345077,MAPKAPK2,af3_holo_iptm,0.267,0.206,,2026-08-02
of3_holo_MAPK11_f52a340e,MAPK11,af3_holo_iptm,0.266,0.210,,2026-07-29
of3_holo_MAPK14_c83a2889,MAPK14,af3_holo_iptm,0.266,0.218,,2026-07-29
of3_holo_MAPK11_0cacc633,MAPK11,af3_holo_iptm,0.266,0.212,,2026-07-29
of3_holo_MAPK14_009ae9e3,MAPK14,af3_holo_iptm,0.266,0.205,,2026-07-29
of3_holo_MAPK14_ce679ffd,MAPK14,af3_holo_iptm,0.266,0.226,,2026-07-29
of3_holo_MAPKAPK2_44e73cfb,MAPKAPK2,af3_holo_iptm,0.266,0.223,,2026-07-29
of3_holo_MAPK14_c3c253ec,MAPK14,af3_holo_iptm,0.266,0.217,,2026-07-29
of3_holo_MAPK11_7e48696f,MAPK11,af3_holo_iptm,0.266,0.310,,2026-07-29
of3_holo_MAPK14_ee3056b8,MAPK14,af3_holo_iptm,0.266,0.180,,2026-07-29
of3_holo_MAPK14_039aafe6,MAPK14,af3_holo_iptm,0.266,0.215,,2026-07-29
of3_holo_MAPK11_1ec79ee0,MAPK11,af3_holo_iptm,0.266,0.224,,2026-07-29
of3_holo_MAPK11_5f17b259,MAPK11,af3_holo_iptm,0.266,0.253,,2026-07-29
of3_holo_MAPK11_d32c4a74,MAPK11,af3_holo_iptm,0.266,0.200,,2026-07-29
of3_holo_MAPK14_bcaf5105,MAPK14,af3_holo_iptm,0.266,0.226,,2026-07-29
of3_holo_MAPK11_26a4063e,MAPK11,af3_holo_iptm,0.266,0.217,,2026-07-29
of3_holo_MAPK11_968f02a3,MAPK11,af3_holo_iptm,0.266,0.221,,2026-07-29
of3_holo_MAPK14_18626408,MAPK14,af3_holo_iptm,0.266,0.183,,2026-07-29
of3_holo_MAPK12_c573723e,MAPK12,af3_holo_iptm,0.266,0.211,,2026-07-29
of3_holo_MAPK11_fa40d817,MAPK11,af3_holo_iptm,0.266,0.260,,2026-07-29
of3_holo_MAPK11_18cd0afd,MAPK11,af3_holo_iptm,0.266,0.197,,2026-07-29
of3_holo_MAPK14_338b6f7c,MAPK14,af3_holo_iptm,0.266,0.192,,2026-07-29
of3_holo_MAPK11_df492364,MAPK11,af3_holo_iptm,0.266,0.215,,2026-07-29
of3_holo_MAPK14_411a2113,MAPK14,af3_holo_iptm,0.266,0.226,,2026-07-29
of3_holo_MAPKAPK2_e28bcef2,MAPKAPK2,af3_holo_iptm,0.266,0.208,,2026-07-29
of3_holo_KEAP1_283830e1,KEAP1,af3_holo_iptm,0.266,0.450,,2026-08-02
of3_holo_MAPKAPK2_f43f2a94,MAPKAPK2,af3_holo_iptm,0.266,0.225,,2026-08-02
of3_holo_KEAP1_8c479e55,KEAP1,af3_holo_iptm,0.266,0.456,,2026-07-29
of3_holo_MAPKAPK2_df237c24,MAPKAPK2,af3_holo_iptm,0.265,0.226,,2026-08-02
of3_holo_KEAP1_8dc8e80e,KEAP1,af3_holo_iptm,0.265,0.458,,2026-07-29
of3_holo_MAPK11_f1f20ed3,MAPK11,af3_holo_iptm,0.265,0.219,,2026-07-29
of3_holo_KEAP1_47831059,KEAP1,af3_holo_iptm,0.265,0.451,,2026-07-29
of3_holo_MAPK12_9676f54e,MAPK12,af3_holo_iptm,0.265,0.217,,2026-07-29
of3_holo_MAPK11_359cdc89,MAPK11,af3_holo_iptm,0.265,0.212,,2026-07-29
of3_holo_MAPK11_d5f389dc,MAPK11,af3_holo_iptm,0.265,0.216,,2026-07-29
of3_holo_MAPK14_c4b03de6,MAPK14,af3_holo_iptm,0.265,0.207,,2026-07-29
of3_holo_MAPK11_a6436cf6,MAPK11,af3_holo_iptm,0.265,0.265,,2026-07-29
of3_holo_MAPK13_80f7c045,MAPK13,af3_holo_iptm,0.265,0.219,,2026-07-29
of3_holo_MAPK14_c0b65d52,MAPK14,af3_holo_iptm,0.265,0.204,,2026-07-29
of3_holo_MAPKAPK2_f70d4556,MAPKAPK2,af3_holo_iptm,0.265,0.210,,2026-07-29
of3_holo_MAPK12_729a4769,MAPK12,af3_holo_iptm,0.265,0.228,,2026-07-29
of3_holo_MAPK14_daaff4bf,MAPK14,af3_holo_iptm,0.265,0.204,,2026-07-29
of3_holo_MAPK11_29e1a418,MAPK11,af3_holo_iptm,0.265,0.226,,2026-07-29
of3_holo_DNM1L_895a1676,DNM1L,af3_holo_iptm,0.265,0.206,,2026-07-29
of3_holo_MAPK14_abab0b3d,MAPK14,af3_holo_iptm,0.265,0.206,,2026-07-29
of3_holo_MAPK14_c92993be,MAPK14,af3_holo_iptm,0.265,0.193,,2026-07-29
of3_holo_MAPK14_e306f5f8,MAPK14,af3_holo_iptm,0.265,0.188,,2026-07-29
of3_holo_MAPK11_50de1b2f,MAPK11,af3_holo_iptm,0.265,0.205,,2026-07-29
of3_holo_MAPK11_bf51933e,MAPK11,af3_holo_iptm,0.265,0.199,,2026-07-29
of3_holo_MAPK14_b5d53c4b,MAPK14,af3_holo_iptm,0.265,0.184,,2026-07-29
of3_holo_MAPK11_199da0fb,MAPK11,af3_holo_iptm,0.265,0.200,,2026-07-29
of3_holo_MAPK12_ac8ec0ca,MAPK12,af3_holo_iptm,0.264,0.230,,2026-07-29
of3_holo_KEAP1_789a1d72,KEAP1,af3_holo_iptm,0.264,0.459,,2026-08-02
of3_holo_MAPKAPK2_60c0c50c,MAPKAPK2,af3_holo_iptm,0.264,0.212,,2026-08-02
of3_holo_MAPK14_1c6f3dfa,MAPK14,af3_holo_iptm,0.264,0.208,,2026-08-02
of3_holo_MAPK13_f29f1c8b,MAPK13,af3_holo_iptm,0.264,0.220,,2026-07-29
of3_holo_MAPK11_b732c24f,MAPK11,af3_holo_iptm,0.264,0.217,,2026-07-29
of3_holo_MAPK11_713be4c4,MAPK11,af3_holo_iptm,0.264,0.201,,2026-07-29
of3_holo_HDAC2_2f2be866,HDAC2,af3_holo_iptm,0.264,0.240,,2026-07-29
of3_holo_MAPK14_93b97017,MAPK14,af3_holo_iptm,0.264,0.180,,2026-07-29
of3_holo_MAPK11_a225e025,MAPK11,af3_holo_iptm,0.264,0.213,,2026-07-29
of3_holo_MAPK14_fd63eff8,MAPK14,af3_holo_iptm,0.264,0.198,,2026-07-29
of3_holo_MAPK12_d889718b,MAPK12,af3_holo_iptm,0.264,0.210,,2026-07-29
of3_holo_KEAP1_a54325cb,KEAP1,af3_holo_iptm,0.264,0.453,,2026-07-29
of3_holo_MAPK14_40902ceb,MAPK14,af3_holo_iptm,0.264,0.211,,2026-07-29
of3_holo_MAPK14_6fd89171,MAPK14,af3_holo_iptm,0.264,0.210,,2026-07-29
of3_holo_MAPK11_77e1df52,MAPK11,af3_holo_iptm,0.264,0.217,,2026-07-29
of3_holo_MAPK11_63932a91,MAPK11,af3_holo_iptm,0.264,0.198,,2026-07-29
of3_holo_MAPK14_c0eef566,MAPK14,af3_holo_iptm,0.264,0.221,,2026-07-29
of3_holo_MAPK12_69e7b960,MAPK12,af3_holo_iptm,0.264,0.222,,2026-07-29
of3_holo_LDHA_5de45e7a,LDHA,af3_holo_iptm,0.264,0.236,,2026-08-01
of3_holo_KEAP1_83b07bc8,KEAP1,af3_holo_iptm,0.264,0.451,,2026-08-01
of3_holo_KEAP1_390d5872,KEAP1,af3_holo_iptm,0.264,0.460,,2026-07-29
of3_holo_MAPK14_c37202f5,MAPK14,af3_holo_iptm,0.264,0.184,,2026-07-29
of3_holo_MAPK11_8e038885,MAPK11,af3_holo_iptm,0.264,0.197,,2026-07-29
of3_holo_KEAP1_24f5bb29,KEAP1,af3_holo_iptm,0.263,0.455,,2026-08-02
of3_holo_MAPK14_7a2a4b51,MAPK14,af3_holo_iptm,0.263,0.217,,2026-07-29
of3_holo_MAPK14_a86f7c91,MAPK14,af3_holo_iptm,0.263,0.182,,2026-07-29
of3_holo_MAPK11_6ec014eb,MAPK11,af3_holo_iptm,0.263,0.206,,2026-07-29
of3_holo_KEAP1_2e3930e8,KEAP1,af3_holo_iptm,0.263,0.456,,2026-07-30
of3_holo_MAPK14_50683128,MAPK14,af3_holo_iptm,0.263,0.218,,2026-07-29
of3_holo_MAPK11_d381ae66,MAPK11,af3_holo_iptm,0.263,0.221,,2026-07-29
of3_holo_HDAC2_a95c80bb,HDAC2,af3_holo_iptm,0.263,0.251,,2026-07-29
of3_holo_MAPKAPK2_c13329d3,MAPKAPK2,af3_holo_iptm,0.263,0.204,,2026-08-02
of3_holo_MAPK14_b4e5f546,MAPK14,af3_holo_iptm,0.263,0.192,,2026-07-29
of3_holo_KEAP1_8dd82f77,KEAP1,af3_holo_iptm,0.263,0.456,,2026-07-29
of3_holo_DNM1L_c7b72269,DNM1L,af3_holo_iptm,0.263,0.199,,2026-08-11
of3_holo_MAPK14_6ac336f4,MAPK14,af3_holo_iptm,0.263,0.209,,2026-07-29
of3_holo_MAPK11_7a84589b,MAPK11,af3_holo_iptm,0.263,0.202,,2026-07-29
of3_holo_MAPK14_cdfb22b8,MAPK14,af3_holo_iptm,0.263,0.216,,2026-07-29
of3_holo_MAPK14_99376d1e,MAPK14,af3_holo_iptm,0.263,0.188,,2026-07-29
of3_holo_MAPKAPK2_42d0b78d,MAPKAPK2,af3_holo_iptm,0.263,0.226,,2026-08-02
of3_holo_MAPK14_8c7da05b,MAPK14,af3_holo_iptm,0.263,0.241,,2026-07-29
of3_holo_MAPK14_409dc826,MAPK14,af3_holo_iptm,0.263,0.202,,2026-07-29
of3_holo_MAPK14_239ada5a,MAPK14,af3_holo_iptm,0.263,0.199,,2026-07-29
of3_holo_MAPK14_5ea48fec,MAPK14,af3_holo_iptm,0.263,0.198,,2026-07-29
of3_holo_KEAP1_a846e5fd,KEAP1,af3_holo_iptm,0.263,0.458,,2026-07-29
of3_holo_MAPK12_f03c5151,MAPK12,af3_holo_iptm,0.263,0.258,,2026-07-29
of3_holo_MAPK11_281aee73,MAPK11,af3_holo_iptm,0.263,0.219,,2026-07-29
of3_holo_MAPK14_72c20e5e,MAPK14,af3_holo_iptm,0.263,0.208,,2026-07-29
of3_holo_MAPK12_8f380add,MAPK12,af3_holo_iptm,0.263,0.201,,2026-07-29
of3_holo_KEAP1_bb8f21ca,KEAP1,af3_holo_iptm,0.263,0.444,,2026-08-02
of3_holo_KEAP1_a1968bb1,KEAP1,af3_holo_iptm,0.262,0.448,,2026-08-02
of3_holo_MAPK11_c3ec2346,MAPK11,af3_holo_iptm,0.262,0.193,,2026-07-29
of3_holo_MAPK11_9ede7dee,MAPK11,af3_holo_iptm,0.262,0.209,,2026-07-29
of3_holo_MAPK11_52f67af3,MAPK11,af3_holo_iptm,0.262,0.210,,2026-07-29
of3_holo_MAPK11_832255c5,MAPK11,af3_holo_iptm,0.262,0.194,,2026-07-29
of3_holo_KEAP1_567659b9,KEAP1,af3_holo_iptm,0.262,0.460,,2026-08-01
of3_holo_MAPK11_90eabbad,MAPK11,af3_holo_iptm,0.262,0.204,,2026-07-29
of3_holo_KEAP1_b44dc93e,KEAP1,af3_holo_iptm,0.262,0.454,,2026-07-29
of3_holo_MAPK14_94063b8e,MAPK14,af3_holo_iptm,0.262,0.179,,2026-07-29
of3_holo_MAPK14_78887b58,MAPK14,af3_holo_iptm,0.262,0.209,,2026-07-29
of3_holo_MAPK14_be7f10b4,MAPK14,af3_holo_iptm,0.262,0.240,,2026-07-29
of3_holo_MAPKAPK2_b2e21e82,MAPKAPK2,af3_holo_iptm,0.262,0.198,,2026-08-02
of3_holo_KEAP1_29136ab4,KEAP1,af3_holo_iptm,0.262,0.458,,2026-07-29
of3_holo_DNM1L_5f21f74f,DNM1L,af3_holo_iptm,0.262,0.182,,2026-07-30
of3_holo_MAPKAPK2_6f53c41c,MAPKAPK2,af3_holo_iptm,0.262,0.207,,2026-07-29
of3_holo_MAPK11_b3450593,MAPK11,af3_holo_iptm,0.262,0.268,,2026-07-29
of3_holo_KEAP1_1d2022a6,KEAP1,af3_holo_iptm,0.262,0.449,,2026-08-02
of3_holo_MAPK14_83b494c3,MAPK14,af3_holo_iptm,0.262,0.206,,2026-07-29
of3_holo_MAPK14_c9bd5ea8,MAPK14,af3_holo_iptm,0.262,0.212,,2026-07-29
of3_holo_MAPK13_34f9e75b,MAPK13,af3_holo_iptm,0.261,0.230,,2026-07-29
of3_holo_MAPK13_5a806616,MAPK13,af3_holo_iptm,0.261,0.195,,2026-07-29
of3_holo_MAPK14_06234349,MAPK14,af3_holo_iptm,0.261,0.204,,2026-07-29
of3_holo_KEAP1_2812276f,KEAP1,af3_holo_iptm,0.261,0.451,,2026-08-02
of3_holo_KEAP1_240be271,KEAP1,af3_holo_iptm,0.261,0.455,,2026-07-29
of3_holo_MAPK12_a12fc89d,MAPK12,af3_holo_iptm,0.261,0.233,,2026-07-29
of3_holo_MAPK11_3c7f894b,MAPK11,af3_holo_iptm,0.261,0.331,,2026-07-29
of3_holo_KEAP1_08e39d23,KEAP1,af3_holo_iptm,0.261,0.456,,2026-08-02
of3_holo_MAPK11_156ab92b,MAPK11,af3_holo_iptm,0.261,0.254,,2026-07-29
of3_holo_MAPK14_7fc8d22a,MAPK14,af3_holo_iptm,0.261,0.226,,2026-07-29
of3_holo_MAPK11_d0294d32,MAPK11,af3_holo_iptm,0.261,0.241,,2026-07-29
of3_holo_MAPK14_4f9ad534,MAPK14,af3_holo_iptm,0.261,0.215,,2026-07-29
of3_holo_MAPK11_3cbb131d,MAPK11,af3_holo_iptm,0.261,0.214,,2026-07-29
of3_holo_KEAP1_e33f3c4e,KEAP1,af3_holo_iptm,0.261,0.445,,2026-08-02
of3_holo_KEAP1_3cd6a673,KEAP1,af3_holo_iptm,0.261,0.454,,2026-07-29
of3_holo_KEAP1_dd7ccf21,KEAP1,af3_holo_iptm,0.261,0.441,,2026-08-02
of3_holo_MAPK14_fbc587da,MAPK14,af3_holo_iptm,0.261,0.182,,2026-07-29
of3_holo_MAPK14_fd885d16,MAPK14,af3_holo_iptm,0.261,0.186,,2026-07-29
of3_holo_MAPKAPK2_5f1d9103,MAPKAPK2,af3_holo_iptm,0.261,0.224,,2026-08-02
of3_holo_KEAP1_6d780b54,KEAP1,af3_holo_iptm,0.261,0.458,,2026-07-29
of3_holo_MAPK14_9c940bc5,MAPK14,af3_holo_iptm,0.261,0.190,,2026-07-29
of3_holo_MAPK11_48b18206,MAPK11,af3_holo_iptm,0.261,0.232,,2026-07-29
of3_holo_KEAP1_d26c9484,KEAP1,af3_holo_iptm,0.261,0.456,,2026-08-02
of3_holo_MAPK11_a4c890ed,MAPK11,af3_holo_iptm,0.261,0.203,,2026-07-29
of3_holo_MAPK14_e8ac0525,MAPK14,af3_holo_iptm,0.261,0.185,,2026-07-29
of3_holo_MAPK11_8d0ed1a0,MAPK11,af3_holo_iptm,0.261,0.293,,2026-07-29
of3_holo_MAPK14_8795d1ae,MAPK14,af3_holo_iptm,0.261,0.208,,2026-07-29
of3_holo_MAPK11_57994096,MAPK11,af3_holo_iptm,0.261,0.215,,2026-07-29
of3_holo_KEAP1_45f2fe65,KEAP1,af3_holo_iptm,0.260,0.454,,2026-07-29
of3_holo_MAPK14_e7e94c52,MAPK14,af3_holo_iptm,0.260,0.180,,2026-07-29
of3_holo_KEAP1_4c8999a2,KEAP1,af3_holo_iptm,0.260,0.455,,2026-08-02
of3_holo_MAPK14_24874daf,MAPK14,af3_holo_iptm,0.260,0.214,,2026-07-29
of3_holo_MAPK14_497d0c2b,MAPK14,af3_holo_iptm,0.260,0.212,,2026-07-29
of3_holo_MAPK11_5820d8e6,MAPK11,af3_holo_iptm,0.260,0.212,,2026-07-29
of3_holo_MAPK12_b1a574dd,MAPK12,af3_holo_iptm,0.260,0.343,,2026-07-29
of3_holo_MAPK14_b855690f,MAPK14,af3_holo_iptm,0.260,0.203,,2026-07-29
of3_holo_KEAP1_228a6b54,KEAP1,af3_holo_iptm,0.260,0.458,,2026-08-02
of3_holo_MAPK14_5ff80aa9,MAPK14,af3_holo_iptm,0.260,0.180,,2026-07-29
of3_holo_MAPK13_7c272e31,MAPK13,af3_holo_iptm,0.260,0.211,,2026-07-29
binder6775_agrn_x_agrn_lg3_1868_2065,"",af3_iptm,0.260,0.650,0.350,2026-07-23
19_map3k7_1_310_x_tab2_570_693,"",af3_iptm,0.260,0.630,0.490,2026-06-10
51_micu3_x_smdt1,"",af3_iptm,0.260,0.550,0.520,2026-06-08
srsf1_16_90_x_fus_471_526,"",af3_iptm,0.260,0.590,0.540,2026-06-29
cfl1_x_tp53,"",af3_iptm,0.260,0.420,0.470,2026-05-25
agrn_130_300_x_limk1_165_280,"",af3_iptm,0.260,0.400,0.410,2026-07-16
snrpd1_none_none_x_tp53_323_356,"",af3_iptm,0.260,0.510,0.560,2026-07-08
ctrl_neg_lrp4_21_737_h4c1_2,"",af3_iptm,0.260,0.500,0.320,2026-08-06
gfra1_146_265_x_lrp4_1656_1905,"",af3_iptm,0.260,0.330,0.550,2026-07-15
23_kcnb1_580_858_x_snap25,"",af3_iptm,0.260,0.380,0.620,2026-06-08
61_snph_x_tuba1a,"",af3_iptm,0.260,0.510,0.550,2026-06-07
binder7258_lrp4_x_lrp4_beta1_prop_435_697,"",af3_iptm,0.260,0.690,0.350,2026-07-21
gfra1_146_265_x_lrp4_1656_1905,"",af3_iptm,0.260,0.330,0.570,2026-06-29
binder6209_lrp4_x_lrp4_beta1_prop_435_697,"",af3_iptm,0.260,0.710,0.350,2026-07-20
hk1_vdac1_atp,"",af3_iptm,0.260,0.630,0.340,2026-08-03
binder6042_agrn_x_agrn_lg3_1868_2065,"",af3_iptm,0.260,0.690,0.380,2026-07-24
pgk1_gapdh_atp,"",af3_iptm,0.260,0.500,0.310,2026-08-03
binder6140_lrp4_x_lrp4_beta1_prop_435_697,"",af3_iptm,0.260,0.660,0.340,2026-07-20
85_hdac2_x_znf217,"",af3_iptm,0.260,0.360,0.590,2026-06-12
agrn_x_dok7,"",af3_iptm,0.260,0.360,0.450,2026-05-27
49_sirt1_x_tp53,"",af3_iptm,0.260,0.390,0.530,2026-06-21
ssh1_phos_x_limk2_kin,"",af3_iptm,0.260,0.540,0.370,2026-05-17
rictor_x_smn1_c3531616,"",af3_iptm,0.260,0.520,0.490,2026-06-27
smn1_x_bcl2,"",af3_iptm,0.260,0.370,0.540,2026-05-27
03_keap1_bp_rvtqaof7d1qtmlxnuwb9_bc29,"",af3_iptm,0.260,0.820,0.380,2026-07-04
ssh1_phos_x_limk2_kin,"",af3_iptm,0.260,0.540,0.370,2026-05-16
19_map3k7_1_310_x_tab2_570_693,"",af3_iptm,0.260,0.630,0.490,2026-06-12
binder3396_keap1_x_keap1_kelch_321_609,"",af3_iptm,0.260,0.740,0.360,2026-07-20
dnm1l_none_none_x_mff_none_none,"",af3_iptm,0.260,0.420,0.500,2026-07-30
tp73_tp53bp2,"",af3_iptm,0.260,0.260,0.590,2026-08-01
of3_holo_KEAP1_63f2bf33,KEAP1,af3_holo_iptm,0.260,0.448,,2026-07-29
of3_holo_MAPK11_76128268,MAPK11,af3_holo_iptm,0.260,0.208,,2026-07-29
of3_holo_MAPK11_4826b58a,MAPK11,af3_holo_iptm,0.260,0.204,,2026-07-29
of3_holo_MAPK11_728c354b,MAPK11,af3_holo_iptm,0.260,0.209,,2026-07-29
of3_holo_MAPK13_a98537c5,MAPK13,af3_holo_iptm,0.260,0.203,,2026-07-29
of3_holo_MAPK14_c84809d3,MAPK14,af3_holo_iptm,0.260,0.203,,2026-07-29
of3_holo_MAPK11_16e1e782,MAPK11,af3_holo_iptm,0.260,0.259,,2026-07-29
of3_holo_MAPK14_cb29de41,MAPK14,af3_holo_iptm,0.260,0.205,,2026-07-29
of3_holo_MAPK14_17811d81,MAPK14,af3_holo_iptm,0.260,0.179,,2026-07-29
of3_holo_KEAP1_b7828410,KEAP1,af3_holo_iptm,0.260,0.444,,2026-08-02
of3_holo_KEAP1_94e858d7,KEAP1,af3_holo_iptm,0.260,0.460,,2026-07-29
of3_holo_MAPK14_3aa1d74c,MAPK14,af3_holo_iptm,0.260,0.205,,2026-07-29
of3_holo_MAPK13_736680a5,MAPK13,af3_holo_iptm,0.260,0.230,,2026-07-29
of3_holo_MAPK14_9dba8f76,MAPK14,af3_holo_iptm,0.259,0.218,,2026-07-29
of3_holo_MAPK12_5e2b70e4,MAPK12,af3_holo_iptm,0.259,0.219,,2026-07-29
of3_holo_MAPK11_16696eb8,MAPK11,af3_holo_iptm,0.259,0.197,,2026-07-29
of3_holo_MAPKAPK2_c9115824,MAPKAPK2,af3_holo_iptm,0.259,0.226,,2026-07-29
of3_holo_MAPK11_a53ec43e,MAPK11,af3_holo_iptm,0.259,0.203,,2026-07-29
of3_holo_MAPKAPK2_61dfd30c,MAPKAPK2,af3_holo_iptm,0.259,0.212,,2026-07-29
of3_holo_KEAP1_8b813f2e,KEAP1,af3_holo_iptm,0.259,0.453,,2026-07-29
of3_holo_MAPK14_68de5003,MAPK14,af3_holo_iptm,0.259,0.210,,2026-07-29
of3_holo_MAPK14_b9a1d9f6,MAPK14,af3_holo_iptm,0.259,0.212,,2026-07-29
of3_holo_MAPK11_08441d46,MAPK11,af3_holo_iptm,0.259,0.219,,2026-07-29
of3_holo_MAPK14_8c6ab928,MAPK14,af3_holo_iptm,0.259,0.204,,2026-07-29
of3_holo_KEAP1_12df5662,KEAP1,af3_holo_iptm,0.259,0.450,,2026-07-29
of3_holo_MAPK11_9cec39ef,MAPK11,af3_holo_iptm,0.259,0.208,,2026-07-29
of3_holo_KEAP1_69241ca6,KEAP1,af3_holo_iptm,0.259,0.450,,2026-07-29
of3_holo_MAPK14_a3460826,MAPK14,af3_holo_iptm,0.259,0.207,,2026-07-29
of3_holo_MAPK12_0c4d6c16,MAPK12,af3_holo_iptm,0.259,0.221,,2026-07-29
of3_holo_MAPK11_ff3448df,MAPK11,af3_holo_iptm,0.259,0.214,,2026-07-29
of3_holo_MAPK11_afb17e9f,MAPK11,af3_holo_iptm,0.258,0.200,,2026-07-29
of3_holo_MAPK14_e212bb43,MAPK14,af3_holo_iptm,0.258,0.190,,2026-07-29
of3_holo_MAPK14_91e1b48e,MAPK14,af3_holo_iptm,0.258,0.206,,2026-07-29
of3_holo_KEAP1_53aaf04b,KEAP1,af3_holo_iptm,0.258,0.430,,2026-07-29
of3_holo_KEAP1_37f7b15a,KEAP1,af3_holo_iptm,0.258,0.456,,2026-07-29
of3_holo_DNM1L_ea6cd7b0,DNM1L,af3_holo_iptm,0.258,0.186,,2026-07-30
of3_holo_MAPK13_93834dc5,MAPK13,af3_holo_iptm,0.258,0.238,,2026-07-29
of3_holo_MAPK11_74a6f48c,MAPK11,af3_holo_iptm,0.258,0.238,,2026-07-29
of3_holo_MAPK14_b11bd37c,MAPK14,af3_holo_iptm,0.258,0.213,,2026-07-29
of3_holo_MAPK14_d0b9b45b,MAPK14,af3_holo_iptm,0.258,0.180,,2026-07-29
of3_holo_KEAP1_6feb8d1b,KEAP1,af3_holo_iptm,0.258,0.456,,2026-07-29
of3_holo_MAPK11_638894dd,MAPK11,af3_holo_iptm,0.258,0.292,,2026-07-29
of3_holo_MAPK14_ce21680b,MAPK14,af3_holo_iptm,0.258,0.220,,2026-07-29
of3_holo_KEAP1_39b7408c,KEAP1,af3_holo_iptm,0.258,0.454,,2026-08-02
of3_holo_MAPK11_42532a1a,MAPK11,af3_holo_iptm,0.258,0.226,,2026-07-29
of3_holo_MAPK11_7f6a396d,MAPK11,af3_holo_iptm,0.258,0.217,,2026-07-29
of3_holo_KEAP1_abccf63f,KEAP1,af3_holo_iptm,0.258,0.455,,2026-07-29
of3_holo_MAPKAPK2_f8ff9413,MAPKAPK2,af3_holo_iptm,0.258,0.208,,2026-07-29
of3_holo_KEAP1_087a1c99,KEAP1,af3_holo_iptm,0.258,0.451,,2026-07-29
of3_holo_MAPKAPK2_555d5dfe,MAPKAPK2,af3_holo_iptm,0.258,0.204,,2026-07-29
of3_holo_KEAP1_29351583,KEAP1,af3_holo_iptm,0.258,0.449,,2026-08-01
of3_holo_MAPK14_6a7a0dd5,MAPK14,af3_holo_iptm,0.258,0.213,,2026-08-02
of3_holo_MAPK14_c5ae7d87,MAPK14,af3_holo_iptm,0.258,0.203,,2026-07-29
of3_holo_MAPK14_6d499853,MAPK14,af3_holo_iptm,0.258,0.179,,2026-07-29
of3_holo_KEAP1_dacca71a,KEAP1,af3_holo_iptm,0.258,0.450,,2026-07-29
of3_holo_MAPK14_4f2243c1,MAPK14,af3_holo_iptm,0.257,0.197,,2026-07-29
of3_holo_MAPK14_a5328530,MAPK14,af3_holo_iptm,0.257,0.182,,2026-07-29
of3_holo_MAPKAPK2_0c238bc8,MAPKAPK2,af3_holo_iptm,0.257,0.209,,2026-07-29
of3_holo_MAPK11_0ec6fa43,MAPK11,af3_holo_iptm,0.257,0.219,,2026-07-29
of3_holo_KEAP1_b443c593,KEAP1,af3_holo_iptm,0.257,0.453,,2026-08-02
of3_holo_MAPK11_cc4593eb,MAPK11,af3_holo_iptm,0.257,0.207,,2026-07-29
of3_holo_MAPK14_90111dba,MAPK14,af3_holo_iptm,0.257,0.208,,2026-07-29
of3_holo_KEAP1_f7466661,KEAP1,af3_holo_iptm,0.257,0.446,,2026-08-02
of3_holo_MAPK11_4f1bb914,MAPK11,af3_holo_iptm,0.257,0.240,,2026-07-29
of3_holo_MAPK14_43256315,MAPK14,af3_holo_iptm,0.257,0.208,,2026-07-29
of3_holo_MAPKAPK2_6f8e6fc3,MAPKAPK2,af3_holo_iptm,0.257,0.215,,2026-07-29
of3_holo_MAPK14_dba4a93d,MAPK14,af3_holo_iptm,0.257,0.211,,2026-07-29
of3_holo_MAPK11_47276378,MAPK11,af3_holo_iptm,0.257,0.204,,2026-07-29
of3_holo_MAPK11_039f8882,MAPK11,af3_holo_iptm,0.257,0.196,,2026-07-29
of3_holo_KEAP1_e3f8b597,KEAP1,af3_holo_iptm,0.257,0.453,,2026-07-29
of3_holo_KEAP1_751a463d,KEAP1,af3_holo_iptm,0.257,0.445,,2026-07-29
of3_holo_MAPK14_3a877725,MAPK14,af3_holo_iptm,0.257,0.229,,2026-07-29
of3_holo_MAPKAPK2_8bd76914,MAPKAPK2,af3_holo_iptm,0.257,0.216,,2026-07-29
of3_holo_MAPK11_efee688b,MAPK11,af3_holo_iptm,0.257,0.200,,2026-07-29
of3_holo_DNM1L_b3c708a3,DNM1L,af3_holo_iptm,0.257,0.186,,2026-07-30
of3_holo_MAPK12_5197a506,MAPK12,af3_holo_iptm,0.257,0.274,,2026-07-29
of3_holo_MAPK11_8dd77f07,MAPK11,af3_holo_iptm,0.256,0.225,,2026-07-29
of3_holo_KEAP1_37586406,KEAP1,af3_holo_iptm,0.256,0.457,,2026-07-29
of3_holo_MAPK14_623832a8,MAPK14,af3_holo_iptm,0.256,0.197,,2026-07-29
of3_holo_MAPK14_cbdaeddf,MAPK14,af3_holo_iptm,0.256,0.202,,2026-07-29
of3_holo_KEAP1_b8ecac2a,KEAP1,af3_holo_iptm,0.256,0.456,,2026-07-29
of3_holo_MAPK11_ffa31312,MAPK11,af3_holo_iptm,0.256,0.209,,2026-07-29
of3_holo_MAPK14_766eae4f,MAPK14,af3_holo_iptm,0.256,0.201,,2026-07-29
of3_holo_MAPK12_fe18faed,MAPK12,af3_holo_iptm,0.256,0.208,,2026-07-29
of3_holo_MAPK14_bfb540dc,MAPK14,af3_holo_iptm,0.256,0.217,,2026-07-29
of3_holo_MAPK14_c2793c3a,MAPK14,af3_holo_iptm,0.256,0.191,,2026-07-29
of3_holo_KEAP1_d3efa960,KEAP1,af3_holo_iptm,0.256,0.455,,2026-08-02
of3_holo_MAPK14_4feca1e3,MAPK14,af3_holo_iptm,0.256,0.211,,2026-07-29
of3_holo_KEAP1_f3f07b01,KEAP1,af3_holo_iptm,0.256,0.456,,2026-08-02
of3_holo_MAPK14_840f4bf6,MAPK14,af3_holo_iptm,0.256,0.195,,2026-07-29
of3_holo_KEAP1_1534fff9,KEAP1,af3_holo_iptm,0.256,0.462,,2026-07-29
of3_holo_MAPK14_5659023c,MAPK14,af3_holo_iptm,0.256,0.211,,2026-07-29
of3_holo_MAPKAPK2_f2a9f8f9,MAPKAPK2,af3_holo_iptm,0.256,0.202,,2026-07-29
of3_holo_MAPK11_c2607d3b,MAPK11,af3_holo_iptm,0.256,0.230,,2026-07-29
of3_holo_MAPK13_b8a132e5,MAPK13,af3_holo_iptm,0.256,0.219,,2026-07-29
of3_holo_MAPK11_b4ba9df5,MAPK11,af3_holo_iptm,0.256,0.197,,2026-07-29
of3_holo_KEAP1_bae44638,KEAP1,af3_holo_iptm,0.256,0.456,,2026-07-29
of3_holo_MAPK11_8289a815,MAPK11,af3_holo_iptm,0.256,0.264,,2026-07-29
of3_holo_KEAP1_c4f2d160,KEAP1,af3_holo_iptm,0.256,0.455,,2026-08-02
of3_holo_KEAP1_002936ca,KEAP1,af3_holo_iptm,0.256,0.448,,2026-07-29
of3_holo_MAPK11_8522c476,MAPK11,af3_holo_iptm,0.256,0.212,,2026-07-29
of3_holo_MAPK14_3bb86b5a,MAPK14,af3_holo_iptm,0.256,0.221,,2026-07-29
of3_holo_MAPK12_2ecdf93e,MAPK12,af3_holo_iptm,0.256,0.209,,2026-07-29
of3_holo_DNM1L_86227067,DNM1L,af3_holo_iptm,0.256,0.184,,2026-07-29
of3_holo_MAPK11_93be445a,MAPK11,af3_holo_iptm,0.256,0.233,,2026-07-29
of3_holo_MAPK11_da205e97,MAPK11,af3_holo_iptm,0.256,0.211,,2026-07-29
of3_holo_MAPK12_a4df52c3,MAPK12,af3_holo_iptm,0.256,0.220,,2026-07-29
of3_holo_MAPK14_7cdb48b4,MAPK14,af3_holo_iptm,0.256,0.212,,2026-07-29
of3_holo_MAPK14_5d76129e,MAPK14,af3_holo_iptm,0.256,0.183,,2026-07-29
of3_holo_MAPK14_29c4576b,MAPK14,af3_holo_iptm,0.256,0.192,,2026-07-29
of3_holo_MAPK14_2a83c38e,MAPK14,af3_holo_iptm,0.255,0.192,,2026-07-29
of3_holo_MAPK14_68048de9,MAPK14,af3_holo_iptm,0.255,0.203,,2026-07-29
of3_holo_KEAP1_9d140531,KEAP1,af3_holo_iptm,0.255,0.455,,2026-08-02
of3_holo_MAPK14_29551c0a,MAPK14,af3_holo_iptm,0.255,0.189,,2026-07-29
of3_holo_MAPK14_ac2885a1,MAPK14,af3_holo_iptm,0.255,0.194,,2026-07-29
of3_holo_MAPK14_3c219e7f,MAPK14,af3_holo_iptm,0.255,0.192,,2026-07-29
of3_holo_MAPK14_bbaf599e,MAPK14,af3_holo_iptm,0.255,0.205,,2026-07-29
of3_holo_MAPK14_cfa0f871,MAPK14,af3_holo_iptm,0.255,0.190,,2026-07-29
of3_holo_MAPK11_d916930d,MAPK11,af3_holo_iptm,0.255,0.200,,2026-07-29
of3_holo_KEAP1_6a21a80a,KEAP1,af3_holo_iptm,0.255,0.456,,2026-08-01
of3_holo_MAPKAPK2_ee1a941f,MAPKAPK2,af3_holo_iptm,0.255,0.207,,2026-07-29
of3_holo_MAPKAPK2_7ac1fc9f,MAPKAPK2,af3_holo_iptm,0.255,0.230,,2026-07-29
of3_holo_KEAP1_090ae090,KEAP1,af3_holo_iptm,0.255,0.453,,2026-08-02
of3_holo_MAPK11_ff0fc8ed,MAPK11,af3_holo_iptm,0.255,0.194,,2026-07-29
of3_holo_MAPK14_64786cfd,MAPK14,af3_holo_iptm,0.255,0.210,,2026-07-29
of3_holo_MAPK14_b9fa721a,MAPK14,af3_holo_iptm,0.255,0.205,,2026-07-29
of3_holo_KEAP1_f7f1aabe,KEAP1,af3_holo_iptm,0.255,0.452,,2026-07-29
of3_holo_KEAP1_2634d62c,KEAP1,af3_holo_iptm,0.255,0.461,,2026-07-29
of3_holo_MAPK14_99900a16,MAPK14,af3_holo_iptm,0.255,0.200,,2026-07-29
of3_holo_MAPK14_bbe02b72,MAPK14,af3_holo_iptm,0.255,0.184,,2026-07-29
of3_holo_MAPK12_134b4558,MAPK12,af3_holo_iptm,0.255,0.302,,2026-07-29
of3_holo_MAPK12_9635e6d8,MAPK12,af3_holo_iptm,0.254,0.224,,2026-07-29
of3_holo_MAPK14_9beb7d87,MAPK14,af3_holo_iptm,0.254,0.205,,2026-08-02
of3_holo_MAPK14_be0d4ed2,MAPK14,af3_holo_iptm,0.254,0.179,,2026-07-29
of3_holo_MAPK14_4937aefd,MAPK14,af3_holo_iptm,0.254,0.181,,2026-07-29
of3_holo_MAPK14_7d2e0bfd,MAPK14,af3_holo_iptm,0.254,0.221,,2026-07-29
of3_holo_MAPK14_b629148f,MAPK14,af3_holo_iptm,0.254,0.197,,2026-07-29
of3_holo_KEAP1_53598deb,KEAP1,af3_holo_iptm,0.254,0.446,,2026-07-29
of3_holo_MAPK14_3e10c6a5,MAPK14,af3_holo_iptm,0.254,0.185,,2026-07-29
of3_holo_MAPK14_ade1bac8,MAPK14,af3_holo_iptm,0.254,0.209,,2026-07-29
of3_holo_MAPK14_b8bf1476,MAPK14,af3_holo_iptm,0.254,0.210,,2026-08-02
of3_holo_MAPK11_125d6ade,MAPK11,af3_holo_iptm,0.254,0.236,,2026-07-29
of3_holo_MAPK11_e89a9a05,MAPK11,af3_holo_iptm,0.254,0.261,,2026-07-29
of3_holo_MAPK11_4c430dd4,MAPK11,af3_holo_iptm,0.254,0.198,,2026-07-29
of3_holo_MAPK12_7bd4a688,MAPK12,af3_holo_iptm,0.254,0.233,,2026-07-29
of3_holo_MAPK14_45f8bde4,MAPK14,af3_holo_iptm,0.254,0.200,,2026-07-29
of3_holo_KEAP1_f266abf9,KEAP1,af3_holo_iptm,0.254,0.456,,2026-07-29
of3_holo_MAPK14_b9ed235c,MAPK14,af3_holo_iptm,0.254,0.189,,2026-07-29
of3_holo_MAPK11_332a02c8,MAPK11,af3_holo_iptm,0.254,0.209,,2026-07-29
of3_holo_MAPK11_c3bd377e,MAPK11,af3_holo_iptm,0.254,0.203,,2026-07-29
of3_holo_KEAP1_13a8d941,KEAP1,af3_holo_iptm,0.254,0.456,,2026-08-02
of3_holo_MAPK11_663f843d,MAPK11,af3_holo_iptm,0.254,0.196,,2026-07-29
of3_holo_MAPK11_d14565a9,MAPK11,af3_holo_iptm,0.254,0.222,,2026-07-29
of3_holo_MAPK11_86186704,MAPK11,af3_holo_iptm,0.254,0.246,,2026-07-29
of3_holo_MAPK11_2e31021c,MAPK11,af3_holo_iptm,0.254,0.246,,2026-07-29
of3_holo_MAPK14_15c6d1fd,MAPK14,af3_holo_iptm,0.254,0.210,,2026-07-29
of3_holo_MAPKAPK2_1276ce5e,MAPKAPK2,af3_holo_iptm,0.254,0.211,,2026-07-29
of3_holo_MAPK14_2269c183,MAPK14,af3_holo_iptm,0.254,0.228,,2026-07-29
of3_holo_MAPK14_acbd47b1,MAPK14,af3_holo_iptm,0.254,0.224,,2026-07-29
of3_holo_MAPK14_30d03ace,MAPK14,af3_holo_iptm,0.254,0.193,,2026-07-29
of3_holo_MAPK14_1ace70fa,MAPK14,af3_holo_iptm,0.254,0.189,,2026-07-29
of3_holo_MAPK14_eeb3fd59,MAPK14,af3_holo_iptm,0.254,0.208,,2026-07-29
of3_holo_MAPK14_8a28e3ba,MAPK14,af3_holo_iptm,0.253,0.216,,2026-07-29
of3_holo_MAPK14_a36b5711,MAPK14,af3_holo_iptm,0.253,0.204,,2026-07-29
of3_holo_MAPK14_98e2a62d,MAPK14,af3_holo_iptm,0.253,0.228,,2026-07-29
of3_holo_KEAP1_b3fbcf5f,KEAP1,af3_holo_iptm,0.253,0.449,,2026-08-02
of3_holo_MAPK14_d6a0c84a,MAPK14,af3_holo_iptm,0.253,0.226,,2026-08-02
of3_holo_MAPK14_219032d4,MAPK14,af3_holo_iptm,0.253,0.204,,2026-07-29
of3_holo_MAPK11_4cc11f80,MAPK11,af3_holo_iptm,0.253,0.236,,2026-07-29
of3_holo_KEAP1_37130005,KEAP1,af3_holo_iptm,0.253,0.451,,2026-07-29
of3_holo_MAPK14_be710c79,MAPK14,af3_holo_iptm,0.253,0.209,,2026-07-29
of3_holo_MAPK14_4e18c520,MAPK14,af3_holo_iptm,0.253,0.202,,2026-07-29
of3_holo_MAPK11_8552a122,MAPK11,af3_holo_iptm,0.253,0.194,,2026-07-29
of3_holo_MAPK12_ab3f6356,MAPK12,af3_holo_iptm,0.253,0.217,,2026-07-29
of3_holo_MAPK11_950413d9,MAPK11,af3_holo_iptm,0.253,0.355,,2026-07-29
of3_holo_MAPKAPK2_d63a2138,MAPKAPK2,af3_holo_iptm,0.253,0.221,,2026-07-29
of3_holo_MAPK14_ef78a73d,MAPK14,af3_holo_iptm,0.253,0.216,,2026-07-29
of3_holo_MAPK11_58fbce42,MAPK11,af3_holo_iptm,0.253,0.220,,2026-07-29
of3_holo_MAPK13_67f1eaf8,MAPK13,af3_holo_iptm,0.253,0.199,,2026-07-29
of3_holo_MAPK12_d18c8606,MAPK12,af3_holo_iptm,0.253,0.222,,2026-07-29
of3_holo_MAPK14_7f5105cf,MAPK14,af3_holo_iptm,0.253,0.224,,2026-07-29
of3_holo_MAPK13_399c39f1,MAPK13,af3_holo_iptm,0.253,0.215,,2026-07-29
of3_holo_DNM1L_60217cf8,DNM1L,af3_holo_iptm,0.253,0.194,,2026-07-29
of3_holo_MAPK11_b7791f96,MAPK11,af3_holo_iptm,0.253,0.361,,2026-07-29
of3_holo_MAPK14_af002dca,MAPK14,af3_holo_iptm,0.252,0.212,,2026-07-29
of3_holo_MAPK11_07a98a74,MAPK11,af3_holo_iptm,0.252,0.268,,2026-07-29
of3_holo_MAPK12_88a58fb8,MAPK12,af3_holo_iptm,0.252,0.207,,2026-07-29
of3_holo_MAPK11_6e8967da,MAPK11,af3_holo_iptm,0.252,0.237,,2026-07-29
of3_holo_KEAP1_605502b1,KEAP1,af3_holo_iptm,0.252,0.459,,2026-07-29
of3_holo_MAPK11_d2036da0,MAPK11,af3_holo_iptm,0.252,0.204,,2026-07-29
of3_holo_MAPK14_92f8e276,MAPK14,af3_holo_iptm,0.252,0.214,,2026-08-02
of3_holo_MAPK11_ac2ff390,MAPK11,af3_holo_iptm,0.252,0.290,,2026-07-29
of3_holo_MAPK11_a6cb4282,MAPK11,af3_holo_iptm,0.252,0.244,,2026-07-29
of3_holo_MAPK14_712ff259,MAPK14,af3_holo_iptm,0.252,0.212,,2026-07-29
of3_holo_MAPK11_db3159fc,MAPK11,af3_holo_iptm,0.252,0.255,,2026-07-29
of3_holo_MAPKAPK2_e59851f2,MAPKAPK2,af3_holo_iptm,0.252,0.203,,2026-07-29
of3_holo_MAPK12_420bf473,MAPK12,af3_holo_iptm,0.252,0.206,,2026-07-29
of3_holo_MAPKAPK2_e2c279c7,MAPKAPK2,af3_holo_iptm,0.252,0.210,,2026-07-29
of3_holo_MAPK14_6e696b32,MAPK14,af3_holo_iptm,0.252,0.210,,2026-07-29
of3_holo_MAPKAPK2_867bd2bb,MAPKAPK2,af3_holo_iptm,0.252,0.209,,2026-07-29
of3_holo_MAPK11_9531e697,MAPK11,af3_holo_iptm,0.252,0.201,,2026-07-29
of3_holo_MAPK14_4af8e78a,MAPK14,af3_holo_iptm,0.252,0.206,,2026-07-29
of3_holo_KEAP1_b4638ab1,KEAP1,af3_holo_iptm,0.252,0.457,,2026-07-29
of3_holo_MAPK12_46b89b0c,MAPK12,af3_holo_iptm,0.252,0.214,,2026-07-29
of3_holo_MAPK14_76021efa,MAPK14,af3_holo_iptm,0.252,0.212,,2026-07-29
of3_holo_MAPK14_d1785580,MAPK14,af3_holo_iptm,0.252,0.211,,2026-07-29
of3_holo_MAPKAPK2_7491162e,MAPKAPK2,af3_holo_iptm,0.252,0.219,,2026-07-29
of3_holo_KEAP1_fc6cd3c4,KEAP1,af3_holo_iptm,0.252,0.449,,2026-07-29
of3_holo_KEAP1_8557dae1,KEAP1,af3_holo_iptm,0.252,0.460,,2026-07-29
of3_holo_MAPK14_77324465,MAPK14,af3_holo_iptm,0.252,0.220,,2026-07-29
of3_holo_MAPK14_ba23ff9f,MAPK14,af3_holo_iptm,0.251,0.227,,2026-07-29
of3_holo_KEAP1_de809922,KEAP1,af3_holo_iptm,0.251,0.455,,2026-08-02
of3_holo_KEAP1_0263ff8b,KEAP1,af3_holo_iptm,0.251,0.456,,2026-07-29
of3_holo_MAPK14_4b778d8b,MAPK14,af3_holo_iptm,0.251,0.204,,2026-07-29
of3_holo_KEAP1_2f513558,KEAP1,af3_holo_iptm,0.251,0.458,,2026-07-29
of3_holo_KEAP1_b5b124d3,KEAP1,af3_holo_iptm,0.251,0.442,,2026-08-02
of3_holo_MAPK14_7fa40bd8,MAPK14,af3_holo_iptm,0.251,0.187,,2026-07-29
of3_holo_MAPK14_89a48220,MAPK14,af3_holo_iptm,0.251,0.182,,2026-07-29
of3_holo_MAPK14_c39936d9,MAPK14,af3_holo_iptm,0.251,0.221,,2026-08-02
of3_holo_KEAP1_6b92e57e,KEAP1,af3_holo_iptm,0.251,0.455,,2026-07-29
of3_holo_MAPK11_12e39f92,MAPK11,af3_holo_iptm,0.251,0.361,,2026-07-29
of3_holo_MAPK11_6b2eac8a,MAPK11,af3_holo_iptm,0.251,0.224,,2026-07-29
of3_holo_MAPKAPK2_0f4ebe11,MAPKAPK2,af3_holo_iptm,0.251,0.212,,2026-07-29
of3_holo_MAPK11_2c5ee2e4,MAPK11,af3_holo_iptm,0.251,0.208,,2026-07-29
of3_holo_KEAP1_cdd97646,KEAP1,af3_holo_iptm,0.251,0.457,,2026-08-02
of3_holo_KEAP1_dcf6b918,KEAP1,af3_holo_iptm,0.251,0.454,,2026-08-02
of3_holo_MAPK14_e0687133,MAPK14,af3_holo_iptm,0.251,0.206,,2026-07-29
of3_holo_MAPK14_d6b78ff5,MAPK14,af3_holo_iptm,0.251,0.194,,2026-07-29
of3_holo_MAPK14_5144856f,MAPK14,af3_holo_iptm,0.251,0.207,,2026-07-29
of3_holo_MAPK14_6b4740f0,MAPK14,af3_holo_iptm,0.251,0.200,,2026-07-29
of3_holo_KEAP1_6547c6b9,KEAP1,af3_holo_iptm,0.251,0.454,,2026-08-02
of3_holo_MAPK14_ac7b650b,MAPK14,af3_holo_iptm,0.251,0.208,,2026-07-29
of3_holo_MAPK11_0e4a2c5a,MAPK11,af3_holo_iptm,0.251,0.199,,2026-07-29
of3_holo_KEAP1_dde308b1,KEAP1,af3_holo_iptm,0.251,0.454,,2026-07-29
of3_holo_MAPK11_cf52b7c0,MAPK11,af3_holo_iptm,0.251,0.185,,2026-07-29
of3_holo_KEAP1_e3277e06,KEAP1,af3_holo_iptm,0.251,0.447,,2026-07-29
of3_holo_MAPK11_20414643,MAPK11,af3_holo_iptm,0.251,0.207,,2026-07-29
of3_holo_MAPK11_35ab2d56,MAPK11,af3_holo_iptm,0.250,0.235,,2026-07-29
of3_holo_MAPK11_3c4b8f31,MAPK11,af3_holo_iptm,0.250,0.254,,2026-07-29
of3_holo_MAPK11_63a3a5c5,MAPK11,af3_holo_iptm,0.250,0.222,,2026-07-29
of3_holo_KEAP1_6809c580,KEAP1,af3_holo_iptm,0.250,0.456,,2026-07-29
of3_holo_MAPK11_58a1b60a,MAPK11,af3_holo_iptm,0.250,0.205,,2026-07-29
of3_holo_KEAP1_5044d330,KEAP1,af3_holo_iptm,0.250,0.456,,2026-07-29
of3_holo_MAPK14_f501de91,MAPK14,af3_holo_iptm,0.250,0.180,,2026-07-29
of3_holo_KEAP1_339ea361,KEAP1,af3_holo_iptm,0.250,0.452,,2026-08-02
of3_holo_KEAP1_8d93e225,KEAP1,af3_holo_iptm,0.250,0.438,,2026-08-02
of3_holo_KEAP1_86319421,KEAP1,af3_holo_iptm,0.250,0.457,,2026-08-02
of3_holo_MAPKAPK2_6a63c688,MAPKAPK2,af3_holo_iptm,0.250,0.202,,2026-08-02
erbb4_x_lrp4_d23da485,"",af3_iptm,0.250,0.430,0.350,2026-06-28
hif1a_18_80_x_hnrnpa1_106_184,"",af3_iptm,0.250,0.570,0.390,2026-07-15
erbb4_x_agrn_6a14b9af,"",af3_iptm,0.250,0.320,0.350,2026-06-28
srsf1_16_90_x_hnrnpa1_106_184,"",af3_iptm,0.250,0.550,0.310,2026-07-08
02_smn1_x_hnrnpr,"",af3_iptm,0.250,0.300,0.490,2026-06-10
007_mapk10_x_marcks,"",af3_iptm,0.250,0.500,0.560,2026-06-18
binder79_musk_fz_x_musk_fz_306_456,"",af3_iptm,0.250,0.540,0.330,2026-07-25
binder6564_agrn_x_agrn_lg3_1868_2065,"",af3_iptm,0.250,0.610,0.350,2026-07-24
lrp4_ldlra_x_limk1_bind,"",af3_iptm,0.250,0.300,0.630,2026-05-16
cfl1_x_rock1,"",af3_iptm,0.250,0.360,0.490,2026-06-05
binder6140_lrp4_x_lrp4_beta1_prop_435_697,"",af3_iptm,0.250,0.690,0.340,2026-07-22
hnrnpa1_106_184_x_fus_471_526,"",af3_iptm,0.250,0.560,0.520,2026-07-15
a_x_b_30e25488,"",af3_iptm,0.250,0.270,0.270,2026-07-30
a_x_b_154363ba,"",af3_iptm,0.250,0.550,0.410,2026-07-31
081_mapk8_x_stmn2,"",af3_iptm,0.250,0.570,0.500,2026-06-18
binder6676_agrn_x_agrn_lg3_1868_2065,"",af3_iptm,0.250,0.580,0.360,2026-07-24
erbb4_1_251_x_lrp4_751_1001,"",af3_iptm,0.250,0.570,0.340,2026-06-29
agrn_1780_1950_x_dag1_30_650,"",af3_iptm,0.250,0.370,0.450,2026-07-30
46_snph_x_rhot1_1_400,"",af3_iptm,0.250,0.450,0.540,2026-06-10
hnrnpa2b1_x_tra2b,"",af3_iptm,0.250,0.370,0.560,2026-05-22
ptk2_914_1052_x_pak1_74_149,"",af3_iptm,0.250,0.630,0.380,2026-07-11
gfra1_lbd_x_lrp4_ldlra,"",af3_iptm,0.250,0.320,0.550,2026-05-14
nrg1_x_pak1,"",af3_iptm,0.250,0.400,0.560,2026-05-23
46_snph_x_rhot1_1_400,"",af3_iptm,0.250,0.450,0.540,2026-06-12
78_musk_22_495_x_musk_22_495,"",af3_iptm,0.250,0.350,0.310,2026-06-19
51_smn1_x_strap,"",af3_iptm,0.250,0.510,0.510,2026-06-10
hdac6_x_hsp90aa1,"",af3_iptm,0.250,0.500,0.420,2026-05-29
a_x_b_f2c74b3e,"",af3_iptm,0.250,0.310,0.280,2026-07-30
agrn_1780_1950_x_dag1_30_650,"",af3_iptm,0.250,0.370,0.450,2026-07-29
actb_x_smn1,"",af3_iptm,0.250,0.570,0.480,2026-07-04
binder6220_agrn_x_agrn_lg3_1868_2065,"",af3_iptm,0.250,0.690,0.360,2026-07-24
lrp4_ldlra_x_limk1_bind,"",af3_iptm,0.250,0.300,0.630,2026-05-14
agrn_1577_1782_x_tp53_1_62,"",af3_iptm,0.250,0.420,0.420,2026-07-16
lrp4_ldlra_x_limk1_bind,"",af3_iptm,0.250,0.300,0.630,2026-05-17
51_smn1_x_strap,"",af3_iptm,0.250,0.510,0.510,2026-06-12
actb_x_smn1,"",af3_iptm,0.250,0.570,0.480,2026-07-03
50_nfe2l2_x_bach1,"",af3_iptm,0.250,0.260,0.600,2026-06-12
a_x_b_0b165fc1,"",af3_iptm,0.250,0.340,0.280,2026-07-30
007_mapk10_x_marcks,"",af3_iptm,0.250,0.500,0.560,2026-06-21
binder6415_lrp4_x_lrp4_beta1_prop_435_697,"",af3_iptm,0.250,0.720,0.350,2026-07-22
binder6742_lrp4_x_lrp4_beta1_prop_435_697,"",af3_iptm,0.250,0.730,0.340,2026-07-22
srsf1_16_90_x_hnrnpa1_106_184,"",af3_iptm,0.250,0.550,0.310,2026-07-26
a_x_b_0054bd6c,"",af3_iptm,0.250,0.420,0.310,2026-07-30
dok7_45_235_x_stmn2_none_none,"",af3_iptm,0.250,0.500,0.570,2026-07-15
50_nfe2l2_x_bach1,"",af3_iptm,0.250,0.260,0.600,2026-06-14
lrp4_ldlra_x_limk1_bind_2,"",af3_iptm,0.250,0.300,0.630,2026-08-06
rictor_x_pfn2_7718c772,"",af3_iptm,0.250,0.530,0.440,2026-06-28
binder178_musk_ig2_x_musk_ig2_117_210,"",af3_iptm,0.250,0.600,0.320,2026-07-25
of3_holo_KEAP1_04bb7cd6,KEAP1,af3_holo_iptm,0.250,0.455,,2026-07-29
of3_holo_MAPK12_086222f3,MAPK12,af3_holo_iptm,0.250,0.226,,2026-07-29
of3_holo_MAPK11_6474c636,MAPK11,af3_holo_iptm,0.250,0.322,,2026-07-29
of3_holo_MAPK11_61cb2fb2,MAPK11,af3_holo_iptm,0.250,0.251,,2026-07-29
of3_holo_KEAP1_5ec2cabb,KEAP1,af3_holo_iptm,0.250,0.442,,2026-08-02
of3_holo_MAPK12_0cbf1915,MAPK12,af3_holo_iptm,0.250,0.215,,2026-07-29
of3_holo_MAPK14_b0aed027,MAPK14,af3_holo_iptm,0.250,0.235,,2026-07-29
of3_holo_KEAP1_f1a7821e,KEAP1,af3_holo_iptm,0.250,0.459,,2026-07-29
of3_holo_MAPK14_bee7b6a6,MAPK14,af3_holo_iptm,0.250,0.200,,2026-07-29
of3_holo_MAPK12_366cc5e8,MAPK12,af3_holo_iptm,0.250,0.219,,2026-07-29
of3_holo_MAPK14_386e8074,MAPK14,af3_holo_iptm,0.250,0.205,,2026-07-29
of3_holo_MAPK14_56355e4d,MAPK14,af3_holo_iptm,0.250,0.190,,2026-07-29
of3_holo_KEAP1_215a42e0,KEAP1,af3_holo_iptm,0.250,0.457,,2026-08-02
of3_holo_MAPK14_ec731858,MAPK14,af3_holo_iptm,0.250,0.184,,2026-07-29
of3_holo_DNM1L_51ba0082,DNM1L,af3_holo_iptm,0.249,0.195,,2026-07-29
of3_holo_MAPK11_8d3dbc96,MAPK11,af3_holo_iptm,0.249,0.210,,2026-07-29
of3_holo_MAPKAPK2_a95ac8c6,MAPKAPK2,af3_holo_iptm,0.249,0.202,,2026-08-02
of3_holo_MAPK14_25dd4448,MAPK14,af3_holo_iptm,0.249,0.216,,2026-07-29
of3_holo_KEAP1_02a03b54,KEAP1,af3_holo_iptm,0.249,0.447,,2026-08-02
of3_holo_MAPK14_d448ea42,MAPK14,af3_holo_iptm,0.249,0.209,,2026-07-29
of3_holo_MAPK14_5f4764c9,MAPK14,af3_holo_iptm,0.249,0.205,,2026-07-29
of3_holo_KEAP1_30677ba8,KEAP1,af3_holo_iptm,0.249,0.457,,2026-07-29
of3_holo_MAPK14_aeac654f,MAPK14,af3_holo_iptm,0.249,0.209,,2026-07-29
of3_holo_MAPK14_86f7b014,MAPK14,af3_holo_iptm,0.249,0.186,,2026-07-29
of3_holo_KEAP1_47a52637,KEAP1,af3_holo_iptm,0.249,0.460,,2026-07-29
of3_holo_MAPK14_a24c1258,MAPK14,af3_holo_iptm,0.249,0.199,,2026-07-29
of3_holo_MAPK14_ffada661,MAPK14,af3_holo_iptm,0.249,0.199,,2026-07-29
of3_holo_MAPK11_0ec41191,MAPK11,af3_holo_iptm,0.249,0.220,,2026-07-29
of3_holo_MAPK14_da817440,MAPK14,af3_holo_iptm,0.249,0.190,,2026-07-29
of3_holo_MAPK14_fd6667a2,MAPK14,af3_holo_iptm,0.249,0.204,,2026-07-29
of3_holo_MAPK14_dc91110c,MAPK14,af3_holo_iptm,0.249,0.182,,2026-07-29
of3_holo_MAPK12_b2a47210,MAPK12,af3_holo_iptm,0.249,0.212,,2026-07-29
of3_holo_MAPK14_6abe8fd7,MAPK14,af3_holo_iptm,0.249,0.201,,2026-07-29
of3_holo_MAPKAPK2_538749d0,MAPKAPK2,af3_holo_iptm,0.249,0.215,,2026-08-02
of3_holo_MAPKAPK2_d668dadd,MAPKAPK2,af3_holo_iptm,0.249,0.224,,2026-07-29
of3_holo_MAPK14_b16749f1,MAPK14,af3_holo_iptm,0.249,0.221,,2026-07-29
of3_holo_HDAC2_224650dd,HDAC2,af3_holo_iptm,0.249,0.259,,2026-07-29
of3_holo_KEAP1_eca32631,KEAP1,af3_holo_iptm,0.249,0.455,,2026-08-02
of3_holo_MAPK11_7c04ea91,MAPK11,af3_holo_iptm,0.249,0.198,,2026-07-29
of3_holo_MAPK14_c22abb0b,MAPK14,af3_holo_iptm,0.249,0.219,,2026-07-29
of3_holo_MAPK11_934ce580,MAPK11,af3_holo_iptm,0.249,0.191,,2026-07-29
of3_holo_MAPK14_409e9f4a,MAPK14,af3_holo_iptm,0.249,0.218,,2026-07-29
of3_holo_KEAP1_aed22361,KEAP1,af3_holo_iptm,0.248,0.456,,2026-07-29
of3_holo_KEAP1_489154fd,KEAP1,af3_holo_iptm,0.248,0.456,,2026-08-02
of3_holo_MAPK14_9f457504,MAPK14,af3_holo_iptm,0.248,0.194,,2026-07-29
of3_holo_MAPK14_4695f7b0,MAPK14,af3_holo_iptm,0.248,0.193,,2026-08-02
of3_holo_MAPK12_474da6d8,MAPK12,af3_holo_iptm,0.248,0.212,,2026-07-29
of3_holo_MAPK14_7bf5e2fb,MAPK14,af3_holo_iptm,0.248,0.187,,2026-07-29
of3_holo_MAPK14_f57e1388,MAPK14,af3_holo_iptm,0.248,0.199,,2026-07-29
of3_holo_KEAP1_e2672fed,KEAP1,af3_holo_iptm,0.248,0.454,,2026-07-29
of3_holo_MAPK12_37e57f26,MAPK12,af3_holo_iptm,0.248,0.204,,2026-07-29
of3_holo_MAPK14_497dfcca,MAPK14,af3_holo_iptm,0.248,0.200,,2026-07-29
of3_holo_KEAP1_6d77ceb8,KEAP1,af3_holo_iptm,0.248,0.459,,2026-07-29
of3_holo_MAPK14_bb0427fb,MAPK14,af3_holo_iptm,0.248,0.213,,2026-07-29
of3_holo_KEAP1_fee8c873,KEAP1,af3_holo_iptm,0.248,0.455,,2026-07-29
of3_holo_MAPK11_2953a735,MAPK11,af3_holo_iptm,0.248,0.187,,2026-07-29
of3_holo_MAPK11_a7d23d4d,MAPK11,af3_holo_iptm,0.248,0.207,,2026-07-29
of3_holo_MAPK14_2928e31b,MAPK14,af3_holo_iptm,0.248,0.180,,2026-07-29
of3_holo_MAPK13_e3d8d6bf,MAPK13,af3_holo_iptm,0.248,0.223,,2026-07-29
of3_holo_MAPK14_b44e5636,MAPK14,af3_holo_iptm,0.248,0.195,,2026-07-29
of3_holo_MAPK14_2df3eda7,MAPK14,af3_holo_iptm,0.248,0.206,,2026-07-29
of3_holo_KEAP1_92af0d72,KEAP1,af3_holo_iptm,0.247,0.456,,2026-07-29
of3_holo_MAPK14_32ed30f1,MAPK14,af3_holo_iptm,0.247,0.234,,2026-07-29
of3_holo_MAPK14_a1e8af3f,MAPK14,af3_holo_iptm,0.247,0.209,,2026-07-29
of3_holo_MAPK14_9b40edea,MAPK14,af3_holo_iptm,0.247,0.200,,2026-07-29
of3_holo_MAPK11_5a0d9712,MAPK11,af3_holo_iptm,0.247,0.197,,2026-07-29
of3_holo_MAPK14_5473664f,MAPK14,af3_holo_iptm,0.247,0.189,,2026-07-29
of3_holo_MAPK11_50c5ed3d,MAPK11,af3_holo_iptm,0.247,0.203,,2026-07-29
of3_holo_KEAP1_1f80d2c4,KEAP1,af3_holo_iptm,0.247,0.457,,2026-07-29
of3_holo_MAPK11_d26c11b7,MAPK11,af3_holo_iptm,0.247,0.259,,2026-07-29
of3_holo_MAPK14_8df616eb,MAPK14,af3_holo_iptm,0.247,0.188,,2026-07-29
of3_holo_MAPK11_d36be227,MAPK11,af3_holo_iptm,0.247,0.201,,2026-07-29
of3_holo_MAPK14_862afb82,MAPK14,af3_holo_iptm,0.247,0.180,,2026-07-29
of3_holo_KEAP1_719882ea,KEAP1,af3_holo_iptm,0.247,0.457,,2026-08-02
of3_holo_MAPK14_580f8f2c,MAPK14,af3_holo_iptm,0.247,0.199,,2026-07-29
of3_holo_MAPK14_1c70d37b,MAPK14,af3_holo_iptm,0.247,0.199,,2026-07-29
of3_holo_KEAP1_a36a6aa7,KEAP1,af3_holo_iptm,0.247,0.463,,2026-07-29
of3_holo_MAPK11_06a7f63e,MAPK11,af3_holo_iptm,0.247,0.217,,2026-07-29
of3_holo_MAPK11_457ebe42,MAPK11,af3_holo_iptm,0.247,0.208,,2026-07-29
of3_holo_MAPK11_78222602,MAPK11,af3_holo_iptm,0.247,0.198,,2026-07-29
of3_holo_KEAP1_edc1ae85,KEAP1,af3_holo_iptm,0.247,0.456,,2026-08-02
of3_holo_MAPK14_49b0373f,MAPK14,af3_holo_iptm,0.247,0.195,,2026-07-29
of3_holo_MAPK11_4fee25ac,MAPK11,af3_holo_iptm,0.247,0.220,,2026-07-29
of3_holo_MAPK14_2f21777b,MAPK14,af3_holo_iptm,0.247,0.206,,2026-07-29
of3_holo_MAPK14_64bbd512,MAPK14,af3_holo_iptm,0.247,0.181,,2026-07-29
of3_holo_MAPK14_3df59272,MAPK14,af3_holo_iptm,0.247,0.185,,2026-07-29
of3_holo_MAPK14_6ccfe218,MAPK14,af3_holo_iptm,0.247,0.198,,2026-07-29
of3_holo_KEAP1_89c82c46,KEAP1,af3_holo_iptm,0.247,0.442,,2026-08-02
of3_holo_MAPKAPK2_2dc15384,MAPKAPK2,af3_holo_iptm,0.247,0.208,,2026-07-29
of3_holo_MAPK11_20c6586d,MAPK11,af3_holo_iptm,0.247,0.273,,2026-07-29
of3_holo_MAPK14_bbe93291,MAPK14,af3_holo_iptm,0.247,0.190,,2026-07-29
of3_holo_MAPK11_c7fde746,MAPK11,af3_holo_iptm,0.247,0.265,,2026-07-29
of3_holo_KEAP1_43f246dd,KEAP1,af3_holo_iptm,0.247,0.455,,2026-07-29
of3_holo_MAPK11_371a816d,MAPK11,af3_holo_iptm,0.247,0.217,,2026-07-29
of3_holo_MAPKAPK2_680e8b20,MAPKAPK2,af3_holo_iptm,0.247,0.205,,2026-07-29
of3_holo_MAPK14_341d698f,MAPK14,af3_holo_iptm,0.247,0.209,,2026-07-29
of3_holo_KEAP1_fa384f47,KEAP1,af3_holo_iptm,0.247,0.455,,2026-08-02
of3_holo_KEAP1_3d710f93,KEAP1,af3_holo_iptm,0.246,0.454,,2026-07-29
of3_holo_MAPK13_2b863c7f,MAPK13,af3_holo_iptm,0.246,0.224,,2026-07-29
of3_holo_MAPK14_9a5e3606,MAPK14,af3_holo_iptm,0.246,0.205,,2026-08-02
of3_holo_MAPKAPK2_e90f1bfb,MAPKAPK2,af3_holo_iptm,0.246,0.211,,2026-07-29
of3_holo_MAPK14_70772f24,MAPK14,af3_holo_iptm,0.246,0.215,,2026-08-02
of3_holo_MAPKAPK2_09f8a022,MAPKAPK2,af3_holo_iptm,0.246,0.213,,2026-07-29
of3_holo_MAPK11_7080d521,MAPK11,af3_holo_iptm,0.246,0.323,,2026-07-29
of3_holo_MAPK14_01652745,MAPK14,af3_holo_iptm,0.246,0.191,,2026-07-29
of3_holo_MAPK14_8c8eedb4,MAPK14,af3_holo_iptm,0.246,0.203,,2026-07-29
of3_holo_KEAP1_294ca0d0,KEAP1,af3_holo_iptm,0.246,0.455,,2026-07-29
of3_holo_MAPK14_55f177a9,MAPK14,af3_holo_iptm,0.246,0.194,,2026-07-29
of3_holo_KEAP1_a2f7ceae,KEAP1,af3_holo_iptm,0.246,0.456,,2026-07-29
of3_holo_MAPK12_8101b4a1,MAPK12,af3_holo_iptm,0.246,0.220,,2026-07-29
of3_holo_MAPKAPK2_9ca5880a,MAPKAPK2,af3_holo_iptm,0.246,0.219,,2026-07-29
of3_holo_MAPK12_e7d83b36,MAPK12,af3_holo_iptm,0.246,0.212,,2026-07-29
of3_holo_MAPK11_1bdf9c7b,MAPK11,af3_holo_iptm,0.246,0.211,,2026-07-29
of3_holo_MAPK14_7e091801,MAPK14,af3_holo_iptm,0.246,0.196,,2026-08-02
of3_holo_MAPKAPK2_1db4a760,MAPKAPK2,af3_holo_iptm,0.246,0.219,,2026-07-29
of3_holo_MAPK14_df37fb04,MAPK14,af3_holo_iptm,0.245,0.209,,2026-07-29
of3_holo_MAPKAPK2_848601ee,MAPKAPK2,af3_holo_iptm,0.245,0.211,,2026-07-29
of3_holo_MAPK14_bccb8bd6,MAPK14,af3_holo_iptm,0.245,0.206,,2026-07-29
of3_holo_KEAP1_f84486b5,KEAP1,af3_holo_iptm,0.245,0.450,,2026-07-29
of3_holo_MAPKAPK2_06fcc463,MAPKAPK2,af3_holo_iptm,0.245,0.224,,2026-07-29
of3_holo_MAPK14_6ae00e5a,MAPK14,af3_holo_iptm,0.245,0.210,,2026-07-29
of3_holo_KEAP1_d277ff0a,KEAP1,af3_holo_iptm,0.245,0.453,,2026-07-29
of3_holo_MAPK11_d8804568,MAPK11,af3_holo_iptm,0.245,0.264,,2026-07-29
of3_holo_MAPK11_b6f55781,MAPK11,af3_holo_iptm,0.245,0.207,,2026-07-29
of3_holo_MAPK14_e7a8f26f,MAPK14,af3_holo_iptm,0.245,0.202,,2026-07-29
of3_holo_MAPK11_7273a00c,MAPK11,af3_holo_iptm,0.245,0.236,,2026-07-29
of3_holo_MAPK11_30a43e13,MAPK11,af3_holo_iptm,0.245,0.201,,2026-07-29
of3_holo_MAPK14_f47f477c,MAPK14,af3_holo_iptm,0.245,0.201,,2026-07-29
of3_holo_MAPK11_c29b6f45,MAPK11,af3_holo_iptm,0.245,0.250,,2026-07-29
of3_holo_MAPK11_e9d5cb82,MAPK11,af3_holo_iptm,0.245,0.243,,2026-07-29
of3_holo_MAPK14_347d2f00,MAPK14,af3_holo_iptm,0.245,0.200,,2026-07-29
of3_holo_KEAP1_9b8a2317,KEAP1,af3_holo_iptm,0.245,0.456,,2026-08-02
of3_holo_MAPK14_9a05b811,MAPK14,af3_holo_iptm,0.245,0.182,,2026-07-29
of3_holo_MAPKAPK2_71aad157,MAPKAPK2,af3_holo_iptm,0.245,0.226,,2026-07-29
of3_holo_MAPK11_18b75498,MAPK11,af3_holo_iptm,0.245,0.216,,2026-07-29
of3_holo_MAPK11_96128198,MAPK11,af3_holo_iptm,0.245,0.193,,2026-07-29
of3_holo_MAPK11_1ac1fd23,MAPK11,af3_holo_iptm,0.245,0.200,,2026-07-29
of3_holo_MAPK12_1eeb6b75,MAPK12,af3_holo_iptm,0.245,0.208,,2026-07-29
of3_holo_MAPK11_24a71ceb,MAPK11,af3_holo_iptm,0.245,0.219,,2026-07-29
of3_holo_MAPKAPK2_f3423ce6,MAPKAPK2,af3_holo_iptm,0.245,0.213,,2026-08-02
of3_holo_MAPK14_4472896b,MAPK14,af3_holo_iptm,0.245,0.189,,2026-07-29
of3_holo_MAPKAPK2_02a7a646,MAPKAPK2,af3_holo_iptm,0.244,0.206,,2026-08-02
of3_holo_KEAP1_eee2fd3b,KEAP1,af3_holo_iptm,0.244,0.455,,2026-08-02
of3_holo_MAPK11_2082c95f,MAPK11,af3_holo_iptm,0.244,0.200,,2026-07-29
of3_holo_MAPK14_d0ab1877,MAPK14,af3_holo_iptm,0.244,0.180,,2026-07-29
of3_holo_MAPK14_2ac6b2a2,MAPK14,af3_holo_iptm,0.244,0.207,,2026-07-29
of3_holo_KEAP1_206e520f,KEAP1,af3_holo_iptm,0.244,0.457,,2026-07-29
of3_holo_MAPKAPK2_0065c4fc,MAPKAPK2,af3_holo_iptm,0.244,0.224,,2026-07-29
of3_holo_MAPK14_31e616fd,MAPK14,af3_holo_iptm,0.244,0.193,,2026-07-29
of3_holo_KEAP1_4a86e7f1,KEAP1,af3_holo_iptm,0.244,0.461,,2026-07-29
of3_holo_MAPK14_a2dfb4b2,MAPK14,af3_holo_iptm,0.244,0.205,,2026-07-29
of3_holo_KEAP1_a96a9965,KEAP1,af3_holo_iptm,0.244,0.454,,2026-08-02
of3_holo_KEAP1_4c12f3c2,KEAP1,af3_holo_iptm,0.244,0.456,,2026-07-29
of3_holo_MAPK12_7b85e30e,MAPK12,af3_holo_iptm,0.244,0.212,,2026-07-29
of3_holo_MAPK14_63a6ff28,MAPK14,af3_holo_iptm,0.244,0.212,,2026-08-02
of3_holo_DNM1L_b243b15f,DNM1L,af3_holo_iptm,0.244,0.198,,2026-07-29
of3_holo_MAPK12_40793fd1,MAPK12,af3_holo_iptm,0.244,0.231,,2026-07-29
of3_holo_KEAP1_1548c232,KEAP1,af3_holo_iptm,0.244,0.458,,2026-08-02
of3_holo_MAPK11_baff4ea9,MAPK11,af3_holo_iptm,0.244,0.247,,2026-07-29
of3_holo_MAPK14_dc552133,MAPK14,af3_holo_iptm,0.244,0.207,,2026-07-29
of3_holo_MAPK14_08f9fdac,MAPK14,af3_holo_iptm,0.244,0.208,,2026-07-29
of3_holo_KEAP1_ecb38159,KEAP1,af3_holo_iptm,0.244,0.456,,2026-08-02
of3_holo_MAPK14_41760fbe,MAPK14,af3_holo_iptm,0.244,0.208,,2026-08-02
of3_holo_MAPK12_61d25663,MAPK12,af3_holo_iptm,0.244,0.213,,2026-07-29
of3_holo_MAPK14_2d9571ac,MAPK14,af3_holo_iptm,0.244,0.240,,2026-07-29
of3_holo_MAPK11_c51ebf12,MAPK11,af3_holo_iptm,0.243,0.285,,2026-07-29
of3_holo_KEAP1_55ae8daa,KEAP1,af3_holo_iptm,0.243,0.448,,2026-07-29
of3_holo_MAPK11_5a70560d,MAPK11,af3_holo_iptm,0.243,0.198,,2026-07-29
of3_holo_MAPK14_84d4a427,MAPK14,af3_holo_iptm,0.243,0.225,,2026-07-29
of3_holo_MAPK14_c66dba31,MAPK14,af3_holo_iptm,0.243,0.206,,2026-07-29
of3_holo_KEAP1_dc605400,KEAP1,af3_holo_iptm,0.243,0.453,,2026-07-30
of3_holo_KEAP1_c202e5da,KEAP1,af3_holo_iptm,0.243,0.452,,2026-07-29
of3_holo_MAPK14_4a813481,MAPK14,af3_holo_iptm,0.243,0.206,,2026-07-29
of3_holo_KEAP1_f921d89d,KEAP1,af3_holo_iptm,0.243,0.458,,2026-07-29
of3_holo_MAPK14_e7a25889,MAPK14,af3_holo_iptm,0.243,0.221,,2026-07-29
of3_holo_KEAP1_fbba620f,KEAP1,af3_holo_iptm,0.243,0.456,,2026-07-29
of3_holo_MAPK11_3b10e4e8,MAPK11,af3_holo_iptm,0.243,0.202,,2026-07-29
of3_holo_KEAP1_03c18d16,KEAP1,af3_holo_iptm,0.243,0.454,,2026-07-29
of3_holo_MAPK14_81ba98c0,MAPK14,af3_holo_iptm,0.243,0.183,,2026-07-29
of3_holo_MAPK11_09d8766c,MAPK11,af3_holo_iptm,0.243,0.204,,2026-07-29
of3_holo_MAPK14_afba447c,MAPK14,af3_holo_iptm,0.243,0.207,,2026-08-02
of3_holo_MAPKAPK2_e40dd457,MAPKAPK2,af3_holo_iptm,0.243,0.209,,2026-08-02
of3_holo_MAPK14_a495f2a8,MAPK14,af3_holo_iptm,0.243,0.189,,2026-07-29
of3_holo_MAPK14_c2360b83,MAPK14,af3_holo_iptm,0.243,0.204,,2026-07-29
of3_holo_KEAP1_1527904e,KEAP1,af3_holo_iptm,0.243,0.456,,2026-08-02
of3_holo_MAPKAPK2_868b07c8,MAPKAPK2,af3_holo_iptm,0.243,0.208,,2026-07-29
of3_holo_MAPKAPK2_12d48936,MAPKAPK2,af3_holo_iptm,0.243,0.228,,2026-07-29
of3_holo_MAPK11_7eea7954,MAPK11,af3_holo_iptm,0.243,0.199,,2026-07-29
of3_holo_KEAP1_fea3e1dd,KEAP1,af3_holo_iptm,0.243,0.454,,2026-08-02
of3_holo_MAPK14_8048f4bd,MAPK14,af3_holo_iptm,0.243,0.216,,2026-07-29
of3_holo_MAPK14_8f74fbc3,MAPK14,af3_holo_iptm,0.243,0.184,,2026-07-29
of3_holo_MAPK11_aaa9abca,MAPK11,af3_holo_iptm,0.243,0.203,,2026-07-29
of3_holo_MAPK14_6819f11d,MAPK14,af3_holo_iptm,0.243,0.202,,2026-07-29
of3_holo_MAPK11_6bacfb8f,MAPK11,af3_holo_iptm,0.243,0.240,,2026-07-29
of3_holo_MAPKAPK2_6b09ab85,MAPKAPK2,af3_holo_iptm,0.243,0.212,,2026-07-29
of3_holo_KEAP1_90266339,KEAP1,af3_holo_iptm,0.243,0.458,,2026-08-02
of3_holo_MAPK14_9a6231c3,MAPK14,af3_holo_iptm,0.243,0.194,,2026-07-29
of3_holo_MAPK11_dd0f1437,MAPK11,af3_holo_iptm,0.242,0.214,,2026-07-29
of3_holo_MAPKAPK2_1c4f9dea,MAPKAPK2,af3_holo_iptm,0.242,0.211,,2026-08-02
of3_holo_MAPK11_2b9135cc,MAPK11,af3_holo_iptm,0.242,0.229,,2026-07-29
of3_holo_MAPK11_e69d4eb9,MAPK11,af3_holo_iptm,0.242,0.225,,2026-07-29
of3_holo_MAPK14_2c5df073,MAPK14,af3_holo_iptm,0.242,0.199,,2026-07-29
of3_holo_KEAP1_e57068ab,KEAP1,af3_holo_iptm,0.242,0.456,,2026-07-29
of3_holo_MAPK11_694021d2,MAPK11,af3_holo_iptm,0.242,0.192,,2026-07-29
of3_holo_MAPK14_d7fceb24,MAPK14,af3_holo_iptm,0.242,0.181,,2026-07-29
of3_holo_MAPK14_3bb13b45,MAPK14,af3_holo_iptm,0.242,0.223,,2026-07-29
of3_holo_MAPK14_01522706,MAPK14,af3_holo_iptm,0.242,0.227,,2026-07-29
of3_holo_MAPK14_68feb356,MAPK14,af3_holo_iptm,0.242,0.206,,2026-07-29
of3_holo_MAPKAPK2_c3aebbeb,MAPKAPK2,af3_holo_iptm,0.242,0.206,,2026-07-29
of3_holo_MAPK14_8395d8ef,MAPK14,af3_holo_iptm,0.242,0.220,,2026-07-29
of3_holo_MAPK14_78141cde,MAPK14,af3_holo_iptm,0.241,0.208,,2026-08-02
of3_holo_MAPK14_c861431d,MAPK14,af3_holo_iptm,0.241,0.191,,2026-07-29
of3_holo_MAPK14_5fa05c93,MAPK14,af3_holo_iptm,0.241,0.200,,2026-07-29
of3_holo_MAPK13_f4a1ec53,MAPK13,af3_holo_iptm,0.241,0.201,,2026-07-29
of3_holo_MAPK14_6f778b17,MAPK14,af3_holo_iptm,0.241,0.186,,2026-07-29
of3_holo_MAPK13_cfa7dd75,MAPK13,af3_holo_iptm,0.241,0.208,,2026-07-29
of3_holo_MAPK14_603a0423,MAPK14,af3_holo_iptm,0.241,0.218,,2026-07-29
of3_holo_MAPK14_264aeb9f,MAPK14,af3_holo_iptm,0.241,0.208,,2026-07-29
of3_holo_MAPK12_f25c648f,MAPK12,af3_holo_iptm,0.241,0.210,,2026-07-29
of3_holo_MAPK11_65cb8cf3,MAPK11,af3_holo_iptm,0.241,0.267,,2026-07-29
of3_holo_MAPK14_789a8293,MAPK14,af3_holo_iptm,0.241,0.207,,2026-07-29
of3_holo_MAPKAPK2_fbf5c011,MAPKAPK2,af3_holo_iptm,0.241,0.197,,2026-08-02
of3_holo_MAPK11_01ecc5be,MAPK11,af3_holo_iptm,0.241,0.247,,2026-07-29
of3_holo_MAPK11_0bffa987,MAPK11,af3_holo_iptm,0.241,0.215,,2026-07-29
of3_holo_MAPK11_f8b73384,MAPK11,af3_holo_iptm,0.241,0.234,,2026-07-29
of3_holo_MAPK11_a1bbaf7b,MAPK11,af3_holo_iptm,0.241,0.193,,2026-07-29
of3_holo_KEAP1_9b5152a7,KEAP1,af3_holo_iptm,0.241,0.455,,2026-08-02
of3_holo_MAPK14_8ac64763,MAPK14,af3_holo_iptm,0.241,0.199,,2026-07-29
of3_holo_MAPK11_baaf5507,MAPK11,af3_holo_iptm,0.241,0.244,,2026-07-29
of3_holo_MAPK14_c57568d1,MAPK14,af3_holo_iptm,0.241,0.224,,2026-07-29
of3_holo_MAPK11_5edf3899,MAPK11,af3_holo_iptm,0.241,0.213,,2026-07-29
of3_holo_KEAP1_bd90475a,KEAP1,af3_holo_iptm,0.241,0.460,,2026-08-02
of3_holo_MAPK14_2eb3bece,MAPK14,af3_holo_iptm,0.240,0.197,,2026-08-02
of3_holo_MAPK14_92c84ac3,MAPK14,af3_holo_iptm,0.240,0.208,,2026-07-29
of3_holo_MAPK12_a1b3990f,MAPK12,af3_holo_iptm,0.240,0.193,,2026-07-29
of3_holo_MAPK14_eb8f18e8,MAPK14,af3_holo_iptm,0.240,0.203,,2026-07-29
of3_holo_MAPK14_4c58fdee,MAPK14,af3_holo_iptm,0.240,0.190,,2026-07-29
of3_holo_MAPK11_add854cc,MAPK11,af3_holo_iptm,0.240,0.204,,2026-07-29
of3_holo_MAPK14_331e9787,MAPK14,af3_holo_iptm,0.240,0.191,,2026-07-29
of3_holo_MAPK11_2271e177,MAPK11,af3_holo_iptm,0.240,0.195,,2026-07-29
of3_holo_KEAP1_eed46d51,KEAP1,af3_holo_iptm,0.240,0.445,,2026-08-02
of3_holo_MAPK11_c18a2b02,MAPK11,af3_holo_iptm,0.240,0.197,,2026-07-29
of3_holo_MAPK14_85eeec8a,MAPK14,af3_holo_iptm,0.240,0.210,,2026-07-29
of3_holo_KEAP1_ae8f9f28,KEAP1,af3_holo_iptm,0.240,0.456,,2026-07-29
of3_holo_DNM1L_220b60a4,DNM1L,af3_holo_iptm,0.240,0.198,,2026-07-29
of3_holo_MAPK12_fc5bc418,MAPK12,af3_holo_iptm,0.240,0.195,,2026-07-29
chrna1_220_445_x_tp53_323_356,"",af3_iptm,0.240,0.360,0.440,2026-07-15
hif1a_x_nrg1,"",af3_iptm,0.240,0.330,0.580,2026-05-25
smn1_90_159_x_hnrnpa1_106_184,"",af3_iptm,0.240,0.550,0.370,2026-06-29
ntrk3_196_282_x_musk_310_495,"",af3_iptm,0.240,0.480,0.350,2026-07-28
smn1_260_294_x_cfl1_none_none,"",af3_iptm,0.240,0.740,0.430,2026-07-09
021_mapk10_x_sh3rf1,"",af3_iptm,0.240,0.350,0.500,2026-06-21
a_x_b_f10868a4,"",af3_iptm,0.240,0.500,0.410,2026-07-30
binder721_musk_x_musk_ig1_24_128,"",af3_iptm,0.240,0.590,0.340,2026-07-20
lrp4_bp1_x_musk_ig12_binaer_s7,"",af3_iptm,0.240,0.510,0.290,2026-08-10
dok7_x_chrna1,"",af3_iptm,0.240,0.460,0.470,2026-05-22
60_acad9_x_ndufaf1,"",af3_iptm,0.240,0.630,0.390,2026-06-21
53_lrp4_20_526_x_dok7,"",af3_iptm,0.240,0.350,0.410,2026-06-14
gfra1_lbd_x_lrp4_ldlra,"",af3_iptm,0.240,0.320,0.580,2026-05-17
rapsn_x_chrna1,"",af3_iptm,0.240,0.720,0.440,2026-06-30
rhoa_x_rock2,"",af3_iptm,0.240,0.380,0.510,2026-05-21
53_lrp4_20_526_x_dok7,"",af3_iptm,0.240,0.350,0.410,2026-06-12
38_hdac2_x_gatad2b_135_430,"",af3_iptm,0.240,0.520,0.520,2026-06-08
ncald_x_pak1,"",af3_iptm,0.240,0.490,0.430,2026-05-23
04_mapk14_x_ddit3,"",af3_iptm,0.240,0.680,0.480,2026-06-14
smn1_x_syncrip_2,"",af3_iptm,0.240,0.310,0.480,2026-08-06
smn1_x_syncrip,"",af3_iptm,0.240,0.310,0.480,2026-07-04
021_mapk10_x_sh3rf1,"",af3_iptm,0.240,0.350,0.500,2026-06-18
binder6836_agrn_x_agrn_lg3_1868_2065,"",af3_iptm,0.240,0.700,0.330,2026-07-23
33_nfe2l2_x_cul3_1_410,"",af3_iptm,0.240,0.430,0.500,2026-06-10
ctrl_neg_tp73_cox4i1_2,"",af3_iptm,0.240,0.350,0.530,2026-08-06
tsc2_751_1001_x_smn1_260_294,"",af3_iptm,0.240,0.520,0.510,2026-07-07
smn1_x_syncrip,"",af3_iptm,0.240,0.310,0.480,2026-07-03
binder181_musk_ig2_x_musk_ig2_117_210,"",af3_iptm,0.240,0.610,0.310,2026-07-25
musk_20_489_lrp4_21_737,"",af3_iptm,0.240,0.380,0.290,2026-08-02
nmj_lrp4_b12_x_musk_ig12_s7,"",af3_iptm,0.240,0.460,0.280,2026-08-14
33_nfe2l2_x_cul3_1_410,"",af3_iptm,0.240,0.430,0.500,2026-06-12
tsc2_1001_1251_x_smn1_260_294,"",af3_iptm,0.240,0.320,0.440,2026-07-07
074_mapk9_x_bcl2l1,"",af3_iptm,0.240,0.550,0.400,2026-06-18
hnrnpu_x_u2af2,"",af3_iptm,0.240,0.400,0.460,2026-05-22
a_x_b_156ae7b0,"",af3_iptm,0.240,0.310,0.270,2026-07-30
gfra1_lbd_x_lrp4_ldlra,"",af3_iptm,0.240,0.320,0.580,2026-05-16
eno1_plg_cit,"",af3_iptm,0.240,0.430,0.310,2026-08-03
rock1_x_cfl2,"",af3_iptm,0.240,0.360,0.410,2026-05-27
82_nfe2l2_x_atf4,"",af3_iptm,0.240,0.270,0.620,2026-06-12
of3_holo_MAPK11_5bb71aca,MAPK11,af3_holo_iptm,0.240,0.194,,2026-07-29
of3_holo_KEAP1_68e177b1,KEAP1,af3_holo_iptm,0.240,0.457,,2026-07-29
of3_holo_MAPK11_096974ea,MAPK11,af3_holo_iptm,0.240,0.229,,2026-07-29
of3_holo_MAPK14_e293496d,MAPK14,af3_holo_iptm,0.240,0.192,,2026-07-29
of3_holo_MAPK14_069bd3f4,MAPK14,af3_holo_iptm,0.240,0.208,,2026-07-29
of3_holo_MAPK11_3c018689,MAPK11,af3_holo_iptm,0.240,0.276,,2026-07-29
of3_holo_KEAP1_2c4d636a,KEAP1,af3_holo_iptm,0.240,0.454,,2026-08-02
of3_holo_KEAP1_420f9f57,KEAP1,af3_holo_iptm,0.240,0.456,,2026-08-02
of3_holo_MAPK14_88b34ba6,MAPK14,af3_holo_iptm,0.240,0.205,,2026-07-29
of3_holo_MAPKAPK2_e5848d9e,MAPKAPK2,af3_holo_iptm,0.240,0.214,,2026-07-29
of3_holo_MAPK14_5a573bfc,MAPK14,af3_holo_iptm,0.240,0.214,,2026-07-29
of3_holo_MAPK14_7c47e027,MAPK14,af3_holo_iptm,0.240,0.197,,2026-08-02
of3_holo_MAPK12_96cf3db9,MAPK12,af3_holo_iptm,0.240,0.210,,2026-07-29
of3_holo_KEAP1_0cd33f03,KEAP1,af3_holo_iptm,0.240,0.449,,2026-08-01
of3_holo_KEAP1_67f0a405,KEAP1,af3_holo_iptm,0.240,0.450,,2026-08-02
of3_holo_MAPK12_5c429e4b,MAPK12,af3_holo_iptm,0.240,0.213,,2026-07-29
of3_holo_MAPKAPK2_96dcd0eb,MAPKAPK2,af3_holo_iptm,0.240,0.213,,2026-07-29
of3_holo_KEAP1_398b8211,KEAP1,af3_holo_iptm,0.239,0.456,,2026-07-29
of3_holo_MAPK11_7b346d21,MAPK11,af3_holo_iptm,0.239,0.201,,2026-07-29
of3_holo_MAPK14_232a0b51,MAPK14,af3_holo_iptm,0.239,0.239,,2026-07-29
of3_holo_MAPKAPK2_12b54c34,MAPKAPK2,af3_holo_iptm,0.239,0.214,,2026-07-29
of3_holo_KEAP1_0363377d,KEAP1,af3_holo_iptm,0.239,0.456,,2026-07-29
of3_holo_MAPK14_0be0343d,MAPK14,af3_holo_iptm,0.239,0.203,,2026-07-29
of3_holo_DNM1L_4f49e801,DNM1L,af3_holo_iptm,0.239,0.185,,2026-08-11
of3_holo_MAPK11_580c376e,MAPK11,af3_holo_iptm,0.239,0.291,,2026-07-29
of3_holo_MAPK14_fcf9f4ab,MAPK14,af3_holo_iptm,0.239,0.196,,2026-08-02
of3_holo_MAPK12_07171b5c,MAPK12,af3_holo_iptm,0.239,0.208,,2026-07-29
of3_holo_KEAP1_225a82fb,KEAP1,af3_holo_iptm,0.239,0.462,,2026-07-29
of3_holo_MAPK11_1dceddad,MAPK11,af3_holo_iptm,0.239,0.206,,2026-07-29
of3_holo_MAPK14_ea088a6a,MAPK14,af3_holo_iptm,0.239,0.200,,2026-07-29
of3_holo_KEAP1_596387b0,KEAP1,af3_holo_iptm,0.239,0.456,,2026-08-02
of3_holo_MAPK13_c18446d9,MAPK13,af3_holo_iptm,0.239,0.219,,2026-07-29
of3_holo_MAPKAPK2_e1dc0f8f,MAPKAPK2,af3_holo_iptm,0.239,0.196,,2026-08-02
of3_holo_MAPK14_91cb5b4b,MAPK14,af3_holo_iptm,0.239,0.205,,2026-07-29
of3_holo_MAPKAPK2_167fecd7,MAPKAPK2,af3_holo_iptm,0.239,0.216,,2026-08-01
of3_holo_MAPK14_b9e63f34,MAPK14,af3_holo_iptm,0.239,0.184,,2026-07-29
of3_holo_KEAP1_77f2c959,KEAP1,af3_holo_iptm,0.239,0.455,,2026-08-02
of3_holo_MAPK11_7526e5ee,MAPK11,af3_holo_iptm,0.239,0.221,,2026-07-29
of3_holo_MAPK11_68740989,MAPK11,af3_holo_iptm,0.239,0.204,,2026-07-29
of3_holo_MAPK11_3a3969e3,MAPK11,af3_holo_iptm,0.239,0.239,,2026-07-29
of3_holo_MAPKAPK2_5cef394e,MAPKAPK2,af3_holo_iptm,0.239,0.221,,2026-07-29
of3_holo_KEAP1_084f0d28,KEAP1,af3_holo_iptm,0.239,0.453,,2026-08-02
of3_holo_MAPKAPK2_f6a7067b,MAPKAPK2,af3_holo_iptm,0.239,0.213,,2026-07-29
of3_holo_KEAP1_d86c74ac,KEAP1,af3_holo_iptm,0.238,0.454,,2026-07-29
of3_holo_MAPK11_28d2ecd5,MAPK11,af3_holo_iptm,0.238,0.213,,2026-07-29
of3_holo_KEAP1_940609ff,KEAP1,af3_holo_iptm,0.238,0.456,,2026-07-29
of3_holo_MAPK11_f2514450,MAPK11,af3_holo_iptm,0.238,0.207,,2026-07-29
of3_holo_MAPKAPK2_c68cb37a,MAPKAPK2,af3_holo_iptm,0.238,0.213,,2026-07-29
of3_holo_MAPK11_0c80a8d8,MAPK11,af3_holo_iptm,0.238,0.250,,2026-07-29
of3_holo_MAPK14_02649463,MAPK14,af3_holo_iptm,0.238,0.192,,2026-07-29
of3_holo_KEAP1_c6c04522,KEAP1,af3_holo_iptm,0.238,0.447,,2026-07-29
of3_holo_MAPK14_cc628853,MAPK14,af3_holo_iptm,0.238,0.187,,2026-07-29
of3_holo_MAPK14_f40c5542,MAPK14,af3_holo_iptm,0.238,0.212,,2026-08-02
of3_holo_MAPK12_2c064382,MAPK12,af3_holo_iptm,0.238,0.212,,2026-07-29
of3_holo_MAPK11_c6be0387,MAPK11,af3_holo_iptm,0.238,0.231,,2026-07-29
of3_holo_MAPK11_7357cdfc,MAPK11,af3_holo_iptm,0.238,0.198,,2026-07-29
of3_holo_MAPK14_b40f459c,MAPK14,af3_holo_iptm,0.238,0.179,,2026-07-29
of3_holo_MAPK14_46b01575,MAPK14,af3_holo_iptm,0.238,0.205,,2026-07-29
of3_holo_MAPK14_dde212c9,MAPK14,af3_holo_iptm,0.238,0.177,,2026-07-29
of3_holo_MAPK13_98763552,MAPK13,af3_holo_iptm,0.238,0.201,,2026-07-29
of3_holo_MAPK11_a45ca3de,MAPK11,af3_holo_iptm,0.238,0.199,,2026-07-29
of3_holo_KEAP1_3988628d,KEAP1,af3_holo_iptm,0.238,0.448,,2026-07-29
of3_holo_MAPK11_9220eb1c,MAPK11,af3_holo_iptm,0.238,0.230,,2026-07-29
of3_holo_MAPK13_9c1b2da7,MAPK13,af3_holo_iptm,0.238,0.204,,2026-07-29
of3_holo_MAPK11_84482983,MAPK11,af3_holo_iptm,0.237,0.197,,2026-07-29
of3_holo_MAPK11_fb8728e2,MAPK11,af3_holo_iptm,0.237,0.196,,2026-07-29
of3_holo_MAPK12_36b147f1,MAPK12,af3_holo_iptm,0.237,0.214,,2026-07-29
of3_holo_MAPK12_cb5dcd89,MAPK12,af3_holo_iptm,0.237,0.215,,2026-07-29
of3_holo_MAPK12_9e55fcec,MAPK12,af3_holo_iptm,0.237,0.226,,2026-07-29
of3_holo_MAPK14_5fe353d5,MAPK14,af3_holo_iptm,0.237,0.207,,2026-07-29
of3_holo_MAPK12_f0414f50,MAPK12,af3_holo_iptm,0.237,0.236,,2026-07-29
of3_holo_MAPK13_1693b70b,MAPK13,af3_holo_iptm,0.237,0.204,,2026-07-29
of3_holo_MAPKAPK2_d5567837,MAPKAPK2,af3_holo_iptm,0.237,0.213,,2026-07-29
of3_holo_MAPK11_5b22f1b0,MAPK11,af3_holo_iptm,0.237,0.235,,2026-07-29
of3_holo_MAPK11_8835c956,MAPK11,af3_holo_iptm,0.237,0.204,,2026-07-29
of3_holo_MAPK14_3b97cbb0,MAPK14,af3_holo_iptm,0.237,0.203,,2026-07-29
of3_holo_MAPK11_f232e5c2,MAPK11,af3_holo_iptm,0.237,0.222,,2026-07-29
of3_holo_MAPK11_81657791,MAPK11,af3_holo_iptm,0.237,0.194,,2026-07-29
of3_holo_MAPKAPK2_27fff94f,MAPKAPK2,af3_holo_iptm,0.237,0.215,,2026-07-29
of3_holo_MAPK14_cc881546,MAPK14,af3_holo_iptm,0.237,0.208,,2026-08-02
of3_holo_KEAP1_b8556418,KEAP1,af3_holo_iptm,0.237,0.450,,2026-08-02
of3_holo_MAPK14_90a2faec,MAPK14,af3_holo_iptm,0.237,0.205,,2026-07-29
of3_holo_MAPKAPK2_2e3eb24a,MAPKAPK2,af3_holo_iptm,0.237,0.218,,2026-07-29
of3_holo_MAPK14_ce6e3201,MAPK14,af3_holo_iptm,0.237,0.213,,2026-07-29
of3_holo_KEAP1_9fbdf2ae,KEAP1,af3_holo_iptm,0.237,0.453,,2026-08-02
of3_holo_MAPK11_d2d698ab,MAPK11,af3_holo_iptm,0.237,0.193,,2026-07-29
of3_holo_MAPK11_ddc87393,MAPK11,af3_holo_iptm,0.237,0.213,,2026-07-29
of3_holo_MAPK11_c6e4d6a8,MAPK11,af3_holo_iptm,0.237,0.244,,2026-07-29
of3_holo_KEAP1_f74ab25f,KEAP1,af3_holo_iptm,0.237,0.455,,2026-08-02
of3_holo_MAPK14_e5b77fa1,MAPK14,af3_holo_iptm,0.237,0.197,,2026-07-29
of3_holo_MAPK14_1d5e15f7,MAPK14,af3_holo_iptm,0.237,0.188,,2026-07-29
of3_holo_MAPK14_018601a7,MAPK14,af3_holo_iptm,0.237,0.211,,2026-07-29
of3_holo_MAPK11_981f4239,MAPK11,af3_holo_iptm,0.237,0.225,,2026-07-29
of3_holo_MAPK11_432d2673,MAPK11,af3_holo_iptm,0.237,0.218,,2026-07-29
of3_holo_KEAP1_6e46415e,KEAP1,af3_holo_iptm,0.237,0.450,,2026-07-31
of3_holo_MAPK11_431541f7,MAPK11,af3_holo_iptm,0.237,0.230,,2026-07-29
of3_holo_MAPKAPK2_b5d34a70,MAPKAPK2,af3_holo_iptm,0.236,0.213,,2026-07-29
of3_holo_KEAP1_9098e379,KEAP1,af3_holo_iptm,0.236,0.451,,2026-08-02
of3_holo_MAPKAPK2_9c5ac4df,MAPKAPK2,af3_holo_iptm,0.236,0.198,,2026-08-02
of3_holo_MAPK11_9956917e,MAPK11,af3_holo_iptm,0.236,0.191,,2026-07-29
of3_holo_MAPK12_a07a18b6,MAPK12,af3_holo_iptm,0.236,0.198,,2026-07-29
of3_holo_MAPK11_824c8ee6,MAPK11,af3_holo_iptm,0.236,0.204,,2026-07-29
of3_holo_KEAP1_f6b9c601,KEAP1,af3_holo_iptm,0.236,0.457,,2026-07-29
of3_holo_MAPK14_f9f7c193,MAPK14,af3_holo_iptm,0.236,0.205,,2026-07-29
of3_holo_MAPK11_4ae4313a,MAPK11,af3_holo_iptm,0.236,0.206,,2026-07-29
of3_holo_MAPK14_cf9bc016,MAPK14,af3_holo_iptm,0.236,0.210,,2026-07-29
of3_holo_MAPK14_ecb1bb8d,MAPK14,af3_holo_iptm,0.236,0.180,,2026-07-29
of3_holo_MAPK14_b19a2688,MAPK14,af3_holo_iptm,0.236,0.205,,2026-07-29
of3_holo_DNM1L_b2cb9097,DNM1L,af3_holo_iptm,0.236,0.201,,2026-07-29
of3_holo_MAPK14_19d5c2f8,MAPK14,af3_holo_iptm,0.236,0.205,,2026-07-29
of3_holo_MAPK14_9fec80ba,MAPK14,af3_holo_iptm,0.236,0.193,,2026-07-29
of3_holo_MAPK13_ffcf1b2f,MAPK13,af3_holo_iptm,0.236,0.226,,2026-07-29
of3_holo_MAPK14_2ef041e3,MAPK14,af3_holo_iptm,0.236,0.193,,2026-08-02
of3_holo_MAPK11_7762660f,MAPK11,af3_holo_iptm,0.236,0.238,,2026-07-29
of3_holo_MAPK11_aa12dc30,MAPK11,af3_holo_iptm,0.236,0.198,,2026-07-29
of3_holo_MAPK14_e82ebd31,MAPK14,af3_holo_iptm,0.236,0.225,,2026-07-29
of3_holo_MAPK14_cc1ae614,MAPK14,af3_holo_iptm,0.236,0.206,,2026-07-29
of3_holo_MAPK11_de3c08c7,MAPK11,af3_holo_iptm,0.236,0.245,,2026-07-29
of3_holo_MAPK12_895772be,MAPK12,af3_holo_iptm,0.236,0.234,,2026-07-29
of3_holo_MAPK14_6ba83b5f,MAPK14,af3_holo_iptm,0.236,0.214,,2026-07-29
of3_holo_KEAP1_2235d3cd,KEAP1,af3_holo_iptm,0.236,0.456,,2026-07-29
of3_holo_KEAP1_24ac59ab,KEAP1,af3_holo_iptm,0.236,0.453,,2026-08-01
of3_holo_MAPK12_fe8efcd7,MAPK12,af3_holo_iptm,0.236,0.213,,2026-07-29
of3_holo_MAPK14_2ba49372,MAPK14,af3_holo_iptm,0.235,0.184,,2026-07-29
of3_holo_MAPK14_67f3d017,MAPK14,af3_holo_iptm,0.235,0.209,,2026-07-29
of3_holo_MAPK14_e7b72083,MAPK14,af3_holo_iptm,0.235,0.188,,2026-08-02
of3_holo_MAPK11_358d4d99,MAPK11,af3_holo_iptm,0.235,0.252,,2026-07-29
of3_holo_MAPK11_477ca88c,MAPK11,af3_holo_iptm,0.235,0.234,,2026-07-29
of3_holo_MAPK11_32c1e3d4,MAPK11,af3_holo_iptm,0.235,0.217,,2026-07-29
of3_holo_MAPK11_f66ef0a9,MAPK11,af3_holo_iptm,0.235,0.208,,2026-07-29
of3_holo_MAPK11_4f6cc2e3,MAPK11,af3_holo_iptm,0.235,0.247,,2026-07-29
of3_holo_MAPK14_7be609b8,MAPK14,af3_holo_iptm,0.235,0.202,,2026-08-02
of3_holo_MAPK14_e7730d4d,MAPK14,af3_holo_iptm,0.235,0.228,,2026-07-29
of3_holo_KEAP1_8043a5ed,KEAP1,af3_holo_iptm,0.235,0.454,,2026-07-29
of3_holo_MAPK14_3cc42a9b,MAPK14,af3_holo_iptm,0.235,0.183,,2026-07-29
of3_holo_MAPK11_a9a1cccf,MAPK11,af3_holo_iptm,0.235,0.233,,2026-07-29
of3_holo_MAPK12_5f15e2c9,MAPK12,af3_holo_iptm,0.235,0.221,,2026-07-29
of3_holo_MAPK11_bdac123d,MAPK11,af3_holo_iptm,0.235,0.193,,2026-07-29
of3_holo_MAPK14_ae43f86c,MAPK14,af3_holo_iptm,0.235,0.190,,2026-07-29
of3_holo_MAPK14_9f3bb6b9,MAPK14,af3_holo_iptm,0.235,0.227,,2026-07-29
of3_holo_MAPK11_12e56a0d,MAPK11,af3_holo_iptm,0.235,0.206,,2026-07-29
of3_holo_MAPK14_b676fe85,MAPK14,af3_holo_iptm,0.235,0.181,,2026-08-02
of3_holo_KEAP1_0cbac5cd,KEAP1,af3_holo_iptm,0.235,0.452,,2026-08-01
of3_holo_MAPK11_1ea82b9a,MAPK11,af3_holo_iptm,0.234,0.202,,2026-07-29
of3_holo_KEAP1_5535d7b2,KEAP1,af3_holo_iptm,0.234,0.458,,2026-07-29
of3_holo_MAPK11_25258963,MAPK11,af3_holo_iptm,0.234,0.216,,2026-07-29
of3_holo_MAPK12_bbc4061d,MAPK12,af3_holo_iptm,0.234,0.203,,2026-07-29
of3_holo_MAPK14_754d5b3d,MAPK14,af3_holo_iptm,0.234,0.178,,2026-07-29
of3_holo_KEAP1_60280b33,KEAP1,af3_holo_iptm,0.234,0.455,,2026-08-02
of3_holo_MAPK14_fe4adc26,MAPK14,af3_holo_iptm,0.234,0.209,,2026-07-29
of3_holo_MAPK14_0aab9ddd,MAPK14,af3_holo_iptm,0.234,0.176,,2026-07-29
of3_holo_MAPK14_43507d8a,MAPK14,af3_holo_iptm,0.234,0.218,,2026-07-29
of3_holo_KEAP1_3ea04093,KEAP1,af3_holo_iptm,0.234,0.447,,2026-07-29
of3_holo_MAPK14_5c08778b,MAPK14,af3_holo_iptm,0.234,0.213,,2026-07-29
of3_holo_MAPKAPK2_edfb6b54,MAPKAPK2,af3_holo_iptm,0.234,0.203,,2026-07-29
of3_holo_MAPK11_0661aa89,MAPK11,af3_holo_iptm,0.234,0.244,,2026-07-29
of3_holo_MAPK11_ba30e207,MAPK11,af3_holo_iptm,0.234,0.225,,2026-07-29
of3_holo_KEAP1_f68b8364,KEAP1,af3_holo_iptm,0.234,0.453,,2026-07-29
of3_holo_MAPK11_4235ac6f,MAPK11,af3_holo_iptm,0.234,0.197,,2026-07-29
of3_holo_MAPK11_1293e996,MAPK11,af3_holo_iptm,0.234,0.195,,2026-07-29
of3_holo_KEAP1_115e5338,KEAP1,af3_holo_iptm,0.234,0.452,,2026-08-01
of3_holo_MAPK11_50cf2235,MAPK11,af3_holo_iptm,0.234,0.197,,2026-07-29
of3_holo_KEAP1_64ba9911,KEAP1,af3_holo_iptm,0.234,0.449,,2026-07-30
of3_holo_MAPK14_7b24c9c1,MAPK14,af3_holo_iptm,0.233,0.199,,2026-07-29
of3_holo_MAPK14_4083aceb,MAPK14,af3_holo_iptm,0.233,0.192,,2026-07-29
of3_holo_MAPK14_e9d0ae42,MAPK14,af3_holo_iptm,0.233,0.225,,2026-07-29
of3_holo_MAPK11_19e5ae35,MAPK11,af3_holo_iptm,0.233,0.207,,2026-07-29
of3_holo_KEAP1_6a5cb1db,KEAP1,af3_holo_iptm,0.233,0.452,,2026-07-29
of3_holo_MAPK11_2cb5263d,MAPK11,af3_holo_iptm,0.233,0.203,,2026-07-29
of3_holo_MAPK11_9222e4da,MAPK11,af3_holo_iptm,0.233,0.195,,2026-07-29
of3_holo_MAPK11_def950d9,MAPK11,af3_holo_iptm,0.233,0.200,,2026-07-29
of3_holo_MAPKAPK2_96735095,MAPKAPK2,af3_holo_iptm,0.233,0.216,,2026-07-29
of3_holo_MAPK14_747eccce,MAPK14,af3_holo_iptm,0.233,0.215,,2026-08-02
of3_holo_MAPKAPK2_750c38a9,MAPKAPK2,af3_holo_iptm,0.233,0.215,,2026-07-29
of3_holo_MAPK13_69b33c66,MAPK13,af3_holo_iptm,0.233,0.212,,2026-07-29
of3_holo_MAPK11_f80d03b5,MAPK11,af3_holo_iptm,0.233,0.235,,2026-07-29
of3_holo_MAPK14_619f1f3b,MAPK14,af3_holo_iptm,0.233,0.185,,2026-07-29
of3_holo_MAPK14_a90b657d,MAPK14,af3_holo_iptm,0.233,0.198,,2026-07-29
of3_holo_MAPK11_d777096a,MAPK11,af3_holo_iptm,0.233,0.253,,2026-07-29
of3_holo_MAPK14_60c9de4a,MAPK14,af3_holo_iptm,0.233,0.229,,2026-07-29
of3_holo_DNM1L_14307343,DNM1L,af3_holo_iptm,0.233,0.189,,2026-07-29
of3_holo_MAPKAPK2_259f4d50,MAPKAPK2,af3_holo_iptm,0.233,0.197,,2026-07-29
of3_holo_MAPK14_74dcf95f,MAPK14,af3_holo_iptm,0.233,0.182,,2026-07-29
of3_holo_MAPK11_a9dd548c,MAPK11,af3_holo_iptm,0.233,0.220,,2026-07-29
of3_holo_KEAP1_f5a79978,KEAP1,af3_holo_iptm,0.233,0.450,,2026-08-02
of3_holo_MAPKAPK2_ac6db38c,MAPKAPK2,af3_holo_iptm,0.233,0.209,,2026-08-02
of3_holo_KEAP1_07f6a38d,KEAP1,af3_holo_iptm,0.233,0.451,,2026-07-29
of3_holo_MAPK11_a41eb43b,MAPK11,af3_holo_iptm,0.233,0.212,,2026-07-29
of3_holo_MAPK14_64e77cf6,MAPK14,af3_holo_iptm,0.232,0.181,,2026-07-29
of3_holo_MAPK11_17fe3bb3,MAPK11,af3_holo_iptm,0.232,0.223,,2026-07-29
of3_holo_MAPK14_7fa4b3b8,MAPK14,af3_holo_iptm,0.232,0.202,,2026-07-29
of3_holo_MAPKAPK2_6008f051,MAPKAPK2,af3_holo_iptm,0.232,0.209,,2026-07-29
of3_holo_MAPK14_6475a84e,MAPK14,af3_holo_iptm,0.232,0.190,,2026-07-29
of3_holo_MAPK11_be5c56b1,MAPK11,af3_holo_iptm,0.232,0.200,,2026-07-29
of3_holo_MAPK11_b15db88d,MAPK11,af3_holo_iptm,0.232,0.250,,2026-07-29
of3_holo_MAPK13_cee6f8a3,MAPK13,af3_holo_iptm,0.232,0.241,,2026-07-29
of3_holo_MAPK11_a280a3e8,MAPK11,af3_holo_iptm,0.232,0.206,,2026-07-29
of3_holo_MAPK11_520615d3,MAPK11,af3_holo_iptm,0.232,0.202,,2026-07-29
of3_holo_MAPK14_641c22d4,MAPK14,af3_holo_iptm,0.232,0.182,,2026-07-29
of3_holo_KEAP1_440566dc,KEAP1,af3_holo_iptm,0.232,0.448,,2026-07-29
of3_holo_DNM1L_55c8a1bd,DNM1L,af3_holo_iptm,0.232,0.185,,2026-07-29
of3_holo_MAPK12_a1ed8a4d,MAPK12,af3_holo_iptm,0.232,0.209,,2026-07-29
of3_holo_MAPK11_dfbc751a,MAPK11,af3_holo_iptm,0.232,0.249,,2026-07-29
of3_holo_MAPK11_24674aa8,MAPK11,af3_holo_iptm,0.232,0.206,,2026-07-29
of3_holo_MAPK11_7525122c,MAPK11,af3_holo_iptm,0.232,0.196,,2026-07-29
of3_holo_MAPK11_f1fcbf06,MAPK11,af3_holo_iptm,0.232,0.217,,2026-07-29
of3_holo_MAPK14_0956ad96,MAPK14,af3_holo_iptm,0.232,0.197,,2026-08-02
of3_holo_MAPKAPK2_e16b4cfa,MAPKAPK2,af3_holo_iptm,0.232,0.213,,2026-08-02
of3_holo_MAPK14_64744a80,MAPK14,af3_holo_iptm,0.232,0.204,,2026-07-29
of3_holo_MAPK11_9ba14f17,MAPK11,af3_holo_iptm,0.232,0.224,,2026-07-29
of3_holo_MAPK11_8e2a628d,MAPK11,af3_holo_iptm,0.232,0.195,,2026-07-29
of3_holo_MAPKAPK2_8213e8fa,MAPKAPK2,af3_holo_iptm,0.232,0.224,,2026-07-29
of3_holo_MAPK14_76cda58f,MAPK14,af3_holo_iptm,0.232,0.206,,2026-07-29
of3_holo_MAPK11_c0a42e7d,MAPK11,af3_holo_iptm,0.232,0.195,,2026-07-29
of3_holo_MAPK14_082bf388,MAPK14,af3_holo_iptm,0.231,0.199,,2026-07-29
of3_holo_MAPKAPK2_d4a9d4ac,MAPKAPK2,af3_holo_iptm,0.231,0.219,,2026-08-02
of3_holo_MAPK11_805309db,MAPK11,af3_holo_iptm,0.231,0.214,,2026-07-29
of3_holo_KEAP1_0242c745,KEAP1,af3_holo_iptm,0.231,0.457,,2026-07-29
of3_holo_MAPK14_bc7f3427,MAPK14,af3_holo_iptm,0.231,0.211,,2026-07-29
of3_holo_MAPK14_f37c5c46,MAPK14,af3_holo_iptm,0.231,0.190,,2026-07-29
of3_holo_MAPK14_da79335f,MAPK14,af3_holo_iptm,0.231,0.201,,2026-07-29
of3_holo_MAPKAPK2_bd3ec5cf,MAPKAPK2,af3_holo_iptm,0.231,0.218,,2026-07-29
of3_holo_MAPK11_a39e298a,MAPK11,af3_holo_iptm,0.231,0.193,,2026-07-29
of3_holo_MAPK12_219c05e2,MAPK12,af3_holo_iptm,0.231,0.209,,2026-07-29
of3_holo_MAPK11_73e72ea3,MAPK11,af3_holo_iptm,0.231,0.203,,2026-07-29
of3_holo_KEAP1_862486d9,KEAP1,af3_holo_iptm,0.231,0.448,,2026-07-29
of3_holo_MAPK11_a5a675fc,MAPK11,af3_holo_iptm,0.231,0.235,,2026-07-29
of3_holo_MAPK11_6163c573,MAPK11,af3_holo_iptm,0.231,0.204,,2026-07-29
of3_holo_MAPK14_b485dece,MAPK14,af3_holo_iptm,0.231,0.193,,2026-07-29
of3_holo_MAPKAPK2_76dd49af,MAPKAPK2,af3_holo_iptm,0.231,0.204,,2026-07-29
of3_holo_MAPK14_690f3cc2,MAPK14,af3_holo_iptm,0.231,0.199,,2026-07-29
of3_holo_MAPK11_7bf2bcb2,MAPK11,af3_holo_iptm,0.231,0.196,,2026-07-29
of3_holo_KEAP1_b6655eef,KEAP1,af3_holo_iptm,0.231,0.460,,2026-07-29
of3_holo_MAPK14_25e718fa,MAPK14,af3_holo_iptm,0.231,0.201,,2026-07-29
of3_holo_MAPKAPK2_7195d2f1,MAPKAPK2,af3_holo_iptm,0.231,0.219,,2026-08-02
of3_holo_MAPKAPK2_c4c0a2aa,MAPKAPK2,af3_holo_iptm,0.231,0.220,,2026-07-29
of3_holo_MAPK14_bace24ae,MAPK14,af3_holo_iptm,0.231,0.195,,2026-07-29
of3_holo_MAPKAPK2_886e05f6,MAPKAPK2,af3_holo_iptm,0.230,0.210,,2026-07-29
of3_holo_MAPKAPK2_b22bdd3f,MAPKAPK2,af3_holo_iptm,0.230,0.213,,2026-07-29
of3_holo_MAPKAPK2_485a3056,MAPKAPK2,af3_holo_iptm,0.230,0.220,,2026-07-29
of3_holo_MAPK11_aa73bdbf,MAPK11,af3_holo_iptm,0.230,0.248,,2026-07-29
of3_holo_MAPK14_0bd882a9,MAPK14,af3_holo_iptm,0.230,0.201,,2026-07-29
of3_holo_MAPK11_c9666394,MAPK11,af3_holo_iptm,0.230,0.196,,2026-07-29
of3_holo_MAPK11_423a3eea,MAPK11,af3_holo_iptm,0.230,0.196,,2026-07-29
of3_holo_MAPK11_4ebb13f7,MAPK11,af3_holo_iptm,0.230,0.199,,2026-07-29
of3_holo_MAPK13_58faa027,MAPK13,af3_holo_iptm,0.230,0.212,,2026-07-29
of3_holo_MAPK14_457af427,MAPK14,af3_holo_iptm,0.230,0.184,,2026-07-29
of3_holo_DNM1L_0d682951,DNM1L,af3_holo_iptm,0.230,0.190,,2026-07-29
of3_holo_MAPK14_7b07fbd6,MAPK14,af3_holo_iptm,0.230,0.222,,2026-07-29
of3_holo_MAPK11_41303e74,MAPK11,af3_holo_iptm,0.230,0.212,,2026-07-29
of3_holo_MAPK14_cb9c7ae9,MAPK14,af3_holo_iptm,0.230,0.180,,2026-07-29
of3_holo_MAPKAPK2_10d8dd31,MAPKAPK2,af3_holo_iptm,0.230,0.221,,2026-07-29
of3_holo_MAPKAPK2_04f9bea9,MAPKAPK2,af3_holo_iptm,0.230,0.213,,2026-07-29
of3_holo_MAPKAPK2_c6909bd7,MAPKAPK2,af3_holo_iptm,0.230,0.219,,2026-07-29
095_mapk8_x_map3k7,"",af3_iptm,0.230,0.410,0.410,2026-06-18
erbb4_x_dok7_a102d970,"",af3_iptm,0.230,0.360,0.430,2026-06-28
ntrk2_ecd_x_tardbp_rrm1,"",af3_iptm,0.230,0.560,0.360,2026-05-16
rhoa_x_limk2,"",af3_iptm,0.230,0.430,0.340,2026-05-21
034_mapk10_x_bcl2l1,"",af3_iptm,0.230,0.530,0.400,2026-06-18
a_x_b_c031648e,"",af3_iptm,0.230,0.600,0.390,2026-07-29
20_kcnb1_1_450_x_amigo1,"",af3_iptm,0.230,0.400,0.370,2026-06-05
pfn2_x_pls3_65026258,"",af3_iptm,0.230,0.670,0.330,2026-06-28
hdac6_cd2_x_smn1,"",af3_iptm,0.230,0.550,0.470,2026-05-29
045_mapk9_x_dcx,"",af3_iptm,0.230,0.490,0.420,2026-06-18
binder6808_lrp4_x_lrp4_beta1_prop_435_697,"",af3_iptm,0.230,0.740,0.330,2026-07-21
bdnf_x_ntrk2,"",af3_iptm,0.230,0.580,0.330,2026-07-03
ctrl_neg_tp73_cox4i1,"",af3_iptm,0.230,0.350,0.510,2026-07-31
68_smn1_x_coil,"",af3_iptm,0.230,0.240,0.570,2026-06-07
binder5844_agrn_x_agrn_lg3_1868_2065,"",af3_iptm,0.230,0.620,0.360,2026-07-25
24_kcnb1_580_858_x_stx1b,"",af3_iptm,0.230,0.420,0.570,2026-06-08
binder3395_keap1_x_keap1_kelch_321_609,"",af3_iptm,0.230,0.730,0.330,2026-07-20
cfl1_x_pfn2,"",af3_iptm,0.230,0.540,0.290,2026-05-22
pten_x_tardbp_577ca6d9,"",af3_iptm,0.230,0.470,0.420,2026-06-29
hdac6_cd2_x_limk2,"",af3_iptm,0.230,0.410,0.320,2026-05-29
lrp4_x_ws1bnone_1158,"",af3_iptm,0.230,0.740,0.340,2026-07-03
mapkapk2_x_limk2,"",af3_iptm,0.230,0.390,,2026-05-27
a_x_b_67f45696,"",af3_iptm,0.230,0.530,0.400,2026-07-31
ntrk2_ecd_x_tardbp_rrm1,"",af3_iptm,0.230,0.560,0.360,2026-05-17
015_mapk10_x_map3k7,"",af3_iptm,0.230,0.390,0.430,2026-06-21
035_mapk10_x_bad,"",af3_iptm,0.230,0.560,0.490,2026-06-18
114_mapk8_x_bcl2l1,"",af3_iptm,0.230,0.540,0.390,2026-06-18
110_mapk8_x_foxo3,"",af3_iptm,0.230,0.390,0.560,2026-06-18
klf6_none_none_x_limk2_165_280,"",af3_iptm,0.230,0.260,0.440,2026-07-15
015_mapk10_x_map3k7,"",af3_iptm,0.230,0.390,0.430,2026-06-18
atf3_x_rock2,"",af3_iptm,0.230,0.350,0.500,2026-05-27
of3_holo_DNM1L_b401f83c,DNM1L,af3_holo_iptm,0.230,0.192,,2026-07-29
of3_holo_MAPK11_2cd2cb1f,MAPK11,af3_holo_iptm,0.230,0.188,,2026-07-29
of3_holo_MAPK13_32cd893c,MAPK13,af3_holo_iptm,0.230,0.208,,2026-07-29
of3_holo_MAPK14_95c32ca2,MAPK14,af3_holo_iptm,0.230,0.205,,2026-07-29
of3_holo_MAPK14_3b0d20c7,MAPK14,af3_holo_iptm,0.230,0.206,,2026-07-29
of3_holo_MAPK13_64a10e12,MAPK13,af3_holo_iptm,0.230,0.206,,2026-07-29
of3_holo_MAPKAPK2_a3357bdf,MAPKAPK2,af3_holo_iptm,0.230,0.228,,2026-07-29
of3_holo_MAPK13_e78dd402,MAPK13,af3_holo_iptm,0.229,0.223,,2026-07-29
of3_holo_MAPK14_04941e08,MAPK14,af3_holo_iptm,0.229,0.206,,2026-07-29
of3_holo_MAPK14_721d1744,MAPK14,af3_holo_iptm,0.229,0.182,,2026-08-02
of3_holo_MAPK11_2cb5adbd,MAPK11,af3_holo_iptm,0.229,0.197,,2026-07-29
of3_holo_MAPK14_b4daf6dc,MAPK14,af3_holo_iptm,0.229,0.213,,2026-07-29
of3_holo_MAPK14_c21f2202,MAPK14,af3_holo_iptm,0.229,0.178,,2026-07-29
of3_holo_KEAP1_846954aa,KEAP1,af3_holo_iptm,0.229,0.451,,2026-08-02
of3_holo_MAPK14_763329fb,MAPK14,af3_holo_iptm,0.229,0.200,,2026-07-29
of3_holo_KEAP1_4ef12dca,KEAP1,af3_holo_iptm,0.229,0.453,,2026-08-02
of3_holo_MAPK14_6d9967f2,MAPK14,af3_holo_iptm,0.229,0.189,,2026-07-29
of3_holo_MAPK14_8f4ae04a,MAPK14,af3_holo_iptm,0.229,0.219,,2026-07-29
of3_holo_MAPK14_edc7a945,MAPK14,af3_holo_iptm,0.229,0.200,,2026-07-29
of3_holo_MAPK11_a698082e,MAPK11,af3_holo_iptm,0.229,0.195,,2026-07-29
of3_holo_MAPK14_34739a59,MAPK14,af3_holo_iptm,0.229,0.224,,2026-07-29
of3_holo_MAPKAPK2_c4ea8083,MAPKAPK2,af3_holo_iptm,0.229,0.215,,2026-07-29
of3_holo_MAPK11_32f65cdc,MAPK11,af3_holo_iptm,0.229,0.206,,2026-07-29
of3_holo_MAPKAPK2_691b4314,MAPKAPK2,af3_holo_iptm,0.229,0.217,,2026-07-29
of3_holo_MAPK11_3a3898ac,MAPK11,af3_holo_iptm,0.229,0.267,,2026-07-29
of3_holo_MAPK14_04d387a4,MAPK14,af3_holo_iptm,0.229,0.197,,2026-07-29
of3_holo_MAPK11_d8ef1302,MAPK11,af3_holo_iptm,0.229,0.209,,2026-07-29
of3_holo_MAPKAPK2_5fa5c378,MAPKAPK2,af3_holo_iptm,0.229,0.220,,2026-07-29
of3_holo_MAPK14_cf5da5c4,MAPK14,af3_holo_iptm,0.229,0.206,,2026-07-29
of3_holo_MAPK14_1eaa70d4,MAPK14,af3_holo_iptm,0.228,0.201,,2026-07-29
of3_holo_MAPKAPK2_9dd3c893,MAPKAPK2,af3_holo_iptm,0.228,0.213,,2026-07-29
of3_holo_MAPK14_75903035,MAPK14,af3_holo_iptm,0.228,0.182,,2026-07-29
of3_holo_MAPK14_75fb119a,MAPK14,af3_holo_iptm,0.228,0.192,,2026-07-29
of3_holo_MAPK12_9ab99abf,MAPK12,af3_holo_iptm,0.228,0.262,,2026-07-29
of3_holo_MAPKAPK2_f246b037,MAPKAPK2,af3_holo_iptm,0.228,0.210,,2026-07-29
of3_holo_MAPK11_802150bd,MAPK11,af3_holo_iptm,0.228,0.201,,2026-07-29
of3_holo_MAPK14_2d8cacd8,MAPK14,af3_holo_iptm,0.228,0.212,,2026-07-29
of3_holo_KEAP1_a5ee01b9,KEAP1,af3_holo_iptm,0.228,0.458,,2026-08-02
of3_holo_MAPKAPK2_053f7bc8,MAPKAPK2,af3_holo_iptm,0.228,0.219,,2026-08-02
of3_holo_KEAP1_4a6e34cb,KEAP1,af3_holo_iptm,0.228,0.454,,2026-08-02
of3_holo_MAPK14_985ce49e,MAPK14,af3_holo_iptm,0.228,0.199,,2026-07-29
of3_holo_MAPK14_41d457b4,MAPK14,af3_holo_iptm,0.228,0.194,,2026-07-29
of3_holo_MAPK14_69ee66fa,MAPK14,af3_holo_iptm,0.228,0.217,,2026-07-29
of3_holo_MAPK11_0b1578ed,MAPK11,af3_holo_iptm,0.228,0.222,,2026-07-29
of3_holo_MAPKAPK2_27e3e8e7,MAPKAPK2,af3_holo_iptm,0.228,0.211,,2026-07-29
of3_holo_MAPKAPK2_22495d12,MAPKAPK2,af3_holo_iptm,0.228,0.199,,2026-07-29
of3_holo_MAPK14_b9cc5924,MAPK14,af3_holo_iptm,0.228,0.233,,2026-07-29
of3_holo_MAPKAPK2_d8dcef86,MAPKAPK2,af3_holo_iptm,0.228,0.214,,2026-07-29
of3_holo_KEAP1_d25272e3,KEAP1,af3_holo_iptm,0.228,0.440,,2026-07-29
of3_holo_MAPK11_09c99438,MAPK11,af3_holo_iptm,0.228,0.197,,2026-07-29
of3_holo_MAPK14_cebad639,MAPK14,af3_holo_iptm,0.228,0.189,,2026-07-29
of3_holo_KEAP1_aab96da1,KEAP1,af3_holo_iptm,0.228,0.452,,2026-08-02
of3_holo_MAPK11_780402f8,MAPK11,af3_holo_iptm,0.228,0.192,,2026-07-29
of3_holo_MAPK11_087cc3d6,MAPK11,af3_holo_iptm,0.228,0.197,,2026-07-29
of3_holo_MAPK13_fe5b938f,MAPK13,af3_holo_iptm,0.228,0.211,,2026-07-29
of3_holo_MAPK11_065dce7a,MAPK11,af3_holo_iptm,0.228,0.201,,2026-07-29
of3_holo_MAPK11_cc70021f,MAPK11,af3_holo_iptm,0.228,0.219,,2026-07-29
of3_holo_MAPK11_ffc1a1f5,MAPK11,af3_holo_iptm,0.228,0.192,,2026-07-29
of3_holo_MAPKAPK2_57ec81d9,MAPKAPK2,af3_holo_iptm,0.227,0.212,,2026-07-29
of3_holo_MAPK11_c74256e8,MAPK11,af3_holo_iptm,0.227,0.200,,2026-07-29
of3_holo_MAPK14_f0197b8a,MAPK14,af3_holo_iptm,0.227,0.210,,2026-07-29
of3_holo_MAPK14_6464bea6,MAPK14,af3_holo_iptm,0.227,0.189,,2026-07-29
of3_holo_KEAP1_2ecca39a,KEAP1,af3_holo_iptm,0.227,0.450,,2026-07-29
of3_holo_MAPKAPK2_08abac39,MAPKAPK2,af3_holo_iptm,0.227,0.223,,2026-07-29
of3_holo_MAPK11_77d8b1ef,MAPK11,af3_holo_iptm,0.227,0.199,,2026-07-29
of3_holo_MAPK14_33a23d82,MAPK14,af3_holo_iptm,0.227,0.206,,2026-07-29
of3_holo_KEAP1_846269e3,KEAP1,af3_holo_iptm,0.227,0.456,,2026-07-29
of3_holo_MAPK14_9e3a2766,MAPK14,af3_holo_iptm,0.227,0.212,,2026-07-29
of3_holo_MAPK14_add14f6c,MAPK14,af3_holo_iptm,0.227,0.205,,2026-08-02
of3_holo_DNM1L_0018a590,DNM1L,af3_holo_iptm,0.227,0.207,,2026-07-29
of3_holo_MAPK11_29c7c93f,MAPK11,af3_holo_iptm,0.226,0.215,,2026-07-29
of3_holo_MAPK14_f883fc9f,MAPK14,af3_holo_iptm,0.226,0.211,,2026-07-29
of3_holo_MAPK11_33499140,MAPK11,af3_holo_iptm,0.226,0.219,,2026-07-29
of3_holo_MAPK14_1efb2bb5,MAPK14,af3_holo_iptm,0.226,0.201,,2026-07-29
of3_holo_MAPK13_bc4412ef,MAPK13,af3_holo_iptm,0.226,0.195,,2026-07-29
of3_holo_KEAP1_05d24cde,KEAP1,af3_holo_iptm,0.226,0.461,,2026-08-02
of3_holo_MAPKAPK2_67f13f31,MAPKAPK2,af3_holo_iptm,0.226,0.212,,2026-07-29
of3_holo_MAPK13_e027b2b1,MAPK13,af3_holo_iptm,0.226,0.220,,2026-07-29
of3_holo_MAPK14_fb7088cb,MAPK14,af3_holo_iptm,0.226,0.243,,2026-07-29
of3_holo_KEAP1_04a90453,KEAP1,af3_holo_iptm,0.226,0.450,,2026-07-29
of3_holo_KEAP1_8bb77b44,KEAP1,af3_holo_iptm,0.226,0.453,,2026-07-29
of3_holo_MAPK14_826c6dd3,MAPK14,af3_holo_iptm,0.226,0.197,,2026-08-02
of3_holo_MAPK11_736ee20b,MAPK11,af3_holo_iptm,0.226,0.196,,2026-07-29
of3_holo_MAPK11_913f638f,MAPK11,af3_holo_iptm,0.226,0.196,,2026-07-29
of3_holo_MAPK14_0ea7dc59,MAPK14,af3_holo_iptm,0.226,0.188,,2026-07-29
of3_holo_MAPK14_640e1155,MAPK14,af3_holo_iptm,0.226,0.200,,2026-07-29
of3_holo_MAPKAPK2_23973f04,MAPKAPK2,af3_holo_iptm,0.226,0.215,,2026-08-02
of3_holo_MAPK11_a992cc9e,MAPK11,af3_holo_iptm,0.226,0.194,,2026-07-29
of3_holo_MAPK14_2b72504a,MAPK14,af3_holo_iptm,0.226,0.196,,2026-07-29
of3_holo_MAPKAPK2_45819f38,MAPKAPK2,af3_holo_iptm,0.226,0.224,,2026-08-02
of3_holo_MAPK11_37e1de2a,MAPK11,af3_holo_iptm,0.226,0.194,,2026-07-29
of3_holo_KEAP1_ea1c3f90,KEAP1,af3_holo_iptm,0.226,0.467,,2026-07-29
of3_holo_MAPK14_cc385c82,MAPK14,af3_holo_iptm,0.226,0.195,,2026-07-29
of3_holo_MAPK14_ee7b5045,MAPK14,af3_holo_iptm,0.226,0.211,,2026-07-29
of3_holo_KEAP1_da520b87,KEAP1,af3_holo_iptm,0.226,0.454,,2026-08-02
of3_holo_KEAP1_91c4eff9,KEAP1,af3_holo_iptm,0.226,0.456,,2026-07-29
of3_holo_KEAP1_4a00ba92,KEAP1,af3_holo_iptm,0.226,0.456,,2026-08-02
of3_holo_KEAP1_6972356d,KEAP1,af3_holo_iptm,0.226,0.451,,2026-08-02
of3_holo_MAPK11_b105e2de,MAPK11,af3_holo_iptm,0.226,0.204,,2026-07-29
of3_holo_MAPK14_79b324b9,MAPK14,af3_holo_iptm,0.225,0.200,,2026-07-29
of3_holo_MAPK14_917f4535,MAPK14,af3_holo_iptm,0.225,0.209,,2026-07-29
of3_holo_MAPK14_03e026a7,MAPK14,af3_holo_iptm,0.225,0.242,,2026-07-29
of3_holo_KEAP1_8460b753,KEAP1,af3_holo_iptm,0.225,0.451,,2026-08-01
of3_holo_MAPK11_ea95d125,MAPK11,af3_holo_iptm,0.225,0.194,,2026-07-29
of3_holo_MAPK14_31b07304,MAPK14,af3_holo_iptm,0.225,0.211,,2026-07-29
of3_holo_KEAP1_930709f4,KEAP1,af3_holo_iptm,0.225,0.460,,2026-08-02
of3_holo_MAPK13_fa981423,MAPK13,af3_holo_iptm,0.225,0.222,,2026-07-29
of3_holo_KEAP1_c3922fac,KEAP1,af3_holo_iptm,0.225,0.446,,2026-07-29
of3_holo_MAPKAPK2_057a6791,MAPKAPK2,af3_holo_iptm,0.225,0.199,,2026-08-02
of3_holo_MAPK14_b2e3bbee,MAPK14,af3_holo_iptm,0.225,0.206,,2026-07-29
of3_holo_MAPK14_061dce37,MAPK14,af3_holo_iptm,0.225,0.214,,2026-07-29
of3_holo_MAPK14_4ef3fa9c,MAPK14,af3_holo_iptm,0.225,0.204,,2026-07-29
of3_holo_MAPK14_2f9eca6f,MAPK14,af3_holo_iptm,0.225,0.200,,2026-07-29
of3_holo_MAPK11_7f1875b3,MAPK11,af3_holo_iptm,0.225,0.194,,2026-07-29
of3_holo_MAPK12_d67a0838,MAPK12,af3_holo_iptm,0.225,0.226,,2026-07-29
of3_holo_MAPK11_7120e31b,MAPK11,af3_holo_iptm,0.225,0.198,,2026-07-29
of3_holo_MAPK14_5b6a7f3f,MAPK14,af3_holo_iptm,0.225,0.182,,2026-07-29
of3_holo_MAPK13_32139151,MAPK13,af3_holo_iptm,0.225,0.193,,2026-07-29
of3_holo_MAPK14_57d04205,MAPK14,af3_holo_iptm,0.225,0.212,,2026-07-29
of3_holo_MAPK14_f8f9b9ba,MAPK14,af3_holo_iptm,0.225,0.203,,2026-07-29
of3_holo_DNM1L_89d96bed,DNM1L,af3_holo_iptm,0.225,0.186,,2026-07-29
of3_holo_MAPK14_0976d6e5,MAPK14,af3_holo_iptm,0.225,0.185,,2026-07-29
of3_holo_MAPK14_6556f74f,MAPK14,af3_holo_iptm,0.225,0.189,,2026-07-29
of3_holo_KEAP1_8f63e2d4,KEAP1,af3_holo_iptm,0.224,0.458,,2026-07-29
of3_holo_MAPK14_953013d0,MAPK14,af3_holo_iptm,0.224,0.179,,2026-07-29
of3_holo_MAPK14_25a3cb4c,MAPK14,af3_holo_iptm,0.224,0.182,,2026-07-29
of3_holo_MAPK11_a5aeac18,MAPK11,af3_holo_iptm,0.224,0.250,,2026-07-29
of3_holo_MAPKAPK2_24c7b7fa,MAPKAPK2,af3_holo_iptm,0.224,0.206,,2026-08-02
of3_holo_MAPK13_3c64f50e,MAPK13,af3_holo_iptm,0.224,0.215,,2026-07-29
of3_holo_MAPK11_bba56a25,MAPK11,af3_holo_iptm,0.224,0.198,,2026-07-29
of3_holo_MAPK11_85034711,MAPK11,af3_holo_iptm,0.224,0.200,,2026-07-29
of3_holo_MAPK11_6489fa03,MAPK11,af3_holo_iptm,0.224,0.195,,2026-07-29
of3_holo_MAPK12_adf8a55a,MAPK12,af3_holo_iptm,0.224,0.202,,2026-07-29
of3_holo_MAPK11_e4a9e148,MAPK11,af3_holo_iptm,0.224,0.193,,2026-07-29
of3_holo_KEAP1_4d8ad6e6,KEAP1,af3_holo_iptm,0.224,0.450,,2026-07-29
of3_holo_MAPK13_e909d675,MAPK13,af3_holo_iptm,0.224,0.212,,2026-07-29
of3_holo_MAPKAPK2_bd0fa02f,MAPKAPK2,af3_holo_iptm,0.224,0.212,,2026-07-29
of3_holo_MAPK13_fb2d85d7,MAPK13,af3_holo_iptm,0.224,0.216,,2026-07-29
of3_holo_MAPK11_875b33c5,MAPK11,af3_holo_iptm,0.224,0.265,,2026-07-29
of3_holo_MAPK11_91ef3cad,MAPK11,af3_holo_iptm,0.224,0.204,,2026-07-29
of3_holo_MAPKAPK2_cadd53a2,MAPKAPK2,af3_holo_iptm,0.224,0.224,,2026-07-29
of3_holo_MAPK12_d0c2e9a7,MAPK12,af3_holo_iptm,0.223,0.212,,2026-07-29
of3_holo_MAPK14_5ff51e6e,MAPK14,af3_holo_iptm,0.223,0.204,,2026-07-29
of3_holo_MAPKAPK2_52e80cd1,MAPKAPK2,af3_holo_iptm,0.223,0.205,,2026-07-29
of3_holo_MAPKAPK2_f39cb4da,MAPKAPK2,af3_holo_iptm,0.223,0.218,,2026-07-29
of3_holo_MAPK14_668368ea,MAPK14,af3_holo_iptm,0.223,0.203,,2026-07-29
of3_holo_MAPK11_f87556c6,MAPK11,af3_holo_iptm,0.223,0.211,,2026-07-29
of3_holo_MAPK11_5f36eecc,MAPK11,af3_holo_iptm,0.223,0.204,,2026-07-29
of3_holo_MAPK14_9d424235,MAPK14,af3_holo_iptm,0.223,0.194,,2026-08-02
of3_holo_MAPK11_137e9851,MAPK11,af3_holo_iptm,0.223,0.211,,2026-07-29
of3_holo_KEAP1_715b8d38,KEAP1,af3_holo_iptm,0.223,0.449,,2026-07-29
of3_holo_KEAP1_156b1de1,KEAP1,af3_holo_iptm,0.223,0.459,,2026-07-29
of3_holo_MAPK11_13b8891b,MAPK11,af3_holo_iptm,0.223,0.246,,2026-07-29
of3_holo_DNM1L_c7000b68,DNM1L,af3_holo_iptm,0.223,0.194,,2026-07-29
of3_holo_MAPK14_2508f764,MAPK14,af3_holo_iptm,0.223,0.204,,2026-07-29
of3_holo_MAPK11_30d4e862,MAPK11,af3_holo_iptm,0.223,0.198,,2026-07-29
of3_holo_MAPK12_64b12013,MAPK12,af3_holo_iptm,0.223,0.223,,2026-07-29
of3_holo_DNM1L_63a8f169,DNM1L,af3_holo_iptm,0.223,0.190,,2026-07-29
of3_holo_MAPK13_ef8ce411,MAPK13,af3_holo_iptm,0.223,0.211,,2026-07-29
of3_holo_MAPKAPK2_e3ad4f36,MAPKAPK2,af3_holo_iptm,0.223,0.221,,2026-07-29
of3_holo_KEAP1_1b576229,KEAP1,af3_holo_iptm,0.223,0.457,,2026-08-02
of3_holo_KEAP1_7a52b4d8,KEAP1,af3_holo_iptm,0.223,0.453,,2026-07-29
of3_holo_KEAP1_bf29677b,KEAP1,af3_holo_iptm,0.222,0.453,,2026-07-29
of3_holo_MAPK11_011c1e13,MAPK11,af3_holo_iptm,0.222,0.198,,2026-07-29
of3_holo_MAPK12_5b81e321,MAPK12,af3_holo_iptm,0.222,0.210,,2026-07-29
of3_holo_MAPKAPK2_3f87bbcb,MAPKAPK2,af3_holo_iptm,0.222,0.206,,2026-08-02
of3_holo_MAPK11_b9cd21af,MAPK11,af3_holo_iptm,0.222,0.227,,2026-07-29
of3_holo_KEAP1_6444b252,KEAP1,af3_holo_iptm,0.222,0.450,,2026-08-02
of3_holo_MAPK14_7c2a3df8,MAPK14,af3_holo_iptm,0.222,0.195,,2026-07-29
of3_holo_MAPK11_4da61f2f,MAPK11,af3_holo_iptm,0.222,0.224,,2026-07-29
of3_holo_KEAP1_216d62df,KEAP1,af3_holo_iptm,0.222,0.456,,2026-07-29
of3_holo_MAPK13_d5d17adc,MAPK13,af3_holo_iptm,0.222,0.226,,2026-07-29
of3_holo_KEAP1_38e4ccb6,KEAP1,af3_holo_iptm,0.222,0.454,,2026-08-02
of3_holo_MAPK11_f4f53f90,MAPK11,af3_holo_iptm,0.222,0.214,,2026-07-29
of3_holo_MAPK11_4d0eab3e,MAPK11,af3_holo_iptm,0.222,0.253,,2026-07-29
of3_holo_MAPK14_2d53555d,MAPK14,af3_holo_iptm,0.222,0.204,,2026-08-02
of3_holo_KEAP1_6b7e83a2,KEAP1,af3_holo_iptm,0.222,0.454,,2026-08-02
of3_holo_MAPK14_8c3df3cd,MAPK14,af3_holo_iptm,0.222,0.197,,2026-07-29
of3_holo_KEAP1_582ef0dd,KEAP1,af3_holo_iptm,0.222,0.452,,2026-07-29
of3_holo_MAPK11_9679b5c3,MAPK11,af3_holo_iptm,0.222,0.243,,2026-07-29
of3_holo_MAPK14_f33f3631,MAPK14,af3_holo_iptm,0.222,0.190,,2026-07-29
of3_holo_MAPK13_5627e3f6,MAPK13,af3_holo_iptm,0.222,0.227,,2026-07-29
of3_holo_MAPKAPK2_6ab0767f,MAPKAPK2,af3_holo_iptm,0.222,0.219,,2026-07-29
of3_holo_DNM1L_51bc126c,DNM1L,af3_holo_iptm,0.222,0.182,,2026-07-29
of3_holo_MAPKAPK2_3fde8947,MAPKAPK2,af3_holo_iptm,0.222,0.214,,2026-08-02
of3_holo_MAPKAPK2_b7fde690,MAPKAPK2,af3_holo_iptm,0.222,0.213,,2026-07-29
of3_holo_MAPK14_5be0bc93,MAPK14,af3_holo_iptm,0.222,0.219,,2026-07-29
of3_holo_MAPK14_96b85e50,MAPK14,af3_holo_iptm,0.222,0.205,,2026-07-29
of3_holo_KEAP1_992f468a,KEAP1,af3_holo_iptm,0.222,0.446,,2026-08-02
of3_holo_MAPK14_bf817a14,MAPK14,af3_holo_iptm,0.221,0.194,,2026-07-29
of3_holo_KEAP1_e3edac28,KEAP1,af3_holo_iptm,0.221,0.456,,2026-08-02
of3_holo_MAPKAPK2_40a548cf,MAPKAPK2,af3_holo_iptm,0.221,0.219,,2026-07-29
of3_holo_MAPKAPK2_ce6e1cd0,MAPKAPK2,af3_holo_iptm,0.221,0.202,,2026-08-02
of3_holo_MAPK11_586c8860,MAPK11,af3_holo_iptm,0.221,0.201,,2026-07-29
of3_holo_KEAP1_637a5e80,KEAP1,af3_holo_iptm,0.221,0.456,,2026-08-02
of3_holo_KEAP1_cf89cea8,KEAP1,af3_holo_iptm,0.221,0.460,,2026-08-02
of3_holo_DNM1L_3901ea1b,DNM1L,af3_holo_iptm,0.221,0.182,,2026-07-30
of3_holo_MAPK14_e99dfcaf,MAPK14,af3_holo_iptm,0.221,0.203,,2026-07-29
of3_holo_MAPK11_2d84d804,MAPK11,af3_holo_iptm,0.221,0.203,,2026-07-29
of3_holo_MAPK14_f93d4cf9,MAPK14,af3_holo_iptm,0.221,0.211,,2026-07-29
of3_holo_MAPK11_e581a568,MAPK11,af3_holo_iptm,0.221,0.256,,2026-07-29
of3_holo_MAPK11_4cb1ee22,MAPK11,af3_holo_iptm,0.221,0.196,,2026-07-29
of3_holo_MAPK11_4c19c5a9,MAPK11,af3_holo_iptm,0.221,0.233,,2026-07-29
of3_holo_KEAP1_44c98c65,KEAP1,af3_holo_iptm,0.221,0.452,,2026-07-29
of3_holo_MAPK11_9cb2fa1f,MAPK11,af3_holo_iptm,0.221,0.196,,2026-07-29
of3_holo_MAPK13_2a837466,MAPK13,af3_holo_iptm,0.221,0.215,,2026-07-29
of3_holo_MAPK13_af1c3313,MAPK13,af3_holo_iptm,0.221,0.207,,2026-07-29
of3_holo_MAPKAPK2_af3631bf,MAPKAPK2,af3_holo_iptm,0.221,0.203,,2026-07-29
of3_holo_MAPKAPK2_58d8a845,MAPKAPK2,af3_holo_iptm,0.221,0.210,,2026-07-29
of3_holo_MAPK13_fb172902,MAPK13,af3_holo_iptm,0.221,0.206,,2026-07-29
of3_holo_KEAP1_3dff06e5,KEAP1,af3_holo_iptm,0.221,0.450,,2026-08-02
of3_holo_KEAP1_15a53b17,KEAP1,af3_holo_iptm,0.221,0.455,,2026-08-02
of3_holo_MAPK11_833ad50d,MAPK11,af3_holo_iptm,0.221,0.191,,2026-07-29
of3_holo_KEAP1_0bb9ced5,KEAP1,af3_holo_iptm,0.221,0.447,,2026-08-02
of3_holo_KEAP1_876d0dc8,KEAP1,af3_holo_iptm,0.220,0.449,,2026-07-29
of3_holo_MAPKAPK2_a52f57d2,MAPKAPK2,af3_holo_iptm,0.220,0.212,,2026-07-29
of3_holo_MAPK11_7f70c571,MAPK11,af3_holo_iptm,0.220,0.229,,2026-07-29
of3_holo_MAPK14_6ffde717,MAPK14,af3_holo_iptm,0.220,0.207,,2026-07-29
of3_holo_MAPK14_f31c33e1,MAPK14,af3_holo_iptm,0.220,0.205,,2026-07-29
of3_holo_MAPK11_586f3204,MAPK11,af3_holo_iptm,0.220,0.202,,2026-07-29
of3_holo_MAPK14_4e905b9b,MAPK14,af3_holo_iptm,0.220,0.209,,2026-07-29
of3_holo_KEAP1_e5ec2365,KEAP1,af3_holo_iptm,0.220,0.455,,2026-07-29
of3_holo_MAPK11_5b3f3a5d,MAPK11,af3_holo_iptm,0.220,0.216,,2026-07-29
of3_holo_KEAP1_151b895c,KEAP1,af3_holo_iptm,0.220,0.452,,2026-07-29
67_mapk13_x_mef2c,"",af3_iptm,0.220,0.450,0.500,2026-06-12
mettl14_x_smn1,"",af3_iptm,0.220,0.370,0.480,2026-07-03
mettl14_x_smn1,"",af3_iptm,0.220,0.370,0.480,2026-07-04
binder6545_agrn_x_agrn_lg3_1868_2065,"",af3_iptm,0.220,0.680,0.350,2026-07-24
a_x_b_61429b4d,"",af3_iptm,0.220,0.570,0.400,2026-07-31
a_x_b_f200c787,"",af3_iptm,0.220,0.270,0.240,2026-07-30
071_mapk9_x_foxo4,"",af3_iptm,0.220,0.430,0.530,2026-06-18
hif1a_bhlh_x_tet2_cat,"",af3_iptm,0.220,0.510,0.530,2026-05-14
03_smn1_x_gemin4_1_600,"",af3_iptm,0.220,0.620,0.430,2026-06-10
smn2_x_snrpa,"",af3_iptm,0.220,0.270,0.520,2026-07-08
rapsn_none_none_x_chrng_330_390,"",af3_iptm,0.220,0.750,0.400,2026-07-30
rhoa_x_rock1,"",af3_iptm,0.220,0.390,0.500,2026-05-21
mapk8_x_pou6f1,"",af3_iptm,0.220,0.400,0.500,2026-07-03
67_mapk13_x_mef2c,"",af3_iptm,0.220,0.450,0.500,2026-06-14
fgf2_x_smn1,"",af3_iptm,0.220,0.310,0.540,2026-07-04
smn1_x_tgs1,"",af3_iptm,0.220,0.370,0.520,2026-07-03
nmj_lrp4_b12_dimer_s42,"",af3_iptm,0.220,0.380,0.260,2026-08-15
lrp4_x_chrna1,"",af3_iptm,0.220,0.540,0.320,2026-05-22
40_hdac2_x_sap30,"",af3_iptm,0.220,0.580,0.440,2026-06-05
nmj_musk_fzcrd_x_dok7_s7,"",af3_iptm,0.220,0.390,0.460,2026-08-15
50_sirt1_x_foxo3,"",af3_iptm,0.220,0.350,0.580,2026-06-21
nmj_musk_ekto_dimer_s7_2,"",af3_iptm,0.220,0.340,0.280,2026-08-15
opa1_200_700_x_mfn1_none_none,"",af3_iptm,0.220,0.470,0.320,2026-07-29
pfn2_x_rock2,"",af3_iptm,0.220,0.340,0.440,2026-05-27
agrn_x_ws1bnone_1217_2,"",af3_iptm,0.220,0.640,0.300,2026-08-06
snrpd1_none_none_x_tp53_363_393,"",af3_iptm,0.220,0.510,0.520,2026-07-08
musk_312_450_x_wnt3a_none_none,"",af3_iptm,0.220,0.620,0.320,2026-07-29
22_dnm1l_x_fis1,"",af3_iptm,0.220,0.470,0.350,2026-06-21
pkm2_smn1,"",af3_iptm,0.220,0.610,0.440,2026-08-02
hnrnpa1_x_hnrnpu,"",af3_iptm,0.220,0.420,0.480,2026-05-22
hdac6_x_pfn2,"",af3_iptm,0.220,0.590,0.420,2026-05-29
hnrnpa1_x_smn2_2,"",af3_iptm,0.220,0.300,0.510,2026-08-06
a_x_b_0fbece50,"",af3_iptm,0.220,0.590,0.420,2026-07-31
ncald_x_rock1,"",af3_iptm,0.220,0.350,0.430,2026-05-23
mapk8_x_pou6f1,"",af3_iptm,0.220,0.400,0.500,2026-07-04
15_keap1_x_ptges3,"",af3_iptm,0.220,0.580,0.350,2026-06-14
ncald_x_dok7_14d9c2cd,"",af3_iptm,0.220,0.350,0.460,2026-06-28
smn1_x_srsf1,"",af3_iptm,0.220,0.260,0.510,2026-05-27
keap1_x_ws1bnone_1222,"",af3_iptm,0.220,0.810,0.340,2026-07-03
binder7449_lrp4_x_lrp4_beta1_prop_435_697,"",af3_iptm,0.220,0.710,0.320,2026-07-21
smn2_x_srsf1,"",af3_iptm,0.220,0.260,0.510,2026-05-21
senp2_x_smn1,"",af3_iptm,0.220,0.390,0.560,2026-07-03
erbb4_1_251_x_lrp4_751_1001,"",af3_iptm,0.220,0.550,0.310,2026-07-15
fgf2_x_smn1,"",af3_iptm,0.220,0.310,0.540,2026-07-03
binder6784_agrn_x_agrn_lg3_1868_2065,"",af3_iptm,0.220,0.590,0.350,2026-07-23
binder7048_agrn_x_agrn_lg3_1868_2065,"",af3_iptm,0.220,0.670,0.350,2026-07-23
bdnf_x_limk1,"",af3_iptm,0.220,0.420,0.380,2026-05-25
mapk14_x_elk1,"",af3_iptm,0.220,0.760,0.330,2026-06-30
23_stmn2_x_camk2a,"",af3_iptm,0.220,0.490,0.420,2026-06-14
igf1r_973_1281_x_smn1_90_159,"",af3_iptm,0.220,0.740,0.360,2026-07-15
rock1_x_pak1,"",af3_iptm,0.220,0.360,0.510,2026-05-21
binder6683_agrn_x_agrn_lg3_1868_2065,"",af3_iptm,0.220,0.590,0.320,2026-07-23
agrn_x_ws1bnone_1217,"",af3_iptm,0.220,0.640,0.300,2026-07-03
smn1_x_srsf1,"",af3_iptm,0.220,0.260,0.510,2026-05-21
hnrnpa1_x_smn2,"",af3_iptm,0.220,0.300,0.510,2026-07-15
of3_holo_KEAP1_05273667,KEAP1,af3_holo_iptm,0.220,0.448,,2026-08-01
of3_holo_MAPKAPK2_8387f074,MAPKAPK2,af3_holo_iptm,0.220,0.225,,2026-07-29
of3_holo_MAPK14_54fb9aa9,MAPK14,af3_holo_iptm,0.220,0.202,,2026-07-29
of3_holo_MAPK14_b773dbb6,MAPK14,af3_holo_iptm,0.220,0.198,,2026-07-29
of3_holo_MAPK14_ae206d3f,MAPK14,af3_holo_iptm,0.220,0.222,,2026-08-02
of3_holo_MAPKAPK2_d802469e,MAPKAPK2,af3_holo_iptm,0.220,0.214,,2026-07-29
of3_holo_MAPK11_db39b509,MAPK11,af3_holo_iptm,0.220,0.335,,2026-07-29
of3_holo_DNM1L_edd3ce29,DNM1L,af3_holo_iptm,0.220,0.192,,2026-07-29
of3_holo_DNM1L_d2323ee2,DNM1L,af3_holo_iptm,0.220,0.205,,2026-07-29
of3_holo_KEAP1_c92d6778,KEAP1,af3_holo_iptm,0.220,0.450,,2026-08-02
of3_holo_MAPK11_1d5de06e,MAPK11,af3_holo_iptm,0.220,0.236,,2026-07-29
of3_holo_MAPK14_ffa1ec1b,MAPK14,af3_holo_iptm,0.219,0.196,,2026-07-29
of3_holo_MAPK11_fa34c7ab,MAPK11,af3_holo_iptm,0.219,0.240,,2026-07-29
of3_holo_MAPK11_4a6278a5,MAPK11,af3_holo_iptm,0.219,0.218,,2026-07-29
of3_holo_MAPK11_36434461,MAPK11,af3_holo_iptm,0.219,0.315,,2026-07-29
of3_holo_DNM1L_3611205f,DNM1L,af3_holo_iptm,0.219,0.193,,2026-07-29
of3_holo_MAPK14_fe8bc679,MAPK14,af3_holo_iptm,0.219,0.206,,2026-07-29
of3_holo_MAPK11_42a19588,MAPK11,af3_holo_iptm,0.219,0.217,,2026-07-29
of3_holo_MAPK11_5d7a9b63,MAPK11,af3_holo_iptm,0.219,0.210,,2026-07-29
of3_holo_MAPK11_62be3239,MAPK11,af3_holo_iptm,0.219,0.200,,2026-07-29
of3_holo_MAPK14_b620ddfc,MAPK14,af3_holo_iptm,0.219,0.212,,2026-07-29
of3_holo_MAPKAPK2_298e9ed9,MAPKAPK2,af3_holo_iptm,0.219,0.202,,2026-07-29
of3_holo_MAPKAPK2_5ac0ce43,MAPKAPK2,af3_holo_iptm,0.219,0.199,,2026-08-02
of3_holo_MAPK11_9012cfaf,MAPK11,af3_holo_iptm,0.219,0.198,,2026-07-29
of3_holo_MAPK14_105d922c,MAPK14,af3_holo_iptm,0.219,0.191,,2026-07-29
of3_holo_KEAP1_7d4aa762,KEAP1,af3_holo_iptm,0.219,0.460,,2026-08-01
of3_holo_KEAP1_f9a162c3,KEAP1,af3_holo_iptm,0.219,0.454,,2026-07-29
of3_holo_MAPK14_3afeac23,MAPK14,af3_holo_iptm,0.219,0.198,,2026-08-02
of3_holo_KEAP1_286e4eb2,KEAP1,af3_holo_iptm,0.219,0.453,,2026-07-29
of3_holo_KEAP1_9bb798d3,KEAP1,af3_holo_iptm,0.219,0.451,,2026-08-02
of3_holo_MAPK14_44699535,MAPK14,af3_holo_iptm,0.219,0.201,,2026-07-29
of3_holo_KEAP1_f500cd2d,KEAP1,af3_holo_iptm,0.219,0.452,,2026-08-02
of3_holo_MAPK11_67c707ed,MAPK11,af3_holo_iptm,0.219,0.231,,2026-07-29
of3_holo_MAPKAPK2_9c40eaf5,MAPKAPK2,af3_holo_iptm,0.219,0.207,,2026-08-02
of3_holo_MAPK11_3e697cc4,MAPK11,af3_holo_iptm,0.219,0.204,,2026-07-29
of3_holo_DNM1L_ca58d0c9,DNM1L,af3_holo_iptm,0.219,0.203,,2026-08-11
of3_holo_MAPKAPK2_530a816c,MAPKAPK2,af3_holo_iptm,0.218,0.204,,2026-07-29
of3_holo_MAPK12_f0f24e7b,MAPK12,af3_holo_iptm,0.218,0.230,,2026-07-29
of3_holo_MAPK14_724594d0,MAPK14,af3_holo_iptm,0.218,0.198,,2026-07-29
of3_holo_MAPK14_8ad8a5a1,MAPK14,af3_holo_iptm,0.218,0.197,,2026-08-02
of3_holo_KEAP1_03f07a1a,KEAP1,af3_holo_iptm,0.218,0.447,,2026-08-02
of3_holo_MAPK11_d85df764,MAPK11,af3_holo_iptm,0.218,0.221,,2026-07-29
of3_holo_MAPK12_15f60144,MAPK12,af3_holo_iptm,0.218,0.257,,2026-07-29
of3_holo_MAPK11_17892174,MAPK11,af3_holo_iptm,0.218,0.217,,2026-07-29
of3_holo_MAPK13_e7ecff59,MAPK13,af3_holo_iptm,0.218,0.229,,2026-07-29
of3_holo_MAPK11_2b6bb499,MAPK11,af3_holo_iptm,0.218,0.210,,2026-07-29
of3_holo_MAPK14_28f787ad,MAPK14,af3_holo_iptm,0.218,0.197,,2026-07-29
of3_holo_MAPK11_a9a86ee3,MAPK11,af3_holo_iptm,0.218,0.215,,2026-07-29
of3_holo_MAPK14_febb5c66,MAPK14,af3_holo_iptm,0.218,0.225,,2026-07-29
of3_holo_KEAP1_d5e75a0f,KEAP1,af3_holo_iptm,0.218,0.449,,2026-07-31
of3_holo_MAPK14_0ae8f18c,MAPK14,af3_holo_iptm,0.218,0.208,,2026-07-29
of3_holo_KEAP1_9b5284af,KEAP1,af3_holo_iptm,0.218,0.449,,2026-08-02
of3_holo_MAPK11_80632c36,MAPK11,af3_holo_iptm,0.218,0.191,,2026-07-29
of3_holo_MAPK11_11bff82d,MAPK11,af3_holo_iptm,0.217,0.195,,2026-07-29
of3_holo_MAPK11_46fd17a6,MAPK11,af3_holo_iptm,0.217,0.233,,2026-07-29
of3_holo_MAPK14_44070a4d,MAPK14,af3_holo_iptm,0.217,0.229,,2026-07-29
of3_holo_KEAP1_22627c76,KEAP1,af3_holo_iptm,0.217,0.453,,2026-08-02
of3_holo_MAPK14_9f1fcd9a,MAPK14,af3_holo_iptm,0.217,0.177,,2026-07-29
of3_holo_MAPK11_cf667181,MAPK11,af3_holo_iptm,0.217,0.196,,2026-07-29
of3_holo_MAPKAPK2_b3753beb,MAPKAPK2,af3_holo_iptm,0.217,0.217,,2026-07-29
of3_holo_MAPKAPK2_d1af6343,MAPKAPK2,af3_holo_iptm,0.217,0.213,,2026-07-29
of3_holo_KEAP1_2173880b,KEAP1,af3_holo_iptm,0.217,0.452,,2026-08-02
of3_holo_MAPK11_9e6621b4,MAPK11,af3_holo_iptm,0.217,0.256,,2026-07-29
of3_holo_KEAP1_ee1f1fc8,KEAP1,af3_holo_iptm,0.217,0.451,,2026-08-01
of3_holo_KEAP1_2f30f73a,KEAP1,af3_holo_iptm,0.217,0.448,,2026-08-02
of3_holo_KEAP1_3ae9fd87,KEAP1,af3_holo_iptm,0.217,0.449,,2026-07-29
of3_holo_MAPK11_8e0c556e,MAPK11,af3_holo_iptm,0.217,0.194,,2026-07-29
of3_holo_MAPK14_c888662c,MAPK14,af3_holo_iptm,0.217,0.210,,2026-07-29
of3_holo_KEAP1_2863adb7,KEAP1,af3_holo_iptm,0.217,0.452,,2026-07-29
of3_holo_MAPK11_36503c2e,MAPK11,af3_holo_iptm,0.217,0.243,,2026-07-29
of3_holo_MAPK14_497d0229,MAPK14,af3_holo_iptm,0.217,0.216,,2026-07-29
of3_holo_MAPK13_0ff134a1,MAPK13,af3_holo_iptm,0.217,0.213,,2026-07-29
of3_holo_KEAP1_2f2d37e1,KEAP1,af3_holo_iptm,0.217,0.461,,2026-07-29
of3_holo_MAPK11_38237da8,MAPK11,af3_holo_iptm,0.217,0.214,,2026-07-29
of3_holo_MAPK11_271393ed,MAPK11,af3_holo_iptm,0.217,0.195,,2026-07-29
of3_holo_MAPK14_d867b6af,MAPK14,af3_holo_iptm,0.217,0.215,,2026-07-29
of3_holo_MAPK14_45509382,MAPK14,af3_holo_iptm,0.216,0.196,,2026-07-29
of3_holo_MAPK11_e1ec7dfe,MAPK11,af3_holo_iptm,0.216,0.199,,2026-07-29
of3_holo_MAPK14_79ad8727,MAPK14,af3_holo_iptm,0.216,0.203,,2026-07-29
of3_holo_MAPK11_4999dce0,MAPK11,af3_holo_iptm,0.216,0.197,,2026-07-29
of3_holo_MAPK14_7aab219b,MAPK14,af3_holo_iptm,0.216,0.201,,2026-07-29
of3_holo_MAPKAPK2_83c4be46,MAPKAPK2,af3_holo_iptm,0.216,0.214,,2026-08-02
of3_holo_MAPKAPK2_2861737d,MAPKAPK2,af3_holo_iptm,0.216,0.214,,2026-07-29
of3_holo_MAPK11_a4667bc2,MAPK11,af3_holo_iptm,0.216,0.207,,2026-07-29
of3_holo_MAPK11_4e90afc5,MAPK11,af3_holo_iptm,0.216,0.191,,2026-07-29
of3_holo_MAPK11_ae999082,MAPK11,af3_holo_iptm,0.216,0.263,,2026-07-29
of3_holo_DNM1L_c501d112,DNM1L,af3_holo_iptm,0.216,0.208,,2026-07-29
of3_holo_KEAP1_623007e7,KEAP1,af3_holo_iptm,0.216,0.455,,2026-08-02
of3_holo_MAPK14_f4f52626,MAPK14,af3_holo_iptm,0.216,0.217,,2026-07-29
of3_holo_MAPKAPK2_3e8749bf,MAPKAPK2,af3_holo_iptm,0.216,0.212,,2026-07-29
of3_holo_KEAP1_bd53eae3,KEAP1,af3_holo_iptm,0.216,0.455,,2026-08-02
of3_holo_KEAP1_c62a7eca,KEAP1,af3_holo_iptm,0.216,0.459,,2026-08-02
of3_holo_MAPK11_af75baf5,MAPK11,af3_holo_iptm,0.216,0.206,,2026-07-29
of3_holo_MAPK14_6db4c512,MAPK14,af3_holo_iptm,0.216,0.219,,2026-07-29
of3_holo_MAPK11_9a587288,MAPK11,af3_holo_iptm,0.216,0.193,,2026-07-29
of3_holo_KEAP1_60d1cd81,KEAP1,af3_holo_iptm,0.216,0.452,,2026-07-29
of3_holo_MAPK14_27d50a57,MAPK14,af3_holo_iptm,0.216,0.200,,2026-07-29
of3_holo_KEAP1_a444f872,KEAP1,af3_holo_iptm,0.216,0.454,,2026-08-02
of3_holo_MAPK11_260bcdbe,MAPK11,af3_holo_iptm,0.216,0.204,,2026-07-29
of3_holo_MAPK14_6a295134,MAPK14,af3_holo_iptm,0.215,0.216,,2026-07-29
of3_holo_KEAP1_be0e73c6,KEAP1,af3_holo_iptm,0.215,0.458,,2026-07-29
of3_holo_MAPK11_b57a3188,MAPK11,af3_holo_iptm,0.215,0.196,,2026-07-29
of3_holo_MAPKAPK2_5def4353,MAPKAPK2,af3_holo_iptm,0.215,0.202,,2026-08-02
of3_holo_MAPK14_a933c3ba,MAPK14,af3_holo_iptm,0.215,0.187,,2026-07-29
of3_holo_KEAP1_33a5a2e0,KEAP1,af3_holo_iptm,0.215,0.451,,2026-07-29
of3_holo_MAPKAPK2_c2f9ae81,MAPKAPK2,af3_holo_iptm,0.215,0.203,,2026-07-29
of3_holo_MAPKAPK2_61996142,MAPKAPK2,af3_holo_iptm,0.215,0.213,,2026-08-02
of3_holo_DNM1L_809dfe25,DNM1L,af3_holo_iptm,0.215,0.188,,2026-08-11
of3_holo_MAPK14_b902d7b6,MAPK14,af3_holo_iptm,0.215,0.190,,2026-07-29
of3_holo_KEAP1_0604ffd5,KEAP1,af3_holo_iptm,0.215,0.454,,2026-07-29
of3_holo_MAPK11_61dabedd,MAPK11,af3_holo_iptm,0.215,0.194,,2026-07-29
of3_holo_MAPK11_0f097ccb,MAPK11,af3_holo_iptm,0.215,0.208,,2026-07-29
of3_holo_MAPK13_3ae82a5a,MAPK13,af3_holo_iptm,0.215,0.218,,2026-07-29
of3_holo_DNM1L_58a7c32d,DNM1L,af3_holo_iptm,0.215,0.186,,2026-07-29
of3_holo_MAPK14_6fcaadc8,MAPK14,af3_holo_iptm,0.215,0.215,,2026-07-29
of3_holo_KEAP1_77b99e68,KEAP1,af3_holo_iptm,0.215,0.453,,2026-07-29
of3_holo_MAPK11_5605d519,MAPK11,af3_holo_iptm,0.215,0.211,,2026-07-29
of3_holo_DNM1L_47e95b38,DNM1L,af3_holo_iptm,0.215,0.194,,2026-07-29
of3_holo_MAPK11_73f83b22,MAPK11,af3_holo_iptm,0.215,0.239,,2026-07-29
of3_holo_KEAP1_d88fc888,KEAP1,af3_holo_iptm,0.215,0.452,,2026-07-29
of3_holo_MAPK11_f82a5574,MAPK11,af3_holo_iptm,0.215,0.220,,2026-07-29
of3_holo_MAPK14_84cb834d,MAPK14,af3_holo_iptm,0.215,0.194,,2026-08-02
of3_holo_MAPK11_f1484ff5,MAPK11,af3_holo_iptm,0.215,0.195,,2026-07-29
of3_holo_MAPKAPK2_d452142b,MAPKAPK2,af3_holo_iptm,0.215,0.212,,2026-07-29
of3_holo_MAPKAPK2_903d671a,MAPKAPK2,af3_holo_iptm,0.215,0.217,,2026-08-02
of3_holo_MAPK12_050b24dd,MAPK12,af3_holo_iptm,0.215,0.205,,2026-07-29
of3_holo_MAPK14_9a1721f9,MAPK14,af3_holo_iptm,0.215,0.183,,2026-07-29
of3_holo_MAPK11_d078f6ce,MAPK11,af3_holo_iptm,0.215,0.193,,2026-07-29
of3_holo_KEAP1_800c3459,KEAP1,af3_holo_iptm,0.214,0.457,,2026-08-02
of3_holo_MAPK11_8b3ec0a7,MAPK11,af3_holo_iptm,0.214,0.199,,2026-07-29
of3_holo_KEAP1_6dd39e19,KEAP1,af3_holo_iptm,0.214,0.453,,2026-07-29
of3_holo_MAPK14_af739a3c,MAPK14,af3_holo_iptm,0.214,0.181,,2026-08-02
of3_holo_MAPK11_0980c176,MAPK11,af3_holo_iptm,0.214,0.241,,2026-07-29
of3_holo_MAPK11_2ca52089,MAPK11,af3_holo_iptm,0.214,0.193,,2026-07-29
of3_holo_MAPK14_863f10db,MAPK14,af3_holo_iptm,0.214,0.204,,2026-07-29
of3_holo_MAPKAPK2_eb7a25dc,MAPKAPK2,af3_holo_iptm,0.214,0.216,,2026-07-29
of3_holo_MAPK11_a20506a8,MAPK11,af3_holo_iptm,0.214,0.214,,2026-07-29
of3_holo_KEAP1_892a6f63,KEAP1,af3_holo_iptm,0.214,0.452,,2026-07-29
of3_holo_MAPK14_e99c83d1,MAPK14,af3_holo_iptm,0.214,0.180,,2026-07-29
of3_holo_MAPK14_5614ee97,MAPK14,af3_holo_iptm,0.214,0.201,,2026-07-29
of3_holo_MAPK13_9230873a,MAPK13,af3_holo_iptm,0.214,0.229,,2026-07-29
of3_holo_MAPKAPK2_8824e7f2,MAPKAPK2,af3_holo_iptm,0.214,0.211,,2026-07-29
of3_holo_MAPK11_d06c23e6,MAPK11,af3_holo_iptm,0.214,0.191,,2026-07-29
of3_holo_KEAP1_99c8f182,KEAP1,af3_holo_iptm,0.214,0.446,,2026-08-01
of3_holo_MAPKAPK2_12cba781,MAPKAPK2,af3_holo_iptm,0.214,0.216,,2026-07-29
of3_holo_KEAP1_2fb8b004,KEAP1,af3_holo_iptm,0.213,0.447,,2026-07-29
of3_holo_MAPKAPK2_47c0fb79,MAPKAPK2,af3_holo_iptm,0.213,0.213,,2026-07-29
of3_holo_MAPKAPK2_ead6da71,MAPKAPK2,af3_holo_iptm,0.213,0.217,,2026-07-29
of3_holo_MAPK14_798d6cbe,MAPK14,af3_holo_iptm,0.213,0.204,,2026-07-29
of3_holo_KEAP1_68afe162,KEAP1,af3_holo_iptm,0.213,0.451,,2026-07-29
of3_holo_KEAP1_201a0660,KEAP1,af3_holo_iptm,0.213,0.450,,2026-08-02
of3_holo_MAPK11_c05d7e53,MAPK11,af3_holo_iptm,0.213,0.229,,2026-07-29
of3_holo_MAPK14_b3dd7859,MAPK14,af3_holo_iptm,0.213,0.193,,2026-07-29
of3_holo_MAPK11_2f507ff3,MAPK11,af3_holo_iptm,0.213,0.192,,2026-07-29
of3_holo_MAPK14_1062b89b,MAPK14,af3_holo_iptm,0.213,0.197,,2026-07-29
of3_holo_MAPKAPK2_39573a2f,MAPKAPK2,af3_holo_iptm,0.213,0.219,,2026-07-29
of3_holo_MAPK11_8e270a63,MAPK11,af3_holo_iptm,0.213,0.211,,2026-07-29
of3_holo_KEAP1_4c2cdacc,KEAP1,af3_holo_iptm,0.213,0.450,,2026-07-29
of3_holo_MAPK14_5eae4a20,MAPK14,af3_holo_iptm,0.213,0.203,,2026-08-02
of3_holo_MAPK11_cd5f3549,MAPK11,af3_holo_iptm,0.213,0.245,,2026-07-29
of3_holo_MAPK11_3bc789bf,MAPK11,af3_holo_iptm,0.213,0.195,,2026-07-29
of3_holo_MAPK11_6aafe191,MAPK11,af3_holo_iptm,0.213,0.197,,2026-07-29
of3_holo_MAPK11_09e7a460,MAPK11,af3_holo_iptm,0.213,0.201,,2026-07-29
of3_holo_MAPK14_a8a05106,MAPK14,af3_holo_iptm,0.213,0.201,,2026-07-29
of3_holo_MAPKAPK2_80680571,MAPKAPK2,af3_holo_iptm,0.213,0.226,,2026-07-29
of3_holo_KEAP1_556677b5,KEAP1,af3_holo_iptm,0.213,0.452,,2026-07-29
of3_holo_MAPK14_30b47260,MAPK14,af3_holo_iptm,0.212,0.197,,2026-07-29
of3_holo_MAPK14_f0783dac,MAPK14,af3_holo_iptm,0.212,0.212,,2026-07-29
of3_holo_MAPK11_343fdd32,MAPK11,af3_holo_iptm,0.212,0.229,,2026-07-29
of3_holo_MAPK11_635d8e72,MAPK11,af3_holo_iptm,0.212,0.214,,2026-07-29
of3_holo_MAPK11_f142de0a,MAPK11,af3_holo_iptm,0.212,0.200,,2026-07-29
of3_holo_MAPKAPK2_f7a3f141,MAPKAPK2,af3_holo_iptm,0.212,0.217,,2026-07-29
of3_holo_MAPK11_ef105aa1,MAPK11,af3_holo_iptm,0.212,0.206,,2026-07-29
of3_holo_MAPK14_9307154a,MAPK14,af3_holo_iptm,0.212,0.198,,2026-07-29
of3_holo_MAPK11_87cd3e4f,MAPK11,af3_holo_iptm,0.212,0.204,,2026-07-29
of3_holo_MAPK14_fdf1ba71,MAPK14,af3_holo_iptm,0.212,0.225,,2026-07-29
of3_holo_KEAP1_0f49e8ba,KEAP1,af3_holo_iptm,0.212,0.449,,2026-07-29
of3_holo_MAPK14_63bcac0a,MAPK14,af3_holo_iptm,0.212,0.204,,2026-07-29
of3_holo_MAPKAPK2_2736cd13,MAPKAPK2,af3_holo_iptm,0.212,0.219,,2026-07-29
of3_holo_MAPKAPK2_e033c75d,MAPKAPK2,af3_holo_iptm,0.212,0.215,,2026-07-29
of3_holo_MAPK14_913a3159,MAPK14,af3_holo_iptm,0.212,0.193,,2026-07-29
of3_holo_MAPK12_9bdbc98b,MAPK12,af3_holo_iptm,0.212,0.209,,2026-07-29
of3_holo_MAPK12_5db732a0,MAPK12,af3_holo_iptm,0.212,0.213,,2026-07-29
of3_holo_MAPK11_c561e9cd,MAPK11,af3_holo_iptm,0.212,0.205,,2026-07-29
of3_holo_MAPKAPK2_d86f0258,MAPKAPK2,af3_holo_iptm,0.212,0.213,,2026-07-29
of3_holo_MAPKAPK2_4c103af9,MAPKAPK2,af3_holo_iptm,0.212,0.211,,2026-07-29
of3_holo_MAPKAPK2_580355c6,MAPKAPK2,af3_holo_iptm,0.211,0.213,,2026-07-31
of3_holo_MAPK14_0baf196c,MAPK14,af3_holo_iptm,0.211,0.202,,2026-07-29
of3_holo_KEAP1_96444a98,KEAP1,af3_holo_iptm,0.211,0.445,,2026-07-29
of3_holo_MAPK11_7ef84407,MAPK11,af3_holo_iptm,0.211,0.199,,2026-07-29
of3_holo_KEAP1_4d2871f7,KEAP1,af3_holo_iptm,0.211,0.449,,2026-08-02
of3_holo_MAPK14_f2929b06,MAPK14,af3_holo_iptm,0.211,0.191,,2026-07-29
of3_holo_KEAP1_ccc9e003,KEAP1,af3_holo_iptm,0.211,0.448,,2026-07-29
of3_holo_MAPKAPK2_c948c1c7,MAPKAPK2,af3_holo_iptm,0.211,0.216,,2026-07-29
of3_holo_KEAP1_1ae1852c,KEAP1,af3_holo_iptm,0.211,0.458,,2026-07-29
of3_holo_MAPK14_a154e6ea,MAPK14,af3_holo_iptm,0.211,0.207,,2026-07-29
of3_holo_DNM1L_c4b22604,DNM1L,af3_holo_iptm,0.211,0.191,,2026-07-31
of3_holo_MAPK14_6f0873f2,MAPK14,af3_holo_iptm,0.211,0.193,,2026-07-29
of3_holo_MAPK11_29bdb04b,MAPK11,af3_holo_iptm,0.211,0.228,,2026-07-29
of3_holo_MAPK11_7e45fd3c,MAPK11,af3_holo_iptm,0.211,0.195,,2026-07-29
of3_holo_KEAP1_bd567e56,KEAP1,af3_holo_iptm,0.211,0.451,,2026-07-29
of3_holo_MAPK14_a858ca26,MAPK14,af3_holo_iptm,0.211,0.210,,2026-07-29
of3_holo_KEAP1_1919ae95,KEAP1,af3_holo_iptm,0.210,0.448,,2026-08-02
of3_holo_MAPK11_6e2f9c14,MAPK11,af3_holo_iptm,0.210,0.218,,2026-07-29
of3_holo_DNM1L_eeee1689,DNM1L,af3_holo_iptm,0.210,0.209,,2026-07-29
of3_holo_MAPKAPK2_5d9cc91f,MAPKAPK2,af3_holo_iptm,0.210,0.207,,2026-08-01
of3_holo_MAPK11_37f3498d,MAPK11,af3_holo_iptm,0.210,0.195,,2026-07-29
of3_holo_DNM1L_beac6a64,DNM1L,af3_holo_iptm,0.210,0.193,,2026-07-29
of3_holo_KEAP1_a51d8097,KEAP1,af3_holo_iptm,0.210,0.452,,2026-07-29
of3_holo_MAPK11_5da55066,MAPK11,af3_holo_iptm,0.210,0.209,,2026-07-29
of3_holo_MAPKAPK2_70922fee,MAPKAPK2,af3_holo_iptm,0.210,0.210,,2026-07-29
of3_holo_MAPK14_a0aafdda,MAPK14,af3_holo_iptm,0.210,0.195,,2026-07-29
binder75_musk_fz_x_musk_fz_306_456,"",af3_iptm,0.210,0.530,0.300,2026-07-25
001_mapk10_x_stmn2,"",af3_iptm,0.210,0.540,0.450,2026-06-21
atf3_x_limk1,"",af3_iptm,0.210,0.410,0.390,2026-05-27
srsf1_x_u2af1,"",af3_iptm,0.210,0.420,0.400,2026-05-21
nrg1_egf_x_mtor_kd,"",af3_iptm,0.210,0.600,0.390,2026-05-16
tp73_yap1,"",af3_iptm,0.210,0.290,0.570,2026-08-01
nfe2l2_x_keap1_kelch,"",af3_iptm,0.210,0.240,0.560,2026-08-05
a_x_b_df12d74f,"",af3_iptm,0.210,0.260,0.230,2026-07-30
dok7_ptb_x_musk_kin_full,"",af3_iptm,0.210,0.520,0.330,2026-05-16
smn1_x_wdr79,"",af3_iptm,0.210,0.490,0.490,2026-07-03
85_chrne_x_rapsn,"",af3_iptm,0.210,0.450,0.290,2026-06-19
gfra1_146_265_x_lrp4_751_1001,"",af3_iptm,0.210,0.630,0.290,2026-06-29
040_mapk10_x_traf2,"",af3_iptm,0.210,0.410,0.350,2026-06-18
41_hdac2_x_chd4_1_540_2,"",af3_iptm,0.210,0.430,0.480,2026-08-06
42_cul3_1_410_x_rbx1,"",af3_iptm,0.210,0.710,0.390,2026-06-08
dok7_ptb_x_musk_kin_full,"",af3_iptm,0.210,0.520,0.330,2026-05-17
085_mapk8_x_dcx,"",af3_iptm,0.210,0.480,0.400,2026-06-18
001_mapk10_x_stmn2,"",af3_iptm,0.210,0.540,0.450,2026-06-18
a_x_b_e480fe9c,"",af3_iptm,0.210,0.210,0.220,2026-07-29
61_smn1_x_tgs1,"",af3_iptm,0.210,0.370,0.540,2026-06-12
gdnf_x_rock2,"",af3_iptm,0.210,0.350,0.440,2026-05-25
61_smn1_x_tgs1,"",af3_iptm,0.210,0.370,0.540,2026-06-14
dok7_ptb_x_musk_kin_full,"",af3_iptm,0.210,0.520,0.340,2026-05-14
nrg1_egf_x_mtor_kd,"",af3_iptm,0.210,0.600,0.400,2026-05-14
binder6418_lrp4_x_lrp4_beta1_prop_435_697,"",af3_iptm,0.210,0.690,0.310,2026-07-22
atf3_x_limk1_2,"",af3_iptm,0.210,0.410,0.390,2026-08-06
nrg1_176_246_x_smn1_90_159,"",af3_iptm,0.210,0.440,0.380,2026-06-29
raptor_126_376_x_gemin5_1126_1376,"",af3_iptm,0.210,0.470,0.330,2026-07-11
hif1a_x_tp53,"",af3_iptm,0.210,0.370,0.490,2026-07-15
79_agrn_1735_1940_x_dag1,"",af3_iptm,0.210,0.310,0.480,2026-06-19
ptk2_914_1052_x_pak1_74_149,"",af3_iptm,0.210,0.600,0.360,2026-07-26
040_mapk10_x_traf2,"",af3_iptm,0.210,0.410,0.350,2026-06-21
limk2_x_tp53,"",af3_iptm,0.210,0.360,0.390,2026-05-23
nmj_rapsn_x_chrna1_s7,"",af3_iptm,0.210,0.620,0.310,2026-08-14
musk_312_450_x_wnt4_none_none,"",af3_iptm,0.210,0.630,0.310,2026-07-29
pik3ca_696_1068_x_smn1_90_159,"",af3_iptm,0.210,0.750,0.340,2026-07-11
ppargc1a_1_270_x_nrf1_none_none,"",af3_iptm,0.210,0.370,0.500,2026-07-29
smn2_x_snrpa,"",af3_iptm,0.210,0.280,0.510,2026-06-29
088_mapk8_x_snca,"",af3_iptm,0.210,0.620,0.460,2026-06-18
pten_14_185_x_erbb3_751_1001,"",af3_iptm,0.210,0.570,0.310,2026-07-26
smn1_x_srsf1,"",af3_iptm,0.210,0.280,0.510,2026-07-17
41_hdac2_x_chd4_1_540,"",af3_iptm,0.210,0.430,0.480,2026-06-05
limk2_x_pfn1,"",af3_iptm,0.210,0.480,0.330,2026-05-25
hif1a_18_80_x_tardbp_104_176,"",af3_iptm,0.210,0.550,0.350,2026-07-15
smn1_90_159_x_tp53_363_393,"",af3_iptm,0.210,0.550,0.530,2026-07-09
of3_holo_MAPK13_f0f75444,MAPK13,af3_holo_iptm,0.210,0.213,,2026-07-29
of3_holo_MAPK14_94852c2f,MAPK14,af3_holo_iptm,0.210,0.202,,2026-08-02
of3_holo_KEAP1_dd1a8ba5,KEAP1,af3_holo_iptm,0.210,0.451,,2026-08-02
of3_holo_MAPKAPK2_dd18c9a1,MAPKAPK2,af3_holo_iptm,0.210,0.207,,2026-07-29
of3_holo_KEAP1_9af75707,KEAP1,af3_holo_iptm,0.210,0.451,,2026-08-01
of3_holo_MAPK14_3e513184,MAPK14,af3_holo_iptm,0.210,0.203,,2026-07-29
of3_holo_MAPK14_66fba76d,MAPK14,af3_holo_iptm,0.209,0.179,,2026-08-02
of3_holo_MAPK14_c40643bd,MAPK14,af3_holo_iptm,0.209,0.193,,2026-08-02
of3_holo_DNM1L_7c9b13fe,DNM1L,af3_holo_iptm,0.209,0.196,,2026-07-29
of3_holo_KEAP1_499a1ebb,KEAP1,af3_holo_iptm,0.209,0.457,,2026-07-29
of3_holo_MAPKAPK2_9e8582f9,MAPKAPK2,af3_holo_iptm,0.209,0.208,,2026-07-29
of3_holo_MAPK14_3fbcbfb2,MAPK14,af3_holo_iptm,0.209,0.191,,2026-07-29
of3_holo_KEAP1_eb71ac03,KEAP1,af3_holo_iptm,0.209,0.449,,2026-08-01
of3_holo_MAPK11_6112848e,MAPK11,af3_holo_iptm,0.209,0.214,,2026-07-29
of3_holo_MAPKAPK2_924dd54e,MAPKAPK2,af3_holo_iptm,0.209,0.212,,2026-07-29
of3_holo_MAPK11_da6fc415,MAPK11,af3_holo_iptm,0.209,0.204,,2026-07-29
of3_holo_MAPKAPK2_3e649f53,MAPKAPK2,af3_holo_iptm,0.209,0.212,,2026-07-29
of3_holo_MAPK14_e48c5162,MAPK14,af3_holo_iptm,0.209,0.213,,2026-07-29
of3_holo_MAPK11_6cfca77e,MAPK11,af3_holo_iptm,0.209,0.209,,2026-07-29
of3_holo_MAPK14_1e96f3ca,MAPK14,af3_holo_iptm,0.209,0.201,,2026-07-29
of3_holo_MAPK14_a3a034e6,MAPK14,af3_holo_iptm,0.209,0.207,,2026-07-29
of3_holo_MAPK14_69f53060,MAPK14,af3_holo_iptm,0.209,0.199,,2026-07-29
of3_holo_MAPK11_8e6aa4ce,MAPK11,af3_holo_iptm,0.209,0.200,,2026-07-29
of3_holo_MAPKAPK2_f59aa23c,MAPKAPK2,af3_holo_iptm,0.209,0.212,,2026-07-29
of3_holo_KEAP1_c0bb6391,KEAP1,af3_holo_iptm,0.209,0.454,,2026-07-29
of3_holo_KEAP1_3f0f3f84,KEAP1,af3_holo_iptm,0.209,0.450,,2026-07-29
of3_holo_MAPK13_cf51288c,MAPK13,af3_holo_iptm,0.209,0.206,,2026-07-29
of3_holo_MAPK11_5c19e6f1,MAPK11,af3_holo_iptm,0.209,0.196,,2026-07-29
of3_holo_MAPK11_613b453a,MAPK11,af3_holo_iptm,0.209,0.198,,2026-07-29
of3_holo_MAPK11_96e89af8,MAPK11,af3_holo_iptm,0.209,0.198,,2026-07-29
of3_holo_MAPK13_a347deef,MAPK13,af3_holo_iptm,0.209,0.233,,2026-07-29
of3_holo_MAPK11_803745c7,MAPK11,af3_holo_iptm,0.209,0.193,,2026-07-29
of3_holo_MAPK11_2315a77f,MAPK11,af3_holo_iptm,0.208,0.203,,2026-07-29
of3_holo_MAPKAPK2_1b75bf98,MAPKAPK2,af3_holo_iptm,0.208,0.204,,2026-08-01
of3_holo_MAPK14_38284d0d,MAPK14,af3_holo_iptm,0.208,0.207,,2026-07-29
of3_holo_MAPK11_e4cf9bd1,MAPK11,af3_holo_iptm,0.208,0.193,,2026-07-29
of3_holo_KEAP1_d39bf8f3,KEAP1,af3_holo_iptm,0.208,0.452,,2026-08-02
of3_holo_MAPK14_4e1e0a60,MAPK14,af3_holo_iptm,0.208,0.215,,2026-07-29
of3_holo_MAPK14_6c290874,MAPK14,af3_holo_iptm,0.208,0.203,,2026-07-29
of3_holo_MAPK14_7c05e1d5,MAPK14,af3_holo_iptm,0.208,0.204,,2026-07-29
of3_holo_DNM1L_c4217936,DNM1L,af3_holo_iptm,0.208,0.185,,2026-07-29
of3_holo_MAPK11_51155715,MAPK11,af3_holo_iptm,0.208,0.200,,2026-07-29
of3_holo_MAPKAPK2_87d6b34c,MAPKAPK2,af3_holo_iptm,0.208,0.211,,2026-07-29
of3_holo_MAPK11_98518361,MAPK11,af3_holo_iptm,0.208,0.197,,2026-07-29
of3_holo_MAPK14_13ffadad,MAPK14,af3_holo_iptm,0.208,0.185,,2026-07-29
of3_holo_MAPK11_5263209b,MAPK11,af3_holo_iptm,0.208,0.195,,2026-07-29
of3_holo_KEAP1_2d072dc2,KEAP1,af3_holo_iptm,0.208,0.450,,2026-08-01
of3_holo_DNM1L_c63a2f09,DNM1L,af3_holo_iptm,0.208,0.193,,2026-07-30
of3_holo_MAPK11_014bec33,MAPK11,af3_holo_iptm,0.208,0.196,,2026-07-29
of3_holo_MAPK14_7137efea,MAPK14,af3_holo_iptm,0.208,0.209,,2026-07-29
of3_holo_MAPK11_e8da8832,MAPK11,af3_holo_iptm,0.208,0.204,,2026-07-29
of3_holo_KEAP1_5bdb43ac,KEAP1,af3_holo_iptm,0.208,0.450,,2026-07-29
of3_holo_MAPK11_cd472ed8,MAPK11,af3_holo_iptm,0.208,0.200,,2026-07-29
of3_holo_MAPK11_3cceffd6,MAPK11,af3_holo_iptm,0.208,0.250,,2026-07-29
of3_holo_MAPK11_ad50b028,MAPK11,af3_holo_iptm,0.208,0.266,,2026-07-29
of3_holo_MAPKAPK2_77009b3c,MAPKAPK2,af3_holo_iptm,0.208,0.214,,2026-07-29
of3_holo_MAPK11_6b2cde6b,MAPK11,af3_holo_iptm,0.208,0.330,,2026-07-29
of3_holo_KEAP1_ef0bfa5d,KEAP1,af3_holo_iptm,0.207,0.453,,2026-07-29
of3_holo_MAPK14_d4ba30ce,MAPK14,af3_holo_iptm,0.207,0.211,,2026-08-02
of3_holo_MAPKAPK2_024186c5,MAPKAPK2,af3_holo_iptm,0.207,0.216,,2026-08-02
of3_holo_MAPKAPK2_5839da6b,MAPKAPK2,af3_holo_iptm,0.207,0.213,,2026-07-29
of3_holo_MAPK13_06ca30e3,MAPK13,af3_holo_iptm,0.207,0.196,,2026-07-29
of3_holo_MAPK11_7c90d2f3,MAPK11,af3_holo_iptm,0.207,0.199,,2026-07-29
of3_holo_MAPKAPK2_5b326e0b,MAPKAPK2,af3_holo_iptm,0.207,0.205,,2026-08-02
of3_holo_MAPKAPK2_59f597bd,MAPKAPK2,af3_holo_iptm,0.207,0.207,,2026-07-29
of3_holo_MAPK14_fb4b610c,MAPK14,af3_holo_iptm,0.207,0.203,,2026-07-29
of3_holo_MAPK14_4a1da092,MAPK14,af3_holo_iptm,0.207,0.194,,2026-07-29
of3_holo_MAPK11_1e2c7af3,MAPK11,af3_holo_iptm,0.207,0.274,,2026-07-29
of3_holo_KEAP1_0cfc07c3,KEAP1,af3_holo_iptm,0.207,0.456,,2026-08-02
of3_holo_KEAP1_5aa28dbf,KEAP1,af3_holo_iptm,0.207,0.449,,2026-08-01
of3_holo_MAPKAPK2_f86f9d22,MAPKAPK2,af3_holo_iptm,0.207,0.204,,2026-07-29
of3_holo_MAPK14_a6aaaeaa,MAPK14,af3_holo_iptm,0.207,0.224,,2026-07-29
of3_holo_MAPKAPK2_8c5029c1,MAPKAPK2,af3_holo_iptm,0.207,0.216,,2026-07-29
of3_holo_KEAP1_f67adaae,KEAP1,af3_holo_iptm,0.207,0.453,,2026-08-02
of3_holo_MAPK14_0d299681,MAPK14,af3_holo_iptm,0.207,0.219,,2026-07-31
of3_holo_MAPK14_0ccbaa1e,MAPK14,af3_holo_iptm,0.207,0.186,,2026-08-02
of3_holo_KEAP1_922d5c67,KEAP1,af3_holo_iptm,0.207,0.449,,2026-07-29
of3_holo_KEAP1_42cb0062,KEAP1,af3_holo_iptm,0.207,0.452,,2026-07-29
of3_holo_MAPK11_edfa6b3d,MAPK11,af3_holo_iptm,0.207,0.214,,2026-07-29
of3_holo_MAPK14_1a925497,MAPK14,af3_holo_iptm,0.207,0.213,,2026-07-29
of3_holo_KEAP1_908b5292,KEAP1,af3_holo_iptm,0.207,0.451,,2026-08-02
of3_holo_MAPK13_da968285,MAPK13,af3_holo_iptm,0.207,0.198,,2026-07-29
of3_holo_MAPK11_144df378,MAPK11,af3_holo_iptm,0.206,0.308,,2026-07-29
of3_holo_MAPKAPK2_897b2788,MAPKAPK2,af3_holo_iptm,0.206,0.216,,2026-07-29
of3_holo_KEAP1_d3fa33d5,KEAP1,af3_holo_iptm,0.206,0.452,,2026-07-29
of3_holo_MAPK11_7ce87bea,MAPK11,af3_holo_iptm,0.206,0.207,,2026-07-29
of3_holo_KEAP1_42a24f26,KEAP1,af3_holo_iptm,0.206,0.450,,2026-07-29
of3_holo_MAPK11_47aa813f,MAPK11,af3_holo_iptm,0.206,0.196,,2026-07-29
of3_holo_MAPK11_c693c947,MAPK11,af3_holo_iptm,0.206,0.247,,2026-07-29
of3_holo_MAPK14_0c100ac7,MAPK14,af3_holo_iptm,0.206,0.206,,2026-07-29
of3_holo_MAPKAPK2_55dca28f,MAPKAPK2,af3_holo_iptm,0.206,0.216,,2026-07-29
of3_holo_MAPK11_9a9ba9bc,MAPK11,af3_holo_iptm,0.206,0.213,,2026-07-29
of3_holo_MAPK11_64377c73,MAPK11,af3_holo_iptm,0.206,0.198,,2026-07-29
of3_holo_MAPKAPK2_6cd0668f,MAPKAPK2,af3_holo_iptm,0.206,0.213,,2026-07-29
of3_holo_MAPK11_7108f2f1,MAPK11,af3_holo_iptm,0.206,0.214,,2026-07-29
of3_holo_MAPKAPK2_a2e82aa5,MAPKAPK2,af3_holo_iptm,0.206,0.209,,2026-08-02
of3_holo_MAPK14_dbb7b595,MAPK14,af3_holo_iptm,0.206,0.188,,2026-07-29
of3_holo_MAPK11_2da2d41c,MAPK11,af3_holo_iptm,0.206,0.290,,2026-07-29
of3_holo_KEAP1_e0ba5252,KEAP1,af3_holo_iptm,0.206,0.449,,2026-07-29
of3_holo_MAPK14_c881aaaf,MAPK14,af3_holo_iptm,0.206,0.176,,2026-07-29
of3_holo_MAPK11_2cf09179,MAPK11,af3_holo_iptm,0.206,0.232,,2026-07-29
of3_holo_MAPKAPK2_4396e157,MAPKAPK2,af3_holo_iptm,0.206,0.211,,2026-07-29
of3_holo_MAPK11_e84c136b,MAPK11,af3_holo_iptm,0.206,0.202,,2026-07-29
of3_holo_MAPK14_04fc2fbc,MAPK14,af3_holo_iptm,0.206,0.187,,2026-07-29
of3_holo_DNM1L_4d33309d,DNM1L,af3_holo_iptm,0.206,0.196,,2026-08-11
of3_holo_KEAP1_c8efb707,KEAP1,af3_holo_iptm,0.206,0.453,,2026-08-02
of3_holo_MAPK11_49a340cc,MAPK11,af3_holo_iptm,0.206,0.199,,2026-07-29
of3_holo_MAPKAPK2_1414a872,MAPKAPK2,af3_holo_iptm,0.206,0.236,,2026-07-29
of3_holo_MAPK11_9d4edecb,MAPK11,af3_holo_iptm,0.206,0.193,,2026-07-29
of3_holo_MAPKAPK2_c00d48ff,MAPKAPK2,af3_holo_iptm,0.206,0.204,,2026-08-02
of3_holo_MAPK13_a611d9c8,MAPK13,af3_holo_iptm,0.206,0.202,,2026-07-29
of3_holo_MAPK14_da6b7a99,MAPK14,af3_holo_iptm,0.206,0.212,,2026-07-29
of3_holo_MAPK11_f2dbc6a1,MAPK11,af3_holo_iptm,0.205,0.202,,2026-07-29
of3_holo_MAPK11_0907d134,MAPK11,af3_holo_iptm,0.205,0.197,,2026-07-29
of3_holo_KEAP1_8ab9b340,KEAP1,af3_holo_iptm,0.205,0.453,,2026-07-29
of3_holo_MAPK14_a6ff1013,MAPK14,af3_holo_iptm,0.205,0.206,,2026-07-29
of3_holo_MAPK11_f2d23807,MAPK11,af3_holo_iptm,0.205,0.190,,2026-07-29
of3_holo_MAPK11_93186c49,MAPK11,af3_holo_iptm,0.205,0.194,,2026-07-29
of3_holo_MAPK14_1e72c8d0,MAPK14,af3_holo_iptm,0.205,0.196,,2026-07-29
of3_holo_MAPK14_aa1a83a5,MAPK14,af3_holo_iptm,0.205,0.200,,2026-08-01
of3_holo_DNM1L_e69a520e,DNM1L,af3_holo_iptm,0.205,0.183,,2026-07-29
of3_holo_MAPK13_c2a72ff7,MAPK13,af3_holo_iptm,0.205,0.226,,2026-07-29
of3_holo_KEAP1_b687bb45,KEAP1,af3_holo_iptm,0.205,0.463,,2026-08-02
of3_holo_MAPK11_18abbcca,MAPK11,af3_holo_iptm,0.205,0.206,,2026-07-29
of3_holo_MAPK11_1c3a5ce2,MAPK11,af3_holo_iptm,0.205,0.213,,2026-07-29
of3_holo_MAPK13_11170d7d,MAPK13,af3_holo_iptm,0.205,0.212,,2026-07-29
of3_holo_KEAP1_3cabc456,KEAP1,af3_holo_iptm,0.205,0.451,,2026-07-29
of3_holo_MAPK11_8b16c3fa,MAPK11,af3_holo_iptm,0.205,0.191,,2026-07-29
of3_holo_KEAP1_d218faaa,KEAP1,af3_holo_iptm,0.205,0.450,,2026-07-29
of3_holo_MAPK11_4cdd7c42,MAPK11,af3_holo_iptm,0.205,0.199,,2026-07-29
of3_holo_MAPK13_0abff1e2,MAPK13,af3_holo_iptm,0.205,0.215,,2026-07-29
of3_holo_MAPKAPK2_ffbd96a2,MAPKAPK2,af3_holo_iptm,0.205,0.213,,2026-07-29
of3_holo_MAPK14_efa56953,MAPK14,af3_holo_iptm,0.205,0.211,,2026-07-29
of3_holo_KEAP1_71333318,KEAP1,af3_holo_iptm,0.205,0.452,,2026-07-29
of3_holo_MAPKAPK2_80d5ad2b,MAPKAPK2,af3_holo_iptm,0.205,0.212,,2026-07-29
of3_holo_KEAP1_066967c1,KEAP1,af3_holo_iptm,0.205,0.451,,2026-08-02
of3_holo_MAPK11_a9da91cd,MAPK11,af3_holo_iptm,0.205,0.190,,2026-07-29
of3_holo_MAPK11_8e835ca2,MAPK11,af3_holo_iptm,0.205,0.199,,2026-07-29
of3_holo_MAPKAPK2_49582f19,MAPKAPK2,af3_holo_iptm,0.205,0.213,,2026-07-29
of3_holo_MAPK14_b727a809,MAPK14,af3_holo_iptm,0.205,0.196,,2026-07-29
of3_holo_MAPK11_30208a1c,MAPK11,af3_holo_iptm,0.205,0.199,,2026-07-29
of3_holo_MAPK14_9277365a,MAPK14,af3_holo_iptm,0.205,0.207,,2026-07-29
of3_holo_MAPKAPK2_4163ad65,MAPKAPK2,af3_holo_iptm,0.205,0.210,,2026-07-29
of3_holo_MAPKAPK2_8a7db1dd,MAPKAPK2,af3_holo_iptm,0.204,0.214,,2026-08-02
of3_holo_KEAP1_b3b40e8c,KEAP1,af3_holo_iptm,0.204,0.441,,2026-07-29
of3_holo_MAPKAPK2_bad4df5a,MAPKAPK2,af3_holo_iptm,0.204,0.210,,2026-07-29
of3_holo_KEAP1_b1a7f9ed,KEAP1,af3_holo_iptm,0.204,0.451,,2026-07-29
of3_holo_KEAP1_bbfa6941,KEAP1,af3_holo_iptm,0.204,0.451,,2026-07-29
of3_holo_MAPKAPK2_ad590312,MAPKAPK2,af3_holo_iptm,0.204,0.212,,2026-07-29
of3_holo_MAPK11_9124d3d5,MAPK11,af3_holo_iptm,0.204,0.193,,2026-07-29
of3_holo_MAPK11_9d199881,MAPK11,af3_holo_iptm,0.204,0.196,,2026-07-29
of3_holo_MAPK14_ab815206,MAPK14,af3_holo_iptm,0.204,0.212,,2026-07-29
of3_holo_MAPK11_17c02ae1,MAPK11,af3_holo_iptm,0.204,0.200,,2026-07-29
of3_holo_MAPKAPK2_36d53877,MAPKAPK2,af3_holo_iptm,0.204,0.219,,2026-07-29
of3_holo_MAPK11_1f86f969,MAPK11,af3_holo_iptm,0.204,0.210,,2026-07-29
of3_holo_KEAP1_ad431533,KEAP1,af3_holo_iptm,0.204,0.443,,2026-08-02
of3_holo_MAPK14_a9204f9d,MAPK14,af3_holo_iptm,0.204,0.218,,2026-07-29
of3_holo_KEAP1_f6e8ca93,KEAP1,af3_holo_iptm,0.204,0.454,,2026-08-01
of3_holo_MAPK11_a0e07cc1,MAPK11,af3_holo_iptm,0.204,0.187,,2026-07-29
of3_holo_KEAP1_99ca4ae3,KEAP1,af3_holo_iptm,0.204,0.452,,2026-07-29
of3_holo_DNM1L_3e5f5db1,DNM1L,af3_holo_iptm,0.204,0.190,,2026-07-29
of3_holo_MAPK14_e4e4694e,MAPK14,af3_holo_iptm,0.204,0.201,,2026-08-02
of3_holo_KEAP1_b5147ed6,KEAP1,af3_holo_iptm,0.204,0.450,,2026-08-02
of3_holo_MAPK11_34fe8f45,MAPK11,af3_holo_iptm,0.203,0.206,,2026-07-29
of3_holo_MAPK11_a86f9032,MAPK11,af3_holo_iptm,0.203,0.217,,2026-07-29
of3_holo_MAPK11_2d7c6d86,MAPK11,af3_holo_iptm,0.203,0.203,,2026-07-29
of3_holo_MAPK14_10738571,MAPK14,af3_holo_iptm,0.203,0.204,,2026-07-29
of3_holo_KEAP1_deea4e3c,KEAP1,af3_holo_iptm,0.203,0.452,,2026-08-02
of3_holo_MAPK14_b030cfd2,MAPK14,af3_holo_iptm,0.203,0.216,,2026-07-29
of3_holo_MAPK14_ba86adcf,MAPK14,af3_holo_iptm,0.203,0.178,,2026-07-29
of3_holo_KEAP1_bf0b8eb7,KEAP1,af3_holo_iptm,0.203,0.457,,2026-08-02
of3_holo_MAPK14_5e1fb2fd,MAPK14,af3_holo_iptm,0.203,0.218,,2026-07-29
of3_holo_MAPK14_82d1263e,MAPK14,af3_holo_iptm,0.203,0.211,,2026-08-02
of3_holo_MAPK11_0e573626,MAPK11,af3_holo_iptm,0.203,0.239,,2026-07-29
of3_holo_MAPKAPK2_932c92d0,MAPKAPK2,af3_holo_iptm,0.203,0.227,,2026-07-29
of3_holo_MAPK11_36725c99,MAPK11,af3_holo_iptm,0.203,0.195,,2026-07-29
of3_holo_MAPK14_dd61cce4,MAPK14,af3_holo_iptm,0.203,0.215,,2026-07-29
of3_holo_MAPK11_3df5053f,MAPK11,af3_holo_iptm,0.203,0.205,,2026-07-29
of3_holo_KEAP1_59c452ff,KEAP1,af3_holo_iptm,0.203,0.453,,2026-07-29
of3_holo_MAPK11_3484905b,MAPK11,af3_holo_iptm,0.202,0.193,,2026-07-29
of3_holo_MAPK11_312649d1,MAPK11,af3_holo_iptm,0.202,0.245,,2026-07-29
of3_holo_MAPK11_9def757a,MAPK11,af3_holo_iptm,0.202,0.229,,2026-07-29
of3_holo_MAPK11_9edcadaf,MAPK11,af3_holo_iptm,0.202,0.240,,2026-07-29
of3_holo_MAPK11_1c9bca88,MAPK11,af3_holo_iptm,0.202,0.192,,2026-07-29
of3_holo_MAPKAPK2_79891dd8,MAPKAPK2,af3_holo_iptm,0.202,0.216,,2026-07-29
of3_holo_MAPK11_5a4aae9a,MAPK11,af3_holo_iptm,0.202,0.200,,2026-07-29
of3_holo_MAPK14_ee5c8c96,MAPK14,af3_holo_iptm,0.202,0.229,,2026-07-29
of3_holo_MAPK14_3f7b3e8f,MAPK14,af3_holo_iptm,0.202,0.206,,2026-08-02
of3_holo_MAPK11_dd482d2c,MAPK11,af3_holo_iptm,0.202,0.195,,2026-07-29
of3_holo_MAPK14_74dfef49,MAPK14,af3_holo_iptm,0.202,0.179,,2026-07-29
of3_holo_KEAP1_1c73daca,KEAP1,af3_holo_iptm,0.202,0.449,,2026-07-29
of3_holo_MAPKAPK2_0782435e,MAPKAPK2,af3_holo_iptm,0.202,0.217,,2026-07-29
of3_holo_MAPK11_4e03061b,MAPK11,af3_holo_iptm,0.202,0.256,,2026-07-29
of3_holo_KEAP1_c7243ae0,KEAP1,af3_holo_iptm,0.202,0.451,,2026-07-29
of3_holo_MAPKAPK2_b7cb8f2d,MAPKAPK2,af3_holo_iptm,0.202,0.218,,2026-07-29
of3_holo_MAPKAPK2_ba04dcaf,MAPKAPK2,af3_holo_iptm,0.202,0.196,,2026-07-29
of3_holo_MAPK11_e1f08e3a,MAPK11,af3_holo_iptm,0.201,0.195,,2026-07-29
of3_holo_MAPK14_d2879f76,MAPK14,af3_holo_iptm,0.201,0.184,,2026-07-29
of3_holo_MAPK14_9b00b4ff,MAPK14,af3_holo_iptm,0.201,0.199,,2026-07-29
of3_holo_MAPK11_2f12366d,MAPK11,af3_holo_iptm,0.201,0.225,,2026-07-29
of3_holo_MAPK11_45891b2b,MAPK11,af3_holo_iptm,0.201,0.196,,2026-07-29
of3_holo_MAPK14_9e994a4c,MAPK14,af3_holo_iptm,0.201,0.199,,2026-07-29
of3_holo_MAPK14_107178bb,MAPK14,af3_holo_iptm,0.201,0.206,,2026-07-29
of3_holo_MAPK14_2809a1a2,MAPK14,af3_holo_iptm,0.201,0.201,,2026-07-29
of3_holo_MAPK11_403057a7,MAPK11,af3_holo_iptm,0.201,0.192,,2026-07-29
of3_holo_MAPK11_f46d622d,MAPK11,af3_holo_iptm,0.201,0.216,,2026-07-29
of3_holo_KEAP1_fb3d6694,KEAP1,af3_holo_iptm,0.201,0.449,,2026-07-29
of3_holo_MAPK11_98a11e89,MAPK11,af3_holo_iptm,0.201,0.205,,2026-07-29
of3_holo_MAPK11_655682e7,MAPK11,af3_holo_iptm,0.201,0.351,,2026-07-29
of3_holo_MAPK11_5d469977,MAPK11,af3_holo_iptm,0.201,0.241,,2026-07-29
of3_holo_MAPK14_7cebf659,MAPK14,af3_holo_iptm,0.201,0.190,,2026-07-29
of3_holo_MAPK11_a136cc6e,MAPK11,af3_holo_iptm,0.200,0.201,,2026-07-29
of3_holo_MAPK11_bcca7e2a,MAPK11,af3_holo_iptm,0.200,0.200,,2026-07-29
of3_holo_MAPKAPK2_5775d55e,MAPKAPK2,af3_holo_iptm,0.200,0.210,,2026-07-29
of3_holo_MAPK11_681b8950,MAPK11,af3_holo_iptm,0.200,0.194,,2026-07-29
of3_holo_KEAP1_6c4dff9f,KEAP1,af3_holo_iptm,0.200,0.462,,2026-07-29
of3_holo_MAPK13_e3de2b69,MAPK13,af3_holo_iptm,0.200,0.209,,2026-07-29
of3_holo_MAPK14_19b59039,MAPK14,af3_holo_iptm,0.200,0.197,,2026-07-29
of3_holo_MAPK14_4dde0ef1,MAPK14,af3_holo_iptm,0.200,0.196,,2026-07-29
of3_holo_MAPK11_07d42b7c,MAPK11,af3_holo_iptm,0.200,0.224,,2026-07-29
of3_holo_MAPK11_87bf5f8e,MAPK11,af3_holo_iptm,0.200,0.196,,2026-07-29
of3_holo_MAPK11_fb1cd8bd,MAPK11,af3_holo_iptm,0.200,0.211,,2026-07-29
of3_holo_MAPK14_c5189216,MAPK14,af3_holo_iptm,0.200,0.207,,2026-07-29
of3_holo_MAPKAPK2_1face987,MAPKAPK2,af3_holo_iptm,0.200,0.217,,2026-07-29
of3_holo_MAPK11_b12092f8,MAPK11,af3_holo_iptm,0.200,0.254,,2026-07-29
micu1_x_smn1,"",af3_iptm,0.200,0.410,,2026-05-27
binder6682_agrn_x_agrn_lg3_1868_2065,"",af3_iptm,0.200,0.570,0.300,2026-07-23
binder6783_agrn_x_agrn_lg3_1868_2065,"",af3_iptm,0.200,0.600,0.310,2026-07-23
rock1_x_tp53,"",af3_iptm,0.200,0.340,0.470,2026-05-27
39_micu1_x_efhd1,"",af3_iptm,0.200,0.430,0.430,2026-06-10
snrpd1_none_none_x_smn1_260_294,"",af3_iptm,0.200,0.490,0.500,2026-07-08
binder6775_agrn_x_agrn_lg3_1868_2065,"",af3_iptm,0.200,0.620,0.310,2026-07-20
mapk14_x_cfl2,"",af3_iptm,0.200,0.670,0.300,2026-05-26
musk_x_bcl2_2,"",af3_iptm,0.200,0.340,0.330,2026-08-06
dok7_full_x_musk_fz,"",af3_iptm,0.200,0.380,0.460,2026-05-17
rapsn_none_none_x_utrn_1_270,"",af3_iptm,0.200,0.590,0.300,2026-07-29
lrp4_x_rapsn,"",af3_iptm,0.200,0.600,0.280,2026-05-22
59_dpysl2_x_tuba1a,"",af3_iptm,0.200,0.560,0.320,2026-06-07
prkaa2_x_ppargc1a,"",af3_iptm,0.200,0.530,0.500,2026-06-29
keap1_kelch_x_rock2_kd,"",af3_iptm,0.200,0.490,0.290,2026-05-26
limk1_x_pfn2,"",af3_iptm,0.200,0.490,0.310,2026-05-22
ptbp2_x_smn1,"",af3_iptm,0.200,0.330,0.440,2026-07-03
gfra3_x_atf3,"",af3_iptm,0.200,0.530,0.460,2026-05-25
musk_x_nrg1,"",af3_iptm,0.200,0.310,0.440,2026-05-21
ptbp2_x_smn1,"",af3_iptm,0.200,0.330,0.440,2026-07-04
uba1_1_1058_nae1_2,"",af3_iptm,0.200,0.590,0.300,2026-08-06
dok7_x_rapsn,"",af3_iptm,0.200,0.460,0.390,2026-05-29
hif1a_18_80_x_gdnf_none_none,"",af3_iptm,0.200,0.380,0.490,2026-07-15
srsf1_x_fus,"",af3_iptm,0.200,0.240,0.530,2026-07-17
25_lrp4_20_526_x_musk_22_495,"",af3_iptm,0.200,0.330,0.250,2026-06-14
perp_none_none_x_cav3_none_none,"",af3_iptm,0.200,0.450,0.360,2026-07-29
perp_none_none_x_rapsn_none_none,"",af3_iptm,0.200,0.610,0.290,2026-07-29
100_mapk8_x_arrb2,"",af3_iptm,0.200,0.450,0.310,2026-06-18
a_x_b_3385e2fb,"",af3_iptm,0.200,0.230,0.220,2026-07-29
agrn_1391_1576_x_tp53_363_393,"",af3_iptm,0.200,0.670,0.380,2026-07-16
prkaa2_x_ppargc1a,"",af3_iptm,0.200,0.530,0.500,2026-06-30
agrn_lg3z19_x_lrp4_bp1_x_musk_ig12,"",af3_iptm,0.200,0.430,0.260,2026-08-10
deptor_x_fus,"",af3_iptm,0.200,0.310,0.470,2026-05-25
dok7_x_nrg1,"",af3_iptm,0.200,0.290,0.550,2026-05-22
binder7173_agrn_x_agrn_lg3_1868_2065,"",af3_iptm,0.200,0.580,0.330,2026-07-23
agrn_x_lrp4,"",af3_iptm,0.200,0.400,0.260,2026-07-03
binder96_musk_ig1_x_musk_ig1_24_128,"",af3_iptm,0.200,0.540,0.290,2026-07-25
dok7_full_x_musk_fz,"",af3_iptm,0.200,0.380,0.470,2026-05-14
keap1_x_cul3,"",af3_iptm,0.200,0.460,0.360,2026-05-26
ncald_none_none_x_agrn_1_130,"",af3_iptm,0.200,0.540,0.330,2026-07-28
pak4_x_limk2,"",af3_iptm,0.200,0.340,0.380,2026-05-23
55_sirt3_x_ndufa9,"",af3_iptm,0.200,0.520,0.370,2026-06-21
39_mapkapk2_x_rps6ka5,"",af3_iptm,0.200,0.360,0.300,2026-06-14
nmj_musk_ekto_dimer_s7,"",af3_iptm,0.200,0.330,0.270,2026-08-15
limk2_x_dok7,"",af3_iptm,0.200,0.370,0.400,2026-05-23
tp53_323_356_x_limk2_none_none,"",af3_iptm,0.200,0.460,0.360,2026-07-07
dok7_full_x_musk_fz,"",af3_iptm,0.200,0.380,0.460,2026-05-16
39_mapkapk2_x_rps6ka5,"",af3_iptm,0.200,0.360,0.300,2026-06-12
39_micu1_x_efhd1,"",af3_iptm,0.200,0.430,0.430,2026-06-12
cfl1_x_nrg1,"",af3_iptm,0.200,0.280,0.510,2026-06-05
agrn_130_300_x_mdm2_17_125,"",af3_iptm,0.200,0.370,0.360,2026-07-16
nrg1_x_musk,"",af3_iptm,0.200,0.300,0.420,2026-07-17
erbb4_1_251_x_lrp4_1376_1626,"",af3_iptm,0.200,0.520,0.300,2026-07-15
hdac6_cd2_x_rock2_kd,"",af3_iptm,0.200,0.530,0.290,2026-05-29
musk_312_450_x_colq_none_none,"",af3_iptm,0.200,0.290,0.500,2026-07-29
nrg1_x_tp53,"",af3_iptm,0.200,0.310,0.560,2026-05-23
nrg1_176_246_x_lrp4_1656_1905,"",af3_iptm,0.200,0.230,0.570,2026-06-29
agrn_x_ws1bnone_1267,"",af3_iptm,0.200,0.660,0.290,2026-07-03
musk_x_bcl2,"",af3_iptm,0.200,0.340,0.330,2026-05-25
of3_holo_MAPKAPK2_fec11b60,MAPKAPK2,af3_holo_iptm,0.200,0.217,,2026-07-29
of3_holo_MAPK11_d2f200d8,MAPK11,af3_holo_iptm,0.200,0.238,,2026-07-29
of3_holo_MAPK11_511bdb95,MAPK11,af3_holo_iptm,0.200,0.217,,2026-07-29
of3_holo_MAPK13_f85c0fc6,MAPK13,af3_holo_iptm,0.200,0.224,,2026-07-29
of3_holo_MAPKAPK2_48d01b93,MAPKAPK2,af3_holo_iptm,0.200,0.218,,2026-08-02
of3_holo_MAPK11_cefd371f,MAPK11,af3_holo_iptm,0.200,0.196,,2026-07-29
of3_holo_KEAP1_4552627f,KEAP1,af3_holo_iptm,0.200,0.452,,2026-08-01
of3_holo_MAPK11_1d7cafe6,MAPK11,af3_holo_iptm,0.200,0.198,,2026-07-29
of3_holo_MAPK13_d3dde4c9,MAPK13,af3_holo_iptm,0.200,0.233,,2026-07-29
of3_holo_MAPK11_bb7d04b1,MAPK11,af3_holo_iptm,0.200,0.316,,2026-07-29
of3_holo_MAPK11_a888f695,MAPK11,af3_holo_iptm,0.200,0.194,,2026-07-29
of3_holo_MAPK14_1bc86168,MAPK14,af3_holo_iptm,0.199,0.215,,2026-07-29
of3_holo_MAPKAPK2_7209faf5,MAPKAPK2,af3_holo_iptm,0.199,0.213,,2026-08-02
of3_holo_MAPK14_06206f61,MAPK14,af3_holo_iptm,0.199,0.209,,2026-07-29
of3_holo_MAPK14_7df80158,MAPK14,af3_holo_iptm,0.199,0.202,,2026-07-29
of3_holo_MAPK11_2686d83d,MAPK11,af3_holo_iptm,0.199,0.303,,2026-07-29
of3_holo_MAPK14_7c754070,MAPK14,af3_holo_iptm,0.199,0.199,,2026-07-29
of3_holo_KEAP1_e499ae8b,KEAP1,af3_holo_iptm,0.199,0.448,,2026-07-30
of3_holo_KEAP1_79491a53,KEAP1,af3_holo_iptm,0.199,0.461,,2026-07-29
of3_holo_MAPKAPK2_a8cb83bf,MAPKAPK2,af3_holo_iptm,0.199,0.211,,2026-07-29
of3_holo_MAPK14_6aeb6313,MAPK14,af3_holo_iptm,0.199,0.199,,2026-08-02
of3_holo_MAPK14_0eeb7ba8,MAPK14,af3_holo_iptm,0.199,0.201,,2026-07-29
of3_holo_MAPK11_419d6f16,MAPK11,af3_holo_iptm,0.199,0.210,,2026-07-29
of3_holo_MAPK11_eae24a4d,MAPK11,af3_holo_iptm,0.199,0.209,,2026-07-29
of3_holo_MAPK11_42e6bc20,MAPK11,af3_holo_iptm,0.199,0.213,,2026-07-29
of3_holo_MAPK11_7c91baaa,MAPK11,af3_holo_iptm,0.199,0.201,,2026-07-29
of3_holo_MAPK14_fa1802af,MAPK14,af3_holo_iptm,0.199,0.195,,2026-08-02
of3_holo_MAPK11_0cde7aa3,MAPK11,af3_holo_iptm,0.199,0.198,,2026-07-29
of3_holo_MAPKAPK2_b0c7ddc0,MAPKAPK2,af3_holo_iptm,0.198,0.213,,2026-07-29
of3_holo_KEAP1_ed371f26,KEAP1,af3_holo_iptm,0.198,0.454,,2026-08-02
of3_holo_MAPK14_6616742b,MAPK14,af3_holo_iptm,0.198,0.205,,2026-07-29
of3_holo_MAPKAPK2_667b1443,MAPKAPK2,af3_holo_iptm,0.198,0.210,,2026-07-29
of3_holo_MAPK14_2bdc0738,MAPK14,af3_holo_iptm,0.198,0.194,,2026-07-29
of3_holo_MAPK11_9c73a777,MAPK11,af3_holo_iptm,0.198,0.210,,2026-07-29
of3_holo_MAPKAPK2_3e48f412,MAPKAPK2,af3_holo_iptm,0.198,0.211,,2026-07-29
of3_holo_KEAP1_f6eed422,KEAP1,af3_holo_iptm,0.198,0.456,,2026-08-02
of3_holo_MAPK11_215821c2,MAPK11,af3_holo_iptm,0.198,0.197,,2026-07-29
of3_holo_MAPK11_5d50ac87,MAPK11,af3_holo_iptm,0.198,0.223,,2026-07-29
of3_holo_MAPK14_9f25b79d,MAPK14,af3_holo_iptm,0.198,0.180,,2026-07-29
of3_holo_MAPK11_c7b71b6c,MAPK11,af3_holo_iptm,0.198,0.201,,2026-07-29
of3_holo_MAPK13_0c94aa33,MAPK13,af3_holo_iptm,0.198,0.207,,2026-07-29
of3_holo_MAPK11_27d80341,MAPK11,af3_holo_iptm,0.198,0.191,,2026-07-29
of3_holo_DNM1L_8e4e4f7e,DNM1L,af3_holo_iptm,0.198,0.200,,2026-07-31
of3_holo_MAPKAPK2_6fe8c0f3,MAPKAPK2,af3_holo_iptm,0.198,0.215,,2026-07-29
of3_holo_MAPK11_75169df2,MAPK11,af3_holo_iptm,0.198,0.193,,2026-07-29
of3_holo_MAPKAPK2_975100dd,MAPKAPK2,af3_holo_iptm,0.198,0.210,,2026-07-29
of3_holo_MAPK14_00e8a58c,MAPK14,af3_holo_iptm,0.198,0.199,,2026-07-29
of3_holo_MAPK11_c22f17c6,MAPK11,af3_holo_iptm,0.198,0.335,,2026-07-29
of3_holo_KEAP1_81ab7a94,KEAP1,af3_holo_iptm,0.198,0.458,,2026-08-02
of3_holo_KEAP1_21ed58ba,KEAP1,af3_holo_iptm,0.198,0.450,,2026-08-01
of3_holo_MAPK12_73ba2ac6,MAPK12,af3_holo_iptm,0.198,0.203,,2026-07-29
of3_holo_MAPK14_f991b04a,MAPK14,af3_holo_iptm,0.198,0.224,,2026-07-29
of3_holo_MAPK14_06c5abd0,MAPK14,af3_holo_iptm,0.198,0.210,,2026-07-29
of3_holo_KEAP1_5173b0da,KEAP1,af3_holo_iptm,0.198,0.450,,2026-08-02
of3_holo_KEAP1_954b057c,KEAP1,af3_holo_iptm,0.197,0.450,,2026-08-02
of3_holo_KEAP1_a4c2d052,KEAP1,af3_holo_iptm,0.197,0.450,,2026-07-29
of3_holo_MAPK13_872e71e8,MAPK13,af3_holo_iptm,0.197,0.206,,2026-07-29
of3_holo_MAPK11_a80322d2,MAPK11,af3_holo_iptm,0.197,0.193,,2026-07-29
of3_holo_MAPK12_c772f9af,MAPK12,af3_holo_iptm,0.197,0.221,,2026-07-29
of3_holo_MAPK13_826ad462,MAPK13,af3_holo_iptm,0.197,0.207,,2026-07-29
of3_holo_MAPK14_58505557,MAPK14,af3_holo_iptm,0.197,0.200,,2026-07-29
of3_holo_MAPKAPK2_a26b9bd8,MAPKAPK2,af3_holo_iptm,0.197,0.213,,2026-07-29
of3_holo_MAPK13_20ff3bb4,MAPK13,af3_holo_iptm,0.197,0.210,,2026-07-29
of3_holo_KEAP1_fe543759,KEAP1,af3_holo_iptm,0.197,0.450,,2026-08-01
of3_holo_MAPK11_2733d569,MAPK11,af3_holo_iptm,0.197,0.192,,2026-07-29
of3_holo_KEAP1_6ff5d209,KEAP1,af3_holo_iptm,0.197,0.443,,2026-07-29
of3_holo_MAPK11_1b1d3bb6,MAPK11,af3_holo_iptm,0.197,0.218,,2026-07-29
of3_holo_MAPKAPK2_63856d59,MAPKAPK2,af3_holo_iptm,0.197,0.210,,2026-07-29
of3_holo_MAPK13_e5c908ab,MAPK13,af3_holo_iptm,0.197,0.226,,2026-07-29
of3_holo_MAPK14_0bc53366,MAPK14,af3_holo_iptm,0.197,0.195,,2026-07-29
of3_holo_MAPK14_e147ed76,MAPK14,af3_holo_iptm,0.197,0.196,,2026-07-29
of3_holo_MAPKAPK2_2c33fa8a,MAPKAPK2,af3_holo_iptm,0.197,0.214,,2026-07-29
of3_holo_MAPKAPK2_8dd07d6c,MAPKAPK2,af3_holo_iptm,0.197,0.216,,2026-07-29
of3_holo_MAPK11_0f1496e9,MAPK11,af3_holo_iptm,0.197,0.192,,2026-07-29
of3_holo_KEAP1_ae02289a,KEAP1,af3_holo_iptm,0.197,0.455,,2026-08-02
of3_holo_MAPK14_037fd74a,MAPK14,af3_holo_iptm,0.197,0.182,,2026-07-29
of3_holo_MAPK11_6e114076,MAPK11,af3_holo_iptm,0.197,0.205,,2026-07-29
of3_holo_MAPK11_97fd25e9,MAPK11,af3_holo_iptm,0.197,0.214,,2026-07-29
of3_holo_MAPK14_d203c541,MAPK14,af3_holo_iptm,0.197,0.201,,2026-07-29
of3_holo_MAPK13_57c23ca1,MAPK13,af3_holo_iptm,0.196,0.212,,2026-07-29
of3_holo_MAPK11_50b80414,MAPK11,af3_holo_iptm,0.196,0.207,,2026-07-29
of3_holo_KEAP1_ce22e6d7,KEAP1,af3_holo_iptm,0.196,0.449,,2026-07-29
of3_holo_MAPK14_c66be12c,MAPK14,af3_holo_iptm,0.196,0.217,,2026-07-29
of3_holo_MAPK14_5a1532b4,MAPK14,af3_holo_iptm,0.196,0.214,,2026-07-29
of3_holo_MAPKAPK2_2180cd67,MAPKAPK2,af3_holo_iptm,0.196,0.211,,2026-07-29
of3_holo_MAPKAPK2_541ce326,MAPKAPK2,af3_holo_iptm,0.196,0.205,,2026-07-29
of3_holo_MAPK14_8f7e27b0,MAPK14,af3_holo_iptm,0.196,0.209,,2026-08-02
of3_holo_MAPK14_69b0ad71,MAPK14,af3_holo_iptm,0.196,0.214,,2026-07-29
of3_holo_MAPK13_a7c62a37,MAPK13,af3_holo_iptm,0.196,0.233,,2026-07-29
of3_holo_MAPK11_9dc8ee8c,MAPK11,af3_holo_iptm,0.196,0.192,,2026-07-29
of3_holo_MAPK14_ce62ace6,MAPK14,af3_holo_iptm,0.196,0.207,,2026-08-02
of3_holo_KEAP1_7c47d49c,KEAP1,af3_holo_iptm,0.196,0.459,,2026-08-02
of3_holo_MAPK14_6d6e1816,MAPK14,af3_holo_iptm,0.196,0.198,,2026-08-02
of3_holo_DNM1L_34e5af88,DNM1L,af3_holo_iptm,0.196,0.196,,2026-08-11
of3_holo_MAPK11_9b677ccf,MAPK11,af3_holo_iptm,0.196,0.195,,2026-07-29
of3_holo_MAPKAPK2_b49f84b5,MAPKAPK2,af3_holo_iptm,0.196,0.211,,2026-07-29
of3_holo_MAPK11_74e6253f,MAPK11,af3_holo_iptm,0.195,0.189,,2026-07-29
of3_holo_MAPK11_43fd6a47,MAPK11,af3_holo_iptm,0.195,0.205,,2026-07-29
of3_holo_MAPK11_ba0b20e1,MAPK11,af3_holo_iptm,0.195,0.198,,2026-07-29
of3_holo_KEAP1_cde28454,KEAP1,af3_holo_iptm,0.195,0.452,,2026-07-31
of3_holo_MAPK11_87243d5a,MAPK11,af3_holo_iptm,0.195,0.213,,2026-07-29
of3_holo_DNM1L_56f026b6,DNM1L,af3_holo_iptm,0.195,0.192,,2026-07-29
of3_holo_MAPKAPK2_f6904113,MAPKAPK2,af3_holo_iptm,0.195,0.212,,2026-07-29
of3_holo_MAPK14_fb7025f9,MAPK14,af3_holo_iptm,0.195,0.194,,2026-07-29
of3_holo_MAPK14_422960e0,MAPK14,af3_holo_iptm,0.195,0.217,,2026-07-29
of3_holo_MAPK11_36ea0939,MAPK11,af3_holo_iptm,0.195,0.205,,2026-07-29
of3_holo_MAPK13_be84f136,MAPK13,af3_holo_iptm,0.195,0.204,,2026-07-29
of3_holo_MAPK14_c323c74e,MAPK14,af3_holo_iptm,0.195,0.192,,2026-07-29
of3_holo_KEAP1_fbb2c96f,KEAP1,af3_holo_iptm,0.195,0.451,,2026-07-29
of3_holo_KEAP1_4e0e6634,KEAP1,af3_holo_iptm,0.195,0.452,,2026-08-02
of3_holo_MAPK11_e3755bb4,MAPK11,af3_holo_iptm,0.195,0.193,,2026-07-29
of3_holo_KEAP1_95bf44f4,KEAP1,af3_holo_iptm,0.195,0.452,,2026-08-02
of3_holo_DNM1L_338c4da1,DNM1L,af3_holo_iptm,0.195,0.187,,2026-07-29
of3_holo_MAPK14_6762e02e,MAPK14,af3_holo_iptm,0.195,0.211,,2026-07-29
of3_holo_MAPKAPK2_07eb35ff,MAPKAPK2,af3_holo_iptm,0.195,0.212,,2026-08-02
of3_holo_MAPKAPK2_5a111b1a,MAPKAPK2,af3_holo_iptm,0.195,0.202,,2026-07-29
of3_holo_MAPK11_7b59854e,MAPK11,af3_holo_iptm,0.195,0.195,,2026-07-29
of3_holo_KEAP1_266fe5b7,KEAP1,af3_holo_iptm,0.195,0.454,,2026-08-02
of3_holo_DNM1L_e71a36e5,DNM1L,af3_holo_iptm,0.194,0.182,,2026-07-29
of3_holo_MAPK11_c003afdd,MAPK11,af3_holo_iptm,0.194,0.238,,2026-07-29
of3_holo_MAPKAPK2_e12c50b7,MAPKAPK2,af3_holo_iptm,0.194,0.213,,2026-07-29
of3_holo_MAPK11_fc30d13e,MAPK11,af3_holo_iptm,0.194,0.204,,2026-07-29
of3_holo_MAPK14_a1a5ca95,MAPK14,af3_holo_iptm,0.194,0.179,,2026-07-29
of3_holo_MAPKAPK2_6ebc2693,MAPKAPK2,af3_holo_iptm,0.194,0.210,,2026-08-02
of3_holo_MAPKAPK2_93020d4f,MAPKAPK2,af3_holo_iptm,0.194,0.212,,2026-07-29
of3_holo_MAPKAPK2_8e369200,MAPKAPK2,af3_holo_iptm,0.194,0.214,,2026-07-29
of3_holo_KEAP1_4a2928a8,KEAP1,af3_holo_iptm,0.194,0.456,,2026-07-29
of3_holo_MAPK14_65872035,MAPK14,af3_holo_iptm,0.194,0.202,,2026-07-29
of3_holo_MAPKAPK2_107520fe,MAPKAPK2,af3_holo_iptm,0.194,0.224,,2026-07-29
of3_holo_MAPK14_fd1ef1e3,MAPK14,af3_holo_iptm,0.194,0.199,,2026-07-29
of3_holo_MAPK11_06cff30a,MAPK11,af3_holo_iptm,0.194,0.209,,2026-07-29
of3_holo_MAPK11_c1755eb1,MAPK11,af3_holo_iptm,0.194,0.191,,2026-07-29
of3_holo_MAPK14_1170ca20,MAPK14,af3_holo_iptm,0.193,0.190,,2026-07-29
of3_holo_MAPK11_181c2d06,MAPK11,af3_holo_iptm,0.193,0.196,,2026-07-29
of3_holo_MAPK11_f0800f74,MAPK11,af3_holo_iptm,0.193,0.205,,2026-07-29
of3_holo_MAPKAPK2_1ac1ab4c,MAPKAPK2,af3_holo_iptm,0.193,0.212,,2026-08-02
of3_holo_KEAP1_c1914fc6,KEAP1,af3_holo_iptm,0.193,0.439,,2026-07-29
of3_holo_MAPK11_0d2361f9,MAPK11,af3_holo_iptm,0.193,0.208,,2026-07-29
of3_holo_MAPKAPK2_f856834b,MAPKAPK2,af3_holo_iptm,0.193,0.207,,2026-07-29
of3_holo_MAPK14_21dbf844,MAPK14,af3_holo_iptm,0.193,0.232,,2026-07-29
of3_holo_MAPKAPK2_c5e3beeb,MAPKAPK2,af3_holo_iptm,0.193,0.216,,2026-07-29
of3_holo_KEAP1_7f1a4c86,KEAP1,af3_holo_iptm,0.193,0.450,,2026-07-29
of3_holo_MAPK14_3b21195a,MAPK14,af3_holo_iptm,0.193,0.186,,2026-08-02
of3_holo_DNM1L_a8747805,DNM1L,af3_holo_iptm,0.193,0.188,,2026-07-29
of3_holo_KEAP1_2bff522b,KEAP1,af3_holo_iptm,0.193,0.451,,2026-08-02
of3_holo_MAPK13_35a8d35d,MAPK13,af3_holo_iptm,0.193,0.211,,2026-07-29
of3_holo_MAPK11_6741b11b,MAPK11,af3_holo_iptm,0.193,0.192,,2026-07-29
of3_holo_DNM1L_b937b08b,DNM1L,af3_holo_iptm,0.193,0.185,,2026-08-11
of3_holo_MAPKAPK2_840827b3,MAPKAPK2,af3_holo_iptm,0.192,0.215,,2026-07-29
of3_holo_MAPKAPK2_a0624686,MAPKAPK2,af3_holo_iptm,0.192,0.221,,2026-07-29
of3_holo_MAPK13_d1f95d00,MAPK13,af3_holo_iptm,0.192,0.214,,2026-07-29
of3_holo_MAPK11_76d8a656,MAPK11,af3_holo_iptm,0.192,0.196,,2026-07-29
of3_holo_MAPK11_56a2b122,MAPK11,af3_holo_iptm,0.192,0.212,,2026-07-29
of3_holo_MAPK11_10d37737,MAPK11,af3_holo_iptm,0.192,0.203,,2026-07-29
of3_holo_MAPK11_f930744e,MAPK11,af3_holo_iptm,0.192,0.239,,2026-07-29
of3_holo_MAPK11_fbe868d3,MAPK11,af3_holo_iptm,0.192,0.194,,2026-07-29
of3_holo_MAPK14_6ccdc73c,MAPK14,af3_holo_iptm,0.192,0.189,,2026-07-29
of3_holo_KEAP1_c2ec14c2,KEAP1,af3_holo_iptm,0.192,0.449,,2026-07-29
of3_holo_DNM1L_c91fef67,DNM1L,af3_holo_iptm,0.192,0.193,,2026-07-29
of3_holo_DNM1L_c8f9b4e1,DNM1L,af3_holo_iptm,0.192,0.201,,2026-07-29
of3_holo_MAPKAPK2_4c21ec20,MAPKAPK2,af3_holo_iptm,0.192,0.211,,2026-07-29
of3_holo_MAPK11_9c1925df,MAPK11,af3_holo_iptm,0.191,0.208,,2026-07-29
of3_holo_MAPK11_92d2a4a7,MAPK11,af3_holo_iptm,0.191,0.245,,2026-07-29
of3_holo_MAPK11_0e01dc10,MAPK11,af3_holo_iptm,0.191,0.212,,2026-07-29
of3_holo_KEAP1_45f6c1a2,KEAP1,af3_holo_iptm,0.191,0.447,,2026-07-29
of3_holo_MAPKAPK2_aecca089,MAPKAPK2,af3_holo_iptm,0.191,0.211,,2026-07-29
of3_holo_MAPK14_e84d8c25,MAPK14,af3_holo_iptm,0.191,0.200,,2026-07-29
of3_holo_MAPK14_2ed4482d,MAPK14,af3_holo_iptm,0.191,0.207,,2026-07-29
of3_holo_MAPK14_e8993c73,MAPK14,af3_holo_iptm,0.191,0.202,,2026-07-29
of3_holo_KEAP1_0c40ea03,KEAP1,af3_holo_iptm,0.191,0.455,,2026-08-02
of3_holo_MAPKAPK2_6697b1d9,MAPKAPK2,af3_holo_iptm,0.191,0.214,,2026-08-02
of3_holo_MAPK11_d7e7447d,MAPK11,af3_holo_iptm,0.191,0.203,,2026-07-29
of3_holo_MAPK14_5323ecb2,MAPK14,af3_holo_iptm,0.191,0.222,,2026-07-29
of3_holo_KEAP1_72705d6c,KEAP1,af3_holo_iptm,0.191,0.450,,2026-07-29
of3_holo_DNM1L_8afad605,DNM1L,af3_holo_iptm,0.191,0.197,,2026-07-29
of3_holo_MAPK11_a77e5577,MAPK11,af3_holo_iptm,0.191,0.299,,2026-07-29
of3_holo_MAPK11_d2df0f88,MAPK11,af3_holo_iptm,0.191,0.235,,2026-07-29
of3_holo_MAPK11_8a818e26,MAPK11,af3_holo_iptm,0.191,0.201,,2026-07-29
of3_holo_MAPK11_292c4de9,MAPK11,af3_holo_iptm,0.191,0.198,,2026-07-29
of3_holo_KEAP1_e02c9a1e,KEAP1,af3_holo_iptm,0.191,0.451,,2026-07-29
of3_holo_MAPK14_cf37122e,MAPK14,af3_holo_iptm,0.191,0.196,,2026-07-29
of3_holo_KEAP1_5e1f82db,KEAP1,af3_holo_iptm,0.191,0.455,,2026-07-29
of3_holo_MAPK14_f59aee18,MAPK14,af3_holo_iptm,0.191,0.186,,2026-08-02
of3_holo_MAPK13_cf219973,MAPK13,af3_holo_iptm,0.191,0.207,,2026-07-29
of3_holo_MAPK11_504e9156,MAPK11,af3_holo_iptm,0.191,0.276,,2026-07-29
of3_holo_DNM1L_cf08a1e7,DNM1L,af3_holo_iptm,0.190,0.192,,2026-07-29
of3_holo_MAPK11_6c6041cc,MAPK11,af3_holo_iptm,0.190,0.291,,2026-07-29
of3_holo_MAPK11_b8c2a182,MAPK11,af3_holo_iptm,0.190,0.199,,2026-07-29
of3_holo_MAPK11_b4b78207,MAPK11,af3_holo_iptm,0.190,0.213,,2026-07-29
of3_holo_MAPK11_e0a26cd7,MAPK11,af3_holo_iptm,0.190,0.196,,2026-07-29
musk_x_limk1,"",af3_iptm,0.190,0.330,0.300,2026-05-23
rock1_x_limk2,"",af3_iptm,0.190,0.340,0.430,2026-05-21
008_mapk10_x_snca,"",af3_iptm,0.190,0.590,0.440,2026-06-18
rock2_x_cfl1,"",af3_iptm,0.190,0.350,0.420,2026-05-27
anxa2_x_smn1,"",af3_iptm,0.190,0.540,0.450,2026-07-04
smn1_x_hnrnpa2b1,"",af3_iptm,0.190,0.360,0.530,2026-05-21
a_x_b_a71a84d8,"",af3_iptm,0.190,0.590,0.370,2026-07-30
lrp4_x_musk,"",af3_iptm,0.190,0.350,0.230,2026-07-03
008_mapk10_x_snca,"",af3_iptm,0.190,0.590,0.440,2026-06-21
hnrnpa1_15_93_x_tp53_363_393,"",af3_iptm,0.190,0.640,0.420,2026-07-15
smn1_x_tardbp,"",af3_iptm,0.190,0.230,0.460,2026-05-23
hif1a_18_80_x_mdm2_17_125,"",af3_iptm,0.190,0.530,0.390,2026-07-15
kcnb1_cyto_x_smn1,"",af3_iptm,0.190,0.180,,2026-05-27
54_rock2_1_420_x_ppp1r12a_1_300,"",af3_iptm,0.190,0.550,0.320,2026-06-07
78_nfe2l2_x_smarca4,"",af3_iptm,0.190,0.320,0.310,2026-06-12
perp_none_none_x_stmn2_none_none,"",af3_iptm,0.190,0.480,0.510,2026-07-30
rheb_full_x_smn1_prol,"",af3_iptm,0.190,0.580,0.370,2026-05-16
08_mapk14_x_nlk,"",af3_iptm,0.190,0.480,0.330,2026-06-14
dok7_x_smn1,"",af3_iptm,0.190,0.370,0.530,2026-05-29
binder7140_lrp4_x_lrp4_beta1_prop_435_697,"",af3_iptm,0.190,0.680,0.290,2026-07-21
snph_x_rock2_kd,"",af3_iptm,0.190,0.690,,2026-05-27
hdac6_cd2_x_nfe2l2,"",af3_iptm,0.190,0.400,0.490,2026-05-29
111_mapk8_x_foxo4,"",af3_iptm,0.190,0.430,0.500,2026-06-18
eno2_ldha,"",af3_iptm,0.190,0.620,0.290,2026-08-03
musk_x_pak1,"",af3_iptm,0.190,0.340,0.330,2026-07-17
srsf1_none_none_x_fus_471_526,"",af3_iptm,0.190,0.320,0.450,2026-07-08
43_sirt1_x_ppargc1a,"",af3_iptm,0.190,0.340,0.530,2026-06-21
rhoa_x_limk1,"",af3_iptm,0.190,0.430,0.300,2026-05-21
mtor_1626_1876_x_srsf1_16_90,"",af3_iptm,0.190,0.530,0.360,2026-07-28
binder6569_agrn_x_agrn_lg3_1868_2065,"",af3_iptm,0.190,0.560,0.290,2026-07-24
deptor_322_409_x_atf3_none_none,"",af3_iptm,0.190,0.340,0.530,2026-07-28
tsc2_x_pfn2_cf189f19,"",af3_iptm,0.190,0.530,0.400,2026-06-28
smn1_gemin8,"",af3_iptm,0.190,0.220,0.580,2026-08-02
ntrk2_x_nrg1,"",af3_iptm,0.190,0.320,0.440,2026-05-22
anxa2_x_smn1,"",af3_iptm,0.190,0.540,0.450,2026-07-03
pak1_x_bcl2l1_a4bccdc5,"",af3_iptm,0.190,0.470,0.410,2026-06-29
78_nfe2l2_x_smarca4,"",af3_iptm,0.190,0.320,0.310,2026-06-14
kcna2_x_rock2_kd,"",af3_iptm,0.190,0.470,0.310,2026-05-26
gdnf_none_none_x_smn1_260_294,"",af3_iptm,0.190,0.370,0.530,2026-07-15
nmj_lrp4_b12_dimer_s7,"",af3_iptm,0.190,0.390,0.230,2026-08-14
musk_x_pak1,"",af3_iptm,0.190,0.340,0.340,2026-05-25
57_smn1_x_prmt5,"",af3_iptm,0.190,0.610,0.410,2026-06-14
deptor_x_gdnf,"",af3_iptm,0.190,0.340,0.380,2026-05-25
mapkapk2_x_keap1_kelch,"",af3_iptm,0.190,0.470,,2026-05-27
57_smn1_x_prmt5,"",af3_iptm,0.190,0.610,0.410,2026-06-12
rock2_x_tp53,"",af3_iptm,0.190,0.330,0.420,2026-05-23
mcu_x_rock2_kd,"",af3_iptm,0.190,0.480,,2026-05-27
lrp4_bp3_x_musk_ig12,"",af3_iptm,0.190,0.630,0.290,2026-08-06
binder78_musk_fz_x_musk_fz_306_456,"",af3_iptm,0.190,0.510,0.270,2026-07-25
gfra3_132_255_x_lrp4_1656_1905,"",af3_iptm,0.190,0.340,0.540,2026-07-28
atf3_none_none_x_tp53_323_356,"",af3_iptm,0.190,0.340,0.590,2026-07-16
srsf1_x_tp53,"",af3_iptm,0.190,0.410,0.450,2026-05-23
hnrnpa1_x_tra2b,"",af3_iptm,0.190,0.350,0.520,2026-05-22
gfra3_132_255_x_agrn_876_1126,"",af3_iptm,0.190,0.320,0.450,2026-07-28
mapk14_x_limk2,"",af3_iptm,0.190,0.410,0.290,2026-05-26
mapk14_x_rapsn,"",af3_iptm,0.190,0.550,0.280,2026-05-26
a_x_b_7949031e,"",af3_iptm,0.190,0.550,0.360,2026-07-29
binder6844_agrn_x_agrn_lg3_1868_2065,"",af3_iptm,0.190,0.600,0.300,2026-07-23
78_nfe2l2_x_smarca4_2,"",af3_iptm,0.190,0.320,0.310,2026-08-06
78_nfe2l2_x_smarca4_2,"",af3_iptm,0.190,0.320,0.310,2026-08-06
limk2_x_keap1,"",af3_iptm,0.190,0.390,0.290,2026-05-26
of3_holo_KEAP1_1e6dccea,KEAP1,af3_holo_iptm,0.190,0.452,,2026-08-02
of3_holo_MAPK11_d10d18d1,MAPK11,af3_holo_iptm,0.190,0.309,,2026-07-29
of3_holo_MAPK14_d1ae4a94,MAPK14,af3_holo_iptm,0.190,0.200,,2026-07-29
of3_holo_MAPK11_5fbfd122,MAPK11,af3_holo_iptm,0.190,0.193,,2026-07-29
of3_holo_KEAP1_2fe94182,KEAP1,af3_holo_iptm,0.190,0.456,,2026-08-02
of3_holo_KEAP1_6f85fdf8,KEAP1,af3_holo_iptm,0.190,0.447,,2026-08-02
of3_holo_MAPK14_b1ef4bc2,MAPK14,af3_holo_iptm,0.189,0.204,,2026-07-29
of3_holo_MAPK11_f81645b3,MAPK11,af3_holo_iptm,0.189,0.207,,2026-07-29
of3_holo_MAPK11_8922b007,MAPK11,af3_holo_iptm,0.189,0.199,,2026-07-29
of3_holo_MAPK14_a4c4f517,MAPK14,af3_holo_iptm,0.189,0.210,,2026-07-29
of3_holo_MAPK11_1b36835e,MAPK11,af3_holo_iptm,0.189,0.201,,2026-07-29
of3_holo_MAPKAPK2_3c8a1773,MAPKAPK2,af3_holo_iptm,0.189,0.202,,2026-08-02
of3_holo_MAPK13_2c1c9a11,MAPK13,af3_holo_iptm,0.189,0.221,,2026-07-29
of3_holo_MAPK11_dc89e99b,MAPK11,af3_holo_iptm,0.189,0.237,,2026-07-29
of3_holo_MAPK13_f9b079fb,MAPK13,af3_holo_iptm,0.189,0.201,,2026-07-29
of3_holo_MAPK14_af36aaff,MAPK14,af3_holo_iptm,0.189,0.192,,2026-07-29
of3_holo_MAPK11_d82a55a9,MAPK11,af3_holo_iptm,0.189,0.231,,2026-07-29
of3_holo_MAPK11_17dda91b,MAPK11,af3_holo_iptm,0.189,0.285,,2026-07-29
of3_holo_MAPK11_17b17195,MAPK11,af3_holo_iptm,0.189,0.196,,2026-07-29
of3_holo_MAPK11_7d3c8080,MAPK11,af3_holo_iptm,0.189,0.199,,2026-07-29
of3_holo_MAPK11_8a0a9d8a,MAPK11,af3_holo_iptm,0.189,0.198,,2026-07-29
of3_holo_MAPK11_03da0825,MAPK11,af3_holo_iptm,0.189,0.218,,2026-07-29
of3_holo_MAPK14_3f2027b6,MAPK14,af3_holo_iptm,0.189,0.195,,2026-08-02
of3_holo_DNM1L_f94d182f,DNM1L,af3_holo_iptm,0.189,0.183,,2026-07-29
of3_holo_MAPK14_0574cd32,MAPK14,af3_holo_iptm,0.189,0.184,,2026-07-29
of3_holo_MAPK11_6fc72a64,MAPK11,af3_holo_iptm,0.188,0.197,,2026-07-29
of3_holo_MAPK13_d9aad9b1,MAPK13,af3_holo_iptm,0.188,0.206,,2026-07-29
of3_holo_MAPK11_62ef0051,MAPK11,af3_holo_iptm,0.188,0.194,,2026-07-29
of3_holo_MAPK11_ee79444b,MAPK11,af3_holo_iptm,0.188,0.200,,2026-07-29
of3_holo_MAPK11_e3d6463f,MAPK11,af3_holo_iptm,0.188,0.203,,2026-07-29
of3_holo_MAPK11_d3849222,MAPK11,af3_holo_iptm,0.188,0.232,,2026-07-29
of3_holo_MAPK11_5908dc7b,MAPK11,af3_holo_iptm,0.188,0.194,,2026-07-29
of3_holo_MAPK14_76d989e5,MAPK14,af3_holo_iptm,0.188,0.187,,2026-07-29
of3_holo_MAPKAPK2_d70b0924,MAPKAPK2,af3_holo_iptm,0.188,0.212,,2026-08-02
of3_holo_MAPK14_5109cb9f,MAPK14,af3_holo_iptm,0.188,0.213,,2026-08-02
of3_holo_MAPK11_09fa2411,MAPK11,af3_holo_iptm,0.188,0.363,,2026-07-29
of3_holo_MAPK14_9b7b5c92,MAPK14,af3_holo_iptm,0.188,0.189,,2026-07-29
of3_holo_MAPK12_094785dc,MAPK12,af3_holo_iptm,0.188,0.208,,2026-07-29
of3_holo_MAPK11_bd5346dd,MAPK11,af3_holo_iptm,0.187,0.197,,2026-07-29
of3_holo_MAPK14_d19c989c,MAPK14,af3_holo_iptm,0.187,0.188,,2026-08-02
of3_holo_KEAP1_a1933b46,KEAP1,af3_holo_iptm,0.187,0.440,,2026-08-02
of3_holo_MAPK14_d9e55ba4,MAPK14,af3_holo_iptm,0.187,0.190,,2026-07-29
of3_holo_MAPK11_4e41e6f2,MAPK11,af3_holo_iptm,0.187,0.226,,2026-07-29
of3_holo_MAPK11_b5bcc996,MAPK11,af3_holo_iptm,0.187,0.190,,2026-07-29
of3_holo_MAPK13_05ce2803,MAPK13,af3_holo_iptm,0.187,0.209,,2026-07-29
of3_holo_MAPK11_391823e9,MAPK11,af3_holo_iptm,0.187,0.201,,2026-07-29
of3_holo_MAPK13_5808a0dc,MAPK13,af3_holo_iptm,0.187,0.197,,2026-07-29
of3_holo_MAPK11_6190024a,MAPK11,af3_holo_iptm,0.187,0.202,,2026-07-29
of3_holo_MAPK11_943a33a8,MAPK11,af3_holo_iptm,0.187,0.194,,2026-07-29
of3_holo_MAPK11_cba34ddd,MAPK11,af3_holo_iptm,0.187,0.231,,2026-07-29
of3_holo_MAPK14_07e42b0e,MAPK14,af3_holo_iptm,0.187,0.203,,2026-07-29
of3_holo_MAPK14_fd63e509,MAPK14,af3_holo_iptm,0.186,0.203,,2026-08-02
of3_holo_MAPK11_673ce7ed,MAPK11,af3_holo_iptm,0.186,0.276,,2026-07-29
of3_holo_KEAP1_ebb7599a,KEAP1,af3_holo_iptm,0.186,0.437,,2026-08-02
of3_holo_MAPK14_a88458f1,MAPK14,af3_holo_iptm,0.186,0.195,,2026-07-29
of3_holo_MAPK14_a86b7b8d,MAPK14,af3_holo_iptm,0.186,0.206,,2026-07-29
of3_holo_MAPK11_80789053,MAPK11,af3_holo_iptm,0.186,0.237,,2026-07-29
of3_holo_KEAP1_aa7a547e,KEAP1,af3_holo_iptm,0.186,0.451,,2026-08-02
of3_holo_MAPK11_584045c2,MAPK11,af3_holo_iptm,0.186,0.202,,2026-07-29
of3_holo_MAPK11_b33d5206,MAPK11,af3_holo_iptm,0.186,0.194,,2026-07-29
of3_holo_MAPK11_e53e1b4c,MAPK11,af3_holo_iptm,0.186,0.230,,2026-07-29
of3_holo_MAPK11_261ca834,MAPK11,af3_holo_iptm,0.186,0.201,,2026-07-29
of3_holo_KEAP1_5892553f,KEAP1,af3_holo_iptm,0.186,0.451,,2026-07-29
of3_holo_MAPKAPK2_54067c3e,MAPKAPK2,af3_holo_iptm,0.186,0.209,,2026-07-29
of3_holo_MAPK14_620c3843,MAPK14,af3_holo_iptm,0.186,0.211,,2026-07-29
of3_holo_MAPK11_b7939eb9,MAPK11,af3_holo_iptm,0.186,0.212,,2026-07-29
of3_holo_MAPK11_8d54446e,MAPK11,af3_holo_iptm,0.186,0.217,,2026-07-29
of3_holo_MAPK11_2ab03b43,MAPK11,af3_holo_iptm,0.186,0.214,,2026-07-29
of3_holo_MAPK13_a91c097b,MAPK13,af3_holo_iptm,0.186,0.209,,2026-07-29
of3_holo_MAPK11_3a275391,MAPK11,af3_holo_iptm,0.186,0.197,,2026-07-29
of3_holo_MAPKAPK2_33f57909,MAPKAPK2,af3_holo_iptm,0.186,0.214,,2026-07-29
of3_holo_MAPK14_47a38add,MAPK14,af3_holo_iptm,0.186,0.196,,2026-07-29
of3_holo_MAPK14_aa508f9f,MAPK14,af3_holo_iptm,0.185,0.234,,2026-07-29
of3_holo_MAPK11_3979cd12,MAPK11,af3_holo_iptm,0.185,0.209,,2026-07-29
of3_holo_MAPK14_0234474e,MAPK14,af3_holo_iptm,0.185,0.185,,2026-07-29
of3_holo_MAPK14_673c7cca,MAPK14,af3_holo_iptm,0.185,0.185,,2026-08-02
of3_holo_MAPK11_a9a0037f,MAPK11,af3_holo_iptm,0.185,0.216,,2026-07-29
of3_holo_MAPK11_207e1f53,MAPK11,af3_holo_iptm,0.185,0.195,,2026-07-29
of3_holo_MAPK11_3d7fb103,MAPK11,af3_holo_iptm,0.185,0.196,,2026-07-29
of3_holo_MAPK11_0dce2345,MAPK11,af3_holo_iptm,0.185,0.191,,2026-07-29
of3_holo_MAPK11_073d575d,MAPK11,af3_holo_iptm,0.185,0.193,,2026-07-29
of3_holo_MAPK11_b8845fdd,MAPK11,af3_holo_iptm,0.185,0.199,,2026-07-29
of3_holo_MAPKAPK2_834f33ea,MAPKAPK2,af3_holo_iptm,0.185,0.208,,2026-08-02
of3_holo_MAPK11_89dc169f,MAPK11,af3_holo_iptm,0.185,0.196,,2026-07-29
of3_holo_MAPK11_1e870017,MAPK11,af3_holo_iptm,0.185,0.205,,2026-07-29
of3_holo_MAPK11_a5831e5d,MAPK11,af3_holo_iptm,0.185,0.204,,2026-07-29
of3_holo_MAPK14_b76fcc93,MAPK14,af3_holo_iptm,0.185,0.201,,2026-07-29
of3_holo_DNM1L_8d640ce2,DNM1L,af3_holo_iptm,0.185,0.185,,2026-07-29
of3_holo_MAPK14_f33ece55,MAPK14,af3_holo_iptm,0.185,0.199,,2026-07-29
of3_holo_KEAP1_3ab909a3,KEAP1,af3_holo_iptm,0.185,0.451,,2026-07-29
of3_holo_MAPK13_d288192e,MAPK13,af3_holo_iptm,0.185,0.226,,2026-07-29
of3_holo_MAPK14_8ff7f2fb,MAPK14,af3_holo_iptm,0.185,0.204,,2026-08-02
of3_holo_MAPK11_6c58b1db,MAPK11,af3_holo_iptm,0.184,0.208,,2026-07-29
of3_holo_MAPK11_14ec8b54,MAPK11,af3_holo_iptm,0.184,0.202,,2026-07-29
of3_holo_DNM1L_f28c818e,DNM1L,af3_holo_iptm,0.184,0.197,,2026-07-29
of3_holo_MAPK11_88e45ed0,MAPK11,af3_holo_iptm,0.184,0.217,,2026-07-29
of3_holo_MAPK11_e100bd44,MAPK11,af3_holo_iptm,0.184,0.212,,2026-07-29
of3_holo_MAPK14_4698737a,MAPK14,af3_holo_iptm,0.184,0.194,,2026-07-29
of3_holo_DNM1L_f053eed2,DNM1L,af3_holo_iptm,0.184,0.184,,2026-07-29
of3_holo_MAPK14_f512c67c,MAPK14,af3_holo_iptm,0.184,0.199,,2026-07-29
of3_holo_MAPKAPK2_471b81f7,MAPKAPK2,af3_holo_iptm,0.184,0.219,,2026-07-29
of3_holo_MAPK14_76c569b3,MAPK14,af3_holo_iptm,0.184,0.200,,2026-07-29
of3_holo_MAPK11_c79b665e,MAPK11,af3_holo_iptm,0.184,0.199,,2026-07-29
of3_holo_MAPK11_5469872f,MAPK11,af3_holo_iptm,0.184,0.195,,2026-07-29
of3_holo_MAPK11_8a89fce9,MAPK11,af3_holo_iptm,0.184,0.216,,2026-07-29
of3_holo_MAPK14_e331b590,MAPK14,af3_holo_iptm,0.184,0.196,,2026-07-29
of3_holo_KEAP1_1e105593,KEAP1,af3_holo_iptm,0.184,0.450,,2026-07-31
of3_holo_DNM1L_0fe9211d,DNM1L,af3_holo_iptm,0.184,0.196,,2026-07-31
of3_holo_MAPK11_6df3d3ea,MAPK11,af3_holo_iptm,0.183,0.197,,2026-07-29
of3_holo_MAPK11_4d7af9ce,MAPK11,af3_holo_iptm,0.183,0.238,,2026-07-29
of3_holo_MAPK11_7fec84bf,MAPK11,af3_holo_iptm,0.183,0.189,,2026-07-29
of3_holo_KEAP1_3ee44564,KEAP1,af3_holo_iptm,0.183,0.449,,2026-07-29
of3_holo_KEAP1_23af6ddc,KEAP1,af3_holo_iptm,0.183,0.450,,2026-07-29
of3_holo_MAPK11_735e356d,MAPK11,af3_holo_iptm,0.183,0.311,,2026-07-29
of3_holo_MAPK14_08220d4a,MAPK14,af3_holo_iptm,0.183,0.179,,2026-07-29
of3_holo_KEAP1_6f46fa64,KEAP1,af3_holo_iptm,0.183,0.442,,2026-07-29
of3_holo_MAPK11_520afa8d,MAPK11,af3_holo_iptm,0.183,0.220,,2026-07-29
of3_holo_MAPK14_bb331906,MAPK14,af3_holo_iptm,0.183,0.183,,2026-07-29
of3_holo_MAPK11_98689691,MAPK11,af3_holo_iptm,0.183,0.200,,2026-07-29
of3_holo_MAPK14_2750904c,MAPK14,af3_holo_iptm,0.182,0.200,,2026-07-29
of3_holo_MAPK14_8bbfd2a6,MAPK14,af3_holo_iptm,0.182,0.199,,2026-08-02
of3_holo_MAPK14_0d2e679e,MAPK14,af3_holo_iptm,0.182,0.181,,2026-07-29
of3_holo_MAPK14_ae18a9c0,MAPK14,af3_holo_iptm,0.182,0.190,,2026-07-29
of3_holo_MAPK11_528045de,MAPK11,af3_holo_iptm,0.182,0.205,,2026-07-29
of3_holo_MAPK11_855cec5b,MAPK11,af3_holo_iptm,0.182,0.210,,2026-07-29
of3_holo_KEAP1_61e33bc2,KEAP1,af3_holo_iptm,0.182,0.438,,2026-07-29
of3_holo_MAPK14_9e28e6ee,MAPK14,af3_holo_iptm,0.182,0.208,,2026-08-02
of3_holo_MAPK11_88ce19db,MAPK11,af3_holo_iptm,0.182,0.211,,2026-07-29
of3_holo_MAPK11_0354eb33,MAPK11,af3_holo_iptm,0.182,0.198,,2026-07-29
of3_holo_MAPK14_94235f95,MAPK14,af3_holo_iptm,0.182,0.198,,2026-07-29
of3_holo_KEAP1_4c951438,KEAP1,af3_holo_iptm,0.181,0.444,,2026-07-29
of3_holo_MAPK11_351dde70,MAPK11,af3_holo_iptm,0.181,0.223,,2026-07-29
of3_holo_KEAP1_65e436f1,KEAP1,af3_holo_iptm,0.181,0.451,,2026-07-29
of3_holo_MAPK14_6ce2d3ef,MAPK14,af3_holo_iptm,0.181,0.188,,2026-07-29
of3_holo_MAPK14_1a687e1d,MAPK14,af3_holo_iptm,0.181,0.189,,2026-07-29
of3_holo_MAPK11_b1b8fceb,MAPK11,af3_holo_iptm,0.181,0.199,,2026-07-29
of3_holo_MAPK14_d30b6097,MAPK14,af3_holo_iptm,0.181,0.212,,2026-07-29
of3_holo_KEAP1_c8f8531b,KEAP1,af3_holo_iptm,0.181,0.452,,2026-07-29
of3_holo_DNM1L_a7093810,DNM1L,af3_holo_iptm,0.180,0.189,,2026-07-29
of3_holo_MAPK11_f22e7b63,MAPK11,af3_holo_iptm,0.180,0.235,,2026-07-29
of3_holo_MAPKAPK2_076431c6,MAPKAPK2,af3_holo_iptm,0.180,0.194,,2026-08-02
of3_holo_MAPK11_5580f1f9,MAPK11,af3_holo_iptm,0.180,0.208,,2026-07-29
of3_holo_KEAP1_07b4a5d3,KEAP1,af3_holo_iptm,0.180,0.452,,2026-08-02
hif1a_18_80_x_nrg1_176_246,"",af3_iptm,0.180,0.340,0.370,2026-07-15
66_sarm1_x_nmnat1,"",af3_iptm,0.180,0.580,0.310,2026-06-19
39_hdac2_x_mbd3,"",af3_iptm,0.180,0.540,0.420,2026-06-05
005_mapk10_x_dcx,"",af3_iptm,0.180,0.470,0.400,2026-06-18
41_hdac2_x_mbd2,"",af3_iptm,0.180,0.470,0.440,2026-06-08
rock2_x_cfl2,"",af3_iptm,0.180,0.350,0.390,2026-05-23
hnrnpa1_x_khdrbs1,"",af3_iptm,0.180,0.320,0.500,2026-07-04
smn1_260_294_x_tp53_323_356,"",af3_iptm,0.180,0.450,0.740,2026-07-08
76_rapsn_x_musk_22_495,"",af3_iptm,0.180,0.500,0.270,2026-06-19
pfn2_none_none_x_fus_471_526_2,"",af3_iptm,0.180,0.710,0.430,2026-08-06
tp73_itch,"",af3_iptm,0.180,0.340,0.390,2026-08-01
smn1_x_dok7,"",af3_iptm,0.180,0.360,0.520,2026-05-27
40_prkaa2_x_ulk1,"",af3_iptm,0.180,0.300,0.240,2026-06-21
musk_312_450_x_wnt11_none_none,"",af3_iptm,0.180,0.630,0.280,2026-07-29
hnrnpa1_rrm1_x_tp53_ctd,"",af3_iptm,0.180,0.500,0.480,2026-05-14
pfn2_x_ncald_327dcab8,"",af3_iptm,0.180,0.490,0.260,2026-06-28
cfl2_none_none_x_smn1_260_294,"",af3_iptm,0.180,0.730,0.380,2026-07-15
binder6223_agrn_x_agrn_lg3_1868_2065,"",af3_iptm,0.180,0.670,0.280,2026-07-24
10_mapkapk2_x_limk1,"",af3_iptm,0.180,0.410,0.310,2026-06-14
pfn2_none_none_x_fus_471_526,"",af3_iptm,0.180,0.710,0.430,2026-07-26
agrn_x_erbb3,"",af3_iptm,0.180,0.430,0.260,2026-05-22
a_x_b_66b3ee6a,"",af3_iptm,0.180,0.190,0.200,2026-07-29
26_kcnb1_410_858_x_stx1a,"",af3_iptm,0.180,0.340,0.550,2026-06-05
048_mapk9_x_snca,"",af3_iptm,0.180,0.600,0.450,2026-06-18
musk_310_495_x_pak1_74_149,"",af3_iptm,0.180,0.530,0.390,2026-07-28
34_hdac2_x_rbbp4,"",af3_iptm,0.180,0.500,0.310,2026-06-08
mapkapk2_x_rock2_kd,"",af3_iptm,0.180,0.460,,2026-05-27
gfra1_146_265_x_lrp4_751_1001,"",af3_iptm,0.180,0.620,0.270,2026-07-15
pak1_x_limk1,"",af3_iptm,0.180,0.390,0.340,2026-05-27
005_mapk10_x_dcx,"",af3_iptm,0.180,0.470,0.400,2026-06-21
hk1_pkm2,"",af3_iptm,0.180,0.570,0.270,2026-08-03
chrna1_x_nrg1,"",af3_iptm,0.180,0.410,0.480,2026-05-22
033_mapk10_x_bcl2,"",af3_iptm,0.180,0.520,0.380,2026-06-18
binder_rock2_job_0_n_334_id_1_bon_orig2_r1,"",af3_iptm,0.180,0.740,0.290,2026-05-14
atf3_full_x_smn1_tudor,"",af3_iptm,0.180,0.280,0.560,2026-05-16
smn1_x_rapsn,"",af3_iptm,0.180,0.560,0.420,2026-05-27
smn1_x_limk2,"",af3_iptm,0.180,0.370,0.380,2026-05-27
rheb_full_x_smn1_prol,"",af3_iptm,0.180,0.520,0.350,2026-05-14
hif1a_18_80_x_srsf1_16_90,"",af3_iptm,0.180,0.540,0.320,2026-07-15
07_mapk14_x_spag9,"",af3_iptm,0.180,0.390,0.380,2026-06-14
hnrnpa1_rrm1_x_tp53_ctd,"",af3_iptm,0.180,0.500,0.480,2026-05-16
hnrnpa1_106_184_x_tp53_363_393,"",af3_iptm,0.180,0.630,0.410,2026-07-15
binder705_musk_x_musk_ig1_24_128,"",af3_iptm,0.180,0.570,0.290,2026-07-20
hnrnpa1_x_khdrbs1,"",af3_iptm,0.180,0.320,0.500,2026-07-03
mapkapk2_x_cfl2,"",af3_iptm,0.180,0.540,,2026-05-27
hnrnpa1_15_93_x_tp53_1_62,"",af3_iptm,0.180,0.520,0.490,2026-07-15
of3_holo_MAPK14_676ee70c,MAPK14,af3_holo_iptm,0.180,0.209,,2026-08-01
of3_holo_MAPK11_56ec11a3,MAPK11,af3_holo_iptm,0.180,0.202,,2026-07-29
of3_holo_MAPK14_f191e48b,MAPK14,af3_holo_iptm,0.180,0.188,,2026-08-02
of3_holo_MAPK11_804dca75,MAPK11,af3_holo_iptm,0.180,0.190,,2026-07-29
of3_holo_MAPK14_b44ce09e,MAPK14,af3_holo_iptm,0.180,0.180,,2026-07-29
of3_holo_MAPK14_1601e884,MAPK14,af3_holo_iptm,0.180,0.187,,2026-07-29
of3_holo_KEAP1_c4bbed39,KEAP1,af3_holo_iptm,0.180,0.446,,2026-08-02
of3_holo_MAPK14_76b3c8ce,MAPK14,af3_holo_iptm,0.180,0.202,,2026-07-29
of3_holo_MAPK11_fcea1112,MAPK11,af3_holo_iptm,0.180,0.235,,2026-07-29
of3_holo_KEAP1_c49b269d,KEAP1,af3_holo_iptm,0.179,0.451,,2026-08-02
of3_holo_MAPK11_92c7b997,MAPK11,af3_holo_iptm,0.179,0.196,,2026-07-29
of3_holo_KEAP1_85a6b2a8,KEAP1,af3_holo_iptm,0.179,0.452,,2026-07-29
of3_holo_KEAP1_8e63f0fc,KEAP1,af3_holo_iptm,0.179,0.448,,2026-08-01
of3_holo_KEAP1_ff7c5599,KEAP1,af3_holo_iptm,0.179,0.438,,2026-08-02
of3_holo_DNM1L_b0ec591e,DNM1L,af3_holo_iptm,0.179,0.186,,2026-07-30
of3_holo_MAPK11_10b57dd0,MAPK11,af3_holo_iptm,0.179,0.230,,2026-07-29
of3_holo_KEAP1_4a7c5544,KEAP1,af3_holo_iptm,0.179,0.440,,2026-08-02
of3_holo_KEAP1_a36a1f64,KEAP1,af3_holo_iptm,0.179,0.455,,2026-08-02
of3_holo_MAPK11_19ebe05b,MAPK11,af3_holo_iptm,0.178,0.212,,2026-07-29
of3_holo_MAPK11_b878ed2d,MAPK11,af3_holo_iptm,0.178,0.246,,2026-07-29
of3_holo_MAPK11_fd16e750,MAPK11,af3_holo_iptm,0.178,0.223,,2026-07-29
of3_holo_MAPK14_5a38787c,MAPK14,af3_holo_iptm,0.178,0.213,,2026-07-29
of3_holo_MAPK11_6fb92e7b,MAPK11,af3_holo_iptm,0.178,0.199,,2026-07-29
of3_holo_MAPK14_ea04f1bc,MAPK14,af3_holo_iptm,0.178,0.198,,2026-07-29
of3_holo_MAPK11_2a975356,MAPK11,af3_holo_iptm,0.178,0.191,,2026-07-29
of3_holo_MAPK11_2e11f158,MAPK11,af3_holo_iptm,0.178,0.226,,2026-07-29
of3_holo_MAPK14_f523899d,MAPK14,af3_holo_iptm,0.178,0.214,,2026-08-02
of3_holo_KEAP1_4f212c9e,KEAP1,af3_holo_iptm,0.178,0.448,,2026-07-29
of3_holo_MAPK14_fe23b6f2,MAPK14,af3_holo_iptm,0.177,0.199,,2026-07-29
of3_holo_MAPK14_0f4c9922,MAPK14,af3_holo_iptm,0.177,0.196,,2026-07-29
of3_holo_MAPK11_99db51e7,MAPK11,af3_holo_iptm,0.177,0.219,,2026-07-29
of3_holo_MAPK11_b23114d5,MAPK11,af3_holo_iptm,0.177,0.214,,2026-07-29
of3_holo_MAPK11_cb55dfa2,MAPK11,af3_holo_iptm,0.177,0.206,,2026-07-29
of3_holo_MAPKAPK2_98dfa9ed,MAPKAPK2,af3_holo_iptm,0.177,0.212,,2026-08-01
of3_holo_MAPK11_b1635faf,MAPK11,af3_holo_iptm,0.177,0.325,,2026-07-29
of3_holo_KEAP1_eeedcfa2,KEAP1,af3_holo_iptm,0.177,0.451,,2026-07-29
of3_holo_MAPK14_b5e4be9f,MAPK14,af3_holo_iptm,0.177,0.184,,2026-07-29
of3_holo_MAPK11_096368c5,MAPK11,af3_holo_iptm,0.177,0.195,,2026-07-29
of3_holo_MAPK11_b82c6bd1,MAPK11,af3_holo_iptm,0.177,0.185,,2026-07-29
of3_holo_MAPK11_9d90faa6,MAPK11,af3_holo_iptm,0.177,0.263,,2026-07-29
of3_holo_MAPK14_4ec3a7e6,MAPK14,af3_holo_iptm,0.177,0.193,,2026-07-29
of3_holo_MAPK11_e46a5514,MAPK11,af3_holo_iptm,0.176,0.195,,2026-07-29
of3_holo_MAPK14_12083474,MAPK14,af3_holo_iptm,0.176,0.200,,2026-07-29
of3_holo_MAPK11_158f234e,MAPK11,af3_holo_iptm,0.176,0.192,,2026-07-29
of3_holo_MAPK11_5f932254,MAPK11,af3_holo_iptm,0.176,0.205,,2026-07-29
of3_holo_MAPK11_b2c8a790,MAPK11,af3_holo_iptm,0.176,0.202,,2026-07-29
of3_holo_MAPK11_0c59366c,MAPK11,af3_holo_iptm,0.176,0.296,,2026-07-29
of3_holo_MAPK11_c4744827,MAPK11,af3_holo_iptm,0.176,0.235,,2026-07-29
of3_holo_MAPK11_91e313f9,MAPK11,af3_holo_iptm,0.176,0.226,,2026-07-29
of3_holo_MAPK11_3f2038cc,MAPK11,af3_holo_iptm,0.176,0.196,,2026-07-29
of3_holo_MAPK11_355a5f44,MAPK11,af3_holo_iptm,0.176,0.223,,2026-07-29
of3_holo_MAPK11_b1b78260,MAPK11,af3_holo_iptm,0.176,0.226,,2026-07-29
of3_holo_MAPK14_28b1dd5e,MAPK14,af3_holo_iptm,0.175,0.195,,2026-08-02
of3_holo_MAPK11_608121a3,MAPK11,af3_holo_iptm,0.175,0.260,,2026-07-29
of3_holo_MAPK11_3148bfc3,MAPK11,af3_holo_iptm,0.175,0.258,,2026-07-29
of3_holo_MAPK14_43ccaf65,MAPK14,af3_holo_iptm,0.175,0.207,,2026-08-02
of3_holo_MAPK14_8777cee7,MAPK14,af3_holo_iptm,0.175,0.182,,2026-07-29
of3_holo_MAPKAPK2_55a58bca,MAPKAPK2,af3_holo_iptm,0.175,0.223,,2026-08-02
of3_holo_KEAP1_a95c0360,KEAP1,af3_holo_iptm,0.175,0.442,,2026-07-29
of3_holo_MAPK11_afced10b,MAPK11,af3_holo_iptm,0.175,0.192,,2026-07-29
of3_holo_MAPK11_e6dd4b9a,MAPK11,af3_holo_iptm,0.174,0.228,,2026-07-29
of3_holo_MAPK11_d8e71115,MAPK11,af3_holo_iptm,0.174,0.247,,2026-07-29
of3_holo_MAPKAPK2_ecbd7c61,MAPKAPK2,af3_holo_iptm,0.174,0.210,,2026-07-29
of3_holo_MAPK11_4d5e7726,MAPK11,af3_holo_iptm,0.174,0.249,,2026-07-29
of3_holo_MAPK14_359117eb,MAPK14,af3_holo_iptm,0.174,0.210,,2026-08-02
of3_holo_MAPK11_1e1c087e,MAPK11,af3_holo_iptm,0.174,0.234,,2026-07-29
of3_holo_MAPK11_788b0f2f,MAPK11,af3_holo_iptm,0.174,0.228,,2026-07-29
of3_holo_MAPK11_292d8d07,MAPK11,af3_holo_iptm,0.174,0.204,,2026-07-29
of3_holo_KEAP1_a2a93911,KEAP1,af3_holo_iptm,0.174,0.447,,2026-08-02
of3_holo_KEAP1_392ed099,KEAP1,af3_holo_iptm,0.174,0.449,,2026-08-02
of3_holo_MAPK11_7d03fa7b,MAPK11,af3_holo_iptm,0.173,0.194,,2026-07-29
of3_holo_MAPK14_304dfc4f,MAPK14,af3_holo_iptm,0.173,0.192,,2026-07-29
of3_holo_MAPK11_82df814a,MAPK11,af3_holo_iptm,0.173,0.198,,2026-07-29
of3_holo_MAPK11_d3882d1e,MAPK11,af3_holo_iptm,0.173,0.193,,2026-07-29
of3_holo_MAPK11_1595d566,MAPK11,af3_holo_iptm,0.173,0.232,,2026-07-29
of3_holo_MAPK11_272b47e5,MAPK11,af3_holo_iptm,0.173,0.201,,2026-07-29
of3_holo_MAPK11_5b75694f,MAPK11,af3_holo_iptm,0.173,0.191,,2026-07-29
of3_holo_MAPK11_e5eed19e,MAPK11,af3_holo_iptm,0.173,0.200,,2026-07-29
of3_holo_MAPK11_f1411464,MAPK11,af3_holo_iptm,0.173,0.208,,2026-07-29
of3_holo_MAPK11_c305abd2,MAPK11,af3_holo_iptm,0.173,0.197,,2026-07-29
of3_holo_MAPK11_d457ec7d,MAPK11,af3_holo_iptm,0.173,0.314,,2026-07-29
of3_holo_MAPK14_59cfbb45,MAPK14,af3_holo_iptm,0.173,0.189,,2026-07-29
of3_holo_KEAP1_cab7e155,KEAP1,af3_holo_iptm,0.173,0.447,,2026-08-02
of3_holo_MAPK11_73150870,MAPK11,af3_holo_iptm,0.172,0.193,,2026-07-29
of3_holo_MAPK11_ca917c07,MAPK11,af3_holo_iptm,0.172,0.199,,2026-07-29
of3_holo_KEAP1_780cb834,KEAP1,af3_holo_iptm,0.172,0.447,,2026-08-02
of3_holo_MAPK11_ed5b1291,MAPK11,af3_holo_iptm,0.172,0.210,,2026-07-29
of3_holo_MAPK11_bf709054,MAPK11,af3_holo_iptm,0.172,0.221,,2026-07-29
of3_holo_MAPK11_2cebe699,MAPK11,af3_holo_iptm,0.172,0.192,,2026-07-29
of3_holo_MAPKAPK2_b6f647c0,MAPKAPK2,af3_holo_iptm,0.172,0.207,,2026-08-02
of3_holo_MAPK11_5e842ba0,MAPK11,af3_holo_iptm,0.172,0.196,,2026-07-29
of3_holo_KEAP1_ceccf495,KEAP1,af3_holo_iptm,0.172,0.452,,2026-07-29
of3_holo_MAPK11_2c4754a2,MAPK11,af3_holo_iptm,0.172,0.198,,2026-07-29
of3_holo_MAPK11_7723288e,MAPK11,af3_holo_iptm,0.172,0.255,,2026-07-29
of3_holo_KEAP1_096471c9,KEAP1,af3_holo_iptm,0.172,0.452,,2026-07-29
of3_holo_MAPK11_151410bd,MAPK11,af3_holo_iptm,0.171,0.271,,2026-07-29
of3_holo_MAPK11_672a4a05,MAPK11,af3_holo_iptm,0.171,0.280,,2026-07-29
of3_holo_MAPK14_8b1cd06f,MAPK14,af3_holo_iptm,0.171,0.191,,2026-07-29
of3_holo_MAPK11_0bf46b7a,MAPK11,af3_holo_iptm,0.171,0.199,,2026-07-29
of3_holo_MAPK11_222d02d3,MAPK11,af3_holo_iptm,0.171,0.194,,2026-07-29
of3_holo_KEAP1_13c7e959,KEAP1,af3_holo_iptm,0.171,0.451,,2026-07-29
of3_holo_MAPK11_00245f8f,MAPK11,af3_holo_iptm,0.171,0.216,,2026-07-29
of3_holo_MAPK11_5c8b1dcd,MAPK11,af3_holo_iptm,0.171,0.210,,2026-07-29
of3_holo_MAPK14_6e64ceec,MAPK14,af3_holo_iptm,0.170,0.191,,2026-08-02
of3_holo_KEAP1_4687d89e,KEAP1,af3_holo_iptm,0.170,0.448,,2026-08-02
of3_holo_MAPK13_ea7c606a,MAPK13,af3_holo_iptm,0.170,0.178,,2026-07-29
of3_holo_MAPK14_60c9943e,MAPK14,af3_holo_iptm,0.170,0.198,,2026-07-29
of3_holo_MAPKAPK2_3e849da6,MAPKAPK2,af3_holo_iptm,0.170,0.210,,2026-07-29
113_mapk8_x_bcl2,"",af3_iptm,0.170,0.550,0.340,2026-06-18
62_gemin7_x_gemin8,"",af3_iptm,0.170,0.510,0.340,2026-06-14
smn1_x_rock2,"",af3_iptm,0.170,0.330,0.450,2026-05-24
tsc2_1126_1376_x_igf1r_501_751,"",af3_iptm,0.170,0.340,0.540,2026-07-07
87_perp_x_jup,"",af3_iptm,0.170,0.550,0.340,2026-06-19
binder_rock2_job_0_n_334_id_1_bon_orig2_r1,"",af3_iptm,0.170,0.740,0.290,2026-05-16
itgb1_x_musk,"",af3_iptm,0.170,0.350,0.270,2026-07-04
87_perp_x_jup,"",af3_iptm,0.170,0.550,0.340,2026-06-21
nrg1_x_smn1,"",af3_iptm,0.170,0.230,0.550,2026-05-23
a_x_b_77252318,"",af3_iptm,0.170,0.480,0.350,2026-07-30
colq_none_none_x_ache_32_614,"",af3_iptm,0.170,0.560,0.420,2026-07-30
22_stmn2_x_gsk3b,"",af3_iptm,0.170,0.620,0.450,2026-06-14
pak4_x_limk1,"",af3_iptm,0.170,0.380,0.350,2026-05-25
ncald_x_cfl1,"",af3_iptm,0.170,0.510,0.250,2026-05-25
44_ppargc1a_x_nrf1,"",af3_iptm,0.170,0.280,0.480,2026-06-21
hnrnpa1_rrm2_x_tp53_ctd,"",af3_iptm,0.170,0.480,0.470,2026-05-16
10_pgk1_x_pdk1,"",af3_iptm,0.170,0.500,0.270,2026-06-21
hif1a_18_80_x_fus_471_526,"",af3_iptm,0.170,0.430,0.550,2026-06-29
itgb1_x_musk,"",af3_iptm,0.170,0.350,0.270,2026-07-03
gdnf_x_tp53,"",af3_iptm,0.170,0.390,0.470,2026-05-25
binder6173_agrn_x_agrn_lg3_1868_2065,"",af3_iptm,0.170,0.550,0.260,2026-07-24
musk_312_450_x_sost_none_none,"",af3_iptm,0.170,0.400,0.410,2026-07-29
hdac6_cd2_x_rock2,"",af3_iptm,0.170,0.330,0.400,2026-05-29
48_ppargc1a_x_mef2c,"",af3_iptm,0.170,0.210,0.600,2026-06-21
rapsn_x_musk,"",af3_iptm,0.170,0.380,0.260,2026-05-27
pgk1_ywhaz,"",af3_iptm,0.170,0.570,0.260,2026-08-03
hdac6_cd2_x_mapk14,"",af3_iptm,0.170,0.530,0.250,2026-05-29
keap1_x_ws1bnone_1182,"",af3_iptm,0.170,0.720,0.280,2026-07-03
smn1_x_keap1,"",af3_iptm,0.170,0.480,,2026-05-27
a_x_b_9506b30f,"",af3_iptm,0.170,0.190,0.190,2026-07-30
60_strap_x_gemin6,"",af3_iptm,0.170,0.600,0.300,2026-06-12
60_strap_x_gemin6,"",af3_iptm,0.170,0.600,0.300,2026-06-14
binder7267_agrn_x_agrn_lg3_1868_2065,"",af3_iptm,0.170,0.640,0.300,2026-07-23
34_mapk14_x_max,"",af3_iptm,0.170,0.670,0.360,2026-06-14
nmj_chrna1_ecd_dimer_s7,"",af3_iptm,0.170,0.500,0.240,2026-08-14
musk_x_chrna1,"",af3_iptm,0.170,0.350,0.290,2026-05-22
80_keap1_x_sesn2,"",af3_iptm,0.170,0.460,0.290,2026-06-12
029_mapk10_x_tp53,"",af3_iptm,0.170,0.460,0.410,2026-06-21
dok7_1_235_x_crk_none_none,"",af3_iptm,0.170,0.450,0.300,2026-07-30
colq_none_none_x_ache_32_614_2,"",af3_iptm,0.170,0.560,0.420,2026-08-06
67_smn1_x_gemin8,"",af3_iptm,0.170,0.200,0.550,2026-06-07
mapk14_x_rps6ka4,"",af3_iptm,0.170,0.560,0.270,2026-06-30
44_dpysl2_x_cdk5,"",af3_iptm,0.170,0.600,0.310,2026-06-12
62_gemin7_x_gemin8,"",af3_iptm,0.170,0.510,0.340,2026-06-12
ncald_none_none_x_rapsn_none_none,"",af3_iptm,0.170,0.610,0.260,2026-07-29
binder108_musk_ig1_x_musk_ig1_24_128,"",af3_iptm,0.170,0.560,0.270,2026-07-25
smn1_x_hnrnpu,"",af3_iptm,0.170,0.430,0.470,2026-05-21
atf3_none_none_x_tardbp_193_262,"",af3_iptm,0.170,0.260,0.540,2026-07-16
bdnf_x_ntrk3,"",af3_iptm,0.170,0.570,0.310,2026-07-03
029_mapk10_x_tp53,"",af3_iptm,0.170,0.460,0.410,2026-06-18
uba1_adenyl_400_860_x_smn1,"",af3_iptm,0.170,0.320,0.360,2026-08-06
26_dnm1l_x_gdap1,"",af3_iptm,0.170,0.420,0.300,2026-06-21
30_gemin5_1_740_x_gemin5_1_740,"",af3_iptm,0.170,0.540,0.270,2026-06-14
35_hdac2_x_rbbp7,"",af3_iptm,0.170,0.490,0.300,2026-06-08
binder6346_agrn_x_agrn_lg3_1868_2065,"",af3_iptm,0.170,0.590,0.260,2026-07-24
gfra3_132_255_x_agrn_876_1126,"",af3_iptm,0.170,0.320,0.420,2026-07-15
44_dpysl2_x_cdk5,"",af3_iptm,0.170,0.600,0.310,2026-06-10
57_sirt3_x_glud1,"",af3_iptm,0.170,0.540,0.340,2026-06-21
perp_none_none_x_pkp1_1_300,"",af3_iptm,0.170,0.360,0.470,2026-07-29
uba1_full_x_smn1_tudor,"",af3_iptm,0.170,0.810,0.330,2026-05-16
hdac6_x_cfl2,"",af3_iptm,0.170,0.580,0.380,2026-05-29
nmj_rapsn_x_chrna1_s42,"",af3_iptm,0.170,0.600,0.260,2026-08-15
a_x_b_9ddcd5ed,"",af3_iptm,0.170,0.550,0.350,2026-07-30
binder6864_agrn_x_agrn_lg3_1868_2065,"",af3_iptm,0.170,0.570,0.260,2026-07-23
snrpd1_none_none_x_fus_471_526,"",af3_iptm,0.170,0.430,0.500,2026-07-08
binder6336_agrn_x_agrn_lg3_1868_2065,"",af3_iptm,0.170,0.620,0.280,2026-07-24
hk1_pls3,"",af3_iptm,0.170,0.500,0.240,2026-08-02
of3_holo_MAPK11_feb9169d,MAPK11,af3_holo_iptm,0.170,0.228,,2026-07-29
of3_holo_MAPK11_5e919a2f,MAPK11,af3_holo_iptm,0.170,0.202,,2026-07-29
of3_holo_MAPK11_d1e334ef,MAPK11,af3_holo_iptm,0.169,0.225,,2026-07-29
of3_holo_MAPK11_6ef34554,MAPK11,af3_holo_iptm,0.169,0.231,,2026-07-29
of3_holo_MAPK11_370d51e7,MAPK11,af3_holo_iptm,0.169,0.196,,2026-07-29
of3_holo_MAPKAPK2_96f1121b,MAPKAPK2,af3_holo_iptm,0.169,0.213,,2026-08-02
of3_holo_DNM1L_cc5ccff8,DNM1L,af3_holo_iptm,0.169,0.187,,2026-07-29
of3_holo_MAPK14_b7c5c412,MAPK14,af3_holo_iptm,0.169,0.197,,2026-07-29
of3_holo_KEAP1_42d3c24c,KEAP1,af3_holo_iptm,0.169,0.449,,2026-07-29
of3_holo_KEAP1_85011bda,KEAP1,af3_holo_iptm,0.169,0.447,,2026-08-01
of3_holo_MAPK11_76d569f1,MAPK11,af3_holo_iptm,0.169,0.232,,2026-07-29
of3_holo_MAPK11_0660e2fb,MAPK11,af3_holo_iptm,0.169,0.218,,2026-07-29
of3_holo_MAPK14_e78c130a,MAPK14,af3_holo_iptm,0.169,0.189,,2026-07-29
of3_holo_KEAP1_bf250783,KEAP1,af3_holo_iptm,0.169,0.455,,2026-07-29
of3_holo_MAPK11_a86e7668,MAPK11,af3_holo_iptm,0.169,0.197,,2026-07-29
of3_holo_MAPK11_4ca4e21c,MAPK11,af3_holo_iptm,0.168,0.213,,2026-07-29
of3_holo_MAPK14_afdb45e0,MAPK14,af3_holo_iptm,0.168,0.180,,2026-07-29
of3_holo_MAPK14_5c519cae,MAPK14,af3_holo_iptm,0.168,0.196,,2026-08-02
of3_holo_MAPK11_29a5a9f2,MAPK11,af3_holo_iptm,0.168,0.224,,2026-07-29
of3_holo_KEAP1_ecf9dfb2,KEAP1,af3_holo_iptm,0.168,0.447,,2026-08-01
of3_holo_MAPK11_a9f625cb,MAPK11,af3_holo_iptm,0.167,0.215,,2026-07-29
of3_holo_KEAP1_af1fbc9e,KEAP1,af3_holo_iptm,0.167,0.447,,2026-07-29
of3_holo_KEAP1_08b6d3be,KEAP1,af3_holo_iptm,0.167,0.450,,2026-08-02
of3_holo_MAPK11_57ee23c3,MAPK11,af3_holo_iptm,0.167,0.240,,2026-07-29
of3_holo_KEAP1_2d52e0ae,KEAP1,af3_holo_iptm,0.167,0.451,,2026-07-29
of3_holo_MAPKAPK2_334812fd,MAPKAPK2,af3_holo_iptm,0.166,0.205,,2026-07-29
of3_holo_KEAP1_ee9cb296,KEAP1,af3_holo_iptm,0.166,0.447,,2026-08-02
of3_holo_MAPK11_7da1c5b2,MAPK11,af3_holo_iptm,0.166,0.192,,2026-07-29
of3_holo_MAPK11_73fc66e0,MAPK11,af3_holo_iptm,0.166,0.191,,2026-07-29
of3_holo_DNM1L_05329c61,DNM1L,af3_holo_iptm,0.166,0.187,,2026-07-29
of3_holo_MAPK11_631550cb,MAPK11,af3_holo_iptm,0.166,0.190,,2026-07-29
of3_holo_KEAP1_689d02f5,KEAP1,af3_holo_iptm,0.166,0.449,,2026-07-29
of3_holo_MAPK11_9982b3d5,MAPK11,af3_holo_iptm,0.165,0.201,,2026-07-29
of3_holo_MAPK11_35a5babb,MAPK11,af3_holo_iptm,0.165,0.228,,2026-07-29
of3_holo_DNM1L_d99bbc58,DNM1L,af3_holo_iptm,0.165,0.189,,2026-07-30
of3_holo_DNM1L_2247f09d,DNM1L,af3_holo_iptm,0.165,0.190,,2026-08-11
of3_holo_KEAP1_d7d5a232,KEAP1,af3_holo_iptm,0.165,0.449,,2026-07-29
of3_holo_KEAP1_ac07c05c,KEAP1,af3_holo_iptm,0.165,0.450,,2026-07-29
of3_holo_KEAP1_a22b91a2,KEAP1,af3_holo_iptm,0.165,0.453,,2026-07-29
of3_holo_MAPK14_a73f8c69,MAPK14,af3_holo_iptm,0.165,0.184,,2026-07-29
of3_holo_MAPK11_ee27fc68,MAPK11,af3_holo_iptm,0.164,0.200,,2026-07-29
of3_holo_MAPK14_aa1ab8d8,MAPK14,af3_holo_iptm,0.164,0.178,,2026-07-29
of3_holo_MAPK14_5c5f1fa6,MAPK14,af3_holo_iptm,0.164,0.187,,2026-07-29
of3_holo_KEAP1_997b7553,KEAP1,af3_holo_iptm,0.164,0.450,,2026-07-29
of3_holo_DNM1L_15b4ca94,DNM1L,af3_holo_iptm,0.163,0.191,,2026-07-29
of3_holo_MAPK11_385afca6,MAPK11,af3_holo_iptm,0.163,0.229,,2026-07-29
of3_holo_KEAP1_7f7503b1,KEAP1,af3_holo_iptm,0.163,0.453,,2026-07-31
of3_holo_MAPK11_f7b53420,MAPK11,af3_holo_iptm,0.163,0.195,,2026-07-29
of3_holo_MAPK14_ca88fe3b,MAPK14,af3_holo_iptm,0.163,0.187,,2026-07-29
of3_holo_MAPK11_cd7764c1,MAPK11,af3_holo_iptm,0.163,0.194,,2026-07-29
of3_holo_MAPK11_a06c4dc8,MAPK11,af3_holo_iptm,0.162,0.207,,2026-07-29
of3_holo_MAPK14_cb0c0fed,MAPK14,af3_holo_iptm,0.162,0.188,,2026-07-29
of3_holo_KEAP1_11e6324d,KEAP1,af3_holo_iptm,0.162,0.454,,2026-07-29
of3_holo_MAPK11_2b0a25aa,MAPK11,af3_holo_iptm,0.162,0.188,,2026-07-29
of3_holo_MAPK11_1213f65c,MAPK11,af3_holo_iptm,0.161,0.332,,2026-07-29
of3_holo_MAPK11_59f4d82d,MAPK11,af3_holo_iptm,0.161,0.233,,2026-07-29
of3_holo_MAPK11_34f95baa,MAPK11,af3_holo_iptm,0.161,0.203,,2026-07-29
of3_holo_MAPK14_77d6500e,MAPK14,af3_holo_iptm,0.161,0.193,,2026-07-29
of3_holo_MAPK11_61d05225,MAPK11,af3_holo_iptm,0.160,0.237,,2026-07-29
ldha_ywhaz,"",af3_iptm,0.160,0.610,0.270,2026-08-02
binder6767_agrn_x_agrn_lg3_1868_2065,"",af3_iptm,0.160,0.640,0.280,2026-07-23
pik3ca_517_694_x_mtor_1626_1876,"",af3_iptm,0.160,0.430,0.300,2026-07-26
eno2_pkm2,"",af3_iptm,0.160,0.560,0.250,2026-08-03
nrg1_x_tardbp,"",af3_iptm,0.160,0.230,0.490,2026-05-23
stmn2_x_dnm1l_gtpase_s42,"",af3_iptm,0.160,0.550,0.410,2026-08-13
hnrnpu_x_tra2b,"",af3_iptm,0.160,0.430,0.470,2026-05-22
a_x_b_cd869cb1,"",af3_iptm,0.160,0.580,0.340,2026-07-30
a_x_b_e413029f,"",af3_iptm,0.160,0.180,0.170,2026-07-30
47_snph_x_trak1_1_400,"",af3_iptm,0.160,0.220,0.570,2026-06-12
ncald_full_x_nrg1_egf,"",af3_iptm,0.160,0.540,0.280,2026-05-16
ncald_full_x_nrg1_egf,"",af3_iptm,0.160,0.530,0.280,2026-05-14
53_micu2_x_smdt1,"",af3_iptm,0.160,0.540,0.430,2026-06-07
nrg1_egf_x_smn1_tudor,"",af3_iptm,0.160,0.430,0.360,2026-05-14
binder74_musk_fz_x_musk_fz_306_456,"",af3_iptm,0.160,0.500,0.250,2026-07-25
nmj_musk_ekto_x_dok7_s7,"",af3_iptm,0.160,0.320,0.360,2026-08-15
ppp4r2_x_smn1,"",af3_iptm,0.160,0.280,0.510,2026-07-03
binder6790_agrn_x_agrn_lg3_1868_2065,"",af3_iptm,0.160,0.550,0.260,2026-07-20
a_x_b_7f15a6de,"",af3_iptm,0.160,0.300,0.200,2026-07-29
nrg1_egf_x_smn1_tudor,"",af3_iptm,0.160,0.420,0.340,2026-05-16
32_keap1_315_624_x_dpp3_460_738,"",af3_iptm,0.160,0.550,0.270,2026-06-12
a_x_b_9c3066c7,"",af3_iptm,0.160,0.200,0.200,2026-07-29
perp_none_none_x_ncald_none_none,"",af3_iptm,0.160,0.460,0.250,2026-07-29
kcna1_x_musk,"",af3_iptm,0.160,0.330,0.300,2026-05-26
erbb4_1_251_x_lrp4_1376_1626,"",af3_iptm,0.160,0.490,0.260,2026-06-29
rock2_x_pak1,"",af3_iptm,0.160,0.330,0.420,2026-05-21
hnrnpa1_106_184_x_fus_471_526,"",af3_iptm,0.160,0.560,0.450,2026-06-29
elavl1_x_smn1,"",af3_iptm,0.160,0.260,0.420,2026-07-04
cfl1_x_cfl2,"",af3_iptm,0.160,0.520,0.230,2026-05-22
elavl1_x_smn1,"",af3_iptm,0.160,0.260,0.420,2026-07-03
fus_471_526_x_tp53_323_356,"",af3_iptm,0.160,0.370,0.700,2026-07-15
073_mapk9_x_bcl2,"",af3_iptm,0.160,0.540,0.330,2026-06-18
hnrnpa2b1_x_u2af2,"",af3_iptm,0.160,0.300,0.390,2026-05-22
nrg1_egf_x_smn1_tudor,"",af3_iptm,0.160,0.420,0.340,2026-05-17
mapk14_x_hspb1,"",af3_iptm,0.160,0.610,0.360,2026-05-26
a_x_b_5d60bbc8,"",af3_iptm,0.160,0.560,0.340,2026-07-30
gfra2_142_263_x_agrn_501_751,"",af3_iptm,0.160,0.320,0.240,2026-07-28
47_snph_x_trak1_1_400,"",af3_iptm,0.160,0.220,0.570,2026-06-10
agrn_x_ws1bnone_1165,"",af3_iptm,0.160,0.640,0.260,2026-07-03
binder6763_agrn_x_agrn_lg3_1868_2065,"",af3_iptm,0.160,0.640,0.290,2026-07-23
hdac6_x_atf3,"",af3_iptm,0.160,0.580,0.430,2026-05-29
smn2_x_snrnp70,"",af3_iptm,0.160,0.230,0.520,2026-05-24
ntrk3_196_282_x_nrg1_176_246,"",af3_iptm,0.160,0.370,0.260,2026-07-11
binder7337_lrp4_x_lrp4_beta1_prop_435_697,"",af3_iptm,0.160,0.710,0.270,2026-07-21
binder6172_agrn_x_agrn_lg3_1868_2065,"",af3_iptm,0.160,0.570,0.290,2026-07-20
hif1a_18_80_x_tp53_1_62,"",af3_iptm,0.160,0.320,0.530,2026-07-15
deptor_322_409_x_gdnf_none_none,"",af3_iptm,0.160,0.330,0.390,2026-07-28
32_keap1_315_624_x_dpp3_460_738,"",af3_iptm,0.160,0.550,0.270,2026-06-10
32_kcnb1_410_858_x_cav1,"",af3_iptm,0.160,0.230,0.610,2026-06-08
24_agrn_1735_1940_x_lrp4_20_526,"",af3_iptm,0.160,0.230,0.280,2026-06-14
binder8945_keap1_x_keap1_kelch_321_609,"",af3_iptm,0.160,0.700,0.270,2026-07-20
of3_holo_MAPK11_7063c840,MAPK11,af3_holo_iptm,0.160,0.224,,2026-07-29
of3_holo_MAPK14_52b4ab31,MAPK14,af3_holo_iptm,0.160,0.213,,2026-07-29
of3_holo_MAPK11_68fd3b20,MAPK11,af3_holo_iptm,0.160,0.213,,2026-07-29
of3_holo_MAPK11_4bf9b2e5,MAPK11,af3_holo_iptm,0.159,0.196,,2026-07-29
of3_holo_MAPKAPK2_c3d2ca1e,MAPKAPK2,af3_holo_iptm,0.159,0.221,,2026-07-29
of3_holo_MAPK11_b55cf1c9,MAPK11,af3_holo_iptm,0.159,0.195,,2026-07-29
of3_holo_MAPK11_166c0acb,MAPK11,af3_holo_iptm,0.159,0.231,,2026-07-29
of3_holo_MAPK11_04af6e27,MAPK11,af3_holo_iptm,0.159,0.199,,2026-07-29
of3_holo_KEAP1_8caa8259,KEAP1,af3_holo_iptm,0.159,0.450,,2026-07-29
of3_holo_MAPK11_454b1b8f,MAPK11,af3_holo_iptm,0.159,0.253,,2026-07-29
of3_holo_MAPK11_853e9393,MAPK11,af3_holo_iptm,0.158,0.240,,2026-07-29
of3_holo_MAPK11_92f7f44e,MAPK11,af3_holo_iptm,0.158,0.197,,2026-07-29
of3_holo_MAPK11_48cf6172,MAPK11,af3_holo_iptm,0.158,0.239,,2026-07-29
of3_holo_MAPK11_645498d6,MAPK11,af3_holo_iptm,0.158,0.212,,2026-07-29
of3_holo_MAPK11_a5f816d7,MAPK11,af3_holo_iptm,0.157,0.199,,2026-07-29
of3_holo_MAPK11_501608e8,MAPK11,af3_holo_iptm,0.157,0.227,,2026-07-29
of3_holo_KEAP1_42b8e58c,KEAP1,af3_holo_iptm,0.157,0.442,,2026-08-02
of3_holo_KEAP1_1d128129,KEAP1,af3_holo_iptm,0.157,0.450,,2026-07-29
of3_holo_MAPK11_f060433f,MAPK11,af3_holo_iptm,0.157,0.282,,2026-07-29
of3_holo_MAPK14_a98400fd,MAPK14,af3_holo_iptm,0.156,0.213,,2026-07-29
of3_holo_MAPK11_ca028dfb,MAPK11,af3_holo_iptm,0.156,0.222,,2026-07-29
of3_holo_MAPK11_095fb29a,MAPK11,af3_holo_iptm,0.156,0.207,,2026-07-29
of3_holo_MAPK11_b8460fec,MAPK11,af3_holo_iptm,0.156,0.205,,2026-07-29
of3_holo_MAPK11_549842fe,MAPK11,af3_holo_iptm,0.156,0.249,,2026-07-29
of3_holo_MAPK11_f5c0cc47,MAPK11,af3_holo_iptm,0.156,0.227,,2026-07-29
of3_holo_MAPK14_711832cf,MAPK14,af3_holo_iptm,0.156,0.190,,2026-07-29
of3_holo_MAPK14_28c431ad,MAPK14,af3_holo_iptm,0.156,0.182,,2026-08-01
of3_holo_MAPK11_d217edc2,MAPK11,af3_holo_iptm,0.156,0.191,,2026-07-29
of3_holo_MAPK14_ab88e635,MAPK14,af3_holo_iptm,0.156,0.194,,2026-07-29
of3_holo_MAPK11_74ce809e,MAPK11,af3_holo_iptm,0.156,0.201,,2026-07-29
of3_holo_MAPK11_76ec81f9,MAPK11,af3_holo_iptm,0.155,0.199,,2026-07-29
of3_holo_MAPK11_e19eec3c,MAPK11,af3_holo_iptm,0.155,0.277,,2026-07-29
of3_holo_MAPK14_c6a2f673,MAPK14,af3_holo_iptm,0.155,0.205,,2026-07-29
of3_holo_KEAP1_056aa6ee,KEAP1,af3_holo_iptm,0.155,0.454,,2026-08-01
of3_holo_MAPK13_0aa2eed9,MAPK13,af3_holo_iptm,0.154,0.202,,2026-07-29
of3_holo_MAPK11_b73303c5,MAPK11,af3_holo_iptm,0.153,0.221,,2026-07-29
of3_holo_MAPK11_4b5b56d2,MAPK11,af3_holo_iptm,0.153,0.245,,2026-07-29
of3_holo_MAPK14_c9f4a696,MAPK14,af3_holo_iptm,0.153,0.212,,2026-08-02
of3_holo_MAPK11_4482f72e,MAPK11,af3_holo_iptm,0.153,0.238,,2026-07-29
of3_holo_MAPK14_5aa5bd2a,MAPK14,af3_holo_iptm,0.153,0.190,,2026-07-29
of3_holo_MAPK11_baeca35c,MAPK11,af3_holo_iptm,0.153,0.193,,2026-07-29
of3_holo_MAPK11_6dc19a00,MAPK11,af3_holo_iptm,0.153,0.275,,2026-07-29
of3_holo_MAPK11_35b36c3a,MAPK11,af3_holo_iptm,0.153,0.197,,2026-07-29
of3_holo_MAPK11_c79a3e41,MAPK11,af3_holo_iptm,0.153,0.197,,2026-07-29
of3_holo_MAPK11_b06e40fb,MAPK11,af3_holo_iptm,0.153,0.286,,2026-07-29
of3_holo_MAPK11_adcc5fe0,MAPK11,af3_holo_iptm,0.152,0.223,,2026-07-29
of3_holo_MAPK14_dfda4004,MAPK14,af3_holo_iptm,0.152,0.201,,2026-07-29
of3_holo_MAPK11_4a951e63,MAPK11,af3_holo_iptm,0.152,0.196,,2026-07-29
of3_holo_MAPK11_add8a44a,MAPK11,af3_holo_iptm,0.152,0.251,,2026-07-29
of3_holo_MAPK14_108fb9c8,MAPK14,af3_holo_iptm,0.152,0.171,,2026-07-29
of3_holo_MAPK11_1b8e99aa,MAPK11,af3_holo_iptm,0.152,0.177,,2026-07-29
of3_holo_MAPK11_bc99b4a8,MAPK11,af3_holo_iptm,0.152,0.237,,2026-07-29
of3_holo_MAPK11_c08d1c9e,MAPK11,af3_holo_iptm,0.152,0.233,,2026-07-29
of3_holo_MAPK11_2a3f7c50,MAPK11,af3_holo_iptm,0.151,0.206,,2026-07-29
of3_holo_MAPK11_f48a8f2a,MAPK11,af3_holo_iptm,0.151,0.207,,2026-07-29
of3_holo_MAPK11_8445eabe,MAPK11,af3_holo_iptm,0.151,0.222,,2026-07-29
of3_holo_MAPK11_9def2f94,MAPK11,af3_holo_iptm,0.151,0.204,,2026-07-29
of3_holo_MAPK11_5114e279,MAPK11,af3_holo_iptm,0.150,0.233,,2026-07-29
atf3_full_x_pak1_kd_bind,"",af3_iptm,0.150,0.280,0.520,2026-05-14
atf3_x_smn1,"",af3_iptm,0.150,0.230,0.560,2026-05-27
musk_20_489_agrn_1750_2068,"",af3_iptm,0.150,0.350,0.260,2026-08-02
02_mapk14_x_gadd45a,"",af3_iptm,0.150,0.640,0.270,2026-06-10
binder6790_agrn_x_agrn_lg3_1868_2065,"",af3_iptm,0.150,0.560,0.260,2026-07-23
ppargc1a_x_nrf1,"",af3_iptm,0.150,0.330,0.490,2026-06-30
smn1_x_sqstm1,"",af3_iptm,0.150,0.220,,2026-05-27
tardbp_x_fus_0c664566,"",af3_iptm,0.150,0.220,0.470,2026-06-29
musk_312_450_x_sostdc1_none_none,"",af3_iptm,0.150,0.410,0.360,2026-07-29
agrn_x_rapsn,"",af3_iptm,0.150,0.440,0.240,2026-05-22
52_snph_x_tubb3,"",af3_iptm,0.150,0.490,0.490,2026-06-08
37_mapk13_x_hspb1,"",af3_iptm,0.150,0.620,0.310,2026-06-14
74_hk1_x_vdac1,"",af3_iptm,0.150,0.640,0.260,2026-06-19
12_pgk1_x_pfkm,"",af3_iptm,0.150,0.640,0.260,2026-06-21
atf3_full_x_pak1_kd_bind,"",af3_iptm,0.150,0.280,0.520,2026-05-17
lrp4_x_ws1bnone_1209,"",af3_iptm,0.150,0.730,0.280,2026-07-03
dnm1l_none_none_x_fis1_none_none,"",af3_iptm,0.150,0.430,0.280,2026-07-30
binder455_musk_x_musk_ig1_24_128,"",af3_iptm,0.150,0.510,0.250,2026-07-20
hdac6_cd2_x_musk_kd,"",af3_iptm,0.150,0.540,0.260,2026-05-29
binder6173_agrn_x_agrn_lg3_1868_2065,"",af3_iptm,0.150,0.550,0.250,2026-07-20
mtor_x_fkbp1a,"",af3_iptm,0.150,0.570,0.230,2026-06-29
hk1_pgk1,"",af3_iptm,0.150,0.590,0.240,2026-08-03
20_pkm_x_eno2,"",af3_iptm,0.150,0.560,0.240,2026-06-21
nrg1_176_246_x_rock1_1100_1354,"",af3_iptm,0.150,0.410,0.330,2026-07-11
tp53_363_393_x_limk1_165_280,"",af3_iptm,0.150,0.570,0.400,2026-07-07
keap1_x_sesn2,"",af3_iptm,0.150,0.530,0.270,2026-06-30
11_pgk1_x_hk1,"",af3_iptm,0.150,0.600,0.240,2026-06-21
rock1_kin_x_cfl1_f_2,"",af3_iptm,0.150,0.530,0.230,2026-08-06
dag1_x_agrn,"",af3_iptm,0.150,0.360,0.280,2026-07-03
tp53_363_393_x_limk1_165_280_2,"",af3_iptm,0.150,0.570,0.400,2026-08-06
prkaa1_x_stk11,"",af3_iptm,0.150,0.480,0.210,2026-06-29
rock1_kin_x_cfl1_f,"",af3_iptm,0.150,0.530,0.230,2026-05-17
55_gemin2_x_snrpd1,"",af3_iptm,0.150,0.470,0.360,2026-06-14
51_snph_x_kif5b_340_700,"",af3_iptm,0.150,0.240,0.480,2026-06-07
11_mapkapk2_x_hnrnpa0_2,"",af3_iptm,0.150,0.480,0.360,2026-08-06
lrp4_bp1_x_musk_ig12_binaer,"",af3_iptm,0.150,0.490,0.220,2026-08-10
086_mapk8_x_nefh,"",af3_iptm,0.150,0.330,0.480,2026-06-18
pkm2_ywhaz,"",af3_iptm,0.150,0.630,0.260,2026-08-02
006_mapk10_x_nefh,"",af3_iptm,0.150,0.330,0.470,2026-06-21
stmn2_none_none_x_smn1_260_294,"",af3_iptm,0.150,0.340,0.690,2026-07-08
musk_x_tp53,"",af3_iptm,0.150,0.340,0.320,2026-05-25
ppargc1a_x_nrf1,"",af3_iptm,0.150,0.330,0.490,2026-06-29
nrg1_176_246_x_dok7_1_100,"",af3_iptm,0.150,0.500,0.270,2026-07-28
02_mapk14_x_gadd45a,"",af3_iptm,0.150,0.640,0.270,2026-06-08
smn1_gemin5,"",af3_iptm,0.150,0.660,0.400,2026-08-02
18_smdt1_x_micu1,"",af3_iptm,0.150,0.530,0.420,2026-06-14
56_stmn2_x_mapk10,"",af3_iptm,0.150,0.530,0.410,2026-06-07
26_kcnb1_580_858_x_vamp2,"",af3_iptm,0.150,0.240,0.650,2026-06-08
snrpd1_none_none_x_tardbp_104_176,"",af3_iptm,0.150,0.480,0.240,2026-07-26
smn1_x_fus,"",af3_iptm,0.150,0.220,0.540,2026-05-23
gapdh_smn1,"",af3_iptm,0.150,0.550,0.410,2026-08-02
mapkapk2_x_smn1,"",af3_iptm,0.150,0.480,,2026-05-27
agrn_lg3z19_x_lrp4_bp2_s7,"",af3_iptm,0.150,0.510,0.240,2026-08-10
gapdh_ywhaz,"",af3_iptm,0.150,0.590,0.260,2026-08-03
hdac6_cd2_x_nefm,"",af3_iptm,0.150,0.340,0.440,2026-05-29
smn1_x_fus,"",af3_iptm,0.150,0.220,0.540,2026-07-17
53_snph_x_kif5a_340_700,"",af3_iptm,0.150,0.260,0.540,2026-06-07
pgk1_none_none_x_pdk1_1_436,"",af3_iptm,0.150,0.490,0.260,2026-07-29
59_smn1_x_ddx20_1_520,"",af3_iptm,0.150,0.380,0.390,2026-06-07
pfn2_none_none_x_fus_471_526,"",af3_iptm,0.150,0.700,0.400,2026-07-11
55_gemin2_x_snrpd1,"",af3_iptm,0.150,0.470,0.360,2026-06-12
006_mapk10_x_nefh,"",af3_iptm,0.150,0.330,0.470,2026-06-18
38_mapk12_x_hspb1,"",af3_iptm,0.150,0.600,0.360,2026-06-14
rock1_kin_x_cfl1_f,"",af3_iptm,0.150,0.530,0.230,2026-05-16
52_snph_x_tubb3,"",af3_iptm,0.150,0.490,0.490,2026-06-07
atf3_full_x_pak1_kd_bind_2,"",af3_iptm,0.150,0.280,0.520,2026-08-06
72_ppif_x_vdac1,"",af3_iptm,0.150,0.540,0.270,2026-06-21
pak1_x_tp53,"",af3_iptm,0.150,0.430,0.420,2026-05-23
dok7_45_235_x_pak1_74_149,"",af3_iptm,0.150,0.570,0.360,2026-06-29
binder6555_agrn_x_agrn_lg3_1868_2065,"",af3_iptm,0.150,0.590,0.250,2026-07-24
binder76_musk_fz_x_musk_fz_306_456,"",af3_iptm,0.150,0.500,0.240,2026-07-25
72_ppif_x_vdac1,"",af3_iptm,0.150,0.540,0.270,2026-06-19
pgk1_pls3,"",af3_iptm,0.150,0.520,0.230,2026-08-02
18_pkm_x_ctnnb1,"",af3_iptm,0.150,0.460,0.290,2026-06-21
12_vdac1_x_hk1_1_475,"",af3_iptm,0.150,0.590,0.250,2026-06-10
tp53_323_356_x_limk1_1_140,"",af3_iptm,0.150,0.500,0.340,2026-07-07
snrpd1_none_none_x_smn1_90_159,"",af3_iptm,0.150,0.390,0.340,2026-07-08
a_x_b_01454f17,"",af3_iptm,0.150,0.380,0.290,2026-07-31
35_hdac2_x_hdac1,"",af3_iptm,0.150,0.460,0.320,2026-06-05
12_vdac1_x_hk1_1_475,"",af3_iptm,0.150,0.590,0.250,2026-06-12
51_snph_x_kif5b_340_700,"",af3_iptm,0.150,0.240,0.480,2026-06-08
binder7337_lrp4_x_lrp4_beta1_prop_435_697,"",af3_iptm,0.150,0.700,0.260,2026-07-20
11_mapkapk2_x_hnrnpa0,"",af3_iptm,0.150,0.480,0.360,2026-06-14
05_smn1_x_zpr1,"",af3_iptm,0.150,0.300,0.380,2026-06-10
prkaa1_x_stk11,"",af3_iptm,0.150,0.480,0.210,2026-06-30
eno2_pls3,"",af3_iptm,0.150,0.510,0.230,2026-08-02
rock1_kin_x_cfl1_f,"",af3_iptm,0.150,0.530,0.230,2026-05-14
of3_holo_MAPK11_a565f761,MAPK11,af3_holo_iptm,0.150,0.196,,2026-07-29
of3_holo_MAPK14_7d8f0aad,MAPK14,af3_holo_iptm,0.149,0.187,,2026-07-29
of3_holo_MAPK11_ef4a856b,MAPK11,af3_holo_iptm,0.149,0.221,,2026-07-29
of3_holo_MAPK11_dc2fa173,MAPK11,af3_holo_iptm,0.149,0.228,,2026-07-29
of3_holo_MAPK11_3db55218,MAPK11,af3_holo_iptm,0.149,0.228,,2026-07-29
of3_holo_MAPK11_adcdb542,MAPK11,af3_holo_iptm,0.149,0.211,,2026-07-29
of3_holo_MAPK11_0496318b,MAPK11,af3_holo_iptm,0.149,0.218,,2026-07-29
of3_holo_MAPK11_b5138ed2,MAPK11,af3_holo_iptm,0.148,0.199,,2026-07-29
of3_holo_MAPK11_ba198261,MAPK11,af3_holo_iptm,0.148,0.186,,2026-07-29
of3_holo_MAPK11_b9b22ae2,MAPK11,af3_holo_iptm,0.148,0.221,,2026-07-29
of3_holo_MAPK11_38d7fcf2,MAPK11,af3_holo_iptm,0.148,0.222,,2026-07-29
of3_holo_MAPK11_0187490f,MAPK11,af3_holo_iptm,0.147,0.239,,2026-07-29
of3_holo_MAPK11_830a20ca,MAPK11,af3_holo_iptm,0.147,0.217,,2026-07-29
of3_holo_MAPK11_b34ca033,MAPK11,af3_holo_iptm,0.147,0.212,,2026-07-29
of3_holo_MAPK11_1665c119,MAPK11,af3_holo_iptm,0.147,0.216,,2026-07-29
of3_holo_MAPK11_200d8305,MAPK11,af3_holo_iptm,0.146,0.213,,2026-07-29
of3_holo_MAPK11_56f78e30,MAPK11,af3_holo_iptm,0.146,0.199,,2026-07-29
of3_holo_MAPK11_7d039fa9,MAPK11,af3_holo_iptm,0.146,0.263,,2026-07-29
of3_holo_MAPK11_42462a38,MAPK11,af3_holo_iptm,0.145,0.247,,2026-07-29
of3_holo_MAPK11_8ee009dd,MAPK11,af3_holo_iptm,0.145,0.212,,2026-07-29
of3_holo_MAPK11_09daeb0c,MAPK11,af3_holo_iptm,0.144,0.195,,2026-07-29
of3_holo_MAPK11_02b71c3a,MAPK11,af3_holo_iptm,0.144,0.192,,2026-07-29
of3_holo_MAPK14_c2399657,MAPK14,af3_holo_iptm,0.144,0.189,,2026-07-29
of3_holo_MAPK11_72460e29,MAPK11,af3_holo_iptm,0.144,0.199,,2026-07-29
of3_holo_MAPK11_433830e5,MAPK11,af3_holo_iptm,0.144,0.252,,2026-07-29
of3_holo_MAPK11_a46effa6,MAPK11,af3_holo_iptm,0.143,0.222,,2026-07-29
of3_holo_MAPK11_96c95242,MAPK11,af3_holo_iptm,0.143,0.225,,2026-07-29
of3_holo_MAPK11_6f37566f,MAPK11,af3_holo_iptm,0.142,0.238,,2026-07-29
of3_holo_MAPK11_3e2aa749,MAPK11,af3_holo_iptm,0.142,0.227,,2026-07-29
of3_holo_MAPK11_499fd172,MAPK11,af3_holo_iptm,0.141,0.208,,2026-07-29
of3_holo_MAPK11_22340749,MAPK11,af3_holo_iptm,0.141,0.226,,2026-07-29
of3_holo_MAPK11_479309e1,MAPK11,af3_holo_iptm,0.141,0.215,,2026-07-29
of3_holo_MAPK11_8d54159b,MAPK11,af3_holo_iptm,0.141,0.226,,2026-07-29
of3_holo_MAPK11_45961e8a,MAPK11,af3_holo_iptm,0.141,0.218,,2026-07-29
of3_holo_MAPK11_5d144eec,MAPK11,af3_holo_iptm,0.140,0.230,,2026-07-29
binder7158_agrn_x_agrn_lg3_1868_2065,"",af3_iptm,0.140,0.610,0.280,2026-07-23
81_rapsn_x_rapsn,"",af3_iptm,0.140,0.490,0.220,2026-06-19
17_mapk14_x_stat1,"",af3_iptm,0.140,0.560,0.260,2026-06-10
a_x_b_8d418379,"",af3_iptm,0.140,0.440,0.290,2026-07-30
17_pkm_x_hif1a,"",af3_iptm,0.140,0.430,0.370,2026-06-21
046_mapk9_x_nefh,"",af3_iptm,0.140,0.330,0.460,2026-06-18
atf3_none_none_x_pak1_74_149,"",af3_iptm,0.140,0.290,0.490,2026-07-16
binder6051_agrn_x_agrn_lg3_1868_2065,"",af3_iptm,0.140,0.580,0.250,2026-07-24
chp1_x_pls3,"",af3_iptm,0.140,0.620,0.250,2026-07-04
bdnf_x_ntrk2_kd,"",af3_iptm,0.140,0.520,0.330,2026-05-16
nrg1_176_246_x_agrn_1391_1576,"",af3_iptm,0.140,0.530,0.300,2026-07-28
binder6058_agrn_x_agrn_lg3_1868_2065,"",af3_iptm,0.140,0.600,0.240,2026-07-24
nrg1_176_246_x_musk_310_495,"",af3_iptm,0.140,0.520,0.340,2026-07-26
a_x_b_7a9306cf,"",af3_iptm,0.140,0.250,0.170,2026-07-30
tp73_dbd_tetramer_s7,"",af3_iptm,0.140,0.350,0.180,2026-08-13
56_sirt3_x_sdha,"",af3_iptm,0.140,0.600,0.310,2026-06-21
48_mapk14_x_krt8,"",af3_iptm,0.140,0.450,0.310,2026-06-14
60_stmn2_x_ank3_1_950,"",af3_iptm,0.140,0.570,0.330,2026-06-07
rhoa_x_pfn2,"",af3_iptm,0.140,0.510,0.230,2026-05-21
musk_494_868_rapsn,"",af3_iptm,0.140,0.510,0.260,2026-08-02
hdac6_cd2_x_cfl2,"",af3_iptm,0.140,0.670,0.250,2026-05-29
kcna1_x_smn1,"",af3_iptm,0.140,0.410,0.410,2026-05-26
mapk14_x_mcu,"",af3_iptm,0.140,0.500,,2026-05-27
48_mapk14_x_krt8,"",af3_iptm,0.140,0.450,0.310,2026-06-12
nrg1_176_246_x_srsf1_16_90,"",af3_iptm,0.140,0.480,0.310,2026-07-26
hnrnpa1_x_hnrnpa2b1,"",af3_iptm,0.140,0.320,0.430,2026-05-22
tardbp_x_tp53,"",af3_iptm,0.140,0.350,0.410,2026-05-23
binder6792_agrn_x_agrn_lg3_1868_2065,"",af3_iptm,0.140,0.570,0.250,2026-07-20
81_rapsn_x_rapsn,"",af3_iptm,0.140,0.490,0.220,2026-06-21
nrg1_x_stmn1,"",af3_iptm,0.140,0.220,0.560,2026-07-17
60_snph_x_kif5c_340_700,"",af3_iptm,0.140,0.250,0.520,2026-06-07
48_mcu_x_micu3,"",af3_iptm,0.140,0.410,0.340,2026-06-08
mapk11_x_mef2c,"",af3_iptm,0.140,0.700,0.320,2026-06-30
hk1_ywhaz,"",af3_iptm,0.140,0.620,0.250,2026-08-03
hif1a_x_fus,"",af3_iptm,0.140,0.340,0.500,2026-05-25
smn1_x_ripk3,"",af3_iptm,0.140,0.430,,2026-05-27
eno1_ldha,"",af3_iptm,0.140,0.600,0.240,2026-08-03
dok7_45_235_x_pak1_74_149,"",af3_iptm,0.140,0.580,0.360,2026-07-15
srsf1_x_tra2b,"",af3_iptm,0.140,0.250,0.440,2026-05-21
16_keap1_x_wdr1,"",af3_iptm,0.140,0.510,0.240,2026-06-14
a_x_b_15cf0320,"",af3_iptm,0.140,0.480,0.360,2026-07-30
68_pink1_x_mfn2,"",af3_iptm,0.140,0.420,0.280,2026-06-19
coro1c_x_pls3,"",af3_iptm,0.140,0.500,0.250,2026-07-04
stmn2_x_mdm2_1094f388,"",af3_iptm,0.140,0.230,0.520,2026-06-28
binder7067_agrn_x_agrn_lg3_1868_2065,"",af3_iptm,0.140,0.540,0.250,2026-07-23
binder6956_agrn_x_agrn_lg3_1868_2065,"",af3_iptm,0.140,0.580,0.270,2026-07-23
a_x_b_349fa959,"",af3_iptm,0.140,0.490,0.320,2026-07-29
atf3_none_none_x_cfl2_none_none,"",af3_iptm,0.140,0.460,0.460,2026-07-16
binder6792_agrn_x_agrn_lg3_1868_2065,"",af3_iptm,0.140,0.560,0.250,2026-07-23
14_vdac1_x_bax,"",af3_iptm,0.140,0.540,0.240,2026-06-12
36_mapk11_x_hspb1,"",af3_iptm,0.140,0.620,0.340,2026-06-14
chrna1_x_tp53,"",af3_iptm,0.140,0.460,0.350,2026-06-05
gapdh_pls3,"",af3_iptm,0.140,0.560,0.230,2026-08-02
14_vdac1_x_bax,"",af3_iptm,0.140,0.540,0.240,2026-06-10
gfra3_lbd_x_atf3_full,"",af3_iptm,0.140,0.360,0.510,2026-05-16
binder73_musk_fz_x_musk_fz_306_456,"",af3_iptm,0.140,0.510,0.220,2026-07-25
coro1c_x_pls3,"",af3_iptm,0.140,0.500,0.250,2026-07-03
nmj_musk_ekto_x_dok7_s42,"",af3_iptm,0.140,0.320,0.350,2026-08-15
hdac6_cd2_x_atf3,"",af3_iptm,0.140,0.620,0.390,2026-05-29
hk1_gapdh,"",af3_iptm,0.140,0.620,0.240,2026-08-03
55_stmn2_x_mapk8,"",af3_iptm,0.140,0.560,0.390,2026-06-07
gapdh_eno2,"",af3_iptm,0.140,0.600,0.230,2026-08-03
srsf1_x_hnrnpa1,"",af3_iptm,0.140,0.350,0.410,2026-05-24
kcna2_x_dlg1,"",af3_iptm,0.140,0.400,0.240,2026-05-26
agrn_x_ws1bnone_1149,"",af3_iptm,0.140,0.630,0.240,2026-07-03
mcu_x_smn1,"",af3_iptm,0.140,0.300,,2026-05-27
hdac6_cd2_x_pfn2,"",af3_iptm,0.140,0.700,0.250,2026-05-29
snph_x_pfn2,"",af3_iptm,0.140,0.520,,2026-05-27
binder6843_agrn_x_agrn_lg3_1868_2065,"",af3_iptm,0.140,0.600,0.280,2026-07-23
chp1_x_pls3,"",af3_iptm,0.140,0.620,0.250,2026-07-03
pkm2_pls3,"",af3_iptm,0.140,0.470,0.210,2026-08-02
fus_x_hnrnpa1,"",af3_iptm,0.140,0.280,0.510,2026-05-25
09_mapkapk2_x_creb1,"",af3_iptm,0.140,0.480,0.470,2026-06-14
rictor_1376_1626_x_stmn1_none_none,"",af3_iptm,0.140,0.260,0.460,2026-07-26
ldha_smn1,"",af3_iptm,0.140,0.550,0.390,2026-08-02
020_mapk10_x_arrb2,"",af3_iptm,0.140,0.440,0.300,2026-06-18
31_kcnb1_1_450_x_amigo2,"",af3_iptm,0.140,0.390,0.290,2026-06-08
020_mapk10_x_arrb2,"",af3_iptm,0.140,0.440,0.300,2026-06-21
59_sirt3_x_opa1,"",af3_iptm,0.140,0.420,0.320,2026-06-21
of3_holo_MAPK11_46b77648,MAPK11,af3_holo_iptm,0.140,0.220,,2026-07-29
of3_holo_MAPK11_c97205ae,MAPK11,af3_holo_iptm,0.139,0.275,,2026-07-29
of3_holo_MAPK11_ab30f39c,MAPK11,af3_holo_iptm,0.139,0.227,,2026-07-29
of3_holo_MAPK11_60c2b613,MAPK11,af3_holo_iptm,0.139,0.273,,2026-07-29
of3_holo_MAPK14_a2c91b83,MAPK14,af3_holo_iptm,0.139,0.191,,2026-07-29
of3_holo_MAPK11_150a4f65,MAPK11,af3_holo_iptm,0.138,0.265,,2026-07-29
of3_holo_MAPK11_580022a1,MAPK11,af3_holo_iptm,0.138,0.221,,2026-07-29
of3_holo_MAPK11_2764e4b5,MAPK11,af3_holo_iptm,0.137,0.198,,2026-07-29
of3_holo_MAPK11_035ff6a3,MAPK11,af3_holo_iptm,0.137,0.223,,2026-07-29
of3_holo_MAPK11_b613586d,MAPK11,af3_holo_iptm,0.134,0.242,,2026-07-29
of3_holo_MAPK11_d15eab2b,MAPK11,af3_holo_iptm,0.132,0.175,,2026-07-29
a_x_b_5edcfa21,"",af3_iptm,0.130,0.550,0.340,2026-07-30
eno2_ywhaz,"",af3_iptm,0.130,0.650,0.240,2026-08-02
negktrl_sarm1_tir_x_pgk1,"",af3_iptm,0.130,0.630,0.250,2026-08-06
52_hdac1_x_rbbp7,"",af3_iptm,0.130,0.480,0.270,2026-06-12
perp_none_none_x_utrn_1_270,"",af3_iptm,0.130,0.520,0.250,2026-07-30
pfn1_none_none_x_ssh1_300_600,"",af3_iptm,0.130,0.400,0.340,2026-07-26
58_nfe2l2_430_605_x_crebbp_586_672,"",af3_iptm,0.130,0.330,0.300,2026-06-10
agrn_130_300_x_tp53_363_393,"",af3_iptm,0.130,0.410,0.370,2026-07-16
hif1a_18_80_x_tp53_323_356,"",af3_iptm,0.130,0.290,0.480,2026-07-15
dnm1l_none_none_x_marchf5_none_none,"",af3_iptm,0.130,0.400,0.280,2026-07-30
a_x_b_d94453c4,"",af3_iptm,0.130,0.530,0.330,2026-07-30
snrpd1_none_none_x_tp53_1_62,"",af3_iptm,0.130,0.430,0.470,2026-07-08
a_x_b_f9d22f71,"",af3_iptm,0.130,0.490,0.340,2026-07-29
nrg1_176_246_x_srsf1_16_90,"",af3_iptm,0.130,0.500,0.250,2026-07-11
ntrk3_196_282_x_nrg1_176_246,"",af3_iptm,0.130,0.340,0.240,2026-07-26
52_hdac1_x_rbbp7,"",af3_iptm,0.130,0.480,0.270,2026-06-14
mito_dnm1l_gtpase_x_ged_s42,"",af3_iptm,0.130,0.520,0.260,2026-08-14
uba1_x_smn1,"",af3_iptm,0.130,0.200,,2026-05-27
a_x_b_67582f2b,"",af3_iptm,0.130,0.390,0.210,2026-07-30
06_gemin2_x_snrpd3,"",af3_iptm,0.130,0.460,0.350,2026-06-10
agrn_x_ws1bnone_1255,"",af3_iptm,0.130,0.630,0.230,2026-07-03
fus_x_tp53,"",af3_iptm,0.130,0.310,0.500,2026-05-25
pten_phos_x_agrn_ntr,"",af3_iptm,0.130,0.460,0.230,2026-05-14
a_x_b_b762d0b5,"",af3_iptm,0.130,0.490,0.310,2026-07-30
a_x_b_7449f92c,"",af3_iptm,0.130,0.420,0.220,2026-08-01
52_tfam_x_tfam,"",af3_iptm,0.130,0.360,0.300,2026-06-21
tardbp_104_176_x_tp53_1_62,"",af3_iptm,0.130,0.470,0.430,2026-07-08
mapk14_x_mapk10,"",af3_iptm,0.130,0.470,0.270,2026-05-26
nrg1_176_246_x_tardbp_104_176,"",af3_iptm,0.130,0.490,0.260,2026-07-11
binder6946_agrn_x_agrn_lg3_1868_2065,"",af3_iptm,0.130,0.600,0.240,2026-07-23
pfn2_x_limk2,"",af3_iptm,0.130,0.470,0.270,2026-05-27
hdac6_cd2_x_rapsn,"",af3_iptm,0.130,0.490,0.210,2026-05-29
hdac6_cd2_x_stmn2,"",af3_iptm,0.130,0.650,0.370,2026-05-29
snph_x_smn1,"",af3_iptm,0.130,0.240,,2026-05-27
a_x_b_cba915cf,"",af3_iptm,0.130,0.480,0.320,2026-07-30
eno2_x_pgk1,"",af3_iptm,0.130,0.550,0.210,2026-07-04
hif1a_18_80_x_tardbp_104_176,"",af3_iptm,0.130,0.490,0.290,2026-07-28
perp_none_none_x_chrnd_340_400,"",af3_iptm,0.130,0.600,0.380,2026-07-29
ldha_none_none_x_fgfr1_456_765,"",af3_iptm,0.130,0.550,0.230,2026-07-29
a_x_b_3f4b79b2,"",af3_iptm,0.130,0.390,0.380,2026-07-30
40_mcu_x_afg3l2_1_500,"",af3_iptm,0.130,0.300,0.310,2026-06-10
a_x_b_1541dc74,"",af3_iptm,0.130,0.520,0.300,2026-07-31
54_musk_22_495_x_crk,"",af3_iptm,0.130,0.350,0.250,2026-06-14
a_x_b_1c0a014d,"",af3_iptm,0.130,0.490,0.350,2026-07-29
pak1_74_149_x_stmn2_none_none,"",af3_iptm,0.130,0.300,0.550,2026-07-26
eno2_x_pgk1,"",af3_iptm,0.130,0.550,0.210,2026-07-03
58_nfe2l2_430_605_x_crebbp_586_672,"",af3_iptm,0.130,0.330,0.300,2026-06-12
musk_312_450_x_wnt5a_none_none,"",af3_iptm,0.130,0.590,0.250,2026-07-29
35_hdac2_x_sap30l,"",af3_iptm,0.130,0.590,0.370,2026-06-10
agrn_lg3z19_x_lrp4_bp1_x_musk_ig12_s7,"",af3_iptm,0.130,0.380,0.190,2026-08-10
pgk1_smn1,"",af3_iptm,0.130,0.590,0.390,2026-08-02
28_musk_22_495_x_agrn_1735_1940,"",af3_iptm,0.130,0.390,0.290,2026-06-14
41_ulk1_x_atg13,"",af3_iptm,0.130,0.290,0.380,2026-06-21
nrg1_176_246_x_tardbp_104_176,"",af3_iptm,0.130,0.500,0.280,2026-07-26
54_musk_22_495_x_crk,"",af3_iptm,0.130,0.350,0.250,2026-06-12
utrn_1_270_x_dag1_750_895,"",af3_iptm,0.130,0.620,0.420,2026-07-30
bcl2_none_none_x_pak1_74_149,"",af3_iptm,0.130,0.520,0.350,2026-07-15
smn1_x_stmn2,"",af3_iptm,0.130,0.240,0.530,2026-05-23
keap1_x_hdac6_cd2,"",af3_iptm,0.130,0.440,0.220,2026-05-26
pten_14_185_x_tp53_1_62,"",af3_iptm,0.130,0.610,0.360,2026-07-11
igf1r_973_1281_x_agrn_1391_1576,"",af3_iptm,0.130,0.580,0.250,2026-07-28
35_hdac2_x_sap30l,"",af3_iptm,0.130,0.590,0.370,2026-06-12
tp73_dbd_tetramer_s42,"",af3_iptm,0.130,0.340,0.170,2026-08-13
ntrk2_32_429_x_ncald_none_none,"",af3_iptm,0.130,0.460,0.240,2026-07-11
40_mcu_x_afg3l2_1_500,"",af3_iptm,0.130,0.300,0.310,2026-06-12
mapk14_x_rps6ka5,"",af3_iptm,0.130,0.530,0.250,2026-06-30
rock1_x_pfn2,"",af3_iptm,0.130,0.380,0.430,2026-05-21
041_mapk9_x_stmn2,"",af3_iptm,0.130,0.550,0.410,2026-06-18
pls3_x_cfl1,"",af3_iptm,0.130,0.640,0.240,2026-05-27
mapk14_x_mknk1,"",af3_iptm,0.130,0.560,0.220,2026-06-30
atf3_none_none_x_smn1_90_159,"",af3_iptm,0.130,0.270,0.550,2026-07-16
eno1_pls3,"",af3_iptm,0.130,0.510,0.210,2026-08-02
of3_holo_MAPK11_a51ffce0,MAPK11,af3_holo_iptm,0.130,0.186,,2026-07-29
of3_holo_MAPK11_7269f854,MAPK11,af3_holo_iptm,0.129,0.333,,2026-07-29
of3_holo_MAPK11_888e28c3,MAPK11,af3_holo_iptm,0.128,0.248,,2026-07-29
of3_holo_MAPK11_729993c1,MAPK11,af3_holo_iptm,0.128,0.226,,2026-07-29
of3_holo_MAPK11_194b2a6b,MAPK11,af3_holo_iptm,0.126,0.227,,2026-07-29
of3_holo_MAPK11_c363abe5,MAPK11,af3_holo_iptm,0.126,0.225,,2026-07-29
of3_holo_MAPK11_4602d019,MAPK11,af3_holo_iptm,0.125,0.219,,2026-07-29
of3_holo_MAPK11_a5d65f67,MAPK11,af3_holo_iptm,0.124,0.225,,2026-07-29
cfl1_x_pak1,"",af3_iptm,0.120,0.480,0.320,2026-06-05
80_chrna1_x_rapsn,"",af3_iptm,0.120,0.450,0.230,2026-06-19
mito_dnm1l_gtpase_x_ged_s7,"",af3_iptm,0.120,0.510,0.310,2026-08-13
19_mcu_x_micu2,"",af3_iptm,0.120,0.410,0.310,2026-06-14
gfra3_132_255_x_agrn_876_1126,"",af3_iptm,0.120,0.310,0.430,2026-06-29
30_mfn2_x_vdac1,"",af3_iptm,0.120,0.480,0.240,2026-06-21
tp53_1_62_x_rock2_941_1010,"",af3_iptm,0.120,0.440,0.670,2026-07-07
a_x_b_ac6352ad,"",af3_iptm,0.120,0.530,0.290,2026-07-30
pak1_x_stmn2,"",af3_iptm,0.120,0.500,0.450,2026-05-23
a_x_b_d5bac699,"",af3_iptm,0.120,0.540,0.300,2026-07-29
82_musk_22_495_x_colq,"",af3_iptm,0.120,0.350,0.310,2026-06-19
smn1_x_zfp36l1,"",af3_iptm,0.120,0.200,0.530,2026-07-03
54_sirt3_x_sod2,"",af3_iptm,0.120,0.480,0.310,2026-06-21
pgk1_dimer,"",af3_iptm,0.120,0.490,0.190,2026-08-03
09_ncald_x_cltc_1_330,"",af3_iptm,0.120,0.630,0.230,2026-06-10
20_stmn2_x_mapk9,"",af3_iptm,0.120,0.550,0.400,2026-06-14
tardbp_x_tardbp_afdd13ac,"",af3_iptm,0.120,0.210,0.350,2026-06-29
eno1_pkm2,"",af3_iptm,0.120,0.540,0.210,2026-08-03
84_chrnb1_x_rapsn,"",af3_iptm,0.120,0.440,0.240,2026-06-19
atf3_x_tp53,"",af3_iptm,0.120,0.400,0.480,2026-06-05
smn1_x_wrap53,"",af3_iptm,0.120,0.470,0.440,2026-07-04
hif1a_nterm_x_tp53_tad,"",af3_iptm,0.120,0.300,0.490,2026-05-14
65_sarm1_x_nmnat2,"",af3_iptm,0.120,0.550,0.280,2026-06-19
05_pgk1_x_pkm,"",af3_iptm,0.120,0.550,0.210,2026-06-21
84_chrnb1_x_rapsn,"",af3_iptm,0.120,0.440,0.240,2026-06-21
eno2_smn1,"",af3_iptm,0.120,0.610,0.380,2026-08-02
perp_none_none_x_snta1_none_none,"",af3_iptm,0.120,0.460,0.260,2026-07-29
binder6327_agrn_x_agrn_lg3_1868_2065,"",af3_iptm,0.120,0.650,0.250,2026-07-24
smn1_x_zfp36l1,"",af3_iptm,0.120,0.200,0.530,2026-07-04
perp_none_none_x_dok7_1_235,"",af3_iptm,0.120,0.490,0.250,2026-07-29
pten_phos_x_agrn_ntr,"",af3_iptm,0.120,0.460,0.230,2026-05-16
cfl1_x_pak1,"",af3_iptm,0.120,0.480,0.320,2026-05-22
nmj_agrn_dag1,"",af3_iptm,0.120,0.350,0.260,2026-06-29
prkaa1_x_ulk1,"",af3_iptm,0.120,0.470,0.200,2026-06-29
80_chrna1_x_rapsn,"",af3_iptm,0.120,0.450,0.230,2026-06-21
gdnf_none_none_x_tp53_363_393,"",af3_iptm,0.120,0.400,0.480,2026-07-15
prkaa1_x_ulk1,"",af3_iptm,0.120,0.470,0.200,2026-06-30
binder5939_agrn_x_agrn_lg3_1868_2065,"",af3_iptm,0.120,0.640,0.250,2026-07-25
smn1_90_159_x_fus_471_526,"",af3_iptm,0.120,0.440,0.460,2026-06-29
srsf1_x_hnrnpa2b1,"",af3_iptm,0.120,0.370,0.380,2026-05-21
binder7053_agrn_x_agrn_lg3_1868_2065,"",af3_iptm,0.120,0.630,0.240,2026-07-23
mapk14_x_mknk2,"",af3_iptm,0.120,0.560,0.210,2026-06-30
mapk14_x_pfn2,"",af3_iptm,0.120,0.670,0.230,2026-05-26
hif1a_nterm_x_tp53_tad,"",af3_iptm,0.120,0.310,0.490,2026-05-16
a_x_b_7351ab0c,"",af3_iptm,0.120,0.540,0.290,2026-07-31
dok7_1_235_x_crkl_none_none,"",af3_iptm,0.120,0.430,0.280,2026-07-30
gapdh_eno1,"",af3_iptm,0.120,0.580,0.210,2026-08-03
of3_holo_MAPK11_0967be67,MAPK11,af3_holo_iptm,0.114,0.234,,2026-07-29
binder5945_agrn_x_agrn_lg3_1868_2065,"",af3_iptm,0.110,0.600,0.250,2026-07-24
binder6942_agrn_x_agrn_lg3_1868_2065,"",af3_iptm,0.110,0.640,0.250,2026-07-20
lrp4_1656_1905_x_pak1_87_200,"",af3_iptm,0.110,0.200,0.550,2026-07-28
a_x_b_04b4f3d6,"",af3_iptm,0.110,0.520,0.290,2026-07-29
cfl1_none_none_x_tp53_363_393,"",af3_iptm,0.110,0.760,0.320,2026-07-15
48_snph_x_dnm1l_1_340,"",af3_iptm,0.110,0.380,0.470,2026-06-10
eno1_smn1,"",af3_iptm,0.110,0.610,0.370,2026-08-02
pgk1_gapdh,"",af3_iptm,0.110,0.520,0.190,2026-08-03
chrna1_x_rapsn,"",af3_iptm,0.110,0.450,0.230,2026-05-29
dok7_1_100_x_tp53_363_393,"",af3_iptm,0.110,0.610,0.330,2026-07-15
atf3_none_none_x_dok7_1_100,"",af3_iptm,0.110,0.310,0.450,2026-07-16
musk_kin2_x_limk1_bind,"",af3_iptm,0.110,0.440,0.430,2026-05-17
dnm1l_1_500_x_micu1,"",af3_iptm,0.110,0.390,0.230,2026-08-06
musk_kin2_x_limk1_bind,"",af3_iptm,0.110,0.440,0.440,2026-05-14
eno1_ywhaz,"",af3_iptm,0.110,0.640,0.220,2026-08-02
31_nfe2l2_430_605_x_ep300_330_420,"",af3_iptm,0.110,0.330,0.280,2026-06-10
tsc2_251_501_x_erbb3_709_967,"",af3_iptm,0.110,0.480,0.180,2026-07-26
kcna2_x_chrna1,"",af3_iptm,0.110,0.400,0.260,2026-05-26
musk_kin2_x_limk1_bind_2,"",af3_iptm,0.110,0.440,0.440,2026-05-14
binder6041_agrn_x_agrn_lg3_1868_2065,"",af3_iptm,0.110,0.640,0.280,2026-07-24
pgk1_eno1,"",af3_iptm,0.110,0.540,0.200,2026-08-03
ntrk3_538_825_x_limk1_165_280,"",af3_iptm,0.110,0.630,0.240,2026-07-11
gfra3_132_255_x_atf3_none_none,"",af3_iptm,0.110,0.340,0.450,2026-07-15
rictor_1376_1626_x_stmn2_none_none,"",af3_iptm,0.110,0.240,0.460,2026-07-26
musk_kin2_x_limk1_bind,"",af3_iptm,0.110,0.440,0.430,2026-05-16
agrn_x_musk,"",af3_iptm,0.110,0.490,0.210,2026-07-03
nmj_agrn_musk,"",af3_iptm,0.110,0.500,0.210,2026-06-29
musk_kin2_x_limk1_bind_3,"",af3_iptm,0.110,0.440,0.440,2026-05-14
48_snph_x_dnm1l_1_340,"",af3_iptm,0.110,0.380,0.470,2026-06-12
pgk1_pkm2,"",af3_iptm,0.110,0.560,0.210,2026-08-03
eno1_none_none_x_pgam1_none_none,"",af3_iptm,0.110,0.640,0.210,2026-07-29
perp_none_none_x_pfn2_none_none,"",af3_iptm,0.110,0.470,0.210,2026-07-29
mapk14_x_mef2c,"",af3_iptm,0.110,0.710,0.300,2026-06-30
nrg1_176_246_x_tp53_323_356,"",af3_iptm,0.110,0.410,0.430,2026-07-11
40_hdac2_x_sap18,"",af3_iptm,0.110,0.600,0.330,2026-06-08
ntrk3_196_282_x_pak1_74_149,"",af3_iptm,0.110,0.310,0.300,2026-07-11
pkm2_ldha,"",af3_iptm,0.110,0.590,0.220,2026-08-03
31_nfe2l2_430_605_x_ep300_330_420,"",af3_iptm,0.110,0.330,0.280,2026-06-12
pak1_x_stmn2,"",af3_iptm,0.110,0.500,0.430,2026-07-17
mapk11_x_mef2a,"",af3_iptm,0.110,0.710,0.280,2026-06-30
gapdh_ldha,"",af3_iptm,0.110,0.530,0.210,2026-08-03
perp_none_none_x_chrng_330_390,"",af3_iptm,0.110,0.560,0.350,2026-07-29
binder6172_agrn_x_agrn_lg3_1868_2065,"",af3_iptm,0.110,0.560,0.220,2026-07-24
07_pgk1_x_aldoa,"",af3_iptm,0.110,0.500,0.190,2026-06-21
69_prkn_x_vdac1,"",af3_iptm,0.110,0.410,0.210,2026-06-19
mtor_2251_2501_x_hnrnpa1_106_184,"",af3_iptm,0.110,0.270,0.260,2026-07-28
08_pgk1_x_pgam1,"",af3_iptm,0.100,0.570,0.190,2026-06-21
mcu_x_snph,"",af3_iptm,0.100,0.350,,2026-05-27
atf3_none_none_x_hnrnpa1_106_184,"",af3_iptm,0.100,0.320,0.460,2026-07-16
hif1a_18_80_x_snrpd1_none_none,"",af3_iptm,0.100,0.450,0.260,2026-07-28
a_x_b_9347b19d,"",af3_iptm,0.100,0.520,0.300,2026-07-29
stmn2_x_tardbp,"",af3_iptm,0.100,0.240,0.420,2026-05-21
kdm6a_cat_x_idh1_cat,"",af3_iptm,0.100,0.490,0.190,2026-05-14
cfl2_x_pak1,"",af3_iptm,0.100,0.500,0.320,2026-05-25
perp_none_none_x_nefl_1_200,"",af3_iptm,0.100,0.420,0.420,2026-07-29
hnrnpa1_15_93_x_fus_471_526_2,"",af3_iptm,0.100,0.520,0.390,2026-08-06
mapk14_x_mef2a,"",af3_iptm,0.100,0.710,0.270,2026-06-30
binder6942_agrn_x_agrn_lg3_1868_2065,"",af3_iptm,0.100,0.630,0.230,2026-07-23
nrg1_176_246_x_dok7_1_100,"",af3_iptm,0.100,0.470,0.230,2026-06-29
pik3ca_696_1068_x_snrpd1_none_none,"",af3_iptm,0.100,0.690,0.260,2026-07-11
gfra1_146_265_x_musk_310_495,"",af3_iptm,0.100,0.460,0.230,2026-07-28
bcl2l1_full_x_smn1_tudor,"",af3_iptm,0.100,0.500,0.320,2026-05-16
hnrnpa1_15_93_x_fus_471_526,"",af3_iptm,0.100,0.520,0.390,2026-07-15
73_slc25a4_x_vdac1,"",af3_iptm,0.100,0.460,0.180,2026-06-21
smn1_x_chrna1,"",af3_iptm,0.100,0.460,0.370,2026-05-27
tsc2_1126_1376_x_stmn1_none_none,"",af3_iptm,0.100,0.230,0.550,2026-07-07
06_pgk1_x_tpi1,"",af3_iptm,0.100,0.580,0.190,2026-06-21
atf3_f_x_pak1_pbd,"",af3_iptm,0.100,0.260,0.480,2026-05-14
hif1a_18_80_x_nrg1_176_246,"",af3_iptm,0.100,0.320,0.360,2026-06-29
pkm2_none_none_x_hif1a_1_400,"",af3_iptm,0.100,0.540,0.230,2026-07-29
nmj_chrna1_ecd_dimer_s42,"",af3_iptm,0.100,0.490,0.180,2026-08-15
atf3_f_x_pak1_pbd,"",af3_iptm,0.100,0.260,0.480,2026-05-16
tardbp_193_262_x_tp53_363_393,"",af3_iptm,0.100,0.620,0.360,2026-07-07
50_stmn2_x_dpysl2,"",af3_iptm,0.100,0.660,0.400,2026-06-05
tsc2_1126_1376_x_stmn1_none_none,"",af3_iptm,0.100,0.230,0.550,2026-07-26
stmn1_none_none_x_smn1_260_294,"",af3_iptm,0.100,0.370,0.660,2026-07-08
tardbp_104_176_x_bcl2_none_none,"",af3_iptm,0.100,0.520,0.280,2026-07-26
snph_x_mcu,"",af3_iptm,0.100,0.360,,2026-05-27
wasf1_445_559_x_limk1_165_280,"",af3_iptm,0.100,0.360,0.410,2026-07-07
perp_none_none_x_chrnb1_330_390,"",af3_iptm,0.100,0.580,0.350,2026-07-29
dnm1l_x_mff,"",af3_iptm,0.100,0.290,0.490,2026-06-29
09_pgk1_x_ldha,"",af3_iptm,0.100,0.520,0.200,2026-06-21
73_slc25a4_x_vdac1,"",af3_iptm,0.100,0.460,0.180,2026-06-19
dnm1l_x_mff,"",af3_iptm,0.100,0.290,0.490,2026-06-30
stmn1_x_smn1,"",af3_iptm,0.090,0.220,0.520,2026-07-17
a_x_b_92328ea4,"",af3_iptm,0.090,0.420,0.270,2026-07-31
cfl2_x_pfn2,"",af3_iptm,0.090,0.520,0.170,2026-05-25
bdnf_x_limk2_lim,"",af3_iptm,0.090,0.420,0.220,2026-05-16
agrn_1_130_x_limk2_1_140,"",af3_iptm,0.090,0.340,0.250,2026-07-16
nrg1_176_246_x_lrp4_1656_1905,"",af3_iptm,0.090,0.220,0.540,2026-07-26
cfl2_none_none_x_tp53_1_62,"",af3_iptm,0.090,0.580,0.320,2026-07-15
lrp4_1656_1905_x_pak1_87_200,"",af3_iptm,0.090,0.190,0.540,2026-06-29
srsf1_16_90_x_tp53_1_62,"",af3_iptm,0.090,0.480,0.390,2026-07-08
binder_limk2_job_0_n_424,"",af3_iptm,0.090,0.550,0.210,2026-05-17
binder_limk2_job_0_n_424,"",af3_iptm,0.090,0.550,0.210,2026-05-14
perp_none_none_x_dsp_1_250,"",af3_iptm,0.090,0.370,0.280,2026-07-29
52_mcu_x_vdac1,"",af3_iptm,0.090,0.410,0.230,2026-06-08
binder6146_agrn_x_agrn_lg3_1868_2065,"",af3_iptm,0.090,0.550,0.230,2026-07-24
binder_limk2_job_0_n_424,"",af3_iptm,0.090,0.550,0.210,2026-05-16
pak1_74_149_x_stmn2_none_none,"",af3_iptm,0.090,0.280,0.530,2026-07-11
mito_dnm1l_middle_dimer_s42,"",af3_iptm,0.090,0.330,0.180,2026-08-14
bdnf_x_limk2_lim,"",af3_iptm,0.090,0.420,0.220,2026-05-14
perp_none_none_x_kif5a_1_350,"",af3_iptm,0.090,0.580,0.210,2026-07-29
tsc2_876_1126_x_hnrnpa1_15_93,"",af3_iptm,0.090,0.260,0.360,2026-07-26
pten_14_185_x_erbb3_709_967,"",af3_iptm,0.090,0.560,0.190,2026-07-26
perp_none_none_x_chrne_330_390,"",af3_iptm,0.090,0.550,0.340,2026-07-29
a_x_b_17f4ba66,"",af3_iptm,0.090,0.460,0.290,2026-07-29
smn2_x_snrnp70,"",af3_iptm,0.090,0.190,0.520,2026-07-08
mito_dnm1l_middle_dimer_s7,"",af3_iptm,0.090,0.320,0.180,2026-08-13
ntrk3_196_282_x_musk_310_495,"",af3_iptm,0.090,0.490,0.240,2026-07-11
tp53_363_393_x_pak1_74_149,"",af3_iptm,0.090,0.480,0.460,2026-07-07
ntrk3_196_282_x_bdnf_none_none,"",af3_iptm,0.090,0.400,0.330,2026-07-11
dok7_45_235_x_limk1_165_280,"",af3_iptm,0.080,0.490,0.270,2026-07-15
a_x_b_36c89330,"",af3_iptm,0.080,0.460,0.270,2026-07-31
gdnf_x_rock2_rbd,"",af3_iptm,0.080,0.420,0.430,2026-05-14
gapdh_x_stmn2,"",af3_iptm,0.080,0.630,0.360,2026-08-06
21_stmn2_x_cdk5,"",af3_iptm,0.080,0.570,0.370,2026-06-14
wasf1_445_559_x_rock1_948_1015,"",af3_iptm,0.080,0.320,0.630,2026-07-07
46_mcu_x_mcur1,"",af3_iptm,0.080,0.290,0.400,2026-06-05
rictor_1001_1251_x_stmn2_none_none,"",af3_iptm,0.080,0.250,0.590,2026-07-26
ncald_none_none_x_pak1_74_149,"",af3_iptm,0.080,0.410,0.210,2026-07-28
cav1_x_smn1,"",af3_iptm,0.080,0.230,0.470,2026-07-04
bdnf_none_none_x_limk1_165_280,"",af3_iptm,0.080,0.400,0.290,2026-07-15
gfra1_146_265_x_musk_310_495,"",af3_iptm,0.080,0.450,0.230,2026-07-15
rhoa_x_cfl1,"",af3_iptm,0.080,0.480,0.170,2026-05-21
cav1_x_smn1,"",af3_iptm,0.080,0.230,0.470,2026-07-03
perp_none_none_x_smn1_none_none,"",af3_iptm,0.080,0.370,0.380,2026-07-30
a_x_b_b4012b53,"",af3_iptm,0.080,0.400,0.260,2026-07-31
hif1a_nterm_x_fus_lcd,"",af3_iptm,0.080,0.310,0.460,2026-05-16
rhoa_x_cfl2,"",af3_iptm,0.080,0.490,0.170,2026-05-21
gemin2_gemin8,"",af3_iptm,0.080,0.350,0.400,2026-08-01
limk1_165_280_x_tp53_1_62,"",af3_iptm,0.080,0.510,0.390,2026-07-15
pfn1_none_none_x_limk2_165_280,"",af3_iptm,0.080,0.540,0.230,2026-07-11
nrg1_egf_x_cfl2_f,"",af3_iptm,0.080,0.650,0.250,2026-05-16
agrn_1_130_x_cfl2_none_none,"",af3_iptm,0.070,0.540,0.240,2026-07-16
perp_none_none_x_snph_1_200,"",af3_iptm,0.070,0.410,0.410,2026-07-30
colq_x_musk,"",af3_iptm,0.070,0.530,0.310,2026-07-03
nrg1_egf_x_cfl2_f,"",af3_iptm,0.070,0.640,0.230,2026-05-14
perp_none_none_x_tp73_1_150,"",af3_iptm,0.070,0.480,0.400,2026-07-30
srsf1_x_stmn2,"",af3_iptm,0.060,0.260,0.420,2026-07-17
perp_none_none_x_mapt_1_250,"",af3_iptm,0.060,0.380,0.430,2026-07-29
srsf1_rrm_x_tp53_tad,"",af3_iptm,0.060,0.480,0.370,2026-05-16
srsf1_16_90_x_stmn2_none_none,"",af3_iptm,0.060,0.310,0.460,2026-07-08
stmn2_none_none_x_tp53_363_393,"",af3_iptm,0.050,0.370,0.560,2026-07-08
atf3_none_none_x_tp53_363_393,"",af3_iptm,0.050,0.340,0.490,2026-07-16
dok7_1_100_x_limk2_165_280,"",af3_iptm,0.050,0.240,0.170,2026-07-15
a_x_b_f2f4a6e9,"",af3_iptm,0.050,0.360,0.250,2026-07-29
snph_x_cfl2,"",af3_iptm,0.050,0.450,,2026-05-27
hif1a_18_80_x_fus_471_526,"",af3_iptm,0.050,0.350,0.420,2026-07-15
pak1_87_200_x_tp53_363_393,"",af3_iptm,0.050,0.350,0.440,2026-07-11
musk_tm_x_limk1_pdz,"",af3_iptm,0.040,0.260,0.400,2026-05-16
nrg1_176_246_x_tp53_1_62,"",af3_iptm,0.040,0.330,0.400,2026-07-11
tp53_363_393_x_rock2_941_1010,"",af3_iptm,0.030,0.430,0.480,2026-07-07
musk_tm_x_limk1_pdz,"",af3_iptm,0.030,0.280,0.400,2026-05-14
hif1a_18_80_x_tp53_363_393,"",af3_iptm,0.030,0.450,0.410,2026-07-15
nrg1_176_246_x_fus_471_526,"",af3_iptm,0.030,0.370,0.400,2026-07-28
tp53_363_393_x_rock1_948_1015,"",af3_iptm,0.020,0.470,0.520,2026-07-07
tardbp_193_262_x_tp53_1_62_2,"",af3_iptm,0.020,0.420,0.340,2026-08-06
tardbp_193_262_x_tp53_1_62,"",af3_iptm,0.020,0.420,0.340,2026-07-07
