[17:34:51] ============================================================
[17:34:51] DiffDock Selectivity Batch
[17:34:51] Input: /data/safety_pass.smi
[17:34:51] Chunk: start=3261 size=1087
[17:34:51] GPU: 0
[17:34:51] Targets: LIMK2 (4TPT), LIMK1 (3S95), ROCK1 (2ESM)
[17:34:51] N_samples: 10, Threshold: 0.3
[17:34:51] ============================================================
[17:34:51] 
[WARMUP] Verifying DiffDock inference.py ...
[17:34:51] [WARMUP] OK
[17:34:51] 
Loading molecules from /data/safety_pass.smi ...
[17:34:51] Total molecules in file: 4346
[17:34:51] This chunk: indices 3261-4345 = 1085 molecules
[17:34:51] 
Starting docking ... 1085 mols × 3 targets = 3255 jobs
[17:34:51] Target ready: LIMK2 (4TPT)
[17:34:51] Target ready: LIMK1 (3S95)
[17:34:51] Target ready: ROCK1 (2ESM)
[17:34:51] Resumed from checkpoint: 112 already done
[17:34:51] [gpu0_start3261] 113/1085 mol_id=1486_0
[17:34:56]     DiffDock stderr: Traceback (most recent call last):
  File "/opt/DiffDock/inference.py", line 28, in <module>
    import utils.utils
  File "/opt/DiffDock/utils/utils.py", line 17, in <module>
    from models.aa_model
[17:34:56]   LIMK2: FAILED (5s)
[17:35:01]     DiffDock stderr: Traceback (most recent call last):
  File "/opt/DiffDock/inference.py", line 28, in <module>
    import utils.utils
  File "/opt/DiffDock/utils/utils.py", line 17, in <module>
    from models.aa_model
[17:35:01]   LIMK1: FAILED (5s)
[17:35:06]     DiffDock stderr: Traceback (most recent call last):
  File "/opt/DiffDock/inference.py", line 28, in <module>
    import utils.utils
  File "/opt/DiffDock/utils/utils.py", line 17, in <module>
    from models.aa_model
[17:35:06]   ROCK1: FAILED (5s)
[17:35:06] [gpu0_start3261] 114/1085 mol_id=1489-incomp_0
[17:35:11]     DiffDock stderr: Traceback (most recent call last):
  File "/opt/DiffDock/inference.py", line 28, in <module>
    import utils.utils
  File "/opt/DiffDock/utils/utils.py", line 17, in <module>
    from models.aa_model
[17:35:11]   LIMK2: FAILED (5s)
[17:35:16]     DiffDock stderr: Traceback (most recent call last):
  File "/opt/DiffDock/inference.py", line 28, in <module>
    import utils.utils
  File "/opt/DiffDock/utils/utils.py", line 17, in <module>
    from models.aa_model
[17:35:16]   LIMK1: FAILED (5s)
[17:35:21]     DiffDock stderr: Traceback (most recent call last):
  File "/opt/DiffDock/inference.py", line 28, in <module>
    import utils.utils
  File "/opt/DiffDock/utils/utils.py", line 17, in <module>
    from models.aa_model
[17:35:21]   ROCK1: FAILED (5s)
[17:35:21] [gpu0_start3261] 115/1085 mol_id=1492_0
[17:35:26]     DiffDock stderr: Traceback (most recent call last):
  File "/opt/DiffDock/inference.py", line 28, in <module>
    import utils.utils
  File "/opt/DiffDock/utils/utils.py", line 17, in <module>
    from models.aa_model
[17:35:26]   LIMK2: FAILED (5s)
[17:35:31]     DiffDock stderr: Traceback (most recent call last):
  File "/opt/DiffDock/inference.py", line 28, in <module>
    import utils.utils
  File "/opt/DiffDock/utils/utils.py", line 17, in <module>
    from models.aa_model
[17:35:31]   LIMK1: FAILED (5s)
[17:35:35]     DiffDock stderr: Traceback (most recent call last):
  File "/opt/DiffDock/inference.py", line 28, in <module>
    import utils.utils
  File "/opt/DiffDock/utils/utils.py", line 17, in <module>
    from models.aa_model
[17:35:35]   ROCK1: FAILED (5s)
[17:35:35] [gpu0_start3261] 116/1085 mol_id=1495-incomp_0
[17:35:40]     DiffDock stderr: Traceback (most recent call last):
  File "/opt/DiffDock/inference.py", line 28, in <module>
    import utils.utils
  File "/opt/DiffDock/utils/utils.py", line 17, in <module>
    from models.aa_model
[17:35:40]   LIMK2: FAILED (5s)
[17:35:45]     DiffDock stderr: Traceback (most recent call last):
  File "/opt/DiffDock/inference.py", line 28, in <module>
    import utils.utils
  File "/opt/DiffDock/utils/utils.py", line 17, in <module>
    from models.aa_model
[17:35:45]   LIMK1: FAILED (5s)
[17:35:50]     DiffDock stderr: Traceback (most recent call last):
  File "/opt/DiffDock/inference.py", line 28, in <module>
    import utils.utils
  File "/opt/DiffDock/utils/utils.py", line 17, in <module>
    from models.aa_model
[17:35:50]   ROCK1: FAILED (5s)
[17:35:50] [gpu0_start3261] 117/1085 mol_id=1497-incomp_0
[17:35:55]     DiffDock stderr: Traceback (most recent call last):
  File "/opt/DiffDock/inference.py", line 28, in <module>
    import utils.utils
  File "/opt/DiffDock/utils/utils.py", line 17, in <module>
    from models.aa_model
[17:35:55]   LIMK2: FAILED (5s)
[17:36:00]     DiffDock stderr: Traceback (most recent call last):
  File "/opt/DiffDock/inference.py", line 28, in <module>
    import utils.utils
  File "/opt/DiffDock/utils/utils.py", line 17, in <module>
    from models.aa_model
[17:36:00]   LIMK1: FAILED (5s)
[17:36:05]     DiffDock stderr: Traceback (most recent call last):
  File "/opt/DiffDock/inference.py", line 28, in <module>
    import utils.utils
  File "/opt/DiffDock/utils/utils.py", line 17, in <module>
    from models.aa_model
[17:36:05]   ROCK1: FAILED (5s)
[17:36:05] [gpu0_start3261] 118/1085 mol_id=1499-incomp_0
[17:36:10]     DiffDock stderr: Traceback (most recent call last):
  File "/opt/DiffDock/inference.py", line 28, in <module>
    import utils.utils
  File "/opt/DiffDock/utils/utils.py", line 17, in <module>
    from models.aa_model
[17:36:10]   LIMK2: FAILED (5s)
[17:36:15]     DiffDock stderr: Traceback (most recent call last):
  File "/opt/DiffDock/inference.py", line 28, in <module>
    import utils.utils
  File "/opt/DiffDock/utils/utils.py", line 17, in <module>
    from models.aa_model
[17:36:15]   LIMK1: FAILED (5s)
[17:36:20]     DiffDock stderr: Traceback (most recent call last):
  File "/opt/DiffDock/inference.py", line 28, in <module>
    import utils.utils
  File "/opt/DiffDock/utils/utils.py", line 17, in <module>
    from models.aa_model
[17:36:20]   ROCK1: FAILED (5s)
[17:36:20] [gpu0_start3261] 119/1085 mol_id=1500_0
[17:36:26]     DiffDock stderr: Traceback (most recent call last):
  File "/opt/DiffDock/inference.py", line 28, in <module>
    import utils.utils
  File "/opt/DiffDock/utils/utils.py", line 17, in <module>
    from models.aa_model
[17:36:26]   LIMK2: FAILED (5s)
[17:36:31]     DiffDock stderr: Traceback (most recent call last):
  File "/opt/DiffDock/inference.py", line 28, in <module>
    import utils.utils
  File "/opt/DiffDock/utils/utils.py", line 17, in <module>
    from models.aa_model
[17:36:31]   LIMK1: FAILED (5s)
[17:36:36]     DiffDock stderr: Traceback (most recent call last):
  File "/opt/DiffDock/inference.py", line 28, in <module>
    import utils.utils
  File "/opt/DiffDock/utils/utils.py", line 17, in <module>
    from models.aa_model
[17:36:36]   ROCK1: FAILED (5s)
[17:36:36] [gpu0_start3261] 120/1085 mol_id=1503_0
[17:36:41]     DiffDock stderr: Traceback (most recent call last):
  File "/opt/DiffDock/inference.py", line 28, in <module>
    import utils.utils
  File "/opt/DiffDock/utils/utils.py", line 17, in <module>
    from models.aa_model
[17:36:41]   LIMK2: FAILED (5s)
[17:36:45]     DiffDock stderr: Traceback (most recent call last):
  File "/opt/DiffDock/inference.py", line 28, in <module>
    import utils.utils
  File "/opt/DiffDock/utils/utils.py", line 17, in <module>
    from models.aa_model
[17:36:45]   LIMK1: FAILED (5s)
[17:36:50]     DiffDock stderr: Traceback (most recent call last):
  File "/opt/DiffDock/inference.py", line 28, in <module>
    import utils.utils
  File "/opt/DiffDock/utils/utils.py", line 17, in <module>
    from models.aa_model
[17:36:50]   ROCK1: FAILED (5s)
[17:36:50] [gpu0_start3261] 121/1085 mol_id=1504-incomp_0
[17:36:56]     DiffDock stderr: Traceback (most recent call last):
  File "/opt/DiffDock/inference.py", line 28, in <module>
    import utils.utils
  File "/opt/DiffDock/utils/utils.py", line 17, in <module>
    from models.aa_model
[17:36:56]   LIMK2: FAILED (5s)
[17:37:01]     DiffDock stderr: Traceback (most recent call last):
  File "/opt/DiffDock/inference.py", line 28, in <module>
    import utils.utils
  File "/opt/DiffDock/utils/utils.py", line 17, in <module>
    from models.aa_model
[17:37:01]   LIMK1: FAILED (5s)
[17:37:05]     DiffDock stderr: Traceback (most recent call last):
  File "/opt/DiffDock/inference.py", line 28, in <module>
    import utils.utils
  File "/opt/DiffDock/utils/utils.py", line 17, in <module>
    from models.aa_model
[17:37:05]   ROCK1: FAILED (5s)
[17:37:05] [gpu0_start3261] 122/1085 mol_id=1507_0
[17:37:10]     DiffDock stderr: Traceback (most recent call last):
  File "/opt/DiffDock/inference.py", line 28, in <module>
    import utils.utils
  File "/opt/DiffDock/utils/utils.py", line 17, in <module>
    from models.aa_model
[17:37:10]   LIMK2: FAILED (5s)
[17:37:16]     DiffDock stderr: Traceback (most recent call last):
  File "/opt/DiffDock/inference.py", line 28, in <module>
    import utils.utils
  File "/opt/DiffDock/utils/utils.py", line 17, in <module>
    from models.aa_model
[17:37:16]   LIMK1: FAILED (5s)
[17:37:21]     DiffDock stderr: Traceback (most recent call last):
  File "/opt/DiffDock/inference.py", line 28, in <module>
    import utils.utils
  File "/opt/DiffDock/utils/utils.py", line 17, in <module>
    from models.aa_model
[17:37:21]   ROCK1: FAILED (5s)
[17:37:21] [gpu0_start3261] 123/1085 mol_id=1524_0
[17:37:26]     DiffDock stderr: Traceback (most recent call last):
  File "/opt/DiffDock/inference.py", line 28, in <module>
    import utils.utils
  File "/opt/DiffDock/utils/utils.py", line 17, in <module>
    from models.aa_model
[17:37:26]   LIMK2: FAILED (5s)
[17:37:31]     DiffDock stderr: Traceback (most recent call last):
  File "/opt/DiffDock/inference.py", line 28, in <module>
    import utils.utils
  File "/opt/DiffDock/utils/utils.py", line 17, in <module>
    from models.aa_model
[17:37:31]   LIMK1: FAILED (5s)
[17:37:36]     DiffDock stderr: Traceback (most recent call last):
  File "/opt/DiffDock/inference.py", line 28, in <module>
    import utils.utils
  File "/opt/DiffDock/utils/utils.py", line 17, in <module>
    from models.aa_model
[17:37:36]   ROCK1: FAILED (5s)
[17:37:36] [gpu0_start3261] 124/1085 mol_id=1527-incomp_0
[17:37:41]     DiffDock stderr: Traceback (most recent call last):
  File "/opt/DiffDock/inference.py", line 28, in <module>
    import utils.utils
  File "/opt/DiffDock/utils/utils.py", line 17, in <module>
    from models.aa_model
[17:37:41]   LIMK2: FAILED (5s)
[17:37:46]     DiffDock stderr: Traceback (most recent call last):
  File "/opt/DiffDock/inference.py", line 28, in <module>
    import utils.utils
  File "/opt/DiffDock/utils/utils.py", line 17, in <module>
    from models.aa_model
[17:37:46]   LIMK1: FAILED (5s)
[17:37:51]     DiffDock stderr: Traceback (most recent call last):
  File "/opt/DiffDock/inference.py", line 28, in <module>
    import utils.utils
  File "/opt/DiffDock/utils/utils.py", line 17, in <module>
    from models.aa_model
[17:37:51]   ROCK1: FAILED (5s)
[17:37:51] [gpu0_start3261] 125/1085 mol_id=1528_0
[17:37:56]     DiffDock stderr: Traceback (most recent call last):
  File "/opt/DiffDock/inference.py", line 28, in <module>
    import utils.utils
  File "/opt/DiffDock/utils/utils.py", line 17, in <module>
    from models.aa_model
[17:37:56]   LIMK2: FAILED (5s)
[17:38:01]     DiffDock stderr: Traceback (most recent call last):
  File "/opt/DiffDock/inference.py", line 28, in <module>
    import utils.utils
  File "/opt/DiffDock/utils/utils.py", line 17, in <module>
    from models.aa_model
[17:38:01]   LIMK1: FAILED (5s)
[17:38:07]     DiffDock stderr: Traceback (most recent call last):
  File "/opt/DiffDock/inference.py", line 28, in <module>
    import utils.utils
  File "/opt/DiffDock/utils/utils.py", line 17, in <module>
    from models.aa_model
[17:38:07]   ROCK1: FAILED (5s)
[17:38:07] [gpu0_start3261] 126/1085 mol_id=1532-incomp_0
[17:38:12]     DiffDock stderr: Traceback (most recent call last):
  File "/opt/DiffDock/inference.py", line 28, in <module>
    import utils.utils
  File "/opt/DiffDock/utils/utils.py", line 17, in <module>
    from models.aa_model
[17:38:12]   LIMK2: FAILED (5s)
[17:38:17]     DiffDock stderr: Traceback (most recent call last):
  File "/opt/DiffDock/inference.py", line 28, in <module>
    import utils.utils
  File "/opt/DiffDock/utils/utils.py", line 17, in <module>
    from models.aa_model
[17:38:17]   LIMK1: FAILED (5s)
[17:38:22]     DiffDock stderr: Traceback (most recent call last):
  File "/opt/DiffDock/inference.py", line 28, in <module>
    import utils.utils
  File "/opt/DiffDock/utils/utils.py", line 17, in <module>
    from models.aa_model
[17:38:22]   ROCK1: FAILED (5s)
[17:38:22] [gpu0_start3261] 127/1085 mol_id=1534_0
[17:38:27]     DiffDock stderr: Traceback (most recent call last):
  File "/opt/DiffDock/inference.py", line 28, in <module>
    import utils.utils
  File "/opt/DiffDock/utils/utils.py", line 17, in <module>
    from models.aa_model
[17:38:27]   LIMK2: FAILED (5s)
[17:38:32]     DiffDock stderr: Traceback (most recent call last):
  File "/opt/DiffDock/inference.py", line 28, in <module>
    import utils.utils
  File "/opt/DiffDock/utils/utils.py", line 17, in <module>
    from models.aa_model
[17:38:32]   LIMK1: FAILED (5s)
[17:38:37]     DiffDock stderr: Traceback (most recent call last):
  File "/opt/DiffDock/inference.py", line 28, in <module>
    import utils.utils
  File "/opt/DiffDock/utils/utils.py", line 17, in <module>
    from models.aa_model
[17:38:37]   ROCK1: FAILED (5s)
[17:38:37] [gpu0_start3261] 128/1085 mol_id=1542_0
[17:38:42]     DiffDock stderr: Traceback (most recent call last):
  File "/opt/DiffDock/inference.py", line 28, in <module>
    import utils.utils
  File "/opt/DiffDock/utils/utils.py", line 17, in <module>
    from models.aa_model
[17:38:42]   LIMK2: FAILED (5s)
[17:38:47]     DiffDock stderr: Traceback (most recent call last):
  File "/opt/DiffDock/inference.py", line 28, in <module>
    import utils.utils
  File "/opt/DiffDock/utils/utils.py", line 17, in <module>
    from models.aa_model
[17:38:47]   LIMK1: FAILED (5s)
[17:38:52]     DiffDock stderr: Traceback (most recent call last):
  File "/opt/DiffDock/inference.py", line 28, in <module>
    import utils.utils
  File "/opt/DiffDock/utils/utils.py", line 17, in <module>
    from models.aa_model
[17:38:52]   ROCK1: FAILED (5s)
[17:38:52] [gpu0_start3261] 129/1085 mol_id=1549_0
[17:38:57]     DiffDock stderr: Traceback (most recent call last):
  File "/opt/DiffDock/inference.py", line 28, in <module>
    import utils.utils
  File "/opt/DiffDock/utils/utils.py", line 17, in <module>
    from models.aa_model
[17:38:57]   LIMK2: FAILED (5s)
[17:39:01]     DiffDock stderr: Traceback (most recent call last):
  File "/opt/DiffDock/inference.py", line 28, in <module>
    import utils.utils
  File "/opt/DiffDock/utils/utils.py", line 17, in <module>
    from models.aa_model
[17:39:01]   LIMK1: FAILED (5s)
[17:39:06]     DiffDock stderr: Traceback (most recent call last):
  File "/opt/DiffDock/inference.py", line 28, in <module>
    import utils.utils
  File "/opt/DiffDock/utils/utils.py", line 17, in <module>
    from models.aa_model
[17:39:06]   ROCK1: FAILED (5s)
[17:39:06] [gpu0_start3261] 130/1085 mol_id=155-incomp_0
[17:39:11]     DiffDock stderr: Traceback (most recent call last):
  File "/opt/DiffDock/inference.py", line 28, in <module>
    import utils.utils
  File "/opt/DiffDock/utils/utils.py", line 17, in <module>
    from models.aa_model
[17:39:11]   LIMK2: FAILED (5s)
[17:39:16]     DiffDock stderr: Traceback (most recent call last):
  File "/opt/DiffDock/inference.py", line 28, in <module>
    import utils.utils
  File "/opt/DiffDock/utils/utils.py", line 17, in <module>
    from models.aa_model
[17:39:16]   LIMK1: FAILED (5s)
[17:39:21]     DiffDock stderr: Traceback (most recent call last):
  File "/opt/DiffDock/inference.py", line 28, in <module>
    import utils.utils
  File "/opt/DiffDock/utils/utils.py", line 17, in <module>
    from models.aa_model
[17:39:21]   ROCK1: FAILED (5s)
[17:39:21] [gpu0_start3261] 131/1085 mol_id=1552_0
[17:39:26]     DiffDock stderr: Traceback (most recent call last):
  File "/opt/DiffDock/inference.py", line 28, in <module>
    import utils.utils
  File "/opt/DiffDock/utils/utils.py", line 17, in <module>
    from models.aa_model
[17:39:26]   LIMK2: FAILED (5s)
[17:39:31]     DiffDock stderr: Traceback (most recent call last):
  File "/opt/DiffDock/inference.py", line 28, in <module>
    import utils.utils
  File "/opt/DiffDock/utils/utils.py", line 17, in <module>
    from models.aa_model
[17:39:31]   LIMK1: FAILED (5s)
[17:39:36]     DiffDock stderr: Traceback (most recent call last):
  File "/opt/DiffDock/inference.py", line 28, in <module>
    import utils.utils
  File "/opt/DiffDock/utils/utils.py", line 17, in <module>
    from models.aa_model
[17:39:36]   ROCK1: FAILED (5s)
[17:39:36] [gpu0_start3261] 132/1085 mol_id=1554-incomp_0
[17:39:41]     DiffDock stderr: Traceback (most recent call last):
  File "/opt/DiffDock/inference.py", line 28, in <module>
    import utils.utils
  File "/opt/DiffDock/utils/utils.py", line 17, in <module>
    from models.aa_model
[17:39:41]   LIMK2: FAILED (5s)
[17:39:46]     DiffDock stderr: Traceback (most recent call last):
  File "/opt/DiffDock/inference.py", line 28, in <module>
    import utils.utils
  File "/opt/DiffDock/utils/utils.py", line 17, in <module>
    from models.aa_model
[17:39:46]   LIMK1: FAILED (5s)
[17:39:50]     DiffDock stderr: Traceback (most recent call last):
  File "/opt/DiffDock/inference.py", line 28, in <module>
    import utils.utils
  File "/opt/DiffDock/utils/utils.py", line 17, in <module>
    from models.aa_model
[17:39:50]   ROCK1: FAILED (5s)
[17:39:50] [gpu0_start3261] 133/1085 mol_id=1555_0
[17:39:55]     DiffDock stderr: Traceback (most recent call last):
  File "/opt/DiffDock/inference.py", line 28, in <module>
    import utils.utils
  File "/opt/DiffDock/utils/utils.py", line 17, in <module>
    from models.aa_model
[17:39:55]   LIMK2: FAILED (5s)
[17:40:00]     DiffDock stderr: Traceback (most recent call last):
  File "/opt/DiffDock/inference.py", line 28, in <module>
    import utils.utils
  File "/opt/DiffDock/utils/utils.py", line 17, in <module>
    from models.aa_model
[17:40:00]   LIMK1: FAILED (5s)
[17:40:05]     DiffDock stderr: Traceback (most recent call last):
  File "/opt/DiffDock/inference.py", line 28, in <module>
    import utils.utils
  File "/opt/DiffDock/utils/utils.py", line 17, in <module>
    from models.aa_model
[17:40:05]   ROCK1: FAILED (5s)
[17:40:05] [gpu0_start3261] 134/1085 mol_id=1557-incomp_0
[17:40:11]     DiffDock stderr: Traceback (most recent call last):
  File "/opt/DiffDock/inference.py", line 28, in <module>
    import utils.utils
  File "/opt/DiffDock/utils/utils.py", line 17, in <module>
    from models.aa_model
[17:40:11]   LIMK2: FAILED (5s)
[17:40:16]     DiffDock stderr: Traceback (most recent call last):
  File "/opt/DiffDock/inference.py", line 28, in <module>
    import utils.utils
  File "/opt/DiffDock/utils/utils.py", line 17, in <module>
    from models.aa_model
[17:40:16]   LIMK1: FAILED (5s)
[17:40:21]     DiffDock stderr: Traceback (most recent call last):
  File "/opt/DiffDock/inference.py", line 28, in <module>
    import utils.utils
  File "/opt/DiffDock/utils/utils.py", line 17, in <module>
    from models.aa_model
[17:40:21]   ROCK1: FAILED (5s)
[17:40:21] [gpu0_start3261] 135/1085 mol_id=156_0
[17:40:25]     DiffDock stderr: Traceback (most recent call last):
  File "/opt/DiffDock/inference.py", line 28, in <module>
    import utils.utils
  File "/opt/DiffDock/utils/utils.py", line 17, in <module>
    from models.aa_model
[17:40:25]   LIMK2: FAILED (5s)
[17:40:30]     DiffDock stderr: Traceback (most recent call last):
  File "/opt/DiffDock/inference.py", line 28, in <module>
    import utils.utils
  File "/opt/DiffDock/utils/utils.py", line 17, in <module>
    from models.aa_model
[17:40:30]   LIMK1: FAILED (5s)
[17:40:36]     DiffDock stderr: Traceback (most recent call last):
  File "/opt/DiffDock/inference.py", line 28, in <module>
    import utils.utils
  File "/opt/DiffDock/utils/utils.py", line 17, in <module>
    from models.aa_model
[17:40:36]   ROCK1: FAILED (5s)
[17:40:36] [gpu0_start3261] 136/1085 mol_id=1565-incomp_0
[17:40:41]     DiffDock stderr: Traceback (most recent call last):
  File "/opt/DiffDock/inference.py", line 28, in <module>
    import utils.utils
  File "/opt/DiffDock/utils/utils.py", line 17, in <module>
    from models.aa_model
[17:40:41]   LIMK2: FAILED (5s)
[17:40:45]     DiffDock stderr: Traceback (most recent call last):
  File "/opt/DiffDock/inference.py", line 28, in <module>
    import utils.utils
  File "/opt/DiffDock/utils/utils.py", line 17, in <module>
    from models.aa_model
[17:40:45]   LIMK1: FAILED (5s)
[17:40:50]     DiffDock stderr: Traceback (most recent call last):
  File "/opt/DiffDock/inference.py", line 28, in <module>
    import utils.utils
  File "/opt/DiffDock/utils/utils.py", line 17, in <module>
    from models.aa_model
[17:40:50]   ROCK1: FAILED (5s)
[17:40:50] [gpu0_start3261] 137/1085 mol_id=1568-incomp_0
[17:40:55]     DiffDock stderr: Traceback (most recent call last):
  File "/opt/DiffDock/inference.py", line 28, in <module>
    import utils.utils
  File "/opt/DiffDock/utils/utils.py", line 17, in <module>
    from models.aa_model
[17:40:55]   LIMK2: FAILED (5s)
[17:41:01]     DiffDock stderr: Traceback (most recent call last):
  File "/opt/DiffDock/inference.py", line 28, in <module>
    import utils.utils
  File "/opt/DiffDock/utils/utils.py", line 17, in <module>
    from models.aa_model
[17:41:01]   LIMK1: FAILED (5s)
[17:41:06]     DiffDock stderr: Traceback (most recent call last):
  File "/opt/DiffDock/inference.py", line 28, in <module>
    import utils.utils
  File "/opt/DiffDock/utils/utils.py", line 17, in <module>
    from models.aa_model
[17:41:06]   ROCK1: FAILED (5s)
[17:41:06] [gpu0_start3261] 138/1085 mol_id=157_0
[17:41:11]     DiffDock stderr: Traceback (most recent call last):
  File "/opt/DiffDock/inference.py", line 28, in <module>
    import utils.utils
  File "/opt/DiffDock/utils/utils.py", line 17, in <module>
    from models.aa_model
[17:41:11]   LIMK2: FAILED (5s)
[17:41:16]     DiffDock stderr: Traceback (most recent call last):
  File "/opt/DiffDock/inference.py", line 28, in <module>
    import utils.utils
  File "/opt/DiffDock/utils/utils.py", line 17, in <module>
    from models.aa_model
[17:41:16]   LIMK1: FAILED (5s)
[17:41:21]     DiffDock stderr: Traceback (most recent call last):
  File "/opt/DiffDock/inference.py", line 28, in <module>
    import utils.utils
  File "/opt/DiffDock/utils/utils.py", line 17, in <module>
    from models.aa_model
[17:41:21]   ROCK1: FAILED (5s)
[17:41:21] [gpu0_start3261] 139/1085 mol_id=1574-incomp_0
[17:41:26]     DiffDock stderr: Traceback (most recent call last):
  File "/opt/DiffDock/inference.py", line 28, in <module>
    import utils.utils
  File "/opt/DiffDock/utils/utils.py", line 17, in <module>
    from models.aa_model
[17:41:26]   LIMK2: FAILED (5s)
[17:41:31]     DiffDock stderr: Traceback (most recent call last):
  File "/opt/DiffDock/inference.py", line 28, in <module>
    import utils.utils
  File "/opt/DiffDock/utils/utils.py", line 17, in <module>
    from models.aa_model
[17:41:31]   LIMK1: FAILED (5s)
[17:41:36]     DiffDock stderr: Traceback (most recent call last):
  File "/opt/DiffDock/inference.py", line 28, in <module>
    import utils.utils
  File "/opt/DiffDock/utils/utils.py", line 17, in <module>
    from models.aa_model
[17:41:36]   ROCK1: FAILED (5s)
[17:41:36] [gpu0_start3261] 140/1085 mol_id=1576_0
[17:41:41]     DiffDock stderr: Traceback (most recent call last):
  File "/opt/DiffDock/inference.py", line 28, in <module>
    import utils.utils
  File "/opt/DiffDock/utils/utils.py", line 17, in <module>
    from models.aa_model
[17:41:41]   LIMK2: FAILED (5s)
[17:41:46]     DiffDock stderr: Traceback (most recent call last):
  File "/opt/DiffDock/inference.py", line 28, in <module>
    import utils.utils
  File "/opt/DiffDock/utils/utils.py", line 17, in <module>
    from models.aa_model
[17:41:46]   LIMK1: FAILED (5s)
[17:41:51]     DiffDock stderr: Traceback (most recent call last):
  File "/opt/DiffDock/inference.py", line 28, in <module>
    import utils.utils
  File "/opt/DiffDock/utils/utils.py", line 17, in <module>
    from models.aa_model
[17:41:51]   ROCK1: FAILED (5s)
[17:41:51] [gpu0_start3261] 141/1085 mol_id=1578-incomp_0
[17:41:56]     DiffDock stderr: Traceback (most recent call last):
  File "/opt/DiffDock/inference.py", line 28, in <module>
    import utils.utils
  File "/opt/DiffDock/utils/utils.py", line 17, in <module>
    from models.aa_model
[17:41:56]   LIMK2: FAILED (5s)
[17:42:01]     DiffDock stderr: Traceback (most recent call last):
  File "/opt/DiffDock/inference.py", line 28, in <module>
    import utils.utils
  File "/opt/DiffDock/utils/utils.py", line 17, in <module>
    from models.aa_model
[17:42:01]   LIMK1: FAILED (5s)
[17:42:06]     DiffDock stderr: Traceback (most recent call last):
  File "/opt/DiffDock/inference.py", line 28, in <module>
    import utils.utils
  File "/opt/DiffDock/utils/utils.py", line 17, in <module>
    from models.aa_model
[17:42:06]   ROCK1: FAILED (5s)
[17:42:06] [gpu0_start3261] 142/1085 mol_id=1583_0
[17:42:11]     DiffDock stderr: Traceback (most recent call last):
  File "/opt/DiffDock/inference.py", line 28, in <module>
    import utils.utils
  File "/opt/DiffDock/utils/utils.py", line 17, in <module>
    from models.aa_model
[17:42:11]   LIMK2: FAILED (5s)
[17:42:16]     DiffDock stderr: Traceback (most recent call last):
  File "/opt/DiffDock/inference.py", line 28, in <module>
    import utils.utils
  File "/opt/DiffDock/utils/utils.py", line 17, in <module>
    from models.aa_model
[17:42:16]   LIMK1: FAILED (5s)
[17:42:21]     DiffDock stderr: Traceback (most recent call last):
  File "/opt/DiffDock/inference.py", line 28, in <module>
    import utils.utils
  File "/opt/DiffDock/utils/utils.py", line 17, in <module>
    from models.aa_model
[17:42:21]   ROCK1: FAILED (5s)
[17:42:21] [gpu0_start3261] 143/1085 mol_id=1585-incomp_0
[17:42:26]     DiffDock stderr: Traceback (most recent call last):
  File "/opt/DiffDock/inference.py", line 28, in <module>
    import utils.utils
  File "/opt/DiffDock/utils/utils.py", line 17, in <module>
    from models.aa_model
[17:42:26]   LIMK2: FAILED (5s)
[17:42:31]     DiffDock stderr: Traceback (most recent call last):
  File "/opt/DiffDock/inference.py", line 28, in <module>
    import utils.utils
  File "/opt/DiffDock/utils/utils.py", line 17, in <module>
    from models.aa_model
[17:42:31]   LIMK1: FAILED (5s)
[17:42:36]     DiffDock stderr: Traceback (most recent call last):
  File "/opt/DiffDock/inference.py", line 28, in <module>
    import utils.utils
  File "/opt/DiffDock/utils/utils.py", line 17, in <module>
    from models.aa_model
[17:42:36]   ROCK1: FAILED (5s)
[17:42:36] [gpu0_start3261] 144/1085 mol_id=1588-incomp_0
[17:42:41]     DiffDock stderr: Traceback (most recent call last):
  File "/opt/DiffDock/inference.py", line 28, in <module>
    import utils.utils
  File "/opt/DiffDock/utils/utils.py", line 17, in <module>
    from models.aa_model
[17:42:41]   LIMK2: FAILED (5s)
[17:42:46]     DiffDock stderr: Traceback (most recent call last):
  File "/opt/DiffDock/inference.py", line 28, in <module>
    import utils.utils
  File "/opt/DiffDock/utils/utils.py", line 17, in <module>
    from models.aa_model
[17:42:46]   LIMK1: FAILED (5s)
[17:42:52]     DiffDock stderr: Traceback (most recent call last):
  File "/opt/DiffDock/inference.py", line 28, in <module>
    import utils.utils
  File "/opt/DiffDock/utils/utils.py", line 17, in <module>
    from models.aa_model
[17:42:52]   ROCK1: FAILED (5s)
[17:42:52] [gpu0_start3261] 145/1085 mol_id=1589-incomp_0
[17:42:57]     DiffDock stderr: Traceback (most recent call last):
  File "/opt/DiffDock/inference.py", line 28, in <module>
    import utils.utils
  File "/opt/DiffDock/utils/utils.py", line 17, in <module>
    from models.aa_model
[17:42:57]   LIMK2: FAILED (5s)
[17:43:02]     DiffDock stderr: Traceback (most recent call last):
  File "/opt/DiffDock/inference.py", line 28, in <module>
    import utils.utils
  File "/opt/DiffDock/utils/utils.py", line 17, in <module>
    from models.aa_model
[17:43:02]   LIMK1: FAILED (5s)
[17:43:07]     DiffDock stderr: Traceback (most recent call last):
  File "/opt/DiffDock/inference.py", line 28, in <module>
    import utils.utils
  File "/opt/DiffDock/utils/utils.py", line 17, in <module>
    from models.aa_model
[17:43:07]   ROCK1: FAILED (5s)
[17:43:07] [gpu0_start3261] 146/1085 mol_id=1595-incomp_0
[17:43:12]     DiffDock stderr: Traceback (most recent call last):
  File "/opt/DiffDock/inference.py", line 28, in <module>
    import utils.utils
  File "/opt/DiffDock/utils/utils.py", line 17, in <module>
    from models.aa_model
[17:43:12]   LIMK2: FAILED (5s)
[17:43:18]     DiffDock stderr: Traceback (most recent call last):
  File "/opt/DiffDock/inference.py", line 28, in <module>
    import utils.utils
  File "/opt/DiffDock/utils/utils.py", line 17, in <module>
    from models.aa_model
[17:43:18]   LIMK1: FAILED (5s)
[17:43:23]     DiffDock stderr: Traceback (most recent call last):
  File "/opt/DiffDock/inference.py", line 28, in <module>
    import utils.utils
  File "/opt/DiffDock/utils/utils.py", line 17, in <module>
    from models.aa_model
[17:43:23]   ROCK1: FAILED (5s)
[17:43:23] [gpu0_start3261] 147/1085 mol_id=1602_0
[17:43:28]     DiffDock stderr: Traceback (most recent call last):
  File "/opt/DiffDock/inference.py", line 28, in <module>
    import utils.utils
  File "/opt/DiffDock/utils/utils.py", line 17, in <module>
    from models.aa_model
[17:43:28]   LIMK2: FAILED (5s)
[17:43:33]     DiffDock stderr: Traceback (most recent call last):
  File "/opt/DiffDock/inference.py", line 28, in <module>
    import utils.utils
  File "/opt/DiffDock/utils/utils.py", line 17, in <module>
    from models.aa_model
[17:43:33]   LIMK1: FAILED (5s)
[17:43:38]     DiffDock stderr: Traceback (most recent call last):
  File "/opt/DiffDock/inference.py", line 28, in <module>
    import utils.utils
  File "/opt/DiffDock/utils/utils.py", line 17, in <module>
    from models.aa_model
[17:43:38]   ROCK1: FAILED (5s)
[17:43:38] [gpu0_start3261] 148/1085 mol_id=1606_0
[17:43:43]     DiffDock stderr: Traceback (most recent call last):
  File "/opt/DiffDock/inference.py", line 28, in <module>
    import utils.utils
  File "/opt/DiffDock/utils/utils.py", line 17, in <module>
    from models.aa_model
[17:43:43]   LIMK2: FAILED (5s)
[17:43:48]     DiffDock stderr: Traceback (most recent call last):
  File "/opt/DiffDock/inference.py", line 28, in <module>
    import utils.utils
  File "/opt/DiffDock/utils/utils.py", line 17, in <module>
    from models.aa_model
[17:43:48]   LIMK1: FAILED (5s)
[17:43:53]     DiffDock stderr: Traceback (most recent call last):
  File "/opt/DiffDock/inference.py", line 28, in <module>
    import utils.utils
  File "/opt/DiffDock/utils/utils.py", line 17, in <module>
    from models.aa_model
[17:43:53]   ROCK1: FAILED (5s)
[17:43:53] [gpu0_start3261] 149/1085 mol_id=1609_0
[17:43:58]     DiffDock stderr: Traceback (most recent call last):
  File "/opt/DiffDock/inference.py", line 28, in <module>
    import utils.utils
  File "/opt/DiffDock/utils/utils.py", line 17, in <module>
    from models.aa_model
[17:43:58]   LIMK2: FAILED (5s)
[17:44:03]     DiffDock stderr: Traceback (most recent call last):
  File "/opt/DiffDock/inference.py", line 28, in <module>
    import utils.utils
  File "/opt/DiffDock/utils/utils.py", line 17, in <module>
    from models.aa_model
[17:44:03]   LIMK1: FAILED (5s)
[17:44:08]     DiffDock stderr: Traceback (most recent call last):
  File "/opt/DiffDock/inference.py", line 28, in <module>
    import utils.utils
  File "/opt/DiffDock/utils/utils.py", line 17, in <module>
    from models.aa_model
[17:44:08]   ROCK1: FAILED (5s)
[17:44:08] [gpu0_start3261] 150/1085 mol_id=1610-incomp_0
[17:44:13]     DiffDock stderr: Traceback (most recent call last):
  File "/opt/DiffDock/inference.py", line 28, in <module>
    import utils.utils
  File "/opt/DiffDock/utils/utils.py", line 17, in <module>
    from models.aa_model
[17:44:13]   LIMK2: FAILED (5s)
[17:44:18]     DiffDock stderr: Traceback (most recent call last):
  File "/opt/DiffDock/inference.py", line 28, in <module>
    import utils.utils
  File "/opt/DiffDock/utils/utils.py", line 17, in <module>
    from models.aa_model
[17:44:18]   LIMK1: FAILED (5s)
[17:44:23]     DiffDock stderr: Traceback (most recent call last):
  File "/opt/DiffDock/inference.py", line 28, in <module>
    import utils.utils
  File "/opt/DiffDock/utils/utils.py", line 17, in <module>
    from models.aa_model
[17:44:23]   ROCK1: FAILED (5s)
[17:44:23] Progress: 150/1085 done, 0 selective so far
[17:44:23] [gpu0_start3261] 151/1085 mol_id=1618_0
[17:44:28]     DiffDock stderr: Traceback (most recent call last):
  File "/opt/DiffDock/inference.py", line 28, in <module>
    import utils.utils
  File "/opt/DiffDock/utils/utils.py", line 17, in <module>
    from models.aa_model
[17:44:28]   LIMK2: FAILED (5s)
[17:44:34]     DiffDock stderr: Traceback (most recent call last):
  File "/opt/DiffDock/inference.py", line 28, in <module>
    import utils.utils
  File "/opt/DiffDock/utils/utils.py", line 17, in <module>
    from models.aa_model
[17:44:34]   LIMK1: FAILED (5s)
[17:44:39]     DiffDock stderr: Traceback (most recent call last):
  File "/opt/DiffDock/inference.py", line 28, in <module>
    import utils.utils
  File "/opt/DiffDock/utils/utils.py", line 17, in <module>
    from models.aa_model
[17:44:39]   ROCK1: FAILED (5s)
[17:44:39] [gpu0_start3261] 152/1085 mol_id=1621_0
[17:44:43]     DiffDock stderr: Traceback (most recent call last):
  File "/opt/DiffDock/inference.py", line 28, in <module>
    import utils.utils
  File "/opt/DiffDock/utils/utils.py", line 17, in <module>
    from models.aa_model
[17:44:43]   LIMK2: FAILED (5s)
[17:44:48]     DiffDock stderr: Traceback (most recent call last):
  File "/opt/DiffDock/inference.py", line 28, in <module>
    import utils.utils
  File "/opt/DiffDock/utils/utils.py", line 17, in <module>
    from models.aa_model
[17:44:48]   LIMK1: FAILED (5s)
[17:44:54]     DiffDock stderr: Traceback (most recent call last):
  File "/opt/DiffDock/inference.py", line 28, in <module>
    import utils.utils
  File "/opt/DiffDock/utils/utils.py", line 17, in <module>
    from models.aa_model
[17:44:54]   ROCK1: FAILED (5s)
[17:44:54] [gpu0_start3261] 153/1085 mol_id=1625-incomp_0
[17:44:59]     DiffDock stderr: Traceback (most recent call last):
  File "/opt/DiffDock/inference.py", line 28, in <module>
    import utils.utils
  File "/opt/DiffDock/utils/utils.py", line 17, in <module>
    from models.aa_model
[17:44:59]   LIMK2: FAILED (5s)
[17:45:04]     DiffDock stderr: Traceback (most recent call last):
  File "/opt/DiffDock/inference.py", line 28, in <module>
    import utils.utils
  File "/opt/DiffDock/utils/utils.py", line 17, in <module>
    from models.aa_model
[17:45:04]   LIMK1: FAILED (5s)
[17:45:09]     DiffDock stderr: Traceback (most recent call last):
  File "/opt/DiffDock/inference.py", line 28, in <module>
    import utils.utils
  File "/opt/DiffDock/utils/utils.py", line 17, in <module>
    from models.aa_model
[17:45:09]   ROCK1: FAILED (5s)
[17:45:09] [gpu0_start3261] 154/1085 mol_id=1626-incomp_0
[17:45:14]     DiffDock stderr: Traceback (most recent call last):
  File "/opt/DiffDock/inference.py", line 28, in <module>
    import utils.utils
  File "/opt/DiffDock/utils/utils.py", line 17, in <module>
    from models.aa_model
[17:45:14]   LIMK2: FAILED (5s)
[17:45:19]     DiffDock stderr: Traceback (most recent call last):
  File "/opt/DiffDock/inference.py", line 28, in <module>
    import utils.utils
  File "/opt/DiffDock/utils/utils.py", line 17, in <module>
    from models.aa_model
[17:45:19]   LIMK1: FAILED (5s)
[17:45:24]     DiffDock stderr: Traceback (most recent call last):
  File "/opt/DiffDock/inference.py", line 28, in <module>
    import utils.utils
  File "/opt/DiffDock/utils/utils.py", line 17, in <module>
    from models.aa_model
[17:45:24]   ROCK1: FAILED (5s)
[17:45:24] [gpu0_start3261] 155/1085 mol_id=1629_0
[17:45:30]     DiffDock stderr: Traceback (most recent call last):
  File "/opt/DiffDock/inference.py", line 28, in <module>
    import utils.utils
  File "/opt/DiffDock/utils/utils.py", line 17, in <module>
    from models.aa_model
[17:45:30]   LIMK2: FAILED (5s)
[17:45:35]     DiffDock stderr: Traceback (most recent call last):
  File "/opt/DiffDock/inference.py", line 28, in <module>
    import utils.utils
  File "/opt/DiffDock/utils/utils.py", line 17, in <module>
    from models.aa_model
[17:45:35]   LIMK1: FAILED (5s)
[17:45:40]     DiffDock stderr: Traceback (most recent call last):
  File "/opt/DiffDock/inference.py", line 28, in <module>
    import utils.utils
  File "/opt/DiffDock/utils/utils.py", line 17, in <module>
    from models.aa_model
[17:45:40]   ROCK1: FAILED (5s)
[17:45:40] [gpu0_start3261] 156/1085 mol_id=1630-incomp_0
[17:45:45]     DiffDock stderr: Traceback (most recent call last):
  File "/opt/DiffDock/inference.py", line 28, in <module>
    import utils.utils
  File "/opt/DiffDock/utils/utils.py", line 17, in <module>
    from models.aa_model
[17:45:45]   LIMK2: FAILED (5s)
[17:45:51]     DiffDock stderr: Traceback (most recent call last):
  File "/opt/DiffDock/inference.py", line 28, in <module>
    import utils.utils
  File "/opt/DiffDock/utils/utils.py", line 17, in <module>
    from models.aa_model
[17:45:51]   LIMK1: FAILED (6s)
[17:45:56]     DiffDock stderr: Traceback (most recent call last):
  File "/opt/DiffDock/inference.py", line 28, in <module>
    import utils.utils
  File "/opt/DiffDock/utils/utils.py", line 17, in <module>
    from models.aa_model
[17:45:56]   ROCK1: FAILED (5s)
[17:45:56] [gpu0_start3261] 157/1085 mol_id=1631-incomp_0
[17:46:01]     DiffDock stderr: Traceback (most recent call last):
  File "/opt/DiffDock/inference.py", line 28, in <module>
    import utils.utils
  File "/opt/DiffDock/utils/utils.py", line 17, in <module>
    from models.aa_model
[17:46:01]   LIMK2: FAILED (5s)
[17:46:06]     DiffDock stderr: Traceback (most recent call last):
  File "/opt/DiffDock/inference.py", line 28, in <module>
    import utils.utils
  File "/opt/DiffDock/utils/utils.py", line 17, in <module>
    from models.aa_model
[17:46:06]   LIMK1: FAILED (5s)
[17:46:11]     DiffDock stderr: Traceback (most recent call last):
  File "/opt/DiffDock/inference.py", line 28, in <module>
    import utils.utils
  File "/opt/DiffDock/utils/utils.py", line 17, in <module>
    from models.aa_model
[17:46:11]   ROCK1: FAILED (5s)
[17:46:11] [gpu0_start3261] 158/1085 mol_id=1633-incomp_0
[17:46:16]     DiffDock stderr: Traceback (most recent call last):
  File "/opt/DiffDock/inference.py", line 28, in <module>
    import utils.utils
  File "/opt/DiffDock/utils/utils.py", line 17, in <module>
    from models.aa_model
[17:46:16]   LIMK2: FAILED (5s)
[17:46:21]     DiffDock stderr: Traceback (most recent call last):
  File "/opt/DiffDock/inference.py", line 28, in <module>
    import utils.utils
  File "/opt/DiffDock/utils/utils.py", line 17, in <module>
    from models.aa_model
[17:46:21]   LIMK1: FAILED (5s)
[17:46:26]     DiffDock stderr: Traceback (most recent call last):
  File "/opt/DiffDock/inference.py", line 28, in <module>
    import utils.utils
  File "/opt/DiffDock/utils/utils.py", line 17, in <module>
    from models.aa_model
[17:46:26]   ROCK1: FAILED (5s)
[17:46:26] [gpu0_start3261] 159/1085 mol_id=1634-incomp_0
[17:46:31]     DiffDock stderr: Traceback (most recent call last):
  File "/opt/DiffDock/inference.py", line 28, in <module>
    import utils.utils
  File "/opt/DiffDock/utils/utils.py", line 17, in <module>
    from models.aa_model
[17:46:31]   LIMK2: FAILED (5s)
[17:46:36]     DiffDock stderr: Traceback (most recent call last):
  File "/opt/DiffDock/inference.py", line 28, in <module>
    import utils.utils
  File "/opt/DiffDock/utils/utils.py", line 17, in <module>
    from models.aa_model
[17:46:36]   LIMK1: FAILED (5s)
[17:46:41]     DiffDock stderr: Traceback (most recent call last):
  File "/opt/DiffDock/inference.py", line 28, in <module>
    import utils.utils
  File "/opt/DiffDock/utils/utils.py", line 17, in <module>
    from models.aa_model
[17:46:41]   ROCK1: FAILED (5s)
[17:46:41] [gpu0_start3261] 160/1085 mol_id=1635-incomp_0
[17:46:45]     DiffDock stderr: Traceback (most recent call last):
  File "/opt/DiffDock/inference.py", line 28, in <module>
    import utils.utils
  File "/opt/DiffDock/utils/utils.py", line 17, in <module>
    from models.aa_model
[17:46:45]   LIMK2: FAILED (5s)
[17:46:50]     DiffDock stderr: Traceback (most recent call last):
  File "/opt/DiffDock/inference.py", line 28, in <module>
    import utils.utils
  File "/opt/DiffDock/utils/utils.py", line 17, in <module>
    from models.aa_model
[17:46:50]   LIMK1: FAILED (5s)
[17:46:55]     DiffDock stderr: Traceback (most recent call last):
  File "/opt/DiffDock/inference.py", line 28, in <module>
    import utils.utils
  File "/opt/DiffDock/utils/utils.py", line 17, in <module>
    from models.aa_model
[17:46:55]   ROCK1: FAILED (5s)
[17:46:55] [gpu0_start3261] 161/1085 mol_id=1647_0
[17:47:00]     DiffDock stderr: Traceback (most recent call last):
  File "/opt/DiffDock/inference.py", line 28, in <module>
    import utils.utils
  File "/opt/DiffDock/utils/utils.py", line 17, in <module>
    from models.aa_model
[17:47:00]   LIMK2: FAILED (5s)
[17:47:05]     DiffDock stderr: Traceback (most recent call last):
  File "/opt/DiffDock/inference.py", line 28, in <module>
    import utils.utils
  File "/opt/DiffDock/utils/utils.py", line 17, in <module>
    from models.aa_model
[17:47:05]   LIMK1: FAILED (5s)
[17:47:10]     DiffDock stderr: Traceback (most recent call last):
  File "/opt/DiffDock/inference.py", line 28, in <module>
    import utils.utils
  File "/opt/DiffDock/utils/utils.py", line 17, in <module>
    from models.aa_model
[17:47:10]   ROCK1: FAILED (5s)
[17:47:10] [gpu0_start3261] 162/1085 mol_id=1653-incomp_0
[17:47:15]     DiffDock stderr: Traceback (most recent call last):
  File "/opt/DiffDock/inference.py", line 28, in <module>
    import utils.utils
  File "/opt/DiffDock/utils/utils.py", line 17, in <module>
    from models.aa_model
[17:47:15]   LIMK2: FAILED (5s)
[17:47:20]     DiffDock stderr: Traceback (most recent call last):
  File "/opt/DiffDock/inference.py", line 28, in <module>
    import utils.utils
  File "/opt/DiffDock/utils/utils.py", line 17, in <module>
    from models.aa_model
[17:47:20]   LIMK1: FAILED (5s)
[17:47:25]     DiffDock stderr: Traceback (most recent call last):
  File "/opt/DiffDock/inference.py", line 28, in <module>
    import utils.utils
  File "/opt/DiffDock/utils/utils.py", line 17, in <module>
    from models.aa_model
[17:47:25]   ROCK1: FAILED (5s)
[17:47:25] [gpu0_start3261] 163/1085 mol_id=1663-incomp_0
[17:47:30]     DiffDock stderr: Traceback (most recent call last):
  File "/opt/DiffDock/inference.py", line 28, in <module>
    import utils.utils
  File "/opt/DiffDock/utils/utils.py", line 17, in <module>
    from models.aa_model
[17:47:30]   LIMK2: FAILED (5s)
[17:47:35]     DiffDock stderr: Traceback (most recent call last):
  File "/opt/DiffDock/inference.py", line 28, in <module>
    import utils.utils
  File "/opt/DiffDock/utils/utils.py", line 17, in <module>
    from models.aa_model
[17:47:35]   LIMK1: FAILED (5s)
[17:47:41]     DiffDock stderr: Traceback (most recent call last):
  File "/opt/DiffDock/inference.py", line 28, in <module>
    import utils.utils
  File "/opt/DiffDock/utils/utils.py", line 17, in <module>
    from models.aa_model
[17:47:41]   ROCK1: FAILED (5s)
[17:47:41] [gpu0_start3261] 164/1085 mol_id=1671-incomp_0
[17:47:46]     DiffDock stderr: Traceback (most recent call last):
  File "/opt/DiffDock/inference.py", line 28, in <module>
    import utils.utils
  File "/opt/DiffDock/utils/utils.py", line 17, in <module>
    from models.aa_model
[17:47:46]   LIMK2: FAILED (5s)
[17:47:50]     DiffDock stderr: Traceback (most recent call last):
  File "/opt/DiffDock/inference.py", line 28, in <module>
    import utils.utils
  File "/opt/DiffDock/utils/utils.py", line 17, in <module>
    from models.aa_model
[17:47:50]   LIMK1: FAILED (5s)
[17:47:55]     DiffDock stderr: Traceback (most recent call last):
  File "/opt/DiffDock/inference.py", line 28, in <module>
    import utils.utils
  File "/opt/DiffDock/utils/utils.py", line 17, in <module>
    from models.aa_model
[17:47:55]   ROCK1: FAILED (5s)
[17:47:55] [gpu0_start3261] 165/1085 mol_id=1681_0
[17:48:00]     DiffDock stderr: Traceback (most recent call last):
  File "/opt/DiffDock/inference.py", line 28, in <module>
    import utils.utils
  File "/opt/DiffDock/utils/utils.py", line 17, in <module>
    from models.aa_model
[17:48:00]   LIMK2: FAILED (5s)
[17:48:05]     DiffDock stderr: Traceback (most recent call last):
  File "/opt/DiffDock/inference.py", line 28, in <module>
    import utils.utils
  File "/opt/DiffDock/utils/utils.py", line 17, in <module>
    from models.aa_model
[17:48:05]   LIMK1: FAILED (5s)
[17:48:10]     DiffDock stderr: Traceback (most recent call last):
  File "/opt/DiffDock/inference.py", line 28, in <module>
    import utils.utils
  File "/opt/DiffDock/utils/utils.py", line 17, in <module>
    from models.aa_model
[17:48:10]   ROCK1: FAILED (5s)
[17:48:10] [gpu0_start3261] 166/1085 mol_id=1682-incomp_0
[17:48:15]     DiffDock stderr: Traceback (most recent call last):
  File "/opt/DiffDock/inference.py", line 28, in <module>
    import utils.utils
  File "/opt/DiffDock/utils/utils.py", line 17, in <module>
    from models.aa_model
[17:48:15]   LIMK2: FAILED (5s)
[17:48:20]     DiffDock stderr: Traceback (most recent call last):
  File "/opt/DiffDock/inference.py", line 28, in <module>
    import utils.utils
  File "/opt/DiffDock/utils/utils.py", line 17, in <module>
    from models.aa_model
[17:48:20]   LIMK1: FAILED (5s)
[17:48:25]     DiffDock stderr: Traceback (most recent call last):
  File "/opt/DiffDock/inference.py", line 28, in <module>
    import utils.utils
  File "/opt/DiffDock/utils/utils.py", line 17, in <module>
    from models.aa_model
[17:48:25]   ROCK1: FAILED (5s)
[17:48:25] [gpu0_start3261] 167/1085 mol_id=1684_0
[17:48:30]     DiffDock stderr: Traceback (most recent call last):
  File "/opt/DiffDock/inference.py", line 28, in <module>
    import utils.utils
  File "/opt/DiffDock/utils/utils.py", line 17, in <module>
    from models.aa_model
[17:48:30]   LIMK2: FAILED (5s)
[17:48:35]     DiffDock stderr: Traceback (most recent call last):
  File "/opt/DiffDock/inference.py", line 28, in <module>
    import utils.utils
  File "/opt/DiffDock/utils/utils.py", line 17, in <module>
    from models.aa_model
[17:48:35]   LIMK1: FAILED (5s)
[17:48:39]     DiffDock stderr: Traceback (most recent call last):
  File "/opt/DiffDock/inference.py", line 28, in <module>
    import utils.utils
  File "/opt/DiffDock/utils/utils.py", line 17, in <module>
    from models.aa_model
[17:48:39]   ROCK1: FAILED (5s)
[17:48:39] [gpu0_start3261] 168/1085 mol_id=1688-incomp_0
[17:48:44]     DiffDock stderr: Traceback (most recent call last):
  File "/opt/DiffDock/inference.py", line 28, in <module>
    import utils.utils
  File "/opt/DiffDock/utils/utils.py", line 17, in <module>
    from models.aa_model
[17:48:44]   LIMK2: FAILED (5s)
[17:48:50]     DiffDock stderr: Traceback (most recent call last):
  File "/opt/DiffDock/inference.py", line 28, in <module>
    import utils.utils
  File "/opt/DiffDock/utils/utils.py", line 17, in <module>
    from models.aa_model
[17:48:50]   LIMK1: FAILED (5s)
[17:48:55]     DiffDock stderr: Traceback (most recent call last):
  File "/opt/DiffDock/inference.py", line 28, in <module>
    import utils.utils
  File "/opt/DiffDock/utils/utils.py", line 17, in <module>
    from models.aa_model
[17:48:55]   ROCK1: FAILED (5s)
[17:48:55] [gpu0_start3261] 169/1085 mol_id=1695-incomp_0
[17:49:00]     DiffDock stderr: Traceback (most recent call last):
  File "/opt/DiffDock/inference.py", line 28, in <module>
    import utils.utils
  File "/opt/DiffDock/utils/utils.py", line 17, in <module>
    from models.aa_model
[17:49:00]   LIMK2: FAILED (5s)
[17:49:04]     DiffDock stderr: Traceback (most recent call last):
  File "/opt/DiffDock/inference.py", line 28, in <module>
    import utils.utils
  File "/opt/DiffDock/utils/utils.py", line 17, in <module>
    from models.aa_model
[17:49:04]   LIMK1: FAILED (5s)
[17:49:09]     DiffDock stderr: Traceback (most recent call last):
  File "/opt/DiffDock/inference.py", line 28, in <module>
    import utils.utils
  File "/opt/DiffDock/utils/utils.py", line 17, in <module>
    from models.aa_model
[17:49:09]   ROCK1: FAILED (5s)
[17:49:09] [gpu0_start3261] 170/1085 mol_id=1696_0
[17:49:15]     DiffDock stderr: Traceback (most recent call last):
  File "/opt/DiffDock/inference.py", line 28, in <module>
    import utils.utils
  File "/opt/DiffDock/utils/utils.py", line 17, in <module>
    from models.aa_model
[17:49:15]   LIMK2: FAILED (5s)
[17:49:20]     DiffDock stderr: Traceback (most recent call last):
  File "/opt/DiffDock/inference.py", line 28, in <module>
    import utils.utils
  File "/opt/DiffDock/utils/utils.py", line 17, in <module>
    from models.aa_model
[17:49:20]   LIMK1: FAILED (5s)
[17:49:25]     DiffDock stderr: Traceback (most recent call last):
  File "/opt/DiffDock/inference.py", line 28, in <module>
    import utils.utils
  File "/opt/DiffDock/utils/utils.py", line 17, in <module>
    from models.aa_model
[17:49:25]   ROCK1: FAILED (5s)
[17:49:25] [gpu0_start3261] 171/1085 mol_id=17-incomp_0
[17:49:30]     DiffDock stderr: Traceback (most recent call last):
  File "/opt/DiffDock/inference.py", line 28, in <module>
    import utils.utils
  File "/opt/DiffDock/utils/utils.py", line 17, in <module>
    from models.aa_model
[17:49:30]   LIMK2: FAILED (5s)
[17:49:34]     DiffDock stderr: Traceback (most recent call last):
  File "/opt/DiffDock/inference.py", line 28, in <module>
    import utils.utils
  File "/opt/DiffDock/utils/utils.py", line 17, in <module>
    from models.aa_model
[17:49:34]   LIMK1: FAILED (5s)
[17:49:40]     DiffDock stderr: Traceback (most recent call last):
  File "/opt/DiffDock/inference.py", line 28, in <module>
    import utils.utils
  File "/opt/DiffDock/utils/utils.py", line 17, in <module>
    from models.aa_model
[17:49:40]   ROCK1: FAILED (5s)
[17:49:40] [gpu0_start3261] 172/1085 mol_id=1709-incomp_0
[17:49:45]     DiffDock stderr: Traceback (most recent call last):
  File "/opt/DiffDock/inference.py", line 28, in <module>
    import utils.utils
  File "/opt/DiffDock/utils/utils.py", line 17, in <module>
    from models.aa_model
[17:49:45]   LIMK2: FAILED (5s)
[17:49:50]     DiffDock stderr: Traceback (most recent call last):
  File "/opt/DiffDock/inference.py", line 28, in <module>
    import utils.utils
  File "/opt/DiffDock/utils/utils.py", line 17, in <module>
    from models.aa_model
[17:49:50]   LIMK1: FAILED (5s)
[17:49:56]     DiffDock stderr: Traceback (most recent call last):
  File "/opt/DiffDock/inference.py", line 28, in <module>
    import utils.utils
  File "/opt/DiffDock/utils/utils.py", line 17, in <module>
    from models.aa_model
[17:49:56]   ROCK1: FAILED (6s)
[17:49:56] [gpu0_start3261] 173/1085 mol_id=1716_0
[17:50:01]     DiffDock stderr: Traceback (most recent call last):
  File "/opt/DiffDock/inference.py", line 28, in <module>
    import utils.utils
  File "/opt/DiffDock/utils/utils.py", line 17, in <module>
    from models.aa_model
[17:50:01]   LIMK2: FAILED (5s)
[17:50:06]     DiffDock stderr: Traceback (most recent call last):
  File "/opt/DiffDock/inference.py", line 28, in <module>
    import utils.utils
  File "/opt/DiffDock/utils/utils.py", line 17, in <module>
    from models.aa_model
[17:50:06]   LIMK1: FAILED (5s)
[17:50:11]     DiffDock stderr: Traceback (most recent call last):
  File "/opt/DiffDock/inference.py", line 28, in <module>
    import utils.utils
  File "/opt/DiffDock/utils/utils.py", line 17, in <module>
    from models.aa_model
[17:50:11]   ROCK1: FAILED (5s)
[17:50:11] [gpu0_start3261] 174/1085 mol_id=1717_0
[17:50:16]     DiffDock stderr: Traceback (most recent call last):
  File "/opt/DiffDock/inference.py", line 28, in <module>
    import utils.utils
  File "/opt/DiffDock/utils/utils.py", line 17, in <module>
    from models.aa_model
[17:50:16]   LIMK2: FAILED (5s)
[17:50:21]     DiffDock stderr: Traceback (most recent call last):
  File "/opt/DiffDock/inference.py", line 28, in <module>
    import utils.utils
  File "/opt/DiffDock/utils/utils.py", line 17, in <module>
    from models.aa_model
[17:50:21]   LIMK1: FAILED (5s)
[17:50:26]     DiffDock stderr: Traceback (most recent call last):
  File "/opt/DiffDock/inference.py", line 28, in <module>
    import utils.utils
  File "/opt/DiffDock/utils/utils.py", line 17, in <module>
    from models.aa_model
[17:50:26]   ROCK1: FAILED (5s)
[17:50:26] [gpu0_start3261] 175/1085 mol_id=1720-incomp_0
[17:50:31]     DiffDock stderr: Traceback (most recent call last):
  File "/opt/DiffDock/inference.py", line 28, in <module>
    import utils.utils
  File "/opt/DiffDock/utils/utils.py", line 17, in <module>
    from models.aa_model
[17:50:31]   LIMK2: FAILED (5s)
[17:50:36]     DiffDock stderr: Traceback (most recent call last):
  File "/opt/DiffDock/inference.py", line 28, in <module>
    import utils.utils
  File "/opt/DiffDock/utils/utils.py", line 17, in <module>
    from models.aa_model
[17:50:36]   LIMK1: FAILED (5s)
[17:50:41]     DiffDock stderr: Traceback (most recent call last):
  File "/opt/DiffDock/inference.py", line 28, in <module>
    import utils.utils
  File "/opt/DiffDock/utils/utils.py", line 17, in <module>
    from models.aa_model
[17:50:41]   ROCK1: FAILED (5s)
[17:50:41] [gpu0_start3261] 176/1085 mol_id=1725_0
[17:50:46]     DiffDock stderr: Traceback (most recent call last):
  File "/opt/DiffDock/inference.py", line 28, in <module>
    import utils.utils
  File "/opt/DiffDock/utils/utils.py", line 17, in <module>
    from models.aa_model
[17:50:46]   LIMK2: FAILED (5s)
[17:50:51]     DiffDock stderr: Traceback (most recent call last):
  File "/opt/DiffDock/inference.py", line 28, in <module>
    import utils.utils
  File "/opt/DiffDock/utils/utils.py", line 17, in <module>
    from models.aa_model
[17:50:51]   LIMK1: FAILED (5s)
[17:50:56]     DiffDock stderr: Traceback (most recent call last):
  File "/opt/DiffDock/inference.py", line 28, in <module>
    import utils.utils
  File "/opt/DiffDock/utils/utils.py", line 17, in <module>
    from models.aa_model
[17:50:56]   ROCK1: FAILED (5s)
[17:50:56] [gpu0_start3261] 177/1085 mol_id=1728_0
[17:51:01]     DiffDock stderr: Traceback (most recent call last):
  File "/opt/DiffDock/inference.py", line 28, in <module>
    import utils.utils
  File "/opt/DiffDock/utils/utils.py", line 17, in <module>
    from models.aa_model
[17:51:01]   LIMK2: FAILED (5s)
[17:51:06]     DiffDock stderr: Traceback (most recent call last):
  File "/opt/DiffDock/inference.py", line 28, in <module>
    import utils.utils
  File "/opt/DiffDock/utils/utils.py", line 17, in <module>
    from models.aa_model
[17:51:06]   LIMK1: FAILED (5s)
[17:51:11]     DiffDock stderr: Traceback (most recent call last):
  File "/opt/DiffDock/inference.py", line 28, in <module>
    import utils.utils
  File "/opt/DiffDock/utils/utils.py", line 17, in <module>
    from models.aa_model
[17:51:11]   ROCK1: FAILED (5s)
[17:51:11] [gpu0_start3261] 178/1085 mol_id=1730-incomp_0
[17:51:16]     DiffDock stderr: Traceback (most recent call last):
  File "/opt/DiffDock/inference.py", line 28, in <module>
    import utils.utils
  File "/opt/DiffDock/utils/utils.py", line 17, in <module>
    from models.aa_model
[17:51:16]   LIMK2: FAILED (5s)
[17:51:21]     DiffDock stderr: Traceback (most recent call last):
  File "/opt/DiffDock/inference.py", line 28, in <module>
    import utils.utils
  File "/opt/DiffDock/utils/utils.py", line 17, in <module>
    from models.aa_model
[17:51:21]   LIMK1: FAILED (5s)
[17:51:26]     DiffDock stderr: Traceback (most recent call last):
  File "/opt/DiffDock/inference.py", line 28, in <module>
    import utils.utils
  File "/opt/DiffDock/utils/utils.py", line 17, in <module>
    from models.aa_model
[17:51:26]   ROCK1: FAILED (5s)
[17:51:26] [gpu0_start3261] 179/1085 mol_id=1732-incomp_0
[17:51:31]     DiffDock stderr: Traceback (most recent call last):
  File "/opt/DiffDock/inference.py", line 28, in <module>
    import utils.utils
  File "/opt/DiffDock/utils/utils.py", line 17, in <module>
    from models.aa_model
[17:51:31]   LIMK2: FAILED (5s)
[17:51:36]     DiffDock stderr: Traceback (most recent call last):
  File "/opt/DiffDock/inference.py", line 28, in <module>
    import utils.utils
  File "/opt/DiffDock/utils/utils.py", line 17, in <module>
    from models.aa_model
[17:51:36]   LIMK1: FAILED (5s)
[17:51:41]     DiffDock stderr: Traceback (most recent call last):
  File "/opt/DiffDock/inference.py", line 28, in <module>
    import utils.utils
  File "/opt/DiffDock/utils/utils.py", line 17, in <module>
    from models.aa_model
[17:51:41]   ROCK1: FAILED (5s)
[17:51:41] [gpu0_start3261] 180/1085 mol_id=1735_0
[17:51:46]     DiffDock stderr: Traceback (most recent call last):
  File "/opt/DiffDock/inference.py", line 28, in <module>
    import utils.utils
  File "/opt/DiffDock/utils/utils.py", line 17, in <module>
    from models.aa_model
[17:51:46]   LIMK2: FAILED (5s)
[17:51:51]     DiffDock stderr: Traceback (most recent call last):
  File "/opt/DiffDock/inference.py", line 28, in <module>
    import utils.utils
  File "/opt/DiffDock/utils/utils.py", line 17, in <module>
    from models.aa_model
[17:51:51]   LIMK1: FAILED (5s)
[17:51:56]     DiffDock stderr: Traceback (most recent call last):
  File "/opt/DiffDock/inference.py", line 28, in <module>
    import utils.utils
  File "/opt/DiffDock/utils/utils.py", line 17, in <module>
    from models.aa_model
[17:51:56]   ROCK1: FAILED (5s)
[17:51:56] [gpu0_start3261] 181/1085 mol_id=1740-incomp_0
[17:52:01]     DiffDock stderr: Traceback (most recent call last):
  File "/opt/DiffDock/inference.py", line 28, in <module>
    import utils.utils
  File "/opt/DiffDock/utils/utils.py", line 17, in <module>
    from models.aa_model
[17:52:01]   LIMK2: FAILED (5s)
[17:52:05]     DiffDock stderr: Traceback (most recent call last):
  File "/opt/DiffDock/inference.py", line 28, in <module>
    import utils.utils
  File "/opt/DiffDock/utils/utils.py", line 17, in <module>
    from models.aa_model
[17:52:05]   LIMK1: FAILED (5s)
[17:52:10]     DiffDock stderr: Traceback (most recent call last):
  File "/opt/DiffDock/inference.py", line 28, in <module>
    import utils.utils
  File "/opt/DiffDock/utils/utils.py", line 17, in <module>
    from models.aa_model
[17:52:10]   ROCK1: FAILED (5s)
[17:52:10] [gpu0_start3261] 182/1085 mol_id=1741-incomp_0
[17:52:16]     DiffDock stderr: Traceback (most recent call last):
  File "/opt/DiffDock/inference.py", line 28, in <module>
    import utils.utils
  File "/opt/DiffDock/utils/utils.py", line 17, in <module>
    from models.aa_model
[17:52:16]   LIMK2: FAILED (5s)
[17:52:21]     DiffDock stderr: Traceback (most recent call last):
  File "/opt/DiffDock/inference.py", line 28, in <module>
    import utils.utils
  File "/opt/DiffDock/utils/utils.py", line 17, in <module>
    from models.aa_model
[17:52:21]   LIMK1: FAILED (5s)
[17:52:26]     DiffDock stderr: Traceback (most recent call last):
  File "/opt/DiffDock/inference.py", line 28, in <module>
    import utils.utils
  File "/opt/DiffDock/utils/utils.py", line 17, in <module>
    from models.aa_model
[17:52:26]   ROCK1: FAILED (5s)
[17:52:26] [gpu0_start3261] 183/1085 mol_id=1742-incomp_0
[17:52:31]     DiffDock stderr: Traceback (most recent call last):
  File "/opt/DiffDock/inference.py", line 28, in <module>
    import utils.utils
  File "/opt/DiffDock/utils/utils.py", line 17, in <module>
    from models.aa_model
[17:52:31]   LIMK2: FAILED (5s)
[17:52:37]     DiffDock stderr: Traceback (most recent call last):
  File "/opt/DiffDock/inference.py", line 28, in <module>
    import utils.utils
  File "/opt/DiffDock/utils/utils.py", line 17, in <module>
    from models.aa_model
[17:52:37]   LIMK1: FAILED (5s)
[17:52:42]     DiffDock stderr: Traceback (most recent call last):
  File "/opt/DiffDock/inference.py", line 28, in <module>
    import utils.utils
  File "/opt/DiffDock/utils/utils.py", line 17, in <module>
    from models.aa_model
[17:52:42]   ROCK1: FAILED (5s)
[17:52:42] [gpu0_start3261] 184/1085 mol_id=1746-incomp_0
[17:52:47]     DiffDock stderr: Traceback (most recent call last):
  File "/opt/DiffDock/inference.py", line 28, in <module>
    import utils.utils
  File "/opt/DiffDock/utils/utils.py", line 17, in <module>
    from models.aa_model
[17:52:47]   LIMK2: FAILED (5s)
[17:52:52]     DiffDock stderr: Traceback (most recent call last):
  File "/opt/DiffDock/inference.py", line 28, in <module>
    import utils.utils
  File "/opt/DiffDock/utils/utils.py", line 17, in <module>
    from models.aa_model
[17:52:52]   LIMK1: FAILED (5s)
[17:52:57]     DiffDock stderr: Traceback (most recent call last):
  File "/opt/DiffDock/inference.py", line 28, in <module>
    import utils.utils
  File "/opt/DiffDock/utils/utils.py", line 17, in <module>
    from models.aa_model
[17:52:57]   ROCK1: FAILED (5s)
[17:52:57] [gpu0_start3261] 185/1085 mol_id=1747-incomp_0
[17:53:02]     DiffDock stderr: Traceback (most recent call last):
  File "/opt/DiffDock/inference.py", line 28, in <module>
    import utils.utils
  File "/opt/DiffDock/utils/utils.py", line 17, in <module>
    from models.aa_model
[17:53:02]   LIMK2: FAILED (5s)
[17:53:07]     DiffDock stderr: Traceback (most recent call last):
  File "/opt/DiffDock/inference.py", line 28, in <module>
    import utils.utils
  File "/opt/DiffDock/utils/utils.py", line 17, in <module>
    from models.aa_model
[17:53:07]   LIMK1: FAILED (5s)
[17:53:12]     DiffDock stderr: Traceback (most recent call last):
  File "/opt/DiffDock/inference.py", line 28, in <module>
    import utils.utils
  File "/opt/DiffDock/utils/utils.py", line 17, in <module>
    from models.aa_model
[17:53:12]   ROCK1: FAILED (5s)
[17:53:12] [gpu0_start3261] 186/1085 mol_id=1749-incomp_0
[17:53:17]     DiffDock stderr: Traceback (most recent call last):
  File "/opt/DiffDock/inference.py", line 28, in <module>
    import utils.utils
  File "/opt/DiffDock/utils/utils.py", line 17, in <module>
    from models.aa_model
[17:53:17]   LIMK2: FAILED (5s)
[17:53:22]     DiffDock stderr: Traceback (most recent call last):
  File "/opt/DiffDock/inference.py", line 28, in <module>
    import utils.utils
  File "/opt/DiffDock/utils/utils.py", line 17, in <module>
    from models.aa_model
[17:53:22]   LIMK1: FAILED (5s)
[17:53:27]     DiffDock stderr: Traceback (most recent call last):
  File "/opt/DiffDock/inference.py", line 28, in <module>
    import utils.utils
  File "/opt/DiffDock/utils/utils.py", line 17, in <module>
    from models.aa_model
[17:53:27]   ROCK1: FAILED (5s)
[17:53:27] [gpu0_start3261] 187/1085 mol_id=175-incomp_0
[17:53:32]     DiffDock stderr: Traceback (most recent call last):
  File "/opt/DiffDock/inference.py", line 28, in <module>
    import utils.utils
  File "/opt/DiffDock/utils/utils.py", line 17, in <module>
    from models.aa_model
[17:53:32]   LIMK2: FAILED (5s)
[17:53:37]     DiffDock stderr: Traceback (most recent call last):
  File "/opt/DiffDock/inference.py", line 28, in <module>
    import utils.utils
  File "/opt/DiffDock/utils/utils.py", line 17, in <module>
    from models.aa_model
[17:53:37]   LIMK1: FAILED (5s)
[17:53:42]     DiffDock stderr: Traceback (most recent call last):
  File "/opt/DiffDock/inference.py", line 28, in <module>
    import utils.utils
  File "/opt/DiffDock/utils/utils.py", line 17, in <module>
    from models.aa_model
[17:53:42]   ROCK1: FAILED (5s)
[17:53:42] [gpu0_start3261] 188/1085 mol_id=1752-incomp_0
[17:53:46]     DiffDock stderr: Traceback (most recent call last):
  File "/opt/DiffDock/inference.py", line 28, in <module>
    import utils.utils
  File "/opt/DiffDock/utils/utils.py", line 17, in <module>
    from models.aa_model
[17:53:46]   LIMK2: FAILED (5s)
[17:53:51]     DiffDock stderr: Traceback (most recent call last):
  File "/opt/DiffDock/inference.py", line 28, in <module>
    import utils.utils
  File "/opt/DiffDock/utils/utils.py", line 17, in <module>
    from models.aa_model
[17:53:51]   LIMK1: FAILED (5s)
[17:53:56]     DiffDock stderr: Traceback (most recent call last):
  File "/opt/DiffDock/inference.py", line 28, in <module>
    import utils.utils
  File "/opt/DiffDock/utils/utils.py", line 17, in <module>
    from models.aa_model
[17:53:56]   ROCK1: FAILED (5s)
[17:53:56] [gpu0_start3261] 189/1085 mol_id=1755_0
[17:54:01]     DiffDock stderr: Traceback (most recent call last):
  File "/opt/DiffDock/inference.py", line 28, in <module>
    import utils.utils
  File "/opt/DiffDock/utils/utils.py", line 17, in <module>
    from models.aa_model
[17:54:01]   LIMK2: FAILED (5s)
[17:54:06]     DiffDock stderr: Traceback (most recent call last):
  File "/opt/DiffDock/inference.py", line 28, in <module>
    import utils.utils
  File "/opt/DiffDock/utils/utils.py", line 17, in <module>
    from models.aa_model
[17:54:06]   LIMK1: FAILED (5s)
[17:54:11]     DiffDock stderr: Traceback (most recent call last):
  File "/opt/DiffDock/inference.py", line 28, in <module>
    import utils.utils
  File "/opt/DiffDock/utils/utils.py", line 17, in <module>
    from models.aa_model
[17:54:11]   ROCK1: FAILED (5s)
[17:54:11] [gpu0_start3261] 190/1085 mol_id=1763-incomp_0
[17:54:16]     DiffDock stderr: Traceback (most recent call last):
  File "/opt/DiffDock/inference.py", line 28, in <module>
    import utils.utils
  File "/opt/DiffDock/utils/utils.py", line 17, in <module>
    from models.aa_model
[17:54:16]   LIMK2: FAILED (5s)
[17:54:21]     DiffDock stderr: Traceback (most recent call last):
  File "/opt/DiffDock/inference.py", line 28, in <module>
    import utils.utils
  File "/opt/DiffDock/utils/utils.py", line 17, in <module>
    from models.aa_model
[17:54:21]   LIMK1: FAILED (5s)
[17:54:26]     DiffDock stderr: Traceback (most recent call last):
  File "/opt/DiffDock/inference.py", line 28, in <module>
    import utils.utils
  File "/opt/DiffDock/utils/utils.py", line 17, in <module>
    from models.aa_model
[17:54:26]   ROCK1: FAILED (5s)
[17:54:26] [gpu0_start3261] 191/1085 mol_id=1767-incomp_0
[17:54:31]     DiffDock stderr: Traceback (most recent call last):
  File "/opt/DiffDock/inference.py", line 28, in <module>
    import utils.utils
  File "/opt/DiffDock/utils/utils.py", line 17, in <module>
    from models.aa_model
[17:54:31]   LIMK2: FAILED (5s)
[17:54:36]     DiffDock stderr: Traceback (most recent call last):
  File "/opt/DiffDock/inference.py", line 28, in <module>
    import utils.utils
  File "/opt/DiffDock/utils/utils.py", line 17, in <module>
    from models.aa_model
[17:54:36]   LIMK1: FAILED (5s)
[17:54:40]     DiffDock stderr: Traceback (most recent call last):
  File "/opt/DiffDock/inference.py", line 28, in <module>
    import utils.utils
  File "/opt/DiffDock/utils/utils.py", line 17, in <module>
    from models.aa_model
[17:54:40]   ROCK1: FAILED (5s)
[17:54:40] [gpu0_start3261] 192/1085 mol_id=1770-incomp_0
[17:54:45]     DiffDock stderr: Traceback (most recent call last):
  File "/opt/DiffDock/inference.py", line 28, in <module>
    import utils.utils
  File "/opt/DiffDock/utils/utils.py", line 17, in <module>
    from models.aa_model
[17:54:45]   LIMK2: FAILED (5s)
[17:54:50]     DiffDock stderr: Traceback (most recent call last):
  File "/opt/DiffDock/inference.py", line 28, in <module>
    import utils.utils
  File "/opt/DiffDock/utils/utils.py", line 17, in <module>
    from models.aa_model
[17:54:50]   LIMK1: FAILED (5s)
[17:54:55]     DiffDock stderr: Traceback (most recent call last):
  File "/opt/DiffDock/inference.py", line 28, in <module>
    import utils.utils
  File "/opt/DiffDock/utils/utils.py", line 17, in <module>
    from models.aa_model
[17:54:55]   ROCK1: FAILED (5s)
[17:54:55] [gpu0_start3261] 193/1085 mol_id=1771-incomp_0
[17:55:00]     DiffDock stderr: Traceback (most recent call last):
  File "/opt/DiffDock/inference.py", line 28, in <module>
    import utils.utils
  File "/opt/DiffDock/utils/utils.py", line 17, in <module>
    from models.aa_model
[17:55:00]   LIMK2: FAILED (5s)
[17:55:05]     DiffDock stderr: Traceback (most recent call last):
  File "/opt/DiffDock/inference.py", line 28, in <module>
    import utils.utils
  File "/opt/DiffDock/utils/utils.py", line 17, in <module>
    from models.aa_model
[17:55:05]   LIMK1: FAILED (5s)
[17:55:10]     DiffDock stderr: Traceback (most recent call last):
  File "/opt/DiffDock/inference.py", line 28, in <module>
    import utils.utils
  File "/opt/DiffDock/utils/utils.py", line 17, in <module>
    from models.aa_model
[17:55:10]   ROCK1: FAILED (5s)
[17:55:10] [gpu0_start3261] 194/1085 mol_id=1778_0
[17:55:15]     DiffDock stderr: Traceback (most recent call last):
  File "/opt/DiffDock/inference.py", line 28, in <module>
    import utils.utils
  File "/opt/DiffDock/utils/utils.py", line 17, in <module>
    from models.aa_model
[17:55:15]   LIMK2: FAILED (5s)
[17:55:20]     DiffDock stderr: Traceback (most recent call last):
  File "/opt/DiffDock/inference.py", line 28, in <module>
    import utils.utils
  File "/opt/DiffDock/utils/utils.py", line 17, in <module>
    from models.aa_model
[17:55:20]   LIMK1: FAILED (5s)
[17:55:25]     DiffDock stderr: Traceback (most recent call last):
  File "/opt/DiffDock/inference.py", line 28, in <module>
    import utils.utils
  File "/opt/DiffDock/utils/utils.py", line 17, in <module>
    from models.aa_model
[17:55:25]   ROCK1: FAILED (5s)
[17:55:25] [gpu0_start3261] 195/1085 mol_id=1780_0
[17:55:30]     DiffDock stderr: Traceback (most recent call last):
  File "/opt/DiffDock/inference.py", line 28, in <module>
    import utils.utils
  File "/opt/DiffDock/utils/utils.py", line 17, in <module>
    from models.aa_model
[17:55:30]   LIMK2: FAILED (5s)
[17:55:35]     DiffDock stderr: Traceback (most recent call last):
  File "/opt/DiffDock/inference.py", line 28, in <module>
    import utils.utils
  File "/opt/DiffDock/utils/utils.py", line 17, in <module>
    from models.aa_model
[17:55:35]   LIMK1: FAILED (5s)
[17:55:40]     DiffDock stderr: Traceback (most recent call last):
  File "/opt/DiffDock/inference.py", line 28, in <module>
    import utils.utils
  File "/opt/DiffDock/utils/utils.py", line 17, in <module>
    from models.aa_model
[17:55:40]   ROCK1: FAILED (5s)
[17:55:40] [gpu0_start3261] 196/1085 mol_id=1791_0
[17:55:45]     DiffDock stderr: Traceback (most recent call last):
  File "/opt/DiffDock/inference.py", line 28, in <module>
    import utils.utils
  File "/opt/DiffDock/utils/utils.py", line 17, in <module>
    from models.aa_model
[17:55:45]   LIMK2: FAILED (5s)
[17:55:50]     DiffDock stderr: Traceback (most recent call last):
  File "/opt/DiffDock/inference.py", line 28, in <module>
    import utils.utils
  File "/opt/DiffDock/utils/utils.py", line 17, in <module>
    from models.aa_model
[17:55:50]   LIMK1: FAILED (5s)
[17:55:54]     DiffDock stderr: Traceback (most recent call last):
  File "/opt/DiffDock/inference.py", line 28, in <module>
    import utils.utils
  File "/opt/DiffDock/utils/utils.py", line 17, in <module>
    from models.aa_model
[17:55:54]   ROCK1: FAILED (5s)
[17:55:54] [gpu0_start3261] 197/1085 mol_id=1798-incomp_0
[17:55:59]     DiffDock stderr: Traceback (most recent call last):
  File "/opt/DiffDock/inference.py", line 28, in <module>
    import utils.utils
  File "/opt/DiffDock/utils/utils.py", line 17, in <module>
    from models.aa_model
[17:55:59]   LIMK2: FAILED (5s)
[17:56:04]     DiffDock stderr: Traceback (most recent call last):
  File "/opt/DiffDock/inference.py", line 28, in <module>
    import utils.utils
  File "/opt/DiffDock/utils/utils.py", line 17, in <module>
    from models.aa_model
[17:56:04]   LIMK1: FAILED (5s)
[17:56:09]     DiffDock stderr: Traceback (most recent call last):
  File "/opt/DiffDock/inference.py", line 28, in <module>
    import utils.utils
  File "/opt/DiffDock/utils/utils.py", line 17, in <module>
    from models.aa_model
[17:56:09]   ROCK1: FAILED (5s)
[17:56:09] [gpu0_start3261] 198/1085 mol_id=1805_0
[17:56:14]     DiffDock stderr: Traceback (most recent call last):
  File "/opt/DiffDock/inference.py", line 28, in <module>
    import utils.utils
  File "/opt/DiffDock/utils/utils.py", line 17, in <module>
    from models.aa_model
[17:56:14]   LIMK2: FAILED (5s)
[17:56:19]     DiffDock stderr: Traceback (most recent call last):
  File "/opt/DiffDock/inference.py", line 28, in <module>
    import utils.utils
  File "/opt/DiffDock/utils/utils.py", line 17, in <module>
    from models.aa_model
[17:56:19]   LIMK1: FAILED (5s)
[17:56:24]     DiffDock stderr: Traceback (most recent call last):
  File "/opt/DiffDock/inference.py", line 28, in <module>
    import utils.utils
  File "/opt/DiffDock/utils/utils.py", line 17, in <module>
    from models.aa_model
[17:56:24]   ROCK1: FAILED (5s)
[17:56:24] [gpu0_start3261] 199/1085 mol_id=1811_0
[17:56:29]     DiffDock stderr: Traceback (most recent call last):
  File "/opt/DiffDock/inference.py", line 28, in <module>
    import utils.utils
  File "/opt/DiffDock/utils/utils.py", line 17, in <module>
    from models.aa_model
[17:56:29]   LIMK2: FAILED (5s)
[17:56:34]     DiffDock stderr: Traceback (most recent call last):
  File "/opt/DiffDock/inference.py", line 28, in <module>
    import utils.utils
  File "/opt/DiffDock/utils/utils.py", line 17, in <module>
    from models.aa_model
[17:56:34]   LIMK1: FAILED (5s)
[17:56:39]     DiffDock stderr: Traceback (most recent call last):
  File "/opt/DiffDock/inference.py", line 28, in <module>
    import utils.utils
  File "/opt/DiffDock/utils/utils.py", line 17, in <module>
    from models.aa_model
[17:56:39]   ROCK1: FAILED (5s)
[17:56:39] [gpu0_start3261] 200/1085 mol_id=1812-incomp_0
[17:56:44]     DiffDock stderr: Traceback (most recent call last):
  File "/opt/DiffDock/inference.py", line 28, in <module>
    import utils.utils
  File "/opt/DiffDock/utils/utils.py", line 17, in <module>
    from models.aa_model
[17:56:44]   LIMK2: FAILED (5s)
[17:56:49]     DiffDock stderr: Traceback (most recent call last):
  File "/opt/DiffDock/inference.py", line 28, in <module>
    import utils.utils
  File "/opt/DiffDock/utils/utils.py", line 17, in <module>
    from models.aa_model
[17:56:49]   LIMK1: FAILED (5s)
[17:56:54]     DiffDock stderr: Traceback (most recent call last):
  File "/opt/DiffDock/inference.py", line 28, in <module>
    import utils.utils
  File "/opt/DiffDock/utils/utils.py", line 17, in <module>
    from models.aa_model
[17:56:54]   ROCK1: FAILED (5s)
[17:56:54] Progress: 200/1085 done, 0 selective so far
[17:56:54] [gpu0_start3261] 201/1085 mol_id=1813_0
[17:56:59]     DiffDock stderr: Traceback (most recent call last):
  File "/opt/DiffDock/inference.py", line 28, in <module>
    import utils.utils
  File "/opt/DiffDock/utils/utils.py", line 17, in <module>
    from models.aa_model
[17:56:59]   LIMK2: FAILED (5s)
[17:57:04]     DiffDock stderr: Traceback (most recent call last):
  File "/opt/DiffDock/inference.py", line 28, in <module>
    import utils.utils
  File "/opt/DiffDock/utils/utils.py", line 17, in <module>
    from models.aa_model
[17:57:04]   LIMK1: FAILED (5s)
[17:57:09]     DiffDock stderr: Traceback (most recent call last):
  File "/opt/DiffDock/inference.py", line 28, in <module>
    import utils.utils
  File "/opt/DiffDock/utils/utils.py", line 17, in <module>
    from models.aa_model
[17:57:09]   ROCK1: FAILED (5s)
[17:57:09] [gpu0_start3261] 202/1085 mol_id=1814-incomp_0
[17:57:14]     DiffDock stderr: Traceback (most recent call last):
  File "/opt/DiffDock/inference.py", line 28, in <module>
    import utils.utils
  File "/opt/DiffDock/utils/utils.py", line 17, in <module>
    from models.aa_model
[17:57:14]   LIMK2: FAILED (5s)
[17:57:19]     DiffDock stderr: Traceback (most recent call last):
  File "/opt/DiffDock/inference.py", line 28, in <module>
    import utils.utils
  File "/opt/DiffDock/utils/utils.py", line 17, in <module>
    from models.aa_model
[17:57:19]   LIMK1: FAILED (5s)
[17:57:24]     DiffDock stderr: Traceback (most recent call last):
  File "/opt/DiffDock/inference.py", line 28, in <module>
    import utils.utils
  File "/opt/DiffDock/utils/utils.py", line 17, in <module>
    from models.aa_model
[17:57:24]   ROCK1: FAILED (5s)
[17:57:24] [gpu0_start3261] 203/1085 mol_id=1836-incomp_0
[17:57:29]     DiffDock stderr: Traceback (most recent call last):
  File "/opt/DiffDock/inference.py", line 28, in <module>
    import utils.utils
  File "/opt/DiffDock/utils/utils.py", line 17, in <module>
    from models.aa_model
[17:57:29]   LIMK2: FAILED (5s)
[17:57:34]     DiffDock stderr: Traceback (most recent call last):
  File "/opt/DiffDock/inference.py", line 28, in <module>
    import utils.utils
  File "/opt/DiffDock/utils/utils.py", line 17, in <module>
    from models.aa_model
[17:57:34]   LIMK1: FAILED (5s)
[17:57:40]     DiffDock stderr: Traceback (most recent call last):
  File "/opt/DiffDock/inference.py", line 28, in <module>
    import utils.utils
  File "/opt/DiffDock/utils/utils.py", line 17, in <module>
    from models.aa_model
[17:57:40]   ROCK1: FAILED (5s)
[17:57:40] [gpu0_start3261] 204/1085 mol_id=1840-incomp_0
[17:57:45]     DiffDock stderr: Traceback (most recent call last):
  File "/opt/DiffDock/inference.py", line 28, in <module>
    import utils.utils
  File "/opt/DiffDock/utils/utils.py", line 17, in <module>
    from models.aa_model
[17:57:45]   LIMK2: FAILED (5s)
[17:57:50]     DiffDock stderr: Traceback (most recent call last):
  File "/opt/DiffDock/inference.py", line 28, in <module>
    import utils.utils
  File "/opt/DiffDock/utils/utils.py", line 17, in <module>
    from models.aa_model
[17:57:50]   LIMK1: FAILED (5s)
[17:57:55]     DiffDock stderr: Traceback (most recent call last):
  File "/opt/DiffDock/inference.py", line 28, in <module>
    import utils.utils
  File "/opt/DiffDock/utils/utils.py", line 17, in <module>
    from models.aa_model
[17:57:55]   ROCK1: FAILED (5s)
[17:57:55] [gpu0_start3261] 205/1085 mol_id=1841_0
[17:58:00]     DiffDock stderr: Traceback (most recent call last):
  File "/opt/DiffDock/inference.py", line 28, in <module>
    import utils.utils
  File "/opt/DiffDock/utils/utils.py", line 17, in <module>
    from models.aa_model
[17:58:00]   LIMK2: FAILED (5s)
[17:58:05]     DiffDock stderr: Traceback (most recent call last):
  File "/opt/DiffDock/inference.py", line 28, in <module>
    import utils.utils
  File "/opt/DiffDock/utils/utils.py", line 17, in <module>
    from models.aa_model
[17:58:05]   LIMK1: FAILED (5s)
[17:58:10]     DiffDock stderr: Traceback (most recent call last):
  File "/opt/DiffDock/inference.py", line 28, in <module>
    import utils.utils
  File "/opt/DiffDock/utils/utils.py", line 17, in <module>
    from models.aa_model
[17:58:10]   ROCK1: FAILED (5s)
[17:58:10] [gpu0_start3261] 206/1085 mol_id=1842-incomp_0
[17:58:15]     DiffDock stderr: Traceback (most recent call last):
  File "/opt/DiffDock/inference.py", line 28, in <module>
    import utils.utils
  File "/opt/DiffDock/utils/utils.py", line 17, in <module>
    from models.aa_model
[17:58:15]   LIMK2: FAILED (5s)
[17:58:20]     DiffDock stderr: Traceback (most recent call last):
  File "/opt/DiffDock/inference.py", line 28, in <module>
    import utils.utils
  File "/opt/DiffDock/utils/utils.py", line 17, in <module>
    from models.aa_model
[17:58:20]   LIMK1: FAILED (5s)
[17:58:25]     DiffDock stderr: Traceback (most recent call last):
  File "/opt/DiffDock/inference.py", line 28, in <module>
    import utils.utils
  File "/opt/DiffDock/utils/utils.py", line 17, in <module>
    from models.aa_model
[17:58:25]   ROCK1: FAILED (5s)
[17:58:25] [gpu0_start3261] 207/1085 mol_id=1846-incomp_0
[17:58:30]     DiffDock stderr: Traceback (most recent call last):
  File "/opt/DiffDock/inference.py", line 28, in <module>
    import utils.utils
  File "/opt/DiffDock/utils/utils.py", line 17, in <module>
    from models.aa_model
[17:58:30]   LIMK2: FAILED (5s)
[17:58:36]     DiffDock stderr: Traceback (most recent call last):
  File "/opt/DiffDock/inference.py", line 28, in <module>
    import utils.utils
  File "/opt/DiffDock/utils/utils.py", line 17, in <module>
    from models.aa_model
[17:58:36]   LIMK1: FAILED (5s)
[17:58:41]     DiffDock stderr: Traceback (most recent call last):
  File "/opt/DiffDock/inference.py", line 28, in <module>
    import utils.utils
  File "/opt/DiffDock/utils/utils.py", line 17, in <module>
    from models.aa_model
[17:58:41]   ROCK1: FAILED (5s)
[17:58:41] [gpu0_start3261] 208/1085 mol_id=1847-incomp_0
[17:58:46]     DiffDock stderr: Traceback (most recent call last):
  File "/opt/DiffDock/inference.py", line 28, in <module>
    import utils.utils
  File "/opt/DiffDock/utils/utils.py", line 17, in <module>
    from models.aa_model
[17:58:46]   LIMK2: FAILED (5s)
[17:58:51]     DiffDock stderr: Traceback (most recent call last):
  File "/opt/DiffDock/inference.py", line 28, in <module>
    import utils.utils
  File "/opt/DiffDock/utils/utils.py", line 17, in <module>
    from models.aa_model
[17:58:51]   LIMK1: FAILED (5s)
[17:58:56]     DiffDock stderr: Traceback (most recent call last):
  File "/opt/DiffDock/inference.py", line 28, in <module>
    import utils.utils
  File "/opt/DiffDock/utils/utils.py", line 17, in <module>
    from models.aa_model
[17:58:56]   ROCK1: FAILED (5s)
[17:58:56] [gpu0_start3261] 209/1085 mol_id=1848-incomp_0
[17:59:01]     DiffDock stderr: Traceback (most recent call last):
  File "/opt/DiffDock/inference.py", line 28, in <module>
    import utils.utils
  File "/opt/DiffDock/utils/utils.py", line 17, in <module>
    from models.aa_model
[17:59:01]   LIMK2: FAILED (5s)
[17:59:06]     DiffDock stderr: Traceback (most recent call last):
  File "/opt/DiffDock/inference.py", line 28, in <module>
    import utils.utils
  File "/opt/DiffDock/utils/utils.py", line 17, in <module>
    from models.aa_model
[17:59:06]   LIMK1: FAILED (5s)
[17:59:11]     DiffDock stderr: Traceback (most recent call last):
  File "/opt/DiffDock/inference.py", line 28, in <module>
    import utils.utils
  File "/opt/DiffDock/utils/utils.py", line 17, in <module>
    from models.aa_model
[17:59:11]   ROCK1: FAILED (5s)
[17:59:11] [gpu0_start3261] 210/1085 mol_id=185_0
[17:59:16]     DiffDock stderr: Traceback (most recent call last):
  File "/opt/DiffDock/inference.py", line 28, in <module>
    import utils.utils
  File "/opt/DiffDock/utils/utils.py", line 17, in <module>
    from models.aa_model
[17:59:16]   LIMK2: FAILED (5s)
[17:59:21]     DiffDock stderr: Traceback (most recent call last):
  File "/opt/DiffDock/inference.py", line 28, in <module>
    import utils.utils
  File "/opt/DiffDock/utils/utils.py", line 17, in <module>
    from models.aa_model
[17:59:21]   LIMK1: FAILED (5s)
[17:59:26]     DiffDock stderr: Traceback (most recent call last):
  File "/opt/DiffDock/inference.py", line 28, in <module>
    import utils.utils
  File "/opt/DiffDock/utils/utils.py", line 17, in <module>
    from models.aa_model
[17:59:26]   ROCK1: FAILED (5s)
[17:59:26] [gpu0_start3261] 211/1085 mol_id=1851-incomp_0
[17:59:32]     DiffDock stderr: Traceback (most recent call last):
  File "/opt/DiffDock/inference.py", line 28, in <module>
    import utils.utils
  File "/opt/DiffDock/utils/utils.py", line 17, in <module>
    from models.aa_model
[17:59:32]   LIMK2: FAILED (5s)
[17:59:37]     DiffDock stderr: Traceback (most recent call last):
  File "/opt/DiffDock/inference.py", line 28, in <module>
    import utils.utils
  File "/opt/DiffDock/utils/utils.py", line 17, in <module>
    from models.aa_model
[17:59:37]   LIMK1: FAILED (5s)
[17:59:42]     DiffDock stderr: Traceback (most recent call last):
  File "/opt/DiffDock/inference.py", line 28, in <module>
    import utils.utils
  File "/opt/DiffDock/utils/utils.py", line 17, in <module>
    from models.aa_model
[17:59:42]   ROCK1: FAILED (5s)
[17:59:42] [gpu0_start3261] 212/1085 mol_id=1854-incomp_0
[17:59:47]     DiffDock stderr: Traceback (most recent call last):
  File "/opt/DiffDock/inference.py", line 28, in <module>
    import utils.utils
  File "/opt/DiffDock/utils/utils.py", line 17, in <module>
    from models.aa_model
[17:59:47]   LIMK2: FAILED (5s)
[17:59:52]     DiffDock stderr: Traceback (most recent call last):
  File "/opt/DiffDock/inference.py", line 28, in <module>
    import utils.utils
  File "/opt/DiffDock/utils/utils.py", line 17, in <module>
    from models.aa_model
[17:59:52]   LIMK1: FAILED (5s)
[17:59:57]     DiffDock stderr: Traceback (most recent call last):
  File "/opt/DiffDock/inference.py", line 28, in <module>
    import utils.utils
  File "/opt/DiffDock/utils/utils.py", line 17, in <module>
    from models.aa_model
[17:59:57]   ROCK1: FAILED (5s)
[17:59:57] [gpu0_start3261] 213/1085 mol_id=1855_0
[18:00:03]     DiffDock stderr: Traceback (most recent call last):
  File "/opt/DiffDock/inference.py", line 28, in <module>
    import utils.utils
  File "/opt/DiffDock/utils/utils.py", line 17, in <module>
    from models.aa_model
[18:00:03]   LIMK2: FAILED (5s)
[18:00:08]     DiffDock stderr: Traceback (most recent call last):
  File "/opt/DiffDock/inference.py", line 28, in <module>
    import utils.utils
  File "/opt/DiffDock/utils/utils.py", line 17, in <module>
    from models.aa_model
[18:00:08]   LIMK1: FAILED (5s)
[18:00:13]     DiffDock stderr: Traceback (most recent call last):
  File "/opt/DiffDock/inference.py", line 28, in <module>
    import utils.utils
  File "/opt/DiffDock/utils/utils.py", line 17, in <module>
    from models.aa_model
[18:00:13]   ROCK1: FAILED (5s)
[18:00:13] [gpu0_start3261] 214/1085 mol_id=1858-incomp_0
[18:00:18]     DiffDock stderr: Traceback (most recent call last):
  File "/opt/DiffDock/inference.py", line 28, in <module>
    import utils.utils
  File "/opt/DiffDock/utils/utils.py", line 17, in <module>
    from models.aa_model
[18:00:18]   LIMK2: FAILED (5s)
[18:00:23]     DiffDock stderr: Traceback (most recent call last):
  File "/opt/DiffDock/inference.py", line 28, in <module>
    import utils.utils
  File "/opt/DiffDock/utils/utils.py", line 17, in <module>
    from models.aa_model
[18:00:23]   LIMK1: FAILED (5s)
[18:00:28]     DiffDock stderr: Traceback (most recent call last):
  File "/opt/DiffDock/inference.py", line 28, in <module>
    import utils.utils
  File "/opt/DiffDock/utils/utils.py", line 17, in <module>
    from models.aa_model
[18:00:28]   ROCK1: FAILED (5s)
[18:00:28] [gpu0_start3261] 215/1085 mol_id=1860-incomp_0
[18:00:33]     DiffDock stderr: Traceback (most recent call last):
  File "/opt/DiffDock/inference.py", line 28, in <module>
    import utils.utils
  File "/opt/DiffDock/utils/utils.py", line 17, in <module>
    from models.aa_model
[18:00:33]   LIMK2: FAILED (5s)
[18:00:38]     DiffDock stderr: Traceback (most recent call last):
  File "/opt/DiffDock/inference.py", line 28, in <module>
    import utils.utils
  File "/opt/DiffDock/utils/utils.py", line 17, in <module>
    from models.aa_model
[18:00:38]   LIMK1: FAILED (5s)
[18:00:43]     DiffDock stderr: Traceback (most recent call last):
  File "/opt/DiffDock/inference.py", line 28, in <module>
    import utils.utils
  File "/opt/DiffDock/utils/utils.py", line 17, in <module>
    from models.aa_model
[18:00:43]   ROCK1: FAILED (5s)
[18:00:43] [gpu0_start3261] 216/1085 mol_id=1861-incomp_0
[18:00:48]     DiffDock stderr: Traceback (most recent call last):
  File "/opt/DiffDock/inference.py", line 28, in <module>
    import utils.utils
  File "/opt/DiffDock/utils/utils.py", line 17, in <module>
    from models.aa_model
[18:00:48]   LIMK2: FAILED (5s)
[18:00:54]     DiffDock stderr: Traceback (most recent call last):
  File "/opt/DiffDock/inference.py", line 28, in <module>
    import utils.utils
  File "/opt/DiffDock/utils/utils.py", line 17, in <module>
    from models.aa_model
[18:00:54]   LIMK1: FAILED (5s)
[18:00:59]     DiffDock stderr: Traceback (most recent call last):
  File "/opt/DiffDock/inference.py", line 28, in <module>
    import utils.utils
  File "/opt/DiffDock/utils/utils.py", line 17, in <module>
    from models.aa_model
[18:00:59]   ROCK1: FAILED (5s)
[18:00:59] [gpu0_start3261] 217/1085 mol_id=1862-incomp_0
[18:01:04]     DiffDock stderr: Traceback (most recent call last):
  File "/opt/DiffDock/inference.py", line 28, in <module>
    import utils.utils
  File "/opt/DiffDock/utils/utils.py", line 17, in <module>
    from models.aa_model
[18:01:04]   LIMK2: FAILED (5s)
[18:01:09]     DiffDock stderr: Traceback (most recent call last):
  File "/opt/DiffDock/inference.py", line 28, in <module>
    import utils.utils
  File "/opt/DiffDock/utils/utils.py", line 17, in <module>
    from models.aa_model
[18:01:09]   LIMK1: FAILED (5s)
[18:01:14]     DiffDock stderr: Traceback (most recent call last):
  File "/opt/DiffDock/inference.py", line 28, in <module>
    import utils.utils
  File "/opt/DiffDock/utils/utils.py", line 17, in <module>
    from models.aa_model
[18:01:14]   ROCK1: FAILED (5s)
[18:01:14] [gpu0_start3261] 218/1085 mol_id=1867_0
[18:01:20]     DiffDock stderr: Traceback (most recent call last):
  File "/opt/DiffDock/inference.py", line 28, in <module>
    import utils.utils
  File "/opt/DiffDock/utils/utils.py", line 17, in <module>
    from models.aa_model
[18:01:20]   LIMK2: FAILED (5s)
[18:01:25]     DiffDock stderr: Traceback (most recent call last):
  File "/opt/DiffDock/inference.py", line 28, in <module>
    import utils.utils
  File "/opt/DiffDock/utils/utils.py", line 17, in <module>
    from models.aa_model
[18:01:25]   LIMK1: FAILED (5s)
[18:01:30]     DiffDock stderr: Traceback (most recent call last):
  File "/opt/DiffDock/inference.py", line 28, in <module>
    import utils.utils
  File "/opt/DiffDock/utils/utils.py", line 17, in <module>
    from models.aa_model
[18:01:30]   ROCK1: FAILED (5s)
[18:01:30] [gpu0_start3261] 219/1085 mol_id=1868-incomp_0
[18:01:35]     DiffDock stderr: Traceback (most recent call last):
  File "/opt/DiffDock/inference.py", line 28, in <module>
    import utils.utils
  File "/opt/DiffDock/utils/utils.py", line 17, in <module>
    from models.aa_model
[18:01:35]   LIMK2: FAILED (5s)
[18:01:40]     DiffDock stderr: Traceback (most recent call last):
  File "/opt/DiffDock/inference.py", line 28, in <module>
    import utils.utils
  File "/opt/DiffDock/utils/utils.py", line 17, in <module>
    from models.aa_model
[18:01:40]   LIMK1: FAILED (5s)
[18:01:45]     DiffDock stderr: Traceback (most recent call last):
  File "/opt/DiffDock/inference.py", line 28, in <module>
    import utils.utils
  File "/opt/DiffDock/utils/utils.py", line 17, in <module>
    from models.aa_model
[18:01:45]   ROCK1: FAILED (5s)
[18:01:45] [gpu0_start3261] 220/1085 mol_id=1871-incomp_0
[18:01:50]     DiffDock stderr: Traceback (most recent call last):
  File "/opt/DiffDock/inference.py", line 28, in <module>
    import utils.utils
  File "/opt/DiffDock/utils/utils.py", line 17, in <module>
    from models.aa_model
[18:01:50]   LIMK2: FAILED (5s)
[18:01:55]     DiffDock stderr: Traceback (most recent call last):
  File "/opt/DiffDock/inference.py", line 28, in <module>
    import utils.utils
  File "/opt/DiffDock/utils/utils.py", line 17, in <module>
    from models.aa_model
[18:01:55]   LIMK1: FAILED (5s)
[18:01:59]     DiffDock stderr: Traceback (most recent call last):
  File "/opt/DiffDock/inference.py", line 28, in <module>
    import utils.utils
  File "/opt/DiffDock/utils/utils.py", line 17, in <module>
    from models.aa_model
[18:01:59]   ROCK1: FAILED (5s)
[18:01:59] [gpu0_start3261] 221/1085 mol_id=1873-incomp_0
[18:02:04]     DiffDock stderr: Traceback (most recent call last):
  File "/opt/DiffDock/inference.py", line 28, in <module>
    import utils.utils
  File "/opt/DiffDock/utils/utils.py", line 17, in <module>
    from models.aa_model
[18:02:04]   LIMK2: FAILED (5s)
[18:02:09]     DiffDock stderr: Traceback (most recent call last):
  File "/opt/DiffDock/inference.py", line 28, in <module>
    import utils.utils
  File "/opt/DiffDock/utils/utils.py", line 17, in <module>
    from models.aa_model
[18:02:09]   LIMK1: FAILED (5s)
[18:02:14]     DiffDock stderr: Traceback (most recent call last):
  File "/opt/DiffDock/inference.py", line 28, in <module>
    import utils.utils
  File "/opt/DiffDock/utils/utils.py", line 17, in <module>
    from models.aa_model
[18:02:14]   ROCK1: FAILED (5s)
[18:02:14] [gpu0_start3261] 222/1085 mol_id=1875-incomp_0
[18:02:19]     DiffDock stderr: Traceback (most recent call last):
  File "/opt/DiffDock/inference.py", line 28, in <module>
    import utils.utils
  File "/opt/DiffDock/utils/utils.py", line 17, in <module>
    from models.aa_model
[18:02:19]   LIMK2: FAILED (5s)
[18:02:24]     DiffDock stderr: Traceback (most recent call last):
  File "/opt/DiffDock/inference.py", line 28, in <module>
    import utils.utils
  File "/opt/DiffDock/utils/utils.py", line 17, in <module>
    from models.aa_model
[18:02:24]   LIMK1: FAILED (5s)
[18:02:29]     DiffDock stderr: Traceback (most recent call last):
  File "/opt/DiffDock/inference.py", line 28, in <module>
    import utils.utils
  File "/opt/DiffDock/utils/utils.py", line 17, in <module>
    from models.aa_model
[18:02:29]   ROCK1: FAILED (5s)
[18:02:29] [gpu0_start3261] 223/1085 mol_id=1877_0
[18:02:34]     DiffDock stderr: Traceback (most recent call last):
  File "/opt/DiffDock/inference.py", line 28, in <module>
    import utils.utils
  File "/opt/DiffDock/utils/utils.py", line 17, in <module>
    from models.aa_model
[18:02:34]   LIMK2: FAILED (5s)
[18:02:39]     DiffDock stderr: Traceback (most recent call last):
  File "/opt/DiffDock/inference.py", line 28, in <module>
    import utils.utils
  File "/opt/DiffDock/utils/utils.py", line 17, in <module>
    from models.aa_model
[18:02:39]   LIMK1: FAILED (5s)
[18:02:44]     DiffDock stderr: Traceback (most recent call last):
  File "/opt/DiffDock/inference.py", line 28, in <module>
    import utils.utils
  File "/opt/DiffDock/utils/utils.py", line 17, in <module>
    from models.aa_model
[18:02:44]   ROCK1: FAILED (5s)
[18:02:44] [gpu0_start3261] 224/1085 mol_id=1879-incomp_0
[18:02:49]     DiffDock stderr: Traceback (most recent call last):
  File "/opt/DiffDock/inference.py", line 28, in <module>
    import utils.utils
  File "/opt/DiffDock/utils/utils.py", line 17, in <module>
    from models.aa_model
[18:02:49]   LIMK2: FAILED (5s)
[18:02:54]     DiffDock stderr: Traceback (most recent call last):
  File "/opt/DiffDock/inference.py", line 28, in <module>
    import utils.utils
  File "/opt/DiffDock/utils/utils.py", line 17, in <module>
    from models.aa_model
[18:02:54]   LIMK1: FAILED (5s)
[18:02:59]     DiffDock stderr: Traceback (most recent call last):
  File "/opt/DiffDock/inference.py", line 28, in <module>
    import utils.utils
  File "/opt/DiffDock/utils/utils.py", line 17, in <module>
    from models.aa_model
[18:02:59]   ROCK1: FAILED (5s)
[18:02:59] [gpu0_start3261] 225/1085 mol_id=188-incomp_0
[18:03:04]     DiffDock stderr: Traceback (most recent call last):
  File "/opt/DiffDock/inference.py", line 28, in <module>
    import utils.utils
  File "/opt/DiffDock/utils/utils.py", line 17, in <module>
    from models.aa_model
[18:03:04]   LIMK2: FAILED (5s)
[18:03:09]     DiffDock stderr: Traceback (most recent call last):
  File "/opt/DiffDock/inference.py", line 28, in <module>
    import utils.utils
  File "/opt/DiffDock/utils/utils.py", line 17, in <module>
    from models.aa_model
[18:03:09]   LIMK1: FAILED (5s)
[18:03:14]     DiffDock stderr: Traceback (most recent call last):
  File "/opt/DiffDock/inference.py", line 28, in <module>
    import utils.utils
  File "/opt/DiffDock/utils/utils.py", line 17, in <module>
    from models.aa_model
[18:03:14]   ROCK1: FAILED (5s)
[18:03:14] [gpu0_start3261] 226/1085 mol_id=1886-incomp_0
[18:03:20]     DiffDock stderr: Traceback (most recent call last):
  File "/opt/DiffDock/inference.py", line 28, in <module>
    import utils.utils
  File "/opt/DiffDock/utils/utils.py", line 17, in <module>
    from models.aa_model
[18:03:20]   LIMK2: FAILED (5s)
[18:03:25]     DiffDock stderr: Traceback (most recent call last):
  File "/opt/DiffDock/inference.py", line 28, in <module>
    import utils.utils
  File "/opt/DiffDock/utils/utils.py", line 17, in <module>
    from models.aa_model
[18:03:25]   LIMK1: FAILED (5s)
[18:03:30]     DiffDock stderr: Traceback (most recent call last):
  File "/opt/DiffDock/inference.py", line 28, in <module>
    import utils.utils
  File "/opt/DiffDock/utils/utils.py", line 17, in <module>
    from models.aa_model
[18:03:30]   ROCK1: FAILED (5s)
[18:03:30] [gpu0_start3261] 227/1085 mol_id=1887-incomp_0
[18:03:35]     DiffDock stderr: Traceback (most recent call last):
  File "/opt/DiffDock/inference.py", line 28, in <module>
    import utils.utils
  File "/opt/DiffDock/utils/utils.py", line 17, in <module>
    from models.aa_model
[18:03:35]   LIMK2: FAILED (5s)
[18:03:40]     DiffDock stderr: Traceback (most recent call last):
  File "/opt/DiffDock/inference.py", line 28, in <module>
    import utils.utils
  File "/opt/DiffDock/utils/utils.py", line 17, in <module>
    from models.aa_model
[18:03:40]   LIMK1: FAILED (5s)
[18:03:45]     DiffDock stderr: Traceback (most recent call last):
  File "/opt/DiffDock/inference.py", line 28, in <module>
    import utils.utils
  File "/opt/DiffDock/utils/utils.py", line 17, in <module>
    from models.aa_model
[18:03:45]   ROCK1: FAILED (5s)
[18:03:45] [gpu0_start3261] 228/1085 mol_id=1889-incomp_0
[18:03:50]     DiffDock stderr: Traceback (most recent call last):
  File "/opt/DiffDock/inference.py", line 28, in <module>
    import utils.utils
  File "/opt/DiffDock/utils/utils.py", line 17, in <module>
    from models.aa_model
[18:03:50]   LIMK2: FAILED (5s)
[18:03:55]     DiffDock stderr: Traceback (most recent call last):
  File "/opt/DiffDock/inference.py", line 28, in <module>
    import utils.utils
  File "/opt/DiffDock/utils/utils.py", line 17, in <module>
    from models.aa_model
[18:03:55]   LIMK1: FAILED (5s)
[18:04:00]     DiffDock stderr: Traceback (most recent call last):
  File "/opt/DiffDock/inference.py", line 28, in <module>
    import utils.utils
  File "/opt/DiffDock/utils/utils.py", line 17, in <module>
    from models.aa_model
[18:04:00]   ROCK1: FAILED (5s)
[18:04:00] [gpu0_start3261] 229/1085 mol_id=1892_0
[18:04:05]     DiffDock stderr: Traceback (most recent call last):
  File "/opt/DiffDock/inference.py", line 28, in <module>
    import utils.utils
  File "/opt/DiffDock/utils/utils.py", line 17, in <module>
    from models.aa_model
[18:04:05]   LIMK2: FAILED (5s)
[18:04:10]     DiffDock stderr: Traceback (most recent call last):
  File "/opt/DiffDock/inference.py", line 28, in <module>
    import utils.utils
  File "/opt/DiffDock/utils/utils.py", line 17, in <module>
    from models.aa_model
[18:04:10]   LIMK1: FAILED (5s)
[18:04:15]     DiffDock stderr: Traceback (most recent call last):
  File "/opt/DiffDock/inference.py", line 28, in <module>
    import utils.utils
  File "/opt/DiffDock/utils/utils.py", line 17, in <module>
    from models.aa_model
[18:04:15]   ROCK1: FAILED (5s)
[18:04:15] [gpu0_start3261] 230/1085 mol_id=1897-incomp_0
[18:04:20]     DiffDock stderr: Traceback (most recent call last):
  File "/opt/DiffDock/inference.py", line 28, in <module>
    import utils.utils
  File "/opt/DiffDock/utils/utils.py", line 17, in <module>
    from models.aa_model
[18:04:20]   LIMK2: FAILED (5s)
[18:04:25]     DiffDock stderr: Traceback (most recent call last):
  File "/opt/DiffDock/inference.py", line 28, in <module>
    import utils.utils
  File "/opt/DiffDock/utils/utils.py", line 17, in <module>
    from models.aa_model
[18:04:25]   LIMK1: FAILED (5s)
[18:04:30]     DiffDock stderr: Traceback (most recent call last):
  File "/opt/DiffDock/inference.py", line 28, in <module>
    import utils.utils
  File "/opt/DiffDock/utils/utils.py", line 17, in <module>
    from models.aa_model
[18:04:30]   ROCK1: FAILED (5s)
[18:04:30] [gpu0_start3261] 231/1085 mol_id=1898_0
[18:04:35]     DiffDock stderr: Traceback (most recent call last):
  File "/opt/DiffDock/inference.py", line 28, in <module>
    import utils.utils
  File "/opt/DiffDock/utils/utils.py", line 17, in <module>
    from models.aa_model
[18:04:35]   LIMK2: FAILED (5s)
[18:04:40]     DiffDock stderr: Traceback (most recent call last):
  File "/opt/DiffDock/inference.py", line 28, in <module>
    import utils.utils
  File "/opt/DiffDock/utils/utils.py", line 17, in <module>
    from models.aa_model
[18:04:40]   LIMK1: FAILED (5s)
[18:04:45] ============================================================
[18:04:45] DiffDock Selectivity Batch
[18:04:45] Input: /data/safety_pass.smi
[18:04:45] Chunk: start=3261 size=1087
[18:04:45] GPU: 0
[18:04:45] Targets: LIMK2 (4TPT), LIMK1 (3S95), ROCK1 (2ESM)
[18:04:45] N_samples: 10, Threshold: 0.3
[18:04:45] ============================================================
[18:04:45] 
[WARMUP] Verifying DiffDock inference.py ...
[18:04:45] [WARMUP] OK
[18:04:45] 
Loading molecules from /data/safety_pass.smi ...
[18:04:45] Total molecules in file: 4346
[18:04:45] This chunk: indices 3261-4345 = 1085 molecules
[18:04:45] 
Starting docking ... 1085 mols × 3 targets = 3255 jobs
[18:04:45] Target ready: LIMK2 (4TPT)
[18:04:45] Target ready: LIMK1 (3S95)
[18:04:45] Target ready: ROCK1 (2ESM)
[18:04:45] Resumed from checkpoint: 230 already done
[18:04:45] [gpu0_start3261] 231/1085 mol_id=1898_0
[18:04:50]     DiffDock stderr: Traceback (most recent call last):
  File "/opt/DiffDock/inference.py", line 28, in <module>
    import utils.utils
  File "/opt/DiffDock/utils/utils.py", line 17, in <module>
    from models.aa_model
[18:04:50]   LIMK2: FAILED (5s)
[18:04:55]     DiffDock stderr: Traceback (most recent call last):
  File "/opt/DiffDock/inference.py", line 28, in <module>
    import utils.utils
  File "/opt/DiffDock/utils/utils.py", line 17, in <module>
    from models.aa_model
[18:04:55]   LIMK1: FAILED (5s)
[18:05:00]     DiffDock stderr: Traceback (most recent call last):
  File "/opt/DiffDock/inference.py", line 28, in <module>
    import utils.utils
  File "/opt/DiffDock/utils/utils.py", line 17, in <module>
    from models.aa_model
[18:05:00]   ROCK1: FAILED (5s)
[18:05:00] [gpu0_start3261] 232/1085 mol_id=1904-incomp_0
[18:05:06]     DiffDock stderr: Traceback (most recent call last):
  File "/opt/DiffDock/inference.py", line 28, in <module>
    import utils.utils
  File "/opt/DiffDock/utils/utils.py", line 17, in <module>
    from models.aa_model
[18:05:06]   LIMK2: FAILED (5s)
[18:05:11]     DiffDock stderr: Traceback (most recent call last):
  File "/opt/DiffDock/inference.py", line 28, in <module>
    import utils.utils
  File "/opt/DiffDock/utils/utils.py", line 17, in <module>
    from models.aa_model
[18:05:11]   LIMK1: FAILED (5s)
[18:05:16]     DiffDock stderr: Traceback (most recent call last):
  File "/opt/DiffDock/inference.py", line 28, in <module>
    import utils.utils
  File "/opt/DiffDock/utils/utils.py", line 17, in <module>
    from models.aa_model
[18:05:16]   ROCK1: FAILED (5s)
[18:05:16] [gpu0_start3261] 233/1085 mol_id=1910-incomp_0
[18:05:21]     DiffDock stderr: Traceback (most recent call last):
  File "/opt/DiffDock/inference.py", line 28, in <module>
    import utils.utils
  File "/opt/DiffDock/utils/utils.py", line 17, in <module>
    from models.aa_model
[18:05:21]   LIMK2: FAILED (5s)
[18:05:27]     DiffDock stderr: Traceback (most recent call last):
  File "/opt/DiffDock/inference.py", line 28, in <module>
    import utils.utils
  File "/opt/DiffDock/utils/utils.py", line 17, in <module>
    from models.aa_model
[18:05:27]   LIMK1: FAILED (5s)
[18:05:32]     DiffDock stderr: Traceback (most recent call last):
  File "/opt/DiffDock/inference.py", line 28, in <module>
    import utils.utils
  File "/opt/DiffDock/utils/utils.py", line 17, in <module>
    from models.aa_model
[18:05:32]   ROCK1: FAILED (5s)
[18:05:32] [gpu0_start3261] 234/1085 mol_id=1918-incomp_0
[18:05:37]     DiffDock stderr: Traceback (most recent call last):
  File "/opt/DiffDock/inference.py", line 28, in <module>
    import utils.utils
  File "/opt/DiffDock/utils/utils.py", line 17, in <module>
    from models.aa_model
[18:05:37]   LIMK2: FAILED (5s)
[18:05:42]     DiffDock stderr: Traceback (most recent call last):
  File "/opt/DiffDock/inference.py", line 28, in <module>
    import utils.utils
  File "/opt/DiffDock/utils/utils.py", line 17, in <module>
    from models.aa_model
[18:05:42]   LIMK1: FAILED (5s)
[18:05:47]     DiffDock stderr: Traceback (most recent call last):
  File "/opt/DiffDock/inference.py", line 28, in <module>
    import utils.utils
  File "/opt/DiffDock/utils/utils.py", line 17, in <module>
    from models.aa_model
[18:05:47]   ROCK1: FAILED (5s)
[18:05:47] [gpu0_start3261] 235/1085 mol_id=1921_0
[18:05:52]     DiffDock stderr: Traceback (most recent call last):
  File "/opt/DiffDock/inference.py", line 28, in <module>
    import utils.utils
  File "/opt/DiffDock/utils/utils.py", line 17, in <module>
    from models.aa_model
[18:05:52]   LIMK2: FAILED (5s)
[18:05:58]     DiffDock stderr: Traceback (most recent call last):
  File "/opt/DiffDock/inference.py", line 28, in <module>
    import utils.utils
  File "/opt/DiffDock/utils/utils.py", line 17, in <module>
    from models.aa_model
[18:05:58]   LIMK1: FAILED (5s)
[18:06:03]     DiffDock stderr: Traceback (most recent call last):
  File "/opt/DiffDock/inference.py", line 28, in <module>
    import utils.utils
  File "/opt/DiffDock/utils/utils.py", line 17, in <module>
    from models.aa_model
[18:06:03]   ROCK1: FAILED (5s)
[18:06:03] [gpu0_start3261] 236/1085 mol_id=1922-incomp_0
[18:06:08]     DiffDock stderr: Traceback (most recent call last):
  File "/opt/DiffDock/inference.py", line 28, in <module>
    import utils.utils
  File "/opt/DiffDock/utils/utils.py", line 17, in <module>
    from models.aa_model
[18:06:08]   LIMK2: FAILED (5s)
[18:06:13]     DiffDock stderr: Traceback (most recent call last):
  File "/opt/DiffDock/inference.py", line 28, in <module>
    import utils.utils
  File "/opt/DiffDock/utils/utils.py", line 17, in <module>
    from models.aa_model
[18:06:13]   LIMK1: FAILED (5s)
[18:06:18]     DiffDock stderr: Traceback (most recent call last):
  File "/opt/DiffDock/inference.py", line 28, in <module>
    import utils.utils
  File "/opt/DiffDock/utils/utils.py", line 17, in <module>
    from models.aa_model
[18:06:18]   ROCK1: FAILED (5s)
[18:06:18] [gpu0_start3261] 237/1085 mol_id=1926-incomp_0
[18:06:23]     DiffDock stderr: Traceback (most recent call last):
  File "/opt/DiffDock/inference.py", line 28, in <module>
    import utils.utils
  File "/opt/DiffDock/utils/utils.py", line 17, in <module>
    from models.aa_model
[18:06:23]   LIMK2: FAILED (5s)
[18:06:28]     DiffDock stderr: Traceback (most recent call last):
  File "/opt/DiffDock/inference.py", line 28, in <module>
    import utils.utils
  File "/opt/DiffDock/utils/utils.py", line 17, in <module>
    from models.aa_model
[18:06:28]   LIMK1: FAILED (5s)
[18:06:33]     DiffDock stderr: Traceback (most recent call last):
  File "/opt/DiffDock/inference.py", line 28, in <module>
    import utils.utils
  File "/opt/DiffDock/utils/utils.py", line 17, in <module>
    from models.aa_model
[18:06:33]   ROCK1: FAILED (5s)
[18:06:33] [gpu0_start3261] 238/1085 mol_id=1931-incomp_0
[18:06:38]     DiffDock stderr: Traceback (most recent call last):
  File "/opt/DiffDock/inference.py", line 28, in <module>
    import utils.utils
  File "/opt/DiffDock/utils/utils.py", line 17, in <module>
    from models.aa_model
[18:06:38]   LIMK2: FAILED (5s)
[18:06:43]     DiffDock stderr: Traceback (most recent call last):
  File "/opt/DiffDock/inference.py", line 28, in <module>
    import utils.utils
  File "/opt/DiffDock/utils/utils.py", line 17, in <module>
    from models.aa_model
[18:06:43]   LIMK1: FAILED (5s)
[18:06:48]     DiffDock stderr: Traceback (most recent call last):
  File "/opt/DiffDock/inference.py", line 28, in <module>
    import utils.utils
  File "/opt/DiffDock/utils/utils.py", line 17, in <module>
    from models.aa_model
[18:06:48]   ROCK1: FAILED (5s)
[18:06:48] [gpu0_start3261] 239/1085 mol_id=1935-incomp_0
[18:06:53]     DiffDock stderr: Traceback (most recent call last):
  File "/opt/DiffDock/inference.py", line 28, in <module>
    import utils.utils
  File "/opt/DiffDock/utils/utils.py", line 17, in <module>
    from models.aa_model
[18:06:53]   LIMK2: FAILED (5s)
[18:06:58]     DiffDock stderr: Traceback (most recent call last):
  File "/opt/DiffDock/inference.py", line 28, in <module>
    import utils.utils
  File "/opt/DiffDock/utils/utils.py", line 17, in <module>
    from models.aa_model
[18:06:58]   LIMK1: FAILED (5s)
[18:07:03]     DiffDock stderr: Traceback (most recent call last):
  File "/opt/DiffDock/inference.py", line 28, in <module>
    import utils.utils
  File "/opt/DiffDock/utils/utils.py", line 17, in <module>
    from models.aa_model
[18:07:03]   ROCK1: FAILED (5s)
[18:07:03] [gpu0_start3261] 240/1085 mol_id=1936-incomp_0
[18:07:08]     DiffDock stderr: Traceback (most recent call last):
  File "/opt/DiffDock/inference.py", line 28, in <module>
    import utils.utils
  File "/opt/DiffDock/utils/utils.py", line 17, in <module>
    from models.aa_model
[18:07:08]   LIMK2: FAILED (5s)
[18:07:13]     DiffDock stderr: Traceback (most recent call last):
  File "/opt/DiffDock/inference.py", line 28, in <module>
    import utils.utils
  File "/opt/DiffDock/utils/utils.py", line 17, in <module>
    from models.aa_model
[18:07:13]   LIMK1: FAILED (5s)
[18:07:17]     DiffDock stderr: Traceback (most recent call last):
  File "/opt/DiffDock/inference.py", line 28, in <module>
    import utils.utils
  File "/opt/DiffDock/utils/utils.py", line 17, in <module>
    from models.aa_model
[18:07:17]   ROCK1: FAILED (5s)
[18:07:17] [gpu0_start3261] 241/1085 mol_id=1937_0
[18:07:22]     DiffDock stderr: Traceback (most recent call last):
  File "/opt/DiffDock/inference.py", line 28, in <module>
    import utils.utils
  File "/opt/DiffDock/utils/utils.py", line 17, in <module>
    from models.aa_model
[18:07:22]   LIMK2: FAILED (5s)
[18:07:27]     DiffDock stderr: Traceback (most recent call last):
  File "/opt/DiffDock/inference.py", line 28, in <module>
    import utils.utils
  File "/opt/DiffDock/utils/utils.py", line 17, in <module>
    from models.aa_model
[18:07:27]   LIMK1: FAILED (5s)
[18:07:32]     DiffDock stderr: Traceback (most recent call last):
  File "/opt/DiffDock/inference.py", line 28, in <module>
    import utils.utils
  File "/opt/DiffDock/utils/utils.py", line 17, in <module>
    from models.aa_model
[18:07:32]   ROCK1: FAILED (5s)
[18:07:32] [gpu0_start3261] 242/1085 mol_id=1940_0
[18:07:37]     DiffDock stderr: Traceback (most recent call last):
  File "/opt/DiffDock/inference.py", line 28, in <module>
    import utils.utils
  File "/opt/DiffDock/utils/utils.py", line 17, in <module>
    from models.aa_model
[18:07:37]   LIMK2: FAILED (5s)
[18:07:42]     DiffDock stderr: Traceback (most recent call last):
  File "/opt/DiffDock/inference.py", line 28, in <module>
    import utils.utils
  File "/opt/DiffDock/utils/utils.py", line 17, in <module>
    from models.aa_model
[18:07:42]   LIMK1: FAILED (5s)
[18:07:47]     DiffDock stderr: Traceback (most recent call last):
  File "/opt/DiffDock/inference.py", line 28, in <module>
    import utils.utils
  File "/opt/DiffDock/utils/utils.py", line 17, in <module>
    from models.aa_model
[18:07:47]   ROCK1: FAILED (5s)
[18:07:47] [gpu0_start3261] 243/1085 mol_id=1943-incomp_0
[18:07:52]     DiffDock stderr: Traceback (most recent call last):
  File "/opt/DiffDock/inference.py", line 28, in <module>
    import utils.utils
  File "/opt/DiffDock/utils/utils.py", line 17, in <module>
    from models.aa_model
[18:07:52]   LIMK2: FAILED (5s)
[18:07:57]     DiffDock stderr: Traceback (most recent call last):
  File "/opt/DiffDock/inference.py", line 28, in <module>
    import utils.utils
  File "/opt/DiffDock/utils/utils.py", line 17, in <module>
    from models.aa_model
[18:07:57]   LIMK1: FAILED (5s)
[18:08:02]     DiffDock stderr: Traceback (most recent call last):
  File "/opt/DiffDock/inference.py", line 28, in <module>
    import utils.utils
  File "/opt/DiffDock/utils/utils.py", line 17, in <module>
    from models.aa_model
[18:08:02]   ROCK1: FAILED (5s)
[18:08:02] [gpu0_start3261] 244/1085 mol_id=1944_0
[18:08:07]     DiffDock stderr: Traceback (most recent call last):
  File "/opt/DiffDock/inference.py", line 28, in <module>
    import utils.utils
  File "/opt/DiffDock/utils/utils.py", line 17, in <module>
    from models.aa_model
[18:08:07]   LIMK2: FAILED (5s)
[18:08:12]     DiffDock stderr: Traceback (most recent call last):
  File "/opt/DiffDock/inference.py", line 28, in <module>
    import utils.utils
  File "/opt/DiffDock/utils/utils.py", line 17, in <module>
    from models.aa_model
[18:08:12]   LIMK1: FAILED (5s)
[18:08:17]     DiffDock stderr: Traceback (most recent call last):
  File "/opt/DiffDock/inference.py", line 28, in <module>
    import utils.utils
  File "/opt/DiffDock/utils/utils.py", line 17, in <module>
    from models.aa_model
[18:08:17]   ROCK1: FAILED (5s)
[18:08:17] [gpu0_start3261] 245/1085 mol_id=1945_0
[18:08:22]     DiffDock stderr: Traceback (most recent call last):
  File "/opt/DiffDock/inference.py", line 28, in <module>
    import utils.utils
  File "/opt/DiffDock/utils/utils.py", line 17, in <module>
    from models.aa_model
[18:08:22]   LIMK2: FAILED (5s)
[18:08:27]     DiffDock stderr: Traceback (most recent call last):
  File "/opt/DiffDock/inference.py", line 28, in <module>
    import utils.utils
  File "/opt/DiffDock/utils/utils.py", line 17, in <module>
    from models.aa_model
[18:08:27]   LIMK1: FAILED (5s)
[18:08:32]     DiffDock stderr: Traceback (most recent call last):
  File "/opt/DiffDock/inference.py", line 28, in <module>
    import utils.utils
  File "/opt/DiffDock/utils/utils.py", line 17, in <module>
    from models.aa_model
[18:08:32]   ROCK1: FAILED (5s)
[18:08:32] [gpu0_start3261] 246/1085 mol_id=1960-incomp_0
[18:08:36]     DiffDock stderr: Traceback (most recent call last):
  File "/opt/DiffDock/inference.py", line 28, in <module>
    import utils.utils
  File "/opt/DiffDock/utils/utils.py", line 17, in <module>
    from models.aa_model
[18:08:36]   LIMK2: FAILED (5s)
[18:08:41]     DiffDock stderr: Traceback (most recent call last):
  File "/opt/DiffDock/inference.py", line 28, in <module>
    import utils.utils
  File "/opt/DiffDock/utils/utils.py", line 17, in <module>
    from models.aa_model
[18:08:41]   LIMK1: FAILED (5s)
[18:08:46]     DiffDock stderr: Traceback (most recent call last):
  File "/opt/DiffDock/inference.py", line 28, in <module>
    import utils.utils
  File "/opt/DiffDock/utils/utils.py", line 17, in <module>
    from models.aa_model
[18:08:46]   ROCK1: FAILED (5s)
[18:08:46] [gpu0_start3261] 247/1085 mol_id=1965-incomp_0
[18:08:51]     DiffDock stderr: Traceback (most recent call last):
  File "/opt/DiffDock/inference.py", line 28, in <module>
    import utils.utils
  File "/opt/DiffDock/utils/utils.py", line 17, in <module>
    from models.aa_model
[18:08:51]   LIMK2: FAILED (5s)
[18:08:56]     DiffDock stderr: Traceback (most recent call last):
  File "/opt/DiffDock/inference.py", line 28, in <module>
    import utils.utils
  File "/opt/DiffDock/utils/utils.py", line 17, in <module>
    from models.aa_model
[18:08:56]   LIMK1: FAILED (5s)
[18:09:01]     DiffDock stderr: Traceback (most recent call last):
  File "/opt/DiffDock/inference.py", line 28, in <module>
    import utils.utils
  File "/opt/DiffDock/utils/utils.py", line 17, in <module>
    from models.aa_model
[18:09:01]   ROCK1: FAILED (5s)
[18:09:01] [gpu0_start3261] 248/1085 mol_id=1967_0
[18:09:06]     DiffDock stderr: Traceback (most recent call last):
  File "/opt/DiffDock/inference.py", line 28, in <module>
    import utils.utils
  File "/opt/DiffDock/utils/utils.py", line 17, in <module>
    from models.aa_model
[18:09:06]   LIMK2: FAILED (5s)
[18:09:11]     DiffDock stderr: Traceback (most recent call last):
  File "/opt/DiffDock/inference.py", line 28, in <module>
    import utils.utils
  File "/opt/DiffDock/utils/utils.py", line 17, in <module>
    from models.aa_model
[18:09:11]   LIMK1: FAILED (5s)
[18:09:16]     DiffDock stderr: Traceback (most recent call last):
  File "/opt/DiffDock/inference.py", line 28, in <module>
    import utils.utils
  File "/opt/DiffDock/utils/utils.py", line 17, in <module>
    from models.aa_model
[18:09:16]   ROCK1: FAILED (5s)
[18:09:16] [gpu0_start3261] 249/1085 mol_id=1972-incomp_0
[18:09:20]     DiffDock stderr: Traceback (most recent call last):
  File "/opt/DiffDock/inference.py", line 28, in <module>
    import utils.utils
  File "/opt/DiffDock/utils/utils.py", line 17, in <module>
    from models.aa_model
[18:09:20]   LIMK2: FAILED (5s)
[18:09:26]     DiffDock stderr: Traceback (most recent call last):
  File "/opt/DiffDock/inference.py", line 28, in <module>
    import utils.utils
  File "/opt/DiffDock/utils/utils.py", line 17, in <module>
    from models.aa_model
[18:09:26]   LIMK1: FAILED (5s)
[18:09:31]     DiffDock stderr: Traceback (most recent call last):
  File "/opt/DiffDock/inference.py", line 28, in <module>
    import utils.utils
  File "/opt/DiffDock/utils/utils.py", line 17, in <module>
    from models.aa_model
[18:09:31]   ROCK1: FAILED (5s)
[18:09:31] [gpu0_start3261] 250/1085 mol_id=1979_0
[18:09:36]     DiffDock stderr: Traceback (most recent call last):
  File "/opt/DiffDock/inference.py", line 28, in <module>
    import utils.utils
  File "/opt/DiffDock/utils/utils.py", line 17, in <module>
    from models.aa_model
[18:09:36]   LIMK2: FAILED (5s)
[18:09:42]     DiffDock stderr: Traceback (most recent call last):
  File "/opt/DiffDock/inference.py", line 28, in <module>
    import utils.utils
  File "/opt/DiffDock/utils/utils.py", line 17, in <module>
    from models.aa_model
[18:09:42]   LIMK1: FAILED (5s)
[18:09:47]     DiffDock stderr: Traceback (most recent call last):
  File "/opt/DiffDock/inference.py", line 28, in <module>
    import utils.utils
  File "/opt/DiffDock/utils/utils.py", line 17, in <module>
    from models.aa_model
[18:09:47]   ROCK1: FAILED (5s)
[18:09:47] Progress: 250/1085 done, 0 selective so far
[18:09:47] [gpu0_start3261] 251/1085 mol_id=1981-incomp_0
[18:09:52]     DiffDock stderr: Traceback (most recent call last):
  File "/opt/DiffDock/inference.py", line 28, in <module>
    import utils.utils
  File "/opt/DiffDock/utils/utils.py", line 17, in <module>
    from models.aa_model
[18:09:52]   LIMK2: FAILED (5s)
[18:09:57]     DiffDock stderr: Traceback (most recent call last):
  File "/opt/DiffDock/inference.py", line 28, in <module>
    import utils.utils
  File "/opt/DiffDock/utils/utils.py", line 17, in <module>
    from models.aa_model
[18:09:57]   LIMK1: FAILED (5s)
[18:10:03]     DiffDock stderr: Traceback (most recent call last):
  File "/opt/DiffDock/inference.py", line 28, in <module>
    import utils.utils
  File "/opt/DiffDock/utils/utils.py", line 17, in <module>
    from models.aa_model
[18:10:03]   ROCK1: FAILED (5s)
[18:10:03] [gpu0_start3261] 252/1085 mol_id=199-incomp_0
[18:10:08]     DiffDock stderr: Traceback (most recent call last):
  File "/opt/DiffDock/inference.py", line 28, in <module>
    import utils.utils
  File "/opt/DiffDock/utils/utils.py", line 17, in <module>
    from models.aa_model
[18:10:08]   LIMK2: FAILED (5s)
[18:10:13]     DiffDock stderr: Traceback (most recent call last):
  File "/opt/DiffDock/inference.py", line 28, in <module>
    import utils.utils
  File "/opt/DiffDock/utils/utils.py", line 17, in <module>
    from models.aa_model
[18:10:13]   LIMK1: FAILED (5s)
[18:10:18]     DiffDock stderr: Traceback (most recent call last):
  File "/opt/DiffDock/inference.py", line 28, in <module>
    import utils.utils
  File "/opt/DiffDock/utils/utils.py", line 17, in <module>
    from models.aa_model
[18:10:18]   ROCK1: FAILED (5s)
[18:10:18] [gpu0_start3261] 253/1085 mol_id=1991_0
[18:10:23]     DiffDock stderr: Traceback (most recent call last):
  File "/opt/DiffDock/inference.py", line 28, in <module>
    import utils.utils
  File "/opt/DiffDock/utils/utils.py", line 17, in <module>
    from models.aa_model
[18:10:23]   LIMK2: FAILED (5s)
[18:10:29]     DiffDock stderr: Traceback (most recent call last):
  File "/opt/DiffDock/inference.py", line 28, in <module>
    import utils.utils
  File "/opt/DiffDock/utils/utils.py", line 17, in <module>
    from models.aa_model
[18:10:29]   LIMK1: FAILED (5s)
[18:10:34]     DiffDock stderr: Traceback (most recent call last):
  File "/opt/DiffDock/inference.py", line 28, in <module>
    import utils.utils
  File "/opt/DiffDock/utils/utils.py", line 17, in <module>
    from models.aa_model
[18:10:34]   ROCK1: FAILED (5s)
[18:10:34] [gpu0_start3261] 254/1085 mol_id=1992_0
[18:10:39]     DiffDock stderr: Traceback (most recent call last):
  File "/opt/DiffDock/inference.py", line 28, in <module>
    import utils.utils
  File "/opt/DiffDock/utils/utils.py", line 17, in <module>
    from models.aa_model
[18:10:39]   LIMK2: FAILED (5s)
[18:10:44]     DiffDock stderr: Traceback (most recent call last):
  File "/opt/DiffDock/inference.py", line 28, in <module>
    import utils.utils
  File "/opt/DiffDock/utils/utils.py", line 17, in <module>
    from models.aa_model
[18:10:44]   LIMK1: FAILED (5s)
[18:10:48]     DiffDock stderr: Traceback (most recent call last):
  File "/opt/DiffDock/inference.py", line 28, in <module>
    import utils.utils
  File "/opt/DiffDock/utils/utils.py", line 17, in <module>
    from models.aa_model
[18:10:48]   ROCK1: FAILED (5s)
[18:10:48] [gpu0_start3261] 255/1085 mol_id=2_0
[18:10:53]     DiffDock stderr: Traceback (most recent call last):
  File "/opt/DiffDock/inference.py", line 28, in <module>
    import utils.utils
  File "/opt/DiffDock/utils/utils.py", line 17, in <module>
    from models.aa_model
[18:10:53]   LIMK2: FAILED (5s)
[18:10:58]     DiffDock stderr: Traceback (most recent call last):
  File "/opt/DiffDock/inference.py", line 28, in <module>
    import utils.utils
  File "/opt/DiffDock/utils/utils.py", line 17, in <module>
    from models.aa_model
[18:10:58]   LIMK1: FAILED (5s)
[18:11:03]     DiffDock stderr: Traceback (most recent call last):
  File "/opt/DiffDock/inference.py", line 28, in <module>
    import utils.utils
  File "/opt/DiffDock/utils/utils.py", line 17, in <module>
    from models.aa_model
[18:11:03]   ROCK1: FAILED (5s)
[18:11:03] [gpu0_start3261] 256/1085 mol_id=2002-incomp_0
[18:11:08]     DiffDock stderr: Traceback (most recent call last):
  File "/opt/DiffDock/inference.py", line 28, in <module>
    import utils.utils
  File "/opt/DiffDock/utils/utils.py", line 17, in <module>
    from models.aa_model
[18:11:08]   LIMK2: FAILED (5s)
[18:11:13]     DiffDock stderr: Traceback (most recent call last):
  File "/opt/DiffDock/inference.py", line 28, in <module>
    import utils.utils
  File "/opt/DiffDock/utils/utils.py", line 17, in <module>
    from models.aa_model
[18:11:13]   LIMK1: FAILED (5s)
[18:11:18]     DiffDock stderr: Traceback (most recent call last):
  File "/opt/DiffDock/inference.py", line 28, in <module>
    import utils.utils
  File "/opt/DiffDock/utils/utils.py", line 17, in <module>
    from models.aa_model
[18:11:18]   ROCK1: FAILED (5s)
[18:11:18] [gpu0_start3261] 257/1085 mol_id=2003-incomp_0
[18:11:24]     DiffDock stderr: Traceback (most recent call last):
  File "/opt/DiffDock/inference.py", line 28, in <module>
    import utils.utils
  File "/opt/DiffDock/utils/utils.py", line 17, in <module>
    from models.aa_model
[18:11:24]   LIMK2: FAILED (5s)
[18:11:29]     DiffDock stderr: Traceback (most recent call last):
  File "/opt/DiffDock/inference.py", line 28, in <module>
    import utils.utils
  File "/opt/DiffDock/utils/utils.py", line 17, in <module>
    from models.aa_model
[18:11:29]   LIMK1: FAILED (5s)
[18:11:34]     DiffDock stderr: Traceback (most recent call last):
  File "/opt/DiffDock/inference.py", line 28, in <module>
    import utils.utils
  File "/opt/DiffDock/utils/utils.py", line 17, in <module>
    from models.aa_model
[18:11:34]   ROCK1: FAILED (5s)
[18:11:34] [gpu0_start3261] 258/1085 mol_id=2004-incomp_0
[18:11:39]     DiffDock stderr: Traceback (most recent call last):
  File "/opt/DiffDock/inference.py", line 28, in <module>
    import utils.utils
  File "/opt/DiffDock/utils/utils.py", line 17, in <module>
    from models.aa_model
[18:11:39]   LIMK2: FAILED (5s)
[18:11:44]     DiffDock stderr: Traceback (most recent call last):
  File "/opt/DiffDock/inference.py", line 28, in <module>
    import utils.utils
  File "/opt/DiffDock/utils/utils.py", line 17, in <module>
    from models.aa_model
[18:11:44]   LIMK1: FAILED (5s)
[18:11:50]     DiffDock stderr: Traceback (most recent call last):
  File "/opt/DiffDock/inference.py", line 28, in <module>
    import utils.utils
  File "/opt/DiffDock/utils/utils.py", line 17, in <module>
    from models.aa_model
[18:11:50]   ROCK1: FAILED (5s)
[18:11:50] [gpu0_start3261] 259/1085 mol_id=2005-incomp_0
[18:11:55]     DiffDock stderr: Traceback (most recent call last):
  File "/opt/DiffDock/inference.py", line 28, in <module>
    import utils.utils
  File "/opt/DiffDock/utils/utils.py", line 17, in <module>
    from models.aa_model
[18:11:55]   LIMK2: FAILED (5s)
[18:12:00]     DiffDock stderr: Traceback (most recent call last):
  File "/opt/DiffDock/inference.py", line 28, in <module>
    import utils.utils
  File "/opt/DiffDock/utils/utils.py", line 17, in <module>
    from models.aa_model
[18:12:00]   LIMK1: FAILED (5s)
[18:12:05]     DiffDock stderr: Traceback (most recent call last):
  File "/opt/DiffDock/inference.py", line 28, in <module>
    import utils.utils
  File "/opt/DiffDock/utils/utils.py", line 17, in <module>
    from models.aa_model
[18:12:05]   ROCK1: FAILED (5s)
[18:12:05] [gpu0_start3261] 260/1085 mol_id=2009-incomp_0
[18:12:10]     DiffDock stderr: Traceback (most recent call last):
  File "/opt/DiffDock/inference.py", line 28, in <module>
    import utils.utils
  File "/opt/DiffDock/utils/utils.py", line 17, in <module>
    from models.aa_model
[18:12:10]   LIMK2: FAILED (5s)
[18:12:15]     DiffDock stderr: Traceback (most recent call last):
  File "/opt/DiffDock/inference.py", line 28, in <module>
    import utils.utils
  File "/opt/DiffDock/utils/utils.py", line 17, in <module>
    from models.aa_model
[18:12:15]   LIMK1: FAILED (5s)
[18:12:20]     DiffDock stderr: Traceback (most recent call last):
  File "/opt/DiffDock/inference.py", line 28, in <module>
    import utils.utils
  File "/opt/DiffDock/utils/utils.py", line 17, in <module>
    from models.aa_model
[18:12:20]   ROCK1: FAILED (5s)
[18:12:20] [gpu0_start3261] 261/1085 mol_id=201-incomp_0
[18:12:25]     DiffDock stderr: Traceback (most recent call last):
  File "/opt/DiffDock/inference.py", line 28, in <module>
    import utils.utils
  File "/opt/DiffDock/utils/utils.py", line 17, in <module>
    from models.aa_model
[18:12:25]   LIMK2: FAILED (5s)
[18:12:30]     DiffDock stderr: Traceback (most recent call last):
  File "/opt/DiffDock/inference.py", line 28, in <module>
    import utils.utils
  File "/opt/DiffDock/utils/utils.py", line 17, in <module>
    from models.aa_model
[18:12:30]   LIMK1: FAILED (5s)
[18:12:35]     DiffDock stderr: Traceback (most recent call last):
  File "/opt/DiffDock/inference.py", line 28, in <module>
    import utils.utils
  File "/opt/DiffDock/utils/utils.py", line 17, in <module>
    from models.aa_model
[18:12:35]   ROCK1: FAILED (5s)
[18:12:35] [gpu0_start3261] 262/1085 mol_id=2010-incomp_0
[18:12:40]     DiffDock stderr: Traceback (most recent call last):
  File "/opt/DiffDock/inference.py", line 28, in <module>
    import utils.utils
  File "/opt/DiffDock/utils/utils.py", line 17, in <module>
    from models.aa_model
[18:12:40]   LIMK2: FAILED (5s)
[18:12:45]     DiffDock stderr: Traceback (most recent call last):
  File "/opt/DiffDock/inference.py", line 28, in <module>
    import utils.utils
  File "/opt/DiffDock/utils/utils.py", line 17, in <module>
    from models.aa_model
[18:12:45]   LIMK1: FAILED (5s)
[18:12:50]     DiffDock stderr: Traceback (most recent call last):
  File "/opt/DiffDock/inference.py", line 28, in <module>
    import utils.utils
  File "/opt/DiffDock/utils/utils.py", line 17, in <module>
    from models.aa_model
[18:12:50]   ROCK1: FAILED (5s)
[18:12:50] [gpu0_start3261] 263/1085 mol_id=2020_0
[18:12:55]     DiffDock stderr: Traceback (most recent call last):
  File "/opt/DiffDock/inference.py", line 28, in <module>
    import utils.utils
  File "/opt/DiffDock/utils/utils.py", line 17, in <module>
    from models.aa_model
[18:12:55]   LIMK2: FAILED (5s)
[18:12:59]     DiffDock stderr: Traceback (most recent call last):
  File "/opt/DiffDock/inference.py", line 28, in <module>
    import utils.utils
  File "/opt/DiffDock/utils/utils.py", line 17, in <module>
    from models.aa_model
[18:12:59]   LIMK1: FAILED (5s)
[18:13:04]     DiffDock stderr: Traceback (most recent call last):
  File "/opt/DiffDock/inference.py", line 28, in <module>
    import utils.utils
  File "/opt/DiffDock/utils/utils.py", line 17, in <module>
    from models.aa_model
[18:13:04]   ROCK1: FAILED (5s)
[18:13:04] [gpu0_start3261] 264/1085 mol_id=2021-incomp_0
[18:13:09]     DiffDock stderr: Traceback (most recent call last):
  File "/opt/DiffDock/inference.py", line 28, in <module>
    import utils.utils
  File "/opt/DiffDock/utils/utils.py", line 17, in <module>
    from models.aa_model
[18:13:09]   LIMK2: FAILED (5s)
[18:13:14]     DiffDock stderr: Traceback (most recent call last):
  File "/opt/DiffDock/inference.py", line 28, in <module>
    import utils.utils
  File "/opt/DiffDock/utils/utils.py", line 17, in <module>
    from models.aa_model
[18:13:14]   LIMK1: FAILED (5s)
[18:13:19]     DiffDock stderr: Traceback (most recent call last):
  File "/opt/DiffDock/inference.py", line 28, in <module>
    import utils.utils
  File "/opt/DiffDock/utils/utils.py", line 17, in <module>
    from models.aa_model
[18:13:19]   ROCK1: FAILED (5s)
[18:13:19] [gpu0_start3261] 265/1085 mol_id=2024-incomp_0
[18:13:24]     DiffDock stderr: Traceback (most recent call last):
  File "/opt/DiffDock/inference.py", line 28, in <module>
    import utils.utils
  File "/opt/DiffDock/utils/utils.py", line 17, in <module>
    from models.aa_model
[18:13:24]   LIMK2: FAILED (5s)
[18:13:29]     DiffDock stderr: Traceback (most recent call last):
  File "/opt/DiffDock/inference.py", line 28, in <module>
    import utils.utils
  File "/opt/DiffDock/utils/utils.py", line 17, in <module>
    from models.aa_model
[18:13:29]   LIMK1: FAILED (5s)
[18:13:34]     DiffDock stderr: Traceback (most recent call last):
  File "/opt/DiffDock/inference.py", line 28, in <module>
    import utils.utils
  File "/opt/DiffDock/utils/utils.py", line 17, in <module>
    from models.aa_model
[18:13:34]   ROCK1: FAILED (5s)
[18:13:34] [gpu0_start3261] 266/1085 mol_id=2025-incomp_0
[18:13:39]     DiffDock stderr: Traceback (most recent call last):
  File "/opt/DiffDock/inference.py", line 28, in <module>
    import utils.utils
  File "/opt/DiffDock/utils/utils.py", line 17, in <module>
    from models.aa_model
[18:13:39]   LIMK2: FAILED (5s)
[18:13:44]     DiffDock stderr: Traceback (most recent call last):
  File "/opt/DiffDock/inference.py", line 28, in <module>
    import utils.utils
  File "/opt/DiffDock/utils/utils.py", line 17, in <module>
    from models.aa_model
[18:13:44]   LIMK1: FAILED (5s)
[18:13:49]     DiffDock stderr: Traceback (most recent call last):
  File "/opt/DiffDock/inference.py", line 28, in <module>
    import utils.utils
  File "/opt/DiffDock/utils/utils.py", line 17, in <module>
    from models.aa_model
[18:13:49]   ROCK1: FAILED (5s)
[18:13:49] [gpu0_start3261] 267/1085 mol_id=2026_0
[18:13:54]     DiffDock stderr: Traceback (most recent call last):
  File "/opt/DiffDock/inference.py", line 28, in <module>
    import utils.utils
  File "/opt/DiffDock/utils/utils.py", line 17, in <module>
    from models.aa_model
[18:13:54]   LIMK2: FAILED (5s)
[18:13:59]     DiffDock stderr: Traceback (most recent call last):
  File "/opt/DiffDock/inference.py", line 28, in <module>
    import utils.utils
  File "/opt/DiffDock/utils/utils.py", line 17, in <module>
    from models.aa_model
[18:13:59]   LIMK1: FAILED (5s)
[18:14:05]     DiffDock stderr: Traceback (most recent call last):
  File "/opt/DiffDock/inference.py", line 28, in <module>
    import utils.utils
  File "/opt/DiffDock/utils/utils.py", line 17, in <module>
    from models.aa_model
[18:14:05]   ROCK1: FAILED (5s)
[18:14:05] [gpu0_start3261] 268/1085 mol_id=2027-incomp_0
[18:14:10]     DiffDock stderr: Traceback (most recent call last):
  File "/opt/DiffDock/inference.py", line 28, in <module>
    import utils.utils
  File "/opt/DiffDock/utils/utils.py", line 17, in <module>
    from models.aa_model
[18:14:10]   LIMK2: FAILED (5s)
[18:14:15]     DiffDock stderr: Traceback (most recent call last):
  File "/opt/DiffDock/inference.py", line 28, in <module>
    import utils.utils
  File "/opt/DiffDock/utils/utils.py", line 17, in <module>
    from models.aa_model
[18:14:15]   LIMK1: FAILED (5s)
[18:14:20]     DiffDock stderr: Traceback (most recent call last):
  File "/opt/DiffDock/inference.py", line 28, in <module>
    import utils.utils
  File "/opt/DiffDock/utils/utils.py", line 17, in <module>
    from models.aa_model
[18:14:20]   ROCK1: FAILED (5s)
[18:14:20] [gpu0_start3261] 269/1085 mol_id=203_0
[18:14:25]     DiffDock stderr: Traceback (most recent call last):
  File "/opt/DiffDock/inference.py", line 28, in <module>
    import utils.utils
  File "/opt/DiffDock/utils/utils.py", line 17, in <module>
    from models.aa_model
[18:14:25]   LIMK2: FAILED (5s)
[18:14:31]     DiffDock stderr: Traceback (most recent call last):
  File "/opt/DiffDock/inference.py", line 28, in <module>
    import utils.utils
  File "/opt/DiffDock/utils/utils.py", line 17, in <module>
    from models.aa_model
[18:14:31]   LIMK1: FAILED (5s)
[18:14:36]     DiffDock stderr: Traceback (most recent call last):
  File "/opt/DiffDock/inference.py", line 28, in <module>
    import utils.utils
  File "/opt/DiffDock/utils/utils.py", line 17, in <module>
    from models.aa_model
[18:14:36]   ROCK1: FAILED (5s)
[18:14:36] [gpu0_start3261] 270/1085 mol_id=2033-incomp_0
[18:14:41]     DiffDock stderr: Traceback (most recent call last):
  File "/opt/DiffDock/inference.py", line 28, in <module>
    import utils.utils
  File "/opt/DiffDock/utils/utils.py", line 17, in <module>
    from models.aa_model
[18:14:41]   LIMK2: FAILED (5s)
[18:14:46]     DiffDock stderr: Traceback (most recent call last):
  File "/opt/DiffDock/inference.py", line 28, in <module>
    import utils.utils
  File "/opt/DiffDock/utils/utils.py", line 17, in <module>
    from models.aa_model
[18:14:46]   LIMK1: FAILED (5s)
[18:14:51]     DiffDock stderr: Traceback (most recent call last):
  File "/opt/DiffDock/inference.py", line 28, in <module>
    import utils.utils
  File "/opt/DiffDock/utils/utils.py", line 17, in <module>
    from models.aa_model
[18:14:51]   ROCK1: FAILED (5s)
[18:14:51] [gpu0_start3261] 271/1085 mol_id=2034-incomp_0
[18:14:56]     DiffDock stderr: Traceback (most recent call last):
  File "/opt/DiffDock/inference.py", line 28, in <module>
    import utils.utils
  File "/opt/DiffDock/utils/utils.py", line 17, in <module>
    from models.aa_model
[18:14:56]   LIMK2: FAILED (5s)
[18:15:01]     DiffDock stderr: Traceback (most recent call last):
  File "/opt/DiffDock/inference.py", line 28, in <module>
    import utils.utils
  File "/opt/DiffDock/utils/utils.py", line 17, in <module>
    from models.aa_model
[18:15:01]   LIMK1: FAILED (5s)
[18:15:06]     DiffDock stderr: Traceback (most recent call last):
  File "/opt/DiffDock/inference.py", line 28, in <module>
    import utils.utils
  File "/opt/DiffDock/utils/utils.py", line 17, in <module>
    from models.aa_model
[18:15:06]   ROCK1: FAILED (5s)
[18:15:06] [gpu0_start3261] 272/1085 mol_id=2036-incomp_0
[18:15:11]     DiffDock stderr: Traceback (most recent call last):
  File "/opt/DiffDock/inference.py", line 28, in <module>
    import utils.utils
  File "/opt/DiffDock/utils/utils.py", line 17, in <module>
    from models.aa_model
[18:15:11]   LIMK2: FAILED (5s)
[18:15:16]     DiffDock stderr: Traceback (most recent call last):
  File "/opt/DiffDock/inference.py", line 28, in <module>
    import utils.utils
  File "/opt/DiffDock/utils/utils.py", line 17, in <module>
    from models.aa_model
[18:15:16]   LIMK1: FAILED (5s)
[18:15:21]     DiffDock stderr: Traceback (most recent call last):
  File "/opt/DiffDock/inference.py", line 28, in <module>
    import utils.utils
  File "/opt/DiffDock/utils/utils.py", line 17, in <module>
    from models.aa_model
[18:15:21]   ROCK1: FAILED (5s)
[18:15:21] [gpu0_start3261] 273/1085 mol_id=2043-incomp_0
[18:15:26]     DiffDock stderr: Traceback (most recent call last):
  File "/opt/DiffDock/inference.py", line 28, in <module>
    import utils.utils
  File "/opt/DiffDock/utils/utils.py", line 17, in <module>
    from models.aa_model
[18:15:26]   LIMK2: FAILED (5s)
[18:15:31]     DiffDock stderr: Traceback (most recent call last):
  File "/opt/DiffDock/inference.py", line 28, in <module>
    import utils.utils
  File "/opt/DiffDock/utils/utils.py", line 17, in <module>
    from models.aa_model
[18:15:31]   LIMK1: FAILED (5s)
[18:15:36]     DiffDock stderr: Traceback (most recent call last):
  File "/opt/DiffDock/inference.py", line 28, in <module>
    import utils.utils
  File "/opt/DiffDock/utils/utils.py", line 17, in <module>
    from models.aa_model
[18:15:36]   ROCK1: FAILED (5s)
[18:15:36] [gpu0_start3261] 274/1085 mol_id=2045-incomp_0
[18:15:42]     DiffDock stderr: Traceback (most recent call last):
  File "/opt/DiffDock/inference.py", line 28, in <module>
    import utils.utils
  File "/opt/DiffDock/utils/utils.py", line 17, in <module>
    from models.aa_model
[18:15:42]   LIMK2: FAILED (5s)
[18:15:47]     DiffDock stderr: Traceback (most recent call last):
  File "/opt/DiffDock/inference.py", line 28, in <module>
    import utils.utils
  File "/opt/DiffDock/utils/utils.py", line 17, in <module>
    from models.aa_model
[18:15:47]   LIMK1: FAILED (5s)
[18:15:52]     DiffDock stderr: Traceback (most recent call last):
  File "/opt/DiffDock/inference.py", line 28, in <module>
    import utils.utils
  File "/opt/DiffDock/utils/utils.py", line 17, in <module>
    from models.aa_model
[18:15:52]   ROCK1: FAILED (5s)
[18:15:52] [gpu0_start3261] 275/1085 mol_id=2049_0
[18:15:57]     DiffDock stderr: Traceback (most recent call last):
  File "/opt/DiffDock/inference.py", line 28, in <module>
    import utils.utils
  File "/opt/DiffDock/utils/utils.py", line 17, in <module>
    from models.aa_model
[18:15:57]   LIMK2: FAILED (5s)
[18:16:02]     DiffDock stderr: Traceback (most recent call last):
  File "/opt/DiffDock/inference.py", line 28, in <module>
    import utils.utils
  File "/opt/DiffDock/utils/utils.py", line 17, in <module>
    from models.aa_model
[18:16:02]   LIMK1: FAILED (5s)
[18:16:07]     DiffDock stderr: Traceback (most recent call last):
  File "/opt/DiffDock/inference.py", line 28, in <module>
    import utils.utils
  File "/opt/DiffDock/utils/utils.py", line 17, in <module>
    from models.aa_model
[18:16:07]   ROCK1: FAILED (5s)
[18:16:07] [gpu0_start3261] 276/1085 mol_id=2050_0
[18:16:12]     DiffDock stderr: Traceback (most recent call last):
  File "/opt/DiffDock/inference.py", line 28, in <module>
    import utils.utils
  File "/opt/DiffDock/utils/utils.py", line 17, in <module>
    from models.aa_model
[18:16:12]   LIMK2: FAILED (5s)
[18:16:17]     DiffDock stderr: Traceback (most recent call last):
  File "/opt/DiffDock/inference.py", line 28, in <module>
    import utils.utils
  File "/opt/DiffDock/utils/utils.py", line 17, in <module>
    from models.aa_model
[18:16:17]   LIMK1: FAILED (5s)
[18:16:22]     DiffDock stderr: Traceback (most recent call last):
  File "/opt/DiffDock/inference.py", line 28, in <module>
    import utils.utils
  File "/opt/DiffDock/utils/utils.py", line 17, in <module>
    from models.aa_model
[18:16:22]   ROCK1: FAILED (5s)
[18:16:22] [gpu0_start3261] 277/1085 mol_id=2057_0
[18:16:27]     DiffDock stderr: Traceback (most recent call last):
  File "/opt/DiffDock/inference.py", line 28, in <module>
    import utils.utils
  File "/opt/DiffDock/utils/utils.py", line 17, in <module>
    from models.aa_model
[18:16:27]   LIMK2: FAILED (5s)
[18:16:31]     DiffDock stderr: Traceback (most recent call last):
  File "/opt/DiffDock/inference.py", line 28, in <module>
    import utils.utils
  File "/opt/DiffDock/utils/utils.py", line 17, in <module>
    from models.aa_model
[18:16:31]   LIMK1: FAILED (5s)
[18:16:36]     DiffDock stderr: Traceback (most recent call last):
  File "/opt/DiffDock/inference.py", line 28, in <module>
    import utils.utils
  File "/opt/DiffDock/utils/utils.py", line 17, in <module>
    from models.aa_model
[18:16:36]   ROCK1: FAILED (5s)
[18:16:36] [gpu0_start3261] 278/1085 mol_id=206-incomp_0
[18:16:41]     DiffDock stderr: Traceback (most recent call last):
  File "/opt/DiffDock/inference.py", line 28, in <module>
    import utils.utils
  File "/opt/DiffDock/utils/utils.py", line 17, in <module>
    from models.aa_model
[18:16:41]   LIMK2: FAILED (5s)
[18:16:46]     DiffDock stderr: Traceback (most recent call last):
  File "/opt/DiffDock/inference.py", line 28, in <module>
    import utils.utils
  File "/opt/DiffDock/utils/utils.py", line 17, in <module>
    from models.aa_model
[18:16:46]   LIMK1: FAILED (5s)
[18:16:51]     DiffDock stderr: Traceback (most recent call last):
  File "/opt/DiffDock/inference.py", line 28, in <module>
    import utils.utils
  File "/opt/DiffDock/utils/utils.py", line 17, in <module>
    from models.aa_model
[18:16:51]   ROCK1: FAILED (5s)
[18:16:51] [gpu0_start3261] 279/1085 mol_id=2066-incomp_0
[18:16:56]     DiffDock stderr: Traceback (most recent call last):
  File "/opt/DiffDock/inference.py", line 28, in <module>
    import utils.utils
  File "/opt/DiffDock/utils/utils.py", line 17, in <module>
    from models.aa_model
[18:16:56]   LIMK2: FAILED (5s)
[18:17:01]     DiffDock stderr: Traceback (most recent call last):
  File "/opt/DiffDock/inference.py", line 28, in <module>
    import utils.utils
  File "/opt/DiffDock/utils/utils.py", line 17, in <module>
    from models.aa_model
[18:17:01]   LIMK1: FAILED (5s)
[18:17:06]     DiffDock stderr: Traceback (most recent call last):
  File "/opt/DiffDock/inference.py", line 28, in <module>
    import utils.utils
  File "/opt/DiffDock/utils/utils.py", line 17, in <module>
    from models.aa_model
[18:17:06]   ROCK1: FAILED (5s)
[18:17:06] [gpu0_start3261] 280/1085 mol_id=207-incomp_0
[18:17:11]     DiffDock stderr: Traceback (most recent call last):
  File "/opt/DiffDock/inference.py", line 28, in <module>
    import utils.utils
  File "/opt/DiffDock/utils/utils.py", line 17, in <module>
    from models.aa_model
[18:17:11]   LIMK2: FAILED (5s)
[18:17:16]     DiffDock stderr: Traceback (most recent call last):
  File "/opt/DiffDock/inference.py", line 28, in <module>
    import utils.utils
  File "/opt/DiffDock/utils/utils.py", line 17, in <module>
    from models.aa_model
[18:17:16]   LIMK1: FAILED (5s)
[18:17:20]     DiffDock stderr: Traceback (most recent call last):
  File "/opt/DiffDock/inference.py", line 28, in <module>
    import utils.utils
  File "/opt/DiffDock/utils/utils.py", line 17, in <module>
    from models.aa_model
[18:17:20]   ROCK1: FAILED (5s)
[18:17:20] [gpu0_start3261] 281/1085 mol_id=2076-incomp_0
[18:17:26]     DiffDock stderr: Traceback (most recent call last):
  File "/opt/DiffDock/inference.py", line 28, in <module>
    import utils.utils
  File "/opt/DiffDock/utils/utils.py", line 17, in <module>
    from models.aa_model
[18:17:26]   LIMK2: FAILED (5s)
[18:17:31]     DiffDock stderr: Traceback (most recent call last):
  File "/opt/DiffDock/inference.py", line 28, in <module>
    import utils.utils
  File "/opt/DiffDock/utils/utils.py", line 17, in <module>
    from models.aa_model
[18:17:31]   LIMK1: FAILED (5s)
[18:17:36]     DiffDock stderr: Traceback (most recent call last):
  File "/opt/DiffDock/inference.py", line 28, in <module>
    import utils.utils
  File "/opt/DiffDock/utils/utils.py", line 17, in <module>
    from models.aa_model
[18:17:36]   ROCK1: FAILED (5s)
[18:17:36] [gpu0_start3261] 282/1085 mol_id=2079_0
[18:17:41]     DiffDock stderr: Traceback (most recent call last):
  File "/opt/DiffDock/inference.py", line 28, in <module>
    import utils.utils
  File "/opt/DiffDock/utils/utils.py", line 17, in <module>
    from models.aa_model
[18:17:41]   LIMK2: FAILED (5s)
[18:17:47]     DiffDock stderr: Traceback (most recent call last):
  File "/opt/DiffDock/inference.py", line 28, in <module>
    import utils.utils
  File "/opt/DiffDock/utils/utils.py", line 17, in <module>
    from models.aa_model
[18:17:47]   LIMK1: FAILED (5s)
[18:17:52]     DiffDock stderr: Traceback (most recent call last):
  File "/opt/DiffDock/inference.py", line 28, in <module>
    import utils.utils
  File "/opt/DiffDock/utils/utils.py", line 17, in <module>
    from models.aa_model
[18:17:52]   ROCK1: FAILED (5s)
[18:17:52] [gpu0_start3261] 283/1085 mol_id=2082-incomp_0
[18:17:57]     DiffDock stderr: Traceback (most recent call last):
  File "/opt/DiffDock/inference.py", line 28, in <module>
    import utils.utils
  File "/opt/DiffDock/utils/utils.py", line 17, in <module>
    from models.aa_model
[18:17:57]   LIMK2: FAILED (5s)
[18:18:02]     DiffDock stderr: Traceback (most recent call last):
  File "/opt/DiffDock/inference.py", line 28, in <module>
    import utils.utils
  File "/opt/DiffDock/utils/utils.py", line 17, in <module>
    from models.aa_model
[18:18:02]   LIMK1: FAILED (5s)
[18:18:08]     DiffDock stderr: Traceback (most recent call last):
  File "/opt/DiffDock/inference.py", line 28, in <module>
    import utils.utils
  File "/opt/DiffDock/utils/utils.py", line 17, in <module>
    from models.aa_model
[18:18:08]   ROCK1: FAILED (5s)
[18:18:08] [gpu0_start3261] 284/1085 mol_id=2084_0
[18:18:13]     DiffDock stderr: Traceback (most recent call last):
  File "/opt/DiffDock/inference.py", line 28, in <module>
    import utils.utils
  File "/opt/DiffDock/utils/utils.py", line 17, in <module>
    from models.aa_model
[18:18:13]   LIMK2: FAILED (5s)
[18:18:17]     DiffDock stderr: Traceback (most recent call last):
  File "/opt/DiffDock/inference.py", line 28, in <module>
    import utils.utils
  File "/opt/DiffDock/utils/utils.py", line 17, in <module>
    from models.aa_model
[18:18:17]   LIMK1: FAILED (5s)
[18:18:22]     DiffDock stderr: Traceback (most recent call last):
  File "/opt/DiffDock/inference.py", line 28, in <module>
    import utils.utils
  File "/opt/DiffDock/utils/utils.py", line 17, in <module>
    from models.aa_model
[18:18:22]   ROCK1: FAILED (5s)
[18:18:22] [gpu0_start3261] 285/1085 mol_id=2085_0
[18:18:27]     DiffDock stderr: Traceback (most recent call last):
  File "/opt/DiffDock/inference.py", line 28, in <module>
    import utils.utils
  File "/opt/DiffDock/utils/utils.py", line 17, in <module>
    from models.aa_model
[18:18:27]   LIMK2: FAILED (5s)
[18:18:32]     DiffDock stderr: Traceback (most recent call last):
  File "/opt/DiffDock/inference.py", line 28, in <module>
    import utils.utils
  File "/opt/DiffDock/utils/utils.py", line 17, in <module>
    from models.aa_model
[18:18:32]   LIMK1: FAILED (5s)
[18:18:37]     DiffDock stderr: Traceback (most recent call last):
  File "/opt/DiffDock/inference.py", line 28, in <module>
    import utils.utils
  File "/opt/DiffDock/utils/utils.py", line 17, in <module>
    from models.aa_model
[18:18:37]   ROCK1: FAILED (5s)
[18:18:37] [gpu0_start3261] 286/1085 mol_id=2093-incomp_0
[18:18:42]     DiffDock stderr: Traceback (most recent call last):
  File "/opt/DiffDock/inference.py", line 28, in <module>
    import utils.utils
  File "/opt/DiffDock/utils/utils.py", line 17, in <module>
    from models.aa_model
[18:18:42]   LIMK2: FAILED (5s)
[18:18:47]     DiffDock stderr: Traceback (most recent call last):
  File "/opt/DiffDock/inference.py", line 28, in <module>
    import utils.utils
  File "/opt/DiffDock/utils/utils.py", line 17, in <module>
    from models.aa_model
[18:18:47]   LIMK1: FAILED (5s)
[18:18:52]     DiffDock stderr: Traceback (most recent call last):
  File "/opt/DiffDock/inference.py", line 28, in <module>
    import utils.utils
  File "/opt/DiffDock/utils/utils.py", line 17, in <module>
    from models.aa_model
[18:18:52]   ROCK1: FAILED (5s)
[18:18:52] [gpu0_start3261] 287/1085 mol_id=2101_0
[18:18:57]     DiffDock stderr: Traceback (most recent call last):
  File "/opt/DiffDock/inference.py", line 28, in <module>
    import utils.utils
  File "/opt/DiffDock/utils/utils.py", line 17, in <module>
    from models.aa_model
[18:18:57]   LIMK2: FAILED (5s)
[18:19:01]     DiffDock stderr: Traceback (most recent call last):
  File "/opt/DiffDock/inference.py", line 28, in <module>
    import utils.utils
  File "/opt/DiffDock/utils/utils.py", line 17, in <module>
    from models.aa_model
[18:19:01]   LIMK1: FAILED (5s)
[18:19:06]     DiffDock stderr: Traceback (most recent call last):
  File "/opt/DiffDock/inference.py", line 28, in <module>
    import utils.utils
  File "/opt/DiffDock/utils/utils.py", line 17, in <module>
    from models.aa_model
[18:19:06]   ROCK1: FAILED (5s)
[18:19:06] [gpu0_start3261] 288/1085 mol_id=2103-incomp_0
[18:19:11]     DiffDock stderr: Traceback (most recent call last):
  File "/opt/DiffDock/inference.py", line 28, in <module>
    import utils.utils
  File "/opt/DiffDock/utils/utils.py", line 17, in <module>
    from models.aa_model
[18:19:11]   LIMK2: FAILED (5s)
[18:19:16]     DiffDock stderr: Traceback (most recent call last):
  File "/opt/DiffDock/inference.py", line 28, in <module>
    import utils.utils
  File "/opt/DiffDock/utils/utils.py", line 17, in <module>
    from models.aa_model
[18:19:16]   LIMK1: FAILED (5s)
[18:19:21]     DiffDock stderr: Traceback (most recent call last):
  File "/opt/DiffDock/inference.py", line 28, in <module>
    import utils.utils
  File "/opt/DiffDock/utils/utils.py", line 17, in <module>
    from models.aa_model
[18:19:21]   ROCK1: FAILED (5s)
[18:19:21] [gpu0_start3261] 289/1085 mol_id=2104-incomp_0
[18:19:26]     DiffDock stderr: Traceback (most recent call last):
  File "/opt/DiffDock/inference.py", line 28, in <module>
    import utils.utils
  File "/opt/DiffDock/utils/utils.py", line 17, in <module>
    from models.aa_model
[18:19:26]   LIMK2: FAILED (5s)
[18:19:31]     DiffDock stderr: Traceback (most recent call last):
  File "/opt/DiffDock/inference.py", line 28, in <module>
    import utils.utils
  File "/opt/DiffDock/utils/utils.py", line 17, in <module>
    from models.aa_model
[18:19:31]   LIMK1: FAILED (5s)
[18:19:36]     DiffDock stderr: Traceback (most recent call last):
  File "/opt/DiffDock/inference.py", line 28, in <module>
    import utils.utils
  File "/opt/DiffDock/utils/utils.py", line 17, in <module>
    from models.aa_model
[18:19:36]   ROCK1: FAILED (5s)
[18:19:36] [gpu0_start3261] 290/1085 mol_id=2105-incomp_0
[18:19:41]     DiffDock stderr: Traceback (most recent call last):
  File "/opt/DiffDock/inference.py", line 28, in <module>
    import utils.utils
  File "/opt/DiffDock/utils/utils.py", line 17, in <module>
    from models.aa_model
[18:19:41]   LIMK2: FAILED (5s)
[18:19:45]     DiffDock stderr: Traceback (most recent call last):
  File "/opt/DiffDock/inference.py", line 28, in <module>
    import utils.utils
  File "/opt/DiffDock/utils/utils.py", line 17, in <module>
    from models.aa_model
[18:19:45]   LIMK1: FAILED (5s)
[18:19:50]     DiffDock stderr: Traceback (most recent call last):
  File "/opt/DiffDock/inference.py", line 28, in <module>
    import utils.utils
  File "/opt/DiffDock/utils/utils.py", line 17, in <module>
    from models.aa_model
[18:19:50]   ROCK1: FAILED (5s)
[18:19:50] [gpu0_start3261] 291/1085 mol_id=2111-incomp_0
[18:19:55]     DiffDock stderr: Traceback (most recent call last):
  File "/opt/DiffDock/inference.py", line 28, in <module>
    import utils.utils
  File "/opt/DiffDock/utils/utils.py", line 17, in <module>
    from models.aa_model
[18:19:55]   LIMK2: FAILED (5s)
[18:20:00]     DiffDock stderr: Traceback (most recent call last):
  File "/opt/DiffDock/inference.py", line 28, in <module>
    import utils.utils
  File "/opt/DiffDock/utils/utils.py", line 17, in <module>
    from models.aa_model
[18:20:00]   LIMK1: FAILED (5s)
[18:20:05]     DiffDock stderr: Traceback (most recent call last):
  File "/opt/DiffDock/inference.py", line 28, in <module>
    import utils.utils
  File "/opt/DiffDock/utils/utils.py", line 17, in <module>
    from models.aa_model
[18:20:05]   ROCK1: FAILED (5s)
[18:20:05] [gpu0_start3261] 292/1085 mol_id=2127_0
[18:20:10]     DiffDock stderr: Traceback (most recent call last):
  File "/opt/DiffDock/inference.py", line 28, in <module>
    import utils.utils
  File "/opt/DiffDock/utils/utils.py", line 17, in <module>
    from models.aa_model
[18:20:10]   LIMK2: FAILED (5s)
[18:20:15]     DiffDock stderr: Traceback (most recent call last):
  File "/opt/DiffDock/inference.py", line 28, in <module>
    import utils.utils
  File "/opt/DiffDock/utils/utils.py", line 17, in <module>
    from models.aa_model
[18:20:15]   LIMK1: FAILED (5s)
[18:20:20]     DiffDock stderr: Traceback (most recent call last):
  File "/opt/DiffDock/inference.py", line 28, in <module>
    import utils.utils
  File "/opt/DiffDock/utils/utils.py", line 17, in <module>
    from models.aa_model
[18:20:20]   ROCK1: FAILED (5s)
[18:20:20] [gpu0_start3261] 293/1085 mol_id=2129-incomp_0
[18:20:25]     DiffDock stderr: Traceback (most recent call last):
  File "/opt/DiffDock/inference.py", line 28, in <module>
    import utils.utils
  File "/opt/DiffDock/utils/utils.py", line 17, in <module>
    from models.aa_model
[18:20:25]   LIMK2: FAILED (5s)
[18:20:30]     DiffDock stderr: Traceback (most recent call last):
  File "/opt/DiffDock/inference.py", line 28, in <module>
    import utils.utils
  File "/opt/DiffDock/utils/utils.py", line 17, in <module>
    from models.aa_model
[18:20:30]   LIMK1: FAILED (5s)
[18:20:34]     DiffDock stderr: Traceback (most recent call last):
  File "/opt/DiffDock/inference.py", line 28, in <module>
    import utils.utils
  File "/opt/DiffDock/utils/utils.py", line 17, in <module>
    from models.aa_model
[18:20:34]   ROCK1: FAILED (5s)
[18:20:34] [gpu0_start3261] 294/1085 mol_id=2133-incomp_0
[18:20:39]     DiffDock stderr: Traceback (most recent call last):
  File "/opt/DiffDock/inference.py", line 28, in <module>
    import utils.utils
  File "/opt/DiffDock/utils/utils.py", line 17, in <module>
    from models.aa_model
[18:20:39]   LIMK2: FAILED (5s)
[18:20:44]     DiffDock stderr: Traceback (most recent call last):
  File "/opt/DiffDock/inference.py", line 28, in <module>
    import utils.utils
  File "/opt/DiffDock/utils/utils.py", line 17, in <module>
    from models.aa_model
[18:20:44]   LIMK1: FAILED (5s)
[18:20:49]     DiffDock stderr: Traceback (most recent call last):
  File "/opt/DiffDock/inference.py", line 28, in <module>
    import utils.utils
  File "/opt/DiffDock/utils/utils.py", line 17, in <module>
    from models.aa_model
[18:20:49]   ROCK1: FAILED (5s)
[18:20:49] [gpu0_start3261] 295/1085 mol_id=2135-incomp_0
[18:20:54]     DiffDock stderr: Traceback (most recent call last):
  File "/opt/DiffDock/inference.py", line 28, in <module>
    import utils.utils
  File "/opt/DiffDock/utils/utils.py", line 17, in <module>
    from models.aa_model
[18:20:54]   LIMK2: FAILED (5s)
[18:20:59]     DiffDock stderr: Traceback (most recent call last):
  File "/opt/DiffDock/inference.py", line 28, in <module>
    import utils.utils
  File "/opt/DiffDock/utils/utils.py", line 17, in <module>
    from models.aa_model
[18:20:59]   LIMK1: FAILED (5s)
[18:21:03] ============================================================
[18:21:03] DiffDock Selectivity Batch
[18:21:03] Input: /data/safety_pass.smi
[18:21:03] Chunk: start=3261 size=1087
[18:21:03] GPU: 0
[18:21:03] Targets: LIMK2 (4TPT), LIMK1 (3S95), ROCK1 (2ESM)
[18:21:03] N_samples: 10, Threshold: 0.3
[18:21:03] ============================================================
[18:21:03] 
[WARMUP] Verifying DiffDock inference.py ...
[18:21:03] [WARMUP] OK
[18:21:03] 
Loading molecules from /data/safety_pass.smi ...
[18:21:03] Total molecules in file: 4346
[18:21:03] This chunk: indices 3261-4345 = 1085 molecules
[18:21:03] 
Starting docking ... 1085 mols × 3 targets = 3255 jobs
[18:21:03] Target ready: LIMK2 (4TPT)
[18:21:03] Target ready: LIMK1 (3S95)
[18:21:03] Target ready: ROCK1 (2ESM)
[18:21:03] Resumed from checkpoint: 294 already done
[18:21:03] [gpu0_start3261] 295/1085 mol_id=2135-incomp_0
[18:21:08]     DiffDock stderr: Traceback (most recent call last):
  File "/opt/DiffDock/inference.py", line 28, in <module>
    import utils.utils
  File "/opt/DiffDock/utils/utils.py", line 17, in <module>
    from models.aa_model
[18:21:08]   LIMK2: FAILED (5s)
[18:21:13]     DiffDock stderr: Traceback (most recent call last):
  File "/opt/DiffDock/inference.py", line 28, in <module>
    import utils.utils
  File "/opt/DiffDock/utils/utils.py", line 17, in <module>
    from models.aa_model
[18:21:13]   LIMK1: FAILED (5s)
[18:21:18]     DiffDock stderr: Traceback (most recent call last):
  File "/opt/DiffDock/inference.py", line 28, in <module>
    import utils.utils
  File "/opt/DiffDock/utils/utils.py", line 17, in <module>
    from models.aa_model
[18:21:18]   ROCK1: FAILED (5s)
[18:21:18] [gpu0_start3261] 296/1085 mol_id=2138_0
[18:21:23]     DiffDock stderr: Traceback (most recent call last):
  File "/opt/DiffDock/inference.py", line 28, in <module>
    import utils.utils
  File "/opt/DiffDock/utils/utils.py", line 17, in <module>
    from models.aa_model
[18:21:23]   LIMK2: FAILED (5s)
[18:21:28]     DiffDock stderr: Traceback (most recent call last):
  File "/opt/DiffDock/inference.py", line 28, in <module>
    import utils.utils
  File "/opt/DiffDock/utils/utils.py", line 17, in <module>
    from models.aa_model
[18:21:28]   LIMK1: FAILED (5s)
[18:21:33]     DiffDock stderr: Traceback (most recent call last):
  File "/opt/DiffDock/inference.py", line 28, in <module>
    import utils.utils
  File "/opt/DiffDock/utils/utils.py", line 17, in <module>
    from models.aa_model
[18:21:33]   ROCK1: FAILED (5s)
[18:21:33] [gpu0_start3261] 297/1085 mol_id=214_0
[18:21:38]     DiffDock stderr: Traceback (most recent call last):
  File "/opt/DiffDock/inference.py", line 28, in <module>
    import utils.utils
  File "/opt/DiffDock/utils/utils.py", line 17, in <module>
    from models.aa_model
[18:21:38]   LIMK2: FAILED (5s)
[18:21:43]     DiffDock stderr: Traceback (most recent call last):
  File "/opt/DiffDock/inference.py", line 28, in <module>
    import utils.utils
  File "/opt/DiffDock/utils/utils.py", line 17, in <module>
    from models.aa_model
[18:21:43]   LIMK1: FAILED (5s)
[18:21:48]     DiffDock stderr: Traceback (most recent call last):
  File "/opt/DiffDock/inference.py", line 28, in <module>
    import utils.utils
  File "/opt/DiffDock/utils/utils.py", line 17, in <module>
    from models.aa_model
[18:21:48]   ROCK1: FAILED (5s)
[18:21:48] [gpu0_start3261] 298/1085 mol_id=2143_0
[18:21:53]     DiffDock stderr: Traceback (most recent call last):
  File "/opt/DiffDock/inference.py", line 28, in <module>
    import utils.utils
  File "/opt/DiffDock/utils/utils.py", line 17, in <module>
    from models.aa_model
[18:21:53]   LIMK2: FAILED (5s)
[18:21:58]     DiffDock stderr: Traceback (most recent call last):
  File "/opt/DiffDock/inference.py", line 28, in <module>
    import utils.utils
  File "/opt/DiffDock/utils/utils.py", line 17, in <module>
    from models.aa_model
[18:21:58]   LIMK1: FAILED (5s)
[18:22:03]     DiffDock stderr: Traceback (most recent call last):
  File "/opt/DiffDock/inference.py", line 28, in <module>
    import utils.utils
  File "/opt/DiffDock/utils/utils.py", line 17, in <module>
    from models.aa_model
[18:22:03]   ROCK1: FAILED (5s)
[18:22:03] [gpu0_start3261] 299/1085 mol_id=215_0
[18:22:08]     DiffDock stderr: Traceback (most recent call last):
  File "/opt/DiffDock/inference.py", line 28, in <module>
    import utils.utils
  File "/opt/DiffDock/utils/utils.py", line 17, in <module>
    from models.aa_model
[18:22:08]   LIMK2: FAILED (5s)
[18:22:13]     DiffDock stderr: Traceback (most recent call last):
  File "/opt/DiffDock/inference.py", line 28, in <module>
    import utils.utils
  File "/opt/DiffDock/utils/utils.py", line 17, in <module>
    from models.aa_model
[18:22:13]   LIMK1: FAILED (5s)
[18:22:18]     DiffDock stderr: Traceback (most recent call last):
  File "/opt/DiffDock/inference.py", line 28, in <module>
    import utils.utils
  File "/opt/DiffDock/utils/utils.py", line 17, in <module>
    from models.aa_model
[18:22:18]   ROCK1: FAILED (5s)
[18:22:18] [gpu0_start3261] 300/1085 mol_id=2151_0
[18:22:23]     DiffDock stderr: Traceback (most recent call last):
  File "/opt/DiffDock/inference.py", line 28, in <module>
    import utils.utils
  File "/opt/DiffDock/utils/utils.py", line 17, in <module>
    from models.aa_model
[18:22:23]   LIMK2: FAILED (5s)
[18:22:28]     DiffDock stderr: Traceback (most recent call last):
  File "/opt/DiffDock/inference.py", line 28, in <module>
    import utils.utils
  File "/opt/DiffDock/utils/utils.py", line 17, in <module>
    from models.aa_model
[18:22:28]   LIMK1: FAILED (5s)
[18:22:33]     DiffDock stderr: Traceback (most recent call last):
  File "/opt/DiffDock/inference.py", line 28, in <module>
    import utils.utils
  File "/opt/DiffDock/utils/utils.py", line 17, in <module>
    from models.aa_model
[18:22:33]   ROCK1: FAILED (5s)
[18:22:33] Progress: 300/1085 done, 0 selective so far
[18:22:33] [gpu0_start3261] 301/1085 mol_id=2154-incomp_0
[18:22:38]     DiffDock stderr: Traceback (most recent call last):
  File "/opt/DiffDock/inference.py", line 28, in <module>
    import utils.utils
  File "/opt/DiffDock/utils/utils.py", line 17, in <module>
    from models.aa_model
[18:22:38]   LIMK2: FAILED (5s)
[18:22:43]     DiffDock stderr: Traceback (most recent call last):
  File "/opt/DiffDock/inference.py", line 28, in <module>
    import utils.utils
  File "/opt/DiffDock/utils/utils.py", line 17, in <module>
    from models.aa_model
[18:22:43]   LIMK1: FAILED (5s)
[18:22:48]     DiffDock stderr: Traceback (most recent call last):
  File "/opt/DiffDock/inference.py", line 28, in <module>
    import utils.utils
  File "/opt/DiffDock/utils/utils.py", line 17, in <module>
    from models.aa_model
[18:22:48]   ROCK1: FAILED (5s)
[18:22:48] [gpu0_start3261] 302/1085 mol_id=2162-incomp_0
[18:22:53]     DiffDock stderr: Traceback (most recent call last):
  File "/opt/DiffDock/inference.py", line 28, in <module>
    import utils.utils
  File "/opt/DiffDock/utils/utils.py", line 17, in <module>
    from models.aa_model
[18:22:53]   LIMK2: FAILED (5s)
[18:22:57]     DiffDock stderr: Traceback (most recent call last):
  File "/opt/DiffDock/inference.py", line 28, in <module>
    import utils.utils
  File "/opt/DiffDock/utils/utils.py", line 17, in <module>
    from models.aa_model
[18:22:57]   LIMK1: FAILED (5s)
[18:23:02]     DiffDock stderr: Traceback (most recent call last):
  File "/opt/DiffDock/inference.py", line 28, in <module>
    import utils.utils
  File "/opt/DiffDock/utils/utils.py", line 17, in <module>
    from models.aa_model
[18:23:02]   ROCK1: FAILED (5s)
[18:23:02] [gpu0_start3261] 303/1085 mol_id=2169_0
[18:23:07]     DiffDock stderr: Traceback (most recent call last):
  File "/opt/DiffDock/inference.py", line 28, in <module>
    import utils.utils
  File "/opt/DiffDock/utils/utils.py", line 17, in <module>
    from models.aa_model
[18:23:07]   LIMK2: FAILED (5s)
[18:23:12]     DiffDock stderr: Traceback (most recent call last):
  File "/opt/DiffDock/inference.py", line 28, in <module>
    import utils.utils
  File "/opt/DiffDock/utils/utils.py", line 17, in <module>
    from models.aa_model
[18:23:12]   LIMK1: FAILED (5s)
[18:23:17]     DiffDock stderr: Traceback (most recent call last):
  File "/opt/DiffDock/inference.py", line 28, in <module>
    import utils.utils
  File "/opt/DiffDock/utils/utils.py", line 17, in <module>
    from models.aa_model
[18:23:17]   ROCK1: FAILED (5s)
[18:23:17] [gpu0_start3261] 304/1085 mol_id=2175_0
[18:23:22]     DiffDock stderr: Traceback (most recent call last):
  File "/opt/DiffDock/inference.py", line 28, in <module>
    import utils.utils
  File "/opt/DiffDock/utils/utils.py", line 17, in <module>
    from models.aa_model
[18:23:22]   LIMK2: FAILED (5s)
[18:23:27]     DiffDock stderr: Traceback (most recent call last):
  File "/opt/DiffDock/inference.py", line 28, in <module>
    import utils.utils
  File "/opt/DiffDock/utils/utils.py", line 17, in <module>
    from models.aa_model
[18:23:27]   LIMK1: FAILED (5s)
[18:23:32]     DiffDock stderr: Traceback (most recent call last):
  File "/opt/DiffDock/inference.py", line 28, in <module>
    import utils.utils
  File "/opt/DiffDock/utils/utils.py", line 17, in <module>
    from models.aa_model
[18:23:32]   ROCK1: FAILED (5s)
[18:23:32] [gpu0_start3261] 305/1085 mol_id=2183_0
[18:23:37]     DiffDock stderr: Traceback (most recent call last):
  File "/opt/DiffDock/inference.py", line 28, in <module>
    import utils.utils
  File "/opt/DiffDock/utils/utils.py", line 17, in <module>
    from models.aa_model
[18:23:37]   LIMK2: FAILED (5s)
[18:23:42]     DiffDock stderr: Traceback (most recent call last):
  File "/opt/DiffDock/inference.py", line 28, in <module>
    import utils.utils
  File "/opt/DiffDock/utils/utils.py", line 17, in <module>
    from models.aa_model
[18:23:42]   LIMK1: FAILED (5s)
[18:23:46]     DiffDock stderr: Traceback (most recent call last):
  File "/opt/DiffDock/inference.py", line 28, in <module>
    import utils.utils
  File "/opt/DiffDock/utils/utils.py", line 17, in <module>
    from models.aa_model
[18:23:46]   ROCK1: FAILED (5s)
[18:23:46] [gpu0_start3261] 306/1085 mol_id=2186-incomp_0
[18:23:51]     DiffDock stderr: Traceback (most recent call last):
  File "/opt/DiffDock/inference.py", line 28, in <module>
    import utils.utils
  File "/opt/DiffDock/utils/utils.py", line 17, in <module>
    from models.aa_model
[18:23:51]   LIMK2: FAILED (5s)
[18:23:56]     DiffDock stderr: Traceback (most recent call last):
  File "/opt/DiffDock/inference.py", line 28, in <module>
    import utils.utils
  File "/opt/DiffDock/utils/utils.py", line 17, in <module>
    from models.aa_model
[18:23:56]   LIMK1: FAILED (5s)
[18:24:01]     DiffDock stderr: Traceback (most recent call last):
  File "/opt/DiffDock/inference.py", line 28, in <module>
    import utils.utils
  File "/opt/DiffDock/utils/utils.py", line 17, in <module>
    from models.aa_model
[18:24:01]   ROCK1: FAILED (5s)
[18:24:01] [gpu0_start3261] 307/1085 mol_id=219-incomp_0
[18:24:06]     DiffDock stderr: Traceback (most recent call last):
  File "/opt/DiffDock/inference.py", line 28, in <module>
    import utils.utils
  File "/opt/DiffDock/utils/utils.py", line 17, in <module>
    from models.aa_model
[18:24:06]   LIMK2: FAILED (5s)
[18:24:11]     DiffDock stderr: Traceback (most recent call last):
  File "/opt/DiffDock/inference.py", line 28, in <module>
    import utils.utils
  File "/opt/DiffDock/utils/utils.py", line 17, in <module>
    from models.aa_model
[18:24:11]   LIMK1: FAILED (5s)
[18:24:17]     DiffDock stderr: Traceback (most recent call last):
  File "/opt/DiffDock/inference.py", line 28, in <module>
    import utils.utils
  File "/opt/DiffDock/utils/utils.py", line 17, in <module>
    from models.aa_model
[18:24:17]   ROCK1: FAILED (5s)
[18:24:17] [gpu0_start3261] 308/1085 mol_id=2198_0
[18:24:22]     DiffDock stderr: Traceback (most recent call last):
  File "/opt/DiffDock/inference.py", line 28, in <module>
    import utils.utils
  File "/opt/DiffDock/utils/utils.py", line 17, in <module>
    from models.aa_model
[18:24:22]   LIMK2: FAILED (5s)
[18:24:27]     DiffDock stderr: Traceback (most recent call last):
  File "/opt/DiffDock/inference.py", line 28, in <module>
    import utils.utils
  File "/opt/DiffDock/utils/utils.py", line 17, in <module>
    from models.aa_model
[18:24:27]   LIMK1: FAILED (5s)
[18:24:32]     DiffDock stderr: Traceback (most recent call last):
  File "/opt/DiffDock/inference.py", line 28, in <module>
    import utils.utils
  File "/opt/DiffDock/utils/utils.py", line 17, in <module>
    from models.aa_model
[18:24:32]   ROCK1: FAILED (5s)
[18:24:32] [gpu0_start3261] 309/1085 mol_id=2215_0
[18:24:37]     DiffDock stderr: Traceback (most recent call last):
  File "/opt/DiffDock/inference.py", line 28, in <module>
    import utils.utils
  File "/opt/DiffDock/utils/utils.py", line 17, in <module>
    from models.aa_model
[18:24:37]   LIMK2: FAILED (5s)
[18:24:42]     DiffDock stderr: Traceback (most recent call last):
  File "/opt/DiffDock/inference.py", line 28, in <module>
    import utils.utils
  File "/opt/DiffDock/utils/utils.py", line 17, in <module>
    from models.aa_model
[18:24:42]   LIMK1: FAILED (5s)
[18:24:48]     DiffDock stderr: Traceback (most recent call last):
  File "/opt/DiffDock/inference.py", line 28, in <module>
    import utils.utils
  File "/opt/DiffDock/utils/utils.py", line 17, in <module>
    from models.aa_model
[18:24:48]   ROCK1: FAILED (5s)
[18:24:48] [gpu0_start3261] 310/1085 mol_id=2217_0
[18:24:53]     DiffDock stderr: Traceback (most recent call last):
  File "/opt/DiffDock/inference.py", line 28, in <module>
    import utils.utils
  File "/opt/DiffDock/utils/utils.py", line 17, in <module>
    from models.aa_model
[18:24:53]   LIMK2: FAILED (5s)
[18:24:58]     DiffDock stderr: Traceback (most recent call last):
  File "/opt/DiffDock/inference.py", line 28, in <module>
    import utils.utils
  File "/opt/DiffDock/utils/utils.py", line 17, in <module>
    from models.aa_model
[18:24:58]   LIMK1: FAILED (5s)
[18:25:03]     DiffDock stderr: Traceback (most recent call last):
  File "/opt/DiffDock/inference.py", line 28, in <module>
    import utils.utils
  File "/opt/DiffDock/utils/utils.py", line 17, in <module>
    from models.aa_model
[18:25:03]   ROCK1: FAILED (5s)
[18:25:03] [gpu0_start3261] 311/1085 mol_id=2230_0
[18:25:08]     DiffDock stderr: Traceback (most recent call last):
  File "/opt/DiffDock/inference.py", line 28, in <module>
    import utils.utils
  File "/opt/DiffDock/utils/utils.py", line 17, in <module>
    from models.aa_model
[18:25:08]   LIMK2: FAILED (5s)
[18:25:13]     DiffDock stderr: Traceback (most recent call last):
  File "/opt/DiffDock/inference.py", line 28, in <module>
    import utils.utils
  File "/opt/DiffDock/utils/utils.py", line 17, in <module>
    from models.aa_model
[18:25:13]   LIMK1: FAILED (5s)
[18:25:19]     DiffDock stderr: Traceback (most recent call last):
  File "/opt/DiffDock/inference.py", line 28, in <module>
    import utils.utils
  File "/opt/DiffDock/utils/utils.py", line 17, in <module>
    from models.aa_model
[18:25:19]   ROCK1: FAILED (5s)
[18:25:19] [gpu0_start3261] 312/1085 mol_id=2232_0
[18:25:24]     DiffDock stderr: Traceback (most recent call last):
  File "/opt/DiffDock/inference.py", line 28, in <module>
    import utils.utils
  File "/opt/DiffDock/utils/utils.py", line 17, in <module>
    from models.aa_model
[18:25:24]   LIMK2: FAILED (5s)
[18:25:29]     DiffDock stderr: Traceback (most recent call last):
  File "/opt/DiffDock/inference.py", line 28, in <module>
    import utils.utils
  File "/opt/DiffDock/utils/utils.py", line 17, in <module>
    from models.aa_model
[18:25:29]   LIMK1: FAILED (5s)
[18:25:34]     DiffDock stderr: Traceback (most recent call last):
  File "/opt/DiffDock/inference.py", line 28, in <module>
    import utils.utils
  File "/opt/DiffDock/utils/utils.py", line 17, in <module>
    from models.aa_model
[18:25:34]   ROCK1: FAILED (5s)
[18:25:34] [gpu0_start3261] 313/1085 mol_id=2237-incomp_0
[18:25:39]     DiffDock stderr: Traceback (most recent call last):
  File "/opt/DiffDock/inference.py", line 28, in <module>
    import utils.utils
  File "/opt/DiffDock/utils/utils.py", line 17, in <module>
    from models.aa_model
[18:25:39]   LIMK2: FAILED (5s)
[18:25:44]     DiffDock stderr: Traceback (most recent call last):
  File "/opt/DiffDock/inference.py", line 28, in <module>
    import utils.utils
  File "/opt/DiffDock/utils/utils.py", line 17, in <module>
    from models.aa_model
[18:25:44]   LIMK1: FAILED (5s)
[18:25:49]     DiffDock stderr: Traceback (most recent call last):
  File "/opt/DiffDock/inference.py", line 28, in <module>
    import utils.utils
  File "/opt/DiffDock/utils/utils.py", line 17, in <module>
    from models.aa_model
[18:25:49]   ROCK1: FAILED (5s)
[18:25:49] [gpu0_start3261] 314/1085 mol_id=2242-incomp_0
[18:25:54]     DiffDock stderr: Traceback (most recent call last):
  File "/opt/DiffDock/inference.py", line 28, in <module>
    import utils.utils
  File "/opt/DiffDock/utils/utils.py", line 17, in <module>
    from models.aa_model
[18:25:54]   LIMK2: FAILED (5s)
[18:25:59]     DiffDock stderr: Traceback (most recent call last):
  File "/opt/DiffDock/inference.py", line 28, in <module>
    import utils.utils
  File "/opt/DiffDock/utils/utils.py", line 17, in <module>
    from models.aa_model
[18:25:59]   LIMK1: FAILED (5s)
[18:26:04]     DiffDock stderr: Traceback (most recent call last):
  File "/opt/DiffDock/inference.py", line 28, in <module>
    import utils.utils
  File "/opt/DiffDock/utils/utils.py", line 17, in <module>
    from models.aa_model
[18:26:04]   ROCK1: FAILED (5s)
[18:26:04] [gpu0_start3261] 315/1085 mol_id=2247-incomp_0
[18:26:09]     DiffDock stderr: Traceback (most recent call last):
  File "/opt/DiffDock/inference.py", line 28, in <module>
    import utils.utils
  File "/opt/DiffDock/utils/utils.py", line 17, in <module>
    from models.aa_model
[18:26:09]   LIMK2: FAILED (5s)
[18:26:14]     DiffDock stderr: Traceback (most recent call last):
  File "/opt/DiffDock/inference.py", line 28, in <module>
    import utils.utils
  File "/opt/DiffDock/utils/utils.py", line 17, in <module>
    from models.aa_model
[18:26:14]   LIMK1: FAILED (5s)
[18:26:19]     DiffDock stderr: Traceback (most recent call last):
  File "/opt/DiffDock/inference.py", line 28, in <module>
    import utils.utils
  File "/opt/DiffDock/utils/utils.py", line 17, in <module>
    from models.aa_model
[18:26:19]   ROCK1: FAILED (5s)
[18:26:19] [gpu0_start3261] 316/1085 mol_id=225_0
[18:26:24]     DiffDock stderr: Traceback (most recent call last):
  File "/opt/DiffDock/inference.py", line 28, in <module>
    import utils.utils
  File "/opt/DiffDock/utils/utils.py", line 17, in <module>
    from models.aa_model
[18:26:24]   LIMK2: FAILED (5s)
[18:26:29]     DiffDock stderr: Traceback (most recent call last):
  File "/opt/DiffDock/inference.py", line 28, in <module>
    import utils.utils
  File "/opt/DiffDock/utils/utils.py", line 17, in <module>
    from models.aa_model
[18:26:29]   LIMK1: FAILED (5s)
[18:26:34]     DiffDock stderr: Traceback (most recent call last):
  File "/opt/DiffDock/inference.py", line 28, in <module>
    import utils.utils
  File "/opt/DiffDock/utils/utils.py", line 17, in <module>
    from models.aa_model
[18:26:34]   ROCK1: FAILED (5s)
[18:26:34] [gpu0_start3261] 317/1085 mol_id=2252_0
[18:26:39]     DiffDock stderr: Traceback (most recent call last):
  File "/opt/DiffDock/inference.py", line 28, in <module>
    import utils.utils
  File "/opt/DiffDock/utils/utils.py", line 17, in <module>
    from models.aa_model
[18:26:39]   LIMK2: FAILED (5s)
[18:26:44]     DiffDock stderr: Traceback (most recent call last):
  File "/opt/DiffDock/inference.py", line 28, in <module>
    import utils.utils
  File "/opt/DiffDock/utils/utils.py", line 17, in <module>
    from models.aa_model
[18:26:44]   LIMK1: FAILED (5s)
[18:26:48]     DiffDock stderr: Traceback (most recent call last):
  File "/opt/DiffDock/inference.py", line 28, in <module>
    import utils.utils
  File "/opt/DiffDock/utils/utils.py", line 17, in <module>
    from models.aa_model
[18:26:48]   ROCK1: FAILED (5s)
[18:26:48] [gpu0_start3261] 318/1085 mol_id=2253-incomp_0
[18:26:53]     DiffDock stderr: Traceback (most recent call last):
  File "/opt/DiffDock/inference.py", line 28, in <module>
    import utils.utils
  File "/opt/DiffDock/utils/utils.py", line 17, in <module>
    from models.aa_model
[18:26:53]   LIMK2: FAILED (5s)
[18:26:58]     DiffDock stderr: Traceback (most recent call last):
  File "/opt/DiffDock/inference.py", line 28, in <module>
    import utils.utils
  File "/opt/DiffDock/utils/utils.py", line 17, in <module>
    from models.aa_model
[18:26:58]   LIMK1: FAILED (5s)
[18:27:03]     DiffDock stderr: Traceback (most recent call last):
  File "/opt/DiffDock/inference.py", line 28, in <module>
    import utils.utils
  File "/opt/DiffDock/utils/utils.py", line 17, in <module>
    from models.aa_model
[18:27:03]   ROCK1: FAILED (5s)
[18:27:03] [gpu0_start3261] 319/1085 mol_id=2254-incomp_0
[18:27:08]     DiffDock stderr: Traceback (most recent call last):
  File "/opt/DiffDock/inference.py", line 28, in <module>
    import utils.utils
  File "/opt/DiffDock/utils/utils.py", line 17, in <module>
    from models.aa_model
[18:27:08]   LIMK2: FAILED (5s)
[18:27:13]     DiffDock stderr: Traceback (most recent call last):
  File "/opt/DiffDock/inference.py", line 28, in <module>
    import utils.utils
  File "/opt/DiffDock/utils/utils.py", line 17, in <module>
    from models.aa_model
[18:27:13]   LIMK1: FAILED (5s)
[18:27:18]     DiffDock stderr: Traceback (most recent call last):
  File "/opt/DiffDock/inference.py", line 28, in <module>
    import utils.utils
  File "/opt/DiffDock/utils/utils.py", line 17, in <module>
    from models.aa_model
[18:27:18]   ROCK1: FAILED (5s)
[18:27:18] [gpu0_start3261] 320/1085 mol_id=2263-incomp_0
[18:27:23]     DiffDock stderr: Traceback (most recent call last):
  File "/opt/DiffDock/inference.py", line 28, in <module>
    import utils.utils
  File "/opt/DiffDock/utils/utils.py", line 17, in <module>
    from models.aa_model
[18:27:23]   LIMK2: FAILED (5s)
[18:27:28]     DiffDock stderr: Traceback (most recent call last):
  File "/opt/DiffDock/inference.py", line 28, in <module>
    import utils.utils
  File "/opt/DiffDock/utils/utils.py", line 17, in <module>
    from models.aa_model
[18:27:28]   LIMK1: FAILED (5s)
[18:27:33]     DiffDock stderr: Traceback (most recent call last):
  File "/opt/DiffDock/inference.py", line 28, in <module>
    import utils.utils
  File "/opt/DiffDock/utils/utils.py", line 17, in <module>
    from models.aa_model
[18:27:33]   ROCK1: FAILED (5s)
[18:27:33] [gpu0_start3261] 321/1085 mol_id=2265-incomp_0
[18:27:38]     DiffDock stderr: Traceback (most recent call last):
  File "/opt/DiffDock/inference.py", line 28, in <module>
    import utils.utils
  File "/opt/DiffDock/utils/utils.py", line 17, in <module>
    from models.aa_model
[18:27:38]   LIMK2: FAILED (5s)
[18:27:43]     DiffDock stderr: Traceback (most recent call last):
  File "/opt/DiffDock/inference.py", line 28, in <module>
    import utils.utils
  File "/opt/DiffDock/utils/utils.py", line 17, in <module>
    from models.aa_model
[18:27:43]   LIMK1: FAILED (5s)
[18:27:48]     DiffDock stderr: Traceback (most recent call last):
  File "/opt/DiffDock/inference.py", line 28, in <module>
    import utils.utils
  File "/opt/DiffDock/utils/utils.py", line 17, in <module>
    from models.aa_model
[18:27:48]   ROCK1: FAILED (5s)
[18:27:48] [gpu0_start3261] 322/1085 mol_id=2267-incomp_0
[18:27:53]     DiffDock stderr: Traceback (most recent call last):
  File "/opt/DiffDock/inference.py", line 28, in <module>
    import utils.utils
  File "/opt/DiffDock/utils/utils.py", line 17, in <module>
    from models.aa_model
[18:27:53]   LIMK2: FAILED (5s)
[18:27:58]     DiffDock stderr: Traceback (most recent call last):
  File "/opt/DiffDock/inference.py", line 28, in <module>
    import utils.utils
  File "/opt/DiffDock/utils/utils.py", line 17, in <module>
    from models.aa_model
[18:27:58]   LIMK1: FAILED (5s)
[18:28:03]     DiffDock stderr: Traceback (most recent call last):
  File "/opt/DiffDock/inference.py", line 28, in <module>
    import utils.utils
  File "/opt/DiffDock/utils/utils.py", line 17, in <module>
    from models.aa_model
[18:28:03]   ROCK1: FAILED (5s)
[18:28:03] [gpu0_start3261] 323/1085 mol_id=2271-incomp_0
[18:28:08]     DiffDock stderr: Traceback (most recent call last):
  File "/opt/DiffDock/inference.py", line 28, in <module>
    import utils.utils
  File "/opt/DiffDock/utils/utils.py", line 17, in <module>
    from models.aa_model
[18:28:08]   LIMK2: FAILED (5s)
[18:28:13]     DiffDock stderr: Traceback (most recent call last):
  File "/opt/DiffDock/inference.py", line 28, in <module>
    import utils.utils
  File "/opt/DiffDock/utils/utils.py", line 17, in <module>
    from models.aa_model
[18:28:13]   LIMK1: FAILED (5s)
[18:28:17]     DiffDock stderr: Traceback (most recent call last):
  File "/opt/DiffDock/inference.py", line 28, in <module>
    import utils.utils
  File "/opt/DiffDock/utils/utils.py", line 17, in <module>
    from models.aa_model
[18:28:17]   ROCK1: FAILED (5s)
[18:28:17] [gpu0_start3261] 324/1085 mol_id=2279_0
[18:28:22]     DiffDock stderr: Traceback (most recent call last):
  File "/opt/DiffDock/inference.py", line 28, in <module>
    import utils.utils
  File "/opt/DiffDock/utils/utils.py", line 17, in <module>
    from models.aa_model
[18:28:22]   LIMK2: FAILED (5s)
[18:28:27]     DiffDock stderr: Traceback (most recent call last):
  File "/opt/DiffDock/inference.py", line 28, in <module>
    import utils.utils
  File "/opt/DiffDock/utils/utils.py", line 17, in <module>
    from models.aa_model
[18:28:27]   LIMK1: FAILED (5s)
[18:28:32]     DiffDock stderr: Traceback (most recent call last):
  File "/opt/DiffDock/inference.py", line 28, in <module>
    import utils.utils
  File "/opt/DiffDock/utils/utils.py", line 17, in <module>
    from models.aa_model
[18:28:32]   ROCK1: FAILED (5s)
[18:28:32] [gpu0_start3261] 325/1085 mol_id=228-incomp_0
[18:28:37]     DiffDock stderr: Traceback (most recent call last):
  File "/opt/DiffDock/inference.py", line 28, in <module>
    import utils.utils
  File "/opt/DiffDock/utils/utils.py", line 17, in <module>
    from models.aa_model
[18:28:37]   LIMK2: FAILED (5s)
[18:28:42]     DiffDock stderr: Traceback (most recent call last):
  File "/opt/DiffDock/inference.py", line 28, in <module>
    import utils.utils
  File "/opt/DiffDock/utils/utils.py", line 17, in <module>
    from models.aa_model
[18:28:42]   LIMK1: FAILED (5s)
[18:28:47]     DiffDock stderr: Traceback (most recent call last):
  File "/opt/DiffDock/inference.py", line 28, in <module>
    import utils.utils
  File "/opt/DiffDock/utils/utils.py", line 17, in <module>
    from models.aa_model
[18:28:47]   ROCK1: FAILED (5s)
[18:28:47] [gpu0_start3261] 326/1085 mol_id=2284_0
[18:28:52]     DiffDock stderr: Traceback (most recent call last):
  File "/opt/DiffDock/inference.py", line 28, in <module>
    import utils.utils
  File "/opt/DiffDock/utils/utils.py", line 17, in <module>
    from models.aa_model
[18:28:52]   LIMK2: FAILED (5s)
[18:28:57]     DiffDock stderr: Traceback (most recent call last):
  File "/opt/DiffDock/inference.py", line 28, in <module>
    import utils.utils
  File "/opt/DiffDock/utils/utils.py", line 17, in <module>
    from models.aa_model
[18:28:57]   LIMK1: FAILED (5s)
[18:29:02]     DiffDock stderr: Traceback (most recent call last):
  File "/opt/DiffDock/inference.py", line 28, in <module>
    import utils.utils
  File "/opt/DiffDock/utils/utils.py", line 17, in <module>
    from models.aa_model
[18:29:02]   ROCK1: FAILED (5s)
[18:29:02] [gpu0_start3261] 327/1085 mol_id=2285-incomp_0
[18:29:07]     DiffDock stderr: Traceback (most recent call last):
  File "/opt/DiffDock/inference.py", line 28, in <module>
    import utils.utils
  File "/opt/DiffDock/utils/utils.py", line 17, in <module>
    from models.aa_model
[18:29:07]   LIMK2: FAILED (5s)
[18:29:12]     DiffDock stderr: Traceback (most recent call last):
  File "/opt/DiffDock/inference.py", line 28, in <module>
    import utils.utils
  File "/opt/DiffDock/utils/utils.py", line 17, in <module>
    from models.aa_model
[18:29:12]   LIMK1: FAILED (5s)
[18:29:17]     DiffDock stderr: Traceback (most recent call last):
  File "/opt/DiffDock/inference.py", line 28, in <module>
    import utils.utils
  File "/opt/DiffDock/utils/utils.py", line 17, in <module>
    from models.aa_model
[18:29:17]   ROCK1: FAILED (5s)
[18:29:17] [gpu0_start3261] 328/1085 mol_id=229_0
[18:29:22]     DiffDock stderr: Traceback (most recent call last):
  File "/opt/DiffDock/inference.py", line 28, in <module>
    import utils.utils
  File "/opt/DiffDock/utils/utils.py", line 17, in <module>
    from models.aa_model
[18:29:22]   LIMK2: FAILED (5s)
[18:29:27]     DiffDock stderr: Traceback (most recent call last):
  File "/opt/DiffDock/inference.py", line 28, in <module>
    import utils.utils
  File "/opt/DiffDock/utils/utils.py", line 17, in <module>
    from models.aa_model
[18:29:27]   LIMK1: FAILED (5s)
[18:29:32]     DiffDock stderr: Traceback (most recent call last):
  File "/opt/DiffDock/inference.py", line 28, in <module>
    import utils.utils
  File "/opt/DiffDock/utils/utils.py", line 17, in <module>
    from models.aa_model
[18:29:32]   ROCK1: FAILED (5s)
[18:29:32] [gpu0_start3261] 329/1085 mol_id=2293-incomp_0
[18:29:37]     DiffDock stderr: Traceback (most recent call last):
  File "/opt/DiffDock/inference.py", line 28, in <module>
    import utils.utils
  File "/opt/DiffDock/utils/utils.py", line 17, in <module>
    from models.aa_model
[18:29:37]   LIMK2: FAILED (5s)
[18:29:42]     DiffDock stderr: Traceback (most recent call last):
  File "/opt/DiffDock/inference.py", line 28, in <module>
    import utils.utils
  File "/opt/DiffDock/utils/utils.py", line 17, in <module>
    from models.aa_model
[18:29:42]   LIMK1: FAILED (5s)
[18:29:47]     DiffDock stderr: Traceback (most recent call last):
  File "/opt/DiffDock/inference.py", line 28, in <module>
    import utils.utils
  File "/opt/DiffDock/utils/utils.py", line 17, in <module>
    from models.aa_model
[18:29:47]   ROCK1: FAILED (5s)
[18:29:47] [gpu0_start3261] 330/1085 mol_id=2299_0
[18:29:52]     DiffDock stderr: Traceback (most recent call last):
  File "/opt/DiffDock/inference.py", line 28, in <module>
    import utils.utils
  File "/opt/DiffDock/utils/utils.py", line 17, in <module>
    from models.aa_model
[18:29:52]   LIMK2: FAILED (5s)
[18:29:57]     DiffDock stderr: Traceback (most recent call last):
  File "/opt/DiffDock/inference.py", line 28, in <module>
    import utils.utils
  File "/opt/DiffDock/utils/utils.py", line 17, in <module>
    from models.aa_model
[18:29:57]   LIMK1: FAILED (5s)
[18:30:01]     DiffDock stderr: Traceback (most recent call last):
  File "/opt/DiffDock/inference.py", line 28, in <module>
    import utils.utils
  File "/opt/DiffDock/utils/utils.py", line 17, in <module>
    from models.aa_model
[18:30:01]   ROCK1: FAILED (5s)
[18:30:01] [gpu0_start3261] 331/1085 mol_id=2307-incomp_0
[18:30:06]     DiffDock stderr: Traceback (most recent call last):
  File "/opt/DiffDock/inference.py", line 28, in <module>
    import utils.utils
  File "/opt/DiffDock/utils/utils.py", line 17, in <module>
    from models.aa_model
[18:30:06]   LIMK2: FAILED (5s)
[18:30:11]     DiffDock stderr: Traceback (most recent call last):
  File "/opt/DiffDock/inference.py", line 28, in <module>
    import utils.utils
  File "/opt/DiffDock/utils/utils.py", line 17, in <module>
    from models.aa_model
[18:30:11]   LIMK1: FAILED (5s)
[18:30:16]     DiffDock stderr: Traceback (most recent call last):
  File "/opt/DiffDock/inference.py", line 28, in <module>
    import utils.utils
  File "/opt/DiffDock/utils/utils.py", line 17, in <module>
    from models.aa_model
[18:30:16]   ROCK1: FAILED (5s)
[18:30:16] [gpu0_start3261] 332/1085 mol_id=2311-incomp_0
[18:30:21]     DiffDock stderr: Traceback (most recent call last):
  File "/opt/DiffDock/inference.py", line 28, in <module>
    import utils.utils
  File "/opt/DiffDock/utils/utils.py", line 17, in <module>
    from models.aa_model
[18:30:21]   LIMK2: FAILED (5s)
[18:30:26]     DiffDock stderr: Traceback (most recent call last):
  File "/opt/DiffDock/inference.py", line 28, in <module>
    import utils.utils
  File "/opt/DiffDock/utils/utils.py", line 17, in <module>
    from models.aa_model
[18:30:26]   LIMK1: FAILED (5s)
[18:30:31]     DiffDock stderr: Traceback (most recent call last):
  File "/opt/DiffDock/inference.py", line 28, in <module>
    import utils.utils
  File "/opt/DiffDock/utils/utils.py", line 17, in <module>
    from models.aa_model
[18:30:31]   ROCK1: FAILED (5s)
[18:30:31] [gpu0_start3261] 333/1085 mol_id=2319_0
[18:30:37]     DiffDock stderr: Traceback (most recent call last):
  File "/opt/DiffDock/inference.py", line 28, in <module>
    import utils.utils
  File "/opt/DiffDock/utils/utils.py", line 17, in <module>
    from models.aa_model
[18:30:37]   LIMK2: FAILED (5s)
[18:30:42]     DiffDock stderr: Traceback (most recent call last):
  File "/opt/DiffDock/inference.py", line 28, in <module>
    import utils.utils
  File "/opt/DiffDock/utils/utils.py", line 17, in <module>
    from models.aa_model
[18:30:42]   LIMK1: FAILED (5s)
[18:30:47]     DiffDock stderr: Traceback (most recent call last):
  File "/opt/DiffDock/inference.py", line 28, in <module>
    import utils.utils
  File "/opt/DiffDock/utils/utils.py", line 17, in <module>
    from models.aa_model
[18:30:47]   ROCK1: FAILED (5s)
[18:30:47] [gpu0_start3261] 334/1085 mol_id=232-incomp_0
[18:30:52]     DiffDock stderr: Traceback (most recent call last):
  File "/opt/DiffDock/inference.py", line 28, in <module>
    import utils.utils
  File "/opt/DiffDock/utils/utils.py", line 17, in <module>
    from models.aa_model
[18:30:52]   LIMK2: FAILED (5s)
[18:30:57]     DiffDock stderr: Traceback (most recent call last):
  File "/opt/DiffDock/inference.py", line 28, in <module>
    import utils.utils
  File "/opt/DiffDock/utils/utils.py", line 17, in <module>
    from models.aa_model
[18:30:57]   LIMK1: FAILED (5s)
[18:31:03]     DiffDock stderr: Traceback (most recent call last):
  File "/opt/DiffDock/inference.py", line 28, in <module>
    import utils.utils
  File "/opt/DiffDock/utils/utils.py", line 17, in <module>
    from models.aa_model
[18:31:03]   ROCK1: FAILED (5s)
[18:31:03] [gpu0_start3261] 335/1085 mol_id=2324_0
[18:31:08]     DiffDock stderr: Traceback (most recent call last):
  File "/opt/DiffDock/inference.py", line 28, in <module>
    import utils.utils
  File "/opt/DiffDock/utils/utils.py", line 17, in <module>
    from models.aa_model
[18:31:08]   LIMK2: FAILED (5s)
[18:31:13]     DiffDock stderr: Traceback (most recent call last):
  File "/opt/DiffDock/inference.py", line 28, in <module>
    import utils.utils
  File "/opt/DiffDock/utils/utils.py", line 17, in <module>
    from models.aa_model
[18:31:13]   LIMK1: FAILED (5s)
[18:31:18]     DiffDock stderr: Traceback (most recent call last):
  File "/opt/DiffDock/inference.py", line 28, in <module>
    import utils.utils
  File "/opt/DiffDock/utils/utils.py", line 17, in <module>
    from models.aa_model
[18:31:18]   ROCK1: FAILED (5s)
[18:31:18] [gpu0_start3261] 336/1085 mol_id=2325_0
[18:31:24]     DiffDock stderr: Traceback (most recent call last):
  File "/opt/DiffDock/inference.py", line 28, in <module>
    import utils.utils
  File "/opt/DiffDock/utils/utils.py", line 17, in <module>
    from models.aa_model
[18:31:24]   LIMK2: FAILED (5s)
[18:31:29]     DiffDock stderr: Traceback (most recent call last):
  File "/opt/DiffDock/inference.py", line 28, in <module>
    import utils.utils
  File "/opt/DiffDock/utils/utils.py", line 17, in <module>
    from models.aa_model
[18:31:29]   LIMK1: FAILED (5s)
[18:31:34]     DiffDock stderr: Traceback (most recent call last):
  File "/opt/DiffDock/inference.py", line 28, in <module>
    import utils.utils
  File "/opt/DiffDock/utils/utils.py", line 17, in <module>
    from models.aa_model
[18:31:34]   ROCK1: FAILED (5s)
[18:31:34] [gpu0_start3261] 337/1085 mol_id=2334-incomp_0
[18:31:39]     DiffDock stderr: Traceback (most recent call last):
  File "/opt/DiffDock/inference.py", line 28, in <module>
    import utils.utils
  File "/opt/DiffDock/utils/utils.py", line 17, in <module>
    from models.aa_model
[18:31:39]   LIMK2: FAILED (5s)
[18:31:45]     DiffDock stderr: Traceback (most recent call last):
  File "/opt/DiffDock/inference.py", line 28, in <module>
    import utils.utils
  File "/opt/DiffDock/utils/utils.py", line 17, in <module>
    from models.aa_model
[18:31:45]   LIMK1: FAILED (5s)
[18:31:50]     DiffDock stderr: Traceback (most recent call last):
  File "/opt/DiffDock/inference.py", line 28, in <module>
    import utils.utils
  File "/opt/DiffDock/utils/utils.py", line 17, in <module>
    from models.aa_model
[18:31:50]   ROCK1: FAILED (5s)
[18:31:50] [gpu0_start3261] 338/1085 mol_id=2339_0
[18:31:55]     DiffDock stderr: Traceback (most recent call last):
  File "/opt/DiffDock/inference.py", line 28, in <module>
    import utils.utils
  File "/opt/DiffDock/utils/utils.py", line 17, in <module>
    from models.aa_model
[18:31:55]   LIMK2: FAILED (6s)
[18:32:00]     DiffDock stderr: Traceback (most recent call last):
  File "/opt/DiffDock/inference.py", line 28, in <module>
    import utils.utils
  File "/opt/DiffDock/utils/utils.py", line 17, in <module>
    from models.aa_model
[18:32:00]   LIMK1: FAILED (5s)
[18:32:06]     DiffDock stderr: Traceback (most recent call last):
  File "/opt/DiffDock/inference.py", line 28, in <module>
    import utils.utils
  File "/opt/DiffDock/utils/utils.py", line 17, in <module>
    from models.aa_model
[18:32:06]   ROCK1: FAILED (5s)
[18:32:06] [gpu0_start3261] 339/1085 mol_id=2348_0
[18:32:11]     DiffDock stderr: Traceback (most recent call last):
  File "/opt/DiffDock/inference.py", line 28, in <module>
    import utils.utils
  File "/opt/DiffDock/utils/utils.py", line 17, in <module>
    from models.aa_model
[18:32:11]   LIMK2: FAILED (5s)
[18:32:16]     DiffDock stderr: Traceback (most recent call last):
  File "/opt/DiffDock/inference.py", line 28, in <module>
    import utils.utils
  File "/opt/DiffDock/utils/utils.py", line 17, in <module>
    from models.aa_model
[18:32:16]   LIMK1: FAILED (5s)
[18:32:20]     DiffDock stderr: Traceback (most recent call last):
  File "/opt/DiffDock/inference.py", line 28, in <module>
    import utils.utils
  File "/opt/DiffDock/utils/utils.py", line 17, in <module>
    from models.aa_model
[18:32:20]   ROCK1: FAILED (5s)
[18:32:20] [gpu0_start3261] 340/1085 mol_id=2350_0
[18:32:25]     DiffDock stderr: Traceback (most recent call last):
  File "/opt/DiffDock/inference.py", line 28, in <module>
    import utils.utils
  File "/opt/DiffDock/utils/utils.py", line 17, in <module>
    from models.aa_model
[18:32:25]   LIMK2: FAILED (5s)
[18:32:30]     DiffDock stderr: Traceback (most recent call last):
  File "/opt/DiffDock/inference.py", line 28, in <module>
    import utils.utils
  File "/opt/DiffDock/utils/utils.py", line 17, in <module>
    from models.aa_model
[18:32:30]   LIMK1: FAILED (5s)
[18:32:35]     DiffDock stderr: Traceback (most recent call last):
  File "/opt/DiffDock/inference.py", line 28, in <module>
    import utils.utils
  File "/opt/DiffDock/utils/utils.py", line 17, in <module>
    from models.aa_model
[18:32:35]   ROCK1: FAILED (5s)
[18:32:35] [gpu0_start3261] 341/1085 mol_id=2356-incomp_0
[18:32:40]     DiffDock stderr: Traceback (most recent call last):
  File "/opt/DiffDock/inference.py", line 28, in <module>
    import utils.utils
  File "/opt/DiffDock/utils/utils.py", line 17, in <module>
    from models.aa_model
[18:32:40]   LIMK2: FAILED (5s)
[18:32:45]     DiffDock stderr: Traceback (most recent call last):
  File "/opt/DiffDock/inference.py", line 28, in <module>
    import utils.utils
  File "/opt/DiffDock/utils/utils.py", line 17, in <module>
    from models.aa_model
[18:32:45]   LIMK1: FAILED (5s)
[18:32:50]     DiffDock stderr: Traceback (most recent call last):
  File "/opt/DiffDock/inference.py", line 28, in <module>
    import utils.utils
  File "/opt/DiffDock/utils/utils.py", line 17, in <module>
    from models.aa_model
[18:32:50]   ROCK1: FAILED (5s)
[18:32:50] [gpu0_start3261] 342/1085 mol_id=2359_0
[18:32:55]     DiffDock stderr: Traceback (most recent call last):
  File "/opt/DiffDock/inference.py", line 28, in <module>
    import utils.utils
  File "/opt/DiffDock/utils/utils.py", line 17, in <module>
    from models.aa_model
[18:32:55]   LIMK2: FAILED (5s)
[18:33:00]     DiffDock stderr: Traceback (most recent call last):
  File "/opt/DiffDock/inference.py", line 28, in <module>
    import utils.utils
  File "/opt/DiffDock/utils/utils.py", line 17, in <module>
    from models.aa_model
[18:33:00]   LIMK1: FAILED (5s)
[18:33:05]     DiffDock stderr: Traceback (most recent call last):
  File "/opt/DiffDock/inference.py", line 28, in <module>
    import utils.utils
  File "/opt/DiffDock/utils/utils.py", line 17, in <module>
    from models.aa_model
[18:33:05]   ROCK1: FAILED (5s)
[18:33:05] [gpu0_start3261] 343/1085 mol_id=2361_0
[18:33:10]     DiffDock stderr: Traceback (most recent call last):
  File "/opt/DiffDock/inference.py", line 28, in <module>
    import utils.utils
  File "/opt/DiffDock/utils/utils.py", line 17, in <module>
    from models.aa_model
[18:33:10]   LIMK2: FAILED (5s)
[18:33:16]     DiffDock stderr: Traceback (most recent call last):
  File "/opt/DiffDock/inference.py", line 28, in <module>
    import utils.utils
  File "/opt/DiffDock/utils/utils.py", line 17, in <module>
    from models.aa_model
[18:33:16]   LIMK1: FAILED (5s)
[18:33:21]     DiffDock stderr: Traceback (most recent call last):
  File "/opt/DiffDock/inference.py", line 28, in <module>
    import utils.utils
  File "/opt/DiffDock/utils/utils.py", line 17, in <module>
    from models.aa_model
[18:33:21]   ROCK1: FAILED (5s)
[18:33:21] [gpu0_start3261] 344/1085 mol_id=2367-incomp_0
[18:33:26]     DiffDock stderr: Traceback (most recent call last):
  File "/opt/DiffDock/inference.py", line 28, in <module>
    import utils.utils
  File "/opt/DiffDock/utils/utils.py", line 17, in <module>
    from models.aa_model
[18:33:26]   LIMK2: FAILED (5s)
[18:33:31]     DiffDock stderr: Traceback (most recent call last):
  File "/opt/DiffDock/inference.py", line 28, in <module>
    import utils.utils
  File "/opt/DiffDock/utils/utils.py", line 17, in <module>
    from models.aa_model
[18:33:31]   LIMK1: FAILED (5s)
[18:33:37]     DiffDock stderr: Traceback (most recent call last):
  File "/opt/DiffDock/inference.py", line 28, in <module>
    import utils.utils
  File "/opt/DiffDock/utils/utils.py", line 17, in <module>
    from models.aa_model
[18:33:37]   ROCK1: FAILED (5s)
[18:33:37] [gpu0_start3261] 345/1085 mol_id=2385-incomp_0
[18:33:42]     DiffDock stderr: Traceback (most recent call last):
  File "/opt/DiffDock/inference.py", line 28, in <module>
    import utils.utils
  File "/opt/DiffDock/utils/utils.py", line 17, in <module>
    from models.aa_model
[18:33:42]   LIMK2: FAILED (5s)
[18:33:47]     DiffDock stderr: Traceback (most recent call last):
  File "/opt/DiffDock/inference.py", line 28, in <module>
    import utils.utils
  File "/opt/DiffDock/utils/utils.py", line 17, in <module>
    from models.aa_model
[18:33:47]   LIMK1: FAILED (5s)
[18:33:52]     DiffDock stderr: Traceback (most recent call last):
  File "/opt/DiffDock/inference.py", line 28, in <module>
    import utils.utils
  File "/opt/DiffDock/utils/utils.py", line 17, in <module>
    from models.aa_model
[18:33:52]   ROCK1: FAILED (5s)
[18:33:52] [gpu0_start3261] 346/1085 mol_id=2400-incomp_0
[18:33:58]     DiffDock stderr: Traceback (most recent call last):
  File "/opt/DiffDock/inference.py", line 28, in <module>
    import utils.utils
  File "/opt/DiffDock/utils/utils.py", line 17, in <module>
    from models.aa_model
[18:33:58]   LIMK2: FAILED (5s)
[18:34:03]     DiffDock stderr: Traceback (most recent call last):
  File "/opt/DiffDock/inference.py", line 28, in <module>
    import utils.utils
  File "/opt/DiffDock/utils/utils.py", line 17, in <module>
    from models.aa_model
[18:34:03]   LIMK1: FAILED (5s)
[18:34:08]     DiffDock stderr: Traceback (most recent call last):
  File "/opt/DiffDock/inference.py", line 28, in <module>
    import utils.utils
  File "/opt/DiffDock/utils/utils.py", line 17, in <module>
    from models.aa_model
[18:34:08]   ROCK1: FAILED (5s)
[18:34:08] [gpu0_start3261] 347/1085 mol_id=2403-incomp_0
[18:34:13]     DiffDock stderr: Traceback (most recent call last):
  File "/opt/DiffDock/inference.py", line 28, in <module>
    import utils.utils
  File "/opt/DiffDock/utils/utils.py", line 17, in <module>
    from models.aa_model
[18:34:13]   LIMK2: FAILED (5s)
[18:34:18]     DiffDock stderr: Traceback (most recent call last):
  File "/opt/DiffDock/inference.py", line 28, in <module>
    import utils.utils
  File "/opt/DiffDock/utils/utils.py", line 17, in <module>
    from models.aa_model
[18:34:18]   LIMK1: FAILED (5s)
[18:34:22]     DiffDock stderr: Traceback (most recent call last):
  File "/opt/DiffDock/inference.py", line 28, in <module>
    import utils.utils
  File "/opt/DiffDock/utils/utils.py", line 17, in <module>
    from models.aa_model
[18:34:22]   ROCK1: FAILED (5s)
[18:34:22] [gpu0_start3261] 348/1085 mol_id=241_0
[18:34:28]     DiffDock stderr: Traceback (most recent call last):
  File "/opt/DiffDock/inference.py", line 28, in <module>
    import utils.utils
  File "/opt/DiffDock/utils/utils.py", line 17, in <module>
    from models.aa_model
[18:34:28]   LIMK2: FAILED (5s)
[18:34:33]     DiffDock stderr: Traceback (most recent call last):
  File "/opt/DiffDock/inference.py", line 28, in <module>
    import utils.utils
  File "/opt/DiffDock/utils/utils.py", line 17, in <module>
    from models.aa_model
[18:34:33]   LIMK1: FAILED (5s)
[18:34:38]     DiffDock stderr: Traceback (most recent call last):
  File "/opt/DiffDock/inference.py", line 28, in <module>
    import utils.utils
  File "/opt/DiffDock/utils/utils.py", line 17, in <module>
    from models.aa_model
[18:34:38]   ROCK1: FAILED (5s)
[18:34:38] [gpu0_start3261] 349/1085 mol_id=2416-incomp_0
[18:34:43]     DiffDock stderr: Traceback (most recent call last):
  File "/opt/DiffDock/inference.py", line 28, in <module>
    import utils.utils
  File "/opt/DiffDock/utils/utils.py", line 17, in <module>
    from models.aa_model
[18:34:43]   LIMK2: FAILED (5s)
[18:34:49]     DiffDock stderr: Traceback (most recent call last):
  File "/opt/DiffDock/inference.py", line 28, in <module>
    import utils.utils
  File "/opt/DiffDock/utils/utils.py", line 17, in <module>
    from models.aa_model
[18:34:49]   LIMK1: FAILED (5s)
[18:34:54]     DiffDock stderr: Traceback (most recent call last):
  File "/opt/DiffDock/inference.py", line 28, in <module>
    import utils.utils
  File "/opt/DiffDock/utils/utils.py", line 17, in <module>
    from models.aa_model
[18:34:54]   ROCK1: FAILED (5s)
[18:34:54] [gpu0_start3261] 350/1085 mol_id=242-incomp_0
[18:34:59]     DiffDock stderr: Traceback (most recent call last):
  File "/opt/DiffDock/inference.py", line 28, in <module>
    import utils.utils
  File "/opt/DiffDock/utils/utils.py", line 17, in <module>
    from models.aa_model
[18:34:59]   LIMK2: FAILED (5s)
[18:35:04]     DiffDock stderr: Traceback (most recent call last):
  File "/opt/DiffDock/inference.py", line 28, in <module>
    import utils.utils
  File "/opt/DiffDock/utils/utils.py", line 17, in <module>
    from models.aa_model
[18:35:04]   LIMK1: FAILED (5s)
[18:35:10]     DiffDock stderr: Traceback (most recent call last):
  File "/opt/DiffDock/inference.py", line 28, in <module>
    import utils.utils
  File "/opt/DiffDock/utils/utils.py", line 17, in <module>
    from models.aa_model
[18:35:10]   ROCK1: FAILED (5s)
[18:35:10] Progress: 350/1085 done, 0 selective so far
[18:35:10] [gpu0_start3261] 351/1085 mol_id=243-incomp_0
[18:35:15]     DiffDock stderr: Traceback (most recent call last):
  File "/opt/DiffDock/inference.py", line 28, in <module>
    import utils.utils
  File "/opt/DiffDock/utils/utils.py", line 17, in <module>
    from models.aa_model
[18:35:15]   LIMK2: FAILED (5s)
[18:35:20]     DiffDock stderr: Traceback (most recent call last):
  File "/opt/DiffDock/inference.py", line 28, in <module>
    import utils.utils
  File "/opt/DiffDock/utils/utils.py", line 17, in <module>
    from models.aa_model
[18:35:20]   LIMK1: FAILED (5s)
[18:35:26]     DiffDock stderr: Traceback (most recent call last):
  File "/opt/DiffDock/inference.py", line 28, in <module>
    import utils.utils
  File "/opt/DiffDock/utils/utils.py", line 17, in <module>
    from models.aa_model
[18:35:26]   ROCK1: FAILED (5s)
[18:35:26] [gpu0_start3261] 352/1085 mol_id=245-incomp_0
[18:35:31]     DiffDock stderr: Traceback (most recent call last):
  File "/opt/DiffDock/inference.py", line 28, in <module>
    import utils.utils
  File "/opt/DiffDock/utils/utils.py", line 17, in <module>
    from models.aa_model
[18:35:31]   LIMK2: FAILED (5s)
[18:35:36]     DiffDock stderr: Traceback (most recent call last):
  File "/opt/DiffDock/inference.py", line 28, in <module>
    import utils.utils
  File "/opt/DiffDock/utils/utils.py", line 17, in <module>
    from models.aa_model
[18:35:36]   LIMK1: FAILED (5s)
[18:35:41]     DiffDock stderr: Traceback (most recent call last):
  File "/opt/DiffDock/inference.py", line 28, in <module>
    import utils.utils
  File "/opt/DiffDock/utils/utils.py", line 17, in <module>
    from models.aa_model
[18:35:41]   ROCK1: FAILED (5s)
[18:35:41] [gpu0_start3261] 353/1085 mol_id=25_0
[18:35:47]     DiffDock stderr: Traceback (most recent call last):
  File "/opt/DiffDock/inference.py", line 28, in <module>
    import utils.utils
  File "/opt/DiffDock/utils/utils.py", line 17, in <module>
    from models.aa_model
[18:35:47]   LIMK2: FAILED (5s)
[18:35:52]     DiffDock stderr: Traceback (most recent call last):
  File "/opt/DiffDock/inference.py", line 28, in <module>
    import utils.utils
  File "/opt/DiffDock/utils/utils.py", line 17, in <module>
    from models.aa_model
[18:35:52]   LIMK1: FAILED (5s)
[18:35:57]     DiffDock stderr: Traceback (most recent call last):
  File "/opt/DiffDock/inference.py", line 28, in <module>
    import utils.utils
  File "/opt/DiffDock/utils/utils.py", line 17, in <module>
    from models.aa_model
[18:35:57]   ROCK1: FAILED (5s)
[18:35:57] [gpu0_start3261] 354/1085 mol_id=255-incomp_0
[18:36:02]     DiffDock stderr: Traceback (most recent call last):
  File "/opt/DiffDock/inference.py", line 28, in <module>
    import utils.utils
  File "/opt/DiffDock/utils/utils.py", line 17, in <module>
    from models.aa_model
[18:36:02]   LIMK2: FAILED (5s)
[18:36:07]     DiffDock stderr: Traceback (most recent call last):
  File "/opt/DiffDock/inference.py", line 28, in <module>
    import utils.utils
  File "/opt/DiffDock/utils/utils.py", line 17, in <module>
    from models.aa_model
[18:36:07]   LIMK1: FAILED (5s)
[18:36:13]     DiffDock stderr: Traceback (most recent call last):
  File "/opt/DiffDock/inference.py", line 28, in <module>
    import utils.utils
  File "/opt/DiffDock/utils/utils.py", line 17, in <module>
    from models.aa_model
[18:36:13]   ROCK1: FAILED (5s)
[18:36:13] [gpu0_start3261] 355/1085 mol_id=256-incomp_0
[18:36:18]     DiffDock stderr: Traceback (most recent call last):
  File "/opt/DiffDock/inference.py", line 28, in <module>
    import utils.utils
  File "/opt/DiffDock/utils/utils.py", line 17, in <module>
    from models.aa_model
[18:36:18]   LIMK2: FAILED (5s)
[18:36:23]     DiffDock stderr: Traceback (most recent call last):
  File "/opt/DiffDock/inference.py", line 28, in <module>
    import utils.utils
  File "/opt/DiffDock/utils/utils.py", line 17, in <module>
    from models.aa_model
[18:36:23]   LIMK1: FAILED (5s)
[18:36:29]     DiffDock stderr: Traceback (most recent call last):
  File "/opt/DiffDock/inference.py", line 28, in <module>
    import utils.utils
  File "/opt/DiffDock/utils/utils.py", line 17, in <module>
    from models.aa_model
[18:36:29]   ROCK1: FAILED (5s)
[18:36:29] [gpu0_start3261] 356/1085 mol_id=257-incomp_0
[18:36:34]     DiffDock stderr: Traceback (most recent call last):
  File "/opt/DiffDock/inference.py", line 28, in <module>
    import utils.utils
  File "/opt/DiffDock/utils/utils.py", line 17, in <module>
    from models.aa_model
[18:36:34]   LIMK2: FAILED (5s)
[18:36:39]     DiffDock stderr: Traceback (most recent call last):
  File "/opt/DiffDock/inference.py", line 28, in <module>
    import utils.utils
  File "/opt/DiffDock/utils/utils.py", line 17, in <module>
    from models.aa_model
[18:36:39]   LIMK1: FAILED (5s)
[18:36:44]     DiffDock stderr: Traceback (most recent call last):
  File "/opt/DiffDock/inference.py", line 28, in <module>
    import utils.utils
  File "/opt/DiffDock/utils/utils.py", line 17, in <module>
    from models.aa_model
[18:36:44]   ROCK1: FAILED (5s)
[18:36:44] [gpu0_start3261] 357/1085 mol_id=266_0
[18:36:50]     DiffDock stderr: Traceback (most recent call last):
  File "/opt/DiffDock/inference.py", line 28, in <module>
    import utils.utils
  File "/opt/DiffDock/utils/utils.py", line 17, in <module>
    from models.aa_model
[18:36:50]   LIMK2: FAILED (5s)
[18:36:55]     DiffDock stderr: Traceback (most recent call last):
  File "/opt/DiffDock/inference.py", line 28, in <module>
    import utils.utils
  File "/opt/DiffDock/utils/utils.py", line 17, in <module>
    from models.aa_model
[18:36:55]   LIMK1: FAILED (5s)
[18:37:00]     DiffDock stderr: Traceback (most recent call last):
  File "/opt/DiffDock/inference.py", line 28, in <module>
    import utils.utils
  File "/opt/DiffDock/utils/utils.py", line 17, in <module>
    from models.aa_model
[18:37:00]   ROCK1: FAILED (5s)
[18:37:00] [gpu0_start3261] 358/1085 mol_id=268_0
[18:37:05]     DiffDock stderr: Traceback (most recent call last):
  File "/opt/DiffDock/inference.py", line 28, in <module>
    import utils.utils
  File "/opt/DiffDock/utils/utils.py", line 17, in <module>
    from models.aa_model
[18:37:05]   LIMK2: FAILED (5s)
[18:37:11]     DiffDock stderr: Traceback (most recent call last):
  File "/opt/DiffDock/inference.py", line 28, in <module>
    import utils.utils
  File "/opt/DiffDock/utils/utils.py", line 17, in <module>
    from models.aa_model
[18:37:11]   LIMK1: FAILED (5s)
[18:37:16]     DiffDock stderr: Traceback (most recent call last):
  File "/opt/DiffDock/inference.py", line 28, in <module>
    import utils.utils
  File "/opt/DiffDock/utils/utils.py", line 17, in <module>
    from models.aa_model
[18:37:16]   ROCK1: FAILED (5s)
[18:37:16] [gpu0_start3261] 359/1085 mol_id=27-incomp_0
[18:39:50] ============================================================
[18:39:50] DiffDock Selectivity Batch
[18:39:50] Input: /data/safety_pass.smi
[18:39:50] Chunk: start=3261 size=1087
[18:39:50] GPU: 0
[18:39:50] Targets: LIMK2 (4TPT), LIMK1 (3S95), ROCK1 (2ESM)
[18:39:50] N_samples: 10, Threshold: 0.3
[18:39:50] ============================================================
[18:39:50] 
[WARMUP] Verifying DiffDock inference.py ...
[18:39:50] [WARMUP] OK
[18:39:50] 
Loading molecules from /data/safety_pass.smi ...
[18:39:50] Total molecules in file: 4346
[18:39:50] This chunk: indices 3261-4345 = 1085 molecules
[18:39:50] 
Starting docking ... 1085 mols × 3 targets = 3255 jobs
[18:39:50] Target ready: LIMK2 (4TPT)
[18:39:50] Target ready: LIMK1 (3S95)
[18:39:50] Target ready: ROCK1 (2ESM)
[18:39:50] Resumed from checkpoint: 358 already done
[18:39:50] [gpu0_start3261] 359/1085 mol_id=27-incomp_0
[18:49:08]   LIMK2: FAILED (559s)
[18:49:44]   LIMK1: FAILED (35s)
[18:50:31]   ROCK1: FAILED (47s)
[18:50:31] [gpu0_start3261] 360/1085 mol_id=270-incomp_0
[18:51:17]   LIMK2: FAILED (47s)
[18:52:05]   LIMK1: FAILED (48s)
[18:52:54]   ROCK1: FAILED (49s)
[18:52:54] [gpu0_start3261] 361/1085 mol_id=279-incomp_0
[18:53:39]   LIMK2: FAILED (45s)
[18:54:16]   LIMK1: FAILED (37s)
[18:54:52]   ROCK1: FAILED (36s)
[18:54:52] [gpu0_start3261] 362/1085 mol_id=28-incomp_0
[18:55:28]   LIMK2: FAILED (36s)
[18:56:04]   LIMK1: FAILED (36s)
[18:56:41]   ROCK1: FAILED (36s)
[18:56:41] [gpu0_start3261] 363/1085 mol_id=280-incomp_0
[18:57:26]   LIMK2: FAILED (45s)
[18:58:10]   LIMK1: FAILED (44s)
[18:58:48]   ROCK1: FAILED (38s)
[18:58:48] [gpu0_start3261] 364/1085 mol_id=286-incomp_0
[18:59:33]   LIMK2: FAILED (45s)
[19:00:09]   LIMK1: FAILED (36s)
[19:00:54]   ROCK1: FAILED (45s)
[19:00:54] [gpu0_start3261] 365/1085 mol_id=287_0
[19:02:13]   LIMK2: conf=-0.380 (78s)
[19:03:17]   LIMK1: conf=-0.080 (65s)
[19:04:28]   ROCK1: conf=-2.040 (71s)
[19:04:28] [gpu0_start3261] 366/1085 mol_id=288_0
[19:05:46]   LIMK2: conf=-0.750 (78s)
[19:06:58]   LIMK1: conf=0.120 (72s)
[19:08:15]   ROCK1: conf=-0.720 (76s)
[19:08:15] [gpu0_start3261] 367/1085 mol_id=289-incomp_0
[19:08:51]   LIMK2: FAILED (36s)
[19:09:27]   LIMK1: FAILED (36s)
[19:10:03]   ROCK1: FAILED (37s)
[19:10:03] [gpu0_start3261] 368/1085 mol_id=293_0
[19:11:16]   LIMK2: conf=-0.680 (72s)
[19:12:22]   LIMK1: conf=-1.480 (66s)
[19:13:31]   ROCK1: conf=-1.220 (69s)
[19:13:31]   *** SELECTIVE margin=0.540 ***
[19:13:31] [gpu0_start3261] 369/1085 mol_id=302-incomp_0
[19:14:06]   LIMK2: FAILED (36s)
[19:14:43]   LIMK1: FAILED (36s)
[19:15:19]   ROCK1: FAILED (37s)
[19:15:19] [gpu0_start3261] 370/1085 mol_id=306_0
[19:16:28]   LIMK2: conf=-1.960 (69s)
[19:17:40]   LIMK1: conf=-0.480 (72s)
[19:18:54]   ROCK1: conf=-0.720 (74s)
[19:18:54] [gpu0_start3261] 371/1085 mol_id=307_0
[19:20:06]   LIMK2: conf=-0.650 (71s)
[19:21:22]   LIMK1: conf=-1.040 (76s)
[19:22:40]   ROCK1: conf=-1.870 (79s)
[19:22:40]   *** SELECTIVE margin=0.390 ***
[19:22:40] [gpu0_start3261] 372/1085 mol_id=311-incomp_0
[19:23:21]   LIMK2: FAILED (41s)
[19:24:06]   LIMK1: FAILED (45s)
[19:24:43]   ROCK1: FAILED (37s)
[19:24:43] [gpu0_start3261] 373/1085 mol_id=316_0
[19:25:53]   LIMK2: conf=-1.410 (69s)
[19:27:09]   LIMK1: conf=-0.370 (76s)
[19:28:29]   ROCK1: conf=-1.240 (81s)
[19:28:29] [gpu0_start3261] 374/1085 mol_id=32-incomp_0
[19:29:06]   LIMK2: FAILED (37s)
[19:29:52]   LIMK1: FAILED (46s)
[19:30:37]   ROCK1: FAILED (45s)
[19:30:37] [gpu0_start3261] 375/1085 mol_id=323-incomp_0
[19:31:24]   LIMK2: FAILED (47s)
[19:32:09]   LIMK1: FAILED (46s)
[19:32:55]   ROCK1: FAILED (46s)
[19:32:55] [gpu0_start3261] 376/1085 mol_id=329-incomp_0
[19:33:40]   LIMK2: FAILED (45s)
[19:34:26]   LIMK1: FAILED (46s)
[19:35:12]   ROCK1: FAILED (45s)
[19:35:12] [gpu0_start3261] 377/1085 mol_id=33-incomp_0
[19:35:57]   LIMK2: FAILED (45s)
[19:36:42]   LIMK1: FAILED (45s)
[19:37:28]   ROCK1: FAILED (46s)
[19:37:28] [gpu0_start3261] 378/1085 mol_id=334-incomp_0
[19:38:12]   LIMK2: FAILED (45s)
[19:38:58]   LIMK1: FAILED (46s)
[19:39:43]   ROCK1: FAILED (46s)
[19:39:43] [gpu0_start3261] 379/1085 mol_id=337-incomp_0
[19:40:30]   LIMK2: FAILED (46s)
[19:41:15]   LIMK1: FAILED (45s)
[19:41:52]   ROCK1: FAILED (38s)
[19:41:52] [gpu0_start3261] 380/1085 mol_id=342-incomp_0
[19:42:37]   LIMK2: FAILED (45s)
[19:43:23]   LIMK1: FAILED (46s)
[19:44:00]   ROCK1: FAILED (37s)
[19:44:00] [gpu0_start3261] 381/1085 mol_id=348_0
[19:45:08]   LIMK2: conf=-3.140 (67s)
[19:46:22]   LIMK1: conf=-0.800 (74s)
[19:47:33]   ROCK1: conf=-2.540 (71s)
[19:47:33] [gpu0_start3261] 382/1085 mol_id=360_0
[19:48:41]   LIMK2: conf=-2.410 (69s)
[19:49:43]   LIMK1: conf=-0.940 (62s)
[19:50:49]   ROCK1: conf=-1.460 (66s)
[19:50:49] [gpu0_start3261] 383/1085 mol_id=361-incomp_0
[19:51:22]   LIMK2: FAILED (33s)
[19:51:55]   LIMK1: FAILED (33s)
[19:52:29]   ROCK1: FAILED (34s)
[19:52:29] [gpu0_start3261] 384/1085 mol_id=367-incomp_0
[19:53:02]   LIMK2: FAILED (33s)
[19:53:34]   LIMK1: FAILED (33s)
[19:54:08]   ROCK1: FAILED (34s)
[19:54:08] [gpu0_start3261] 385/1085 mol_id=376_0
[19:55:12]   LIMK2: conf=-1.220 (64s)
[19:56:12]   LIMK1: conf=0.210 (60s)
[19:57:18]   ROCK1: conf=-1.830 (65s)
[19:57:18] [gpu0_start3261] 386/1085 mol_id=380_0
[19:58:27]   LIMK2: conf=-0.560 (70s)
[19:59:31]   LIMK1: conf=-0.840 (64s)
[20:00:41]   ROCK1: conf=-0.940 (69s)
[20:00:41] [gpu0_start3261] 387/1085 mol_id=384-incomp_0
[20:01:14]   LIMK2: FAILED (33s)
[20:01:47]   LIMK1: FAILED (33s)
[20:02:21]   ROCK1: FAILED (34s)
[20:02:21] [gpu0_start3261] 388/1085 mol_id=396_0
[20:03:24]   LIMK2: conf=-0.660 (64s)
[20:04:22]   LIMK1: conf=-0.890 (58s)
[20:05:26]   ROCK1: conf=-0.260 (64s)
[20:05:26] [gpu0_start3261] 389/1085 mol_id=407-incomp_0
[20:05:59]   LIMK2: FAILED (33s)
[20:06:31]   LIMK1: FAILED (33s)
[20:07:06]   ROCK1: FAILED (35s)
[20:07:06] [gpu0_start3261] 390/1085 mol_id=413-incomp_0
[20:07:39]   LIMK2: FAILED (33s)
[20:08:14]   LIMK1: FAILED (35s)
[20:08:48]   ROCK1: FAILED (35s)
[20:08:48] [gpu0_start3261] 391/1085 mol_id=42_0
[20:09:54]   LIMK2: conf=-2.230 (66s)
[20:10:54]   LIMK1: conf=-0.770 (61s)
[20:12:04]   ROCK1: conf=-0.720 (70s)
[20:12:04] [gpu0_start3261] 392/1085 mol_id=421-incomp_0
[20:12:38]   LIMK2: FAILED (33s)
[20:13:12]   LIMK1: FAILED (34s)
[20:13:45]   ROCK1: FAILED (34s)
[20:13:45] [gpu0_start3261] 393/1085 mol_id=425_0
[20:14:50]   LIMK2: conf=-0.680 (64s)
[20:15:50]   LIMK1: conf=-0.850 (61s)
[20:16:56]   ROCK1: conf=-2.910 (66s)
[20:16:56] [gpu0_start3261] 394/1085 mol_id=426_0
[20:18:02]   LIMK2: conf=-1.440 (66s)
[20:19:05]   LIMK1: conf=-0.960 (63s)
[20:20:14]   ROCK1: conf=-2.240 (69s)
[20:20:14] [gpu0_start3261] 395/1085 mol_id=432_0
[20:21:20]   LIMK2: conf=-1.190 (66s)
[20:22:23]   LIMK1: conf=-1.240 (63s)
[20:23:31]   ROCK1: conf=-2.050 (68s)
[20:23:31] [gpu0_start3261] 396/1085 mol_id=434_0
[20:24:38]   LIMK2: conf=-0.860 (66s)
[20:25:22]   LIMK1: conf=-1.190 (45s)
[20:26:34]   ROCK1: conf=-2.050 (71s)
[20:26:34]   *** SELECTIVE margin=0.330 ***
[20:26:34] [gpu0_start3261] 397/1085 mol_id=437-incomp_0
[20:27:07]   LIMK2: FAILED (33s)
[20:27:40]   LIMK1: FAILED (33s)
[20:28:14]   ROCK1: FAILED (34s)
[20:28:14] [gpu0_start3261] 398/1085 mol_id=44-incomp_0
[20:28:47]   LIMK2: FAILED (33s)
[20:29:20]   LIMK1: FAILED (33s)
[20:29:54]   ROCK1: FAILED (34s)
[20:29:54] [gpu0_start3261] 399/1085 mol_id=444-incomp_0
[20:30:27]   LIMK2: FAILED (33s)
[20:31:01]   LIMK1: FAILED (34s)
[20:31:34]   ROCK1: FAILED (33s)
[20:31:34] [gpu0_start3261] 400/1085 mol_id=449_0
[20:32:38]   LIMK2: conf=-0.380 (64s)
[20:33:40]   LIMK1: conf=-0.960 (61s)
[20:34:45]   ROCK1: conf=-0.630 (66s)
[20:34:45] Progress: 400/1085 done, 3 selective so far
[20:34:45] [gpu0_start3261] 401/1085 mol_id=453-incomp_0
[20:35:18]   LIMK2: FAILED (33s)
[20:35:51]   LIMK1: FAILED (33s)
[20:36:25]   ROCK1: FAILED (34s)
[20:36:25] [gpu0_start3261] 402/1085 mol_id=454-incomp_0
[20:36:58]   LIMK2: FAILED (33s)
[20:37:31]   LIMK1: FAILED (33s)
[20:38:05]   ROCK1: FAILED (34s)
[20:38:05] [gpu0_start3261] 403/1085 mol_id=458_0
[20:39:09]   LIMK2: conf=-1.130 (64s)
[20:40:11]   LIMK1: conf=0.120 (62s)
[20:41:18]   ROCK1: conf=-0.990 (67s)
[20:41:18] [gpu0_start3261] 404/1085 mol_id=459-incomp_0
[20:41:51]   LIMK2: FAILED (33s)
[20:42:24]   LIMK1: FAILED (33s)
[20:42:57]   ROCK1: FAILED (33s)
[20:42:57] [gpu0_start3261] 405/1085 mol_id=460-incomp_0
[20:43:30]   LIMK2: FAILED (33s)
[20:44:04]   LIMK1: FAILED (33s)
[20:44:37]   ROCK1: FAILED (33s)
[20:44:37] [gpu0_start3261] 406/1085 mol_id=462-incomp_0
[20:45:10]   LIMK2: FAILED (33s)
[20:45:42]   LIMK1: FAILED (33s)
[20:46:16]   ROCK1: FAILED (34s)
[20:46:16] [gpu0_start3261] 407/1085 mol_id=467_0
[20:47:21]   LIMK2: conf=-0.570 (65s)
[20:48:23]   LIMK1: conf=-0.350 (62s)
[20:49:31]   ROCK1: conf=-2.360 (68s)
[20:49:31] [gpu0_start3261] 408/1085 mol_id=474-incomp_0
[20:50:04]   LIMK2: FAILED (33s)
[20:50:37]   LIMK1: FAILED (33s)
[20:51:10]   ROCK1: FAILED (33s)
[20:51:10] [gpu0_start3261] 409/1085 mol_id=478-incomp_0
[20:51:43]   LIMK2: FAILED (33s)
[20:52:15]   LIMK1: FAILED (33s)
[20:52:48]   ROCK1: FAILED (33s)
[20:52:48] [gpu0_start3261] 410/1085 mol_id=48-incomp_0
[20:53:21]   LIMK2: FAILED (32s)
[20:53:53]   LIMK1: FAILED (33s)
[20:54:27]   ROCK1: FAILED (34s)
[20:54:27] [gpu0_start3261] 411/1085 mol_id=491-incomp_0
[20:54:59]   LIMK2: FAILED (33s)
[20:55:32]   LIMK1: FAILED (33s)
[20:56:06]   ROCK1: FAILED (33s)
[20:56:06] [gpu0_start3261] 412/1085 mol_id=503-incomp_0
[20:56:38]   LIMK2: FAILED (32s)
[20:57:11]   LIMK1: FAILED (33s)
[20:57:45]   ROCK1: FAILED (33s)
[20:57:45] [gpu0_start3261] 413/1085 mol_id=512-incomp_0
[20:58:17]   LIMK2: FAILED (32s)
[20:58:50]   LIMK1: FAILED (33s)
[20:59:23]   ROCK1: FAILED (33s)
[20:59:23] [gpu0_start3261] 414/1085 mol_id=516-incomp_0
[20:59:56]   LIMK2: FAILED (33s)
[21:00:28]   LIMK1: FAILED (33s)
[21:01:02]   ROCK1: FAILED (33s)
[21:01:02] [gpu0_start3261] 415/1085 mol_id=517_0
[21:02:08]   LIMK2: conf=-2.110 (66s)
[21:03:10]   LIMK1: conf=-0.540 (63s)
[21:04:19]   ROCK1: conf=-2.260 (69s)
[21:04:19] [gpu0_start3261] 416/1085 mol_id=521_0
[21:05:26]   LIMK2: conf=-0.610 (66s)
[21:06:27]   LIMK1: conf=-0.220 (62s)
[21:07:35]   ROCK1: conf=-1.230 (67s)
[21:07:35] [gpu0_start3261] 417/1085 mol_id=523_0
[21:08:38]   LIMK2: conf=-0.220 (64s)
[21:09:38]   LIMK1: conf=-0.080 (59s)
[21:10:43]   ROCK1: conf=-0.780 (66s)
[21:10:43] [gpu0_start3261] 418/1085 mol_id=528-incomp_0
[21:11:16]   LIMK2: FAILED (33s)
[21:11:49]   LIMK1: FAILED (33s)
[21:12:22]   ROCK1: FAILED (33s)
[21:12:22] [gpu0_start3261] 419/1085 mol_id=529_0
[21:13:27]   LIMK2: conf=-0.490 (66s)
[21:14:31]   LIMK1: conf=-0.620 (64s)
[21:15:39]   ROCK1: conf=-2.430 (68s)
[21:15:39] [gpu0_start3261] 420/1085 mol_id=531-incomp_0
[21:16:11]   LIMK2: FAILED (32s)
[21:16:44]   LIMK1: FAILED (32s)
[21:17:17]   ROCK1: FAILED (33s)
[21:17:17] [gpu0_start3261] 421/1085 mol_id=537_0
[21:18:23]   LIMK2: conf=-2.570 (66s)
[21:19:25]   LIMK1: conf=-0.330 (61s)
[21:20:32]   ROCK1: conf=-1.190 (68s)
[21:20:32] [gpu0_start3261] 422/1085 mol_id=54_0
[21:21:36]   LIMK2: conf=-1.020 (64s)
[21:22:36]   LIMK1: conf=-0.240 (60s)
[21:23:42]   ROCK1: conf=-1.050 (66s)
[21:23:42] [gpu0_start3261] 423/1085 mol_id=540-incomp_0
[21:24:15]   LIMK2: FAILED (33s)
[21:24:47]   LIMK1: FAILED (33s)
[21:25:21]   ROCK1: FAILED (34s)
[21:25:21] [gpu0_start3261] 424/1085 mol_id=543_0
[21:26:24]   LIMK2: conf=-1.130 (62s)
[21:27:24]   LIMK1: conf=-0.380 (60s)
[21:28:28]   ROCK1: conf=-1.230 (64s)
[21:28:28] [gpu0_start3261] 425/1085 mol_id=546-incomp_0
[21:29:01]   LIMK2: FAILED (33s)
[21:29:34]   LIMK1: FAILED (33s)
[21:30:07]   ROCK1: FAILED (33s)
[21:30:07] [gpu0_start3261] 426/1085 mol_id=554-incomp_0
[21:30:39]   LIMK2: FAILED (33s)
[21:31:12]   LIMK1: FAILED (33s)
[21:31:46]   ROCK1: FAILED (33s)
[21:31:46] [gpu0_start3261] 427/1085 mol_id=564_0
[21:32:48]   LIMK2: conf=-1.280 (63s)
[21:33:49]   LIMK1: conf=-0.470 (60s)
[21:34:57]   ROCK1: conf=-0.750 (68s)
[21:34:57] [gpu0_start3261] 428/1085 mol_id=570-incomp_0
[21:35:30]   LIMK2: FAILED (33s)
[21:36:03]   LIMK1: FAILED (33s)
[21:36:37]   ROCK1: FAILED (34s)
[21:36:37] [gpu0_start3261] 429/1085 mol_id=576_0
[21:37:39]   LIMK2: conf=-2.950 (62s)
[21:38:40]   LIMK1: conf=0.130 (61s)
[21:39:46]   ROCK1: conf=-1.190 (66s)
[21:39:46] [gpu0_start3261] 430/1085 mol_id=582-incomp_0
[21:40:19]   LIMK2: FAILED (33s)
[21:40:51]   LIMK1: FAILED (33s)
[21:41:25]   ROCK1: FAILED (34s)
[21:41:25] [gpu0_start3261] 431/1085 mol_id=585-incomp_0
[21:41:58]   LIMK2: FAILED (33s)
[21:42:31]   LIMK1: FAILED (33s)
[21:43:05]   ROCK1: FAILED (34s)
[21:43:05] [gpu0_start3261] 432/1085 mol_id=597-incomp_0
[21:43:39]   LIMK2: FAILED (33s)
[21:44:12]   LIMK1: FAILED (33s)
[21:44:46]   ROCK1: FAILED (34s)
[21:44:46] [gpu0_start3261] 433/1085 mol_id=598-incomp_0
[21:45:19]   LIMK2: FAILED (33s)
[21:45:52]   LIMK1: FAILED (33s)
[21:46:27]   ROCK1: FAILED (34s)
[21:46:27] [gpu0_start3261] 434/1085 mol_id=599_0
[21:47:30]   LIMK2: conf=-0.540 (64s)
[21:48:30]   LIMK1: conf=-0.130 (60s)
[21:49:38]   ROCK1: conf=-0.450 (68s)
[21:49:38] [gpu0_start3261] 435/1085 mol_id=60-incomp_0
[21:50:11]   LIMK2: FAILED (33s)
[21:50:44]   LIMK1: FAILED (33s)
[21:51:18]   ROCK1: FAILED (34s)
[21:51:18] [gpu0_start3261] 436/1085 mol_id=605_0
[21:52:24]   LIMK2: conf=-1.900 (66s)
[21:53:26]   LIMK1: conf=-0.840 (62s)
[21:54:34]   ROCK1: conf=-1.430 (68s)
[21:54:34] [gpu0_start3261] 437/1085 mol_id=609_0
[21:55:40]   LIMK2: conf=-0.240 (66s)
[21:56:41]   LIMK1: conf=-0.530 (61s)
[21:57:48]   ROCK1: conf=-1.490 (67s)
[21:57:48] [gpu0_start3261] 438/1085 mol_id=61-incomp_0
[21:58:21]   LIMK2: FAILED (33s)
[21:58:53]   LIMK1: FAILED (33s)
[21:59:27]   ROCK1: FAILED (34s)
[21:59:27] [gpu0_start3261] 439/1085 mol_id=614_0
[22:00:31]   LIMK2: conf=-3.060 (64s)
[22:01:33]   LIMK1: conf=-1.120 (62s)
[22:02:39]   ROCK1: conf=-1.100 (66s)
[22:02:39] [gpu0_start3261] 440/1085 mol_id=623_0
[22:03:43]   LIMK2: conf=-1.740 (65s)
[22:04:44]   LIMK1: conf=-0.570 (61s)
[22:05:52]   ROCK1: conf=-2.800 (67s)
[22:05:52] [gpu0_start3261] 441/1085 mol_id=634-incomp_0
[22:06:24]   LIMK2: FAILED (32s)
[22:06:57]   LIMK1: FAILED (33s)
[22:07:31]   ROCK1: FAILED (34s)
[22:07:31] [gpu0_start3261] 442/1085 mol_id=636-incomp_0
[22:08:04]   LIMK2: FAILED (33s)
[22:08:37]   LIMK1: FAILED (33s)
[22:09:11]   ROCK1: FAILED (33s)
[22:09:11] [gpu0_start3261] 443/1085 mol_id=639-incomp_0
[22:09:43]   LIMK2: FAILED (33s)
[22:10:16]   LIMK1: FAILED (33s)
[22:10:50]   ROCK1: FAILED (34s)
[22:10:50] [gpu0_start3261] 444/1085 mol_id=64-incomp_0
[22:11:24]   LIMK2: FAILED (34s)
[22:11:57]   LIMK1: FAILED (33s)
[22:12:30]   ROCK1: FAILED (33s)
[22:12:30] [gpu0_start3261] 445/1085 mol_id=645_0
[22:13:35]   LIMK2: conf=-0.840 (65s)
[22:14:33]   LIMK1: conf=0.360 (58s)
[22:15:37]   ROCK1: conf=-4.070 (63s)
[22:15:37] [gpu0_start3261] 446/1085 mol_id=647_0
[22:16:41]   LIMK2: conf=-1.230 (64s)
[22:17:41]   LIMK1: conf=-0.560 (60s)
[22:18:47]   ROCK1: conf=-0.160 (66s)
[22:18:47] [gpu0_start3261] 447/1085 mol_id=649-incomp_0
[22:19:20]   LIMK2: FAILED (33s)
[22:19:53]   LIMK1: FAILED (33s)
[22:20:26]   ROCK1: FAILED (33s)
[22:20:26] [gpu0_start3261] 448/1085 mol_id=656_0
[22:21:30]   LIMK2: conf=-0.420 (64s)
[22:22:31]   LIMK1: conf=-0.560 (61s)
[22:23:36]   ROCK1: conf=-1.410 (65s)
[22:23:36] [gpu0_start3261] 449/1085 mol_id=659-incomp_0
[22:24:09]   LIMK2: FAILED (33s)
[22:24:42]   LIMK1: FAILED (33s)
[22:25:17]   ROCK1: FAILED (35s)
[22:25:17] [gpu0_start3261] 450/1085 mol_id=66-incomp_0
[22:25:51]   LIMK2: FAILED (34s)
[22:26:24]   LIMK1: FAILED (33s)
[22:26:58]   ROCK1: FAILED (34s)
[22:26:58] Progress: 450/1085 done, 3 selective so far
[22:26:58] [gpu0_start3261] 451/1085 mol_id=664_0
[22:28:03]   LIMK2: conf=-1.980 (65s)
[22:29:04]   LIMK1: conf=-0.460 (61s)
[22:30:09]   ROCK1: conf=-0.630 (64s)
[22:30:09] [gpu0_start3261] 452/1085 mol_id=669_0
[22:31:17]   LIMK2: conf=-1.200 (68s)
[22:32:20]   LIMK1: conf=-1.590 (63s)
[22:33:29]   ROCK1: conf=-0.880 (70s)
[22:33:29] [gpu0_start3261] 453/1085 mol_id=670-incomp_0
[22:34:02]   LIMK2: FAILED (33s)
[22:34:35]   LIMK1: FAILED (33s)
[22:35:09]   ROCK1: FAILED (34s)
[22:35:09] [gpu0_start3261] 454/1085 mol_id=671_0
[22:36:13]   LIMK2: conf=-1.950 (64s)
[22:37:14]   LIMK1: conf=-0.640 (61s)
[22:38:21]   ROCK1: conf=-0.830 (67s)
[22:38:21] [gpu0_start3261] 455/1085 mol_id=673_0
[22:39:24]   LIMK2: conf=-0.500 (63s)
[22:40:23]   LIMK1: conf=-0.100 (59s)
[22:41:27]   ROCK1: conf=-1.220 (64s)
[22:41:27] [gpu0_start3261] 456/1085 mol_id=675-incomp_0
[22:42:00]   LIMK2: FAILED (33s)
[22:42:32]   LIMK1: FAILED (32s)
[22:43:06]   ROCK1: FAILED (34s)
[22:43:06] [gpu0_start3261] 457/1085 mol_id=677_0
[22:44:13]   LIMK2: conf=-1.360 (67s)
[22:45:16]   LIMK1: conf=-0.380 (64s)
[22:46:25]   ROCK1: conf=-1.910 (69s)
[22:46:25] [gpu0_start3261] 458/1085 mol_id=68_0
[22:47:32]   LIMK2: conf=-1.360 (67s)
[22:48:35]   LIMK1: conf=-0.680 (63s)
[22:49:43]   ROCK1: conf=-2.390 (68s)
[22:49:43] [gpu0_start3261] 459/1085 mol_id=682-incomp_0
[22:50:16]   LIMK2: FAILED (33s)
[22:50:48]   LIMK1: FAILED (33s)
[22:51:22]   ROCK1: FAILED (34s)
[22:51:22] [gpu0_start3261] 460/1085 mol_id=684_0
[22:52:25]   LIMK2: conf=-0.640 (63s)
[22:53:24]   LIMK1: conf=-0.290 (58s)
[22:54:29]   ROCK1: conf=-0.480 (66s)
[22:54:29] [gpu0_start3261] 461/1085 mol_id=686_0
[22:55:35]   LIMK2: conf=-2.080 (66s)
[22:56:37]   LIMK1: conf=-1.210 (62s)
[22:57:46]   ROCK1: conf=-2.340 (69s)
[22:57:46] [gpu0_start3261] 462/1085 mol_id=689-incomp_0
[22:58:18]   LIMK2: FAILED (33s)
[22:58:52]   LIMK1: FAILED (33s)
[22:59:25]   ROCK1: FAILED (33s)
[22:59:25] [gpu0_start3261] 463/1085 mol_id=69-incomp_0
[22:59:57]   LIMK2: FAILED (33s)
[23:00:31]   LIMK1: FAILED (33s)
[23:01:04]   ROCK1: FAILED (34s)
[23:01:04] [gpu0_start3261] 464/1085 mol_id=694-incomp_0
[23:01:37]   LIMK2: FAILED (32s)
[23:02:09]   LIMK1: FAILED (33s)
[23:02:43]   ROCK1: FAILED (34s)
[23:02:43] [gpu0_start3261] 465/1085 mol_id=699-incomp_0
[23:03:16]   LIMK2: FAILED (33s)
[23:03:49]   LIMK1: FAILED (33s)
[23:04:23]   ROCK1: FAILED (34s)
[23:04:23] [gpu0_start3261] 466/1085 mol_id=7-incomp_0
[23:04:56]   LIMK2: FAILED (33s)
[23:05:28]   LIMK1: FAILED (33s)
[23:06:02]   ROCK1: FAILED (34s)
[23:06:02] [gpu0_start3261] 467/1085 mol_id=710-incomp_0
[23:06:35]   LIMK2: FAILED (33s)
[23:07:08]   LIMK1: FAILED (33s)
[23:07:42]   ROCK1: FAILED (34s)
[23:07:42] [gpu0_start3261] 468/1085 mol_id=713_0
[23:08:47]   LIMK2: conf=-3.210 (65s)
[23:09:47]   LIMK1: conf=0.060 (61s)
[23:10:54]   ROCK1: conf=-1.060 (67s)
[23:10:54] [gpu0_start3261] 469/1085 mol_id=730_0
[23:12:02]   LIMK2: conf=-1.460 (67s)
[23:13:04]   LIMK1: conf=-0.210 (62s)
[23:14:13]   ROCK1: conf=-1.800 (69s)
[23:14:13] [gpu0_start3261] 470/1085 mol_id=735_0
[23:15:19]   LIMK2: conf=-0.640 (66s)
[23:16:20]   LIMK1: conf=-0.030 (62s)
[23:17:25]   ROCK1: conf=-0.600 (64s)
[23:17:25] [gpu0_start3261] 471/1085 mol_id=746_0
[23:18:30]   LIMK2: conf=-1.350 (65s)
[23:19:30]   LIMK1: conf=-0.060 (61s)
[23:20:36]   ROCK1: conf=-2.290 (66s)
[23:20:36] [gpu0_start3261] 472/1085 mol_id=757_0
[23:21:40]   LIMK2: conf=-0.710 (64s)
[23:22:41]   LIMK1: conf=-0.080 (60s)
[23:23:46]   ROCK1: conf=-1.680 (65s)
[23:23:46] [gpu0_start3261] 473/1085 mol_id=761_0
[23:24:50]   LIMK2: conf=-1.030 (64s)
[23:25:50]   LIMK1: conf=-0.140 (60s)
[23:26:55]   ROCK1: conf=-0.340 (65s)
[23:26:55] [gpu0_start3261] 474/1085 mol_id=775-incomp_0
[23:27:28]   LIMK2: FAILED (33s)
[23:28:01]   LIMK1: FAILED (33s)
[23:28:35]   ROCK1: FAILED (34s)
[23:28:35] [gpu0_start3261] 475/1085 mol_id=779-incomp_0
[23:29:07]   LIMK2: FAILED (32s)
[23:29:40]   LIMK1: FAILED (33s)
[23:30:13]   ROCK1: FAILED (33s)
[23:30:13] [gpu0_start3261] 476/1085 mol_id=781-incomp_0
[23:30:47]   LIMK2: FAILED (34s)
[23:31:20]   LIMK1: FAILED (33s)
[23:31:53]   ROCK1: FAILED (33s)
[23:31:53] [gpu0_start3261] 477/1085 mol_id=782_0
[23:32:59]   LIMK2: conf=-1.810 (66s)
[23:34:02]   LIMK1: conf=-0.450 (63s)
[23:35:07]   ROCK1: conf=-1.200 (65s)
[23:35:07] [gpu0_start3261] 478/1085 mol_id=783-incomp_0
[23:35:39]   LIMK2: FAILED (33s)
[23:36:12]   LIMK1: FAILED (33s)
[23:36:45]   ROCK1: FAILED (33s)
[23:36:45] [gpu0_start3261] 479/1085 mol_id=791_0
[23:37:53]   LIMK2: conf=-1.940 (68s)
[23:38:58]   LIMK1: conf=-0.090 (64s)
[23:40:07]   ROCK1: conf=-1.050 (69s)
[23:40:07] [gpu0_start3261] 480/1085 mol_id=793-incomp_0
[23:40:41]   LIMK2: FAILED (34s)
[23:41:15]   LIMK1: FAILED (34s)
[23:41:49]   ROCK1: FAILED (34s)
[23:41:49] [gpu0_start3261] 481/1085 mol_id=794-incomp_0
[23:42:22]   LIMK2: FAILED (33s)
[23:42:54]   LIMK1: FAILED (33s)
[23:43:27]   ROCK1: FAILED (33s)
[23:43:27] [gpu0_start3261] 482/1085 mol_id=796_0
[23:44:34]   LIMK2: conf=-1.210 (67s)
[23:45:39]   LIMK1: conf=-0.580 (65s)
[23:46:49]   ROCK1: conf=-0.860 (70s)
[23:46:49] [gpu0_start3261] 483/1085 mol_id=80-incomp_0
[23:47:22]   LIMK2: FAILED (33s)
[23:47:56]   LIMK1: FAILED (34s)
[23:48:30]   ROCK1: FAILED (34s)
[23:48:30] [gpu0_start3261] 484/1085 mol_id=805-incomp_0
[23:49:03]   LIMK2: FAILED (33s)
[23:49:37]   LIMK1: FAILED (33s)
[23:50:11]   ROCK1: FAILED (35s)
[23:50:11] [gpu0_start3261] 485/1085 mol_id=812_0
[23:51:17]   LIMK2: conf=-1.620 (66s)
[23:52:19]   LIMK1: conf=-0.100 (62s)
[23:53:23]   ROCK1: conf=-1.040 (64s)
[23:53:23] [gpu0_start3261] 486/1085 mol_id=816-incomp_0
[23:53:55]   LIMK2: FAILED (33s)
[23:54:28]   LIMK1: FAILED (33s)
[23:55:02]   ROCK1: FAILED (34s)
[23:55:02] [gpu0_start3261] 487/1085 mol_id=821_0
[23:56:08]   LIMK2: conf=-2.460 (66s)
[23:57:08]   LIMK1: conf=-0.920 (60s)
[23:58:17]   ROCK1: conf=-5.820 (69s)
[23:58:17] [gpu0_start3261] 488/1085 mol_id=822_0
[23:59:22]   LIMK2: conf=-1.700 (65s)
[00:00:24]   LIMK1: conf=-0.100 (62s)
[00:01:30]   ROCK1: conf=-0.590 (66s)
[00:01:30] [gpu0_start3261] 489/1085 mol_id=833-incomp_0
[00:02:03]   LIMK2: FAILED (33s)
[00:02:36]   LIMK1: FAILED (32s)
[00:03:09]   ROCK1: FAILED (33s)
[00:03:09] [gpu0_start3261] 490/1085 mol_id=84_0
[00:04:10]   LIMK2: conf=-0.170 (61s)
[00:05:10]   LIMK1: conf=-0.850 (60s)
[00:06:14]   ROCK1: conf=-1.230 (65s)
[00:06:14]   *** SELECTIVE margin=0.680 ***
[00:06:14] [gpu0_start3261] 491/1085 mol_id=844-incomp_0
[00:06:48]   LIMK2: FAILED (33s)
[00:07:21]   LIMK1: FAILED (33s)
[00:07:54]   ROCK1: FAILED (34s)
[00:07:54] [gpu0_start3261] 492/1085 mol_id=845-incomp_0
[00:08:27]   LIMK2: FAILED (33s)
[00:09:00]   LIMK1: FAILED (33s)
[00:09:33]   ROCK1: FAILED (34s)
[00:09:33] [gpu0_start3261] 493/1085 mol_id=846_0
[00:10:37]   LIMK2: conf=-0.790 (64s)
[00:11:38]   LIMK1: conf=-0.330 (60s)
[00:12:42]   ROCK1: conf=-0.890 (65s)
[00:12:42] [gpu0_start3261] 494/1085 mol_id=848_0
[00:13:48]   LIMK2: conf=-2.250 (66s)
[00:14:51]   LIMK1: conf=-1.290 (62s)
[00:15:59]   ROCK1: conf=-1.540 (69s)
[00:15:59] [gpu0_start3261] 495/1085 mol_id=849-incomp_0
[00:16:32]   LIMK2: FAILED (33s)
[00:17:05]   LIMK1: FAILED (33s)
[00:17:38]   ROCK1: FAILED (33s)
[00:17:38] [gpu0_start3261] 496/1085 mol_id=85-incomp_0
[00:18:11]   LIMK2: FAILED (33s)
[00:18:44]   LIMK1: FAILED (33s)
[00:19:17]   ROCK1: FAILED (33s)
[00:19:17] [gpu0_start3261] 497/1085 mol_id=851_0
[00:20:21]   LIMK2: conf=-0.050 (64s)
[00:21:22]   LIMK1: conf=-0.730 (60s)
[00:22:27]   ROCK1: conf=-4.030 (66s)
[00:22:27]   *** SELECTIVE margin=0.680 ***
[00:22:27] [gpu0_start3261] 498/1085 mol_id=855-incomp_0
[00:23:00]   LIMK2: FAILED (33s)
[00:23:33]   LIMK1: FAILED (33s)
[00:24:07]   ROCK1: FAILED (33s)
[00:24:07] [gpu0_start3261] 499/1085 mol_id=856_0
[00:25:15]   LIMK2: conf=-0.250 (68s)
[00:26:17]   LIMK1: conf=-0.040 (62s)
[00:27:25]   ROCK1: conf=-1.110 (69s)
[00:27:25] [gpu0_start3261] 500/1085 mol_id=858_0
[00:28:26]   LIMK2: conf=-0.760 (61s)
[00:29:24]   LIMK1: conf=-0.190 (58s)
[00:30:26]   ROCK1: conf=-1.180 (62s)
[00:30:26] Progress: 500/1085 done, 5 selective so far
[00:30:26] [gpu0_start3261] 501/1085 mol_id=862-incomp_0
[00:30:59]   LIMK2: FAILED (33s)
[00:31:32]   LIMK1: FAILED (33s)
[00:32:06]   ROCK1: FAILED (34s)
[00:32:06] [gpu0_start3261] 502/1085 mol_id=87_0
[00:33:09]   LIMK2: conf=-0.570 (63s)
[00:34:08]   LIMK1: conf=0.120 (59s)
[00:35:13]   ROCK1: conf=-1.820 (65s)
[00:35:13] [gpu0_start3261] 503/1085 mol_id=870-incomp_0
[00:35:45]   LIMK2: FAILED (33s)
[00:36:18]   LIMK1: FAILED (33s)
[00:36:52]   ROCK1: FAILED (34s)
[00:36:52] [gpu0_start3261] 504/1085 mol_id=872_0
[00:37:52]   LIMK2: conf=-0.450 (60s)
[00:38:49]   LIMK1: conf=0.030 (58s)
[00:39:52]   ROCK1: conf=-0.880 (62s)
[00:39:52] [gpu0_start3261] 505/1085 mol_id=877-incomp_0
[00:40:24]   LIMK2: FAILED (33s)
[00:40:57]   LIMK1: FAILED (33s)
[00:41:31]   ROCK1: FAILED (33s)
[00:41:31] [gpu0_start3261] 506/1085 mol_id=883_0
[00:42:32]   LIMK2: conf=-0.530 (61s)
[00:43:33]   LIMK1: conf=-0.560 (61s)
[00:44:38]   ROCK1: conf=-0.830 (65s)
[00:44:38] [gpu0_start3261] 507/1085 mol_id=885-incomp_0
[00:45:11]   LIMK2: FAILED (33s)
[00:45:44]   LIMK1: FAILED (33s)
[00:46:17]   ROCK1: FAILED (33s)
[00:46:17] [gpu0_start3261] 508/1085 mol_id=889-incomp_0
[00:46:50]   LIMK2: FAILED (33s)
[00:47:23]   LIMK1: FAILED (33s)
[00:47:56]   ROCK1: FAILED (33s)
[00:47:56] [gpu0_start3261] 509/1085 mol_id=896-incomp_0
[00:48:29]   LIMK2: FAILED (33s)
[00:49:02]   LIMK1: FAILED (33s)
[00:49:35]   ROCK1: FAILED (34s)
[00:49:35] [gpu0_start3261] 510/1085 mol_id=897_0
[00:50:42]   LIMK2: conf=-0.510 (66s)
[00:51:43]   LIMK1: conf=-0.650 (62s)
[00:52:47]   ROCK1: conf=-1.830 (64s)
[00:52:47] [gpu0_start3261] 511/1085 mol_id=908_0
[00:53:55]   LIMK2: conf=-1.040 (68s)
[00:55:00]   LIMK1: conf=-1.320 (65s)
[00:56:10]   ROCK1: conf=-2.310 (70s)
[00:56:10] [gpu0_start3261] 512/1085 mol_id=914-incomp_0
[00:56:43]   LIMK2: FAILED (33s)
[00:57:16]   LIMK1: FAILED (33s)
[00:57:49]   ROCK1: FAILED (33s)
[00:57:49] [gpu0_start3261] 513/1085 mol_id=918_0
[00:58:54]   LIMK2: conf=-2.170 (65s)
[00:59:55]   LIMK1: conf=-0.030 (61s)
[01:01:03]   ROCK1: conf=-0.650 (68s)
[01:01:03] [gpu0_start3261] 514/1085 mol_id=922-incomp_0
[01:01:37]   LIMK2: FAILED (34s)
[01:02:10]   LIMK1: FAILED (33s)
[01:02:44]   ROCK1: FAILED (34s)
[01:02:44] [gpu0_start3261] 515/1085 mol_id=923_0
[01:03:48]   LIMK2: conf=0.010 (64s)
[01:04:48]   LIMK1: conf=-0.010 (60s)
[01:05:54]   ROCK1: conf=-0.370 (66s)
[01:05:54] [gpu0_start3261] 516/1085 mol_id=926_0
[01:07:03]   LIMK2: conf=-0.520 (68s)
[01:08:06]   LIMK1: conf=-0.610 (63s)
[01:09:15]   ROCK1: conf=-3.200 (69s)
[01:09:15] [gpu0_start3261] 517/1085 mol_id=929-incomp_0
[01:09:48]   LIMK2: FAILED (33s)
[01:10:21]   LIMK1: FAILED (33s)
[01:10:55]   ROCK1: FAILED (33s)
[01:10:55] [gpu0_start3261] 518/1085 mol_id=931-incomp_0
[01:11:28]   LIMK2: FAILED (33s)
[01:12:01]   LIMK1: FAILED (33s)
[01:12:34]   ROCK1: FAILED (33s)
[01:12:34] [gpu0_start3261] 519/1085 mol_id=935_0
[01:13:38]   LIMK2: conf=-0.610 (64s)
[01:14:38]   LIMK1: conf=0.690 (60s)
[01:15:45]   ROCK1: conf=0.150 (67s)
[01:15:45] [gpu0_start3261] 520/1085 mol_id=937_0
[01:16:50]   LIMK2: conf=-0.400 (65s)
[01:17:51]   LIMK1: conf=-0.230 (62s)
[01:19:00]   ROCK1: conf=-1.960 (69s)
[01:19:00] [gpu0_start3261] 521/1085 mol_id=940-incomp_0
[01:19:33]   LIMK2: FAILED (33s)
[01:20:06]   LIMK1: FAILED (33s)
[01:20:39]   ROCK1: FAILED (33s)
[01:20:39] [gpu0_start3261] 522/1085 mol_id=955_0
[01:21:42]   LIMK2: conf=-0.860 (62s)
[01:22:39]   LIMK1: conf=-0.780 (57s)
[01:23:45]   ROCK1: conf=-0.960 (67s)
[01:23:45] [gpu0_start3261] 523/1085 mol_id=957_0
[01:24:48]   LIMK2: conf=-0.890 (63s)
[01:25:47]   LIMK1: conf=0.070 (59s)
[01:26:51]   ROCK1: conf=-3.720 (64s)
[01:26:51] [gpu0_start3261] 524/1085 mol_id=960-incomp_0
[01:27:24]   LIMK2: FAILED (33s)
[01:27:57]   LIMK1: FAILED (33s)
[01:28:30]   ROCK1: FAILED (33s)
[01:28:30] [gpu0_start3261] 525/1085 mol_id=963-incomp_0
[01:29:03]   LIMK2: FAILED (33s)
[01:29:36]   LIMK1: FAILED (33s)
[01:30:10]   ROCK1: FAILED (33s)
[01:30:10] [gpu0_start3261] 526/1085 mol_id=97_0
[01:31:12]   LIMK2: conf=-1.940 (63s)
[01:32:08]   LIMK1: conf=-0.210 (56s)
[01:33:10]   ROCK1: conf=-0.700 (62s)
[01:33:10] [gpu0_start3261] 527/1085 mol_id=975_0
[01:34:21]   LIMK2: conf=-1.390 (70s)
[01:35:27]   LIMK1: conf=-0.020 (67s)
[01:36:39]   ROCK1: conf=-3.890 (71s)
[01:36:39] [gpu0_start3261] 528/1085 mol_id=979_0
[01:37:45]   LIMK2: conf=-2.090 (66s)
[01:38:48]   LIMK1: conf=-1.410 (63s)
[01:39:57]   ROCK1: conf=-1.510 (69s)
[01:39:57] [gpu0_start3261] 529/1085 mol_id=98-incomp_0
[01:40:30]   LIMK2: FAILED (33s)
[01:41:03]   LIMK1: FAILED (33s)
[01:41:37]   ROCK1: FAILED (34s)
[01:41:37] [gpu0_start3261] 530/1085 mol_id=980_0
[01:42:41]   LIMK2: conf=-0.690 (64s)
[01:43:40]   LIMK1: conf=-0.320 (60s)
[01:44:43]   ROCK1: conf=-1.650 (63s)
[01:44:43] [gpu0_start3261] 531/1085 mol_id=987_0
[01:45:48]   LIMK2: conf=-0.210 (64s)
[01:46:49]   LIMK1: conf=-0.730 (61s)
[01:47:52]   ROCK1: conf=-0.670 (63s)
[01:47:52]   *** SELECTIVE margin=0.460 ***
[01:47:52] [gpu0_start3261] 532/1085 mol_id=99-incomp_0
[01:48:25]   LIMK2: FAILED (33s)
[01:48:58]   LIMK1: FAILED (33s)
[01:49:32]   ROCK1: FAILED (34s)
[01:49:32] [gpu0_start3261] 533/1085 mol_id=994-incomp_0
[01:50:04]   LIMK2: FAILED (33s)
[01:50:37]   LIMK1: FAILED (33s)
[01:51:10]   ROCK1: FAILED (33s)
[01:51:10] [gpu0_start3261] 534/1085 mol_id=995_0
[01:52:18]   LIMK2: conf=-0.950 (68s)
[01:53:20]   LIMK1: conf=-0.190 (62s)
[01:54:28]   ROCK1: conf=-1.070 (68s)
[01:54:28] [gpu0_start3261] 535/1085 mol_id=1006_0
[01:55:32]   LIMK2: conf=-1.040 (64s)
[01:56:30]   LIMK1: conf=-0.770 (58s)
[01:57:37]   ROCK1: conf=-1.650 (67s)
[01:57:37] [gpu0_start3261] 536/1085 mol_id=1018-incomp_0
[01:58:09]   LIMK2: FAILED (33s)
[01:58:42]   LIMK1: FAILED (33s)
[01:59:16]   ROCK1: FAILED (34s)
[01:59:16] [gpu0_start3261] 537/1085 mol_id=1019_0
[02:00:20]   LIMK2: conf=-0.510 (64s)
[02:01:19]   LIMK1: conf=-0.970 (59s)
[02:02:24]   ROCK1: conf=-1.870 (65s)
[02:02:24]   *** SELECTIVE margin=0.460 ***
[02:02:24] [gpu0_start3261] 538/1085 mol_id=1021_0
[02:03:26]   LIMK2: conf=-0.810 (62s)
[02:04:27]   LIMK1: conf=-0.900 (60s)
[02:05:29]   ROCK1: conf=-0.850 (62s)
[02:05:29] [gpu0_start3261] 539/1085 mol_id=1023_0
[02:06:35]   LIMK2: conf=-0.530 (67s)
[02:07:37]   LIMK1: conf=-0.650 (61s)
[02:08:42]   ROCK1: conf=-0.750 (65s)
[02:08:42] [gpu0_start3261] 540/1085 mol_id=1025_0
[02:09:48]   LIMK2: conf=-0.840 (65s)
[02:10:50]   LIMK1: conf=0.220 (62s)
[02:11:57]   ROCK1: conf=-2.140 (67s)
[02:11:57] [gpu0_start3261] 541/1085 mol_id=1027_0
[02:13:01]   LIMK2: conf=-0.670 (65s)
[02:14:04]   LIMK1: conf=-0.680 (62s)
[02:15:11]   ROCK1: conf=-0.740 (68s)
[02:15:11] [gpu0_start3261] 542/1085 mol_id=1028-incomp_0
[02:15:46]   LIMK2: FAILED (35s)
[02:16:19]   LIMK1: FAILED (33s)
[02:16:53]   ROCK1: FAILED (34s)
[02:16:53] [gpu0_start3261] 543/1085 mol_id=103_0
[02:17:59]   LIMK2: conf=-0.970 (66s)
[02:19:00]   LIMK1: conf=-0.430 (61s)
[02:20:09]   ROCK1: conf=-0.790 (69s)
[02:20:09] [gpu0_start3261] 544/1085 mol_id=1032-incomp_0
[02:20:42]   LIMK2: FAILED (33s)
[02:21:14]   LIMK1: FAILED (33s)
[02:21:48]   ROCK1: FAILED (34s)
[02:21:48] [gpu0_start3261] 545/1085 mol_id=1040-incomp_0
[02:22:21]   LIMK2: FAILED (33s)
[02:22:54]   LIMK1: FAILED (33s)
[02:23:27]   ROCK1: FAILED (34s)
[02:23:27] [gpu0_start3261] 546/1085 mol_id=1043_0
[02:24:32]   LIMK2: conf=-2.580 (65s)
[02:25:35]   LIMK1: conf=0.040 (63s)
[02:26:42]   ROCK1: conf=-1.700 (67s)
[02:26:42] [gpu0_start3261] 547/1085 mol_id=1045_0
[02:27:50]   LIMK2: conf=-3.690 (68s)
[02:28:53]   LIMK1: conf=0.220 (64s)
[02:30:03]   ROCK1: conf=-1.540 (69s)
[02:30:03] [gpu0_start3261] 548/1085 mol_id=1050-incomp_0
[02:30:35]   LIMK2: FAILED (32s)
[02:31:08]   LIMK1: FAILED (33s)
[02:31:41]   ROCK1: FAILED (33s)
[02:31:41] [gpu0_start3261] 549/1085 mol_id=1055-incomp_0
[02:32:14]   LIMK2: FAILED (33s)
[02:32:46]   LIMK1: FAILED (33s)
[02:33:20]   ROCK1: FAILED (34s)
[02:33:20] [gpu0_start3261] 550/1085 mol_id=1057-incomp_0
[02:33:53]   LIMK2: FAILED (33s)
[02:34:26]   LIMK1: FAILED (33s)
[02:35:00]   ROCK1: FAILED (34s)
[02:35:00] Progress: 550/1085 done, 7 selective so far
[02:35:00] [gpu0_start3261] 551/1085 mol_id=1058-incomp_0
[02:35:32]   LIMK2: FAILED (33s)
[02:36:05]   LIMK1: FAILED (33s)
[02:36:38]   ROCK1: FAILED (33s)
[02:36:38] Saved 551 total, 7 selective → /results/diffdock_selectivity
[02:36:38] 
============================================================
[02:36:38] CHUNK COMPLETE: 551 molecules in 7.95h
[02:36:38] Selective (margin > 0.3): 7
[02:36:38] Top 5 by selectivity margin:
[02:36:38]   84_0: LIMK2=-0.170 LIMK1=-0.850 ROCK1=-1.230 margin=0.680
[02:36:38]   851_0: LIMK2=-0.050 LIMK1=-0.730 ROCK1=-4.030 margin=0.680
[02:36:38]   293_0: LIMK2=-0.680 LIMK1=-1.480 ROCK1=-1.220 margin=0.540
[02:36:38]   987_0: LIMK2=-0.210 LIMK1=-0.730 ROCK1=-0.670 margin=0.460
[02:36:38]   1019_0: LIMK2=-0.510 LIMK1=-0.970 ROCK1=-1.870 margin=0.460
[02:36:38] Results: /results/diffdock_selectivity
[02:36:38] ============================================================
