accession	header	seq_len
P0C6T2	sp|P0C6T2|OST4_HUMAN Dolichyl-diphosphooligosaccharide--protein glycosyltransferase subunit 4 OS=Homo sapiens OX=9606 GN=OST4 PE=1 SV=1	37
P62328	sp|P62328|TYB4_HUMAN Thymosin beta-4 OS=Homo sapiens OX=9606 GN=TMSB4X PE=1 SV=2	44
P63313	sp|P63313|TYB10_HUMAN Thymosin beta-10 OS=Homo sapiens OX=9606 GN=TMSB10 PE=1 SV=2	44
Q8N4H5	sp|Q8N4H5|TOM5_HUMAN Mitochondrial import receptor subunit TOM5 homolog OS=Homo sapiens OX=9606 GN=TOMM5 PE=1 SV=1	51
Q9P0U1	sp|Q9P0U1|TOM7_HUMAN Mitochondrial import receptor subunit TOM7 homolog OS=Homo sapiens OX=9606 GN=TOMM7 PE=1 SV=1	55
A0A1B0GUW7	sp|A0A1B0GUW7|SIM27_HUMAN Small integral membrane protein 27 OS=Homo sapiens OX=9606 GN=SMIM27 PE=1 SV=1	55
O14957	sp|O14957|QCR10_HUMAN Cytochrome b-c1 complex subunit 10 OS=Homo sapiens OX=9606 GN=UQCR11 PE=1 SV=1	56
Q8NCU8	sp|Q8NCU8|MTLN_HUMAN Mitoregulin OS=Homo sapiens OX=9606 GN=MTLN PE=1 SV=2	56
Q96I36	sp|Q96I36|COX14_HUMAN Cytochrome c oxidase assembly protein COX14 OS=Homo sapiens OX=9606 GN=COX14 PE=1 SV=1	57
Q96IX5	sp|Q96IX5|ATPMK_HUMAN ATP synthase F(0) complex subunit k, mitochondrial OS=Homo sapiens OX=9606 GN=ATP5MK PE=1 SV=1	58
O75438	sp|O75438|NDUB1_HUMAN NADH dehydrogenase [ubiquinone] 1 beta subcomplex subunit 1 OS=Homo sapiens OX=9606 GN=NDUFB1 PE=1 SV=1	58
P56378	sp|P56378|ATP68_HUMAN ATP synthase F(0) complex subunit j, mitochondrial OS=Homo sapiens OX=9606 GN=ATP5MJ PE=1 SV=1	58
P58511	sp|P58511|SIM11_HUMAN Small integral membrane protein 11 OS=Homo sapiens OX=9606 GN=SMIM11 PE=1 SV=1	58
A4D0T7	sp|A4D0T7|SIM30_HUMAN Small integral membrane protein 30 OS=Homo sapiens OX=9606 GN=SMIM30 PE=1 SV=2	59
Q9NRQ5	sp|Q9NRQ5|SMCO4_HUMAN Single-pass membrane and coiled-coil domain-containing protein 4 OS=Homo sapiens OX=9606 GN=SMCO4 PE=1 SV=1	59
Q9BZL3	sp|Q9BZL3|SMIM3_HUMAN Small integral membrane protein 3 OS=Homo sapiens OX=9606 GN=SMIM3 PE=1 SV=1	60
P02795	sp|P02795|MT2_HUMAN Metallothionein-2 OS=Homo sapiens OX=9606 GN=MT2A PE=1 SV=1	61
P31358	sp|P31358|CD52_HUMAN CAMPATH-1 antigen OS=Homo sapiens OX=9606 GN=CD52 PE=1 SV=1	61
P0DI80	sp|P0DI80|ERLN_HUMAN Endoregulin OS=Homo sapiens OX=9606 GN=ERLN PE=1 SV=1	62
P15954	sp|P15954|COX7C_HUMAN Cytochrome c oxidase subunit 7C, mitochondrial OS=Homo sapiens OX=9606 GN=COX7C PE=1 SV=1	63
Q9UDW1	sp|Q9UDW1|QCR9_HUMAN Cytochrome b-c1 complex subunit 9 OS=Homo sapiens OX=9606 GN=UQCR10 PE=1 SV=3	63
Q8N6R1	sp|Q8N6R1|SERP2_HUMAN Stress-associated endoplasmic reticulum protein 2 OS=Homo sapiens OX=9606 GN=SERP2 PE=1 SV=1	65
Q8WVX3	sp|Q8WVX3|SRALN_HUMAN Sarcoplasmic/endoplasmic reticulum calcium ATPase regulator ARLN OS=Homo sapiens OX=9606 GN=ARLN PE=1 SV=2	66
Q9Y6X1	sp|Q9Y6X1|SERP1_HUMAN Stress-associated endoplasmic reticulum protein 1 OS=Homo sapiens OX=9606 GN=SERP1 PE=1 SV=1	66
P62875	sp|P62875|RPAB5_HUMAN DNA-directed RNA polymerases I, II, and III subunit RPABC5 OS=Homo sapiens OX=9606 GN=POLR2L PE=1 SV=1	67
Q8N5G0	sp|Q8N5G0|SIM20_HUMAN Small integral membrane protein 20 OS=Homo sapiens OX=9606 GN=SMIM20 PE=1 SV=3	67
P60059	sp|P60059|SC61G_HUMAN Protein transport protein Sec61 subunit gamma OS=Homo sapiens OX=9606 GN=SEC61G PE=1 SV=1	68
P56385	sp|P56385|ATP5I_HUMAN ATP synthase F(0) complex subunit e, mitochondrial OS=Homo sapiens OX=9606 GN=ATP5ME PE=1 SV=2	69
P10176	sp|P10176|COX8A_HUMAN Cytochrome c oxidase subunit 8A, mitochondrial OS=Homo sapiens OX=9606 GN=COX8A PE=1 SV=2	69
O15239	sp|O15239|NDUA1_HUMAN NADH dehydrogenase [ubiquinone] 1 alpha subcomplex subunit 1 OS=Homo sapiens OX=9606 GN=NDUFA1 PE=1 SV=1	70
Q8WVI0	sp|Q8WVI0|UQCC5_HUMAN Ubiquinol-cytochrome c reductase complex assembly factor 5 OS=Homo sapiens OX=9606 GN=UQCC5 PE=1 SV=2	70
Q3MUY2	sp|Q3MUY2|PIGY_HUMAN Phosphatidylinositol N-acetylglucosaminyltransferase subunit Y OS=Homo sapiens OX=9606 GN=PIGY PE=1 SV=1	71
Q969W0	sp|Q969W0|SPTSA_HUMAN Serine palmitoyltransferase small subunit A OS=Homo sapiens OX=9606 GN=SPTSSA PE=1 SV=2	71
Q8TBQ9	sp|Q8TBQ9|KISHA_HUMAN Protein kish-A OS=Homo sapiens OX=9606 GN=TMEM167A PE=1 SV=1	72
Q9NRX6	sp|Q9NRX6|KISHB_HUMAN Protein kish-B OS=Homo sapiens OX=9606 GN=TMEM167B PE=1 SV=1	74
P09669	sp|P09669|COX6C_HUMAN Cytochrome c oxidase subunit 6C OS=Homo sapiens OX=9606 GN=COX6C PE=1 SV=2	75
Q9BQ49	sp|Q9BQ49|SMIM7_HUMAN Small integral membrane protein 7 OS=Homo sapiens OX=9606 GN=SMIM7 PE=1 SV=2	75
Q15847	sp|Q15847|ADIRF_HUMAN Adipogenesis regulatory factor OS=Homo sapiens OX=9606 GN=ADIRF PE=1 SV=1	76
Q8TCD1	sp|Q8TCD1|CR032_HUMAN UPF0729 protein C18orf32 OS=Homo sapiens OX=9606 GN=C18orf32 PE=1 SV=1	76
O43677	sp|O43677|NDUC1_HUMAN NADH dehydrogenase [ubiquinone] 1 subunit C1, mitochondrial OS=Homo sapiens OX=9606 GN=NDUFC1 PE=1 SV=1	76
O43715	sp|O43715|TRIA1_HUMAN TP53-regulated inhibitor of apoptosis 1 OS=Homo sapiens OX=9606 GN=TRIAP1 PE=1 SV=1	76
Q71RC9	sp|Q71RC9|SMIM5_HUMAN Small integral membrane protein 5 OS=Homo sapiens OX=9606 GN=SMIM5 PE=1 SV=2	77
P50238	sp|P50238|CRIP1_HUMAN Cysteine-rich protein 1 OS=Homo sapiens OX=9606 GN=CRIP1 PE=1 SV=3	77
B2RUZ4	sp|B2RUZ4|SMIM1_HUMAN Small integral membrane protein 1 OS=Homo sapiens OX=9606 GN=SMIM1 PE=1 SV=1	78
P0DMW4	sp|P0DMW4|SIL2A_HUMAN Small integral membrane protein 10-like protein 2A OS=Homo sapiens OX=9606 GN=SMIM10L2A PE=4 SV=1	78
Q5TGZ0	sp|Q5TGZ0|MIC10_HUMAN MICOS complex subunit MIC10 OS=Homo sapiens OX=9606 GN=MICOS10 PE=1 SV=1	78
P0DMW5	sp|P0DMW5|SIL2B_HUMAN Small integral membrane protein 10-like protein 2B OS=Homo sapiens OX=9606 GN=SMIM10L2B PE=4 SV=1	78
P60602	sp|P60602|ROMO1_HUMAN Reactive oxygen species modulator 1 OS=Homo sapiens OX=9606 GN=ROMO1 PE=1 SV=1	79
P61165	sp|P61165|TM258_HUMAN Dolichyl-diphosphooligosaccharide--protein glycosyltransferase subunit TMEM258 OS=Homo sapiens OX=9606 GN=TMEM258 PE=1 SV=1	79
P24310	sp|P24310|CX7A1_HUMAN Cytochrome c oxidase subunit 7A1, mitochondrial OS=Homo sapiens OX=9606 GN=COX7A1 PE=1 SV=2	79
P24311	sp|P24311|COX7B_HUMAN Cytochrome c oxidase subunit 7B, mitochondrial OS=Homo sapiens OX=9606 GN=COX7B PE=1 SV=2	80
P58549	sp|P58549|FXYD7_HUMAN FXYD domain-containing ion transport regulator 7 OS=Homo sapiens OX=9606 GN=FXYD7 PE=1 SV=1	80
A8MTT3	sp|A8MTT3|CEBOS_HUMAN Protein CEBPZOS OS=Homo sapiens OX=9606 GN=CEBPZOS PE=1 SV=2	80
P25063	sp|P25063|CD24_HUMAN Signal transducer CD24 OS=Homo sapiens OX=9606 GN=CD24 PE=1 SV=3	80
Q15843	sp|Q15843|NEDD8_HUMAN Ubiquitin-like protein NEDD8 OS=Homo sapiens OX=9606 GN=NEDD8 PE=1 SV=1	81
O15342	sp|O15342|VA0E1_HUMAN V-type proton ATPase subunit e 1 OS=Homo sapiens OX=9606 GN=ATP6V0E1 PE=1 SV=2	81
Q8NHE4	sp|Q8NHE4|VA0E2_HUMAN V-type proton ATPase subunit e 2 OS=Homo sapiens OX=9606 GN=ATP6V0E2 PE=1 SV=1	81
O00483	sp|O00483|CXFA4_HUMAN Cytochrome c oxidase subunit FA4 OS=Homo sapiens OX=9606 GN=COXFA4 PE=1 SV=1	81
Q16517	sp|Q16517|NNAT_HUMAN Neuronatin OS=Homo sapiens OX=9606 GN=NNAT PE=2 SV=1	81
Q9P1F3	sp|Q9P1F3|ABRAL_HUMAN Costars family protein ABRACL OS=Homo sapiens OX=9606 GN=ABRACL PE=1 SV=1	81
O14949	sp|O14949|QCR8_HUMAN Cytochrome b-c1 complex subunit 8 OS=Homo sapiens OX=9606 GN=UQCRQ PE=1 SV=4	82
P60606	sp|P60606|CTXN1_HUMAN Cortexin-1 OS=Homo sapiens OX=9606 GN=CTXN1 PE=3 SV=1	82
Q9Y5U9	sp|Q9Y5U9|IR3IP_HUMAN Immediate early response 3-interacting protein 1 OS=Homo sapiens OX=9606 GN=IER3IP1 PE=1 SV=1	82
P63220	sp|P63220|RS21_HUMAN Small ribosomal subunit protein eS21 OS=Homo sapiens OX=9606 GN=RPS21 PE=1 SV=1	83
P02654	sp|P02654|APOC1_HUMAN Apolipoprotein C-I OS=Homo sapiens OX=9606 GN=APOC1 PE=1 SV=1	83
Q9NPU4	sp|Q9NPU4|CN132_HUMAN Uncharacterized protein C14orf132 OS=Homo sapiens OX=9606 GN=C14orf132 PE=1 SV=2	83
Q96HG1	sp|Q96HG1|SIM10_HUMAN Small integral membrane protein 10 OS=Homo sapiens OX=9606 GN=SMIM10 PE=1 SV=4	83
P14406	sp|P14406|CX7A2_HUMAN Cytochrome c oxidase subunit 7A2, mitochondrial OS=Homo sapiens OX=9606 GN=COX7A2 PE=1 SV=1	83
P42677	sp|P42677|RS27_HUMAN Small ribosomal subunit protein eS27 OS=Homo sapiens OX=9606 GN=RPS27 PE=1 SV=3	84
O95167	sp|O95167|NDUA3_HUMAN NADH dehydrogenase [ubiquinone] 1 alpha subcomplex subunit 3 OS=Homo sapiens OX=9606 GN=NDUFA3 PE=1 SV=1	84
P81172	sp|P81172|HEPC_HUMAN Hepcidin OS=Homo sapiens OX=9606 GN=HAMP PE=1 SV=2	84
O94777	sp|O94777|DPM2_HUMAN Dolichol phosphate-mannose biosynthesis regulatory protein OS=Homo sapiens OX=9606 GN=DPM2 PE=1 SV=3	84
P61960	sp|P61960|UFM1_HUMAN Ubiquitin-fold modifier 1 OS=Homo sapiens OX=9606 GN=UFM1 PE=1 SV=1	85
Q9NQG1	sp|Q9NQG1|MANBL_HUMAN Protein MANBAL OS=Homo sapiens OX=9606 GN=MANBAL PE=1 SV=1	85
P14854	sp|P14854|CX6B1_HUMAN Cytochrome c oxidase subunit 6B1 OS=Homo sapiens OX=9606 GN=COX6B1 PE=1 SV=2	86
P49458	sp|P49458|SRP09_HUMAN Signal recognition particle 9 kDa protein OS=Homo sapiens OX=9606 GN=SRP9 PE=1 SV=2	86
P30273	sp|P30273|FCERG_HUMAN High affinity immunoglobulin epsilon receptor subunit gamma OS=Homo sapiens OX=9606 GN=FCER1G PE=1 SV=1	86
Q9BWJ5	sp|Q9BWJ5|SF3B5_HUMAN Splicing factor 3B subunit 5 OS=Homo sapiens OX=9606 GN=SF3B5 PE=1 SV=1	86
P62306	sp|P62306|RUXF_HUMAN Small nuclear ribonucleoprotein F OS=Homo sapiens OX=9606 GN=SNRPF PE=1 SV=1	86
Q629K1	sp|Q629K1|TRIQK_HUMAN Triple QxxK/R motif-containing protein OS=Homo sapiens OX=9606 GN=TRIQK PE=1 SV=1	86
P07108	sp|P07108|ACBP_HUMAN Acyl-CoA-binding protein OS=Homo sapiens OX=9606 GN=DBI PE=1 SV=2	87
Q9NRX3	sp|Q9NRX3|CX4L2_HUMAN Cytochrome c oxidase hypoxia associated subunit FA4L2 OS=Homo sapiens OX=9606 GN=COXFA4L2 PE=1 SV=1	87
Q14802	sp|Q14802|FXYD3_HUMAN FXYD domain-containing ion transport regulator 3 OS=Homo sapiens OX=9606 GN=FXYD3 PE=1 SV=1	87
O75324	sp|O75324|SNN_HUMAN Stannin OS=Homo sapiens OX=9606 GN=SNN PE=1 SV=1	88
P63167	sp|P63167|DYL1_HUMAN Dynein light chain 1, cytoplasmic OS=Homo sapiens OX=9606 GN=DYNLL1 PE=1 SV=1	89
O75531	sp|O75531|BAF_HUMAN Barrier-to-autointegration factor OS=Homo sapiens OX=9606 GN=BANF1 PE=1 SV=1	89
P06703	sp|P06703|S10A6_HUMAN Protein S100-A6 OS=Homo sapiens OX=9606 GN=S100A6 PE=1 SV=1	90
O43504	sp|O43504|LTOR5_HUMAN Ragulator complex protein LAMTOR5 OS=Homo sapiens OX=9606 GN=LAMTOR5 PE=1 SV=1	91
P0DJ93	sp|P0DJ93|SIM13_HUMAN Small integral membrane protein 13 OS=Homo sapiens OX=9606 GN=SMIM13 PE=1 SV=1	91
P13501	sp|P13501|CCL5_HUMAN C-C motif chemokine 5 OS=Homo sapiens OX=9606 GN=CCL5 PE=1 SV=3	91
P04271	sp|P04271|S100B_HUMAN Protein S100-B OS=Homo sapiens OX=9606 GN=S100B PE=1 SV=2	92
O00168	sp|O00168|PLM_HUMAN Phospholemman OS=Homo sapiens OX=9606 GN=FXYD1 PE=1 SV=2	92
Q9P2X0	sp|Q9P2X0|DPM3_HUMAN Dolichol-phosphate mannosyltransferase subunit 3 OS=Homo sapiens OX=9606 GN=DPM3 PE=1 SV=2	92
Q96EX1	sp|Q96EX1|SIM12_HUMAN Small integral membrane protein 12 OS=Homo sapiens OX=9606 GN=SMIM12 PE=1 SV=3	92
P80511	sp|P80511|S10AC_HUMAN Protein S100-A12 OS=Homo sapiens OX=9606 GN=S100A12 PE=1 SV=2	92
Q9H299	sp|Q9H299|SH3L3_HUMAN SH3 domain-binding glutamic acid-rich-like protein 3 OS=Homo sapiens OX=9606 GN=SH3BGRL3 PE=1 SV=1	93
Q9Y241	sp|Q9Y241|HIG1A_HUMAN HIG1 domain family member 1A, mitochondrial OS=Homo sapiens OX=9606 GN=HIGD1A PE=1 SV=1	93
P05109	sp|P05109|S10A8_HUMAN Protein S100-A8 OS=Homo sapiens OX=9606 GN=S100A8 PE=1 SV=1	93
Q9UBK5	sp|Q9UBK5|HCST_HUMAN Hematopoietic cell signal transducer OS=Homo sapiens OX=9606 GN=HCST PE=1 SV=1	93
Q6UW78	sp|Q6UW78|UQCC3_HUMAN Ubiquinol-cytochrome-c reductase complex assembly factor 3 OS=Homo sapiens OX=9606 GN=UQCC3 PE=1 SV=2	93
P23297	sp|P23297|S10A1_HUMAN Protein S100-A1 OS=Homo sapiens OX=9606 GN=S100A1 PE=1 SV=2	94
P56134	sp|P56134|ATPK_HUMAN ATP synthase F(0) complex subunit f, mitochondrial OS=Homo sapiens OX=9606 GN=ATP5MF PE=1 SV=3	94
Q9Y6D0	sp|Q9Y6D0|SELK_HUMAN Selenoprotein K OS=Homo sapiens OX=9606 GN=SELENOK PE=1 SV=3	94
P59665	sp|P59665|DEF1_HUMAN Neutrophil defensin 1 OS=Homo sapiens OX=9606 GN=DEFA1 PE=1 SV=1	94
Q9H0Q3	sp|Q9H0Q3|FXYD6_HUMAN FXYD domain-containing ion transport regulator 6 OS=Homo sapiens OX=9606 GN=FXYD6 PE=1 SV=1	95
A0A096LP01	sp|A0A096LP01|SIM26_HUMAN Small integral membrane protein 26 OS=Homo sapiens OX=9606 GN=SMIM26 PE=1 SV=1	95
Q9Y333	sp|Q9Y333|LSM2_HUMAN U6 snRNA-associated Sm-like protein LSm2 OS=Homo sapiens OX=9606 GN=LSM2 PE=1 SV=1	95
O95424	sp|O95424|DEXI_HUMAN Dexamethasone-induced protein OS=Homo sapiens OX=9606 GN=DEXI PE=1 SV=2	95
Q9NP97	sp|Q9NP97|DLRB1_HUMAN Dynein light chain roadblock-type 1 OS=Homo sapiens OX=9606 GN=DYNLRB1 PE=1 SV=3	96
P60468	sp|P60468|SC61B_HUMAN Protein transport protein Sec61 subunit beta OS=Homo sapiens OX=9606 GN=SEC61B PE=1 SV=2	96
O95777	sp|O95777|LSM8_HUMAN U6 snRNA-associated Sm-like protein LSm8 OS=Homo sapiens OX=9606 GN=LSM8 PE=1 SV=3	96
P60903	sp|P60903|S10AA_HUMAN Protein S100-A10 OS=Homo sapiens OX=9606 GN=S100A10 PE=1 SV=2	97
Q9P0B6	sp|Q9P0B6|CC167_HUMAN Coiled-coil domain-containing protein 167 OS=Homo sapiens OX=9606 GN=CCDC167 PE=1 SV=2	97
O00453	sp|O00453|LST1_HUMAN Leukocyte-specific transcript 1 protein OS=Homo sapiens OX=9606 GN=LST1 PE=1 SV=2	97
Q96KF7	sp|Q96KF7|SMIM8_HUMAN Small integral membrane protein 8 OS=Homo sapiens OX=9606 GN=SMIM8 PE=1 SV=2	97
P01303	sp|P01303|NPY_HUMAN Pro-neuropeptide Y OS=Homo sapiens OX=9606 GN=NPY PE=1 SV=1	97
P04080	sp|P04080|CYTB_HUMAN Cystatin-B OS=Homo sapiens OX=9606 GN=CSTB PE=1 SV=2	98
O43676	sp|O43676|NDUB3_HUMAN NADH dehydrogenase [ubiquinone] 1 beta subcomplex subunit 3 OS=Homo sapiens OX=9606 GN=NDUFB3 PE=1 SV=3	98
P02778	sp|P02778|CXL10_HUMAN C-X-C motif chemokine 10 OS=Homo sapiens OX=9606 GN=CXCL10 PE=1 SV=2	98
P14621	sp|P14621|ACYP2_HUMAN Acylphosphatase-2 OS=Homo sapiens OX=9606 GN=ACYP2 PE=1 SV=2	99
Q9Y6G1	sp|Q9Y6G1|TM14A_HUMAN Transmembrane protein 14A OS=Homo sapiens OX=9606 GN=TMEM14A PE=1 SV=1	99
P13500	sp|P13500|CCL2_HUMAN C-C motif chemokine 2 OS=Homo sapiens OX=9606 GN=CCL2 PE=1 SV=1	99
P07311	sp|P07311|ACYP1_HUMAN Acylphosphatase-1 OS=Homo sapiens OX=9606 GN=ACYP1 PE=1 SV=2	99
Q96QK8	sp|Q96QK8|SIM14_HUMAN Small integral membrane protein 14 OS=Homo sapiens OX=9606 GN=SMIM14 PE=1 SV=1	99
Q9P298	sp|Q9P298|HIG1B_HUMAN HIG1 domain family member 1B OS=Homo sapiens OX=9606 GN=HIGD1B PE=1 SV=1	99
P10145	sp|P10145|IL8_HUMAN Interleukin-8 OS=Homo sapiens OX=9606 GN=CXCL8 PE=1 SV=1	99
Q15836	sp|Q15836|VAMP3_HUMAN Vesicle-associated membrane protein 3 OS=Homo sapiens OX=9606 GN=VAMP3 PE=1 SV=3	100
Q9BV40	sp|Q9BV40|VAMP8_HUMAN Vesicle-associated membrane protein 8 OS=Homo sapiens OX=9606 GN=VAMP8 PE=1 SV=1	100
P02818	sp|P02818|OSTCN_HUMAN Osteocalcin OS=Homo sapiens OX=9606 GN=BGLAP PE=1 SV=2	100
Q9NZ42	sp|Q9NZ42|PEN2_HUMAN Gamma-secretase subunit PEN-2 OS=Homo sapiens OX=9606 GN=PSENEN PE=1 SV=1	101
P02655	sp|P02655|APOC2_HUMAN Apolipoprotein C-II OS=Homo sapiens OX=9606 GN=APOC2 PE=1 SV=1	101
P26447	sp|P26447|S10A4_HUMAN Protein S100-A4 OS=Homo sapiens OX=9606 GN=S100A4 PE=1 SV=1	101
Q9NPA8	sp|Q9NPA8|ENY2_HUMAN Transcription and mRNA export factor ENY2 OS=Homo sapiens OX=9606 GN=ENY2 PE=1 SV=1	101
Q3ZAQ7	sp|Q3ZAQ7|VMA21_HUMAN Vacuolar ATPase assembly integral membrane protein VMA21 OS=Homo sapiens OX=9606 GN=VMA21 PE=1 SV=1	101
P61604	sp|P61604|CH10_HUMAN 10 kDa heat shock protein, mitochondrial OS=Homo sapiens OX=9606 GN=HSPE1 PE=1 SV=2	102
Q86T20	sp|Q86T20|SIM29_HUMAN Small integral membrane protein 29 OS=Homo sapiens OX=9606 GN=SMIM29 PE=1 SV=3	102
P62310	sp|P62310|LSM3_HUMAN U6 snRNA-associated Sm-like protein LSm3 OS=Homo sapiens OX=9606 GN=LSM3 PE=1 SV=2	102
O75964	sp|O75964|ATP5L_HUMAN ATP synthase F(0) complex subunit g, mitochondrial OS=Homo sapiens OX=9606 GN=ATP5MG PE=1 SV=3	103
Q96FQ6	sp|Q96FQ6|S10AG_HUMAN Protein S100-A16 OS=Homo sapiens OX=9606 GN=S100A16 PE=1 SV=1	103
P55854	sp|P55854|SUMO3_HUMAN Small ubiquitin-related modifier 3 OS=Homo sapiens OX=9606 GN=SUMO3 PE=1 SV=2	103
P57738	sp|P57738|TCTA_HUMAN T-cell leukemia translocation-altered gene protein OS=Homo sapiens OX=9606 GN=TCTA PE=1 SV=1	103
L0R6Q1	sp|L0R6Q1|S35U4_HUMAN SLC35A4 upstream open reading frame protein OS=Homo sapiens OX=9606 GN=SLC35A4 PE=1 SV=1	103
P61457	sp|P61457|PHS_HUMAN Pterin-4-alpha-carbinolamine dehydratase OS=Homo sapiens OX=9606 GN=PCBD1 PE=1 SV=2	104
O43687	sp|O43687|AKA7A_HUMAN A-kinase anchor protein 7 isoforms alpha and beta OS=Homo sapiens OX=9606 GN=AKAP7 PE=1 SV=4	104
O95178	sp|O95178|NDUB2_HUMAN NADH dehydrogenase [ubiquinone] 1 beta subcomplex subunit 2, mitochondrial OS=Homo sapiens OX=9606 GN=NDUFB2 PE=1 SV=1	105
P31949	sp|P31949|S10AB_HUMAN Protein S100-A11 OS=Homo sapiens OX=9606 GN=S100A11 PE=1 SV=2	105
P10599	sp|P10599|THIO_HUMAN Thioredoxin OS=Homo sapiens OX=9606 GN=TXN PE=1 SV=3	105
P99999	sp|P99999|CYC_HUMAN Cytochrome c OS=Homo sapiens OX=9606 GN=CYCS PE=1 SV=2	105
Q5T292	sp|Q5T292|TM273_HUMAN Transmembrane protein 273 OS=Homo sapiens OX=9606 GN=TMEM273 PE=1 SV=1	105
Q9UII2	sp|Q9UII2|ATIF1_HUMAN ATPase inhibitor, mitochondrial OS=Homo sapiens OX=9606 GN=ATP5IF1 PE=1 SV=1	106
Q9Y284	sp|Q9Y284|ASTER_HUMAN PAT complex subunit Asterix OS=Homo sapiens OX=9606 GN=WDR83OS PE=1 SV=1	106
Q9BW72	sp|Q9BW72|HIG2A_HUMAN HIG1 domain family member 2A, mitochondrial OS=Homo sapiens OX=9606 GN=HIGD2A PE=1 SV=1	106
Q9Y2R0	sp|Q9Y2R0|COA3_HUMAN Cytochrome c oxidase assembly factor 3 homolog, mitochondrial OS=Homo sapiens OX=9606 GN=COA3 PE=1 SV=1	106
P35754	sp|P35754|GLRX1_HUMAN Glutaredoxin-1 OS=Homo sapiens OX=9606 GN=GLRX PE=1 SV=2	106
Q9P0S2	sp|Q9P0S2|COX16_HUMAN Cytochrome c oxidase assembly protein COX16 homolog, mitochondrial OS=Homo sapiens OX=9606 GN=COX16 PE=1 SV=1	106
Q96E16	sp|Q96E16|SMI19_HUMAN Small integral membrane protein 19 OS=Homo sapiens OX=9606 GN=SMIM19 PE=1 SV=2	107
Q9UJC5	sp|Q9UJC5|SH3L2_HUMAN SH3 domain-binding glutamic acid-rich-like protein 2 OS=Homo sapiens OX=9606 GN=SH3BGRL2 PE=1 SV=2	107
Q9H4I9	sp|Q9H4I9|EMRE_HUMAN Essential MCU regulator, mitochondrial OS=Homo sapiens OX=9606 GN=SMDT1 PE=1 SV=1	107
P19875	sp|P19875|CXCL2_HUMAN C-X-C motif chemokine 2 OS=Homo sapiens OX=9606 GN=CXCL2 PE=1 SV=1	107
P09341	sp|P09341|GROA_HUMAN Growth-regulated alpha protein OS=Homo sapiens OX=9606 GN=CXCL1 PE=1 SV=1	107
P18859	sp|P18859|ATP5J_HUMAN ATP synthase peripheral stalk subunit F6, mitochondrial OS=Homo sapiens OX=9606 GN=ATP5PF PE=1 SV=1	108
P62877	sp|P62877|RBX1_HUMAN E3 ubiquitin-protein ligase RBX1 OS=Homo sapiens OX=9606 GN=RBX1 PE=1 SV=1	108
P62942	sp|P62942|FKB1A_HUMAN Peptidyl-prolyl cis-trans isomerase FKBP1A OS=Homo sapiens OX=9606 GN=FKBP1A PE=1 SV=2	108
Q96I45	sp|Q96I45|TM141_HUMAN Transmembrane protein 141 OS=Homo sapiens OX=9606 GN=TMEM141 PE=1 SV=1	108
P56181	sp|P56181|NDUV3_HUMAN NADH dehydrogenase [ubiquinone] flavoprotein 3, mitochondrial OS=Homo sapiens OX=9606 GN=NDUFV3 PE=1 SV=2	108
P68106	sp|P68106|FKB1B_HUMAN Peptidyl-prolyl cis-trans isomerase FKBP1B OS=Homo sapiens OX=9606 GN=FKBP1B PE=1 SV=2	108
Q9NZ45	sp|Q9NZ45|CISD1_HUMAN CDGSH iron-sulfur domain-containing protein 1 OS=Homo sapiens OX=9606 GN=CISD1 PE=1 SV=1	108
P12074	sp|P12074|CX6A1_HUMAN Cytochrome c oxidase subunit 6A1, mitochondrial OS=Homo sapiens OX=9606 GN=COX6A1 PE=1 SV=4	109
Q9Y5U8	sp|Q9Y5U8|MPC1_HUMAN Mitochondrial pyruvate carrier 1 OS=Homo sapiens OX=9606 GN=MPC1 PE=1 SV=1	109
Q9BV81	sp|Q9BV81|EMC6_HUMAN ER membrane protein complex subunit 6 OS=Homo sapiens OX=9606 GN=EMC6 PE=1 SV=1	110
O75920	sp|O75920|SERF1_HUMAN Small EDRK-rich factor 1 OS=Homo sapiens OX=9606 GN=SERF1A PE=1 SV=1	110
P06454	sp|P06454|PTMA_HUMAN Prothymosin alpha OS=Homo sapiens OX=9606 GN=PTMA PE=1 SV=2	111
Q9NYM9	sp|Q9NYM9|BET1L_HUMAN BET1-like protein OS=Homo sapiens OX=9606 GN=BET1L PE=1 SV=1	111
Q9P0S9	sp|Q9P0S9|TM14C_HUMAN Transmembrane protein 14C OS=Homo sapiens OX=9606 GN=TMEM14C PE=1 SV=1	112
Q15369	sp|Q15369|ELOC_HUMAN Elongin-C OS=Homo sapiens OX=9606 GN=ELOC PE=1 SV=1	112
P41567	sp|P41567|EIF1_HUMAN Eukaryotic translation initiation factor 1 OS=Homo sapiens OX=9606 GN=EIF1 PE=1 SV=1	113
P61803	sp|P61803|DAD1_HUMAN Dolichyl-diphosphooligosaccharide--protein glycosyltransferase subunit DAD1 OS=Homo sapiens OX=9606 GN=DAD1 PE=1 SV=3	113
Q8N2U0	sp|Q8N2U0|TM256_HUMAN Transmembrane protein 256 OS=Homo sapiens OX=9606 GN=TMEM256 PE=1 SV=1	113
O43914	sp|O43914|TYOBP_HUMAN TYRO protein tyrosine kinase-binding protein OS=Homo sapiens OX=9606 GN=TYROBP PE=1 SV=1	113
P05386	sp|P05386|RLA1_HUMAN Large ribosomal subunit protein P1 OS=Homo sapiens OX=9606 GN=RPLP1 PE=1 SV=1	114
O75368	sp|O75368|SH3L1_HUMAN Adapter SH3BGRL OS=Homo sapiens OX=9606 GN=SH3BGRL PE=1 SV=1	114
P06702	sp|P06702|S10A9_HUMAN Protein S100-A9 OS=Homo sapiens OX=9606 GN=S100A9 PE=1 SV=1	114
Q9NUH8	sp|Q9NUH8|TM14B_HUMAN Transmembrane protein 14B OS=Homo sapiens OX=9606 GN=TMEM14B PE=1 SV=1	114
O14548	sp|O14548|CO72L_HUMAN Cytochrome c oxidase subunit 7A2-like, mitochondrial OS=Homo sapiens OX=9606 GN=COX7A2L PE=1 SV=2	114
P05387	sp|P05387|RLA2_HUMAN Large ribosomal subunit protein P2 OS=Homo sapiens OX=9606 GN=RPLP2 PE=1 SV=1	115
P62888	sp|P62888|RL30_HUMAN Large ribosomal subunit protein eL30 OS=Homo sapiens OX=9606 GN=RPL30 PE=1 SV=2	115
P14174	sp|P14174|MIF_HUMAN Macrophage migration inhibitory factor OS=Homo sapiens OX=9606 GN=MIF PE=1 SV=4	115
A2RU14	sp|A2RU14|TM218_HUMAN Transmembrane protein 218 OS=Homo sapiens OX=9606 GN=TMEM218 PE=1 SV=1	115
P06307	sp|P06307|CCKN_HUMAN Cholecystokinin OS=Homo sapiens OX=9606 GN=CCK PE=1 SV=1	115
P63027	sp|P63027|VAMP2_HUMAN Vesicle-associated membrane protein 2 OS=Homo sapiens OX=9606 GN=VAMP2 PE=1 SV=3	116
P61278	sp|P61278|SMS_HUMAN Somatostatin OS=Homo sapiens OX=9606 GN=SST PE=1 SV=1	116
O95183	sp|O95183|VAMP5_HUMAN Vesicle-associated membrane protein 5 OS=Homo sapiens OX=9606 GN=VAMP5 PE=1 SV=1	116
P0DP58	sp|P0DP58|LYNX1_HUMAN Ly-6/neurotoxin-like protein 1 OS=Homo sapiens OX=9606 GN=LYNX1 PE=1 SV=1	116
Q9NZV6	sp|Q9NZV6|MSRB1_HUMAN Methionine-R-sulfoxide reductase B1 OS=Homo sapiens OX=9606 GN=MSRB1 PE=1 SV=3	116
Q96GE9	sp|Q96GE9|DMAC1_HUMAN Distal membrane-arm assembly complex protein 1 OS=Homo sapiens OX=9606 GN=DMAC1 PE=1 SV=1	116
Q16568	sp|Q16568|CART_HUMAN Cocaine- and amphetamine-regulated transcript protein OS=Homo sapiens OX=9606 GN=CARTPT PE=1 SV=1	116
Q8WUH6	sp|Q8WUH6|TM263_HUMAN Transmembrane protein 263 OS=Homo sapiens OX=9606 GN=TMEM263 PE=1 SV=1	116
O95166	sp|O95166|GBRAP_HUMAN Gamma-aminobutyric acid receptor-associated protein OS=Homo sapiens OX=9606 GN=GABARAP PE=1 SV=1	117
Q9NR33	sp|Q9NR33|DPOE4_HUMAN DNA polymerase epsilon subunit 4 OS=Homo sapiens OX=9606 GN=POLE4 PE=1 SV=2	117
P30046	sp|P30046|DOPD_HUMAN D-dopachrome decarboxylase OS=Homo sapiens OX=9606 GN=DDT PE=1 SV=3	118
P23763	sp|P23763|VAMP1_HUMAN Vesicle-associated membrane protein 1 OS=Homo sapiens OX=9606 GN=VAMP1 PE=1 SV=1	118
O75348	sp|O75348|VATG1_HUMAN V-type proton ATPase subunit G 1 OS=Homo sapiens OX=9606 GN=ATP6V1G1 PE=1 SV=3	118
P58546	sp|P58546|MTPN_HUMAN Myotrophin OS=Homo sapiens OX=9606 GN=MTPN PE=1 SV=2	118
Q5RI15	sp|Q5RI15|COX20_HUMAN Cytochrome c oxidase assembly protein COX20, mitochondrial OS=Homo sapiens OX=9606 GN=COX20 PE=1 SV=2	118
Q9BU79	sp|Q9BU79|TM243_HUMAN Transmembrane protein 243 OS=Homo sapiens OX=9606 GN=TMEM243 PE=1 SV=1	118
O15155	sp|O15155|BET1_HUMAN BET1 homolog OS=Homo sapiens OX=9606 GN=BET1 PE=1 SV=1	118
P60866	sp|P60866|RS20_HUMAN Small ribosomal subunit protein uS10 OS=Homo sapiens OX=9606 GN=RPS20 PE=1 SV=1	119
P61769	sp|P61769|B2MG_HUMAN Beta-2-microglobulin OS=Homo sapiens OX=9606 GN=B2M PE=1 SV=1	119
Q16864	sp|Q16864|VATF_HUMAN V-type proton ATPase subunit F OS=Homo sapiens OX=9606 GN=ATP6V1F PE=1 SV=2	119
O95298	sp|O95298|NDUC2_HUMAN NADH dehydrogenase [ubiquinone] 1 subunit C2 OS=Homo sapiens OX=9606 GN=NDUFC2 PE=1 SV=1	119
P62314	sp|P62314|SMD1_HUMAN Small nuclear ribonucleoprotein Sm D1 OS=Homo sapiens OX=9606 GN=SNRPD1 PE=1 SV=1	119
Q96A57	sp|Q96A57|TM230_HUMAN Transmembrane protein 230 OS=Homo sapiens OX=9606 GN=TMEM230 PE=1 SV=1	120
O43768	sp|O43768|ENSA_HUMAN Alpha-endosulfine OS=Homo sapiens OX=9606 GN=ENSA PE=1 SV=1	121
Q6UX34	sp|Q6UX34|SNORC_HUMAN Protein SNORC OS=Homo sapiens OX=9606 GN=SNORC PE=1 SV=1	121
Q96D05	sp|Q96D05|F241B_HUMAN Protein FAM241B OS=Homo sapiens OX=9606 GN=FAM241B PE=1 SV=1	121
P40305	sp|P40305|IFI27_HUMAN Interferon alpha-inducible protein 27, mitochondrial OS=Homo sapiens OX=9606 GN=IFI27 PE=1 SV=4	122
O60925	sp|O60925|PFD1_HUMAN Prefoldin subunit 1 OS=Homo sapiens OX=9606 GN=PFDN1 PE=1 SV=2	122
Q8TBM7	sp|Q8TBM7|TM254_HUMAN Transmembrane protein 254 OS=Homo sapiens OX=9606 GN=TMEM254 PE=1 SV=1	123
O75380	sp|O75380|NDUS6_HUMAN NADH dehydrogenase [ubiquinone] iron-sulfur protein 6, mitochondrial OS=Homo sapiens OX=9606 GN=NDUFS6 PE=1 SV=1	124
P62899	sp|P62899|RL31_HUMAN Large ribosomal subunit protein eL31 OS=Homo sapiens OX=9606 GN=RPL31 PE=1 SV=1	125
P13164	sp|P13164|IFM1_HUMAN Interferon-induced transmembrane protein 1 OS=Homo sapiens OX=9606 GN=IFITM1 PE=1 SV=3	125
Q9NRX4	sp|Q9NRX4|PHP14_HUMAN 14 kDa phosphohistidine phosphatase OS=Homo sapiens OX=9606 GN=PHPT1 PE=1 SV=1	125
O14737	sp|O14737|PDCD5_HUMAN Programmed cell death protein 5 OS=Homo sapiens OX=9606 GN=PDCD5 PE=1 SV=3	125
Q9Y3B4	sp|Q9Y3B4|SF3B6_HUMAN Splicing factor 3B subunit 6 OS=Homo sapiens OX=9606 GN=SF3B6 PE=1 SV=1	125
O95415	sp|O95415|BRI3_HUMAN Membrane protein BRI3 OS=Homo sapiens OX=9606 GN=BRI3 PE=1 SV=1	125
Q8N9A8	sp|Q8N9A8|NEPR1_HUMAN Nuclear envelope phosphatase-regulatory subunit 1 OS=Homo sapiens OX=9606 GN=CNEP1R1 PE=1 SV=1	125
P49773	sp|P49773|HINT1_HUMAN Adenosine 5'-monophosphoramidase HINT1 OS=Homo sapiens OX=9606 GN=HINT1 PE=1 SV=2	126
O60927	sp|O60927|PP1RB_HUMAN E3 ubiquitin-protein ligase PPP1R11 OS=Homo sapiens OX=9606 GN=PPP1R11 PE=1 SV=1	126
P62318	sp|P62318|SMD3_HUMAN Small nuclear ribonucleoprotein Sm D3 OS=Homo sapiens OX=9606 GN=SNRPD3 PE=1 SV=1	126
P62807	sp|P62807|H2B1C_HUMAN Histone H2B type 1-C/E/F/G/I OS=Homo sapiens OX=9606 GN=H2BC4 PE=1 SV=4	126
P23582	sp|P23582|ANFC_HUMAN C-type natriuretic peptide OS=Homo sapiens OX=9606 GN=NPPC PE=1 SV=1	126
O76070	sp|O76070|SYUG_HUMAN Gamma-synuclein OS=Homo sapiens OX=9606 GN=SNCG PE=1 SV=2	127
P53999	sp|P53999|TCP4_HUMAN Activated RNA polymerase II transcriptional coactivator p15 OS=Homo sapiens OX=9606 GN=SUB1 PE=1 SV=3	127
P61970	sp|P61970|NTF2_HUMAN Nuclear transport factor 2 OS=Homo sapiens OX=9606 GN=NUTF2 PE=1 SV=1	127
O95563	sp|O95563|MPC2_HUMAN Mitochondrial pyruvate carrier 2 OS=Homo sapiens OX=9606 GN=MPC2 PE=1 SV=1	127
P35268	sp|P35268|RL22_HUMAN Large ribosomal subunit protein eL22 OS=Homo sapiens OX=9606 GN=RPL22 PE=1 SV=2	128
P13987	sp|P13987|CD59_HUMAN CD59 glycoprotein OS=Homo sapiens OX=9606 GN=CD59 PE=1 SV=1	128
P0C0S5	sp|P0C0S5|H2AZ_HUMAN Histone H2A.Z OS=Homo sapiens OX=9606 GN=H2AZ1 PE=1 SV=2	128
O95139	sp|O95139|NDUB6_HUMAN NADH dehydrogenase [ubiquinone] 1 beta subcomplex subunit 6 OS=Homo sapiens OX=9606 GN=NDUFB6 PE=1 SV=3	128
P04921	sp|P04921|GLPC_HUMAN Glycophorin-C OS=Homo sapiens OX=9606 GN=GYPC PE=1 SV=1	128
P10606	sp|P10606|COX5B_HUMAN Cytochrome c oxidase subunit 5B, mitochondrial OS=Homo sapiens OX=9606 GN=COX5B PE=1 SV=2	129
O95168	sp|O95168|NDUB4_HUMAN NADH dehydrogenase [ubiquinone] 1 beta subcomplex subunit 4 OS=Homo sapiens OX=9606 GN=NDUFB4 PE=1 SV=3	129
O15212	sp|O15212|PFD6_HUMAN Prefoldin subunit 6 OS=Homo sapiens OX=9606 GN=PFDN6 PE=1 SV=1	129
Q9BTM1	sp|Q9BTM1|H2AJ_HUMAN Histone H2A.J OS=Homo sapiens OX=9606 GN=H2AJ PE=1 SV=1	129
Q9NP84	sp|Q9NP84|TNR12_HUMAN Tumor necrosis factor receptor superfamily member 12A OS=Homo sapiens OX=9606 GN=TNFRSF12A PE=1 SV=1	129
Q15121	sp|Q15121|PEA15_HUMAN Astrocytic phosphoprotein PEA-15 OS=Homo sapiens OX=9606 GN=PEA15 PE=1 SV=2	130
P62244	sp|P62244|RS15A_HUMAN Small ribosomal subunit protein uS8 OS=Homo sapiens OX=9606 GN=RPS15A PE=1 SV=2	130
P09912	sp|P09912|IFI6_HUMAN Interferon alpha-inducible protein 6 OS=Homo sapiens OX=9606 GN=IFI6 PE=1 SV=2	130
Q7L7L0	sp|Q7L7L0|H2A3_HUMAN Histone H2A type 3 OS=Homo sapiens OX=9606 GN=H2AC25 PE=1 SV=3	130
Q9H0N5	sp|Q9H0N5|PHS2_HUMAN Pterin-4-alpha-carbinolamine dehydratase 2 OS=Homo sapiens OX=9606 GN=PCBD2 PE=1 SV=4	130
Q9Y2R5	sp|Q9Y2R5|RT17_HUMAN Small ribosomal subunit protein uS17m OS=Homo sapiens OX=9606 GN=MRPS17 PE=1 SV=1	130
Q16553	sp|Q16553|LY6E_HUMAN Lymphocyte antigen 6E OS=Homo sapiens OX=9606 GN=LY6E PE=1 SV=1	131
O95214	sp|O95214|LERL1_HUMAN Leptin receptor overlapping transcript-like 1 OS=Homo sapiens OX=9606 GN=LEPROTL1 PE=1 SV=2	131
Q9Y237	sp|Q9Y237|PIN4_HUMAN Peptidyl-prolyl cis-trans isomerase NIMA-interacting 4 OS=Homo sapiens OX=9606 GN=PIN4 PE=1 SV=1	131
O15243	sp|O15243|OBRG_HUMAN Leptin receptor gene-related protein OS=Homo sapiens OX=9606 GN=LEPROT PE=1 SV=1	131
Q8N4V1	sp|Q8N4V1|EMC5_HUMAN ER membrane protein complex subunit 5 OS=Homo sapiens OX=9606 GN=MMGT1 PE=1 SV=1	131
P25398	sp|P25398|RS12_HUMAN Small ribosomal subunit protein eS12 OS=Homo sapiens OX=9606 GN=RPS12 PE=1 SV=3	132
Q01629	sp|Q01629|IFM2_HUMAN Interferon-induced transmembrane protein 2 OS=Homo sapiens OX=9606 GN=IFITM2 PE=1 SV=2	132
O15540	sp|O15540|FABP7_HUMAN Fatty acid-binding protein, brain OS=Homo sapiens OX=9606 GN=FABP7 PE=1 SV=3	132
Q9BVV8	sp|Q9BVV8|F174C_HUMAN Protein FAM174C OS=Homo sapiens OX=9606 GN=FAM174C PE=1 SV=2	132
P03973	sp|P03973|SLPI_HUMAN Antileukoproteinase OS=Homo sapiens OX=9606 GN=SLPI PE=1 SV=2	132
Q4G0I0	sp|Q4G0I0|UQCC4_HUMAN Ubiquinol-cytochrome c reductase complex assembly factor 4 OS=Homo sapiens OX=9606 GN=UQCC4 PE=1 SV=1	132
P62847	sp|P62847|RS24_HUMAN Small ribosomal subunit protein eS24 OS=Homo sapiens OX=9606 GN=RPS24 PE=1 SV=1	133
Q01628	sp|Q01628|IFM3_HUMAN Interferon-induced transmembrane protein 3 OS=Homo sapiens OX=9606 GN=IFITM3 PE=1 SV=2	133
P05413	sp|P05413|FABPH_HUMAN Fatty acid-binding protein, heart OS=Homo sapiens OX=9606 GN=FABP3 PE=1 SV=4	133
Q9H2L4	sp|Q9H2L4|TMM60_HUMAN Transmembrane protein 60 OS=Homo sapiens OX=9606 GN=TMEM60 PE=1 SV=1	133
P00167	sp|P00167|CYB5_HUMAN Cytochrome b5 OS=Homo sapiens OX=9606 GN=CYB5A PE=1 SV=2	134
Q16143	sp|Q16143|SYUB_HUMAN Beta-synuclein OS=Homo sapiens OX=9606 GN=SNCB PE=1 SV=1	134
Q9NQP4	sp|Q9NQP4|PFD4_HUMAN Prefoldin subunit 4 OS=Homo sapiens OX=9606 GN=PFDN4 PE=1 SV=1	134
Q16378	sp|Q16378|PROL4_HUMAN Proline-rich protein 4 OS=Homo sapiens OX=9606 GN=PRR4 PE=1 SV=3	134
P09382	sp|P09382|LEG1_HUMAN Galectin-1 OS=Homo sapiens OX=9606 GN=LGALS1 PE=1 SV=2	135
P62910	sp|P62910|RL32_HUMAN Large ribosomal subunit protein eL32 OS=Homo sapiens OX=9606 GN=RPL32 PE=1 SV=2	135
Q01469	sp|Q01469|FABP5_HUMAN Fatty acid-binding protein 5 OS=Homo sapiens OX=9606 GN=FABP5 PE=1 SV=3	135
P37108	sp|P37108|SRP14_HUMAN Signal recognition particle 14 kDa protein OS=Homo sapiens OX=9606 GN=SRP14 PE=1 SV=2	136
Q8N6L1	sp|Q8N6L1|KTAP2_HUMAN Dolichyl-diphosphooligosaccharide--protein glycosyltransferase subunit KCP2 OS=Homo sapiens OX=9606 GN=KRTCAP2 PE=1 SV=2	136
P05496	sp|P05496|AT5G1_HUMAN ATP synthase F(0) complex subunit C1, mitochondrial OS=Homo sapiens OX=9606 GN=ATP5MC1 PE=1 SV=2	136
O95295	sp|O95295|SNAPN_HUMAN SNARE-associated protein Snapin OS=Homo sapiens OX=9606 GN=SNAPIN PE=1 SV=1	136
Q969S6	sp|Q969S6|TM203_HUMAN Transmembrane protein 203 OS=Homo sapiens OX=9606 GN=TMEM203 PE=1 SV=1	136
Q9NRR1	sp|Q9NRR1|CYTL1_HUMAN Cytokine-like protein 1 OS=Homo sapiens OX=9606 GN=CYTL1 PE=1 SV=1	136
Q6P5S7	sp|Q6P5S7|RNK_HUMAN Ribonuclease kappa OS=Homo sapiens OX=9606 GN=RNASEK PE=1 SV=2	137
Q7Z5G4	sp|Q7Z5G4|GOGA7_HUMAN Golgin subfamily A member 7 OS=Homo sapiens OX=9606 GN=GOLGA7 PE=1 SV=2	137
P52758	sp|P52758|RIDA_HUMAN 2-iminobutanoate/2-iminopropanoate deaminase OS=Homo sapiens OX=9606 GN=RIDA PE=1 SV=1	137
Q9BUV8	sp|Q9BUV8|RCAF1_HUMAN GEL complex subunit OPTI OS=Homo sapiens OX=9606 GN=RAB5IF PE=1 SV=1	137
P29762	sp|P29762|RABP1_HUMAN Cellular retinoic acid-binding protein 1 OS=Homo sapiens OX=9606 GN=CRABP1 PE=1 SV=2	137
Q9BYN0	sp|Q9BYN0|SRXN1_HUMAN Sulfiredoxin-1 OS=Homo sapiens OX=9606 GN=SRXN1 PE=1 SV=2	137
P0C851	sp|P0C851|PIRT_HUMAN Phosphoinositide-interacting protein OS=Homo sapiens OX=9606 GN=PIRT PE=1 SV=2	137
Q9Y3E0	sp|Q9Y3E0|GOT1B_HUMAN Vesicle transport protein GOT1B OS=Homo sapiens OX=9606 GN=GOLT1B PE=1 SV=1	138
Q9P003	sp|Q9P003|CNIH4_HUMAN Protein cornichon homolog 4 OS=Homo sapiens OX=9606 GN=CNIH4 PE=1 SV=1	139
H0YL14	sp|H0YL14|TM250_HUMAN Transmembrane protein 250 OS=Homo sapiens OX=9606 GN=TMEM250 PE=1 SV=2	139
P62829	sp|P62829|RL23_HUMAN Large ribosomal subunit protein uL14 OS=Homo sapiens OX=9606 GN=RPL23 PE=1 SV=1	140
P07737	sp|P07737|PROF1_HUMAN Profilin-1 OS=Homo sapiens OX=9606 GN=PFN1 PE=1 SV=2	140
P35080	sp|P35080|PROF2_HUMAN Profilin-2 OS=Homo sapiens OX=9606 GN=PFN2 PE=1 SV=3	140
P37840	sp|P37840|SYUA_HUMAN Alpha-synuclein OS=Homo sapiens OX=9606 GN=SNCA PE=1 SV=1	140
Q9UKR5	sp|Q9UKR5|ERG28_HUMAN Ergosterol biosynthetic protein 28 homolog OS=Homo sapiens OX=9606 GN=ERG28 PE=1 SV=1	140
O94772	sp|O94772|LY6H_HUMAN Lymphocyte antigen 6H OS=Homo sapiens OX=9606 GN=LY6H PE=1 SV=1	140
Q6GMV3	sp|Q6GMV3|PTRD1_HUMAN Putative peptidyl-tRNA hydrolase PTRHD1 OS=Homo sapiens OX=9606 GN=PTRHD1 PE=1 SV=1	140
Q96B42	sp|Q96B42|TMM18_HUMAN Transmembrane protein 18 OS=Homo sapiens OX=9606 GN=TMEM18 PE=1 SV=2	140
O94817	sp|O94817|ATG12_HUMAN Ubiquitin-like protein ATG12 OS=Homo sapiens OX=9606 GN=ATG12 PE=1 SV=1	140
Q6UX40	sp|Q6UX40|TM107_HUMAN Transmembrane protein 107 OS=Homo sapiens OX=9606 GN=TMEM107 PE=1 SV=1	140
Q9NPJ3	sp|Q9NPJ3|ACO13_HUMAN Acyl-coenzyme A thioesterase 13 OS=Homo sapiens OX=9606 GN=ACOT13 PE=1 SV=1	140
P01848	sp|P01848|TRAC_HUMAN T cell receptor alpha chain constant OS=Homo sapiens OX=9606 GN=TRAC PE=1 SV=2	140
Q06055	sp|Q06055|AT5G2_HUMAN ATP synthase F(0) complex subunit C2, mitochondrial OS=Homo sapiens OX=9606 GN=ATP5MC2 PE=1 SV=1	141
Q86Y39	sp|Q86Y39|NDUAB_HUMAN NADH dehydrogenase [ubiquinone] 1 alpha subcomplex subunit 11 OS=Homo sapiens OX=9606 GN=NDUFA11 PE=1 SV=3	141
Q96PE5	sp|Q96PE5|OPALI_HUMAN Opalin OS=Homo sapiens OX=9606 GN=OPALIN PE=1 SV=1	141
O75379	sp|O75379|VAMP4_HUMAN Vesicle-associated membrane protein 4 OS=Homo sapiens OX=9606 GN=VAMP4 PE=1 SV=2	141
Q9NWH2	sp|Q9NWH2|TM242_HUMAN Transmembrane protein 242 OS=Homo sapiens OX=9606 GN=TMEM242 PE=1 SV=1	141
P69905	sp|P69905|HBA_HUMAN Hemoglobin subunit alpha OS=Homo sapiens OX=9606 GN=HBA1 PE=1 SV=2	142
P48201	sp|P48201|AT5G3_HUMAN ATP synthase F(0) complex subunit C3, mitochondrial OS=Homo sapiens OX=9606 GN=ATP5MC3 PE=1 SV=1	142
P26885	sp|P26885|FKBP2_HUMAN Peptidyl-prolyl cis-trans isomerase FKBP2 OS=Homo sapiens OX=9606 GN=FKBP2 PE=1 SV=2	142
P60983	sp|P60983|GMFB_HUMAN Glia maturation factor beta OS=Homo sapiens OX=9606 GN=GMFB PE=1 SV=2	142
Q14019	sp|Q14019|COTL1_HUMAN Coactosin-like protein OS=Homo sapiens OX=9606 GN=COTL1 PE=1 SV=3	142
P53680	sp|P53680|AP2S1_HUMAN AP-2 complex subunit sigma OS=Homo sapiens OX=9606 GN=AP2S1 PE=1 SV=2	142
Q9NZG7	sp|Q9NZG7|NINJ2_HUMAN Ninjurin-2 OS=Homo sapiens OX=9606 GN=NINJ2 PE=1 SV=1	142
O60234	sp|O60234|GMFG_HUMAN Glia maturation factor gamma OS=Homo sapiens OX=9606 GN=GMFG PE=1 SV=1	142
Q9NPD7	sp|Q9NPD7|NRN1_HUMAN Neuritin OS=Homo sapiens OX=9606 GN=NRN1 PE=1 SV=1	142
C9JVW0	sp|C9JVW0|INAM1_HUMAN Putative transmembrane protein INAFM1 OS=Homo sapiens OX=9606 GN=INAFM1 PE=1 SV=1	142
Q9NS69	sp|Q9NS69|TOM22_HUMAN Mitochondrial import receptor subunit TOM22 homolog OS=Homo sapiens OX=9606 GN=TOMM22 PE=1 SV=3	142
O15514	sp|O15514|RPB4_HUMAN DNA-directed RNA polymerase II subunit RPB4 OS=Homo sapiens OX=9606 GN=POLR2D PE=1 SV=1	142
O15432	sp|O15432|COPT2_HUMAN Protein SLC31A2 OS=Homo sapiens OX=9606 GN=SLC31A2 PE=1 SV=1	143
P16104	sp|P16104|H2AX_HUMAN Histone H2AX OS=Homo sapiens OX=9606 GN=H2AX PE=1 SV=2	143
Q96HE8	sp|Q96HE8|TMM80_HUMAN Transmembrane protein 80 OS=Homo sapiens OX=9606 GN=TMEM80 PE=1 SV=5	143
Q9P0J0	sp|Q9P0J0|NDUAD_HUMAN NADH dehydrogenase [ubiquinone] 1 alpha subcomplex subunit 13 OS=Homo sapiens OX=9606 GN=NDUFA13 PE=1 SV=3	144
O95406	sp|O95406|CNIH1_HUMAN Protein cornichon homolog 1 OS=Homo sapiens OX=9606 GN=CNIH1 PE=1 SV=1	144
P09132	sp|P09132|SRP19_HUMAN Signal recognition particle 19 kDa protein OS=Homo sapiens OX=9606 GN=SRP19 PE=1 SV=3	144
Q8WVE7	sp|Q8WVE7|T170A_HUMAN Transmembrane protein 170A OS=Homo sapiens OX=9606 GN=TMEM170A PE=1 SV=1	144
Q9Y587	sp|Q9Y587|AP4S1_HUMAN AP-4 complex subunit sigma-1 OS=Homo sapiens OX=9606 GN=AP4S1 PE=1 SV=1	144
P39019	sp|P39019|RS19_HUMAN Small ribosomal subunit protein eS19 OS=Homo sapiens OX=9606 GN=RPS19 PE=1 SV=2	145
Q15388	sp|Q15388|TOM20_HUMAN Mitochondrial import receptor subunit TOM20 homolog OS=Homo sapiens OX=9606 GN=TOMM20 PE=1 SV=1	145
Q03393	sp|Q03393|PTPS_HUMAN 6-pyruvoyl tetrahydrobiopterin synthase OS=Homo sapiens OX=9606 GN=PTS PE=1 SV=1	145
P57105	sp|P57105|SYJ2B_HUMAN Synaptojanin-2-binding protein OS=Homo sapiens OX=9606 GN=SYNJ2BP PE=1 SV=2	145
Q9P0N5	sp|Q9P0N5|TM216_HUMAN Transmembrane protein 216 OS=Homo sapiens OX=9606 GN=TMEM216 PE=1 SV=3	145
P22749	sp|P22749|GNLY_HUMAN Granulysin OS=Homo sapiens OX=9606 GN=GNLY PE=1 SV=3	145
P01034	sp|P01034|CYTC_HUMAN Cystatin-C OS=Homo sapiens OX=9606 GN=CST3 PE=1 SV=1	146
P62249	sp|P62249|RS16_HUMAN Small ribosomal subunit protein uS9 OS=Homo sapiens OX=9606 GN=RPS16 PE=1 SV=2	146
Q6P1K1	sp|Q6P1K1|HRG1_HUMAN Heme transporter HRG1 OS=Homo sapiens OX=9606 GN=SLC48A1 PE=1 SV=1	146
O76095	sp|O76095|JTB_HUMAN Protein JTB OS=Homo sapiens OX=9606 GN=JTB PE=1 SV=1	146
P61326	sp|P61326|MGN_HUMAN Protein mago nashi homolog OS=Homo sapiens OX=9606 GN=MAGOH PE=1 SV=1	146
Q9GZY4	sp|Q9GZY4|COA1_HUMAN Cytochrome c oxidase assembly factor 1 homolog OS=Homo sapiens OX=9606 GN=COA1 PE=1 SV=1	146
Q8NI22	sp|Q8NI22|MCFD2_HUMAN Multiple coagulation factor deficiency protein 2 OS=Homo sapiens OX=9606 GN=MCFD2 PE=1 SV=1	146
P68871	sp|P68871|HBB_HUMAN Hemoglobin subunit beta OS=Homo sapiens OX=9606 GN=HBB PE=1 SV=2	147
Q96A00	sp|Q96A00|PP14A_HUMAN Protein phosphatase 1 regulatory subunit 14A OS=Homo sapiens OX=9606 GN=PPP1R14A PE=1 SV=1	147
P02766	sp|P02766|TTHY_HUMAN Transthyretin OS=Homo sapiens OX=9606 GN=TTR PE=1 SV=1	147
P61077	sp|P61077|UB2D3_HUMAN Ubiquitin-conjugating enzyme E2 D3 OS=Homo sapiens OX=9606 GN=UBE2D3 PE=1 SV=1	147
P62837	sp|P62837|UB2D2_HUMAN Ubiquitin-conjugating enzyme E2 D2 OS=Homo sapiens OX=9606 GN=UBE2D2 PE=1 SV=1	147
P50583	sp|P50583|AP4A_HUMAN Bis(5'-nucleosyl)-tetraphosphatase [asymmetrical] OS=Homo sapiens OX=9606 GN=NUDT2 PE=1 SV=3	147
Q96C90	sp|Q96C90|PP14B_HUMAN Protein phosphatase 1 regulatory subunit 14B OS=Homo sapiens OX=9606 GN=PPP1R14B PE=1 SV=3	147
Q99735	sp|Q99735|MGST2_HUMAN Microsomal glutathione S-transferase 2 OS=Homo sapiens OX=9606 GN=MGST2 PE=1 SV=1	147
Q9NRF9	sp|Q9NRF9|DPOE3_HUMAN DNA polymerase epsilon subunit 3 OS=Homo sapiens OX=9606 GN=POLE3 PE=1 SV=1	147
P49789	sp|P49789|FHIT_HUMAN Bis(5'-adenosyl)-triphosphatase OS=Homo sapiens OX=9606 GN=FHIT PE=1 SV=3	147
Q9HBL7	sp|Q9HBL7|PLRKT_HUMAN Plasminogen receptor (KT) OS=Homo sapiens OX=9606 GN=PLGRKT PE=1 SV=1	147
Q9Y2X8	sp|Q9Y2X8|UB2D4_HUMAN Ubiquitin-conjugating enzyme E2 D4 OS=Homo sapiens OX=9606 GN=UBE2D4 PE=1 SV=1	147
P34096	sp|P34096|RNAS4_HUMAN Ribonuclease 4 OS=Homo sapiens OX=9606 GN=RNASE4 PE=1 SV=3	147
P51668	sp|P51668|UB2D1_HUMAN Ubiquitin-conjugating enzyme E2 D1 OS=Homo sapiens OX=9606 GN=UBE2D1 PE=1 SV=1	147
O60896	sp|O60896|RAMP3_HUMAN Receptor activity-modifying protein 3 OS=Homo sapiens OX=9606 GN=RAMP3 PE=1 SV=1	148
O60894	sp|O60894|RAMP1_HUMAN Receptor activity-modifying protein 1 OS=Homo sapiens OX=9606 GN=RAMP1 PE=1 SV=1	148
Q9P0M9	sp|Q9P0M9|RM27_HUMAN Large ribosomal subunit protein bL27m OS=Homo sapiens OX=9606 GN=MRPL27 PE=1 SV=1	148
P61626	sp|P61626|LYSC_HUMAN Lysozyme C OS=Homo sapiens OX=9606 GN=LYZ PE=1 SV=1	148
P0DP23	sp|P0DP23|CALM1_HUMAN Calmodulin-1 OS=Homo sapiens OX=9606 GN=CALM1 PE=1 SV=1	149
Q8N111	sp|Q8N111|CEND_HUMAN Cell cycle exit and neuronal differentiation protein 1 OS=Homo sapiens OX=9606 GN=CEND1 PE=1 SV=1	149
Q9NRP0	sp|Q9NRP0|OSTC_HUMAN Oligosaccharyltransferase complex subunit OSTC OS=Homo sapiens OX=9606 GN=OSTC PE=1 SV=1	149
P20674	sp|P20674|COX5A_HUMAN Cytochrome c oxidase subunit 5A, mitochondrial OS=Homo sapiens OX=9606 GN=COX5A PE=1 SV=2	150
Q9BVJ7	sp|Q9BVJ7|DUS23_HUMAN Dual specificity protein phosphatase 23 OS=Homo sapiens OX=9606 GN=DUSP23 PE=1 SV=1	150
Q9Y5T4	sp|Q9Y5T4|DJC15_HUMAN DnaJ homolog subfamily C member 15 OS=Homo sapiens OX=9606 GN=DNAJC15 PE=1 SV=2	150
O43169	sp|O43169|CYB5B_HUMAN Cytochrome b5 type B OS=Homo sapiens OX=9606 GN=CYB5B PE=1 SV=3	150
Q16873	sp|Q16873|LTC4S_HUMAN Leukotriene C4 synthase OS=Homo sapiens OX=9606 GN=LTC4S PE=1 SV=1	150
P62277	sp|P62277|RS13_HUMAN Small ribosomal subunit protein uS15 OS=Homo sapiens OX=9606 GN=RPS13 PE=1 SV=2	151
P62263	sp|P62263|RS14_HUMAN Small ribosomal subunit protein uS11 OS=Homo sapiens OX=9606 GN=RPS14 PE=1 SV=3	151
P60660	sp|P60660|MYL6_HUMAN Myosin light polypeptide 6 OS=Homo sapiens OX=9606 GN=MYL6 PE=1 SV=2	151
P61916	sp|P61916|NPC2_HUMAN NPC intracellular cholesterol transporter 2 OS=Homo sapiens OX=9606 GN=NPC2 PE=1 SV=1	151
O15511	sp|O15511|ARPC5_HUMAN Actin-related protein 2/3 complex subunit 5 OS=Homo sapiens OX=9606 GN=ARPC5 PE=1 SV=3	151
P62269	sp|P62269|RS18_HUMAN Small ribosomal subunit protein uS13 OS=Homo sapiens OX=9606 GN=RPS18 PE=1 SV=3	152
Q9Y3D6	sp|Q9Y3D6|FIS1_HUMAN Mitochondrial fission 1 protein OS=Homo sapiens OX=9606 GN=FIS1 PE=1 SV=2	152
P22392	sp|P22392|NDKB_HUMAN Nucleoside diphosphate kinase B OS=Homo sapiens OX=9606 GN=NME2 PE=1 SV=1	152
O14880	sp|O14880|MGST3_HUMAN Glutathione S-transferase 3, mitochondrial OS=Homo sapiens OX=9606 GN=MGST3 PE=1 SV=1	152
P15531	sp|P15531|NDKA_HUMAN Nucleoside diphosphate kinase A OS=Homo sapiens OX=9606 GN=NME1 PE=1 SV=1	152
P61088	sp|P61088|UBE2N_HUMAN Ubiquitin-conjugating enzyme E2 N OS=Homo sapiens OX=9606 GN=UBE2N PE=1 SV=1	152
P49459	sp|P49459|UBE2A_HUMAN Ubiquitin-conjugating enzyme E2 A OS=Homo sapiens OX=9606 GN=UBE2A PE=1 SV=2	152
Q92982	sp|Q92982|NINJ1_HUMAN Ninjurin-1 OS=Homo sapiens OX=9606 GN=NINJ1 PE=1 SV=2	152
Q9UBR5	sp|Q9UBR5|CKLF_HUMAN Chemokine-like factor OS=Homo sapiens OX=9606 GN=CKLF PE=1 SV=1	152
P63146	sp|P63146|UBE2B_HUMAN Ubiquitin-conjugating enzyme E2 B OS=Homo sapiens OX=9606 GN=UBE2B PE=1 SV=1	152
Q04941	sp|Q04941|PLP2_HUMAN Proteolipid protein 2 OS=Homo sapiens OX=9606 GN=PLP2 PE=1 SV=1	152
O00422	sp|O00422|SAP18_HUMAN Histone deacetylase complex subunit SAP18 OS=Homo sapiens OX=9606 GN=SAP18 PE=1 SV=1	153
P21145	sp|P21145|MAL_HUMAN Myelin and lymphocyte protein OS=Homo sapiens OX=9606 GN=MAL PE=1 SV=1	153
Q9NX14	sp|Q9NX14|NDUBB_HUMAN NADH dehydrogenase [ubiquinone] 1 beta subcomplex subunit 11, mitochondrial OS=Homo sapiens OX=9606 GN=NDUFB11 PE=1 SV=1	153
Q9P0P0	sp|Q9P0P0|RN181_HUMAN E3 ubiquitin-protein ligase RNF181 OS=Homo sapiens OX=9606 GN=RNF181 PE=1 SV=1	153
O14933	sp|O14933|UB2L6_HUMAN Ubiquitin/ISG15-conjugating enzyme E2 L6 OS=Homo sapiens OX=9606 GN=UBE2L6 PE=1 SV=4	153
Q86XR5	sp|Q86XR5|PRIMA_HUMAN Proline-rich membrane anchor 1 OS=Homo sapiens OX=9606 GN=PRIMA1 PE=1 SV=2	153
Q8N138	sp|Q8N138|ORML3_HUMAN ORM1-like protein 3 OS=Homo sapiens OX=9606 GN=ORMDL3 PE=1 SV=1	153
Q9P0S3	sp|Q9P0S3|ORML1_HUMAN ORM1-like protein 1 OS=Homo sapiens OX=9606 GN=ORMDL1 PE=1 SV=1	153
Q53FV1	sp|Q53FV1|ORML2_HUMAN ORM1-like protein 2 OS=Homo sapiens OX=9606 GN=ORMDL2 PE=1 SV=2	153
P0DMQ5	sp|P0DMQ5|INAM2_HUMAN Putative transmembrane protein INAFM2 OS=Homo sapiens OX=9606 GN=INAFM2 PE=1 SV=1	153
A0A6I8PU40	sp|A0A6I8PU40|TUG1_HUMAN Taurine up-regulated 1 protein OS=Homo sapiens OX=9606 GN=TUG1 PE=1 SV=2	153
P00441	sp|P00441|SODC_HUMAN Superoxide dismutase [Cu-Zn] OS=Homo sapiens OX=9606 GN=SOD1 PE=1 SV=2	154
Q9UHV9	sp|Q9UHV9|PFD2_HUMAN Prefoldin subunit 2 OS=Homo sapiens OX=9606 GN=PFDN2 PE=1 SV=1	154
P63241	sp|P63241|IF5A1_HUMAN Eukaryotic translation initiation factor 5A-1 OS=Homo sapiens OX=9606 GN=EIF5A PE=1 SV=2	154
P68036	sp|P68036|UB2L3_HUMAN Ubiquitin-conjugating enzyme E2 L3 OS=Homo sapiens OX=9606 GN=UBE2L3 PE=1 SV=1	154
Q96A26	sp|Q96A26|F162A_HUMAN Protein FAM162A OS=Homo sapiens OX=9606 GN=FAM162A PE=1 SV=2	154
Q9H4G4	sp|Q9H4G4|GAPR1_HUMAN Golgi-associated plant pathogenesis-related protein 1 OS=Homo sapiens OX=9606 GN=GLIPR2 PE=1 SV=3	154
Q9UK76	sp|Q9UK76|JUPI1_HUMAN Jupiter microtubule associated homolog 1 OS=Homo sapiens OX=9606 GN=JPT1 PE=1 SV=3	154
Q8NCS4	sp|Q8NCS4|TM35B_HUMAN Transmembrane protein 35B OS=Homo sapiens OX=9606 GN=TMEM35B PE=1 SV=1	154
Q56VL3	sp|Q56VL3|OCAD2_HUMAN OCIA domain-containing protein 2 OS=Homo sapiens OX=9606 GN=OCIAD2 PE=1 SV=1	154
Q96J86	sp|Q96J86|CYYR1_HUMAN Cysteine and tyrosine-rich protein 1 OS=Homo sapiens OX=9606 GN=CYYR1 PE=2 SV=1	154
P27449	sp|P27449|VATL_HUMAN V-type proton ATPase 16 kDa proteolipid subunit c OS=Homo sapiens OX=9606 GN=ATP6V0C PE=1 SV=1	155
P05230	sp|P05230|FGF1_HUMAN Fibroblast growth factor 1 OS=Homo sapiens OX=9606 GN=FGF1 PE=1 SV=1	155
P10620	sp|P10620|MGST1_HUMAN Microsomal glutathione S-transferase 1 OS=Homo sapiens OX=9606 GN=MGST1 PE=1 SV=1	155
P41134	sp|P41134|ID1_HUMAN DNA-binding protein inhibitor ID-1 OS=Homo sapiens OX=9606 GN=ID1 PE=1 SV=3	155
Q8NEQ5	sp|Q8NEQ5|CA162_HUMAN Transmembrane protein C1orf162 OS=Homo sapiens OX=9606 GN=C1orf162 PE=1 SV=1	155
Q969G6	sp|Q969G6|RIFK_HUMAN Riboflavin kinase OS=Homo sapiens OX=9606 GN=RFK PE=1 SV=2	155
P62750	sp|P62750|RL23A_HUMAN Large ribosomal subunit protein uL23 OS=Homo sapiens OX=9606 GN=RPL23A PE=1 SV=1	156
P07998	sp|P07998|RNAS1_HUMAN Ribonuclease pancreatic OS=Homo sapiens OX=9606 GN=RNASE1 PE=1 SV=4	156
P52298	sp|P52298|NCBP2_HUMAN Nuclear cap-binding protein subunit 2 OS=Homo sapiens OX=9606 GN=NCBP2 PE=1 SV=1	156
P46695	sp|P46695|IEX1_HUMAN Radiation-inducible immediate-early gene IEX-1 OS=Homo sapiens OX=9606 GN=IER3 PE=1 SV=4	156
P36639	sp|P36639|8ODP_HUMAN Oxidized purine nucleoside triphosphate hydrolase OS=Homo sapiens OX=9606 GN=NUDT1 PE=1 SV=4	156
Q8N2H4	sp|Q8N2H4|SYS1_HUMAN Protein SYS1 homolog OS=Homo sapiens OX=9606 GN=SYS1 PE=1 SV=1	156
Q8NEW7	sp|Q8NEW7|TMIE_HUMAN Transmembrane inner ear expressed protein OS=Homo sapiens OX=9606 GN=TMIE PE=1 SV=2	156
P83731	sp|P83731|RL24_HUMAN Large ribosomal subunit protein eL24 OS=Homo sapiens OX=9606 GN=RPL24 PE=1 SV=1	157
Q9UBK9	sp|Q9UBK9|UXT_HUMAN Protein UXT OS=Homo sapiens OX=9606 GN=UXT PE=1 SV=1	157
O95807	sp|O95807|TM50A_HUMAN Transmembrane protein 50A OS=Homo sapiens OX=9606 GN=TMEM50A PE=1 SV=1	157
P54849	sp|P54849|EMP1_HUMAN Epithelial membrane protein 1 OS=Homo sapiens OX=9606 GN=EMP1 PE=1 SV=3	157
P62280	sp|P62280|RS11_HUMAN Small ribosomal subunit protein uS17 OS=Homo sapiens OX=9606 GN=RPS11 PE=1 SV=3	158
P10124	sp|P10124|SRGN_HUMAN Serglycin OS=Homo sapiens OX=9606 GN=SRGN PE=1 SV=3	158
P24666	sp|P24666|PPAC_HUMAN Low molecular weight phosphotyrosine protein phosphatase OS=Homo sapiens OX=9606 GN=ACP1 PE=1 SV=3	158
P63279	sp|P63279|UBC9_HUMAN SUMO-conjugating enzyme UBC9 OS=Homo sapiens OX=9606 GN=UBE2I PE=1 SV=1	158
P57054	sp|P57054|PIGP_HUMAN Phosphatidylinositol N-acetylglucosaminyltransferase subunit P OS=Homo sapiens OX=9606 GN=PIGP PE=1 SV=4	158
P61966	sp|P61966|AP1S1_HUMAN AP-1 complex subunit sigma-1A OS=Homo sapiens OX=9606 GN=AP1S1 PE=1 SV=1	158
P56557	sp|P56557|TM50B_HUMAN Transmembrane protein 50B OS=Homo sapiens OX=9606 GN=TMEM50B PE=1 SV=2	158
Q8WV19	sp|Q8WV19|SFT2A_HUMAN Vesicle transport protein SFT2A OS=Homo sapiens OX=9606 GN=SFT2D1 PE=1 SV=1	159
P09234	sp|P09234|RU1C_HUMAN U1 small nuclear ribonucleoprotein C OS=Homo sapiens OX=9606 GN=SNRPC PE=1 SV=1	159
O14521	sp|O14521|DHSD_HUMAN Succinate dehydrogenase [ubiquinone] cytochrome b small subunit, mitochondrial OS=Homo sapiens OX=9606 GN=SDHD PE=1 SV=1	159
Q69YG0	sp|Q69YG0|TMM42_HUMAN Transmembrane protein 42 OS=Homo sapiens OX=9606 GN=TMEM42 PE=1 SV=2	159
Q6RW13	sp|Q6RW13|ATRAP_HUMAN Type-1 angiotensin II receptor-associated protein OS=Homo sapiens OX=9606 GN=AGTRAP PE=1 SV=1	159
O95257	sp|O95257|GA45G_HUMAN Growth arrest and DNA damage-inducible protein GADD45 gamma OS=Homo sapiens OX=9606 GN=GADD45G PE=1 SV=1	159
Q6PEY1	sp|Q6PEY1|TMM88_HUMAN Transmembrane protein 88 OS=Homo sapiens OX=9606 GN=TMEM88 PE=1 SV=1	159
Q3ZCQ3	sp|Q3ZCQ3|F174B_HUMAN Membrane protein FAM174B OS=Homo sapiens OX=9606 GN=FAM174B PE=1 SV=2	159
Q15185	sp|Q15185|TEBP_HUMAN Prostaglandin E synthase 3 OS=Homo sapiens OX=9606 GN=PTGES3 PE=1 SV=1	160
Q01453	sp|Q01453|PMP22_HUMAN Peripheral myelin protein 22 OS=Homo sapiens OX=9606 GN=PMP22 PE=1 SV=1	160
P01135	sp|P01135|TGFA_HUMAN Protransforming growth factor alpha OS=Homo sapiens OX=9606 GN=TGFA PE=1 SV=1	160
Q6PI25	sp|Q6PI25|CNIH2_HUMAN Protein cornichon homolog 2 OS=Homo sapiens OX=9606 GN=CNIH2 PE=1 SV=1	160
O95562	sp|O95562|SFT2B_HUMAN Vesicle transport protein SFT2B OS=Homo sapiens OX=9606 GN=SFT2D2 PE=1 SV=1	160
O75947	sp|O75947|ATP5H_HUMAN ATP synthase peripheral stalk subunit d, mitochondrial OS=Homo sapiens OX=9606 GN=ATP5PD PE=1 SV=3	161
Q99732	sp|Q99732|LITAF_HUMAN Lipopolysaccharide-induced tumor necrosis factor-alpha factor OS=Homo sapiens OX=9606 GN=LITAF PE=1 SV=2	161
P20292	sp|P20292|AL5AP_HUMAN Arachidonate 5-lipoxygenase-activating protein OS=Homo sapiens OX=9606 GN=ALOX5AP PE=1 SV=2	161
P04216	sp|P04216|THY1_HUMAN Thy-1 membrane glycoprotein OS=Homo sapiens OX=9606 GN=THY1 PE=1 SV=2	161
Q9H2H8	sp|Q9H2H8|PPIL3_HUMAN Peptidyl-prolyl cis-trans isomerase-like 3 OS=Homo sapiens OX=9606 GN=PPIL3 PE=1 SV=1	161
P10153	sp|P10153|RNAS2_HUMAN Non-secretory ribonuclease OS=Homo sapiens OX=9606 GN=RNASE2 PE=1 SV=2	161
P53816	sp|P53816|PLAT3_HUMAN Phospholipase A and acyltransferase 3 OS=Homo sapiens OX=9606 GN=PLAAT3 PE=1 SV=2	162
O60493	sp|O60493|SNX3_HUMAN Sorting nexin-3 OS=Homo sapiens OX=9606 GN=SNX3 PE=1 SV=3	162
P51636	sp|P51636|CAV2_HUMAN Caveolin-2 OS=Homo sapiens OX=9606 GN=CAV2 PE=1 SV=2	162
Q86YL7	sp|Q86YL7|PDPN_HUMAN Podoplanin OS=Homo sapiens OX=9606 GN=PDPN PE=1 SV=3	162
Q9UK00	sp|Q9UK00|CC018_HUMAN Uncharacterized protein C3orf18 OS=Homo sapiens OX=9606 GN=C3orf18 PE=1 SV=2	162
A6NKF7	sp|A6NKF7|TM278_HUMAN Transmembrane protein 278 OS=Homo sapiens OX=9606 GN=TMEM278 PE=1 SV=1	163
Q13526	sp|Q13526|PIN1_HUMAN Peptidyl-prolyl cis-trans isomerase NIMA-interacting 1 OS=Homo sapiens OX=9606 GN=PIN1 PE=1 SV=1	163
Q99969	sp|Q99969|RARR2_HUMAN Retinoic acid receptor responder protein 2 OS=Homo sapiens OX=9606 GN=RARRES2 PE=1 SV=1	163
Q9BQB6	sp|Q9BQB6|VKOR1_HUMAN Vitamin K epoxide reductase complex subunit 1 OS=Homo sapiens OX=9606 GN=VKORC1 PE=1 SV=1	163
P54852	sp|P54852|EMP3_HUMAN Epithelial membrane protein 3 OS=Homo sapiens OX=9606 GN=EMP3 PE=1 SV=1	163
Q9BX68	sp|Q9BX68|HINT2_HUMAN Adenosine 5'-monophosphoramidase HINT2 OS=Homo sapiens OX=9606 GN=HINT2 PE=1 SV=1	163
Q8N6I4	sp|Q8N6I4|LYSET_HUMAN Lysosomal enzyme trafficking factor OS=Homo sapiens OX=9606 GN=LYSET PE=1 SV=4	163
P84103	sp|P84103|SRSF3_HUMAN Serine/arginine-rich splicing factor 3 OS=Homo sapiens OX=9606 GN=SRSF3 PE=1 SV=1	164
Q9UL19	sp|Q9UL19|PLAT4_HUMAN Phospholipase A and acyltransferase 4 OS=Homo sapiens OX=9606 GN=PLAAT4 PE=1 SV=1	164
Q9NV35	sp|Q9NV35|NUD15_HUMAN Nucleotide triphosphate diphosphatase NUDT15 OS=Homo sapiens OX=9606 GN=NUDT15 PE=1 SV=1	164
P62937	sp|P62937|PPIA_HUMAN Peptidyl-prolyl cis-trans isomerase A OS=Homo sapiens OX=9606 GN=PPIA PE=1 SV=2	165
P46783	sp|P46783|RS10_HUMAN Small ribosomal subunit protein eS10 OS=Homo sapiens OX=9606 GN=RPS10 PE=1 SV=1	165
P30050	sp|P30050|RL12_HUMAN Large ribosomal subunit protein uL11 OS=Homo sapiens OX=9606 GN=RPL12 PE=1 SV=1	165
P60981	sp|P60981|DEST_HUMAN Destrin OS=Homo sapiens OX=9606 GN=DSTN PE=1 SV=3	165
O60613	sp|O60613|SEP15_HUMAN Selenoprotein F OS=Homo sapiens OX=9606 GN=SELENOF PE=1 SV=4	165
Q5BJH2	sp|Q5BJH2|TM128_HUMAN Transmembrane protein 128 OS=Homo sapiens OX=9606 GN=TMEM128 PE=1 SV=2	165
P60604	sp|P60604|UB2G2_HUMAN Ubiquitin-conjugating enzyme E2 G2 OS=Homo sapiens OX=9606 GN=UBE2G2 PE=1 SV=1	165
Q9UKJ5	sp|Q9UKJ5|CHIC2_HUMAN Cysteine-rich hydrophobic domain-containing protein 2 OS=Homo sapiens OX=9606 GN=CHIC2 PE=1 SV=1	165
Q16617	sp|Q16617|NKG7_HUMAN Protein NKG7 OS=Homo sapiens OX=9606 GN=NKG7 PE=1 SV=1	165
P23528	sp|P23528|COF1_HUMAN Cofilin-1 OS=Homo sapiens OX=9606 GN=CFL1 PE=1 SV=3	166
Q9Y281	sp|Q9Y281|COF2_HUMAN Cofilin-2 OS=Homo sapiens OX=9606 GN=CFL2 PE=1 SV=1	166
Q96LU5	sp|Q96LU5|IMP1L_HUMAN Mitochondrial inner membrane protease subunit 1 OS=Homo sapiens OX=9606 GN=IMMP1L PE=1 SV=1	166
Q9Y3C6	sp|Q9Y3C6|PPIL1_HUMAN Peptidyl-prolyl cis-trans isomerase-like 1 OS=Homo sapiens OX=9606 GN=PPIL1 PE=1 SV=1	166
Q13405	sp|Q13405|RM49_HUMAN Large ribosomal subunit protein mL49 OS=Homo sapiens OX=9606 GN=MRPL49 PE=1 SV=1	166
Q9UDX5	sp|Q9UDX5|MTFP1_HUMAN Mitochondrial fission process protein 1 OS=Homo sapiens OX=9606 GN=MTFP1 PE=1 SV=1	166
Q12974	sp|Q12974|TP4A2_HUMAN Protein tyrosine phosphatase type IVA 2 OS=Homo sapiens OX=9606 GN=PTP4A2 PE=1 SV=1	167
P54851	sp|P54851|EMP2_HUMAN Epithelial membrane protein 2 OS=Homo sapiens OX=9606 GN=EMP2 PE=1 SV=1	167
Q8NHV5	sp|Q8NHV5|MOSMO_HUMAN Modulator of smoothened protein OS=Homo sapiens OX=9606 GN=MOSMO PE=2 SV=3	167
Q8NBD8	sp|Q8NBD8|T229B_HUMAN Transmembrane protein 229B OS=Homo sapiens OX=9606 GN=TMEM229B PE=1 SV=1	167
Q53FP2	sp|Q53FP2|NACHO_HUMAN Novel acetylcholine receptor chaperone OS=Homo sapiens OX=9606 GN=TMEM35A PE=1 SV=2	167
P30049	sp|P30049|ATPD_HUMAN ATP synthase F(1) complex subunit delta, mitochondrial OS=Homo sapiens OX=9606 GN=ATP5F1D PE=1 SV=2	168
P59998	sp|P59998|ARPC4_HUMAN Actin-related protein 2/3 complex subunit 4 OS=Homo sapiens OX=9606 GN=ARPC4 PE=1 SV=3	168
P42773	sp|P42773|CDN2C_HUMAN Cyclin-dependent kinase 4 inhibitor C OS=Homo sapiens OX=9606 GN=CDKN2C PE=1 SV=1	168
Q96FN9	sp|Q96FN9|DTD2_HUMAN D-aminoacyl-tRNA deacylase 2 OS=Homo sapiens OX=9606 GN=DTD2 PE=1 SV=1	168
P13073	sp|P13073|COX41_HUMAN Cytochrome c oxidase subunit 4 isoform 1, mitochondrial OS=Homo sapiens OX=9606 GN=COX4I1 PE=1 SV=1	169
Q9Y6A9	sp|Q9Y6A9|SPCS1_HUMAN Signal peptidase complex subunit 1 OS=Homo sapiens OX=9606 GN=SPCS1 PE=1 SV=5	169
Q99643	sp|Q99643|C560_HUMAN Succinate dehydrogenase cytochrome b560 subunit, mitochondrial OS=Homo sapiens OX=9606 GN=SDHC PE=1 SV=1	169
P30536	sp|P30536|TSPO_HUMAN Translocator protein OS=Homo sapiens OX=9606 GN=TSPO PE=1 SV=3	169
Q13232	sp|Q13232|NDKC_HUMAN Nucleoside diphosphate kinase C OS=Homo sapiens OX=9606 GN=NME3 PE=1 SV=2	169
Q9GZZ1	sp|Q9GZZ1|NAA50_HUMAN N-alpha-acetyltransferase 50 OS=Homo sapiens OX=9606 GN=NAA50 PE=1 SV=1	169
P62253	sp|P62253|UB2G1_HUMAN Ubiquitin-conjugating enzyme E2 G1 OS=Homo sapiens OX=9606 GN=UBE2G1 PE=1 SV=3	170
P63098	sp|P63098|CANB1_HUMAN Calcineurin subunit B type 1 OS=Homo sapiens OX=9606 GN=PPP3R1 PE=1 SV=2	170
Q96F10	sp|Q96F10|SAT2_HUMAN Thialysine N-epsilon-acetyltransferase OS=Homo sapiens OX=9606 GN=SAT2 PE=1 SV=1	170
Q9H773	sp|Q9H773|DCTP1_HUMAN dCTP pyrophosphatase 1 OS=Homo sapiens OX=9606 GN=DCTPP1 PE=1 SV=1	170
P21673	sp|P21673|SAT1_HUMAN Diamine acetyltransferase 1 OS=Homo sapiens OX=9606 GN=SAT1 PE=1 SV=1	171
Q9Y328	sp|Q9Y328|NSG2_HUMAN Neuronal vesicle trafficking-associated protein 2 OS=Homo sapiens OX=9606 GN=NSG2 PE=1 SV=1	171
Q99595	sp|Q99595|TI17A_HUMAN Mitochondrial import inner membrane translocase subunit Tim17-A OS=Homo sapiens OX=9606 GN=TIMM17A PE=1 SV=1	171
P13693	sp|P13693|TCTP_HUMAN Translationally-controlled tumor protein OS=Homo sapiens OX=9606 GN=TPT1 PE=1 SV=1	172
Q14011	sp|Q14011|CIRBP_HUMAN Cold-inducible RNA-binding protein OS=Homo sapiens OX=9606 GN=CIRBP PE=1 SV=1	172
Q9UMX5	sp|Q9UMX5|NENF_HUMAN Neudesin OS=Homo sapiens OX=9606 GN=NENF PE=1 SV=1	172
O14950	sp|O14950|ML12B_HUMAN Myosin regulatory light chain 12B OS=Homo sapiens OX=9606 GN=MYL12B PE=1 SV=2	172
Q96AW1	sp|Q96AW1|VOPP1_HUMAN WW domain binding protein VOPP1 OS=Homo sapiens OX=9606 GN=VOPP1 PE=1 SV=1	172
O60830	sp|O60830|TI17B_HUMAN Mitochondrial import inner membrane translocase subunit Tim17-B OS=Homo sapiens OX=9606 GN=TIMM17B PE=1 SV=1	172
Q9Y3D8	sp|Q9Y3D8|KAD6_HUMAN Adenylate kinase isoenzyme 6 OS=Homo sapiens OX=9606 GN=AK6 PE=1 SV=1	172
O95881	sp|O95881|TXD12_HUMAN Thioredoxin domain-containing protein 12 OS=Homo sapiens OX=9606 GN=TXNDC12 PE=1 SV=1	172
O95989	sp|O95989|NUDT3_HUMAN Diphosphoinositol polyphosphate phosphohydrolase 1 OS=Homo sapiens OX=9606 GN=NUDT3 PE=1 SV=1	172
Q9UGQ2	sp|Q9UGQ2|FLOWR_HUMAN Calcium channel flower homolog OS=Homo sapiens OX=9606 GN=CACFD1 PE=1 SV=1	172
Q6ZNR0	sp|Q6ZNR0|TMM91_HUMAN Transmembrane protein 91 OS=Homo sapiens OX=9606 GN=TMEM91 PE=1 SV=1	172
P51571	sp|P51571|SSRD_HUMAN Translocon-associated protein subunit delta OS=Homo sapiens OX=9606 GN=SSR4 PE=1 SV=1	173
P23434	sp|P23434|GCSH_HUMAN Glycine cleavage system H protein, mitochondrial OS=Homo sapiens OX=9606 GN=GCSH PE=1 SV=2	173
Q93096	sp|Q93096|TP4A1_HUMAN Protein tyrosine phosphatase type IVA 1 OS=Homo sapiens OX=9606 GN=PTP4A1 PE=1 SV=2	173
Q969H8	sp|Q969H8|MYDGF_HUMAN Myeloid-derived growth factor OS=Homo sapiens OX=9606 GN=MYDGF PE=1 SV=1	173
Q9BTX3	sp|Q9BTX3|TM208_HUMAN Transmembrane protein 208 OS=Homo sapiens OX=9606 GN=TMEM208 PE=1 SV=1	173
O75365	sp|O75365|TP4A3_HUMAN Protein tyrosine phosphatase type IVA 3 OS=Homo sapiens OX=9606 GN=PTP4A3 PE=1 SV=2	173
Q5SV17	sp|Q5SV17|TM240_HUMAN Transmembrane protein 240 OS=Homo sapiens OX=9606 GN=TMEM240 PE=1 SV=2	173
O00258	sp|O00258|GET1_HUMAN Guided entry of tail-anchored proteins factor 1 OS=Homo sapiens OX=9606 GN=GET1 PE=1 SV=2	174
Q9Y5S9	sp|Q9Y5S9|RBM8A_HUMAN RNA-binding protein 8A OS=Homo sapiens OX=9606 GN=RBM8A PE=1 SV=1	174
O43324	sp|O43324|MCA3_HUMAN Eukaryotic translation elongation factor 1 epsilon-1 OS=Homo sapiens OX=9606 GN=EEF1E1 PE=1 SV=1	174
P02511	sp|P02511|CRYAB_HUMAN Alpha-crystallin B chain OS=Homo sapiens OX=9606 GN=CRYAB PE=1 SV=2	175
P02792	sp|P02792|FRIL_HUMAN Ferritin light chain OS=Homo sapiens OX=9606 GN=FTL PE=1 SV=2	175
O60895	sp|O60895|RAMP2_HUMAN Receptor activity-modifying protein 2 OS=Homo sapiens OX=9606 GN=RAMP2 PE=1 SV=2	175
Q96FZ5	sp|Q96FZ5|CKLF7_HUMAN CKLF-like MARVEL transmembrane domain-containing protein 7 OS=Homo sapiens OX=9606 GN=CMTM7 PE=1 SV=1	175
P62330	sp|P62330|ARF6_HUMAN ADP-ribosylation factor 6 OS=Homo sapiens OX=9606 GN=ARF6 PE=1 SV=2	175
Q96T52	sp|Q96T52|IMP2L_HUMAN Mitochondrial inner membrane protease subunit 2 OS=Homo sapiens OX=9606 GN=IMMP2L PE=1 SV=1	175
Q02543	sp|Q02543|RL18A_HUMAN Large ribosomal subunit protein eL20 OS=Homo sapiens OX=9606 GN=RPL18A PE=1 SV=2	176
P39210	sp|P39210|MPV17_HUMAN Mitochondrial inner membrane protein Mpv17 OS=Homo sapiens OX=9606 GN=MPV17 PE=1 SV=1	176
Q86V88	sp|Q86V88|MGDP1_HUMAN Magnesium-dependent phosphatase 1 OS=Homo sapiens OX=9606 GN=MDP1 PE=1 SV=1	176
Q96PE7	sp|Q96PE7|MCEE_HUMAN Methylmalonyl-CoA epimerase, mitochondrial OS=Homo sapiens OX=9606 GN=MCEE PE=1 SV=1	176
Q8N0U8	sp|Q8N0U8|VKORL_HUMAN Vitamin K epoxide reductase complex subunit 1-like protein 1 OS=Homo sapiens OX=9606 GN=VKORC1L1 PE=1 SV=2	176
Q5BJF2	sp|Q5BJF2|SGMR2_HUMAN Sigma intracellular receptor 2 OS=Homo sapiens OX=9606 GN=TMEM97 PE=1 SV=1	176
P62633	sp|P62633|CNBP_HUMAN CCHC-type zinc finger nucleic acid binding protein OS=Homo sapiens OX=9606 GN=CNBP PE=1 SV=1	177
O43447	sp|O43447|PPIH_HUMAN Peptidyl-prolyl cis-trans isomerase H OS=Homo sapiens OX=9606 GN=PPIH PE=1 SV=1	177
P62913	sp|P62913|RL11_HUMAN Large ribosomal subunit protein uL5 OS=Homo sapiens OX=9606 GN=RPL11 PE=1 SV=2	178
O15145	sp|O15145|ARPC3_HUMAN Actin-related protein 2/3 complex subunit 3 OS=Homo sapiens OX=9606 GN=ARPC3 PE=1 SV=3	178
O60831	sp|O60831|PRAF2_HUMAN PRA1 family protein 2 OS=Homo sapiens OX=9606 GN=PRAF2 PE=1 SV=1	178
Q96DB9	sp|Q96DB9|FXYD5_HUMAN FXYD domain-containing ion transport regulator 5 OS=Homo sapiens OX=9606 GN=FXYD5 PE=1 SV=2	178
P32321	sp|P32321|DCTD_HUMAN Deoxycytidylate deaminase OS=Homo sapiens OX=9606 GN=DCTD PE=1 SV=2	178
P61599	sp|P61599|NAA20_HUMAN N-alpha-acetyltransferase 20 OS=Homo sapiens OX=9606 GN=NAA20 PE=1 SV=1	178
Q03135	sp|Q03135|CAV1_HUMAN Caveolin-1 OS=Homo sapiens OX=9606 GN=CAV1 PE=1 SV=4	178
A0A5B9	sp|A0A5B9|TRBC2_HUMAN T cell receptor beta constant 2 OS=Homo sapiens OX=9606 GN=TRBC2 PE=1 SV=2	178
P67812	sp|P67812|SC11A_HUMAN Signal peptidase complex catalytic subunit SEC11A OS=Homo sapiens OX=9606 GN=SEC11A PE=1 SV=1	179
P57086	sp|P57086|SCND1_HUMAN SCAN domain-containing protein 1 OS=Homo sapiens OX=9606 GN=SCAND1 PE=1 SV=1	179
Q9BV57	sp|Q9BV57|MTND_HUMAN Acireductone dioxygenase OS=Homo sapiens OX=9606 GN=ADI1 PE=1 SV=1	179
Q9Y3E5	sp|Q9Y3E5|PTH2_HUMAN Peptidyl-tRNA hydrolase 2, mitochondrial OS=Homo sapiens OX=9606 GN=PTRH2 PE=1 SV=1	179
Q96MD7	sp|Q96MD7|CI085_HUMAN Uncharacterized protein C9orf85 OS=Homo sapiens OX=9606 GN=C9orf85 PE=1 SV=1	179
Q8N4P3	sp|Q8N4P3|MESH1_HUMAN Guanosine-3',5'-bis(diphosphate) 3'-pyrophosphohydrolase MESH1 OS=Homo sapiens OX=9606 GN=HDDC3 PE=1 SV=3	179
P53801	sp|P53801|PTTG_HUMAN Pituitary tumor-transforming gene 1 protein-interacting protein OS=Homo sapiens OX=9606 GN=PTTG1IP PE=1 SV=1	180
P84085	sp|P84085|ARF5_HUMAN ADP-ribosylation factor 5 OS=Homo sapiens OX=9606 GN=ARF5 PE=1 SV=2	180
Q99942	sp|Q99942|RNF5_HUMAN E3 ubiquitin-protein ligase RNF5 OS=Homo sapiens OX=9606 GN=RNF5 PE=1 SV=1	180
P18085	sp|P18085|ARF4_HUMAN ADP-ribosylation factor 4 OS=Homo sapiens OX=9606 GN=ARF4 PE=1 SV=3	180
Q10589	sp|Q10589|BST2_HUMAN Bone marrow stromal antigen 2 OS=Homo sapiens OX=9606 GN=BST2 PE=1 SV=1	180
P07741	sp|P07741|APT_HUMAN Adenine phosphoribosyltransferase OS=Homo sapiens OX=9606 GN=APRT PE=1 SV=2	180
Q9NZJ9	sp|Q9NZJ9|NUDT4_HUMAN Diphosphoinositol polyphosphate phosphohydrolase 2 OS=Homo sapiens OX=9606 GN=NUDT4 PE=1 SV=2	180
P01344	sp|P01344|IGF2_HUMAN Insulin-like growth factor 2 OS=Homo sapiens OX=9606 GN=IGF2 PE=1 SV=1	180
P84077	sp|P84077|ARF1_HUMAN ADP-ribosylation factor 1 OS=Homo sapiens OX=9606 GN=ARF1 PE=1 SV=2	181
P61204	sp|P61204|ARF3_HUMAN ADP-ribosylation factor 3 OS=Homo sapiens OX=9606 GN=ARF3 PE=1 SV=2	181
Q13442	sp|Q13442|HAP28_HUMAN 28 kDa heat- and acid-stable phosphoprotein OS=Homo sapiens OX=9606 GN=PDAP1 PE=1 SV=1	181
Q9NX38	sp|Q9NX38|ABITM_HUMAN Protein Abitram OS=Homo sapiens OX=9606 GN=ABITRAM PE=1 SV=1	181
Q96AZ6	sp|Q96AZ6|ISG20_HUMAN Interferon-stimulated gene 20 kDa protein OS=Homo sapiens OX=9606 GN=ISG20 PE=1 SV=2	181
Q9BQJ4	sp|Q9BQJ4|TMM47_HUMAN Transmembrane protein 47 OS=Homo sapiens OX=9606 GN=TMEM47 PE=1 SV=1	181
Q9Y342	sp|Q9Y342|PLLP_HUMAN Plasmolipin OS=Homo sapiens OX=9606 GN=PLLP PE=1 SV=1	182
Q9UBQ0	sp|Q9UBQ0|VPS29_HUMAN Vacuolar protein sorting-associated protein 29 OS=Homo sapiens OX=9606 GN=VPS29 PE=1 SV=1	182
Q9Y2B0	sp|Q9Y2B0|CNPY2_HUMAN Protein canopy homolog 2 OS=Homo sapiens OX=9606 GN=CNPY2 PE=1 SV=1	182
P55145	sp|P55145|MANF_HUMAN Mesencephalic astrocyte-derived neurotrophic factor OS=Homo sapiens OX=9606 GN=MANF PE=1 SV=3	182
Q9Y3D2	sp|Q9Y3D2|MSRB2_HUMAN Methionine-R-sulfoxide reductase B2, mitochondrial OS=Homo sapiens OX=9606 GN=MSRB2 PE=1 SV=2	182
Q96MX0	sp|Q96MX0|CKLF3_HUMAN CKLF-like MARVEL transmembrane domain-containing protein 3 OS=Homo sapiens OX=9606 GN=CMTM3 PE=1 SV=1	182
P02794	sp|P02794|FRIH_HUMAN Ferritin heavy chain OS=Homo sapiens OX=9606 GN=FTH1 PE=1 SV=2	183
Q13185	sp|Q13185|CBX3_HUMAN Chromobox protein homolog 3 OS=Homo sapiens OX=9606 GN=CBX3 PE=1 SV=4	183
Q5J8M3	sp|Q5J8M3|EMC4_HUMAN ER membrane protein complex subunit 4 OS=Homo sapiens OX=9606 GN=EMC4 PE=1 SV=2	183
P43308	sp|P43308|SSRB_HUMAN Translocon-associated protein subunit beta OS=Homo sapiens OX=9606 GN=SSR2 PE=1 SV=1	183
P61081	sp|P61081|UBC12_HUMAN NEDD8-conjugating enzyme Ubc12 OS=Homo sapiens OX=9606 GN=UBE2M PE=1 SV=1	183
Q9P0T7	sp|Q9P0T7|TMEM9_HUMAN Proton-transporting V-type ATPase complex assembly regulator TMEM9 OS=Homo sapiens OX=9606 GN=TMEM9 PE=1 SV=1	183
P62256	sp|P62256|UBE2H_HUMAN Ubiquitin-conjugating enzyme E2 H OS=Homo sapiens OX=9606 GN=UBE2H PE=1 SV=1	183
P10114	sp|P10114|RAP2A_HUMAN Ras-related protein Rap-2a OS=Homo sapiens OX=9606 GN=RAP2A PE=1 SV=1	183
Q8N5M9	sp|Q8N5M9|JAGN1_HUMAN Protein jagunal homolog 1 OS=Homo sapiens OX=9606 GN=JAGN1 PE=1 SV=1	183
Q9NX76	sp|Q9NX76|CKLF6_HUMAN CKLF-like MARVEL transmembrane domain-containing protein 6 OS=Homo sapiens OX=9606 GN=CMTM6 PE=1 SV=1	183
Q9Y3L5	sp|Q9Y3L5|RAP2C_HUMAN Ras-related protein Rap-2c OS=Homo sapiens OX=9606 GN=RAP2C PE=1 SV=1	183
Q9NPB0	sp|Q9NPB0|SAYS1_HUMAN SAYSvFN domain-containing protein 1 OS=Homo sapiens OX=9606 GN=SAYSD1 PE=1 SV=1	183
P18621	sp|P18621|RL17_HUMAN Large ribosomal subunit protein uL22 OS=Homo sapiens OX=9606 GN=RPL17 PE=1 SV=3	184
P62834	sp|P62834|RAP1A_HUMAN Ras-related protein Rap-1A OS=Homo sapiens OX=9606 GN=RAP1A PE=1 SV=1	184
Q04760	sp|Q04760|LGUL_HUMAN Lactoylglutathione lyase OS=Homo sapiens OX=9606 GN=GLO1 PE=1 SV=4	184
P61224	sp|P61224|RAP1B_HUMAN Ras-related protein Rap-1b OS=Homo sapiens OX=9606 GN=RAP1B PE=1 SV=1	184
Q9NV31	sp|Q9NV31|IMP3_HUMAN U3 small nucleolar ribonucleoprotein protein IMP3 OS=Homo sapiens OX=9606 GN=IMP3 PE=1 SV=1	184
Q9NRW4	sp|Q9NRW4|DUS22_HUMAN Dual specificity protein phosphatase 22 OS=Homo sapiens OX=9606 GN=DUSP22 PE=1 SV=1	184
Q96EK6	sp|Q96EK6|GNA1_HUMAN Glucosamine 6-phosphate N-acetyltransferase OS=Homo sapiens OX=9606 GN=GNPNAT1 PE=1 SV=1	184
P14209	sp|P14209|CD99_HUMAN CD99 antigen OS=Homo sapiens OX=9606 GN=CD99 PE=1 SV=1	185
Q9UI14	sp|Q9UI14|PRAF1_HUMAN Prenylated Rab acceptor protein 1 OS=Homo sapiens OX=9606 GN=RABAC1 PE=1 SV=1	185
Q16626	sp|Q16626|MEA1_HUMAN Male-enhanced antigen 1 OS=Homo sapiens OX=9606 GN=MEA1 PE=1 SV=2	185
Q9UNL2	sp|Q9UNL2|SSRG_HUMAN Translocon-associated protein subunit gamma OS=Homo sapiens OX=9606 GN=SSR3 PE=1 SV=1	185
P51452	sp|P51452|DUS3_HUMAN Dual specificity protein phosphatase 3 OS=Homo sapiens OX=9606 GN=DUSP3 PE=1 SV=1	185
Q969M7	sp|Q969M7|UBE2F_HUMAN NEDD8-conjugating enzyme UBE2F OS=Homo sapiens OX=9606 GN=UBE2F PE=1 SV=1	185
P35318	sp|P35318|ADML_HUMAN Pro-adrenomedullin OS=Homo sapiens OX=9606 GN=ADM PE=1 SV=1	185
Q9NV12	sp|Q9NV12|TM140_HUMAN Transmembrane protein 140 OS=Homo sapiens OX=9606 GN=TMEM140 PE=1 SV=2	185
P42857	sp|P42857|NSG1_HUMAN Neuronal vesicle trafficking-associated protein 1 OS=Homo sapiens OX=9606 GN=NSG1 PE=1 SV=1	185
O95169	sp|O95169|NDUB8_HUMAN NADH dehydrogenase [ubiquinone] 1 beta subcomplex subunit 8, mitochondrial OS=Homo sapiens OX=9606 GN=NDUFB8 PE=1 SV=1	186
Q9NVJ2	sp|Q9NVJ2|ARL8B_HUMAN ADP-ribosylation factor-like protein 8B OS=Homo sapiens OX=9606 GN=ARL8B PE=1 SV=1	186
Q9BW83	sp|Q9BW83|IFT27_HUMAN Intraflagellar transport protein 27 homolog OS=Homo sapiens OX=9606 GN=IFT27 PE=1 SV=1	186
P30086	sp|P30086|PEBP1_HUMAN Phosphatidylethanolamine-binding protein 1 OS=Homo sapiens OX=9606 GN=PEBP1 PE=1 SV=3	187
A8MZ97	sp|A8MZ97|CB074_HUMAN Uncharacterized protein C2orf74 OS=Homo sapiens OX=9606 GN=C2orf74 PE=1 SV=4	187
O00746	sp|O00746|NDKD_HUMAN Nucleoside diphosphate kinase D, mitochondrial OS=Homo sapiens OX=9606 GN=NME4 PE=1 SV=1	187
Q9BQA9	sp|Q9BQA9|CYBC1_HUMAN Cytochrome b-245 chaperone 1 OS=Homo sapiens OX=9606 GN=CYBC1 PE=1 SV=1	187
P00374	sp|P00374|DYR_HUMAN Dihydrofolate reductase OS=Homo sapiens OX=9606 GN=DHFR PE=1 SV=2	187
Q5T6J7	sp|Q5T6J7|GNTK_HUMAN Probable gluconokinase OS=Homo sapiens OX=9606 GN=IDNK PE=1 SV=1	187
O75838	sp|O75838|CIB2_HUMAN Calcium and integrin-binding family member 2 OS=Homo sapiens OX=9606 GN=CIB2 PE=1 SV=1	187
Q86XF0	sp|Q86XF0|DYR2_HUMAN Dihydrofolate reductase 2, mitochondrial OS=Homo sapiens OX=9606 GN=DHFR2 PE=1 SV=1	187
Q07020	sp|Q07020|RL18_HUMAN Large ribosomal subunit protein eL18 OS=Homo sapiens OX=9606 GN=RPL18 PE=1 SV=2	188
Q8TAC2	sp|Q8TAC2|JOS2_HUMAN Josephin-2 OS=Homo sapiens OX=9606 GN=JOSD2 PE=1 SV=1	188
O75915	sp|O75915|PRAF3_HUMAN PRA1 family protein 3 OS=Homo sapiens OX=9606 GN=ARL6IP5 PE=1 SV=1	188
O96007	sp|O96007|MOC2B_HUMAN Molybdopterin synthase catalytic subunit OS=Homo sapiens OX=9606 GN=MOCS2 PE=1 SV=1	188
Q14442	sp|Q14442|PIGH_HUMAN Phosphatidylinositol N-acetylglucosaminyltransferase subunit H OS=Homo sapiens OX=9606 GN=PIGH PE=1 SV=1	188
Q9NX00	sp|Q9NX00|TM160_HUMAN Transmembrane protein 160 OS=Homo sapiens OX=9606 GN=TMEM160 PE=1 SV=1	188
O75223	sp|O75223|GGCT_HUMAN Gamma-glutamylcyclotransferase OS=Homo sapiens OX=9606 GN=GGCT PE=1 SV=1	188
O95445	sp|O95445|APOM_HUMAN Apolipoprotein M OS=Homo sapiens OX=9606 GN=APOM PE=1 SV=2	188
P05090	sp|P05090|APOD_HUMAN Apolipoprotein D OS=Homo sapiens OX=9606 GN=APOD PE=1 SV=1	189
Q99497	sp|Q99497|PARK7_HUMAN Parkinson disease protein 7 OS=Homo sapiens OX=9606 GN=PARK7 PE=1 SV=2	189
Q6UW68	sp|Q6UW68|TM205_HUMAN Transmembrane protein 205 OS=Homo sapiens OX=9606 GN=TMEM205 PE=1 SV=1	189
Q00765	sp|Q00765|REEP5_HUMAN Receptor expression-enhancing protein 5 OS=Homo sapiens OX=9606 GN=REEP5 PE=1 SV=3	189
P01112	sp|P01112|RASH_HUMAN GTPase HRas OS=Homo sapiens OX=9606 GN=HRAS PE=1 SV=1	189
Q9BQE4	sp|Q9BQE4|SELS_HUMAN Selenoprotein S OS=Homo sapiens OX=9606 GN=SELENOS PE=1 SV=3	189
O43674	sp|O43674|NDUB5_HUMAN NADH dehydrogenase [ubiquinone] 1 beta subcomplex subunit 5, mitochondrial OS=Homo sapiens OX=9606 GN=NDUFB5 PE=1 SV=1	189
Q9BZM1	sp|Q9BZM1|PG12A_HUMAN Group XIIA secretory phospholipase A2 OS=Homo sapiens OX=9606 GN=PLA2G12A PE=1 SV=1	189
P01111	sp|P01111|RASN_HUMAN GTPase NRas OS=Homo sapiens OX=9606 GN=NRAS PE=1 SV=1	189
O14683	sp|O14683|P5I11_HUMAN Tumor protein p53-inducible protein 11 OS=Homo sapiens OX=9606 GN=TP53I11 PE=1 SV=2	189
P41222	sp|P41222|PTGDS_HUMAN Prostaglandin-H2 D-isomerase OS=Homo sapiens OX=9606 GN=PTGDS PE=1 SV=1	190
Q8TBP5	sp|Q8TBP5|F174A_HUMAN Membrane protein FAM174A OS=Homo sapiens OX=9606 GN=FAM174A PE=1 SV=1	190
P78317	sp|P78317|RNF4_HUMAN E3 ubiquitin-protein ligase RNF4 OS=Homo sapiens OX=9606 GN=RNF4 PE=1 SV=1	190
Q86XA0	sp|Q86XA0|MET23_HUMAN Histone-arginine methyltransferase METTL23 OS=Homo sapiens OX=9606 GN=METTL23 PE=1 SV=3	190
Q8WWM9	sp|Q8WWM9|CYGB_HUMAN Cytoglobin OS=Homo sapiens OX=9606 GN=CYGB PE=1 SV=1	190
Q9BSD7	sp|Q9BSD7|NTPCR_HUMAN Cancer-related nucleoside-triphosphatase OS=Homo sapiens OX=9606 GN=NTPCR PE=1 SV=1	190
O15431	sp|O15431|COPT1_HUMAN High affinity copper uptake protein 1 OS=Homo sapiens OX=9606 GN=SLC31A1 PE=1 SV=1	190
P60953	sp|P60953|CDC42_HUMAN Cell division control protein 42 homolog OS=Homo sapiens OX=9606 GN=CDC42 PE=1 SV=2	191
P84095	sp|P84095|RHOG_HUMAN Rho-related GTP-binding protein RhoG OS=Homo sapiens OX=9606 GN=RHOG PE=1 SV=1	191
O75340	sp|O75340|PDCD6_HUMAN Programmed cell death protein 6 OS=Homo sapiens OX=9606 GN=PDCD6 PE=1 SV=1	191
Q99828	sp|Q99828|CIB1_HUMAN Calcium and integrin-binding protein 1 OS=Homo sapiens OX=9606 GN=CIB1 PE=1 SV=4	191
P32969	sp|P32969|RL9_HUMAN Large ribosomal subunit protein uL6 OS=Homo sapiens OX=9606 GN=RPL9 PE=1 SV=1	192
P63000	sp|P63000|RAC1_HUMAN Ras-related C3 botulinum toxin substrate 1 OS=Homo sapiens OX=9606 GN=RAC1 PE=1 SV=1	192
Q9BY50	sp|Q9BY50|SC11C_HUMAN Signal peptidase complex catalytic subunit SEC11C OS=Homo sapiens OX=9606 GN=SEC11C PE=1 SV=3	192
Q15126	sp|Q15126|PMVK_HUMAN Phosphomevalonate kinase OS=Homo sapiens OX=9606 GN=PMVK PE=1 SV=3	192
Q07812	sp|Q07812|BAX_HUMAN Apoptosis regulator BAX OS=Homo sapiens OX=9606 GN=BAX PE=1 SV=1	192
Q96KR6	sp|Q96KR6|F210B_HUMAN Protein FAM210B, mitochondrial OS=Homo sapiens OX=9606 GN=FAM210B PE=1 SV=2	192
Q96GF1	sp|Q96GF1|RN185_HUMAN E3 ubiquitin-protein ligase RNF185 OS=Homo sapiens OX=9606 GN=RNF185 PE=1 SV=1	192
P17152	sp|P17152|TMM11_HUMAN Transmembrane protein 11, mitochondrial OS=Homo sapiens OX=9606 GN=TMEM11 PE=1 SV=1	192
Q6PI98	sp|Q6PI98|IN80C_HUMAN INO80 complex subunit C OS=Homo sapiens OX=9606 GN=INO80C PE=1 SV=1	192
P60763	sp|P60763|RAC3_HUMAN Ras-related C3 botulinum toxin substrate 3 OS=Homo sapiens OX=9606 GN=RAC3 PE=1 SV=1	192
Q8IXL7	sp|Q8IXL7|MSRB3_HUMAN Methionine-R-sulfoxide reductase B3 OS=Homo sapiens OX=9606 GN=MSRB3 PE=1 SV=2	192
P21291	sp|P21291|CSRP1_HUMAN Cysteine and glycine-rich protein 1 OS=Homo sapiens OX=9606 GN=CSRP1 PE=1 SV=3	193
P61586	sp|P61586|RHOA_HUMAN Transforming protein RhoA OS=Homo sapiens OX=9606 GN=RHOA PE=1 SV=1	193
Q92843	sp|Q92843|B2CL2_HUMAN Bcl-2-like protein 2 OS=Homo sapiens OX=9606 GN=BCL2L2 PE=1 SV=2	193
P51965	sp|P51965|UB2E1_HUMAN Ubiquitin-conjugating enzyme E2 E1 OS=Homo sapiens OX=9606 GN=UBE2E1 PE=1 SV=1	193
P37235	sp|P37235|HPCL1_HUMAN Hippocalcin-like protein 1 OS=Homo sapiens OX=9606 GN=HPCAL1 PE=1 SV=3	193
P17900	sp|P17900|SAP3_HUMAN Ganglioside GM2 activator OS=Homo sapiens OX=9606 GN=GM2A PE=1 SV=4	193
Q14116	sp|Q14116|IL18_HUMAN Interleukin-18 OS=Homo sapiens OX=9606 GN=IL18 PE=1 SV=1	193
P84074	sp|P84074|HPCA_HUMAN Neuron-specific calcium-binding protein hippocalcin OS=Homo sapiens OX=9606 GN=HPCA PE=1 SV=2	193
Q96FX8	sp|Q96FX8|PERP_HUMAN p53 apoptosis effector related to PMP-22 OS=Homo sapiens OX=9606 GN=PERP PE=1 SV=1	193
P46781	sp|P46781|RS9_HUMAN Small ribosomal subunit protein uS4 OS=Homo sapiens OX=9606 GN=RPS9 PE=1 SV=3	194
Q12983	sp|Q12983|BNIP3_HUMAN BCL2/adenovirus E1B 19 kDa protein-interacting protein 3 OS=Homo sapiens OX=9606 GN=BNIP3 PE=1 SV=4	194
Q9NP77	sp|Q9NP77|SSU72_HUMAN RNA polymerase II subunit A C-terminal domain phosphatase SSU72 OS=Homo sapiens OX=9606 GN=SSU72 PE=1 SV=1	194
P07305	sp|P07305|H10_HUMAN Histone H1.0 OS=Homo sapiens OX=9606 GN=H1-0 PE=1 SV=3	194
P00568	sp|P00568|KAD1_HUMAN Adenylate kinase isoenzyme 1 OS=Homo sapiens OX=9606 GN=AK1 PE=1 SV=3	194
Q9Y3C0	sp|Q9Y3C0|WASC3_HUMAN WASH complex subunit 3 OS=Homo sapiens OX=9606 GN=WASHC3 PE=1 SV=1	194
Q9BY32	sp|Q9BY32|ITPA_HUMAN Inosine triphosphate pyrophosphatase OS=Homo sapiens OX=9606 GN=ITPA PE=1 SV=2	194
Q9Y584	sp|Q9Y584|TIM22_HUMAN Mitochondrial import inner membrane translocase subunit Tim22 OS=Homo sapiens OX=9606 GN=TIMM22 PE=1 SV=2	194
O00264	sp|O00264|PGRC1_HUMAN Membrane-associated progesterone receptor component 1 OS=Homo sapiens OX=9606 GN=PGRMC1 PE=1 SV=3	195
P13498	sp|P13498|CY24A_HUMAN Cytochrome b-245 light chain OS=Homo sapiens OX=9606 GN=CYBA PE=1 SV=3	195
P62341	sp|P62341|SELT_HUMAN Thioredoxin reductase-like selenoprotein T OS=Homo sapiens OX=9606 GN=SELENOT PE=1 SV=2	195
Q96DE0	sp|Q96DE0|NUD16_HUMAN U8 snoRNA-decapping enzyme OS=Homo sapiens OX=9606 GN=NUDT16 PE=1 SV=2	195
Q99653	sp|Q99653|CHP1_HUMAN Calcineurin B homologous protein 1 OS=Homo sapiens OX=9606 GN=CHP1 PE=1 SV=3	195
Q9H061	sp|Q9H061|T126A_HUMAN Transmembrane protein 126A OS=Homo sapiens OX=9606 GN=TMEM126A PE=1 SV=1	195
Q9Y3B2	sp|Q9Y3B2|EXOS1_HUMAN Exosome complex component CSL4 OS=Homo sapiens OX=9606 GN=EXOSC1 PE=1 SV=1	195
Q9H6X4	sp|Q9H6X4|TM134_HUMAN Transmembrane protein 134 OS=Homo sapiens OX=9606 GN=TMEM134 PE=1 SV=1	195
P08590	sp|P08590|MYL3_HUMAN Myosin light chain 3 OS=Homo sapiens OX=9606 GN=MYL3 PE=1 SV=3	195
Q9NR77	sp|Q9NR77|PXMP2_HUMAN Peroxisomal membrane protein 2 OS=Homo sapiens OX=9606 GN=PXMP2 PE=1 SV=3	195
Q8IZ57	sp|Q8IZ57|NRSN1_HUMAN Neurensin-1 OS=Homo sapiens OX=9606 GN=NRSN1 PE=1 SV=1	195
P84098	sp|P84098|RL19_HUMAN Large ribosomal subunit protein eL19 OS=Homo sapiens OX=9606 GN=RPL19 PE=1 SV=1	196
P30085	sp|P30085|KCY_HUMAN UMP-CMP kinase OS=Homo sapiens OX=9606 GN=CMPK1 PE=1 SV=3	196
O15258	sp|O15258|RER1_HUMAN Protein RER1 OS=Homo sapiens OX=9606 GN=RER1 PE=1 SV=1	196
Q6UWH6	sp|Q6UWH6|TX261_HUMAN Protein TEX261 OS=Homo sapiens OX=9606 GN=TEX261 PE=1 SV=1	196
P36969	sp|P36969|GPX4_HUMAN Phospholipid hydroperoxide glutathione peroxidase GPX4 OS=Homo sapiens OX=9606 GN=GPX4 PE=1 SV=3	197
Q16774	sp|Q16774|KGUA_HUMAN Guanylate kinase OS=Homo sapiens OX=9606 GN=GUK1 PE=1 SV=2	197
Q04900	sp|Q04900|MUC24_HUMAN Sialomucin core protein 24 OS=Homo sapiens OX=9606 GN=CD164 PE=1 SV=2	197
Q96DD7	sp|Q96DD7|SHSA4_HUMAN Protein shisa-4 OS=Homo sapiens OX=9606 GN=SHISA4 PE=1 SV=3	197
P32119	sp|P32119|PRDX2_HUMAN Peroxiredoxin-2 OS=Homo sapiens OX=9606 GN=PRDX2 PE=1 SV=5	198
Q9NQ34	sp|Q9NQ34|TMM9B_HUMAN Transmembrane protein 9B OS=Homo sapiens OX=9606 GN=TMEM9B PE=1 SV=1	198
Q9Y6B6	sp|Q9Y6B6|SAR1B_HUMAN Small COPII coat GTPase SAR1B OS=Homo sapiens OX=9606 GN=SAR1B PE=1 SV=1	198
O15498	sp|O15498|YKT6_HUMAN Synaptobrevin homolog YKT6 OS=Homo sapiens OX=9606 GN=YKT6 PE=1 SV=1	198
Q9BUR5	sp|Q9BUR5|MIC26_HUMAN MICOS complex subunit MIC26 OS=Homo sapiens OX=9606 GN=APOO PE=1 SV=1	198
Q9NR31	sp|Q9NR31|SAR1A_HUMAN Small COPII coat GTPase SAR1A OS=Homo sapiens OX=9606 GN=SAR1A PE=1 SV=1	198
P31431	sp|P31431|SDC4_HUMAN Syndecan-4 OS=Homo sapiens OX=9606 GN=SDC4 PE=1 SV=2	198
Q9H3Z4	sp|Q9H3Z4|DNJC5_HUMAN DnaJ homolog subfamily C member 5 OS=Homo sapiens OX=9606 GN=DNAJC5 PE=1 SV=1	198
Q8TBF2	sp|Q8TBF2|PXL2B_HUMAN Prostamide/prostaglandin F synthase OS=Homo sapiens OX=9606 GN=PRXL2B PE=1 SV=1	198
O43583	sp|O43583|DENR_HUMAN Density-regulated protein OS=Homo sapiens OX=9606 GN=DENR PE=1 SV=2	198
O95147	sp|O95147|DUS14_HUMAN Dual specificity protein phosphatase 14 OS=Homo sapiens OX=9606 GN=DUSP14 PE=1 SV=1	198
Q06830	sp|Q06830|PRDX1_HUMAN Peroxiredoxin-1 OS=Homo sapiens OX=9606 GN=PRDX1 PE=1 SV=1	199
P37802	sp|P37802|TAGL2_HUMAN Transgelin-2 OS=Homo sapiens OX=9606 GN=TAGLN2 PE=1 SV=3	199
Q9UI15	sp|Q9UI15|TAGL3_HUMAN Transgelin-3 OS=Homo sapiens OX=9606 GN=TAGLN3 PE=1 SV=2	199
Q9UBM1	sp|Q9UBM1|PEMT_HUMAN Phosphatidylethanolamine N-methyltransferase OS=Homo sapiens OX=9606 GN=PEMT PE=1 SV=4	199
Q9NWW6	sp|Q9NWW6|NRK1_HUMAN Nicotinamide riboside kinase 1 OS=Homo sapiens OX=9606 GN=NMRK1 PE=1 SV=1	199
Q07108	sp|Q07108|CD69_HUMAN Early activation antigen CD69 OS=Homo sapiens OX=9606 GN=CD69 PE=1 SV=1	199
P61026	sp|P61026|RAB10_HUMAN Ras-related protein Rab-10 OS=Homo sapiens OX=9606 GN=RAB10 PE=1 SV=1	200
O14713	sp|O14713|ITBP1_HUMAN Integrin beta-1-binding protein 1 OS=Homo sapiens OX=9606 GN=ITGB1BP1 PE=1 SV=1	200
Q9Y693	sp|Q9Y693|LHPL6_HUMAN LHFPL tetraspan subfamily member 6 protein OS=Homo sapiens OX=9606 GN=LHFPL6 PE=1 SV=1	200
Q16878	sp|Q16878|CDO1_HUMAN Cysteine dioxygenase type 1 OS=Homo sapiens OX=9606 GN=CDO1 PE=1 SV=2	200
P61086	sp|P61086|UBE2K_HUMAN Ubiquitin-conjugating enzyme E2 K OS=Homo sapiens OX=9606 GN=UBE2K PE=1 SV=3	200
P26441	sp|P26441|CNTF_HUMAN Ciliary neurotrophic factor OS=Homo sapiens OX=9606 GN=CNTF PE=1 SV=1	200
O15347	sp|O15347|HMGB3_HUMAN High mobility group protein B3 OS=Homo sapiens OX=9606 GN=HMGB3 PE=1 SV=4	200
Q9NUS5	sp|Q9NUS5|AP5S1_HUMAN AP-5 complex subunit sigma-1 OS=Homo sapiens OX=9606 GN=AP5S1 PE=1 SV=1	200
Q01995	sp|Q01995|TAGL_HUMAN Transgelin OS=Homo sapiens OX=9606 GN=TAGLN PE=1 SV=4	201
Q9H0U4	sp|Q9H0U4|RAB1B_HUMAN Ras-related protein Rab-1B OS=Homo sapiens OX=9606 GN=RAB1B PE=1 SV=1	201
P52566	sp|P52566|GDIR2_HUMAN Rho GDP-dissociation inhibitor 2 OS=Homo sapiens OX=9606 GN=ARHGDIB PE=1 SV=3	201
P43487	sp|P43487|RANG_HUMAN Ran-specific GTPase-activating protein OS=Homo sapiens OX=9606 GN=RANBP1 PE=1 SV=1	201
Q15363	sp|Q15363|TMED2_HUMAN Transmembrane emp24 domain-containing protein 2 OS=Homo sapiens OX=9606 GN=TMED2 PE=1 SV=1	201
Q8WUK0	sp|Q8WUK0|PTPM1_HUMAN Phosphatidylglycerophosphatase and protein-tyrosine phosphatase 1 OS=Homo sapiens OX=9606 GN=PTPMT1 PE=1 SV=1	201
Q96LR5	sp|Q96LR5|UB2E2_HUMAN Ubiquitin-conjugating enzyme E2 E2 OS=Homo sapiens OX=9606 GN=UBE2E2 PE=1 SV=1	201
P49721	sp|P49721|PSB2_HUMAN Proteasome subunit beta type-2 OS=Homo sapiens OX=9606 GN=PSMB2 PE=1 SV=1	201
P34741	sp|P34741|SDC2_HUMAN Syndecan-2 OS=Homo sapiens OX=9606 GN=SDC2 PE=1 SV=2	201
Q96CE8	sp|Q96CE8|T4S18_HUMAN Transmembrane 4 L6 family member 18 OS=Homo sapiens OX=9606 GN=TM4SF18 PE=1 SV=1	201
P30408	sp|P30408|T4S1_HUMAN Transmembrane 4 L6 family member 1 OS=Homo sapiens OX=9606 GN=TM4SF1 PE=1 SV=1	202
P05452	sp|P05452|TETN_HUMAN Tetranectin OS=Homo sapiens OX=9606 GN=CLEC3B PE=1 SV=3	202
Q15040	sp|Q15040|JOS1_HUMAN Josephin-1 OS=Homo sapiens OX=9606 GN=JOSD1 PE=1 SV=1	202
Q8N755	sp|Q8N755|S66A3_HUMAN Solute carrier family 66 member 3 OS=Homo sapiens OX=9606 GN=SLC66A3 PE=1 SV=1	202
A0PJW6	sp|A0PJW6|TM223_HUMAN Transmembrane protein 223 OS=Homo sapiens OX=9606 GN=TMEM223 PE=1 SV=1	202
P40429	sp|P40429|RL13A_HUMAN Large ribosomal subunit protein uL13 OS=Homo sapiens OX=9606 GN=RPL13A PE=1 SV=2	203
P07203	sp|P07203|GPX1_HUMAN Glutathione peroxidase 1 OS=Homo sapiens OX=9606 GN=GPX1 PE=1 SV=4	203
Q15041	sp|Q15041|AR6P1_HUMAN ADP-ribosylation factor-like protein 6-interacting protein 1 OS=Homo sapiens OX=9606 GN=ARL6IP1 PE=1 SV=2	203
P49914	sp|P49914|MTHFS_HUMAN 5-formyltetrahydrofolate cyclo-ligase OS=Homo sapiens OX=9606 GN=MTHFS PE=1 SV=2	203
Q92737	sp|Q92737|RSLAA_HUMAN Ras-like protein family member 10A OS=Homo sapiens OX=9606 GN=RASL10A PE=1 SV=1	203
P61313	sp|P61313|RL15_HUMAN Large ribosomal subunit protein eL15 OS=Homo sapiens OX=9606 GN=RPL15 PE=1 SV=2	204
P46782	sp|P46782|RS5_HUMAN Small ribosomal subunit protein uS7 OS=Homo sapiens OX=9606 GN=RPS5 PE=1 SV=4	204
P52565	sp|P52565|GDIR1_HUMAN Rho GDP-dissociation inhibitor 1 OS=Homo sapiens OX=9606 GN=ARHGDIA PE=1 SV=3	204
Q7Z4H3	sp|Q7Z4H3|HDDC2_HUMAN 5'-deoxynucleotidase HDDC2 OS=Homo sapiens OX=9606 GN=HDDC2 PE=1 SV=1	204
Q9GZP1	sp|Q9GZP1|NRSN2_HUMAN Neurensin-2 OS=Homo sapiens OX=9606 GN=NRSN2 PE=1 SV=1	204
Q96CD2	sp|Q96CD2|COAC_HUMAN Phosphopantothenoylcysteine decarboxylase OS=Homo sapiens OX=9606 GN=PPCDC PE=1 SV=2	204
Q16890	sp|Q16890|TPD53_HUMAN Tumor protein D53 OS=Homo sapiens OX=9606 GN=TPD52L1 PE=1 SV=1	204
O95857	sp|O95857|TSN13_HUMAN Tetraspanin-13 OS=Homo sapiens OX=9606 GN=TSPAN13 PE=1 SV=1	204
Q9NV56	sp|Q9NV56|MRGBP_HUMAN MRG/MORF4L-binding protein OS=Homo sapiens OX=9606 GN=MRGBP PE=1 SV=1	204
P04792	sp|P04792|HSPB1_HUMAN Heat shock protein beta-1 OS=Homo sapiens OX=9606 GN=HSPB1 PE=1 SV=2	205
Q99437	sp|Q99437|VATO_HUMAN V-type proton ATPase 21 kDa proteolipid subunit c'' OS=Homo sapiens OX=9606 GN=ATP6V0B PE=1 SV=1	205
P49720	sp|P49720|PSB3_HUMAN Proteasome subunit beta type-3 OS=Homo sapiens OX=9606 GN=PSMB3 PE=1 SV=2	205
P62820	sp|P62820|RAB1A_HUMAN Ras-related protein Rab-1A OS=Homo sapiens OX=9606 GN=RAB1A PE=1 SV=3	205
Q96HA8	sp|Q96HA8|NTAQ1_HUMAN Protein N-terminal glutamine amidohydrolase OS=Homo sapiens OX=9606 GN=NTAQ1 PE=1 SV=2	205
Q01151	sp|Q01151|CD83_HUMAN CD83 antigen OS=Homo sapiens OX=9606 GN=CD83 PE=1 SV=1	205
P55789	sp|P55789|ALR_HUMAN FAD-linked sulfhydryl oxidase ALR OS=Homo sapiens OX=9606 GN=GFER PE=1 SV=2	205
Q9NYZ1	sp|Q9NYZ1|TV23B_HUMAN Golgi apparatus membrane protein TVP23 homolog B OS=Homo sapiens OX=9606 GN=TVP23B PE=1 SV=2	205
Q9H628	sp|Q9H628|RERGL_HUMAN Ras-related and estrogen-regulated growth inhibitor-like protein OS=Homo sapiens OX=9606 GN=RERGL PE=1 SV=1	205
Q19T08	sp|Q19T08|ECSCR_HUMAN Endothelial cell-specific chemotaxis regulator OS=Homo sapiens OX=9606 GN=ECSCR PE=1 SV=1	205
P20290	sp|P20290|BTF3_HUMAN Transcription factor BTF3 OS=Homo sapiens OX=9606 GN=BTF3 PE=1 SV=1	206
P60880	sp|P60880|SNP25_HUMAN Synaptosomal-associated protein 25 OS=Homo sapiens OX=9606 GN=SNAP25 PE=1 SV=1	206
Q9NQ50	sp|Q9NQ50|RM40_HUMAN Large ribosomal subunit protein mL40 OS=Homo sapiens OX=9606 GN=MRPL40 PE=1 SV=1	206
O43399	sp|O43399|TPD54_HUMAN Tumor protein D54 OS=Homo sapiens OX=9606 GN=TPD52L2 PE=1 SV=2	206
P11233	sp|P11233|RALA_HUMAN Ras-related protein Ral-A OS=Homo sapiens OX=9606 GN=RALA PE=1 SV=1	206
P30043	sp|P30043|BLVRB_HUMAN Flavin reductase (NADPH) OS=Homo sapiens OX=9606 GN=BLVRB PE=1 SV=3	206
P11234	sp|P11234|RALB_HUMAN Ras-related protein Ral-B OS=Homo sapiens OX=9606 GN=RALB PE=1 SV=1	206
Q14197	sp|Q14197|ICT1_HUMAN Large ribosomal subunit protein mL62 OS=Homo sapiens OX=9606 GN=MRPL58 PE=1 SV=1	206
Q8WUY8	sp|Q8WUY8|NAT14_HUMAN Probable N-acetyltransferase 14 OS=Homo sapiens OX=9606 GN=NAT14 PE=1 SV=1	206
Q567V2	sp|Q567V2|M17L2_HUMAN Mpv17-like protein 2 OS=Homo sapiens OX=9606 GN=MPV17L2 PE=1 SV=2	206
Q9BY08	sp|Q9BY08|EBPL_HUMAN Emopamil-binding protein-like OS=Homo sapiens OX=9606 GN=EBPL PE=1 SV=1	206
P13224	sp|P13224|GP1BB_HUMAN Platelet glycoprotein Ib beta chain OS=Homo sapiens OX=9606 GN=GP1BB PE=1 SV=1	206
P51149	sp|P51149|RAB7A_HUMAN Ras-related protein Rab-7a OS=Homo sapiens OX=9606 GN=RAB7A PE=1 SV=1	207
O75508	sp|O75508|CLD11_HUMAN Claudin-11 OS=Homo sapiens OX=9606 GN=CLDN11 PE=1 SV=2	207
P01033	sp|P01033|TIMP1_HUMAN Metalloproteinase inhibitor 1 OS=Homo sapiens OX=9606 GN=TIMP1 PE=1 SV=1	207
P30405	sp|P30405|PPIF_HUMAN Peptidyl-prolyl cis-trans isomerase F, mitochondrial OS=Homo sapiens OX=9606 GN=PPIF PE=1 SV=1	207
Q969T4	sp|Q969T4|UB2E3_HUMAN Ubiquitin-conjugating enzyme E2 E3 OS=Homo sapiens OX=9606 GN=UBE2E3 PE=1 SV=1	207
P49765	sp|P49765|VEGFB_HUMAN Vascular endothelial growth factor B OS=Homo sapiens OX=9606 GN=VEGFB PE=1 SV=2	207
Q9BX74	sp|Q9BX74|TM2D1_HUMAN TM2 domain-containing protein 1 OS=Homo sapiens OX=9606 GN=TM2D1 PE=1 SV=1	207
P16455	sp|P16455|MGMT_HUMAN Methylated-DNA--protein-cysteine methyltransferase OS=Homo sapiens OX=9606 GN=MGMT PE=1 SV=1	207
Q9BTE0	sp|Q9BTE0|NAT9_HUMAN Alpha/beta-tubulin-N-acetyltransferase 9 OS=Homo sapiens OX=9606 GN=NAT9 PE=1 SV=1	207
P61006	sp|P61006|RAB8A_HUMAN Ras-related protein Rab-8A OS=Homo sapiens OX=9606 GN=RAB8A PE=1 SV=1	207
P09919	sp|P09919|CSF3_HUMAN Granulocyte colony-stimulating factor OS=Homo sapiens OX=9606 GN=CSF3 PE=1 SV=1	207
P62241	sp|P62241|RS8_HUMAN Small ribosomal subunit protein eS8 OS=Homo sapiens OX=9606 GN=RPS8 PE=1 SV=2	208
Q5VXU1	sp|Q5VXU1|NKAI2_HUMAN Sodium/potassium-transporting ATPase subunit beta-1-interacting protein 2 OS=Homo sapiens OX=9606 GN=NKAIN2 PE=1 SV=1	208
Q9H305	sp|Q9H305|CDIP1_HUMAN Cell death-inducing p53-target protein 1 OS=Homo sapiens OX=9606 GN=CDIP1 PE=1 SV=1	208
P14649	sp|P14649|MYL6B_HUMAN Myosin light chain 6B OS=Homo sapiens OX=9606 GN=MYL6B PE=1 SV=1	208
O14807	sp|O14807|RASM_HUMAN Ras-related protein M-Ras OS=Homo sapiens OX=9606 GN=MRAS PE=1 SV=2	208
Q8N131	sp|Q8N131|PORIM_HUMAN Porimin OS=Homo sapiens OX=9606 GN=TMEM123 PE=1 SV=1	208
Q9H0R3	sp|Q9H0R3|TM222_HUMAN Transmembrane protein 222 OS=Homo sapiens OX=9606 GN=TMEM222 PE=1 SV=2	208
Q9NRW1	sp|Q9NRW1|RAB6B_HUMAN Ras-related protein Rab-6B OS=Homo sapiens OX=9606 GN=RAB6B PE=1 SV=1	208
Q99075	sp|Q99075|HBEGF_HUMAN Proheparin-binding EGF-like growth factor OS=Homo sapiens OX=9606 GN=HBEGF PE=1 SV=1	208
Q8IVV8	sp|Q8IVV8|NKAI4_HUMAN Sodium/potassium-transporting ATPase subunit beta-1-interacting protein 4 OS=Homo sapiens OX=9606 GN=NKAIN4 PE=1 SV=2	208
Q8N511	sp|Q8N511|VMA12_HUMAN Vacuolar ATPase assembly protein VMA12 OS=Homo sapiens OX=9606 GN=VMA12 PE=1 SV=1	208
Q9Y3B6	sp|Q9Y3B6|EMC9_HUMAN ER membrane protein complex subunit 9 OS=Homo sapiens OX=9606 GN=EMC9 PE=1 SV=3	208
Q96MN5	sp|Q96MN5|TEAN2_HUMAN Transcription elongation factor A N-terminal and central domain-containing protein 2 OS=Homo sapiens OX=9606 GN=TCEANC2 PE=1 SV=1	208
P26583	sp|P26583|HMGB2_HUMAN High mobility group protein B2 OS=Homo sapiens OX=9606 GN=HMGB2 PE=1 SV=2	209
Q9NXJ5	sp|Q9NXJ5|PGPI_HUMAN Pyroglutamyl-peptidase 1 OS=Homo sapiens OX=9606 GN=PGPEP1 PE=1 SV=1	209
O14925	sp|O14925|TIM23_HUMAN Mitochondrial import inner membrane translocase subunit Tim23 OS=Homo sapiens OX=9606 GN=TIMM23 PE=1 SV=1	209
Q8TEA8	sp|Q8TEA8|DTD1_HUMAN D-aminoacyl-tRNA deacylase 1 OS=Homo sapiens OX=9606 GN=DTD1 PE=1 SV=2	209
P09211	sp|P09211|GSTP1_HUMAN Glutathione S-transferase P OS=Homo sapiens OX=9606 GN=GSTP1 PE=1 SV=2	210
O00217	sp|O00217|NDUS8_HUMAN NADH dehydrogenase [ubiquinone] iron-sulfur protein 8, mitochondrial OS=Homo sapiens OX=9606 GN=NDUFS8 PE=1 SV=1	210
P82979	sp|P82979|SARNP_HUMAN SAP domain-containing ribonucleoprotein OS=Homo sapiens OX=9606 GN=SARNP PE=1 SV=3	210
Q86W47	sp|Q86W47|KCMB4_HUMAN Calcium-activated potassium channel subunit beta-4 OS=Homo sapiens OX=9606 GN=KCNMB4 PE=1 SV=2	210
Q12999	sp|Q12999|TSN31_HUMAN Tetraspanin-31 OS=Homo sapiens OX=9606 GN=TSPAN31 PE=1 SV=1	210
Q96IU4	sp|Q96IU4|ABHEB_HUMAN Putative protein-lysine deacylase ABHD14B OS=Homo sapiens OX=9606 GN=ABHD14B PE=1 SV=1	210
O43402	sp|O43402|EMC8_HUMAN ER membrane protein complex subunit 8 OS=Homo sapiens OX=9606 GN=EMC8 PE=1 SV=1	210
Q16595	sp|Q16595|FRDA_HUMAN Frataxin, mitochondrial OS=Homo sapiens OX=9606 GN=FXN PE=1 SV=2	210
P26373	sp|P26373|RL13_HUMAN Large ribosomal subunit protein eL13 OS=Homo sapiens OX=9606 GN=RPL13 PE=1 SV=4	211
P41220	sp|P41220|RGS2_HUMAN Regulator of G-protein signaling 2 OS=Homo sapiens OX=9606 GN=RGS2 PE=1 SV=1	211
Q9BV47	sp|Q9BV47|DUS26_HUMAN Dual specificity protein phosphatase 26 OS=Homo sapiens OX=9606 GN=DUSP26 PE=1 SV=1	211
O00161	sp|O00161|SNP23_HUMAN Synaptosomal-associated protein 23 OS=Homo sapiens OX=9606 GN=SNAP23 PE=1 SV=1	211
Q96HR9	sp|Q96HR9|REEP6_HUMAN Receptor expression-enhancing protein 6 OS=Homo sapiens OX=9606 GN=REEP6 PE=1 SV=2	211
Q16611	sp|Q16611|BAK_HUMAN Bcl-2 homologous antagonist/killer OS=Homo sapiens OX=9606 GN=BAK1 PE=1 SV=1	211
Q9UMX3	sp|Q9UMX3|BOK_HUMAN Bcl-2-related ovarian killer protein OS=Homo sapiens OX=9606 GN=BOK PE=1 SV=1	212
P61019	sp|P61019|RAB2A_HUMAN Ras-related protein Rab-2A OS=Homo sapiens OX=9606 GN=RAB2A PE=1 SV=1	212
P24390	sp|P24390|ERD21_HUMAN ER lumen protein-retaining receptor 1 OS=Homo sapiens OX=9606 GN=KDELR1 PE=1 SV=1	212
O14653	sp|O14653|GOSR2_HUMAN Golgi SNAP receptor complex member 2 OS=Homo sapiens OX=9606 GN=GOSR2 PE=1 SV=2	212
P33947	sp|P33947|ERD22_HUMAN ER lumen protein-retaining receptor 2 OS=Homo sapiens OX=9606 GN=KDELR2 PE=1 SV=1	212
P23919	sp|P23919|KTHY_HUMAN Thymidylate kinase OS=Homo sapiens OX=9606 GN=DTYMK PE=1 SV=4	212
P05305	sp|P05305|EDN1_HUMAN Endothelin-1 OS=Homo sapiens OX=9606 GN=EDN1 PE=1 SV=1	212
P48047	sp|P48047|ATPO_HUMAN ATP synthase peripheral stalk subunit OSCP, mitochondrial OS=Homo sapiens OX=9606 GN=ATP5PO PE=1 SV=1	213
O75251	sp|O75251|NDUS7_HUMAN NADH dehydrogenase [ubiquinone] iron-sulfur protein 7, mitochondrial OS=Homo sapiens OX=9606 GN=NDUFS7 PE=1 SV=3	213
P61018	sp|P61018|RAB4B_HUMAN Ras-related protein Rab-4B OS=Homo sapiens OX=9606 GN=RAB4B PE=1 SV=1	213
O14735	sp|O14735|CDIPT_HUMAN CDP-diacylglycerol--inositol 3-phosphatidyltransferase OS=Homo sapiens OX=9606 GN=CDIPT PE=1 SV=1	213
Q92522	sp|Q92522|H1X_HUMAN Histone H1.10 OS=Homo sapiens OX=9606 GN=H1-10 PE=1 SV=1	213
P16403	sp|P16403|H12_HUMAN Histone H1.2 OS=Homo sapiens OX=9606 GN=H1-2 PE=1 SV=2	213
Q96DA2	sp|Q96DA2|RB39B_HUMAN Ras-related protein Rab-39B OS=Homo sapiens OX=9606 GN=RAB39B PE=1 SV=1	213
Q96B77	sp|Q96B77|TM186_HUMAN Transmembrane protein 186 OS=Homo sapiens OX=9606 GN=TMEM186 PE=1 SV=1	213
P27635	sp|P27635|RL10_HUMAN Large ribosomal subunit protein uL16 OS=Homo sapiens OX=9606 GN=RPL10 PE=1 SV=5	214
P30044	sp|P30044|PRDX5_HUMAN Peroxiredoxin-5, mitochondrial OS=Homo sapiens OX=9606 GN=PRDX5 PE=1 SV=4	214
Q9BX73	sp|Q9BX73|TM2D2_HUMAN TM2 domain-containing protein 2 OS=Homo sapiens OX=9606 GN=TM2D2 PE=1 SV=1	214
Q86Y79	sp|Q86Y79|PTH_HUMAN Peptidyl-tRNA hydrolase OS=Homo sapiens OX=9606 GN=PTRH1 PE=1 SV=1	214
P0C7M8	sp|P0C7M8|CLC2L_HUMAN C-type lectin domain family 2 member L OS=Homo sapiens OX=9606 GN=CLEC2L PE=1 SV=1	214
P09429	sp|P09429|HMGB1_HUMAN High mobility group protein B1 OS=Homo sapiens OX=9606 GN=HMGB1 PE=1 SV=3	215
P67870	sp|P67870|CSK2B_HUMAN Casein kinase II subunit beta OS=Homo sapiens OX=9606 GN=CSNK2B PE=1 SV=1	215
P61020	sp|P61020|RAB5B_HUMAN Ras-related protein Rab-5B OS=Homo sapiens OX=9606 GN=RAB5B PE=1 SV=1	215
P20339	sp|P20339|RAB5A_HUMAN Ras-related protein Rab-5A OS=Homo sapiens OX=9606 GN=RAB5A PE=1 SV=2	215
P50914	sp|P50914|RL14_HUMAN Large ribosomal subunit protein eL14 OS=Homo sapiens OX=9606 GN=RPL14 PE=1 SV=4	215
P61106	sp|P61106|RAB14_HUMAN Ras-related protein Rab-14 OS=Homo sapiens OX=9606 GN=RAB14 PE=1 SV=4	215
O75396	sp|O75396|SC22B_HUMAN Vesicle-trafficking protein SEC22b OS=Homo sapiens OX=9606 GN=SEC22B PE=1 SV=5	215
O60939	sp|O60939|SCN2B_HUMAN Sodium channel regulatory subunit beta-2 OS=Homo sapiens OX=9606 GN=SCN2B PE=1 SV=1	215
Q86V35	sp|Q86V35|CABP7_HUMAN Calcium-binding protein 7 OS=Homo sapiens OX=9606 GN=CABP7 PE=1 SV=1	215
O60487	sp|O60487|MPZL2_HUMAN Myelin protein zero-like protein 2 OS=Homo sapiens OX=9606 GN=MPZL2 PE=1 SV=1	215
P23284	sp|P23284|PPIB_HUMAN Peptidyl-prolyl cis-trans isomerase B OS=Homo sapiens OX=9606 GN=PPIB PE=1 SV=2	216
P62826	sp|P62826|RAN_HUMAN GTP-binding nuclear protein Ran OS=Homo sapiens OX=9606 GN=RAN PE=1 SV=3	216
P62491	sp|P62491|RB11A_HUMAN Ras-related protein Rab-11A OS=Homo sapiens OX=9606 GN=RAB11A PE=1 SV=3	216
P51148	sp|P51148|RAB5C_HUMAN Ras-related protein Rab-5C OS=Homo sapiens OX=9606 GN=RAB5C PE=1 SV=2	216
O43708	sp|O43708|MAAI_HUMAN Maleylacetoacetate isomerase OS=Homo sapiens OX=9606 GN=GSTZ1 PE=1 SV=3	216
Q8WUD1	sp|Q8WUD1|RAB2B_HUMAN Ras-related protein Rab-2B OS=Homo sapiens OX=9606 GN=RAB2B PE=1 SV=1	216
Q8IV31	sp|Q8IV31|TM139_HUMAN Transmembrane protein 139 OS=Homo sapiens OX=9606 GN=TMEM139 PE=1 SV=1	216
Q9H8S9	sp|Q9H8S9|MOB1A_HUMAN MOB kinase activator 1A OS=Homo sapiens OX=9606 GN=MOB1A PE=1 SV=4	216
P62906	sp|P62906|RL10A_HUMAN Large ribosomal subunit protein uL1 OS=Homo sapiens OX=9606 GN=RPL10A PE=1 SV=2	217
P62993	sp|P62993|GRB2_HUMAN Growth factor receptor-bound protein 2 OS=Homo sapiens OX=9606 GN=GRB2 PE=1 SV=1	217
P28676	sp|P28676|GRAN_HUMAN Grancalcin OS=Homo sapiens OX=9606 GN=GCA PE=1 SV=2	217
P06730	sp|P06730|IF4E_HUMAN Eukaryotic translation initiation factor 4E OS=Homo sapiens OX=9606 GN=EIF4E PE=1 SV=2	217
Q9Y3Q3	sp|Q9Y3Q3|TMED3_HUMAN Transmembrane emp24 domain-containing protein 3 OS=Homo sapiens OX=9606 GN=TMED3 PE=1 SV=1	217
Q9NYX4	sp|Q9NYX4|CALY_HUMAN Neuron-specific vesicular protein calcyon OS=Homo sapiens OX=9606 GN=CALY PE=1 SV=1	217
Q99807	sp|Q99807|COQ7_HUMAN NADPH-dependent 3-demethoxyubiquinone 3-hydroxylase, mitochondrial OS=Homo sapiens OX=9606 GN=COQ7 PE=1 SV=3	217
Q9NY12	sp|Q9NY12|GAR1_HUMAN H/ACA ribonucleoprotein complex subunit 1 OS=Homo sapiens OX=9606 GN=GAR1 PE=1 SV=1	217
Q9NUP1	sp|Q9NUP1|BL1S4_HUMAN Biogenesis of lysosome-related organelles complex 1 subunit 4 OS=Homo sapiens OX=9606 GN=BLOC1S4 PE=1 SV=1	217
Q15907	sp|Q15907|RB11B_HUMAN Ras-related protein Rab-11B OS=Homo sapiens OX=9606 GN=RAB11B PE=1 SV=4	218
O00501	sp|O00501|CLD5_HUMAN Claudin-5 OS=Homo sapiens OX=9606 GN=CLDN5 PE=1 SV=1	218
P28161	sp|P28161|GSTM2_HUMAN Glutathione S-transferase Mu 2 OS=Homo sapiens OX=9606 GN=GSTM2 PE=1 SV=2	218
P82930	sp|P82930|RT34_HUMAN Small ribosomal subunit protein mS34 OS=Homo sapiens OX=9606 GN=MRPS34 PE=1 SV=2	218
P09488	sp|P09488|GSTM1_HUMAN Glutathione S-transferase Mu 1 OS=Homo sapiens OX=9606 GN=GSTM1 PE=1 SV=3	218
Q07699	sp|Q07699|SCN1B_HUMAN Sodium channel regulatory subunit beta-1 OS=Homo sapiens OX=9606 GN=SCN1B PE=1 SV=1	218
O14668	sp|O14668|TMG1_HUMAN Transmembrane gamma-carboxyglutamic acid protein 1 OS=Homo sapiens OX=9606 GN=PRRG1 PE=1 SV=1	218
P46439	sp|P46439|GSTM5_HUMAN Glutathione S-transferase Mu 5 OS=Homo sapiens OX=9606 GN=GSTM5 PE=1 SV=3	218
P20338	sp|P20338|RAB4A_HUMAN Ras-related protein Rab-4A OS=Homo sapiens OX=9606 GN=RAB4A PE=1 SV=3	218
Q03013	sp|Q03013|GSTM4_HUMAN Glutathione S-transferase Mu 4 OS=Homo sapiens OX=9606 GN=GSTM4 PE=1 SV=3	218
Q8WXB1	sp|Q8WXB1|MT21A_HUMAN Protein N-lysine methyltransferase METTL21A OS=Homo sapiens OX=9606 GN=METTL21A PE=1 SV=2	218
Q9BSB4	sp|Q9BSB4|ATGA1_HUMAN Autophagy-related protein 101 OS=Homo sapiens OX=9606 GN=ATG101 PE=1 SV=1	218
P00492	sp|P00492|HPRT_HUMAN Hypoxanthine-guanine phosphoribosyltransferase OS=Homo sapiens OX=9606 GN=HPRT1 PE=1 SV=2	218
O60238	sp|O60238|BNI3L_HUMAN BCL2/adenovirus E1B 19 kDa protein-interacting protein 3-like OS=Homo sapiens OX=9606 GN=BNIP3L PE=1 SV=1	219
Q9Y255	sp|Q9Y255|PRLD1_HUMAN PRELI domain-containing protein 1, mitochondrial OS=Homo sapiens OX=9606 GN=PRELID1 PE=1 SV=1	219
Q96AQ2	sp|Q96AQ2|TM125_HUMAN Transmembrane protein 125 OS=Homo sapiens OX=9606 GN=TMEM125 PE=1 SV=1	219
Q9NZZ3	sp|Q9NZZ3|CHMP5_HUMAN Charged multivesicular body protein 5 OS=Homo sapiens OX=9606 GN=CHMP5 PE=1 SV=1	219
P49755	sp|P49755|TMEDA_HUMAN Transmembrane emp24 domain-containing protein 10 OS=Homo sapiens OX=9606 GN=TMED10 PE=1 SV=2	219
Q9H213	sp|Q9H213|MAGH1_HUMAN Melanoma-associated antigen H1 OS=Homo sapiens OX=9606 GN=MAGEH1 PE=1 SV=1	219
Q7Z7N9	sp|Q7Z7N9|T179B_HUMAN Transmembrane protein 179B OS=Homo sapiens OX=9606 GN=TMEM179B PE=1 SV=1	219
P19397	sp|P19397|CD53_HUMAN Leukocyte surface antigen CD53 OS=Homo sapiens OX=9606 GN=CD53 PE=1 SV=1	219
Q9UKK9	sp|Q9UKK9|NUDT5_HUMAN ADP-sugar pyrophosphatase OS=Homo sapiens OX=9606 GN=NUDT5 PE=1 SV=1	219
P28065	sp|P28065|PSB9_HUMAN Proteasome subunit beta type-9 OS=Homo sapiens OX=9606 GN=PSMB9 PE=1 SV=2	219
Q9Y296	sp|Q9Y296|TPPC4_HUMAN Trafficking protein particle complex subunit 4 OS=Homo sapiens OX=9606 GN=TRAPPC4 PE=1 SV=1	219
Q07326	sp|Q07326|PIGF_HUMAN GPI ethanolamine phosphate transferase, stabilizing subunit OS=Homo sapiens OX=9606 GN=PIGF PE=1 SV=1	219
Q92963	sp|Q92963|RIT1_HUMAN GTP-binding protein Rit1 OS=Homo sapiens OX=9606 GN=RIT1 PE=1 SV=1	219
P16035	sp|P16035|TIMP2_HUMAN Metalloproteinase inhibitor 2 OS=Homo sapiens OX=9606 GN=TIMP2 PE=1 SV=2	220
P51809	sp|P51809|VAMP7_HUMAN Vesicle-associated membrane protein 7 OS=Homo sapiens OX=9606 GN=VAMP7 PE=1 SV=3	220
Q8NB37	sp|Q8NB37|GALD1_HUMAN Glutamine amidotransferase-like class 1 domain-containing protein 1 OS=Homo sapiens OX=9606 GN=GATD1 PE=1 SV=1	220
Q01130	sp|Q01130|SRSF2_HUMAN Serine/arginine-rich splicing factor 2 OS=Homo sapiens OX=9606 GN=SRSF2 PE=1 SV=4	221
Q9BT67	sp|Q9BT67|NFIP1_HUMAN NEDD4 family-interacting protein 1 OS=Homo sapiens OX=9606 GN=NDFIP1 PE=1 SV=1	221
Q6P587	sp|Q6P587|FAHD1_HUMAN Oxaloacetate tautomerase FAHD1, mitochondrial OS=Homo sapiens OX=9606 GN=FAHD1 PE=1 SV=3	221
Q9BRV3	sp|Q9BRV3|SWET1_HUMAN Sugar transporter SWEET1 OS=Homo sapiens OX=9606 GN=SLC50A1 PE=1 SV=1	221
Q969K7	sp|Q969K7|TMM54_HUMAN Transmembrane protein 54 OS=Homo sapiens OX=9606 GN=TMEM54 PE=1 SV=1	222
Q16763	sp|Q16763|UBE2S_HUMAN Ubiquitin-conjugating enzyme E2 S OS=Homo sapiens OX=9606 GN=UBE2S PE=1 SV=2	222
O15217	sp|O15217|GSTA4_HUMAN Glutathione S-transferase A4 OS=Homo sapiens OX=9606 GN=GSTA4 PE=1 SV=1	222
O95848	sp|O95848|NUD14_HUMAN Uridine diphosphate glucose pyrophosphatase NUDT14 OS=Homo sapiens OX=9606 GN=NUDT14 PE=1 SV=2	222
O14569	sp|O14569|C56D2_HUMAN Transmembrane reductase CYB561D2 OS=Homo sapiens OX=9606 GN=CYB561D2 PE=1 SV=1	222
P09936	sp|P09936|UCHL1_HUMAN Ubiquitin carboxyl-terminal hydrolase isozyme L1 OS=Homo sapiens OX=9606 GN=UCHL1 PE=1 SV=2	223
Q96DZ9	sp|Q96DZ9|CKLF5_HUMAN CKLF-like MARVEL transmembrane domain-containing protein 5 OS=Homo sapiens OX=9606 GN=CMTM5 PE=1 SV=2	223
A6NFC5	sp|A6NFC5|TM235_HUMAN Transmembrane protein 235 OS=Homo sapiens OX=9606 GN=TMEM235 PE=2 SV=3	223
O15173	sp|O15173|PGRC2_HUMAN Membrane-associated progesterone receptor component 2 OS=Homo sapiens OX=9606 GN=PGRMC2 PE=1 SV=1	223
Q9BV86	sp|Q9BV86|NTM1A_HUMAN N-terminal Xaa-Pro-Lys N-methyltransferase 1 OS=Homo sapiens OX=9606 GN=NTMT1 PE=1 SV=3	223
Q99720	sp|Q99720|SGMR1_HUMAN Sigma non-opioid intracellular receptor 1 OS=Homo sapiens OX=9606 GN=SIGMAR1 PE=1 SV=1	223
P27144	sp|P27144|KAD4_HUMAN Adenylate kinase 4, mitochondrial OS=Homo sapiens OX=9606 GN=AK4 PE=1 SV=1	223
O43760	sp|O43760|SNG2_HUMAN Synaptogyrin-2 OS=Homo sapiens OX=9606 GN=SYNGR2 PE=1 SV=1	224
Q00688	sp|Q00688|FKBP3_HUMAN Peptidyl-prolyl cis-trans isomerase FKBP3 OS=Homo sapiens OX=9606 GN=FKBP3 PE=1 SV=1	224
P30041	sp|P30041|PRDX6_HUMAN Peroxiredoxin-6 OS=Homo sapiens OX=9606 GN=PRDX6 PE=1 SV=3	224
Q9BVK8	sp|Q9BVK8|TM147_HUMAN BOS complex subunit TMEM147 OS=Homo sapiens OX=9606 GN=TMEM147 PE=1 SV=1	224
Q9Y3B3	sp|Q9Y3B3|TMED7_HUMAN Transmembrane emp24 domain-containing protein 7 OS=Homo sapiens OX=9606 GN=TMED7 PE=1 SV=2	224
Q99727	sp|Q99727|TIMP4_HUMAN Metalloproteinase inhibitor 4 OS=Homo sapiens OX=9606 GN=TIMP4 PE=1 SV=1	224
Q5VXU3	sp|Q5VXU3|CHIC1_HUMAN Cysteine-rich hydrophobic domain-containing protein 1 OS=Homo sapiens OX=9606 GN=CHIC1 PE=1 SV=2	224
P24534	sp|P24534|EF1B_HUMAN Elongation factor 1-beta OS=Homo sapiens OX=9606 GN=EEF1B2 PE=1 SV=3	225
P08579	sp|P08579|RU2B_HUMAN U2 small nuclear ribonucleoprotein B'' OS=Homo sapiens OX=9606 GN=SNRPB2 PE=1 SV=1	225
P21266	sp|P21266|GSTM3_HUMAN Glutathione S-transferase Mu 3 OS=Homo sapiens OX=9606 GN=GSTM3 PE=1 SV=3	225
Q13637	sp|Q13637|RAB32_HUMAN Ras-related protein Rab-32 OS=Homo sapiens OX=9606 GN=RAB32 PE=1 SV=3	225
P78330	sp|P78330|SERB_HUMAN Phosphoserine phosphatase OS=Homo sapiens OX=9606 GN=PSPH PE=1 SV=2	225
Q9UL25	sp|Q9UL25|RAB21_HUMAN Ras-related protein Rab-21 OS=Homo sapiens OX=9606 GN=RAB21 PE=1 SV=3	225
P36543	sp|P36543|VATE1_HUMAN V-type proton ATPase subunit E 1 OS=Homo sapiens OX=9606 GN=ATP6V1E1 PE=1 SV=1	226
Q15005	sp|Q15005|SPCS2_HUMAN Signal peptidase complex subunit 2 OS=Homo sapiens OX=9606 GN=SPCS2 PE=1 SV=3	226
Q9Y2Y6	sp|Q9Y2Y6|TMM98_HUMAN Transmembrane protein 98 OS=Homo sapiens OX=9606 GN=TMEM98 PE=1 SV=1	226
P22352	sp|P22352|GPX3_HUMAN Glutathione peroxidase 3 OS=Homo sapiens OX=9606 GN=GPX3 PE=1 SV=2	226
Q9Y2Q3	sp|Q9Y2Q3|GSTK1_HUMAN Glutathione S-transferase kappa 1 OS=Homo sapiens OX=9606 GN=GSTK1 PE=1 SV=3	226
F2Z333	sp|F2Z333|FND10_HUMAN Fibronectin type III domain-containing protein 10 OS=Homo sapiens OX=9606 GN=FNDC10 PE=1 SV=1	226
Q9BSN7	sp|Q9BSN7|TM204_HUMAN Transmembrane protein 204 OS=Homo sapiens OX=9606 GN=TMEM204 PE=1 SV=1	226
Q96LL9	sp|Q96LL9|DJC30_HUMAN DnaJ homolog subfamily C member 30, mitochondrial OS=Homo sapiens OX=9606 GN=DNAJC30 PE=1 SV=3	226
P22061	sp|P22061|PIMT_HUMAN Protein-L-isoaspartate(D-aspartate) O-methyltransferase OS=Homo sapiens OX=9606 GN=PCMT1 PE=1 SV=4	227
Q13907	sp|Q13907|IDI1_HUMAN Isopentenyl-diphosphate Delta-isomerase 1 OS=Homo sapiens OX=9606 GN=IDI1 PE=1 SV=2	227
Q7Z7H5	sp|Q7Z7H5|TMED4_HUMAN Transmembrane emp24 domain-containing protein 4 OS=Homo sapiens OX=9606 GN=TMED4 PE=1 SV=1	227
Q9UKJ0	sp|Q9UKJ0|PILRB_HUMAN Paired immunoglobulin-like type 2 receptor beta OS=Homo sapiens OX=9606 GN=PILRB PE=1 SV=1	227
P80723	sp|P80723|BASP1_HUMAN Brain acid soluble protein 1 OS=Homo sapiens OX=9606 GN=BASP1 PE=1 SV=2	227
Q9UIJ7	sp|Q9UIJ7|KAD3_HUMAN GTP:AMP phosphotransferase AK3, mitochondrial OS=Homo sapiens OX=9606 GN=AK3 PE=1 SV=4	227
Q13445	sp|Q13445|TMED1_HUMAN Transmembrane emp24 domain-containing protein 1 OS=Homo sapiens OX=9606 GN=TMED1 PE=1 SV=1	227
Q92520	sp|Q92520|FAM3C_HUMAN Protein FAM3C OS=Homo sapiens OX=9606 GN=FAM3C PE=1 SV=1	227
Q8ND25	sp|Q8ND25|ZNRF1_HUMAN E3 ubiquitin-protein ligase ZNRF1 OS=Homo sapiens OX=9606 GN=ZNRF1 PE=1 SV=2	227
Q9NZI2	sp|Q9NZI2|KCIP1_HUMAN A-type potassium channel modulatory protein KCNIP1 OS=Homo sapiens OX=9606 GN=KCNIP1 PE=1 SV=2	227
P21926	sp|P21926|CD9_HUMAN CD9 antigen OS=Homo sapiens OX=9606 GN=CD9 PE=1 SV=4	228
P54368	sp|P54368|OAZ1_HUMAN Ornithine decarboxylase antizyme 1 OS=Homo sapiens OX=9606 GN=OAZ1 PE=1 SV=3	228
Q9HB71	sp|Q9HB71|CYBP_HUMAN Calcyclin-binding protein OS=Homo sapiens OX=9606 GN=CACYBP PE=1 SV=2	228
Q9Y508	sp|Q9Y508|RN114_HUMAN E3 ubiquitin-protein ligase RNF114 OS=Homo sapiens OX=9606 GN=RNF114 PE=1 SV=1	228
Q86W74	sp|Q86W74|ANR46_HUMAN Ankyrin repeat domain-containing protein 46 OS=Homo sapiens OX=9606 GN=ANKRD46 PE=1 SV=2	228
Q15631	sp|Q15631|TSN_HUMAN Translin OS=Homo sapiens OX=9606 GN=TSN PE=1 SV=1	228
Q96AT9	sp|Q96AT9|RPE_HUMAN Ribulose-phosphate 3-epimerase OS=Homo sapiens OX=9606 GN=RPE PE=1 SV=1	228
Q96LW7	sp|Q96LW7|CAR19_HUMAN Caspase recruitment domain-containing protein 19 OS=Homo sapiens OX=9606 GN=CARD19 PE=1 SV=1	228
P56746	sp|P56746|CLD15_HUMAN Claudin-15 OS=Homo sapiens OX=9606 GN=CLDN15 PE=1 SV=1	228
Q12981	sp|Q12981|SEC20_HUMAN Vesicle transport protein SEC20 OS=Homo sapiens OX=9606 GN=BNIP1 PE=1 SV=3	228
Q6ZUX7	sp|Q6ZUX7|LHPL2_HUMAN LHFPL tetraspan subfamily member 2 protein OS=Homo sapiens OX=9606 GN=LHFPL2 PE=1 SV=2	228
Q08623	sp|Q08623|HDHD1_HUMAN Pseudouridine-5'-phosphatase OS=Homo sapiens OX=9606 GN=PUDP PE=1 SV=3	228
Q9H0W7	sp|Q9H0W7|THAP2_HUMAN THAP domain-containing protein 2 OS=Homo sapiens OX=9606 GN=THAP2 PE=1 SV=1	228
Q9BRX8	sp|Q9BRX8|PXL2A_HUMAN Peroxiredoxin-like 2A OS=Homo sapiens OX=9606 GN=PRXL2A PE=1 SV=3	229
P09497	sp|P09497|CLCB_HUMAN Clathrin light chain B OS=Homo sapiens OX=9606 GN=CLTB PE=1 SV=1	229
Q969E2	sp|Q969E2|SCAM4_HUMAN Secretory carrier-associated membrane protein 4 OS=Homo sapiens OX=9606 GN=SCAMP4 PE=1 SV=1	229
Q6UW56	sp|Q6UW56|ARAID_HUMAN All-trans retinoic acid-induced differentiation factor OS=Homo sapiens OX=9606 GN=ATRAID PE=1 SV=2	229
P68402	sp|P68402|PA1B2_HUMAN Platelet-activating factor acetylhydrolase IB subunit alpha2 OS=Homo sapiens OX=9606 GN=PAFAH1B2 PE=1 SV=1	229
O43761	sp|O43761|SNG3_HUMAN Synaptogyrin-3 OS=Homo sapiens OX=9606 GN=SYNGR3 PE=1 SV=2	229
Q9Y3A6	sp|Q9Y3A6|TMED5_HUMAN Transmembrane emp24 domain-containing protein 5 OS=Homo sapiens OX=9606 GN=TMED5 PE=1 SV=1	229
Q9NZC2	sp|Q9NZC2|TREM2_HUMAN Triggering receptor expressed on myeloid cells 2 OS=Homo sapiens OX=9606 GN=TREM2 PE=1 SV=1	230
Q8IUX1	sp|Q8IUX1|T126B_HUMAN Complex I assembly factor TMEM126B, mitochondrial OS=Homo sapiens OX=9606 GN=TMEM126B PE=1 SV=2	230
Q9BU02	sp|Q9BU02|THTPA_HUMAN Thiamine-triphosphatase OS=Homo sapiens OX=9606 GN=THTPA PE=1 SV=3	230
Q15125	sp|Q15125|EBP_HUMAN 3-beta-hydroxysteroid-Delta(8),Delta(7)-isomerase OS=Homo sapiens OX=9606 GN=EBP PE=1 SV=3	230
P15374	sp|P15374|UCHL3_HUMAN Ubiquitin carboxyl-terminal hydrolase isozyme L3 OS=Homo sapiens OX=9606 GN=UCHL3 PE=1 SV=1	230
O75608	sp|O75608|LYPA1_HUMAN Acyl-protein thioesterase 1 OS=Homo sapiens OX=9606 GN=LYPLA1 PE=1 SV=1	230
Q8WVC6	sp|Q8WVC6|DCAKD_HUMAN Dephospho-CoA kinase domain-containing protein OS=Homo sapiens OX=9606 GN=DCAKD PE=1 SV=1	231
P16083	sp|P16083|NQO2_HUMAN Ribosyldihydronicotinamide dehydrogenase [quinone] OS=Homo sapiens OX=9606 GN=NQO2 PE=1 SV=5	231
Q15102	sp|Q15102|PA1B3_HUMAN Platelet-activating factor acetylhydrolase IB subunit alpha1 OS=Homo sapiens OX=9606 GN=PAFAH1B3 PE=1 SV=1	231
O95372	sp|O95372|LYPA2_HUMAN Acyl-protein thioesterase 2 OS=Homo sapiens OX=9606 GN=LYPLA2 PE=1 SV=1	231
Q9UEU0	sp|Q9UEU0|VTI1B_HUMAN Vesicle transport through interaction with t-SNAREs homolog 1B OS=Homo sapiens OX=9606 GN=VTI1B PE=1 SV=3	232
Q1ZYL8	sp|Q1ZYL8|IZUM4_HUMAN Izumo sperm-egg fusion protein 4 OS=Homo sapiens OX=9606 GN=IZUMO4 PE=1 SV=2	232
Q96EQ8	sp|Q96EQ8|RN125_HUMAN E3 ubiquitin-protein ligase RNF125 OS=Homo sapiens OX=9606 GN=RNF125 PE=1 SV=4	232
Q15012	sp|Q15012|LAP4A_HUMAN Lysosomal-associated transmembrane protein 4A OS=Homo sapiens OX=9606 GN=LAPTM4A PE=1 SV=1	233
Q07817	sp|Q07817|B2CL1_HUMAN Bcl-2-like protein 1 OS=Homo sapiens OX=9606 GN=BCL2L1 PE=1 SV=1	233
O43759	sp|O43759|SNG1_HUMAN Synaptogyrin-1 OS=Homo sapiens OX=9606 GN=SYNGR1 PE=1 SV=2	233
Q6ZVK1	sp|Q6ZVK1|T179A_HUMAN Transmembrane protein 179 OS=Homo sapiens OX=9606 GN=TMEM179 PE=1 SV=2	233
Q6P4H8	sp|Q6P4H8|ACKMT_HUMAN ATP synthase subunit C lysine N-methyltransferase OS=Homo sapiens OX=9606 GN=ATPSCKMT PE=1 SV=2	233
P25787	sp|P25787|PSA2_HUMAN Proteasome subunit alpha type-2 OS=Homo sapiens OX=9606 GN=PSMA2 PE=1 SV=2	234
O95772	sp|O95772|STR3N_HUMAN STARD3 N-terminal-like protein OS=Homo sapiens OX=9606 GN=STARD3NL PE=1 SV=1	234
P24001	sp|P24001|IL32_HUMAN Interleukin-32 OS=Homo sapiens OX=9606 GN=IL32 PE=1 SV=3	234
Q8IZR5	sp|Q8IZR5|CKLF4_HUMAN CKLF-like MARVEL transmembrane domain-containing protein 4 OS=Homo sapiens OX=9606 GN=CMTM4 PE=1 SV=1	234
Q9H6D8	sp|Q9H6D8|FNDC4_HUMAN Fibronectin type III domain-containing protein 4 OS=Homo sapiens OX=9606 GN=FNDC4 PE=1 SV=1	234
Q9NX57	sp|Q9NX57|RAB20_HUMAN Ras-related protein Rab-20 OS=Homo sapiens OX=9606 GN=RAB20 PE=1 SV=1	234
Q5TA31	sp|Q5TA31|RN187_HUMAN E3 ubiquitin-protein ligase RNF187 OS=Homo sapiens OX=9606 GN=RNF187 PE=1 SV=2	235
Q96HP8	sp|Q96HP8|T176A_HUMAN Transmembrane protein 176A OS=Homo sapiens OX=9606 GN=TMEM176A PE=1 SV=1	235
Q8TAC9	sp|Q8TAC9|SCAM5_HUMAN Secretory carrier-associated membrane protein 5 OS=Homo sapiens OX=9606 GN=SCAMP5 PE=1 SV=1	235
P41227	sp|P41227|NAA10_HUMAN N-alpha-acetyltransferase 10 OS=Homo sapiens OX=9606 GN=NAA10 PE=1 SV=1	235
Q9BQD7	sp|Q9BQD7|ANKMT_HUMAN Adenine nucleotide translocase lysine N-methyltransferase OS=Homo sapiens OX=9606 GN=ANTKMT PE=1 SV=1	235
Q9BVK6	sp|Q9BVK6|TMED9_HUMAN Transmembrane emp24 domain-containing protein 9 OS=Homo sapiens OX=9606 GN=TMED9 PE=1 SV=2	235
Q9UJ68	sp|Q9UJ68|MSRA_HUMAN Mitochondrial peptide methionine sulfoxide reductase OS=Homo sapiens OX=9606 GN=MSRA PE=1 SV=1	235
O75425	sp|O75425|MSPD3_HUMAN Motile sperm domain-containing protein 3 OS=Homo sapiens OX=9606 GN=MOSPD3 PE=1 SV=1	235
P49771	sp|P49771|FLT3L_HUMAN Fms-related tyrosine kinase 3 ligand OS=Homo sapiens OX=9606 GN=FLT3LG PE=1 SV=1	235
P60033	sp|P60033|CD81_HUMAN CD81 antigen OS=Homo sapiens OX=9606 GN=CD81 PE=1 SV=1	236
P22794	sp|P22794|EVI2A_HUMAN Protein EVI2A OS=Homo sapiens OX=9606 GN=EVI2A PE=1 SV=2	236
Q14353	sp|Q14353|GAMT_HUMAN Guanidinoacetate N-methyltransferase OS=Homo sapiens OX=9606 GN=GAMT PE=1 SV=1	236
Q9UNK0	sp|Q9UNK0|STX8_HUMAN Syntaxin-8 OS=Homo sapiens OX=9606 GN=STX8 PE=1 SV=2	236
P49427	sp|P49427|UB2R1_HUMAN Ubiquitin-conjugating enzyme E2 R1 OS=Homo sapiens OX=9606 GN=CDC34 PE=1 SV=2	236
Q96EC8	sp|Q96EC8|YIPF6_HUMAN Protein YIPF6 OS=Homo sapiens OX=9606 GN=YIPF6 PE=1 SV=2	236
P55061	sp|P55061|BI1_HUMAN Bax inhibitor 1 OS=Homo sapiens OX=9606 GN=TMBIM6 PE=1 SV=2	237
P54105	sp|P54105|ICLN_HUMAN Methylosome subunit pICln OS=Homo sapiens OX=9606 GN=CLNS1A PE=1 SV=1	237
P19075	sp|P19075|TSN8_HUMAN Tetraspanin-8 OS=Homo sapiens OX=9606 GN=TSPAN8 PE=1 SV=1	237
Q96A37	sp|Q96A37|RN166_HUMAN E3 ubiquitin-protein ligase RNF166 OS=Homo sapiens OX=9606 GN=RNF166 PE=1 SV=1	237
Q5VWZ2	sp|Q5VWZ2|LYPL1_HUMAN Lysophospholipase-like protein 1 OS=Homo sapiens OX=9606 GN=LYPLAL1 PE=1 SV=3	237
Q8N4T8	sp|Q8N4T8|CBR4_HUMAN 3-oxoacyl-[acyl-carrier-protein] reductase OS=Homo sapiens OX=9606 GN=CBR4 PE=1 SV=3	237
Q4VXA5	sp|Q4VXA5|KHDC1_HUMAN KH homology domain-containing protein 1 OS=Homo sapiens OX=9606 GN=KHDC1 PE=1 SV=1	237
Q86UY6	sp|Q86UY6|NAA40_HUMAN N-alpha-acetyltransferase 40 OS=Homo sapiens OX=9606 GN=NAA40 PE=1 SV=1	237
P08962	sp|P08962|CD63_HUMAN CD63 antigen OS=Homo sapiens OX=9606 GN=CD63 PE=1 SV=2	238
Q9NVV5	sp|Q9NVV5|AIG1_HUMAN Androgen-induced gene 1 protein OS=Homo sapiens OX=9606 GN=AIG1 PE=1 SV=3	238
Q9HC24	sp|Q9HC24|LFG4_HUMAN Protein lifeguard 4 OS=Homo sapiens OX=9606 GN=TMBIM4 PE=1 SV=3	238
P17677	sp|P17677|NEUM_HUMAN Neuromodulin OS=Homo sapiens OX=9606 GN=GAP43 PE=1 SV=1	238
Q16629	sp|Q16629|SRSF7_HUMAN Serine/arginine-rich splicing factor 7 OS=Homo sapiens OX=9606 GN=SRSF7 PE=1 SV=1	238
Q712K3	sp|Q712K3|UB2R2_HUMAN Ubiquitin-conjugating enzyme E2 R2 OS=Homo sapiens OX=9606 GN=UBE2R2 PE=1 SV=1	238
Q15546	sp|Q15546|PAQRB_HUMAN Monocyte to macrophage differentiation factor OS=Homo sapiens OX=9606 GN=MMD PE=1 SV=2	238
Q86YN1	sp|Q86YN1|DOPP1_HUMAN Dolichyldiphosphatase 1 OS=Homo sapiens OX=9606 GN=DOLPP1 PE=1 SV=1	238
O75204	sp|O75204|TM127_HUMAN Transmembrane protein 127 OS=Homo sapiens OX=9606 GN=TMEM127 PE=1 SV=1	238
O14817	sp|O14817|TSN4_HUMAN Tetraspanin-4 OS=Homo sapiens OX=9606 GN=TSPAN4 PE=1 SV=1	238
Q9UNN8	sp|Q9UNN8|EPCR_HUMAN Endothelial protein C receptor OS=Homo sapiens OX=9606 GN=PROCR PE=1 SV=1	238
Q8N682	sp|Q8N682|DRAM1_HUMAN DNA damage-regulated autophagy modulator protein 1 OS=Homo sapiens OX=9606 GN=DRAM1 PE=1 SV=1	238
P28072	sp|P28072|PSB6_HUMAN Proteasome subunit beta type-6 OS=Homo sapiens OX=9606 GN=PSMB6 PE=1 SV=4	239
P54819	sp|P54819|KAD2_HUMAN Adenylate kinase 2, mitochondrial OS=Homo sapiens OX=9606 GN=AK2 PE=1 SV=2	239
Q9UM00	sp|Q9UM00|TMCO1_HUMAN Calcium load-activated calcium channel OS=Homo sapiens OX=9606 GN=TMCO1 PE=1 SV=2	239
Q9NR28	sp|Q9NR28|DBLOH_HUMAN Diablo IAP-binding mitochondrial protein OS=Homo sapiens OX=9606 GN=DIABLO PE=1 SV=1	239
Q9H6Z9	sp|Q9H6Z9|EGLN3_HUMAN Prolyl hydroxylase EGLN3 OS=Homo sapiens OX=9606 GN=EGLN3 PE=1 SV=1	239
Q9GZP9	sp|Q9GZP9|DERL2_HUMAN Derlin-2 OS=Homo sapiens OX=9606 GN=DERL2 PE=1 SV=1	239
Q96JQ5	sp|Q96JQ5|M4A4A_HUMAN Membrane-spanning 4-domains subfamily A member 4A OS=Homo sapiens OX=9606 GN=MS4A4A PE=1 SV=1	239
O75954	sp|O75954|TSN9_HUMAN Tetraspanin-9 OS=Homo sapiens OX=9606 GN=TSPAN9 PE=1 SV=1	239
O15522	sp|O15522|NKX28_HUMAN Homeobox protein Nkx-2.8 OS=Homo sapiens OX=9606 GN=NKX2-8 PE=1 SV=2	239
P63162	sp|P63162|RSMN_HUMAN Small nuclear ribonucleoprotein-associated protein N OS=Homo sapiens OX=9606 GN=SNRPN PE=1 SV=1	240
Q86XT9	sp|Q86XT9|TM219_HUMAN Insulin-like growth factor-binding protein 3 receptor OS=Homo sapiens OX=9606 GN=TMEM219 PE=1 SV=1	240
P51858	sp|P51858|HDGF_HUMAN Hepatoma-derived growth factor OS=Homo sapiens OX=9606 GN=HDGF PE=1 SV=1	240
P14678	sp|P14678|RSMB_HUMAN Small nuclear ribonucleoprotein-associated proteins B and B' OS=Homo sapiens OX=9606 GN=SNRPB PE=1 SV=2	240
P24592	sp|P24592|IBP6_HUMAN Insulin-like growth factor-binding protein 6 OS=Homo sapiens OX=9606 GN=IGFBP6 PE=1 SV=1	240
Q8N114	sp|Q8N114|SHSA5_HUMAN Protein shisa-5 OS=Homo sapiens OX=9606 GN=SHISA5 PE=1 SV=1	240
Q01081	sp|Q01081|U2AF1_HUMAN Splicing factor U2AF 35 kDa subunit OS=Homo sapiens OX=9606 GN=U2AF1 PE=1 SV=3	240
P08294	sp|P08294|SODE_HUMAN Extracellular superoxide dismutase [Cu-Zn] OS=Homo sapiens OX=9606 GN=SOD3 PE=1 SV=2	240
Q9GZW8	sp|Q9GZW8|MS4A7_HUMAN Membrane-spanning 4-domains subfamily A member 7 OS=Homo sapiens OX=9606 GN=MS4A7 PE=1 SV=1	240
P20618	sp|P20618|PSB1_HUMAN Proteasome subunit beta type-1 OS=Homo sapiens OX=9606 GN=PSMB1 PE=1 SV=2	241
P78417	sp|P78417|GSTO1_HUMAN Glutathione S-transferase omega-1 OS=Homo sapiens OX=9606 GN=GSTO1 PE=1 SV=2	241
O00299	sp|O00299|CLIC1_HUMAN Chloride intracellular channel protein 1 OS=Homo sapiens OX=9606 GN=CLIC1 PE=1 SV=4	241
Q9NNZ3	sp|Q9NNZ3|DNJC4_HUMAN DnaJ homolog subfamily C member 4 OS=Homo sapiens OX=9606 GN=DNAJC4 PE=1 SV=1	241
Q9UHQ4	sp|Q9UHQ4|BAP29_HUMAN B-cell receptor-associated protein 29 OS=Homo sapiens OX=9606 GN=BCAP29 PE=1 SV=2	241
P01127	sp|P01127|PDGFB_HUMAN Platelet-derived growth factor subunit B OS=Homo sapiens OX=9606 GN=PDGFB PE=1 SV=1	241
Q96HA9	sp|Q96HA9|PX11C_HUMAN Peroxisomal membrane protein 11C OS=Homo sapiens OX=9606 GN=PEX11G PE=1 SV=1	241
Q9NPA0	sp|Q9NPA0|EMC7_HUMAN Endoplasmic reticulum membrane protein complex subunit 7 OS=Homo sapiens OX=9606 GN=EMC7 PE=1 SV=1	242
Q9H7X0	sp|Q9H7X0|NAA60_HUMAN N-alpha-acetyltransferase 60 OS=Homo sapiens OX=9606 GN=NAA60 PE=1 SV=1	242
Q9BUP3	sp|Q9BUP3|HTAI2_HUMAN Protein HTATIP2 OS=Homo sapiens OX=9606 GN=HTATIP2 PE=1 SV=2	242
Q96GX9	sp|Q96GX9|MTNB_HUMAN Methylthioribulose-1-phosphate dehydratase OS=Homo sapiens OX=9606 GN=APIP PE=1 SV=1	242
Q8NBI2	sp|Q8NBI2|CYAC3_HUMAN Lysosomal membrane ascorbate-dependent ferrireductase CYB561A3 OS=Homo sapiens OX=9606 GN=CYB561A3 PE=1 SV=1	242
Q8NHG8	sp|Q8NHG8|ZNRF2_HUMAN E3 ubiquitin-protein ligase ZNRF2 OS=Homo sapiens OX=9606 GN=ZNRF2 PE=1 SV=1	242
P23396	sp|P23396|RS3_HUMAN Small ribosomal subunit protein uS3 OS=Homo sapiens OX=9606 GN=RPS3 PE=1 SV=2	243
Q9H1E3	sp|Q9H1E3|NUCKS_HUMAN Nuclear ubiquitous casein and cyclin-dependent kinase substrate 1 OS=Homo sapiens OX=9606 GN=NUCKS1 PE=1 SV=1	243
O95292	sp|O95292|VAPB_HUMAN Vesicle-associated membrane protein-associated protein B/C OS=Homo sapiens OX=9606 GN=VAPB PE=1 SV=3	243
Q9BVC6	sp|Q9BVC6|TM109_HUMAN Voltage-gated monoatomic cation channel TMEM109 OS=Homo sapiens OX=9606 GN=TMEM109 PE=1 SV=1	243
Q14714	sp|Q14714|SSPN_HUMAN Sarcospan OS=Homo sapiens OX=9606 GN=SSPN PE=1 SV=3	243
P09326	sp|P09326|CD48_HUMAN CD48 antigen OS=Homo sapiens OX=9606 GN=CD48 PE=1 SV=2	243
P09417	sp|P09417|DHPR_HUMAN Dihydropteridine reductase OS=Homo sapiens OX=9606 GN=QDPR PE=1 SV=2	244
Q92876	sp|Q92876|KLK6_HUMAN Kallikrein-6 OS=Homo sapiens OX=9606 GN=KLK6 PE=1 SV=1	244
Q7Z4W1	sp|Q7Z4W1|DCXR_HUMAN L-xylulose reductase OS=Homo sapiens OX=9606 GN=DCXR PE=1 SV=2	244
O95476	sp|O95476|CNEP1_HUMAN CTD nuclear envelope phosphatase 1 OS=Homo sapiens OX=9606 GN=CTDNEP1 PE=1 SV=2	244
Q9H8H3	sp|Q9H8H3|TMT1A_HUMAN Thiol S-methyltransferase TMT1A OS=Homo sapiens OX=9606 GN=TMT1A PE=1 SV=1	244
P0CG30	sp|P0CG30|GSTT2_HUMAN Glutathione S-transferase theta-2B OS=Homo sapiens OX=9606 GN=GSTT2B PE=1 SV=1	244
Q92979	sp|Q92979|NEP1_HUMAN Ribosomal RNA small subunit methyltransferase NEP1 OS=Homo sapiens OX=9606 GN=EMG1 PE=1 SV=4	244
Q9BSR8	sp|Q9BSR8|YIPF4_HUMAN Protein YIPF4 OS=Homo sapiens OX=9606 GN=YIPF4 PE=1 SV=1	244
O95467	sp|O95467|GNAS3_HUMAN Neuroendocrine secretory protein 55 OS=Homo sapiens OX=9606 GN=GNAS PE=1 SV=1	245
P27348	sp|P27348|1433T_HUMAN 14-3-3 protein theta OS=Homo sapiens OX=9606 GN=YWHAQ PE=1 SV=1	245
P63104	sp|P63104|1433Z_HUMAN 14-3-3 protein zeta/delta OS=Homo sapiens OX=9606 GN=YWHAZ PE=1 SV=1	245
Q9NX40	sp|Q9NX40|OCAD1_HUMAN OCIA domain-containing protein 1 OS=Homo sapiens OX=9606 GN=OCIAD1 PE=1 SV=1	245
P02745	sp|P02745|C1QA_HUMAN Complement C1q subcomponent subunit A OS=Homo sapiens OX=9606 GN=C1QA PE=1 SV=2	245
P02747	sp|P02747|C1QC_HUMAN Complement C1q subcomponent subunit C OS=Homo sapiens OX=9606 GN=C1QC PE=1 SV=3	245
P56537	sp|P56537|IF6_HUMAN Eukaryotic translation initiation factor 6 OS=Homo sapiens OX=9606 GN=EIF6 PE=1 SV=1	245
Q9BUT1	sp|Q9BUT1|DHRS6_HUMAN Dehydrogenase/reductase SDR family member 6 OS=Homo sapiens OX=9606 GN=BDH2 PE=1 SV=2	245
Q9NPD3	sp|Q9NPD3|EXOS4_HUMAN Exosome complex component RRP41 OS=Homo sapiens OX=9606 GN=EXOSC4 PE=1 SV=3	245
Q6ZRR5	sp|Q6ZRR5|TLCD5_HUMAN TLC domain-containing protein 5 OS=Homo sapiens OX=9606 GN=TLCD5 PE=2 SV=2	245
Q8WVD3	sp|Q8WVD3|RN138_HUMAN E3 ubiquitin-protein ligase RNF138 OS=Homo sapiens OX=9606 GN=RNF138 PE=1 SV=1	245
P51580	sp|P51580|TPMT_HUMAN Thiopurine S-methyltransferase OS=Homo sapiens OX=9606 GN=TPMT PE=1 SV=1	245
Q8NCL8	sp|Q8NCL8|TM116_HUMAN Transmembrane protein 116 OS=Homo sapiens OX=9606 GN=TMEM116 PE=1 SV=1	245
O43657	sp|O43657|TSN6_HUMAN Tetraspanin-6 OS=Homo sapiens OX=9606 GN=TSPAN6 PE=1 SV=1	245
P51572	sp|P51572|BAP31_HUMAN B-cell receptor-associated protein 31 OS=Homo sapiens OX=9606 GN=BCAP31 PE=1 SV=3	246
Q04917	sp|Q04917|1433F_HUMAN 14-3-3 protein eta OS=Homo sapiens OX=9606 GN=YWHAH PE=1 SV=4	246
P31946	sp|P31946|1433B_HUMAN 14-3-3 protein beta/alpha OS=Homo sapiens OX=9606 GN=YWHAB PE=1 SV=3	246
Q9P0N8	sp|Q9P0N8|MARH2_HUMAN E3 ubiquitin-protein ligase MARCHF2 OS=Homo sapiens OX=9606 GN=MARCHF2 PE=1 SV=1	246
P60900	sp|P60900|PSA6_HUMAN Proteasome subunit alpha type-6 OS=Homo sapiens OX=9606 GN=PSMA6 PE=1 SV=1	246
Q9BVT8	sp|Q9BVT8|TMUB1_HUMAN Transmembrane and ubiquitin-like domain-containing protein 1 OS=Homo sapiens OX=9606 GN=TMUB1 PE=1 SV=1	246
Q16653	sp|Q16653|MOG_HUMAN Myelin-oligodendrocyte glycoprotein OS=Homo sapiens OX=9606 GN=MOG PE=1 SV=2	247
P61981	sp|P61981|1433G_HUMAN 14-3-3 protein gamma OS=Homo sapiens OX=9606 GN=YWHAG PE=1 SV=2	247
Q9BRN9	sp|Q9BRN9|TM2D3_HUMAN TM2 domain-containing protein 3 OS=Homo sapiens OX=9606 GN=TM2D3 PE=1 SV=2	247
O75352	sp|O75352|MPU1_HUMAN Mannose-P-dolichol utilization defect 1 protein OS=Homo sapiens OX=9606 GN=MPDU1 PE=1 SV=2	247
Q5SWH9	sp|Q5SWH9|TMM69_HUMAN Transmembrane protein 69 OS=Homo sapiens OX=9606 GN=TMEM69 PE=1 SV=1	247
Q9BXN2	sp|Q9BXN2|CLC7A_HUMAN C-type lectin domain family 7 member A OS=Homo sapiens OX=9606 GN=CLEC7A PE=1 SV=1	247
P57088	sp|P57088|TMM33_HUMAN Transmembrane protein 33 OS=Homo sapiens OX=9606 GN=TMEM33 PE=1 SV=2	247
Q7Z7J7	sp|Q7Z7J7|LHPL4_HUMAN LHFPL tetraspan subfamily member 4 protein OS=Homo sapiens OX=9606 GN=LHFPL4 PE=1 SV=1	247
P18124	sp|P18124|RL7_HUMAN Large ribosomal subunit protein uL30 OS=Homo sapiens OX=9606 GN=RPL7 PE=1 SV=1	248
Q15056	sp|Q15056|IF4H_HUMAN Eukaryotic translation initiation factor 4H OS=Homo sapiens OX=9606 GN=EIF4H PE=1 SV=5	248
P09496	sp|P09496|CLCA_HUMAN Clathrin light chain A OS=Homo sapiens OX=9606 GN=CLTA PE=1 SV=1	248
O14818	sp|O14818|PSA7_HUMAN Proteasome subunit alpha type-7 OS=Homo sapiens OX=9606 GN=PSMA7 PE=1 SV=1	248
P67936	sp|P67936|TPM4_HUMAN Tropomyosin alpha-4 chain OS=Homo sapiens OX=9606 GN=TPM4 PE=1 SV=3	248
Q9Y3Y2	sp|Q9Y3Y2|CHTOP_HUMAN Chromatin target of PRMT1 protein OS=Homo sapiens OX=9606 GN=CHTOP PE=1 SV=2	248
Q07955	sp|Q07955|SRSF1_HUMAN Serine/arginine-rich splicing factor 1 OS=Homo sapiens OX=9606 GN=SRSF1 PE=1 SV=2	248
P25189	sp|P25189|MYP0_HUMAN Myelin protein P0 OS=Homo sapiens OX=9606 GN=MPZ PE=1 SV=1	248
Q9H2W1	sp|Q9H2W1|M4A6A_HUMAN Membrane-spanning 4-domains subfamily A member 6A OS=Homo sapiens OX=9606 GN=MS4A6A PE=1 SV=1	248
Q9BVV7	sp|Q9BVV7|TIM21_HUMAN Mitochondrial import inner membrane translocase subunit Tim21 OS=Homo sapiens OX=9606 GN=TIMM21 PE=1 SV=1	248
P31947	sp|P31947|1433S_HUMAN 14-3-3 protein sigma OS=Homo sapiens OX=9606 GN=SFN PE=1 SV=1	248
P60174	sp|P60174|TPIS_HUMAN Triosephosphate isomerase OS=Homo sapiens OX=9606 GN=TPI1 PE=1 SV=4	249
P19404	sp|P19404|NDUV2_HUMAN NADH dehydrogenase [ubiquinone] flavoprotein 2, mitochondrial OS=Homo sapiens OX=9606 GN=NDUFV2 PE=1 SV=2	249
P41732	sp|P41732|TSN7_HUMAN Tetraspanin-7 OS=Homo sapiens OX=9606 GN=TSPAN7 PE=1 SV=2	249
Q06323	sp|Q06323|PSME1_HUMAN Proteasome activator complex subunit 1 OS=Homo sapiens OX=9606 GN=PSME1 PE=1 SV=1	249
P39687	sp|P39687|AN32A_HUMAN Acidic leucine-rich nuclear phosphoprotein 32 family member A OS=Homo sapiens OX=9606 GN=ANP32A PE=1 SV=1	249
O60499	sp|O60499|STX10_HUMAN Syntaxin-10 OS=Homo sapiens OX=9606 GN=STX10 PE=1 SV=1	249
Q9P0L0	sp|Q9P0L0|VAPA_HUMAN Vesicle-associated membrane protein-associated protein A OS=Homo sapiens OX=9606 GN=VAPA PE=1 SV=3	249
B9EJG8	sp|B9EJG8|T150C_HUMAN Transmembrane protein 150C OS=Homo sapiens OX=9606 GN=TMEM150C PE=1 SV=1	249
Q9Y3A5	sp|Q9Y3A5|SBDS_HUMAN Ribosome maturation protein SBDS OS=Homo sapiens OX=9606 GN=SBDS PE=1 SV=4	250
P17931	sp|P17931|LEG3_HUMAN Galectin-3 OS=Homo sapiens OX=9606 GN=LGALS3 PE=1 SV=5	250
P13284	sp|P13284|GILT_HUMAN Gamma-interferon-inducible lysosomal thiol reductase OS=Homo sapiens OX=9606 GN=IFI30 PE=1 SV=3	250
Q9HD33	sp|Q9HD33|RM47_HUMAN Large ribosomal subunit protein uL29m OS=Homo sapiens OX=9606 GN=MRPL47 PE=1 SV=2	250
O75888	sp|O75888|TNF13_HUMAN Tumor necrosis factor ligand superfamily member 13 OS=Homo sapiens OX=9606 GN=TNFSF13 PE=1 SV=1	250
Q9BVX2	sp|Q9BVX2|T106C_HUMAN Transmembrane protein 106C OS=Homo sapiens OX=9606 GN=TMEM106C PE=1 SV=1	250
O95249	sp|O95249|GOSR1_HUMAN Golgi SNAP receptor complex member 1 OS=Homo sapiens OX=9606 GN=GOSR1 PE=1 SV=1	250
P06340	sp|P06340|DOA_HUMAN HLA class II histocompatibility antigen, DO alpha chain OS=Homo sapiens OX=9606 GN=HLA-DOA PE=1 SV=1	250
P19256	sp|P19256|LFA3_HUMAN Lymphocyte function-associated antigen 3 OS=Homo sapiens OX=9606 GN=CD58 PE=1 SV=1	250
Q92688	sp|Q92688|AN32B_HUMAN Acidic leucine-rich nuclear phosphoprotein 32 family member B OS=Homo sapiens OX=9606 GN=ANP32B PE=1 SV=1	251
Q9BUN8	sp|Q9BUN8|DERL1_HUMAN Derlin-1 OS=Homo sapiens OX=9606 GN=DERL1 PE=1 SV=1	251
Q8WY22	sp|Q8WY22|BRI3B_HUMAN BRI3-binding protein OS=Homo sapiens OX=9606 GN=BRI3BP PE=1 SV=1	251
P33316	sp|P33316|DUT_HUMAN Deoxyuridine 5'-triphosphate nucleotidohydrolase, mitochondrial OS=Homo sapiens OX=9606 GN=DUT PE=1 SV=4	252
Q9BRK0	sp|Q9BRK0|REEP2_HUMAN Receptor expression-enhancing protein 2 OS=Homo sapiens OX=9606 GN=REEP2 PE=1 SV=2	252
O43291	sp|O43291|SPIT2_HUMAN Kunitz-type protease inhibitor 2 OS=Homo sapiens OX=9606 GN=SPINT2 PE=1 SV=2	252
Q8NB15	sp|Q8NB15|ZN511_HUMAN Zinc finger protein 511 OS=Homo sapiens OX=9606 GN=ZNF511 PE=1 SV=2	252
Q9NRX1	sp|Q9NRX1|PNO1_HUMAN RNA-binding protein PNO1 OS=Homo sapiens OX=9606 GN=PNO1 PE=1 SV=1	252
Q8N2A8	sp|Q8N2A8|PLD6_HUMAN Mitochondrial cardiolipin hydrolase OS=Homo sapiens OX=9606 GN=PLD6 PE=1 SV=1	252
Q9Y2B2	sp|Q9Y2B2|PIGL_HUMAN N-acetylglucosaminyl-phosphatidylinositol de-N-acetylase OS=Homo sapiens OX=9606 GN=PIGL PE=1 SV=1	252
Q96T66	sp|Q96T66|NMNA3_HUMAN Nicotinamide/nicotinic acid mononucleotide adenylyltransferase 3 OS=Homo sapiens OX=9606 GN=NMNAT3 PE=1 SV=2	252
Q9NY35	sp|Q9NY35|CLDN1_HUMAN Claudin domain-containing protein 1 OS=Homo sapiens OX=9606 GN=CLDND1 PE=1 SV=1	253
O60637	sp|O60637|TSN3_HUMAN Tetraspanin-3 OS=Homo sapiens OX=9606 GN=TSPAN3 PE=1 SV=1	253
P04156	sp|P04156|PRIO_HUMAN Major prion protein OS=Homo sapiens OX=9606 GN=PRNP PE=1 SV=1	253
Q9BWL3	sp|Q9BWL3|LTAP1_HUMAN Lipid transport auxiliary protein 1 OS=Homo sapiens OX=9606 GN=LTAP1 PE=1 SV=1	253
Q9Y696	sp|Q9Y696|CLIC4_HUMAN Chloride intracellular channel protein 4 OS=Homo sapiens OX=9606 GN=CLIC4 PE=1 SV=4	253
P48509	sp|P48509|CD151_HUMAN CD151 antigen OS=Homo sapiens OX=9606 GN=CD151 PE=1 SV=3	253
Q86TN4	sp|Q86TN4|TRPT1_HUMAN tRNA 2'-phosphotransferase 1 OS=Homo sapiens OX=9606 GN=TRPT1 PE=1 SV=2	253
P15259	sp|P15259|PGAM2_HUMAN Phosphoglycerate mutase 2 OS=Homo sapiens OX=9606 GN=PGAM2 PE=1 SV=3	253
B7ZAP0	sp|B7ZAP0|RBG10_HUMAN Rab GTPase-activating protein 1-like, isoform 10 OS=Homo sapiens OX=9606 GN=RABGAP1L PE=1 SV=1	253
P41247	sp|P41247|PLPL4_HUMAN Patatin-like phospholipase domain-containing protein 4 OS=Homo sapiens OX=9606 GN=PNPLA4 PE=1 SV=3	253
P00746	sp|P00746|CFAD_HUMAN Complement factor D OS=Homo sapiens OX=9606 GN=CFD PE=1 SV=5	253
Q9NQY0	sp|Q9NQY0|BIN3_HUMAN Bridging integrator 3 OS=Homo sapiens OX=9606 GN=BIN3 PE=1 SV=1	253
Q96S44	sp|Q96S44|PRPK_HUMAN EKC/KEOPS complex subunit TP53RK OS=Homo sapiens OX=9606 GN=TP53RK PE=1 SV=2	253
P01903	sp|P01903|DRA_HUMAN HLA class II histocompatibility antigen, DR alpha chain OS=Homo sapiens OX=9606 GN=HLA-DRA PE=1 SV=2	254
P18669	sp|P18669|PGAM1_HUMAN Phosphoglycerate mutase 1 OS=Homo sapiens OX=9606 GN=PGAM1 PE=1 SV=2	254
P08637	sp|P08637|FCG3A_HUMAN Low affinity immunoglobulin gamma Fc region receptor III-A OS=Homo sapiens OX=9606 GN=FCGR3A PE=1 SV=2	254
P01909	sp|P01909|DQA1_HUMAN HLA class II histocompatibility antigen, DQ alpha 1 chain OS=Homo sapiens OX=9606 GN=HLA-DQA1 PE=1 SV=1	254
Q9H2A7	sp|Q9H2A7|CXL16_HUMAN C-X-C motif chemokine 16 OS=Homo sapiens OX=9606 GN=CXCL16 PE=1 SV=4	254
Q9GZT6	sp|Q9GZT6|CC90B_HUMAN Coiled-coil domain-containing protein 90B, mitochondrial OS=Homo sapiens OX=9606 GN=CCDC90B PE=1 SV=2	254
Q6Y1H2	sp|Q6Y1H2|HACD2_HUMAN Very-long-chain (3R)-3-hydroxyacyl-CoA dehydratase 2 OS=Homo sapiens OX=9606 GN=HACD2 PE=1 SV=1	254
P50402	sp|P50402|EMD_HUMAN Emerin OS=Homo sapiens OX=9606 GN=EMD PE=1 SV=1	254
Q9UHJ9	sp|Q9UHJ9|PGAP2_HUMAN Acyltransferase PGAP2 OS=Homo sapiens OX=9606 GN=PGAP2 PE=1 SV=2	254
O95571	sp|O95571|ETHE1_HUMAN Persulfide dioxygenase ETHE1, mitochondrial OS=Homo sapiens OX=9606 GN=ETHE1 PE=1 SV=2	254
P62258	sp|P62258|1433E_HUMAN 14-3-3 protein epsilon OS=Homo sapiens OX=9606 GN=YWHAE PE=1 SV=1	255
P38117	sp|P38117|ETFB_HUMAN Electron transfer flavoprotein subunit beta OS=Homo sapiens OX=9606 GN=ETFB PE=1 SV=3	255
P25788	sp|P25788|PSA3_HUMAN Proteasome subunit alpha type-3 OS=Homo sapiens OX=9606 GN=PSMA3 PE=1 SV=2	255
Q6NUK4	sp|Q6NUK4|REEP3_HUMAN Receptor expression-enhancing protein 3 OS=Homo sapiens OX=9606 GN=REEP3 PE=1 SV=1	255
P09661	sp|P09661|RU2A_HUMAN U2 small nuclear ribonucleoprotein A' OS=Homo sapiens OX=9606 GN=SNRPA1 PE=1 SV=2	255
O43752	sp|O43752|STX6_HUMAN Syntaxin-6 OS=Homo sapiens OX=9606 GN=STX6 PE=1 SV=1	255
Q96L08	sp|Q96L08|SUSD3_HUMAN Sushi domain-containing protein 3 OS=Homo sapiens OX=9606 GN=SUSD3 PE=1 SV=1	255
P55083	sp|P55083|MFAP4_HUMAN Microfibril-associated glycoprotein 4 OS=Homo sapiens OX=9606 GN=MFAP4 PE=1 SV=2	255
P01906	sp|P01906|DQA2_HUMAN HLA class II histocompatibility antigen, DQ alpha 2 chain OS=Homo sapiens OX=9606 GN=HLA-DQA2 PE=1 SV=2	255
P14207	sp|P14207|FOLR2_HUMAN Folate receptor beta OS=Homo sapiens OX=9606 GN=FOLR2 PE=1 SV=4	255
P30048	sp|P30048|PRDX3_HUMAN Thioredoxin-dependent peroxide reductase, mitochondrial OS=Homo sapiens OX=9606 GN=PRDX3 PE=1 SV=3	256
O00584	sp|O00584|RNT2_HUMAN Ribonuclease T2 OS=Homo sapiens OX=9606 GN=RNASET2 PE=1 SV=2	256
P24539	sp|P24539|AT5F1_HUMAN ATP synthase peripheral stalk subunit b, mitochondrial OS=Homo sapiens OX=9606 GN=ATP5PB PE=1 SV=2	256
P62917	sp|P62917|RL8_HUMAN Large ribosomal subunit protein uL2 OS=Homo sapiens OX=9606 GN=RPL8 PE=1 SV=2	257
Q96IK0	sp|Q96IK0|TM101_HUMAN Transmembrane protein 101 OS=Homo sapiens OX=9606 GN=TMEM101 PE=1 SV=1	257
Q8N4L2	sp|Q8N4L2|PP4P2_HUMAN Type 2 phosphatidylinositol 4,5-bisphosphate 4-phosphatase OS=Homo sapiens OX=9606 GN=PIP4P2 PE=1 SV=1	257
Q9H6H4	sp|Q9H6H4|REEP4_HUMAN Receptor expression-enhancing protein 4 OS=Homo sapiens OX=9606 GN=REEP4 PE=1 SV=1	257
Q969M3	sp|Q969M3|YIPF5_HUMAN Protein YIPF5 OS=Homo sapiens OX=9606 GN=YIPF5 PE=1 SV=1	257
Q8WW43	sp|Q8WW43|APH1B_HUMAN Gamma-secretase subunit APH-1B OS=Homo sapiens OX=9606 GN=APH1B PE=1 SV=3	257
P04440	sp|P04440|DPB1_HUMAN HLA class II histocompatibility antigen, DP beta 1 chain OS=Homo sapiens OX=9606 GN=HLA-DPB1 PE=1 SV=1	258
O75822	sp|O75822|EIF3J_HUMAN Eukaryotic translation initiation factor 3 subunit J OS=Homo sapiens OX=9606 GN=EIF3J PE=1 SV=2	258
O95336	sp|O95336|6PGL_HUMAN 6-phosphogluconolactonase OS=Homo sapiens OX=9606 GN=PGLS PE=1 SV=2	258
Q9UKY7	sp|Q9UKY7|CDV3_HUMAN Protein CDV3 homolog OS=Homo sapiens OX=9606 GN=CDV3 PE=1 SV=1	258
Q9H7V2	sp|Q9H7V2|SYNG1_HUMAN Synapse differentiation-inducing gene protein 1 OS=Homo sapiens OX=9606 GN=SYNDIG1 PE=1 SV=1	258
O75973	sp|O75973|C1QRF_HUMAN C1q-related factor OS=Homo sapiens OX=9606 GN=C1QL1 PE=1 SV=1	258
P22692	sp|P22692|IBP4_HUMAN Insulin-like growth factor-binding protein 4 OS=Homo sapiens OX=9606 GN=IGFBP4 PE=1 SV=2	258
Q8TBF5	sp|Q8TBF5|PIGX_HUMAN GPI alpha-1,4-mannosyltransferase I, stabilizing subunit OS=Homo sapiens OX=9606 GN=PIGX PE=1 SV=3	258
Q96K19	sp|Q96K19|RN170_HUMAN E3 ubiquitin-protein ligase RNF170 OS=Homo sapiens OX=9606 GN=RNF170 PE=1 SV=2	258
Q5JUX0	sp|Q5JUX0|SPIN3_HUMAN Spindlin-3 OS=Homo sapiens OX=9606 GN=SPIN3 PE=1 SV=1	258
Q16563	sp|Q16563|SYPL1_HUMAN Synaptophysin-like protein 1 OS=Homo sapiens OX=9606 GN=SYPL1 PE=1 SV=1	259
Q9NZ43	sp|Q9NZ43|USE1_HUMAN Vesicle transport protein USE1 OS=Homo sapiens OX=9606 GN=USE1 PE=1 SV=2	259
Q53HI1	sp|Q53HI1|UNC50_HUMAN Protein unc-50 homolog OS=Homo sapiens OX=9606 GN=UNC50 PE=1 SV=2	259
P07738	sp|P07738|PMGE_HUMAN Bisphosphoglycerate mutase OS=Homo sapiens OX=9606 GN=BPGM PE=1 SV=2	259
O96011	sp|O96011|PX11B_HUMAN Peroxisomal membrane protein 11B OS=Homo sapiens OX=9606 GN=PEX11B PE=1 SV=1	259
Q8N2K1	sp|Q8N2K1|UB2J2_HUMAN Ubiquitin-conjugating enzyme E2 J2 OS=Homo sapiens OX=9606 GN=UBE2J2 PE=1 SV=3	259
Q6IPR3	sp|Q6IPR3|TYW3_HUMAN tRNA wybutosine-synthesizing protein 3 homolog OS=Homo sapiens OX=9606 GN=TYW3 PE=1 SV=2	259
Q8WVF5	sp|Q8WVF5|KCTD4_HUMAN BTB/POZ domain-containing protein KCTD4 OS=Homo sapiens OX=9606 GN=KCTD4 PE=1 SV=2	259
P00918	sp|P00918|CAH2_HUMAN Carbonic anhydrase 2 OS=Homo sapiens OX=9606 GN=CA2 PE=1 SV=2	260
O95478	sp|O95478|NSA2_HUMAN Ribosome biogenesis protein NSA2 homolog OS=Homo sapiens OX=9606 GN=NSA2 PE=1 SV=1	260
Q13145	sp|Q13145|BAMBI_HUMAN BMP and activin membrane-bound inhibitor homolog OS=Homo sapiens OX=9606 GN=BAMBI PE=1 SV=1	260
P20036	sp|P20036|DPA1_HUMAN HLA class II histocompatibility antigen, DP alpha 1 chain OS=Homo sapiens OX=9606 GN=HLA-DPA1 PE=1 SV=1	260
O60762	sp|O60762|DPM1_HUMAN Dolichol-phosphate mannosyltransferase subunit 1 OS=Homo sapiens OX=9606 GN=DPM1 PE=1 SV=1	260
Q6PL45	sp|Q6PL45|BRID5_HUMAN BRICHOS domain-containing protein 5 OS=Homo sapiens OX=9606 GN=BRICD5 PE=1 SV=3	260
P27707	sp|P27707|DCK_HUMAN Deoxycytidine kinase OS=Homo sapiens OX=9606 GN=DCK PE=1 SV=1	260
Q9BUB7	sp|Q9BUB7|TMM70_HUMAN Transmembrane protein 70, mitochondrial OS=Homo sapiens OX=9606 GN=TMEM70 PE=1 SV=2	260
Q6UWP2	sp|Q6UWP2|DHR11_HUMAN Dehydrogenase/reductase SDR family member 11 OS=Homo sapiens OX=9606 GN=DHRS11 PE=1 SV=1	260
Q9UHY7	sp|Q9UHY7|ENOPH_HUMAN Enolase-phosphatase E1 OS=Homo sapiens OX=9606 GN=ENOPH1 PE=1 SV=1	261
P25789	sp|P25789|PSA4_HUMAN Proteasome subunit alpha type-4 OS=Homo sapiens OX=9606 GN=PSMA4 PE=1 SV=1	261
P30040	sp|P30040|ERP29_HUMAN Endoplasmic reticulum resident protein 29 OS=Homo sapiens OX=9606 GN=ERP29 PE=1 SV=4	261
Q99714	sp|Q99714|HCD2_HUMAN 3-hydroxyacyl-CoA dehydrogenase type-2 OS=Homo sapiens OX=9606 GN=HSD17B10 PE=1 SV=3	261
P28067	sp|P28067|DMA_HUMAN HLA class II histocompatibility antigen, DM alpha chain OS=Homo sapiens OX=9606 GN=HLA-DMA PE=1 SV=2	261
P12004	sp|P12004|PCNA_HUMAN DNA sliding clamp PCNA OS=Homo sapiens OX=9606 GN=PCNA PE=1 SV=1	261
Q9GZU7	sp|Q9GZU7|CTDS1_HUMAN Carboxy-terminal domain RNA polymerase II polypeptide A small phosphatase 1 OS=Homo sapiens OX=9606 GN=CTDSP1 PE=1 SV=1	261
O15400	sp|O15400|STX7_HUMAN Syntaxin-7 OS=Homo sapiens OX=9606 GN=STX7 PE=1 SV=4	261
P17861	sp|P17861|XBP1_HUMAN X-box-binding protein 1 OS=Homo sapiens OX=9606 GN=XBP1 PE=1 SV=2	261
Q14847	sp|Q14847|LASP1_HUMAN LIM and SH3 domain protein 1 OS=Homo sapiens OX=9606 GN=LASP1 PE=1 SV=2	261
Q6NS38	sp|Q6NS38|ALKB2_HUMAN DNA oxidative demethylase ALKBH2 OS=Homo sapiens OX=9606 GN=ALKBH2 PE=1 SV=1	261
Q9P0I2	sp|Q9P0I2|EMC3_HUMAN ER membrane protein complex subunit 3 OS=Homo sapiens OX=9606 GN=EMC3 PE=1 SV=3	261
Q9BXU9	sp|Q9BXU9|CABP8_HUMAN Calcium-binding protein 8 OS=Homo sapiens OX=9606 GN=CALN1 PE=1 SV=2	261
Q92506	sp|Q92506|DHB8_HUMAN (3R)-3-hydroxyacyl-CoA dehydrogenase OS=Homo sapiens OX=9606 GN=HSD17B8 PE=1 SV=2	261
Q9NVS9	sp|Q9NVS9|PNPO_HUMAN Pyridoxine-5'-phosphate oxidase OS=Homo sapiens OX=9606 GN=PNPO PE=1 SV=1	261
P35270	sp|P35270|SPRE_HUMAN Sepiapterin reductase OS=Homo sapiens OX=9606 GN=SPR PE=1 SV=1	261
Q96PM5	sp|Q96PM5|ZN363_HUMAN RING finger and CHY zinc finger domain-containing protein 1 OS=Homo sapiens OX=9606 GN=RCHY1 PE=1 SV=1	261
Q14656	sp|Q14656|TM187_HUMAN Transmembrane protein 187 OS=Homo sapiens OX=9606 GN=TMEM187 PE=1 SV=1	261
Q9BZX2	sp|Q9BZX2|UCK2_HUMAN Uridine-cytidine kinase 2 OS=Homo sapiens OX=9606 GN=UCK2 PE=1 SV=1	261
Q9ULC0	sp|Q9ULC0|MUCEN_HUMAN Endomucin OS=Homo sapiens OX=9606 GN=EMCN PE=1 SV=2	261
Q13571	sp|Q13571|LAPM5_HUMAN Lysosomal-associated transmembrane protein 5 OS=Homo sapiens OX=9606 GN=LAPTM5 PE=1 SV=1	262
Q8TCZ2	sp|Q8TCZ2|C99L2_HUMAN CD99 antigen-like protein 2 OS=Homo sapiens OX=9606 GN=CD99L2 PE=1 SV=1	262
Q5UCC4	sp|Q5UCC4|EMC10_HUMAN ER membrane protein complex subunit 10 OS=Homo sapiens OX=9606 GN=EMC10 PE=1 SV=1	262
Q9Y657	sp|Q9Y657|SPIN1_HUMAN Spindlin-1 OS=Homo sapiens OX=9606 GN=SPIN1 PE=1 SV=3	262
Q92871	sp|Q92871|PMM1_HUMAN Phosphomannomutase 1 OS=Homo sapiens OX=9606 GN=PMM1 PE=1 SV=2	262
Q16635	sp|Q16635|TAZ_HUMAN Tafazzin OS=Homo sapiens OX=9606 GN=TAFAZZIN PE=1 SV=2	262
P62701	sp|P62701|RS4X_HUMAN Small ribosomal subunit protein eS4, X isoform OS=Homo sapiens OX=9606 GN=RPS4X PE=1 SV=2	263
P28074	sp|P28074|PSB5_HUMAN Proteasome subunit beta type-5 OS=Homo sapiens OX=9606 GN=PSMB5 PE=1 SV=3	263
O43736	sp|O43736|ITM2A_HUMAN Integral membrane protein 2A OS=Homo sapiens OX=9606 GN=ITM2A PE=1 SV=2	263
P25786	sp|P25786|PSA1_HUMAN Proteasome subunit alpha type-1 OS=Homo sapiens OX=9606 GN=PSMA1 PE=1 SV=1	263
Q96FE7	sp|Q96FE7|P3IP1_HUMAN Phosphoinositide-3-kinase-interacting protein 1 OS=Homo sapiens OX=9606 GN=PIK3IP1 PE=1 SV=2	263
P28068	sp|P28068|DMB_HUMAN HLA class II histocompatibility antigen, DM beta chain OS=Homo sapiens OX=9606 GN=HLA-DMB PE=1 SV=2	263
B0FP48	sp|B0FP48|UPK3L_HUMAN Uroplakin-3b-like protein 1 OS=Homo sapiens OX=9606 GN=UPK3BL1 PE=2 SV=1	263
E5RIL1	sp|E5RIL1|UPKL2_HUMAN Uroplakin-3b-like protein 2 OS=Homo sapiens OX=9606 GN=UPK3BL2 PE=3 SV=2	263
Q8N966	sp|Q8N966|ZDH22_HUMAN Palmitoyltransferase ZDHHC22 OS=Homo sapiens OX=9606 GN=ZDHHC22 PE=1 SV=2	263
P61247	sp|P61247|RS3A_HUMAN Small ribosomal subunit protein eS1 OS=Homo sapiens OX=9606 GN=RPS3A PE=1 SV=2	264
P28070	sp|P28070|PSB4_HUMAN Proteasome subunit beta type-4 OS=Homo sapiens OX=9606 GN=PSMB4 PE=1 SV=4	264
O75489	sp|O75489|NDUS3_HUMAN NADH dehydrogenase [ubiquinone] iron-sulfur protein 3, mitochondrial OS=Homo sapiens OX=9606 GN=NDUFS3 PE=1 SV=1	264
Q16594	sp|Q16594|TAF9_HUMAN Transcription initiation factor TFIID subunit 9 OS=Homo sapiens OX=9606 GN=TAF9 PE=1 SV=1	264
Q96HV5	sp|Q96HV5|TM41A_HUMAN Transmembrane protein 41A OS=Homo sapiens OX=9606 GN=TMEM41A PE=1 SV=1	264
Q8NEB5	sp|Q8NEB5|PLPP5_HUMAN Phospholipid phosphatase 5 OS=Homo sapiens OX=9606 GN=PLPP5 PE=1 SV=2	264
Q13491	sp|Q13491|GPM6B_HUMAN Neuronal membrane glycoprotein M6-b OS=Homo sapiens OX=9606 GN=GPM6B PE=1 SV=2	265
Q96BI3	sp|Q96BI3|APH1A_HUMAN Gamma-secretase subunit APH-1A OS=Homo sapiens OX=9606 GN=APH1A PE=1 SV=1	265
P10746	sp|P10746|HEM4_HUMAN Uroporphyrinogen-III synthase OS=Homo sapiens OX=9606 GN=UROS PE=1 SV=1	265
Q8NC54	sp|Q8NC54|KCT2_HUMAN Keratinocyte-associated transmembrane protein 2 OS=Homo sapiens OX=9606 GN=KCT2 PE=1 SV=2	265
O00142	sp|O00142|KITM_HUMAN Thymidine kinase 2, mitochondrial OS=Homo sapiens OX=9606 GN=TK2 PE=1 SV=4	265
Q9H5J4	sp|Q9H5J4|ELOV6_HUMAN Very long chain fatty acid elongase 6 OS=Homo sapiens OX=9606 GN=ELOVL6 PE=1 SV=1	265
Q8TBG9	sp|Q8TBG9|SYNPR_HUMAN Synaptoporin OS=Homo sapiens OX=9606 GN=SYNPR PE=1 SV=1	265
P62424	sp|P62424|RL7A_HUMAN Large ribosomal subunit protein eL8 OS=Homo sapiens OX=9606 GN=RPL7A PE=1 SV=2	266
Q9Y287	sp|Q9Y287|ITM2B_HUMAN Integral membrane protein 2B OS=Homo sapiens OX=9606 GN=ITM2B PE=1 SV=1	266
P01911	sp|P01911|DRB1_HUMAN HLA class II histocompatibility antigen, DRB1 beta chain OS=Homo sapiens OX=9606 GN=HLA-DRB1 PE=1 SV=2	266
Q8WV22	sp|Q8WV22|NSE1_HUMAN Non-structural maintenance of chromosomes element 1 homolog OS=Homo sapiens OX=9606 GN=NSMCE1 PE=1 SV=5	266
Q30154	sp|Q30154|DRB5_HUMAN HLA class II histocompatibility antigen, DR beta 5 chain OS=Homo sapiens OX=9606 GN=HLA-DRB5 PE=1 SV=1	266
Q0PNE2	sp|Q0PNE2|ELP6_HUMAN Elongator complex protein 6 OS=Homo sapiens OX=9606 GN=ELP6 PE=1 SV=1	266
Q6UX65	sp|Q6UX65|DRAM2_HUMAN DNA damage-regulated autophagy modulator protein 2 OS=Homo sapiens OX=9606 GN=DRAM2 PE=1 SV=1	266
Q9NYN1	sp|Q9NYN1|RASLC_HUMAN Ras-like protein family member 12 OS=Homo sapiens OX=9606 GN=RASL12 PE=1 SV=1	266
O43819	sp|O43819|SCO2_HUMAN Cytochrome c oxidase assembly factor SCO2 OS=Homo sapiens OX=9606 GN=SCO2 PE=1 SV=3	266
P48060	sp|P48060|GLIP1_HUMAN Glioma pathogenesis-related protein 1 OS=Homo sapiens OX=9606 GN=GLIPR1 PE=1 SV=3	266
Q9NQX7	sp|Q9NQX7|ITM2C_HUMAN Integral membrane protein 2C OS=Homo sapiens OX=9606 GN=ITM2C PE=1 SV=1	267
P27701	sp|P27701|CD82_HUMAN CD82 antigen OS=Homo sapiens OX=9606 GN=CD82 PE=1 SV=1	267
P01210	sp|P01210|PENK_HUMAN Proenkephalin-A OS=Homo sapiens OX=9606 GN=PENK PE=1 SV=1	267
Q96GR4	sp|Q96GR4|ZDH12_HUMAN Palmitoyltransferase ZDHHC12 OS=Homo sapiens OX=9606 GN=ZDHHC12 PE=1 SV=2	267
Q9NUN7	sp|Q9NUN7|ACER3_HUMAN Alkaline ceramidase 3 OS=Homo sapiens OX=9606 GN=ACER3 PE=1 SV=3	267
Q7L8W6	sp|Q7L8W6|DPH6_HUMAN Diphthine--ammonia ligase OS=Homo sapiens OX=9606 GN=DPH6 PE=1 SV=3	267
P04632	sp|P04632|CPNS1_HUMAN Calpain small subunit 1 OS=Homo sapiens OX=9606 GN=CAPNS1 PE=1 SV=1	268
Q15691	sp|Q15691|MARE1_HUMAN Microtubule-associated protein RP/EB family member 1 OS=Homo sapiens OX=9606 GN=MAPRE1 PE=1 SV=3	268
P62079	sp|P62079|TSN5_HUMAN Tetraspanin-5 OS=Homo sapiens OX=9606 GN=TSPAN5 PE=1 SV=1	268
Q96G25	sp|Q96G25|MED8_HUMAN Mediator of RNA polymerase II transcription subunit 8 OS=Homo sapiens OX=9606 GN=MED8 PE=1 SV=2	268
P78346	sp|P78346|RPP30_HUMAN Ribonuclease P protein subunit p30 OS=Homo sapiens OX=9606 GN=RPP30 PE=1 SV=1	268
Q8NC06	sp|Q8NC06|ACBD4_HUMAN Acyl-CoA-binding domain-containing protein 4 OS=Homo sapiens OX=9606 GN=ACBD4 PE=1 SV=2	268
P53701	sp|P53701|CCHL_HUMAN Holocytochrome c-type synthase OS=Homo sapiens OX=9606 GN=HCCS PE=1 SV=1	268
P29972	sp|P29972|AQP1_HUMAN Aquaporin-1 OS=Homo sapiens OX=9606 GN=AQP1 PE=1 SV=3	269
Q96G27	sp|Q96G27|WBP1_HUMAN WW domain-binding protein 1 OS=Homo sapiens OX=9606 GN=WBP1 PE=1 SV=1	269
O15260	sp|O15260|SURF4_HUMAN Surfeit locus protein 4 OS=Homo sapiens OX=9606 GN=SURF4 PE=1 SV=3	269
O95297	sp|O95297|MPZL1_HUMAN Myelin protein zero-like protein 1 OS=Homo sapiens OX=9606 GN=MPZL1 PE=1 SV=1	269
O95639	sp|O95639|CPSF4_HUMAN Cleavage and polyadenylation specificity factor subunit 4 OS=Homo sapiens OX=9606 GN=CPSF4 PE=1 SV=1	269
P01584	sp|P01584|IL1B_HUMAN Interleukin-1 beta OS=Homo sapiens OX=9606 GN=IL1B PE=1 SV=2	269
Q9H008	sp|Q9H008|LHPP_HUMAN Phospholysine phosphohistidine inorganic pyrophosphate phosphatase OS=Homo sapiens OX=9606 GN=LHPP PE=1 SV=2	270
Q3YBM2	sp|Q3YBM2|T176B_HUMAN Transmembrane protein 176B OS=Homo sapiens OX=9606 GN=TMEM176B PE=1 SV=2	270
P15927	sp|P15927|RFA2_HUMAN Replication protein A 32 kDa subunit OS=Homo sapiens OX=9606 GN=RPA2 PE=1 SV=1	270
Q96SZ5	sp|Q96SZ5|AEDO_HUMAN 2-aminoethanethiol dioxygenase OS=Homo sapiens OX=9606 GN=ADO PE=1 SV=2	270
A5PLL7	sp|A5PLL7|PEDS1_HUMAN Plasmanylethanolamine desaturase 1 OS=Homo sapiens OX=9606 GN=PEDS1 PE=1 SV=3	270
Q8NG11	sp|Q8NG11|TSN14_HUMAN Tetraspanin-14 OS=Homo sapiens OX=9606 GN=TSPAN14 PE=1 SV=1	270
Q8IY49	sp|Q8IY49|PAQRA_HUMAN Monocyte to macrophage differentiation factor 2 OS=Homo sapiens OX=9606 GN=MMD2 PE=1 SV=2	270
P17947	sp|P17947|SPI1_HUMAN Transcription factor PU.1 OS=Homo sapiens OX=9606 GN=SPI1 PE=1 SV=2	270
Q9BPX1	sp|Q9BPX1|DHB14_HUMAN L-fucose dehydrogenase OS=Homo sapiens OX=9606 GN=HSD17B14 PE=1 SV=1	270
Q9Y478	sp|Q9Y478|AAKB1_HUMAN 5'-AMP-activated protein kinase subunit beta-1 OS=Homo sapiens OX=9606 GN=PRKAB1 PE=1 SV=4	270
Q9NS61	sp|Q9NS61|KCIP2_HUMAN A-type potassium channel modulatory protein KCNIP2 OS=Homo sapiens OX=9606 GN=KCNIP2 PE=1 SV=3	270
Q96FV3	sp|Q96FV3|TSN17_HUMAN Tetraspanin-17 OS=Homo sapiens OX=9606 GN=TSPAN17 PE=1 SV=2	270
Q99967	sp|Q99967|CITE2_HUMAN Cbp/p300-interacting transactivator 2 OS=Homo sapiens OX=9606 GN=CITED2 PE=1 SV=2	270
O00124	sp|O00124|UBXN8_HUMAN UBX domain-containing protein 8 OS=Homo sapiens OX=9606 GN=UBXN8 PE=1 SV=2	270
P21964	sp|P21964|COMT_HUMAN Catechol O-methyltransferase OS=Homo sapiens OX=9606 GN=COMT PE=1 SV=2	271
Q96FW1	sp|Q96FW1|OTUB1_HUMAN Ubiquitin thioesterase OTUB1 OS=Homo sapiens OX=9606 GN=OTUB1 PE=1 SV=2	271
Q13162	sp|Q13162|PRDX4_HUMAN Peroxiredoxin-4 OS=Homo sapiens OX=9606 GN=PRDX4 PE=1 SV=1	271
O14595	sp|O14595|CTDS2_HUMAN Carboxy-terminal domain RNA polymerase II polypeptide A small phosphatase 2 OS=Homo sapiens OX=9606 GN=CTDSP2 PE=1 SV=2	271
Q9BUJ0	sp|Q9BUJ0|ABHEA_HUMAN Protein ABHD14A OS=Homo sapiens OX=9606 GN=ABHD14A PE=1 SV=2	271
Q8IUW5	sp|Q8IUW5|RELL1_HUMAN RELT-like protein 1 OS=Homo sapiens OX=9606 GN=RELL1 PE=1 SV=1	271
Q9H2C2	sp|Q9H2C2|ARV1_HUMAN Protein ARV1 OS=Homo sapiens OX=9606 GN=ARV1 PE=1 SV=1	271
P22676	sp|P22676|CALB2_HUMAN Calretinin OS=Homo sapiens OX=9606 GN=CALB2 PE=1 SV=2	271
Q8N2U9	sp|Q8N2U9|S66A2_HUMAN Solute carrier family 66 member 2 OS=Homo sapiens OX=9606 GN=SLC66A2 PE=1 SV=1	271
Q9Y5M8	sp|Q9Y5M8|SRPRB_HUMAN Signal recognition particle receptor subunit beta OS=Homo sapiens OX=9606 GN=SRPRB PE=1 SV=3	271
Q8NBV4	sp|Q8NBV4|PLPP7_HUMAN Inactive phospholipid phosphatase 7 OS=Homo sapiens OX=9606 GN=PLPP7 PE=1 SV=1	271
Q86TG1	sp|Q86TG1|T150A_HUMAN Transmembrane protein 150A OS=Homo sapiens OX=9606 GN=TMEM150A PE=1 SV=1	271
Q8IY95	sp|Q8IY95|TM192_HUMAN Transmembrane protein 192 OS=Homo sapiens OX=9606 GN=TMEM192 PE=1 SV=1	271
P47756	sp|P47756|CAPZB_HUMAN F-actin-capping protein subunit beta OS=Homo sapiens OX=9606 GN=CAPZB PE=1 SV=5	272
P35232	sp|P35232|PHB1_HUMAN Prohibitin 1 OS=Homo sapiens OX=9606 GN=PHB1 PE=1 SV=1	272
P24593	sp|P24593|IBP5_HUMAN Insulin-like growth factor-binding protein 5 OS=Homo sapiens OX=9606 GN=IGFBP5 PE=1 SV=1	272
O43741	sp|O43741|AAKB2_HUMAN 5'-AMP-activated protein kinase subunit beta-2 OS=Homo sapiens OX=9606 GN=PRKAB2 PE=1 SV=1	272
O95992	sp|O95992|CH25H_HUMAN Cholesterol 25-hydroxylase OS=Homo sapiens OX=9606 GN=CH25H PE=1 SV=1	272
Q8N4S7	sp|Q8N4S7|PAQR4_HUMAN Progestin and adipoQ receptor family member 4 OS=Homo sapiens OX=9606 GN=PAQR4 PE=1 SV=3	273
P78380	sp|P78380|OLR1_HUMAN Oxidized low-density lipoprotein receptor 1 OS=Homo sapiens OX=9606 GN=OLR1 PE=1 SV=1	273
Q9NTM9	sp|Q9NTM9|CUTC_HUMAN Copper homeostasis protein cutC homolog OS=Homo sapiens OX=9606 GN=CUTC PE=1 SV=1	273
P40306	sp|P40306|PSB10_HUMAN Proteasome subunit beta type-10 OS=Homo sapiens OX=9606 GN=PSMB10 PE=1 SV=1	273
Q96D96	sp|Q96D96|HVCN1_HUMAN Voltage-gated hydrogen channel 1 OS=Homo sapiens OX=9606 GN=HVCN1 PE=1 SV=1	273
Q86UD1	sp|Q86UD1|OAF_HUMAN Out at first protein homolog OS=Homo sapiens OX=9606 GN=OAF PE=1 SV=1	273
P15559	sp|P15559|NQO1_HUMAN NAD(P)H dehydrogenase [quinone] 1 OS=Homo sapiens OX=9606 GN=NQO1 PE=1 SV=1	274
Q9H0E2	sp|Q9H0E2|TOLIP_HUMAN Toll-interacting protein OS=Homo sapiens OX=9606 GN=TOLLIP PE=1 SV=1	274
P47985	sp|P47985|UCRI_HUMAN Cytochrome b-c1 complex subunit Rieske, mitochondrial OS=Homo sapiens OX=9606 GN=UQCRFS1 PE=1 SV=2	274
O14618	sp|O14618|CCS_HUMAN Copper chaperone for superoxide dismutase OS=Homo sapiens OX=9606 GN=CCS PE=1 SV=1	274
Q70HW3	sp|Q70HW3|SAMC_HUMAN Mitochondrial S-adenosylmethionine carrier protein OS=Homo sapiens OX=9606 GN=SLC25A26 PE=1 SV=2	274
Q71RH2	sp|Q71RH2|TLC3B_HUMAN Ceramide synthase OS=Homo sapiens OX=9606 GN=TLCD3B PE=1 SV=1	274
Q8TB68	sp|Q8TB68|PRR7_HUMAN Proline-rich protein 7 OS=Homo sapiens OX=9606 GN=PRR7 PE=1 SV=1	274
Q9NUM4	sp|Q9NUM4|T106B_HUMAN Transmembrane protein 106B OS=Homo sapiens OX=9606 GN=TMEM106B PE=1 SV=2	274
P62955	sp|P62955|CCG7_HUMAN Voltage-dependent calcium channel gamma-7 subunit OS=Homo sapiens OX=9606 GN=CACNG7 PE=1 SV=1	275
P13598	sp|P13598|ICAM2_HUMAN Intercellular adhesion molecule 2 OS=Homo sapiens OX=9606 GN=ICAM2 PE=1 SV=2	275
Q9H1Y0	sp|Q9H1Y0|ATG5_HUMAN Autophagy protein 5 OS=Homo sapiens OX=9606 GN=ATG5 PE=1 SV=2	275
Q86Y82	sp|Q86Y82|STX12_HUMAN Syntaxin-12 OS=Homo sapiens OX=9606 GN=STX12 PE=1 SV=1	276
Q6BCY4	sp|Q6BCY4|NB5R2_HUMAN NADH-cytochrome b5 reductase 2 OS=Homo sapiens OX=9606 GN=CYB5R2 PE=1 SV=1	276
P28062	sp|P28062|PSB8_HUMAN Proteasome subunit beta type-8 OS=Homo sapiens OX=9606 GN=PSMB8 PE=1 SV=3	276
Q8TDQ7	sp|Q8TDQ7|GNPI2_HUMAN Glucosamine-6-phosphate deaminase 2 OS=Homo sapiens OX=9606 GN=GNPDA2 PE=1 SV=1	276
O15194	sp|O15194|CTDSL_HUMAN CTD small phosphatase-like protein OS=Homo sapiens OX=9606 GN=CTDSPL PE=1 SV=2	276
Q9Y6N1	sp|Q9Y6N1|COX11_HUMAN Cytochrome c oxidase assembly protein COX11, mitochondrial OS=Homo sapiens OX=9606 GN=COX11 PE=1 SV=3	276
Q9UBP6	sp|Q9UBP6|TRMB_HUMAN tRNA (guanine-N(7)-)-methyltransferase OS=Homo sapiens OX=9606 GN=METTL1 PE=1 SV=1	276
P60201	sp|P60201|MYPR_HUMAN Myelin proteolipid protein OS=Homo sapiens OX=9606 GN=PLP1 PE=1 SV=2	277
P16152	sp|P16152|CBR1_HUMAN Carbonyl reductase [NADPH] 1 OS=Homo sapiens OX=9606 GN=CBR1 PE=1 SV=3	277
Q99436	sp|Q99436|PSB7_HUMAN Proteasome subunit beta type-7 OS=Homo sapiens OX=9606 GN=PSMB7 PE=1 SV=1	277
O15503	sp|O15503|INSI1_HUMAN Insulin-induced gene 1 protein OS=Homo sapiens OX=9606 GN=INSIG1 PE=1 SV=3	277
Q16740	sp|Q16740|CLPP_HUMAN ATP-dependent Clp protease proteolytic subunit, mitochondrial OS=Homo sapiens OX=9606 GN=CLPP PE=1 SV=1	277
P20645	sp|P20645|MPRD_HUMAN Cation-dependent mannose-6-phosphate receptor OS=Homo sapiens OX=9606 GN=M6PR PE=1 SV=1	277
Q9HA47	sp|Q9HA47|UCK1_HUMAN Uridine-cytidine kinase 1 OS=Homo sapiens OX=9606 GN=UCK1 PE=1 SV=1	277
Q5T013	sp|Q5T013|HYI_HUMAN Putative hydroxypyruvate isomerase OS=Homo sapiens OX=9606 GN=HYI PE=1 SV=2	277
Q16854	sp|Q16854|DGUOK_HUMAN Deoxyguanosine kinase, mitochondrial OS=Homo sapiens OX=9606 GN=DGUOK PE=1 SV=2	277
Q9NPC3	sp|Q9NPC3|CIP1_HUMAN E3 ubiquitin-protein ligase CCNB1IP1 OS=Homo sapiens OX=9606 GN=CCNB1IP1 PE=1 SV=1	277
Q86T03	sp|Q86T03|PP4P1_HUMAN Type 1 phosphatidylinositol 4,5-bisphosphate 4-phosphatase OS=Homo sapiens OX=9606 GN=PIP4P1 PE=1 SV=1	277
P29218	sp|P29218|IMPA1_HUMAN Inositol monophosphatase 1 OS=Homo sapiens OX=9606 GN=IMPA1 PE=1 SV=1	277
Q15404	sp|Q15404|RSU1_HUMAN Ras suppressor protein 1 OS=Homo sapiens OX=9606 GN=RSU1 PE=1 SV=3	277
P42574	sp|P42574|CASP3_HUMAN Caspase-3 OS=Homo sapiens OX=9606 GN=CASP3 PE=1 SV=2	277
Q6P2H8	sp|Q6P2H8|TMM53_HUMAN Transmembrane protein 53 OS=Homo sapiens OX=9606 GN=TMEM53 PE=1 SV=1	277
O75828	sp|O75828|CBR3_HUMAN Carbonyl reductase [NADPH] 3 OS=Homo sapiens OX=9606 GN=CBR3 PE=1 SV=3	277
P51674	sp|P51674|GPM6A_HUMAN Neuronal membrane glycoprotein M6-a OS=Homo sapiens OX=9606 GN=GPM6A PE=1 SV=2	278
Q9BTZ2	sp|Q9BTZ2|DHRS4_HUMAN Dehydrogenase/reductase SDR family member 4 OS=Homo sapiens OX=9606 GN=DHRS4 PE=1 SV=3	278
P41217	sp|P41217|OX2G_HUMAN OX-2 membrane glycoprotein OS=Homo sapiens OX=9606 GN=CD200 PE=1 SV=4	278
O15120	sp|O15120|PLCB_HUMAN 1-acyl-sn-glycerol-3-phosphate acyltransferase beta OS=Homo sapiens OX=9606 GN=AGPAT2 PE=1 SV=1	278
Q9NX47	sp|Q9NX47|MARH5_HUMAN E3 ubiquitin-protein ligase MARCHF5 OS=Homo sapiens OX=9606 GN=MARCHF5 PE=1 SV=1	278
Q9H5J8	sp|Q9H5J8|TAF1D_HUMAN TATA box-binding protein-associated factor RNA polymerase I subunit D OS=Homo sapiens OX=9606 GN=TAF1D PE=1 SV=1	278
Q9BW60	sp|Q9BW60|ELOV1_HUMAN Very long chain fatty acid elongase 1 OS=Homo sapiens OX=9606 GN=ELOVL1 PE=1 SV=1	279
P54709	sp|P54709|AT1B3_HUMAN Sodium/potassium-transporting ATPase subunit beta-3 OS=Homo sapiens OX=9606 GN=ATP1B3 PE=1 SV=1	279
Q96LR9	sp|Q96LR9|APLD1_HUMAN Apolipoprotein L domain-containing protein 1 OS=Homo sapiens OX=9606 GN=APOLD1 PE=1 SV=2	279
Q96S99	sp|Q96S99|PKHF1_HUMAN Pleckstrin homology domain-containing family F member 1 OS=Homo sapiens OX=9606 GN=PLEKHF1 PE=1 SV=3	279
Q86U90	sp|Q86U90|YRDC_HUMAN Threonylcarbamoyl-AMP synthase OS=Homo sapiens OX=9606 GN=YRDC PE=1 SV=1	279
P21912	sp|P21912|SDHB_HUMAN Succinate dehydrogenase [ubiquinone] iron-sulfur subunit, mitochondrial OS=Homo sapiens OX=9606 GN=SDHB PE=1 SV=3	280
Q14469	sp|Q14469|HES1_HUMAN Transcription factor HES-1 OS=Homo sapiens OX=9606 GN=HES1 PE=1 SV=1	280
Q9UJQ1	sp|Q9UJQ1|LAMP5_HUMAN Lysosome-associated membrane glycoprotein 5 OS=Homo sapiens OX=9606 GN=LAMP5 PE=1 SV=1	280
Q9Y3A4	sp|Q9Y3A4|RRP7A_HUMAN Ribosomal RNA-processing protein 7 homolog A OS=Homo sapiens OX=9606 GN=RRP7A PE=1 SV=2	280
P29692	sp|P29692|EF1D_HUMAN Elongation factor 1-delta OS=Homo sapiens OX=9606 GN=EEF1D PE=1 SV=5	281
A1L3X0	sp|A1L3X0|ELOV7_HUMAN Very long chain fatty acid elongase 7 OS=Homo sapiens OX=9606 GN=ELOVL7 PE=1 SV=1	281
P11049	sp|P11049|CD37_HUMAN Leukocyte antigen CD37 OS=Homo sapiens OX=9606 GN=CD37 PE=1 SV=2	281
P50591	sp|P50591|TNF10_HUMAN Tumor necrosis factor ligand superfamily member 10 OS=Homo sapiens OX=9606 GN=TNFSF10 PE=1 SV=1	281
O75461	sp|O75461|E2F6_HUMAN Transcription factor E2F6 OS=Homo sapiens OX=9606 GN=E2F6 PE=1 SV=1	281
Q16270	sp|Q16270|IBP7_HUMAN Insulin-like growth factor-binding protein 7 OS=Homo sapiens OX=9606 GN=IGFBP7 PE=1 SV=1	282
P10768	sp|P10768|ESTD_HUMAN S-formylglutathione hydrolase OS=Homo sapiens OX=9606 GN=ESD PE=1 SV=2	282
Q07021	sp|Q07021|C1QBP_HUMAN Complement component 1 Q subcomponent-binding protein, mitochondrial OS=Homo sapiens OX=9606 GN=C1QBP PE=1 SV=1	282
P82970	sp|P82970|HMGN5_HUMAN High mobility group nucleosome-binding domain-containing protein 5 OS=Homo sapiens OX=9606 GN=HMGN5 PE=1 SV=1	282
P09012	sp|P09012|SNRPA_HUMAN U1 small nuclear ribonucleoprotein A OS=Homo sapiens OX=9606 GN=SNRPA PE=1 SV=3	282
Q9NPF0	sp|Q9NPF0|CD320_HUMAN CD320 antigen OS=Homo sapiens OX=9606 GN=CD320 PE=1 SV=1	282
Q8IYJ0	sp|Q8IYJ0|PIANP_HUMAN PILR alpha-associated neural protein OS=Homo sapiens OX=9606 GN=PIANP PE=1 SV=1	282
Q8IUQ4	sp|Q8IUQ4|SIAH1_HUMAN E3 ubiquitin-protein ligase SIAH1 OS=Homo sapiens OX=9606 GN=SIAH1 PE=1 SV=2	282
P11086	sp|P11086|PNMT_HUMAN Phenylethanolamine N-methyltransferase OS=Homo sapiens OX=9606 GN=PNMT PE=1 SV=1	282
P08034	sp|P08034|CXB1_HUMAN Gap junction beta-1 protein OS=Homo sapiens OX=9606 GN=GJB1 PE=1 SV=1	283
P21796	sp|P21796|VDAC1_HUMAN Non-selective voltage-gated ion channel VDAC1 OS=Homo sapiens OX=9606 GN=VDAC1 PE=1 SV=2	283
Q9Y277	sp|Q9Y277|VDAC3_HUMAN Non-selective voltage-gated ion channel VDAC3 OS=Homo sapiens OX=9606 GN=VDAC3 PE=1 SV=1	283
Q99943	sp|Q99943|PLCA_HUMAN 1-acyl-sn-glycerol-3-phosphate acyltransferase alpha OS=Homo sapiens OX=9606 GN=AGPAT1 PE=1 SV=2	283
Q8WV48	sp|Q8WV48|CC107_HUMAN Coiled-coil domain-containing protein 107 OS=Homo sapiens OX=9606 GN=CCDC107 PE=1 SV=2	283
Q92956	sp|Q92956|TNR14_HUMAN Tumor necrosis factor receptor superfamily member 14 OS=Homo sapiens OX=9606 GN=TNFRSF14 PE=1 SV=3	283
Q4V9L6	sp|Q4V9L6|TM119_HUMAN Transmembrane protein 119 OS=Homo sapiens OX=9606 GN=TMEM119 PE=1 SV=1	283
O14494	sp|O14494|PLPP1_HUMAN Phospholipid phosphatase 1 OS=Homo sapiens OX=9606 GN=PLPP1 PE=1 SV=1	284
P07951	sp|P07951|TPM2_HUMAN Tropomyosin beta chain OS=Homo sapiens OX=9606 GN=TPM2 PE=1 SV=1	284
P09493	sp|P09493|TPM1_HUMAN Tropomyosin alpha-1 chain OS=Homo sapiens OX=9606 GN=TPM1 PE=1 SV=2	284
Q9BPW8	sp|Q9BPW8|NIPS1_HUMAN Protein NipSnap homolog 1 OS=Homo sapiens OX=9606 GN=NIPSNAP1 PE=1 SV=1	284
O60725	sp|O60725|ICMT_HUMAN Protein-S-isoprenylcysteine O-methyltransferase OS=Homo sapiens OX=9606 GN=ICMT PE=1 SV=1	284
Q6UX98	sp|Q6UX98|ZDH24_HUMAN Probable palmitoyltransferase ZDHHC24 OS=Homo sapiens OX=9606 GN=ZDHHC24 PE=1 SV=1	284
P06753	sp|P06753|TPM3_HUMAN Tropomyosin alpha-3 chain OS=Homo sapiens OX=9606 GN=TPM3 PE=1 SV=2	285
O95865	sp|O95865|DDAH2_HUMAN Putative hydrolase DDAH2 OS=Homo sapiens OX=9606 GN=DDAH2 PE=1 SV=1	285
O94760	sp|O94760|DDAH1_HUMAN N(G),N(G)-dimethylarginine dimethylaminohydrolase 1 OS=Homo sapiens OX=9606 GN=DDAH1 PE=1 SV=3	285
Q9UIV1	sp|Q9UIV1|CNOT7_HUMAN CCR4-NOT transcription complex subunit 7 OS=Homo sapiens OX=9606 GN=CNOT7 PE=1 SV=3	285
Q9NPL8	sp|Q9NPL8|TIDC1_HUMAN Complex I assembly factor TIMMDC1, mitochondrial OS=Homo sapiens OX=9606 GN=TIMMDC1 PE=1 SV=2	285
Q9H2P9	sp|Q9H2P9|DPH5_HUMAN Diphthine methyl ester synthase OS=Homo sapiens OX=9606 GN=DPH5 PE=1 SV=2	285
P52907	sp|P52907|CAZA1_HUMAN F-actin-capping protein subunit alpha-1 OS=Homo sapiens OX=9606 GN=CAPZA1 PE=1 SV=3	286
Q53TN4	sp|Q53TN4|CYBR1_HUMAN Plasma membrane ascorbate-dependent reductase CYBRD1 OS=Homo sapiens OX=9606 GN=CYBRD1 PE=1 SV=1	286
P43307	sp|P43307|SSRA_HUMAN Translocon-associated protein subunit alpha OS=Homo sapiens OX=9606 GN=SSR1 PE=1 SV=3	286
Q9UBY8	sp|Q9UBY8|CLN8_HUMAN Protein CLN8 OS=Homo sapiens OX=9606 GN=CLN8 PE=1 SV=3	286
Q96Q83	sp|Q96Q83|ALKB3_HUMAN Alpha-ketoglutarate-dependent dioxygenase alkB homolog 3 OS=Homo sapiens OX=9606 GN=ALKBH3 PE=1 SV=1	286
O60930	sp|O60930|RNH1_HUMAN Ribonuclease H1 OS=Homo sapiens OX=9606 GN=RNASEH1 PE=1 SV=2	286
P47755	sp|P47755|CAZA2_HUMAN F-actin-capping protein subunit alpha-2 OS=Homo sapiens OX=9606 GN=CAPZA2 PE=1 SV=3	286
Q969W9	sp|Q969W9|PMEPA_HUMAN Protein TMEPAI OS=Homo sapiens OX=9606 GN=PMEPA1 PE=1 SV=1	287
Q6GTX8	sp|Q6GTX8|LAIR1_HUMAN Leukocyte-associated immunoglobulin-like receptor 1 OS=Homo sapiens OX=9606 GN=LAIR1 PE=1 SV=2	287
Q9UBX3	sp|Q9UBX3|DIC_HUMAN Mitochondrial dicarboxylate carrier OS=Homo sapiens OX=9606 GN=SLC25A10 PE=1 SV=2	287
Q15014	sp|Q15014|MO4L2_HUMAN Mortality factor 4-like protein 2 OS=Homo sapiens OX=9606 GN=MORF4L2 PE=1 SV=1	288
O43688	sp|O43688|PLPP2_HUMAN Phospholipid phosphatase 2 OS=Homo sapiens OX=9606 GN=PLPP2 PE=1 SV=1	288
Q8NCW5	sp|Q8NCW5|NNRE_HUMAN NAD(P)H-hydrate epimerase OS=Homo sapiens OX=9606 GN=NAXE PE=1 SV=2	288
P27105	sp|P27105|STOM_HUMAN Stomatin OS=Homo sapiens OX=9606 GN=STOM PE=1 SV=3	288
P09601	sp|P09601|HMOX1_HUMAN Heme oxygenase 1 OS=Homo sapiens OX=9606 GN=HMOX1 PE=1 SV=1	288
Q9Y2Y9	sp|Q9Y2Y9|KLF13_HUMAN Krueppel-like factor 13 OS=Homo sapiens OX=9606 GN=KLF13 PE=1 SV=1	288
Q5VST6	sp|Q5VST6|AB17B_HUMAN Alpha/beta hydrolase domain-containing protein 17B OS=Homo sapiens OX=9606 GN=ABHD17B PE=1 SV=1	288
P32856	sp|P32856|STX2_HUMAN Syntaxin-2 OS=Homo sapiens OX=9606 GN=STX2 PE=1 SV=3	288
P62995	sp|P62995|TRA2B_HUMAN Transformer-2 protein homolog beta OS=Homo sapiens OX=9606 GN=TRA2B PE=1 SV=1	288
P61266	sp|P61266|STX1B_HUMAN Syntaxin-1B OS=Homo sapiens OX=9606 GN=STX1B PE=1 SV=1	288
B0YJ81	sp|B0YJ81|HACD1_HUMAN Very-long-chain (3R)-3-hydroxyacyl-CoA dehydratase 1 OS=Homo sapiens OX=9606 GN=HACD1 PE=1 SV=1	288
P09038	sp|P09038|FGF2_HUMAN Fibroblast growth factor 2 OS=Homo sapiens OX=9606 GN=FGF2 PE=1 SV=3	288
Q15181	sp|Q15181|IPYR_HUMAN Inorganic pyrophosphatase OS=Homo sapiens OX=9606 GN=PPA1 PE=1 SV=2	289
O43396	sp|O43396|TXNL1_HUMAN Thioredoxin-like protein 1 OS=Homo sapiens OX=9606 GN=TXNL1 PE=1 SV=3	289
Q96MP8	sp|Q96MP8|KCTD7_HUMAN BTB/POZ domain-containing protein KCTD7 OS=Homo sapiens OX=9606 GN=KCTD7 PE=1 SV=1	289
P00491	sp|P00491|PNPH_HUMAN Purine nucleoside phosphorylase OS=Homo sapiens OX=9606 GN=PNP PE=1 SV=2	289
Q8TC26	sp|Q8TC26|TM163_HUMAN Transmembrane protein 163 OS=Homo sapiens OX=9606 GN=TMEM163 PE=1 SV=1	289
P46926	sp|P46926|GNPI1_HUMAN Glucosamine-6-phosphate deaminase 1 OS=Homo sapiens OX=9606 GN=GNPDA1 PE=1 SV=1	289
Q96FX7	sp|Q96FX7|TRM61_HUMAN tRNA (adenine(58)-N(1))-methyltransferase catalytic subunit TRMT61A OS=Homo sapiens OX=9606 GN=TRMT61A PE=1 SV=1	289
Q8TCQ1	sp|Q8TCQ1|MARH1_HUMAN E3 ubiquitin-protein ligase MARCHF1 OS=Homo sapiens OX=9606 GN=MARCHF1 PE=1 SV=1	289
Q13277	sp|Q13277|STX3_HUMAN Syntaxin-3 OS=Homo sapiens OX=9606 GN=STX3 PE=1 SV=3	289
Q96HS1	sp|Q96HS1|PGAM5_HUMAN Serine/threonine-protein phosphatase PGAM5, mitochondrial OS=Homo sapiens OX=9606 GN=PGAM5 PE=1 SV=2	289
Q92629	sp|Q92629|SGCD_HUMAN Delta-sarcoglycan OS=Homo sapiens OX=9606 GN=SGCD PE=1 SV=2	289
Q01105	sp|Q01105|SET_HUMAN Protein SET OS=Homo sapiens OX=9606 GN=SET PE=1 SV=3	290
P30084	sp|P30084|ECHM_HUMAN Enoyl-CoA hydratase, mitochondrial OS=Homo sapiens OX=9606 GN=ECHS1 PE=1 SV=4	290
P14415	sp|P14415|AT1B2_HUMAN Sodium/potassium-transporting ATPase subunit beta-2 OS=Homo sapiens OX=9606 GN=ATP1B2 PE=1 SV=3	290
O00625	sp|O00625|PIR_HUMAN Pirin OS=Homo sapiens OX=9606 GN=PIR PE=1 SV=1	290
Q969X5	sp|Q969X5|ERGI1_HUMAN Endoplasmic reticulum-Golgi intermediate compartment protein 1 OS=Homo sapiens OX=9606 GN=ERGIC1 PE=1 SV=1	290
Q5T0T0	sp|Q5T0T0|MARH8_HUMAN E3 ubiquitin-protein ligase MARCHF8 OS=Homo sapiens OX=9606 GN=MARCHF8 PE=1 SV=1	291
P17936	sp|P17936|IBP3_HUMAN Insulin-like growth factor-binding protein 3 OS=Homo sapiens OX=9606 GN=IGFBP3 PE=1 SV=2	291
Q6ZP29	sp|Q6ZP29|LAAT1_HUMAN Lysosomal amino acid transporter 1 homolog OS=Homo sapiens OX=9606 GN=SLC66A1 PE=1 SV=1	291
Q5BJD5	sp|Q5BJD5|TM41B_HUMAN Transmembrane protein 41B OS=Homo sapiens OX=9606 GN=TMEM41B PE=1 SV=1	291
Q9NVV0	sp|Q9NVV0|TM38B_HUMAN Trimeric intracellular cation channel type B OS=Homo sapiens OX=9606 GN=TMEM38B PE=1 SV=1	291
Q9H8T0	sp|Q9H8T0|AKTIP_HUMAN AKT-interacting protein OS=Homo sapiens OX=9606 GN=AKTIP PE=1 SV=1	292
Q9UFF9	sp|Q9UFF9|CNOT8_HUMAN CCR4-NOT transcription complex subunit 8 OS=Homo sapiens OX=9606 GN=CNOT8 PE=1 SV=1	292
P50876	sp|P50876|R144A_HUMAN E3 ubiquitin-protein ligase RNF144A OS=Homo sapiens OX=9606 GN=RNF144A PE=1 SV=2	292
P50135	sp|P50135|HNMT_HUMAN Histamine N-methyltransferase OS=Homo sapiens OX=9606 GN=HNMT PE=1 SV=1	292
P49406	sp|P49406|RM19_HUMAN Large ribosomal subunit protein bL19m OS=Homo sapiens OX=9606 GN=MRPL19 PE=1 SV=2	292
Q00535	sp|Q00535|CDK5_HUMAN Cyclin-dependent kinase 5 OS=Homo sapiens OX=9606 GN=CDK5 PE=1 SV=3	292
Q14165	sp|Q14165|MLEC_HUMAN Malectin OS=Homo sapiens OX=9606 GN=MLEC PE=1 SV=1	292
Q9NUI1	sp|Q9NUI1|DECR2_HUMAN Peroxisomal 2,4-dienoyl-CoA reductase [(3E)-enoyl-CoA-producing] OS=Homo sapiens OX=9606 GN=DECR2 PE=1 SV=1	292
P28845	sp|P28845|DHI1_HUMAN 11-beta-hydroxysteroid dehydrogenase 1 OS=Homo sapiens OX=9606 GN=HSD11B1 PE=1 SV=3	292
P15880	sp|P15880|RS2_HUMAN Small ribosomal subunit protein uS5 OS=Homo sapiens OX=9606 GN=RPS2 PE=1 SV=2	293
Q15800	sp|Q15800|MSMO1_HUMAN Methylsterol monooxygenase 1 OS=Homo sapiens OX=9606 GN=MSMO1 PE=1 SV=1	293
O95070	sp|O95070|YIF1A_HUMAN Protein YIF1A OS=Homo sapiens OX=9606 GN=YIF1A PE=1 SV=2	293
Q9P0N9	sp|Q9P0N9|TBCD7_HUMAN TBC1 domain family member 7 OS=Homo sapiens OX=9606 GN=TBC1D7 PE=1 SV=1	293
Q96E22	sp|Q96E22|NGBR_HUMAN Dehydrodolichyl diphosphate synthase complex subunit NUS1 OS=Homo sapiens OX=9606 GN=NUS1 PE=1 SV=1	293
Q8N6M0	sp|Q8N6M0|OTU6B_HUMAN Deubiquitinase OTUD6B OS=Homo sapiens OX=9606 GN=OTUD6B PE=1 SV=1	293
P45880	sp|P45880|VDAC2_HUMAN Non-selective voltage-gated ion channel VDAC2 OS=Homo sapiens OX=9606 GN=VDAC2 PE=1 SV=2	294
O95858	sp|O95858|TSN15_HUMAN Tetraspanin-15 OS=Homo sapiens OX=9606 GN=TSPAN15 PE=1 SV=1	294
Q16637	sp|Q16637|SMN_HUMAN Survival motor neuron protein OS=Homo sapiens OX=9606 GN=SMN1 PE=1 SV=1	294
O95873	sp|O95873|CF047_HUMAN Uncharacterized protein C6orf47 OS=Homo sapiens OX=9606 GN=C6orf47 PE=1 SV=2	294
Q86TL2	sp|Q86TL2|STIMA_HUMAN Store-operated calcium entry regulator STIMATE OS=Homo sapiens OX=9606 GN=STIMATE PE=1 SV=1	294
P08865	sp|P08865|RSSA_HUMAN Small ribosomal subunit protein uS2 OS=Homo sapiens OX=9606 GN=RPSA PE=1 SV=4	295
P51959	sp|P51959|CCNG1_HUMAN Cyclin-G1 OS=Homo sapiens OX=9606 GN=CCNG1 PE=1 SV=2	295
P13726	sp|P13726|TF_HUMAN Tissue factor OS=Homo sapiens OX=9606 GN=F3 PE=1 SV=1	295
P24385	sp|P24385|CCND1_HUMAN G1/S-specific cyclin-D1 OS=Homo sapiens OX=9606 GN=CCND1 PE=1 SV=1	295
Q9H1R2	sp|Q9H1R2|DUS15_HUMAN Dual specificity protein phosphatase 15 OS=Homo sapiens OX=9606 GN=DUSP15 PE=1 SV=4	295
P0DMM9	sp|P0DMM9|ST1A3_HUMAN Sulfotransferase 1A3 OS=Homo sapiens OX=9606 GN=SULT1A3 PE=1 SV=1	295
Q9NRY6	sp|Q9NRY6|PLS3_HUMAN Phospholipid scramblase 3 OS=Homo sapiens OX=9606 GN=PLSCR3 PE=1 SV=2	295
P50225	sp|P50225|ST1A1_HUMAN Sulfotransferase 1A1 OS=Homo sapiens OX=9606 GN=SULT1A1 PE=1 SV=3	295
Q9BRQ5	sp|Q9BRQ5|ORAI3_HUMAN Protein orai-3 OS=Homo sapiens OX=9606 GN=ORAI3 PE=1 SV=2	295
P04233	sp|P04233|HG2A_HUMAN HLA class II histocompatibility antigen gamma chain OS=Homo sapiens OX=9606 GN=CD74 PE=1 SV=3	296
Q9Y320	sp|Q9Y320|TMX2_HUMAN Thioredoxin-related transmembrane protein 2 OS=Homo sapiens OX=9606 GN=TMX2 PE=1 SV=1	296
P49069	sp|P49069|CAMLG_HUMAN Guided entry of tail-anchored proteins factor CAMLG OS=Homo sapiens OX=9606 GN=CAMLG PE=1 SV=1	296
Q96GD0	sp|Q96GD0|PLPP_HUMAN Chronophin OS=Homo sapiens OX=9606 GN=PDXP PE=1 SV=2	296
P53004	sp|P53004|BIEA_HUMAN Biliverdin reductase A OS=Homo sapiens OX=9606 GN=BLVRA PE=1 SV=2	296
Q9NXB9	sp|Q9NXB9|ELOV2_HUMAN Very long chain fatty acid elongase 2 OS=Homo sapiens OX=9606 GN=ELOVL2 PE=1 SV=2	296
Q9Y399	sp|Q9Y399|RT02_HUMAN Small ribosomal subunit protein uS2m OS=Homo sapiens OX=9606 GN=MRPS2 PE=1 SV=1	296
Q5XG99	sp|Q5XG99|LYSM4_HUMAN LysM and putative peptidoglycan-binding domain-containing protein 4 OS=Homo sapiens OX=9606 GN=LYSMD4 PE=1 SV=2	296
Q99836	sp|Q99836|MYD88_HUMAN Myeloid differentiation primary response protein MyD88 OS=Homo sapiens OX=9606 GN=MYD88 PE=1 SV=1	296
P46777	sp|P46777|RL5_HUMAN Large ribosomal subunit protein uL18 OS=Homo sapiens OX=9606 GN=RPL5 PE=1 SV=3	297
Q8NBL3	sp|Q8NBL3|T178A_HUMAN Transmembrane protein 178A OS=Homo sapiens OX=9606 GN=TMEM178A PE=1 SV=1	297
Q12846	sp|Q12846|STX4_HUMAN Syntaxin-4 OS=Homo sapiens OX=9606 GN=STX4 PE=1 SV=2	297
P25325	sp|P25325|THTM_HUMAN 3-mercaptopyruvate sulfurtransferase OS=Homo sapiens OX=9606 GN=MPST PE=1 SV=3	297
Q16762	sp|Q16762|THTR_HUMAN Thiosulfate sulfurtransferase OS=Homo sapiens OX=9606 GN=TST PE=1 SV=4	297
Q15006	sp|Q15006|EMC2_HUMAN ER membrane protein complex subunit 2 OS=Homo sapiens OX=9606 GN=EMC2 PE=1 SV=1	297
Q6P1N9	sp|Q6P1N9|TATD1_HUMAN Deoxyribonuclease TATDN1 OS=Homo sapiens OX=9606 GN=TATDN1 PE=1 SV=2	297
O14972	sp|O14972|VP26C_HUMAN Vacuolar protein sorting-associated protein 26C OS=Homo sapiens OX=9606 GN=VPS26C PE=1 SV=1	297
Q9Y316	sp|Q9Y316|MEMO1_HUMAN Protein MEMO1 OS=Homo sapiens OX=9606 GN=MEMO1 PE=1 SV=1	297
Q92535	sp|Q92535|PIGC_HUMAN Phosphatidylinositol N-acetylglucosaminyltransferase subunit C OS=Homo sapiens OX=9606 GN=PIGC PE=1 SV=1	297
Q14249	sp|Q14249|NUCG_HUMAN Endonuclease G, mitochondrial OS=Homo sapiens OX=9606 GN=ENDOG PE=1 SV=4	297
Q15274	sp|Q15274|NADC_HUMAN Nicotinate-nucleotide pyrophosphorylase [carboxylating] OS=Homo sapiens OX=9606 GN=QPRT PE=1 SV=3	297
P12236	sp|P12236|ADT3_HUMAN ADP/ATP translocase 3 OS=Homo sapiens OX=9606 GN=SLC25A6 PE=1 SV=4	298
O00560	sp|O00560|SDCB1_HUMAN Syntenin-1 OS=Homo sapiens OX=9606 GN=SDCBP PE=1 SV=1	298
P05141	sp|P05141|ADT2_HUMAN ADP/ATP translocase 2 OS=Homo sapiens OX=9606 GN=SLC25A5 PE=1 SV=7	298
P36542	sp|P36542|ATPG_HUMAN ATP synthase F(1) complex subunit gamma, mitochondrial OS=Homo sapiens OX=9606 GN=ATP5F1C PE=1 SV=1	298
P29372	sp|P29372|3MG_HUMAN DNA-3-methyladenine glycosylase OS=Homo sapiens OX=9606 GN=MPG PE=1 SV=3	298
Q9UH92	sp|Q9UH92|MLX_HUMAN Max-like protein X OS=Homo sapiens OX=9606 GN=MLX PE=1 SV=2	298
P57087	sp|P57087|JAM2_HUMAN Junctional adhesion molecule B OS=Homo sapiens OX=9606 GN=JAM2 PE=1 SV=1	298
P25311	sp|P25311|ZA2G_HUMAN Zinc-alpha-2-glycoprotein OS=Homo sapiens OX=9606 GN=AZGP1 PE=1 SV=2	298
P12235	sp|P12235|ADT1_HUMAN ADP/ATP translocase 1 OS=Homo sapiens OX=9606 GN=SLC25A4 PE=1 SV=4	298
Q9NYP7	sp|Q9NYP7|ELOV5_HUMAN Very long chain fatty acid elongase 5 OS=Homo sapiens OX=9606 GN=ELOVL5 PE=1 SV=1	299
O75845	sp|O75845|SC5D_HUMAN Lathosterol oxidase OS=Homo sapiens OX=9606 GN=SC5D PE=1 SV=2	299
Q99623	sp|Q99623|PHB2_HUMAN Prohibitin-2 OS=Homo sapiens OX=9606 GN=PHB2 PE=1 SV=2	299
P40855	sp|P40855|PEX19_HUMAN Peroxisomal biogenesis factor 19 OS=Homo sapiens OX=9606 GN=PEX19 PE=1 SV=1	299
Q9NYG2	sp|Q9NYG2|ZDHC3_HUMAN Palmitoyltransferase ZDHHC3 OS=Homo sapiens OX=9606 GN=ZDHHC3 PE=1 SV=2	299
Q9NVA1	sp|Q9NVA1|UQCC1_HUMAN Ubiquinol-cytochrome c reductase complex assembly factor 1 OS=Homo sapiens OX=9606 GN=UQCC1 PE=1 SV=3	299
Q15493	sp|Q15493|RGN_HUMAN Regucalcin OS=Homo sapiens OX=9606 GN=RGN PE=1 SV=1	299
Q9UGN4	sp|Q9UGN4|CLM8_HUMAN CMRF35-like molecule 8 OS=Homo sapiens OX=9606 GN=CD300A PE=1 SV=2	299
O75792	sp|O75792|RNH2A_HUMAN Ribonuclease H2 subunit A OS=Homo sapiens OX=9606 GN=RNASEH2A PE=1 SV=2	299
Q9Y624	sp|Q9Y624|JAM1_HUMAN Junctional adhesion molecule A OS=Homo sapiens OX=9606 GN=F11R PE=1 SV=1	299
Q9H6F2	sp|Q9H6F2|TM38A_HUMAN Trimeric intracellular cation channel type A OS=Homo sapiens OX=9606 GN=TMEM38A PE=1 SV=1	299
O15144	sp|O15144|ARPC2_HUMAN Actin-related protein 2/3 complex subunit 2 OS=Homo sapiens OX=9606 GN=ARPC2 PE=1 SV=1	300
Q15526	sp|Q15526|SURF1_HUMAN Surfeit locus protein 1 OS=Homo sapiens OX=9606 GN=SURF1 PE=1 SV=1	300
O95749	sp|O95749|GGPPS_HUMAN Geranylgeranyl pyrophosphate synthase OS=Homo sapiens OX=9606 GN=GGPS1 PE=1 SV=1	300
Q8NBQ5	sp|Q8NBQ5|DHB11_HUMAN Estradiol 17-beta-dehydrogenase 11 OS=Homo sapiens OX=9606 GN=HSD17B11 PE=1 SV=4	300
Q7L4S7	sp|Q7L4S7|ARMX6_HUMAN Protein ARMCX6 OS=Homo sapiens OX=9606 GN=ARMCX6 PE=1 SV=1	300
Q3KQZ1	sp|Q3KQZ1|S2535_HUMAN Solute carrier family 25 member 35 OS=Homo sapiens OX=9606 GN=SLC25A35 PE=1 SV=1	300
P00387	sp|P00387|NB5R3_HUMAN NADH-cytochrome b5 reductase 3 OS=Homo sapiens OX=9606 GN=CYB5R3 PE=1 SV=3	301
Q9Y314	sp|Q9Y314|NOSIP_HUMAN Nitric oxide synthase-interacting protein OS=Homo sapiens OX=9606 GN=NOSIP PE=1 SV=1	301
Q8NBJ7	sp|Q8NBJ7|SUMF2_HUMAN Inactive C-alpha-formylglycine-generating enzyme 2 OS=Homo sapiens OX=9606 GN=SUMF2 PE=1 SV=2	301
Q9UNP9	sp|Q9UNP9|PPIE_HUMAN Peptidyl-prolyl cis-trans isomerase E OS=Homo sapiens OX=9606 GN=PPIE PE=1 SV=1	301
Q8TDQ0	sp|Q8TDQ0|HAVR2_HUMAN Hepatitis A virus cellular receptor 2 OS=Homo sapiens OX=9606 GN=HAVCR2 PE=1 SV=3	301
O43772	sp|O43772|MCAT_HUMAN Mitochondrial carnitine/acylcarnitine carrier protein OS=Homo sapiens OX=9606 GN=SLC25A20 PE=1 SV=1	301
Q9UJA2	sp|Q9UJA2|CRLS1_HUMAN Cardiolipin synthase (CMP-forming) OS=Homo sapiens OX=9606 GN=CRLS1 PE=1 SV=1	301
O75880	sp|O75880|SCO1_HUMAN Cytochrome c oxidase assembly factor SCO1 OS=Homo sapiens OX=9606 GN=SCO1 PE=1 SV=1	301
Q8TDX7	sp|Q8TDX7|NEK7_HUMAN Serine/threonine-protein kinase Nek7 OS=Homo sapiens OX=9606 GN=NEK7 PE=1 SV=1	302
P42126	sp|P42126|ECI1_HUMAN Enoyl-CoA delta isomerase 1, mitochondrial OS=Homo sapiens OX=9606 GN=ECI1 PE=1 SV=1	302
P19623	sp|P19623|SPEE_HUMAN Spermidine synthase OS=Homo sapiens OX=9606 GN=SRM PE=1 SV=1	302
Q9BU89	sp|Q9BU89|DOHH_HUMAN Deoxyhypusine hydroxylase OS=Homo sapiens OX=9606 GN=DOHH PE=1 SV=1	302
O75911	sp|O75911|DHRS3_HUMAN Short-chain dehydrogenase/reductase 3 OS=Homo sapiens OX=9606 GN=DHRS3 PE=1 SV=2	302
Q8N9F0	sp|Q8N9F0|NAT8L_HUMAN N-acetylaspartate synthetase OS=Homo sapiens OX=9606 GN=NAT8L PE=1 SV=3	302
O75840	sp|O75840|KLF7_HUMAN Krueppel-like factor 7 OS=Homo sapiens OX=9606 GN=KLF7 PE=1 SV=1	302
O75144	sp|O75144|ICOSL_HUMAN ICOS ligand OS=Homo sapiens OX=9606 GN=ICOSLG PE=1 SV=2	302
P56962	sp|P56962|STX17_HUMAN Syntaxin-17 OS=Homo sapiens OX=9606 GN=STX17 PE=1 SV=2	302
O75897	sp|O75897|ST1C4_HUMAN Sulfotransferase 1C4 OS=Homo sapiens OX=9606 GN=SULT1C4 PE=1 SV=2	302
Q9H4F1	sp|Q9H4F1|SIA7D_HUMAN Alpha-N-acetyl-neuraminyl-2,3-beta-galactosyl-1,3-N-acetyl-galactosaminide alpha-2,6-sialyltransferase OS=Homo sapiens OX=9606 GN=ST6GALNAC4 PE=1 SV=2	302
P09486	sp|P09486|SPRC_HUMAN SPARC OS=Homo sapiens OX=9606 GN=SPARC PE=1 SV=1	303
P05026	sp|P05026|AT1B1_HUMAN Sodium/potassium-transporting ATPase subunit beta-1 OS=Homo sapiens OX=9606 GN=ATP1B1 PE=1 SV=1	303
Q8N8R3	sp|Q8N8R3|S2529_HUMAN Mitochondrial basic amino acids transporter OS=Homo sapiens OX=9606 GN=SLC25A29 PE=1 SV=2	303
Q9UNE7	sp|Q9UNE7|CHIP_HUMAN E3 ubiquitin-protein ligase CHIP OS=Homo sapiens OX=9606 GN=STUB1 PE=1 SV=2	303
Q9UBR2	sp|Q9UBR2|CATZ_HUMAN Cathepsin Z OS=Homo sapiens OX=9606 GN=CTSZ PE=1 SV=1	303
Q9BRL7	sp|Q9BRL7|SC22C_HUMAN Vesicle-trafficking protein SEC22c OS=Homo sapiens OX=9606 GN=SEC22C PE=1 SV=1	303
Q63HM1	sp|Q63HM1|KFA_HUMAN Kynurenine formamidase OS=Homo sapiens OX=9606 GN=AFMID PE=1 SV=2	303
Q99685	sp|Q99685|MGLL_HUMAN Monoglyceride lipase OS=Homo sapiens OX=9606 GN=MGLL PE=1 SV=2	303
P11802	sp|P11802|CDK4_HUMAN Cyclin-dependent kinase 4 OS=Homo sapiens OX=9606 GN=CDK4 PE=1 SV=2	303
Q9Y6C9	sp|Q9Y6C9|MTCH2_HUMAN Mitochondrial carrier homolog 2 OS=Homo sapiens OX=9606 GN=MTCH2 PE=1 SV=1	303
P46109	sp|P46109|CRKL_HUMAN Crk-like protein OS=Homo sapiens OX=9606 GN=CRKL PE=1 SV=1	303
Q9NX52	sp|Q9NX52|RHBL2_HUMAN Rhomboid-related protein 2 OS=Homo sapiens OX=9606 GN=RHBDL2 PE=1 SV=2	303
Q10587	sp|Q10587|TEF_HUMAN Thyrotroph embryonic factor OS=Homo sapiens OX=9606 GN=TEF PE=1 SV=3	303
Q9UKJ1	sp|Q9UKJ1|PILRA_HUMAN Paired immunoglobulin-like type 2 receptor alpha OS=Homo sapiens OX=9606 GN=PILRA PE=1 SV=3	303
Q9BRQ3	sp|Q9BRQ3|NUD22_HUMAN Uridine diphosphate glucose pyrophosphatase NUDT22 OS=Homo sapiens OX=9606 GN=NUDT22 PE=1 SV=3	303
Q92537	sp|Q92537|SUSD6_HUMAN Sushi domain-containing protein 6 OS=Homo sapiens OX=9606 GN=SUSD6 PE=1 SV=1	303
Q9BY49	sp|Q9BY49|PECR_HUMAN Peroxisomal trans-2-enoyl-CoA reductase OS=Homo sapiens OX=9606 GN=PECR PE=1 SV=2	303
Q8NC24	sp|Q8NC24|RELL2_HUMAN RELT-like protein 2 OS=Homo sapiens OX=9606 GN=RELL2 PE=1 SV=1	303
P02686	sp|P02686|MBP_HUMAN Myelin basic protein OS=Homo sapiens OX=9606 GN=MBP PE=1 SV=3	304
Q9NQC8	sp|Q9NQC8|IFT46_HUMAN Intraflagellar transport protein 46 homolog OS=Homo sapiens OX=9606 GN=IFT46 PE=1 SV=1	304
Q96DW6	sp|Q96DW6|S2538_HUMAN Mitochondrial glycine transporter OS=Homo sapiens OX=9606 GN=SLC25A38 PE=1 SV=1	304
P78549	sp|P78549|NTH_HUMAN Endonuclease III-like protein 1 OS=Homo sapiens OX=9606 GN=NTHL1 PE=1 SV=3	304
Q9Y5J3	sp|Q9Y5J3|HEY1_HUMAN Hairy/enhancer-of-split related with YRPW motif protein 1 OS=Homo sapiens OX=9606 GN=HEY1 PE=1 SV=1	304
Q8N5C7	sp|Q8N5C7|DTWD1_HUMAN tRNA-uridine aminocarboxypropyltransferase 1 OS=Homo sapiens OX=9606 GN=DTWD1 PE=1 SV=1	304
Q8NI37	sp|Q8NI37|PPTC7_HUMAN Protein phosphatase PTC7 homolog OS=Homo sapiens OX=9606 GN=PPTC7 PE=1 SV=1	304
Q9Y4L5	sp|Q9Y4L5|RN115_HUMAN E3 ubiquitin-protein ligase RNF115 OS=Homo sapiens OX=9606 GN=RNF115 PE=1 SV=2	304
P35030	sp|P35030|TRY3_HUMAN Trypsin-3 OS=Homo sapiens OX=9606 GN=PRSS3 PE=1 SV=2	304
Q15287	sp|Q15287|RNPS1_HUMAN RNA-binding protein with serine-rich domain 1 OS=Homo sapiens OX=9606 GN=RNPS1 PE=1 SV=1	305
Q9UJJ9	sp|Q9UJJ9|GNPTG_HUMAN N-acetylglucosamine-1-phosphotransferase subunit gamma OS=Homo sapiens OX=9606 GN=GNPTG PE=1 SV=1	305
P28328	sp|P28328|PEX2_HUMAN Peroxisome biogenesis factor 2 OS=Homo sapiens OX=9606 GN=PEX2 PE=1 SV=2	305
Q9UHQ9	sp|Q9UHQ9|NB5R1_HUMAN NADH-cytochrome b5 reductase 1 OS=Homo sapiens OX=9606 GN=CYB5R1 PE=1 SV=1	305
O00743	sp|O00743|PPP6_HUMAN Serine/threonine-protein phosphatase 6 catalytic subunit OS=Homo sapiens OX=9606 GN=PPP6C PE=1 SV=1	305
O75716	sp|O75716|STK16_HUMAN Serine/threonine-protein kinase 16 OS=Homo sapiens OX=9606 GN=STK16 PE=1 SV=4	305
Q00526	sp|Q00526|CDK3_HUMAN Cyclin-dependent kinase 3 OS=Homo sapiens OX=9606 GN=CDK3 PE=1 SV=1	305
Q13151	sp|Q13151|ROA0_HUMAN Heterogeneous nuclear ribonucleoprotein A0 OS=Homo sapiens OX=9606 GN=HNRNPA0 PE=1 SV=1	305
Q8NDV1	sp|Q8NDV1|SIA7C_HUMAN Alpha-N-acetylgalactosaminide alpha-2,6-sialyltransferase 3 OS=Homo sapiens OX=9606 GN=ST6GALNAC3 PE=1 SV=1	305
P07910	sp|P07910|HNRPC_HUMAN Heterogeneous nuclear ribonucleoproteins C1/C2 OS=Homo sapiens OX=9606 GN=HNRNPC PE=1 SV=4	306
Q86U42	sp|Q86U42|PABP2_HUMAN Polyadenylate-binding protein 2 OS=Homo sapiens OX=9606 GN=PABPN1 PE=1 SV=3	306
Q9BY42	sp|Q9BY42|RTF2_HUMAN Replication termination factor 2 OS=Homo sapiens OX=9606 GN=RTF2 PE=1 SV=3	306
Q9UKM9	sp|Q9UKM9|RALY_HUMAN RNA-binding protein Raly OS=Homo sapiens OX=9606 GN=RALY PE=1 SV=1	306
P50897	sp|P50897|PPT1_HUMAN Palmitoyl-protein thioesterase 1 OS=Homo sapiens OX=9606 GN=PPT1 PE=1 SV=1	306
O15165	sp|O15165|LRAD4_HUMAN Low-density lipoprotein receptor class A domain-containing protein 4 OS=Homo sapiens OX=9606 GN=LDLRAD4 PE=1 SV=1	306
Q9NUJ1	sp|Q9NUJ1|ABHDA_HUMAN Palmitoyl-protein thioesterase ABHD10, mitochondrial OS=Homo sapiens OX=9606 GN=ABHD10 PE=1 SV=1	306
Q9Y548	sp|Q9Y548|YIPF1_HUMAN Protein YIPF1 OS=Homo sapiens OX=9606 GN=YIPF1 PE=1 SV=1	306
Q99946	sp|Q99946|PRRT1_HUMAN Proline-rich transmembrane protein 1 OS=Homo sapiens OX=9606 GN=PRRT1 PE=1 SV=2	306
Q92890	sp|Q92890|UFD1_HUMAN Ubiquitin recognition factor in ER-associated degradation protein 1 OS=Homo sapiens OX=9606 GN=UFD1 PE=1 SV=3	307
Q9NTX5	sp|Q9NTX5|ECHD1_HUMAN Ethylmalonyl-CoA decarboxylase OS=Homo sapiens OX=9606 GN=ECHDC1 PE=1 SV=2	307
P60510	sp|P60510|PP4C_HUMAN Serine/threonine-protein phosphatase 4 catalytic subunit OS=Homo sapiens OX=9606 GN=PPP4C PE=1 SV=1	307
Q9NP79	sp|Q9NP79|VTA1_HUMAN Vacuolar protein sorting-associated protein VTA1 homolog OS=Homo sapiens OX=9606 GN=VTA1 PE=1 SV=1	307
Q9NUM3	sp|Q9NUM3|S39A9_HUMAN Zinc transporter ZIP9 OS=Homo sapiens OX=9606 GN=SLC39A9 PE=1 SV=2	307
Q96AG4	sp|Q96AG4|LRC59_HUMAN Leucine-rich repeat-containing protein 59 OS=Homo sapiens OX=9606 GN=LRRC59 PE=1 SV=1	307
Q96F15	sp|Q96F15|GIMA5_HUMAN GTPase IMAP family member 5 OS=Homo sapiens OX=9606 GN=GIMAP5 PE=1 SV=1	307
O43808	sp|O43808|PM34_HUMAN Peroxisomal membrane protein PMP34 OS=Homo sapiens OX=9606 GN=SLC25A17 PE=1 SV=1	307
Q13287	sp|Q13287|NMI_HUMAN N-myc-interactor OS=Homo sapiens OX=9606 GN=NMI PE=1 SV=2	307
Q9NZ01	sp|Q9NZ01|TECR_HUMAN Very-long-chain enoyl-CoA reductase OS=Homo sapiens OX=9606 GN=TECR PE=1 SV=1	308
Q16775	sp|Q16775|GLO2_HUMAN Hydroxyacylglutathione hydrolase, mitochondrial OS=Homo sapiens OX=9606 GN=HAGH PE=1 SV=2	308
Q7L266	sp|Q7L266|ASGL1_HUMAN Isoaspartyl peptidase/L-asparaginase OS=Homo sapiens OX=9606 GN=ASRGL1 PE=1 SV=2	308
O95861	sp|O95861|BPNT1_HUMAN 3'(2'),5'-bisphosphate nucleotidase 1 OS=Homo sapiens OX=9606 GN=BPNT1 PE=1 SV=1	308
Q9NXF8	sp|Q9NXF8|ZDHC7_HUMAN Palmitoyltransferase ZDHHC7 OS=Homo sapiens OX=9606 GN=ZDHHC7 PE=1 SV=2	308
Q12841	sp|Q12841|FSTL1_HUMAN Follistatin-related protein 1 OS=Homo sapiens OX=9606 GN=FSTL1 PE=1 SV=1	308
P62714	sp|P62714|PP2AB_HUMAN Serine/threonine-protein phosphatase 2A catalytic subunit beta isoform OS=Homo sapiens OX=9606 GN=PPP2CB PE=1 SV=1	309
Q9H479	sp|Q9H479|FN3K_HUMAN Fructosamine-3-kinase OS=Homo sapiens OX=9606 GN=FN3K PE=1 SV=1	309
Q9HA64	sp|Q9HA64|KT3K_HUMAN Ketosamine-3-kinase OS=Homo sapiens OX=9606 GN=FN3KRP PE=1 SV=2	309
P67775	sp|P67775|PP2AA_HUMAN Serine/threonine-protein phosphatase 2A catalytic subunit alpha isoform OS=Homo sapiens OX=9606 GN=PPP2CA PE=1 SV=1	309
Q9NRN7	sp|Q9NRN7|ADPPT_HUMAN L-aminoadipate-semialdehyde dehydrogenase-phosphopantetheinyl transferase OS=Homo sapiens OX=9606 GN=AASDHPPT PE=1 SV=2	309
P55851	sp|P55851|UCP2_HUMAN Dicarboxylate carrier SLC25A8 OS=Homo sapiens OX=9606 GN=UCP2 PE=1 SV=1	309
Q99439	sp|Q99439|CNN2_HUMAN Calponin-2 OS=Homo sapiens OX=9606 GN=CNN2 PE=1 SV=4	309
Q96GS6	sp|Q96GS6|AB17A_HUMAN Alpha/beta hydrolase domain-containing protein 17A OS=Homo sapiens OX=9606 GN=ABHD17A PE=1 SV=1	310
Q9BX67	sp|Q9BX67|JAM3_HUMAN Junctional adhesion molecule C OS=Homo sapiens OX=9606 GN=JAM3 PE=1 SV=1	310
O00487	sp|O00487|PSDE_HUMAN Ubiquitin C-terminal hydrolase PSMD14 OS=Homo sapiens OX=9606 GN=PSMD14 PE=1 SV=1	310
O95159	sp|O95159|ZFPL1_HUMAN Zinc finger protein-like 1 OS=Homo sapiens OX=9606 GN=ZFPL1 PE=1 SV=2	310
Q9BSV6	sp|Q9BSV6|SEN34_HUMAN tRNA-splicing endonuclease subunit Sen34 OS=Homo sapiens OX=9606 GN=TSEN34 PE=1 SV=1	310
P22415	sp|P22415|USF1_HUMAN Upstream stimulatory factor 1 OS=Homo sapiens OX=9606 GN=USF1 PE=1 SV=1	310
Q96AB6	sp|Q96AB6|NTAN1_HUMAN Protein N-terminal asparagine amidohydrolase OS=Homo sapiens OX=9606 GN=NTAN1 PE=1 SV=3	310
P31994	sp|P31994|FCG2B_HUMAN Low affinity immunoglobulin gamma Fc region receptor II-b OS=Homo sapiens OX=9606 GN=FCGR2B PE=1 SV=2	310
P37058	sp|P37058|DHB3_HUMAN 17-beta-hydroxysteroid dehydrogenase type 3 OS=Homo sapiens OX=9606 GN=HSD17B3 PE=1 SV=2	310
Q969X1	sp|Q969X1|LFG3_HUMAN Protein lifeguard 3 OS=Homo sapiens OX=9606 GN=TMBIM1 PE=1 SV=2	311
P53007	sp|P53007|TXTP_HUMAN Tricarboxylate transport protein, mitochondrial OS=Homo sapiens OX=9606 GN=SLC25A1 PE=1 SV=2	311
Q9HAB8	sp|Q9HAB8|PPCS_HUMAN Phosphopantothenate--cysteine ligase OS=Homo sapiens OX=9606 GN=PPCS PE=1 SV=2	311
O14495	sp|O14495|PLPP3_HUMAN Phospholipid phosphatase 3 OS=Homo sapiens OX=9606 GN=PLPP3 PE=1 SV=1	311
Q9P055	sp|Q9P055|JKAMP_HUMAN JNK1/MAPK8-associated membrane protein OS=Homo sapiens OX=9606 GN=JKAMP PE=1 SV=4	311
Q9BV68	sp|Q9BV68|RN126_HUMAN E3 ubiquitin-protein ligase RNF126 OS=Homo sapiens OX=9606 GN=RNF126 PE=1 SV=2	311
Q96CQ1	sp|Q96CQ1|S2536_HUMAN Solute carrier family 25 member 36 OS=Homo sapiens OX=9606 GN=SLC25A36 PE=1 SV=1	311
Q9H7M9	sp|Q9H7M9|VISTA_HUMAN V-type immunoglobulin domain-containing suppressor of T-cell activation OS=Homo sapiens OX=9606 GN=VSIR PE=1 SV=3	311
Q9NWW5	sp|Q9NWW5|CLN6_HUMAN Ceroid-lipofuscinosis neuronal protein 6 OS=Homo sapiens OX=9606 GN=CLN6 PE=1 SV=1	311
Q6ZT89	sp|Q6ZT89|S2548_HUMAN Solute carrier family 25 member 48 OS=Homo sapiens OX=9606 GN=SLC25A48 PE=1 SV=2	311
P49247	sp|P49247|RPIA_HUMAN Ribose-5-phosphate isomerase OS=Homo sapiens OX=9606 GN=RPIA PE=1 SV=3	311
Q53GQ0	sp|Q53GQ0|DHB12_HUMAN Very-long-chain 3-oxoacyl-CoA reductase OS=Homo sapiens OX=9606 GN=HSD17B12 PE=1 SV=2	312
O00764	sp|O00764|PDXK_HUMAN Pyridoxal kinase OS=Homo sapiens OX=9606 GN=PDXK PE=1 SV=1	312
P22748	sp|P22748|CAH4_HUMAN Carbonic anhydrase 4 OS=Homo sapiens OX=9606 GN=CA4 PE=1 SV=2	312
Q8N349	sp|Q8N349|OR2LD_HUMAN Olfactory receptor 2L13 OS=Homo sapiens OX=9606 GN=OR2L13 PE=2 SV=1	312
P08247	sp|P08247|SYPH_HUMAN Synaptophysin OS=Homo sapiens OX=9606 GN=SYP PE=1 SV=3	313
Q9Y6I9	sp|Q9Y6I9|TX264_HUMAN Testis-expressed protein 264 OS=Homo sapiens OX=9606 GN=TEX264 PE=1 SV=1	313
P45381	sp|P45381|ACY2_HUMAN Aspartoacylase OS=Homo sapiens OX=9606 GN=ASPA PE=1 SV=1	313
Q9HC98	sp|Q9HC98|NEK6_HUMAN Serine/threonine-protein kinase Nek6 OS=Homo sapiens OX=9606 GN=NEK6 PE=1 SV=2	313
P11309	sp|P11309|PIM1_HUMAN Serine/threonine-protein kinase pim-1 OS=Homo sapiens OX=9606 GN=PIM1 PE=1 SV=4	313
P13051	sp|P13051|UNG_HUMAN Uracil-DNA glycosylase OS=Homo sapiens OX=9606 GN=UNG PE=1 SV=2	313
Q9UNQ2	sp|Q9UNQ2|DIM1_HUMAN Dimethyladenosine transferase OS=Homo sapiens OX=9606 GN=DIMT1 PE=1 SV=1	313
P04818	sp|P04818|TYSY_HUMAN Thymidylate synthase OS=Homo sapiens OX=9606 GN=TYMS PE=1 SV=3	313
P10451	sp|P10451|OSTP_HUMAN Osteopontin OS=Homo sapiens OX=9606 GN=SPP1 PE=1 SV=1	314
Q9NT62	sp|Q9NT62|ATG3_HUMAN Ubiquitin-like-conjugating enzyme ATG3 OS=Homo sapiens OX=9606 GN=ATG3 PE=1 SV=1	314
Q5BJH7	sp|Q5BJH7|YIF1B_HUMAN Protein YIF1B OS=Homo sapiens OX=9606 GN=YIF1B PE=1 SV=1	314
Q02978	sp|Q02978|M2OM_HUMAN Mitochondrial 2-oxoglutarate/malate carrier protein OS=Homo sapiens OX=9606 GN=SLC25A11 PE=1 SV=3	314
Q9NSU2	sp|Q9NSU2|TREX1_HUMAN Three-prime repair exonuclease 1 OS=Homo sapiens OX=9606 GN=TREX1 PE=1 SV=2	314
Q16836	sp|Q16836|HCDH_HUMAN Hydroxyacyl-coenzyme A dehydrogenase, mitochondrial OS=Homo sapiens OX=9606 GN=HADH PE=1 SV=3	314
Q9NWD8	sp|Q9NWD8|TM248_HUMAN Transmembrane protein 248 OS=Homo sapiens OX=9606 GN=TMEM248 PE=1 SV=1	314
Q9BRY0	sp|Q9BRY0|S39A3_HUMAN Zinc transporter ZIP3 OS=Homo sapiens OX=9606 GN=SLC39A3 PE=1 SV=2	314
Q9BRF8	sp|Q9BRF8|CPPED_HUMAN Serine/threonine-protein phosphatase CPPED1 OS=Homo sapiens OX=9606 GN=CPPED1 PE=1 SV=3	314
Q96H78	sp|Q96H78|S2544_HUMAN Solute carrier family 25 member 44 OS=Homo sapiens OX=9606 GN=SLC25A44 PE=1 SV=1	314
P16422	sp|P16422|EPCAM_HUMAN Epithelial cell adhesion molecule OS=Homo sapiens OX=9606 GN=EPCAM PE=1 SV=2	314
Q8N474	sp|Q8N474|SFRP1_HUMAN Secreted frizzled-related protein 1 OS=Homo sapiens OX=9606 GN=SFRP1 PE=1 SV=1	314
Q14894	sp|Q14894|CRYM_HUMAN Ketimine reductase mu-crystallin OS=Homo sapiens OX=9606 GN=CRYM PE=1 SV=1	314
O43597	sp|O43597|SPY2_HUMAN Protein sprouty homolog 2 OS=Homo sapiens OX=9606 GN=SPRY2 PE=1 SV=1	315
Q5SQH8	sp|Q5SQH8|CF136_HUMAN Uncharacterized protein C6orf136 OS=Homo sapiens OX=9606 GN=C6orf136 PE=1 SV=1	315
Q9H1K4	sp|Q9H1K4|GHC2_HUMAN Mitochondrial glutamate carrier 2 OS=Homo sapiens OX=9606 GN=SLC25A18 PE=1 SV=1	315
O43852	sp|O43852|CALU_HUMAN Calumenin OS=Homo sapiens OX=9606 GN=CALU PE=1 SV=2	315
Q7Z5J1	sp|Q7Z5J1|DHI1L_HUMAN Hydroxysteroid 11-beta-dehydrogenase 1-like protein OS=Homo sapiens OX=9606 GN=HSD11B1L PE=1 SV=1	315
P05198	sp|P05198|IF2A_HUMAN Eukaryotic translation initiation factor 2 subunit 1 OS=Homo sapiens OX=9606 GN=EIF2S1 PE=1 SV=3	315
Q6PD74	sp|Q6PD74|AAGAB_HUMAN Alpha- and gamma-adaptin-binding protein p34 OS=Homo sapiens OX=9606 GN=AAGAB PE=1 SV=1	315
Q5R3K3	sp|Q5R3K3|CAHM6_HUMAN Calcium homeostasis modulator protein 6 OS=Homo sapiens OX=9606 GN=CALHM6 PE=1 SV=1	315
Q8TEB9	sp|Q8TEB9|RHBL4_HUMAN Rhomboid-related protein 4 OS=Homo sapiens OX=9606 GN=RHBDD1 PE=1 SV=1	315
Q9H2D1	sp|Q9H2D1|S2532_HUMAN Solute carrier family 25 member 32 OS=Homo sapiens OX=9606 GN=SLC25A32 PE=1 SV=2	315
Q9BWQ8	sp|Q9BWQ8|LFG2_HUMAN Protein lifeguard 2 OS=Homo sapiens OX=9606 GN=FAIM2 PE=1 SV=1	316
P30519	sp|P30519|HMOX2_HUMAN Heme oxygenase 2 OS=Homo sapiens OX=9606 GN=HMOX2 PE=1 SV=2	316
P15121	sp|P15121|ALDR_HUMAN Aldo-keto reductase family 1 member B1 OS=Homo sapiens OX=9606 GN=AKR1B1 PE=1 SV=3	316
Q9BWQ6	sp|Q9BWQ6|YIPF2_HUMAN Protein YIPF2 OS=Homo sapiens OX=9606 GN=YIPF2 PE=1 SV=1	316
P0C870	sp|P0C870|JMJD7_HUMAN Bifunctional peptidase and (3S)-lysyl hydroxylase JMJD7 OS=Homo sapiens OX=9606 GN=JMJD7 PE=1 SV=1	316
Q00403	sp|Q00403|TF2B_HUMAN Transcription initiation factor IIB OS=Homo sapiens OX=9606 GN=GTF2B PE=1 SV=1	316
P27216	sp|P27216|ANX13_HUMAN Annexin A13 OS=Homo sapiens OX=9606 GN=ANXA13 PE=1 SV=3	316
Q6PF06	sp|Q6PF06|TM10B_HUMAN tRNA methyltransferase 10 homolog B OS=Homo sapiens OX=9606 GN=TRMT10B PE=1 SV=1	316
P46736	sp|P46736|BRCC3_HUMAN Lys-63-specific deubiquitinase BRCC36 OS=Homo sapiens OX=9606 GN=BRCC3 PE=1 SV=2	316
P02649	sp|P02649|APOE_HUMAN Apolipoprotein E OS=Homo sapiens OX=9606 GN=APOE PE=1 SV=1	317
P05388	sp|P05388|RLA0_HUMAN Large ribosomal subunit protein uL10 OS=Homo sapiens OX=9606 GN=RPLP0 PE=1 SV=1	317
P63244	sp|P63244|RACK1_HUMAN Small ribosomal subunit protein RACK1 OS=Homo sapiens OX=9606 GN=RACK1 PE=1 SV=3	317
Q86VI4	sp|Q86VI4|LAP4B_HUMAN Lysosomal-associated transmembrane protein 4B OS=Homo sapiens OX=9606 GN=LAPTM4B PE=1 SV=2	317
P12318	sp|P12318|FCG2A_HUMAN Low affinity immunoglobulin gamma Fc region receptor II-a OS=Homo sapiens OX=9606 GN=FCGR2A PE=1 SV=4	317
Q9H4P4	sp|Q9H4P4|RNF41_HUMAN E3 ubiquitin-protein ligase NRDP1 OS=Homo sapiens OX=9606 GN=RNF41 PE=1 SV=2	317
O14756	sp|O14756|H17B6_HUMAN 17-beta-hydroxysteroid dehydrogenase type 6 OS=Homo sapiens OX=9606 GN=HSD17B6 PE=1 SV=1	317
Q8TC12	sp|Q8TC12|RDH11_HUMAN Retinol dehydrogenase 11 OS=Homo sapiens OX=9606 GN=RDH11 PE=1 SV=2	318
P27695	sp|P27695|APEX1_HUMAN DNA repair nuclease/redox regulator APEX1 OS=Homo sapiens OX=9606 GN=APEX1 PE=1 SV=2	318
Q16585	sp|Q16585|SGCB_HUMAN Beta-sarcoglycan OS=Homo sapiens OX=9606 GN=SGCB PE=1 SV=1	318
P60891	sp|P60891|PRPS1_HUMAN Ribose-phosphate pyrophosphokinase 1 OS=Homo sapiens OX=9606 GN=PRPS1 PE=1 SV=2	318
P0DMS8	sp|P0DMS8|AA3R_HUMAN Adenosine receptor A3 OS=Homo sapiens OX=9606 GN=ADORA3 PE=1 SV=1	318
O15162	sp|O15162|PLS1_HUMAN Phospholipid scramblase 1 OS=Homo sapiens OX=9606 GN=PLSCR1 PE=1 SV=1	318
Q9Y315	sp|Q9Y315|DEOC_HUMAN Deoxyribose-phosphate aldolase OS=Homo sapiens OX=9606 GN=DERA PE=1 SV=2	318
Q9H8P0	sp|Q9H8P0|SR5A3_HUMAN Polyprenal reductase OS=Homo sapiens OX=9606 GN=SRD5A3 PE=1 SV=1	318
Q9Y385	sp|Q9Y385|UB2J1_HUMAN Ubiquitin-conjugating enzyme E2 J1 OS=Homo sapiens OX=9606 GN=UBE2J1 PE=1 SV=2	318
Q8WVY7	sp|Q8WVY7|UBCP1_HUMAN Ubiquitin-like domain-containing CTD phosphatase 1 OS=Homo sapiens OX=9606 GN=UBLCP1 PE=1 SV=2	318
Q86VD7	sp|Q86VD7|S2542_HUMAN Mitochondrial coenzyme A transporter SLC25A42 OS=Homo sapiens OX=9606 GN=SLC25A42 PE=1 SV=2	318
P11908	sp|P11908|PRPS2_HUMAN Ribose-phosphate pyrophosphokinase 2 OS=Homo sapiens OX=9606 GN=PRPS2 PE=1 SV=2	318
Q99674	sp|Q99674|CGRE1_HUMAN Cell growth regulator with EF hand domain protein 1 OS=Homo sapiens OX=9606 GN=CGREF1 PE=1 SV=3	318
Q92820	sp|Q92820|GGH_HUMAN Gamma-glutamyl hydrolase OS=Homo sapiens OX=9606 GN=GGH PE=1 SV=2	318
Q9Y2S2	sp|Q9Y2S2|CRYL1_HUMAN Lambda-crystallin homolog OS=Homo sapiens OX=9606 GN=CRYL1 PE=1 SV=3	319
P09525	sp|P09525|ANXA4_HUMAN Annexin A4 OS=Homo sapiens OX=9606 GN=ANXA4 PE=1 SV=4	319
O14734	sp|O14734|ACOT8_HUMAN Acyl-coenzyme A thioesterase 8 OS=Homo sapiens OX=9606 GN=ACOT8 PE=1 SV=1	319
Q6PK18	sp|Q6PK18|OGFD3_HUMAN 2-oxoglutarate and iron-dependent oxygenase domain-containing protein 3 OS=Homo sapiens OX=9606 GN=OGFOD3 PE=1 SV=2	319
Q96HD9	sp|Q96HD9|ACY3_HUMAN N-acyl-aromatic-L-amino acid amidohydrolase (carboxylate-forming) OS=Homo sapiens OX=9606 GN=ACY3 PE=1 SV=1	319
P32322	sp|P32322|P5CR1_HUMAN Pyrroline-5-carboxylate reductase 1, mitochondrial OS=Homo sapiens OX=9606 GN=PYCR1 PE=1 SV=2	319
Q8TB03	sp|Q8TB03|CX038_HUMAN Uncharacterized protein CXorf38 OS=Homo sapiens OX=9606 GN=CXorf38 PE=1 SV=1	319
Q9BTD3	sp|Q9BTD3|TM121_HUMAN Transmembrane protein 121 OS=Homo sapiens OX=9606 GN=TMEM121 PE=1 SV=1	319
O43609	sp|O43609|SPY1_HUMAN Protein sprouty homolog 1 OS=Homo sapiens OX=9606 GN=SPRY1 PE=1 SV=2	319
P08758	sp|P08758|ANXA5_HUMAN Annexin A5 OS=Homo sapiens OX=9606 GN=ANXA5 PE=1 SV=2	320
O75821	sp|O75821|EIF3G_HUMAN Eukaryotic translation initiation factor 3 subunit G OS=Homo sapiens OX=9606 GN=EIF3G PE=1 SV=2	320
Q96C36	sp|Q96C36|P5CR2_HUMAN Pyrroline-5-carboxylate reductase 2 OS=Homo sapiens OX=9606 GN=PYCR2 PE=1 SV=1	320
Q00056	sp|Q00056|HXA4_HUMAN Homeobox protein Hox-A4 OS=Homo sapiens OX=9606 GN=HOXA4 PE=1 SV=3	320
Q13155	sp|Q13155|AIMP2_HUMAN Aminoacyl tRNA synthase complex-interacting multifunctional protein 2 OS=Homo sapiens OX=9606 GN=AIMP2 PE=1 SV=2	320
Q9BXD5	sp|Q9BXD5|NPL_HUMAN N-acetylneuraminate lyase OS=Homo sapiens OX=9606 GN=NPL PE=1 SV=1	320
Q9HC21	sp|Q9HC21|TPC_HUMAN Mitochondrial thiamine pyrophosphate carrier OS=Homo sapiens OX=9606 GN=SLC25A19 PE=1 SV=1	320
Q96FM1	sp|Q96FM1|PGAP3_HUMAN GPI-specific phospholipase A2-like PGAP3 OS=Homo sapiens OX=9606 GN=PGAP3 PE=1 SV=2	320
Q8IW00	sp|Q8IW00|VSTM4_HUMAN V-set and transmembrane domain-containing protein 4 OS=Homo sapiens OX=9606 GN=VSTM4 PE=1 SV=3	320
P22087	sp|P22087|FBRL_HUMAN rRNA 2'-O-methyltransferase fibrillarin OS=Homo sapiens OX=9606 GN=FBL PE=1 SV=2	321
Q99608	sp|Q99608|NECD_HUMAN Necdin OS=Homo sapiens OX=9606 GN=NDN PE=1 SV=1	321
Q71RG4	sp|Q71RG4|TMUB2_HUMAN Transmembrane and ubiquitin-like domain-containing protein 2 OS=Homo sapiens OX=9606 GN=TMUB2 PE=1 SV=2	321
Q13630	sp|Q13630|FCL_HUMAN GDP-L-fucose synthase OS=Homo sapiens OX=9606 GN=GFUS PE=1 SV=1	321
Q9BWM7	sp|Q9BWM7|SFXN3_HUMAN Sideroflexin-3 OS=Homo sapiens OX=9606 GN=SFXN3 PE=1 SV=3	321
P43234	sp|P43234|CATO_HUMAN Cathepsin O OS=Homo sapiens OX=9606 GN=CTSO PE=1 SV=1	321
A6NDG6	sp|A6NDG6|PGP_HUMAN Glycerol-3-phosphate phosphatase OS=Homo sapiens OX=9606 GN=PGP PE=1 SV=1	321
Q9BSK2	sp|Q9BSK2|S2533_HUMAN Solute carrier family 25 member 33 OS=Homo sapiens OX=9606 GN=SLC25A33 PE=1 SV=1	321
O00587	sp|O00587|MFNG_HUMAN Beta-1,3-N-acetylglucosaminyltransferase manic fringe OS=Homo sapiens OX=9606 GN=MFNG PE=1 SV=2	321
P55735	sp|P55735|SEC13_HUMAN Protein SEC13 homolog OS=Homo sapiens OX=9606 GN=SEC13 PE=1 SV=3	322
Q96S97	sp|Q96S97|MYADM_HUMAN Myeloid-associated differentiation marker OS=Homo sapiens OX=9606 GN=MYADM PE=1 SV=2	322
P78383	sp|P78383|S35B1_HUMAN Solute carrier family 35 member B1 OS=Homo sapiens OX=9606 GN=SLC35B1 PE=1 SV=1	322
Q9H9B4	sp|Q9H9B4|SFXN1_HUMAN Sideroflexin-1 OS=Homo sapiens OX=9606 GN=SFXN1 PE=1 SV=4	322
Q00577	sp|Q00577|PURA_HUMAN Transcriptional activator protein Pur-alpha OS=Homo sapiens OX=9606 GN=PURA PE=1 SV=2	322
P24387	sp|P24387|CRHBP_HUMAN Corticotropin-releasing factor-binding protein OS=Homo sapiens OX=9606 GN=CRHBP PE=1 SV=2	322
Q9BXS4	sp|Q9BXS4|TMM59_HUMAN Transmembrane protein 59 OS=Homo sapiens OX=9606 GN=TMEM59 PE=1 SV=1	323
P55087	sp|P55087|AQP4_HUMAN Aquaporin-4 OS=Homo sapiens OX=9606 GN=AQP4 PE=1 SV=2	323
O15121	sp|O15121|DEGS1_HUMAN Sphingolipid delta(4)-desaturase DES1 OS=Homo sapiens OX=9606 GN=DEGS1 PE=1 SV=1	323
Q13642	sp|Q13642|FHL1_HUMAN Four and a half LIM domains protein 1 OS=Homo sapiens OX=9606 GN=FHL1 PE=1 SV=4	323
Q08722	sp|Q08722|CD47_HUMAN Leukocyte surface antigen CD47 OS=Homo sapiens OX=9606 GN=CD47 PE=1 SV=1	323
P36873	sp|P36873|PP1G_HUMAN Serine/threonine-protein phosphatase PP1-gamma catalytic subunit OS=Homo sapiens OX=9606 GN=PPP1CC PE=1 SV=1	323
O95847	sp|O95847|UCP4_HUMAN Mitochondrial uncoupling protein 4 OS=Homo sapiens OX=9606 GN=SLC25A27 PE=1 SV=1	323
Q04828	sp|Q04828|AK1C1_HUMAN Aldo-keto reductase family 1 member C1 OS=Homo sapiens OX=9606 GN=AKR1C1 PE=1 SV=1	323
P42330	sp|P42330|AK1C3_HUMAN Aldo-keto reductase family 1 member C3 OS=Homo sapiens OX=9606 GN=AKR1C3 PE=1 SV=4	323
Q9H936	sp|Q9H936|GHC1_HUMAN Mitochondrial glutamate carrier 1 OS=Homo sapiens OX=9606 GN=SLC25A22 PE=1 SV=1	323
Q9NPZ5	sp|Q9NPZ5|B3GA2_HUMAN Galactosylgalactosylxylosylprotein 3-beta-glucuronosyltransferase 2 OS=Homo sapiens OX=9606 GN=B3GAT2 PE=1 SV=2	323
P12429	sp|P12429|ANXA3_HUMAN Annexin A3 OS=Homo sapiens OX=9606 GN=ANXA3 PE=1 SV=3	323
P52895	sp|P52895|AK1C2_HUMAN Aldo-keto reductase family 1 member C2 OS=Homo sapiens OX=9606 GN=AKR1C2 PE=1 SV=3	323
Q9Y240	sp|Q9Y240|CLC11_HUMAN C-type lectin domain family 11 member A OS=Homo sapiens OX=9606 GN=CLEC11A PE=1 SV=1	323
O00628	sp|O00628|PEX7_HUMAN Peroxisomal targeting signal 2 receptor OS=Homo sapiens OX=9606 GN=PEX7 PE=1 SV=1	323
Q7Z624	sp|Q7Z624|CMKMT_HUMAN Calmodulin-lysine N-methyltransferase OS=Homo sapiens OX=9606 GN=CAMKMT PE=1 SV=2	323
Q9HA72	sp|Q9HA72|CAHM2_HUMAN Calcium homeostasis modulator protein 2 OS=Homo sapiens OX=9606 GN=CALHM2 PE=1 SV=1	323
Q6ZVK8	sp|Q6ZVK8|NUD18_HUMAN 8-oxo-dGDP phosphatase NUDT18 OS=Homo sapiens OX=9606 GN=NUDT18 PE=1 SV=3	323
P67809	sp|P67809|YBOX1_HUMAN Y-box-binding protein 1 OS=Homo sapiens OX=9606 GN=YBX1 PE=1 SV=3	324
Q9HC07	sp|Q9HC07|TM165_HUMAN Putative divalent cation/proton antiporter TMEM165 OS=Homo sapiens OX=9606 GN=TMEM165 PE=1 SV=1	324
P51665	sp|P51665|PSMD7_HUMAN 26S proteasome non-ATPase regulatory subunit 7 OS=Homo sapiens OX=9606 GN=PSMD7 PE=1 SV=2	324
Q9NY26	sp|Q9NY26|S39A1_HUMAN Zinc transporter ZIP1 OS=Homo sapiens OX=9606 GN=SLC39A1 PE=1 SV=1	324
Q9Y673	sp|Q9Y673|ALG5_HUMAN Dolichyl-phosphate beta-glucosyltransferase OS=Homo sapiens OX=9606 GN=ALG5 PE=1 SV=1	324
O43255	sp|O43255|SIAH2_HUMAN E3 ubiquitin-protein ligase SIAH2 OS=Homo sapiens OX=9606 GN=SIAH2 PE=1 SV=1	324
Q96MH6	sp|Q96MH6|DIESL_HUMAN DGAT1/2-independent enzyme synthesizing storage lipids OS=Homo sapiens OX=9606 GN=TMEM68 PE=1 SV=2	324
Q9NQX5	sp|Q9NQX5|NPDC1_HUMAN Neural proliferation differentiation and control protein 1 OS=Homo sapiens OX=9606 GN=NPDC1 PE=1 SV=2	325
P08574	sp|P08574|CY1_HUMAN Cytochrome c1, heme protein, mitochondrial OS=Homo sapiens OX=9606 GN=CYC1 PE=1 SV=3	325
O14662	sp|O14662|STX16_HUMAN Syntaxin-16 OS=Homo sapiens OX=9606 GN=STX16 PE=1 SV=3	325
P14550	sp|P14550|AK1A1_HUMAN Aldo-keto reductase family 1 member A1 OS=Homo sapiens OX=9606 GN=AKR1A1 PE=1 SV=3	325
P35914	sp|P35914|HMGCL_HUMAN Hydroxymethylglutaryl-CoA lyase, mitochondrial OS=Homo sapiens OX=9606 GN=HMGCL PE=1 SV=2	325
Q96CX2	sp|Q96CX2|KCD12_HUMAN BTB/POZ domain-containing protein KCTD12 OS=Homo sapiens OX=9606 GN=KCTD12 PE=1 SV=1	325
Q6IAN0	sp|Q6IAN0|PEXRP_HUMAN Peroxisomal reductase activating PPAR-gamma OS=Homo sapiens OX=9606 GN=DHRS7B PE=1 SV=2	325
Q8TBJ4	sp|Q8TBJ4|PLPR1_HUMAN Phospholipid phosphatase-related protein type 1 OS=Homo sapiens OX=9606 GN=PLPPR1 PE=1 SV=1	325
Q9Y247	sp|Q9Y247|FA50B_HUMAN Protein FAM50B OS=Homo sapiens OX=9606 GN=FAM50B PE=1 SV=1	325
Q9BQ69	sp|Q9BQ69|MACD1_HUMAN ADP-ribose glycohydrolase MACROD1 OS=Homo sapiens OX=9606 GN=MACROD1 PE=1 SV=2	325
Q08334	sp|Q08334|I10R2_HUMAN Interleukin-10 receptor subunit beta OS=Homo sapiens OX=9606 GN=IL10RB PE=1 SV=2	325
P48059	sp|P48059|LIMS1_HUMAN LIM and senescent cell antigen-like-containing domain protein 1 OS=Homo sapiens OX=9606 GN=LIMS1 PE=1 SV=4	325
P18065	sp|P18065|IBP2_HUMAN Insulin-like growth factor-binding protein 2 OS=Homo sapiens OX=9606 GN=IGFBP2 PE=1 SV=2	325
Q9Y2D2	sp|Q9Y2D2|S35A3_HUMAN UDP-N-acetylglucosamine transporter OS=Homo sapiens OX=9606 GN=SLC35A3 PE=1 SV=1	325
O95258	sp|O95258|UCP5_HUMAN Brain mitochondrial carrier protein 1 OS=Homo sapiens OX=9606 GN=SLC25A14 PE=1 SV=1	325
P30542	sp|P30542|AA1R_HUMAN Adenosine receptor A1 OS=Homo sapiens OX=9606 GN=ADORA1 PE=1 SV=1	326
O60683	sp|O60683|PEX10_HUMAN Peroxisome biogenesis factor 10 OS=Homo sapiens OX=9606 GN=PEX10 PE=1 SV=1	326
Q86V86	sp|Q86V86|PIM3_HUMAN Serine/threonine-protein kinase pim-3 OS=Homo sapiens OX=9606 GN=PIM3 PE=1 SV=3	326
Q15717	sp|Q15717|ELAV1_HUMAN ELAV-like protein 1 OS=Homo sapiens OX=9606 GN=ELAVL1 PE=1 SV=2	326
Q8NFH5	sp|Q8NFH5|NUP35_HUMAN Nucleoporin NUP35 OS=Homo sapiens OX=9606 GN=NUP35 PE=1 SV=1	326
Q15555	sp|Q15555|MARE2_HUMAN Microtubule-associated protein RP/EB family member 2 OS=Homo sapiens OX=9606 GN=MAPRE2 PE=1 SV=1	327
Q7L5N1	sp|Q7L5N1|CSN6_HUMAN COP9 signalosome complex subunit 6 OS=Homo sapiens OX=9606 GN=COPS6 PE=1 SV=1	327
P62140	sp|P62140|PP1B_HUMAN Serine/threonine-protein phosphatase PP1-beta catalytic subunit OS=Homo sapiens OX=9606 GN=PPP1CB PE=1 SV=3	327
O75436	sp|O75436|VP26A_HUMAN Vacuolar protein sorting-associated protein 26A OS=Homo sapiens OX=9606 GN=VPS26A PE=1 SV=2	327
Q5HYK3	sp|Q5HYK3|COQ5_HUMAN 2-methoxy-6-polyprenyl-1,4-benzoquinol methylase, mitochondrial OS=Homo sapiens OX=9606 GN=COQ5 PE=1 SV=2	327
Q86X76	sp|Q86X76|NIT1_HUMAN Deaminated glutathione amidase OS=Homo sapiens OX=9606 GN=NIT1 PE=1 SV=2	327
Q9UBV7	sp|Q9UBV7|B4GT7_HUMAN Beta-1,4-galactosyltransferase 7 OS=Homo sapiens OX=9606 GN=B4GALT7 PE=1 SV=1	327
Q9UBN1	sp|Q9UBN1|CCG4_HUMAN Voltage-dependent calcium channel gamma-4 subunit OS=Homo sapiens OX=9606 GN=CACNG4 PE=1 SV=1	327
Q86XE5	sp|Q86XE5|HOGA1_HUMAN 4-hydroxy-2-oxoglutarate aldolase, mitochondrial OS=Homo sapiens OX=9606 GN=HOGA1 PE=1 SV=1	327
Q9H920	sp|Q9H920|RN121_HUMAN E3 ubiquitin ligase RNF121 OS=Homo sapiens OX=9606 GN=RNF121 PE=1 SV=1	327
Q9UBQ7	sp|Q9UBQ7|GRHPR_HUMAN Glyoxylate reductase/hydroxypyruvate reductase OS=Homo sapiens OX=9606 GN=GRHPR PE=1 SV=1	328
Q96D15	sp|Q96D15|RCN3_HUMAN Reticulocalbin-3 OS=Homo sapiens OX=9606 GN=RCN3 PE=1 SV=1	328
Q15417	sp|Q15417|CNN3_HUMAN Calponin-3 OS=Homo sapiens OX=9606 GN=CNN3 PE=1 SV=1	329
Q7RTP0	sp|Q7RTP0|NIPA1_HUMAN Magnesium transporter NIPA1 OS=Homo sapiens OX=9606 GN=NIPA1 PE=1 SV=1	329
O15127	sp|O15127|SCAM2_HUMAN Secretory carrier-associated membrane protein 2 OS=Homo sapiens OX=9606 GN=SCAMP2 PE=1 SV=2	329
Q96GA7	sp|Q96GA7|SDSL_HUMAN Serine dehydratase-like OS=Homo sapiens OX=9606 GN=SDSL PE=1 SV=1	329
O00151	sp|O00151|PDLI1_HUMAN PDZ and LIM domain protein 1 OS=Homo sapiens OX=9606 GN=PDLIM1 PE=1 SV=4	329
Q9H147	sp|Q9H147|TDIF1_HUMAN Deoxynucleotidyltransferase terminal-interacting protein 1 OS=Homo sapiens OX=9606 GN=DNTTIP1 PE=1 SV=2	329
Q9Y5K5	sp|Q9Y5K5|UCHL5_HUMAN Ubiquitin carboxyl-terminal hydrolase isozyme L5 OS=Homo sapiens OX=9606 GN=UCHL5 PE=1 SV=3	329
Q08257	sp|Q08257|QOR_HUMAN Zeta-crystallin OS=Homo sapiens OX=9606 GN=CRYZ PE=1 SV=1	329
Q9NUV9	sp|Q9NUV9|GIMA4_HUMAN GTPase IMAP family member 4 OS=Homo sapiens OX=9606 GN=GIMAP4 PE=1 SV=1	329
Q9NRQ2	sp|Q9NRQ2|PLS4_HUMAN Phospholipid scramblase 4 OS=Homo sapiens OX=9606 GN=PLSCR4 PE=1 SV=2	329
P42081	sp|P42081|CD86_HUMAN T-lymphocyte activation antigen CD86 OS=Homo sapiens OX=9606 GN=CD86 PE=1 SV=2	329
Q96L58	sp|Q96L58|B3GT6_HUMAN Beta-1,3-galactosyltransferase 6 OS=Homo sapiens OX=9606 GN=B3GALT6 PE=1 SV=2	329
Q9UET6	sp|Q9UET6|TRM7_HUMAN tRNA (cytidine(32)/guanosine(34)-2'-O)-methyltransferase OS=Homo sapiens OX=9606 GN=FTSJ1 PE=1 SV=2	329
Q14914	sp|Q14914|PTGR1_HUMAN Prostaglandin reductase 1 OS=Homo sapiens OX=9606 GN=PTGR1 PE=1 SV=2	329
Q6PCB6	sp|Q6PCB6|AB17C_HUMAN Alpha/beta hydrolase domain-containing protein 17C OS=Homo sapiens OX=9606 GN=ABHD17C PE=1 SV=2	329
Q9Y256	sp|Q9Y256|FACE2_HUMAN CAAX prenyl protease 2 OS=Homo sapiens OX=9606 GN=RCE1 PE=1 SV=1	329
Q86SK9	sp|Q86SK9|SCD5_HUMAN Stearoyl-CoA desaturase 5 OS=Homo sapiens OX=9606 GN=SCD5 PE=1 SV=2	330
P13716	sp|P13716|HEM2_HUMAN Delta-aminolevulinic acid dehydratase OS=Homo sapiens OX=9606 GN=ALAD PE=1 SV=1	330
O00170	sp|O00170|AIP_HUMAN AH receptor-interacting protein OS=Homo sapiens OX=9606 GN=AIP PE=1 SV=3	330
P62136	sp|P62136|PP1A_HUMAN Serine/threonine-protein phosphatase PP1-alpha catalytic subunit OS=Homo sapiens OX=9606 GN=PPP1CA PE=1 SV=1	330
Q9NU53	sp|Q9NU53|GINM1_HUMAN Glycoprotein integral membrane protein 1 OS=Homo sapiens OX=9606 GN=GINM1 PE=1 SV=1	330
O95218	sp|O95218|ZRAB2_HUMAN Zinc finger Ran-binding domain-containing protein 2 OS=Homo sapiens OX=9606 GN=ZRANB2 PE=1 SV=2	330
Q9UBQ6	sp|Q9UBQ6|EXTL2_HUMAN Exostosin-like 2 OS=Homo sapiens OX=9606 GN=EXTL2 PE=1 SV=1	330
Q3SXM5	sp|Q3SXM5|HSDL1_HUMAN Inactive hydroxysteroid dehydrogenase-like protein 1 OS=Homo sapiens OX=9606 GN=HSDL1 PE=1 SV=3	330
Q9Y266	sp|Q9Y266|NUDC_HUMAN Nuclear migration protein nudC OS=Homo sapiens OX=9606 GN=NUDC PE=1 SV=1	331
P53611	sp|P53611|PGTB2_HUMAN Geranylgeranyl transferase type-2 subunit beta OS=Homo sapiens OX=9606 GN=RABGGTB PE=1 SV=2	331
P05412	sp|P05412|JUN_HUMAN Transcription factor Jun OS=Homo sapiens OX=9606 GN=JUN PE=1 SV=2	331
Q9NZC3	sp|Q9NZC3|GDE1_HUMAN Glycerophosphodiester phosphodiesterase 1 OS=Homo sapiens OX=9606 GN=GDE1 PE=1 SV=1	331
P54619	sp|P54619|AAKG1_HUMAN 5'-AMP-activated protein kinase subunit gamma-1 OS=Homo sapiens OX=9606 GN=PRKAG1 PE=1 SV=1	331
O95278	sp|O95278|EPM2A_HUMAN Laforin OS=Homo sapiens OX=9606 GN=EPM2A PE=1 SV=2	331
O00273	sp|O00273|DFFA_HUMAN DNA fragmentation factor subunit alpha OS=Homo sapiens OX=9606 GN=DFFA PE=1 SV=1	331
Q9Y644	sp|Q9Y644|RFNG_HUMAN Beta-1,3-N-acetylglucosaminyltransferase radical fringe OS=Homo sapiens OX=9606 GN=RFNG PE=1 SV=3	331
P25774	sp|P25774|CATS_HUMAN Cathepsin S OS=Homo sapiens OX=9606 GN=CTSS PE=1 SV=3	331
O95900	sp|O95900|TRUB2_HUMAN Pseudouridylate synthase TRUB2, mitochondrial OS=Homo sapiens OX=9606 GN=TRUB2 PE=1 SV=1	331
O75752	sp|O75752|B3GL1_HUMAN UDP-GalNAc:beta-1,3-N-acetylgalactosaminyltransferase 1 OS=Homo sapiens OX=9606 GN=B3GALNT1 PE=1 SV=1	331
Q969S0	sp|Q969S0|S35B4_HUMAN Nucleotide sugar transporter SLC35B4 OS=Homo sapiens OX=9606 GN=SLC35B4 PE=1 SV=1	331
Q9HBI0	sp|Q9HBI0|PARVG_HUMAN Gamma-parvin OS=Homo sapiens OX=9606 GN=PARVG PE=1 SV=1	331
Q6UXU4	sp|Q6UXU4|GSG1L_HUMAN Germ cell-specific gene 1-like protein OS=Homo sapiens OX=9606 GN=GSG1L PE=1 SV=2	331
P00338	sp|P00338|LDHA_HUMAN L-lactate dehydrogenase A chain OS=Homo sapiens OX=9606 GN=LDHA PE=1 SV=2	332
P29966	sp|P29966|MARCS_HUMAN Myristoylated alanine-rich C-kinase substrate OS=Homo sapiens OX=9606 GN=MARCKS PE=1 SV=4	332
Q99729	sp|Q99729|ROAA_HUMAN Heterogeneous nuclear ribonucleoprotein A/B OS=Homo sapiens OX=9606 GN=HNRNPAB PE=1 SV=2	332
Q06136	sp|Q06136|KDSR_HUMAN 3-ketodihydrosphingosine reductase OS=Homo sapiens OX=9606 GN=KDSR PE=1 SV=1	332
Q99675	sp|Q99675|CGRF1_HUMAN Cell growth regulator with RING finger domain protein 1 OS=Homo sapiens OX=9606 GN=CGRRF1 PE=1 SV=1	332
Q969S2	sp|Q969S2|NEIL2_HUMAN Endonuclease 8-like 2 OS=Homo sapiens OX=9606 GN=NEIL2 PE=1 SV=3	332
Q96IV6	sp|Q96IV6|FXDC2_HUMAN Fatty acid hydroxylase domain-containing protein 2 OS=Homo sapiens OX=9606 GN=FAXDC2 PE=1 SV=1	333
Q11206	sp|Q11206|SIA4C_HUMAN CMP-N-acetylneuraminate-beta-galactosamide-alpha-2,3-sialyltransferase 4 OS=Homo sapiens OX=9606 GN=ST3GAL4 PE=1 SV=1	333
P07711	sp|P07711|CATL1_HUMAN Procathepsin L OS=Homo sapiens OX=9606 GN=CTSL PE=1 SV=2	333
P20042	sp|P20042|IF2B_HUMAN Eukaryotic translation initiation factor 2 subunit 2 OS=Homo sapiens OX=9606 GN=EIF2S2 PE=1 SV=2	333
Q969X2	sp|Q969X2|SIA7F_HUMAN Alpha-N-acetylgalactosaminide alpha-2,6-sialyltransferase 6 OS=Homo sapiens OX=9606 GN=ST6GALNAC6 PE=1 SV=1	333
P13804	sp|P13804|ETFA_HUMAN Electron transfer flavoprotein subunit alpha, mitochondrial OS=Homo sapiens OX=9606 GN=ETFA PE=1 SV=1	333
Q96CH1	sp|Q96CH1|GP146_HUMAN G-protein coupled receptor 146 OS=Homo sapiens OX=9606 GN=GPR146 PE=1 SV=1	333
Q86SQ9	sp|Q86SQ9|DHDDS_HUMAN Dehydrodolichyl diphosphate synthase complex subunit DHDDS OS=Homo sapiens OX=9606 GN=DHDDS PE=1 SV=3	333
P35212	sp|P35212|CXA4_HUMAN Gap junction alpha-4 protein OS=Homo sapiens OX=9606 GN=GJA4 PE=1 SV=3	333
P07195	sp|P07195|LDHB_HUMAN L-lactate dehydrogenase B chain OS=Homo sapiens OX=9606 GN=LDHB PE=1 SV=2	334
Q9P2W7	sp|Q9P2W7|B3GA1_HUMAN Galactosylgalactosylxylosylprotein 3-beta-glucuronosyltransferase 1 OS=Homo sapiens OX=9606 GN=B3GAT1 PE=1 SV=2	334
P40925	sp|P40925|MDHC_HUMAN Malate dehydrogenase, cytoplasmic OS=Homo sapiens OX=9606 GN=MDH1 PE=1 SV=4	334
Q92905	sp|Q92905|CSN5_HUMAN COP9 signalosome complex subunit 5 OS=Homo sapiens OX=9606 GN=COPS5 PE=1 SV=4	334
P17707	sp|P17707|DCAM_HUMAN S-adenosylmethionine decarboxylase proenzyme OS=Homo sapiens OX=9606 GN=AMD1 PE=1 SV=2	334
Q9UIC8	sp|Q9UIC8|LCMT1_HUMAN Leucine carboxyl methyltransferase 1 OS=Homo sapiens OX=9606 GN=LCMT1 PE=1 SV=2	334
Q96IZ7	sp|Q96IZ7|RSRC1_HUMAN Serine/Arginine-related protein 53 OS=Homo sapiens OX=9606 GN=RSRC1 PE=1 SV=1	334
P78410	sp|P78410|BT3A2_HUMAN Butyrophilin subfamily 3 member A2 OS=Homo sapiens OX=9606 GN=BTN3A2 PE=1 SV=2	334
Q9H2U2	sp|Q9H2U2|IPYR2_HUMAN Inorganic pyrophosphatase 2, mitochondrial OS=Homo sapiens OX=9606 GN=PPA2 PE=1 SV=2	334
Q8N336	sp|Q8N336|ELMD1_HUMAN ELMO domain-containing protein 1 OS=Homo sapiens OX=9606 GN=ELMOD1 PE=1 SV=3	334
O60911	sp|O60911|CATL2_HUMAN Cathepsin L2 OS=Homo sapiens OX=9606 GN=CTSV PE=1 SV=2	334
Q86WC4	sp|Q86WC4|OSTM1_HUMAN Osteopetrosis-associated transmembrane protein 1 OS=Homo sapiens OX=9606 GN=OSTM1 PE=1 SV=1	334
P04406	sp|P04406|G3P_HUMAN Glyceraldehyde-3-phosphate dehydrogenase OS=Homo sapiens OX=9606 GN=GAPDH PE=1 SV=3	335
O94766	sp|O94766|B3GA3_HUMAN Galactosylgalactosylxylosylprotein 3-beta-glucuronosyltransferase 3 OS=Homo sapiens OX=9606 GN=B3GAT3 PE=1 SV=2	335
P06746	sp|P06746|DPOLB_HUMAN DNA polymerase beta OS=Homo sapiens OX=9606 GN=POLB PE=1 SV=3	335
P09668	sp|P09668|CATH_HUMAN Pro-cathepsin H OS=Homo sapiens OX=9606 GN=CTSH PE=1 SV=4	335
Q9H0U3	sp|Q9H0U3|MAGT1_HUMAN Dolichyl-diphosphooligosaccharide--protein glycosyltransferase subunit MAGT1 OS=Homo sapiens OX=9606 GN=MAGT1 PE=1 SV=1	335
Q03405	sp|Q03405|UPAR_HUMAN Urokinase plasminogen activator surface receptor OS=Homo sapiens OX=9606 GN=PLAUR PE=1 SV=1	335
Q9P2W9	sp|Q9P2W9|STX18_HUMAN Syntaxin-18 OS=Homo sapiens OX=9606 GN=STX18 PE=1 SV=1	335
Q16698	sp|Q16698|DECR_HUMAN 2,4-dienoyl-CoA reductase [(3E)-enoyl-CoA-producing], mitochondrial OS=Homo sapiens OX=9606 GN=DECR1 PE=1 SV=1	335
Q16570	sp|Q16570|ACKR1_HUMAN Atypical chemokine receptor 1 OS=Homo sapiens OX=9606 GN=ACKR1 PE=1 SV=3	336
Q9Y5Y5	sp|Q9Y5Y5|PEX16_HUMAN Peroxisomal membrane protein PEX16 OS=Homo sapiens OX=9606 GN=PEX16 PE=1 SV=2	336
O00180	sp|O00180|KCNK1_HUMAN Potassium channel subfamily K member 1 OS=Homo sapiens OX=9606 GN=KCNK1 PE=1 SV=1	336
Q4G0F5	sp|Q4G0F5|VP26B_HUMAN Vacuolar protein sorting-associated protein 26B OS=Homo sapiens OX=9606 GN=VPS26B PE=1 SV=2	336
P31937	sp|P31937|3HIDH_HUMAN 3-hydroxyisobutyrate dehydrogenase, mitochondrial OS=Homo sapiens OX=9606 GN=HIBADH PE=1 SV=2	336
Q9NV92	sp|Q9NV92|NFIP2_HUMAN NEDD4 family-interacting protein 2 OS=Homo sapiens OX=9606 GN=NDFIP2 PE=1 SV=2	336
Q9HBH5	sp|Q9HBH5|RDH14_HUMAN Retinol dehydrogenase 14 OS=Homo sapiens OX=9606 GN=RDH14 PE=1 SV=1	336
Q9H0P0	sp|Q9H0P0|5NT3A_HUMAN Cytosolic 5'-nucleotidase 3A OS=Homo sapiens OX=9606 GN=NT5C3A PE=1 SV=3	336
Q96HH6	sp|Q96HH6|TMM19_HUMAN Transmembrane protein 19 OS=Homo sapiens OX=9606 GN=TMEM19 PE=1 SV=1	336
Q9NWR8	sp|Q9NWR8|MCUB_HUMAN Calcium uniporter regulatory subunit MCUb, mitochondrial OS=Homo sapiens OX=9606 GN=MCUB PE=1 SV=2	336
O14657	sp|O14657|TOR1B_HUMAN Torsin-1B OS=Homo sapiens OX=9606 GN=TOR1B PE=1 SV=2	336
P37837	sp|P37837|TALDO_HUMAN Transaldolase OS=Homo sapiens OX=9606 GN=TALDO1 PE=1 SV=2	337
Q15599	sp|Q15599|NHRF2_HUMAN Na(+)/H(+) exchange regulatory cofactor NHE-RF2 OS=Homo sapiens OX=9606 GN=NHERF2 PE=1 SV=2	337
P48729	sp|P48729|KC1A_HUMAN Casein kinase I isoform alpha OS=Homo sapiens OX=9606 GN=CSNK1A1 PE=1 SV=2	337
Q9ULX7	sp|Q9ULX7|CAH14_HUMAN Carbonic anhydrase 14 OS=Homo sapiens OX=9606 GN=CA14 PE=1 SV=1	337
Q9BV23	sp|Q9BV23|ABHD6_HUMAN Monoacylglycerol lipase ABHD6 OS=Homo sapiens OX=9606 GN=ABHD6 PE=1 SV=1	337
P38484	sp|P38484|INGR2_HUMAN Interferon gamma receptor 2 OS=Homo sapiens OX=9606 GN=IFNGR2 PE=1 SV=2	337
Q9BQE5	sp|Q9BQE5|APOL2_HUMAN Apolipoprotein L2 OS=Homo sapiens OX=9606 GN=APOL2 PE=1 SV=2	337
Q76EJ3	sp|Q76EJ3|S35D2_HUMAN Nucleotide sugar transporter SLC35D2 OS=Homo sapiens OX=9606 GN=SLC35D2 PE=1 SV=1	337
Q9UDY4	sp|Q9UDY4|DNJB4_HUMAN DnaJ homolog subfamily B member 4 OS=Homo sapiens OX=9606 GN=DNAJB4 PE=1 SV=1	337
P78382	sp|P78382|S35A1_HUMAN CMP-sialic acid transporter OS=Homo sapiens OX=9606 GN=SLC35A1 PE=1 SV=1	337
Q9H9S4	sp|Q9H9S4|CB39L_HUMAN Calcium-binding protein 39-like OS=Homo sapiens OX=9606 GN=CAB39L PE=1 SV=3	337
Q6P4A7	sp|Q6P4A7|SFXN4_HUMAN Sideroflexin-4 OS=Homo sapiens OX=9606 GN=SFXN4 PE=1 SV=1	337
Q9UG22	sp|Q9UG22|GIMA2_HUMAN GTPase IMAP family member 2 OS=Homo sapiens OX=9606 GN=GIMAP2 PE=1 SV=2	337
Q9UBP5	sp|Q9UBP5|HEY2_HUMAN Hairy/enhancer-of-split related with YRPW motif protein 2 OS=Homo sapiens OX=9606 GN=HEY2 PE=1 SV=1	337
O95433	sp|O95433|AHSA1_HUMAN Activator of 90 kDa heat shock protein ATPase homolog 1 OS=Homo sapiens OX=9606 GN=AHSA1 PE=1 SV=1	338
Q07352	sp|Q07352|TISB_HUMAN mRNA decay activator protein ZFP36L1 OS=Homo sapiens OX=9606 GN=ZFP36L1 PE=1 SV=1	338
P40926	sp|P40926|MDHM_HUMAN Malate dehydrogenase, mitochondrial OS=Homo sapiens OX=9606 GN=MDH2 PE=1 SV=3	338
O15126	sp|O15126|SCAM1_HUMAN Secretory carrier-associated membrane protein 1 OS=Homo sapiens OX=9606 GN=SCAMP1 PE=1 SV=2	338
Q13449	sp|Q13449|LSAMP_HUMAN Limbic system-associated membrane protein OS=Homo sapiens OX=9606 GN=LSAMP PE=1 SV=2	338
O14832	sp|O14832|PAHX_HUMAN Phytanoyl-CoA dioxygenase, peroxisomal OS=Homo sapiens OX=9606 GN=PHYH PE=1 SV=1	338
Q9NYZ2	sp|Q9NYZ2|MFRN1_HUMAN Mitoferrin-1 OS=Homo sapiens OX=9606 GN=SLC25A37 PE=1 SV=2	338
Q9Y5R4	sp|Q9Y5R4|HEMK1_HUMAN MTRF1L release factor glutamine methyltransferase OS=Homo sapiens OX=9606 GN=HEMK1 PE=1 SV=1	338
Q9Y5Z9	sp|Q9Y5Z9|UBIA1_HUMAN UbiA prenyltransferase domain-containing protein 1 OS=Homo sapiens OX=9606 GN=UBIAD1 PE=1 SV=1	338
Q8TBP6	sp|Q8TBP6|S2540_HUMAN Mitochondrial glutathione transporter SLC25A40 OS=Homo sapiens OX=9606 GN=SLC25A40 PE=1 SV=1	338
Q96BY9	sp|Q96BY9|SARAF_HUMAN Store-operated calcium entry-associated regulatory factor OS=Homo sapiens OX=9606 GN=SARAF PE=1 SV=1	339
P07858	sp|P07858|CATB_HUMAN Cathepsin B OS=Homo sapiens OX=9606 GN=CTSB PE=1 SV=3	339
P07355	sp|P07355|ANXA2_HUMAN Annexin A2 OS=Homo sapiens OX=9606 GN=ANXA2 PE=1 SV=2	339
Q13825	sp|Q13825|AUHM_HUMAN Methylglutaconyl-CoA hydratase, mitochondrial OS=Homo sapiens OX=9606 GN=AUH PE=1 SV=1	339
O94905	sp|O94905|ERLN2_HUMAN Erlin-2 OS=Homo sapiens OX=9606 GN=ERLIN2 PE=1 SV=1	339
Q15080	sp|Q15080|NCF4_HUMAN Neutrophil cytosol factor 4 OS=Homo sapiens OX=9606 GN=NCF4 PE=1 SV=2	339
P62873	sp|P62873|GBB1_HUMAN Guanine nucleotide-binding protein G(I)/G(S)/G(T) subunit beta-1 OS=Homo sapiens OX=9606 GN=GNB1 PE=1 SV=3	340
P62879	sp|P62879|GBB2_HUMAN Guanine nucleotide-binding protein G(I)/G(S)/G(T) subunit beta-2 OS=Homo sapiens OX=9606 GN=GNB2 PE=1 SV=3	340
O14681	sp|O14681|EI24_HUMAN Etoposide-induced protein 2.4 homolog OS=Homo sapiens OX=9606 GN=EI24 PE=1 SV=4	340
Q7Z6L0	sp|Q7Z6L0|PRRT2_HUMAN Proline-rich transmembrane protein 2 OS=Homo sapiens OX=9606 GN=PRRT2 PE=1 SV=1	340
Q8TD22	sp|Q8TD22|SFXN5_HUMAN Sideroflexin-5 OS=Homo sapiens OX=9606 GN=SFXN5 PE=1 SV=1	340
Q9GZT4	sp|Q9GZT4|SRR_HUMAN Serine racemase OS=Homo sapiens OX=9606 GN=SRR PE=1 SV=1	340
Q9UNI6	sp|Q9UNI6|DUS12_HUMAN Dual specificity protein phosphatase 12 OS=Homo sapiens OX=9606 GN=DUSP12 PE=1 SV=1	340
Q8N0X4	sp|Q8N0X4|CLYBL_HUMAN Citramalyl-CoA lyase, mitochondrial OS=Homo sapiens OX=9606 GN=CLYBL PE=1 SV=2	340
P40937	sp|P40937|RFC5_HUMAN Replication factor C subunit 5 OS=Homo sapiens OX=9606 GN=RFC5 PE=1 SV=1	340
Q9Y376	sp|Q9Y376|CAB39_HUMAN Calcium-binding protein 39 OS=Homo sapiens OX=9606 GN=CAB39 PE=1 SV=1	341
P56937	sp|P56937|DHB7_HUMAN 3-keto-steroid reductase/17-beta-hydroxysteroid dehydrogenase 7 OS=Homo sapiens OX=9606 GN=HSD17B7 PE=1 SV=1	341
Q99489	sp|Q99489|OXDD_HUMAN D-aspartate oxidase OS=Homo sapiens OX=9606 GN=DDO PE=1 SV=1	341
Q9GZY8	sp|Q9GZY8|MFF_HUMAN Mitochondrial fission factor OS=Homo sapiens OX=9606 GN=MFF PE=1 SV=1	342
Q9UK28	sp|Q9UK28|TM59L_HUMAN Transmembrane protein 59-like OS=Homo sapiens OX=9606 GN=TMEM59L PE=1 SV=1	342
Q9H244	sp|Q9H244|P2Y12_HUMAN P2Y purinoceptor 12 OS=Homo sapiens OX=9606 GN=P2RY12 PE=1 SV=1	342
Q8TB40	sp|Q8TB40|ABHD4_HUMAN (Lyso)-N-acylphosphatidylethanolamine lipase OS=Homo sapiens OX=9606 GN=ABHD4 PE=1 SV=1	342
Q9NX94	sp|Q9NX94|WBP1L_HUMAN WW domain binding protein 1-like OS=Homo sapiens OX=9606 GN=WBP1L PE=1 SV=2	342
Q8N1S5	sp|Q8N1S5|S39AB_HUMAN Zinc transporter ZIP11 OS=Homo sapiens OX=9606 GN=SLC39A11 PE=1 SV=3	342
Q5VZI3	sp|Q5VZI3|TM268_HUMAN Transmembrane protein 268 OS=Homo sapiens OX=9606 GN=TMEM268 PE=1 SV=1	342
Q8N2F6	sp|Q8N2F6|ARM10_HUMAN Armadillo repeat-containing protein 10 OS=Homo sapiens OX=9606 GN=ARMC10 PE=1 SV=1	343
Q9BXJ8	sp|Q9BXJ8|TACAN_HUMAN Transmembrane protein 120A OS=Homo sapiens OX=9606 GN=TMEM120A PE=1 SV=1	343
Q96GM1	sp|Q96GM1|PLPR2_HUMAN Phospholipid phosphatase-related protein type 2 OS=Homo sapiens OX=9606 GN=PLPPR2 PE=1 SV=1	343
O15541	sp|O15541|R113A_HUMAN E3 ubiquitin-protein ligase RNF113A OS=Homo sapiens OX=9606 GN=RNF113A PE=1 SV=1	343
Q92519	sp|Q92519|TRIB2_HUMAN Tribbles homolog 2 OS=Homo sapiens OX=9606 GN=TRIB2 PE=1 SV=1	343
Q02338	sp|Q02338|BDH_HUMAN D-beta-hydroxybutyrate dehydrogenase, mitochondrial OS=Homo sapiens OX=9606 GN=BDH1 PE=1 SV=3	343
Q6P2M8	sp|Q6P2M8|KCC1B_HUMAN Calcium/calmodulin-dependent protein kinase type 1B OS=Homo sapiens OX=9606 GN=PNCK PE=1 SV=2	343
Q53RT3	sp|Q53RT3|APRV1_HUMAN Retroviral-like aspartic protease 1 OS=Homo sapiens OX=9606 GN=ASPRV1 PE=1 SV=1	343
Q7Z6M3	sp|Q7Z6M3|MILR1_HUMAN Allergin-1 OS=Homo sapiens OX=9606 GN=MILR1 PE=1 SV=2	343
Q6TCH4	sp|Q6TCH4|PAQR6_HUMAN Membrane progestin receptor delta OS=Homo sapiens OX=9606 GN=PAQR6 PE=1 SV=2	344
Q9UJ70	sp|Q9UJ70|NAGK_HUMAN N-acetyl-D-glucosamine kinase OS=Homo sapiens OX=9606 GN=NAGK PE=1 SV=4	344
Q9P121	sp|Q9P121|NTRI_HUMAN Neurotrimin OS=Homo sapiens OX=9606 GN=NTM PE=1 SV=1	344
P43657	sp|P43657|LPAR6_HUMAN Lysophosphatidic acid receptor 6 OS=Homo sapiens OX=9606 GN=LPAR6 PE=1 SV=3	344
Q9NPG8	sp|Q9NPG8|ZDHC4_HUMAN Palmitoyltransferase ZDHHC4 OS=Homo sapiens OX=9606 GN=ZDHHC4 PE=1 SV=1	344
O60513	sp|O60513|B4GT4_HUMAN Beta-1,4-galactosyltransferase 4 OS=Homo sapiens OX=9606 GN=B4GALT4 PE=1 SV=1	344
Q8NBM4	sp|Q8NBM4|UBAC2_HUMAN Ubiquitin-associated domain-containing protein 2 OS=Homo sapiens OX=9606 GN=UBAC2 PE=1 SV=1	344
Q4G1C9	sp|Q4G1C9|GRPL2_HUMAN GLIPR1-like protein 2 OS=Homo sapiens OX=9606 GN=GLIPR1L2 PE=1 SV=2	344
Q7Z5S9	sp|Q7Z5S9|TM144_HUMAN Transmembrane protein 144 OS=Homo sapiens OX=9606 GN=TMEM144 PE=1 SV=1	345
Q9H3K2	sp|Q9H3K2|GHITM_HUMAN Growth hormone-inducible transmembrane protein OS=Homo sapiens OX=9606 GN=GHITM PE=1 SV=2	345
P36959	sp|P36959|GMPR1_HUMAN GMP reductase 1 OS=Homo sapiens OX=9606 GN=GMPR PE=1 SV=1	345
Q86YD5	sp|Q86YD5|LRAD3_HUMAN Low-density lipoprotein receptor class A domain-containing protein 3 OS=Homo sapiens OX=9606 GN=LDLRAD3 PE=1 SV=3	345
O15527	sp|O15527|OGG1_HUMAN N-glycosylase/DNA lyase OS=Homo sapiens OX=9606 GN=OGG1 PE=1 SV=2	345
P31942	sp|P31942|HNRH3_HUMAN Heterogeneous nuclear ribonucleoprotein H3 OS=Homo sapiens OX=9606 GN=HNRNPH3 PE=1 SV=2	346
Q9BUM1	sp|Q9BUM1|G6PC3_HUMAN Glucose-6-phosphatase 3 OS=Homo sapiens OX=9606 GN=G6PC3 PE=1 SV=2	346
P53597	sp|P53597|SUCA_HUMAN Succinate--CoA ligase [ADP/GDP-forming] subunit alpha, mitochondrial OS=Homo sapiens OX=9606 GN=SUCLG1 PE=1 SV=4	346
P04083	sp|P04083|ANXA1_HUMAN Annexin A1 OS=Homo sapiens OX=9606 GN=ANXA1 PE=1 SV=2	346
P30511	sp|P30511|HLAF_HUMAN HLA class I histocompatibility antigen, alpha chain F OS=Homo sapiens OX=9606 GN=HLA-F PE=1 SV=3	346
P20933	sp|P20933|ASPG_HUMAN N(4)-(beta-N-acetylglucosaminyl)-L-asparaginase OS=Homo sapiens OX=9606 GN=AGA PE=1 SV=2	346
Q15814	sp|Q15814|TBCC_HUMAN Tubulin-specific chaperone C OS=Homo sapiens OX=9606 GN=TBCC PE=1 SV=2	346
P50613	sp|P50613|CDK7_HUMAN Cyclin-dependent kinase 7 OS=Homo sapiens OX=9606 GN=CDK7 PE=1 SV=1	346
Q9NPB6	sp|Q9NPB6|PAR6A_HUMAN Partitioning defective 6 homolog alpha OS=Homo sapiens OX=9606 GN=PARD6A PE=1 SV=1	346
Q86YJ5	sp|Q86YJ5|MARH9_HUMAN E3 ubiquitin-protein ligase MARCHF9 OS=Homo sapiens OX=9606 GN=MARCHF9 PE=1 SV=2	346
Q86WK9	sp|Q86WK9|PAQR7_HUMAN Membrane progestin receptor alpha OS=Homo sapiens OX=9606 GN=PAQR7 PE=1 SV=1	346
Q8IZT8	sp|Q8IZT8|HS3S5_HUMAN Heparan sulfate glucosamine 3-O-sulfotransferase 5 OS=Homo sapiens OX=9606 GN=HS3ST5 PE=1 SV=1	346
P17535	sp|P17535|JUND_HUMAN Transcription factor JunD OS=Homo sapiens OX=9606 GN=JUND PE=1 SV=3	347
P17275	sp|P17275|JUNB_HUMAN Transcription factor JunB OS=Homo sapiens OX=9606 GN=JUNB PE=1 SV=1	347
Q96DB2	sp|Q96DB2|HDA11_HUMAN Histone deacetylase 11 OS=Homo sapiens OX=9606 GN=HDAC11 PE=1 SV=1	347
Q8N9I9	sp|Q8N9I9|DTX3_HUMAN E3 ubiquitin-protein ligase DTX3 OS=Homo sapiens OX=9606 GN=DTX3 PE=1 SV=2	347
O14828	sp|O14828|SCAM3_HUMAN Secretory carrier-associated membrane protein 3 OS=Homo sapiens OX=9606 GN=SCAMP3 PE=1 SV=3	347
Q8IW45	sp|Q8IW45|NNRD_HUMAN ATP-dependent (S)-NAD(P)H-hydrate dehydratase OS=Homo sapiens OX=9606 GN=NAXD PE=1 SV=1	347
P14920	sp|P14920|OXDA_HUMAN D-amino-acid oxidase OS=Homo sapiens OX=9606 GN=DAO PE=1 SV=3	347
Q6UWU4	sp|Q6UWU4|CF089_HUMAN Bombesin receptor-activated protein C6orf89 OS=Homo sapiens OX=9606 GN=C6orf89 PE=1 SV=1	347
P46734	sp|P46734|MP2K3_HUMAN Dual specificity mitogen-activated protein kinase kinase 3 OS=Homo sapiens OX=9606 GN=MAP2K3 PE=1 SV=2	347
P40121	sp|P40121|CAPG_HUMAN Macrophage-capping protein OS=Homo sapiens OX=9606 GN=CAPG PE=1 SV=2	348
O43681	sp|O43681|GET3_HUMAN ATPase GET3 OS=Homo sapiens OX=9606 GN=GET3 PE=1 SV=2	348
Q9P2T1	sp|Q9P2T1|GMPR2_HUMAN GMP reductase 2 OS=Homo sapiens OX=9606 GN=GMPR2 PE=1 SV=1	348
Q14376	sp|Q14376|GALE_HUMAN UDP-glucose 4-epimerase OS=Homo sapiens OX=9606 GN=GALE PE=1 SV=2	348
Q9H0V9	sp|Q9H0V9|LMA2L_HUMAN VIP36-like protein OS=Homo sapiens OX=9606 GN=LMAN2L PE=1 SV=1	348
Q9BWW7	sp|Q9BWW7|SCRT1_HUMAN Transcriptional repressor scratch 1 OS=Homo sapiens OX=9606 GN=SCRT1 PE=1 SV=2	348
P00739	sp|P00739|HPTR_HUMAN Haptoglobin-related protein OS=Homo sapiens OX=9606 GN=HPR PE=1 SV=2	348
Q9HBW0	sp|Q9HBW0|LPAR2_HUMAN Lysophosphatidic acid receptor 2 OS=Homo sapiens OX=9606 GN=LPAR2 PE=1 SV=3	348
O75477	sp|O75477|ERLN1_HUMAN Erlin-1 OS=Homo sapiens OX=9606 GN=ERLIN1 PE=1 SV=2	348
P21695	sp|P21695|GPDA_HUMAN Glycerol-3-phosphate dehydrogenase [NAD(+)], cytoplasmic OS=Homo sapiens OX=9606 GN=GPD1 PE=1 SV=4	349
Q8WTS1	sp|Q8WTS1|ABHD5_HUMAN 1-acylglycerol-3-phosphate O-acyltransferase ABHD5 OS=Homo sapiens OX=9606 GN=ABHD5 PE=1 SV=1	349
Q6IBS0	sp|Q6IBS0|TWF2_HUMAN Twinfilin-2 OS=Homo sapiens OX=9606 GN=TWF2 PE=1 SV=2	349
P29279	sp|P29279|CCN2_HUMAN CCN family member 2 OS=Homo sapiens OX=9606 GN=CCN2 PE=1 SV=2	349
Q9H1E5	sp|Q9H1E5|TMX4_HUMAN Thioredoxin-related transmembrane protein 4 OS=Homo sapiens OX=9606 GN=TMX4 PE=1 SV=1	349
Q5JRV8	sp|Q5JRV8|T255A_HUMAN Transmembrane protein 255A OS=Homo sapiens OX=9606 GN=TMEM255A PE=1 SV=1	349
Q8WWH5	sp|Q8WWH5|TRUB1_HUMAN Pseudouridylate synthase TRUB1 OS=Homo sapiens OX=9606 GN=TRUB1 PE=1 SV=1	349
P27544	sp|P27544|CERS1_HUMAN Ceramide synthase 1 OS=Homo sapiens OX=9606 GN=CERS1 PE=1 SV=1	350
Q9H6Y7	sp|Q9H6Y7|RN167_HUMAN E3 ubiquitin-protein ligase RNF167 OS=Homo sapiens OX=9606 GN=RNF167 PE=1 SV=1	350
P48556	sp|P48556|PSMD8_HUMAN 26S proteasome non-ATPase regulatory subunit 8 OS=Homo sapiens OX=9606 GN=PSMD8 PE=1 SV=2	350
Q9GZM5	sp|Q9GZM5|YIPF3_HUMAN Protein YIPF3 OS=Homo sapiens OX=9606 GN=YIPF3 PE=1 SV=1	350
Q9H813	sp|Q9H813|PACC1_HUMAN Proton-activated chloride channel OS=Homo sapiens OX=9606 GN=PACC1 PE=1 SV=1	350
O75787	sp|O75787|RENR_HUMAN Renin receptor OS=Homo sapiens OX=9606 GN=ATP6AP2 PE=1 SV=2	350
Q9UND3	sp|Q9UND3|NPIA1_HUMAN Nuclear pore complex-interacting protein family member A1 OS=Homo sapiens OX=9606 GN=NPIPA1 PE=2 SV=3	350
Q07820	sp|Q07820|MCL1_HUMAN Induced myeloid leukemia cell differentiation protein Mcl-1 OS=Homo sapiens OX=9606 GN=MCL1 PE=1 SV=3	350
Q9Y3F4	sp|Q9Y3F4|STRAP_HUMAN Serine-threonine kinase receptor-associated protein OS=Homo sapiens OX=9606 GN=STRAP PE=1 SV=1	350
P46976	sp|P46976|GLYG_HUMAN Glycogenin-1 OS=Homo sapiens OX=9606 GN=GYG1 PE=1 SV=4	350
E9PKD4	sp|E9PKD4|NPIA5_HUMAN Nuclear pore complex-interacting protein family member A5 OS=Homo sapiens OX=9606 GN=NPIPA5 PE=2 SV=1	350
Q9BW91	sp|Q9BW91|NUDT9_HUMAN ADP-ribose pyrophosphatase OS=Homo sapiens OX=9606 GN=NUDT9 PE=1 SV=1	350
P21462	sp|P21462|FPR1_HUMAN N-formyl peptide receptor 1 OS=Homo sapiens OX=9606 GN=FPR1 PE=1 SV=3	350
P13995	sp|P13995|MTDC_HUMAN Bifunctional methylenetetrahydrofolate dehydrogenase/cyclohydrolase, mitochondrial OS=Homo sapiens OX=9606 GN=MTHFD2 PE=1 SV=2	350
P19784	sp|P19784|CSK22_HUMAN Casein kinase II subunit alpha' OS=Homo sapiens OX=9606 GN=CSNK2A2 PE=1 SV=1	350
Q9UBP4	sp|Q9UBP4|DKK3_HUMAN Dickkopf-related protein 3 OS=Homo sapiens OX=9606 GN=DKK3 PE=1 SV=2	350
P21730	sp|P21730|C5AR1_HUMAN C5a anaphylatoxin chemotactic receptor 1 OS=Homo sapiens OX=9606 GN=C5AR1 PE=1 SV=2	350
Q9H5K3	sp|Q9H5K3|SG196_HUMAN Protein O-mannose kinase OS=Homo sapiens OX=9606 GN=POMK PE=1 SV=1	350
Q9H7F4	sp|Q9H7F4|T185B_HUMAN Transmembrane protein 185B OS=Homo sapiens OX=9606 GN=TMEM185B PE=1 SV=2	350
P08567	sp|P08567|PLEK_HUMAN Pleckstrin OS=Homo sapiens OX=9606 GN=PLEK PE=1 SV=3	350
Q8NFB2	sp|Q8NFB2|T185A_HUMAN Transmembrane protein 185A OS=Homo sapiens OX=9606 GN=TMEM185A PE=1 SV=3	350
O95455	sp|O95455|TGDS_HUMAN UDP-D-glucose 4,6-dehydratase OS=Homo sapiens OX=9606 GN=TGDS PE=1 SV=1	350
P22694	sp|P22694|KAPCB_HUMAN cAMP-dependent protein kinase catalytic subunit beta OS=Homo sapiens OX=9606 GN=PRKACB PE=1 SV=2	351
P61421	sp|P61421|VA0D1_HUMAN V-type proton ATPase subunit d 1 OS=Homo sapiens OX=9606 GN=ATP6V0D1 PE=1 SV=1	351
Q03395	sp|Q03395|ROM1_HUMAN Rod outer segment membrane protein 1 OS=Homo sapiens OX=9606 GN=ROM1 PE=1 SV=2	351
P17612	sp|P17612|KAPCA_HUMAN cAMP-dependent protein kinase catalytic subunit alpha OS=Homo sapiens OX=9606 GN=PRKACA PE=1 SV=2	351
Q8N987	sp|Q8N987|NECA1_HUMAN N-terminal EF-hand calcium-binding protein 1 OS=Homo sapiens OX=9606 GN=NECAB1 PE=1 SV=1	351
Q8N335	sp|Q8N335|GPD1L_HUMAN Glycerol-3-phosphate dehydrogenase 1-like protein OS=Homo sapiens OX=9606 GN=GPD1L PE=1 SV=1	351
Q12893	sp|Q12893|TM115_HUMAN Transmembrane protein 115 OS=Homo sapiens OX=9606 GN=TMEM115 PE=1 SV=1	351
Q7LG56	sp|Q7LG56|RIR2B_HUMAN Ribonucleoside-diphosphate reductase subunit M2 B OS=Homo sapiens OX=9606 GN=RRM2B PE=1 SV=1	351
Q8N8N7	sp|Q8N8N7|PTGR2_HUMAN Prostaglandin reductase 2 OS=Homo sapiens OX=9606 GN=PTGR2 PE=1 SV=1	351
P61073	sp|P61073|CXCR4_HUMAN C-X-C chemokine receptor type 4 OS=Homo sapiens OX=9606 GN=CXCR4 PE=1 SV=1	352
Q9ULP0	sp|Q9ULP0|NDRG4_HUMAN Protein NDRG4 OS=Homo sapiens OX=9606 GN=NDRG4 PE=1 SV=2	352
Q969V5	sp|Q969V5|MUL1_HUMAN Mitochondrial ubiquitin ligase activator of NFKB 1 OS=Homo sapiens OX=9606 GN=MUL1 PE=1 SV=1	352
Q0ZLH3	sp|Q0ZLH3|PJVK_HUMAN Pejvakin OS=Homo sapiens OX=9606 GN=PJVK PE=1 SV=1	352
Q9NPF2	sp|Q9NPF2|CHSTB_HUMAN Carbohydrate sulfotransferase 11 OS=Homo sapiens OX=9606 GN=CHST11 PE=1 SV=1	352
P22626	sp|P22626|ROA2_HUMAN Heterogeneous nuclear ribonucleoproteins A2/B1 OS=Homo sapiens OX=9606 GN=HNRNPA2B1 PE=1 SV=2	353
Q9UHY8	sp|Q9UHY8|FEZ2_HUMAN Fasciculation and elongation protein zeta-2 OS=Homo sapiens OX=9606 GN=FEZ2 PE=1 SV=2	353
Q3ZCQ8	sp|Q3ZCQ8|TIM50_HUMAN Mitochondrial import inner membrane translocase subunit TIM50 OS=Homo sapiens OX=9606 GN=TIMM50 PE=1 SV=2	353
Q6UXH1	sp|Q6UXH1|CREL2_HUMAN Protein disulfide isomerase CRELD2 OS=Homo sapiens OX=9606 GN=CRELD2 PE=1 SV=1	353
Q8TDN6	sp|Q8TDN6|BRX1_HUMAN Ribosome biogenesis protein BRX1 homolog OS=Homo sapiens OX=9606 GN=BRIX1 PE=1 SV=2	353
Q8TEZ7	sp|Q8TEZ7|PAQR8_HUMAN Membrane progestin receptor beta OS=Homo sapiens OX=9606 GN=PAQR8 PE=1 SV=1	354
Q15165	sp|Q15165|PON2_HUMAN Serum paraoxonase/arylesterase 2 OS=Homo sapiens OX=9606 GN=PON2 PE=1 SV=4	354
P34810	sp|P34810|CD68_HUMAN Macrosialin OS=Homo sapiens OX=9606 GN=CD68 PE=1 SV=2	354
P63096	sp|P63096|GNAI1_HUMAN Guanine nucleotide-binding protein G(i) subunit alpha-1 OS=Homo sapiens OX=9606 GN=GNAI1 PE=1 SV=2	354
Q9H832	sp|Q9H832|UBE2Z_HUMAN Ubiquitin-conjugating enzyme E2 Z OS=Homo sapiens OX=9606 GN=UBE2Z PE=1 SV=2	354
P35250	sp|P35250|RFC2_HUMAN Replication factor C subunit 2 OS=Homo sapiens OX=9606 GN=RFC2 PE=1 SV=3	354
Q96EM0	sp|Q96EM0|T3HPD_HUMAN Trans-3-hydroxy-L-proline dehydratase OS=Homo sapiens OX=9606 GN=L3HYPDH PE=1 SV=2	354
Q7Z3B1	sp|Q7Z3B1|NEGR1_HUMAN Neuronal growth regulator 1 OS=Homo sapiens OX=9606 GN=NEGR1 PE=1 SV=3	354
P08754	sp|P08754|GNAI3_HUMAN Guanine nucleotide-binding protein G(i) subunit alpha-3 OS=Homo sapiens OX=9606 GN=GNAI3 PE=1 SV=3	354
Q14103	sp|Q14103|HNRPD_HUMAN Heterogeneous nuclear ribonucleoprotein D0 OS=Homo sapiens OX=9606 GN=HNRNPD PE=1 SV=1	355
Q13190	sp|Q13190|STX5_HUMAN Syntaxin-5 OS=Homo sapiens OX=9606 GN=STX5 PE=1 SV=2	355
P49238	sp|P49238|CX3C1_HUMAN CX3C chemokine receptor 1 OS=Homo sapiens OX=9606 GN=CX3CR1 PE=1 SV=1	355
Q8N6T7	sp|Q8N6T7|SIR6_HUMAN NAD-dependent protein deacylase sirtuin-6 OS=Homo sapiens OX=9606 GN=SIRT6 PE=1 SV=2	355
Q9H665	sp|Q9H665|IGFR1_HUMAN IGF-like family receptor 1 OS=Homo sapiens OX=9606 GN=IGFLR1 PE=1 SV=1	355
Q15365	sp|Q15365|PCBP1_HUMAN Poly(rC)-binding protein 1 OS=Homo sapiens OX=9606 GN=PCBP1 PE=1 SV=2	356
Q12907	sp|Q12907|LMAN2_HUMAN Vesicular integral-membrane protein VIP36 OS=Homo sapiens OX=9606 GN=LMAN2 PE=1 SV=1	356
O95872	sp|O95872|GPAN1_HUMAN G patch domain and ankyrin repeat-containing protein 1 OS=Homo sapiens OX=9606 GN=GPANK1 PE=1 SV=1	356
O43529	sp|O43529|CHSTA_HUMAN Carbohydrate sulfotransferase 10 OS=Homo sapiens OX=9606 GN=CHST10 PE=1 SV=1	356
Q7Z2E3	sp|Q7Z2E3|APTX_HUMAN Aprataxin OS=Homo sapiens OX=9606 GN=APTX PE=1 SV=2	356
Q96DI7	sp|Q96DI7|SNR40_HUMAN U5 small nuclear ribonucleoprotein 40 kDa protein OS=Homo sapiens OX=9606 GN=SNRNP40 PE=1 SV=1	357
O00303	sp|O00303|EIF3F_HUMAN Eukaryotic translation initiation factor 3 subunit F OS=Homo sapiens OX=9606 GN=EIF3F PE=1 SV=1	357
Q00796	sp|Q00796|DHSO_HUMAN Sorbitol dehydrogenase OS=Homo sapiens OX=9606 GN=SORD PE=1 SV=4	357
P13747	sp|P13747|HLAE_HUMAN HLA class I histocompatibility antigen, alpha chain E OS=Homo sapiens OX=9606 GN=HLA-E PE=1 SV=4	358
Q15257	sp|Q15257|PTPA_HUMAN Serine/threonine-protein phosphatase 2A activator OS=Homo sapiens OX=9606 GN=PTPA PE=1 SV=3	358
O14745	sp|O14745|NHRF1_HUMAN Na(+)/H(+) exchange regulatory cofactor NHE-RF1 OS=Homo sapiens OX=9606 GN=NHERF1 PE=1 SV=4	358
Q8TB36	sp|Q8TB36|GDAP1_HUMAN Ganglioside-induced differentiation-associated protein 1 OS=Homo sapiens OX=9606 GN=GDAP1 PE=1 SV=3	358
Q99871	sp|Q99871|HAUS7_HUMAN HAUS augmin-like complex subunit 7 OS=Homo sapiens OX=9606 GN=HAUS7 PE=1 SV=4	358
Q9H819	sp|Q9H819|DJC18_HUMAN DnaJ homolog subfamily C member 18 OS=Homo sapiens OX=9606 GN=DNAJC18 PE=1 SV=1	358
O95210	sp|O95210|STBD1_HUMAN Starch-binding domain-containing protein 1 OS=Homo sapiens OX=9606 GN=STBD1 PE=1 SV=1	358
P51817	sp|P51817|PRKX_HUMAN cAMP-dependent protein kinase catalytic subunit PRKX OS=Homo sapiens OX=9606 GN=PRKX PE=1 SV=1	358
O00767	sp|O00767|SCD_HUMAN Stearoyl-CoA desaturase OS=Homo sapiens OX=9606 GN=SCD PE=1 SV=2	359
P07585	sp|P07585|PGS2_HUMAN Decorin OS=Homo sapiens OX=9606 GN=DCN PE=1 SV=1	359
Q9BZJ4	sp|Q9BZJ4|S2539_HUMAN Mitochondrial glutathione transporter SLC25A39 OS=Homo sapiens OX=9606 GN=SLC25A39 PE=1 SV=2	359
P11177	sp|P11177|ODPB_HUMAN Pyruvate dehydrogenase E1 component subunit beta, mitochondrial OS=Homo sapiens OX=9606 GN=PDHB PE=1 SV=3	359
Q9NTX7	sp|Q9NTX7|RN146_HUMAN E3 ubiquitin-protein ligase RNF146 OS=Homo sapiens OX=9606 GN=RNF146 PE=1 SV=1	359
O43488	sp|O43488|ARK72_HUMAN Aflatoxin B1 aldehyde reductase member 2 OS=Homo sapiens OX=9606 GN=AKR7A2 PE=1 SV=3	359
P29992	sp|P29992|GNA11_HUMAN Guanine nucleotide-binding protein subunit alpha-11 OS=Homo sapiens OX=9606 GN=GNA11 PE=1 SV=2	359
Q9NR45	sp|Q9NR45|SIAS_HUMAN N-acetylneuraminate-9-phosphate synthase OS=Homo sapiens OX=9606 GN=NANS PE=1 SV=2	359
Q9NX62	sp|Q9NX62|IMPA3_HUMAN Golgi-resident adenosine 3',5'-bisphosphate 3'-phosphatase OS=Homo sapiens OX=9606 GN=BPNT2 PE=1 SV=1	359
Q96AQ8	sp|Q96AQ8|MCUR1_HUMAN Mitochondrial calcium uniporter regulator 1 OS=Homo sapiens OX=9606 GN=MCUR1 PE=1 SV=1	359
Q02083	sp|Q02083|NAAA_HUMAN N-acylethanolamine-hydrolyzing acid amidase OS=Homo sapiens OX=9606 GN=NAAA PE=1 SV=3	359
O00623	sp|O00623|PEX12_HUMAN Peroxisome assembly protein 12 OS=Homo sapiens OX=9606 GN=PEX12 PE=1 SV=1	359
Q86W34	sp|Q86W34|AMZ2_HUMAN Archaemetzincin-2 OS=Homo sapiens OX=9606 GN=AMZ2 PE=1 SV=2	360
P28482	sp|P28482|MK01_HUMAN Mitogen-activated protein kinase 1 OS=Homo sapiens OX=9606 GN=MAPK1 PE=1 SV=3	360
Q96J42	sp|Q96J42|TXD15_HUMAN Thioredoxin domain-containing protein 15 OS=Homo sapiens OX=9606 GN=TXNDC15 PE=1 SV=1	360
Q6P1Q0	sp|Q6P1Q0|LTMD1_HUMAN LETM1 domain-containing protein 1 OS=Homo sapiens OX=9606 GN=LETMD1 PE=1 SV=1	360
P82650	sp|P82650|RT22_HUMAN Small ribosomal subunit protein mS22 OS=Homo sapiens OX=9606 GN=MRPS22 PE=1 SV=1	360
Q15131	sp|Q15131|CDK10_HUMAN Cyclin-dependent kinase 10 OS=Homo sapiens OX=9606 GN=CDK10 PE=1 SV=1	360
Q96EE3	sp|Q96EE3|SEH1_HUMAN Nucleoporin SEH1 OS=Homo sapiens OX=9606 GN=SEH1L PE=1 SV=3	360
O00115	sp|O00115|DNS2A_HUMAN Deoxyribonuclease-2-alpha OS=Homo sapiens OX=9606 GN=DNASE2 PE=1 SV=2	360
Q8N8Q9	sp|Q8N8Q9|NIPA2_HUMAN Magnesium transporter NIPA2 OS=Homo sapiens OX=9606 GN=NIPA2 PE=1 SV=1	360
Q8NE79	sp|Q8NE79|POPD1_HUMAN Popeye domain-containing protein 1 OS=Homo sapiens OX=9606 GN=POPDC1 PE=1 SV=1	360
Q16539	sp|Q16539|MK14_HUMAN Mitogen-activated protein kinase 14 OS=Homo sapiens OX=9606 GN=MAPK14 PE=1 SV=3	360
Q9Y5P6	sp|Q9Y5P6|GMPPB_HUMAN Mannose-1-phosphate guanylyltransferase catalytic subunit beta OS=Homo sapiens OX=9606 GN=GMPPB PE=1 SV=2	360
Q15019	sp|Q15019|SEPT2_HUMAN Septin-2 OS=Homo sapiens OX=9606 GN=SEPTIN2 PE=1 SV=1	361
Q9NV96	sp|Q9NV96|CC50A_HUMAN Cell cycle control protein 50A OS=Homo sapiens OX=9606 GN=TMEM30A PE=1 SV=1	361
P32249	sp|P32249|GP183_HUMAN G-protein coupled receptor 183 OS=Homo sapiens OX=9606 GN=GPR183 PE=1 SV=3	361
O96008	sp|O96008|TOM40_HUMAN Mitochondrial import receptor subunit TOM40 homolog OS=Homo sapiens OX=9606 GN=TOMM40 PE=1 SV=1	361
P81877	sp|P81877|SSBP2_HUMAN Single-stranded DNA-binding protein 2 OS=Homo sapiens OX=9606 GN=SSBP2 PE=1 SV=2	361
O75683	sp|O75683|SURF6_HUMAN Surfeit locus protein 6 OS=Homo sapiens OX=9606 GN=SURF6 PE=1 SV=3	361
P08397	sp|P08397|HEM3_HUMAN Porphobilinogen deaminase OS=Homo sapiens OX=9606 GN=HMBS PE=1 SV=2	361
Q8NBU5	sp|Q8NBU5|ATAD1_HUMAN Outer mitochondrial transmembrane helix translocase OS=Homo sapiens OX=9606 GN=ATAD1 PE=1 SV=1	361
P01889	sp|P01889|HLAB_HUMAN HLA class I histocompatibility antigen, B alpha chain OS=Homo sapiens OX=9606 GN=HLA-B PE=1 SV=3	362
Q9UBU8	sp|Q9UBU8|MO4L1_HUMAN Mortality factor 4-like protein 1 OS=Homo sapiens OX=9606 GN=MORF4L1 PE=1 SV=2	362
Q00325	sp|Q00325|S25A3_HUMAN Solute carrier family 25 member 3 OS=Homo sapiens OX=9606 GN=SLC25A3 PE=1 SV=2	362
Q9P035	sp|Q9P035|HACD3_HUMAN Very-long-chain (3R)-3-hydroxyacyl-CoA dehydratase 3 OS=Homo sapiens OX=9606 GN=HACD3 PE=1 SV=2	362
A0AVI4	sp|A0AVI4|TM129_HUMAN E3 ubiquitin-protein ligase TM129 OS=Homo sapiens OX=9606 GN=TMEM129 PE=1 SV=1	362
P55263	sp|P55263|ADK_HUMAN Adenosine kinase OS=Homo sapiens OX=9606 GN=ADK PE=1 SV=2	362
P25106	sp|P25106|ACKR3_HUMAN Atypical chemokine receptor 3 OS=Homo sapiens OX=9606 GN=ACKR3 PE=1 SV=3	362
P46093	sp|P46093|GPR4_HUMAN G-protein coupled receptor 4 OS=Homo sapiens OX=9606 GN=GPR4 PE=1 SV=2	362
Q147X3	sp|Q147X3|NAA30_HUMAN N-alpha-acetyltransferase 30 OS=Homo sapiens OX=9606 GN=NAA30 PE=1 SV=1	362
Q8WZ73	sp|Q8WZ73|RFFL_HUMAN E3 ubiquitin-protein ligase rififylin OS=Homo sapiens OX=9606 GN=RFFL PE=1 SV=1	363
Q9NX46	sp|Q9NX46|ADPRS_HUMAN ADP-ribosylhydrolase ARH3 OS=Homo sapiens OX=9606 GN=ADPRS PE=1 SV=1	363
Q9NS00	sp|Q9NS00|C1GLT_HUMAN Glycoprotein-N-acetylgalactosamine 3-beta-galactosyltransferase 1 OS=Homo sapiens OX=9606 GN=C1GALT1 PE=1 SV=1	363
P35249	sp|P35249|RFC4_HUMAN Replication factor C subunit 4 OS=Homo sapiens OX=9606 GN=RFC4 PE=1 SV=2	363
P04075	sp|P04075|ALDOA_HUMAN Fructose-bisphosphate aldolase A OS=Homo sapiens OX=9606 GN=ALDOA PE=1 SV=2	364
P09972	sp|P09972|ALDOC_HUMAN Fructose-bisphosphate aldolase C OS=Homo sapiens OX=9606 GN=ALDOC PE=1 SV=2	364
Q92633	sp|Q92633|LPAR1_HUMAN Lysophosphatidic acid receptor 1 OS=Homo sapiens OX=9606 GN=LPAR1 PE=1 SV=3	364
Q6NTF9	sp|Q6NTF9|RHBD2_HUMAN Rhomboid domain-containing protein 2 OS=Homo sapiens OX=9606 GN=RHBDD2 PE=1 SV=2	364
Q96A46	sp|Q96A46|MFRN2_HUMAN Mitoferrin-2 OS=Homo sapiens OX=9606 GN=SLC25A28 PE=1 SV=1	364
P53990	sp|P53990|IST1_HUMAN IST1 homolog OS=Homo sapiens OX=9606 GN=IST1 PE=1 SV=1	364
Q9Y397	sp|Q9Y397|ZDHC9_HUMAN Palmitoyltransferase ZDHHC9 OS=Homo sapiens OX=9606 GN=ZDHHC9 PE=1 SV=2	364
Q9HBI1	sp|Q9HBI1|PARVB_HUMAN Beta-parvin OS=Homo sapiens OX=9606 GN=PARVB PE=1 SV=1	364
Q9NUQ2	sp|Q9NUQ2|PLCE_HUMAN 1-acyl-sn-glycerol-3-phosphate acyltransferase epsilon OS=Homo sapiens OX=9606 GN=AGPAT5 PE=1 SV=3	364
P55039	sp|P55039|DRG2_HUMAN Developmentally-regulated GTP-binding protein 2 OS=Homo sapiens OX=9606 GN=DRG2 PE=1 SV=1	364
Q53GG5	sp|Q53GG5|PDLI3_HUMAN PDZ and LIM domain protein 3 OS=Homo sapiens OX=9606 GN=PDLIM3 PE=1 SV=1	364
Q15759	sp|Q15759|MK11_HUMAN Mitogen-activated protein kinase 11 OS=Homo sapiens OX=9606 GN=MAPK11 PE=1 SV=2	364
Q96A29	sp|Q96A29|FUCT1_HUMAN GDP-fucose transporter 1 OS=Homo sapiens OX=9606 GN=SLC35C1 PE=1 SV=1	364
P04439	sp|P04439|HLAA_HUMAN HLA class I histocompatibility antigen, A alpha chain OS=Homo sapiens OX=9606 GN=HLA-A PE=1 SV=2	365
Q15366	sp|Q15366|PCBP2_HUMAN Poly(rC)-binding protein 2 OS=Homo sapiens OX=9606 GN=PCBP2 PE=1 SV=1	365
P55899	sp|P55899|FCGRN_HUMAN IgG receptor FcRn large subunit p51 OS=Homo sapiens OX=9606 GN=FCGRT PE=1 SV=1	365
Q7L8A9	sp|Q7L8A9|VASH1_HUMAN Tubulinyl-Tyr carboxypeptidase 1 OS=Homo sapiens OX=9606 GN=VASH1 PE=1 SV=1	365
Q9Y371	sp|Q9Y371|SHLB1_HUMAN Endophilin-B1 OS=Homo sapiens OX=9606 GN=SH3GLB1 PE=1 SV=1	365
Q9Y2Z0	sp|Q9Y2Z0|SGT1_HUMAN Protein SGT1 homolog OS=Homo sapiens OX=9606 GN=SUGT1 PE=1 SV=3	365
Q5W0Z9	sp|Q5W0Z9|ZDH20_HUMAN Palmitoyltransferase ZDHHC20 OS=Homo sapiens OX=9606 GN=ZDHHC20 PE=1 SV=1	365
Q9NQQ7	sp|Q9NQQ7|S35H1_HUMAN Solute carrier family 35 member H1 OS=Homo sapiens OX=9606 GN=SLC35H1 PE=1 SV=2	365
P78310	sp|P78310|CXAR_HUMAN Coxsackievirus and adenovirus receptor OS=Homo sapiens OX=9606 GN=CXADR PE=1 SV=1	365
P10321	sp|P10321|HLAC_HUMAN HLA class I histocompatibility antigen, C alpha chain OS=Homo sapiens OX=9606 GN=HLA-C PE=1 SV=3	366
P52788	sp|P52788|SPSY_HUMAN Spermine synthase OS=Homo sapiens OX=9606 GN=SMS PE=1 SV=2	366
P62068	sp|P62068|UBP46_HUMAN Ubiquitin carboxyl-terminal hydrolase 46 OS=Homo sapiens OX=9606 GN=USP46 PE=1 SV=1	366
Q8WTS6	sp|Q8WTS6|SETD7_HUMAN Histone-lysine N-methyltransferase SETD7 OS=Homo sapiens OX=9606 GN=SETD7 PE=1 SV=1	366
P50213	sp|P50213|IDH3A_HUMAN Isocitrate dehydrogenase [NAD] subunit alpha, mitochondrial OS=Homo sapiens OX=9606 GN=IDH3A PE=1 SV=1	366
Q86YD3	sp|Q86YD3|TMM25_HUMAN Transmembrane protein 25 OS=Homo sapiens OX=9606 GN=TMEM25 PE=1 SV=1	366
O00442	sp|O00442|RTCA_HUMAN RNA 3'-terminal phosphate cyclase OS=Homo sapiens OX=9606 GN=RTCA PE=1 SV=1	366
P28562	sp|P28562|DUS1_HUMAN Dual specificity protein phosphatase 1 OS=Homo sapiens OX=9606 GN=DUSP1 PE=1 SV=3	367
P06132	sp|P06132|DCUP_HUMAN Uroporphyrinogen decarboxylase OS=Homo sapiens OX=9606 GN=UROD PE=1 SV=2	367
Q9Y295	sp|Q9Y295|DRG1_HUMAN Developmentally-regulated GTP-binding protein 1 OS=Homo sapiens OX=9606 GN=DRG1 PE=1 SV=1	367
Q9HBY8	sp|Q9HBY8|SGK2_HUMAN Serine/threonine-protein kinase Sgk2 OS=Homo sapiens OX=9606 GN=SGK2 PE=1 SV=2	367
Q13303	sp|Q13303|KCAB2_HUMAN Voltage-gated potassium channel subunit beta-2 OS=Homo sapiens OX=9606 GN=KCNAB2 PE=1 SV=2	367
Q9UIJ5	sp|Q9UIJ5|ZDHC2_HUMAN Palmitoyltransferase ZDHHC2 OS=Homo sapiens OX=9606 GN=ZDHHC2 PE=1 SV=1	367
P49585	sp|P49585|PCY1A_HUMAN Choline-phosphate cytidylyltransferase A OS=Homo sapiens OX=9606 GN=PCYT1A PE=1 SV=2	367
O60931	sp|O60931|CTNS_HUMAN Cystinosin OS=Homo sapiens OX=9606 GN=CTNS PE=1 SV=2	367
Q96MZ0	sp|Q96MZ0|GD1L1_HUMAN Ganglioside-induced differentiation-associated protein 1-like 1 OS=Homo sapiens OX=9606 GN=GDAP1L1 PE=1 SV=2	367
P53778	sp|P53778|MK12_HUMAN Mitogen-activated protein kinase 12 OS=Homo sapiens OX=9606 GN=MAPK12 PE=1 SV=3	367
Q9BZJ7	sp|Q9BZJ7|GPR62_HUMAN G-protein coupled receptor 62 OS=Homo sapiens OX=9606 GN=GPR62 PE=1 SV=2	368
P78406	sp|P78406|RAE1L_HUMAN mRNA export factor RAE1 OS=Homo sapiens OX=9606 GN=RAE1 PE=1 SV=1	368
Q9NVF7	sp|Q9NVF7|FBX28_HUMAN F-box only protein 28 OS=Homo sapiens OX=9606 GN=FBXO28 PE=1 SV=1	368
P50502	sp|P50502|F10A1_HUMAN Hsc70-interacting protein OS=Homo sapiens OX=9606 GN=ST13 PE=1 SV=2	369
P49366	sp|P49366|DHYS_HUMAN Deoxyhypusine synthase OS=Homo sapiens OX=9606 GN=DHPS PE=1 SV=1	369
O75367	sp|O75367|H2AY_HUMAN Core histone macro-H2A.1 OS=Homo sapiens OX=9606 GN=MACROH2A1 PE=1 SV=5	369
Q9BV20	sp|Q9BV20|MTNA_HUMAN Methylthioribose-1-phosphate isomerase OS=Homo sapiens OX=9606 GN=MRI1 PE=1 SV=1	369
Q9Y5K3	sp|Q9Y5K3|PCY1B_HUMAN Choline-phosphate cytidylyltransferase B OS=Homo sapiens OX=9606 GN=PCYT1B PE=1 SV=1	369
Q7Z5B4	sp|Q7Z5B4|RIC3_HUMAN Protein RIC-3 OS=Homo sapiens OX=9606 GN=RIC3 PE=1 SV=1	369
P0DM63	sp|P0DM63|NPIA8_HUMAN Nuclear pore complex-interacting protein family member A8 OS=Homo sapiens OX=9606 GN=NPIPA8 PE=3 SV=1	369
Q8N609	sp|Q8N609|TR1L1_HUMAN Translocating chain-associated membrane protein 1-like 1 OS=Homo sapiens OX=9606 GN=TRAM1L1 PE=1 SV=2	369
Q9H2F3	sp|Q9H2F3|3BHS7_HUMAN 3 beta-hydroxysteroid dehydrogenase type 7 OS=Homo sapiens OX=9606 GN=HSD3B7 PE=1 SV=2	369
Q9NZJ6	sp|Q9NZJ6|COQ3_HUMAN Ubiquinone biosynthesis O-methyltransferase, mitochondrial OS=Homo sapiens OX=9606 GN=COQ3 PE=1 SV=3	369
E9PJI5	sp|E9PJI5|NPIA7_HUMAN Nuclear pore complex-interacting protein family member A7 OS=Homo sapiens OX=9606 GN=NPIPA7 PE=1 SV=1	369
Q9Y617	sp|Q9Y617|SERC_HUMAN Phosphoserine aminotransferase OS=Homo sapiens OX=9606 GN=PSAT1 PE=1 SV=2	370
Q92747	sp|Q92747|ARC1A_HUMAN Actin-related protein 2/3 complex subunit 1A OS=Homo sapiens OX=9606 GN=ARPC1A PE=1 SV=2	370
Q9NQZ5	sp|Q9NQZ5|STAR7_HUMAN StAR-related lipid transfer protein 7, mitochondrial OS=Homo sapiens OX=9606 GN=STARD7 PE=1 SV=2	370
Q9UNZ2	sp|Q9UNZ2|NSF1C_HUMAN NSFL1 cofactor p47 OS=Homo sapiens OX=9606 GN=NSFL1C PE=1 SV=2	370
Q08752	sp|Q08752|PPID_HUMAN Peptidyl-prolyl cis-trans isomerase D OS=Homo sapiens OX=9606 GN=PPID PE=1 SV=3	370
O60507	sp|O60507|TPST1_HUMAN Protein-tyrosine sulfotransferase 1 OS=Homo sapiens OX=9606 GN=TPST1 PE=1 SV=1	370
O75317	sp|O75317|UBP12_HUMAN Ubiquitin carboxyl-terminal hydrolase 12 OS=Homo sapiens OX=9606 GN=USP12 PE=1 SV=2	370
Q92604	sp|Q92604|LGAT1_HUMAN Acyl-CoA:lysophosphatidylglycerol acyltransferase 1 OS=Homo sapiens OX=9606 GN=LPGAT1 PE=1 SV=1	370
Q14012	sp|Q14012|KCC1A_HUMAN Calcium/calmodulin-dependent protein kinase type 1 OS=Homo sapiens OX=9606 GN=CAMK1 PE=1 SV=1	370
Q9NZU7	sp|Q9NZU7|CABP1_HUMAN Calcium-binding protein 1 OS=Homo sapiens OX=9606 GN=CABP1 PE=1 SV=5	370
P60893	sp|P60893|GPR85_HUMAN Probable G-protein coupled receptor 85 OS=Homo sapiens OX=9606 GN=GPR85 PE=1 SV=1	370
Q9BZW5	sp|Q9BZW5|TM6S1_HUMAN Transmembrane 6 superfamily member 1 OS=Homo sapiens OX=9606 GN=TM6SF1 PE=1 SV=2	370
Q9H999	sp|Q9H999|PANK3_HUMAN Pantothenate kinase 3 OS=Homo sapiens OX=9606 GN=PANK3 PE=1 SV=1	370
Q8TB92	sp|Q8TB92|HMGC2_HUMAN 3-hydroxy-3-methylglutaryl-CoA lyase, cytoplasmic OS=Homo sapiens OX=9606 GN=HMGCLL1 PE=1 SV=3	370
Q9UIK4	sp|Q9UIK4|DAPK2_HUMAN Death-associated protein kinase 2 OS=Homo sapiens OX=9606 GN=DAPK2 PE=1 SV=1	370
Q9UN36	sp|Q9UN36|NDRG2_HUMAN Protein NDRG2 OS=Homo sapiens OX=9606 GN=NDRG2 PE=1 SV=2	371
Q7Z429	sp|Q7Z429|LFG1_HUMAN Protein lifeguard 1 OS=Homo sapiens OX=9606 GN=GRINA PE=1 SV=1	371
Q99873	sp|Q99873|ANM1_HUMAN Protein arginine N-methyltransferase 1 OS=Homo sapiens OX=9606 GN=PRMT1 PE=1 SV=3	371
O43889	sp|O43889|CREB3_HUMAN Cyclic AMP-responsive element-binding protein 3 OS=Homo sapiens OX=9606 GN=CREB3 PE=1 SV=2	371
Q96H72	sp|Q96H72|S39AD_HUMAN Zinc transporter ZIP13 OS=Homo sapiens OX=9606 GN=SLC39A13 PE=1 SV=3	371
P0C7U3	sp|P0C7U3|ZH11B_HUMAN Probable palmitoyltransferase ZDHHC11B OS=Homo sapiens OX=9606 GN=ZDHHC11B PE=3 SV=1	371
P57721	sp|P57721|PCBP3_HUMAN Poly(rC)-binding protein 3 OS=Homo sapiens OX=9606 GN=PCBP3 PE=1 SV=2	371
Q8N357	sp|Q8N357|S35F6_HUMAN Solute carrier family 35 member F6 OS=Homo sapiens OX=9606 GN=SLC35F6 PE=1 SV=1	371
P09651	sp|P09651|ROA1_HUMAN Heterogeneous nuclear ribonucleoprotein A1 OS=Homo sapiens OX=9606 GN=HNRNPA1 PE=1 SV=5	372
Q7L5A8	sp|Q7L5A8|FA2H_HUMAN Fatty acid 2-hydroxylase OS=Homo sapiens OX=9606 GN=FA2H PE=1 SV=1	372
P50750	sp|P50750|CDK9_HUMAN Cyclin-dependent kinase 9 OS=Homo sapiens OX=9606 GN=CDK9 PE=1 SV=3	372
O60909	sp|O60909|B4GT2_HUMAN Beta-1,4-galactosyltransferase 2 OS=Homo sapiens OX=9606 GN=B4GALT2 PE=1 SV=1	372
O15143	sp|O15143|ARC1B_HUMAN Actin-related protein 2/3 complex subunit 1B OS=Homo sapiens OX=9606 GN=ARPC1B PE=1 SV=3	372
Q969K3	sp|Q969K3|RNF34_HUMAN E3 ubiquitin-protein ligase RNF34 OS=Homo sapiens OX=9606 GN=RNF34 PE=1 SV=1	372
P26992	sp|P26992|CNTFR_HUMAN Ciliary neurotrophic factor receptor subunit alpha OS=Homo sapiens OX=9606 GN=CNTFR PE=1 SV=2	372
Q8N3J5	sp|Q8N3J5|PPM1K_HUMAN Protein phosphatase Mn(2+)-dependent 1K OS=Homo sapiens OX=9606 GN=PPM1K PE=1 SV=1	372
P14151	sp|P14151|LYAM1_HUMAN L-selectin OS=Homo sapiens OX=9606 GN=SELL PE=1 SV=2	372
O43766	sp|O43766|LIAS_HUMAN Lipoyl synthase, mitochondrial OS=Homo sapiens OX=9606 GN=LIAS PE=1 SV=3	372
Q9NVD7	sp|Q9NVD7|PARVA_HUMAN Alpha-parvin OS=Homo sapiens OX=9606 GN=PARVA PE=1 SV=1	372
Q9H1C0	sp|Q9H1C0|LPAR5_HUMAN Lysophosphatidic acid receptor 5 OS=Homo sapiens OX=9606 GN=LPAR5 PE=1 SV=1	372
O60547	sp|O60547|GMDS_HUMAN GDP-mannose 4,6 dehydratase OS=Homo sapiens OX=9606 GN=GMDS PE=1 SV=1	372
P15104	sp|P15104|GLNA_HUMAN Glutamine synthetase OS=Homo sapiens OX=9606 GN=GLUL PE=1 SV=4	373
Q15738	sp|Q15738|NSDHL_HUMAN Sterol-4-alpha-carboxylate 3-dehydrogenase, decarboxylating OS=Homo sapiens OX=9606 GN=NSDHL PE=1 SV=2	373
Q86W33	sp|Q86W33|TPRA1_HUMAN Transmembrane protein adipocyte-associated 1 OS=Homo sapiens OX=9606 GN=TPRA1 PE=1 SV=1	373
Q9H6B4	sp|Q9H6B4|CLMP_HUMAN CXADR-like membrane protein OS=Homo sapiens OX=9606 GN=CLMP PE=1 SV=1	373
Q9NS66	sp|Q9NS66|GP173_HUMAN Probable G-protein coupled receptor 173 OS=Homo sapiens OX=9606 GN=GPR173 PE=1 SV=1	373
Q9Y2P8	sp|Q9Y2P8|RCL1_HUMAN RNA 3'-terminal phosphate cyclase-like protein OS=Homo sapiens OX=9606 GN=RCL1 PE=1 SV=3	373
P56589	sp|P56589|PEX3_HUMAN Peroxisomal biogenesis factor 3 OS=Homo sapiens OX=9606 GN=PEX3 PE=1 SV=1	373
Q02833	sp|Q02833|RASF7_HUMAN Ras association domain-containing protein 7 OS=Homo sapiens OX=9606 GN=RASSF7 PE=1 SV=1	373
P11766	sp|P11766|ADHX_HUMAN Alcohol dehydrogenase class-3 OS=Homo sapiens OX=9606 GN=ADH5 PE=1 SV=4	374
Q15629	sp|Q15629|TRAM1_HUMAN Translocating chain-associated membrane protein 1 OS=Homo sapiens OX=9606 GN=TRAM1 PE=1 SV=3	374
P12314	sp|P12314|FCGR1_HUMAN High affinity immunoglobulin gamma Fc receptor I OS=Homo sapiens OX=9606 GN=FCGR1A PE=1 SV=2	374
Q9UIK5	sp|Q9UIK5|TEFF2_HUMAN Tomoregulin-2 OS=Homo sapiens OX=9606 GN=TMEFF2 PE=1 SV=1	374
Q8NBK3	sp|Q8NBK3|SUMF1_HUMAN Formylglycine-generating enzyme OS=Homo sapiens OX=9606 GN=SUMF1 PE=1 SV=3	374
P50452	sp|P50452|SPB8_HUMAN Serpin B8 OS=Homo sapiens OX=9606 GN=SERPINB8 PE=1 SV=2	374
Q96G91	sp|Q96G91|P2Y11_HUMAN P2Y purinoceptor 11 OS=Homo sapiens OX=9606 GN=P2RY11 PE=1 SV=2	374
P60709	sp|P60709|ACTB_HUMAN Actin, cytoplasmic 1 OS=Homo sapiens OX=9606 GN=ACTB PE=1 SV=1	375
P63261	sp|P63261|ACTG_HUMAN Actin, cytoplasmic 2 OS=Homo sapiens OX=9606 GN=ACTG1 PE=1 SV=1	375
Q99733	sp|Q99733|NP1L4_HUMAN Nucleosome assembly protein 1-like 4 OS=Homo sapiens OX=9606 GN=NAP1L4 PE=1 SV=1	375
Q96A54	sp|Q96A54|PAQR1_HUMAN Adiponectin receptor protein 1 OS=Homo sapiens OX=9606 GN=ADIPOR1 PE=1 SV=1	375
P08571	sp|P08571|CD14_HUMAN Monocyte differentiation antigen CD14 OS=Homo sapiens OX=9606 GN=CD14 PE=1 SV=2	375
Q9NS67	sp|Q9NS67|GPR27_HUMAN Probable G-protein coupled receptor 27 OS=Homo sapiens OX=9606 GN=GPR27 PE=2 SV=1	375
Q9NW38	sp|Q9NW38|FANCL_HUMAN E3 ubiquitin-protein ligase FANCL OS=Homo sapiens OX=9606 GN=FANCL PE=1 SV=2	375
Q8WVN8	sp|Q8WVN8|UB2Q2_HUMAN Ubiquitin-conjugating enzyme E2 Q2 OS=Homo sapiens OX=9606 GN=UBE2Q2 PE=1 SV=1	375
P35659	sp|P35659|DEK_HUMAN Protein DEK OS=Homo sapiens OX=9606 GN=DEK PE=1 SV=1	375
Q9NXW2	sp|Q9NXW2|DJB12_HUMAN DnaJ homolog subfamily B member 12 OS=Homo sapiens OX=9606 GN=DNAJB12 PE=1 SV=5	375
Q11203	sp|Q11203|SIAT6_HUMAN CMP-N-acetylneuraminate-beta-1,4-galactoside alpha-2,3-sialyltransferase OS=Homo sapiens OX=9606 GN=ST3GAL3 PE=1 SV=1	375
Q96LA8	sp|Q96LA8|ANM6_HUMAN Protein arginine N-methyltransferase 6 OS=Homo sapiens OX=9606 GN=PRMT6 PE=1 SV=1	375
P00325	sp|P00325|ADH1B_HUMAN All-trans-retinol dehydrogenase [NAD(+)] ADH1B OS=Homo sapiens OX=9606 GN=ADH1B PE=1 SV=3	375
Q99527	sp|Q99527|GPER1_HUMAN G-protein coupled estrogen receptor 1 OS=Homo sapiens OX=9606 GN=GPER1 PE=1 SV=1	375
P35237	sp|P35237|SPB6_HUMAN Serpin B6 OS=Homo sapiens OX=9606 GN=SERPINB6 PE=1 SV=3	376
P61163	sp|P61163|ACTZ_HUMAN Alpha-centractin OS=Homo sapiens OX=9606 GN=ACTR1A PE=1 SV=1	376
Q9NRZ7	sp|Q9NRZ7|PLCC_HUMAN 1-acyl-sn-glycerol-3-phosphate acyltransferase gamma OS=Homo sapiens OX=9606 GN=AGPAT3 PE=1 SV=1	376
P42025	sp|P42025|ACTY_HUMAN Beta-centractin OS=Homo sapiens OX=9606 GN=ACTR1B PE=1 SV=1	376
Q8IXX5	sp|Q8IXX5|T183A_HUMAN Transmembrane protein 183A OS=Homo sapiens OX=9606 GN=TMEM183A PE=1 SV=2	376
Q9H4I3	sp|Q9H4I3|TRABD_HUMAN TraB domain-containing protein OS=Homo sapiens OX=9606 GN=TRABD PE=1 SV=1	376
Q9Y5B8	sp|Q9Y5B8|NDK7_HUMAN Nucleoside diphosphate kinase 7 OS=Homo sapiens OX=9606 GN=NME7 PE=1 SV=1	376
Q15049	sp|Q15049|MLC1_HUMAN Membrane protein MLC1 OS=Homo sapiens OX=9606 GN=MLC1 PE=1 SV=5	377
P62736	sp|P62736|ACTA_HUMAN Actin, aortic smooth muscle OS=Homo sapiens OX=9606 GN=ACTA2 PE=1 SV=1	377
Q96RQ1	sp|Q96RQ1|ERGI2_HUMAN Endoplasmic reticulum-Golgi intermediate compartment protein 2 OS=Homo sapiens OX=9606 GN=ERGIC2 PE=1 SV=2	377
Q14344	sp|Q14344|GNA13_HUMAN Guanine nucleotide-binding protein subunit alpha-13 OS=Homo sapiens OX=9606 GN=GNA13 PE=1 SV=2	377
Q8TCT9	sp|Q8TCT9|SPP_HUMAN Signal peptide peptidase OS=Homo sapiens OX=9606 GN=HM13 PE=1 SV=1	377
Q9H7Z7	sp|Q9H7Z7|PGES2_HUMAN Prostaglandin E synthase 2 OS=Homo sapiens OX=9606 GN=PTGES2 PE=1 SV=1	377
Q16795	sp|Q16795|NDUA9_HUMAN NADH dehydrogenase [ubiquinone] 1 alpha subcomplex subunit 9, mitochondrial OS=Homo sapiens OX=9606 GN=NDUFA9 PE=1 SV=2	377
Q9GZT8	sp|Q9GZT8|NIF3L_HUMAN NIF3-like protein 1 OS=Homo sapiens OX=9606 GN=NIF3L1 PE=1 SV=2	377
O75381	sp|O75381|PEX14_HUMAN Peroxisomal membrane protein PEX14 OS=Homo sapiens OX=9606 GN=PEX14 PE=1 SV=1	377
Q9BY41	sp|Q9BY41|HDAC8_HUMAN Histone deacetylase 8 OS=Homo sapiens OX=9606 GN=HDAC8 PE=1 SV=2	377
Q8N4Q0	sp|Q8N4Q0|PTGR3_HUMAN Prostaglandin reductase 3 OS=Homo sapiens OX=9606 GN=PTGR3 PE=1 SV=1	377
O60704	sp|O60704|TPST2_HUMAN Protein-tyrosine sulfotransferase 2 OS=Homo sapiens OX=9606 GN=TPST2 PE=1 SV=1	377
P49662	sp|P49662|CASP4_HUMAN Caspase-4 OS=Homo sapiens OX=9606 GN=CASP4 PE=1 SV=1	377
Q969W1	sp|Q969W1|ZDH16_HUMAN Palmitoyltransferase ZDHHC16 OS=Homo sapiens OX=9606 GN=ZDHHC16 PE=1 SV=1	377
Q9Y6U7	sp|Q9Y6U7|RN215_HUMAN RING finger protein 215 OS=Homo sapiens OX=9606 GN=RNF215 PE=1 SV=2	377
P68133	sp|P68133|ACTS_HUMAN Actin, alpha skeletal muscle OS=Homo sapiens OX=9606 GN=ACTA1 PE=1 SV=1	377
P51991	sp|P51991|ROA3_HUMAN Heterogeneous nuclear ribonucleoprotein A3 OS=Homo sapiens OX=9606 GN=HNRNPA3 PE=1 SV=2	378
Q16543	sp|Q16543|CDC37_HUMAN Hsp90 co-chaperone Cdc37 OS=Homo sapiens OX=9606 GN=CDC37 PE=1 SV=1	378
Q9NRZ5	sp|Q9NRZ5|PLCD_HUMAN 1-acyl-sn-glycerol-3-phosphate acyltransferase delta OS=Homo sapiens OX=9606 GN=AGPAT4 PE=1 SV=1	378
Q99500	sp|Q99500|S1PR3_HUMAN Sphingosine 1-phosphate receptor 3 OS=Homo sapiens OX=9606 GN=S1PR3 PE=1 SV=2	378
O96024	sp|O96024|B3GT4_HUMAN Beta-1,3-galactosyltransferase 4 OS=Homo sapiens OX=9606 GN=B3GALT4 PE=1 SV=1	378
P26951	sp|P26951|IL3RA_HUMAN Interleukin-3 receptor subunit alpha OS=Homo sapiens OX=9606 GN=IL3RA PE=1 SV=1	378
P49354	sp|P49354|FNTA_HUMAN Protein farnesyltransferase/geranylgeranyltransferase type-1 subunit alpha OS=Homo sapiens OX=9606 GN=FNTA PE=1 SV=1	379
P78508	sp|P78508|KCJ10_HUMAN ATP-sensitive inward rectifier potassium channel 10 OS=Homo sapiens OX=9606 GN=KCNJ10 PE=1 SV=1	379
P27361	sp|P27361|MK03_HUMAN Mitogen-activated protein kinase 3 OS=Homo sapiens OX=9606 GN=MAPK3 PE=1 SV=4	379
Q9UH62	sp|Q9UH62|ARMX3_HUMAN Armadillo repeat-containing X-linked protein 3 OS=Homo sapiens OX=9606 GN=ARMCX3 PE=1 SV=1	379
Q9H300	sp|Q9H300|PARL_HUMAN Presenilin-associated rhomboid-like protein, mitochondrial OS=Homo sapiens OX=9606 GN=PARL PE=1 SV=2	379
P30740	sp|P30740|ILEU_HUMAN Leukocyte elastase inhibitor OS=Homo sapiens OX=9606 GN=SERPINB1 PE=1 SV=1	379
Q8TBM8	sp|Q8TBM8|DJB14_HUMAN DnaJ homolog subfamily B member 14 OS=Homo sapiens OX=9606 GN=DNAJB14 PE=1 SV=1	379
Q86WV6	sp|Q86WV6|STING_HUMAN Stimulator of interferon genes protein OS=Homo sapiens OX=9606 GN=STING1 PE=1 SV=1	379
Q8NES3	sp|Q8NES3|LFNG_HUMAN Beta-1,3-N-acetylglucosaminyltransferase lunatic fringe OS=Homo sapiens OX=9606 GN=LFNG PE=1 SV=2	379
Q96G23	sp|Q96G23|CERS2_HUMAN Ceramide synthase 2 OS=Homo sapiens OX=9606 GN=CERS2 PE=1 SV=1	380
P35414	sp|P35414|APJ_HUMAN Apelin receptor OS=Homo sapiens OX=9606 GN=APLNR PE=1 SV=1	380
O00154	sp|O00154|BACH_HUMAN Cytosolic acyl coenzyme A thioester hydrolase OS=Homo sapiens OX=9606 GN=ACOT7 PE=1 SV=3	380
O43639	sp|O43639|NCK2_HUMAN Cytoplasmic protein NCK2 OS=Homo sapiens OX=9606 GN=NCK2 PE=1 SV=2	380
Q8IYR6	sp|Q8IYR6|TEFF1_HUMAN Tomoregulin-1 OS=Homo sapiens OX=9606 GN=TMEFF1 PE=1 SV=1	380
P50552	sp|P50552|VASP_HUMAN Vasodilator-stimulated phosphoprotein OS=Homo sapiens OX=9606 GN=VASP PE=1 SV=3	380
Q6YI46	sp|Q6YI46|TMM64_HUMAN Transmembrane protein 64 OS=Homo sapiens OX=9606 GN=TMEM64 PE=1 SV=2	380
P39748	sp|P39748|FEN1_HUMAN Flap endonuclease 1 OS=Homo sapiens OX=9606 GN=FEN1 PE=1 SV=1	380
Q96HA4	sp|Q96HA4|CA159_HUMAN Uncharacterized protein C1orf159 OS=Homo sapiens OX=9606 GN=C1orf159 PE=1 SV=2	380
Q8NFH3	sp|Q8NFH3|NUP43_HUMAN Nucleoporin Nup43 OS=Homo sapiens OX=9606 GN=NUP43 PE=1 SV=1	380
B2RXF0	sp|B2RXF0|T229A_HUMAN Transmembrane protein 229A OS=Homo sapiens OX=9606 GN=TMEM229A PE=1 SV=2	380
P49908	sp|P49908|SEPP1_HUMAN Selenoprotein P OS=Homo sapiens OX=9606 GN=SELENOP PE=1 SV=3	381
P12277	sp|P12277|KCRB_HUMAN Creatine kinase B-type OS=Homo sapiens OX=9606 GN=CKB PE=1 SV=1	381
O43567	sp|O43567|RNF13_HUMAN E3 ubiquitin-protein ligase RNF13 OS=Homo sapiens OX=9606 GN=RNF13 PE=1 SV=1	381
P10644	sp|P10644|KAP0_HUMAN cAMP-dependent protein kinase type I-alpha regulatory subunit OS=Homo sapiens OX=9606 GN=PRKAR1A PE=1 SV=1	381
P08174	sp|P08174|DAF_HUMAN Complement decay-accelerating factor OS=Homo sapiens OX=9606 GN=CD55 PE=1 SV=4	381
Q9P0J7	sp|Q9P0J7|KCMF1_HUMAN E3 ubiquitin-protein ligase KCMF1 OS=Homo sapiens OX=9606 GN=KCMF1 PE=1 SV=2	381
Q9UPC5	sp|Q9UPC5|GPR34_HUMAN Probable G-protein coupled receptor 34 OS=Homo sapiens OX=9606 GN=GPR34 PE=1 SV=2	381
Q16828	sp|Q16828|DUS6_HUMAN Dual specificity protein phosphatase 6 OS=Homo sapiens OX=9606 GN=DUSP6 PE=1 SV=2	381
P06732	sp|P06732|KCRM_HUMAN Creatine kinase M-type OS=Homo sapiens OX=9606 GN=CKM PE=1 SV=2	381
P17302	sp|P17302|CXA1_HUMAN Gap junction alpha-1 protein OS=Homo sapiens OX=9606 GN=GJA1 PE=1 SV=2	382
P21453	sp|P21453|S1PR1_HUMAN Sphingosine 1-phosphate receptor 1 OS=Homo sapiens OX=9606 GN=S1PR1 PE=1 SV=2	382
P21283	sp|P21283|VATC1_HUMAN V-type proton ATPase subunit C 1 OS=Homo sapiens OX=9606 GN=ATP6V1C1 PE=1 SV=4	382
P35813	sp|P35813|PPM1A_HUMAN Protein phosphatase 1A OS=Homo sapiens OX=9606 GN=PPM1A PE=1 SV=1	382
Q6UX15	sp|Q6UX15|LAYN_HUMAN Layilin OS=Homo sapiens OX=9606 GN=LAYN PE=1 SV=1	382
Q16644	sp|Q16644|MAPK3_HUMAN MAP kinase-activated protein kinase 3 OS=Homo sapiens OX=9606 GN=MAPKAPK3 PE=1 SV=1	382
Q9UHK6	sp|Q9UHK6|AMACR_HUMAN Alpha-methylacyl-CoA racemase OS=Homo sapiens OX=9606 GN=AMACR PE=1 SV=2	382
P51888	sp|P51888|PRELP_HUMAN Prolargin OS=Homo sapiens OX=9606 GN=PRELP PE=1 SV=1	382
Q9Y282	sp|Q9Y282|ERGI3_HUMAN Endoplasmic reticulum-Golgi intermediate compartment protein 3 OS=Homo sapiens OX=9606 GN=ERGIC3 PE=1 SV=1	383
P36222	sp|P36222|CH3L1_HUMAN Chitinase-3-like protein 1 OS=Homo sapiens OX=9606 GN=CHI3L1 PE=1 SV=2	383
O95084	sp|O95084|PRS23_HUMAN Serine protease 23 OS=Homo sapiens OX=9606 GN=PRSS23 PE=1 SV=1	383
Q8TCT6	sp|Q8TCT6|SPPL3_HUMAN Signal peptide peptidase-like 3 OS=Homo sapiens OX=9606 GN=SPPL3 PE=1 SV=2	384
Q16690	sp|Q16690|DUS5_HUMAN Dual specificity protein phosphatase 5 OS=Homo sapiens OX=9606 GN=DUSP5 PE=1 SV=2	384
P35613	sp|P35613|BASI_HUMAN Basigin OS=Homo sapiens OX=9606 GN=BSG PE=1 SV=2	385
Q8N490	sp|Q8N490|PNKD_HUMAN Probable thioesterase PNKD OS=Homo sapiens OX=9606 GN=PNKD PE=1 SV=2	385
O43837	sp|O43837|IDH3B_HUMAN Isocitrate dehydrogenase [NAD] subunit beta, mitochondrial OS=Homo sapiens OX=9606 GN=IDH3B PE=1 SV=2	385
Q12824	sp|Q12824|SNF5_HUMAN SWI/SNF-related matrix-associated actin-dependent regulator of chromatin subfamily B member 1 OS=Homo sapiens OX=9606 GN=SMARCB1 PE=1 SV=2	385
P28906	sp|P28906|CD34_HUMAN Hematopoietic progenitor cell antigen CD34 OS=Homo sapiens OX=9606 GN=CD34 PE=1 SV=2	385
Q86V24	sp|Q86V24|PAQR2_HUMAN Adiponectin receptor protein 2 OS=Homo sapiens OX=9606 GN=ADIPOR2 PE=1 SV=1	386
Q6NVY1	sp|Q6NVY1|HIBCH_HUMAN 3-hydroxyisobutyryl-CoA hydrolase, mitochondrial OS=Homo sapiens OX=9606 GN=HIBCH PE=1 SV=2	386
Q9Y570	sp|Q9Y570|PPME1_HUMAN Protein phosphatase methylesterase 1 OS=Homo sapiens OX=9606 GN=PPME1 PE=1 SV=3	386
Q9ULI2	sp|Q9ULI2|RIMKB_HUMAN Beta-citrylglutamate synthase B OS=Homo sapiens OX=9606 GN=RIMKLB PE=1 SV=2	386
Q9Y3P4	sp|Q9Y3P4|RHBD3_HUMAN Rhomboid domain-containing protein 3 OS=Homo sapiens OX=9606 GN=RHBDD3 PE=1 SV=1	386
P53582	sp|P53582|MAP11_HUMAN Methionine aminopeptidase 1 OS=Homo sapiens OX=9606 GN=METAP1 PE=1 SV=2	386
O00445	sp|O00445|SYT5_HUMAN Synaptotagmin-5 OS=Homo sapiens OX=9606 GN=SYT5 PE=1 SV=2	386
P54687	sp|P54687|BCAT1_HUMAN Branched-chain-amino-acid aminotransferase, cytosolic OS=Homo sapiens OX=9606 GN=BCAT1 PE=1 SV=3	386
O95801	sp|O95801|CNS1_HUMAN Hsp70/Hsp90 co-chaperone CNS1 homolog OS=Homo sapiens OX=9606 GN=TTC4 PE=1 SV=3	387
O75936	sp|O75936|BODG_HUMAN Gamma-butyrobetaine dioxygenase OS=Homo sapiens OX=9606 GN=BBOX1 PE=1 SV=1	387
Q16816	sp|Q16816|PHKG1_HUMAN Phosphorylase b kinase gamma catalytic chain, skeletal muscle/heart isoform OS=Homo sapiens OX=9606 GN=PHKG1 PE=1 SV=3	387
Q8NFZ8	sp|Q8NFZ8|CADM4_HUMAN Cell adhesion molecule 4 OS=Homo sapiens OX=9606 GN=CADM4 PE=1 SV=1	388
Q9NUE0	sp|Q9NUE0|ZDH18_HUMAN Palmitoyltransferase ZDHHC18 OS=Homo sapiens OX=9606 GN=ZDHHC18 PE=1 SV=2	388
O43286	sp|O43286|B4GT5_HUMAN Beta-1,4-galactosyltransferase 5 OS=Homo sapiens OX=9606 GN=B4GALT5 PE=1 SV=1	388
Q99571	sp|Q99571|P2RX4_HUMAN P2X purinoceptor 4 OS=Homo sapiens OX=9606 GN=P2RX4 PE=1 SV=2	388
Q9H488	sp|Q9H488|OFUT1_HUMAN GDP-fucose protein O-fucosyltransferase 1 OS=Homo sapiens OX=9606 GN=POFUT1 PE=1 SV=1	388
Q8IXJ6	sp|Q8IXJ6|SIR2_HUMAN NAD-dependent protein deacetylase sirtuin-2 OS=Homo sapiens OX=9606 GN=SIRT2 PE=1 SV=2	389
Q9NZJ7	sp|Q9NZJ7|MTCH1_HUMAN Mitochondrial carrier homolog 1 OS=Homo sapiens OX=9606 GN=MTCH1 PE=1 SV=1	389
Q99447	sp|Q99447|PCY2_HUMAN Ethanolamine-phosphate cytidylyltransferase OS=Homo sapiens OX=9606 GN=PCYT2 PE=1 SV=1	389
Q15008	sp|Q15008|PSMD6_HUMAN 26S proteasome non-ATPase regulatory subunit 6 OS=Homo sapiens OX=9606 GN=PSMD6 PE=1 SV=1	389
Q13336	sp|Q13336|UT1_HUMAN Urea transporter 1 OS=Homo sapiens OX=9606 GN=SLC14A1 PE=1 SV=2	389
Q5U4P2	sp|Q5U4P2|ASPH1_HUMAN Aspartate beta-hydroxylase domain-containing protein 1 OS=Homo sapiens OX=9606 GN=ASPHD1 PE=1 SV=3	390
Q6NZI2	sp|Q6NZI2|CAVN1_HUMAN Caveolae-associated protein 1 OS=Homo sapiens OX=9606 GN=CAVIN1 PE=1 SV=1	390
Q15782	sp|Q15782|CH3L2_HUMAN Chitinase-3-like protein 2 OS=Homo sapiens OX=9606 GN=CHI3L2 PE=1 SV=1	390
Q12905	sp|Q12905|ILF2_HUMAN Interleukin enhancer-binding factor 2 OS=Homo sapiens OX=9606 GN=ILF2 PE=1 SV=2	390
Q99816	sp|Q99816|TS101_HUMAN Tumor susceptibility gene 101 protein OS=Homo sapiens OX=9606 GN=TSG101 PE=1 SV=2	390
Q96AP7	sp|Q96AP7|ESAM_HUMAN Endothelial cell-selective adhesion molecule OS=Homo sapiens OX=9606 GN=ESAM PE=1 SV=1	390
P08559	sp|P08559|ODPA_HUMAN Pyruvate dehydrogenase E1 component subunit alpha, somatic form, mitochondrial OS=Homo sapiens OX=9606 GN=PDHA1 PE=1 SV=3	390
Q8IVS2	sp|Q8IVS2|FABD_HUMAN Malonyl-CoA-acyl carrier protein transacylase, mitochondrial OS=Homo sapiens OX=9606 GN=MCAT PE=1 SV=2	390
P55209	sp|P55209|NP1L1_HUMAN Nucleosome assembly protein 1-like 1 OS=Homo sapiens OX=9606 GN=NAP1L1 PE=1 SV=1	391
Q9H3M7	sp|Q9H3M7|TXNIP_HUMAN Thioredoxin-interacting protein OS=Homo sapiens OX=9606 GN=TXNIP PE=1 SV=1	391
Q00587	sp|Q00587|BORG5_HUMAN Cdc42 effector protein 1 OS=Homo sapiens OX=9606 GN=CDC42EP1 PE=1 SV=1	391
Q15011	sp|Q15011|HERP1_HUMAN Homocysteine-responsive endoplasmic reticulum-resident ubiquitin-like domain member 1 protein OS=Homo sapiens OX=9606 GN=HERPUD1 PE=1 SV=1	391
P38159	sp|P38159|RBMX_HUMAN RNA-binding motif protein, X chromosome OS=Homo sapiens OX=9606 GN=RBMX PE=1 SV=3	391
Q92785	sp|Q92785|REQU_HUMAN Zinc finger protein ubi-d4 OS=Homo sapiens OX=9606 GN=DPF2 PE=1 SV=2	391
P68400	sp|P68400|CSK21_HUMAN Casein kinase II subunit alpha OS=Homo sapiens OX=9606 GN=CSNK2A1 PE=1 SV=1	391
Q9H871	sp|Q9H871|RMD5A_HUMAN E3 ubiquitin-protein transferase RMND5A OS=Homo sapiens OX=9606 GN=RMND5A PE=1 SV=1	391
Q9BRP4	sp|Q9BRP4|PAAF1_HUMAN Proteasomal ATPase-associated factor 1 OS=Homo sapiens OX=9606 GN=PAAF1 PE=1 SV=2	392
Q9Y383	sp|Q9Y383|LC7L2_HUMAN Putative RNA-binding protein Luc7-like 2 OS=Homo sapiens OX=9606 GN=LUC7L2 PE=1 SV=2	392
P15529	sp|P15529|MCP_HUMAN Membrane cofactor protein OS=Homo sapiens OX=9606 GN=CD46 PE=1 SV=3	392
P49903	sp|P49903|SPS1_HUMAN Zincore component SEPHS1 OS=Homo sapiens OX=9606 GN=SEPHS1 PE=1 SV=2	392
Q9H0C8	sp|Q9H0C8|ILKAP_HUMAN Integrin-linked kinase-associated serine/threonine phosphatase 2C OS=Homo sapiens OX=9606 GN=ILKAP PE=1 SV=1	392
O15382	sp|O15382|BCAT2_HUMAN Branched-chain-amino-acid aminotransferase, mitochondrial OS=Homo sapiens OX=9606 GN=BCAT2 PE=1 SV=2	392
Q8N5B7	sp|Q8N5B7|CERS5_HUMAN Ceramide synthase 5 OS=Homo sapiens OX=9606 GN=CERS5 PE=1 SV=1	392
P51570	sp|P51570|GALK1_HUMAN Galactokinase OS=Homo sapiens OX=9606 GN=GALK1 PE=1 SV=1	392
P21953	sp|P21953|ODBB_HUMAN 2-oxoisovalerate dehydrogenase subunit beta, mitochondrial OS=Homo sapiens OX=9606 GN=BCKDHB PE=1 SV=2	392
Q99536	sp|Q99536|VAT1_HUMAN NADPH-dependent quinone oxidoreductase VAT1 OS=Homo sapiens OX=9606 GN=VAT1 PE=1 SV=2	393
P51553	sp|P51553|IDH3G_HUMAN Isocitrate dehydrogenase [NAD] subunit gamma, mitochondrial OS=Homo sapiens OX=9606 GN=IDH3G PE=1 SV=1	393
Q92806	sp|Q92806|KCNJ9_HUMAN G protein-activated inward rectifier potassium channel 3 OS=Homo sapiens OX=9606 GN=KCNJ9 PE=1 SV=2	393
Q8NBR0	sp|Q8NBR0|P5I13_HUMAN Tumor protein p53-inducible protein 13 OS=Homo sapiens OX=9606 GN=TP53I13 PE=1 SV=1	393
Q9Y4P1	sp|Q9Y4P1|ATG4B_HUMAN Cysteine protease ATG4B OS=Homo sapiens OX=9606 GN=ATG4B PE=1 SV=2	393
Q96G75	sp|Q96G75|RMD5B_HUMAN E3 ubiquitin-protein transferase RMND5B OS=Homo sapiens OX=9606 GN=RMND5B PE=1 SV=1	393
Q02750	sp|Q02750|MP2K1_HUMAN Dual specificity mitogen-activated protein kinase kinase 1 OS=Homo sapiens OX=9606 GN=MAP2K1 PE=1 SV=2	393
Q9NQR1	sp|Q9NQR1|KMT5A_HUMAN N-lysine methyltransferase KMT5A OS=Homo sapiens OX=9606 GN=KMT5A PE=1 SV=3	393
O60512	sp|O60512|B4GT3_HUMAN Beta-1,4-galactosyltransferase 3 OS=Homo sapiens OX=9606 GN=B4GALT3 PE=1 SV=2	393
Q5T8I9	sp|Q5T8I9|HENMT_HUMAN Small RNA 2'-O-methyltransferase OS=Homo sapiens OX=9606 GN=HENMT1 PE=1 SV=1	393
P04637	sp|P04637|P53_HUMAN Cellular tumor antigen p53 OS=Homo sapiens OX=9606 GN=TP53 PE=1 SV=4	393
Q92597	sp|Q92597|NDRG1_HUMAN Protein NDRG1 OS=Homo sapiens OX=9606 GN=NDRG1 PE=1 SV=1	394
P61160	sp|P61160|ARP2_HUMAN Actin-related protein 2 OS=Homo sapiens OX=9606 GN=ACTR2 PE=1 SV=1	394
Q9UQ80	sp|Q9UQ80|PA2G4_HUMAN Proliferation-associated protein 2G4 OS=Homo sapiens OX=9606 GN=PA2G4 PE=1 SV=3	394
Q9HA82	sp|Q9HA82|CERS4_HUMAN Ceramide synthase 4 OS=Homo sapiens OX=9606 GN=CERS4 PE=1 SV=2	394
O75521	sp|O75521|ECI2_HUMAN Enoyl-CoA delta isomerase 2 OS=Homo sapiens OX=9606 GN=ECI2 PE=1 SV=4	394
Q6P6C2	sp|Q6P6C2|ALKB5_HUMAN RNA demethylase ALKBH5 OS=Homo sapiens OX=9606 GN=ALKBH5 PE=1 SV=2	394
Q9H814	sp|Q9H814|PHAX_HUMAN Phosphorylated adapter RNA export protein OS=Homo sapiens OX=9606 GN=PHAX PE=1 SV=1	394
Q16739	sp|Q16739|CEGT_HUMAN Ceramide glucosyltransferase OS=Homo sapiens OX=9606 GN=UGCG PE=1 SV=1	394
P31153	sp|P31153|METK2_HUMAN S-adenosylmethionine synthase isoform type-2 OS=Homo sapiens OX=9606 GN=MAT2A PE=1 SV=1	395
Q13510	sp|Q13510|ASAH1_HUMAN Acid ceramidase OS=Homo sapiens OX=9606 GN=ASAH1 PE=1 SV=5	395
P15692	sp|P15692|VEGFA_HUMAN Vascular endothelial growth factor A, long form OS=Homo sapiens OX=9606 GN=VEGFA PE=1 SV=3	395
Q9H6D3	sp|Q9H6D3|XKR8_HUMAN XK-related protein 8 OS=Homo sapiens OX=9606 GN=XKR8 PE=1 SV=1	395
O14775	sp|O14775|GNB5_HUMAN Guanine nucleotide-binding protein subunit beta-5 OS=Homo sapiens OX=9606 GN=GNB5 PE=1 SV=2	395
Q92665	sp|Q92665|RT31_HUMAN Small ribosomal subunit protein mS31 OS=Homo sapiens OX=9606 GN=MRPS31 PE=1 SV=3	395
Q92643	sp|Q92643|GPI8_HUMAN GPI-anchor transamidase OS=Homo sapiens OX=9606 GN=PIGK PE=1 SV=2	395
Q9GZX3	sp|Q9GZX3|CHST6_HUMAN Carbohydrate sulfotransferase 6 OS=Homo sapiens OX=9606 GN=CHST6 PE=1 SV=1	395
Q9Y259	sp|Q9Y259|CHKB_HUMAN Choline/ethanolamine kinase OS=Homo sapiens OX=9606 GN=CHKB PE=1 SV=3	395
Q9NTK5	sp|Q9NTK5|OLA1_HUMAN Obg-like ATPase 1 OS=Homo sapiens OX=9606 GN=OLA1 PE=1 SV=2	396
Q03426	sp|Q03426|KIME_HUMAN Mevalonate kinase OS=Homo sapiens OX=9606 GN=MVK PE=1 SV=1	396
P82933	sp|P82933|RT09_HUMAN Small ribosomal subunit protein uS9m OS=Homo sapiens OX=9606 GN=MRPS9 PE=1 SV=2	396
Q7L5Y9	sp|Q7L5Y9|MAEA_HUMAN E3 ubiquitin-protein transferase MAEA OS=Homo sapiens OX=9606 GN=MAEA PE=1 SV=1	396
P78381	sp|P78381|S35A2_HUMAN UDP-galactose translocator OS=Homo sapiens OX=9606 GN=SLC35A2 PE=1 SV=1	396
Q9HAS0	sp|Q9HAS0|NJMU_HUMAN Protein Njmu-R1 OS=Homo sapiens OX=9606 GN=C17orf75 PE=1 SV=2	396
Q53F39	sp|Q53F39|MPPE1_HUMAN Metallophosphoesterase 1 OS=Homo sapiens OX=9606 GN=MPPE1 PE=1 SV=2	396
Q99986	sp|Q99986|VRK1_HUMAN Serine/threonine-protein kinase VRK1 OS=Homo sapiens OX=9606 GN=VRK1 PE=1 SV=1	396
P42765	sp|P42765|THIM_HUMAN 3-ketoacyl-CoA thiolase, mitochondrial OS=Homo sapiens OX=9606 GN=ACAA2 PE=1 SV=2	397
Q9BWD1	sp|Q9BWD1|THIC_HUMAN Acetyl-CoA acetyltransferase, cytosolic OS=Homo sapiens OX=9606 GN=ACAT2 PE=1 SV=2	397
P78423	sp|P78423|X3CL1_HUMAN Fractalkine OS=Homo sapiens OX=9606 GN=CX3CL1 PE=1 SV=1	397
Q9C0D9	sp|Q9C0D9|EPT1_HUMAN Ethanolaminephosphotransferase 1 OS=Homo sapiens OX=9606 GN=SELENOI PE=1 SV=3	397
Q9NY97	sp|Q9NY97|B3GN2_HUMAN N-acetyllactosaminide beta-1,3-N-acetylglucosaminyltransferase 2 OS=Homo sapiens OX=9606 GN=B3GNT2 PE=1 SV=2	397
Q8N2K0	sp|Q8N2K0|ABD12_HUMAN Lysophosphatidylserine lipase ABHD12 OS=Homo sapiens OX=9606 GN=ABHD12 PE=1 SV=2	398
Q15438	sp|Q15438|CYH1_HUMAN Cytohesin-1 OS=Homo sapiens OX=9606 GN=CYTH1 PE=1 SV=1	398
Q9H228	sp|Q9H228|S1PR5_HUMAN Sphingosine 1-phosphate receptor 5 OS=Homo sapiens OX=9606 GN=S1PR5 PE=1 SV=1	398
P07093	sp|P07093|GDN_HUMAN Glia-derived nexin OS=Homo sapiens OX=9606 GN=SERPINE2 PE=1 SV=1	398
Q96G97	sp|Q96G97|BSCL2_HUMAN Seipin OS=Homo sapiens OX=9606 GN=BSCL2 PE=1 SV=3	398
Q9Y639	sp|Q9Y639|NPTN_HUMAN Neuroplastin OS=Homo sapiens OX=9606 GN=NPTN PE=1 SV=2	398
P51398	sp|P51398|RT29_HUMAN Small ribosomal subunit protein mS29 OS=Homo sapiens OX=9606 GN=DAP3 PE=1 SV=1	398
Q8N126	sp|Q8N126|CADM3_HUMAN Cell adhesion molecule 3 OS=Homo sapiens OX=9606 GN=CADM3 PE=1 SV=1	398
Q9UBI4	sp|Q9UBI4|STML1_HUMAN Stomatin-like protein 1 OS=Homo sapiens OX=9606 GN=STOML1 PE=1 SV=1	398
P01876	sp|P01876|IGHA1_HUMAN Immunoglobulin heavy constant alpha 1 OS=Homo sapiens OX=9606 GN=IGHA1 PE=1 SV=3	398
O14791	sp|O14791|APOL1_HUMAN Apolipoprotein L1 OS=Homo sapiens OX=9606 GN=APOL1 PE=1 SV=5	398
P15291	sp|P15291|B4GT1_HUMAN Beta-1,4-galactosyltransferase 1 OS=Homo sapiens OX=9606 GN=B4GALT1 PE=1 SV=5	398
O43813	sp|O43813|LANC1_HUMAN Glutathione S-transferase LANCL1 OS=Homo sapiens OX=9606 GN=LANCL1 PE=1 SV=1	399
P38571	sp|P38571|LICH_HUMAN Lysosomal acid lipase/cholesteryl ester hydrolase OS=Homo sapiens OX=9606 GN=LIPA PE=1 SV=2	399
Q99442	sp|Q99442|SEC62_HUMAN Translocation protein SEC62 OS=Homo sapiens OX=9606 GN=SEC62 PE=1 SV=1	399
P49441	sp|P49441|INPP_HUMAN Inositol polyphosphate 1-phosphatase OS=Homo sapiens OX=9606 GN=INPP1 PE=1 SV=1	399
O60478	sp|O60478|G137B_HUMAN Integral membrane protein GPR137B OS=Homo sapiens OX=9606 GN=GPR137B PE=1 SV=1	399
Q9Y279	sp|Q9Y279|VSIG4_HUMAN V-set and immunoglobulin domain-containing protein 4 OS=Homo sapiens OX=9606 GN=VSIG4 PE=1 SV=1	399
P01857	sp|P01857|IGHG1_HUMAN Immunoglobulin heavy constant gamma 1 OS=Homo sapiens OX=9606 GN=IGHG1 PE=1 SV=2	399
P45985	sp|P45985|MP2K4_HUMAN Dual specificity mitogen-activated protein kinase kinase 4 OS=Homo sapiens OX=9606 GN=MAP2K4 PE=1 SV=1	399
Q9NTG7	sp|Q9NTG7|SIR3_HUMAN NAD-dependent protein deacetylase sirtuin-3, mitochondrial OS=Homo sapiens OX=9606 GN=SIRT3 PE=1 SV=2	399
O95684	sp|O95684|CEP43_HUMAN Centrosomal protein 43 OS=Homo sapiens OX=9606 GN=CEP43 PE=1 SV=1	399
P36507	sp|P36507|MP2K2_HUMAN Dual specificity mitogen-activated protein kinase kinase 2 OS=Homo sapiens OX=9606 GN=MAP2K2 PE=1 SV=1	400
Q92734	sp|Q92734|TFG_HUMAN Protein TFG OS=Homo sapiens OX=9606 GN=TFG PE=1 SV=2	400
P53602	sp|P53602|MVD1_HUMAN Diphosphomevalonate decarboxylase OS=Homo sapiens OX=9606 GN=MVD PE=1 SV=1	400
P49137	sp|P49137|MAPK2_HUMAN MAP kinase-activated protein kinase 2 OS=Homo sapiens OX=9606 GN=MAPKAPK2 PE=1 SV=1	400
Q8N9N2	sp|Q8N9N2|ASCC1_HUMAN Activating signal cointegrator 1 complex subunit 1 OS=Homo sapiens OX=9606 GN=ASCC1 PE=1 SV=1	400
Q9BTV4	sp|Q9BTV4|TMM43_HUMAN Transmembrane protein 43 OS=Homo sapiens OX=9606 GN=TMEM43 PE=1 SV=1	400
Q99418	sp|Q99418|CYH2_HUMAN Cytohesin-2 OS=Homo sapiens OX=9606 GN=CYTH2 PE=1 SV=2	400
P15509	sp|P15509|CSF2R_HUMAN Granulocyte-macrophage colony-stimulating factor receptor subunit alpha OS=Homo sapiens OX=9606 GN=CSF2RA PE=1 SV=1	400
P00973	sp|P00973|OAS1_HUMAN 2'-5'-oligoadenylate synthase 1 OS=Homo sapiens OX=9606 GN=OAS1 PE=1 SV=4	400
Q8NC42	sp|Q8NC42|RN149_HUMAN E3 ubiquitin-protein ligase RNF149 OS=Homo sapiens OX=9606 GN=RNF149 PE=1 SV=2	400
Q9NRC8	sp|Q9NRC8|SIR7_HUMAN NAD-dependent protein deacetylase sirtuin-7 OS=Homo sapiens OX=9606 GN=SIRT7 PE=1 SV=1	400
Q8NBJ4	sp|Q8NBJ4|GOLM1_HUMAN Golgi membrane protein 1 OS=Homo sapiens OX=9606 GN=GOLM1 PE=1 SV=1	401
Q96I25	sp|Q96I25|SPF45_HUMAN Splicing factor 45 OS=Homo sapiens OX=9606 GN=RBM17 PE=1 SV=1	401
Q8WVQ1	sp|Q8WVQ1|CANT1_HUMAN Soluble calcium-activated nucleotidase 1 OS=Homo sapiens OX=9606 GN=CANT1 PE=1 SV=1	401
Q9H1N7	sp|Q9H1N7|S35B3_HUMAN Adenosine 3'-phospho 5'-phosphosulfate transporter 2 OS=Homo sapiens OX=9606 GN=SLC35B3 PE=1 SV=1	401
P05121	sp|P05121|PAI1_HUMAN Plasminogen activator inhibitor 1 OS=Homo sapiens OX=9606 GN=SERPINE1 PE=1 SV=1	402
P39023	sp|P39023|RL3_HUMAN Large ribosomal subunit protein uL3 OS=Homo sapiens OX=9606 GN=RPL3 PE=1 SV=2	403
Q9NZH0	sp|Q9NZH0|GPC5B_HUMAN G-protein coupled receptor family C group 5 member B OS=Homo sapiens OX=9606 GN=GPRC5B PE=1 SV=2	403
Q96BZ9	sp|Q96BZ9|TBC20_HUMAN TBC1 domain family member 20 OS=Homo sapiens OX=9606 GN=TBC1D20 PE=1 SV=1	403
Q9BXR0	sp|Q9BXR0|TGT_HUMAN Queuine tRNA-ribosyltransferase catalytic subunit 1 OS=Homo sapiens OX=9606 GN=QTRT1 PE=1 SV=3	403
Q9BRR3	sp|Q9BRR3|PGAP4_HUMAN GPI-N-acetylgalactosamine transferase PGAP4 OS=Homo sapiens OX=9606 GN=PGAP4 PE=1 SV=1	403
P60484	sp|P60484|PTEN_HUMAN Phosphatidylinositol 3,4,5-trisphosphate 3-phosphatase and dual-specificity protein phosphatase PTEN OS=Homo sapiens OX=9606 GN=PTEN PE=1 SV=1	403
Q8IWR1	sp|Q8IWR1|TRI59_HUMAN Tripartite motif-containing protein 59 OS=Homo sapiens OX=9606 GN=TRIM59 PE=1 SV=1	403
Q92968	sp|Q92968|PEX13_HUMAN Peroxisomal membrane protein PEX13 OS=Homo sapiens OX=9606 GN=PEX13 PE=1 SV=2	403
Q0D2K0	sp|Q0D2K0|NIPA4_HUMAN Magnesium transporter NIPA4 OS=Homo sapiens OX=9606 GN=NIPAL4 PE=1 SV=4	404
Q9GZZ9	sp|Q9GZZ9|UBA5_HUMAN Ubiquitin-like modifier-activating enzyme 5 OS=Homo sapiens OX=9606 GN=UBA5 PE=1 SV=1	404
P29466	sp|P29466|CASP1_HUMAN Caspase-1 OS=Homo sapiens OX=9606 GN=CASP1 PE=1 SV=1	404
P10588	sp|P10588|NR2F6_HUMAN Nuclear receptor subfamily 2 group F member 6 OS=Homo sapiens OX=9606 GN=NR2F6 PE=1 SV=2	404
P13861	sp|P13861|KAP2_HUMAN cAMP-dependent protein kinase type II-alpha regulatory subunit OS=Homo sapiens OX=9606 GN=PRKAR2A PE=1 SV=2	404
P58872	sp|P58872|RHBL3_HUMAN Rhomboid-related protein 3 OS=Homo sapiens OX=9606 GN=RHBDL3 PE=1 SV=1	404
P51810	sp|P51810|GP143_HUMAN G-protein coupled receptor 143 OS=Homo sapiens OX=9606 GN=GPR143 PE=1 SV=2	404
Q08495	sp|Q08495|DEMA_HUMAN Dematin OS=Homo sapiens OX=9606 GN=DMTN PE=1 SV=3	405
P0CK96	sp|P0CK96|S352B_HUMAN Solute carrier family 35 member E2B OS=Homo sapiens OX=9606 GN=SLC35E2B PE=1 SV=1	405
P48426	sp|P48426|PI42A_HUMAN Phosphatidylinositol 5-phosphate 4-kinase type-2 alpha OS=Homo sapiens OX=9606 GN=PIP4K2A PE=1 SV=2	406
P60842	sp|P60842|IF4A1_HUMAN Eukaryotic initiation factor 4A-I OS=Homo sapiens OX=9606 GN=EIF4A1 PE=1 SV=1	406
P62195	sp|P62195|PRS8_HUMAN 26S proteasome regulatory subunit 8 OS=Homo sapiens OX=9606 GN=PSMC5 PE=1 SV=1	406
Q9UNH7	sp|Q9UNH7|SNX6_HUMAN Sorting nexin-6 OS=Homo sapiens OX=9606 GN=SNX6 PE=1 SV=1	406
Q6P499	sp|Q6P499|NPAL3_HUMAN NIPA-like protein 3 OS=Homo sapiens OX=9606 GN=NIPAL3 PE=1 SV=1	406
Q06587	sp|Q06587|RING1_HUMAN E3 ubiquitin-protein ligase RING1 OS=Homo sapiens OX=9606 GN=RING1 PE=1 SV=2	406
Q8WUD6	sp|Q8WUD6|CHPT1_HUMAN Cholinephosphotransferase 1 OS=Homo sapiens OX=9606 GN=CHPT1 PE=1 SV=1	406
Q9BY76	sp|Q9BY76|ANGL4_HUMAN Angiopoietin-related protein 4 OS=Homo sapiens OX=9606 GN=ANGPTL4 PE=1 SV=2	406
Q96GC9	sp|Q96GC9|VMP1_HUMAN Vacuole membrane protein 1 OS=Homo sapiens OX=9606 GN=VMP1 PE=1 SV=1	406
P15907	sp|P15907|SIAT1_HUMAN Beta-galactoside alpha-2,6-sialyltransferase 1 OS=Homo sapiens OX=9606 GN=ST6GAL1 PE=1 SV=1	406
Q8N6T3	sp|Q8N6T3|ARFG1_HUMAN ADP-ribosylation factor GTPase-activating protein 1 OS=Homo sapiens OX=9606 GN=ARFGAP1 PE=1 SV=2	406
Q8WWB7	sp|Q8WWB7|GLMP_HUMAN Glycosylated lysosomal membrane protein OS=Homo sapiens OX=9606 GN=GLMP PE=1 SV=1	406
Q9BSE4	sp|Q9BSE4|HERP2_HUMAN Homocysteine-responsive endoplasmic reticulum-resident ubiquitin-like domain member 2 protein OS=Homo sapiens OX=9606 GN=HERPUD2 PE=1 SV=2	406
P15735	sp|P15735|PHKG2_HUMAN Phosphorylase b kinase gamma catalytic chain, liver/testis isoform OS=Homo sapiens OX=9606 GN=PHKG2 PE=1 SV=1	406
Q9Y2C2	sp|Q9Y2C2|UST_HUMAN Uronyl 2-sulfotransferase OS=Homo sapiens OX=9606 GN=UST PE=1 SV=1	406
P00738	sp|P00738|HPT_HUMAN Haptoglobin OS=Homo sapiens OX=9606 GN=HP PE=1 SV=1	406
Q9BS26	sp|Q9BS26|ERP44_HUMAN Endoplasmic reticulum resident protein 44 OS=Homo sapiens OX=9606 GN=ERP44 PE=1 SV=1	406
Q14240	sp|Q14240|IF4A2_HUMAN Eukaryotic initiation factor 4A-II OS=Homo sapiens OX=9606 GN=EIF4A2 PE=1 SV=2	407
Q9Y519	sp|Q9Y519|T184B_HUMAN Transmembrane protein 184B OS=Homo sapiens OX=9606 GN=TMEM184B PE=1 SV=2	407
Q96KS0	sp|Q96KS0|EGLN2_HUMAN Prolyl hydroxylase EGLN2 OS=Homo sapiens OX=9606 GN=EGLN2 PE=1 SV=1	407
Q96EP5	sp|Q96EP5|DAZP1_HUMAN DAZ-associated protein 1 OS=Homo sapiens OX=9606 GN=DAZAP1 PE=1 SV=1	407
Q15119	sp|Q15119|PDK2_HUMAN [Pyruvate dehydrogenase (acetyl-transferring)] kinase isozyme 2, mitochondrial OS=Homo sapiens OX=9606 GN=PDK2 PE=1 SV=2	407
O60858	sp|O60858|TRI13_HUMAN E3 ubiquitin-protein ligase TRIM13 OS=Homo sapiens OX=9606 GN=TRIM13 PE=1 SV=2	407
P41970	sp|P41970|ELK3_HUMAN ETS domain-containing protein Elk-3 OS=Homo sapiens OX=9606 GN=ELK3 PE=1 SV=2	407
Q15434	sp|Q15434|RBMS2_HUMAN RNA-binding motif, single-stranded-interacting protein 2 OS=Homo sapiens OX=9606 GN=RBMS2 PE=1 SV=1	407
Q8NC51	sp|Q8NC51|SERB1_HUMAN SERPINE1 mRNA-binding protein 1 OS=Homo sapiens OX=9606 GN=SERBP1 PE=1 SV=2	408
Q03154	sp|Q03154|ACY1_HUMAN Aminoacylase-1 OS=Homo sapiens OX=9606 GN=ACY1 PE=1 SV=1	408
Q9H3H5	sp|Q9H3H5|GPT_HUMAN UDP-N-acetylglucosamine--dolichyl-phosphate N-acetylglucosaminephosphotransferase OS=Homo sapiens OX=9606 GN=DPAGT1 PE=1 SV=2	408
P32121	sp|P32121|ARRB2_HUMAN Beta-arrestin-2 OS=Homo sapiens OX=9606 GN=ARRB2 PE=1 SV=2	409
P54727	sp|P54727|RD23B_HUMAN Lysine-specific demethylase RAD23B OS=Homo sapiens OX=9606 GN=RAD23B PE=1 SV=1	409
O75121	sp|O75121|MFA3L_HUMAN Microfibrillar-associated protein 3-like OS=Homo sapiens OX=9606 GN=MFAP3L PE=1 SV=3	409
Q9UG56	sp|Q9UG56|PISD_HUMAN Phosphatidylserine decarboxylase proenzyme, mitochondrial OS=Homo sapiens OX=9606 GN=PISD PE=1 SV=4	409
Q8WU67	sp|Q8WU67|ABHD3_HUMAN Phospholipase ABHD3 OS=Homo sapiens OX=9606 GN=ABHD3 PE=1 SV=2	409
Q9Y303	sp|Q9Y303|NAGA_HUMAN N-acetylglucosamine-6-phosphate deacetylase OS=Homo sapiens OX=9606 GN=AMDHD2 PE=1 SV=2	409
P13473	sp|P13473|LAMP2_HUMAN Lysosome-associated membrane glycoprotein 2 OS=Homo sapiens OX=9606 GN=LAMP2 PE=1 SV=2	410
Q9BV87	sp|Q9BV87|CNPD1_HUMAN Protein CNPPD1 OS=Homo sapiens OX=9606 GN=CNPPD1 PE=1 SV=2	410
Q9Y679	sp|Q9Y679|AUP1_HUMAN Lipid droplet-regulating VLDL assembly factor AUP1 OS=Homo sapiens OX=9606 GN=AUP1 PE=1 SV=2	410
Q6IA17	sp|Q6IA17|SIGIR_HUMAN Single Ig IL-1-related receptor OS=Homo sapiens OX=9606 GN=SIGIRR PE=1 SV=3	410
P43034	sp|P43034|LIS1_HUMAN Platelet-activating factor acetylhydrolase IB subunit beta OS=Homo sapiens OX=9606 GN=PAFAH1B1 PE=1 SV=2	410
Q96PC2	sp|Q96PC2|IP6K3_HUMAN Inositol hexakisphosphate kinase 3 OS=Homo sapiens OX=9606 GN=IP6K3 PE=1 SV=2	410
O95665	sp|O95665|NTR2_HUMAN Neurotensin receptor type 2 OS=Homo sapiens OX=9606 GN=NTSR2 PE=1 SV=2	410
Q7KZN9	sp|Q7KZN9|COX15_HUMAN Heme A synthase COX15 OS=Homo sapiens OX=9606 GN=COX15 PE=1 SV=1	410
Q16654	sp|Q16654|PDK4_HUMAN [Pyruvate dehydrogenase (acetyl-transferring)] kinase isozyme 4, mitochondrial OS=Homo sapiens OX=9606 GN=PDK4 PE=1 SV=1	411
P38919	sp|P38919|IF4A3_HUMAN Eukaryotic initiation factor 4A-III OS=Homo sapiens OX=9606 GN=EIF4A3 PE=1 SV=4	411
Q5T4F4	sp|Q5T4F4|ZFY27_HUMAN Protrudin OS=Homo sapiens OX=9606 GN=ZFYVE27 PE=1 SV=1	411
Q969G3	sp|Q969G3|SMCE1_HUMAN SWI/SNF-related matrix-associated actin-dependent regulator of chromatin subfamily E member 1 OS=Homo sapiens OX=9606 GN=SMARCE1 PE=1 SV=2	411
P17050	sp|P17050|NAGAB_HUMAN Alpha-N-acetylgalactosaminidase OS=Homo sapiens OX=9606 GN=NAGA PE=1 SV=2	411
Q96ER9	sp|Q96ER9|MITOK_HUMAN Mitochondrial potassium channel OS=Homo sapiens OX=9606 GN=CCDC51 PE=1 SV=2	411
Q92966	sp|Q92966|SNPC3_HUMAN snRNA-activating protein complex subunit 3 OS=Homo sapiens OX=9606 GN=SNAPC3 PE=1 SV=1	411
Q14318	sp|Q14318|FKBP8_HUMAN Peptidyl-prolyl cis-trans isomerase FKBP8 OS=Homo sapiens OX=9606 GN=FKBP8 PE=1 SV=2	412
P07339	sp|P07339|CATD_HUMAN Cathepsin D OS=Homo sapiens OX=9606 GN=CTSD PE=1 SV=1	412
P00966	sp|P00966|ASSY_HUMAN Argininosuccinate synthase OS=Homo sapiens OX=9606 GN=ASS1 PE=1 SV=2	412
Q14242	sp|Q14242|SELPL_HUMAN P-selectin glycoprotein ligand 1 OS=Homo sapiens OX=9606 GN=SELPLG PE=1 SV=1	412
Q14642	sp|Q14642|I5P1_HUMAN Inositol polyphosphate-5-phosphatase A OS=Homo sapiens OX=9606 GN=INPP5A PE=1 SV=1	412
O14874	sp|O14874|BCKD_HUMAN Branched-chain alpha-ketoacid dehydrogenase kinase OS=Homo sapiens OX=9606 GN=BCKDK PE=1 SV=2	412
P16219	sp|P16219|ACADS_HUMAN Short-chain specific acyl-CoA dehydrogenase, mitochondrial OS=Homo sapiens OX=9606 GN=ACADS PE=1 SV=1	412
Q96ES6	sp|Q96ES6|S33A2_HUMAN Solute carrier family 33 member 2 OS=Homo sapiens OX=9606 GN=SLC33A2 PE=1 SV=1	412
Q8NCC3	sp|Q8NCC3|PAG15_HUMAN Lysosomal phospholipase A and acyltransferase OS=Homo sapiens OX=9606 GN=PLA2G15 PE=1 SV=2	412
Q8TBE7	sp|Q8TBE7|S35G2_HUMAN Solute carrier family 35 member G2 OS=Homo sapiens OX=9606 GN=SLC35G2 PE=1 SV=3	412
P17174	sp|P17174|AATC_HUMAN Aspartate aminotransferase, cytoplasmic OS=Homo sapiens OX=9606 GN=GOT1 PE=1 SV=3	413
Q86VZ5	sp|Q86VZ5|SMS1_HUMAN Phosphatidylcholine:ceramide cholinephosphotransferase 1 OS=Homo sapiens OX=9606 GN=SGMS1 PE=1 SV=3	413
Q9H6R6	sp|Q9H6R6|ZDHC6_HUMAN Palmitoyltransferase ZDHHC6 OS=Homo sapiens OX=9606 GN=ZDHHC6 PE=1 SV=1	413
Q13572	sp|Q13572|ITPK1_HUMAN Inositol-tetrakisphosphate 1-kinase OS=Homo sapiens OX=9606 GN=ITPK1 PE=1 SV=2	414
Q12765	sp|Q12765|SCRN1_HUMAN Secernin-1 OS=Homo sapiens OX=9606 GN=SCRN1 PE=1 SV=2	414
Q13148	sp|Q13148|TADBP_HUMAN TAR DNA-binding protein 43 OS=Homo sapiens OX=9606 GN=TARDBP PE=1 SV=1	414
Q96B67	sp|Q96B67|ARRD3_HUMAN Arrestin domain-containing protein 3 OS=Homo sapiens OX=9606 GN=ARRDC3 PE=1 SV=1	414
P25490	sp|P25490|TYY1_HUMAN Transcriptional repressor protein YY1 OS=Homo sapiens OX=9606 GN=YY1 PE=1 SV=2	414
O75874	sp|O75874|IDHC_HUMAN Isocitrate dehydrogenase [NADP] cytoplasmic OS=Homo sapiens OX=9606 GN=IDH1 PE=1 SV=2	414
Q9NRB3	sp|Q9NRB3|CHSTC_HUMAN Carbohydrate sulfotransferase 12 OS=Homo sapiens OX=9606 GN=CHST12 PE=1 SV=2	414
P24468	sp|P24468|COT2_HUMAN COUP transcription factor 2 OS=Homo sapiens OX=9606 GN=NR2F2 PE=1 SV=1	414
Q9H4B0	sp|Q9H4B0|OSGL1_HUMAN tRNA N6-adenosine threonylcarbamoyltransferase, mitochondrial OS=Homo sapiens OX=9606 GN=OSGEPL1 PE=1 SV=2	414
O43505	sp|O43505|B4GA1_HUMAN Beta-1,4-glucuronyltransferase 1 OS=Homo sapiens OX=9606 GN=B4GAT1 PE=1 SV=1	415
P52597	sp|P52597|HNRPF_HUMAN Heterogeneous nuclear ribonucleoprotein F OS=Homo sapiens OX=9606 GN=HNRNPF PE=1 SV=3	415
Q96LT4	sp|Q96LT4|SAMD8_HUMAN Sphingomyelin synthase-related protein 1 OS=Homo sapiens OX=9606 GN=SAMD8 PE=1 SV=2	415
P48730	sp|P48730|KC1D_HUMAN Casein kinase I isoform delta OS=Homo sapiens OX=9606 GN=CSNK1D PE=1 SV=2	415
P78368	sp|P78368|KC1G2_HUMAN Casein kinase I isoform gamma-2 OS=Homo sapiens OX=9606 GN=CSNK1G2 PE=1 SV=1	415
Q9NRD5	sp|Q9NRD5|PICK1_HUMAN PRKCA-binding protein OS=Homo sapiens OX=9606 GN=PICK1 PE=1 SV=2	415
P17706	sp|P17706|PTN2_HUMAN Tyrosine-protein phosphatase non-receptor type 2 OS=Homo sapiens OX=9606 GN=PTPN2 PE=1 SV=2	415
Q15760	sp|Q15760|GPR19_HUMAN Probable G-protein coupled receptor 19 OS=Homo sapiens OX=9606 GN=GPR19 PE=1 SV=2	415
Q9UI08	sp|Q9UI08|EVL_HUMAN Ena/VASP-like protein OS=Homo sapiens OX=9606 GN=EVL PE=1 SV=2	416
P49674	sp|P49674|KC1E_HUMAN Casein kinase I isoform epsilon OS=Homo sapiens OX=9606 GN=CSNK1E PE=1 SV=1	416
Q9HDC9	sp|Q9HDC9|APMAP_HUMAN Adipocyte plasma membrane-associated protein OS=Homo sapiens OX=9606 GN=APMAP PE=1 SV=2	416
Q14CZ8	sp|Q14CZ8|HECAM_HUMAN Hepatic and glial cell adhesion molecule OS=Homo sapiens OX=9606 GN=HEPACAM PE=1 SV=1	416
P78356	sp|P78356|PI42B_HUMAN Phosphatidylinositol 5-phosphate 4-kinase type-2 beta OS=Homo sapiens OX=9606 GN=PIP4K2B PE=1 SV=1	416
P55211	sp|P55211|CASP9_HUMAN Caspase-9 OS=Homo sapiens OX=9606 GN=CASP9 PE=1 SV=3	416
Q9H000	sp|Q9H000|MKRN2_HUMAN E3 ubiquitin-protein ligase makorin-2 OS=Homo sapiens OX=9606 GN=MKRN2 PE=1 SV=2	416
Q9H553	sp|Q9H553|ALG2_HUMAN Alpha-1,3/1,6-mannosyltransferase ALG2 OS=Homo sapiens OX=9606 GN=ALG2 PE=1 SV=1	416
Q9Y6K0	sp|Q9Y6K0|CEPT1_HUMAN Choline/ethanolaminephosphotransferase 1 OS=Homo sapiens OX=9606 GN=CEPT1 PE=1 SV=1	416
P27797	sp|P27797|CALR_HUMAN Calreticulin OS=Homo sapiens OX=9606 GN=CALR PE=1 SV=1	417
P11279	sp|P11279|LAMP1_HUMAN Lysosome-associated membrane glycoprotein 1 OS=Homo sapiens OX=9606 GN=LAMP1 PE=1 SV=3	417
P37268	sp|P37268|FDFT_HUMAN Squalene synthase OS=Homo sapiens OX=9606 GN=FDFT1 PE=1 SV=1	417
P00558	sp|P00558|PGK1_HUMAN Phosphoglycerate kinase 1 OS=Homo sapiens OX=9606 GN=PGK1 PE=1 SV=3	417
Q96N19	sp|Q96N19|G137A_HUMAN Integral membrane protein GPR137 OS=Homo sapiens OX=9606 GN=GPR137 PE=1 SV=2	417
Q9HCU5	sp|Q9HCU5|SEC12_HUMAN Guanine nucleotide-exchange factor SEC12 OS=Homo sapiens OX=9606 GN=PREB PE=1 SV=2	417
P12532	sp|P12532|KCRU_HUMAN Creatine kinase U-type, mitochondrial OS=Homo sapiens OX=9606 GN=CKMT1A PE=1 SV=1	417
P05981	sp|P05981|HEPS_HUMAN Serine protease hepsin OS=Homo sapiens OX=9606 GN=HPN PE=1 SV=1	417
P15151	sp|P15151|PVR_HUMAN Poliovirus receptor OS=Homo sapiens OX=9606 GN=PVR PE=1 SV=2	417
P61158	sp|P61158|ARP3_HUMAN Actin-related protein 3 OS=Homo sapiens OX=9606 GN=ACTR3 PE=1 SV=3	418
Q9C0K7	sp|Q9C0K7|STRAB_HUMAN STE20-related kinase adapter protein beta OS=Homo sapiens OX=9606 GN=STRADB PE=1 SV=1	418
P43686	sp|P43686|PRS6B_HUMAN 26S proteasome regulatory subunit 6B OS=Homo sapiens OX=9606 GN=PSMC4 PE=1 SV=2	418
Q9UNP4	sp|Q9UNP4|SIAT9_HUMAN Lactosylceramide alpha-2,3-sialyltransferase OS=Homo sapiens OX=9606 GN=ST3GAL5 PE=1 SV=4	418
P01009	sp|P01009|A1AT_HUMAN Alpha-1-antitrypsin OS=Homo sapiens OX=9606 GN=SERPINA1 PE=1 SV=3	418
P50454	sp|P50454|SERPH_HUMAN Serpin H1 OS=Homo sapiens OX=9606 GN=SERPINH1 PE=1 SV=2	418
O76062	sp|O76062|ERG24_HUMAN Delta(14)-sterol reductase TM7SF2 OS=Homo sapiens OX=9606 GN=TM7SF2 PE=1 SV=3	418
Q6YN16	sp|Q6YN16|HSDL2_HUMAN Hydroxysteroid dehydrogenase-like protein 2 OS=Homo sapiens OX=9606 GN=HSDL2 PE=1 SV=1	418
Q9BT04	sp|Q9BT04|FUZZY_HUMAN Protein fuzzy homolog OS=Homo sapiens OX=9606 GN=FUZ PE=1 SV=1	418
Q96FA3	sp|Q96FA3|PELI1_HUMAN E3 ubiquitin-protein ligase pellino homolog 1 OS=Homo sapiens OX=9606 GN=PELI1 PE=1 SV=2	418
P36955	sp|P36955|PEDF_HUMAN Pigment epithelium-derived factor OS=Homo sapiens OX=9606 GN=SERPINF1 PE=1 SV=4	418
Q6GMV2	sp|Q6GMV2|SMYD5_HUMAN Protein-lysine N-trimethyltransferase SMYD5 OS=Homo sapiens OX=9606 GN=SMYD5 PE=1 SV=2	418
Q96AG3	sp|Q96AG3|S2546_HUMAN Mitochondrial outer membrane protein SLC25A46 OS=Homo sapiens OX=9606 GN=SLC25A46 PE=1 SV=1	418
P49407	sp|P49407|ARRB1_HUMAN Beta-arrestin-1 OS=Homo sapiens OX=9606 GN=ARRB1 PE=1 SV=2	418
Q7Z698	sp|Q7Z698|SPRE2_HUMAN Sprouty-related, EVH1 domain-containing protein 2 OS=Homo sapiens OX=9606 GN=SPRED2 PE=1 SV=2	418
Q9NPI9	sp|Q9NPI9|KCJ16_HUMAN Inward rectifier potassium channel 16 OS=Homo sapiens OX=9606 GN=KCNJ16 PE=1 SV=1	418
Q969W8	sp|Q969W8|ZN566_HUMAN Zinc finger protein 566 OS=Homo sapiens OX=9606 GN=ZNF566 PE=1 SV=1	418
Q86XS8	sp|Q86XS8|GOLI_HUMAN E3 ubiquitin-protein ligase RNF130 OS=Homo sapiens OX=9606 GN=RNF130 PE=1 SV=1	419
P14324	sp|P14324|FPPS_HUMAN Farnesyl pyrophosphate synthase OS=Homo sapiens OX=9606 GN=FDPS PE=1 SV=4	419
Q9HCJ6	sp|Q9HCJ6|VAT1L_HUMAN Putative NADPH-dependent quinone oxidoreductase VAT1L OS=Homo sapiens OX=9606 GN=VAT1L PE=1 SV=2	419
Q9Y276	sp|Q9Y276|BCS1_HUMAN Mitochondrial chaperone BCS1 OS=Homo sapiens OX=9606 GN=BCS1L PE=1 SV=1	419
P17540	sp|P17540|KCRS_HUMAN Creatine kinase S-type, mitochondrial OS=Homo sapiens OX=9606 GN=CKMT2 PE=1 SV=2	419
O14733	sp|O14733|MP2K7_HUMAN Dual specificity mitogen-activated protein kinase kinase 7 OS=Homo sapiens OX=9606 GN=MAP2K7 PE=1 SV=2	419
O14929	sp|O14929|HAT1_HUMAN Histone acetyltransferase type B catalytic subunit OS=Homo sapiens OX=9606 GN=HAT1 PE=1 SV=2	419
O75600	sp|O75600|KBL_HUMAN 2-amino-3-ketobutyrate coenzyme A ligase, mitochondrial OS=Homo sapiens OX=9606 GN=GCAT PE=1 SV=1	419
Q16829	sp|Q16829|DUS7_HUMAN Dual specificity protein phosphatase 7 OS=Homo sapiens OX=9606 GN=DUSP7 PE=1 SV=4	419
Q8TAS1	sp|Q8TAS1|UHMK1_HUMAN Serine/threonine-protein kinase Kist OS=Homo sapiens OX=9606 GN=UHMK1 PE=1 SV=2	419
Q8NHQ8	sp|Q8NHQ8|RASF8_HUMAN Ras association domain-containing protein 8 OS=Homo sapiens OX=9606 GN=RASSF8 PE=1 SV=2	419
P48052	sp|P48052|CBPA2_HUMAN Carboxypeptidase A2 OS=Homo sapiens OX=9606 GN=CPA2 PE=1 SV=3	419
Q9GZS1	sp|Q9GZS1|RPA49_HUMAN DNA-directed RNA polymerase I subunit RPA49 OS=Homo sapiens OX=9606 GN=POLR1E PE=1 SV=3	419
P16930	sp|P16930|FAAA_HUMAN Fumarylacetoacetase OS=Homo sapiens OX=9606 GN=FAH PE=1 SV=2	419
Q9UQ07	sp|Q9UQ07|MOK_HUMAN MAPK/MAK/MRK overlapping kinase OS=Homo sapiens OX=9606 GN=MOK PE=1 SV=1	419
P80303	sp|P80303|NUCB2_HUMAN Nucleobindin-2 OS=Homo sapiens OX=9606 GN=NUCB2 PE=1 SV=3	420
Q8NBZ7	sp|Q8NBZ7|UXS1_HUMAN UDP-glucuronic acid decarboxylase 1 OS=Homo sapiens OX=9606 GN=UXS1 PE=1 SV=1	420
P49841	sp|P49841|GSK3B_HUMAN Glycogen synthase kinase-3 beta OS=Homo sapiens OX=9606 GN=GSK3B PE=1 SV=2	420
Q13641	sp|Q13641|TPBG_HUMAN Trophoblast glycoprotein OS=Homo sapiens OX=9606 GN=TPBG PE=1 SV=1	420
Q96HD1	sp|Q96HD1|CREL1_HUMAN Protein disulfide isomerase CRELD1 OS=Homo sapiens OX=9606 GN=CRELD1 PE=1 SV=3	420
P09543	sp|P09543|CN37_HUMAN 2',3'-cyclic-nucleotide 3'-phosphodiesterase OS=Homo sapiens OX=9606 GN=CNP PE=1 SV=2	421
Q5SQI0	sp|Q5SQI0|ATAT_HUMAN Alpha-tubulin N-acetyltransferase 1 OS=Homo sapiens OX=9606 GN=ATAT1 PE=1 SV=1	421
P11310	sp|P11310|ACADM_HUMAN Medium-chain specific acyl-CoA dehydrogenase, mitochondrial OS=Homo sapiens OX=9606 GN=ACADM PE=1 SV=1	421
Q9Y6I7	sp|Q9Y6I7|WSB1_HUMAN WD repeat and SOCS box-containing protein 1 OS=Homo sapiens OX=9606 GN=WSB1 PE=1 SV=1	421
Q8TBX8	sp|Q8TBX8|PI42C_HUMAN Phosphatidylinositol 5-phosphate 4-kinase type-2 gamma OS=Homo sapiens OX=9606 GN=PIP4K2C PE=1 SV=3	421
O75648	sp|O75648|MTU1_HUMAN Mitochondrial tRNA-specific 2-thiouridylase 1 OS=Homo sapiens OX=9606 GN=TRMU PE=1 SV=2	421
Q9NVH6	sp|Q9NVH6|TMLH_HUMAN Trimethyllysine dioxygenase, mitochondrial OS=Homo sapiens OX=9606 GN=TMLHE PE=1 SV=1	421
O00231	sp|O00231|PSD11_HUMAN 26S proteasome non-ATPase regulatory subunit 11 OS=Homo sapiens OX=9606 GN=PSMD11 PE=1 SV=3	422
Q7Z7E8	sp|Q7Z7E8|UB2Q1_HUMAN Ubiquitin-conjugating enzyme E2 Q1 OS=Homo sapiens OX=9606 GN=UBE2Q1 PE=1 SV=1	422
Q53H12	sp|Q53H12|AGK_HUMAN Acylglycerol kinase, mitochondrial OS=Homo sapiens OX=9606 GN=AGK PE=1 SV=2	422
Q16773	sp|Q16773|KAT1_HUMAN Kynurenine--oxoglutarate transaminase 1 OS=Homo sapiens OX=9606 GN=KYAT1 PE=1 SV=1	422
P21579	sp|P21579|SYT1_HUMAN Synaptotagmin-1 OS=Homo sapiens OX=9606 GN=SYT1 PE=1 SV=1	422
Q14626	sp|Q14626|I11RA_HUMAN Interleukin-11 receptor subunit alpha OS=Homo sapiens OX=9606 GN=IL11RA PE=1 SV=2	422
P26367	sp|P26367|PAX6_HUMAN Paired box protein Pax-6 OS=Homo sapiens OX=9606 GN=PAX6 PE=1 SV=2	422
P50440	sp|P50440|GATM_HUMAN Glycine amidinotransferase, mitochondrial OS=Homo sapiens OX=9606 GN=GATM PE=1 SV=1	423
P01011	sp|P01011|AACT_HUMAN Alpha-1-antichymotrypsin OS=Homo sapiens OX=9606 GN=SERPINA3 PE=1 SV=2	423
Q99999	sp|Q99999|G3ST1_HUMAN Galactosylceramide sulfotransferase OS=Homo sapiens OX=9606 GN=GAL3ST1 PE=1 SV=1	423
Q9BXS5	sp|Q9BXS5|AP1M1_HUMAN AP-1 complex subunit mu-1 OS=Homo sapiens OX=9606 GN=AP1M1 PE=1 SV=3	423
P34949	sp|P34949|MPI_HUMAN Mannose-6-phosphate isomerase OS=Homo sapiens OX=9606 GN=MPI PE=1 SV=2	423
Q86VE9	sp|Q86VE9|SERC5_HUMAN Serine incorporator 5 OS=Homo sapiens OX=9606 GN=SERINC5 PE=1 SV=1	423
P11474	sp|P11474|ERR1_HUMAN Steroid hormone receptor ERR1 OS=Homo sapiens OX=9606 GN=ESRRA PE=1 SV=3	423
P11117	sp|P11117|PPAL_HUMAN Lysosomal acid phosphatase OS=Homo sapiens OX=9606 GN=ACP2 PE=1 SV=3	423
P10589	sp|P10589|COT1_HUMAN COUP transcription factor 1 OS=Homo sapiens OX=9606 GN=NR2F1 PE=1 SV=1	423
Q9H3S5	sp|Q9H3S5|PIGM_HUMAN GPI alpha-1,4-mannosyltransferase I, catalytic subunit OS=Homo sapiens OX=9606 GN=PIGM PE=1 SV=1	423
O15504	sp|O15504|NUP42_HUMAN Nucleoporin NUP42 OS=Homo sapiens OX=9606 GN=NUP42 PE=1 SV=1	423
O60906	sp|O60906|NSMA_HUMAN Sphingomyelin phosphodiesterase 2 OS=Homo sapiens OX=9606 GN=SMPD2 PE=1 SV=2	423
P09110	sp|P09110|THIK_HUMAN 3-ketoacyl-CoA thiolase, peroxisomal OS=Homo sapiens OX=9606 GN=ACAA1 PE=1 SV=2	424
Q9UKS6	sp|Q9UKS6|PACN3_HUMAN Protein kinase C and casein kinase substrate in neurons protein 3 OS=Homo sapiens OX=9606 GN=PACSIN3 PE=1 SV=2	424
Q9BS91	sp|Q9BS91|S35A5_HUMAN UDP-sugar transporter protein SLC35A5 OS=Homo sapiens OX=9606 GN=SLC35A5 PE=1 SV=2	424
Q15427	sp|Q15427|SF3B4_HUMAN Splicing factor 3B subunit 4 OS=Homo sapiens OX=9606 GN=SF3B4 PE=1 SV=1	424
P45984	sp|P45984|MK09_HUMAN Mitogen-activated protein kinase 9 OS=Homo sapiens OX=9606 GN=MAPK9 PE=1 SV=2	424
Q0VDG4	sp|Q0VDG4|SCRN3_HUMAN Secernin-3 OS=Homo sapiens OX=9606 GN=SCRN3 PE=1 SV=1	424
P11801	sp|P11801|KPSH1_HUMAN Serine/threonine-protein kinase H1 OS=Homo sapiens OX=9606 GN=PSKH1 PE=1 SV=4	424
O95630	sp|O95630|STABP_HUMAN STAM-binding protein OS=Homo sapiens OX=9606 GN=STAMBP PE=1 SV=1	424
P22234	sp|P22234|PUR6_HUMAN Bifunctional phosphoribosylaminoimidazole carboxylase/phosphoribosylaminoimidazole succinocarboxamide synthetase OS=Homo sapiens OX=9606 GN=PAICS PE=1 SV=3	425
Q09028	sp|Q09028|RBBP4_HUMAN Histone-binding protein RBBP4 OS=Homo sapiens OX=9606 GN=RBBP4 PE=1 SV=3	425
Q96FV2	sp|Q96FV2|SCRN2_HUMAN Secernin-2 OS=Homo sapiens OX=9606 GN=SCRN2 PE=1 SV=3	425
Q8N806	sp|Q8N806|UBR7_HUMAN Putative E3 ubiquitin-protein ligase UBR7 OS=Homo sapiens OX=9606 GN=UBR7 PE=1 SV=2	425
O95810	sp|O95810|CAVN2_HUMAN Caveolae-associated protein 2 OS=Homo sapiens OX=9606 GN=CAVIN2 PE=1 SV=3	425
Q8N5Z0	sp|Q8N5Z0|AADAT_HUMAN Kynurenine/alpha-aminoadipate aminotransferase, mitochondrial OS=Homo sapiens OX=9606 GN=AADAT PE=1 SV=2	425
P08910	sp|P08910|ABHD2_HUMAN Monoacylglycerol lipase ABHD2 OS=Homo sapiens OX=9606 GN=ABHD2 PE=1 SV=1	425
O00506	sp|O00506|STK25_HUMAN Serine/threonine-protein kinase 25 OS=Homo sapiens OX=9606 GN=STK25 PE=1 SV=1	426
Q9GZT9	sp|Q9GZT9|EGLN1_HUMAN Egl nine homolog 1 OS=Homo sapiens OX=9606 GN=EGLN1 PE=1 SV=1	426
P26440	sp|P26440|IVD_HUMAN Isovaleryl-CoA dehydrogenase, mitochondrial OS=Homo sapiens OX=9606 GN=IVD PE=1 SV=2	426
Q02556	sp|Q02556|IRF8_HUMAN Interferon regulatory factor 8 OS=Homo sapiens OX=9606 GN=IRF8 PE=1 SV=2	426
P36578	sp|P36578|RL4_HUMAN Large ribosomal subunit protein uL4 OS=Homo sapiens OX=9606 GN=RPL4 PE=1 SV=5	427
O75955	sp|O75955|FLOT1_HUMAN Flotillin-1 OS=Homo sapiens OX=9606 GN=FLOT1 PE=1 SV=3	427
P24752	sp|P24752|THIL_HUMAN Acetyl-CoA acetyltransferase, mitochondrial OS=Homo sapiens OX=9606 GN=ACAT1 PE=1 SV=1	427
O00148	sp|O00148|DX39A_HUMAN ATP-dependent RNA helicase DDX39A OS=Homo sapiens OX=9606 GN=DDX39A PE=1 SV=2	427
P08138	sp|P08138|TNR16_HUMAN Tumor necrosis factor receptor superfamily member 16 OS=Homo sapiens OX=9606 GN=NGFR PE=1 SV=1	427
P51606	sp|P51606|RENBP_HUMAN N-acylglucosamine 2-epimerase OS=Homo sapiens OX=9606 GN=RENBP PE=1 SV=4	427
P78552	sp|P78552|I13R1_HUMAN Interleukin-13 receptor subunit alpha-1 OS=Homo sapiens OX=9606 GN=IL13RA1 PE=1 SV=1	427
P45983	sp|P45983|MK08_HUMAN Mitogen-activated protein kinase 8 OS=Homo sapiens OX=9606 GN=MAPK8 PE=1 SV=2	427
P63252	sp|P63252|KCNJ2_HUMAN Inward rectifier potassium channel 2 OS=Homo sapiens OX=9606 GN=KCNJ2 PE=1 SV=1	427
Q9Y606	sp|Q9Y606|PUS1_HUMAN Pseudouridylate synthase 1 homolog OS=Homo sapiens OX=9606 GN=PUS1 PE=1 SV=3	427
Q13838	sp|Q13838|DX39B_HUMAN Spliceosome RNA helicase DDX39B OS=Homo sapiens OX=9606 GN=DDX39B PE=1 SV=1	428
Q14254	sp|Q14254|FLOT2_HUMAN Flotillin-2 OS=Homo sapiens OX=9606 GN=FLOT2 PE=1 SV=2	428
Q5T7M9	sp|Q5T7M9|DIK1A_HUMAN Divergent protein kinase domain 1A OS=Homo sapiens OX=9606 GN=DIPK1A PE=1 SV=1	428
Q9C0E8	sp|Q9C0E8|LNP_HUMAN Endoplasmic reticulum junction formation protein lunapark OS=Homo sapiens OX=9606 GN=LNPK PE=1 SV=2	428
O75356	sp|O75356|ENTP5_HUMAN Nucleoside diphosphate phosphatase ENTPD5 OS=Homo sapiens OX=9606 GN=ENTPD5 PE=1 SV=1	428
O15379	sp|O15379|HDAC3_HUMAN Histone deacetylase 3 OS=Homo sapiens OX=9606 GN=HDAC3 PE=1 SV=2	428
Q9H7B4	sp|Q9H7B4|SMYD3_HUMAN Histone-lysine N-methyltransferase SMYD3 OS=Homo sapiens OX=9606 GN=SMYD3 PE=1 SV=4	428
Q8NBX0	sp|Q8NBX0|SCPDL_HUMAN Saccharopine dehydrogenase-like oxidoreductase OS=Homo sapiens OX=9606 GN=SCCPDH PE=1 SV=1	429
Q9NVA2	sp|Q9NVA2|SEP11_HUMAN Septin-11 OS=Homo sapiens OX=9606 GN=SEPTIN11 PE=1 SV=3	429
O96019	sp|O96019|ACL6A_HUMAN Actin-like protein 6A OS=Homo sapiens OX=9606 GN=ACTL6A PE=1 SV=1	429
Q9Y2G5	sp|Q9Y2G5|OFUT2_HUMAN GDP-fucose protein O-fucosyltransferase 2 OS=Homo sapiens OX=9606 GN=POFUT2 PE=1 SV=3	429
P06280	sp|P06280|AGAL_HUMAN Alpha-galactosidase A OS=Homo sapiens OX=9606 GN=GLA PE=1 SV=1	429
Q8N3F9	sp|Q8N3F9|G137C_HUMAN Integral membrane protein GPR137C OS=Homo sapiens OX=9606 GN=GPR137C PE=1 SV=2	429
Q9UJU6	sp|Q9UJU6|DBNL_HUMAN Drebrin-like protein OS=Homo sapiens OX=9606 GN=DBNL PE=1 SV=1	430
P00505	sp|P00505|AATM_HUMAN Aspartate aminotransferase, mitochondrial OS=Homo sapiens OX=9606 GN=GOT2 PE=1 SV=3	430
P40425	sp|P40425|PBX2_HUMAN Pre-B-cell leukemia transcription factor 2 OS=Homo sapiens OX=9606 GN=PBX2 PE=1 SV=2	430
Q8IV20	sp|Q8IV20|LACC1_HUMAN Purine nucleoside phosphorylase LACC1 OS=Homo sapiens OX=9606 GN=LACC1 PE=1 SV=1	430
Q969Z4	sp|Q969Z4|TR19L_HUMAN Tumor necrosis factor receptor superfamily member 19L OS=Homo sapiens OX=9606 GN=RELT PE=1 SV=1	430
O00141	sp|O00141|SGK1_HUMAN Serine/threonine-protein kinase Sgk1 OS=Homo sapiens OX=9606 GN=SGK1 PE=1 SV=2	431
Q7RTN6	sp|Q7RTN6|STRAA_HUMAN STE20-related kinase adapter protein alpha OS=Homo sapiens OX=9606 GN=STRADA PE=1 SV=1	431
Q5DX21	sp|Q5DX21|IGS11_HUMAN Immunoglobulin superfamily member 11 OS=Homo sapiens OX=9606 GN=IGSF11 PE=1 SV=3	431
Q5VUD6	sp|Q5VUD6|DIK1B_HUMAN Divergent protein kinase domain 1B OS=Homo sapiens OX=9606 GN=DIPK1B PE=1 SV=3	431
P14651	sp|P14651|HXB3_HUMAN Homeobox protein Hox-B3 OS=Homo sapiens OX=9606 GN=HOXB3 PE=1 SV=2	431
Q9H8J5	sp|Q9H8J5|MANS1_HUMAN MANSC domain-containing protein 1 OS=Homo sapiens OX=9606 GN=MANSC1 PE=1 SV=1	431
P14136	sp|P14136|GFAP_HUMAN Glial fibrillary acidic protein OS=Homo sapiens OX=9606 GN=GFAP PE=1 SV=1	432
O95232	sp|O95232|LC7L3_HUMAN Luc7-like protein 3 OS=Homo sapiens OX=9606 GN=LUC7L3 PE=1 SV=2	432
P23526	sp|P23526|SAHH_HUMAN Adenosylhomocysteinase OS=Homo sapiens OX=9606 GN=AHCY PE=1 SV=4	432
Q8TB61	sp|Q8TB61|S35B2_HUMAN Adenosine 3'-phospho 5'-phosphosulfate transporter 1 OS=Homo sapiens OX=9606 GN=SLC35B2 PE=1 SV=1	432
Q96HH9	sp|Q96HH9|GRM2B_HUMAN GRAM domain-containing protein 2B OS=Homo sapiens OX=9606 GN=GRAMD2B PE=1 SV=1	432
Q96I99	sp|Q96I99|SUCB2_HUMAN Succinate--CoA ligase [GDP-forming] subunit beta, mitochondrial OS=Homo sapiens OX=9606 GN=SUCLG2 PE=1 SV=2	432
Q8NBS9	sp|Q8NBS9|TXND5_HUMAN Thioredoxin domain-containing protein 5 OS=Homo sapiens OX=9606 GN=TXNDC5 PE=1 SV=2	432
Q9BV38	sp|Q9BV38|WDR18_HUMAN WD repeat-containing protein 18 OS=Homo sapiens OX=9606 GN=WDR18 PE=1 SV=2	432
P45954	sp|P45954|ACDSB_HUMAN Short/branched chain specific acyl-CoA dehydrogenase, mitochondrial OS=Homo sapiens OX=9606 GN=ACADSB PE=1 SV=1	432
Q8IUD6	sp|Q8IUD6|RN135_HUMAN E3 ubiquitin-protein ligase RNF135 OS=Homo sapiens OX=9606 GN=RNF135 PE=1 SV=2	432
Q15818	sp|Q15818|NPTX1_HUMAN Neuronal pentraxin-1 OS=Homo sapiens OX=9606 GN=NPTX1 PE=1 SV=2	432
P55345	sp|P55345|ANM2_HUMAN Protein arginine N-methyltransferase 2 OS=Homo sapiens OX=9606 GN=PRMT2 PE=1 SV=1	433
Q99538	sp|Q99538|LGMN_HUMAN Legumain OS=Homo sapiens OX=9606 GN=LGMN PE=1 SV=1	433
Q15831	sp|Q15831|STK11_HUMAN Serine/threonine-protein kinase STK11 OS=Homo sapiens OX=9606 GN=STK11 PE=1 SV=1	433
Q52LJ0	sp|Q52LJ0|FA98B_HUMAN tRNA-splicing ligase complex subunit FAM98B OS=Homo sapiens OX=9606 GN=FAM98B PE=1 SV=2	433
Q9BY78	sp|Q9BY78|RNF26_HUMAN E3 ubiquitin-protein ligase RNF26 OS=Homo sapiens OX=9606 GN=RNF26 PE=1 SV=1	433
Q9NRG4	sp|Q9NRG4|SMYD2_HUMAN N-lysine methyltransferase SMYD2 OS=Homo sapiens OX=9606 GN=SMYD2 PE=1 SV=2	433
P06733	sp|P06733|ENOA_HUMAN Alpha-enolase OS=Homo sapiens OX=9606 GN=ENO1 PE=1 SV=2	434
P09104	sp|P09104|ENOG_HUMAN Gamma-enolase OS=Homo sapiens OX=9606 GN=ENO2 PE=1 SV=3	434
O60664	sp|O60664|PLIN3_HUMAN Perilipin-3 OS=Homo sapiens OX=9606 GN=PLIN3 PE=1 SV=3	434
Q13685	sp|Q13685|AAMP_HUMAN Angio-associated migratory cell protein OS=Homo sapiens OX=9606 GN=AAMP PE=1 SV=2	434
Q8NFW8	sp|Q8NFW8|NEUA_HUMAN N-acylneuraminate cytidylyltransferase OS=Homo sapiens OX=9606 GN=CMAS PE=1 SV=2	434
Q8IYU8	sp|Q8IYU8|MICU2_HUMAN Calcium uptake protein 2, mitochondrial OS=Homo sapiens OX=9606 GN=MICU2 PE=1 SV=2	434
Q96Q11	sp|Q96Q11|TRNT1_HUMAN CCA tRNA nucleotidyltransferase 1, mitochondrial OS=Homo sapiens OX=9606 GN=TRNT1 PE=1 SV=2	434
Q14141	sp|Q14141|SEPT6_HUMAN Septin-6 OS=Homo sapiens OX=9606 GN=SEPTIN6 PE=1 SV=4	434
Q96CW1	sp|Q96CW1|AP2M1_HUMAN AP-2 complex subunit mu OS=Homo sapiens OX=9606 GN=AP2M1 PE=1 SV=2	435
Q9H490	sp|Q9H490|PIGU_HUMAN GPI-anchor transamidase component PIGU OS=Homo sapiens OX=9606 GN=PIGU PE=1 SV=3	435
Q15070	sp|Q15070|OXA1L_HUMAN Mitochondrial inner membrane protein OXA1L OS=Homo sapiens OX=9606 GN=OXA1L PE=1 SV=4	435
P18031	sp|P18031|PTN1_HUMAN Tyrosine-protein phosphatase non-receptor type 1 OS=Homo sapiens OX=9606 GN=PTPN1 PE=1 SV=1	435
P36941	sp|P36941|TNR3_HUMAN Tumor necrosis factor receptor superfamily member 3 OS=Homo sapiens OX=9606 GN=LTBR PE=1 SV=1	435
Q8N3G9	sp|Q8N3G9|TM130_HUMAN Transmembrane protein 130 OS=Homo sapiens OX=9606 GN=TMEM130 PE=1 SV=1	435
Q8N2I9	sp|Q8N2I9|STK40_HUMAN Serine/threonine-protein kinase 40 OS=Homo sapiens OX=9606 GN=STK40 PE=1 SV=2	435
Q8N3J6	sp|Q8N3J6|CADM2_HUMAN Cell adhesion molecule 2 OS=Homo sapiens OX=9606 GN=CADM2 PE=1 SV=1	435
Q6DKJ4	sp|Q6DKJ4|NXN_HUMAN Nucleoredoxin OS=Homo sapiens OX=9606 GN=NXN PE=1 SV=2	435
P24278	sp|P24278|ZBT25_HUMAN Zinc finger and BTB domain-containing protein 25 OS=Homo sapiens OX=9606 GN=ZBTB25 PE=1 SV=2	435
Q8IY84	sp|Q8IY84|NIM1_HUMAN Serine/threonine-protein kinase NIM1 OS=Homo sapiens OX=9606 GN=NIM1K PE=1 SV=1	436
P26641	sp|P26641|EF1G_HUMAN Elongation factor 1-gamma OS=Homo sapiens OX=9606 GN=EEF1G PE=1 SV=3	437
Q16181	sp|Q16181|SEPT7_HUMAN Septin-7 OS=Homo sapiens OX=9606 GN=SEPTIN7 PE=1 SV=2	437
P49356	sp|P49356|FNTB_HUMAN Protein farnesyltransferase subunit beta OS=Homo sapiens OX=9606 GN=FNTB PE=1 SV=1	437
P08621	sp|P08621|RU17_HUMAN U1 small nuclear ribonucleoprotein 70 kDa OS=Homo sapiens OX=9606 GN=SNRNP70 PE=1 SV=2	437
O43493	sp|O43493|TGON2_HUMAN Trans-Golgi network integral membrane protein 2 OS=Homo sapiens OX=9606 GN=TGOLN2 PE=1 SV=4	437
O43556	sp|O43556|SGCE_HUMAN Epsilon-sarcoglycan OS=Homo sapiens OX=9606 GN=SGCE PE=1 SV=6	437
P62495	sp|P62495|ERF1_HUMAN Eukaryotic peptide chain release factor subunit 1 OS=Homo sapiens OX=9606 GN=ETF1 PE=1 SV=3	437
Q99541	sp|Q99541|PLIN2_HUMAN Perilipin-2 OS=Homo sapiens OX=9606 GN=PLIN2 PE=1 SV=2	437
Q9UN37	sp|Q9UN37|VPS4A_HUMAN Vacuolar protein sorting-associated protein 4A OS=Homo sapiens OX=9606 GN=VPS4A PE=1 SV=1	437
Q6NW40	sp|Q6NW40|RGMB_HUMAN Repulsive guidance molecule B OS=Homo sapiens OX=9606 GN=RGMB PE=1 SV=3	437
Q01094	sp|Q01094|E2F1_HUMAN Transcription factor E2F1 OS=Homo sapiens OX=9606 GN=E2F1 PE=1 SV=1	437
Q13286	sp|Q13286|CLN3_HUMAN Battenin OS=Homo sapiens OX=9606 GN=CLN3 PE=1 SV=1	438
Q92947	sp|Q92947|GCDH_HUMAN Glutaryl-CoA dehydrogenase, mitochondrial OS=Homo sapiens OX=9606 GN=GCDH PE=1 SV=1	438
Q92685	sp|Q92685|ALG3_HUMAN Dol-P-Man:Man(5)GlcNAc(2)-PP-Dol alpha-1,3-mannosyltransferase OS=Homo sapiens OX=9606 GN=ALG3 PE=1 SV=1	438
Q9NVA4	sp|Q9NVA4|T184C_HUMAN Transmembrane protein 184C OS=Homo sapiens OX=9606 GN=TMEM184C PE=1 SV=2	438
Q9BZG8	sp|Q9BZG8|DPH1_HUMAN 2-(3-amino-3-carboxypropyl)histidine synthase subunit 1 OS=Homo sapiens OX=9606 GN=DPH1 PE=1 SV=3	438
P17980	sp|P17980|PRS6A_HUMAN 26S proteasome regulatory subunit 6A OS=Homo sapiens OX=9606 GN=PSMC3 PE=1 SV=3	439
P04181	sp|P04181|OAT_HUMAN Ornithine aminotransferase, mitochondrial OS=Homo sapiens OX=9606 GN=OAT PE=1 SV=1	439
Q5T442	sp|Q5T442|CXG2_HUMAN Gap junction gamma-2 protein OS=Homo sapiens OX=9606 GN=GJC2 PE=1 SV=1	439
Q07960	sp|Q07960|RHG01_HUMAN Rho GTPase-activating protein 1 OS=Homo sapiens OX=9606 GN=ARHGAP1 PE=1 SV=1	439
Q14314	sp|Q14314|FGL2_HUMAN Fibroleukin OS=Homo sapiens OX=9606 GN=FGL2 PE=1 SV=1	439
Q13363	sp|Q13363|CTBP1_HUMAN C-terminal-binding protein 1 OS=Homo sapiens OX=9606 GN=CTBP1 PE=1 SV=2	440
P23515	sp|P23515|OMGP_HUMAN Oligodendrocyte-myelin glycoprotein OS=Homo sapiens OX=9606 GN=OMG PE=1 SV=2	440
Q15084	sp|Q15084|PDIA6_HUMAN Protein disulfide-isomerase A6 OS=Homo sapiens OX=9606 GN=PDIA6 PE=1 SV=1	440
Q6UWR7	sp|Q6UWR7|ENPP6_HUMAN Glycerophosphocholine cholinephosphodiesterase ENPP6 OS=Homo sapiens OX=9606 GN=ENPP6 PE=1 SV=2	440
P04180	sp|P04180|LCAT_HUMAN Phosphatidylcholine-sterol acyltransferase OS=Homo sapiens OX=9606 GN=LCAT PE=1 SV=1	440
Q9NVD3	sp|Q9NVD3|SETD4_HUMAN SET domain-containing protein 4 OS=Homo sapiens OX=9606 GN=SETD4 PE=1 SV=1	440
Q9BZV1	sp|Q9BZV1|UBXN6_HUMAN UBX domain-containing protein 6 OS=Homo sapiens OX=9606 GN=UBXN6 PE=1 SV=1	441
Q03181	sp|Q03181|PPARD_HUMAN Peroxisome proliferator-activated receptor delta OS=Homo sapiens OX=9606 GN=PPARD PE=1 SV=1	441
Q92551	sp|Q92551|IP6K1_HUMAN Inositol hexakisphosphate kinase 1 OS=Homo sapiens OX=9606 GN=IP6K1 PE=1 SV=3	441
Q9BX95	sp|Q9BX95|SGPP1_HUMAN Sphingosine-1-phosphate phosphatase 1 OS=Homo sapiens OX=9606 GN=SGPP1 PE=1 SV=2	441
Q9NQ84	sp|Q9NQ84|GPC5C_HUMAN G-protein coupled receptor family C group 5 member C OS=Homo sapiens OX=9606 GN=GPRC5C PE=1 SV=2	441
P14921	sp|P14921|ETS1_HUMAN Protein C-ets-1 OS=Homo sapiens OX=9606 GN=ETS1 PE=1 SV=1	441
P58658	sp|P58658|EVA1C_HUMAN Protein eva-1 homolog C OS=Homo sapiens OX=9606 GN=EVA1C PE=1 SV=1	441
Q7L592	sp|Q7L592|NDUF7_HUMAN Protein arginine methyltransferase NDUFAF7, mitochondrial OS=Homo sapiens OX=9606 GN=NDUFAF7 PE=1 SV=1	441
O75056	sp|O75056|SDC3_HUMAN Syndecan-3 OS=Homo sapiens OX=9606 GN=SDC3 PE=1 SV=2	442
Q96SW2	sp|Q96SW2|CRBN_HUMAN Protein cereblon OS=Homo sapiens OX=9606 GN=CRBN PE=1 SV=1	442
Q12894	sp|Q12894|IFRD2_HUMAN Interferon-related developmental regulator 2 OS=Homo sapiens OX=9606 GN=IFRD2 PE=1 SV=4	442
Q4G0N4	sp|Q4G0N4|NADK2_HUMAN NAD kinase 2, mitochondrial OS=Homo sapiens OX=9606 GN=NADK2 PE=1 SV=2	442
Q9BY67	sp|Q9BY67|CADM1_HUMAN Cell adhesion molecule 1 OS=Homo sapiens OX=9606 GN=CADM1 PE=1 SV=2	442
P24530	sp|P24530|EDNRB_HUMAN Endothelin receptor type B OS=Homo sapiens OX=9606 GN=EDNRB PE=1 SV=1	442
Q9Y6E0	sp|Q9Y6E0|STK24_HUMAN Serine/threonine-protein kinase 24 OS=Homo sapiens OX=9606 GN=STK24 PE=1 SV=1	443
O95967	sp|O95967|FBLN4_HUMAN EGF-containing fibulin-like extracellular matrix protein 2 OS=Homo sapiens OX=9606 GN=EFEMP2 PE=1 SV=3	443
Q9HD23	sp|Q9HD23|MRS2_HUMAN Magnesium transporter MRS2 homolog, mitochondrial OS=Homo sapiens OX=9606 GN=MRS2 PE=1 SV=1	443
P14384	sp|P14384|CBPM_HUMAN Carboxypeptidase M OS=Homo sapiens OX=9606 GN=CPM PE=1 SV=2	443
Q7L5Y1	sp|Q7L5Y1|ENOF1_HUMAN Mitochondrial enolase superfamily member 1 OS=Homo sapiens OX=9606 GN=ENOSF1 PE=1 SV=1	443
A6NHN6	sp|A6NHN6|NPB15_HUMAN Nuclear pore complex-interacting protein family member B15 OS=Homo sapiens OX=9606 GN=NPIPB15 PE=1 SV=3	443
P04350	sp|P04350|TBB4A_HUMAN Tubulin beta-4A chain OS=Homo sapiens OX=9606 GN=TUBB4A PE=1 SV=2	444
P07437	sp|P07437|TBB5_HUMAN Tubulin beta chain OS=Homo sapiens OX=9606 GN=TUBB PE=1 SV=2	444
O95864	sp|O95864|FADS2_HUMAN Acyl-CoA 6-desaturase OS=Homo sapiens OX=9606 GN=FADS2 PE=1 SV=1	444
O60427	sp|O60427|FADS1_HUMAN Acyl-CoA (8-3)-desaturase OS=Homo sapiens OX=9606 GN=FADS1 PE=1 SV=3	444
O75351	sp|O75351|VPS4B_HUMAN Vacuolar protein sorting-associated protein 4B OS=Homo sapiens OX=9606 GN=VPS4B PE=1 SV=2	444
Q9BY11	sp|Q9BY11|PACN1_HUMAN Protein kinase C and casein kinase substrate in neurons protein 1 OS=Homo sapiens OX=9606 GN=PACSIN1 PE=1 SV=1	444
Q7Z699	sp|Q7Z699|SPRE1_HUMAN Sprouty-related, EVH1 domain-containing protein 1 OS=Homo sapiens OX=9606 GN=SPRED1 PE=1 SV=2	444
P68371	sp|P68371|TBB4B_HUMAN Tubulin beta-4B chain OS=Homo sapiens OX=9606 GN=TUBB4B PE=1 SV=1	445
P60228	sp|P60228|EIF3E_HUMAN Eukaryotic translation initiation factor 3 subunit E OS=Homo sapiens OX=9606 GN=EIF3E PE=1 SV=1	445
P50395	sp|P50395|GDIB_HUMAN Rab GDP dissociation inhibitor beta OS=Homo sapiens OX=9606 GN=GDI2 PE=1 SV=2	445
P26572	sp|P26572|MGAT1_HUMAN Alpha-1,3-mannosyl-glycoprotein 2-beta-N-acetylglucosaminyltransferase OS=Homo sapiens OX=9606 GN=MGAT1 PE=1 SV=2	445
Q14849	sp|Q14849|STAR3_HUMAN StAR-related lipid transfer protein 3 OS=Homo sapiens OX=9606 GN=STARD3 PE=1 SV=2	445
P12694	sp|P12694|ODBA_HUMAN 2-oxoisovalerate dehydrogenase subunit alpha, mitochondrial OS=Homo sapiens OX=9606 GN=BCKDHA PE=1 SV=2	445
Q9H8M7	sp|Q9H8M7|MINY3_HUMAN Ubiquitin carboxyl-terminal hydrolase MINDY-3 OS=Homo sapiens OX=9606 GN=MINDY3 PE=1 SV=1	445
Q9Y5Q0	sp|Q9Y5Q0|FADS3_HUMAN Fatty acid desaturase 3 OS=Homo sapiens OX=9606 GN=FADS3 PE=1 SV=1	445
P56545	sp|P56545|CTBP2_HUMAN C-terminal-binding protein 2 OS=Homo sapiens OX=9606 GN=CTBP2 PE=1 SV=1	445
O95674	sp|O95674|CDS2_HUMAN Phosphatidate cytidylyltransferase 2 OS=Homo sapiens OX=9606 GN=CDS2 PE=1 SV=1	445
Q9HAB3	sp|Q9HAB3|S52A2_HUMAN Solute carrier family 52, riboflavin transporter, member 2 OS=Homo sapiens OX=9606 GN=SLC52A2 PE=1 SV=1	445
Q96I15	sp|Q96I15|SCLY_HUMAN Selenocysteine lyase OS=Homo sapiens OX=9606 GN=SCLY PE=1 SV=4	445
Q96CS3	sp|Q96CS3|FAF2_HUMAN FAS-associated factor 2 OS=Homo sapiens OX=9606 GN=FAF2 PE=1 SV=2	445
Q96M27	sp|Q96M27|PRRC1_HUMAN Protein PRRC1 OS=Homo sapiens OX=9606 GN=PRRC1 PE=1 SV=1	445
Q8WY64	sp|Q8WY64|MYLIP_HUMAN E3 ubiquitin-protein ligase MYLIP OS=Homo sapiens OX=9606 GN=MYLIP PE=1 SV=2	445
Q9BUF5	sp|Q9BUF5|TBB6_HUMAN Tubulin beta-6 chain OS=Homo sapiens OX=9606 GN=TUBB6 PE=1 SV=1	446
O95544	sp|O95544|NADK_HUMAN NAD kinase OS=Homo sapiens OX=9606 GN=NADK PE=1 SV=1	446
P31150	sp|P31150|GDIA_HUMAN Rab GDP dissociation inhibitor alpha OS=Homo sapiens OX=9606 GN=GDI1 PE=1 SV=2	447
Q9Y6M4	sp|Q9Y6M4|KC1G3_HUMAN Casein kinase I isoform gamma-3 OS=Homo sapiens OX=9606 GN=CSNK1G3 PE=1 SV=2	447
Q13133	sp|Q13133|NR1H3_HUMAN Oxysterols receptor LXR-alpha OS=Homo sapiens OX=9606 GN=NR1H3 PE=1 SV=2	447
Q10469	sp|Q10469|MGAT2_HUMAN Alpha-1,6-mannosyl-glycoprotein 2-beta-N-acetylglucosaminyltransferase OS=Homo sapiens OX=9606 GN=MGAT2 PE=1 SV=1	447
P68366	sp|P68366|TBA4A_HUMAN Tubulin alpha-4A chain OS=Homo sapiens OX=9606 GN=TUBA4A PE=1 SV=1	448
Q99611	sp|Q99611|SPS2_HUMAN Selenide, water dikinase 2 OS=Homo sapiens OX=9606 GN=SEPHS2 PE=1 SV=3	448
P34910	sp|P34910|EVI2B_HUMAN Protein EVI2B OS=Homo sapiens OX=9606 GN=EVI2B PE=1 SV=2	448
Q9BT40	sp|Q9BT40|INP5K_HUMAN Inositol polyphosphate 5-phosphatase K OS=Homo sapiens OX=9606 GN=INPP5K PE=1 SV=3	448
Q8NHJ6	sp|Q8NHJ6|LIRB4_HUMAN Leukocyte immunoglobulin-like receptor subfamily B member 4 OS=Homo sapiens OX=9606 GN=LILRB4 PE=1 SV=3	448
O15533	sp|O15533|TPSN_HUMAN Tapasin OS=Homo sapiens OX=9606 GN=TAPBP PE=1 SV=2	448
Q9UBX5	sp|Q9UBX5|FBLN5_HUMAN Fibulin-5 OS=Homo sapiens OX=9606 GN=FBLN5 PE=1 SV=1	448
Q13163	sp|Q13163|MP2K5_HUMAN Dual specificity mitogen-activated protein kinase kinase 5 OS=Homo sapiens OX=9606 GN=MAP2K5 PE=1 SV=2	448
P49810	sp|P49810|PSN2_HUMAN Presenilin-2 OS=Homo sapiens OX=9606 GN=PSEN2 PE=1 SV=1	448
P10909	sp|P10909|CLUS_HUMAN Clusterin OS=Homo sapiens OX=9606 GN=CLU PE=1 SV=1	449
P31943	sp|P31943|HNRH1_HUMAN Heterogeneous nuclear ribonucleoprotein H OS=Homo sapiens OX=9606 GN=HNRNPH1 PE=1 SV=4	449
Q9BQE3	sp|Q9BQE3|TBA1C_HUMAN Tubulin alpha-1C chain OS=Homo sapiens OX=9606 GN=TUBA1C PE=1 SV=1	449
Q96F05	sp|Q96F05|CK024_HUMAN Uncharacterized protein C11orf24 OS=Homo sapiens OX=9606 GN=C11orf24 PE=1 SV=2	449
Q9NWS8	sp|Q9NWS8|RMND1_HUMAN Required for meiotic nuclear division protein 1 homolog OS=Homo sapiens OX=9606 GN=RMND1 PE=1 SV=2	449
O43934	sp|O43934|MFS11_HUMAN UNC93-like protein MFSD11 OS=Homo sapiens OX=9606 GN=MFSD11 PE=1 SV=2	449
Q9H313	sp|Q9H313|TTYH1_HUMAN Protein tweety homolog 1 OS=Homo sapiens OX=9606 GN=TTYH1 PE=1 SV=1	450
Q13509	sp|Q13509|TBB3_HUMAN Tubulin beta-3 chain OS=Homo sapiens OX=9606 GN=TUBB3 PE=1 SV=2	450
Q14457	sp|Q14457|BECN1_HUMAN Beclin-1 OS=Homo sapiens OX=9606 GN=BECN1 PE=1 SV=2	450
O95219	sp|O95219|SNX4_HUMAN Sorting nexin-4 OS=Homo sapiens OX=9606 GN=SNX4 PE=1 SV=1	450
P41240	sp|P41240|CSK_HUMAN Tyrosine-protein kinase CSK OS=Homo sapiens OX=9606 GN=CSK PE=1 SV=1	450
Q9NZS9	sp|Q9NZS9|BFAR_HUMAN Bifunctional apoptosis regulator OS=Homo sapiens OX=9606 GN=BFAR PE=1 SV=1	450
Q6N075	sp|Q6N075|MFSD5_HUMAN Solute carrier family 61 member 1 OS=Homo sapiens OX=9606 GN=SLC61A1 PE=1 SV=2	450
Q9Y6N5	sp|Q9Y6N5|SQOR_HUMAN Sulfide:quinone oxidoreductase, mitochondrial OS=Homo sapiens OX=9606 GN=SQOR PE=1 SV=1	450
Q8IUZ5	sp|Q8IUZ5|AT2L2_HUMAN 5-phosphohydroxy-L-lysine phospho-lyase OS=Homo sapiens OX=9606 GN=PHYKPL PE=1 SV=1	450
Q71U36	sp|Q71U36|TBA1A_HUMAN Tubulin alpha-1A chain OS=Homo sapiens OX=9606 GN=TUBA1A PE=1 SV=1	451
P23258	sp|P23258|TBG1_HUMAN Tubulin gamma-1 chain OS=Homo sapiens OX=9606 GN=TUBG1 PE=1 SV=2	451
O00458	sp|O00458|IFRD1_HUMAN Interferon-related developmental regulator 1 OS=Homo sapiens OX=9606 GN=IFRD1 PE=1 SV=4	451
P21757	sp|P21757|MSRE_HUMAN Macrophage scavenger receptor types I and II OS=Homo sapiens OX=9606 GN=MSR1 PE=1 SV=1	451
O95363	sp|O95363|SYFM_HUMAN Phenylalanine--tRNA ligase, mitochondrial OS=Homo sapiens OX=9606 GN=FARS2 PE=1 SV=1	451
P48735	sp|P48735|IDHP_HUMAN Isocitrate dehydrogenase [NADP], mitochondrial OS=Homo sapiens OX=9606 GN=IDH2 PE=1 SV=2	452
Q13418	sp|Q13418|ILK_HUMAN Scaffold protein ILK OS=Homo sapiens OX=9606 GN=ILK PE=1 SV=2	452
Q9HB40	sp|Q9HB40|RISC_HUMAN Retinoid-inducible serine carboxypeptidase OS=Homo sapiens OX=9606 GN=SCPEP1 PE=1 SV=1	452
O43615	sp|O43615|TIM44_HUMAN Mitochondrial import inner membrane translocase subunit TIM44 OS=Homo sapiens OX=9606 GN=TIMM44 PE=1 SV=2	452
Q9HBU6	sp|Q9HBU6|EKI1_HUMAN Ethanolamine kinase 1 OS=Homo sapiens OX=9606 GN=ETNK1 PE=1 SV=1	452
P42575	sp|P42575|CASP2_HUMAN Caspase-2 OS=Homo sapiens OX=9606 GN=CASP2 PE=1 SV=2	452
Q9NRX5	sp|Q9NRX5|SERC1_HUMAN Serine incorporator 1 OS=Homo sapiens OX=9606 GN=SERINC1 PE=1 SV=1	453
P22695	sp|P22695|QCR2_HUMAN Cytochrome b-c1 complex subunit 2, mitochondrial OS=Homo sapiens OX=9606 GN=UQCRC2 PE=1 SV=3	453
Q9Y6X5	sp|Q9Y6X5|ENPP4_HUMAN Bis(5'-adenosyl)-triphosphatase ENPP4 OS=Homo sapiens OX=9606 GN=ENPP4 PE=1 SV=3	453
P36957	sp|P36957|ODO2_HUMAN Dihydrolipoyllysine-residue succinyltransferase component of 2-oxoglutarate dehydrogenase complex, mitochondrial OS=Homo sapiens OX=9606 GN=DLST PE=1 SV=4	453
Q9P291	sp|Q9P291|ARMX1_HUMAN Armadillo repeat-containing X-linked protein 1 OS=Homo sapiens OX=9606 GN=ARMCX1 PE=1 SV=1	453
Q86TP1	sp|Q86TP1|PRUN1_HUMAN Exopolyphosphatase PRUNE1 OS=Homo sapiens OX=9606 GN=PRUNE1 PE=1 SV=2	453
Q9UJT1	sp|Q9UJT1|TBD_HUMAN Tubulin delta chain OS=Homo sapiens OX=9606 GN=TUBD1 PE=1 SV=2	453
O00189	sp|O00189|AP4M1_HUMAN AP-4 complex subunit mu-1 OS=Homo sapiens OX=9606 GN=AP4M1 PE=1 SV=2	453
O95897	sp|O95897|NOE2_HUMAN Noelin-2 OS=Homo sapiens OX=9606 GN=OLFM2 PE=1 SV=2	454
P36551	sp|P36551|HEM6_HUMAN Oxygen-dependent coproporphyrinogen-III oxidase, mitochondrial OS=Homo sapiens OX=9606 GN=CPOX PE=1 SV=3	454
O43293	sp|O43293|DAPK3_HUMAN Death-associated protein kinase 3 OS=Homo sapiens OX=9606 GN=DAPK3 PE=1 SV=1	454
P49593	sp|P49593|PPM1F_HUMAN Protein phosphatase 1F OS=Homo sapiens OX=9606 GN=PPM1F PE=1 SV=3	454
Q5SWX8	sp|Q5SWX8|ODR4_HUMAN Protein odr-4 homolog OS=Homo sapiens OX=9606 GN=ODR4 PE=1 SV=1	454
Q96JJ7	sp|Q96JJ7|TMX3_HUMAN Protein disulfide-isomerase TMX3 OS=Homo sapiens OX=9606 GN=TMX3 PE=1 SV=2	454
Q6YP21	sp|Q6YP21|KAT3_HUMAN Kynurenine--oxoglutarate transaminase 3 OS=Homo sapiens OX=9606 GN=KYAT3 PE=1 SV=1	454
P20749	sp|P20749|BCL3_HUMAN B-cell lymphoma 3 protein OS=Homo sapiens OX=9606 GN=BCL3 PE=1 SV=2	454
P07099	sp|P07099|HYEP_HUMAN Epoxide hydrolase 1 OS=Homo sapiens OX=9606 GN=EPHX1 PE=1 SV=1	455
P49411	sp|P49411|EFTU_HUMAN Elongation factor Tu, mitochondrial OS=Homo sapiens OX=9606 GN=TUFM PE=1 SV=3	455
O60239	sp|O60239|3BP5_HUMAN SH3 domain-binding protein 5 OS=Homo sapiens OX=9606 GN=SH3BP5 PE=1 SV=2	455
P19438	sp|P19438|TNR1A_HUMAN Tumor necrosis factor receptor superfamily member 1A OS=Homo sapiens OX=9606 GN=TNFRSF1A PE=1 SV=1	455
Q9H0S4	sp|Q9H0S4|DDX47_HUMAN Probable ATP-dependent RNA helicase DDX47 OS=Homo sapiens OX=9606 GN=DDX47 PE=1 SV=1	455
Q13867	sp|Q13867|BLMH_HUMAN Bleomycin hydrolase OS=Homo sapiens OX=9606 GN=BLMH PE=1 SV=1	455
Q14728	sp|Q14728|S75A1_HUMAN Solute carrier family 75 member 1 OS=Homo sapiens OX=9606 GN=SLC75A1 PE=1 SV=1	455
B7ZAQ6	sp|B7ZAQ6|GPHRA_HUMAN Golgi pH regulator A OS=Homo sapiens OX=9606 GN=GPR89A PE=1 SV=2	455
P39656	sp|P39656|OST48_HUMAN Dolichyl-diphosphooligosaccharide--protein glycosyltransferase 48 kDa subunit OS=Homo sapiens OX=9606 GN=DDOST PE=1 SV=4	456
P30520	sp|P30520|PURA2_HUMAN Adenylosuccinate synthetase isozyme 2 OS=Homo sapiens OX=9606 GN=ADSS2 PE=1 SV=3	456
Q86UL3	sp|Q86UL3|GPAT4_HUMAN Glycerol-3-phosphate acyltransferase 4 OS=Homo sapiens OX=9606 GN=GPAT4 PE=1 SV=1	456
Q6NT16	sp|Q6NT16|S18B1_HUMAN MFS-type transporter SLC18B1 OS=Homo sapiens OX=9606 GN=SLC18B1 PE=1 SV=1	456
Q53H76	sp|Q53H76|PLA1A_HUMAN Phospholipase A1 member A OS=Homo sapiens OX=9606 GN=PLA1A PE=1 SV=2	456
Q9Y265	sp|Q9Y265|RUVB1_HUMAN RuvB-like 1 OS=Homo sapiens OX=9606 GN=RUVBL1 PE=1 SV=1	456
Q99808	sp|Q99808|S29A1_HUMAN Equilibrative nucleoside transporter 1 OS=Homo sapiens OX=9606 GN=SLC29A1 PE=1 SV=3	456
P35790	sp|P35790|CHKA_HUMAN Choline kinase alpha OS=Homo sapiens OX=9606 GN=CHKA PE=1 SV=3	457
Q13451	sp|Q13451|FKBP5_HUMAN Peptidyl-prolyl cis-trans isomerase FKBP5 OS=Homo sapiens OX=9606 GN=FKBP5 PE=1 SV=2	457
Q9H3S3	sp|Q9H3S3|TMPS5_HUMAN Transmembrane protease serine 5 OS=Homo sapiens OX=9606 GN=TMPRSS5 PE=1 SV=2	457
Q9Y697	sp|Q9Y697|NFS1_HUMAN Cysteine desulfurase OS=Homo sapiens OX=9606 GN=NFS1 PE=1 SV=3	457
P10645	sp|P10645|CMGA_HUMAN Chromogranin-A OS=Homo sapiens OX=9606 GN=CHGA PE=1 SV=7	457
Q8N142	sp|Q8N142|PURA1_HUMAN Adenylosuccinate synthetase isozyme 1 OS=Homo sapiens OX=9606 GN=ADSS1 PE=1 SV=1	457
Q9H7Z6	sp|Q9H7Z6|KAT8_HUMAN Histone acetyltransferase KAT8 OS=Homo sapiens OX=9606 GN=KAT8 PE=1 SV=2	458
Q96DT6	sp|Q96DT6|ATG4C_HUMAN Cysteine protease ATG4C OS=Homo sapiens OX=9606 GN=ATG4C PE=1 SV=1	458
P01730	sp|P01730|CD4_HUMAN T-cell surface glycoprotein CD4 OS=Homo sapiens OX=9606 GN=CD4 PE=1 SV=1	458
Q01415	sp|Q01415|GALK2_HUMAN N-acetylgalactosamine kinase OS=Homo sapiens OX=9606 GN=GALK2 PE=1 SV=1	458
O43464	sp|O43464|HTRA2_HUMAN Serine protease HTRA2, mitochondrial OS=Homo sapiens OX=9606 GN=HTRA2 PE=1 SV=2	458
Q9BVA6	sp|Q9BVA6|FICD_HUMAN Protein adenylyltransferase FICD OS=Homo sapiens OX=9606 GN=FICD PE=1 SV=2	458
Q02790	sp|Q02790|FKBP4_HUMAN Peptidyl-prolyl cis-trans isomerase FKBP4 OS=Homo sapiens OX=9606 GN=FKBP4 PE=1 SV=3	459
P15882	sp|P15882|CHIN_HUMAN N-chimaerin OS=Homo sapiens OX=9606 GN=CHN1 PE=1 SV=3	459
Q96BH1	sp|Q96BH1|RNF25_HUMAN E3 ubiquitin-protein ligase RNF25 OS=Homo sapiens OX=9606 GN=RNF25 PE=1 SV=1	459
Q96NT5	sp|Q96NT5|PCFT_HUMAN Proton-coupled folate transporter OS=Homo sapiens OX=9606 GN=SLC46A1 PE=1 SV=1	459
Q96MI6	sp|Q96MI6|PPM1M_HUMAN Protein phosphatase 1M OS=Homo sapiens OX=9606 GN=PPM1M PE=1 SV=2	459
O14771	sp|O14771|ZN213_HUMAN Zinc finger protein 213 OS=Homo sapiens OX=9606 GN=ZNF213 PE=1 SV=2	459
P55055	sp|P55055|NR1H2_HUMAN Oxysterols receptor LXR-beta OS=Homo sapiens OX=9606 GN=NR1H2 PE=1 SV=2	460
Q99952	sp|Q99952|PTN18_HUMAN Tyrosine-protein phosphatase non-receptor type 18 OS=Homo sapiens OX=9606 GN=PTPN18 PE=1 SV=2	460
Q9NWZ3	sp|Q9NWZ3|IRAK4_HUMAN Interleukin-1 receptor-associated kinase 4 OS=Homo sapiens OX=9606 GN=IRAK4 PE=1 SV=1	460
P13489	sp|P13489|RINI_HUMAN Ribonuclease inhibitor OS=Homo sapiens OX=9606 GN=RNH1 PE=1 SV=2	461
Q02818	sp|Q02818|NUCB1_HUMAN Nucleobindin-1 OS=Homo sapiens OX=9606 GN=NUCB1 PE=1 SV=4	461
P31146	sp|P31146|COR1A_HUMAN Coronin-1A OS=Homo sapiens OX=9606 GN=CORO1A PE=1 SV=4	461
P11926	sp|P11926|DCOR_HUMAN Ornithine decarboxylase OS=Homo sapiens OX=9606 GN=ODC1 PE=1 SV=2	461
P20333	sp|P20333|TNR1B_HUMAN Tumor necrosis factor receptor superfamily member 1B OS=Homo sapiens OX=9606 GN=TNFRSF1B PE=1 SV=3	461
Q9H237	sp|Q9H237|PORCN_HUMAN Protein-serine O-palmitoleoyltransferase porcupine OS=Homo sapiens OX=9606 GN=PORCN PE=1 SV=2	461
P68104	sp|P68104|EF1A1_HUMAN Elongation factor 1-alpha 1 OS=Homo sapiens OX=9606 GN=EEF1A1 PE=1 SV=1	462
Q96EZ8	sp|Q96EZ8|MCRS1_HUMAN Microspherule protein 1 OS=Homo sapiens OX=9606 GN=MCRS1 PE=1 SV=1	462
Q9HD26	sp|Q9HD26|GOPC_HUMAN Golgi-associated PDZ and coiled-coil motif-containing protein OS=Homo sapiens OX=9606 GN=GOPC PE=1 SV=1	462
P19793	sp|P19793|RXRA_HUMAN Retinoic acid receptor RXR-alpha OS=Homo sapiens OX=9606 GN=RXRA PE=1 SV=1	462
Q9BQG2	sp|Q9BQG2|NUD12_HUMAN NAD-capped RNA hydrolase NUDT12 OS=Homo sapiens OX=9606 GN=NUDT12 PE=1 SV=1	462
Q86Y97	sp|Q86Y97|KMT5C_HUMAN Histone-lysine N-methyltransferase KMT5C OS=Homo sapiens OX=9606 GN=KMT5C PE=1 SV=1	462
Q9NVC3	sp|Q9NVC3|S38A7_HUMAN Sodium-coupled neutral amino acid transporter 7 OS=Homo sapiens OX=9606 GN=SLC38A7 PE=1 SV=1	462
P61978	sp|P61978|HNRPK_HUMAN Heterogeneous nuclear ribonucleoprotein K OS=Homo sapiens OX=9606 GN=HNRNPK PE=1 SV=1	463
O75306	sp|O75306|NDUS2_HUMAN NADH dehydrogenase [ubiquinone] iron-sulfur protein 2, mitochondrial OS=Homo sapiens OX=9606 GN=NDUFS2 PE=1 SV=2	463
Q05639	sp|Q05639|EF1A2_HUMAN Elongation factor 1-alpha 2 OS=Homo sapiens OX=9606 GN=EEF1A2 PE=1 SV=1	463
Q8TBC4	sp|Q8TBC4|UBA3_HUMAN NEDD8-activating enzyme E1 catalytic subunit OS=Homo sapiens OX=9606 GN=UBA3 PE=1 SV=2	463
Q9P2R7	sp|Q9P2R7|SUCB1_HUMAN Succinate--CoA ligase [ADP-forming] subunit beta, mitochondrial OS=Homo sapiens OX=9606 GN=SUCLA2 PE=1 SV=3	463
Q9Y230	sp|Q9Y230|RUVB2_HUMAN RuvB-like 2 OS=Homo sapiens OX=9606 GN=RUVBL2 PE=1 SV=3	463
Q6UXB8	sp|Q6UXB8|PI16_HUMAN Peptidase inhibitor 16 OS=Homo sapiens OX=9606 GN=PI16 PE=1 SV=1	463
P53634	sp|P53634|CATC_HUMAN Dipeptidyl peptidase 1 OS=Homo sapiens OX=9606 GN=CTSC PE=1 SV=2	463
P48443	sp|P48443|RXRG_HUMAN Retinoic acid receptor RXR-gamma OS=Homo sapiens OX=9606 GN=RXRG PE=1 SV=1	463
Q9NQG6	sp|Q9NQG6|MID51_HUMAN Mitochondrial dynamics protein MIEF1 OS=Homo sapiens OX=9606 GN=MIEF1 PE=1 SV=1	463
P49821	sp|P49821|NDUV1_HUMAN NADH dehydrogenase [ubiquinone] flavoprotein 1, mitochondrial OS=Homo sapiens OX=9606 GN=NDUFV1 PE=1 SV=4	464
Q15428	sp|Q15428|SF3A2_HUMAN Splicing factor 3A subunit 2 OS=Homo sapiens OX=9606 GN=SF3A2 PE=1 SV=2	464
P53779	sp|P53779|MK10_HUMAN Mitogen-activated protein kinase 10 OS=Homo sapiens OX=9606 GN=MAPK10 PE=1 SV=2	464
Q5SQN1	sp|Q5SQN1|SNP47_HUMAN Synaptosomal-associated protein 47 OS=Homo sapiens OX=9606 GN=SNAP47 PE=1 SV=3	464
P04424	sp|P04424|ARLY_HUMAN Argininosuccinate lyase OS=Homo sapiens OX=9606 GN=ASL PE=1 SV=4	464
P78539	sp|P78539|SRPX_HUMAN Sushi repeat-containing protein SRPX OS=Homo sapiens OX=9606 GN=SRPX PE=1 SV=1	464
Q9Y2H1	sp|Q9Y2H1|ST38L_HUMAN Serine/threonine-protein kinase 38-like OS=Homo sapiens OX=9606 GN=STK38L PE=1 SV=3	464
Q9HBH9	sp|Q9HBH9|MKNK2_HUMAN MAP kinase-interacting serine/threonine-protein kinase 2 OS=Homo sapiens OX=9606 GN=MKNK2 PE=1 SV=3	465
A8K0Z3	sp|A8K0Z3|WASH1_HUMAN WASH complex subunit 1 OS=Homo sapiens OX=9606 GN=WASHC1 PE=1 SV=2	465
O15427	sp|O15427|MOT4_HUMAN Monocarboxylate transporter 4 OS=Homo sapiens OX=9606 GN=SLC16A3 PE=1 SV=1	465
Q9H3U5	sp|Q9H3U5|MFSD1_HUMAN Lysosomal dipeptide transporter MFSD1 OS=Homo sapiens OX=9606 GN=MFSD1 PE=1 SV=2	465
Q9BUB5	sp|Q9BUB5|MKNK1_HUMAN MAP kinase-interacting serine/threonine-protein kinase 1 OS=Homo sapiens OX=9606 GN=MKNK1 PE=1 SV=1	465
Q15208	sp|Q15208|STK38_HUMAN Serine/threonine-protein kinase 38 OS=Homo sapiens OX=9606 GN=STK38 PE=1 SV=1	465
P08670	sp|P08670|VIME_HUMAN Vimentin OS=Homo sapiens OX=9606 GN=VIM PE=1 SV=4	466
O75390	sp|O75390|CISY_HUMAN Citrate synthase, mitochondrial OS=Homo sapiens OX=9606 GN=CS PE=1 SV=2	466
Q13283	sp|Q13283|G3BP1_HUMAN Ras GTPase-activating protein-binding protein 1 OS=Homo sapiens OX=9606 GN=G3BP1 PE=1 SV=1	466
Q13505	sp|Q13505|MTX1_HUMAN Metaxin-1 OS=Homo sapiens OX=9606 GN=MTX1 PE=1 SV=3	466
P04066	sp|P04066|FUCO_HUMAN Tissue alpha-L-fucosidase OS=Homo sapiens OX=9606 GN=FUCA1 PE=1 SV=4	466
Q86VR2	sp|Q86VR2|RETR3_HUMAN Reticulophagy regulator 3 OS=Homo sapiens OX=9606 GN=RETREG3 PE=1 SV=1	466
Q13231	sp|Q13231|CHIT1_HUMAN Chitotriosidase-1 OS=Homo sapiens OX=9606 GN=CHIT1 PE=1 SV=1	466
P49768	sp|P49768|PSN1_HUMAN Presenilin-1 OS=Homo sapiens OX=9606 GN=PSEN1 PE=1 SV=1	467
Q15796	sp|Q15796|SMAD2_HUMAN SMAD family member 2 OS=Homo sapiens OX=9606 GN=SMAD2 PE=1 SV=1	467
Q9NPF5	sp|Q9NPF5|DMAP1_HUMAN DNA methyltransferase 1-associated protein 1 OS=Homo sapiens OX=9606 GN=DMAP1 PE=1 SV=1	467
Q9BTY2	sp|Q9BTY2|FUCO2_HUMAN Plasma alpha-L-fucosidase OS=Homo sapiens OX=9606 GN=FUCA2 PE=1 SV=2	467
P41279	sp|P41279|M3K8_HUMAN Mitogen-activated protein kinase kinase kinase 8 OS=Homo sapiens OX=9606 GN=MAP3K8 PE=1 SV=2	467
Q9GZM7	sp|Q9GZM7|TINAL_HUMAN Tubulointerstitial nephritis antigen-like OS=Homo sapiens OX=9606 GN=TINAGL1 PE=1 SV=1	467
Q9H3H1	sp|Q9H3H1|MOD5_HUMAN tRNA dimethylallyltransferase OS=Homo sapiens OX=9606 GN=TRIT1 PE=1 SV=1	467
Q8IWW8	sp|Q8IWW8|HOT_HUMAN Hydroxyacid-oxoacid transhydrogenase, mitochondrial OS=Homo sapiens OX=9606 GN=ADHFE1 PE=1 SV=1	467
Q8N4L1	sp|Q8N4L1|T151A_HUMAN Transmembrane protein 151A OS=Homo sapiens OX=9606 GN=TMEM151A PE=1 SV=1	468
Q9BV35	sp|Q9BV35|SCMC3_HUMAN Mitochondrial adenyl nucleotide antiporter SLC25A23 OS=Homo sapiens OX=9606 GN=SLC25A23 PE=1 SV=2	468
P52757	sp|P52757|CHIO_HUMAN Beta-chimaerin OS=Homo sapiens OX=9606 GN=CHN2 PE=1 SV=2	468
Q8WXD2	sp|Q8WXD2|SCG3_HUMAN Secretogranin-3 OS=Homo sapiens OX=9606 GN=SCG3 PE=1 SV=3	468
Q96GQ5	sp|Q96GQ5|RUSF1_HUMAN RUS family member 1 OS=Homo sapiens OX=9606 GN=RUSF1 PE=1 SV=2	468
Q96HE7	sp|Q96HE7|ERO1A_HUMAN ERO1-like protein alpha OS=Homo sapiens OX=9606 GN=ERO1A PE=1 SV=2	468
P43353	sp|P43353|AL3B1_HUMAN Aldehyde dehydrogenase family 3 member B1 OS=Homo sapiens OX=9606 GN=ALDH3B1 PE=1 SV=1	468
Q96F44	sp|Q96F44|TRI11_HUMAN E3 ubiquitin-protein ligase TRIM11 OS=Homo sapiens OX=9606 GN=TRIM11 PE=1 SV=2	468
Q9UKX7	sp|Q9UKX7|NUP50_HUMAN Nuclear pore complex protein Nup50 OS=Homo sapiens OX=9606 GN=NUP50 PE=1 SV=2	468
Q8N5J2	sp|Q8N5J2|MINY1_HUMAN Ubiquitin carboxyl-terminal hydrolase MINDY-1 OS=Homo sapiens OX=9606 GN=MINDY1 PE=1 SV=2	469
P49005	sp|P49005|DPOD2_HUMAN DNA polymerase delta subunit 2 OS=Homo sapiens OX=9606 GN=POLD2 PE=1 SV=1	469
Q92504	sp|Q92504|S39A7_HUMAN Zinc transporter SLC39A7 OS=Homo sapiens OX=9606 GN=SLC39A7 PE=1 SV=2	469
Q9Y512	sp|Q9Y512|SAM50_HUMAN Sorting and assembly machinery component 50 homolog OS=Homo sapiens OX=9606 GN=SAMM50 PE=1 SV=3	469
Q9NUQ7	sp|Q9NUQ7|UFSP2_HUMAN Ufm1-specific protease 2 OS=Homo sapiens OX=9606 GN=UFSP2 PE=1 SV=3	469
Q8N2H9	sp|Q8N2H9|PELI3_HUMAN E3 ubiquitin-protein ligase pellino homolog 3 OS=Homo sapiens OX=9606 GN=PELI3 PE=1 SV=2	469
Q6KCM7	sp|Q6KCM7|SCMC2_HUMAN Mitochondrial adenyl nucleotide antiporter SLC25A25 OS=Homo sapiens OX=9606 GN=SLC25A25 PE=1 SV=1	469
O94921	sp|O94921|CDK14_HUMAN Cyclin-dependent kinase 14 OS=Homo sapiens OX=9606 GN=CDK14 PE=1 SV=3	469
Q9NQ40	sp|Q9NQ40|S52A3_HUMAN Solute carrier family 52, riboflavin transporter, member 3 OS=Homo sapiens OX=9606 GN=SLC52A3 PE=1 SV=4	469
Q16877	sp|Q16877|F264_HUMAN 6-phosphofructo-2-kinase/fructose-2,6-bisphosphatase 4 OS=Homo sapiens OX=9606 GN=PFKFB4 PE=1 SV=6	469
Q15904	sp|Q15904|VAS1_HUMAN V-type proton ATPase subunit S1 OS=Homo sapiens OX=9606 GN=ATP6AP1 PE=1 SV=2	470
Q96TC7	sp|Q96TC7|RMD3_HUMAN Regulator of microtubule dynamics protein 3 OS=Homo sapiens OX=9606 GN=RMDN3 PE=1 SV=2	470
Q15036	sp|Q15036|SNX17_HUMAN Sorting nexin-17 OS=Homo sapiens OX=9606 GN=SNX17 PE=1 SV=1	470
Q9BUZ4	sp|Q9BUZ4|TRAF4_HUMAN TNF receptor-associated factor 4 OS=Homo sapiens OX=9606 GN=TRAF4 PE=1 SV=1	470
Q8NFQ8	sp|Q8NFQ8|TOIP2_HUMAN Torsin-1A-interacting protein 2 OS=Homo sapiens OX=9606 GN=TOR1AIP2 PE=1 SV=1	470
Q15233	sp|Q15233|NONO_HUMAN Non-POU domain-containing octamer-binding protein OS=Homo sapiens OX=9606 GN=NONO PE=1 SV=4	471
P23381	sp|P23381|SYWC_HUMAN Tryptophan--tRNA ligase, cytoplasmic OS=Homo sapiens OX=9606 GN=WARS1 PE=1 SV=2	471
Q9UK99	sp|Q9UK99|FBX3_HUMAN F-box only protein 3 OS=Homo sapiens OX=9606 GN=FBXO3 PE=1 SV=3	471
Q8N594	sp|Q8N594|MPND_HUMAN MPN domain-containing protein OS=Homo sapiens OX=9606 GN=MPND PE=1 SV=1	471
Q68EN5	sp|Q68EN5|MACA1_HUMAN Microtubule-associated tyrosine carboxypeptidase 1 OS=Homo sapiens OX=9606 GN=MATCAP1 PE=1 SV=1	471
Q8NB16	sp|Q8NB16|MLKL_HUMAN Mixed lineage kinase domain-like protein OS=Homo sapiens OX=9606 GN=MLKL PE=1 SV=1	471
P41091	sp|P41091|IF2G_HUMAN Eukaryotic translation initiation factor 2 subunit 3 OS=Homo sapiens OX=9606 GN=EIF2S3 PE=1 SV=3	472
Q9Y646	sp|Q9Y646|CBPQ_HUMAN Carboxypeptidase Q OS=Homo sapiens OX=9606 GN=CPQ PE=1 SV=1	472
Q8WUX1	sp|Q8WUX1|S38A5_HUMAN Sodium-coupled neutral amino acid transporter 5 OS=Homo sapiens OX=9606 GN=SLC38A5 PE=1 SV=1	472
Q96N66	sp|Q96N66|MBOA7_HUMAN Membrane-bound acylglycerophosphatidylinositol O-acyltransferase MBOAT7 OS=Homo sapiens OX=9606 GN=MBOAT7 PE=1 SV=2	472
Q13228	sp|Q13228|SBP1_HUMAN Methanethiol oxidase OS=Homo sapiens OX=9606 GN=SELENBP1 PE=1 SV=2	472
Q6UX04	sp|Q6UX04|CWC27_HUMAN Spliceosome-associated protein CWC27 homolog OS=Homo sapiens OX=9606 GN=CWC27 PE=1 SV=1	472
A6NDV4	sp|A6NDV4|TMM8B_HUMAN Transmembrane protein 8B OS=Homo sapiens OX=9606 GN=TMEM8B PE=1 SV=2	472
P58400	sp|P58400|NRX1B_HUMAN Neurexin-1-beta OS=Homo sapiens OX=9606 GN=NRXN1 PE=1 SV=3	472
Q6PHR2	sp|Q6PHR2|ULK3_HUMAN Serine/threonine-protein kinase ULK3 OS=Homo sapiens OX=9606 GN=ULK3 PE=1 SV=2	472
Q8N3J2	sp|Q8N3J2|METL4_HUMAN N(6)-adenine-specific methyltransferase METTL4 OS=Homo sapiens OX=9606 GN=METTL4 PE=1 SV=3	472
Q13530	sp|Q13530|SERC3_HUMAN Serine incorporator 3 OS=Homo sapiens OX=9606 GN=SERINC3 PE=1 SV=2	473
Q6P1R4	sp|Q6P1R4|DUS1L_HUMAN tRNA-dihydrouridine(16/17) synthase [NAD(P)(+)]-like OS=Homo sapiens OX=9606 GN=DUS1L PE=1 SV=1	473
O15269	sp|O15269|SPTC1_HUMAN Serine palmitoyltransferase 1 OS=Homo sapiens OX=9606 GN=SPTLC1 PE=1 SV=1	473
Q12891	sp|Q12891|HYAL2_HUMAN Hyaluronidase-2 OS=Homo sapiens OX=9606 GN=HYAL2 PE=1 SV=4	473
Q8IW41	sp|Q8IW41|MAPK5_HUMAN MAP kinase-activated protein kinase 5 OS=Homo sapiens OX=9606 GN=MAPKAPK5 PE=1 SV=2	473
Q9NQ55	sp|Q9NQ55|SSF1_HUMAN Suppressor of SWI4 1 homolog OS=Homo sapiens OX=9606 GN=PPAN PE=1 SV=1	473
Q9BZR6	sp|Q9BZR6|RTN4R_HUMAN Reticulon-4 receptor OS=Homo sapiens OX=9606 GN=RTN4R PE=1 SV=1	473
Q6ZWB6	sp|Q6ZWB6|KCTD8_HUMAN BTB/POZ domain-containing protein KCTD8 OS=Homo sapiens OX=9606 GN=KCTD8 PE=1 SV=1	473
Q0VAM2	sp|Q0VAM2|RGF1B_HUMAN Ras-GEF domain-containing family member 1B OS=Homo sapiens OX=9606 GN=RASGEF1B PE=1 SV=2	473
Q07002	sp|Q07002|CDK18_HUMAN Cyclin-dependent kinase 18 OS=Homo sapiens OX=9606 GN=CDK18 PE=1 SV=4	474
P55084	sp|P55084|ECHB_HUMAN Trifunctional enzyme subunit beta, mitochondrial OS=Homo sapiens OX=9606 GN=HADHB PE=1 SV=3	474
Q9UBS8	sp|Q9UBS8|RNF14_HUMAN E3 ubiquitin-protein ligase RNF14 OS=Homo sapiens OX=9606 GN=RNF14 PE=1 SV=1	474
Q9ULV4	sp|Q9ULV4|COR1C_HUMAN Coronin-1C OS=Homo sapiens OX=9606 GN=CORO1C PE=1 SV=1	474
Q8IV63	sp|Q8IV63|VRK3_HUMAN Serine/threonine-protein kinase VRK3 OS=Homo sapiens OX=9606 GN=VRK3 PE=1 SV=2	474
P48637	sp|P48637|GSHB_HUMAN Glutathione synthetase OS=Homo sapiens OX=9606 GN=GSS PE=1 SV=1	474
Q86TL0	sp|Q86TL0|ATG4D_HUMAN Cysteine protease ATG4D OS=Homo sapiens OX=9606 GN=ATG4D PE=1 SV=1	474
Q96KP4	sp|Q96KP4|CNDP2_HUMAN Cytosolic non-specific dipeptidase OS=Homo sapiens OX=9606 GN=CNDP2 PE=1 SV=2	475
Q01518	sp|Q01518|CAP1_HUMAN Adenylyl cyclase-associated protein 1 OS=Homo sapiens OX=9606 GN=CAP1 PE=1 SV=5	475
Q9UBM7	sp|Q9UBM7|DHCR7_HUMAN 7-dehydrocholesterol reductase OS=Homo sapiens OX=9606 GN=DHCR7 PE=1 SV=1	475
P26368	sp|P26368|U2AF2_HUMAN Splicing factor U2AF 65 kDa subunit OS=Homo sapiens OX=9606 GN=U2AF2 PE=1 SV=4	475
Q96FB5	sp|Q96FB5|MT25B_HUMAN Methyltransferase-like protein 25B OS=Homo sapiens OX=9606 GN=METTL25B PE=1 SV=2	475
Q9UJT0	sp|Q9UJT0|TBE_HUMAN Tubulin epsilon chain OS=Homo sapiens OX=9606 GN=TUBE1 PE=1 SV=1	475
O75844	sp|O75844|FACE1_HUMAN CAAX prenyl protease 1 homolog OS=Homo sapiens OX=9606 GN=ZMPSTE24 PE=1 SV=2	475
Q9BVG3	sp|Q9BVG3|TRI62_HUMAN E3 ubiquitin-protein ligase TRIM62 OS=Homo sapiens OX=9606 GN=TRIM62 PE=1 SV=1	475
P06858	sp|P06858|LIPL_HUMAN Lipoprotein lipase OS=Homo sapiens OX=9606 GN=LPL PE=1 SV=1	475
P16870	sp|P16870|CBPE_HUMAN Carboxypeptidase E OS=Homo sapiens OX=9606 GN=CPE PE=1 SV=1	476
P01019	sp|P01019|ANGT_HUMAN Angiotensinogen OS=Homo sapiens OX=9606 GN=AGT PE=1 SV=4	476
Q9H9S3	sp|Q9H9S3|S61A2_HUMAN Protein transport protein Sec61 subunit alpha isoform 2 OS=Homo sapiens OX=9606 GN=SEC61A2 PE=1 SV=3	476
P61619	sp|P61619|S61A1_HUMAN Protein transport protein Sec61 subunit alpha isoform 1 OS=Homo sapiens OX=9606 GN=SEC61A1 PE=1 SV=2	476
Q9BPX6	sp|Q9BPX6|MICU1_HUMAN Calcium uptake protein 1, mitochondrial OS=Homo sapiens OX=9606 GN=MICU1 PE=1 SV=1	476
Q9H3G5	sp|Q9H3G5|CPVL_HUMAN Probable serine carboxypeptidase CPVL OS=Homo sapiens OX=9606 GN=CPVL PE=1 SV=2	476
O43148	sp|O43148|MCES_HUMAN mRNA cap guanine-N(7) methyltransferase OS=Homo sapiens OX=9606 GN=RNMT PE=1 SV=1	476
Q8N9V3	sp|Q8N9V3|WSDU1_HUMAN WD repeat, SAM and U-box domain-containing protein 1 OS=Homo sapiens OX=9606 GN=WDSUB1 PE=1 SV=4	476
Q8IUH3	sp|Q8IUH3|RBM45_HUMAN RNA-binding protein 45 OS=Homo sapiens OX=9606 GN=RBM45 PE=1 SV=1	476
Q6E0U4	sp|Q6E0U4|DMKN_HUMAN Dermokine OS=Homo sapiens OX=9606 GN=DMKN PE=1 SV=3	476
Q9ULS5	sp|Q9ULS5|TMCC3_HUMAN Transmembrane and coiled-coil domain protein 3 OS=Homo sapiens OX=9606 GN=TMCC3 PE=1 SV=3	477
Q9NY64	sp|Q9NY64|SL2A8_HUMAN Solute carrier family 2, facilitated glucose transporter member 8 OS=Homo sapiens OX=9606 GN=SLC2A8 PE=1 SV=3	477
P50336	sp|P50336|PPOX_HUMAN Protoporphyrinogen oxidase OS=Homo sapiens OX=9606 GN=PPOX PE=1 SV=1	477
Q9BVS5	sp|Q9BVS5|TR61B_HUMAN tRNA (adenine(58)-N(1))-methyltransferase, mitochondrial OS=Homo sapiens OX=9606 GN=TRMT61B PE=1 SV=2	477
Q96I59	sp|Q96I59|SYNM_HUMAN Asparaginyl-tRNA synthetase OS=Homo sapiens OX=9606 GN=NARS2 PE=1 SV=3	477
P09131	sp|P09131|P3_HUMAN P3 protein OS=Homo sapiens OX=9606 GN=SLC10A3 PE=1 SV=1	477
Q9UJA9	sp|Q9UJA9|ENPP5_HUMAN Ectonucleotide pyrophosphatase/phosphodiesterase family member 5 OS=Homo sapiens OX=9606 GN=ENPP5 PE=1 SV=1	477
Q14108	sp|Q14108|SCRB2_HUMAN Lysosome membrane protein 2 OS=Homo sapiens OX=9606 GN=SCARB2 PE=1 SV=2	478
P50579	sp|P50579|MAP2_HUMAN Methionine aminopeptidase 2 OS=Homo sapiens OX=9606 GN=METAP2 PE=1 SV=1	478
O43670	sp|O43670|ZN207_HUMAN BUB3-interacting and GLEBS motif-containing protein ZNF207 OS=Homo sapiens OX=9606 GN=ZNF207 PE=1 SV=1	478
Q86VK4	sp|Q86VK4|ZN410_HUMAN Zinc finger protein 410 OS=Homo sapiens OX=9606 GN=ZNF410 PE=1 SV=2	478
Q9NUU7	sp|Q9NUU7|DD19A_HUMAN ATP-dependent RNA helicase DDX19A OS=Homo sapiens OX=9606 GN=DDX19A PE=1 SV=1	478
Q9UQM7	sp|Q9UQM7|KCC2A_HUMAN Calcium/calmodulin-dependent protein kinase type II subunit alpha OS=Homo sapiens OX=9606 GN=CAMK2A PE=1 SV=2	478
O95995	sp|O95995|DRC4_HUMAN Dynein regulatory complex subunit 4 OS=Homo sapiens OX=9606 GN=DRC4 PE=1 SV=1	478
O75688	sp|O75688|PPM1B_HUMAN Protein phosphatase 1B OS=Homo sapiens OX=9606 GN=PPM1B PE=1 SV=1	479
Q9Y243	sp|Q9Y243|AKT3_HUMAN RAC-gamma serine/threonine-protein kinase OS=Homo sapiens OX=9606 GN=AKT3 PE=1 SV=1	479
Q7LGC8	sp|Q7LGC8|CHST3_HUMAN Carbohydrate sulfotransferase 3 OS=Homo sapiens OX=9606 GN=CHST3 PE=1 SV=3	479
Q9UMR2	sp|Q9UMR2|DD19B_HUMAN ATP-dependent RNA helicase DDX19B OS=Homo sapiens OX=9606 GN=DDX19B PE=1 SV=1	479
Q9BTU6	sp|Q9BTU6|P4K2A_HUMAN Phosphatidylinositol 4-kinase type 2-alpha OS=Homo sapiens OX=9606 GN=PI4K2A PE=1 SV=1	479
Q9NX61	sp|Q9NX61|T161A_HUMAN Transmembrane protein 161A OS=Homo sapiens OX=9606 GN=TMEM161A PE=1 SV=1	479
Q92743	sp|Q92743|HTRA1_HUMAN Serine protease HTRA1 OS=Homo sapiens OX=9606 GN=HTRA1 PE=1 SV=1	480
Q9UQ03	sp|Q9UQ03|COR2B_HUMAN Coronin-2B OS=Homo sapiens OX=9606 GN=CORO2B PE=1 SV=4	480
P31930	sp|P31930|QCR1_HUMAN Cytochrome b-c1 complex subunit 1, mitochondrial OS=Homo sapiens OX=9606 GN=UQCRC1 PE=1 SV=3	480
Q6NUT3	sp|Q6NUT3|MFS12_HUMAN Major facilitator superfamily domain-containing protein 12 OS=Homo sapiens OX=9606 GN=MFSD12 PE=1 SV=2	480
P10619	sp|P10619|PPGB_HUMAN Lysosomal protective protein OS=Homo sapiens OX=9606 GN=CTSA PE=1 SV=2	480
O15519	sp|O15519|CFLAR_HUMAN CASP8 and FADD-like apoptosis regulator OS=Homo sapiens OX=9606 GN=CFLAR PE=1 SV=1	480
P31749	sp|P31749|AKT1_HUMAN RAC-alpha serine/threonine-protein kinase OS=Homo sapiens OX=9606 GN=AKT1 PE=1 SV=2	480
O60883	sp|O60883|G37L1_HUMAN G-protein coupled receptor 37-like 1 OS=Homo sapiens OX=9606 GN=GPR37L1 PE=1 SV=2	481
P31751	sp|P31751|AKT2_HUMAN RAC-beta serine/threonine-protein kinase OS=Homo sapiens OX=9606 GN=AKT2 PE=1 SV=2	481
Q9HAZ1	sp|Q9HAZ1|CLK4_HUMAN Dual specificity protein kinase CLK4 OS=Homo sapiens OX=9606 GN=CLK4 PE=1 SV=1	481
Q9NUP7	sp|Q9NUP7|TRM13_HUMAN tRNA:m(4)X modification enzyme TRM13 homolog OS=Homo sapiens OX=9606 GN=TRMT13 PE=1 SV=2	481
Q99704	sp|Q99704|DOK1_HUMAN Docking protein 1 OS=Homo sapiens OX=9606 GN=DOK1 PE=1 SV=1	481
Q9BZE2	sp|Q9BZE2|PUS3_HUMAN tRNA pseudouridine(38/39) synthase OS=Homo sapiens OX=9606 GN=PUS3 PE=1 SV=3	481
Q5VV17	sp|Q5VV17|OTUD1_HUMAN OTU domain-containing protein 1 OS=Homo sapiens OX=9606 GN=OTUD1 PE=1 SV=1	481
Q9UHC7	sp|Q9UHC7|MKRN1_HUMAN E3 ubiquitin-protein ligase makorin-1 OS=Homo sapiens OX=9606 GN=MKRN1 PE=1 SV=3	482
P19971	sp|P19971|TYPH_HUMAN Thymidine phosphorylase OS=Homo sapiens OX=9606 GN=TYMP PE=1 SV=2	482
Q13547	sp|Q13547|HDAC1_HUMAN Histone deacetylase 1 OS=Homo sapiens OX=9606 GN=HDAC1 PE=1 SV=1	482
Q9UBS0	sp|Q9UBS0|KS6B2_HUMAN Ribosomal protein S6 kinase beta-2 OS=Homo sapiens OX=9606 GN=RPS6KB2 PE=1 SV=2	482
Q16581	sp|Q16581|C3AR_HUMAN C3a anaphylatoxin chemotactic receptor OS=Homo sapiens OX=9606 GN=C3AR1 PE=1 SV=2	482
Q13946	sp|Q13946|PDE7A_HUMAN High affinity 3',5'-cyclic-AMP phosphodiesterase 7A OS=Homo sapiens OX=9606 GN=PDE7A PE=1 SV=2	482
P11182	sp|P11182|ODB2_HUMAN Lipoamide acyltransferase component of branched-chain alpha-keto acid dehydrogenase complex, mitochondrial OS=Homo sapiens OX=9606 GN=DBT PE=1 SV=4	482
P52209	sp|P52209|6PGD_HUMAN 6-phosphogluconate dehydrogenase, decarboxylating OS=Homo sapiens OX=9606 GN=PGD PE=1 SV=3	483
P49840	sp|P49840|GSK3A_HUMAN Glycogen synthase kinase-3 alpha OS=Homo sapiens OX=9606 GN=GSK3A PE=1 SV=2	483
Q96A33	sp|Q96A33|CCD47_HUMAN PAT complex subunit CCDC47 OS=Homo sapiens OX=9606 GN=CCDC47 PE=1 SV=1	483
Q9UI12	sp|Q9UI12|VATH_HUMAN V-type proton ATPase subunit H OS=Homo sapiens OX=9606 GN=ATP6V1H PE=1 SV=1	483
P26196	sp|P26196|DDX6_HUMAN Probable ATP-dependent RNA helicase DDX6 OS=Homo sapiens OX=9606 GN=DDX6 PE=1 SV=2	483
P17544	sp|P17544|ATF7_HUMAN Cyclic AMP-dependent transcription factor ATF-7 OS=Homo sapiens OX=9606 GN=ATF7 PE=1 SV=3	483
Q96DZ1	sp|Q96DZ1|ERLEC_HUMAN Endoplasmic reticulum lectin 1 OS=Homo sapiens OX=9606 GN=ERLEC1 PE=1 SV=1	483
Q9Y6V7	sp|Q9Y6V7|DDX49_HUMAN Probable ATP-dependent RNA helicase DDX49 OS=Homo sapiens OX=9606 GN=DDX49 PE=1 SV=1	483
P49753	sp|P49753|ACOT2_HUMAN Acyl-coenzyme A thioesterase 2, mitochondrial OS=Homo sapiens OX=9606 GN=ACOT2 PE=1 SV=6	483
P34896	sp|P34896|GLYC_HUMAN Serine hydroxymethyltransferase, cytosolic OS=Homo sapiens OX=9606 GN=SHMT1 PE=1 SV=1	483
Q8N149	sp|Q8N149|LIRA2_HUMAN Leukocyte immunoglobulin-like receptor subfamily A member 2 OS=Homo sapiens OX=9606 GN=LILRA2 PE=1 SV=3	483
P49759	sp|P49759|CLK1_HUMAN Dual specificity protein kinase CLK1 OS=Homo sapiens OX=9606 GN=CLK1 PE=1 SV=2	484
Q9UBX1	sp|Q9UBX1|CATF_HUMAN Cathepsin F OS=Homo sapiens OX=9606 GN=CTSF PE=1 SV=1	484
Q05519	sp|Q05519|SRS11_HUMAN Serine/arginine-rich splicing factor 11 OS=Homo sapiens OX=9606 GN=SRSF11 PE=1 SV=1	484
O75354	sp|O75354|ENTP6_HUMAN Ectonucleoside triphosphate diphosphohydrolase 6 OS=Homo sapiens OX=9606 GN=ENTPD6 PE=1 SV=3	484
Q6PIY7	sp|Q6PIY7|GLD2_HUMAN Poly(A) RNA polymerase GLD2 OS=Homo sapiens OX=9606 GN=TENT2 PE=1 SV=1	484
P30566	sp|P30566|PUR8_HUMAN Adenylosuccinate lyase OS=Homo sapiens OX=9606 GN=ADSL PE=1 SV=2	484
Q8WWR8	sp|Q8WWR8|NEUR4_HUMAN Sialidase-4 OS=Homo sapiens OX=9606 GN=NEU4 PE=1 SV=3	484
P57764	sp|P57764|GSDMD_HUMAN Gasdermin-D OS=Homo sapiens OX=9606 GN=GSDMD PE=1 SV=1	484
P54284	sp|P54284|CACB3_HUMAN Voltage-dependent L-type calcium channel subunit beta-3 OS=Homo sapiens OX=9606 GN=CACNB3 PE=1 SV=1	484
Q99784	sp|Q99784|NOE1_HUMAN Noelin OS=Homo sapiens OX=9606 GN=OLFM1 PE=1 SV=4	485
P51648	sp|P51648|AL3A2_HUMAN Aldehyde dehydrogenase family 3 member A2 OS=Homo sapiens OX=9606 GN=ALDH3A2 PE=1 SV=1	485
Q9ULA0	sp|Q9ULA0|DNPEP_HUMAN Aspartyl aminopeptidase OS=Homo sapiens OX=9606 GN=DNPEP PE=1 SV=2	485
Q9BXK5	sp|Q9BXK5|B2L13_HUMAN Bcl-2-like protein 13 OS=Homo sapiens OX=9606 GN=BCL2L13 PE=1 SV=1	485
O76064	sp|O76064|RNF8_HUMAN E3 ubiquitin-protein ligase RNF8 OS=Homo sapiens OX=9606 GN=RNF8 PE=1 SV=1	485
P14317	sp|P14317|HCLS1_HUMAN Hematopoietic lineage cell-specific protein OS=Homo sapiens OX=9606 GN=HCLS1 PE=1 SV=3	486
Q86UX6	sp|Q86UX6|ST32C_HUMAN Serine/threonine-protein kinase 32C OS=Homo sapiens OX=9606 GN=STK32C PE=1 SV=1	486
Q92879	sp|Q92879|CELF1_HUMAN CUGBP Elav-like family member 1 OS=Homo sapiens OX=9606 GN=CELF1 PE=1 SV=2	486
Q8WVB3	sp|Q8WVB3|HEXD_HUMAN Hexosaminidase D OS=Homo sapiens OX=9606 GN=HEXD PE=1 SV=3	486
Q96RP7	sp|Q96RP7|G3ST4_HUMAN Galactose-3-O-sulfotransferase 4 OS=Homo sapiens OX=9606 GN=GAL3ST4 PE=1 SV=1	486
Q9BVG9	sp|Q9BVG9|PTSS2_HUMAN Phosphatidylserine synthase 2 OS=Homo sapiens OX=9606 GN=PTDSS2 PE=1 SV=1	487
Q9H2H9	sp|Q9H2H9|S38A1_HUMAN Sodium-coupled neutral amino acid symporter 1 OS=Homo sapiens OX=9606 GN=SLC38A1 PE=1 SV=1	487
Q13043	sp|Q13043|STK4_HUMAN Serine/threonine-protein kinase 4 OS=Homo sapiens OX=9606 GN=STK4 PE=1 SV=2	487
Q6P1A2	sp|Q6P1A2|MBOA5_HUMAN Lysophospholipid acyltransferase 5 OS=Homo sapiens OX=9606 GN=LPCAT3 PE=1 SV=1	487
Q9UNW1	sp|Q9UNW1|MINP1_HUMAN Multiple inositol polyphosphate phosphatase 1 OS=Homo sapiens OX=9606 GN=MINPP1 PE=1 SV=1	487
Q92769	sp|Q92769|HDAC2_HUMAN Histone deacetylase 2 OS=Homo sapiens OX=9606 GN=HDAC2 PE=1 SV=2	488
Q8IZN3	sp|Q8IZN3|ZDH14_HUMAN Palmitoyltransferase ZDHHC14 OS=Homo sapiens OX=9606 GN=ZDHHC14 PE=1 SV=1	488
P15260	sp|P15260|INGR1_HUMAN Interferon gamma receptor 1 OS=Homo sapiens OX=9606 GN=IFNGR1 PE=1 SV=1	489
Q9BR76	sp|Q9BR76|COR1B_HUMAN Coronin-1B OS=Homo sapiens OX=9606 GN=CORO1B PE=1 SV=1	489
O75439	sp|O75439|MPPB_HUMAN Mitochondrial-processing peptidase subunit beta OS=Homo sapiens OX=9606 GN=PMPCB PE=1 SV=2	489
Q6UX01	sp|Q6UX01|LMBRL_HUMAN Protein LMBR1L OS=Homo sapiens OX=9606 GN=LMBR1L PE=1 SV=2	489
Q8IV08	sp|Q8IV08|PLD3_HUMAN 5'-3' exonuclease PLD3 OS=Homo sapiens OX=9606 GN=PLD3 PE=1 SV=1	490
P10827	sp|P10827|THA_HUMAN Thyroid hormone receptor alpha OS=Homo sapiens OX=9606 GN=THRA PE=1 SV=1	490
Q96MC6	sp|Q96MC6|S71A1_HUMAN Solute carrier family 71 member 1 OS=Homo sapiens OX=9606 GN=SLC71A1 PE=1 SV=2	490
P49761	sp|P49761|CLK3_HUMAN Dual specificity protein kinase CLK3 OS=Homo sapiens OX=9606 GN=CLK3 PE=1 SV=4	490
O14879	sp|O14879|IFIT3_HUMAN Interferon-induced protein with tetratricopeptide repeats 3 OS=Homo sapiens OX=9606 GN=IFIT3 PE=1 SV=1	490
Q86T13	sp|Q86T13|CLC14_HUMAN C-type lectin domain family 14 member A OS=Homo sapiens OX=9606 GN=CLEC14A PE=1 SV=1	490
Q9BW62	sp|Q9BW62|KATL1_HUMAN Katanin p60 ATPase-containing subunit A-like 1 OS=Homo sapiens OX=9606 GN=KATNAL1 PE=1 SV=1	490
Q5VX71	sp|Q5VX71|SUSD4_HUMAN Sushi domain-containing protein 4 OS=Homo sapiens OX=9606 GN=SUSD4 PE=1 SV=1	490
Q13098	sp|Q13098|CSN1_HUMAN COP9 signalosome complex subunit 1 OS=Homo sapiens OX=9606 GN=GPS1 PE=1 SV=4	491
P43490	sp|P43490|NAMPT_HUMAN Nicotinamide phosphoribosyltransferase OS=Homo sapiens OX=9606 GN=NAMPT PE=1 SV=1	491
Q92733	sp|Q92733|PRCC_HUMAN Proline-rich protein PRCC OS=Homo sapiens OX=9606 GN=PRCC PE=1 SV=1	491
Q9UJ41	sp|Q9UJ41|RABX5_HUMAN Rab5 GDP/GTP exchange factor OS=Homo sapiens OX=9606 GN=RABGEF1 PE=1 SV=3	491
Q00987	sp|Q00987|MDM2_HUMAN E3 ubiquitin-protein ligase Mdm2 OS=Homo sapiens OX=9606 GN=MDM2 PE=1 SV=1	491
Q9UJT9	sp|Q9UJT9|FBXL7_HUMAN F-box/LRR-repeat protein 7 OS=Homo sapiens OX=9606 GN=FBXL7 PE=1 SV=1	491
O75449	sp|O75449|KTNA1_HUMAN Katanin p60 ATPase-containing subunit A1 OS=Homo sapiens OX=9606 GN=KATNA1 PE=1 SV=1	491
Q13188	sp|Q13188|STK3_HUMAN Serine/threonine-protein kinase 3 OS=Homo sapiens OX=9606 GN=STK3 PE=1 SV=2	491
Q75N03	sp|Q75N03|HAKAI_HUMAN E3 ubiquitin-protein ligase Hakai OS=Homo sapiens OX=9606 GN=CBLL1 PE=1 SV=1	491
Q9BQ31	sp|Q9BQ31|KCNS3_HUMAN Delayed-rectifier potassium channel regulatory subunit KCNS3 OS=Homo sapiens OX=9606 GN=KCNS3 PE=1 SV=3	491
P22570	sp|P22570|ADRO_HUMAN NADPH:adrenodoxin oxidoreductase, mitochondrial OS=Homo sapiens OX=9606 GN=FDXR PE=1 SV=3	491
Q9UHL4	sp|Q9UHL4|DPP2_HUMAN Dipeptidyl peptidase 2 OS=Homo sapiens OX=9606 GN=DPP7 PE=1 SV=3	492
Q9HCJ1	sp|Q9HCJ1|ANKH_HUMAN Mineralization regulator ANKH OS=Homo sapiens OX=9606 GN=ANKH PE=1 SV=2	492
P11166	sp|P11166|GTR1_HUMAN Solute carrier family 2, facilitated glucose transporter member 1 OS=Homo sapiens OX=9606 GN=SLC2A1 PE=1 SV=2	492
O60784	sp|O60784|TOM1_HUMAN Target of Myb1 membrane trafficking protein OS=Homo sapiens OX=9606 GN=TOM1 PE=1 SV=2	492
Q8WUA2	sp|Q8WUA2|PPIL4_HUMAN Peptidyl-prolyl cis-trans isomerase-like 4 OS=Homo sapiens OX=9606 GN=PPIL4 PE=1 SV=1	492
Q9ULV5	sp|Q9ULV5|HSF4_HUMAN Heat shock factor protein 4 OS=Homo sapiens OX=9606 GN=HSF4 PE=1 SV=2	492
Q6ZNE5	sp|Q6ZNE5|BAKOR_HUMAN Beclin 1-associated autophagy-related key regulator OS=Homo sapiens OX=9606 GN=ATG14 PE=1 SV=1	492
Q15043	sp|Q15043|S39AE_HUMAN Metal cation symporter ZIP14 OS=Homo sapiens OX=9606 GN=SLC39A14 PE=1 SV=3	492
Q16658	sp|Q16658|FSCN1_HUMAN Fascin OS=Homo sapiens OX=9606 GN=FSCN1 PE=1 SV=3	493
P12955	sp|P12955|PEPD_HUMAN Xaa-Pro dipeptidase OS=Homo sapiens OX=9606 GN=PEPD PE=1 SV=3	493
P55058	sp|P55058|PLTP_HUMAN Phospholipid transfer protein OS=Homo sapiens OX=9606 GN=PLTP PE=1 SV=1	493
Q9Y600	sp|Q9Y600|CSAD_HUMAN Cysteine sulfinic acid decarboxylase OS=Homo sapiens OX=9606 GN=CSAD PE=1 SV=2	493
O95376	sp|O95376|ARI2_HUMAN E3 ubiquitin-protein ligase ARIH2 OS=Homo sapiens OX=9606 GN=ARIH2 PE=1 SV=1	493
Q12805	sp|Q12805|FBLN3_HUMAN EGF-containing fibulin-like extracellular matrix protein 1 OS=Homo sapiens OX=9606 GN=EFEMP1 PE=1 SV=2	493
Q8NBT3	sp|Q8NBT3|TM145_HUMAN Transmembrane protein 145 OS=Homo sapiens OX=9606 GN=TMEM145 PE=1 SV=2	493
Q9UPQ4	sp|Q9UPQ4|TRI35_HUMAN E3 ubiquitin-protein ligase TRIM35 OS=Homo sapiens OX=9606 GN=TRIM35 PE=1 SV=2	493
Q9NX74	sp|Q9NX74|DUS2_HUMAN tRNA-dihydrouridine(20) synthase [NAD(P)+]-like OS=Homo sapiens OX=9606 GN=DUS2 PE=1 SV=1	493
P49189	sp|P49189|AL9A1_HUMAN 4-trimethylaminobutyraldehyde dehydrogenase OS=Homo sapiens OX=9606 GN=ALDH9A1 PE=1 SV=3	494
P54578	sp|P54578|UBP14_HUMAN Ubiquitin carboxyl-terminal hydrolase 14 OS=Homo sapiens OX=9606 GN=USP14 PE=1 SV=3	494
Q8NCC5	sp|Q8NCC5|SPX3_HUMAN Sugar phosphate exchanger 3 OS=Homo sapiens OX=9606 GN=SLC37A3 PE=1 SV=2	494
O15079	sp|O15079|SNPH_HUMAN Syntaphilin OS=Homo sapiens OX=9606 GN=SNPH PE=1 SV=2	494
O60701	sp|O60701|UGDH_HUMAN UDP-glucose 6-dehydrogenase OS=Homo sapiens OX=9606 GN=UGDH PE=1 SV=1	494
O75071	sp|O75071|EFC14_HUMAN EF-hand calcium-binding domain-containing protein 14 OS=Homo sapiens OX=9606 GN=EFCAB14 PE=1 SV=1	495
Q6ZNC8	sp|Q6ZNC8|MBOA1_HUMAN Membrane-bound glycerophospholipid O-acyltransferase 1 OS=Homo sapiens OX=9606 GN=MBOAT1 PE=1 SV=1	495
Q9H9S5	sp|Q9H9S5|FKRP_HUMAN Ribitol 5-phosphate transferase FKRP OS=Homo sapiens OX=9606 GN=FKRP PE=1 SV=1	495
Q9NRA2	sp|Q9NRA2|S17A5_HUMAN Sialin OS=Homo sapiens OX=9606 GN=SLC17A5 PE=1 SV=2	495
P42785	sp|P42785|PCP_HUMAN Lysosomal Pro-X carboxypeptidase OS=Homo sapiens OX=9606 GN=PRCP PE=1 SV=1	496
Q00536	sp|Q00536|CDK16_HUMAN Cyclin-dependent kinase 16 OS=Homo sapiens OX=9606 GN=CDK16 PE=1 SV=1	496
O60443	sp|O60443|GSDME_HUMAN Gasdermin-E OS=Homo sapiens OX=9606 GN=GSDME PE=1 SV=2	496
P11169	sp|P11169|GTR3_HUMAN Solute carrier family 2, facilitated glucose transporter member 3 OS=Homo sapiens OX=9606 GN=SLC2A3 PE=1 SV=1	496
Q96BR1	sp|Q96BR1|SGK3_HUMAN Serine/threonine-protein kinase Sgk3 OS=Homo sapiens OX=9606 GN=SGK3 PE=1 SV=1	496
P30419	sp|P30419|NMT1_HUMAN Glycylpeptide N-tetradecanoyltransferase 1 OS=Homo sapiens OX=9606 GN=NMT1 PE=1 SV=2	496
Q8NE00	sp|Q8NE00|S38AC_HUMAN Putative sodium-coupled neutral amino acid transporter 12 OS=Homo sapiens OX=9606 GN=SLC38A12 PE=1 SV=2	496
Q9BYW1	sp|Q9BYW1|GTR11_HUMAN Solute carrier family 2, facilitated glucose transporter member 11 OS=Homo sapiens OX=9606 GN=SLC2A11 PE=1 SV=1	496
O15123	sp|O15123|ANGP2_HUMAN Angiopoietin-2 OS=Homo sapiens OX=9606 GN=ANGPT2 PE=1 SV=1	496
Q15173	sp|Q15173|2A5B_HUMAN Serine/threonine-protein phosphatase 2A 56 kDa regulatory subunit beta isoform OS=Homo sapiens OX=9606 GN=PPP2R5B PE=1 SV=1	497
Q9H6L5	sp|Q9H6L5|RETR1_HUMAN Reticulophagy regulator 1 OS=Homo sapiens OX=9606 GN=RETREG1 PE=1 SV=1	497
P48167	sp|P48167|GLRB_HUMAN Glycine receptor subunit beta OS=Homo sapiens OX=9606 GN=GLRB PE=1 SV=1	497
Q9BRR6	sp|Q9BRR6|ADPGK_HUMAN ADP-dependent glucokinase OS=Homo sapiens OX=9606 GN=ADPGK PE=1 SV=1	497
Q8IYM9	sp|Q8IYM9|TRI22_HUMAN E3 ubiquitin-protein ligase TRIM22 OS=Homo sapiens OX=9606 GN=TRIM22 PE=1 SV=1	498
O60551	sp|O60551|NMT2_HUMAN Glycylpeptide N-tetradecanoyltransferase 2 OS=Homo sapiens OX=9606 GN=NMT2 PE=1 SV=1	498
Q8TBG4	sp|Q8TBG4|AT2L1_HUMAN Ethanolamine-phosphate phospho-lyase OS=Homo sapiens OX=9606 GN=ETNPPL PE=1 SV=1	499
P15170	sp|P15170|ERF3A_HUMAN Eukaryotic peptide chain release factor GTP-binding subunit ERF3A OS=Homo sapiens OX=9606 GN=GSPT1 PE=1 SV=1	499
P53041	sp|P53041|PPP5_HUMAN Serine/threonine-protein phosphatase 5 OS=Homo sapiens OX=9606 GN=PPP5C PE=1 SV=1	499
P49760	sp|P49760|CLK2_HUMAN Dual specificity protein kinase CLK2 OS=Homo sapiens OX=9606 GN=CLK2 PE=1 SV=1	499
Q13557	sp|Q13557|KCC2D_HUMAN Calcium/calmodulin-dependent protein kinase type II subunit delta OS=Homo sapiens OX=9606 GN=CAMK2D PE=1 SV=3	499
Q9NYZ4	sp|Q9NYZ4|SIGL8_HUMAN Sialic acid-binding Ig-like lectin 8 OS=Homo sapiens OX=9606 GN=SIGLEC8 PE=1 SV=2	499
P80404	sp|P80404|GABT_HUMAN 4-aminobutyrate aminotransferase, mitochondrial OS=Homo sapiens OX=9606 GN=ABAT PE=1 SV=3	500
O94919	sp|O94919|ENDD1_HUMAN Endonuclease domain-containing 1 protein OS=Homo sapiens OX=9606 GN=ENDOD1 PE=1 SV=2	500
P05155	sp|P05155|IC1_HUMAN Plasma protease C1 inhibitor OS=Homo sapiens OX=9606 GN=SERPING1 PE=1 SV=2	500
P53985	sp|P53985|MOT1_HUMAN Monocarboxylate transporter 1 OS=Homo sapiens OX=9606 GN=SLC16A1 PE=1 SV=3	500
Q86VZ4	sp|Q86VZ4|LRP11_HUMAN Low-density lipoprotein receptor-related protein 11 OS=Homo sapiens OX=9606 GN=LRP11 PE=1 SV=2	500
Q9Y6A2	sp|Q9Y6A2|CP46A_HUMAN Cholesterol 24-hydroxylase OS=Homo sapiens OX=9606 GN=CYP46A1 PE=1 SV=1	500
Q6ZSJ9	sp|Q6ZSJ9|SHSA6_HUMAN Protein shisa-6 OS=Homo sapiens OX=9606 GN=SHISA6 PE=1 SV=2	500
O95502	sp|O95502|NPTXR_HUMAN Neuronal pentraxin receptor OS=Homo sapiens OX=9606 GN=NPTXR PE=1 SV=2	500
Q86XR8	sp|Q86XR8|CEP57_HUMAN Centrosomal protein of 57 kDa OS=Homo sapiens OX=9606 GN=CEP57 PE=1 SV=2	500
Q9C037	sp|Q9C037|TRIM4_HUMAN E3 ubiquitin-protein ligase TRIM4 OS=Homo sapiens OX=9606 GN=TRIM4 PE=1 SV=2	500
P00352	sp|P00352|AL1A1_HUMAN Aldehyde dehydrogenase 1A1 OS=Homo sapiens OX=9606 GN=ALDH1A1 PE=1 SV=2	501
P56817	sp|P56817|BACE1_HUMAN Beta-secretase 1 OS=Homo sapiens OX=9606 GN=BACE1 PE=1 SV=3	501
Q9NSY0	sp|Q9NSY0|NRBP2_HUMAN Nuclear receptor-binding protein 2 OS=Homo sapiens OX=9606 GN=NRBP2 PE=1 SV=2	501
P14868	sp|P14868|SYDC_HUMAN Aspartate--tRNA ligase, cytoplasmic OS=Homo sapiens OX=9606 GN=DARS1 PE=1 SV=2	501
O15488	sp|O15488|GLYG2_HUMAN Glycogenin-2 OS=Homo sapiens OX=9606 GN=GYG2 PE=1 SV=2	501
P22732	sp|P22732|GTR5_HUMAN Solute carrier family 2, facilitated glucose transporter member 5 OS=Homo sapiens OX=9606 GN=SLC2A5 PE=1 SV=1	501
Q12874	sp|Q12874|SF3A3_HUMAN Splicing factor 3A subunit 3 OS=Homo sapiens OX=9606 GN=SF3A3 PE=1 SV=1	501
O00330	sp|O00330|ODPX_HUMAN Pyruvate dehydrogenase protein X component, mitochondrial OS=Homo sapiens OX=9606 GN=PDHX PE=1 SV=3	501
P11230	sp|P11230|ACHB_HUMAN Acetylcholine receptor subunit beta OS=Homo sapiens OX=9606 GN=CHRNB1 PE=1 SV=3	501
Q12933	sp|Q12933|TRAF2_HUMAN TNF receptor-associated factor 2 OS=Homo sapiens OX=9606 GN=TRAF2 PE=1 SV=2	501
Q9NXG6	sp|Q9NXG6|P4HTM_HUMAN Transmembrane prolyl 4-hydroxylase OS=Homo sapiens OX=9606 GN=P4HTM PE=1 SV=2	502
Q9BWU1	sp|Q9BWU1|CDK19_HUMAN Cyclin-dependent kinase 19 OS=Homo sapiens OX=9606 GN=CDK19 PE=1 SV=1	502
P51589	sp|P51589|CP2J2_HUMAN Cytochrome P450 2J2 OS=Homo sapiens OX=9606 GN=CYP2J2 PE=1 SV=2	502
Q9BUB4	sp|Q9BUB4|ADAT1_HUMAN tRNA-specific adenosine deaminase 1 OS=Homo sapiens OX=9606 GN=ADAT1 PE=1 SV=1	502
Q9NRM6	sp|Q9NRM6|I17RB_HUMAN Interleukin-17 receptor B OS=Homo sapiens OX=9606 GN=IL17RB PE=1 SV=2	502
Q8NC56	sp|Q8NC56|LEMD2_HUMAN LEM domain-containing protein 2 OS=Homo sapiens OX=9606 GN=LEMD2 PE=1 SV=1	503
P36897	sp|P36897|TGFR1_HUMAN TGF-beta receptor type-1 OS=Homo sapiens OX=9606 GN=TGFBR1 PE=1 SV=1	503
P37023	sp|P37023|ACVL1_HUMAN Activin receptor type-1-like OS=Homo sapiens OX=9606 GN=ACVRL1 PE=1 SV=2	503
Q9HCP6	sp|Q9HCP6|HHATL_HUMAN Protein-cysteine N-palmitoyltransferase HHAT-like protein OS=Homo sapiens OX=9606 GN=HHATL PE=1 SV=1	504
P78324	sp|P78324|SHPS1_HUMAN Tyrosine-protein phosphatase non-receptor type substrate 1 OS=Homo sapiens OX=9606 GN=SIRPA PE=1 SV=2	504
Q9UMS4	sp|Q9UMS4|PRP19_HUMAN Pre-mRNA-processing factor 19 OS=Homo sapiens OX=9606 GN=PRPF19 PE=1 SV=1	504
Q8N441	sp|Q8N441|FGRL1_HUMAN Fibroblast growth factor receptor-like 1 OS=Homo sapiens OX=9606 GN=FGFRL1 PE=1 SV=1	504
Q9BSA9	sp|Q9BSA9|TM175_HUMAN Endosomal/lysosomal proton channel TMEM175 OS=Homo sapiens OX=9606 GN=TMEM175 PE=1 SV=1	504
P61011	sp|P61011|SRP54_HUMAN Signal recognition particle subunit SRP54 OS=Homo sapiens OX=9606 GN=SRP54 PE=1 SV=1	504
Q99624	sp|Q99624|S38A3_HUMAN Sodium-coupled neutral amino acid transporter 3 OS=Homo sapiens OX=9606 GN=SLC38A3 PE=1 SV=1	504
Q96AD5	sp|Q96AD5|PLPL2_HUMAN Patatin-like phospholipase domain-containing protein 2 OS=Homo sapiens OX=9606 GN=PNPLA2 PE=1 SV=1	504
Q15750	sp|Q15750|TAB1_HUMAN TGF-beta-activated kinase 1 and MAP3K7-binding protein 1 OS=Homo sapiens OX=9606 GN=TAB1 PE=1 SV=1	504
P34897	sp|P34897|GLYM_HUMAN Serine hydroxymethyltransferase, mitochondrial OS=Homo sapiens OX=9606 GN=SHMT2 PE=1 SV=3	504
Q16401	sp|Q16401|PSMD5_HUMAN 26S proteasome non-ATPase regulatory subunit 5 OS=Homo sapiens OX=9606 GN=PSMD5 PE=1 SV=3	504
Q6YBV0	sp|Q6YBV0|S36A4_HUMAN Neutral amino acid uniporter 4 OS=Homo sapiens OX=9606 GN=SLC36A4 PE=1 SV=1	504
Q9Y3I0	sp|Q9Y3I0|RTCB_HUMAN RNA-splicing ligase RTCB OS=Homo sapiens OX=9606 GN=RTCB PE=1 SV=1	505
Q9C0B1	sp|Q9C0B1|FTO_HUMAN Alpha-ketoglutarate-dependent dioxygenase FTO OS=Homo sapiens OX=9606 GN=FTO PE=1 SV=3	505
P50995	sp|P50995|ANX11_HUMAN Annexin A11 OS=Homo sapiens OX=9606 GN=ANXA11 PE=1 SV=1	505
O00401	sp|O00401|WASL_HUMAN Actin nucleation-promoting factor WASL OS=Homo sapiens OX=9606 GN=WASL PE=1 SV=2	505
Q9UHG3	sp|Q9UHG3|PCYOX_HUMAN Prenylcysteine oxidase 1 OS=Homo sapiens OX=9606 GN=PCYOX1 PE=1 SV=3	505
O60825	sp|O60825|F262_HUMAN 6-phosphofructo-2-kinase/fructose-2,6-bisphosphatase 2 OS=Homo sapiens OX=9606 GN=PFKFB2 PE=1 SV=2	505
P36896	sp|P36896|ACV1B_HUMAN Activin receptor type-1B OS=Homo sapiens OX=9606 GN=ACVR1B PE=1 SV=1	505
Q96JB5	sp|Q96JB5|CK5P3_HUMAN CDK5 regulatory subunit-associated protein 3 OS=Homo sapiens OX=9606 GN=CDK5RAP3 PE=1 SV=2	506
Q96QD8	sp|Q96QD8|S38A2_HUMAN Sodium-coupled neutral amino acid symporter 2 OS=Homo sapiens OX=9606 GN=SLC38A2 PE=1 SV=2	506
Q5SR56	sp|Q5SR56|S71A2_HUMAN Solute carrier family 71 member 2 OS=Homo sapiens OX=9606 GN=SLC71A2 PE=1 SV=3	506
Q96BZ4	sp|Q96BZ4|PLD4_HUMAN 5'-3' exonuclease PLD4 OS=Homo sapiens OX=9606 GN=PLD4 PE=1 SV=2	506
P51956	sp|P51956|NEK3_HUMAN Serine/threonine-protein kinase Nek3 OS=Homo sapiens OX=9606 GN=NEK3 PE=1 SV=2	506
P49590	sp|P49590|SYHM_HUMAN Histidine--tRNA ligase, mitochondrial OS=Homo sapiens OX=9606 GN=HARS2 PE=1 SV=1	506
O75881	sp|O75881|CP7B1_HUMAN Cytochrome P450 7B1 OS=Homo sapiens OX=9606 GN=CYP7B1 PE=1 SV=2	506
Q96KN2	sp|Q96KN2|CNDP1_HUMAN Beta-Ala-His dipeptidase OS=Homo sapiens OX=9606 GN=CNDP1 PE=1 SV=5	507
Q01650	sp|Q01650|LAT1_HUMAN Large neutral amino acids transporter small subunit 1 OS=Homo sapiens OX=9606 GN=SLC7A5 PE=1 SV=2	507
Q96GZ6	sp|Q96GZ6|S41A3_HUMAN Solute carrier family 41 member 3 OS=Homo sapiens OX=9606 GN=SLC41A3 PE=1 SV=2	507
P15289	sp|P15289|ARSA_HUMAN Arylsulfatase A OS=Homo sapiens OX=9606 GN=ARSA PE=1 SV=3	507
Q86WU2	sp|Q86WU2|LDHD_HUMAN D-lactate dehydrogenase, mitochondrial OS=Homo sapiens OX=9606 GN=LDHD PE=1 SV=1	507
Q9BV44	sp|Q9BV44|THUM3_HUMAN tRNA (guanine(6)-N(2))-methyltransferase THUMP3 OS=Homo sapiens OX=9606 GN=THUMPD3 PE=1 SV=1	507
Q9UGQ3	sp|Q9UGQ3|GTR6_HUMAN Solute carrier family 2, facilitated glucose transporter member 6 OS=Homo sapiens OX=9606 GN=SLC2A6 PE=1 SV=2	507
Q7Z3B4	sp|Q7Z3B4|NUP54_HUMAN Nucleoporin p54 OS=Homo sapiens OX=9606 GN=NUP54 PE=1 SV=2	507
Q9Y6M5	sp|Q9Y6M5|ZNT1_HUMAN Proton-coupled zinc antiporter SLC30A1 OS=Homo sapiens OX=9606 GN=SLC30A1 PE=1 SV=3	507
Q13064	sp|Q13064|MKRN3_HUMAN E3 ubiquitin-protein ligase makorin-3 OS=Homo sapiens OX=9606 GN=MKRN3 PE=1 SV=1	507
P42679	sp|P42679|MATK_HUMAN Megakaryocyte-associated tyrosine-protein kinase OS=Homo sapiens OX=9606 GN=MATK PE=1 SV=1	507
P07237	sp|P07237|PDIA1_HUMAN Protein disulfide-isomerase OS=Homo sapiens OX=9606 GN=P4HB PE=1 SV=3	508
Q16851	sp|Q16851|UGPA_HUMAN UTP--glucose-1-phosphate uridylyltransferase OS=Homo sapiens OX=9606 GN=UGP2 PE=1 SV=5	508
Q92575	sp|Q92575|UBXN4_HUMAN UBX domain-containing protein 4 OS=Homo sapiens OX=9606 GN=UBXN4 PE=1 SV=2	508
Q9Y285	sp|Q9Y285|SYFA_HUMAN Phenylalanine--tRNA ligase alpha subunit OS=Homo sapiens OX=9606 GN=FARSA PE=1 SV=3	508
Q86Y07	sp|Q86Y07|VRK2_HUMAN Serine/threonine-protein kinase VRK2 OS=Homo sapiens OX=9606 GN=VRK2 PE=1 SV=3	508
Q16850	sp|Q16850|CP51A_HUMAN Lanosterol 14-alpha demethylase OS=Homo sapiens OX=9606 GN=CYP51A1 PE=1 SV=4	509
P12081	sp|P12081|HARS1_HUMAN Histidine--tRNA ligase, cytoplasmic OS=Homo sapiens OX=9606 GN=HARS1 PE=1 SV=2	509
P09622	sp|P09622|DLDH_HUMAN Dihydrolipoyl dehydrogenase, mitochondrial OS=Homo sapiens OX=9606 GN=DLD PE=1 SV=2	509
P07954	sp|P07954|FUMH_HUMAN Fumarate hydratase, mitochondrial OS=Homo sapiens OX=9606 GN=FH PE=1 SV=3	510
Q9BYM8	sp|Q9BYM8|HOIL1_HUMAN RanBP-type and C3HC4-type zinc finger-containing protein 1 OS=Homo sapiens OX=9606 GN=RBCK1 PE=1 SV=2	510
Q8N2W9	sp|Q8N2W9|PIAS4_HUMAN E3 SUMO-protein ligase PIAS4 OS=Homo sapiens OX=9606 GN=PIAS4 PE=1 SV=1	510
P49257	sp|P49257|LMAN1_HUMAN Protein ERGIC-53 OS=Homo sapiens OX=9606 GN=LMAN1 PE=1 SV=2	510
P49961	sp|P49961|ENTP1_HUMAN Ectonucleoside triphosphate diphosphohydrolase 1 OS=Homo sapiens OX=9606 GN=ENTPD1 PE=1 SV=1	510
P48444	sp|P48444|COPD_HUMAN Coatomer subunit delta OS=Homo sapiens OX=9606 GN=ARCN1 PE=1 SV=1	511
P21281	sp|P21281|VATB2_HUMAN V-type proton ATPase subunit B, brain isoform OS=Homo sapiens OX=9606 GN=ATP6V1B2 PE=1 SV=3	511
Q9NZK5	sp|Q9NZK5|ADA2_HUMAN Adenosine deaminase 2 OS=Homo sapiens OX=9606 GN=ADA2 PE=1 SV=2	511
P19961	sp|P19961|AMY2B_HUMAN Alpha-amylase 2B OS=Homo sapiens OX=9606 GN=AMY2B PE=1 SV=1	511
Q9UM01	sp|Q9UM01|YLAT1_HUMAN Y+L amino acid transporter 1 OS=Homo sapiens OX=9606 GN=SLC7A7 PE=1 SV=2	511
P48454	sp|P48454|PP2BC_HUMAN Serine/threonine-protein phosphatase 2B catalytic subunit gamma isoform OS=Homo sapiens OX=9606 GN=PPP3CC PE=1 SV=3	512
P07948	sp|P07948|LYN_HUMAN Tyrosine-protein kinase Lyn OS=Homo sapiens OX=9606 GN=LYN PE=1 SV=3	512
Q92993	sp|Q92993|KAT5_HUMAN Histone acetyltransferase KAT5 OS=Homo sapiens OX=9606 GN=KAT5 PE=1 SV=2	513
P14373	sp|P14373|TRI27_HUMAN Zinc finger protein RFP OS=Homo sapiens OX=9606 GN=TRIM27 PE=1 SV=1	513
Q96NA8	sp|Q96NA8|TSNA1_HUMAN t-SNARE domain-containing protein 1 OS=Homo sapiens OX=9606 GN=TSNARE1 PE=1 SV=2	513
O00481	sp|O00481|BT3A1_HUMAN Butyrophilin subfamily 3 member A1 OS=Homo sapiens OX=9606 GN=BTN3A1 PE=1 SV=3	513
P49591	sp|P49591|SYSC_HUMAN Serine--tRNA ligase, cytoplasmic OS=Homo sapiens OX=9606 GN=SARS1 PE=1 SV=3	514
P12268	sp|P12268|IMDH2_HUMAN Inosine-5'-monophosphate dehydrogenase 2 OS=Homo sapiens OX=9606 GN=IMPDH2 PE=1 SV=2	514
O43660	sp|O43660|PLRG1_HUMAN Pleiotropic regulator 1 OS=Homo sapiens OX=9606 GN=PLRG1 PE=1 SV=1	514
O60832	sp|O60832|DKC1_HUMAN H/ACA ribonucleoprotein complex subunit DKC1 OS=Homo sapiens OX=9606 GN=DKC1 PE=1 SV=3	514
Q8J025	sp|Q8J025|APCD1_HUMAN Protein APCDD1 OS=Homo sapiens OX=9606 GN=APCDD1 PE=1 SV=1	514
Q9ULR3	sp|Q9ULR3|PPM1H_HUMAN Protein phosphatase 1H OS=Homo sapiens OX=9606 GN=PPM1H PE=1 SV=2	514
P20839	sp|P20839|IMDH1_HUMAN Inosine-5'-monophosphate dehydrogenase 1 OS=Homo sapiens OX=9606 GN=IMPDH1 PE=1 SV=2	514
Q8WVX9	sp|Q8WVX9|FACR1_HUMAN Fatty acyl-CoA reductase 1 OS=Homo sapiens OX=9606 GN=FAR1 PE=1 SV=1	515
Q14154	sp|Q14154|DELE1_HUMAN DAP3-binding cell death enhancer 1 OS=Homo sapiens OX=9606 GN=DELE1 PE=1 SV=3	515
P11413	sp|P11413|G6PD_HUMAN Glucose-6-phosphate 1-dehydrogenase OS=Homo sapiens OX=9606 GN=G6PD PE=1 SV=4	515
P48551	sp|P48551|INAR2_HUMAN Interferon alpha/beta receptor 2 OS=Homo sapiens OX=9606 GN=IFNAR2 PE=1 SV=1	515
Q9H0F5	sp|Q9H0F5|RNF38_HUMAN E3 ubiquitin-protein ligase RNF38 OS=Homo sapiens OX=9606 GN=RNF38 PE=1 SV=4	515
Q96IK5	sp|Q96IK5|GMCL1_HUMAN Germ cell-less protein-like 1 OS=Homo sapiens OX=9606 GN=GMCL1 PE=1 SV=1	515
Q9UK23	sp|Q9UK23|NAGPA_HUMAN N-acetylglucosamine-1-phosphodiester alpha-N-acetylglucosaminidase OS=Homo sapiens OX=9606 GN=NAGPA PE=1 SV=2	515
Q15392	sp|Q15392|DHC24_HUMAN Delta(24)-sterol reductase OS=Homo sapiens OX=9606 GN=DHCR24 PE=1 SV=2	516
P05091	sp|P05091|ALDH2_HUMAN Aldehyde dehydrogenase, mitochondrial OS=Homo sapiens OX=9606 GN=ALDH2 PE=1 SV=2	517
P35269	sp|P35269|T2FA_HUMAN General transcription factor IIF subunit 1 OS=Homo sapiens OX=9606 GN=GTF2F1 PE=1 SV=2	517
O75143	sp|O75143|ATG13_HUMAN Autophagy-related protein 13 OS=Homo sapiens OX=9606 GN=ATG13 PE=1 SV=1	517
Q15223	sp|Q15223|NECT1_HUMAN Nectin-1 OS=Homo sapiens OX=9606 GN=NECTIN1 PE=1 SV=3	517
Q8NHP6	sp|Q8NHP6|MSPD2_HUMAN Motile sperm domain-containing protein 2 OS=Homo sapiens OX=9606 GN=MOSPD2 PE=1 SV=1	518
Q96SY0	sp|Q96SY0|INT14_HUMAN Integrator complex subunit 14 OS=Homo sapiens OX=9606 GN=INTS14 PE=1 SV=2	518
Q9HCM9	sp|Q9HCM9|TRI39_HUMAN E3 ubiquitin-protein ligase TRIM39 OS=Homo sapiens OX=9606 GN=TRIM39 PE=1 SV=2	518
Q9NP81	sp|Q9NP81|SYSM_HUMAN Serine--tRNA ligase, mitochondrial OS=Homo sapiens OX=9606 GN=SARS2 PE=1 SV=1	518
P28838	sp|P28838|AMPL_HUMAN Cytosol aminopeptidase OS=Homo sapiens OX=9606 GN=LAP3 PE=1 SV=3	519
O14730	sp|O14730|RIOK3_HUMAN Serine/threonine-protein kinase RIO3 OS=Homo sapiens OX=9606 GN=RIOK3 PE=1 SV=2	519
Q6UWH4	sp|Q6UWH4|GAK1B_HUMAN Golgi-associated kinase 1B OS=Homo sapiens OX=9606 GN=GASK1B PE=1 SV=1	519
O43462	sp|O43462|MBTP2_HUMAN Membrane-bound transcription factor site-2 protease OS=Homo sapiens OX=9606 GN=MBTPS2 PE=1 SV=1	519
P27338	sp|P27338|AOFB_HUMAN Amine oxidase [flavin-containing] B OS=Homo sapiens OX=9606 GN=MAOB PE=1 SV=3	520
Q16875	sp|Q16875|F263_HUMAN 6-phosphofructo-2-kinase/fructose-2,6-bisphosphatase 3 OS=Homo sapiens OX=9606 GN=PFKFB3 PE=1 SV=1	520
Q01581	sp|Q01581|HMCS1_HUMAN Hydroxymethylglutaryl-CoA synthase, cytoplasmic OS=Homo sapiens OX=9606 GN=HMGCS1 PE=1 SV=2	520
Q6ZWT7	sp|Q6ZWT7|MBOA2_HUMAN Membrane-bound glycerophospholipid O-acyltransferase 2 OS=Homo sapiens OX=9606 GN=MBOAT2 PE=1 SV=2	520
P55809	sp|P55809|SCOT1_HUMAN Succinyl-CoA:3-ketoacid coenzyme A transferase 1, mitochondrial OS=Homo sapiens OX=9606 GN=OXCT1 PE=1 SV=1	520
Q9H0W8	sp|Q9H0W8|SMG9_HUMAN Nonsense-mediated mRNA decay factor SMG9 OS=Homo sapiens OX=9606 GN=SMG9 PE=1 SV=1	520
Q8TCT8	sp|Q8TCT8|SPP2A_HUMAN Signal peptide peptidase-like 2A OS=Homo sapiens OX=9606 GN=SPPL2A PE=1 SV=2	520
Q13356	sp|Q13356|PPIL2_HUMAN RING-type E3 ubiquitin-protein ligase PPIL2 OS=Homo sapiens OX=9606 GN=PPIL2 PE=1 SV=1	520
Q70SY1	sp|Q70SY1|CR3L2_HUMAN Cyclic AMP-responsive element-binding protein 3-like protein 2 OS=Homo sapiens OX=9606 GN=CREB3L2 PE=1 SV=3	520
O00505	sp|O00505|IMA4_HUMAN Importin subunit alpha-4 OS=Homo sapiens OX=9606 GN=KPNA3 PE=1 SV=2	521
Q08209	sp|Q08209|PP2BA_HUMAN Protein phosphatase 3 catalytic subunit alpha OS=Homo sapiens OX=9606 GN=PPP3CA PE=1 SV=1	521
Q8N5Y2	sp|Q8N5Y2|MS3L1_HUMAN MSL complex subunit 3 OS=Homo sapiens OX=9606 GN=MSL3 PE=1 SV=1	521
Q96T60	sp|Q96T60|PNKP_HUMAN Bifunctional polynucleotide phosphatase/kinase OS=Homo sapiens OX=9606 GN=PNKP PE=1 SV=1	521
O00629	sp|O00629|IMA3_HUMAN Importin subunit alpha-3 OS=Homo sapiens OX=9606 GN=KPNA4 PE=1 SV=1	521
Q9ULK5	sp|Q9ULK5|VANG2_HUMAN Vang-like protein 2 OS=Homo sapiens OX=9606 GN=VANGL2 PE=1 SV=2	521
Q8N465	sp|Q8N465|D2HDH_HUMAN D-2-hydroxyglutarate dehydrogenase, mitochondrial OS=Homo sapiens OX=9606 GN=D2HGDH PE=1 SV=3	521
Q13596	sp|Q13596|SNX1_HUMAN Sorting nexin-1 OS=Homo sapiens OX=9606 GN=SNX1 PE=1 SV=3	522
P37198	sp|P37198|NUP62_HUMAN Nuclear pore glycoprotein p62 OS=Homo sapiens OX=9606 GN=NUP62 PE=1 SV=3	522
P00390	sp|P00390|GSHR_HUMAN Glutathione reductase, mitochondrial OS=Homo sapiens OX=9606 GN=GSR PE=1 SV=2	522
P34059	sp|P34059|GALNS_HUMAN N-acetylgalactosamine-6-sulfatase OS=Homo sapiens OX=9606 GN=GALNS PE=1 SV=1	522
Q16222	sp|Q16222|UAP1_HUMAN UDP-N-acetylhexosamine pyrophosphorylase OS=Homo sapiens OX=9606 GN=UAP1 PE=1 SV=3	522
O43172	sp|O43172|PRP4_HUMAN U4/U6 small nuclear ribonucleoprotein Prp4 OS=Homo sapiens OX=9606 GN=PRPF4 PE=1 SV=2	522
Q8TD30	sp|Q8TD30|ALAT2_HUMAN Alanine aminotransferase 2 OS=Homo sapiens OX=9606 GN=GPT2 PE=1 SV=1	523
Q9HAT2	sp|Q9HAT2|SIAE_HUMAN Sialate O-acetylesterase OS=Homo sapiens OX=9606 GN=SIAE PE=1 SV=1	523
Q8NDH3	sp|Q8NDH3|PEPL1_HUMAN Probable aminopeptidase NPEPL1 OS=Homo sapiens OX=9606 GN=NPEPL1 PE=1 SV=3	523
Q00537	sp|Q00537|CDK17_HUMAN Cyclin-dependent kinase 17 OS=Homo sapiens OX=9606 GN=CDK17 PE=1 SV=2	523
Q9C0H2	sp|Q9C0H2|TTYH3_HUMAN Protein tweety homolog 3 OS=Homo sapiens OX=9606 GN=TTYH3 PE=1 SV=3	523
P43251	sp|P43251|BTD_HUMAN Biotinidase OS=Homo sapiens OX=9606 GN=BTD PE=1 SV=3	523
P07602	sp|P07602|SAP_HUMAN Prosaposin OS=Homo sapiens OX=9606 GN=PSAP PE=1 SV=2	524
P16298	sp|P16298|PP2BB_HUMAN Serine/threonine-protein phosphatase 2B catalytic subunit beta isoform OS=Homo sapiens OX=9606 GN=PPP3CB PE=1 SV=2	524
Q13177	sp|Q13177|PAK2_HUMAN Serine/threonine-protein kinase PAK 2 OS=Homo sapiens OX=9606 GN=PAK2 PE=1 SV=3	524
Q96E52	sp|Q96E52|OMA1_HUMAN Metalloendopeptidase OMA1, mitochondrial OS=Homo sapiens OX=9606 GN=OMA1 PE=1 SV=1	524
Q643R3	sp|Q643R3|LPCT4_HUMAN Lysophospholipid acyltransferase LPCAT4 OS=Homo sapiens OX=9606 GN=LPCAT4 PE=1 SV=1	524
Q9NNW7	sp|Q9NNW7|TRXR2_HUMAN Thioredoxin reductase 2, mitochondrial OS=Homo sapiens OX=9606 GN=TXNRD2 PE=1 SV=3	524
P05186	sp|P05186|PPBT_HUMAN Alkaline phosphatase, tissue-nonspecific isozyme OS=Homo sapiens OX=9606 GN=ALPL PE=1 SV=4	524
P43005	sp|P43005|EAA3_HUMAN Excitatory amino acid transporter 3 OS=Homo sapiens OX=9606 GN=SLC1A1 PE=1 SV=2	524
Q13087	sp|Q13087|PDIA2_HUMAN Protein disulfide-isomerase A2 OS=Homo sapiens OX=9606 GN=PDIA2 PE=1 SV=2	525
Q9UPT9	sp|Q9UPT9|UBP22_HUMAN Ubiquitin carboxyl-terminal hydrolase 22 OS=Homo sapiens OX=9606 GN=USP22 PE=1 SV=2	525
Q10713	sp|Q10713|MPPA_HUMAN Mitochondrial-processing peptidase subunit alpha OS=Homo sapiens OX=9606 GN=PMPCA PE=1 SV=2	525
Q96N21	sp|Q96N21|AP4AT_HUMAN AP-4 complex accessory subunit Tepsin OS=Homo sapiens OX=9606 GN=TEPSIN PE=1 SV=1	525
Q15742	sp|Q15742|NAB2_HUMAN NGFI-A-binding protein 2 OS=Homo sapiens OX=9606 GN=NAB2 PE=1 SV=1	525
P23443	sp|P23443|KS6B1_HUMAN Ribosomal protein S6 kinase beta-1 OS=Homo sapiens OX=9606 GN=RPS6KB1 PE=1 SV=2	525
P35637	sp|P35637|FUS_HUMAN RNA-binding protein FUS OS=Homo sapiens OX=9606 GN=FUS PE=1 SV=1	526
Q9BVK2	sp|Q9BVK2|ALG8_HUMAN Dolichyl pyrophosphate Glc1Man9GlcNAc2 alpha-1,3-glucosyltransferase OS=Homo sapiens OX=9606 GN=ALG8 PE=1 SV=2	526
P08631	sp|P08631|HCK_HUMAN Tyrosine-protein kinase HCK OS=Homo sapiens OX=9606 GN=HCK PE=1 SV=5	526
P19878	sp|P19878|NCF2_HUMAN Neutrophil cytosol factor 2 OS=Homo sapiens OX=9606 GN=NCF2 PE=1 SV=2	526
P04040	sp|P04040|CATA_HUMAN Catalase OS=Homo sapiens OX=9606 GN=CAT PE=1 SV=3	527
Q9UBE8	sp|Q9UBE8|NLK_HUMAN Serine/threonine-protein kinase NLK OS=Homo sapiens OX=9606 GN=NLK PE=1 SV=2	527
Q7KYR7	sp|Q7KYR7|BT2A1_HUMAN Butyrophilin subfamily 2 member A1 OS=Homo sapiens OX=9606 GN=BTN2A1 PE=1 SV=3	527
O95747	sp|O95747|OXSR1_HUMAN Serine/threonine-protein kinase OSR1 OS=Homo sapiens OX=9606 GN=OXSR1 PE=1 SV=1	527
Q5NDL2	sp|Q5NDL2|EOGT_HUMAN EGF domain-specific O-linked N-acetylglucosamine transferase OS=Homo sapiens OX=9606 GN=EOGT PE=1 SV=1	527
P21397	sp|P21397|AOFA_HUMAN Amine oxidase [flavin-containing] A OS=Homo sapiens OX=9606 GN=MAOA PE=1 SV=1	527
P14314	sp|P14314|GLU2B_HUMAN Glucosidase 2 subunit beta OS=Homo sapiens OX=9606 GN=PRKCSH PE=1 SV=2	528
P54577	sp|P54577|SYYC_HUMAN Tyrosine--tRNA ligase, cytoplasmic OS=Homo sapiens OX=9606 GN=YARS1 PE=1 SV=4	528
Q9H2V7	sp|Q9H2V7|SPNS1_HUMAN Protein spinster homolog 1 OS=Homo sapiens OX=9606 GN=SPNS1 PE=1 SV=1	528
Q9H3P2	sp|Q9H3P2|NELFA_HUMAN Negative elongation factor A OS=Homo sapiens OX=9606 GN=NELFA PE=1 SV=3	528
Q9H3P7	sp|Q9H3P7|GCP60_HUMAN Golgi resident protein GCP60 OS=Homo sapiens OX=9606 GN=ACBD3 PE=1 SV=4	528
P78348	sp|P78348|ASIC1_HUMAN Acid-sensing ion channel 1 OS=Homo sapiens OX=9606 GN=ASIC1 PE=1 SV=3	528
Q9H0R6	sp|Q9H0R6|GATA_HUMAN Glutamyl-tRNA(Gln) amidotransferase subunit A, mitochondrial OS=Homo sapiens OX=9606 GN=QRSL1 PE=1 SV=2	528
P06576	sp|P06576|ATPB_HUMAN ATP synthase F(1) complex subunit beta, mitochondrial OS=Homo sapiens OX=9606 GN=ATP5F1B PE=1 SV=3	529
P08195	sp|P08195|4F2_HUMAN Amino acid transporter heavy chain SLC3A2 OS=Homo sapiens OX=9606 GN=SLC3A2 PE=1 SV=4	529
Q00613	sp|Q00613|HSF1_HUMAN Heat shock factor protein 1 OS=Homo sapiens OX=9606 GN=HSF1 PE=1 SV=1	529
P06865	sp|P06865|HEXA_HUMAN Beta-hexosaminidase subunit alpha OS=Homo sapiens OX=9606 GN=HEXA PE=1 SV=2	529
Q9Y2X3	sp|Q9Y2X3|NOP58_HUMAN Nucleolar protein 58 OS=Homo sapiens OX=9606 GN=NOP58 PE=1 SV=1	529
P52292	sp|P52292|IMA1_HUMAN Importin subunit alpha-1 OS=Homo sapiens OX=9606 GN=KPNA2 PE=1 SV=1	529
P09769	sp|P09769|FGR_HUMAN Tyrosine-protein kinase Fgr OS=Homo sapiens OX=9606 GN=FGR PE=1 SV=2	529
Q6UX71	sp|Q6UX71|PXDC2_HUMAN Plexin domain-containing protein 2 OS=Homo sapiens OX=9606 GN=PLXDC2 PE=1 SV=1	529
O43865	sp|O43865|SAHH2_HUMAN S-adenosylhomocysteine hydrolase-like protein 1 OS=Homo sapiens OX=9606 GN=AHCYL1 PE=1 SV=2	530
O75475	sp|O75475|PSIP1_HUMAN PC4 and SFRS1-interacting protein OS=Homo sapiens OX=9606 GN=PSIP1 PE=1 SV=1	530
Q9Y4C5	sp|Q9Y4C5|CHST2_HUMAN Carbohydrate sulfotransferase 2 OS=Homo sapiens OX=9606 GN=CHST2 PE=1 SV=2	530
Q14498	sp|Q14498|RBM39_HUMAN RNA-binding protein 39 OS=Homo sapiens OX=9606 GN=RBM39 PE=1 SV=2	530
Q8N2G8	sp|Q8N2G8|GHDC_HUMAN GH3 domain-containing protein OS=Homo sapiens OX=9606 GN=GHDC PE=1 SV=2	530
Q9BXM9	sp|Q9BXM9|FSD1L_HUMAN FSD1-like protein OS=Homo sapiens OX=9606 GN=FSD1L PE=1 SV=2	530
Q86TW2	sp|Q86TW2|ADCK1_HUMAN AarF domain-containing protein kinase 1 OS=Homo sapiens OX=9606 GN=ADCK1 PE=1 SV=2	530
Q86XE3	sp|Q86XE3|MICU3_HUMAN Calcium uptake protein 3, mitochondrial OS=Homo sapiens OX=9606 GN=MICU3 PE=1 SV=1	530
Q7RTT9	sp|Q7RTT9|S29A4_HUMAN Equilibrative nucleoside transporter 4 OS=Homo sapiens OX=9606 GN=SLC29A4 PE=1 SV=1	530
P14618	sp|P14618|KPYM_HUMAN Pyruvate kinase PKM OS=Homo sapiens OX=9606 GN=PKM PE=1 SV=4	531
Q02318	sp|Q02318|CP27A_HUMAN Sterol 26-hydroxylase, mitochondrial OS=Homo sapiens OX=9606 GN=CYP27A1 PE=1 SV=1	531
P40227	sp|P40227|TCPZ_HUMAN T-complex protein 1 subunit zeta OS=Homo sapiens OX=9606 GN=CCT6A PE=1 SV=3	531
Q9UKA9	sp|Q9UKA9|PTBP2_HUMAN Polypyrimidine tract-binding protein 2 OS=Homo sapiens OX=9606 GN=PTBP2 PE=1 SV=1	531
Q9UHC3	sp|Q9UHC3|ASIC3_HUMAN Acid-sensing ion channel 3 OS=Homo sapiens OX=9606 GN=ASIC3 PE=1 SV=2	531
Q9Y3X0	sp|Q9Y3X0|CCDC9_HUMAN Coiled-coil domain-containing protein 9 OS=Homo sapiens OX=9606 GN=CCDC9 PE=1 SV=1	531
O60678	sp|O60678|ANM3_HUMAN Protein arginine N-methyltransferase 3 OS=Homo sapiens OX=9606 GN=PRMT3 PE=1 SV=4	531
P05362	sp|P05362|ICAM1_HUMAN Intercellular adhesion molecule 1 OS=Homo sapiens OX=9606 GN=ICAM1 PE=1 SV=2	532
P08912	sp|P08912|ACM5_HUMAN Muscarinic acetylcholine receptor M5 OS=Homo sapiens OX=9606 GN=CHRM5 PE=1 SV=2	532
O95409	sp|O95409|ZIC2_HUMAN Zinc finger protein ZIC 2 OS=Homo sapiens OX=9606 GN=ZIC2 PE=1 SV=2	532
P43007	sp|P43007|SATT_HUMAN Neutral amino acid transporter A OS=Homo sapiens OX=9606 GN=SLC1A4 PE=1 SV=1	532
O43175	sp|O43175|SERA_HUMAN D-3-phosphoglycerate dehydrogenase OS=Homo sapiens OX=9606 GN=PHGDH PE=1 SV=4	533
P28702	sp|P28702|RXRB_HUMAN Retinoic acid receptor RXR-beta OS=Homo sapiens OX=9606 GN=RXRB PE=1 SV=2	533
Q09327	sp|Q09327|MGAT3_HUMAN Beta-1,4-mannosyl-glycoprotein 4-beta-N-acetylglucosaminyltransferase OS=Homo sapiens OX=9606 GN=MGAT3 PE=1 SV=3	533
P24557	sp|P24557|THAS_HUMAN Thromboxane-A synthase OS=Homo sapiens OX=9606 GN=TBXAS1 PE=1 SV=3	533
Q9Y6F1	sp|Q9Y6F1|PARP3_HUMAN Protein mono-ADP-ribosyltransferase PARP3 OS=Homo sapiens OX=9606 GN=PARP3 PE=1 SV=4	533
P49326	sp|P49326|FMO5_HUMAN Flavin-containing monooxygenase 5 OS=Homo sapiens OX=9606 GN=FMO5 PE=1 SV=2	533
Q00973	sp|Q00973|B4GN1_HUMAN Beta-1,4 N-acetylgalactosaminyltransferase 1 OS=Homo sapiens OX=9606 GN=B4GALNT1 PE=1 SV=2	533
Q9BSA4	sp|Q9BSA4|TTYH2_HUMAN Protein tweety homolog 2 OS=Homo sapiens OX=9606 GN=TTYH2 PE=1 SV=3	534
Q5T8D3	sp|Q5T8D3|ACBD5_HUMAN Acyl-CoA-binding domain-containing protein 5 OS=Homo sapiens OX=9606 GN=ACBD5 PE=1 SV=1	534
Q9H4M9	sp|Q9H4M9|EHD1_HUMAN EH domain-containing protein 1 OS=Homo sapiens OX=9606 GN=EHD1 PE=1 SV=2	534
Q13564	sp|Q13564|ULA1_HUMAN NEDD8-activating enzyme E1 regulatory subunit OS=Homo sapiens OX=9606 GN=NAE1 PE=1 SV=1	534
P13674	sp|P13674|P4HA1_HUMAN Prolyl 4-hydroxylase subunit alpha-1 OS=Homo sapiens OX=9606 GN=P4HA1 PE=1 SV=2	534
Q8TDR2	sp|Q8TDR2|STK35_HUMAN Serine/threonine-protein kinase 35 OS=Homo sapiens OX=9606 GN=STK35 PE=1 SV=2	534
P78371	sp|P78371|TCPB_HUMAN T-complex protein 1 subunit beta OS=Homo sapiens OX=9606 GN=CCT2 PE=1 SV=4	535
Q02252	sp|Q02252|MMSA_HUMAN Methylmalonate-semialdehyde/malonate-semialdehyde dehydrogenase [acylating], mitochondrial OS=Homo sapiens OX=9606 GN=ALDH6A1 PE=1 SV=2	535
Q9UHY1	sp|Q9UHY1|NRBP_HUMAN Nuclear receptor-binding protein OS=Homo sapiens OX=9606 GN=NRBP1 PE=1 SV=1	535
P54750	sp|P54750|PDE1A_HUMAN Dual specificity calcium/calmodulin-dependent 3',5'-cyclic nucleotide phosphodiesterase 1A OS=Homo sapiens OX=9606 GN=PDE1A PE=1 SV=2	535
P51649	sp|P51649|SSDH_HUMAN Succinate-semialdehyde dehydrogenase, mitochondrial OS=Homo sapiens OX=9606 GN=ALDH5A1 PE=1 SV=2	535
Q9UM21	sp|Q9UM21|MGT4A_HUMAN Alpha-1,3-mannosyl-glycoprotein 4-beta-N-acetylglucosaminyltransferase A OS=Homo sapiens OX=9606 GN=MGAT4A PE=1 SV=1	535
Q9NZN3	sp|Q9NZN3|EHD3_HUMAN EH domain-containing protein 3 OS=Homo sapiens OX=9606 GN=EHD3 PE=1 SV=2	535
Q6UXG8	sp|Q6UXG8|BTNL9_HUMAN Butyrophilin-like protein 9 OS=Homo sapiens OX=9606 GN=BTNL9 PE=1 SV=1	535
P04062	sp|P04062|GBA1_HUMAN Lysosomal acid glucosylceramidase OS=Homo sapiens OX=9606 GN=GBA1 PE=1 SV=3	536
O60684	sp|O60684|IMA7_HUMAN Importin subunit alpha-7 OS=Homo sapiens OX=9606 GN=KPNA6 PE=1 SV=1	536
Q03933	sp|Q03933|HSF2_HUMAN Heat shock factor protein 2 OS=Homo sapiens OX=9606 GN=HSF2 PE=1 SV=1	536
P06241	sp|P06241|FYN_HUMAN Tyrosine-protein kinase Fyn OS=Homo sapiens OX=9606 GN=FYN PE=1 SV=3	537
Q99829	sp|Q99829|CPNE1_HUMAN Copine-1 OS=Homo sapiens OX=9606 GN=CPNE1 PE=1 SV=1	537
O75131	sp|O75131|CPNE3_HUMAN Copine-3 OS=Homo sapiens OX=9606 GN=CPNE3 PE=1 SV=1	537
Q8TCT0	sp|Q8TCT0|CERK1_HUMAN Ceramide kinase OS=Homo sapiens OX=9606 GN=CERK PE=1 SV=1	537
Q86UD5	sp|Q86UD5|SL9B2_HUMAN Sodium/hydrogen exchanger 9B2 OS=Homo sapiens OX=9606 GN=SLC9B2 PE=1 SV=2	537
Q96KA5	sp|Q96KA5|CLP1L_HUMAN Lipid scramblase CLPTM1L OS=Homo sapiens OX=9606 GN=CLPTM1L PE=1 SV=1	538
Q92692	sp|Q92692|NECT2_HUMAN Nectin-2 OS=Homo sapiens OX=9606 GN=NECTIN2 PE=1 SV=1	538
P52294	sp|P52294|IMA5_HUMAN Importin subunit alpha-5 OS=Homo sapiens OX=9606 GN=KPNA1 PE=1 SV=3	538
P10155	sp|P10155|RO60_HUMAN RNA-binding protein RO60 OS=Homo sapiens OX=9606 GN=RO60 PE=1 SV=2	538
A6NL88	sp|A6NL88|SHSA7_HUMAN Protein shisa-7 OS=Homo sapiens OX=9606 GN=SHISA7 PE=1 SV=3	538
Q6XQN6	sp|Q6XQN6|PNCB_HUMAN Nicotinate phosphoribosyltransferase OS=Homo sapiens OX=9606 GN=NAPRT PE=1 SV=2	538
P50991	sp|P50991|TCPD_HUMAN T-complex protein 1 subunit delta OS=Homo sapiens OX=9606 GN=CCT4 PE=1 SV=4	539
P49419	sp|P49419|AL7A1_HUMAN Alpha-aminoadipic semialdehyde dehydrogenase OS=Homo sapiens OX=9606 GN=ALDH7A1 PE=1 SV=5	539
P05166	sp|P05166|PCCB_HUMAN Propionyl-CoA carboxylase beta chain, mitochondrial OS=Homo sapiens OX=9606 GN=PCCB PE=1 SV=3	539
Q12899	sp|Q12899|TRI26_HUMAN Tripartite motif-containing protein 26 OS=Homo sapiens OX=9606 GN=TRIM26 PE=1 SV=1	539
Q9NUN5	sp|Q9NUN5|LMBD1_HUMAN Lysosomal cobalamin transport escort protein LMBD1 OS=Homo sapiens OX=9606 GN=LMBRD1 PE=1 SV=1	540
Q7Z434	sp|Q7Z434|MAVS_HUMAN Mitochondrial antiviral-signaling protein OS=Homo sapiens OX=9606 GN=MAVS PE=1 SV=2	540
O43353	sp|O43353|RIPK2_HUMAN Receptor-interacting serine/threonine-protein kinase 2 OS=Homo sapiens OX=9606 GN=RIPK2 PE=1 SV=2	540
Q16880	sp|Q16880|CGT_HUMAN 2-hydroxyacylsphingosine 1-beta-galactosyltransferase OS=Homo sapiens OX=9606 GN=UGT8 PE=1 SV=2	541
P48643	sp|P48643|TCPE_HUMAN T-complex protein 1 subunit epsilon OS=Homo sapiens OX=9606 GN=CCT5 PE=1 SV=1	541
Q5T9L3	sp|Q5T9L3|WLS_HUMAN Protein wntless homolog OS=Homo sapiens OX=9606 GN=WLS PE=1 SV=2	541
Q96L92	sp|Q96L92|SNX27_HUMAN Sorting nexin-27 OS=Homo sapiens OX=9606 GN=SNX27 PE=1 SV=2	541
Q9UP65	sp|Q9UP65|PA24C_HUMAN Cytosolic phospholipase A2 gamma OS=Homo sapiens OX=9606 GN=PLA2G4C PE=1 SV=2	541
Q6DD88	sp|Q6DD88|ATLA3_HUMAN Atlastin-3 OS=Homo sapiens OX=9606 GN=ATL3 PE=1 SV=1	541
Q15758	sp|Q15758|AAAT_HUMAN Neutral amino acid transporter B(0) OS=Homo sapiens OX=9606 GN=SLC1A5 PE=1 SV=2	541
Q96AA3	sp|Q96AA3|RFT1_HUMAN Man(5)GlcNAc(2)-PP-dolichol translocation protein RFT1 OS=Homo sapiens OX=9606 GN=RFT1 PE=1 SV=1	541
Q9H223	sp|Q9H223|EHD4_HUMAN EH domain-containing protein 4 OS=Homo sapiens OX=9606 GN=EHD4 PE=1 SV=1	541
P43003	sp|P43003|EAA1_HUMAN Excitatory amino acid transporter 1 OS=Homo sapiens OX=9606 GN=SLC1A3 PE=1 SV=1	542
Q9UKB1	sp|Q9UKB1|FBW1B_HUMAN F-box/WD repeat-containing protein 11 OS=Homo sapiens OX=9606 GN=FBXW11 PE=1 SV=1	542
Q8N6G5	sp|Q8N6G5|CGAT2_HUMAN Chondroitin sulfate N-acetylgalactosaminyltransferase 2 OS=Homo sapiens OX=9606 GN=CSGALNACT2 PE=1 SV=1	542
O95394	sp|O95394|AGM1_HUMAN Phosphoacetylglucosamine mutase OS=Homo sapiens OX=9606 GN=PGM3 PE=1 SV=1	542
Q99832	sp|Q99832|TCPH_HUMAN T-complex protein 1 subunit eta OS=Homo sapiens OX=9606 GN=CCT7 PE=1 SV=2	543
P31948	sp|P31948|STIP1_HUMAN Stress-induced-phosphoprotein 1 OS=Homo sapiens OX=9606 GN=STIP1 PE=1 SV=1	543
Q8NC44	sp|Q8NC44|RETR2_HUMAN Reticulophagy regulator 2 OS=Homo sapiens OX=9606 GN=RETREG2 PE=1 SV=3	543
Q9NPR9	sp|Q9NPR9|GP108_HUMAN Protein GPR108 OS=Homo sapiens OX=9606 GN=GPR108 PE=1 SV=3	543
Q8NA29	sp|Q8NA29|NLS1_HUMAN Sodium-dependent lysophosphatidylcholine symporter 1 OS=Homo sapiens OX=9606 GN=MFSD2A PE=1 SV=1	543
P18146	sp|P18146|EGR1_HUMAN Early growth response protein 1 OS=Homo sapiens OX=9606 GN=EGR1 PE=1 SV=1	543
P07947	sp|P07947|YES_HUMAN Tyrosine-protein kinase Yes OS=Homo sapiens OX=9606 GN=YES1 PE=1 SV=3	543
Q7L5N7	sp|Q7L5N7|PCAT2_HUMAN Lysophosphatidylcholine acyltransferase 2 OS=Homo sapiens OX=9606 GN=LPCAT2 PE=1 SV=1	544
Q5VTE6	sp|Q5VTE6|ANGE2_HUMAN RNA 2',3'-cyclic phosphatase ANGEL2 OS=Homo sapiens OX=9606 GN=ANGEL2 PE=1 SV=1	544
Q96D53	sp|Q96D53|COQ8B_HUMAN Atypical kinase COQ8B, mitochondrial OS=Homo sapiens OX=9606 GN=COQ8B PE=1 SV=2	544
P49368	sp|P49368|TCPG_HUMAN T-complex protein 1 subunit gamma OS=Homo sapiens OX=9606 GN=CCT3 PE=1 SV=4	545
Q9UEW8	sp|Q9UEW8|STK39_HUMAN STE20/SPS1-related proline-alanine-rich protein kinase OS=Homo sapiens OX=9606 GN=STK39 PE=1 SV=3	545
Q13153	sp|Q13153|PAK1_HUMAN Serine/threonine-protein kinase PAK 1 OS=Homo sapiens OX=9606 GN=PAK1 PE=1 SV=2	545
P51687	sp|P51687|SUOX_HUMAN Sulfite oxidase, mitochondrial OS=Homo sapiens OX=9606 GN=SUOX PE=1 SV=2	545
O75298	sp|O75298|RTN2_HUMAN Reticulon-2 OS=Homo sapiens OX=9606 GN=RTN2 PE=1 SV=1	545
O15355	sp|O15355|PPM1G_HUMAN Protein phosphatase 1G OS=Homo sapiens OX=9606 GN=PPM1G PE=1 SV=1	546
Q9NRG9	sp|Q9NRG9|AAAS_HUMAN Aladin OS=Homo sapiens OX=9606 GN=AAAS PE=1 SV=1	546
Q9UIF7	sp|Q9UIF7|MUTYH_HUMAN Adenine DNA glycosylase OS=Homo sapiens OX=9606 GN=MUTYH PE=1 SV=1	546
P22307	sp|P22307|SCP2_HUMAN Sterol carrier protein 2 OS=Homo sapiens OX=9606 GN=SCP2 PE=1 SV=2	547
Q9NY93	sp|Q9NY93|DDX56_HUMAN Probable ATP-dependent RNA helicase DDX56 OS=Homo sapiens OX=9606 GN=DDX56 PE=1 SV=1	547
O95072	sp|O95072|REC8_HUMAN Meiotic recombination protein REC8 homolog OS=Homo sapiens OX=9606 GN=REC8 PE=1 SV=1	547
Q8IZD6	sp|Q8IZD6|S22AF_HUMAN Solute carrier family 22 member 15 OS=Homo sapiens OX=9606 GN=SLC22A15 PE=1 SV=1	547
P83111	sp|P83111|LACTB_HUMAN Serine beta-lactamase-like protein LACTB, mitochondrial OS=Homo sapiens OX=9606 GN=LACTB PE=1 SV=2	547
Q8N145	sp|Q8N145|LGI3_HUMAN Leucine-rich repeat LGI family member 3 OS=Homo sapiens OX=9606 GN=LGI3 PE=1 SV=1	548
O43776	sp|O43776|SYNC_HUMAN Asparagine--tRNA ligase, cytoplasmic OS=Homo sapiens OX=9606 GN=NARS1 PE=1 SV=1	548
O15371	sp|O15371|EIF3D_HUMAN Eukaryotic translation initiation factor 3 subunit D OS=Homo sapiens OX=9606 GN=EIF3D PE=1 SV=1	548
P50990	sp|P50990|TCPQ_HUMAN T-complex protein 1 subunit theta OS=Homo sapiens OX=9606 GN=CCT8 PE=1 SV=4	548
Q9NWZ5	sp|Q9NWZ5|UCKL1_HUMAN Uridine-cytidine kinase-like 1 OS=Homo sapiens OX=9606 GN=UCKL1 PE=1 SV=2	548
Q9UQ53	sp|Q9UQ53|MGT4B_HUMAN Alpha-1,3-mannosyl-glycoprotein 4-beta-N-acetylglucosaminyltransferase B OS=Homo sapiens OX=9606 GN=MGAT4B PE=1 SV=1	548
Q14296	sp|Q14296|FASTK_HUMAN Fas-activated serine/threonine kinase OS=Homo sapiens OX=9606 GN=FASTK PE=1 SV=1	549
Q8IVW8	sp|Q8IVW8|SPNS2_HUMAN Sphingosine-1-phosphate transporter SPNS2 OS=Homo sapiens OX=9606 GN=SPNS2 PE=1 SV=2	549
Q9Y6S9	sp|Q9Y6S9|RPKL1_HUMAN Ribosomal protein S6 kinase-like 1 OS=Homo sapiens OX=9606 GN=RPS6KL1 PE=1 SV=1	549
B9A6J9	sp|B9A6J9|TBC3L_HUMAN TBC1 domain family member 3L OS=Homo sapiens OX=9606 GN=TBC1D3L PE=2 SV=1	549
Q9NQS3	sp|Q9NQS3|NECT3_HUMAN Nectin-3 OS=Homo sapiens OX=9606 GN=NECTIN3 PE=1 SV=1	549
Q96QG7	sp|Q96QG7|MTMR9_HUMAN Myotubularin-related protein 9 OS=Homo sapiens OX=9606 GN=MTMR9 PE=1 SV=1	549
Q14247	sp|Q14247|SRC8_HUMAN Src substrate cortactin OS=Homo sapiens OX=9606 GN=CTTN PE=1 SV=2	550
P22304	sp|P22304|IDS_HUMAN Iduronate 2-sulfatase OS=Homo sapiens OX=9606 GN=IDS PE=1 SV=1	550
P98153	sp|P98153|IDD_HUMAN Integral membrane protein DGCR2/IDD OS=Homo sapiens OX=9606 GN=DGCR2 PE=1 SV=1	550
P49279	sp|P49279|NRAM1_HUMAN Natural resistance-associated macrophage protein 1 OS=Homo sapiens OX=9606 GN=SLC11A1 PE=1 SV=1	550
Q9BZR9	sp|Q9BZR9|TRIM8_HUMAN E3 ubiquitin-protein ligase TRIM8 OS=Homo sapiens OX=9606 GN=TRIM8 PE=1 SV=2	551
P35520	sp|P35520|CBS_HUMAN Cystathionine beta-synthase OS=Homo sapiens OX=9606 GN=CBS PE=1 SV=2	551
Q16630	sp|Q16630|CPSF6_HUMAN Cleavage and polyadenylation specificity factor subunit 6 OS=Homo sapiens OX=9606 GN=CPSF6 PE=1 SV=2	551
Q96S66	sp|Q96S66|CLCC1_HUMAN Chloride channel CLIC-like protein 1 OS=Homo sapiens OX=9606 GN=CLCC1 PE=1 SV=1	551
P19525	sp|P19525|E2AK2_HUMAN Interferon-induced, double-stranded RNA-activated protein kinase OS=Homo sapiens OX=9606 GN=EIF2AK2 PE=1 SV=2	551
Q9H0X4	sp|Q9H0X4|F234A_HUMAN Protein FAM234A OS=Homo sapiens OX=9606 GN=FAM234A PE=1 SV=1	552
O60291	sp|O60291|MGRN1_HUMAN E3 ubiquitin-protein ligase MGRN1 OS=Homo sapiens OX=9606 GN=MGRN1 PE=1 SV=2	552
P15586	sp|P15586|GNS_HUMAN N-acetylglucosamine-6-sulfatase OS=Homo sapiens OX=9606 GN=GNS PE=1 SV=3	552
Q9UQB8	sp|Q9UQB8|BAIP2_HUMAN BAR/IMD domain-containing adapter protein 2 OS=Homo sapiens OX=9606 GN=BAIAP2 PE=1 SV=1	552
Q9BVS4	sp|Q9BVS4|RIOK2_HUMAN Serine/threonine-protein kinase RIO2 OS=Homo sapiens OX=9606 GN=RIOK2 PE=1 SV=2	552
Q8WTV0	sp|Q8WTV0|SCRB1_HUMAN Scavenger receptor class B member 1 OS=Homo sapiens OX=9606 GN=SCARB1 PE=1 SV=1	552
P25705	sp|P25705|ATPA_HUMAN ATP synthase F(1) complex subunit alpha, mitochondrial OS=Homo sapiens OX=9606 GN=ATP5F1A PE=1 SV=1	553
Q96JT2	sp|Q96JT2|S45A3_HUMAN Solute carrier family 45 member 3 OS=Homo sapiens OX=9606 GN=SLC45A3 PE=1 SV=1	553
P09603	sp|P09603|CSF1_HUMAN Macrophage colony-stimulating factor 1 OS=Homo sapiens OX=9606 GN=CSF1 PE=1 SV=2	554
Q96KC8	sp|Q96KC8|DNJC1_HUMAN DnaJ homolog subfamily C member 1 OS=Homo sapiens OX=9606 GN=DNAJC1 PE=1 SV=1	554
O95201	sp|O95201|RHIT_HUMAN Transcriptional repressor RHIT OS=Homo sapiens OX=9606 GN=ZNF205 PE=1 SV=2	554
Q8NBN3	sp|Q8NBN3|TM87A_HUMAN Transmembrane protein 87A OS=Homo sapiens OX=9606 GN=TMEM87A PE=1 SV=3	555
Q9NWM0	sp|Q9NWM0|SMOX_HUMAN Spermine oxidase OS=Homo sapiens OX=9606 GN=SMOX PE=1 SV=1	555
P34913	sp|P34913|HYES_HUMAN Bifunctional epoxide hydrolase 2 OS=Homo sapiens OX=9606 GN=EPHX2 PE=1 SV=2	555
Q96S52	sp|Q96S52|PIGS_HUMAN GPI-anchor transamidase component PIGS OS=Homo sapiens OX=9606 GN=PIGS PE=1 SV=3	555
Q96K49	sp|Q96K49|TM87B_HUMAN Transmembrane protein 87B OS=Homo sapiens OX=9606 GN=TMEM87B PE=1 SV=1	555
P17987	sp|P17987|TCPA_HUMAN T-complex protein 1 subunit alpha OS=Homo sapiens OX=9606 GN=TCP1 PE=1 SV=1	556
P07686	sp|P07686|HEXB_HUMAN Beta-hexosaminidase subunit beta OS=Homo sapiens OX=9606 GN=HEXB PE=1 SV=4	556
Q32NB8	sp|Q32NB8|PGPS1_HUMAN CDP-diacylglycerol--glycerol-3-phosphate 3-phosphatidyltransferase, mitochondrial OS=Homo sapiens OX=9606 GN=PGS1 PE=1 SV=1	556
Q8IUC8	sp|Q8IUC8|GLT13_HUMAN Polypeptide N-acetylgalactosaminyltransferase 13 OS=Homo sapiens OX=9606 GN=GALNT13 PE=1 SV=2	556
O15530	sp|O15530|PDPK1_HUMAN 3-phosphoinositide-dependent protein kinase 1 OS=Homo sapiens OX=9606 GN=PDPK1 PE=1 SV=1	556
Q01638	sp|Q01638|ILRL1_HUMAN Interleukin-1 receptor-like 1 OS=Homo sapiens OX=9606 GN=IL1RL1 PE=1 SV=4	556
P26599	sp|P26599|PTBP1_HUMAN Polypyrimidine tract-binding protein 1 OS=Homo sapiens OX=9606 GN=PTBP1 PE=1 SV=2	557
P17181	sp|P17181|INAR1_HUMAN Interferon alpha/beta receptor 1 OS=Homo sapiens OX=9606 GN=IFNAR1 PE=1 SV=3	557
Q9ULM6	sp|Q9ULM6|CNOT6_HUMAN CCR4-NOT transcription complex subunit 6 OS=Homo sapiens OX=9606 GN=CNOT6 PE=1 SV=2	557
P00367	sp|P00367|DHE3_HUMAN Glutamate dehydrogenase 1, mitochondrial OS=Homo sapiens OX=9606 GN=GLUD1 PE=1 SV=2	558
P06744	sp|P06744|G6PI_HUMAN Glucose-6-phosphate isomerase OS=Homo sapiens OX=9606 GN=GPI PE=1 SV=4	558
O95870	sp|O95870|ABHGA_HUMAN Phosphatidylserine lipase ABHD16A OS=Homo sapiens OX=9606 GN=ABHD16A PE=1 SV=3	558
Q13555	sp|Q13555|KCC2G_HUMAN Calcium/calmodulin-dependent protein kinase type II subunit gamma OS=Homo sapiens OX=9606 GN=CAMK2G PE=1 SV=4	558
P35052	sp|P35052|GPC1_HUMAN Glypican-1 OS=Homo sapiens OX=9606 GN=GPC1 PE=1 SV=2	558
Q8WXF7	sp|Q8WXF7|ATLA1_HUMAN Atlastin-1 OS=Homo sapiens OX=9606 GN=ATL1 PE=1 SV=1	558
O00592	sp|O00592|PODXL_HUMAN Podocalyxin OS=Homo sapiens OX=9606 GN=PODXL PE=1 SV=2	558
Q9NPH2	sp|Q9NPH2|INO1_HUMAN Inositol-3-phosphate synthase 1 OS=Homo sapiens OX=9606 GN=ISYNA1 PE=1 SV=1	558
Q8N428	sp|Q8N428|GLT16_HUMAN Polypeptide N-acetylgalactosaminyltransferase 16 OS=Homo sapiens OX=9606 GN=GALNT16 PE=1 SV=2	558
O00748	sp|O00748|EST2_HUMAN Cocaine esterase OS=Homo sapiens OX=9606 GN=CES2 PE=1 SV=1	559
Q10472	sp|Q10472|GALT1_HUMAN Polypeptide N-acetylgalactosaminyltransferase 1 OS=Homo sapiens OX=9606 GN=GALNT1 PE=1 SV=1	559
Q13131	sp|Q13131|AAPK1_HUMAN 5'-AMP-activated protein kinase catalytic subunit alpha-1 OS=Homo sapiens OX=9606 GN=PRKAA1 PE=1 SV=4	559
Q9NVH1	sp|Q9NVH1|DJC11_HUMAN DnaJ homolog subfamily C member 11 OS=Homo sapiens OX=9606 GN=DNAJC11 PE=1 SV=2	559
Q86SQ6	sp|Q86SQ6|AGRA1_HUMAN Adhesion G protein-coupled receptor A1 OS=Homo sapiens OX=9606 GN=ADGRA1 PE=1 SV=3	560
Q9P2U7	sp|Q9P2U7|VGLU1_HUMAN Vesicular glutamate transporter 1 OS=Homo sapiens OX=9606 GN=SLC17A7 PE=1 SV=1	560
O43281	sp|O43281|EFS_HUMAN Embryonal Fyn-associated substrate OS=Homo sapiens OX=9606 GN=EFS PE=1 SV=1	561
P08243	sp|P08243|ASNS_HUMAN Asparagine synthetase [glutamine-hydrolyzing] OS=Homo sapiens OX=9606 GN=ASNS PE=1 SV=4	561
P49902	sp|P49902|5NTC_HUMAN Cytosolic purine 5'-nucleotidase OS=Homo sapiens OX=9606 GN=NT5C2 PE=1 SV=1	561
Q96SK2	sp|Q96SK2|TM209_HUMAN Transmembrane protein 209 OS=Homo sapiens OX=9606 GN=TMEM209 PE=1 SV=2	561
P78314	sp|P78314|3BP2_HUMAN SH3 domain-binding protein 2 OS=Homo sapiens OX=9606 GN=SH3BP2 PE=1 SV=2	561
Q9Y2W6	sp|Q9Y2W6|TDRKH_HUMAN Tudor and KH domain-containing protein OS=Homo sapiens OX=9606 GN=TDRKH PE=1 SV=2	561
Q7LFX5	sp|Q7LFX5|CHSTF_HUMAN Carbohydrate sulfotransferase 15 OS=Homo sapiens OX=9606 GN=CHST15 PE=1 SV=1	561
Q9Y6K8	sp|Q9Y6K8|KAD5_HUMAN Adenylate kinase isoenzyme 5 OS=Homo sapiens OX=9606 GN=AK5 PE=1 SV=2	562
P36871	sp|P36871|PGM1_HUMAN Phosphoglucomutase-1 OS=Homo sapiens OX=9606 GN=PGM1 PE=1 SV=3	562
O15270	sp|O15270|SPTC2_HUMAN Serine palmitoyltransferase 2 OS=Homo sapiens OX=9606 GN=SPTLC2 PE=1 SV=1	562
P00750	sp|P00750|TPA_HUMAN Tissue-type plasminogen activator OS=Homo sapiens OX=9606 GN=PLAT PE=1 SV=1	562
Q99755	sp|Q99755|PI51A_HUMAN Phosphatidylinositol 4-phosphate 5-kinase type-1 alpha OS=Homo sapiens OX=9606 GN=PIP5K1A PE=1 SV=1	562
O14773	sp|O14773|TPP1_HUMAN Tripeptidyl-peptidase 1 OS=Homo sapiens OX=9606 GN=TPP1 PE=1 SV=2	563
Q969V3	sp|Q969V3|NCLN_HUMAN BOS complex subunit NCLN OS=Homo sapiens OX=9606 GN=NCLN PE=1 SV=2	563
P30038	sp|P30038|AL4A1_HUMAN Delta-1-pyrroline-5-carboxylate dehydrogenase, mitochondrial OS=Homo sapiens OX=9606 GN=ALDH4A1 PE=1 SV=3	563
Q9BPU6	sp|Q9BPU6|DPYL5_HUMAN Dihydropyrimidinase-related protein 5 OS=Homo sapiens OX=9606 GN=DPYSL5 PE=1 SV=1	564
Q9Y262	sp|Q9Y262|EIF3L_HUMAN Eukaryotic translation initiation factor 3 subunit L OS=Homo sapiens OX=9606 GN=EIF3L PE=1 SV=1	564
Q9H6X2	sp|Q9H6X2|ANTR1_HUMAN Anthrax toxin receptor 1 OS=Homo sapiens OX=9606 GN=ANTXR1 PE=1 SV=2	564
Q13057	sp|Q13057|COASY_HUMAN Bifunctional coenzyme A synthase OS=Homo sapiens OX=9606 GN=COASY PE=1 SV=4	564
O95361	sp|O95361|TRI16_HUMAN Tripartite motif-containing protein 16 OS=Homo sapiens OX=9606 GN=TRIM16 PE=1 SV=3	564
Q9HA77	sp|Q9HA77|SYCM_HUMAN Probable cysteine--tRNA ligase, mitochondrial OS=Homo sapiens OX=9606 GN=CARS2 PE=1 SV=1	564
Q9UJX3	sp|Q9UJX3|APC7_HUMAN Anaphase-promoting complex subunit 7 OS=Homo sapiens OX=9606 GN=ANAPC7 PE=1 SV=5	565
Q53GS9	sp|Q53GS9|UBP39_HUMAN Ubiquitin carboxyl-terminal hydrolase 39 OS=Homo sapiens OX=9606 GN=USP39 PE=1 SV=2	565
Q9UK80	sp|Q9UK80|UBP21_HUMAN Ubiquitin carboxyl-terminal hydrolase 21 OS=Homo sapiens OX=9606 GN=USP21 PE=1 SV=1	565
Q9UBW5	sp|Q9UBW5|BIN2_HUMAN Bridging integrator 2 OS=Homo sapiens OX=9606 GN=BIN2 PE=1 SV=3	565
Q5VTB9	sp|Q5VTB9|RN220_HUMAN E3 ubiquitin-protein ligase RNF220 OS=Homo sapiens OX=9606 GN=RNF220 PE=1 SV=1	566
O95196	sp|O95196|CSPG5_HUMAN Chondroitin sulfate proteoglycan 5 OS=Homo sapiens OX=9606 GN=CSPG5 PE=1 SV=3	566
Q8IW70	sp|Q8IW70|T151B_HUMAN Transmembrane protein 151B OS=Homo sapiens OX=9606 GN=TMEM151B PE=1 SV=2	566
Q9NYP3	sp|Q9NYP3|DONS_HUMAN Protein downstream neighbor of Son OS=Homo sapiens OX=9606 GN=DONSON PE=1 SV=2	566
O43189	sp|O43189|PHF1_HUMAN PHD finger protein 1 OS=Homo sapiens OX=9606 GN=PHF1 PE=1 SV=3	567
Q6NXT6	sp|Q6NXT6|TAPT1_HUMAN Transmembrane anterior posterior transformation protein 1 homolog OS=Homo sapiens OX=9606 GN=TAPT1 PE=1 SV=1	567
Q96S06	sp|Q96S06|LMF1_HUMAN Lipase maturation factor 1 OS=Homo sapiens OX=9606 GN=LMF1 PE=1 SV=1	567
P37173	sp|P37173|TGFR2_HUMAN TGF-beta receptor type-2 OS=Homo sapiens OX=9606 GN=TGFBR2 PE=1 SV=2	567
Q92696	sp|Q92696|PGTA_HUMAN Geranylgeranyl transferase type-2 subunit alpha OS=Homo sapiens OX=9606 GN=RABGGTA PE=1 SV=2	567
Q6NW34	sp|Q6NW34|RMP64_HUMAN Ribonuclease MRP subunit P64 OS=Homo sapiens OX=9606 GN=RMP64 PE=1 SV=3	567
Q9UPE1	sp|Q9UPE1|SRPK3_HUMAN SRSF protein kinase 3 OS=Homo sapiens OX=9606 GN=SRPK3 PE=1 SV=2	567
P49281	sp|P49281|NRAM2_HUMAN Natural resistance-associated macrophage protein 2 OS=Homo sapiens OX=9606 GN=SLC11A2 PE=1 SV=2	568
O95470	sp|O95470|SGPL1_HUMAN Sphingosine-1-phosphate lyase 1 OS=Homo sapiens OX=9606 GN=SGPL1 PE=1 SV=3	568
Q6PML9	sp|Q6PML9|ZNT9_HUMAN Proton-coupled zinc antiporter SLC30A9, mitochondrial OS=Homo sapiens OX=9606 GN=SLC30A9 PE=1 SV=1	568
Q13114	sp|Q13114|TRAF3_HUMAN TNF receptor-associated factor 3 OS=Homo sapiens OX=9606 GN=TRAF3 PE=1 SV=2	568
Q9BRS2	sp|Q9BRS2|RIOK1_HUMAN Serine/threonine-protein kinase RIO1 OS=Homo sapiens OX=9606 GN=RIOK1 PE=1 SV=2	568
Q12980	sp|Q12980|NPRL3_HUMAN GATOR1 complex protein NPRL3 OS=Homo sapiens OX=9606 GN=NPRL3 PE=1 SV=1	569
Q9UGJ0	sp|Q9UGJ0|AAKG2_HUMAN 5'-AMP-activated protein kinase subunit gamma-2 OS=Homo sapiens OX=9606 GN=PRKAG2 PE=1 SV=1	569
P14778	sp|P14778|IL1R1_HUMAN Interleukin-1 receptor type 1 OS=Homo sapiens OX=9606 GN=IL1R1 PE=1 SV=1	569
Q8N370	sp|Q8N370|LAT4_HUMAN Large neutral amino acids transporter small subunit 4 OS=Homo sapiens OX=9606 GN=SLC43A2 PE=1 SV=1	569
P19440	sp|P19440|GGT1_HUMAN Glutathione hydrolase 1 proenzyme OS=Homo sapiens OX=9606 GN=GGT1 PE=1 SV=2	569
Q96JP5	sp|Q96JP5|ZFP91_HUMAN E3 ubiquitin-protein ligase ZFP91 OS=Homo sapiens OX=9606 GN=ZFP91 PE=1 SV=1	570
O95302	sp|O95302|FKBP9_HUMAN Peptidyl-prolyl cis-trans isomerase FKBP9 OS=Homo sapiens OX=9606 GN=FKBP9 PE=1 SV=2	570
Q9NS93	sp|Q9NS93|TM7S3_HUMAN Transmembrane 7 superfamily member 3 OS=Homo sapiens OX=9606 GN=TM7SF3 PE=1 SV=1	570
Q7Z6J6	sp|Q7Z6J6|FRMD5_HUMAN FERM domain-containing protein 5 OS=Homo sapiens OX=9606 GN=FRMD5 PE=1 SV=1	570
Q9NRW7	sp|Q9NRW7|VPS45_HUMAN Vacuolar protein sorting-associated protein 45 OS=Homo sapiens OX=9606 GN=VPS45 PE=1 SV=1	570
P04839	sp|P04839|CY24B_HUMAN NADPH oxidase 2 OS=Homo sapiens OX=9606 GN=CYBB PE=1 SV=2	570
Q9BZ23	sp|Q9BZ23|PANK2_HUMAN Pantothenate kinase 2, mitochondrial OS=Homo sapiens OX=9606 GN=PANK2 PE=1 SV=3	570
Q96G74	sp|Q96G74|OTUD5_HUMAN OTU domain-containing protein 5 OS=Homo sapiens OX=9606 GN=OTUD5 PE=1 SV=1	571
Q96S53	sp|Q96S53|TESK2_HUMAN Dual specificity testis-specific protein kinase 2 OS=Homo sapiens OX=9606 GN=TESK2 PE=1 SV=1	571
Q10471	sp|Q10471|GALT2_HUMAN Polypeptide N-acetylgalactosaminyltransferase 2 OS=Homo sapiens OX=9606 GN=GALNT2 PE=1 SV=1	571
Q9NP59	sp|Q9NP59|S40A1_HUMAN Ferroportin OS=Homo sapiens OX=9606 GN=SLC40A1 PE=1 SV=1	571
Q16555	sp|Q16555|DPYL2_HUMAN Dihydropyrimidinase-related protein 2 OS=Homo sapiens OX=9606 GN=DPYSL2 PE=1 SV=1	572
Q14956	sp|Q14956|GPNMB_HUMAN Transmembrane glycoprotein NMB OS=Homo sapiens OX=9606 GN=GPNMB PE=1 SV=2	572
Q15942	sp|Q15942|ZYX_HUMAN Zyxin OS=Homo sapiens OX=9606 GN=ZYX PE=1 SV=1	572
P48163	sp|P48163|MAOX_HUMAN NADP-dependent malic enzyme OS=Homo sapiens OX=9606 GN=ME1 PE=1 SV=1	572
O14531	sp|O14531|DPYL4_HUMAN Dihydropyrimidinase-related protein 4 OS=Homo sapiens OX=9606 GN=DPYSL4 PE=1 SV=2	572
P10809	sp|P10809|CH60_HUMAN 60 kDa heat shock protein, mitochondrial OS=Homo sapiens OX=9606 GN=HSPD1 PE=1 SV=2	573
Q14534	sp|Q14534|ERG1_HUMAN Squalene monooxygenase OS=Homo sapiens OX=9606 GN=SQLE PE=1 SV=3	574
P43004	sp|P43004|EAA2_HUMAN Excitatory amino acid transporter 2 OS=Homo sapiens OX=9606 GN=SLC1A2 PE=1 SV=2	574
Q9H4L4	sp|Q9H4L4|SENP3_HUMAN Sentrin-specific protease 3 OS=Homo sapiens OX=9606 GN=SENP3 PE=1 SV=2	574
P36406	sp|P36406|TRI23_HUMAN E3 ubiquitin-protein ligase TRIM23 OS=Homo sapiens OX=9606 GN=TRIM23 PE=1 SV=1	574
O43734	sp|O43734|CIKS_HUMAN E3 ubiquitin ligase TRAF3IP2 OS=Homo sapiens OX=9606 GN=TRAF3IP2 PE=1 SV=3	574
P21589	sp|P21589|5NTD_HUMAN 5'-nucleotidase OS=Homo sapiens OX=9606 GN=NT5E PE=1 SV=1	574
O95817	sp|O95817|BAG3_HUMAN BAG family molecular chaperone regulator 3 OS=Homo sapiens OX=9606 GN=BAG3 PE=1 SV=3	575
Q9BYC5	sp|Q9BYC5|FUT8_HUMAN Alpha-(1,6)-fucosyltransferase OS=Homo sapiens OX=9606 GN=FUT8 PE=1 SV=2	575
Q9UGP5	sp|Q9UGP5|DPOLL_HUMAN DNA polymerase lambda OS=Homo sapiens OX=9606 GN=POLL PE=1 SV=1	575
O95628	sp|O95628|CNOT4_HUMAN CCR4-NOT transcription complex subunit 4 OS=Homo sapiens OX=9606 GN=CNOT4 PE=1 SV=3	575
Q3LXA3	sp|Q3LXA3|TKFC_HUMAN Triokinase/FMN cyclase OS=Homo sapiens OX=9606 GN=TKFC PE=1 SV=2	575
Q9Y6I3	sp|Q9Y6I3|EPN1_HUMAN Epsin-1 OS=Homo sapiens OX=9606 GN=EPN1 PE=1 SV=2	576
P43250	sp|P43250|GRK6_HUMAN G protein-coupled receptor kinase 6 OS=Homo sapiens OX=9606 GN=GRK6 PE=1 SV=2	576
Q4G176	sp|Q4G176|ACSF3_HUMAN Malonate--CoA ligase ACSF3, mitochondrial OS=Homo sapiens OX=9606 GN=ACSF3 PE=1 SV=3	576
P26038	sp|P26038|MOES_HUMAN Moesin OS=Homo sapiens OX=9606 GN=MSN PE=1 SV=3	577
Q96CV9	sp|Q96CV9|OPTN_HUMAN Optineurin OS=Homo sapiens OX=9606 GN=OPTN PE=1 SV=3	577
O95793	sp|O95793|STAU1_HUMAN Double-stranded RNA-binding protein Staufen homolog 1 OS=Homo sapiens OX=9606 GN=STAU1 PE=1 SV=2	577
Q8WY91	sp|Q8WY91|THAP4_HUMAN Peroxynitrite isomerase THAP4 OS=Homo sapiens OX=9606 GN=THAP4 PE=1 SV=2	577
O60907	sp|O60907|TBL1X_HUMAN F-box-like/WD repeat-containing protein TBL1X OS=Homo sapiens OX=9606 GN=TBL1X PE=1 SV=3	577
Q8N697	sp|Q8N697|S15A4_HUMAN Solute carrier family 15 member 4 OS=Homo sapiens OX=9606 GN=SLC15A4 PE=1 SV=1	577
Q7Z7A4	sp|Q7Z7A4|PXK_HUMAN PX domain-containing protein kinase-like protein OS=Homo sapiens OX=9606 GN=PXK PE=1 SV=1	578
Q969N2	sp|Q969N2|PIGT_HUMAN GPI-anchor transamidase component PIGT OS=Homo sapiens OX=9606 GN=PIGT PE=1 SV=1	578
Q6IC98	sp|Q6IC98|GRAM4_HUMAN GRAM domain-containing protein 4 OS=Homo sapiens OX=9606 GN=GRAMD4 PE=1 SV=1	578
Q13651	sp|Q13651|I10R1_HUMAN Interleukin-10 receptor subunit alpha OS=Homo sapiens OX=9606 GN=IL10RA PE=1 SV=2	578
Q9UJ83	sp|Q9UJ83|HACL1_HUMAN 2-hydroxyacyl-CoA lyase 1 OS=Homo sapiens OX=9606 GN=HACL1 PE=1 SV=2	578
P32298	sp|P32298|GRK4_HUMAN G protein-coupled receptor kinase 4 OS=Homo sapiens OX=9606 GN=GRK4 PE=1 SV=3	578
O00519	sp|O00519|FAAH1_HUMAN Fatty-acid amide hydrolase 1 OS=Homo sapiens OX=9606 GN=FAAH PE=1 SV=2	579
Q9Y5A9	sp|Q9Y5A9|YTHD2_HUMAN YTH domain-containing family protein 2 OS=Homo sapiens OX=9606 GN=YTHDF2 PE=1 SV=2	579
Q14995	sp|Q14995|NR1D2_HUMAN Nuclear receptor subfamily 1 group D member 2 OS=Homo sapiens OX=9606 GN=NR1D2 PE=1 SV=4	579
Q9H2S1	sp|Q9H2S1|KCNN2_HUMAN Small conductance calcium-activated potassium channel protein 2 OS=Homo sapiens OX=9606 GN=KCNN2 PE=1 SV=2	579
Q6NUN0	sp|Q6NUN0|ACSM5_HUMAN Acyl-coenzyme A synthetase ACSM5, mitochondrial OS=Homo sapiens OX=9606 GN=ACSM5 PE=1 SV=2	579
Q92565	sp|Q92565|RPGF5_HUMAN Rap guanine nucleotide exchange factor 5 OS=Homo sapiens OX=9606 GN=RAPGEF5 PE=1 SV=1	580
P30305	sp|P30305|MPIP2_HUMAN M-phase inducer phosphatase 2 OS=Homo sapiens OX=9606 GN=CDC25B PE=1 SV=2	580
Q9GZU1	sp|Q9GZU1|MCLN1_HUMAN Mucolipin-1 OS=Homo sapiens OX=9606 GN=MCOLN1 PE=1 SV=1	580
Q86U44	sp|Q86U44|MTA70_HUMAN N(6)-adenosine-methyltransferase catalytic subunit METTL3 OS=Homo sapiens OX=9606 GN=METTL3 PE=1 SV=2	580
Q8NAT1	sp|Q8NAT1|PMGT2_HUMAN Protein O-linked-mannose beta-1,4-N-acetylglucosaminyltransferase 2 OS=Homo sapiens OX=9606 GN=POMGNT2 PE=1 SV=1	580
Q9BXM7	sp|Q9BXM7|PINK1_HUMAN Serine/threonine-protein kinase PINK1, mitochondrial OS=Homo sapiens OX=9606 GN=PINK1 PE=1 SV=1	581
Q8IY34	sp|Q8IY34|S15A3_HUMAN Solute carrier family 15 member 3 OS=Homo sapiens OX=9606 GN=SLC15A3 PE=1 SV=2	581
Q86UE4	sp|Q86UE4|LYRIC_HUMAN Protein LYRIC OS=Homo sapiens OX=9606 GN=MTDH PE=1 SV=2	582
Q9UQ13	sp|Q9UQ13|SHOC2_HUMAN Leucine-rich repeat protein SHOC-2 OS=Homo sapiens OX=9606 GN=SHOC2 PE=1 SV=2	582
Q96AY3	sp|Q96AY3|FKB10_HUMAN Peptidyl-prolyl cis-trans isomerase FKBP10 OS=Homo sapiens OX=9606 GN=FKBP10 PE=1 SV=1	582
P50281	sp|P50281|MMP14_HUMAN Matrix metalloproteinase-14 OS=Homo sapiens OX=9606 GN=MMP14 PE=1 SV=3	582
Q13740	sp|Q13740|CD166_HUMAN CD166 antigen OS=Homo sapiens OX=9606 GN=ALCAM PE=1 SV=2	583
Q92802	sp|Q92802|N42L2_HUMAN NEDD4-binding protein 2-like 2 OS=Homo sapiens OX=9606 GN=N4BP2L2 PE=1 SV=1	583
Q5JTV8	sp|Q5JTV8|TOIP1_HUMAN Torsin-1A-interacting protein 1 OS=Homo sapiens OX=9606 GN=TOR1AIP1 PE=1 SV=2	583
Q9UGN5	sp|Q9UGN5|PARP2_HUMAN Poly [ADP-ribose] polymerase 2 OS=Homo sapiens OX=9606 GN=PARP2 PE=1 SV=2	583
O15091	sp|O15091|MRPP3_HUMAN Mitochondrial ribonuclease P catalytic subunit OS=Homo sapiens OX=9606 GN=PRORP PE=1 SV=2	583
P05156	sp|P05156|CFAI_HUMAN Complement factor I OS=Homo sapiens OX=9606 GN=CFI PE=1 SV=2	583
Q8NHH9	sp|Q8NHH9|ATLA2_HUMAN Atlastin-2 OS=Homo sapiens OX=9606 GN=ATL2 PE=1 SV=2	583
P13645	sp|P13645|K1C10_HUMAN Keratin, type I cytoskeletal 10 OS=Homo sapiens OX=9606 GN=KRT10 PE=1 SV=6	584
Q8IU81	sp|Q8IU81|I2BP1_HUMAN Interferon regulatory factor 2-binding protein 1 OS=Homo sapiens OX=9606 GN=IRF2BP1 PE=1 SV=1	584
P23368	sp|P23368|MAOM_HUMAN NAD-dependent malic enzyme, mitochondrial OS=Homo sapiens OX=9606 GN=ME2 PE=1 SV=1	584
Q8IXL6	sp|Q8IXL6|FA20C_HUMAN Extracellular serine/threonine protein kinase FAM20C OS=Homo sapiens OX=9606 GN=FAM20C PE=1 SV=2	584
Q6J4K2	sp|Q6J4K2|NCLX_HUMAN Mitochondrial sodium/calcium exchanger protein OS=Homo sapiens OX=9606 GN=SLC8B1 PE=1 SV=2	584
O00478	sp|O00478|BT3A3_HUMAN Butyrophilin subfamily 3 member A3 OS=Homo sapiens OX=9606 GN=BTN3A3 PE=1 SV=1	584
Q08380	sp|Q08380|LG3BP_HUMAN Galectin-3-binding protein OS=Homo sapiens OX=9606 GN=LGALS3BP PE=1 SV=1	585
O76090	sp|O76090|BEST1_HUMAN Bestrophin-1 OS=Homo sapiens OX=9606 GN=BEST1 PE=1 SV=1	585
Q9BY44	sp|Q9BY44|EIF2A_HUMAN Eukaryotic translation initiation factor 2A OS=Homo sapiens OX=9606 GN=EIF2A PE=1 SV=3	585
Q9NRC1	sp|Q9NRC1|ST7_HUMAN Suppressor of tumorigenicity 7 protein OS=Homo sapiens OX=9606 GN=ST7 PE=1 SV=1	585
Q9UHD8	sp|Q9UHD8|SEPT9_HUMAN Septin-9 OS=Homo sapiens OX=9606 GN=SEPTIN9 PE=1 SV=2	586
P15311	sp|P15311|EZRI_HUMAN Ezrin OS=Homo sapiens OX=9606 GN=EZR PE=1 SV=4	586
P36269	sp|P36269|GGT5_HUMAN Glutathione hydrolase 5 proenzyme OS=Homo sapiens OX=9606 GN=GGT5 PE=1 SV=2	586
Q9NRF8	sp|Q9NRF8|PYRG2_HUMAN CTP synthase 2 OS=Homo sapiens OX=9606 GN=CTPS2 PE=1 SV=1	586
P46060	sp|P46060|RAGP1_HUMAN Ran GTPase-activating protein 1 OS=Homo sapiens OX=9606 GN=RANGAP1 PE=1 SV=1	587
Q8NFF5	sp|Q8NFF5|FAD1_HUMAN Bifunctional FAD diphosphatase/FAD synthase OS=Homo sapiens OX=9606 GN=FLAD1 PE=1 SV=1	587
Q9NTJ5	sp|Q9NTJ5|SAC1_HUMAN Phosphatidylinositol-3-phosphatase SAC1 OS=Homo sapiens OX=9606 GN=SACM1L PE=1 SV=2	587
Q05932	sp|Q05932|FOLC_HUMAN Folylpolyglutamate synthase, mitochondrial OS=Homo sapiens OX=9606 GN=FPGS PE=1 SV=3	587
P31152	sp|P31152|MK04_HUMAN Mitogen-activated protein kinase 4 OS=Homo sapiens OX=9606 GN=MAPK4 PE=1 SV=2	587
Q9UH77	sp|Q9UH77|KLHL3_HUMAN Kelch-like protein 3 OS=Homo sapiens OX=9606 GN=KLHL3 PE=1 SV=2	587
Q16538	sp|Q16538|GP162_HUMAN Probable G-protein coupled receptor 162 OS=Homo sapiens OX=9606 GN=GPR162 PE=1 SV=1	588
Q96RR4	sp|Q96RR4|KKCC2_HUMAN Calcium/calmodulin-dependent protein kinase kinase 2 OS=Homo sapiens OX=9606 GN=CAMKK2 PE=1 SV=2	588
P30153	sp|P30153|2AAA_HUMAN Serine/threonine-protein phosphatase 2A 65 kDa regulatory subunit A alpha isoform OS=Homo sapiens OX=9606 GN=PPP2R1A PE=1 SV=4	589
P14866	sp|P14866|HNRPL_HUMAN Heterogeneous nuclear ribonucleoprotein L OS=Homo sapiens OX=9606 GN=HNRNPL PE=1 SV=2	589
Q9UMX0	sp|Q9UMX0|UBQL1_HUMAN Ubiquilin-1 OS=Homo sapiens OX=9606 GN=UBQLN1 PE=1 SV=2	589
Q9HD45	sp|Q9HD45|TM9S3_HUMAN Transmembrane 9 superfamily member 3 OS=Homo sapiens OX=9606 GN=TM9SF3 PE=1 SV=2	589
Q9HC62	sp|Q9HC62|SENP2_HUMAN Sentrin-specific protease 2 OS=Homo sapiens OX=9606 GN=SENP2 PE=1 SV=3	589
O75529	sp|O75529|TAF5L_HUMAN TAF5-like RNA polymerase II p300/CBP-associated factor-associated factor 65 kDa subunit 5L OS=Homo sapiens OX=9606 GN=TAF5L PE=1 SV=1	589
Q9NSD9	sp|Q9NSD9|SYFB_HUMAN Phenylalanine--tRNA ligase beta subunit OS=Homo sapiens OX=9606 GN=FARSB PE=1 SV=3	589
Q9NZV5	sp|Q9NZV5|SELN_HUMAN Selenoprotein N OS=Homo sapiens OX=9606 GN=SELENON PE=1 SV=5	590
O96013	sp|O96013|PAK4_HUMAN Serine/threonine-protein kinase PAK 4 OS=Homo sapiens OX=9606 GN=PAK4 PE=1 SV=1	591
P41440	sp|P41440|S19A1_HUMAN Reduced folate transporter OS=Homo sapiens OX=9606 GN=SLC19A1 PE=1 SV=3	591
P27824	sp|P27824|CALX_HUMAN Calnexin OS=Homo sapiens OX=9606 GN=CANX PE=1 SV=2	592
Q92804	sp|Q92804|RBP56_HUMAN TATA-binding protein-associated factor 2N OS=Homo sapiens OX=9606 GN=TAF15 PE=1 SV=1	592
O00186	sp|O00186|STXB3_HUMAN Syntaxin-binding protein 3 OS=Homo sapiens OX=9606 GN=STXBP3 PE=1 SV=2	592
Q05513	sp|Q05513|KPCZ_HUMAN Protein kinase C zeta type OS=Homo sapiens OX=9606 GN=PRKCZ PE=1 SV=4	592
Q8TCT7	sp|Q8TCT7|SPP2B_HUMAN Signal peptide peptidase-like 2B OS=Homo sapiens OX=9606 GN=SPPL2B PE=1 SV=2	592
P31939	sp|P31939|PUR9_HUMAN Bifunctional purine biosynthesis protein ATIC OS=Homo sapiens OX=9606 GN=ATIC PE=1 SV=3	592
P32455	sp|P32455|GBP1_HUMAN Guanylate-binding protein 1 OS=Homo sapiens OX=9606 GN=GBP1 PE=1 SV=2	592
Q7Z569	sp|Q7Z569|BRAP_HUMAN BRCA1-associated protein OS=Homo sapiens OX=9606 GN=BRAP PE=1 SV=2	592
P28799	sp|P28799|GRN_HUMAN Progranulin OS=Homo sapiens OX=9606 GN=GRN PE=1 SV=2	593
Q06124	sp|Q06124|PTN11_HUMAN Tyrosine-protein phosphatase non-receptor type 11 OS=Homo sapiens OX=9606 GN=PTPN11 PE=1 SV=3	593
O95198	sp|O95198|KLHL2_HUMAN Kelch-like protein 2 OS=Homo sapiens OX=9606 GN=KLHL2 PE=1 SV=2	593
Q03431	sp|Q03431|PTH1R_HUMAN Parathyroid hormone/parathyroid hormone-related peptide receptor OS=Homo sapiens OX=9606 GN=PTH1R PE=1 SV=1	593
O76083	sp|O76083|PDE9A_HUMAN High affinity cGMP-specific 3',5'-cyclic phosphodiesterase 9A OS=Homo sapiens OX=9606 GN=PDE9A PE=1 SV=1	593
Q8WXI9	sp|Q8WXI9|P66B_HUMAN Transcriptional repressor p66-beta OS=Homo sapiens OX=9606 GN=GATAD2B PE=1 SV=1	593
Q15833	sp|Q15833|STXB2_HUMAN Syntaxin-binding protein 2 OS=Homo sapiens OX=9606 GN=STXBP2 PE=1 SV=2	593
Q86TU7	sp|Q86TU7|SETD3_HUMAN Actin-histidine N-methyltransferase OS=Homo sapiens OX=9606 GN=SETD3 PE=1 SV=1	594
O00567	sp|O00567|NOP56_HUMAN Nucleolar protein 56 OS=Homo sapiens OX=9606 GN=NOP56 PE=1 SV=4	594
P61764	sp|P61764|STXB1_HUMAN Syntaxin-binding protein 1 OS=Homo sapiens OX=9606 GN=STXBP1 PE=1 SV=1	594
Q9BTC8	sp|Q9BTC8|MTA3_HUMAN Metastasis-associated protein MTA3 OS=Homo sapiens OX=9606 GN=MTA3 PE=1 SV=2	594
Q99259	sp|Q99259|DCE1_HUMAN Glutamate decarboxylase 1 OS=Homo sapiens OX=9606 GN=GAD1 PE=1 SV=1	594
Q9Y5X1	sp|Q9Y5X1|SNX9_HUMAN Sorting nexin-9 OS=Homo sapiens OX=9606 GN=SNX9 PE=1 SV=1	595
Q99572	sp|Q99572|P2RX7_HUMAN P2X purinoceptor 7 OS=Homo sapiens OX=9606 GN=P2RX7 PE=1 SV=4	595
P35240	sp|P35240|MERL_HUMAN Merlin OS=Homo sapiens OX=9606 GN=NF2 PE=1 SV=1	595
P29350	sp|P29350|PTN6_HUMAN Tyrosine-protein phosphatase non-receptor type 6 OS=Homo sapiens OX=9606 GN=PTPN6 PE=1 SV=1	595
Q7Z628	sp|Q7Z628|ARHG8_HUMAN Neuroepithelial cell-transforming gene 1 protein OS=Homo sapiens OX=9606 GN=NET1 PE=1 SV=1	596
Q96HC4	sp|Q96HC4|PDLI5_HUMAN PDZ and LIM domain protein 5 OS=Homo sapiens OX=9606 GN=PDLIM5 PE=1 SV=5	596
P49116	sp|P49116|NR2C2_HUMAN Nuclear receptor subfamily 2 group C member 2 OS=Homo sapiens OX=9606 GN=NR2C2 PE=1 SV=1	596
Q15046	sp|Q15046|SYK_HUMAN Lysine--tRNA ligase OS=Homo sapiens OX=9606 GN=KARS1 PE=1 SV=3	597
Q8NHQ1	sp|Q8NHQ1|CEP70_HUMAN Centrosomal protein of 70 kDa OS=Homo sapiens OX=9606 GN=CEP70 PE=1 SV=2	597
Q9H1C4	sp|Q9H1C4|UN93B_HUMAN Protein unc-93 homolog B1 OS=Homo sapiens OX=9606 GN=UNC93B1 PE=1 SV=2	597
P22736	sp|P22736|NR4A1_HUMAN Nuclear receptor subfamily 4immunitygroup A member 1 OS=Homo sapiens OX=9606 GN=NR4A1 PE=1 SV=1	598
O43310	sp|O43310|CTIF_HUMAN CBP80/20-dependent translation initiation factor OS=Homo sapiens OX=9606 GN=CTIF PE=1 SV=1	598
P43354	sp|P43354|NR4A2_HUMAN Nuclear receptor subfamily 4 group A member 2 OS=Homo sapiens OX=9606 GN=NR4A2 PE=1 SV=1	598
P30531	sp|P30531|SC6A1_HUMAN Sodium- and chloride-dependent GABA transporter 1 OS=Homo sapiens OX=9606 GN=SLC6A1 PE=1 SV=2	599
P61221	sp|P61221|ABCE1_HUMAN ATP-binding cassette sub-family E member 1 OS=Homo sapiens OX=9606 GN=ABCE1 PE=1 SV=1	599
Q9BVL2	sp|Q9BVL2|NUP58_HUMAN Nucleoporin p58/p45 OS=Homo sapiens OX=9606 GN=NUP58 PE=1 SV=1	599
Q5TA45	sp|Q5TA45|INT11_HUMAN Integrator complex subunit 11 OS=Homo sapiens OX=9606 GN=INTS11 PE=1 SV=2	600
Q5VW38	sp|Q5VW38|GP107_HUMAN Protein GPR107 OS=Homo sapiens OX=9606 GN=GPR107 PE=1 SV=1	600
O43272	sp|O43272|PROD_HUMAN Proline dehydrogenase 1, mitochondrial OS=Homo sapiens OX=9606 GN=PRODH PE=1 SV=4	600
Q8NHQ9	sp|Q8NHQ9|DDX55_HUMAN ATP-dependent RNA helicase DDX55 OS=Homo sapiens OX=9606 GN=DDX55 PE=1 SV=3	600
P29536	sp|P29536|LMOD1_HUMAN Leiomodin-1 OS=Homo sapiens OX=9606 GN=LMOD1 PE=1 SV=3	600
Q96LB3	sp|Q96LB3|IFT74_HUMAN Intraflagellar transport protein 74 homolog OS=Homo sapiens OX=9606 GN=IFT74 PE=1 SV=1	600
Q9NRR5	sp|Q9NRR5|UBQL4_HUMAN Ubiquilin-4 OS=Homo sapiens OX=9606 GN=UBQLN4 PE=1 SV=2	601
Q15642	sp|Q15642|CIP4_HUMAN Cdc42-interacting protein 4 OS=Homo sapiens OX=9606 GN=TRIP10 PE=1 SV=3	601
Q969P6	sp|Q969P6|TOP1M_HUMAN DNA topoisomerase I, mitochondrial OS=Homo sapiens OX=9606 GN=TOP1MT PE=1 SV=1	601
Q96SZ6	sp|Q96SZ6|CK5P1_HUMAN Mitochondrial tRNA methylthiotransferase CDK5RAP1 OS=Homo sapiens OX=9606 GN=CDK5RAP1 PE=1 SV=2	601
Q15326	sp|Q15326|ZMY11_HUMAN Zinc finger MYND domain-containing protein 11 OS=Homo sapiens OX=9606 GN=ZMYND11 PE=1 SV=2	602
Q8WWT9	sp|Q8WWT9|S13A3_HUMAN Na(+)/dicarboxylate cotransporter 3 OS=Homo sapiens OX=9606 GN=SLC13A3 PE=1 SV=1	602
Q9H1U4	sp|Q9H1U4|MEGF9_HUMAN Multiple epidermal growth factor-like domains protein 9 OS=Homo sapiens OX=9606 GN=MEGF9 PE=1 SV=3	602
Q07065	sp|Q07065|CKAP4_HUMAN Cytoskeleton-associated protein 4 OS=Homo sapiens OX=9606 GN=CKAP4 PE=1 SV=2	602
P06276	sp|P06276|CHLE_HUMAN Cholinesterase OS=Homo sapiens OX=9606 GN=BCHE PE=1 SV=1	602
Q9NSD5	sp|Q9NSD5|S6A13_HUMAN Sodium- and chloride-dependent GABA transporter 2 OS=Homo sapiens OX=9606 GN=SLC6A13 PE=1 SV=3	602
P13056	sp|P13056|NR2C1_HUMAN Nuclear receptor subfamily 2 group C member 1 OS=Homo sapiens OX=9606 GN=NR2C1 PE=1 SV=2	603
Q86SR1	sp|Q86SR1|GLT10_HUMAN Polypeptide N-acetylgalactosaminyltransferase 10 OS=Homo sapiens OX=9606 GN=GALNT10 PE=1 SV=2	603
Q9HCQ5	sp|Q9HCQ5|GALT9_HUMAN Polypeptide N-acetylgalactosaminyltransferase 9 OS=Homo sapiens OX=9606 GN=GALNT9 PE=1 SV=3	603
Q16798	sp|Q16798|MAON_HUMAN NADP-dependent malic enzyme, mitochondrial OS=Homo sapiens OX=9606 GN=ME3 PE=1 SV=2	604
Q9NZ53	sp|Q9NZ53|PDXL2_HUMAN Podocalyxin-like protein 2 OS=Homo sapiens OX=9606 GN=PODXL2 PE=1 SV=1	605
Q8WTR4	sp|Q8WTR4|GDPD5_HUMAN Glycerophosphodiester phosphodiesterase domain-containing protein 5 OS=Homo sapiens OX=9606 GN=GDPD5 PE=1 SV=2	605
O75604	sp|O75604|UBP2_HUMAN Ubiquitin carboxyl-terminal hydrolase 2 OS=Homo sapiens OX=9606 GN=USP2 PE=1 SV=2	605
Q9UNF1	sp|Q9UNF1|MAGD2_HUMAN Melanoma-associated antigen D2 OS=Homo sapiens OX=9606 GN=MAGED2 PE=1 SV=2	606
Q6AZY7	sp|Q6AZY7|SCAR3_HUMAN Scavenger receptor class A member 3 OS=Homo sapiens OX=9606 GN=SCARA3 PE=1 SV=1	606
P10398	sp|P10398|ARAF_HUMAN Serine/threonine-protein kinase A-Raf OS=Homo sapiens OX=9606 GN=ARAF PE=1 SV=2	606
O43318	sp|O43318|M3K7_HUMAN Mitogen-activated protein kinase kinase kinase 7 OS=Homo sapiens OX=9606 GN=MAP3K7 PE=1 SV=1	606
O15321	sp|O15321|TM9S1_HUMAN Transmembrane 9 superfamily member 1 OS=Homo sapiens OX=9606 GN=TM9SF1 PE=1 SV=2	606
Q86WA9	sp|Q86WA9|S2611_HUMAN Sodium-independent sulfate anion transporter OS=Homo sapiens OX=9606 GN=SLC26A11 PE=1 SV=2	606
O14678	sp|O14678|ABCD4_HUMAN Lysosomal cobalamin transporter ABCD4 OS=Homo sapiens OX=9606 GN=ABCD4 PE=1 SV=1	606
P04843	sp|P04843|RPN1_HUMAN Dolichyl-diphosphooligosaccharide--protein glycosyltransferase subunit 1 OS=Homo sapiens OX=9606 GN=RPN1 PE=1 SV=1	607
Q676U5	sp|Q676U5|A16L1_HUMAN Autophagy-related protein 16-1 OS=Homo sapiens OX=9606 GN=ATG16L1 PE=1 SV=2	607
P34925	sp|P34925|RYK_HUMAN Tyrosine-protein kinase RYK OS=Homo sapiens OX=9606 GN=RYK PE=1 SV=3	607
Q6NUS6	sp|Q6NUS6|TECT3_HUMAN Tectonic-3 OS=Homo sapiens OX=9606 GN=TCTN3 PE=1 SV=2	607
Q6P9A2	sp|Q6P9A2|GLT18_HUMAN Polypeptide N-acetylgalactosaminyltransferase 18 OS=Homo sapiens OX=9606 GN=GALNT18 PE=1 SV=2	607
Q8TAT6	sp|Q8TAT6|NPL4_HUMAN Nuclear protein localization protein 4 homolog OS=Homo sapiens OX=9606 GN=NPLOC4 PE=1 SV=3	608
Q8NCW6	sp|Q8NCW6|GLT11_HUMAN Polypeptide N-acetylgalactosaminyltransferase 11 OS=Homo sapiens OX=9606 GN=GALNT11 PE=1 SV=2	608
O94826	sp|O94826|TOM70_HUMAN Mitochondrial import receptor subunit TOM70 OS=Homo sapiens OX=9606 GN=TOMM70 PE=1 SV=1	608
Q86X55	sp|Q86X55|CARM1_HUMAN Histone-arginine methyltransferase CARM1 OS=Homo sapiens OX=9606 GN=CARM1 PE=1 SV=3	608
P12956	sp|P12956|XRCC6_HUMAN DNA repair protein Ku70 OS=Homo sapiens OX=9606 GN=XRCC6 PE=1 SV=2	609
Q9Y6R0	sp|Q9Y6R0|NUMBL_HUMAN Numb-like protein OS=Homo sapiens OX=9606 GN=NUMBL PE=1 SV=1	609
Q7LDG7	sp|Q7LDG7|GRP2_HUMAN RAS guanyl-releasing protein 2 OS=Homo sapiens OX=9606 GN=RASGRP2 PE=1 SV=1	609
Q9BSJ5	sp|Q9BSJ5|CQ080_HUMAN Mitochondrial nucleoid-associated protein 1 OS=Homo sapiens OX=9606 GN=MTNAP1 PE=1 SV=2	609
Q6NUM9	sp|Q6NUM9|RETST_HUMAN All-trans-retinol 13,14-reductase OS=Homo sapiens OX=9606 GN=RETSAT PE=1 SV=2	610
O15213	sp|O15213|WDR46_HUMAN WD repeat-containing protein 46 OS=Homo sapiens OX=9606 GN=WDR46 PE=1 SV=3	610
P16581	sp|P16581|LYAM2_HUMAN E-selectin OS=Homo sapiens OX=9606 GN=SELE PE=1 SV=1	610
P09960	sp|P09960|LKHA4_HUMAN Leukotriene A-4 hydrolase OS=Homo sapiens OX=9606 GN=LTA4H PE=1 SV=2	611
Q96HN2	sp|Q96HN2|SAHH3_HUMAN Adenosylhomocysteinase 3 OS=Homo sapiens OX=9606 GN=AHCYL2 PE=1 SV=1	611
O95251	sp|O95251|KAT7_HUMAN Histone acetyltransferase KAT7 OS=Homo sapiens OX=9606 GN=KAT7 PE=1 SV=1	611
Q9H6U8	sp|Q9H6U8|ALG9_HUMAN Alpha-1,2-mannosyltransferase ALG9 OS=Homo sapiens OX=9606 GN=ALG9 PE=1 SV=2	611
Q8TB96	sp|Q8TB96|TIP_HUMAN T-cell immunomodulatory protein OS=Homo sapiens OX=9606 GN=ITFG1 PE=1 SV=1	612
Q96MW5	sp|Q96MW5|COG8_HUMAN Conserved oligomeric Golgi complex subunit 8 OS=Homo sapiens OX=9606 GN=COG8 PE=1 SV=2	612
Q969P0	sp|Q969P0|IGSF8_HUMAN Immunoglobulin superfamily member 8 OS=Homo sapiens OX=9606 GN=IGSF8 PE=1 SV=1	613
O15354	sp|O15354|GPR37_HUMAN Prosaposin receptor GPR37 OS=Homo sapiens OX=9606 GN=GPR37 PE=1 SV=2	613
Q02086	sp|Q02086|SP2_HUMAN Transcription factor Sp2 OS=Homo sapiens OX=9606 GN=SP2 PE=1 SV=3	613
O95831	sp|O95831|AIFM1_HUMAN Apoptosis-inducing factor 1, mitochondrial OS=Homo sapiens OX=9606 GN=AIFM1 PE=1 SV=1	613
P17844	sp|P17844|DDX5_HUMAN Probable ATP-dependent RNA helicase DDX5 OS=Homo sapiens OX=9606 GN=DDX5 PE=1 SV=1	614
P22303	sp|P22303|ACES_HUMAN Acetylcholinesterase OS=Homo sapiens OX=9606 GN=ACHE PE=1 SV=1	614
P20393	sp|P20393|NR1D1_HUMAN Nuclear receptor subfamily 1 group D member 1 OS=Homo sapiens OX=9606 GN=NR1D1 PE=1 SV=1	614
Q14739	sp|Q14739|LBR_HUMAN Delta(14)-sterol reductase LBR OS=Homo sapiens OX=9606 GN=LBR PE=1 SV=2	615
O15240	sp|O15240|VGF_HUMAN Neurosecretory protein VGF OS=Homo sapiens OX=9606 GN=VGF PE=1 SV=2	615
Q7Z3D6	sp|Q7Z3D6|GLUCM_HUMAN D-glutamate cyclase, mitochondrial OS=Homo sapiens OX=9606 GN=DGLUCY PE=1 SV=2	616
Q9UBP0	sp|Q9UBP0|SPAST_HUMAN Spastin OS=Homo sapiens OX=9606 GN=SPAST PE=1 SV=1	616
P27694	sp|P27694|RFA1_HUMAN Replication protein A 70 kDa DNA-binding subunit OS=Homo sapiens OX=9606 GN=RPA1 PE=1 SV=2	616
Q9Y227	sp|Q9Y227|ENTP4_HUMAN Ectonucleoside triphosphate diphosphohydrolase 4 OS=Homo sapiens OX=9606 GN=ENTPD4 PE=1 SV=1	616
P13521	sp|P13521|SCG2_HUMAN Secretogranin-2 OS=Homo sapiens OX=9606 GN=SCG2 PE=1 SV=2	617
Q86TM6	sp|Q86TM6|SYVN1_HUMAN E3 ubiquitin-protein ligase synoviolin OS=Homo sapiens OX=9606 GN=SYVN1 PE=1 SV=2	617
Q96RU3	sp|Q96RU3|FNBP1_HUMAN Formin-binding protein 1 OS=Homo sapiens OX=9606 GN=FNBP1 PE=1 SV=2	617
P38606	sp|P38606|VATA_HUMAN V-type proton ATPase catalytic subunit A OS=Homo sapiens OX=9606 GN=ATP6V1A PE=1 SV=2	617
O94923	sp|O94923|GLCE_HUMAN D-glucuronyl C5-epimerase OS=Homo sapiens OX=9606 GN=GLCE PE=1 SV=3	617
Q9P2J3	sp|Q9P2J3|KLHL9_HUMAN Kelch-like protein 9 OS=Homo sapiens OX=9606 GN=KLHL9 PE=1 SV=2	617
Q8IZD4	sp|Q8IZD4|DCP1B_HUMAN mRNA-decapping enzyme 1B OS=Homo sapiens OX=9606 GN=DCP1B PE=1 SV=2	617
Q13490	sp|Q13490|BIRC2_HUMAN Baculoviral IAP repeat-containing protein 2 OS=Homo sapiens OX=9606 GN=BIRC2 PE=1 SV=2	618
Q8IXI1	sp|Q8IXI1|MIRO2_HUMAN Mitochondrial Rho GTPase 2 OS=Homo sapiens OX=9606 GN=RHOT2 PE=1 SV=2	618
Q8IXI2	sp|Q8IXI2|MIRO1_HUMAN Mitochondrial Rho GTPase 1 OS=Homo sapiens OX=9606 GN=RHOT1 PE=1 SV=2	618
Q9Y2E6	sp|Q9Y2E6|DTX4_HUMAN E3 ubiquitin-protein ligase DTX4 OS=Homo sapiens OX=9606 GN=DTX4 PE=1 SV=2	619
Q9UBU9	sp|Q9UBU9|NXF1_HUMAN Nuclear RNA export factor 1 OS=Homo sapiens OX=9606 GN=NXF1 PE=1 SV=1	619
Q5T1V6	sp|Q5T1V6|DDX59_HUMAN Probable ATP-dependent RNA helicase DDX59 OS=Homo sapiens OX=9606 GN=DDX59 PE=1 SV=1	619
Q8NAA4	sp|Q8NAA4|A16L2_HUMAN Protein Atg16l2 OS=Homo sapiens OX=9606 GN=ATG16L2 PE=1 SV=2	619
Q02153	sp|Q02153|GCYB1_HUMAN Guanylate cyclase soluble subunit beta-1 OS=Homo sapiens OX=9606 GN=GUCY1B1 PE=1 SV=1	619
Q9Y2P4	sp|Q9Y2P4|S27A6_HUMAN Long-chain fatty acid transport protein 6 OS=Homo sapiens OX=9606 GN=SLC27A6 PE=1 SV=1	619
Q4ZIN3	sp|Q4ZIN3|MBRL_HUMAN Membralin OS=Homo sapiens OX=9606 GN=TMEM259 PE=1 SV=1	620
Q96FE5	sp|Q96FE5|LIGO1_HUMAN Leucine-rich repeat and immunoglobulin-like domain-containing nogo receptor-interacting protein 1 OS=Homo sapiens OX=9606 GN=LINGO1 PE=1 SV=2	620
P31641	sp|P31641|SC6A6_HUMAN Sodium- and chloride-dependent taurine transporter OS=Homo sapiens OX=9606 GN=SLC6A6 PE=1 SV=2	620
Q03252	sp|Q03252|LMNB2_HUMAN Lamin-B2 OS=Homo sapiens OX=9606 GN=LMNB2 PE=1 SV=4	620
P51114	sp|P51114|FXR1_HUMAN RNA-binding protein FXR1 OS=Homo sapiens OX=9606 GN=FXR1 PE=1 SV=3	621
O43292	sp|O43292|GPAA1_HUMAN GPI-anchor transamidase component GPAA1 OS=Homo sapiens OX=9606 GN=GPAA1 PE=1 SV=3	621
O95671	sp|O95671|ASML_HUMAN Probable bifunctional dTTP/UTP pyrophosphatase/methyltransferase protein OS=Homo sapiens OX=9606 GN=ASMTL PE=1 SV=3	621
Q9NVH0	sp|Q9NVH0|EXD2_HUMAN Exonuclease 3'-5' domain-containing protein 2 OS=Homo sapiens OX=9606 GN=EXD2 PE=1 SV=2	621
O94842	sp|O94842|TOX4_HUMAN TOX high mobility group box family member 4 OS=Homo sapiens OX=9606 GN=TOX4 PE=1 SV=1	621
Q9Y217	sp|Q9Y217|MTMR6_HUMAN Phosphatidylinositol-3,5-bisphosphate 3-phosphatase MTMR6 OS=Homo sapiens OX=9606 GN=MTMR6 PE=1 SV=3	621
Q8NBR6	sp|Q8NBR6|MINY2_HUMAN Ubiquitin carboxyl-terminal hydrolase MINDY-2 OS=Homo sapiens OX=9606 GN=MINDY2 PE=1 SV=2	621
Q99543	sp|Q99543|DNJC2_HUMAN DnaJ homolog subfamily C member 2 OS=Homo sapiens OX=9606 GN=DNAJC2 PE=1 SV=4	621
Q9UN79	sp|Q9UN79|SOX13_HUMAN Transcription factor SOX-13 OS=Homo sapiens OX=9606 GN=SOX13 PE=1 SV=3	622
Q9UJV9	sp|Q9UJV9|DDX41_HUMAN Probable ATP-dependent RNA helicase DDX41 OS=Homo sapiens OX=9606 GN=DDX41 PE=1 SV=2	622
Q8NCL4	sp|Q8NCL4|GALT6_HUMAN Polypeptide N-acetylgalactosaminyltransferase 6 OS=Homo sapiens OX=9606 GN=GALNT6 PE=1 SV=2	622
Q8NBJ5	sp|Q8NBJ5|GT251_HUMAN Procollagen galactosyltransferase 1 OS=Homo sapiens OX=9606 GN=COLGALT1 PE=1 SV=1	622
P29401	sp|P29401|TKT_HUMAN Transketolase OS=Homo sapiens OX=9606 GN=TKT PE=1 SV=3	623
O60506	sp|O60506|HNRPQ_HUMAN Heterogeneous nuclear ribonucleoprotein Q OS=Homo sapiens OX=9606 GN=SYNCRIP PE=1 SV=2	623
O94819	sp|O94819|KBTBB_HUMAN Kelch repeat and BTB domain-containing protein 11 OS=Homo sapiens OX=9606 GN=KBTBD11 PE=1 SV=1	623
Q9NQW7	sp|Q9NQW7|XPP1_HUMAN Xaa-Pro aminopeptidase 1 OS=Homo sapiens OX=9606 GN=XPNPEP1 PE=1 SV=3	623
Q9UG63	sp|Q9UG63|ABCF2_HUMAN ATP-binding cassette sub-family F member 2 OS=Homo sapiens OX=9606 GN=ABCF2 PE=1 SV=2	623
O43252	sp|O43252|PAPS1_HUMAN Bifunctional 3'-phosphoadenosine 5'-phosphosulfate synthase 1 OS=Homo sapiens OX=9606 GN=PAPSS1 PE=1 SV=2	624
Q14145	sp|Q14145|KEAP1_HUMAN Kelch-like ECH-associated protein 1 OS=Homo sapiens OX=9606 GN=KEAP1 PE=1 SV=2	624
Q9UHD9	sp|Q9UHD9|UBQL2_HUMAN Ubiquilin-2 OS=Homo sapiens OX=9606 GN=UBQLN2 PE=1 SV=2	624
Q9NVW2	sp|Q9NVW2|RNF12_HUMAN E3 ubiquitin-protein ligase RLIM OS=Homo sapiens OX=9606 GN=RLIM PE=1 SV=3	624
Q8IZ69	sp|Q8IZ69|TRM2A_HUMAN tRNA (uracil-5-)-methyltransferase homolog A OS=Homo sapiens OX=9606 GN=TRMT2A PE=1 SV=2	625
Q14677	sp|Q14677|EPN4_HUMAN Clathrin interactor 1 OS=Homo sapiens OX=9606 GN=CLINT1 PE=1 SV=1	625
Q13202	sp|Q13202|DUS8_HUMAN Dual specificity protein phosphatase 8 OS=Homo sapiens OX=9606 GN=DUSP8 PE=1 SV=2	625
P20916	sp|P20916|MAG_HUMAN Myelin-associated glycoprotein OS=Homo sapiens OX=9606 GN=MAG PE=1 SV=1	626
Q7Z695	sp|Q7Z695|ADCK2_HUMAN Uncharacterized aarF domain-containing protein kinase 2 OS=Homo sapiens OX=9606 GN=ADCK2 PE=1 SV=1	626
Q8IYK4	sp|Q8IYK4|GT252_HUMAN Procollagen galactosyltransferase 2 OS=Homo sapiens OX=9606 GN=COLGALT2 PE=1 SV=1	626
Q9Y3Z3	sp|Q9Y3Z3|SAMH1_HUMAN Deoxynucleoside triphosphate triphosphohydrolase SAMHD1 OS=Homo sapiens OX=9606 GN=SAMHD1 PE=1 SV=2	626
Q99759	sp|Q99759|M3K3_HUMAN Mitogen-activated protein kinase kinase kinase 3 OS=Homo sapiens OX=9606 GN=MAP3K3 PE=1 SV=2	626
P43155	sp|P43155|CACP_HUMAN Carnitine O-acetyltransferase OS=Homo sapiens OX=9606 GN=CRAT PE=1 SV=5	626
Q96N16	sp|Q96N16|JKIP1_HUMAN Janus kinase and microtubule-interacting protein 1 OS=Homo sapiens OX=9606 GN=JAKMIP1 PE=1 SV=1	626
Q15569	sp|Q15569|TESK1_HUMAN Dual specificity testis-specific protein kinase 1 OS=Homo sapiens OX=9606 GN=TESK1 PE=1 SV=2	626
P13796	sp|P13796|PLSL_HUMAN Plastin-2 OS=Homo sapiens OX=9606 GN=LCP1 PE=1 SV=6	627
Q9UHB9	sp|Q9UHB9|SRP68_HUMAN Signal recognition particle subunit SRP68 OS=Homo sapiens OX=9606 GN=SRP68 PE=1 SV=2	627
O60941	sp|O60941|DTNB_HUMAN Dystrobrevin beta OS=Homo sapiens OX=9606 GN=DTNB PE=1 SV=1	627
O60826	sp|O60826|CCD22_HUMAN Coiled-coil domain-containing protein 22 OS=Homo sapiens OX=9606 GN=CCDC22 PE=1 SV=1	627
P43681	sp|P43681|ACHA4_HUMAN Neuronal acetylcholine receptor subunit alpha-4 OS=Homo sapiens OX=9606 GN=CHRNA4 PE=1 SV=2	627
Q96RF0	sp|Q96RF0|SNX18_HUMAN Sorting nexin-18 OS=Homo sapiens OX=9606 GN=SNX18 PE=1 SV=2	628
P50895	sp|P50895|BCAM_HUMAN Basal cell adhesion molecule OS=Homo sapiens OX=9606 GN=BCAM PE=1 SV=2	628
Q96JJ6	sp|Q96JJ6|JPH4_HUMAN Junctophilin-4 OS=Homo sapiens OX=9606 GN=JPH4 PE=1 SV=2	628
P30825	sp|P30825|CTR1_HUMAN High affinity cationic amino acid transporter 1 OS=Homo sapiens OX=9606 GN=SLC7A1 PE=1 SV=1	629
Q09013	sp|Q09013|DMPK_HUMAN Myotonin-protein kinase OS=Homo sapiens OX=9606 GN=DMPK PE=1 SV=3	629
Q9Y463	sp|Q9Y463|DYR1B_HUMAN Dual specificity tyrosine-phosphorylation-regulated kinase 1B OS=Homo sapiens OX=9606 GN=DYRK1B PE=1 SV=1	629
Q8WV44	sp|Q8WV44|TRI41_HUMAN E3 ubiquitin-protein ligase TRIM41 OS=Homo sapiens OX=9606 GN=TRIM41 PE=1 SV=3	630
P13797	sp|P13797|PLST_HUMAN Plastin-3 OS=Homo sapiens OX=9606 GN=PLS3 PE=1 SV=4	630
Q9BQI3	sp|Q9BQI3|E2AK1_HUMAN Eukaryotic translation initiation factor 2-alpha kinase 1 OS=Homo sapiens OX=9606 GN=EIF2AK1 PE=1 SV=2	630
Q9NR34	sp|Q9NR34|MA1C1_HUMAN Mannosyl-oligosaccharide 1,2-alpha-mannosidase IC OS=Homo sapiens OX=9606 GN=MAN1C1 PE=1 SV=1	630
P04844	sp|P04844|RPN2_HUMAN Dolichyl-diphosphooligosaccharide--protein glycosyltransferase subunit 2 OS=Homo sapiens OX=9606 GN=RPN2 PE=1 SV=3	631
P17405	sp|P17405|ASM_HUMAN Sphingomyelin phosphodiesterase OS=Homo sapiens OX=9606 GN=SMPD1 PE=1 SV=5	631
Q9ULX5	sp|Q9ULX5|RN112_HUMAN RING finger protein 112 OS=Homo sapiens OX=9606 GN=RNF112 PE=1 SV=2	631
Q567U6	sp|Q567U6|CCD93_HUMAN Coiled-coil domain-containing protein 93 OS=Homo sapiens OX=9606 GN=CCDC93 PE=1 SV=2	631
A1L0T0	sp|A1L0T0|HACL2_HUMAN 2-hydroxyacyl-CoA lyase 2 OS=Homo sapiens OX=9606 GN=HACL2 PE=1 SV=2	632
Q8IUH5	sp|Q8IUH5|ZDH17_HUMAN Palmitoyltransferase ZDHHC17 OS=Homo sapiens OX=9606 GN=ZDHHC17 PE=1 SV=2	632
Q7L311	sp|Q7L311|ARMX2_HUMAN Armadillo repeat-containing X-linked protein 2 OS=Homo sapiens OX=9606 GN=ARMCX2 PE=1 SV=1	632
Q8NAN2	sp|Q8NAN2|MIGA1_HUMAN Mitoguardin 1 OS=Homo sapiens OX=9606 GN=MIGA1 PE=1 SV=1	632
Q9UPZ9	sp|Q9UPZ9|CILK1_HUMAN Serine/threonine-protein kinase ICK OS=Homo sapiens OX=9606 GN=CILK1 PE=1 SV=1	632
O43390	sp|O43390|HNRPR_HUMAN Heterogeneous nuclear ribonucleoprotein R OS=Homo sapiens OX=9606 GN=HNRNPR PE=1 SV=1	633
Q86YP4	sp|Q86YP4|P66A_HUMAN Transcriptional repressor p66-alpha OS=Homo sapiens OX=9606 GN=GATAD2A PE=1 SV=1	633
Q8IYS2	sp|Q8IYS2|K2013_HUMAN Uncharacterized protein KIAA2013 OS=Homo sapiens OX=9606 GN=KIAA2013 PE=1 SV=1	634
P48029	sp|P48029|SC6A8_HUMAN Sodium- and chloride-dependent creatine transporter 1 OS=Homo sapiens OX=9606 GN=SLC6A8 PE=1 SV=1	635
Q9Y289	sp|Q9Y289|SC5A6_HUMAN Sodium-dependent multivitamin transporter OS=Homo sapiens OX=9606 GN=SLC5A6 PE=1 SV=2	635
Q6PJG9	sp|Q6PJG9|LRFN4_HUMAN Leucine-rich repeat and fibronectin type-III domain-containing protein 4 OS=Homo sapiens OX=9606 GN=LRFN4 PE=1 SV=1	635
P43405	sp|P43405|KSYK_HUMAN Tyrosine-protein kinase SYK OS=Homo sapiens OX=9606 GN=SYK PE=1 SV=1	635
P11940	sp|P11940|PABP1_HUMAN Polyadenylate-binding protein 1 OS=Homo sapiens OX=9606 GN=PABPC1 PE=1 SV=2	636
Q9NZB8	sp|Q9NZB8|MOCS1_HUMAN Molybdenum cofactor biosynthesis protein 1 OS=Homo sapiens OX=9606 GN=MOCS1 PE=1 SV=3	636
Q86U38	sp|Q86U38|NOP9_HUMAN Nucleolar protein 9 OS=Homo sapiens OX=9606 GN=NOP9 PE=1 SV=1	636
P48506	sp|P48506|GSH1_HUMAN Glutamate--cysteine ligase catalytic subunit OS=Homo sapiens OX=9606 GN=GCLC PE=1 SV=2	637
O14744	sp|O14744|ANM5_HUMAN Protein arginine N-methyltransferase 5 OS=Homo sapiens OX=9606 GN=PRMT5 PE=1 SV=4	637
Q9HDB5	sp|Q9HDB5|NRX3B_HUMAN Neurexin-3-beta OS=Homo sapiens OX=9606 GN=NRXN3 PE=1 SV=4	637
P53671	sp|P53671|LIMK2_HUMAN LIM domain kinase 2 OS=Homo sapiens OX=9606 GN=LIMK2 PE=1 SV=1	638
P08240	sp|P08240|SRPRA_HUMAN Signal recognition particle receptor subunit alpha OS=Homo sapiens OX=9606 GN=SRPRA PE=1 SV=2	638
Q96LD4	sp|Q96LD4|TRI47_HUMAN E3 ubiquitin-protein ligase TRIM47 OS=Homo sapiens OX=9606 GN=TRIM47 PE=1 SV=2	638
P54652	sp|P54652|HSP72_HUMAN Heat shock-related 70 kDa protein 2 OS=Homo sapiens OX=9606 GN=HSPA2 PE=1 SV=1	639
Q8N3T1	sp|Q8N3T1|GLT15_HUMAN Polypeptide N-acetylgalactosaminyltransferase 15 OS=Homo sapiens OX=9606 GN=GALNT15 PE=1 SV=2	639
Q15637	sp|Q15637|SF01_HUMAN Splicing factor 1 OS=Homo sapiens OX=9606 GN=SF1 PE=1 SV=4	639
Q9UJY5	sp|Q9UJY5|GGA1_HUMAN ADP-ribosylation factor-binding protein GGA1 OS=Homo sapiens OX=9606 GN=GGA1 PE=1 SV=1	639
O95453	sp|O95453|PARN_HUMAN Poly(A)-specific ribonuclease PARN OS=Homo sapiens OX=9606 GN=PARN PE=1 SV=1	639
Q9UBT2	sp|Q9UBT2|SAE2_HUMAN SUMO-activating enzyme subunit 2 OS=Homo sapiens OX=9606 GN=UBA2 PE=1 SV=2	640
P13196	sp|P13196|HEM1_HUMAN 5-aminolevulinate synthase, non-specific, mitochondrial OS=Homo sapiens OX=9606 GN=ALAS1 PE=1 SV=2	640
Q9HCJ2	sp|Q9HCJ2|LRC4C_HUMAN Leucine-rich repeat-containing protein 4C OS=Homo sapiens OX=9606 GN=LRRC4C PE=1 SV=1	640
O60476	sp|O60476|MA1A2_HUMAN Mannosyl-oligosaccharide 1,2-alpha-mannosidase IB OS=Homo sapiens OX=9606 GN=MAN1A2 PE=1 SV=1	641
Q92544	sp|Q92544|TM9S4_HUMAN Transmembrane 9 superfamily member 4 OS=Homo sapiens OX=9606 GN=TM9SF4 PE=1 SV=2	642
Q9UKV5	sp|Q9UKV5|AMFR_HUMAN E3 ubiquitin-protein ligase AMFR OS=Homo sapiens OX=9606 GN=AMFR PE=1 SV=2	643
P17066	sp|P17066|HSP76_HUMAN Heat shock 70 kDa protein 6 OS=Homo sapiens OX=9606 GN=HSPA6 PE=1 SV=2	643
Q8NG27	sp|Q8NG27|PJA1_HUMAN E3 ubiquitin-protein ligase Praja-1 OS=Homo sapiens OX=9606 GN=PJA1 PE=1 SV=2	643
Q6P1M0	sp|Q6P1M0|S27A4_HUMAN Long-chain fatty acid transport protein 4 OS=Homo sapiens OX=9606 GN=SLC27A4 PE=1 SV=1	643
Q13614	sp|Q13614|MTMR2_HUMAN Phosphatidylinositol-3,5-bisphosphate 3-phosphatase MTMR2 OS=Homo sapiens OX=9606 GN=MTMR2 PE=1 SV=4	643
Q0P6H9	sp|Q0P6H9|TMM62_HUMAN Transmembrane protein 62 OS=Homo sapiens OX=9606 GN=TMEM62 PE=1 SV=1	643
Q96AE4	sp|Q96AE4|FUBP1_HUMAN Far upstream element-binding protein 1 OS=Homo sapiens OX=9606 GN=FUBP1 PE=1 SV=3	644
Q9NRR6	sp|Q9NRR6|INP5E_HUMAN Phosphatidylinositol polyphosphate 5-phosphatase type IV OS=Homo sapiens OX=9606 GN=INPP5E PE=1 SV=2	644
Q14166	sp|Q14166|TTL12_HUMAN Tubulin--tyrosine ligase-like protein 12 OS=Homo sapiens OX=9606 GN=TTLL12 PE=1 SV=2	644
P04264	sp|P04264|K2C1_HUMAN Keratin, type II cytoskeletal 1 OS=Homo sapiens OX=9606 GN=KRT1 PE=1 SV=6	644
P13667	sp|P13667|PDIA4_HUMAN Protein disulfide-isomerase A4 OS=Homo sapiens OX=9606 GN=PDIA4 PE=1 SV=2	645
Q8IVB4	sp|Q8IVB4|SL9A9_HUMAN Sodium/hydrogen exchanger 9 OS=Homo sapiens OX=9606 GN=SLC9A9 PE=1 SV=1	645
Q8NG66	sp|Q8NG66|NEK11_HUMAN Serine/threonine-protein kinase Nek11 OS=Homo sapiens OX=9606 GN=NEK11 PE=1 SV=2	645
P11142	sp|P11142|HSP7C_HUMAN Heat shock cognate 71 kDa protein OS=Homo sapiens OX=9606 GN=HSPA8 PE=1 SV=1	646
Q6PCB7	sp|Q6PCB7|S27A1_HUMAN Long-chain fatty acid transport protein 1 OS=Homo sapiens OX=9606 GN=SLC27A1 PE=1 SV=1	646
P43121	sp|P43121|MUC18_HUMAN Cell surface glycoprotein MUC18 OS=Homo sapiens OX=9606 GN=MCAM PE=1 SV=2	646
Q96BP3	sp|Q96BP3|PPWD1_HUMAN Peptidylprolyl isomerase domain and WD repeat-containing protein 1 OS=Homo sapiens OX=9606 GN=PPWD1 PE=1 SV=1	646
Q9H4B4	sp|Q9H4B4|PLK3_HUMAN Serine/threonine-protein kinase PLK3 OS=Homo sapiens OX=9606 GN=PLK3 PE=1 SV=2	646
Q9BTA9	sp|Q9BTA9|WAC_HUMAN WW domain-containing adapter protein with coiled-coil OS=Homo sapiens OX=9606 GN=WAC PE=1 SV=3	647
P53667	sp|P53667|LIMK1_HUMAN LIM domain kinase 1 OS=Homo sapiens OX=9606 GN=LIMK1 PE=1 SV=3	647
Q8NI60	sp|Q8NI60|COQ8A_HUMAN Atypical kinase COQ8A, mitochondrial OS=Homo sapiens OX=9606 GN=COQ8A PE=1 SV=1	647
P10515	sp|P10515|ODP2_HUMAN Dihydrolipoyllysine-residue acetyltransferase component of pyruvate dehydrogenase complex, mitochondrial OS=Homo sapiens OX=9606 GN=DLAT PE=1 SV=3	647
P04049	sp|P04049|RAF1_HUMAN RAF proto-oncogene serine/threonine-protein kinase OS=Homo sapiens OX=9606 GN=RAF1 PE=1 SV=1	648
Q8NBF6	sp|Q8NBF6|AVL9_HUMAN Late secretory pathway protein AVL9 homolog OS=Homo sapiens OX=9606 GN=AVL9 PE=1 SV=1	648
Q8WUG5	sp|Q8WUG5|S22AH_HUMAN Solute carrier family 22 member 17 OS=Homo sapiens OX=9606 GN=SLC22A17 PE=1 SV=2	649
Q16643	sp|Q16643|DREB_HUMAN Drebrin OS=Homo sapiens OX=9606 GN=DBN1 PE=1 SV=4	649
Q16881	sp|Q16881|TRXR1_HUMAN Thioredoxin reductase 1, cytoplasmic OS=Homo sapiens OX=9606 GN=TXNRD1 PE=1 SV=3	649
Q86X29	sp|Q86X29|LSR_HUMAN Lipolysis-stimulated lipoprotein receptor OS=Homo sapiens OX=9606 GN=LSR PE=1 SV=4	649
P46063	sp|P46063|RECQ1_HUMAN ATP-dependent DNA helicase Q1 OS=Homo sapiens OX=9606 GN=RECQL PE=1 SV=3	649
P51693	sp|P51693|APLP1_HUMAN Amyloid beta precursor like protein 1 OS=Homo sapiens OX=9606 GN=APLP1 PE=1 SV=3	650
Q9UGH3	sp|Q9UGH3|S23A2_HUMAN Solute carrier family 23 member 2 OS=Homo sapiens OX=9606 GN=SLC23A2 PE=1 SV=1	650
Q96G46	sp|Q96G46|DUS3L_HUMAN tRNA-dihydrouridine(47) synthase [NAD(P)(+)]-like OS=Homo sapiens OX=9606 GN=DUS3L PE=1 SV=2	650
Q9H4A4	sp|Q9H4A4|AMPB_HUMAN Aminopeptidase B OS=Homo sapiens OX=9606 GN=RNPEP PE=1 SV=2	650
P08236	sp|P08236|BGLR_HUMAN Beta-glucuronidase OS=Homo sapiens OX=9606 GN=GUSB PE=1 SV=2	651
Q9NYV6	sp|Q9NYV6|RRN3_HUMAN RNA polymerase I-specific transcription initiation factor RRN3 OS=Homo sapiens OX=9606 GN=RRN3 PE=1 SV=1	651
Q08357	sp|Q08357|S20A2_HUMAN Sodium-dependent phosphate transporter 2 OS=Homo sapiens OX=9606 GN=SLC20A2 PE=1 SV=1	652
Q96N96	sp|Q96N96|SPT13_HUMAN Spermatogenesis-associated protein 13 OS=Homo sapiens OX=9606 GN=SPATA13 PE=1 SV=1	652
Q9NPY3	sp|Q9NPY3|C1QR1_HUMAN Complement component C1q receptor OS=Homo sapiens OX=9606 GN=CD93 PE=1 SV=3	652
O94876	sp|O94876|TMCC1_HUMAN Transmembrane and coiled-coil domains protein 1 OS=Homo sapiens OX=9606 GN=TMCC1 PE=1 SV=3	653
O14829	sp|O14829|PPE1_HUMAN Serine/threonine-protein phosphatase with EF-hands 1 OS=Homo sapiens OX=9606 GN=PPEF1 PE=1 SV=1	653
Q8N4M1	sp|Q8N4M1|CTL3_HUMAN Choline transporter-like protein 3 OS=Homo sapiens OX=9606 GN=SLC44A3 PE=1 SV=4	653
P35475	sp|P35475|IDUA_HUMAN Alpha-L-iduronidase OS=Homo sapiens OX=9606 GN=IDUA PE=1 SV=2	653
P11021	sp|P11021|BIP_HUMAN Endoplasmic reticulum chaperone BiP OS=Homo sapiens OX=9606 GN=HSPA5 PE=1 SV=2	654
Q9NRA0	sp|Q9NRA0|SPHK2_HUMAN Sphingosine kinase 2 OS=Homo sapiens OX=9606 GN=SPHK2 PE=1 SV=2	654
Q03169	sp|Q03169|TNAP2_HUMAN Tumor necrosis factor alpha-induced protein 2 OS=Homo sapiens OX=9606 GN=TNFAIP2 PE=1 SV=2	654
P15923	sp|P15923|TFE2_HUMAN Transcription factor E2-alpha OS=Homo sapiens OX=9606 GN=TCF3 PE=1 SV=1	654
Q96IV0	sp|Q96IV0|NGLY1_HUMAN Peptide-N(4)-(N-acetyl-beta-glucosaminyl)asparagine amidase OS=Homo sapiens OX=9606 GN=NGLY1 PE=1 SV=1	654
Q96JX3	sp|Q96JX3|SRAC1_HUMAN Protein SERAC1 OS=Homo sapiens OX=9606 GN=SERAC1 PE=1 SV=1	654
O75509	sp|O75509|TNR21_HUMAN Tumor necrosis factor receptor superfamily member 21 OS=Homo sapiens OX=9606 GN=TNFRSF21 PE=1 SV=1	655
P49748	sp|P49748|ACADV_HUMAN Very long-chain acyl-CoA dehydrogenase, mitochondrial OS=Homo sapiens OX=9606 GN=ACADVL PE=1 SV=1	655
Q15311	sp|Q15311|RBP1_HUMAN RalA-binding protein 1 OS=Homo sapiens OX=9606 GN=RALBP1 PE=1 SV=3	655
Q9UNQ0	sp|Q9UNQ0|ABCG2_HUMAN Broad substrate specificity ATP-binding cassette transporter ABCG2 OS=Homo sapiens OX=9606 GN=ABCG2 PE=1 SV=3	655
Q96SB4	sp|Q96SB4|SRPK1_HUMAN SRSF protein kinase 1 OS=Homo sapiens OX=9606 GN=SRPK1 PE=1 SV=2	655
Q01844	sp|Q01844|EWS_HUMAN RNA-binding protein EWS OS=Homo sapiens OX=9606 GN=EWSR1 PE=1 SV=1	656
Q9BW27	sp|Q9BW27|NUP85_HUMAN Nuclear pore complex protein Nup85 OS=Homo sapiens OX=9606 GN=NUP85 PE=1 SV=1	656
P42898	sp|P42898|MTHR_HUMAN Methylenetetrahydrofolate reductase (NADPH) OS=Homo sapiens OX=9606 GN=MTHFR PE=1 SV=3	656
Q8WWI5	sp|Q8WWI5|CTL1_HUMAN Choline transporter-like protein 1 OS=Homo sapiens OX=9606 GN=SLC44A1 PE=1 SV=1	657
Q86SF2	sp|Q86SF2|GALT7_HUMAN N-acetylgalactosaminyltransferase 7 OS=Homo sapiens OX=9606 GN=GALNT7 PE=1 SV=1	657
P17813	sp|P17813|EGLN_HUMAN Endoglin OS=Homo sapiens OX=9606 GN=ENG PE=1 SV=2	658
O00116	sp|O00116|ADAS_HUMAN Alkyldihydroxyacetonephosphate synthase, peroxisomal OS=Homo sapiens OX=9606 GN=AGPS PE=1 SV=1	658
Q9H089	sp|Q9H089|LSG1_HUMAN Large subunit GTPase 1 homolog OS=Homo sapiens OX=9606 GN=LSG1 PE=1 SV=2	658
P23786	sp|P23786|CPT2_HUMAN Carnitine O-palmitoyltransferase 2, mitochondrial OS=Homo sapiens OX=9606 GN=CPT2 PE=1 SV=2	658
P28288	sp|P28288|ABCD3_HUMAN ATP-binding cassette sub-family D member 3 OS=Homo sapiens OX=9606 GN=ABCD3 PE=1 SV=1	659
Q8TE77	sp|Q8TE77|SSH3_HUMAN Protein phosphatase Slingshot homolog 3 OS=Homo sapiens OX=9606 GN=SSH3 PE=1 SV=2	659
Q9NXH9	sp|Q9NXH9|TRM1_HUMAN tRNA (guanine(26)-N(2))-dimethyltransferase OS=Homo sapiens OX=9606 GN=TRMT1 PE=1 SV=1	659
Q5U5Q3	sp|Q5U5Q3|MEX3C_HUMAN RNA-binding E3 ubiquitin-protein ligase MEX3C OS=Homo sapiens OX=9606 GN=MEX3C PE=1 SV=3	659
Q06187	sp|Q06187|BTK_HUMAN Tyrosine-protein kinase BTK OS=Homo sapiens OX=9606 GN=BTK PE=1 SV=3	659
Q8WZA1	sp|Q8WZA1|PMGT1_HUMAN Protein O-linked-mannose beta-1,2-N-acetylglucosaminyltransferase 1 OS=Homo sapiens OX=9606 GN=POMGNT1 PE=1 SV=2	660
Q9NW15	sp|Q9NW15|ANO10_HUMAN Anoctamin-10 OS=Homo sapiens OX=9606 GN=ANO10 PE=1 SV=2	660
O15523	sp|O15523|DDX3Y_HUMAN ATP-dependent RNA helicase DDX3Y OS=Homo sapiens OX=9606 GN=DDX3Y PE=1 SV=2	660
Q9Y216	sp|Q9Y216|MTMR7_HUMAN Phosphatidylinositol-3-phosphate phosphatase MTMR7 OS=Homo sapiens OX=9606 GN=MTMR7 PE=1 SV=3	660
Q15067	sp|Q15067|ACOX1_HUMAN Peroxisomal acyl-coenzyme A oxidase 1 OS=Homo sapiens OX=9606 GN=ACOX1 PE=1 SV=3	660
P54136	sp|P54136|SYRC_HUMAN Arginine--tRNA ligase, cytoplasmic OS=Homo sapiens OX=9606 GN=RARS1 PE=1 SV=2	660
P08253	sp|P08253|MMP2_HUMAN 72 kDa type IV collagenase OS=Homo sapiens OX=9606 GN=MMP2 PE=1 SV=2	660
Q9UI40	sp|Q9UI40|NCKX2_HUMAN Sodium/potassium/calcium exchanger 2 OS=Homo sapiens OX=9606 GN=SLC24A2 PE=1 SV=1	661
Q9H7D7	sp|Q9H7D7|WDR26_HUMAN WD repeat-containing protein 26 OS=Homo sapiens OX=9606 GN=WDR26 PE=1 SV=3	661
Q9NQ79	sp|Q9NQ79|CRAC1_HUMAN Cartilage acidic protein 1 OS=Homo sapiens OX=9606 GN=CRTAC1 PE=1 SV=2	661
O60285	sp|O60285|NUAK1_HUMAN NUAK family SNF1-like kinase 1 OS=Homo sapiens OX=9606 GN=NUAK1 PE=1 SV=1	661
O00571	sp|O00571|DDX3X_HUMAN ATP-dependent RNA helicase DDX3X OS=Homo sapiens OX=9606 GN=DDX3X PE=1 SV=3	662
Q9UJ14	sp|Q9UJ14|GGT7_HUMAN Glutathione hydrolase 7 OS=Homo sapiens OX=9606 GN=GGT7 PE=1 SV=2	662
Q14392	sp|Q14392|LRC32_HUMAN Transforming growth factor beta activator LRRC32 OS=Homo sapiens OX=9606 GN=LRRC32 PE=1 SV=1	662
O43572	sp|O43572|AKA10_HUMAN A-kinase anchor protein 10, mitochondrial OS=Homo sapiens OX=9606 GN=AKAP10 PE=1 SV=2	662
Q99805	sp|Q99805|TM9S2_HUMAN Transmembrane 9 superfamily member 2 OS=Homo sapiens OX=9606 GN=TM9SF2 PE=1 SV=1	663
Q68CP4	sp|Q68CP4|HGNAT_HUMAN Heparan-alpha-glucosaminide N-acetyltransferase OS=Homo sapiens OX=9606 GN=HGSNAT PE=1 SV=2	663
Q9NX95	sp|Q9NX95|SYBU_HUMAN Syntabulin OS=Homo sapiens OX=9606 GN=SYBU PE=1 SV=2	663
Q96MT1	sp|Q96MT1|RN145_HUMAN RING finger protein 145 OS=Homo sapiens OX=9606 GN=RNF145 PE=1 SV=2	663
Q14515	sp|Q14515|SPRL1_HUMAN SPARC-like protein 1 OS=Homo sapiens OX=9606 GN=SPARCL1 PE=1 SV=2	664
P31040	sp|P31040|SDHA_HUMAN Succinate dehydrogenase [ubiquinone] flavoprotein subunit, mitochondrial OS=Homo sapiens OX=9606 GN=SDHA PE=1 SV=2	664
P02545	sp|P02545|LMNA_HUMAN Prelamin-A/C OS=Homo sapiens OX=9606 GN=LMNA PE=1 SV=1	664
Q96EP1	sp|Q96EP1|CHFR_HUMAN E3 ubiquitin-protein ligase CHFR OS=Homo sapiens OX=9606 GN=CHFR PE=1 SV=2	664
Q8WU17	sp|Q8WU17|RN139_HUMAN E3 ubiquitin-protein ligase RNF139 OS=Homo sapiens OX=9606 GN=RNF139 PE=1 SV=1	664
Q8N5G2	sp|Q8N5G2|MACOI_HUMAN Macoilin OS=Homo sapiens OX=9606 GN=MACO1 PE=1 SV=1	664
Q9Y2J8	sp|Q9Y2J8|PADI2_HUMAN Protein-arginine deiminase type-2 OS=Homo sapiens OX=9606 GN=PADI2 PE=1 SV=2	665
Q96S55	sp|Q96S55|WRIP1_HUMAN ATPase WRNIP1 OS=Homo sapiens OX=9606 GN=WRNIP1 PE=1 SV=2	665
Q14807	sp|Q14807|KIF22_HUMAN Kinesin-like protein KIF22 OS=Homo sapiens OX=9606 GN=KIF22 PE=1 SV=5	665
Q9BY84	sp|Q9BY84|DUS16_HUMAN Dual specificity protein phosphatase 16 OS=Homo sapiens OX=9606 GN=DUSP16 PE=1 SV=1	665
Q13613	sp|Q13613|MTMR1_HUMAN Phosphatidylinositol-3-phosphate phosphatase MTMR1 OS=Homo sapiens OX=9606 GN=MTMR1 PE=1 SV=4	665
O75326	sp|O75326|SEM7A_HUMAN Semaphorin-7A OS=Homo sapiens OX=9606 GN=SEMA7A PE=1 SV=1	666
P58401	sp|P58401|NRX2B_HUMAN Neurexin-2-beta OS=Homo sapiens OX=9606 GN=NRXN2 PE=1 SV=1	666
Q8N8A6	sp|Q8N8A6|DDX51_HUMAN ATP-dependent RNA helicase DDX51 OS=Homo sapiens OX=9606 GN=DDX51 PE=1 SV=3	666
Q5SNT2	sp|Q5SNT2|TM201_HUMAN Transmembrane protein 201 OS=Homo sapiens OX=9606 GN=TMEM201 PE=1 SV=1	666
Q13554	sp|Q13554|KCC2B_HUMAN Calcium/calmodulin-dependent protein kinase type II subunit beta OS=Homo sapiens OX=9606 GN=CAMK2B PE=1 SV=3	666
Q13438	sp|Q13438|OS9_HUMAN Protein OS-9 OS=Homo sapiens OX=9606 GN=OS9 PE=1 SV=1	667
Q86UX7	sp|Q86UX7|URP2_HUMAN Fermitin family homolog 3 OS=Homo sapiens OX=9606 GN=FERMT3 PE=1 SV=1	667
O94776	sp|O94776|MTA2_HUMAN Metastasis-associated protein MTA2 OS=Homo sapiens OX=9606 GN=MTA2 PE=1 SV=1	668
O60331	sp|O60331|PI51C_HUMAN Phosphatidylinositol 4-phosphate 5-kinase type-1 gamma OS=Homo sapiens OX=9606 GN=PIP5K1C PE=1 SV=2	668
P81408	sp|P81408|EREP3_HUMAN Protein ENTREP3 OS=Homo sapiens OX=9606 GN=ENTREP3 PE=1 SV=2	668
O96005	sp|O96005|CLPT1_HUMAN Putative lipid scramblase CLPTM1 OS=Homo sapiens OX=9606 GN=CLPTM1 PE=1 SV=1	669
O94925	sp|O94925|GLSK_HUMAN Glutaminase kidney isoform, mitochondrial OS=Homo sapiens OX=9606 GN=GLS PE=1 SV=1	669
Q7RTS9	sp|Q7RTS9|DYM_HUMAN Dymeclin OS=Homo sapiens OX=9606 GN=DYM PE=1 SV=1	669
P51511	sp|P51511|MMP15_HUMAN Matrix metalloproteinase-15 OS=Homo sapiens OX=9606 GN=MMP15 PE=1 SV=1	669
Q9NVP1	sp|Q9NVP1|DDX18_HUMAN ATP-dependent RNA helicase DDX18 OS=Homo sapiens OX=9606 GN=DDX18 PE=1 SV=2	670
Q6Q0C0	sp|Q6Q0C0|TRAF7_HUMAN E3 ubiquitin-protein ligase TRAF7 OS=Homo sapiens OX=9606 GN=TRAF7 PE=1 SV=1	670
P18850	sp|P18850|ATF6A_HUMAN Cyclic AMP-dependent transcription factor ATF-6 alpha OS=Homo sapiens OX=9606 GN=ATF6 PE=1 SV=3	670
Q8TCX5	sp|Q8TCX5|RHPN1_HUMAN Rhophilin-1 OS=Homo sapiens OX=9606 GN=RHPN1 PE=1 SV=2	670
O60504	sp|O60504|VINEX_HUMAN Vinexin OS=Homo sapiens OX=9606 GN=SORBS3 PE=1 SV=2	671
O76094	sp|O76094|SRP72_HUMAN Signal recognition particle subunit SRP72 OS=Homo sapiens OX=9606 GN=SRP72 PE=1 SV=3	671
P05771	sp|P05771|KPCB_HUMAN Protein kinase C beta type OS=Homo sapiens OX=9606 GN=PRKCB PE=1 SV=4	671
P17252	sp|P17252|KPCA_HUMAN Protein kinase C alpha type OS=Homo sapiens OX=9606 GN=PRKCA PE=1 SV=4	672
Q9NPB8	sp|Q9NPB8|GPCP1_HUMAN Glycerophosphocholine phosphodiesterase GPCPD1 OS=Homo sapiens OX=9606 GN=GPCPD1 PE=1 SV=2	672
Q9HC96	sp|Q9HC96|CAN10_HUMAN Calpain-10 OS=Homo sapiens OX=9606 GN=CAPN10 PE=1 SV=2	672
Q8NCG7	sp|Q8NCG7|DGLB_HUMAN Diacylglycerol lipase-beta OS=Homo sapiens OX=9606 GN=DAGLB PE=1 SV=2	672
Q86V21	sp|Q86V21|AACS_HUMAN Acetoacetyl-CoA synthetase OS=Homo sapiens OX=9606 GN=AACS PE=1 SV=1	672
P08133	sp|P08133|ANXA6_HUMAN Annexin A6 OS=Homo sapiens OX=9606 GN=ANXA6 PE=1 SV=3	673
P09917	sp|P09917|LOX5_HUMAN Polyunsaturated fatty acid 5-lipoxygenase OS=Homo sapiens OX=9606 GN=ALOX5 PE=1 SV=2	674
Q8WWX8	sp|Q8WWX8|SC5AB_HUMAN Sodium/myo-inositol cotransporter 2 OS=Homo sapiens OX=9606 GN=SLC5A11 PE=1 SV=1	675
Q2PZI1	sp|Q2PZI1|D19L1_HUMAN Protein C-mannosyl-transferase DPY19L1 OS=Homo sapiens OX=9606 GN=DPY19L1 PE=1 SV=1	675
Q9UJS0	sp|Q9UJS0|S2513_HUMAN Electrogenic aspartate/glutamate antiporter SLC25A13, mitochondrial OS=Homo sapiens OX=9606 GN=SLC25A13 PE=1 SV=2	675
Q8N3R9	sp|Q8N3R9|PALS1_HUMAN Protein PALS1 OS=Homo sapiens OX=9606 GN=PALS1 PE=1 SV=3	675
Q05655	sp|Q05655|KPCD_HUMAN Protein kinase C delta type OS=Homo sapiens OX=9606 GN=PRKCD PE=1 SV=2	676
P07225	sp|P07225|PROS_HUMAN Vitamin K-dependent protein S OS=Homo sapiens OX=9606 GN=PROS1 PE=1 SV=1	676
Q8WYA0	sp|Q8WYA0|IFT81_HUMAN Intraflagellar transport protein 81 homolog OS=Homo sapiens OX=9606 GN=IFT81 PE=1 SV=1	676
Q6UWJ1	sp|Q6UWJ1|SL9D1_HUMAN Solute carrier family 9 member D1 OS=Homo sapiens OX=9606 GN=SLC9D1 PE=1 SV=1	677
Q8N5D0	sp|Q8N5D0|WDTC1_HUMAN WD and tetratricopeptide repeats protein 1 OS=Homo sapiens OX=9606 GN=WDTC1 PE=1 SV=2	677
P05060	sp|P05060|SCG1_HUMAN Secretogranin-1 OS=Homo sapiens OX=9606 GN=CHGB PE=1 SV=2	677
P16435	sp|P16435|NCPR_HUMAN NADPH--cytochrome P450 reductase OS=Homo sapiens OX=9606 GN=POR PE=1 SV=2	677
Q96RD6	sp|Q96RD6|PANX2_HUMAN Pannexin-2 OS=Homo sapiens OX=9606 GN=PANX2 PE=1 SV=2	677
P16278	sp|P16278|BGAL_HUMAN Beta-galactosidase OS=Homo sapiens OX=9606 GN=GLB1 PE=1 SV=2	677
Q5T6L9	sp|Q5T6L9|EMARD_HUMAN Endoplasmic reticulum membrane-associated RNA degradation protein OS=Homo sapiens OX=9606 GN=ERMARD PE=1 SV=1	678
P45844	sp|P45844|ABCG1_HUMAN ATP-binding cassette sub-family G member 1 OS=Homo sapiens OX=9606 GN=ABCG1 PE=1 SV=3	678
O75746	sp|O75746|S2512_HUMAN Electrogenic aspartate/glutamate antiporter SLC25A12, mitochondrial OS=Homo sapiens OX=9606 GN=SLC25A12 PE=1 SV=2	678
P38646	sp|P38646|HSPA9_HUMAN Stress-70 protein, mitochondrial OS=Homo sapiens OX=9606 GN=HSPA9 PE=1 SV=2	679
Q96PX1	sp|Q96PX1|RN157_HUMAN E3 ubiquitin ligase RNF157 OS=Homo sapiens OX=9606 GN=RNF157 PE=1 SV=3	679
Q8WUM9	sp|Q8WUM9|S20A1_HUMAN Sodium-dependent phosphate transporter 1 OS=Homo sapiens OX=9606 GN=SLC20A1 PE=1 SV=1	679
O15228	sp|O15228|GNPAT_HUMAN Dihydroxyacetone phosphate acyltransferase OS=Homo sapiens OX=9606 GN=GNPAT PE=1 SV=1	680
Q99501	sp|Q99501|GA2L1_HUMAN GAS2-like protein 1 OS=Homo sapiens OX=9606 GN=GAS2L1 PE=1 SV=2	681
O00566	sp|O00566|MPP10_HUMAN U3 small nucleolar ribonucleoprotein protein MPP10 OS=Homo sapiens OX=9606 GN=MPHOSPH10 PE=1 SV=2	681
O94808	sp|O94808|GFPT2_HUMAN Glutamine--fructose-6-phosphate aminotransferase [isomerizing] 2 OS=Homo sapiens OX=9606 GN=GFPT2 PE=1 SV=3	682
O94929	sp|O94929|ABLM3_HUMAN Actin-binding LIM protein 3 OS=Homo sapiens OX=9606 GN=ABLIM3 PE=1 SV=3	683
O75427	sp|O75427|LRCH4_HUMAN Leucine-rich repeat and calponin homology domain-containing protein 4 OS=Homo sapiens OX=9606 GN=LRCH4 PE=1 SV=2	683
Q15582	sp|Q15582|BGH3_HUMAN Transforming growth factor-beta-induced protein ig-h3 OS=Homo sapiens OX=9606 GN=TGFBI PE=1 SV=1	683
O43395	sp|O43395|PRPF3_HUMAN U4/U6 small nuclear ribonucleoprotein Prp3 OS=Homo sapiens OX=9606 GN=PRPF3 PE=1 SV=2	683
Q9ULC5	sp|Q9ULC5|ACSL5_HUMAN Long-chain-fatty-acid--CoA ligase 5 OS=Homo sapiens OX=9606 GN=ACSL5 PE=1 SV=1	683
P24723	sp|P24723|KPCL_HUMAN Protein kinase C eta type OS=Homo sapiens OX=9606 GN=PRKCH PE=1 SV=4	683
Q96DU7	sp|Q96DU7|IP3KC_HUMAN Inositol-trisphosphate 3-kinase C OS=Homo sapiens OX=9606 GN=ITPKC PE=1 SV=1	683
Q9Y450	sp|Q9Y450|HBS1L_HUMAN HBS1-like protein OS=Homo sapiens OX=9606 GN=HBS1L PE=1 SV=1	684
P81274	sp|P81274|GPSM2_HUMAN G-protein-signaling modulator 2 OS=Homo sapiens OX=9606 GN=GPSM2 PE=1 SV=3	684
Q8WU76	sp|Q8WU76|SCFD2_HUMAN Sec1 family domain-containing protein 2 OS=Homo sapiens OX=9606 GN=SCFD2 PE=1 SV=2	684
O00237	sp|O00237|RN103_HUMAN E3 ubiquitin-protein ligase RNF103 OS=Homo sapiens OX=9606 GN=RNF103 PE=1 SV=1	685
P54803	sp|P54803|GALC_HUMAN Galactocerebrosidase OS=Homo sapiens OX=9606 GN=GALC PE=1 SV=3	685
Q13586	sp|Q13586|STIM1_HUMAN Stromal interaction molecule 1 OS=Homo sapiens OX=9606 GN=STIM1 PE=1 SV=3	685
Q9Y252	sp|Q9Y252|RNF6_HUMAN E3 ubiquitin-protein ligase RNF6 OS=Homo sapiens OX=9606 GN=RNF6 PE=1 SV=1	685
Q9NR61	sp|Q9NR61|DLL4_HUMAN Delta-like protein 4 OS=Homo sapiens OX=9606 GN=DLL4 PE=1 SV=1	685
A1A5C7	sp|A1A5C7|S22AN_HUMAN Solute carrier family 22 member 23 OS=Homo sapiens OX=9606 GN=SLC22A23 PE=1 SV=2	686
Q03519	sp|Q03519|TAP2_HUMAN Antigen peptide transporter 2 OS=Homo sapiens OX=9606 GN=TAP2 PE=1 SV=1	686
P21980	sp|P21980|TGM2_HUMAN Protein-glutamine gamma-glutamyltransferase 2 OS=Homo sapiens OX=9606 GN=TGM2 PE=1 SV=2	687
P78362	sp|P78362|SRPK2_HUMAN SRSF protein kinase 2 OS=Homo sapiens OX=9606 GN=SRPK2 PE=1 SV=3	688
P09871	sp|P09871|C1S_HUMAN Complement C1s subcomponent OS=Homo sapiens OX=9606 GN=C1S PE=1 SV=1	688
Q14055	sp|Q14055|CO9A2_HUMAN Collagen alpha-2(IX) chain OS=Homo sapiens OX=9606 GN=COL9A2 PE=1 SV=2	689
P25098	sp|P25098|ARBK1_HUMAN Beta-adrenergic receptor kinase 1 OS=Homo sapiens OX=9606 GN=GRK2 PE=1 SV=2	689
P52888	sp|P52888|THOP1_HUMAN Thimet oligopeptidase OS=Homo sapiens OX=9606 GN=THOP1 PE=1 SV=2	689
Q6NUQ4	sp|Q6NUQ4|TM214_HUMAN Transmembrane protein 214 OS=Homo sapiens OX=9606 GN=TMEM214 PE=1 SV=2	689
Q9NUB1	sp|Q9NUB1|ACS2L_HUMAN Acetyl-coenzyme A synthetase 2-like, mitochondrial OS=Homo sapiens OX=9606 GN=ACSS1 PE=1 SV=2	689
Q9HB58	sp|Q9HB58|SP110_HUMAN Sp110 nuclear body protein OS=Homo sapiens OX=9606 GN=SP110 PE=1 SV=5	689
O15231	sp|O15231|ZN185_HUMAN Zinc finger protein 185 OS=Homo sapiens OX=9606 GN=ZNF185 PE=1 SV=3	689
Q9NR80	sp|Q9NR80|ARHG4_HUMAN Rho guanine nucleotide exchange factor 4 OS=Homo sapiens OX=9606 GN=ARHGEF4 PE=1 SV=3	690
Q9Y2P5	sp|Q9Y2P5|S27A5_HUMAN Long-chain fatty acid transport protein 5 OS=Homo sapiens OX=9606 GN=SLC27A5 PE=1 SV=1	690
Q9HBW9	sp|Q9HBW9|AGRL4_HUMAN Adhesion G protein-coupled receptor L4 OS=Homo sapiens OX=9606 GN=ADGRL4 PE=1 SV=3	690
Q9Y653	sp|Q9Y653|AGRG1_HUMAN Adhesion G-protein coupled receptor G1 OS=Homo sapiens OX=9606 GN=ADGRG1 PE=1 SV=2	693
Q9P2M4	sp|Q9P2M4|TBC14_HUMAN TBC1 domain family member 14 OS=Homo sapiens OX=9606 GN=TBC1D14 PE=1 SV=3	693
P49915	sp|P49915|GUAA_HUMAN GMP synthase [glutamine-hydrolyzing] OS=Homo sapiens OX=9606 GN=GMPS PE=1 SV=1	693
P42166	sp|P42166|LAP2A_HUMAN Lamina-associated polypeptide 2, isoform alpha OS=Homo sapiens OX=9606 GN=TMPO PE=1 SV=2	694
O14640	sp|O14640|DVL1_HUMAN Segment polarity protein dishevelled homolog DVL-1 OS=Homo sapiens OX=9606 GN=DVL1 PE=1 SV=2	695
O00461	sp|O00461|GOLI4_HUMAN Golgi integral membrane protein 4 OS=Homo sapiens OX=9606 GN=GOLIM4 PE=1 SV=1	696
Q9H0V1	sp|Q9H0V1|TM168_HUMAN Transmembrane protein 168 OS=Homo sapiens OX=9606 GN=TMEM168 PE=1 SV=2	697
Q96LC7	sp|Q96LC7|SIG10_HUMAN Sialic acid-binding Ig-like lectin 10 OS=Homo sapiens OX=9606 GN=SIGLEC10 PE=1 SV=3	697
P02787	sp|P02787|TRFE_HUMAN Serotransferrin OS=Homo sapiens OX=9606 GN=TF PE=1 SV=5	698
P33121	sp|P33121|ACSL1_HUMAN Long-chain-fatty-acid--CoA ligase 1 OS=Homo sapiens OX=9606 GN=ACSL1 PE=1 SV=1	698
Q9UBK8	sp|Q9UBK8|MTRR_HUMAN Methionine synthase reductase OS=Homo sapiens OX=9606 GN=MTRR PE=1 SV=4	698
Q6ZRP7	sp|Q6ZRP7|QSOX2_HUMAN Sulfhydryl oxidase 2 OS=Homo sapiens OX=9606 GN=QSOX2 PE=1 SV=3	698
Q14978	sp|Q14978|NOLC1_HUMAN Nucleolar and coiled-body phosphoprotein 1 OS=Homo sapiens OX=9606 GN=NOLC1 PE=1 SV=2	699
P48740	sp|P48740|MASP1_HUMAN Mannan-binding lectin serine protease 1 OS=Homo sapiens OX=9606 GN=MASP1 PE=1 SV=3	699
Q9UKM7	sp|Q9UKM7|MA1B1_HUMAN Endoplasmic reticulum mannosyl-oligosaccharide 1,2-alpha-mannosidase OS=Homo sapiens OX=9606 GN=MAN1B1 PE=1 SV=2	699
Q9NUY8	sp|Q9NUY8|TBC23_HUMAN TBC1 domain family member 23 OS=Homo sapiens OX=9606 GN=TBC1D23 PE=1 SV=3	699
P17655	sp|P17655|CAN2_HUMAN Calpain-2 catalytic subunit OS=Homo sapiens OX=9606 GN=CAPN2 PE=1 SV=6	700
P23469	sp|P23469|PTPRE_HUMAN Receptor-type tyrosine-protein phosphatase epsilon OS=Homo sapiens OX=9606 GN=PTPRE PE=1 SV=1	700
Q96QV1	sp|Q96QV1|HHIP_HUMAN Hedgehog-interacting protein OS=Homo sapiens OX=9606 GN=HHIP PE=1 SV=3	700
Q9NR19	sp|Q9NR19|ACSA_HUMAN Acetyl-coenzyme A synthetase, cytoplasmic OS=Homo sapiens OX=9606 GN=ACSS2 PE=1 SV=1	701
Q9UF56	sp|Q9UF56|FXL17_HUMAN F-box/LRR-repeat protein 17 OS=Homo sapiens OX=9606 GN=FBXL17 PE=1 SV=3	701
Q92581	sp|Q92581|SL9A6_HUMAN Sodium/hydrogen exchanger 6 OS=Homo sapiens OX=9606 GN=SLC9A6 PE=1 SV=3	701
Q6Y2X3	sp|Q6Y2X3|DJC14_HUMAN DnaJ homolog subfamily C member 14 OS=Homo sapiens OX=9606 GN=DNAJC14 PE=1 SV=2	702
Q04446	sp|Q04446|GLGB_HUMAN 1,4-alpha-glucan-branching enzyme OS=Homo sapiens OX=9606 GN=GBE1 PE=1 SV=3	702
O15234	sp|O15234|CASC3_HUMAN Protein CASC3 OS=Homo sapiens OX=9606 GN=CASC3 PE=1 SV=2	703
Q99941	sp|Q99941|ATF6B_HUMAN Cyclic AMP-dependent transcription factor ATF-6 beta OS=Homo sapiens OX=9606 GN=ATF6B PE=1 SV=2	703
P23142	sp|P23142|FBLN1_HUMAN Fibulin-1 OS=Homo sapiens OX=9606 GN=FBLN1 PE=1 SV=4	703
O95352	sp|O95352|ATG7_HUMAN Ubiquitin-like modifier-activating enzyme ATG7 OS=Homo sapiens OX=9606 GN=ATG7 PE=1 SV=1	703
Q12931	sp|Q12931|TRAP1_HUMAN Heat shock protein 75 kDa, mitochondrial OS=Homo sapiens OX=9606 GN=TRAP1 PE=1 SV=3	704
Q9H4Z3	sp|Q9H4Z3|CAPAM_HUMAN mRNA (2'-O-methyladenosine-N(6)-)-methyltransferase OS=Homo sapiens OX=9606 GN=PCIF1 PE=1 SV=1	704
Q9H992	sp|Q9H992|MARH7_HUMAN E3 ubiquitin-protein ligase MARCHF7 OS=Homo sapiens OX=9606 GN=MARCHF7 PE=1 SV=1	704
Q9BYT8	sp|Q9BYT8|NEUL_HUMAN Neurolysin, mitochondrial OS=Homo sapiens OX=9606 GN=NLN PE=1 SV=1	704
P46977	sp|P46977|STT3A_HUMAN Dolichyl-diphosphooligosaccharide--protein glycosyltransferase subunit STT3A OS=Homo sapiens OX=9606 GN=STT3A PE=1 SV=2	705
P17600	sp|P17600|SYN1_HUMAN Synapsin-1 OS=Homo sapiens OX=9606 GN=SYN1 PE=1 SV=3	705
Q8IWA5	sp|Q8IWA5|CTL2_HUMAN Choline transporter-like protein 2 OS=Homo sapiens OX=9606 GN=SLC44A2 PE=1 SV=3	706
P48067	sp|P48067|SC6A9_HUMAN Sodium- and chloride-dependent glycine transporter 1 OS=Homo sapiens OX=9606 GN=SLC6A9 PE=1 SV=3	706
Q6IA69	sp|Q6IA69|NADE_HUMAN Glutamine-dependent NAD(+) synthetase OS=Homo sapiens OX=9606 GN=NADSYN1 PE=1 SV=3	706
O00139	sp|O00139|KIF2A_HUMAN Kinesin-like protein KIF2A OS=Homo sapiens OX=9606 GN=KIF2A PE=1 SV=3	706
O14523	sp|O14523|C2C2L_HUMAN Phospholipid transfer protein C2CD2L OS=Homo sapiens OX=9606 GN=C2CD2L PE=1 SV=3	706
P23246	sp|P23246|SFPQ_HUMAN Splicing factor, proline- and glutamine-rich OS=Homo sapiens OX=9606 GN=SFPQ PE=1 SV=2	707
Q9BU23	sp|Q9BU23|LMF2_HUMAN Lipase maturation factor 2 OS=Homo sapiens OX=9606 GN=LMF2 PE=1 SV=2	707
Q9NZL3	sp|Q9NZL3|ZN224_HUMAN Zinc finger protein 224 OS=Homo sapiens OX=9606 GN=ZNF224 PE=1 SV=3	707
Q8NE01	sp|Q8NE01|CNNM3_HUMAN Metal transporter CNNM3 OS=Homo sapiens OX=9606 GN=CNNM3 PE=1 SV=1	707
O43164	sp|O43164|PJA2_HUMAN E3 ubiquitin-protein ligase Praja-2 OS=Homo sapiens OX=9606 GN=PJA2 PE=1 SV=4	708
P20810	sp|P20810|ICAL_HUMAN Calpastatin OS=Homo sapiens OX=9606 GN=CAST PE=1 SV=4	708
Q96T51	sp|Q96T51|RUFY1_HUMAN RUN and FYVE domain-containing protein 1 OS=Homo sapiens OX=9606 GN=RUFY1 PE=1 SV=2	708
Q9UGI0	sp|Q9UGI0|ZRAN1_HUMAN Ubiquitin thioesterase ZRANB1 OS=Homo sapiens OX=9606 GN=ZRANB1 PE=1 SV=2	708
O00471	sp|O00471|EXOC5_HUMAN Exocyst complex component 5 OS=Homo sapiens OX=9606 GN=EXOC5 PE=1 SV=1	708
Q8IVL5	sp|Q8IVL5|P3H2_HUMAN Prolyl 3-hydroxylase 2 OS=Homo sapiens OX=9606 GN=P3H2 PE=1 SV=1	708
Q92542	sp|Q92542|NICA_HUMAN Nicastrin OS=Homo sapiens OX=9606 GN=NCSTN PE=1 SV=2	709
Q08945	sp|Q08945|SSRP1_HUMAN FACT complex subunit SSRP1 OS=Homo sapiens OX=9606 GN=SSRP1 PE=1 SV=1	709
O75069	sp|O75069|TMCC2_HUMAN Transmembrane and coiled-coil domains protein 2 OS=Homo sapiens OX=9606 GN=TMCC2 PE=1 SV=3	709
O94956	sp|O94956|SO2B1_HUMAN Solute carrier organic anion transporter family member 2B1 OS=Homo sapiens OX=9606 GN=SLCO2B1 PE=1 SV=3	709
Q14123	sp|Q14123|PDE1C_HUMAN Dual specificity calcium/calmodulin-dependent 3',5'-cyclic nucleotide phosphodiesterase 1C OS=Homo sapiens OX=9606 GN=PDE1C PE=1 SV=1	709
Q9NUQ8	sp|Q9NUQ8|ABCF3_HUMAN ATP-binding cassette sub-family F member 3 OS=Homo sapiens OX=9606 GN=ABCF3 PE=1 SV=2	709
P19338	sp|P19338|NUCL_HUMAN Nucleolin OS=Homo sapiens OX=9606 GN=NCL PE=1 SV=3	710
O00213	sp|O00213|APBB1_HUMAN Amyloid beta precursor protein binding family B member 1 OS=Homo sapiens OX=9606 GN=APBB1 PE=1 SV=2	710
Q9UIG8	sp|Q9UIG8|SO3A1_HUMAN Solute carrier organic anion transporter family member 3A1 OS=Homo sapiens OX=9606 GN=SLCO3A1 PE=1 SV=3	710
P48147	sp|P48147|PPCE_HUMAN Prolyl endopeptidase OS=Homo sapiens OX=9606 GN=PREP PE=1 SV=2	710
Q9C026	sp|Q9C026|TRIM9_HUMAN E3 ubiquitin-protein ligase TRIM9 OS=Homo sapiens OX=9606 GN=TRIM9 PE=1 SV=1	710
Q9UQF2	sp|Q9UQF2|JIP1_HUMAN C-Jun-amino-terminal kinase-interacting protein 1 OS=Homo sapiens OX=9606 GN=MAPK8IP1 PE=1 SV=1	711
Q92945	sp|Q92945|FUBP2_HUMAN Far upstream element-binding protein 2 OS=Homo sapiens OX=9606 GN=KHSRP PE=1 SV=4	711
Q9UBD5	sp|Q9UBD5|ORC3_HUMAN Origin recognition complex subunit 3 OS=Homo sapiens OX=9606 GN=ORC3 PE=1 SV=1	711
O60488	sp|O60488|ACSL4_HUMAN Long-chain-fatty-acid--CoA ligase 4 OS=Homo sapiens OX=9606 GN=ACSL4 PE=1 SV=2	711
P51617	sp|P51617|IRAK1_HUMAN Interleukin-1 receptor-associated kinase 1 OS=Homo sapiens OX=9606 GN=IRAK1 PE=1 SV=2	712
Q9NT99	sp|Q9NT99|LRC4B_HUMAN Leucine-rich repeat-containing protein 4B OS=Homo sapiens OX=9606 GN=LRRC4B PE=1 SV=3	713
Q7Z4F1	sp|Q7Z4F1|LRP10_HUMAN Low-density lipoprotein receptor-related protein 10 OS=Homo sapiens OX=9606 GN=LRP10 PE=1 SV=2	713
P07384	sp|P07384|CAN1_HUMAN Calpain-1 catalytic subunit OS=Homo sapiens OX=9606 GN=CAPN1 PE=1 SV=1	714
Q6NSJ0	sp|Q6NSJ0|MYORG_HUMAN Alpha-galactosidase MYORG OS=Homo sapiens OX=9606 GN=MYORG PE=1 SV=2	714
Q8TC05	sp|Q8TC05|MDM1_HUMAN Nuclear protein MDM1 OS=Homo sapiens OX=9606 GN=MDM1 PE=1 SV=2	714
Q92503	sp|Q92503|S14L1_HUMAN SEC14-like protein 1 OS=Homo sapiens OX=9606 GN=SEC14L1 PE=1 SV=2	715
Q13330	sp|Q13330|MTA1_HUMAN Metastasis-associated protein MTA1 OS=Homo sapiens OX=9606 GN=MTA1 PE=1 SV=2	715
Q9Y6U3	sp|Q9Y6U3|SCIN_HUMAN Scinderin OS=Homo sapiens OX=9606 GN=SCIN PE=1 SV=4	715
Q9C0B5	sp|Q9C0B5|ZDHC5_HUMAN Palmitoyltransferase ZDHHC5 OS=Homo sapiens OX=9606 GN=ZDHHC5 PE=1 SV=2	715
Q8IWZ6	sp|Q8IWZ6|BBS7_HUMAN BBSome complex member BBS7 OS=Homo sapiens OX=9606 GN=BBS7 PE=1 SV=2	715
Q6ZPD9	sp|Q6ZPD9|D19L3_HUMAN Protein C-mannosyl-transferase DPY19L3 OS=Homo sapiens OX=9606 GN=DPY19L3 PE=1 SV=1	716
Q9H307	sp|Q9H307|PININ_HUMAN Pinin OS=Homo sapiens OX=9606 GN=PNN PE=1 SV=5	717
Q9UH99	sp|Q9UH99|SUN2_HUMAN SUN domain-containing protein 2 OS=Homo sapiens OX=9606 GN=SUN2 PE=1 SV=3	717
Q93063	sp|Q93063|EXT2_HUMAN Exostosin-2 OS=Homo sapiens OX=9606 GN=EXT2 PE=1 SV=1	718
Q9BW92	sp|Q9BW92|SYTM_HUMAN Threonine--tRNA ligase, mitochondrial OS=Homo sapiens OX=9606 GN=TARS2 PE=1 SV=1	718
P33993	sp|P33993|MCM7_HUMAN DNA replication licensing factor MCM7 OS=Homo sapiens OX=9606 GN=MCM7 PE=1 SV=4	719
P29728	sp|P29728|OAS2_HUMAN 2'-5'-oligoadenylate synthase 2 OS=Homo sapiens OX=9606 GN=OAS2 PE=1 SV=3	719
O95573	sp|O95573|ACSL3_HUMAN Fatty acid CoA ligase Acsl3 OS=Homo sapiens OX=9606 GN=ACSL3 PE=1 SV=3	720
Q6UXH9	sp|Q6UXH9|PAMR1_HUMAN Inactive serine protease PAMR1 OS=Homo sapiens OX=9606 GN=PAMR1 PE=1 SV=1	720
Q13144	sp|Q13144|EI2BE_HUMAN Translation initiation factor eIF2B subunit epsilon OS=Homo sapiens OX=9606 GN=EIF2B5 PE=1 SV=3	721
Q16659	sp|Q16659|MK06_HUMAN Mitogen-activated protein kinase 6 OS=Homo sapiens OX=9606 GN=MAPK6 PE=1 SV=1	721
Q96BD0	sp|Q96BD0|SO4A1_HUMAN Solute carrier organic anion transporter family member 4A1 OS=Homo sapiens OX=9606 GN=SLCO4A1 PE=1 SV=2	722
Q9NZQ3	sp|Q9NZQ3|SPN90_HUMAN NCK-interacting protein with SH3 domain OS=Homo sapiens OX=9606 GN=NCKIPSD PE=1 SV=1	722
Q9Y223	sp|Q9Y223|GLCNE_HUMAN Bifunctional UDP-N-acetylglucosamine 2-epimerase/N-acetylmannosamine kinase OS=Homo sapiens OX=9606 GN=GNE PE=1 SV=1	722
P26639	sp|P26639|SYTC_HUMAN Threonine--tRNA ligase 1, cytoplasmic OS=Homo sapiens OX=9606 GN=TARS1 PE=1 SV=3	723
Q7Z402	sp|Q7Z402|TMC7_HUMAN Transmembrane channel-like protein 7 OS=Homo sapiens OX=9606 GN=TMC7 PE=1 SV=1	723
Q7Z388	sp|Q7Z388|D19L4_HUMAN Probable C-mannosyltransferase DPY19L4 OS=Homo sapiens OX=9606 GN=DPY19L4 PE=1 SV=1	723
O00548	sp|O00548|DLL1_HUMAN Delta-like protein 1 OS=Homo sapiens OX=9606 GN=DLL1 PE=1 SV=2	723
Q9NZ52	sp|Q9NZ52|GGA3_HUMAN ADP-ribosylation factor-binding protein GGA3 OS=Homo sapiens OX=9606 GN=GGA3 PE=1 SV=1	723
Q6UWE0	sp|Q6UWE0|LRSM1_HUMAN E3 ubiquitin-protein ligase LRSAM1 OS=Homo sapiens OX=9606 GN=LRSAM1 PE=1 SV=1	723
P08238	sp|P08238|HS90B_HUMAN Heat shock protein HSP 90-beta OS=Homo sapiens OX=9606 GN=HSP90AB1 PE=1 SV=4	724
Q96GR2	sp|Q96GR2|ACBG1_HUMAN Long-chain-fatty-acid--CoA ligase ACSBG1 OS=Homo sapiens OX=9606 GN=ACSBG1 PE=1 SV=2	724
P78352	sp|P78352|DLG4_HUMAN Disks large homolog 4 OS=Homo sapiens OX=9606 GN=DLG4 PE=1 SV=3	724
P27986	sp|P27986|P85A_HUMAN Phosphatidylinositol 3-kinase regulatory subunit alpha OS=Homo sapiens OX=9606 GN=PIK3R1 PE=1 SV=2	724
Q96CP6	sp|Q96CP6|ASTRA_HUMAN Protein Aster-A OS=Homo sapiens OX=9606 GN=GRAMD1A PE=1 SV=2	724
Q9HAU8	sp|Q9HAU8|RNPL1_HUMAN Aminopeptidase RNPEPL1 OS=Homo sapiens OX=9606 GN=RNPEPL1 PE=1 SV=3	725
Q96RQ3	sp|Q96RQ3|MCCA_HUMAN Methylcrotonoyl-CoA carboxylase subunit alpha, mitochondrial OS=Homo sapiens OX=9606 GN=MCCC1 PE=1 SV=3	725
Q5VZE5	sp|Q5VZE5|NAA35_HUMAN N-alpha-acetyltransferase 35, NatC auxiliary subunit OS=Homo sapiens OX=9606 GN=NAA35 PE=1 SV=1	725
Q8IU68	sp|Q8IU68|TMC8_HUMAN Transmembrane channel-like protein 8 OS=Homo sapiens OX=9606 GN=TMC8 PE=1 SV=1	726
P50747	sp|P50747|BPL1_HUMAN Biotin--protein ligase OS=Homo sapiens OX=9606 GN=HLCS PE=1 SV=1	726
O75112	sp|O75112|LDB3_HUMAN LIM domain-binding protein 3 OS=Homo sapiens OX=9606 GN=LDB3 PE=1 SV=2	727
Q4J6C6	sp|Q4J6C6|PPCEL_HUMAN Prolyl endopeptidase-like OS=Homo sapiens OX=9606 GN=PREPL PE=1 SV=1	727
Q96MU7	sp|Q96MU7|YTDC1_HUMAN YTH domain-containing protein 1 OS=Homo sapiens OX=9606 GN=YTHDC1 PE=1 SV=3	727
P28331	sp|P28331|NDUS1_HUMAN NADH-ubiquinone oxidoreductase 75 kDa subunit, mitochondrial OS=Homo sapiens OX=9606 GN=NDUFS1 PE=1 SV=3	727
Q02809	sp|Q02809|PLOD1_HUMAN Procollagen-lysine,2-oxoglutarate 5-dioxygenase 1 OS=Homo sapiens OX=9606 GN=PLOD1 PE=1 SV=2	727
P43304	sp|P43304|GPDM_HUMAN Glycerol-3-phosphate dehydrogenase, mitochondrial OS=Homo sapiens OX=9606 GN=GPD2 PE=1 SV=3	727
P12755	sp|P12755|SKI_HUMAN Ski oncogene OS=Homo sapiens OX=9606 GN=SKI PE=1 SV=1	728
Q9NQ86	sp|Q9NQ86|TRI36_HUMAN E3 ubiquitin-protein ligase TRIM36 OS=Homo sapiens OX=9606 GN=TRIM36 PE=1 SV=2	728
P05165	sp|P05165|PCCA_HUMAN Propionyl-CoA carboxylase alpha chain, mitochondrial OS=Homo sapiens OX=9606 GN=PCCA PE=1 SV=4	728
Q9Y2L9	sp|Q9Y2L9|LRCH1_HUMAN Leucine-rich repeat and calponin homology domain-containing protein 1 OS=Homo sapiens OX=9606 GN=LRCH1 PE=1 SV=3	728
O00459	sp|O00459|P85B_HUMAN Phosphatidylinositol 3-kinase regulatory subunit beta OS=Homo sapiens OX=9606 GN=PIK3R2 PE=1 SV=2	728
Q92841	sp|Q92841|DDX17_HUMAN Probable ATP-dependent RNA helicase DDX17 OS=Homo sapiens OX=9606 GN=DDX17 PE=1 SV=2	729
Q92560	sp|Q92560|BAP1_HUMAN Ubiquitin carboxyl-terminal hydrolase BAP1 OS=Homo sapiens OX=9606 GN=BAP1 PE=1 SV=2	729
Q13061	sp|Q13061|TRDN_HUMAN Triadin OS=Homo sapiens OX=9606 GN=TRDN PE=1 SV=4	729
Q9UHD2	sp|Q9UHD2|TBK1_HUMAN Serine/threonine-protein kinase TBK1 OS=Homo sapiens OX=9606 GN=TBK1 PE=1 SV=1	729
P52272	sp|P52272|HNRPM_HUMAN Heterogeneous nuclear ribonucleoprotein M OS=Homo sapiens OX=9606 GN=HNRNPM PE=1 SV=3	730
O60583	sp|O60583|CCNT2_HUMAN Cyclin-T2 OS=Homo sapiens OX=9606 GN=CCNT2 PE=1 SV=2	730
Q96AQ6	sp|Q96AQ6|PBIP1_HUMAN Pre-B-cell leukemia transcription factor-interacting protein 1 OS=Homo sapiens OX=9606 GN=PBXIP1 PE=1 SV=1	731
Q8TBA6	sp|Q8TBA6|GOGA5_HUMAN Golgin subfamily A member 5 OS=Homo sapiens OX=9606 GN=GOLGA5 PE=1 SV=3	731
Q8NHY2	sp|Q8NHY2|COP1_HUMAN E3 ubiquitin-protein ligase COP1 OS=Homo sapiens OX=9606 GN=COP1 PE=1 SV=1	731
P07900	sp|P07900|HS90A_HUMAN Heat shock protein HSP 90-alpha OS=Homo sapiens OX=9606 GN=HSP90AA1 PE=1 SV=5	732
P13010	sp|P13010|XRCC5_HUMAN DNA repair protein Ku80 OS=Homo sapiens OX=9606 GN=XRCC5 PE=1 SV=3	732
P48449	sp|P48449|LSS_HUMAN Lanosterol synthase OS=Homo sapiens OX=9606 GN=LSS PE=1 SV=1	732
P13798	sp|P13798|ACPH_HUMAN Acylamino-acid-releasing enzyme OS=Homo sapiens OX=9606 GN=APEH PE=1 SV=4	732
Q6ZMZ0	sp|Q6ZMZ0|RN19B_HUMAN E3 ubiquitin-protein ligase RNF19B OS=Homo sapiens OX=9606 GN=RNF19B PE=1 SV=2	732
Q9NV66	sp|Q9NV66|TYW1_HUMAN S-adenosyl-L-methionine-dependent tRNA 4-demethylwyosine synthase TYW1 OS=Homo sapiens OX=9606 GN=TYW1 PE=1 SV=2	732
P23276	sp|P23276|KELL_HUMAN Kell blood group glycoprotein OS=Homo sapiens OX=9606 GN=KEL PE=1 SV=2	732
P00488	sp|P00488|F13A_HUMAN Coagulation factor XIII A chain OS=Homo sapiens OX=9606 GN=F13A1 PE=1 SV=5	732
Q15349	sp|Q15349|KS6A2_HUMAN Ribosomal protein S6 kinase alpha-2 OS=Homo sapiens OX=9606 GN=RPS6KA2 PE=1 SV=2	733
P33992	sp|P33992|MCM5_HUMAN DNA replication licensing factor MCM5 OS=Homo sapiens OX=9606 GN=MCM5 PE=1 SV=5	734
P28698	sp|P28698|MZF1_HUMAN Myeloid zinc finger 1 OS=Homo sapiens OX=9606 GN=MZF1 PE=1 SV=3	734
Q9UPT5	sp|Q9UPT5|EXOC7_HUMAN Exocyst complex component 7 OS=Homo sapiens OX=9606 GN=EXOC7 PE=1 SV=3	735
Q8WVT3	sp|Q8WVT3|TPC12_HUMAN Trafficking protein particle complex subunit 12 OS=Homo sapiens OX=9606 GN=TRAPPC12 PE=1 SV=3	735
Q15418	sp|Q15418|KS6A1_HUMAN Ribosomal protein S6 kinase alpha-1 OS=Homo sapiens OX=9606 GN=RPS6KA1 PE=1 SV=2	735
Q9NUT2	sp|Q9NUT2|MITOS_HUMAN Mitochondrial potassium channel ATP-binding subunit OS=Homo sapiens OX=9606 GN=ABCB8 PE=1 SV=3	735
P51659	sp|P51659|DHB4_HUMAN Peroxisomal multifunctional enzyme type 2 OS=Homo sapiens OX=9606 GN=HSD17B4 PE=1 SV=3	736
Q07343	sp|Q07343|PDE4B_HUMAN 3',5'-cyclic-AMP phosphodiesterase 4B OS=Homo sapiens OX=9606 GN=PDE4B PE=1 SV=1	736
Q9NQX3	sp|Q9NQX3|GEPH_HUMAN Gephyrin OS=Homo sapiens OX=9606 GN=GPHN PE=1 SV=1	736
O00429	sp|O00429|DNM1L_HUMAN Dynamin-1-like protein OS=Homo sapiens OX=9606 GN=DNM1L PE=1 SV=2	736
Q96SU4	sp|Q96SU4|OSBL9_HUMAN Oxysterol-binding protein-related protein 9 OS=Homo sapiens OX=9606 GN=OSBPL9 PE=1 SV=2	736
Q8IWQ3	sp|Q8IWQ3|BRSK2_HUMAN Serine/threonine-protein kinase BRSK2 OS=Homo sapiens OX=9606 GN=BRSK2 PE=1 SV=3	736
O14867	sp|O14867|BACH1_HUMAN Transcription regulator protein BACH1 OS=Homo sapiens OX=9606 GN=BACH1 PE=1 SV=2	736
Q8NFT8	sp|Q8NFT8|DNER_HUMAN Delta and Notch-like epidermal growth factor-related receptor OS=Homo sapiens OX=9606 GN=DNER PE=1 SV=1	737
P35611	sp|P35611|ADDA_HUMAN Alpha-adducin OS=Homo sapiens OX=9606 GN=ADD1 PE=1 SV=2	737
Q9BQ39	sp|Q9BQ39|DDX50_HUMAN ATP-dependent RNA helicase DDX50 OS=Homo sapiens OX=9606 GN=DDX50 PE=1 SV=1	737
O00469	sp|O00469|PLOD2_HUMAN Procollagen-lysine,2-oxoglutarate 5-dioxygenase 2 OS=Homo sapiens OX=9606 GN=PLOD2 PE=1 SV=2	737
Q9NY33	sp|Q9NY33|DPP3_HUMAN Dipeptidyl peptidase 3 OS=Homo sapiens OX=9606 GN=DPP3 PE=1 SV=2	737
P13807	sp|P13807|GYS1_HUMAN Glycogen [starch] synthase, muscle OS=Homo sapiens OX=9606 GN=GYS1 PE=1 SV=2	737
Q92786	sp|Q92786|PROX1_HUMAN Prospero homeobox protein 1 OS=Homo sapiens OX=9606 GN=PROX1 PE=1 SV=2	737
Q32M88	sp|Q32M88|PGGHG_HUMAN Protein-glucosylgalactosylhydroxylysine glucosidase OS=Homo sapiens OX=9606 GN=PGGHG PE=1 SV=2	737
O60568	sp|O60568|PLOD3_HUMAN Multifunctional procollagen lysine hydroxylase and glycosyltransferase LH3 OS=Homo sapiens OX=9606 GN=PLOD3 PE=1 SV=1	738
P16284	sp|P16284|PECA1_HUMAN Platelet endothelial cell adhesion molecule OS=Homo sapiens OX=9606 GN=PECAM1 PE=1 SV=2	738
Q3KR37	sp|Q3KR37|ASTRB_HUMAN Protein Aster-B OS=Homo sapiens OX=9606 GN=GRAMD1B PE=1 SV=1	738
Q92615	sp|Q92615|LAR4B_HUMAN La-related protein 4B OS=Homo sapiens OX=9606 GN=LARP4B PE=1 SV=3	738
Q14746	sp|Q14746|COG2_HUMAN Conserved oligomeric Golgi complex subunit 2 OS=Homo sapiens OX=9606 GN=COG2 PE=1 SV=1	738
P41250	sp|P41250|GARS_HUMAN Glycine--tRNA ligase OS=Homo sapiens OX=9606 GN=GARS1 PE=1 SV=3	739
Q9Y6B7	sp|Q9Y6B7|AP4B1_HUMAN AP-4 complex subunit beta-1 OS=Homo sapiens OX=9606 GN=AP4B1 PE=1 SV=2	739
O95202	sp|O95202|LETM1_HUMAN Mitochondrial proton/calcium exchanger protein OS=Homo sapiens OX=9606 GN=LETM1 PE=1 SV=1	739
Q15022	sp|Q15022|SUZ12_HUMAN Polycomb protein SUZ12 OS=Homo sapiens OX=9606 GN=SUZ12 PE=1 SV=3	739
P19320	sp|P19320|VCAM1_HUMAN Vascular cell adhesion protein 1 OS=Homo sapiens OX=9606 GN=VCAM1 PE=1 SV=1	739
Q92499	sp|Q92499|DDX1_HUMAN ATP-dependent RNA helicase DDX1 OS=Homo sapiens OX=9606 GN=DDX1 PE=1 SV=2	740
O15075	sp|O15075|DCLK1_HUMAN Serine/threonine-protein kinase DCLK1 OS=Homo sapiens OX=9606 GN=DCLK1 PE=1 SV=2	740
Q9UNA4	sp|Q9UNA4|POLI_HUMAN DNA polymerase iota OS=Homo sapiens OX=9606 GN=POLI PE=1 SV=3	740
P51812	sp|P51812|KS6A3_HUMAN Ribosomal protein S6 kinase alpha-3 OS=Homo sapiens OX=9606 GN=RPS6KA3 PE=1 SV=1	740
Q5T4D3	sp|Q5T4D3|TMTC4_HUMAN Protein O-mannosyl-transferase TMTC4 OS=Homo sapiens OX=9606 GN=TMTC4 PE=1 SV=2	741
Q09328	sp|Q09328|MGT5A_HUMAN Alpha-1,6-mannosylglycoprotein 6-beta-N-acetylglucosaminyltransferase A OS=Homo sapiens OX=9606 GN=MGAT5 PE=1 SV=1	741
Q96JG8	sp|Q96JG8|MAGD4_HUMAN Melanoma-associated antigen D4 OS=Homo sapiens OX=9606 GN=MAGED4 PE=1 SV=3	741
Q99567	sp|Q99567|NUP88_HUMAN Nuclear pore complex protein Nup88 OS=Homo sapiens OX=9606 GN=NUP88 PE=1 SV=2	741
Q8IWA4	sp|Q8IWA4|MFN1_HUMAN Mitofusin-1 OS=Homo sapiens OX=9606 GN=MFN1 PE=1 SV=3	741
P78563	sp|P78563|RED1_HUMAN Double-stranded RNA-specific editase 1 OS=Homo sapiens OX=9606 GN=ADARB1 PE=1 SV=1	741
P16070	sp|P16070|CD44_HUMAN CD44 antigen OS=Homo sapiens OX=9606 GN=CD44 PE=1 SV=3	742
Q7L0J3	sp|Q7L0J3|SV2A_HUMAN Synaptic vesicle glycoprotein 2A OS=Homo sapiens OX=9606 GN=SV2A PE=1 SV=1	742
Q9Y4J8	sp|Q9Y4J8|DTNA_HUMAN Dystrobrevin alpha OS=Homo sapiens OX=9606 GN=DTNA PE=1 SV=2	743
P54802	sp|P54802|ANAG_HUMAN Alpha-N-acetylglucosaminidase OS=Homo sapiens OX=9606 GN=NAGLU PE=1 SV=2	743
Q7L7V1	sp|Q7L7V1|DHX32_HUMAN Putative pre-mRNA-splicing factor ATP-dependent RNA helicase DHX32 OS=Homo sapiens OX=9606 GN=DHX32 PE=1 SV=1	743
Q8NFI3	sp|Q8NFI3|ENASE_HUMAN Cytosolic endo-beta-N-acetylglucosaminidase OS=Homo sapiens OX=9606 GN=ENGASE PE=1 SV=1	743
Q9C040	sp|Q9C040|TRIM2_HUMAN Tripartite motif-containing protein 2 OS=Homo sapiens OX=9606 GN=TRIM2 PE=1 SV=1	744
P46459	sp|P46459|NSF_HUMAN Vesicle-fusing ATPase OS=Homo sapiens OX=9606 GN=NSF PE=1 SV=3	744
Q8TF39	sp|Q8TF39|ZN483_HUMAN Zinc finger protein 483 OS=Homo sapiens OX=9606 GN=ZNF483 PE=1 SV=3	744
P51003	sp|P51003|PAPOA_HUMAN Poly(A) polymerase alpha OS=Homo sapiens OX=9606 GN=PAPOLA PE=1 SV=4	745
O60645	sp|O60645|EXOC3_HUMAN Exocyst complex component 3 OS=Homo sapiens OX=9606 GN=EXOC3 PE=1 SV=3	745
P14923	sp|P14923|PLAK_HUMAN Junction plakoglobin OS=Homo sapiens OX=9606 GN=JUP PE=1 SV=3	745
O15111	sp|O15111|IKKA_HUMAN Inhibitor of nuclear factor kappa-B kinase subunit alpha OS=Homo sapiens OX=9606 GN=CHUK PE=1 SV=2	745
Q96TA1	sp|Q96TA1|NIBA2_HUMAN Protein Niban 2 OS=Homo sapiens OX=9606 GN=NIBAN2 PE=1 SV=3	746
Q9P246	sp|Q9P246|STIM2_HUMAN Stromal interaction molecule 2 OS=Homo sapiens OX=9606 GN=STIM2 PE=1 SV=2	746
O00391	sp|O00391|QSOX1_HUMAN Sulfhydryl oxidase 1 OS=Homo sapiens OX=9606 GN=QSOX1 PE=1 SV=3	747
Q92800	sp|Q92800|EZH1_HUMAN Histone-lysine N-methyltransferase EZH1 OS=Homo sapiens OX=9606 GN=EZH1 PE=1 SV=2	747
O15066	sp|O15066|KIF3B_HUMAN Kinesin-like protein KIF3B OS=Homo sapiens OX=9606 GN=KIF3B PE=1 SV=1	747
Q9Y6A1	sp|Q9Y6A1|POMT1_HUMAN Protein O-mannosyl-transferase 1 OS=Homo sapiens OX=9606 GN=POMT1 PE=1 SV=3	747
Q96EB6	sp|Q96EB6|SIR1_HUMAN NAD-dependent protein deacetylase sirtuin-1 OS=Homo sapiens OX=9606 GN=SIRT1 PE=1 SV=2	747
Q03518	sp|Q03518|TAP1_HUMAN Antigen peptide transporter 1 OS=Homo sapiens OX=9606 GN=TAP1 PE=1 SV=3	748
O14672	sp|O14672|ADA10_HUMAN Disintegrin and metalloproteinase domain-containing protein 10 OS=Homo sapiens OX=9606 GN=ADAM10 PE=1 SV=1	748
P49589	sp|P49589|SYCC_HUMAN Cysteine--tRNA ligase, cytoplasmic OS=Homo sapiens OX=9606 GN=CARS1 PE=1 SV=3	748
Q8WXH2	sp|Q8WXH2|JPH3_HUMAN Junctophilin-3 OS=Homo sapiens OX=9606 GN=JPH3 PE=1 SV=2	748
Q99767	sp|Q99767|APBA2_HUMAN Amyloid-beta A4 precursor protein-binding family A member 2 OS=Homo sapiens OX=9606 GN=APBA2 PE=1 SV=3	749
Q96HU1	sp|Q96HU1|SGSM3_HUMAN Small G protein signaling modulator 3 OS=Homo sapiens OX=9606 GN=SGSM3 PE=1 SV=1	749
Q04609	sp|Q04609|FOLH1_HUMAN Glutamate carboxypeptidase 2 OS=Homo sapiens OX=9606 GN=FOLH1 PE=1 SV=1	750
P42224	sp|P42224|STAT1_HUMAN Signal transducer and activator of transcription 1-alpha/beta OS=Homo sapiens OX=9606 GN=STAT1 PE=1 SV=2	750
P22033	sp|P22033|MUTA_HUMAN Methylmalonyl-CoA mutase, mitochondrial OS=Homo sapiens OX=9606 GN=MMUT PE=1 SV=4	750
Q96L34	sp|Q96L34|MARK4_HUMAN MAP/microtubule affinity-regulating kinase 4 OS=Homo sapiens OX=9606 GN=MARK4 PE=1 SV=1	752
O75027	sp|O75027|ABCB7_HUMAN Iron-sulfur clusters transporter ABCB7, mitochondrial OS=Homo sapiens OX=9606 GN=ABCB7 PE=1 SV=2	752
Q9NRL3	sp|Q9NRL3|STRN4_HUMAN Striatin-4 OS=Homo sapiens OX=9606 GN=STRN4 PE=1 SV=2	753
P27448	sp|P27448|MARK3_HUMAN MAP/microtubule affinity-regulating kinase 3 OS=Homo sapiens OX=9606 GN=MARK3 PE=1 SV=5	753
Q13427	sp|Q13427|PPIG_HUMAN Peptidyl-prolyl cis-trans isomerase G OS=Homo sapiens OX=9606 GN=PPIG PE=1 SV=2	754
Q96PQ7	sp|Q96PQ7|KLHL5_HUMAN Kelch-like protein 5 OS=Homo sapiens OX=9606 GN=KLHL5 PE=1 SV=3	755
O43312	sp|O43312|MTSS1_HUMAN Protein MTSS 1 OS=Homo sapiens OX=9606 GN=MTSS1 PE=1 SV=2	755
Q13433	sp|Q13433|S39A6_HUMAN Zinc transporter ZIP6 OS=Homo sapiens OX=9606 GN=SLC39A6 PE=1 SV=3	755
Q96HI0	sp|Q96HI0|SENP5_HUMAN Sentrin-specific protease 5 OS=Homo sapiens OX=9606 GN=SENP5 PE=1 SV=3	755
Q9BRZ2	sp|Q9BRZ2|TRI56_HUMAN E3 ubiquitin-protein ligase TRIM56 OS=Homo sapiens OX=9606 GN=TRIM56 PE=1 SV=3	755
Q8N436	sp|Q8N436|CPXM2_HUMAN Inactive carboxypeptidase-like protein X2 OS=Homo sapiens OX=9606 GN=CPXM2 PE=1 SV=3	756
P40692	sp|P40692|MLH1_HUMAN DNA mismatch repair protein Mlh1 OS=Homo sapiens OX=9606 GN=MLH1 PE=1 SV=1	756
P51178	sp|P51178|PLCD1_HUMAN 1-phosphatidylinositol 4,5-bisphosphate phosphodiesterase delta-1 OS=Homo sapiens OX=9606 GN=PLCD1 PE=1 SV=2	756
O14920	sp|O14920|IKKB_HUMAN Inhibitor of nuclear factor kappa-B kinase subunit beta OS=Homo sapiens OX=9606 GN=IKBKB PE=1 SV=1	756
O95140	sp|O95140|MFN2_HUMAN Mitofusin-2 OS=Homo sapiens OX=9606 GN=MFN2 PE=1 SV=3	757
Q9ULG6	sp|Q9ULG6|CCPG1_HUMAN Cell cycle progression protein 1 OS=Homo sapiens OX=9606 GN=CCPG1 PE=1 SV=3	757
Q9HCE7	sp|Q9HCE7|SMUF1_HUMAN E3 ubiquitin-protein ligase SMURF1 OS=Homo sapiens OX=9606 GN=SMURF1 PE=1 SV=2	757
Q14003	sp|Q14003|KCNC3_HUMAN Voltage-gated potassium channel KCNC3 OS=Homo sapiens OX=9606 GN=KCNC3 PE=1 SV=3	757
P10636	sp|P10636|TAU_HUMAN Microtubule-associated protein tau OS=Homo sapiens OX=9606 GN=MAPT PE=1 SV=5	758
Q12797	sp|Q12797|ASPH_HUMAN Aspartyl/asparaginyl beta-hydroxylase OS=Homo sapiens OX=9606 GN=ASPH PE=1 SV=3	758
Q16891	sp|Q16891|MIC60_HUMAN MICOS complex subunit MIC60 OS=Homo sapiens OX=9606 GN=IMMT PE=1 SV=1	758
Q14161	sp|Q14161|GIT2_HUMAN ARF GTPase-activating protein GIT2 OS=Homo sapiens OX=9606 GN=GIT2 PE=1 SV=2	759
P51793	sp|P51793|CLCN4_HUMAN H(+)/Cl(-) exchange transporter 4 OS=Homo sapiens OX=9606 GN=CLCN4 PE=1 SV=2	760
P02786	sp|P02786|TFR1_HUMAN Transferrin receptor protein 1 OS=Homo sapiens OX=9606 GN=TFRC PE=1 SV=2	760
Q9UGP8	sp|Q9UGP8|SEC63_HUMAN Translocation protein SEC63 homolog OS=Homo sapiens OX=9606 GN=SEC63 PE=1 SV=2	760
Q9BRB3	sp|Q9BRB3|PIGQ_HUMAN Phosphatidylinositol N-acetylglucosaminyltransferase subunit Q OS=Homo sapiens OX=9606 GN=PIGQ PE=1 SV=3	760
Q9Y2X7	sp|Q9Y2X7|GIT1_HUMAN ARF GTPase-activating protein GIT1 OS=Homo sapiens OX=9606 GN=GIT1 PE=1 SV=2	761
O60477	sp|O60477|BRNP1_HUMAN BMP/retinoic acid-inducible neural-specific protein 1 OS=Homo sapiens OX=9606 GN=BRINP1 PE=1 SV=2	761
Q06481	sp|Q06481|APLP2_HUMAN Amyloid beta precursor like protein 2 OS=Homo sapiens OX=9606 GN=APLP2 PE=1 SV=2	763
P40939	sp|P40939|ECHA_HUMAN Trifunctional enzyme subunit alpha, mitochondrial OS=Homo sapiens OX=9606 GN=HADHA PE=1 SV=2	763
Q13627	sp|Q13627|DYR1A_HUMAN Dual specificity tyrosine-phosphorylation-regulated kinase 1A OS=Homo sapiens OX=9606 GN=DYRK1A PE=1 SV=2	763
Q01826	sp|Q01826|SATB1_HUMAN DNA-binding protein SATB1 OS=Homo sapiens OX=9606 GN=SATB1 PE=1 SV=1	763
P17480	sp|P17480|UBF1_HUMAN Nucleolar transcription factor 1 OS=Homo sapiens OX=9606 GN=UBTF PE=1 SV=1	764
P00751	sp|P00751|CFAB_HUMAN Complement factor B OS=Homo sapiens OX=9606 GN=CFB PE=1 SV=2	764
P11387	sp|P11387|TOP1_HUMAN DNA topoisomerase 1 OS=Homo sapiens OX=9606 GN=TOP1 PE=1 SV=2	765
Q9ULC8	sp|Q9ULC8|ZDHC8_HUMAN Palmitoyltransferase ZDHHC8 OS=Homo sapiens OX=9606 GN=ZDHHC8 PE=1 SV=3	765
Q8TAD4	sp|Q8TAD4|ZNT5_HUMAN Proton-coupled zinc antiporter SLC30A5 OS=Homo sapiens OX=9606 GN=SLC30A5 PE=1 SV=1	765
Q15436	sp|Q15436|SC23A_HUMAN Protein transport protein Sec23A OS=Homo sapiens OX=9606 GN=SEC23A PE=1 SV=2	765
Q9NRH2	sp|Q9NRH2|SNRK_HUMAN SNF-related serine/threonine-protein kinase OS=Homo sapiens OX=9606 GN=SNRK PE=1 SV=2	765
Q8N568	sp|Q8N568|DCLK2_HUMAN Serine/threonine-protein kinase DCLK2 OS=Homo sapiens OX=9606 GN=DCLK2 PE=1 SV=4	766
Q9UKI8	sp|Q9UKI8|TLK1_HUMAN Serine/threonine-protein kinase tousled-like 1 OS=Homo sapiens OX=9606 GN=TLK1 PE=1 SV=2	766
Q9NP78	sp|Q9NP78|ABCB9_HUMAN ABC-type oligopeptide transporter ABCB9 OS=Homo sapiens OX=9606 GN=ABCB9 PE=1 SV=1	766
P15056	sp|P15056|BRAF_HUMAN Serine/threonine-protein kinase B-raf OS=Homo sapiens OX=9606 GN=BRAF PE=1 SV=4	766
Q15437	sp|Q15437|SC23B_HUMAN Protein transport protein Sec23B OS=Homo sapiens OX=9606 GN=SEC23B PE=1 SV=2	767
Q01432	sp|Q01432|AMPD3_HUMAN AMP deaminase 3 OS=Homo sapiens OX=9606 GN=AMPD3 PE=1 SV=1	767
Q08J23	sp|Q08J23|NSUN2_HUMAN RNA cytosine C(5)-methyltransferase NSUN2 OS=Homo sapiens OX=9606 GN=NSUN2 PE=1 SV=2	767
Q92805	sp|Q92805|GOGA1_HUMAN Golgin subfamily A member 1 OS=Homo sapiens OX=9606 GN=GOLGA1 PE=1 SV=3	767
P05107	sp|P05107|ITB2_HUMAN Integrin beta-2 OS=Homo sapiens OX=9606 GN=ITGB2 PE=1 SV=3	769
P26012	sp|P26012|ITB8_HUMAN Integrin beta-8 OS=Homo sapiens OX=9606 GN=ITGB8 PE=1 SV=1	769
P05067	sp|P05067|A4_HUMAN Amyloid-beta precursor protein OS=Homo sapiens OX=9606 GN=APP PE=1 SV=3	770
P40763	sp|P40763|STAT3_HUMAN Signal transducer and activator of transcription 3 OS=Homo sapiens OX=9606 GN=STAT3 PE=1 SV=2	770
Q96N46	sp|Q96N46|TTC14_HUMAN Tetratricopeptide repeat protein 14 OS=Homo sapiens OX=9606 GN=TTC14 PE=1 SV=1	770
P42892	sp|P42892|ECE1_HUMAN Endothelin-converting enzyme 1 OS=Homo sapiens OX=9606 GN=ECE1 PE=1 SV=2	770
O75074	sp|O75074|LRP3_HUMAN Low-density lipoprotein receptor-related protein 3 OS=Homo sapiens OX=9606 GN=LRP3 PE=1 SV=2	770
P98082	sp|P98082|DAB2_HUMAN Disabled homolog 2 OS=Homo sapiens OX=9606 GN=DAB2 PE=1 SV=3	770
Q9HCN3	sp|Q9HCN3|PGAP6_HUMAN Post-GPI attachment to proteins factor 6 OS=Homo sapiens OX=9606 GN=PGAP6 PE=1 SV=3	771
Q8TBB6	sp|Q8TBB6|S7A14_HUMAN Solute carrier family 7 member 14 OS=Homo sapiens OX=9606 GN=SLC7A14 PE=1 SV=3	771
Q14494	sp|Q14494|NF2L1_HUMAN Endoplasmic reticulum membrane sensor NFE2L1 OS=Homo sapiens OX=9606 GN=NFE2L1 PE=1 SV=1	772
O75676	sp|O75676|KS6A4_HUMAN Ribosomal protein S6 kinase alpha-4 OS=Homo sapiens OX=9606 GN=RPS6KA4 PE=1 SV=1	772
Q92523	sp|Q92523|CPT1B_HUMAN Carnitine O-palmitoyltransferase 1, muscle isoform OS=Homo sapiens OX=9606 GN=CPT1B PE=1 SV=2	772
Q86UE8	sp|Q86UE8|TLK2_HUMAN Serine/threonine-protein kinase tousled-like 2 OS=Homo sapiens OX=9606 GN=TLK2 PE=1 SV=2	772
Q96TA2	sp|Q96TA2|YMEL1_HUMAN ATP-dependent zinc metalloprotease YME1L1 OS=Homo sapiens OX=9606 GN=YME1L1 PE=1 SV=2	773
P50416	sp|P50416|CPT1A_HUMAN Carnitine O-palmitoyltransferase 1, liver isoform OS=Homo sapiens OX=9606 GN=CPT1A PE=1 SV=2	773
P47897	sp|P47897|SYQ_HUMAN Glutamine--tRNA ligase OS=Homo sapiens OX=9606 GN=QARS1 PE=1 SV=1	775
Q8IZ52	sp|Q8IZ52|CHSS2_HUMAN Chondroitin sulfate synthase 2 OS=Homo sapiens OX=9606 GN=CHPF PE=1 SV=2	775
Q9UKQ2	sp|Q9UKQ2|ADA28_HUMAN Disintegrin and metalloproteinase domain-containing protein 28 OS=Homo sapiens OX=9606 GN=ADAM28 PE=1 SV=3	775
Q16799	sp|Q16799|RTN1_HUMAN Reticulon-1 OS=Homo sapiens OX=9606 GN=RTN1 PE=1 SV=1	776
Q13616	sp|Q13616|CUL1_HUMAN Cullin-1 OS=Homo sapiens OX=9606 GN=CUL1 PE=1 SV=2	776
O14964	sp|O14964|HGS_HUMAN Hepatocyte growth factor-regulated tyrosine kinase substrate OS=Homo sapiens OX=9606 GN=HGS PE=1 SV=1	777
P04150	sp|P04150|GCR_HUMAN Glucocorticoid receptor OS=Homo sapiens OX=9606 GN=NR3C1 PE=1 SV=1	777
Q96II8	sp|Q96II8|LRCH3_HUMAN DISP complex protein LRCH3 OS=Homo sapiens OX=9606 GN=LRCH3 PE=1 SV=2	777
O15211	sp|O15211|RGL2_HUMAN Ral guanine nucleotide dissociation stimulator-like 2 OS=Homo sapiens OX=9606 GN=RGL2 PE=1 SV=1	777
Q8TDC3	sp|Q8TDC3|BRSK1_HUMAN Serine/threonine-protein kinase BRSK1 OS=Homo sapiens OX=9606 GN=BRSK1 PE=1 SV=2	778
Q8IZU9	sp|Q8IZU9|KIRR3_HUMAN Kin of IRRE-like protein 3 OS=Homo sapiens OX=9606 GN=KIRREL3 PE=1 SV=1	778
Q15057	sp|Q15057|ACAP2_HUMAN Arf-GAP with coiled-coil, ANK repeat and PH domain-containing protein 2 OS=Homo sapiens OX=9606 GN=ACAP2 PE=1 SV=3	778
Q8IX18	sp|Q8IX18|DHX40_HUMAN Probable ATP-dependent RNA helicase DHX40 OS=Homo sapiens OX=9606 GN=DHX40 PE=1 SV=2	779
P17858	sp|P17858|PFKAL_HUMAN ATP-dependent 6-phosphofructokinase, liver type OS=Homo sapiens OX=9606 GN=PFKL PE=1 SV=6	780
Q99798	sp|Q99798|ACON_HUMAN Aconitate hydratase, mitochondrial OS=Homo sapiens OX=9606 GN=ACO2 PE=1 SV=2	780
Q05209	sp|Q05209|PTN12_HUMAN Tyrosine-protein phosphatase non-receptor type 12 OS=Homo sapiens OX=9606 GN=PTPN12 PE=1 SV=3	780
P08237	sp|P08237|PFKAM_HUMAN ATP-dependent 6-phosphofructokinase, muscle type OS=Homo sapiens OX=9606 GN=PFKM PE=1 SV=2	780
P35222	sp|P35222|CTNB1_HUMAN Catenin beta-1 OS=Homo sapiens OX=9606 GN=CTNNB1 PE=1 SV=1	781
P0C869	sp|P0C869|PA24B_HUMAN Cytosolic phospholipase A2 beta OS=Homo sapiens OX=9606 GN=PLA2G4B PE=1 SV=2	781
P06396	sp|P06396|GELS_HUMAN Gelsolin OS=Homo sapiens OX=9606 GN=GSN PE=1 SV=1	782
Q9NP80	sp|Q9NP80|PLPL8_HUMAN Calcium-independent phospholipase A2-gamma OS=Homo sapiens OX=9606 GN=PNPLA8 PE=1 SV=1	782
P19447	sp|P19447|ERCC3_HUMAN General transcription and DNA repair factor IIH helicase/translocase subunit XPB OS=Homo sapiens OX=9606 GN=ERCC3 PE=1 SV=1	782
Q9P2I0	sp|Q9P2I0|CPSF2_HUMAN Cleavage and polyadenylation specificity factor subunit 2 OS=Homo sapiens OX=9606 GN=CPSF2 PE=1 SV=2	782
Q9UQ88	sp|Q9UQ88|CD11A_HUMAN Cyclin-dependent kinase 11A OS=Homo sapiens OX=9606 GN=CDK11A PE=1 SV=4	783
Q9NR30	sp|Q9NR30|DDX21_HUMAN Nucleolar RNA helicase 2 OS=Homo sapiens OX=9606 GN=DDX21 PE=1 SV=5	783
Q8TCS8	sp|Q8TCS8|PNPT1_HUMAN Polyribonucleotide nucleotidyltransferase 1, mitochondrial OS=Homo sapiens OX=9606 GN=PNPT1 PE=1 SV=2	783
Q01813	sp|Q01813|PFKAP_HUMAN ATP-dependent 6-phosphofructokinase, platelet type OS=Homo sapiens OX=9606 GN=PFKP PE=1 SV=2	784
Q66K89	sp|Q66K89|E4F1_HUMAN Transcription factor E4F1 OS=Homo sapiens OX=9606 GN=E4F1 PE=1 SV=2	784
O60603	sp|O60603|TLR2_HUMAN Toll-like receptor 2 OS=Homo sapiens OX=9606 GN=TLR2 PE=1 SV=1	784
P33151	sp|P33151|CADH5_HUMAN Cadherin-5 OS=Homo sapiens OX=9606 GN=CDH5 PE=1 SV=5	784
O94901	sp|O94901|SUN1_HUMAN SUN domain-containing protein 1 OS=Homo sapiens OX=9606 GN=SUN1 PE=1 SV=4	785
Q16666	sp|Q16666|IF16_HUMAN Gamma-interferon-inducible protein 16 OS=Homo sapiens OX=9606 GN=IFI16 PE=1 SV=3	785
O94782	sp|O94782|UBP1_HUMAN Ubiquitin carboxyl-terminal hydrolase 1 OS=Homo sapiens OX=9606 GN=USP1 PE=1 SV=1	785
Q16549	sp|Q16549|PCSK7_HUMAN Proprotein convertase subtilisin/kexin type 7 OS=Homo sapiens OX=9606 GN=PCSK7 PE=1 SV=2	785
Q8N3S3	sp|Q8N3S3|PHTF2_HUMAN Protein PHTF2 OS=Homo sapiens OX=9606 GN=PHTF2 PE=1 SV=2	785
P15502	sp|P15502|ELN_HUMAN Elastin OS=Homo sapiens OX=9606 GN=ELN PE=1 SV=4	786
Q8IYB8	sp|Q8IYB8|SUV3_HUMAN ATP-dependent RNA helicase SUPV3L1, mitochondrial OS=Homo sapiens OX=9606 GN=SUPV3L1 PE=1 SV=1	786
P49321	sp|P49321|NASP_HUMAN Nuclear autoantigenic sperm protein OS=Homo sapiens OX=9606 GN=NASP PE=1 SV=2	788
Q7KZI7	sp|Q7KZI7|MARK2_HUMAN Serine/threonine-protein kinase MARK2 OS=Homo sapiens OX=9606 GN=MARK2 PE=1 SV=2	788
Q86VP1	sp|Q86VP1|TAXB1_HUMAN Tax1-binding protein 1 OS=Homo sapiens OX=9606 GN=TAX1BP1 PE=1 SV=2	789
Q8N3E9	sp|Q8N3E9|PLCD3_HUMAN 1-phosphatidylinositol 4,5-bisphosphate phosphodiesterase delta-3 OS=Homo sapiens OX=9606 GN=PLCD3 PE=1 SV=3	789
Q9NQC1	sp|Q9NQC1|JADE2_HUMAN E3 ubiquitin-protein ligase Jade-2 OS=Homo sapiens OX=9606 GN=JADE2 PE=1 SV=2	790
Q09161	sp|Q09161|NCBP1_HUMAN Nuclear cap-binding protein subunit 1 OS=Homo sapiens OX=9606 GN=NCBP1 PE=1 SV=1	790
P21580	sp|P21580|TNAP3_HUMAN Tumor necrosis factor alpha-induced protein 3 OS=Homo sapiens OX=9606 GN=TNFAIP3 PE=1 SV=1	790
Q6ZSS7	sp|Q6ZSS7|MFSD6_HUMAN Major facilitator superfamily domain-containing protein 6 OS=Homo sapiens OX=9606 GN=MFSD6 PE=1 SV=2	791
O95479	sp|O95479|G6PE_HUMAN GDH/6PGL endoplasmic bifunctional protein OS=Homo sapiens OX=9606 GN=H6PD PE=1 SV=2	791
Q92845	sp|Q92845|KIFA3_HUMAN Kinesin-associated protein 3 OS=Homo sapiens OX=9606 GN=KIFAP3 PE=1 SV=2	792
P23921	sp|P23921|RIR1_HUMAN Ribonucleoside-diphosphate reductase large subunit OS=Homo sapiens OX=9606 GN=RRM1 PE=1 SV=1	792
Q5XG87	sp|Q5XG87|PAPD7_HUMAN Terminal nucleotidyltransferase 4A OS=Homo sapiens OX=9606 GN=TENT4A PE=1 SV=4	792
Q05682	sp|Q05682|CALD1_HUMAN Caldesmon OS=Homo sapiens OX=9606 GN=CALD1 PE=1 SV=3	793
Q15459	sp|Q15459|SF3A1_HUMAN Splicing factor 3A subunit 1 OS=Homo sapiens OX=9606 GN=SF3A1 PE=1 SV=1	793
O14782	sp|O14782|KIF3C_HUMAN Kinesin-like protein KIF3C OS=Homo sapiens OX=9606 GN=KIF3C PE=1 SV=4	793
P48995	sp|P48995|TRPC1_HUMAN Short transient receptor potential channel 1 OS=Homo sapiens OX=9606 GN=TRPC1 PE=1 SV=1	793
Q96CN4	sp|Q96CN4|EVI5L_HUMAN EVI5-like protein OS=Homo sapiens OX=9606 GN=EVI5L PE=1 SV=1	794
Q9UBV2	sp|Q9UBV2|SE1L1_HUMAN Protein sel-1 homolog 1 OS=Homo sapiens OX=9606 GN=SEL1L PE=1 SV=3	794
P09958	sp|P09958|FURIN_HUMAN Furin OS=Homo sapiens OX=9606 GN=FURIN PE=1 SV=2	794
P42229	sp|P42229|STA5A_HUMAN Signal transducer and activator of transcription 5A OS=Homo sapiens OX=9606 GN=STAT5A PE=1 SV=1	794
P21127	sp|P21127|CD11B_HUMAN Cyclin-dependent kinase 11B OS=Homo sapiens OX=9606 GN=CDK11B PE=1 SV=4	795
O43143	sp|O43143|DHX15_HUMAN ATP-dependent RNA helicase DHX15 OS=Homo sapiens OX=9606 GN=DHX15 PE=1 SV=2	795
Q92609	sp|Q92609|TBCD5_HUMAN TBC1 domain family member 5 OS=Homo sapiens OX=9606 GN=TBC1D5 PE=1 SV=1	795
Q9UQ90	sp|Q9UQ90|SPG7_HUMAN Mitochondrial inner membrane m-AAA protease component paraplegin OS=Homo sapiens OX=9606 GN=SPG7 PE=1 SV=2	795
P54886	sp|P54886|P5CS_HUMAN Delta-1-pyrroline-5-carboxylate synthase OS=Homo sapiens OX=9606 GN=ALDH18A1 PE=1 SV=2	795
Q9Y263	sp|Q9Y263|PLAP_HUMAN Phospholipase A-2-activating protein OS=Homo sapiens OX=9606 GN=PLAA PE=1 SV=2	795
Q9Y5E5	sp|Q9Y5E5|PCDB4_HUMAN Protocadherin beta-4 OS=Homo sapiens OX=9606 GN=PCDHB4 PE=1 SV=1	795
P55287	sp|P55287|CAD11_HUMAN Cadherin-11 OS=Homo sapiens OX=9606 GN=CDH11 PE=1 SV=2	796
Q9H1B7	sp|Q9H1B7|I2BPL_HUMAN Probable E3 ubiquitin-protein ligase IRF2BPL OS=Homo sapiens OX=9606 GN=IRF2BPL PE=1 SV=1	796
Q8N608	sp|Q8N608|DPP10_HUMAN Inactive dipeptidyl peptidase 10 OS=Homo sapiens OX=9606 GN=DPP10 PE=1 SV=2	796
Q96PB1	sp|Q96PB1|CASD1_HUMAN N-acetylneuraminate (7)9-O-acetyltransferase OS=Homo sapiens OX=9606 GN=CASD1 PE=1 SV=1	797
Q13033	sp|Q13033|STRN3_HUMAN Striatin-3 OS=Homo sapiens OX=9606 GN=STRN3 PE=1 SV=3	797
Q9Y4W6	sp|Q9Y4W6|AFG32_HUMAN Mitochondrial inner membrane m-AAA protease component AFG3L2 OS=Homo sapiens OX=9606 GN=AFG3L2 PE=1 SV=2	797
O75534	sp|O75534|CSDE1_HUMAN Cold shock domain-containing protein E1 OS=Homo sapiens OX=9606 GN=CSDE1 PE=1 SV=2	798
P05556	sp|P05556|ITB1_HUMAN Integrin beta-1 OS=Homo sapiens OX=9606 GN=ITGB1 PE=1 SV=2	798
Q14694	sp|Q14694|UBP10_HUMAN Ubiquitin carboxyl-terminal hydrolase 10 OS=Homo sapiens OX=9606 GN=USP10 PE=1 SV=2	798
P18084	sp|P18084|ITB5_HUMAN Integrin beta-5 OS=Homo sapiens OX=9606 GN=ITGB5 PE=1 SV=1	799
Q6ZSY5	sp|Q6ZSY5|PPR3F_HUMAN Protein phosphatase 1 regulatory subunit 3F OS=Homo sapiens OX=9606 GN=PPP1R3F PE=1 SV=3	799
Q86WZ6	sp|Q86WZ6|ZN227_HUMAN Zinc finger protein 227 OS=Homo sapiens OX=9606 GN=ZNF227 PE=1 SV=1	799
P55286	sp|P55286|CADH8_HUMAN Cadherin-8 OS=Homo sapiens OX=9606 GN=CDH8 PE=1 SV=2	799
Q96PV6	sp|Q96PV6|LENG8_HUMAN Leukocyte receptor cluster member 8 OS=Homo sapiens OX=9606 GN=LENG8 PE=1 SV=3	800
O43290	sp|O43290|SNUT1_HUMAN U4/U6.U5 tri-snRNP-associated protein 1 OS=Homo sapiens OX=9606 GN=SART1 PE=1 SV=1	800
Q9NYL2	sp|Q9NYL2|M3K20_HUMAN Mitogen-activated protein kinase kinase kinase 20 OS=Homo sapiens OX=9606 GN=MAP3K20 PE=1 SV=3	800
Q9HBT6	sp|Q9HBT6|CAD20_HUMAN Cadherin-20 OS=Homo sapiens OX=9606 GN=CDH20 PE=1 SV=2	801
P18433	sp|P18433|PTPRA_HUMAN Receptor-type tyrosine-protein phosphatase alpha OS=Homo sapiens OX=9606 GN=PTPRA PE=1 SV=3	802
A2RTX5	sp|A2RTX5|SYTC2_HUMAN Threonine--tRNA ligase 2, cytoplasmic OS=Homo sapiens OX=9606 GN=TARS3 PE=1 SV=1	802
P51172	sp|P51172|SCNND_HUMAN Epithelial sodium channel subunit delta OS=Homo sapiens OX=9606 GN=SCNN1D PE=1 SV=3	802
Q99459	sp|Q99459|CDC5L_HUMAN Cell division cycle 5-like protein OS=Homo sapiens OX=9606 GN=CDC5L PE=1 SV=2	802
Q86X52	sp|Q86X52|CHSS1_HUMAN Chondroitin sulfate synthase 1 OS=Homo sapiens OX=9606 GN=CHSY1 PE=1 SV=3	802
Q96PU4	sp|Q96PU4|UHRF2_HUMAN E3 ubiquitin-protein ligase UHRF2 OS=Homo sapiens OX=9606 GN=UHRF2 PE=1 SV=1	802
Q8IZ83	sp|Q8IZ83|A16A1_HUMAN Aldehyde dehydrogenase family 16 member A1 OS=Homo sapiens OX=9606 GN=ALDH16A1 PE=1 SV=2	802
P14625	sp|P14625|ENPL_HUMAN Endoplasmin OS=Homo sapiens OX=9606 GN=HSP90B1 PE=1 SV=1	803
Q8TCG5	sp|Q8TCG5|CPT1C_HUMAN Palmitoyl thioesterase CPT1C OS=Homo sapiens OX=9606 GN=CPT1C PE=1 SV=1	803
Q6P9F7	sp|Q6P9F7|LRC8B_HUMAN Volume-regulated anion channel subunit LRRC8B OS=Homo sapiens OX=9606 GN=LRRC8B PE=1 SV=2	803
O43374	sp|O43374|RASL2_HUMAN Ras GTPase-activating protein 4 OS=Homo sapiens OX=9606 GN=RASA4 PE=1 SV=2	803
Q7Z403	sp|Q7Z403|TMC6_HUMAN Transmembrane channel-like protein 6 OS=Homo sapiens OX=9606 GN=TMC6 PE=1 SV=2	805
P51798	sp|P51798|CLCN7_HUMAN H(+)/Cl(-) exchange transporter 7 OS=Homo sapiens OX=9606 GN=CLCN7 PE=1 SV=2	805
P55072	sp|P55072|TERA_HUMAN Transitional endoplasmic reticulum ATPase OS=Homo sapiens OX=9606 GN=VCP PE=1 SV=4	806
P22607	sp|P22607|FGFR3_HUMAN Fibroblast growth factor receptor 3 OS=Homo sapiens OX=9606 GN=FGFR3 PE=1 SV=1	806
O60733	sp|O60733|PLPL9_HUMAN 85/88 kDa calcium-independent phospholipase A2 OS=Homo sapiens OX=9606 GN=PLA2G6 PE=1 SV=2	806
O94886	sp|O94886|TM63A_HUMAN Mechanosensitive cation channel TMEM63A OS=Homo sapiens OX=9606 GN=TMEM63A PE=1 SV=3	807
Q96KG9	sp|Q96KG9|SCYL1_HUMAN N-terminal kinase-like protein OS=Homo sapiens OX=9606 GN=SCYL1 PE=1 SV=1	808
P25205	sp|P25205|MCM3_HUMAN DNA replication licensing factor MCM3 OS=Homo sapiens OX=9606 GN=MCM3 PE=1 SV=3	808
Q32MZ4	sp|Q32MZ4|LRRF1_HUMAN Leucine-rich repeat flightless-interacting protein 1 OS=Homo sapiens OX=9606 GN=LRRFIP1 PE=1 SV=2	808
Q8IWT6	sp|Q8IWT6|LRC8A_HUMAN Volume-regulated anion channel subunit LRRC8A OS=Homo sapiens OX=9606 GN=LRRC8A PE=1 SV=1	810
Q96AA8	sp|Q96AA8|JKIP2_HUMAN Janus kinase and microtubule-interacting protein 2 OS=Homo sapiens OX=9606 GN=JAKMIP2 PE=1 SV=1	810
Q06730	sp|Q06730|ZN33A_HUMAN Zinc finger protein 33A OS=Homo sapiens OX=9606 GN=ZNF33A PE=1 SV=3	810
Q7L0X0	sp|Q7L0X0|TRIL_HUMAN TLR4 interactor with leucine rich repeats OS=Homo sapiens OX=9606 GN=TRIL PE=1 SV=2	811
P0DPD6	sp|P0DPD6|ECE2_HUMAN Endothelin-converting enzyme 2 OS=Homo sapiens OX=9606 GN=ECE2 PE=1 SV=1	811
P46087	sp|P46087|NOP2_HUMAN 28S rRNA (cytosine(4447)-C(5))-methyltransferase OS=Homo sapiens OX=9606 GN=NOP2 PE=1 SV=2	812
P55884	sp|P55884|EIF3B_HUMAN Eukaryotic translation initiation factor 3 subunit B OS=Homo sapiens OX=9606 GN=EIF3B PE=1 SV=3	814
Q9UNA1	sp|Q9UNA1|RHG26_HUMAN Rho GTPase-activating protein 26 OS=Homo sapiens OX=9606 GN=ARHGAP26 PE=1 SV=1	814
Q9UBF8	sp|Q9UBF8|PI4KB_HUMAN Phosphatidylinositol 4-kinase beta OS=Homo sapiens OX=9606 GN=PI4KB PE=1 SV=1	816
Q9ULQ1	sp|Q9ULQ1|TPC1_HUMAN Two pore channel protein 1 OS=Homo sapiens OX=9606 GN=TPCN1 PE=1 SV=3	816
P51790	sp|P51790|CLCN3_HUMAN H(+)/Cl(-) exchange transporter 3 OS=Homo sapiens OX=9606 GN=CLCN3 PE=1 SV=2	818
Q8N1F7	sp|Q8N1F7|NUP93_HUMAN Nuclear pore complex protein Nup93 OS=Homo sapiens OX=9606 GN=NUP93 PE=1 SV=2	819
Q13443	sp|Q13443|ADAM9_HUMAN Disintegrin and metalloproteinase domain-containing protein 9 OS=Homo sapiens OX=9606 GN=ADAM9 PE=1 SV=1	819
Q8N6M6	sp|Q8N6M6|AMPO_HUMAN Aminopeptidase O OS=Homo sapiens OX=9606 GN=AOPEP PE=1 SV=2	819
Q9BUQ8	sp|Q9BUQ8|DDX23_HUMAN Probable ATP-dependent RNA helicase DDX23 OS=Homo sapiens OX=9606 GN=DDX23 PE=1 SV=3	820
P21802	sp|P21802|FGFR2_HUMAN Fibroblast growth factor receptor 2 OS=Homo sapiens OX=9606 GN=FGFR2 PE=1 SV=1	821
P20807	sp|P20807|CAN3_HUMAN Calpain-3 OS=Homo sapiens OX=9606 GN=CAPN3 PE=1 SV=2	821
Q96GE4	sp|Q96GE4|CEP95_HUMAN Centrosomal protein of 95 kDa OS=Homo sapiens OX=9606 GN=CEP95 PE=1 SV=1	821
P11362	sp|P11362|FGFR1_HUMAN Fibroblast growth factor receptor 1 OS=Homo sapiens OX=9606 GN=FGFR1 PE=1 SV=3	822
O43747	sp|O43747|AP1G1_HUMAN AP-1 complex subunit gamma-1 OS=Homo sapiens OX=9606 GN=AP1G1 PE=1 SV=5	822
Q12929	sp|Q12929|EPS8_HUMAN Epidermal growth factor receptor kinase substrate 8 OS=Homo sapiens OX=9606 GN=EPS8 PE=1 SV=1	822
Q16620	sp|Q16620|NTRK2_HUMAN BDNF/NT-3 growth factors receptor OS=Homo sapiens OX=9606 GN=NTRK2 PE=1 SV=1	822
P07332	sp|P07332|FES_HUMAN Tyrosine-protein kinase Fes/Fps OS=Homo sapiens OX=9606 GN=FES PE=1 SV=3	822
Q9Y5T5	sp|Q9Y5T5|UBP16_HUMAN Ubiquitin carboxyl-terminal hydrolase 16 OS=Homo sapiens OX=9606 GN=USP16 PE=1 SV=1	823
Q13099	sp|Q13099|IFT88_HUMAN Intraflagellar transport protein 88 homolog OS=Homo sapiens OX=9606 GN=IFT88 PE=1 SV=3	824
P30260	sp|P30260|CDC27_HUMAN Cell division cycle protein 27 homolog OS=Homo sapiens OX=9606 GN=CDC27 PE=1 SV=2	824
Q00839	sp|Q00839|HNRPU_HUMAN Heterogeneous nuclear ribonucleoprotein U OS=Homo sapiens OX=9606 GN=HNRNPU PE=1 SV=6	825
P24394	sp|P24394|IL4RA_HUMAN Interleukin-4 receptor subunit alpha OS=Homo sapiens OX=9606 GN=IL4R PE=1 SV=1	825
Q01433	sp|Q01433|AMPD2_HUMAN AMP deaminase 2 OS=Homo sapiens OX=9606 GN=AMPD2 PE=1 SV=3	825
Q16665	sp|Q16665|HIF1A_HUMAN Hypoxia-inducible factor 1-alpha OS=Homo sapiens OX=9606 GN=HIF1A PE=1 SV=1	826
Q8TCJ2	sp|Q8TCJ2|STT3B_HUMAN Dolichyl-diphosphooligosaccharide--protein glycosyltransferase subunit STT3B OS=Homo sapiens OX=9606 GN=STT3B PE=1 SV=1	826
Q9BQ52	sp|Q9BQ52|RNZ2_HUMAN Zinc phosphodiesterase ELAC protein 2 OS=Homo sapiens OX=9606 GN=ELAC2 PE=1 SV=2	826
Q6P995	sp|Q6P995|F171B_HUMAN Protein FAM171B OS=Homo sapiens OX=9606 GN=FAM171B PE=1 SV=3	826
A5YM72	sp|A5YM72|CRNS1_HUMAN Carnosine synthase 1 OS=Homo sapiens OX=9606 GN=CARNS1 PE=1 SV=3	827
Q14BN4	sp|Q14BN4|SLMAP_HUMAN Sarcolemmal membrane-associated protein OS=Homo sapiens OX=9606 GN=SLMAP PE=1 SV=1	828
O60658	sp|O60658|PDE8A_HUMAN High affinity cAMP-specific and IBMX-insensitive 3',5'-cyclic phosphodiesterase 8A OS=Homo sapiens OX=9606 GN=PDE8A PE=1 SV=2	829
Q13488	sp|Q13488|VPP3_HUMAN V-type proton ATPase 116 kDa subunit a 3 OS=Homo sapiens OX=9606 GN=TCIRG1 PE=1 SV=3	830
Q99523	sp|Q99523|SORT_HUMAN Sortilin OS=Homo sapiens OX=9606 GN=SORT1 PE=1 SV=3	831
Q8NBJ9	sp|Q8NBJ9|SIDT2_HUMAN SID1 transmembrane family member 2 OS=Homo sapiens OX=9606 GN=SIDT2 PE=1 SV=2	832
Q92831	sp|Q92831|KAT2B_HUMAN Histone acetyltransferase KAT2B OS=Homo sapiens OX=9606 GN=KAT2B PE=1 SV=3	832
Q5T3F8	sp|Q5T3F8|TM63B_HUMAN Mechanosensitive cation channel TMEM63B OS=Homo sapiens OX=9606 GN=TMEM63B PE=1 SV=1	832
Q9C0C4	sp|Q9C0C4|SEM4C_HUMAN Semaphorin-4C OS=Homo sapiens OX=9606 GN=SEMA4C PE=1 SV=2	833
Q14644	sp|Q14644|RASA3_HUMAN Ras GTPase-activating protein 3 OS=Homo sapiens OX=9606 GN=RASA3 PE=1 SV=3	834
Q14511	sp|Q14511|CASL_HUMAN Enhancer of filamentation 1 OS=Homo sapiens OX=9606 GN=NEDD9 PE=1 SV=1	834
Q13263	sp|Q13263|TIF1B_HUMAN Transcription intermediary factor 1-beta OS=Homo sapiens OX=9606 GN=TRIM28 PE=1 SV=5	835
Q8NFZ4	sp|Q8NFZ4|NLGN2_HUMAN Neuroligin-2 OS=Homo sapiens OX=9606 GN=NLGN2 PE=1 SV=1	835
Q8N1G2	sp|Q8N1G2|CMTR1_HUMAN Cap-specific mRNA (nucleoside-2'-O-)-methyltransferase 1 OS=Homo sapiens OX=9606 GN=CMTR1 PE=1 SV=1	835
P48960	sp|P48960|AGRE5_HUMAN Adhesion G protein-coupled receptor E5 OS=Homo sapiens OX=9606 GN=ADGRE5 PE=1 SV=4	835
Q86V20	sp|Q86V20|SHLD2_HUMAN Shieldin complex subunit 2 OS=Homo sapiens OX=9606 GN=SHLD2 PE=1 SV=1	835
Q99062	sp|Q99062|CSF3R_HUMAN Granulocyte colony-stimulating factor receptor OS=Homo sapiens OX=9606 GN=CSF3R PE=1 SV=1	836
Q8N394	sp|Q8N394|TMTC2_HUMAN Protein O-mannosyl-transferase TMTC2 OS=Homo sapiens OX=9606 GN=TMTC2 PE=1 SV=1	836
Q93050	sp|Q93050|VPP1_HUMAN V-type proton ATPase 116 kDa subunit a 1 OS=Homo sapiens OX=9606 GN=ATP6V0A1 PE=1 SV=3	837
O75173	sp|O75173|ATS4_HUMAN A disintegrin and metalloproteinase with thrombospondin motifs 4 OS=Homo sapiens OX=9606 GN=ADAMTS4 PE=1 SV=3	837
Q9Y6X8	sp|Q9Y6X8|ZHX2_HUMAN Zinc fingers and homeoboxes protein 2 OS=Homo sapiens OX=9606 GN=ZHX2 PE=1 SV=1	837
Q9NPR2	sp|Q9NPR2|SEM4B_HUMAN Semaphorin-4B OS=Homo sapiens OX=9606 GN=SEMA4B PE=1 SV=4	837
Q9Y4R8	sp|Q9Y4R8|TELO2_HUMAN Telomere length regulation protein TEL2 homolog OS=Homo sapiens OX=9606 GN=TELO2 PE=1 SV=2	837
O15394	sp|O15394|NCAM2_HUMAN Neural cell adhesion molecule 2 OS=Homo sapiens OX=9606 GN=NCAM2 PE=1 SV=2	837
Q02410	sp|Q02410|APBA1_HUMAN Amyloid-beta A4 precursor protein-binding family A member 1 OS=Homo sapiens OX=9606 GN=APBA1 PE=1 SV=3	837
Q9UBB9	sp|Q9UBB9|TFP11_HUMAN Tuftelin-interacting protein 11 OS=Homo sapiens OX=9606 GN=TFIP11 PE=1 SV=1	837
Q13724	sp|Q13724|MOGS_HUMAN Mannosyl-oligosaccharide glucosidase OS=Homo sapiens OX=9606 GN=MOGS PE=1 SV=5	837
Q92830	sp|Q92830|KAT2A_HUMAN Histone acetyltransferase KAT2A OS=Homo sapiens OX=9606 GN=KAT2A PE=1 SV=3	837
Q9NV58	sp|Q9NV58|RN19A_HUMAN E3 ubiquitin-protein ligase RNF19A OS=Homo sapiens OX=9606 GN=RNF19A PE=1 SV=3	838
Q7Z3C6	sp|Q7Z3C6|ATG9A_HUMAN Autophagy-related protein 9A OS=Homo sapiens OX=9606 GN=ATG9A PE=1 SV=3	839
Q16288	sp|Q16288|NTRK3_HUMAN NT-3 growth factor receptor OS=Homo sapiens OX=9606 GN=NTRK3 PE=1 SV=2	839
Q8NER1	sp|Q8NER1|TRPV1_HUMAN Transient receptor potential cation channel subfamily V member 1 OS=Homo sapiens OX=9606 GN=TRPV1 PE=1 SV=2	839
P34932	sp|P34932|HSP74_HUMAN Heat shock 70 kDa protein 4 OS=Homo sapiens OX=9606 GN=HSPA4 PE=1 SV=4	840
Q5FWF5	sp|Q5FWF5|ESCO1_HUMAN N-acetyltransferase ESCO1 OS=Homo sapiens OX=9606 GN=ESCO1 PE=1 SV=3	840
P51957	sp|P51957|NEK4_HUMAN Serine/threonine-protein kinase Nek4 OS=Homo sapiens OX=9606 GN=NEK4 PE=1 SV=2	841
P11217	sp|P11217|PYGM_HUMAN Glycogen phosphorylase, muscle form OS=Homo sapiens OX=9606 GN=PYGM PE=1 SV=6	842
P11216	sp|P11216|PYGB_HUMAN Glycogen phosphorylase, brain form OS=Homo sapiens OX=9606 GN=PYGB PE=1 SV=5	843
P49756	sp|P49756|RBM25_HUMAN RNA-binding protein 25 OS=Homo sapiens OX=9606 GN=RBM25 PE=1 SV=3	843
Q6GQQ9	sp|Q6GQQ9|OTU7B_HUMAN OTU domain-containing protein 7B OS=Homo sapiens OX=9606 GN=OTUD7B PE=1 SV=1	843
Q5VZ66	sp|Q5VZ66|JKIP3_HUMAN Janus kinase and microtubule-interacting protein 3 OS=Homo sapiens OX=9606 GN=JAKMIP3 PE=1 SV=2	844
Q8NE71	sp|Q8NE71|ABCF1_HUMAN ATP-binding cassette sub-family F member 1 OS=Homo sapiens OX=9606 GN=ABCF1 PE=1 SV=2	845
Q9H156	sp|Q9H156|SLIK2_HUMAN SLIT and NTRK-like protein 2 OS=Homo sapiens OX=9606 GN=SLITRK2 PE=1 SV=1	845
P43243	sp|P43243|MATR3_HUMAN Matrin-3 OS=Homo sapiens OX=9606 GN=MATR3 PE=1 SV=2	847
P20273	sp|P20273|CD22_HUMAN B-cell receptor CD22 OS=Homo sapiens OX=9606 GN=CD22 PE=1 SV=2	847
Q16584	sp|Q16584|M3K11_HUMAN Mitogen-activated protein kinase kinase kinase 11 OS=Homo sapiens OX=9606 GN=MAP3K11 PE=1 SV=1	847
P06737	sp|P06737|PYGL_HUMAN Glycogen phosphorylase, liver form OS=Homo sapiens OX=9606 GN=PYGL PE=1 SV=4	847
Q86WA8	sp|Q86WA8|LONP2_HUMAN Lon protease homolog 2, peroxisomal OS=Homo sapiens OX=9606 GN=LONP2 PE=1 SV=1	852
Q9NP71	sp|Q9NP71|MLXPL_HUMAN Carbohydrate-responsive element-binding protein OS=Homo sapiens OX=9606 GN=MLXIPL PE=1 SV=1	852
P49754	sp|P49754|VPS41_HUMAN Vacuolar protein sorting-associated protein 41 homolog OS=Homo sapiens OX=9606 GN=VPS41 PE=1 SV=3	854
P35913	sp|P35913|PDE6B_HUMAN Rod cGMP-specific 3',5'-cyclic phosphodiesterase subunit beta OS=Homo sapiens OX=9606 GN=PDE6B PE=1 SV=2	854
Q8IXQ6	sp|Q8IXQ6|PARP9_HUMAN Protein mono-ADP-ribosyltransferase PARP9 OS=Homo sapiens OX=9606 GN=PARP9 PE=1 SV=2	854
Q9HCS7	sp|Q9HCS7|SYF1_HUMAN Pre-mRNA-splicing factor SYF1 OS=Homo sapiens OX=9606 GN=XAB2 PE=1 SV=2	855
Q16832	sp|Q16832|DDR2_HUMAN Discoidin domain-containing receptor 2 OS=Homo sapiens OX=9606 GN=DDR2 PE=1 SV=2	855
Q96CC6	sp|Q96CC6|RHDF1_HUMAN Inactive rhomboid protein 1 OS=Homo sapiens OX=9606 GN=RHBDF1 PE=1 SV=2	855
Q86Y56	sp|Q86Y56|DAAF5_HUMAN Dynein axonemal assembly factor 5 OS=Homo sapiens OX=9606 GN=DNAAF5 PE=1 SV=4	855
Q9BUJ2	sp|Q9BUJ2|HNRL1_HUMAN Heterogeneous nuclear ribonucleoprotein U-like protein 1 OS=Homo sapiens OX=9606 GN=HNRNPUL1 PE=1 SV=2	856
Q6PJF5	sp|Q6PJF5|RHDF2_HUMAN Inactive rhomboid protein 2 OS=Homo sapiens OX=9606 GN=RHBDF2 PE=1 SV=2	856
Q9ULE6	sp|Q9ULE6|PALD_HUMAN Paladin OS=Homo sapiens OX=9606 GN=PALD1 PE=1 SV=3	856
O15195	sp|O15195|VILL_HUMAN Villin-like protein OS=Homo sapiens OX=9606 GN=VILL PE=1 SV=3	856
P78316	sp|P78316|NOP14_HUMAN Nucleolar protein 14 OS=Homo sapiens OX=9606 GN=NOP14 PE=1 SV=3	857
P13639	sp|P13639|EF2_HUMAN Elongation factor 2 OS=Homo sapiens OX=9606 GN=EEF2 PE=1 SV=4	858
P13591	sp|P13591|NCAM1_HUMAN Neural cell adhesion molecule 1 OS=Homo sapiens OX=9606 GN=NCAM1 PE=1 SV=3	858
Q7L1W4	sp|Q7L1W4|LRC8D_HUMAN Volume-regulated anion channel subunit LRRC8D OS=Homo sapiens OX=9606 GN=LRRC8D PE=1 SV=1	858
P45974	sp|P45974|UBP5_HUMAN Ubiquitin carboxyl-terminal hydrolase 5 OS=Homo sapiens OX=9606 GN=USP5 PE=1 SV=2	858
Q9GZR7	sp|Q9GZR7|DDX24_HUMAN ATP-dependent RNA helicase DDX24 OS=Homo sapiens OX=9606 GN=DDX24 PE=1 SV=1	859
Q12852	sp|Q12852|M3K12_HUMAN Mitogen-activated protein kinase kinase kinase 12 OS=Homo sapiens OX=9606 GN=MAP3K12 PE=1 SV=2	859
Q9UKV8	sp|Q9UKV8|AGO2_HUMAN Protein argonaute-2 OS=Homo sapiens OX=9606 GN=AGO2 PE=1 SV=3	859
P01130	sp|P01130|LDLR_HUMAN Low-density lipoprotein receptor OS=Homo sapiens OX=9606 GN=LDLR PE=1 SV=1	860
Q9UP83	sp|Q9UP83|COG5_HUMAN Conserved oligomeric Golgi complex subunit 5 OS=Homo sapiens OX=9606 GN=COG5 PE=1 SV=4	860
Q8NBP0	sp|Q8NBP0|TTC13_HUMAN Tetratricopeptide repeat protein 13 OS=Homo sapiens OX=9606 GN=TTC13 PE=1 SV=3	860
Q5T447	sp|Q5T447|HECD3_HUMAN E3 ubiquitin-protein ligase HECTD3 OS=Homo sapiens OX=9606 GN=HECTD3 PE=1 SV=1	861
Q92854	sp|Q92854|SEM4D_HUMAN Semaphorin-4D OS=Homo sapiens OX=9606 GN=SEMA4D PE=1 SV=1	862
O15169	sp|O15169|AXIN1_HUMAN Axin-1 OS=Homo sapiens OX=9606 GN=AXIN1 PE=1 SV=2	862
O95985	sp|O95985|TOP3B_HUMAN DNA topoisomerase 3-beta-1 OS=Homo sapiens OX=9606 GN=TOP3B PE=1 SV=1	862
Q13822	sp|Q13822|ENPP2_HUMAN Autotaxin OS=Homo sapiens OX=9606 GN=ENPP2 PE=1 SV=3	863
Q13444	sp|Q13444|ADA15_HUMAN Disintegrin and metalloproteinase domain-containing protein 15 OS=Homo sapiens OX=9606 GN=ADAM15 PE=1 SV=4	863
Q8N3F8	sp|Q8N3F8|MILK1_HUMAN MICAL-like protein 1 OS=Homo sapiens OX=9606 GN=MICALL1 PE=1 SV=2	863
Q86TI2	sp|Q86TI2|DPP9_HUMAN Dipeptidyl peptidase 9 OS=Homo sapiens OX=9606 GN=DPP9 PE=1 SV=3	863
P33991	sp|P33991|MCM4_HUMAN DNA replication licensing factor MCM4 OS=Homo sapiens OX=9606 GN=MCM4 PE=1 SV=5	863
Q05193	sp|Q05193|DYN1_HUMAN Dynamin-1 OS=Homo sapiens OX=9606 GN=DNM1 PE=1 SV=2	864
Q9UBC2	sp|Q9UBC2|EP15R_HUMAN Epidermal growth factor receptor substrate 15-like 1 OS=Homo sapiens OX=9606 GN=EPS15L1 PE=1 SV=1	864
P42658	sp|P42658|DPP6_HUMAN A-type potassium channel modulatory protein DPP6 OS=Homo sapiens OX=9606 GN=DPP6 PE=1 SV=2	865
Q9NWF9	sp|Q9NWF9|RN216_HUMAN E3 ubiquitin-protein ligase RNF216 OS=Homo sapiens OX=9606 GN=RNF216 PE=1 SV=3	866
Q9NXE4	sp|Q9NXE4|NSMA3_HUMAN Sphingomyelin phosphodiesterase 4 OS=Homo sapiens OX=9606 GN=SMPD4 PE=1 SV=3	866
Q96F46	sp|Q96F46|I17RA_HUMAN Interleukin-17 receptor A OS=Homo sapiens OX=9606 GN=IL17RA PE=1 SV=2	866
Q8WUM4	sp|Q8WUM4|PDC6I_HUMAN Programmed cell death 6-interacting protein OS=Homo sapiens OX=9606 GN=PDCD6IP PE=1 SV=1	868
Q9UQ16	sp|Q9UQ16|DYN3_HUMAN Dynamin-3 OS=Homo sapiens OX=9606 GN=DNM3 PE=1 SV=4	869
P51797	sp|P51797|CLCN6_HUMAN H(+)/Cl(-) exchange transporter 6 OS=Homo sapiens OX=9606 GN=CLCN6 PE=1 SV=2	869
P50570	sp|P50570|DYN2_HUMAN Dynamin-2 OS=Homo sapiens OX=9606 GN=DNM2 PE=1 SV=2	870
Q99814	sp|Q99814|EPAS1_HUMAN Endothelial PAS domain-containing protein 1 OS=Homo sapiens OX=9606 GN=EPAS1 PE=1 SV=3	870
O00308	sp|O00308|WWP2_HUMAN NEDD4-like E3 ubiquitin-protein ligase WWP2 OS=Homo sapiens OX=9606 GN=WWP2 PE=1 SV=2	870
P56945	sp|P56945|BCAR1_HUMAN Breast cancer anti-estrogen resistance protein 1 OS=Homo sapiens OX=9606 GN=BCAR1 PE=1 SV=2	870
Q8IWU5	sp|Q8IWU5|SULF2_HUMAN Extracellular sulfatase Sulf-2 OS=Homo sapiens OX=9606 GN=SULF2 PE=1 SV=1	870
Q9UBF2	sp|Q9UBF2|COPG2_HUMAN Coatomer subunit gamma-2 OS=Homo sapiens OX=9606 GN=COPG2 PE=1 SV=1	871
O43526	sp|O43526|KCNQ2_HUMAN Potassium voltage-gated channel subfamily KQT member 2 OS=Homo sapiens OX=9606 GN=KCNQ2 PE=1 SV=2	872
Q9Y678	sp|Q9Y678|COPG1_HUMAN Coatomer subunit gamma-1 OS=Homo sapiens OX=9606 GN=COPG1 PE=1 SV=1	874
Q9H6E5	sp|Q9H6E5|STPAP_HUMAN Speckle targeted PIP5K1A-regulated poly(A) polymerase OS=Homo sapiens OX=9606 GN=TUT1 PE=1 SV=2	874
Q05086	sp|Q05086|UBE3A_HUMAN Ubiquitin-protein ligase E3A OS=Homo sapiens OX=9606 GN=UBE3A PE=1 SV=4	875
Q14974	sp|Q14974|IMB1_HUMAN Importin subunit beta-1 OS=Homo sapiens OX=9606 GN=KPNB1 PE=1 SV=2	876
Q8ND30	sp|Q8ND30|LIPB2_HUMAN Liprin-beta-2 OS=Homo sapiens OX=9606 GN=PPFIBP2 PE=1 SV=3	876
Q14832	sp|Q14832|GRM3_HUMAN Metabotropic glutamate receptor 3 OS=Homo sapiens OX=9606 GN=GRM3 PE=1 SV=2	879
Q9H330	sp|Q9H330|TM245_HUMAN Transmembrane protein 245 OS=Homo sapiens OX=9606 GN=TMEM245 PE=1 SV=3	879
Q9H0X9	sp|Q9H0X9|OSBL5_HUMAN Oxysterol-binding protein-related protein 5 OS=Homo sapiens OX=9606 GN=OSBPL5 PE=1 SV=1	879
Q8TDD1	sp|Q8TDD1|DDX54_HUMAN ATP-dependent RNA helicase DDX54 OS=Homo sapiens OX=9606 GN=DDX54 PE=1 SV=2	881
P52848	sp|P52848|NDST1_HUMAN Bifunctional heparan sulfate N-deacetylase/N-sulfotransferase 1 OS=Homo sapiens OX=9606 GN=NDST1 PE=1 SV=1	882
P29590	sp|P29590|PML_HUMAN Protein PML OS=Homo sapiens OX=9606 GN=PML PE=1 SV=3	882
P42262	sp|P42262|GRIA2_HUMAN Glutamate receptor 2 OS=Homo sapiens OX=9606 GN=GRIA2 PE=1 SV=3	883
P52849	sp|P52849|NDST2_HUMAN Bifunctional heparan sulfate N-deacetylase/N-sulfotransferase 2 OS=Homo sapiens OX=9606 GN=NDST2 PE=1 SV=1	883
Q4FZB7	sp|Q4FZB7|KMT5B_HUMAN Histone-lysine N-methyltransferase KMT5B OS=Homo sapiens OX=9606 GN=KMT5B PE=1 SV=5	885
O95263	sp|O95263|PDE8B_HUMAN High affinity cAMP-specific and IBMX-insensitive 3',5'-cyclic phosphodiesterase 8B OS=Homo sapiens OX=9606 GN=PDE8B PE=1 SV=2	885
Q96JC1	sp|Q96JC1|VPS39_HUMAN Vam6/Vps39-like protein OS=Homo sapiens OX=9606 GN=VPS39 PE=1 SV=2	886
Q8NDL9	sp|Q8NDL9|CBPC5_HUMAN Cytosolic carboxypeptidase-like protein 5 OS=Homo sapiens OX=9606 GN=AGBL5 PE=1 SV=1	886
Q58A45	sp|Q58A45|PAN3_HUMAN PAN2-PAN3 deadenylation complex subunit PAN3 OS=Homo sapiens OX=9606 GN=PAN3 PE=1 SV=3	887
Q8NEB9	sp|Q8NEB9|PK3C3_HUMAN Phosphatidylinositol 3-kinase catalytic subunit type 3 OS=Homo sapiens OX=9606 GN=PIK3C3 PE=1 SV=1	887
Q9HCC9	sp|Q9HCC9|LST2_HUMAN Lateral signaling target protein 2 homolog OS=Homo sapiens OX=9606 GN=ZFYVE28 PE=1 SV=3	887
P04035	sp|P04035|HMDH_HUMAN 3-hydroxy-3-methylglutaryl-coenzyme A reductase OS=Homo sapiens OX=9606 GN=HMGCR PE=1 SV=1	888
Q9H3T3	sp|Q9H3T3|SEM6B_HUMAN Semaphorin-6B OS=Homo sapiens OX=9606 GN=SEMA6B PE=1 SV=4	888
Q7Z6J0	sp|Q7Z6J0|SH3R1_HUMAN E3 ubiquitin-protein ligase SH3RF1 OS=Homo sapiens OX=9606 GN=SH3RF1 PE=1 SV=2	888
Q86VP3	sp|Q86VP3|PACS2_HUMAN Phosphofurin acidic cluster sorting protein 2 OS=Homo sapiens OX=9606 GN=PACS2 PE=1 SV=3	889
Q9UL51	sp|Q9UL51|HCN2_HUMAN Potassium/sodium hyperpolarization-activated cyclic nucleotide-gated channel 2 OS=Homo sapiens OX=9606 GN=HCN2 PE=1 SV=3	889
P21399	sp|P21399|ACOHC_HUMAN Cytoplasmic aconitate hydratase OS=Homo sapiens OX=9606 GN=ACO1 PE=1 SV=3	889
Q9BZF1	sp|Q9BZF1|OSBL8_HUMAN Oxysterol-binding protein-related protein 8 OS=Homo sapiens OX=9606 GN=OSBPL8 PE=1 SV=3	889
Q5VUB5	sp|Q5VUB5|F1711_HUMAN Protein FAM171A1 OS=Homo sapiens OX=9606 GN=FAM171A1 PE=1 SV=1	890
Q06418	sp|Q06418|TYRO3_HUMAN Tyrosine-protein kinase receptor TYRO3 OS=Homo sapiens OX=9606 GN=TYRO3 PE=1 SV=1	890
Q14693	sp|Q14693|LPIN1_HUMAN Phosphatidate phosphatase LPIN1 OS=Homo sapiens OX=9606 GN=LPIN1 PE=1 SV=2	890
O76024	sp|O76024|WFS1_HUMAN Wolframin OS=Homo sapiens OX=9606 GN=WFS1 PE=1 SV=2	890
O94806	sp|O94806|KPCD3_HUMAN Serine/threonine-protein kinase D3 OS=Homo sapiens OX=9606 GN=PRKD3 PE=1 SV=1	890
P12814	sp|P12814|ACTN1_HUMAN Alpha-actinin-1 OS=Homo sapiens OX=9606 GN=ACTN1 PE=1 SV=2	892
Q96KM6	sp|Q96KM6|Z512B_HUMAN Zinc finger protein 512B OS=Homo sapiens OX=9606 GN=ZNF512B PE=1 SV=1	892
Q14764	sp|Q14764|MVP_HUMAN Major vault protein OS=Homo sapiens OX=9606 GN=MVP PE=1 SV=4	893
Q12906	sp|Q12906|ILF3_HUMAN Interleukin enhancer-binding factor 3 OS=Homo sapiens OX=9606 GN=ILF3 PE=1 SV=3	894
Q9NV70	sp|Q9NV70|EXOC1_HUMAN Exocyst complex component 1 OS=Homo sapiens OX=9606 GN=EXOC1 PE=1 SV=4	894
P35609	sp|P35609|ACTN2_HUMAN Alpha-actinin-2 OS=Homo sapiens OX=9606 GN=ACTN2 PE=1 SV=1	894
P42263	sp|P42263|GRIA3_HUMAN Glutamate receptor 3 OS=Homo sapiens OX=9606 GN=GRIA3 PE=1 SV=2	894
Q8IVH8	sp|Q8IVH8|M4K3_HUMAN Mitogen-activated protein kinase kinase kinase kinase 3 OS=Homo sapiens OX=9606 GN=MAP4K3 PE=1 SV=1	894
P30530	sp|P30530|UFO_HUMAN Tyrosine-protein kinase receptor UFO OS=Homo sapiens OX=9606 GN=AXL PE=1 SV=4	894
Q13435	sp|Q13435|SF3B2_HUMAN Splicing factor 3B subunit 2 OS=Homo sapiens OX=9606 GN=SF3B2 PE=1 SV=2	895
Q14118	sp|Q14118|DAG1_HUMAN Dystroglycan 1 OS=Homo sapiens OX=9606 GN=DAG1 PE=1 SV=2	895
P42566	sp|P42566|EPS15_HUMAN Epidermal growth factor receptor substrate 15 OS=Homo sapiens OX=9606 GN=EPS15 PE=1 SV=2	896
Q92539	sp|Q92539|LPIN2_HUMAN Phosphatidate phosphatase LPIN2 OS=Homo sapiens OX=9606 GN=LPIN2 PE=1 SV=1	896
O14787	sp|O14787|TNPO2_HUMAN Transportin-2 OS=Homo sapiens OX=9606 GN=TNPO2 PE=1 SV=3	897
Q99708	sp|Q99708|CTIP_HUMAN DNA endonuclease RBBP8 OS=Homo sapiens OX=9606 GN=RBBP8 PE=1 SV=2	897
Q9ULV3	sp|Q9ULV3|CIZ1_HUMAN Cip1-interacting zinc finger protein OS=Homo sapiens OX=9606 GN=CIZ1 PE=1 SV=2	898
Q9H2K8	sp|Q9H2K8|TAOK3_HUMAN Serine/threonine-protein kinase TAO3 OS=Homo sapiens OX=9606 GN=TAOK3 PE=1 SV=2	898
Q92973	sp|Q92973|TNPO1_HUMAN Transportin-1 OS=Homo sapiens OX=9606 GN=TNPO1 PE=1 SV=2	898
Q6V1X1	sp|Q6V1X1|DPP8_HUMAN Dipeptidyl peptidase 8 OS=Homo sapiens OX=9606 GN=DPP8 PE=1 SV=1	898
P56192	sp|P56192|SYMC_HUMAN Methionine--tRNA ligase, cytoplasmic OS=Homo sapiens OX=9606 GN=MARS1 PE=1 SV=2	900
Q8NEL9	sp|Q8NEL9|DDHD1_HUMAN Phospholipase DDHD1 OS=Homo sapiens OX=9606 GN=DDHD1 PE=1 SV=2	900
Q00653	sp|Q00653|NFKB2_HUMAN Nuclear factor NF-kappa-B p100 subunit OS=Homo sapiens OX=9606 GN=NFKB2 PE=1 SV=4	900
Q01968	sp|Q01968|OCRL_HUMAN Inositol polyphosphate 5-phosphatase OCRL OS=Homo sapiens OX=9606 GN=OCRL PE=1 SV=3	901
P48058	sp|P48058|GRIA4_HUMAN Glutamate receptor 4 OS=Homo sapiens OX=9606 GN=GRIA4 PE=1 SV=2	902
Q9BSJ2	sp|Q9BSJ2|GCP2_HUMAN Gamma-tubulin complex component 2 OS=Homo sapiens OX=9606 GN=TUBGCP2 PE=1 SV=2	902
O75891	sp|O75891|AL1L1_HUMAN Cytosolic 10-formyltetrahydrofolate dehydrogenase OS=Homo sapiens OX=9606 GN=ALDH1L1 PE=1 SV=2	902
Q7Z2W4	sp|Q7Z2W4|ZCCHV_HUMAN Zinc finger CCCH-type antiviral protein 1 OS=Homo sapiens OX=9606 GN=ZC3HAV1 PE=1 SV=3	902
Q96J02	sp|Q96J02|ITCH_HUMAN E3 ubiquitin-protein ligase Itchy homolog OS=Homo sapiens OX=9606 GN=ITCH PE=1 SV=2	903
Q92667	sp|Q92667|AKAP1_HUMAN A-kinase anchor protein 1, mitochondrial OS=Homo sapiens OX=9606 GN=AKAP1 PE=1 SV=1	903
Q8IYB3	sp|Q8IYB3|SRRM1_HUMAN Serine/arginine repetitive matrix protein 1 OS=Homo sapiens OX=9606 GN=SRRM1 PE=1 SV=2	904
Q12959	sp|Q12959|DLG1_HUMAN Disks large homolog 1 OS=Homo sapiens OX=9606 GN=DLG1 PE=1 SV=2	904
Q9Y6F6	sp|Q9Y6F6|IRAG1_HUMAN Inositol 1,4,5-triphosphate receptor associated 1 OS=Homo sapiens OX=9606 GN=IRAG1 PE=1 SV=4	904
Q8WXE9	sp|Q8WXE9|STON2_HUMAN Stonin-2 OS=Homo sapiens OX=9606 GN=STON2 PE=1 SV=1	905
P35221	sp|P35221|CTNA1_HUMAN Catenin alpha-1 OS=Homo sapiens OX=9606 GN=CTNNA1 PE=1 SV=1	906
P35606	sp|P35606|COPB2_HUMAN Coatomer subunit beta' OS=Homo sapiens OX=9606 GN=COPB2 PE=1 SV=2	906
P19022	sp|P19022|CADH2_HUMAN Cadherin-2 OS=Homo sapiens OX=9606 GN=CDH2 PE=1 SV=4	906
Q9P0K1	sp|Q9P0K1|ADA22_HUMAN Disintegrin and metalloproteinase domain-containing protein 22 OS=Homo sapiens OX=9606 GN=ADAM22 PE=1 SV=1	906
P22681	sp|P22681|CBL_HUMAN E3 ubiquitin-protein ligase CBL OS=Homo sapiens OX=9606 GN=CBL PE=1 SV=2	906
P78344	sp|P78344|IF4G2_HUMAN Eukaryotic translation initiation factor 4 gamma 2 OS=Homo sapiens OX=9606 GN=EIF4G2 PE=1 SV=1	907
Q9P202	sp|Q9P202|WHRN_HUMAN Whirlin OS=Homo sapiens OX=9606 GN=WHRN PE=1 SV=4	907
O75473	sp|O75473|LGR5_HUMAN Leucine-rich repeat-containing G-protein coupled receptor 5 OS=Homo sapiens OX=9606 GN=LGR5 PE=1 SV=1	907
Q92562	sp|Q92562|FIG4_HUMAN Polyphosphoinositide phosphatase OS=Homo sapiens OX=9606 GN=FIG4 PE=1 SV=1	907
Q13200	sp|Q13200|PSMD2_HUMAN 26S proteasome non-ATPase regulatory subunit 2 OS=Homo sapiens OX=9606 GN=PSMD2 PE=1 SV=3	908
Q7KZF4	sp|Q7KZF4|SND1_HUMAN Staphylococcal nuclease domain-containing protein 1 OS=Homo sapiens OX=9606 GN=SND1 PE=1 SV=1	910
Q6UXD5	sp|Q6UXD5|SE6L2_HUMAN Seizure 6-like protein 2 OS=Homo sapiens OX=9606 GN=SEZ6L2 PE=1 SV=2	910
O60337	sp|O60337|MARH6_HUMAN E3 ubiquitin-protein ligase MARCHF6 OS=Homo sapiens OX=9606 GN=MARCHF6 PE=1 SV=2	910
O43707	sp|O43707|ACTN4_HUMAN Alpha-actinin-4 OS=Homo sapiens OX=9606 GN=ACTN4 PE=1 SV=2	911
Q96GW7	sp|Q96GW7|PGCB_HUMAN Brevican core protein OS=Homo sapiens OX=9606 GN=BCAN PE=1 SV=2	911
P49917	sp|P49917|DNLI4_HUMAN DNA ligase 4 OS=Homo sapiens OX=9606 GN=LIG4 PE=1 SV=2	911
Q9Y2U8	sp|Q9Y2U8|MAN1_HUMAN Inner nuclear membrane protein Man1 OS=Homo sapiens OX=9606 GN=LEMD3 PE=1 SV=2	911
Q92888	sp|Q92888|ARHG1_HUMAN Rho guanine nucleotide exchange factor 1 OS=Homo sapiens OX=9606 GN=ARHGEF1 PE=1 SV=2	912
Q9Y6K1	sp|Q9Y6K1|DNM3A_HUMAN DNA (cytosine-5)-methyltransferase 3A OS=Homo sapiens OX=9606 GN=DNMT3A PE=1 SV=4	912
Q08345	sp|Q08345|DDR1_HUMAN Epithelial discoidin domain-containing receptor 1 OS=Homo sapiens OX=9606 GN=DDR1 PE=1 SV=1	913
Q99613	sp|Q99613|EIF3C_HUMAN Eukaryotic translation initiation factor 3 subunit C OS=Homo sapiens OX=9606 GN=EIF3C PE=1 SV=1	913
O75061	sp|O75061|AUXI_HUMAN Auxilin OS=Homo sapiens OX=9606 GN=DNAJC6 PE=1 SV=3	913
Q13620	sp|Q13620|CUL4B_HUMAN Cullin-4B OS=Homo sapiens OX=9606 GN=CUL4B PE=1 SV=4	913
Q5JSH3	sp|Q5JSH3|WDR44_HUMAN WD repeat-containing protein 44 OS=Homo sapiens OX=9606 GN=WDR44 PE=1 SV=1	913
Q9BXP2	sp|Q9BXP2|S12A9_HUMAN Solute carrier family 12 member 9 OS=Homo sapiens OX=9606 GN=SLC12A9 PE=1 SV=1	914
Q8TET4	sp|Q8TET4|GANC_HUMAN Neutral alpha-glucosidase C OS=Homo sapiens OX=9606 GN=GANC PE=1 SV=3	914
Q9Y2K6	sp|Q9Y2K6|UBP20_HUMAN Ubiquitin carboxyl-terminal hydrolase 20 OS=Homo sapiens OX=9606 GN=USP20 PE=1 SV=2	914
Q15424	sp|Q15424|SAFB1_HUMAN Scaffold attachment factor B1 OS=Homo sapiens OX=9606 GN=SAFB PE=1 SV=4	915
P07197	sp|P07197|NFM_HUMAN Neurofilament medium polypeptide OS=Homo sapiens OX=9606 GN=NEFM PE=1 SV=3	916
O60502	sp|O60502|OGA_HUMAN Protein O-GlcNAcase OS=Homo sapiens OX=9606 GN=OGA PE=1 SV=2	916
P19367	sp|P19367|HXK1_HUMAN Hexokinase-1 OS=Homo sapiens OX=9606 GN=HK1 PE=1 SV=3	917
P53814	sp|P53814|SMTN_HUMAN Smoothelin OS=Homo sapiens OX=9606 GN=SMTN PE=1 SV=7	917
P52789	sp|P52789|HXK2_HUMAN Hexokinase-2 OS=Homo sapiens OX=9606 GN=HK2 PE=1 SV=2	917
Q9Y5B6	sp|Q9Y5B6|PAXB1_HUMAN PAX3- and PAX7-binding protein 1 OS=Homo sapiens OX=9606 GN=PAXBP1 PE=1 SV=2	917
P40189	sp|P40189|IL6RB_HUMAN Interleukin-6 receptor subunit beta OS=Homo sapiens OX=9606 GN=IL6ST PE=1 SV=2	918
P98194	sp|P98194|AT2C1_HUMAN Calcium-transporting ATPase type 2C member 1 OS=Homo sapiens OX=9606 GN=ATP2C1 PE=1 SV=3	919
P55786	sp|P55786|PSA_HUMAN Puromycin-sensitive aminopeptidase OS=Homo sapiens OX=9606 GN=NPEPPS PE=1 SV=2	919
O94967	sp|O94967|WDR47_HUMAN WD repeat-containing protein 47 OS=Homo sapiens OX=9606 GN=WDR47 PE=1 SV=1	919
Q14CN2	sp|Q14CN2|CLCA4_HUMAN Calcium-activated chloride channel regulator 4 OS=Homo sapiens OX=9606 GN=CLCA4 PE=1 SV=2	919
O43909	sp|O43909|EXTL3_HUMAN Exostosin-like 3 OS=Homo sapiens OX=9606 GN=EXTL3 PE=1 SV=1	919
Q96HY7	sp|Q96HY7|DHTK1_HUMAN 2-oxoadipate dehydrogenase complex component E1 OS=Homo sapiens OX=9606 GN=DHTKD1 PE=1 SV=2	919
Q9NYF8	sp|Q9NYF8|BCLF1_HUMAN Bcl-2-associated transcription factor 1 OS=Homo sapiens OX=9606 GN=BCLAF1 PE=1 SV=2	920
A0FGR8	sp|A0FGR8|ESYT2_HUMAN Extended synaptotagmin-2 OS=Homo sapiens OX=9606 GN=ESYT2 PE=1 SV=1	921
Q9H0M0	sp|Q9H0M0|WWP1_HUMAN NEDD4-like E3 ubiquitin-protein ligase WWP1 OS=Homo sapiens OX=9606 GN=WWP1 PE=1 SV=1	922
Q8IVT5	sp|Q8IVT5|KSR1_HUMAN Kinase suppressor of Ras 1 OS=Homo sapiens OX=9606 GN=KSR1 PE=1 SV=3	923
O14786	sp|O14786|NRP1_HUMAN Neuropilin-1 OS=Homo sapiens OX=9606 GN=NRP1 PE=1 SV=3	923
Q96KP1	sp|Q96KP1|EXOC2_HUMAN Exocyst complex component 2 OS=Homo sapiens OX=9606 GN=EXOC2 PE=1 SV=1	924
O60308	sp|O60308|CE104_HUMAN Centrosomal protein of 104 kDa OS=Homo sapiens OX=9606 GN=CEP104 PE=1 SV=1	925
P10911	sp|P10911|MCF2_HUMAN Proto-oncogene DBL OS=Homo sapiens OX=9606 GN=MCF2 PE=1 SV=3	925
P57740	sp|P57740|NU107_HUMAN Nuclear pore complex protein Nup107 OS=Homo sapiens OX=9606 GN=NUP107 PE=1 SV=1	925
Q9UDR5	sp|Q9UDR5|AASS_HUMAN Alpha-aminoadipic semialdehyde synthase, mitochondrial OS=Homo sapiens OX=9606 GN=AASS PE=1 SV=1	926
Q9H0K1	sp|Q9H0K1|SIK2_HUMAN Serine/threonine-protein kinase SIK2 OS=Homo sapiens OX=9606 GN=SIK2 PE=1 SV=1	926
Q8TE49	sp|Q8TE49|OTU7A_HUMAN OTU domain-containing protein 7A OS=Homo sapiens OX=9606 GN=OTUD7A PE=1 SV=1	926
O14936	sp|O14936|CSKP_HUMAN Peripheral plasma membrane protein CASK OS=Homo sapiens OX=9606 GN=CASK PE=1 SV=3	926
Q9HCG7	sp|Q9HCG7|GBA2_HUMAN Non-lysosomal glucosylceramidase OS=Homo sapiens OX=9606 GN=GBA2 PE=1 SV=2	927
Q86XK2	sp|Q86XK2|FBX11_HUMAN F-box only protein 11 OS=Homo sapiens OX=9606 GN=FBXO11 PE=1 SV=3	927
Q13574	sp|Q13574|DGKZ_HUMAN Diacylglycerol kinase zeta OS=Homo sapiens OX=9606 GN=DGKZ PE=1 SV=4	928
P06400	sp|P06400|RB_HUMAN Retinoblastoma-associated protein OS=Homo sapiens OX=9606 GN=RB1 PE=1 SV=2	928
Q9H6U6	sp|Q9H6U6|BCAS3_HUMAN BCAS3 microtubule associated cell migration factor OS=Homo sapiens OX=9606 GN=BCAS3 PE=1 SV=3	928
Q6XUX3	sp|Q6XUX3|DUSTY_HUMAN Dual serine/threonine and tyrosine protein kinase OS=Homo sapiens OX=9606 GN=DSTYK PE=1 SV=2	929
Q6P3W7	sp|Q6P3W7|SCYL2_HUMAN SCY1-like protein 2 OS=Homo sapiens OX=9606 GN=SCYL2 PE=1 SV=1	929
Q8TCY9	sp|Q8TCY9|URGCP_HUMAN Up-regulator of cell proliferation OS=Homo sapiens OX=9606 GN=URGCP PE=1 SV=2	931
O95185	sp|O95185|UNC5C_HUMAN Netrin receptor UNC5C OS=Homo sapiens OX=9606 GN=UNC5C PE=1 SV=2	931
O95427	sp|O95427|PIGN_HUMAN GPI ethanolamine phosphate transferase 1 OS=Homo sapiens OX=9606 GN=PIGN PE=1 SV=1	931
O14939	sp|O14939|PLD2_HUMAN Phospholipase D2 OS=Homo sapiens OX=9606 GN=PLD2 PE=1 SV=2	933
Q9UN70	sp|Q9UN70|PCDGK_HUMAN Protocadherin gamma-C3 OS=Homo sapiens OX=9606 GN=PCDHGC3 PE=1 SV=1	934
P43246	sp|P43246|MSH2_HUMAN DNA mismatch repair protein Msh2 OS=Homo sapiens OX=9606 GN=MSH2 PE=1 SV=1	934
Q9HCH5	sp|Q9HCH5|SYTL2_HUMAN Synaptotagmin-like protein 2 OS=Homo sapiens OX=9606 GN=SYTL2 PE=1 SV=3	934
P11586	sp|P11586|C1TC_HUMAN C-1-tetrahydrofolate synthase, cytoplasmic OS=Homo sapiens OX=9606 GN=MTHFD1 PE=1 SV=4	935
P63010	sp|P63010|AP2B1_HUMAN AP-2 complex subunit beta OS=Homo sapiens OX=9606 GN=AP2B1 PE=1 SV=1	937
Q86XP3	sp|Q86XP3|DDX42_HUMAN ATP-dependent RNA helicase DDX42 OS=Homo sapiens OX=9606 GN=DDX42 PE=1 SV=1	938
Q05586	sp|Q05586|NMDZ1_HUMAN Glutamate receptor ionotropic, NMDA 1 OS=Homo sapiens OX=9606 GN=GRIN1 PE=1 SV=1	938
Q86XL3	sp|Q86XL3|ANKL2_HUMAN Ankyrin repeat and LEM domain-containing protein 2 OS=Homo sapiens OX=9606 GN=ANKLE2 PE=1 SV=4	938
O94973	sp|O94973|AP2A2_HUMAN AP-2 complex subunit alpha-2 OS=Homo sapiens OX=9606 GN=AP2A2 PE=1 SV=2	939
Q01831	sp|Q01831|XPC_HUMAN DNA repair protein complementing XP-C cells OS=Homo sapiens OX=9606 GN=XPC PE=1 SV=4	940
O94906	sp|O94906|PRP6_HUMAN Pre-mRNA-processing factor 6 OS=Homo sapiens OX=9606 GN=PRPF6 PE=1 SV=1	941
O00408	sp|O00408|PDE2A_HUMAN cGMP-dependent 3',5'-cyclic phosphodiesterase OS=Homo sapiens OX=9606 GN=PDE2A PE=1 SV=1	941
Q9NZ08	sp|Q9NZ08|ERAP1_HUMAN Endoplasmic reticulum aminopeptidase 1 OS=Homo sapiens OX=9606 GN=ERAP1 PE=1 SV=3	941
Q16512	sp|Q16512|PKN1_HUMAN Serine/threonine-protein kinase N1 OS=Homo sapiens OX=9606 GN=PKN1 PE=1 SV=2	942
Q8NI08	sp|Q8NI08|NCOA7_HUMAN Nuclear receptor coactivator 7 OS=Homo sapiens OX=9606 GN=NCOA7 PE=1 SV=2	942
Q8TEY7	sp|Q8TEY7|UBP33_HUMAN Ubiquitin carboxyl-terminal hydrolase 33 OS=Homo sapiens OX=9606 GN=USP33 PE=1 SV=2	942
P52824	sp|P52824|DGKQ_HUMAN Diacylglycerol kinase theta OS=Homo sapiens OX=9606 GN=DGKQ PE=1 SV=2	942
Q14697	sp|Q14697|GANAB_HUMAN Neutral alpha-glucosidase AB OS=Homo sapiens OX=9606 GN=GANAB PE=1 SV=3	944
Q9H3U1	sp|Q9H3U1|UN45A_HUMAN Protein unc-45 homolog A OS=Homo sapiens OX=9606 GN=UNC45A PE=1 SV=1	944
Q8IZJ1	sp|Q8IZJ1|UNC5B_HUMAN Netrin receptor UNC5B OS=Homo sapiens OX=9606 GN=UNC5B PE=1 SV=2	945
P27987	sp|P27987|IP3KB_HUMAN Inositol-trisphosphate 3-kinase B OS=Homo sapiens OX=9606 GN=ITPKB PE=1 SV=5	946
Q9Y5W7	sp|Q9Y5W7|SNX14_HUMAN Sorting nexin-14 OS=Homo sapiens OX=9606 GN=SNX14 PE=1 SV=3	946
Q96QE4	sp|Q96QE4|LR37B_HUMAN Leucine-rich repeat-containing protein 37B OS=Homo sapiens OX=9606 GN=LRRC37B PE=1 SV=3	947
Q10567	sp|Q10567|AP1B1_HUMAN AP-1 complex subunit beta-1 OS=Homo sapiens OX=9606 GN=AP1B1 PE=1 SV=3	949
Q9H8L6	sp|Q9H8L6|MMRN2_HUMAN Multimerin-2 OS=Homo sapiens OX=9606 GN=MMRN2 PE=1 SV=2	949
Q12872	sp|Q12872|SFSWA_HUMAN Splicing factor, suppressor of white-apricot homolog OS=Homo sapiens OX=9606 GN=SFSWAP PE=1 SV=3	951
Q9BXB1	sp|Q9BXB1|LGR4_HUMAN Leucine-rich repeat-containing G-protein coupled receptor 4 OS=Homo sapiens OX=9606 GN=LGR4 PE=1 SV=2	951
Q86TH1	sp|Q86TH1|ATL2_HUMAN ADAMTS-like protein 2 OS=Homo sapiens OX=9606 GN=ADAMTSL2 PE=1 SV=1	951
P10253	sp|P10253|LYAG_HUMAN Lysosomal alpha-glucosidase OS=Homo sapiens OX=9606 GN=GAA PE=1 SV=4	952
Q8WUI4	sp|Q8WUI4|HDAC7_HUMAN Histone deacetylase 7 OS=Homo sapiens OX=9606 GN=HDAC7 PE=1 SV=2	952
Q14151	sp|Q14151|SAFB2_HUMAN Scaffold attachment factor B2 OS=Homo sapiens OX=9606 GN=SAFB2 PE=1 SV=1	953
P53618	sp|P53618|COPB_HUMAN Coatomer subunit beta OS=Homo sapiens OX=9606 GN=COPB1 PE=1 SV=3	953
Q99460	sp|Q99460|PSMD1_HUMAN 26S proteasome non-ATPase regulatory subunit 1 OS=Homo sapiens OX=9606 GN=PSMD1 PE=1 SV=2	953
P26232	sp|P26232|CTNA2_HUMAN Catenin alpha-2 OS=Homo sapiens OX=9606 GN=CTNNA2 PE=1 SV=5	953
Q02779	sp|Q02779|M3K10_HUMAN Mitogen-activated protein kinase kinase kinase 10 OS=Homo sapiens OX=9606 GN=MAP3K10 PE=1 SV=3	954
Q9Y2W1	sp|Q9Y2W1|TR150_HUMAN Thyroid hormone receptor-associated protein 3 OS=Homo sapiens OX=9606 GN=THRAP3 PE=1 SV=2	955
Q96AX9	sp|Q96AX9|MIB2_HUMAN E3 ubiquitin-protein ligase MIB2 OS=Homo sapiens OX=9606 GN=MIB2 PE=1 SV=4	955
Q9NQC7	sp|Q9NQC7|CYLD_HUMAN Ubiquitin carboxyl-terminal hydrolase CYLD OS=Homo sapiens OX=9606 GN=CYLD PE=1 SV=1	956
Q9H4I2	sp|Q9H4I2|ZHX3_HUMAN Zinc fingers and homeoboxes protein 3 OS=Homo sapiens OX=9606 GN=ZHX3 PE=1 SV=3	956
Q9BQT9	sp|Q9BQT9|CSTN3_HUMAN Calsyntenin-3 OS=Homo sapiens OX=9606 GN=CLSTN3 PE=1 SV=1	956
O60282	sp|O60282|KIF5C_HUMAN Kinesin heavy chain isoform 5C OS=Homo sapiens OX=9606 GN=KIF5C PE=1 SV=1	957
Q9Y2L1	sp|Q9Y2L1|RRP44_HUMAN Exosome complex exonuclease RRP44 OS=Homo sapiens OX=9606 GN=DIS3 PE=1 SV=2	958
P36776	sp|P36776|LONM_HUMAN Lon protease homolog, mitochondrial OS=Homo sapiens OX=9606 GN=LONP1 PE=1 SV=2	959
O60313	sp|O60313|OPA1_HUMAN Dynamin-like GTPase OPA1, mitochondrial OS=Homo sapiens OX=9606 GN=OPA1 PE=1 SV=3	960
Q9Y4C8	sp|Q9Y4C8|RBM19_HUMAN Probable RNA-binding protein 19 OS=Homo sapiens OX=9606 GN=RBM19 PE=1 SV=3	960
Q9UBS5	sp|Q9UBS5|GABR1_HUMAN Gamma-aminobutyric acid type B receptor subunit 1 OS=Homo sapiens OX=9606 GN=GABBR1 PE=1 SV=1	961
P35443	sp|P35443|TSP4_HUMAN Thrombospondin-4 OS=Homo sapiens OX=9606 GN=THBS4 PE=1 SV=2	961
Q9Y5B0	sp|Q9Y5B0|CTDP1_HUMAN RNA polymerase II subunit A C-terminal domain phosphatase OS=Homo sapiens OX=9606 GN=CTDP1 PE=1 SV=3	961
Q2M2I8	sp|Q2M2I8|AAK1_HUMAN AP2-associated protein kinase 1 OS=Homo sapiens OX=9606 GN=AAK1 PE=1 SV=3	961
O43592	sp|O43592|XPOT_HUMAN Exportin-T OS=Homo sapiens OX=9606 GN=XPOT PE=1 SV=2	962
P33176	sp|P33176|KINH_HUMAN Kinesin-1 heavy chain OS=Homo sapiens OX=9606 GN=KIF5B PE=1 SV=1	963
O94829	sp|O94829|IPO13_HUMAN Importin-13 OS=Homo sapiens OX=9606 GN=IPO13 PE=1 SV=3	963
P51784	sp|P51784|UBP11_HUMAN Ubiquitin carboxyl-terminal hydrolase 11 OS=Homo sapiens OX=9606 GN=USP11 PE=1 SV=3	963
Q7Z3J2	sp|Q7Z3J2|VP35L_HUMAN VPS35 endosomal protein-sorting factor-like OS=Homo sapiens OX=9606 GN=VPS35L PE=1 SV=2	963
Q13107	sp|Q13107|UBP4_HUMAN Ubiquitin carboxyl-terminal hydrolase 4 OS=Homo sapiens OX=9606 GN=USP4 PE=1 SV=3	963
Q6VY07	sp|Q6VY07|PACS1_HUMAN Phosphofurin acidic cluster sorting protein 1 OS=Homo sapiens OX=9606 GN=PACS1 PE=1 SV=2	963
Q15020	sp|Q15020|SART3_HUMAN Spliceosome associated factor 3, U4/U6 recycling protein OS=Homo sapiens OX=9606 GN=SART3 PE=1 SV=1	963
P48200	sp|P48200|IREB2_HUMAN Iron-responsive element-binding protein 2 OS=Homo sapiens OX=9606 GN=IREB2 PE=1 SV=4	963
O94972	sp|O94972|TRI37_HUMAN E3 ubiquitin-protein ligase TRIM37 OS=Homo sapiens OX=9606 GN=TRIM37 PE=1 SV=2	964
O43283	sp|O43283|M3K13_HUMAN Mitogen-activated protein kinase kinase kinase 13 OS=Homo sapiens OX=9606 GN=MAP3K13 PE=1 SV=1	966
O75170	sp|O75170|PP6R2_HUMAN Serine/threonine-protein phosphatase 6 regulatory subunit 2 OS=Homo sapiens OX=9606 GN=PPP6R2 PE=1 SV=2	966
Q9UHI8	sp|Q9UHI8|ATS1_HUMAN A disintegrin and metalloproteinase with thrombospondin motifs 1 OS=Homo sapiens OX=9606 GN=ADAMTS1 PE=1 SV=4	967
P49588	sp|P49588|SYAC_HUMAN Alanine--tRNA ligase, cytoplasmic OS=Homo sapiens OX=9606 GN=AARS1 PE=1 SV=2	968
O60716	sp|O60716|CTND1_HUMAN Catenin delta-1 OS=Homo sapiens OX=9606 GN=CTNND1 PE=1 SV=1	968
Q13563	sp|Q13563|PKD2_HUMAN Polycystin-2 OS=Homo sapiens OX=9606 GN=PKD2 PE=1 SV=3	968
Q9Y5W8	sp|Q9Y5W8|SNX13_HUMAN Sorting nexin-13 OS=Homo sapiens OX=9606 GN=SNX13 PE=1 SV=4	968
P29122	sp|P29122|PCSK6_HUMAN Proprotein convertase subtilisin/kexin type 6 OS=Homo sapiens OX=9606 GN=PCSK6 PE=1 SV=1	969
P55060	sp|P55060|XPO2_HUMAN Exportin-2 OS=Homo sapiens OX=9606 GN=CSE1L PE=1 SV=3	971
P07333	sp|P07333|CSF1R_HUMAN Macrophage colony-stimulating factor 1 receptor OS=Homo sapiens OX=9606 GN=CSF1R PE=1 SV=2	972
Q15029	sp|Q15029|U5S1_HUMAN 116 kDa U5 small nuclear ribonucleoprotein component OS=Homo sapiens OX=9606 GN=EFTUD2 PE=1 SV=1	972
Q14CX7	sp|Q14CX7|NAA25_HUMAN N-alpha-acetyltransferase 25, NatB auxiliary subunit OS=Homo sapiens OX=9606 GN=NAA25 PE=1 SV=1	972
P19021	sp|P19021|AMD_HUMAN Peptidyl-glycine alpha-amidating monooxygenase OS=Homo sapiens OX=9606 GN=PAM PE=1 SV=2	973
Q96A65	sp|Q96A65|EXOC4_HUMAN Exocyst complex component 4 OS=Homo sapiens OX=9606 GN=EXOC4 PE=1 SV=1	974
Q5VTR2	sp|Q5VTR2|BRE1A_HUMAN E3 ubiquitin-protein ligase BRE1A OS=Homo sapiens OX=9606 GN=RNF20 PE=1 SV=2	975
Q9UI26	sp|Q9UI26|IPO11_HUMAN Importin-11 OS=Homo sapiens OX=9606 GN=IPO11 PE=1 SV=1	975
Q96PU5	sp|Q96PU5|NED4L_HUMAN E3 ubiquitin-protein ligase NEDD4-like OS=Homo sapiens OX=9606 GN=NEDD4L PE=1 SV=2	975
O95782	sp|O95782|AP2A1_HUMAN AP-2 complex subunit alpha-1 OS=Homo sapiens OX=9606 GN=AP2A1 PE=1 SV=3	977
Q96PE3	sp|Q96PE3|INP4A_HUMAN Inositol polyphosphate-4-phosphatase type I A OS=Homo sapiens OX=9606 GN=INPP4A PE=1 SV=1	977
Q6UB35	sp|Q6UB35|C1TM_HUMAN Monofunctional C1-tetrahydrofolate synthase, mitochondrial OS=Homo sapiens OX=9606 GN=MTHFD1L PE=1 SV=1	978
Q16849	sp|Q16849|PTPRN_HUMAN Receptor-type tyrosine-protein phosphatase-like N OS=Homo sapiens OX=9606 GN=PTPRN PE=1 SV=1	979
Q99650	sp|Q99650|OSMR_HUMAN Oncostatin-M-specific receptor subunit beta OS=Homo sapiens OX=9606 GN=OSMR PE=1 SV=1	979
Q8TD19	sp|Q8TD19|NEK9_HUMAN Serine/threonine-protein kinase Nek9 OS=Homo sapiens OX=9606 GN=NEK9 PE=1 SV=2	979
Q13608	sp|Q13608|PEX6_HUMAN Peroxisomal ATPase PEX6 OS=Homo sapiens OX=9606 GN=PEX6 PE=1 SV=2	980
O94985	sp|O94985|CSTN1_HUMAN Calsyntenin-1 OS=Homo sapiens OX=9606 GN=CLSTN1 PE=1 SV=1	981
Q9Y4E8	sp|Q9Y4E8|UBP15_HUMAN Ubiquitin carboxyl-terminal hydrolase 15 OS=Homo sapiens OX=9606 GN=USP15 PE=1 SV=3	981
O60237	sp|O60237|MYPT2_HUMAN Protein phosphatase 1 regulatory subunit 12B OS=Homo sapiens OX=9606 GN=PPP1R12B PE=1 SV=2	982
Q5H8A4	sp|Q5H8A4|PIGG_HUMAN GPI ethanolamine phosphate transferase 2, catalytic subunit OS=Homo sapiens OX=9606 GN=PIGG PE=1 SV=1	983
Q16513	sp|Q16513|PKN2_HUMAN Serine/threonine-protein kinase N2 OS=Homo sapiens OX=9606 GN=PKN2 PE=1 SV=1	984
Q9NRA8	sp|Q9NRA8|4ET_HUMAN Eukaryotic translation initiation factor 4E transporter OS=Homo sapiens OX=9606 GN=EIF4ENIF1 PE=1 SV=2	985
Q92974	sp|Q92974|ARHG2_HUMAN Rho guanine nucleotide exchange factor 2 OS=Homo sapiens OX=9606 GN=ARHGEF2 PE=1 SV=4	986
A0AUZ9	sp|A0AUZ9|KAL1L_HUMAN KAT8 regulatory NSL complex subunit 1-like protein OS=Homo sapiens OX=9606 GN=KANSL1L PE=1 SV=2	987
O75448	sp|O75448|MED24_HUMAN Mediator of RNA polymerase II transcription subunit 24 OS=Homo sapiens OX=9606 GN=MED24 PE=1 SV=1	989
O94762	sp|O94762|RECQ5_HUMAN ATP-dependent DNA helicase Q5 OS=Homo sapiens OX=9606 GN=RECQL5 PE=1 SV=2	991
Q92543	sp|Q92543|SNX19_HUMAN Sorting nexin-19 OS=Homo sapiens OX=9606 GN=SNX19 PE=1 SV=2	992
P32019	sp|P32019|I5P2_HUMAN Type II inositol 1,4,5-trisphosphate 5-phosphatase OS=Homo sapiens OX=9606 GN=INPP5B PE=1 SV=4	993
Q8N766	sp|Q8N766|EMC1_HUMAN ER membrane protein complex subunit 1 OS=Homo sapiens OX=9606 GN=EMC1 PE=1 SV=1	993
Q53EL9	sp|Q53EL9|SEZ6_HUMAN Seizure protein 6 homolog OS=Homo sapiens OX=9606 GN=SEZ6 PE=1 SV=2	994
P78347	sp|P78347|GTF2I_HUMAN General transcription factor II-I OS=Homo sapiens OX=9606 GN=GTF2I PE=1 SV=2	998
Q9Y4L1	sp|Q9Y4L1|HYOU1_HUMAN Hypoxia up-regulated protein 1 OS=Homo sapiens OX=9606 GN=HYOU1 PE=1 SV=1	999
O75150	sp|O75150|BRE1B_HUMAN E3 ubiquitin-protein ligase BRE1B OS=Homo sapiens OX=9606 GN=RNF40 PE=1 SV=5	1001
Q7L7X3	sp|Q7L7X3|TAOK1_HUMAN Serine/threonine-protein kinase TAO1 OS=Homo sapiens OX=9606 GN=TAOK1 PE=1 SV=1	1001
Q96JQ2	sp|Q96JQ2|CLMN_HUMAN Calmin OS=Homo sapiens OX=9606 GN=CLMN PE=1 SV=1	1002
Q969F9	sp|Q969F9|HPS3_HUMAN BLOC-2 complex member HPS3 OS=Homo sapiens OX=9606 GN=HPS3 PE=1 SV=1	1004
O43491	sp|O43491|E41L2_HUMAN Band 4.1-like protein 2 OS=Homo sapiens OX=9606 GN=EPB41L2 PE=1 SV=1	1005
O94832	sp|O94832|MYO1D_HUMAN Unconventional myosin-Id OS=Homo sapiens OX=9606 GN=MYO1D PE=1 SV=2	1006
Q86YT6	sp|Q86YT6|MIB1_HUMAN E3 ubiquitin-protein ligase MIB1 OS=Homo sapiens OX=9606 GN=MIB1 PE=1 SV=1	1006
Q5T8P6	sp|Q5T8P6|RBM26_HUMAN RNA-binding protein 26 OS=Homo sapiens OX=9606 GN=RBM26 PE=1 SV=3	1007
Q8WZ75	sp|Q8WZ75|ROBO4_HUMAN Roundabout homolog 4 OS=Homo sapiens OX=9606 GN=ROBO4 PE=1 SV=1	1007
Q9H2U1	sp|Q9H2U1|DHX36_HUMAN ATP-dependent DNA/RNA helicase DHX36 OS=Homo sapiens OX=9606 GN=DHX36 PE=1 SV=2	1008
Q14527	sp|Q14527|HLTF_HUMAN DNA-dependent ATPase/E3 ubiquitin-protein ligase HLTF OS=Homo sapiens OX=9606 GN=HLTF PE=1 SV=2	1009
Q14289	sp|Q14289|FAK2_HUMAN Protein-tyrosine kinase 2-beta OS=Homo sapiens OX=9606 GN=PTK2B PE=1 SV=2	1009
Q9Y2E5	sp|Q9Y2E5|MA2B2_HUMAN Epididymis-specific alpha-mannosidase OS=Homo sapiens OX=9606 GN=MAN2B2 PE=1 SV=4	1009
Q8TEH3	sp|Q8TEH3|DEN1A_HUMAN DENN domain-containing protein 1A OS=Homo sapiens OX=9606 GN=DENND1A PE=1 SV=2	1009
P22102	sp|P22102|PUR2_HUMAN Trifunctional purine biosynthetic protein adenosine-3 OS=Homo sapiens OX=9606 GN=GART PE=1 SV=1	1010
Q9ULD0	sp|Q9ULD0|OGDHL_HUMAN 2-oxoglutarate dehydrogenase-like, mitochondrial OS=Homo sapiens OX=9606 GN=OGDHL PE=1 SV=3	1010
Q86W92	sp|Q86W92|LIPB1_HUMAN Liprin-beta-1 OS=Homo sapiens OX=9606 GN=PPFIBP1 PE=1 SV=2	1011
O00754	sp|O00754|MA2B1_HUMAN Lysosomal alpha-mannosidase OS=Homo sapiens OX=9606 GN=MAN2B1 PE=1 SV=3	1011
Q9UKV0	sp|Q9UKV0|HDAC9_HUMAN Histone deacetylase 9 OS=Homo sapiens OX=9606 GN=HDAC9 PE=1 SV=2	1011
Q9NSE4	sp|Q9NSE4|SYIM_HUMAN Isoleucine--tRNA ligase, mitochondrial OS=Homo sapiens OX=9606 GN=IARS2 PE=1 SV=2	1012
O43303	sp|O43303|CP110_HUMAN Centriolar coiled-coil protein of 110 kDa OS=Homo sapiens OX=9606 GN=CCP110 PE=1 SV=3	1012
Q9BVI0	sp|Q9BVI0|PHF20_HUMAN PHD finger protein 20 OS=Homo sapiens OX=9606 GN=PHF20 PE=1 SV=2	1012
P41226	sp|P41226|UBA7_HUMAN Ubiquitin-like modifier-activating enzyme 7 OS=Homo sapiens OX=9606 GN=UBA7 PE=1 SV=2	1012
O75665	sp|O75665|OFD1_HUMAN Centriole and centriolar satellite protein OFD1 OS=Homo sapiens OX=9606 GN=OFD1 PE=1 SV=1	1012
P13637	sp|P13637|AT1A3_HUMAN Sodium/potassium-transporting ATPase subunit alpha-3 OS=Homo sapiens OX=9606 GN=ATP1A3 PE=1 SV=3	1013
P09874	sp|P09874|PARP1_HUMAN Poly [ADP-ribose] polymerase 1 OS=Homo sapiens OX=9606 GN=PARP1 PE=1 SV=4	1014
Q92932	sp|Q92932|PTPR2_HUMAN Receptor-type tyrosine-protein phosphatase N2 OS=Homo sapiens OX=9606 GN=PTPRN2 PE=1 SV=2	1015
Q9UPR3	sp|Q9UPR3|SMG5_HUMAN Nonsense-mediated mRNA decay factor SMG5 OS=Homo sapiens OX=9606 GN=SMG5 PE=1 SV=3	1016
Q9Y6C2	sp|Q9Y6C2|EMIL1_HUMAN EMILIN-1 OS=Homo sapiens OX=9606 GN=EMILIN1 PE=1 SV=3	1016
Q9Y2M0	sp|Q9Y2M0|FAN1_HUMAN Fanconi-associated nuclease 1 OS=Homo sapiens OX=9606 GN=FAN1 PE=1 SV=4	1017
Q12860	sp|Q12860|CNTN1_HUMAN Contactin-1 OS=Homo sapiens OX=9606 GN=CNTN1 PE=1 SV=1	1018
P12110	sp|P12110|CO6A2_HUMAN Collagen alpha-2(VI) chain OS=Homo sapiens OX=9606 GN=COL6A2 PE=1 SV=4	1019
P50993	sp|P50993|AT1A2_HUMAN Sodium/potassium-transporting ATPase subunit alpha-2 OS=Homo sapiens OX=9606 GN=ATP1A2 PE=1 SV=1	1020
Q92834	sp|Q92834|RPGR_HUMAN X-linked retinitis pigmentosa GTPase regulator OS=Homo sapiens OX=9606 GN=RPGR PE=1 SV=2	1020
P27816	sp|P27816|MAP4_HUMAN Microtubule-associated protein 4 OS=Homo sapiens OX=9606 GN=MAP4 PE=1 SV=3	1022
E9PAV3	sp|E9PAV3|NACAM_HUMAN Nascent polypeptide-associated complex subunit alpha, muscle-specific form OS=Homo sapiens OX=9606 GN=NACA PE=1 SV=1	1022
Q9NQC3	sp|Q9NQC3|RTN4_HUMAN Reticulon-4 OS=Homo sapiens OX=9606 GN=RTN4 PE=1 SV=2	1022
Q99569	sp|Q99569|PKP4_HUMAN Plakophilin-4 OS=Homo sapiens OX=9606 GN=PKP4 PE=1 SV=2	1022
O95197	sp|O95197|RTN3_HUMAN Reticulon-3 OS=Homo sapiens OX=9606 GN=RTN3 PE=1 SV=2	1022
O43896	sp|O43896|KIF1C_HUMAN Kinesin-like protein KIF1C OS=Homo sapiens OX=9606 GN=KIF1C PE=1 SV=3	1022
O95819	sp|O95819|M4K4_HUMAN Mitogen-activated protein kinase kinase kinase kinase 4 OS=Homo sapiens OX=9606 GN=MAP4K4 PE=1 SV=2	1022
Q03001	sp|Q03001|DYST_HUMAN Dystonin OS=Homo sapiens OX=9606 GN=DST PE=1 SV=4	1022
Q9BZC7	sp|Q9BZC7|ABCA2_HUMAN ATP-binding cassette sub-family A member 2 OS=Homo sapiens OX=9606 GN=ABCA2 PE=1 SV=4	1022
Q02246	sp|Q02246|CNTN2_HUMAN Contactin-2 OS=Homo sapiens OX=9606 GN=CNTN2 PE=1 SV=1	1022
Q9H4A3	sp|Q9H4A3|WNK1_HUMAN Serine/threonine-protein kinase WNK1 OS=Homo sapiens OX=9606 GN=WNK1 PE=1 SV=2	1022
Q05469	sp|Q05469|LIPS_HUMAN Hormone-sensitive lipase OS=Homo sapiens OX=9606 GN=LIPE PE=1 SV=4	1022
Q86UP2	sp|Q86UP2|KTN1_HUMAN Kinectin OS=Homo sapiens OX=9606 GN=KTN1 PE=1 SV=1	1022
Q9H2X6	sp|Q9H2X6|HIPK2_HUMAN Homeodomain-interacting protein kinase 2 OS=Homo sapiens OX=9606 GN=HIPK2 PE=1 SV=2	1022
P05023	sp|P05023|AT1A1_HUMAN Sodium/potassium-transporting ATPase subunit alpha-1 OS=Homo sapiens OX=9606 GN=ATP1A1 PE=1 SV=1	1022
P46821	sp|P46821|MAP1B_HUMAN Microtubule-associated protein 1B OS=Homo sapiens OX=9606 GN=MAP1B PE=1 SV=2	1022
O15056	sp|O15056|SYNJ2_HUMAN Synaptojanin-2 OS=Homo sapiens OX=9606 GN=SYNJ2 PE=1 SV=3	1022
Q6ZMQ8	sp|Q6ZMQ8|LMTK1_HUMAN Serine/threonine-protein kinase LMTK1 OS=Homo sapiens OX=9606 GN=AATK PE=1 SV=2	1022
P01023	sp|P01023|A2MG_HUMAN Alpha-2-macroglobulin OS=Homo sapiens OX=9606 GN=A2M PE=1 SV=3	1022
Q9C0A0	sp|Q9C0A0|CNTP4_HUMAN Contactin-associated protein-like 4 OS=Homo sapiens OX=9606 GN=CNTNAP4 PE=1 SV=3	1022
Q9ULD2	sp|Q9ULD2|MTUS1_HUMAN Microtubule-associated tumor suppressor 1 OS=Homo sapiens OX=9606 GN=MTUS1 PE=1 SV=2	1022
Q9ULL4	sp|Q9ULL4|PLXB3_HUMAN Plexin-B3 OS=Homo sapiens OX=9606 GN=PLXNB3 PE=1 SV=2	1022
O75533	sp|O75533|SF3B1_HUMAN Splicing factor 3B subunit 1 OS=Homo sapiens OX=9606 GN=SF3B1 PE=1 SV=3	1022
Q14203	sp|Q14203|DCTN1_HUMAN Dynactin subunit 1 OS=Homo sapiens OX=9606 GN=DCTN1 PE=1 SV=3	1022
Q01082	sp|Q01082|SPTB2_HUMAN Spectrin beta chain, non-erythrocytic 1 OS=Homo sapiens OX=9606 GN=SPTBN1 PE=1 SV=2	1022
Q00610	sp|Q00610|CLH1_HUMAN Clathrin heavy chain 1 OS=Homo sapiens OX=9606 GN=CLTC PE=1 SV=5	1022
P22314	sp|P22314|UBA1_HUMAN Ubiquitin-like modifier-activating enzyme 1 OS=Homo sapiens OX=9606 GN=UBA1 PE=1 SV=3	1022
Q9UDT6	sp|Q9UDT6|CLIP2_HUMAN CAP-Gly domain-containing linker protein 2 OS=Homo sapiens OX=9606 GN=CLIP2 PE=1 SV=1	1022
P39060	sp|P39060|COIA1_HUMAN Collagen alpha-1(XVIII) chain OS=Homo sapiens OX=9606 GN=COL18A1 PE=1 SV=5	1022
Q05397	sp|Q05397|FAK1_HUMAN Focal adhesion kinase 1 OS=Homo sapiens OX=9606 GN=PTK2 PE=1 SV=2	1022
O60841	sp|O60841|IF2P_HUMAN Eukaryotic translation initiation factor 5B OS=Homo sapiens OX=9606 GN=EIF5B PE=1 SV=4	1022
Q13459	sp|Q13459|MYO9B_HUMAN Unconventional myosin-IXb OS=Homo sapiens OX=9606 GN=MYO9B PE=1 SV=3	1022
Q9UPN3	sp|Q9UPN3|MACF1_HUMAN Microtubule-actin cross-linking factor 1, isoforms 1/2/3/4/5 OS=Homo sapiens OX=9606 GN=MACF1 PE=1 SV=4	1022
O60271	sp|O60271|JIP4_HUMAN C-Jun-amino-terminal kinase-interacting protein 4 OS=Homo sapiens OX=9606 GN=SPAG9 PE=1 SV=4	1022
Q92617	sp|Q92617|NPIB3_HUMAN Nuclear pore complex-interacting protein family member B3 OS=Homo sapiens OX=9606 GN=NPIPB3 PE=1 SV=5	1022
Q6IQ26	sp|Q6IQ26|DEN5A_HUMAN DENN domain-containing protein 5A OS=Homo sapiens OX=9606 GN=DENND5A PE=1 SV=2	1022
Q70EL1	sp|Q70EL1|UBP54_HUMAN Ubiquitin carboxyl-terminal hydrolase 54 OS=Homo sapiens OX=9606 GN=USP54 PE=1 SV=4	1022
Q9Y2G1	sp|Q9Y2G1|MYRF_HUMAN Myelin regulatory factor OS=Homo sapiens OX=9606 GN=MYRF PE=1 SV=3	1022
P54259	sp|P54259|ATN1_HUMAN Atrophin-1 OS=Homo sapiens OX=9606 GN=ATN1 PE=1 SV=3	1022
Q5JPE7	sp|Q5JPE7|NOMO2_HUMAN BOS complex subunit NOMO2 OS=Homo sapiens OX=9606 GN=NOMO2 PE=1 SV=1	1022
Q9UDY2	sp|Q9UDY2|ZO2_HUMAN Tight junction protein 2 OS=Homo sapiens OX=9606 GN=TJP2 PE=1 SV=2	1022
O15118	sp|O15118|NPC1_HUMAN NPC intracellular cholesterol transporter 1 OS=Homo sapiens OX=9606 GN=NPC1 PE=1 SV=2	1022
P53621	sp|P53621|COPA_HUMAN Coatomer subunit alpha OS=Homo sapiens OX=9606 GN=COPA PE=1 SV=2	1022
P01024	sp|P01024|CO3_HUMAN Complement C3 OS=Homo sapiens OX=9606 GN=C3 PE=1 SV=2	1022
Q9Y2J2	sp|Q9Y2J2|E41L3_HUMAN Band 4.1-like protein 3 OS=Homo sapiens OX=9606 GN=EPB41L3 PE=1 SV=2	1022
P21860	sp|P21860|ERBB3_HUMAN Receptor tyrosine-protein kinase erbB-3 OS=Homo sapiens OX=9606 GN=ERBB3 PE=1 SV=1	1022
Q00341	sp|Q00341|VIGLN_HUMAN Vigilin OS=Homo sapiens OX=9606 GN=HDLBP PE=1 SV=3	1022
P78559	sp|P78559|MAP1A_HUMAN Microtubule-associated protein 1A OS=Homo sapiens OX=9606 GN=MAP1A PE=1 SV=6	1022
Q9BZ29	sp|Q9BZ29|DOCK9_HUMAN Dedicator of cytokinesis protein 9 OS=Homo sapiens OX=9606 GN=DOCK9 PE=1 SV=2	1022
Q8WWM7	sp|Q8WWM7|ATX2L_HUMAN Ataxin-2-like protein OS=Homo sapiens OX=9606 GN=ATXN2L PE=1 SV=2	1022
Q9H2E6	sp|Q9H2E6|SEM6A_HUMAN Semaphorin-6A OS=Homo sapiens OX=9606 GN=SEMA6A PE=1 SV=3	1022
Q9Y2H2	sp|Q9Y2H2|SAC2_HUMAN Phosphatidylinositide 4-phosphatase SAC2 OS=Homo sapiens OX=9606 GN=INPP5F PE=1 SV=3	1022
Q9HBL0	sp|Q9HBL0|TENS1_HUMAN Tensin-1 OS=Homo sapiens OX=9606 GN=TNS1 PE=1 SV=3	1022
P28290	sp|P28290|ITPI2_HUMAN Protein ITPRID2 OS=Homo sapiens OX=9606 GN=ITPRID2 PE=1 SV=3	1022
O60333	sp|O60333|KIF1B_HUMAN Kinesin-like protein KIF1B OS=Homo sapiens OX=9606 GN=KIF1B PE=1 SV=5	1022
P49641	sp|P49641|MA2A2_HUMAN Alpha-mannosidase 2x OS=Homo sapiens OX=9606 GN=MAN2A2 PE=1 SV=3	1022
Q6P2Q9	sp|Q6P2Q9|PRP8_HUMAN Pre-mRNA-processing-splicing factor 8 OS=Homo sapiens OX=9606 GN=PRPF8 PE=1 SV=2	1022
Q63HR2	sp|Q63HR2|TENS2_HUMAN Tensin-2 OS=Homo sapiens OX=9606 GN=TNS2 PE=1 SV=2	1022
Q9UQ35	sp|Q9UQ35|SRRM2_HUMAN Serine/arginine repetitive matrix protein 2 OS=Homo sapiens OX=9606 GN=SRRM2 PE=1 SV=2	1022
P16144	sp|P16144|ITB4_HUMAN Integrin beta-4 OS=Homo sapiens OX=9606 GN=ITGB4 PE=1 SV=5	1022
Q07912	sp|Q07912|ACK1_HUMAN Activated CDC42 kinase 1 OS=Homo sapiens OX=9606 GN=TNK2 PE=1 SV=3	1022
P78332	sp|P78332|RBM6_HUMAN RNA-binding protein 6 OS=Homo sapiens OX=9606 GN=RBM6 PE=1 SV=5	1022
P39880	sp|P39880|CUX1_HUMAN Homeobox protein cut-like 1 OS=Homo sapiens OX=9606 GN=CUX1 PE=1 SV=3	1022
O94979	sp|O94979|SC31A_HUMAN Protein transport protein Sec31A OS=Homo sapiens OX=9606 GN=SEC31A PE=1 SV=3	1022
A8MRT5	sp|A8MRT5|NPIB5_HUMAN Nuclear pore complex-interacting protein family member B5 OS=Homo sapiens OX=9606 GN=NPIPB5 PE=2 SV=3	1022
Q07157	sp|Q07157|ZO1_HUMAN Tight junction protein 1 OS=Homo sapiens OX=9606 GN=TJP1 PE=1 SV=3	1022
P29597	sp|P29597|TYK2_HUMAN Non-receptor tyrosine-protein kinase TYK2 OS=Homo sapiens OX=9606 GN=TYK2 PE=1 SV=3	1022
Q9P2E9	sp|Q9P2E9|RRBP1_HUMAN Ribosome-binding protein 1 OS=Homo sapiens OX=9606 GN=RRBP1 PE=1 SV=5	1022
Q70CQ2	sp|Q70CQ2|UBP34_HUMAN Ubiquitin carboxyl-terminal hydrolase 34 OS=Homo sapiens OX=9606 GN=USP34 PE=1 SV=2	1022
Q7Z3K3	sp|Q7Z3K3|POGZ_HUMAN Pogo transposable element with ZNF domain OS=Homo sapiens OX=9606 GN=POGZ PE=1 SV=2	1022
P23468	sp|P23468|PTPRD_HUMAN Receptor-type tyrosine-protein phosphatase delta OS=Homo sapiens OX=9606 GN=PTPRD PE=1 SV=2	1022
Q12772	sp|Q12772|SRBP2_HUMAN Sterol regulatory element-binding protein 2 OS=Homo sapiens OX=9606 GN=SREBF2 PE=1 SV=2	1022
P18583	sp|P18583|SON_HUMAN Protein SON OS=Homo sapiens OX=9606 GN=SON PE=1 SV=4	1022
Q14980	sp|Q14980|NUMA1_HUMAN Nuclear mitotic apparatus protein 1 OS=Homo sapiens OX=9606 GN=NUMA1 PE=1 SV=2	1022
Q12955	sp|Q12955|ANK3_HUMAN Ankyrin-3 OS=Homo sapiens OX=9606 GN=ANK3 PE=1 SV=3	1022
Q15746	sp|Q15746|MYLK_HUMAN Myosin light chain kinase, smooth muscle OS=Homo sapiens OX=9606 GN=MYLK PE=1 SV=4	1022
P23471	sp|P23471|PTPRZ_HUMAN Receptor-type tyrosine-protein phosphatase zeta OS=Homo sapiens OX=9606 GN=PTPRZ1 PE=1 SV=4	1022
Q9Y2I1	sp|Q9Y2I1|NISCH_HUMAN Nischarin OS=Homo sapiens OX=9606 GN=NISCH PE=1 SV=3	1022
P00519	sp|P00519|ABL1_HUMAN Tyrosine-protein kinase ABL1 OS=Homo sapiens OX=9606 GN=ABL1 PE=1 SV=4	1022
Q8WUY3	sp|Q8WUY3|PRUN2_HUMAN Protein prune homolog 2 OS=Homo sapiens OX=9606 GN=PRUNE2 PE=1 SV=3	1022
Q7Z6Z7	sp|Q7Z6Z7|HUWE1_HUMAN E3 ubiquitin-protein ligase HUWE1 OS=Homo sapiens OX=9606 GN=HUWE1 PE=1 SV=3	1022
Q8NF91	sp|Q8NF91|SYNE1_HUMAN Nesprin-1 OS=Homo sapiens OX=9606 GN=SYNE1 PE=1 SV=4	1022
Q8IWB9	sp|Q8IWB9|TEX2_HUMAN Testis-expressed protein 2 OS=Homo sapiens OX=9606 GN=TEX2 PE=1 SV=2	1022
P23458	sp|P23458|JAK1_HUMAN Tyrosine-protein kinase JAK1 OS=Homo sapiens OX=9606 GN=JAK1 PE=1 SV=2	1022
Q96BY6	sp|Q96BY6|DOC10_HUMAN Dedicator of cytokinesis protein 10 OS=Homo sapiens OX=9606 GN=DOCK10 PE=1 SV=3	1022
Q24JP5	sp|Q24JP5|T132A_HUMAN Transmembrane protein 132A OS=Homo sapiens OX=9606 GN=TMEM132A PE=1 SV=1	1022
Q9Y4D7	sp|Q9Y4D7|PLXD1_HUMAN Plexin-D1 OS=Homo sapiens OX=9606 GN=PLXND1 PE=1 SV=3	1022
P06756	sp|P06756|ITAV_HUMAN Integrin alpha-V OS=Homo sapiens OX=9606 GN=ITGAV PE=1 SV=2	1022
O75110	sp|O75110|ATP9A_HUMAN Probable phospholipid-transporting ATPase IIA OS=Homo sapiens OX=9606 GN=ATP9A PE=1 SV=3	1022
Q9Y5S2	sp|Q9Y5S2|MRCKB_HUMAN Serine/threonine-protein kinase MRCK beta OS=Homo sapiens OX=9606 GN=CDC42BPB PE=1 SV=2	1022
P49327	sp|P49327|FAS_HUMAN Fatty acid synthase OS=Homo sapiens OX=9606 GN=FASN PE=1 SV=3	1022
Q9Y618	sp|Q9Y618|NCOR2_HUMAN Nuclear receptor corepressor 2 OS=Homo sapiens OX=9606 GN=NCOR2 PE=1 SV=3	1022
Q12767	sp|Q12767|TMM94_HUMAN Transmembrane protein 94 OS=Homo sapiens OX=9606 GN=TMEM94 PE=1 SV=1	1022
Q9UHC6	sp|Q9UHC6|CNTP2_HUMAN Contactin-associated protein-like 2 OS=Homo sapiens OX=9606 GN=CNTNAP2 PE=1 SV=1	1022
Q9NQT8	sp|Q9NQT8|KI13B_HUMAN Kinesin-like protein KIF13B OS=Homo sapiens OX=9606 GN=KIF13B PE=1 SV=2	1022
Q9UKV3	sp|Q9UKV3|ACINU_HUMAN Apoptotic chromatin condensation inducer in the nucleus OS=Homo sapiens OX=9606 GN=ACIN1 PE=1 SV=2	1022
O43847	sp|O43847|NRDC_HUMAN Nardilysin OS=Homo sapiens OX=9606 GN=NRDC PE=1 SV=3	1022
Q02218	sp|Q02218|ODO1_HUMAN 2-oxoglutarate dehydrogenase complex component E1 OS=Homo sapiens OX=9606 GN=OGDH PE=1 SV=3	1022
Q10570	sp|Q10570|CPSF1_HUMAN Cleavage and polyadenylation specificity factor subunit 1 OS=Homo sapiens OX=9606 GN=CPSF1 PE=1 SV=2	1022
Q14839	sp|Q14839|CHD4_HUMAN ATP-dependent chromatin remodeler CHD4 OS=Homo sapiens OX=9606 GN=CHD4 PE=1 SV=2	1022
Q9H2X9	sp|Q9H2X9|S12A5_HUMAN Solute carrier family 12 member 5 OS=Homo sapiens OX=9606 GN=SLC12A5 PE=1 SV=3	1022
Q9P2J5	sp|Q9P2J5|SYLC_HUMAN Leucine--tRNA ligase, cytoplasmic OS=Homo sapiens OX=9606 GN=LARS1 PE=1 SV=2	1022
P53396	sp|P53396|ACLY_HUMAN ATP-citrate synthase OS=Homo sapiens OX=9606 GN=ACLY PE=1 SV=3	1022
Q15155	sp|Q15155|NOMO1_HUMAN BOS complex subunit NOMO1 OS=Homo sapiens OX=9606 GN=NOMO1 PE=1 SV=5	1022
Q8IYT8	sp|Q8IYT8|ULK2_HUMAN Serine/threonine-protein kinase ULK2 OS=Homo sapiens OX=9606 GN=ULK2 PE=1 SV=3	1022
Q5T4S7	sp|Q5T4S7|UBR4_HUMAN E3 ubiquitin-protein ligase UBR4 OS=Homo sapiens OX=9606 GN=UBR4 PE=1 SV=1	1022
P48681	sp|P48681|NEST_HUMAN Nestin OS=Homo sapiens OX=9606 GN=NES PE=1 SV=2	1022
Q14185	sp|Q14185|DOCK1_HUMAN Dedicator of cytokinesis protein 1 OS=Homo sapiens OX=9606 GN=DOCK1 PE=1 SV=2	1022
Q6PKG0	sp|Q6PKG0|LARP1_HUMAN La-related protein 1 OS=Homo sapiens OX=9606 GN=LARP1 PE=1 SV=2	1022
P11137	sp|P11137|MTAP2_HUMAN Microtubule-associated protein 2 OS=Homo sapiens OX=9606 GN=MAP2 PE=1 SV=4	1022
P35579	sp|P35579|MYH9_HUMAN Myosin-9 OS=Homo sapiens OX=9606 GN=MYH9 PE=1 SV=4	1022
Q92508	sp|Q92508|PIEZ1_HUMAN Piezo-type mechanosensitive ion channel component 1 OS=Homo sapiens OX=9606 GN=PIEZO1 PE=1 SV=4	1022
Q9NY15	sp|Q9NY15|STAB1_HUMAN Stabilin-1 OS=Homo sapiens OX=9606 GN=STAB1 PE=1 SV=3	1022
Q04637	sp|Q04637|IF4G1_HUMAN Eukaryotic translation initiation factor 4 gamma 1 OS=Homo sapiens OX=9606 GN=EIF4G1 PE=1 SV=4	1022
Q9NSC2	sp|Q9NSC2|SALL1_HUMAN Sal-like protein 1 OS=Homo sapiens OX=9606 GN=SALL1 PE=1 SV=2	1022
Q9UQL6	sp|Q9UQL6|HDAC5_HUMAN Histone deacetylase 5 OS=Homo sapiens OX=9606 GN=HDAC5 PE=1 SV=2	1022
Q9Y3P9	sp|Q9Y3P9|RBGP1_HUMAN Rab GTPase-activating protein 1 OS=Homo sapiens OX=9606 GN=RABGAP1 PE=1 SV=3	1022
P48634	sp|P48634|PRC2A_HUMAN Protein PRRC2A OS=Homo sapiens OX=9606 GN=PRRC2A PE=1 SV=3	1022
Q9UPW5	sp|Q9UPW5|CBPC1_HUMAN Cytosolic carboxypeptidase 1 OS=Homo sapiens OX=9606 GN=AGTPBP1 PE=1 SV=3	1022
Q9Y2A7	sp|Q9Y2A7|NCKP1_HUMAN Nck-associated protein 1 OS=Homo sapiens OX=9606 GN=NCKAP1 PE=1 SV=1	1022
Q9Y490	sp|Q9Y490|TLN1_HUMAN Talin-1 OS=Homo sapiens OX=9606 GN=TLN1 PE=1 SV=3	1022
Q09666	sp|Q09666|AHNK_HUMAN Neuroblast differentiation-associated protein AHNAK OS=Homo sapiens OX=9606 GN=AHNAK PE=1 SV=2	1022
O60346	sp|O60346|PHLP1_HUMAN PH domain leucine-rich repeat-containing protein phosphatase 1 OS=Homo sapiens OX=9606 GN=PHLPP1 PE=1 SV=3	1022
O00410	sp|O00410|IPO5_HUMAN Importin-5 OS=Homo sapiens OX=9606 GN=IPO5 PE=1 SV=4	1022
O60266	sp|O60266|ADCY3_HUMAN Adenylate cyclase type 3 OS=Homo sapiens OX=9606 GN=ADCY3 PE=1 SV=3	1022
O95373	sp|O95373|IPO7_HUMAN Importin-7 OS=Homo sapiens OX=9606 GN=IPO7 PE=1 SV=1	1022
Q2LD37	sp|Q2LD37|BLTP1_HUMAN Bridge-like lipid transfer protein family member 1 OS=Homo sapiens OX=9606 GN=BLTP1 PE=1 SV=2	1022
O15294	sp|O15294|OGT1_HUMAN UDP-N-acetylglucosamine--peptide N-acetylglucosaminyltransferase 110 kDa subunit OS=Homo sapiens OX=9606 GN=OGT PE=1 SV=3	1022
P49796	sp|P49796|RGS3_HUMAN Regulator of G-protein signaling 3 OS=Homo sapiens OX=9606 GN=RGS3 PE=1 SV=2	1022
O15357	sp|O15357|SHIP2_HUMAN Phosphatidylinositol 3,4,5-trisphosphate 5-phosphatase 2 OS=Homo sapiens OX=9606 GN=INPPL1 PE=1 SV=2	1022
Q16531	sp|Q16531|DDB1_HUMAN DNA damage-binding protein 1 OS=Homo sapiens OX=9606 GN=DDB1 PE=1 SV=1	1022
O15440	sp|O15440|MRP5_HUMAN ATP-binding cassette sub-family C member 5 OS=Homo sapiens OX=9606 GN=ABCC5 PE=1 SV=2	1022
O94911	sp|O94911|ABCA8_HUMAN ABC-type organic anion transporter ABCA8 OS=Homo sapiens OX=9606 GN=ABCA8 PE=1 SV=4	1022
Q92859	sp|Q92859|NEO1_HUMAN Neogenin OS=Homo sapiens OX=9606 GN=NEO1 PE=1 SV=2	1022
P55011	sp|P55011|S12A2_HUMAN Solute carrier family 12 member 2 OS=Homo sapiens OX=9606 GN=SLC12A2 PE=1 SV=1	1022
Q13045	sp|Q13045|FLII_HUMAN Protein flightless-1 homolog OS=Homo sapiens OX=9606 GN=FLII PE=1 SV=2	1022
Q13439	sp|Q13439|GOGA4_HUMAN Golgin subfamily A member 4 OS=Homo sapiens OX=9606 GN=GOLGA4 PE=1 SV=1	1022
O00291	sp|O00291|HIP1_HUMAN Huntingtin-interacting protein 1 OS=Homo sapiens OX=9606 GN=HIP1 PE=1 SV=5	1022
Q8N2Y8	sp|Q8N2Y8|RUSC2_HUMAN AP-4 complex accessory subunit RUSC2 OS=Homo sapiens OX=9606 GN=RUSC2 PE=1 SV=3	1022
Q8IY17	sp|Q8IY17|PLPL6_HUMAN Patatin-like phospholipase domain-containing protein 6 OS=Homo sapiens OX=9606 GN=PNPLA6 PE=1 SV=3	1022
Q9NTJ4	sp|Q9NTJ4|MA2C1_HUMAN Alpha-mannosidase 2C1 OS=Homo sapiens OX=9606 GN=MAN2C1 PE=1 SV=1	1022
Q92673	sp|Q92673|SORL_HUMAN Sortilin-related receptor OS=Homo sapiens OX=9606 GN=SORL1 PE=1 SV=2	1022
Q9NQ11	sp|Q9NQ11|AT132_HUMAN Polyamine-transporting ATPase 13A2 OS=Homo sapiens OX=9606 GN=ATP13A2 PE=1 SV=2	1022
Q14966	sp|Q14966|ZN638_HUMAN Zinc finger protein 638 OS=Homo sapiens OX=9606 GN=ZNF638 PE=1 SV=2	1022
Q5TAX3	sp|Q5TAX3|TUT4_HUMAN Terminal uridylyltransferase 4 OS=Homo sapiens OX=9606 GN=TUT4 PE=1 SV=3	1022
P11498	sp|P11498|PYC_HUMAN Pyruvate carboxylase, mitochondrial OS=Homo sapiens OX=9606 GN=PC PE=1 SV=2	1022
P04920	sp|P04920|B3A2_HUMAN Anion exchange protein 2 OS=Homo sapiens OX=9606 GN=SLC4A2 PE=1 SV=4	1022
P55265	sp|P55265|DSRAD_HUMAN Double-stranded RNA-specific adenosine deaminase OS=Homo sapiens OX=9606 GN=ADAR PE=1 SV=4	1022
Q7Z406	sp|Q7Z406|MYH14_HUMAN Myosin-14 OS=Homo sapiens OX=9606 GN=MYH14 PE=1 SV=2	1022
Q6GYQ0	sp|Q6GYQ0|RGPA1_HUMAN Ral GTPase-activating protein subunit alpha-1 OS=Homo sapiens OX=9606 GN=RALGAPA1 PE=1 SV=1	1022
Q9NZB2	sp|Q9NZB2|F120A_HUMAN Constitutive coactivator of PPAR-gamma-like protein 1 OS=Homo sapiens OX=9606 GN=FAM120A PE=1 SV=2	1022
P02751	sp|P02751|FINC_HUMAN Fibronectin OS=Homo sapiens OX=9606 GN=FN1 PE=1 SV=5	1022
P10586	sp|P10586|PTPRF_HUMAN Receptor-type tyrosine-protein phosphatase F OS=Homo sapiens OX=9606 GN=PTPRF PE=1 SV=2	1022
Q92896	sp|Q92896|GSLG1_HUMAN Golgi apparatus protein 1 OS=Homo sapiens OX=9606 GN=GLG1 PE=1 SV=2	1022
Q8IX21	sp|Q8IX21|SLF2_HUMAN SMC5-SMC6 complex localization factor protein 2 OS=Homo sapiens OX=9606 GN=SLF2 PE=1 SV=2	1022
Q5SW79	sp|Q5SW79|CE170_HUMAN Centrosomal protein of 170 kDa OS=Homo sapiens OX=9606 GN=CEP170 PE=1 SV=1	1022
O14976	sp|O14976|GAK_HUMAN Cyclin-G-associated kinase OS=Homo sapiens OX=9606 GN=GAK PE=1 SV=2	1022
Q12830	sp|Q12830|BPTF_HUMAN Nucleosome-remodeling factor subunit BPTF OS=Homo sapiens OX=9606 GN=BPTF PE=1 SV=3	1022
Q13085	sp|Q13085|ACACA_HUMAN Acetyl-CoA carboxylase 1 OS=Homo sapiens OX=9606 GN=ACACA PE=1 SV=2	1022
Q14669	sp|Q14669|TRIPC_HUMAN E3 ubiquitin-protein ligase TRIP12 OS=Homo sapiens OX=9606 GN=TRIP12 PE=1 SV=2	1022
Q8N4C8	sp|Q8N4C8|MINK1_HUMAN Misshapen-like kinase 1 OS=Homo sapiens OX=9606 GN=MINK1 PE=1 SV=2	1022
Q92538	sp|Q92538|GBF1_HUMAN Golgi-specific brefeldin A-resistance guanine nucleotide exchange factor 1 OS=Homo sapiens OX=9606 GN=GBF1 PE=1 SV=3	1022
Q9H2P0	sp|Q9H2P0|ADNP_HUMAN Activity-dependent neuroprotector homeobox protein OS=Homo sapiens OX=9606 GN=ADNP PE=1 SV=1	1022
P30414	sp|P30414|NKTR_HUMAN NK-tumor recognition protein OS=Homo sapiens OX=9606 GN=NKTR PE=1 SV=2	1022
Q9UL54	sp|Q9UL54|TAOK2_HUMAN Serine/threonine-protein kinase TAO2 OS=Homo sapiens OX=9606 GN=TAOK2 PE=1 SV=2	1022
O95622	sp|O95622|ADCY5_HUMAN Adenylate cyclase type 5 OS=Homo sapiens OX=9606 GN=ADCY5 PE=1 SV=3	1022
Q7L2E3	sp|Q7L2E3|DHX30_HUMAN ATP-dependent RNA helicase DHX30 OS=Homo sapiens OX=9606 GN=DHX30 PE=1 SV=1	1022
P51532	sp|P51532|SMCA4_HUMAN SWI/SNF-related matrix-associated actin-dependent regulator of chromatin subfamily A member 4 OS=Homo sapiens OX=9606 GN=SMARCA4 PE=1 SV=2	1022
Q86UV5	sp|Q86UV5|UBP48_HUMAN Ubiquitin carboxyl-terminal hydrolase 48 OS=Homo sapiens OX=9606 GN=USP48 PE=1 SV=1	1022
O94910	sp|O94910|AGRL1_HUMAN Adhesion G protein-coupled receptor L1 OS=Homo sapiens OX=9606 GN=ADGRL1 PE=1 SV=1	1022
P07814	sp|P07814|SYEP_HUMAN Bifunctional glutamate/proline--tRNA ligase OS=Homo sapiens OX=9606 GN=EPRS1 PE=1 SV=5	1022
P36956	sp|P36956|SRBP1_HUMAN Sterol regulatory element-binding protein 1 OS=Homo sapiens OX=9606 GN=SREBF1 PE=1 SV=2	1022
P17948	sp|P17948|VGFR1_HUMAN Vascular endothelial growth factor receptor 1 OS=Homo sapiens OX=9606 GN=FLT1 PE=1 SV=2	1022
Q8NI27	sp|Q8NI27|THOC2_HUMAN THO complex subunit 2 OS=Homo sapiens OX=9606 GN=THOC2 PE=1 SV=2	1022
P35658	sp|P35658|NU214_HUMAN Nuclear pore complex protein Nup214 OS=Homo sapiens OX=9606 GN=NUP214 PE=1 SV=2	1022
C9JG80	sp|C9JG80|NPIB4_HUMAN Nuclear pore complex-interacting protein family member B4 OS=Homo sapiens OX=9606 GN=NPIPB4 PE=3 SV=2	1022
Q13009	sp|Q13009|TIAM1_HUMAN Rho guanine nucleotide exchange factor TIAM1 OS=Homo sapiens OX=9606 GN=TIAM1 PE=1 SV=2	1022
Q9GZR1	sp|Q9GZR1|SENP6_HUMAN Sentrin-specific protease 6 OS=Homo sapiens OX=9606 GN=SENP6 PE=1 SV=2	1022
O00203	sp|O00203|AP3B1_HUMAN AP-3 complex subunit beta-1 OS=Homo sapiens OX=9606 GN=AP3B1 PE=1 SV=3	1022
Q13017	sp|Q13017|RHG05_HUMAN Rho GTPase-activating protein 5 OS=Homo sapiens OX=9606 GN=ARHGAP5 PE=1 SV=2	1022
O14617	sp|O14617|AP3D1_HUMAN AP-3 complex subunit delta-1 OS=Homo sapiens OX=9606 GN=AP3D1 PE=1 SV=1	1022
Q14678	sp|Q14678|KANK1_HUMAN KN motif and ankyrin repeat domain-containing protein 1 OS=Homo sapiens OX=9606 GN=KANK1 PE=1 SV=3	1022
Q8IUX7	sp|Q8IUX7|AEBP1_HUMAN Adipocyte enhancer-binding protein 1 OS=Homo sapiens OX=9606 GN=AEBP1 PE=1 SV=1	1022
Q9NSI6	sp|Q9NSI6|BRWD1_HUMAN Bromodomain and WD repeat-containing protein 1 OS=Homo sapiens OX=9606 GN=BRWD1 PE=1 SV=4	1022
Q07890	sp|Q07890|SOS2_HUMAN Son of sevenless homolog 2 OS=Homo sapiens OX=9606 GN=SOS2 PE=1 SV=2	1022
Q08211	sp|Q08211|DHX9_HUMAN ATP-dependent RNA helicase A OS=Homo sapiens OX=9606 GN=DHX9 PE=1 SV=4	1022
P51531	sp|P51531|SMCA2_HUMAN SWI/SNF-related matrix-associated actin-dependent regulator of chromatin subfamily A member 2 OS=Homo sapiens OX=9606 GN=SMARCA2 PE=1 SV=2	1022
O14647	sp|O14647|CHD2_HUMAN ATP-dependent chromatin remodeler CHD2 OS=Homo sapiens OX=9606 GN=CHD2 PE=1 SV=2	1022
Q15149	sp|Q15149|PLEC_HUMAN Plectin OS=Homo sapiens OX=9606 GN=PLEC PE=1 SV=3	1022
Q7KZ85	sp|Q7KZ85|SPT6H_HUMAN Transcription elongation factor SPT6 OS=Homo sapiens OX=9606 GN=SUPT6H PE=1 SV=2	1022
Q8NFA0	sp|Q8NFA0|UBP32_HUMAN Ubiquitin carboxyl-terminal hydrolase 32 OS=Homo sapiens OX=9606 GN=USP32 PE=1 SV=1	1022
Q641Q2	sp|Q641Q2|WAC2A_HUMAN WASH complex subunit 2A OS=Homo sapiens OX=9606 GN=WASHC2A PE=1 SV=3	1022
Q9UM54	sp|Q9UM54|MYO6_HUMAN Unconventional myosin-VI OS=Homo sapiens OX=9606 GN=MYO6 PE=1 SV=4	1022
Q92620	sp|Q92620|PRP16_HUMAN Pre-mRNA-splicing factor ATP-dependent RNA helicase PRP16 OS=Homo sapiens OX=9606 GN=DHX38 PE=1 SV=2	1022
Q99758	sp|Q99758|ABCA3_HUMAN Phospholipid-transporting ATPase ABCA3 OS=Homo sapiens OX=9606 GN=ABCA3 PE=1 SV=2	1022
Q9HBR0	sp|Q9HBR0|S38AA_HUMAN Solute carrier family 38 member 10 OS=Homo sapiens OX=9606 GN=SLC38A10 PE=1 SV=2	1022
Q13029	sp|Q13029|PRDM2_HUMAN PR domain zinc finger protein 2 OS=Homo sapiens OX=9606 GN=PRDM2 PE=1 SV=3	1022
P16615	sp|P16615|AT2A2_HUMAN Sarcoplasmic/endoplasmic reticulum calcium ATPase 2 OS=Homo sapiens OX=9606 GN=ATP2A2 PE=1 SV=1	1022
Q7RTP6	sp|Q7RTP6|MICA3_HUMAN [F-actin]-monooxygenase MICAL3 OS=Homo sapiens OX=9606 GN=MICAL3 PE=1 SV=2	1022
Q9UIG0	sp|Q9UIG0|BAZ1B_HUMAN Tyrosine-protein kinase BAZ1B OS=Homo sapiens OX=9606 GN=BAZ1B PE=1 SV=2	1022
Q9Y2L6	sp|Q9Y2L6|FRM4B_HUMAN FERM domain-containing protein 4B OS=Homo sapiens OX=9606 GN=FRMD4B PE=1 SV=4	1022
A2RUS2	sp|A2RUS2|DEND3_HUMAN DENN domain-containing protein 3 OS=Homo sapiens OX=9606 GN=DENND3 PE=1 SV=2	1022
O00411	sp|O00411|RPOM_HUMAN DNA-directed RNA polymerase, mitochondrial OS=Homo sapiens OX=9606 GN=POLRMT PE=1 SV=2	1022
O75970	sp|O75970|MPDZ_HUMAN Multiple PDZ domain protein OS=Homo sapiens OX=9606 GN=MPDZ PE=1 SV=2	1022
Q9UKA4	sp|Q9UKA4|AKA11_HUMAN A-kinase anchor protein 11 OS=Homo sapiens OX=9606 GN=AKAP11 PE=1 SV=1	1022
P19174	sp|P19174|PLCG1_HUMAN 1-phosphatidylinositol 4,5-bisphosphate phosphodiesterase gamma-1 OS=Homo sapiens OX=9606 GN=PLCG1 PE=1 SV=1	1022
O75976	sp|O75976|CBPD_HUMAN Carboxypeptidase D OS=Homo sapiens OX=9606 GN=CPD PE=1 SV=2	1022
Q14008	sp|Q14008|CKAP5_HUMAN Cytoskeleton-associated protein 5 OS=Homo sapiens OX=9606 GN=CKAP5 PE=1 SV=3	1022
Q76KP1	sp|Q76KP1|B4GN4_HUMAN N-acetyl-beta-glucosaminyl-glycoprotein 4-beta-N-acetylgalactosaminyltransferase 1 OS=Homo sapiens OX=9606 GN=B4GALNT4 PE=1 SV=1	1022
Q9HC56	sp|Q9HC56|PCDH9_HUMAN Protocadherin-9 OS=Homo sapiens OX=9606 GN=PCDH9 PE=1 SV=2	1022
Q9UIA9	sp|Q9UIA9|XPO7_HUMAN Exportin-7 OS=Homo sapiens OX=9606 GN=XPO7 PE=1 SV=3	1022
Q9BTC0	sp|Q9BTC0|DIDO1_HUMAN Death-inducer obliterator 1 OS=Homo sapiens OX=9606 GN=DIDO1 PE=1 SV=5	1022
Q96JN2	sp|Q96JN2|CC136_HUMAN Coiled-coil domain-containing protein 136 OS=Homo sapiens OX=9606 GN=CCDC136 PE=1 SV=3	1022
Q86Z02	sp|Q86Z02|HIPK1_HUMAN Homeodomain-interacting protein kinase 1 OS=Homo sapiens OX=9606 GN=HIPK1 PE=1 SV=1	1022
Q5VT25	sp|Q5VT25|MRCKA_HUMAN Serine/threonine-protein kinase MRCK alpha OS=Homo sapiens OX=9606 GN=CDC42BPA PE=1 SV=1	1022
Q99590	sp|Q99590|SCAFB_HUMAN Protein SCAF11 OS=Homo sapiens OX=9606 GN=SCAF11 PE=1 SV=2	1022
Q92797	sp|Q92797|SYMPK_HUMAN Symplekin OS=Homo sapiens OX=9606 GN=SYMPK PE=1 SV=2	1022
Q9P2G1	sp|Q9P2G1|AKIB1_HUMAN Ankyrin repeat and IBR domain-containing protein 1 OS=Homo sapiens OX=9606 GN=ANKIB1 PE=1 SV=3	1022
Q9NR48	sp|Q9NR48|ASH1L_HUMAN Histone-lysine N-methyltransferase ASH1L OS=Homo sapiens OX=9606 GN=ASH1L PE=1 SV=2	1022
Q9ULU8	sp|Q9ULU8|CAPS1_HUMAN Calcium-dependent secretion activator 1 OS=Homo sapiens OX=9606 GN=CADPS PE=1 SV=3	1022
Q9Y6J0	sp|Q9Y6J0|CABIN_HUMAN Calcineurin-binding protein cabin-1 OS=Homo sapiens OX=9606 GN=CABIN1 PE=1 SV=1	1022
Q76I76	sp|Q76I76|SSH2_HUMAN Protein phosphatase Slingshot homolog 2 OS=Homo sapiens OX=9606 GN=SSH2 PE=1 SV=1	1022
Q5JRX3	sp|Q5JRX3|PREP_HUMAN Presequence protease, mitochondrial OS=Homo sapiens OX=9606 GN=PITRM1 PE=1 SV=3	1022
P42285	sp|P42285|MTREX_HUMAN Exosome RNA helicase MTR4 OS=Homo sapiens OX=9606 GN=MTREX PE=1 SV=3	1022
Q86VB7	sp|Q86VB7|C163A_HUMAN Scavenger receptor cysteine-rich type 1 protein M130 OS=Homo sapiens OX=9606 GN=CD163 PE=1 SV=2	1022
O43157	sp|O43157|PLXB1_HUMAN Plexin-B1 OS=Homo sapiens OX=9606 GN=PLXNB1 PE=1 SV=3	1022
Q7Z6E9	sp|Q7Z6E9|RBBP6_HUMAN E3 ubiquitin-protein ligase RBBP6 OS=Homo sapiens OX=9606 GN=RBBP6 PE=1 SV=1	1022
Q8WXG6	sp|Q8WXG6|MADD_HUMAN MAP kinase-activating death domain protein OS=Homo sapiens OX=9606 GN=MADD PE=1 SV=2	1022
P20702	sp|P20702|ITAX_HUMAN Integrin alpha-X OS=Homo sapiens OX=9606 GN=ITGAX PE=1 SV=3	1022
O14980	sp|O14980|XPO1_HUMAN Exportin-1 OS=Homo sapiens OX=9606 GN=XPO1 PE=1 SV=1	1022
O96028	sp|O96028|NSD2_HUMAN Histone-lysine N-methyltransferase NSD2 OS=Homo sapiens OX=9606 GN=NSD2 PE=1 SV=1	1022
Q92628	sp|Q92628|K0232_HUMAN Uncharacterized protein KIAA0232 OS=Homo sapiens OX=9606 GN=KIAA0232 PE=1 SV=5	1022
Q12789	sp|Q12789|TF3C1_HUMAN General transcription factor 3C polypeptide 1 OS=Homo sapiens OX=9606 GN=GTF3C1 PE=1 SV=4	1022
Q02880	sp|Q02880|TOP2B_HUMAN DNA topoisomerase 2-beta OS=Homo sapiens OX=9606 GN=TOP2B PE=1 SV=3	1022
Q92835	sp|Q92835|SHIP1_HUMAN Phosphatidylinositol 3,4,5-trisphosphate 5-phosphatase 1 OS=Homo sapiens OX=9606 GN=INPP5D PE=1 SV=2	1022
P00450	sp|P00450|CERU_HUMAN Ceruloplasmin OS=Homo sapiens OX=9606 GN=CP PE=1 SV=2	1022
Q16706	sp|Q16706|MA2A1_HUMAN Alpha-mannosidase 2 OS=Homo sapiens OX=9606 GN=MAN2A1 PE=1 SV=2	1022
P35251	sp|P35251|RFC1_HUMAN Replication factor C subunit 1 OS=Homo sapiens OX=9606 GN=RFC1 PE=1 SV=4	1022
Q8IZA0	sp|Q8IZA0|K319L_HUMAN Dyslexia-associated protein KIAA0319-like protein OS=Homo sapiens OX=9606 GN=KIAA0319L PE=1 SV=2	1022
Q8N2S1	sp|Q8N2S1|LTBP4_HUMAN Latent-transforming growth factor beta-binding protein 4 OS=Homo sapiens OX=9606 GN=LTBP4 PE=1 SV=2	1022
O60524	sp|O60524|NEMF_HUMAN Ribosome quality control complex subunit NEMF OS=Homo sapiens OX=9606 GN=NEMF PE=1 SV=4	1022
Q86UL8	sp|Q86UL8|MAGI2_HUMAN Membrane-associated guanylate kinase, WW and PDZ domain-containing protein 2 OS=Homo sapiens OX=9606 GN=MAGI2 PE=1 SV=3	1022
P04275	sp|P04275|VWF_HUMAN von Willebrand factor OS=Homo sapiens OX=9606 GN=VWF PE=1 SV=4	1022
Q96QB1	sp|Q96QB1|RHG07_HUMAN Rho GTPase-activating protein 7 OS=Homo sapiens OX=9606 GN=DLC1 PE=1 SV=4	1022
Q9C0J8	sp|Q9C0J8|WDR33_HUMAN pre-mRNA 3' end processing protein WDR33 OS=Homo sapiens OX=9606 GN=WDR33 PE=1 SV=2	1022
P98196	sp|P98196|AT11A_HUMAN Phospholipid-transporting ATPase IH OS=Homo sapiens OX=9606 GN=ATP11A PE=1 SV=3	1022
Q12791	sp|Q12791|KCMA1_HUMAN Calcium-activated potassium channel subunit alpha-1 OS=Homo sapiens OX=9606 GN=KCNMA1 PE=1 SV=2	1022
Q5GLZ8	sp|Q5GLZ8|HERC4_HUMAN Probable E3 ubiquitin-protein ligase HERC4 OS=Homo sapiens OX=9606 GN=HERC4 PE=1 SV=1	1022
Q92614	sp|Q92614|MY18A_HUMAN Unconventional myosin-XVIIIa OS=Homo sapiens OX=9606 GN=MYO18A PE=1 SV=3	1022
Q14315	sp|Q14315|FLNC_HUMAN Filamin-C OS=Homo sapiens OX=9606 GN=FLNC PE=1 SV=3	1022
Q9H422	sp|Q9H422|HIPK3_HUMAN Homeodomain-interacting protein kinase 3 OS=Homo sapiens OX=9606 GN=HIPK3 PE=1 SV=1	1022
Q86VP6	sp|Q86VP6|CAND1_HUMAN Cullin-associated NEDD8-dissociated protein 1 OS=Homo sapiens OX=9606 GN=CAND1 PE=1 SV=2	1022
Q13905	sp|Q13905|RPGF1_HUMAN Rap guanine nucleotide exchange factor 1 OS=Homo sapiens OX=9606 GN=RAPGEF1 PE=1 SV=3	1022
Q13393	sp|Q13393|PLD1_HUMAN Phospholipase D1 OS=Homo sapiens OX=9606 GN=PLD1 PE=1 SV=1	1022
Q9H2D6	sp|Q9H2D6|TARA_HUMAN TRIO and F-actin-binding protein OS=Homo sapiens OX=9606 GN=TRIOBP PE=1 SV=3	1022
O75376	sp|O75376|NCOR1_HUMAN Nuclear receptor corepressor 1 OS=Homo sapiens OX=9606 GN=NCOR1 PE=1 SV=2	1022
O95271	sp|O95271|TNKS1_HUMAN Poly [ADP-ribose] polymerase tankyrase-1 OS=Homo sapiens OX=9606 GN=TNKS PE=1 SV=2	1022
Q6P0Q8	sp|Q6P0Q8|MAST2_HUMAN Microtubule-associated serine/threonine-protein kinase 2 OS=Homo sapiens OX=9606 GN=MAST2 PE=1 SV=2	1022
Q92922	sp|Q92922|SMRC1_HUMAN SWI/SNF complex subunit SMARCC1 OS=Homo sapiens OX=9606 GN=SMARCC1 PE=1 SV=3	1022
Q8TDZ2	sp|Q8TDZ2|MICA1_HUMAN [F-actin]-monooxygenase MICAL1 OS=Homo sapiens OX=9606 GN=MICAL1 PE=1 SV=2	1022
Q9HCU4	sp|Q9HCU4|CELR2_HUMAN Cadherin EGF LAG seven-pass G-type receptor 2 OS=Homo sapiens OX=9606 GN=CELSR2 PE=1 SV=1	1022
Q8N3U4	sp|Q8N3U4|STAG2_HUMAN Cohesin subunit SA-2 OS=Homo sapiens OX=9606 GN=STAG2 PE=1 SV=3	1022
Q7LBC6	sp|Q7LBC6|KDM3B_HUMAN Lysine-specific demethylase 3B OS=Homo sapiens OX=9606 GN=KDM3B PE=1 SV=2	1022
Q9BZ95	sp|Q9BZ95|NSD3_HUMAN Histone-lysine N-methyltransferase NSD3 OS=Homo sapiens OX=9606 GN=NSD3 PE=1 SV=1	1022
Q8NFZ0	sp|Q8NFZ0|FBH1_HUMAN F-box DNA helicase 1 OS=Homo sapiens OX=9606 GN=FBH1 PE=1 SV=2	1022
O43432	sp|O43432|IF4G3_HUMAN Eukaryotic translation initiation factor 4 gamma 3 OS=Homo sapiens OX=9606 GN=EIF4G3 PE=1 SV=2	1022
O75592	sp|O75592|MYCB2_HUMAN E3 ubiquitin-protein ligase MYCBP2 OS=Homo sapiens OX=9606 GN=MYCBP2 PE=1 SV=4	1022
P42356	sp|P42356|PI4KA_HUMAN Phosphatidylinositol 4-kinase alpha OS=Homo sapiens OX=9606 GN=PI4KA PE=1 SV=4	1022
Q8N201	sp|Q8N201|INT1_HUMAN Integrator complex subunit 1 OS=Homo sapiens OX=9606 GN=INTS1 PE=1 SV=2	1022
Q93009	sp|Q93009|UBP7_HUMAN Ubiquitin carboxyl-terminal hydrolase 7 OS=Homo sapiens OX=9606 GN=USP7 PE=1 SV=2	1022
Q9BTW9	sp|Q9BTW9|TBCD_HUMAN Tubulin-specific chaperone D OS=Homo sapiens OX=9606 GN=TBCD PE=1 SV=2	1022
Q9P2R3	sp|Q9P2R3|ANFY1_HUMAN Ankyrin repeat and FYVE domain-containing protein 1 OS=Homo sapiens OX=9606 GN=ANKFY1 PE=1 SV=2	1022
Q13332	sp|Q13332|PTPRS_HUMAN Receptor-type tyrosine-protein phosphatase S OS=Homo sapiens OX=9606 GN=PTPRS PE=1 SV=3	1022
Q9BXX0	sp|Q9BXX0|EMIL2_HUMAN EMILIN-2 OS=Homo sapiens OX=9606 GN=EMILIN2 PE=1 SV=3	1022
P98164	sp|P98164|LRP2_HUMAN Low-density lipoprotein receptor-related protein 2 OS=Homo sapiens OX=9606 GN=LRP2 PE=1 SV=3	1022
Q15788	sp|Q15788|NCOA1_HUMAN Nuclear receptor coactivator 1 OS=Homo sapiens OX=9606 GN=NCOA1 PE=1 SV=3	1022
P21333	sp|P21333|FLNA_HUMAN Filamin-A OS=Homo sapiens OX=9606 GN=FLNA PE=1 SV=4	1022
Q12768	sp|Q12768|WASC5_HUMAN WASH complex subunit 5 OS=Homo sapiens OX=9606 GN=WASHC5 PE=1 SV=1	1022
Q9Y4G6	sp|Q9Y4G6|TLN2_HUMAN Talin-2 OS=Homo sapiens OX=9606 GN=TLN2 PE=1 SV=4	1022
Q01484	sp|Q01484|ANK2_HUMAN Ankyrin-2 OS=Homo sapiens OX=9606 GN=ANK2 PE=1 SV=4	1022
Q14562	sp|Q14562|DHX8_HUMAN ATP-dependent RNA helicase DHX8 OS=Homo sapiens OX=9606 GN=DHX8 PE=1 SV=1	1022
O95155	sp|O95155|UBE4B_HUMAN Ubiquitin conjugation factor E4 B OS=Homo sapiens OX=9606 GN=UBE4B PE=1 SV=1	1022
Q08999	sp|Q08999|RBL2_HUMAN Retinoblastoma-like protein 2 OS=Homo sapiens OX=9606 GN=RBL2 PE=1 SV=3	1022
O75038	sp|O75038|PLCH2_HUMAN 1-phosphatidylinositol 4,5-bisphosphate phosphodiesterase eta-2 OS=Homo sapiens OX=9606 GN=PLCH2 PE=1 SV=3	1022
Q9Y4E1	sp|Q9Y4E1|WAC2C_HUMAN WASH complex subunit 2C OS=Homo sapiens OX=9606 GN=WASHC2C PE=1 SV=5	1022
A8MWY0	sp|A8MWY0|ELAP2_HUMAN Endosome/lysosome-associated apoptosis and autophagy regulator family member 2 OS=Homo sapiens OX=9606 GN=ELAPOR2 PE=1 SV=2	1022
Q9UKJ3	sp|Q9UKJ3|GPTC8_HUMAN G patch domain-containing protein 8 OS=Homo sapiens OX=9606 GN=GPATCH8 PE=1 SV=2	1022
Q96K76	sp|Q96K76|UBP47_HUMAN Ubiquitin carboxyl-terminal hydrolase 47 OS=Homo sapiens OX=9606 GN=USP47 PE=1 SV=3	1022
Q9HD67	sp|Q9HD67|MYO10_HUMAN Unconventional myosin-X OS=Homo sapiens OX=9606 GN=MYO10 PE=1 SV=3	1022
O95071	sp|O95071|UBR5_HUMAN E3 ubiquitin-protein ligase UBR5 OS=Homo sapiens OX=9606 GN=UBR5 PE=1 SV=2	1022
Q92900	sp|Q92900|RENT1_HUMAN Regulator of nonsense transcripts 1 OS=Homo sapiens OX=9606 GN=UPF1 PE=1 SV=2	1022
Q9C0A6	sp|Q9C0A6|SETD5_HUMAN Histone-lysine N-methyltransferase SETD5 OS=Homo sapiens OX=9606 GN=SETD5 PE=1 SV=2	1022
Q13023	sp|Q13023|AKAP6_HUMAN A-kinase anchor protein 6 OS=Homo sapiens OX=9606 GN=AKAP6 PE=1 SV=3	1022
P08603	sp|P08603|CFAH_HUMAN Complement factor H OS=Homo sapiens OX=9606 GN=CFH PE=1 SV=4	1022
Q15262	sp|Q15262|PTPRK_HUMAN Receptor-type tyrosine-protein phosphatase kappa OS=Homo sapiens OX=9606 GN=PTPRK PE=1 SV=2	1022
Q3T906	sp|Q3T906|GNPTA_HUMAN N-acetylglucosamine-1-phosphotransferase subunits alpha/beta OS=Homo sapiens OX=9606 GN=GNPTAB PE=1 SV=1	1022
Q92540	sp|Q92540|SMG7_HUMAN Nonsense-mediated mRNA decay factor SMG7 OS=Homo sapiens OX=9606 GN=SMG7 PE=1 SV=2	1022
Q15477	sp|Q15477|SKI2_HUMAN Superkiller complex protein 2 OS=Homo sapiens OX=9606 GN=SKIC2 PE=1 SV=3	1022
Q9H2K2	sp|Q9H2K2|TNKS2_HUMAN Poly [ADP-ribose] polymerase tankyrase-2 OS=Homo sapiens OX=9606 GN=TNKS2 PE=1 SV=1	1022
Q9H0A0	sp|Q9H0A0|NAT10_HUMAN RNA cytidine acetyltransferase OS=Homo sapiens OX=9606 GN=NAT10 PE=1 SV=2	1022
O60231	sp|O60231|DHX16_HUMAN Pre-mRNA-splicing factor ATP-dependent RNA helicase DHX16 OS=Homo sapiens OX=9606 GN=DHX16 PE=1 SV=2	1022
Q96P70	sp|Q96P70|IPO9_HUMAN Importin-9 OS=Homo sapiens OX=9606 GN=IPO9 PE=1 SV=3	1022
Q9UBC5	sp|Q9UBC5|MYO1A_HUMAN Unconventional myosin-Ia OS=Homo sapiens OX=9606 GN=MYO1A PE=1 SV=1	1022
Q9Y5B9	sp|Q9Y5B9|SP16H_HUMAN FACT complex subunit SPT16 OS=Homo sapiens OX=9606 GN=SUPT16H PE=1 SV=1	1022
O95466	sp|O95466|FMNL1_HUMAN Formin-like protein 1 OS=Homo sapiens OX=9606 GN=FMNL1 PE=1 SV=3	1022
P53804	sp|P53804|TTC3_HUMAN E3 ubiquitin-protein ligase TTC3 OS=Homo sapiens OX=9606 GN=TTC3 PE=1 SV=2	1022
Q15386	sp|Q15386|UBE3C_HUMAN Ubiquitin-protein ligase E3C OS=Homo sapiens OX=9606 GN=UBE3C PE=1 SV=3	1022
Q2M389	sp|Q2M389|WASC4_HUMAN WASH complex subunit 4 OS=Homo sapiens OX=9606 GN=WASHC4 PE=1 SV=2	1022
Q8WZ74	sp|Q8WZ74|CTTB2_HUMAN Cortactin-binding protein 2 OS=Homo sapiens OX=9606 GN=CTTNBP2 PE=1 SV=1	1022
P30622	sp|P30622|CLIP1_HUMAN CAP-Gly domain-containing linker protein 1 OS=Homo sapiens OX=9606 GN=CLIP1 PE=1 SV=2	1022
Q7Z3V4	sp|Q7Z3V4|UBE3B_HUMAN Ubiquitin-protein ligase E3B OS=Homo sapiens OX=9606 GN=UBE3B PE=1 SV=3	1022
Q96L91	sp|Q96L91|EP400_HUMAN E1A-binding protein p400 OS=Homo sapiens OX=9606 GN=EP400 PE=1 SV=4	1022
P08575	sp|P08575|PTPRC_HUMAN Receptor-type tyrosine-protein phosphatase C OS=Homo sapiens OX=9606 GN=PTPRC PE=1 SV=3	1022
P41229	sp|P41229|KDM5C_HUMAN Lysine-specific demethylase 5C OS=Homo sapiens OX=9606 GN=KDM5C PE=1 SV=2	1022
O75064	sp|O75064|DEN4B_HUMAN DENN domain-containing protein 4B OS=Homo sapiens OX=9606 GN=DENND4B PE=1 SV=4	1022
Q14789	sp|Q14789|GOGB1_HUMAN Golgin subfamily B member 1 OS=Homo sapiens OX=9606 GN=GOLGB1 PE=1 SV=2	1022
Q96KQ7	sp|Q96KQ7|EHMT2_HUMAN Histone-lysine N-methyltransferase EHMT2 OS=Homo sapiens OX=9606 GN=EHMT2 PE=1 SV=3	1022
Q96KG7	sp|Q96KG7|MEG10_HUMAN Multiple epidermal growth factor-like domains protein 10 OS=Homo sapiens OX=9606 GN=MEGF10 PE=1 SV=1	1022
Q9BQF6	sp|Q9BQF6|SENP7_HUMAN Sentrin-specific protease 7 OS=Homo sapiens OX=9606 GN=SENP7 PE=1 SV=4	1022
P55196	sp|P55196|AFAD_HUMAN Afadin OS=Homo sapiens OX=9606 GN=AFDN PE=1 SV=3	1022
Q8NDI1	sp|Q8NDI1|EHBP1_HUMAN EH domain-binding protein 1 OS=Homo sapiens OX=9606 GN=EHBP1 PE=1 SV=3	1022
O95153	sp|O95153|RIMB1_HUMAN Peripheral-type benzodiazepine receptor-associated protein 1 OS=Homo sapiens OX=9606 GN=TSPOAP1 PE=1 SV=2	1022
Q15021	sp|Q15021|CND1_HUMAN Condensin complex subunit 1 OS=Homo sapiens OX=9606 GN=NCAPD2 PE=1 SV=3	1022
P30876	sp|P30876|RPB2_HUMAN DNA-directed RNA polymerase II subunit RPB2 OS=Homo sapiens OX=9606 GN=POLR2B PE=1 SV=1	1022
P51610	sp|P51610|HCFC1_HUMAN Host cell factor 1 OS=Homo sapiens OX=9606 GN=HCFC1 PE=1 SV=2	1022
Q02952	sp|Q02952|AKA12_HUMAN A-kinase anchor protein 12 OS=Homo sapiens OX=9606 GN=AKAP12 PE=1 SV=4	1022
Q9NP73	sp|Q9NP73|ALG13_HUMAN UDP-N-acetylglucosamine transferase subunit ALG13 OS=Homo sapiens OX=9606 GN=ALG13 PE=1 SV=2	1022
Q12986	sp|Q12986|NFX1_HUMAN Transcriptional repressor NF-X1 OS=Homo sapiens OX=9606 GN=NFX1 PE=1 SV=2	1022
Q9Y4C1	sp|Q9Y4C1|KDM3A_HUMAN Lysine-specific demethylase 3A OS=Homo sapiens OX=9606 GN=KDM3A PE=1 SV=4	1022
O43314	sp|O43314|VIP2_HUMAN Inositol hexakisphosphate and diphosphoinositol-pentakisphosphate kinase 2 OS=Homo sapiens OX=9606 GN=PPIP5K2 PE=1 SV=3	1022
O75882	sp|O75882|ATRN_HUMAN Attractin OS=Homo sapiens OX=9606 GN=ATRN PE=1 SV=2	1022
Q13428	sp|Q13428|TCOF_HUMAN Treacle protein OS=Homo sapiens OX=9606 GN=TCOF1 PE=1 SV=3	1022
Q5T3U5	sp|Q5T3U5|MRP7_HUMAN ATP-binding cassette sub-family C member 10 OS=Homo sapiens OX=9606 GN=ABCC10 PE=1 SV=1	1022
Q96S38	sp|Q96S38|KS6C1_HUMAN Ribosomal protein S6 kinase delta-1 OS=Homo sapiens OX=9606 GN=RPS6KC1 PE=1 SV=2	1022
P11274	sp|P11274|BCR_HUMAN Breakpoint cluster region protein OS=Homo sapiens OX=9606 GN=BCR PE=1 SV=2	1022
O95785	sp|O95785|WIZ_HUMAN Protein Wiz OS=Homo sapiens OX=9606 GN=WIZ PE=1 SV=2	1022
P46940	sp|P46940|IQGA1_HUMAN Ras GTPase-activating-like protein IQGAP1 OS=Homo sapiens OX=9606 GN=IQGAP1 PE=1 SV=1	1022
Q9NYA4	sp|Q9NYA4|MTMR4_HUMAN Phosphatidylinositol-3,5-bisphosphate 3-phosphatase MTMR4 OS=Homo sapiens OX=9606 GN=MTMR4 PE=1 SV=2	1022
Q9P2K8	sp|Q9P2K8|E2AK4_HUMAN eIF-2-alpha kinase GCN2 OS=Homo sapiens OX=9606 GN=EIF2AK4 PE=1 SV=3	1022
Q9Y2H6	sp|Q9Y2H6|FND3A_HUMAN Fibronectin type-III domain-containing protein 3A OS=Homo sapiens OX=9606 GN=FNDC3A PE=1 SV=4	1022
P52701	sp|P52701|MSH6_HUMAN DNA mismatch repair protein Msh6 OS=Homo sapiens OX=9606 GN=MSH6 PE=1 SV=2	1022
O94823	sp|O94823|AT10B_HUMAN Phospholipid-transporting ATPase VB OS=Homo sapiens OX=9606 GN=ATP10B PE=1 SV=2	1022
Q9H2Y7	sp|Q9H2Y7|ZN106_HUMAN Zinc finger protein 106 OS=Homo sapiens OX=9606 GN=ZNF106 PE=1 SV=1	1022
Q5JRA6	sp|Q5JRA6|TGO1_HUMAN Transport and Golgi organization protein 1 homolog OS=Homo sapiens OX=9606 GN=MIA3 PE=1 SV=1	1022
P55197	sp|P55197|AF10_HUMAN Protein AF-10 OS=Homo sapiens OX=9606 GN=MLLT10 PE=1 SV=2	1022
P12109	sp|P12109|CO6A1_HUMAN Collagen alpha-1(VI) chain OS=Homo sapiens OX=9606 GN=COL6A1 PE=1 SV=3	1022
Q08462	sp|Q08462|ADCY2_HUMAN Adenylate cyclase type 2 OS=Homo sapiens OX=9606 GN=ADCY2 PE=1 SV=5	1022
Q9BSJ8	sp|Q9BSJ8|ESYT1_HUMAN Extended synaptotagmin-1 OS=Homo sapiens OX=9606 GN=ESYT1 PE=1 SV=1	1022
O75643	sp|O75643|U520_HUMAN U5 small nuclear ribonucleoprotein 200 kDa helicase OS=Homo sapiens OX=9606 GN=SNRNP200 PE=1 SV=2	1022
Q9Y2K2	sp|Q9Y2K2|SIK3_HUMAN Serine/threonine-protein kinase SIK3 OS=Homo sapiens OX=9606 GN=SIK3 PE=1 SV=4	1022
P20936	sp|P20936|RASA1_HUMAN Ras GTPase-activating protein 1 OS=Homo sapiens OX=9606 GN=RASA1 PE=1 SV=1	1022
Q9HD43	sp|Q9HD43|PTPRH_HUMAN Receptor-type tyrosine-protein phosphatase H OS=Homo sapiens OX=9606 GN=PTPRH PE=1 SV=4	1022
P26640	sp|P26640|SYVC_HUMAN Valine--tRNA ligase OS=Homo sapiens OX=9606 GN=VARS1 PE=1 SV=4	1022
P78527	sp|P78527|PRKDC_HUMAN DNA-dependent protein kinase catalytic subunit OS=Homo sapiens OX=9606 GN=PRKDC PE=1 SV=3	1022
Q13136	sp|Q13136|LIPA1_HUMAN Liprin-alpha-1 OS=Homo sapiens OX=9606 GN=PPFIA1 PE=1 SV=1	1022
Q9UPN4	sp|Q9UPN4|CP131_HUMAN Centrosomal protein of 131 kDa OS=Homo sapiens OX=9606 GN=CEP131 PE=1 SV=3	1022
P40818	sp|P40818|UBP8_HUMAN Ubiquitin carboxyl-terminal hydrolase 8 OS=Homo sapiens OX=9606 GN=USP8 PE=1 SV=1	1022
Q9ULI3	sp|Q9ULI3|HEG1_HUMAN Protein HEG homolog 1 OS=Homo sapiens OX=9606 GN=HEG1 PE=1 SV=3	1022
Q14139	sp|Q14139|UBE4A_HUMAN Ubiquitin conjugation factor E4 A OS=Homo sapiens OX=9606 GN=UBE4A PE=1 SV=2	1022
Q9HAR2	sp|Q9HAR2|AGRL3_HUMAN Adhesion G protein-coupled receptor L3 OS=Homo sapiens OX=9606 GN=ADGRL3 PE=1 SV=2	1022
O00555	sp|O00555|CAC1A_HUMAN Voltage-dependent P/Q-type calcium channel subunit alpha-1A OS=Homo sapiens OX=9606 GN=CACNA1A PE=1 SV=3	1022
Q9BQS8	sp|Q9BQS8|FYCO1_HUMAN FYVE and coiled-coil domain-containing protein 1 OS=Homo sapiens OX=9606 GN=FYCO1 PE=1 SV=3	1022
Q2TAZ0	sp|Q2TAZ0|ATG2A_HUMAN Autophagy-related protein 2 homolog A OS=Homo sapiens OX=9606 GN=ATG2A PE=1 SV=3	1022
Q8IZF0	sp|Q8IZF0|NALCN_HUMAN Sodium leak channel NALCN OS=Homo sapiens OX=9606 GN=NALCN PE=1 SV=1	1022
O60307	sp|O60307|MAST3_HUMAN Microtubule-associated serine/threonine-protein kinase 3 OS=Homo sapiens OX=9606 GN=MAST3 PE=1 SV=2	1022
Q8N6C5	sp|Q8N6C5|IGSF1_HUMAN Immunoglobulin superfamily member 1 OS=Homo sapiens OX=9606 GN=IGSF1 PE=1 SV=3	1022
Q9NRJ4	sp|Q9NRJ4|TULP4_HUMAN Tubby-related protein 4 OS=Homo sapiens OX=9606 GN=TULP4 PE=1 SV=2	1022
Q96PQ0	sp|Q96PQ0|SORC2_HUMAN VPS10 domain-containing receptor SorCS2 OS=Homo sapiens OX=9606 GN=SORCS2 PE=1 SV=3	1022
Q9HCK8	sp|Q9HCK8|CHD8_HUMAN ATP-dependent chromatin remodeler CHD8 OS=Homo sapiens OX=9606 GN=CHD8 PE=1 SV=5	1022
Q8N1I0	sp|Q8N1I0|DOCK4_HUMAN Dedicator of cytokinesis protein 4 OS=Homo sapiens OX=9606 GN=DOCK4 PE=1 SV=3	1022
O60610	sp|O60610|DIAP1_HUMAN Protein diaphanous homolog 1 OS=Homo sapiens OX=9606 GN=DIAPH1 PE=1 SV=2	1022
P13611	sp|P13611|CSPG2_HUMAN Versican core protein OS=Homo sapiens OX=9606 GN=VCAN PE=1 SV=3	1022
P49750	sp|P49750|YLPM1_HUMAN YLP motif-containing protein 1 OS=Homo sapiens OX=9606 GN=YLPM1 PE=1 SV=4	1022
Q9UIF9	sp|Q9UIF9|BAZ2A_HUMAN Bromodomain adjacent to zinc finger domain protein 2A OS=Homo sapiens OX=9606 GN=BAZ2A PE=1 SV=4	1022
Q9H3S7	sp|Q9H3S7|PTN23_HUMAN Tyrosine-protein phosphatase non-receptor type 23 OS=Homo sapiens OX=9606 GN=PTPN23 PE=1 SV=1	1022
Q7Z7M0	sp|Q7Z7M0|MEGF8_HUMAN Multiple epidermal growth factor-like domains protein 8 OS=Homo sapiens OX=9606 GN=MEGF8 PE=1 SV=2	1022
Q86TI0	sp|Q86TI0|TBCD1_HUMAN TBC1 domain family member 1 OS=Homo sapiens OX=9606 GN=TBC1D1 PE=1 SV=2	1022
O94856	sp|O94856|NFASC_HUMAN Neurofascin OS=Homo sapiens OX=9606 GN=NFASC PE=1 SV=4	1022
Q12770	sp|Q12770|SCAP_HUMAN Sterol regulatory element-binding protein cleavage-activating protein OS=Homo sapiens OX=9606 GN=SCAP PE=1 SV=4	1022
A5YKK6	sp|A5YKK6|CNOT1_HUMAN CCR4-NOT transcription complex subunit 1 OS=Homo sapiens OX=9606 GN=CNOT1 PE=1 SV=2	1022
Q9UBN7	sp|Q9UBN7|HDAC6_HUMAN Protein deacetylase HDAC6 OS=Homo sapiens OX=9606 GN=HDAC6 PE=1 SV=2	1022
Q9UPZ3	sp|Q9UPZ3|HPS5_HUMAN BLOC-2 complex member HPS5 OS=Homo sapiens OX=9606 GN=HPS5 PE=1 SV=2	1022
Q96Q04	sp|Q96Q04|LMTK3_HUMAN Serine/threonine-protein kinase LMTK3 OS=Homo sapiens OX=9606 GN=LMTK3 PE=1 SV=2	1022
Q5ST30	sp|Q5ST30|SYVM_HUMAN Valine--tRNA ligase, mitochondrial OS=Homo sapiens OX=9606 GN=VARS2 PE=1 SV=2	1022
Q12766	sp|Q12766|HMGX3_HUMAN HMG domain-containing protein 3 OS=Homo sapiens OX=9606 GN=HMGXB3 PE=1 SV=3	1022
P78357	sp|P78357|CNTP1_HUMAN Contactin-associated protein 1 OS=Homo sapiens OX=9606 GN=CNTNAP1 PE=1 SV=1	1022
Q96JI7	sp|Q96JI7|SPTCS_HUMAN Spatacsin OS=Homo sapiens OX=9606 GN=SPG11 PE=1 SV=3	1022
P42702	sp|P42702|LIFR_HUMAN Leukemia inhibitory factor receptor OS=Homo sapiens OX=9606 GN=LIFR PE=1 SV=1	1022
Q9UQE7	sp|Q9UQE7|SMC3_HUMAN Structural maintenance of chromosomes protein 3 OS=Homo sapiens OX=9606 GN=SMC3 PE=1 SV=2	1022
Q15811	sp|Q15811|ITSN1_HUMAN Intersectin-1 OS=Homo sapiens OX=9606 GN=ITSN1 PE=1 SV=3	1022
O43426	sp|O43426|SYNJ1_HUMAN Synaptojanin-1 OS=Homo sapiens OX=9606 GN=SYNJ1 PE=1 SV=2	1022
P46100	sp|P46100|ATRX_HUMAN Transcriptional regulator ATRX OS=Homo sapiens OX=9606 GN=ATRX PE=1 SV=6	1022
Q9Y2E4	sp|Q9Y2E4|DIP2C_HUMAN Disco-interacting protein 2 homolog C OS=Homo sapiens OX=9606 GN=DIP2C PE=1 SV=2	1022
A2RRP1	sp|A2RRP1|NBAS_HUMAN NBAS subunit of NRZ tethering complex OS=Homo sapiens OX=9606 GN=NBAS PE=1 SV=2	1022
Q86US8	sp|Q86US8|EST1A_HUMAN Telomerase-binding protein EST1A OS=Homo sapiens OX=9606 GN=SMG6 PE=1 SV=2	1022
Q8WUM0	sp|Q8WUM0|NU133_HUMAN Nuclear pore complex protein Nup133 OS=Homo sapiens OX=9606 GN=NUP133 PE=1 SV=2	1022
P28827	sp|P28827|PTPRM_HUMAN Receptor-type tyrosine-protein phosphatase mu OS=Homo sapiens OX=9606 GN=PTPRM PE=1 SV=2	1022
Q8TD84	sp|Q8TD84|DSCL1_HUMAN Cell adhesion molecule DSCAML1 OS=Homo sapiens OX=9606 GN=DSCAML1 PE=1 SV=2	1022
O75179	sp|O75179|ANR17_HUMAN Ankyrin repeat domain-containing protein 17 OS=Homo sapiens OX=9606 GN=ANKRD17 PE=1 SV=3	1022
Q9BY66	sp|Q9BY66|KDM5D_HUMAN Lysine-specific demethylase 5D OS=Homo sapiens OX=9606 GN=KDM5D PE=1 SV=2	1022
O94964	sp|O94964|MTCL2_HUMAN Microtubule cross-linking factor 2 OS=Homo sapiens OX=9606 GN=MTCL2 PE=1 SV=3	1022
Q9Y4H2	sp|Q9Y4H2|IRS2_HUMAN Insulin receptor substrate 2 OS=Homo sapiens OX=9606 GN=IRS2 PE=1 SV=2	1022
Q9NZV1	sp|Q9NZV1|CRIM1_HUMAN Cysteine-rich motor neuron 1 protein OS=Homo sapiens OX=9606 GN=CRIM1 PE=1 SV=1	1022
O15397	sp|O15397|IPO8_HUMAN Importin-8 OS=Homo sapiens OX=9606 GN=IPO8 PE=1 SV=2	1022
Q14703	sp|Q14703|MBTP1_HUMAN Membrane-bound transcription factor site-1 protease OS=Homo sapiens OX=9606 GN=MBTPS1 PE=1 SV=1	1022
Q8NEN9	sp|Q8NEN9|PDZD8_HUMAN PDZ domain-containing protein 8 OS=Homo sapiens OX=9606 GN=PDZD8 PE=1 SV=1	1022
Q9Y2Q0	sp|Q9Y2Q0|AT8A1_HUMAN Phospholipid-transporting ATPase IA OS=Homo sapiens OX=9606 GN=ATP8A1 PE=1 SV=1	1022
O75129	sp|O75129|ASTN2_HUMAN Astrotactin-2 OS=Homo sapiens OX=9606 GN=ASTN2 PE=1 SV=2	1022
Q9H3R0	sp|Q9H3R0|KDM4C_HUMAN Lysine-specific demethylase 4C OS=Homo sapiens OX=9606 GN=KDM4C PE=1 SV=2	1022
O15063	sp|O15063|GRRE1_HUMAN Granule associated Rac and RHOG effector protein 1 OS=Homo sapiens OX=9606 GN=GARRE1 PE=1 SV=2	1022
P28715	sp|P28715|ERCC5_HUMAN DNA excision repair protein ERCC-5 OS=Homo sapiens OX=9606 GN=ERCC5 PE=1 SV=3	1022
Q9H6R4	sp|Q9H6R4|NOL6_HUMAN Nucleolar protein 6 OS=Homo sapiens OX=9606 GN=NOL6 PE=1 SV=2	1022
Q93008	sp|Q93008|USP9X_HUMAN Ubiquitin carboxyl-terminal hydrolase 9X OS=Homo sapiens OX=9606 GN=USP9X PE=1 SV=4	1022
P09619	sp|P09619|PGFRB_HUMAN Platelet-derived growth factor receptor beta OS=Homo sapiens OX=9606 GN=PDGFRB PE=1 SV=1	1022
Q9HAU0	sp|Q9HAU0|PKHA5_HUMAN Pleckstrin homology domain-containing family A member 5 OS=Homo sapiens OX=9606 GN=PLEKHA5 PE=1 SV=1	1022
P12270	sp|P12270|TPR_HUMAN Nucleoprotein TPR OS=Homo sapiens OX=9606 GN=TPR PE=1 SV=3	1022
O94953	sp|O94953|KDM4B_HUMAN Lysine-specific demethylase 4B OS=Homo sapiens OX=9606 GN=KDM4B PE=1 SV=4	1022
Q14683	sp|Q14683|SMC1A_HUMAN Structural maintenance of chromosomes protein 1A OS=Homo sapiens OX=9606 GN=SMC1A PE=1 SV=2	1022
Q7L014	sp|Q7L014|DDX46_HUMAN Probable ATP-dependent RNA helicase DDX46 OS=Homo sapiens OX=9606 GN=DDX46 PE=1 SV=2	1022
Q96T58	sp|Q96T58|MINT_HUMAN Msx2-interacting protein OS=Homo sapiens OX=9606 GN=SPEN PE=1 SV=1	1022
Q96EP0	sp|Q96EP0|RNF31_HUMAN E3 ubiquitin-protein ligase RNF31 OS=Homo sapiens OX=9606 GN=RNF31 PE=1 SV=1	1022
Q9BV73	sp|Q9BV73|CP250_HUMAN Centrosome-associated protein CEP250 OS=Homo sapiens OX=9606 GN=CEP250 PE=1 SV=2	1022
Q9UHP3	sp|Q9UHP3|UBP25_HUMAN Ubiquitin carboxyl-terminal hydrolase 25 OS=Homo sapiens OX=9606 GN=USP25 PE=1 SV=4	1022
P16234	sp|P16234|PGFRA_HUMAN Platelet-derived growth factor receptor alpha OS=Homo sapiens OX=9606 GN=PDGFRA PE=1 SV=1	1022
Q08174	sp|Q08174|PCDH1_HUMAN Protocadherin-1 OS=Homo sapiens OX=9606 GN=PCDH1 PE=1 SV=2	1022
O00160	sp|O00160|MYO1F_HUMAN Unconventional myosin-If OS=Homo sapiens OX=9606 GN=MYO1F PE=1 SV=3	1022
P27708	sp|P27708|PYR1_HUMAN Multifunctional protein CAD OS=Homo sapiens OX=9606 GN=CAD PE=1 SV=3	1022
P06213	sp|P06213|INSR_HUMAN Insulin receptor OS=Homo sapiens OX=9606 GN=INSR PE=1 SV=4	1022
Q5SRE5	sp|Q5SRE5|NU188_HUMAN Nucleoporin NUP188 OS=Homo sapiens OX=9606 GN=NUP188 PE=1 SV=1	1022
Q9C0C9	sp|Q9C0C9|UBE2O_HUMAN (E3-independent) E2 ubiquitin-conjugating enzyme OS=Homo sapiens OX=9606 GN=UBE2O PE=1 SV=3	1022
Q92729	sp|Q92729|PTPRU_HUMAN Receptor-type tyrosine-protein phosphatase U OS=Homo sapiens OX=9606 GN=PTPRU PE=1 SV=2	1022
Q9HAU5	sp|Q9HAU5|RENT2_HUMAN Regulator of nonsense transcripts 2 OS=Homo sapiens OX=9606 GN=UPF2 PE=1 SV=1	1022
Q5XPI4	sp|Q5XPI4|RN123_HUMAN E3 ubiquitin-protein ligase RNF123 OS=Homo sapiens OX=9606 GN=RNF123 PE=1 SV=1	1022
Q8IZF2	sp|Q8IZF2|AGRF5_HUMAN Adhesion G protein-coupled receptor F5 OS=Homo sapiens OX=9606 GN=ADGRF5 PE=1 SV=3	1022
P35749	sp|P35749|MYH11_HUMAN Myosin-11 OS=Homo sapiens OX=9606 GN=MYH11 PE=1 SV=3	1022
O00443	sp|O00443|P3C2A_HUMAN Phosphatidylinositol 4-phosphate 3-kinase C2 domain-containing subunit alpha OS=Homo sapiens OX=9606 GN=PIK3C2A PE=1 SV=2	1022
O00562	sp|O00562|PITM1_HUMAN Membrane-associated phosphatidylinositol transfer protein 1 OS=Homo sapiens OX=9606 GN=PITPNM1 PE=1 SV=4	1022
Q9BXM0	sp|Q9BXM0|PRAX_HUMAN Periaxin OS=Homo sapiens OX=9606 GN=PRX PE=1 SV=2	1022
P08183	sp|P08183|MDR1_HUMAN ATP-dependent translocase ABCB1 OS=Homo sapiens OX=9606 GN=ABCB1 PE=1 SV=3	1022
Q9H9B1	sp|Q9H9B1|EHMT1_HUMAN Histone-lysine N-methyltransferase EHMT1 OS=Homo sapiens OX=9606 GN=EHMT1 PE=1 SV=4	1022
Q9P275	sp|Q9P275|UBP36_HUMAN Ubiquitin carboxyl-terminal hydrolase 36 OS=Homo sapiens OX=9606 GN=USP36 PE=1 SV=4	1022
Q9H2G2	sp|Q9H2G2|SLK_HUMAN STE20-like serine/threonine-protein kinase OS=Homo sapiens OX=9606 GN=SLK PE=1 SV=1	1022
Q15034	sp|Q15034|HERC3_HUMAN Probable E3 ubiquitin-protein ligase HERC3 OS=Homo sapiens OX=9606 GN=HERC3 PE=1 SV=1	1022
Q8IWK6	sp|Q8IWK6|AGRA3_HUMAN Adhesion G protein-coupled receptor A3 OS=Homo sapiens OX=9606 GN=ADGRA3 PE=1 SV=2	1022
P49792	sp|P49792|RBP2_HUMAN E3 SUMO-protein ligase RanBP2 OS=Homo sapiens OX=9606 GN=RANBP2 PE=1 SV=2	1022
Q13615	sp|Q13615|MTMR3_HUMAN Phosphatidylinositol-3,5-bisphosphate 3-phosphatase MTMR3 OS=Homo sapiens OX=9606 GN=MTMR3 PE=1 SV=3	1022
Q8N139	sp|Q8N139|ABCA6_HUMAN ATP-binding cassette sub-family A member 6 OS=Homo sapiens OX=9606 GN=ABCA6 PE=1 SV=2	1022
O00468	sp|O00468|AGRIN_HUMAN Agrin OS=Homo sapiens OX=9606 GN=AGRN PE=1 SV=6	1022
Q14202	sp|Q14202|ZMYM3_HUMAN Zinc finger MYM-type protein 3 OS=Homo sapiens OX=9606 GN=ZMYM3 PE=1 SV=2	1022
Q15772	sp|Q15772|SPEG_HUMAN Striated muscle preferentially expressed protein kinase OS=Homo sapiens OX=9606 GN=SPEG PE=1 SV=4	1022
Q92625	sp|Q92625|ANS1A_HUMAN Ankyrin repeat and SAM domain-containing protein 1A OS=Homo sapiens OX=9606 GN=ANKS1A PE=1 SV=4	1022
Q96HA1	sp|Q96HA1|P121A_HUMAN Nuclear envelope pore membrane protein POM 121 OS=Homo sapiens OX=9606 GN=POM121 PE=1 SV=2	1022
Q09472	sp|Q09472|EP300_HUMAN Histone acetyltransferase p300 OS=Homo sapiens OX=9606 GN=EP300 PE=1 SV=2	1022
Q12873	sp|Q12873|CHD3_HUMAN ATP-dependent chromatin remodeler CHD3 OS=Homo sapiens OX=9606 GN=CHD3 PE=1 SV=3	1022
Q9HBD1	sp|Q9HBD1|RC3H2_HUMAN Roquin-2 OS=Homo sapiens OX=9606 GN=RC3H2 PE=1 SV=2	1022
Q9ULH0	sp|Q9ULH0|KDIS_HUMAN Kinase D-interacting substrate of 220 kDa OS=Homo sapiens OX=9606 GN=KIDINS220 PE=1 SV=3	1022
Q7Z478	sp|Q7Z478|DHX29_HUMAN ATP-dependent RNA helicase DHX29 OS=Homo sapiens OX=9606 GN=DHX29 PE=1 SV=2	1022
O95104	sp|O95104|SCAF4_HUMAN SR-related and CTD-associated factor 4 OS=Homo sapiens OX=9606 GN=SCAF4 PE=1 SV=3	1022
Q7Z3T8	sp|Q7Z3T8|ZFY16_HUMAN Zinc finger FYVE domain-containing protein 16 OS=Homo sapiens OX=9606 GN=ZFYVE16 PE=1 SV=3	1022
O94966	sp|O94966|UBP19_HUMAN Ubiquitin carboxyl-terminal hydrolase 19 OS=Homo sapiens OX=9606 GN=USP19 PE=1 SV=2	1022
Q12882	sp|Q12882|DPYD_HUMAN Dihydropyrimidine dehydrogenase [NADP(+)] OS=Homo sapiens OX=9606 GN=DPYD PE=1 SV=2	1022
Q9Y2K7	sp|Q9Y2K7|KDM2A_HUMAN Lysine-specific demethylase 2A OS=Homo sapiens OX=9606 GN=KDM2A PE=1 SV=3	1022
Q8IZD2	sp|Q8IZD2|KMT2E_HUMAN Inactive histone-lysine N-methyltransferase 2E OS=Homo sapiens OX=9606 GN=KMT2E PE=1 SV=1	1022
O14924	sp|O14924|RGS12_HUMAN Regulator of G-protein signaling 12 OS=Homo sapiens OX=9606 GN=RGS12 PE=1 SV=1	1022
P52948	sp|P52948|NUP98_HUMAN Nuclear pore complex protein Nup98-Nup96 OS=Homo sapiens OX=9606 GN=NUP98 PE=1 SV=4	1022
P13942	sp|P13942|COBA2_HUMAN Collagen alpha-2(XI) chain OS=Homo sapiens OX=9606 GN=COL11A2 PE=1 SV=5	1022
P98161	sp|P98161|PKD1_HUMAN Polycystin-1 OS=Homo sapiens OX=9606 GN=PKD1 PE=1 SV=3	1022
Q99683	sp|Q99683|M3K5_HUMAN Mitogen-activated protein kinase kinase kinase 5 OS=Homo sapiens OX=9606 GN=MAP3K5 PE=1 SV=1	1022
Q9P2E3	sp|Q9P2E3|ZNFX1_HUMAN NFX1-type zinc finger-containing protein 1 OS=Homo sapiens OX=9606 GN=ZNFX1 PE=1 SV=2	1022
Q86Y13	sp|Q86Y13|DZIP3_HUMAN E3 ubiquitin-protein ligase DZIP3 OS=Homo sapiens OX=9606 GN=DZIP3 PE=1 SV=2	1022
Q9BXA9	sp|Q9BXA9|SALL3_HUMAN Sal-like protein 3 OS=Homo sapiens OX=9606 GN=SALL3 PE=1 SV=2	1022
Q96L42	sp|Q96L42|KCNH8_HUMAN Voltage-gated delayed rectifier potassium channel KCNH8 OS=Homo sapiens OX=9606 GN=KCNH8 PE=1 SV=2	1022
Q8NHM5	sp|Q8NHM5|KDM2B_HUMAN Lysine-specific demethylase 2B OS=Homo sapiens OX=9606 GN=KDM2B PE=1 SV=1	1022
Q92619	sp|Q92619|HMHA1_HUMAN Rho GTPase-activating protein 45 OS=Homo sapiens OX=9606 GN=ARHGAP45 PE=1 SV=2	1022
Q92794	sp|Q92794|KAT6A_HUMAN Histone acetyltransferase KAT6A OS=Homo sapiens OX=9606 GN=KAT6A PE=1 SV=2	1022
Q92616	sp|Q92616|GCN1_HUMAN Stalled ribosome sensor GCN1 OS=Homo sapiens OX=9606 GN=GCN1 PE=1 SV=7	1022
O14525	sp|O14525|ASTN1_HUMAN Astrotactin-1 OS=Homo sapiens OX=9606 GN=ASTN1 PE=1 SV=3	1022
Q70CQ4	sp|Q70CQ4|UBP31_HUMAN Ubiquitin carboxyl-terminal hydrolase 31 OS=Homo sapiens OX=9606 GN=USP31 PE=1 SV=2	1022
Q9BZH6	sp|Q9BZH6|WDR11_HUMAN WD repeat-containing protein 11 OS=Homo sapiens OX=9606 GN=WDR11 PE=1 SV=1	1022
Q96Q15	sp|Q96Q15|SMG1_HUMAN Serine/threonine-protein kinase SMG1 OS=Homo sapiens OX=9606 GN=SMG1 PE=1 SV=3	1022
Q6PFW1	sp|Q6PFW1|VIP1_HUMAN Inositol hexakisphosphate and diphosphoinositol-pentakisphosphate kinase 1 OS=Homo sapiens OX=9606 GN=PPIP5K1 PE=1 SV=1	1022
Q99996	sp|Q99996|AKAP9_HUMAN A-kinase anchor protein 9 OS=Homo sapiens OX=9606 GN=AKAP9 PE=1 SV=4	1022
O00159	sp|O00159|MYO1C_HUMAN Unconventional myosin-Ic OS=Homo sapiens OX=9606 GN=MYO1C PE=1 SV=4	1022
Q8TEQ8	sp|Q8TEQ8|PIGO_HUMAN GPI ethanolamine phosphate transferase 3, catalytic subunit OS=Homo sapiens OX=9606 GN=PIGO PE=1 SV=3	1022
O60318	sp|O60318|GANP_HUMAN Germinal-center associated nuclear protein OS=Homo sapiens OX=9606 GN=MCM3AP PE=1 SV=2	1022
P25054	sp|P25054|APC_HUMAN Adenomatous polyposis coli protein OS=Homo sapiens OX=9606 GN=APC PE=1 SV=2	1022
Q5VT06	sp|Q5VT06|CE350_HUMAN Centrosome-associated protein 350 OS=Homo sapiens OX=9606 GN=CEP350 PE=1 SV=1	1022
O75197	sp|O75197|LRP5_HUMAN Low-density lipoprotein receptor-related protein 5 OS=Homo sapiens OX=9606 GN=LRP5 PE=1 SV=2	1022
O95382	sp|O95382|M3K6_HUMAN Mitogen-activated protein kinase kinase kinase 6 OS=Homo sapiens OX=9606 GN=MAP3K6 PE=1 SV=3	1022
Q14004	sp|Q14004|CDK13_HUMAN Cyclin-dependent kinase 13 OS=Homo sapiens OX=9606 GN=CDK13 PE=1 SV=2	1022
O75164	sp|O75164|KDM4A_HUMAN Lysine-specific demethylase 4A OS=Homo sapiens OX=9606 GN=KDM4A PE=1 SV=2	1022
P0C0L4	sp|P0C0L4|CO4A_HUMAN Complement C4-A OS=Homo sapiens OX=9606 GN=C4A PE=1 SV=2	1022
Q16363	sp|Q16363|LAMA4_HUMAN Laminin subunit alpha-4 OS=Homo sapiens OX=9606 GN=LAMA4 PE=1 SV=5	1022
P35590	sp|P35590|TIE1_HUMAN Tyrosine-protein kinase receptor Tie-1 OS=Homo sapiens OX=9606 GN=TIE1 PE=1 SV=1	1022
O95163	sp|O95163|ELP1_HUMAN Elongator complex protein 1 OS=Homo sapiens OX=9606 GN=ELP1 PE=1 SV=3	1022
Q9UBS9	sp|Q9UBS9|SUCO_HUMAN SUN domain-containing ossification factor OS=Homo sapiens OX=9606 GN=SUCO PE=1 SV=1	1022
Q9UPN6	sp|Q9UPN6|SCAF8_HUMAN SR-related and CTD-associated factor 8 OS=Homo sapiens OX=9606 GN=SCAF8 PE=1 SV=1	1022
P21817	sp|P21817|RYR1_HUMAN Ryanodine receptor 1 OS=Homo sapiens OX=9606 GN=RYR1 PE=1 SV=3	1022
Q01804	sp|Q01804|OTUD4_HUMAN OTU domain-containing protein 4 OS=Homo sapiens OX=9606 GN=OTUD4 PE=1 SV=4	1022
Q9UHW9	sp|Q9UHW9|S12A6_HUMAN Solute carrier family 12 member 6 OS=Homo sapiens OX=9606 GN=SLC12A6 PE=1 SV=2	1022
Q9Y4E6	sp|Q9Y4E6|WDR7_HUMAN WD repeat-containing protein 7 OS=Homo sapiens OX=9606 GN=WDR7 PE=1 SV=2	1022
Q6R327	sp|Q6R327|RICTR_HUMAN Rapamycin-insensitive companion of mTOR OS=Homo sapiens OX=9606 GN=RICTOR PE=1 SV=1	1022
Q76LX8	sp|Q76LX8|ATS13_HUMAN A disintegrin and metalloproteinase with thrombospondin motifs 13 OS=Homo sapiens OX=9606 GN=ADAMTS13 PE=1 SV=1	1022
Q70J99	sp|Q70J99|UN13D_HUMAN Protein unc-13 homolog D OS=Homo sapiens OX=9606 GN=UNC13D PE=1 SV=1	1022
Q9H4L7	sp|Q9H4L7|SMRCD_HUMAN SWI/SNF-related matrix-associated actin-dependent regulator of chromatin subfamily A containing DEAD/H box 1 OS=Homo sapiens OX=9606 GN=SMARCAD1 PE=1 SV=2	1022
O75385	sp|O75385|ULK1_HUMAN Serine/threonine-protein kinase ULK1 OS=Homo sapiens OX=9606 GN=ULK1 PE=1 SV=2	1022
Q6IQ55	sp|Q6IQ55|TTBK2_HUMAN Tau-tubulin kinase 2 OS=Homo sapiens OX=9606 GN=TTBK2 PE=1 SV=2	1022
P46939	sp|P46939|UTRN_HUMAN Utrophin OS=Homo sapiens OX=9606 GN=UTRN PE=1 SV=2	1022
Q12923	sp|Q12923|PTN13_HUMAN Tyrosine-protein phosphatase non-receptor type 13 OS=Homo sapiens OX=9606 GN=PTPN13 PE=1 SV=2	1022
P08648	sp|P08648|ITA5_HUMAN Integrin alpha-5 OS=Homo sapiens OX=9606 GN=ITGA5 PE=1 SV=2	1022
Q9UPU5	sp|Q9UPU5|UBP24_HUMAN Ubiquitin carboxyl-terminal hydrolase 24 OS=Homo sapiens OX=9606 GN=USP24 PE=1 SV=3	1022
Q13423	sp|Q13423|NNTM_HUMAN NAD(P) transhydrogenase, mitochondrial OS=Homo sapiens OX=9606 GN=NNT PE=1 SV=3	1022
Q5VYS8	sp|Q5VYS8|TUT7_HUMAN Terminal uridylyltransferase 7 OS=Homo sapiens OX=9606 GN=TUT7 PE=1 SV=1	1022
Q8IWV8	sp|Q8IWV8|UBR2_HUMAN E3 ubiquitin-protein ligase UBR2 OS=Homo sapiens OX=9606 GN=UBR2 PE=1 SV=1	1022
Q9HD20	sp|Q9HD20|AT131_HUMAN Endoplasmic reticulum transmembrane helix translocase OS=Homo sapiens OX=9606 GN=ATP13A1 PE=1 SV=2	1022
Q5TCS8	sp|Q5TCS8|KAD9_HUMAN Adenylate kinase 9 OS=Homo sapiens OX=9606 GN=AK9 PE=1 SV=2	1022
P20020	sp|P20020|AT2B1_HUMAN Plasma membrane calcium-transporting ATPase 1 OS=Homo sapiens OX=9606 GN=ATP2B1 PE=1 SV=4	1022
P33076	sp|P33076|C2TA_HUMAN MHC class II transactivator OS=Homo sapiens OX=9606 GN=CIITA PE=1 SV=4	1022
Q8TD26	sp|Q8TD26|CHD6_HUMAN ATP-dependent chromatin remodeler CHD6 OS=Homo sapiens OX=9606 GN=CHD6 PE=1 SV=4	1022
A0AVT1	sp|A0AVT1|UBA6_HUMAN Ubiquitin-like modifier-activating enzyme 6 OS=Homo sapiens OX=9606 GN=UBA6 PE=1 SV=1	1022
Q96PC5	sp|Q96PC5|MIA2_HUMAN Melanoma inhibitory activity protein 2 OS=Homo sapiens OX=9606 GN=MIA2 PE=1 SV=4	1022
Q9P260	sp|Q9P260|RELCH_HUMAN RAB11-binding protein RELCH OS=Homo sapiens OX=9606 GN=RELCH PE=1 SV=2	1022
O14776	sp|O14776|TCRG1_HUMAN Transcription elongation regulator 1 OS=Homo sapiens OX=9606 GN=TCERG1 PE=1 SV=2	1022
Q63HN8	sp|Q63HN8|RN213_HUMAN E3 ubiquitin-protein ligase RNF213 OS=Homo sapiens OX=9606 GN=RNF213 PE=1 SV=3	1022
Q96ST3	sp|Q96ST3|SIN3A_HUMAN Paired amphipathic helix protein Sin3a OS=Homo sapiens OX=9606 GN=SIN3A PE=1 SV=2	1022
Q13873	sp|Q13873|BMPR2_HUMAN Bone morphogenetic protein receptor type-2 OS=Homo sapiens OX=9606 GN=BMPR2 PE=1 SV=2	1022
Q9NRR4	sp|Q9NRR4|RNC_HUMAN Ribonuclease 3 OS=Homo sapiens OX=9606 GN=DROSHA PE=1 SV=2	1022
Q8WXX7	sp|Q8WXX7|AUTS2_HUMAN Autism susceptibility gene 2 protein OS=Homo sapiens OX=9606 GN=AUTS2 PE=1 SV=1	1022
Q9Y6R1	sp|Q9Y6R1|S4A4_HUMAN Electrogenic sodium bicarbonate cotransporter 1 OS=Homo sapiens OX=9606 GN=SLC4A4 PE=1 SV=1	1022
O14981	sp|O14981|BTAF1_HUMAN TATA-binding protein-associated factor 172 OS=Homo sapiens OX=9606 GN=BTAF1 PE=1 SV=2	1022
Q86X10	sp|Q86X10|RLGPB_HUMAN Ral GTPase-activating protein subunit beta OS=Homo sapiens OX=9606 GN=RALGAPB PE=1 SV=1	1022
P49790	sp|P49790|NU153_HUMAN Nuclear pore complex protein Nup153 OS=Homo sapiens OX=9606 GN=NUP153 PE=1 SV=2	1022
P55268	sp|P55268|LAMB2_HUMAN Laminin subunit beta-2 OS=Homo sapiens OX=9606 GN=LAMB2 PE=1 SV=2	1022
O60241	sp|O60241|AGRB2_HUMAN Adhesion G protein-coupled receptor B2 OS=Homo sapiens OX=9606 GN=ADGRB2 PE=1 SV=2	1022
A8CG34	sp|A8CG34|P121C_HUMAN Nuclear envelope pore membrane protein POM 121C OS=Homo sapiens OX=9606 GN=POM121C PE=1 SV=3	1022
O43861	sp|O43861|ATP9B_HUMAN Probable phospholipid-transporting ATPase IIB OS=Homo sapiens OX=9606 GN=ATP9B PE=1 SV=4	1022
Q9P2D1	sp|Q9P2D1|CHD7_HUMAN ATP-dependent chromatin remodeler CHD7 OS=Homo sapiens OX=9606 GN=CHD7 PE=1 SV=3	1022
O14709	sp|O14709|ZN197_HUMAN Zinc finger protein 197 OS=Homo sapiens OX=9606 GN=ZNF197 PE=1 SV=1	1022
Q8WXD9	sp|Q8WXD9|CSKI1_HUMAN Caskin-1 OS=Homo sapiens OX=9606 GN=CASKIN1 PE=1 SV=1	1022
Q86XA9	sp|Q86XA9|HTR5A_HUMAN HEAT repeat-containing protein 5A OS=Homo sapiens OX=9606 GN=HEATR5A PE=1 SV=2	1022
O15031	sp|O15031|PLXB2_HUMAN Plexin-B2 OS=Homo sapiens OX=9606 GN=PLXNB2 PE=1 SV=3	1022
Q9HCE9	sp|Q9HCE9|ANO8_HUMAN Anoctamin-8 OS=Homo sapiens OX=9606 GN=ANO8 PE=1 SV=3	1022
Q99707	sp|Q99707|METH_HUMAN Methionine synthase OS=Homo sapiens OX=9606 GN=MTR PE=1 SV=2	1022
Q5W0Q7	sp|Q5W0Q7|USPL1_HUMAN SUMO-specific isopeptidase USPL1 OS=Homo sapiens OX=9606 GN=USPL1 PE=1 SV=1	1022
O43593	sp|O43593|HAIR_HUMAN Lysine-specific demethylase hairless OS=Homo sapiens OX=9606 GN=HR PE=1 SV=5	1022
Q9P2F8	sp|Q9P2F8|SI1L2_HUMAN Signal-induced proliferation-associated 1-like protein 2 OS=Homo sapiens OX=9606 GN=SIPA1L2 PE=1 SV=2	1022
O60309	sp|O60309|L37A3_HUMAN Leucine-rich repeat-containing protein 37A3 OS=Homo sapiens OX=9606 GN=LRRC37A3 PE=1 SV=2	1022
Q15648	sp|Q15648|MED1_HUMAN Mediator of RNA polymerase II transcription subunit 1 OS=Homo sapiens OX=9606 GN=MED1 PE=1 SV=4	1022
Q13591	sp|Q13591|SEM5A_HUMAN Semaphorin-5A OS=Homo sapiens OX=9606 GN=SEMA5A PE=1 SV=3	1022
P48751	sp|P48751|B3A3_HUMAN Anion exchange protein 3 OS=Homo sapiens OX=9606 GN=SLC4A3 PE=1 SV=2	1022
Q9Y2H9	sp|Q9Y2H9|MAST1_HUMAN Microtubule-associated serine/threonine-protein kinase 1 OS=Homo sapiens OX=9606 GN=MAST1 PE=1 SV=2	1022
Q96QZ7	sp|Q96QZ7|MAGI1_HUMAN Membrane-associated guanylate kinase, WW and PDZ domain-containing protein 1 OS=Homo sapiens OX=9606 GN=MAGI1 PE=1 SV=3	1022
Q9Y2I7	sp|Q9Y2I7|FYV1_HUMAN 1-phosphatidylinositol 3-phosphate 5-kinase OS=Homo sapiens OX=9606 GN=PIKFYVE PE=1 SV=3	1022
Q9UPN9	sp|Q9UPN9|TRI33_HUMAN E3 ubiquitin-protein ligase TRIM33 OS=Homo sapiens OX=9606 GN=TRIM33 PE=1 SV=3	1022
P29323	sp|P29323|EPHB2_HUMAN Ephrin type-B receptor 2 OS=Homo sapiens OX=9606 GN=EPHB2 PE=1 SV=5	1022
Q9BQG0	sp|Q9BQG0|MBB1A_HUMAN Myb-binding protein 1A OS=Homo sapiens OX=9606 GN=MYBBP1A PE=1 SV=2	1022
Q9UKE5	sp|Q9UKE5|TNIK_HUMAN TRAF2 and NCK-interacting protein kinase OS=Homo sapiens OX=9606 GN=TNIK PE=1 SV=1	1022
O14841	sp|O14841|OPLA_HUMAN 5-oxoprolinase OS=Homo sapiens OX=9606 GN=OPLAH PE=1 SV=3	1022
O95613	sp|O95613|PCNT_HUMAN Pericentrin OS=Homo sapiens OX=9606 GN=PCNT PE=1 SV=4	1022
Q92545	sp|Q92545|TM131_HUMAN Transmembrane protein 131 OS=Homo sapiens OX=9606 GN=TMEM131 PE=1 SV=3	1022
Q92793	sp|Q92793|CBP_HUMAN CREB-binding protein OS=Homo sapiens OX=9606 GN=CREBBP PE=1 SV=3	1022
Q15751	sp|Q15751|HERC1_HUMAN Probable E3 ubiquitin-protein ligase HERC1 OS=Homo sapiens OX=9606 GN=HERC1 PE=1 SV=2	1022
Q92878	sp|Q92878|RAD50_HUMAN DNA repair protein RAD50 OS=Homo sapiens OX=9606 GN=RAD50 PE=1 SV=1	1022
P11215	sp|P11215|ITAM_HUMAN Integrin alpha-M OS=Homo sapiens OX=9606 GN=ITGAM PE=1 SV=2	1022
P42858	sp|P42858|HD_HUMAN Huntingtin OS=Homo sapiens OX=9606 GN=HTT PE=1 SV=2	1022
Q9Y2G3	sp|Q9Y2G3|AT11B_HUMAN Phospholipid-transporting ATPase IF OS=Homo sapiens OX=9606 GN=ATP11B PE=1 SV=2	1022
Q00722	sp|Q00722|PLCB2_HUMAN 1-phosphatidylinositol 4,5-bisphosphate phosphodiesterase beta-2 OS=Homo sapiens OX=9606 GN=PLCB2 PE=1 SV=2	1022
Q92823	sp|Q92823|NRCAM_HUMAN Neuronal cell adhesion molecule OS=Homo sapiens OX=9606 GN=NRCAM PE=1 SV=3	1022
Q9BYH1	sp|Q9BYH1|SE6L1_HUMAN Seizure 6-like protein OS=Homo sapiens OX=9606 GN=SEZ6L PE=1 SV=1	1022
Q96RV3	sp|Q96RV3|PCX1_HUMAN Pecanex-like protein 1 OS=Homo sapiens OX=9606 GN=PCNX1 PE=1 SV=2	1022
P04626	sp|P04626|ERBB2_HUMAN Receptor tyrosine-protein kinase erbB-2 OS=Homo sapiens OX=9606 GN=ERBB2 PE=1 SV=1	1022
Q8NEZ4	sp|Q8NEZ4|KMT2C_HUMAN Histone-lysine N-methyltransferase 2C OS=Homo sapiens OX=9606 GN=KMT2C PE=1 SV=3	1022
O00533	sp|O00533|NCHL1_HUMAN Neural cell adhesion molecule L1-like protein OS=Homo sapiens OX=9606 GN=CHL1 PE=1 SV=4	1022
Q8WYB5	sp|Q8WYB5|KAT6B_HUMAN Histone acetyltransferase KAT6B OS=Homo sapiens OX=9606 GN=KAT6B PE=1 SV=3	1022
Q9NVE5	sp|Q9NVE5|UBP40_HUMAN Ubiquitin carboxyl-terminal hydrolase 40 OS=Homo sapiens OX=9606 GN=USP40 PE=1 SV=3	1022
O43933	sp|O43933|PEX1_HUMAN Peroxisomal ATPase PEX1 OS=Homo sapiens OX=9606 GN=PEX1 PE=1 SV=1	1022
P48553	sp|P48553|TPC10_HUMAN Trafficking protein particle complex subunit 10 OS=Homo sapiens OX=9606 GN=TRAPPC10 PE=1 SV=2	1022
P53675	sp|P53675|CLH2_HUMAN Clathrin heavy chain 2 OS=Homo sapiens OX=9606 GN=CLTCL1 PE=1 SV=2	1022
Q7Z333	sp|Q7Z333|SETX_HUMAN Helicase senataxin OS=Homo sapiens OX=9606 GN=SETX PE=1 SV=4	1022
Q2Y0W8	sp|Q2Y0W8|S4A8_HUMAN Electroneutral sodium bicarbonate exchanger 1 OS=Homo sapiens OX=9606 GN=SLC4A8 PE=1 SV=1	1022
Q9ULJ8	sp|Q9ULJ8|NEB1_HUMAN Neurabin-1 OS=Homo sapiens OX=9606 GN=PPP1R9A PE=1 SV=2	1022
Q8IVL1	sp|Q8IVL1|NAV2_HUMAN Neuron navigator 2 OS=Homo sapiens OX=9606 GN=NAV2 PE=1 SV=3	1022
O60343	sp|O60343|TBCD4_HUMAN TBC1 domain family member 4 OS=Homo sapiens OX=9606 GN=TBC1D4 PE=1 SV=2	1022
O43306	sp|O43306|ADCY6_HUMAN Adenylate cyclase type 6 OS=Homo sapiens OX=9606 GN=ADCY6 PE=1 SV=2	1022
Q9UHC1	sp|Q9UHC1|MLH3_HUMAN DNA mismatch repair protein Mlh3 OS=Homo sapiens OX=9606 GN=MLH3 PE=1 SV=3	1022
Q9UP95	sp|Q9UP95|S12A4_HUMAN Solute carrier family 12 member 4 OS=Homo sapiens OX=9606 GN=SLC12A4 PE=1 SV=2	1022
O75116	sp|O75116|ROCK2_HUMAN Rho-associated protein kinase 2 OS=Homo sapiens OX=9606 GN=ROCK2 PE=1 SV=4	1022
Q4ZG55	sp|Q4ZG55|GREB1_HUMAN Protein GREB1 OS=Homo sapiens OX=9606 GN=GREB1 PE=1 SV=1	1022
P23467	sp|P23467|PTPRB_HUMAN Receptor-type tyrosine-protein phosphatase beta OS=Homo sapiens OX=9606 GN=PTPRB PE=1 SV=3	1022
Q00975	sp|Q00975|CAC1B_HUMAN Voltage-dependent N-type calcium channel subunit alpha-1B OS=Homo sapiens OX=9606 GN=CACNA1B PE=1 SV=1	1022
Q8N0W3	sp|Q8N0W3|FCSK_HUMAN L-fucose kinase OS=Homo sapiens OX=9606 GN=FCSK PE=1 SV=2	1022
Q9NU22	sp|Q9NU22|MDN1_HUMAN Midasin OS=Homo sapiens OX=9606 GN=MDN1 PE=1 SV=2	1022
P55160	sp|P55160|NCKPL_HUMAN Nck-associated protein 1-like OS=Homo sapiens OX=9606 GN=NCKAP1L PE=1 SV=3	1022
O15164	sp|O15164|TIF1A_HUMAN Transcription intermediary factor 1-alpha OS=Homo sapiens OX=9606 GN=TRIM24 PE=1 SV=3	1022
O43149	sp|O43149|ZZEF1_HUMAN Zinc finger ZZ-type and EF-hand domain-containing protein 1 OS=Homo sapiens OX=9606 GN=ZZEF1 PE=1 SV=6	1022
Q96JA1	sp|Q96JA1|LRIG1_HUMAN Leucine-rich repeats and immunoglobulin-like domains protein 1 OS=Homo sapiens OX=9606 GN=LRIG1 PE=1 SV=2	1022
P82094	sp|P82094|TMF1_HUMAN TATA element modulatory factor OS=Homo sapiens OX=9606 GN=TMF1 PE=1 SV=2	1022
O94822	sp|O94822|LTN1_HUMAN E3 ubiquitin-protein ligase listerin OS=Homo sapiens OX=9606 GN=LTN1 PE=1 SV=6	1022
Q09428	sp|Q09428|ABCC8_HUMAN ATP-binding cassette sub-family C member 8 OS=Homo sapiens OX=9606 GN=ABCC8 PE=1 SV=6	1022
Q7Z589	sp|Q7Z589|EMSY_HUMAN BRCA2-interacting transcriptional repressor EMSY OS=Homo sapiens OX=9606 GN=EMSY PE=1 SV=2	1022
Q16760	sp|Q16760|DGKD_HUMAN Diacylglycerol kinase delta OS=Homo sapiens OX=9606 GN=DGKD PE=1 SV=4	1022
P29474	sp|P29474|NOS3_HUMAN Nitric oxide synthase 3 OS=Homo sapiens OX=9606 GN=NOS3 PE=1 SV=4	1022
Q07954	sp|Q07954|LRP1_HUMAN Prolow-density lipoprotein receptor-related protein 1 OS=Homo sapiens OX=9606 GN=LRP1 PE=1 SV=2	1022
P29144	sp|P29144|TPP2_HUMAN Tripeptidyl-peptidase 2 OS=Homo sapiens OX=9606 GN=TPP2 PE=1 SV=4	1022
Q12802	sp|Q12802|AKP13_HUMAN A-kinase anchor protein 13 OS=Homo sapiens OX=9606 GN=AKAP13 PE=1 SV=2	1022
Q9NS56	sp|Q9NS56|TOPRS_HUMAN E3 ubiquitin-protein ligase Topors OS=Homo sapiens OX=9606 GN=TOPORS PE=1 SV=1	1022
O14514	sp|O14514|AGRB1_HUMAN Adhesion G protein-coupled receptor B1 OS=Homo sapiens OX=9606 GN=ADGRB1 PE=1 SV=2	1022
Q9NSY1	sp|Q9NSY1|BMP2K_HUMAN BMP-2-inducible protein kinase OS=Homo sapiens OX=9606 GN=BMP2K PE=1 SV=2	1022
Q70Z35	sp|Q70Z35|PREX2_HUMAN Phosphatidylinositol 3,4,5-trisphosphate-dependent Rac exchanger 2 protein OS=Homo sapiens OX=9606 GN=PREX2 PE=1 SV=1	1022
P23229	sp|P23229|ITA6_HUMAN Integrin alpha-6 OS=Homo sapiens OX=9606 GN=ITGA6 PE=1 SV=5	1022
P54098	sp|P54098|DPOG1_HUMAN DNA polymerase subunit gamma-1 OS=Homo sapiens OX=9606 GN=POLG PE=1 SV=1	1022
P78504	sp|P78504|JAG1_HUMAN Protein jagged-1 OS=Homo sapiens OX=9606 GN=JAG1 PE=1 SV=3	1022
O95425	sp|O95425|SVIL_HUMAN Supervillin OS=Homo sapiens OX=9606 GN=SVIL PE=1 SV=2	1022
Q9UIW2	sp|Q9UIW2|PLXA1_HUMAN Plexin-A1 OS=Homo sapiens OX=9606 GN=PLXNA1 PE=1 SV=3	1022
O75165	sp|O75165|DJC13_HUMAN DnaJ homolog subfamily C member 13 OS=Homo sapiens OX=9606 GN=DNAJC13 PE=1 SV=5	1022
P32004	sp|P32004|L1CAM_HUMAN Neural cell adhesion molecule L1 OS=Homo sapiens OX=9606 GN=L1CAM PE=1 SV=2	1022
O75369	sp|O75369|FLNB_HUMAN Filamin-B OS=Homo sapiens OX=9606 GN=FLNB PE=1 SV=2	1022
P00451	sp|P00451|FA8_HUMAN Coagulation factor VIII OS=Homo sapiens OX=9606 GN=F8 PE=1 SV=1	1022
P18206	sp|P18206|VINC_HUMAN Vinculin OS=Homo sapiens OX=9606 GN=VCL PE=1 SV=4	1022
Q9NZJ4	sp|Q9NZJ4|SACS_HUMAN Sacsin OS=Homo sapiens OX=9606 GN=SACS PE=1 SV=2	1022
Q9Y3M8	sp|Q9Y3M8|STA13_HUMAN StAR-related lipid transfer protein 13 OS=Homo sapiens OX=9606 GN=STARD13 PE=1 SV=2	1022
Q14147	sp|Q14147|DHX34_HUMAN Probable ATP-dependent RNA helicase DHX34 OS=Homo sapiens OX=9606 GN=DHX34 PE=1 SV=2	1022
Q16825	sp|Q16825|PTN21_HUMAN Tyrosine-protein phosphatase non-receptor type 21 OS=Homo sapiens OX=9606 GN=PTPN21 PE=1 SV=2	1022
O94913	sp|O94913|PCF11_HUMAN Pre-mRNA cleavage complex 2 protein Pcf11 OS=Homo sapiens OX=9606 GN=PCF11 PE=1 SV=3	1022
O15550	sp|O15550|KDM6A_HUMAN Lysine-specific demethylase 6A OS=Homo sapiens OX=9606 GN=KDM6A PE=1 SV=2	1022
Q13796	sp|Q13796|SHRM2_HUMAN Protein Shroom2 OS=Homo sapiens OX=9606 GN=SHROOM2 PE=1 SV=1	1022
Q14571	sp|Q14571|ITPR2_HUMAN Inositol 1,4,5-trisphosphate-gated calcium channel ITPR2 OS=Homo sapiens OX=9606 GN=ITPR2 PE=1 SV=2	1022
Q8IZY2	sp|Q8IZY2|ABCA7_HUMAN Phospholipid-transporting ATPase ABCA7 OS=Homo sapiens OX=9606 GN=ABCA7 PE=1 SV=3	1022
Q8TEK3	sp|Q8TEK3|DOT1L_HUMAN Histone-lysine N-methyltransferase, H3 lysine-79 specific OS=Homo sapiens OX=9606 GN=DOT1L PE=1 SV=3	1022
P08069	sp|P08069|IGF1R_HUMAN Insulin-like growth factor 1 receptor OS=Homo sapiens OX=9606 GN=IGF1R PE=1 SV=1	1022
Q12769	sp|Q12769|NU160_HUMAN Nuclear pore complex protein Nup160 OS=Homo sapiens OX=9606 GN=NUP160 PE=1 SV=3	1022
Q8WVM7	sp|Q8WVM7|STAG1_HUMAN Cohesin subunit SA-1 OS=Homo sapiens OX=9606 GN=STAG1 PE=1 SV=3	1022
Q6P158	sp|Q6P158|DHX57_HUMAN Putative ATP-dependent RNA helicase DHX57 OS=Homo sapiens OX=9606 GN=DHX57 PE=1 SV=2	1022
Q8TEW0	sp|Q8TEW0|PARD3_HUMAN Partitioning defective 3 homolog OS=Homo sapiens OX=9606 GN=PARD3 PE=1 SV=2	1022
Q14204	sp|Q14204|DYHC1_HUMAN Cytoplasmic dynein 1 heavy chain 1 OS=Homo sapiens OX=9606 GN=DYNC1H1 PE=1 SV=5	1022
Q70EK8	sp|Q70EK8|UBP53_HUMAN Ubiquitin carboxyl-terminal hydrolase 53 OS=Homo sapiens OX=9606 GN=USP53 PE=1 SV=2	1022
Q9H2M9	sp|Q9H2M9|RBGPR_HUMAN Rab3 GTPase-activating protein non-catalytic subunit OS=Homo sapiens OX=9606 GN=RAB3GAP2 PE=1 SV=1	1022
P51805	sp|P51805|PLXA3_HUMAN Plexin-A3 OS=Homo sapiens OX=9606 GN=PLXNA3 PE=1 SV=3	1022
Q13129	sp|Q13129|RLF_HUMAN Zinc finger protein Rlf OS=Homo sapiens OX=9606 GN=RLF PE=1 SV=2	1022
Q9UPQ7	sp|Q9UPQ7|PZRN3_HUMAN E3 ubiquitin-protein ligase PDZRN3 OS=Homo sapiens OX=9606 GN=PDZRN3 PE=1 SV=2	1022
Q9Y6N7	sp|Q9Y6N7|ROBO1_HUMAN Roundabout homolog 1 OS=Homo sapiens OX=9606 GN=ROBO1 PE=1 SV=1	1022
Q8NDV7	sp|Q8NDV7|TNR6A_HUMAN Trinucleotide repeat-containing gene 6A protein OS=Homo sapiens OX=9606 GN=TNRC6A PE=1 SV=2	1022
Q12816	sp|Q12816|TROP_HUMAN Trophinin OS=Homo sapiens OX=9606 GN=TRO PE=1 SV=3	1022
Q92833	sp|Q92833|JARD2_HUMAN Protein Jumonji OS=Homo sapiens OX=9606 GN=JARID2 PE=1 SV=2	1022
Q9H792	sp|Q9H792|PEAK1_HUMAN Inactive tyrosine-protein kinase PEAK1 OS=Homo sapiens OX=9606 GN=PEAK1 PE=1 SV=4	1022
Q9P2E7	sp|Q9P2E7|PCD10_HUMAN Protocadherin-10 OS=Homo sapiens OX=9606 GN=PCDH10 PE=1 SV=2	1022
Q9UIQ6	sp|Q9UIQ6|LCAP_HUMAN Leucyl-cystinyl aminopeptidase OS=Homo sapiens OX=9606 GN=LNPEP PE=1 SV=3	1022
P42338	sp|P42338|PK3CB_HUMAN Phosphatidylinositol 4,5-bisphosphate 3-kinase catalytic subunit beta isoform OS=Homo sapiens OX=9606 GN=PIK3CB PE=1 SV=1	1022
P58397	sp|P58397|ATS12_HUMAN A disintegrin and metalloproteinase with thrombospondin motifs 12 OS=Homo sapiens OX=9606 GN=ADAMTS12 PE=1 SV=2	1022
Q15393	sp|Q15393|SF3B3_HUMAN Splicing factor 3B subunit 3 OS=Homo sapiens OX=9606 GN=SF3B3 PE=1 SV=4	1022
O14727	sp|O14727|APAF_HUMAN Apoptotic protease-activating factor 1 OS=Homo sapiens OX=9606 GN=APAF1 PE=1 SV=2	1022
Q96RU2	sp|Q96RU2|UBP28_HUMAN Ubiquitin carboxyl-terminal hydrolase 28 OS=Homo sapiens OX=9606 GN=USP28 PE=1 SV=1	1022
Q8IUA7	sp|Q8IUA7|ABCA9_HUMAN ATP-binding cassette sub-family A member 9 OS=Homo sapiens OX=9606 GN=ABCA9 PE=1 SV=1	1022
Q5VZ89	sp|Q5VZ89|DEN4C_HUMAN DENN domain-containing protein 4C OS=Homo sapiens OX=9606 GN=DENND4C PE=1 SV=3	1022
Q14689	sp|Q14689|DIP2A_HUMAN Disco-interacting protein 2 homolog A OS=Homo sapiens OX=9606 GN=DIP2A PE=1 SV=2	1022
Q14005	sp|Q14005|IL16_HUMAN Pro-interleukin-16 OS=Homo sapiens OX=9606 GN=IL16 PE=1 SV=4	1022
O95625	sp|O95625|ZBT11_HUMAN Zinc finger and BTB domain-containing protein 11 OS=Homo sapiens OX=9606 GN=ZBTB11 PE=1 SV=2	1022
O94988	sp|O94988|FA13A_HUMAN Protein FAM13A OS=Homo sapiens OX=9606 GN=FAM13A PE=1 SV=2	1022
Q9NQ66	sp|Q9NQ66|PLCB1_HUMAN 1-phosphatidylinositol 4,5-bisphosphate phosphodiesterase beta-1 OS=Homo sapiens OX=9606 GN=PLCB1 PE=1 SV=1	1022
Q8NFY4	sp|Q8NFY4|SEM6D_HUMAN Semaphorin-6D OS=Homo sapiens OX=9606 GN=SEMA6D PE=1 SV=1	1022
Q9Y666	sp|Q9Y666|S12A7_HUMAN Solute carrier family 12 member 7 OS=Homo sapiens OX=9606 GN=SLC12A7 PE=1 SV=3	1022
Q7Z5J4	sp|Q7Z5J4|RAI1_HUMAN Retinoic acid-induced protein 1 OS=Homo sapiens OX=9606 GN=RAI1 PE=1 SV=2	1022
