data_id,db,task,key,smiles,tag,filename,i_repeat,cfd_traj,cfd_pos,cfd_node,cfd_edge
pocketxmol_ehmt1_sma_atlas_ext,use,sbdd,,NC(=O)c1cccn(C2OC(C(P(=O)(O)O)P(=O)(O)O)C(O)C2O)c1=O,,0.sdf,0,1.212286353111267,2.2895446,10.273078,18.263514
pocketxmol_ehmt1_sma_atlas_ext,use,sbdd,,O=C(O)c1cc[n+](C2OC(CO[PH](=O)(=O)O)C(O)C(O)C2O)c(OP(=O)(O)O)c1,,1.sdf,0,1.2912160158157349,2.6390946,10.241029,19.01185
pocketxmol_ehmt1_sma_atlas_ext,use,sbdd,,Fc1nccc(C=NNc2ccc3c(cnc4cnccc43)n2)n1,,2.sdf,0,1.4318989515304563,2.749934,9.615251,17.659012
pocketxmol_ehmt1_sma_atlas_ext,use,sbdd,,O=Cc1cn(C2CC3(O[PH](O)(O)O)CC(COP(=O)(O)O)OC23)c(=O)[nH]c1=O,,3.sdf,0,1.2709981203079224,2.4754603,10.705253,18.375574
pocketxmol_ehmt1_sma_atlas_ext,use,sbdd,,CC(C)(C)c1ccc(NC(c2cccnc2)N2CCNCC2)cc1,,4.sdf,0,1.3044761419296265,2.7146282,10.564429,18.509068
pocketxmol_ehmt1_sma_atlas_ext,use,sbdd,,O=C(C=Cc1ccccc1)c1ccc(NC2CC(C(=O)O)C(O)C2O)nc1,,5.sdf,0,1.2887225151062012,2.563219,10.293492,18.46329
pocketxmol_ehmt1_sma_atlas_ext,use,sbdd,,Cn1c(=O)oc2c(OP(=O)(O)O)n(C3OC(COP(=O)(O)O)C(O)C3O)nc21,,6.sdf,0,1.2287309169769287,2.448305,10.27082,18.222483
pocketxmol_ehmt1_sma_atlas_ext,use,sbdd,,,bad,7-bad.sdf,0,1.3144025802612305,2.6654577,9.529057,18.117298
pocketxmol_ehmt1_sma_atlas_ext,use,sbdd,,Cn1cc(-c2cc(NCCCC(=O)O)c3nc4ncnc(N)c4nc3c2)cn1,,8.sdf,0,1.4363266229629517,2.7340698,10.584979,18.29841
pocketxmol_ehmt1_sma_atlas_ext,use,sbdd,,O=C(O)CC(=O)NC(C(=O)O)c1cccc(-c2cccc3ccccc23)c1,,9.sdf,0,1.3593497276306152,2.657057,10.241759,18.31473
pocketxmol_ehmt1_sma_atlas_ext,use,sbdd,,Nc1nc2c(ncn2C(O)C2OC(COP(=O)(O)O)C(O)C2OP(=O)(O)O)c(=O)[nH]1,,10.sdf,0,1.310671091079712,2.4802659,10.815938,18.363714
pocketxmol_ehmt1_sma_atlas_ext,use,sbdd,,O=C(O)CN1C(=O)CCn2cc(-c3cccc(COc4cccc(F)c4)c3)nc21,,11.sdf,0,1.3720203638076782,2.7185826,10.961629,18.559595
pocketxmol_ehmt1_sma_atlas_ext,use,sbdd,,NC(=O)c1cc[n+](C2OC(OP(=O)(O)NP(=O)(O)O)C(O)C2O)cc1,,12.sdf,0,1.2935794591903689,2.6493843,10.271241,18.631472
pocketxmol_ehmt1_sma_atlas_ext,use,sbdd,,CN(C)c1ccc(-n2cc3c(-c4ccc(N)cc4)nc(N)nc3n2)cc1,,13.sdf,0,1.5124592781066897,2.8358536,11.150251,18.358212
pocketxmol_ehmt1_sma_atlas_ext,use,sbdd,,Nc1ncnc2c1ncn2C1OC(COP(=O)(O)OP(=O)(O)O)CC(O)C1O,,14.sdf,0,1.3297340869903564,2.681925,11.665572,18.552702
pocketxmol_ehmt1_sma_atlas_ext,use,sbdd,,O=c1c2c(ccc3cc(OCCN=C(O)c4ccccn4)ccc32)ncn1O,,15.sdf,0,1.3783303499221802,2.639086,9.889002,18.010067
pocketxmol_ehmt1_sma_atlas_ext,use,sbdd,,Cc1ccc(CCc2cccc(S(N)(=O)=O)c2)c2c1NS(=O)(=O)N2,,16.sdf,0,1.312135934829712,2.6436975,9.556961,18.597334
pocketxmol_ehmt1_sma_atlas_ext,use,sbdd,,Oc1cc(-c2ccc3ncccc3c2)cc(-c2ccn3cc(C(O)O)c(O)nc23)n1,,17.sdf,0,1.4377435445785522,2.73981,9.362271,17.99963
pocketxmol_ehmt1_sma_atlas_ext,use,sbdd,,Cn1c(=O)[nH]c(=O)c2cnc(C(O)C(O)COP(=O)(O)OP(=O)(O)O)nc21,,18.sdf,0,1.3091750144958496,2.660095,11.009561,18.168686
pocketxmol_ehmt1_sma_atlas_ext,use,sbdd,,Cc1cc2c3cc(ccc3c1)N=CCC(=O)Nc1ccccc1OCC(=O)N2,,19.sdf,0,1.3735129833221436,2.614841,9.408091,18.350096
pocketxmol_ehmt1_sma_atlas_ext,use,sbdd,,Nc1nc[nH+]c2c1ncc1[n+]2CC2CN=CC2C1OP(=O)(O)O,,20.sdf,0,1.3387420177459717,2.5996213,9.937043,17.429777
pocketxmol_ehmt1_sma_atlas_ext,use,sbdd,,Cn1cnc2nc(NC(=O)Nc3ccc4cnc(=O)[nH]c4c3)[nH]c(=O)c21,,21.sdf,0,1.4276024103164673,2.6472332,10.217353,17.871565
pocketxmol_ehmt1_sma_atlas_ext,use,sbdd,,CC(=O)Nc1ccc(-c2ccc(C=NN=CC3=C4N=CN=CC=C4N(C)N3)cc2)cc1,,22.sdf,0,1.397304654121399,2.7034092,10.233276,18.353779
pocketxmol_ehmt1_sma_atlas_ext,use,sbdd,,NC(=O)c1ccc(Cn2cc(COP(=O)(O)O[PH](=O)(=O)O)cn2)cc1,,23.sdf,0,1.3094613552093506,2.647095,10.0324745,18.173912
pocketxmol_ehmt1_sma_atlas_ext,use,sbdd,,COc1cc(C)cc(CN2C(=O)c3cccc4nc(C(=O)O)cc(c34)C2=O)c1,,24.sdf,0,1.4469883441925049,2.7303672,10.678182,18.037197
pocketxmol_ehmt1_sma_atlas_ext,use,sbdd,,Nc1nnc2c(ncn2C2OC(OP(=O)(O)OP(=O)(O)O)C(O)C2O)n1,,25.sdf,0,1.2686282396316528,2.5253487,10.79051,18.155977
pocketxmol_ehmt1_sma_atlas_ext,use,sbdd,,CC1=C(O)N(C)C(O)=[NH+]C([n+]2c3ccc(O)cc3c3cc4cccccc4cc32)=N1,,26.sdf,0,1.2813485860824585,2.5261154,9.389388,17.405195
pocketxmol_ehmt1_sma_atlas_ext,use,sbdd,,Nc1nc2cc3ccc(-c4ccncc4)cc3n(Cc3ccc(F)cc3)c-2n1,,27.sdf,0,1.4440051317214966,2.80914,10.900447,18.55878
pocketxmol_ehmt1_sma_atlas_ext,use,sbdd,,Nc1ncnc2c1ncn2C1OC(COP(=O)(O)OP(=O)(O)O)C1O,,28.sdf,0,1.2798664569854736,2.4313004,11.436084,18.27421
pocketxmol_ehmt1_sma_atlas_ext,use,sbdd,,Cn1cnc(N)c2nc[n+](C3OC34C(OP(=O)(O)O)C4OP(=O)(O)O)c1-2,,29.sdf,0,1.1666723489761353,2.25821,10.641769,17.551096
pocketxmol_ehmt1_sma_atlas_ext,use,sbdd,,O=C(Cc1cccc2nc(O)ccc12)Nc1cccc(C(=O)O)c1,,30.sdf,0,1.449879169464111,2.6843746,9.907058,17.855833
pocketxmol_ehmt1_sma_atlas_ext,use,sbdd,,Cc1ccc2nc(-c3ccc(C#N)cc3)nc(Nc3ccc(F)cc3)c2c1,,31.sdf,0,1.464441180229187,2.7888727,9.997172,18.331146
pocketxmol_ehmt1_sma_atlas_ext,use,sbdd,,O=C(O)c1ccc(O)c(-c2ccccc2COc2ccc3ccccc3c2)n1,,32.sdf,0,1.403336763381958,2.8250735,10.5985565,18.279638
pocketxmol_ehmt1_sma_atlas_ext,use,sbdd,,c1ccc(Nc2ncnc3ccc4nc(N5CCNCC5)ccc4c23)cc1,,33.sdf,0,1.4435309171676636,2.8693054,10.912575,18.192322
pocketxmol_ehmt1_sma_atlas_ext,use,sbdd,,FC(F)(F)c1ccc2cc(-c3nccc4nc5ccccc5nc34)ccc2c1,,34.sdf,0,1.4964361190795898,2.7988408,10.339274,17.975056
pocketxmol_ehmt1_sma_atlas_ext,use,sbdd,,O=P(O)(O)C1CN(c2ncnc3ccccc23)CC(c2ccccc2)CO1,,35.sdf,0,1.3675203323364258,2.603133,10.681947,18.35159
pocketxmol_ehmt1_sma_atlas_ext,use,sbdd,,COC(=C(O)NC(C)=O)c1ccc(C(=O)Nc2ccc3nc(=O)n(C)c-3cc2)cc1,,36.sdf,0,1.2804838418960571,2.5254052,10.290875,18.31015
pocketxmol_ehmt1_sma_atlas_ext,use,sbdd,,Nc1ncnc2c1ncn2C1OC(COP(=O)(O)OP(=O)(O)O)CC(O)C1O,,37.sdf,0,1.26893150806427,2.3484807,10.888006,18.160656
pocketxmol_ehmt1_sma_atlas_ext,use,sbdd,,,bad,38-bad.sdf,0,1.2905786037445068,2.4783518,10.5973425,18.366297
pocketxmol_ehmt1_sma_atlas_ext,use,sbdd,,CN1CCCC(NC2=NC(=Cc3cnc[n+](O)c3)N=[N+]2c2ccc(F)cc2)C1=O,,39.sdf,0,1.3833163976669312,2.5523565,9.711519,18.525002
pocketxmol_ehmt1_sma_atlas_ext,use,sbdd,,O=C1Nc2ccccc2OCCc2ccccc2NC(=O)c2ncccc21,,40.sdf,0,1.3573861122131348,2.685301,11.060123,18.591007
pocketxmol_ehmt1_sma_atlas_ext,use,sbdd,,C=CN=c1nc2nc(N)[nH]c3c-2nc1NC(=N)Nc1ccccc1-c1cccc(c1)N3,,41.sdf,0,1.45408296585083,2.6978207,10.113537,18.48858
pocketxmol_ehmt1_sma_atlas_ext,use,sbdd,,Nc1nc(O)c2c(n1)Oc1ncnc3c1[n+]-2cn3Cc1ccc(O)cc1,,42.sdf,0,1.4921367168426514,2.7206755,10.41519,17.820074
pocketxmol_ehmt1_sma_atlas_ext,use,sbdd,,C[n+]1cnc2c(ncn2C2OC(C(O)COP(=O)(O)O)C(O)C2O)c1N,,43.sdf,0,1.3208788633346558,2.6479533,11.383127,18.518261
pocketxmol_ehmt1_sma_atlas_ext,use,sbdd,,CC(=O)OC[n+]1c(NP(N)(=O)O)nc2cc(C)ccc2c1N1CCCCC1,,44.sdf,0,1.280775785446167,2.4203014,8.768779,17.991661
pocketxmol_ehmt1_sma_atlas_ext,use,sbdd,,Nc1ncnc2c1ncn2C1OCC(OC(CP(=O)(O)O)OP(=O)(O)O)C(O)C1O,,45.sdf,0,1.2360386848449707,2.474289,10.801656,18.452284
pocketxmol_ehmt1_sma_atlas_ext,use,sbdd,,Nc1ncnc2c(Cc3ccc(-c4ccccc4)cc3NC(=O)O)cccc12,,46.sdf,0,1.519641995429993,2.8321576,10.800255,18.651197
pocketxmol_ehmt1_sma_atlas_ext,use,sbdd,,O=C(O)c1cccc2c(Cc3ccccc3O)c3ccccc3nc12,,47.sdf,0,1.4381195306777954,2.7863126,11.195137,18.256243
pocketxmol_ehmt1_sma_atlas_ext,use,sbdd,,Nc1ncc(-c2cc(OCc3ccccc3)ccc2NC(=O)COP(=O)(O)O)c(=O)[nH]1,,48.sdf,0,1.3764405250549316,2.709267,11.302677,18.896084
pocketxmol_ehmt1_sma_atlas_ext,use,sbdd,,Nc1nc(=O)c2ncn(C3OC(CCOP(=O)(O)O)C(OP(=O)(O)O)C3O)c2[nH]1,,49.sdf,0,1.2678111791610718,2.5694852,11.297866,18.529745
pocketxmol_ehmt1_sma_atlas_ext,use,sbdd,,O=c1ccn(C2OC2C2OC(Nc3[nH]cnc(=O)c3O)C2OP(=O)(O)O)c(=O)[nH]1,,50.sdf,0,1.2362509965896606,2.35211181640625,10.350922584533691,18.03499984741211
pocketxmol_ehmt1_sma_atlas_ext,use,sbdd,,Cc1nc2nc[nH]c(NC3CCN(C(O)CCCNC(=O)CN)C3)c-2n1,,51.sdf,0,1.252550482749939,2.636629343032837,10.668675422668455,18.71522331237793
pocketxmol_ehmt1_sma_atlas_ext,use,sbdd,,O=C(O)C1CC(P(=O)(O)O)C2CC(N3C(=O)c4ccccc4C3=O)C2O1,,52.sdf,0,1.1367264986038208,2.2479143142700195,9.70814609527588,17.94702911376953
pocketxmol_ehmt1_sma_atlas_ext,use,sbdd,,Cn1c2nc3ccc(-c4ccccc4)cc3[n+]-2c(O)c2cccnc21,,53.sdf,0,1.528030514717102,2.802157402038574,10.887731552124023,17.834869384765625
pocketxmol_ehmt1_sma_atlas_ext,use,sbdd,,NC(=O)c1ccc(-n2nc(-c3ccccc3)c3nc4ccccc4cc32)cc1,,54.sdf,0,1.5225259065628052,2.921337842941284,11.212732315063477,18.308565139770508
pocketxmol_ehmt1_sma_atlas_ext,use,sbdd,,O=[N+](O)C=Cc1nc2cc(O)ncc2n2c1nc1c(-c3ccccc3)ncnc12,,55.sdf,0,1.4508566856384275,2.761788845062256,10.212646484375,18.25529670715332
pocketxmol_ehmt1_sma_atlas_ext,use,sbdd,,Cc1nn(-c2ccc(F)cc2)c2nc(-c3ccc(S(N)(=O)=O)cc3)n(O)c(=O)c12,,56.sdf,0,1.4101697206497192,2.7424795627593994,11.069086074829102,18.56791877746582
pocketxmol_ehmt1_sma_atlas_ext,use,sbdd,,Nc1[nH+]cnc2c1C(=O)N(C1=CC=C3NC=C(c4ccc(C(=O)O)cc4)N=C3C=C1)C2=O,,57.sdf,0,1.4869242906570437,2.6806530952453613,10.528549194335938,18.28222846984864
pocketxmol_ehmt1_sma_atlas_ext,use,sbdd,,Nc1ncnc2c1ncn2C1OC(OP(=O)(O)O)C(COP(=O)(O)O)C1O,,58.sdf,0,1.295382380485535,2.490066766738892,11.50113296508789,18.264986038208008
pocketxmol_ehmt1_sma_atlas_ext,use,sbdd,,O=c1[nH]c(Nc2ccccc2)c2ccccc2c1CCC(O)c1ccccc1,,59.sdf,0,1.472374677658081,2.8851869106292725,10.974287986755373,18.528602600097656
pocketxmol_ehmt1_sma_atlas_ext,use,sbdd,,OC(=NC1=NC2=CC=CC3=c4ccccc4=CN1N23)c1cccc2c1NCC2,,60.sdf,0,1.4317364692687988,2.6785671710968018,10.536531448364258,17.7441463470459
pocketxmol_ehmt1_sma_atlas_ext,use,sbdd,,Fc1ccc(N(CC2=CN=[N+]3C2=NN=C3N2CCOCC2)Cc2ccccc2)cc1,,61.sdf,0,1.3655284643173218,2.7440500259399414,11.773117065429688,18.91544342041016
pocketxmol_ehmt1_sma_atlas_ext,use,sbdd,,NC1=NC(=O)C2=[N+](C3OC(COP(=O)(O)O)C3O)C=NC2=N1.O=P(O)(O)O[PH](O)(O)O,incomp,62-incomp.sdf,0,1.2548924684524536,2.4075021743774414,10.905409812927246,18.558507919311523
pocketxmol_ehmt1_sma_atlas_ext,use,sbdd,,CC(=O)Nc1ccc2c(CN3CCCC(C(=O)N(C)C)C3)c(C)[nH]c2c1,,63.sdf,0,1.3127881288528442,2.488769292831421,9.564108848571776,18.08169746398925
pocketxmol_ehmt1_sma_atlas_ext,use,sbdd,,Nc1ncnc2c1ncn2C1OC(OP(=O)(O)O)C(OP(=O)(O)O)C(F)C1O,,64.sdf,0,1.285972237586975,2.52776312828064,11.072469711303713,18.19148826599121
pocketxmol_ehmt1_sma_atlas_ext,use,sbdd,,NC(=O)c1nc2n(c1N)C(=O)c1cc(-c3nnn[nH]3)cc3c1[NH+]2c1ccc(F)cc1-3,,65.sdf,0,1.414819359779358,2.572283983230591,9.602160453796388,17.89373207092285
pocketxmol_ehmt1_sma_atlas_ext,use,sbdd,,Oc1ccc2[nH]c(-c3ccc(N4CCCC4)cc3-c3ccccc3)nc2n1,,66.sdf,0,1.4371862411499023,2.7031829357147217,10.864375114440918,18.536102294921875
pocketxmol_ehmt1_sma_atlas_ext,use,sbdd,,O=c1[nH]c(=O)c2ncc(-c3ccc4nc(-c5ccc(F)cn5)ccc4c3)cc2[nH]1,,67.sdf,0,1.5441877841949463,2.77892541885376,10.177019119262695,18.128395080566406
pocketxmol_ehmt1_sma_atlas_ext,use,sbdd,,C[n+]1c2c(Cc3ccc4c(c3)OCC4)c3ccccc3oc-2c2ccccc21,,68.sdf,0,1.514191746711731,2.7024099826812744,10.416215896606444,18.0949935913086
pocketxmol_ehmt1_sma_atlas_ext,use,sbdd,,Cn1c(C2=NC3=NC(=O)NC(=O)C3=[N+]2CC(=O)O)nc2ccccc21,,69.sdf,0,1.4002273082733154,2.625283718109131,11.042137145996094,17.740827560424805
pocketxmol_ehmt1_sma_atlas_ext,use,sbdd,,CCc1oc2nc(COC3C(O)C(N)C(O)C(O)C3O)c3ccccc3c2c1C,,70.sdf,0,1.2591854333877563,2.511847734451294,10.395699501037598,18.19318580627441
pocketxmol_ehmt1_sma_atlas_ext,use,sbdd,,CN1CCCC(Nc2nc3c([N+](=O)O)cccc3c3oc(=O)c4ccccc4c23)C1,,71.sdf,0,1.4061747789382937,2.5984597206115723,10.715229988098145,18.04321479797364
pocketxmol_ehmt1_sma_atlas_ext,use,sbdd,,CCc1c2c(=O)c3ccc(NC(=N)N)cc3oc2nc2nc3ccccc3n12,,72.sdf,0,1.3715941905975342,2.7316582202911377,10.23058795928955,17.978370666503906
pocketxmol_ehmt1_sma_atlas_ext,use,sbdd,,Cc1cn(C2OC(COP(=O)(O)OP(=O)(O)O)C(O)C2O)c(=O)[nH]c1=O,,73.sdf,0,1.3577440977096558,2.5806384086608887,11.310235023498535,18.700138092041016
pocketxmol_ehmt1_sma_atlas_ext,use,sbdd,,Fc1ccc2cc3nc4n(c3nc2c1)-c1ccccc1Oc1c-4cnc2ccccc12,,74.sdf,0,1.49288010597229,2.663241147994995,10.072279930114746,17.88353729248047
pocketxmol_ehmt1_sma_atlas_ext,use,sbdd,,Nc1ncnc2c(C3OC(C(=O)O)C(OP(=O)(O)O)C3OP(=O)(O)O)ncnc12,,75.sdf,0,1.328737497329712,2.6500017642974854,11.021556854248049,18.777862548828125
pocketxmol_ehmt1_sma_atlas_ext,use,sbdd,,O=C(O)c1cc2cc(S(=O)(=O)NCC(O)c3cccc(O)c3O)ccc2[nH]1,,76.sdf,0,1.4046745300292969,2.664821147918701,10.625964164733888,18.268110275268555
pocketxmol_ehmt1_sma_atlas_ext,use,sbdd,,O=COc1ccc2c3c(ccc2c1)NC1=CC=C(C(=O)O)C=CC1=N3,,77.sdf,0,1.3793034553527832,2.565298795700073,9.649894714355469,17.018583297729492
pocketxmol_ehmt1_sma_atlas_ext,use,sbdd,,O=c1ccn(CC2OC(CC(OP(=O)(O)O)P(=O)(O)O)C2O)c(=O)[nH]1,,78.sdf,0,1.1431747674942017,2.3862340450286865,11.022425651550291,18.362199783325195
pocketxmol_ehmt1_sma_atlas_ext,use,sbdd,,O=C(O)c1cc(C(O)c2ncco2)c2nccc(-c3ccc(O)cc3)c2n1,,79.sdf,0,1.414769411087036,2.6108529567718506,9.865270614624023,18.371049880981445
pocketxmol_ehmt1_sma_atlas_ext,use,sbdd,,N=C(C(=O)O)C(=O)Nc1ccc2c(ccc3ccccc32)c1C(=O)Nc1ccccc1,,80.sdf,0,1.4014227390289309,2.7835166454315186,10.864421844482422,18.421817779541016
pocketxmol_ehmt1_sma_atlas_ext,use,sbdd,,O=c1nc2[nH]c3ccc(-c4cc[nH+]c5c(O)cccc45)nc3c(=O)nc-2[nH]1,,81.sdf,0,1.3910866975784302,2.6254217624664307,9.692325592041016,17.435232162475586
pocketxmol_ehmt1_sma_atlas_ext,use,sbdd,,Nc1ncnc2c1ncn2C1OC(COP(=O)(O)OP(=O)(O)O)CC(O)C1O,,82.sdf,0,1.3339581489562988,2.575230360031128,11.279970169067385,18.369216918945312
pocketxmol_ehmt1_sma_atlas_ext,use,sbdd,,Cc1ccc2c(c1O)N=C1C=C(Nc3ccc4ccccc4n3)N=C3C=CN2N31,,83.sdf,0,1.426082730293274,2.766482353210449,9.395206451416016,17.811738967895508
pocketxmol_ehmt1_sma_atlas_ext,use,sbdd,,Nc1ncnc2c(COP(=O)(O)O)cc(NC(=O)COP(=O)(O)OP(=O)(O)O)nc12,,84.sdf,0,1.2912123203277588,2.54569935798645,10.270580291748049,18.73609733581543
pocketxmol_ehmt1_sma_atlas_ext,use,sbdd,,Cc1nc(OC2OC(OP(=O)(O)O)C(O)C2O)nc2c(=O)[nH]c(=O)[nH]c12,,85.sdf,0,1.2559105157852173,2.636295795440674,10.65510082244873,18.41399383544922
pocketxmol_ehmt1_sma_atlas_ext,use,sbdd,,,bad,86-bad.sdf,0,1.3159719705581665,2.4726979732513428,9.56236743927002,17.448421478271484
pocketxmol_ehmt1_sma_atlas_ext,use,sbdd,,Nc1nc2c3c(ccc(Nc4ccncc4)c3n1)C=C1CCCC1=C2,,87.sdf,0,1.360519528388977,2.7147932052612305,8.947935104370117,17.6846981048584
pocketxmol_ehmt1_sma_atlas_ext,use,sbdd,,,bad,88-bad.sdf,0,1.2169520854949951,2.45311975479126,9.989630699157717,17.755701065063477
pocketxmol_ehmt1_sma_atlas_ext,use,sbdd,,,bad,89-bad.sdf,0,1.4592480659484863,2.6650664806365967,10.48895263671875,18.242053985595703
pocketxmol_ehmt1_sma_atlas_ext,use,sbdd,,Cn1nc2c3c(cccc31)NC=C2C(=O)Nc1cc[nH+]c2ccccc12,,90.sdf,0,1.4594911336898804,2.750106811523437,10.881230354309082,17.69586944580078
pocketxmol_ehmt1_sma_atlas_ext,use,sbdd,,Oc1ccc(-c2cc(-c3ccc4c(c3)OCCO4)c3ccccc3n2)cc1O,,91.sdf,0,1.4769890308380127,2.800556898117065,11.773932456970217,18.40950584411621
pocketxmol_ehmt1_sma_atlas_ext,use,sbdd,,O=C(c1ccc2nc(O)c(O)cc2c1)c1cc2ccc3ccccc3c2nc1O,,92.sdf,0,1.48735249042511,2.669741630554199,9.848346710205078,17.80658721923828
pocketxmol_ehmt1_sma_atlas_ext,use,sbdd,,O=C(O)c1ccc(CSc2nc3c4c(ncnc4n2)NC=N3)c[nH+]1,,93.sdf,0,1.4840236902236938,2.7531659603118896,9.94859790802002,18.047866821289062
pocketxmol_ehmt1_sma_atlas_ext,use,sbdd,,Nc1nc2[nH]cc3c(c-2n1)N(CCC(N)C(=O)O)CC(C(=O)O)C3,,94.sdf,0,1.2893142700195312,2.5068719387054443,9.663963317871094,18.03266716003418
pocketxmol_ehmt1_sma_atlas_ext,use,sbdd,,O=C(NCc1ccccc1OCc1ccc(O)cc1)c1ccn(O)c(=O)n1,,95.sdf,0,1.3779339790344238,2.7419161796569824,11.117856979370115,18.529525756835938
pocketxmol_ehmt1_sma_atlas_ext,use,sbdd,,Nc1ncnc2c1ncn2Cc1ncnc(CO)c2ncnc1-2,,96.sdf,0,1.3020939826965332,2.524189710617065,9.35305881500244,17.267419815063477
pocketxmol_ehmt1_sma_atlas_ext,use,sbdd,,CN1CCc2ccc(C(=O)c3cccnc3Nc3nnc(-c4ccccc4)o3)cc21,,97.sdf,0,1.392505764961243,2.796783685684204,10.859885215759276,18.60266876220703
pocketxmol_ehmt1_sma_atlas_ext,use,sbdd,,O=C(O)C(Nc1c2ccccc2nc2ccc(O)nc12)c1ccc(O)cc1,,98.sdf,0,1.4363458156585691,2.782618761062622,11.137450218200684,18.616798400878903
pocketxmol_ehmt1_sma_atlas_ext,use,sbdd,,O=C(Nc1ccccn1)C(=Cc1ccc(O)cc1)Oc1cccnn1,,99.sdf,0,1.3325330018997192,2.75911283493042,10.456119537353516,18.69362068176269
pocketxmol_ehmt1_sma_atlas_ext,use,sbdd,,NC(=O)c1ccc([N+]2=C(c3ccc(O)cc3)N=C2c2ccccc2)cc1,,100.sdf,0,1.386986494064331,2.6995339393615723,10.426441192626951,18.16621398925781
pocketxmol_ehmt1_sma_atlas_ext,use,sbdd,,Cn1[nH]c2cccc3[nH]c(=O)c4c[nH]c5nc(=O)c6cnc1c(c32)c6n54,,101.sdf,0,1.3679083585739136,2.371845006942749,9.128915786743164,17.405855178833008
pocketxmol_ehmt1_sma_atlas_ext,use,sbdd,,NC1=NC(=O)c2ncc(OC(COP(=O)(O)O)C(O)COP(=O)(O)O)cc21,,102.sdf,0,1.2096675634384155,2.3601505756378174,9.745084762573242,17.715728759765625
pocketxmol_ehmt1_sma_atlas_ext,use,sbdd,,CCN(Cc1cc[nH]c(=N)n1)Cc1[nH+]c2ccccc2c2ccccc12,,103.sdf,0,1.438168168067932,2.7263994216918945,10.906651496887209,17.926382064819336
pocketxmol_ehmt1_sma_atlas_ext,use,sbdd,,Nc1ncc2c(n1)c1cc(-c3ccccc3)ccc1c1c3ccccc3nn21,,104.sdf,0,1.4366527795791626,2.870035409927368,10.983397483825684,18.11875534057617
pocketxmol_ehmt1_sma_atlas_ext,use,sbdd,,Cn1nc(O)c2c(-c3nc(N4CCCC4)nc4cc(O)ccc34)ncnc21,,105.sdf,0,1.4045861959457395,2.582000494003296,10.29927921295166,18.041912078857425
pocketxmol_ehmt1_sma_atlas_ext,use,sbdd,,Cc1cc(C(=O)Nc2ccc(-c3ccccc3)cn2)c2ccccc2n1,,106.sdf,0,1.4648650884628296,2.8590803146362305,10.949248313903809,18.406959533691406
pocketxmol_ehmt1_sma_atlas_ext,use,sbdd,,Nc1ncn(C2CC(C(=O)O)C(O)C2COP(=O)(O)O)c(=O)n1,,107.sdf,0,1.2455388307571411,2.610658407211304,10.2214937210083,18.478628158569336
pocketxmol_ehmt1_sma_atlas_ext,use,sbdd,,,bad,108-bad.sdf,0,1.4655221700668335,2.790881872177124,10.040873527526855,18.1004581451416
pocketxmol_ehmt1_sma_atlas_ext,use,sbdd,,NP(=O)(O)Oc1cccc2c1c1cc(-c3nc[nH]n3)[nH]c3ccc(=O)[n+]2c31,,109.sdf,0,1.392489671707153,2.6555187702178955,9.393071174621582,18.06382942199707
pocketxmol_ehmt1_sma_atlas_ext,use,sbdd,,O=C(O)c1cccc(-c2n[nH]cc2-c2nn3cc4ccccc4[nH+]c3[nH+]2)c1,,110.sdf,0,1.4860552549362185,2.7712905406951904,10.024588584899902,18.03861427307129
pocketxmol_ehmt1_sma_atlas_ext,use,sbdd,,Cc1[nH+]c(O)nc2ncn(NC(=O)C3=CNc4ccccc4N=C3)c2c1=O,,111.sdf,0,1.2963947057724,2.5272111892700195,9.0379056930542,17.44463348388672
pocketxmol_ehmt1_sma_atlas_ext,use,sbdd,,,bad,112-bad.sdf,0,1.3371953964233398,2.5110838413238525,9.322310447692873,17.667984008789062
pocketxmol_ehmt1_sma_atlas_ext,use,sbdd,,Cc1nn(C)c2nc3nc(c12)NC(=O)CCCc1cccc(c1)[SH](=O)(O)N1CCOCC3C1,,113.sdf,0,1.3288971185684204,2.645182132720948,10.21975803375244,18.93188095092773
pocketxmol_ehmt1_sma_atlas_ext,use,sbdd,,CC(O)C1Cc2nc(N)[n+](O)c3nc(N)c(nc23)COC(=O)C(O)COP(=O)(O)O1,,114.sdf,0,1.2750321626663208,2.4902455806732178,9.327746391296388,18.26179313659668
pocketxmol_ehmt1_sma_atlas_ext,use,sbdd,,CC1=CC=Cc2ccc(C(O)Cn3c4ccccc4c4c[nH+]c(N)nc43)cc2N1,,115.sdf,0,1.3785018920898438,2.5547475814819336,9.545656204223633,17.60957145690918
pocketxmol_ehmt1_sma_atlas_ext,use,sbdd,,CC(=O)Nc1ccccc1-c1nc(C(=N)O)c2c3ccccc3n(-c3ccccc3)c2n1,,116.sdf,0,1.4411184787750244,2.7601919174194336,10.943291664123535,18.48841857910156
pocketxmol_ehmt1_sma_atlas_ext,use,sbdd,,Fc1cccc(-c2ncnc3c2=CNc2ccccc2N=3)c1,,117.sdf,0,1.4612725973129272,2.730926275253296,10.876733779907228,17.697513580322266
pocketxmol_ehmt1_sma_atlas_ext,use,sbdd,,Nc1ncnc2c1ncn2C1OC(COP(=O)(O)O)C(O)C1OP(=O)(O)O,,118.sdf,0,1.2758299112319946,2.553300142288208,11.625384330749512,18.76334571838379
pocketxmol_ehmt1_sma_atlas_ext,use,sbdd,,Cn1cc(-c2nn(-c3ccc4nccn4c3)c3ccc(C(=O)O)cc23)cn1,,119.sdf,0,1.438762664794922,2.660396337509156,9.845670700073242,17.959760665893555
pocketxmol_ehmt1_sma_atlas_ext,use,sbdd,,O=C(O)c1ccc(-c2cccnc2Nc2cc(S(=O)(=O)O)ccc2O)nc1O,,120.sdf,0,1.449856162071228,2.81121826171875,10.129034996032717,18.62435340881348
pocketxmol_ehmt1_sma_atlas_ext,use,sbdd,,Nc1ncnc2c1ncn2C1OC(C(C(O)P(=O)(O)O)P(=O)(O)O)C(O)C1O,,121.sdf,0,1.2856395244598389,2.491271495819092,11.234807968139648,18.313127517700195
pocketxmol_ehmt1_sma_atlas_ext,use,sbdd,,Cn1ncc2c(c1=O)n1nc(-c3ccc(F)nc3)cc1n2CCCC(=O)O,,122.sdf,0,1.3922463655471802,2.6929140090942383,9.500951766967772,18.12417984008789
pocketxmol_ehmt1_sma_atlas_ext,use,sbdd,,O=C(O)c1ccc2oc(=O)c(-c3ccc(OC(=O)c4ccccc4)cc3)nc2c1,,123.sdf,0,1.4760204553604126,2.6924915313720703,10.151652336120604,18.32362174987793
pocketxmol_ehmt1_sma_atlas_ext,use,sbdd,,O=c1nc2nc3c(nc2c(Nc2ccc(F)cc2)[nH]1)oc1ccccc13,,124.sdf,0,1.4966071844100952,2.80051326751709,11.486348152160645,18.087440490722656
pocketxmol_ehmt1_sma_atlas_ext,use,sbdd,,CC(=O)Nc1cc(-c2ccccc2)ccc1Nc1ccc(C(N)=O)cc1,,125.sdf,0,1.4913274049758911,2.843352794647217,10.245375633239746,18.59257125854492
pocketxmol_ehmt1_sma_atlas_ext,use,sbdd,,CC(=O)Nc1cc(NCc2ccco2)c(-c2ccc(N)nn2)cn1,,126.sdf,0,1.387190818786621,2.6162829399108887,9.969905853271484,18.355825424194336
pocketxmol_ehmt1_sma_atlas_ext,use,sbdd,,CN1CCc2c1ccc1c2nc(-c2ccccc2)n1-c1ccc(C(=N)N)cc1,,127.sdf,0,1.4240576028823853,2.761461973190308,10.52163791656494,18.381982803344727
pocketxmol_ehmt1_sma_atlas_ext,use,sbdd,,Cn1ccc2[n+]3c(nc-2c1)[NH+](c1ccc2[nH+]nc4ccc(N)cc4c2c1)CC3,,128.sdf,0,1.4683842658996582,2.770204782485962,10.119717597961426,17.97306251525879
pocketxmol_ehmt1_sma_atlas_ext,use,sbdd,,,bad,129-bad.sdf,0,1.36883807182312,2.577910184860229,10.193084716796877,18.80883979797364
pocketxmol_ehmt1_sma_atlas_ext,use,sbdd,,Nn1c([NH+]2c3nc[nH+]c(-c4nc5c(o4)NC=CC=C5)c3C3COCC32)n[nH]c1=O,,130.sdf,0,1.3294421434402466,2.47974157333374,9.423763275146484,17.846397399902344
pocketxmol_ehmt1_sma_atlas_ext,use,sbdd,,CN(CC[N+]1=CN=C2C(=O)N=C(N)N=C21)Cc1n[nH]nc1-c1ccccc1,,131.sdf,0,1.350204348564148,2.535923719406128,10.651933670043944,17.78440284729004
pocketxmol_ehmt1_sma_atlas_ext,use,sbdd,,NC(=O)c1cccn2nc(Nc3c(OCC(=O)O)ccc4ccccc34)nc12,,132.sdf,0,1.3892232179641724,2.771970748901367,10.51776885986328,17.927656173706055
pocketxmol_ehmt1_sma_atlas_ext,use,sbdd,,N=c1nc(-c2ccccc2)c2c([nH]1)CN(C(=O)OCC(=O)O)CC2,,133.sdf,0,1.3920063972473145,2.662038564682007,11.170340538024902,18.381669998168945
pocketxmol_ehmt1_sma_atlas_ext,use,sbdd,,O=C(NCc1ccc(O)cc1)NC(c1ccc(O)cc1)c1nn[nH]n1,,134.sdf,0,1.358676791191101,2.707186698913574,10.623754501342772,18.787975311279297
pocketxmol_ehmt1_sma_atlas_ext,use,sbdd,,Nc1ncc(C(=O)Nc2cc(C3=NNN(O)O3)ccc2-c2ccccc2)c(O)[nH+]1,,135.sdf,0,1.4156488180160522,2.6280858516693115,10.061932563781738,18.37346649169922
pocketxmol_ehmt1_sma_atlas_ext,use,sbdd,,,bad,136-bad.sdf,0,1.3388659954071045,2.556277275085449,10.064190864562988,17.489097595214844
pocketxmol_ehmt1_sma_atlas_ext,use,sbdd,,Nc1ncc2c(NCc3c([N+](=O)O)ccc4n[nH]nc34)nc3ccc(O)cc3c2n1,,137.sdf,0,1.4621779918670654,2.641995429992676,9.89737319946289,17.895925521850586
pocketxmol_ehmt1_sma_atlas_ext,use,sbdd,,,bad,138-bad.sdf,0,1.4533084630966189,2.7601749897003174,9.921425819396973,18.722103118896484
pocketxmol_ehmt1_sma_atlas_ext,use,sbdd,,COc1ccc(N2CCN(Cc3nc4[nH]cnc(N)c-4n3)C(=O)C2=O)cc1,,139.sdf,0,1.3615920543670654,2.7272329330444336,11.610905647277832,18.387420654296875
pocketxmol_ehmt1_sma_atlas_ext,use,sbdd,,O=[PH](=O)(O)OCc1nn(-c2ccccc2)c(O)c1CCc1ccc(O)nn1,,140.sdf,0,1.3612614870071411,2.6333348751068115,10.316664695739746,18.424015045166016
pocketxmol_ehmt1_sma_atlas_ext,use,sbdd,,Cc1cccc2c(C(=O)O)cc(-c3cnc(C(=O)O)nc3)nc12,,141.sdf,0,1.5222080945968628,2.7959189414978027,9.813775062561035,17.94831085205078
pocketxmol_ehmt1_sma_atlas_ext,use,sbdd,,NN(c1ccccc1)c1ccc(OCc2ccc(C(=O)O)nc2)cc1,,142.sdf,0,1.398013949394226,2.7767767906188965,9.350979804992676,18.348234176635746
pocketxmol_ehmt1_sma_atlas_ext,use,sbdd,,CC(=O)Nc1ccc(Cn2nc(N3CCNCC3)c3cn(C)c(=O)nc32)cc1,,143.sdf,0,1.320823311805725,2.663865327835083,11.259675979614258,18.3005313873291
pocketxmol_ehmt1_sma_atlas_ext,use,sbdd,,O=C(O)c1cnc(O)c(C(=O)NC(Cc2ccccc2)c2ccccc2)n1,,144.sdf,0,1.422365427017212,2.7564897537231445,10.898382186889648,18.88347053527832
pocketxmol_ehmt1_sma_atlas_ext,use,sbdd,,Nc1nnc(C(=O)c2cccc(NC(=O)NCc3ccccc3)c2)o1,,145.sdf,0,1.29270601272583,2.6376044750213623,10.212688446044922,18.2232608795166
pocketxmol_ehmt1_sma_atlas_ext,use,sbdd,,Nc1cccc2cc[n+]3c(C(N)O)c(Nc4ccccc4Cn4c[nH+]nn4)oc3c12,,146.sdf,0,1.388181447982788,2.7532060146331787,9.747478485107422,18.31124496459961
pocketxmol_ehmt1_sma_atlas_ext,use,sbdd,,Nc1ccc2c(c1)Nc1ccc3cccc(c3n1)NC(=O)Nc1cc(F)ccc1O2,,147.sdf,0,1.454370379447937,2.725998878479004,10.27560329437256,18.745275497436523
pocketxmol_ehmt1_sma_atlas_ext,use,sbdd,,Cn1nc2c3nc(cc(O)c31)CNC(=O)c1ccc3c(c1)CCC3C(C(=O)O)C2,,148.sdf,0,1.344999074935913,2.67559027671814,9.688187599182127,18.957414627075195
pocketxmol_ehmt1_sma_atlas_ext,use,sbdd,,,bad,149-bad.sdf,0,1.3703826665878296,2.6753358840942383,10.070709228515623,18.27762222290039
pocketxmol_ehmt1_sma_atlas_ext,use,sbdd,,Cc1cc(S(=O)(=O)c2ccccc2)c2nonc2c1-c1ccccc1,,150.sdf,0,1.4704174995422363,2.777197360992432,9.766721725463867,18.416467666625977
pocketxmol_ehmt1_sma_atlas_ext,use,sbdd,,N=C1[NH+]=c2nc3ccc4c(c3nc2C(=O)N1O)[N+](CCc1ccccc1)=c1ccccc1=4,,151.sdf,0,1.405495285987854,2.690886974334717,10.741841316223145,17.932819366455078
pocketxmol_ehmt1_sma_atlas_ext,use,sbdd,,,bad,152-bad.sdf,0,1.479923129081726,2.5866994857788086,9.716408729553224,17.925594329833984
pocketxmol_ehmt1_sma_atlas_ext,use,sbdd,,NC1=NC(=O)C2=NC=[N+](C3OC(OP(=O)(O)OP(=O)(O)O)C(O)C3O)C2=N1,,153.sdf,0,1.31935453414917,2.626499891281128,11.477959632873535,18.706104278564453
pocketxmol_ehmt1_sma_atlas_ext,use,sbdd,,NC(=O)COc1nnc(Sc2nc3c(N)ncnc3o2)c2ccccc12,,154.sdf,0,1.4397326707839966,2.688399076461792,10.26057243347168,17.996662139892578
pocketxmol_ehmt1_sma_atlas_ext,use,sbdd,,O=c1cc(NCc2[nH]c3nnnc-3c3ccccc23)c2ccccc2[nH]1,,155.sdf,0,1.461509346961975,2.761003971099853,10.172124862670898,17.713064193725586
pocketxmol_ehmt1_sma_atlas_ext,use,sbdd,,Cc1cc2c(=O)ncn(C)c2nc1NCc1cncc(-c2ncc(C(C)(C)C)cn2)c1,,156.sdf,0,1.4150103330612185,2.564182043075561,8.838220596313477,18.195430755615234
pocketxmol_ehmt1_sma_atlas_ext,use,sbdd,,Nc1ncnc2c1cnc[n+]2C1OC(COOP(=O)(O)O)C(OP(=O)(O)O)C1O,,157.sdf,0,1.2641079425811768,2.464421033859253,10.836584091186523,18.48562431335449
pocketxmol_ehmt1_sma_atlas_ext,use,sbdd,,Cc1cc[n+](C2CC(COP(=O)(O)O)C(Cn3cnc4c(=O)[nH]c(N)nc43)O2)cc1,,158.sdf,0,1.3354562520980835,2.598125696182251,11.007664680480955,18.28062438964844
pocketxmol_ehmt1_sma_atlas_ext,use,sbdd,,Cc1cc(-c2nc(NOP(=O)(O)O)c3ccccc3n2)nc(Cn2ccnc2)n1,,159.sdf,0,1.4168254137039185,2.726205587387085,10.14091968536377,18.525007247924805
pocketxmol_ehmt1_sma_atlas_ext,use,sbdd,,Nc1nnc(NCc2cc([N+](=O)O)c3ccc(S(=O)(=O)O)cc3n2)c2ccccc12,,160.sdf,0,1.5032695531845093,2.710693120956421,9.764847755432127,18.044952392578125
pocketxmol_ehmt1_sma_atlas_ext,use,sbdd,,O=C(c1cnc(NCc2ccc3c(c2)CCC3)nc1)N1CCOCc2ccccc21,,161.sdf,0,1.3480894565582275,2.6087582111358643,10.51649570465088,18.4683837890625
pocketxmol_ehmt1_sma_atlas_ext,use,sbdd,,O=C(O)c1ccc(-c2cc(C(=O)O)nc3ccc(C(=O)O)cc23)cc1,,162.sdf,0,1.486089825630188,2.6727664470672607,10.417075157165527,18.16104888916016
pocketxmol_ehmt1_sma_atlas_ext,use,sbdd,,COC(=O)c1ccc(-c2nn(-c3ccc(C(N)=O)cc3)nc2-c2ccccc2)cc1,,163.sdf,0,1.4763591289520264,2.880202293395996,10.88887882232666,18.87615394592285
pocketxmol_ehmt1_sma_atlas_ext,use,sbdd,,CC1=C[N+]2=C(c3c[nH]c4cnccc34)C3=[N+](C(=O)CC(c4ccccc4)N3)C2=N1,,164.sdf,0,1.3935308456420898,2.709261417388916,9.33640193939209,18.23304557800293
pocketxmol_ehmt1_sma_atlas_ext,use,sbdd,,O=c1ccnc(C=C(Nc2cccc[nH+]2)c2ccc(O)c(O)c2)[nH]1,,165.sdf,0,1.353115200996399,2.6461877822875977,10.54254150390625,18.10838890075684
pocketxmol_ehmt1_sma_atlas_ext,use,sbdd,,NC(=O)c1cnc(-c2cnc(-c3cccnc3)nc2-c2ccc3ccccc3c2)nc1O,,166.sdf,0,1.4684971570968628,2.749500274658203,9.932260513305664,18.33391571044922
pocketxmol_ehmt1_sma_atlas_ext,use,sbdd,,Nc1ncnc2c1ncn2CN(c1ccccc1)c1ccc(C(=O)O)cc1,,167.sdf,0,1.3810943365097046,2.6843881607055664,10.610310554504396,18.413063049316406
pocketxmol_ehmt1_sma_atlas_ext,use,sbdd,,Nc1ncnc2c1ncn2C1CC(O)C(O)C(COP2(=O)OP(=O)(O)NP(=O)(O)O2)O1,,168.sdf,0,1.2916746139526367,2.4536776542663574,11.00333023071289,18.338998794555664
pocketxmol_ehmt1_sma_atlas_ext,use,sbdd,,O=C(O)c1ccc(-c2cc(Nc3c[nH]c4nc(O)nc-4n3)[nH+]cn2)[nH+]c1,,169.sdf,0,1.438892841339111,2.703924655914306,9.116368293762209,18.003246307373047
pocketxmol_ehmt1_sma_atlas_ext,use,sbdd,,Cn1cc(C(=O)N2CCCCCC2)c(NC(O)c2ccc(O)c(C(=O)O)c2)n1,,170.sdf,0,1.3060590028762815,2.4921071529388428,10.055810928344728,18.31361198425293
pocketxmol_ehmt1_sma_atlas_ext,use,sbdd,,COC1C(O)C2c3ccc4c(c3=CC[NH+]2C1C(N)C(O)C(O)C(N)=O)=NC=[N+]4C,,171.sdf,0,1.1503716707229614,2.407684803009033,9.64889430999756,18.06147003173828
pocketxmol_ehmt1_sma_atlas_ext,use,sbdd,,O=c1nc(Cc2cn(Cc3cccnc3)cc2-c2ccccc2)[nH]c(=O)[nH]1,,172.sdf,0,1.42578387260437,2.770573854446411,11.20746612548828,18.87916374206543
pocketxmol_ehmt1_sma_atlas_ext,use,sbdd,,O=c1cc2oc(-c3ccc(O)cc3)cc(Nc3ccccc3)c-2cc1O,,173.sdf,0,1.5198462009429932,2.764220714569092,10.969231605529783,18.41245079040528
pocketxmol_ehmt1_sma_atlas_ext,use,sbdd,,CC1CCCC1(CC1=CN=C(Nc2ccc(C(N)=O)cc2)NC=C1)C(=O)O,,174.sdf,0,1.2720283269882202,2.7279932498931885,9.113120079040527,18.39932441711425
pocketxmol_ehmt1_sma_atlas_ext,use,sbdd,,CCC(N)C(=O)NCCCc1c(C)nc2sc(-c3ccc(C(N)=O)cc3)nn12,,175.sdf,0,1.3189544677734375,2.746212720870972,10.589871406555176,18.955150604248047
pocketxmol_ehmt1_sma_atlas_ext,use,sbdd,,Cc1cc([SH](N)(=O)O)cc2oc(NC(=O)c3cccc(C(=O)O)c3)nc12,,176.sdf,0,1.4619438648223877,2.7214763164520264,9.811692237854004,18.259212493896484
pocketxmol_ehmt1_sma_atlas_ext,use,sbdd,,CN(Cc1cccc(O)c1)C(O)=CNc1c(O)cnc2nc(=O)[nH]c(O)c12,,177.sdf,0,1.3368425369262695,2.612516403198242,10.171077728271484,18.22236061096192
pocketxmol_ehmt1_sma_atlas_ext,use,sbdd,,Cc1nc2nc(NCCOP(=O)(O)O)n(-c3ccc(O)cc3)c2nc1N,,178.sdf,0,1.3643925189971924,2.721081018447876,10.22541332244873,18.13016891479492
pocketxmol_ehmt1_sma_atlas_ext,use,sbdd,,O=C(O)Cc1ccc(NC(=O)CNC(=O)c2ncc([N+](=O)O)c(O)n2)cc1,,179.sdf,0,1.342654585838318,2.4984188079833984,9.186267852783203,18.30902862548828
pocketxmol_ehmt1_sma_atlas_ext,use,sbdd,,Nc1cccc(-c2cccc(-c3cnc4c(n3)C(=O)N=NC4=O)c2)n1,,180.sdf,0,1.4803045988082886,2.8561325073242188,11.154165267944336,18.285490036010746
pocketxmol_ehmt1_sma_atlas_ext,use,sbdd,,O=C(O)c1cn(-c2ccc(O)cc2C=CC=c2[nH]c3nccc(=O)n3c2=O)nn1,,181.sdf,0,1.353419542312622,2.5573842525482178,9.980483055114746,18.19496154785156
pocketxmol_ehmt1_sma_atlas_ext,use,sbdd,,Cc1cc2nc3c(-c4ccccc4)c(NCC(=O)O)n(-c4ccccc4)c3nc2cc1C,,182.sdf,0,1.432789325714111,2.8380746841430664,10.861658096313477,18.638113021850582
pocketxmol_ehmt1_sma_atlas_ext,use,sbdd,,O=C(CCN(Cc1cc(C(=O)O)c2ccc(O)cc2n1)c1ccc(O)cc1)OC1CCCC1,,183.sdf,0,1.3476132154464722,2.6740734577178955,10.11532211303711,18.71858787536621
pocketxmol_ehmt1_sma_atlas_ext,use,sbdd,,O=C(O)c1ccc2[nH+]c3c(nc2n1)=NC1=NC(c2ccc[nH+]c2)=C[N+]=31,,184.sdf,0,1.477963924407959,2.736024141311645,9.729079246520996,17.60760498046875
pocketxmol_ehmt1_sma_atlas_ext,use,sbdd,,O=C(O)C(COc1ccc(Cl)cc1O)Nc1ccc(-c2ccc(O)cc2)cc1,,185.sdf,0,1.309228539466858,2.74097228050232,10.775146484375,18.84246635437012
pocketxmol_ehmt1_sma_atlas_ext,use,sbdd,,O=c1c2sccc2[n+](O)c2c(Nc3cccc(COP(=O)(O)O)c3)ncnn12,,186.sdf,0,1.3729950189590454,2.61387586593628,10.300618171691896,18.092357635498047
pocketxmol_ehmt1_sma_atlas_ext,use,sbdd,,,bad,187-bad.sdf,0,1.4090628623962402,2.640718936920166,9.247632026672363,17.908540725708008
pocketxmol_ehmt1_sma_atlas_ext,use,sbdd,,COc1ccc(C[n+]2c3cccccc-3c3c(=O)nc4[nH]onc-4c32)cc1,,188.sdf,0,1.402451515197754,2.6728761196136475,11.40422248840332,18.2628116607666
pocketxmol_ehmt1_sma_atlas_ext,use,sbdd,,N=c1ncc(-c2ccc3nc4c(cc3c2)C(=O)NCc2nccn2-4)c[nH]1,,189.sdf,0,1.4389384984970093,2.6478309631347656,9.868752479553224,17.567825317382812
pocketxmol_ehmt1_sma_atlas_ext,use,sbdd,,,bad,190-bad.sdf,0,1.3437178134918213,2.7378592491149902,10.70052433013916,18.69850349426269
pocketxmol_ehmt1_sma_atlas_ext,use,sbdd,,O=C(c1cccc(OP(=O)(O)O)c1)n1nc(-c2ccc(O)cc2)cc1NCO,,191.sdf,0,1.3661789894104004,2.669515609741211,10.01911449432373,18.314573287963867
pocketxmol_ehmt1_sma_atlas_ext,use,sbdd,,,bad,192-bad.sdf,0,1.1746913194656372,2.521177053451538,9.402549743652344,17.623302459716797
pocketxmol_ehmt1_sma_atlas_ext,use,sbdd,,O=C1c2ccc3c(O)c(O)c(O)cc3c2C2=C(O)C=[NH+]C2=[N+]1c1cccc[nH+]1,,193.sdf,0,1.4128021001815796,2.578321933746338,8.981136322021484,17.592275619506836
pocketxmol_ehmt1_sma_atlas_ext,use,sbdd,,CC1=NC2=CC=CC(Cn3ccc(C4=CNNC4c4ccncn4)n3)=CC2=NN1C,,194.sdf,0,1.3249597549438477,2.665996551513672,9.248502731323242,18.353816986083984
pocketxmol_ehmt1_sma_atlas_ext,use,sbdd,,COC1=CC=C2NC=C(Nc3ncnc4c(-c5ccc[nH+]c5)n(C)[nH+]c34)N=C2C=C1,,195.sdf,0,1.4110212326049805,2.734847068786621,10.480523109436035,18.091991424560547
pocketxmol_ehmt1_sma_atlas_ext,use,sbdd,,O=C(O)c1cc2c3c(ncnc3n1)C(c1cc(O)ccc1OCc1ccc(Cl)cc1)=N2,,196.sdf,0,1.4185738563537598,2.677948474884033,10.292107582092283,18.497779846191406
pocketxmol_ehmt1_sma_atlas_ext,use,sbdd,,Nc1ncnc2c1ncn2C1OC(COP(=O)(O)O)(OP(=O)(O)O)C(O)C1O,,197.sdf,0,1.3238952159881592,2.5705437660217285,11.500834465026855,18.415424346923828
pocketxmol_ehmt1_sma_atlas_ext,use,sbdd,,CC(NC(=O)c1ccc(N(O)O)c(CN2CCNC(=O)C2)c1)C1CCCN1,,198.sdf,0,1.2566701173782349,2.5414226055145264,10.01645565032959,18.494918823242188
pocketxmol_ehmt1_sma_atlas_ext,use,sbdd,,c1ccc(-c2cnc3c(N4CCNCC4)nc4ccccc4c3n2)cc1,,199.sdf,0,1.5350031852722168,2.8907034397125244,11.569382667541504,18.13722419738769
pocketxmol_ehmt1_sma_atlas_ext,use,sbdd,,Nc1ncnc2c1ncn2C1OC(COP(=O)(O)O)CC(COP(=O)(O)O)C1O,,200.sdf,0,1.3056480884552002,2.6066908836364746,11.496031761169434,18.54984474182129
pocketxmol_ehmt1_sma_atlas_ext,use,sbdd,,Cc1ccc(-c2nc(-c3ccc(-c4ccccc4)cc3)[nH]c(=N)n2)cc1,,201.sdf,0,1.525917410850525,2.959302425384521,11.27647590637207,18.538379669189453
pocketxmol_ehmt1_sma_atlas_ext,use,sbdd,,Oc1cccc(-c2nn(-c3ccccc3)c3nc(-c4ccncc4)ncc23)c1,,202.sdf,0,1.4838151931762695,2.8728444576263428,10.86308479309082,18.412118911743164
pocketxmol_ehmt1_sma_atlas_ext,use,sbdd,,O=C(O)c1ccc(C2=Nc3ncnc4c3c2nn4-c2ccc(O)c(O)c2)cc1,,203.sdf,0,1.4708486795425415,2.615936040878296,10.09577751159668,18.095176696777344
pocketxmol_ehmt1_sma_atlas_ext,use,sbdd,,Cc1ccc(-c2[nH]c(N)nc3nc(Nc4ccc(S(N)(=O)=O)cc4)nc2-3)cc1,,204.sdf,0,1.485554814338684,2.767803907394409,10.743898391723633,18.31285095214844
pocketxmol_ehmt1_sma_atlas_ext,use,sbdd,,Nc1nc(O)c2ncn(C3OC(COP(=O)(O)NP(=O)(O)OP(=O)(O)O)C3O)c2n1,,205.sdf,0,1.2580641508102417,2.4273269176483154,10.969063758850098,18.6330623626709
pocketxmol_ehmt1_sma_atlas_ext,use,sbdd,,COc1cc(CCC(=O)Nc2cc(N3CCNCC3)ccn2)nc2cc(C)ccc12,,206.sdf,0,1.395604968070984,2.659715414047241,10.23202133178711,18.540163040161133
pocketxmol_ehmt1_sma_atlas_ext,use,sbdd,,Nc1ncnc2c1ncn2C1OC(C(O)C(OP(=O)(O)O)OP(=O)(O)O)C2OC21,,207.sdf,0,1.3063960075378418,2.551676034927368,11.581795692443848,18.609718322753903
pocketxmol_ehmt1_sma_atlas_ext,use,sbdd,,NS(=O)(=O)N1CC2CC(C1)N(C(=O)c1cccc(-c3ncnc4nonc34)c1)C2,,208.sdf,0,1.3513929843902588,2.707435607910156,11.421501159667969,18.856428146362305
pocketxmol_ehmt1_sma_atlas_ext,use,sbdd,,Cc1nccc2c1nc1c(-c3ccc(C(=O)O)c(O)c3)nc3ncnn3n12,,209.sdf,0,1.4930309057235718,2.7364182472229004,9.28674030303955,17.952226638793945
pocketxmol_ehmt1_sma_atlas_ext,use,sbdd,,CC(C(=O)O)n1nc(Nc2ccccc2)c2cc3cc(C(=O)O)ccc3nc21,,210.sdf,0,1.4098389148712158,2.695265531539917,10.996380805969238,18.229047775268555
pocketxmol_ehmt1_sma_atlas_ext,use,sbdd,,Nc1nc2c(-c3[nH]ccc3NC(=O)Nc3ncc(C(=O)O)c[nH+]3)ncnc2[nH]1,,211.sdf,0,1.3870092630386353,2.486992359161377,8.237130165100098,17.966318130493164
pocketxmol_ehmt1_sma_atlas_ext,use,sbdd,,O=C1Nc2cccc(c2)-c2nccnc2Nc2ccccc2NN=C1c1cnno1,,212.sdf,0,1.338620662689209,2.7184624671936035,10.289958000183104,18.821104049682617
pocketxmol_ehmt1_sma_atlas_ext,use,sbdd,,Nc1nc(-c2cccc3c(OCC(=O)NC(=O)CN4CCOCC4)ccnc23)cs1,,213.sdf,0,1.3329380750656128,2.6239709854125977,11.117701530456545,18.58968734741211
pocketxmol_ehmt1_sma_atlas_ext,use,sbdd,,Cc1cc(=O)c2ccc(C)c(N=C(O)c3cc(O)c(O)c4conc34)c2o1,,214.sdf,0,1.3593199253082275,2.557643413543701,8.928784370422363,17.817684173583984
pocketxmol_ehmt1_sma_atlas_ext,use,sbdd,,O=C(O)c1ccc(CCNC(=O)c2ccnc(Nc3ccc(Cl)cn3)c2)cc1,,215.sdf,0,1.384537696838379,2.7135684490203857,9.494766235351562,18.606563568115234
pocketxmol_ehmt1_sma_atlas_ext,use,sbdd,,O=C1C=CC2=C(N3CCc4ncc(-c5ccco5)nc4C3)c3ccc(O)cc3C2=N1,,216.sdf,0,1.428558349609375,2.724128246307373,10.696807861328123,18.261642456054688
pocketxmol_ehmt1_sma_atlas_ext,use,sbdd,,N=C1N=C(c2nc(C(=O)NCC(=O)OCCOP(=O)(O)O)c(N)[nH]2)C(O)N1,,217.sdf,0,1.2455344200134275,2.4360876083374023,9.486212730407717,18.377477645874023
pocketxmol_ehmt1_sma_atlas_ext,use,sbdd,,COCC[N+]1=CN=C2C1=NC(=O)c1cc(N=C(c3ccc(O)c(O)c3)n3cnnn3)ccc12,,218.sdf,0,1.3169152736663818,2.637371063232422,9.858353614807127,18.433818817138672
pocketxmol_ehmt1_sma_atlas_ext,use,sbdd,,O=C(O)c1c(CCc2ccc(O)cc2)nn2c1ccc1cc(O)ccc12,,219.sdf,0,1.381547212600708,2.7146425247192383,10.59409236907959,18.01921272277832
pocketxmol_ehmt1_sma_atlas_ext,use,sbdd,,CN(CCN(c1ccc(O)cc1)c1ccc2cc(O)ccc2n1)C(=O)O,,220.sdf,0,1.40325665473938,2.7468953132629395,10.812299728393556,18.19829559326172
pocketxmol_ehmt1_sma_atlas_ext,use,sbdd,,Nc1nc(=O)c2ncn(C3CCC(COP(=O)(O)OP(=O)(O)O)O3)c2[nH]1,,221.sdf,0,1.3296515941619873,2.6296756267547607,11.13278865814209,18.48509979248047
pocketxmol_ehmt1_sma_atlas_ext,use,sbdd,,O=C(O)C1=CNC(Nc2ccc[nH+]c2C(=O)O)=c2nccc(-c3cccc(O)c3)c2=N1,,222.sdf,0,1.3743356466293335,2.5228090286254883,9.623889923095703,18.3022575378418
pocketxmol_ehmt1_sma_atlas_ext,use,sbdd,,Cc1cc(C(O)O)c(Nc2ccc([N+](=O)O)cn2)nc1N1CC(C(N)O)CCC1=O,,223.sdf,0,1.2787699699401855,2.412503957748413,7.984777927398682,18.232789993286133
pocketxmol_ehmt1_sma_atlas_ext,use,sbdd,,COc1c2nc3ccc(CN4C=C(C)ON4)cc3c-2[nH]c2nnc(N)n12,,224.sdf,0,1.3711121082305908,2.5854620933532715,8.839888572692871,17.55323600769043
pocketxmol_ehmt1_sma_atlas_ext,use,sbdd,,Cn1[nH+]c2cc(C(=O)O)ccc2c(NC(c2ccccc2)c2nnn[nH]2)c1=O,,225.sdf,0,1.3868157863616943,2.6969571113586426,10.303380966186523,18.6800537109375
pocketxmol_ehmt1_sma_atlas_ext,use,sbdd,,Cc1ccc(O)c(-c2nc(NP(=O)(O)O)c3ccc(-n4cnnc4)cc3n2)c1,,226.sdf,0,1.41920268535614,2.79153060913086,10.03380298614502,18.367076873779297
pocketxmol_ehmt1_sma_atlas_ext,use,sbdd,,COc1ccc(-c2cnc(O)c3ncc4ccc(P(=O)(O)O)nc4c23)cc1,,227.sdf,0,1.448887586593628,2.7146925926208496,10.531926155090332,18.359622955322266
pocketxmol_ehmt1_sma_atlas_ext,use,sbdd,,COc1cccc(CC(NC(=O)NC2CCNCC2)c2ccccc2)c1,,228.sdf,0,1.349706530570984,2.779369354248047,11.97214412689209,18.92086601257324
pocketxmol_ehmt1_sma_atlas_ext,use,sbdd,,NC1=NC(=O)C2=CN(C3OC4C(OCOP(=O)(O)O[PH](O)(O)O)C4(O)C3O)C2=N1,,229.sdf,0,1.1794253587722778,2.294661521911621,10.471342086791992,18.17867660522461
pocketxmol_ehmt1_sma_atlas_ext,use,sbdd,,Nc1ncnc2c1ncc[n+]2CC1OCC(C(=O)O)C1O.O=P(O)(O)OP(=O)(O)O,incomp,230-incomp.sdf,0,1.3280378580093384,2.731931447982788,10.695587158203123,18.793601989746094
pocketxmol_ehmt1_sma_atlas_ext,use,sbdd,,Cc1nc2cc3nc4c(cc3cc2[nH]1)nc(-c1cccc(C(N)=O)c1)c1ccc(O)cc14,,231.sdf,0,1.5002065896987915,2.780611038208008,8.6964111328125,17.99853515625
pocketxmol_ehmt1_sma_atlas_ext,use,sbdd,,CC(C)(O)c1ccc(-n2c(NC(CO)C(=O)O)nc3[nH]c(=O)[nH]c(=O)c32)cc1,,232.sdf,0,1.3130918741226196,2.5304388999938965,10.69740104675293,18.235820770263672
pocketxmol_ehmt1_sma_atlas_ext,use,sbdd,,CN(C=O)CCNC(=O)c1c2cn(C)[nH+]c2n2[nH]c(-c3ccccc3)cc12,,233.sdf,0,1.2865742444992063,2.4343807697296143,9.624306678771973,17.846776962280273
pocketxmol_ehmt1_sma_atlas_ext,use,sbdd,,NC1=NC(=O)C2=CN(C3OC(COP(=O)(O)O[PH](N)(=O)=O)C(O)C3O)C2=N1,,234.sdf,0,1.2805579900741575,2.4943737983703613,11.128514289855955,18.379552841186523
pocketxmol_ehmt1_sma_atlas_ext,use,sbdd,,O=c1[nH]c(=O)[n+](C2OC(COP(=O)(O)OP(=O)(O)O)C(O)C2O)c2cc1-2,,235.sdf,0,1.2855807542800903,2.572470664978028,11.105706214904783,18.73689651489257
pocketxmol_ehmt1_sma_atlas_ext,use,sbdd,,CN1C(=O)c2cc(C(O)O)[nH+]c(n2)CNC(=O)c2ccccc2-c2c[nH]c1c2,,236.sdf,0,1.3524305820465088,2.4209887981414795,9.464303970336914,17.9943904876709
pocketxmol_ehmt1_sma_atlas_ext,use,sbdd,,NC(=O)c1nc2c3ccccc3[nH]c2n2[nH+]c(Nc3ccc(N)cc3)nc12,,237.sdf,0,1.4895192384719849,2.708150863647461,10.142634391784668,17.72145652770996
pocketxmol_ehmt1_sma_atlas_ext,use,sbdd,,,bad,238-bad.sdf,0,1.4011574983596802,2.5866408348083496,9.088749885559082,18.242305755615234
pocketxmol_ehmt1_sma_atlas_ext,use,sbdd,,O=C1COc2cccc3nc([nH]c23)Cc2cnn3ccc(nc23)-c2ccccc2N1,,239.sdf,0,1.441043734550476,2.696629524230957,10.340170860290527,18.40038681030273
pocketxmol_ehmt1_sma_atlas_ext,use,sbdd,,Nc1nc[nH+]c2c1ncn2C(NC(=O)CCCC(=O)O)c1ccc(C(=O)O)[nH]1,,240.sdf,0,1.3273553848266602,2.577491283416748,9.29023265838623,18.57074546813965
pocketxmol_ehmt1_sma_atlas_ext,use,sbdd,,,bad,241-bad.sdf,0,1.4828133583068848,2.7019760608673096,10.019644737243652,17.957876205444336
pocketxmol_ehmt1_sma_atlas_ext,use,sbdd,,CN(C)C(=O)Oc1cccc(C(=O)c2nc(-c3cccnc3)no2)c1,,242.sdf,0,1.3833891153335571,2.6107897758483887,10.45086669921875,18.29592514038086
pocketxmol_ehmt1_sma_atlas_ext,use,sbdd,,O=S1(=O)c2cc(O)cnc2NC(c2ccc(O)cc2)c2nc(-c3ccncc3)nn21,,243.sdf,0,1.4289568662643433,2.7566065788269043,10.469124794006348,18.8287296295166
pocketxmol_ehmt1_sma_atlas_ext,use,sbdd,,Nc1cc(-c2nc(N)c3c(c(=O)n2)N=c2c(cc([SH](=O)(O)O)cc2=C(O)O)N3)cc[nH+]1,,244.sdf,0,1.4275323152542114,2.6461102962493896,9.443488121032717,18.03248786926269
pocketxmol_ehmt1_sma_atlas_ext,use,sbdd,,Cc1nc(C(=O)Nc2ccccc2)cc(-c2nc(C(=O)O)cc(C(=O)O)n2)n1,,245.sdf,0,1.4214096069335938,2.760691404342652,10.341599464416504,18.7183837890625
pocketxmol_ehmt1_sma_atlas_ext,use,sbdd,,O=c1nc2[nH]c3c(nc-2c(=O)[nH]1)-c1ccc([SH](=O)(O)O)cc1P(=O)(O)N3[PH](O)(O)O,,246.sdf,0,1.411338210105896,2.680851697921753,10.40394115447998,18.24099540710449
pocketxmol_ehmt1_sma_atlas_ext,use,sbdd,,Cn1ccnc(Nc2cccc(-c3ccc4ccccc4n3)n2)c1=O,,247.sdf,0,1.4702835083007812,2.7031257152557373,10.075950622558594,17.958271026611328
pocketxmol_ehmt1_sma_atlas_ext,use,sbdd,,CC(=O)Oc1ccc(CN2C(=O)CN(c3ccc4ccccc4c3)C(=O)C2=O)cc1,,248.sdf,0,1.4428542852401731,2.716277837753296,11.065793991088867,18.610641479492188
pocketxmol_ehmt1_sma_atlas_ext,use,sbdd,,Nc1nc2nc(C(=O)CP(=O)(O)O)cc-2c(C2CC(O)C(CP(=O)(O)O)O2)[nH]1,,249.sdf,0,1.3030096292495728,2.60527777671814,9.943825721740724,18.14457321166992
pocketxmol_ehmt1_sma_atlas_ext,use,sbdd,,COc1ccccc1-c1cccc(CNCCc2cnc3c(N)ncnc3c2N)c1,,250.sdf,0,1.4103397130966189,2.790883302688598,11.014090538024902,18.546098709106445
pocketxmol_ehmt1_sma_atlas_ext,use,sbdd,,O=C(NCC1=CC=C2NC=CN=C2C=N1)c1ccc2[nH+]c3cc(Cl)ccc3nc2c1,,251.sdf,0,1.4299654960632324,2.7295408248901367,10.566418647766112,17.996980667114258
pocketxmol_ehmt1_sma_atlas_ext,use,sbdd,,Cn1cc(Cc2cc([N+](=O)O)ccc2OP(=O)(O)O)c2ccc(C(N)=O)nc21,,252.sdf,0,1.404033660888672,2.717409133911133,10.44136905670166,18.35180282592773
pocketxmol_ehmt1_sma_atlas_ext,use,sbdd,,,bad,253-bad.sdf,0,1.424000263214111,2.751370429992676,9.921029090881348,17.909622192382812
pocketxmol_ehmt1_sma_atlas_ext,use,sbdd,,O=C(O)C=CC1NC(=O)c2ccc3ncc4ccc(O)cc4c3c2C(=O)N1,,254.sdf,0,1.3005623817443848,2.459681987762451,9.22209358215332,17.7199764251709
pocketxmol_ehmt1_sma_atlas_ext,use,sbdd,,CN1CCC(n2c3ccccc3n3c(=O)c4cc(-c5ccccn5)ccc4nc23)C1,,255.sdf,0,1.478139042854309,2.877263069152832,11.52769660949707,18.419708251953125
pocketxmol_ehmt1_sma_atlas_ext,use,sbdd,,Cn1c2ncccc2n2ncc(CNCCCNC(=O)c3ccccc3)c12,,256.sdf,0,1.3017410039901731,2.7055604457855225,10.406542778015137,18.309370040893555
pocketxmol_ehmt1_sma_atlas_ext,use,sbdd,,COc1cccc2nc(Nc3cc4ncccc4cn3)c(O)cc12,,257.sdf,0,1.3872056007385254,2.7446510791778564,9.9021577835083,17.485576629638672
pocketxmol_ehmt1_sma_atlas_ext,use,sbdd,,NC1=C2C(=O)[N+](C3(O)OC(COOP(=O)(O)NP(=O)(O)O)C3O)=CN=C2N=N1,,258.sdf,0,1.1417206525802612,2.2597579956054688,9.614264488220217,17.919347763061523
pocketxmol_ehmt1_sma_atlas_ext,use,sbdd,,CC(=O)Nc1ccc(Nc2ccccc2)c2c(=O)[nH]c(-c3ccc(N)cc3)nc12,,259.sdf,0,1.4883286952972412,2.833364248275757,10.77470588684082,18.58072090148925
pocketxmol_ehmt1_sma_atlas_ext,use,sbdd,,CC(N=CC1=[N+](C)C(=O)c2cc(NNC(=O)c3cc(O)c(O)c[nH+]3)ccc21)C(=O)O,,260.sdf,0,1.3331435918807983,2.5254569053649902,9.40014934539795,18.238243103027344
pocketxmol_ehmt1_sma_atlas_ext,use,sbdd,,,bad,261-bad.sdf,0,1.4563201665878296,2.622976541519165,9.857275009155272,17.59147834777832
pocketxmol_ehmt1_sma_atlas_ext,use,sbdd,,,bad,262-bad.sdf,0,1.341685175895691,2.684477567672729,9.854955673217772,18.53086471557617
pocketxmol_ehmt1_sma_atlas_ext,use,sbdd,,O=C(O)CCc1cc(-c2ccc([N+](=O)O)c(O)c2)nc2cc(O)ccc12,,263.sdf,0,1.444443702697754,2.7072553634643555,10.672365188598633,18.21609687805176
pocketxmol_ehmt1_sma_atlas_ext,use,sbdd,,O=C(O)C(=O)C(O)C(=Cc1ccc2nc(=O)ncc-2cc1-c1ccccc1)C(=O)O,,264.sdf,0,1.3007458448410034,2.520660877227783,10.044766426086426,18.20726203918457
pocketxmol_ehmt1_sma_atlas_ext,use,sbdd,,Nc1ncnc2c1ncn2C1OC(COP(=O)(O)NP(=O)(O)O)C(O)C1O,,265.sdf,0,1.2706100940704346,2.600135326385498,11.4736328125,18.72208404541016
pocketxmol_ehmt1_sma_atlas_ext,use,sbdd,,Fc1ccc(Cn2cc3c4c(c(-n5cn[nH+]c5)ccc42)N=CN3)c(F)c1,,266.sdf,0,1.3917518854141235,2.6741108894348145,9.893442153930664,18.0207462310791
pocketxmol_ehmt1_sma_atlas_ext,use,sbdd,,O=C(Nc1ccnnc1-c1ccccc1)c1cccc2ccccc12,,267.sdf,0,1.4635117053985596,2.790687561035156,10.441545486450195,17.884300231933594
pocketxmol_ehmt1_sma_atlas_ext,use,sbdd,,COC(=O)c1nc2c3ccccc3ccc2n2c1nc1nc3ccccc3nc12,,268.sdf,0,1.4449542760849,2.78839111328125,10.674226760864258,17.83751106262207
pocketxmol_ehmt1_sma_atlas_ext,use,sbdd,,COc1ccc2[nH+]c(CNc3[nH]c4c5ccccc5nc-4nc3C(=N)O)ccc2c1,,269.sdf,0,1.4431779384613037,2.7166781425476074,10.803149223327637,18.06564712524414
pocketxmol_ehmt1_sma_atlas_ext,use,sbdd,,CN(C)S(=O)(=O)c1cc(C(=O)NC2CCCN(c3ccc(O)cc3)CC2)ccn1,,270.sdf,0,1.385372757911682,2.8138022422790527,11.233914375305176,18.982080459594727
pocketxmol_ehmt1_sma_atlas_ext,use,sbdd,,C1=CC(c2cccc(C=Cc3nccc[nH+]3)c2)=CNC(c2ccccc2)=N1,,271.sdf,0,1.3841819763183594,2.867254734039306,10.488028526306152,18.280298233032227
pocketxmol_ehmt1_sma_atlas_ext,use,sbdd,,COc1c([N+](=O)O)ccc(-c2ccc3ccc(O)cc3c2)c1O,,272.sdf,0,1.474525809288025,2.707810640335083,10.313029289245604,17.61846160888672
pocketxmol_ehmt1_sma_atlas_ext,use,sbdd,,Cc1cccc2c1nc1c3n(cnn21)nc(C)[n+]3CCc1ccccc1,,273.sdf,0,1.4549905061721802,2.838531017303467,10.12677001953125,17.779348373413086
pocketxmol_ehmt1_sma_atlas_ext,use,sbdd,,Cc1nn(-c2ccc(C(=O)O)c(O)c2)c2nc3cnc4ccccc4c3cc12,,274.sdf,0,1.483834743499756,2.8016934394836426,10.32790470123291,18.0446720123291
pocketxmol_ehmt1_sma_atlas_ext,use,sbdd,,,bad,275-bad.sdf,0,1.4288727045059204,2.8368074893951416,10.880559921264648,18.42646598815918
pocketxmol_ehmt1_sma_atlas_ext,use,sbdd,,Cc1ccc2c(c1)=CC1=C(N3CCCN(Cc4cccc(O)c4)C3=O)N=C[N+]=21,,276.sdf,0,1.4084283113479614,2.6030192375183105,9.841146469116213,17.98674964904785
pocketxmol_ehmt1_sma_atlas_ext,use,sbdd,,Cc1[nH+]ccn1CC(Nc1nc[nH]c2nnc(-c3ccccc3)c1-2)c1ccc(O)c(O)c1,,277.sdf,0,1.3736851215362549,2.657001495361328,10.553794860839844,18.92555809020996
pocketxmol_ehmt1_sma_atlas_ext,use,sbdd,,CNC(=O)c1ccc(-c2ccccc2Nc2cccc(Oc3cnc(N)nc3)c2)nc1,,278.sdf,0,1.385730266571045,2.6325018405914307,10.100746154785156,18.254255294799805
pocketxmol_ehmt1_sma_atlas_ext,use,sbdd,,Nc1nc(NCP(=O)(O)O)c2c(n1)c(=O)[nH]c(=O)n2Cc1ccc(O)cc1,,279.sdf,0,1.3444288969039917,2.611241340637207,11.086647987365724,18.22760772705078
pocketxmol_ehmt1_sma_atlas_ext,use,sbdd,,Cc1[nH]cc2nc3nc(c12)NCCC(=O)N1CCN(CC1)C(=O)Nc1ccccc1N3,,280.sdf,0,1.3082045316696167,2.7513554096221924,11.195316314697266,19.222768783569336
pocketxmol_ehmt1_sma_atlas_ext,use,sbdd,,NC1=NC2=NC(COP(N)(=O)O)OC(COP(=O)(O)O)CN2C(=O)N1,,281.sdf,0,1.1238728761672974,2.4116780757904053,10.40644073486328,17.785743713378906
pocketxmol_ehmt1_sma_atlas_ext,use,sbdd,,Nc1nc(C(=O)O)c2nc(-c3cccc(-c4ccc(O)cc4)c3)oc2n1,,282.sdf,0,1.5016649961471558,2.712782382965088,10.153772354125977,18.028738021850582
pocketxmol_ehmt1_sma_atlas_ext,use,sbdd,,O=c1nc[nH]c2c1ncn2C(c1ccc2c(c1)OCO2)c1cn[nH]n1,,283.sdf,0,1.4067392349243164,2.552508592605591,10.536015510559082,18.15841484069824
pocketxmol_ehmt1_sma_atlas_ext,use,sbdd,,CC(=O)N(N)CCc1[nH]c2cc(NP(=O)(O)O)ccc2c1-c1ccc(Cl)c[nH+]1,,284.sdf,0,1.3654617071151731,2.684376239776612,9.703819274902344,18.24127769470215
pocketxmol_ehmt1_sma_atlas_ext,use,sbdd,,Cc1nc2nc3[n+](c2c2nc(-c4cn(-c5cccc[nH+]5)[nH]4)[nH+]n12)-c1ccccc1N=3,,285.sdf,0,1.3444480895996094,2.556645154953003,9.244351387023926,17.73394775390625
pocketxmol_ehmt1_sma_atlas_ext,use,sbdd,,COc1ccc(O)c(NC(=O)c2c3c(n4c(=O)n(C)cc24)=CC(=O)C=C3)c1,,286.sdf,0,1.3850959539413452,2.5848402976989746,10.047355651855469,17.860029220581055
pocketxmol_ehmt1_sma_atlas_ext,use,sbdd,,O=C(O)CCC(=O)Nc1cccc(NC(CO)C(=O)NCC(=O)O)c1O,,287.sdf,0,1.2649352550506592,2.5398614406585693,10.763654708862305,18.75172233581543
pocketxmol_ehmt1_sma_atlas_ext,use,sbdd,,NC1=C2N=[N+](C(COP(=O)(O)O)C3OC(OP(=O)(O)O)CC3O)C=C2C(O)=N1,,288.sdf,0,1.1688601970672607,2.3898603916168213,9.679082870483398,17.836246490478516
pocketxmol_ehmt1_sma_atlas_ext,use,sbdd,,Nc1ncnc2c1ncn2C1OC(COP(=O)(O)O)C(COP(=O)(O)O)C1O,,289.sdf,0,1.3406141996383667,2.722623586654663,11.71627140045166,18.8168888092041
pocketxmol_ehmt1_sma_atlas_ext,use,sbdd,,N=C1N=[N+](c2nc(N)c3c(COP(=O)(O)O)cc(S(=O)(=O)O)cc3n2)C(=O)N1,,290.sdf,0,1.411845088005066,2.702897548675537,9.902436256408691,18.10234260559082
pocketxmol_ehmt1_sma_atlas_ext,use,sbdd,,Nc1nnc2n(C3OC(COP(=O)(O)OP(=O)(O)O)CC(N)C3O)cncc1-2,,291.sdf,0,1.2936054468154907,2.481304407119751,10.74001407623291,18.198415756225582
pocketxmol_ehmt1_sma_atlas_ext,use,sbdd,,Oc1ccc(CNC2=C3C(=c4cc[nH+]c(O)c4=NN3O)NC=N2)cc1,,292.sdf,0,1.4487006664276123,2.8054850101470947,10.348039627075195,18.03215408325196
pocketxmol_ehmt1_sma_atlas_ext,use,sbdd,,Cc1nc(Nc2cccc(C(=O)O)c2)n(-c2ncc3ccccc3n2)n1,,293.sdf,0,1.438914775848389,2.81943416595459,10.088018417358398,18.2457332611084
pocketxmol_ehmt1_sma_atlas_ext,use,sbdd,,Oc1ccc2nc3c(-c4ccc(O)c(O)c4)c4ccccc4c(O)c3nc2c1,,294.sdf,0,1.501664400100708,2.7619032859802246,10.512280464172363,17.91006851196289
pocketxmol_ehmt1_sma_atlas_ext,use,sbdd,,Nc1cc[n+](C(C(O)C(O)COP(=O)(O)O)n2nnc3[nH]c(=O)[nH]c(=O)c32)cc1,,295.sdf,0,1.2871726751327517,2.426744222640991,10.414443016052246,17.72797393798828
pocketxmol_ehmt1_sma_atlas_ext,use,sbdd,,O=C(O)C=CCC1=c2c(c(C(=O)O)cc3c2=Cc2ccccc2C=C3)OC(O)=C1,,296.sdf,0,1.297926664352417,2.513892412185669,9.690271377563477,17.999483108520508
pocketxmol_ehmt1_sma_atlas_ext,use,sbdd,,Nc1ncnc2nc(N3CCNC4=NCN(CO[PH](=O)(=O)O)CC43)cnc12,,297.sdf,0,1.3333431482315063,2.712428092956543,10.53695297241211,18.3032455444336
pocketxmol_ehmt1_sma_atlas_ext,use,sbdd,,Nc1ccc2c3[nH]c(N)nc(Nc4cccc([N+](=O)O)c4)c-3nc2c1,,298.sdf,0,1.4062026739120483,2.6789183616638184,9.981962203979492,17.642906188964844
pocketxmol_ehmt1_sma_atlas_ext,use,sbdd,,O=C(c1ncc(=O)[nH]c(=O)n1)C1OC(OP(=O)(O)O)C(O)C1P(=O)(O)O,,299.sdf,0,1.1949009895324707,2.465482234954834,10.16640281677246,17.823301315307617
pocketxmol_ehmt1_sma_atlas_ext,use,sbdd,,COc1ccc2c3c(NCCc4ccc(O)c(O)c4)nc(C(=O)O)[nH]c-3nc2c1,,300.sdf,0,1.4098321199417114,2.6853673458099365,10.311988830566406,18.165668487548828
pocketxmol_ehmt1_sma_atlas_ext,use,sbdd,,Nc1ccccc1-c1nc(Nc2ccccc2)c2c(O)c(N3CCCC3)ncc2n1,,301.sdf,0,1.453283190727234,2.871510505676269,10.686578750610352,18.584030151367188
pocketxmol_ehmt1_sma_atlas_ext,use,sbdd,,O=C(O)c1nc(-c2cc(O)nc(C3CCC(=O)N3Cc3ccnc4ccccc34)c2)cs1,,302.sdf,0,1.410406470298767,2.708585739135742,10.16676425933838,18.91192054748535
pocketxmol_ehmt1_sma_atlas_ext,use,sbdd,,COc1ncc2c3ccccc3c(C(=O)O)c(Oc3ccc(C(=O)O)cc3)n12,,303.sdf,0,1.3945993185043335,2.615134954452514,9.17772102355957,18.029932022094727
pocketxmol_ehmt1_sma_atlas_ext,use,sbdd,,O=C(O)c1[nH]c(=O)nnc1Nc1ncnc2[nH+]cc(-c3ccccc3)cc12,,304.sdf,0,1.4618829488754272,2.67851996421814,10.466243743896484,18.155261993408203
pocketxmol_ehmt1_sma_atlas_ext,use,sbdd,,CC(C(=O)Nc1nc2c(cc1C(=O)O)c(O)nc(=O)n2P(=O)(O)O)P(=O)(O)O,,305.sdf,0,1.317623734474182,2.605208158493042,9.488911628723145,18.450496673583984
pocketxmol_ehmt1_sma_atlas_ext,use,sbdd,,CC(=O)Nc1ccc2nc3ccc(NC(=O)c4ccccc4)c(O)c3nc2c1,,306.sdf,0,1.4077942371368408,2.7279813289642334,10.56579303741455,18.125242233276367
pocketxmol_ehmt1_sma_atlas_ext,use,sbdd,,,bad,307-bad.sdf,0,1.0837780237197876,2.084201574325561,8.98735523223877,18.4298038482666
pocketxmol_ehmt1_sma_atlas_ext,use,sbdd,,O=C(O)C=Cc1nc2c3c(ccc2nc1-c1ccc(O)cc1)OCO3,,308.sdf,0,1.3936758041381836,2.6951651573181152,10.784300804138184,18.24988555908203
pocketxmol_ehmt1_sma_atlas_ext,use,sbdd,,Nc1nc(=O)c2ncn(C3OC(CO)(COP(=O)(O)O[PH](O)(O)O)C(O)C3O)c2[nH]1,,309.sdf,0,1.2969502210617063,2.52361798286438,11.508267402648926,18.560821533203125
pocketxmol_ehmt1_sma_atlas_ext,use,sbdd,,Nc1noc(-c2ccc(OCC(O)=NCc3cccc4ccccc34)cc2)n1,,310.sdf,0,1.40495502948761,2.743241548538208,11.273070335388184,18.36917495727539
pocketxmol_ehmt1_sma_atlas_ext,use,sbdd,,CN1C(=O)c2cccc3ncc(Cn4cnnn4)c(c23)-c2cccnc21,,311.sdf,0,1.3983569145202637,2.5990800857543945,9.918522834777832,18.048316955566406
pocketxmol_ehmt1_sma_atlas_ext,use,sbdd,,CN1Nc2cccc3n[n+](Cc4cccc(O)n4)cc(c23)C1=O,,312.sdf,0,1.485903263092041,2.794328451156616,10.410574913024902,17.499736785888672
pocketxmol_ehmt1_sma_atlas_ext,use,sbdd,,O=C(O)c1cccc2c(-c3ccc4cccc(O)c4c3)c3ncccc3nc12,,313.sdf,0,1.4748371839523315,2.78542160987854,10.32308292388916,17.978734970092773
pocketxmol_ehmt1_sma_atlas_ext,use,sbdd,,CN1CCC(NC2=C3NC=C(c4ccc5[nH+]c(N)ccc5c4)N=C3N(N)C(N)=N2)CC1,,314.sdf,0,1.446911334991455,2.746877431869507,10.345757484436035,18.125757217407227
pocketxmol_ehmt1_sma_atlas_ext,use,sbdd,,NC(=O)c1ccc2nc(-c3ccc[nH+]c3-c3ccccc3)[nH]c2n1,,315.sdf,0,1.3775546550750732,2.592190980911255,9.638495445251465,17.73967742919922
pocketxmol_ehmt1_sma_atlas_ext,use,sbdd,,O=C(O)c1nn2c(-c3ccccc3)c(NCc3ccccc3)nc2[nH]1,,316.sdf,0,1.3237636089324951,2.69346284866333,10.680954933166504,18.15089607238769
pocketxmol_ehmt1_sma_atlas_ext,use,sbdd,,CNC(=O)c1cc(-c2cccc(C(=O)Nc3cccnn3)c2)ccn1,,317.sdf,0,1.473787784576416,2.7574613094329834,10.147890090942385,18.42915725708008
pocketxmol_ehmt1_sma_atlas_ext,use,sbdd,,O=C1N=CC=C2N=C(COC(=O)c3ccc(-c4ccnc(O)c4)cc3)N=C12,,318.sdf,0,1.4679783582687378,2.808159351348877,9.403624534606934,18.3537654876709
pocketxmol_ehmt1_sma_atlas_ext,use,sbdd,,Nc1ncc2c(CC(CC(P(=O)(O)O)P(=O)(O)O)O[PH](=O)(=O)O)c[nH]cc1-2,,319.sdf,0,1.2341912984848022,2.544010877609253,9.641886711120604,18.211673736572266
pocketxmol_ehmt1_sma_atlas_ext,use,sbdd,,Nc1ncc(-c2nc(CCc3ccccc3)cn2-c2ccccc2)cn1,,320.sdf,0,1.3982713222503662,2.79589319229126,10.966801643371582,18.56172561645508
pocketxmol_ehmt1_sma_atlas_ext,use,sbdd,,O=C(O)COc1cc(N2C=C(C(=O)O)CCC2=O)cc2cc(O)c([N+](=O)O)cc12,,321.sdf,0,1.335180640220642,2.563863515853882,9.80279541015625,18.380916595458984
pocketxmol_ehmt1_sma_atlas_ext,use,sbdd,,Cc1nccc2c1cc(C(=O)Nc1c[nH]c3ccccc13)c(O)[n+]2S(C)(=O)=O,,322.sdf,0,1.39021098613739,2.688629150390625,9.59831714630127,18.25609016418457
pocketxmol_ehmt1_sma_atlas_ext,use,sbdd,,NC(=O)c1cc(NC(=O)c2ccc(-c3ncccn3)cc2)c2cc(O)ccc2n1,,323.sdf,0,1.4868061542510986,2.8447093963623047,11.016852378845217,18.62042808532715
pocketxmol_ehmt1_sma_atlas_ext,use,sbdd,,CN(C)CCNc1nc2ccccc2c2c1C=C1C(C(=O)O)=c3ccccc3=C12,,324.sdf,0,1.3832684755325315,2.5483322143554688,9.408975601196287,18.017547607421875
pocketxmol_ehmt1_sma_atlas_ext,use,sbdd,,CC1=CC=c2c(c3c(n2Cc2ccc(N)cc2)=CC=C(C(=O)O)C=C3)-c2nn(C)nc21,,325.sdf,0,1.3390727043151855,2.662618637084961,8.91620922088623,18.087053298950195
pocketxmol_ehmt1_sma_atlas_ext,use,sbdd,,COc1cc2cc(CCN(O)C(=O)NC(C)c3ccccc3)n(CC(=O)O)c2cc1O,,326.sdf,0,1.314063310623169,2.610028028488159,10.68738079071045,18.926315307617188
pocketxmol_ehmt1_sma_atlas_ext,use,sbdd,,Cn1c2nn(CC(O)C(O)COP(=O)(O)O)c(-c3cccc(O)c3)nc-2nc1=O,,327.sdf,0,1.3235076665878296,2.685680627822876,11.085020065307615,18.22522354125977
pocketxmol_ehmt1_sma_atlas_ext,use,sbdd,,O=C(O)c1nc2c3ccc4ccccc4c3cc3c(C(=O)O)cccc3[n+]-2n1,,328.sdf,0,1.4239879846572876,2.5826163291931152,9.970861434936523,17.906301498413086
pocketxmol_ehmt1_sma_atlas_ext,use,sbdd,,C[n+]1cn(C2C(O)C(O)C(OP(=O)(O)O)C2OP(=O)(O)O)c2ncncc21,,329.sdf,0,1.2489752769470217,2.4530787467956543,10.915533065795898,18.182605743408203
pocketxmol_ehmt1_sma_atlas_ext,use,sbdd,,Cc1ncc(Oc2ccc(F)nc2)c(C=CCN(P(=O)(O)O)P(=O)(O)O)n1,,330.sdf,0,1.2907048463821411,2.595464944839477,8.794330596923828,18.26906013488769
pocketxmol_ehmt1_sma_atlas_ext,use,sbdd,,Nc1ccc2sc3cc(Nc4nncc5ccccc45)ccc3c2n1,,331.sdf,0,1.5003204345703125,2.703026056289673,9.385018348693848,17.738981246948242
pocketxmol_ehmt1_sma_atlas_ext,use,sbdd,,Nc1ncc(CN2CCN(Cc3ncnc4[nH]ccc34)CC2=O)c[nH+]1,,332.sdf,0,1.3965332508087158,2.698610782623291,10.536290168762209,18.239229202270508
pocketxmol_ehmt1_sma_atlas_ext,use,sbdd,,O=C(CP(=O)(O)O)OCCOC(=O)c1cc2c(=O)[nH]cnc2c2ccc(O)cc12,,333.sdf,0,1.3850902318954468,2.688060522079468,10.0103759765625,18.3388729095459
pocketxmol_ehmt1_sma_atlas_ext,use,sbdd,,CP(=O)(O)c1ccc(OC(=O)Nc2ncnc3c(N)ncnc23)cn1,,334.sdf,0,1.4823287725448608,2.76206636428833,9.779339790344238,18.07366943359375
pocketxmol_ehmt1_sma_atlas_ext,use,sbdd,,Nc1nc(-c2ccc(O)cc2)c2c(O)c3ccccc3nc2n1,,335.sdf,0,1.4798872470855713,2.7667572498321533,11.04727268218994,17.71953773498535
pocketxmol_ehmt1_sma_atlas_ext,use,sbdd,,Nc1nc2nc3ccc(CC(=O)NCc4ccccc4)cc3nc2c(=O)[nH]1,,336.sdf,0,1.4654433727264404,2.7703676223754883,11.067505836486816,18.17591667175293
pocketxmol_ehmt1_sma_atlas_ext,use,sbdd,,CC(=O)Nc1ccc(-c2ccnc3c2nc(O)c2cnccc23)cc1,,337.sdf,0,1.4992072582244873,2.8495969772338867,11.019822120666504,18.11038589477539
pocketxmol_ehmt1_sma_atlas_ext,use,sbdd,,CS(=O)(=O)n1nc2cc3ccc(=O)cc3nc2c2ccccc21,,338.sdf,0,1.469412326812744,2.7923762798309326,9.886691093444824,17.636959075927734
pocketxmol_ehmt1_sma_atlas_ext,use,sbdd,,Nc1nc(=O)c2c(Nc3cccc4c3nc3[nH]ncn34)nc3ccccc3c2[nH]1,,339.sdf,0,1.446115255355835,2.7633750438690186,11.11817455291748,17.876022338867188
pocketxmol_ehmt1_sma_atlas_ext,use,sbdd,,Nc1ccc2nc3c(=O)ccc4cc(Cc5ccc(O)cc5)n(c2c1)c43,,340.sdf,0,1.4398527145385742,2.703258752822876,9.657790184020996,17.878671646118164
pocketxmol_ehmt1_sma_atlas_ext,use,sbdd,,O=c1[nH]c2ccccc2cc1Oc1ccccc1.c1ccc2[nH+]onc2c1,incomp,341-incomp.sdf,0,1.4028607606887815,2.9086663722991943,11.424543380737305,18.275346755981445
pocketxmol_ehmt1_sma_atlas_ext,use,sbdd,,Cn1nc(-c2cccc(C3COCCN3Cc3ccccc3)c2)ccc1=O,,342.sdf,0,1.3961983919143677,2.902503967285156,11.901253700256348,18.85762023925781
pocketxmol_ehmt1_sma_atlas_ext,use,sbdd,,CC(=O)Nc1ccc2nc([SH](=O)(O)c3ccccc3)c(OCC(N)=O)cc2c1,,343.sdf,0,1.3962057828903198,2.6830718517303467,10.535636901855469,18.52467155456543
pocketxmol_ehmt1_sma_atlas_ext,use,sbdd,,N=Cc1cc2cc(O)ccc2n(-c2cccc(-n3cc(-c4ccccn4)nn3)c2)c1=O,,344.sdf,0,1.4385570287704468,2.689616203308105,10.50793170928955,18.53692626953125
pocketxmol_ehmt1_sma_atlas_ext,use,sbdd,,Nc1ncc2nc(-c3ccc4c(c3)OCCO4)c3ncccc3c2n1,,345.sdf,0,1.4927841424942017,2.8266680240631104,11.284882545471191,17.89668083190918
pocketxmol_ehmt1_sma_atlas_ext,use,sbdd,,O=C(NC1CCCCC1)c1nc(-c2ccc(C(O)O)cc2O)nc2ccccc12,,346.sdf,0,1.375935673713684,2.785775184631348,10.765283584594728,18.435028076171875
pocketxmol_ehmt1_sma_atlas_ext,use,sbdd,,O=C(O)Cn1c(=O)n2c3c(cccc31)C=Cc1ccc(N3CCCC3)cc1-2,,347.sdf,0,1.3453052043914795,2.610236167907715,10.544594764709473,17.875757217407227
pocketxmol_ehmt1_sma_atlas_ext,use,sbdd,,Cc1ccc(C(OCCOP(=O)(O)OP(=O)(O)O)n2cnc3c(N)ncnc32)cc1C,,348.sdf,0,1.3347584009170532,2.662071943283081,11.018470764160156,18.656435012817383
pocketxmol_ehmt1_sma_atlas_ext,use,sbdd,,Cc1cccc2c1Nc1nc(-c3ncnn3C)ncc1CN2Cc1cccnc1,,349.sdf,0,1.3762414455413818,2.770128011703491,9.841890335083008,18.585678100585938
pocketxmol_ehmt1_sma_atlas_ext,use,sbdd,,Nc1ncnc2c1ncn2C12OC1C(O)C(OP(=O)(O)O)OC2COP(=O)(O)O,,350.sdf,0,1.2379603385925293,2.415466070175171,10.994272232055664,18.117286682128903
pocketxmol_ehmt1_sma_atlas_ext,use,sbdd,,Nc1nc2c(Nc3ccc(OC4=CC=CNC=C4)cc3)nc[nH+]c2n1O,,351.sdf,0,1.3783318996429443,2.628040313720703,10.040678024291992,17.896440505981445
pocketxmol_ehmt1_sma_atlas_ext,use,sbdd,,Nc1nc(=O)c(Cc2ccc(O)c(C(=O)O)c2O)c(-c2ccc([SH](N)(=O)O)cc2)[nH]1,,352.sdf,0,1.4493489265441897,2.726258039474488,10.465567588806152,18.62855339050293
pocketxmol_ehmt1_sma_atlas_ext,use,sbdd,,Nc1ncc2c(n1)c1ccc(-c3ccccc3)cc1n2CC1CCCNCC1,,353.sdf,0,1.418585181236267,2.857517719268799,11.450607299804688,18.311702728271484
pocketxmol_ehmt1_sma_atlas_ext,use,sbdd,,CC(NCOP(=O)(O)O)C(=O)C(O)C(O)N1C=Nc2c(N)ncnc2N1,,354.sdf,0,1.2103453874588013,2.3039400577545166,9.692405700683594,17.428436279296875
pocketxmol_ehmt1_sma_atlas_ext,use,sbdd,,O=C(O)c1cc(C=C(O)N2CCC(C(=O)N3CCCOCC3)N2)cc2ccccc12,,355.sdf,0,1.2717580795288086,2.617422580718994,10.32546043395996,18.460805892944336
pocketxmol_ehmt1_sma_atlas_ext,use,sbdd,,Oc1nc(C(c2cccc(F)c2)c2cn(Cc3cncnc3)nn2)c2ccccc2n1,,356.sdf,0,1.4113746881484983,2.68767523765564,10.223700523376465,18.745370864868164
pocketxmol_ehmt1_sma_atlas_ext,use,sbdd,,Nc1ncnc2c1ncn2C1OC(C(O)COP(=O)(O)OP(=O)(O)O)C(O)C1O,,357.sdf,0,1.299963355064392,2.6285290718078613,11.72974967956543,18.812944412231445
pocketxmol_ehmt1_sma_atlas_ext,use,sbdd,,,bad,358-bad.sdf,0,1.22117817401886,2.3358492851257324,10.830364227294922,18.35489845275879
pocketxmol_ehmt1_sma_atlas_ext,use,sbdd,,Nc1ncnc2c1ncn2C1OC(COP2(=O)OP(=O)(O)O2)C(O)C1O,,359.sdf,0,1.2948431968688965,2.4212400913238525,11.621517181396484,18.49704933166504
pocketxmol_ehmt1_sma_atlas_ext,use,sbdd,,NC1=CNC2=CN=CN=C(Nc3cccc(N4CCNCC4=O)c3)C2=C1,,360.sdf,0,1.325708031654358,2.5218520164489746,9.307044982910156,17.60520362854004
pocketxmol_ehmt1_sma_atlas_ext,use,sbdd,,Cc1ccc2nc(-c3ccccc3)c(OCCN3C(=O)CCC3=O)nc2c1,,361.sdf,0,1.3710923194885254,2.8696706295013428,11.317981719970703,18.73043441772461
pocketxmol_ehmt1_sma_atlas_ext,use,sbdd,,CC(=O)N1CCCC1c1cnn2c1cc(-c1cncnn1)c1ccc(C(=O)O)cc12,,362.sdf,0,1.4083285331726074,2.635071992874145,9.436861991882324,18.16668510437012
pocketxmol_ehmt1_sma_atlas_ext,use,sbdd,,COc1ccc(NC(=O)c2ccc(-c3nccc(CO)n3)cc2)cc1,,363.sdf,0,1.4534311294555664,2.8500475883483887,11.680534362792969,18.600954055786133
pocketxmol_ehmt1_sma_atlas_ext,use,sbdd,,,bad,364-bad.sdf,0,1.3581438064575195,2.823410987854004,10.352246284484863,18.952348709106445
pocketxmol_ehmt1_sma_atlas_ext,use,sbdd,,Nc1nccc(-n2c(=O)c(Oc3ccnc4ccccc34)cc3nc4ccccc4nc32)n1,,365.sdf,0,1.4770926237106323,2.7474734783172607,10.31712818145752,18.05591583251953
pocketxmol_ehmt1_sma_atlas_ext,use,sbdd,,,bad,366-bad.sdf,0,1.2930151224136353,2.3814473152160645,10.990923881530762,17.667926788330078
pocketxmol_ehmt1_sma_atlas_ext,use,sbdd,,O=C1NC(=O)[N+](C2=CC=CCC2)=C1CC1COP(=O)(O)OP(=O)(O)OP(=O)(O)O1,,367.sdf,0,1.1907306909561155,2.356757402420044,9.717981338500977,18.616928100585938
pocketxmol_ehmt1_sma_atlas_ext,use,sbdd,,Cn1cc(OC(C(=O)OP(=O)(O)O)c2nnc3[nH]c(N)ncc2-3)ccc1=O,,368.sdf,0,1.296515941619873,2.504257202148437,9.738958358764648,18.194276809692383
pocketxmol_ehmt1_sma_atlas_ext,use,sbdd,,O=C1NC(=O)c2c1ncn2C(OCc1cccc(=O)[nH]1)C1OP(=O)(O)OP(=O)(O)O1,,369.sdf,0,1.2701959609985352,2.527993679046631,10.674681663513184,18.56948471069336
pocketxmol_ehmt1_sma_atlas_ext,use,sbdd,,Nc1nnc2c(-c3ccc([PH](=O)(=O)O)cc3)c(CCOP(=O)(O)O)cnc2n1,,370.sdf,0,1.391291856765747,2.693668365478516,10.08742332458496,18.18514633178711
pocketxmol_ehmt1_sma_atlas_ext,use,sbdd,,CN1CCC(OCCCc2ncc(C(=O)NCc3cnc(N)nc3F)c(N)n2)C1,,371.sdf,0,1.2368868589401243,2.491461038589477,10.111950874328612,18.284799575805664
pocketxmol_ehmt1_sma_atlas_ext,use,sbdd,,Cn1cnc(NC2OC(CC(=O)CP(=O)(O)O)C(O)C2O)c2ncnc1-2,,372.sdf,0,1.2146193981170654,2.4545891284942627,10.503462791442873,18.191389083862305
pocketxmol_ehmt1_sma_atlas_ext,use,sbdd,,O=C(COc1nccc2ncccc12)NCc1cn(Cc2ccccc2)nn1,,373.sdf,0,1.3859307765960691,2.709376573562622,10.328158378601074,18.501829147338867
pocketxmol_ehmt1_sma_atlas_ext,use,sbdd,,Nc1nc(N)c2ncn(OC(COP(=O)(O)O)C(O)COP(=O)(O)O)cc1-2,,374.sdf,0,1.2944287061691284,2.447237253189087,10.438090324401855,18.08647727966309
pocketxmol_ehmt1_sma_atlas_ext,use,sbdd,,Nc1ncc2c[n+](C3OC(COP(=O)(O)OP(=O)(O)O)C(O)C3O)cnc2n1,,375.sdf,0,1.3242709636688232,2.616611957550049,11.257990837097168,18.604150772094727
pocketxmol_ehmt1_sma_atlas_ext,use,sbdd,,Cn1c(-c2ccccc2)c(Nc2ccc(S(N)(=O)=O)cn2)c2ccccc21,,376.sdf,0,1.375973105430603,2.73233962059021,10.499592781066896,18.42002487182617
pocketxmol_ehmt1_sma_atlas_ext,use,sbdd,,,bad,377-bad.sdf,0,1.301571011543274,2.5323727130889893,10.48818302154541,18.322633743286133
pocketxmol_ehmt1_sma_atlas_ext,use,sbdd,,,bad,378-bad.sdf,0,1.4699804782867432,2.677652597427368,9.5396146774292,17.890928268432617
pocketxmol_ehmt1_sma_atlas_ext,use,sbdd,,NC(=O)c1ccc2c(C3=CC=c4c(ccc5c4=CNC(N)=N5)C=C3)c[nH]c2c1,,379.sdf,0,1.4226511716842651,2.6249563694000244,9.32074737548828,17.420284271240234
pocketxmol_ehmt1_sma_atlas_ext,use,sbdd,,,bad,380-bad.sdf,0,1.2525345087051392,2.407243728637696,9.075972557067873,18.104900360107425
pocketxmol_ehmt1_sma_atlas_ext,use,sbdd,,,bad,381-bad.sdf,0,1.2950880527496338,2.493077516555786,10.256827354431152,18.35503578186035
pocketxmol_ehmt1_sma_atlas_ext,use,sbdd,,O=P(O)(O)OCC1OC([n+]2cnc(O)c3c(O)ncnc32)C(O)C1O,,382.sdf,0,1.2866493463516235,2.597965717315674,11.066644668579102,18.281644821166992
pocketxmol_ehmt1_sma_atlas_ext,use,sbdd,,CCc1c2cccc(S(N)(=O)=O)c2nc2c(=O)c3c(N)nn(C(C)C)c3[nH]c12,,383.sdf,0,1.4249615669250488,2.706655740737915,9.559029579162598,18.02888298034668
pocketxmol_ehmt1_sma_atlas_ext,use,sbdd,,Cc1ccc(-n2n[n+](CC3OCC(O)C(O)C3O)c3[nH]c(N)nc(=O)c32)cc1,,384.sdf,0,1.3428032398223877,2.6743056774139404,11.320923805236816,18.396278381347656
pocketxmol_ehmt1_sma_atlas_ext,use,sbdd,,,bad,385-bad.sdf,0,1.3874194622039795,2.601539134979248,10.365581512451172,18.307191848754883
pocketxmol_ehmt1_sma_atlas_ext,use,sbdd,,NC(=O)c1cn(-c2ccc3nn4c5noc(N)c5c(NCCO)nc4c3c2)nn1,,386.sdf,0,1.396683692932129,2.6190335750579834,9.740713119506836,18.029747009277344
pocketxmol_ehmt1_sma_atlas_ext,use,sbdd,,Nc1ncnc2c1ncn2CCOC(COP(=O)(O)O)C(=O)P(=O)(O)O,,387.sdf,0,1.255225419998169,2.332716941833496,10.812280654907228,18.056453704833984
pocketxmol_ehmt1_sma_atlas_ext,use,sbdd,,Cc1c(C(O)=NCCC(O)O)c2ncnc(=O)c-2cn1Cc1cnc2ccccc2c1,,388.sdf,0,1.4331822395324707,2.777252674102783,10.750411033630373,18.49966049194336
pocketxmol_ehmt1_sma_atlas_ext,use,sbdd,,CC(=O)c1ccc(CCn2c3ccccc3c3cnc(C(N)=O)cc32)cc1,,389.sdf,0,1.45802640914917,2.88382625579834,10.87494945526123,18.41599464416504
pocketxmol_ehmt1_sma_atlas_ext,use,sbdd,,Nc1nc2c(ncn2C2OC2C(O)COP(=O)(O)OP(=O)(O)O)c(=O)[nH]1,,390.sdf,0,1.2966978549957275,2.46947979927063,11.520679473876951,18.424776077270508
pocketxmol_ehmt1_sma_atlas_ext,use,sbdd,,Nc1ncc2ncc[n+](CC3OC4C(=O)OP(=O)(O)NP(=O)(O)OC4C3O)c2n1,,391.sdf,0,1.2480615377426147,2.5257699489593506,10.335363388061523,18.403194427490234
pocketxmol_ehmt1_sma_atlas_ext,use,sbdd,,CC(=O)NC1=C(NS(C)(=O)=O)C=CC2=CC(c3nc(O)n4[nH+]cnc4n3)=C(C)NC2=C1,,392.sdf,0,1.407657504081726,2.676248788833618,9.555875778198242,18.14850807189941
pocketxmol_ehmt1_sma_atlas_ext,use,sbdd,,CC(=O)Nc1ccc(-c2nnc(N=C(O)c3ccco3)c3cccnc23)cc1,,393.sdf,0,1.3972355127334597,2.645594358444214,10.694656372070312,18.380977630615234
pocketxmol_ehmt1_sma_atlas_ext,use,sbdd,,O=C(O)C1CC(n2cnc3nc(O)ncc32)C(=O)N1Cc1cccc2c1ccn2CCO,,394.sdf,0,1.3123924732208252,2.620722770690918,10.818923950195312,18.553607940673828
pocketxmol_ehmt1_sma_atlas_ext,use,sbdd,,COc1cc(-c2cc(NC(=O)CO)nc3cnc(O)cc23)nc2ccccc12,,395.sdf,0,1.4747095108032229,2.613809585571289,9.888144493103027,18.08820533752441
pocketxmol_ehmt1_sma_atlas_ext,use,sbdd,,Cn1ncc2c(-c3nc(-c4nc(C(=O)O)cnc4[N+](=O)O)no3)cccc21,,396.sdf,0,1.3376632928848269,2.459248781204224,9.169625282287598,17.585323333740234
pocketxmol_ehmt1_sma_atlas_ext,use,sbdd,,NC(=O)c1ccc(Nc2ccc(OCCC(=O)O)c(-c3ccc(O)cc3)c2)cc1,,397.sdf,0,1.421242117881775,2.769770860671997,10.186326026916504,18.83157539367676
pocketxmol_ehmt1_sma_atlas_ext,use,sbdd,,C1=Nc2ncnc3c2=C(N1)N1C(=c2ccccc2=3)[NH+]=Cc2ccccc21,,398.sdf,0,1.3975262641906738,2.395357608795166,9.561080932617188,17.466102600097656
pocketxmol_ehmt1_sma_atlas_ext,use,sbdd,,OC(O)c1ccnc(-c2cnc(-c3ccncc3)nc2Cn2cncn2)n1,,399.sdf,0,1.442928910255432,2.7533555030822754,9.992626190185549,18.517745971679688
pocketxmol_ehmt1_sma_atlas_ext,use,sbdd,,CC(=O)c1c(=O)oc(=O)n2c1[nH]c1nc3cc(C)ccc3n1c1ccccc12,,400.sdf,0,1.3484808206558228,2.444411039352417,9.13752269744873,17.5008487701416
pocketxmol_ehmt1_sma_atlas_ext,use,sbdd,,Nc1nc(=O)c2ncn(C3OC(CO[PH](O)(O)O)C(O)C3O)c2[nH]1,,401.sdf,0,1.3672558069229126,2.538999319076538,11.809588432312012,18.44239044189453
pocketxmol_ehmt1_sma_atlas_ext,use,sbdd,,OC1=Nc2n([nH+]c3c4ccccc4nc[n+]23)Cc2ccccc2C2C[NH+]1CCCO2,,402.sdf,0,1.3434983491897583,2.644721984863281,11.038737297058104,18.51442527770996
pocketxmol_ehmt1_sma_atlas_ext,use,sbdd,,O=C1N=C2C(=c3ccc(OP(=O)(O)O)cc3=[N+]2Cc2ccc3c(c2)OCO3)C(=O)N1,,403.sdf,0,1.338468074798584,2.6979575157165527,11.58134651184082,18.33561134338379
pocketxmol_ehmt1_sma_atlas_ext,use,sbdd,,Nc1ncc2[n+](c(=O)n1)COC(CO[PH](O)(O)OP(=O)(O)O)C2O,,404.sdf,0,1.2050273418426514,2.357635498046875,10.286002159118652,17.324073791503906
pocketxmol_ehmt1_sma_atlas_ext,use,sbdd,,Nc1ncc2c(CC3NCCCN3c3ccc(N4CCCC4)nc3)ncnc2n1,,405.sdf,0,1.3994810581207275,2.7580411434173584,9.96284294128418,18.71308708190918
pocketxmol_ehmt1_sma_atlas_ext,use,sbdd,,OC(NC1CCNCC1)c1cn(-c2ncnc3nn(Cc4ccccc4)cc23)nn1,,406.sdf,0,1.3808172941207886,2.671055316925049,11.103601455688477,18.46174430847168
pocketxmol_ehmt1_sma_atlas_ext,use,sbdd,,,bad,407-bad.sdf,0,1.3165136575698853,2.5617778301239014,10.147948265075684,18.16807556152344
pocketxmol_ehmt1_sma_atlas_ext,use,sbdd,,Nc1ncnc2c1ncn2C1CC(O)C(O)C(CNOP(=O)(O)OP(=O)(O)O)O1,,408.sdf,0,1.3155357837677002,2.5638082027435303,10.701042175292969,18.18449783325196
pocketxmol_ehmt1_sma_atlas_ext,use,sbdd,,CCOC(=O)Cc1ccc(-c2cc([N+](=O)O)ccc2NS(=O)(=O)NC)cc1,,409.sdf,0,1.339929461479187,2.717660427093506,10.065668106079102,18.68114852905273
pocketxmol_ehmt1_sma_atlas_ext,use,sbdd,,N#Cc1cc(-c2ccc[nH+]c2NC(=O)c2ccc(O)cc2)[nH]c1NCCc1ccccc1,,410.sdf,0,1.344468355178833,2.720622539520264,10.623184204101562,18.658802032470703
pocketxmol_ehmt1_sma_atlas_ext,use,sbdd,,Nc1ncnc2c1ncc[n+]2CC1CO[PH](O)(OP2(=O)OP(=O)(O)O2)OP(=O)(O)OC1O,,411.sdf,0,1.2352913618087769,2.4230127334594727,10.403088569641112,18.506816864013672
pocketxmol_ehmt1_sma_atlas_ext,use,sbdd,,Nc1ncn(CC2OC(CP(=O)(O)O[PH](O)(O)O)C(O)C2OP(=O)(O)O)c2ncnc1-2,,412.sdf,0,1.2522859573364258,2.5093467235565186,10.49264430999756,18.463781356811523
pocketxmol_ehmt1_sma_atlas_ext,use,sbdd,,Cc1nc(-c2n[nH]c(N3CCOCC3)c2-c2nc3ccccc3[nH]2)nc(C(N)=O)[nH+]1,,413.sdf,0,1.3343260288238523,2.68229341506958,9.833924293518066,18.331052780151367
pocketxmol_ehmt1_sma_atlas_ext,use,sbdd,,O=C(Nc1ccc([N+](=O)O)cc1O)N(CCP(=O)(O)O)c1cnc2ccc(=O)cc-2[nH]1,,414.sdf,0,1.4398220777511597,2.774203300476074,10.18556785583496,18.803861618041992
pocketxmol_ehmt1_sma_atlas_ext,use,sbdd,,c1ccc(Nc2nc(-c3ccccc3)c3cnn(-c4ccccc4)c3n2)cc1,,415.sdf,0,1.4761145114898682,2.9483046531677246,11.80433464050293,18.5754508972168
pocketxmol_ehmt1_sma_atlas_ext,use,sbdd,,Nc1ccc(Oc2ccc3ccccc3c2OCc2cncnc2)cc1O,,416.sdf,0,1.4240400791168213,2.7448651790618896,9.90520477294922,18.23847198486328
pocketxmol_ehmt1_sma_atlas_ext,use,sbdd,,Nc1nnc2c(-c3ccc4ccccc4c3)c3c(nn12)CC1CNCCN1CC3,,417.sdf,0,1.330620288848877,2.76006293296814,9.65436840057373,17.943674087524414
pocketxmol_ehmt1_sma_atlas_ext,use,sbdd,,COCC(=O)N1CC(Oc2ccccc2)C(c2ccc(-n3nnnn3)cc2)C1,,418.sdf,0,1.33686625957489,2.736414670944214,10.942323684692385,18.93406867980957
pocketxmol_ehmt1_sma_atlas_ext,use,sbdd,,NC1=NC(=O)C2=c3ncn(C4OC(COP(=O)(O)O)C(O)C4O)c3=NC2=N1,,419.sdf,0,1.3128126859664917,2.5197083950042725,11.055008888244627,17.95460319519043
pocketxmol_ehmt1_sma_atlas_ext,use,sbdd,,,bad,420-bad.sdf,0,1.1637307405471802,2.337259292602539,9.41952419281006,17.626211166381836
pocketxmol_ehmt1_sma_atlas_ext,use,sbdd,,Nc1ncnc2c1ncn2-c1ccc(N=C(O)c2ccc(O)cc2)cc1,,421.sdf,0,1.492943286895752,2.773456335067749,11.133261680603027,18.37623405456543
pocketxmol_ehmt1_sma_atlas_ext,use,sbdd,,COc1ccc2[nH+]c(-c3ccccc3)nc(-c3c[nH]c(=O)c(CO)c3O)c2c1,,422.sdf,0,1.467862606048584,2.737130641937256,10.477659225463867,18.194129943847656
pocketxmol_ehmt1_sma_atlas_ext,use,sbdd,,O=C1N=C2C(=NC3=[N+]2CC2OP(=O)(O)OP(=O)(O)OCC32)C(=O)N1,,423.sdf,0,1.231779932975769,2.383039712905884,11.014129638671877,17.570255279541016
pocketxmol_ehmt1_sma_atlas_ext,use,sbdd,,Nc1ncnc2c1[nH]c(=O)n2CC(O)C(O)CC(COP(=O)(O)O)C(=O)O,,424.sdf,0,1.2667651176452637,2.3541815280914307,10.038414001464844,17.751455307006836
pocketxmol_ehmt1_sma_atlas_ext,use,sbdd,,CC(=O)NC(=O)Nc1cc(C(=O)c2cccc([N+](=O)O)c2)nc2ccccc12,,425.sdf,0,1.3899786472320557,2.74404525756836,10.994107246398926,18.58927345275879
pocketxmol_ehmt1_sma_atlas_ext,use,sbdd,,O=C1CN(n2ccc(=O)[nH]c2=O)CCN1CCc1ccc2ncccc2[nH+]1,,426.sdf,0,1.4042941331863403,2.770761489868164,10.75959014892578,18.280881881713867
pocketxmol_ehmt1_sma_atlas_ext,use,sbdd,,Nc1ncnc2c1ncn2C1OC(O)C(OP(=O)(O)OP(=O)(O)O)C1O,,427.sdf,0,1.304732084274292,2.5726943016052246,11.232857704162598,18.57280158996582
pocketxmol_ehmt1_sma_atlas_ext,use,sbdd,,Nc1ncnc2c1ncn2C1COC(COP2(=O)NP(N)(=O)O2)C(O)C1O,,428.sdf,0,1.2409722805023191,2.336490631103516,10.561264991760254,17.99494171142578
pocketxmol_ehmt1_sma_atlas_ext,use,sbdd,,O=c1[nH]cnc2c1ncn2C1OC(C(O)OP(=O)(O)NP(=O)(O)O)C(O)C1O,,429.sdf,0,1.3249975442886353,2.4918880462646484,11.051374435424805,18.475160598754883
pocketxmol_ehmt1_sma_atlas_ext,use,sbdd,,O=C(O)C1Nn2c(=O)[nH]c(=O)c3c2n(c(=O)n3Cc2cccc(F)c2)-c2cncn21,,430.sdf,0,1.312891721725464,2.6025161743164062,10.181910514831545,18.45658493041992
pocketxmol_ehmt1_sma_atlas_ext,use,sbdd,,,bad,431-bad.sdf,0,1.4726606607437134,2.767620325088501,10.964580535888672,18.499067306518555
pocketxmol_ehmt1_sma_atlas_ext,use,sbdd,,COc1ccc(C(NN=C(C(=O)O)C(C)(C)O)C(=O)c2ccc(O)cc2)cc1,,432.sdf,0,1.2944917678833008,2.530564069747925,10.247456550598145,18.749496459960938
pocketxmol_ehmt1_sma_atlas_ext,use,sbdd,,O=C1N=CN=C2C1=NC=[N+]2C1OC(OP(=O)(O)O)C(COP(=O)(O)O[PH](O)(O)O)C1O,,433.sdf,0,1.301702857017517,2.539517402648926,11.237232208251951,18.684375762939453
pocketxmol_ehmt1_sma_atlas_ext,use,sbdd,,OC1=NCCCOc2ccccc2CCN(Cc2ccccc2)Cc2cccc1c2,,434.sdf,0,1.3212857246398926,2.884791135787964,11.874342918395996,19.295772552490234
pocketxmol_ehmt1_sma_atlas_ext,use,sbdd,,O=C(O)c1ccc(-c2nc3cccc(Nc4ccccc4)c3nc2O)cc1,,435.sdf,0,1.502640724182129,2.888345718383789,10.92545223236084,18.4199447631836
pocketxmol_ehmt1_sma_atlas_ext,use,sbdd,,O=c1[nH]c(=O)c2cc(Nc3ncnc4nc5ccccc5nc34)ccc2[nH]1,,436.sdf,0,1.447207808494568,2.7820591926574707,11.20836067199707,18.042972564697266
pocketxmol_ehmt1_sma_atlas_ext,use,sbdd,,O=C(O)c1ccc(Oc2nccc3c2=CN(c2ccccc2O)NC=3)cc1,,437.sdf,0,1.4355543851852417,2.7668044567108154,9.760428428649902,18.17654609680176
pocketxmol_ehmt1_sma_atlas_ext,use,sbdd,,Nc1ncnc2c1ncc[n+]2CC(O)C1OC(COP(=O)(O)O)OCC1O,,438.sdf,0,1.2785630226135254,2.6056244373321533,11.049159049987791,18.24058723449707
pocketxmol_ehmt1_sma_atlas_ext,use,sbdd,,Cc1ccc2nc3c(ccn3C(=O)c3ccnc([SH](=O)(O)O)c3)cc2c1,,439.sdf,0,1.418304443359375,2.740009069442749,9.408388137817385,17.906700134277344
pocketxmol_ehmt1_sma_atlas_ext,use,sbdd,,Nc1ncnc2c(C(OCC(O)C(O)COP(=O)(O)O)OP(=O)(O)O)c[nH]c12,,440.sdf,0,1.2868537902832031,2.61791729927063,10.662139892578123,18.63147354125977
pocketxmol_ehmt1_sma_atlas_ext,use,sbdd,,O=C(O)CC(O)C(COP(=O)(O)NC1CCCNC1)Nc1nc(=O)[nH]c(=O)[nH]1,,441.sdf,0,1.2445005178451538,2.465476751327514,9.784219741821287,18.618364334106445
pocketxmol_ehmt1_sma_atlas_ext,use,sbdd,,Oc1ccc(-c2cc(NCc3ccc(O)cc3O)cc3nonc23)cc1,,442.sdf,0,1.4249540567398071,2.7193493843078613,10.416556358337402,18.361989974975582
pocketxmol_ehmt1_sma_atlas_ext,use,sbdd,,,bad,443-bad.sdf,0,1.4155219793319702,2.598714828491211,10.440422058105469,18.179643630981445
pocketxmol_ehmt1_sma_atlas_ext,use,sbdd,,Nc1nnc2c(ncn2CC2CNC(COP(=O)(O)O)C2O)c(=O)n1,,444.sdf,0,1.237316012382507,2.5158398151397705,10.514260292053224,18.00139617919922
pocketxmol_ehmt1_sma_atlas_ext,use,sbdd,,CC1COP(=O)(O)OP(=O)(O)OC2C(F)COC(Nc3nc(c(O)nc(=N)n3)N1)C2O,,445.sdf,0,1.192602276802063,2.369020700454712,9.720880508422852,18.41408348083496
pocketxmol_ehmt1_sma_atlas_ext,use,sbdd,,CC1=NN2C(Nc3cc(-c4ccc(O)cc4)nc(C)n3)=Nc3ccccc3N=C2O1,,446.sdf,0,1.449116826057434,2.7096831798553467,10.107135772705078,18.27529525756836
pocketxmol_ehmt1_sma_atlas_ext,use,sbdd,,O=C(Cn1nnc2ccccc21)Nc1cc(-c2cccc(C(=O)O)c2)c2nonc2n1,,447.sdf,0,1.45728862285614,2.7179553508758545,10.11585807800293,18.431570053100582
pocketxmol_ehmt1_sma_atlas_ext,use,sbdd,,O=S(=O)(O)N1CCC(c2nc3ccccc3n2-c2ccc3cc(O)ccc3c2)CC1,,448.sdf,0,1.438452124595642,2.792250871658325,10.348286628723145,18.24885940551757
pocketxmol_ehmt1_sma_atlas_ext,use,sbdd,,,bad,449-bad.sdf,0,1.324975609779358,2.6581122875213623,10.750707626342772,18.29447364807129
pocketxmol_ehmt1_sma_atlas_ext,use,sbdd,,CNc1nc2c(nc1C(=O)O)c1cccnc1n2-c1cccc(C(=O)O)c1,,450.sdf,0,1.4334193468093872,2.6800200939178467,9.83076286315918,18.03047752380371
pocketxmol_ehmt1_sma_atlas_ext,use,sbdd,,O=C(NCc1ccc([N+](=O)O)cc1OCc1ccc(F)cc1)c1ccco1,,451.sdf,0,1.3658138513565063,2.6993486881256104,10.743457794189451,18.67026329040528
pocketxmol_ehmt1_sma_atlas_ext,use,sbdd,,CCNC(=O)Cn1c(O)[n+](CC2CCCNC2)c2ccc(-n3cc[nH+]n3)cc21,,452.sdf,0,1.3254164457321167,2.5850071907043457,9.6956205368042,18.22941398620605
pocketxmol_ehmt1_sma_atlas_ext,use,sbdd,,,bad,453-bad.sdf,0,1.2491123676300049,2.4872281551361084,9.692511558532717,18.21775245666504
pocketxmol_ehmt1_sma_atlas_ext,use,sbdd,,Nc1ncnc2c1ncn2C1OC(COP(=O)(O)O)(OP(=O)(O)O)C1OP(=O)(O)O,,454.sdf,0,1.214022517204285,2.2449095249176025,10.933171272277832,18.241634368896484
pocketxmol_ehmt1_sma_atlas_ext,use,sbdd,,O=C(O)c1cn(-c2ccccc2NS(=O)(=O)c2ccc(-c3ccccc3)cc2)cn1,,455.sdf,0,1.420554518699646,2.815300703048706,11.039549827575684,19.096094131469727
pocketxmol_ehmt1_sma_atlas_ext,use,sbdd,,OC(O)c1cnc(-c2ccccc2)nc1-c1ccccc1.c1ccccc1,incomp,456-incomp.sdf,0,1.3150835037231443,2.7338972091674805,10.508886337280272,18.99681663513184
pocketxmol_ehmt1_sma_atlas_ext,use,sbdd,,COC1=CC=CNC(c2[nH+]c(C(N)=O)ccc2C(=O)N2CC3N=CNN3C2)=C1,,457.sdf,0,1.2163071632385254,2.521373987197876,9.348931312561035,18.05986785888672
pocketxmol_ehmt1_sma_atlas_ext,use,sbdd,,CC(=O)Nc1cccc(NC2=c3ccc(N)cc3=C3N=C(N)NC(=O)C=C3O2)c1,,458.sdf,0,1.3908518552780151,2.521991014480591,9.296566009521484,17.466943740844727
pocketxmol_ehmt1_sma_atlas_ext,use,sbdd,,Nc1nc(C2OC(OP(=O)(O)O)C(OCO[PH](O)(O)O)C2O)nc2c(O)nc(=O)[nH]c12,,459.sdf,0,1.3327370882034302,2.573486089706421,10.65138816833496,18.43754196166992
pocketxmol_ehmt1_sma_atlas_ext,use,sbdd,,O=C(O)c1ccnc(C(Nc2c3ccccc3nc3cc(O)ccc23)C(=O)O)c1,,460.sdf,0,1.4366295337677002,2.726531505584717,10.73891258239746,18.29141426086425
pocketxmol_ehmt1_sma_atlas_ext,use,sbdd,,Nc1ncnc2c1ncn2C1OC(O)C(OP(=O)(OP(=O)(O)O)O[PH](O)(O)O)C1O,,461.sdf,0,1.3180526494979858,2.565974473953247,10.939496040344238,18.64860916137696
pocketxmol_ehmt1_sma_atlas_ext,use,sbdd,,O=C(O)c1ccc2c(c1O)CN(c1ccc3c(c1)N=CN=CN3O)S2(=O)=O,,462.sdf,0,1.3829078674316406,2.5953381061553955,9.76286506652832,17.816774368286133
pocketxmol_ehmt1_sma_atlas_ext,use,sbdd,,Nc1ncnc2ccc(NCc3ccccc3CNCc3ccc(O)cc3)cc12,,463.sdf,0,1.397494554519653,2.832344055175781,11.39749526977539,18.910579681396484
pocketxmol_ehmt1_sma_atlas_ext,use,sbdd,,COC(=O)c1ccc(-c2nc3ccc([N+](=O)O)n(O)c(=O)c-3n2)cc1,,464.sdf,0,1.373326301574707,2.5471646785736084,9.425707817077637,17.5097713470459
pocketxmol_ehmt1_sma_atlas_ext,use,sbdd,,O=C(O)C1=CNC2=CC=C(c3ccc4cnc(C(=O)O)cc4[nH+]3)C=CC2=C1,,465.sdf,0,1.420202374458313,2.6795151233673096,9.458406448364258,17.604982376098633
pocketxmol_ehmt1_sma_atlas_ext,use,sbdd,,O=P(O)(O)COc1ccc2c(n1)[nH]c1c(-c3ccccc3)[nH+]ccc12,,466.sdf,0,1.4614177942276,2.703566074371338,9.94355583190918,18.005111694335938
pocketxmol_ehmt1_sma_atlas_ext,use,sbdd,,O=P(O)(O)C=Cc1nnc2c(-c3ccccc3)cc(C=Cc3ccc(O)nc3)nn12,,467.sdf,0,1.3444676399230957,2.6451416015625,9.572622299194336,18.492809295654297
pocketxmol_ehmt1_sma_atlas_ext,use,sbdd,,Nc1ncc(-c2ccc(COP(=O)(O)OP(=O)(O)O)cc2)c(=O)[nH]1,,468.sdf,0,1.4043512344360352,2.7081120014190674,11.162837028503418,18.602510452270508
pocketxmol_ehmt1_sma_atlas_ext,use,sbdd,,Nc1nc(=O)c2ncn(C(O)C3OC(COP(=O)(O)NP(=O)(O)O)CC3O)c2[nH]1,,469.sdf,0,1.2906522750854492,2.5689852237701416,11.135013580322266,18.762245178222656
pocketxmol_ehmt1_sma_atlas_ext,use,sbdd,,Nc1nc2c(ncn2C2OC(COP(=O)(O)O)(COP(=O)(O)O)C2O)c(=O)[nH]1,,470.sdf,0,1.2350314855575562,2.3316915035247803,11.27814769744873,18.33448600769043
pocketxmol_ehmt1_sma_atlas_ext,use,sbdd,,CN1CCN(C(O)=NC(c2ccccc2)c2nc3ccccc3[nH]2)CC1,,471.sdf,0,1.3079538345336914,2.703585624694824,11.6412353515625,18.60905647277832
pocketxmol_ehmt1_sma_atlas_ext,use,sbdd,,,bad,472-bad.sdf,0,1.341546654701233,2.5143797397613525,9.907896995544434,18.432043075561523
pocketxmol_ehmt1_sma_atlas_ext,use,sbdd,,COC1Oc2cccc(N)c2-c2nn(C(=O)CN)c3cc(C(=O)O)cc1c23,,473.sdf,0,1.272717833518982,2.540447473526001,8.791399002075195,18.012126922607422
pocketxmol_ehmt1_sma_atlas_ext,use,sbdd,,Nc1ncnc2c1ncn2C1OCC(COP(=O)(O)OP(=O)(O)O)C1O,,474.sdf,0,1.268011212348938,2.6236257553100586,11.446916580200195,18.74714088439941
pocketxmol_ehmt1_sma_atlas_ext,use,sbdd,,O=C1C(=O)C(O)C2c3oc4c(O)cc(O)c(O)c4c3COc3cc(O)cc1c32,,475.sdf,0,1.2532881498336792,2.278170824050904,9.764463424682615,17.51224136352539
pocketxmol_ehmt1_sma_atlas_ext,use,sbdd,,Nc1ncnc2c1ncn2C1COC(COP(=O)(O)O[PH](N)(O)O)C(O)C1,,476.sdf,0,1.2852152585983276,2.5166549682617188,10.814043998718262,18.22997665405273
pocketxmol_ehmt1_sma_atlas_ext,use,sbdd,,O=C(O)c1ccc(CC2=C(c3ccc(O)cc3)[N+](=O)c3ccccc32)cc1,,477.sdf,0,1.4314203262329102,2.7731130123138428,10.48897933959961,18.57453346252441
pocketxmol_ehmt1_sma_atlas_ext,use,sbdd,,O=S(=O)(O)c1cccc(C(Oc2ccc(O)c(O)c2)c2ccc(O)cc2)c1,,478.sdf,0,1.449154496192932,2.817244052886963,11.435701370239258,19.25049018859864
pocketxmol_ehmt1_sma_atlas_ext,use,sbdd,,CC1C(=O)NC(=O)N1CCOP(=O)(O)O[PH](=O)(=O)O.Nc1ncnc2[nH]cnc12,incomp,479-incomp.sdf,0,1.239692211151123,2.5257461071014404,10.88477611541748,18.185108184814453
pocketxmol_ehmt1_sma_atlas_ext,use,sbdd,,Cc1ncc2cc(-c3nc(C(N)=O)cc(P(=O)(O)O)n3)ccc2n1,,480.sdf,0,1.4962992668151855,2.770414352416992,10.01180648803711,17.991077423095703
pocketxmol_ehmt1_sma_atlas_ext,use,sbdd,,NC1=NC(=O)C2=CN(C3OC(COP(=O)(O)OP(=O)(O)O)C3OP(=O)(O)O)C2=N1,,481.sdf,0,1.189152717590332,2.3473541736602783,10.743019104003906,18.2493953704834
pocketxmol_ehmt1_sma_atlas_ext,use,sbdd,,O=C(c1ccc(-c2ccc(C(O)O)cc2)cc1)c1ncc(C(=O)O)c(C(=O)O)n1,,482.sdf,0,1.4472347497940063,2.751044511795044,10.510912895202637,18.570024490356445
pocketxmol_ehmt1_sma_atlas_ext,use,sbdd,,C[SH](=O)(O)c1cccc(Nc2cc(-c3ccc(C(=O)O)cc3)c3ccc(=O)cc-3[nH]2)c1,,483.sdf,0,1.4384634494781494,2.786295175552368,10.208063125610352,18.56900978088379
pocketxmol_ehmt1_sma_atlas_ext,use,sbdd,,COc1nn(C)nc1C(=O)n1c(=O)n(C)c2nc(NC(=O)CN)ncc21,,484.sdf,0,1.2644338607788086,2.504743814468384,9.100934028625488,17.944963455200195
pocketxmol_ehmt1_sma_atlas_ext,use,sbdd,,O=c1cc[nH]c(P(=O)(O)OC2OC(Cn3ccc(O)[nH+]c3=O)C(O)C2OP(=O)(O)O)n1,,485.sdf,0,1.2559212446212769,2.580517292022705,10.68817138671875,19.00998878479004
pocketxmol_ehmt1_sma_atlas_ext,use,sbdd,,C[N+]1=C2N=c3oc4c(c3NC(c3nc5ccccc5[nH]3)=C2N=C1N)C(O)=CC=CC=4,,486.sdf,0,1.3337892293930054,2.543985605239868,9.5557861328125,17.562847137451172
pocketxmol_ehmt1_sma_atlas_ext,use,sbdd,,,bad,487-bad.sdf,0,1.3850399255752563,2.4727559089660645,9.186222076416016,17.272541046142578
pocketxmol_ehmt1_sma_atlas_ext,use,sbdd,,O=C(O)C1=CN(Cc2ccc(O)c(O)c2O)C2c3ccccc3CC2C1=O,,488.sdf,0,1.3067976236343384,2.6264572143554688,10.872407913208008,18.93895149230957
pocketxmol_ehmt1_sma_atlas_ext,use,sbdd,,Cc1ccc2cc(N(CCOP(=O)(O)O)C(=O)Nc3ncn(C)c(=O)c3C)ccc2n1,,489.sdf,0,1.323022961616516,2.531968355178833,9.507568359375,18.152870178222656
pocketxmol_ehmt1_sma_atlas_ext,use,sbdd,,Nc1c2ncn(C3CC4OP(=O)(O)NP(=O)(O)OP(=O)(O)OC4O3)c2nc[n+]1O,,490.sdf,0,1.1711698770523071,2.3635964393615723,10.448991775512695,18.288732528686523
pocketxmol_ehmt1_sma_atlas_ext,use,sbdd,,Nc1ncnc2c1ncn2C1OC(C(=O)OP(=O)(O)O)CC(COP(=O)(O)O)C1O,,491.sdf,0,1.2975051403045654,2.7324671745300293,11.400641441345217,18.833545684814453
pocketxmol_ehmt1_sma_atlas_ext,use,sbdd,,COc1ccc(-n2c(=O)n(C)c3nc([N+](C)(C)COP(=O)(O)O)[nH]c32)cc1,,492.sdf,0,1.2915072441101074,2.558363914489746,10.134652137756348,17.68227767944336
pocketxmol_ehmt1_sma_atlas_ext,use,sbdd,,Cc1cc2nc(n1)NCc1cn(c(=O)[nH]c1=O)CC1C(O)C(OP(=O)(O)O)C1N2,,493.sdf,0,1.231683611869812,2.414529323577881,10.587660789489746,18.424251556396484
pocketxmol_ehmt1_sma_atlas_ext,use,sbdd,,O=C1N=Cc2cc(C(O)Nc3ncccc3O)cc3nc4ccccc4c1c23,,494.sdf,0,1.3818148374557495,2.5186283588409424,8.810811042785645,17.52766990661621
pocketxmol_ehmt1_sma_atlas_ext,use,sbdd,,,bad,495-bad.sdf,0,1.4480961561203003,2.8306784629821777,10.739904403686523,18.42532730102539
pocketxmol_ehmt1_sma_atlas_ext,use,sbdd,,Nc1nc(O)c2nc(C(O)C(OP(=O)(O)O)C(O)COP(=O)(O)O)[nH]c2n1,,496.sdf,0,1.209123134613037,2.2652721405029297,10.728789329528809,17.758724212646484
pocketxmol_ehmt1_sma_atlas_ext,use,sbdd,,O=c1nc2nc(c(=O)[nH]1)C=NC(O)C(OP(=O)(O)O)C(O)COP(=O)(O)ON2,,497.sdf,0,1.149770975112915,2.370913028717041,10.165003776550291,18.765180587768555
pocketxmol_ehmt1_sma_atlas_ext,use,sbdd,,,bad,498-bad.sdf,0,1.2027935981750488,2.4146852493286133,9.498246192932127,18.78376197814941
pocketxmol_ehmt1_sma_atlas_ext,use,sbdd,,Nc1ncnc2c1ncn2C1OC(C[PH](O)(O)O)CC(COP(=O)(O)O)C1[N+](=O)O,,499.sdf,0,1.2025561332702637,2.644493341445923,10.733356475830078,18.539031982421875
pocketxmol_ehmt1_sma_atlas_ext,use,sbdd,,CC(=O)N(Cc1ccccc1F)c1cc2c(nc1O)=CC1=[NH+]c3cnccc3[N+]=21,,500.sdf,0,1.370419979095459,2.6049695014953613,9.452820777893066,17.89876937866211
pocketxmol_ehmt1_sma_atlas_ext,use,sbdd,,CC(=O)Nc1cccc(CNC(=O)c2cc(C(=O)O)ccc2OS(C)(=O)=O)c1,,501.sdf,0,1.39351487159729,2.642359972000122,9.811227798461914,18.723501205444336
pocketxmol_ehmt1_sma_atlas_ext,use,sbdd,,NC1=NC(O)=CN(C2OC(OP(=O)(O)OP(=O)(O)O)C(O)C2O)C=C1,,502.sdf,0,1.21147358417511,2.23444938659668,9.861648559570312,17.570247650146484
pocketxmol_ehmt1_sma_atlas_ext,use,sbdd,,CN1CCC(=O)c2c1ccc1c2[nH]c2c(-c3ccc4ccccc4c3)ccc(C(=O)O)c21,,503.sdf,0,1.4790939092636108,2.719208240509033,9.929485321044922,18.06280899047852
pocketxmol_ehmt1_sma_atlas_ext,use,sbdd,,CC(=O)NC1CC(C(=O)O)OC(COCC(=O)NC(CCC(=O)O)C(=O)O)C1O,,504.sdf,0,1.1890348196029663,2.51212739944458,9.646720886230469,19.38215065002441
pocketxmol_ehmt1_sma_atlas_ext,use,sbdd,,Nc1ncnc2c1ncn2C1OC(COP(=O)(O)O)C(O)C(OP(=O)(O)O)C1O,,505.sdf,0,1.3044358491897583,2.412070274353028,11.33798599243164,18.451566696166992
pocketxmol_ehmt1_sma_atlas_ext,use,sbdd,,O=C(C1OC(COP(=O)(O)O)C(O)C1O)n1c[nH+]c(=O)c2c3ccccc3[nH]c21,,506.sdf,0,1.3588677644729614,2.6597702503204346,11.38158130645752,18.467878341674805
pocketxmol_ehmt1_sma_atlas_ext,use,sbdd,,,bad,507-bad.sdf,0,1.4707881212234497,2.6696617603302,10.205339431762695,18.15094757080078
pocketxmol_ehmt1_sma_atlas_ext,use,sbdd,,Cc1ccc2cc3c(=O)n4cncc(-c5ccccc5)c4nc3[n+](C)c2c1,,508.sdf,0,1.5226223468780518,2.7985565662384038,10.26142120361328,17.835844039916992
pocketxmol_ehmt1_sma_atlas_ext,use,sbdd,,Cc1ccc2nc3nc4nc5ncnc(-c6cccc(OCC(N)=O)c6)c5n4n3nc2c1,,509.sdf,0,1.416335105895996,2.783980369567871,10.407264709472656,18.32549476623535
pocketxmol_ehmt1_sma_atlas_ext,use,sbdd,,COc1ccc2c3c(nc(SCC(=O)NC(N)=O)nc13)-c1cc(C)cc(C)c1O2,,510.sdf,0,1.4632724523544312,2.7614638805389404,10.899892807006836,18.33721351623535
pocketxmol_ehmt1_sma_atlas_ext,use,sbdd,,c1ccc(-c2[nH+]c(NC3CCOC3)n3c4[nH]ccc5ncnn(c54)c23)cc1,,511.sdf,0,1.3784337043762207,2.67242169380188,9.890344619750977,18.14064598083496
pocketxmol_ehmt1_sma_atlas_ext,use,sbdd,,O=C(O)c1cccnc1-c1ccc(-c2ncnc3cccnc23)cc1,,512.sdf,0,1.4558883905410769,2.7844011783599854,10.684287071228027,18.09081649780273
pocketxmol_ehmt1_sma_atlas_ext,use,sbdd,,Cc1ccc2c(c1)-c1ccc(-c3cccc(-c4cc[nH+]cc4)c3)[n+]3c1=[N+]2C(=O)C=3,,513.sdf,0,1.3924322128295898,2.733626365661621,9.497427940368652,17.89486312866211
pocketxmol_ehmt1_sma_atlas_ext,use,sbdd,,Nc1ccc(-[n+]2c(Nc3ccccc3)nc3ncccc3c2O)cc1,,514.sdf,0,1.4945144653320312,2.842722177505493,10.698237419128418,18.35538101196289
pocketxmol_ehmt1_sma_atlas_ext,use,sbdd,,Nc1[nH+]c(-c2nc3ccccc3[nH]2)c(CC2CCCNC2=O)cc1C(=O)O,,515.sdf,0,1.3673251867294312,2.610380887985229,9.377482414245604,18.248167037963867
pocketxmol_ehmt1_sma_atlas_ext,use,sbdd,,Nc1ncnc2nc(OC(COP(=O)(O)O)C(OP(=O)(O)O)OP(=O)(O)O)cnc12,,516.sdf,0,1.2264001369476318,2.43435001373291,10.655864715576172,18.453208923339844
pocketxmol_ehmt1_sma_atlas_ext,use,sbdd,,O=P(O)(O)OC1CCC(OP(=O)(O)O)C(c2nc[nH+]c3ncnc(Nc4c[nH]cn4)c23)O1,,517.sdf,0,1.2574371099472046,2.4693329334259038,10.00249481201172,18.536853790283203
pocketxmol_ehmt1_sma_atlas_ext,use,sbdd,,Cc1cc(N=C(O)c2ccc[nH+]c2)ccc1Nc1nc[nH]c2ncnc(=O)c1-2,,518.sdf,0,1.4628198146820068,2.726325273513794,10.296971321105955,18.416349411010746
pocketxmol_ehmt1_sma_atlas_ext,use,sbdd,,CC1(COP(=O)(O)OP(=O)(O)O)OC(N2C=CNc3c(N)ncnc32)C1O,,519.sdf,0,1.2910820245742798,2.4893107414245605,10.820863723754885,18.453338623046875
pocketxmol_ehmt1_sma_atlas_ext,use,sbdd,,CC(=O)Nc1ncc(C)c(-c2ncc3c(n2)[nH]c2ccccc23)[nH+]1,,520.sdf,0,1.4403822422027588,2.777687788009644,10.910244941711426,17.757232666015625
pocketxmol_ehmt1_sma_atlas_ext,use,sbdd,,NC(=O)C1=CC(=Nc2cccc(-c3ncc(-n4nnnn4)cn3)c2)N=NC1=O,,521.sdf,0,1.44789719581604,2.720264673233032,9.700979232788086,18.36681365966797
pocketxmol_ehmt1_sma_atlas_ext,use,sbdd,,O=C1N=C2NC3C(O)OC(COP(=O)(O)NP(=O)(O)O)CC3ON=C2C(=O)N1,,522.sdf,0,1.2100062370300293,2.39591646194458,9.877815246582031,17.942222595214844
pocketxmol_ehmt1_sma_atlas_ext,use,sbdd,,Nc1ncnc2c(COC(COP(=O)(O)OP(=O)(O)O)P(=O)(O)O)c[nH]c12,,523.sdf,0,1.2951258420944214,2.503244161605835,10.448907852172852,18.437318801879883
pocketxmol_ehmt1_sma_atlas_ext,use,sbdd,,CC1C[N+]2=C(N=C3C(=O)[NH+]=C(N)N=C32)c2cc3cc(S(=O)(=O)O)ccc3c(O)c21,,524.sdf,0,1.4247829914093018,2.653782844543457,10.011028289794922,17.848419189453125
pocketxmol_ehmt1_sma_atlas_ext,use,sbdd,,C=C(Nc1cc(-c2ccc[nH]c2=O)cc(COP(=O)(O)O)[nH+]1)NP(=O)(O)O,,525.sdf,0,1.3294398784637451,2.649043321609497,8.995772361755371,18.354576110839844
pocketxmol_ehmt1_sma_atlas_ext,use,sbdd,,O=C(O)C1=CN=C(c2cccc(N3CCC3)c2)N2C=[N+](c3ccccc3)NC2=C1,,526.sdf,0,1.3551058769226074,2.5515851974487305,9.321107864379885,18.136716842651367
pocketxmol_ehmt1_sma_atlas_ext,use,sbdd,,CC(C)(C)n1cc(-n2cc3onc(-c4ccc(O)cc4)n3c2=O)c2ccccc21,,527.sdf,0,1.3908069133758545,2.6473004817962646,10.10125732421875,18.139366149902344
pocketxmol_ehmt1_sma_atlas_ext,use,sbdd,,NS(=O)(=O)c1cccc(Cc2ccccc2Nc2nc3nonc3c3nccn23)c1,,528.sdf,0,1.4238353967666626,2.75473690032959,10.63164234161377,18.445411682128903
pocketxmol_ehmt1_sma_atlas_ext,use,sbdd,,CCNc1ncncc1C(=O)Nc1ccc(C)cc1Nc1cc(C)on1,,529.sdf,0,1.3850330114364624,2.646444082260132,10.07268238067627,18.25789451599121
pocketxmol_ehmt1_sma_atlas_ext,use,sbdd,,CC(=O)Nc1ccc(F)cc1P(c1ccc(O)cc1)c1cccc([N+](=O)O)c1,,530.sdf,0,1.4525537490844729,2.727848052978516,10.69050121307373,19.05881118774414
pocketxmol_ehmt1_sma_atlas_ext,use,sbdd,,NC(=O)c1cc[n+](C2OC(COP(=O)(O)OP(=O)(O)O)C(O)C2O)cc1N,,531.sdf,0,1.3384408950805664,2.6849074363708496,10.599358558654783,18.84782600402832
pocketxmol_ehmt1_sma_atlas_ext,use,sbdd,,N=c1[nH]cnc(NC2COC(CN3C=C(C(=O)O)CCC3)C(O)C2O)c2ncnc1-2,,532.sdf,0,1.221839427947998,2.5297677516937256,10.185420989990234,18.439971923828125
pocketxmol_ehmt1_sma_atlas_ext,use,sbdd,,O=c1ncc(-c2cccc(COP(=O)(O)O)c2)c(Oc2cccc(O)c2)nn1,,533.sdf,0,1.3357555866241455,2.6071619987487797,10.178189277648926,18.20563125610352
pocketxmol_ehmt1_sma_atlas_ext,use,sbdd,,Oc1ccc2c(c1)cc1c(-c3nn[nH]n3)coc1[n+]2-c1ccc2c(c1)OCO2,,534.sdf,0,1.404844045639038,2.599954843521118,9.607665061950684,17.902437210083008
pocketxmol_ehmt1_sma_atlas_ext,use,sbdd,,Cn1ncc2cnc(N(Cc3ccc(O)cc3)Cc3ccc(O)cc3)nc21,,535.sdf,0,1.4473888874053955,2.7398648262023926,11.750828742980955,18.869855880737305
pocketxmol_ehmt1_sma_atlas_ext,use,sbdd,,NC(=O)c1cn(-c2ccccc3c4nc5cc(O)ccc5c(C(N)=O)c4nc2-3)nn1,,536.sdf,0,1.381824016571045,2.6174893379211426,9.609195709228516,17.777332305908203
pocketxmol_ehmt1_sma_atlas_ext,use,sbdd,,Nc1nc2c(ncn2CC(COP(=O)(O)OP(=O)(O)O)OP(=O)(O)O)c(=O)[nH]1,,537.sdf,0,1.3077239990234375,2.531830072402954,10.97136402130127,18.661808013916016
pocketxmol_ehmt1_sma_atlas_ext,use,sbdd,,O=c1nc2[nH]c3c(nc-2c(=O)[nH]1)C(O)C(N[SH](=O)(O)c1cccc(C(F)(F)F)c1)CC3,,538.sdf,0,1.4586443901062012,2.6726253032684326,10.941460609436035,18.72417259216309
pocketxmol_ehmt1_sma_atlas_ext,use,sbdd,,Oc1cnc2c(CNc3ccn4ccnc4c3)cccc2c1OCc1ccc(Cl)cc1,,539.sdf,0,1.3994728326797483,2.670398473739624,10.16231918334961,18.245983123779297
pocketxmol_ehmt1_sma_atlas_ext,use,sbdd,,Nc1nc(N=NCc2ccc(F)cc2)c2nnc(Nc3ccccc3)nc2n1,,540.sdf,0,1.4280163049697876,2.817653179168701,11.180901527404783,18.493825912475582
pocketxmol_ehmt1_sma_atlas_ext,use,sbdd,,Nc1c(C2OC(CP(=O)(ONP(=O)(O)O)OP(=O)(O)O)C(O)C2O)nc(O)[nH]c1=O,,541.sdf,0,1.2578366994857788,2.6626880168914795,10.407485961914062,19.10646629333496
pocketxmol_ehmt1_sma_atlas_ext,use,sbdd,,Cc1ccc(-c2nc3c(=O)nc(N)[nH]c3nc2C(=O)C(O)CCOP(=O)(O)O)c(C)c1C,,542.sdf,0,1.362113356590271,2.651259422302246,9.75672721862793,18.457883834838867
pocketxmol_ehmt1_sma_atlas_ext,use,sbdd,,Nc1nc(=O)c(Nc2c3ccccc3[nH+]c3c(Nc4nccc[nH+]4)cccc23)c[nH]1,,543.sdf,0,1.4503991603851318,2.738041400909424,11.18153190612793,18.41506576538086
pocketxmol_ehmt1_sma_atlas_ext,use,sbdd,,CC(=O)NC1C(O)C(O)C(NC2=NC3=NC(N)=NC(=O)C3=N2)C(O)C1O[PH](O)(O)O,,544.sdf,0,1.215420484542847,2.538543462753296,10.87392234802246,18.659090042114254
pocketxmol_ehmt1_sma_atlas_ext,use,sbdd,,COc1ccc(-c2nc(C(=O)c3ccccc3)c3ccccc3n2)cc1O,,545.sdf,0,1.523632526397705,2.8638112545013428,11.54185676574707,18.556228637695312
pocketxmol_ehmt1_sma_atlas_ext,use,sbdd,,Nc1ncn(C2OC(OP(=O)(O)O)C(COP(=O)(O)OP(=O)(O)O)C2O)c2ncnc1-2,,546.sdf,0,1.320370078086853,2.6348869800567627,10.99582576751709,18.725811004638672
pocketxmol_ehmt1_sma_atlas_ext,use,sbdd,,,bad,547-bad.sdf,0,1.407110571861267,2.677398920059204,10.627890586853027,18.13595962524414
pocketxmol_ehmt1_sma_atlas_ext,use,sbdd,,CC1=CN(c2ccccn2)C2=NC3=NC(N)=Cn4cnnc4C3=NN12,,548.sdf,0,1.388827204704285,2.579474449157715,8.390188217163086,17.39981460571289
pocketxmol_ehmt1_sma_atlas_ext,use,sbdd,,CC(C)CNC(=O)N1CCC(Oc2cccc(-c3n[nH]c(-c4ccco4)n3)c2)CC1,,549.sdf,0,1.324547290802002,2.6958532333374023,10.601130485534668,19.214731216430664
pocketxmol_ehmt1_sma_atlas_ext,use,sbdd,,O=C(COC(O)c1cc(O)cnc1Nc1cccc2ccccc12)Nc1nccnn1,,550.sdf,0,1.4137006998062134,2.628680944442749,9.93997573852539,18.3033447265625
pocketxmol_ehmt1_sma_atlas_ext,use,sbdd,,O=C(NCc1nnn[nH]1)c1cn(-c2ccccc2)[nH+]c1-c1ccc[nH+]c1,,551.sdf,0,1.4037415981292725,2.7544169425964355,10.747095108032227,18.541976928710938
pocketxmol_ehmt1_sma_atlas_ext,use,sbdd,,NC(=O)c1cc(Nc2ccccc2F)cc2c1oc(=O)c1c(O)nccc12,,552.sdf,0,1.4100613594055176,2.7024059295654297,9.351120948791504,18.070749282836914
pocketxmol_ehmt1_sma_atlas_ext,use,sbdd,,Oc1cccc(-c2cc(-c3ccccc3)c3nc(-c4ccncc4)nn3c2)c1,,553.sdf,0,1.520877718925476,2.8998167514801025,10.711092948913574,18.44962501525879
pocketxmol_ehmt1_sma_atlas_ext,use,sbdd,,Nc1nccc(CCCN(C(=O)N2CCOCC2)c2ccc([N+](=O)O)cc2)n1,,554.sdf,0,1.3616300821304321,2.7156662940979004,10.609295845031738,18.60293960571289
pocketxmol_ehmt1_sma_atlas_ext,use,sbdd,,Nc1ncnc2c1ncn2C1OC(CO[PH](=O)O)C2OC21.O=P(O)(O)NP(=O)(O)O,incomp,555-incomp.sdf,0,1.239956021308899,2.5182759761810303,11.341607093811035,18.46282196044922
pocketxmol_ehmt1_sma_atlas_ext,use,sbdd,,O=C(NCc1cccc2ncnn2c1=O)c1cccc(-c2ccccn2)c1,,556.sdf,0,1.3622561693191528,2.6798226833343506,9.98487377166748,18.206899642944336
pocketxmol_ehmt1_sma_atlas_ext,use,sbdd,,CN(C)c1ccc2nc(NCCc3ccccc3)c3nc(N)ncc3c2c1,,557.sdf,0,1.4512853622436523,2.837924003601074,10.698078155517578,18.151884078979492
pocketxmol_ehmt1_sma_atlas_ext,use,sbdd,,COc1ccc(CC(c2cc(C(=O)O)[nH]n2)[N+]2=CN=C3C(=O)N=CN=C32)cc1O,,558.sdf,0,1.3835104703903198,2.615427017211914,10.8746976852417,18.496763229370117
pocketxmol_ehmt1_sma_atlas_ext,use,sbdd,,O=P(O)(O)OCC(c1cnc2ncnc(O)c2n1)C1COP(=O)(O)OP(=O)(O)O1,,559.sdf,0,1.2686604261398315,2.5201380252838135,10.584999084472656,18.4300594329834
pocketxmol_ehmt1_sma_atlas_ext,use,sbdd,,,bad,560-bad.sdf,0,1.3983250856399536,2.7892727851867676,11.219881057739258,18.73589515686035
pocketxmol_ehmt1_sma_atlas_ext,use,sbdd,,Nc1ncnc2c1ncn2C1OC1C(COP(=O)(O)O)OP(=O)(O)NP(=O)(O)O,,561.sdf,0,1.2184768915176392,2.28554368019104,10.347597122192383,17.9207706451416
pocketxmol_ehmt1_sma_atlas_ext,use,sbdd,,COc1cc(CNc2nc3c4cccnc4n(C)c3c3ccccc23)ccc1O,,562.sdf,0,1.4676518440246582,2.811429500579834,11.67447566986084,18.29397201538086
pocketxmol_ehmt1_sma_atlas_ext,use,sbdd,,O=CN(COP(=O)(O)O)c1nc2[nH]c(=O)ncc2n1Cc1ccc(O)cc1,,563.sdf,0,1.3441379070281982,2.723965644836426,11.115594863891602,18.34077262878418
pocketxmol_ehmt1_sma_atlas_ext,use,sbdd,,O=S1(=O)Nc2cccc(c2)Nc2ncnc3ccc(nc23)-c2nccc1n2,,564.sdf,0,1.451836109161377,2.8364291191101074,10.668147087097168,18.88288116455078
pocketxmol_ehmt1_sma_atlas_ext,use,sbdd,,O=C(O)c1ccc(-[n+]2cnc(-c3ccc(O)c(O)c3)cc2O)cc1,,565.sdf,0,1.4549185037612915,2.7333920001983643,9.711186408996582,18.068727493286133
pocketxmol_ehmt1_sma_atlas_ext,use,sbdd,,Nc1ncnc2c1ccc1c(C(=O)NCC(=O)O)c(-c3ccc(O)cc3)cn12,,566.sdf,0,1.3940738439559937,2.709773302078247,10.502348899841309,18.382471084594727
pocketxmol_ehmt1_sma_atlas_ext,use,sbdd,,Oc1ccc2c(Nc3cccc(O)c3O)cc(-c3ccccc3)nc2c1,,567.sdf,0,1.4152957201004028,2.7777464389801025,10.593293190002441,18.261444091796875
pocketxmol_ehmt1_sma_atlas_ext,use,sbdd,,CN(C)C(=O)c1ccc(-c2nn3c4ccccc4nc3c3cnc(N)nc23)cc1,,568.sdf,0,1.511014699935913,2.7373600006103516,10.838044166564941,18.26055908203125
pocketxmol_ehmt1_sma_atlas_ext,use,sbdd,,CN(Cc1ccc2ccc3ccccc3c2c1)C(=O)c1ccc([N+](=O)O)cc1,,569.sdf,0,1.4617493152618408,2.673858165740967,9.70815372467041,17.899272918701172
pocketxmol_ehmt1_sma_atlas_ext,use,sbdd,,O=C(O)c1cccc(CN(CCP(=O)(O)O)c2cnc3c(=O)nc[nH]c3n2)c1,,570.sdf,0,1.4120323657989502,2.738114595413208,10.928903579711914,18.353160858154297
pocketxmol_ehmt1_sma_atlas_ext,use,sbdd,,Nc1ncnc2c1ncn2C1OC(COP(=O)(O)O)C(OP(=O)(O)O)C1O,,571.sdf,0,1.328955888748169,2.608711004257202,11.758392333984375,18.632308959960938
pocketxmol_ehmt1_sma_atlas_ext,use,sbdd,,O=Cn1nc(-c2ccccc2)c2ncc(-c3ccc(O)cc3)nc2c1=O,,572.sdf,0,1.4933841228485107,2.8730885982513428,11.063379287719727,18.489145278930664
pocketxmol_ehmt1_sma_atlas_ext,use,sbdd,,Nc1ncnc2nc(CCc3cc4[nH]c(=O)[nH]c(=O)c4c4cc(O)ccc34)ccc12,,573.sdf,0,1.4666509628295898,2.679710626602173,9.74294376373291,18.020614624023438
pocketxmol_ehmt1_sma_atlas_ext,use,sbdd,,CCN(Cc1ccccc1)C(=O)Nc1ccc(-c2ccccc2)cc1,,574.sdf,0,1.370834469795227,2.8863534927368164,10.748405456542969,19.166793823242188
pocketxmol_ehmt1_sma_atlas_ext,use,sbdd,,NC(=O)CCc1ccc(Nc2nc(O)nc3c2ncn3CCc2ccc(O)cc2)cc1,,575.sdf,0,1.3772164583206177,2.7446672916412354,10.728851318359375,18.6728515625
pocketxmol_ehmt1_sma_atlas_ext,use,sbdd,,Nc1nccc(-c2cccc3nc(Oc4ccc(O)cc4)cnc23)n1,,576.sdf,0,1.4638912677764893,2.7268238067626953,10.704916954040527,17.822914123535156
pocketxmol_ehmt1_sma_atlas_ext,use,sbdd,,O=[N+](O)c1cccc(C=Nc2ccc(S(=O)(=O)O)cc2S(=O)(=O)O)c1,,577.sdf,0,1.4457992315292358,2.8105380535125732,10.174788475036621,18.61898422241211
pocketxmol_ehmt1_sma_atlas_ext,use,sbdd,,CC(NCC(CO)n1cncn1)NC(=O)c1ccc(Nc2cccnc2F)nc1,,578.sdf,0,1.3431706428527832,2.6470322608947754,9.890860557556152,18.772069931030273
pocketxmol_ehmt1_sma_atlas_ext,use,sbdd,,Oc1cnc2c(c1)N=C(c1cnc3[nH+]c(O)ncc3c1)C=C(Cc1ccccc1)N2,,579.sdf,0,1.4247294664382935,2.74845814704895,9.424918174743652,18.14655303955078
pocketxmol_ehmt1_sma_atlas_ext,use,sbdd,,O=C(O)c1cc2cc(O)c(O)cc2c2c(=O)c3c(O)c(O)c(O)cc3oc12,,580.sdf,0,1.4089019298553467,2.5131092071533203,10.230100631713867,17.487567901611328
pocketxmol_ehmt1_sma_atlas_ext,use,sbdd,,Nc1ncnc2c1ncn2C1COP(=O)(O)OP(=O)(O)C(COP(=O)(O)O)O1,,581.sdf,0,1.1967202425003052,2.449469804763794,11.195867538452148,18.093050003051758
pocketxmol_ehmt1_sma_atlas_ext,use,sbdd,,CN1CCC(Nc2nccc(NCCc3cccnc3)c2[N+](=O)O)CC1,,582.sdf,0,1.3311959505081177,2.692920207977295,10.324914932250977,18.290931701660156
pocketxmol_ehmt1_sma_atlas_ext,use,sbdd,,O=C(O)c1ccc2c(NC(c3ccccc3)n3cc(-c4ccccc4)cn3)ccnc2n1,,583.sdf,0,1.439820408821106,2.77665638923645,10.46839714050293,18.827491760253906
pocketxmol_ehmt1_sma_atlas_ext,use,sbdd,,O=C(O)C1Cc2cc(-c3ccc(O)cc3)cc([N+](=O)O)c2C(COP(=O)(O)O)N1,,584.sdf,0,1.2837562561035156,2.3718340396881104,8.904717445373535,18.184127807617188
pocketxmol_ehmt1_sma_atlas_ext,use,sbdd,,NC(=O)C1=NN(Cc2cnc3ccccc3c2)C(=O)C(C(=O)O)N1,,585.sdf,0,1.379563808441162,2.5493462085723877,10.189348220825195,18.030481338500977
pocketxmol_ehmt1_sma_atlas_ext,use,sbdd,,Nc1ncnc2c1ncn2C1OC(C(COP(=O)(O)O)OP(=O)(O)O)C(O)C1O,,586.sdf,0,1.3140226602554321,2.4328508377075195,11.412731170654297,18.330841064453125
pocketxmol_ehmt1_sma_atlas_ext,use,sbdd,,Nc1ncnc2c1ncn2C1OC(COP(=O)(O)OP(=O)(O)O)C(O)C1O,,587.sdf,0,1.3671958446502686,2.6284608840942383,11.550317764282227,18.451318740844727
pocketxmol_ehmt1_sma_atlas_ext,use,sbdd,,CC(P(=O)(O)O)P(=O)(O)OC(=O)CC1OC([N+]2=CN=C3C(=O)N=C(N)N=C32)C(O)C1O,,588.sdf,0,1.3118096590042114,2.6109890937805176,10.684146881103516,18.947586059570312
pocketxmol_ehmt1_sma_atlas_ext,use,sbdd,,O=C(O)c1cc2c3c(c4c(ccc5cc(C(=O)O)ccc54)cc3c1)N=N2,,589.sdf,0,1.499301552772522,2.69848895072937,8.591299057006836,17.44911766052246
pocketxmol_ehmt1_sma_atlas_ext,use,sbdd,,Nc1ncnc2c1ncn2C(OP(=O)(O)O)C(O)C(O)C(O)CO[PH](O)(O)O,,590.sdf,0,1.2812790870666504,2.374965190887451,11.03371524810791,18.018381118774414
pocketxmol_ehmt1_sma_atlas_ext,use,sbdd,,O=C(O)COc1cccc(C(=O)N2CCCN(c3nc[nH]c4ncnc3-4)C2)c1,,591.sdf,0,1.328619122505188,2.6852457523345947,10.863981246948242,18.465059280395508
pocketxmol_ehmt1_sma_atlas_ext,use,sbdd,,COC(=O)c1cc2cc(O)ccc2nc1NC(=O)Nc1ccc(C#N)cc1,,592.sdf,0,1.390730381011963,2.6259090900421143,10.718999862670898,18.25408935546875
pocketxmol_ehmt1_sma_atlas_ext,use,sbdd,,CN1C=C(CNc2cccnc2)N(O)c2c(Nc3ccc(Cl)cc3)ncnc21,,593.sdf,0,1.3815041780471802,2.679227828979492,10.190694808959961,18.05348777770996
pocketxmol_ehmt1_sma_atlas_ext,use,sbdd,,OC(=Nc1cccc(Cn2cc(-c3ccccc3)nn2)c1)c1cnccn1,,594.sdf,0,1.399511694908142,2.7316064834594727,10.75029468536377,18.52083396911621
pocketxmol_ehmt1_sma_atlas_ext,use,sbdd,,Nc1ncnc2c1ncn2C1OC(CCOP(=O)(O)O[PH](O)(O)O)C(O)C1O,,595.sdf,0,1.2748256921768188,2.6632423400878906,11.308488845825195,18.757226943969727
pocketxmol_ehmt1_sma_atlas_ext,use,sbdd,,O=C(c1cc2ccccc2n2nc(-c3ccccc3)nc12)N1CCOCC1,,596.sdf,0,1.477614164352417,2.839141607284546,11.642836570739746,18.411865234375
pocketxmol_ehmt1_sma_atlas_ext,use,sbdd,,OC(=NCCC(Oc1ccc2ccccc2c1)c1ccccn1)c1cnc(O)cn1,,597.sdf,0,1.3319281339645386,2.6790242195129395,9.985299110412598,18.32050132751465
pocketxmol_ehmt1_sma_atlas_ext,use,sbdd,,Nc1nc(Nc2cccc(-c3nn(Cc4ccccc4)c[s+]3)c2)c2cccnc2n1,,598.sdf,0,1.4767740964889526,2.860684633255005,11.181483268737793,18.81734275817871
pocketxmol_ehmt1_sma_atlas_ext,use,sbdd,,CC(N)C(=O)Nc1cccc2c1N=C1NC(N)=NC=C1C(NCC(C)(C)O)=N2,,599.sdf,0,1.3411049842834473,2.4530816078186035,9.884958267211914,18.13199806213379
