target,ligand,simulation_ns,status,n_atoms,ns_per_day,force_field,water_model,completed_utc,lane,hardware
DNM1L,Cc1cc(C(F)(F)F)nc(N2CCN(C(=O)C3CCCO3)CC2)n1,100.00,stable,817524,78.62,amber14sb,tip3p,2026-08-16,compound,brev-h100
DNM1L,Cc1ccnc(C(=O)N2CCC[C@@H](NC(=O)c3occc3C)[C@H]2C)c1,100.00,stable,818108,78.02,amber14sb,tip3p,2026-08-16,compound,brev-h100
DNM1L,CC1CN(C(=O)Nc2cc(F)cc(F)c2)CC2(CCCOC2)O1,100.00,stable,823285,78.93,amber14sb,tip3p,2026-08-16,compound,brev-h100
DNM1L,CCc1nc2n(n1)CCCC2NC1CCN(c2ccccc2)C1=O,100.00,stable,858990,74.14,amber14sb,tip3p,2026-08-16,compound,brev-h100
DNM1L,O=C(CC1CCCO1)N1CCC(c2nc3ccccc3o2)CC1,100.00,stable,834913,76.71,amber14sb,tip3p,2026-08-15,compound,brev-h100
DNM1L,CC(C)(NC(=O)c1cnc2ccc(F)cc2c1)C1CCOCC1,100.00,stable,811986,79.39,amber14sb,tip3p,2026-08-15,compound,brev-h100
DNM1L,O=C(NC1CC12CCOCC2)c1ccc(OC(F)(F)F)cc1,100.00,stable,798157,82.17,amber14sb,tip3p,2026-08-15,compound,brev-h100
KEAP1,C[C@H](NC(=O)C[C@@H]1COCCO1)c1cnc2ccccc2c1,100.00,stable,448264,149.35,amber14sb,tip3p,2026-08-15,compound,brev-h100
KEAP1,O=C1[C@@H]2[C@H]3C=C[C@H](O3)[C@@H]2C(=O)N1c1ccccc1,100.00,stable,433717,155.49,amber14sb,tip3p,2026-08-15,compound,brev-h100
KEAP1,CC[C@@H]1CN(C(=O)c2ccc(C#N)cc2)CCO1,100.00,stable,288153,229.45,amber14sb,tip3p,2026-08-15,compound,brev-h100
KEAP1,CC(C)(C)C(=O)NC[C@@H]1CCN(c2nccn3ccnc23)C1,100.00,stable,286341,228.90,amber14sb,tip3p,2026-08-14,compound,brev-h100
PGK1,CCc1cc(C(=O)N2CCC3(CCC3)CC2)ccc1-c1nn[nH]n1,100.00,stable,78791,600.48,amber14sb,tip3p,2026-08-14,compound,brev-h100
PGK1,Cc1nc(Cc2ccc(C3CCOCC3)cc2)nc2c1CNCC2,100.00,stable,76839,588.75,amber14sb,tip3p,2026-08-14,compound,brev-h100
PGK1,Cc1nc2c(c(-c3ccc(C4CCNCC4)cc3)n1)CN(C)CC2,100.00,stable,69854,618.73,amber14sb,tip3p,2026-08-14,compound,brev-h100
PGK1,Cc1nc(-c2ccc(C3CCOCC3)cc2)cc(N2CCNC2=O)n1,100.00,stable,77443,594.89,amber14sb,tip3p,2026-08-14,compound,brev-h100
PGK1,O=C1C[C@@H](c2cncc(-c3ccc4c(c3)CCOC4)c2)CN1,100.00,stable,78841,592.10,amber14sb,tip3p,2026-08-14,compound,brev-h100
PGK1,O=C1C[C@@H](Cc2cccc(-c3cc4c(cn3)COCC4)c2)CN1,100.00,stable,69867,613.93,amber14sb,tip3p,2026-08-14,compound,brev-h100
PGK1,CN1CCC(c2ccc(-c3cc([C@H]4CNC(=O)C4)ccn3)cc2)CC1,100.00,stable,78399,602.82,amber14sb,tip3p,2026-08-14,compound,brev-h100
PGK1,CN1CCC(c2ccc(-c3cccc([C@@H]4CNC(=O)C4)c3)nc2)CC1,100.00,stable,69913,626.54,amber14sb,tip3p,2026-08-14,compound,brev-h100
PGK1,CNC(=O)c1cc(-c2cncc(C3CCOCC3)c2)ccc1Cl,100.00,stable,78574,597.81,amber14sb,tip3p,2026-08-14,compound,brev-h100
PGK1,CC1(C)CNc2c(ncnc2-c2nc(N)c3c(n2)CCC3)C1,100.00,stable,79608,592.12,amber14sb,tip3p,2026-08-14,compound,brev-h100
PGK1,CN1CCC(c2ccc(-c3cncn3[C@H]3CCNC3=O)cc2)CC1,100.00,stable,78996,597.78,amber14sb,tip3p,2026-08-14,compound,brev-h100
PGK1,O=C(c1cnn2c(C(F)F)cc(-c3ccncc3)nc12)N1CCOCC1,100.00,stable,75554,595.62,amber14sb,tip3p,2026-08-14,compound,brev-h100
PGK1,N#Cc1ccc2c(c1)[C@@H](CC(=O)N1CCc3ccccc3C1)C(=O)N2,100.00,stable,79533,600.28,amber14sb,tip3p,2026-08-14,compound,brev-h100
PGK1,O=C1C[C@H](c2cncc(-c3ccc([C@H]4CCOC4)cc3)c2)CN1,100.00,stable,74229,611.29,amber14sb,tip3p,2026-08-14,compound,brev-h100
PGK1,CN(C)C(=O)Oc1ccccc1-c1ccc2c(c1)C(=O)NCC2,100.00,stable,79220,595.54,amber14sb,tip3p,2026-08-14,compound,brev-h100
PGK1,O=C(c1cnn2c(C(F)F)cc(-c3ccccn3)nc12)N1CCOCC1,100.00,stable,78896,596.38,amber14sb,tip3p,2026-08-14,compound,brev-h100
PGK1,O=C1C[C@@H](c2cncc(-c3cccc([C@@H]4CCOC4)c3)c2)CN1,100.00,stable,78566,602.09,amber14sb,tip3p,2026-08-14,compound,brev-h100
PGK1,Cc1cc(C(N)=O)cc(C(=O)Nc2cc(F)c(F)cc2C)c1,100.00,stable,69798,616.39,amber14sb,tip3p,2026-08-14,compound,brev-h100
PGK1,O=C1Cc2ccc(-c3cc(CC4CCOCC4)ccn3)cc2CN1,100.00,stable,78377,598.49,amber14sb,tip3p,2026-08-14,compound,brev-h100
PGK1,Nc1nc2c(c(Nc3ncnc4c3CNCC4)n1)CCCC2,100.00,stable,69830,622.19,amber14sb,tip3p,2026-08-14,compound,brev-h100
PGK1,O=C1C[C@H](c2ccnc(-c3cccc(C4OCCO4)c3)c2)CN1,100.00,stable,79352,577.45,amber14sb,tip3p,2026-08-14,compound,brev-h100
PGK1,Cc1nc2c(c(-c3ccc(C4CCOCC4)cc3)n1)C[C@@H](C)O2,100.00,stable,77408,583.74,amber14sb,tip3p,2026-08-14,compound,brev-h100
PGK1,CN1CCN(C(=O)c2ccc3c(=O)n4c(nc3c2)CCC4)CC1,100.00,stable,66190,678.62,amber14sb,tip3p,2026-08-14,compound,brev-h100
PGK1,N#CCCCNC(=O)Nc1nccc(-c2ccccc2)n1,100.00,stable,81877,583.28,amber14sb,tip3p,2026-08-14,compound,brev-h100
PGK1,N#C[C@@]12CCC[C@@H]1CC[C@@H](NC(=O)c1ccc3ncccc3c1)C2,100.00,stable,75154,598.10,amber14sb,tip3p,2026-08-14,compound,brev-h100
PGK1,[H]N([H])C(=O)c1cnn2c3c(cnc12)C(=O)N1CCc2ccccc2C1C3,100.00,stable,78269,596.88,amber14sb,tip3p,2026-08-14,compound,brev-h100
PGK1,N#Cc1cnn2c3c(cnc12)C(=O)N1COc2ccccc2C1C3,100.00,stable,77796,591.67,amber14sb,tip3p,2026-08-14,compound,brev-h100
PGK1,N#Cc1ccc2c(c1)[C@H](CC(=O)N1CCc3cccc(F)c31)C(=O)N2,100.00,stable,78271,604.02,amber14sb,tip3p,2026-08-14,compound,brev-h100
PGK1,Cc1ccc2c(c1)[C@H](CC(=O)N1CC(c3ccc(C#N)cc3F)C1)C(=O)N2,100.00,stable,78792,597.14,amber14sb,tip3p,2026-08-14,compound,brev-h100
PGK1,O=C1C[C@H](c2cc(-c3ccc4c(c3)CCOC4)ncn2)CN1,100.00,stable,74968,598.95,amber14sb,tip3p,2026-08-14,compound,brev-h100
PGK1,O=C1NCCc2nc(-c3cccc(C4CCOCC4)c3)ccc21,100.00,stable,77609,583.57,amber14sb,tip3p,2026-08-14,compound,brev-h100
PGK1,Cc1ccc(C(=O)N2CCC(C#N)CC2)cc1NC(=O)c1ccccc1,100.00,stable,69892,608.08,amber14sb,tip3p,2026-08-14,compound,brev-h100
PGK1,O=C1Cc2cc(-c3cccc(C4CCOCC4)c3)cnc2CN1,100.00,stable,78206,607.24,amber14sb,tip3p,2026-08-14,compound,brev-h100
PGK1,NC(=O)c1cncc(-c2cccc(C3CCOCC3)c2)c1,100.00,stable,69923,626.51,amber14sb,tip3p,2026-08-13,compound,brev-h100
PGK1,Cc1cc(-c2cc(C)nc(C)n2)cc(C2CCOCC2)c1,100.00,stable,69873,618.45,amber14sb,tip3p,2026-08-13,compound,brev-h100
PGK1,O=C1NCC2(CCN(C(=O)c3cccc(-c4ccc(F)cc4)c3)CC2)O1,100.00,stable,77587,582.56,amber14sb,tip3p,2026-08-13,compound,brev-h100
PGK1,N#C[C@@]12CCC[C@H]1CN(C(=O)Cc1ccc3c(c1)NC(=O)[C@]31CCCO1)CC2,100.00,stable,77542,585.59,amber14sb,tip3p,2026-08-13,compound,brev-h100
PGK1,Cn1c2[n+]([O-])c3ccc(F)cc3c(=O)c-2c2n1C(=O)NCC2,100.00,stable,79050,597.10,amber14sb,tip3p,2026-08-13,compound,brev-h100
PGK1,N#Cc1ccc2c(c1)[C@@H](CC(=O)N1CCOc3ccc(F)cc31)C(=O)N2,100.00,stable,77268,586.38,amber14sb,tip3p,2026-08-13,compound,brev-h100
PGK1,CCN(C)C(=O)c1cccc(-c2ccc3c(c2)CCC(=O)N3)c1,100.00,stable,80595,590.80,amber14sb,tip3p,2026-08-13,compound,brev-h100
PGK1,Cn1c2[n+]([O-])c3ccc(Cl)cc3c(=O)c-2c2n1C(=O)NCO2,100.00,stable,78566,606.66,amber14sb,tip3p,2026-08-13,compound,brev-h100
PGK1,C[C@@]1(c2ccc(CC(=O)N3CCC[C@@]4(C#N)CCC[C@H]34)cc2)COC(=O)N1,100.00,stable,69906,618.19,amber14sb,tip3p,2026-08-13,compound,brev-h100
PGK1,O=C1NCC[C@@H]1n1nccc1-c1ccc(C2CCNCC2)cc1,100.00,stable,79311,602.29,amber14sb,tip3p,2026-08-13,compound,brev-h100
PGK1,Cn1ncc2c1CCN(C(=O)CC[C@H]1Cc3cc(C#N)ccc3NC1=O)C2,100.00,stable,74278,583.76,amber14sb,tip3p,2026-08-13,compound,brev-h100
PGK1,N#Cc1ccc2c(c1)C[C@H](CCC(=O)N1CCc3ncncc3C1)C(=O)N2,100.00,stable,79759,591.27,amber14sb,tip3p,2026-08-13,compound,brev-h100
PGK1,O=C1NCC[C@@H]1c1cccc(-c2cc(C3CCOCC3)ccn2)c1,100.00,stable,77966,602.09,amber14sb,tip3p,2026-08-13,compound,brev-h100
PGK1,CC(=O)c1cccc(-c2c(-c3ccc4nccnc4c3)n(C)n(C)c2=O)c1,100.00,stable,79101,595.47,amber14sb,tip3p,2026-08-13,compound,brev-h100
PGK1,C[C@@]1(c2ccc(C(=O)N3CC[C@]4(C#N)CCCC[C@@H]4C3)cc2)COC(=O)N1,100.00,stable,69870,619.29,amber14sb,tip3p,2026-08-13,compound,brev-h100
PGK1,Cc1nc(-c2ccc(C3CCOCC3)cc2)cc(C(F)(F)F)n1,100.00,stable,70083,612.73,amber14sb,tip3p,2026-08-13,compound,brev-h100
PGK1,COc1cc(C(N)=O)cc(-c2cc3c(nn2)CCCC3)c1,100.00,stable,63406,686.53,amber14sb,tip3p,2026-08-13,compound,brev-h100
PGK1,[H]N(C)/C=C/C(=O)c1nn(-c2cc(C)cc(C)c2)c(=O)n(C)c1=O,100.00,stable,69848,614.31,amber14sb,tip3p,2026-08-13,compound,brev-h100
PGK1,Cc1cc(C(=O)N[C@H](C)c2nnc3n2CCCC3)cc2c1CCC2,100.00,stable,78028,601.29,amber14sb,tip3p,2026-08-13,compound,brev-h100
PGK1,O=C1Cc2cc(-c3cc(C4CCOCC4)ccn3)ccc2CN1,100.00,stable,78209,597.82,amber14sb,tip3p,2026-08-13,compound,brev-h100
PGK1,Cc1ccc(C(=O)N2CCC(C#N)CC2)cc1NC(=O)C1CCCCC1,100.00,stable,69910,619.08,amber14sb,tip3p,2026-08-13,compound,brev-h100
PGK1,O=C1C[C@H](c2cc(-c3ccc(C4CCOCC4)cc3)ccn2)CN1,100.00,stable,69897,619.91,amber14sb,tip3p,2026-08-13,compound,brev-h100
PGK1,NC(=O)C1CCN(C(=O)c2ccc(-c3ccc(F)cc3)cc2)CC1,100.00,stable,79003,599.48,amber14sb,tip3p,2026-08-13,compound,brev-h100
PGK1,CN(C(=O)c1cc(-c2ccccc2)ccc1Cl)[C@H]1CCC(=O)NC1,100.00,stable,78859,595.27,amber14sb,tip3p,2026-08-13,compound,brev-h100
PGK1,N#Cc1cccc(-c2ccc(C(=O)N3CCNCC3)cc2)c1,100.00,stable,79838,602.93,amber14sb,tip3p,2026-08-13,compound,brev-h100
PGK1,O=C1C[C@H](c2cccc(-c3cc(C4CCOCC4)ccn3)c2)C(=O)N1,100.00,stable,69810,613.95,amber14sb,tip3p,2026-08-13,compound,brev-h100
PGK1,CN1CCC(c2ccc(-c3nccnc3[C@H]3CCNC3=O)cc2)CC1,100.00,stable,79159,598.80,amber14sb,tip3p,2026-08-13,compound,brev-h100
PGK1,N#C[C@@]12CCC[C@H]1C[C@@H](NC(=O)Cc1ccc3c(c1)CCCC3=O)CC2,100.00,stable,69972,614.13,amber14sb,tip3p,2026-08-13,compound,brev-h100
PGK1,N#CCc1ccc(-c2cccc(C(=O)N3CCNCC3)c2)cc1,100.00,stable,78355,603.95,amber14sb,tip3p,2026-08-13,compound,brev-h100
PGK1,CN(C(=O)c1cc(C#N)cc(-c2ccccc2)c1)[C@@H]1CCC(=O)C1,100.00,stable,69926,619.36,amber14sb,tip3p,2026-08-13,compound,brev-h100
KEAP1,Cc1cc(-c2nccnc2[C@H]2CCCNC2)n[nH]1,100.00,stable,572848,115.82,amber14sb,tip3p,2026-08-13,compound,brev-h100
PGK1,N#C[C@]12CCC[C@@H]1N(C(=O)Cc1ccc3c(c1)CCC(=O)N3)CCC2,100.00,stable,69875,612.17,amber14sb,tip3p,2026-08-13,compound,brev-h100
PGK1,O=C1C[C@H](c2cccc(-c3cncc(C4CCOCC4)c3)c2)CN1,100.00,stable,79812,590.91,amber14sb,tip3p,2026-08-13,compound,brev-h100
PGK1,O=C1C[C@H](c2cccc(-c3cc(C4CCOCC4)ccn3)c2)CN1,100.00,stable,80016,595.84,amber14sb,tip3p,2026-08-13,compound,brev-h100
PGK1,N#Cc1ccc2c(c1)CCN2C(=O)C[C@H]1Cc2ccccc2NC1=O,100.00,stable,78304,602.98,amber14sb,tip3p,2026-08-13,compound,brev-h100
PGK1,O=C1NCC[C@H]1n1cc(-c2ccc(C3CCNCC3)cc2)cn1,100.00,stable,69858,614.60,amber14sb,tip3p,2026-08-13,compound,brev-h100
PGK1,N#Cc1cnc2c(c1)CN(C(=O)CC[C@H]1Cc3ccccc3NC1=O)CC2,100.00,stable,77610,581.38,amber14sb,tip3p,2026-08-13,compound,brev-h100
PGK1,O=C1C[C@H](n2ccc(-c3cccc(C4CCOCC4)c3)n2)CN1,100.00,stable,78884,602.77,amber14sb,tip3p,2026-08-13,compound,brev-h100
PGK1,N#Cc1ccc2c(c1)CN(C(=O)[C@@H]1CC(c3ccccc3)=NO1)C2,100.00,stable,77719,587.08,amber14sb,tip3p,2026-08-13,compound,brev-h100
PGK1,Cc1cc(C2CCOCC2)cc(-c2cccc(C(N)=O)c2)n1,100.00,stable,79425,601.75,amber14sb,tip3p,2026-08-13,compound,brev-h100
PGK1,O=C(c1cc(F)c2ccccc2c1)N1CCOC2(CCCOC2)C1,100.00,stable,77919,583.73,amber14sb,tip3p,2026-08-13,compound,brev-h100
PGK1,Cc1cc(-c2ccc(C3CCOCC3)cc2)n([C@H]2CCNC2=O)n1,100.00,stable,81312,592.35,amber14sb,tip3p,2026-08-13,compound,brev-h100
PGK1,C[C@H](NC(=O)c1cc(C#N)c2c(c1)CCC2)c1nnc2n1CCC2,100.00,stable,77460,588.58,amber14sb,tip3p,2026-08-13,compound,brev-h100
PGK1,Cc1cc(C(=O)N2CCC(O)(Cc3ccccc3)CC2)ccc1C#N,100.00,stable,81147,587.46,amber14sb,tip3p,2026-08-13,compound,brev-h100
PGK1,N#Cc1cc(-c2ccc(N3CCOCC3)cc2)ccc1C(N)=O,100.00,stable,78997,599.65,amber14sb,tip3p,2026-08-13,compound,brev-h100
KEAP1,O=C1CCC[C@H]2[C@@H]3CCCN4CCC[C@@H](CN12)[C@H]34,100.00,stable,465969,145.84,amber14sb,tip3p,2026-08-13,compound,brev-h100
KEAP1,Cc1nc(C(=O)N2CC[C@@H](c3cc[nH]n3)C2)co1,100.00,stable,267517,242.66,amber14sb,tip3p,2026-08-13,compound,brev-h100
PGK1,Cc1ccc2c(c1)[C@H](CC(=O)N1CC(=O)N(C)c3ccccc31)C(=O)N2,100.00,stable,69831,612.90,amber14sb,tip3p,2026-08-13,compound,brev-h100
PGK1,Cc1cccc2cc(C(=O)NCCC(=O)N3CCOCC3)ccc12,100.00,stable,69897,624.77,amber14sb,tip3p,2026-08-12,compound,brev-h100
KEAP1,Cc1c[nH]nc1[C@@H]1CCCN1Cc1cnn(C)c1,100.00,stable,283897,228.86,amber14sb,tip3p,2026-08-12,compound,brev-h100
KEAP1,O=C(O)[C@@H]1CN(Cc2ccccc2)CC12CSC2,100.00,stable,504018,135.31,amber14sb,tip3p,2026-08-12,compound,brev-h100
PGK1,O=C(c1cnn(-c2ccc(F)cc2)n1)N1CCC2OCCCC2C1,100.00,stable,79468,597.73,amber14sb,tip3p,2026-08-12,compound,brev-h100
LDHA,O=C(C[C@@H]1CCOC1)Nc1ccccc1NC(=O)C(F)(F)F,100.00,stable,117080,495.44,amber14sb,tip3p,2026-08-12,compound,brev-h100
PGK1,N#Cc1ccc2c(c1)CN(C(=O)C[C@H]1C(=O)Nc3ccc(Br)cc31)C2,100.00,stable,75870,594.10,amber14sb,tip3p,2026-08-12,compound,brev-h100
PGK1,C[C@@]1(C2CCN(C(=O)c3cccc(CN4CCCC4=O)c3)CC2)COC(=O)N1,100.00,stable,81332,584.30,amber14sb,tip3p,2026-08-12,compound,brev-h100
PGK1,Cc1nc2c(c(-c3ccc(C(=O)NC4CC4)cc3)n1)CCCO2,100.00,stable,69849,616.51,amber14sb,tip3p,2026-08-12,compound,brev-h100
PGK1,Cc1c(NC(=O)C2(C#N)CCCCC2)cccc1C(=O)N(C)C,100.00,stable,79606,591.43,amber14sb,tip3p,2026-08-12,compound,brev-h100
PGK1,N#Cc1ccc2c(c1)N(C(=O)C[C@@H]1C(=O)Nc3cc(F)ccc31)CCO2,100.00,stable,80325,596.99,amber14sb,tip3p,2026-08-12,compound,brev-h100
PGK1,NC(=O)c1cn2c3c(nc(O)c2n1)-c1ccccc1C3,100.00,stable,78595,598.15,amber14sb,tip3p,2026-08-12,compound,brev-h100
PGK1,CNC(=O)c1ccccc1NC(=O)CC1(C#N)CCCCC1,100.00,stable,78745,599.62,amber14sb,tip3p,2026-08-12,compound,brev-h100
PGK1,COc1ccc2c(c1)N(C(=O)C[C@@H]1C(=O)Nc3cc(F)ccc31)CC(=O)N2,100.00,stable,76027,591.00,amber14sb,tip3p,2026-08-12,compound,brev-h100
PGK1,CN(C)C(=O)Cc1cccc(NC(=O)c2ccc3c(c2)C(=O)NC3)c1,100.00,stable,80107,588.22,amber14sb,tip3p,2026-08-12,compound,brev-h100
PGK1,N#Cc1cccc2c1CN(C(=O)C[C@@H]1C(=O)Nc3ccccc31)C2,100.00,stable,69896,618.61,amber14sb,tip3p,2026-08-12,compound,brev-h100
KEAP1,C[C@@H](NC(=O)Cc1ccccc1)c1cnn(C)c1,100.00,stable,291825,226.93,amber14sb,tip3p,2026-08-12,compound,brev-h100
LDHA,C[C@H]1CC(NC(=O)Cn2cc(C#N)c(=O)c3ccccc32)C[C@H](C)O1,100.00,stable,125175,464.80,amber14sb,tip3p,2026-08-12,compound,brev-h100
LDHA,O=C(N[C@@H]1CCS(=O)(=O)C1)C1(c2ccc(F)cc2)CCCC1,100.00,stable,107233,519.84,amber14sb,tip3p,2026-08-12,compound,brev-h100
PGK1,Cc1ccc2c(CC(=O)NCC(F)(F)F)cc(C)nc2c1,100.00,stable,79907,600.87,amber14sb,tip3p,2026-08-12,compound,brev-h100
PGK1,N#Cc1cc(Oc2ccc3c(c2)C(=O)NCC3)ccc1F,100.00,stable,69824,612.38,amber14sb,tip3p,2026-08-12,compound,brev-h100
PGK1,C[C@@H]1c2ccc(NC(=O)CCC(F)(F)F)cc2CC(=O)N1C,100.00,stable,79260,599.57,amber14sb,tip3p,2026-08-12,compound,brev-h100
PGK1,CN(C)C(=O)c1cccc(-c2ccc3c(c2)C(=O)NCC3)c1,100.00,stable,69918,620.71,amber14sb,tip3p,2026-08-12,compound,brev-h100
PGK1,Cc1cc2c(c(O[C@H](C)c3nnc4n3C[C@H](C)CC4)c1)NC(=O)CC2,100.00,stable,80493,591.44,amber14sb,tip3p,2026-08-12,compound,brev-h100
PGK1,N#Cc1ccc2c(c1)CCN(C(=O)Cc1cccc3c1CC(=O)N3)C2,100.00,stable,80141,589.57,amber14sb,tip3p,2026-08-12,compound,brev-h100
PGK1,CN1C(=O)c2ccc(C(=O)N[C@H]3CC[C@@]4(C#N)CCCC[C@@H]4C3)cc2C1=O,100.00,stable,69764,615.16,amber14sb,tip3p,2026-08-12,compound,brev-h100
PGK1,C[C@@H]1CCn2c(nnc2[C@H](C)Oc2ccc3c(c2)CCC(=O)N3)C1,100.00,stable,75371,600.63,amber14sb,tip3p,2026-08-12,compound,brev-h100
PGK1,C[C@@H](C(=O)NCC1(C#N)CCOCC1)c1ccc2ccccc2c1,100.00,stable,69915,619.37,amber14sb,tip3p,2026-08-12,compound,brev-h100
PGK1,CCc1nc(Oc2cccc3c2C(=O)NCC3)cc(C(C)C)n1,100.00,stable,79196,596.71,amber14sb,tip3p,2026-08-12,compound,brev-h100
PGK1,O=C1CC[C@@H](c2noc([C@@H]3CCO[C@H](c4ccccc4)C3)n2)CN1,100.00,stable,78526,596.76,amber14sb,tip3p,2026-08-12,compound,brev-h100
PGK1,Cn1nc([C@@H]2C[C@H]2C(=O)N2CCCC(c3n[nH]c(=O)o3)C2)c2ccccc21,100.00,stable,76514,580.77,amber14sb,tip3p,2026-08-12,compound,brev-h100
PGK1,Cc1cc(C#N)c(-c2cc(C(=O)NC(C)C)ccn2)cc1F,100.00,stable,79289,597.30,amber14sb,tip3p,2026-08-12,compound,brev-h100
PGK1,Cc1c(NC(=O)C2(C#N)CCCC2)cccc1C(=O)N(C)C,100.00,stable,69912,615.32,amber14sb,tip3p,2026-08-11,compound,brev-h100
PGK1,CC=1C=C(C=C2N=NNC12)C(=O)N3CCC=4C=C(C=CC43)N5CCCC5=O,100.00,stable,80628,586.55,amber14sb,tip3p,2026-08-11,compound,brev-h100
PGK1,N#Cc1ccc2c(c1)CN(C(=O)C[C@@H]1Cc3ccccc3NC1=O)C2,100.00,stable,78169,608.70,amber14sb,tip3p,2026-08-11,compound,brev-h100
PGK1,CNC(=O)CC1=NOC(=N1)C2CCC(=O)N(C2)C=3C=CC(C)=C(C)C3,100.00,stable,81549,571.72,amber14sb,tip3p,2026-08-11,compound,brev-h100
PGK1,N#Cc1ccc2c(c1)CCCN2C(=O)C[C@@H]1C(=O)Nc2ccccc21,100.00,stable,76733,585.33,amber14sb,tip3p,2026-08-11,compound,brev-h100
PGK1,N#C[C@@]12CC[C@H]1CCCN2C(=O)c1cccc(C=C2C=CC=CC2=O)c1,100.00,stable,69933,620.74,amber14sb,tip3p,2026-08-11,compound,brev-h100
PGK1,CN(C(=O)c1cccc(-c2cccc(C#N)c2)c1)[C@H]1CCCNC1=O,100.00,stable,77604,584.94,amber14sb,tip3p,2026-08-11,compound,brev-h100
PGK1,Cc1cc(C)c2nc(CN3CCC[C@@H](C(=O)O)C3)cc(C)c2c1,100.00,stable,79424,594.68,amber14sb,tip3p,2026-08-11,compound,brev-h100
PGK1,NC(=O)C1(C2CCN(C(=O)c3cccc(C4CCOCC4)c3)CC2)CCC1,100.00,stable,78885,602.18,amber14sb,tip3p,2026-08-11,compound,brev-h100
PGK1,CC(=O)C(C)(C)NC(=O)c1cc2c(C#N)ccc(F)c2nc1C,100.00,stable,69872,614.56,amber14sb,tip3p,2026-08-11,compound,brev-h100
PGK1,N#C[C@]12CCCC[C@H]1CN(C(=O)Cc1ccc3c(c1)C(=O)NC3=O)C2,100.00,stable,79046,594.02,amber14sb,tip3p,2026-08-11,compound,brev-h100
PGK1,O=C(c1ccc2c(c1)CCC2)N1CCC(N2CCNC2=O)CC1,100.00,stable,69757,609.73,amber14sb,tip3p,2026-08-11,compound,brev-h100
PGK1,O=C1CC[C@@H](Cc2nc([C@H]3CCc4ccccc4C3)no2)CN1,100.00,stable,74697,596.93,amber14sb,tip3p,2026-08-11,compound,brev-h100
PGK1,CN(C(=O)c1cc(F)cc(-c2ccccc2)c1)[C@H]1CCNC1=O,100.00,stable,69924,615.48,amber14sb,tip3p,2026-08-11,compound,brev-h100
PGK1,N#Cc1ccc2c(c1)CN(C(=O)CC1C(=O)Nc3ccccc31)C2,100.00,stable,76949,582.46,amber14sb,tip3p,2026-08-11,compound,brev-h100
PGK1,N#CC1CCC(NC(=O)CC2CC(=O)c3ccccc3C2)CC1,100.00,stable,79224,589.24,amber14sb,tip3p,2026-08-11,compound,brev-h100
PGK1,Cc1ccccc1C(=O)N[C@@H]1C[C@H]2CC[C@@H]1N2C(=O)c1ccccn1,100.00,stable,79246,593.57,amber14sb,tip3p,2026-08-11,compound,brev-h100
PGK1,NC(=O)Nc1ccccc1-c1ccc(Cl)c(C(N)=O)c1,100.00,stable,69895,621.07,amber14sb,tip3p,2026-08-11,compound,brev-h100
PGK1,N#Cc1ccc2c(c1)CCN(C(=O)C[C@@H]1C(=O)Nc3ccccc31)C2,100.00,stable,78993,597.47,amber14sb,tip3p,2026-08-11,compound,brev-h100
PGK1,Cc1cc2cc(NC(=O)CCC(F)F)cc(C)c2n(C)c1=O,100.00,stable,79366,604.33,amber14sb,tip3p,2026-08-11,compound,brev-h100
PGK1,Cn1c(=O)c2c(O)nc(-c3ccccc3)nc2n(C)c1=O,100.00,stable,69825,611.99,amber14sb,tip3p,2026-08-11,compound,brev-h100
PGK1,Cc1cc(C(=O)N(C)[C@H]2CCNC(=O)C2)cc(-c2ccccc2)c1,100.00,stable,66232,675.28,amber14sb,tip3p,2026-08-11,compound,brev-h100
PGK1,O=C(O)C1CCN(C(=O)c2cccc(-c3ccccc3)c2)CC1,100.00,stable,76520,587.70,amber14sb,tip3p,2026-08-11,compound,brev-h100
PGK1,CN1CCc2ccc(NC(=O)c3cnn4cccnc34)cc2C1=O,100.00,stable,77162,581.32,amber14sb,tip3p,2026-08-11,compound,brev-h100
PGK1,CC(=O)N1CCc2c(-c3ccc4c(n3)NC(=O)CC4)cccc21,100.00,stable,79390,602.71,amber14sb,tip3p,2026-08-11,compound,brev-h100
PGK1,N#Cc1ccc2c(c1)CN(C(=O)C[C@@H]1C(=O)Nc3ccccc31)C2,100.00,stable,76050,589.17,amber14sb,tip3p,2026-08-11,compound,brev-h100
PGK1,CC(=O)C(C)(C)NC(=O)c1cc2cc(C#N)ccc2cc1C,100.00,stable,79024,604.90,amber14sb,tip3p,2026-08-11,compound,brev-h100
PGK1,CC(=O)N(O)c1ccc2c(c1)Cc1cc(C#N)ccc1-2,100.00,stable,74739,603.10,amber14sb,tip3p,2026-08-11,compound,brev-h100
PGK1,O=C(NCC1CC2(CCNCC2)C(=O)O1)c1c[nH]c(=O)c2ccccc12,100.00,stable,79073,604.18,amber14sb,tip3p,2026-08-11,compound,brev-h100
PGK1,CC(=O)Nc1nc2ccccc2cc1C(=O)N[C@@H](C)C(F)(F)F,100.00,stable,68908,649.40,amber14sb,tip3p,2026-08-11,compound,brev-h100
PGK1,CNC(=O)c1cc(-c2cccc(CC(=O)N(C)C)c2)ccn1,100.00,stable,80260,593.11,amber14sb,tip3p,2026-08-11,compound,brev-h100
PGK1,C[C@H](CO)[C@@H]1CCCN(C(=O)c2ccc3cccnc3c2)C1,100.00,stable,79172,594.95,amber14sb,tip3p,2026-08-11,compound,brev-h100
PGK1,Cc1c(CC(=O)N2CCC[C@H](C(=O)O)C2)ccc2ccccc12,100.00,stable,79436,599.62,amber14sb,tip3p,2026-08-11,compound,brev-h100
PGK1,CNC(=O)c1cncc(-c2ccc(F)c(CC(N)=O)c2)c1,100.00,stable,69842,620.49,amber14sb,tip3p,2026-08-11,compound,brev-h100
PGK1,C[C@@H](NC(=O)C1CCc2ccccc2C1)c1nnc2n1CCCC2,100.00,stable,69869,618.95,amber14sb,tip3p,2026-08-11,compound,brev-h100
PGK1,O=C(NCC1CC2(CCOCC2)C1)C(=O)Nc1cccc2cccnc12,100.00,stable,78491,602.59,amber14sb,tip3p,2026-08-11,compound,brev-h100
PGK1,N#Cc1cc(CC(=O)N2CCCC(=O)C2)c2ccccc2c1,100.00,stable,78135,600.05,amber14sb,tip3p,2026-08-11,compound,brev-h100
PGK1,Cc1ccc2cc(CN3CC[C@](C)(C(=O)O)C3)c(C)nc2c1,100.00,stable,77847,587.02,amber14sb,tip3p,2026-08-10,compound,brev-h100
PGK1,N#C/C(=C/c1ccc(F)cc1)CN1CC[C@]2(C(=O)O)CCC[C@H]12,100.00,stable,80228,589.04,amber14sb,tip3p,2026-08-10,compound,brev-h100
PGK1,COc1cc(-c2ccccc2)sc1C(=O)N1CCC(C(N)=O)CC1,100.00,stable,74194,599.04,amber14sb,tip3p,2026-08-10,compound,brev-h100
KEAP1,O=C(N[C@H]1C[C@H]1c1ncc(C(F)(F)F)cn1)c1ccccc1,100.00,stable,498382,138.49,amber14sb,tip3p,2026-08-10,compound,brev-h100
PGK1,CC(=O)C(C)(C)NC(=O)Cc1cc(C#N)cc2ccc(C)cc12,100.00,stable,69850,619.87,amber14sb,tip3p,2026-08-10,compound,brev-h100
PGK1,Cc1ccc2cc(CN3CC[C@@](F)(C(=O)O)C3)c(C)nc2c1,100.00,stable,78603,603.26,amber14sb,tip3p,2026-08-10,compound,brev-h100
KEAP1,O=C1C[C@H]([C@@H]2CCCO2)C(=O)N1c1ccccc1,100.00,stable,275914,236.66,amber14sb,tip3p,2026-08-10,compound,brev-h100
PGK1,CC1(N2CCCC2)CCN(C(=O)c2ccc3c(c2)CCC(=O)N3)CC1,100.00,stable,74291,587.53,amber14sb,tip3p,2026-08-10,compound,brev-h100
PGK1,N#Cc1ccc2c(c1)CCN2C(=O)C[C@@H]1C(=O)Nc2ccccc21,100.00,stable,69857,627.56,amber14sb,tip3p,2026-08-10,compound,brev-h100
PGK1,CC(=O)N(O)c1cccc2c1Cc1ccccc1-2,100.00,stable,78164,608.85,amber14sb,tip3p,2026-08-10,compound,brev-h100
PGK1,O=C(c1ccc2ncn(-c3ccc(Cl)cc3)c2c1)N1CC(O)C1,100.00,stable,69853,623.05,amber14sb,tip3p,2026-08-10,compound,brev-h100
PGK1,O=C1CN(C(=O)c2ccnc(-c3ccccc3)c2)CC2(CCC2)N1,100.00,stable,69888,614.39,amber14sb,tip3p,2026-08-10,compound,brev-h100
KEAP1,O=C1CC[C@H](CNc2ccc(C(F)(F)F)cn2)N1,100.00,stable,269227,239.58,amber14sb,tip3p,2026-08-10,compound,brev-h100
KEAP1,O=C(Nc1cnc(C(F)(F)F)nc1)[C@@H]1C[C@H]1C1CCC1,100.00,stable,290407,227.49,amber14sb,tip3p,2026-08-10,compound,brev-h100
KEAP1,O=C([C@@H]1CCOC1)N(CCO)Cc1ccc(C(F)(F)F)c(F)c1,100.00,stable,287985,229.71,amber14sb,tip3p,2026-08-10,compound,brev-h100
PGK1,Cc1nn(-c2ccc(F)cc2)cc1C(=O)N1CCC(C(N)=O)CC1,100.00,stable,69858,623.52,amber14sb,tip3p,2026-08-10,compound,brev-h100
KEAP1,CC(C)NC(=O)c1cncc(-c2ncc(C(F)F)cn2)c1,100.00,stable,298380,222.69,amber14sb,tip3p,2026-08-10,compound,brev-h100
KEAP1,CNC(=O)CCc1nc(-c2ccccc2C)no1,100.00,stable,282034,232.11,amber14sb,tip3p,2026-08-10,compound,brev-h100
KEAP1,Cc1cc(-c2nnc(-c3ccccn3)o2)n(C)n1,100.00,stable,263036,244.94,amber14sb,tip3p,2026-08-10,compound,brev-h100
KEAP1,C1CSC[C@@H](c2nc(C3CCSCC3)no2)N1,100.00,stable,284064,230.76,amber14sb,tip3p,2026-08-10,compound,brev-h100
PGK1,NC(=O)[C@]12CCC[C@H]1CN(C(=O)c1ccc3c(c1)CCC(=O)N3)C2,100.00,stable,74243,606.93,amber14sb,tip3p,2026-08-10,compound,brev-h100
KEAP1,O=C(CC1CCS(=O)(=O)CC1)Nc1cc(Cl)ccc1F,100.00,stable,288052,227.56,amber14sb,tip3p,2026-08-10,compound,brev-h100
KEAP1,Cc1cccc(C#N)c1-c1cncc(CC(=O)NC(C)C)c1,100.00,stable,285867,227.21,amber14sb,tip3p,2026-08-10,compound,brev-h100
KEAP1,O=C(N[C@H]1C[C@H](c2ccc(C(F)(F)F)cn2)C1)c1ccccn1,100.00,stable,284913,233.88,amber14sb,tip3p,2026-08-10,compound,brev-h100
KEAP1,C[C@]1(NC(=O)c2ccc(Cl)cc2)CCS(=O)(=O)C1,100.00,stable,283385,234.54,amber14sb,tip3p,2026-08-10,compound,brev-h100
KEAP1,O=C(CN1C(=O)CSC1=O)Nc1cccc(Cl)c1,100.00,stable,266862,243.25,amber14sb,tip3p,2026-08-10,compound,brev-h100
KEAP1,Cc1ccc(N2C(=O)S[C@@H]3CS(=O)(=O)C[C@@H]32)cc1,100.00,stable,492562,140.59,amber14sb,tip3p,2026-08-10,compound,brev-h100
KEAP1,CN(C)C(=O)[C@@H]1CC(=O)N(c2cccc(Cl)c2)C1,100.00,stable,729259,90.34,amber14sb,tip3p,2026-08-10,compound,brev-h100
KEAP1,Cc1ccc(N2C(=O)S[C@@H]3CS(=O)(=O)C[C@H]32)cc1,100.00,stable,263047,245.67,amber14sb,tip3p,2026-08-09,compound,brev-h100
KEAP1,Cc1ccc(C(=O)Nc2cnc(C(F)(F)F)nc2)cn1,100.00,stable,502846,136.10,amber14sb,tip3p,2026-08-09,compound,brev-h100
KEAP1,Cc1ncn(CC(=O)N[C@@H](C)c2ccc(C(F)(F)F)cc2)n1,100.00,stable,469438,145.45,amber14sb,tip3p,2026-08-09,compound,brev-h100
KEAP1,C[C@H]1CN(C(=O)c2ccc(C#N)cc2)[C@H](C)CO1,100.00,stable,283651,231.51,amber14sb,tip3p,2026-08-09,compound,brev-h100
KEAP1,Nc1cc(-c2ccc(N3CCOCC3)cc2)no1,100.00,stable,274535,237.10,amber14sb,tip3p,2026-08-09,compound,brev-h100
KEAP1,CCn1cc(-c2noc([C@@H]3CCCN3)n2)c(C)n1,100.00,stable,284881,230.81,amber14sb,tip3p,2026-08-09,compound,brev-h100
KEAP1,C#CCNC(=O)c1cnn(-c2ccc(Cl)cc2)c1,100.00,stable,288998,227.41,amber14sb,tip3p,2026-08-09,compound,brev-h100
KEAP1,Cc1cc(Cl)cc(F)c1C(=O)NCC1CCS(=O)(=O)CC1,100.00,stable,281994,231.85,amber14sb,tip3p,2026-08-09,compound,brev-h100
KEAP1,Nc1nc(Cl)c2nnn([C@H]3COC[C@H]3CO)c2n1,100.00,stable,293105,226.31,amber14sb,tip3p,2026-08-09,compound,brev-h100
KEAP1,Cn1cc([C@@H]2N[C@@H](C(=O)O)CS2)c2ccccc21,100.00,stable,267002,242.39,amber14sb,tip3p,2026-08-09,compound,brev-h100
PGK1,NC(=O)C1CCN(C(=O)c2ccnc(-c3ccccc3)c2)CC1,100.00,stable,65913,675.52,amber14sb,tip3p,2026-08-09,compound,brev-h100
KEAP1,CN(C)CCN1CCN(C(=O)c2ccc3nc(C(F)F)[nH]c3c2)CC1,100.00,stable,272479,237.70,amber14sb,tip3p,2026-08-09,compound,brev-h100
KEAP1,CCn1ccnc1CNC(=O)C(=O)NC1CC(F)(c2ccc(F)cc2)C1,100.00,stable,447857,151.91,amber14sb,tip3p,2026-08-09,compound,brev-h100
PGK1,O=C(Nc1cccc(C(=O)N2CCCC2)c1)c1cccc(CO)c1,100.00,stable,65061,677.66,amber14sb,tip3p,2026-08-09,compound,brev-h100
KEAP1,CCc1noc(C)c1CNC(=O)c1ccc(C(F)F)nc1,100.00,stable,260685,249.36,amber14sb,tip3p,2026-08-09,compound,brev-h100
KEAP1,CCN1CC[C@H](Nc2ccc(C#N)cc2F)C1=O,100.00,stable,263048,243.91,amber14sb,tip3p,2026-08-09,compound,brev-h100
LDHA,O=C(NC1CCN(C(=O)c2nnc3n2CCCC3)CC1)C1Cc2ccccc2C1,100.00,stable,120875,481.55,amber14sb,tip3p,2026-08-08,compound,brev-h100
KEAP1,C1CCC(Sc2noc([C@H]3COCCN3)n2)CC1,100.00,stable,276604,234.83,amber14sb,tip3p,2026-08-08,compound,brev-h100
KEAP1,O=C1C[C@H](NC2CC2)C(=O)N1c1ccc(Cl)cc1,100.00,stable,415579,164.40,amber14sb,tip3p,2026-08-08,compound,brev-h100
PGK1,CCC(C)(C)C(=O)N1CC2(CCN(C(=O)CC3C(=O)Nc4ccc(Cl)cc43)C2)C1,100.00,stable,68173,665.55,amber14sb,tip3p,2026-08-08,compound,brev-h100
PGK1,CN1CC[C@](C)(NC(=O)c2cccc(-c3ccccc3)c2)C1=O,100.00,stable,75616,602.52,amber14sb,tip3p,2026-08-08,compound,brev-h100
KEAP1,O=C(CN1CCOCC1)Nc1ccc(Cl)cc1F,100.00,stable,288777,228.93,amber14sb,tip3p,2026-08-08,compound,brev-h100
KEAP1,OC1([C@@]2(O)C[C@@H](c3ccco3)NO2)CCCCC1,100.00,stable,264285,245.23,amber14sb,tip3p,2026-08-08,compound,brev-h100
KEAP1,O=C1C[C@@H](NC2CC2)C(=O)N1c1ccc(Cl)cc1,100.00,stable,281106,234.26,amber14sb,tip3p,2026-08-08,compound,brev-h100
KEAP1,FC(F)(F)c1nnc2ccc(-n3cccc3)nn12,100.00,stable,279379,235.01,amber14sb,tip3p,2026-08-08,compound,brev-h100
KEAP1,NC(=O)c1nccnc1-c1nc2ccccc2s1,100.00,stable,284086,229.98,amber14sb,tip3p,2026-08-08,compound,brev-h100
KEAP1,CCc1nc(CC)c(CC(=O)O[C@@H]2CCCc3nc[nH]c32)o1,100.00,stable,286747,227.11,amber14sb,tip3p,2026-08-08,compound,brev-h100
KEAP1,COc1ccc(-c2noc(CC(N)=O)n2)c(Cl)c1Cl,100.00,stable,284892,229.55,amber14sb,tip3p,2026-08-08,compound,brev-h100
KEAP1,O=C1[C@H]2C[C@H](CN3CCCC[C@@H]23)[C@H]2CCCCN12,100.00,stable,277907,234.30,amber14sb,tip3p,2026-08-08,compound,brev-h100
KEAP1,O=C(NC[C@]1(F)CCNC1)OCc1ccccc1,100.00,stable,293594,224.97,amber14sb,tip3p,2026-08-08,compound,brev-h100
KEAP1,CCc1ccc(C(=O)NC[C@@]2(O)CCSC2)cc1,100.00,stable,267400,241.27,amber14sb,tip3p,2026-08-08,compound,brev-h100
LDHA,Cc1cccc(C#N)c1C(=O)N1[C@@H]2CC[C@H]1C[C@@H](NC(=O)[C@H]1CCC(=O)C1)C2,100.00,stable,144893,414.16,amber14sb,tip3p,2026-08-08,compound,brev-h100
LDHA,CC(=O)Nc1cccnc1C(=O)N1CC2(CCN(C(C)=O)CC2)c2ccccc21,100.00,stable,122985,477.59,amber14sb,tip3p,2026-08-08,compound,brev-h100
KEAP1,C=CCc1cc(C(=O)N2CCOCC2)ccc1O,100.00,stable,428448,159.82,amber14sb,tip3p,2026-08-08,compound,brev-h100
PGK1,N#Cc1cnn2c3c(cnc12)C(=O)N1CCc2ccccc2C1C3,100.00,stable,78182,611.78,amber14sb,tip3p,2026-08-08,compound,brev-h100
PGK1,Cc1nnc(C)c(-c2ccc(F)c(C(=O)NC(C)C)c2)c1C,100.00,stable,77378,581.99,amber14sb,tip3p,2026-08-07,compound,brev-h100
PGK1,CNC(=O)[C@@H](Oc1ccnc2ccccc12)C(C)C,100.00,stable,63873,691.11,amber14sb,tip3p,2026-08-07,compound,brev-h100
LDHA,Cc1cccc(-c2ccc(NC(=O)[C@H]3CCC(=O)NC3)cc2)n1,100.00,stable,127273,458.91,amber14sb,tip3p,2026-08-07,compound,brev-h100
PGK1,C[C@H](CC(N)=O)Oc1ccnc2cccc(Br)c12,100.00,stable,75412,597.80,amber14sb,tip3p,2026-08-07,compound,brev-h100
PGK1,CC(C)[C@H](Oc1ccnc2ccc(Cl)cc12)C(N)=O,100.00,stable,69873,619.96,amber14sb,tip3p,2026-08-07,compound,brev-h100
LDHA,Cn1c(CNC(=O)[C@H]2CCCC(F)(F)C2)nc2ccccc2c1=O,100.00,stable,104815,520.61,amber14sb,tip3p,2026-08-07,compound,brev-h100
PGK1,Cc1cc(-c2cncc(C(=O)NC(C)C)c2)c(C)cc1C#N,100.00,stable,69880,619.17,amber14sb,tip3p,2026-08-07,compound,brev-h100
LDHA,CC(=O)Nc1cc(Cl)cc(CNC(=O)c2cccc(C(=O)N(C)C)c2)c1,100.00,stable,104710,531.61,amber14sb,tip3p,2026-08-07,compound,brev-h100
PGK1,Cc1nc(NC(=O)c2ccc(Cl)c(F)c2)ccc1C(=O)N(C)C,100.00,stable,78929,597.91,amber14sb,tip3p,2026-08-07,compound,brev-h100
PGK1,Cc1nc(NC(=O)c2cccc(C(=O)N(C)C)c2)sc1C,100.00,stable,75455,593.72,amber14sb,tip3p,2026-08-07,compound,brev-h100
LDHA,N#Cc1cccc2c(CC(=O)N[C@@H]3CCCS(=O)(=O)C3)cccc12,100.00,stable,112034,505.22,amber14sb,tip3p,2026-08-07,compound,brev-h100
PGK1,Cc1cncc(C(=O)Nc2cccc(CC(=O)N(C)C)c2)c1C,100.00,stable,69320,655.35,amber14sb,tip3p,2026-08-07,compound,brev-h100
LDHA,Cc1ccc2c(C(=O)N3CCC(CC(N)=O)CC3)ccc(O)c2c1,100.00,stable,125667,468.28,amber14sb,tip3p,2026-08-07,compound,brev-h100
PGK1,CC[C@H](Oc1ccc(Br)c2cccnc12)C(N)=O,40.00,unstable,0,0,,,2026-08-07,compound,
LDHA,CN1CC[C@H](NC(=O)c2ccc(-c3ccccc3F)cc2C#N)C1=O,100.00,stable,104603,531.71,amber14sb,tip3p,2026-08-07,compound,brev-h100
PGK1,Cc1cc(C)nc(NC(=O)c2ccc(C(=O)N(C)C)c(C)c2)n1,100.00,stable,69793,626.72,amber14sb,tip3p,2026-08-07,compound,brev-h100
PGK1,Cc1cc(C(=O)N(C)C)ccc1C(=O)Nc1cnc(C)c(C)n1,100.00,stable,76524,584.42,amber14sb,tip3p,2026-08-07,compound,brev-h100
LDHA,O=C(Nc1ccccc1N1CCCC1=O)[C@H]1Cc2ccccc21,100.00,stable,117932,489.05,amber14sb,tip3p,2026-08-07,compound,brev-h100
PGK1,CC(C)NC(=O)c1cccc(-c2c(F)cc(C#N)cc2F)n1,100.00,stable,78186,602.43,amber14sb,tip3p,2026-08-07,compound,brev-h100
PGK1,Cc1cc(C(=O)Nc2ccc(C(=O)N(C)C)nn2)ccc1F,40.00,unstable,0,0,,,2026-08-07,compound,
LDHA,O=C(Cc1ccc(F)cc1Cl)N[C@H]1CCOC2(CCOCC2)C1,100.00,stable,121607,478.48,amber14sb,tip3p,2026-08-07,compound,brev-h100
PGK1,CC(C)NC(=O)c1ccc(-c2cnc(C(F)(F)F)nc2)cc1,40.00,unstable,0,0,,,2026-08-07,compound,
PGK1,CCc1cccc(C(=O)Nc2cccc(CC(=O)N(C)C)n2)c1,37.90,unstable,0,0,,,2026-08-07,compound,
LDHA,Cc1cc(C)c(C(=O)N2CCC[C@H](c3nnc4n3CCC4)C2)s1,100.00,stable,128250,457.27,amber14sb,tip3p,2026-08-07,compound,brev-h100
LDHA,CC(=O)CCCC(=O)N1CC[C@@]2(C1)CN(C(=O)c1cc3ncc(C(F)(F)F)cn3n1)CCO2,100.00,stable,102500,534.27,amber14sb,tip3p,2026-08-07,compound,brev-h100
LDHA,CC1(C)C[C@](C)(NC(=O)Cc2cccc(C#N)c2)C(C)(C)O1,100.00,stable,127283,466.49,amber14sb,tip3p,2026-08-07,compound,brev-h100
LDHA,CC(=O)C1CCN(C(=O)c2ccc3oc(C)c(C#N)c3c2)CC1,100.00,stable,119479,476.60,amber14sb,tip3p,2026-08-07,compound,brev-h100
PGK1,Cc1cc(C(=O)Nc2ncc(F)c(C)n2)ccc1C(=O)N(C)C,100.00,stable,69751,621.51,amber14sb,tip3p,2026-08-07,compound,brev-h100
PGK1,Cc1cc(C(=O)Nc2ccc(C(=O)N(C)C)c(F)c2)c(C)nc1C,100.00,stable,74835,601.17,amber14sb,tip3p,2026-08-07,compound,brev-h100
LDHA,CC1(C)C[C@H](NC(=O)Cc2cc3cc(F)c(F)cc3o2)CCO1,100.00,stable,136351,438.69,amber14sb,tip3p,2026-08-07,compound,brev-h100
PGK1,CC[C@@H](Oc1cccc2c(Br)ccnc12)C(N)=O,100.00,stable,79090,603.60,amber14sb,tip3p,2026-08-07,compound,brev-h100
PGK1,Cc1cc(NC(=O)c2ccc(Cl)c(F)c2)ncc1C(=O)N(C)C,40.00,unstable,0,0,,,2026-08-07,compound,
LDHA,N#C[C@@H]1CN(C(=O)c2ccccc2NC(=O)c2ccccc2)CCO1,100.00,stable,111495,501.80,amber14sb,tip3p,2026-08-07,compound,brev-h100
LDHA,CC(=O)C1CCN(C(=O)c2cccc3nc(C)c(C(F)(F)F)c(C)c23)CC1,100.00,stable,119189,477.21,amber14sb,tip3p,2026-08-07,compound,brev-h100
LDHA,COC(=O)c1ccc(F)c2cc(C(=O)N3CC4(CC(O)C4)C3)ccc12,100.00,stable,104377,524.67,amber14sb,tip3p,2026-08-07,compound,brev-h100
PGK1,Cc1cc(C(=O)NC(C)C)cc(-c2nccc(C)n2)c1,40.00,unstable,0,0,,,2026-08-07,compound,
LDHA,O=C(Cc1cccc2ccccc12)NC[C@@H]1CCCS(=O)(=O)C1,100.00,stable,107106,517.64,amber14sb,tip3p,2026-08-07,compound,brev-h100
LDHA,O=C(NCCN1CCOC1=O)c1ccc(-c2ccc(F)cc2)o1,100.00,stable,123411,471.77,amber14sb,tip3p,2026-08-06,compound,brev-h100
LDHA,O=C(NC[C@@H]1CCCS1(=O)=O)c1cccc2ccc(F)cc12,100.00,stable,124208,471.49,amber14sb,tip3p,2026-08-06,compound,brev-h100
LDHA,CC1(C)C[C@@H](NC(=O)Cc2ccc(C#N)cc2)C2(CCCC2)O1,100.00,stable,124154,463.66,amber14sb,tip3p,2026-08-06,compound,brev-h100
LDHA,O=C(N[C@@H]1C[C@H]2CC[C@@H]1N2C(=O)C1CCC1)c1cnnc2ccccc12,100.00,stable,104667,533.53,amber14sb,tip3p,2026-08-06,compound,brev-h100
LDHA,Cc1oc(-c2ccccc2)cc1C(=O)NCCN1CCOC1=O,100.00,stable,133212,449.27,amber14sb,tip3p,2026-08-06,compound,brev-h100
PGK1,Cc1nnc(NC(=O)c2ccc(N(C)C)c(F)c2)s1,40.00,unstable,0,0,,,2026-08-06,compound,
LDHA,CC(=O)C1CC(CNC(=O)c2ccc3oc(C)c(C#N)c3c2)C1,100.00,stable,105895,530.20,amber14sb,tip3p,2026-08-06,compound,brev-h100
PGK1,Cc1cnc(C(=O)Nc2ccc(C(=O)N(C)C)c(Cl)c2)c(C)n1,100.00,stable,74372,593.49,amber14sb,tip3p,2026-08-06,compound,brev-h100
LDHA,N#Cc1ccc(C(=O)N2CCC3(CC2)CC(=O)C3)c2ccccc12,100.00,stable,106681,526.87,amber14sb,tip3p,2026-08-06,compound,brev-h100
LDHA,CC(C)C(=O)N1CCC(NC(=O)Cc2c[nH]c3ccc(C#N)cc23)CC1,100.00,stable,125605,456.45,amber14sb,tip3p,2026-08-06,compound,brev-h100
LDHA,CN(C(=O)c1ccc(-c2ccccc2)nc1)[C@@H]1CCCS(=O)(=O)C1,100.00,stable,109090,519.37,amber14sb,tip3p,2026-08-06,compound,brev-h100
LDHA,CC(=O)C(C)(C)NC(=O)c1ccc2ccc(C#N)c(C)c2c1,100.00,stable,113411,497.55,amber14sb,tip3p,2026-08-06,compound,brev-h100
LDHA,CC1(C(=O)NNC(=O)c2cnc3n2CCCC3)Cc2ccccc2C1,100.00,stable,128066,456.78,amber14sb,tip3p,2026-08-06,compound,brev-h100
PGK1,Cc1ccc(NC(=O)c2cc(C)c(C)cc2C(=O)N(C)C)nn1,40.00,unstable,0,0,,,2026-08-06,compound,
PGK1,Cc1cc(NC(=O)c2ccc(C(=O)N(C)C)c(C)n2)cnc1F,100.00,stable,78434,592.24,amber14sb,tip3p,2026-08-06,compound,brev-h100
PGK1,Cc1cc(F)cc(C(=O)Nc2ccc(C)c(C(=O)N(C)C)c2)n1,40.00,unstable,0,0,,,2026-08-06,compound,
PGK1,Cc1ccc(C(=O)Nc2ccc(F)c(C(=O)N(C)C)c2)nn1,100.00,stable,78650,596.79,amber14sb,tip3p,2026-08-06,compound,brev-h100
PGK1,Cc1cc(C(=O)Nc2cc(C(=O)N(C)C)cc(C)c2C)nc(C)n1,40.00,unstable,0,0,,,2026-08-06,compound,
PGK1,CC(C)NC(=O)c1cccc(-c2nccnc2C(F)(F)F)c1,100.00,stable,79707,599.96,amber14sb,tip3p,2026-08-06,compound,brev-h100
PGK1,CNC(=O)c1ccc(NC(=O)c2ccc(F)c(Cl)c2)cn1,40.00,unstable,0,0,,,2026-08-06,compound,
KEAP1,NS(=O)(=O)c1cccnc1Nc1ccccc1F,100.00,stable,294159,223.03,amber14sb,tip3p,2026-08-06,compound,brev-h100
PGK1,Cc1cc(F)cnc1C(=O)Nc1ccc(C(=O)N(C)C)c(Cl)n1,40.00,unstable,0,0,,,2026-08-06,compound,
PGK1,Cc1nc(NC(=O)c2ccc(C(=O)N(C)C)c(C)n2)ccc1F,100.00,stable,78272,602.39,amber14sb,tip3p,2026-08-06,compound,brev-h100
KEAP1,O=C1[C@H]2CCCC[C@H]2C(=O)N1Cc1cccnc1,100.00,stable,286771,229.83,amber14sb,tip3p,2026-08-06,compound,brev-h100
PGK1,COc1cnc(-c2ccc(C(=O)NC(C)C)cc2)cc1C,40.00,unstable,0,0,,,2026-08-06,compound,
PGK1,CCc1cc(/C=C/C=C/C(=O)NC)c2ccccc2n1,40.00,unstable,0,0,,,2026-08-06,compound,
KEAP1,O=C(CCc1ccc(F)cc1)N1CCC(O)CC1,100.00,stable,264641,242.51,amber14sb,tip3p,2026-08-06,compound,brev-h100
KEAP1,O=C(NC1CC1)c1cccc(N2CCCC2=O)c1,100.00,stable,287466,226.63,amber14sb,tip3p,2026-08-06,compound,brev-h100
KEAP1,c1cncc(-c2nc(CC3CCNCC3)no2)c1,100.00,stable,289606,221.66,amber14sb,tip3p,2026-08-06,compound,brev-h100
KEAP1,Cc1cc(C)n(C(=O)[C@@H]2CC=CC[C@H]2C(=O)O)n1,100.00,stable,282886,230.85,amber14sb,tip3p,2026-08-06,compound,brev-h100
PGK1,Cc1cccc(C(=O)Nc2cc(CC(=O)N(C)C)ccn2)c1,40.00,unstable,0,0,,,2026-08-06,compound,
PGK1,Cc1cccc(C)c1-c1cc(C(=O)NC(C)C)ncn1,70.90,unstable,0,0,,,2026-08-05,compound,
PGK1,Cc1nc(C)c(F)c(-c2cc(C(=O)NC(C)C)c(F)cc2C)n1,40.00,unstable,0,0,,,2026-08-05,compound,
KEAP1,CN1CCC(C(=O)NCc2ccc(F)cc2)CC1,100.00,stable,267244,242.68,amber14sb,tip3p,2026-08-05,compound,brev-h100
PGK1,Cc1c(NC(=O)Cc2ccnn2C)cccc1C(=O)N(C)C,38.90,unstable,0,0,,,2026-08-05,compound,
PGK1,Cc1ccncc1-c1cncc(C(=O)NC(C)C)c1,100.00,stable,80690,592.81,amber14sb,tip3p,2026-08-05,compound,brev-h100
PGK1,Cc1c(NC(=O)C2CCC(C#N)CC2)cccc1C(=O)N(C)C,100.00,stable,77247,585.98,amber14sb,tip3p,2026-08-05,compound,brev-h100
PGK1,Cc1c(C(=O)N(C)C[C@H](C)C(=O)O)nc2ccccc2c1Cl,100.00,stable,80471,594.87,amber14sb,tip3p,2026-08-05,compound,brev-h100
PGK1,Cc1ccnc(F)c1C(=O)Nc1ccc(C(=O)N(C)C)nc1,40.00,unstable,0,0,,,2026-08-05,compound,
PGK1,CC(C)NC(=O)c1cncc(-c2cnccc2C(F)(F)F)c1,100.00,stable,79572,601.27,amber14sb,tip3p,2026-08-05,compound,brev-h100
PGK1,CN(C)C(=O)c1cccc(Cl)c1NC(=O)C1(C#N)CCCCC1,100.00,stable,78533,606.75,amber14sb,tip3p,2026-08-05,compound,brev-h100
PGK1,Cc1ccc(C(=O)Nc2ccc(C(=O)N(C)C)cn2)nc1F,40.00,unstable,0,0,,,2026-08-05,compound,
KEAP1,C[C@]1(c2cccc3ccccc23)NC(=O)NC1=O,100.00,stable,270027,237.65,amber14sb,tip3p,2026-08-05,compound,brev-h100
KEAP1,Cc1cccc(CN[C@H]2CCc3c[nH]nc3C2)n1,100.00,stable,285346,229.60,amber14sb,tip3p,2026-08-05,compound,brev-h100
KEAP1,CC(C)NC(=O)NCc1ccc2c(c1)OCCO2,100.00,stable,287318,229.86,amber14sb,tip3p,2026-08-05,compound,brev-h100
KEAP1,O=C(Cc1ccc2c(c1)OCCO2)N1CCCC1,100.00,stable,282690,233.52,amber14sb,tip3p,2026-08-05,compound,brev-h100
PGK1,,40.00,unstable,0,0,,,2026-08-05,compound,
PGK1,Cc1ncc(C(=O)Nc2cccc(CC(=O)N(C)C)c2)c(C)n1,100.00,stable,79618,599.14,amber14sb,tip3p,2026-08-05,compound,brev-h100
PGK1,,40.00,unstable,0,0,,,2026-08-05,compound,
PGK1,,40.00,unstable,0,0,,,2026-08-05,compound,
PGK1,Cc1ncc(-c2ccc(C(=O)NC(C)C)cc2C)c(C)n1,100.00,stable,80327,585.73,amber14sb,tip3p,2026-08-05,compound,brev-h100
PGK1,Cc1cc(NC(=O)c2ncc(F)cn2)cc(C(=O)N(C)C)c1,100.00,stable,79606,607.15,amber14sb,tip3p,2026-08-05,compound,brev-h100
KEAP1,O=C1c2ccccc2C(=O)N1Cc1ccccn1,100.00,stable,287736,228.18,amber14sb,tip3p,2026-08-05,compound,brev-h100
KEAP1,CN1C(=O)CC[C@@H](NC(=O)OCc2ccccn2)C1=O,100.00,stable,276027,234.78,amber14sb,tip3p,2026-08-05,compound,brev-h100
KEAP1,O=C(O)[C@@H]1CNCCN1Cc1cc(Cl)ccc1Cl,100.00,stable,283067,0,amber14sb,tip3p,2026-08-05,compound,brev-h100
KEAP1,O=C(O)[C@@H]1CCCN(C(=O)c2cccc(F)c2)C1,100.00,stable,572830,0,amber14sb,tip3p,2026-08-05,compound,brev-h100
PGK1,CC(=O)N(C)Cc1cccc(NC(=O)c2cnc(C)nc2C)c1,100.00,stable,76959,0,amber14sb,tip3p,2026-08-05,compound,brev-h100
PGK1,C[C@@H](CO)N(C)C(=O)c1ccc2nccc(Cl)c2c1,100.00,stable,76809,585.12,amber14sb,tip3p,2026-08-05,compound,brev-h100
PGK1,Cc1cc(NC(=O)c2ncc(F)cn2)ccc1C(=O)N(C)C,100.00,stable,79851,0,amber14sb,tip3p,2026-08-05,compound,brev-h100
PGK1,CC(C)NC(=O)c1ccc(-c2cnc(C(F)F)nc2)cc1,100.00,stable,74458,598.84,amber14sb,tip3p,2026-08-05,compound,brev-h100
KEAP1,CN(Cc1nnc2ccccn12)c1ccccn1,100.00,stable,283759,228.55,amber14sb,tip3p,2026-08-04,compound,brev-h100
KEAP1,Cc1nc(C)c(C(=O)N[C@@H](CC(C)C)C(=O)O)s1,100.00,stable,267782,0,amber14sb,tip3p,2026-08-04,compound,brev-h100
PGK1,Cc1ccc2ccc(C(=O)NC3(C(=O)N(C)C)CCCC3)cc2n1,100.00,stable,78045,605.42,amber14sb,tip3p,2026-08-04,compound,brev-h100
KEAP1,CC[C@@H]1C(=O)CCCN1C(=O)Nc1cccc(OCc2nccn2C)c1,100.00,stable,282519,229.45,amber14sb,tip3p,2026-08-04,compound,brev-h100
PGK1,Cc1[nH]nc(-c2cc(C(=O)NC(C)C)n(C)c2)c1C#N,100.00,stable,69835,0,amber14sb,tip3p,2026-08-04,compound,brev-h100
PGK1,Cc1cc(C(F)(F)F)cnc1-c1cncc(C(=O)NC(C)C)c1,100.00,stable,69333,652.43,amber14sb,tip3p,2026-08-04,compound,brev-h100
KEAP1,O=C(O)N1CC[C@H]2NCC[C@]21Cc1ccccc1,100.00,stable,484354,0,amber14sb,tip3p,2026-08-04,compound,brev-h100
PGK1,Cc1ncc(C(=O)Nc2ccc(CN(C)C)cc2C)c(C)n1,100.00,stable,80242,0,amber14sb,tip3p,2026-08-04,compound,brev-h100
KEAP1,CCC(=O)NCc1cccc(N2CCCC2=O)c1,100.00,stable,411859,163.21,amber14sb,tip3p,2026-08-04,compound,brev-h100
PGK1,Cc1cc(CC#N)cc(C)c1-c1ncc(C(=O)NC(C)C)cn1,100.00,stable,79141,0,amber14sb,tip3p,2026-08-04,compound,brev-h100
BDNF,NTRK2,100.00,unstable,0,0,amber14sb,tip3p,2026-08-04,mechanism,brev-h100
KEAP1,C[C@]1(c2ccc(C(F)(F)F)cc2)NC(=O)NC1=O,100.00,stable,299451,0,amber14sb,tip3p,2026-08-04,compound,brev-h100
KEAP1,OC1(c2ccccn2)CCN([C@@H]2CCSC2)CC1,100.00,stable,286925,0,amber14sb,tip3p,2026-08-04,compound,brev-h100
KEAP1,COC1CCN(C(=O)c2cccc(C#N)c2)CC1,100.00,stable,287793,0,amber14sb,tip3p,2026-08-04,compound,brev-h100
KEAP1,OC1(c2ccccn2)CCN([C@H]2CCSC2)CC1,100.00,stable,283391,0,amber14sb,tip3p,2026-08-04,compound,brev-h100
KEAP1,Cc1cc(C)nc(N2CC[C@@H](c3cc[nH]n3)C2)n1,100.00,stable,282006,0,amber14sb,tip3p,2026-08-04,compound,brev-h100
KEAP1,CN(C)C(=O)CC[C@@H]1Cc2ccccc2NC1=O,100.00,stable,283695,230.17,amber14sb,tip3p,2026-08-04,compound,brev-h100
NRG1_FULL,ERBB3_ECD,100.00,moderate,0,0,amber14sb,tip3p,2026-08-04,mechanism,brev-h100
KEAP1,Brc1cnc(N2CCC[C@H](c3nc[nH]n3)C2)nc1,100.00,stable,295196,223.09,amber14sb,tip3p,2026-08-04,compound,brev-h100
KEAP1,Cc1cc(C(F)(F)F)nc(N2CCC(N)CC2)n1,100.00,stable,265366,243.18,amber14sb,tip3p,2026-08-04,compound,brev-h100
KEAP1,COc1ccnc(NC(=O)c2cccc(N)c2)c1,100.00,stable,261968,247.93,amber14sb,tip3p,2026-08-04,compound,brev-h100
KEAP1,CN1CCc2c(c3ccccc3n2CC(=O)O)C1,100.00,stable,279826,0,amber14sb,tip3p,2026-08-04,compound,brev-h100
KEAP1,NC(=O)C1CCN(C(=O)c2cccc(Cl)c2)CC1,100.00,stable,720819,0,amber14sb,tip3p,2026-08-03,compound,brev-h100
KEAP1,CC(C)NC(=O)C[C@@H](C)Oc1ccc(Cl)c(C(=O)N(C)C)c1,100.00,stable,444799,0,amber14sb,tip3p,2026-08-03,compound,brev-h100
KEAP1,CCc1cnc(N2CC[C@]3(CCCNC3)C2)nc1,100.00,stable,287931,228.21,amber14sb,tip3p,2026-08-03,compound,brev-h100
LRP4_435_697,SOST_NONE_NONE,100.00,unstable,0,0,amber14sb,tip3p,2026-08-03,mechanism,brev-h100
KEAP1,C[C@H](NCC(C)(C)C(N)=O)c1cccc(C#N)c1,100.00,stable,563262,0,amber14sb,tip3p,2026-08-03,compound,brev-h100
KEAP1,C[C@H](CC#N)N(C)C(=O)[C@@H]1Cc2ccccc2O1,100.00,stable,278591,0,amber14sb,tip3p,2026-08-03,compound,brev-h100
KEAP1,COC1CCN(C(=O)c2ccc(C#N)cc2)CC1,100.00,stable,276382,235.26,amber14sb,tip3p,2026-08-03,compound,brev-h100
KEAP1,NC(=O)[C@H]1CCN(Cc2cc(F)c(Cl)nc2Cl)C1,100.00,stable,288862,227.37,amber14sb,tip3p,2026-08-02,compound,brev-h100
KEAP1,Cc1c(C#N)c(S[C@H](C)C(N)=O)nc2c1CCC2,100.00,stable,287756,229.12,amber14sb,tip3p,2026-08-02,compound,brev-h100
KEAP1,Cc1c(C#N)c(S[C@@H](C)C(N)=O)nc2c1CCC2,100.00,stable,286740,229.52,amber14sb,tip3p,2026-08-02,compound,brev-h100
RICTOR_126_376,MTOR_1876_2126,100.00,moderate,0,0,amber14sb,tip3p,2026-08-02,mechanism,brev-h100
LDHA,COc1ncc(-c2ccc3c(Nc4cc(Oc5cc(F)cc(F)c5)cc(C(=O)O)c4)c(S(=O)(=O)NC4CC4)cnc3c2)c(OC)n1,100.00,stable,114275,0,amber14sb,tip3p,2026-08-02,compound,brev-h100
37_hdac2_x_mta3_1_430,,100.00,unstable,0,0,amber14sb,tip3p,2026-08-02,compound,l40s-cluster
KEAP1,Cc1ccc(C)c(S(=O)(=O)Nc2ccn(C)n2)c1,100.00,stable,273966,0,amber14sb,tip3p,2026-08-01,compound,brev-h100
KEAP1,Cc1cc(C(=O)N2CC[S@@](=O)C(C)(C)C2)oc1C,100.00,stable,313809,0,amber14sb,tip3p,2026-08-01,compound,brev-h100
KEAP1,denovo_binder_10033,100.00,stable,0,0,amber14SB,tip3p,2026-08-01,compound,
KEAP1,CCN(CC(=O)O)C(=O)Cc1cc(C)ccc1C,100.00,stable,515491,0,amber14sb,tip3p,2026-08-01,compound,brev-h100
53_mapk1_x_dusp9,,100.00,unstable,0,0,amber14sb,tip3p,2026-08-01,compound,l40s-cluster
HIF1A,HNRNPA1,100.00,unstable,0,0,amber14sb,tip3p,2026-08-01,mechanism,brev-h100
KEAP1,N#CCC(=O)c1ccc(N2CCOCC2)c(F)c1,100.00,stable,286345,0,amber14sb,tip3p,2026-08-01,compound,brev-h100
KEAP1,Cc1cc(Br)ccc1NC(=O)CNC(=O)CC#N,100.00,stable,456084,0,amber14sb,tip3p,2026-08-01,compound,brev-h100
KEAP1,O=S(=O)(c1ccc(Br)cc1F)N1CCC(O)CC1,100.00,stable,276718,0,amber14sb,tip3p,2026-08-01,compound,brev-h100
KEAP1,CS(=O)(=O)c1ccc2ccc(S(C)(=O)=O)cc2c1,100.00,stable,518880,0,amber14sb,tip3p,2026-08-01,compound,brev-h100
KEAP1,O=S(=O)(NCc1ccccn1)c1ccccc1F,100.00,stable,291562,0,amber14sb,tip3p,2026-08-01,compound,brev-h100
PGK1,Cc1ncc(C#N)c(C)c1-c1ccnc(C(=O)NC(C)C)c1,100.00,stable,80721,0,amber14sb,tip3p,2026-08-01,compound,brev-h100
PGK1,Cc1cncc(C(=O)Nc2cc(CC(=O)N(C)C)nn2C)c1,100.00,stable,69365,0,amber14sb,tip3p,2026-08-01,compound,brev-h100
PGK1,Cc1cnc(-c2c(C)ncc(C#N)c2C)cc1C(=O)NC(C)C,100.00,stable,70029,0,amber14sb,tip3p,2026-07-31,compound,brev-h100
PGK1,CC(=O)NC[C@H](Oc1ncnc2ccccc12)C(C)C,100.00,stable,79296,0,amber14sb,tip3p,2026-07-31,compound,brev-h100
PGK1,CC(C)(Oc1cnc2ccc(Br)cc2c1O)C(N)=O,100.00,stable,78872,0,amber14sb,tip3p,2026-07-31,compound,brev-h100
KEAP1,O=C(O)[C@H](Cc1cccc(Br)c1)N1CCOCC1,100.00,stable,276310,0,amber14sb,tip3p,2026-07-31,compound,brev-h100
KEAP1,CC1=C(c2ccccc2)OS(=O)(=O)C[C@@H]1N(C)C,100.00,stable,464112,0,amber14sb,tip3p,2026-07-31,compound,brev-h100
PGK1,C[C@H](O)CN(C)C(=O)c1cnc2ccc(Cl)cc2c1,100.00,stable,80808,0,amber14sb,tip3p,2026-07-31,compound,brev-h100
PGK1,Cc1cc(C(=O)N(C)C[C@@H](C)C(=O)O)nc2ccccc12,100.00,stable,65508,0,amber14sb,tip3p,2026-07-31,compound,brev-h100
PGK1,Cc1cc(NC(=O)c2cncc(F)c2)cc(C)c1C(=O)N(C)C,100.00,stable,79082,0,amber14sb,tip3p,2026-07-31,compound,brev-h100
KEAP1,CC1=C(c2ccccc2)OS(=O)(=O)C[C@H]1N(C)C,100.00,stable,458765,0,amber14sb,tip3p,2026-07-31,compound,brev-h100
KEAP1,O=C1CN(C(=O)c2cc(F)c(Cl)cc2Cl)CCN1,100.00,stable,291512,0,amber14sb,tip3p,2026-07-31,compound,brev-h100
PGK1,CC(C)(Oc1ccnc2c(C(N)=O)ccc(Br)c12)C(N)=O,100.00,stable,78336,0,amber14sb,tip3p,2026-07-31,compound,brev-h100
KEAP1,SQSTM1,100.00,moderate,0,0,amber14sb,tip3p,2026-07-31,mechanism,brev-h100
KEAP1,O=C(O)[C@@H]1CC(=O)N(Cc2ccc(Cl)c(F)c2)C1,100.00,stable,269834,0,amber14sb,tip3p,2026-07-31,compound,brev-h100
KEAP1,CC1=NN(C(=O)c2cccnc2)[C@@](C)(O)C1(C)C,100.00,stable,279216,0,amber14sb,tip3p,2026-07-31,compound,brev-h100
KEAP1,O=C(O)[C@H]1CC(=O)N(Cc2ccc(Cl)c(F)c2)C1,100.00,stable,268932,0,amber14sb,tip3p,2026-07-31,compound,brev-h100
PGK1,Cc1cc(C(=O)Nc2ccc(CN(C)C)cn2)cnc1C,100.00,stable,79625,0,amber14sb,tip3p,2026-07-30,compound,brev-h100
PGK1,C[C@@H](O)CN(C)C(=O)c1cnc2cc(Cl)ccc2c1,100.00,stable,78152,0,amber14sb,tip3p,2026-07-30,compound,brev-h100
PGK1,Cc1cc(C(=O)Nc2cc(C)c(C(=O)N(C)C)c(C)c2)nc(C)n1,100.00,stable,74543,0,amber14sb,tip3p,2026-07-30,compound,brev-h100
PGK1,CC(C)(C(N)=O)c1cc(Br)cc2cccnc12,100.00,stable,78253,0,amber14sb,tip3p,2026-07-30,compound,brev-h100
PGK1,Cc1ncc(C#N)c(C)c1N1CCC[C@H]1C(=O)NC(C)C,100.00,stable,74384,0,amber14sb,tip3p,2026-07-30,compound,brev-h100
PGK1,Cc1cc(C(=O)NC(C)C)cc(-c2cc(C#N)c(C)cn2)n1,100.00,stable,78107,0,amber14sb,tip3p,2026-07-30,compound,brev-h100
MAPKAPK2,O=C1c2ccccc2S(=O)(=O)N1c1ccncc1,100.00,stable,675322,0,amber14sb,tip3p,2026-07-30,compound,brev-h100
HIF1A,VHL,100.00,stable,0,0,amber14sb,tip3p,2026-07-29,mechanism,brev-h100
GFRA3,RET,100.00,moderate,0,0,amber14sb,tip3p,2026-07-29,mechanism,brev-h100
KEAP1,CNC(=O)NC(=O)[C@H](C)Sc1ccc(F)c(F)c1,100.00,stable,495081,0,amber14sb,tip3p,2026-07-29,compound,brev-h100
KEAP1,Cc1ccc2cc(CCC(=O)O)c(=O)n(C)c2c1,100.00,stable,267872,0,amber14sb,tip3p,2026-07-29,compound,brev-h100
KEAP1,CC(=O)N1CCN(C(=O)c2cccc(Cl)c2)CC1,100.00,stable,273987,0,amber14sb,tip3p,2026-07-29,compound,brev-h100
MTOR,DEPTOR,100.00,stable,0,0,amber14sb,tip3p,2026-07-29,mechanism,brev-h100
MAPK12,O=C(O)[C@@H]1CCN(C(=O)Cc2ccccc2Br)C1,100.00,stable,140109,0,amber14sb,tip3p,2026-07-29,compound,brev-h100
MAPK12,O=C(O)CCCCc1nc2ccccc2[nH]c1=O,100.00,stable,129349,0,amber14sb,tip3p,2026-07-28,compound,brev-h100
MAPK12,COC(=O)C1(Oc2ccc(Br)cc2)CCNCC1,100.00,stable,106875,0,amber14sb,tip3p,2026-07-28,compound,brev-h100
MAPK12,C=CC(=O)N1CCCc2cc(S(C)(=O)=O)ccc21,100.00,stable,141912,0,amber14sb,tip3p,2026-07-28,compound,brev-h100
HDAC2,O=C(O)CCc1nc(CCc2ccccc2)no1,100.00,stable,465516,0,amber14sb,tip3p,2026-07-28,compound,brev-h100
MAPK12,COc1ccc2c(c1O)CN1CCC(=O)C[C@H]1C2,100.00,stable,136288,0,amber14sb,tip3p,2026-07-28,compound,brev-h100
MAPK12,O=C(O)COc1ccc2c3c1C(=O)CC[C@H]3CO2,100.00,stable,137146,0,amber14sb,tip3p,2026-07-28,compound,brev-h100
MAPK12,O=C(O)[C@@H]1CCc2sc(N3CCOCC3)nc2C1,100.00,stable,150584,0,amber14sb,tip3p,2026-07-28,compound,brev-h100
MAPK12,NS(=O)(=O)c1ccc(Oc2cc(Cl)ncn2)cc1,100.00,stable,141842,0,amber14sb,tip3p,2026-07-28,compound,brev-h100
MAPK12,Cc1nccn1-c1cncc(C2CCNCC2)n1,100.00,stable,114477,0,amber14sb,tip3p,2026-07-28,compound,brev-h100
KEAP1,CCN1CCN(c2ccc(C(N)=S)cc2F)CC1,100.00,stable,404240,0,amber14sb,tip3p,2026-07-28,compound,brev-h100
KEAP1,Cc1cc(COC(=O)c2cccnc2)nc(C)n1,100.00,stable,287943,0,amber14sb,tip3p,2026-07-28,compound,brev-h100
ERBB4_26_600,NRG1_176_246,100.00,stable,0,0,amber14sb,tip3p,2026-07-28,mechanism,brev-h100
MAPK14,CCC(=O)N1CCN(C(=O)C2CCCCC2)CC1,100.00,stable,57253,0,amber14sb,tip3p,2026-07-28,compound,brev-h100
KEAP1,COC(=O)N1N=C2CCCC[C@H]2[C@@]1(O)C(F)(F)F,100.00,stable,269585,0,amber14sb,tip3p,2026-07-28,compound,brev-h100
MAPK14,CC(C)NC(=O)[C@@]12CC[C@@](C)(C(=O)C1=O)C2(C)C,100.00,stable,62541,0,amber14sb,tip3p,2026-07-28,compound,brev-h100
PRKAA2,PRKAG2,100.00,moderate,0,0,amber14sb,tip3p,2026-07-28,mechanism,brev-h100
MAPK12,C[n+]1c2c(c(=O)n3c1-c1ccccc1C3)CCC2,100.00,stable,128498,0,amber14sb,tip3p,2026-07-28,compound,brev-h100
MAPK12,O=C(O)[C@H]1CC[C@H](C(=O)c2ccc(F)cc2)CC1,100.00,stable,129305,0,amber14sb,tip3p,2026-07-28,compound,brev-h100
MAPK12,O=C1CCC(N2C(=O)c3ccccc3C2=O)CC1,100.00,stable,120602,0,amber14sb,tip3p,2026-07-27,compound,brev-h100
MAPK12,O=C(c1ccccc1OC(F)F)N1CCOCC1,100.00,stable,126315,0,amber14sb,tip3p,2026-07-27,compound,brev-h100
MAPK12,O=C(O)[C@H]1CC[C@H](C(=O)c2ccccc2F)CC1,100.00,stable,130109,0,amber14sb,tip3p,2026-07-27,compound,brev-h100
MAPK12,Cc1cc2c(OCC3CCNCC3)nccn2n1,100.00,stable,142877,0,amber14sb,tip3p,2026-07-27,compound,brev-h100
TSC2_1_251,TARDBP_104_176,100.00,stable,0,0,amber14sb,tip3p,2026-07-27,mechanism,brev-h100
MAPKAPK2,C[C@H](NC(=O)[C@H]1CCC(=O)NC1)c1ccccc1,100.00,stable,600055,0,amber14sb,tip3p,2026-07-27,compound,brev-h100
MAPKAPK2,Cc1cc(NS(C)(=O)=O)ccc1N1CCCC1=O,100.00,stable,676835,0,amber14sb,tip3p,2026-07-27,compound,brev-h100
MAPKAPK2,Cc1cc(C)nc(N2CC[C@H](c3cc[nH]n3)C2)n1,100.00,stable,536890,0,amber14sb,tip3p,2026-07-27,compound,brev-h100
MAPKAPK2,O=C(C1CCNCC1)N1CCc2ccccc2C1,100.00,stable,597195,0,amber14sb,tip3p,2026-07-27,compound,brev-h100
MAPKAPK2,C[C@@]1(C#N)CCCN(C(=O)NCc2cc[nH]n2)C1,100.00,stable,634730,0,amber14sb,tip3p,2026-07-27,compound,brev-h100
MAPK14,CCNC(=O)c1cccc(CN2CCOCC2)c1,100.00,stable,60484,0,amber14sb,tip3p,2026-07-27,compound,brev-h100
MAPK14,O=C(NCc1cnn2c1CCCC2)c1ccoc1,100.00,stable,58006,0,amber14sb,tip3p,2026-07-27,compound,brev-h100
MAPK14,COc1ccc2c(c1)C(=O)CC1(CCNCC1)O2,100.00,stable,59623,0,amber14sb,tip3p,2026-07-27,compound,brev-h100
MAPKAPK2,CN1C[C@H]2CCN(C(=O)c3cccc(F)c3)[C@H]2C1,100.00,stable,530979,0,amber14sb,tip3p,2026-07-27,compound,brev-h100
MAPK14,Cc1cccc(-n2ncnc2C2CCOCC2)n1,100.00,stable,60108,0,amber14sb,tip3p,2026-07-27,compound,brev-h100
MAPK14,CNC1CCN(C(=O)c2cccc(Br)c2C)CC1,100.00,stable,62715,0,amber14sb,tip3p,2026-07-26,compound,brev-h100
MAPKAPK2,c1cc([C@@H]2CCCN(C3CCOCC3)C2)ncn1,100.00,stable,673369,0,amber14sb,tip3p,2026-07-26,compound,brev-h100
KEAP1,C[C@@H](NC(=O)[C@H]1CCCOC1)c1ncc(Br)cn1,100.00,stable,281870,0,amber14sb,tip3p,2026-07-26,compound,brev-h100
KEAP1,C[C@H](NC(=O)[C@H]1CCCOC1)c1ncc(Br)cn1,100.00,stable,280108,0,amber14sb,tip3p,2026-07-26,compound,brev-h100
KEAP1,O=C(N1CCOCC1)C(F)(F)c1ccccc1F,100.00,stable,285568,0,amber14sb,tip3p,2026-07-26,compound,brev-h100
MAPKAPK2,Cc1c[nH]nc1[C@@H]1CN(C2CCOCC2)CCO1,100.00,stable,633517,0,amber14sb,tip3p,2026-07-26,compound,brev-h100
MAPKAPK2,O=C1OCCN1c1cccc([C@@H]2CCCNC2)n1,100.00,stable,539239,0,amber14sb,tip3p,2026-07-26,compound,brev-h100
MAPK12,Cc1cccc(C)c1NC(=O)CN1CCNCC1,100.00,stable,119225,0,amber14sb,tip3p,2026-07-26,compound,brev-h100
MAPKAPK2,CN[C@@H]1CC[C@@H]2Nc3ccc(C(N)=O)cc3[C@@H]2C1,100.00,stable,542733,0,amber14sb,tip3p,2026-07-26,compound,brev-h100
MAPK12,CC(C)c1nccc(N2CCn3cnnc3C2)n1,100.00,stable,106188,0,amber14sb,tip3p,2026-07-26,compound,brev-h100
MAPK12,O=C(N1CCOCC1)C(F)(F)c1ccccc1F,100.00,stable,137356,0,amber14sb,tip3p,2026-07-26,compound,brev-h100
MAPK12,Cc1c(CN2CC[C@@H](c3cc[nH]n3)C2)cnn1C,100.00,stable,138814,0,amber14sb,tip3p,2026-07-26,compound,brev-h100
MAPK12,Cc1ccc(C(=O)N2C[C@@H]3CC[C@@H](N)[C@H]3C2)cn1,100.00,stable,131884,0,amber14sb,tip3p,2026-07-26,compound,brev-h100
KEAP1,denovo_binder_9999,100.00,unstable,0,0,amber14SB,tip3p,2026-07-26,compound,
MAPK14,O=C(Cn1cnc2ccccc21)NCC(F)(F)F,100.00,stable,57239,0,amber14sb,tip3p,2026-07-26,compound,brev-h100
MAPK14,Cc1occc1C(=O)NCC1CCS(=O)(=O)CC1,100.00,stable,59827,0,amber14sb,tip3p,2026-07-25,compound,brev-h100
MAPKAPK2,O=C(O)[C@@H]1CCCC[C@H]1C(=O)c1ccc(F)cc1,100.00,stable,652553,0,amber14sb,tip3p,2026-07-25,compound,brev-h100
MAPKAPK2,C[C@@H]1CNCC[C@@H]1c1ccc(NS(C)(=O)=O)cc1,100.00,stable,569284,0,amber14sb,tip3p,2026-07-25,compound,brev-h100
MAPKAPK2,O=C(N1CCOCC1)C(F)(F)c1ccccc1F,100.00,stable,699188,0,amber14sb,tip3p,2026-07-25,compound,brev-h100
MAPK12,O=C(c1ccc(F)cc1)N1Cc2cncnc2C1,100.00,stable,123752,0,amber14sb,tip3p,2026-07-25,compound,brev-h100
MAPK12,NC[C@H]1CC[C@H](C(=O)NCc2cccnc2)CC1,100.00,stable,127768,0,amber14sb,tip3p,2026-07-25,compound,brev-h100
MAPKAPK2,Cc1ccc(C(=O)N2CCC[C@H](C(=O)O)C2)cc1,100.00,stable,530790,0,amber14sb,tip3p,2026-07-25,compound,brev-h100
MAPKAPK2,CC(=O)c1cccc(N2C[C@@H](C(=O)O)CC2=O)c1,100.00,stable,503199,0,amber14sb,tip3p,2026-07-25,compound,brev-h100
MAPK14,Cc1cc(N2CC(c3nccc(C)n3)C2)ncn1,100.00,stable,62774,0,amber14sb,tip3p,2026-07-25,compound,brev-h100
MAPKAPK2,CC(=O)c1cccc(N2C[C@H](C(=O)O)CC2=O)c1,100.00,stable,503574,0,amber14sb,tip3p,2026-07-25,compound,brev-h100
MAPKAPK2,O=C(c1ccc2cnncc2c1)N1CCSCC1,100.00,stable,639492,0,amber14sb,tip3p,2026-07-25,compound,brev-h100
MAPK14,Cc1cccc(O[C@H](C)C(=O)N2CCNCC2)c1,100.00,stable,59629,0,amber14sb,tip3p,2026-07-25,compound,brev-h100
MAPK14,C[C@@H](NC(=O)c1ccc2c(c1)CCC=C2)C(=O)O,100.00,stable,62295,0,amber14sb,tip3p,2026-07-25,compound,brev-h100
HDAC2,CCC(=O)N1CCC(CCc2noc(C)n2)CC1,100.00,stable,346462,0,amber14sb,tip3p,2026-07-25,compound,brev-h100
MAPKAPK2,CC1=C(c2ccccc2)OS(=O)(=O)C[C@H]1N(C)C,100.00,stable,623736,0,amber14sb,tip3p,2026-07-25,compound,brev-h100
KEAP1,COc1ccc(Cl)cc1N1C[C@@H](C(=O)O)CC1=O,100.00,stable,289009,0,amber14sb,tip3p,2026-07-25,compound,brev-h100
KEAP1,Cc1c[nH]nc1[C@@H]1CCCN1Cc1nccn1C,100.00,stable,282545,0,amber14sb,tip3p,2026-07-24,compound,brev-h100
KEAP1,O=C(O)CCCC(=O)c1ccc2c(c1)OCCO2,100.00,stable,276051,0,amber14sb,tip3p,2026-07-24,compound,brev-h100
KEAP1,CC(=O)NC[C@@H]1CC(=O)N(c2ccc(Cl)cc2)C1,100.00,stable,763875,0,amber14sb,tip3p,2026-07-24,compound,brev-h100
MAPKAPK2,O=C(c1ccccc1C(F)(F)F)C1CCNCC1,100.00,stable,639301,0,amber14sb,tip3p,2026-07-24,compound,brev-h100
MAPK12,CS(=O)(=O)c1ccc(C(=O)N2CCCCC2)cc1,100.00,stable,136219,0,amber14sb,tip3p,2026-07-24,compound,brev-h100
MAPK12,C[C@H](CO)N(C)C(=O)c1cncc2ccccc12,100.00,stable,134587,0,amber14sb,tip3p,2026-07-24,compound,brev-h100
MAPK14,O=S(=O)(c1ccccc1)n1ccc2cncnc21,100.00,stable,58839,0,amber14sb,tip3p,2026-07-24,compound,brev-h100
KEAP1,O=C(O)C1(O)CCN(c2ncc(Cl)cc2Cl)CC1,100.00,stable,498534,0,amber14sb,tip3p,2026-07-24,compound,brev-h100
MAPK14,O=C(c1ccco1)N1CC[C@@]2(CNCC[C@@H]2F)C1,100.00,stable,57927,0,amber14sb,tip3p,2026-07-24,compound,brev-h100
MAPKAPK2,NS(=O)(=O)c1ccc2c(c1)OC(F)(F)C(F)(F)O2,100.00,stable,690680,0,amber14sb,tip3p,2026-07-24,compound,brev-h100
MAPK14,O=c1c2ccccc2cnn1CC1CCNCC1,100.00,stable,59812,0,amber14sb,tip3p,2026-07-24,compound,brev-h100
MAPK14,O=C(c1ccco1)N1CC[C@]2(CNCC[C@H]2F)C1,100.00,stable,57127,0,amber14sb,tip3p,2026-07-24,compound,brev-h100
MAPK14,C[C@@H]1COCCN1C(=O)C[C@@H](N)c1ccccc1,100.00,stable,58206,0,amber14sb,tip3p,2026-07-24,compound,brev-h100
MAPKAPK2,Cc1nc([C@H]2CCCN2)nc2c1CCC(=O)N2C,100.00,stable,574276,0,amber14sb,tip3p,2026-07-24,compound,brev-h100
MAPKAPK2,O=C(c1cccc(F)c1)N1CC[C@@H]2CNCC[C@@H]21,100.00,stable,598286,0,amber14sb,tip3p,2026-07-24,compound,brev-h100
KEAP1,C[C@H]1CNCC[C@H]1c1ccc(NS(C)(=O)=O)cc1,100.00,stable,348579,0,amber14sb,tip3p,2026-07-24,compound,brev-h100
KEAP1,C[C@H]1CCNC[C@H]1c1ccc(NS(C)(=O)=O)cc1,100.00,stable,288720,0,amber14sb,tip3p,2026-07-24,compound,brev-h100
MAPK12,O=C(c1ccc2c(c1)OCCO2)N1CCSCC1,100.00,stable,135998,0,amber14sb,tip3p,2026-07-23,compound,brev-h100
KEAP1,Cn1c(N2CCCC2)nc2cc(C(=O)O)ccc21,100.00,stable,276226,0,amber14sb,tip3p,2026-07-23,compound,brev-h100
MAPK12,CCN1c2ccccc2C(=O)NC12CCNCC2,100.00,stable,129387,0,amber14sb,tip3p,2026-07-23,compound,brev-h100
KEAP1,C[C@H](Sc1nccn1Cc1ccccc1)C(N)=O,100.00,stable,274490,0,amber14sb,tip3p,2026-07-23,compound,brev-h100
KEAP1,C[C@@H](Sc1nccn1Cc1ccccc1)C(N)=O,100.00,stable,276244,0,amber14sb,tip3p,2026-07-23,compound,brev-h100
MAPKAPK2,O=C1C[C@@H]2CC(=O)[C@H]([S@@](=O)c3ccccc3)[C@@H]2C1,100.00,stable,686958,0,amber14sb,tip3p,2026-07-23,compound,brev-h100
KEAP1,C[C@@H](OC(=O)c1ccc(C(F)(F)F)cc1)C(N)=O,100.00,stable,278361,0,amber14sb,tip3p,2026-07-23,compound,brev-h100
KEAP1,C[C@H](OC(=O)c1ccc(C(F)(F)F)cc1)C(N)=O,100.00,stable,278651,0,amber14sb,tip3p,2026-07-23,compound,brev-h100
MAPK14,NC(=O)C1CCN(C(=O)c2ccc(Br)cc2)CC1,100.00,stable,62828,0,amber14sb,tip3p,2026-07-23,compound,brev-h100
LRP4,denovo_binder_6312,100.00,moderate,0,0,amber14SB,tip3p,2026-07-23,compound,
MAPK14,NC(=O)C1CCN(C(=O)c2ccc(F)cc2)CC1,100.00,stable,61498,0,amber14sb,tip3p,2026-07-23,compound,brev-h100
LRP4,denovo_binder_5912,100.00,stable,0,0,amber14SB,tip3p,2026-07-23,compound,
LRP4,denovo_binder_6206,100.00,unstable,0,0,amber14SB,tip3p,2026-07-23,compound,
LRP4,denovo_binder_6213,100.00,unstable,0,0,amber14SB,tip3p,2026-07-23,compound,
LRP4,denovo_binder_6641,100.00,moderate,0,0,amber14SB,tip3p,2026-07-23,compound,
MAPK14,O=C(c1ccc(F)cc1)N1Cc2cncnc2C1,100.00,stable,58771,0,amber14sb,tip3p,2026-07-23,compound,brev-h100
LRP4,denovo_binder_6810,100.00,moderate,0,0,amber14SB,tip3p,2026-07-22,compound,
LRP4,denovo_binder_7348,100.00,stable,0,0,amber14SB,tip3p,2026-07-22,compound,
MAPK12,CC(=O)N[C@@H](C)c1cccc(N2CCOC2=O)c1,100.00,stable,137543,0,amber14sb,tip3p,2026-07-22,compound,brev-h100
LRP4,denovo_binder_7131,100.00,stable,0,0,amber14SB,tip3p,2026-07-22,compound,
MAPK12,CS(=O)(=O)c1ccc(C(=O)N2C[C@H]3C[C@H]3C2)cc1,100.00,stable,138366,0,amber14sb,tip3p,2026-07-22,compound,brev-h100
MAPK14,O=C(c1ccc(F)cc1)N1CCn2nccc2C1,100.00,stable,57547,0,amber14sb,tip3p,2026-07-22,compound,brev-h100
MAPK12,COc1ccccc1CC(=O)N1CCC[C@H](O)C1,100.00,stable,136320,0,amber14sb,tip3p,2026-07-22,compound,brev-h100
LRP4,denovo_binder_7351,100.00,unstable,0,0,amber14SB,tip3p,2026-07-22,compound,
LRP4,denovo_binder_7141,100.00,moderate,0,0,amber14SB,tip3p,2026-07-22,compound,
LRP4,denovo_binder_7024,100.00,stable,0,0,amber14SB,tip3p,2026-07-22,compound,
LRP4,denovo_binder_7127,100.00,stable,0,0,amber14SB,tip3p,2026-07-22,compound,
LRP4,denovo_binder_7242,100.00,stable,0,0,amber14SB,tip3p,2026-07-22,compound,
LRP4,denovo_binder_7438,100.00,unstable,0,0,amber14SB,tip3p,2026-07-22,compound,
MUSK,denovo_binder_9994,100.00,stable,0,0,amber14SB,tip3p,2026-07-22,compound,
MAPK14,Cc1cnn2c(C(=O)O)cc(-c3ccco3)nc12,100.00,stable,62556,0,amber14sb,tip3p,2026-07-22,compound,brev-h100
MAPK12,CC[C@H](C)NS(=O)(=O)c1ccc(C)c(C(N)=O)c1,100.00,stable,145377,0,amber14sb,tip3p,2026-07-22,compound,brev-h100
MAPK12,N#Cc1cccc(OCC(=O)NCC(F)(F)F)c1,100.00,stable,127807,0,amber14sb,tip3p,2026-07-22,compound,brev-h100
MUSK,denovo_binder_9991,100.00,unstable,0,0,amber14SB,tip3p,2026-07-21,compound,
DEPTOR_322_409,MTOR_1501_1751,100.00,stable,0,0,amber14sb,tip3p,2026-07-21,mechanism,brev-h100
CHRNA1,CHRND,100.00,stable,0,0,amber14sb,tip3p,2026-07-21,mechanism,brev-h100
MAPK11,MAPKAPK3,100.00,stable,0,0,amber14sb,tip3p,2026-07-21,mechanism,brev-h100
KEAP1,CUL3,100.00,unstable,0,0,amber14sb,tip3p,2026-07-21,mechanism,brev-h100
RAPTOR_251_501,MTOR_626_876,100.00,stable,0,0,amber14sb,tip3p,2026-07-20,mechanism,brev-h100
MAPK14,MAPKAPK3,100.00,stable,0,0,amber14sb,tip3p,2026-07-20,mechanism,brev-h100
KEAP1,DPP3,100.00,unstable,0,0,amber14sb,tip3p,2026-07-20,mechanism,brev-h100
MAPK14,DUSP1,100.00,stable,0,0,amber14sb,tip3p,2026-07-20,mechanism,brev-h100
CHRNA1,CHRNE,100.00,stable,0,0,amber14sb,tip3p,2026-07-20,mechanism,brev-h100
079_mapk9_x_gstp1,,100.00,unstable,0,0,amber14sb,tip3p,2026-07-19,compound,l40s-cluster
MAPK11,MAPKAPK2,100.00,stable,0,0,amber14sb,tip3p,2026-07-19,mechanism,brev-h100
PPARGC1A,PPARD,100.00,stable,0,0,amber14sb,tip3p,2026-07-19,mechanism,brev-h100
13_mapk1_x_rps6ka3_400_740,,100.00,unstable,0,0,amber14sb,tip3p,2026-07-19,compound,l40s-cluster
KEAP1_315_624,PALB2_1_103,100.00,stable,0,0,amber14sb,tip3p,2026-07-19,mechanism,brev-h100
PPARGC1A,ESRRA,100.00,stable,0,0,amber14sb,tip3p,2026-07-19,mechanism,brev-h100
MAPK14,MAPKAPK2,100.00,stable,0,0,amber14sb,tip3p,2026-07-19,mechanism,brev-h100
KEAP1,PALB2,100.00,stable,0,0,amber14sb,tip3p,2026-07-19,mechanism,brev-h100
24_kcnb1_1_180_x_kcns3_1_200,,100.00,unstable,0,0,amber14sb,tip3p,2026-07-19,compound,l40s-cluster
NFE2L2_1_100,KEAP1_315_624,100.00,stable,0,0,amber14sb,tip3p,2026-07-19,mechanism,brev-h100
HIF1A,ARNT,100.00,stable,0,0,amber14sb,tip3p,2026-07-19,mechanism,brev-h100
SMN1_260_294,SMN1_NONE_NONE,100.00,unstable,0,0,amber14sb,tip3p,2026-07-18,mechanism,brev-h100
01_mapk14_x_tab1,,100.00,unstable,0,0,amber14sb,tip3p,2026-07-18,compound,l40s-cluster
ARTN,GFRA3,100.00,stable,0,0,amber14sb,tip3p,2026-07-18,mechanism,brev-h100
PPARGC1A,PPARA,100.00,stable,0,0,amber14sb,tip3p,2026-07-18,mechanism,brev-h100
01_mapk14_x_mapkapk2,,100.00,unstable,0,0,amber14sb,tip3p,2026-07-18,compound,l40s-cluster
06_mapk14_x_mapkapk5,,100.00,unstable,0,0,amber14sb,tip3p,2026-07-18,compound,l40s-cluster
HIF1A,EP300,100.00,stable,0,0,amber14sb,tip3p,2026-07-18,mechanism,brev-h100
MAPK8,ATF2,100.00,unstable,0,0,amber14sb,tip3p,2026-07-18,mechanism,brev-h100
HIF1A,CREBBP,100.00,stable,0,0,amber14sb,tip3p,2026-07-18,mechanism,brev-h100
NRG1,ERBB4,100.00,stable,0,0,amber14sb,tip3p,2026-07-17,mechanism,brev-h100
NRG1,ERBB3,100.00,stable,0,0,amber14sb,tip3p,2026-07-17,mechanism,brev-h100
MAPK8,DUSP16,100.00,stable,0,0,amber14sb,tip3p,2026-07-17,mechanism,brev-h100
MAPK9,DUSP16,100.00,stable,0,0,amber14sb,tip3p,2026-07-17,mechanism,brev-h100
MAPK12,Cc1cc(N2CCC[C@H]2c2noc(C)n2)ncn1,100.00,stable,127816,0,amber14sb,tip3p,2026-07-17,compound,brev-h100
KEAP1,O=C1CCC[C@H]2[C@@H]3C[C@H](CN12)[C@@H]1CCCCN1C3,100.00,stable,458197,0,amber14sb,tip3p,2026-07-17,compound,brev-h100
PRKAA1,PRKAB1,100.00,stable,0,0,amber14sb,tip3p,2026-07-17,mechanism,brev-h100
MAPK11,CN1C(=O)CC[C@@H](NC(=O)OCc2ccncc2)C1=O,100.00,stable,93974,0,amber14sb,tip3p,2026-07-17,compound,brev-h100
MAPK11,CC1CCN(C(=O)C2CCN(c3ncnc4[nH]cnc34)CC2)CC1,100.00,stable,92381,0,amber14sb,tip3p,2026-07-17,compound,brev-h100
BDNF,NTRK2_IG2,100.00,stable,0,0,amber14sb,tip3p,2026-07-17,mechanism,brev-h100
MAPK11,Cc1cc(CN(C)C2CN(C(=O)c3ccc4c(c3)NC(=O)CC4)C2)no1,100.00,stable,88376,0,amber14sb,tip3p,2026-07-17,compound,brev-h100
MAPK14,Cc1cc(-c2nc(-c3cccnc3)no2)n(C)n1,100.00,stable,57174,0,amber14sb,tip3p,2026-07-17,compound,brev-h100
MAPK11,Cc1ccc2c(c1)C(=O)NC[C@H]2OCc1nc(C)cc(C)n1,100.00,stable,98335,0,amber14sb,tip3p,2026-07-17,compound,brev-h100
MAPK11,Cc1ccnc(C(C)(C)NC(=O)C2(O)Cc3ccccc3C2)n1,100.00,stable,88213,0,amber14sb,tip3p,2026-07-16,compound,brev-h100
MAPK11,C[C@@H]1CCCN(C(=O)[C@H]2CC(=O)N(C3CC3)C2)C1,100.00,stable,95897,0,amber14sb,tip3p,2026-07-16,compound,brev-h100
MAPK11,C[C@@H](Oc1ccc2c(c1)CCC(=O)N2)c1cnccc1C#N,100.00,stable,92190,0,amber14sb,tip3p,2026-07-16,compound,brev-h100
MAPK14,C[C@H](CC(=O)N1CC[C@]2(C1)C(=O)Nc1cccc(F)c12)c1ccccn1,100.00,stable,59362,0,amber14sb,tip3p,2026-07-16,compound,brev-h100
MAPK14,CN1C(=O)[C@@H](c2cccnc2)CC12CCNCC2,100.00,stable,60674,0,amber14sb,tip3p,2026-07-16,compound,brev-h100
KCNB1_1_180,KCNG3_1_200,100.00,stable,0,0,amber14sb,tip3p,2026-07-16,mechanism,brev-h100
MAPK9,GSTP1,100.00,stable,0,0,amber14sb,tip3p,2026-07-16,mechanism,brev-h100
MAPK12,MAP2K3,100.00,stable,0,0,amber14sb,tip3p,2026-07-16,mechanism,brev-h100
MAPK14,CS(=O)(=O)c1ccc(NC2CCNCC2)c(F)c1,100.00,stable,62740,0,amber14sb,tip3p,2026-07-15,compound,brev-h100
MAPK12,O=C(C[C@@H]1COC2(CCNCC2)C1)N1CCCC1,100.00,stable,106529,0,amber14sb,tip3p,2026-07-15,compound,brev-h100
MAPK11,COc1ncc(NC(=O)c2ccc(F)cc2)cn1,100.00,stable,103442,0,amber14sb,tip3p,2026-07-15,compound,brev-h100
MAPK12,O=Cc1c(-c2ccccc2)nn2cc[nH]c(=O)c12,100.00,stable,143183,0,amber14sb,tip3p,2026-07-15,compound,brev-h100
MUSK,denovo_binder_10000,100.00,unstable,0,0,amber14SB,tip3p,2026-07-15,compound,
MAPK14,Cn1c(=O)c2c(nc(-c3ccccc3)n2C)n(CC(F)(F)F)c1=O,100.00,stable,58885,0,amber14sb,tip3p,2026-07-15,compound,brev-h100
MAPK12,NN1C(=O)c2ccc3c4c(ccc(c24)C1=O)CC3,100.00,stable,134830,0,amber14sb,tip3p,2026-07-15,compound,brev-h100
MAPK12,CC(=O)Nc1nc(C)c2c(n1)CC(C)(C)CC2=O,100.00,stable,117360,0,amber14sb,tip3p,2026-07-15,compound,brev-h100
MAPK12,O=C(O)C[C@@H]1CSc2nc3ccccc3n2C1=O,100.00,stable,129471,0,amber14sb,tip3p,2026-07-15,compound,brev-h100
MAPK14,C[C@H](Oc1cccc2c1CC(=O)NC2)c1ncno1,100.00,stable,61874,0,amber14sb,tip3p,2026-07-15,compound,brev-h100
MAPK12,C[C@@H]1c2ccccc2NC(=O)N1N1CCOCC1,100.00,stable,132472,0,amber14sb,tip3p,2026-07-15,compound,brev-h100
MAPK12,Cc1nnc([C@H](C)NC(=O)[C@@H]2CC(=O)c3ccccc3C2)o1,100.00,stable,136909,0,amber14sb,tip3p,2026-07-15,compound,brev-h100
KEAP1,denovo_binder_10032,100.00,stable,0,0,amber14SB,tip3p,2026-07-15,compound,
MAPKAPK2,NC1(c2cccc(OC(F)(F)F)c2)CCOCC1,100.00,stable,683205,0,amber14sb,tip3p,2026-07-15,compound,brev-h100
KEAP1,denovo_binder_10031,100.00,stable,0,0,amber14SB,tip3p,2026-07-15,compound,
MAPKAPK2,O=[N+]([O-])c1ccc(-c2nnc3ncccn23)cc1,100.00,stable,680620,0,amber14sb,tip3p,2026-07-15,compound,brev-h100
KEAP1,denovo_binder_10030,100.00,moderate,0,0,amber14SB,tip3p,2026-07-15,compound,
MAPKAPK2,Cc1cccc(C(=O)N2CCC(C(N)=O)CC2)c1,100.00,stable,534487,0,amber14sb,tip3p,2026-07-15,compound,brev-h100
KEAP1,denovo_binder_9986,100.00,stable,0,0,amber14SB,tip3p,2026-07-15,compound,
MAPKAPK2,CC1=C(c2ccccc2)OS(=O)(=O)C[C@@H]1N(C)C,100.00,stable,451821,0,amber14sb,tip3p,2026-07-15,compound,brev-h100
KEAP1,denovo_binder_10026,100.00,stable,0,0,amber14SB,tip3p,2026-07-15,compound,
MAPKAPK2,Cc1nnc(NC(=O)c2ccc3c(c2)OCO3)s1,100.00,stable,660169,0,amber14sb,tip3p,2026-07-15,compound,brev-h100
MAPK12,NC1CCN(C(=O)c2c[nH]c3ccccc23)CC1,100.00,stable,129805,0,amber14sb,tip3p,2026-07-14,compound,brev-h100
MAPK12,Cn1c(=O)n(C)c2ccc(C=O)c3cccc1c32,100.00,stable,138624,0,amber14sb,tip3p,2026-07-14,compound,brev-h100
MAPKAPK2,CC(=O)N[C@@H]1c2ccccc2CC[C@H]1OC(C)=O,100.00,stable,570333,0,amber14sb,tip3p,2026-07-14,compound,brev-h100
MAPK11,CC1(C)CN(Cc2ccc(O)cc2)CCS1(=O)=O,100.00,stable,87346,0,amber14sb,tip3p,2026-07-14,compound,brev-h100
MAPKAPK2,NC(=O)C1CCN(C(=O)c2cccc(F)c2)CC1,100.00,stable,631899,0,amber14sb,tip3p,2026-07-14,compound,brev-h100
MAPK12,CCN1CC2(CCN(C(=O)c3ccnc4[nH]c(C)nc34)CC2)C1,100.00,stable,130850,0,amber14sb,tip3p,2026-07-14,compound,brev-h100
HDAC2,Cn1c(/C=C/C(=O)NO)ccc1C(=O)c1cccs1,100.00,stable,465207,0,amber14sb,tip3p,2026-07-14,compound,brev-h100
MAPKAPK2,OCC[C@H]1[C@@H]2C=C[C@H]3C2C2[C@@H]1C=C[C@@H]2[C@@H]3CCO,100.00,stable,532138,0,amber14sb,tip3p,2026-07-14,compound,brev-h100
HDAC2,CNC(=O)CCc1cc(C)nc([C@@H]2CCCN2)c1,100.00,stable,330439,0,amber14sb,tip3p,2026-07-14,compound,brev-h100
MAPKAPK2,CNC(=O)C1CCN(C(=O)c2ccccc2)CC1,100.00,stable,483599,0,amber14sb,tip3p,2026-07-14,compound,brev-h100
KEAP1,CN1CCC(N(C)C(=O)c2ccc(Br)cc2)CC1,100.00,stable,429891,0,amber14sb,tip3p,2026-07-14,compound,brev-h100
MAPKAPK2,COC1=C/C(=C2/C=CC(=O)C(OC)=C2)C=CC1=O,100.00,stable,595422,0,amber14sb,tip3p,2026-07-14,compound,brev-h100
MAPK12,O=C1CC[C@@H]2CNCC[C@@H]2N1Cc1ccccn1,100.00,stable,137354,0,amber14sb,tip3p,2026-07-13,compound,brev-h100
MAPK12,O[C@H]1CCN(c2cccc(C3CCNCC3)n2)C1,100.00,stable,135683,0,amber14sb,tip3p,2026-07-13,compound,brev-h100
KEAP1,O=S1(=O)CC[C@H](Sc2ncnc3ccccc23)C1,100.00,stable,279301,0,amber14sb,tip3p,2026-07-13,compound,brev-h100
MAPK12,O=C(O)C1CCN(c2ncnc3c2CCC3)CC1,100.00,stable,134705,0,amber14sb,tip3p,2026-07-13,compound,brev-h100
MAPK11,Nc1ncnc2c1ncn2Cc1nccc2ccccc12,100.00,stable,111290,0,amber14sb,tip3p,2026-07-13,compound,brev-h100
MAPK14,CN1C(=O)C[C@@H](c2ccccc2)C12CCNCC2,100.00,stable,58119,0,amber14sb,tip3p,2026-07-13,compound,brev-h100
MAPK14,C[C@@](O)(CC(=O)N1CCn2c(nnc2-c2ccccc2)C1)C(F)(F)F,100.00,stable,63266,0,amber14sb,tip3p,2026-07-13,compound,brev-h100
MAPK12,Cc1cc(C(=O)N2C[C@@H]3CC[C@@H](N)[C@H]3C2)c(C)o1,100.00,stable,136693,0,amber14sb,tip3p,2026-07-13,compound,brev-h100
MAPK12,Cc1nccn1CN1C(=O)c2ccccc2C1=O,100.00,stable,117561,0,amber14sb,tip3p,2026-07-13,compound,brev-h100
MAPK11,CNC(=O)c1ccc(-c2cc(C(=O)NC)cc(C(F)F)c2)nc1,100.00,stable,100224,0,amber14sb,tip3p,2026-07-13,compound,brev-h100
MAPK12,Cc1nc([C@@H](C)C(=O)N2CC[C@]3(C2)C(=O)Nc2ccccc23)no1,100.00,stable,129281,0,amber14sb,tip3p,2026-07-13,compound,brev-h100
MAPKAPK2,Cc1cccnc1N1C(=O)[C@H]2CC=CC[C@@H]2C1=O,100.00,stable,628286,0,amber14sb,tip3p,2026-07-13,compound,brev-h100
MAPKAPK2,O=C(O)C1(n2cnc3ccccc32)CCNCC1,100.00,stable,624663,0,amber14sb,tip3p,2026-07-13,compound,brev-h100
MAPKAPK2,Cc1ccc(NC(=O)c2ccc(C(=O)N(C)C)cc2)cc1,100.00,stable,557668,0,amber14sb,tip3p,2026-07-13,compound,brev-h100
KEAP1,O=C(C1CCOCC1)N1CCc2ccccc2C1,100.00,stable,277000,0,amber14sb,tip3p,2026-07-13,compound,brev-h100
MAPK11,COC(=O)[C@H]1CCc2nnc(-c3ccccc3)n21,100.00,stable,105848,0,amber14sb,tip3p,2026-07-13,compound,brev-h100
HDAC2,Cc1cc(CCCNC(=O)c2cc(C)on2)on1,100.00,stable,345542,0,amber14sb,tip3p,2026-07-13,compound,brev-h100
MAPK11,Cc1cc(NC(=O)c2cnc(C)c(C)c2)cc(C(=O)N(C)C)n1,100.00,stable,95142,0,amber14sb,tip3p,2026-07-13,compound,brev-h100
MAPKAPK2,c1ccc(-c2ncnc3c2ncn3C2CCOOC2)cc1,100.00,stable,682006,0,amber14sb,tip3p,2026-07-13,compound,brev-h100
MAPK11,O=C1CCC(=O)N(c2ccc(-c3nc(CN4CCCCC4)no3)cc2)N1,100.00,stable,93947,0,amber14sb,tip3p,2026-07-13,compound,brev-h100
KEAP1,C[C@@]1(C(=O)NC2CC2)CC(c2ccccc2)=NO1,100.00,stable,264996,0,amber14sb,tip3p,2026-07-12,compound,brev-h100
KEAP1,CC(=O)N[C@H]1C[C@@H](C(C)(C)NC(C)=O)CC=C1C,100.00,stable,273618,0,amber14sb,tip3p,2026-07-12,compound,brev-h100
MAPK14,Nc1cc(C(F)(F)F)c(-c2nccc(C(F)(F)F)n2)cn1,100.00,stable,59564,0,amber14sb,tip3p,2026-07-12,compound,brev-h100
MAPK14,Cc1ccc(NC(=O)C2CCC2)cc1C(=O)N(C)C,100.00,stable,63089,0,amber14sb,tip3p,2026-07-12,compound,brev-h100
MAPKAPK2,c1cc(C2CCOCC2)nc(C2CCNCC2)n1,100.00,stable,502014,0,amber14sb,tip3p,2026-07-12,compound,brev-h100
MAPK14,Cc1nnsc1C(=O)NC1Cc2ccccc2C1,100.00,stable,61804,0,amber14sb,tip3p,2026-07-12,compound,brev-h100
MAPK11,Cc1nc(C)c(C)c(N[C@H](C)c2cccc3c2CCNC3=O)n1,100.00,stable,101043,0,amber14sb,tip3p,2026-07-12,compound,brev-h100
MAPKAPK2,Cc1ccc(NC(=O)c2ccc(N3CCNC3=O)cc2)c(C)c1,100.00,stable,601302,0,amber14sb,tip3p,2026-07-12,compound,brev-h100
MAPKAPK2,Oc1ccc(-c2nc([C@H]3CCOC3)no2)cc1Cl,100.00,stable,688510,0,amber14sb,tip3p,2026-07-12,compound,brev-h100
MAPK14,Cc1cc(O)cc(C(=O)N2CCNC(C)(C)C2)c1,100.00,stable,58922,0,amber14sb,tip3p,2026-07-12,compound,brev-h100
MAPK11,CC[C@@H]1C[C@H]1C(=O)N1CC[C@@H]2CN(C(=O)c3ccnc4[nH]cnc34)C[C@@H]2C1,100.00,stable,90931,0,amber14sb,tip3p,2026-07-12,compound,brev-h100
MAPK12,N#Cc1cccc(C(F)(F)CNC(=O)C2CCC(=O)CC2)c1,100.00,stable,117075,0,amber14sb,tip3p,2026-07-12,compound,brev-h100
MAPK14,CNC(=O)c1ccc(-c2cc(C(=O)NC)cc(C(F)F)c2)cc1,100.00,stable,61905,0,amber14sb,tip3p,2026-07-12,compound,brev-h100
KEAP1,CC(C)N1CCC[C@H](c2cccc(C(N)=O)n2)C1,100.00,stable,282529,0,amber14sb,tip3p,2026-07-12,compound,brev-h100
MAPK11,CC[C@@H](Oc1cnc2c(F)c(F)ccc2n1)C(=O)NC,100.00,stable,96883,0,amber14sb,tip3p,2026-07-12,compound,brev-h100
MAPK12,Cc1cc(C(=O)N2C[C@@H]3CC[C@H](N)[C@H]3C2)c(C)o1,100.00,stable,134990,0,amber14sb,tip3p,2026-07-12,compound,brev-h100
MAPKAPK2,C[C@H]1CNCCN1C(=O)c1cc(F)c(F)c(F)c1,100.00,stable,639920,0,amber14sb,tip3p,2026-07-12,compound,brev-h100
MAPK12,O=C1CCCC(=O)N1[C@@H]1CCCN2CCCC[C@@H]12,100.00,stable,140177,0,amber14sb,tip3p,2026-07-12,compound,brev-h100
MAPKAPK2,CN1C(=O)N/C(=C/c2c[nH]c3ccccc23)C1=O,100.00,stable,597731,0,amber14sb,tip3p,2026-07-12,compound,brev-h100
MAPK14,Cc1ncc([C@@H](C)N[C@]2(C)CC(=O)N(C)c3ccccc32)cn1,100.00,stable,63563,0,amber14sb,tip3p,2026-07-11,compound,brev-h100
MAPK11,O=C(C1CCCC1)N1CC(Oc2cccnc2)C1,100.00,stable,92899,0,amber14sb,tip3p,2026-07-11,compound,brev-h100
MAPK11,Cc1ccc(F)c(C(=O)Nc2ccc(F)c(C(N)=O)c2)c1,100.00,stable,95732,0,amber14sb,tip3p,2026-07-11,compound,brev-h100
MAPKAPK2,Cc1nn(C)cc1[C@@H]1NC(=O)c2ccccc2N1,100.00,stable,641726,0,amber14sb,tip3p,2026-07-11,compound,brev-h100
MAPK11,O=C1CCC[C@@H](Cc2nc([C@@H]3CCc4ccccc4C3)no2)N1,100.00,stable,92745,0,amber14sb,tip3p,2026-07-11,compound,brev-h100
MAPKAPK2,Cc1nnnn1Cc1cc(F)cc2cccnc12,100.00,stable,524869,0,amber14sb,tip3p,2026-07-11,compound,brev-h100
MAPK12,OC1(c2ccc(OC(F)(F)F)cc2)CCNCC1,100.00,stable,117708,0,amber14sb,tip3p,2026-07-11,compound,brev-h100
MAPK14,O=C1CC[C@@H]2CN(c3ncnc4[nH]cnc34)CC[C@H]12,100.00,stable,59248,0,amber14sb,tip3p,2026-07-11,compound,brev-h100
MAPK14,c1ccc(Cn2ccnc2C2CCNCC2)nc1,100.00,stable,59753,0,amber14sb,tip3p,2026-07-11,compound,brev-h100
MAPK3,N#Cc1cnn(-c2ccc3ccccc3n2)c1N,100.00,stable,240906,0,amber14sb,tip3p,2026-07-11,compound,brev-h100
MAPK12,Cc1nn(C)c2nc3c(c(N)c12)C(=O)C[C@@H](C)C3,100.00,stable,116817,0,amber14sb,tip3p,2026-07-11,compound,brev-h100
MAPK11,O=C(N1CCOCC1)N1CCCc2ccccc21,100.00,stable,89425,0,amber14sb,tip3p,2026-07-11,compound,brev-h100
HDAC2,COc1cc(/C=C/C(=O)N[C@H](C)CO)ccc1F,100.00,stable,330209,0,amber14sb,tip3p,2026-07-11,compound,brev-h100
MAPK14,Cc1nccc(Oc2ccc(NC(=O)N3CC(C(F)(F)F)C3)cc2)n1,100.00,stable,61648,0,amber14sb,tip3p,2026-07-11,compound,brev-h100
MAPK11,Cc1cc(=O)n2cc(NC(=O)N3CCC[C@H]3CC(C)C)ccc2n1,100.00,stable,85853,0,amber14sb,tip3p,2026-07-11,compound,brev-h100
KEAP1,CN(Cc1nc2ccccc2[nH]1)C1CCNCC1,100.00,stable,281931,0,amber14sb,tip3p,2026-07-11,compound,brev-h100
MAPK11,C[C@@H]1CC[C@H](c2noc(C[C@@H]3CC(C)(C)CC(=O)N3)n2)C1,100.00,stable,89046,0,amber14sb,tip3p,2026-07-11,compound,brev-h100
MAPK11,CCNC(=O)c1cccc(-c2nnc(N3CC(C)(C)C3)n2CC)c1,100.00,stable,92244,0,amber14sb,tip3p,2026-07-11,compound,brev-h100
MAPK12,COC(=O)C1CCN(C(=O)C2CCCCC2)CC1,100.00,stable,140847,0,amber14sb,tip3p,2026-07-11,compound,brev-h100
MAPK14,O=C1CCN(Cc2cncc(Cl)c2)[C@@H]2CCCN12,100.00,stable,61747,0,amber14sb,tip3p,2026-07-11,compound,brev-h100
MAPKAPK2,O=C1Nc2cc(F)c(F)cc2N2CONCC12,100.00,stable,664565,0,amber14sb,tip3p,2026-07-11,compound,brev-h100
MAPK14,Nc1ccc(C(=O)N2CC(=O)Cc3ccccc32)cc1,100.00,stable,63648,0,amber14sb,tip3p,2026-07-10,compound,brev-h100
MAPK11,CNC(=O)c1cccc(Oc2ccc3c(c2)CCC(=O)N3C)c1,100.00,stable,90794,0,amber14sb,tip3p,2026-07-10,compound,brev-h100
MAPK14,O=C(NC[C@@H]1CCCN2CCCC[C@H]12)C(F)(F)F,100.00,stable,59442,0,amber14sb,tip3p,2026-07-10,compound,brev-h100
MAPK14,O=C(NC[C@@H]1CCCN2CCCC[C@@H]12)C(F)(F)F,100.00,stable,59323,0,amber14sb,tip3p,2026-07-10,compound,brev-h100
MAPK11,C[C@H]1CC(c2nc([C@H]3CCC(=O)NC3)no2)C[C@H](C)C1,100.00,stable,85863,0,amber14sb,tip3p,2026-07-10,compound,brev-h100
MAPK12,CC1(C)CC(=O)[C@H]2C(c3cccnc3)=NN[C@H]2C1,100.00,stable,138755,0,amber14sb,tip3p,2026-07-10,compound,brev-h100
KEAP1,Cc1noc([C@H]2CC(=O)N(c3ccccc3)C2)n1,100.00,stable,289025,0,amber14sb,tip3p,2026-07-10,compound,brev-h100
MAPK11,C[C@@H]1C[C@H](c2noc([C@@H]3CCC(=O)NC3)n2)CC(C)(C)C1,100.00,stable,109802,0,amber14sb,tip3p,2026-07-10,compound,brev-h100
MAPK12,COCC(=O)N1CCC[C@@H](c2ccnc(C)c2)C1,100.00,stable,134855,0,amber14sb,tip3p,2026-07-10,compound,brev-h100
MAPK12,CO[C@H](C)C(=O)N1CC[C@@]2(CCN(C(=O)c3ccc(C)nc3)C2)C1,100.00,stable,125488,0,amber14sb,tip3p,2026-07-10,compound,brev-h100
MAPK14,C[C@@H]1CN(c2ncnc3[nH]cnc23)C[C@H]1CC(=O)N1CCCC1,100.00,stable,61300,0,amber14sb,tip3p,2026-07-10,compound,brev-h100
MAPK14,Cc1cc(Oc2ccc(NC(=O)N3CCN(CC(F)(F)F)CC3)cc2)ncn1,100.00,stable,59618,0,amber14sb,tip3p,2026-07-10,compound,brev-h100
MAPK13,Nc1nc(C2CCC(OC3CC(F)(F)C3)CC2)nc2[nH]cnc12,100.00,stable,75216,0,amber14sb,tip3p,2026-07-10,compound,brev-h100
MAPK14,O=S(=O)(c1ccc(F)cc1)N1CCC[C@H](CO)C1,100.00,stable,58729,0,amber14sb,tip3p,2026-07-10,compound,brev-h100
MAPKAPK2,O=C1[C@@H]2C=NN[C@H]2C(=O)N1c1cc(Cl)ccc1Cl,100.00,stable,676349,0,amber14sb,tip3p,2026-07-10,compound,brev-h100
MAPK14,NC(=O)C1CCN(C(=O)c2cccc(F)c2)CC1,100.00,stable,62861,0,amber14sb,tip3p,2026-07-10,compound,brev-h100
MAPK14,Cc1nc(C)c(-c2cc(C(=O)NC(C)C)ccc2C)c(C)n1,100.00,stable,63167,0,amber14sb,tip3p,2026-07-10,compound,brev-h100
KEAP1,CCOc1cc2c(cc1OC)[C@@H]1C[C@@]3(CCN1CC2)CNC(=O)O3,100.00,stable,501058,0,amber14sb,tip3p,2026-07-10,compound,brev-h100
KEAP1,CN1C(=O)[C@H](c2ccccc2)CC12CCNCC2,100.00,stable,280912,0,amber14sb,tip3p,2026-07-10,compound,brev-h100
KEAP1,CCC1(CC)C(=O)N(C2CCN(C)CC2)N=C1O,100.00,stable,520554,0,amber14sb,tip3p,2026-07-10,compound,brev-h100
MAPKAPK2,N#Cc1c(N)[n+]([O-])c2cc(Cl)c(F)cc2[n+]1[O-],100.00,stable,715202,0,amber14sb,tip3p,2026-07-10,compound,brev-h100
MAPK14,Cc1ncccc1NC(=O)c1ccc(C(=O)N2CCCCC2)cc1,100.00,stable,61803,0,amber14sb,tip3p,2026-07-10,compound,brev-h100
MAPK12,C[C@@H](Cc1ccccc1)C(=O)N(C)CCC(=O)O,100.00,stable,134821,0,amber14sb,tip3p,2026-07-10,compound,brev-h100
MAPKAPK2,CC(=O)Nc1cccc(-c2nn3cnnc3s2)c1,100.00,stable,652850,0,amber14sb,tip3p,2026-07-10,compound,brev-h100
MAPK11,C[C@@H](CN(C)C(=O)[C@@H]1CCN(C)C1)Nc1ncnc2c1ncn2C,100.00,stable,92115,0,amber14sb,tip3p,2026-07-10,compound,brev-h100
MAPK11,CNC(=O)c1cccc(Oc2ccc3c(c2)CCN3C(C)=O)c1,100.00,stable,98548,0,amber14sb,tip3p,2026-07-10,compound,brev-h100
MAPK14,Cn1ncc([C@@H](O)C[C@@H]2CS(=O)(=O)c3ccccc32)c1Cl,100.00,stable,62843,0,amber14sb,tip3p,2026-07-10,compound,brev-h100
snrpd1_x_smn1,,1.00,stable,0,0,amber14sb,tip3p,2026-07-09,compound,l40s-cluster
MAPK11,C[C@@H]1C[C@@H](c2noc(C[C@@H]3CCNCC3(C)C)n2)CCO1,100.00,stable,92279,0,amber14sb,tip3p,2026-07-09,compound,brev-h100
MAPK11,O=C(Nc1ccccc1)N1CCC(S(=O)(=O)c2ccccc2)CC1,100.00,stable,112830,0,amber14sb,tip3p,2026-07-09,compound,brev-h100
MAPK14,O=C1CCCCN1c1cc(Nc2cc(Cl)ncn2)ccn1,100.00,stable,63091,0,amber14sb,tip3p,2026-07-09,compound,brev-h100
MAPKAPK2,Cc1ccc2ncn([C@@H]3CC[C@@H](N)C3)c(=O)c2c1,100.00,stable,495248,0,amber14sb,tip3p,2026-07-09,compound,brev-h100
MAPK14,FC(F)(F)c1ccc(OCC2CCNCC2)nc1,100.00,stable,58491,0,amber14sb,tip3p,2026-07-09,compound,brev-h100
MAPK11,CNC(=O)COc1ccc(-c2cnn(C)c2)cc1,100.00,stable,95456,0,amber14sb,tip3p,2026-07-09,compound,brev-h100
MAPK11,CN(C(=O)Nc1ccc(OCC#N)cc1)C1CCN(C(=O)C2CCC2)CC1,100.00,stable,97097,0,amber14sb,tip3p,2026-07-09,compound,brev-h100
MAPK14,COc1ncc(Oc2cccc(NC(=O)N(C)C)c2)c(C)n1,100.00,stable,64340,0,amber14sb,tip3p,2026-07-09,compound,brev-h100
MAPK11,O=C1CCC[C@@H](Cc2nc([C@@H]3CCC[C@@H](C(F)F)C3)no2)N1,100.00,stable,108876,0,amber14sb,tip3p,2026-07-09,compound,brev-h100
MAPK11,Cc1cc(CC2CC(N(C)C(=O)c3ccc4c(c3)CCC(=O)N4)C2)no1,100.00,stable,88191,0,amber14sb,tip3p,2026-07-09,compound,brev-h100
MAPK14,Cc1cc([C@@H](C)Oc2cccc3c2CC(=O)NC3)ncn1,100.00,stable,57121,0,amber14sb,tip3p,2026-07-09,compound,brev-h100
MAPKAPK2,COc1ccc(-c2nnc([C@H]3CCNC3)o2)cc1,100.00,stable,644562,0,amber14sb,tip3p,2026-07-09,compound,brev-h100
KEAP1,c1cnc(N2CCC[C@H](c3ccncn3)C2)nc1,100.00,stable,282487,0,amber14sb,tip3p,2026-07-09,compound,brev-h100
MAPK11,Cn1ccnc1C[C@H]1CCN(C(=O)C(C)(C)C)C1,100.00,stable,101692,0,amber14sb,tip3p,2026-07-09,compound,brev-h100
MAPK12,N#CCC(=O)Nc1sc2c(c1C(N)=O)CCCC2,100.00,stable,136659,0,amber14sb,tip3p,2026-07-09,compound,brev-h100
MAPK12,O=C1[C@H]2CC=CC[C@@H]2C(=O)N1c1ccccc1O,100.00,stable,130056,0,amber14sb,tip3p,2026-07-09,compound,brev-h100
MAPKAPK2,O=C(C1CCOCC1)N1CCC(C2(O)CC2)CC1,100.00,stable,573858,0,amber14sb,tip3p,2026-07-09,compound,brev-h100
MAPK11,O=S(=O)(NN1CCOCC1)c1cc(Cl)ccc1Cl,100.00,stable,109672,0,amber14sb,tip3p,2026-07-09,compound,brev-h100
KEAP1,CCNC(=O)c1cnc(-c2ccc(C(F)(F)F)nc2)s1,100.00,stable,327344,0,amber14sb,tip3p,2026-07-09,compound,brev-h100
MAPK12,CN(C(=O)c1ccc(F)cc1Br)C1CCNCC1,100.00,stable,111745,0,amber14sb,tip3p,2026-07-09,compound,brev-h100
MAPK14,O=C1C[C@H](n2cnc3ccccc32)[C@H]2CO[C@@H]1O2,100.00,stable,57164,0,amber14sb,tip3p,2026-07-09,compound,brev-h100
MAPK12,CN(C(=O)[C@@H](N)c1ccccc1)C1CCOCC1,100.00,stable,121931,0,amber14sb,tip3p,2026-07-09,compound,brev-h100
MAPK11,Cc1cc(C)nc(COc2cccc3c2CCNC3=O)c1,100.00,stable,101355,0,amber14sb,tip3p,2026-07-09,compound,brev-h100
HDAC2,O=C(Nc1ccc(Oc2ccc(C(F)(F)F)nn2)cc1)N1CC(F)(F)C1,100.00,stable,326690,0,amber14sb,tip3p,2026-07-09,compound,brev-h100
MAPK11,C[C@@H](Oc1cccc(Cl)c1)C(=O)N1CCOCC1,100.00,stable,89684,0,amber14sb,tip3p,2026-07-08,compound,brev-h100
MAPK12,Cn1nnc2cc(C(=O)N3CCCCC3)ccc21,100.00,stable,129051,0,amber14sb,tip3p,2026-07-08,compound,brev-h100
MAPK11,Cc1cccc(F)c1NC(=O)c1ccc(C(N)=O)c(F)c1,100.00,stable,108632,0,amber14sb,tip3p,2026-07-08,compound,brev-h100
MAPK13,CC(=O)N1CC[C@H]2CN(c3ncnc4[nH]ccc34)C[C@H]2C1=O,100.00,stable,69737,0,amber14sb,tip3p,2026-07-08,compound,brev-h100
MAPK11,CC(C)C1CN(C(=O)c2ncnc3[nH]cnc23)C1,100.00,stable,79199,0,amber14sb,tip3p,2026-07-08,compound,brev-h100
MAPK12,Cc1ccc(N2C(=O)S[C@H]3CS(=O)(=O)C[C@H]32)cc1,100.00,stable,129201,0,amber14sb,tip3p,2026-07-08,compound,brev-h100
MAPK12,O=C1NCCC12CCN(Cc1cccnc1)CC2,100.00,stable,104989,0,amber14sb,tip3p,2026-07-08,compound,brev-h100
MAPK13,N#CCN1CCC2(CC1)CNCc1ccccc12,100.00,stable,82402,0,amber14sb,tip3p,2026-07-08,compound,brev-h100
MAPK14,Cc1cccc(C(=O)N2CCC(C(N)=O)CC2)c1,100.00,stable,58839,0,amber14sb,tip3p,2026-07-08,compound,brev-h100
MAPK12,Cc1cc(-c2nccn2C[C@H]2CCN(C)C2)n[nH]1,100.00,stable,107405,0,amber14sb,tip3p,2026-07-08,compound,brev-h100
MAPKAPK2,Nc1cc(-c2ccc(=O)n(C3CCCCC3)c2)ncn1,100.00,stable,643566,0,amber14sb,tip3p,2026-07-08,compound,brev-h100
KEAP1,O=C(Nc1cnc(C(F)(F)F)nc1)[C@@H]1C[C@@H]1c1ccccc1,100.00,stable,523643,0,amber14sb,tip3p,2026-07-08,compound,brev-h100
MTOR,Nc1cc(C(F)F)c(-c2nc(C3CCOOC3)nc(N3CCOCC3)n2)cn1,100.00,stable,1068535,0,amber14sb,tip3p,2026-07-08,compound,brev-h100
MAPKAPK2,O=C1CCCC(=O)N1[C@@H]1CCCN2CCCC[C@@H]12,100.00,stable,550706,0,amber14sb,tip3p,2026-07-08,compound,brev-h100
MAPK12,O=C1CCC[C@H]2[C@H]3C[C@@H](CN12)[C@@H]1CCCCN1C3,100.00,stable,137940,0,amber14sb,tip3p,2026-07-08,compound,brev-h100
MAPK14,O=C(O)[C@H]1CCN(c2ncnc3ccccc23)C1,100.00,stable,57692,0,amber14sb,tip3p,2026-07-07,compound,brev-h100
MAPK11,CCC1CCC(C(=O)N2CCC(c3n[nH]c(C)n3)CC2)CC1,100.00,stable,91657,0,amber14sb,tip3p,2026-07-07,compound,brev-h100
MAPK11,Cc1noc([C@H](C)Oc2ccc3c(c2)NC(=O)CC(C)(C)O3)n1,100.00,stable,90477,0,amber14sb,tip3p,2026-07-07,compound,brev-h100
MAPK11,CCc1c(O)nc2nc(N3CCCC3)nn2c1C,100.00,stable,97760,0,amber14sb,tip3p,2026-07-07,compound,brev-h100
MAPK13,O=C1CCN1c1ccnc([C@@]2(C3CCCCC3)CCNC2=O)c1,100.00,stable,76719,0,amber14sb,tip3p,2026-07-07,compound,brev-h100
MAPK11,Cc1cnc([C@H](C)Oc2ccc3c(c2)CCNC3=O)cc1C,100.00,stable,97980,0,amber14sb,tip3p,2026-07-07,compound,brev-h100
MAPK11,Cc1cc(N2C[C@@H](C(=O)O)C3(CCC3)C2)ncn1,100.00,stable,88019,0,amber14sb,tip3p,2026-07-07,compound,brev-h100
MAPK14,Cc1cc(F)cc(N(C)C(=O)c2ccc(C(N)=O)cc2)c1,100.00,stable,63305,0,amber14sb,tip3p,2026-07-07,compound,brev-h100
MAPKAPK2,Clc1ccnc(-c2n[nH]c3c2[C@@H]2CC[C@H](C3)N2)c1,100.00,stable,691605,0,amber14sb,tip3p,2026-07-07,compound,brev-h100
MAPKAPK2,O=C(NC1CN2CCC1OC2)c1cccc2[nH]cnc12,100.00,stable,593593,0,amber14sb,tip3p,2026-07-07,compound,brev-h100
MAPK14,Cc1ccc(C(=O)NC(C)C)c(C)c1-c1c(C)nnc(C)c1C,100.00,stable,64588,0,amber14sb,tip3p,2026-07-07,compound,brev-h100
MAPK12,Cc1cc(C#N)cc(-c2cc(C(=O)NC(C)C)ccc2C)n1,100.00,stable,115760,0,amber14sb,tip3p,2026-07-07,compound,brev-h100
MAPK14,CN(C(=O)c1ccc2c(c1)CCO2)C1CCC(O)CC1,100.00,stable,62273,0,amber14sb,tip3p,2026-07-07,compound,brev-h100
MAPKAPK2,FC1(F)CC[C@H]2CN(c3ncnc4[nH]cnc34)C[C@H]21,100.00,stable,533377,0,amber14sb,tip3p,2026-07-07,compound,brev-h100
MAPK13,COc1ccc(C2CNC(=O)C2)cc1OCc1ccccn1,100.00,stable,76054,0,amber14sb,tip3p,2026-07-07,compound,brev-h100
MAPK14,O=C1CC2(CCNCC2)ON1Cc1ccccc1,100.00,stable,58674,0,amber14sb,tip3p,2026-07-07,compound,brev-h100
MAPK14,O=C(c1c[nH]c2ccc(F)cc12)N1CCOCC1,100.00,stable,58106,0,amber14sb,tip3p,2026-07-07,compound,brev-h100
MAPK14,Cc1nc(O[C@H](C)c2cccc3c2CCNC3=O)sc1C,100.00,stable,61926,0,amber14sb,tip3p,2026-07-07,compound,brev-h100
MAPK14,Cc1cc(Nc2ccc(F)c(C(=O)N3CCOCC3)c2)ncn1,100.00,stable,64217,0,amber14sb,tip3p,2026-07-07,compound,brev-h100
MAPK14,Cc1cccc(Nc2ncnc3c2cnn3C)n1,100.00,stable,56621,0,amber14sb,tip3p,2026-07-07,compound,brev-h100
MAPK14,Cc1ccc(C(=O)NC(C)C)cc1-c1ncnc(C)c1F,100.00,stable,64357,0,amber14sb,tip3p,2026-07-07,compound,brev-h100
MAPK11,COC1CCC(N(C)C(=O)Nc2ccc([C@@H]3CCC(=O)N3)cc2)CC1,100.00,stable,96632,0,amber14sb,tip3p,2026-07-06,compound,brev-h100
MAPK3,COc1ccc(C(=O)N[C@@H]2CCCc3[nH]c(=O)ccc32)cn1,100.00,stable,168402,0,amber14sb,tip3p,2026-07-06,compound,brev-h100
MAPK11,COc1ccc(C(=O)NC(C)C)cc1-c1cnc(C)nc1C,100.00,stable,90056,0,amber14sb,tip3p,2026-07-06,compound,brev-h100
MAPK14,Cc1cccc(CO[C@@H]2CC[C@@H]3NCCO[C@H]32)n1,100.00,stable,56941,0,amber14sb,tip3p,2026-07-06,compound,brev-h100
MAPK11,Cc1ccc(-n2nnnc2C2CCNCC2)cc1,100.00,stable,105040,0,amber14sb,tip3p,2026-07-06,compound,brev-h100
KEAP1,denovo_binder_9917,100.00,stable,0,0,amber14SB,tip3p,2026-07-06,compound,
MAPK14,O=C(c1ccc(Cl)cn1)N1CCc2nocc2C1,100.00,stable,57281,0,amber14sb,tip3p,2026-07-06,compound,brev-h100
KEAP1,denovo_binder_9916,100.00,stable,0,0,amber14SB,tip3p,2026-07-06,compound,
KEAP1,NC(C/C=C(\c1ccccn1)c1ccc(F)cc1F)C(=O)[O-],100.00,stable,603343,0,amber14sb,tip3p,2026-07-06,compound,brev-h100
KEAP1,denovo_binder_9914,100.00,stable,0,0,amber14SB,tip3p,2026-07-06,compound,
KEAP1,denovo_binder_9915,100.00,stable,0,0,amber14SB,tip3p,2026-07-06,compound,
KEAP1,denovo_binder_9913,100.00,stable,0,0,amber14SB,tip3p,2026-07-06,compound,
KEAP1,denovo_binder_9912,100.00,stable,0,0,amber14SB,tip3p,2026-07-06,compound,
HDAC2,Cc1noc([C@@H]2CN(C(=O)NCC3CCCC3)C[C@H]2C)n1,100.00,stable,346969,0,amber14sb,tip3p,2026-07-06,compound,brev-h100
MAPK12,CC(=O)N1CCc2c(cccc2NC(=O)C2(C#N)CCCCC2)C1,100.00,stable,120591,0,amber14sb,tip3p,2026-07-06,compound,brev-h100
MAPK3,Cc1ccc(NC(=O)c2cncc(N3CCOCC3)c2)cc1,100.00,stable,168296,0,amber14sb,tip3p,2026-07-06,compound,brev-h100
KEAP1,O=C(NCC1CC1)[C@@H]1CCO[C@H]1c1cncc(C(F)(F)F)c1,100.00,stable,488679,0,amber14sb,tip3p,2026-07-06,compound,brev-h100
MAPK11,CNC(=O)[C@H](NC(=O)c1ccc(Br)cc1)C(C)C,100.00,stable,82722,0,amber14sb,tip3p,2026-07-05,compound,brev-h100
MAPK12,Cc1nonc1[C@@H](C)Oc1cccc2c1CC(=O)NC2,100.00,stable,134070,0,amber14sb,tip3p,2026-07-05,compound,brev-h100
MAPK11,c1ccc(Oc2ncnc3[nH]cnc23)cc1,100.00,stable,90999,0,amber14sb,tip3p,2026-07-05,compound,brev-h100
MAPK14,O=c1cc2c(nn1CC1CCNCC1)CCCC2,100.00,stable,60068,0,amber14sb,tip3p,2026-07-05,compound,brev-h100
MAPK11,C[C@H]1[C@@H](c2ccccc2)CCN1C(=O)CN1CCOC1=O,100.00,stable,100757,0,amber14sb,tip3p,2026-07-05,compound,brev-h100
MAPK14,Clc1cc(N=NN2CCOC2)cc(Cl)c1NC1=NCCN1,100.00,stable,59836,0,amber14sb,tip3p,2026-07-05,compound,brev-h100
MAPK11,CC(=O)CCNC(=O)C1c2ccccc2C(=O)c2ccccc21,100.00,stable,92049,0,amber14sb,tip3p,2026-07-05,compound,brev-h100
MAPK14,O=C(NCC(F)(F)F)c1cccc(C(=O)N2CCOCC2)c1,100.00,stable,60123,0,amber14sb,tip3p,2026-07-05,compound,brev-h100
HDAC2,Cc1nc(COc2cccc(NC(=O)C(=O)N3CCCC(=O)[C@H]3C)c2)no1,100.00,stable,308596,0,amber14sb,tip3p,2026-07-05,compound,brev-h100
MAPK11,CC(=O)N1CCC([C@H]2CCCCN2C(=O)c2ccnc3[nH]cnc23)CC1,100.00,stable,93400,0,amber14sb,tip3p,2026-07-05,compound,brev-h100
MAPK11,Cc1noc(C[C@@H]2CCN(C(=O)N[C@@H]3CCCC3(F)F)C2)n1,100.00,stable,109963,0,amber14sb,tip3p,2026-07-05,compound,brev-h100
KEAP1,O=C(N[C@H]1CCN(c2ccc(C(F)(F)F)cn2)C1)C1CCOCC1,100.00,stable,287818,0,amber14sb,tip3p,2026-07-05,compound,brev-h100
MAPK14,C[C@@]1(N2CCN(C(=O)c3ccccc3)CC2)CNC(=O)C1,100.00,stable,63596,0,amber14sb,tip3p,2026-07-05,compound,brev-h100
UNK,,100.00,completed,0,0,amber14sb,tip3p,2026-07-05,compound,brev-h100
KEAP1,denovo_binder_8007,100.00,stable,53575,401.00,amber14sb,3site_tip3p,2026-07-05,compound,
MAPK14,COc1nnc(C)cc1-c1ccc(C(=O)N2CCCC2)cc1,100.00,stable,62788,0,amber14sb,tip3p,2026-07-05,compound,brev-h100
MAPK11,Cc1noc([C@H]2CCN(C(=O)NC34CCC(C)(CC3)C4)C2)n1,100.00,stable,97567,0,amber14sb,tip3p,2026-07-05,compound,brev-h100
MAPK11,Cc1nnc([C@@H](C)Oc2cccc3c2CCCC3=O)o1,100.00,stable,91329,0,amber14sb,tip3p,2026-07-05,compound,brev-h100
MAPK14,NC(=O)[C@H]1CCCCN1C(=O)NCCc1ccc(C(F)(F)F)cc1,100.00,stable,61053,0,amber14sb,tip3p,2026-07-05,compound,brev-h100
MAPK11,Cc1cnc(O[C@H](C)c2cccc3c2CCNC3=O)c(C)c1,100.00,stable,97860,0,amber14sb,tip3p,2026-07-05,compound,brev-h100
MAPK14,O=C(O)[C@H]1CN(C(=O)c2ccc3ccccc3c2)CC12CCC2,100.00,stable,59166,0,amber14sb,tip3p,2026-07-05,compound,brev-h100
MAPK11,O=C(NCC1(F)CCOCC1)C1(c2cccc(F)c2)CCC1,100.00,stable,92505,0,amber14sb,tip3p,2026-07-05,compound,brev-h100
MAPK14,O=C1NCCCC[C@H]1c1nc(Cc2ccc(C(F)(F)F)cc2)no1,100.00,stable,59886,0,amber14sb,tip3p,2026-07-05,compound,brev-h100
MAPK14,Cc1nccc(N2C[C@@H](C(=O)O)[C@H](C3CC3)C2)n1,100.00,stable,58676,0,amber14sb,tip3p,2026-07-05,compound,brev-h100
MAPK11,Cc1ccc(C(=O)N2CCC(NC(=O)C3CCCC3)CC2)o1,100.00,stable,95772,0,amber14sb,tip3p,2026-07-05,compound,brev-h100
MAPK14,CN(C)N1C(=O)C[C@@H](Nc2ccc(Cl)cc2)C1=O,100.00,stable,64437,0,amber14sb,tip3p,2026-07-04,compound,brev-h100
MAPK14,Cc1ccc2c(c1)[nH]c1c(=O)n(CCO)cnc12,100.00,stable,63261,0,amber14sb,tip3p,2026-07-04,compound,brev-h100
MAPK11,Cc1cccnc1O[C@@H](C)c1cccc2c1CCNC2=O,100.00,stable,88172,0,amber14sb,tip3p,2026-07-04,compound,brev-h100
MAPK14,CC(=O)N(C)C1CCN(C(=O)c2ccoc2)CC1,100.00,stable,62292,0,amber14sb,tip3p,2026-07-04,compound,brev-h100
HDAC2,Cc1cccc(-c2noc(CC(=O)O)n2)c1C,100.00,stable,330435,0,amber14sb,tip3p,2026-07-04,compound,brev-h100
HDAC2,CNC(=O)c1ccc(-c2ccc(C(=O)NC)c(OC)c2)cc1,100.00,stable,330188,0,amber14sb,tip3p,2026-07-04,compound,brev-h100
MAPK14,CN(C(=O)c1ccc(Cl)cc1)[C@@H]1CCS(=O)(=O)C1,100.00,stable,62147,0,amber14sb,tip3p,2026-07-04,compound,brev-h100
MAPK14,NC(=O)[C@H]1CCCN1C(=O)C1=NN(c2ccccc2)C(=O)CC1,100.00,stable,63037,0,amber14sb,tip3p,2026-07-04,compound,brev-h100
MAPK11,Cc1ncc(C)c(CNC(=O)c2cccc3c2NCCC3)n1,100.00,stable,110676,0,amber14sb,tip3p,2026-07-04,compound,brev-h100
HDAC2,Cc1nnc([C@H](C)N[C@@H]2C(=O)CCc3ccccc32)o1,100.00,stable,422639,0,amber14sb,tip3p,2026-07-04,compound,brev-h100
MAPK14,Cc1cccc([C@@H](C)S(=O)(=O)c2ncnn2C)c1,100.00,stable,58713,0,amber14sb,tip3p,2026-07-04,compound,brev-h100
HDAC2,Cc1noc(COc2cccc(O[C@@H](C)C(=O)NC(C)(C)C)c2)n1,100.00,stable,346521,0,amber14sb,tip3p,2026-07-04,compound,brev-h100
MAPK14,O=C1CN(C(=O)c2cc(F)c(Cl)cc2Cl)CCN1,100.00,stable,64450,0,amber14sb,tip3p,2026-07-04,compound,brev-h100
MAPK14,C[C@H](NC[C@]1(O)CC[C@@H](C)CC1)C1CCOCC1,100.00,stable,59105,0,amber14sb,tip3p,2026-07-03,compound,brev-h100
MAPK14,C[C@H](NC(=O)C1CCOCC1)c1cnc2ccc(F)cc2c1,100.00,stable,61104,0,amber14sb,tip3p,2026-07-03,compound,brev-h100
MAPK14,Fc1cccc2[nH]cc(Cc3nnon3)c12,100.00,stable,57546,0,amber14sb,tip3p,2026-07-03,compound,brev-h100
MAPK14,CN(C(=O)c1ccnc([C@@H]2CCCN2)c1)C1CCC(O)CC1,100.00,stable,61431,0,amber14sb,tip3p,2026-07-03,compound,brev-h100
MAPK12,Cc1cc(C(=O)N(C)CC(C)(C)C(=O)O)nc2ccccc12,100.00,stable,134712,0,amber14sb,tip3p,2026-07-03,compound,brev-h100
MAPK12,Cc1cnc(NC[C@H]2CCCCS2(=O)=O)nc1C,100.00,stable,107483,0,amber14sb,tip3p,2026-07-03,compound,brev-h100
MAPK14,COC(=O)[C@@H](c1cccc(C)c1)N1CCNCC1,100.00,stable,58478,0,amber14sb,tip3p,2026-07-03,compound,brev-h100
MAPK14,CCOC(=O)[C@@H]1C(=O)N(O)C[C@H]1c1ccccc1,100.00,stable,62723,0,amber14sb,tip3p,2026-07-03,compound,brev-h100
MAPK12,CC(=O)Oc1cccc(/C=C2/N[C@H](C)OC2=O)c1,100.00,stable,117119,0,amber14sb,tip3p,2026-07-02,compound,brev-h100
MAPK12,NC(=O)[C@@H]1C[C@H]1C1CN(C(=O)c2ccc3ccccc3c2)C1,100.00,stable,134447,0,amber14sb,tip3p,2026-07-02,compound,brev-h100
MAPK14,CC(C)NC(=O)c1cccc(-n2nccc2C(F)(F)F)c1,100.00,stable,63577,0,amber14sb,tip3p,2026-07-02,compound,brev-h100
MAPK14,OCCn1cc(NCc2cc(F)ccc2F)cn1,100.00,stable,58139,0,amber14sb,tip3p,2026-07-02,compound,brev-h100
MAPK12,O=C(Nc1ccccc1C(=O)N1CCC(F)(F)C1)c1ccccc1,100.00,stable,123749,0,amber14sb,tip3p,2026-07-02,compound,brev-h100
MAPK14,CCc1nc2c(cnn2C)c(=O)n1Cc1cccc(C(=O)NC)c1,100.00,stable,63914,0,amber14sb,tip3p,2026-07-02,compound,brev-h100
MAPK12,Cc1ncc(C)c(N(C)CC2CCN(C)CC2)n1,100.00,stable,128691,0,amber14sb,tip3p,2026-07-02,compound,brev-h100
MAPK12,Cc1ccc(C(=O)N[C@@H]2CCN(C(=O)c3ccoc3C)C2)cc1C,100.00,stable,130140,0,amber14sb,tip3p,2026-07-02,compound,brev-h100
MAPK14,COc1ccc(-c2cnc3ncnn3c2N)cc1,100.00,stable,60160,0,amber14sb,tip3p,2026-07-02,compound,brev-h100
MAPK14,CCc1c(C(=O)O)nnn1-c1ccc(F)cc1C,100.00,stable,61087,0,amber14sb,tip3p,2026-07-02,compound,brev-h100
MAPK14,Nc1c(C(=O)N2CCOCC2)oc2ccccc12,100.00,stable,57993,0,amber14sb,tip3p,2026-07-02,compound,brev-h100
MAPK14,CC(C)Oc1ccc([C@H]2OC(N)=C(O)C2=O)cc1,100.00,stable,65592,0,amber14sb,tip3p,2026-07-02,compound,brev-h100
MAPK12,OCCNc1ncc(-c2ccccc2F)n2ncnc12,100.00,stable,118091,0,amber14sb,tip3p,2026-07-02,compound,brev-h100
MAPK14,COC(=O)[C@H](C)Oc1cc([C@@H](C)NC(C)=O)ccc1C,100.00,stable,61428,0,amber14sb,tip3p,2026-07-02,compound,brev-h100
MAPK12,CNC(=O)c1ccc(-c2ncnc(C)c2C)cc1C(F)(F)F,100.00,stable,132452,0,amber14sb,tip3p,2026-07-02,compound,brev-h100
MAPK14,Cc1cc(C(=O)NC(C)C)cc(-c2cc(C)c(CC#N)cn2)c1,100.00,stable,62201,0,amber14sb,tip3p,2026-07-02,compound,brev-h100
MAPK12,CC(C)NC(=O)c1ccc(-c2ccnnc2C(F)(F)F)cc1,100.00,stable,129068,0,amber14sb,tip3p,2026-07-02,compound,brev-h100
MAPK14,CC(=O)Nc1ccc(O[C@@H](C)c2nccnc2C)c(C)c1C,100.00,stable,63699,0,amber14sb,tip3p,2026-07-01,compound,brev-h100
MAPK14,Cc1cc(NC(=O)CC2CCS(=O)(=O)CC2)c2ccc(F)cc2c1,100.00,stable,59018,0,amber14sb,tip3p,2026-07-01,compound,brev-h100
MAPK12,CC[C@H](CC(F)(F)F)Oc1ccc(OC)c(C(=O)NC)c1,100.00,stable,112245,0,amber14sb,tip3p,2026-07-01,compound,brev-h100
MAPK12,CCc1nc(CNC(=O)c2cccc(C)c2)no1,100.00,stable,144756,0,amber14sb,tip3p,2026-07-01,compound,brev-h100
MAPK14,Cc1ccc(F)c(NC(=O)C2CCS(=O)(=O)CC2)c1,100.00,stable,61604,0,amber14sb,tip3p,2026-07-01,compound,brev-h100
MAPK12,CNC(=O)c1cc(O[C@@H]2CCCNC2)ccc1Cl,100.00,stable,148748,0,amber14sb,tip3p,2026-07-01,compound,brev-h100
MAPK14,CCn1nc(C)c(-c2cc(F)cc(C(=O)NC3CC3)c2)c1C,100.00,stable,63569,0,amber14sb,tip3p,2026-07-01,compound,brev-h100
MAPK14,CC(C)c1nc([C@@H](C)NC(=O)Nc2cccc3c2C(=O)N(C)CC3)no1,100.00,stable,58103,0,amber14sb,tip3p,2026-07-01,compound,brev-h100
KEAP1,Cc1cnc(-c2cccc([N+](=O)[O-])c2)n2nc(F)nc12,100.00,stable,430806,0,amber14sb,tip3p,2026-07-01,compound,brev-h100
MAPKAPK2,Cc1cc(Nc2cccc(N3C(=O)NC4(CCCC4)C3=O)c2)ncn1,100.00,stable,692796,0,amber14sb,tip3p,2026-07-01,compound,brev-h100
KEAP1,CCn1c2cc(N3CCN(C)OC3)c(F)cc2n2c(=O)[nH]c(=O)cc12,100.00,stable,30985,0,amber14sb,tip3p,2026-06-30,compound,brev-h100
KEAP1,Cc1cc(C)cc(N(C)C(=O)c2ccc(NC(N)=O)c(C)c2)c1,100.00,stable,34879,0,amber14sb,tip3p,2026-06-30,compound,brev-h100
KEAP1,Cc1ccc(N2CC[C@@H](NC(=O)c3ccc(C(N)=O)cc3)C2)cc1,100.00,stable,41822,0,amber14sb,tip3p,2026-06-30,compound,brev-h100
KEAP1,Cc1ccc(Oc2ccc(NC(=O)N3CCC(C)CC3)cc2)nn1,100.00,stable,41772,0,amber14sb,tip3p,2026-06-30,compound,brev-h100
KEAP1,Cc1cc(Nc2ccc(N3C(=O)N4CC5CC4(C5)C3=O)cc2)ncn1,100.00,stable,42125,0,amber14sb,tip3p,2026-06-30,compound,brev-h100
KEAP1,Cc1cc(Nc2cc(F)cc(N3C(=O)CCCC3=O)c2)ncn1,100.00,stable,35704,0,amber14sb,tip3p,2026-06-30,compound,brev-h100
KEAP1,O=C(N[C@@H](Cc1ccccc1)c1nnon1)c1ccccc1,100.00,stable,39532,0,amber14sb,tip3p,2026-06-30,compound,brev-h100
KEAP1,Cc1cc(Nc2cccc(N3C(=O)[C@H]4CCCN4C3=O)c2)ncn1,100.00,stable,40164,0,amber14sb,tip3p,2026-06-30,compound,brev-h100
HDAC2,Cc1ccc([C@@H]2CCCN(C(=O)c3ccc(C(N)=O)cc3)C2)cc1,100.00,stable,45157,0,amber14sb,tip3p,2026-06-30,compound,brev-h100
HDAC2,CONC(=O)NCCc1ccccc1OC(F)F,100.00,stable,38818,0,amber14sb,tip3p,2026-06-30,compound,brev-h100
HDAC2,O=C(Nc1nnco1)[C@H]1CCCN(S(=O)(=O)c2ccc(F)c(F)c2)C1,100.00,stable,42629,0,amber14sb,tip3p,2026-06-30,compound,brev-h100
HDAC2,CNC(=O)NC(=O)CSc1ccc2c(c1)CCC2,100.00,stable,41857,0,amber14sb,tip3p,2026-06-30,compound,brev-h100
MAPKAPK2,Cc1ccc(C(=O)N[C@H]2CCN(C(=O)c3ccc[nH]3)C2)cc1,100.00,stable,531402,0,amber14sb,tip3p,2026-06-30,compound,brev-h100
HDAC2,Cc1ccc2occ(/C=N/NC(N)=S)c(=O)c2c1,100.00,stable,43893,0,amber14sb,tip3p,2026-06-30,compound,brev-h100
MAPKAPK2,Cc1cc(Oc2ncccn2)ccc1NC(=O)N1CCN(CC(F)(F)F)CC1,100.00,stable,689291,0,amber14sb,tip3p,2026-06-30,compound,brev-h100
HDAC2,C[C@H](CO)NC(=O)Cc1ccc2c(c1)CCCC2,100.00,stable,43405,0,amber14sb,tip3p,2026-06-30,compound,brev-h100
MAPK12,COc1cc2ncc3c(=O)o[nH]c3c2cc1OC,100.00,stable,137534,0,amber14sb,tip3p,2026-06-30,compound,brev-h100
MAPK12,C[C@H]1C[C@@H]1C(=O)N1CC[C@@H]2CN(c3ncnc4[nH]cnc34)C[C@@H]2C1,100.00,stable,80094,0,amber14sb,tip3p,2026-06-30,compound,brev-h100
HDAC2,COc1cccnc1-c1ccc(C(=O)N[C@H]2CCOC2)cc1,100.00,stable,385711,0,amber14sb,tip3p,2026-06-30,compound,brev-h100
MAPK14,Nc1ncnc2c1ncn2-c1cccc(CC(F)(F)F)c1,100.00,stable,63042,0,amber14sb,tip3p,2026-06-29,compound,brev-h100
MAPK14,O=C1CCC[C@@H]2[C@@H]3C[C@H](CN12)[C@@H]1CCCCN1C3,100.00,stable,54670,0,amber14sb,tip3p,2026-06-29,compound,brev-h100
MAPK12,Cc1cc(Nc2cccc(N3C(=O)NC4(CCCC4)C3=O)c2)ncn1,100.00,stable,187604,0,amber14sb,tip3p,2026-06-29,compound,brev-h100
MAPKAPK2,O=C1c2ccccc2[C@@]2(O)[C@@H]3C=CCCN3CN12,100.00,stable,448585,0,amber14sb,tip3p,2026-06-29,compound,brev-h100
KEAP1,O=C1N[C@H](C(=O)N[C@@H]2CC[C@H]3CCC[C@@H]3C2)CS1,100.00,stable,183251,0,amber14sb,tip3p,2026-06-29,compound,brev-h100
HDAC2,O=C(O)c1ccccc1CN1CCC(c2ccccc2)CC1,100.00,stable,314185,0,amber14sb,tip3p,2026-06-29,compound,brev-h100
MAPK14,Cc1cc(Nc2ccc(N3CCCCC3=O)cc2)ncn1,100.00,stable,69704,0,amber14sb,tip3p,2026-06-29,compound,brev-h100
MAPK12,CCC(C)COc1cc(C2CNC(=O)C2)ccc1COC,100.00,stable,114985,0,amber14sb,tip3p,2026-06-29,compound,brev-h100
HDAC2,Cc1ccc(CNC(=O)c2ccc(C(N)=O)cc2)cc1,100.00,stable,308615,0,amber14sb,tip3p,2026-06-29,compound,brev-h100
MAPKAPK2,Cc1ccc(N2CCc3c(N)cccc3C2)nn1,100.00,stable,551878,0,amber14sb,tip3p,2026-06-29,compound,brev-h100
MAPK14,N=C1S[C@H]2CS(=O)(=O)C[C@H]2N1Cc1ccccc1,100.00,stable,62537,0,amber14sb,tip3p,2026-06-29,compound,brev-h100
KEAP1,CN1CCN(C(=O)Nc2ccc(Oc3ccc(C(F)(F)F)nn3)cc2)CC1,100.00,stable,178314,0,amber14sb,tip3p,2026-06-28,compound,brev-h100
HDAC2,CCN1CCN(C(=O)Nc2ccc(Oc3ccc(C#N)cn3)cc2)CC1,100.00,stable,355684,0,amber14sb,tip3p,2026-06-28,compound,brev-h100
MAPK12,O=C1Nc2c(F)cc(Nc3cc(F)ncn3)cc2C12CCCC2,100.00,stable,136979,0,amber14sb,tip3p,2026-06-28,compound,brev-h100
MAPK14,O=C1CCC[C@H](Cc2nc([C@@H]3CCCCC3(F)F)no2)N1,100.00,stable,60045,0,amber14sb,tip3p,2026-06-28,compound,brev-h100
HDAC2,C/C=N/Nc1nnc2c3ccccc3n(C)c2n1,100.00,stable,367920,0,amber14sb,tip3p,2026-06-28,compound,brev-h100
MAPKAPK2,COc1cc2c(cc1OC)[C@@H]1C[C@]3(CNC(=O)O3)CON1CC2,100.00,stable,493896,0,amber14sb,tip3p,2026-06-28,compound,brev-h100
MAPKAPK2,NC(=O)c1nccnc1-c1nc2ccccc2s1,100.00,stable,680570,0,amber14sb,tip3p,2026-06-28,compound,brev-h100
KEAP1,O=C1NC(C(F)(F)F)(C(F)(F)F)N=C2SCCN12,100.00,stable,139852,0,amber14sb,tip3p,2026-06-28,compound,brev-h100
MAPK12,CCS(=O)(=O)[C@@H](C)C(=O)Nc1cc(F)ccc1C,100.00,stable,133541,0,amber14sb,tip3p,2026-06-28,compound,brev-h100
MAPK14,O=C(c1ccc(Cl)cn1)N1CCn2cncc2C1,100.00,stable,59962,0,amber14sb,tip3p,2026-06-28,compound,brev-h100
MAPK12,CCc1nc2ncc3c(n2n1)CC(C)(C)CC3=O,100.00,stable,137878,0,amber14sb,tip3p,2026-06-28,compound,brev-h100
HDAC2,CS(=O)c1ccc(C2=C(c3ccc(F)c(F)c3)C(=O)OC2(C)O)cc1,100.00,stable,278412,0,amber14sb,tip3p,2026-06-28,compound,brev-h100
MAPK14,Nc1cc(-c2ccc(=O)n(C3CCCCC3)c2)ncn1,100.00,stable,60705,0,amber14sb,tip3p,2026-06-28,compound,brev-h100
KEAP1,CCOC#C[C@@]1(C)O[C@@H]2OC(=O)N(C(=O)CCl)[C@@H]2CC1=O,100.00,stable,141014,0,amber14sb,tip3p,2026-06-27,compound,brev-h100
HDAC2,[H]N(C)C(=O)c1ccc(C(=O)NCC(=O)OC)cc1,100.00,stable,294508,0,amber14sb,tip3p,2026-06-27,compound,brev-h100
MAPKAPK2,O=C1Nc2c(F)cccc2N2CONCC12,100.00,stable,435389,0,amber14sb,tip3p,2026-06-27,compound,brev-h100
MAPK12,CC(=O)N1CCC(c2ccnc(N(C)C)c2)CC1,100.00,stable,135842,0,amber14sb,tip3p,2026-06-27,compound,brev-h100
MAPK14,Cc1nc(C(C)C)nc(C)c1Oc1cccc2c1CCNC2=O,100.00,stable,63244,0,amber14sb,tip3p,2026-06-27,compound,brev-h100
HDAC2,O=C1c2cccc(F)c2CN1CC1CCNCC1,100.00,stable,302176,0,amber14sb,tip3p,2026-06-27,compound,brev-h100
MAPK14,O=c1c2ncccc2nc(CO)n1-c1ccc(C(F)(F)F)cc1,100.00,stable,60182,0,amber14sb,tip3p,2026-06-27,compound,brev-h100
MAPK12,Cc1ccc(-c2nnn(C3CCNCC3)n2)cc1,100.00,stable,130140,0,amber14sb,tip3p,2026-06-27,compound,brev-h100
DNM1L,COC1=C(C=C(C(=C1)N2C(=O)C3=CC=CC=C3NC2=S)Cl)Cl,100.00,stable,776369,0,amber14sb,tip3p,2026-06-27,compound,brev-h100
PRKAA1,C1=CC=C(C(=C1)C2=CC=C(C=C2)C3=CSC4=C3C(=C(C(=O)N4)C#N)O)O,100.00,stable,568408,0,amber14sb,tip3p,2026-06-27,compound,brev-h100
MAPKAPK2,COC(=O)c1ccc(/N=N/N2CCOCC2)cc1,100.00,stable,535722,0,amber14sb,tip3p,2026-06-27,compound,brev-h100
HDAC2,Nc1ccc([N+](=O)[O-])cc1C(=O)c1ccccn1,100.00,stable,404022,0,amber14sb,tip3p,2026-06-27,compound,brev-h100
MAPK14,Cc1cc(Nc2ccc3c(c2)NC(=O)C3(C)C)ncn1,100.00,stable,57226,0,amber14sb,tip3p,2026-06-27,compound,brev-h100
MAPK12,CCOC(=O)C1C(=O)NCC1c1ccc(COC)c(OC)c1,100.00,stable,112369,0,amber14sb,tip3p,2026-06-27,compound,brev-h100
PPARD,CC1=C(C=CC(=C1)SCC2=C(N=C(S2)C3=CC=C(C=C3)C(F)(F)F)C)OCC(=O)O,100.00,stable,471006,0,amber14sb,tip3p,2026-06-27,compound,brev-h100
MAPK14,NC(=O)c1ccc(C(=O)Nc2cccc(F)c2)cc1,100.00,stable,64420,0,amber14sb,tip3p,2026-06-26,compound,brev-h100
MAPKAPK2,Cc1cc(Oc2ccc(NC(=O)N3CCN(CC(F)F)CC3)cc2)ncn1,100.00,stable,509729,0,amber14sb,tip3p,2026-06-26,compound,brev-h100
MAPKAPK2,CC(=O)c1cccc(NC(=O)c2cnn(C)c2)c1,100.00,stable,625578,0,amber14sb,tip3p,2026-06-26,compound,brev-h100
PKM2,CN1C2=C(C3=C1C(=O)N(N=C3)CC4=CC(=CC=C4)N)SC(=C2)S(=O)C,100.00,stable,135856,0,amber14sb,tip3p,2026-06-26,compound,brev-h100
LDHA,COC1=NC(=NC=C1C2=CC3=NC=C(C(=C3C=C2)NC4=CC(=CC(=C4)C(=O)O)OC5=CC(=CC(=C5)F)F)S(=O)(=O)NC6CC6)OC,100.00,stable,108748,0,amber14sb,tip3p,2026-06-26,compound,brev-h100
PGK1,COC1=C(C=C2C(=C1)C(=NC(=N2)N3CCN(CC3)C(=O)C4CCCO4)N)OC,100.00,stable,65064,0,amber14sb,tip3p,2026-06-26,compound,brev-h100
HDAC2,Cc1ccc(N(C)C(=O)c2ccc(C(N)=O)cc2)cc1,100.00,stable,329605,0,amber14sb,tip3p,2026-06-26,compound,brev-h100
MAPK12,O=C(CC(Cc1ccccc1)C(=O)NCCCc1nnon1)NO,100.00,stable,129243,0,amber14sb,tip3p,2026-06-26,compound,brev-h100
KEAP1,Fc1cccc(-n2cnnc2C2CCNCC2)c1,100.00,stable,263781,0,amber14sb,tip3p,2026-06-26,compound,brev-h100
HDAC2,CNC(=O)CCCc1nc(-c2ccccc2)no1,100.00,stable,330103,0,amber14sb,tip3p,2026-06-26,compound,brev-h100
KEAP1,CC(C)C1CN(C(=O)c2ncnc3[nH]cnc23)C1,100.00,stable,261368,0,amber14sb,tip3p,2026-06-26,compound,brev-h100
MAPK11,CNC(=O)c1cccc(Oc2ccc3c(c2)N(CC(F)(F)F)C(=O)C3)c1,100.00,stable,95140,551.60,GAFF2+ff14SB,TIP3P,2026-06-26,compound,
MAPK14,O=C1CCCCN1C(=O)Nc1ccc(Oc2cccnc2)cc1,100.00,stable,63165,0,amber14sb,tip3p,2026-06-25,compound,brev-h100
MAPK14,CNCc1cc(-c2cccc(C(F)(F)F)c2)n[nH]1,100.00,stable,58827,0,amber14sb,tip3p,2026-06-25,compound,brev-h100
MAPK11,C[C@H]1CC(C)(C)CC[C@H]1c1nc(C[C@@H]2CCCC(=O)N2)no1,100.00,stable,102045,233.94,GAFF2+ff14SB,TIP3P,2026-06-25,compound,
KEAP1,OC1([C@]2(O)C[C@@H](c3ccco3)NO2)CCCCC1,100.00,stable,138004,0,amber14sb,tip3p,2026-06-25,compound,brev-h100
KEAP1,[H]N([H])C(=O)c1ccc2c(c1)Cc1cc(N(O)C(C)=O)ccc1-2,100.00,stable,197680,0,amber14sb,tip3p,2026-06-25,compound,brev-h100
KEAP1,c1cc(-c2ncnc3c2ncn3C2CCOCC2)cnn1,100.00,stable,162481,0,amber14sb,tip3p,2026-06-25,compound,brev-h100
KEAP1,O=C1NC[C@]2(CON3CCc4ccccc4[C@@H]3C2)O1,100.00,stable,140056,0,amber14sb,tip3p,2026-06-25,compound,brev-h100
KEAP1,O=C1CN(c2ncnc3[nH]cnc23)CCN1Cc1ccccc1,100.00,stable,163588,0,amber14sb,tip3p,2026-06-25,compound,brev-h100
KEAP1,O=C(c1c[nH]c2ccccc2c1=O)N1CCCC1,100.00,stable,150776,0,amber14sb,tip3p,2026-06-25,compound,brev-h100
KEAP1,O=C(O)c1ccccc1[C@@H]1CN2COC[C@H]2c2ccccc21,100.00,stable,154483,0,amber14sb,tip3p,2026-06-25,compound,brev-h100
KEAP1,O=C(Nc1ccc(Oc2ncccn2)cc1)N1CCN(CC(F)(F)F)CC1,100.00,stable,136951,0,amber14sb,tip3p,2026-06-25,compound,brev-h100
KEAP1,O=C(N[C@@H](Cc1ccnnc1)C(=O)C(F)(F)F)c1ccccc1,100.00,stable,167151,0,amber14sb,tip3p,2026-06-25,compound,brev-h100
KEAP1,O=C(C=C1CCC1)N1CCN(c2ncnc3[nH]cnc23)CC1,100.00,stable,163455,0,amber14sb,tip3p,2026-06-25,compound,brev-h100
KEAP1,Nc1cc(Nc2nc(C3CC3)nc3c2CCCC3)ncn1,100.00,stable,329337,0,amber14sb,tip3p,2026-06-25,compound,brev-h100
KEAP1,Nc1ncnc2c1ncn2Cc1cc2ccccc2[nH]1,100.00,stable,199195,0,amber14sb,tip3p,2026-06-24,compound,brev-h100
KEAP1,Nc1ccccc1N1C(=O)[C@@H]2CC=CC[C@H]2C1=O,100.00,stable,175202,0,amber14sb,tip3p,2026-06-24,compound,brev-h100
KEAP1,NS(=O)(=O)c1ccc(C(=O)Nc2ccccc2)cc1,100.00,stable,177614,0,amber14sb,tip3p,2026-06-24,compound,brev-h100
KEAP1,N#Cc1cnc(-c2cccc([N+](=O)[O-])c2)n2nc(N)nc12,100.00,stable,288941,0,amber14sb,tip3p,2026-06-24,compound,brev-h100
KEAP1,N#Cc1cnc(-c2ccccc2)n2nc(N)nc12,100.00,stable,205294,0,amber14sb,tip3p,2026-06-24,compound,brev-h100
KEAP1,NC(C/C=C(\c1ccc(CO)cc1)c1ccc(F)cc1F)C(=O)[O-],100.00,stable,166812,0,amber14sb,tip3p,2026-06-24,compound,brev-h100
KEAP1,N#Cc1cccc(-c2nccc3nc(N)nn23)c1,100.00,stable,134471,0,amber14sb,tip3p,2026-06-24,compound,brev-h100
KEAP1,Cn1ccnc(Oc2ccc(NC(=O)N3CCN(CC(F)F)CC3)cc2)c1=O,100.00,stable,163723,0,amber14sb,tip3p,2026-06-24,compound,brev-h100
KEAP1,N#Cc1ccc(/C(=C\CC(N)C(=O)[O-])c2ccc(F)cc2F)cc1,100.00,stable,118423,0,amber14sb,tip3p,2026-06-24,compound,brev-h100
KEAP1,Cc1cnc(NC(=O)c2ccc(N3CCCC3)cc2)cn1,100.00,stable,166901,0,amber14sb,tip3p,2026-06-24,compound,brev-h100
KEAP1,Cc1ccc(NC(=O)c2cccc(S(N)(=O)=O)c2)c(C)c1,100.00,stable,153764,0,amber14sb,tip3p,2026-06-24,compound,brev-h100
KEAP1,Cc1ccc(C2CCN(C(=O)c3ccc(C(N)=O)cc3)CC2)cc1,100.00,stable,281088,0,amber14sb,tip3p,2026-06-23,compound,brev-h100
KEAP1,Cc1ccc(CN(C)C(=O)c2ccc(C(N)=O)cc2)cc1,100.00,stable,174516,0,amber14sb,tip3p,2026-06-23,compound,brev-h100
KEAP1,Cc1ccc(CNC(=O)c2ccc(C(N)=O)cc2)cc1,100.00,stable,113824,0,amber14sb,tip3p,2026-06-23,compound,brev-h100
KEAP1,Cc1ccc(C(=O)Nc2ccccc2C(N)=O)o1,100.00,stable,160476,0,amber14sb,tip3p,2026-06-23,compound,brev-h100
KEAP1,Cc1cc(Oc2ncccn2)ccc1NC(=O)N1CCN(CC(F)(F)F)CC1,100.00,stable,146270,0,amber14sb,tip3p,2026-06-23,compound,brev-h100
KEAP1,Cc1cc(Nc2cc(N3CCCCC3=O)ncn2)on1,100.00,stable,198379,0,amber14sb,tip3p,2026-06-23,compound,brev-h100
KEAP1,Cc1cc(Nc2cc(C3CC3)nc3c2CCC(=O)N3C)ncn1,100.00,stable,166828,0,amber14sb,tip3p,2026-06-23,compound,brev-h100
KEAP1,Cc1cc(NC(=O)c2ccc([S@](C)=O)cc2)cc(C)n1,100.00,stable,166844,0,amber14sb,tip3p,2026-06-23,compound,brev-h100
KEAP1,Cc1cc(F)cc(NC(=O)c2ccc(C(N)=O)cc2)c1,100.00,stable,191970,0,amber14sb,tip3p,2026-06-23,compound,brev-h100
KEAP1,C[C@@]1(c2cccc3ccccc23)NC(=O)NC1=O,100.00,stable,272359,0,amber14sb,tip3p,2026-06-23,compound,brev-h100
KEAP1,C[C@@H]1CCCN(C2=NS(=O)(=O)c3ccccc32)C1,100.00,stable,288390,0,amber14sb,tip3p,2026-06-22,compound,brev-h100
KEAP1,C[C@H]1C[C@@H](N2CCOC3(CCCC3)C2)C(=O)N1c1cc(N)ncn1,100.00,stable,166761,0,amber14sb,tip3p,2026-06-22,compound,brev-h100
KEAP1,C[C@@H]1C[C@@H](n2cnc3c4nc(nc32)C(=O)N4)CCO1,100.00,stable,138757,0,amber14sb,tip3p,2026-06-22,compound,brev-h100
KEAP1,CN(C)C1CN(C(=O)Nc2ccc(Oc3cccnn3)cc2)C1,100.00,stable,186113,0,amber14sb,tip3p,2026-06-22,compound,brev-h100
KEAP1,COc1ccc(C2CNC(=O)C2)cc1OCc1ccncc1,100.00,stable,167133,0,amber14sb,tip3p,2026-06-22,compound,brev-h100
KEAP1,COc1ccc(C2CNC(=O)C2)cc1OCc1ccnnc1,100.00,stable,135927,0,amber14sb,tip3p,2026-06-22,compound,brev-h100
KEAP1,COCc1cc2c(cc1OC)[C@@H]1C[C@@]3(CCN1CC2)CNC(=O)O3,100.00,stable,122999,0,amber14sb,tip3p,2026-06-22,compound,brev-h100
KEAP1,CNC(=O)COc1ccccc1-c1ccc2nccnc2c1,100.00,stable,183572,0,amber14sb,tip3p,2026-06-22,compound,brev-h100
KEAP1,CN1CC[C@@H]2CN(c3ncnc4[nH]ccc34)C[C@@H]2C1=O,100.00,stable,261798,0,amber14sb,tip3p,2026-06-22,compound,brev-h100
HDAC2,CC(=O)NCCc1ccccc1F,100.00,stable,365070,0,amber14sb,tip3p,2026-06-22,compound,brev-h100
KEAP1,CN1CCC(N(C)C(=O)Nc2ccc(Oc3cnccn3)cc2)CC1,100.00,stable,143437,0,amber14sb,tip3p,2026-06-22,compound,brev-h100
MICU1,C[C@H](NC(=O)c1cccc(C(F)(F)F)c1)C(=O)O,100.00,stable,703007,0,amber14sb,tip3p,2026-06-21,compound,brev-h100
KEAP1,CN(C)C(=O)c1ncccc1Nc1ccnc2ccccc12,100.00,stable,208919,0,amber14sb,tip3p,2026-06-21,compound,brev-h100
MAPK11,COc1cccc(C2=Nn3c(C)nnc3SC2)c1,100.00,stable,95507,0,amber14sb,tip3p,2026-06-21,compound,brev-h100
MAPK11,COc1ccc(NC(C)=O)cc1[C@@H]1CCC(=O)N1,100.00,stable,92600,0,amber14sb,tip3p,2026-06-21,compound,brev-h100
KEAP1,CCn1c2cc(N3CCNCC3)c(C)cc2n2c(=O)n(O)c(=O)cc12,100.00,stable,188055,0,amber14sb,tip3p,2026-06-21,compound,brev-h100
MAPK11,COc1cc2c(cc1O)CCN1CC[C@@]3(CNC(=O)O3)C[C@@H]21,100.00,stable,110790,0,amber14sb,tip3p,2026-06-21,compound,brev-h100
MICU1,CN1CCC(=O)/C(=C/c2ccc([N+](=O)[O-])cc2)C1,100.00,stable,838956,0,amber14sb,tip3p,2026-06-21,compound,brev-h100
KEAP1,CCc1cc(-c2nccc(C(N)=O)n2)c2ccccc2n1,100.00,stable,183444,0,amber14sb,tip3p,2026-06-21,compound,brev-h100
MAPK11,COC1(CN[C@@H]2CCC[C@H](C)[C@@H]2C)CCOCC1,100.00,stable,113406,0,amber14sb,tip3p,2026-06-21,compound,brev-h100
KEAP1,CC[C@@H]1C[C@H]1C(=O)N1CCC(N(C)c2ncnc3[nH]cnc23)CC1,100.00,stable,151435,0,amber14sb,tip3p,2026-06-21,compound,brev-h100
MICU1,CN(C)C(=O)c1ncccc1Nc1ccnc2ccccc12,100.00,stable,812433,0,amber14sb,tip3p,2026-06-21,compound,brev-h100
KEAP1,CCOc1cc(NC(=O)N2CCN(CC(F)(F)F)CC2)cnn1,100.00,stable,179008,0,amber14sb,tip3p,2026-06-20,compound,brev-h100
MICU1,COc1ccc(C(=O)C2CCNCC2)cc1OC,100.00,stable,215040,0,amber14sb,tip3p,2026-06-20,compound,brev-h100
MAPK11,COC(=O)c1nc(=O)n(-c2ccc(Cl)c(Cl)c2)[nH]1,100.00,stable,88197,0,amber14sb,tip3p,2026-06-20,compound,brev-h100
KEAP1,CCNC(=O)c1ccccc1Nc1nnnc2ccccc12,100.00,stable,161495,0,amber14sb,tip3p,2026-06-20,compound,brev-h100
MAPK11,CN1CC[C@H](c2nc(-c3ccoc3)no2)CC1=O,100.00,stable,90598,0,amber14sb,tip3p,2026-06-20,compound,brev-h100
MICU1,COc1ccc(/C=N/C2=NNC(=O)[C@H](C)S2)cc1,100.00,stable,149251,0,amber14sb,tip3p,2026-06-20,compound,brev-h100
MAPK12,O=C1[C@H]2CC=CC[C@H]2C(=O)N1c1ccccc1O,100.00,stable,132453,0,amber14sb,tip3p,2026-06-20,compound,brev-h100
MAPK11,CN(C(=O)Cc1ccccc1)[C@H]1CC[S@](=N)(=O)C1,100.00,stable,99337,0,amber14sb,tip3p,2026-06-20,compound,brev-h100
MICU1,COCc1noc(CNC(=O)c2ccc(OC)nc2)n1,100.00,stable,166151,0,amber14sb,tip3p,2026-06-20,compound,brev-h100
MAPK12,NC(=O)c1ccnc(N2CC[C@@H]3CCCC[C@H]32)c1,100.00,stable,115120,0,amber14sb,tip3p,2026-06-20,compound,brev-h100
MAPK12,NC(=O)c1ccc2c(c1)NC(=O)C1CNCON21,100.00,stable,116564,0,amber14sb,tip3p,2026-06-20,compound,brev-h100
MAPK11,CCOc1cc(NC(=O)NC2(CC)CCCC2)ncn1,100.00,stable,86818,0,amber14sb,tip3p,2026-06-20,compound,brev-h100
KEAP1,CCN1CCN(C(=O)Nc2ccc(Oc3cc(C)ccn3)cc2)CC1=O,100.00,stable,166702,0,amber14sb,tip3p,2026-06-20,compound,brev-h100
MAPK11,CCCn1c(=O)n(C)c(=O)c2[nH]c(-c3ccnnc3)nc21,100.00,stable,100913,0,amber14sb,tip3p,2026-06-20,compound,brev-h100
KEAP1,CCN1CCC(N(C)C(=O)Nc2ccc(Oc3cccnn3)cc2)CC1,100.00,stable,178245,0,amber14sb,tip3p,2026-06-20,compound,brev-h100
MAPK11,CC(C)(CO)Nc1ncnc2c1ncn2-c1ccccc1,100.00,stable,89211,0,amber14sb,tip3p,2026-06-20,compound,brev-h100
MAPK12,COc1cc2c(cc1OC)[C@@H]1C[C@@]3(CNC(=O)O3)CON1CC2,100.00,stable,137396,0,amber14sb,tip3p,2026-06-19,compound,brev-h100
KEAP1,CCCn1c(=O)n(C)c(=O)c2[nH]c(CCc3ccnnc3)nc21,100.00,stable,141640,0,amber14sb,tip3p,2026-06-19,compound,brev-h100
MAPK14,COc1ccc(/C(=C\CC(N)C(=O)[O-])c2ccc(F)cc2F)cc1,100.00,stable,59390,0,amber14sb,tip3p,2026-06-19,compound,brev-h100
MAPK11,CC(=O)Nc1ccc(/C=C2/C(=O)ON=C2C)cc1,100.00,stable,95471,0,amber14sb,tip3p,2026-06-19,compound,brev-h100
MAPK14,CCn1c2cc(N3CCNCC3)c(C)cc2n2c(=O)n(O)c(=O)cc12,100.00,stable,61112,0,amber14sb,tip3p,2026-06-19,compound,brev-h100
MICU1,CC(=O)Nc1nnc(-c2ccc([N+](=O)[O-])cc2)o1,100.00,stable,203723,0,amber14sb,tip3p,2026-06-19,compound,brev-h100
MAPK12,CC1(C)C[C@](C)([C@@H]2C(=O)CC(C)(C)C2=O)OC1=O,100.00,stable,137349,0,amber14sb,tip3p,2026-06-19,compound,brev-h100
HDAC2,N[C@@H](Cc1cccc(-c2ccccn2)c1)C(=O)O,100.00,stable,387452,0,amber14sb,tip3p,2026-06-19,compound,brev-h100
KEAP1,CCN1CCN(C(=O)Nc2ccc(Oc3ccc(C#N)cn3)cc2)CC1,100.00,stable,141721,396.06,GAFF2+ff14SB,TIP3P,2026-06-19,compound,
HDAC2,O=C(O)CCNC(=O)c1ccc(C(F)(F)F)cc1,100.00,stable,327598,0,amber14sb,tip3p,2026-06-19,compound,brev-h100
HDAC2,CC(=O)NCCc1ccc(F)cc1,100.00,stable,385614,0,amber14sb,tip3p,2026-06-19,compound,brev-h100
MAPK11,CC(=O)N[C@@H]1c2ccccc2CC[C@H]1OC(C)=O,100.00,stable,86217,0,amber14sb,tip3p,2026-06-19,compound,brev-h100
HDAC2,CC(=O)NCCCC1=C(CNC(C)=O)CCCC1,100.00,stable,330505,0,amber14sb,tip3p,2026-06-19,compound,brev-h100
HDAC2,Cc1ccc(C2CCN(C(=O)c3ccc(C(N)=O)cc3)CC2)cc1,100.00,stable,349628,0,amber14sb,tip3p,2026-06-19,compound,brev-h100
KEAP1,CCC(=O)N1CCOC[C@H]1C(=O)Nc1cc(C)nc2cccnc12,100.00,stable,149284,0,amber14sb,tip3p,2026-06-19,compound,brev-h100
MAPK11,Cc1ccc(C(=O)Nc2cc(C(N)=O)ccc2C)cc1,100.00,stable,122884,0,amber14sb,tip3p,2026-06-19,compound,brev-h100
MAPK12,Cc1ccc2c(c1)C1(CCN(C(=O)Nc3cccc(C(=O)N(C)C)c3)CC1)C(=O)N2,100.00,stable,116134,0,amber14sb,tip3p,2026-06-19,compound,brev-h100
MAPK11,Cc1cc(Oc2ccc(NC(=O)N3CCN(CCN(C)C)CC3)cc2)ncn1,100.00,stable,91834,0,amber14sb,tip3p,2026-06-19,compound,brev-h100
MAPK11,NC(=O)C1CCN(C(=O)c2cccc(I)c2)CC1,100.00,stable,88865,0,amber14sb,tip3p,2026-06-19,compound,brev-h100
MUSK,O=C(NC1C=CS(=O)(=O)C1)C12CC(c3ccc(F)cc3)(C1)C2,100.00,stable,87296,0,amber14sb,tip3p,2026-06-19,compound,brev-h100
MAPK14,O=C(O)c1ccccc1[C@@H]1CN2COC[C@@H]2c2ccccc21,10.00,stable,63419,0,amber14sb,tip3p,2026-06-19,compound,brev-h100
ROCK2,NC(=O)C1(C(=O)N2CCCC(C3(NC(=O)c4ccccn4)CC3)C2)CC1,10.00,stable,30037,501.03,GAFF2+ff14SB,TIP3P,2026-05-30,compound,
ROCK2,Cc1ccc(CNC(=O)[C@H]2CNC(=O)N2)cc1C,10.00,stable,14078,684.32,GAFF2+ff14SB,TIP3P,2026-05-30,compound,
ROCK2,Cc1nc(-c2ccccc2)ncc1C(=O)N1CCCC1C(C)(C)O,10.00,stable,14382,464.54,GAFF2+ff14SB,TIP3P,2026-05-30,compound,
RIPK3,CN1C(=O)N/C(=C/c2ccc(F)cc2)C1=O,10.00,stable,14155,639.90,GAFF2+ff14SB,TIP3P,2026-05-30,compound,
ROCK2,Cc1c(C(=O)O)c(-c2ccccc2)nn1C,10.00,stable,19377,753.00,GAFF2+ff14SB,TIP3P,2026-05-30,compound,
ROCK2,Cc1nnc(CN2CCc3ncnc(O)c3C2)s1,10.00,stable,70634,260.54,GAFF2+ff14SB,TIP3P,2026-05-30,compound,
MICU1,COc1ccc(NC(=O)C(=O)NC2CCCCC2)cn1,10.00,stable,11259,685.83,GAFF2+ff14SB,TIP3P,2026-05-30,compound,
ROCK2,OCCNC1CCN(c2ncnc3[nH]c(C(F)(F)F)nc23)CC1,10.00,stable,27621,530.04,GAFF2+ff14SB,TIP3P,2026-05-30,compound,
ROCK2,CS(=O)(=O)N1CCC(Nc2ncnc3c2cnn3CCO)CC1,10.00,moderate,43125,437.56,GAFF2+ff14SB,TIP3P,2026-05-30,compound,
RIPK3,Cc1cnccc1N1CCC(C(=O)N2CCOC[C@@H]2C)CC1,10.00,stable,13830,617.80,GAFF2+ff14SB,TIP3P,2026-05-30,compound,
ROCK2,Cn1c(C(=O)N2CCn3cc(C(=O)NO)cc3C2)cc(C(F)(F)F)c1Cl,10.00,stable,13739,677.72,GAFF2+ff14SB,TIP3P,2026-05-30,compound,
ROCK2,CCc1nc(CC(=O)Nc2cc(C)nn2CCC#N)cs1,10.00,stable,41995,650.00,GAFF2+ff14SB,TIP3P,2026-05-30,compound,
ROCK2,Cc1ccc(NC(=O)C2CCN(C(=O)c3cnc(C)cn3)CC2)nc1,10.00,stable,15029,576.57,GAFF2+ff14SB,TIP3P,2026-05-30,compound,
ROCK2,O=C(Cc1ccc2ccccc2c1)NC1CC1,10.00,moderate,42771,413.07,GAFF2+ff14SB,TIP3P,2026-05-30,compound,
LIMK2,CCNC(=O)[C@]1(C)Oc2ccc(Cl)cc2NC1=O,10.00,stable,15059,597.02,GAFF2+ff14SB,TIP3P,2026-05-30,compound,
RIPK3,CC(C)C(NC(=O)C1CO1)c1ccc2[nH]c(=O)oc2c1,10.00,moderate,12049,663.91,GAFF2+ff14SB,TIP3P,2026-05-30,compound,
ROCK1,C=CC(=O)NCC(=O)N1CCCC(C(=O)Nc2ccccc2OC)C1,10.00,stable,38776,627.87,GAFF2+ff14SB,TIP3P,2026-05-30,compound,
ROCK1,Cc1cc(C(=O)N2CCC(S(=O)(=O)N3CCCC3)CC2)ccn1,10.00,moderate,33906,572.87,GAFF2+ff14SB,TIP3P,2026-05-30,compound,
ROCK2,CC(C)NC(=O)CNc1ccc2nnc(C(F)(F)F)n2n1,10.00,moderate,14884,607.00,GAFF2+ff14SB,TIP3P,2026-05-30,compound,
ROCK2,O=C([C@H]1CNc2ccccc2O1)N1CCCC1,10.00,stable,14110,691.68,GAFF2+ff14SB,TIP3P,2026-05-30,compound,
LIMK2,CO[C@H]1C[C@@H](CO)N(c2cnc3ccccc3n2)C1,10.00,stable,12835,777.40,GAFF2+ff14SB,TIP3P,2026-05-30,compound,
RIPK3,CCCCC1(c2cccc(C)c2)NC(=O)NC1=O,10.00,moderate,12644,997.17,GAFF2+ff14SB,TIP3P,2026-05-30,compound,
RIPK3,OC[C@@H]1C[C@H](F)CN1Cc1nc(Cc2ccccc2)no1,10.00,stable,13218,634.77,GAFF2+ff14SB,TIP3P,2026-05-30,compound,
MICU1,O=C(O)c1ccccc1CN1CCC(c2ccccc2)CC1,10.00,stable,15452,643.02,GAFF2+ff14SB,TIP3P,2026-05-30,compound,
KEAP1,O=C(NC1CCOCC1)c1ccc(-n2ccnc2)nc1,10.00,stable,17813,691.12,GAFF2+ff14SB,TIP3P,2026-05-30,compound,
ROCK2,CSc1nnc(-c2ccc(F)cc2)c(O)n1,10.00,stable,41499,608.75,GAFF2+ff14SB,TIP3P,2026-05-30,compound,
ROCK2,C#C[C@]1(C)CN1n1c(C)nc2ccccc2c1=O,10.00,moderate,20352,881.53,GAFF2+ff14SB,TIP3P,2026-05-30,compound,
LIMK2,O=C1c2ccccc2CC[C@@H]1C(=O)C(F)(F)F,10.00,stable,13474,607.47,GAFF2+ff14SB,TIP3P,2026-05-30,compound,
MICU1,C[C@@H](NC(=O)C(C)(C)C)C(=O)NCc1ccccc1F,10.00,moderate,16857,890.84,GAFF2+ff14SB,TIP3P,2026-05-30,compound,
ROCK2,Cc1ccc2cc(CO)c(O)nc2c1C,10.00,moderate,12837,751.36,GAFF2+ff14SB,TIP3P,2026-05-30,compound,
ROCK1,Cc1cc(NC2CCN(c3nc(C)cc(=O)[nH]3)C2)ncn1,10.00,moderate,12554,738.36,GAFF2+ff14SB,TIP3P,2026-05-30,compound,
RIPK3,C/C(Cn1nnc([N+](=O)[O-])n1)=N\NC(=O)c1ccccc1Cl,10.00,stable,14254,549.79,GAFF2+ff14SB,TIP3P,2026-05-30,compound,
ROCK2,O=C(O)CCCc1ccc2c(c1Br)C=CC2,10.00,stable,14897,758.60,GAFF2+ff14SB,TIP3P,2026-05-30,compound,
ROCK2,CCN(Cc1nc2ccccc2c(=O)[nH]1)C(=O)CCn1cccn1,10.00,stable,79602,252.96,GAFF2+ff14SB,TIP3P,2026-05-30,compound,
ROCK2,CN1N=C(C(=O)OCc2ccccc2)CCC1=O,10.00,stable,14213,592.25,GAFF2+ff14SB,TIP3P,2026-05-30,compound,
ROCK2,O=C(Nc1ccc(CO)cc1)NC1CCOC12CCCC2,10.00,stable,26711,666.33,GAFF2+ff14SB,TIP3P,2026-05-30,compound,
ROCK2,CC1=CSc2nnc(-c3ccccc3Cl)n2N1,10.00,moderate,12416,1055.33,GAFF2+ff14SB,TIP3P,2026-05-30,compound,
LIMK2,CCn1cnnc1C1CCCN(C(=O)C2(c3ccccc3)CC2)C1,10.00,stable,15489,570.87,GAFF2+ff14SB,TIP3P,2026-05-30,compound,
ROCK1,COc1ccc2c(c1)CCC1C2CCC(=O)N1C,10.00,stable,15169,634.08,GAFF2+ff14SB,TIP3P,2026-05-30,compound,
LIMK2,O=C(CC=Cc1ccc(F)cc1)N1CCC[C@H]1Cn1ccnn1,10.00,stable,15296,546.65,GAFF2+ff14SB,TIP3P,2026-05-30,compound,
RIPK3,O=c1[nH]ccc2cc(O[C@H]3CNCOC3)ccc12,10.00,moderate,12690,666.22,GAFF2+ff14SB,TIP3P,2026-05-30,compound,
ROCK2,Cc1ccc(-n2cccc2CO)cc1Cl,10.00,stable,13223,647.58,GAFF2+ff14SB,TIP3P,2026-05-30,compound,
ROCK2,CN(Cc1ccccc1Cl)C(=O)[C@H]1C[C@@H]1C(=O)O,10.00,moderate,65425,379.07,GAFF2+ff14SB,TIP3P,2026-05-30,compound,
NFE2L2,CC1(C)O[C@@H]2C[C@H]3[C@@H]4CCC5=CC(=O)C=C[C@]5(C),10.00,moderate,13429,576.41,GAFF2+ff14SB,TIP3P,2026-05-30,compound,
RIPK3,Oc1nc2cc(C(F)(F)F)cc(Cl)c2nc1O,10.00,stable,13276,1022.30,GAFF2+ff14SB,TIP3P,2026-05-30,compound,
RIPK3,Cn1ncc2c(NCCCn3nc4n(c3=O)CCCC4)ncnc21,10.00,moderate,15545,565.57,GAFF2+ff14SB,TIP3P,2026-05-30,compound,
LIMK2,C[C@H]1CN(c2ccc(C(N)=O)cc2N)C[C@@H](C)O1,10.00,stable,13309,853.59,GAFF2+ff14SB,TIP3P,2026-05-30,compound,
LIMK2,N#CC1CN(C(=O)Cn2nc3ccccc3n2)C1,10.00,stable,15272,952.12,GAFF2+ff14SB,TIP3P,2026-05-30,compound,
RIPK3,O=C1c2cc(F)ccc2CN1[C@H]1CCCNC1,10.00,stable,15668,611.67,GAFF2+ff14SB,TIP3P,2026-05-30,compound,
ROCK2,CC(Sc1nnc(-c2cccs2)n1-c1ccccc1)C(N)=O,10.00,stable,86979,250.14,GAFF2+ff14SB,TIP3P,2026-05-30,compound,
LIMK2,CC(C)C1CN(C)CCN1C(=O)c1ncc(C#N)cc1Cl,10.00,stable,13106,572.56,GAFF2+ff14SB,TIP3P,2026-05-30,compound,
RIPK3,[H]N([H])c1ccc(/C=C2\NC(=O)NC2=O)cc1,10.00,stable,13391,877.69,GAFF2+ff14SB,TIP3P,2026-05-30,compound,
LIMK2,NC(=O)c1cc(F)c(N[C@@H]2CC[C@@H](N)OC2)cc1F,10.00,stable,12932,1022.90,GAFF2+ff14SB,TIP3P,2026-05-30,compound,
RIPK3,Cc1cnc(C(=O)N2CCOC(c3noc(C)n3)C2)c(C)c1,10.00,stable,14740,586.68,GAFF2+ff14SB,TIP3P,2026-05-30,compound,
LIMK2,O=C(CCc1ccccc1)N1CCC(O)(CO)C1,10.00,stable,14523,596.24,GAFF2+ff14SB,TIP3P,2026-05-30,compound,
LIMK2,C[C@H]1C(=O)N([C@H]2C[C@H](c3ccc(Cl)cc3)C2)C(=O)N1,10.00,stable,14149,633.15,GAFF2+ff14SB,TIP3P,2026-05-30,compound,
LIMK2,Cc1cc(N2CCN(C(=O)c3ccco3)CC2)n2ncnc2n1,10.00,stable,11953,809.79,GAFF2+ff14SB,TIP3P,2026-05-30,compound,
ROCK1,CC1(C)CC(=O)[C@H]2C(c3cccnc3)=NN[C@H]2C1,10.00,moderate,16089,740.19,GAFF2+ff14SB,TIP3P,2026-05-30,compound,
ROCK2,O=C(c1nc[nH]n1)N1CC(c2ccccc2)C2(CCC2)C1,10.00,moderate,40345,432.96,GAFF2+ff14SB,TIP3P,2026-05-30,compound,
ROCK2,CN(C)CCOc1ccc(C(=O)NC2CCc3cc(F)c(F)cc32)cn1,10.00,moderate,13149,956.78,GAFF2+ff14SB,TIP3P,2026-05-30,compound,
LIMK2,Cc1ccccc1-c1nnc(C2=NCCN2)s1,10.00,stable,11645,581.48,GAFF2+ff14SB,TIP3P,2026-05-30,compound,
ROCK1,O=C1NC(=O)[C@H](Cc2c[nH]c3ccccc23)N1,10.00,moderate,11412,702.46,GAFF2+ff14SB,TIP3P,2026-05-30,compound,
ROCK2,Cc1cc(N2CCCC2c2cnn(C)c2)n2ncnc2n1,10.00,stable,20246,615.89,GAFF2+ff14SB,TIP3P,2026-05-30,compound,
ROCK2,C[C@H]1C[C@@H]1C(=O)Nc1ccc(Cl)c(C(N)=O)c1,10.00,stable,35969,472.86,GAFF2+ff14SB,TIP3P,2026-05-30,compound,
MICU1,CCN1CCC(c2nc(N)nc3[nH]cnc23)CC1,10.00,stable,11631,654.68,GAFF2+ff14SB,TIP3P,2026-05-30,compound,
ROCK2,Cc1cc(C(=O)N(C)C(c2ccc(Cl)cc2)C(F)(F)F)nn1C,10.00,moderate,20563,1067.36,GAFF2+ff14SB,TIP3P,2026-05-30,compound,
ROCK2,Cc1ccc(NC(=O)N2CC3CCC2CC3)cn1,10.00,stable,18020,712.89,GAFF2+ff14SB,TIP3P,2026-05-30,compound,
LIMK2,c1ccc2ncc(C3CCCN3)cc2c1,10.00,stable,11549,632.59,GAFF2+ff14SB,TIP3P,2026-05-30,compound,
LIMK2,CC(C)Cn1cnc(-c2ccccc2)cc1=O,10.00,stable,12424,725.44,GAFF2+ff14SB,TIP3P,2026-05-30,compound,
ROCK2,Cc1cncc(CO[C@H]2CCOC3(CNC3)C2)c1,10.00,stable,15062,599.98,GAFF2+ff14SB,TIP3P,2026-05-30,compound,
ROCK2,O=C(c1ccc(=O)[nH]n1)N1CCC[C@H](OCc2ccccc2F)C1,10.00,moderate,16881,1165.59,GAFF2+ff14SB,TIP3P,2026-05-30,compound,
ROCK2,CCn1nnnc1NC(=O)Cn1nc(C(F)(F)F)c2c1CCC2,10.00,moderate,11524,666.48,GAFF2+ff14SB,TIP3P,2026-05-30,compound,
ROCK1,Nc1ccc(-c2nc(N3CCOCC3)nc(N3CCOCC3)n2)cn1,10.00,moderate,16310,593.66,GAFF2+ff14SB,TIP3P,2026-05-30,compound,
ROCK2,O=C(NC1CS(=O)(=O)C1)c1cccn2ncnc12,10.00,stable,12672,657.22,GAFF2+ff14SB,TIP3P,2026-05-30,compound,
LIMK2,Cc1cccc2c(=O)n([C@H]3CCCNC3)cnc12,10.00,moderate,13825,606.90,GAFF2+ff14SB,TIP3P,2026-05-30,compound,
ROCK2,CC(C)(CF)NC(=O)c1cc(-c2c(F)cccc2F)no1,10.00,moderate,56667,360.15,GAFF2+ff14SB,TIP3P,2026-05-30,compound,
MICU1,CCN1CCN(C(=O)Nc2ccc(Oc3ncccn3)cc2)CC1,10.00,stable,14867,933.36,GAFF2+ff14SB,TIP3P,2026-05-30,compound,
ROCK2,CC(Sc1nnc(-c2ccco2)n1CCC(N)=O)C(=O)N(C)C,10.00,moderate,34418,481.99,GAFF2+ff14SB,TIP3P,2026-05-30,compound,
ROCK2,CO[C@@H]1[C@@H](n2cc(-c3nc(C)cc(C)n3)nn2)COC12CCC2,10.00,moderate,55670,233.44,GAFF2+ff14SB,TIP3P,2026-05-30,compound,
ROCK2,Cc1cccc(NC(=O)[C@H](CCCCCC(=O)NO)NC(=O)[C@H]2CCC(=,10.00,moderate,78892,220.93,GAFF2+ff14SB,TIP3P,2026-05-30,compound,
LIMK2,O=C(c1ccc2nnnn2c1)N1CCOC(C(F)(F)F)C1,10.00,stable,13906,605.29,GAFF2+ff14SB,TIP3P,2026-05-30,compound,
LIMK2,O=C(NN1C(=O)c2ccccc2C1=O)C1CC1,10.00,stable,13447,648.60,GAFF2+ff14SB,TIP3P,2026-05-30,compound,
RIPK3,NC(=O)CSc1nccc(-c2ccc(F)cc2)n1,10.00,moderate,11512,710.49,GAFF2+ff14SB,TIP3P,2026-05-30,compound,
LIMK2,Cc1ccc(C(=O)N(C)CC(O)CNC(=O)c2cc3occc3[nH]2)o1,10.00,stable,22344,658.52,GAFF2+ff14SB,TIP3P,2026-05-30,compound,
MICU1,Nc1cc(Nc2nc(C3CC3)nc3c2CCCC3)ncn1,10.00,moderate,17009,761.81,GAFF2+ff14SB,TIP3P,2026-05-30,compound,
ROCK2,CC1CN(C(=O)C2(N(C)C)Cc3ccccc3C2)CCS1(=O)=O,10.00,moderate,15303,586.36,GAFF2+ff14SB,TIP3P,2026-05-30,compound,
RIPK3,CC(C(=O)NCC1CCCO1)N1CCCC2(C1)NC(=O)NC2=O,10.00,stable,13022,624.22,GAFF2+ff14SB,TIP3P,2026-05-30,compound,
LIMK2,CC1CN(C(=O)c2ccc(N3CCCC3)nc2)CCN1,10.00,stable,14264,633.16,GAFF2+ff14SB,TIP3P,2026-05-30,compound,
LIMK2,Cn1nccc1[C@H]1OCC[C@@H]1NC(=O)Cn1ncc2ccccc21,10.00,stable,12668,548.11,GAFF2+ff14SB,TIP3P,2026-05-30,compound,
RIPK3,CCON1CNc2c(c(=O)[nH]c(=S)n2-c2ccccc2Cl)C1,10.00,stable,13884,632.21,GAFF2+ff14SB,TIP3P,2026-05-30,compound,
RIPK3,CC(=O)N1CCC(N(C(=O)C(C)Cl)c2ccccc2)CC1,10.00,moderate,13234,725.55,GAFF2+ff14SB,TIP3P,2026-05-30,compound,
HDAC2,Cc1ccc(N(C)C(=O)c2ccc(C(N)=O)cc2)c(C)c1,10.00,moderate,13981,494.11,GAFF2+ff14SB,TIP3P,2026-05-30,compound,
HDAC2,CN1CCN(C(=O)Nc2ccc(Oc3ccc(C(F)(F)F)nn3)cc2)CC1,10.00,moderate,15486,524.40,GAFF2+ff14SB,TIP3P,2026-05-30,compound,
ROCK2,O=C(CN1CCCC1=O)Nc1ccccc1Cl,10.00,stable,17269,741.87,GAFF2+ff14SB,TIP3P,2026-05-30,compound,
ROCK1,COCCn1cc(-c2nn(CC3COCN(C(=O)CC#N)C3)c3ncnc(N)c23)c,10.00,moderate,20246,623.19,GAFF2+ff14SB,TIP3P,2026-05-30,compound,
ROCK2,Cc1ccc(C(=O)c2ccc(F)cc2)cn1,10.00,stable,25580,586.61,GAFF2+ff14SB,TIP3P,2026-05-30,compound,
KEAP1,Cc1ccc(NC(=O)c2ccc([S@@](C)=O)cc2)cc1,10.00,stable,11455,654.45,GAFF2+ff14SB,TIP3P,2026-05-30,compound,
MICU1,CC1CCN(c2nc(N)c3nc[nH]c3n2)CC1,10.00,moderate,16973,571.95,GAFF2+ff14SB,TIP3P,2026-05-30,compound,
KEAP1,O=C(O)c1ccccc1CN1CCC(c2ccccc2)CC1,10.00,stable,16561,754.22,GAFF2+ff14SB,TIP3P,2026-05-30,compound,
MICU1,c1nc(N2CC[C@@H](C3CC3)C2)c2nc[nH]c2n1,10.00,moderate,14618,565.57,GAFF2+ff14SB,TIP3P,2026-05-30,compound,
KEAP1,O=C(C1CCCC1)N1CCN(Cc2ncnc3[nH]cnc23)CC1,10.00,moderate,12736,882.07,GAFF2+ff14SB,TIP3P,2026-05-30,compound,
MICU1,O=C(C1CCCC1)N1CCN(Cc2ncnc3[nH]cnc23)CC1,10.00,moderate,13186,754.36,GAFF2+ff14SB,TIP3P,2026-05-30,compound,
MICU1,COc1ccc(C(=O)Nc2ccc(C)nc2)cc1,10.00,stable,12720,720.46,GAFF2+ff14SB,TIP3P,2026-05-30,compound,
MICU1,c1nc(N2CCc3occc3C2)c2nc[nH]c2n1,10.00,moderate,12384,685.84,GAFF2+ff14SB,TIP3P,2026-05-30,compound,
MICU1,O=C(Nc1ncnc2[nH]cnc12)[C@@H]1CC12CCC2,10.00,stable,12911,653.54,GAFF2+ff14SB,TIP3P,2026-05-30,compound,
KEAP1,Cc1cc(Nc2cccc(N3C(=O)NC4(CCCC4)C3=O)c2)ncn1,10.00,stable,15327,557.59,GAFF2+ff14SB,TIP3P,2026-05-30,compound,
MICU1,CN1CCN(C(=O)Nc2ccc(Oc3ccc(C(F)(F)F)nn3)cc2)CC1,10.00,moderate,22846,589.56,GAFF2+ff14SB,TIP3P,2026-05-30,compound,
MICU1,Cc1cc(Oc2ncccn2)ccc1NC(=O)N1CCN(CC(F)(F)F)CC1,10.00,stable,13825,665.14,GAFF2+ff14SB,TIP3P,2026-05-30,compound,
LIMK2,O=C1N[C@]2(CCNC2)N=C1c1ccc(F)cc1,10.00,stable,14361,570.61,GAFF2+ff14SB,TIP3P,2026-05-30,compound,
LIMK2,CCn1c(CN(C)C(=O)c2cccnc2)nc2ccccc21,10.00,stable,11660,709.63,GAFF2+ff14SB,TIP3P,2026-05-30,compound,
ROCK2,CN1CC2CC1(CNC(=O)c1ccc(-n3ccnn3)cc1)C2,10.00,stable,20357,616.10,GAFF2+ff14SB,TIP3P,2026-05-30,compound,
MICU1,CCN1CCN(C(=O)Nc2ccc(Oc3cc(C)ccn3)cc2)CC1=O,10.00,stable,14141,797.09,GAFF2+ff14SB,TIP3P,2026-05-30,compound,
RIPK3,O=c1oc(C(F)(F)F)ccc1Cc1ccncc1,10.00,stable,13166,821.40,GAFF2+ff14SB,TIP3P,2026-05-30,compound,
MICU1,O=C(Nc1ccc(F)cc1)c1ccc(N2CCOCC2)cc1,10.00,moderate,18547,661.32,GAFF2+ff14SB,TIP3P,2026-05-30,compound,
RIPK3,Cc1cc(Oc2ccccc2Cl)n2ncnc2n1,10.00,moderate,13234,619.17,GAFF2+ff14SB,TIP3P,2026-05-30,compound,
ROCK2,CNC(=O)c1cccc(-c2nc3ccccc3c(=O)[nH]2)c1,10.00,moderate,33272,527.14,GAFF2+ff14SB,TIP3P,2026-05-30,compound,
MAPK12,Cc1ccc(N2CC[C@@H](NC(=O)c3ccc(C(N)=O)cc3)C2)cc1,10.00,moderate,11397,654.91,GAFF2+ff14SB,TIP3P,2026-05-30,compound,
MICU1,CCN(CC(F)(F)F)C(=O)Nc1ccc(Oc2cc(C)ncn2)cc1,10.00,moderate,15606,542.76,GAFF2+ff14SB,TIP3P,2026-05-30,compound,
RIPK3,Cc1nccc(C[C@@H]2CCC[C@@H]3CNC[C@H]32)n1,10.00,moderate,12795,948.71,GAFF2+ff14SB,TIP3P,2026-05-30,compound,
KEAP1,Nc1cc(N2CCCC3(CCCCC3)C2=O)ncn1,10.00,stable,10927,698.65,GAFF2+ff14SB,TIP3P,2026-05-30,compound,
MICU1,Cc1cnc(NC(=O)c2ccc(N3CCCC3)cc2)cn1,10.00,moderate,12346,544.51,GAFF2+ff14SB,TIP3P,2026-05-30,compound,
MICU1,Cc1ccc(N2CC[C@@H](NC(=O)c3ccc(C(N)=O)cc3)C2)cc1,10.00,stable,15100,529.99,GAFF2+ff14SB,TIP3P,2026-05-30,compound,
KEAP1,Nc1cc(N2CCC3(CCCCC3=O)CC2)ncn1,10.00,stable,14258,765.63,GAFF2+ff14SB,TIP3P,2026-05-30,compound,
ROCK2,O=C(NCc1ccc(F)cc1)[C@H]1CCNC1,10.00,moderate,61427,283.93,GAFF2+ff14SB,TIP3P,2026-05-30,compound,
KEAP1,c1nc(CN2CCC3(CCOCC3)CC2)c2nc[nH]c2n1,10.00,moderate,14013,647.23,GAFF2+ff14SB,TIP3P,2026-05-30,compound,
ROCK1,Cc1ccn(CC(=O)NCC2CCCc3sc(C)nc32)c(=O)c1,10.00,moderate,49865,329.65,GAFF2+ff14SB,TIP3P,2026-05-30,compound,
KEAP1,CCN(CC(F)(F)F)C(=O)Nc1ccc(Oc2cc(C)ncn2)cc1,10.00,stable,14197,861.54,GAFF2+ff14SB,TIP3P,2026-05-30,compound,
MICU1,Cc1ccc(N(C)C(=O)c2ccc(C(N)=O)cc2)c(C)c1,10.00,stable,15256,584.44,GAFF2+ff14SB,TIP3P,2026-05-30,compound,
RIPK3,O=C1OC(C(=O)N2[C@H](CNC(=O)C3CCCCNC3=O)C[C@@H]3C[C,10.00,stable,12432,515.05,GAFF2+ff14SB,TIP3P,2026-05-30,compound,
ROCK2,O=CN1N=C(c2ccncc2)C[C@@]1(O)C(F)(F)F,10.00,moderate,85336,254.48,GAFF2+ff14SB,TIP3P,2026-05-30,compound,
MICU1,Cc1ccc(N(C)C(=O)c2ccc(C(N)=O)cc2)cc1,10.00,moderate,11938,836.93,GAFF2+ff14SB,TIP3P,2026-05-30,compound,
RIPK3,CNC(=O)c1ccc(NC2CCCc3c2cnn3C)nn1,10.00,stable,12977,646.39,GAFF2+ff14SB,TIP3P,2026-05-30,compound,
NFE2L2,O=C(c1ccc(F)cc1)N(Cc1nc2ccccc2c(=O)[nH]1)CC1CCCO1,10.00,stable,14078,559.58,GAFF2+ff14SB,TIP3P,2026-05-30,compound,
ROCK2,CC(=O)[C@@H]1C[C@H](c2ccc(Cl)cc2)OC1=O,10.00,stable,12697,662.27,GAFF2+ff14SB,TIP3P,2026-05-30,compound,
ROCK1,CN(C(=O)c1csc(Cc2cccc(F)c2)n1)C1CCOC1,10.00,stable,28026,487.01,GAFF2+ff14SB,TIP3P,2026-05-30,compound,
LIMK2,C[C@@H]1CCCC[C@@H]1NC(=O)CN1CCC(O)CC1,10.00,moderate,13277,695.47,GAFF2+ff14SB,TIP3P,2026-05-30,compound,
RIPK3,N=C(N)Cc1ccc(C(F)(F)F)cc1C(F)(F)F,10.00,stable,15632,856.27,GAFF2+ff14SB,TIP3P,2026-05-30,compound,
LIMK2,COC[C@@H]1CCCN1S(=O)(=O)c1ccc2c(c1)C(=O)C(=O)N2,10.00,stable,13103,752.75,GAFF2+ff14SB,TIP3P,2026-05-30,compound,
ROCK2,c1cn2cnnc2c(NC2CCCCC2)n1,10.00,stable,29086,524.14,GAFF2+ff14SB,TIP3P,2026-05-30,compound,
ROCK2,Nc1ccccc1Cn1nnc2ccccc21,10.00,stable,35760,450.83,GAFF2+ff14SB,TIP3P,2026-05-30,compound,
LIMK2,O=C(Oc1cccc([N+](=O)[O-])c1)[C@@H]1CCCNC1,10.00,stable,15678,643.64,GAFF2+ff14SB,TIP3P,2026-05-30,compound,
ROCK2,Cc1cc(Cn2nc3cc(C(F)(F)F)ccn3c2=O)ncn1,10.00,moderate,40059,567.08,GAFF2+ff14SB,TIP3P,2026-05-30,compound,
LIMK2,CC(C)(C)[C@@H]1NC(=O)[C@H](c2ccccc2)NC1=O,10.00,stable,15248,602.95,GAFF2+ff14SB,TIP3P,2026-05-30,compound,
ROCK2,Cc1nnc(N2CCCC(c3ncc(C(F)(F)F)[nH]3)C2)o1,10.00,stable,63321,296.54,GAFF2+ff14SB,TIP3P,2026-05-30,compound,
LIMK2,O=C([C@@H]1CCCOC1)N1CCc2ccccc21,10.00,stable,12099,623.31,GAFF2+ff14SB,TIP3P,2026-05-30,compound,
ROCK1,CCCNC(=O)C1CCCN(C(=O)c2c(C)c(C)n[nH]c2=O)C1,10.00,moderate,20254,658.00,GAFF2+ff14SB,TIP3P,2026-05-30,compound,
ROCK2,O=C(O)[C@@H]1CCCN(C(=O)c2ccccc2)C1,10.00,stable,12908,629.75,GAFF2+ff14SB,TIP3P,2026-05-30,compound,
ROCK2,Cc1cc(NC(=O)c2ccc(F)cc2)on1,10.00,stable,85870,240.21,GAFF2+ff14SB,TIP3P,2026-05-30,compound,
ROCK2,COC(=O)C1CCN(C(C)c2nc3ccccc3c(=O)[nH]2)CC1,10.00,moderate,20315,821.02,GAFF2+ff14SB,TIP3P,2026-05-30,compound,
ROCK2,CCn1cnnc1CNC(=O)c1nc(C)n(-c2ccccc2Cl)n1,10.00,stable,14068,643.75,GAFF2+ff14SB,TIP3P,2026-05-30,compound,
ROCK2,CC(C)C(=O)Nc1cc(C(=O)N[C@H]2C[C@H]3OCCC[C@@H]23)cc,10.00,moderate,79711,249.52,GAFF2+ff14SB,TIP3P,2026-05-30,compound,
ROCK2,CNC(=O)CNC(=O)c1ccc2c(c1)CCC2,10.00,stable,49349,414.09,GAFF2+ff14SB,TIP3P,2026-05-30,compound,
ROCK2,C[C@H]1CC(=O)CC[C@@H]1OCc1ccccc1,10.00,stable,24232,568.58,GAFF2+ff14SB,TIP3P,2026-05-30,compound,
ROCK2,O=C(O)c1cnc(-c2ccc(F)cc2)nc1,10.00,stable,40420,594.74,GAFF2+ff14SB,TIP3P,2026-05-30,compound,
ROCK2,O=C(Cn1nnc(COc2ccccc2)n1)N1CCN(C(=O)C2CC2)CC1,10.00,moderate,63459,239.02,GAFF2+ff14SB,TIP3P,2026-05-30,compound,
ROCK2,Cc1ccc2nc(SCC(=O)O)nc(C)c2c1,10.00,stable,11603,659.03,GAFF2+ff14SB,TIP3P,2026-05-30,compound,
ROCK2,Cc1nc(N2CCCCC2)ccc1C(=O)O,10.00,stable,14525,622.41,GAFF2+ff14SB,TIP3P,2026-05-30,compound,
ROCK2,NC(=O)Nc1ccccc1-c1cccnc1,10.00,moderate,25810,526.93,GAFF2+ff14SB,TIP3P,2026-05-30,compound,
ROCK2,CC1C(=O)N(C)CCN1C(=O)c1cc(F)ccc1-n1cccn1,10.00,stable,10427,805.18,GAFF2+ff14SB,TIP3P,2026-05-30,compound,
ROCK2,O=C(CC1CCS(=O)(=O)C1)N1CCN(c2cccc(C(F)(F)F)c2)CC1,10.00,stable,16358,778.27,GAFF2+ff14SB,TIP3P,2026-05-30,compound,
ROCK2,Nn1c(S)nnc1-c1cccc(C(F)(F)F)c1,10.00,moderate,59634,312.88,GAFF2+ff14SB,TIP3P,2026-05-30,compound,
ROCK2,Cc1nc(C2CCCN2c2nnc(C3CC3)o2)cs1,10.00,moderate,28975,537.67,GAFF2+ff14SB,TIP3P,2026-05-30,compound,
ROCK2,COC12CCC(c3cn(Cc4cccc(OC(F)F)n4)nn3)(CC1)C2,10.00,stable,13891,782.62,GAFF2+ff14SB,TIP3P,2026-05-30,compound,
ROCK2,O=C(C1CC1)N1CCO[C@H](c2ccccc2)C1,10.00,moderate,20816,639.41,GAFF2+ff14SB,TIP3P,2026-05-30,compound,
ROCK2,Cc1cccc(N2C(=S)N[C@@H]3CS(=O)(=O)C[C@@H]32)c1,10.00,stable,26613,512.29,GAFF2+ff14SB,TIP3P,2026-05-30,compound,
ROCK2,CCNC(=O)C1CCCN(c2c(F)cc(C#N)cc2F)C1,10.00,stable,11522,685.99,GAFF2+ff14SB,TIP3P,2026-05-30,compound,
ROCK2,C#Cc1ccc(C2CCCN2C(=O)c2cccnc2)cc1,10.00,stable,17733,622.78,GAFF2+ff14SB,TIP3P,2026-05-30,compound,
LIMK2,Cc1nnc(CN2C(=O)C3C4C=CC(CC4)C3C2=O)s1,10.00,stable,12008,671.46,GAFF2+ff14SB,TIP3P,2026-05-30,compound,
ROCK2,Cc1ccc(N2CCCC(NC(=O)C(C)(C)C(F)F)C2)nn1,10.00,stable,16282,628.71,GAFF2+ff14SB,TIP3P,2026-05-30,compound,
ROCK2,CC1(C)c2ccccc2N2CC(=O)N(O)[C@]21C,10.00,moderate,77281,215.52,GAFF2+ff14SB,TIP3P,2026-05-30,compound,
ROCK2,CCc1nnc2c(N)nc3cc(C(F)(F)F)ccc3n12,10.00,stable,10748,699.10,GAFF2+ff14SB,TIP3P,2026-05-30,compound,
ROCK2,Cc1cc(C(=O)NC[C@H]2CC[C@@H](c3ncn[nH]3)O2)c(Cl)cc1,10.00,stable,103406,215.22,GAFF2+ff14SB,TIP3P,2026-05-30,compound,
LIMK2,Cc1ccc(-c2nn3c(C)nnc3s2)cc1N,10.00,stable,13064,473.58,GAFF2+ff14SB,TIP3P,2026-05-30,compound,
RIPK3,Cc1cc2c[nH]nc2cc1[C@H]1CCNC[C@@H]1C,10.00,stable,13338,719.46,GAFF2+ff14SB,TIP3P,2026-05-30,compound,
ROCK2,O=C(NCc1ccc(N2CCCCC2=O)cc1)N1CCSCC1,10.00,stable,28946,514.74,GAFF2+ff14SB,TIP3P,2026-05-30,compound,
ROCK2,O=C(c1cc(F)c(O)c(F)c1)N1CCCO1,10.00,stable,20546,606.81,GAFF2+ff14SB,TIP3P,2026-05-30,compound,
ROCK2,C#CC(C)(CC)NC(=O)c1cc(F)cnc1NC1CC(F)(F)C1,10.00,stable,15590,566.90,GAFF2+ff14SB,TIP3P,2026-05-30,compound,
ROCK2,CC1(C)CC(=O)[C@H]2C(C(C)(C)C)=NN[C@H]2C1,10.00,moderate,9040,699.83,GAFF2+ff14SB,TIP3P,2026-05-30,compound,
ROCK2,Cc1cc(C)c(C(=O)N2C[C@@H]3C[C@H]2CN3C(N)=O)cc1C=O,10.00,moderate,36586,449.84,GAFF2+ff14SB,TIP3P,2026-05-30,compound,
ROCK2,CC(=O)[C@@H]1CC[C@H](c2ccccc2)CC1=O,10.00,stable,31638,514.33,GAFF2+ff14SB,TIP3P,2026-05-30,compound,
RIPK3,C[C@H](NC(=O)c1cccnc1)c1ccccc1,10.00,stable,13973,608.03,GAFF2+ff14SB,TIP3P,2026-05-30,compound,
ROCK2,CC1(C)OC(=O)c2c(C(=O)N[C@@H]3CCC(=O)N[C@H]3C3CC3)c,10.00,moderate,48079,356.20,GAFF2+ff14SB,TIP3P,2026-05-30,compound,
ROCK1,O=C1NC(=O)[C@@]2(COOc3ccc(F)cc32)N1,10.00,stable,12967,685.88,GAFF2+ff14SB,TIP3P,2026-05-30,compound,
ROCK2,Cn1c(=O)c2nc(-c3cccc(CO)c3)[nH]c2n(C)c1=O,10.00,stable,39327,402.50,GAFF2+ff14SB,TIP3P,2026-05-30,compound,
ROCK2,CCC(C)NC(=O)CN1CCN(C(=O)Cc2c[nH]c3ncccc23)CC1,10.00,moderate,26447,469.21,GAFF2+ff14SB,TIP3P,2026-05-30,compound,
ROCK2,Cc1nc(CO)ccc1-c1cc(F)cc(F)c1,10.00,stable,12365,607.87,GAFF2+ff14SB,TIP3P,2026-05-30,compound,
ROCK2,N#CCN1CCC(CNC(=O)C#Cc2ccccc2)CC1,10.00,stable,11673,586.16,GAFF2+ff14SB,TIP3P,2026-05-30,compound,
ROCK2,Cc1nc(NC2CCN(C)C(=O)C2)c2cnn(-c3ccccc3)c2n1,10.00,moderate,11132,645.23,GAFF2+ff14SB,TIP3P,2026-05-30,compound,
ROCK2,Cc1ncc(CNC(=O)Nc2cc(C(F)(F)F)c[nH]c2=O)s1,10.00,stable,125431,143.72,GAFF2+ff14SB,TIP3P,2026-05-30,compound,
ROCK2,Fc1ccc(CCn2cnc(C3CC3)n2)cc1F,10.00,stable,37623,405.66,GAFF2+ff14SB,TIP3P,2026-05-30,compound,
ROCK2,NCc1nc(C2=Cc3ccccc3OC2)no1,10.00,stable,23035,524.17,GAFF2+ff14SB,TIP3P,2026-05-30,compound,
ROCK2,C[C@@](N)(C(N)=O)c1cccc(C(F)(F)F)c1,10.00,moderate,14025,614.29,GAFF2+ff14SB,TIP3P,2026-05-30,compound,
ROCK2,CCN1C(=O)CCc2cc(NC(=O)NCc3cnn(C)c3)ccc21,10.00,stable,62646,287.17,GAFF2+ff14SB,TIP3P,2026-05-30,compound,
ROCK2,CN1CCN(C(=O)c2ccc(F)c(F)c2)CC1,10.00,moderate,14660,604.78,GAFF2+ff14SB,TIP3P,2026-05-30,compound,
ROCK2,COCc1cccc(-c2ccc(N3CC(CNC(C)=O)OC3=O)cc2)cc1=O,10.00,moderate,37553,388.40,GAFF2+ff14SB,TIP3P,2026-05-30,compound,
ROCK2,Cc1ccccc1C(F)(F)C(=O)NC(C)c1nncn1C,10.00,stable,19237,648.37,GAFF2+ff14SB,TIP3P,2026-05-30,compound,
ROCK2,CC1NC(=O)CCC1NC(=O)c1cccc2cn[nH]c12,10.00,stable,18494,624.92,GAFF2+ff14SB,TIP3P,2026-05-30,compound,
ROCK2,Cn1c2ccc(F)cc2c2ncnc(Cl)c21,10.00,stable,9619,781.91,GAFF2+ff14SB,TIP3P,2026-05-30,compound,
ROCK2,CC1=NCCc2c1[nH]c1cc(O)ccc21,10.00,moderate,28820,560.00,GAFF2+ff14SB,TIP3P,2026-05-30,compound,
ROCK2,NC(=O)C1CCC(NC(=O)c2ccccc2-n2cnnn2)CC1,10.00,moderate,33245,478.04,GAFF2+ff14SB,TIP3P,2026-05-30,compound,
ROCK2,O=C1CCC(NC(=O)c2ccc(Cn3cc(Cl)cn3)cc2)CN1,10.00,stable,20411,689.18,GAFF2+ff14SB,TIP3P,2026-05-30,compound,
ROCK2,O=C(c1ccccc1Cl)N1C[C@H]2CNC[C@@H]2C1,10.00,moderate,15886,512.68,GAFF2+ff14SB,TIP3P,2026-05-30,compound,
ROCK2,O=C([O-])CCC/C=C\C[C@@H]1C2CC[C@@H](C2)[C@@H]1NS(=,10.00,moderate,19250,590.52,GAFF2+ff14SB,TIP3P,2026-05-30,compound,
ROCK2,CS(=O)(=O)C1CCN(C(=O)c2ncoc2-c2ccc(F)cc2)C1,10.00,stable,100280,205.68,GAFF2+ff14SB,TIP3P,2026-05-30,compound,
ROCK2,Nc1nc(CO)cc(C2CCN(C(=O)c3ccccc3)CC2)n1,10.00,stable,102848,180.94,GAFF2+ff14SB,TIP3P,2026-05-30,compound,
ROCK2,CCN(Cc1nc2cc(Cl)ccc2c(=O)[nH]1)C(=O)CNC(=O)c1ccccc,10.00,stable,17503,643.99,GAFF2+ff14SB,TIP3P,2026-05-30,compound,
ROCK2,FC(F)(F)c1nnc2ccc(Nc3ccc(N4CCOCC4)nc3)nn12,10.00,stable,16098,576.63,GAFF2+ff14SB,TIP3P,2026-05-30,compound,
ROCK1,NN1C(=O)C[C@H](c2cccc(Cl)c2)C1=O,10.00,stable,20618,711.46,GAFF2+ff14SB,TIP3P,2026-05-30,compound,
ROCK2,C/[N+]([O-])=C/c1ccc(-c2ccccc2)cc1,10.00,moderate,71327,251.13,GAFF2+ff14SB,TIP3P,2026-05-30,compound,
ROCK1,CC(=O)N1CCN(C(=O)c2ccc(F)cc2)CC1,10.00,moderate,53461,325.32,GAFF2+ff14SB,TIP3P,2026-05-30,compound,
RIPK3,CNC1CCCN(C(=O)CCc2nc3cccnc3[nH]2)C1,10.00,moderate,12783,590.43,GAFF2+ff14SB,TIP3P,2026-05-30,compound,
ROCK2,CC1CN(Cc2nc3cc(Cl)ccc3c(=O)[nH]2)C(C)CO1,10.00,stable,30944,497.44,GAFF2+ff14SB,TIP3P,2026-05-30,compound,
ROCK2,O=C(Nc1nc(C2CC2)cs1)N1CCN(C(=O)N2CCOCC2)CC1,10.00,stable,44298,396.04,GAFF2+ff14SB,TIP3P,2026-05-30,compound,
ROCK2,Cc1c(Nn2c(C)ccc2C)nnc(N2CCOCC2)c1C,10.00,stable,20089,678.82,GAFF2+ff14SB,TIP3P,2026-05-30,compound,
ROCK2,Cc1c(C(F)(F)F)n[nH]c1C(=O)N1CC2(CCOC2)C1,10.00,stable,44668,392.32,GAFF2+ff14SB,TIP3P,2026-05-30,compound,
ROCK2,Cn1ncnc1CNc1cccc(S(=O)(=O)N2CCOCC2)c1,10.00,stable,80020,244.01,GAFF2+ff14SB,TIP3P,2026-05-30,compound,
ROCK2,CC(C)CNC(=O)NC(=O)CN1C(=O)NC(C)(c2cccs2)C1=O,10.00,stable,33306,483.12,GAFF2+ff14SB,TIP3P,2026-05-30,compound,
ROCK2,O=C1CN2Cc3cccnc3N=C2N1,10.00,moderate,65513,278.54,GAFF2+ff14SB,TIP3P,2026-05-30,compound,
RIPK3,O=S1(=O)Nc2ccccc2CN1[C@H]1CCCNC1,10.00,moderate,13172,651.72,GAFF2+ff14SB,TIP3P,2026-05-30,compound,
ROCK2,O=C(N[C@@H]1C[C@H]1c1ccccc1)c1cnsc1,10.00,moderate,64183,301.10,GAFF2+ff14SB,TIP3P,2026-05-30,compound,
ROCK2,Cc1cc(C)n(CC(=O)N2CCC[C@H]2Cn2cc(C3CC3)nn2)n1,10.00,stable,141080,120.56,GAFF2+ff14SB,TIP3P,2026-05-30,compound,
ROCK2,FC(F)c1cc(-c2ccccc2)nc(S)n1,10.00,stable,25800,512.97,GAFF2+ff14SB,TIP3P,2026-05-30,compound,
ROCK2,COc1ccccc1NC(=O)CNC(=O)c1ccncc1,10.00,stable,12894,608.11,GAFF2+ff14SB,TIP3P,2026-05-30,compound,
ROCK2,CC1CNCCN1C(=O)COc1ccc(Oc2ccccn2)cc1,10.00,stable,53789,331.87,GAFF2+ff14SB,TIP3P,2026-05-30,compound,
ROCK2,Nc1cccc(C(O)(C(F)(F)F)C(F)(F)F)c1,10.00,stable,14524,584.68,GAFF2+ff14SB,TIP3P,2026-05-30,compound,
ROCK2,CC(C)NS(=O)(=O)c1cccc2ccccc12,10.00,moderate,14108,550.73,GAFF2+ff14SB,TIP3P,2026-05-30,compound,
ROCK2,Cc1nc(NC2CCN(S(C)(=O)=O)CC2)c2c(C)csc2n1,10.00,stable,49516,357.13,GAFF2+ff14SB,TIP3P,2026-05-30,compound,
ROCK2,c1nc2c([nH]1)CN[C@H](c1nc(C3CC3)no1)C2,10.00,stable,18156,679.00,GAFF2+ff14SB,TIP3P,2026-05-30,compound,
ROCK2,COc1ccc(-c2noc(-c3cn4c(n3)CNCC4)n2)cn1,10.00,moderate,30053,476.72,GAFF2+ff14SB,TIP3P,2026-05-30,compound,
ROCK2,C#CCNC(=O)c1oc2ccc(F)cc2c1C,10.00,stable,16249,505.24,GAFF2+ff14SB,TIP3P,2026-05-30,compound,
ROCK2,Cc1ccc(N2NC(=O)CC(C)(c3ccsc3)C2=O)cc1F,10.00,stable,13353,570.66,GAFF2+ff14SB,TIP3P,2026-05-30,compound,
ROCK2,O=C(Cc1cccc(C(F)(F)F)n1)Nc1ccn(CCCO)n1,10.00,stable,14648,509.08,GAFF2+ff14SB,TIP3P,2026-05-30,compound,
ROCK2,O=C1NC(=O)C2(CCN(C(=O)CCc3nc4sc5c(c4c(=O)[nH]3)CCC,10.00,moderate,35826,443.13,GAFF2+ff14SB,TIP3P,2026-05-30,compound,
ROCK2,C[C@@H]1c2ccccc2N[C@H]2CCOC[C@H]21,10.00,moderate,11709,641.13,GAFF2+ff14SB,TIP3P,2026-05-30,compound,
ROCK2,C=CCN(Cc1ccccc1)C(=O)Cc1c(C)nc2nc(N)nn2c1C,10.00,stable,41985,381.49,GAFF2+ff14SB,TIP3P,2026-05-30,compound,
ROCK2,CN1C[C@H](N[C@H]2CC(C)(C)OC2(C)C)CCC1=O,10.00,moderate,23228,530.24,GAFF2+ff14SB,TIP3P,2026-05-30,compound,
ROCK2,CC(C)(C)n1ncc2c(=O)[nH]c(N3CCC4(CC3)CNCCO4)nc21,10.00,stable,31622,472.76,GAFF2+ff14SB,TIP3P,2026-05-30,compound,
ROCK1,CNC(=O)Nc1cccc2ccccc12,10.00,stable,28534,610.93,GAFF2+ff14SB,TIP3P,2026-05-30,compound,
ROCK2,Cc1nn(C)c(C)c1C(=O)NCc1ccc(F)cc1,10.00,stable,20341,563.49,GAFF2+ff14SB,TIP3P,2026-05-30,compound,
NFE2L2,N#Cc1cccc(CCC(=O)N2C[C@@H]3C[C@H]2CN3C(=O)C2CCc3nc,10.00,stable,17166,533.65,GAFF2+ff14SB,TIP3P,2026-05-30,compound,
ROCK2,N#CC1=CCN(C(=O)Nc2cccnc2N2CCCC2)CC1,10.00,moderate,22364,520.16,GAFF2+ff14SB,TIP3P,2026-05-30,compound,
ROCK2,C[S@@](=O)CCNC(=O)c1cc2c(Cl)cccc2[nH]1,10.00,stable,17802,641.59,GAFF2+ff14SB,TIP3P,2026-05-30,compound,
ROCK2,NC(=O)c1ccc(CCC(=O)N2C[C@H]3CCC[C@H]3C2)cc1,10.00,stable,26408,458.89,GAFF2+ff14SB,TIP3P,2026-05-30,compound,
ROCK2,Cc1nc(N2CCC(c3cnn(C)c3)CC2)c2cnn(C)c2n1,10.00,stable,52127,336.11,GAFF2+ff14SB,TIP3P,2026-05-30,compound,
ROCK2,Cc1nn(C)c2nc3c(c(C(=O)O)c12)CCC3,10.00,moderate,20464,672.47,GAFF2+ff14SB,TIP3P,2026-05-30,compound,
ROCK2,Cn1cnc(CNC(=O)N2CCCC(c3n[nH]c(-c4ccccc4)n3)C2)n1,10.00,moderate,54769,336.71,GAFF2+ff14SB,TIP3P,2026-05-30,compound,
ROCK2,CN1C(=O)CN(C(=O)c2cc(=O)[nH]c(C3CC3)n2)[C@H]2C[C@H,10.00,moderate,42696,296.53,GAFF2+ff14SB,TIP3P,2026-05-30,compound,
ROCK2,N#Cc1cc(F)ccc1N1CCC(C#N)CC1,10.00,stable,16162,540.09,GAFF2+ff14SB,TIP3P,2026-05-30,compound,
ROCK2,CSc1[nH]c(=O)c(C(=O)N[C@@H]2CCC[C@H]2CF)cc1C#N,10.00,stable,37682,449.58,GAFF2+ff14SB,TIP3P,2026-05-30,compound,
ROCK2,CC1(C)CN(C(=O)Cn2ncn3nccc3c2=O)C1c1ccccc1,10.00,moderate,37504,392.53,GAFF2+ff14SB,TIP3P,2026-05-30,compound,
ROCK2,O=C1C(=O)N(C(=O)C(F)(F)F)c2ccccc21,10.00,moderate,32056,521.80,GAFF2+ff14SB,TIP3P,2026-05-30,compound,
ROCK2,O=c1c2nc[nH]c2ncn1Cc1ccccc1,10.00,stable,41190,417.97,GAFF2+ff14SB,TIP3P,2026-05-30,compound,
ROCK2,Cc1cc([C@H]2CCCN(CC(N)=O)C2)ccn1,10.00,stable,92326,195.00,GAFF2+ff14SB,TIP3P,2026-05-30,compound,
ROCK2,CCc1[nH]ncc1C(=O)N1CCCC(n2nc(C)nc2C)C1,10.00,stable,32958,444.84,GAFF2+ff14SB,TIP3P,2026-05-30,compound,
ROCK2,Cc1nccc(C2CCCN(CCS(=O)(=O)N(C)C)C2)n1,10.00,stable,23547,524.40,GAFF2+ff14SB,TIP3P,2026-05-30,compound,
ROCK2,COc1cc(C2(C(=O)N3CCC34COC4)CC2)ccc1C,10.00,moderate,23819,626.72,GAFF2+ff14SB,TIP3P,2026-05-30,compound,
ROCK2,Cc1nnc2n1CCN(Cc1nc3ccccc3n1C)C2,10.00,moderate,78834,236.97,GAFF2+ff14SB,TIP3P,2026-05-30,compound,
ROCK2,Cc1ccccc1-c1n[nH]c([C@@H](C)N)n1,10.00,stable,56077,322.15,GAFF2+ff14SB,TIP3P,2026-05-30,compound,
ROCK2,Cc1ccn2ncc([C@H]3C[C@@H]3C(=O)O)c2c1,10.00,moderate,19864,641.04,GAFF2+ff14SB,TIP3P,2026-05-30,compound,
ROCK2,CO[C@@H]1C[C@@H](c2ncn[nH]2)N(C(=O)c2cccc3c2CCC3)C,10.00,stable,13359,620.26,GAFF2+ff14SB,TIP3P,2026-05-30,compound,
ROCK2,CC1(C)C=C(O)c2nnc3ncnn3c2C1,10.00,stable,13640,615.33,GAFF2+ff14SB,TIP3P,2026-05-30,compound,
ROCK2,O=C(c1cc(F)c(F)c(F)c1)N1CCOCC1C1CC1,10.00,stable,39194,466.39,GAFF2+ff14SB,TIP3P,2026-05-30,compound,
ROCK2,Cc1cccc2cc(C(=O)NC3CC3)oc12,10.00,moderate,12026,603.99,GAFF2+ff14SB,TIP3P,2026-05-30,compound,
ROCK2,N[C@H](c1cccc2ccccc12)[C@@H](O)C(=O)O,10.00,stable,25304,522.20,GAFF2+ff14SB,TIP3P,2026-05-30,compound,
ROCK2,O=C(c1cccc(F)c1)[C@H]1CCCC[C@H]1C(=O)O,10.00,stable,14111,583.50,GAFF2+ff14SB,TIP3P,2026-05-30,compound,
ROCK2,CC#CCOc1nc2ccccc2c(=O)n1C,10.00,moderate,15065,430.57,GAFF2+ff14SB,TIP3P,2026-05-30,compound,
ROCK2,CN1CC[C@H](c2ccccc2)C[C@@H]1C(=O)O,10.00,moderate,35240,445.33,GAFF2+ff14SB,TIP3P,2026-05-30,compound,
ROCK2,CN(C)C(=O)Oc1ccc2ccccc2c1,10.00,moderate,39727,442.49,GAFF2+ff14SB,TIP3P,2026-05-30,compound,
ROCK2,O=C([C@H]1Cc2cc(Cl)ccc2O1)N1CCOCC1,10.00,stable,29804,495.57,GAFF2+ff14SB,TIP3P,2026-05-30,compound,
ROCK2,COc1ccc(C)nc1C(=O)N1CCC(C)(NC(=O)CS(=O)(=O)NC2CC2),10.00,stable,19146,503.80,GAFF2+ff14SB,TIP3P,2026-05-30,compound,
ROCK2,Cn1c(=O)c2c(ncn2CC(=O)N2CCCC2Cc2cccc(F)c2)n(C)c1=O,10.00,stable,15404,579.39,GAFF2+ff14SB,TIP3P,2026-05-30,compound,
ROCK2,CO[C@@H]1C[C@@H](c2nnc3n2CCC3)N(C(=O)CC2CCCC2)C1,10.00,stable,39282,408.65,GAFF2+ff14SB,TIP3P,2026-05-30,compound,
ROCK2,CN(Cc1nc2ccsc2c(=O)[nH]1)S(=O)(=O)Cc1ccccc1,10.00,stable,14242,620.36,GAFF2+ff14SB,TIP3P,2026-05-30,compound,
ROCK2,N#Cc1ccc(OC(=O)CNC(=O)c2ccnnc2)cc1,10.00,stable,48093,379.48,GAFF2+ff14SB,TIP3P,2026-05-30,compound,
ROCK2,COc1cc(C(=O)N2C3COCC2C3)c2ccccc2n1,10.00,stable,32330,502.42,GAFF2+ff14SB,TIP3P,2026-05-30,compound,
ROCK2,O=C1CCC(NC(=O)COc2ccc(Cl)cc2Cl)C(=O)N1,10.00,moderate,14756,497.33,GAFF2+ff14SB,TIP3P,2026-05-30,compound,
ROCK2,COC(=O)c1c[nH]c(C2(NC(=O)c3ccc(C)cc3)CCOCC2)n1,10.00,stable,12614,565.87,GAFF2+ff14SB,TIP3P,2026-05-30,compound,
ROCK2,C=CC(=O)NCCC(=O)NCc1ccncc1C(F)(F)F,10.00,stable,51448,331.53,GAFF2+ff14SB,TIP3P,2026-05-30,compound,
ROCK2,Cc1cc(C(=O)NC2CCCc3c2cnn3Cc2ccccc2)on1,10.00,stable,24269,598.81,GAFF2+ff14SB,TIP3P,2026-05-30,compound,
ROCK2,O=C(Cc1ccon1)Nc1ncccc1-c1ccccc1,10.00,stable,19585,579.57,GAFF2+ff14SB,TIP3P,2026-05-30,compound,
ROCK2,CS(=O)(=O)[C@@H]1[C@@H](c2cccc(F)c2)[C@]1(C#N)C=O,10.00,stable,14916,485.77,GAFF2+ff14SB,TIP3P,2026-05-30,compound,
ROCK2,O=C(Nc1ccc(Br)cc1)NC1CCNCC1,10.00,moderate,24364,633.06,GAFF2+ff14SB,TIP3P,2026-05-30,compound,
ROCK2,C=C[C@@H]1OCC[C@H]1CNC(=O)c1cc(=O)[nH]c(C2CC2)n1,10.00,stable,13462,542.54,GAFF2+ff14SB,TIP3P,2026-05-30,compound,
ROCK2,O=c1c2ccccc2[nH]n1Cc1ccccc1,10.00,moderate,31210,494.28,GAFF2+ff14SB,TIP3P,2026-05-30,compound,
ROCK2,O=C(Nc1cccc(F)c1)N1CCCC(c2nnc3n2CCC3)C1,10.00,moderate,15827,580.73,GAFF2+ff14SB,TIP3P,2026-05-30,compound,
ROCK2,C[C@@H](O)c1ccccc1C1CCNCC1,10.00,stable,64329,310.85,GAFF2+ff14SB,TIP3P,2026-05-30,compound,
ROCK2,N#CC1(c2cccc(C(F)(F)F)n2)CCC1,10.00,moderate,17267,631.66,GAFF2+ff14SB,TIP3P,2026-05-30,compound,
ROCK2,O=C(NCC1(C(F)(F)F)CCC1)c1ccncc1Cl,10.00,moderate,43522,414.49,GAFF2+ff14SB,TIP3P,2026-05-30,compound,
ROCK2,COC(=O)c1ccc(N2CCCC2Cn2ccnc2C)nn1,10.00,moderate,14522,550.22,GAFF2+ff14SB,TIP3P,2026-05-30,compound,
RIPK3,CC1(C)CC(=O)c2c([nH]c3cccnc23)C1,10.00,stable,15551,631.50,GAFF2+ff14SB,TIP3P,2026-05-30,compound,
ROCK2,O=C1CN(CC(=O)Nc2ccccc2Cl)CCN1,10.00,stable,34382,434.70,GAFF2+ff14SB,TIP3P,2026-05-30,compound,
ROCK2,Cc1ccncc1C1=C(c2ccc(S(C)(=O)=O)cc2)COC1=O,10.00,moderate,94269,211.43,GAFF2+ff14SB,TIP3P,2026-05-30,compound,
ROCK2,O=C(NC[C@@H](O)c1cccc(F)c1)[C@@H]1CCCN1,10.00,stable,14992,680.69,GAFF2+ff14SB,TIP3P,2026-05-30,compound,
ROCK2,Cc1n[nH]c([C@@H]2CC[C@H](CNC(=O)c3cnccc3C(F)(F)F)O,10.00,stable,14035,523.20,GAFF2+ff14SB,TIP3P,2026-05-30,compound,
ROCK2,CC(=O)Nc1cccc(OC(=O)CNC(=O)c2ccccc2)c1,10.00,moderate,37335,433.44,GAFF2+ff14SB,TIP3P,2026-05-30,compound,
ROCK2,NC[C@H](Cc1nnon1)c1cccc(Cl)c1,10.00,moderate,39868,387.05,GAFF2+ff14SB,TIP3P,2026-05-30,compound,
ROCK2,NC1=C(c2c[nH]c3ccccc23)C(=O)NC1=O,10.00,stable,46885,373.89,GAFF2+ff14SB,TIP3P,2026-05-30,compound,
ROCK2,O=C(NCC(=O)N1CCCC1)c1ccccc1I,10.00,stable,33943,470.04,GAFF2+ff14SB,TIP3P,2026-05-30,compound,
ROCK2,Cc1cnn(CC(C)Nc2ncnc3ccccc23)c1,10.00,stable,102840,206.13,GAFF2+ff14SB,TIP3P,2026-05-30,compound,
ROCK2,O=C(Nc1ccc(F)cc1)c1cccnc1,10.00,stable,25372,547.24,GAFF2+ff14SB,TIP3P,2026-05-30,compound,
ROCK2,Cc1ccc(F)c(NC(=O)Cn2cnnn2)c1,10.00,stable,54325,324.25,GAFF2+ff14SB,TIP3P,2026-05-30,compound,
ROCK2,Cc1noc(CCCNC(=O)CNC(=O)c2cc3ccccc3[nH]2)n1,10.00,stable,11854,535.35,GAFF2+ff14SB,TIP3P,2026-05-30,compound,
ROCK2,Nc1ccc(C23CCN(CC2)CC3)cc1,10.00,moderate,19728,695.04,GAFF2+ff14SB,TIP3P,2026-05-30,compound,
ROCK2,Cc1cn2nc(N3CCCC(c4noc(C)n4)C3)sc2n1,10.00,stable,52383,335.24,GAFF2+ff14SB,TIP3P,2026-05-30,compound,
ROCK2,C[C@H](NC(=O)c1cc(F)ccc1O)[C@@H]1CCOC1,10.00,stable,26402,386.13,GAFF2+ff14SB,TIP3P,2026-05-30,compound,
ROCK2,O=C(c1nc2ccccc2c(=O)[nH]1)N1CCC(N2CCCC2)C1,10.00,moderate,28203,498.25,GAFF2+ff14SB,TIP3P,2026-05-30,compound,
ROCK2,Cc1onc(-c2c(F)cccc2F)c1C(=O)O,10.00,stable,14454,569.97,GAFF2+ff14SB,TIP3P,2026-05-30,compound,
ROCK2,Fc1ccc(N2CC(c3ccccn3)C2)nc1,10.00,stable,14653,615.64,GAFF2+ff14SB,TIP3P,2026-05-30,compound,
ROCK2,CC1CC(CNS(=O)(=O)c2cccc(-n3cnnn3)c2)CCO1,10.00,moderate,34130,425.05,GAFF2+ff14SB,TIP3P,2026-05-30,compound,
ROCK2,O=C1C=C[C@@H]2O[C@@H](c3ccccc3)[C@@H](O)[C@H]2O1,10.00,stable,12522,678.24,GAFF2+ff14SB,TIP3P,2026-05-30,compound,
ROCK2,Cc1nc2ccccn2c1CN1CCCCC1C(=O)N1CCOCC1,10.00,stable,30325,484.49,GAFF2+ff14SB,TIP3P,2026-05-30,compound,
ROCK2,C#Cc1ccc(C(=O)N2CCOCC2)cc1,10.00,stable,32677,451.18,GAFF2+ff14SB,TIP3P,2026-05-30,compound,
ROCK2,CCC1(N2C(=O)C3CC=CCC3C2=O)CCC(=O)NC1=O,10.00,stable,26783,623.80,GAFF2+ff14SB,TIP3P,2026-05-30,compound,
ROCK2,COCCN(Cc1nc2ccccc2c(=O)[nH]1)C(=O)c1sc(C)nc1C,10.00,moderate,20154,571.10,GAFF2+ff14SB,TIP3P,2026-05-30,compound,
ROCK2,CCC(=O)N1CCN(C(=O)c2ccc(C)cc2)C1,10.00,stable,13963,581.21,GAFF2+ff14SB,TIP3P,2026-05-30,compound,
ROCK2,Cc1noc(C)c1C(C)CNC(=O)C1CCC(F)(F)CC1,10.00,moderate,56452,327.00,GAFF2+ff14SB,TIP3P,2026-05-30,compound,
ROCK2,O=C(N[C@H]1COC[C@H]1F)N1CCC(n2nc(C3CC3)nc2O)CC1,10.00,stable,27096,577.01,GAFF2+ff14SB,TIP3P,2026-05-30,compound,
ROCK2,CCOc1cc(-c2nc3ncccc3n2C)ccc1OC(F)F,10.00,stable,14811,592.74,GAFF2+ff14SB,TIP3P,2026-05-30,compound,
ROCK2,Cn1cc(CCNc2nc3ccccc3c(=O)[nH]2)cn1,10.00,moderate,47558,377.02,GAFF2+ff14SB,TIP3P,2026-05-30,compound,
ROCK2,COC(=O)c1ccc2c(c1)OC[C@@]21COCCN1,10.00,stable,43372,424.89,GAFF2+ff14SB,TIP3P,2026-05-30,compound,
ROCK2,CC(=O)N(O)c1cccc2c1Cc1ccccc1-2,10.00,moderate,34150,462.07,GAFF2+ff14SB,TIP3P,2026-05-30,compound,
ROCK2,C[C@@H]1CNc2nn(-c3ccccc3)c(O)c2C1,10.00,stable,47080,375.18,GAFF2+ff14SB,TIP3P,2026-05-30,compound,
ROCK2,O=C1CC(C(=O)N2CCCC(n3ccnc3)C2)c2ccccc2N1,10.00,stable,30967,469.04,GAFF2+ff14SB,TIP3P,2026-05-30,compound,
ROCK2,O=C(NC1CCCN(C(=O)C2CCC2)C1)c1cc2ccc(F)cc2[nH]c1=O,10.00,moderate,33760,622.06,GAFF2+ff14SB,TIP3P,2026-05-30,compound,
ROCK2,O=C(NC[C@@H]1CC1(F)F)c1cnc(C2CC2)nc1,10.00,stable,9499,777.22,GAFF2+ff14SB,TIP3P,2026-05-30,compound,
ROCK2,O=C(O)c1cn2c(n1)CCc1ccccc1-2,10.00,moderate,49336,393.61,GAFF2+ff14SB,TIP3P,2026-05-30,compound,
ROCK2,Cc1c[nH]c(-c2cc([C@H]3CCNC3)nc(C)n2)n1,10.00,moderate,14464,632.02,GAFF2+ff14SB,TIP3P,2026-05-30,compound,
ROCK2,O=C(N[C@@H]1CC12CC(O)C2)c1ccc(CF)cc1,10.00,moderate,23664,648.02,GAFF2+ff14SB,TIP3P,2026-05-30,compound,
ROCK2,NC(=O)c1ccc(=O)n(Cc2cc(-c3ccccc3)no2)n1,10.00,stable,53759,305.96,GAFF2+ff14SB,TIP3P,2026-05-30,compound,
ROCK2,Cc1cc2nnc(-c3ccncc3)nc2c(C)n1,10.00,moderate,47840,364.09,GAFF2+ff14SB,TIP3P,2026-05-30,compound,
ROCK2,Cc1ccc(F)c(C(=O)Nc2nc(C)nn2C)c1,10.00,stable,14571,533.85,GAFF2+ff14SB,TIP3P,2026-05-30,compound,
ROCK2,COc1c(C)c(=O)n2c3c(=O)n(C)c(=O)n(C)c3nc2n1Cc1ccccc,10.00,moderate,22499,552.26,GAFF2+ff14SB,TIP3P,2026-05-30,compound,
ROCK2,CN1c2ccccc2C(=O)N2C(=O)CC[C@]21C,10.00,moderate,30344,585.93,GAFF2+ff14SB,TIP3P,2026-05-30,compound,
ROCK2,CC(Cn1cccn1)NC(=O)C1CCCN(c2cnccn2)C1,10.00,stable,26605,713.25,GAFF2+ff14SB,TIP3P,2026-05-30,compound,
ROCK2,Cc1cc(C)n(-c2ccc(CNCc3ccccn3)cn2)n1,10.00,moderate,44917,354.02,GAFF2+ff14SB,TIP3P,2026-05-30,compound,
ROCK2,CC1(C)CC(NC(=O)N2CC(C3CCC3)C2)CC(C)(C)N1,10.00,moderate,14790,579.96,GAFF2+ff14SB,TIP3P,2026-05-30,compound,
ROCK2,Cn1c(Cn2c(=O)oc3cc(Cl)ccc32)nnc1C1CC1,10.00,stable,12583,600.33,GAFF2+ff14SB,TIP3P,2026-05-30,compound,
ROCK2,Cc1ccccc1-c1nnn(CC(=O)N2CCNC2=O)n1,10.00,stable,68476,300.79,GAFF2+ff14SB,TIP3P,2026-05-30,compound,
ROCK2,CC1CCC(NC(=O)Cc2ccccc2)CC1,10.00,moderate,23360,577.03,GAFF2+ff14SB,TIP3P,2026-05-30,compound,
ROCK2,COCCC1NC(=O)N(C2CCc3c(F)cccc32)C1=O,10.00,stable,20218,595.19,GAFF2+ff14SB,TIP3P,2026-05-30,compound,
ROCK2,O=C(C1Cc2cc(F)ccc2O1)N1CC(O)C1,10.00,stable,60961,315.81,GAFF2+ff14SB,TIP3P,2026-05-30,compound,
ROCK2,O=C(Cn1cccn1)NCC1CCN(C(=O)c2ccc3cnccc3n2)C1,10.00,stable,20392,480.20,GAFF2+ff14SB,TIP3P,2026-05-30,compound,
LIMK2,CCOc1nc(C(=O)NCc2ccc(S(C)(=O)=O)cc2)ccc1C#N,10.00,stable,11093,543.35,GAFF2+ff14SB,TIP3P,2026-05-30,compound,
ROCK2,Cc1ccc(-c2ccc(C(=O)N3CCOC4(CCOC4)C3)s2)o1,10.00,stable,16727,709.58,GAFF2+ff14SB,TIP3P,2026-05-30,compound,
ROCK2,C[C@@]1(c2ccc(F)c(Cl)c2)NC(=O)NC1=O,10.00,stable,39608,415.04,GAFF2+ff14SB,TIP3P,2026-05-30,compound,
ROCK1,CN(C)C(=O)C1(c2nc(C3(c4ccccc4F)CCCC3)no2)CC1,10.00,moderate,15217,515.41,GAFF2+ff14SB,TIP3P,2026-05-30,compound,
ROCK2,COC(=O)C1CCc2nnc(-c3sc(N4CCOCC4)nc3C)n2C1,10.00,stable,31633,492.66,GAFF2+ff14SB,TIP3P,2026-05-30,compound,
ROCK2,CCn1c(=O)c2nc(-c3ccnnc3)[nH]c2n(CC)c1=O,10.00,stable,17308,641.74,GAFF2+ff14SB,TIP3P,2026-05-30,compound,
ROCK2,CS(=O)(=O)c1ccccc1C(=O)NCCc1nc2ccccc2[nH]1,10.00,stable,12879,572.01,GAFF2+ff14SB,TIP3P,2026-05-30,compound,
ROCK2,NC[C@H]1CC[C@H](c2cc(F)cc(F)c2)O1,10.00,moderate,11851,684.68,GAFF2+ff14SB,TIP3P,2026-05-30,compound,
ROCK2,Oc1cccc(CNC2CCC(O)CC2)c1,10.00,moderate,52287,369.42,GAFF2+ff14SB,TIP3P,2026-05-30,compound,
ROCK2,Cc1ccc(N2CC[C@H](CN)S2(=O)=O)cc1Cl,10.00,stable,47947,402.61,GAFF2+ff14SB,TIP3P,2026-05-30,compound,
ROCK2,N=C(N)N1CCN(c2ccccc2F)CC1,10.00,moderate,40524,427.33,GAFF2+ff14SB,TIP3P,2026-05-30,compound,
ROCK2,CCOn1c(=O)n(C)c(=O)c2[nH]c(C3CCCC3)nc21,10.00,stable,32814,477.36,GAFF2+ff14SB,TIP3P,2026-05-30,compound,
LIMK2,O=C(CC(F)(F)F)N1CCN(c2ncnc3nc[nH]c23)CC1,10.00,stable,12568,571.81,GAFF2+ff14SB,TIP3P,2026-05-30,compound,
RIPK3,O=C1CC[C@@H](C(=O)N[C@@H](CCCCCS)C(=O)Nc2ccccc2)N1,10.00,moderate,13384,538.37,GAFF2+ff14SB,TIP3P,2026-05-30,compound,
ROCK2,CC(C)C1(CNC(=O)Cn2nc3n(c(=O)c2=O)CCOC3)CC1,10.00,moderate,14185,539.54,GAFF2+ff14SB,TIP3P,2026-05-30,compound,
ROCK2,CCN1C(=O)CC(Nc2ccc3c(c2)NC(=O)C(C)O3)C1=O,10.00,stable,70058,305.74,GAFF2+ff14SB,TIP3P,2026-05-30,compound,
ROCK2,O=C(NCc1cccnc1)Nc1ccnc(OCC(F)(F)F)c1,10.00,stable,14533,547.87,GAFF2+ff14SB,TIP3P,2026-05-30,compound,
ROCK2,Cc1nnccc1NC(=O)N1CCC(C)(c2ccccc2)CC1,10.00,stable,19916,602.67,GAFF2+ff14SB,TIP3P,2026-05-30,compound,
ROCK2,Cc1ccc(F)cc1-n1cc[nH]c(=O)c1=O,10.00,moderate,47634,417.98,GAFF2+ff14SB,TIP3P,2026-05-30,compound,
ROCK2,Cn1cc(C(=O)N2CCNCC2)c2ccccc21,10.00,moderate,19177,622.52,GAFF2+ff14SB,TIP3P,2026-05-30,compound,
ROCK2,CC(Cl)C(=O)NCC1(CO)CC1c1ccccc1,10.00,stable,18437,611.22,GAFF2+ff14SB,TIP3P,2026-05-30,compound,
ROCK2,O=C(O)[C@@H]1CCc2nnc(-c3ccccc3)n2C1,10.00,stable,33676,512.09,GAFF2+ff14SB,TIP3P,2026-05-30,compound,
ROCK2,CCN(C(=O)c1ccc2nc(C)ccc2c1)C1CCNC1=O,10.00,stable,35327,465.36,GAFF2+ff14SB,TIP3P,2026-05-30,compound,
ROCK2,Cc1cc(C)n2nc(-c3cccnc3)nc2n1,10.00,stable,46282,400.89,GAFF2+ff14SB,TIP3P,2026-05-30,compound,
ROCK2,Cc1c(C(=O)N2CCC(C(C)NC(=O)C(N)=O)C2)sc2cc(F)ccc12,10.00,stable,71298,237.32,GAFF2+ff14SB,TIP3P,2026-05-30,compound,
ROCK2,Cc1nnc(NC(=S)N[C@@]2(C)CCS(=O)(=O)C2)s1,10.00,moderate,39612,397.05,GAFF2+ff14SB,TIP3P,2026-05-30,compound,
ROCK2,C[C@H]1COC(C)(C)CN1C(=O)c1cncc(OS(=O)(=O)F)c1,10.00,stable,20385,550.94,GAFF2+ff14SB,TIP3P,2026-05-30,compound,
ROCK2,Cc1cc(Cc2ccccc2C)c(O)nn1,10.00,stable,28325,513.72,GAFF2+ff14SB,TIP3P,2026-05-30,compound,
ROCK2,CC(C)n1cnnc1C1CCN(C(=O)c2ccc(OC3CCOC3)cc2)CC1,10.00,moderate,13533,529.22,GAFF2+ff14SB,TIP3P,2026-05-30,compound,
ROCK2,Cc1ccc(C(=O)Nc2ccc(Cl)cn2)cn1,10.00,stable,19125,495.79,GAFF2+ff14SB,TIP3P,2026-05-30,compound,
ROCK2,O=c1cc(C(F)(F)F)oc2ccc(Cl)cc12,10.00,stable,16674,964.27,GAFF2+ff14SB,TIP3P,2026-05-30,compound,
ROCK2,c1ccn2c(c1)nc1c2nc2ccccn21,10.00,moderate,16583,791.71,GAFF2+ff14SB,TIP3P,2026-05-30,compound,
ROCK2,O=C(N[C@@H](O)C(=O)c1ccccc1)c1ccco1,10.00,moderate,14878,629.07,GAFF2+ff14SB,TIP3P,2026-05-30,compound,
ROCK2,Cc1cccc(C2(C(=O)O)CC(=O)C2)c1C,10.00,stable,13040,586.26,GAFF2+ff14SB,TIP3P,2026-05-30,compound,
ROCK2,CCC(CC(F)(F)F)NC(=O)c1cnn(C2CCOCC2)c1C,10.00,stable,118417,185.31,GAFF2+ff14SB,TIP3P,2026-05-30,compound,
ROCK2,CCN(C(=O)c1nc2ccccc2cc1Br)C1CCNC1=O,10.00,moderate,15556,548.76,GAFF2+ff14SB,TIP3P,2026-05-30,compound,
ROCK2,O=C(NC1COC2(CNC2)C1)c1csc(-c2ccccc2)n1,10.00,stable,24352,551.21,GAFF2+ff14SB,TIP3P,2026-05-30,compound,
LIMK2,Cn1nc(C(=O)N2CCCc3ncccc32)cc1C(F)(F)F,10.00,stable,14782,718.68,GAFF2+ff14SB,TIP3P,2026-05-30,compound,
ROCK2,O=C1CN2Cc3c(ccc(N4CCCC4)c3F)NC2=N1,10.00,stable,14696,590.49,GAFF2+ff14SB,TIP3P,2026-05-30,compound,
ROCK2,OCc1cccc(-c2nc(C(F)(F)F)n3c2CNCC3)c1,10.00,stable,14569,601.89,GAFF2+ff14SB,TIP3P,2026-05-30,compound,
ROCK2,CCOc1cn(-c2ccccc2)nc1C(=O)N1CCCC(C(=O)O)C1,10.00,moderate,12136,559.35,GAFF2+ff14SB,TIP3P,2026-05-30,compound,
ROCK2,CC(NS(=O)(=O)c1cnn(-c2ccccc2)c1)c1cccnc1,10.00,stable,14130,515.94,GAFF2+ff14SB,TIP3P,2026-05-30,compound,
ROCK2,COc1cccc(C2=Nn3c(C)nnc3SC2)c1,10.00,stable,77137,262.81,GAFF2+ff14SB,TIP3P,2026-05-30,compound,
ROCK1,Cc1cc(C)cc(C(=O)N2CCC(O)CC2)c1,10.00,stable,20595,481.11,GAFF2+ff14SB,TIP3P,2026-05-30,compound,
LIMK2,CN=c1[nH]n(-c2ccc(Cl)cc2)nc1C#N,10.00,stable,13469,532.67,GAFF2+ff14SB,TIP3P,2026-05-30,compound,
ROCK2,COC(=O)N1CCO[C@@H](c2ccc(C)cc2)C1,10.00,moderate,24626,656.73,GAFF2+ff14SB,TIP3P,2026-05-30,compound,
RIPK3,Cc1ccc(CC(=O)N(C)c2cc(C#N)ccn2)cn1,10.00,stable,13540,524.78,GAFF2+ff14SB,TIP3P,2026-05-30,compound,
LIMK2,Oc1nc(-c2ccccn2)nc2c1CCC2,10.00,stable,14313,537.92,GAFF2+ff14SB,TIP3P,2026-05-30,compound,
ROCK2,C[C@H]1OC2(O[C@@H]1C)C(=O)Nc1ccccc12,10.00,stable,78306,244.91,GAFF2+ff14SB,TIP3P,2026-05-30,compound,
LIMK2,Clc1ccc2nc(CNc3nccn4cnnc34)cn2c1,10.00,stable,12141,608.74,GAFF2+ff14SB,TIP3P,2026-05-30,compound,
ROCK2,c1ccc(-c2ncc3c(n2)CCNC3)cc1,10.00,moderate,48196,369.99,GAFF2+ff14SB,TIP3P,2026-05-30,compound,
ROCK2,Cc1ccc(C)c(N[C@H]2C=CS(=O)(=O)C2)c1,10.00,stable,29440,433.72,GAFF2+ff14SB,TIP3P,2026-05-30,compound,
LIMK2,CCC(=O)NC1CCCN(Cc2nc3c(cnn3C)c(=O)[nH]2)C1,10.00,stable,13299,753.37,GAFF2+ff14SB,TIP3P,2026-05-30,compound,
ROCK2,COc1ncccc1Cn1c(C)nc2nc(C(C)C)cc(=O)n21,10.00,moderate,19779,568.85,GAFF2+ff14SB,TIP3P,2026-05-30,compound,
ROCK2,Cc1cc(C)cc(C(=O)N2CCCCC2C(=O)N2CCCC(CC(N)=O)C2)c1,10.00,moderate,80084,118.63,GAFF2+ff14SB,TIP3P,2026-05-30,compound,
ROCK2,CCONC(=O)C1=NN(c2cc(C)ccc2C)C(=O)CC1,10.00,stable,33189,460.10,GAFF2+ff14SB,TIP3P,2026-05-30,compound,
ROCK2,O=C1CN(C(=O)c2c[nH]nc2-c2ccccc2F)CCN1,10.00,stable,27753,497.11,GAFF2+ff14SB,TIP3P,2026-05-30,compound,
ROCK2,CN1CC2(CCN(C(=O)c3ccc4c(c3)OCC(=O)N4)C2)C1,10.00,moderate,40452,387.20,GAFF2+ff14SB,TIP3P,2026-05-30,compound,
ROCK2,CCn1ncc2cc(C(=O)NC[C@@H](C)CNC(=O)c3cc(CN(C)C)on3),10.00,moderate,15782,638.51,GAFF2+ff14SB,TIP3P,2026-05-30,compound,
ROCK2,O=C(NCc1ccccn1)c1cccc(N2CCNC2=O)c1,10.00,stable,42577,429.86,GAFF2+ff14SB,TIP3P,2026-05-30,compound,
ROCK2,CCCC(=O)NC[C@H]1CC[C@H](CNC(=O)C2CCS(=O)(=O)CC2)CC,10.00,stable,11976,582.41,GAFF2+ff14SB,TIP3P,2026-05-30,compound,
ROCK2,Cc1ccc(C(C)(C)C(=O)N2CCCC(c3nn[nH]n3)C2)cc1,10.00,stable,25096,521.05,GAFF2+ff14SB,TIP3P,2026-05-30,compound,
ROCK2,O=C(NC1COC1)c1ccc(Cl)cc1C(F)(F)F,10.00,stable,16171,448.73,GAFF2+ff14SB,TIP3P,2026-05-30,compound,
ROCK2,Cc1nc2c(oc3ccccc32)c(=O)o1,10.00,stable,20524,650.46,GAFF2+ff14SB,TIP3P,2026-05-30,compound,
ROCK2,CO[C@@H]1CN[C@H](c2nc(O)c3cccnc3n2)C1,10.00,moderate,23941,583.36,GAFF2+ff14SB,TIP3P,2026-05-30,compound,
ROCK2,C#C[C@H](N)c1c(C)nn(-c2ccccc2)c1Cl,10.00,moderate,20048,523.17,GAFF2+ff14SB,TIP3P,2026-05-30,compound,
ROCK2,CC(C)c1nc2cnn(-c3ccccc3)c2[nH]1,10.00,stable,44701,417.71,GAFF2+ff14SB,TIP3P,2026-05-30,compound,
ROCK2,O=C(NCc1cc(F)cc(F)c1)c1ccoc1,10.00,stable,23744,594.17,GAFF2+ff14SB,TIP3P,2026-05-30,compound,
ROCK2,NC(=O)C1(O)CCN(C(=O)c2ccccc2C2CCC2)CC1,10.00,stable,11573,800.20,GAFF2+ff14SB,TIP3P,2026-05-30,compound,
ROCK2,Cn1c(=O)[nH]c2cc(C(=O)N3CCCC(c4nnc5n4CCC5)C3)ccc21,10.00,stable,33591,355.60,GAFF2+ff14SB,TIP3P,2026-05-30,compound,
ROCK2,Nc1cc(-c2ccccc2)cnc1Cl,10.00,stable,12457,596.20,GAFF2+ff14SB,TIP3P,2026-05-30,compound,
ROCK2,O=C(NC1=NCCS1)c1ccc(Cl)cc1F,10.00,stable,23579,490.40,GAFF2+ff14SB,TIP3P,2026-05-30,compound,
ROCK2,N#CCCn1cnc2c(F)cc(Br)cc2c1=O,10.00,stable,14102,753.24,GAFF2+ff14SB,TIP3P,2026-05-30,compound,
ROCK2,O=C(C1CCC1)N1CCC(c2cnccn2)CC1,10.00,stable,20400,504.52,GAFF2+ff14SB,TIP3P,2026-05-30,compound,
ROCK2,O=C1CC[C@H](C(=O)N2CCC3(CCCCC3)C2)N1,10.00,moderate,28181,563.48,GAFF2+ff14SB,TIP3P,2026-05-30,compound,
ROCK2,CC(C)C1=NN(c2ccccc2)C(=O)C1(C)C,10.00,stable,16014,488.57,GAFF2+ff14SB,TIP3P,2026-05-30,compound,
ROCK2,CC1CCN(C2CN(C(=O)Cc3cccc(-c4nn[nH]n4)c3)C2)CC1,10.00,stable,51191,270.18,GAFF2+ff14SB,TIP3P,2026-05-30,compound,
ROCK2,CC(C#N)(NC(=O)c1cc(F)c(F)c(F)c1)C1CC1,10.00,stable,26560,605.18,GAFF2+ff14SB,TIP3P,2026-05-30,compound,
ROCK2,O=C(c1ccccc1)N1CCC2C(CCC(=O)N2C2CC2)C1,10.00,moderate,13428,564.15,GAFF2+ff14SB,TIP3P,2026-05-30,compound,
ROCK2,CCN(Cc1nc2ccccc2c(=O)[nH]1)C(=O)C1CCC(F)(F)CC1,10.00,stable,27812,619.11,GAFF2+ff14SB,TIP3P,2026-05-30,compound,
ROCK2,CS(=O)(=O)N[C@H]1CCN(c2c(F)cccc2F)C1,10.00,stable,33831,443.99,GAFF2+ff14SB,TIP3P,2026-05-30,compound,
ROCK2,CC(C)C(=O)Nc1ccc2c(c1)C(=O)N(C)C2=O,10.00,moderate,29305,482.59,GAFF2+ff14SB,TIP3P,2026-05-30,compound,
ROCK2,[H]N(C)C(=O)c1ncn2c1CN(C)C(=O)c1cc(Cl)ccc1-2,10.00,stable,14273,577.53,GAFF2+ff14SB,TIP3P,2026-05-30,compound,
ROCK2,O=C(N[C@H]1CC[C@@H]1O)c1cc2ccccc2[nH]1,10.00,stable,26672,555.76,GAFF2+ff14SB,TIP3P,2026-05-30,compound,
ROCK2,O=C(NC1CCOCC1)N1CCOC(CCc2ccccc2)C1,10.00,stable,53392,377.59,GAFF2+ff14SB,TIP3P,2026-05-30,compound,
ROCK2,CC(=O)c1cccc(NC(=O)N2CCOCC2)c1,10.00,moderate,13331,569.16,GAFF2+ff14SB,TIP3P,2026-05-30,compound,
ROCK2,O=Cc1ccc(-c2ccc(F)cc2F)nc1,10.00,stable,12429,682.94,GAFF2+ff14SB,TIP3P,2026-05-30,compound,
ROCK2,CC1(NC(=O)c2ncc(F)cn2)CCN(C(=O)c2cc(-c3cccnc3)no2),10.00,stable,29447,483.69,GAFF2+ff14SB,TIP3P,2026-05-29,compound,
ROCK2,CC(=O)N1C(=O)c2ccc([N+](=O)[O-])cc2C1=O,10.00,stable,30365,533.55,GAFF2+ff14SB,TIP3P,2026-05-29,compound,
ROCK2,Cc1ccc2c(c1)C(=O)O[C@](C)(C(=O)O)C2,10.00,moderate,20505,555.67,GAFF2+ff14SB,TIP3P,2026-05-29,compound,
ROCK2,NC(=O)Nc1cc(C(F)(F)F)ccc1Cl,10.00,stable,10809,713.58,GAFF2+ff14SB,TIP3P,2026-05-29,compound,
ROCK2,Cc1ccc([C@@H](C)NC(=O)[C@H]2CC=CCC2)o1,10.00,stable,22390,609.54,GAFF2+ff14SB,TIP3P,2026-05-29,compound,
ROCK2,Cc1ccccc1N1CC(=O)[C@@H](C#N)C1,10.00,stable,18343,609.93,GAFF2+ff14SB,TIP3P,2026-05-29,compound,
ROCK2,C[C@H]1C(=O)c2ccccc2C[C@H]1C(=O)O,10.00,stable,14115,521.59,GAFF2+ff14SB,TIP3P,2026-05-29,compound,
ROCK2,Cc1cn(Cc2nc(CCCc3ccccc3)no2)c(=O)[nH]c1=O,10.00,moderate,14218,170.26,GAFF2+ff14SB,TIP3P,2026-05-29,compound,
ROCK2,C[C@H](NC(=O)[C@H]1CCC(=O)NC1)c1ccccc1,10.00,stable,31402,166.94,GAFF2+ff14SB,TIP3P,2026-05-29,compound,
ROCK2,Cc1cc[nH]c1C(=O)NC[C@@H]1CCCO[C@H]1c1ccn[nH]1,10.00,stable,42680,436.86,GAFF2+ff14SB,TIP3P,2026-05-29,compound,
ROCK2,C[C@@H]1C[C@@H]1C(=O)N1CCC2(CC1)CNC(=O)C2,10.00,moderate,32921,502.83,GAFF2+ff14SB,TIP3P,2026-05-29,compound,
ROCK2,O=C(NC1CC1)c1noc(C2CCCN2C(=O)c2ccc3nncn3c2)n1,10.00,stable,52258,379.34,GAFF2+ff14SB,TIP3P,2026-05-29,compound,
LIMK2,Cc1n[nH]c(C)c1NC(=O)c1ccc(F)c(F)c1,10.00,stable,14089,554.71,GAFF2+ff14SB,TIP3P,2026-05-29,compound,
ROCK2,CC(C)N1CCC(NC(=O)Cn2cc(-c3cnccn3)nn2)CC1,10.00,moderate,52297,341.93,GAFF2+ff14SB,TIP3P,2026-05-29,compound,
LIMK2,O=C(CCc1ccccc1)Nc1cccnc1,10.00,stable,13535,559.52,GAFF2+ff14SB,TIP3P,2026-05-29,compound,
ROCK2,CCN(C(=O)C1CNC(=O)C1)c1ccc(N2CCOCC2)cc1,10.00,stable,14055,564.23,GAFF2+ff14SB,TIP3P,2026-05-29,compound,
ROCK2,O=C(O)[C@@H]1C(=O)OC[C@H]1c1ccc(F)cc1,10.00,stable,12108,610.10,GAFF2+ff14SB,TIP3P,2026-05-29,compound,
RIPK3,C[C@@H]1C[C@@H]1C(=O)NCc1cn2ccccc2n1,10.00,stable,13077,582.29,GAFF2+ff14SB,TIP3P,2026-05-29,compound,
ROCK2,CC(O)C1=CCN(NC(=O)c2ccccc2)CC1,10.00,stable,54847,354.87,GAFF2+ff14SB,TIP3P,2026-05-29,compound,
ROCK2,COc1ccc(C(NC(=O)N2CCCCO2)C(F)(F)F)cc1F,10.00,moderate,12091,460.15,GAFF2+ff14SB,TIP3P,2026-05-29,compound,
ROCK2,Cc1cc(C)nc(NCC2(N3CCOCC3)CCOCC2)n1,10.00,stable,39004,375.44,GAFF2+ff14SB,TIP3P,2026-05-29,compound,
LIMK2,Cc1cccc(C2CC(=O)CC(=O)C2)c1,10.00,stable,12321,675.33,GAFF2+ff14SB,TIP3P,2026-05-29,compound,
ROCK2,Cc1nc(=O)c(-c2ccc(Cl)cc2)c(O)[nH]1,10.00,stable,12144,607.09,GAFF2+ff14SB,TIP3P,2026-05-29,compound,
ROCK2,Cc1cnn(CCNCc2cccc(C(N)=O)c2)c1,10.00,moderate,109232,179.19,GAFF2+ff14SB,TIP3P,2026-05-29,compound,
ROCK2,O=C(c1ccc(F)cc1)N1CCC(O)CC1,10.00,stable,28296,547.78,GAFF2+ff14SB,TIP3P,2026-05-29,compound,
LIMK1,COC=1C=CC(=CN1)C(=O)N2CCC(CC2)NC=3C=CC=NN3,10.00,stable,15618,590.55,GAFF2+ff14SB,TIP3P,2026-05-29,compound,
ROCK2,Cc1nc2ccccc2c(C(=O)O)c1C,10.00,stable,17738,607.42,GAFF2+ff14SB,TIP3P,2026-05-29,compound,
ROCK2,C[C@@H]1OCCC[C@@H]1C(=O)N1CC(Oc2ccc(C#N)cc2)C1,10.00,moderate,19449,621.05,GAFF2+ff14SB,TIP3P,2026-05-29,compound,
ROCK2,Cc1oc2ccccc2c1[C@H]1NC(=O)CN1C,10.00,stable,12060,702.25,GAFF2+ff14SB,TIP3P,2026-05-29,compound,
ROCK2,Cn1cc(-c2ccccc2CNC(=O)c2cnn(C3CC3)c2)cn1,10.00,moderate,19898,558.80,GAFF2+ff14SB,TIP3P,2026-05-29,compound,
ROCK2,C#C[C@@H](C)OC(=O)[C@@H]1CC(=O)Nc2ccccc21,10.00,stable,51627,324.61,GAFF2+ff14SB,TIP3P,2026-05-29,compound,
ROCK2,CC1CCN(C2CC(=O)N(c3ccc(OC(F)(F)F)cc3)C2=O)CC1,10.00,moderate,20501,666.12,GAFF2+ff14SB,TIP3P,2026-05-29,compound,
ROCK2,Cn1cnn(CC(=O)NCCC2=CCCCC2)c1=O,10.00,stable,70642,280.32,GAFF2+ff14SB,TIP3P,2026-05-29,compound,
ROCK2,O=S(=O)(NC[C@H]1CO1)c1cccc2cccnc12,10.00,stable,88917,215.55,GAFF2+ff14SB,TIP3P,2026-05-29,compound,
RIPK3,COc1ccc(F)cc1NC(=O)NC1CCc2ncnn2C1,10.00,stable,14196,446.04,GAFF2+ff14SB,TIP3P,2026-05-29,compound,
ROCK2,COc1ccc(Cl)cc1C(=O)NC[C@@H]1CCO[C@@H]1c1ncn[nH]1,10.00,stable,33372,455.37,GAFF2+ff14SB,TIP3P,2026-05-29,compound,
RIPK3,O=C(CO)N1CCN(c2ncnc3c2ncn3C2CC2)CC1,10.00,stable,12289,638.90,GAFF2+ff14SB,TIP3P,2026-05-29,compound,
RIPK3,NC(=O)c1nc(-c2ccc(Cl)cc2)c[n+]([O-])c1N,10.00,moderate,14859,630.82,GAFF2+ff14SB,TIP3P,2026-05-29,compound,
MAPKAPK2,Cc1ccc(NC(=O)c2ccc(S(N)(=O)=O)cc2)cc1C,10.00,stable,15165,176.59,GAFF2+ff14SB,TIP3P,2026-05-29,compound,
ROCK2,Cc1nc2c(N)ncnc2n1-c1ccccn1,10.00,moderate,49161,334.30,GAFF2+ff14SB,TIP3P,2026-05-29,compound,
ROCK2,CC(c1nc(C2(S(C)(=O)=O)CCCC2)no1)n1ccc(C(F)(F)F)n1,10.00,stable,20362,584.42,GAFF2+ff14SB,TIP3P,2026-05-29,compound,
ROCK1,NC(=O)[C@@H]1NCCc2c1[nH]c1ccccc21,10.00,moderate,28302,595.46,GAFF2+ff14SB,TIP3P,2026-05-29,compound,
ROCK2,CN1CCC(C(=O)N2CCOC(c3ccc(Cl)cc3)C2)CC1=O,10.00,moderate,20272,577.50,GAFF2+ff14SB,TIP3P,2026-05-29,compound,
ROCK2,O=C(C1CCCN(c2ncccn2)C1)N1CCCC1c1ccccn1,10.00,stable,23907,516.92,GAFF2+ff14SB,TIP3P,2026-05-29,compound,
ROCK2,Cn1cc(S(=O)(=O)NCCNc2cccc(F)c2C#N)cn1,10.00,moderate,38730,390.55,GAFF2+ff14SB,TIP3P,2026-05-29,compound,
ROCK2,O=C(Cc1n[nH]c2ccccc12)N1CC(N2CCCC2=O)C1,10.00,moderate,23449,512.53,GAFF2+ff14SB,TIP3P,2026-05-29,compound,
ROCK2,O=C(NC[C@H]1CCCO1)c1ccc(Cl)c(Cl)c1,10.00,stable,15720,590.69,GAFF2+ff14SB,TIP3P,2026-05-29,compound,
ROCK1,CN1CCC2(CCCN(C(=O)c3c[nH]c(=O)c(C(F)(F)F)c3)C2)C1,10.00,moderate,31608,444.95,GAFF2+ff14SB,TIP3P,2026-05-29,compound,
ROCK2,C[C@@H](NS(=O)(=O)c1c2c(nn1C)CCOC2)c1cccc(F)c1,10.00,moderate,19647,672.65,GAFF2+ff14SB,TIP3P,2026-05-29,compound,
LIMK2,CCC(=O)c1ccc(N2CC(CNC(C)=O)OC2=O)cc1N,10.00,moderate,14937,524.56,GAFF2+ff14SB,TIP3P,2026-05-29,compound,
ROCK1,Cc1cc(C)nc(N(C#N)CC(=O)N2COC(C(N)=O)OC2)n1,10.00,moderate,17643,543.65,GAFF2+ff14SB,TIP3P,2026-05-29,compound,
NFE2L2,O=C(c1cc2c([nH]c1=O)CCOC2)N1CC=C(c2c[nH]c3ncccc23),10.00,stable,15724,720.84,GAFF2+ff14SB,TIP3P,2026-05-29,compound,
RIPK3,Cn1cc(NC(=O)c2cncn2-c2ccccc2)cn1,10.00,stable,11966,594.80,GAFF2+ff14SB,TIP3P,2026-05-29,compound,
RIPK3,CC1(C)CC(=O)c2cnc(NC3CC3)nc2C1,10.00,moderate,14108,618.01,GAFF2+ff14SB,TIP3P,2026-05-29,compound,
ROCK2,Cc1cc(C)n(-c2nc3ccccc3n2C)n1,10.00,stable,11654,538.31,GAFF2+ff14SB,TIP3P,2026-05-29,compound,
RIPK3,Cc1nc2ncnn2c2c1C(=O)CC(C)(C)C2,10.00,stable,18143,662.34,GAFF2+ff14SB,TIP3P,2026-05-29,compound,
ROCK2,O=C(O)c1cc(F)cc2c1CCN(Cc1ccon1)C2,10.00,stable,51871,365.98,GAFF2+ff14SB,TIP3P,2026-05-29,compound,
ROCK2,Cc1cnn(-c2ccc(C(F)(F)F)cc2N)c1,10.00,moderate,50664,402.42,GAFF2+ff14SB,TIP3P,2026-05-29,compound,
LIMK2,Nc1ccc(S(=O)(=O)Nc2ccccc2)cc1,10.00,stable,12688,517.16,GAFF2+ff14SB,TIP3P,2026-05-29,compound,
ROCK2,O[C@@H]1CCCN(c2nc3ccccc3o2)C1,10.00,stable,56024,398.17,GAFF2+ff14SB,TIP3P,2026-05-29,compound,
RIPK3,CC1(C)CN(C(=O)c2ccnn2CC(F)F)CC2(CCCC2)O1,10.00,moderate,14815,156.93,GAFF2+ff14SB,TIP3P,2026-05-29,compound,
RIPK3,O=C(O)COCCN1CCN([C@@H](c2ccc(Cl)cc2)c2cccs2)CC1,10.00,stable,20321,514.77,GAFF2+ff14SB,TIP3P,2026-05-29,compound,
ROCK2,Cc1nc(-c2ccc3c(c2)CCC(=O)N3)cs1,10.00,stable,71183,240.81,GAFF2+ff14SB,TIP3P,2026-05-29,compound,
LIMK2,CN(C)c1nc(CNC(=O)c2cccc3c2OCC(=O)N3)cs1,10.00,stable,12353,558.64,GAFF2+ff14SB,TIP3P,2026-05-29,compound,
ROCK2,CC(C)[C@@H](N)c1cnc2c(c1)CCCC2,10.00,stable,12873,645.82,GAFF2+ff14SB,TIP3P,2026-05-29,compound,
ROCK2,Cc1noc(C)c1COc1cc(Cl)ccc1C(N)=O,10.00,moderate,47049,442.35,GAFF2+ff14SB,TIP3P,2026-05-29,compound,
ROCK2,CCc1n[nH]c(=O)c2c3ccccc3nn12,10.00,moderate,49694,367.35,GAFF2+ff14SB,TIP3P,2026-05-29,compound,
ROCK2,Cc1cccc(S(=O)(=O)N[C@@H]2CCNC2)c1C#N,10.00,stable,13027,582.69,GAFF2+ff14SB,TIP3P,2026-05-29,compound,
ROCK2,CC(=O)Nc1nc2nc(C(F)(F)F)cc(=O)n2[nH]1,10.00,stable,35300,417.53,GAFF2+ff14SB,TIP3P,2026-05-29,compound,
ROCK2,Cn1ncc2c(=O)n(Cc3ccc(C(N)=O)cc3)nnc21,10.00,stable,38731,401.19,GAFF2+ff14SB,TIP3P,2026-05-29,compound,
ROCK2,N[C@H](Cc1cccc2ccccc12)C(=O)O,10.00,stable,13733,561.59,GAFF2+ff14SB,TIP3P,2026-05-29,compound,
ROCK2,CC(=O)NCCNc1cc(=O)oc2ccccc12,10.00,stable,11749,681.22,GAFF2+ff14SB,TIP3P,2026-05-29,compound,
ROCK2,Cc1oc2nc[nH]c(=O)c2c1C(=O)N1CCCC(n2cccn2)C1,10.00,moderate,35043,552.75,GAFF2+ff14SB,TIP3P,2026-05-29,compound,
ROCK2,CC1(c2cc(F)ccc2F)NC(=O)N(CC(=O)NCc2ccco2)C1=O,10.00,stable,14530,537.45,GAFF2+ff14SB,TIP3P,2026-05-29,compound,
ROCK2,CC(OCC1CCCO1)C(=O)NC1COc2ccccc2C1,10.00,stable,59637,370.69,GAFF2+ff14SB,TIP3P,2026-05-29,compound,
ROCK2,N#Cc1cc(C(F)(F)F)nc2ccccc12,10.00,stable,11874,711.87,GAFF2+ff14SB,TIP3P,2026-05-29,compound,
ROCK2,COc1ccccc1C1CCCN1C(=O)NC(C)c1nncn1C,10.00,moderate,30896,488.95,GAFF2+ff14SB,TIP3P,2026-05-29,compound,
ROCK2,COc1cc(F)ccc1NC(=O)N1CCCC1c1cn(C)nc1C,10.00,stable,16600,538.19,GAFF2+ff14SB,TIP3P,2026-05-29,compound,
ROCK2,CC(C)CNC(=O)CCCc1nc2ccccc2c(=O)[nH]1,10.00,stable,13291,612.96,GAFF2+ff14SB,TIP3P,2026-05-29,compound,
ROCK2,Cc1cc(C(=O)NS(C)(=O)=O)cc(Cl)c1Br,10.00,stable,12750,605.62,GAFF2+ff14SB,TIP3P,2026-05-29,compound,
ROCK1,CC(=O)N1CCCCC1C(=O)Nc1ccc(-n2cnc(C)c2C)cc1,10.00,stable,13487,536.06,GAFF2+ff14SB,TIP3P,2026-05-29,compound,
ROCK2,Cc1cccc(C)c1NC(=O)C(=O)NC[C@H](C)O,10.00,stable,23883,762.35,GAFF2+ff14SB,TIP3P,2026-05-29,compound,
ROCK2,C[C@H](NC(=O)c1ccsc1)c1ccc(F)cc1,10.00,moderate,17861,635.81,GAFF2+ff14SB,TIP3P,2026-05-29,compound,
ROCK2,C[C@]1(CO)OCCc2c1[nH]c1ccccc21,10.00,stable,71453,285.56,GAFF2+ff14SB,TIP3P,2026-05-29,compound,
ROCK2,Nc1no[n+]([O-])c1C(=O)Nc1cccc(Cl)c1,10.00,stable,27709,547.19,GAFF2+ff14SB,TIP3P,2026-05-29,compound,
RIPK3,O=C(NCC1CCc2nc(C(F)(F)F)cn2C1)c1ccsn1,10.00,stable,13850,560.98,GAFF2+ff14SB,TIP3P,2026-05-29,compound,
ROCK2,COc1ccc2cccc(CC(=O)N3CCOCC34CCOC4)c2c1,10.00,stable,32198,495.81,GAFF2+ff14SB,TIP3P,2026-05-29,compound,
ROCK2,O=C1CN(c2cnc3ccccc3n2)CON1,10.00,stable,53955,281.52,GAFF2+ff14SB,TIP3P,2026-05-29,compound,
ROCK2,Cc1ccc(C(=O)NC(C)c2nc(C)no2)cc1,10.00,stable,19321,862.15,GAFF2+ff14SB,TIP3P,2026-05-29,compound,
ROCK2,Cc1ccc(-c2noc(C)c2C(=O)O)cc1F,10.00,stable,16980,507.89,GAFF2+ff14SB,TIP3P,2026-05-29,compound,
ROCK2,C[C@@H]1OCCC[C@@H]1C(=O)Nc1cnc2c(c1)c(=O)n(C)c(=O),10.00,stable,133781,174.06,GAFF2+ff14SB,TIP3P,2026-05-29,compound,
ROCK2,CCn1cc(-c2nn(C)cc2C(=O)NC[C@H]2CCS(=O)(=O)[C@H](C),10.00,stable,68464,279.33,GAFF2+ff14SB,TIP3P,2026-05-29,compound,
ROCK2,Cc1cc(N)n(-c2ccc(C(F)(F)F)cn2)n1,10.00,moderate,15735,538.39,GAFF2+ff14SB,TIP3P,2026-05-29,compound,
RIPK3,CCC1OCCCC1C(=O)N1CCN(c2cnccc2C)CC1,10.00,moderate,12601,611.08,GAFF2+ff14SB,TIP3P,2026-05-29,compound,
ROCK2,NC(=S)Nc1cccc2c1CCCC2,10.00,stable,10951,635.55,GAFF2+ff14SB,TIP3P,2026-05-29,compound,
ROCK2,CNC1CCN(C(=O)[C@@H](C(C)C)N2Cc3ccccc3C2=O)C1,10.00,moderate,20351,526.28,GAFF2+ff14SB,TIP3P,2026-05-29,compound,
ROCK2,N#Cc1ccc(NN=C2C(=O)CCCC2=O)cc1,10.00,moderate,11912,639.70,GAFF2+ff14SB,TIP3P,2026-05-29,compound,
ROCK2,Cc1c(Cl)cccc1NC(=O)C1CCN(C)CC1,10.00,moderate,55543,336.15,GAFF2+ff14SB,TIP3P,2026-05-29,compound,
ROCK2,Fc1cnc(NC2CCN(c3ncccn3)CC2)nc1,10.00,stable,18334,618.24,GAFF2+ff14SB,TIP3P,2026-05-29,compound,
ROCK2,Cc1c(C(=O)N2CCc3[nH]nc(CO)c3C2)nnn1-c1cccc(Cl)c1,10.00,moderate,18868,555.13,GAFF2+ff14SB,TIP3P,2026-05-29,compound,
ROCK2,O=C(N[C@H]1C[C@@H](N2CCCC2)C1)c1cc(N2CCOCC2)ncn1,10.00,moderate,23168,604.65,GAFF2+ff14SB,TIP3P,2026-05-29,compound,
ROCK2,CC(=O)[C@@H]1O[C@@H]2C=C3C=CCCC3=C[C@H]2O1,10.00,stable,34005,448.72,GAFF2+ff14SB,TIP3P,2026-05-29,compound,
ROCK2,NC(=O)c1cccn1-c1ccc([N+](=O)[O-])cc1,10.00,moderate,78756,235.33,GAFF2+ff14SB,TIP3P,2026-05-29,compound,
ROCK2,Cn1cnc(C(=O)NCC2(c3ccc(F)cc3)CCOCC2)c1,10.00,moderate,47186,337.05,GAFF2+ff14SB,TIP3P,2026-05-29,compound,
ROCK2,Cn1cnc(C(=O)N2CCCC2c2ccccc2)c1,10.00,stable,52992,341.89,GAFF2+ff14SB,TIP3P,2026-05-29,compound,
ROCK2,Cc1nc2c(C(=O)N3CCCCC3c3cc[nH]n3)ccnc2[nH]1,10.00,stable,14966,596.52,GAFF2+ff14SB,TIP3P,2026-05-29,compound,
ROCK2,Cc1cc(NC(=O)C2CCCC(=O)N2C)nn1-c1ccccc1,10.00,stable,11531,614.59,GAFF2+ff14SB,TIP3P,2026-05-29,compound,
ROCK2,CC1CCC(C(=O)N2CC(=O)Nc3ccccc32)O1,10.00,stable,31470,504.96,GAFF2+ff14SB,TIP3P,2026-05-29,compound,
RIPK3,COc1ccc(N2NC(=O)CC(C)(CC(C)C)C2=O)cc1OC,10.00,stable,13490,555.39,GAFF2+ff14SB,TIP3P,2026-05-29,compound,
ROCK2,CC(NC(=O)C1COCCN1)c1ccc2c(c1)CC(=O)N2,10.00,stable,50181,376.63,GAFF2+ff14SB,TIP3P,2026-05-29,compound,
RIPK3,F[C@H]1CN[C@@H](c2nc(-c3ccccn3)no2)C1,10.00,moderate,13066,629.88,GAFF2+ff14SB,TIP3P,2026-05-29,compound,
ROCK2,Cc1cc(C(=O)N2CCNC(c3cccnc3)C2)on1,10.00,moderate,122476,215.15,GAFF2+ff14SB,TIP3P,2026-05-29,compound,
ROCK2,O=S1(=O)CC[C@@H](NC(=S)NCc2ccccc2)C1,10.00,moderate,39139,426.40,GAFF2+ff14SB,TIP3P,2026-05-29,compound,
ROCK2,O=C(Nc1cccc(Cl)c1)N[C@H]1CCS(=O)(=O)C1,10.00,stable,33106,642.66,GAFF2+ff14SB,TIP3P,2026-05-29,compound,
ROCK2,NC(=O)CNS(=O)(=O)c1cccc2ccccc12,10.00,stable,16076,477.18,GAFF2+ff14SB,TIP3P,2026-05-29,compound,
ROCK2,O=C1NCC(C(=O)N2CCC(O)(C3CCC3)CC2)c2ccccc21,10.00,stable,71152,239.65,GAFF2+ff14SB,TIP3P,2026-05-29,compound,
ROCK2,CC(C(=O)Nc1ccccc1C(F)(F)F)n1occc1=O,10.00,moderate,18107,714.64,GAFF2+ff14SB,TIP3P,2026-05-29,compound,
ROCK2,O=C(Oc1ccccc1)n1c(=O)[nH]cc(Cl)c1=O,10.00,stable,20366,443.43,GAFF2+ff14SB,TIP3P,2026-05-29,compound,
ROCK2,CC(C)c1ncc(Cc2ccccc2)[nH]c1=O,10.00,moderate,11189,619.06,GAFF2+ff14SB,TIP3P,2026-05-29,compound,
ROCK2,CCOC1(C(F)(F)F)OC(=O)Nc2ccc(Cl)cc21,10.00,stable,12776,892.82,GAFF2+ff14SB,TIP3P,2026-05-29,compound,
LIMK2,CN(C)NC1=CC(=O)C[C@H](c2ccccc2)C1,10.00,stable,12305,655.24,GAFF2+ff14SB,TIP3P,2026-05-29,compound,
ROCK2,Cn1cnc2c(NC3CCC(F)(F)CC3)nc(S(C)(=O)=O)nc21,10.00,stable,43984,413.27,GAFF2+ff14SB,TIP3P,2026-05-29,compound,
RIPK3,CC1CC(=O)C(C(=O)c2ccccc2)C(=O)C1,10.00,stable,16215,744.10,GAFF2+ff14SB,TIP3P,2026-05-29,compound,
ROCK2,C[C@@H]1CCNC[C@@H]1[C@H]1CC[C@H](C(F)(F)F)NC1,10.00,moderate,19530,592.07,GAFF2+ff14SB,TIP3P,2026-05-29,compound,
LIMK2,O=C1CC(C(=O)Nc2ccccc2)C2(CCCOC2)O1,10.00,stable,13196,548.27,GAFF2+ff14SB,TIP3P,2026-05-29,compound,
ROCK2,CC1=CN2CC(CCC2=N1)NC(=O)C=3C=CC(=NC3)OCC(C)C,10.00,moderate,13337,686.97,GAFF2+ff14SB,TIP3P,2026-05-29,compound,
RIPK3,O=C1C(c2ccccc2)=NOC12CCCC2,10.00,moderate,12914,625.35,GAFF2+ff14SB,TIP3P,2026-05-29,compound,
ROCK2,NC(=O)c1nn(-c2ccccc2)c(=O)cc1N,10.00,stable,32614,646.73,GAFF2+ff14SB,TIP3P,2026-05-29,compound,
RIPK3,Cc1cc(C)cc(C(=O)N[C@H]2CCCNC2)c1,10.00,moderate,12989,808.00,GAFF2+ff14SB,TIP3P,2026-05-29,compound,
RIPK3,O=C(N[C@H]1C[C@@H](O)c2ccccc21)C(F)(F)F,10.00,moderate,14206,901.06,GAFF2+ff14SB,TIP3P,2026-05-29,compound,
LIMK2,O=Cc1cn(CCC(=O)O)nc1-c1cccc(Br)c1,10.00,stable,11560,492.28,GAFF2+ff14SB,TIP3P,2026-05-29,compound,
RIPK3,CC(=O)N1CCC(CS(=O)(=O)NCc2ccccc2)CC1,10.00,stable,15095,508.70,GAFF2+ff14SB,TIP3P,2026-05-29,compound,
ROCK2,Cc1cc(C)n(CC(=O)N2CCC(c3nnc4n3CCC4)CC2)n1,10.00,stable,28917,499.17,GAFF2+ff14SB,TIP3P,2026-05-29,compound,
LIMK2,O=C(N[C@H]1CCCNC1=O)c1cccc(Br)c1,10.00,moderate,11447,844.75,GAFF2+ff14SB,TIP3P,2026-05-29,compound,
ROCK2,O=C(Nc1nccs1)[C@H]1CCCC[C@H]1C(F)(F)F,10.00,stable,12301,654.95,GAFF2+ff14SB,TIP3P,2026-05-29,compound,
ROCK2,O=C1c2ccccc2C(=O)N1c1nncs1,10.00,stable,36872,632.30,GAFF2+ff14SB,TIP3P,2026-05-29,compound,
ROCK2,Cc1cc2nnn([C@@H](C)CN)c2cc1C,10.00,moderate,28670,689.78,GAFF2+ff14SB,TIP3P,2026-05-29,compound,
ROCK2,Cn1c(C(=O)N2CCC(C(=O)O)CC2)ccc1-c1ccccc1,10.00,stable,18108,690.85,GAFF2+ff14SB,TIP3P,2026-05-29,compound,
ROCK2,C[C@@H]1CN([C@H](C)c2ccccc2)C[C@H](C(N)=O)O1,10.00,moderate,76547,306.04,GAFF2+ff14SB,TIP3P,2026-05-29,compound,
ROCK2,OCc1ccc(-c2cnc3nsnc3c2)cn1,10.00,moderate,31363,590.71,GAFF2+ff14SB,TIP3P,2026-05-29,compound,
ROCK2,O=C(Cc1ccc(F)cc1F)c1cccnc1,10.00,moderate,44401,372.51,GAFF2+ff14SB,TIP3P,2026-05-29,compound,
ROCK2,CCN(Cc1nc2ccccc2c(=O)[nH]1)C(=O)CNC(=O)c1ccccc1F,10.00,stable,47461,308.89,GAFF2+ff14SB,TIP3P,2026-05-29,compound,
ROCK2,Cc1[nH]ncc1C(=O)N1CCC(c2nc(-c3ccccn3)no2)CC1,10.00,stable,71139,235.84,GAFF2+ff14SB,TIP3P,2026-05-29,compound,
ROCK2,O=C(O)C1(c2ccc(Br)c(F)c2)CCCC1,10.00,stable,13844,637.64,GAFF2+ff14SB,TIP3P,2026-05-29,compound,
ROCK2,Cn1nc2c(c1O)[C@H](c1ccc(F)cc1)CN2,10.00,stable,12845,903.02,GAFF2+ff14SB,TIP3P,2026-05-29,compound,
ROCK2,NC[C@@H]1[C@@H](c2ccccc2)[C@]12CNC[C@@H]2O,10.00,moderate,77394,323.45,GAFF2+ff14SB,TIP3P,2026-05-29,compound,
ROCK2,C[C@H]1[C@@H](c2ccccc2)OCCN1C(N)=S,10.00,stable,10752,700.67,GAFF2+ff14SB,TIP3P,2026-05-29,compound,
ROCK2,COC(=O)C(C)NC(=O)c1cc(C(C)C)nc2ccccc12,10.00,moderate,57437,317.39,GAFF2+ff14SB,TIP3P,2026-05-29,compound,
ROCK2,O=S1NC(Cc2ccc3c(c2)CCC3)=NO1,10.00,stable,49879,272.27,GAFF2+ff14SB,TIP3P,2026-05-29,compound,
ROCK2,O=C(c1ccc(F)cc1F)N1CCN2CCC1C2,10.00,stable,14168,751.09,GAFF2+ff14SB,TIP3P,2026-05-29,compound,
ROCK2,NC(=O)NC(=O)/C=C/C(=O)OCc1ccccc1,10.00,moderate,23888,599.96,GAFF2+ff14SB,TIP3P,2026-05-29,compound,
ROCK2,O=C1c2ccccc2C(=O)[C@@]2(O)OCCO[C@]12O,10.00,stable,16652,719.31,GAFF2+ff14SB,TIP3P,2026-05-29,compound,
ROCK2,Cc1cc2c(c(-c3nnnn3C)c1)O[C@@H](CN)C2,10.00,stable,22433,786.63,GAFF2+ff14SB,TIP3P,2026-05-29,compound,
ROCK2,O=S(=O)(c1ccc2c(c1)CCCN2)N1CCCC1,10.00,moderate,16369,494.08,GAFF2+ff14SB,TIP3P,2026-05-29,compound,
ROCK2,CN1CC(NC(=O)c2ccc3nncn3c2)CCC1C(F)(F)F,10.00,stable,22243,716.25,GAFF2+ff14SB,TIP3P,2026-05-29,compound,
ROCK2,NS(=O)(=O)N1CCC(C(=O)Nc2cc(-c3cc(F)cc(F)c3)[nH]n2),10.00,moderate,30404,438.85,GAFF2+ff14SB,TIP3P,2026-05-29,compound,
ROCK2,Cc1ccc(N2C(=O)C[C@H](NC3CC3)C2=O)cc1,10.00,moderate,35602,673.86,GAFF2+ff14SB,TIP3P,2026-05-29,compound,
ROCK2,O=C(NC1CSc2ccccc21)N[C@H]1[C@@H]2COC[C@@H]21,10.00,stable,36785,388.62,GAFF2+ff14SB,TIP3P,2026-05-29,compound,
ROCK2,Cc1ccc(S(=O)(=O)N2CCC[C@H](CO)C2)cc1,10.00,stable,44880,517.01,GAFF2+ff14SB,TIP3P,2026-05-29,compound,
ROCK2,CC(OC(=O)c1cn(CC(N)=O)nn1)c1nc2ccccc2n1C(F)F,10.00,stable,37680,399.68,GAFF2+ff14SB,TIP3P,2026-05-29,compound,
ROCK2,Cc1[nH]nc(C(F)F)c1NC(=O)c1cc2nccnc2cc1F,10.00,moderate,27785,771.34,GAFF2+ff14SB,TIP3P,2026-05-29,compound,
ROCK2,COc1cccc(Cn2cc(CCn3cncn3)nn2)c1,10.00,stable,49202,360.99,GAFF2+ff14SB,TIP3P,2026-05-29,compound,
ROCK2,COc1cccc(C2CC(O)CN2Cc2nnc(C)n2C)c1,10.00,moderate,13371,753.37,GAFF2+ff14SB,TIP3P,2026-05-29,compound,
ROCK2,CCOC1CCCN(C(=O)c2cc3ccccc3[nH]c2=O)C1,10.00,stable,13206,729.83,GAFF2+ff14SB,TIP3P,2026-05-29,compound,
RIPK3,Nc1ncc(Cc2ccc(C(F)(F)F)cc2)c(N)n1,10.00,stable,14878,554.53,GAFF2+ff14SB,TIP3P,2026-05-29,compound,
ROCK2,CCNC(=O)c1ccc(CN2CCCC2=O)cc1,10.00,moderate,80990,218.65,GAFF2+ff14SB,TIP3P,2026-05-29,compound,
ROCK2,O=C(NC1CCOCC1)N(Cc1cccc(F)c1)CC1CCCO1,10.00,moderate,40253,410.83,GAFF2+ff14SB,TIP3P,2026-05-29,compound,
ROCK2,O=C(c1cn2c(n1)CCCC2)N1CCc2c(Cl)cccc2C1,10.00,stable,44192,573.95,GAFF2+ff14SB,TIP3P,2026-05-29,compound,
NFE2L2,CC(=O)Nc1ccc2c(c1)CN(C(=O)c1cc(=O)[nH]c3ccc(F)cc13,10.00,moderate,16058,609.82,GAFF2+ff14SB,TIP3P,2026-05-29,compound,
ROCK2,Cc1cc(C)n(CC2CCCCN2C(=O)c2cnn(C)c2)n1,10.00,stable,11459,577.16,GAFF2+ff14SB,TIP3P,2026-05-29,compound,
LIMK2,Cc1cc(N2CCCC2c2cnn(C)c2)n2ncnc2n1,10.00,stable,12469,882.17,GAFF2+ff14SB,TIP3P,2026-05-29,compound,
ROCK2,CCc1nc(O)c(C(=O)N2CCC(N(C)CC(F)F)CC2)cc1C,10.00,stable,26556,682.22,GAFF2+ff14SB,TIP3P,2026-05-29,compound,
ROCK2,Oc1c(F)c(F)c(C(F)(F)F)c(F)c1F,10.00,moderate,19674,831.11,GAFF2+ff14SB,TIP3P,2026-05-29,compound,
ROCK2,CC1(C)CCC1C(=O)N[C@H]1C[C@@H](NC(=O)Cc2cnn3c2CCCC3,10.00,moderate,36877,374.63,GAFF2+ff14SB,TIP3P,2026-05-29,compound,
ROCK2,CCn1cc(C2CN(C(=O)c3cnc4cc(OC)ccn34)CCO2)cn1,10.00,stable,16902,513.62,GAFF2+ff14SB,TIP3P,2026-05-29,compound,
ROCK2,O=C(NCc1ccc(-n2cncn2)nc1)c1cccc(F)c1,10.00,stable,34072,633.22,GAFF2+ff14SB,TIP3P,2026-05-29,compound,
ROCK2,CC[C@@H](NC(=O)c1ccc(C2(C(F)(F)F)CCC2)nc1)C(N)=O,10.00,stable,11316,809.50,GAFF2+ff14SB,TIP3P,2026-05-29,compound,
ROCK2,CS(=O)(=O)N1CCN(C(=O)CCOc2ccc(F)cc2F)CC1,10.00,moderate,14665,563.71,GAFF2+ff14SB,TIP3P,2026-05-29,compound,
ROCK2,NC(=S)n1[nH]c(-c2ccccc2)cc1=O,10.00,stable,68352,405.89,GAFF2+ff14SB,TIP3P,2026-05-29,compound,
ROCK2,CCc1noc(C(C)N2CCN(C(=O)c3ccc4[nH]nnc4c3)CC2)n1,10.00,moderate,12668,704.74,GAFF2+ff14SB,TIP3P,2026-05-29,compound,
ROCK2,Oc1c(-c2ccco2)nnc2nc3ccccc3n12,10.00,stable,53634,391.40,GAFF2+ff14SB,TIP3P,2026-05-29,compound,
ROCK2,C=C(C)COc1cc(C2CNC(=O)C2)ccc1COC,10.00,moderate,31334,506.84,GAFF2+ff14SB,TIP3P,2026-05-29,compound,
ROCK2,Nc1ccc2oc(=O)c3c(c2c1)CCCN3,10.00,stable,87004,302.99,GAFF2+ff14SB,TIP3P,2026-05-29,compound,
ROCK1,Fc1cc(N2CCC(c3ncc(C(F)(F)F)[nH]3)CC2)ncn1,10.00,moderate,43807,467.36,GAFF2+ff14SB,TIP3P,2026-05-29,compound,
ROCK2,c1ccc(-c2cc(N3CCOC(C4CCCO4)C3)ncn2)cc1,10.00,stable,17638,691.64,GAFF2+ff14SB,TIP3P,2026-05-29,compound,
RIPK3,O=C(c1cnc(C2CC2)nc1)N1CCN2CCCCC2C1,10.00,stable,12801,631.49,GAFF2+ff14SB,TIP3P,2026-05-29,compound,
ROCK2,CC1CNc2c(NC(=O)c3nc(C4CC4)ncc3Cl)cnn2C1,10.00,moderate,45000,324.34,GAFF2+ff14SB,TIP3P,2026-05-29,compound,
ROCK2,CN1CC[C@H]2[C@@H]1CCC(=O)N2c1ccccc1,10.00,moderate,108816,199.47,GAFF2+ff14SB,TIP3P,2026-05-29,compound,
ROCK2,Cc1cccc(C(=O)N[C@H]2CCCC[C@H]2O)c1,10.00,moderate,20268,1000.44,GAFF2+ff14SB,TIP3P,2026-05-29,compound,
ROCK2,CS(C)(=O)=Nc1cnc(N2CCC(C3CCCCO3)CC2)nc1,10.00,moderate,28501,816.27,GAFF2+ff14SB,TIP3P,2026-05-29,compound,
ROCK2,CCNC(=O)CNc1ccc2c(Cl)ccnc2c1F,10.00,stable,13345,695.80,GAFF2+ff14SB,TIP3P,2026-05-29,compound,
ROCK2,CC(C)c1ccc(C(=O)NCc2nc(C(F)(F)F)no2)cc1,10.00,stable,28432,201.59,GAFF2+ff14SB,TIP3P,2026-05-29,compound,
ROCK2,CC(=O)NC(CC(=O)N1C[C@@H](C)O[C@H](C)C1)c1c(F)cccc1,10.00,stable,11885,874.24,GAFF2+ff14SB,TIP3P,2026-05-29,compound,
ROCK2,CO[C@@H]1CCC[C@H]1NC(=O)NCCC1(O)C(=O)Nc2ccccc21,10.00,moderate,20373,623.76,GAFF2+ff14SB,TIP3P,2026-05-29,compound,
ROCK2,N#Cc1ccc(C(=O)N2CCOC[C@@H]2CO)cc1,10.00,stable,42093,601.16,GAFF2+ff14SB,TIP3P,2026-05-29,compound,
ROCK2,CC(CNS(=O)(=O)c1ccc(F)cc1)Cn1cccn1,10.00,moderate,54829,373.06,GAFF2+ff14SB,TIP3P,2026-05-29,compound,
ROCK2,COCc1nc(C(=O)NCc2nnc[nH]2)c(-c2ccccc2)s1,10.00,stable,50934,621.66,GAFF2+ff14SB,TIP3P,2026-05-29,compound,
ROCK2,CCn1nccc1CNc1ccc2c(c1)OCC(=O)N2,10.00,moderate,54232,358.64,GAFF2+ff14SB,TIP3P,2026-05-29,compound,
ROCK2,CCO[C@@H]1C[C@H](N(C)C(=O)Nc2c(C)n[nH]c2C)C12CCCC2,10.00,stable,16647,775.60,GAFF2+ff14SB,TIP3P,2026-05-29,compound,
ROCK2,C#Cc1cccc(NC(=O)[C@@H]2CCCO2)c1,10.00,stable,59708,241.13,GAFF2+ff14SB,TIP3P,2026-05-29,compound,
ROCK2,Cn1cncc1C(=O)NCCC1(CNC(=O)c2cnc3c(c2)CCC(=O)N3)CC1,10.00,stable,19153,737.79,GAFF2+ff14SB,TIP3P,2026-05-29,compound,
ROCK2,NC(=O)N1CCC(c2ccc(Br)cc2)CC1,10.00,stable,10707,846.86,GAFF2+ff14SB,TIP3P,2026-05-29,compound,
RIPK3,COc1ccc(C2CNC(=O)C2)cc1OCc1cccs1,10.00,moderate,15722,589.72,GAFF2+ff14SB,TIP3P,2026-05-29,compound,
ROCK2,CCOC(=O)C1=C(N)C=C[C@@H]1c1ccccc1,10.00,moderate,39049,605.76,GAFF2+ff14SB,TIP3P,2026-05-29,compound,
RIPK3,O=C(c1ccc(Cl)cc1)N(O)c1ccccc1,10.00,stable,14351,1119.00,GAFF2+ff14SB,TIP3P,2026-05-29,compound,
ROCK2,CC(C)c1n[nH]c(C(N)=O)c1NC(=O)c1cnc2n1CCCC2,10.00,moderate,17863,455.38,GAFF2+ff14SB,TIP3P,2026-05-29,compound,
ROCK2,Cn1cc(C(F)(F)F)nc1C1CCCN(C(=O)c2cc[nH]n2)C1,10.00,stable,27594,740.15,GAFF2+ff14SB,TIP3P,2026-05-29,compound,
ROCK2,N#CCNC(=O)C[C@@H]1CC[C@@H](c2nnn3cnc4[nH]ccc4c23)O,10.00,moderate,110132,226.97,GAFF2+ff14SB,TIP3P,2026-05-29,compound,
ROCK2,O=C1Nc2c(Cl)cccc2N2CONCC12,10.00,moderate,10666,1255.31,GAFF2+ff14SB,TIP3P,2026-05-29,compound,
ROCK2,N#C[C@@H]1C(=O)CC(=O)C[C@@H]1c1ccccc1,10.00,moderate,61411,287.59,GAFF2+ff14SB,TIP3P,2026-05-29,compound,
ROCK2,Cc1c(C(=O)N2CCOC(C(=O)O)C2)oc2ccc(Cl)cc12,10.00,stable,12323,663.35,GAFF2+ff14SB,TIP3P,2026-05-29,compound,
RIPK3,Cc1noc(CN2CCOC(c3ccc(Br)cc3)C2)n1,10.00,stable,14715,716.95,GAFF2+ff14SB,TIP3P,2026-05-29,compound,
RIPK3,O=C1[C@@H](N2CCNCC2)CCN1c1ccccc1,10.00,stable,12725,949.03,GAFF2+ff14SB,TIP3P,2026-05-29,compound,
ROCK1,Cc1nc(NCc2c[nH]nc2-c2ccccc2)n(C)n1,10.00,moderate,27357,900.37,GAFF2+ff14SB,TIP3P,2026-05-29,compound,
ROCK1,CC1CC(C(=O)N2CCOC(c3ccc(F)cc3)C2)C1,10.00,stable,8204,1073.20,GAFF2+ff14SB,TIP3P,2026-05-29,compound,
ROCK2,Cc1nn([C@H]2CCS(=O)(=O)C2)c2ncc(Br)cc12,10.00,moderate,28819,764.01,GAFF2+ff14SB,TIP3P,2026-05-29,compound,
ROCK2,O=Cc1c(-c2ccccc2)nn2cc[nH]c(=O)c12,10.00,stable,20342,987.94,GAFF2+ff14SB,TIP3P,2026-05-29,compound,
ROCK2,O=c1c2ccncc2ccn1C1CCCC1,10.00,stable,19970,793.43,GAFF2+ff14SB,TIP3P,2026-05-29,compound,
ROCK2,Cc1nc2c3ccccc3nn2c(C)c1CCC(=O)O,10.00,moderate,18744,1132.22,GAFF2+ff14SB,TIP3P,2026-05-29,compound,
ROCK2,Cc1ccc(NC(=O)[C@@H]2CCCNC2=O)nc1,10.00,moderate,16249,801.85,GAFF2+ff14SB,TIP3P,2026-05-29,compound,
ROCK2,O=C(NCCOC1CN(C(=O)c2cnc3ccnn3c2)C1)c1ccn(C2CCCC2)n,10.00,stable,13143,736.74,GAFF2+ff14SB,TIP3P,2026-05-29,compound,
ROCK2,Cc1c(F)cccc1NC(=O)C1(C)COC1,10.00,stable,26840,548.85,GAFF2+ff14SB,TIP3P,2026-05-29,compound,
ROCK2,CCCCNC(=O)Nc1ccc2c(c1)CCC(=O)N2,10.00,moderate,28614,624.60,GAFF2+ff14SB,TIP3P,2026-05-29,compound,
LIMK2,C/C(=N\NC(=O)c1ccc(CO)c(I)c1)N1CCOCC1,10.00,stable,12978,209.05,GAFF2+ff14SB,TIP3P,2026-05-29,compound,
ROCK2,CC1(C(=O)N2CC3(CCCOC3)C2)CC=CCC1,10.00,stable,31755,668.61,GAFF2+ff14SB,TIP3P,2026-05-29,compound,
ROCK2,Cc1cc2nc(S(=O)(=O)O)[nH]c2cc1C,10.00,stable,14124,924.47,GAFF2+ff14SB,TIP3P,2026-05-29,compound,
ROCK2,O=C(O)C(=O)N1CCN(c2ccccc2)CC1,10.00,stable,48402,683.59,GAFF2+ff14SB,TIP3P,2026-05-29,compound,
ROCK2,O=C(Cc1nsc2ccccc12)N1CCOC2(CCOCC2)C1,10.00,moderate,60965,321.51,GAFF2+ff14SB,TIP3P,2026-05-29,compound,
RIPK3,Cc1cc(OCc2ncnn2C)c2nc(C)ccc2c1,10.00,stable,13583,774.27,GAFF2+ff14SB,TIP3P,2026-05-29,compound,
ROCK2,Cc1cc(Br)cc2c1NC(=O)[C@H](C)[C@@H]2C,10.00,stable,13274,767.31,GAFF2+ff14SB,TIP3P,2026-05-29,compound,
ROCK2,O=C(N1CCOCC1)C(F)(F)c1ccccc1F,10.00,moderate,64827,336.08,GAFF2+ff14SB,TIP3P,2026-05-29,compound,
RIPK3,COc1cccc(/C=C/c2nc3c(c(=O)n(C)c(=O)n3C)n2C)c1OC,10.00,moderate,14599,661.70,GAFF2+ff14SB,TIP3P,2026-05-29,compound,
ROCK2,Cc1ccc(F)c(N2C[C@H](C(=O)O)CC2=O)c1,10.00,stable,19155,902.36,GAFF2+ff14SB,TIP3P,2026-05-29,compound,
ROCK2,Cc1cccc(C(=O)N2CCN(c3ccnc(C)n3)CC2)n1,10.00,moderate,24474,882.41,GAFF2+ff14SB,TIP3P,2026-05-29,compound,
ROCK1,O=C1COc2ccc(C(=O)N3CCC4(CC3)CC4)cc2N1,10.00,stable,22905,642.87,GAFF2+ff14SB,TIP3P,2026-05-29,compound,
LIMK2,Cn1ncc2c(NCCCN3C(=O)NC4(CCCC4)C3=O)ncnc21,10.00,stable,13003,927.16,GAFF2+ff14SB,TIP3P,2026-05-29,compound,
RIPK3,N#Cc1cc(N)ccc1N1CCC(C(N)=O)CC1,10.00,stable,13183,879.88,GAFF2+ff14SB,TIP3P,2026-05-29,compound,
ROCK2,Cn1cnc2c(N3CCN(C4CC4)CC3)nc(S(C)(=O)=O)nc21,10.00,stable,30436,718.06,GAFF2+ff14SB,TIP3P,2026-05-29,compound,
ROCK2,Cc1ccc(F)c(-c2noc(C)c2C(=O)O)c1,10.00,stable,16400,827.15,GAFF2+ff14SB,TIP3P,2026-05-29,compound,
RIPK3,CN(C(=O)Cn1ccc2occc2c1=O)C1CCCCC1,10.00,moderate,17835,718.37,GAFF2+ff14SB,TIP3P,2026-05-29,compound,
ROCK1,O=C(NO)c1cnc(NC2(c3cccc(F)c3F)CC2)nc1,10.00,stable,38253,433.73,GAFF2+ff14SB,TIP3P,2026-05-29,compound,
ROCK2,CC(Oc1ccccc1C#N)C(=O)N1CCOC2CCCC21,10.00,stable,25558,199.13,GAFF2+ff14SB,TIP3P,2026-05-29,compound,
ROCK2,N#Cc1ccc(-n2ccc(C(F)(F)F)n2)cc1,10.00,stable,19886,1011.08,GAFF2+ff14SB,TIP3P,2026-05-29,compound,
RIPK3,Cc1nn2c(nnn2CCO)c1-c1ccccc1,10.00,stable,15373,782.82,GAFF2+ff14SB,TIP3P,2026-05-29,compound,
ROCK2,Cn1ncc2c(=O)n(CC(=O)N3CCCC3C3CCCC3)cnc21,10.00,stable,22965,566.60,GAFF2+ff14SB,TIP3P,2026-05-29,compound,
LIMK2,O=C1CC[C@H](NC(=O)Nc2ccccc2F)CN1,10.00,stable,11482,881.16,GAFF2+ff14SB,TIP3P,2026-05-29,compound,
ROCK2,O=C(Nc1ccnn1-c1ccc(F)cc1)N1CCCC1,10.00,moderate,80132,244.29,GAFF2+ff14SB,TIP3P,2026-05-29,compound,
LIMK2,Cc1cn(-c2ccc(F)cc2)nc1C(=O)NCCc1ncc[nH]1,10.00,moderate,15332,496.21,GAFF2+ff14SB,TIP3P,2026-05-29,compound,
LIMK2,O=C(NC1CCC(N2CCCC2=O)CC1)c1nn[nH]c1C1CC1,10.00,stable,12584,512.50,GAFF2+ff14SB,TIP3P,2026-05-29,compound,
LIMK2,CC(S(=O)(=O)c1ccc(Cl)cc1)S(=O)(=O)C(F)(F)F,10.00,stable,13159,897.31,GAFF2+ff14SB,TIP3P,2026-05-29,compound,
LIMK2,Cc1cccc2ncc(C(=O)N3CCC(C)(C(F)(F)F)C3)n12,10.00,stable,11815,861.69,GAFF2+ff14SB,TIP3P,2026-05-29,compound,
ROCK2,Cc1cc(C2CCCN2C(=O)C2CC2C2CCC2)on1,10.00,stable,48440,456.00,GAFF2+ff14SB,TIP3P,2026-05-29,compound,
ROCK2,Cn1c(N2CC[C@@H](N)C2)nc2c(c1=O)CCC2,10.00,moderate,35040,474.58,GAFF2+ff14SB,TIP3P,2026-05-29,compound,
ROCK2,O=C(CSc1nnc(-c2ccncc2)n1C1CC1)N1CCNC1=O,10.00,moderate,13156,748.75,GAFF2+ff14SB,TIP3P,2026-05-29,compound,
RIPK3,CCN1CCN(C(=O)c2cc(-c3ccccc3)on2)CC1,10.00,moderate,13122,472.92,GAFF2+ff14SB,TIP3P,2026-05-29,compound,
LIMK2,CC1Oc2c(cccc2C(=O)NCCN2CCOCC2)NC1=O,10.00,stable,12480,810.82,GAFF2+ff14SB,TIP3P,2026-05-29,compound,
ROCK2,CCc1nnc(NC(C)c2ccc3c(c2)CCC(=O)N3)nc1CC,10.00,moderate,91129,220.57,GAFF2+ff14SB,TIP3P,2026-05-29,compound,
ROCK1,Cc1cc(C(=O)N2CCOCC2c2c(C)n[nH]c2C)oc1C,10.00,moderate,57625,309.30,GAFF2+ff14SB,TIP3P,2026-05-29,compound,
ROCK2,CC(C)CN1C(=O)Cc2ccc(N)cc2C1=O,10.00,moderate,44237,465.59,GAFF2+ff14SB,TIP3P,2026-05-29,compound,
RIPK3,Cc1noc(C2CCN(c3ncnc4[nH]ccc34)CC2)n1,10.00,stable,15214,557.69,GAFF2+ff14SB,TIP3P,2026-05-29,compound,
RIPK3,CCCC(=O)Nc1cccc2nc(C)ccc12,10.00,stable,14953,703.28,GAFF2+ff14SB,TIP3P,2026-05-29,compound,
ROCK2,O=C(N[C@@H]1CCCC[C@H]1O)c1ccc(OCC(F)(F)F)nc1,10.00,moderate,56642,408.62,GAFF2+ff14SB,TIP3P,2026-05-29,compound,
ROCK1,CC(c1ccc(F)cc1)N(C)C(=O)CC1CC(=O)NC1=O,10.00,moderate,13597,514.87,GAFF2+ff14SB,TIP3P,2026-05-29,compound,
ROCK2,O=C(NO)c1ccc(CNC(=O)C2CCCCC2)cc1,10.00,stable,15061,593.05,GAFF2+ff14SB,TIP3P,2026-05-29,compound,
ROCK1,CC(O)C(NC(=O)C1CC1)C(=O)NC1CCN(Cc2ccccc2)C1=O,10.00,moderate,56525,348.24,GAFF2+ff14SB,TIP3P,2026-05-29,compound,
ROCK1,CS(=O)N1CCC(n2c(=O)[nH]c3cnc4[nH]ccc4c32)CC1,10.00,stable,90935,214.96,GAFF2+ff14SB,TIP3P,2026-05-29,compound,
ROCK2,O=C(NC1CCc2c(F)cccc21)N1CCOC2(CCOCC2)C1,10.00,moderate,49153,365.85,GAFF2+ff14SB,TIP3P,2026-05-29,compound,
ROCK2,CCCc1cc(C(=O)NCC23CC(C(=O)NC)(C2)C2(CCNCC2)O3)[nH],10.00,moderate,26280,402.08,GAFF2+ff14SB,TIP3P,2026-05-29,compound,
ROCK2,Cc1nc2c(c(C)c1CCC(=O)N1CCCCC1)c(=O)[nH]n2C,10.00,stable,32672,461.00,GAFF2+ff14SB,TIP3P,2026-05-29,compound,
ROCK2,Cc1cc(C)cc(C(=O)N2CCC(CN)CC2)c1,10.00,stable,119695,176.68,GAFF2+ff14SB,TIP3P,2026-05-29,compound,
LIMK2,Cc1nc(N)c2ccc([C@H]3CCCN3)nc2n1,10.00,stable,13251,881.51,GAFF2+ff14SB,TIP3P,2026-05-29,compound,
ROCK2,CCN(Cc1nc2ccccc2c(=O)[nH]1)C(=O)Nc1cc(C)on1,10.00,stable,20379,642.94,GAFF2+ff14SB,TIP3P,2026-05-29,compound,
ROCK2,Cc1nn(C)c(N2CCOCC2)c1CNC(C)c1nnc2n1CCC2,10.00,stable,34529,452.83,GAFF2+ff14SB,TIP3P,2026-05-29,compound,
ROCK2,Cc1nc2ccccc2c(=O)n1-c1ccccc1Cl,10.00,moderate,45566,402.80,GAFF2+ff14SB,TIP3P,2026-05-29,compound,
RIPK3,O=C1NCCC[C@H]1Oc1nc2ccccc2s1,10.00,moderate,16256,572.77,GAFF2+ff14SB,TIP3P,2026-05-29,compound,
LIMK2,Cc1ncc(CN2CCC(NC(=O)c3cn[nH]c3C)C(C)C2)s1,10.00,stable,12253,732.90,GAFF2+ff14SB,TIP3P,2026-05-29,compound,
ROCK1,C[C@]12CC(=O)N[C@@H]1N=C(c1ccccc1O)C2,10.00,moderate,36719,617.48,GAFF2+ff14SB,TIP3P,2026-05-29,compound,
RIPK3,O=C(CC(F)(F)F)N1CCN(c2ncnc3nc[nH]c23)CC1,10.00,stable,13695,712.71,GAFF2+ff14SB,TIP3P,2026-05-29,compound,
LIMK2,O=C(NCc1ccnc(OC2CCOCC2)c1)NC1CCCCC1,10.00,stable,12880,667.43,GAFF2+ff14SB,TIP3P,2026-05-29,compound,
ROCK2,C[C@@H]1CC2(CCCC2)CN1C(=O)c1ccn(Cc2noc(=O)[nH]2)n1,10.00,moderate,49830,294.39,GAFF2+ff14SB,TIP3P,2026-05-29,compound,
LIMK2,Nc1ncnc2cc(C(=O)N3CCC(CCO)CC3)ccc12,10.00,stable,10453,737.57,GAFF2+ff14SB,TIP3P,2026-05-29,compound,
RIPK3,O=C(O)c1cccc2c1CCN(CC1CCCOC1)C2,10.00,moderate,14239,693.90,GAFF2+ff14SB,TIP3P,2026-05-29,compound,
ROCK2,CC1CCN(C(=O)Nc2cccc(C(=O)N3CCOCC3)c2)CC1,10.00,stable,30179,547.56,GAFF2+ff14SB,TIP3P,2026-05-29,compound,
ROCK2,Cn1cccc(NC(=O)N(Cc2cccc(F)c2)C2CCC2)c1=O,10.00,stable,30331,467.12,GAFF2+ff14SB,TIP3P,2026-05-29,compound,
ROCK2,Cc1cc(C)c(N2CC[C@@H](CN)S2(=O)=O)c(C)c1,10.00,moderate,59149,364.45,GAFF2+ff14SB,TIP3P,2026-05-29,compound,
LIMK2,NS(=O)(=O)c1ccc(NC(=O)CCCCC(F)(F)C(F)(F)F)cc1,10.00,moderate,12162,824.91,GAFF2+ff14SB,TIP3P,2026-05-29,compound,
ROCK2,CCOc1cccc(-c2ccc(N3CC(CNC(C)=O)OC3=O)cc2)cc1=O,10.00,moderate,18605,644.85,GAFF2+ff14SB,TIP3P,2026-05-29,compound,
ROCK1,C=CC(=O)N1CCC2(CCCC2CNC(=O)/C=C/C2CCCO2)CC1,10.00,stable,23251,528.24,GAFF2+ff14SB,TIP3P,2026-05-29,compound,
RIPK3,Cc1noc(NC(=O)Cc2ccc(-n3cccn3)cc2)c1C,10.00,stable,15925,579.62,GAFF2+ff14SB,TIP3P,2026-05-29,compound,
ROCK2,Cc1ccc(C(=O)N[C@@H]2CCC[C@@H]2O)c(Br)c1,10.00,moderate,45430,373.12,GAFF2+ff14SB,TIP3P,2026-05-29,compound,
ROCK1,Cc1ccc(OCc2nnc(NC3CCS(=O)(=O)C3)o2)cc1,10.00,moderate,23611,618.09,GAFF2+ff14SB,TIP3P,2026-05-29,compound,
ROCK1,CN(C)C(=O)[C@@H]1CCCN1C(=O)Cc1cc(C(F)(F)F)ccn1,10.00,moderate,32013,409.87,GAFF2+ff14SB,TIP3P,2026-05-29,compound,
LIMK2,Cc1nn(C)c(C)c1NC(=O)c1ccc(OC(C)C)nc1,10.00,stable,13003,803.23,GAFF2+ff14SB,TIP3P,2026-05-29,compound,
ROCK2,O=C(NC1(c2ccccc2)CCOCC1)c1occ2c1CCOC2,10.00,stable,20404,705.10,GAFF2+ff14SB,TIP3P,2026-05-29,compound,
LIMK2,CCOc1ccccc1NC(=O)[C@@H]1CCC(=O)N1,10.00,stable,18804,625.40,GAFF2+ff14SB,TIP3P,2026-05-29,compound,
ROCK1,Fc1ccc(NC(=S)NCc2ccccn2)cc1,10.00,moderate,20399,705.75,GAFF2+ff14SB,TIP3P,2026-05-29,compound,
RIPK3,CC(C)[C@H]1CC[C@@H](C)[C@@H](N2CC(=O)NC2=O)C1,10.00,stable,15950,543.33,GAFF2+ff14SB,TIP3P,2026-05-29,compound,
ROCK1,Cc1nc(C)n(CC2CCCN(c3ncc(C(F)(F)F)s3)C2)n1,10.00,moderate,13358,618.62,GAFF2+ff14SB,TIP3P,2026-05-29,compound,
ROCK2,Cc1ccccc1/C=N/N=c1/scc(C)n1C,10.00,moderate,98178,273.87,GAFF2+ff14SB,TIP3P,2026-05-29,compound,
ROCK2,CCc1nc(C)cc(N[C@@H]2CC(=O)N(C3CC3)[C@H]2c2cccnc2)n,10.00,moderate,31395,576.84,GAFF2+ff14SB,TIP3P,2026-05-29,compound,
LIMK2,CC1COn2c(nc3c(c2=O)CCCC3)C1,10.00,moderate,14296,560.13,GAFF2+ff14SB,TIP3P,2026-05-29,compound,
LIMK2,CCc1ncn2nc(-c3ccccc3)cc2n1,10.00,moderate,12909,735.79,GAFF2+ff14SB,TIP3P,2026-05-29,compound,
LIMK2,CNC(=O)C1(COC)CCCN1C(=O)C1CCc2cc(F)ccc21,10.00,moderate,13944,736.51,GAFF2+ff14SB,TIP3P,2026-05-29,compound,
ROCK2,COc1ccc(C(=O)N2CCCC2c2nnc3ccccn23)cc1S(=O)(=O)NC1C,10.00,stable,35598,389.20,GAFF2+ff14SB,TIP3P,2026-05-29,compound,
ROCK1,COc1cncc(NC(=O)Cn2c(C)nc3ccccc3c2=O)c1,10.00,moderate,52376,429.10,GAFF2+ff14SB,TIP3P,2026-05-29,compound,
ROCK2,COC1CCC(NC(=O)NCc2ccc3ncccc3c2)C1,10.00,moderate,15289,633.36,GAFF2+ff14SB,TIP3P,2026-05-29,compound,
ROCK2,Cc1cc(C)cc(NC(=O)C(=O)NC[C@@H](C)O)c1,10.00,moderate,60899,305.73,GAFF2+ff14SB,TIP3P,2026-05-29,compound,
LIMK2,CC(c1nnnn1C1CC1)n1cc(C(O)Cc2ccccc2)nn1,10.00,stable,12352,590.21,GAFF2+ff14SB,TIP3P,2026-05-29,compound,
RIPK3,CC1=CC[C@H]([C@]2(C)CC(C(N)=O)=NO2)CC1=O,10.00,moderate,13518,739.14,GAFF2+ff14SB,TIP3P,2026-05-29,compound,
LIMK2,O=C(c1cnc(C(F)(F)F)nc1)N1CCCCC12CCOC2,10.00,stable,11741,680.31,GAFF2+ff14SB,TIP3P,2026-05-29,compound,
ROCK2,Cc1[nH]c2cc([N+](=O)[O-])ccc2c(=O)c1C,10.00,moderate,28055,586.23,GAFF2+ff14SB,TIP3P,2026-05-29,compound,
RIPK3,C/C(=N\NC(=O)CCC(=O)Nc1ccccc1)c1cccs1,10.00,stable,12387,764.46,GAFF2+ff14SB,TIP3P,2026-05-29,compound,
ROCK1,CCn1cnnc1CNS(=O)(=O)c1cnn(-c2ccccc2)c1,10.00,moderate,23330,563.02,GAFF2+ff14SB,TIP3P,2026-05-29,compound,
ROCK2,N[C@@H](Cc1ccc(F)c(C(F)(F)F)c1)C(=O)O,10.00,stable,16953,828.45,GAFF2+ff14SB,TIP3P,2026-05-29,compound,
RIPK3,CC(C)(C)NC(=O)CNC(=O)c1cccc(F)c1,10.00,stable,19229,597.48,GAFF2+ff14SB,TIP3P,2026-05-29,compound,
ROCK1,Cn1cnc(O[C@H]2CCc3ccccc32)cc1=O,10.00,stable,20400,615.06,GAFF2+ff14SB,TIP3P,2026-05-29,compound,
ROCK2,O=C(N1CCC1)C1(c2ccccc2)CC1,10.00,stable,24573,615.67,GAFF2+ff14SB,TIP3P,2026-05-29,compound,
ROCK2,OCCn1ncc2c(NC3CCCN(c4ncccn4)C3)ncnc21,10.00,stable,34362,476.63,GAFF2+ff14SB,TIP3P,2026-05-29,compound,
ROCK1,Cc1n[nH]c(C)c1NC(=O)c1ccc(F)c(F)c1,10.00,moderate,37012,604.58,GAFF2+ff14SB,TIP3P,2026-05-29,compound,
ROCK2,Cc1ccc(C(=O)[C@@H]2CCC[C@H]2C(=O)O)cc1,10.00,stable,17794,479.08,GAFF2+ff14SB,TIP3P,2026-05-29,compound,
LIMK2,NC(=O)c1cc(C2CCCN(C(=O)CCCc3cccs3)C2)n[nH]1,10.00,moderate,13498,593.11,GAFF2+ff14SB,TIP3P,2026-05-29,compound,
RIPK3,Cn1ncnc1COC(=O)c1cnn(-c2cccc(Cl)c2)c1,10.00,stable,15828,594.40,GAFF2+ff14SB,TIP3P,2026-05-29,compound,
ROCK2,NC(=O)COc1cccc(NC(=O)c2ccc(F)c(F)c2)c1,10.00,stable,20361,702.70,GAFF2+ff14SB,TIP3P,2026-05-29,compound,
ROCK1,O=C1COC(c2ccc3c(c2)NC(=O)CC3)=NN1,10.00,stable,54620,322.32,GAFF2+ff14SB,TIP3P,2026-05-29,compound,
ROCK2,CCCCCCn1c(N2CCC(C(N)=O)CC2)nc2c1c(=O)[nH]c(=O)n2C,10.00,stable,85678,233.41,GAFF2+ff14SB,TIP3P,2026-05-29,compound,
ROCK2,CN(Cc1cc(-c2ccccc2)[nH]n1)C(=O)c1cccnc1,10.00,stable,25062,538.72,GAFF2+ff14SB,TIP3P,2026-05-29,compound,
ROCK2,Cn1nccc1CCNC(=O)C1(c2ccccc2)CCOCC1,10.00,stable,26940,522.19,GAFF2+ff14SB,TIP3P,2026-05-29,compound,
ROCK2,COc1ccc(C)cc1N1C[C@@H](C(N)=O)CC1=O,10.00,stable,31713,371.34,GAFF2+ff14SB,TIP3P,2026-05-29,compound,
RIPK3,N[C@@H](C(=O)O)c1cccc(-c2ccccn2)c1,10.00,stable,13941,873.96,GAFF2+ff14SB,TIP3P,2026-05-29,compound,
ROCK2,CC1CC(CO)CN(C(=O)c2c[nH]nc2-c2ccccc2F)C1,10.00,stable,11933,672.10,GAFF2+ff14SB,TIP3P,2026-05-29,compound,
ROCK1,NC(=O)C1(N2CCCCC2)CCN(c2ncnc3[nH]ncc23)CC1,10.00,stable,71175,204.57,GAFF2+ff14SB,TIP3P,2026-05-29,compound,
ROCK2,CC[C@@]1(C)N(O)C(C)=C(c2ccccc2)[N+]1=O,10.00,moderate,27914,533.70,GAFF2+ff14SB,TIP3P,2026-05-29,compound,
ROCK2,Cc1cc(NC(=O)N2CCC(C(=O)N(C)C)C2)cn2ccnc12,10.00,moderate,67048,293.51,GAFF2+ff14SB,TIP3P,2026-05-29,compound,
ROCK2,CC(=O)N1CCN(Cc2nc3cc(Cl)ccc3c(=O)[nH]2)CC1,10.00,stable,14016,637.37,GAFF2+ff14SB,TIP3P,2026-05-29,compound,
ROCK2,NC1CCN(C(=O)C2CCCCC2)CC1,10.00,stable,42751,438.79,GAFF2+ff14SB,TIP3P,2026-05-29,compound,
RIPK3,C=CC(=O)N1CCC(C(=O)N2CCN3C(=O)OCC3C2)CC1,10.00,stable,12708,597.61,GAFF2+ff14SB,TIP3P,2026-05-29,compound,
ROCK1,COc1ccn2c(C(=O)N3CCC(c4c[nH]nc4C)CC3)cnc2c1,10.00,moderate,27098,526.57,GAFF2+ff14SB,TIP3P,2026-05-29,compound,
RIPK3,Nc1ccccc1C(=O)N[C@@H]1CCCNC1=O,10.00,moderate,14092,656.32,GAFF2+ff14SB,TIP3P,2026-05-29,compound,
ROCK1,COCC1COCCN1C(=O)c1ccccc1C(F)(F)F,10.00,moderate,34736,507.04,GAFF2+ff14SB,TIP3P,2026-05-29,compound,
LIMK2,CN1CCN(C(=O)c2ccc(OCC(F)(F)C(F)F)nc2)CC1,10.00,stable,12660,475.38,GAFF2+ff14SB,TIP3P,2026-05-29,compound,
RIPK3,O=C1N(c2cccc(F)c2)CC12CCNCC2,10.00,moderate,13015,654.74,GAFF2+ff14SB,TIP3P,2026-05-29,compound,
ROCK2,CC(=O)N1CCc2cccc(Cl)c2C1,10.00,moderate,23627,574.64,GAFF2+ff14SB,TIP3P,2026-05-29,compound,
ROCK2,Cc1noc(C)c1COC1CCN(C(=O)c2cnn3c2CCCC3C)C1,10.00,moderate,66419,259.64,GAFF2+ff14SB,TIP3P,2026-05-29,compound,
ROCK2,O=S1(=O)CC[C@@H](S(=O)(=O)NCc2ccccc2)C1,10.00,stable,100956,211.71,GAFF2+ff14SB,TIP3P,2026-05-29,compound,
ROCK2,Cn1c(-c2cccc(F)c2)nnc1S(C)=O,10.00,moderate,28976,615.93,GAFF2+ff14SB,TIP3P,2026-05-29,compound,
ROCK2,CN1C(=O)[C@@H]2[C@H](C1=O)[C@@H](c1ccccc1)NN2C,10.00,moderate,11052,712.82,GAFF2+ff14SB,TIP3P,2026-05-29,compound,
ROCK2,O=C(C1COCCO1)N1CCN(Cc2nc3ccccc3s2)CC1,10.00,moderate,38448,480.56,GAFF2+ff14SB,TIP3P,2026-05-29,compound,
ROCK2,Cn1cc(C2CCCN2CCc2nc3ccccc3c(=O)[nH]2)cn1,10.00,stable,38210,457.13,GAFF2+ff14SB,TIP3P,2026-05-29,compound,
ROCK2,O=S(=O)(N[C@H]1CCCC[C@@H]1O)c1ccc2ncccc2c1,10.00,stable,34171,398.05,GAFF2+ff14SB,TIP3P,2026-05-29,compound,
ROCK2,NC(=O)C1CCN(C(=O)c2csc(COc3ccc(F)cc3)n2)C1,10.00,moderate,13510,334.50,GAFF2+ff14SB,TIP3P,2026-05-29,compound,
LIMK2,CNC(=O)c1cccc(-n2c(C)nc3cccnc32)c1C,10.00,stable,12790,727.01,GAFF2+ff14SB,TIP3P,2026-05-29,compound,
ROCK2,O=C(C1=C2NCCN2C(=O)C1)c1ccc(Cl)cc1,10.00,moderate,22850,610.88,GAFF2+ff14SB,TIP3P,2026-05-29,compound,
ROCK2,Cc1noc(-c2ccc3nnc(CN)n3c2)n1,10.00,stable,20408,617.28,GAFF2+ff14SB,TIP3P,2026-05-29,compound,
ROCK2,O=C(NCc1cccc2cccnc12)C1CC(O)CN1,10.00,moderate,13623,695.24,GAFF2+ff14SB,TIP3P,2026-05-29,compound,
ROCK2,Cc1nnnn1[C@@H](Cc1cccc(F)c1)C(=O)O,10.00,stable,18339,774.19,GAFF2+ff14SB,TIP3P,2026-05-29,compound,
ROCK2,O=C(Nc1cccn(Cc2ccc(F)cc2)c1=O)[C@H]1CCOC1,10.00,stable,17295,767.51,GAFF2+ff14SB,TIP3P,2026-05-29,compound,
MICU1,Fc1cccc(F)c1NC(=S)NC1CC1,10.00,stable,15484,627.57,GAFF2+ff14SB,TIP3P,2026-05-29,compound,
ROCK2,Cn1c(=O)c2nc(-c3cccs3)[nH]c2n(C)c1=O,10.00,stable,27789,592.00,GAFF2+ff14SB,TIP3P,2026-05-29,compound,
ROCK1,Cc1csc(CNC(=O)Cn2ncc3ccccc3c2=O)n1,10.00,stable,121119,161.87,GAFF2+ff14SB,TIP3P,2026-05-29,compound,
ROCK2,N#C[C@H]1CC[C@@H](NC(=O)c2c[nH]nc2-c2c(F)cccc2F)C1,10.00,stable,112727,183.18,GAFF2+ff14SB,TIP3P,2026-05-29,compound,
RIPK3,N#CC1(NC(=O)c2cccc(F)c2)CCCC1,10.00,stable,13605,596.16,GAFF2+ff14SB,TIP3P,2026-05-29,compound,
LIMK2,Cc1ncc2c(n1)CCN(C(=O)Cc1c(C)noc1C)C2,10.00,stable,11587,798.65,GAFF2+ff14SB,TIP3P,2026-05-29,compound,
ROCK1,COc1cc(C(=O)N(C)Cc2nnc3ccccn23)ccc1C,10.00,moderate,19274,582.74,GAFF2+ff14SB,TIP3P,2026-05-29,compound,
ROCK1,Cc1ccc2[nH]c3c(=O)n(C)cnc3c2c1,10.00,moderate,40351,497.71,GAFF2+ff14SB,TIP3P,2026-05-29,compound,
RIPK3,CCn1ccnc(N2CCCC(O)(Cc3nc(C)no3)C2)c1=O,10.00,moderate,14035,677.83,GAFF2+ff14SB,TIP3P,2026-05-29,compound,
ROCK1,CN(CC(=O)NCc1nnc2n1CCCC2)c1ncnc2nc[nH]c12,10.00,moderate,17028,620.37,GAFF2+ff14SB,TIP3P,2026-05-29,compound,
ROCK1,C[C@@H](NC(=O)c1c[nH]c2ncc(C3CC3)nc12)C(=O)N1CCC1,10.00,moderate,33481,499.53,GAFF2+ff14SB,TIP3P,2026-05-29,compound,
ROCK2,O=C(C1CCC(O)CC1)N1CCC(O)(c2ccc(F)cc2)C1,10.00,stable,15140,599.24,GAFF2+ff14SB,TIP3P,2026-05-29,compound,
RIPK3,Cc1csc(CNC(=O)[C@]2(C)CCNC(=O)C2)c1,10.00,moderate,17136,589.13,GAFF2+ff14SB,TIP3P,2026-05-29,compound,
RIPK3,CNC(=O)NC(=O)CN1C[C@H](C)c2ccccc21,10.00,moderate,17491,741.66,GAFF2+ff14SB,TIP3P,2026-05-29,compound,
ROCK2,Cc1nc2ccccc2c(=O)n1CC(=O)NC(N)=O,10.00,stable,56460,363.84,GAFF2+ff14SB,TIP3P,2026-05-29,compound,
ROCK2,O=C(NC1CCCNC1=O)c1cccc(-n2cccn2)n1,10.00,moderate,19323,725.84,GAFF2+ff14SB,TIP3P,2026-05-29,compound,
NFE2L2,O=C(CCn1cnc2ccccc2c1=O)Nc1cccc2cccnc12,10.00,moderate,12552,840.31,GAFF2+ff14SB,TIP3P,2026-05-29,compound,
ROCK1,CS(=O)(=O)c1ccc(-c2cccn3nc(N)nc23)cc1,10.00,stable,37647,390.31,GAFF2+ff14SB,TIP3P,2026-05-29,compound,
RIPK3,O=CC12CC(c3ccccc31)c1ccccc12,10.00,stable,12577,654.47,GAFF2+ff14SB,TIP3P,2026-05-29,compound,
ROCK2,CN(C)[C@H]1[C@@H]2CN(C(=O)c3cc4n(n3)CCN(C)S4(=O)=O,10.00,stable,66570,290.56,GAFF2+ff14SB,TIP3P,2026-05-29,compound,
LIMK2,CCn1cnnc1C1CN(Cc2cnc3ccc(C#N)cn23)CCO1,10.00,stable,12060,572.68,GAFF2+ff14SB,TIP3P,2026-05-29,compound,
RIPK3,CCn1c([C@@H]2C[C@H](OC)CN2C(=O)c2ccn(C(C)C)n2)n[nH,10.00,stable,13599,630.55,GAFF2+ff14SB,TIP3P,2026-05-29,compound,
LIMK2,CC1N(C(=O)Cn2ccc(=O)n(C)c2=O)CCC12CCOCC2,10.00,stable,16875,394.90,GAFF2+ff14SB,TIP3P,2026-05-29,compound,
RIPK3,Cn1ccc(N2CCCC(n3ccc(C(F)(F)F)n3)C2=O)n1,10.00,stable,13548,747.02,GAFF2+ff14SB,TIP3P,2026-05-29,compound,
ROCK2,CC(NC(=O)N1Cc2[nH]c(=O)[nH]c(=O)c2C1)C12CCC(CC1)C2,10.00,stable,31793,563.41,GAFF2+ff14SB,TIP3P,2026-05-29,compound,
ROCK2,C[C@@H]1CN/C(=C/C(=O)c2ccc(Br)cc2)C(=O)N1,10.00,stable,17854,783.52,GAFF2+ff14SB,TIP3P,2026-05-29,compound,
RIPK3,CC(=O)N1CC(NCc2c(C)nn(C)c2C)CCC1C(F)(F)F,10.00,stable,13235,597.87,GAFF2+ff14SB,TIP3P,2026-05-29,compound,
ROCK2,O[C@@H](c1ccc(F)cc1)c1cccc(Br)n1,10.00,stable,32770,602.76,GAFF2+ff14SB,TIP3P,2026-05-29,compound,
RIPK3,FC(F)n1cc(-c2cccc3c2OCC3)cn1,10.00,stable,13447,633.29,GAFF2+ff14SB,TIP3P,2026-05-29,compound,
ROCK2,CCc1ccccc1NC(=O)C(=O)NC(C)C,10.00,stable,13189,660.48,GAFF2+ff14SB,TIP3P,2026-05-29,compound,
RIPK3,Cc1cccnc1CNc1ccc(S(=O)(=O)C(C)(C)C)nc1,10.00,stable,13987,669.57,GAFF2+ff14SB,TIP3P,2026-05-29,compound,
ROCK2,C[C@@H]1C[C@H]([C@H]2CC[C@H](C(F)(F)F)NC2)CCN1,10.00,stable,14832,630.59,GAFF2+ff14SB,TIP3P,2026-05-29,compound,
RIPK3,Cc1csc(NC(=O)N2CCC(F)(c3ccccn3)CC2)n1,10.00,stable,17609,487.50,GAFF2+ff14SB,TIP3P,2026-05-29,compound,
ROCK2,Cc1noc(C(F)F)c1C(=O)NCc1cc2n(n1)CCCO2,10.00,moderate,46577,420.65,GAFF2+ff14SB,TIP3P,2026-05-29,compound,
ROCK2,CN1Cc2cc(OCc3ccccc3C#N)ccc2C1=O,10.00,moderate,42440,367.66,GAFF2+ff14SB,TIP3P,2026-05-29,compound,
LIMK2,C[C@H](NC(=O)c1cccc(Cl)c1)[C@@H]1CCCO1,10.00,moderate,15871,588.44,GAFF2+ff14SB,TIP3P,2026-05-29,compound,
ROCK2,COc1cc(-c2nc(C(C)C)no2)ccc1N1CCC(=O)NC1=O,10.00,moderate,46021,426.77,GAFF2+ff14SB,TIP3P,2026-05-29,compound,
LIMK2,c1cncc(-c2cnc3ccccc3n2)c1,10.00,stable,14019,645.19,GAFF2+ff14SB,TIP3P,2026-05-29,compound,
RIPK3,CC(Cn1cccn1)Nc1ncnc2c1nnn2-c1ccccc1,10.00,stable,14581,606.36,GAFF2+ff14SB,TIP3P,2026-05-29,compound,
RIPK3,O=C(O)CCN(Cc1cccc(F)c1F)C(=O)CCC1CCCCO1,10.00,moderate,12169,871.84,GAFF2+ff14SB,TIP3P,2026-05-29,compound,
LIMK2,NC(=O)[C@H]1C[C@@]12CCc1cc(Br)ccc12,10.00,stable,13628,812.61,GAFF2+ff14SB,TIP3P,2026-05-29,compound,
ROCK2,N#Cc1cccc(S(=O)(=O)N2CC(N3CCOCC3)C2)c1,10.00,stable,41829,428.25,GAFF2+ff14SB,TIP3P,2026-05-29,compound,
ROCK1,C/C(=N/NC(N)=S)c1cccc(C(F)(F)F)c1,10.00,moderate,62311,155.96,GAFF2+ff14SB,TIP3P,2026-05-28,compound,
RIPK3,O=C1CNC(=O)[C@]12CCCc1ccccc12,10.00,stable,13052,590.22,GAFF2+ff14SB,TIP3P,2026-05-28,compound,
ROCK2,Cc1cc(NC(=O)Cn2cnc3snc(C)c3c2=O)n(C)n1,10.00,moderate,27606,573.49,GAFF2+ff14SB,TIP3P,2026-05-28,compound,
ROCK2,CC1(Cn2cc(C(=O)N3CCOC(c4ccc(F)c(F)c4)C3)nn2)COC1,10.00,stable,58120,320.26,GAFF2+ff14SB,TIP3P,2026-05-28,compound,
ROCK1,C[C@@H]1CNCCN1C(=O)c1cc(F)ccc1F,10.00,moderate,30980,519.24,GAFF2+ff14SB,TIP3P,2026-05-28,compound,
RIPK3,N[C@H](c1ccc2ccccc2c1)[C@@H](O)C(=O)O,10.00,stable,12814,810.95,GAFF2+ff14SB,TIP3P,2026-05-28,compound,
RIPK3,O=C1NCCN1c1nc(Cc2nc(C3CCOCC3)no2)cs1,10.00,moderate,15070,592.93,GAFF2+ff14SB,TIP3P,2026-05-28,compound,
LIMK2,CCn1nc(-c2ccccn2)nc2c(=O)n(C)c(=O)nc1-2,10.00,stable,15286,623.47,GAFF2+ff14SB,TIP3P,2026-05-28,compound,
RIPK3,Cc1nc(-c2cccc(F)c2)ncc1C(=O)O,10.00,stable,13045,842.10,GAFF2+ff14SB,TIP3P,2026-05-28,compound,
RIPK3,CN1CCOC(C(=O)Nc2ccc(-c3ccccn3)cn2)C1,10.00,stable,12341,508.23,GAFF2+ff14SB,TIP3P,2026-05-28,compound,
LIMK2,NC(=O)NN=C(c1ccccc1)c1cccs1,10.00,stable,14891,743.69,GAFF2+ff14SB,TIP3P,2026-05-28,compound,
RIPK3,O=C(O)C1CN(C(=O)c2ccc(F)c(F)c2)C1,10.00,stable,13953,644.68,GAFF2+ff14SB,TIP3P,2026-05-28,compound,
ROCK1,Cc1cccn2cc(Cn3c(-c4ccccn4)noc3=O)nc12,10.00,moderate,22966,608.38,GAFF2+ff14SB,TIP3P,2026-05-28,compound,
ROCK1,CCN(Cc1nc2ccccc2c(=O)[nH]1)C(=O)c1cnn(C)c1,10.00,moderate,58350,331.70,GAFF2+ff14SB,TIP3P,2026-05-28,compound,
LIMK2,CC(=O)N1CCCC1C(=O)Nc1ncn(C2CCCCC2)n1,10.00,stable,12095,650.08,GAFF2+ff14SB,TIP3P,2026-05-28,compound,
ROCK1,NC(=O)C(NC(=O)c1cnn2c1CCCC2)c1ccccc1,10.00,moderate,19820,640.28,GAFF2+ff14SB,TIP3P,2026-05-28,compound,
ROCK1,Cn1cc(CC(=O)NC2(c3ccc4c(c3)OCCO4)CCCC2)cn1,10.00,moderate,38235,382.19,GAFF2+ff14SB,TIP3P,2026-05-28,compound,
LIMK2,O=C(O)C[C@H]1Cc2cccc3cccc1c23,10.00,moderate,13941,647.85,GAFF2+ff14SB,TIP3P,2026-05-28,compound,
ROCK2,COC1(C(=O)NC[C@@H](C)NC(=O)c2cnn3ccncc23)CCC1,10.00,stable,33992,434.38,GAFF2+ff14SB,TIP3P,2026-05-28,compound,
LIMK2,O=C(Nc1ccccc1)NN1CCCCC1,10.00,stable,12651,643.34,GAFF2+ff14SB,TIP3P,2026-05-28,compound,
ROCK2,CCC1CCCCN1Cc1nc2c(cnn2C)c(=O)[nH]1,10.00,stable,36268,449.56,GAFF2+ff14SB,TIP3P,2026-05-28,compound,
ROCK2,COc1ccc2[nH]c3c(=O)n(N)cnc3c2c1,10.00,stable,54789,346.76,GAFF2+ff14SB,TIP3P,2026-05-28,compound,
ROCK2,N#Cc1cccc(C(=O)N2C[C@H]3C[C@@H]2C(=O)O3)c1,10.00,moderate,57671,259.03,GAFF2+ff14SB,TIP3P,2026-05-28,compound,
ROCK2,CC(=O)C1=C[C@@H]2C(=O)c3ccccc3C(=O)[C@H]2O1,10.00,stable,17725,798.78,GAFF2+ff14SB,TIP3P,2026-05-28,compound,
RIPK3,CC(=O)Cn1c(CN2CCCC2)nc2ccccc2c1=O,10.00,stable,15482,610.94,GAFF2+ff14SB,TIP3P,2026-05-28,compound,
RIPK3,COc1ccccc1-c1ccc(C(N)=S)cc1,10.00,moderate,15186,623.24,GAFF2+ff14SB,TIP3P,2026-05-28,compound,
ROCK1,c1nn(C2CCNCC2)cc1-c1cn(CC2OCCC23CCC3)nn1,10.00,moderate,20353,561.18,GAFF2+ff14SB,TIP3P,2026-05-28,compound,
RIPK3,c1cnc(NC2CCN(Cc3nnc(-c4ccco4)o3)C2)nc1,10.00,stable,16791,526.28,GAFF2+ff14SB,TIP3P,2026-05-28,compound,
ROCK1,Cc1cccc(NC(=O)NN2CCN(C)CC2)c1,10.00,stable,13588,449.94,GAFF2+ff14SB,TIP3P,2026-05-28,compound,
ROCK2,O=c1occ(C(F)(F)F)cc1Cc1ccccn1,10.00,moderate,30446,412.46,GAFF2+ff14SB,TIP3P,2026-05-28,compound,
RIPK3,CS(=O)(=O)c1cccc(Oc2ccc3nnnn3n2)c1,10.00,moderate,13523,575.47,GAFF2+ff14SB,TIP3P,2026-05-28,compound,
LIMK2,FC(F)c1cnc(N2CCCC2c2cccnc2)nc1,10.00,stable,12436,733.89,GAFF2+ff14SB,TIP3P,2026-05-28,compound,
ROCK2,CC1CN(S(=O)(=O)c2ccc(F)cc2)c2cccnc2O1,10.00,stable,36958,451.86,GAFF2+ff14SB,TIP3P,2026-05-28,compound,
MAPK10,O=C(NC1CCOCC1)C=2C=CC=3OCCOC3C2,10.00,stable,19098,753.31,GAFF2+ff14SB,TIP3P,2026-05-28,compound,
LIMK2,CC(C)NC(=O)c1ccc(N2CCOCC2)nc1,10.00,stable,12650,689.28,GAFF2+ff14SB,TIP3P,2026-05-28,compound,
ROCK2,Cc1cccc(-c2nc(SCC(N)=O)n[nH]2)c1,10.00,stable,79726,264.84,GAFF2+ff14SB,TIP3P,2026-05-28,compound,
ROCK2,Cc1cc(F)ccc1[C@@H]1CC(=O)CCN1,10.00,stable,13976,617.84,GAFF2+ff14SB,TIP3P,2026-05-28,compound,
ROCK2,O=c1[nH]c(CNc2ccccc2)nc2ccccc12,10.00,moderate,12754,734.47,GAFF2+ff14SB,TIP3P,2026-05-28,compound,
RIPK3,COc1cc2c(cc1OC)[C@@H]1C[C@@]3(CON1CC2)CN(C)C(=O)O3,10.00,stable,15074,586.52,GAFF2+ff14SB,TIP3P,2026-05-28,compound,
ROCK2,C[C@@H]1CN(C(=O)c2cc(N)cc(N)c2)C[C@@H](C)O1,10.00,moderate,49630,335.89,GAFF2+ff14SB,TIP3P,2026-05-28,compound,
RIPK3,Cc1ccncc1C1=C(c2ccc(S(C)(=O)=O)cc2)COC1=O,10.00,stable,12816,805.07,GAFF2+ff14SB,TIP3P,2026-05-28,compound,
ROCK2,C[C@@]1(c2ccccc2)OC(=O)C=CC1=O,10.00,moderate,9481,488.47,GAFF2+ff14SB,TIP3P,2026-05-28,compound,
ROCK2,Cc1nccc(C2CN(c3ccnc(C)n3)C2)n1,10.00,moderate,44004,435.11,GAFF2+ff14SB,TIP3P,2026-05-28,compound,
ROCK2,O=C(O)[C@H]1CCC[C@@H]1C(=O)c1ccc(Br)cc1,10.00,moderate,19978,680.71,GAFF2+ff14SB,TIP3P,2026-05-28,compound,
ROCK2,Cc1[nH]c2cc([N+](=O)[O-])ccc2c1C=O,10.00,stable,29855,494.23,GAFF2+ff14SB,TIP3P,2026-05-28,compound,
RIPK3,OCc1nc(O)c2c(ccc3ccccc32)n1,10.00,moderate,12812,738.17,GAFF2+ff14SB,TIP3P,2026-05-28,compound,
LIMK2,CN1CC[C@H](c2nnc(-c3ccccc3)o2)C1,10.00,stable,14869,586.18,GAFF2+ff14SB,TIP3P,2026-05-28,compound,
ROCK2,CC1=NO[C@@H](c2ccccc2O)N(C)C1(C)C,10.00,stable,56496,268.62,GAFF2+ff14SB,TIP3P,2026-05-28,compound,
LIMK2,CCOc1ccccc1C(=O)NC1CCc2nccn2C1,10.00,stable,12331,630.02,GAFF2+ff14SB,TIP3P,2026-05-28,compound,
RIPK3,CCc1c[nH]c2ncnc(N3CC4(CN(C(C)=O)C4)C3)c12,10.00,stable,14108,617.56,GAFF2+ff14SB,TIP3P,2026-05-28,compound,
LIMK2,Cc1noc(C2CN(C(=O)c3c(F)cccc3Cl)CCN2C)n1,10.00,stable,11536,496.10,GAFF2+ff14SB,TIP3P,2026-05-28,compound,
RIPK3,O=S(=O)(c1cnn(CC(F)F)c1)N1CCc2cccc(F)c21,10.00,moderate,13905,527.52,GAFF2+ff14SB,TIP3P,2026-05-28,compound,
ROCK1,O=[P@]1(c2ccccc2)CNc2ccccc2O1,10.00,stable,24033,590.98,GAFF2+ff14SB,TIP3P,2026-05-28,compound,
RIPK3,CN1C(=O)C(=CNNc2ccccc2)C(=O)N(C)C1=O,10.00,moderate,17363,593.30,GAFF2+ff14SB,TIP3P,2026-05-28,compound,
RIPK3,O=C1C=CC(=O)N1c1cc(F)c(F)c(F)c1,10.00,stable,15723,604.10,GAFF2+ff14SB,TIP3P,2026-05-28,compound,
ROCK1,Cn1cc(C(=O)c2ccccc2)cc1CC(=O)NO,10.00,moderate,44610,376.27,GAFF2+ff14SB,TIP3P,2026-05-28,compound,
LIMK2,CN(Cc1cccnc1)Cc1nc2ccccc2c(=O)[nH]1,10.00,stable,12866,641.72,GAFF2+ff14SB,TIP3P,2026-05-28,compound,
ROCK2,Cc1cc(NC(=O)C(=O)NCCCO)ccc1Br,10.00,moderate,13842,600.11,GAFF2+ff14SB,TIP3P,2026-05-28,compound,
LIMK2,CC1(C(=O)N2CC3(CCCOC3)C2)CC=CCC1,10.00,moderate,14142,752.91,GAFF2+ff14SB,TIP3P,2026-05-28,compound,
ROCK2,Cc1sc(NC(=O)Cn2cnc3ncccc3c2=O)c(C)c1C,10.00,stable,24543,572.86,GAFF2+ff14SB,TIP3P,2026-05-28,compound,
ROCK2,Cn1ccnc1C(Nc1ccc(C(F)(F)F)nn1)C1CCOCC1,10.00,stable,20337,646.87,GAFF2+ff14SB,TIP3P,2026-05-28,compound,
LIMK2,CC1CCC(C(=O)NCc2ccn(-c3ccc(F)cc3)n2)O1,10.00,stable,12483,402.96,GAFF2+ff14SB,TIP3P,2026-05-28,compound,
RIPK3,O=C(NC1CCC(F)(F)CC1)c1ccccn1,10.00,stable,13200,714.45,GAFF2+ff14SB,TIP3P,2026-05-28,compound,
ROCK1,O=C(NC(=S)N1CCOCC1)c1ccccc1F,10.00,moderate,15449,490.82,GAFF2+ff14SB,TIP3P,2026-05-28,compound,
ROCK2,COC(=O)Cn1c(=O)c2c(nc3n2CON3c2cccc(C)c2)n(C)c1=O,10.00,moderate,22590,595.75,GAFF2+ff14SB,TIP3P,2026-05-28,compound,
ROCK2,Cc1nc(C)c(C)c(N2CCN3C[C@@H](F)C[C@H]3C2)n1,10.00,moderate,20396,517.78,GAFF2+ff14SB,TIP3P,2026-05-28,compound,
RIPK3,CC(=O)NC1=C(C)C(=O)c2c(nc3n2CC[C@@H]3OC(C)=O)C1=O,10.00,stable,11328,690.24,GAFF2+ff14SB,TIP3P,2026-05-28,compound,
RIPK3,O=C1NC(=O)N2CCCO[C@@H]2[C@H]1c1ccccc1,10.00,moderate,16659,678.13,GAFF2+ff14SB,TIP3P,2026-05-28,compound,
ROCK1,CCC(=O)Nc1cc2c3c(c1)CC(=O)N3CCC2,10.00,moderate,51322,355.97,GAFF2+ff14SB,TIP3P,2026-05-28,compound,
LIMK2,Cc1noc(C)c1CC(=O)N1CCN(c2ccncc2)CC1,10.00,stable,13468,509.76,GAFF2+ff14SB,TIP3P,2026-05-28,compound,
RIPK3,O=c1oc(C(F)(F)F)ccc1Cc1cccnc1,10.00,stable,16403,534.71,GAFF2+ff14SB,TIP3P,2026-05-28,compound,
ROCK1,O=C(NO)c1ccc(CNC(=O)C2CCCCC2)cc1,10.00,moderate,37140,373.93,GAFF2+ff14SB,TIP3P,2026-05-28,compound,
RIPK3,CN1CCC(NC(=O)c2n[nH]c3ccccc23)C1=O,10.00,moderate,12315,627.79,GAFF2+ff14SB,TIP3P,2026-05-28,compound,
RIPK3,Cc1ccc(C)n1Nc1nnc(N2CCOCC2)cc1C#N,10.00,stable,12306,802.90,GAFF2+ff14SB,TIP3P,2026-05-28,compound,
LIMK2,C/C(=N\NC(=O)c1cccc(Cl)c1)N1CCOCC1,10.00,moderate,13207,610.16,GAFF2+ff14SB,TIP3P,2026-05-28,compound,
ROCK2,OCC1(n2ccc3cc(Cl)cnc32)CCCC1,10.00,stable,13389,455.58,GAFF2+ff14SB,TIP3P,2026-05-28,compound,
ROCK2,N#C[C@H]1CNC[C@@H]1c1ccc2c(c1)CCO2,10.00,moderate,59955,237.88,GAFF2+ff14SB,TIP3P,2026-05-28,compound,
LIMK2,CN1C(=O)c2cccnc2NC1c1cccnc1,10.00,moderate,16993,753.12,GAFF2+ff14SB,TIP3P,2026-05-28,compound,
LIMK2,Cn1cc(-c2cccc(Cl)c2)cc(C#N)c1=O,10.00,moderate,12190,595.97,GAFF2+ff14SB,TIP3P,2026-05-28,compound,
LIMK2,c1cncc(-c2ncnc3c2ncn3C2CCOCC2)c1,10.00,moderate,11464,672.55,GAFF2+ff14SB,TIP3P,2026-05-28,compound,
ROCK2,C[C@@H]1Cc2c(C(=O)NCc3cc(C4CC4)no3)n[nH]c2[C@H](C),10.00,moderate,42050,410.52,GAFF2+ff14SB,TIP3P,2026-05-28,compound,
ROCK1,CC(C)c1nc2n(n1)CCCC2Nc1cc(N2CCOCC2)ncn1,10.00,moderate,13224,549.31,GAFF2+ff14SB,TIP3P,2026-05-28,compound,
LIMK2,O=C(N[C@@H]1CCCC[C@H]1O)C2=CC=C(N=C2)OCC(F)(F)F,10.00,stable,13325,592.40,GAFF2+ff14SB,TIP3P,2026-05-28,compound,
ROCK2,O=C(CCC(=O)N1CCc2sccc2C1)Nc1cccc(S(=O)(=O)F)c1,10.00,stable,10428,619.86,GAFF2+ff14SB,TIP3P,2026-05-28,compound,
ROCK1,N#Cc1ccc(F)c(CN2CCN(C(=O)N3CCOCC3)CC2)c1,10.00,stable,39536,365.25,GAFF2+ff14SB,TIP3P,2026-05-28,compound,
ROCK2,O=C(NCC1=CCCOC1)N[C@@H]1CCc2cc(F)ccc21,10.00,moderate,10599,730.60,GAFF2+ff14SB,TIP3P,2026-05-28,compound,
LIMK2,Cn1cnc(O[C@H]2CCc3ccccc32)cc1=O,10.00,stable,12561,638.35,GAFF2+ff14SB,TIP3P,2026-05-28,compound,
RIPK3,Nc1nc2ccccc2n1C(=O)c1ccccn1,10.00,stable,13121,716.48,GAFF2+ff14SB,TIP3P,2026-05-28,compound,
RIPK3,Cc1nn(C)c(C)c1C(=O)N1CCOC2(CC3CCC2C3)C1,10.00,stable,13135,635.41,GAFF2+ff14SB,TIP3P,2026-05-28,compound,
RIPK3,CCC1CN(C)CCN1C(=O)C1CCCc2[nH]c(C)nc21,10.00,stable,12591,678.21,GAFF2+ff14SB,TIP3P,2026-05-28,compound,
ROCK2,Cc1nc(C2CCN(C(=O)Nc3ccc(F)c(-n4nnnc4C)c3)C2)n[nH]1,10.00,stable,20231,502.69,GAFF2+ff14SB,TIP3P,2026-05-28,compound,
LIMK2,Cc1ccc(C(=O)O)cc1NC(=O)[C@H]1CCCO1,10.00,moderate,13982,545.86,GAFF2+ff14SB,TIP3P,2026-05-28,compound,
ROCK2,O=C(NC1CC1)N1CCC(c2nc(-c3ccccc3)no2)CC1,10.00,stable,15343,552.42,GAFF2+ff14SB,TIP3P,2026-05-28,compound,
ROCK2,C[C@H](O)CNC(=O)c1sc2ccccc2c1Cl,10.00,moderate,14666,621.85,GAFF2+ff14SB,TIP3P,2026-05-28,compound,
RIPK3,CCC(=O)NCCCC1CCN(C(=O)c2cn3c(n2)CCC(C)C3)CC1,10.00,stable,13929,636.59,GAFF2+ff14SB,TIP3P,2026-05-28,compound,
LIMK2,CN1CCC(NC(=O)Nc2cccc(F)c2)CC1,10.00,stable,11448,801.93,GAFF2+ff14SB,TIP3P,2026-05-28,compound,
ROCK2,CCCC[C@H]1CN(C(C)=O)CCN1C(=O)c1cc(F)cc(C(F)(F)F)c1,10.00,stable,28940,485.08,GAFF2+ff14SB,TIP3P,2026-05-28,compound,
RIPK3,COCc1cc(-c2nc3c(C)nc(N)nc3n(C(C)C)c2=O)ccn1,10.00,stable,12816,549.47,GAFF2+ff14SB,TIP3P,2026-05-28,compound,
RIPK3,CC(=O)N1CC(C(=O)N2CC(=O)N(C3CC3)C2)Oc2ccccc21,10.00,stable,13727,605.20,GAFF2+ff14SB,TIP3P,2026-05-28,compound,
ROCK1,O=C(c1cc2[nH]cnc2cc1F)N1CCC(C(O)C(F)(F)F)C1,10.00,moderate,18565,666.30,GAFF2+ff14SB,TIP3P,2026-05-28,compound,
ROCK2,CCS(=O)(=O)[C@@H]1[C@H](CO)[C@H]1c1cccc(F)c1,10.00,stable,18442,797.77,GAFF2+ff14SB,TIP3P,2026-05-28,compound,
ROCK1,CC(=O)C1=C(O)C(=O)O[C@@H]1c1ccccc1F,10.00,stable,24671,658.21,GAFF2+ff14SB,TIP3P,2026-05-28,compound,
RIPK3,Cc1ccc(NC(=O)NCC2CCCN(CCC(=O)O)C2)cc1,10.00,stable,12774,556.12,GAFF2+ff14SB,TIP3P,2026-05-28,compound,
RIPK3,Cc1cc(NC(=O)CCc2ccccc2)nn1CC(N)=O,10.00,stable,19784,896.64,GAFF2+ff14SB,TIP3P,2026-05-28,compound,
RIPK3,c1cc(N2CCOCC2)ncc1Nc1ccc2nncn2n1,10.00,stable,12328,667.54,GAFF2+ff14SB,TIP3P,2026-05-28,compound,
LIMK2,COc1ccn2c(C(=O)N[C@H]3C[C@](O)(C(F)(F)F)C3)cnc2c1,10.00,stable,11429,690.81,GAFF2+ff14SB,TIP3P,2026-05-28,compound,
ROCK2,Cn1cc(C=CC(=O)NCC2CCCN(C(=O)c3ccncc3Cl)C2)nn1,10.00,moderate,19480,969.08,GAFF2+ff14SB,TIP3P,2026-05-28,compound,
RIPK3,O=C(Nc1cccnc1N1CCCC1)NC1CCCC(F)(F)C1,10.00,moderate,17557,745.20,GAFF2+ff14SB,TIP3P,2026-05-28,compound,
LIMK2,Cc1cc(C)nc(N(C#N)CC(=O)N2CCC(C(N)=O)OC2)n1,10.00,stable,12858,639.63,GAFF2+ff14SB,TIP3P,2026-05-28,compound,
ROCK2,COCC(=O)N[C@@H](C)c1ccc2c(c1)CCC2,10.00,stable,17605,830.44,GAFF2+ff14SB,TIP3P,2026-05-28,compound,
ROCK1,CC(NC(=O)c1ccc(N2CCOCC2)nc1)c1ccccc1,10.00,stable,13281,636.03,GAFF2+ff14SB,TIP3P,2026-05-28,compound,
ROCK2,O=c1cc(-c2ccccc2)ncn1Cc1cccc(F)c1,10.00,stable,25849,480.93,GAFF2+ff14SB,TIP3P,2026-05-28,compound,
RIPK3,CC1(C)CC(Nc2nccc(C(F)(F)F)n2)CC(C)(C)N1,10.00,stable,16323,770.41,GAFF2+ff14SB,TIP3P,2026-05-28,compound,
ROCK2,N#CCc1ccc(C(F)(F)F)cc1Cl,10.00,stable,26930,575.47,GAFF2+ff14SB,TIP3P,2026-05-28,compound,
LIMK2,O=C(Oc1ccc(N2C(=O)CCC2=O)cc1)c1ccco1,10.00,stable,13232,660.03,GAFF2+ff14SB,TIP3P,2026-05-28,compound,
ROCK2,O=C(O)c1nnn(-c2ccccc2F)c1C1CC1,10.00,stable,10453,1109.64,GAFF2+ff14SB,TIP3P,2026-05-28,compound,
ROCK2,CC(=O)N1C(=O)Cc2cc([N+](=O)[O-])ccc21,10.00,moderate,16723,597.42,GAFF2+ff14SB,TIP3P,2026-05-28,compound,
ROCK1,Cc1cc(CNC(=O)C2CCN3CCOCC23)cc(C)n1,10.00,stable,23777,524.15,GAFF2+ff14SB,TIP3P,2026-05-28,compound,
ROCK2,O=C(c1ccc(C(F)(F)F)cc1O)N1CCCC1C1CCCO1,10.00,stable,70146,382.04,GAFF2+ff14SB,TIP3P,2026-05-28,compound,
ROCK1,Cn1cnnc1CC1(O)CCCN(c2ccc(C(F)(F)F)nn2)C1,10.00,stable,56626,331.36,GAFF2+ff14SB,TIP3P,2026-05-28,compound,
ROCK2,Oc1ccccc1-c1nnc2n1CCCC2,10.00,stable,47630,480.13,GAFF2+ff14SB,TIP3P,2026-05-28,compound,
LIMK2,O=C1CC(N2CCSCC2)C(=O)N1c1cccc(F)c1,10.00,stable,14869,595.30,GAFF2+ff14SB,TIP3P,2026-05-28,compound,
ROCK2,Cc1nc(C)c(CC(=O)N2CCC(c3ccccc3)CC2)c(=O)[nH]1,10.00,stable,13250,962.77,GAFF2+ff14SB,TIP3P,2026-05-28,compound,
RIPK3,CNC=C1C(=O)NC(=O)N(c2ccccc2)C1=O,10.00,stable,12960,548.48,GAFF2+ff14SB,TIP3P,2026-05-28,compound,
ROCK1,Cc1n[nH]c(C)c1C1COCCN1C(=O)c1ccc(F)cc1,10.00,moderate,18153,687.47,GAFF2+ff14SB,TIP3P,2026-05-28,compound,
ROCK1,Cn1cc(C2CCCN2Cc2nnc(-c3ccccc3)o2)cn1,10.00,moderate,23537,608.36,GAFF2+ff14SB,TIP3P,2026-05-28,compound,
LIMK2,Cc1ccc(C2=Nn3c(C)nnc3SC2)cc1,10.00,stable,14711,412.28,GAFF2+ff14SB,TIP3P,2026-05-28,compound,
LIMK2,O=C(C1CCc2cccnc21)N1CCCC2(CC2)C1,10.00,stable,15415,549.72,GAFF2+ff14SB,TIP3P,2026-05-28,compound,
RIPK3,COc1ncnc2c1CN(C(=O)NC1CCc3[nH]ncc3C1)CC2,10.00,stable,13538,616.65,GAFF2+ff14SB,TIP3P,2026-05-28,compound,
LIMK2,Cc1ccc2c(c1)C(=O)NC1(CCNCC1)O2,10.00,moderate,11599,932.42,GAFF2+ff14SB,TIP3P,2026-05-28,compound,
ROCK1,Cc1cc(C(=O)NC2CCc3c(F)cccc32)no1,10.00,stable,13306,721.68,GAFF2+ff14SB,TIP3P,2026-05-28,compound,
ROCK2,Cc1cc(C(=O)N2CCCC2c2cnn(C)c2)c2ccccc2n1,10.00,moderate,90486,231.97,GAFF2+ff14SB,TIP3P,2026-05-28,compound,
RIPK3,OC1(CNc2ccc3nnc(C(F)(F)F)n3n2)CCCC1,10.00,stable,13987,598.09,GAFF2+ff14SB,TIP3P,2026-05-28,compound,
LIMK2,NCCC1CCCCN1C(=O)c1ccc(C(F)(F)F)nc1,10.00,stable,12981,597.45,GAFF2+ff14SB,TIP3P,2026-05-28,compound,
ROCK2,COc1ccc(F)cc1S(=O)(=O)Nc1ccc2c(c1)CCNC2=O,10.00,moderate,58512,565.80,GAFF2+ff14SB,TIP3P,2026-05-28,compound,
LIMK2,O=C(NC1CC(=O)N(c2ccc(Cl)cc2)C1)c1ccco1,10.00,stable,14419,600.40,GAFF2+ff14SB,TIP3P,2026-05-28,compound,
RIPK3,Cc1n[nH]c(C(C)C)c1C(=O)N[C@@H]1C[C@@H](O)C12CCOCC2,10.00,moderate,11340,932.37,GAFF2+ff14SB,TIP3P,2026-05-28,compound,
RIPK3,O=C(C1CCCc2cccnc21)N(CC(F)(F)F)C1CCCOC1,10.00,moderate,13040,1154.21,GAFF2+ff14SB,TIP3P,2026-05-28,compound,
RIPK3,O=C(Nc1cccnc1)c1cnc2ccccc2n1,10.00,stable,13466,609.56,GAFF2+ff14SB,TIP3P,2026-05-28,compound,
ROCK2,NC(=O)c1ccc(C(=O)N2CCN(C(=O)CN3CCCC3)CC2)cn1,10.00,moderate,19660,563.58,GAFF2+ff14SB,TIP3P,2026-05-28,compound,
LIMK2,Cn1ncnc1C1(O)CCN(c2ccc(C(F)(F)F)cn2)CC1,10.00,moderate,10600,829.38,GAFF2+ff14SB,TIP3P,2026-05-28,compound,
ROCK1,O=C1N=C2SC=CN2C(=O)[C@@H]1Cc1ccccc1,10.00,moderate,36443,449.64,GAFF2+ff14SB,TIP3P,2026-05-28,compound,
RIPK3,O=C(CCn1c(=O)oc2cc(Cl)ccc21)NCc1cncnc1,10.00,stable,16197,475.25,GAFF2+ff14SB,TIP3P,2026-05-28,compound,
ROCK1,CCS(=O)(=O)[C@@H]1[C@@H](C(N)=S)[C@@H]1c1cccc(F)c1,10.00,stable,36797,527.92,GAFF2+ff14SB,TIP3P,2026-05-28,compound,
RIPK3,O=c1c(Cl)c(Cl)nc(O)n1CCc1ccccc1,10.00,moderate,12633,564.26,GAFF2+ff14SB,TIP3P,2026-05-28,compound,
RIPK3,CCN(C(=O)Cc1ccc(C)nc1)c1ccc(F)c(F)c1,10.00,stable,14326,585.28,GAFF2+ff14SB,TIP3P,2026-05-28,compound,
RIPK3,CC(=O)N1CCN(C(=O)c2ccc(F)cc2)CC1,10.00,stable,14822,472.37,GAFF2+ff14SB,TIP3P,2026-05-28,compound,
ROCK1,CC(C)NC(=O)c1nn(C)c2c1CS(=O)(=O)c1ccccc1-2,10.00,stable,13966,638.98,GAFF2+ff14SB,TIP3P,2026-05-28,compound,
ROCK2,N#Cc1cc2ccccc2nc1SCC(N)=O,10.00,stable,54505,472.04,GAFF2+ff14SB,TIP3P,2026-05-28,compound,
LIMK2,O=C1NCCN[C@H]1c1ccccc1C(F)(F)F,10.00,stable,14140,610.20,GAFF2+ff14SB,TIP3P,2026-05-28,compound,
ROCK2,CC1CC(CCNC(=O)N2CCC(=C(F)F)CC2)CCO1,10.00,moderate,17337,664.75,GAFF2+ff14SB,TIP3P,2026-05-28,compound,
ROCK2,Cc1cccn2c(=O)cc(CN3C(=O)NC(CCS(C)(=O)=O)C3=O)nc12,10.00,stable,31340,510.49,GAFF2+ff14SB,TIP3P,2026-05-28,compound,
LIMK2,Cc1ccc(C)c(C(=O)N[C@@H](C)C(C)C)c1,10.00,stable,15718,497.49,GAFF2+ff14SB,TIP3P,2026-05-28,compound,
ROCK2,Cc1ccccc1N1C(=O)CS(=O)CC1=O,10.00,stable,32302,490.72,GAFF2+ff14SB,TIP3P,2026-05-28,compound,
ROCK2,CC(=O)N[C@@H](Cc1ccccc1)C(=O)NNC(N)=O,10.00,stable,12337,1111.67,GAFF2+ff14SB,TIP3P,2026-05-28,compound,
ROCK2,CN(CC(=O)Nc1ccc(F)cc1)Cc1nc2ccccc2c(=O)[nH]1,10.00,stable,28234,559.25,GAFF2+ff14SB,TIP3P,2026-05-28,compound,
LIMK2,Cc1noc(CCNC(=O)C2CCC(F)(F)CC2)n1,10.00,unstable,11959,661.83,GAFF2+ff14SB,TIP3P,2026-05-28,compound,
ROCK2,O=C(NC[C@H]1CCCO1)c1ccc2c(c1)CCO2,10.00,moderate,42846,393.46,GAFF2+ff14SB,TIP3P,2026-05-28,compound,
ROCK1,CC(=O)NCC1(C)CCN(c2nc(C)nc3c2CCCC3)CC1,10.00,stable,18481,570.82,GAFF2+ff14SB,TIP3P,2026-05-28,compound,
LIMK2,Cc1ccc(C2=CN3C(=O)CSC3=NN2)cc1,10.00,stable,15641,583.40,GAFF2+ff14SB,TIP3P,2026-05-28,compound,
ROCK2,CC(NC(=O)CC1CC(F)(F)C1)c1cc2cc(F)ccc2o1,10.00,moderate,34284,612.97,GAFF2+ff14SB,TIP3P,2026-05-28,compound,
ROCK2,O=C1N[C@@H](c2ccccc2)C12CCNCC2,10.00,stable,96716,213.57,GAFF2+ff14SB,TIP3P,2026-05-28,compound,
LIMK2,Cc1cc(C2CCCN2C(=O)c2cccc3cn[nH]c23)on1,10.00,stable,14063,1047.52,GAFF2+ff14SB,TIP3P,2026-05-28,compound,
ROCK2,CCN1C(=O)C2CN(CCN2C1=O)C=3N=CN=C4NC=CC34,10.00,moderate,31535,557.55,GAFF2+ff14SB,TIP3P,2026-05-28,compound,
ROCK1,COC=1C=CC(=CN1)C(=O)NCC(=O)NC=2C=CC(F)=C(F)C2F,10.00,stable,13547,520.35,GAFF2+ff14SB,TIP3P,2026-05-28,compound,
RIPK3,CN(C)CCNC(=O)c1[nH]c2cc(Cl)ccc2c1CC(=O)NOCN(C)C,10.00,moderate,13174,669.96,GAFF2+ff14SB,TIP3P,2026-05-28,compound,
ROCK1,CC(=O)NC[C@H]1CN(c2ccc(C)cc2)C(=O)O1,10.00,stable,32310,423.53,GAFF2+ff14SB,TIP3P,2026-05-28,compound,
ROCK1,Nc1nc(N)c2c(n1)COC(c1ccccc1)C2,10.00,moderate,22630,751.07,GAFF2+ff14SB,TIP3P,2026-05-28,compound,
ROCK2,CC(=O)Nc1ccc(/C=C2/NC(=O)NC2=O)cc1,10.00,stable,14667,588.14,GAFF2+ff14SB,TIP3P,2026-05-28,compound,
ROCK1,Cc1cc(=O)c(C(=O)NC2CCC(=O)NC2=O)nn1-c1ccccc1F,10.00,stable,20308,618.59,GAFF2+ff14SB,TIP3P,2026-05-28,compound,
LIMK2,CN1C(=O)C[C@@H]2C[C@@]1(C)Oc1ccc(Cl)cc12,10.00,moderate,13101,629.23,GAFF2+ff14SB,TIP3P,2026-05-28,compound,
ROCK2,COc1cc(C(=O)Nc2cccc(-c3nccn3C)c2)on1,10.00,stable,23700,992.07,GAFF2+ff14SB,TIP3P,2026-05-28,compound,
ROCK1,CN1CC(NC(=O)NC2c3ccccc3CC2O)CCC1=O,10.00,moderate,20252,678.81,GAFF2+ff14SB,TIP3P,2026-05-28,compound,
ROCK2,O=C(Nc1ccc(N2CCOCC2)cn1)c1ccccc1OC(F)F,10.00,moderate,13310,566.14,GAFF2+ff14SB,TIP3P,2026-05-28,compound,
ROCK2,O=C(O)CN(C(=O)C1Cc2cccc(F)c2O1)c1ccccc1,10.00,moderate,28334,698.85,GAFF2+ff14SB,TIP3P,2026-05-28,compound,
LIMK2,COc1cc(C(=O)NCc2nnc3n2CCC3)ccc1C,10.00,stable,13508,665.19,GAFF2+ff14SB,TIP3P,2026-05-28,compound,
RIPK3,CC(C)(C#N)c1ccc(Cn2nnn(C3CCOCC3)c2=O)cc1,10.00,moderate,14983,508.28,GAFF2+ff14SB,TIP3P,2026-05-28,compound,
LIMK2,CN1COC2(c3cccc(O)c3)CC(=O)CC1C2,10.00,stable,14613,592.22,GAFF2+ff14SB,TIP3P,2026-05-28,compound,
RIPK3,CC1CC(CO)CN(C(=O)NC2CCOC3(CCCC3)C2)C1,10.00,stable,13201,688.55,GAFF2+ff14SB,TIP3P,2026-05-28,compound,
ROCK2,CN1N=C(C(=O)N(C)C2CCCCC2)CCC1=O,10.00,moderate,13042,742.32,GAFF2+ff14SB,TIP3P,2026-05-28,compound,
LIMK2,COc1ccc(OC)c(C(C)NC(=O)c2cnc3ccccn3c2=O)c1,10.00,stable,12851,1021.05,GAFF2+ff14SB,TIP3P,2026-05-28,compound,
RIPK3,Cn1c(=O)c(N2CCNCC2)nc2ccccc21,10.00,stable,14549,736.59,GAFF2+ff14SB,TIP3P,2026-05-28,compound,
ROCK2,O=C(NC(=O)c1ccccc1)Nc1nncs1,10.00,moderate,52954,309.35,GAFF2+ff14SB,TIP3P,2026-05-28,compound,
ROCK1,C=CC(=O)N(C)CC(=O)N1CCN(C(=O)COc2ccc(F)cc2)CC1,10.00,stable,55806,264.19,GAFF2+ff14SB,TIP3P,2026-05-28,compound,
ROCK2,Cn1cc(C2CCCN2C(=O)c2cc3ccccc3[nH]c2=O)cn1,10.00,stable,38043,427.43,GAFF2+ff14SB,TIP3P,2026-05-28,compound,
RIPK3,CO[C@@H]1C[C@@H](CO)N(C(=O)CCc2cc(F)ccc2F)C1,10.00,stable,13449,587.16,GAFF2+ff14SB,TIP3P,2026-05-28,compound,
RIPK3,Cc1cnc(-c2cccc([N+](=O)[O-])c2)n2nc(N)nc12,10.00,moderate,12437,810.39,GAFF2+ff14SB,TIP3P,2026-05-28,compound,
RIPK3,O=C(Nc1ccc(Br)cc1F)c1ccncc1,10.00,stable,16557,1039.46,GAFF2+ff14SB,TIP3P,2026-05-28,compound,
LIMK2,Cc1ccc2oc(C(=O)N3CC4OCCN(C)C4C3)cc2n1,10.00,moderate,12257,787.47,GAFF2+ff14SB,TIP3P,2026-05-28,compound,
ROCK2,CN1CC(NC(=O)NC2CCc3ccc(F)cc32)CCC1=O,10.00,moderate,12604,734.14,GAFF2+ff14SB,TIP3P,2026-05-28,compound,
LIMK2,CC(C)c1ncc(Cl)c(C(=O)NCc2nc(C(F)(F)F)n[nH]2)n1,10.00,stable,11578,542.99,GAFF2+ff14SB,TIP3P,2026-05-28,compound,
RIPK3,O=Cc1ccc(C#CC2(O)CCCCC2)cc1,10.00,moderate,14265,406.31,GAFF2+ff14SB,TIP3P,2026-05-28,compound,
ROCK1,O=C(N[C@H]1CCO[C@@H]1c1cccnc1)c1n[nH]c2c1CCC2,10.00,stable,19924,696.92,GAFF2+ff14SB,TIP3P,2026-05-28,compound,
LIMK2,COC=1C=CC(=CN1)CNC(=O)C(C)NC(=O)C=2C=CC=CC2,10.00,stable,12318,755.72,GAFF2+ff14SB,TIP3P,2026-05-28,compound,
ROCK2,CC(C(=O)N1CCOc2c(Cl)cccc21)n1cncn1,10.00,stable,53672,338.23,GAFF2+ff14SB,TIP3P,2026-05-28,compound,
RIPK3,O=C(c1cnn(C2CC2)c1)N1CCC(c2cccnc2)C1,10.00,stable,15908,1051.21,GAFF2+ff14SB,TIP3P,2026-05-28,compound,
ROCK1,C1=C2CCCN[C@@H]2[C@@H]2C[C@H]1[C@H]1CCCCN1C2,10.00,moderate,50843,439.01,GAFF2+ff14SB,TIP3P,2026-05-28,compound,
NFE2L2,O=C(Nc1cc(C(F)(F)F)ccn1)C1CCCc2[nH]ncc21,10.00,stable,12717,621.47,GAFF2+ff14SB,TIP3P,2026-05-28,compound,
LIMK2,Cc1ccn(-c2ccc(N3CC4CC4(CO)C3)nn2)n1,10.00,stable,10995,470.74,GAFF2+ff14SB,TIP3P,2026-05-28,compound,
ROCK2,O=C(C1CCOCC1)N1CCC(c2nc3ccccc3o2)CC1,10.00,stable,9419,792.73,GAFF2+ff14SB,TIP3P,2026-05-28,compound,
ROCK1,CCc1ccc(-c2nnn(CC(=O)N3CCNC3=O)n2)cc1,10.00,moderate,53183,345.70,GAFF2+ff14SB,TIP3P,2026-05-28,compound,
ROCK1,O=C(Cn1cnc(C2CCC2)cc1=O)NCc1ccccc1,10.00,stable,28298,510.76,GAFF2+ff14SB,TIP3P,2026-05-28,compound,
ROCK2,N#Cc1ccnc(Oc2ccc(F)cc2F)c1,10.00,stable,31838,487.97,GAFF2+ff14SB,TIP3P,2026-05-28,compound,
ROCK2,CC1(C)Cc2c(cccc2C(F)(F)F)C=[N+]1[O-],10.00,moderate,34931,467.40,GAFF2+ff14SB,TIP3P,2026-05-28,compound,
ROCK1,CC1c2nnc(C3CCCC3)n2CCN1C(=O)Cn1cccn1,10.00,moderate,15030,728.66,GAFF2+ff14SB,TIP3P,2026-05-28,compound,
LIMK2,Nc1nnnn1C(=O)c1cn(-c2ccccc2O)cn1,10.00,stable,14506,600.94,GAFF2+ff14SB,TIP3P,2026-05-28,compound,
RIPK3,CN(C(=O)N[C@H]1CCCN(S(C)(=O)=O)C1)c1cnc2[nH]ccc2n1,10.00,stable,12441,490.65,GAFF2+ff14SB,TIP3P,2026-05-28,compound,
RIPK3,Cc1ccc(C(=O)NCC(F)(F)F)cc1NC(=O)c1cncs1,10.00,moderate,13206,575.05,GAFF2+ff14SB,TIP3P,2026-05-28,compound,
ROCK2,O=C(CC1CCCOC1)N1CCc2c1cccc2C(F)(F)F,10.00,moderate,80812,235.08,GAFF2+ff14SB,TIP3P,2026-05-28,compound,
ROCK1,COc1cc2nc(CN3CCN(C(C)=O)CC3)[nH]c(=O)c2cc1OC,10.00,stable,57566,376.58,GAFF2+ff14SB,TIP3P,2026-05-28,compound,
RIPK3,Cc1ccccc1C(=O)NCC(=O)NC(C)(C)C,10.00,moderate,13182,693.69,GAFF2+ff14SB,TIP3P,2026-05-28,compound,
ROCK1,Cc1ccccc1C(=O)n1c(=O)c(F)cn(C(=O)C(C)C)c1=O,10.00,moderate,17900,666.49,GAFF2+ff14SB,TIP3P,2026-05-28,compound,
ROCK2,CN(C(=O)c1c(O)c2ccccc2n(C)c1=O)c1ccnnc1,10.00,stable,53118,331.24,GAFF2+ff14SB,TIP3P,2026-05-28,compound,
ROCK1,COC1CCC(NC(=O)NCc2ccc3ncccc3c2)C1,10.00,moderate,30052,403.11,GAFF2+ff14SB,TIP3P,2026-05-28,compound,
LIMK2,O=C(NO)c1cnc(NC2(c3cccs3)CCOCC2)nc1,10.00,stable,16487,568.93,GAFF2+ff14SB,TIP3P,2026-05-28,compound,
RIPK3,CC1CCN(C(=O)[C@@H]2CC=CC[C@H]2C(=O)O)CC1,10.00,stable,13457,581.91,GAFF2+ff14SB,TIP3P,2026-05-28,compound,
LIMK2,CN(NC(=O)c1ccccc1)C(=O)c1ccccc1,10.00,stable,11653,822.99,GAFF2+ff14SB,TIP3P,2026-05-28,compound,
ROCK1,O=C(COCCNC(=O)c1cc(-c2ccccc2)on1)NO,10.00,stable,30926,502.57,GAFF2+ff14SB,TIP3P,2026-05-28,compound,
LIMK2,CNC1CCN(C(=O)c2ccc(Sc3ccccc3Cl)nn2)C1,10.00,stable,13955,470.05,GAFF2+ff14SB,TIP3P,2026-05-28,compound,
RIPK3,Cc1ncc(C(=O)NCC2CCc3nccn3C2)c(C)n1,10.00,stable,13101,604.01,GAFF2+ff14SB,TIP3P,2026-05-28,compound,
LIMK2,CC1(C)N=C(N)N=C(N)N1c1cccc([N+](=O)[O-])c1,10.00,stable,13745,543.13,GAFF2+ff14SB,TIP3P,2026-05-28,compound,
ROCK2,Cc1nn(-c2cccc(F)c2)cc1C(=O)NC1CCOC1C,10.00,stable,30224,630.10,GAFF2+ff14SB,TIP3P,2026-05-28,compound,
ROCK2,Cc1cnc(NCCc2ccccc2)c(=O)n1CC(=O)NCc1cnc(N)cn1,10.00,stable,15341,552.85,GAFF2+ff14SB,TIP3P,2026-05-28,compound,
LIMK2,O=C(Nc1cccnc1N1CCOCC1)N1CCC(F)(F)C1,10.00,stable,10566,813.19,GAFF2+ff14SB,TIP3P,2026-05-28,compound,
ROCK2,Cc1cc[nH]c1C(=O)N1CCOC2(CCS(=O)(=NC(=O)C(C)(C)F)CC,10.00,moderate,10598,739.69,GAFF2+ff14SB,TIP3P,2026-05-28,compound,
ROCK2,CCc1c[nH]c2ncnc(N3CCC(CO)(CO)CC3)c12,10.00,stable,24391,589.29,GAFF2+ff14SB,TIP3P,2026-05-28,compound,
RIPK3,O=C1c2ccccc2C(=O)N1[C@@H]1CCCNC1,10.00,moderate,15021,545.97,GAFF2+ff14SB,TIP3P,2026-05-28,compound,
LIMK2,O=C(Cc1cccs1)NN1C(=O)C2C(C1=O)C1C=CC2C12CC2,10.00,stable,11823,672.44,GAFF2+ff14SB,TIP3P,2026-05-28,compound,
RIPK3,N#CCCOC1(C(F)(F)F)OC(=O)Nc2ccc(Cl)cc21,10.00,stable,11083,696.66,GAFF2+ff14SB,TIP3P,2026-05-28,compound,
LIMK2,O=C(Nc1ccc(Cl)nc1)c1ccc(F)cc1,10.00,stable,13750,526.34,GAFF2+ff14SB,TIP3P,2026-05-28,compound,
RIPK3,Cc1noc(C)c1C(=O)Nc1cccc(F)c1,10.00,stable,14357,633.43,GAFF2+ff14SB,TIP3P,2026-05-28,compound,
ROCK1,Cc1c(O)n(Cc2cccs2)c2nc3c(n2c1=O)C(=O)N(C)CN3C,10.00,stable,20264,782.08,GAFF2+ff14SB,TIP3P,2026-05-28,compound,
ROCK2,CN1CC[C@H](NC(=O)c2cc(F)ccc2O)C1=O,10.00,moderate,14342,838.21,GAFF2+ff14SB,TIP3P,2026-05-28,compound,
LIMK2,O=Cc1ccc(C(=O)Nc2ccccc2)cc1,10.00,stable,11737,759.58,GAFF2+ff14SB,TIP3P,2026-05-28,compound,
LIMK2,Cc1cccn2c(=O)cc(N3CCOC(C4CC4)C3)nc12,10.00,moderate,13736,904.01,GAFF2+ff14SB,TIP3P,2026-05-28,compound,
ROCK1,N#Cc1cccc(OCCN2CCCCC2C(=O)N2CCOCC2)c1,10.00,stable,34113,447.87,GAFF2+ff14SB,TIP3P,2026-05-28,compound,
RIPK3,NCc1ccc(-c2ccccc2C(N)=O)cc1,10.00,moderate,13380,627.94,GAFF2+ff14SB,TIP3P,2026-05-28,compound,
ROCK2,CCc1occc1C(=O)NC1CCN(C(=O)CCOC)CC1,10.00,moderate,19740,627.69,GAFF2+ff14SB,TIP3P,2026-05-28,compound,
ROCK2,CNC(=O)C(=O)Nc1ccc2cc[nH]c2c1,10.00,moderate,80011,221.81,GAFF2+ff14SB,TIP3P,2026-05-28,compound,
ROCK2,O=C1CCC(c2ccc(NC(=O)C3CC34CCNC4)cc2)=NN1,10.00,stable,17397,906.92,GAFF2+ff14SB,TIP3P,2026-05-28,compound,
RIPK3,Cc1cc(C)nc(N2CCCC2C2COCCC2(C)O)n1,10.00,stable,17637,596.55,GAFF2+ff14SB,TIP3P,2026-05-28,compound,
LIMK2,Cc1nc(-c2ccccc2)oc1C(=O)N1CCOC(CN(C)C)C1,10.00,stable,17802,682.19,GAFF2+ff14SB,TIP3P,2026-05-28,compound,
ROCK2,O=[N+]([O-])[C@]12c3ccccc3N[C@H]1N1C=CO[C@@H]12,10.00,moderate,17609,1004.69,GAFF2+ff14SB,TIP3P,2026-05-28,compound,
ROCK1,COC1CCC2OCCN(C(=O)N3CCc4ccccc43)C2C1,10.00,moderate,11509,627.71,GAFF2+ff14SB,TIP3P,2026-05-28,compound,
ROCK2,CC1(C)CC(=O)C(C(=O)C2CON(S(=O)c3ccccn3)OC2)C(=O)C1,10.00,moderate,17931,557.04,GAFF2+ff14SB,TIP3P,2026-05-28,compound,
LIMK2,N#CCC(=O)N1CCC(Cn2nc(Cl)c3c(N)ncnc32)CC1,10.00,stable,12893,838.65,GAFF2+ff14SB,TIP3P,2026-05-28,compound,
LIMK2,Cc1cc(C(=O)N2CCC(OCc3ccccc3)CC2)n(C)n1,10.00,stable,12131,626.05,GAFF2+ff14SB,TIP3P,2026-05-28,compound,
ROCK2,O=S(=O)(N[C@H]1CCC[C@@H](O)C1)c1cccc(F)c1,10.00,moderate,25841,565.72,GAFF2+ff14SB,TIP3P,2026-05-28,compound,
ROCK2,CC(C(=O)N1CCCC1c1cnn(C)c1)n1c(=O)oc2ccccc21,10.00,moderate,50458,418.13,GAFF2+ff14SB,TIP3P,2026-05-28,compound,
RIPK3,N#CC1CCN(C(=O)c2cccc(F)c2)CC1,10.00,moderate,14157,523.36,GAFF2+ff14SB,TIP3P,2026-05-28,compound,
NFE2L2,Cc1ccc2nnc(CNC(=O)c3ccc4c(c3)C(C)(C)C(=O)N4)n2c1,10.00,stable,13640,544.28,GAFF2+ff14SB,TIP3P,2026-05-28,compound,
ROCK2,Cc1c(CCC(=O)NCc2ccoc2)c(=O)[nH]c2c1c(=O)[nH]n2C,10.00,moderate,30044,371.34,GAFF2+ff14SB,TIP3P,2026-05-28,compound,
LIMK1,COC=1C=CC(=CC1OC)C(=O)N2CCC(CC2)NC(=O)C=3C=CN=NC3,10.00,stable,12192,577.46,GAFF2+ff14SB,TIP3P,2026-05-28,compound,
ROCK2,[H]N(C)C(=O)c1ccc(NC(=O)Cn2nnnc2-c2ccccc2F)cc1,10.00,moderate,13111,664.38,GAFF2+ff14SB,TIP3P,2026-05-28,compound,
LIMK2,O=C(c1cnnn1-c1c(Cl)cccc1Cl)N1CCN2CCOCC2C1,10.00,stable,10749,826.90,GAFF2+ff14SB,TIP3P,2026-05-28,compound,
ROCK2,CC1(C)CC(NC(=O)c2cnc3ccccc3c2)CCO1,10.00,moderate,50202,357.51,GAFF2+ff14SB,TIP3P,2026-05-28,compound,
ROCK2,Cc1ccccc1NC(=O)C1CC(F)(F)C1,10.00,moderate,35803,438.02,GAFF2+ff14SB,TIP3P,2026-05-28,compound,
LIMK2,Cc1ccc(NC(=O)NCC2CCCN(CCC(=O)O)C2)cc1,10.00,stable,13303,500.37,GAFF2+ff14SB,TIP3P,2026-05-28,compound,
LIMK2,C[C@@H](NS(=O)(=O)c1ccccc1)C(=O)NC1CC1,10.00,stable,11439,739.46,GAFF2+ff14SB,TIP3P,2026-05-28,compound,
ROCK2,Cc1cnc(C(=O)N2CCC(Nc3ccc(C)nn3)CC2)cn1,10.00,stable,10449,958.88,GAFF2+ff14SB,TIP3P,2026-05-28,compound,
ROCK2,Cc1cc(F)cc(C(=O)N2CCOC[C@H]2C#N)c1,10.00,moderate,20057,557.03,GAFF2+ff14SB,TIP3P,2026-05-28,compound,
ROCK2,O=C(c1ccncn1)N1CCN(C(=O)c2cc3ccccc3[nH]2)CC1,10.00,moderate,113300,221.06,GAFF2+ff14SB,TIP3P,2026-05-28,compound,
ROCK2,O=C(NC1CC12CCCCC2)N1CCn2c(cnc2C(F)(F)F)C1,10.00,stable,15711,469.88,GAFF2+ff14SB,TIP3P,2026-05-28,compound,
ROCK2,O=C1C[C@@H](Cc2ccc(F)cc2)C(=O)N1,10.00,moderate,39809,390.78,GAFF2+ff14SB,TIP3P,2026-05-28,compound,
ROCK1,CNC(=S)NCc1nc(-c2ccc(C)cc2)no1,10.00,stable,12255,789.94,GAFF2+ff14SB,TIP3P,2026-05-28,compound,
LIMK2,O=C(NCC1CCSC1)c1ccc(F)c(F)c1F,10.00,stable,13307,568.44,GAFF2+ff14SB,TIP3P,2026-05-28,compound,
RIPK3,CC1CC1N1CC(NC(=O)N2CCCC2C2CCCO2)CC1=O,10.00,stable,12817,687.81,GAFF2+ff14SB,TIP3P,2026-05-28,compound,
ROCK2,Cc1nnc(CN2CCc3c(F)cc(F)cc32)n1C1CC1,10.00,stable,11913,659.93,GAFF2+ff14SB,TIP3P,2026-05-28,compound,
ROCK2,Cc1cn2c(n1)CCC(NC(=O)C1CCOc3ccccc31)C2,10.00,stable,13172,571.27,GAFF2+ff14SB,TIP3P,2026-05-28,compound,
RIPK3,Cc1nc(N2CCOCC2)sc1-c1nnc2n1CCCC2,10.00,stable,15357,539.73,GAFF2+ff14SB,TIP3P,2026-05-28,compound,
RIPK3,CCN1CCN(c2cc3c(cc2F)c(=O)c(C(=O)O)cn3CC)OC1,10.00,moderate,11352,863.89,GAFF2+ff14SB,TIP3P,2026-05-28,compound,
RIPK3,COC1CCCCC1NC(=O)N1CCN(c2ncccc2F)CC1,10.00,moderate,18901,602.05,GAFF2+ff14SB,TIP3P,2026-05-28,compound,
RIPK3,CN1C(=O)CC(P(=O)(c2ccccc2)c2cccs2)N(C)C1=O,10.00,stable,17378,738.96,GAFF2+ff14SB,TIP3P,2026-05-28,compound,
RIPK3,CC(C)(CO)N1CCN(C(=O)c2ccnc3c(C(N)=O)cnn23)CC1,10.00,moderate,14026,604.01,GAFF2+ff14SB,TIP3P,2026-05-28,compound,
ROCK1,CCC1CCc2c(c3ccccc3[nH]c2=O)O1,10.00,stable,42576,390.53,GAFF2+ff14SB,TIP3P,2026-05-28,compound,
LIMK2,CNC(=O)c1noc(C(=O)c2ccccc2)c1N,10.00,stable,10901,981.41,GAFF2+ff14SB,TIP3P,2026-05-28,compound,
ROCK1,O[C@@]1(C#Cc2ccccc2)Cc2ccccc21,10.00,stable,23058,453.61,GAFF2+ff14SB,TIP3P,2026-05-28,compound,
LIMK2,Cc1nc(NC2=NCC(=O)N2)nc2ccccc12,10.00,stable,13407,582.56,GAFF2+ff14SB,TIP3P,2026-05-28,compound,
ROCK2,CCn1cc(NC(=O)c2ccc(C)c(-c3cnn(C)c3)c2)nn1,10.00,stable,15880,486.28,GAFF2+ff14SB,TIP3P,2026-05-28,compound,
RIPK3,CS(=O)(=O)N1CCC[C@@H]1CNC(=O)Cc1c[nH]c2ncccc12,10.00,stable,13441,610.96,GAFF2+ff14SB,TIP3P,2026-05-28,compound,
ROCK1,O=C(NC1(c2ccccc2)CCC1)C1COCCO1,10.00,stable,15245,303.25,GAFF2+ff14SB,TIP3P,2026-05-28,compound,
ROCK2,Cc1cc(=O)c(C(=O)N2C[C@@]3(C)CN(C(=O)C4CC4)C[C@@]3(,10.00,moderate,13099,592.91,GAFF2+ff14SB,TIP3P,2026-05-28,compound,
RIPK3,O=C(CN1CCS(=O)(=O)CC1)Nc1ccn(Cc2ccccn2)n1,10.00,stable,13107,546.15,GAFF2+ff14SB,TIP3P,2026-05-28,compound,
LIMK2,COCC1CN(C(=O)c2cc(C)nc(C(F)(F)F)n2)CC(C)(C)O1,10.00,moderate,14010,784.36,GAFF2+ff14SB,TIP3P,2026-05-28,compound,
LIMK2,Cc1c(C(=S)NC(=O)C2CC2)c(=O)n(-c2ccccc2)n1C,10.00,moderate,12588,639.49,GAFF2+ff14SB,TIP3P,2026-05-28,compound,
ROCK2,COc1ccc2c(c1)CCC1C2CCC(=O)N1C,10.00,stable,61313,394.27,GAFF2+ff14SB,TIP3P,2026-05-28,compound,
ROCK2,CC1Nc2ccccc2C1C(=O)NCc1cccnc1,10.00,stable,24512,431.71,GAFF2+ff14SB,TIP3P,2026-05-28,compound,
ROCK2,Cc1nc2nc(N)nn2c(C)c1CC(=O)NCc1ccc2c(c1)OCCO2,10.00,moderate,33938,437.56,GAFF2+ff14SB,TIP3P,2026-05-28,compound,
ROCK2,O=C(N[C@H]1C[C@H](c2ccccc2Cl)C1)C1CCOCC1,10.00,moderate,20391,506.81,GAFF2+ff14SB,TIP3P,2026-05-28,compound,
ROCK2,CNC(=O)c1c(-c2ccccc2)nn(C)c1Cl,10.00,moderate,28914,459.10,GAFF2+ff14SB,TIP3P,2026-05-28,compound,
RIPK3,COc1ccc(CC(=O)N2CCC[C@H]3C[C@]32C(N)=O)cc1,10.00,moderate,13459,476.91,GAFF2+ff14SB,TIP3P,2026-05-28,compound,
RIPK3,C[C@H](NC(=O)[C@@H]1CCC(=O)N1)c1ccccc1Cl,10.00,moderate,14824,838.65,GAFF2+ff14SB,TIP3P,2026-05-28,compound,
RIPK3,O=C(O)C1CCN(c2ncnc3c2CCC3)CC1,10.00,moderate,15389,582.90,GAFF2+ff14SB,TIP3P,2026-05-28,compound,
RIPK3,COc1ncccc1-c1ccc([C@H](C)O)cc1,10.00,moderate,12500,602.70,GAFF2+ff14SB,TIP3P,2026-05-28,compound,
ROCK1,Cc1cc(C(=O)N2CCC(c3nnc4n3CCC4)CC2)n[nH]1,10.00,moderate,34370,445.85,GAFF2+ff14SB,TIP3P,2026-05-28,compound,
LIMK2,Cc1ccc(NCC(=O)N2CCNC2=O)cc1F,10.00,moderate,11401,968.75,GAFF2+ff14SB,TIP3P,2026-05-28,compound,
LIMK2,Nc1ccc2c(c1)[C@]1(CCC2)NC(=O)NC1=O,10.00,stable,14063,865.29,GAFF2+ff14SB,TIP3P,2026-05-28,compound,
ROCK2,CO[C@H]1C[C@@H](C(N)=O)N(C(=O)c2cnn(-c3ccccc3F)c2C,10.00,stable,34261,435.74,GAFF2+ff14SB,TIP3P,2026-05-28,compound,
LIMK2,Cc1nc(C(=O)N2CCC(C(F)(F)F)C3(CCC3)C2)c(C)[nH]1,10.00,moderate,13365,537.96,GAFF2+ff14SB,TIP3P,2026-05-28,compound,
LIMK2,NC(=O)[C@H]1CC(=O)N(c2ccc(Br)cc2F)C1,10.00,moderate,13033,627.27,GAFF2+ff14SB,TIP3P,2026-05-28,compound,
ROCK2,N#C[C@H](c1ccc(Cl)cc1)c1ccccn1,10.00,stable,56002,286.15,GAFF2+ff14SB,TIP3P,2026-05-28,compound,
RIPK3,Cc1cccc(NC(=O)[C@H]2CC[C@H](C(=O)O)C2)n1,10.00,stable,14977,575.72,GAFF2+ff14SB,TIP3P,2026-05-28,compound,
RIPK3,O=C(c1ncc(F)cc1F)N1CCC[C@H]1Cn1cc(C2CC2)nn1,10.00,moderate,13463,562.97,GAFF2+ff14SB,TIP3P,2026-05-28,compound,
ROCK2,CNC(=O)Nc1ccc(-c2ncc3c(n2)N2CCOCC2CO3)cc1,10.00,stable,110584,229.79,GAFF2+ff14SB,TIP3P,2026-05-28,compound,
ROCK1,Cn1c(=O)c2cc(Cl)ccc2n2cnc(CCl)c12,10.00,moderate,39467,440.30,GAFF2+ff14SB,TIP3P,2026-05-28,compound,
RIPK3,O=C(Nc1ccccc1F)NC1(C(F)(F)F)CCC1,10.00,moderate,14179,880.36,GAFF2+ff14SB,TIP3P,2026-05-28,compound,
RIPK3,C=CC(=O)N1CCC(c2noc(-c3ccccc3OC)n2)CC1,10.00,stable,13063,549.81,GAFF2+ff14SB,TIP3P,2026-05-28,compound,
LIMK2,Cc1ccnn1-c1ccc(C(=O)N2CCCC2c2cnn(C)c2)cc1,10.00,stable,12425,490.23,GAFF2+ff14SB,TIP3P,2026-05-28,compound,
ROCK2,CCC(=O)[C@@H](c1ccccc1)c1ccccn1,10.00,stable,11039,614.16,GAFF2+ff14SB,TIP3P,2026-05-28,compound,
LIMK2,Cc1[nH]c(-c2ccccc2)nc1C(=O)N1CCOCC1CCO,10.00,stable,15361,572.17,GAFF2+ff14SB,TIP3P,2026-05-28,compound,
LIMK2,Cc1nc2cnc3[nH]ccc3c2n1[C@H]1CC[C@@H](O)C1,10.00,stable,15002,850.13,GAFF2+ff14SB,TIP3P,2026-05-28,compound,
LIMK2,Nc1ncccc1OCC(=O)Nc1ccccc1,10.00,stable,11447,520.83,GAFF2+ff14SB,TIP3P,2026-05-28,compound,
LIMK2,Cn1ccnc1C1CCCN(C(=O)c2ncccc2C(F)(F)F)C1,10.00,stable,13134,793.91,GAFF2+ff14SB,TIP3P,2026-05-28,compound,
ROCK2,CC1(NC(=O)Cc2cc(Cl)c3c(c2)OCCO3)CCOCC1,10.00,moderate,23064,584.67,GAFF2+ff14SB,TIP3P,2026-05-28,compound,
ROCK1,COc1cccc2cc(C(=O)N3CC(O)CC3(C)CO)oc12,10.00,moderate,37308,421.96,GAFF2+ff14SB,TIP3P,2026-05-28,compound,
LIMK2,CCNC(=O)[C@@H]1CC(=O)N(c2cccc(C)c2)C1,10.00,stable,11301,959.55,GAFF2+ff14SB,TIP3P,2026-05-28,compound,
NFE2L2,O=C(c1ccc2nncn2c1)N1CCC(=Cc2ccccc2)CC1,10.00,moderate,13438,600.03,GAFF2+ff14SB,TIP3P,2026-05-28,compound,
ROCK2,NC1=C(Cl)C(=O)c2ccc(S(N)(=O)=O)cc2C1=O,10.00,stable,27748,674.09,GAFF2+ff14SB,TIP3P,2026-05-28,compound,
ROCK1,CN1C(=O)CCC2c3ccc(Cl)cc3CCC21,10.00,moderate,27209,471.57,GAFF2+ff14SB,TIP3P,2026-05-28,compound,
LIMK2,O=C1C(=O)c2cccnc2-c2ccccc21,10.00,stable,15217,591.06,GAFF2+ff14SB,TIP3P,2026-05-28,compound,
ROCK2,CC(C)(C)NC(=O)CCc1nc2ccccc2c(=O)[nH]1,10.00,moderate,31209,435.19,GAFF2+ff14SB,TIP3P,2026-05-28,compound,
RIPK3,Nc1ncnc2ncc(-c3cccnc3)nc12,10.00,moderate,16480,854.92,GAFF2+ff14SB,TIP3P,2026-05-28,compound,
LIMK2,Cn1cc(-c2ccc(NC(=O)N3CCN4CCC3C4)nn2)cn1,10.00,stable,11700,608.55,GAFF2+ff14SB,TIP3P,2026-05-28,compound,
LIMK2,O=C(C1CCCc2cc(-c3nn[nH]n3)ccc21)N1CCCC(N2CCCC2)CC1,10.00,stable,12782,803.29,GAFF2+ff14SB,TIP3P,2026-05-28,compound,
ROCK2,CN1CCOC2CCN(C(=O)c3ccncc3C(F)(F)F)CC21,10.00,stable,27669,736.61,GAFF2+ff14SB,TIP3P,2026-05-28,compound,
ROCK2,NC(=O)CCN(C(=O)[C@@H]1C[C@H]1C1CCOCC1)c1ccc(F)cc1,10.00,moderate,34349,737.24,GAFF2+ff14SB,TIP3P,2026-05-28,compound,
RIPK3,COc1cc(C2=NOC(C(=O)NCc3ccco3)C2)cc(O)c1OC,10.00,stable,14732,555.64,GAFF2+ff14SB,TIP3P,2026-05-28,compound,
LIMK2,O=C(Nc1nc(C2CC(F)(F)C2)cs1)[C@H]1CCN(C(=O)CCl)C1,10.00,stable,14219,586.33,GAFF2+ff14SB,TIP3P,2026-05-28,compound,
RIPK3,Cc1nc(-c2ccccc2)ncc1C(=O)N1CCCCC1CCO,10.00,stable,14005,823.01,GAFF2+ff14SB,TIP3P,2026-05-28,compound,
RIPK3,Cc1onc(-c2ccncc2)c1C(=O)NC1COC(C)(C)C1,10.00,stable,14336,470.78,GAFF2+ff14SB,TIP3P,2026-05-28,compound,
LIMK2,CCNC(=O)C1CCCN(c2c(F)cc(C#N)cc2F)C1,10.00,stable,12267,895.88,GAFF2+ff14SB,TIP3P,2026-05-28,compound,
LIMK2,OCc1cccnc1-c1nc2ccccc2s1,10.00,moderate,14613,903.68,GAFF2+ff14SB,TIP3P,2026-05-28,compound,
LIMK2,C=CC(=O)N(C)CC(=O)Nc1ccc2c(c1)N(CC(=O)NC)CC2,10.00,stable,12640,644.82,GAFF2+ff14SB,TIP3P,2026-05-28,compound,
RIPK3,NC(=O)C(c1ccccc1)N1CCC(c2cn[nH]c2)CC1,10.00,stable,15270,643.71,GAFF2+ff14SB,TIP3P,2026-05-28,compound,
MICU1,CCC(=O)N1CCc2cc(S(=O)(=O)NC)ccc21,10.00,moderate,17523,1099.86,GAFF2+ff14SB,TIP3P,2026-05-28,compound,
LIMK2,O=C(/C=C/c1cnc2ccccc2c1)NO,10.00,stable,14334,599.61,GAFF2+ff14SB,TIP3P,2026-05-27,compound,
LIMK2,COc1cccc(/C=C/c2nc3c(c(=O)n(C)c(=O)n3C)n2C)c1OC,10.00,stable,10258,777.93,GAFF2+ff14SB,TIP3P,2026-05-27,compound,
RIPK3,Cc1ccc(C(=O)N2CCN(C(=O)CCCC(N)=O)CC2)cc1Cl,10.00,stable,14044,627.61,GAFF2+ff14SB,TIP3P,2026-05-27,compound,
ROCK1,Cn1ncc2c(=O)n(CC(=O)N3CCCC3C3CCCC3)cnc21,10.00,moderate,14989,613.67,GAFF2+ff14SB,TIP3P,2026-05-27,compound,
RIPK3,Cc1nc2c3ccccc3nn2c(C)c1CCC(=O)O,10.00,stable,12281,714.86,GAFF2+ff14SB,TIP3P,2026-05-27,compound,
ROCK2,Cc1nc(CC(=O)Nc2ccccc2Br)cs1,10.00,stable,13410,573.21,GAFF2+ff14SB,TIP3P,2026-05-27,compound,
ROCK1,O=C(CC1CCCOC1)N1CCc2c1cccc2C(F)(F)F,10.00,stable,44388,346.72,GAFF2+ff14SB,TIP3P,2026-05-27,compound,
ROCK2,Cc1csc(=O)n1CC(=O)N1CCC(N(C(=O)Cn2c(C)csc2=O)C2CC2,10.00,stable,51815,303.52,GAFF2+ff14SB,TIP3P,2026-05-27,compound,
ROCK2,O=C(c1ccc2ccccc2n1)N1CCC(C(O)C(F)(F)F)CC1,10.00,stable,14994,612.70,GAFF2+ff14SB,TIP3P,2026-05-27,compound,
ROCK2,Cc1ccn2cc(C(=O)NC(C)c3ccc(S(C)(=O)=O)cc3)nc2c1,10.00,stable,104642,168.68,GAFF2+ff14SB,TIP3P,2026-05-27,compound,
ROCK2,CC1(C)C(=O)NCCN1C(=O)c1nccc2ccccc12,10.00,moderate,12780,603.20,GAFF2+ff14SB,TIP3P,2026-05-27,compound,
ROCK2,NC(=O)c1ccc(NC(=O)CN2CCN(c3ccc([N+](=O)[O-])cc3)CC,10.00,moderate,15380,575.90,GAFF2+ff14SB,TIP3P,2026-05-27,compound,
RIPK3,O=C(O)[C@H]1C[C@H]1C(=O)N1Cc2ccccc2C1,10.00,stable,15173,846.71,GAFF2+ff14SB,TIP3P,2026-05-27,compound,
ROCK2,N#Cc1ccc(=O)n(Cc2ccccc2F)c1,10.00,stable,62814,396.31,GAFF2+ff14SB,TIP3P,2026-05-27,compound,
RIPK3,Cc1cnc(C(=O)NCC2CCCN2c2cccnn2)cn1,10.00,moderate,14605,558.38,GAFF2+ff14SB,TIP3P,2026-05-27,compound,
LIMK2,O=C(NCc1nc2cc(F)ccc2[nH]1)c1cn2ccncc2n1,10.00,stable,14296,653.51,GAFF2+ff14SB,TIP3P,2026-05-27,compound,
LIMK2,Cc1c(C(=O)NC2CCC3(CC2)CCN(C)CC3)cnn1C1CCOCC1,10.00,stable,14458,552.54,GAFF2+ff14SB,TIP3P,2026-05-27,compound,
LIMK2,CN(C)C(=O)CN1C2CCC1CC(Nc1cccc(F)c1C(N)=O)C2,10.00,stable,12202,861.68,GAFF2+ff14SB,TIP3P,2026-05-27,compound,
RIPK3,Cc1cc(N2CC(C(F)(F)F)OC(C)(C)C2)n2ncnc2n1,10.00,stable,13988,655.58,GAFF2+ff14SB,TIP3P,2026-05-27,compound,
LIMK2,CCS(=O)(=O)Nc1cccc(-c2ccc3nnc(C)n3n2)c1,10.00,moderate,12979,688.73,GAFF2+ff14SB,TIP3P,2026-05-27,compound,
LIMK2,CC1CC(C)CN(C(=O)Cn2nc(C(F)F)cc2C(F)F)C1,10.00,stable,12941,575.00,GAFF2+ff14SB,TIP3P,2026-05-27,compound,
ROCK1,COC(=O)N[C@@H]1Cc2cccc3cccc1c23,10.00,stable,12819,923.01,GAFF2+ff14SB,TIP3P,2026-05-27,compound,
LIMK2,CC1CN(c2ccc(CNC(=O)c3cc(C(C)C)[nH]n3)cn2)CC(C)O1,10.00,stable,12165,810.13,GAFF2+ff14SB,TIP3P,2026-05-27,compound,
RIPK3,CC(C)c1nnc2n1CCN(C(=O)Cn1nnc3ccccc31)C2C,10.00,moderate,14041,627.22,GAFF2+ff14SB,TIP3P,2026-05-27,compound,
ROCK1,Cc1cc(N2CCC(Nc3ccc4c(c3)CC(=O)N4C)C2=O)n(C)n1,10.00,moderate,29178,464.45,GAFF2+ff14SB,TIP3P,2026-05-27,compound,
RIPK3,O=C(Cn1cnc(C2CCC2)cc1=O)Nc1ccccc1F,10.00,stable,12149,618.51,GAFF2+ff14SB,TIP3P,2026-05-27,compound,
ROCK2,C=C1CC2(CC3CC4(CC(=C)C(=O)O4)CC3C2)OC1=O,10.00,stable,20086,701.99,GAFF2+ff14SB,TIP3P,2026-05-27,compound,
RIPK3,Cc1cc(C(=O)NC2CC(F)C2)c2ncccc2c1,10.00,moderate,14915,840.60,GAFF2+ff14SB,TIP3P,2026-05-27,compound,
ROCK2,O=C(Cc1cccc(C(F)(F)F)n1)N1CCOC2(CCCOC2)C1,10.00,moderate,13367,618.35,GAFF2+ff14SB,TIP3P,2026-05-27,compound,
ROCK2,NC(=O)c1cc2cc([N+](=O)[O-])ccc2oc1=O,10.00,moderate,88404,306.40,GAFF2+ff14SB,TIP3P,2026-05-27,compound,
LIMK2,O=C(NCc1ccc(Cn2cncn2)cc1)c1cccnc1OCC(F)(F)F,10.00,stable,11883,664.38,GAFF2+ff14SB,TIP3P,2026-05-27,compound,
LIMK2,O=C(c1ncnc2[nH]ccc12)N1CCC(n2cc(Cl)cn2)C1,10.00,stable,11987,819.87,GAFF2+ff14SB,TIP3P,2026-05-27,compound,
LIMK2,Fc1ccc(-c2cn3c(n2)CCCC3)cc1,10.00,stable,15075,576.37,GAFF2+ff14SB,TIP3P,2026-05-27,compound,
LIMK2,O=C(Nc1ccc(I)cc1F)c1cccnc1,10.00,stable,12535,730.72,GAFF2+ff14SB,TIP3P,2026-05-27,compound,
ROCK2,Cc1cc(CS[C@H]2CCNC2=O)ccc1Br,10.00,moderate,102684,159.96,GAFF2+ff14SB,TIP3P,2026-05-27,compound,
LIMK2,CC(=O)Nc1ccc2c3c(cccc13)C(=O)N2,10.00,stable,12538,663.66,GAFF2+ff14SB,TIP3P,2026-05-27,compound,
ROCK2,NC(=O)c1ccc(=O)n(CC=Cc2ccccc2)n1,10.00,stable,12808,633.64,GAFF2+ff14SB,TIP3P,2026-05-27,compound,
ROCK1,CNC(=O)c1ccc(N2CCCC(c3ncc(C(F)(F)F)[nH]3)C2)nn1,10.00,stable,13924,592.22,GAFF2+ff14SB,TIP3P,2026-05-27,compound,
ROCK1,NC(=O)C(NC(=O)c1cnc2ccccn12)c1ccc(F)cc1,10.00,stable,20320,931.05,GAFF2+ff14SB,TIP3P,2026-05-27,compound,
ROCK2,Cn1ncc2c(=O)[nH]c(CN(Cc3ccco3)C3CC3)nc21,10.00,moderate,27559,620.39,GAFF2+ff14SB,TIP3P,2026-05-27,compound,
LIMK2,O=C(NCC1CCC1)c1cccc(CN2C(=O)CNC2=O)c1,10.00,stable,13181,656.16,GAFF2+ff14SB,TIP3P,2026-05-27,compound,
LIMK2,O=C(NCc1nc(C2CC2)no1)C1(c2ccc(F)cc2)CC1,10.00,stable,12531,686.32,GAFF2+ff14SB,TIP3P,2026-05-27,compound,
LIMK2,Nc1ccc(-c2ccc(S(=O)(=O)O)cc2)cc1,10.00,stable,12399,717.32,GAFF2+ff14SB,TIP3P,2026-05-27,compound,
ROCK1,Cc1ccc(NC(=O)C2CCN(C(=O)Nc3nccs3)CC2)nc1,10.00,moderate,39136,351.30,GAFF2+ff14SB,TIP3P,2026-05-27,compound,
LIMK2,Cc1[nH]nc2ncc(C(=O)N3CCCC3Cn3cccn3)cc12,10.00,moderate,13695,655.51,GAFF2+ff14SB,TIP3P,2026-05-27,compound,
ROCK1,CC1CN(C(=O)c2cc3c(=O)n4ccccc4nc3s2)CC(C)O1,10.00,stable,10757,967.99,GAFF2+ff14SB,TIP3P,2026-05-27,compound,
LIMK2,O=C1CN(C2CC(=O)N(c3ccc(F)cc3)C2=O)CCN1,10.00,stable,13482,645.58,GAFF2+ff14SB,TIP3P,2026-05-27,compound,
ROCK1,CCn1nnc2cc(C(=O)N3CCCC(c4nnc5ccccn45)C3)ccc21,10.00,moderate,29511,498.12,GAFF2+ff14SB,TIP3P,2026-05-27,compound,
ROCK1,CN1C(=O)CCc2cc(C(=O)N3CCC[C@H]3C(N)=O)ccc21,10.00,stable,17806,872.77,GAFF2+ff14SB,TIP3P,2026-05-27,compound,
LIMK2,Cc1ccc(C(F)(F)C(=O)Nc2nnn(C)c2C)cc1,10.00,stable,13214,781.05,GAFF2+ff14SB,TIP3P,2026-05-27,compound,
ROCK2,O=C(N[C@@H]1CC[C@@H]1O)c1cc2ccccc2[nH]1,10.00,moderate,10740,655.44,GAFF2+ff14SB,TIP3P,2026-05-27,compound,
ROCK2,O=S(=O)(Cc1noc(C2CCOCC2)n1)C1Cc2ccccc2C1,10.00,moderate,16741,922.95,GAFF2+ff14SB,TIP3P,2026-05-27,compound,
LIMK2,O=C(CN1Cc2ccccc2C1=O)N1CCOC2(CCCOC2)C1,10.00,stable,13515,759.17,GAFF2+ff14SB,TIP3P,2026-05-27,compound,
RIPK3,C[C@H](NC(=O)C1CC1)c1cc2ccccc2o1,10.00,moderate,16058,599.03,GAFF2+ff14SB,TIP3P,2026-05-27,compound,
LIMK2,CC(=O)N1CCN(Cc2nc3sc(C)c(C)c3c(=O)[nH]2)CC1,10.00,stable,13093,693.94,GAFF2+ff14SB,TIP3P,2026-05-27,compound,
LIMK2,Cn1cc(C2=CCCN(c3ncc(F)cn3)C2)cn1,10.00,stable,12312,668.36,GAFF2+ff14SB,TIP3P,2026-05-27,compound,
ROCK1,O=C(C1CCc2cccc(O)c21)N1CCC[C@H]2C[C@]21CO,10.00,stable,20307,602.57,GAFF2+ff14SB,TIP3P,2026-05-27,compound,
ROCK2,C=CC(=O)N(C)CC(=O)N1CCC(NC(=O)CC2CCCC2)CC1,10.00,stable,29013,359.21,GAFF2+ff14SB,TIP3P,2026-05-27,compound,
LIMK2,CCC1C(C)CCN1C(=O)Nc1ccc(CC2CC(=O)NC2=O)cc1,10.00,stable,13005,849.54,GAFF2+ff14SB,TIP3P,2026-05-27,compound,
LIMK2,CC(=O)Nc1ccc(C(=O)NC(C)c2ccccc2)cc1,10.00,stable,15087,618.52,GAFF2+ff14SB,TIP3P,2026-05-27,compound,
ROCK2,Nc1ccccc1-c1nnc([C@H]2CCCO2)o1,10.00,moderate,14322,746.86,GAFF2+ff14SB,TIP3P,2026-05-27,compound,
RIPK3,O=C(NC(c1ccc(Cl)cc1)c1ccsc1)C1COCCO1,10.00,stable,13421,962.36,GAFF2+ff14SB,TIP3P,2026-05-27,compound,
ROCK2,CC1(C)N=C(N)N=C(N)N1c1cccc([N+](=O)[O-])c1,10.00,stable,30724,508.51,GAFF2+ff14SB,TIP3P,2026-05-27,compound,
ROCK2,COC1CCC2OCCN(C(=O)N3CCc4ccccc43)C2C1,10.00,moderate,11502,543.43,GAFF2+ff14SB,TIP3P,2026-05-27,compound,
LIMK2,Cc1nc2ccccc2n1-c1ncccc1O,10.00,moderate,15019,471.07,GAFF2+ff14SB,TIP3P,2026-05-27,compound,
LIMK2,O=C1CCc2ccc(C(F)(F)F)cc2N1,10.00,stable,14073,667.18,GAFF2+ff14SB,TIP3P,2026-05-27,compound,
ROCK1,CC1(F)CCCN(S(=O)(=O)c2ccc3c(c2)C(=O)NCC3)C1,10.00,moderate,13672,772.36,GAFF2+ff14SB,TIP3P,2026-05-27,compound,
LIMK2,CC(C(=O)NC(C(N)=O)c1ccccc1)n1cnc2ccccc21,10.00,stable,12002,525.78,GAFF2+ff14SB,TIP3P,2026-05-27,compound,
LIMK2,CCCn1c(=O)[nH]c(=O)c2[nH]c(-c3cn(CC4CCCO4)nn3)nc21,10.00,stable,14393,636.21,GAFF2+ff14SB,TIP3P,2026-05-27,compound,
ROCK2,O=C1NCCCC1NC(=O)C1CCN(c2ccc(Cl)cc2)C1=O,10.00,moderate,27487,511.40,GAFF2+ff14SB,TIP3P,2026-05-27,compound,
LIMK2,Cc1cccc(C(=O)N[C@@H](C#N)C2CC2)c1C,10.00,stable,13218,744.80,GAFF2+ff14SB,TIP3P,2026-05-27,compound,
LIMK2,CN(C)CONC(=O)Cn1c(=O)c2cccn2c2ccc(F)cc21,10.00,stable,12405,723.87,GAFF2+ff14SB,TIP3P,2026-05-27,compound,
LIMK2,O=C(NCC1CC12CCS(=O)(=O)CC2)NC1CCCC2(CCC2)C1,10.00,stable,12953,682.09,GAFF2+ff14SB,TIP3P,2026-05-27,compound,
RIPK3,N#CC1(c2ccc(F)cc2)CCC(=O)CC1,10.00,moderate,16761,571.92,GAFF2+ff14SB,TIP3P,2026-05-27,compound,
LIMK2,CNC(=O)c1cc2c3ccccc3nc-2c[nH]1,10.00,stable,14820,594.70,GAFF2+ff14SB,TIP3P,2026-05-27,compound,
LIMK2,Cc1ccnc(C2CCN(C(=O)c3ccccc3O)CC2)n1,10.00,stable,14212,646.91,GAFF2+ff14SB,TIP3P,2026-05-27,compound,
RIPK3,Cc1cc(F)cc(C(=O)NC2CCCC2CN)c1,10.00,stable,13927,733.28,GAFF2+ff14SB,TIP3P,2026-05-27,compound,
ROCK1,O=C1NCC2CN(c3ccc4nnc(C(F)F)n4n3)CCN12,10.00,moderate,20369,682.22,GAFF2+ff14SB,TIP3P,2026-05-27,compound,
ROCK1,Cc1cc(NC(=O)CCCn2cnc3c(C)cccc3c2=O)no1,10.00,moderate,14294,552.45,GAFF2+ff14SB,TIP3P,2026-05-27,compound,
LIMK2,Cc1cc2nc(CSc3ccccc3)cc(O)n2n1,10.00,stable,14246,613.06,GAFF2+ff14SB,TIP3P,2026-05-27,compound,
LIMK2,O=C(c1ccncc1Cl)N1CC(O)CC1c1ccc(F)c(F)c1,10.00,stable,13467,699.21,GAFF2+ff14SB,TIP3P,2026-05-27,compound,
ROCK2,CNC(=O)NC(=O)[C@@H](C)Sc1ccccc1F,10.00,stable,23304,629.76,GAFF2+ff14SB,TIP3P,2026-05-27,compound,
ROCK2,O=C1NCCc2[nH]c(-c3ccnc(Cl)c3)cc21,10.00,stable,12586,708.37,GAFF2+ff14SB,TIP3P,2026-05-27,compound,
RIPK3,O=C(NO)c1cnc(NC2(c3cccc(F)c3)CO2)nc1,10.00,stable,15552,719.35,GAFF2+ff14SB,TIP3P,2026-05-27,compound,
ROCK1,Cc1oc(-c2ccco2)nc1Cn1cccc(C)c1=O,10.00,stable,26214,469.73,GAFF2+ff14SB,TIP3P,2026-05-27,compound,
LIMK2,[H]N([H])c1ccc(NC(=O)C(C)(C)O)cc1C(F)(F)F,10.00,stable,11779,563.69,GAFF2+ff14SB,TIP3P,2026-05-27,compound,
LIMK2,Cn1cc(C2CCCN2C(=O)Nc2cc(Cl)cc3c2OCC3)cn1,10.00,stable,12439,659.56,GAFF2+ff14SB,TIP3P,2026-05-27,compound,
RIPK3,CCN(c1cc(C)nc2nc(C(F)(F)F)nn12)C1CCCOC1,10.00,stable,14995,617.16,GAFF2+ff14SB,TIP3P,2026-05-27,compound,
RIPK3,CC1CCC2(CC1)NC(=O)N(CC(=O)c1ccc[nH]1)C2=O,10.00,stable,12812,788.43,GAFF2+ff14SB,TIP3P,2026-05-27,compound,
ROCK1,CN(C)C(=O)CNC(=O)N1CCCC1c1ccccc1C(F)(F)F,10.00,stable,82870,219.20,GAFF2+ff14SB,TIP3P,2026-05-27,compound,
RIPK3,CCOc1ccc(S(=O)(=O)N(C)CC(=O)N2CCC(C(N)=O)CC2)cc1,10.00,moderate,14211,552.35,GAFF2+ff14SB,TIP3P,2026-05-27,compound,
ROCK1,NC(=O)c1ccc(NC(=O)NCCSc2ccccc2)cc1F,10.00,moderate,16741,791.12,GAFF2+ff14SB,TIP3P,2026-05-27,compound,
RIPK3,CC(=O)N1CCN(C(=O)CCNC(=O)c2cncc(C)c2O)CC1,10.00,stable,12665,773.02,GAFF2+ff14SB,TIP3P,2026-05-27,compound,
ROCK2,N#CC1=C(N)OC2=C(C(=O)COC2)C1C1CC=CCC1,10.00,moderate,28113,518.57,GAFF2+ff14SB,TIP3P,2026-05-27,compound,
ROCK1,O=C(Cc1cccc(F)c1)Nc1cccnc1-n1cncn1,10.00,stable,16065,447.93,GAFF2+ff14SB,TIP3P,2026-05-27,compound,
RIPK3,O=C1CC[C@H](Cc2ccccc2Br)C(=O)N1,10.00,moderate,12840,674.42,GAFF2+ff14SB,TIP3P,2026-05-27,compound,
ROCK1,O=C(Nc1c(-c2ccccc2)ncn1C1CC1)C1CC=CCO1,10.00,moderate,33107,420.54,GAFF2+ff14SB,TIP3P,2026-05-27,compound,
LIMK2,CC1=C(C[S@](=O)c2ccccc2)CCCC1=O,10.00,stable,14366,723.74,GAFF2+ff14SB,TIP3P,2026-05-27,compound,
RIPK3,Cn1c(CNC(=O)[C@H]2C[C@H](F)CN2)nc2ccccc21,10.00,moderate,14637,599.58,GAFF2+ff14SB,TIP3P,2026-05-27,compound,
LIMK2,CC1(C)OCCC1N1N=C(c2ccc(Cl)cc2)CC1=O,10.00,stable,11157,786.97,GAFF2+ff14SB,TIP3P,2026-05-27,compound,
LIMK2,CS(=O)c1ccc(CNc2ccc(OCC(F)(F)F)nc2)cc1,10.00,stable,15620,613.39,GAFF2+ff14SB,TIP3P,2026-05-27,compound,
LIMK2,COC1CCCCC1NC(=O)N1CCN(c2ncccc2F)CC1,10.00,stable,13003,651.82,GAFF2+ff14SB,TIP3P,2026-05-27,compound,
ROCK1,CCc1ncn2c3ccc(F)cc3c(=O)n(C)c12,10.00,stable,20289,684.84,GAFF2+ff14SB,TIP3P,2026-05-27,compound,
LIMK2,CC(C)(C)OC(=O)N1CCn2c(Cc3ccccn3)nnc2C1,10.00,stable,13485,760.18,GAFF2+ff14SB,TIP3P,2026-05-27,compound,
ROCK2,O=S1(=O)C[C@H]2OC(=S)N(c3ccccc3)[C@H]2C1,10.00,moderate,22683,620.74,GAFF2+ff14SB,TIP3P,2026-05-27,compound,
RIPK3,NC(=O)[C@@H]1[C@@H](c2ccccc2)[C@@H]2C=C[C@H]1C2,10.00,stable,13558,585.88,GAFF2+ff14SB,TIP3P,2026-05-27,compound,
RIPK3,CC(=O)N1CCC(NC(=O)Nc2cnc3[nH]ccc3n2)CC1,10.00,stable,12717,711.69,GAFF2+ff14SB,TIP3P,2026-05-27,compound,
LIMK2,CC(C)(C(=O)NCc1ccccn1)c1ccc2c(c1)OCCO2,10.00,stable,12585,609.75,GAFF2+ff14SB,TIP3P,2026-05-27,compound,
LIMK2,Cc1nn(C)c(C)c1C1CCCN1C(=O)C(=O)Nc1ccccc1F,10.00,moderate,12758,571.03,GAFF2+ff14SB,TIP3P,2026-05-27,compound,
LIMK2,Cn1c(CC2CCS(=O)(=O)C2)nnc1SCC(=O)Nc1ccc(F)cc1,10.00,moderate,13475,587.90,GAFF2+ff14SB,TIP3P,2026-05-27,compound,
ROCK2,O=C(N[C@H]1COC2(CCNCC2)C1)C1CC=CC1,10.00,stable,19950,828.77,GAFF2+ff14SB,TIP3P,2026-05-27,compound,
MICU1,O=S(=O)(Cc1ccccc1)NCc1ccccn1,10.00,moderate,17035,496.75,GAFF2+ff14SB,TIP3P,2026-05-27,compound,
RIPK3,Cc1nc(C2CCCN(C(=O)COCc3ccccc3)C2)no1,10.00,stable,11220,733.90,GAFF2+ff14SB,TIP3P,2026-05-27,compound,
ROCK2,FC(F)(F)c1cc(N2CCCC23CCOCC3)n2ncnc2n1,10.00,stable,65228,288.87,GAFF2+ff14SB,TIP3P,2026-05-27,compound,
MICU1,CN(C)C(=O)COc1nn(C)c2ccc(Br)cc12,10.00,stable,16668,553.96,GAFF2+ff14SB,TIP3P,2026-05-27,compound,
MICU1,CCOCCCn1c(=S)[nH]c2cc(C(=O)NCC(OC)OC)ccc2c1=O,10.00,stable,12668,520.65,GAFF2+ff14SB,TIP3P,2026-05-27,compound,
MICU1,CC(=O)N1CCCC(CNC(=O)Nc2c(C)cccc2C(=O)N2CCCC2)C1,10.00,moderate,13519,457.44,GAFF2+ff14SB,TIP3P,2026-05-27,compound,
LIMK2,O=C(O)COCCN1CCN([C@@H](c2ccc(Cl)cc2)c2cccs2)CC1,10.00,stable,13287,590.02,GAFF2+ff14SB,TIP3P,2026-05-27,compound,
ROCK1,Cc1cc(C(F)(F)F)ccc1N=C(S)N1CCN(C(=O)C2CCCO2)CC1,10.00,stable,35535,422.60,GAFF2+ff14SB,TIP3P,2026-05-27,compound,
RIPK3,CC(C)CCC1(c2ccc(N)cc2)CCC(=O)NC1=O,10.00,moderate,14558,661.54,GAFF2+ff14SB,TIP3P,2026-05-27,compound,
MAPKAPK2,CC(=O)N1CCCC(CNC(=O)Nc2c(C)cccc2C(=O)N2CCCC2)C1,10.00,moderate,14002,566.99,GAFF2+ff14SB,TIP3P,2026-05-27,compound,
ROCK1,CC1=CN2CC(CCC2=N1)NC(=O)C=3C=CC(=NC3)OCC(C)C,10.00,stable,33245,421.80,GAFF2+ff14SB,TIP3P,2026-05-27,compound,
MICU1,CCOC(=O)CCCc1nc2ccccc2c(=O)[nH]1,10.00,moderate,12315,697.61,GAFF2+ff14SB,TIP3P,2026-05-27,compound,
MICU1,O=C1c2ccccc2[C@@]2(O)[C@@H]3C=CCCN3CN12,10.00,moderate,13256,744.67,GAFF2+ff14SB,TIP3P,2026-05-27,compound,
MICU1,N[C@]12CCC[C@H](C1)C1=C(CCCC1=O)O2,10.00,moderate,12391,665.82,GAFF2+ff14SB,TIP3P,2026-05-27,compound,
RIPK3,O[C@@H]1C[C@H](c2ccccc2)OC12CCCCC2,10.00,stable,15645,530.51,GAFF2+ff14SB,TIP3P,2026-05-27,compound,
MICU1,O=C1C[C@H](C2CCNCC2)Oc2ccccc21,10.00,stable,16358,606.04,GAFF2+ff14SB,TIP3P,2026-05-27,compound,
MICU1,O=Cc1cc([N+](=O)[O-])ccc1N1CC(F)(F)C1,10.00,moderate,13364,978.69,GAFF2+ff14SB,TIP3P,2026-05-27,compound,
LIMK2,C[C@H](NC(=O)[C@@H]1CCCO1)c1ccccc1F,10.00,stable,13293,524.34,GAFF2+ff14SB,TIP3P,2026-05-27,compound,
RIPK3,COC(=O)Nc1nc2cc(C(=O)N3CCOOC3)ccc2[nH]1,10.00,moderate,13030,627.41,GAFF2+ff14SB,TIP3P,2026-05-27,compound,
RIPK3,Cn1ncc2c(NCCNC(=O)c3ccccc3)ncnc21,10.00,stable,14756,596.67,GAFF2+ff14SB,TIP3P,2026-05-27,compound,
MICU1,O=C(O)[C@@H]1CCN(c2ccc(Br)cc2)C1=O,10.00,stable,15664,700.76,GAFF2+ff14SB,TIP3P,2026-05-27,compound,
MICU1,C[C@@H](NC(=O)Cn1ccccc1=O)c1cccs1,10.00,stable,12501,671.23,GAFF2+ff14SB,TIP3P,2026-05-27,compound,
ROCK2,c1cnc(N2CCC(c3nnc(NCC4CC4)o3)CC2)nc1,10.00,moderate,42519,361.79,GAFF2+ff14SB,TIP3P,2026-05-27,compound,
MAPKAPK2,CNn1c(=O)cc2n(C3CC3)c3cc(N4CCNCC4)c(C)cc3n2c1=O,10.00,stable,12788,567.27,GAFF2+ff14SB,TIP3P,2026-05-27,compound,
RIPK3,NC(=O)COc1ccc(Cl)cc1S(=O)(=O)NCC1CCn2ccnc2C1,10.00,stable,13483,824.99,GAFF2+ff14SB,TIP3P,2026-05-27,compound,
ROCK2,O=C(c1ncccn1)[C@@H]1COc2ccccc2O1,10.00,stable,10907,812.38,GAFF2+ff14SB,TIP3P,2026-05-27,compound,
LIMK2,CN(Cc1nc2ccsc2c(=O)[nH]1)C(=O)c1cc(Cl)ccc1F,10.00,stable,14042,476.99,GAFF2+ff14SB,TIP3P,2026-05-27,compound,
LIMK2,C=CCN(Cc1ccccc1)C(=O)Cc1c(C)nc2nc(N)nn2c1C,10.00,stable,13189,702.48,GAFF2+ff14SB,TIP3P,2026-05-27,compound,
ROCK1,O=C1C=C(N2CCOCC2)C(=O)[C@H]2C=CC=C[C@H]12,10.00,stable,16529,698.14,GAFF2+ff14SB,TIP3P,2026-05-27,compound,
ROCK1,C=C[C@@H](O)c1ccc2c(c1)Cc1ccccc1-2,10.00,stable,28429,573.59,GAFF2+ff14SB,TIP3P,2026-05-27,compound,
ROCK1,O=C(NC1CCCN(C(=O)N2CCCC2)C1)[C@H]1C[C@@H]1C1CC1,10.00,stable,23183,622.52,GAFF2+ff14SB,TIP3P,2026-05-27,compound,
ROCK1,CC(c1ccc(F)cc1Cl)n1cc([C@H]2COC(C)(C)O2)nn1,10.00,moderate,19214,578.92,GAFF2+ff14SB,TIP3P,2026-05-27,compound,
ROCK2,Cc1nc(NC2=NCC(=O)N2)nc2ccccc12,10.00,stable,20302,576.00,GAFF2+ff14SB,TIP3P,2026-05-27,compound,
RIPK3,Cn1ccc(C(=O)N2CCN(c3ccc(Cl)cn3)CC2)cc1=O,10.00,stable,12026,610.84,GAFF2+ff14SB,TIP3P,2026-05-27,compound,
LIMK2,O=C(CN1C(=O)NC2(CCCOC2)C1=O)Nc1ccc(F)cc1,10.00,stable,11231,545.37,GAFF2+ff14SB,TIP3P,2026-05-27,compound,
RIPK3,Cc1ccc(C(=O)N(C)C(C)c2nc3cc(Cl)ccc3[nH]2)nn1,10.00,stable,14563,548.67,GAFF2+ff14SB,TIP3P,2026-05-27,compound,
MAPKAPK2,Cc1nc2ccc(C(=O)N3CC(O)CC3c3cccc(F)c3)cc2o1,10.00,moderate,12442,692.48,GAFF2+ff14SB,TIP3P,2026-05-27,compound,
ROCK2,O=C(Nc1cnsc1)C1C2CCCC(F)(F)C21,10.00,stable,27970,594.22,GAFF2+ff14SB,TIP3P,2026-05-27,compound,
ROCK2,O=C1NCC2CN(c3ncc(F)cn3)CCN2C1=O,10.00,moderate,62656,272.54,GAFF2+ff14SB,TIP3P,2026-05-27,compound,
ROCK1,Cc1cc(C(=O)NC2CC(F)C2)c2ncccc2c1,10.00,stable,14892,642.44,GAFF2+ff14SB,TIP3P,2026-05-27,compound,
ROCK2,CC(c1nnc(-c2cccc(Cl)c2)o1)N1CCNC(=O)C1,10.00,moderate,12736,882.11,GAFF2+ff14SB,TIP3P,2026-05-27,compound,
ROCK1,O=C(Nc1cc(C(F)(F)F)ccn1)C1CCCc2[nH]ncc21,10.00,stable,26757,564.71,GAFF2+ff14SB,TIP3P,2026-05-27,compound,
LIMK2,CCc1nc(N[C@@H]2CCC[C@@H]2C#N)c2cc[nH]c(=O)c2n1,10.00,stable,16765,476.07,GAFF2+ff14SB,TIP3P,2026-05-27,compound,
LIMK2,O=C(Cc1ccncc1)NN1C(=O)C2C3C=CC(C3)[C@@H]2C1=O,10.00,stable,15928,453.91,GAFF2+ff14SB,TIP3P,2026-05-27,compound,
LIMK2,CNS(=O)(=O)Cc1cccc(CNC(=O)c2cc(C3CC3)[nH]n2)c1,10.00,stable,12711,583.22,GAFF2+ff14SB,TIP3P,2026-05-27,compound,
RIPK3,CCCc1nc(C)c(C(=O)N[C@@]23CCCC[C@@H]2NC(=O)C3)o1,10.00,stable,16778,615.27,GAFF2+ff14SB,TIP3P,2026-05-27,compound,
LIMK2,Cc1cccc([C@@H]2NC(=O)c3c(cnn3C)N2)c1,10.00,stable,13831,674.68,GAFF2+ff14SB,TIP3P,2026-05-27,compound,
ROCK1,Nc1ccc2c(c1)[C@@]1(CCC2)NC(=O)NC1=O,10.00,moderate,27645,577.64,GAFF2+ff14SB,TIP3P,2026-05-27,compound,
ROCK1,CN(C(=O)c1cc2c(=O)n3ccccc3nc2n1C)c1ccnnc1,10.00,moderate,23433,458.13,GAFF2+ff14SB,TIP3P,2026-05-27,compound,
ROCK2,COCc1ncc(CNc2ccc(C(F)(F)F)cn2)c(N)n1,10.00,stable,13933,600.89,GAFF2+ff14SB,TIP3P,2026-05-27,compound,
LIMK2,O=C1CCC(NS(=O)(=O)c2ccc(C(F)(F)F)s2)C(C2CCCO2)N1,10.00,stable,13515,647.24,GAFF2+ff14SB,TIP3P,2026-05-27,compound,
RIPK3,C[C@H]1C(=O)N([C@H]2C[C@H](c3ccc(Cl)cc3)C2)C(=O)N1,10.00,moderate,20326,673.12,GAFF2+ff14SB,TIP3P,2026-05-27,compound,
ROCK2,O=C1N[C@H](C(=O)N[C@@H]2CC[C@@H]3CCC[C@H]3C2)CS1,10.00,stable,11870,932.00,GAFF2+ff14SB,TIP3P,2026-05-27,compound,
ROCK2,CS(=O)(=O)c1ccc(C(=O)NCCc2nnc3ccccn23)cc1,10.00,stable,11603,670.34,GAFF2+ff14SB,TIP3P,2026-05-27,compound,
ROCK1,Cc1nc2cc(C(=O)NCc3ccc(F)cc3)cnc2[nH]1,10.00,stable,39410,441.78,GAFF2+ff14SB,TIP3P,2026-05-27,compound,
ROCK1,O=C(CSCc1cc2ccccc2[nH]c1=O)N1CCOCC1,10.00,stable,26153,399.71,GAFF2+ff14SB,TIP3P,2026-05-26,compound,
ROCK1,[H]N([H])c1cc(C(F)(F)F)ccc1C(=O)C1C(=O)CCCC1=O,10.00,stable,103619,192.06,GAFF2+ff14SB,TIP3P,2026-05-26,compound,
RIPK3,Cc1nccn1CC(C)CNC(=O)c1cc2c(cc1F)NC(=O)CC2,10.00,stable,12950,723.97,GAFF2+ff14SB,TIP3P,2026-05-26,compound,
ROCK1,COCC1CN(C(=O)c2cc3c(F)cccc3[nH]2)CC(C)(C)O1,10.00,stable,14166,635.87,GAFF2+ff14SB,TIP3P,2026-05-26,compound,
LIMK2,CC1(C)O[C@H]2[C@@H]3O[C@H](c4cccs4)O[C@@H]3CO[C@@],10.00,stable,14438,702.74,GAFF2+ff14SB,TIP3P,2026-05-26,compound,
RIPK3,CC1(C)CN(C(=O)c2nc(S(C)(=O)=O)n3ccccc23)CCN1,10.00,stable,12070,719.44,GAFF2+ff14SB,TIP3P,2026-05-26,compound,
LIMK2,NC(=O)c1ccc(=O)n(Cc2ccc3c(c2)CCC3)n1,10.00,stable,15524,791.90,GAFF2+ff14SB,TIP3P,2026-05-26,compound,
ROCK1,O=C(Cc1ccc(Br)cc1)N1CCC(N2CCCCC2=O)CC1,10.00,moderate,28871,744.99,GAFF2+ff14SB,TIP3P,2026-05-26,compound,
RIPK3,CCOc1c(F)cccc1C(=O)Nc1cccc(C(N)=O)c1,10.00,stable,13991,620.10,GAFF2+ff14SB,TIP3P,2026-05-26,compound,
ROCK2,CC(C)N(Cc1ccccn1)C(=O)c1cn2cccnc2n1,10.00,moderate,17000,832.60,GAFF2+ff14SB,TIP3P,2026-05-26,compound,
RIPK3,N[C@@H](CCc1ccc2ccccc2c1)C(=O)O,10.00,moderate,14414,663.60,GAFF2+ff14SB,TIP3P,2026-05-26,compound,
RIPK3,CSCCc1nc(C[C@@H]2COC[C@H]2O)n(-c2ccccc2)n1,10.00,stable,14124,484.42,GAFF2+ff14SB,TIP3P,2026-05-26,compound,
LIMK2,N[C@@H]1CCN(C(=O)Cn2c(=O)[nH]c3ccccc3c2=O)C1,10.00,stable,11994,921.45,GAFF2+ff14SB,TIP3P,2026-05-26,compound,
ROCK2,CC(=O)N1CCC(c2ccnc(Cl)c2)CC1,10.00,stable,13489,614.35,GAFF2+ff14SB,TIP3P,2026-05-26,compound,
ROCK1,Cn1c(-c2ccc(OC(F)F)c(F)c2)nc2ncccc21,10.00,stable,37526,498.81,GAFF2+ff14SB,TIP3P,2026-05-26,compound,
RIPK3,COc1cc(-n2cnnn2)c(Cl)cc1C(=O)NC1CCCC1(F)F,10.00,moderate,13022,782.37,GAFF2+ff14SB,TIP3P,2026-05-26,compound,
RIPK3,O=S(=O)(c1cccc2cccnc12)N1C[C@@H](F)C[C@H]1CO,10.00,moderate,14254,690.80,GAFF2+ff14SB,TIP3P,2026-05-26,compound,
ROCK1,Cc1ccc(-c2cn(CC(=O)NC3CCN(C(C)C)CC3)nn2)cn1,10.00,stable,14060,731.62,GAFF2+ff14SB,TIP3P,2026-05-26,compound,
ROCK2,CN(C(=O)C1CC(=O)Nc2ccccc21)c1ccccc1,10.00,stable,33319,669.75,GAFF2+ff14SB,TIP3P,2026-05-26,compound,
RIPK3,COCC1CN(C(=O)c2ccc(-n3nccc3C)cc2)CC(C)(C)O1,10.00,stable,14060,731.62,GAFF2+ff14SB,TIP3P,2026-05-26,compound,
LIMK2,Cc1nn(C)c2[nH]c(=O)c(CCC(=O)Nc3cnn(C)c3)c(C)c12,10.00,stable,11419,631.42,GAFF2+ff14SB,TIP3P,2026-05-26,compound,
ROCK2,O=C1CCOc2cc(C(F)(F)F)ccc21,10.00,stable,16901,1012.10,GAFF2+ff14SB,TIP3P,2026-05-26,compound,
RIPK3,CCc1nnc2n1CCN(C(=O)c1ccccc1-n1cccn1)C2,10.00,stable,15498,822.15,GAFF2+ff14SB,TIP3P,2026-05-26,compound,
LIMK2,CN(C)CCn1cc(C(=O)Nc2cccc3ccccc23)nn1,10.00,stable,15061,604.73,GAFF2+ff14SB,TIP3P,2026-05-26,compound,
RIPK3,CN1C(=O)c2c(CO)nc3ccc(Br)cc3c2C1=O,10.00,stable,13117,606.93,GAFF2+ff14SB,TIP3P,2026-05-26,compound,
ROCK2,O=C(O)CCCNC(=O)c1cc2ccccc2[nH]1,10.00,stable,12192,936.58,GAFF2+ff14SB,TIP3P,2026-05-26,compound,
RIPK3,N#CC(=CN1CCC(C(N)=O)CC1)C(=O)Nc1cccc(Cl)c1,10.00,moderate,13460,719.08,GAFF2+ff14SB,TIP3P,2026-05-26,compound,
RIPK3,Cc1nc(N2CCOCC2)ccc1NC(=O)N1CCC(C(F)F)CC1,10.00,stable,12163,848.08,GAFF2+ff14SB,TIP3P,2026-05-26,compound,
LIMK2,CCc1ncnc(N2CCC(c3nnc(N(C)C)[nH]3)CC2)c1F,10.00,stable,14663,487.49,GAFF2+ff14SB,TIP3P,2026-05-26,compound,
ROCK1,COc1cc(/C=C/c2nc3c(c(=O)n(C)c(=O)n3C)n2C)cc(OC)c1O,10.00,moderate,26278,735.85,GAFF2+ff14SB,TIP3P,2026-05-26,compound,
ROCK1,CN1O[C@H]2CCCC(=O)[C@@H]2[C@@H]1c1ccccc1,10.00,stable,12907,592.11,GAFF2+ff14SB,TIP3P,2026-05-26,compound,
ROCK2,O=Cc1cc(F)ccc1N1CCC(F)(F)CC1,10.00,moderate,13005,599.23,GAFF2+ff14SB,TIP3P,2026-05-26,compound,
LIMK2,CC1(CN[C@H]2CCC[C@@H](C(F)(F)F)C2)OCCO1,10.00,stable,14020,746.39,GAFF2+ff14SB,TIP3P,2026-05-26,compound,
RIPK3,COc1ccc(C(C)NC(=O)C2(C#N)CCCC2)cc1F,10.00,stable,18688,849.77,GAFF2+ff14SB,TIP3P,2026-05-26,compound,
LIMK2,Cn1c(NC(=O)C2(c3nc[nH]n3)CCC2)nc2cc(F)ccc21,10.00,stable,13023,936.92,GAFF2+ff14SB,TIP3P,2026-05-26,compound,
ROCK1,CN1C(=O)c2ccc(Cl)cc2C2(CC(=O)NC2=O)C1=O,10.00,stable,16438,574.74,GAFF2+ff14SB,TIP3P,2026-05-26,compound,
ROCK2,CC(C)CC1CN(C)CCN1C(=O)Cn1ncc2cccnc21,10.00,moderate,24254,464.75,GAFF2+ff14SB,TIP3P,2026-05-26,compound,
ROCK1,O=C(Nc1cccc(-c2nnco2)c1)N1CCC(F)(F)CC1,10.00,moderate,32329,388.09,GAFF2+ff14SB,TIP3P,2026-05-26,compound,
RIPK3,O=C1NC(=O)/C(=C/c2ccc(F)c(F)c2)N1,10.00,stable,15394,520.13,GAFF2+ff14SB,TIP3P,2026-05-26,compound,
RIPK3,CC1(C)CC(NC(=O)c2cc3ccccn3c2)CCO1,10.00,stable,14210,443.29,GAFF2+ff14SB,TIP3P,2026-05-26,compound,
ROCK2,CC(CNC(=O)NC(C(N)=O)c1ccc(F)cc1)Oc1cccc(F)c1,10.00,stable,33093,543.92,GAFF2+ff14SB,TIP3P,2026-05-26,compound,
ROCK2,CN1C(=O)C[C@H]2C[C@]1(C)Oc1ccc(Cl)cc12,10.00,stable,11021,595.66,GAFF2+ff14SB,TIP3P,2026-05-26,compound,
RIPK3,CC(CNC(=O)N(C)Cc1nc2ccccc2c(=O)[nH]1)N1CCCC1,10.00,stable,13244,566.73,GAFF2+ff14SB,TIP3P,2026-05-26,compound,
RIPK3,Cc1ccn2cc(C(=O)NC(C)c3ccc(S(C)(=O)=O)cc3)nc2c1,10.00,stable,15355,591.05,GAFF2+ff14SB,TIP3P,2026-05-26,compound,
RIPK3,COc1ccccc1C(=O)NC(C(=O)NCC1(C(N)=O)CCOCC1)C(C)C,10.00,stable,14618,679.45,GAFF2+ff14SB,TIP3P,2026-05-26,compound,
RIPK3,Cc1ccnc2nc(C(=O)Nc3ccc(Cl)cc3F)nn12,10.00,stable,14422,549.02,GAFF2+ff14SB,TIP3P,2026-05-26,compound,
RIPK3,O=C1c2ccccc2C(=O)C1c1ccncc1,10.00,moderate,12974,697.83,GAFF2+ff14SB,TIP3P,2026-05-26,compound,
ROCK1,CC1(C2CCCN(C(=O)c3ccnc(Oc4ccccc4)c3)C2)N=N1,10.00,stable,26423,595.42,GAFF2+ff14SB,TIP3P,2026-05-26,compound,
ROCK1,COC(=O)C1CCn2c(COc3cccc(C(F)(F)F)c3)nnc2C1,10.00,stable,10627,662.42,GAFF2+ff14SB,TIP3P,2026-05-26,compound,
ROCK1,O=C(NCOCN1CCCC1=O)c1nnc(Cc2c(F)cccc2Cl)o1,10.00,stable,17161,768.71,GAFF2+ff14SB,TIP3P,2026-05-26,compound,
LIMK2,CNC(=O)NC(=O)CSc1nnc(-c2ccc(F)cc2)n1CC1CCCO1,10.00,moderate,11536,1061.55,GAFF2+ff14SB,TIP3P,2026-05-26,compound,
RIPK3,O=C1COCN1Cc1ccc2c(c1)[nH]c(=O)c1cccn12,10.00,stable,13670,1155.80,GAFF2+ff14SB,TIP3P,2026-05-26,compound,
LIMK2,Cc1ccc(F)c(NC(=O)C(C)n2cncn2)c1,10.00,stable,15341,950.33,GAFF2+ff14SB,TIP3P,2026-05-26,compound,
RIPK3,CC1(C)C=C(N2CCCC2=O)c2cc(C#N)ccc2O1,10.00,stable,15864,210.34,GAFF2+ff14SB,TIP3P,2026-05-26,compound,
LIMK2,Cn1ncc2c(N3CCN(Cc4cnns4)CC3)ncnc21,10.00,stable,12795,1238.05,GAFF2+ff14SB,TIP3P,2026-05-26,compound,
LIMK2,NC(=O)c1cncc(-c2ccc(F)cc2Cl)c1,10.00,stable,14371,1163.77,GAFF2+ff14SB,TIP3P,2026-05-26,compound,
RIPK3,CC(C)Cn1cc(C(=O)N2CC34CCCCC3(C2)CS(=O)(=O)C4)cn1,10.00,moderate,12690,1200.51,GAFF2+ff14SB,TIP3P,2026-05-26,compound,
LIMK2,Cc1cc(N(C)CC(O)c2ccc(F)cc2)n2ncnc2n1,10.00,stable,14096,1253.04,GAFF2+ff14SB,TIP3P,2026-05-26,compound,
ROCK2,N#CC1(c2ccccc2C(F)(F)F)CC1,10.00,stable,71373,517.28,GAFF2+ff14SB,TIP3P,2026-05-26,compound,
RIPK3,Cc1n[nH]c(C)c1C1COCCN1C(=O)c1ccc(F)cc1,10.00,moderate,12772,1256.05,GAFF2+ff14SB,TIP3P,2026-05-26,compound,
ROCK2,CNC(=O)[C@H]1[C@H](c2ccncc2Cl)C1(C)C,10.00,stable,33416,955.52,GAFF2+ff14SB,TIP3P,2026-05-26,compound,
ROCK2,CN(Cc1nnc2n1CC(C(F)(F)F)CC2)c1ncc(Cl)cn1,10.00,stable,12175,1280.40,GAFF2+ff14SB,TIP3P,2026-05-26,compound,
ROCK2,CC(C)(C)NC(=O)[C@H]1CO[C@H]2[C@@H]3CC[C@H]4NC(=O)C,10.00,stable,13377,1144.20,GAFF2+ff14SB,TIP3P,2026-05-26,compound,
ROCK2,CCC1(CNC(=O)C2CCCN2c2ncnc3sccc23)CCCC(=O)N1,10.00,moderate,23963,196.88,GAFF2+ff14SB,TIP3P,2026-05-26,compound,
ROCK2,Cc1noc2ncc(C(=O)N3CCCC3c3ccncc3)cc12,10.00,moderate,23113,1072.37,GAFF2+ff14SB,TIP3P,2026-05-26,compound,
ROCK2,Clc1cc(-c2ccccc2)n2ncnc2n1,10.00,stable,35108,945.61,GAFF2+ff14SB,TIP3P,2026-05-26,compound,
LIMK2,NC(=O)C1CCN(C(=O)c2cncn2-c2ccc(F)cc2)CC1,10.00,stable,14663,1105.17,GAFF2+ff14SB,TIP3P,2026-05-26,compound,
LIMK2,O=C1CCCc2occ(C(=O)N3CCCC(c4ncc(C(F)(F)F)[nH]4)C3)c,10.00,moderate,12969,1123.17,GAFF2+ff14SB,TIP3P,2026-05-26,compound,
LIMK2,Cc1cc(C(=O)NCCc2cnn(-c3ccccc3)c2)n(C)n1,10.00,stable,14163,1066.28,GAFF2+ff14SB,TIP3P,2026-05-26,compound,
ROCK2,Cc1csc(NC(=O)Cc2nn(C)c(=O)c3ccccc23)n1,10.00,stable,81975,162.08,GAFF2+ff14SB,TIP3P,2026-05-26,compound,
LIMK2,Cc1cnc(-c2cccc([N+](=O)[O-])c2)n2nc(N)nc12,10.00,stable,14358,1190.04,GAFF2+ff14SB,TIP3P,2026-05-26,compound,
RIPK3,Cc1nc(-c2cccc(C(=O)N3CC[C@H](OC(F)F)C3)c2)cs1,10.00,moderate,14226,1110.11,GAFF2+ff14SB,TIP3P,2026-05-26,compound,
ROCK1,O=C(NCc1ccon1)c1cc(-c2ccccn2)ccc1Cl,10.00,moderate,43961,711.61,GAFF2+ff14SB,TIP3P,2026-05-26,compound,
RIPK3,CC(C)NC1=CC(=O)C[C@@H](c2ccccc2)C1,10.00,stable,15652,1161.98,GAFF2+ff14SB,TIP3P,2026-05-26,compound,
RIPK3,Cc1noc(-c2cccc(NC(=O)N3CCCC3)c2)n1,10.00,stable,12765,1208.82,GAFF2+ff14SB,TIP3P,2026-05-26,compound,
LIMK2,CN(CC(F)(F)F)C(=O)Cn1cnc(C2CCC2)cc1=O,10.00,stable,12709,1213.63,GAFF2+ff14SB,TIP3P,2026-05-26,compound,
RIPK3,Cc1c(Cl)cccc1C(=O)N1CCOCC1C1CCCC1O,10.00,stable,14271,1216.47,GAFF2+ff14SB,TIP3P,2026-05-26,compound,
RIPK3,FC(F)(F)c1nnc2ccc(NCCc3ccccn3)nn12,10.00,moderate,14530,1121.52,GAFF2+ff14SB,TIP3P,2026-05-26,compound,
RIPK3,C/C(=N\NC(=O)c1cccc(Cl)c1)N1CCOCC1,10.00,moderate,12971,1226.92,GAFF2+ff14SB,TIP3P,2026-05-26,compound,
ROCK1,NC(=O)C1CCN(C(=O)c2cc(-c3ccc(F)cc3)[nH]n2)C1,10.00,moderate,9495,1315.52,GAFF2+ff14SB,TIP3P,2026-05-26,compound,
LIMK2,CC(=O)N1CCN(C(=O)Cn2nc(-c3ccccc3)oc2=O)CC1,10.00,stable,13780,1103.19,GAFF2+ff14SB,TIP3P,2026-05-26,compound,
LIMK2,Cc1cc(C)n(-c2nc3c(c(=O)n(C)c(=O)n3C)n2CCC(C)C)n1,10.00,moderate,18810,1137.17,GAFF2+ff14SB,TIP3P,2026-05-26,compound,
RIPK3,O=C(NCCc1ccccn1)c1cccc2cn[nH]c12,10.00,moderate,14115,1210.95,GAFF2+ff14SB,TIP3P,2026-05-26,compound,
LIMK2,Cc1c(CNC(=O)C(=O)N(C)C2CCOC2)noc1-c1ccccc1,10.00,stable,13111,1115.21,GAFF2+ff14SB,TIP3P,2026-05-26,compound,
RIPK3,CC(=O)Nc1ccc(/C=C2/NC(=O)NC2=O)cc1,10.00,stable,13169,1220.73,GAFF2+ff14SB,TIP3P,2026-05-26,compound,
ROCK2,FC(F)(F)Cn1ccc(Cc2nc(-c3cocn3)no2)n1,10.00,moderate,36945,796.76,GAFF2+ff14SB,TIP3P,2026-05-26,compound,
LIMK2,NC(=O)c1cccc(COc2ccc(F)cc2)c1,10.00,stable,16112,1060.78,GAFF2+ff14SB,TIP3P,2026-05-26,compound,
ROCK2,O=C(CCc1cccnc1)N1CCC(c2nnc3n2CCC3)CC1,10.00,moderate,20375,1269.05,GAFF2+ff14SB,TIP3P,2026-05-26,compound,
RIPK3,COc1ccc(C2CCCN2C(=O)Cc2ccc(C)nc2)cc1OC,10.00,stable,14092,1077.68,GAFF2+ff14SB,TIP3P,2026-05-26,compound,
RIPK3,N#Cc1c[nH]c2c(F)c(F)c(F)cc2c1=O,10.00,stable,12954,1256.74,GAFF2+ff14SB,TIP3P,2026-05-26,compound,
ROCK1,Cc1ccc2c(c1)CC1(CN2C)C(=O)OC(C)(C)OC1=O,10.00,stable,36033,198.32,GAFF2+ff14SB,TIP3P,2026-05-26,compound,
LIMK2,Cc1ncc(CC(=O)N2CC(C)Oc3cc(F)c(F)cc32)o1,10.00,stable,13843,1218.31,GAFF2+ff14SB,TIP3P,2026-05-26,compound,
RIPK3,CN1CC[C@H](C(=O)N2CCC(N(C)C(=O)c3ccc4cccnn34)C2)C1,10.00,moderate,13866,911.32,GAFF2+ff14SB,TIP3P,2026-05-26,compound,
ROCK2,Cc1ccc2c(c1)C(=O)O[C@@](C)(C(=O)O)C2,10.00,moderate,13149,1218.82,GAFF2+ff14SB,TIP3P,2026-05-26,compound,
RIPK3,CN1CCN(C(=O)c2cscc2-c2ccccc2)CC1=O,10.00,moderate,14980,1186.01,GAFF2+ff14SB,TIP3P,2026-05-26,compound,
RIPK3,Cc1ccc(CNC(=O)[C@@H]2CNC(=O)N2)cc1C,10.00,stable,14845,1109.82,GAFF2+ff14SB,TIP3P,2026-05-26,compound,
ROCK1,O=C(CN1Cc2c(cnn2-c2ccccc2)C1=O)N1CCNCC1,10.00,moderate,24329,204.87,GAFF2+ff14SB,TIP3P,2026-05-26,compound,
ROCK1,O=C1NC2c3ccccc3C(=O)N2c2c1cnn2-c1cccs1,10.00,moderate,12922,1246.10,GAFF2+ff14SB,TIP3P,2026-05-26,compound,
LIMK2,C[C@@]12CC(=O)O[C@@H](C1)C(=O)c1ccccc12,10.00,stable,17026,1118.85,GAFF2+ff14SB,TIP3P,2026-05-26,compound,
ROCK2,Cc1sc2nc(CCCC(=O)NCCCOC3CCOCC3)[nH]c(=O)c2c1C,10.00,stable,28511,441.23,GAFF2+ff14SB,TIP3P,2026-05-26,compound,
ROCK2,CC(=O)Nc1nonc1-c1nc2ccccc2[nH]1,10.00,stable,71177,520.96,GAFF2+ff14SB,TIP3P,2026-05-26,compound,
RIPK3,CC1(C)CCc2c(O)nc3ccc([N+](=O)[O-])cc3c2O1,10.00,stable,12870,1198.39,GAFF2+ff14SB,TIP3P,2026-05-26,compound,
ROCK1,O=C1NCCCC1C(=O)Nc1cccc(C(F)(F)F)c1,10.00,moderate,18246,1332.53,GAFF2+ff14SB,TIP3P,2026-05-26,compound,
LIMK2,O=C(Nc1cccc(CO)c1)c1ccccc1,10.00,stable,15068,1124.38,GAFF2+ff14SB,TIP3P,2026-05-26,compound,
ROCK2,O=C(C1CCC1)N1CCC[C@@H]1c1ccccc1,10.00,stable,40585,817.16,GAFF2+ff14SB,TIP3P,2026-05-26,compound,
ROCK2,O[C@@H]1CCN(c2cccc(C3CCNCC3)n2)C1,10.00,stable,12766,1165.49,GAFF2+ff14SB,TIP3P,2026-05-26,compound,
ROCK2,Cc1ccc(N2C(=S)O[C@@H]3CS(=O)(=O)C[C@H]32)cc1,10.00,stable,11371,1353.80,GAFF2+ff14SB,TIP3P,2026-05-26,compound,
ROCK2,CC(C)n1ncnc1CNC(=O)c1n[nH]c2c1C[C@@H](C)O[C@H]2C,10.00,stable,71219,502.90,GAFF2+ff14SB,TIP3P,2026-05-26,compound,
LIMK2,O=C(CC1CCCC(=O)N1)Nc1ccnn1-c1ccc(Cl)cc1,10.00,stable,14471,1024.83,GAFF2+ff14SB,TIP3P,2026-05-26,compound,
ROCK1,N#CCC(=O)N1CC(F)(F)C12CCCN(c1ncnc3[nH]ccc13)C2,10.00,moderate,18719,1193.99,GAFF2+ff14SB,TIP3P,2026-05-26,compound,
ROCK2,NC(=O)c1cc(F)c(N[C@H]2CO[C@H](N)OC2)cc1F,10.00,stable,51540,662.78,GAFF2+ff14SB,TIP3P,2026-05-26,compound,
ROCK2,CC1=CC(=O)O[C@H]2c3ccccc3N(C)C(=O)[C@H]12,10.00,stable,27206,1078.18,GAFF2+ff14SB,TIP3P,2026-05-26,compound,
RIPK3,Cc1cccc(N(C)C(=O)c2ncoc2C2CCNCC2)c1,10.00,moderate,15182,1154.32,GAFF2+ff14SB,TIP3P,2026-05-26,compound,
RIPK3,CN(Cc1nc(C(F)(F)F)cs1)C(=O)C1CCc2nncn2C1,10.00,stable,17833,220.12,GAFF2+ff14SB,TIP3P,2026-05-26,compound,
RIPK3,CC1(C)OC(=O)[C@@H](C(N)=O)[C@@H]1c1ccc(Cl)cc1,10.00,moderate,12999,1181.29,GAFF2+ff14SB,TIP3P,2026-05-26,compound,
LIMK2,Cc1csc(C(=O)NC2CCN(C(=O)c3cc(C(C)C)[nH]n3)C2)c1,10.00,stable,12044,1195.48,GAFF2+ff14SB,TIP3P,2026-05-26,compound,
ROCK1,NC(=O)C1(C(=O)Nc2ccc3oc(=O)n(CC(=O)N4CCCCC4)c3c2)C,10.00,stable,30987,933.10,GAFF2+ff14SB,TIP3P,2026-05-26,compound,
LIMK2,O=C(NC1CC1)N1CCC(c2nc(-c3ccccc3)no2)CC1,10.00,stable,17755,1161.95,GAFF2+ff14SB,TIP3P,2026-05-26,compound,
ROCK2,O=C(N[C@@H]1C[C@@H](O)C12CCOCC2)c1cc2c([nH]c1=O)CC,10.00,moderate,44917,716.68,GAFF2+ff14SB,TIP3P,2026-05-26,compound,
LIMK2,Cc1nc2ccccc2c(=O)n1CCC(=O)N1CCNC(=O)C1,10.00,stable,13730,212.76,GAFF2+ff14SB,TIP3P,2026-05-26,compound,
RIPK3,CC(NC(=O)c1ccc(C(F)(F)F)nc1)c1nnc2n1CCC2,10.00,moderate,14602,1090.51,GAFF2+ff14SB,TIP3P,2026-05-26,compound,
ROCK1,Cc1ccc(C(C)NC(=O)N2CCOCC2c2ncnn2C)cc1F,10.00,moderate,17136,1165.42,GAFF2+ff14SB,TIP3P,2026-05-26,compound,
RIPK3,CC(C)S(=O)Nc1nc(C(F)(F)F)nc2ccccc12,10.00,stable,13763,1180.23,GAFF2+ff14SB,TIP3P,2026-05-26,compound,
RIPK3,c1cnc2nc(N3CCCC4(CCOC4)C3)ccc2n1,10.00,stable,15711,1180.84,GAFF2+ff14SB,TIP3P,2026-05-26,compound,
LIMK2,Cc1cc(C(=O)N2CCC(c3nnc4n3CCC4)CC2)n[nH]1,10.00,stable,13160,1221.75,GAFF2+ff14SB,TIP3P,2026-05-26,compound,
RIPK3,O=S(=O)(NCc1nc(-c2ccc(F)cc2)n[nH]1)N1CCCC1,10.00,stable,14502,1335.85,GAFF2+ff14SB,TIP3P,2026-05-26,compound,
LIMK2,O=S(=O)(c1cnn(CC(F)F)c1)N1CCc2cccc(F)c21,10.00,stable,14037,1094.29,GAFF2+ff14SB,TIP3P,2026-05-26,compound,
ROCK2,Cn1cc(F)cc([C@H]2CCCN2c2ccn3ncc(C(=O)NC4CCC4)c3n2),10.00,stable,10959,1000.73,GAFF2+ff14SB,TIP3P,2026-05-26,compound,
ROCK1,O=C1N[C@@]2(CCNC2)N=C1c1ccc(F)cc1,10.00,stable,15739,1192.39,GAFF2+ff14SB,TIP3P,2026-05-26,compound,
ROCK2,O=C(N1CCS(=O)(=O)CC1)N1CC2(CCC2)C1c1ccccc1,10.00,stable,13217,1185.37,GAFF2+ff14SB,TIP3P,2026-05-26,compound,
RIPK3,Cc1cccc([C@@H]2NC(=O)c3c(cnn3C)N2)c1,10.00,stable,13211,1403.85,GAFF2+ff14SB,TIP3P,2026-05-26,compound,
ROCK2,O=C1C(NS(=O)(=O)c2cccc3cnccc23)CCN1CC(F)(F)F,10.00,unstable,42218,758.24,GAFF2+ff14SB,TIP3P,2026-05-26,compound,
ROCK2,N#Cc1ccc2c(C(F)(F)F)cc(=O)oc2c1,10.00,stable,13800,1192.41,GAFF2+ff14SB,TIP3P,2026-05-26,compound,
RIPK3,O=C1CNC(=O)N1CCn1nnc(-c2cccc(F)c2)n1,10.00,moderate,13386,1062.27,GAFF2+ff14SB,TIP3P,2026-05-26,compound,
ROCK2,O=S1(=O)C[C@@H]2CC=C3CCCC[C@H]3[C@H]2C1,10.00,stable,8504,1416.82,GAFF2+ff14SB,TIP3P,2026-05-26,compound,
RIPK3,CCN1CCC(NC(=O)Cn2cc(-c3cc4c(s3)CCNC4)nn2)CC1,10.00,moderate,16980,856.27,GAFF2+ff14SB,TIP3P,2026-05-26,compound,
ROCK1,O=C1CCC[C@@H]2[C@@H]3CCCN4CCC[C@H](CN12)[C@@H]34,10.00,stable,15634,1333.18,GAFF2+ff14SB,TIP3P,2026-05-26,compound,
ROCK1,CS(=O)(=O)c1cccc(C(=O)Nc2c(-c3ccco3)nc3ccccn23)c1,10.00,moderate,12028,1113.55,GAFF2+ff14SB,TIP3P,2026-05-26,compound,
RIPK3,CC1CN(C(=O)COc2ncnc3ccc(Br)cc23)CC(C)O1,10.00,moderate,12979,1198.99,GAFF2+ff14SB,TIP3P,2026-05-26,compound,
ROCK1,Cc1nnc2ccc(NC(C)c3ccc(F)cc3)nn12,100.00,moderate,18288,1430.59,GAFF2+ff14SB,TIP3P,2026-05-26,compound,
ROCK2,O=C(Nc1cccc2cn[nH]c12)c1ncnn1C1CCOCC1,10.00,stable,13184,1105.24,GAFF2+ff14SB,TIP3P,2026-05-26,compound,
ROCK2,CC(=O)N1CCCC(C(=O)N2CCN3C(=O)N(CC(C)C)CC3C2)C1,10.00,moderate,45776,689.69,GAFF2+ff14SB,TIP3P,2026-05-26,compound,
ROCK2,CC1(C)C/C(=N/O)C(=O)c2ccccc21,10.00,stable,12055,1496.74,GAFF2+ff14SB,TIP3P,2026-05-26,compound,
LIMK2,COc1cccc(C(Nc2ccc3nnnn3n2)c2nccn2C)c1,10.00,stable,12962,1157.53,GAFF2+ff14SB,TIP3P,2026-05-26,compound,
RIPK3,O=C(c1nc(C2CC2)n2ccccc12)N1CC[C@H](OC(F)F)C1,10.00,stable,11956,1159.10,GAFF2+ff14SB,TIP3P,2026-05-26,compound,
ROCK2,O=C(Cn1c(=O)[nH]c2ccccc21)N1CCN(C2CCS(=O)(=O)C2)CC,10.00,moderate,26869,1212.76,GAFF2+ff14SB,TIP3P,2026-05-26,compound,
LIMK2,NC(=O)c1cn(Cc2ccn(-c3c(F)cccc3F)n2)c(C2CC2)n1,10.00,stable,12487,211.03,GAFF2+ff14SB,TIP3P,2026-05-26,compound,
ROCK1,Cc1nc(N2CCN(C3CCS(=O)(=O)C3)CC2)c2cc[nH]c2n1,10.00,stable,27124,948.29,GAFF2+ff14SB,TIP3P,2026-05-26,compound,
ROCK2,Cn1cc(-c2ccnc(C3CCNCC3)n2)cn1,10.00,moderate,51463,683.59,GAFF2+ff14SB,TIP3P,2026-05-26,compound,
RIPK3,Cc1nn(C(C)C)cc1C(=O)NCc1cn2c(C)cccc2n1,10.00,stable,12833,1099.87,GAFF2+ff14SB,TIP3P,2026-05-26,compound,
ROCK1,CN(C)C(=O)c1cncc(-c2ccc3c(c2)OC(C)(C)C(=O)N3)c1,10.00,stable,13460,1167.81,GAFF2+ff14SB,TIP3P,2026-05-26,compound,
ROCK2,Cc1cc(N2CCCC(NC(=O)c3ccc4nnc(C)n4c3)C2)n(C)n1,10.00,stable,13009,1304.08,GAFF2+ff14SB,TIP3P,2026-05-26,compound,
RIPK3,N#Cc1ccc(SCC(=O)N2CCC(C(N)=O)CC2)cc1,10.00,moderate,12955,1409.76,GAFF2+ff14SB,TIP3P,2026-05-26,compound,
ROCK2,COc1c(-c2ccccc2Cl)[nH]c2c(=O)n(C)c(=O)n(C)c12,10.00,stable,71252,510.85,GAFF2+ff14SB,TIP3P,2026-05-26,compound,
ROCK2,Cc1noc(-c2cccnc2N2C[C@@H](CO)[C@H](c3cnn(C)c3)C2)n,10.00,stable,12764,1012.29,GAFF2+ff14SB,TIP3P,2026-05-26,compound,
ROCK2,CC1CCCC(C(=O)N2CCc3nn(C)c(=O)cc3C2)C1,10.00,stable,13234,1152.06,GAFF2+ff14SB,TIP3P,2026-05-26,compound,
ROCK2,Cc1ccc2nc(C(=O)N3CCNCC3)ccc2c1,10.00,stable,14462,1278.87,GAFF2+ff14SB,TIP3P,2026-05-26,compound,
ROCK2,O=C(Nc1cccc(Br)c1)N[C@@H]1CCS(=O)(=O)C1,10.00,stable,13017,1438.44,GAFF2+ff14SB,TIP3P,2026-05-26,compound,
ROCK2,Cc1c(C(=O)N2CCC(CC(N)=O)CC2)cnn1Cc1ccccc1,10.00,stable,12493,1129.35,GAFF2+ff14SB,TIP3P,2026-05-26,compound,
RIPK3,COc1ccccc1-c1cc(Cn2c(=O)c(C(N)=O)cn(C)c2=O)on1,10.00,moderate,16264,869.56,GAFF2+ff14SB,TIP3P,2026-05-26,compound,
RIPK3,Cc1ccccc1CC(=O)N1CCOCC1c1c(C)n[nH]c1C,10.00,moderate,12603,1053.45,GAFF2+ff14SB,TIP3P,2026-05-26,compound,
ROCK2,O=C(c1cn(Cc2ccc(F)cc2)nn1)N1CC(=O)N2CCOCC2C1,10.00,stable,35034,862.19,GAFF2+ff14SB,TIP3P,2026-05-26,compound,
LIMK2,COC[C@@H]1CN(c2ccc(C#N)cc2F)C[C@H]1c1cnn(C)c1,10.00,stable,10962,1505.48,GAFF2+ff14SB,TIP3P,2026-05-26,compound,
ROCK2,O=c1ccc(N2CCN(c3cc(C(F)(F)F)ncn3)CC2)c[nH]1,10.00,stable,28979,979.00,GAFF2+ff14SB,TIP3P,2026-05-26,compound,
ROCK1,O[C@@H]1C[C@H](c2ccccc2)OC12CCCCC2,10.00,stable,8917,1345.60,GAFF2+ff14SB,TIP3P,2026-05-26,compound,
ROCK1,Nc1ncc(-c2nc(N3CCOOC3)nc3c2C[C@@H]2COCCN32)cn1,10.00,moderate,36594,870.84,GAFF2+ff14SB,TIP3P,2026-05-26,compound,
LIMK2,CC(C)c1nnc2n1CC(NC(=O)C1Cc3ccccc3S1)CC2,10.00,stable,11934,1474.36,GAFF2+ff14SB,TIP3P,2026-05-26,compound,
ROCK2,Cc1cccnc1NC(=O)Cn1c(=O)[nH]c2ccccc2c1=O,10.00,stable,19064,1175.59,GAFF2+ff14SB,TIP3P,2026-05-26,compound,
LIMK2,NC(=O)c1cc(-c2ccc([N+](=O)[O-])cc2)nnc1F,10.00,moderate,14054,1136.00,GAFF2+ff14SB,TIP3P,2026-05-26,compound,
RIPK3,Cc1nc(O)c2c(n1)CCc1ccc(F)cc1-2,10.00,moderate,14150,1209.63,GAFF2+ff14SB,TIP3P,2026-05-26,compound,
RIPK3,O[C@@H](c1ccc2ccccc2c1)C(F)(F)F,10.00,stable,14089,1224.28,GAFF2+ff14SB,TIP3P,2026-05-26,compound,
LIMK2,Cc1cc(C(=O)NC2CCc3c(F)cccc32)no1,10.00,moderate,11101,1441.50,GAFF2+ff14SB,TIP3P,2026-05-26,compound,
RIPK3,NC(=O)CNC(=O)c1cccc2ccccc12,100.00,stable,16752,1452.99,GAFF2+ff14SB,TIP3P,2026-05-26,compound,
ROCK2,CC(=O)N[C@@H](Cc1ccccc1)C(=O)NN(C)C(=O)OCC(Cl)(Cl),10.00,stable,13669,1180.71,GAFF2+ff14SB,TIP3P,2026-05-26,compound,
RIPK3,O=C(c1ccc2[nH]c(=O)[nH]c2n1)N1CC2(CCCC2)C1,10.00,moderate,19876,1115.40,GAFF2+ff14SB,TIP3P,2026-05-26,compound,
RIPK3,O=C1CC(C2CC2)=NN1C1CCc2c(F)cccc21,10.00,moderate,13096,1151.21,GAFF2+ff14SB,TIP3P,2026-05-26,compound,
ROCK2,O=C(CCc1cnn(-c2ccccc2)c1)NC1CCc2nccn2C1,10.00,stable,11427,1377.94,GAFF2+ff14SB,TIP3P,2026-05-26,compound,
RIPK3,O=C(NO)c1cnc(NC2(c3cccc(F)c3F)CC2)nc1,10.00,stable,10587,1358.72,GAFF2+ff14SB,TIP3P,2026-05-26,compound,
ROCK2,O=Cc1cc(C(F)(F)F)cc2cccnc12,10.00,moderate,16021,210.12,GAFF2+ff14SB,TIP3P,2026-05-26,compound,
ROCK2,O=C([C@@H]1C[C@@H]1c1cccc(F)c1)N1CCCC1,10.00,stable,30330,1010.59,GAFF2+ff14SB,TIP3P,2026-05-26,compound,
ROCK2,Nc1ncc(Cc2cccc(C(F)(F)F)c2)c(N)n1,10.00,stable,12139,1399.87,GAFF2+ff14SB,TIP3P,2026-05-26,compound,
ROCK2,Cn1c(-c2cccc3ccccc23)nnc1S(C)(=O)=O,10.00,moderate,14118,1154.56,GAFF2+ff14SB,TIP3P,2026-05-26,compound,
ROCK2,Fc1cc(F)c2nc(OC3CCNCC3)sc2c1,10.00,stable,38297,825.09,GAFF2+ff14SB,TIP3P,2026-05-26,compound,
LIMK2,Cc1ccc(C(=O)NCc2nccn2Cc2ccccc2)c(=O)[nH]1,10.00,stable,11036,1186.79,GAFF2+ff14SB,TIP3P,2026-05-26,compound,
RIPK3,O=C1COc2ccc(N3C(=O)C=CC3=O)cc2N1,10.00,stable,13459,1195.41,GAFF2+ff14SB,TIP3P,2026-05-26,compound,
ROCK2,CNC(=O)C1CN(C(=O)c2ccnc(-c3ccco3)c2)C1,10.00,stable,29077,1048.73,GAFF2+ff14SB,TIP3P,2026-05-26,compound,
LIMK2,COc1cc(CC(=O)N2CCOC(c3cccc(Cl)c3)C2)ccn1,10.00,stable,18208,1042.95,GAFF2+ff14SB,TIP3P,2026-05-26,compound,
RIPK3,CC(C)N(Cc1ccc(F)cc1F)C(=O)[C@H]1CCCC(=O)N1,10.00,stable,15019,1076.62,GAFF2+ff14SB,TIP3P,2026-05-26,compound,
RIPK3,COC=1C=CC(=CN1)CNC(=O)C(C)NC(=O)C=2C=CC=CC2,100.00,stable,13630,1473.21,GAFF2+ff14SB,TIP3P,2026-05-26,compound,
ROCK2,Cc1nc2cc(=O)[nH]n2c(C)c1CNC(=O)C1CCc2[nH]ncc2C1,10.00,moderate,46865,691.81,GAFF2+ff14SB,TIP3P,2026-05-26,compound,
ROCK2,O=C1CCN(C(=O)C(F)(F)c2cc(Cl)ccc2Cl)N1,10.00,stable,17913,1242.63,GAFF2+ff14SB,TIP3P,2026-05-26,compound,
LIMK2,O=C1CCN(C(=O)C2CCN(c3cnccn3)CC2)C2CCCN12,10.00,stable,12800,1113.16,GAFF2+ff14SB,TIP3P,2026-05-26,compound,
LIMK2,CN1C(=O)CCC[C@H]1C(=O)N[C@@H](CCCCCS)C(=O)Nc1ccccc,10.00,stable,13767,972.50,GAFF2+ff14SB,TIP3P,2026-05-26,compound,
ROCK1,CCOc1ccc(-c2cn(C3CN(C(=O)N4CCOCC4)C3)nn2)cc1F,10.00,moderate,19769,1080.28,GAFF2+ff14SB,TIP3P,2026-05-26,compound,
RIPK3,CCc1noc(C(C)S(=O)(=O)Cc2cnn(-c3ccccc3)c2)n1,10.00,stable,15690,941.53,GAFF2+ff14SB,TIP3P,2026-05-26,compound,
ROCK2,Cn1cc(-c2nc3n(c2NC(=O)C2CC2(F)F)CCCC3)cn1,10.00,moderate,30265,957.74,GAFF2+ff14SB,TIP3P,2026-05-26,compound,
ROCK2,O=C(O)CCCNc1c2ccccc2nc2cccc([N+](=O)[O-])c12,10.00,moderate,28075,853.35,GAFF2+ff14SB,TIP3P,2026-05-26,compound,
ROCK2,CC(=O)N[C@H]1[C@@H]2CC[C@@H](C2)[C@@H]1c1ccccc1,10.00,moderate,9970,959.38,GAFF2+ff14SB,TIP3P,2026-05-26,compound,
ROCK2,CC(=O)c1ccc(N2CC(CNC(C)O)OC2=O)cc1Cl,10.00,moderate,98887,423.88,GAFF2+ff14SB,TIP3P,2026-05-26,compound,
ROCK2,O=C(Nc1cnc(-c2ccccc2)nc1)N1CCC(N2CCCC2=O)CC1,10.00,stable,17388,1080.77,GAFF2+ff14SB,TIP3P,2026-05-26,compound,
LIMK2,O=C(Nc1ccc(-n2cccn2)cc1)N1CCOCC1C1CC1,10.00,stable,13347,1282.85,GAFF2+ff14SB,TIP3P,2026-05-26,compound,
ROCK2,Cn1c(C2C(C3CC3)CCN2c2cncc(-n3cccn3)n2)n[nH]c1=O,10.00,moderate,88727,416.86,GAFF2+ff14SB,TIP3P,2026-05-26,compound,
ROCK2,Cc1nc(CN2C(=O)NC(C)(C)C2=O)nc2ccccc12,10.00,stable,57589,543.34,GAFF2+ff14SB,TIP3P,2026-05-26,compound,
LIMK2,CCC(NC(=O)Cc1ccc(S(=O)(=O)F)cc1)C1CCOCC1,100.00,stable,12300,1626.73,GAFF2+ff14SB,TIP3P,2026-05-26,compound,
RIPK3,O=c1cc(C(F)(F)F)[nH]n1-c1ccc(F)cc1,10.00,stable,12743,1229.04,GAFF2+ff14SB,TIP3P,2026-05-26,compound,
RIPK3,O=C(c1ccc(N2CCCC2)nn1)N1CCCC(n2cccn2)C1,10.00,stable,14054,1129.07,GAFF2+ff14SB,TIP3P,2026-05-26,compound,
ROCK2,CN1CC(C(=O)NC2CCCN(c3ccccc3F)C2)CC1=O,10.00,stable,20126,1117.91,GAFF2+ff14SB,TIP3P,2026-05-26,compound,
ROCK2,CCc1ccc(C(=O)N2CCC(OCC3CC3)CC2)cc1S(C)(=O)=O,10.00,moderate,15366,981.07,GAFF2+ff14SB,TIP3P,2026-05-26,compound,
ROCK1,C[C@@H](NC(=O)c1ccccc1OCC(=O)N(C)C)c1cccnc1,10.00,stable,20304,832.36,GAFF2+ff14SB,TIP3P,2026-05-26,compound,
RIPK3,C1=CC=2C(=NC=NC2N1)N3CCC(C3)C4CCOCC4,10.00,stable,11525,1243.97,GAFF2+ff14SB,TIP3P,2026-05-26,compound,
RIPK3,CC1CN(C(=O)CCNc2ccc3nnnn3n2)CC(C)O1,10.00,stable,13413,1128.62,GAFF2+ff14SB,TIP3P,2026-05-26,compound,
RIPK3,COCc1ccccc1-c1nc2c(=O)n(C)c(=O)n(C)c2[nH]1,10.00,stable,12456,1232.63,GAFF2+ff14SB,TIP3P,2026-05-26,compound,
ROCK2,O=C(c1ccnc(OCC(F)F)c1)N1CCCC(c2ccn[nH]2)C1,10.00,moderate,41121,769.33,GAFF2+ff14SB,TIP3P,2026-05-26,compound,
RIPK3,CCOC1CCN(C(=O)Cn2cnc3ccccc3c2=O)CC1,10.00,stable,13544,1149.77,GAFF2+ff14SB,TIP3P,2026-05-26,compound,
ROCK2,NC(=O)c1ncn(C2CCCN(C(=O)NCc3ccoc3)C2)n1,10.00,moderate,19906,1132.81,GAFF2+ff14SB,TIP3P,2026-05-26,compound,
RIPK3,Cc1occc1C(=O)NC1(c2ccccc2F)COC1,10.00,stable,12310,1405.03,GAFF2+ff14SB,TIP3P,2026-05-26,compound,
ROCK1,Cn1ccc(C(=O)N2CCC(COc3ccccc3)CC2)cc1=O,10.00,stable,13234,1107.09,GAFF2+ff14SB,TIP3P,2026-05-26,compound,
RIPK3,O=C(c1cc2ccccc2o1)N1CCNCC1,10.00,stable,13857,1174.76,GAFF2+ff14SB,TIP3P,2026-05-26,compound,
LIMK2,CCn1ncnc1CNC(=O)N1CCC=C(c2ccccc2)C1,10.00,stable,12971,1203.28,GAFF2+ff14SB,TIP3P,2026-05-26,compound,
ROCK2,Cc1cc(Nc2cnn(CCO)c2)n2nc(C(F)(F)F)nc2n1,10.00,stable,71105,563.71,GAFF2+ff14SB,TIP3P,2026-05-26,compound,
LIMK2,O=C(NC1CC1)C(NCc1nnc2ccc(C(F)(F)F)cn12)c1ccccc1,10.00,stable,12611,905.79,GAFF2+ff14SB,TIP3P,2026-05-26,compound,
ROCK1,Cc1cc(N2CC(C(F)(F)F)OC(C)(C)C2)n2ncnc2n1,10.00,stable,15406,1291.64,GAFF2+ff14SB,TIP3P,2026-05-26,compound,
LIMK2,Cn1cc(C(=O)N2CCC(OCc3ccccc3)CC2)ccc1=O,10.00,stable,12080,997.79,GAFF2+ff14SB,TIP3P,2026-05-26,compound,
LIMK2,OCC1=CN(N=N1)C2CCCN(C2)C=3N=CN=C4NC=CC34,10.00,stable,13661,1046.77,GAFF2+ff14SB,TIP3P,2026-05-26,compound,
LIMK2,Cc1ncoc1C(=O)NC1(C(F)(F)F)CCc2ccccc21,10.00,stable,14958,1119.41,GAFF2+ff14SB,TIP3P,2026-05-26,compound,
ROCK2,O=C(C(=O)N1CCC2(CCCN2)C1)N1CC2(CCCC2)C1,10.00,moderate,54665,603.21,GAFF2+ff14SB,TIP3P,2026-05-26,compound,
ROCK2,C/C(=C\c1cc(C(=O)Cc2ccccc2)cn1C)C(=O)NO,10.00,stable,20082,1371.09,GAFF2+ff14SB,TIP3P,2026-05-26,compound,
RIPK3,O=C(Cn1cnc2c(nnn2-c2ccc(Cl)cc2)c1=O)NCC1CCCO1,10.00,stable,13433,907.17,GAFF2+ff14SB,TIP3P,2026-05-26,compound,
LIMK2,CNS(=O)(=O)c1cc(C(=O)N2CCN(C)CC2)cc(C)c1C,10.00,stable,14816,1253.55,GAFF2+ff14SB,TIP3P,2026-05-26,compound,
LIMK2,O=C(C1CCCOC1)N1Cc2cnn(-c3ccccc3)c2C1,10.00,stable,11593,1172.34,GAFF2+ff14SB,TIP3P,2026-05-26,compound,
ROCK2,COc1ncccc1NC(=O)C1CCOc2ccccc21,10.00,stable,12201,1186.46,GAFF2+ff14SB,TIP3P,2026-05-26,compound,
LIMK2,Cc1nc2cc(C(=O)NCc3ccc(F)cc3)cnc2[nH]1,10.00,stable,11834,1254.80,GAFF2+ff14SB,TIP3P,2026-05-26,compound,
ROCK2,Cn1nc(C(=O)NC2(c3ccccc3)CCC2)ccc1=O,10.00,stable,15740,1251.41,GAFF2+ff14SB,TIP3P,2026-05-26,compound,
LIMK2,O=C(/C=C/c1ccc(Cl)cc1)NC1CCCC1,10.00,stable,12493,1363.41,GAFF2+ff14SB,TIP3P,2026-05-26,compound,
ROCK2,O=C(N[C@H]1CCCc2c(F)cc(F)cc21)C1(CO)CCOCC1,10.00,moderate,15808,1027.86,GAFF2+ff14SB,TIP3P,2026-05-26,compound,
RIPK3,C[C@@H]1COCCN1C(=O)NCc1coc2ccccc12,10.00,moderate,14690,928.83,GAFF2+ff14SB,TIP3P,2026-05-26,compound,
ROCK2,Cc1cc(C(=O)N[C@@H](C)c2cnccn2)c2c(C)noc2n1,10.00,moderate,24027,907.03,GAFF2+ff14SB,TIP3P,2026-05-26,compound,
RIPK3,O=C(NCc1cccc(CN2CCOCC2)c1)C1CCOCC1,10.00,moderate,11968,1052.08,GAFF2+ff14SB,TIP3P,2026-05-26,compound,
ROCK2,Cc1c(NC(C)C(=O)N2CCNC2=O)cnn1-c1cccc(Cl)c1,10.00,moderate,15522,984.02,GAFF2+ff14SB,TIP3P,2026-05-26,compound,
ROCK2,C[C@@H](Sc1nnc(-c2ccccc2F)o1)C(N)=O,10.00,stable,14197,1332.76,GAFF2+ff14SB,TIP3P,2026-05-26,compound,
ROCK1,Cc1c(C(=S)NC(=O)C2CC2)c(=O)n(-c2ccccc2)n1C,10.00,moderate,28704,1064.94,GAFF2+ff14SB,TIP3P,2026-05-26,compound,
RIPK3,Cc1nc2ccccc2c(=O)n1CC(=O)NC(N)=O,10.00,stable,16385,1088.77,GAFF2+ff14SB,TIP3P,2026-05-26,compound,
ROCK1,O=C(c1ccc(-c2ccccc2)[nH]c1=O)N1CCOCC1,10.00,moderate,20322,1098.16,GAFF2+ff14SB,TIP3P,2026-05-26,compound,
ROCK1,Cc1nc2ncnn2c(C)c1CCc1nc(-c2cccnc2)no1,10.00,stable,23213,1190.06,GAFF2+ff14SB,TIP3P,2026-05-26,compound,
RIPK3,c1cc2[nH]ncc2cc1-c1cn(CC2CCOOC2)nn1,10.00,stable,12375,988.11,GAFF2+ff14SB,TIP3P,2026-05-26,compound,
ROCK2,O=C1CNC(=O)N1CCN1CCC(C(O)c2ccc(F)cc2)CC1,10.00,stable,15176,1019.87,GAFF2+ff14SB,TIP3P,2026-05-26,compound,
LIMK2,Cc1nn(CC(=O)N2CC(=O)Nc3ccccc32)c(C)c1[N+](=O)[O-],10.00,stable,11431,1392.33,GAFF2+ff14SB,TIP3P,2026-05-26,compound,
ROCK2,O=C(NCc1c(F)cccc1OC(F)F)c1ccc2nncn2c1,10.00,stable,12907,1203.11,GAFF2+ff14SB,TIP3P,2026-05-26,compound,
ROCK2,CCc1onc(C)c1NC(=O)NCC(C)(O)c1cccc(F)c1,10.00,stable,12757,1382.91,GAFF2+ff14SB,TIP3P,2026-05-26,compound,
ROCK2,Cc1cc(C)c(NC(=O)N2CCOC(c3ccccc3F)C2)c(C)n1,10.00,stable,11631,1372.08,GAFF2+ff14SB,TIP3P,2026-05-26,compound,
LIMK2,O=C(c1cccc(C(F)(F)F)c1)N1CCOCC1c1ncon1,10.00,stable,11228,1063.80,GAFF2+ff14SB,TIP3P,2026-05-26,compound,
ROCK1,O=C(NCCn1c(=O)[nH]c2ccccc21)c1ccc(F)cc1,10.00,moderate,26432,987.84,GAFF2+ff14SB,TIP3P,2026-05-26,compound,
RIPK3,NC1CCCN(C(=O)c2cccc(-n3cccn3)n2)C1,10.00,stable,12983,1318.57,GAFF2+ff14SB,TIP3P,2026-05-26,compound,
ROCK2,CCNC(=O)Nc1ccc(-c2nc3c(c(N4CCOOC4)n2)CS(=O)CC3)cc1,10.00,stable,30307,1096.26,GAFF2+ff14SB,TIP3P,2026-05-26,compound,
ROCK2,Cc1nc(O)c2c(n1)CCc1ccc(F)cc1-2,10.00,stable,24416,1030.37,GAFF2+ff14SB,TIP3P,2026-05-26,compound,
RIPK3,O=C(NC[C@H]1CC[C@H](CNC(=O)C2CC23CC3)CC1)C1CCS(=O),10.00,stable,12967,1313.10,GAFF2+ff14SB,TIP3P,2026-05-26,compound,
RIPK3,O=C(NCc1ccc(-n2cnc3ccccc32)nc1)C1CC1,10.00,moderate,14024,1113.85,GAFF2+ff14SB,TIP3P,2026-05-26,compound,
ROCK1,O=c1n(CCO)c2cnc(-c3cnc4ccc(F)cn34)nc2n1C1CCOCC1,10.00,stable,22402,979.25,GAFF2+ff14SB,TIP3P,2026-05-26,compound,
LIMK2,CCc1nnc(C)cc1C(=O)N1CC(O)CC1c1cc(F)ccc1F,10.00,stable,11540,1050.07,GAFF2+ff14SB,TIP3P,2026-05-26,compound,
ROCK1,Cc1cc2cn[nH]c2cc1C(=O)N1CCCC(NC(=O)c2ncc(F)cc2F)C1,10.00,moderate,18962,983.43,GAFF2+ff14SB,TIP3P,2026-05-26,compound,
RIPK3,Cc1cccc(C(=O)Nc2nn(C)cc2C(N)=O)c1Cl,100.00,moderate,15797,1374.58,GAFF2+ff14SB,TIP3P,2026-05-26,compound,
LIMK2,O=C(NO)c1ccc(CNS(=O)(=O)c2ccccc2)cc1,10.00,stable,13489,1102.46,GAFF2+ff14SB,TIP3P,2026-05-26,compound,
LIMK2,O=C1NCCN(C(=O)c2cccnc2)C1c1ccccc1Cl,10.00,stable,15055,1284.75,GAFF2+ff14SB,TIP3P,2026-05-26,compound,
LIMK2,Cc1ccsc1C(=O)NC1CCN(C(=O)c2cc(C(C)C)[nH]n2)C1,10.00,stable,10845,1091.63,GAFF2+ff14SB,TIP3P,2026-05-26,compound,
LIMK2,Cc1onc2c1C(=O)C[C@@H](c1ccccc1)C2,10.00,stable,15082,1168.05,GAFF2+ff14SB,TIP3P,2026-05-26,compound,
ROCK2,CC(=O)C1=C(O)C(=O)N[C@H]1c1cccc(F)c1,10.00,stable,12723,1039.09,GAFF2+ff14SB,TIP3P,2026-05-26,compound,
ROCK2,CC(C)NS(=O)(=O)c1cccc(-c2nc(Cc3ccno3)no2)c1,10.00,moderate,12088,1181.10,GAFF2+ff14SB,TIP3P,2026-05-26,compound,
ROCK2,CCn1nncc1C(=O)NC1(c2ccc(F)cc2F)CCC1,10.00,stable,14197,1134.69,GAFF2+ff14SB,TIP3P,2026-05-26,compound,
ROCK2,CN(Cc1nncn1C)C(=O)[C@@H]1C[C@]12CCOc1ccccc12,10.00,stable,10691,1187.13,GAFF2+ff14SB,TIP3P,2026-05-26,compound,
ROCK2,CC(C)c1cc(=O)n(CC(=O)N2CCCC(C(F)(F)F)C2)cn1,10.00,stable,13423,1327.87,GAFF2+ff14SB,TIP3P,2026-05-26,compound,
ROCK2,O=C(c1cc(F)cc2[nH]nnc12)N1CC(CNC(=O)C(F)(F)F)C1,10.00,stable,13738,1112.92,GAFF2+ff14SB,TIP3P,2026-05-26,compound,
ROCK2,Cc1nc(C)c(C(=O)N[C@@H]2CCO[C@H]2c2ccc(F)c(F)c2)s1,10.00,stable,13102,1364.92,GAFF2+ff14SB,TIP3P,2026-05-26,compound,
LIMK2,NC(=O)CCNC(=O)c1cccc(S(=O)(=O)N2CCc3sccc3C2)c1,10.00,stable,13380,975.77,GAFF2+ff14SB,TIP3P,2026-05-26,compound,
ROCK2,Cn1nnc2cc(C(=O)N3Cc4cccc(Cl)c4C3)ccc21,10.00,stable,14053,1128.09,GAFF2+ff14SB,TIP3P,2026-05-26,compound,
ROCK2,COc1cccc(C2(C#N)CCC(=O)CC2)c1,10.00,stable,12146,1233.79,GAFF2+ff14SB,TIP3P,2026-05-26,compound,
LIMK2,CC(c1ccc(F)cc1Cl)n1cc([C@H]2COC(C)(C)O2)nn1,10.00,stable,12305,1012.15,GAFF2+ff14SB,TIP3P,2026-05-26,compound,
LIMK2,CC(=O)N1CCN(c2csc3ccc(F)cc3c2=O)CC1,10.00,stable,16992,1169.53,GAFF2+ff14SB,TIP3P,2026-05-26,compound,
LIMK2,CC(C)(O)C(C)(C)NC(=O)Cn1ncc2ccccc2c1=O,10.00,stable,17315,1431.25,GAFF2+ff14SB,TIP3P,2026-05-26,compound,
LIMK2,CN(C)CC(=O)N1CCCC(n2nc(-c3cnn(C)c3)c3c(N)ncnc32)C1,10.00,moderate,16449,1048.77,GAFF2+ff14SB,TIP3P,2026-05-26,compound,
LIMK2,O=C(NC1CCCC(C(F)(F)F)C1)N1CC=CC1,10.00,stable,15917,1122.36,GAFF2+ff14SB,TIP3P,2026-05-26,compound,
RIPK3,O=C(Cc1ccsc1)N1CCC(c2nnc3ccccn23)CC1,10.00,stable,24391,1152.84,GAFF2+ff14SB,TIP3P,2026-05-26,compound,
RIPK3,O=C1CC(C(=O)N2CCCCC2c2ncon2)c2ccc(F)cc2N1,10.00,stable,13427,1137.77,GAFF2+ff14SB,TIP3P,2026-05-26,compound,
LIMK2,NC(=O)CN1CCC(NC(=O)Cc2cnn(-c3ccccc3)c2)CC1,10.00,stable,14696,865.66,GAFF2+ff14SB,TIP3P,2026-05-26,compound,
ROCK1,CCCc1n[nH]c(C2CN(Cc3ccccc3C#N)CCO2)n1,10.00,stable,16863,1122.26,GAFF2+ff14SB,TIP3P,2026-05-26,compound,
LIMK2,Cc1nc(C#N)c(N2CCC(C(=O)NCC3(O)CCOC3C)CC2)o1,10.00,stable,16864,911.77,GAFF2+ff14SB,TIP3P,2026-05-26,compound,
LIMK2,CC1(F)CCCN(S(=O)(=O)c2ccc3c(c2)C(=O)NCC3)C1,10.00,stable,10595,1173.17,GAFF2+ff14SB,TIP3P,2026-05-26,compound,
LIMK2,O=C(Cc1ccc2ccccc2c1)NC1CC1,10.00,moderate,12805,1170.34,GAFF2+ff14SB,TIP3P,2026-05-26,compound,
LIMK2,COC(=O)CN1C(=O)c2c(C)nc3ccc(F)cc3c2C1=O,10.00,stable,12439,1021.77,GAFF2+ff14SB,TIP3P,2026-05-26,compound,
RIPK3,O=C(c1cccc(C(F)(F)F)c1)N1CCOCC1c1ncon1,10.00,stable,17030,1422.69,GAFF2+ff14SB,TIP3P,2026-05-26,compound,
ROCK1,CN(C)C(=O)C(Cc1ccccc1)Nc1ccc2nnnn2n1,10.00,unstable,35169,793.03,GAFF2+ff14SB,TIP3P,2026-05-26,compound,
LIMK2,COc1ccc(NC(=O)c2ccc(CO)c(F)c2)c(C)n1,10.00,stable,12035,1216.63,GAFF2+ff14SB,TIP3P,2026-05-26,compound,
ROCK2,O=C1COC(N2C(=O)c3c(F)c(F)c(F)c(F)c3C2=O)C(=O)N1,10.00,stable,13927,1203.94,GAFF2+ff14SB,TIP3P,2026-05-26,compound,
LIMK2,CC(c1cn(Cc2cc(=O)n3ccc(N)cc3n2)nn1)N1CCCC1,10.00,stable,11656,879.66,GAFF2+ff14SB,TIP3P,2026-05-26,compound,
RIPK3,CCNC(=O)CNC(=O)N1CCC(NC(=O)c2ccccc2C)CC1,10.00,stable,14496,1017.98,GAFF2+ff14SB,TIP3P,2026-05-26,compound,
RIPK3,O=C1Nc2ccc(S(=O)N3CCCCC3)cc2C1=O,10.00,stable,14937,1279.73,GAFF2+ff14SB,TIP3P,2026-05-26,compound,
ROCK1,CCn1c2cc(N3CCNCC3)c(F)cc2n2c(=O)[nH]c(=O)cc12,10.00,moderate,34519,836.14,GAFF2+ff14SB,TIP3P,2026-05-26,compound,
ROCK2,O=C(NCCc1nc(-c2ccccc2)n[nH]1)c1ccon1,10.00,moderate,26938,1079.22,GAFF2+ff14SB,TIP3P,2026-05-26,compound,
RIPK3,COC(=O)CN1C(=O)c2c(C)nc3ccc(F)cc3c2C1=O,10.00,stable,12647,1015.14,GAFF2+ff14SB,TIP3P,2026-05-26,compound,
ROCK1,Cn1c(=O)c2c3ccccc3[nH]c2n(C)c1=O,10.00,moderate,20344,1124.65,GAFF2+ff14SB,TIP3P,2026-05-26,compound,
ROCK2,O=C(NCC1CC=CCC1)Nc1cc(C(F)(F)F)c[nH]c1=O,10.00,stable,61023,563.85,GAFF2+ff14SB,TIP3P,2026-05-26,compound,
LIMK2,N#CC(=CN1CCC(C(N)=O)CC1)C(=O)Nc1cccc(Cl)c1,10.00,stable,13358,1155.26,GAFF2+ff14SB,TIP3P,2026-05-26,compound,
RIPK3,C[C@@H](NC(=O)c1ccnn1C1CC1)c1ccc(C(F)(F)F)nc1,10.00,stable,12900,1302.08,GAFF2+ff14SB,TIP3P,2026-05-26,compound,
RIPK3,CCOC(=O)C1=NN2C(=O)Nc3ccccc3C2C1,10.00,stable,15277,636.64,GAFF2+ff14SB,TIP3P,2026-05-26,compound,
ROCK2,Cc1ccccc1-c1cc(NS(C)(=O)=O)n(C)n1,10.00,moderate,36897,835.90,GAFF2+ff14SB,TIP3P,2026-05-26,compound,
ROCK2,CC(C)(C)NC(=O)[C@H]1CC[C@H]2[C@@H]3CC[C@H]4NC(=O)C,10.00,stable,12563,1376.54,GAFF2+ff14SB,TIP3P,2026-05-26,compound,
ROCK2,c1cc2[nH]ncc2cc1-n1cc(C2CC2)nn1,10.00,stable,71141,528.11,GAFF2+ff14SB,TIP3P,2026-05-26,compound,
RIPK3,CCS(=O)(=O)c1c[nH]c(=O)c(C(=O)N2CCCC(C)(F)C2)c1,10.00,stable,13199,1228.78,GAFF2+ff14SB,TIP3P,2026-05-26,compound,
ROCK2,Cc1c(C(=O)NC2CCC(NC(=O)c3nnn(C(C)C)c3C)CC2)nnn1C(C,10.00,stable,17057,620.18,GAFF2+ff14SB,TIP3P,2026-05-26,compound,
ROCK2,CCc1nc2c(C(=O)NC34CCCCC3OCC4)ccnc2[nH]1,10.00,moderate,50623,609.90,GAFF2+ff14SB,TIP3P,2026-05-26,compound,
LIMK2,Cc1cc(O)n2nc([C@@H]3CCCNC3)cc2n1,10.00,stable,11774,1242.18,GAFF2+ff14SB,TIP3P,2026-05-26,compound,
ROCK1,O=C(NC1CC1)C1CCN(c2ccc(S(=O)(=O)N3CCOCC3)cc2Cl)CC1,10.00,moderate,23096,880.40,GAFF2+ff14SB,TIP3P,2026-05-26,compound,
LIMK2,C[C@H](NC(=O)c1cc2c(cc1Br)NC(=O)CO2)C1CCOCC1,10.00,stable,11564,1417.29,GAFF2+ff14SB,TIP3P,2026-05-26,compound,
ROCK2,O=C(c1cc(=O)[nH]c2cc(F)ccc12)N1CCCC1,10.00,moderate,71185,573.78,GAFF2+ff14SB,TIP3P,2026-05-26,compound,
NFE2L2,O=C1NC(=O)C2(CCN(C(=O)c3ccc4c(c3)CC(c3ccccc3)OC4=O,10.00,moderate,17798,983.46,GAFF2+ff14SB,TIP3P,2026-05-26,compound,
LIMK2,CCOC(CNC(=O)c1n[nH]c2ccccc2c1=O)C1CCOC1,10.00,stable,10593,1064.80,GAFF2+ff14SB,TIP3P,2026-05-26,compound,
ROCK2,CCc1ccc2ncc3c(=O)n(C)[nH]c3c2c1,10.00,moderate,17920,1324.48,GAFF2+ff14SB,TIP3P,2026-05-26,compound,
LIMK2,O=C(NCc1ccon1)c1cc(-c2ccccn2)ccc1Cl,10.00,moderate,15080,1149.37,GAFF2+ff14SB,TIP3P,2026-05-26,compound,
ROCK2,COC(C(=O)N1CC2(CC(NC(=O)c3cc(C)co3)c3nccn32)C1)C1C,10.00,stable,23417,913.81,GAFF2+ff14SB,TIP3P,2026-05-26,compound,
ROCK2,O=C(Cn1cc(Br)ccc1=O)Nc1ccnn1CC1CCOC1,10.00,stable,11510,1074.48,GAFF2+ff14SB,TIP3P,2026-05-26,compound,
ROCK1,CC1CN(C(=O)c2cc(C(F)F)ncn2)c2cc(Cl)ccc2O1,10.00,moderate,20379,1293.18,GAFF2+ff14SB,TIP3P,2026-05-26,compound,
ROCK1,CCC(=O)c1ccc2c(c1)C[C@H]1[C@H](CNC(C)=O)OC(=O)N21,10.00,moderate,40656,740.62,GAFF2+ff14SB,TIP3P,2026-05-26,compound,
ROCK1,Cc1ccc(CCC(=O)NCC(=O)NCC(=O)NC2CC2)cc1,10.00,stable,16882,1353.81,GAFF2+ff14SB,TIP3P,2026-05-26,compound,
LIMK2,NC(=O)C1CN(C(=O)c2ccc(Cl)cc2F)c2ccccc2O1,10.00,moderate,16795,1165.09,GAFF2+ff14SB,TIP3P,2026-05-26,compound,
LIMK2,O=C(c1ccc(=O)[nH]n1)N1CCC[C@H](OCc2ccccc2F)C1,10.00,stable,12657,1187.76,GAFF2+ff14SB,TIP3P,2026-05-26,compound,
ROCK2,Cc1nnc(NC(=O)C2CCCN(C(=O)Cc3ccccc3)C2)s1,10.00,moderate,77940,439.86,GAFF2+ff14SB,TIP3P,2026-05-26,compound,
ROCK1,O=C(Cn1c(=O)n(Cc2ccco2)c(=O)c2ccccc21)NCC1COCO1,10.00,moderate,13592,865.54,GAFF2+ff14SB,TIP3P,2026-05-26,compound,
LIMK2,NC(=O)NC1CCN(C(=O)NCC2(N3CCOCC3)CCCCC2)CC1,10.00,stable,13273,1246.92,GAFF2+ff14SB,TIP3P,2026-05-26,compound,
RIPK3,COc1ccn2c(C(=O)NC[C@H]3C[C@](O)(C(F)(F)F)C3)cnc2c1,10.00,moderate,13090,1159.32,GAFF2+ff14SB,TIP3P,2026-05-26,compound,
ROCK2,O=C1CN(C(=O)Nc2ccccc2Oc2cccc(F)c2)CCN1,10.00,stable,12542,969.15,GAFF2+ff14SB,TIP3P,2026-05-26,compound,
ROCK2,C[C@@H]1Nc2ccccc2[C@H](C)[C@H]1C(=O)O,10.00,stable,12430,1350.76,GAFF2+ff14SB,TIP3P,2026-05-26,compound,
ROCK2,CC1CN(C)CC(C(=O)NC(C)c2cn(-c3ccccc3)nn2)O1,10.00,stable,11335,1047.16,GAFF2+ff14SB,TIP3P,2026-05-26,compound,
LIMK2,CCC1(NC(=O)c2cc(C)n(-c3ccc(F)cc3)n2)CCOC1,100.00,stable,10988,1512.72,GAFF2+ff14SB,TIP3P,2026-05-26,compound,
ROCK2,CCn1c(-c2ccc3ncccc3c2)nnc1N1CCC(C(N)=O)C1,10.00,stable,13168,1160.20,GAFF2+ff14SB,TIP3P,2026-05-26,compound,
ROCK2,O=C(C1CCCCN1Cc1nc2ccccc2c(=O)[nH]1)N1CCCC1,10.00,stable,12116,1352.25,GAFF2+ff14SB,TIP3P,2026-05-26,compound,
ROCK2,CC(C)NC(=O)c1cc2ccccc2oc1=O,10.00,stable,13336,1188.99,GAFF2+ff14SB,TIP3P,2026-05-26,compound,
ROCK2,Cc1ccccc1C(=O)NC1CCN(c2ncnc3[nH]ncc23)CC1,10.00,stable,30898,810.36,GAFF2+ff14SB,TIP3P,2026-05-26,compound,
ROCK2,O=C(NC1CCN(c2ncccc2C(F)(F)F)CC1)C1CC1,10.00,stable,11447,1374.47,GAFF2+ff14SB,TIP3P,2026-05-26,compound,
ROCK2,Cc1nc(C2CCCN(C)C2)sc1C(=O)NC1CCCn2c(C)nnc21,10.00,moderate,17876,1023.18,GAFF2+ff14SB,TIP3P,2026-05-26,compound,
ROCK2,Cc1c(Cl)cc(F)c(NC(=O)N2CCCCC2CS(C)(=O)=O)c1F,10.00,moderate,11702,1157.83,GAFF2+ff14SB,TIP3P,2026-05-26,compound,
ROCK2,Cc1cnc(NC(=O)N2CCC(N3CCCCC3=O)CC2)s1,100.00,moderate,29609,1388.52,GAFF2+ff14SB,TIP3P,2026-05-26,compound,
ROCK2,O=C(CCc1cccc(F)c1F)N1CC2(CCOCC2)C1,10.00,stable,13678,1280.36,GAFF2+ff14SB,TIP3P,2026-05-26,compound,
ROCK1,Cc1ccc(C(C)NC(=O)c2cnc3[nH]nc(C)c3c2)o1,10.00,stable,43439,736.02,GAFF2+ff14SB,TIP3P,2026-05-26,compound,
LIMK2,COC(C)(C)c1noc(-c2cc(C)c(C)c(S(N)(=O)=O)c2)n1,10.00,stable,13398,947.41,GAFF2+ff14SB,TIP3P,2026-05-26,compound,
LIMK2,Cc1ccc2nc(C(=O)N3CCNCC3)ccc2c1,10.00,stable,13168,1283.80,GAFF2+ff14SB,TIP3P,2026-05-26,compound,
ROCK2,Cc1cc(N2CCOCC2)c2ccccc2n1,10.00,moderate,60470,574.55,GAFF2+ff14SB,TIP3P,2026-05-26,compound,
LIMK2,CC(NC(=O)NC1CCC(C(F)(F)F)CC1)c1ccccn1,100.00,stable,17065,1384.12,GAFF2+ff14SB,TIP3P,2026-05-26,compound,
LIMK2,O=C(Cc1cn2cc(F)ccc2n1)N1CCC1C1CC(F)(F)C1,10.00,stable,14428,1244.80,GAFF2+ff14SB,TIP3P,2026-05-26,compound,
RIPK3,CC1(C)CN(C(=O)c2nc3ccccc3c(=O)[nH]2)CCS1,10.00,moderate,12195,1377.88,GAFF2+ff14SB,TIP3P,2026-05-26,compound,
LIMK2,CC(=O)Nc1nc(C(=O)N2CCCC(c3cc(C)[nH]n3)C2)cs1,10.00,stable,12447,998.11,GAFF2+ff14SB,TIP3P,2026-05-26,compound,
RIPK3,Cc1nn(C)c2sc(C(=O)N3CCCC3c3cnn(C)c3)cc12,10.00,moderate,11528,1142.42,GAFF2+ff14SB,TIP3P,2026-05-26,compound,
RIPK3,CC1(C)C(=O)NCCN1C(=O)c1nccc2ccccc12,10.00,stable,17497,1468.64,GAFF2+ff14SB,TIP3P,2026-05-26,compound,
RIPK3,Cc1c(C(C)NC(=O)c2csnn2)cnn1-c1ccc(F)cc1,10.00,moderate,12672,1301.88,GAFF2+ff14SB,TIP3P,2026-05-26,compound,
RIPK3,Cc1cccc(C(=O)N2CCCC(c3noc(C)n3)C2)n1,10.00,stable,18516,1462.99,GAFF2+ff14SB,TIP3P,2026-05-26,compound,
ROCK1,CCc1ncnc(N2COC(C)(O)OC2)c1C#Cc1ccc(C)nc1,10.00,moderate,14917,811.18,GAFF2+ff14SB,TIP3P,2026-05-26,compound,
LIMK2,CC(C)c1nc(C2(NC(=O)c3cnn4ccncc34)CCCC2)no1,10.00,stable,13279,208.80,GAFF2+ff14SB,TIP3P,2026-05-26,compound,
LIMK2,CCc1nnc2n1CCN(C(=O)c1ccc3[nH]nnc3c1)C2,10.00,moderate,16693,1031.60,GAFF2+ff14SB,TIP3P,2026-05-26,compound,
LIMK2,CC(NC(=O)C1(c2ccco2)CCOCC1)c1ccccc1,10.00,stable,12422,1271.31,GAFF2+ff14SB,TIP3P,2026-05-26,compound,
ROCK2,COc1cc(C(C)=O)ccc1OCC(=O)N(C)Cc1nc2ccsc2c(=O)[nH]1,10.00,stable,12618,815.04,GAFF2+ff14SB,TIP3P,2026-05-26,compound,
RIPK3,CCc1cc2c(NC3CCc4nc(C)nn4C3)ncnc2s1,10.00,stable,14908,1206.65,GAFF2+ff14SB,TIP3P,2026-05-26,compound,
LIMK2,COCc1ccccc1C(=O)Nc1ccc2c(c1)CCC(=O)N2C,10.00,stable,12143,1375.73,GAFF2+ff14SB,TIP3P,2026-05-26,compound,
ROCK2,OC1c2ccccc2-c2nc3ccccc3cc21,10.00,stable,13757,1431.68,GAFF2+ff14SB,TIP3P,2026-05-26,compound,
ROCK2,Cn1ncc2c(NC3CCc4ccccc43)ncnc21,10.00,moderate,44735,844.48,GAFF2+ff14SB,TIP3P,2026-05-26,compound,
ROCK2,Cc1nsc(C)c1C(=O)NC1c2ccccc2CC12CCOCC2,10.00,stable,19155,1178.79,GAFF2+ff14SB,TIP3P,2026-05-26,compound,
LIMK2,Cn1cccc1C(=O)N1Cc2ccc(C(=O)NO)cc2C1,10.00,stable,14947,1305.42,GAFF2+ff14SB,TIP3P,2026-05-26,compound,
LIMK2,CC(=O)NC1CCC(C(F)(F)F)N(C(=O)c2cccc(C)c2F)C1,10.00,stable,12524,1265.86,GAFF2+ff14SB,TIP3P,2026-05-26,compound,
LIMK2,CC(Sc1nnnn1CC1CCCO1)c1nc2ccccc2c(=O)[nH]1,10.00,stable,11738,1205.02,GAFF2+ff14SB,TIP3P,2026-05-26,compound,
LIMK2,CC(NC1CCN(c2ccccc2)C1=O)c1nnc2n1CCCC2,10.00,stable,11138,1201.91,GAFF2+ff14SB,TIP3P,2026-05-26,compound,
LIMK2,COc1ccccc1NC(=O)N(C)Cc1nc2ccccc2c(=O)[nH]1,10.00,stable,15303,1211.46,GAFF2+ff14SB,TIP3P,2026-05-26,compound,
LIMK2,O=C1CCC2(CC1)Cc1ccccc1[C@@H]2O,10.00,stable,13172,1314.10,GAFF2+ff14SB,TIP3P,2026-05-26,compound,
RIPK3,CC(=O)N1CCC(C)(C(=O)N(C)Cc2nc3ccccc3c(=O)[nH]2)C1,10.00,moderate,15853,1211.53,GAFF2+ff14SB,TIP3P,2026-05-26,compound,
LIMK2,O=C(NO)c1cnc(NC2(c3ccc(F)cc3)CO2)nc1,10.00,stable,12941,954.97,GAFF2+ff14SB,TIP3P,2026-05-26,compound,
LIMK2,C[C@H](O)c1ccc2c(c1)Cc1ccccc1-2,10.00,stable,18068,1244.42,GAFF2+ff14SB,TIP3P,2026-05-26,compound,
ROCK2,C=CC(=O)NCC(=O)N1CCC(n2c(=O)oc3ccccc32)C1,10.00,stable,29681,944.67,GAFF2+ff14SB,TIP3P,2026-05-26,compound,
LIMK2,Cn1cc(NC(=O)C2CCCN(C(=O)Cc3ccc(F)cc3)C2)cn1,10.00,stable,11607,1266.35,GAFF2+ff14SB,TIP3P,2026-05-26,compound,
RIPK3,Cc1ccnc(NC(=O)c2ccc(N3CCOCC3)cc2)c1,10.00,stable,13683,1294.27,GAFF2+ff14SB,TIP3P,2026-05-26,compound,
ROCK2,CN(C)C(=O)C1CCN(C(=O)NC2CCN(C)C2c2ccccc2)C1,10.00,stable,12503,1375.86,GAFF2+ff14SB,TIP3P,2026-05-26,compound,
ROCK1,O=C(c1ccc2c(c1)[nH]c(=O)n2C1CCCC1)N1CC(O)(C2CC2)C1,10.00,moderate,23727,961.01,GAFF2+ff14SB,TIP3P,2026-05-26,compound,
ROCK2,CC(=O)Nc1nc2ccccc2n2cnnc12,100.00,moderate,16740,1315.05,GAFF2+ff14SB,TIP3P,2026-05-26,compound,
RIPK3,O=C(NO)c1ccc(CNC(=O)C2CCCOC2)cc1,10.00,moderate,11690,1351.41,GAFF2+ff14SB,TIP3P,2026-05-26,compound,
LIMK2,Cc1nc2cnc3[nH]ccc3c2n1[C@H]1CCCOC1,10.00,stable,18245,1430.88,GAFF2+ff14SB,TIP3P,2026-05-26,compound,
ROCK1,O=C(O)C1CN(C(=O)c2[nH]c3ccc(Cl)cc3c2Cl)CCO1,10.00,moderate,9989,1564.90,GAFF2+ff14SB,TIP3P,2026-05-26,compound,
ROCK2,O=S(=O)(NCc1cn(C2CCCc3ccccc32)nn1)C1CC1,10.00,stable,11779,1105.57,GAFF2+ff14SB,TIP3P,2026-05-26,compound,
ROCK2,Cc1ccc(F)cc1-n1ncc(C#N)c1N,10.00,stable,14109,207.48,GAFF2+ff14SB,TIP3P,2026-05-26,compound,
RIPK3,Cc1cc(C)n(-c2ccc(NC3CCN(C)CC3)nn2)n1,100.00,moderate,14069,1494.28,GAFF2+ff14SB,TIP3P,2026-05-26,compound,
ROCK1,Cn1ccc(C(=O)N2CCC(OCc3ccccc3)CC2)cc1=O,10.00,moderate,23565,1228.21,GAFF2+ff14SB,TIP3P,2026-05-26,compound,
ROCK2,Cc1ccc2c(c1C)OC(=O)[C@@]2(O)C(F)(F)F,10.00,stable,10878,1330.37,GAFF2+ff14SB,TIP3P,2026-05-26,compound,
RIPK3,c1ccc([C@@H]2CC(c3cccnc3)=NO2)cc1,100.00,stable,12693,1605.59,GAFF2+ff14SB,TIP3P,2026-05-26,compound,
ROCK2,CO[C@@H]1C[C@@H](CO)N(C(=O)c2cncc(-c3ccccc3)c2)C1,10.00,stable,12870,1193.74,GAFF2+ff14SB,TIP3P,2026-05-26,compound,
ROCK2,N[C@H]1CCN(c2ccccc2C(F)(F)F)C1=O,10.00,stable,13105,1199.95,GAFF2+ff14SB,TIP3P,2026-05-26,compound,
ROCK2,Cc1n[nH]cc1C1CCN(C(=O)c2ccc(OC(F)F)nc2)CC1,10.00,moderate,43369,818.02,GAFF2+ff14SB,TIP3P,2026-05-26,compound,
RIPK3,Cc1ccc(S(=O)(=O)N2CCCC2c2nncn2C)cc1Cl,10.00,stable,14424,1103.06,GAFF2+ff14SB,TIP3P,2026-05-26,compound,
LIMK2,O=C(Cc1ccc(F)cc1F)NCc1nc(-c2cccnc2)n[nH]1,10.00,stable,13407,953.76,GAFF2+ff14SB,TIP3P,2026-05-26,compound,
ROCK2,CC[C@@H](C)NC(=O)c1cc2cccc(C)c2o1,10.00,moderate,14110,971.44,GAFF2+ff14SB,TIP3P,2026-05-26,compound,
RIPK3,CC(C)N1C(=O)CN(C(=O)c2cc3cccn3cn2)CC1(C)C,100.00,moderate,13496,1618.06,GAFF2+ff14SB,TIP3P,2026-05-26,compound,
RIPK3,O=C(NC1CC1)C1CCN(c2ccc(S(=O)(=O)N3CCOCC3)cc2F)CC1,10.00,stable,15538,981.18,GAFF2+ff14SB,TIP3P,2026-05-26,compound,
ROCK2,C=CC(=O)N1CCC(C(=O)N2CCC(c3c(F)cccc3F)C2)CC1,10.00,stable,19017,211.73,GAFF2+ff14SB,TIP3P,2026-05-26,compound,
ROCK1,Cc1onc(-c2ccccc2)c1C(=O)NCC1(C(N)=O)CCOCC1,10.00,moderate,16518,970.03,GAFF2+ff14SB,TIP3P,2026-05-26,compound,
RIPK3,Cn1cc(-c2nn(C3COCN(C#N)C3)c3ncnc(N)c23)cn1,100.00,stable,13888,1312.66,GAFF2+ff14SB,TIP3P,2026-05-25,compound,
ROCK1,Cc1c(NC(=O)CCC(=O)N2CCOCC2)c(=O)n(-c2ccccc2)n1C,100.00,moderate,28606,1227.26,GAFF2+ff14SB,TIP3P,2026-05-25,compound,
LIMK2,Cc1noc(C23CC(CN2C(=O)Nc2cc(C)c4cn[nH]c4c2)C3)n1,100.00,stable,12488,1568.83,GAFF2+ff14SB,TIP3P,2026-05-25,compound,
ROCK1,Cc1noc([C@]23C[C@H]2CN(C(=O)Cc2ccc(F)c(F)c2)C3)n1,10.00,stable,14410,205.48,GAFF2+ff14SB,TIP3P,2026-05-25,compound,
ROCK2,O=C(c1cnn2ncccc12)N1CCOCC12CCOC2,10.00,moderate,23326,1053.85,GAFF2+ff14SB,TIP3P,2026-05-25,compound,
ROCK2,CS(=O)(=O)Cc1ccc(C(=O)NCc2ccccn2)cc1,10.00,stable,38355,742.54,GAFF2+ff14SB,TIP3P,2026-05-25,compound,
ROCK1,Cc1[nH]nc2[nH]c(=O)cc([C@@H]3CC[C@@H](NC(=O)[C@H]4,10.00,stable,20363,1087.91,GAFF2+ff14SB,TIP3P,2026-05-25,compound,
ROCK1,CC(=O)N1CCN(C(C)c2nc3ccccc3c(=O)[nH]2)CC1,10.00,moderate,15058,1050.63,GAFF2+ff14SB,TIP3P,2026-05-25,compound,
LIMK2,CC(Cc1ccsc1)NC(=O)c1cc(N2CCNC2=O)ccc1F,10.00,stable,16704,863.45,GAFF2+ff14SB,TIP3P,2026-05-25,compound,
ROCK1,O=C(C1CC(=O)N(c2ccc(F)cc2)C1)N1CCC(C2(O)CC2)CC1,10.00,moderate,64465,532.76,GAFF2+ff14SB,TIP3P,2026-05-25,compound,
ROCK2,Cc1cccc(C2(C(=O)NC3CC3)CCC2)c1,10.00,stable,11719,215.19,GAFF2+ff14SB,TIP3P,2026-05-25,compound,
ROCK2,CCS(=O)(=O)N1CCC(C(=O)Nc2ccc(C)c(C)c2)CC1,10.00,moderate,69605,487.34,GAFF2+ff14SB,TIP3P,2026-05-25,compound,
ROCK2,O=C(CC1(O)CCCNC1)N1CCn2c(CC3CC3)nnc2C1,10.00,stable,65214,507.85,GAFF2+ff14SB,TIP3P,2026-05-25,compound,
LIMK2,Cn1cc([C@H]2OCC[C@@H]2NC(=O)c2n[nH]c3ccccc23)cn1,10.00,stable,13826,949.50,GAFF2+ff14SB,TIP3P,2026-05-25,compound,
ROCK2,CC(C)N1CCC(NC(=O)Cn2cc(-c3ccncc3F)nn2)CC1,10.00,stable,10384,863.20,GAFF2+ff14SB,TIP3P,2026-05-25,compound,
ROCK2,CC(C)C(NC(=O)NC1CCCN(c2ccccc2F)C1)C(N)=O,10.00,stable,19206,1319.26,GAFF2+ff14SB,TIP3P,2026-05-25,compound,
LIMK2,CN(Cc1nc2ccccc2c(=O)[nH]1)C(=O)CNC(=O)c1ccccc1OC(F,10.00,stable,13260,856.86,GAFF2+ff14SB,TIP3P,2026-05-25,compound,
LIMK2,CN1C(=O)CCC(NC(=O)[C@@H]2C[C@H]2c2ccc(F)cc2)C1=O,100.00,stable,14776,1251.82,GAFF2+ff14SB,TIP3P,2026-05-25,compound,
LIMK2,CN1CCN(C(=O)O[C@H]2c3nccnc3C(=O)N2c2ccc(Cl)cn2)OC1,100.00,stable,13495,1443.89,GAFF2+ff14SB,TIP3P,2026-05-25,compound,
ROCK1,Cn1c(N2CC[C@H](NC(=O)c3ncc4ccccn34)C2)cc(=O)n(C)c1,100.00,moderate,22529,1411.09,GAFF2+ff14SB,TIP3P,2026-05-25,compound,
RIPK3,Cc1ccc(C(=O)c2ccc(F)c(F)c2)cn1,10.00,stable,13082,1023.25,GAFF2+ff14SB,TIP3P,2026-05-25,compound,
LIMK2,O=C(N1CC(n2ccnn2)C1)C1(c2cccc(C(F)(F)F)c2)CC1,100.00,stable,11132,1591.02,GAFF2+ff14SB,TIP3P,2026-05-25,compound,
RIPK3,O=C1CCC2=C(CCc3cc(Cl)ccc32)N1,10.00,stable,14028,1284.85,GAFF2+ff14SB,TIP3P,2026-05-25,compound,
RIPK3,CCn1nc2c(cc1=O)CN(c1ncnc3[nH]ccc13)CC2,10.00,moderate,14532,1185.71,GAFF2+ff14SB,TIP3P,2026-05-25,compound,
ROCK2,Cn1nc2n(c1=O)C(=O)N(c1ccccc1)C2,10.00,stable,13108,1330.00,GAFF2+ff14SB,TIP3P,2026-05-25,compound,
ROCK2,COc1cc(C(=O)N2CCC(C(F)(F)F)CC2)cc(Cl)c1O,10.00,stable,13235,1080.48,GAFF2+ff14SB,TIP3P,2026-05-25,compound,
LIMK2,Cc1c(NC(=O)CCC(=O)N2CCOCC2)c(=O)n(-c2ccccc2)n1C,10.00,moderate,16262,858.44,GAFF2+ff14SB,TIP3P,2026-05-25,compound,
ROCK2,COCC1(C)NC(=O)N(Cc2cc(-c3ccccc3)no2)C1=O,10.00,stable,71236,539.61,GAFF2+ff14SB,TIP3P,2026-05-25,compound,
LIMK2,COc1ncc(NCc2nc3ccccc3n2C)cc1C(N)=O,10.00,moderate,11866,1065.73,GAFF2+ff14SB,TIP3P,2026-05-25,compound,
LIMK2,Cc1noc(C)c1CC(=O)N1CC(O)CC1c1cccc(F)c1,10.00,stable,11456,1185.22,GAFF2+ff14SB,TIP3P,2026-05-25,compound,
LIMK2,O=C(NC1CCOCC1)C=2C=CC(=CC2)C3=NOC(=N3)C(F)(F)F,10.00,stable,12445,916.99,GAFF2+ff14SB,TIP3P,2026-05-25,compound,
LIMK2,CCS(=O)(=O)c1cccc(NC(=O)C2CCc3[nH]nc(C(F)(F)F)c3C2,10.00,stable,14494,1264.91,GAFF2+ff14SB,TIP3P,2026-05-25,compound,
LIMK2,O=C1CC(Nc2ncnc3c2cnn3-c2ccccc2)CN1C1CC1,10.00,stable,13291,1241.69,GAFF2+ff14SB,TIP3P,2026-05-25,compound,
LIMK2,CC1(C)O[C@@H]2CC3C4C[C@H](F)C5=CC(=O)C=CC5(C)[C@@],10.00,moderate,17986,1420.00,GAFF2+ff14SB,TIP3P,2026-05-25,compound,
LIMK2,Cc1ccc(C(=O)NC2CCN(S(=O)(=O)C3CC3)CC2)c(F)c1,10.00,moderate,11659,1315.35,GAFF2+ff14SB,TIP3P,2026-05-25,compound,
ROCK2,Cc1cc(C)c(C(=O)NC2(c3ccc(F)cc3F)CCOCC2)[nH]1,10.00,moderate,44422,826.78,GAFF2+ff14SB,TIP3P,2026-05-25,compound,
LIMK2,CNC(=O)c1ccccc1OCC(=O)N1CCC(C(=O)N2CCCC2)CC1,10.00,stable,14511,1134.33,GAFF2+ff14SB,TIP3P,2026-05-25,compound,
LIMK2,c1ccc2c(c1)CON(c1nc(C3CCOCC3)ns1)C2,10.00,stable,13850,1173.22,GAFF2+ff14SB,TIP3P,2026-05-25,compound,
LIMK2,CC1CC(NC(=O)N2CCCC(C)(O)C2)C(=O)N1c1ccccc1,10.00,stable,12526,1371.89,GAFF2+ff14SB,TIP3P,2026-05-25,compound,
LIMK2,O=C(NC1(c2nccc(C(F)(F)F)n2)CCC1)C1CCC2(CC2)C1,10.00,moderate,11460,1095.33,GAFF2+ff14SB,TIP3P,2026-05-25,compound,
LIMK2,O=C(Cc1ccc(Cl)cc1)N1CCN(c2ccc3nncn3n2)CC1,10.00,stable,11694,809.07,GAFF2+ff14SB,TIP3P,2026-05-25,compound,
ROCK1,Cc1c(CCC(=O)N2CC=C(c3ccccc3)CC2)c(=O)[nH]c2c1c(=O),10.00,stable,12600,914.54,GAFF2+ff14SB,TIP3P,2026-05-25,compound,
LIMK2,Cn1c(=O)c2c(ncn2CCS(=O)(=O)NC2CCOc3ccccc32)n(C)c1=,10.00,stable,11664,1332.98,GAFF2+ff14SB,TIP3P,2026-05-25,compound,
LIMK2,Cc1c(C(=O)NC(C(N)=O)c2ccc(F)cc2)cnn1Cc1ccccc1,10.00,stable,12890,1045.10,GAFF2+ff14SB,TIP3P,2026-05-25,compound,
LIMK2,CC(C)CC(=O)N=S1(=O)CCC2(CC1)CC(NC(=O)C1CCCC13CC3)C,10.00,stable,14449,902.20,GAFF2+ff14SB,TIP3P,2026-05-25,compound,
ROCK1,Cc1ccc(NC(=O)CN2C(=O)NC(C)(c3ccc(F)cc3)C2=O)nc1,10.00,stable,20397,921.81,GAFF2+ff14SB,TIP3P,2026-05-25,compound,
LIMK2,CN(Cc1nc2ccccc2c(=O)[nH]1)C(=O)c1ccccc1N1CCCC1=O,10.00,stable,13331,787.19,GAFF2+ff14SB,TIP3P,2026-05-25,compound,
ROCK2,O=C(CNC(=O)C1CCc2[nH]ncc2C1)Nc1cccc2cccnc12,10.00,moderate,12113,1039.34,GAFF2+ff14SB,TIP3P,2026-05-25,compound,
ROCK2,O=C1CC(C(=O)N2CCCc3n[nH]cc32)c2ccc(F)cc2N1,10.00,moderate,28584,904.90,GAFF2+ff14SB,TIP3P,2026-05-25,compound,
RIPK3,O=C(Cc1n[nH]c2ccccc12)NCc1[nH]nc2c1CCCC2,100.00,moderate,13099,1292.61,GAFF2+ff14SB,TIP3P,2026-05-25,compound,
RIPK3,COc1c(-c2ccccc2Cl)[nH]c2c(=O)n(C)c(=O)n(C)c12,10.00,moderate,14780,1232.22,GAFF2+ff14SB,TIP3P,2026-05-25,compound,
RIPK3,Cc1ccc2nc(C(=O)N3CCNCC3)ccc2c1,100.00,moderate,12984,1469.80,GAFF2+ff14SB,TIP3P,2026-05-25,compound,
RIPK3,O=C(NCc1ccccn1)c1c[nH]nc1-c1ccc(F)cc1,10.00,stable,15728,1064.78,GAFF2+ff14SB,TIP3P,2026-05-25,compound,
RIPK3,Cc1oc2nc[nH]c(=O)c2c1C(=O)NC1CCOc2ccccc21,10.00,stable,12219,1259.16,GAFF2+ff14SB,TIP3P,2026-05-25,compound,
RIPK3,Cc1ccc2cc(C(=O)N3C[C@@H](F)C[C@H]3CO)ccc2n1,100.00,stable,10818,1718.57,GAFF2+ff14SB,TIP3P,2026-05-25,compound,
RIPK3,CC(C)(C(=O)N1CCC(OCCO)CC1)c1ccc2c(c1)OCCO2,10.00,stable,11869,1308.58,GAFF2+ff14SB,TIP3P,2026-05-25,compound,
RIPK3,CCOc1cc(-c2ccc(N3CC(CNC(C)=O)OC3=O)cc2)cccc1=O,10.00,stable,11336,888.43,GAFF2+ff14SB,TIP3P,2026-05-25,compound,
RIPK3,O=C(CN1C(=O)NC(Cc2ccccc2)C1=O)NCc1ccco1,10.00,moderate,17820,1147.18,GAFF2+ff14SB,TIP3P,2026-05-25,compound,
RIPK3,O=C(Nc1cnn(-c2ncccn2)c1)C1Cc2ccccc2O1,10.00,stable,16000,1011.95,GAFF2+ff14SB,TIP3P,2026-05-25,compound,
RIPK3,CN1CC2(Cc3cc(C#N)ccc31)C(=O)OC(C)(C)OC2=O,10.00,stable,12626,1302.88,GAFF2+ff14SB,TIP3P,2026-05-25,compound,
RIPK3,CC12C=CC(=O)C=C1C=CC1C2COC2(C)C1CCC21CCC(=O)O1,10.00,moderate,14226,1113.36,GAFF2+ff14SB,TIP3P,2026-05-25,compound,
RIPK3,Cn1cc(C(=O)N2CCC(OCc3ccccc3)CC2)ccc1=O,10.00,stable,11473,1213.16,GAFF2+ff14SB,TIP3P,2026-05-25,compound,
RIPK3,O=C(CN1CCS(=O)(=O)CC1)NC1(c2ccc(Cl)cc2)CCCC1,100.00,moderate,15296,1315.43,GAFF2+ff14SB,TIP3P,2026-05-25,compound,
RIPK3,Cc1cccc(-n2cc(C(=O)N3CCCC(c4nnn[nH]4)C3)nn2)c1,10.00,stable,13167,726.29,GAFF2+ff14SB,TIP3P,2026-05-25,compound,
RIPK3,COc1ccc(-c2c(C)cc(N3CC(CNC(C)=O)OC3=O)cc2F)ccc1=O,10.00,stable,12831,1142.91,GAFF2+ff14SB,TIP3P,2026-05-25,compound,
RIPK3,CC1(NC(=O)C2CCCN(C(=O)c3ccc(F)cc3)C2)CCOC1,100.00,moderate,12460,1388.61,GAFF2+ff14SB,TIP3P,2026-05-25,compound,
RIPK3,Cc1nn(CC(=O)Nc2ccccc2)c(=O)c2ccccc12,10.00,moderate,14114,1093.80,GAFF2+ff14SB,TIP3P,2026-05-25,compound,
RIPK3,CN1N=C(C(=O)NC(C)(CO)c2cccc(C(F)(F)F)c2)CCC1=O,10.00,moderate,11965,1320.90,GAFF2+ff14SB,TIP3P,2026-05-25,compound,
RIPK3,CN1CCC2(CCCN(C(=O)c3ccc4nnc(C(F)F)n4c3)C2)CC1,100.00,stable,12425,1540.82,GAFF2+ff14SB,TIP3P,2026-05-25,compound,
RIPK3,CCn1cnc2c1CCN(C(=O)c1n[nH]c3c1C[C@@H](C)O[C@H]3C)C,10.00,stable,13807,1210.96,GAFF2+ff14SB,TIP3P,2026-05-25,compound,
RIPK3,CC(Cl)C(=O)NC1CCc2nc(-c3cc(F)ccc3F)cn2C1,10.00,moderate,14768,1103.94,GAFF2+ff14SB,TIP3P,2026-05-25,compound,
RIPK3,O=C(C1CC(=O)N(c2ccc(F)cc2)C1)N1CCC(C2(O)CC2)CC1,10.00,stable,11987,816.50,GAFF2+ff14SB,TIP3P,2026-05-25,compound,
RIPK3,O=C1CCc2cc(NCc3nnnn3CC3CCOCC3)c(F)cc2N1,100.00,stable,11841,1397.73,GAFF2+ff14SB,TIP3P,2026-05-25,compound,
RIPK3,O=C(c1nn(-c2cccc(F)c2)cc1O)N1CCCC1CF,10.00,moderate,13109,1309.00,GAFF2+ff14SB,TIP3P,2026-05-25,compound,
RIPK3,O=c1n(Cc2nc(C3CCC(F)(F)CC3)cs2)nc2ccccn12,10.00,stable,12803,1124.15,GAFF2+ff14SB,TIP3P,2026-05-25,compound,
RIPK3,Nc1cc(C(F)F)c(-c2nc(C3COOOC3)nc(N3CCOCC3)n2)cn1,100.00,moderate,12503,1564.87,GAFF2+ff14SB,TIP3P,2026-05-25,compound,
RIPK3,Cc1ccc(N2CCCC(NC(=O)NCCNC(=O)C(C)C)C2=O)cc1,10.00,stable,13568,1033.86,GAFF2+ff14SB,TIP3P,2026-05-25,compound,
RIPK3,Cc1cccc(NC(=O)CCCc2nc3ccccc3c(=O)[nH]2)n1,100.00,stable,12878,1402.53,GAFF2+ff14SB,TIP3P,2026-05-25,compound,
ROCK1,CN(C(=O)Nc1ccncc1)C1CCCN(c2ccccc2)C1=O,10.00,stable,16361,1084.76,GAFF2+ff14SB,TIP3P,2026-05-24,compound,
ROCK2,O=C(C1CCCC1)N1CCN(Cc2ncnc3[nH]cnc23)CC1,100.00,moderate,32329,1300.34,GAFF2+ff14SB,TIP3P,2026-05-24,compound,
ROCK2,Cc1nc(C(=O)N2CC(c3cccc(C(F)(F)F)c3)OCC2C)c[nH]1,10.00,stable,47855,184.51,GAFF2+ff14SB,TIP3P,2026-05-24,compound,
LIMK2,O=C(c1cc(F)cc2cccnc12)N1CCOCC1c1ccco1,10.00,stable,14154,213.60,GAFF2+ff14SB,TIP3P,2026-05-23,compound,
LIMK2,Cc1csc(C2(NC(=O)C3CCc4cnn(C)c4C3)CCCC2)n1,10.00,stable,11890,1204.97,GAFF2+ff14SB,TIP3P,2026-05-23,compound,
LIMK2,Cc1cc(C)c(NC(=O)N2CC3(CCC3)C2C2CCOCC2)c(C)n1,10.00,stable,12897,1116.72,GAFF2+ff14SB,TIP3P,2026-05-23,compound,
RIPK3,CC(C)N1CCN(C(=O)Cn2nc(-c3ccccc3)oc2=O)CC1,10.00,stable,15165,209.75,GAFF2+ff14SB,TIP3P,2026-05-23,compound,
RIPK3,Cn1nc2c(cc1=O)CN(CCc1nc3ccccc3c(=O)[nH]1)CC2,10.00,stable,14049,914.96,GAFF2+ff14SB,TIP3P,2026-05-23,compound,
LIMK2,O=C(c1cc(-c2ccccc2)[nH]n1)N1CCCC1c1cccnc1,10.00,stable,13028,1484.15,GAFF2+ff14SB,TIP3P,2026-05-23,compound,
RIPK3,Cc1cc(C(F)F)n2ncc(C(=O)N3CC4(CC(=O)NCC4O)C3)c2n1,100.00,stable,12987,1690.62,GAFF2+ff14SB,TIP3P,2026-05-23,compound,
ROCK2,O=C(NCCCN1CCCCC1=O)c1cc2ccc(Br)cc2c(=O)[nH]1,10.00,stable,106130,339.46,GAFF2+ff14SB,TIP3P,2026-05-23,compound,
ROCK1,CCN(Cc1nc2cc(Cl)ccc2c(=O)[nH]1)C(=O)C1CCN(C(=O)c2c,10.00,stable,35465,192.04,GAFF2+ff14SB,TIP3P,2026-05-23,compound,
LIMK1,O=C1CCC2CN(CCC2N1)C=3N=CN=C4NC=CC34,10.00,stable,11716,1181.67,GAFF2+ff14SB,TIP3P,2026-05-23,compound,
RIPK3,Cc1nnccc1NC(=O)Cn1cnc2c(oc3ccccc32)c1=O,100.00,moderate,12954,1422.35,GAFF2+ff14SB,TIP3P,2026-05-23,compound,
LIMK2,COc1c(C)c(=O)n2c3c(=O)n(C)c(=O)n(C)c3nc2n1Cc1cccc(,10.00,stable,11102,1278.80,GAFF2+ff14SB,TIP3P,2026-05-23,compound,
LIMK2,COc1ccc(-c2ccc(N3CC(CNC(C)=O)OC3=O)cc2C)ccc1=O,10.00,moderate,15115,962.78,GAFF2+ff14SB,TIP3P,2026-05-23,compound,
RIPK3,CC1(C)CCC(CC(=O)N2CC(=O)Nc3cc(F)c(F)cc32)OC1,10.00,stable,13035,1247.49,GAFF2+ff14SB,TIP3P,2026-05-23,compound,
ROCK1,Cc1n[nH]c(C)c1CC(=O)NC1c2ccccc2CCC1CO,10.00,stable,13679,1234.54,GAFF2+ff14SB,TIP3P,2026-05-23,compound,
LIMK2,O=C(c1cc2ccccc2c(=O)[nH]1)N1CCN2CCCCC2C1,10.00,stable,11423,1276.14,GAFF2+ff14SB,TIP3P,2026-05-23,compound,
RIPK3,CC1Cc2c(c3cccnc3n(-c3ccnnc3)c2=O)O1,10.00,stable,14343,1281.90,GAFF2+ff14SB,TIP3P,2026-05-23,compound,
RIPK3,Cc1noc(C(NC(=O)c2cccc(-c3n[nH]c(C)n3)c2)C(C)C)n1,10.00,stable,13934,205.48,GAFF2+ff14SB,TIP3P,2026-05-23,compound,
LIMK2,O=C(NCc1ccc(C(=O)N2CCCC2)cc1)c1cccc(F)c1,10.00,stable,11428,1325.08,GAFF2+ff14SB,TIP3P,2026-05-23,compound,
ROCK2,CN(Cc1nc2ccccc2c(=O)[nH]1)C(=O)CNC(=O)c1ccccc1OC(F,10.00,moderate,93114,150.66,GAFF2+ff14SB,TIP3P,2026-05-23,compound,
ROCK2,COc1cccc(C(=O)NCC(=O)NC2CCN(c3ccccc3)C2=O)c1,10.00,moderate,32179,661.07,GAFF2+ff14SB,TIP3P,2026-05-23,compound,
ROCK1,CCOc1ccccc1C(=O)NCC(=O)NC(C)c1cn(-c2ccccc2)nn1,10.00,stable,31645,978.37,GAFF2+ff14SB,TIP3P,2026-05-23,compound,
RIPK3,Cc1oc2nc[nH]c(=O)c2c1C(=O)NCc1cccc(F)c1,10.00,stable,13203,945.68,GAFF2+ff14SB,TIP3P,2026-05-23,compound,
LIMK2,CN1CCC2(CCCN(C(=O)c3ccc4nnc(C(F)F)n4c3)C2)CC1,10.00,stable,10863,1389.10,GAFF2+ff14SB,TIP3P,2026-05-23,compound,
RIPK3,Cc1cc(C(F)(F)F)ccc1N=C(S)N1CCN(C(=O)C2CCCO2)CC1,10.00,moderate,20426,1369.52,GAFF2+ff14SB,TIP3P,2026-05-23,compound,
LIMK2,Cc1[nH]c2ccccc2c1C1CCN(C(=O)C2COCCO2)CC1,10.00,stable,15531,1014.35,GAFF2+ff14SB,TIP3P,2026-05-23,compound,
RIPK3,Cc1ccc(C(C)(C)NC(=O)c2ccc(F)cc2C(F)(F)F)cn1,10.00,moderate,12901,1350.47,GAFF2+ff14SB,TIP3P,2026-05-23,compound,
RIPK3,N#CCNC(=O)C[C@H]1CC[C@@H](c2nnn3cnc4[nH]ccc4c23)CC,10.00,stable,12615,1046.45,GAFF2+ff14SB,TIP3P,2026-05-23,compound,
ROCK1,Cc1ccc(NC(=O)c2cn(C3CCNCC3)nn2)c2cccnc12,10.00,moderate,17909,893.46,GAFF2+ff14SB,TIP3P,2026-05-23,compound,
RIPK3,NC(=O)c1ccc(OCC(=O)N2CCc3ccccc3C2)cc1,10.00,stable,13893,1299.10,GAFF2+ff14SB,TIP3P,2026-05-23,compound,
RIPK3,O=c1c2c(c3cccnc3n1-c1ccnnc1)OCCC2,10.00,stable,12393,213.29,GAFF2+ff14SB,TIP3P,2026-05-23,compound,
LIMK2,O=c1[nH]c2cnc(-n3cnc4ccccc43)nc2n1C1CCOCC1,10.00,stable,11468,1113.75,GAFF2+ff14SB,TIP3P,2026-05-23,compound,
LIMK2,Cc1nc(C(NC(=O)C2CC2c2ccccc2)c2ccccc2)n[nH]1,10.00,stable,20154,1390.52,GAFF2+ff14SB,TIP3P,2026-05-23,compound,
RIPK3,Cn1cc(C2CN(c3cc(N4CCOC(c5cnn(C)c5)C4)ncn3)CCO2)cn1,10.00,stable,13365,913.80,GAFF2+ff14SB,TIP3P,2026-05-23,compound,
LIMK2,O=C(c1ccco1)N1CCN(Cc2nc3ccc(Cl)cc3c(=O)[nH]2)CC1,100.00,stable,11631,1610.03,GAFF2+ff14SB,TIP3P,2026-05-23,compound,
RIPK3,O=C(NCc1ccc(C(=O)N2CCCC2)cc1)c1cccc(F)c1,10.00,stable,13956,1061.43,GAFF2+ff14SB,TIP3P,2026-05-23,compound,
LIMK2,CCC1(c2noc(-c3ccc(C(=O)N4CCOCC4)cc3)n2)CC1,10.00,stable,12413,1086.17,GAFF2+ff14SB,TIP3P,2026-05-23,compound,
RIPK3,Cc1nc2c3ccccc3nc(NNC(=O)CCc3nnon3)n2n1,10.00,stable,11921,201.81,GAFF2+ff14SB,TIP3P,2026-05-23,compound,
ROCK1,Cc1nc2c3ccccc3nc(NC3CC(=O)N(c4cnn(C)c4)C3)n2n1,10.00,stable,14093,974.93,GAFF2+ff14SB,TIP3P,2026-05-23,compound,
LIMK2,NC(=O)c1cccc(-n2cc(-c3ccnn3C3CC3(F)F)nn2)c1,10.00,moderate,11594,1159.35,GAFF2+ff14SB,TIP3P,2026-05-23,compound,
ROCK1,O=C1NC(=O)C2(CN(c3nc(-c4cccnc4)nc4c3CCC4)C2)N1,10.00,stable,46847,720.10,GAFF2+ff14SB,TIP3P,2026-05-23,compound,
RIPK3,Nc1ncncc1C(=O)N1CCn2cccc2C1c1ccccc1,10.00,stable,12113,209.02,GAFF2+ff14SB,TIP3P,2026-05-23,compound,
RIPK3,O=C1NC(=O)C2(CCCC2NC(=O)c2cnc3ccccc3n2)N1,10.00,stable,16014,195.13,GAFF2+ff14SB,TIP3P,2026-05-23,compound,
LIMK2,O=C1CN(C(=O)c2cc(-c3ccco3)nn2-c2ccccc2)CCN1,10.00,stable,13233,210.85,GAFF2+ff14SB,TIP3P,2026-05-23,compound,
LIMK2,CC(O)N1CON(C(=O)C(=O)Nc2c3c(nn2-c2ccc(Cl)cc2)CSC3),10.00,stable,11422,200.93,GAFF2+ff14SB,TIP3P,2026-05-23,compound,
RIPK3,Cc1nc(C2CCCOC2)sc1C(=O)N1Cc2ccccc2C[C@H]1C(N)=O,10.00,moderate,12575,967.71,GAFF2+ff14SB,TIP3P,2026-05-23,compound,
RIPK3,CCc1nnc([C@H]2C[C@@H](O)CN2C(=O)C2=NN(Cc3ccccc3)C(,10.00,stable,11492,200.98,GAFF2+ff14SB,TIP3P,2026-05-23,compound,
LIMK2,CCn1nnc2cc(C(=O)N3CCCC(c4nnc5ccccn45)C3)ccc21,10.00,stable,11862,1183.25,GAFF2+ff14SB,TIP3P,2026-05-23,compound,
LIMK2,COC(=O)[C@@H]1Cc2ccc(Cl)cc2CN1C(=O)C1CC12CCOCC2,10.00,stable,11818,851.70,GAFF2+ff14SB,TIP3P,2026-05-23,compound,
ROCK2,O=C(NC1CCOC2(CCSC2)C1)c1ccc(F)c2ccccc12,10.00,stable,23461,862.51,GAFF2+ff14SB,TIP3P,2026-05-23,compound,
ROCK2,O=C(NCc1ccccn1)C(=O)Nc1cccc2ccccc12,10.00,stable,19230,206.56,GAFF2+ff14SB,TIP3P,2026-05-23,compound,
LIMK2,CN1C(=O)CC(P(=O)(c2ccccc2)c2ccccn2)N(C)C1=O,10.00,stable,18524,1114.84,GAFF2+ff14SB,TIP3P,2026-05-23,compound,
MAPK10,O=C(NC1CCOCC1)C=2C=CC(=CC2)OC=3C=CC(F)=CC3F,10.00,stable,12938,214.47,GAFF2+ff14SB,TIP3P,2026-05-23,compound,
RIPK3,O=C1CN(C(=O)Cc2ccccc2)c2ccccc2N1,10.00,stable,13346,1170.18,GAFF2+ff14SB,TIP3P,2026-05-23,compound,
RIPK3,[H]N([H])C(=O)c1ccc2c(c1)C(N1CCCC1=O)=CC(C)(C)O2,10.00,moderate,15030,1094.41,GAFF2+ff14SB,TIP3P,2026-05-23,compound,
LIMK1,O=C(NC1CCOCC1)C=2C=CC(=CC2)OC=3C=CC(F)=CC3F,10.00,moderate,16066,975.66,GAFF2+ff14SB,TIP3P,2026-05-23,compound,
ROCK2,O=C(c1ccc(C(F)(F)F)[nH]c1=O)N(Cc1nc2ccccc2c(=O)[nH,10.00,moderate,78901,513.27,GAFF2+ff14SB,TIP3P,2026-05-23,compound,
ROCK1,Cc1nc(C(=O)N2CCC(c3ccc(F)c(F)c3)CC2)c(=O)[nH]c1C,10.00,moderate,18035,1284.95,GAFF2+ff14SB,TIP3P,2026-05-23,compound,
LIMK2,O=c1cc(N2CCOCC2)nc2c3ccccc3ccn12,10.00,stable,12869,1286.22,GAFF2+ff14SB,TIP3P,2026-05-23,compound,
LIMK2,O=C(c1cnn(C2CCCNC2)c1)N1CCc2ccccc2C1,10.00,moderate,12990,1063.90,GAFF2+ff14SB,TIP3P,2026-05-23,compound,
LIMK2,Cc1cnn(-c2cccc(C(=O)N3CC(NC(=O)CC(F)F)C(C)(C)C3)c2,10.00,stable,12413,200.97,GAFF2+ff14SB,TIP3P,2026-05-23,compound,
LIMK2,NC(=O)C1CC(C(=O)NC2C3(CC3)C23CC3)=NN1c1ccc(F)cc1,10.00,stable,11188,1135.41,GAFF2+ff14SB,TIP3P,2026-05-23,compound,
RIPK3,CNC(=O)c1cccc(C(=O)NCc2c[nH]c3ccccc23)n1,10.00,stable,15901,775.69,GAFF2+ff14SB,TIP3P,2026-05-23,compound,
LIMK2,Cc1onc(C2COC(F)CN2)c1COc1ccc(C(=O)NC2CCOCC2)cn1,10.00,stable,13325,929.04,GAFF2+ff14SB,TIP3P,2026-05-23,compound,
RIPK3,O=C(NCC1(c2ccc(F)cc2)CCOCC1)c1ccccn1,10.00,moderate,13050,1326.04,GAFF2+ff14SB,TIP3P,2026-05-23,compound,
LIMK2,Cn1c(=O)c2nc(/C=C/c3cccc([N+](=O)[O-])c3)[nH]c2n(C,10.00,stable,11726,1231.01,GAFF2+ff14SB,TIP3P,2026-05-23,compound,
ROCK1,Cc1noc(C2CC2)c1C(=O)NC1CC(C)CN(C(=O)c2ccc3[nH]nnc3,10.00,stable,28415,921.95,GAFF2+ff14SB,TIP3P,2026-05-23,compound,
RIPK3,Cc1ccn(CC(=O)N2CC[C@H](c3ccc(F)cc3)[C@@H](NC(=O)CC,10.00,stable,14677,1102.78,GAFF2+ff14SB,TIP3P,2026-05-23,compound,
ROCK1,CC(NC(=O)C1CC(=O)Nc2cc(F)ccc21)c1ccc(F)cc1,10.00,stable,19580,999.09,GAFF2+ff14SB,TIP3P,2026-05-23,compound,
ROCK2,CS(=O)(=O)N1CCCc2cc(C(=O)NCc3ccccc3)ccc21,10.00,moderate,37236,858.51,GAFF2+ff14SB,TIP3P,2026-05-23,compound,
RIPK3,CCc1nc2n(n1)CCCC2NC(=O)c1cnoc1-c1ccccc1,10.00,moderate,13419,1011.60,GAFF2+ff14SB,TIP3P,2026-05-23,compound,
LIMK2,Cn1c2[n+]([O-])c3ccc(F)cc3c(=O)c-2c2n1C(=O)NCC2,10.00,stable,15488,1258.19,GAFF2+ff14SB,TIP3P,2026-05-23,compound,
RIPK3,Cc1nnc2c3ccccc3c(N3CC(C)OC(C)C3)nn12,10.00,stable,18453,1257.80,GAFF2+ff14SB,TIP3P,2026-05-23,compound,
ROCK1,O=C1NC(=O)C2(CCN(C(=O)c3ccc4c(c3)CC(c3ccccc3)OC4=O,10.00,stable,19601,1121.54,GAFF2+ff14SB,TIP3P,2026-05-23,compound,
LIMK2,Cc1ccccc1C(=O)NC1CCN(c2ncnc3[nH]ncc23)CC1,10.00,moderate,14025,1175.52,GAFF2+ff14SB,TIP3P,2026-05-23,compound,
RIPK3,Cc1cc(=O)c(C(=O)N2CCc3ccc(F)cc3C2C)c[nH]1,10.00,stable,15632,1241.26,GAFF2+ff14SB,TIP3P,2026-05-23,compound,
RIPK3,C[C@H](NC(=O)C(=O)NC1Cc2ccccc2C1)c1ccc(C(F)(F)F)nc,10.00,moderate,12399,1040.06,GAFF2+ff14SB,TIP3P,2026-05-23,compound,
LIMK2,O=C(c1ccc(F)cc1)N(Cc1nc2ccccc2c(=O)[nH]1)CC1CCCO1,10.00,stable,11616,1079.18,GAFF2+ff14SB,TIP3P,2026-05-23,compound,
LIMK2,NC(=O)c1ccc(Cl)c(NC(=O)c2cc(F)ccc2F)c1,10.00,moderate,11965,1284.50,GAFF2+ff14SB,TIP3P,2026-05-23,compound,
ROCK1,CN(Cc1nc2ccccc2c(=O)[nH]1)C(=O)CNC(=O)c1cccc(F)c1,10.00,moderate,12847,1204.62,GAFF2+ff14SB,TIP3P,2026-05-23,compound,
LIMK2,Cc1nc(C(=O)NC(C)c2ccc(S(C)(=O)=O)cc2)nn1-c1ccc(F)c,10.00,stable,10861,1368.89,GAFF2+ff14SB,TIP3P,2026-05-23,compound,
RIPK3,O=C(C1CN(Cc2nc3ccccc3c(=O)[nH]2)CCO1)N1CCSCC1,10.00,stable,11816,924.85,GAFF2+ff14SB,TIP3P,2026-05-23,compound,
ROCK1,O=C(Cn1nnc2cc(F)ccc2c1=O)Nc1ccccc1,10.00,stable,19675,1155.79,GAFF2+ff14SB,TIP3P,2026-05-23,compound,
RIPK3,Cn1ccnc1C1CNCCN1C(=O)c1cc2cc(F)cc(F)c2[nH]1,10.00,moderate,13396,1174.13,GAFF2+ff14SB,TIP3P,2026-05-23,compound,
ROCK2,O=C(CCc1nc2ccccc2c(=O)[nH]1)N1CCCC1c1nnc2ccccn12,10.00,stable,27673,878.81,GAFF2+ff14SB,TIP3P,2026-05-23,compound,
LIMK2,CC1(C)Cc2ccc(C(=O)NC3CCOC34CCOCC4)cc2O1,10.00,stable,13286,1133.73,GAFF2+ff14SB,TIP3P,2026-05-23,compound,
LIMK2,NC(=O)C1COCCN1C(=O)c1cn(Cc2ccccc2)c2ccccc12,10.00,stable,14617,1085.71,GAFF2+ff14SB,TIP3P,2026-05-23,compound,
ROCK1,O=C1CCC(N2C(=O)c3c(F)c(F)c(F)c(F)c3C2=O)C(=O)N1,10.00,stable,11548,1264.32,GAFF2+ff14SB,TIP3P,2026-05-23,compound,
LIMK2,Cc1nc(C(=O)N2CC(c3cccc(C(F)(F)F)c3)OCC2C)c[nH]1,10.00,moderate,15996,1090.97,GAFF2+ff14SB,TIP3P,2026-05-23,compound,
RIPK3,Cn1ncnc1-n1nc(Cn2cccn2)nc1-c1c[nH]c2cccc(F)c12,10.00,stable,15030,771.44,GAFF2+ff14SB,TIP3P,2026-05-23,compound,
LIMK2,CN(C)CC(NC(=O)c1ccc2c(c1)CCC(=O)N2)c1ccccc1,10.00,stable,13269,1137.88,GAFF2+ff14SB,TIP3P,2026-05-23,compound,
LIMK2,Cc1nc2c(C(=O)N3CC(O)CC3c3cccc(F)c3)ccnc2[nH]1,10.00,stable,14907,1165.89,GAFF2+ff14SB,TIP3P,2026-05-23,compound,
RIPK3,O=C(c1cc(=O)[nH]c2ccc(Cl)cc12)N1CCC2OCCCC2C1,10.00,moderate,16216,1061.82,GAFF2+ff14SB,TIP3P,2026-05-23,compound,
RIPK3,Cc1ccccc1CC(=O)N1CC(=O)Nc2ccccc21,10.00,moderate,12896,1085.03,GAFF2+ff14SB,TIP3P,2026-05-23,compound,
LIMK2,CCN(Cc1nc2cc(Cl)ccc2c(=O)[nH]1)C(=O)C1CCN(C(=O)c2c,10.00,stable,13319,1111.27,GAFF2+ff14SB,TIP3P,2026-05-23,compound,
RIPK3,[H]N(C)C(=O)c1ccc(NC(=O)Cn2nnnc2-c2ccccc2F)cc1,10.00,stable,13944,858.33,GAFF2+ff14SB,TIP3P,2026-05-23,compound,
RIPK3,O=C(Cn1cn[nH]c1=O)N1CC2(CCCC2)c2ccccc21,10.00,moderate,14620,1152.54,GAFF2+ff14SB,TIP3P,2026-05-23,compound,
ROCK1,COc1ccccc1CC(=O)NC1CCc2nnc(-c3ccc(F)cc3)n2C1,10.00,moderate,13415,888.62,GAFF2+ff14SB,TIP3P,2026-05-23,compound,
RIPK3,Cc1cccn2cc(C(=O)N3CCC(c4cn[nH]c4)CC3)cc12,10.00,stable,16126,1050.92,GAFF2+ff14SB,TIP3P,2026-05-23,compound,
RIPK3,CCNC(=O)Nc1ccc(-c2nc3c(c(N4CCOOC4)n2)CS(=O)CC3)cc1,10.00,stable,13229,1133.06,GAFF2+ff14SB,TIP3P,2026-05-23,compound,
RIPK3,Cc1ccc(Oc2ccc(C(=O)N3CC(c4n[nH]c(C)n4)C3)nc2)cc1,10.00,moderate,14112,1013.10,GAFF2+ff14SB,TIP3P,2026-05-23,compound,
RIPK3,N#Cc1cccc(CCC(=O)N2C[C@@H]3C[C@H]2CN3C(=O)C2CCc3nc,10.00,stable,12081,1180.25,GAFF2+ff14SB,TIP3P,2026-05-23,compound,
RIPK3,Cc1ccc(-n2[nH]c(C(=O)N3CCC(c4cnccn4)C3)cc2=O)cc1,10.00,stable,17727,1114.13,GAFF2+ff14SB,TIP3P,2026-05-23,compound,
RIPK3,Cc1cc(=O)[nH]c2cc(C(=O)NC3(C#N)CCCC(C)C3)ccc12,10.00,moderate,16420,1010.30,GAFF2+ff14SB,TIP3P,2026-05-23,compound,
RIPK3,Cc1ccncc1C(=O)NCc1cc2ccccc2n(C)c1=O,10.00,stable,13486,1139.16,GAFF2+ff14SB,TIP3P,2026-05-23,compound,
RIPK3,Cn1nc(CC(=O)NC2CCOc3ccccc32)c2ccccc2c1=O,10.00,moderate,16752,977.08,GAFF2+ff14SB,TIP3P,2026-05-23,compound,
ROCK2,O=C(CCc1nc2ccccc2c(=O)[nH]1)NC1CCN(C(=O)c2ccco2)CC,10.00,stable,35796,661.88,GAFF2+ff14SB,TIP3P,2026-05-23,compound,
LIMK2,O=C1NCCc2ccc(CNC(=O)C3CCc4[nH]nnc4C3)cc21,10.00,moderate,10733,1206.31,GAFF2+ff14SB,TIP3P,2026-05-23,compound,
RIPK3,O=C1CCN(c2cc(NC(=O)C3(C(F)(F)F)CCNC3)ccc2F)C(=O)N1,10.00,stable,13269,1043.40,GAFF2+ff14SB,TIP3P,2026-05-23,compound,
RIPK3,CCc1ccc2c(c1)CCN2C(=O)C1NCc2ncncc21,10.00,stable,13292,1160.03,GAFF2+ff14SB,TIP3P,2026-05-23,compound,
LIMK2,Cc1nnc(-c2cccc(C(=O)NCc3ccc4nncn4c3)c2)o1,10.00,stable,13016,1019.11,GAFF2+ff14SB,TIP3P,2026-05-23,compound,
LIMK2,O=C(c1cnn2c1CCCC2)N1CCC(c2cccc(F)c2)CC1,10.00,stable,12440,1105.63,GAFF2+ff14SB,TIP3P,2026-05-23,compound,
RIPK3,O=C1C2=CC[C@H]3C(=O)N(C4CCCCC4)C(=O)[C@@H]3[C@@H]2,10.00,moderate,11358,1148.01,GAFF2+ff14SB,TIP3P,2026-05-23,compound,
RIPK3,O=C(c1cc(N2CCNC2=O)ccc1F)N1CCN(c2ccccc2)CC1,10.00,moderate,13678,987.65,GAFF2+ff14SB,TIP3P,2026-05-23,compound,
ROCK2,CC1(C)CC(=O)C(/C=N/CCN2CCN(C(=O)c3ccc(F)cc3)CC2)=C,10.00,moderate,39428,664.94,GAFF2+ff14SB,TIP3P,2026-05-23,compound,
ROCK2,O=C(CN1CCc2c([nH]c(=O)[nH]c2=O)C1)NC1(c2ccccc2)CCC,10.00,moderate,12528,996.50,GAFF2+ff14SB,TIP3P,2026-05-23,compound,
RIPK3,O=S(=O)(Cc1cc(N2CCOCC2)nc(-c2ccccn2)n1)c1ccncn1,10.00,moderate,13235,1013.12,GAFF2+ff14SB,TIP3P,2026-05-23,compound,
LIMK2,NC(=O)c1cccc(-c2ccc3c(c2F)CCNC3=O)c1,10.00,stable,15209,1226.94,GAFF2+ff14SB,TIP3P,2026-05-23,compound,
ROCK1,Cn1nc(OCc2c(CO)nnn2-c2ccc(F)cc2)cc1C(=O)NC1CCOCC1,10.00,stable,12537,876.09,GAFF2+ff14SB,TIP3P,2026-05-23,compound,
RIPK3,O=C1NC2=C(C(=O)N(Cc3ccccc3)C2)C(c2ccccc2)N1,10.00,stable,12801,923.00,GAFF2+ff14SB,TIP3P,2026-05-23,compound,
RIPK3,Cn1cc(-c2ncc(C(=O)N3CCCC(c4nnc5ccccn45)C3)s2)cn1,10.00,stable,16650,976.47,GAFF2+ff14SB,TIP3P,2026-05-23,compound,
LIMK2,Cc1ccc(-c2nc3c(C)nc(N)nc3n(C3COOOC3)c2=O)cn1,10.00,stable,14138,1030.51,GAFF2+ff14SB,TIP3P,2026-05-23,compound,
ROCK1,Cc1cc(C)c(C(=O)NC2(c3ccc(F)cc3F)CCOCC2)[nH]1,10.00,moderate,15142,987.29,GAFF2+ff14SB,TIP3P,2026-05-23,compound,
ROCK1,COc1ccccc1NC(=O)N(C)Cc1nc2ccccc2c(=O)[nH]1,10.00,stable,22586,960.22,GAFF2+ff14SB,TIP3P,2026-05-23,compound,
LIMK2,Cc1nccc(N2CC3(CN(C(=O)C4CC5(C4)CC(F)(F)C5)C3)C2)n1,10.00,stable,11058,1007.82,GAFF2+ff14SB,TIP3P,2026-05-23,compound,
LIMK2,NC(=O)c1cccc(Cn2nc3cc(C(F)(F)F)ccn3c2=O)c1,10.00,stable,12647,1143.13,GAFF2+ff14SB,TIP3P,2026-05-23,compound,
RIPK3,O=C(c1ccc2nncn2c1)N1CCC(=Cc2ccccc2)CC1,10.00,stable,15344,1039.90,GAFF2+ff14SB,TIP3P,2026-05-23,compound,
RIPK3,Cc1ccc(C)c(-n2cnc3cc(C(=O)N4CCS(=O)(=O)CC4)ccc32)c,10.00,stable,13774,997.53,GAFF2+ff14SB,TIP3P,2026-05-23,compound,
ROCK1,Cc1ccncc1C(=O)NCc1cc2ccccc2n(C)c1=O,10.00,moderate,20320,1124.35,GAFF2+ff14SB,TIP3P,2026-05-23,compound,
RIPK3,Cc1ccc2c(c1)C1(CCN(C(=O)Nc3cccc(C(=O)N(C)C)c3)CC1),10.00,stable,16149,735.03,GAFF2+ff14SB,TIP3P,2026-05-23,compound,
ROCK1,O=C1CC(C(=O)N2CCc3ccccc3C2)c2ccc(F)cc2N1,10.00,stable,15050,1023.57,GAFF2+ff14SB,TIP3P,2026-05-23,compound,
ROCK2,O=C(NCc1nc2ccccc2c(=O)[nH]1)Nc1cccnc1N1CCCC1,10.00,moderate,37576,749.34,GAFF2+ff14SB,TIP3P,2026-05-23,compound,
RIPK3,CNC(=O)C1CCN(C(=O)c2ccc(-c3ccccc3)cc2)CC1,10.00,stable,16013,990.93,GAFF2+ff14SB,TIP3P,2026-05-23,compound,
RIPK3,O=C(NCCc1nnc2ccccn12)c1ccc2ccccc2n1,10.00,moderate,14386,1000.43,GAFF2+ff14SB,TIP3P,2026-05-23,compound,
RIPK3,Cn1cnc2cc(C(=O)N3CCOC(c4ccccc4F)C3)ccc21,10.00,moderate,12306,1293.93,GAFF2+ff14SB,TIP3P,2026-05-23,compound,
RIPK3,O=C(c1ccc2nnc(-c3ccccc3)n2c1)N1CCCC1CCO,10.00,moderate,13380,1085.46,GAFF2+ff14SB,TIP3P,2026-05-23,compound,
RIPK3,O=C1CCC(N2Cc3c(NCC(=O)N4CC=CCC4)cccc3C2=O)C(=O)N1,10.00,moderate,14167,1003.31,GAFF2+ff14SB,TIP3P,2026-05-23,compound,
RIPK3,O=C(c1ccc2c(c1)OCCO2)N(Cc1nc2ccccc2c(=O)[nH]1)CC1C,10.00,stable,14125,995.85,GAFF2+ff14SB,TIP3P,2026-05-23,compound,
RIPK3,CC1(Cn2cc(C(=O)N3CCOC(c4ccc(F)c(F)c4)C3)nn2)COC1,10.00,stable,11365,1305.87,GAFF2+ff14SB,TIP3P,2026-05-23,compound,
RIPK3,O=C(NC1CCN(C(=O)c2ccccc2O)CC1)c1cnn2c1CCCC2,10.00,stable,13081,930.56,GAFF2+ff14SB,TIP3P,2026-05-23,compound,
RIPK3,O=C(c1cnn2c1CCCC2)N1CCOC(c2ccc(F)cc2F)C1,10.00,moderate,17334,1205.48,GAFF2+ff14SB,TIP3P,2026-05-23,compound,
LIMK2,O=C(NCC1CC2(CCNCC2)C(=O)O1)Nc1cc(F)cc(F)c1F,10.00,stable,13144,969.79,GAFF2+ff14SB,TIP3P,2026-05-23,compound,
RIPK3,CC1CN(C(=O)c2ccc3c(c2)CCC(=O)N3C)CC2(CCOCC2)O1,10.00,stable,13444,995.42,GAFF2+ff14SB,TIP3P,2026-05-23,compound,
LIMK2,CCNC(=O)Nc1ccc(-c2nc(N3CCOCC3)nc(N3CCOCC3)n2)cc1,10.00,stable,12342,1028.47,GAFF2+ff14SB,TIP3P,2026-05-23,compound,
RIPK3,O=C1NCCc2ccc(CNC(=O)C3CCc4[nH]nnc4C3)cc21,10.00,stable,14301,1134.38,GAFF2+ff14SB,TIP3P,2026-05-23,compound,
RIPK3,O=C1CC(C(=O)N2CCN(c3ncnc4ccsc34)CC2)c2ccc(F)cc2N1,10.00,stable,15216,970.70,GAFF2+ff14SB,TIP3P,2026-05-23,compound,
RIPK3,O=C(Nc1ccc(Oc2cccc(F)c2)nc1)N1CCOCC1,10.00,stable,13715,887.61,GAFF2+ff14SB,TIP3P,2026-05-23,compound,
ROCK2,CCc1cc(N2CCC(NC(=O)Cn3c(=O)[nH]c(=O)c4ccccc43)CC2),10.00,moderate,57792,517.84,GAFF2+ff14SB,TIP3P,2026-05-23,compound,
LIMK2,CC1Cc2c(c3cccnc3n(-c3ccccc3)c2=O)O1,10.00,stable,15118,1042.42,GAFF2+ff14SB,TIP3P,2026-05-23,compound,
ROCK1,O=C(NCc1nnc2n1CCC2)c1ccc(-n2cnc3ccccc32)cc1,10.00,moderate,14819,959.90,GAFF2+ff14SB,TIP3P,2026-05-23,compound,
ROCK1,Cc1c(C(=O)NC(C(N)=O)c2ccc(F)cc2)cnn1Cc1ccccc1,10.00,moderate,28170,899.87,GAFF2+ff14SB,TIP3P,2026-05-23,compound,
LIMK2,CN1CN([C@@H]2CC[C@@H](CNS(=O)CC(F)(F)F)OC2)c2c(cnc,10.00,stable,20407,831.36,GAFF2+ff14SB,TIP3P,2026-05-23,compound,
RIPK3,CNC(=O)C1CCN(C(=O)c2ccc(-c3ccccc3)cc2)OC1,10.00,stable,13977,995.36,GAFF2+ff14SB,TIP3P,2026-05-23,compound,
RIPK3,Cn1nnnc1-c1cccc(NC(=O)CCCc2nc3ccccc3c(=O)[nH]2)c1,10.00,stable,14359,832.81,GAFF2+ff14SB,TIP3P,2026-05-23,compound,
LIMK2,Cc1ccc(NC(=O)c2cn(C3CCNCC3)nn2)c2cccnc12,10.00,stable,13056,1128.78,GAFF2+ff14SB,TIP3P,2026-05-23,compound,
LIMK2,N#CCNC(=O)[C@H]1CC[C@H](c2nnn3cnc4[nH]ccc4c23)CC1,10.00,moderate,16000,978.76,GAFF2+ff14SB,TIP3P,2026-05-23,compound,
LIMK2,Cc1nnc2ccc(-c3ccc(NC(=O)c4cccnc4Cl)cc3)nn12,10.00,stable,13753,1175.36,GAFF2+ff14SB,TIP3P,2026-05-23,compound,
LIMK2,NC(=O)c1nn(CC(=O)NC2CCc3ccccc32)c(=O)c2ccccc12,10.00,stable,15149,919.80,GAFF2+ff14SB,TIP3P,2026-05-23,compound,
LIMK2,Cc1occc1-c1cc(NC(=O)N2CCC(O)(C(F)(F)F)CC2)no1,10.00,moderate,10732,1211.19,GAFF2+ff14SB,TIP3P,2026-05-23,compound,
RIPK3,Cc1nnc(-c2cccc(C(=O)NCc3ccc4nncn4c3)c2)o1,10.00,stable,12679,1043.78,GAFF2+ff14SB,TIP3P,2026-05-23,compound,
ROCK1,CCn1nc2c(c1C(=O)NCCC1(O)CN(C(=O)c3cnn4c3CCCC4)C1)C,10.00,moderate,13497,755.24,GAFF2+ff14SB,TIP3P,2026-05-23,compound,
LIMK2,O=C(CNC(=O)C1CC(=O)Nc2cc(F)ccc21)Nc1ccccc1,10.00,stable,13159,942.24,GAFF2+ff14SB,TIP3P,2026-05-23,compound,
ROCK1,Cn1nc(CC(=O)NC2CCOc3ccccc32)c2ccccc2c1=O,10.00,stable,12691,1086.37,GAFF2+ff14SB,TIP3P,2026-05-23,compound,
RIPK3,O=C(CNC(=O)c1ccc2c(c1)OCCO2)Nc1ccc(F)c(F)c1F,10.00,stable,13999,1012.56,GAFF2+ff14SB,TIP3P,2026-05-23,compound,
RIPK3,O=C1CCc2cc(C(=O)Nc3cccc(F)c3)ccc2N1,10.00,moderate,19763,1051.29,GAFF2+ff14SB,TIP3P,2026-05-23,compound,
RIPK3,Cc1nc2ccccc2cc1C(=O)NC1CCc2nccn2C1,10.00,stable,14101,1115.36,GAFF2+ff14SB,TIP3P,2026-05-23,compound,
LIMK2,Cc1cc(C)c(C(=O)NC2(c3ccc(F)cc3F)CCOCC2)[nH]1,10.00,stable,13428,1077.13,GAFF2+ff14SB,TIP3P,2026-05-23,compound,
RIPK3,CCNC(=O)Nc1ccc(-c2nc3c(c(N4CCOOC4)n2)CN(S(C)(=O)=O,10.00,stable,14155,887.08,GAFF2+ff14SB,TIP3P,2026-05-23,compound,
ROCK2,O=C(Nc1ccccc1)N1CCN(Cc2nc3ccccc3c(=O)[nH]2)CC1,10.00,stable,11547,947.33,GAFF2+ff14SB,TIP3P,2026-05-23,compound,
RIPK3,Cc1cc(Oc2cccc3c2OC(C)(C)C3)n2nc(C(F)(F)F)nc2n1,10.00,stable,17342,691.05,GAFF2+ff14SB,TIP3P,2026-05-23,compound,
RIPK3,Nc1cc(-c2ccc3c(c2)C2(CCCC2)C(=O)N3)ncn1,10.00,moderate,14451,1014.28,GAFF2+ff14SB,TIP3P,2026-05-23,compound,
RIPK3,Cc1nnn(-c2ccc(F)cc2)c1COc1cc(C(=O)NN2CCOCC2)n(C)n1,10.00,moderate,14509,805.29,GAFF2+ff14SB,TIP3P,2026-05-23,compound,
RIPK3,O=C(c1ccc(F)c(F)c1)N1CCN(C(=O)N2CCOCC2)CC1,10.00,moderate,14288,1068.11,GAFF2+ff14SB,TIP3P,2026-05-23,compound,
RIPK3,CCNC(=O)Nc1ccc(-c2nc(N3CCOCC3)nc(N3CCOCC3)n2)cc1,10.00,moderate,14872,952.88,GAFF2+ff14SB,TIP3P,2026-05-23,compound,
LIMK2,Cc1cc(Oc2cccc3c2OC(C)(C)C3)n2nc(C(F)(F)F)nc2n1,10.00,stable,11454,607.08,GAFF2+ff14SB,TIP3P,2026-05-23,compound,
ROCK2,O=C1CCc2cc(C(=O)N3CCN(S(=O)(=O)c4ccc(F)c(F)c4)CC3),10.00,stable,20412,837.95,GAFF2+ff14SB,TIP3P,2026-05-23,compound,
RIPK3,NC(=O)c1cc(C(=O)N2CCC(Cc3ccc(F)c(F)c3)CC2)c[nH]1,10.00,moderate,13818,1039.25,GAFF2+ff14SB,TIP3P,2026-05-23,compound,
RIPK3,Cc1ccc(-c2nc3c(C)nc(N)nc3n(C3COOOC3)c2=O)cn1,10.00,moderate,12121,1014.33,GAFF2+ff14SB,TIP3P,2026-05-23,compound,
LIMK2,CCN1CC(C(=O)N2CC3CCC(NC(=O)c4cccc(C(N)=O)c4)C3C2)C,10.00,moderate,12035,987.32,GAFF2+ff14SB,TIP3P,2026-05-23,compound,
LIMK2,CC1c2cnccc2CCN1C(=O)c1nc(-c2ccccc2)n2c1COCC2,10.00,stable,11725,839.84,GAFF2+ff14SB,TIP3P,2026-05-23,compound,
ROCK1,CCN(Cc1nc2ccccc2c(=O)[nH]1)C(=O)CNC(=O)c1ccccc1,10.00,moderate,32219,713.06,GAFF2+ff14SB,TIP3P,2026-05-23,compound,
RIPK3,NC(=O)c1cccc(Cn2nc3cc(C(F)(F)F)ccn3c2=O)c1,10.00,stable,16345,843.57,GAFF2+ff14SB,TIP3P,2026-05-23,compound,
LIMK2,O=C1CCc2cc(C(=O)Nc3cccc(F)c3)ccc2N1,10.00,stable,12367,1113.93,GAFF2+ff14SB,TIP3P,2026-05-23,compound,
RIPK3,O=C(NC1CC1)C(NCc1nnc2ccc(C(F)(F)F)cn12)c1ccccc1,10.00,moderate,17236,883.67,GAFF2+ff14SB,TIP3P,2026-05-23,compound,
ROCK1,O=C1CC(C(=O)N2CCN(c3ncnc4ccsc34)CC2)c2ccc(F)cc2N1,10.00,stable,20365,914.90,GAFF2+ff14SB,TIP3P,2026-05-23,compound,
RIPK3,CN1CCN(C(=O)c2cc(F)c3ncccc3c2)C(c2ccccc2)C1=O,10.00,moderate,18230,1247.38,GAFF2+ff14SB,TIP3P,2026-05-23,compound,
RIPK3,Cn1nc(CC(=O)N2CCC3(CC2)NC(=O)NC3=O)c2ccccc2c1=O,10.00,moderate,14094,926.88,GAFF2+ff14SB,TIP3P,2026-05-23,compound,
LIMK2,CC(C)c1nnc2ccc(-c3ocnc3-c3ccc(F)c(F)c3F)cn12,10.00,moderate,14607,1042.83,GAFF2+ff14SB,TIP3P,2026-05-23,compound,
ROCK2,O=C(Cn1cnc2ccccc2c1=O)N1CCN(C(=O)c2cc3n(n2)CCCC3)O,10.00,stable,23341,889.12,GAFF2+ff14SB,TIP3P,2026-05-23,compound,
LIMK2,O=C(c1ccc(C(F)(F)F)[nH]c1=O)N(Cc1nc2ccccc2c(=O)[nH,10.00,moderate,11897,1036.74,GAFF2+ff14SB,TIP3P,2026-05-23,compound,
LIMK2,O=C1NC(=O)C2(CCCCC2NC(=O)c2cnc3ccccc3n2)N1,10.00,moderate,13396,1163.12,GAFF2+ff14SB,TIP3P,2026-05-23,compound,
RIPK3,Cc1cnc2c(S(=O)(=O)NC3CCCn4ncnc43)cccc2c1,10.00,moderate,13831,918.48,GAFF2+ff14SB,TIP3P,2026-05-23,compound,
ROCK1,CN(C(=O)CSc1nnc(Cc2cccc3ccccc23)n1N)C1CCS(=O)(=O)C,10.00,moderate,16306,1130.75,GAFF2+ff14SB,TIP3P,2026-05-23,compound,
LIMK2,Cc1cccc(-c2nnc3n2CC(c2nnc(-c4cnn(C)c4)o2)CC3)c1,10.00,moderate,13437,1052.44,GAFF2+ff14SB,TIP3P,2026-05-23,compound,
ROCK2,CC1CCc2n[nH]cc2C1C(=O)N1CCC(O)(c2ccccc2F)C1,10.00,stable,24079,1069.54,GAFF2+ff14SB,TIP3P,2026-05-23,compound,
ROCK2,NC(=O)C1(c2ccccc2)CCN(C(=O)Nc2cccc(N3CCC3=O)c2)CC1,10.00,stable,14680,1015.89,GAFF2+ff14SB,TIP3P,2026-05-23,compound,
LIMK2,Cc1cc(C(=O)N2CCN(C(=O)c3ccc4cccnc4c3)C3CC32)no1,10.00,stable,12459,1046.27,GAFF2+ff14SB,TIP3P,2026-05-23,compound,
RIPK3,O=C(Cc1ccccc1F)N1CCC(c2nnc3ccccn23)CC1,10.00,stable,14967,1099.43,GAFF2+ff14SB,TIP3P,2026-05-23,compound,
ROCK1,O=C1CCN(CC(=O)N2CCN(C(=O)Cc3c[nH]c4ccccc34)CC2)C(=,10.00,stable,18667,1119.34,GAFF2+ff14SB,TIP3P,2026-05-23,compound,
ROCK1,CC(C)c1nnc2ccc(-c3ocnc3-c3cc(F)c(F)c(F)c3)cn12,10.00,stable,18934,1069.50,GAFF2+ff14SB,TIP3P,2026-05-23,compound,
RIPK3,O=C(CCC1Cc2ccccc2NC1=O)NCc1nc2cccnc2[nH]1,10.00,moderate,14427,875.29,GAFF2+ff14SB,TIP3P,2026-05-23,compound,
LIMK2,O=C(C1C2(CC2)C12CC2)N1CCC2(CC1)C(=O)Nc1ccccc12,10.00,stable,14476,1098.02,GAFF2+ff14SB,TIP3P,2026-05-23,compound,
RIPK3,CS(=O)(=O)c1ccc(N2N=C(c3ccc(F)cc3)CCC2=O)cc1,10.00,stable,12385,1245.26,GAFF2+ff14SB,TIP3P,2026-05-23,compound,
ROCK1,CCn1c(=O)[nH]c2cc(C(=O)NCCNC(=O)c3cccc(C)c3)ccc2c1,10.00,stable,16575,1037.36,GAFF2+ff14SB,TIP3P,2026-05-23,compound,
LIMK2,CC1(C)CC(=O)C(/C=N/CCN2CCN(C(=O)c3ccc(F)cc3)CC2)=C,10.00,moderate,14532,900.61,GAFF2+ff14SB,TIP3P,2026-05-23,compound,
LIMK2,O=C1CC[C@@H](NC(=O)c2cnc3n2CCCC3)[C@H](c2ccccc2)N1,10.00,moderate,11835,1103.69,GAFF2+ff14SB,TIP3P,2026-05-23,compound,
LIMK2,Cn1c(=O)c2ccccc2n2c(CNc3ccc(C(=O)N4CCOCC4)cc3)nnc1,10.00,stable,11040,1353.08,GAFF2+ff14SB,TIP3P,2026-05-23,compound,
LIMK2,CNC(=O)c1cccc(NC(=O)CN2C(=O)NC3(CCc4ccccc43)C2=O)c,10.00,stable,15642,890.96,GAFF2+ff14SB,TIP3P,2026-05-23,compound,
LIMK2,C[C@@]1(N2C(=O)c3ccccc3C2=O)CCC(=O)NC1=O,10.00,stable,17017,1235.50,GAFF2+ff14SB,TIP3P,2026-05-23,compound,
ROCK2,CCCc1cn(-c2ccc3[nH]ncc3c2)nn1,10.00,stable,23225,1318.63,GAFF2+ff14SB,TIP3P,2026-05-22,compound,
LIMK2,Cc1cc2cn[nH]c2cc1C(=O)N1CCCC(NC(=O)c2ncc(F)cc2F)C1,10.00,moderate,13197,980.43,GAFF2+ff14SB,TIP3P,2026-05-22,compound,
RIPK3,Nc1ncc(-c2nc(C3CCOCC3)nc(N3CCOCC3)n2)cc1C(F)(F)F,10.00,stable,13238,1357.39,GAFF2+ff14SB,TIP3P,2026-05-22,compound,
RIPK3,O=C(c1ccc(Cn2cccn2)cc1)N1CCC2(C1)C(=O)Nc1ccccc12,10.00,moderate,13425,1092.30,GAFF2+ff14SB,TIP3P,2026-05-22,compound,
RIPK3,CC1CCC2(CC1)NC(=O)N(CC(=O)N1CCc3nn(C)c(=O)cc3C1)C2,10.00,moderate,16492,1161.26,GAFF2+ff14SB,TIP3P,2026-05-22,compound,
RIPK3,Cc1cc(C(=O)NC(c2ccccc2)c2nnc(C)n2C)ccc1F,10.00,moderate,14815,1278.27,GAFF2+ff14SB,TIP3P,2026-05-22,compound,
LIMK2,O=C1NC(=O)N2CCN(c3nc(-c4cccnc4)nc4c3CCC4)CC12,10.00,stable,12722,1132.82,GAFF2+ff14SB,TIP3P,2026-05-22,compound,
RIPK3,COc1ccc(F)cc1C(=O)NC1CN(C(=O)CC2CCNC2=O)CC2(CC2)C1,10.00,stable,17064,1006.63,GAFF2+ff14SB,TIP3P,2026-05-22,compound,
LIMK2,O=C(Nc1ccccc1)N1CCN(Cc2nc3ccccc3c(=O)[nH]2)CC1,10.00,stable,12746,971.83,GAFF2+ff14SB,TIP3P,2026-05-22,compound,
RIPK3,N#Cc1ccc(F)c(C(=O)N[C@@H]2CCC(=O)N[C@H]2c2ccccc2)c,10.00,moderate,16952,1021.59,GAFF2+ff14SB,TIP3P,2026-05-22,compound,
LIMK2,O=C(c1ccc2nncn2c1)N1CCC(F)(c2cccc(C(F)(F)F)c2)C1,10.00,stable,14656,1178.38,GAFF2+ff14SB,TIP3P,2026-05-22,compound,
RIPK3,CN1CCC(NC(=O)CCc2nc3ccccc3n2-c2ccccc2)C1=O,10.00,stable,14712,929.84,GAFF2+ff14SB,TIP3P,2026-05-22,compound,
RIPK3,O=C(NC1CCCN(c2ccccc2)C1=O)C1CCCC(F)(F)C1,10.00,moderate,11658,1081.47,GAFF2+ff14SB,TIP3P,2026-05-22,compound,
RIPK3,Cn1cc(C(=O)N2Cc3ccccc3C[C@@H]2C(=O)NC2CC2)ccc1=O,10.00,stable,17062,936.40,GAFF2+ff14SB,TIP3P,2026-05-22,compound,
LIMK2,CN1CCC(NC(=O)CCc2nc3ccccc3n2-c2ccccc2)C1=O,10.00,stable,13318,887.59,GAFF2+ff14SB,TIP3P,2026-05-22,compound,
RIPK3,O=C1CC(C(=O)Nc2ccccc2F)c2ccc(F)cc2N1,10.00,stable,15537,1044.61,GAFF2+ff14SB,TIP3P,2026-05-22,compound,
RIPK3,O=C(c1cc(-c2ccccn2)ccc1Cl)N1CCc2[nH]ncc2C1,10.00,moderate,12245,1095.43,GAFF2+ff14SB,TIP3P,2026-05-22,compound,
LIMK2,O=C(c1cnc2c(c1)c(=O)[nH]c(=O)n2C1CC1)N1CCOC(c2cccc,10.00,stable,11320,1175.58,GAFF2+ff14SB,TIP3P,2026-05-22,compound,
LIMK2,O=C1CCC(N2C(=O)c3cccc(OCC(=O)N4CCCCC4)c3C2=O)C(=O),10.00,stable,13189,937.19,GAFF2+ff14SB,TIP3P,2026-05-22,compound,
RIPK3,Cc1n[nH]c(C)c1NC(=O)c1ccc(=O)n(-c2ccccc2F)n1,10.00,stable,12068,1044.06,GAFF2+ff14SB,TIP3P,2026-05-22,compound,
ROCK2,CC1(c2ccc(CNC(=O)N3CCOC4(CCc5ccccc54)C3)cc2)NC(=O),10.00,moderate,32126,784.70,GAFF2+ff14SB,TIP3P,2026-05-22,compound,
RIPK3,NC(=O)CC1CC(Nc2ccc3nnc(-c4ccccc4F)n3n2)C1,10.00,stable,13076,1046.26,GAFF2+ff14SB,TIP3P,2026-05-22,compound,
ROCK1,Cc1nc2c3ccccc3nc(SCc3nc4c(cnn4C)c(=O)[nH]3)n2n1,10.00,stable,11480,712.03,GAFF2+ff14SB,TIP3P,2026-05-22,compound,
RIPK3,N#Cc1cnn2c3c(cnc12)C(=O)N1CCc2ccccc2C1C3,10.00,stable,11472,1391.14,GAFF2+ff14SB,TIP3P,2026-05-22,compound,
ROCK1,Cc1ccnc2nc(C(=O)NCC3CCN(C(=O)C4CCN(C(=O)c5ccccc5)C,10.00,moderate,30846,815.81,GAFF2+ff14SB,TIP3P,2026-05-22,compound,
RIPK3,CC1c2cnccc2CCN1C(=O)c1nc(-c2ccccc2)n2c1COCC2,10.00,stable,13284,1002.62,GAFF2+ff14SB,TIP3P,2026-05-22,compound,
LIMK2,CN1CCN(C(=O)c2cc(F)c3ncccc3c2)C(c2ccccc2)C1=O,10.00,stable,10891,1082.09,GAFF2+ff14SB,TIP3P,2026-05-22,compound,
RIPK3,CC1CCc2n[nH]cc2C1C(=O)N1CCC(O)(c2ccccc2F)C1,10.00,stable,12142,1162.48,GAFF2+ff14SB,TIP3P,2026-05-22,compound,
ROCK2,O=C(c1cc(-c2ccccn2)n[nH]1)N1CCC(C(=O)N2CCc3ccccc3C,10.00,moderate,16459,692.81,GAFF2+ff14SB,TIP3P,2026-05-22,compound,
LIMK2,Cc1ccnc2nc(C(=O)NCC3CCN(C(=O)C4CCN(C(=O)c5ccccc5)C,10.00,stable,14231,508.90,GAFF2+ff14SB,TIP3P,2026-05-22,compound,
ROCK1,Cc1ccc2c(c1)C1(CCN(C(=O)Nc3cccc(C(=O)N(C)C)c3)CC1),10.00,stable,23226,567.52,GAFF2+ff14SB,TIP3P,2026-05-22,compound,
LIMK2,O=C(c1cc(-c2ccccn2)n[nH]1)N1CCC(C(=O)N2CCc3ccccc3C,10.00,stable,11538,1024.15,GAFF2+ff14SB,TIP3P,2026-05-22,compound,
RIPK3,CC1(c2ccc(CNC(=O)N3CCOC4(CCc5ccccc54)C3)cc2)NC(=O),10.00,moderate,15279,787.45,GAFF2+ff14SB,TIP3P,2026-05-22,compound,
LIMK2,Brc1cnc(C2CCCN2c2ncnc3nc[nH]c23)nc1,10.00,stable,13957,1116.67,GAFF2+ff14SB,TIP3P,2026-05-22,compound,
RIPK3,O=C(CCc1ccccn1)N1CCN(C(=O)c2cc3ccccc3[nH]2)CC1,100.00,moderate,17375,1547.61,GAFF2+ff14SB,TIP3P,2026-05-22,compound,
RIPK3,CCN(Cc1nc2ccccc2c(=O)[nH]1)C(=O)CNC(=O)c1ccccc1Cl,10.00,stable,19430,869.66,GAFF2+ff14SB,TIP3P,2026-05-22,compound,
ROCK1,O=C(Cc1ccc(-c2ccccc2)cc1)N1CCC(c2nn[nH]n2)CC1,10.00,stable,25875,816.79,GAFF2+ff14SB,TIP3P,2026-05-22,compound,
LIMK2,NC(=O)[C@@H]1CCCN1C(=O)Cc1sc(N2CCOCC2)nc1-c1ccccc1,10.00,moderate,14302,830.75,GAFF2+ff14SB,TIP3P,2026-05-22,compound,
LIMK2,Cc1c(C(=O)Nc2ccc([N+](=O)[O-])cc2F)cnn1-c1ccccn1,10.00,stable,12263,1000.30,GAFF2+ff14SB,TIP3P,2026-05-22,compound,
RIPK3,CCN(Cc1nc2cc(Cl)ccc2c(=O)[nH]1)C(=O)C1CCN(C(=O)c2c,10.00,stable,13183,907.86,GAFF2+ff14SB,TIP3P,2026-05-22,compound,
RIPK3,O=C(c1cc2ccccc2c(=O)[nH]1)N1CCN2CCCCC2C1,10.00,stable,12648,1191.25,GAFF2+ff14SB,TIP3P,2026-05-22,compound,
ROCK1,C[C@H](NC(=O)C(=O)NC1Cc2ccccc2C1)c1ccc(C(F)(F)F)nc,10.00,moderate,23186,979.13,GAFF2+ff14SB,TIP3P,2026-05-22,compound,
ROCK1,CNC(=O)c1cc2n(n1)CC1(CCN(c3ncc4ccccc4n3)CC1)OC2,10.00,stable,24589,887.01,GAFF2+ff14SB,TIP3P,2026-05-22,compound,
LIMK2,Cc1cn2c(n1)CCC(NC(=O)c1cc3c([nH]c1=O)CCCC3)C2,10.00,stable,11650,1134.57,GAFF2+ff14SB,TIP3P,2026-05-22,compound,
LIMK2,Cc1nc2ncnn2c(N2CCn3c(nnc3-c3ccccc3)C2)c1C,10.00,moderate,14014,1188.93,GAFF2+ff14SB,TIP3P,2026-05-22,compound,
LIMK2,O=C(Cc1ccc(-c2ccccc2)cc1)N1CCC(c2nn[nH]n2)CC1,10.00,stable,13214,925.36,GAFF2+ff14SB,TIP3P,2026-05-22,compound,
RIPK3,Cc1cc2cn[nH]c2cc1C(=O)N1CCCC(NC(=O)c2ncc(F)cc2F)C1,10.00,moderate,14132,869.34,GAFF2+ff14SB,TIP3P,2026-05-22,compound,
TP53,c1cc(N)ccn1,10.00,stable,12223,1286.22,GAFF2+ff14SB,TIP3P,2026-05-22,compound,
ROCK2,c1cc(N)ccn1,10.00,stable,28754,942.92,GAFF2+ff14SB,TIP3P,2026-05-22,compound,
LIMK2,Cc1ccc2cc(C(=O)Nc3cccc4c3CNC4=O)ccc2n1,10.00,stable,11990,1256.87,GAFF2+ff14SB,TIP3P,2026-05-22,compound,
LIMK2,CC(C)C(=O)N1CC[C@@H](NCC(F)(F)F)[C@H](c2ccncc2)C1,10.00,moderate,14656,987.65,GAFF2+ff14SB,TIP3P,2026-05-21,compound,
RIPK3,CC(C)(C1=CCCCC1)c1noc(C2CCC3(CCOCC3)O2)n1,10.00,stable,12831,906.19,GAFF2+ff14SB,TIP3P,2026-05-21,compound,
RIPK3,CC(C)(C(=O)N1CCn2c(nnc2-c2ccccc2)C1)c1cccnc1,10.00,moderate,11763,712.52,GAFF2+ff14SB,TIP3P,2026-05-21,compound,
RIPK3,C#Cc1ccc(C(=O)N2CCOCC2)cc1,10.00,stable,14918,1016.32,GAFF2+ff14SB,TIP3P,2026-05-21,compound,
RIPK3,C#CCNC(=O)CN1CCN(S(=O)(=O)c2cc3c(cc2Cl)NC(=O)CO3)C,10.00,stable,11481,1067.22,GAFF2+ff14SB,TIP3P,2026-05-21,compound,
ROCK1,CC(C)NC(=O)C1CCCC(Nc2nc3ccccc3c(=O)[nH]2)C1,10.00,stable,30836,812.86,GAFF2+ff14SB,TIP3P,2026-05-21,compound,
RIPK3,CC(=O)Nc1ccc2c(c1)CN(C(=O)c1cc(=O)[nH]c3ccc(F)cc13,10.00,moderate,13262,995.48,GAFF2+ff14SB,TIP3P,2026-05-21,compound,
RIPK3,CC(C)CC(=O)N1CCC(NC(=O)C2CCCN2C(=O)Cc2ccccc2)CC1,10.00,moderate,12353,769.59,GAFF2+ff14SB,TIP3P,2026-05-21,compound,
RIPK3,C#CCNC(=O)c1ccc2c(c1)NC(=O)[C@@H](C)S2,100.00,moderate,13476,1422.83,GAFF2+ff14SB,TIP3P,2026-05-21,compound,
RIPK3,C#CCNC(=O)N[C@@H](C)c1ccc(F)c(F)c1,10.00,moderate,13287,1103.08,GAFF2+ff14SB,TIP3P,2026-05-21,compound,
RIPK3,C#CCN[C@H]1CC(=O)N(c2ccc(Cl)cc2)C1=O,10.00,moderate,14970,1058.17,GAFF2+ff14SB,TIP3P,2026-05-21,compound,
RIPK3,Brc1nnc2c3ccccc3cnn12,10.00,stable,13468,1188.79,GAFF2+ff14SB,TIP3P,2026-05-21,compound,
RIPK3,C#CCNC(=O)Nc1cccc2ccccc12,10.00,moderate,14853,1183.98,GAFF2+ff14SB,TIP3P,2026-05-21,compound,
LIMK2,genmol_119_bbb_5,10.00,stable,15073,1140.75,GAFF2+ff14SB,TIP3P,2026-05-21,compound,
RIPK3,C#CCN[C@@H]1CC(=O)N(c2ccc(Cl)cc2)C1=O,10.00,moderate,14211,1169.34,GAFF2+ff14SB,TIP3P,2026-05-21,compound,
RIPK3,C#CCNC(=O)[C@@H]1CC(=O)N(c2ccccc2)C1,10.00,stable,13952,1290.08,GAFF2+ff14SB,TIP3P,2026-05-21,compound,
RIPK3,C#CCNC(=O)c1cc(F)c(Cl)cc1Cl,10.00,moderate,13938,1135.35,GAFF2+ff14SB,TIP3P,2026-05-21,compound,
RIPK3,CC(=O)Nc1cccc(C(=O)N2CC(=O)Nc3ccccc32)c1,100.00,moderate,15157,1313.65,GAFF2+ff14SB,TIP3P,2026-05-21,compound,
LIMK2,C#CCNC(=O)CN1CCN(S(=O)(=O)c2cc3c(cc2Cl)NC(=O)CO3)C,10.00,stable,11485,1040.83,GAFF2+ff14SB,TIP3P,2026-05-21,compound,
RIPK3,C=CC(=O)NCC1(NC(=O)c2cccc(CNC(C)=O)c2)CCCCC1,100.00,moderate,11186,1476.35,GAFF2+ff14SB,TIP3P,2026-05-21,compound,
RIPK3,CC(=O)N1c2ccccc2C[C@H]1C(=O)NC1CCN(C(=O)CC(C)C)CC1,10.00,moderate,15276,608.04,GAFF2+ff14SB,TIP3P,2026-05-21,compound,
RIPK3,CC(=O)NC(CC(=O)NCc1nnc2ccccn12)c1ccc(C)cc1,10.00,moderate,15501,910.98,GAFF2+ff14SB,TIP3P,2026-05-21,compound,
RIPK3,CC(C(=O)N1CCC(F)(c2ccccc2Cl)CC1)c1ncccn1,10.00,moderate,14792,606.26,GAFF2+ff14SB,TIP3P,2026-05-21,compound,
RIPK3,CC(=O)NC12CCOCC1CN(C(=O)c1coc3ccccc13)C2,10.00,stable,14368,1126.52,GAFF2+ff14SB,TIP3P,2026-05-21,compound,
RIPK3,CC(=O)[C@H]1CO[C@H]2[C@@H]3CC[C@H]4C[C@H](O)CC[C@],10.00,stable,13101,1096.97,GAFF2+ff14SB,TIP3P,2026-05-21,compound,
RIPK3,CC(C(=O)N1CCn2c(nnc2C(F)(F)F)C1)c1ccc(F)c(Cl)c1,10.00,stable,12958,1064.79,GAFF2+ff14SB,TIP3P,2026-05-21,compound,
RIPK3,CC(C)(C)NC(=O)[C@H]1CC[C@H]2[C@@H]3CC[C@H]4NC(=O)C,10.00,stable,14442,1084.61,GAFF2+ff14SB,TIP3P,2026-05-21,compound,
RIPK3,CC(C)(C(=O)NCc1ccccn1)c1ccc2c(c1)OCCO2,10.00,stable,16458,1096.26,GAFF2+ff14SB,TIP3P,2026-05-21,compound,
RIPK3,CC(C(=O)N1CCOCC1)N1CCCC(c2nc3ccccc3o2)C1,10.00,moderate,12262,910.07,GAFF2+ff14SB,TIP3P,2026-05-21,compound,
RIPK3,CC(C)C(C(=O)N1CCOC2(CCOCC2)C1)n1nnc(-c2ccccc2)n1,10.00,moderate,11578,1137.53,GAFF2+ff14SB,TIP3P,2026-05-21,compound,
RIPK3,CC(C)(O)Cc1cn(C2(C(=O)N3CCOC(c4ccccc4Cl)C3)CC2)nn1,10.00,stable,13608,958.46,GAFF2+ff14SB,TIP3P,2026-05-21,compound,
RIPK3,CC(C)[C@@H]1C[C@H](CC(=O)N2Cc3nc[nH]c(=O)c3C2)c2cc,10.00,stable,15167,1258.48,GAFF2+ff14SB,TIP3P,2026-05-21,compound,
RIPK3,CC(C)NC(=O)CNC(=O)c1nn(-c2ccc(F)cc2)c2c1CCC2,10.00,moderate,14158,924.62,GAFF2+ff14SB,TIP3P,2026-05-21,compound,
RIPK3,CC(C)NC(=O)C1CCCC(Nc2nc3ccccc3c(=O)[nH]2)C1,10.00,stable,14111,1034.54,GAFF2+ff14SB,TIP3P,2026-05-21,compound,
RIPK3,CC(=O)c1ccc(Oc2cc(C)nc(-n3nc(C)cc3C)n2)cc1,10.00,stable,14006,878.45,GAFF2+ff14SB,TIP3P,2026-05-20,compound,
LIMK2,Brc1ccc(Cc2noc([C@H]3CCCN3)n2)cc1,10.00,stable,14019,1235.35,GAFF2+ff14SB,TIP3P,2026-05-20,compound,
RIPK3,C=CC(=O)N1CCC(C(=O)N2CCC(=C(C#N)c3ccccc3)CC2)CC1,10.00,moderate,14456,958.84,GAFF2+ff14SB,TIP3P,2026-05-20,compound,
RIPK3,C=C1C(=O)C23C(O)C1CCC2[C@]12CO[C@@]3(O)C(O)C1C(C)(,10.00,stable,16347,1083.81,GAFF2+ff14SB,TIP3P,2026-05-20,compound,
RIPK3,C=CC(=O)N1CCC(C(=O)N2CCc3c(c(C(F)(F)F)nn(C)c3=O)C2,10.00,stable,12561,1161.20,GAFF2+ff14SB,TIP3P,2026-05-20,compound,
RIPK3,CC(=O)N1COC(n2c(=O)n(C)c3cnc4ccc(-c5cnn(C)c5)nc4c3,10.00,stable,11840,1073.08,GAFF2+ff14SB,TIP3P,2026-05-20,compound,
RIPK3,C#CCNC(=O)Nc1cccc2cccnc12,10.00,stable,15868,1100.22,GAFF2+ff14SB,TIP3P,2026-05-20,compound,
RIPK3,C#Cc1ccc(C2CCCN2C(=O)c2ccnc(C)c2)cc1,10.00,stable,13212,1117.64,GAFF2+ff14SB,TIP3P,2026-05-20,compound,
LIMK2,C=CC(=O)N1CCC(C(=O)NC2CCCN(c3ccc(F)c(F)c3)C2=O)CC1,10.00,stable,14507,937.36,GAFF2+ff14SB,TIP3P,2026-05-20,compound,
ROCK1,C#CC(CC)(CC)NC(=O)CCc1nnc(-c2ccncc2)o1,10.00,stable,20336,1220.97,GAFF2+ff14SB,TIP3P,2026-05-20,compound,
ROCK2,C#CC(CC)(CC)NC(=O)CCc1nnc(-c2ccncc2)o1,10.00,moderate,16283,1026.45,GAFF2+ff14SB,TIP3P,2026-05-20,compound,
RIPK3,C#CCN(CC1CCCO1)C(=O)NC1C2CCOC2C1(C)C,10.00,stable,14260,1136.69,GAFF2+ff14SB,TIP3P,2026-05-20,compound,
RIPK3,C#CC(CC)(CC)NC(=O)CCc1nnc(-c2ccncc2)o1,10.00,moderate,15667,1065.53,GAFF2+ff14SB,TIP3P,2026-05-20,compound,
ROCK2,C#CCNC(=O)CN1CCN(S(=O)(=O)c2cc3c(cc2Cl)NC(=O)CO3)C,10.00,stable,26583,1052.16,GAFF2+ff14SB,TIP3P,2026-05-20,compound,
RIPK3,Brc1cnc(C2CCCN2c2ncnc3nc[nH]c23)nc1,10.00,stable,13548,1111.34,GAFF2+ff14SB,TIP3P,2026-05-20,compound,
ROCK2,C#CCNC(=O)Nc1cccc2ccccc12,10.00,moderate,10704,1354.93,GAFF2+ff14SB,TIP3P,2026-05-19,compound,
RIPK3,Brc1ccc(Cc2noc([C@H]3CCCN3)n2)cc1,10.00,moderate,15205,988.66,GAFF2+ff14SB,TIP3P,2026-05-19,compound,
RIPK3,C#CCSc1cccc(C(=O)NC2(C#N)CCOCC2)c1,10.00,stable,14496,1174.58,GAFF2+ff14SB,TIP3P,2026-05-19,compound,
ROCK2,C#CCNC(=O)N[C@@H](C)c1ccc(F)c(F)c1,10.00,stable,23998,1119.11,GAFF2+ff14SB,TIP3P,2026-05-19,compound,
LIMK2,C#CCNC(=O)c1ccc2c(c1)NC(=O)[C@@H](C)S2,10.00,stable,14123,1110.23,GAFF2+ff14SB,TIP3P,2026-05-19,compound,
RIPK3,C#CN1c2ccccc2N(C)C(=O)c2cccnc21,10.00,stable,12841,1190.28,GAFF2+ff14SB,TIP3P,2026-05-19,compound,
ROCK1,C#CCNC(=O)Nc1cccc2cccnc12,10.00,moderate,12406,1237.87,GAFF2+ff14SB,TIP3P,2026-05-19,compound,
RIPK3,C#CCOc1ccc(N(C)CC(=O)NC(=O)NC)cc1,10.00,stable,13049,1104.97,GAFF2+ff14SB,TIP3P,2026-05-19,compound,
LIMK2,C#CCN[C@@H]1CC(=O)N(c2ccc(Br)cc2)C1=O,10.00,stable,16371,1037.09,GAFF2+ff14SB,TIP3P,2026-05-19,compound,
RIPK3,C#CCOCN1C(=O)c2ccccc2NS1(=O)=O,10.00,moderate,13485,1112.98,GAFF2+ff14SB,TIP3P,2026-05-19,compound,
LIMK2,C#CCN[C@H]1CC(=O)N(c2ccc(Cl)cc2)C1=O,10.00,stable,14896,1109.72,GAFF2+ff14SB,TIP3P,2026-05-19,compound,
ROCK2,C#CCNC(=O)[C@H]1CCCc2ccccc21,10.00,stable,32595,761.29,GAFF2+ff14SB,TIP3P,2026-05-19,compound,
ROCK1,C#CCNC(=O)[C@H]1CCCc2ccccc21,10.00,moderate,12006,1151.83,GAFF2+ff14SB,TIP3P,2026-05-19,compound,
LIMK2,C#CCNS(=O)(=O)c1ccc(C(F)(F)F)cc1,10.00,moderate,14808,1097.04,GAFF2+ff14SB,TIP3P,2026-05-19,compound,
ROCK2,C#CCNC(=O)Nc1cccc2cccnc12,10.00,stable,41908,756.15,GAFF2+ff14SB,TIP3P,2026-05-19,compound,
ROCK1,C#CCN(CC1CCCO1)C(=O)NC1C2CCOC2C1(C)C,10.00,moderate,40246,710.15,GAFF2+ff14SB,TIP3P,2026-05-19,compound,
RIPK3,Brc1cccc(-c2nnc3ccccn23)c1,10.00,stable,12077,1128.96,GAFF2+ff14SB,TIP3P,2026-05-19,compound,
RIPK3,C#CCNC(=O)[C@H]1CCCc2ccccc21,10.00,moderate,13332,1054.48,GAFF2+ff14SB,TIP3P,2026-05-19,compound,
ROCK2,C#CCN(CC1CCCO1)C(=O)NC1C2CCOC2C1(C)C,10.00,moderate,39966,718.56,GAFF2+ff14SB,TIP3P,2026-05-19,compound,
LIMK2,C#CCN(CC1CCCO1)C(=O)NC1C2CCOC2C1(C)C,10.00,stable,12615,1082.20,GAFF2+ff14SB,TIP3P,2026-05-19,compound,
LIMK2,Brc1cccc(-c2nnc3ccccn23)c1,10.00,stable,14208,1192.11,GAFF2+ff14SB,TIP3P,2026-05-19,compound,
ROCK1,C#CCNC(=O)CN1CCN(S(=O)(=O)c2cc3c(cc2Cl)NC(=O)CO3)C,10.00,moderate,28969,794.25,GAFF2+ff14SB,TIP3P,2026-05-19,compound,
LIMK2,C#CCNC(=O)N[C@@H](C)c1ccc(F)c(F)c1,10.00,stable,14047,1120.03,GAFF2+ff14SB,TIP3P,2026-05-19,compound,
ROCK1,C#CCNC(=O)Nc1cccc2ccccc12,10.00,stable,16391,1488.32,GAFF2+ff14SB,TIP3P,2026-05-19,compound,
LIMK2,C#CCNC(=O)c1ccc(-n2cc(C)cn2)cc1,10.00,stable,11595,1123.56,GAFF2+ff14SB,TIP3P,2026-05-19,compound,
LIMK2,C#CCNC(=O)c1cnc2c(c1)c(C)nn2C,10.00,stable,13565,1070.85,GAFF2+ff14SB,TIP3P,2026-05-19,compound,
LIMK2,C#CCNC(=O)[C@H]1CCCc2ccccc21,10.00,stable,13086,998.95,GAFF2+ff14SB,TIP3P,2026-05-19,compound,
LIMK2,C#CCSc1cccc(C(=O)NC2(C#N)CCOCC2)c1,10.00,stable,15807,1012.22,GAFF2+ff14SB,TIP3P,2026-05-19,compound,
ROCK2,C#CCNS(=O)(=O)c1cccc2cccnc12,10.00,stable,63714,568.29,GAFF2+ff14SB,TIP3P,2026-05-19,compound,
LIMK2,C#CCNC(=O)[C@@H]1CC(=O)N(c2ccccc2)C1,10.00,moderate,13062,1108.95,GAFF2+ff14SB,TIP3P,2026-05-19,compound,
LIMK2,C#CCN[C@@H]1CC(=O)N(c2ccc(Cl)cc2)C1=O,10.00,stable,12472,1156.97,GAFF2+ff14SB,TIP3P,2026-05-19,compound,
LIMK2,C#CCNC(=O)Nc1cccc2cccnc12,10.00,stable,13101,1132.71,GAFF2+ff14SB,TIP3P,2026-05-19,compound,
LIMK2,C#CCNC(=O)c1cnn(-c2ccccc2)c1,10.00,stable,12787,1146.79,GAFF2+ff14SB,TIP3P,2026-05-19,compound,
RIPK3,C#CCN[C@@H]1CC(=O)N(c2ccc(Br)cc2)C1=O,10.00,moderate,13534,1215.16,GAFF2+ff14SB,TIP3P,2026-05-19,compound,
ROCK1,C#CCNC(=O)CNC(=O)c1cccc(Cl)c1C,10.00,moderate,10480,1195.72,GAFF2+ff14SB,TIP3P,2026-05-19,compound,
LIMK2,C#CCNC(=O)c1cccc2cccnc12,10.00,moderate,13128,1203.65,GAFF2+ff14SB,TIP3P,2026-05-19,compound,
ROCK1,BrC1=C(c2ccccc2)N2CCN=C2S1,10.00,moderate,18891,1286.83,GAFF2+ff14SB,TIP3P,2026-05-19,compound,
LIMK2,CC(=O)N1N=C(c2ccc[nH]2)CC1c1ccc2nccnc2c1,10.00,stable,11865,1109.80,GAFF2+ff14SB,TIP3P,2026-05-19,compound,
ROCK1,C#CN1c2ccccc2N(C)C(=O)c2cccnc21,10.00,stable,37096,752.41,GAFF2+ff14SB,TIP3P,2026-05-19,compound,
LIMK2,C#CCNC(=O)Nc1cccc2ccccc12,10.00,stable,13304,1206.03,GAFF2+ff14SB,TIP3P,2026-05-19,compound,
ROCK2,C#CN1c2ccccc2N(C)C(=O)c2cccnc21,10.00,moderate,70105,502.70,GAFF2+ff14SB,TIP3P,2026-05-19,compound,
LIMK2,C#C[C@H](C)OC(=O)c1cccc(C(=O)NC)c1,10.00,moderate,11187,1082.59,GAFF2+ff14SB,TIP3P,2026-05-18,compound,
LIMK2,C#CN1c2ccccc2N(C)C(=O)c2cccnc21,10.00,moderate,13237,1273.76,GAFF2+ff14SB,TIP3P,2026-05-18,compound,
ROCK2,C#CCSc1cccc(C(=O)NC2(C#N)CCOCC2)c1,10.00,stable,71172,477.32,GAFF2+ff14SB,TIP3P,2026-05-18,compound,
ROCK1,C#Cc1ccc(C(=O)N2CCOCC2)cc1,10.00,stable,26733,917.42,GAFF2+ff14SB,TIP3P,2026-05-18,compound,
ROCK1,C#CCSc1cccc(C(=O)NC2(C#N)CCOCC2)c1,10.00,moderate,20129,1154.38,GAFF2+ff14SB,TIP3P,2026-05-18,compound,
LIMK2,C#Cc1ccc(C2CCCN2C(=O)c2ccnc(C)c2)cc1,10.00,stable,13413,1067.27,GAFF2+ff14SB,TIP3P,2026-05-18,compound,
LIMK2,C#CCNC(=O)CNC(=O)c1cccc(Cl)c1C,10.00,stable,13213,840.63,GAFF2+ff14SB,TIP3P,2026-05-18,compound,
RIPK3,C#CCNC(=O)c1cnn(-c2ccccc2)c1,10.00,stable,13760,1234.49,GAFF2+ff14SB,TIP3P,2026-05-18,compound,
ROCK1,C#C[C@H](O)c1cccc(C(F)(F)F)c1,10.00,moderate,20438,1299.88,GAFF2+ff14SB,TIP3P,2026-05-18,compound,
MDM2,campaign_cmpd_cmpd2_mdm2v2,,stable,14123,0,amber14SB,TIP3P,2026-05-02,compound,
CFL1,campaign_cmpd_cmpd3,,unstable,150994,0,amber14SB,TIP3P,2026-05-02,compound,
CFL1,campaign_cmpd_cmpd1,,borderline,151045,0,amber14SB,TIP3P,2026-05-02,compound,
MDM2,campaign_cmpd_cmpd2_mdm2v1,,stable,15209,0,amber14SB,TIP3P,2026-05-02,compound,
MDM2,campaign_cmpd_cmpd1_mdm2v1,,stable,15121,0,amber14SB,TIP3P,2026-05-02,compound,
CFL1,campaign_cmpd_cmpd2,,unstable,151878,0,amber14SB,TIP3P,2026-05-02,compound,
MDM2,campaign_cmpd_cmpd1_mdm2v2,,stable,14472,0,amber14SB,TIP3P,2026-05-02,compound,
LIMK2,sal_307_sal_pyrimidine_sel154,,stable,95177,0,amber14SB,TIP3P,2026-05-02,compound,
PERP,design_H2b_9_s2,,unstable,151985,0,amber14SB,TIP3P,2026-05-02,compound,
PERP,design_H1a_38_s7,,unstable,147483,0,amber14SB,TIP3P,2026-05-02,compound,
PERP,design_H1c_25_s5,,unstable,202836,0,amber14SB,TIP3P,2026-05-02,compound,
PERP,design_H2c_11_s1,,unstable,218812,0,amber14SB,TIP3P,2026-05-02,compound,
PERP,design_H1c_25_s4,,unstable,181790,0,amber14SB,TIP3P,2026-05-02,compound,
HDAC2,hydroxamate_rank15_200_bbb,,stable,54698,0,amber14SB,TIP3P,2026-05-02,compound,
HDAC2,hydroxamate_rank04_437,,stable,54688,0,amber14SB,TIP3P,2026-05-02,compound,
CORO1C,4-aminopyridine_SMD,,stable,135714,0,amber14SB,TIP3P,2026-05-02,compound,
CORO1C,4-aminopyridine_FEP,,stable,136575,0,amber14SB,TIP3P,2026-05-02,compound,
CDK5,diffdock_top3_id369,,stable,28525,0,amber14SB,TIP3P,2026-05-02,compound,
CDK5,diffdock_top1_id45,,stable,28526,0,amber14SB,TIP3P,2026-05-02,compound,
CDK5,diffdock_top2_id22,,stable,28496,0,amber14SB,TIP3P,2026-05-02,compound,
MUSK,diffdock_top2_id68,,unstable,330247,0,amber14SB,TIP3P,2026-05-02,compound,
MUSK,diffdock_top3_id298,,unstable,330332,0,amber14SB,TIP3P,2026-05-02,compound,
MUSK,diffdock_top1_id59,,unstable,330171,0,amber14SB,TIP3P,2026-05-02,compound,
KCNA2,4-aminopyridine,,stable,64801,0,amber14SB,TIP3P,2026-05-02,compound,
HDAC2,hydroxamate_rank01_518,,stable,54602,0,amber14SB,TIP3P,2026-05-02,compound,
ROCK2,,100.00,apo_reference,710181,23.50,amber14-all,TIP3P,2026-04-11,compound,
LIMK2,BMS-5,20.00,completed,95608,167.74,amber14-all + GAFF-2.11 (BCC charges),TIP3P-FB,2026-04-11,compound,
LIMK2,LIMKi3,20.00,completed,95608,167.74,amber14-all + GAFF-2.11 (BCC charges),TIP3P-FB,2026-04-11,compound,
