data_id,db,task,key,smiles,tag,filename,i_repeat,cfd_traj,cfd_pos,cfd_node,cfd_edge
pocketxmol_kat7_sma_atlas_ext,use,sbdd,,Nc1ncnc2c1ncn2C(O)C(OP(=O)(O)O)C1OP(=O)(O)N[PH](O)(O)O1,,0.sdf,0,1.2748041152954102,2.4094427,10.551221,17.99212
pocketxmol_kat7_sma_atlas_ext,use,sbdd,,Cc1nc2c3c(nc(N)nc(=O)c3n1)C1CCC(COP(=O)(O)O)CC1C2=O,,1.sdf,0,1.290101170539856,2.3023603,8.750923,17.240372
pocketxmol_kat7_sma_atlas_ext,use,sbdd,,Cc1cccc(-c2ccc(C(=O)N(c3ccccc3)c3cc(C(=O)O)n[nH]3)[nH]2)c1,,2.sdf,0,1.4213851690292358,2.6178792,9.656721,18.432322
pocketxmol_kat7_sma_atlas_ext,use,sbdd,,O=C(O)c1nc2ccc(OC3CCNCC3)c3c2c(c1O)C(Nc1ccccc1)=[S+]3,,3.sdf,0,1.372757911682129,2.7028677,11.11648,18.344963
pocketxmol_kat7_sma_atlas_ext,use,sbdd,,Cc1nc2cc([PH](O)(Nc3ccc4ccccc4c3)OP(=O)(O)O)ccc2c(=O)[nH]1,,4.sdf,0,1.4300938844680786,2.7235265,10.815006,17.97267
pocketxmol_kat7_sma_atlas_ext,use,sbdd,,Cc1cc[n+](C)c2ncc(N3C=CC=CC3C(=O)Nc3ccc[nH+]c3)cc12,,5.sdf,0,1.3642677068710327,2.4966695,8.581015,17.863403
pocketxmol_kat7_sma_atlas_ext,use,sbdd,,O=c1ncnc2n(C3OC(O)(COP(=O)(O)OP(=O)(O)O)C(O)C3O)ncnc1-2,,6.sdf,0,1.3384393453598022,2.457121,10.694122,17.831404
pocketxmol_kat7_sma_atlas_ext,use,sbdd,,,bad,7-bad.sdf,0,1.3560835123062134,2.5542169,9.953281,18.108372
pocketxmol_kat7_sma_atlas_ext,use,sbdd,,Cc1ncc(C(CNCCP(=O)(O)O)CC(=O)O)c2cc3ccccc3nc12,,8.sdf,0,1.3617178201675415,2.716809,10.751226,18.196028
pocketxmol_kat7_sma_atlas_ext,use,sbdd,,Cc1ccc(C2=CC(c3ccccc3)=C3C(=O)NC(=O)N=C23)cc1N,,9.sdf,0,1.4886668920516968,2.654671,10.350725,17.940088
pocketxmol_kat7_sma_atlas_ext,use,sbdd,,Nc1ccc2c(Nc3ccc(C(=O)O)cc3)c3c(nc2c1)C(=O)N=C3[N+](=O)O,,10.sdf,0,1.3749815225601196,2.5594158,9.628205,17.765192
pocketxmol_kat7_sma_atlas_ext,use,sbdd,,,bad,11-bad.sdf,0,1.1958955526351929,2.3209784,10.089121,17.689823
pocketxmol_kat7_sma_atlas_ext,use,sbdd,,O=c1[nH]cnc2ccc(C(CCc3ccc[nH+]c3)c3ccccc3)cc12,,12.sdf,0,1.4298750162124634,2.6163678,10.109234,18.175531
pocketxmol_kat7_sma_atlas_ext,use,sbdd,,O=c1c(O)c2[nH]cc3ccccc3c-2c2cc(Oc3ccc(O)cc3)ccc12,,13.sdf,0,1.3981399536132812,2.651238,10.209083,17.852377
pocketxmol_kat7_sma_atlas_ext,use,sbdd,,NC1=NC(=O)C2=NC=[N+](C3COC(COP(=O)(O)OP(=O)(O)O)C(O)C3)C2=N1,,14.sdf,0,1.2371560335159302,2.4613361,11.060295,17.592348
pocketxmol_kat7_sma_atlas_ext,use,sbdd,,O=Cc1c(C(=O)O)c(O)c(-c2ccccc2)c[n+]1C=Cc1ccccc1,,15.sdf,0,1.3623456954956057,2.6439977,10.575613,17.940216
pocketxmol_kat7_sma_atlas_ext,use,sbdd,,O=c1[nH]c(OCc2ccccc2)c(Cc2ccc(O)cc2)c2ccccc12,,16.sdf,0,1.3682312965393066,2.8239915,11.622429,18.633068
pocketxmol_kat7_sma_atlas_ext,use,sbdd,,O=C1NC(C(=O)O)=c2cc(Cc3ccccc3)c3c(c2O1)C=CC=CC=3,,17.sdf,0,1.3704320192337036,2.608848,10.774733,17.917116
pocketxmol_kat7_sma_atlas_ext,use,sbdd,,N#Cc1cccc(C(=O)C(Cc2nc3[nH]cnc(O)c-3n2)C(O)COP(=O)(O)O)c1,,18.sdf,0,1.2998393774032593,2.5645018,10.622098,18.075974
pocketxmol_kat7_sma_atlas_ext,use,sbdd,,,bad,19-bad.sdf,0,1.3812963962554932,2.6959794,10.704899,18.297773
pocketxmol_kat7_sma_atlas_ext,use,sbdd,,Nc1ncc2nc(N(CCP(=O)(O)O)c3ccccc3)ccc2c(=O)n1,,20.sdf,0,1.300243258476257,2.6227994,10.40604,17.950693
pocketxmol_kat7_sma_atlas_ext,use,sbdd,,COc1ccc(C(=O)NC(COC(=O)O)Cc2cnc3cccccc2-3)cc1,,21.sdf,0,1.3307803869247437,2.5993097,11.619378,18.35094
pocketxmol_kat7_sma_atlas_ext,use,sbdd,,Cc1ccc(C#[N+]N=C(O)c2ccc(N3CCC(C)N(C)CC3)nc2)cc1,,22.sdf,0,1.2779438495635986,2.451947,10.478326,17.844172
pocketxmol_kat7_sma_atlas_ext,use,sbdd,,Cc1ccccc1CCN(Cc1cccn2ncnc12)CC(C)CP(=O)(O)O,,23.sdf,0,1.2692677974700928,2.5202262,9.814192,17.737074
pocketxmol_kat7_sma_atlas_ext,use,sbdd,,Cc1cc(NCCc2cccc(O)c2)c(O)c2c1ccc1c2ccn1C(C)O,,24.sdf,0,1.407920479774475,2.5503845,9.065475,17.612616
pocketxmol_kat7_sma_atlas_ext,use,sbdd,,O=C1NC(=O)[N+](CC(O)C2OC(OP(=O)(O)O)C(OP(=O)(O)O)C2O)=CC1=CO,,25.sdf,0,1.1965298652648926,2.5168583,11.180457,18.574448
pocketxmol_kat7_sma_atlas_ext,use,sbdd,,Cc1ccc(C(=O)O)c2nc3n(c12)C(Cc1ccccc1)C(CP(=O)(O)O)N3,,26.sdf,0,1.3494473695755005,2.5402412,10.403799,17.92014
pocketxmol_kat7_sma_atlas_ext,use,sbdd,,Nc1ncnc2c(Cc3ccc4ccccc4c3)c(NC(=O)CCP(=O)(O)O)[nH]c12,,27.sdf,0,1.3795469999313354,2.6103852,11.073787,18.130457
pocketxmol_kat7_sma_atlas_ext,use,sbdd,,O=P(O)(O)C(=Cc1ccccc1)CNc1ccc(NC(=S)Nc2cccnc2)cc1,,28.sdf,0,1.3449008464813232,2.7115102,11.164007,18.865225
pocketxmol_kat7_sma_atlas_ext,use,sbdd,,O=C(O)c1[nH+]c(-c2cnc[nH]2)oc1N=C(c1ccccc1)c1ccccc1,,29.sdf,0,1.3411707878112793,2.510217,10.484627,18.256613
pocketxmol_kat7_sma_atlas_ext,use,sbdd,,C=C(C)n1cnc2cc(CC(COP(=O)(O)O)NC(=O)c3cccnc3)ccc21,,30.sdf,0,1.3602555990219116,2.687499,10.791899,18.642212
pocketxmol_kat7_sma_atlas_ext,use,sbdd,,,bad,31-bad.sdf,0,1.2700611352920532,2.6309695,9.641609,18.189495
pocketxmol_kat7_sma_atlas_ext,use,sbdd,,O=[N+]1N=C(Cc2ccc(O)cc2)c2cc3ccccc3c3nc(CO)nc1c23,,32.sdf,0,1.4330267906188965,2.587846,9.398909,17.623817
pocketxmol_kat7_sma_atlas_ext,use,sbdd,,O=P(O)(O)Cc1cccc(-c2cnc3ccccc3c2Cc2ccccc2)c1,,33.sdf,0,1.4208837747573853,2.8261075,12.2941,18.996744
pocketxmol_kat7_sma_atlas_ext,use,sbdd,,,bad,34-bad.sdf,0,1.282738208770752,2.4795496,9.898422,17.21775
pocketxmol_kat7_sma_atlas_ext,use,sbdd,,O=c1c2cccccc-2nc(-c2ccc(F)cc2)c1N=Cc1ccc(O)cc1,,35.sdf,0,1.4201087951660156,2.595195,10.800417,17.875212
pocketxmol_kat7_sma_atlas_ext,use,sbdd,,OC1=C(c2ccccc2)C=C(C=Cc2cccc(O)c2)N=C(c2cccc[nH+]2)N1,,36.sdf,0,1.416301131248474,2.743561,10.339124,18.225216
pocketxmol_kat7_sma_atlas_ext,use,sbdd,,O=c1ccc(Nc2cc[nH+]cc2-c2cc[nH+]c3ccccc23)c(O)[nH]1,,37.sdf,0,1.4389773607254028,2.559813,10.722021,17.892408
pocketxmol_kat7_sma_atlas_ext,use,sbdd,,,bad,38-bad.sdf,0,1.4957104921340942,2.730469,11.8710165,17.424822
pocketxmol_kat7_sma_atlas_ext,use,sbdd,,O=C1N=C(c2cccc([N+](=O)O)c2)N=C(COP(=O)(O)O)C1O,,39.sdf,0,1.320664405822754,2.5000281,10.826953,17.512104
pocketxmol_kat7_sma_atlas_ext,use,sbdd,,O=C(O)C1=C2N=c3ccccc3=CC=C2C(Nc2cccc3[nH+]ccc(F)c23)=C(O)N1,,40.sdf,0,1.397363305091858,2.5022376,9.893291,17.739233
pocketxmol_kat7_sma_atlas_ext,use,sbdd,,Cc1cc[nH+]c2c3[nH+]cccc3c(CNc3ccc(-c4nn[nH]n4)cc3)c(=O)c-2c1,,41.sdf,0,1.39715576171875,2.572857,8.619066,17.831985
pocketxmol_kat7_sma_atlas_ext,use,sbdd,,O=C(c1ccc2c(c1)OCO2)N(CCP(=O)(O)O)c1cc(-c2ccccc2)no1,,42.sdf,0,1.3229905366897583,2.6382718,11.373924,18.436579
pocketxmol_kat7_sma_atlas_ext,use,sbdd,,COCCn1c(C)c(C(=O)NCc2cc3cc(C)ccc3o2)c2ccccc21,,43.sdf,0,1.377569317817688,2.501388,10.109314,17.70451
pocketxmol_kat7_sma_atlas_ext,use,sbdd,,O=C(O)C1Oc2ccc(-c3ccccc3)cc2C1=NCCCc1ccccc1,,44.sdf,0,1.3533724546432495,2.6412158,10.607832,18.487406
pocketxmol_kat7_sma_atlas_ext,use,sbdd,,O=[N+](O)c1cccc(CC(=CP(=O)(O)O)c2cccc(-c3ccccc3)c2)c1,,45.sdf,0,1.3914157152175903,2.6666107,10.839532,18.54617
pocketxmol_kat7_sma_atlas_ext,use,sbdd,,NC(=O)c1nc(C(CCc2ccccc2)c2ccccc2)c2ccccc2n1,,46.sdf,0,1.4247149229049685,2.7962692,11.220055,18.568436
pocketxmol_kat7_sma_atlas_ext,use,sbdd,,Nc1ncc2ncc(OP(=O)(O)OP(=O)(O)O)c(CCOP(=O)(O)O)c2n1,,47.sdf,0,1.2861639261245728,2.5260096,10.272666,17.581444
pocketxmol_kat7_sma_atlas_ext,use,sbdd,,,bad,48-bad.sdf,0,1.2675493955612185,2.2401156,8.624679,17.381752
pocketxmol_kat7_sma_atlas_ext,use,sbdd,,O=C(O)c1nccc2c1N=C(c1ccc(F)cc1)C=c1nc3ccccc3nc1=C2,,49.sdf,0,1.4026809930801392,2.6578603,10.773706,18.114136
pocketxmol_kat7_sma_atlas_ext,use,sbdd,,Cc1cc(C)c2ccc(C(=NNCC(=O)O)c3ccc4ccccc4c3)cc2n1,,50.sdf,0,1.4670051336288452,2.7352418899536133,10.998749732971191,18.212282180786133
pocketxmol_kat7_sma_atlas_ext,use,sbdd,,,bad,51-bad.sdf,0,1.334658145904541,2.5144076347351074,10.077033996582031,17.366634368896484
pocketxmol_kat7_sma_atlas_ext,use,sbdd,,COc1ccc(C=C(CNP(=O)(O)O)c2cccc(-c3ccncc3)c2)cc1,,52.sdf,0,1.3584152460098269,2.730314016342163,11.242009162902832,18.735475540161133
pocketxmol_kat7_sma_atlas_ext,use,sbdd,,CC(=O)c1ccc([N+]#[N+]C(C(=O)c2ccc3nc(C)[n+](C)cc3c2)P(=O)(O)O)cc1,,53.sdf,0,1.4103140830993652,2.619002342224121,10.448929786682127,18.217214584350582
pocketxmol_kat7_sma_atlas_ext,use,sbdd,,O=C(c1ccccc1)n1cc(-c2ccc(F)cc2)nc1CCCP(=O)(O)O,,54.sdf,0,1.3493142127990725,2.6512560844421387,10.235286712646484,18.390016555786133
pocketxmol_kat7_sma_atlas_ext,use,sbdd,,O=P(O)(O)Cc1cc(-c2ccccc2O)[nH]c1-c1ccccc1,,55.sdf,0,1.383332371711731,2.7650601863861084,10.911258697509766,18.135066986083984
pocketxmol_kat7_sma_atlas_ext,use,sbdd,,COc1ccc2cc3[nH]c4cc(-c5ccc(C(=O)O)cc5)ccc4c3cc2c1,,56.sdf,0,1.4556968212127686,2.678212404251098,10.650896072387695,17.925220489501953
pocketxmol_kat7_sma_atlas_ext,use,sbdd,,Cc1[nH+]c(-c2nc(-c3c[nH]c4ccccc34)c3ccccc3[n+]2O)cs1,,57.sdf,0,1.391787052154541,2.4366252422332764,9.929622650146484,17.484153747558594
pocketxmol_kat7_sma_atlas_ext,use,sbdd,,,bad,58-bad.sdf,0,1.4497407674789429,2.499697208404541,9.238445281982422,17.288347244262695
pocketxmol_kat7_sma_atlas_ext,use,sbdd,,O=C(O)c1ccc(-c2nc(Nc3ccccc3F)[nH]c2-c2ccco2)cc1,,59.sdf,0,1.3866989612579346,2.6261982917785645,10.416376113891602,18.1618595123291
pocketxmol_kat7_sma_atlas_ext,use,sbdd,,Nc1ncnc2c1ncn2C1OC(OP(=O)(O)OP(=O)(O)O)C(O)C1O,,60.sdf,0,1.315985083580017,2.4933485984802246,11.30399227142334,17.901371002197266
pocketxmol_kat7_sma_atlas_ext,use,sbdd,,CNc1ccc2cc(Cc3ccc(C(=O)NC4CCNCC4)cc3)ccc2n1,,61.sdf,0,1.39951753616333,2.57102370262146,10.301420211791992,18.25157165527344
pocketxmol_kat7_sma_atlas_ext,use,sbdd,,O=C(Cn1nc(C(=O)O)c2cc(-n3cnnc3)ccc21)NNCc1ccc(F)cc1,,62.sdf,0,1.3866549730300903,2.6173105239868164,10.56872844696045,18.35686111450196
pocketxmol_kat7_sma_atlas_ext,use,sbdd,,Cc1ccc(-n2c(-c3ccc4ccccc4c3)c(P(=O)(O)O)c3ccccc32)cc1,,63.sdf,0,1.4827107191085815,2.756489515304565,10.82522201538086,18.070436477661133
pocketxmol_kat7_sma_atlas_ext,use,sbdd,,O=C(O)C(=Cc1ccc(-c2ccccc2)cc1)Nc1nc2cccccc-2n1,,64.sdf,0,1.352161884307861,2.5906498432159424,11.715312004089355,18.250789642333984
pocketxmol_kat7_sma_atlas_ext,use,sbdd,,O=C(C1=C(C(O)N=Cc2ccccc2)C(=O)[N+](c2ccccc2)=N1)c1ccccc1,,65.sdf,0,1.3657225370407104,2.5828442573547363,10.283303260803224,18.203901290893555
pocketxmol_kat7_sma_atlas_ext,use,sbdd,,Nc1ccc(-c2ccccc2NC2=CC=C(O)c3c(C(=O)O)cc4c(c3=C2)=CC=CC=C4)cc1,,66.sdf,0,1.3576610088348389,2.5298540592193604,9.484813690185549,17.766633987426758
pocketxmol_kat7_sma_atlas_ext,use,sbdd,,,bad,67-bad.sdf,0,1.3570667505264282,2.5111985206604004,9.966208457946776,17.37885856628418
pocketxmol_kat7_sma_atlas_ext,use,sbdd,,CC(C)n1c(=O)c2ccccc2c2cn(-c3nc4cccccc-4n3)nc21,,68.sdf,0,1.4200891256332395,2.3540499210357666,8.548416137695312,16.984949111938477
pocketxmol_kat7_sma_atlas_ext,use,sbdd,,Cc1ccc(NP2(=O)C(C(=O)O)=C3NC=CC=C3c3nc(=O)c(C)[nH+]cc32)cc1,,69.sdf,0,1.3283761739730835,2.4322431087493896,9.53847599029541,17.496856689453125
pocketxmol_kat7_sma_atlas_ext,use,sbdd,,Cc1ccc2nc3c4ccccc4c(NC(=O)c4ccco4)n3c2cc1,,70.sdf,0,1.2900805473327637,2.382503032684326,10.04383945465088,17.11945152282715
pocketxmol_kat7_sma_atlas_ext,use,sbdd,,COc1ccc(C=C(NC(=O)c2ccc3ccccc3c2)C(=O)O)cc1OC,,71.sdf,0,1.4210160970687866,2.6473395824432373,12.02005672454834,18.03227424621582
pocketxmol_kat7_sma_atlas_ext,use,sbdd,,CC1=CN2C(=CC(c3ccc(NC(N)=O)[nH+]c3)=C3C=CC(N)=CC=C32)N1,,72.sdf,0,1.3916175365447998,2.617166042327881,10.013466835021973,17.564300537109375
pocketxmol_kat7_sma_atlas_ext,use,sbdd,,Cc1nc2ccc(C(CCc3cccc(C)c3F)OP(=O)(O)O)cc2s1,,73.sdf,0,1.3528435230255127,2.602428674697876,10.46999168395996,18.048629760742188
pocketxmol_kat7_sma_atlas_ext,use,sbdd,,CNC(=O)c1ccc2c3cccc(P(=O)(O)O)c3c3nc(O)c(O)n[n+]3c2c1,,74.sdf,0,1.402678370475769,2.445375204086304,10.24682903289795,17.160165786743164
pocketxmol_kat7_sma_atlas_ext,use,sbdd,,,bad,75-bad.sdf,0,1.2437011003494265,2.293442249298096,10.227689743041992,17.293807983398438
pocketxmol_kat7_sma_atlas_ext,use,sbdd,,Oc1cccc(Cc2cc3cc(-c4ccc(-c5ccn[nH]5)[nH+]c4)ccc3[nH]2)c1,,76.sdf,0,1.4463400840759275,2.665604829788208,8.446455955505371,18.133161544799805
pocketxmol_kat7_sma_atlas_ext,use,sbdd,,O=C(NC(=C(O)c1ccnc2ccccc12)c1ccccn1)c1cccnc1,,77.sdf,0,1.3917622566223145,2.6216471195220947,10.266919136047363,18.11511993408203
pocketxmol_kat7_sma_atlas_ext,use,sbdd,,Cc1ncc2nc(-c3cccc(O[PH](O)(O)OP(=O)(O)O)c3)[nH]c2n1,,78.sdf,0,1.3354121446609497,2.6427245140075684,10.624813079833984,17.462562561035156
pocketxmol_kat7_sma_atlas_ext,use,sbdd,,Nc1ncnc2c1nc(-c1cc(C(=O)O)nc(P(=O)(O)O)c1O)n2Cc1ccccc1,,79.sdf,0,1.414405107498169,2.6734774112701416,11.230643272399902,18.51099395751953
pocketxmol_kat7_sma_atlas_ext,use,sbdd,,Cc1nc2cc(COP(=O)(O)O)c(Cc3ccccc3N)cc2c(=O)[nH]1,,80.sdf,0,1.353573441505432,2.591977119445801,10.506620407104492,18.18205451965332
pocketxmol_kat7_sma_atlas_ext,use,sbdd,,O=c1[nH]c2ccccc3c(C(=NN=Cc4cccc(O)c4)c4ccc(O)cc4)cc1c23,,81.sdf,0,1.282808542251587,2.385634660720825,9.22067642211914,17.91797637939453
pocketxmol_kat7_sma_atlas_ext,use,sbdd,,Cc1cc2c(cc1C)-c1c3ccccc3[n+](CC(=O)O)c3cccc(c13)C2=O,,82.sdf,0,1.4761162996292114,2.681725025177002,10.44597625732422,17.715190887451172
pocketxmol_kat7_sma_atlas_ext,use,sbdd,,Nc1nc(=O)c2ncn(C3CC(O)C(COP(=O)(O)OP(=O)(O)O)O3)c2[nH]1,,83.sdf,0,1.2677321434020996,2.475649118423462,11.206498146057127,17.955097198486328
pocketxmol_kat7_sma_atlas_ext,use,sbdd,,COc1ccc(-c2nc([PH](=O)(=O)O)[nH]c2C2=CC=CC=CN2)cc1,,84.sdf,0,1.31406831741333,2.572111129760742,10.654759407043455,17.747882843017578
pocketxmol_kat7_sma_atlas_ext,use,sbdd,,O=c1nc(-c2ccco2)nc2c3ccccc3[nH]c(C#Cc3ccccc3)c1-2,,85.sdf,0,1.3762452602386477,2.6656386852264404,10.545269966125488,18.08561897277832
pocketxmol_kat7_sma_atlas_ext,use,sbdd,,,bad,86-bad.sdf,0,1.450803518295288,2.642925977706909,9.782514572143556,17.823169708251953
pocketxmol_kat7_sma_atlas_ext,use,sbdd,,Nc1nc(=O)c2ncn(CCC(=O)C(O)C(N)COP(=O)(O)O)c2[nH]1,,87.sdf,0,1.2412782907485962,2.423196315765381,11.185100555419922,17.611188888549805
pocketxmol_kat7_sma_atlas_ext,use,sbdd,,Nc1nc2c(ncn2CCOC(CCO[PH](O)(O)OP(=O)(O)O)C(O)O)c(=O)[nH]1,,88.sdf,0,1.2741272449493408,2.547670841217041,10.78376293182373,17.812292098999023
pocketxmol_kat7_sma_atlas_ext,use,sbdd,,N#Cc1cccc(C(N=C(O)Nc2ccccn2)c2nc3cccccc-3n2)c1,,89.sdf,0,1.3460392951965332,2.582298040390014,10.550442695617676,18.189416885375977
pocketxmol_kat7_sma_atlas_ext,use,sbdd,,Oc1ccccc1C=CNc1cc(-c2ccccc2)cc2ccc(Cl)cc12,,90.sdf,0,1.431443452835083,2.8006956577301025,10.82254409790039,18.46861457824707
pocketxmol_kat7_sma_atlas_ext,use,sbdd,,Cc1ccc(CC(Cc2c[nH]c3c(NO)cccc23)C(=O)CP(=O)(O)O)cc1,,91.sdf,0,1.3686877489089966,2.7152810096740723,10.452765464782717,18.17241477966309
pocketxmol_kat7_sma_atlas_ext,use,sbdd,,N#Cc1c[nH+]c(N)nc1-c1ccc2c(=O)[nH]c(-c3ccc(F)cc3)cc2c1,,92.sdf,0,1.4991472959518433,2.5769832134246826,10.864141464233398,18.11018180847168
pocketxmol_kat7_sma_atlas_ext,use,sbdd,,Cc1ccc2[nH+]c(-c3n[nH]nc3P(=O)(O)O)c(CCc3ccccc3)cc2c1,,93.sdf,0,1.3823165893554688,2.6245877742767334,9.848297119140623,17.997272491455078
pocketxmol_kat7_sma_atlas_ext,use,sbdd,,Oc1ccc(C2=[n+]3c(sc4ncncc43)=[N+]3C=C(c4ccccc4)C=C23)cc1O,,94.sdf,0,1.4001641273498535,2.659090280532837,11.149115562438965,18.36697769165039
pocketxmol_kat7_sma_atlas_ext,use,sbdd,,,bad,95-bad.sdf,0,1.3186531066894531,2.5095419883728027,8.887717247009277,18.21629524230957
pocketxmol_kat7_sma_atlas_ext,use,sbdd,,,bad,96-bad.sdf,0,1.2183096408843994,2.14274263381958,9.229010581970217,17.071489334106445
pocketxmol_kat7_sma_atlas_ext,use,sbdd,,O=C(O)C1=c2ccccc2=C2C(Cc3ccccc3)=c3ccccc3=[N+]12,,97.sdf,0,1.4140201807022097,2.641806125640869,11.324835777282717,17.873878479003906
pocketxmol_kat7_sma_atlas_ext,use,sbdd,,,bad,98-bad.sdf,0,1.1735693216323853,2.444145917892456,10.196229934692385,18.0908260345459
pocketxmol_kat7_sma_atlas_ext,use,sbdd,,O=C(Nc1ccc(Nc2ccc(-c3nn[nH]n3)cc2Cl)cc1)c1ccccc1,,99.sdf,0,1.4477065801620483,2.656541109085083,9.814239501953123,18.636568069458008
pocketxmol_kat7_sma_atlas_ext,use,sbdd,,COc1ccc(C(C(=O)c2ncccn2)c2ccc3ccccc3c2)cc1,,100.sdf,0,1.4250167608261108,2.647451639175415,10.153629302978516,18.14323234558105
pocketxmol_kat7_sma_atlas_ext,use,sbdd,,CC1=NC(=O)C2=NC(NC(C#Cc3ccc(O)cc3N)CP(=O)(O)O)=NC2=N1,,101.sdf,0,1.3060187101364136,2.5181710720062256,10.060750961303713,18.04385757446289
pocketxmol_kat7_sma_atlas_ext,use,sbdd,,Cc1ccc(C(C[PH](=O)(=O)O)C(=O)Nc2nc(-c3cccn4ncnc34)cs2)cc1,,102.sdf,0,1.40285062789917,2.723221063613892,10.647831916809082,18.632617950439453
pocketxmol_kat7_sma_atlas_ext,use,sbdd,,NCCN(Cc1cccc(O)c1)C(=O)Cn1c(C(=O)O)nc2ccccc21,,103.sdf,0,1.2881267070770264,2.532390117645264,10.804085731506348,18.202091217041016
pocketxmol_kat7_sma_atlas_ext,use,sbdd,,,bad,104-bad.sdf,0,1.4022976160049438,2.707906007766724,11.349376678466797,17.86972999572754
pocketxmol_kat7_sma_atlas_ext,use,sbdd,,O=C(O)C1=C2NC(=O)c3ccccc3C=C2C(c2ccc3nc[nH]c3c2)=NN1,,105.sdf,0,1.4063349962234497,2.672687530517578,11.149505615234377,17.985584259033203
pocketxmol_kat7_sma_atlas_ext,use,sbdd,,Cn1c2ccccc2c2c(-c3ccc(-c4ccccc4)nc3)ccnc21,,106.sdf,0,1.4734382629394531,2.684814214706421,9.884944915771484,17.88482666015625
pocketxmol_kat7_sma_atlas_ext,use,sbdd,,Nc1ncnc2c1ncn2CC1OCC(NC(=O)OP(=O)(O)O)C1O,,107.sdf,0,1.1588741540908811,2.3754758834838867,10.979248046875,17.6508846282959
pocketxmol_kat7_sma_atlas_ext,use,sbdd,,CNc1nc2c(-c3ccccc3)c3ccnc(N)c3n2c2cccnc12,,108.sdf,0,1.446833610534668,2.6537797451019287,9.524059295654297,17.637479782104492
pocketxmol_kat7_sma_atlas_ext,use,sbdd,,C1=C(c2ccccc2)N=C(Nc2ccccn2)Nc2nc3ccccc3nc21,,109.sdf,0,1.3733057975769043,2.6618974208831787,10.50968074798584,18.182727813720703
pocketxmol_kat7_sma_atlas_ext,use,sbdd,,CC(O)(C(=O)O)C1OC(c2ncnc3c(N)ncnc23)C1OP(=O)(O)OP(=O)(O)O,,110.sdf,0,1.2011570930480957,2.339209079742432,10.769010543823242,17.572734832763672
pocketxmol_kat7_sma_atlas_ext,use,sbdd,,CC(=O)c1ccc(N=c2nc(P(=O)(O)O)[nH]c3ccc(C)cc23)cc1,,111.sdf,0,1.4609302282333374,2.726349115371704,10.931524276733398,18.08604049682617
pocketxmol_kat7_sma_atlas_ext,use,sbdd,,,bad,112-bad.sdf,0,1.2064791917800903,2.448666572570801,10.628778457641602,17.612363815307617
pocketxmol_kat7_sma_atlas_ext,use,sbdd,,COc1cccc2cccc(C(=O)Nc3ccc4ccccc4n3)c12,,113.sdf,0,1.4873422384262085,2.54549241065979,10.370671272277832,17.258344650268555
pocketxmol_kat7_sma_atlas_ext,use,sbdd,,C1=Cc2c(Nc3c[nH+]c4ccc(-c5ccc[nH+]c5)cc4c3)[nH+]c3[n+](c2=N1)=Nc1ccccc1-3,,114.sdf,0,1.478081226348877,2.7370944023132324,10.136539459228516,18.15747833251953
pocketxmol_kat7_sma_atlas_ext,use,sbdd,,Cc1ccc(C(Nc2cc3ccccc3[nH]c2=O)c2cccc[nH+]2)cc1,,115.sdf,0,1.3745803833007812,2.73140287399292,10.421113967895508,18.16242790222168
pocketxmol_kat7_sma_atlas_ext,use,sbdd,,CC(=O)Oc1cc(C)c2[nH+]c(-c3c[nH+]nc(O)n3)n3c4c[nH]c5nc(C)cc(c1c23)c54,,116.sdf,0,1.3347572088241575,2.5543577671051025,8.635375022888184,17.526517868041992
pocketxmol_kat7_sma_atlas_ext,use,sbdd,,Nc1ncnc2c1ncn2CCOC1CC(P(=O)(O)O)Nc2ccccc21,,117.sdf,0,1.2827764749526978,2.635911703109741,11.825119972229004,18.260831832885746
pocketxmol_kat7_sma_atlas_ext,use,sbdd,,O=c1ccc(C=Cc2nc(C#Cc3cc[nH+]cc3)[nH+]c3ccccc23)c2n[n+]1-2,,118.sdf,0,1.286410570144653,2.47568154335022,10.139436721801758,17.794218063354492
pocketxmol_kat7_sma_atlas_ext,use,sbdd,,,bad,119-bad.sdf,0,1.3276585340499878,2.462193012237549,8.830233573913574,17.547409057617188
pocketxmol_kat7_sma_atlas_ext,use,sbdd,,Nc1ncnc2c(C(=O)N(CCCP(=O)(O)O)Cc3c[nH]c4ccccc34)c[nH]c12,,120.sdf,0,1.3828134536743164,2.630573272705078,11.440999031066896,18.23984909057617
pocketxmol_kat7_sma_atlas_ext,use,sbdd,,c1ccc(Nc2nnc3nc4ccccc5ccc6ccc(c23)c6c54)cc1,,121.sdf,0,1.2539499998092651,2.340607166290283,8.75256633758545,16.825984954833984
pocketxmol_kat7_sma_atlas_ext,use,sbdd,,O=P(O)(O)C1=NCN(Cc2ccccc3ncnc2-3)C1c1ccc2ccccc2c1,,122.sdf,0,1.3468267917633057,2.5108447074890137,10.708876609802246,17.95628547668457
pocketxmol_kat7_sma_atlas_ext,use,sbdd,,Cc1ccc(C(Nc2ccccc2OP(=O)(O)O)c2ccc([N+](=O)O)cc2)cc1,,123.sdf,0,1.402767777442932,2.721899032592773,11.265948295593262,18.640575408935547
pocketxmol_kat7_sma_atlas_ext,use,sbdd,,O=c1[nH]c2c3c(ccc2c(=O)n1NC=Cc1c[nH]c2ccccc12)CCC3,,124.sdf,0,1.4893609285354614,2.678682327270508,10.500035285949709,18.03493309020996
pocketxmol_kat7_sma_atlas_ext,use,sbdd,,Cc1ncncc1CCCC1Nc2cnc3nc(N)nc(n23)-c2ccccc21,,125.sdf,0,1.2768962383270264,2.525232315063477,9.480328559875488,17.89160919189453
pocketxmol_kat7_sma_atlas_ext,use,sbdd,,Cc1nc2cc(C(OP(=O)(O)OP(=O)(O)O)c3ccc4ccccc4c3)ccc2[nH]1,,126.sdf,0,1.4258607625961304,2.671743154525757,10.851638793945312,17.997547149658203
pocketxmol_kat7_sma_atlas_ext,use,sbdd,,Nc1ncnc2c1ncn2C1OC(COP(=O)(O)OP(=O)(O)O)C(O)C1F,,127.sdf,0,1.2754539251327517,2.568191766738892,11.38060474395752,17.877777099609375
pocketxmol_kat7_sma_atlas_ext,use,sbdd,,Cc1cccc(Cc2[nH+]c3c4n2c2cccccc2[n+]4OC(O)=NC3=O)c1,,128.sdf,0,1.2803752422332764,2.4320499897003174,9.090154647827148,17.191741943359375
pocketxmol_kat7_sma_atlas_ext,use,sbdd,,,bad,129-bad.sdf,0,1.3892990350723269,2.602190971374512,10.084234237670898,18.157007217407227
pocketxmol_kat7_sma_atlas_ext,use,sbdd,,COC(C)(C)c1ccc(Nc2nc3ccccc3c3ccccc23)c(O)c1,,130.sdf,0,1.4130690097808838,2.5924265384674072,10.03835678100586,17.766796112060547
pocketxmol_kat7_sma_atlas_ext,use,sbdd,,c1ccc2c(Cn3nnnc3-c3nc(-c4ccncc4)no3)cccc2c1,,131.sdf,0,1.3831559419631958,2.658467054367065,10.38093090057373,17.643144607543945
pocketxmol_kat7_sma_atlas_ext,use,sbdd,,NC1=NC(N)=C2N=CC(N3Cc4ccccc4C3C(O)=NCCCOP(=O)(O)O)=C12,,132.sdf,0,1.2657523155212402,2.512436866760254,9.585723876953123,17.837156295776367
pocketxmol_kat7_sma_atlas_ext,use,sbdd,,CC(=O)Nc1cc(-c2ccc(-c3cccc(-c4ccnc(=O)[nH]4)c3)[nH+]n2)cc[nH+]1,,133.sdf,0,1.4385849237442017,2.653311014175415,10.712384223937988,18.37496566772461
pocketxmol_kat7_sma_atlas_ext,use,sbdd,,Cc1ccc(C(=O)Nc2ccc(OP(=O)(O)O)cc2)c(OCc2cccnc2)c1,,134.sdf,0,1.3125834465026855,2.6618947982788086,10.464102745056152,18.62508583068848
pocketxmol_kat7_sma_atlas_ext,use,sbdd,,O=C(O)Cc1[nH]c2cccc(Nc3ccccc3)c2c(=O)c1-c1ccccc1,,135.sdf,0,1.4634507894515991,2.817896604537964,11.831101417541504,18.472023010253903
pocketxmol_kat7_sma_atlas_ext,use,sbdd,,Cc1ccc(-c2ccc(C(=O)NCC(N)=O)c(Nc3ccccc3)c2)cc1,,136.sdf,0,1.394858956336975,2.701181173324585,10.603019714355469,18.45879173278809
pocketxmol_kat7_sma_atlas_ext,use,sbdd,,Cc1nc(N)c2c(n1)C(=O)N(c1ccccc1)C1N=C(COP(=O)(O)O)NC(=O)C1=N2,,137.sdf,0,1.3157159090042114,2.5570733547210693,10.826045036315918,18.651206970214844
pocketxmol_kat7_sma_atlas_ext,use,sbdd,,Cc1nc2ncc(CC(CP(=O)(O)O)c3cccc(-c4cnc[nH]4)c3)c-2c[nH]1,,138.sdf,0,1.4042567014694214,2.6311821937561035,10.415253639221191,18.43400382995605
pocketxmol_kat7_sma_atlas_ext,use,sbdd,,Cc1cc(Nc2ccnc3[nH+]cccc23)c2c(n1)[nH]c1nccnc12,,139.sdf,0,1.4174435138702393,2.705143928527832,9.641953468322754,17.734416961669922
pocketxmol_kat7_sma_atlas_ext,use,sbdd,,,bad,140-bad.sdf,0,1.4976767301559448,2.6610474586486816,10.404329299926758,17.936012268066406
pocketxmol_kat7_sma_atlas_ext,use,sbdd,,O=c1nc(N=C(C=Cc2ccccc2)c2ccccc2)[nH]c2ccccc12,,141.sdf,0,1.3316327333450315,2.765698432922364,11.349388122558594,18.5171012878418
pocketxmol_kat7_sma_atlas_ext,use,sbdd,,COc1ccc2c(c1)c1c(-c3nc4c(C)cccc4o3)c(C)nc3cnc(=O)n2c31,,142.sdf,0,1.3816605806350708,2.643452405929565,10.35562515258789,17.660133361816406
pocketxmol_kat7_sma_atlas_ext,use,sbdd,,Nc1ccc2c(CCc3ccccc3)c3c4c(c(O)ccc4c2c1)NN=C3,,143.sdf,0,1.3987596035003662,2.597956657409668,9.018840789794922,17.480051040649414
pocketxmol_kat7_sma_atlas_ext,use,sbdd,,O=P(O)(O)Cc1cc(Nc2ncnc3ccccc23)cc2c3ccc(F)ccc-3nc12,,144.sdf,0,1.4459565877914429,2.6907358169555664,10.865909576416016,18.11522102355957
pocketxmol_kat7_sma_atlas_ext,use,sbdd,,O=C(c1ccc(Oc2ccccc2)c(F)c1)C1CS(=O)(=O)c2ccccc2O1,,145.sdf,0,1.3758963346481323,2.5620579719543457,10.77233600616455,18.5127182006836
pocketxmol_kat7_sma_atlas_ext,use,sbdd,,Nc1ncnc2c1ncn2C1CCC(O)C(C(=O)N2OCC(P(=O)(O)O)P2(=O)O)O1,,146.sdf,0,1.2768261432647705,2.494176387786865,9.887582778930664,18.11179542541504
pocketxmol_kat7_sma_atlas_ext,use,sbdd,,,bad,147-bad.sdf,0,1.3309030532836914,2.50893497467041,10.34926700592041,18.44551658630371
pocketxmol_kat7_sma_atlas_ext,use,sbdd,,O=P(O)(O)CCC(=Nc1ccnc2ccccc12)c1ccccc1,,148.sdf,0,1.4234225749969482,2.806720733642578,11.870101928710938,18.446420669555664
pocketxmol_kat7_sma_atlas_ext,use,sbdd,,Cc1ccc2c(c1)C=C1C(c3ccc4ccccc4c3)=C(P(=O)(O)O)N=[N+]12,,149.sdf,0,1.348455786705017,2.6513473987579346,10.800724029541016,17.536598205566406
pocketxmol_kat7_sma_atlas_ext,use,sbdd,,O=C(NC1CCCN(C(=O)c2ccccc2)C1)c1cnc2ccccc2c1,,150.sdf,0,1.4163473844528198,2.576255321502685,10.340493202209473,18.32761001586914
pocketxmol_kat7_sma_atlas_ext,use,sbdd,,Nc1ncn(C2OC3OP(=O)(O)OP(=O)(O)OC3C(F)C2O)c2nnc(N)c1-2,,151.sdf,0,1.224450707435608,2.315235376358032,10.309244155883787,17.58406639099121
pocketxmol_kat7_sma_atlas_ext,use,sbdd,,CN1CC(O)N(Cc2ccccc2)c2ccc(-c3ccccc3)cc2C1=O,,152.sdf,0,1.39900541305542,2.670186281204224,11.424556732177734,18.417484283447266
pocketxmol_kat7_sma_atlas_ext,use,sbdd,,Cc1ccc2ccc3c4c(NNC(=O)Cc5ccccc5)[nH]c(N)nc-4nc3c2c1,,153.sdf,0,1.3371068239212036,2.661712884902954,9.931220054626465,17.92685890197754
pocketxmol_kat7_sma_atlas_ext,use,sbdd,,Nc1cccc2c1ncc1c(=O)c(O)c[n+](-c3nnc[nH]3)cc12,,154.sdf,0,1.3989765644073486,2.5826210975646973,9.288976669311523,17.1944522857666
pocketxmol_kat7_sma_atlas_ext,use,sbdd,,N=c1ncnc2nc3ccc(C(=Cc4ccccc4)NC(N)=O)ccc3nc12,,155.sdf,0,1.412479281425476,2.636540651321411,10.95967960357666,18.02256965637207
pocketxmol_kat7_sma_atlas_ext,use,sbdd,,Oc1ccc(C2CCC[n+]3c4c5c(cccc5c5cc(O)ccc53)N=C42)cc1,,156.sdf,0,1.4400445222854614,2.662525653839112,9.923136711120604,17.913467407226562
pocketxmol_kat7_sma_atlas_ext,use,sbdd,,COc1cc(O)c(Nc2ccc[nH+]c2C(=O)O)c2nc(CC(C)C)[nH]c12,,157.sdf,0,1.3504747152328491,2.5467514991760254,9.780061721801758,17.54094886779785
pocketxmol_kat7_sma_atlas_ext,use,sbdd,,Cn1c2ccc(C(=O)O)cc2c2c(Cc3ccccc3)cc(C(=O)O)nc21,,158.sdf,0,1.441174030303955,2.6284005641937256,11.08563995361328,18.191696166992188
pocketxmol_kat7_sma_atlas_ext,use,sbdd,,Cc1ccc(-c2oc(=O)nc(C(=O)O)c2CNc2ccc3ccccc3c2)cc1,,159.sdf,0,1.4427857398986816,2.7398834228515625,11.030596733093262,18.266632080078125
pocketxmol_kat7_sma_atlas_ext,use,sbdd,,Fc1ccc(CNc2n[nH]c(C3=C4C=CC=CC=C4NC=C3)n2)cc1,,160.sdf,0,1.3427146673202517,2.536205291748047,10.574419975280762,17.82757568359375
pocketxmol_kat7_sma_atlas_ext,use,sbdd,,C=Nc1c(NC2C(O)=CCC2CCOP(=O)(O)OP(=O)(O)O)[nH]c(N)nc1=O,,161.sdf,0,1.22440767288208,2.6002330780029297,10.377927780151367,18.36931610107422
pocketxmol_kat7_sma_atlas_ext,use,sbdd,,Nc1nc(=O)c2ncn(CC(O)C(O)COP(=O)(O)OP(=O)(O)O)c2[nH]1,,162.sdf,0,1.3083688020706177,2.3495891094207764,11.034424781799316,17.631210327148438
pocketxmol_kat7_sma_atlas_ext,use,sbdd,,O=C(O)CCCCN(C(=O)Cc1c[nH]c2ccccc12)c1n[nH+]c(-c2ccccc2)s1,,163.sdf,0,1.3166099786758425,2.709502696990967,11.235528945922852,18.68613052368164
pocketxmol_kat7_sma_atlas_ext,use,sbdd,,O=c1oc2c3c(oc4c-2c(nc2ccccc24)c2ccccc12)=CC=CC=C3,,164.sdf,0,1.3848190307617188,2.6048500537872314,10.917640686035156,17.538776397705078
pocketxmol_kat7_sma_atlas_ext,use,sbdd,,COc1ccc(Nc2c3cc(Cc4ccccc4)ccc3nc3[nH]c(=O)ncc23)cc1,,165.sdf,0,1.34044086933136,2.6469874382019043,10.270429611206056,18.25916862487793
pocketxmol_kat7_sma_atlas_ext,use,sbdd,,COc1ccc(Nc2nccc(Nc3c[nH+]cc(-c4cn[nH]c4)c3)[nH+]2)cc1,,166.sdf,0,1.433411717414856,2.608320951461792,10.164947509765623,18.37580680847168
pocketxmol_kat7_sma_atlas_ext,use,sbdd,,Cc1ccc(-c2cc(C=C(Cc3ccccc3)c3nonc3N)ccc2F)cc1,,167.sdf,0,1.3257722854614258,2.618969202041626,9.4789400100708,18.4382438659668
pocketxmol_kat7_sma_atlas_ext,use,sbdd,,O=C(O)C1=C(O)[n+]2c3ccc4c(c3c(O)c3c5ccccc5cc1c32)OCO4,,168.sdf,0,1.41099214553833,2.5355124473571777,10.626715660095217,17.0755615234375
pocketxmol_kat7_sma_atlas_ext,use,sbdd,,O=P(O)(O)c1nc2ccccc2c2c3c(ccc12)-c1ncc2c(c1=C3)=CN=N2,,169.sdf,0,1.408368706703186,2.566683530807495,9.958985328674316,17.431400299072266
pocketxmol_kat7_sma_atlas_ext,use,sbdd,,COc1ccc(C(c2c[nH+]ccn2)c2cc3ccccc3[nH]c2=O)cc1,,170.sdf,0,1.4471665620803833,2.7074785232543945,11.162935256958008,18.269880294799805
pocketxmol_kat7_sma_atlas_ext,use,sbdd,,O=C1N=C(O)c2nc3ccccc3c(-c3ccc4ccc(O)c(O)c4c3)c21,,171.sdf,0,1.467765212059021,2.622621774673462,10.764331817626951,17.533945083618164
pocketxmol_kat7_sma_atlas_ext,use,sbdd,,COc1ccc(C2=CC(c3ccc(O)cc3)=CN=C(c3ccc[nH+]c3)N2)cc1,,172.sdf,0,1.4560595750808716,2.721527576446533,10.577134132385254,18.27145004272461
pocketxmol_kat7_sma_atlas_ext,use,sbdd,,C1=CC=C2NC(c3c[nH+]ccn3)=CC(N3CCNC(c4c[nH+]c5ccncc5c4)C3)=C2C=C1,,173.sdf,0,1.4014980792999268,2.604123830795288,9.634222984313965,18.087236404418945
pocketxmol_kat7_sma_atlas_ext,use,sbdd,,Nc1ncnc2c1ncn2C1OC1C(O)CCOP1(=O)OP(=O)(O)O1,,174.sdf,0,1.1704511642456057,2.175253629684448,10.116859436035156,16.9280948638916
pocketxmol_kat7_sma_atlas_ext,use,sbdd,,Cc1nc2ccc(-c3cc(C(=O)O)cc4c(-c5cccnc5)cccc34)cc2nc1C,,175.sdf,0,1.533787488937378,2.7815115451812744,10.697115898132324,18.41095924377441
pocketxmol_kat7_sma_atlas_ext,use,sbdd,,CNc1nc2cccc3c2c(c1C)C(c1ccc(OC)cc1)C(=COP(=O)(O)O)N3,,176.sdf,0,1.3539959192276,2.5393011569976807,10.532788276672363,18.057029724121094
pocketxmol_kat7_sma_atlas_ext,use,sbdd,,CN=c1[nH]ccc2c(Nc3cc(-c4ccc(N)cc4)cc4ccccc34)nnnc12,,177.sdf,0,1.4352881908416748,2.72212290763855,10.2554292678833,18.1716423034668
pocketxmol_kat7_sma_atlas_ext,use,sbdd,,,bad,178-bad.sdf,0,1.3822455406188965,2.6967082023620605,10.39064598083496,17.983320236206055
pocketxmol_kat7_sma_atlas_ext,use,sbdd,,Nc1ncnc2c1ncn2C1CCC(COP(=O)(O)OP(=O)(O)OP(=O)(O)O)C1O,,179.sdf,0,1.2576578855514526,2.538313150405884,10.25039768218994,18.00530433654785
pocketxmol_kat7_sma_atlas_ext,use,sbdd,,O=C(O)CCc1cc2cc(-c3ncn[nH]3)ccc2n2c(=O)c3c(O)cccc3[nH+]c12,,180.sdf,0,1.4664275646209717,2.690851926803589,10.478937149047852,18.10514259338379
pocketxmol_kat7_sma_atlas_ext,use,sbdd,,O=C(O)c1cccc(-c2csc3[nH+]c4c(n23)-c2ccc(-c3nn[nH]n3)cc2C4)c1,,181.sdf,0,1.4381649494171145,2.5294435024261475,10.201083183288574,18.417451858520508
pocketxmol_kat7_sma_atlas_ext,use,sbdd,,COc1cccc(N=Cc2nc3c4c(cc(N)cc4n2)OCCCC3)c1F,,182.sdf,0,1.313460111618042,2.477280616760254,9.730598449707031,17.750568389892578
pocketxmol_kat7_sma_atlas_ext,use,sbdd,,O=C(O)c1ncc(-c2cccc(-c3ccccc3)c2)c(-c2ccccc2)n1,,183.sdf,0,1.4460393190383911,2.756293296813965,11.22189712524414,18.61191368103028
pocketxmol_kat7_sma_atlas_ext,use,sbdd,,Cc1ncnn2c1nc1cc(C=CP(=O)(O)O)c(-c3ccc4cccc(N)c4c3)cc12,,184.sdf,0,1.456589698791504,2.6713733673095703,10.21006679534912,17.993614196777344
pocketxmol_kat7_sma_atlas_ext,use,sbdd,,,bad,185-bad.sdf,0,1.313778042793274,2.5131702423095703,9.183847427368164,17.742830276489258
pocketxmol_kat7_sma_atlas_ext,use,sbdd,,NCc1ccc(-n2c(OC(COP(=O)(O)O)C(O)CO)nc3c(N)ncnc32)cc1,,186.sdf,0,1.3446753025054932,2.539276599884033,11.109355926513672,18.19036865234375
pocketxmol_kat7_sma_atlas_ext,use,sbdd,,O=c1nc[nH]c2cc3c(cc12)C[NH+](Cc1ccc2c(c1)OCCO2)C3CCOP(=O)(O)O,,187.sdf,0,1.3877307176589966,2.7084481716156006,11.864809036254885,18.39477157592773
pocketxmol_kat7_sma_atlas_ext,use,sbdd,,Cc1c(Nc2cc[nH+]c3ccccc23)ccc2cc(-c3ccc[nH]c3=O)c[nH+]c12,,188.sdf,0,1.5123432874679563,2.7451422214508057,10.35207748413086,18.20779228210449
pocketxmol_kat7_sma_atlas_ext,use,sbdd,,O=C(NCCc1ccccc1)c1cccc(NC(=O)c2cnc3c(c2)=C(F)NC=NC=3)c1,,189.sdf,0,1.2977246046066284,2.476025581359864,9.836509704589844,17.940185546875
pocketxmol_kat7_sma_atlas_ext,use,sbdd,,O=c1[nH]ccc2c(-c3ccc4ccccc4c3)c(-c3ccccc3)cnc12,,190.sdf,0,1.4970507621765137,2.7315917015075684,10.503992080688477,18.12740135192871
pocketxmol_kat7_sma_atlas_ext,use,sbdd,,CC(C)NC(=O)c1cnc(NN=CC2=CNC=Cn3nc(-c4ccco4)cc32)[nH+]c1,,191.sdf,0,1.3465057611465454,2.5134518146514893,9.922409057617188,18.10186767578125
pocketxmol_kat7_sma_atlas_ext,use,sbdd,,O=C(NC1=CC=CC=NN1)NC1CCCN(c2cc[nH+]c3ccccc23)CC1O,,192.sdf,0,1.2381887435913086,2.549250602722168,10.234353065490724,17.879493713378906
pocketxmol_kat7_sma_atlas_ext,use,sbdd,,O=C(O)c1ccc2nc3ncccc3cc2c1C(=O)Nc1ccc2ccccc2c1,,193.sdf,0,1.4897929430007937,2.7770769596099854,11.32570457458496,17.978254318237305
pocketxmol_kat7_sma_atlas_ext,use,sbdd,,,bad,194-bad.sdf,0,1.215389609336853,2.4040143489837646,11.198065757751465,17.524803161621094
pocketxmol_kat7_sma_atlas_ext,use,sbdd,,Cc1cccc2cc(NC3(C(O)O)C=Cc4ccccc4C3)ccc12,,195.sdf,0,1.4021281003952026,2.4382381439208984,10.09980010986328,17.379810333251953
pocketxmol_kat7_sma_atlas_ext,use,sbdd,,O=C(O)CCCC(NCCc1ccc(=O)[nH]c1)c1ccc2c(c1)OCCO2,,196.sdf,0,1.2928907871246338,2.516765117645264,10.941951751708984,17.936105728149414
pocketxmol_kat7_sma_atlas_ext,use,sbdd,,COc1ccc(-c2nc(C(=O)O)[nH]c2-c2ccc3nc(C)[nH]c3c2)cc1,,197.sdf,0,1.434658765792847,2.718719482421875,11.153280258178713,17.99577522277832
pocketxmol_kat7_sma_atlas_ext,use,sbdd,,Oc1ccc(-c2nc(Nc3ccccc3)nc(-c3ccc(O)cc3)n2)cc1,,198.sdf,0,1.479160189628601,2.7366044521331787,10.586121559143066,18.3221492767334
pocketxmol_kat7_sma_atlas_ext,use,sbdd,,Nc1ncnc2c1ncn2C1CCC2(COP(=O)(O)OP(=O)(O)OCC2O)O1,,199.sdf,0,1.2178093194961548,2.3540279865264893,10.972933769226074,17.500751495361328
pocketxmol_kat7_sma_atlas_ext,use,sbdd,,CC1=NC(=O)C2=C=NC(P(=O)(O)O)=C(c3ccccc3)NC2=N1,,200.sdf,0,1.2741038799285889,2.374983549118042,10.648911476135254,17.34619140625
pocketxmol_kat7_sma_atlas_ext,use,sbdd,,O=P(O)(O)Cc1nc2cc3[nH]c4ccccc4c3cc2nc1-c1ccc(O)cc1,,201.sdf,0,1.393784761428833,2.7434334754943848,11.43437385559082,18.31601333618164
pocketxmol_kat7_sma_atlas_ext,use,sbdd,,,bad,202-bad.sdf,0,1.4892863035202026,2.609008550643921,11.090086936950684,17.638668060302734
pocketxmol_kat7_sma_atlas_ext,use,sbdd,,Oc1ccc(-c2nc3cnccn3c2-c2ccccc2)cc1O,,203.sdf,0,1.4429882764816284,2.681302309036255,10.82498264312744,17.83199691772461
pocketxmol_kat7_sma_atlas_ext,use,sbdd,,C1=C[n+]2c3ccccc3cc3cc(Nc4ccccc4)c(-c4ccccc4)c1c32,,204.sdf,0,1.441146731376648,2.773214817047119,9.87147617340088,18.07965660095215
pocketxmol_kat7_sma_atlas_ext,use,sbdd,,CC(C)NC(=O)c1cnc(OP(=O)(O)O)c(Nc2ccc3ccccc3c2)c1,,205.sdf,0,1.3659396171569824,2.644581317901612,11.18039608001709,18.079402923583984
pocketxmol_kat7_sma_atlas_ext,use,sbdd,,O=P(O)(O)CC(Cc1ccccc1)c1ccc(-c2nn[nH]n2)c(O)c1,,206.sdf,0,1.3595821857452393,2.645588159561157,10.645781517028809,18.09684944152832
pocketxmol_kat7_sma_atlas_ext,use,sbdd,,CC(C(O)CO[PH](O)(O)OP(=O)(O)O)n1cnc2c(O)nc(N)nc21,,207.sdf,0,1.3173080682754517,2.468707323074341,10.538570404052734,17.25327491760254
pocketxmol_kat7_sma_atlas_ext,use,sbdd,,O=C(O)c1cc(=O)nc2n(Cc3ccccc3)c(CCCc3ccccc3)nn12,,208.sdf,0,1.3384143114089966,2.658196210861206,10.469858169555664,18.34061050415039
pocketxmol_kat7_sma_atlas_ext,use,sbdd,,O=C(O)C1=C2NC(c3ccccc3)=CC(c3ccccc3)=C2C=CC=C1,,209.sdf,0,1.4289225339889526,2.5971360206604004,10.73496150970459,17.958200454711914
pocketxmol_kat7_sma_atlas_ext,use,sbdd,,,bad,210-bad.sdf,0,1.297163724899292,2.439767837524414,11.362701416015623,17.798725128173828
pocketxmol_kat7_sma_atlas_ext,use,sbdd,,Oc1ncc(C(=Nc2ccnc3ccccc23)c2ccccc2)nc1-c1ccccn1,,211.sdf,0,1.4456360340118408,2.730768918991089,10.789299964904783,18.49516487121582
pocketxmol_kat7_sma_atlas_ext,use,sbdd,,COc1ccc2[nH]c(C(CP(=O)(O)O)Nc3ccc4ccccc4c3)nc2c1,,212.sdf,0,1.3927398920059204,2.6428475379943848,11.26190185546875,17.93914222717285
pocketxmol_kat7_sma_atlas_ext,use,sbdd,,O=C(O)c1[nH]cc2c1C(c1ccc(O)cc1)=C1C=c3cc(O)ccc3=C12,,213.sdf,0,1.3072088956832886,2.4365296363830566,9.235678672790527,17.4870548248291
pocketxmol_kat7_sma_atlas_ext,use,sbdd,,CC(=O)Nc1ccc2c(c1)C(=Nc1ccc3ccccc3c1)C(C(=O)O)O2,,214.sdf,0,1.3662022352218628,2.629450559616089,11.202503204345703,18.082801818847656
pocketxmol_kat7_sma_atlas_ext,use,sbdd,,Nc1cccc(Cc2ccn3c(C(=O)O)[nH+]c4c5ccccc5[nH]c4c23)c1,,215.sdf,0,1.381700038909912,2.629805326461792,10.203887939453123,17.63677406311035
pocketxmol_kat7_sma_atlas_ext,use,sbdd,,O=C(Nc1ccc2[nH]c3ccccc3c2c1)c1c[nH+]n(-c2ccccc2)c1,,216.sdf,0,1.4574590921401978,2.717381715774536,10.89035415649414,18.33840751647949
pocketxmol_kat7_sma_atlas_ext,use,sbdd,,Nc1ncnc2c1ncn2C1OC(C(OP(=O)(O)OP(=O)(O)O)P(=O)(O)O)C2OC21,,217.sdf,0,1.2556220293045044,2.365123987197876,10.627790451049805,17.65787124633789
pocketxmol_kat7_sma_atlas_ext,use,sbdd,,O=C(O)c1ccc2c(C(=O)O)c(-c3ccccc3)n(Cc3cccc(F)c3F)c2c1,,218.sdf,0,1.4258944988250732,2.6491401195526123,11.24832248687744,18.529375076293945
pocketxmol_kat7_sma_atlas_ext,use,sbdd,,O=c1ncc(-c2ccccc2)c2cc3cccnc3c3cccnc3c1-2,,219.sdf,0,1.349845290184021,2.5349690914154053,9.011813163757324,17.406185150146484
pocketxmol_kat7_sma_atlas_ext,use,sbdd,,,bad,220-bad.sdf,0,1.3648507595062256,2.382407665252685,9.601316452026367,17.19797134399414
pocketxmol_kat7_sma_atlas_ext,use,sbdd,,,bad,221-bad.sdf,0,1.3492447137832642,2.591737985610962,11.243111610412598,18.365863800048828
pocketxmol_kat7_sma_atlas_ext,use,sbdd,,O=C(Cc1ccccc1)NC(Nc1ccc(O)cc1)c1ccc2ccccc2c1,,222.sdf,0,1.3933027982711792,2.592889308929444,10.519107818603516,18.02701187133789
pocketxmol_kat7_sma_atlas_ext,use,sbdd,,Cc1ccc2[nH]c3c(CP(=O)(O)O)c(N)c(-c4cc5ccccc5[nH]4)cc3c2c1,,223.sdf,0,1.4267578125,2.691855907440185,10.879517555236816,17.913494110107422
pocketxmol_kat7_sma_atlas_ext,use,sbdd,,Nc1ncnc2c1ncn2C1CC(O)C(CCOP(=O)(O)O)O1,,224.sdf,0,1.2086082696914673,2.367138147354126,11.175163269042969,17.22132682800293
pocketxmol_kat7_sma_atlas_ext,use,sbdd,,,bad,225-bad.sdf,0,1.3583593368530271,2.437816619873047,9.584432601928713,17.655078887939453
pocketxmol_kat7_sma_atlas_ext,use,sbdd,,O=C1N=C(O)N=C1C(=Cc1ccc2ccccc2c1)C(O)c1cccc(O)c1,,226.sdf,0,1.3607888221740725,2.582941770553589,10.493400573730469,17.875890731811523
pocketxmol_kat7_sma_atlas_ext,use,sbdd,,O=P(O)(O)C(Nc1ccc(-c2ccccc2)cc1)Nc1ccccn1,,227.sdf,0,1.3519470691680908,2.7544374465942383,11.324695587158203,18.673694610595703
pocketxmol_kat7_sma_atlas_ext,use,sbdd,,COc1ccccc1Nc1[nH]c(=O)n(Cc2ccccc2)c(=O)c1-n1ncc[nH+]1,,228.sdf,0,1.3963842391967771,2.671630859375,11.143840789794922,18.576580047607425
pocketxmol_kat7_sma_atlas_ext,use,sbdd,,COc1ccc(CCC2=CC(c3ccccc3)=CNc3c(C(=O)O)ncn32)cc1,,229.sdf,0,1.3368239402770996,2.6363444328308105,10.532540321350098,18.124605178833008
pocketxmol_kat7_sma_atlas_ext,use,sbdd,,Oc1ncnc(O)c2c1nc1n2c(-c2ccccc2)c[n+]1-c1ccccc1,,230.sdf,0,1.3417770862579346,2.4405834674835205,10.172698974609377,17.504131317138672
pocketxmol_kat7_sma_atlas_ext,use,sbdd,,O=C1CNOP(=O)(O)OC2=CC(F)=CC=C(N2)N1c1ccc2[nH]c(=O)ccc2c1,,231.sdf,0,1.2149648666381836,2.464151859283448,10.123496055603027,17.531326293945312
pocketxmol_kat7_sma_atlas_ext,use,sbdd,,Cc1ccc(-[n+]2c3c(n(C)c2CC[PH](=O)(=O)O)N(C)C(=O)NC(N)=N3)cc1,,232.sdf,0,1.3654147386550903,2.683861017227173,11.014317512512209,17.74266815185547
pocketxmol_kat7_sma_atlas_ext,use,sbdd,,Cn1c[nH+]c2cc(-c3c4cc[nH]cc-4nc3CCc3ccccc3)ccc21,,233.sdf,0,1.4243336915969849,2.605393409729004,10.005082130432127,17.837867736816406
pocketxmol_kat7_sma_atlas_ext,use,sbdd,,O=C(O)c1ccc2c(P(=O)(O)O)cc(-c3ccccc3)cc2c1,,234.sdf,0,1.5002063512802124,2.7092161178588867,11.317556381225586,17.663806915283203
pocketxmol_kat7_sma_atlas_ext,use,sbdd,,Cc1cccc(Nc2cc(-c3cccc4ccccc34)nc(C(=O)O)c2O)c1,,235.sdf,0,1.484817624092102,2.730924367904663,10.866540908813477,18.44951438903809
pocketxmol_kat7_sma_atlas_ext,use,sbdd,,Nc1ncnc2c1ncn2C1OC(COP(=O)(O)OP(=O)(O)O)C(O)C1O,,236.sdf,0,1.332034945487976,2.6095080375671387,11.65485668182373,18.09764862060547
pocketxmol_kat7_sma_atlas_ext,use,sbdd,,COc1nc2c(cc1Cl)C(C(Cc1ccccc1)NC(=O)O)OP(=O)(O)O2,,237.sdf,0,1.3304742574691772,2.449589490890503,10.597442626953123,18.44965362548828
pocketxmol_kat7_sma_atlas_ext,use,sbdd,,CNC(=O)c1cn(-c2ccc(Cc3cccc(OC)c3)cc2)nn1,,238.sdf,0,1.4037021398544312,2.527122735977173,10.187232971191406,18.022899627685547
pocketxmol_kat7_sma_atlas_ext,use,sbdd,,Cc1cccc2c1nc(N)c1nc(C(N)P(=O)(O)O)cc(Cc3ccccc3)c12,,239.sdf,0,1.4062843322753906,2.7448418140411377,10.13439655303955,18.18509292602539
pocketxmol_kat7_sma_atlas_ext,use,sbdd,,O=C(O)c1ccc(-c2cnc3c(C(=O)O)nnc(CCCN4CCOCC4)c3c2)cc1,,240.sdf,0,1.4056248664855957,2.630110502243042,10.624791145324709,18.489511489868164
pocketxmol_kat7_sma_atlas_ext,use,sbdd,,Nc1nc2cc(-c3ccc4cnccc4n3)ccc2c2ccccc12,,241.sdf,0,1.5367343425750732,2.749552726745605,10.22970962524414,17.68560791015625
pocketxmol_kat7_sma_atlas_ext,use,sbdd,,CC1(C)C(=O)C([PH](O)(O)O)OC1=Cc1onc2c(=O)nc3cc(N)ccc3cc12,,242.sdf,0,1.268535852432251,2.51155161857605,9.493151664733888,17.936887741088867
pocketxmol_kat7_sma_atlas_ext,use,sbdd,,OC(=CCc1ccccc1)N(c1ccccc1)c1ccc(O)c2nccc-2c1,,243.sdf,0,1.341086983680725,2.6115736961364746,10.005173683166504,18.171554565429688
pocketxmol_kat7_sma_atlas_ext,use,sbdd,,Cc1c2c(c3ccccc3[n+]1C)C(=O)[N+](c1nc3ccccc3[nH]1)=C2O,,244.sdf,0,1.4772424697875977,2.537956476211548,10.09194278717041,17.127731323242188
pocketxmol_kat7_sma_atlas_ext,use,sbdd,,CC(C)(C)CCOc1nc2ccccc2cc1C1=CN=C2C(=O)N=C(N)N=C12,,245.sdf,0,1.3403806686401367,2.354087829589844,8.942023277282715,17.658838272094727
pocketxmol_kat7_sma_atlas_ext,use,sbdd,,O=C(c1ccccc1)c1cc(Nc2ccccc2)nc2c(C(=O)O)cccc12,,246.sdf,0,1.5018987655639648,2.618786573410034,10.539724349975586,18.101015090942383
pocketxmol_kat7_sma_atlas_ext,use,sbdd,,O=P(O)(O)CCC(c1nc2ccccc2[nH]1)c1cc[nH+]c2ccccc12,,247.sdf,0,1.4253202676773071,2.618639707565308,10.959787368774414,17.919666290283203
pocketxmol_kat7_sma_atlas_ext,use,sbdd,,Cn1cnc2c(c1=O)Nc1ccccc1N2C1OC(COP(=O)(O)O)C(O)C1O,,248.sdf,0,1.4071804285049438,2.712326765060425,11.875840187072754,18.42515563964844
pocketxmol_kat7_sma_atlas_ext,use,sbdd,,,bad,249-bad.sdf,0,1.370643973350525,2.372083902359009,8.490137100219727,17.144386291503906
pocketxmol_kat7_sma_atlas_ext,use,sbdd,,c1ccc(C[n+]2cn(-c3ccc4[nH+]cc(-c5ccccc5)cc4c3)nn2)cc1,,250.sdf,0,1.5141820907592771,2.787686586380005,10.471548080444336,18.43055534362793
pocketxmol_kat7_sma_atlas_ext,use,sbdd,,O=P(O)(O)CNc1c(O)c(-c2ccccc2)nc2cc3cc(O)ccc3cc12,,251.sdf,0,1.4477380514144895,2.758559465408325,11.094930648803713,18.07146644592285
pocketxmol_kat7_sma_atlas_ext,use,sbdd,,COc1cc(-c2noc(CNc3cnc4ccccc4c3)n2)ccc1O,,252.sdf,0,1.4169342517852783,2.5755615234375,10.76478385925293,17.90251350402832
pocketxmol_kat7_sma_atlas_ext,use,sbdd,,Cc1cc(Nc2cc(-c3ccccc3)ccc2Nc2ccncc2)nc(C)n1,,253.sdf,0,1.41511869430542,2.5965309143066406,9.708948135375977,18.35002326965332
pocketxmol_kat7_sma_atlas_ext,use,sbdd,,Cn1nc(-c2ccccc2)c2nc(-c3ccccc3)nc(=O)c-2c1N,,254.sdf,0,1.4794050455093384,2.7209312915802,10.305710792541504,17.956464767456055
pocketxmol_kat7_sma_atlas_ext,use,sbdd,,,bad,255-bad.sdf,0,1.2565486431121826,2.3874316215515137,10.633899688720703,18.21047592163086
pocketxmol_kat7_sma_atlas_ext,use,sbdd,,O=C(NCc1ccc(F)cc1)c1c(O)ncc2c1Nc1ccccc1C(S(=O)(=O)O)=C2,,256.sdf,0,1.295902967453003,2.498109817504883,10.31335735321045,18.130590438842773
pocketxmol_kat7_sma_atlas_ext,use,sbdd,,Cc1cc2nc(CC(=O)Nc3ccc(O)c(F)c3)n3c2c(n1)N=c1ccccc1=C3,,257.sdf,0,1.3166526556015017,2.4615795612335205,9.833221435546877,17.96706199645996
pocketxmol_kat7_sma_atlas_ext,use,sbdd,,O=c1nnc(-c2ccc(F)c(F)c2)c2oc3ccccc3c(-c3ccccc3)c1-2,,258.sdf,0,1.412451982498169,2.571690559387207,10.646686553955078,18.037675857543945
pocketxmol_kat7_sma_atlas_ext,use,sbdd,,COc1ccc(-c2cc3cccc4c3c(c2NCP(=O)(O)O)C=N4)cc1,,259.sdf,0,1.417626976966858,2.638026237487793,10.979507446289062,17.7268123626709
pocketxmol_kat7_sma_atlas_ext,use,sbdd,,Cc1ccc(C2=C3N=C(C(=O)Nc4ccccc4N)N=[N+]3C(=O)N=N2)cc1,,260.sdf,0,1.4609237909317017,2.7048802375793457,10.469425201416016,18.03523063659668
pocketxmol_kat7_sma_atlas_ext,use,sbdd,,NC(=O)C(=CC(=Cc1ccccc1)Cc1ccccc1)CP(=O)(O)O,,261.sdf,0,1.260643720626831,2.470845937728882,10.716767311096191,18.393444061279297
pocketxmol_kat7_sma_atlas_ext,use,sbdd,,,bad,262-bad.sdf,0,1.439466953277588,2.63700008392334,10.263016700744627,18.05364418029785
pocketxmol_kat7_sma_atlas_ext,use,sbdd,,O=C(O)c1ncc(Cc2ccc(O)cc2)c(-c2ccc3ccccc3c2)n1,,263.sdf,0,1.4614272117614746,2.73990535736084,11.385530471801758,18.208282470703125
pocketxmol_kat7_sma_atlas_ext,use,sbdd,,O=c1c(-c2ccc3ccc(O)cc3c2)c2nc[nH]c(=O)c2nc2cnccc12,,264.sdf,0,1.4184248447418213,2.6872732639312744,10.66282844543457,17.740615844726562
pocketxmol_kat7_sma_atlas_ext,use,sbdd,,,bad,265-bad.sdf,0,1.1523041725158691,2.2588701248168945,10.500565528869627,17.793657302856445
pocketxmol_kat7_sma_atlas_ext,use,sbdd,,Nc1cc2c3c(cc(O)c4c3c3c(cccc3n4Cc3ccccc3)C(O)=C2)n1,,266.sdf,0,1.3834776878356934,2.4738762378692627,9.209311485290527,17.487804412841797
pocketxmol_kat7_sma_atlas_ext,use,sbdd,,O=P(O)(O)C1OC(c2ccc(O)cc2)CC=C2NNC(=Cc3ccccc3)C21,,267.sdf,0,1.1853190660476685,2.4306509494781494,9.741110801696776,18.094736099243164
pocketxmol_kat7_sma_atlas_ext,use,sbdd,,O=P(O)(O)C1CC(Nc2ncnc3[nH]cnc23)CN(Cc2c[nH]c3ccccc23)C1,,268.sdf,0,1.3784085512161257,2.6947779655456543,11.815103530883787,18.26184463500977
pocketxmol_kat7_sma_atlas_ext,use,sbdd,,Nc1ncnc2c1ncc[n+]2C1OC(COP(=O)(O)OP(=O)(O)O)C(O)C1O,,269.sdf,0,1.3555073738098145,2.59313440322876,10.731646537780762,18.21089553833008
pocketxmol_kat7_sma_atlas_ext,use,sbdd,,COc1ccc(C=C2c3ccccc3N=Cc3ncccc32)c(O)c1O,,270.sdf,0,1.2981727123260498,2.397012948989868,10.177769660949709,17.256925582885742
pocketxmol_kat7_sma_atlas_ext,use,sbdd,,O=P(O)(O)CNC(=Cc1c[nH+]c2ccccc2c1)c1cc(-c2ccccc2)[nH]n1,,271.sdf,0,1.4187943935394287,2.7822182178497314,11.454312324523926,18.6383113861084
pocketxmol_kat7_sma_atlas_ext,use,sbdd,,O=P(O)(O)Cc1cc2[nH]c3ccccc3c2cc1Cc1ccccc1,,272.sdf,0,1.437978982925415,2.727013349533081,11.406610488891602,18.06417465209961
pocketxmol_kat7_sma_atlas_ext,use,sbdd,,Nc1ncnc2c1ncn2C1OCC(OP(=O)(O)OP(=O)(O)O)C(O)C1O,,273.sdf,0,1.1875176429748535,2.305271625518799,10.85283374786377,17.339242935180664
pocketxmol_kat7_sma_atlas_ext,use,sbdd,,O=C1N=C(O)c2c(-c3ccccc3)c3cc(OCc4ccccc4)ccc3n21,,274.sdf,0,1.3106133937835691,2.5934531688690186,10.847783088684082,18.11600685119629
pocketxmol_kat7_sma_atlas_ext,use,sbdd,,,bad,275-bad.sdf,0,1.397133469581604,2.535627603530884,9.284605979919434,17.247997283935547
pocketxmol_kat7_sma_atlas_ext,use,sbdd,,O=C1Nc2ccccc2C#CN(c2nc(=O)[nH]c(=O)[nH]2)C2C=CCC(=C2)OP(=O)(O)O1,,276.sdf,0,1.251998782157898,2.5271921157836914,10.251616477966309,18.53577995300293
pocketxmol_kat7_sma_atlas_ext,use,sbdd,,CNC(=O)NC(C(=O)O)c1nc2ccc(-c3ccccc3)cc2cc1-c1ccc(C)cc1,,277.sdf,0,1.4141557216644287,2.746058940887451,10.855546951293944,18.606184005737305
pocketxmol_kat7_sma_atlas_ext,use,sbdd,,Cc1c(-c2nc3cncnc(CCc4ccccc4)c-3n2)cnc2ccccc12,,278.sdf,0,1.336431622505188,2.527015447616577,9.471856117248535,17.6649169921875
pocketxmol_kat7_sma_atlas_ext,use,sbdd,,,bad,279-bad.sdf,0,1.3833601474761963,2.5574069023132324,10.73538589477539,17.66400909423828
pocketxmol_kat7_sma_atlas_ext,use,sbdd,,Nc1ncnc2c1ncn2C1OC(OP(=O)(O)OP(=O)(O)O)C(O)C1O,,280.sdf,0,1.3419264554977417,2.447807788848877,11.11159896850586,17.603477478027344
pocketxmol_kat7_sma_atlas_ext,use,sbdd,,CC(C)c1cc2c(nc1-c1ccccc1)c(=O)[nH]c(=O)n2C,,281.sdf,0,1.4140558242797852,2.731961488723755,10.84611701965332,17.653663635253906
pocketxmol_kat7_sma_atlas_ext,use,sbdd,,,bad,282-bad.sdf,0,1.355362057685852,2.611393690109253,10.601846694946287,18.224884033203125
pocketxmol_kat7_sma_atlas_ext,use,sbdd,,CP(=O)(O)OP(=O)(O)OC1CC(n2cnc3c(N)ncnc32)CC1Oc1ccccc1,,283.sdf,0,1.3157676458358765,2.543689250946045,10.672080993652344,18.06344985961914
pocketxmol_kat7_sma_atlas_ext,use,sbdd,,Cc1ccc2cc(Oc3c(NCP(=O)(O)O)ccc4ccccc34)ccc2n1,,284.sdf,0,1.4553697109222412,2.7569615840911865,11.146485328674316,18.049819946289062
pocketxmol_kat7_sma_atlas_ext,use,sbdd,,O=c1ncc2c(-c3ccc(O)cc3)cc(-c3ccccc3)nc2c(=O)[nH]1,,285.sdf,0,1.4279104471206665,2.715491771697998,10.923209190368652,18.01679992675781
pocketxmol_kat7_sma_atlas_ext,use,sbdd,,Cn1c2cc(O)ccc2c2nc(-c3ccc4ccccc4c3)cc(O)c21,,286.sdf,0,1.5327659845352173,2.6288301944732666,9.996010780334473,17.59659194946289
pocketxmol_kat7_sma_atlas_ext,use,sbdd,,COc1ccc2nc3c(nc2c1)C(=O)[n+]1cc(-c2ccc(NS(C)(=O)=O)cc2)cnc1-3,,287.sdf,0,1.4239044189453125,2.59808611869812,10.77857494354248,18.167165756225582
pocketxmol_kat7_sma_atlas_ext,use,sbdd,,O=C(O)c1cc(Cc2ccccc2)nc2c1oc1cc(O)c(O)cc12,,288.sdf,0,1.389736890792847,2.5402655601501465,10.210253715515137,17.679494857788086
pocketxmol_kat7_sma_atlas_ext,use,sbdd,,CC(c1c[nH]c2ccccc2c1=O)N(C)C(=O)CC[SH](=O)(O)c1[nH]nc2ccccc12,,289.sdf,0,1.3328388929367063,2.6717495918273926,10.742912292480469,18.40527534484864
pocketxmol_kat7_sma_atlas_ext,use,sbdd,,CS(=O)(=O)Nc1ccc2c(c1)[nH]c1c(C(=O)O)nc3ccccc3c12,,290.sdf,0,1.4645593166351318,2.6697864532470703,11.316293716430664,17.67076301574707
pocketxmol_kat7_sma_atlas_ext,use,sbdd,,Oc1cccc(-c2cc(O)c(NCc3ccccc3)nn2)c1,,291.sdf,0,1.447703838348389,2.5775575637817383,9.957633972167969,17.773597717285156
pocketxmol_kat7_sma_atlas_ext,use,sbdd,,Cc1ncc2c(O)c(C(CCP(=O)(O)O)Cc3ccccc3)ccc2n1,,292.sdf,0,1.4337011575698853,2.660841703414917,10.330292701721191,18.16838264465332
pocketxmol_kat7_sma_atlas_ext,use,sbdd,,Cc1ccc2c(C(=O)NC(O)Nc3ccc(O)cc3C)cc(-c3ccc(O)cc3)nc2c1,,293.sdf,0,1.4446959495544434,2.538338661193848,9.90809154510498,18.340002059936523
pocketxmol_kat7_sma_atlas_ext,use,sbdd,,,bad,294-bad.sdf,0,1.4764654636383057,2.710389375686645,10.527318954467772,17.623445510864258
pocketxmol_kat7_sma_atlas_ext,use,sbdd,,COc1ccc(NC2=NC=C(C(=O)O)C=C(Nc3ccc(C(C)=O)cc3)N2)cc1,,295.sdf,0,1.3707265853881836,2.5419187545776367,10.59075164794922,18.07260513305664
pocketxmol_kat7_sma_atlas_ext,use,sbdd,,O=P(O)(O)c1[nH]cc(-c2c[nH]c3ccccc23)c1-c1ccc(-c2ccccc2)cc1,,296.sdf,0,1.370192289352417,2.670016050338745,11.012934684753418,18.2466049194336
pocketxmol_kat7_sma_atlas_ext,use,sbdd,,O=[SH](O)(O)c1nc2cc3nc4ccccc4nc3cc2c2nc3ccccc3nc12,,297.sdf,0,1.534788966178894,2.85747504234314,11.811436653137209,18.289941787719727
pocketxmol_kat7_sma_atlas_ext,use,sbdd,,O=C1C(c2ccccc2)=C(c2cccc(-c3ccccc3)c2)NC1C(O)O,,298.sdf,0,1.48529052734375,2.7147979736328125,11.13613986968994,18.69921875
pocketxmol_kat7_sma_atlas_ext,use,sbdd,,OC(=CC(Oc1ccccc1)c1ccccc1)c1c2ccc(O)[nH]c-2nc1O,,299.sdf,0,1.3436700105667114,2.611858367919922,10.280621528625488,18.31864547729492
pocketxmol_kat7_sma_atlas_ext,use,sbdd,,O=C(O)c1c2cnc(Nc3ccccc3)c-2[nH]c(-c2ccccc2)c1O,,300.sdf,0,1.3700135946273804,2.6693131923675537,9.82468318939209,17.902484893798828
pocketxmol_kat7_sma_atlas_ext,use,sbdd,,Cc1[nH]c2ccccc2n2c(=O)c3cc(-c4ccc[nH+]c4)nc(C)c3c1-2,,301.sdf,0,1.423351764678955,2.6487486362457275,9.954742431640623,17.527307510375977
pocketxmol_kat7_sma_atlas_ext,use,sbdd,,O=C(O)Cc1c(Oc2ccc3ccccc3c2)c2ccc3ccccc3c2c2ccc(O)nc12,,302.sdf,0,1.4324777126312256,2.609644889831543,10.10254192352295,17.89275360107422
pocketxmol_kat7_sma_atlas_ext,use,sbdd,,COc1ccc(-c2cc3c(c4nnc(-c5ccccc5)[n+]-4n2)C(=O)N=N3)cc1,,303.sdf,0,1.322071194648743,2.500924825668335,9.663673400878906,17.70899200439453
pocketxmol_kat7_sma_atlas_ext,use,sbdd,,Cc1ccc(-c2c(C(=O)NCC(=O)O)cc3c4c(cccc24)C=CC=C3)cc1,,304.sdf,0,1.4449139833450315,2.677227020263672,11.44272518157959,18.007286071777344
pocketxmol_kat7_sma_atlas_ext,use,sbdd,,N#Cc1ccc([N+]2=NC(N)=C3C(=O)N=C(c4ccccc4)N=C32)cc1,,305.sdf,0,1.4216351509094238,2.638869047164917,10.744606018066406,17.860431671142578
pocketxmol_kat7_sma_atlas_ext,use,sbdd,,Cc1ccc2c(-c3nc(P(=O)(O)O)[nH]c3CCc3cccc([N+](=O)O)c3)coc2c1,,306.sdf,0,1.3523428440093994,2.574693441390991,10.242284774780272,18.146961212158203
pocketxmol_kat7_sma_atlas_ext,use,sbdd,,Nc1ncnc2c1ncn2C1OC(COP(=O)(O)O)C(O)C1O,,307.sdf,0,1.3354027271270752,2.5181643962860107,12.054542541503906,17.733734130859375
pocketxmol_kat7_sma_atlas_ext,use,sbdd,,COc1ccc(-c2nc(-c3ccccc3)nc3oc4[nH]c(=O)ncc4c23)cc1O,,308.sdf,0,1.4137945175170898,2.659377336502075,11.074463844299316,18.1776123046875
pocketxmol_kat7_sma_atlas_ext,use,sbdd,,,bad,309-bad.sdf,0,1.3797191381454468,2.5791919231414795,10.23952865600586,18.164236068725582
pocketxmol_kat7_sma_atlas_ext,use,sbdd,,Nc1nc2n(C3CC(O)C(O)C(COP(=O)(O)O)O3)ccnc-2c(=O)n1,,310.sdf,0,1.296170353889465,2.5029871463775635,11.29200267791748,17.617170333862305
pocketxmol_kat7_sma_atlas_ext,use,sbdd,,c1ccc(-c2cc3cc(-c4ccccc4)nc4c3[n+](c2)-c2ccccc2-4)cc1,,311.sdf,0,1.5412861108779907,2.77422308921814,10.085418701171877,18.11217498779297
pocketxmol_kat7_sma_atlas_ext,use,sbdd,,O=C1N=CN=c2nc3c(cc21)=C(c1ccccc1)C(CP(=O)(O)O)=N3,,312.sdf,0,1.4157283306121826,2.7203259468078613,11.234681129455566,18.087928771972656
pocketxmol_kat7_sma_atlas_ext,use,sbdd,,O=C1N=C2C(=Cc3cccc4c3C(C2c2ccccc2)P(=O)(O)O4)C(=O)N1,,313.sdf,0,1.3311079740524292,2.588763952255249,11.501737594604492,18.040891647338867
pocketxmol_kat7_sma_atlas_ext,use,sbdd,,Cc1ccc(C(c2ccccc2)c2nc3ccncc3s2)cc1,,314.sdf,0,1.4101415872573853,2.700334072113037,11.35714340209961,18.49669075012207
pocketxmol_kat7_sma_atlas_ext,use,sbdd,,N=c1ncn(C2OC(C(OP(=O)(O)O)O[PH](O)(O)O)C(O)C2O)c2[nH]cnc12,,315.sdf,0,1.270451903343201,2.514199495315552,11.06436252593994,18.008026123046875
pocketxmol_kat7_sma_atlas_ext,use,sbdd,,O=C(Nc1ccc2ccccc2[nH+]1)c1cn(-c2ccccc2)c2c1NC=C(F)C=C2,,316.sdf,0,1.430782437324524,2.6066999435424805,10.498476028442385,18.200984954833984
pocketxmol_kat7_sma_atlas_ext,use,sbdd,,,bad,317-bad.sdf,0,1.1926143169403076,2.2757458686828613,9.367812156677246,17.616485595703125
pocketxmol_kat7_sma_atlas_ext,use,sbdd,,Cn1c(-c2ccc3ccccc3n2)nc2ccc3c(-c4ccccc4)ccnc3c21,,318.sdf,0,1.4506802558898926,2.743664026260376,9.852630615234377,17.925296783447266
pocketxmol_kat7_sma_atlas_ext,use,sbdd,,Cc1cccc2c1-c1c(c3c(c4ccccc14)C(=O)N=C(N)N=3)=N2,,319.sdf,0,1.3750921487808228,2.503020763397217,10.320806503295898,17.117891311645508
pocketxmol_kat7_sma_atlas_ext,use,sbdd,,OC(O)c1cnc(Nc2ccnc3ccccc23)c(Cc2ccccc2)n1,,320.sdf,0,1.414308786392212,2.729324579238892,11.162763595581056,18.207244873046875
pocketxmol_kat7_sma_atlas_ext,use,sbdd,,NC(=O)C1CN(C2=C3C=c4ccccc4=CC=C3c3[nH+]c4ccccc4nc3N2)CCN1,,321.sdf,0,1.4323219060897827,2.703066349029541,11.265995025634766,18.25030899047852
pocketxmol_kat7_sma_atlas_ext,use,sbdd,,,bad,322-bad.sdf,0,1.4604811668395996,2.603137969970703,9.849055290222168,18.0532169342041
pocketxmol_kat7_sma_atlas_ext,use,sbdd,,O=C(O)c1ccc2nc(-c3ccccc3)cc(=Nc3ccccc3)c-2cc1,,323.sdf,0,1.4532158374786377,2.693385362625122,11.421956062316896,18.185117721557617
pocketxmol_kat7_sma_atlas_ext,use,sbdd,,Nc1ncnc2c1ncn2C(O)C1OP(=O)(O)OP(=O)(O)OC1(O)P(=O)(O)O,,324.sdf,0,1.1714892387390137,2.247004747390747,10.394352912902832,17.37119483947754
pocketxmol_kat7_sma_atlas_ext,use,sbdd,,CN1Nc2cc(NCC(=O)O)c(NC(=O)Nc3ccccc3)cc2-c2ccccc21,,325.sdf,0,1.4244468212127686,2.796194314956665,10.876742362976074,18.33356285095215
pocketxmol_kat7_sma_atlas_ext,use,sbdd,,COc1cccc(Nc2ncc3c(C(C)(C)C)nc4ccccc4c3n2)c1,,326.sdf,0,1.4317638874053955,2.4938008785247803,9.83904266357422,17.843395233154297
pocketxmol_kat7_sma_atlas_ext,use,sbdd,,Nc1ncnc2c1ncn2C1CC(O)C(O)C(COP(=O)(O)OP(=O)(O)O)O1,,327.sdf,0,1.2248950004577637,2.448202133178711,11.28189754486084,17.801694869995117
pocketxmol_kat7_sma_atlas_ext,use,sbdd,,COc1cnc2c(c[nH+]n2C(C)C)c1C1=C2C=C(Cc3ccccc3)C=[N+]2C(O)=N1,,328.sdf,0,1.288330078125,2.4904112815856934,9.04880428314209,17.566909790039062
pocketxmol_kat7_sma_atlas_ext,use,sbdd,,O=C(Nc1ccc2ccccc2c1)C(=Nc1ccccc1Nc1ccccc1)C(O)O,,329.sdf,0,1.402432560920715,2.6487534046173096,10.73719882965088,18.371875762939453
pocketxmol_kat7_sma_atlas_ext,use,sbdd,,Cc1nc(-c2ncnc(P(=O)(O)O)c2Nc2ccccc2)cs1,,330.sdf,0,1.2886743545532229,2.590195417404175,10.815803527832031,18.14372062683105
pocketxmol_kat7_sma_atlas_ext,use,sbdd,,Cc1cc[nH+]cc1-c1ccc2c(c1)N1N=C(CCc3ccccc3)C(O)=[NH+]C(O)=C1N2,,331.sdf,0,1.3947396278381348,2.553231000900269,9.18801975250244,17.830154418945312
pocketxmol_kat7_sma_atlas_ext,use,sbdd,,COc1cccc(Nc2cc(N(C(=O)CO)c3ccccc3)ccn2)c1,,332.sdf,0,1.3944109678268433,2.535277366638184,10.527698516845703,18.33555603027344
pocketxmol_kat7_sma_atlas_ext,use,sbdd,,Cc1c(N)n(-c2ccc(C(=O)O)cc2)c2ncc(-c3ccccc3)cc12,,333.sdf,0,1.4075210094451904,2.7278265953063965,10.441712379455566,17.992677688598633
pocketxmol_kat7_sma_atlas_ext,use,sbdd,,COc1c(-c2c3[nH]c(O)nn3c3cc(-c4ccc(N(C)C)cc4)[nH+]n23)ccc2ccccc12,,334.sdf,0,1.3407166004180908,2.466148376464844,9.406051635742188,17.655805587768555
pocketxmol_kat7_sma_atlas_ext,use,sbdd,,CNc1ncnc2c1ccc[n+]2C1CCC(COP(=O)(O)OP(=O)(O)O)O1,,335.sdf,0,1.333412766456604,2.575877904891968,9.902594566345217,17.77159881591797
pocketxmol_kat7_sma_atlas_ext,use,sbdd,,O=C(O)C1CCC2C(=N1)N(Cc1cccc([N+](=O)O)c1)C(=O)C(O)=C2P(=O)(O)O,,336.sdf,0,1.2545692920684814,2.5829079151153564,10.475055694580078,18.65864372253418
pocketxmol_kat7_sma_atlas_ext,use,sbdd,,O=C(O)c1ccc(Cc2ccc(O)cc2)c(NCP(=O)(O)O)c1,,337.sdf,0,1.3560054302215576,2.61106014251709,10.882164001464844,17.961156845092773
pocketxmol_kat7_sma_atlas_ext,use,sbdd,,COc1ccc(-n2c(-c3ccc4c(C)cccc4c3)nn(CC(=O)O)c2=O)cc1,,338.sdf,0,1.4305931329727173,2.682752847671509,11.188494682312012,18.240591049194336
pocketxmol_kat7_sma_atlas_ext,use,sbdd,,Cc1ccc2c(-c3ccccc3)c3nc(C=O)n(N)c(=O)c3nc2c1,,339.sdf,0,1.4757139682769775,2.702200412750244,10.706133842468262,18.06064414978028
pocketxmol_kat7_sma_atlas_ext,use,sbdd,,CCCn1c(C)c2c3c(cccc31)[nH]n1c(-c3ccc(OC)c(O)c3)ncc21,,340.sdf,0,1.4257861375808716,2.6674301624298096,10.366666793823242,17.665578842163086
pocketxmol_kat7_sma_atlas_ext,use,sbdd,,Nc1ccc2c3cc(=O)nc(N)nc3n(CC(=O)COP(=O)(O)O)c2c1,,341.sdf,0,1.326438307762146,2.400566577911377,10.186807632446287,17.208017349243164
pocketxmol_kat7_sma_atlas_ext,use,sbdd,,O=C(O)c1ccc2c(c1)c(-c1ccc(F)cc1)cc1c(=O)n3cc(O)c(O)cc3nc12,,342.sdf,0,1.5198984146118164,2.6624622344970703,10.85079574584961,18.20248031616211
pocketxmol_kat7_sma_atlas_ext,use,sbdd,,CC1=C2C=C(CNP(=O)(O)OP(=O)(O)O)C=C(CCc3cccc(C)c3)C=C2N=CN1,,343.sdf,0,1.3174766302108765,2.6209967136383057,9.854042053222656,17.996728897094727
pocketxmol_kat7_sma_atlas_ext,use,sbdd,,O=C(O)c1ccc(-c2nc(-c3cc4cccnc4nc3O)c3ccccc3n2)o1,,344.sdf,0,1.416553020477295,2.697718858718872,10.357720375061035,17.645633697509766
pocketxmol_kat7_sma_atlas_ext,use,sbdd,,Cc1cccc(-c2cccc(C(CC(=O)O)c3nnc(-c4ccccc4)[nH]3)c2)c1,,345.sdf,0,1.3923547267913818,2.7774758338928223,10.77729320526123,18.717182159423828
pocketxmol_kat7_sma_atlas_ext,use,sbdd,,Nc1c(-c2ccc3ccccc3c2)cc(-c2ccc(C(=O)O)cc2)nc1C(=O)O,,346.sdf,0,1.5021053552627563,2.7864506244659424,11.330098152160645,18.25811767578125
pocketxmol_kat7_sma_atlas_ext,use,sbdd,,Cc1cccc(Cn2ccc(-c3cccnc3Nc3ccccc3)cc2=O)c1,,347.sdf,0,1.4602640867233276,2.647181749343872,9.265753746032717,18.431114196777344
pocketxmol_kat7_sma_atlas_ext,use,sbdd,,CC1=CC=C2C(=C(O)c3c(O)c(O)cc(O)c3N2Cc2ccccc2)C(O)=C1,,348.sdf,0,1.3260219097137451,2.4479198455810547,10.399527549743652,17.383724212646484
pocketxmol_kat7_sma_atlas_ext,use,sbdd,,O=c1[nH]c(=Nc2ccc(O)cc2)c2cc3ccc(O)cc3nc2c2ccc(O)nc12,,349.sdf,0,1.368483543395996,2.626800060272217,10.410809516906738,18.03887939453125
pocketxmol_kat7_sma_atlas_ext,use,sbdd,,Cc1nc2c(cc3c4c(cccc42)C(P(=O)(O)O)c2ccccc2-3)c(=O)[nH]1,,350.sdf,0,1.4667739868164062,2.7474682331085205,11.387740135192873,17.92108917236328
pocketxmol_kat7_sma_atlas_ext,use,sbdd,,Cc1ccc2nc3nnc4c(C(=O)O)nc5ccccc5c4c3cc2c1C,,351.sdf,0,1.518294095993042,2.755617141723633,10.766860008239746,17.707609176635742
pocketxmol_kat7_sma_atlas_ext,use,sbdd,,Oc1ccc(-c2nc(O)ccc2-c2ccc(-c3ccccc3)n3ccnc23)cc1,,352.sdf,0,1.472231388092041,2.698678731918335,10.29782009124756,18.175024032592773
pocketxmol_kat7_sma_atlas_ext,use,sbdd,,Cc1nc2c(ncn2C2OC3COP(=O)(O)OP(=O)(O)OC3C(F)C2O)nc1N,,353.sdf,0,1.2072994709014893,2.4110443592071533,10.380876541137695,17.75950050354004
pocketxmol_kat7_sma_atlas_ext,use,sbdd,,O=C(Nc1ncnc2ccccc12)c1ccc(OCc2ccccc2)cn1,,354.sdf,0,1.4227442741394043,2.683405876159668,10.594690322875977,18.43745803833008
pocketxmol_kat7_sma_atlas_ext,use,sbdd,,Cc1cccc(N=C(O)C(CP(=O)(O)O)c2ccc(-c3cnnn3C)cc2)c1,,355.sdf,0,1.378627896308899,2.7017018795013428,9.987680435180664,18.29841423034668
pocketxmol_kat7_sma_atlas_ext,use,sbdd,,O=P1(O)Oc2c3cccnc3cc3cc(-c4ccc(F)cc4)c4cccc(c4c23)O1,,356.sdf,0,1.374428391456604,2.653141736984253,10.36805248260498,18.03416633605957
pocketxmol_kat7_sma_atlas_ext,use,sbdd,,Cc1ccc2cc(CCCc3ccccc3)c(NCOP(=O)(O)O)cc2n1,,357.sdf,0,1.3521757125854492,2.619563341140747,9.896833419799805,18.0194149017334
pocketxmol_kat7_sma_atlas_ext,use,sbdd,,Nc1nc[n+](C2OC(CO)C(O)C(OP(=O)(O)O)C2O)c2ncncc12,,358.sdf,0,1.2004204988479614,2.3805856704711914,11.05998420715332,17.46102523803711
pocketxmol_kat7_sma_atlas_ext,use,sbdd,,,bad,359-bad.sdf,0,1.1728198528289795,2.1405723094940186,10.025798797607422,17.745271682739258
pocketxmol_kat7_sma_atlas_ext,use,sbdd,,Cc1ccccc1CN=c1[nH]c2cc3c(C)ncc(C)c3nc2[nH]1,,360.sdf,0,1.4598212242126465,2.629392385482788,8.951518058776855,17.59458351135254
pocketxmol_kat7_sma_atlas_ext,use,sbdd,,c1ccc(-c2cnc3c4ncccc4nc(Nc4ccc5ccccc5c4)[n+]3n2)cc1,,361.sdf,0,1.5021896362304688,2.832293510437012,10.883973121643066,18.12356376647949
pocketxmol_kat7_sma_atlas_ext,use,sbdd,,O=c1c2ccnc3ccccc3c-2c(CCCP(=O)(O)O)n1-c1ccccc1,,362.sdf,0,1.350489854812622,2.620940685272217,10.48477268218994,17.832788467407227
pocketxmol_kat7_sma_atlas_ext,use,sbdd,,O=P(O)(O)c1ccccc1Nc1cn(-c2ccccn2)c2cccnc12,,363.sdf,0,1.435560703277588,2.695791721343994,10.543452262878418,18.002004623413086
pocketxmol_kat7_sma_atlas_ext,use,sbdd,,O=c1nnc2nnc(-c3ccccc3)n3c4ccc(-c5ccccc5)cc4c1c23,,364.sdf,0,1.4470094442367554,2.669561624526977,10.85368537902832,18.14771842956543
pocketxmol_kat7_sma_atlas_ext,use,sbdd,,Nc1nc2c(ncn2C(O)C2C(O)C3O[PH](O)(O)OP(=O)(O)OP(=O)(O)OC32)c(=O)[nH]1,,365.sdf,0,1.180936336517334,2.272038221359253,10.692248344421388,18.26249122619629
pocketxmol_kat7_sma_atlas_ext,use,sbdd,,CN1CCC2=C1C=C1C=C(C3=C[N+]4=c5ccccc5=[NH+]C4=N3)NC=C1C=C2,,366.sdf,0,1.3801085948944092,2.4958858489990234,9.663997650146484,17.485292434692383
pocketxmol_kat7_sma_atlas_ext,use,sbdd,,,bad,367-bad.sdf,0,1.3913573026657104,2.550686836242676,11.424243927001951,18.60914421081543
pocketxmol_kat7_sma_atlas_ext,use,sbdd,,Nc1ncnc2c1NC=CN2C1OC(C=COP(=O)(O)OP(=O)(O)O)C(O)C1O,,368.sdf,0,1.3147871494293213,2.5572619438171387,10.868029594421388,18.038349151611328
pocketxmol_kat7_sma_atlas_ext,use,sbdd,,Sc1nnc(CCCNC=C(c2ccccc2)c2cccc(-c3cccc[nH+]3)c2)[nH]1,,369.sdf,0,1.3387212753295898,2.730043888092041,9.615053176879885,18.874860763549805
pocketxmol_kat7_sma_atlas_ext,use,sbdd,,Cc1ccc(C(=O)C(NCP(=O)(O)O)c2cc3ccccc3[nH]c2=O)c2ccccc12,,370.sdf,0,1.4023158550262451,2.609635353088379,10.581612586975098,18.03889846801757
pocketxmol_kat7_sma_atlas_ext,use,sbdd,,,bad,371-bad.sdf,0,1.3462576866149902,2.6192259788513184,10.384343147277832,18.001232147216797
pocketxmol_kat7_sma_atlas_ext,use,sbdd,,Cc1ccc(N=C2SC(=Cc3ccccc3)C(=O)N2NC(=O)c2nccs2)cc1,,372.sdf,0,1.3251290321350098,2.5754640102386475,10.998432159423828,18.72635269165039
pocketxmol_kat7_sma_atlas_ext,use,sbdd,,N#CC1=CC=c2c(c3c(n2Cc2ccccc2)=NNC(C(=O)O)=C3O)C=C1,,373.sdf,0,1.3498785495758057,2.556483745574951,10.964676856994627,17.74790382385254
pocketxmol_kat7_sma_atlas_ext,use,sbdd,,Nc1nc(N)c2ncn(C3OC(O[PH](=O)OP(=O)(O)NP(=O)(O)O)C4OC43)c2n1,,374.sdf,0,1.2071831226348877,2.410985231399536,10.514280319213867,17.87592315673828
pocketxmol_kat7_sma_atlas_ext,use,sbdd,,,bad,375-bad.sdf,0,1.3985133171081543,2.646378517150879,10.22251796722412,18.09762954711914
pocketxmol_kat7_sma_atlas_ext,use,sbdd,,,bad,376-bad.sdf,0,1.4312727451324463,2.5627658367156982,10.357864379882812,17.66156768798828
pocketxmol_kat7_sma_atlas_ext,use,sbdd,,O=[N+](O)c1cc(C(CNc2ccncn2)N=C(O)c2cccnc2)cc2ccccc12,,377.sdf,0,1.2887420654296875,2.519884824752808,10.095346450805664,18.05218505859375
pocketxmol_kat7_sma_atlas_ext,use,sbdd,,Nc1ncnc2c1ncc[n+]2C1OC(COP(=O)(O)OP(=O)(O)O)C(O)C1O,,378.sdf,0,1.4028277397155762,2.5537593364715576,11.052145957946776,18.143695831298828
pocketxmol_kat7_sma_atlas_ext,use,sbdd,,O=C1NCN(CC2=CNC3=CC(O)=CC=CC3=C2)N=C1C(O)=Cc1nc[nH]n1,,379.sdf,0,1.2514325380325315,2.4095821380615234,8.97627067565918,17.455371856689453
pocketxmol_kat7_sma_atlas_ext,use,sbdd,,COC1=CC=c2c(c3n4c(ccn2-4)=NC(CC(=O)O)=C3c2ccc(O)c(OC)c2)C=C1,,380.sdf,0,1.3463608026504517,2.519124746322632,11.185709953308104,17.933223724365234
pocketxmol_kat7_sma_atlas_ext,use,sbdd,,O=P(O)(O)OP(=O)(O)OCC1OC(n2cnc3cncnc32)CC1O,,381.sdf,0,1.210193753242493,2.408290147781372,10.86245822906494,17.443729400634766
pocketxmol_kat7_sma_atlas_ext,use,sbdd,,COc1ccc2c(c1C1CC1C(=O)O)C=C1C=Cc3cc(O)c(O)cc3C=C1O2,,382.sdf,0,1.377574801445007,2.2800021171569824,9.779909133911133,17.051191329956055
pocketxmol_kat7_sma_atlas_ext,use,sbdd,,O=C(O)c1nc(O)c(O)c(-c2cc(-c3ccccc3)ccc2-c2ccccc2)n1,,383.sdf,0,1.4085122346878052,2.560317277908325,10.225323677062988,18.052845001220703
pocketxmol_kat7_sma_atlas_ext,use,sbdd,,O=C1N=C(O)c2nc3c(nc21)OC(CCOP(=O)(O)O)C(OP(=O)(O)O)C3,,384.sdf,0,1.1826988458633425,2.4916179180145264,9.263914108276367,17.321374893188477
pocketxmol_kat7_sma_atlas_ext,use,sbdd,,Cc1[nH+]c2cc(C(=O)NC3=NN=C(O)NC=C3O)c(-c3c[nH]nn3)cc2s1,,385.sdf,0,1.2846314907073977,2.300727605819702,8.97325325012207,17.286977767944336
pocketxmol_kat7_sma_atlas_ext,use,sbdd,,CC1=C(O)NC=c2c(c(C)c(-n3c[nH+]cc3COP(=O)(O)O)c3ccccc23)=N1,,386.sdf,0,1.319507122039795,2.4802231788635254,9.446763038635254,16.91512107849121
pocketxmol_kat7_sma_atlas_ext,use,sbdd,,Nc1nc(=O)c2ncn(C3OC3C(O)COP(=O)(O)OP(=O)(O)O)c2[nH]1,,387.sdf,0,1.2538548707962036,2.32407021522522,10.850460052490234,17.46002769470215
pocketxmol_kat7_sma_atlas_ext,use,sbdd,,Nc1ncnc2c1ncn2C1CC(O)C(O)C(OP(=O)(O)OP(=O)(O)O)O1,,388.sdf,0,1.2640223503112793,2.453498363494873,11.147942543029783,17.738401412963867
pocketxmol_kat7_sma_atlas_ext,use,sbdd,,C(=Cc1cc(-c2ccccn2)ncc1-c1ccccc1)C1=NCC=N1,,389.sdf,0,1.388084053993225,2.739121675491333,10.156941413879396,18.488563537597656
pocketxmol_kat7_sma_atlas_ext,use,sbdd,,O=C(Nc1ccc2ccccc2c1)C(Cc1cccc2ccccc12)P(=O)(O)O,,390.sdf,0,1.4306738376617432,2.77908992767334,11.84487247467041,18.19869041442871
pocketxmol_kat7_sma_atlas_ext,use,sbdd,,CC(=O)N(C)c1ccc(C=C(C(=O)O)c2nonc2-c2ccc(-c3cnn(C)c3)cc2)cc1,,391.sdf,0,1.3527454137802124,2.713520050048828,10.978730201721191,18.68735122680664
pocketxmol_kat7_sma_atlas_ext,use,sbdd,,CC(=O)N1C(=O)c2nc(COP(=O)(O)O)c(Nc3ccc4ccccc4c3)nc2C1=O,,392.sdf,0,1.4295523166656494,2.673856019973755,10.914231300354004,18.31918716430664
pocketxmol_kat7_sma_atlas_ext,use,sbdd,,COc1cccc(C=Cc2cnc(-c3ccc(F)cc3)n2-c2ccccc2)c1,,393.sdf,0,1.3552656173706057,2.5003740787506104,10.51965045928955,18.224266052246094
pocketxmol_kat7_sma_atlas_ext,use,sbdd,,Cc1ccc(OC(C(O)COP(=O)(O)O)n2cnc3c(N)ncnc32)cn1,,394.sdf,0,1.3805820941925049,2.5002150535583496,11.051152229309082,17.800796508789062
pocketxmol_kat7_sma_atlas_ext,use,sbdd,,OC(CN[PH](O)(O)O)=Nc1c2ccccc2nc2cc3cccc4c3c(c12)C=C4,,395.sdf,0,1.3842194080352783,2.767566204071045,11.37135124206543,17.676137924194336
pocketxmol_kat7_sma_atlas_ext,use,sbdd,,,bad,396-bad.sdf,0,1.422702074050903,2.6689724922180176,10.66990566253662,17.903423309326172
pocketxmol_kat7_sma_atlas_ext,use,sbdd,,c1ccc(-c2ccc3c(ccc4nnc(-c5ccncc5)nc43)n2)cc1,,397.sdf,0,1.5319992303848269,2.735831022262573,9.546148300170898,17.88072967529297
pocketxmol_kat7_sma_atlas_ext,use,sbdd,,O=C(O)c1ccc(C(CP(=O)(O)O)c2ccc(-c3ccc(F)cc3)cc2)cc1,,398.sdf,0,1.4729441404342651,2.7779603004455566,11.813261985778809,18.68082618713379
pocketxmol_kat7_sma_atlas_ext,use,sbdd,,Cc1ccc(OC(c2ccc(-c3ccccc3O)cc2F)P(=O)(O)O)cc1,,399.sdf,0,1.3401157855987549,2.568126916885376,10.155747413635254,18.188640594482425
pocketxmol_kat7_sma_atlas_ext,use,sbdd,,O=c1[nH]c(Cc2ccccc2)nn1-c1n[n+](-c2ccccc2)c2nccccc1-2,,400.sdf,0,1.366146206855774,2.5911991596221924,10.036242485046388,17.804805755615234
pocketxmol_kat7_sma_atlas_ext,use,sbdd,,COc1ccc(-c2nc([PH](=O)(=O)O)nc3c(O)n4nnc(-c5ccc(F)cc5)c4cc23)cc1,,401.sdf,0,1.4505858421325684,2.644590377807617,10.471826553344728,18.298742294311523
pocketxmol_kat7_sma_atlas_ext,use,sbdd,,O=C(c1cccnc1)c1cc(C2COc3cc(F)ccc32)nc(P(=O)(O)O)n1,,402.sdf,0,1.3659367561340332,2.6085045337677,10.641179084777832,18.15002822875977
pocketxmol_kat7_sma_atlas_ext,use,sbdd,,Cc1cc2nc(-c3ccc4ccccc4n3)nc(-c3ccc(F)cc3)c2cn1,,403.sdf,0,1.5313717126846311,2.7248573303222656,10.200518608093262,18.15915298461914
pocketxmol_kat7_sma_atlas_ext,use,sbdd,,O=C(NC1=CC=CC2=NC=CNC2=C1)c1ccc(Nc2ccc(F)cc2)cc1,,404.sdf,0,1.43737530708313,2.5160233974456787,10.16950225830078,18.16169166564941
pocketxmol_kat7_sma_atlas_ext,use,sbdd,,Oc1ccc(-c2cc(C#Cc3ccccc3)c(C(O)O)c3ccccc23)cc1,,405.sdf,0,1.430827498435974,2.62298321723938,10.401132583618164,18.19026756286621
pocketxmol_kat7_sma_atlas_ext,use,sbdd,,Cc1cnc2cccc(CNC(=CC(=O)O)c3ccc(O)cc3)cc1-2,,406.sdf,0,1.3001561164855957,2.5542478561401367,10.430466651916504,17.549728393554688
pocketxmol_kat7_sma_atlas_ext,use,sbdd,,O=C(O)c1nc(P(=O)(O)O)[n+]2c(c1O)C(=Cc1ccccc1)c1ccccc1-2,,407.sdf,0,1.3677153587341309,2.590853452682495,11.0416259765625,17.790332794189453
pocketxmol_kat7_sma_atlas_ext,use,sbdd,,Cc1ccc(-c2cnc3nc(O)nnc3c2Cc2ccccc2)cc1,,408.sdf,0,1.450550556182861,2.7927379608154297,10.605457305908203,18.53138542175293
pocketxmol_kat7_sma_atlas_ext,use,sbdd,,O=C(c1cnc2ccccc2c1)c1cccc(-c2ccc(F)cc2)n1,,409.sdf,0,1.4518728256225586,2.7493178844451904,10.840953826904297,18.16140937805176
pocketxmol_kat7_sma_atlas_ext,use,sbdd,,CCc1c(Nc2cccc(C#N)c2)ncc2c(=O)n(-c3ccccc3)cnc12,,410.sdf,0,1.4415408372879028,2.6880173683166504,10.443388938903809,18.369102478027344
pocketxmol_kat7_sma_atlas_ext,use,sbdd,,O=P(O)(O)Cc1ccccc1-c1cc2ccc(-c3ccccc3)[nH]c-2n1,,411.sdf,0,1.4086471796035769,2.7130162715911865,10.572205543518066,18.052536010742188
pocketxmol_kat7_sma_atlas_ext,use,sbdd,,NC1=[N+]2C(=NC(c3ccccc3)=C2CCP(=O)(O)O)C(c2ccc(F)cc2)=N1,,412.sdf,0,1.3746938705444336,2.6195762157440186,10.729565620422363,18.08186149597168
pocketxmol_kat7_sma_atlas_ext,use,sbdd,,O=C(O)c1nc2[nH]c(-c3cccc(F)c3)cn2c1Nc1ccccc1,,413.sdf,0,1.3676025867462158,2.602616786956787,10.670971870422363,18.178617477416992
pocketxmol_kat7_sma_atlas_ext,use,sbdd,,Cn1cnc2cc(-c3cc(-c4ccccc4)nc(P(=O)(O)O)c3)ccc21,,414.sdf,0,1.5133683681488037,2.80442214012146,11.19917106628418,18.1766414642334
pocketxmol_kat7_sma_atlas_ext,use,sbdd,,O[PH](O)(O)Oc1cc2cc(-c3ccccc3)nn2c2ccccc12,,415.sdf,0,1.416770339012146,2.7394189834594727,11.206771850585938,17.691791534423828
pocketxmol_kat7_sma_atlas_ext,use,sbdd,,Cn1c(C#Cc2ccccc2)c2cccc3nc4c(c(c1=O)c32)=[S+]C=C4,,416.sdf,0,1.3666911125183103,2.4661850929260254,9.49464511871338,17.077388763427734
pocketxmol_kat7_sma_atlas_ext,use,sbdd,,,bad,417-bad.sdf,0,1.3262758255004885,2.6652042865753174,10.968587875366213,18.204803466796875
pocketxmol_kat7_sma_atlas_ext,use,sbdd,,O=P(O)(O)c1ccc(C2=CC=C3NC=CC=C3C=C2)cc1Cc1ccccc1,,418.sdf,0,1.4348498582839966,2.6824047565460205,10.839879035949709,18.16206741333008
pocketxmol_kat7_sma_atlas_ext,use,sbdd,,COc1ccc(-c2ncn(CCC(=O)O)c(=O)c2-c2ccccc2)cc1,,419.sdf,0,1.2938734292984009,2.622741460800171,11.513213157653809,18.20967483520508
pocketxmol_kat7_sma_atlas_ext,use,sbdd,,Nc1ccc(C2=c3cccc4c3=[N+]2c2cc(F)ccc2S(=O)(=O)N4)cc1,,420.sdf,0,1.226844072341919,2.4109692573547363,10.064330101013184,17.434038162231445
pocketxmol_kat7_sma_atlas_ext,use,sbdd,,COc1ccc(-n2c(N)c(Nc3ccccc3)c3c(=O)ncc(N(C)C)nc32)cc1,,421.sdf,0,1.3187294006347656,2.5740654468536377,10.549844741821287,17.952835083007812
pocketxmol_kat7_sma_atlas_ext,use,sbdd,,Cc1ccc(CN(CCCOP(=O)(O)O)Cc2cnn3c(N)ncnc23)cc1C,,422.sdf,0,1.3263747692108154,2.617990255355835,10.434345245361328,18.008188247680664
pocketxmol_kat7_sma_atlas_ext,use,sbdd,,NC(=O)c1ccc(-c2cc(P(=O)(O)O)c3ccc4c(O)cccc4c3n2)cc1,,423.sdf,0,1.4842723608016968,2.7602696418762207,11.442754745483398,18.067163467407227
pocketxmol_kat7_sma_atlas_ext,use,sbdd,,Cc1ccc(-c2nc(-c3ccccc3)no2)cc1-c1ccccc1,,424.sdf,0,1.5082786083221436,2.7421884536743164,9.958352088928224,18.36322021484375
pocketxmol_kat7_sma_atlas_ext,use,sbdd,,Cc1ccc2c(-c3ccccc3)[nH+]c(-c3cn4[nH]cnc4n3)cc2c1,,425.sdf,0,1.4204859733581543,2.6209120750427246,8.672805786132812,17.65006446838379
pocketxmol_kat7_sma_atlas_ext,use,sbdd,,Nc1[nH]c2ccccc2c1-c1[nH+]c(O)nc2cc(-c3ccc(O)cc3)ccc12,,426.sdf,0,1.3807003498077393,2.643515110015869,9.665475845336914,17.700037002563477
pocketxmol_kat7_sma_atlas_ext,use,sbdd,,Cc1ccc(NC2=C3C(=O)N=CN=C3C(=O)[N+](c3ccccc3)=N2)cc1,,427.sdf,0,1.4335620403289795,2.6712770462036133,10.683910369873049,18.10248756408692
pocketxmol_kat7_sma_atlas_ext,use,sbdd,,O=C(O)NN=C(C(=O)Nc1cccc(-c2ccccc2)c1)c1ccccc1,,428.sdf,0,1.3754401206970217,2.790147542953491,11.85828685760498,18.68211555480957
pocketxmol_kat7_sma_atlas_ext,use,sbdd,,Cc1cccc(Oc2cnc([SH](N)(=O)O)cc2NC(=O)c2scnc2C)c1,,429.sdf,0,1.3315191268920898,2.567083835601806,9.932536125183104,18.33397102355957
pocketxmol_kat7_sma_atlas_ext,use,sbdd,,O=C(O)CCc1ncc(-c2ccc(OO)cc2)cc1Cc1ccccc1F,,430.sdf,0,1.3463759422302246,2.6898136138916016,10.934351921081545,18.50139808654785
pocketxmol_kat7_sma_atlas_ext,use,sbdd,,,bad,431-bad.sdf,0,1.3848308324813845,2.6791460514068604,10.8147611618042,18.45744514465332
pocketxmol_kat7_sma_atlas_ext,use,sbdd,,CNC(=O)c1ccc(C(=O)Nc2cc3cc([N+](=O)O)ccc3c(O)c2C(=O)O)cc1,,432.sdf,0,1.3826408386230469,2.5779685974121094,10.77553367614746,18.15471267700196
pocketxmol_kat7_sma_atlas_ext,use,sbdd,,Nc1nc2ncnc-2c(N2COC(COP(=O)(O)O)C(OP(=O)(O)O)C2)[nH]1,,433.sdf,0,1.2329543828964231,2.4756734371185303,10.968146324157717,17.533458709716797
pocketxmol_kat7_sma_atlas_ext,use,sbdd,,O=P(O)(O)c1nc(-c2ccccc2)c2c(Cc3ccc4c(c3)OCO4)o[nH][n+]1-2,,434.sdf,0,1.3571490049362185,2.52073073387146,10.616266250610352,17.805330276489258
pocketxmol_kat7_sma_atlas_ext,use,sbdd,,Nc1ncc(C2=NC(=O)C(CP(=O)(O)O)N2Cc2ccccc2)c2[nH]cnc12,,435.sdf,0,1.3189520835876465,2.6123526096343994,10.69888401031494,18.499897003173828
pocketxmol_kat7_sma_atlas_ext,use,sbdd,,Cc1ccc(C2=C3C=NC(=O)C(C=N)=C3N=C2C=C(CO)CO[PH](O)(O)O)cc1,,436.sdf,0,1.3399782180786133,2.6401824951171875,10.47979736328125,18.24152374267578
pocketxmol_kat7_sma_atlas_ext,use,sbdd,,O=P(O)(O)CCCn1c(C=Cc2ccccc2)nc2[nH]cnc3ncc1c32,,437.sdf,0,1.381243109703064,2.622983932495117,10.325663566589355,17.763036727905273
pocketxmol_kat7_sma_atlas_ext,use,sbdd,,CN1C(=O)C2=Nc3ccc(O)nc3C2=C(C=CC(=O)c2ccccc2)C1=O,,438.sdf,0,1.3571577072143557,2.4219279289245605,8.980666160583496,17.335803985595703
pocketxmol_kat7_sma_atlas_ext,use,sbdd,,O=C(Cn1cc(-c2ccccc2)c(=O)[nH]c1=O)Nc1ccccc1[SH](=O)(O)O,,439.sdf,0,1.410306692123413,2.733405590057373,11.814614295959473,18.379684448242188
pocketxmol_kat7_sma_atlas_ext,use,sbdd,,Oc1ccc(C2=Nc3ccccc3N=c3c2c2c(n3O)=CC=CC=C2)cc1,,440.sdf,0,1.3678723573684692,2.595364570617676,10.830680847167969,17.7017765045166
pocketxmol_kat7_sma_atlas_ext,use,sbdd,,O=C(c1cc(C(=O)O)[nH+]c(-c2ccc3ccccc3c2)c1)c1nc2ccccc2[nH]1,,441.sdf,0,1.4230570793151855,2.7456512451171875,10.875036239624023,18.074207305908203
pocketxmol_kat7_sma_atlas_ext,use,sbdd,,,bad,442-bad.sdf,0,1.4063098430633545,2.577013731002808,11.231032371520996,17.832509994506836
pocketxmol_kat7_sma_atlas_ext,use,sbdd,,Cc1ccc2c(n1)N=[N+]1C(Nc3ccc(C(N)=O)[nH+]c3)=NC(c3ccccc3)=C21,,443.sdf,0,1.429675579071045,2.647700548171997,9.640328407287598,17.97414207458496
pocketxmol_kat7_sma_atlas_ext,use,sbdd,,Cc1nccc2cc(CN3CCCC(c4ccnc(N)n4)C3)ccc12,,444.sdf,0,1.3838438987731934,2.5767617225646973,10.550349235534668,17.75689697265625
pocketxmol_kat7_sma_atlas_ext,use,sbdd,,,bad,445-bad.sdf,0,1.3647700548171997,2.4394891262054443,9.31382942199707,17.360010147094727
pocketxmol_kat7_sma_atlas_ext,use,sbdd,,Nc1nnc2c(ncn2C2OC(CCOP(=O)(O)O)C(O)C2O)c(=O)n1,,446.sdf,0,1.237624168395996,2.4056596755981445,10.748138427734377,17.691614151000977
pocketxmol_kat7_sma_atlas_ext,use,sbdd,,O=C(NC(Cc1ccccc1)C(=O)O)c1cccc(C(O)O)c1,,447.sdf,0,1.4093667268753052,2.63899564743042,11.715271949768066,18.33549690246582
pocketxmol_kat7_sma_atlas_ext,use,sbdd,,COc1cc(C)cc(-c2nc(-c3ccc(C)nc3)nc3ccccc23)c1O,,448.sdf,0,1.458470582962036,2.704231023788452,10.16958713531494,17.91442108154297
pocketxmol_kat7_sma_atlas_ext,use,sbdd,,O=C(NCc1nn[nH]c1Nc1ccc2ccccc2c1)c1nc(=O)[nH]c2ccccc12,,449.sdf,0,1.3997161388397217,2.6519343852996826,10.921032905578612,18.268972396850582
pocketxmol_kat7_sma_atlas_ext,use,sbdd,,Cc1cccc(CC(CCP(=O)(O)O)C(=O)Nc2cccc(Nc3ccccc3)c2)c1,,450.sdf,0,1.3725268840789795,2.754077672958374,10.309123039245604,18.829179763793945
pocketxmol_kat7_sma_atlas_ext,use,sbdd,,Cc1ccc(NC(C=CC(=O)O)P(=O)(O)O)c(-c2ccc(S(=O)(=O)O)cc2)c1O,,451.sdf,0,1.3385190963745115,2.655913591384888,10.597548484802246,18.46587371826172
pocketxmol_kat7_sma_atlas_ext,use,sbdd,,Cc1cnc(C)c2sc(C(C(O)=Nc3ccc(C(=O)O)cc3)c3ccccc3)nc12,,452.sdf,0,1.3869646787643433,2.6448631286621094,9.878084182739258,18.653047561645508
pocketxmol_kat7_sma_atlas_ext,use,sbdd,,Cc1nc2ccc(C=C(Cc3cccc4ccccc34)P(=O)(O)O)cc2nc1C,,453.sdf,0,1.4309043884277344,2.632481098175049,11.057310104370115,17.97687530517578
pocketxmol_kat7_sma_atlas_ext,use,sbdd,,Cc1nc(-c2cc(NCP(=O)(O)O)nc(-c3ccc(C)c(C)c3)c2)cs1,,454.sdf,0,1.4287939071655271,2.6939380168914795,10.282294273376465,18.45663833618164
pocketxmol_kat7_sma_atlas_ext,use,sbdd,,Nc1ccccc1-c1nc2cccc(=O)c-2nnc1Nc1ccccc1,,455.sdf,0,1.3588565587997437,2.6284942626953125,10.336888313293455,17.868022918701172
pocketxmol_kat7_sma_atlas_ext,use,sbdd,,Cc1nc2ccccc2c2sc(Nc3ccc(Cn4nnc(N)n4)cc3)nc12,,456.sdf,0,1.4622280597686768,2.744140386581421,11.051734924316406,18.48521041870117
pocketxmol_kat7_sma_atlas_ext,use,sbdd,,O=C(O)COc1cc(-c2cc3ccccc3[nH]2)cc(-c2ccc3c(c2)OCO3)[nH+]1,,457.sdf,0,1.4189234972000122,2.657054662704468,11.346650123596191,18.3812313079834
pocketxmol_kat7_sma_atlas_ext,use,sbdd,,,bad,458-bad.sdf,0,1.4753096103668213,2.637703418731689,9.31970500946045,18.185407638549805
pocketxmol_kat7_sma_atlas_ext,use,sbdd,,Cc1ccc(Sc2nc3c(=O)[nH]c(N)nc3n2C(O)COP(=O)(O)O)cc1,,459.sdf,0,1.3633044958114624,2.55603289604187,11.167268753051758,18.100994110107425
pocketxmol_kat7_sma_atlas_ext,use,sbdd,,O=c1nc2ccccc2c2n(Cc3ccc(O)cc3)n3cnn(O)c3c1-2,,460.sdf,0,1.4317306280136108,2.6038477420806885,10.53505516052246,17.66378402709961
pocketxmol_kat7_sma_atlas_ext,use,sbdd,,O=C(O)Cn1c2ccccc2c2nc3ccccc3c(-c3ccccc3)c21,,461.sdf,0,1.4439197778701782,2.638949394226074,11.78951358795166,18.03166389465332
pocketxmol_kat7_sma_atlas_ext,use,sbdd,,O=C(c1ccccc1)c1cc2ccc(O)cc2nc1SC=Cc1ccccc1,,462.sdf,0,1.3836075067520142,2.718046426773072,10.980451583862305,18.406606674194336
pocketxmol_kat7_sma_atlas_ext,use,sbdd,,Cc1ccccc2c1nc1nc(Cc3ccccc3)c(CC(=O)O)c(=O)n12,,463.sdf,0,1.3905872106552124,2.590003490447998,10.665085792541504,17.8016300201416
pocketxmol_kat7_sma_atlas_ext,use,sbdd,,O=C(NCCc1ccccc1)N1CCCN(c2ncnc3c2ccc2ccccc23)C1,,464.sdf,0,1.391517162322998,2.6503193378448486,10.40982723236084,18.360206604003903
pocketxmol_kat7_sma_atlas_ext,use,sbdd,,Nc1ncnc2c1ncc[n+]2CC(O)C(O)COP(=O)(O)OP(=O)(O)O,,465.sdf,0,1.2944754362106323,2.452319860458374,11.19560432434082,17.47835922241211
pocketxmol_kat7_sma_atlas_ext,use,sbdd,,Nc1ncnc2c1ncn2C1CCC(COP(=O)(O)OP(=O)(O)OP(=O)(O)O)O1,,466.sdf,0,1.251037836074829,2.4475133419036865,10.826859474182127,17.989112854003906
pocketxmol_kat7_sma_atlas_ext,use,sbdd,,Nc1ccc2c(C3OC(n4cnc5c(=O)[nH]c(N)nc54)CC3OP3(=O)OP(=O)(O)O3)c[nH]c2n1,,467.sdf,0,1.3247872591018677,2.4251930713653564,10.172473907470703,17.915634155273438
pocketxmol_kat7_sma_atlas_ext,use,sbdd,,Cc1nnc(-c2ccc(OC(CCCCc3ccccc3)P(=O)(O)O)cc2)n1C,,468.sdf,0,1.3190641403198242,2.6171233654022217,10.5469970703125,18.439193725585938
pocketxmol_kat7_sma_atlas_ext,use,sbdd,,O=C(NC(=CNP(=O)(O)O)Nc1ccccc1)Nc1cccc(-c2ccccc2)c1,,469.sdf,0,1.3497713804244995,2.750129461288452,11.519302368164062,19.095537185668945
pocketxmol_kat7_sma_atlas_ext,use,sbdd,,Oc1cc([NH+]2CCNc3[nH+]c4ccccc4cc3C2)c2c([nH]c3ccccc32)[nH+]1,,470.sdf,0,1.4003801345825195,2.638278007507324,10.747352600097656,17.813875198364258
pocketxmol_kat7_sma_atlas_ext,use,sbdd,,O=C(c1cccc2[nH]c(=O)ccc12)C(Cc1cccc[nH+]1)c1coc2ccccc12,,471.sdf,0,1.41356098651886,2.631507635116577,10.260290145874023,18.2108211517334
pocketxmol_kat7_sma_atlas_ext,use,sbdd,,Cc1nc2cc(-n3ncc(C(=O)O)c3-c3ccc(O)cc3)ccc2c(N)c1C,,472.sdf,0,1.4082534313201904,2.56211805343628,9.288496017456056,17.63681983947754
pocketxmol_kat7_sma_atlas_ext,use,sbdd,,COc1ccc(-c2nc(-c3nn[nH]n3)[n+](O)c3ccc(O)c(F)c23)cc1O,,473.sdf,0,1.3974456787109375,2.526753664016724,10.052360534667969,17.428508758544922
pocketxmol_kat7_sma_atlas_ext,use,sbdd,,Cc1ncc(C(=O)N(CCCc2ccccc2)c2ccc3ccccc3c2)cn1,,474.sdf,0,1.3678290843963623,2.535760402679444,10.410764694213867,18.13301467895508
pocketxmol_kat7_sma_atlas_ext,use,sbdd,,CC(=O)NC1CC(COP(=O)(O)OP(=O)(O)O)Nc2c(cnc(O)c2O)C1=O,,475.sdf,0,1.212541580200195,2.3827061653137207,9.43112087249756,17.506420135498047
pocketxmol_kat7_sma_atlas_ext,use,sbdd,,Nc1nc(=O)c2[nH+]c3n(c2[nH]1)C(O)C(O)C(OP(=O)(O)O)C3c1ccccc1,,476.sdf,0,1.3073643445968628,2.384268283843994,11.257196426391602,17.870628356933594
pocketxmol_kat7_sma_atlas_ext,use,sbdd,,O=c1ccc2cc(-c3cc(NCc4c[nH]c5cnccc45)c(O)c(S(=O)(=O)O)c3)ccc2[nH]1,,477.sdf,0,1.401229739189148,2.646646738052368,10.662641525268556,18.188825607299805
pocketxmol_kat7_sma_atlas_ext,use,sbdd,,O=c1nc2sccc2c2nc(C=Cc3ccc(O)cc3)n(Cc3cccnc3)nc1-2,,478.sdf,0,1.3636935949325562,2.7027487754821777,10.7825345993042,18.510404586791992
pocketxmol_kat7_sma_atlas_ext,use,sbdd,,O=C1NC(=O)[n+]2c1c(CCc1ccc(O)cc1)c(O)c1cc3ccccc3cc12,,479.sdf,0,1.413305401802063,2.6656320095062256,10.094597816467283,17.80760955810547
pocketxmol_kat7_sma_atlas_ext,use,sbdd,,c1ccc(CCCN=c2cnc3c(cnc4ccccc43)[nH]2)cc1,,480.sdf,0,1.4494372606277466,2.730903625488281,10.09312343597412,18.008495330810547
pocketxmol_kat7_sma_atlas_ext,use,sbdd,,Cc1ccc(Cc2cccc3c2[nH]c2ccccc23)c(-c2ccccc2)[nH+]1,,481.sdf,0,1.4936071634292605,2.745626926422119,9.801247596740724,18.154794692993164
pocketxmol_kat7_sma_atlas_ext,use,sbdd,,,bad,482-bad.sdf,0,1.3553026914596558,2.4226725101470947,9.686605453491213,17.351125717163086
pocketxmol_kat7_sma_atlas_ext,use,sbdd,,,bad,483-bad.sdf,0,1.2965081930160522,2.513356208801269,11.163195610046388,17.806896209716797
pocketxmol_kat7_sma_atlas_ext,use,sbdd,,Cn1cnc2c3c(ncc2c1=O)N=C(NOP(=O)(O)O)C(=Cc1ccc(O)cc1)C3,,484.sdf,0,1.3958487510681152,2.6104001998901367,10.263726234436035,18.2993278503418
pocketxmol_kat7_sma_atlas_ext,use,sbdd,,Nc1ncnc2c1ncn2C1CC(O)C(O)C(COP(=O)(O)O)O1,,485.sdf,0,1.319451093673706,2.5238258838653564,11.829238891601562,17.843477249145508
pocketxmol_kat7_sma_atlas_ext,use,sbdd,,,bad,486-bad.sdf,0,1.4235347509384155,2.557523727416992,9.820886611938477,18.002614974975586
pocketxmol_kat7_sma_atlas_ext,use,sbdd,,O=C(O)c1cc2[nH+]c3ccccc3cc3c4[n+](c(c1)c2=3)C(=O)C=C(c1ccccc1)C=4,,487.sdf,0,1.4689645767211914,2.7024946212768555,10.579063415527344,18.11295509338379
pocketxmol_kat7_sma_atlas_ext,use,sbdd,,,bad,488-bad.sdf,0,1.4041444063186646,2.7277443408966064,10.943001747131348,18.38015365600586
pocketxmol_kat7_sma_atlas_ext,use,sbdd,,COc1nc2ccccc2c2nc(Cc3cnc4ccccc4n3)c(C)n12,,489.sdf,0,1.554866075515747,2.759820938110352,10.47067165374756,17.90447998046875
pocketxmol_kat7_sma_atlas_ext,use,sbdd,,,bad,490-bad.sdf,0,1.3984222412109375,2.674974203109741,11.169060707092283,18.220401763916016
pocketxmol_kat7_sma_atlas_ext,use,sbdd,,Cc1ccc2ccc(-c3nn(C)c4c(C(=O)O)c5n(c34)CCCC5)cc2n1,,491.sdf,0,1.2789509296417236,2.597007274627685,9.789121627807615,17.79729461669922
pocketxmol_kat7_sma_atlas_ext,use,sbdd,,NC1=C(c2ccccc2)c2c(ccc3nc4c(cc23)C=CC=CC=4)=NN1C(=O)CO,,492.sdf,0,1.4221473932266235,2.672455310821533,10.477749824523926,17.797704696655273
pocketxmol_kat7_sma_atlas_ext,use,sbdd,,O=C(CP(=O)(O)O)N(CCc1ccccc1)Cc1c[nH]c2ccccc12,,493.sdf,0,1.3277479410171509,2.684909582138061,11.59909439086914,18.180850982666016
pocketxmol_kat7_sma_atlas_ext,use,sbdd,,CC1=[N+]2N=C(c3ccccc3F)C=C2C(C(N=CCc2cc(C)nc[nH+]2)P(=O)(O)O)=C1,,494.sdf,0,1.3063666820526123,2.465338945388794,9.688822746276855,18.00264549255371
pocketxmol_kat7_sma_atlas_ext,use,sbdd,,O=C(c1ccccc1OP(=O)(O)OCCN1CC1)c1cnc2ncncnc1-2,,495.sdf,0,1.2692774534225464,2.357519149780273,10.728272438049316,17.61292266845703
pocketxmol_kat7_sma_atlas_ext,use,sbdd,,CC1=c2c(ccc3c(C(=O)O)cc[nH+]c23)=[N+]2C=C(c3ccccc3)C=C12,,496.sdf,0,1.4803637266159058,2.5809309482574463,9.58267307281494,17.448549270629883
pocketxmol_kat7_sma_atlas_ext,use,sbdd,,O=C(O)c1ccc(C2=Nc3ccccc3N=C3C=C(O)C(O)=CC=C32)cc1,,497.sdf,0,1.4034210443496704,2.64367938041687,11.096556663513184,17.587230682373047
pocketxmol_kat7_sma_atlas_ext,use,sbdd,,Nc1ncn(C2OC(OP(=O)(O)OP(=O)(O)O)C(O)C2O)c2ncnc1-2,,498.sdf,0,1.27795147895813,2.473452568054199,10.766048431396484,17.59920310974121
pocketxmol_kat7_sma_atlas_ext,use,sbdd,,Cn1[nH]c(=O)c2c[n+](CCNc3nc(N)c4[nH+]cncc4n3)c3ccc(N)cc3c21,,499.sdf,0,1.4430642127990725,2.5233089923858643,9.762001991271973,17.62771224975586
pocketxmol_kat7_sma_atlas_ext,use,sbdd,,COc1ccc2c(c1)nc1c3c(c(-c4ccc(O)[nH+]c4)c(O)c(O)[n+]32)C=C1c1ccccc1,,500.sdf,0,1.437757134437561,2.701627254486084,9.67945384979248,17.941242218017578
pocketxmol_kat7_sma_atlas_ext,use,sbdd,,Nc1nc(=O)c2ccc(N(Cc3ccccc3)C(CO)CP(=O)(O)O)cc2[nH]1,,501.sdf,0,1.3791918754577637,2.590278387069702,11.12803840637207,17.88271141052246
pocketxmol_kat7_sma_atlas_ext,use,sbdd,,C=[N+](c1ncnc2nncnc12)C1COC(COP(=O)(O)O)C1=O,,502.sdf,0,1.2539507150650024,2.550611019134521,10.071346282958984,17.810758590698242
pocketxmol_kat7_sma_atlas_ext,use,sbdd,,,bad,503-bad.sdf,0,1.3481643199920654,2.568623304367065,11.052770614624023,17.901033401489258
pocketxmol_kat7_sma_atlas_ext,use,sbdd,,Cc1ccc(CC2OC(n3cnc4c(N)ncnc43)C(O)CC2OP(=O)(O)O)cc1,,504.sdf,0,1.3617101907730105,2.623800039291382,11.207568168640137,18.23217010498047
pocketxmol_kat7_sma_atlas_ext,use,sbdd,,C=C1NC=C2c3c(ccnc31)-c1ccc(Oc3cccc(O)c3F)cc1C2O,,505.sdf,0,1.4322524070739746,2.4926435947418213,9.041022300720217,17.610933303833008
pocketxmol_kat7_sma_atlas_ext,use,sbdd,,O=c1ncc(N2CCC(OP(=O)(O)O)C(Oc3ccccc3)C2)c2n1C=N2,,506.sdf,0,1.2103753089904783,2.511519432067871,10.769432067871094,17.772350311279297
pocketxmol_kat7_sma_atlas_ext,use,sbdd,,O=[N+](O)N1c2cccc(-c3ccc4nnc5n4c3=CC=NC=5)c2Nc2cccnc21,,507.sdf,0,1.4304351806640625,2.66628360748291,9.429827690124512,17.321956634521484
pocketxmol_kat7_sma_atlas_ext,use,sbdd,,Cc1ccc(Oc2c(C#N)c(=O)[nH]c3nc4ccccc4n23)cc1,,508.sdf,0,1.366446852684021,2.6211233139038086,10.693669319152832,17.928943634033203
pocketxmol_kat7_sma_atlas_ext,use,sbdd,,O=C(c1cc(-c2ccccc2)nc2nc(=O)[nH]c(=O)nc12)[NH+]1Cc2ccncc2C1,,509.sdf,0,1.4592710733413696,2.7696197032928467,11.228155136108398,18.39521026611328
pocketxmol_kat7_sma_atlas_ext,use,sbdd,,O=[PH](=O)(O)c1ncn2cc(Cc3ccccc3)nc2c1-c1ccccc1,,510.sdf,0,1.362729549407959,2.721056699752808,10.85836696624756,18.168851852416992
pocketxmol_kat7_sma_atlas_ext,use,sbdd,,CC(=O)Nc1ccc(N=C(N)Nc2c3cc4ccccc4c-3ccn2O)cc1,,511.sdf,0,1.399836778640747,2.605562925338745,10.881430625915527,17.908573150634766
pocketxmol_kat7_sma_atlas_ext,use,sbdd,,Cc1cc2cc(c1)Cc1c3[nH]c(nc(O)c-3c(=O)c3ccccc13)NC(C)CC2,,512.sdf,0,1.3780758380889893,2.648266553878784,9.936016082763672,18.34506607055664
pocketxmol_kat7_sma_atlas_ext,use,sbdd,,Nc1ncnc2c1ncn2CC(O)C(F)C(F)COP(=O)(O)O,,513.sdf,0,1.2088817358016968,2.3806281089782715,10.907705307006836,17.167224884033203
pocketxmol_kat7_sma_atlas_ext,use,sbdd,,COc1ccc(-c2[nH+]c(-c3ccccc3)no2)c(-c2ccc(C(=O)O)[nH]c2=O)c1,,514.sdf,0,1.390501856803894,2.4566686153411865,10.366616249084473,17.83009910583496
pocketxmol_kat7_sma_atlas_ext,use,sbdd,,CCc1nc2[nH+]c(-c3cccc4nc(O)[nH]c34)cn2c2c(C)c[nH+]c(O)c12,,515.sdf,0,1.3989830017089844,2.7013401985168457,9.380900382995604,17.523181915283203
pocketxmol_kat7_sma_atlas_ext,use,sbdd,,Cc1nc2cc(-c3cccc(P(=O)(O)O)c3)c(-c3ccccc3)cc2c(=O)[nH]1,,516.sdf,0,1.4745863676071167,2.7550015449523926,11.397424697875977,18.55210876464844
pocketxmol_kat7_sma_atlas_ext,use,sbdd,,,bad,517-bad.sdf,0,1.349621295928955,2.572481393814087,10.27418327331543,17.704160690307617
pocketxmol_kat7_sma_atlas_ext,use,sbdd,,Nc1ncnc2nc(C(CC(N)COP(=O)(O)O)c3ccccc3)[nH]c12,,518.sdf,0,1.3182971477508545,2.4734482765197754,11.194690704345703,18.016511917114254
pocketxmol_kat7_sma_atlas_ext,use,sbdd,,Oc1ccc2c(O)[nH+]c(-c3ccc4c(c3)OCO4)c(-c3c[nH]c4ccccc34)c2c1,,519.sdf,0,1.4157906770706177,2.566042900085449,11.15172290802002,18.12566375732422
pocketxmol_kat7_sma_atlas_ext,use,sbdd,,Cc1c(N)nc2c3ccccc3c3c(Nc4cccc(O)c4)ncnc3c2c1C,,520.sdf,0,1.4792746305465698,2.584055185317993,9.396210670471191,17.780855178833008
pocketxmol_kat7_sma_atlas_ext,use,sbdd,,Cc1ccc(C(c2cn(C)c3nc(C)ccc23)C(OCC(O)O)C(=O)O)cc1,,521.sdf,0,1.3397701978683472,2.4849886894226074,9.887374877929688,17.95769691467285
pocketxmol_kat7_sma_atlas_ext,use,sbdd,,Cc1ccc(Nc2cc(C(=O)O)[nH+]c(-c3c[nH]c4cc(C)ccc34)n2)cc1,,522.sdf,0,1.4636826515197754,2.6625349521636963,10.75938320159912,18.13982582092285
pocketxmol_kat7_sma_atlas_ext,use,sbdd,,O=C(O)CCC(Cc1cccc(-c2cccc(C(=O)O)c2)c1)c1c[nH]nn1,,523.sdf,0,1.3455498218536377,2.639488220214844,10.068723678588867,18.56282997131348
pocketxmol_kat7_sma_atlas_ext,use,sbdd,,Cc1nc2cccc3c2cc1Cc1ccc2nc(N)nc(c2c1)CCC(O)=NCCC3,,524.sdf,0,1.36945378780365,2.6361677646636963,10.374116897583008,18.288604736328125
pocketxmol_kat7_sma_atlas_ext,use,sbdd,,c1ccc(CCNc2nc3ccccc3c3ccccc23)cc1,,525.sdf,0,1.4485254287719729,2.8940141201019287,11.42209529876709,17.888748168945312
pocketxmol_kat7_sma_atlas_ext,use,sbdd,,O=C(O)Nc1ccnc2c1c(-c1ccccc1)cn2-c1ccccc1,,526.sdf,0,1.4049853086471558,2.7910430431365967,11.003856658935549,18.25889778137207
pocketxmol_kat7_sma_atlas_ext,use,sbdd,,Cc1nc(-c2c[nH]c3c(N=CCC(C)C)c(C(=O)O)nc(O)c23)cc(-[n+]2ccoc2)[nH+]1,,527.sdf,0,1.3176281452178955,2.4778826236724854,8.882294654846191,18.04302978515625
pocketxmol_kat7_sma_atlas_ext,use,sbdd,,O=C(c1cnc2ncccc2c1)N(CCP(=O)(O)O)Cc1cncnc1,,528.sdf,0,1.3839267492294312,2.682495594024658,11.229337692260742,18.39934730529785
pocketxmol_kat7_sma_atlas_ext,use,sbdd,,O=C(O)C1=Cc2c(-c3ccc(O)cc3)cc(Nc3ccc(O)cc3)[n+]3c2C(=C(O)C3=O)N1,,529.sdf,0,1.4148850440979004,2.544264793395996,9.915626525878906,18.047441482543945
pocketxmol_kat7_sma_atlas_ext,use,sbdd,,Cc1ccc2c(C(=O)c3cccnc3)c(C(=O)O)c3oc(=O)c4ccc(c1)c2c34,,530.sdf,0,1.2952792644500732,2.2661821842193604,8.849678993225098,16.976604461669922
pocketxmol_kat7_sma_atlas_ext,use,sbdd,,O=P(O)(O)Oc1ccccc1CN=C(O)c1cnc2ccccc2c1,,531.sdf,0,1.3908278942108154,2.786426305770874,11.748907089233398,17.880760192871094
pocketxmol_kat7_sma_atlas_ext,use,sbdd,,Nc1ncc2c(n1)NC(=O)C[SH]2c1nc2ccccc2nc1-c1ccccc1,,532.sdf,0,1.3539270162582395,2.757609844207764,11.636643409729004,18.40119743347168
pocketxmol_kat7_sma_atlas_ext,use,sbdd,,Nc1nc2n(C3OCC(O)C3=O)cc(COP(=O)(O)OP(=O)(O)O)nc-2c(=O)n1,,533.sdf,0,1.3374528884887695,2.631333827972412,11.21296215057373,18.049301147460938
pocketxmol_kat7_sma_atlas_ext,use,sbdd,,O=C(Nc1nc2nc3ccccc3nc2c2ccccc12)c1ccco1,,534.sdf,0,1.457402229309082,2.740150690078736,11.48546314239502,18.045042037963867
pocketxmol_kat7_sma_atlas_ext,use,sbdd,,CCOc1ccc(C=C(OCCCC[n+]2cnc3ccccc3c2O)C(=O)O)cc1,,535.sdf,0,1.348549485206604,2.616745948791504,11.115571975708008,18.52300262451172
pocketxmol_kat7_sma_atlas_ext,use,sbdd,,O=c1nc(O)n(CCNC(c2ccc(O)cc2)c2ccc3c[nH+]ccc3c2)c(=O)[nH]1,,536.sdf,0,1.4036314487457275,2.5711960792541504,10.58452320098877,18.29018783569336
pocketxmol_kat7_sma_atlas_ext,use,sbdd,,Cc1ccc2c(n1)NC1=C(C(=O)Nc3ccc[nH+]c3N)C=C3C=CC(N)=CC=C3N12,,537.sdf,0,1.341765284538269,2.586004734039306,9.82459831237793,17.654211044311523
pocketxmol_kat7_sma_atlas_ext,use,sbdd,,O=C1c2[nH]c3c(O)ncn3c2C(Cc2ccccc2)C2CN1CCCC2CP(=O)(O)O,,538.sdf,0,1.2135865688323977,2.4172255992889404,9.695316314697266,18.121883392333984
pocketxmol_kat7_sma_atlas_ext,use,sbdd,,O=C(O)c1cc(C(Cc2ccccc2)Nc2nc(O)nc3nccnc23)ccc1O,,539.sdf,0,1.3793352842330933,2.513725519180298,10.112344741821287,18.31186294555664
pocketxmol_kat7_sma_atlas_ext,use,sbdd,,Nc1ncnc2c1ncn2C1C(O)C(O)C2NP(=O)(O)OP(=O)(O)OC21,,540.sdf,0,1.2367486953735352,2.3595058917999268,11.180405616760254,17.63698959350586
pocketxmol_kat7_sma_atlas_ext,use,sbdd,,CC1=NC2=CC=C(C(C#Cc3ccccc3)=CP(=O)(O)O)C=CC2=CN1,,541.sdf,0,1.262497901916504,2.4412953853607178,10.677933692932127,17.798675537109375
pocketxmol_kat7_sma_atlas_ext,use,sbdd,,,bad,542-bad.sdf,0,1.240495204925537,2.4356300830841064,10.309279441833496,18.184101104736328
pocketxmol_kat7_sma_atlas_ext,use,sbdd,,O=c1[nH]cnc2nc3c(Nc4ccccc4F)cn(-c4ccccc4)c3cc12,,543.sdf,0,1.4976404905319214,2.7103512287139893,10.456372261047363,18.27193832397461
pocketxmol_kat7_sma_atlas_ext,use,sbdd,,Nc1ncnc2c1ncn2CCN(C(=O)CP(=O)(O)O)c1ccccc1,,544.sdf,0,1.3971047401428225,2.6451144218444824,11.503836631774902,17.97176742553711
pocketxmol_kat7_sma_atlas_ext,use,sbdd,,O=C(O)c1cc2nc3c4[nH]cccc-4cc3c(C=Cc3cccc(O)c3)c2c[nH+]1,,545.sdf,0,1.4365469217300415,2.652048110961914,9.940801620483398,17.83856201171875
pocketxmol_kat7_sma_atlas_ext,use,sbdd,,Nc1ncnc2c1ncn2C(COP(=O)(O)OP(=O)(O)O)Oc1ccccc1,,546.sdf,0,1.3650943040847778,2.6488537788391118,11.199578285217283,18.27811622619629
pocketxmol_kat7_sma_atlas_ext,use,sbdd,,O=C(O)c1ccc2cc(-c3nc(C(=O)O)nc4ccccc34)ccc2c1,,547.sdf,0,1.460668444633484,2.7571961879730225,11.502129554748535,17.879220962524414
pocketxmol_kat7_sma_atlas_ext,use,sbdd,,Cc1cc(C2CNc3ccccc3N2)c(S(=O)(=O)COP(=O)(O)O)nc1C,,548.sdf,0,1.309589982032776,2.527718067169189,9.556017875671388,17.875640869140625
pocketxmol_kat7_sma_atlas_ext,use,sbdd,,Nc1ncnc2c1ncn2C(CCCCP(=O)(O)O)c1ccc2ccccc2c1,,549.sdf,0,1.4233825206756592,2.750645160675049,11.625858306884766,18.12554168701172
pocketxmol_kat7_sma_atlas_ext,use,sbdd,,CCc1c2cc(Cc3ccc(N(C)C)cc3)c(=O)c(C(=O)O)c-2ncnc1O,,550.sdf,0,1.2412095069885254,2.548809289932251,9.61225414276123,17.904626846313477
pocketxmol_kat7_sma_atlas_ext,use,sbdd,,Nc1ncnc2c1ncn2C1OC(OP(=O)(O)OP(=O)(O)O)C(O)C1O,,551.sdf,0,1.2988852262496948,2.3795158863067627,11.266569137573242,17.905424118041992
pocketxmol_kat7_sma_atlas_ext,use,sbdd,,,bad,552-bad.sdf,0,1.3714255094528198,2.5248043537139893,10.406143188476562,17.11671257019043
pocketxmol_kat7_sma_atlas_ext,use,sbdd,,Nc1nc2c(ncn2C2COC(CCC(P(=O)(O)O)P(=O)(O)O)C(O)C2O)c(=O)[nH]1,,553.sdf,0,1.2087997198104858,2.371884346008301,10.856797218322754,17.9549560546875
pocketxmol_kat7_sma_atlas_ext,use,sbdd,,c1ccc(-c2cn3c(Nc4ccc(-c5nn[nH]n5)cc4)[nH+]cc3c3nonc23)cc1,,554.sdf,0,1.415134072303772,2.6573245525360107,9.778186798095703,18.114591598510742
pocketxmol_kat7_sma_atlas_ext,use,sbdd,,,bad,555-bad.sdf,0,1.3069872856140137,2.3794503211975098,10.218944549560547,17.467090606689453
pocketxmol_kat7_sma_atlas_ext,use,sbdd,,O=C(O)c1ccc(-c2cc(CNC(=O)c3ccccc3)ccc2F)cc1,,556.sdf,0,1.4632751941680908,2.6681253910064697,10.60519790649414,18.393510818481445
pocketxmol_kat7_sma_atlas_ext,use,sbdd,,Cc1ccc(N(NC(O)OP(=O)(O)O)C(=O)c2ccc(C)c3[nH]cnc23)cc1,,557.sdf,0,1.3641624450683594,2.5283241271972656,9.6099214553833,17.799270629882812
pocketxmol_kat7_sma_atlas_ext,use,sbdd,,CC(NC(=O)N1c2ccc([N+](=O)O)cc2C(=O)C1P(=O)(O)O)c1ccccc1,,558.sdf,0,1.3620723485946655,2.5561821460723877,10.864497184753418,17.869203567504883
pocketxmol_kat7_sma_atlas_ext,use,sbdd,,CNc1ccc2c3c(ccc2c1)N(C(C)C)Nc1nc(=O)nc2[nH]c(N)nc2c1-3,,559.sdf,0,1.2890607118606567,2.4755477905273438,9.149589538574219,16.939504623413086
pocketxmol_kat7_sma_atlas_ext,use,sbdd,,O=C1N=Nc2c1cncc2C1OC(COP(=O)(O)O)C(O)C1O,,560.sdf,0,1.3398981094360352,2.556732177734375,10.416498184204102,17.716777801513672
pocketxmol_kat7_sma_atlas_ext,use,sbdd,,Cc1ccc(C(=O)c2nn(C(=O)O)c3cc(-c4ccccc4)cn23)cc1,,561.sdf,0,1.40496027469635,2.6317896842956543,10.294829368591309,17.97376251220703
pocketxmol_kat7_sma_atlas_ext,use,sbdd,,O=c1[nH]cc(C=C(CNP(=O)(O)O)c2ccccc2)c2ncccc12,,562.sdf,0,1.3355656862258911,2.629645347595215,11.02853012084961,18.192729949951172
pocketxmol_kat7_sma_atlas_ext,use,sbdd,,Cn1cnc2c(CC(Cc3cccnc3)NC(=N)C[PH](O)(O)O)cccc21,,563.sdf,0,1.3109898567199707,2.448058843612671,10.166791915893555,17.664575576782227
pocketxmol_kat7_sma_atlas_ext,use,sbdd,,Nc1nnc2c(nc3n2CC2C(CC([PH](O)(O)O)C2c2ccccc2)C3O)c(=O)n1,,564.sdf,0,1.3194432258605957,2.4776418209075928,10.597432136535645,18.117036819458008
pocketxmol_kat7_sma_atlas_ext,use,sbdd,,Nc1ncnc2c1ncn2C1COC(CO)C(O)C1COP(=O)(O)O,,565.sdf,0,1.2537245750427246,2.5638110637664795,11.839544296264648,17.748563766479492
pocketxmol_kat7_sma_atlas_ext,use,sbdd,,Nc1ncnc2c1ncc[n+]2C1CC(O)C(O)C(COP(=O)(O)OP(=O)(O)O)O1,,566.sdf,0,1.3424426317214966,2.6402101516723633,11.323851585388184,18.286094665527344
pocketxmol_kat7_sma_atlas_ext,use,sbdd,,Nc1nc(O)c2ncn(C3OC(O[PH](O)(O)OP(=O)(O)O)C(O)C3O)c2n1,,567.sdf,0,1.3080105781555176,2.4986190795898438,10.913984298706055,17.916587829589844
pocketxmol_kat7_sma_atlas_ext,use,sbdd,,Cc1c(C(=O)O)c2[nH]c3ccccc3cc-2c1-c1ccc(S(C)(=O)=O)cc1,,568.sdf,0,1.4192434549331665,2.687741994857788,10.655818939208984,17.957897186279297
pocketxmol_kat7_sma_atlas_ext,use,sbdd,,O=C(O)c1nc(Nc2ccccc2)[nH]c(=NCCc2ccc3nn[nH]c3c2)c1O,,569.sdf,0,1.385888695716858,2.5397305488586426,9.779608726501465,18.19601058959961
pocketxmol_kat7_sma_atlas_ext,use,sbdd,,Nc1nc(N)c2nn(C3CC(O)C(O)C(CO[PH](O)(O)OP(=O)(O)O)O3)cnc1-2,,570.sdf,0,1.2601861953735352,2.3451762199401855,10.583412170410156,17.394399642944336
pocketxmol_kat7_sma_atlas_ext,use,sbdd,,Nc1cccc(CC(=O)Nc2cccc3c2C2=Cc4ccccc4[N+]2=C3)c1,,571.sdf,0,1.480329990386963,2.630397081375122,10.258703231811523,17.94940757751465
pocketxmol_kat7_sma_atlas_ext,use,sbdd,,Cc1ccc2c(OCP(=O)(O)O)cc(-c3ccc(F)cc3)cc2c1,,572.sdf,0,1.3989945650100708,2.744028091430664,10.988906860351562,18.080020904541016
pocketxmol_kat7_sma_atlas_ext,use,sbdd,,Cc1cc(NC2=C(O)C(c3ccccc3)=Nc3c(ccnc3P(=O)(O)O)N2)[nH+]o1,,573.sdf,0,1.3842471837997437,2.6290159225463867,10.347867012023926,18.0352725982666
pocketxmol_kat7_sma_atlas_ext,use,sbdd,,Oc1nc2ncnn2c2c3cc(-c4ccc(F)cc4)nc-3c3ccccc3n12,,574.sdf,0,1.4467381238937378,2.7036726474761963,9.598471641540527,17.792627334594727
pocketxmol_kat7_sma_atlas_ext,use,sbdd,,Oc1ccc2c(n1)nc1c(Cc3ccccc3)nc3c(-c4ccccc4)ncnc3n12,,575.sdf,0,1.4292596578598022,2.721818447113037,9.92818832397461,18.067672729492188
pocketxmol_kat7_sma_atlas_ext,use,sbdd,,Oc1nnc(-n2cnnn2)cc1-c1ncc(-c2ccccc2)c2ccccc12,,576.sdf,0,1.3684500455856323,2.51100754737854,10.448997497558594,17.90388298034668
pocketxmol_kat7_sma_atlas_ext,use,sbdd,,CCCOc1ccc(C(C(=O)NCCP(=O)(O)O)c2ccc3c(c2)OCO3)cc1,,577.sdf,0,1.3158862590789795,2.633772373199463,11.41891860961914,18.494911193847656
pocketxmol_kat7_sma_atlas_ext,use,sbdd,,O=C1N=NC(NC(=O)C2CCCCO2)=C2C1=Nc1c2ccc2ccccc12,,578.sdf,0,1.3511669635772705,2.6165645122528076,10.614652633666992,17.78424072265625
pocketxmol_kat7_sma_atlas_ext,use,sbdd,,Cc1c[n+]2c(=O)c3ccc(-c4cc5cnccc5c[nH+]4)ccc-3nc2o1,,579.sdf,0,1.4485042095184326,2.594813108444214,9.563983917236328,17.611448287963867
pocketxmol_kat7_sma_atlas_ext,use,sbdd,,NC(=O)c1ccc2[nH]cc3nc4cc(-c5ccccc5F)cnc4c-3c2c1,,580.sdf,0,1.5356367826461792,2.7048401832580566,10.244425773620605,18.061931610107422
pocketxmol_kat7_sma_atlas_ext,use,sbdd,,CC(=O)Nc1ccc2c(C)nc3ccc(-c4ccncn4)cc3c2c1,,581.sdf,0,1.4994431734085083,2.5955636501312256,9.727397918701172,17.634618759155273
pocketxmol_kat7_sma_atlas_ext,use,sbdd,,Cc1nc(NCc2nc(C(=O)O)n[nH]c2=O)c(-c2ccccc2)cc1[N+](=O)O,,582.sdf,0,1.4077829122543335,2.574206590652466,10.530340194702148,18.1689510345459
pocketxmol_kat7_sma_atlas_ext,use,sbdd,,CC(=O)Nc1ccc(C(CP(=O)(O)O)=Nc2ccc3nc(C)ccc3c2)cc1,,583.sdf,0,1.4099615812301636,2.6594274044036865,11.311996459960938,18.235645294189453
pocketxmol_kat7_sma_atlas_ext,use,sbdd,,O=C(O)c1ccc(-c2nc(=O)[nH]c(=O)nc2Cc2ccc([N+](=O)O)cc2)cc1,,584.sdf,0,1.3117364645004272,2.561292886734009,10.476491928100586,17.64043426513672
pocketxmol_kat7_sma_atlas_ext,use,sbdd,,O=C(O)C1=C(c2ccc3ccccc3c2)N(Cc2ccc(F)cc2)C(=O)C1=O,,585.sdf,0,1.3729157447814941,2.6059343814849854,11.042994499206543,18.124351501464844
pocketxmol_kat7_sma_atlas_ext,use,sbdd,,OC(=Nc1ccc(-c2cccc(-c3nnn[nH]3)c2)cc1)c1ccccc1,,586.sdf,0,1.4434651136398315,2.583104372024536,10.423338890075684,17.985517501831055
pocketxmol_kat7_sma_atlas_ext,use,sbdd,,CC(N=C(O)c1nc2ccccc2nc2c3ccccc3nc1-2)c1ccc(N)cc1,,587.sdf,0,1.384981393814087,2.6396493911743164,10.499156951904297,18.05404281616211
pocketxmol_kat7_sma_atlas_ext,use,sbdd,,O=C(NCc1ccccc1)c1c2c(n3c(O)nnc13)=C(Cc1ccco1)N=N2,,588.sdf,0,1.2181779146194458,2.3354077339172363,8.764406204223633,17.635751724243164
pocketxmol_kat7_sma_atlas_ext,use,sbdd,,CC(=O)c1cccc(-c2ccc(OP(=O)(O)O)cc2Cc2ccc(C)cc2)c1,,589.sdf,0,1.4118798971176147,2.7470896244049072,10.786964416503906,18.47553825378418
pocketxmol_kat7_sma_atlas_ext,use,sbdd,,O=C(Cc1cccc2ccccc12)NC(Cc1ccc(-c2ccccc2)cc1)C(=O)O,,590.sdf,0,1.411146879196167,2.804476737976074,11.749288558959961,18.518199920654297
pocketxmol_kat7_sma_atlas_ext,use,sbdd,,O=C(C1=CNC(O)=C(O)C(Nc2ccc(-c3ccccc3)cc2)=N1)N1CCCCC1,,591.sdf,0,1.3272573947906494,2.4992339611053467,10.603731155395508,18.437414169311523
pocketxmol_kat7_sma_atlas_ext,use,sbdd,,Nc1ncnc2c(C(O)C(COP(=O)(O)O)Oc3ccccc3OP(=O)(O)O)ncnc12,,592.sdf,0,1.2981321811676025,2.690908670425415,11.56747055053711,18.42070960998535
pocketxmol_kat7_sma_atlas_ext,use,sbdd,,,bad,593-bad.sdf,0,1.3727573156356812,2.548309803009033,11.244220733642578,17.90073013305664
pocketxmol_kat7_sma_atlas_ext,use,sbdd,,O=C(O)c1ccc(-c2ncnc3c2-c2ccccc2Oc2ccccc2-3)cn1,,594.sdf,0,1.4835134744644165,2.6863245964050293,11.14813232421875,18.573810577392578
pocketxmol_kat7_sma_atlas_ext,use,sbdd,,NC1=NC(=O)C2=CN(C3OC(C(OP(=O)(O)O)OP(=O)(O)O)C(O)C3O)C2=N1,,595.sdf,0,1.2479206323623657,2.3789165019989014,11.37464427947998,17.960102081298828
pocketxmol_kat7_sma_atlas_ext,use,sbdd,,CN(C)C(=O)c1cn(-c2ccc(-c3ccccc3)nc2O)c2ccccc12,,596.sdf,0,1.4316363334655762,2.679375171661377,10.486067771911621,17.92993927001953
pocketxmol_kat7_sma_atlas_ext,use,sbdd,,COc1ccc(C(CCP(=O)(O)O)c2ccc(C(=O)N(C)C)cc2)cc1,,597.sdf,0,1.294583797454834,2.5451877117156982,11.193302154541016,18.237300872802734
pocketxmol_kat7_sma_atlas_ext,use,sbdd,,O=c1cnc(=NC2OC(C(O)COP(=O)(O)OP(=O)(O)O)C(O)C2O)[nH]c(=O)[nH]1,,598.sdf,0,1.2027575969696045,2.45082950592041,10.722980499267578,17.676279067993164
pocketxmol_kat7_sma_atlas_ext,use,sbdd,,c1coc(-c2nnn(Cc3ncccc3-c3cnc4c(ccc5ncccc54)c3)n2)c1,,599.sdf,0,1.346799612045288,2.7586371898651123,10.266643524169922,17.996517181396484
