data_id,db,task,key,smiles,tag,filename,i_repeat,cfd_traj,cfd_pos,cfd_node,cfd_edge
pocketxmol_kat6a_sma_atlas_ext,use,sbdd,,COc1[nH]c(=O)c(C(=O)O)c(NCC(C(=O)Nc2ccc(F)cc2)P(=O)(O)O)c1C,,0.sdf,0,1.3129321336746216,2.481247,10.317529,18.23452
pocketxmol_kat6a_sma_atlas_ext,use,sbdd,,O=P(O)(O)CC(Nc1ccc(Cl)cc1)c1nnc2c(-c3ccc(Cl)cc3)cccn12,,1.sdf,0,1.4205492734909058,2.7548702,11.505401,18.495674
pocketxmol_kat6a_sma_atlas_ext,use,sbdd,,Nc1ccc(OC(COP(=O)(O)OCP(=O)(O)O)c2cnc(N)c3[nH]cnc23)cc1,,2.sdf,0,1.3358269929885864,2.581604,10.2834,18.032454
pocketxmol_kat6a_sma_atlas_ext,use,sbdd,,Cc1nc2[nH]c(COP(=O)(O)OP(=O)(O)O)c(Cc3ccccc3)cc-2c(=O)n1,,3.sdf,0,1.3592705726623535,2.722653,10.8061905,18.444
pocketxmol_kat6a_sma_atlas_ext,use,sbdd,,,bad,4-bad.sdf,0,1.3375593423843384,2.6533737,10.548669,17.586063
pocketxmol_kat6a_sma_atlas_ext,use,sbdd,,CC1=NC(C)=NC2=c3cc(C)ccc3=C(C(=O)NC(C)P(=O)(O)OP(=O)(O)O)NC2=N1,,5.sdf,0,1.3476274013519287,2.650634,10.359617,17.983604
pocketxmol_kat6a_sma_atlas_ext,use,sbdd,,Nc1ncn(C2OC(COP(=O)(O)OOP(=O)(O)O)C(O)C2O)c2nnc(N)c1-2,,6.sdf,0,1.258346676826477,2.5425727,10.657087,18.010237
pocketxmol_kat6a_sma_atlas_ext,use,sbdd,,,bad,7-bad.sdf,0,1.3193572759628296,2.5894697,10.441516,17.755136
pocketxmol_kat6a_sma_atlas_ext,use,sbdd,,Nc1ncnc2cc(C(O[PH](O)(O)OP(=O)(O)O)c3ccccc3)cnc12,,8.sdf,0,1.4113365411758425,2.7329423,11.532439,18.31774
pocketxmol_kat6a_sma_atlas_ext,use,sbdd,,Nc1nc(=O)c2ncn(C3CC(O)C(OP(=O)(O)OP(=O)(O)O)CO3)c2[nH]1,,9.sdf,0,1.3029290437698364,2.3962727,11.178223,17.67108
pocketxmol_kat6a_sma_atlas_ext,use,sbdd,,COP(=O)(O)OP(=O)(O)OCC(O)C(O)Cn1ccnc2c(=O)nc(N)nc1-2,,10.sdf,0,1.3211365938186646,2.5154932,11.159498,18.008732
pocketxmol_kat6a_sma_atlas_ext,use,sbdd,,Cn1c(=O)c2c(ncc[n+]2C(CCc2ccccc2)CCP(=O)(O)O)n(C)c1=O,,11.sdf,0,1.327551245689392,2.574325,10.886193,17.8793
pocketxmol_kat6a_sma_atlas_ext,use,sbdd,,NC1=NC(=O)C2=NC=[N+](C3CC(O)C(O)C(COP(=O)(O)OCP(=O)(O)O)O3)C2=N1,,12.sdf,0,1.2479301691055298,2.3606534,11.087536,17.978094
pocketxmol_kat6a_sma_atlas_ext,use,sbdd,,CN1N=CNc2c(ncn2CC2OC(OP(=O)(O)OP(=O)(O)O)C(O)C2O)C1=O,,13.sdf,0,1.2609387636184692,2.4923432,10.994409,17.919554
pocketxmol_kat6a_sma_atlas_ext,use,sbdd,,O=c1nc2nc(c(=O)[nH]1)Cc1cc(nc3ccccc13)OP(=O)(O)OP(=O)(O)CCN2,,14.sdf,0,1.3441776037216189,2.6615615,10.977346,18.502949
pocketxmol_kat6a_sma_atlas_ext,use,sbdd,,,bad,15-bad.sdf,0,1.2502142190933228,2.3656309,10.238784,17.514297
pocketxmol_kat6a_sma_atlas_ext,use,sbdd,,Cc1ccc2nc3c(O)nc(=N)nc3nc2c(CCCOP(=O)(O)OP(=O)(O)O)c1,,16.sdf,0,1.3372822999954224,2.5794861,10.050841,17.348213
pocketxmol_kat6a_sma_atlas_ext,use,sbdd,,Cc1ccc(OC(CC(OP(=O)(O)O)P(=O)(O)O)C(=O)C2=CN=C3C(=N)N=CN=C23)cc1,,17.sdf,0,1.3606480360031128,2.6169071,11.188407,18.137648
pocketxmol_kat6a_sma_atlas_ext,use,sbdd,,O=P(O)(O)CCNc1nnc(-c2cccc(F)c2)c2nc3ccccc3nc12,,18.sdf,0,1.5113797187805176,2.7846777,11.84104,18.434647
pocketxmol_kat6a_sma_atlas_ext,use,sbdd,,Cc1cccc2cc3c4c(c12)C=C(N)C=CC=4C(=O)[N+]=3c1ccc([N+]2=NN=C2)cc1,,19.sdf,0,1.362026929855347,2.4562445,8.959334,17.396812
pocketxmol_kat6a_sma_atlas_ext,use,sbdd,,Cc1[nH]nc(CC(Cc2ccc(N(O)O)c(O)c2O)C(=O)OP(=O)(O)O)c(=O)c1C,,20.sdf,0,1.3628146648406982,2.62715,9.914997,17.994654
pocketxmol_kat6a_sma_atlas_ext,use,sbdd,,Nc1ncnc2c1ncn2C1OC(OP(=O)(O)OP(=O)(O)O)C(O)C1O,,21.sdf,0,1.410290241241455,2.5592616,11.689248,18.223665
pocketxmol_kat6a_sma_atlas_ext,use,sbdd,,O=c1c(N(CCCP(=O)(O)O)Cc2ccoc2)c[nH]c2ccccc12,,22.sdf,0,1.2966032028198242,2.7187798,10.814109,17.986744
pocketxmol_kat6a_sma_atlas_ext,use,sbdd,,Nc1nc(=O)c2ncn(C3OC(COP(=O)(O)OP(=O)(O)O)C(O)C3F)c2[nH]1,,23.sdf,0,1.3238308429718018,2.515414,11.239569,18.234972
pocketxmol_kat6a_sma_atlas_ext,use,sbdd,,Nc1ncnc2c1NC=CN2C1OC(CO[PH](O)(O)OP(=O)(O)O)C(O)C1O,,24.sdf,0,1.405979037284851,2.652365,11.314984,18.249823
pocketxmol_kat6a_sma_atlas_ext,use,sbdd,,Nc1ncnc2c1ncn2C1OC(COP(=O)(O)OP(=O)(O)O)C(O)C1O,,25.sdf,0,1.328762412071228,2.5278306,11.708091,18.196245
pocketxmol_kat6a_sma_atlas_ext,use,sbdd,,Nc1ncnc2c1ncn2C1OC(OP(=O)(O)O[PH](=O)(=O)O)C2OC21,,26.sdf,0,1.2910150289535522,2.4339283,11.219546,17.805397
pocketxmol_kat6a_sma_atlas_ext,use,sbdd,,COc1ccc(C(C(=O)COP(=O)(O)O)c2n[nH]c(=O)c3ccccc23)cc1,,27.sdf,0,1.4169631004333496,2.6778903,10.970653,18.227293
pocketxmol_kat6a_sma_atlas_ext,use,sbdd,,NC1=NC=C2C1=NC=[N+]2C1CC(O)C(COP(=O)(O)OP(=O)(O)OP(=O)(O)O)O1,,28.sdf,0,1.1744229793548584,2.3457434,10.277265,17.663784
pocketxmol_kat6a_sma_atlas_ext,use,sbdd,,Nc1ncnc2c1ncn2C1OC(C(=O)OP(=O)(O)O[PH](=O)(=O)O)CC(O)C1O,,29.sdf,0,1.3719782829284668,2.6620665,11.742546,18.210196
pocketxmol_kat6a_sma_atlas_ext,use,sbdd,,O=C(O)c1cc2nc(CP(=O)(O)O)c(O)c3c2c(c1O)C(=O)c1ccccc1-3,,30.sdf,0,1.4308608770370483,2.666146,10.349294,17.731031
pocketxmol_kat6a_sma_atlas_ext,use,sbdd,,COc1ccc2c(c1)nc(NCP(=O)(O)O)c1ccc(NC(C)=O)cc12,,31.sdf,0,1.3663947582244873,2.6593325,11.434973,17.892248
pocketxmol_kat6a_sma_atlas_ext,use,sbdd,,Nc1ncnc2c1ncn2CC(O)C(O)C(O)COP(=O)(O)OCOP(=O)(O)O,,32.sdf,0,1.225408673286438,2.4471872,11.281951,17.738678
pocketxmol_kat6a_sma_atlas_ext,use,sbdd,,Nc1ncnc2c1ncn2C1OC1(O)C(O)COP(=O)(O)OP(=O)(O)O,,33.sdf,0,1.2879104614257812,2.4951055,11.396164,17.75217
pocketxmol_kat6a_sma_atlas_ext,use,sbdd,,,bad,34-bad.sdf,0,1.3418272733688354,2.5974343,11.302731,18.213335
pocketxmol_kat6a_sma_atlas_ext,use,sbdd,,Nc1ncnc2c1ncn2C1OC(CCOP(=O)(O)OP(=O)(O)O)C(O)C1O,,35.sdf,0,1.3543778657913208,2.5951858,11.204347,18.099644
pocketxmol_kat6a_sma_atlas_ext,use,sbdd,,COc1cc2c3c(n(C)c2cc1O)C(=O)CC(P(=O)(O)O)n1c-3nc2ccccc21,,36.sdf,0,1.3730370998382568,2.6167717,11.568116,18.011057
pocketxmol_kat6a_sma_atlas_ext,use,sbdd,,Cc1nc2ccc(C(COP(=O)(O)O)Oc3c[nH+]c4c(O)n(C)cnc3-4)cc2[nH]1,,37.sdf,0,1.42600417137146,2.6013522,10.402458,17.697935
pocketxmol_kat6a_sma_atlas_ext,use,sbdd,,NC1=NC(=O)C2=NC=[N+](C3OC(COP(=O)(O)OP(=O)(O)O)C3O)C2=N1,,38.sdf,0,1.3021972179412842,2.4416363,11.354496,17.90327
pocketxmol_kat6a_sma_atlas_ext,use,sbdd,,Cc1[nH]c2c(C)ccc(NS(=O)(=O)c3ccc[nH+]c3)c2c(=O)c1C(C)C,,39.sdf,0,1.432890772819519,2.6607232,10.117005,17.984123
pocketxmol_kat6a_sma_atlas_ext,use,sbdd,,Oc1nc2c(ccc3ccccc32)c(C[PH](O)(O)O)c1C#[N+]c1ccccc1,,40.sdf,0,1.4486559629440308,2.8582428,11.310723,18.246956
pocketxmol_kat6a_sma_atlas_ext,use,sbdd,,,bad,41-bad.sdf,0,1.3832495212554932,2.7127383,11.939399,18.162378
pocketxmol_kat6a_sma_atlas_ext,use,sbdd,,Cc1ncc2c3ccccc3nc-2n(C2CC(O)C(COP(=O)(O)O)O2)c1=O,,42.sdf,0,1.2600412368774414,2.416413,10.552777,17.566435
pocketxmol_kat6a_sma_atlas_ext,use,sbdd,,Cc1ccc(C2OC(P(=O)(O)OP(=O)(O)O)COC2n2cnc(N)c3ncnc2-3)cc1,,43.sdf,0,1.338915228843689,2.57142,10.772715,18.08947
pocketxmol_kat6a_sma_atlas_ext,use,sbdd,,CC(C)c1ccc(CC(CCOP(=O)(O)OP(=O)(O)O)n2cnc3c(N)ncnc32)cc1,,44.sdf,0,1.3919848203659058,2.6088607,10.767655,18.150654
pocketxmol_kat6a_sma_atlas_ext,use,sbdd,,Nc1ncnc2c1ncn2C1OC(COP(=O)(O)OP(=O)(O)O)C(O)C1O,,45.sdf,0,1.3866914510726929,2.5918932,11.670728,18.183613
pocketxmol_kat6a_sma_atlas_ext,use,sbdd,,O=c1nc2[nH]c3c(nc-2c(=O)[nH]1)CCN(C(Cc1ccccc1)P(=O)(O)O)C3,,46.sdf,0,1.361751675605774,2.7295835,11.450769,18.350346
pocketxmol_kat6a_sma_atlas_ext,use,sbdd,,Cc1nc2cc(F)ccc2c2c3c(nn12)C(=O)c1ccccc1NCC(P(=O)(O)O)N3,,47.sdf,0,1.3764744997024536,2.612521,10.883084,18.338491
pocketxmol_kat6a_sma_atlas_ext,use,sbdd,,Nc1ncnc2c(C3CC(O)C(O)C(OP(=O)(O)OP(=O)(O)O)O3)ncnc12,,48.sdf,0,1.3223859071731567,2.491818,11.090776,17.725214
pocketxmol_kat6a_sma_atlas_ext,use,sbdd,,O=P(O)(O)C=C(Nc1ccc(F)cc1)c1ccc2oc3ccccc3c2c1,,49.sdf,0,1.4125823974609375,2.6459439,11.749855,18.234556
pocketxmol_kat6a_sma_atlas_ext,use,sbdd,,Nc1nc2c(=O)ncn(C3OC(COP(=O)(O)OP(=O)(O)O)CC(O)C3O)c2[nH]1,,50.sdf,0,1.3415144681930542,2.5531930923461914,11.054306983947754,18.000818252563477
pocketxmol_kat6a_sma_atlas_ext,use,sbdd,,Nc1nc(CN2CC(Oc3cccc4ccccc34)CC(OP(=O)(O)OP(=O)(O)O)C2)cc(=O)[nH]1,,51.sdf,0,1.3247686624526978,2.65651798248291,10.913614273071287,18.36859893798828
pocketxmol_kat6a_sma_atlas_ext,use,sbdd,,Nc1ncnc2c(NCC3OC(COP(=O)(O)O[PH](=O)(=O)O)C(O)C3O)ccnc12,,52.sdf,0,1.3300621509552002,2.612860679626465,10.930704116821287,18.64060401916504
pocketxmol_kat6a_sma_atlas_ext,use,sbdd,,NC1=NC(=O)C2=NC=[N+](CNC(COP(=O)(O)O)C(O)CO)C2=N1,,53.sdf,0,1.2292860746383667,2.445955276489258,10.865338325500488,17.358457565307617
pocketxmol_kat6a_sma_atlas_ext,use,sbdd,,O=C(NCCP(=O)(O)O)c1c(Cc2ccc(F)cc2)nc2nc3ccccc3c(O)n12,,54.sdf,0,1.407515525817871,2.6855785846710205,11.058337211608888,18.43331718444824
pocketxmol_kat6a_sma_atlas_ext,use,sbdd,,CCCc1[nH]c2ccccc2c2[nH+]c(-c3ccccc3CP(=O)(O)O)cc1-2,,55.sdf,0,1.4491662979125977,2.728848695755005,9.92733097076416,17.882280349731445
pocketxmol_kat6a_sma_atlas_ext,use,sbdd,,NC1=NC(=O)C2=NC=[N+](C3COC(COP(=O)(O)OP(=O)(O)OP(=O)(O)O)C3O)C2=N1,,56.sdf,0,1.3107407093048096,2.598961353302002,11.301095008850098,18.11953926086425
pocketxmol_kat6a_sma_atlas_ext,use,sbdd,,Cc1ccc(C(N=C(O)COP(=O)(O)O)C2=NC3=NC(N)=NC(=O)C3=N2)cc1,,57.sdf,0,1.411035418510437,2.770534038543701,11.548517227172852,18.419261932373047
pocketxmol_kat6a_sma_atlas_ext,use,sbdd,,O=C(O)c1ccc2c1ccc1cc(-c3ccc(N4CCOCC4)cc3)n[nH]c12,,58.sdf,0,1.4338146448135376,2.698953866958618,10.330679893493652,17.968050003051758
pocketxmol_kat6a_sma_atlas_ext,use,sbdd,,O=P(O)(O)CNC(CCc1ccccc1)n1cc2c3c(cccc31)Nc1ccccc1-2,,59.sdf,0,1.4403178691864014,2.7966794967651367,10.922858238220217,18.34547233581543
pocketxmol_kat6a_sma_atlas_ext,use,sbdd,,Cc1ccc2cnc(C(O)(COP(=O)(O)O)NCc3ccccc3)cc2c1,,60.sdf,0,1.406410574913025,2.7998156547546387,10.972771644592283,18.1909408569336
pocketxmol_kat6a_sma_atlas_ext,use,sbdd,,Nc1ncnc2c1ncn2C(O)C1OC1COP(=O)(O)O[PH](=O)(=O)O,,61.sdf,0,1.293015480041504,2.354872226715088,11.111652374267578,17.38029670715332
pocketxmol_kat6a_sma_atlas_ext,use,sbdd,,CC1=Nc2ccc(OP(=O)(Oc3ccc(C)cc3)OP(=O)(O)O)cc2NC=C1,,62.sdf,0,1.3468931913375854,2.560525894165039,9.712939262390137,17.697710037231445
pocketxmol_kat6a_sma_atlas_ext,use,sbdd,,Nc1ncnc2c1ncn2CC1OC(c2ccccc2)C2OP(=O)(O)OP(=O)(O)OC12,,63.sdf,0,1.3136590719223022,2.576656103134156,11.294352531433104,18.148740768432617
pocketxmol_kat6a_sma_atlas_ext,use,sbdd,,Nc1nnc2n(C3CC(O)C(C(O)COP(=O)(O)O[PH](=O)(=O)O)O3)cncc1-2,,64.sdf,0,1.2368484735488892,2.499862670898437,10.920525550842283,17.916316986083984
pocketxmol_kat6a_sma_atlas_ext,use,sbdd,,Nc1c(C2CC(OP(=O)(O)O)C(COP(=O)(O)OP(=O)(O)O)O2)[nH]c(=O)[nH]c1=O,,65.sdf,0,1.3226956129074097,2.553560495376587,10.879569053649902,18.316469192504883
pocketxmol_kat6a_sma_atlas_ext,use,sbdd,,O=C(NC=C(O)Nc1ccccc1)c1cc(=O)[nH]c2ccccc12,,66.sdf,0,1.3642557859420776,2.5403149127960205,10.507468223571776,17.58015251159668
pocketxmol_kat6a_sma_atlas_ext,use,sbdd,,COc1ccc(CC(CNc2ccc3c(C)ccc4c3c2N=C4)P(=O)(O)O)cc1,,67.sdf,0,1.3721299171447754,2.6525235176086426,10.507367134094238,17.90483856201172
pocketxmol_kat6a_sma_atlas_ext,use,sbdd,,O=C(O)CN(N=Cc1ccc2ccccc2c1)C(=O)c1ccc(C(=O)O)cc1,,68.sdf,0,1.415144681930542,2.685800552368164,11.563446998596191,18.1655502319336
pocketxmol_kat6a_sma_atlas_ext,use,sbdd,,Nc1ncnc2c1ncn2C1OC(CO[PH](O)(O)O[PH](=O)(=O)O)C(O)C1O,,69.sdf,0,1.3245527744293213,2.515609741210937,11.658439636230469,17.956178665161133
pocketxmol_kat6a_sma_atlas_ext,use,sbdd,,COc1ccc(C(COP(=O)(O)OP(=O)(O)O)NC(=O)c2cccc3ccccc23)cc1,,70.sdf,0,1.376437067985535,2.6600701808929443,11.074070930480955,18.28569602966309
pocketxmol_kat6a_sma_atlas_ext,use,sbdd,,,bad,71-bad.sdf,0,1.2513813972473145,2.324158191680908,10.841846466064451,17.579397201538086
pocketxmol_kat6a_sma_atlas_ext,use,sbdd,,Cc1ccc(C(CNc2cc[nH]c3ncnc2-3)NP(=O)(O)OP(=O)(O)O)cc1,,72.sdf,0,1.335720181465149,2.724352598190308,10.981870651245115,18.213661193847656
pocketxmol_kat6a_sma_atlas_ext,use,sbdd,,Nc1nc(-c2cc3cccc(N)c3[nH]2)c(CCCCOP(=O)(O)OP(=O)(O)O)c(=O)[nH]1,,73.sdf,0,1.3882092237472534,2.7052292823791504,10.34686279296875,18.45043182373047
pocketxmol_kat6a_sma_atlas_ext,use,sbdd,,O=P(O)(O)CC=C(c1nc2cccccc-2n1)c1cccc2ccccc12,,74.sdf,0,1.4227746725082395,2.6980631351470947,10.71865940093994,17.978872299194336
pocketxmol_kat6a_sma_atlas_ext,use,sbdd,,Nc1ccc2c(COc3ccc(O)c4ccccc34)cc(P(=O)(O)O)nc2c1,,75.sdf,0,1.4653363227844238,2.70782470703125,10.26969051361084,17.816850662231445
pocketxmol_kat6a_sma_atlas_ext,use,sbdd,,O=c1c(C(COP(=O)(O)O)c2ccc(F)cc2)cc2ccccc3cc[n+]1c32,,76.sdf,0,1.3891682624816897,2.654010534286499,11.01337718963623,18.04371833801269
pocketxmol_kat6a_sma_atlas_ext,use,sbdd,,O=P(O)(O)CC(CNc1nccnc1-c1ccc(O)cc1)Cc1ccccc1,,77.sdf,0,1.3766474723815918,2.7897491455078125,11.303584098815918,18.605976104736328
pocketxmol_kat6a_sma_atlas_ext,use,sbdd,,NC1=NC(=O)C2=NC=[N+](C(=O)C(CCOP(=O)(O)OP(=O)(O)O)c3cccc(F)c3)C2=N1,,78.sdf,0,1.3384387493133545,2.6612493991851807,10.825441360473633,18.2563705444336
pocketxmol_kat6a_sma_atlas_ext,use,sbdd,,Cc1cccc2c(C(Cc3ccccc3)C(=O)OP(=O)(O)O)c3n(c12)C(=O)NC3=O,,79.sdf,0,1.3662104606628418,2.6569180488586426,11.1228666305542,18.08527183532715
pocketxmol_kat6a_sma_atlas_ext,use,sbdd,,Cc1cc(NC(=O)C2=C(O)ONc3c2cc2c4c(cccc34)C=CC=C2)[nH+]o1,,80.sdf,0,1.3692094087600708,2.535407781600952,9.660710334777832,17.343339920043945
pocketxmol_kat6a_sma_atlas_ext,use,sbdd,,Nc1ncnc2cc(C(COP(=O)(O)OP(=O)(O)O)c3ccccc3)cnc12,,81.sdf,0,1.3694278001785278,2.664167642593384,11.339296340942385,18.21956253051757
pocketxmol_kat6a_sma_atlas_ext,use,sbdd,,Nc1ncnc2c1ncn2C1CC(O)C(O)C(COP(=O)(O)OP(=O)(O)O)O1,,82.sdf,0,1.3193975687026978,2.475268840789795,11.472661018371582,17.87523078918457
pocketxmol_kat6a_sma_atlas_ext,use,sbdd,,CN(C1=NC2=NC(N)=NC(=O)C2=N1)c1ccc(OP(=O)(O)O)c(OP(=O)(O)O)c1,,83.sdf,0,1.331076979637146,2.6164493560791016,10.968186378479004,17.874103546142578
pocketxmol_kat6a_sma_atlas_ext,use,sbdd,,,bad,84-bad.sdf,0,1.2581191062927246,2.4555916786193848,11.445208549499512,17.940595626831055
pocketxmol_kat6a_sma_atlas_ext,use,sbdd,,O=C(CN1CCc2nc3ccccc3n2CC1)Nc1cccc2ccccc12,,85.sdf,0,1.3996989727020264,2.665181398391724,11.437790870666504,17.8507080078125
pocketxmol_kat6a_sma_atlas_ext,use,sbdd,,NC1=NC(=O)C2=NC=[N+](C3CC(O)C(O)C(COP(=O)(O)OP(=O)(O)O)O3)C2=N1,,86.sdf,0,1.364579200744629,2.595320224761963,11.267630577087402,18.08888435363769
pocketxmol_kat6a_sma_atlas_ext,use,sbdd,,Cc1ccc(C(=Cc2c[nH]c3ccccc23)COP(=O)(O)OP(N)(=O)O)cc1,,87.sdf,0,1.3488575220108032,2.711147785186768,11.073904991149902,18.41057205200196
pocketxmol_kat6a_sma_atlas_ext,use,sbdd,,Cn1c(=O)[nH]c(=O)c2cc(CCOP(=O)(O)OP(=O)(O)c3c[nH+]c(N)cn3)cnc21,,88.sdf,0,1.4295320510864258,2.589660882949829,9.972883224487305,18.204326629638672
pocketxmol_kat6a_sma_atlas_ext,use,sbdd,,Nc1ncnc2c1ncn2C1OC(COP(=O)(O)OP(=O)(O)O)C(O)C1O,,89.sdf,0,1.3827608823776243,2.6238110065460205,11.902846336364746,18.317113876342773
pocketxmol_kat6a_sma_atlas_ext,use,sbdd,,O=P(O)(O)Oc1nc2ccccc2[nH+]c1C1=CC=CNc2ccccc21,,90.sdf,0,1.4353710412979126,2.680741548538208,11.081907272338867,17.685646057128906
pocketxmol_kat6a_sma_atlas_ext,use,sbdd,,Cc1ccc(C(OCn2cnc3c(=O)nc(N)[nH]c32)C(O)O[PH](O)(O)OP(=O)(O)O)cc1,,91.sdf,0,1.3507757186889648,2.712642192840576,11.007659912109377,18.21565818786621
pocketxmol_kat6a_sma_atlas_ext,use,sbdd,,C[n+]1c(N)nc2c(ncn2C2CC(OP(=O)(O)OP(=O)(O)O)C(c3ccc[nH+]c3)O2)c1O,,92.sdf,0,1.3679472208023071,2.455928325653076,10.373387336730955,17.768922805786133
pocketxmol_kat6a_sma_atlas_ext,use,sbdd,,,bad,93-bad.sdf,0,1.2774901390075684,2.4813425540924072,10.499728202819824,17.494131088256836
pocketxmol_kat6a_sma_atlas_ext,use,sbdd,,O=C(C1=Cc2cccc3cccc1c23)N(CCP(=O)(O)O)Cc1cccnc1,,94.sdf,0,1.3629666566848757,2.669832468032837,11.098419189453123,17.92487335205078
pocketxmol_kat6a_sma_atlas_ext,use,sbdd,,Nc1ncnc2c1NC=CN2CC1OC(COP(=O)(O)OOP(=O)(O)O)C1O,,95.sdf,0,1.146754503250122,2.3342318534851074,10.269421577453612,17.598007202148438
pocketxmol_kat6a_sma_atlas_ext,use,sbdd,,Nc1ncnc2c1ncn2C1OC(COP(=O)(O)OP(=O)(O)O)C(O)C1O,,96.sdf,0,1.3399368524551392,2.40366268157959,11.428442001342772,18.07363510131836
pocketxmol_kat6a_sma_atlas_ext,use,sbdd,,Nc1nc(=O)c2ncn(C3OC(COP4(=O)OP(=O)(O)OP(=O)(O)O4)C(O)C3O)c2[nH]1,,97.sdf,0,1.388507843017578,2.6280925273895264,11.778592109680176,18.584043502807617
pocketxmol_kat6a_sma_atlas_ext,use,sbdd,,Oc1cccc(C(ONc2ncccn2)c2c3ccccc3nc3ccccc23)c1,,98.sdf,0,1.4483261108398438,2.7174909114837646,11.026204109191896,18.43138694763184
pocketxmol_kat6a_sma_atlas_ext,use,sbdd,,COc1ccc(C(COP(=O)(O)O[PH](O)(O)O)c2ccc3c(=O)[nH]c(C)nc3c2)c[nH+]1,,99.sdf,0,1.428263545036316,2.7295143604278564,10.41074562072754,18.31077766418457
pocketxmol_kat6a_sma_atlas_ext,use,sbdd,,COc1ccc(CNC(=O)c2cc(-c3ccccc3)cnc2N)cc1,,100.sdf,0,1.4360127449035645,2.693498611450196,11.066697120666504,18.285362243652344
pocketxmol_kat6a_sma_atlas_ext,use,sbdd,,NC1=NC(=O)C2=Nc3c(OP(=O)(O)OP(=O)(O)O)cccc3C2=N1,,101.sdf,0,1.399265170097351,2.5535924434661865,10.460745811462402,17.460317611694336
pocketxmol_kat6a_sma_atlas_ext,use,sbdd,,Nc1ncnc2c1ncn2C1OCC(OP(=O)(O)OCCP(=O)(O)O)C1O,,102.sdf,0,1.1885604858398438,2.5117435455322266,11.472071647644045,18.13343048095703
pocketxmol_kat6a_sma_atlas_ext,use,sbdd,,,bad,103-bad.sdf,0,1.3737211227416992,2.4874770641326904,11.470609664916992,17.978025436401367
pocketxmol_kat6a_sma_atlas_ext,use,sbdd,,O=C(NCP(=O)(O)OP(=O)(O)O)C(Cc1cccc2ccccc12)c1ccccc1,,104.sdf,0,1.3912864923477173,2.7445528507232666,11.052728652954102,18.31995010375977
pocketxmol_kat6a_sma_atlas_ext,use,sbdd,,NC1=NC(=O)C2=NC=[N+](C3OC(C[PH](=O)OP(=O)(O)OP(=O)(O)S)C(O)C3O)C2=N1,,105.sdf,0,1.318031668663025,2.6377546787261963,10.99074363708496,18.235673904418945
pocketxmol_kat6a_sma_atlas_ext,use,sbdd,,O=P(O)(O)C(NCc1cc(-c2ccc(O)cc2)nc2ccccc12)[PH](O)(O)O,,106.sdf,0,1.441953420639038,2.824324369430542,11.104331016540527,18.38311195373535
pocketxmol_kat6a_sma_atlas_ext,use,sbdd,,Cc1cc2c(ccc3c2oc(=O)n3CCCc2ccccc2)c2cccnc12,,107.sdf,0,1.4243899583816528,2.652688503265381,9.283546447753906,17.598663330078125
pocketxmol_kat6a_sma_atlas_ext,use,sbdd,,O=P(O)(O)C(Cc1cnc2c3c(cccc13)C=C2)=Nc1ccc2ccccc2c1,,108.sdf,0,1.442553997039795,2.712663412094116,10.212180137634276,17.640422821044922
pocketxmol_kat6a_sma_atlas_ext,use,sbdd,,,bad,109-bad.sdf,0,1.3126624822616575,2.4693093299865723,10.62518310546875,17.859560012817383
pocketxmol_kat6a_sma_atlas_ext,use,sbdd,,Cc1ncc2c([nH]c(=O)n2C2CCC(OP(=O)(O)OP(=O)(O)O)CO2)c1N,,110.sdf,0,1.1770679950714111,2.421135425567627,9.700060844421388,17.429597854614258
pocketxmol_kat6a_sma_atlas_ext,use,sbdd,,Nc1nc(N)c2ncn(C3OC(C(O)COP(=O)(O)OP(=O)(O)O)C3O)cc1-2,,111.sdf,0,1.2466363906860352,2.314160823822021,10.914118766784668,17.699060440063477
pocketxmol_kat6a_sma_atlas_ext,use,sbdd,,Nc1nc(Nc2c[nH]cc2CP(=O)(O)O)c2c(=O)cc(C(=O)O)cc-2[nH]1,,112.sdf,0,1.3278214931488037,2.5684256553649902,9.272805213928224,17.94610023498535
pocketxmol_kat6a_sma_atlas_ext,use,sbdd,,Nc1nc(=O)c2ccc(OP(=O)(O)OP(=O)(O)OP(=O)(O)O)cc2[nH]1,,113.sdf,0,1.3833328485488892,2.5389223098754883,10.046764373779297,17.35125732421875
pocketxmol_kat6a_sma_atlas_ext,use,sbdd,,COc1cc2nc(COP(=O)(O)O)n(-c3ccc(F)cc3)c(=O)c2cc1C,,114.sdf,0,1.4745582342147827,2.7602672576904297,11.451990127563477,18.28710174560547
pocketxmol_kat6a_sma_atlas_ext,use,sbdd,,COc1ccc(NC(=O)C(NP(=O)(O)O)c2nnc3cccccc2-3)cc1,,115.sdf,0,1.303786277770996,2.6336898803710938,11.154542922973633,18.20180892944336
pocketxmol_kat6a_sma_atlas_ext,use,sbdd,,Nc1ncnc2c(CCC(CC(N)P(=O)(O)O)c3ccccc3)ncnc12,,116.sdf,0,1.3395190238952637,2.68388032913208,11.222945213317873,17.923967361450195
pocketxmol_kat6a_sma_atlas_ext,use,sbdd,,CC(C)Oc1cccc2cc(-c3ccccc3NC(C(=O)O)P(=O)(O)O)ccc12,,117.sdf,0,1.4280415773391724,2.7560160160064697,11.61448860168457,18.23992347717285
pocketxmol_kat6a_sma_atlas_ext,use,sbdd,,,bad,118-bad.sdf,0,1.3623814582824707,2.7001841068267822,10.32870101928711,18.10646629333496
pocketxmol_kat6a_sma_atlas_ext,use,sbdd,,O=[N+](O)c1cc(Oc2ccccc2)c2c3c1oc1cccc(c13)C(O)OC2OP(=O)(O)O,,119.sdf,0,1.345054268836975,2.5712685585021973,10.73650360107422,18.098676681518555
pocketxmol_kat6a_sma_atlas_ext,use,sbdd,,Nc1ncnc2c1NC=CN2C1OC(COP(=O)(O)OP(=O)(O)O)C(O)C1O,,120.sdf,0,1.4336320161819458,2.5763537883758545,11.218783378601074,18.223478317260746
pocketxmol_kat6a_sma_atlas_ext,use,sbdd,,,bad,121-bad.sdf,0,1.3017566204071045,2.60700798034668,10.906167984008787,17.84218978881836
pocketxmol_kat6a_sma_atlas_ext,use,sbdd,,O=[PH](=O)(O)OCC(NC1=CC=CNc2ccccc21)c1cccc(Cl)c1F,,122.sdf,0,1.339924931526184,2.4882071018218994,10.320704460144045,17.646320343017578
pocketxmol_kat6a_sma_atlas_ext,use,sbdd,,Nc1nc2c(ncn2C2CC(O)C(O)C(COP(=O)(O)OP(=O)(O)O)O2)c(=O)[nH]1,,123.sdf,0,1.3423963785171509,2.56496262550354,11.508524894714355,18.20288276672364
pocketxmol_kat6a_sma_atlas_ext,use,sbdd,,N=c1ncc2c(ncn2C(O)C(O)C(O)CCOP(=O)(O)O[PH](O)(O)O)[nH]1,,124.sdf,0,1.246291995048523,2.411299467086792,10.714750289916992,17.387296676635742
pocketxmol_kat6a_sma_atlas_ext,use,sbdd,,O=C1c2c3ccccc3cc3cccc(c23)CN1CCOP(=O)(O)O,,125.sdf,0,1.3050475120544434,2.45450496673584,9.334352493286133,17.13176727294922
pocketxmol_kat6a_sma_atlas_ext,use,sbdd,,O=P(O)(O)C(=Cc1ccc(Cl)cc1)CNc1nc2ccccc2c2ccccc12,,126.sdf,0,1.4343421459197998,2.826733589172364,11.712878227233888,18.41998291015625
pocketxmol_kat6a_sma_atlas_ext,use,sbdd,,CC1(COP(=O)(O)OP(=O)(O)O)OC(n2cnc3c2N=CNC(N)=N3)C1O,,127.sdf,0,1.2573806047439575,2.365818977355957,11.180126190185549,17.41251564025879
pocketxmol_kat6a_sma_atlas_ext,use,sbdd,,Nc1ncnc2c1ncn2C1OC(CC2OP(=O)(O)OP(=O)(O)O2)C(O)C1O,,128.sdf,0,1.3063769340515137,2.614053010940552,11.667387008666992,18.43621635437012
pocketxmol_kat6a_sma_atlas_ext,use,sbdd,,Cc1nnc2c(ncn2C(c2ccccc2)C(O)COP(=O)(O)O)c1C,,129.sdf,0,1.3521995544433594,2.6921803951263428,10.931842803955078,18.03315734863281
pocketxmol_kat6a_sma_atlas_ext,use,sbdd,,Cc1cc(=O)c2ccc(NC(=O)C3CC(P(=O)(O)O)OC3c3ccccc3)cc2o1,,130.sdf,0,1.3988120555877686,2.7337114810943604,10.819894790649414,18.62397766113281
pocketxmol_kat6a_sma_atlas_ext,use,sbdd,,Cc1c2c(=O)nc(N)nc-2[nH]c2cccc(CC3OCC3OP(=O)(O)O)c12,,131.sdf,0,1.3227043151855469,2.5058727264404297,10.555188179016112,17.357471466064453
pocketxmol_kat6a_sma_atlas_ext,use,sbdd,,Cc1ccc(-c2cnc3c(N)ncnc3c2CCOP(=O)(O)O[PH](=O)(=O)O)cc1,,132.sdf,0,1.4547247886657717,2.743880271911621,11.202425003051758,18.009178161621094
pocketxmol_kat6a_sma_atlas_ext,use,sbdd,,Nc1ncn(C2COC(COP(O)(O)(O)OP(=O)(O)O)C(O)C2O)c2ncnc1-2,,133.sdf,0,1.1709532737731934,2.196789264678955,10.449907302856444,17.2346248626709
pocketxmol_kat6a_sma_atlas_ext,use,sbdd,,Nc1nc2c(ncn2CC(COP(=O)(O)O)c2ccccc2F)c(=O)[nH]1,,134.sdf,0,1.363824725151062,2.654059886932373,11.468358993530272,18.000078201293945
pocketxmol_kat6a_sma_atlas_ext,use,sbdd,,,bad,135-bad.sdf,0,1.4048765897750854,2.560976266860962,10.524749755859377,17.832551956176758
pocketxmol_kat6a_sma_atlas_ext,use,sbdd,,NC1=NC(=O)C2=NC=[N+](C3OC(COP(=O)(O)OP(=O)(O)O)C(O)C3O)C2=N1,,136.sdf,0,1.3516250848770142,2.579871654510498,11.620508193969728,18.119190216064453
pocketxmol_kat6a_sma_atlas_ext,use,sbdd,,COc1ccc(NC(=O)C2C(P(=O)(O)O)Sc3nc(-c4noc(C)c4C)nn32)cc1,,137.sdf,0,1.357468843460083,2.6656713485717773,11.247140884399414,18.68696403503418
pocketxmol_kat6a_sma_atlas_ext,use,sbdd,,O=C(O)c1cccc(-c2c(P(=O)(O)O)cnn2Cc2ccc(F)cc2)c1,,138.sdf,0,1.4214363098144531,2.637657642364502,10.542994499206545,18.235206604003903
pocketxmol_kat6a_sma_atlas_ext,use,sbdd,,Nc1ncnc2c1NC=CN2CC1OC(COP(=O)(O)O)C1OP(=O)(O)O,,139.sdf,0,1.2611421346664429,2.375727653503418,11.151711463928224,17.75442123413086
pocketxmol_kat6a_sma_atlas_ext,use,sbdd,,Nc1ncnc2c1NC=CN2C1CC(O)C(CO[PH](O)(O)OP2(=O)OP(=O)(O)O2)O1,,140.sdf,0,1.2923909425735474,2.5234596729278564,10.9516019821167,18.12785720825196
pocketxmol_kat6a_sma_atlas_ext,use,sbdd,,Nc1ncnc2c1ncn2CC1OC(OP(=O)(O)OP(=O)(O)OP(=O)(O)O)C(O)C1O,,141.sdf,0,1.26851224899292,2.54967737197876,11.345673561096191,18.425498962402344
pocketxmol_kat6a_sma_atlas_ext,use,sbdd,,Nc1nc(N)c2ncn(CC(COP(=O)(O)O)c3ccccc3)c2n1,,142.sdf,0,1.4226336479187012,2.6857552528381348,11.698841094970703,17.909151077270508
pocketxmol_kat6a_sma_atlas_ext,use,sbdd,,Cc1ccc2c(c1C)c1ccccc1n2COP(=O)(O)O[PH](=O)(=O)O,,143.sdf,0,1.389639139175415,2.5434346199035645,9.36298370361328,17.213300704956055
pocketxmol_kat6a_sma_atlas_ext,use,sbdd,,CC1=C(C)C(F)=Cc2nc3c(nc2=C1)C(COP(=O)(O)OP(=O)(O)O)=CNC=3C,,144.sdf,0,1.419293999671936,2.676021814346313,10.078542709350586,17.55473518371582
pocketxmol_kat6a_sma_atlas_ext,use,sbdd,,Nc1nnc2c(ncn2C2OC(COP(=O)(O)OP(=O)(O)O)C(O)C2O)n1,,145.sdf,0,1.346349835395813,2.592219591140747,11.265711784362791,18.196632385253903
pocketxmol_kat6a_sma_atlas_ext,use,sbdd,,O=P(O)(O)CCC(c1ccc(Nc2ccc(F)cc2)c(O)c1)c1ccccn1,,146.sdf,0,1.4078261852264404,2.7485897541046143,10.37502098083496,18.835351943969727
pocketxmol_kat6a_sma_atlas_ext,use,sbdd,,Cc1ccc2ccc(C(=O)OCc3ccccc3COP(=O)(O)O)cc2n1,,147.sdf,0,1.352036714553833,2.708019495010376,11.114129066467283,18.421676635742188
pocketxmol_kat6a_sma_atlas_ext,use,sbdd,,CC1CC(OC(=O)COP(=O)(O)OP(=O)(O)O)N2C1=CNc1c(N)ncnc12,,148.sdf,0,1.3106133937835691,2.4376769065856934,9.749102592468262,17.603185653686523
pocketxmol_kat6a_sma_atlas_ext,use,sbdd,,Nc1ncnc2c1ncn2CC(C=COP(=O)(O)OCP(=O)(O)O)c1ccc(O)cc1,,149.sdf,0,1.327027440071106,2.670419216156006,11.291452407836914,18.328855514526367
pocketxmol_kat6a_sma_atlas_ext,use,sbdd,,Cc1ccc(C(OCCOP(=O)(O)O[PH](=O)(=O)O)n2cnc3c(N)ncnc32)cc1,,150.sdf,0,1.3412673473358154,2.6109650135040283,11.512189865112305,18.26081085205078
pocketxmol_kat6a_sma_atlas_ext,use,sbdd,,,bad,151-bad.sdf,0,1.248820185661316,2.4044628143310547,9.76260757446289,18.039968490600582
pocketxmol_kat6a_sma_atlas_ext,use,sbdd,,Nc1ncnc2c1ncn2C1OC(COP(=O)(O)OP(=O)(O)O)C(O)C1O,,152.sdf,0,1.362407684326172,2.589367389678955,11.685426712036133,18.230138778686523
pocketxmol_kat6a_sma_atlas_ext,use,sbdd,,,bad,153-bad.sdf,0,1.267989993095398,2.4081003665924072,10.873631477355955,18.107988357543945
pocketxmol_kat6a_sma_atlas_ext,use,sbdd,,Cc1ccc(C(=NCP(=O)(O)O)c2c(O)ccc3cc([N+](=O)O)ccc23)cc1,,154.sdf,0,1.4043793678283691,2.722588300704956,11.012611389160156,18.29080390930176
pocketxmol_kat6a_sma_atlas_ext,use,sbdd,,N=C1N=CN=C2C1=NC=[N+]2C(CCCOP(=O)(O)O)=C(O)Nc1cccc[nH+]1,,155.sdf,0,1.3787736892700195,2.709686040878296,10.83405303955078,18.259496688842773
pocketxmol_kat6a_sma_atlas_ext,use,sbdd,,O=C(Nc1[nH+]c2cccc(Nc3nnn[nH]3)c2c2ccccc12)c1ccc(F)cc1,,156.sdf,0,1.4921481609344482,2.7357118129730225,11.210598945617676,18.602313995361328
pocketxmol_kat6a_sma_atlas_ext,use,sbdd,,Cc1ncc(C(NCP(=O)(O)O)c2cccnc2)c(Nc2cccc(F)c2)n1,,157.sdf,0,1.3530462980270386,2.7439303398132324,11.09645652770996,18.84929847717285
pocketxmol_kat6a_sma_atlas_ext,use,sbdd,,,bad,158-bad.sdf,0,1.2053940296173096,2.3796498775482178,10.487163543701172,17.69621467590332
pocketxmol_kat6a_sma_atlas_ext,use,sbdd,,Nc1ncnc2c1ncn2C1COC(COP(=O)(O)OP(=O)(O)O)C(O)C1,,159.sdf,0,1.3140339851379397,2.535524368286133,11.525069236755373,17.792591094970703
pocketxmol_kat6a_sma_atlas_ext,use,sbdd,,Nc1ncnc2c(NC=C(O)C(O)C3OCC3COP(=O)(O)O)ncnc12,,160.sdf,0,1.2010682821273804,2.421769618988037,11.16718292236328,17.946523666381836
pocketxmol_kat6a_sma_atlas_ext,use,sbdd,,O=P(O)(OCC1OC([n+]2ncnc3nncnc32)C(O)C(O)C1O)O[PH](O)(O)O,,161.sdf,0,1.3300139904022217,2.6471939086914062,10.525546073913574,18.514434814453125
pocketxmol_kat6a_sma_atlas_ext,use,sbdd,,O=P(O)(O)OP(=O)(O)N=C1C(c2ccccc2)=Nc2ccc(-c3ccccc3)cc21,,162.sdf,0,1.3970613479614258,2.824591875076294,10.990277290344238,18.478668212890625
pocketxmol_kat6a_sma_atlas_ext,use,sbdd,,Nc1ncnc2c1cnc[n+]2C1CC(O)C(O)C(O[PH](=O)OP(=O)(O)OP(=O)(O)O)O1,,163.sdf,0,1.292918086051941,2.5065174102783203,10.660764694213867,17.612071990966797
pocketxmol_kat6a_sma_atlas_ext,use,sbdd,,Nc1ncnc2c1NN=CN2C1OC(COP(=O)(O)OP(=O)(O)O)CC(O)C1O,,164.sdf,0,1.4010447263717651,2.626872062683105,11.08107852935791,18.105037689208984
pocketxmol_kat6a_sma_atlas_ext,use,sbdd,,Nc1nc(=O)c(NC2OC(OP(=O)(O)OP(=O)(O)O)C(O)C2O)c(N)[nH]1,,165.sdf,0,1.2673794031143188,2.5156617164611816,11.211034774780272,17.95977783203125
pocketxmol_kat6a_sma_atlas_ext,use,sbdd,,Cc1ccc(OCc2c(CS(=O)(=O)O)n[nH]c2-c2ccccc2)c2[nH]ccc12,,166.sdf,0,1.3361575603485107,2.598503351211548,9.431447982788086,17.983951568603516
pocketxmol_kat6a_sma_atlas_ext,use,sbdd,,Nc1nc(=O)c2ncn(C3CC(O)C(O)C(OP(=O)(O)OP(=O)(O)O)O3)c2[nH]1,,167.sdf,0,1.3271102905273438,2.5598065853118896,11.484833717346191,18.0047607421875
pocketxmol_kat6a_sma_atlas_ext,use,sbdd,,O=C(Nc1cccc2ccccc12)c1ccccc1OCP(=O)(O)O,,168.sdf,0,1.3938913345336914,2.761643648147583,11.293792724609377,18.05180549621582
pocketxmol_kat6a_sma_atlas_ext,use,sbdd,,Cc1cccc2c1OC1=C3C(=NC=[N+]3C2COP(=O)(O)OP(=O)(O)O)C(=O)N=C1,,169.sdf,0,1.3400509357452393,2.494559526443481,10.675769805908203,17.65704345703125
pocketxmol_kat6a_sma_atlas_ext,use,sbdd,,O=C(O)CN1CCCCCCCc2cccc3ncc(cc23)C(c2ccccc2)C1=O,,170.sdf,0,1.3680590391159058,2.7221426963806152,11.034029960632324,19.18313217163086
pocketxmol_kat6a_sma_atlas_ext,use,sbdd,,CC1=NC(C2COC(OP(=O)(O)OP(=O)(O)O)C2)=C2NC=NC(N)=C2N=C1,,171.sdf,0,1.204544186592102,2.2119176387786865,9.196157455444336,16.847061157226562
pocketxmol_kat6a_sma_atlas_ext,use,sbdd,,Cc1ccc(Cc2[nH]c3c(=O)nc(N)[nH]c(=O)c3c2CC(OP(=O)(O)O)OP(=O)(O)O)cc1,,172.sdf,0,1.3231616020202637,2.609838962554932,10.548584938049316,18.19766616821289
pocketxmol_kat6a_sma_atlas_ext,use,sbdd,,CC1=C(N)N=CNc2c1ncn2C1OOC(COP(=O)(O)O)C1O,,173.sdf,0,1.2195676565170288,2.291232109069824,10.427899360656738,16.577699661254883
pocketxmol_kat6a_sma_atlas_ext,use,sbdd,,Cc1ccc(C(=O)NC(C)CCCC(=O)O)c2c3ccccc3n(C)c12,,174.sdf,0,1.3705590963363647,2.5995357036590576,10.398792266845703,17.870296478271484
pocketxmol_kat6a_sma_atlas_ext,use,sbdd,,Nc1ncnc2cc(CCc3ccccc3OP(=O)(O)OP(=O)(O)O)ccc12,,175.sdf,0,1.353122353553772,2.6010451316833496,10.406378746032717,17.924560546875
pocketxmol_kat6a_sma_atlas_ext,use,sbdd,,Nc1nc(=O)c2ncn(C3CC(O)C(O)C(OP(=O)(O)OP(=O)(O)O)O3)c2[nH]1,,176.sdf,0,1.2977728843688965,2.5550098419189453,11.533989906311035,18.182113647460938
pocketxmol_kat6a_sma_atlas_ext,use,sbdd,,Nc1nc(O)c2ncn(C3OC=C(COP(=O)(O)O[PH](=O)(=O)O)CC3O)c2n1,,177.sdf,0,1.287195324897766,2.4665467739105225,10.856803894042969,17.890291213989258
pocketxmol_kat6a_sma_atlas_ext,use,sbdd,,Nc1ncnc2c1ncn2C1OC(O[PH](O)(O)OP(=O)(O)O)C(O)C1O,,178.sdf,0,1.366523027420044,2.5495567321777344,11.377753257751465,18.0280704498291
pocketxmol_kat6a_sma_atlas_ext,use,sbdd,,,bad,179-bad.sdf,0,1.2181159257888794,2.286710023880005,10.206604957580566,17.505943298339844
pocketxmol_kat6a_sma_atlas_ext,use,sbdd,,Nc1ncnc2c1ncn2C1OC(COP(=O)(O)OP(=O)(O)O)C(O)C1O,,180.sdf,0,1.3324038982391355,2.5724451541900635,11.878371238708496,18.17218971252441
pocketxmol_kat6a_sma_atlas_ext,use,sbdd,,Cc1cc2c(cc1C)C(C(CO)COP(=O)(O)O)n1cnc3ncnc(c31)N2,,181.sdf,0,1.2931082248687744,2.450436353683472,10.460083961486816,17.618070602416992
pocketxmol_kat6a_sma_atlas_ext,use,sbdd,,O=C1N=CN=C2C1=NC=[N+]2C1CN(Cc2ccccc2)C(=O)C1COP(=O)(O)O,,182.sdf,0,1.334114670753479,2.72120213508606,11.770844459533691,18.64169692993164
pocketxmol_kat6a_sma_atlas_ext,use,sbdd,,Cc1ncc(NC(=O)c2cccc3nc4c5c(c(F)ccc5c23)CC4C(=O)O)cn1,,183.sdf,0,1.4063023328781128,2.391398429870605,9.646052360534668,17.713077545166016
pocketxmol_kat6a_sma_atlas_ext,use,sbdd,,Cc1n[n+](C)c2ncc3c(C(CCP(=O)(O)O)c4ccccc4)ncnc3n12,,184.sdf,0,1.4268742799758911,2.725537776947021,10.297454833984377,18.273759841918945
pocketxmol_kat6a_sma_atlas_ext,use,sbdd,,C=NC1C(OC2OC(n3ccc(=O)[nH]c3=O)C(O)C2OP(=O)(O)O)=[N+]=C(C)C1C,,185.sdf,0,1.2684203386306765,2.402327537536621,10.559815406799316,18.10818672180176
pocketxmol_kat6a_sma_atlas_ext,use,sbdd,,O=C(O)c1ccc2oc(=O)c(CCCc3ccccc3)c(O)c2c1,,186.sdf,0,1.4138127565383911,2.6315951347351074,10.73509693145752,17.830738067626953
pocketxmol_kat6a_sma_atlas_ext,use,sbdd,,Nc1ncnc2c1ncn2C1CC(O)C(OP(=O)(O)OP(=O)(O)O)O1,,187.sdf,0,1.302707314491272,2.555539608001709,11.417171478271484,17.775028228759766
pocketxmol_kat6a_sma_atlas_ext,use,sbdd,,Nc1nc(=O)c2cn(C3OCCC(O)C3O)cc2[nH]1.O=P(O)(O)OP(=O)(O)O,incomp,188-incomp.sdf,0,1.265844225883484,2.483949422836304,10.37758445739746,17.64695167541504
pocketxmol_kat6a_sma_atlas_ext,use,sbdd,,O=P(O)(O)CCc1c[nH]c2c1-c1cc3cc4cccc5cccc(c3cc1=CC=C2)c54,,189.sdf,0,1.3333344459533691,2.5613579750061035,9.7197265625,17.166467666625977
pocketxmol_kat6a_sma_atlas_ext,use,sbdd,,,bad,190-bad.sdf,0,1.3434569835662842,2.522757768630981,10.48934555053711,18.01691627502441
pocketxmol_kat6a_sma_atlas_ext,use,sbdd,,,bad,191-bad.sdf,0,1.2326722145080566,2.2962076663970947,10.24177074432373,17.59407615661621
pocketxmol_kat6a_sma_atlas_ext,use,sbdd,,N=c1ccc2c3[nH]c(-c4ccccc4)nn4c-3c([nH]oc-2c1)[n+](=O)[n+]1cccnc41,,192.sdf,0,1.4119045734405518,2.7627437114715576,9.264301300048828,17.657312393188477
pocketxmol_kat6a_sma_atlas_ext,use,sbdd,,O=P(O)(O)CC1COc2c(ccc3ccccc23)N1Cc1cccc(F)c1,,193.sdf,0,1.4050439596176147,2.79317307472229,11.822343826293944,18.45418167114257
pocketxmol_kat6a_sma_atlas_ext,use,sbdd,,O=S(=O)(Nc1cccc[nH+]1)c1cc(O)c2c(c1)=C[N+]1=CC=CC=CC1=CN=2,,194.sdf,0,1.3424056768417358,2.509098768234253,9.779461860656738,17.334978103637695
pocketxmol_kat6a_sma_atlas_ext,use,sbdd,,CC1CCCCN1c1nc(Nc2ccccc2COP(=O)(O)O)c2c(=O)n(C)cnc2n1,,195.sdf,0,1.430059552192688,2.5405468940734863,10.605172157287598,18.118223190307617
pocketxmol_kat6a_sma_atlas_ext,use,sbdd,,Cc1ccc(Nc2c(P(=O)(O)OP(=O)(O)O)cnc3ncccc23)cc1C,,196.sdf,0,1.349305272102356,2.637247323989868,10.071290969848633,17.819896697998047
pocketxmol_kat6a_sma_atlas_ext,use,sbdd,,Cc1nn2c(P(=O)(O)O)c(-c3ccccc3)[nH]c2c1-c1c[nH]c2ccccc12,,197.sdf,0,1.3864436149597168,2.716888904571533,11.328062057495115,17.914379119873047
pocketxmol_kat6a_sma_atlas_ext,use,sbdd,,O=C(NC(C(=O)OP(=O)(O)O)c1ccccc1)c1cccc2ccccc12,,198.sdf,0,1.419399976730347,2.7199819087982178,11.229291915893556,18.09637451171875
pocketxmol_kat6a_sma_atlas_ext,use,sbdd,,O=C1N=C2C(C(=O)NCCc3ccccc3)=CC(c3ccc(F)cc3)=C2C(=O)N1,,199.sdf,0,1.4329400062561035,2.584263324737549,10.368040084838867,18.25064849853516
pocketxmol_kat6a_sma_atlas_ext,use,sbdd,,Cc1cccc(OC(COP(=O)(O)OP(=O)(O)O)c2nc[nH]c3ncnc2-3)c1,,200.sdf,0,1.3463855981826782,2.6778335571289062,10.985344886779783,18.29340171813965
pocketxmol_kat6a_sma_atlas_ext,use,sbdd,,,bad,201-bad.sdf,0,1.426314353942871,2.632093667984009,10.584660530090332,17.655792236328125
pocketxmol_kat6a_sma_atlas_ext,use,sbdd,,Nc1nc2n(C3CCC(COP(=O)(O)O[PH](=O)(=O)O)O3)ccnc-2c(=O)n1,,202.sdf,0,1.3153491020202637,2.4590957164764404,10.452410697937012,17.702476501464844
pocketxmol_kat6a_sma_atlas_ext,use,sbdd,,Nc1ccc(C(CCOP(=O)(O)O)Nn2nc3cccc4c3c2N=CN=C4O)cc1,,203.sdf,0,1.3782174587249756,2.6636669635772705,9.584100723266602,17.93439292907715
pocketxmol_kat6a_sma_atlas_ext,use,sbdd,,O=C(O)c1cccc(C(c2ccc(O)c(O)c2)N2COC(COP(=O)(O)O)C2)c1,,204.sdf,0,1.339396357536316,2.5777475833892822,10.735923767089844,18.41670799255371
pocketxmol_kat6a_sma_atlas_ext,use,sbdd,,,bad,205-bad.sdf,0,1.319988250732422,2.5557801723480225,9.78294277191162,17.844234466552734
pocketxmol_kat6a_sma_atlas_ext,use,sbdd,,Nc1nc(=O)c2ncn(C3OC(OP(=O)(O)OP(=O)(O)OP(=O)(O)O)C3O)c2[nH]1,,206.sdf,0,1.25774884223938,2.4011387825012207,11.020759582519531,18.0445556640625
pocketxmol_kat6a_sma_atlas_ext,use,sbdd,,C[n+]1cnc2c(ncn2C2OC2C(O)COP(=O)(O)OOP(=O)(O)O)c1N,,207.sdf,0,1.1747498512268066,2.299290180206299,10.464062690734863,17.512088775634766
pocketxmol_kat6a_sma_atlas_ext,use,sbdd,,Nc1nc(=O)c2ncn(CC(O)C(O)COP(=O)(O)OP(=O)(O)OP(=O)(O)O)c2[nH]1,,208.sdf,0,1.3121410608291626,2.627434730529785,11.256148338317873,18.11426544189453
pocketxmol_kat6a_sma_atlas_ext,use,sbdd,,NC1=Nc2nc(N)nnc2N(C2OC(COP(=O)(O)O)C(O)C2O)C=N1,,209.sdf,0,1.324914574623108,2.5168375968933105,10.959778785705566,17.89230728149414
pocketxmol_kat6a_sma_atlas_ext,use,sbdd,,CC(C)(COP(=O)(O)O)C(O)C[n+]1cnc(C#N)c2nc3ccccc3cc21,,210.sdf,0,1.3548260927200315,2.586524486541748,11.020739555358888,17.715354919433594
pocketxmol_kat6a_sma_atlas_ext,use,sbdd,,Cc1ccc(C(Cc2ncnc3c(N)ncnc23)OP(=O)(O)O[PH](=O)(=O)O)cc1,,211.sdf,0,1.3775769472122192,2.619667291641236,11.566298484802246,18.169937133789062
pocketxmol_kat6a_sma_atlas_ext,use,sbdd,,Nc1ncnc2c1ncn2C1OC(COP(=O)(O)OP(N)(=O)OP(=O)(O)O)C(O)C1O,,212.sdf,0,1.3829056024551392,2.625216722488404,11.44577407836914,18.621023178100582
pocketxmol_kat6a_sma_atlas_ext,use,sbdd,,Nc1ncnc2c[n+](C3OCC(COP(=O)(O)OP(=O)(O)O)C3O)cnc12,,213.sdf,0,1.333694577217102,2.5418269634246826,11.251967430114746,17.960481643676758
pocketxmol_kat6a_sma_atlas_ext,use,sbdd,,O=C(c1cccc2ccccc12)N(CCP(=O)(O)O)c1ccc(F)cc1,,214.sdf,0,1.4331386089324951,2.734649181365967,11.497391700744627,18.324047088623047
pocketxmol_kat6a_sma_atlas_ext,use,sbdd,,Nc1ncnc2c1ncn2C1CC(OP(=O)(O)OP(=O)(O)O)CO1,,215.sdf,0,1.2185359001159668,2.411005735397339,10.540328025817873,17.024982452392578
pocketxmol_kat6a_sma_atlas_ext,use,sbdd,,CC(Cc1ccccc1)(C(=O)O)C(=O)Nc1cccc2c(N)cccc12,,216.sdf,0,1.3976638317108154,2.7287344932556152,10.719765663146973,18.23704719543457
pocketxmol_kat6a_sma_atlas_ext,use,sbdd,,,bad,217-bad.sdf,0,1.3297576904296875,2.4974141120910645,10.015357971191406,17.41929817199707
pocketxmol_kat6a_sma_atlas_ext,use,sbdd,,O=P(O)(O)C1=CNC2=C3C(=CC=c4ccccc4=C3CCC1)c1ccccc1N2,,218.sdf,0,1.295557975769043,2.505825519561768,10.488898277282717,17.561176300048828
pocketxmol_kat6a_sma_atlas_ext,use,sbdd,,Cc1cnc2c(CCNP(=O)(O)OP(=O)(O)O)ccc3c2c1C=CN3C,,219.sdf,0,1.337203025817871,2.577314615249634,8.65860366821289,16.954923629760742
pocketxmol_kat6a_sma_atlas_ext,use,sbdd,,,bad,220-bad.sdf,0,1.2989604473114014,2.543707132339477,9.976280212402344,17.332338333129883
pocketxmol_kat6a_sma_atlas_ext,use,sbdd,,,bad,221-bad.sdf,0,1.327883005142212,2.485922574996948,9.27411937713623,17.116392135620117
pocketxmol_kat6a_sma_atlas_ext,use,sbdd,,O=P(O)(O)OP(=O)(O)OCC1OC([n+]2cccc3cncnc32)CC1O,,222.sdf,0,1.278076171875,2.4342427253723145,10.31312656402588,17.470325469970703
pocketxmol_kat6a_sma_atlas_ext,use,sbdd,,Cc1nc2nc(N(CCOP(=O)(O)O)C(=O)Cc3ccnc(N)c3)oc2nc1C,,223.sdf,0,1.3821961879730225,2.714539289474488,10.06178092956543,18.50384330749512
pocketxmol_kat6a_sma_atlas_ext,use,sbdd,,Nc1ncnc2c1ncn2C1OC1C(COP(=O)(O)O)OP(=O)(O)O,,224.sdf,0,1.264496922492981,2.331789493560791,11.03321647644043,17.273231506347656
pocketxmol_kat6a_sma_atlas_ext,use,sbdd,,Nc1ncnc2c1ncn2C1OC(COP(=O)(O)OP(=O)(O)O)C(O)C1O,,225.sdf,0,1.288990139961243,2.5688235759735107,11.59809398651123,18.17779922485352
pocketxmol_kat6a_sma_atlas_ext,use,sbdd,,,bad,226-bad.sdf,0,1.375044345855713,2.6132845878601074,10.849580764770508,17.784629821777344
pocketxmol_kat6a_sma_atlas_ext,use,sbdd,,O=P(O)(O)C(Cc1cnc2ncccc2c1O)c1ccc(Cl)cc1,,227.sdf,0,1.3820630311965942,2.698259353637696,11.224913597106934,17.925989151000977
pocketxmol_kat6a_sma_atlas_ext,use,sbdd,,Nc1ncnc2c1nc1n2OC(C(COP(=O)(O)O)COP(=O)(O)O)C(O)C1O,,228.sdf,0,1.2869197130203247,2.515031337738037,11.341360092163086,18.096176147460938
pocketxmol_kat6a_sma_atlas_ext,use,sbdd,,Cc1ccc2c3c(=O)[nH]c(=O)c=3[nH]c(COP(=O)(O)OP(=O)(O)O)cc2c1,,229.sdf,0,1.3566073179244995,2.617316722869873,10.809764862060549,18.098827362060547
pocketxmol_kat6a_sma_atlas_ext,use,sbdd,,O=P(O)(O)CC(Cc1cccc(O)c1)Nc1cc2ccccc2c2ccccc12,,230.sdf,0,1.4618349075317385,2.795377492904663,11.54577350616455,18.131467819213867
pocketxmol_kat6a_sma_atlas_ext,use,sbdd,,Nc1ncnc2c1ncn2C1OC(CO[PH](O)(O)O[PH](O)(O)O)C(O)C1O,,231.sdf,0,1.4119094610214231,2.604421377182007,11.853163719177246,18.221031188964844
pocketxmol_kat6a_sma_atlas_ext,use,sbdd,,NC1=NC(=O)C2=NC=[N+](C3OC(CO[PH](O)(O)OP(=O)(O)O)C(O)C3O)C2=N1,,232.sdf,0,1.363612174987793,2.602136611938477,11.409172058105469,18.24845123291016
pocketxmol_kat6a_sma_atlas_ext,use,sbdd,,Nc1ncnc2c1N=CNN2C1CC(CP(=O)(O)O)CC(O)(c2ccccc2)C1,,233.sdf,0,1.3637025356292725,2.633591413497925,10.660229682922363,17.95682144165039
pocketxmol_kat6a_sma_atlas_ext,use,sbdd,,O=C(CP(=O)(O)O)N(Cc1ccc(F)cc1)c1ccnc2ccccc12,,234.sdf,0,1.4454230070114136,2.744988918304444,11.571900367736816,18.34042930603028
pocketxmol_kat6a_sma_atlas_ext,use,sbdd,,Nc1ncnc2c1NC(CC(COP(=O)(O)O)c1ccccc1)=C(O)N2c1ccccc1,,235.sdf,0,1.409893035888672,2.743533134460449,11.628512382507324,18.53736114501953
pocketxmol_kat6a_sma_atlas_ext,use,sbdd,,Cc1nc2c3c(ccc2n1C)C(NNCC(=O)OP(=O)(O)O)CC(C(=O)O)=C3,,236.sdf,0,1.324854850769043,2.496716260910034,8.947918891906738,17.888046264648438
pocketxmol_kat6a_sma_atlas_ext,use,sbdd,,Cc1nccc(N(CCCOP(=O)(O)OP(=O)(O)O)c2ccc(O)c(C)c2)n1,,237.sdf,0,1.3340755701065063,2.5965704917907715,9.711586952209473,17.54022789001465
pocketxmol_kat6a_sma_atlas_ext,use,sbdd,,CC(C)(C)N1C=CN(CC(=O)NCc2ccc(O)cc2)C(=O)c2ccccc2C1=O,,238.sdf,0,1.324042558670044,2.387795925140381,10.107404708862305,18.320507049560547
pocketxmol_kat6a_sma_atlas_ext,use,sbdd,,CC1(C(O)OP(=O)(O)O)CCC(C(=O)n2cnc3c(N)ncnc32)O1,,239.sdf,0,1.3038891553878784,2.4969754219055176,11.083418846130373,17.40168571472168
pocketxmol_kat6a_sma_atlas_ext,use,sbdd,,NC1=C2N=CN(C3OC(OP(=O)(O)OOP(=O)(O)O)C(O)C3O)C=C2NC=N1,,240.sdf,0,1.2697879076004028,2.5431370735168457,10.879140853881836,17.931331634521484
pocketxmol_kat6a_sma_atlas_ext,use,sbdd,,COc1ccc2c(c1)c1c3c(ncc1n2C(=O)c1ccccc1O[PH](=O)(=O)O)C=CC3,,241.sdf,0,1.3963804244995115,2.5414347648620605,10.76037883758545,17.92902374267578
pocketxmol_kat6a_sma_atlas_ext,use,sbdd,,,bad,242-bad.sdf,0,1.250278115272522,2.4129421710968018,10.045171737670898,16.62425422668457
pocketxmol_kat6a_sma_atlas_ext,use,sbdd,,Cc1ccc(C(OP(=O)(O)COP(=O)(O)O)c2cnc3c(c2)C(=O)NC3=O)cc1,,243.sdf,0,1.3806403875350952,2.709869146347046,11.306450843811035,18.550212860107425
pocketxmol_kat6a_sma_atlas_ext,use,sbdd,,Nc1ncnc2c1ncn2C1OC(OP(=O)(O)O[PH](O)(O)O[PH](O)(O)O)C(O)C1O,,244.sdf,0,1.3188433647155762,2.5962014198303223,11.313935279846191,18.07413482666016
pocketxmol_kat6a_sma_atlas_ext,use,sbdd,,Cc1ccc(C(COP(=O)(O)OP(=O)(O)O)n2cnc3c(=N)nc(N)[nH]c32)cc1,,245.sdf,0,1.4452613592147827,2.764244079589844,11.45008945465088,18.229795455932617
pocketxmol_kat6a_sma_atlas_ext,use,sbdd,,Cc1ccc(CN(COP(=O)(O)OP(=O)(O)O)C(=O)c2c[nH]c3c2C(=O)NC3=O)cc1,,246.sdf,0,1.3388439416885376,2.728056669235229,10.601771354675291,18.38637924194336
pocketxmol_kat6a_sma_atlas_ext,use,sbdd,,NC1=NC(=O)C2=CN(C3OCC(OP(=O)(O)OP(=O)(O)O)C3O)C2=N1,,247.sdf,0,1.235187530517578,2.3329169750213623,10.980142593383787,17.62405014038086
pocketxmol_kat6a_sma_atlas_ext,use,sbdd,,Nc1ncnc2c1ncn2C1OC(COP(=O)(O)O)C(OP(=O)(O)O)C(O)C1O,,248.sdf,0,1.3184036016464231,2.5753612518310547,11.810439109802246,18.313438415527344
pocketxmol_kat6a_sma_atlas_ext,use,sbdd,,NC1=NC(=O)C2=NC3=[N+](C2=N1)C(O)CC(COP(=O)(O)OP(=O)(O)O)O3,,249.sdf,0,1.2625139951705933,2.457294225692749,11.039318084716797,17.717769622802734
pocketxmol_kat6a_sma_atlas_ext,use,sbdd,,Nc1ncnc2c1ncc[n+]2C1CC(O)C(COP(=O)(O)OCOP(=O)(O)O)O1,,250.sdf,0,1.338167667388916,2.36262583732605,10.850874900817873,18.009981155395508
pocketxmol_kat6a_sma_atlas_ext,use,sbdd,,Nc1ncnc2c1ncn2C(=O)C1OC(OP(=O)(O)COP(=O)(O)O)C(O)C1O,,251.sdf,0,1.2868587970733645,2.537459373474121,11.544122695922852,18.19215202331543
pocketxmol_kat6a_sma_atlas_ext,use,sbdd,,Nc1ncnc2c1ncn2C1CC2OOC(COP(=O)(O)OP(=O)(O)O)C2O1,,252.sdf,0,1.328388810157776,2.428922653198242,10.854926109313965,17.736225128173828
pocketxmol_kat6a_sma_atlas_ext,use,sbdd,,COc1ccc2c(c1)[NH+]=CN1N=C(c3ccccc3)C3=CN=C(O)NC3=C21,,253.sdf,0,1.5045849084854126,2.752877950668335,10.974370002746582,17.983436584472656
pocketxmol_kat6a_sma_atlas_ext,use,sbdd,,O=c1c2c3c(nc4cccc(c42)c2cc([N+](=O)O)ccn12)N=C(c1ccccc1)C=3,,254.sdf,0,1.5458601713180542,2.655303478240967,9.465929985046388,17.66791534423828
pocketxmol_kat6a_sma_atlas_ext,use,sbdd,,Cc1cc(C)c2cc3nnc(C(O[PH](=O)(=O)O)c4ccc(F)cc4)n3cc2n1,,255.sdf,0,1.443209886550903,2.6830737590789795,10.46595287322998,18.16567039489746
pocketxmol_kat6a_sma_atlas_ext,use,sbdd,,,bad,256-bad.sdf,0,1.176682949066162,2.3407504558563232,10.745869636535645,17.503416061401367
pocketxmol_kat6a_sma_atlas_ext,use,sbdd,,NC1=NC(=O)N=CN(C2OC(OP(=O)(O)OP(=O)(O)O)C(O)C2O)C=N1,,257.sdf,0,1.2825393676757812,2.4920313358306885,11.077134132385254,17.907543182373047
pocketxmol_kat6a_sma_atlas_ext,use,sbdd,,N=c1c(N)n[nH]c2c1ncn2C1OC(COP(=O)(O)O[PH](=O)(=O)O)C(O)C1O,,258.sdf,0,1.37566339969635,2.6724612712860107,11.137972831726074,18.48298454284668
pocketxmol_kat6a_sma_atlas_ext,use,sbdd,,CC(OP(=O)(O)OP(=O)(O)O)C(O)C1OC1N1C=C2C(=O)NC(=O)N=C21,,259.sdf,0,1.1390115022659302,2.272010326385498,10.492238998413086,17.136362075805664
pocketxmol_kat6a_sma_atlas_ext,use,sbdd,,Nc1nc2c(ncn2C2CC(O)C(COP(=O)(O)OP(=O)(O)O)O2)c(=O)[nH]1,,260.sdf,0,1.338353157043457,2.502192497253418,11.42597198486328,17.964216232299805
pocketxmol_kat6a_sma_atlas_ext,use,sbdd,,CC(=O)Nc1cccc2nc3c(Cc4ccccc4)c(CCP(=O)(O)O)nn3c2c1,,261.sdf,0,1.355676293373108,2.671103477478028,11.101963996887209,18.197254180908203
pocketxmol_kat6a_sma_atlas_ext,use,sbdd,,O=P(O)(O)OP(=O)(O)NC(Cc1[nH]c(-c2ccccc2)c2ccccc12)c1ccccc1,,262.sdf,0,1.4365969896316528,2.830852508544922,10.579442977905272,18.677461624145508
pocketxmol_kat6a_sma_atlas_ext,use,sbdd,,Nc1ncnc2c1ncn2C1OC1C(O)COP(=O)(O)OP(=O)(O)O,,263.sdf,0,1.259207248687744,2.2724013328552246,11.13638401031494,17.406341552734375
pocketxmol_kat6a_sma_atlas_ext,use,sbdd,,Nc1ncnc2c1ncn2C1CC(O)C(OP(=O)(O)OP(=O)(O)O)O1,,264.sdf,0,1.2417819499969482,2.4163923263549805,11.249667167663574,17.787540435791016
pocketxmol_kat6a_sma_atlas_ext,use,sbdd,,Cc1cc(C(CCOP(=O)(O)OP(=O)(O)O)c2ccccc2)cn(C)c1=O,,265.sdf,0,1.3115713596343994,2.56343674659729,9.924680709838867,17.603055953979492
pocketxmol_kat6a_sma_atlas_ext,use,sbdd,,O=C(O)C1Cc2cc(-c3ccc(F)cc3)ccc2[NH+]1Cc1ccc2[nH]cnc2c1,,266.sdf,0,1.4253158569335938,2.845036268234253,12.152620315551758,18.698442459106445
pocketxmol_kat6a_sma_atlas_ext,use,sbdd,,O=C(O)c1ccc2c(OC(CCP(=O)(O)O)c3ccc(Cl)cc3)c3sccc3nc2c1,,267.sdf,0,1.404208064079285,2.582725048065185,10.470667839050291,18.389663696289062
pocketxmol_kat6a_sma_atlas_ext,use,sbdd,,O=P(O)(O)Cc1cc2[nH]c3ccccc3c2nc1CCc1cccc(Cl)c1,,268.sdf,0,1.4299309253692627,2.7919676303863525,10.95399284362793,18.30670738220215
pocketxmol_kat6a_sma_atlas_ext,use,sbdd,,Cc1cc(C)cc(Cn2c(=O)n(C(C)CP(=O)(O)O)c3ccc4cc(C)ccc4c32)c1,,269.sdf,0,1.4181959629058838,2.7304718494415283,10.460946083068848,18.152681350708008
pocketxmol_kat6a_sma_atlas_ext,use,sbdd,,Nc1ncn(C2OC(COP(=O)(O)OP(=O)(O)O)C(OP(=O)(O)O)C2O)c2ncnc1-2,,270.sdf,0,1.3164607286453247,2.467945337295532,11.357051849365234,18.332359313964844
pocketxmol_kat6a_sma_atlas_ext,use,sbdd,,NC(=O)c1c(Nc2ccccc2)ncnc2nc(N3CCCC3)nc1-2,,271.sdf,0,1.3434841632843018,2.5814523696899414,10.323590278625488,17.562395095825195
pocketxmol_kat6a_sma_atlas_ext,use,sbdd,,Nc1ncnc2c1ncn2C1OC(CCOP(=O)(O)OP(=O)(O)O)C(O)C1O,,272.sdf,0,1.329024076461792,2.517038106918335,11.274592399597168,17.67371940612793
pocketxmol_kat6a_sma_atlas_ext,use,sbdd,,Nc1ncnc2c1ncn2C1OC(OP(=O)(O)OP(=O)(O)O)C(O)C1O,,273.sdf,0,1.3168262243270874,2.605034112930298,11.677579879760742,18.01681900024414
pocketxmol_kat6a_sma_atlas_ext,use,sbdd,,COC1=C(O)C=CC2=Nc3c(cc(P(=O)(O)O)nc3-c3ccc(F)cc3)NC2=C1,,274.sdf,0,1.4384154081344604,2.701925039291382,11.113494873046877,18.08466911315918
pocketxmol_kat6a_sma_atlas_ext,use,sbdd,,Nc1nc2c(ncn2C2CC(O)C(COP(=O)(O)OP(=O)(O)O)O2)c(=O)[nH]1,,275.sdf,0,1.3362902402877808,2.6004674434661865,11.660138130187988,17.951099395751953
pocketxmol_kat6a_sma_atlas_ext,use,sbdd,,CC(=O)n1c(SCc2ccccc2)nc2cc3c(O)ncc(S(C)(=O)=O)c3cc21,,276.sdf,0,1.4605876207351685,2.687176465988159,10.317272186279297,18.18721580505371
pocketxmol_kat6a_sma_atlas_ext,use,sbdd,,C=c1nc2ccc3c(C)cc4c(c3c2c(=O)[nH]1)=[NH+]C(COP(=O)(O)O)=N4,,277.sdf,0,1.3596999645233154,2.47255802154541,9.150275230407717,17.02439308166504
pocketxmol_kat6a_sma_atlas_ext,use,sbdd,,Nc1nc(=O)c2ncc(F)c(CC(CP(=O)(O)O)O[PH](O)(O)O)c2[nH]1,,278.sdf,0,1.316490650177002,2.542330980300904,10.14919662475586,17.079587936401367
pocketxmol_kat6a_sma_atlas_ext,use,sbdd,,NC1=NC(=O)C2=NC=[N+](C(O)C3OC(COP(=O)(O)OP(=O)(O)O)C(=O)C3O)C2=N1,,279.sdf,0,1.332080364227295,2.562668561935425,11.448347091674805,18.374217987060547
pocketxmol_kat6a_sma_atlas_ext,use,sbdd,,C[n+]1cc(CC(O)C(O)CCOP(=O)(O)O)c(O)c2ncnc(N)c21,,280.sdf,0,1.2990350723266602,2.5068461894989014,10.166299819946287,17.261192321777344
pocketxmol_kat6a_sma_atlas_ext,use,sbdd,,,bad,281-bad.sdf,0,1.3021992444992063,2.7279839515686035,10.950994491577148,18.38519859313965
pocketxmol_kat6a_sma_atlas_ext,use,sbdd,,Nc1nnc2c(C3OC(C(COP(=O)(O)O)OP(=O)(O)O)C3O)[nH]cnc1-2,,282.sdf,0,1.1706302165985107,2.2379238605499268,10.463233947753906,17.477333068847656
pocketxmol_kat6a_sma_atlas_ext,use,sbdd,,Nc1[nH]nc2c1ncn2C1OC(O[PH](O)(O)OP(=O)(O)O[PH](O)(O)O)C(O)C1O,,283.sdf,0,1.3268932104110718,2.497107744216919,10.695870399475098,17.970409393310547
pocketxmol_kat6a_sma_atlas_ext,use,sbdd,,Nc1ncnc2c1nc1n2CCN(CCOP(=O)=O)C(C(=O)O)O1,,284.sdf,0,1.2212790250778198,2.551564216613769,10.207351684570312,17.351856231689453
pocketxmol_kat6a_sma_atlas_ext,use,sbdd,,NC1=NC(=O)c2c[n+](C3OC(COP(=O)(O)OP(=O)(O)O)C(O)C3O)cnc21,,285.sdf,0,1.3461074829101562,2.5706615447998047,11.336451530456545,18.09904861450196
pocketxmol_kat6a_sma_atlas_ext,use,sbdd,,Cc1ccc2cc3c(NCC(O)C(O)CCOP(=O)(O)O)ncnc3nc2c1,,286.sdf,0,1.357336163520813,2.632652997970581,10.927553176879885,17.948030471801758
pocketxmol_kat6a_sma_atlas_ext,use,sbdd,,Cc1cn(C2CCC(OP(=O)(O)O)C(COP(=O)(O)O)O2)c2c1C(=O)N=N2,,287.sdf,0,1.1485692262649536,2.225156784057617,9.111879348754885,16.970294952392578
pocketxmol_kat6a_sma_atlas_ext,use,sbdd,,CN1C(=O)C2=NC=C(C(O)C(O)COP(=O)(O)O[PH](=O)(=O)O)C3NC=[N+]=C1C23,,288.sdf,0,1.2187381982803345,2.231313467025757,9.8329496383667,16.669536590576172
pocketxmol_kat6a_sma_atlas_ext,use,sbdd,,O=c1c2ccncc2c2ccccc2n1C=C(O)Nc1ccccc1,,289.sdf,0,1.4658290147781372,2.6376023292541504,10.553915023803713,17.472623825073242
pocketxmol_kat6a_sma_atlas_ext,use,sbdd,,Nc1ncnc2c1NC=CN2C(c1ccccc1)C(O)C(O)COP(=O)(O)O,,290.sdf,0,1.361901044845581,2.6358604431152344,11.68887996673584,18.20647621154785
pocketxmol_kat6a_sma_atlas_ext,use,sbdd,,Nc1ncnc2c1ncc[n+]2C1OC(COP(=O)(O)O)C1CO[PH](O)(O)OP(=O)(O)O,,291.sdf,0,1.353905439376831,2.6348953247070312,11.099173545837402,18.39306831359864
pocketxmol_kat6a_sma_atlas_ext,use,sbdd,,COc1ccc(-c2cc(-c3ccc4ccccc4c3)nc(S(=O)(=O)O)n2)cc1,,292.sdf,0,1.5519143342971802,2.895123243331909,11.867449760437012,18.536556243896484
pocketxmol_kat6a_sma_atlas_ext,use,sbdd,,Cc1cccc2c1Nc1c(cnc(C)c1C)C2CO[PH](O)(O)OP(=O)(O)O,,293.sdf,0,1.3592214584350586,2.643550395965576,10.23209285736084,17.752426147460938
pocketxmol_kat6a_sma_atlas_ext,use,sbdd,,O=C1N=C(Cc2ccc(F)cc2)[NH+]=C2C1=[N+](C(=O)c1ccco1)c1ccccc12,,294.sdf,0,1.3920693397521973,2.555641889572144,10.813321113586426,18.013212203979492
pocketxmol_kat6a_sma_atlas_ext,use,sbdd,,,bad,295-bad.sdf,0,1.4241160154342651,2.647812366485596,10.28680419921875,17.748313903808594
pocketxmol_kat6a_sma_atlas_ext,use,sbdd,,O=[N+](O)c1ccc(OC(COP(=O)(O)O)c2ccccc2)c2ccccc12,,296.sdf,0,1.4249142408370972,2.690878868103028,11.380681037902832,18.1722469329834
pocketxmol_kat6a_sma_atlas_ext,use,sbdd,,Cc1cccc(C(COP(=O)(O)OP(=O)(O)O)c2c[nH]c(N)c3ncnc2-3)c1,,297.sdf,0,1.3302969932556152,2.642055988311768,10.687612533569336,17.96378517150879
pocketxmol_kat6a_sma_atlas_ext,use,sbdd,,Nc1ncnc2c1ncn2CC(COP(=O)(O)O[PH](O)(O)O)c1ccccc1,,298.sdf,0,1.4048022031784058,2.7583277225494385,11.741177558898926,18.21883583068848
pocketxmol_kat6a_sma_atlas_ext,use,sbdd,,Nc1ncnc2c1ncn2C1OC(COP(=O)(O)OP(=O)(O)O)C(O)C1O,,299.sdf,0,1.3825944662094116,2.5718886852264404,11.749770164489746,18.12012481689453
pocketxmol_kat6a_sma_atlas_ext,use,sbdd,,Nc1ccc2c(c1)c(NC(=O)NCc1ccccc1)nc1ccccc12,,300.sdf,0,1.4768239259719849,2.713167905807495,9.93589687347412,18.00135612487793
pocketxmol_kat6a_sma_atlas_ext,use,sbdd,,Fc1ccc(-c2c(-c3nnc(-c4ccccc4)o3)cnc3nccn23)cc1,,301.sdf,0,1.418898105621338,2.631901502609253,10.15524959564209,18.211021423339844
pocketxmol_kat6a_sma_atlas_ext,use,sbdd,,Nc1nc(=O)c2ncn(C3CN(C(=O)C4OP(=O)(O)OP4(=O)O)CC3CO[PH](O)(O)O)c2[nH]1,,302.sdf,0,1.254944086074829,2.35081434249878,10.66634464263916,18.305530548095703
pocketxmol_kat6a_sma_atlas_ext,use,sbdd,,Cc1ccc(NCC(CP(=O)(O)O)C(=O)O)c2c1[nH]cc1ccc3nc[nH+]c3c12,,303.sdf,0,1.343674659729004,2.5906529426574707,9.823171615600586,17.727081298828125
pocketxmol_kat6a_sma_atlas_ext,use,sbdd,,O=C(O)c1c2cccnc2c([N+](=O)O)c2oc3ccc([SH](=O)(O)O)cc3c12,,304.sdf,0,1.4000754356384275,2.5112929344177246,10.076969146728516,17.086761474609375
pocketxmol_kat6a_sma_atlas_ext,use,sbdd,,Nc1ncnc2c1ncn2CCN(COP(=O)(O)O)c1ccc(F)cc1,,305.sdf,0,1.377772569656372,2.7474441528320312,11.642034530639648,18.10344886779785
pocketxmol_kat6a_sma_atlas_ext,use,sbdd,,Cc1ccc2cccc(C(=O)N3CC(OP(=O)(O)O)=Cc4cnc(C)nc4C3)c2c1,,306.sdf,0,1.3694865703582764,2.543807029724121,10.229422569274902,17.895578384399414
pocketxmol_kat6a_sma_atlas_ext,use,sbdd,,C[n+]1c(O)n(CC(COP(=O)(O)O)NCc2cccc(N)c2)cc([N+](=O)O)c1=O,,307.sdf,0,1.3244708776474,2.591395854949951,10.33037567138672,18.03622436523437
pocketxmol_kat6a_sma_atlas_ext,use,sbdd,,Cc1ccc(-n2c(CC(CP(=O)(O)O)P(=O)(O)O)nc3c2N=[N+](C)C3=O)cc1C,,308.sdf,0,1.2935656309127808,2.5807535648345947,10.944875717163086,17.874053955078125
pocketxmol_kat6a_sma_atlas_ext,use,sbdd,,CC1(COP(=O)(O)O[PH](=O)(=O)OP(=O)(O)O)OC(n2cnc3c(O)nn(N)c32)C1O,,309.sdf,0,1.206202507019043,2.307283639907837,9.856284141540527,17.249828338623047
pocketxmol_kat6a_sma_atlas_ext,use,sbdd,,Nc1ncn(C2OC(OP(=O)(O)OP(=O)(O)O)C(O)C2O)c2nnc(N)c1-2,,310.sdf,0,1.333595871925354,2.581151247024536,10.778529167175291,17.886154174804688
pocketxmol_kat6a_sma_atlas_ext,use,sbdd,,Nc1nnc2c(ncn2C2OC(COP(=O)(O)OP(=O)(O)O)C(O)C2O)c(=O)n1,,311.sdf,0,1.332993507385254,2.618528127670288,11.190290451049805,18.17136001586914
pocketxmol_kat6a_sma_atlas_ext,use,sbdd,,,bad,312-bad.sdf,0,1.3804032802581787,2.602461338043213,10.11913776397705,18.06571578979492
pocketxmol_kat6a_sma_atlas_ext,use,sbdd,,O=C(O)C[N+]1=Nc2c(cc(-c3ccc(O)cc3)cc2-c2ccc(O)cc2)C1=O,,313.sdf,0,1.5173949003219604,2.7940852642059326,11.793900489807127,18.44780731201172
pocketxmol_kat6a_sma_atlas_ext,use,sbdd,,O=C(Nc1ccc2ccccc2c1)NC(Cc1ccccc1)C[PH](O)(O)O,,314.sdf,0,1.4208565950393677,2.794504165649414,11.505695343017578,18.34775161743164
pocketxmol_kat6a_sma_atlas_ext,use,sbdd,,NC1=NC(=O)c2nc[n+]3c(c21)NCC3CC(O)C(=O)OP(=O)(O)O,,315.sdf,0,1.1697349548339844,2.3633482456207275,10.04035472869873,16.67363739013672
pocketxmol_kat6a_sma_atlas_ext,use,sbdd,,NC1=C2C=CC=C(C(=O)Nc3ccccc3OP(=O)(O)O)C=C2C=CN1,,316.sdf,0,1.433131456375122,2.7197749614715576,11.194464683532717,17.7523136138916
pocketxmol_kat6a_sma_atlas_ext,use,sbdd,,O=C1c2ccc3nn(-c4ccccc4)cc3c2NC2=C(N=NC2)C(O)N1O,,317.sdf,0,1.3200674057006836,2.485365867614746,9.612370491027832,17.712141036987305
pocketxmol_kat6a_sma_atlas_ext,use,sbdd,,Nc1ncnc2c1nnc[n+]2C(O)C1COOC1COP(=O)(O)OP(=O)(O)OP(=O)(O)O,,318.sdf,0,1.240048885345459,2.3363237380981445,9.83149528503418,17.856630325317383
pocketxmol_kat6a_sma_atlas_ext,use,sbdd,,NC1=NC(=O)C2=NC=[N+](C(O)C3COCC(OP(=O)(O)OP(=O)(O)O)C3O)C2=N1,,319.sdf,0,1.2247962951660156,2.344916582107544,10.573105812072754,17.502178192138672
pocketxmol_kat6a_sma_atlas_ext,use,sbdd,,Nc1ncnc2c1ncn2C1COCC(P(=O)(O)OP(=O)(O)O)O1,,320.sdf,0,1.295356273651123,2.483184099197388,10.458416938781738,17.341882705688477
pocketxmol_kat6a_sma_atlas_ext,use,sbdd,,Cc1cc2nc3c(C4C(=O)C(P(=O)(O)O)NP4(=O)O)cccc3c-2cc(C)c1O,,321.sdf,0,1.3324323892593384,2.535585165023804,9.879136085510254,17.552078247070312
pocketxmol_kat6a_sma_atlas_ext,use,sbdd,,COc1ccc(CCC(Nc2ncnc3ccccc23)C(=O)N[SH](=O)(O)O)cc1,,322.sdf,0,1.3890517950057983,2.787193536758423,11.550392150878906,18.65328598022461
pocketxmol_kat6a_sma_atlas_ext,use,sbdd,,O=[N+](O)c1cccc2cc(Cc3ccccc3)c(OP(=O)(O)OP(=O)(O)O)nc12,,323.sdf,0,1.39039945602417,2.754014730453491,10.571876525878906,18.239721298217773
pocketxmol_kat6a_sma_atlas_ext,use,sbdd,,Nc1ncnc2c1c(O)nc[n+]2CC(COP(=O)(O)OP(=O)(O)O)c1ccccc1,,324.sdf,0,1.4359477758407593,2.696495056152344,11.060928344726562,18.181486129760746
pocketxmol_kat6a_sma_atlas_ext,use,sbdd,,NC1=NC=c2nc3c(=O)[nH]c(=O)nc-3n3c2=C(CC(CP(=O)(O)OP(=O)(O)O)C3)N1,,325.sdf,0,1.3438984155654907,2.6507010459899902,10.844661712646484,17.64287757873535
pocketxmol_kat6a_sma_atlas_ext,use,sbdd,,,bad,326-bad.sdf,0,1.3316292762756348,2.48973035812378,10.148323059082031,17.56817054748535
pocketxmol_kat6a_sma_atlas_ext,use,sbdd,,Cc1ccc(Cc2c(OP(=O)(O)O)c[n+]3c4cc(C)ccc4ncnc2-3)cc1,,327.sdf,0,1.3954423666000366,2.742093324661255,10.241950035095217,18.123077392578125
pocketxmol_kat6a_sma_atlas_ext,use,sbdd,,COc1ccc(CC(CNc2ccc3c(N)ncnc3c2)P(=O)(O)O)cc1,,328.sdf,0,1.424302339553833,2.7297255992889404,11.444622993469238,18.2373046875
pocketxmol_kat6a_sma_atlas_ext,use,sbdd,,Nc1ncnc2c1cnc[n+]2C1OCC(OCOP(=O)(O)OP(=O)(O)O)C(F)C1O,,329.sdf,0,1.3248058557510376,2.595444440841675,10.915903091430664,18.138978958129883
pocketxmol_kat6a_sma_atlas_ext,use,sbdd,,NC1=NC(=O)c2nc[n+](C(=O)OC3COP(=O)(O)OP(=O)(O)OP(=O)(O)O3)cc21,,330.sdf,0,1.243893027305603,2.5341989994049072,10.639090538024902,18.27641868591309
pocketxmol_kat6a_sma_atlas_ext,use,sbdd,,O=C1OC2C(OC2C(O)Nc2ncnc3[nH]cnc23)OP(=O)(O)O[PH](O)(O)O1,,331.sdf,0,1.13493013381958,2.296952962875366,10.439826011657717,17.752565383911133
pocketxmol_kat6a_sma_atlas_ext,use,sbdd,,Nc1n[nH]c(C2CC(C(=O)OP(=O)(O)O)c3ccccc32)c2ncnc1-2,,332.sdf,0,1.3487045764923096,2.651435852050781,11.017256736755373,18.00808334350586
pocketxmol_kat6a_sma_atlas_ext,use,sbdd,,Cc1nc2nccn2c2c(C)cc(N3Cc4ccccc4C(P(=O)(O)O)C3=O)cc12,,333.sdf,0,1.3920049667358398,2.6958212852478027,10.590006828308104,18.057483673095703
pocketxmol_kat6a_sma_atlas_ext,use,sbdd,,O=C(O)C(Cc1ccccc1)Nc1nnc2cccc3c2c1C=C(c1ccccc1)N3,,334.sdf,0,1.5075656175613403,2.8133699893951416,11.89114475250244,18.521408081054688
pocketxmol_kat6a_sma_atlas_ext,use,sbdd,,Nc1nc(=O)c2ncn(CC(OC(COP(=O)(O)O)OP(=O)(O)O)C(O)O)c2[nH]1,,335.sdf,0,1.2505909204483032,2.377490282058716,11.176279067993164,17.601545333862305
pocketxmol_kat6a_sma_atlas_ext,use,sbdd,,O=P(O)(OCC(OC1=NNN(O)c2ccncc21)c1ccccc1F)O[PH](=O)(=O)O,,336.sdf,0,1.3771710395812988,2.641756296157837,10.010480880737305,18.028961181640625
pocketxmol_kat6a_sma_atlas_ext,use,sbdd,,O=P(O)(O)C1C=C(Cc2ccc(F)cc2)C(Nc2cccc3ccccc23)=N1,,337.sdf,0,1.4272260665893557,2.7634165287017822,11.389068603515623,18.39962387084961
pocketxmol_kat6a_sma_atlas_ext,use,sbdd,,Cc1ccc(C(CO[PH](O)(O)O)OC(CO)n2cnc3c(=O)nc(N)[nH]c32)cc1,,338.sdf,0,1.3484402894973757,2.624277114868164,11.3528413772583,18.17759704589844
pocketxmol_kat6a_sma_atlas_ext,use,sbdd,,,bad,339-bad.sdf,0,1.3413035869598389,2.6070098876953125,11.21977996826172,18.24364280700684
pocketxmol_kat6a_sma_atlas_ext,use,sbdd,,Nc1c(C(OP(=O)(O)O)c2ccccc2)c(=O)[nH]c2ccccc12,,340.sdf,0,1.43001389503479,2.5463860034942627,11.341373443603516,17.70673370361328
pocketxmol_kat6a_sma_atlas_ext,use,sbdd,,O=c1cc[n+](C2OC(COP(=O)(O)OP(=O)(O)O)C(O)C2O)cc(=O)[nH]1,,341.sdf,0,1.3052479028701782,2.5017926692962646,11.268657684326172,18.357891082763672
pocketxmol_kat6a_sma_atlas_ext,use,sbdd,,Nc1ncnc2c1ncn2C1CC(O)C(COP(=O)(O)OP(=O)(O)O)O1,,342.sdf,0,1.382301688194275,2.6359734535217285,11.834634780883787,18.26362609863281
pocketxmol_kat6a_sma_atlas_ext,use,sbdd,,COc1ccc(CN(CC(=O)OP(=O)(O)O)C2=Cc3cccc4cccc2c34)cc1,,343.sdf,0,1.372670292854309,2.6348559856414795,10.698752403259276,17.90395736694336
pocketxmol_kat6a_sma_atlas_ext,use,sbdd,,Nc1nc(N)c2nc(C3CN4C(OP(=O)(O)OP4(=O)O)C3COP(=O)(O)O)nc-2[nH]1,,344.sdf,0,1.2527636289596558,2.5826094150543213,10.704545974731444,18.47089385986328
pocketxmol_kat6a_sma_atlas_ext,use,sbdd,,Cn1c(=O)nc2c3ccc(C(Cc4ccccc4)N[SH](=O)(O)O)ccc3ccc21,,345.sdf,0,1.3643863201141355,2.601675033569336,11.004985809326172,18.063026428222656
pocketxmol_kat6a_sma_atlas_ext,use,sbdd,,Cn1c(O)[n+](C)c2c1nc(-c1ccc(N)cc1)n2COC(COP(=O)(O)O)OP(=O)(O)O,,346.sdf,0,1.2446112632751465,2.460731506347656,10.185193061828612,17.64056968688965
pocketxmol_kat6a_sma_atlas_ext,use,sbdd,,O=C(c1ccc2ccc(F)cc2c1)C(CP(=O)(O)O)c1ccc(Cl)cc1,,347.sdf,0,1.4272325038909912,2.735149383544922,11.214879035949709,18.372392654418945
pocketxmol_kat6a_sma_atlas_ext,use,sbdd,,,bad,348-bad.sdf,0,1.4082536697387695,2.7826380729675293,10.958832740783691,18.1095027923584
pocketxmol_kat6a_sma_atlas_ext,use,sbdd,,Cc1cc(C(Cc2ccnc3c(N)ncnc23)[PH](O)(O)OP(=O)(O)O)nnc1F,,349.sdf,0,1.3968298435211182,2.658971071243286,10.36439323425293,17.848827362060547
pocketxmol_kat6a_sma_atlas_ext,use,sbdd,,Nc1ncnc2c1ncn2C1CC(O)C(O)C(OP(=O)(O)O)O1,,350.sdf,0,1.3211541175842283,2.5456647872924805,11.84835433959961,17.6401309967041
pocketxmol_kat6a_sma_atlas_ext,use,sbdd,,O=P(O)(O)c1n[n+](-c2ccccc2F)cc(C#CC2=C3CCC[NH+]3c3ccccc32)c1O,,351.sdf,0,1.4001362323760986,2.6895785331726074,10.821975708007812,18.45775604248047
pocketxmol_kat6a_sma_atlas_ext,use,sbdd,,Nc1ncnc2c1ncn2C1CC(F)C(O)C(COP(=O)(O)O[PH](=O)(=O)O)O1,,352.sdf,0,1.337024211883545,2.5221519470214844,11.220536231994627,18.046327590942383
pocketxmol_kat6a_sma_atlas_ext,use,sbdd,,O=P(O)(O)CN(CCc1ccccc1)CCc1cccc2ncccc12,,353.sdf,0,1.3485389947891235,2.831273078918457,11.745490074157717,18.227075576782227
pocketxmol_kat6a_sma_atlas_ext,use,sbdd,,,bad,354-bad.sdf,0,1.3099713325500488,2.501871109008789,10.517346382141112,17.710237503051758
pocketxmol_kat6a_sma_atlas_ext,use,sbdd,,O=P(O)(O)OP(=O)(O)OC(CN1CN=NC1)c1ncnc2c(O)ncnc12,,355.sdf,0,1.3025039434432983,2.539633274078369,9.828191757202148,17.88813018798828
pocketxmol_kat6a_sma_atlas_ext,use,sbdd,,C=C1N=NC(c2ccc(NC(CP(=O)(O)O)c3ccc(Cl)c(Cl)c3)cc2)=N1,,356.sdf,0,1.373775601387024,2.6405487060546875,10.295783042907717,18.32464599609375
pocketxmol_kat6a_sma_atlas_ext,use,sbdd,,FC1=Nc2cccc3cccc(c23)N1.Nc1ncc(N2CC2CP(=O)(O)O)[nH]c1=O,incomp,357-incomp.sdf,0,1.352336287498474,2.463104009628296,9.465426445007324,17.258010864257812
pocketxmol_kat6a_sma_atlas_ext,use,sbdd,,NC1=NC(=O)C2=NC=[N+](C3OC(OP(=O)(O)OP(=O)(O)O)C4OC43)C2=N1,,358.sdf,0,1.219098687171936,2.3936171531677246,11.15927791595459,17.9370174407959
pocketxmol_kat6a_sma_atlas_ext,use,sbdd,,Cc1ccc(C(COP(=O)(O)OP(=O)(O)O)C(O)n2cnc3c(N)ncnc32)cc1,,359.sdf,0,1.440310835838318,2.735491275787353,11.779322624206545,18.242895126342773
pocketxmol_kat6a_sma_atlas_ext,use,sbdd,,NC1=NC(=O)C2=NC=[N+](C3OC(O)C(F)C3OP(=O)(O)OP(=O)(O)O)C2=N1,,360.sdf,0,1.2639262676239014,2.338573217391968,10.854390144348145,17.587862014770508
pocketxmol_kat6a_sma_atlas_ext,use,sbdd,,Nc1nc2n(C3CC(O)C(O)C(COP(=O)(O)OP(=O)(O)O)O3)ccnc-2c(=O)n1,,361.sdf,0,1.329322099685669,2.6075439453125,11.253762245178224,18.30787467956543
pocketxmol_kat6a_sma_atlas_ext,use,sbdd,,Nc1nc(=O)c2ncn(C3OC(COP(=O)(O)OCP(=O)(O)O)C(O)C3O)c2[nH]1,,362.sdf,0,1.3244755268096924,2.543947458267212,11.416866302490234,18.276968002319336
pocketxmol_kat6a_sma_atlas_ext,use,sbdd,,Nc1ncnc2c1ncn2C1OC(COP(=O)(O)OP(=O)(O)O)C1O,,363.sdf,0,1.2891404628753662,2.454347610473633,11.556248664855955,17.952470779418945
pocketxmol_kat6a_sma_atlas_ext,use,sbdd,,Nc1nc(N)c2ncn(C3OC(COP(=O)(O)OP(=O)(O)O)C(O)C3O)c2n1,,364.sdf,0,1.3072575330734253,2.5850183963775635,11.53865909576416,18.31377410888672
pocketxmol_kat6a_sma_atlas_ext,use,sbdd,,Nc1ncnc2c1ncn2OCC(O)C(O)COC(=O)OP(=O)(O)O,,365.sdf,0,1.3067114353179932,2.431113719940185,10.734643936157228,17.304645538330078
pocketxmol_kat6a_sma_atlas_ext,use,sbdd,,O=C(O)C(=Cc1nc2ccccc2n1-c1ccc(F)cc1)CNC(=O)c1ccccc1F,,366.sdf,0,1.3854272365570068,2.685420513153076,11.36553955078125,18.72522354125977
pocketxmol_kat6a_sma_atlas_ext,use,sbdd,,Cc1nc2ccc(NP(=O)(OP(=O)(O)O)c3ccc4[nH+]c(C)ccc4c3)cc2[nH]1,,367.sdf,0,1.4670417308807373,2.67539644241333,10.94492530822754,17.903179168701172
pocketxmol_kat6a_sma_atlas_ext,use,sbdd,,Cc1cc(-c2ccc3[nH]n(C)c(=O)c3c2OC(CO)COP(=O)(O)O)c(O)n(O)c1=O,,368.sdf,0,1.221914768218994,2.343855857849121,9.489408493041992,17.321638107299805
pocketxmol_kat6a_sma_atlas_ext,use,sbdd,,Nc1nnc2c(ncn2C2OC2C(O)C(O)O[PH](O)(O)OP(=O)(O)O)n1,,369.sdf,0,1.2007564306259155,2.249722957611084,10.224607467651367,17.087858200073242
pocketxmol_kat6a_sma_atlas_ext,use,sbdd,,Cc1cc(N2CCOP(=O)(O)OP(=O)(O)OC2)nc2[nH]cnc(=O)c12,,370.sdf,0,1.278615117073059,2.323292732238769,9.963640213012695,17.137575149536133
pocketxmol_kat6a_sma_atlas_ext,use,sbdd,,O=C(C(=Cc1ccc2c(c1)OCO2)P(=O)(O)O)C(O)c1cccc(O)c1,,371.sdf,0,1.3406904935836792,2.536548376083374,11.401164054870604,18.19703483581543
pocketxmol_kat6a_sma_atlas_ext,use,sbdd,,Cc1nn(C)c2ncc(C(=O)NCP(=O)(O)O)c(C(=O)NCc3cccnc3)c12,,372.sdf,0,1.365161418914795,2.5946507453918457,10.434942245483398,18.169578552246094
pocketxmol_kat6a_sma_atlas_ext,use,sbdd,,,bad,373-bad.sdf,0,1.1760331392288208,2.291345834732056,8.70803451538086,17.875560760498047
pocketxmol_kat6a_sma_atlas_ext,use,sbdd,,Cc1ccc(C(CC(=O)P(=O)(O)OP(=O)(O)O)Oc2cccc3ccccc23)cc1,,374.sdf,0,1.3490219116210938,2.6682345867156982,10.54750633239746,18.307897567749023
pocketxmol_kat6a_sma_atlas_ext,use,sbdd,,Cc1ccc(CC2OC(n3cnc4c(N)ncnc43)C(O)CC2P(=O)(O)O)cc1O,,375.sdf,0,1.412075400352478,2.579897403717041,11.176916122436523,17.991764068603516
pocketxmol_kat6a_sma_atlas_ext,use,sbdd,,Nc1ncnc2c1NC=CN2C1CC(O)C(COP(=O)(O)O[PH](=O)OP(=O)(O)O)O1,,376.sdf,0,1.3153929710388184,2.59377121925354,11.04124355316162,17.956836700439453
pocketxmol_kat6a_sma_atlas_ext,use,sbdd,,Nc1c(-c2ccccc2-c2ccccc2O)nc2ccccc2c1C(=O)O,,377.sdf,0,1.4409834146499634,2.736848831176758,11.877100944519045,18.283802032470703
pocketxmol_kat6a_sma_atlas_ext,use,sbdd,,Nc1ncnc2c1ncn2C1CCC(COP(=O)(O)OP(=O)(O)O)O1,,378.sdf,0,1.269806981086731,2.4793622493743896,10.98240566253662,17.742477416992188
pocketxmol_kat6a_sma_atlas_ext,use,sbdd,,CNC1=Nc2c(-c3ccc(N)cc3COP(=O)(O)O)[nH]c3cccc(c23)O1,,379.sdf,0,1.3708544969558716,2.6372461318969727,9.588906288146973,17.624488830566406
pocketxmol_kat6a_sma_atlas_ext,use,sbdd,,O=c1cc[n+](C2OOC(COP(=O)(O)O[PH](O)(O)O)C2O)cc(=O)[nH]1,,380.sdf,0,1.2263959646224976,2.2539494037628174,9.868207931518556,17.051223754882812
pocketxmol_kat6a_sma_atlas_ext,use,sbdd,,Nc1[nH]c(=O)c2cn3cc2c1C(=O)OP(=O)(O)OP(=O)(O)OC1OC3C(O)C1O,,381.sdf,0,1.2878096103668213,2.5605154037475586,10.936113357543944,18.54053497314453
pocketxmol_kat6a_sma_atlas_ext,use,sbdd,,Nc1ncnc2c1ncn2C1OC(COP(=O)(O)O[PH](=O)(=O)O)C(O)C1O,,382.sdf,0,1.3685623407363892,2.467580795288086,11.639385223388672,18.173316955566406
pocketxmol_kat6a_sma_atlas_ext,use,sbdd,,COc1ncc(-c2ccc(O)cc2)cc1NC(COP(=O)(O)O)c1ccccc1,,383.sdf,0,1.4178756475448608,2.7766175270080566,11.9200439453125,18.868114471435547
pocketxmol_kat6a_sma_atlas_ext,use,sbdd,,Cc1c[nH]c(NC(CP(=O)(O)OP(=O)(O)O)c2ccc(F)cc2)c2nc3ccccc3c1-2,,384.sdf,0,1.4112781286239624,2.726759195327759,10.539236068725586,18.404905319213867
pocketxmol_kat6a_sma_atlas_ext,use,sbdd,,Nc1ncnc2c1ncn2C1OC(OP(=O)(O)OP2(=O)OP(=O)(O)O2)C(F)C1O,,385.sdf,0,1.287693977355957,2.532383441925049,11.164144515991213,18.443458557128903
pocketxmol_kat6a_sma_atlas_ext,use,sbdd,,Cc1ccc(C(=Cc2c3ccccc3nc3c(O)nc(=O)[nH]c23)C(=O)OP(=O)(O)O)cc1,,386.sdf,0,1.4753271341323853,2.8530383110046387,11.644532203674316,18.63740539550781
pocketxmol_kat6a_sma_atlas_ext,use,sbdd,,,bad,387-bad.sdf,0,1.2539193630218506,2.3750109672546387,10.029325485229492,16.99694061279297
pocketxmol_kat6a_sma_atlas_ext,use,sbdd,,Nc1ncnc2c1ncn2C1CCC(COP(=O)(O)OP(=O)(O)O)O1,,388.sdf,0,1.3314701318740845,2.4992835521698,11.15367031097412,17.789592742919922
pocketxmol_kat6a_sma_atlas_ext,use,sbdd,,O=P(O)(O)C1CCN(c2ncnc3cncnc23)CC(c2ccccc2)C1,,389.sdf,0,1.3559505939483645,2.745439291000366,11.703556060791016,18.26681137084961
pocketxmol_kat6a_sma_atlas_ext,use,sbdd,,Nc1ncnc2c1ncn2C1OC(OP(=O)(O)O[PH](=O)(=O)O)C(O)C1O,,390.sdf,0,1.3766026496887207,2.576765537261963,11.63811206817627,17.915590286254883
pocketxmol_kat6a_sma_atlas_ext,use,sbdd,,Cc1ccc2c(c1)c1[nH+]cc(CP(=O)(O)O)cc1c1oc(=O)c3[nH]cnc3c21,,391.sdf,0,1.425913691520691,2.7267658710479736,10.335996627807615,17.565128326416016
pocketxmol_kat6a_sma_atlas_ext,use,sbdd,,O=C1C=C2CC(O)C(C(O)COP(=O)(O)OP(=O)(O)O)CN2C=NC(=O)N1,,392.sdf,0,1.1779640913009644,2.394918918609619,10.047271728515623,17.49182891845703
pocketxmol_kat6a_sma_atlas_ext,use,sbdd,,CC(COP(=O)(O)OP(=O)(O)O)n1cnc2c(N)ncnc21,,393.sdf,0,1.3507009744644165,2.451148748397827,10.549541473388672,17.077688217163086
pocketxmol_kat6a_sma_atlas_ext,use,sbdd,,Cc1cnc2c(C)ncc(C(=O)N(CCP(=O)(O)O)Cc3ccccc3)c2n1,,394.sdf,0,1.387062668800354,2.714362859725952,10.673714637756348,18.31112289428711
pocketxmol_kat6a_sma_atlas_ext,use,sbdd,,c1cc(CN2CCCC2)cc(Nc2cnc(Nc3cccnc3)n3ccnc23)c1,,395.sdf,0,1.4002898931503296,2.6664841175079346,10.34290885925293,18.6506290435791
pocketxmol_kat6a_sma_atlas_ext,use,sbdd,,Cc1nocc1-c1ncn2c1CCC(P(=O)(O)O)c1ccccc1-2,,396.sdf,0,1.3390932083129885,2.5219390392303467,9.7284574508667,17.465394973754883
pocketxmol_kat6a_sma_atlas_ext,use,sbdd,,Nc1nc[n+](C2OC(CO[PH](O)(O)OP(=O)(O)O)C(O)C2O)cc1C=O,,397.sdf,0,1.3317965269088743,2.569178342819214,11.228132247924805,18.15989112854004
pocketxmol_kat6a_sma_atlas_ext,use,sbdd,,,bad,398-bad.sdf,0,1.279538869857788,2.4400670528411865,11.399212837219238,18.15707969665528
pocketxmol_kat6a_sma_atlas_ext,use,sbdd,,Nc1ncnc2c1NC=NN2CC(O)C(O)COP(=O)(O)OP(=O)(O)O,,399.sdf,0,1.2858896255493164,2.549091339111328,10.992122650146484,17.796056747436523
pocketxmol_kat6a_sma_atlas_ext,use,sbdd,,,bad,400-bad.sdf,0,1.302332639694214,2.3459489345550537,10.004338264465332,17.552223205566406
pocketxmol_kat6a_sma_atlas_ext,use,sbdd,,O=C(O)C(N=C(O)c1cc2ccccc2o1)c1ccc(-c2ccccc2)cc1,,401.sdf,0,1.405420422554016,2.7759690284729004,11.76461696624756,18.32420539855957
pocketxmol_kat6a_sma_atlas_ext,use,sbdd,,CC(C)(C)c1ccc(-c2ccc(C(CP(=O)(O)O)c3ccc4ccccc4c3)cc2)cc1,,402.sdf,0,1.5011330842971802,2.7839670181274414,10.81124210357666,18.672895431518555
pocketxmol_kat6a_sma_atlas_ext,use,sbdd,,Cc1ccc(C(=O)NC(CCO[PH](O)(O)O)c2ccccc2)c2cncnc12,,403.sdf,0,1.4198452234268188,2.662480592727661,10.490234375,18.08919334411621
pocketxmol_kat6a_sma_atlas_ext,use,sbdd,,Nc1ncnc2c1ncn[n+]2C1OC(OP(=O)(O)OP(=O)(O)O)C(O)C1O,,404.sdf,0,1.315629005432129,2.531581401824951,10.996355056762695,17.889144897460938
pocketxmol_kat6a_sma_atlas_ext,use,sbdd,,O=P(O)(O)OCC1=NC(c2ccc(Cl)cc2)=[N+]2C=C(c3ccccc3)N=C12,,405.sdf,0,1.399011492729187,2.7261245250701904,10.902247428894045,18.42207336425781
pocketxmol_kat6a_sma_atlas_ext,use,sbdd,,NC1=NC(=O)C2=NC3C(=NC2=N1)C(O)C1C3OP(=O)(O)OP1(=O)O,,406.sdf,0,1.2416043281555176,2.4288148880004883,11.1970853805542,17.832134246826172
pocketxmol_kat6a_sma_atlas_ext,use,sbdd,,NC1=NC(=O)C2=NC=[N+](C3CC(O)C(OP(=O)(O)OP(=O)(O)O[PH](O)(O)O)O3)C2=N1,,407.sdf,0,1.368562936782837,2.6029598712921143,11.146973609924316,18.01791763305664
pocketxmol_kat6a_sma_atlas_ext,use,sbdd,,Cc1c[nH+]c(C(OP(=O)(O)O)c2cc(-c3cccc[nH+]3)c[nH]2)c2ccccc12,,408.sdf,0,1.397364377975464,2.612156629562378,9.054965019226074,18.091339111328125
pocketxmol_kat6a_sma_atlas_ext,use,sbdd,,Nc1cc(=O)[nH]c(=O)n1C1COC(COP(=O)(O)OP(=O)(O)O)C(O)C1,,409.sdf,0,1.2809044122695925,2.5018770694732666,10.84577751159668,17.873750686645508
pocketxmol_kat6a_sma_atlas_ext,use,sbdd,,O=C(O)C1C(OP(=O)(O)OP(=O)(O)O)OC([n+]2cnc3ccccc3c2)C1O,,410.sdf,0,1.3209481239318848,2.6568522453308105,10.507362365722656,18.32295227050781
pocketxmol_kat6a_sma_atlas_ext,use,sbdd,,Nc1ncnc2c1ncn2C1OC(OP(=O)(O)OP(=O)(O)O)C(O)C1O,,411.sdf,0,1.395291090011597,2.6354777812957764,11.735706329345703,18.100048065185547
pocketxmol_kat6a_sma_atlas_ext,use,sbdd,,Nc1nc(=O)c2ccccc2nc1C1C(P(=O)(O)O)CN1Cc1ccccc1,,412.sdf,0,1.2610313892364502,2.2948336601257324,10.361772537231444,17.45086097717285
pocketxmol_kat6a_sma_atlas_ext,use,sbdd,,Nc1nc2c3c(cnc2c(=O)[nH]1)OC(c1ccccc1)CC3.O=P1(O)OP(=O)(O)O1,incomp,413-incomp.sdf,0,1.3274973630905151,2.522402286529541,10.332229614257812,18.135906219482425
pocketxmol_kat6a_sma_atlas_ext,use,sbdd,,O=C(CP(=O)(O)O)N(CCc1ccccc1)Cc1ccc2ccccc2c1,,414.sdf,0,1.3383359909057615,2.7544610500335693,11.010404586791992,18.21859359741211
pocketxmol_kat6a_sma_atlas_ext,use,sbdd,,Cc1cccc(NC(COP(=O)(O)OP(=O)(O)O)c2ccnc3c(N)ncnc23)c1,,415.sdf,0,1.4041956663131714,2.669275522232056,10.568133354187012,18.33323097229004
pocketxmol_kat6a_sma_atlas_ext,use,sbdd,,Nc1ncc(N2CC(Cc3ccccc3)C(C(O)P(=O)(O)O)C2)c2nc[nH]c12,,416.sdf,0,1.3058429956436155,2.546717405319214,10.345970153808594,17.75323486328125
pocketxmol_kat6a_sma_atlas_ext,use,sbdd,,Cc1ccc2c(c1)Nc1nc(O)ncc1N=C2CCCOP(=O)(O)OP(=O)(O)O,,417.sdf,0,1.3090224266052246,2.5413928031921387,9.80285358428955,17.658605575561523
pocketxmol_kat6a_sma_atlas_ext,use,sbdd,,Nc1ncnc2c1NC=CN2C1CCC(CO[PH](=O)OP(=O)(O)OP(=O)(O)O)O1,,418.sdf,0,1.253348708152771,2.5591042041778564,10.223670959472656,17.81752586364746
pocketxmol_kat6a_sma_atlas_ext,use,sbdd,,NC(=O)c1cc2n(n1)-c1nc(N)[nH+]c[n+]1C2C(O)C(O)CP(=O)(O)OP(=O)(O)O,,419.sdf,0,1.3256280422210691,2.5627331733703613,10.531180381774902,17.91986656188965
pocketxmol_kat6a_sma_atlas_ext,use,sbdd,,Nc1ncnc2c1cnc[n+]2C1OC(OP(=O)(O)OP(=O)(O)O[PH](=O)O)C(O)C1O,,420.sdf,0,1.352677583694458,2.5153472423553467,11.081350326538086,18.02294921875
pocketxmol_kat6a_sma_atlas_ext,use,sbdd,,Nc1ncnc2c(C3OC(P(=O)(O)OP(=O)(O)O)C(O)C(O)C3O)ncnc12,,421.sdf,0,1.3331817388534546,2.661390781402588,11.432111740112305,18.330625534057617
pocketxmol_kat6a_sma_atlas_ext,use,sbdd,,O=C(O)C1=C(C2=C3C=C(O)C(O)=CC=C3OC=C2O)c2cccc3cccc1c23,,422.sdf,0,1.3590704202651978,2.373664379119873,10.89391040802002,17.152193069458008
pocketxmol_kat6a_sma_atlas_ext,use,sbdd,,Nc1ncnc2c1ncn2C(O)C(O)C(O)COP(=O)(O)O[PH](O)(O)O,,423.sdf,0,1.3749178647994995,2.6381313800811768,11.657175064086914,17.856639862060547
pocketxmol_kat6a_sma_atlas_ext,use,sbdd,,O=P(O)(O)C=C(O)C(O)C(Oc1cccc2ccccc12)c1ccccc1,,424.sdf,0,1.396434307098389,2.6240854263305664,10.631165504455566,18.296113967895508
pocketxmol_kat6a_sma_atlas_ext,use,sbdd,,Nc1cc(C(Cc2ccccc2)C(=O)CCP(=O)(O)O)cc2ccccc12,,425.sdf,0,1.4051250219345093,2.7669360637664795,10.146875381469728,18.65255355834961
pocketxmol_kat6a_sma_atlas_ext,use,sbdd,,Nc1ncnc2cc(C(=Cc3ccccc3)NC(O)CP(=O)(O)O)ccc12,,426.sdf,0,1.394022822380066,2.6204633712768555,11.023927688598633,18.003475189208984
pocketxmol_kat6a_sma_atlas_ext,use,sbdd,,Cn1nc2c(c1O)COC(N1C=NC(N)=C(N)N=C1)COP(=O)(O)OP(=O)(O)O2,,427.sdf,0,1.2090126276016235,2.5012757778167725,10.315958976745604,18.0953369140625
pocketxmol_kat6a_sma_atlas_ext,use,sbdd,,,bad,428-bad.sdf,0,1.4633936882019043,2.8115897178649902,11.42972469329834,18.716407775878903
pocketxmol_kat6a_sma_atlas_ext,use,sbdd,,Nc1ncc2nc3n(c2n1)C1OC(CCOP(=O)(O)OP(=O)(O)OC=N3)C(O)C1O,,429.sdf,0,1.2234807014465332,2.4586410522460938,10.430728912353516,18.01457595825196
pocketxmol_kat6a_sma_atlas_ext,use,sbdd,,COc1ccc(C2OC(=O)c3c4n(c(=O)c5sccc35)CCC(O[PH](O)(O)O)C42)cc1,,430.sdf,0,1.3903013467788696,2.5826663970947266,11.325551986694336,18.31206321716309
pocketxmol_kat6a_sma_atlas_ext,use,sbdd,,Cc1ccc(C2OC(n3cnc4c(N)ncnc43)CC2OP(=O)(O)OP(=O)(O)O)cn1,,431.sdf,0,1.3992652893066406,2.609705686569214,10.931023597717283,18.14598274230957
pocketxmol_kat6a_sma_atlas_ext,use,sbdd,,COc1cccc(C=NNC(=O)c2cccc(-c3cccc4[nH]cnc34)c2)c1,,432.sdf,0,1.4308303594589231,2.71753478050232,10.522032737731934,17.93755340576172
pocketxmol_kat6a_sma_atlas_ext,use,sbdd,,Nc1ncnc2c1ncn2C1CC(O)C(COP(=O)(O)OCP(=O)(O)O)O1,,433.sdf,0,1.310197353363037,2.576979160308838,11.61052131652832,17.998241424560547
pocketxmol_kat6a_sma_atlas_ext,use,sbdd,,O=P(O)(O)c1nc(-c2cccc(F)c2)nc(-c2ccnc3ccccc23)n1,,434.sdf,0,1.4724645614624023,2.863621473312378,11.534272193908691,18.32347869873047
pocketxmol_kat6a_sma_atlas_ext,use,sbdd,,O=C(NC(Cc1ccccc1)P(=O)(O)O)c1ccc2c(ccc3c(O)cccc32)c1,,435.sdf,0,1.444752216339111,2.7835562229156494,11.896342277526855,18.346620559692383
pocketxmol_kat6a_sma_atlas_ext,use,sbdd,,Nc1ncnc2c1ncn2C1OC1C(O)C(O)COP(=O)(O)OP(=O)(O)O,,436.sdf,0,1.2821917533874512,2.3483641147613525,11.292868614196776,17.681598663330078
pocketxmol_kat6a_sma_atlas_ext,use,sbdd,,O=C(COP(=O)(O)O)NC(Cc1ccc(O)cc1)c1cccc2cc(O)ccc12,,437.sdf,0,1.4193365573883057,2.672114610671997,10.646846771240234,18.2727279663086
pocketxmol_kat6a_sma_atlas_ext,use,sbdd,,Nc1ncnc2c1ncn2C1OCC(OP(=O)(O)OP(=O)(O)O)C1O,,438.sdf,0,1.3329253196716309,2.5144577026367188,11.541943550109863,17.891380310058594
pocketxmol_kat6a_sma_atlas_ext,use,sbdd,,Cc1ncc2c(NC(=O)C(=COP(=O)(O)O)c3ccc(F)cc3)ncnc2c1C,,439.sdf,0,1.4178462028503418,2.733771800994873,10.982383728027344,18.39156723022461
pocketxmol_kat6a_sma_atlas_ext,use,sbdd,,Cc1ccc2c3[nH]c(=O)[nH]c(=O)c(COP(=O)(O)OP(=O)(O)O)c-3cc2c1,,440.sdf,0,1.3613799810409546,2.6343610286712646,10.729280471801758,17.762495040893555
pocketxmol_kat6a_sma_atlas_ext,use,sbdd,,Cc1ccc2c3nc(=O)[nH]c(=O)nc3n(CC3OC(P(=O)(O)O)CC3O)c2c1,,441.sdf,0,1.3014307022094729,2.593059062957764,11.13751983642578,17.69330596923828
pocketxmol_kat6a_sma_atlas_ext,use,sbdd,,Nc1[nH+]cnc2c3[n+](cnc12)C(COP(=O)(O)OP(=O)(O)O)OC(P(=O)(O)O)C3,,442.sdf,0,1.3096522092819214,2.643465757369995,10.768930435180664,17.8869686126709
pocketxmol_kat6a_sma_atlas_ext,use,sbdd,,Cn1nnc2cc(C=C(N=Cc3cccc4ccccc34)P(=O)(O)O)ccc21,,443.sdf,0,1.4188405275344849,2.6855716705322266,11.0997953414917,17.879589080810547
pocketxmol_kat6a_sma_atlas_ext,use,sbdd,,NC1=CN=c2c(ncn2C2OC(COP(=O)(O)OP(=O)(O)O)C(O)C2O)=C(N)N1,,444.sdf,0,1.3007694482803345,2.435290098190308,10.975253105163574,17.992586135864258
pocketxmol_kat6a_sma_atlas_ext,use,sbdd,,Nc1nc(=O)c2ncn(C3OC(COP(=O)(O)OP(=O)(O)O)C(O)C3O)c2[nH]1,,445.sdf,0,1.3332051038742063,2.579585790634156,11.662696838378906,18.30595016479492
pocketxmol_kat6a_sma_atlas_ext,use,sbdd,,Cn1c(=O)nc(O)c2nc(NC(O)C(c3ccccc3)P(=O)(O)OP(=O)(O)O)[nH]c21,,446.sdf,0,1.3042008876800537,2.5882163047790527,10.930948257446287,17.791566848754883
pocketxmol_kat6a_sma_atlas_ext,use,sbdd,,Cc1ccc(-c2cn3c([SH](=O)(O)O)cc(-c4cccc(Cl)c4)c3[nH]2)cc1,,447.sdf,0,1.393754005432129,2.7680392265319824,11.186468124389648,18.41013526916504
pocketxmol_kat6a_sma_atlas_ext,use,sbdd,,Nc1ncnc2c1ncn2C1OC(OP(=O)(O)OP2(=O)OP(=O)(O)O2)C(O)C1O,,448.sdf,0,1.3412182331085205,2.4941442012786865,11.25794792175293,18.1041259765625
pocketxmol_kat6a_sma_atlas_ext,use,sbdd,,Nc1ncnc2c1NC=CN2CC1OOC(CCOP(=O)(O)O[PH](=O)(=O)O)C1O,,449.sdf,0,1.3324295282363892,2.5397393703460693,10.760525703430176,17.792068481445312
pocketxmol_kat6a_sma_atlas_ext,use,sbdd,,Nc1ncnc2c1ncn2C1OCC(COP(=O)(O)OP(=O)(O)O)C(O)C1O,,450.sdf,0,1.2862839698791504,2.6236016750335693,11.614846229553224,18.08907890319824
pocketxmol_kat6a_sma_atlas_ext,use,sbdd,,Cc1cc(-c2cn(C)c3c(N)ncnc23)cc(CCO[PH](O)(O)OP(=O)(O)O)n1,,451.sdf,0,1.381869554519653,2.514521598815918,10.411664009094238,17.695056915283203
pocketxmol_kat6a_sma_atlas_ext,use,sbdd,,O=C(OC(c1ccccc1)C(O)OP(=O)(O)O)c1c(O)ccc2[nH]cnc12,,452.sdf,0,1.3528822660446167,2.56778621673584,10.552671432495115,18.02218246459961
pocketxmol_kat6a_sma_atlas_ext,use,sbdd,,Cc1nc2c(nc1C)[N+]1=C(CC3COP(=O)(O)OP(=O)(O)O3)N=C(C(N)=O)C1=N2,,453.sdf,0,1.3124172687530518,2.527274370193481,10.05299186706543,17.535127639770508
pocketxmol_kat6a_sma_atlas_ext,use,sbdd,,Cn1c[nH+]c2c(nc(Sc3cnc(C(O)c4csc(-c5ccccc5)[nH+]4)[nH]3)n2C)c1=O,,454.sdf,0,1.3569852113723757,2.626159906387329,10.34622859954834,18.2808780670166
pocketxmol_kat6a_sma_atlas_ext,use,sbdd,,O=[N+](O)c1ccc(-c2noc(C(Cc3ccc(F)cc3)P(=O)(O)O)n2)cc1,,455.sdf,0,1.4085594415664673,2.702653884887696,11.561213493347168,18.36952781677246
pocketxmol_kat6a_sma_atlas_ext,use,sbdd,,CC1OC(N2N=CN=C(N)c3nc[nH]c32)C(O)C(O)C1OP(=O)(O)OP(=O)(O)O,,456.sdf,0,1.2449848651885986,2.4225311279296875,10.50505256652832,17.613422393798828
pocketxmol_kat6a_sma_atlas_ext,use,sbdd,,Cc1cnc2c(CC(COP(=O)(O)Oc3ccccc3)CP(=O)(O)O)ncnc2n1,,457.sdf,0,1.3342607021331787,2.583369731903076,10.331632614135742,18.17738914489746
pocketxmol_kat6a_sma_atlas_ext,use,sbdd,,O=C(NC(c1cc(=O)[nH]c2ccc(-c3ccccc3)cc12)P(=O)(O)O)c1ccccc1,,458.sdf,0,1.4502851963043213,2.771143913269043,11.362420082092283,18.51600456237793
pocketxmol_kat6a_sma_atlas_ext,use,sbdd,,,bad,459-bad.sdf,0,1.3330676555633545,2.5818333625793457,11.463129043579102,18.17569732666016
pocketxmol_kat6a_sma_atlas_ext,use,sbdd,,O=C(O)C(c1ccccc1)[n+]1c2cc(C(O)O)c(O)ccc-2c2ncccc21,,460.sdf,0,1.3695186376571655,2.539409875869751,10.64519214630127,17.62692642211914
pocketxmol_kat6a_sma_atlas_ext,use,sbdd,,Nc1nc2c(ncn2CC2OP(=O)(OP(=O)(O)OP(=O)(O)O)OCC2O)c(=O)[nH]1,,461.sdf,0,1.2814980745315552,2.4792397022247314,11.216819763183594,17.968822479248047
pocketxmol_kat6a_sma_atlas_ext,use,sbdd,,COc1ccc(C=C(CP(=O)(O)O)P(=O)(O)CCc2ccccc2)cc1N,,462.sdf,0,1.3199325799942017,2.6718125343322754,10.070990562438965,18.24209785461425
pocketxmol_kat6a_sma_atlas_ext,use,sbdd,,Nc1nc[n+]2c(nc1=O)OC1C2OC2(COP(=O)(O)OP(=O)(O)O)CC12,,463.sdf,0,1.1634937524795532,2.296675682067871,9.791586875915527,17.270652770996094
pocketxmol_kat6a_sma_atlas_ext,use,sbdd,,Nc1nc2nc(C(O)C(O)CCOP(=O)(O)OO[PH](=O)(=O)O)cnc2c(=O)[nH]1,,464.sdf,0,1.237756371498108,2.4610228538513184,10.237164497375488,17.447423934936523
pocketxmol_kat6a_sma_atlas_ext,use,sbdd,,Nc1ncnc2c1ncn2C(O)C(O)C(O)CO[PH](O)(O)OP(=O)(O)O,,465.sdf,0,1.300685167312622,2.4791347980499268,11.559380531311035,17.70914077758789
pocketxmol_kat6a_sma_atlas_ext,use,sbdd,,,bad,466-bad.sdf,0,1.3067768812179563,2.469960927963257,10.110482215881348,17.837215423583984
pocketxmol_kat6a_sma_atlas_ext,use,sbdd,,Nc1nc(=O)c2nc(NC(=O)c3ccccc3COP(=O)(O)O)cnc2[nH]1,,467.sdf,0,1.3687982559204102,2.67587947845459,10.84795093536377,18.012760162353516
pocketxmol_kat6a_sma_atlas_ext,use,sbdd,,Cc1ncc2c(NC(COP(=O)(O)O)Cc3ccccc3)ncnc2n1,,468.sdf,0,1.3312915563583374,2.558643579483032,10.974935531616213,18.11385536193848
pocketxmol_kat6a_sma_atlas_ext,use,sbdd,,Nc1ncnc2c1ncn2CC1OC(COP(=O)(O)OP(=O)(O)O)C(O)C1O,,469.sdf,0,1.3312280178070068,2.604210138320923,11.778589248657228,18.202362060546875
pocketxmol_kat6a_sma_atlas_ext,use,sbdd,,Nc1ncnc2c1ncn2C(O)C(O)C(O)C(O)COP(=O)(O)OP(=O)(O)O,,470.sdf,0,1.3338160514831543,2.491511106491089,11.503485679626465,17.594648361206055
pocketxmol_kat6a_sma_atlas_ext,use,sbdd,,Nc1ncnc2c1ncn2CC1OC(OP(=O)(O)O[PH](O)(O)O)C(O)C1O,,471.sdf,0,1.330838322639465,2.5630550384521484,11.647297859191896,18.100736618041992
pocketxmol_kat6a_sma_atlas_ext,use,sbdd,,CP(=O)(O)OP(=O)(O)CCN1CC(=O)N(c2ccc3ccccc3c2)C1,,472.sdf,0,1.3274970054626465,2.6848161220550537,10.424041748046877,17.72515106201172
pocketxmol_kat6a_sma_atlas_ext,use,sbdd,,CCc1[nH]c2ccccc2c1-c1c(=O)n(-c2ccc(C)[nH+]n2)[nH+]c2ccccc12,,473.sdf,0,1.4422317743301392,2.71117639541626,10.618896484375,18.07027244567871
pocketxmol_kat6a_sma_atlas_ext,use,sbdd,,Nc1ncnc2c1NC=CN2C1OC(COP(=O)(O)OP(=O)(O)O)C1O,,474.sdf,0,1.3040145635604858,2.43570876121521,10.964200973510742,17.749095916748047
pocketxmol_kat6a_sma_atlas_ext,use,sbdd,,O=c1[nH]cnc2c1ncn2C1OC(COP(=O)(O)OP(=O)(O)O)CC(O)C1O,,475.sdf,0,1.3435044288635254,2.540639638900757,11.597512245178224,18.13258552551269
pocketxmol_kat6a_sma_atlas_ext,use,sbdd,,,bad,476-bad.sdf,0,1.3251110315322876,2.5776236057281494,10.64034938812256,17.778900146484375
pocketxmol_kat6a_sma_atlas_ext,use,sbdd,,Cc1ccc2ccc(C3C(=O)OOOC3c3ccccc3)cc2c1,,477.sdf,0,1.428647756576538,2.6889781951904297,9.230721473693848,17.867517471313477
pocketxmol_kat6a_sma_atlas_ext,use,sbdd,,Nc1ncnc2c1ncn2C1OC(COP(=O)(O)O[PH](O)(O)O)CC(O)C1O,,478.sdf,0,1.3440756797790527,2.603833675384521,11.820474624633787,18.150697708129883
pocketxmol_kat6a_sma_atlas_ext,use,sbdd,,,bad,479-bad.sdf,0,1.2891147136688232,2.619500637054444,10.521964073181152,18.3057804107666
pocketxmol_kat6a_sma_atlas_ext,use,sbdd,,Nc1nc2[nH]cccc-2c(=O)n1.O=P(O)(O)OC1OC(O)C(O)C1O,incomp,480-incomp.sdf,0,1.266460418701172,2.5743470191955566,10.77102279663086,17.983226776123047
pocketxmol_kat6a_sma_atlas_ext,use,sbdd,,Nc1ncnc2c1ncn2C1CC(P(=O)(O)OP(=O)(O)O)OC1c1ccccc1,,481.sdf,0,1.3874932527542114,2.711996555328369,11.74779224395752,18.302064895629883
pocketxmol_kat6a_sma_atlas_ext,use,sbdd,,Nc1ncnc2c[n+](C3OC(O[PH](O)(O)OCP(=O)(O)O)C(O)C3O)cnc12,,482.sdf,0,1.3050440549850464,2.649226427078247,11.611289978027344,18.4384708404541
pocketxmol_kat6a_sma_atlas_ext,use,sbdd,,Cn1c[n+](C2OCC(CO[PH](O)(O)OP(=O)(O)OP(=O)(O)O)C(O)C2O)c2ncnc(N)c21,,483.sdf,0,1.292935848236084,2.5788116455078125,11.274434089660645,18.20464134216309
pocketxmol_kat6a_sma_atlas_ext,use,sbdd,,O=C1OCNP(=O)(O)OP(=O)(O)OCC(O)C(O)c2ncnc3c2ncn3CC1O,,484.sdf,0,1.254289150238037,2.497260570526123,10.544339179992676,18.34653854370117
pocketxmol_kat6a_sma_atlas_ext,use,sbdd,,CCC1=Nc2c3c1ncnc3nc(CN1CCC(P(=O)(O)O)C1)[n+]2C,,485.sdf,0,1.3249015808105469,2.6589934825897217,10.582955360412598,17.567493438720703
pocketxmol_kat6a_sma_atlas_ext,use,sbdd,,OC1=C(O)Oc2c(OC(O)c3ccccc3)cc3c(ccc4ccccc43)c2N1,,486.sdf,0,1.4299867153167725,2.656015396118164,9.98822784423828,17.551254272460938
pocketxmol_kat6a_sma_atlas_ext,use,sbdd,,Nc1ncc2cnc[n+](C3OC(O)(COP(=O)(O)OP(=O)(O)O)C3O)c2n1,,487.sdf,0,1.2412116527557373,2.27787184715271,10.422133445739746,17.248205184936523
pocketxmol_kat6a_sma_atlas_ext,use,sbdd,,CC(=O)Nc1ccc(Nc2c(P(=O)(O)O)nnn2-c2ccc(Cl)cc2)cc1,,488.sdf,0,1.3630502223968506,2.696494579315185,11.23093032836914,18.40150260925293
pocketxmol_kat6a_sma_atlas_ext,use,sbdd,,,bad,489-bad.sdf,0,1.4922587871551514,2.8054192066192627,11.59011936187744,17.981861114501953
pocketxmol_kat6a_sma_atlas_ext,use,sbdd,,O=P(O)(O)OCC(c1ccccc1)c1ccc(-c2ccccc2)cc1,,490.sdf,0,1.434235692024231,2.789656400680542,11.292597770690918,18.602739334106445
pocketxmol_kat6a_sma_atlas_ext,use,sbdd,,Nc1ncnc2c1ncn2C1CC(O)C(COP(=O)(O)OP(=O)(O)O)O1,,491.sdf,0,1.307938814163208,2.548734426498413,11.576058387756348,17.861631393432617
pocketxmol_kat6a_sma_atlas_ext,use,sbdd,,CNC(C)(C)c1ccc2nc(N)c3ccc4nc(Oc5ccccc5)cnc4c3c2c1,,492.sdf,0,1.456246018409729,2.59431529045105,9.420302391052246,18.03124618530273
pocketxmol_kat6a_sma_atlas_ext,use,sbdd,,Cc1ccc(C(Cc2cnc3c(N)nc[nH]c2-3)P(=O)(O)OP(=O)(O)O)c[nH+]1,,493.sdf,0,1.4121179580688477,2.726478576660156,11.252219200134276,18.115175247192383
pocketxmol_kat6a_sma_atlas_ext,use,sbdd,,NC1=C2N=CN(C3OC(COP(=O)(O)OP(=O)(O)O)C(O)C3O)C=C2N=CN1,,494.sdf,0,1.3639183044433594,2.617929220199585,11.729690551757812,18.38250541687012
pocketxmol_kat6a_sma_atlas_ext,use,sbdd,,,bad,495-bad.sdf,0,1.416452169418335,2.660327196121216,10.454793930053713,18.2302474975586
pocketxmol_kat6a_sma_atlas_ext,use,sbdd,,Nc1ncnc2c1ncn2C1OC(COP(=O)(O)OP(=O)(O)O)C(O)C1O,,496.sdf,0,1.37807297706604,2.5884408950805664,11.73097038269043,18.11812400817871
pocketxmol_kat6a_sma_atlas_ext,use,sbdd,,NS(=O)(=O)CC(O)CC(NC(=O)c1ccc2[nH+]cccc2c1)c1c[nH]c2ccccc12,,497.sdf,0,1.4210565090179443,2.680940628051758,11.01426124572754,18.423301696777344
pocketxmol_kat6a_sma_atlas_ext,use,sbdd,,Cc1cccc(C(=Nc2cc3ccccc3c(=O)nc2O)P(=O)(O)OP(=O)(O)O)c1,,498.sdf,0,1.3519279956817627,2.568565368652344,9.460164070129396,17.784727096557617
pocketxmol_kat6a_sma_atlas_ext,use,sbdd,,Cc1ccc(C(OP(=O)(O)OP(=O)(O)O)C2=CNc3c(C)cnc4ncnc2c34)cc1,,499.sdf,0,1.469123125076294,2.694472312927246,10.50002384185791,18.18255615234375
pocketxmol_kat6a_sma_atlas_ext,use,sbdd,,Nc1nc(=O)c2ncn(C3OCC(N)C(O)C(O)C3OP(=O)(O)OP(=O)(O)O)c2[nH]1,,500.sdf,0,1.270283341407776,2.4488954544067383,10.784189224243164,18.005475997924805
pocketxmol_kat6a_sma_atlas_ext,use,sbdd,,Cc1ccc2c(c1)c(NC(CC(=O)O)Cc1ccccc1)nc1ccccc12,,501.sdf,0,1.391106367111206,2.79437518119812,11.076269149780272,18.247238159179688
pocketxmol_kat6a_sma_atlas_ext,use,sbdd,,COC(=O)c1cn(-c2ccc[nH+]c2)c(=O)[n+]2c1cc(O)c1c(N)cccc12,,502.sdf,0,1.443259596824646,2.4765756130218506,9.245579719543455,17.340869903564453
pocketxmol_kat6a_sma_atlas_ext,use,sbdd,,,bad,503-bad.sdf,0,1.3474639654159546,2.5539557933807373,11.043658256530762,18.10163688659668
pocketxmol_kat6a_sma_atlas_ext,use,sbdd,,Cc1cccc2ncnc3c(C(CCOP(=O)(O)O)c4ccccc4)cnc-3c12,,504.sdf,0,1.3321806192398071,2.6347410678863525,10.222070693969728,17.94415855407715
pocketxmol_kat6a_sma_atlas_ext,use,sbdd,,O=C1N=C2N=C(C(CCC(P(=O)(O)O)P(=O)(O)O)c3ccccc3)N=C2C(=O)N1,,505.sdf,0,1.2457921504974363,2.480307579040528,10.55779266357422,17.776277542114258
pocketxmol_kat6a_sma_atlas_ext,use,sbdd,,Nc1ncnc2c1ncn2C1OC(COP(=O)(O)OP(=O)(O)O)C1O,,506.sdf,0,1.2369354963302612,2.3531882762908936,11.104048728942873,17.518056869506836
pocketxmol_kat6a_sma_atlas_ext,use,sbdd,,CC1=C2C(=O)N=C[N+](OC3C(COP(=O)(O)O)OC(=O)C(O)C3O)=C2N=N1,,507.sdf,0,1.23674213886261,2.421633720397949,10.430842399597168,17.924907684326172
pocketxmol_kat6a_sma_atlas_ext,use,sbdd,,Cc1ccc2[nH]c(C(=Cc3n[nH]c(-c4ccc[nH+]c4)n3)P(=O)(O)O)nc2c1,,508.sdf,0,1.401587724685669,2.661285877227783,10.030472755432127,18.362428665161133
pocketxmol_kat6a_sma_atlas_ext,use,sbdd,,Cn1cnc2[n+](C(O)C3OOC(COP(=O)(O)O[PH](=O)(=O)O)C3O)cnc-2c1N,,509.sdf,0,1.249659776687622,2.416006565093994,10.51961898803711,17.737573623657227
pocketxmol_kat6a_sma_atlas_ext,use,sbdd,,Nc1ncnc2c1ncn2C1OC(CCOP(=O)(O)OP(=O)(O)O)C(O)C1O,,510.sdf,0,1.3691476583480835,2.55967116355896,11.360529899597168,17.923858642578125
pocketxmol_kat6a_sma_atlas_ext,use,sbdd,,Nc1nc(=O)c2c3c(c(CCc4ccccc4)cnc3n1)NC(COP(=O)(O)O)=N2,,511.sdf,0,1.3253589868545532,2.6562016010284424,10.627574920654297,17.97113609313965
pocketxmol_kat6a_sma_atlas_ext,use,sbdd,,Nc1ncnc2c1ncn2C1CC(O)C(O)C(OP(=O)(O)OP(=O)(O)O)O1,,512.sdf,0,1.357621669769287,2.5692713260650635,11.566553115844728,17.86208724975586
pocketxmol_kat6a_sma_atlas_ext,use,sbdd,,,bad,513-bad.sdf,0,1.3916233777999878,2.549876928329468,10.961904525756836,17.72564697265625
pocketxmol_kat6a_sma_atlas_ext,use,sbdd,,c1ccc(Nc2[nH]c3ccccc3c3c(-c4ccc[nH+]c4)[nH+]nc2-3)[nH+]c1,,514.sdf,0,1.4986823797225952,2.7475900650024414,10.152092933654783,18.219871520996094
pocketxmol_kat6a_sma_atlas_ext,use,sbdd,,Cc1cccc(C2CN(C(=O)c3cc4c(N)ncnc4cn3)C(OP(=O)(O)O)C2O)c1,,515.sdf,0,1.422879338264465,2.6706457138061523,10.82341766357422,18.3916130065918
pocketxmol_kat6a_sma_atlas_ext,use,sbdd,,O=c1ncn(C2CC(O)C(OP(=O)(O)O)C(OP(=O)(O)O)O2)c2ncncc12,,516.sdf,0,1.25495183467865,2.31425142288208,10.926424026489258,17.64545440673828
pocketxmol_kat6a_sma_atlas_ext,use,sbdd,,O=P(O)(O)C1CC2=Nc3cccc4nc(-c5ccccc5)cc(c34)S(=O)(=O)N21,,517.sdf,0,1.3510898351669312,2.5979573726654053,10.52516269683838,18.191272735595703
pocketxmol_kat6a_sma_atlas_ext,use,sbdd,,Nc1ncnc2c1ncn2CC1OC(O[PH](O)(O)OP(=O)(O)O)C(O)C1F,,518.sdf,0,1.3285266160964966,2.606642723083496,11.41561222076416,18.122772216796875
pocketxmol_kat6a_sma_atlas_ext,use,sbdd,,Nc1ncnc2c1ncn2C1CC(OP(=O)(O)OP(=O)(O)O)C(COP(=O)(O)O)O1,,519.sdf,0,1.2837334871292114,2.557783842086792,11.33303928375244,18.27310562133789
pocketxmol_kat6a_sma_atlas_ext,use,sbdd,,Cc1ccc2c3nn(-c4ccc[nH+]c4)c(=O)c-3c(-c3cccc(C(=O)O)c3)[nH]c2c1,,520.sdf,0,1.510167956352234,2.6698403358459477,10.356514930725098,17.986446380615234
pocketxmol_kat6a_sma_atlas_ext,use,sbdd,,Nc1ncnc2c1ncn2C(O)C(CO)COP(=O)(O)OP(=O)(O)O,,521.sdf,0,1.2692475318908691,2.2689096927642822,11.12425422668457,17.290241241455078
pocketxmol_kat6a_sma_atlas_ext,use,sbdd,,Nc1ncccc1-c1noc(-c2nn(-c3ccc(F)cc3)cc2P(=O)(O)O)n1,,522.sdf,0,1.408084750175476,2.6150894165039062,10.273566246032717,18.121442794799805
pocketxmol_kat6a_sma_atlas_ext,use,sbdd,,Cc1nc(N)c2c3c(C)c(CCCCOP(=O)(O)OP(=O)(O)O)nc(C)n3[nH]c1-2,,523.sdf,0,1.2388410568237305,2.4259228706359863,8.531036376953125,17.410057067871094
pocketxmol_kat6a_sma_atlas_ext,use,sbdd,,Cc1ccc(N2CC(P(=O)(O)O)N=C(c3ccc(Cl)cc3)C2=O)c2ccccc12,,524.sdf,0,1.3940728902816772,2.666048526763916,10.479921340942385,18.221603393554688
pocketxmol_kat6a_sma_atlas_ext,use,sbdd,,O=C1C(P(=O)(O)O)N=C(c2ccc3[nH]cnc3c2)CN1c1cccc2[nH]cnc12,,525.sdf,0,1.3906466960906982,2.7373855113983154,10.99789333343506,18.16714859008789
pocketxmol_kat6a_sma_atlas_ext,use,sbdd,,O=C1Oc2c(c(C(=O)O)c(-c3ccccc3)c3ccc([N+](=O)O)cc23)C1=O,,526.sdf,0,1.3856735229492188,2.555241823196411,10.627696990966797,17.495403289794922
pocketxmol_kat6a_sma_atlas_ext,use,sbdd,,O=C(Nc1c[nH]c2ccccc12)NC(CP(=O)(O)O)c1ccc[nH+]c1,,527.sdf,0,1.3465768098831177,2.669954299926758,11.40708351135254,18.0766658782959
pocketxmol_kat6a_sma_atlas_ext,use,sbdd,,Cc1cccc(CN(Cc2c[nH]c(C)c3ncnc2-3)C(=O)CP(=O)(O)O)c1,,528.sdf,0,1.403451681137085,2.777206420898437,10.80056858062744,18.1201286315918
pocketxmol_kat6a_sma_atlas_ext,use,sbdd,,O=C1NC(C(=O)O)COc2cccc3cccc(c23)Nc2ccccc21,,529.sdf,0,1.420676589012146,2.716525077819824,12.104604721069336,18.491273880004883
pocketxmol_kat6a_sma_atlas_ext,use,sbdd,,Nc1nc2c(ncn2C2CC(O)C(O)C(OP(=O)(O)O[PH](=O)(=O)O)O2)c(=O)[nH]1,,530.sdf,0,1.3031100034713743,2.5415055751800537,11.28004264831543,17.916961669921875
pocketxmol_kat6a_sma_atlas_ext,use,sbdd,,NC1=NC(=O)C2=NC=[N+](C3OC(COP(=O)(O)OP(=O)(O)O)C3O)C2=N1,,531.sdf,0,1.2666213512420654,2.4204745292663574,11.214786529541016,17.832292556762695
pocketxmol_kat6a_sma_atlas_ext,use,sbdd,,C[n+]1cn(CC2OC(COP(=O)(O)OP(=O)(O)O)C2O)c2[nH]cnc(=N)c21,,532.sdf,0,1.2610043287277222,2.493870258331299,11.102710723876951,17.784950256347656
pocketxmol_kat6a_sma_atlas_ext,use,sbdd,,Nc1ncnc2c1ncn2C1OCC(OP(=O)(O)OP(=O)(O)O)C1O,,533.sdf,0,1.2625761032104492,2.5111968517303467,11.301871299743652,17.893461227416992
pocketxmol_kat6a_sma_atlas_ext,use,sbdd,,Nc1nc(=O)c2ncn(C3OC(COP(=O)(O)OP(=O)(O)O)C(O)C3O)c2[nH]1,,534.sdf,0,1.4130830764770508,2.617053270339966,11.792343139648438,18.29343605041504
pocketxmol_kat6a_sma_atlas_ext,use,sbdd,,O=c1ncc(Cc2ccccc2)c2[nH]cc(COP(=O)(O)OP(=O)(O)O)nc1-2,,535.sdf,0,1.3783360719680786,2.651341199874878,10.83848476409912,18.12198829650879
pocketxmol_kat6a_sma_atlas_ext,use,sbdd,,Cc1nn2c3c(n(C(OP(=O)(O)O)c4ccc(F)cc4)cc13)C=NC=C2,,536.sdf,0,1.3393301963806152,2.5877585411071777,9.745963096618652,17.702390670776367
pocketxmol_kat6a_sma_atlas_ext,use,sbdd,,Nc1ncnc2c1ncn2C1CCC(O)C(COP(=O)(O)OP(=O)(O)O)O1,,537.sdf,0,1.3356561660766602,2.5666651725769043,11.054366111755373,17.974628448486328
pocketxmol_kat6a_sma_atlas_ext,use,sbdd,,Cn1cnc2[n+](C(O)C3OC(CO[PH](O)(O)OP(=O)(O)O)C3F)cnc-2c1N,,538.sdf,0,1.2115882635116575,2.244171380996704,10.27279567718506,17.271841049194336
pocketxmol_kat6a_sma_atlas_ext,use,sbdd,,c1ccc(-c2cc(-c3cnc4cnc5ncccc5n34)c3ccccc3n2)cc1,,539.sdf,0,1.5270384550094604,2.790720224380493,10.609272003173828,18.293275833129883
pocketxmol_kat6a_sma_atlas_ext,use,sbdd,,,bad,540-bad.sdf,0,1.406539797782898,2.672947645187378,11.15885066986084,18.14525985717773
pocketxmol_kat6a_sma_atlas_ext,use,sbdd,,,bad,541-bad.sdf,0,1.300548076629639,2.3945417404174805,10.510918617248535,17.25750732421875
pocketxmol_kat6a_sma_atlas_ext,use,sbdd,,Nc1ncnc2c1ncn2C(=O)NC(c1ccc(O)cc1)C(O)CP(=O)(O)OP(=O)(O)O,,542.sdf,0,1.3856942653656006,2.6798973083496094,10.856687545776367,18.24469757080078
pocketxmol_kat6a_sma_atlas_ext,use,sbdd,,Nc1ncnc2c1NC=CN2C1OC1C(O)C(O)COP(=O)(O)OP(=O)(O)O,,543.sdf,0,1.2989723682403564,2.490361452102661,10.789908409118652,17.568958282470703
pocketxmol_kat6a_sma_atlas_ext,use,sbdd,,CC(c1ccc(-c2ccc(N(C)C)cc2)cc1)P(=O)(O)c1cnc(-c2ccccc2)cn1,,544.sdf,0,1.4765936136245728,2.8075180053710938,10.268084526062012,18.670284271240234
pocketxmol_kat6a_sma_atlas_ext,use,sbdd,,Nc1ncnc2c1NC=CN2CC1OC(C(O)OP(=O)(O)OP(=O)(O)O)CC1O,,545.sdf,0,1.3437700271606443,2.591965675354004,11.082112312316896,17.944507598876953
pocketxmol_kat6a_sma_atlas_ext,use,sbdd,,Nc1ncnc2c(C(COP(=O)(O)O)c3ccccc3)ccnc12,,546.sdf,0,1.4332046508789062,2.7238645553588867,11.463641166687012,18.19801902770996
pocketxmol_kat6a_sma_atlas_ext,use,sbdd,,,bad,547-bad.sdf,0,1.2884860038757324,2.384002208709717,10.472067832946776,17.20551872253418
pocketxmol_kat6a_sma_atlas_ext,use,sbdd,,Nc1ncnc2c1ncn[n+]2C1OC(CCOP(=O)(O)O[PH](=O)(=O)O)C(O)C1O,,548.sdf,0,1.3627052307128906,2.575845956802368,10.884784698486328,17.972875595092773
pocketxmol_kat6a_sma_atlas_ext,use,sbdd,,CC1OC([N+]2=CN=C3C(=O)N=C(N)N=C32)C(O)C1COP1(=O)O[PH](=O)(=O)O1,,549.sdf,0,1.2350579500198364,2.385340929031372,11.203471183776855,18.09527587890625
pocketxmol_kat6a_sma_atlas_ext,use,sbdd,,CC1=Nc2cc(COP(=O)(O)O)ccc2[NH+]1c1ccc2[nH]c(C)nc(=O)c2c1,,550.sdf,0,1.3739367723464966,2.487779140472412,9.55604362487793,17.569473266601562
pocketxmol_kat6a_sma_atlas_ext,use,sbdd,,Nc1ncnc2c(C(O)C(F)COP(=O)(O)OP(=O)(O)O)c[nH]c12,,551.sdf,0,1.2471644878387451,2.187359571456909,9.595763206481934,16.853626251220703
pocketxmol_kat6a_sma_atlas_ext,use,sbdd,,Cc1ncc2c(nnc3c(CCOP(=O)(O)OP(=O)(O)O)cc(P(=O)(O)O)n32)c1N,,552.sdf,0,1.344441533088684,2.5929040908813477,8.97210693359375,17.63434600830078
pocketxmol_kat6a_sma_atlas_ext,use,sbdd,,O=P(O)(OCC1OC([n+]2cnc3ncncc3c2)C2OC12)O[PH](=O)(=O)O,,553.sdf,0,1.265561819076538,2.4644696712493896,10.906285285949707,18.03665542602539
pocketxmol_kat6a_sma_atlas_ext,use,sbdd,,Nc1ncnc2c1ncn2C1CCC(OP(=O)(O)OP(=O)(O)O)O1,,554.sdf,0,1.3334845304489136,2.493818521499634,10.820194244384766,17.42268180847168
pocketxmol_kat6a_sma_atlas_ext,use,sbdd,,NC1=NC(=O)C2=NC=[N+](C3OC(COP(=O)(O)OP(=O)(O)O)C(O)C3O)C2=N1,,555.sdf,0,1.3732067346572876,2.610570192337036,11.761281967163086,18.21579933166504
pocketxmol_kat6a_sma_atlas_ext,use,sbdd,,,bad,556-bad.sdf,0,1.3653502464294434,2.590808153152466,11.143431663513184,18.41140365600586
pocketxmol_kat6a_sma_atlas_ext,use,sbdd,,Cc1ncnc2c1c(C)c(CN=Cc1nc3ccccc3cc1C(=O)OP(=O)(O)O)n2C,,557.sdf,0,1.3901938199996948,2.7061703205108643,10.986075401306152,18.038373947143555
pocketxmol_kat6a_sma_atlas_ext,use,sbdd,,Nc1cc[n+](CCC(O)C(O)CO[PH](O)(O)OP2(=O)OP(=O)(O)O2)cc(=O)n1,,558.sdf,0,1.13334321975708,2.2283036708831787,9.537088394165039,17.490367889404297
pocketxmol_kat6a_sma_atlas_ext,use,sbdd,,NC(C=Cc1ccccc1Nc1nc(C(=O)O)cc(-c2ccccc2)n1)C(=O)O,,559.sdf,0,1.3605961799621582,2.667569398880005,11.503145217895508,18.569894790649414
pocketxmol_kat6a_sma_atlas_ext,use,sbdd,,O=c1nc[nH]c2c(C(O)c3ccccc3COP(=O)(O)OCP(=O)(O)O)ccnc12,,560.sdf,0,1.4276729822158813,2.6770718097686768,11.175765991210938,18.30018424987793
pocketxmol_kat6a_sma_atlas_ext,use,sbdd,,C[N+]1=C2C(=O)N=CN=C2[N+](C2OC2C(O)C(O)COP(=O)(O)O[PH](=O)(=O)O)=C1,,561.sdf,0,1.269810438156128,2.4002983570098877,11.175628662109375,17.664216995239258
pocketxmol_kat6a_sma_atlas_ext,use,sbdd,,,bad,562-bad.sdf,0,1.2119697332382202,2.2166097164154053,10.813055038452148,17.424036026000977
pocketxmol_kat6a_sma_atlas_ext,use,sbdd,,Cn1c[n+](C2OC(COP(=O)(O)OP(=O)(O)O)C(O)C2O)c2nc(N)[nH]c21,,563.sdf,0,1.237401008605957,2.4114577770233154,10.49347972869873,17.636577606201172
pocketxmol_kat6a_sma_atlas_ext,use,sbdd,,Cc1c(Cc2ccccc2)c2c(-c3ccccc3)n[nH]n2c1C(=O)O,,564.sdf,0,1.2956990003585815,2.5312998294830322,10.033910751342773,17.929109573364258
pocketxmol_kat6a_sma_atlas_ext,use,sbdd,,Nc1nc(N)c2c[n+](C3OC(COP4(=O)OP(=O)(O)O[PH](=O)(=O)O4)C(O)C3O)oc2n1,,565.sdf,0,1.3314905166625977,2.5621697902679443,10.724780082702637,18.479995727539062
pocketxmol_kat6a_sma_atlas_ext,use,sbdd,,Cc1c(-c2ccccc2OP(=O)(O)OP(=O)(O)O)cnc2c(N)ncnc12,,566.sdf,0,1.4731515645980835,2.712308645248413,11.161145210266113,17.77315330505371
pocketxmol_kat6a_sma_atlas_ext,use,sbdd,,Nc1nnc2n(C3CC(O)C(OP(=O)(O)O)C(COP(=O)(O)O)O3)ncnc1-2,,567.sdf,0,1.2379776239395142,2.4515020847320557,10.682154655456543,17.7556209564209
pocketxmol_kat6a_sma_atlas_ext,use,sbdd,,Nc1ccc(Oc2cc(S(=O)(=O)O)ccc2-c2nnc(P(=O)(O)O)o2)cc1,,568.sdf,0,1.3888320922851562,2.650308609008789,10.010685920715332,18.217506408691406
pocketxmol_kat6a_sma_atlas_ext,use,sbdd,,,bad,569-bad.sdf,0,1.274463176727295,2.313643455505371,9.888782501220703,17.06794548034668
pocketxmol_kat6a_sma_atlas_ext,use,sbdd,,CC1(COP(=O)(O)OP(=O)(O)O)OC(n2cnc3c(N)ncnc32)C1O,,570.sdf,0,1.2695643901824951,2.349513530731201,11.174121856689453,17.49066925048828
pocketxmol_kat6a_sma_atlas_ext,use,sbdd,,NC1=C2N=CN(C3CC(O)C(O)C(COP(=O)(O)OP(=O)(O)O)O3)N=C2NC=N1,,571.sdf,0,1.3550333976745605,2.6413302421569824,11.180660247802734,18.513755798339844
pocketxmol_kat6a_sma_atlas_ext,use,sbdd,,Cc1ccc(O)c(C(COP(=O)(O)OP(=O)(O)O)Cn2cnc3c(N)ncnc32)c1,,572.sdf,0,1.374326467514038,2.620443820953369,11.197649002075195,17.79644012451172
pocketxmol_kat6a_sma_atlas_ext,use,sbdd,,CC1=CC=C2NC=NC(NC(Cc3ccccc3)C(O)P(=O)(O)O)=C2C=C1,,573.sdf,0,1.34999680519104,2.6666624546051025,11.241376876831055,18.25038719177246
pocketxmol_kat6a_sma_atlas_ext,use,sbdd,,O=[SH]1(O)C=CCOc2c(ccc3c(O)c(O)ccc23)-c2nc(nc3ccccc23)N1,,574.sdf,0,1.4149305820465088,2.6954948902130127,11.233453750610352,18.322431564331055
pocketxmol_kat6a_sma_atlas_ext,use,sbdd,,Nc1nc(=O)c2ncn(C3OC(OP4(=O)OP(=O)(OP(=O)(O)O)O4)C(O)C3O)c2[nH]1,,575.sdf,0,1.2346477508544922,2.3429133892059326,10.939263343811035,18.076509475708008
pocketxmol_kat6a_sma_atlas_ext,use,sbdd,,Cc1ccc(C(OP(=O)(O)OP(=O)(O)O)c2ccnc3c(N)ncnc23)cc1,,576.sdf,0,1.4315913915634155,2.6590561866760254,11.163323402404785,18.036060333251953
pocketxmol_kat6a_sma_atlas_ext,use,sbdd,,Nc1nc2c(ncn2C2CC(O)C(O)C(OP(=O)(O)OP(=O)(O)O)O2)c(=O)[nH]1,,577.sdf,0,1.3516300916671753,2.558696985244751,11.522374153137207,18.06794548034668
pocketxmol_kat6a_sma_atlas_ext,use,sbdd,,O=C1N2C=C(c3ccc(F)cc3)NC2=C([SH](=O)(O)O)C=C2C=Cc3[nH+]cccc3N12,,578.sdf,0,1.4007741212844849,2.663057565689087,10.313295364379883,17.975980758666992
pocketxmol_kat6a_sma_atlas_ext,use,sbdd,,Cc1cc2nc3c(=O)ncnc-3n(CCC(O)COP(=O)(O)OP(=O)(O)O)c2cc1C,,579.sdf,0,1.3682277202606201,2.581697463989258,10.694732666015625,17.624704360961914
pocketxmol_kat6a_sma_atlas_ext,use,sbdd,,O=c1[nH]c(=O)[n+](C2CCC(OP(=O)(O)O)C(OP(=O)(O)OP(=O)(O)O)O2)c2nc1-2,,580.sdf,0,1.2156044244766235,2.500405788421631,10.512931823730469,18.1570987701416
pocketxmol_kat6a_sma_atlas_ext,use,sbdd,,Nc1cnc2n(C3OC(P(=O)(O)OP(=O)(O)O)C(F)C3O)cncc1-2,,581.sdf,0,1.292493462562561,2.466731548309326,10.361522674560547,17.751483917236328
pocketxmol_kat6a_sma_atlas_ext,use,sbdd,,Cc1nc(NC2CP(=O)(O)OP(=O)(O)O2)nc2c1c(O)nc1ccccc12,,582.sdf,0,1.363694190979004,2.603510856628418,10.977354049682617,17.648651123046875
pocketxmol_kat6a_sma_atlas_ext,use,sbdd,,Cc1ccc2oc3c(N4CCC(P(=O)(O)O)CC4)nc4ccccc4c3c(=O)c2c1,,583.sdf,0,1.494469404220581,2.7953455448150635,11.225006103515625,18.0817813873291
pocketxmol_kat6a_sma_atlas_ext,use,sbdd,,Cc1cccc(CCN(CCP(=O)(O)O)c2ncnc3c2ncn3C)c1,,584.sdf,0,1.3767929077148438,2.7137680053710938,11.088141441345215,17.904930114746094
pocketxmol_kat6a_sma_atlas_ext,use,sbdd,,,bad,585-bad.sdf,0,1.2607344388961792,2.4785749912261963,10.453446388244629,17.650056838989258
pocketxmol_kat6a_sma_atlas_ext,use,sbdd,,CC(=O)c1ccc(C(COP(=O)(O)O)Nc2cnc3c(N)nc(C)nc3c2O)cc1,,586.sdf,0,1.4233471155166626,2.708866834640503,11.039555549621582,18.298786163330078
pocketxmol_kat6a_sma_atlas_ext,use,sbdd,,Nc1ncnc2c1ncn2C1CC(O)C(COP(=O)(O)OP(=O)(O)O)O1,,587.sdf,0,1.2886391878128052,2.553673028945923,11.745762825012207,17.96296501159668
pocketxmol_kat6a_sma_atlas_ext,use,sbdd,,NC1=NN=CNc2c1ncn2C1OC(COP(=O)(O)OP(=O)(O)O)C(O)C1O,,588.sdf,0,1.372262716293335,2.5357508659362793,11.11885929107666,17.8995304107666
pocketxmol_kat6a_sma_atlas_ext,use,sbdd,,O=P(O)(O)OP(=O)(O)OC(Cc1cccc2nccc-2c1O)c1ccc(F)cc1,,589.sdf,0,1.2579268217086792,2.5832910537719727,9.959908485412598,17.899263381958008
pocketxmol_kat6a_sma_atlas_ext,use,sbdd,,Nc1ncnc(C2OC2C(F)C(O)CC(COP(=O)(O)O)P(=O)(O)O)c2ncnc1-2,,590.sdf,0,1.183296799659729,2.396982431411743,9.823246955871582,17.652236938476562
pocketxmol_kat6a_sma_atlas_ext,use,sbdd,,Nc1ncnc2c1ncn2CC1OC(COP(=O)(O)OP(=O)(O)O)C(O)C1O,,591.sdf,0,1.3051470518112183,2.630524158477783,11.843643188476562,18.29519271850586
pocketxmol_kat6a_sma_atlas_ext,use,sbdd,,Nc1ncnc2c1NC=CN2C1CC(O)C(O[PH](O)(O)OP(=O)(O)O)O1,,592.sdf,0,1.3129899501800537,2.5732648372650146,10.915482521057129,17.75242805480957
pocketxmol_kat6a_sma_atlas_ext,use,sbdd,,CC1=CC=C2NC(N=C(P(=O)(O)O)P(=O)(O)O)=c3c[nH+]c4ccccc4c3=C2C=C1,,593.sdf,0,1.3486697673797607,2.721769094467163,11.263861656188965,17.86896514892578
pocketxmol_kat6a_sma_atlas_ext,use,sbdd,,O=P(O)(O)c1[nH]c(-c2cccc3ccccc23)c(-c2ccccc2)[n+]1O,,594.sdf,0,1.4203596115112305,2.6459500789642334,11.22431468963623,18.097537994384766
pocketxmol_kat6a_sma_atlas_ext,use,sbdd,,,bad,595-bad.sdf,0,1.385398268699646,2.6437883377075195,10.33188247680664,17.969690322875977
pocketxmol_kat6a_sma_atlas_ext,use,sbdd,,Nc1ncnc(C2CC(P(=O)(O)OP(=O)(O)O)Nc3ccccc3O2)c2ncnc1-2,,596.sdf,0,1.3157566785812378,2.5658438205718994,10.75979995727539,17.7583065032959
pocketxmol_kat6a_sma_atlas_ext,use,sbdd,,Nc1ncnc2c1ncn2C1OC(COP(=O)(O)O)C(OP(=O)(O)O)OC1O,,597.sdf,0,1.2642560005187988,2.431257724761963,11.092546463012695,17.582746505737305
pocketxmol_kat6a_sma_atlas_ext,use,sbdd,,Nc1ncnc2c1ncn2C1OC(OP(=O)(O)OP(=O)(O)O[PH](O)(O)O)C(O)C1O,,598.sdf,0,1.3398417234420776,2.6098077297210693,11.334485054016113,18.18426513671875
pocketxmol_kat6a_sma_atlas_ext,use,sbdd,,O=C(Nc1nc(O)nc2ccccc12)C(CCP(=O)(O)O)Oc1ccccc1,,599.sdf,0,1.3629977703094482,2.579542636871338,10.982454299926758,18.10828971862793
