data_id,db,task,key,smiles,tag,filename,i_repeat,cfd_traj,cfd_pos,cfd_node,cfd_edge
pocketxmol_ep400_sma_atlas_ext,use,sbdd,,,bad,0-bad.sdf,0,1.3487610816955566,2.608845,9.885828,18.417892
pocketxmol_ep400_sma_atlas_ext,use,sbdd,,,bad,1-bad.sdf,0,1.391565442085266,2.559292,10.327419,18.18699
pocketxmol_ep400_sma_atlas_ext,use,sbdd,,O=C(Oc1cc(=O)n(Cc2ccccc2)c2ccc(O)cc12)c1ccccc1O,,2.sdf,0,1.4133923053741455,2.6028807,10.41104,18.168541
pocketxmol_ep400_sma_atlas_ext,use,sbdd,,Nc1nc2ccc(N3CC(COP(=O)(O)O)C(Cc4cc[nH+]c(O)c4O)C3)cc2[nH]1,,3.sdf,0,1.2925184965133667,2.6656184,10.2759495,18.345707
pocketxmol_ep400_sma_atlas_ext,use,sbdd,,Cc1ccc(C(=O)c2ccccc2C#N)c(Oc2cc(-c3ccco3)nc(N)n2)c1,,4.sdf,0,1.3592184782028198,2.4523768,9.613812,18.246317
pocketxmol_ep400_sma_atlas_ext,use,sbdd,,O=C1CC2OC(=O)C3=Cc4cccc5cc(-c6ccccc6)cc(c45)C(O1)C32,,5.sdf,0,1.3656911849975586,2.5673804,10.163342,17.967222
pocketxmol_ep400_sma_atlas_ext,use,sbdd,,,bad,6-bad.sdf,0,1.503263235092163,2.6841924,10.887038,18.133768
pocketxmol_ep400_sma_atlas_ext,use,sbdd,,O=C1NC(O)c2cc3cc(O)ccc3cc2NC1c1ccc(O)cc1,,7.sdf,0,1.4909892082214355,2.6046023,11.059851,17.756075
pocketxmol_ep400_sma_atlas_ext,use,sbdd,,Cc1ccc2ncc(Cc3ccncc3)c-2cc1.Cc1nccc(-c2ccc(F)cc2)n1,incomp,8-incomp.sdf,0,1.3819220066070557,2.7390866,10.532343,19.253777
pocketxmol_ep400_sma_atlas_ext,use,sbdd,,Cc1nc2c(=O)n(-c3ccc(Oc4ccccc4)cc3)c(=O)n(C)c2nc1C,,9.sdf,0,1.4994783401489258,2.8350909,11.616706,18.44391
pocketxmol_ep400_sma_atlas_ext,use,sbdd,,O=C(O)c1cccc(C(C(=O)c2ccc([N+](=O)O)nc2)c2ccccc2)c1,,10.sdf,0,1.4461666345596311,2.6809964,10.947365,18.7929
pocketxmol_ep400_sma_atlas_ext,use,sbdd,,COc1ccccc1-c1nnn[nH]1.c1ccc(-c2cccc3c[nH+]ccc23)cc1,incomp,11-incomp.sdf,0,1.4613394737243652,2.7579966,10.229022,18.802395
pocketxmol_ep400_sma_atlas_ext,use,sbdd,,Cc1onc(Nc2cccc(F)c2)c1C(=O)N(C)C(=O)Nc1ccc(O)cc1,,12.sdf,0,1.366429090499878,2.5880558,10.640687,18.535015
pocketxmol_ep400_sma_atlas_ext,use,sbdd,,O=C(O)CCCC(C(O)O)C(c1ccc(F)cc1)c1ccc2c(c1)C=CC=CN2,,13.sdf,0,1.3671571016311646,2.793671,11.06025,18.76956
pocketxmol_ep400_sma_atlas_ext,use,sbdd,,O=S(=O)(c1ccccc1)c1nc2cc[s+]c-2n(CO)c1C(O)Nc1ccccc1,,14.sdf,0,1.3138498067855835,2.4869995,10.49662,18.177668
pocketxmol_ep400_sma_atlas_ext,use,sbdd,,O=c1oc2ccccc2c2cc(Oc3ccc(O)cc3)c3ccccc3c12,,15.sdf,0,1.5182621479034424,2.7707975,11.264686,18.059723
pocketxmol_ep400_sma_atlas_ext,use,sbdd,,Oc1ccc(-c2cnc(-c3ccccc3)nc2-c2cccnc2)cc1,,16.sdf,0,1.5264049768447876,2.8767061,11.029488,18.703663
pocketxmol_ep400_sma_atlas_ext,use,sbdd,,O=C(O)c1cc2c(=O)ccnc-2ccc1-c1cccc(O)c1.c1cnccn1,incomp,17-incomp.sdf,0,1.3327282667160034,2.6622148,10.193994,18.575613
pocketxmol_ep400_sma_atlas_ext,use,sbdd,,Nc1ncnc(NC2C(O)OC(COP(=O)(O)O)C3OC23)c2ncnc1-2,,18.sdf,0,1.168857216835022,2.3135922,10.626367,17.529285
pocketxmol_ep400_sma_atlas_ext,use,sbdd,,C1=C2OC(=[NH+]c3ccccc32)c2ccccc2Nc2ccccc2-c2n[nH]nc21,,19.sdf,0,1.4023277759552002,2.648461,9.960381,18.301222
pocketxmol_ep400_sma_atlas_ext,use,sbdd,,Cc1ccc(CCNC(=O)c2c[nH]c(C(=O)O)cc2=O)c2ccccc12,,20.sdf,0,1.393791675567627,2.5240555,9.487655,18.23485
pocketxmol_ep400_sma_atlas_ext,use,sbdd,,Nc1cccc(Oc2ccc3c(c2)-c2oc(=O)c4ccccc4c2COC3=O)c1,,21.sdf,0,1.4144587516784668,2.5603807,10.393219,18.024809
pocketxmol_ep400_sma_atlas_ext,use,sbdd,,O=C1OC2C(O)C(O)C(O)C2OP(=O)(O)OP(=O)(O)O1.O=c1nc[nH]c2cncnc12,incomp,22-incomp.sdf,0,1.175441861152649,2.432625,10.755867,18.448135
pocketxmol_ep400_sma_atlas_ext,use,sbdd,,COc1c(C(=O)N2Cc3ccccc3C(C)(C(=O)O)C2=O)ccc2occc12,,23.sdf,0,1.3222955465316772,2.443852,10.550024,17.836449
pocketxmol_ep400_sma_atlas_ext,use,sbdd,,N#Cc1ccc(-c2ccc3c(ccc(=O)n3-c3ccccc3-c3ccco3)c2)cc1,,24.sdf,0,1.4315708875656128,2.6637275,10.5138235,18.343391
pocketxmol_ep400_sma_atlas_ext,use,sbdd,,Nn1ncn2c3ccccc3nc12.Oc1ccccc1-c1ccccc1,incomp,25-incomp.sdf,0,1.3535760641098022,2.776746,11.165061,18.514313
pocketxmol_ep400_sma_atlas_ext,use,sbdd,,COc1ccc(C(NC(=O)C(c2ccccc2)n2cnnc2)C(=O)O)cc1,,26.sdf,0,1.3346672058105469,2.5890062,11.472579,18.907352
pocketxmol_ep400_sma_atlas_ext,use,sbdd,,O=C(O)C(c1ccc(F)cc1)c1nc(C(=O)N2CCc3ccccc3C2)ccc1O,,27.sdf,0,1.403041958808899,2.6472285,10.707653,18.580044
pocketxmol_ep400_sma_atlas_ext,use,sbdd,,Nc1ncnc2c1ncn2C1OCC(OP(=O)(O)OP(=O)(O)O)C(O)C1O,,28.sdf,0,1.3112629652023315,2.511915,11.485542,18.019205
pocketxmol_ep400_sma_atlas_ext,use,sbdd,,Oc1ccc(-c2ccc3c(c2)c2cccc4c2n3C=CC=C4)c2ccccc12,,29.sdf,0,1.49285888671875,2.7163758,10.375838,17.640017
pocketxmol_ep400_sma_atlas_ext,use,sbdd,,CC(Cc1ccccc1-n1cccn1)NC(=O)c1cc(C(=O)O)c2ccccc2c1,,30.sdf,0,1.3755862712860107,2.5124085,9.83919,18.071264
pocketxmol_ep400_sma_atlas_ext,use,sbdd,,Oc1ccc2c(c1)-c1ncccc1C(c1cccc3ccccc13)OC2,,31.sdf,0,1.4476943016052246,2.6859682,10.447234,18.19124
pocketxmol_ep400_sma_atlas_ext,use,sbdd,,O=C(Nc1ccccc1)C1=CN(c2ccccc2)NN1Cc1ccccc1,,32.sdf,0,1.4302794933319092,2.7343369,10.421592,18.772259
pocketxmol_ep400_sma_atlas_ext,use,sbdd,,,bad,33-bad.sdf,0,1.312731146812439,2.5562408,10.876511,18.468323
pocketxmol_ep400_sma_atlas_ext,use,sbdd,,Cc1cc(=O)nc2c(-c3cccc4c3ncc3ccccc34)cccc2n1,,34.sdf,0,1.4599766731262207,2.6333578,10.189226,17.377573
pocketxmol_ep400_sma_atlas_ext,use,sbdd,,O=c1c2ccccc2c(-c2ccc(-c3ccccc3)cc2)cn1Cc1ccccc1Cl,,35.sdf,0,1.509252905845642,2.840883,11.114856,18.630468
pocketxmol_ep400_sma_atlas_ext,use,sbdd,,Cc1ccc(CC(c2ccccc2)c2cc(N)ccc2-c2ccccc2)cc1,,36.sdf,0,1.4213327169418335,2.7608588,10.5644045,18.869955
pocketxmol_ep400_sma_atlas_ext,use,sbdd,,CN1NC(O)=C2N=CN(CCc3ncc(-c4ccc(F)cc4)[nH]3)C(=O)N=C21,,37.sdf,0,1.2727893590927124,2.3997345,8.111126,17.25899
pocketxmol_ep400_sma_atlas_ext,use,sbdd,,O=C(Nc1ccc(-c2cccc[nH+]2)cc1)C1=[NH+]c2[nH]c3ccccc3c2C1,,38.sdf,0,1.4242497682571411,2.6548269,10.526023,18.134104
pocketxmol_ep400_sma_atlas_ext,use,sbdd,,,bad,39-bad.sdf,0,1.372494339942932,2.6048386,10.685754,18.200266
pocketxmol_ep400_sma_atlas_ext,use,sbdd,,CC(=O)N(C(=O)c1ccccc1)C1CCN(Cc2ccc(O)cc2)C1,,40.sdf,0,1.2964764833450315,2.5728803,10.878549,18.186861
pocketxmol_ep400_sma_atlas_ext,use,sbdd,,O=C(O)c1ccc2c(c1)C1=CNc3ccccc3C1=Nc1ccc[nH+]c1-2,,41.sdf,0,1.460745334625244,2.7490046,10.830557,18.025637
pocketxmol_ep400_sma_atlas_ext,use,sbdd,,CC(=O)N(c1c[nH+]cc(-c2ccc[nH+]c2)c1)c1cccc2[nH]nc(C(=O)O)c12,,42.sdf,0,1.4399094581604004,2.604834,9.657745,17.889763
pocketxmol_ep400_sma_atlas_ext,use,sbdd,,Oc1cccc(N2CC(O)C(O)C2c2ccc3ccc[n+]4c3c2C=C4)c1,,43.sdf,0,1.4151246547698977,2.494574,9.972992,17.490528
pocketxmol_ep400_sma_atlas_ext,use,sbdd,,O=C(CN1C=NN(c2ccccc2)c2ccccc21)Nc1ccccc1C(=O)O,,44.sdf,0,1.493685245513916,2.725743,11.554597,18.723095
pocketxmol_ep400_sma_atlas_ext,use,sbdd,,CN(C)C(=O)c1cnc2c(=O)[nH]c(=O)c(Cc3ccc4ccccc4n3)c-2[nH]1,,45.sdf,0,1.4716013669967651,2.6954155,11.244217,18.315948
pocketxmol_ep400_sma_atlas_ext,use,sbdd,,O=C(Nc1cccc(-c2ccccc2)n1)C(Oc1ccccc1)c1ccccc1,,46.sdf,0,1.4324111938476562,2.7999048,11.251546,19.129444
pocketxmol_ep400_sma_atlas_ext,use,sbdd,,O=C(O)C(N=Cc1ccc(F)c(Oc2cccc(F)c2)c1O)c1ccc(O)cc1,,47.sdf,0,1.3803184032440186,2.6149888,10.43108,18.39206
pocketxmol_ep400_sma_atlas_ext,use,sbdd,,c1ccc(Cn2c3ccccc3c3nc4c5ccc[n+]-5cccc4nc32)cc1,,48.sdf,0,1.447672724723816,2.752003,10.237411,17.880976
pocketxmol_ep400_sma_atlas_ext,use,sbdd,,O=C(O)CCNC(=O)c1ccc2c(c1)c(Nc1cnccn1)nc1cccnc12,,49.sdf,0,1.4331310987472534,2.771102,10.835394,18.750591
pocketxmol_ep400_sma_atlas_ext,use,sbdd,,Nc1ncnc2c1ncn2C1CC(O)C(O)C(COP(=O)(O)OP(=O)(O)O)O1,,50.sdf,0,1.3184421062469482,2.5581068992614746,11.76949405670166,18.43636512756348
pocketxmol_ep400_sma_atlas_ext,use,sbdd,,Cc1ccc2cccc3c2c1OC(C1=[N+](Cc2ccc(O)cc2)C=NC1=O)=C3,,51.sdf,0,1.4289746284484863,2.719166278839112,10.773211479187012,18.108003616333008
pocketxmol_ep400_sma_atlas_ext,use,sbdd,,NC1=NC(=O)C2=NC=[N+](C3COC(COP(=O)(O)OP(=O)(O)O)C(O)C3O)C2=N1,,52.sdf,0,1.315305471420288,2.5534284114837646,11.554327964782717,18.6085147857666
pocketxmol_ep400_sma_atlas_ext,use,sbdd,,O=c1oc2ccccc2c2c3ccccc3c3cccnc3c12,,53.sdf,0,1.4218497276306152,2.714540958404541,11.135860443115234,17.487014770507812
pocketxmol_ep400_sma_atlas_ext,use,sbdd,,,bad,54-bad.sdf,0,1.4126994609832764,2.717501878738404,10.2232666015625,18.02964210510254
pocketxmol_ep400_sma_atlas_ext,use,sbdd,,O=c1nc2c(O)c3c([SH](=O)(O)O)cccc3nc2c(Nc2ccccc2)[nH]1,,55.sdf,0,1.4612953662872314,2.615201950073242,11.059582710266112,17.542631149291992
pocketxmol_ep400_sma_atlas_ext,use,sbdd,,,bad,56-bad.sdf,0,1.3982270956039429,2.592196226119995,10.100576400756836,17.74948501586914
pocketxmol_ep400_sma_atlas_ext,use,sbdd,,CC1=C2C=C(c3ccccc3)[NH+]=C2C=N1.Cc1cccc2cc3c([nH+]c12)=NC1=NN=C[N+]=31,incomp,57-incomp.sdf,0,1.4218465089797974,2.7237820625305176,9.176939010620115,17.920734405517578
pocketxmol_ep400_sma_atlas_ext,use,sbdd,,O=c1[nH]c2c(c(=O)[nH]1)-c1ccc3ccccc3c1C=CN2c1ccccc1,,58.sdf,0,1.4395246505737305,2.5554068088531494,10.738128662109377,17.376651763916016
pocketxmol_ep400_sma_atlas_ext,use,sbdd,,,bad,59-bad.sdf,0,1.3186694383621216,2.566255569458008,10.522998809814451,18.33979606628418
pocketxmol_ep400_sma_atlas_ext,use,sbdd,,N=c1[nH]cnc2c(CC(OP(=O)(O)O)C(=O)N3C=CC4=CC=CC=CC4=C3)ccnc12,,60.sdf,0,1.4225220680236816,2.660495042800904,10.402538299560549,17.999685287475586
pocketxmol_ep400_sma_atlas_ext,use,sbdd,,O=C(O)C1OC([n+]2cccc3cncnc32)C(O)C1OP(=O)(O)OP(=O)(O)O,,61.sdf,0,1.2834073305130005,2.405356168746948,10.26942253112793,17.991588592529297
pocketxmol_ep400_sma_atlas_ext,use,sbdd,,C=C1Nc2c(N)ncnc2N2C(O)C(O)C(CC3OC(OP(=O)(O)O)C(O)C3O)C12,,62.sdf,0,1.2486697435379028,2.549532651901245,10.561471939086914,18.38178062438965
pocketxmol_ep400_sma_atlas_ext,use,sbdd,,,bad,63-bad.sdf,0,1.4238731861114502,2.63635778427124,11.392271995544434,18.417049407958984
pocketxmol_ep400_sma_atlas_ext,use,sbdd,,O=C(c1ccc(C(CNCC2CCCCC2)[n+]2ccccc2)cc1)N1CCOCC1,,64.sdf,0,1.3260862827301023,2.703267335891724,10.538812637329102,18.92086410522461
pocketxmol_ep400_sma_atlas_ext,use,sbdd,,COc1ccc(S(=O)(=O)C2=Cc3c(ccn(C)c3=O)Nc3ccccc32)cc1,,65.sdf,0,1.432468056678772,2.654256820678711,11.149493217468262,18.430355072021484
pocketxmol_ep400_sma_atlas_ext,use,sbdd,,Nc1ccc(Oc2cc(C3=CNC=CC(c4ccccc4)=N3)ccc2O)cc1,,66.sdf,0,1.3508762121200562,2.6973206996917725,10.209436416625977,18.56722450256348
pocketxmol_ep400_sma_atlas_ext,use,sbdd,,Nc1ncnc2c1ncn2C1OC(OP(=O)(O)O)C(O)C1COP(=O)(O)O,,67.sdf,0,1.3252403736114502,2.675336599349976,11.594700813293455,18.420711517333984
pocketxmol_ep400_sma_atlas_ext,use,sbdd,,c1ccc(Oc2ccc(NCCc3ncc4ccncc4n3)cc2)cc1,,68.sdf,0,1.391895771026611,2.7192037105560303,9.919116973876951,18.23706817626953
pocketxmol_ep400_sma_atlas_ext,use,sbdd,,O=C(NCCOc1ccc(-c2cn[nH]c2)cc1)c1cccc(-c2ccccc2)c1,,69.sdf,0,1.3868248462677002,2.6657872200012207,10.48683261871338,18.972999572753903
pocketxmol_ep400_sma_atlas_ext,use,sbdd,,O=c1ccc(-c2ccccc2)nn1-c1ccc2ccc3ccccc3c2c1,,70.sdf,0,1.5101858377456665,2.873182773590088,11.24427890777588,17.91634178161621
pocketxmol_ep400_sma_atlas_ext,use,sbdd,,,bad,71-bad.sdf,0,1.2761306762695312,2.506059408187866,9.741791725158691,17.383874893188477
pocketxmol_ep400_sma_atlas_ext,use,sbdd,,O=C(Cc1cccnc1)OC1CCCCc2ncnc3cccc1c23,,72.sdf,0,1.3697222471237185,2.6995763778686523,9.902286529541016,18.076509475708008
pocketxmol_ep400_sma_atlas_ext,use,sbdd,,Cn1c(NC(Nc2ccccc2)c2ccccc2)c2c(nc1=O)NON2,,73.sdf,0,1.3579756021499634,2.5829265117645264,10.259103775024414,18.14209747314453
pocketxmol_ep400_sma_atlas_ext,use,sbdd,,Nc1ccccc1C1=c2c(ccc3c2=Cc2ccccc2C(O)=C3)OC(O)=C1O,,74.sdf,0,1.3794283866882324,2.500524044036865,9.871297836303713,17.776397705078125
pocketxmol_ep400_sma_atlas_ext,use,sbdd,,COC(=O)CC(C(=O)N(Cc1ccccc1)c1ccccc1)c1ccccc1,,75.sdf,0,1.3302520513534546,2.6350879669189453,11.625246047973633,18.9283390045166
pocketxmol_ep400_sma_atlas_ext,use,sbdd,,O=[N+](O)CC(Nc1ccnc2ccccc12)c1ccnn1-c1cccc(Cl)c1,,76.sdf,0,1.3436784744262695,2.73469877243042,10.87249755859375,18.516096115112305
pocketxmol_ep400_sma_atlas_ext,use,sbdd,,Fc1ccc(-n2ccc(Cc3ccccc3)c2-c2ccccc2)cc1,,77.sdf,0,1.409244418144226,2.6953961849212646,9.714543342590332,18.401826858520508
pocketxmol_ep400_sma_atlas_ext,use,sbdd,,Nc1ncnc2c1ncn2C1OC(COP(=O)(O)NP(=O)(O)OP(=O)(O)O)C(O)C1O,,78.sdf,0,1.3809088468551636,2.5406649112701416,11.444997787475586,18.982738494873047
pocketxmol_ep400_sma_atlas_ext,use,sbdd,,Cc1cccc2c1cc1c3c(cn4c5ccccc5nc14)c[n+]1c(=O)nc2c31,,79.sdf,0,1.4592552185058594,2.658375263214112,9.92185115814209,17.245832443237305
pocketxmol_ep400_sma_atlas_ext,use,sbdd,,Nc1cc(Nc2ccccc2Nc2ccccc2N)n(-c2ccccc2)n1,,80.sdf,0,1.4354110956192017,2.7645280361175537,10.66028881072998,18.48870086669922
pocketxmol_ep400_sma_atlas_ext,use,sbdd,,CC(=O)Nc1ccc(Cl)cc1Cn1nc(-c2ccccc2)c2nc3ccccc3nc21,,81.sdf,0,1.4563945531845093,2.808276653289795,11.575383186340332,18.66475486755371
pocketxmol_ep400_sma_atlas_ext,use,sbdd,,O=[SH]1(O)CC(c2ccnc3c(O)ncnc23)C(C(c2ccccc2)c2ccccc2)C1,,82.sdf,0,1.4818623065948486,2.732089042663574,11.035085678100586,19.060731887817383
pocketxmol_ep400_sma_atlas_ext,use,sbdd,,O=C(Cc1ccccc1)Nc1nc(-c2c[nH]c3ccccc23)cc(=O)[nH]1,,83.sdf,0,1.4305424690246582,2.6882503032684326,10.709650993347168,18.14863395690918
pocketxmol_ep400_sma_atlas_ext,use,sbdd,,Cc1[nH]c2ccccc2c1C(=O)N(CC(=O)O)c1cccc2[nH]c(-c3ccc(F)cc3)cc12,,84.sdf,0,1.4351491928100586,2.7898313999176025,11.233463287353516,18.68805694580078
pocketxmol_ep400_sma_atlas_ext,use,sbdd,,Cc1ccc(N(Cc2ccc(F)cc2)C(=O)c2ccccc2)c(-n2cccn2)n1,,85.sdf,0,1.3415989875793457,2.654785394668579,10.532163619995115,18.525928497314453
pocketxmol_ep400_sma_atlas_ext,use,sbdd,,Cc1ccc2[nH]c(N)c(C(=O)NCc3ccccc3-c3cccc4[nH+]ccn34)c2c1,,86.sdf,0,1.433404564857483,2.673567771911621,9.877469062805176,18.55300521850586
pocketxmol_ep400_sma_atlas_ext,use,sbdd,,Cc1ccc(OC(C(O)=Nn2c(=O)c3ccccc3n(C)c2=O)C(C)(C)C)cc1,,87.sdf,0,1.3331985473632812,2.378420352935791,10.098395347595217,18.14763832092285
pocketxmol_ep400_sma_atlas_ext,use,sbdd,,Nc1ccc(C(=O)c2c(NC(O)c3cnc4ccccc[n+]3-4)cc(O)oc2=O)cc1,,88.sdf,0,1.4000681638717651,2.456197500228882,9.439346313476562,18.003070831298828
pocketxmol_ep400_sma_atlas_ext,use,sbdd,,CC1=[NH+]C(=O)C2=C1C=C1C(=C3Nc4ccccc4[N+]([O-])=C3C13CC3)C=C2,,89.sdf,0,1.3285207748413086,2.439394474029541,8.734891891479492,17.278404235839844
pocketxmol_ep400_sma_atlas_ext,use,sbdd,,CCOC(O)C(Cc1ccc(N)cc1)[n+]1c(O)c(C(N)=O)cc2c(=O)ncnnc21,,90.sdf,0,1.2731506824493408,2.4716832637786865,10.13295078277588,18.41230773925781
pocketxmol_ep400_sma_atlas_ext,use,sbdd,,N=C1N=C2C(=CN2C2CC(O)C(COP(=O)(O)OP3(=O)OP(=O)(O)O3)O2)C(=O)N1,,91.sdf,0,1.201621651649475,2.360147714614868,11.277026176452637,18.69896507263184
pocketxmol_ep400_sma_atlas_ext,use,sbdd,,Cc1cc(C(=O)c2ccccc2OCCc2ccccc2)cn1-c1ccccc1O,,92.sdf,0,1.3770670890808103,2.6380412578582764,10.448935508728027,18.97066116333008
pocketxmol_ep400_sma_atlas_ext,use,sbdd,,Cn1ncc2nc3cc(C(=O)Nc4c[nH]c5ccccc45)ccc3[nH+]c21,,93.sdf,0,1.4824833869934082,2.610769033432007,10.637496948242188,17.728734970092773
pocketxmol_ep400_sma_atlas_ext,use,sbdd,,COC(=O)C(CO)Nc1c2[n+](c3cccc4[nH+]c(O)cc1c43)=CN=C2,,94.sdf,0,1.335062861442566,2.422069787979126,8.958368301391602,16.644872665405273
pocketxmol_ep400_sma_atlas_ext,use,sbdd,,Nc1ncnc2c1ncn2C1C(O)C2(O)C(O)C(COP(=O)(O)OP(=O)(O)O)OC12,,95.sdf,0,1.284503936767578,2.500347375869751,11.628320693969728,18.349897384643555
pocketxmol_ep400_sma_atlas_ext,use,sbdd,,O=C(O)c1ccc2c(=O)c3cc4cccc(-c5cccnc5)c4oc-3nc2c1,,96.sdf,0,1.5380921363830566,2.815379858016968,11.079327583312988,18.35038948059082
pocketxmol_ep400_sma_atlas_ext,use,sbdd,,Cc1cccc(CN(c2cccc3ncccc23)C(O)c2cnn3cncnc23)c1,,97.sdf,0,1.419501543045044,2.693774700164795,10.85106372833252,18.52753257751465
pocketxmol_ep400_sma_atlas_ext,use,sbdd,,,bad,98-bad.sdf,0,1.450786590576172,2.61673641204834,9.376669883728027,17.28346824645996
pocketxmol_ep400_sma_atlas_ext,use,sbdd,,CN(C(=O)COc1ccccc1-c1ccccc1)c1ccc2ccccc2c1,,99.sdf,0,1.4365462064743042,2.7359695434570312,10.857549667358398,18.49082946777344
pocketxmol_ep400_sma_atlas_ext,use,sbdd,,CN(C(=O)Nc1ccc2c(c1)OCO2)c1ccccc1-c1ccccc1,,100.sdf,0,1.4187545776367188,2.628049373626709,11.238210678100586,18.196674346923828
pocketxmol_ep400_sma_atlas_ext,use,sbdd,,Cc1cc(C(=O)Nc2cccc3ccccc23)cc(-c2ccccc2)n1,,101.sdf,0,1.4995297193527222,2.7459170818328857,10.773642539978027,18.20302963256836
pocketxmol_ep400_sma_atlas_ext,use,sbdd,,,bad,102-bad.sdf,0,1.4334923028945925,2.626549482345581,9.490811347961426,17.556270599365234
pocketxmol_ep400_sma_atlas_ext,use,sbdd,,c1ccc(-c2cc(Nc3c4ccccc4nc4nccnc34)ccn2)cc1,,103.sdf,0,1.542439579963684,2.922396659851074,11.18254852294922,18.50590705871582
pocketxmol_ep400_sma_atlas_ext,use,sbdd,,O=C1N=C2N=C(c3ccco3)NN2C=CN1C(=O)c1[nH+]onc1-c1ccccc1,,104.sdf,0,1.2762742042541504,2.479473352432251,9.800621032714844,17.920433044433594
pocketxmol_ep400_sma_atlas_ext,use,sbdd,,Cn1cnc2c(C=CC(=O)N3CCc4ccccc4C3O)ccc(O)c21,,105.sdf,0,1.3391553163528442,2.6407148838043213,10.62580680847168,17.912403106689453
pocketxmol_ep400_sma_atlas_ext,use,sbdd,,Nc1ncnc2c(CC=C(O)NCc3cc4ccccc4nc3O)ncnc12,,106.sdf,0,1.433038353919983,2.6783509254455566,10.493569374084473,18.08356285095215
pocketxmol_ep400_sma_atlas_ext,use,sbdd,,CCCC(NC(=O)C(CC(=O)O)c1cc2ccc(C)cc2[nH]1)c1ccccc1,,107.sdf,0,1.3209445476531982,2.672960996627808,10.018208503723145,18.54572105407715
pocketxmol_ep400_sma_atlas_ext,use,sbdd,,,bad,108-bad.sdf,0,1.352481722831726,2.383463382720948,9.561899185180664,18.10331344604492
pocketxmol_ep400_sma_atlas_ext,use,sbdd,,N=C(Nc1cc(-c2ccccc2)nc2ccc(F)cc12)N1CCC(c2ccccc2)C1,,109.sdf,0,1.4701498746871948,2.648148536682129,9.453418731689451,18.473291397094727
pocketxmol_ep400_sma_atlas_ext,use,sbdd,,O=C(Nc1ccccc1)c1ccccc1-c1cnc2ccccc2n1,,110.sdf,0,1.3947763442993164,2.6594793796539307,10.466510772705078,18.16279602050781
pocketxmol_ep400_sma_atlas_ext,use,sbdd,,COC(=O)CCNC(O)c1cn(-c2ccccc2)c2ccc(-n3cnnn3)cc12,,111.sdf,0,1.3693476915359497,2.6599037647247314,10.832818031311035,18.5575008392334
pocketxmol_ep400_sma_atlas_ext,use,sbdd,,Nc1nc2[nH]c3c(nc-2c(=O)n1)OC(COP(=O)(O)OP(=O)(O)O)C3O,,112.sdf,0,1.3657890558242798,2.6674158573150635,11.275843620300291,18.16611862182617
pocketxmol_ep400_sma_atlas_ext,use,sbdd,,O=P(O)(O)Cc1cc2nnc(-c3ccc4cccnc4c3)n2c2ccccc12,,113.sdf,0,1.4838632345199585,2.7249202728271484,10.505854606628418,17.885456085205078
pocketxmol_ep400_sma_atlas_ext,use,sbdd,,Cc1cccc2cc(N3OC(=O)C(=CCC(O)c4ccc(F)c(F)c4)C3=O)[nH]c12,,114.sdf,0,1.3908393383026123,2.68168044090271,10.196371078491213,18.73390769958496
pocketxmol_ep400_sma_atlas_ext,use,sbdd,,NC(=O)c1ccccc1-c1cccc(-c2cnc(-c3ccc(F)cc3)cc2O)n1,,115.sdf,0,1.456373929977417,2.713529109954834,10.243826866149902,18.31385040283203
pocketxmol_ep400_sma_atlas_ext,use,sbdd,,OC1NC(c2ccc(F)cc2)c2cnc(=Nc3ncc[nH]3)[nH]c2N1Cc1ccccc1,,116.sdf,0,1.4038221836090088,2.686140537261963,10.685654640197754,19.313783645629883
pocketxmol_ep400_sma_atlas_ext,use,sbdd,,On1cc(-c2ncnc3nc4nc5ccccc5cc4cc23)c2ccccc21,,117.sdf,0,1.4752916097640991,2.784879207611084,11.083876609802246,17.874502182006836
pocketxmol_ep400_sma_atlas_ext,use,sbdd,,CC1C(=O)C(=Cc2ccc(O)c(O)c2)CCN1Cc1cccc2ccccc12,,118.sdf,0,1.4006577730178833,2.5928895473480225,9.896815299987791,18.10124015808105
pocketxmol_ep400_sma_atlas_ext,use,sbdd,,CS(=O)(=O)Nc1c[nH+]c2cnc(-c3ccccc3)cc2c1-c1c[nH]c2ccccc12,,119.sdf,0,1.4446475505828855,2.6153998374938965,10.368903160095217,18.210268020629883
pocketxmol_ep400_sma_atlas_ext,use,sbdd,,O=C1N=C(Nc2ccccc2)[S+]=C1c1nc2ccccc2nc1-c1ncco1,,120.sdf,0,1.4038515090942385,2.711553812026977,11.126861572265623,18.28842735290528
pocketxmol_ep400_sma_atlas_ext,use,sbdd,,COc1ccc[n+]2c(-c3ccc(-c4ccccc4)cc3)c(C(=O)O)cc-2c1,,121.sdf,0,1.4546626806259155,2.749394416809082,10.87013053894043,18.0961971282959
pocketxmol_ep400_sma_atlas_ext,use,sbdd,,O=C(NC(c1cnc[nH+]c1)c1ccc2[nH]c(=O)oc2c1)c1ccc(O)cc1,,122.sdf,0,1.3698326349258425,2.484201192855835,10.038561820983888,18.15609169006348
pocketxmol_ep400_sma_atlas_ext,use,sbdd,,Cc1ccc2[nH]c3c4ccccc4c(C(=O)NCc4ccc(O)cc4)c-3nc2c1,,123.sdf,0,1.4762518405914309,2.7039952278137207,10.631207466125488,18.0603141784668
pocketxmol_ep400_sma_atlas_ext,use,sbdd,,O=C(NCCOc1ccccc1)C1(Cc2ccc3ccccc3c2)CCCC1,,124.sdf,0,1.2826286554336548,2.690315723419189,10.423470497131348,18.33784294128418
pocketxmol_ep400_sma_atlas_ext,use,sbdd,,Cc1ncnc2ccc(C(NC(=O)c3nccs3)c3cccnc3)cc12,,125.sdf,0,1.3078417778015137,2.577178478240967,9.994155883789062,18.24910354614257
pocketxmol_ep400_sma_atlas_ext,use,sbdd,,O=c1[nH]cc2ccc3c-2n1CC=Nc1cccc2cccc(c12)C3,,126.sdf,0,1.3298022747039795,2.46505093574524,9.390953063964844,17.135461807250977
pocketxmol_ep400_sma_atlas_ext,use,sbdd,,Cc1cc2c(cn1)nc(Nc1ccccc1C(N)=O)n2Cc1ccc(O)cc1,,127.sdf,0,1.4558049440383911,2.7471158504486084,10.722125053405762,18.851463317871094
pocketxmol_ep400_sma_atlas_ext,use,sbdd,,,bad,128-bad.sdf,0,1.4195656776428225,2.580770492553711,10.762885093688965,18.02415657043457
pocketxmol_ep400_sma_atlas_ext,use,sbdd,,Cc1ccc(C2CCn3c4ccccc4c(=O)c4nc(=O)[nH]c(c43)O2)c(C)c1,,129.sdf,0,1.4221901893615725,2.505983352661133,10.135238647460938,17.760238647460938
pocketxmol_ep400_sma_atlas_ext,use,sbdd,,O=C1N=C(C(N=C(O)c2ccccc2)c2c[nH]c3ccccc23)C(=O)N1,,130.sdf,0,1.377569556236267,2.5786705017089844,10.99496078491211,18.68185806274414
pocketxmol_ep400_sma_atlas_ext,use,sbdd,,O=C1Nc2cnccc2C(c2ccc(O)cc2)NC1c1c[nH]c2ccccc12,,131.sdf,0,1.431039571762085,2.618141889572144,10.8247652053833,18.702726364135746
pocketxmol_ep400_sma_atlas_ext,use,sbdd,,,bad,132-bad.sdf,0,1.3462212085723877,2.58569884300232,9.588809967041016,17.697416305541992
pocketxmol_ep400_sma_atlas_ext,use,sbdd,,CCC(NCc1c(OC2CN(C)CNC2=O)ccc2[nH]cnc12)c1ccccc1F,,133.sdf,0,1.2458008527755735,2.4705495834350586,9.442611694335938,17.934083938598633
pocketxmol_ep400_sma_atlas_ext,use,sbdd,,O=C(NC(Cc1ccc[nH+]c1)c1cccc(F)c1)c1[nH]ccc1-c1ccccc1,,134.sdf,0,1.3198416233062744,2.56158185005188,9.77442455291748,18.98921203613281
pocketxmol_ep400_sma_atlas_ext,use,sbdd,,Nc1[nH+]cc2[nH]c3ccccc3c2c1N=C1CCc2ccccc2[NH+]=C1O,,135.sdf,0,1.3602124452590942,2.600334405899048,10.254475593566896,17.876338958740234
pocketxmol_ep400_sma_atlas_ext,use,sbdd,,Nc1ncnc2c1ncn2C1OC(COP(=O)(O)O)C(COP(=O)(O)O)C1O,,136.sdf,0,1.3323456048965454,2.577117681503296,11.712252616882324,18.58986091613769
pocketxmol_ep400_sma_atlas_ext,use,sbdd,,Nc1ncnc2c1ncn2C1CC(O)C(C(COP(=O)(O)O)OP(=O)(O)O)O1,,137.sdf,0,1.3281227350234983,2.6142821311950684,11.893424987792969,18.32559585571289
pocketxmol_ep400_sma_atlas_ext,use,sbdd,,c1ccc2c(c1)OCCO2.c1ccn2nc(CN3CCCCC3)nc2c1,incomp,138-incomp.sdf,0,1.3450307846069336,2.764521598815918,11.971309661865234,18.35702896118164
pocketxmol_ep400_sma_atlas_ext,use,sbdd,,,bad,139-bad.sdf,0,1.360299587249756,2.519684076309204,10.101689338684082,17.8139705657959
pocketxmol_ep400_sma_atlas_ext,use,sbdd,,,bad,140-bad.sdf,0,1.3050962686538696,2.326566219329834,10.349505424499512,17.706260681152344
pocketxmol_ep400_sma_atlas_ext,use,sbdd,,CC(=O)Nc1ccc2nc(O)c(Oc3cccc4ccccc34)cc2c1,,141.sdf,0,1.451541304588318,2.627095937728882,10.531625747680664,17.693326950073242
pocketxmol_ep400_sma_atlas_ext,use,sbdd,,OC(=NCc1cccc(Oc2cccnc2)c1)c1cccc(-c2ccncc2)c1,,142.sdf,0,1.3920109272003174,2.678497076034546,10.669516563415527,19.434711456298828
pocketxmol_ep400_sma_atlas_ext,use,sbdd,,N=C(N=C(O)c1ccc(-c2ccccc2)cc1)NC(=O)c1cccnc1,,143.sdf,0,1.3801765441894531,2.692939758300781,11.07379150390625,19.089258193969727
pocketxmol_ep400_sma_atlas_ext,use,sbdd,,Nc1c2[nH]c(nc1=O)NC1CCCCCC1Oc1ccccc1OCC(O)=N2,,144.sdf,0,1.296484112739563,2.6001527309417725,10.439451217651367,18.711294174194336
pocketxmol_ep400_sma_atlas_ext,use,sbdd,,Oc1cccc(O)c1CNC(CCc1cnc2ccccc2c1)c1ccccc1,,145.sdf,0,1.4233413934707642,2.7430849075317383,10.820676803588867,18.99578857421875
pocketxmol_ep400_sma_atlas_ext,use,sbdd,,Cc1nc(C(=O)O)c(N)o1.O=C(NCc1ccccc1)c1ccc(F)cn1,incomp,146-incomp.sdf,0,1.3371113538742063,2.676370620727539,10.163918495178224,18.81818962097168
pocketxmol_ep400_sma_atlas_ext,use,sbdd,,O=C(c1ccccc1)N(Cc1ccccc1)Cc1ccc2ncccc2c1,,147.sdf,0,1.4372856616973877,2.797723293304444,11.131987571716309,18.858169555664062
pocketxmol_ep400_sma_atlas_ext,use,sbdd,,CC(=NCc1ccccc1)N(c1cccc(O)c1)c1[nH]nc2cccc(C(=O)O)c12,,148.sdf,0,1.3647798299789429,2.5837810039520264,9.867467880249023,18.273269653320312
pocketxmol_ep400_sma_atlas_ext,use,sbdd,,O=C1C2=C(CC(Cc3ccccc3F)c3ccccc31)Oc1ccccc1N2,,149.sdf,0,1.429920315742493,2.655062198638916,9.928781509399414,18.15216827392578
pocketxmol_ep400_sma_atlas_ext,use,sbdd,,O=C1Oc2c(c3ccccc3c3cc(O)c(O)cc23)Oc2ccccc21,,150.sdf,0,1.5141196250915527,2.6719167232513428,10.630290985107422,17.495738983154297
pocketxmol_ep400_sma_atlas_ext,use,sbdd,,Cc1cc2cc(c1)[N+]1=CC(=O)c3cnc(nc31)NCc1cccc-2c1,,151.sdf,0,1.2170970439910889,2.240220546722412,8.721277236938477,16.826093673706055
pocketxmol_ep400_sma_atlas_ext,use,sbdd,,Cc1nc(C(=O)c2ccc(S(N)(=O)=O)cc2)c2nc(O)c3ccccc3c2n1,,152.sdf,0,1.4767043590545654,2.7537624835968018,10.720748901367188,18.30067443847656
pocketxmol_ep400_sma_atlas_ext,use,sbdd,,O=C(Nc1nn(-c2cccc(C=Cc3ccccc3)n2)c2ccccc12)c1cncnc1,,153.sdf,0,1.3862768411636353,2.616363525390625,10.09109115600586,18.54910659790039
pocketxmol_ep400_sma_atlas_ext,use,sbdd,,,bad,154-bad.sdf,0,1.3131386041641235,2.5372848510742188,10.34099578857422,18.18076133728028
pocketxmol_ep400_sma_atlas_ext,use,sbdd,,COc1ccc(-n2c(=O)n(C(=O)Nc3ccccc3)c(=O)c3c4ccccc4sc32)cc1,,155.sdf,0,1.4787667989730835,2.7049546241760254,11.566672325134276,18.854711532592773
pocketxmol_ep400_sma_atlas_ext,use,sbdd,,Nc1ccccc1OCC(=O)N(c1ccccc1)c1ccc2ccccc2c1,,156.sdf,0,1.4267337322235107,2.651526689529419,10.015633583068848,18.03870391845703
pocketxmol_ep400_sma_atlas_ext,use,sbdd,,CC1=CC2C(=O)OC3c4ccccc4-c4ccccc4C3(O)C2=NN1c1ccccc1,,157.sdf,0,1.322243332862854,2.3745715618133545,9.46221923828125,17.755325317382812
pocketxmol_ep400_sma_atlas_ext,use,sbdd,,O=[N+](O)c1cccc2c1-c1cccc3nc(-c4ccncc4)cc-2c13,,158.sdf,0,1.5207421779632568,2.7022149562835693,9.804697036743164,17.643905639648438
pocketxmol_ep400_sma_atlas_ext,use,sbdd,,O=C(c1ccccc1)c1nc2ccccc2c(=O)n1Cc1ccccc1,,159.sdf,0,1.4220203161239624,2.725873708724976,11.363630294799805,18.45985412597656
pocketxmol_ep400_sma_atlas_ext,use,sbdd,,Cc1ccc(-c2c(-c3ccccc3)nn3cnc(O)nc23)c(C(=O)OC(C)C)c1,,160.sdf,0,1.4312289953231812,2.5785276889801025,10.546465873718262,18.15705680847168
pocketxmol_ep400_sma_atlas_ext,use,sbdd,,Cn1c2c3ccccc3[nH+]cc2[n+]2cc(-c3cccc(C#N)c3)ccc12,,161.sdf,0,1.4362268447875977,2.713821649551392,10.440263748168944,17.838430404663086
pocketxmol_ep400_sma_atlas_ext,use,sbdd,,O=P(O)(O)OP(=O)(O)OCC1OCC(n2cccc3ncnc2-3)CC1O,,162.sdf,0,1.2776710987091064,2.530463695526123,10.809998512268066,17.849584579467773
pocketxmol_ep400_sma_atlas_ext,use,sbdd,,O=CC1=CC(c2ccc(N3CCNCC3)c3ccccc23)=[N+]2C1=Nc1ccccc12,,163.sdf,0,1.4266074895858765,2.6134397983551025,10.808568000793455,17.85062026977539
pocketxmol_ep400_sma_atlas_ext,use,sbdd,,O=C1C=C(c2ccc(-c3ccccc3)cc2)n2c1cc1ccccc12,,164.sdf,0,1.4745275974273682,2.774017572402954,10.889307022094728,18.163705825805664
pocketxmol_ep400_sma_atlas_ext,use,sbdd,,O=C(NCc1ccn2c1ccc1cc(F)ccc12)n1cc(-c2ccccc2)[nH]1,,165.sdf,0,1.3547961711883545,2.555292844772339,10.221428871154783,17.865764617919922
pocketxmol_ep400_sma_atlas_ext,use,sbdd,,O=C1N=C(c2ccc3occc3c2O)c2c1oc1cc(O)c(O)c(O)c21,,166.sdf,0,1.3179216384887695,2.34415054321289,9.925355911254885,16.881305694580078
pocketxmol_ep400_sma_atlas_ext,use,sbdd,,O=C(O)CNC(=O)c1nc(-c2ccccc2)cc(Nc2cccc3ncccc23)c1O,,167.sdf,0,1.4767085313796997,2.718083620071411,10.8748140335083,18.591367721557617
pocketxmol_ep400_sma_atlas_ext,use,sbdd,,O=c1c2ccccc2n2c3c1c1ccccc1c1nc4ccccc(c-4[n+]13)C2,,168.sdf,0,1.3999087810516355,2.579376459121704,10.220016479492188,17.35869026184082
pocketxmol_ep400_sma_atlas_ext,use,sbdd,,NC(=O)C(Cc1ccc(O)cc1)NC(=O)c1cc[n+]2c3c(cccc13)C=C2,,169.sdf,0,1.3911073207855225,2.6113266944885254,10.787802696228027,17.98253059387207
pocketxmol_ep400_sma_atlas_ext,use,sbdd,,O=C1CC(c2ccc3ccccc3c2)Nc2ccc(O)c3c(O)ccc1c23,,170.sdf,0,1.455603003501892,2.5515401363372803,9.944478034973145,17.50099754333496
pocketxmol_ep400_sma_atlas_ext,use,sbdd,,CC1=[N+](C(=O)c2cccc3c2C=CC=CN3)c2ncc(C)c(O)c2C1=O,,171.sdf,0,1.351042628288269,2.53189468383789,9.965081214904783,17.54437828063965
pocketxmol_ep400_sma_atlas_ext,use,sbdd,,O=C1N=CCOCC(c2ccc(Cl)cc2)Nc2ccccc2-c2cccc1n2,,172.sdf,0,1.382593870162964,2.7419321537017822,11.230780601501465,19.317237854003903
pocketxmol_ep400_sma_atlas_ext,use,sbdd,,Cc1ccc2c(c1)c1ccccc1n2C(=O)NC(Cc1cnccn1)c1ccccc1,,173.sdf,0,1.4329317808151243,2.613948345184326,9.681344032287598,18.494531631469727
pocketxmol_ep400_sma_atlas_ext,use,sbdd,,O=C(O)C1C=C2Oc3ccccc3C(=O)[NH+]2C1C1=CC=[N+]2C1=Nc1ccccc12,,174.sdf,0,1.369034767150879,2.5972139835357666,11.008123397827148,18.42134666442871
pocketxmol_ep400_sma_atlas_ext,use,sbdd,,,bad,175-bad.sdf,0,1.352245807647705,2.624880790710449,9.780923843383787,17.67475128173828
pocketxmol_ep400_sma_atlas_ext,use,sbdd,,c1ccc(Cc2ncnc3nc(C4CCNCC4)c4cnc5ccccc5c4c23)cc1,,176.sdf,0,1.4815728664398191,2.8196446895599365,11.641644477844238,19.017885208129883
pocketxmol_ep400_sma_atlas_ext,use,sbdd,,O=C(NCCCOC1=CC=C(c2ccccc2)C=CN1)c1cccc2ccc[nH+]c12,,177.sdf,0,1.2953245639801023,2.4652040004730225,9.405720710754396,18.42881202697754
pocketxmol_ep400_sma_atlas_ext,use,sbdd,,O=C(NCC(c1ccccc1)c1ccc(Cl)cc1)NC(O)=Nc1ccccc1,,178.sdf,0,1.3650870323181152,2.69396710395813,11.799805641174316,19.00568580627441
pocketxmol_ep400_sma_atlas_ext,use,sbdd,,CCOC(=O)C1=[N+](Cc2ccccc2)C(=O)n2c1c(-c1ccccc1)ncc2=O,,179.sdf,0,1.3523271083831787,2.635661363601685,10.508430480957031,18.3439884185791
pocketxmol_ep400_sma_atlas_ext,use,sbdd,,Cc1ccc2c3c(c(-c4ccc(-c5ccccc5)cc4O)oc13)C(=O)OC2=O,,180.sdf,0,1.4496057033538818,2.6761510372161865,10.031095504760742,17.99982452392578
pocketxmol_ep400_sma_atlas_ext,use,sbdd,,CN(Cc1c[nH]c2cnccc12)C(=O)c1cccc(Oc2ccc(F)c[nH+]2)c1,,181.sdf,0,1.389398217201233,2.6774258613586426,10.60163402557373,18.55402946472168
pocketxmol_ep400_sma_atlas_ext,use,sbdd,,Cc1ccc(OCc2ccccc2)cc1CC(=O)Nc1c(O)ccc(C)c1C,,182.sdf,0,1.3301931619644165,2.553197145462036,9.432199478149414,18.31900978088379
pocketxmol_ep400_sma_atlas_ext,use,sbdd,,Cn1nc(-c2ccccc2)c2c3cccc(-c4ccc(N)cc4)c3cnc21,,183.sdf,0,1.482937574386597,2.822551012039185,11.012096405029297,18.322309494018555
pocketxmol_ep400_sma_atlas_ext,use,sbdd,,O=C(O)c1c[nH+]n(CC[n+]2ncc3cc4ccccc4ccc2-3)c1NCc1cccc(F)c1F,,184.sdf,0,1.2836670875549316,2.502599239349365,10.082527160644531,18.878347396850582
pocketxmol_ep400_sma_atlas_ext,use,sbdd,,O=C(c1ccccc1)N1NC2(CC2)N=C1Nc1cccc(-c2cccnc2)c1O,,185.sdf,0,1.380589246749878,2.529825687408448,9.622262001037598,18.40134620666504
pocketxmol_ep400_sma_atlas_ext,use,sbdd,,O=C(c1ccc(O)cc1)N(CCc1ccccc1)CCc1ccccc1,,186.sdf,0,1.3212171792984009,2.711133003234864,10.847702026367188,18.83154487609864
pocketxmol_ep400_sma_atlas_ext,use,sbdd,,O=c1[nH]c(-c2ccc3ccccc3c2)c(CN2CCCCNC2)c(=O)[nH]1,,187.sdf,0,1.4009039402008057,2.5942678451538086,10.214776039123535,17.953777313232422
pocketxmol_ep400_sma_atlas_ext,use,sbdd,,O=C(c1ccccc1)N(Cc1cccc(O)c1)c1nc(-c2ccccc2)cs1,,188.sdf,0,1.4432313442230225,2.703821182250977,11.1804838180542,18.89454841613769
pocketxmol_ep400_sma_atlas_ext,use,sbdd,,Cc1cc(-c2cccc(S(=O)(=O)c3ccc(-c4ccccc4)cc3)c2)ccc1F,,189.sdf,0,1.5269474983215332,2.904912233352661,10.928717613220217,18.952178955078125
pocketxmol_ep400_sma_atlas_ext,use,sbdd,,COc1cccc(C(=O)c2cc(N3C(=O)c4cccc(C)c4C3=O)ccn2)c1,,190.sdf,0,1.4678244590759275,2.729529619216919,10.907844543457031,18.22233772277832
pocketxmol_ep400_sma_atlas_ext,use,sbdd,,NC1=NN=c2c1cc1cccc3cccc2c31.c1ccc2cnccc2c1,incomp,191-incomp.sdf,0,1.483331322669983,2.6651949882507324,9.662007331848145,18.01938819885254
pocketxmol_ep400_sma_atlas_ext,use,sbdd,,,bad,192-bad.sdf,0,1.286851406097412,2.432087182998657,9.590049743652344,18.081159591674805
pocketxmol_ep400_sma_atlas_ext,use,sbdd,,Cc1ccc2cc(C(=O)NC(=O)c3c(C)[nH]c4ccccc34)c3ccccc3c2[nH+]1,,193.sdf,0,1.479537010192871,2.8277134895324707,10.960830688476562,18.223567962646484
pocketxmol_ep400_sma_atlas_ext,use,sbdd,,O=c1[nH]c2ccccc2n1-c1cccc2ncnc(Nc3ccc(F)cc3)c12,,194.sdf,0,1.412187933921814,2.7515907287597656,11.25690746307373,19.07866668701172
pocketxmol_ep400_sma_atlas_ext,use,sbdd,,NC1=NC(=O)C2=NN(C3OC(CO[PH](O)(OP(=O)(O)O)OP(=O)(O)O)C(O)C3O)C2=N1,,195.sdf,0,1.2910149097442627,2.591033697128296,11.077862739562988,18.56540870666504
pocketxmol_ep400_sma_atlas_ext,use,sbdd,,CN(Cc1cnc2c(N)nc[nH]c1-2)C1CCN(Cc2ccc(N)cc2)C1,,196.sdf,0,1.366343975067139,2.648803234100342,11.440631866455078,18.038230895996094
pocketxmol_ep400_sma_atlas_ext,use,sbdd,,Nc1nc2cn3c(-c4ccccc4-c4ccccc4)[nH+]nc3cc2c(=O)[nH]1,,197.sdf,0,1.496033787727356,2.69960618019104,10.952253341674805,18.56755828857422
pocketxmol_ep400_sma_atlas_ext,use,sbdd,,Cc1ccnc(-c2cccnc2)c1NC(=O)COc1cccc(-c2ccc(F)cc2)c1,,198.sdf,0,1.415604829788208,2.791595935821533,11.38442325592041,19.959901809692383
pocketxmol_ep400_sma_atlas_ext,use,sbdd,,O=C(O)C(=C1CCN(c2ccc([N+](=O)O)cc2)C1)c1ccc2ccccc2c1,,199.sdf,0,1.4048407077789309,2.663034200668335,11.133195877075195,18.02637481689453
pocketxmol_ep400_sma_atlas_ext,use,sbdd,,OC(c1ccccc1)N(Cc1ccccc1)Cc1ccncc1,,200.sdf,0,1.3592382669448853,2.5918917655944824,9.852754592895508,18.335006713867188
pocketxmol_ep400_sma_atlas_ext,use,sbdd,,NC1=NC(=O)C2=NC=NC2=[N+]1C1CC(O)C(O)C(COP(=O)(O)OP(=O)(O)O)O1,,201.sdf,0,1.277389407157898,2.5061514377593994,11.131441116333008,18.49077033996582
pocketxmol_ep400_sma_atlas_ext,use,sbdd,,Cc1ccc(CNC(=O)NC(C(=O)O)c2ccccc2)c2c1ncn2C,,202.sdf,0,1.356292724609375,2.709249973297119,11.50067138671875,18.25143241882324
pocketxmol_ep400_sma_atlas_ext,use,sbdd,,Cc1[nH+]c2cccccc-2c1CC1=[N+](c2ccccc2)C(=O)c2ccccc21,,203.sdf,0,1.3378201723098757,2.6335740089416504,10.001129150390623,18.326473236083984
pocketxmol_ep400_sma_atlas_ext,use,sbdd,,CC(C)(C)c1cccc(-c2ccnc(Nc3ncnc4ccccc34)n2)c1,,204.sdf,0,1.449480414390564,2.615089178085327,10.275080680847168,18.45693588256836
pocketxmol_ep400_sma_atlas_ext,use,sbdd,,OC1=[N+]2N=CN=C2C(c2ccccc2)=CC1=Nc1cccc(Oc2ccccc2)c1,,205.sdf,0,1.4648457765579224,2.701887607574463,10.416543006896973,18.46768951416016
pocketxmol_ep400_sma_atlas_ext,use,sbdd,,Cc1ccc(C2=NC(=O)[n+]3cc(Cc4ccccc4O)c(O)cc32)c2cc[nH]c12,,206.sdf,0,1.3814953565597534,2.54645037651062,9.26918601989746,17.827896118164062
pocketxmol_ep400_sma_atlas_ext,use,sbdd,,Cc1cccc(-[n+]2ccc3nccc(N(C)c4cc[nH+]cc4)c3c2)c1,,207.sdf,0,1.450923204421997,2.769888639450073,10.608020782470703,18.1544132232666
pocketxmol_ep400_sma_atlas_ext,use,sbdd,,c1coc(-c2ccc(-c3nn[nH]c3-c3cccc4ccccc34)o2)c1,,208.sdf,0,1.3999581336975098,2.555999994277954,9.504424095153809,17.599416732788086
pocketxmol_ep400_sma_atlas_ext,use,sbdd,,Nc1ncnc2c(Nc3cccc4c3nc(N)c3cccn34)cccc12,,209.sdf,0,1.4122096300125122,2.688222169876098,10.471063613891602,17.788951873779297
pocketxmol_ep400_sma_atlas_ext,use,sbdd,,,bad,210-bad.sdf,0,1.4445312023162842,2.639916181564331,10.765924453735352,17.848546981811523
pocketxmol_ep400_sma_atlas_ext,use,sbdd,,Nc1ncc2n(CC3=Cc4ccccc4NC=C3)c(=O)nc-2c(=O)[nH]1,,211.sdf,0,1.3923215866088867,2.625986337661743,10.874338150024414,17.534461975097656
pocketxmol_ep400_sma_atlas_ext,use,sbdd,,COc1c[n+](C)cc2c[nH+]c3c(=O)n(C)c(Nc4cccc(O)c4)nc3c12,,212.sdf,0,1.406802773475647,2.668910503387451,9.814800262451172,18.025012969970703
pocketxmol_ep400_sma_atlas_ext,use,sbdd,,O=C1NC(=O)N(Cc2ccc(F)cc2)C=C2N=c3ccccc3=CC=C12,,213.sdf,0,1.3313918113708496,2.632863759994507,10.989093780517578,17.76751136779785
pocketxmol_ep400_sma_atlas_ext,use,sbdd,,Nc1ncnc2c(Cc3ccc(Oc4ccccc4)cc3)c(OP(=O)(O)O)cnc12,,214.sdf,0,1.4949688911437988,2.8121097087860107,11.179463386535645,18.56789970397949
pocketxmol_ep400_sma_atlas_ext,use,sbdd,,O=C(Nc1ccccc1)c1cccc(Oc2ccnc3ccccc23)c1O,,215.sdf,0,1.470045804977417,2.717167615890503,11.11209487915039,18.335140228271484
pocketxmol_ep400_sma_atlas_ext,use,sbdd,,O=C1Nc2nc3ccccc3nc2N(Cc2ccccc2)c2ccccc21,,216.sdf,0,1.469152331352234,2.733767509460449,11.500981330871582,18.39015769958496
pocketxmol_ep400_sma_atlas_ext,use,sbdd,,O=C(NC1CCN(c2ccn3ccnc3n2)C1c1ccccc1)c1ccc([N+](=O)O)nc1,,217.sdf,0,1.363853096961975,2.6597490310668945,10.511314392089844,18.75444984436035
pocketxmol_ep400_sma_atlas_ext,use,sbdd,,O=S1(=O)c2ccccc2-c2ccc(O)cc2CN1C=Cc1ccccc1,,218.sdf,0,1.3972009420394895,2.670872211456299,10.404845237731934,18.141357421875
pocketxmol_ep400_sma_atlas_ext,use,sbdd,,Cn1c(=O)c2cccc3c4ccccc4[nH]c4c(N5CCCC5)ccc1c4c23,,219.sdf,0,1.3269262313842771,2.4963748455047607,10.571588516235352,17.816720962524414
pocketxmol_ep400_sma_atlas_ext,use,sbdd,,O=c1ncc(Oc2cccc(Cl)c2)c(NCc2ccccc2)[nH]1,,220.sdf,0,1.2978103160858154,2.53603458404541,10.67822551727295,17.981931686401367
pocketxmol_ep400_sma_atlas_ext,use,sbdd,,COc1ccc2ccc(NC(C(=O)O)c3ccc4ccccc4c3)cc2c1O,,221.sdf,0,1.461612343788147,2.5929317474365234,10.565056800842283,17.616628646850586
pocketxmol_ep400_sma_atlas_ext,use,sbdd,,COc1ccc2ccc(N(C(=O)O)C(C(=O)O)c3ccccc3)cc2c1O,,222.sdf,0,1.4229528903961182,2.6717028617858887,11.358351707458496,18.0522575378418
pocketxmol_ep400_sma_atlas_ext,use,sbdd,,Nc1ccc(C(OC(=O)c2cc[nH+]cc2)c2nc(O)[nH]c(=O)c2O)cc1,,223.sdf,0,1.3896740674972534,2.693709135055542,10.963075637817385,18.79941749572754
pocketxmol_ep400_sma_atlas_ext,use,sbdd,,Cc1ccc(N(C)C)c2c1NC(=O)CC(N1NC(c3c(F)cccc3F)CC1=O)N2,,224.sdf,0,1.305139422416687,2.570152759552002,10.317023277282717,18.53471946716309
pocketxmol_ep400_sma_atlas_ext,use,sbdd,,O=c1[nH]cnc2c1ncn2C1CC(O)C(O)C(OP(=O)(O)OP(=O)(O)O)O1,,225.sdf,0,1.319766879081726,2.4576995372772217,11.43600082397461,18.00339126586914
pocketxmol_ep400_sma_atlas_ext,use,sbdd,,O=C(COc1ncc(O)cc1OCc1ccccc1)NCCc1ccccn1,,226.sdf,0,1.3776495456695557,2.6906192302703857,11.012652397155762,19.37337684631348
pocketxmol_ep400_sma_atlas_ext,use,sbdd,,,bad,227-bad.sdf,0,1.4973127841949463,2.759913206100464,10.305706024169922,17.893253326416016
pocketxmol_ep400_sma_atlas_ext,use,sbdd,,CC(C)CNC(=O)COc1cc(C(=O)c2cccnc2)cc2cc(O)ccc12,,228.sdf,0,1.422188401222229,2.663803577423096,11.235715866088867,18.67369842529297
pocketxmol_ep400_sma_atlas_ext,use,sbdd,,O=Cc1c(CC(=O)NC=Cc2ccccc2)nc2c3cccc-3cc[nH]c1-2,,229.sdf,0,1.2610119581222534,2.525911569595337,8.936402320861816,17.485132217407227
pocketxmol_ep400_sma_atlas_ext,use,sbdd,,O=c1nc2ncnc3ccc4cccc(c4)c4cccc(n4)c4ccc1c(n4)nc32,,230.sdf,0,1.3302780389785769,2.658350706100464,10.283140182495115,18.09322929382324
pocketxmol_ep400_sma_atlas_ext,use,sbdd,,,bad,231-bad.sdf,0,1.3042891025543213,2.722172975540161,10.324821472167969,18.69132232666016
pocketxmol_ep400_sma_atlas_ext,use,sbdd,,COc1c[nH+]c(CC[NH+]2CCc3ccc4c([nH]c(=O)n4C)c3C2=O)cn1,,232.sdf,0,1.3877804279327393,2.5732421875,10.23757266998291,18.224308013916016
pocketxmol_ep400_sma_atlas_ext,use,sbdd,,,bad,233-bad.sdf,0,1.3710039854049685,2.633382558822632,11.758240699768066,18.53101921081543
pocketxmol_ep400_sma_atlas_ext,use,sbdd,,O=c1cccc(Cc2ccccc2NC(S)=NN=C(O)c2ccccc2)[nH]1,,234.sdf,0,1.3531206846237185,2.6490848064422607,11.150830268859863,18.73251914978028
pocketxmol_ep400_sma_atlas_ext,use,sbdd,,COc1ccc(CC2CCCCN2C(=O)CCN(C)c2ncnc3c2cnn3C)cc1,,235.sdf,0,1.340376615524292,2.598560571670532,10.90040397644043,18.566335678100582
pocketxmol_ep400_sma_atlas_ext,use,sbdd,,O=c1ccc2[nH]cc(-c3ccccc3N=C(O)c3ccccc3)c2c(=O)[nH]1,,236.sdf,0,1.2848076820373535,2.428677797317505,9.2642822265625,18.097124099731445
pocketxmol_ep400_sma_atlas_ext,use,sbdd,,Cc1ccc2c(n1)=[N+](COC(=O)c1ccccc1OCCc1ccccc1)C(=O)N=2,,237.sdf,0,1.404882550239563,2.7973058223724365,11.030975341796877,19.223716735839844
pocketxmol_ep400_sma_atlas_ext,use,sbdd,,CC1Cc2cc3c4ccc5cc(O)ccc5c4[nH]c3c3cccc(c23)O1,,238.sdf,0,1.4463396072387695,2.594356775283813,9.364293098449709,17.09829330444336
pocketxmol_ep400_sma_atlas_ext,use,sbdd,,COc1cc(Cn2nc(N)c3c2C(=O)N=C3N)cc(-c2ccc(C)cc2)c1,,239.sdf,0,1.3769956827163696,2.5853519439697266,10.286885261535645,18.121545791625977
pocketxmol_ep400_sma_atlas_ext,use,sbdd,,,bad,240-bad.sdf,0,1.436316967010498,2.6238348484039307,9.35881233215332,18.13006591796875
pocketxmol_ep400_sma_atlas_ext,use,sbdd,,,bad,241-bad.sdf,0,1.3666783571243286,2.607608795166016,10.66188144683838,18.52395248413086
pocketxmol_ep400_sma_atlas_ext,use,sbdd,,CN(Cc1ccnc2ccccc12)C(=O)c1ccc2c(c1O)OCCO2,,242.sdf,0,1.4442394971847534,2.6032586097717285,11.956470489501951,17.758665084838867
pocketxmol_ep400_sma_atlas_ext,use,sbdd,,O=C(O)Cc1ccc(-c2ccccc2)c2c(Cc3ccccc3)cc(=O)oc12,,243.sdf,0,1.4272444248199463,2.741493225097656,11.31379222869873,18.74983787536621
pocketxmol_ep400_sma_atlas_ext,use,sbdd,,,bad,244-bad.sdf,0,1.4101932048797607,2.52805757522583,9.762978553771973,17.67193603515625
pocketxmol_ep400_sma_atlas_ext,use,sbdd,,Nc1ncnc2c1ncn2C1OC(COP(=O)(O)OP(=O)(O)O)C(O)C1O,,245.sdf,0,1.3691802024841309,2.662885904312134,12.067380905151367,18.823829650878903
pocketxmol_ep400_sma_atlas_ext,use,sbdd,,O=C(O)c1ccc(OCc2ccccc2)c(Oc2cccc3ccccc23)c1,,246.sdf,0,1.4706693887710571,2.7356746196746826,11.297728538513184,18.6696720123291
pocketxmol_ep400_sma_atlas_ext,use,sbdd,,,bad,247-bad.sdf,0,1.4869849681854248,2.680967330932617,9.768383026123049,17.744722366333008
pocketxmol_ep400_sma_atlas_ext,use,sbdd,,O=c1[nH]c2ccccc2c(=O)n1Cc1ccccc1-c1cc(O)[nH]c2cccc1-2,,248.sdf,0,1.481303095817566,2.644248962402344,10.46018886566162,18.224510192871094
pocketxmol_ep400_sma_atlas_ext,use,sbdd,,O=C(O)C(Cc1ccc(F)cc1)Cn1cc2ccc3ccccc3n2c1=O,,249.sdf,0,1.3886213302612305,2.7615842819213867,11.237879753112791,18.298004150390625
pocketxmol_ep400_sma_atlas_ext,use,sbdd,,O=C(c1cccc(-c2ccccc2)c1)n1c(S)nnc1-c1ccccc1,,250.sdf,0,1.4702706336975098,2.8237786293029785,11.41965389251709,18.67066764831543
pocketxmol_ep400_sma_atlas_ext,use,sbdd,,O=C1Oc2c(O)c(O)cc3c2C(C(=O)c2ccccc2-3)c2c1ccc(O)c2O,,251.sdf,0,1.4034788608551023,2.491668701171875,10.582539558410645,17.92399787902832
pocketxmol_ep400_sma_atlas_ext,use,sbdd,,O=S1(=O)Nc2ccc3onc(c3c2)CC(O)=NCc2ccccc2-c2ccc1cc2,,252.sdf,0,1.4300576448440552,2.792000532150269,11.84721565246582,19.12956428527832
pocketxmol_ep400_sma_atlas_ext,use,sbdd,,,bad,253-bad.sdf,0,1.3108952045440674,2.5423390865325928,10.144633293151855,17.911828994750977
pocketxmol_ep400_sma_atlas_ext,use,sbdd,,CC(NC(=O)c1cc[nH]c1-c1ccc(Cl)cc1)C(O)=Nc1ccc(F)cc1,,254.sdf,0,1.391024470329285,2.6431455612182617,10.870558738708496,18.56903076171875
pocketxmol_ep400_sma_atlas_ext,use,sbdd,,O=C1C2=CN(CCC2)C(=O)c2cccc(n2)-c2ccc3cccc1c3n2,,255.sdf,0,1.401018500328064,2.475933074951172,10.075529098510742,17.863800048828125
pocketxmol_ep400_sma_atlas_ext,use,sbdd,,CC(c1ccc(-c2ccc(F)cc2)cc1OP(=O)(O)O)c1ccc(N)[nH]c1=O,,256.sdf,0,1.4250282049179075,2.7135958671569824,10.451348304748535,18.606109619140625
pocketxmol_ep400_sma_atlas_ext,use,sbdd,,O=C(CCC=CC[N+]1=C2N=C(c3ccccc3)N=C2C(=O)NC1=O)OP(=O)(O)O,,257.sdf,0,1.3416450023651123,2.587000608444214,10.252535820007324,18.59919166564941
pocketxmol_ep400_sma_atlas_ext,use,sbdd,,Nc1ccc2cc1-c1cc(ccn1)C(O)n1ccc3cc(ccc31)OCO2,,258.sdf,0,1.3373984098434448,2.54207181930542,9.68153190612793,18.14314079284668
pocketxmol_ep400_sma_atlas_ext,use,sbdd,,O=c1[nH]cnc2c1NC=CCCCN(c1ccccc1)C=CCCCN2,,259.sdf,0,1.201227068901062,2.5183024406433105,10.204422950744627,18.72854423522949
pocketxmol_ep400_sma_atlas_ext,use,sbdd,,Cc1ccc2[nH]c3cnccc3c(=NC(=O)N(C)c3ccc[nH+]c3)c2c1,,260.sdf,0,1.4570562839508057,2.759002447128296,10.629476547241213,18.46077919006348
pocketxmol_ep400_sma_atlas_ext,use,sbdd,,Cc1ccc2nc3c(cc2c1)c(Nc1ccncn1)nc(=O)n3C(=O)c1ccccc1,,261.sdf,0,1.457060694694519,2.646540641784668,10.04818058013916,18.21750259399414
pocketxmol_ep400_sma_atlas_ext,use,sbdd,,O=C(O)c1cc(-c2ccccc2C(=O)Nn2c3ccccc3c3ccccc32)on1,,262.sdf,0,1.3689329624176023,2.530956983566284,9.754948616027832,18.429141998291016
pocketxmol_ep400_sma_atlas_ext,use,sbdd,,O=C(O)Cc1ccccc1.c1ccc2c(c1)Oc1coc3cccc-2c13,incomp,263-incomp.sdf,0,1.3956243991851809,2.5564205646514893,10.43374252319336,17.636751174926758
pocketxmol_ep400_sma_atlas_ext,use,sbdd,,COc1ccc(N2CCN(c3ccc4ccccc4c3)C(C)CC2=O)cc1,,264.sdf,0,1.4185184240341189,2.701272964477539,11.16440486907959,17.91009521484375
pocketxmol_ep400_sma_atlas_ext,use,sbdd,,O=c1ncc(-c2ccccc2OCCc2ccccc2)cn1Cc1cccnc1,,265.sdf,0,1.4088937044143677,2.7069005966186523,10.638267517089844,19.171527862548828
pocketxmol_ep400_sma_atlas_ext,use,sbdd,,NC1=NC(=O)C2=NC=[N+](C3OC(COP(=O)(O)OP(=O)(O)O)C(O)C3O)C2=N1,,266.sdf,0,1.4006637334823608,2.720383405685425,12.003426551818848,18.8443603515625
pocketxmol_ep400_sma_atlas_ext,use,sbdd,,Nc1ncnc2c1ncn2C1OC(CO)C(COP(=O)(O)O[PH](=O)(=O)O)=CC1O,,267.sdf,0,1.2584054470062256,2.549575090408325,11.171019554138184,18.38203811645508
pocketxmol_ep400_sma_atlas_ext,use,sbdd,,Cc1cc2ccc3nc4c(c(C)nc5c(C(=O)O)c[nH]c54)c-3nc2c[nH+]1,,268.sdf,0,1.3503936529159546,2.516681671142578,8.463034629821777,17.162662506103516
pocketxmol_ep400_sma_atlas_ext,use,sbdd,,Fc1ccccc1CNCCc1cnn(-c2ccccc2)c1-c1cncnc1,,269.sdf,0,1.3824542760849,2.616191864013672,10.148354530334473,18.381967544555664
pocketxmol_ep400_sma_atlas_ext,use,sbdd,,Nc1ncnc2c1ccc[n+]2C1OC(C=COP(=O)(O)OP(=O)(O)O)C(O)C1O,,270.sdf,0,1.289147973060608,2.4236409664154053,10.507332801818848,18.149242401123047
pocketxmol_ep400_sma_atlas_ext,use,sbdd,,CC(NC(=O)c1cccc2ccccc12)c1ccc(C(=O)N2CCOCC2)cc1,,271.sdf,0,1.4161441326141355,2.6648194789886475,11.713290214538574,18.52721405029297
pocketxmol_ep400_sma_atlas_ext,use,sbdd,,O=c1[nH]c(=O)n(Cc2ccccc2)c(=O)c2cccc(-c3ccccc3)c12,,272.sdf,0,1.4073649644851685,2.64347243309021,10.992830276489258,18.001018524169922
pocketxmol_ep400_sma_atlas_ext,use,sbdd,,Nc1nc2c(ncn2C2OC(COP(=O)(O)OP3(=O)ONO3)C(O)C2O)c(=O)[nH]1,,273.sdf,0,1.309252142906189,2.438938617706299,11.09081745147705,18.40547752380371
pocketxmol_ep400_sma_atlas_ext,use,sbdd,,O=C(Nc1ccccc1)C(=Cc1ccccc1)Cc1cc2ccccc2oc1=O,,274.sdf,0,1.4400616884231567,2.7455861568450928,11.30293083190918,18.96670722961425
pocketxmol_ep400_sma_atlas_ext,use,sbdd,,CC1Nc2ccccc2[NH+]2CCCC12.Nc1nc2nccc-2nc(=O)[nH]1,incomp,275-incomp.sdf,0,1.233231782913208,2.4851596355438232,9.395536422729492,17.66510009765625
pocketxmol_ep400_sma_atlas_ext,use,sbdd,,O=C(NCc1cccc2cc(O)ccc12)C1=c2ccccc2=CC=C(O)C(O)=C1,,276.sdf,0,1.2936866283416748,2.3603432178497314,9.432936668395996,17.50478172302246
pocketxmol_ep400_sma_atlas_ext,use,sbdd,,Nc1nc2c(C(=O)O)cccc2cc1CN=Cc1cccc2ccccc12,,277.sdf,0,1.377835750579834,2.643152236938477,10.938586235046388,17.782777786254883
pocketxmol_ep400_sma_atlas_ext,use,sbdd,,O=C(Nc1ccccc1)Nc1nc2ccccc2c(=O)n1Cc1ccccc1,,278.sdf,0,1.4841208457946775,2.7931177616119385,11.400365829467772,18.65745735168457
pocketxmol_ep400_sma_atlas_ext,use,sbdd,,,bad,279-bad.sdf,0,1.3155229091644287,2.503347873687744,10.301630020141602,18.34946823120117
pocketxmol_ep400_sma_atlas_ext,use,sbdd,,O=C(O)c1cccc2c1C=C(c1ccccc1)N=C(c1ccccc1)C=N2,,280.sdf,0,1.3797682523727417,2.644154787063598,9.462838172912598,17.850732803344727
pocketxmol_ep400_sma_atlas_ext,use,sbdd,,Cc1cc2cc(c1)C(=O)NC(=O)c1ccc([N+]3=NC=C3)c(c1)CCCC(=O)N2,,281.sdf,0,1.2473214864730835,2.394101858139038,8.852723121643066,18.204896926879883
pocketxmol_ep400_sma_atlas_ext,use,sbdd,,Cc1cc(-c2nc3[n+](c4ccccc24)C(=O)N(C)C3=O)ccc1N,,282.sdf,0,1.4375932216644287,2.6791107654571533,11.111149787902832,17.821609497070312
pocketxmol_ep400_sma_atlas_ext,use,sbdd,,CC1=CCC(c2ccccc2)NC(c2ccccc2)CN1C(=O)c1ccccc1,,283.sdf,0,1.3058639764785769,2.508549928665161,9.39637279510498,18.549287796020508
pocketxmol_ep400_sma_atlas_ext,use,sbdd,,Oc1[nH]c2ccccc2c1-c1ccccc1Nc1cccc2ccccc12,,284.sdf,0,1.4379281997680664,2.694929361343384,10.981451988220217,17.872190475463867
pocketxmol_ep400_sma_atlas_ext,use,sbdd,,O=Cc1ccc(C2COC(c3ccccc3)CN2c2ccc(O)cc2)cc1,,285.sdf,0,1.3778386116027832,2.5930933952331543,10.57420825958252,18.575061798095703
pocketxmol_ep400_sma_atlas_ext,use,sbdd,,O=C(CNC(=O)C1=CC=C2C=CC=CC=C2N1)NCc1c2cccccc-2[n+]2c1CCC2,,286.sdf,0,1.3041176795959473,2.568916320800781,10.778736114501951,18.36938095092773
pocketxmol_ep400_sma_atlas_ext,use,sbdd,,O=C(O)c1ccc2nc(-c3ccc4ccccc4c3)c3ccccc3c2c1,,287.sdf,0,1.5171502828598022,2.874229431152344,11.15924835205078,18.08451461791992
pocketxmol_ep400_sma_atlas_ext,use,sbdd,,NC1=NC(=O)C2=Nc3cccc(c3)-c3nc(N)nc(n3)NCCCNC2=N1,,288.sdf,0,1.3965599536895752,2.602949619293213,11.050743103027344,18.43694877624512
pocketxmol_ep400_sma_atlas_ext,use,sbdd,,Nc1ncnc2c1ncn2C1OCC2COP(=O)(O)OP(=O)(O)OC(=O)OC2C1O,,289.sdf,0,1.2934036254882812,2.4577529430389404,10.810242652893066,18.235631942749023
pocketxmol_ep400_sma_atlas_ext,use,sbdd,,Cc1[nH]nc2c(C(=O)NCC(Oc3ccccc3)c3ccc(O)cc3)nccc12,,290.sdf,0,1.3763842582702637,2.6347925662994385,10.166523933410645,18.433273315429688
pocketxmol_ep400_sma_atlas_ext,use,sbdd,,O=C1C(O)C(=O)[N+](c2nc3cccc(O)c(O)c-3[s+]2)=C(O)N1c1ccc(O)c(O)c1,,291.sdf,0,1.2941045761108398,2.469794511795044,10.628650665283203,17.94408416748047
pocketxmol_ep400_sma_atlas_ext,use,sbdd,,,bad,292-bad.sdf,0,1.5032963752746582,2.829268455505371,11.21304702758789,18.519466400146484
pocketxmol_ep400_sma_atlas_ext,use,sbdd,,Cc1ccc2c3c1ccn3-c1ccccc1C[N+]1=CN=C3C(=O)NC(=O)C(=C31)N2,,293.sdf,0,1.356201171875,2.53297758102417,10.506848335266112,18.224952697753903
pocketxmol_ep400_sma_atlas_ext,use,sbdd,,Nc1ccc(CSc2ncc(O)c(C(=O)NCCc3ccc4ccccc4c3)n2)cc1,,294.sdf,0,1.407809138298035,2.5909533500671387,10.761648178100586,18.852371215820312
pocketxmol_ep400_sma_atlas_ext,use,sbdd,,COc1ccc(C2Sc3cc4c(C)ccnc4n3C3C(=O)C(=CO)CC23)cc1,,295.sdf,0,1.3221310377120972,2.5397636890411377,9.503488540649414,18.04526901245117
pocketxmol_ep400_sma_atlas_ext,use,sbdd,,O=C1N=c2cccnc2=[N+]1C(Sc1ccccc1)c1c[nH]c2ccccc12,,296.sdf,0,1.38868510723114,2.718390464782715,10.730596542358398,18.58232879638672
pocketxmol_ep400_sma_atlas_ext,use,sbdd,,,bad,297-bad.sdf,0,1.386385798454285,2.751906394958496,11.052979469299316,18.76268768310547
pocketxmol_ep400_sma_atlas_ext,use,sbdd,,O=C1CSc2nc3c(cccc3[nH]2)NC(=O)Nc2ccccc2N1,,298.sdf,0,1.3142330646514893,2.6533029079437256,11.26993179321289,18.63289451599121
pocketxmol_ep400_sma_atlas_ext,use,sbdd,,Nc1cnc2c(ncn2C2OC(COP(=O)(O)OP(=O)(O)O)C(O)C2O)n1,,299.sdf,0,1.3693339824676514,2.6220507621765137,11.411506652832031,18.588109970092773
pocketxmol_ep400_sma_atlas_ext,use,sbdd,,COc1cc(C)c2cc3c(N)nc[nH+]c3c3c2c1Nc1ccccc1O3,,300.sdf,0,1.363325834274292,2.616738557815552,10.650100708007812,17.710317611694336
pocketxmol_ep400_sma_atlas_ext,use,sbdd,,,bad,301-bad.sdf,0,1.4021613597869873,2.554083824157715,10.067816734313965,17.572668075561523
pocketxmol_ep400_sma_atlas_ext,use,sbdd,,C=C(C(=O)NC(CO)c1ccccc1)c1nccn1-c1ccncc1C,,302.sdf,0,1.2862640619277954,2.638197660446167,10.192707061767578,18.03150749206543
pocketxmol_ep400_sma_atlas_ext,use,sbdd,,,bad,303-bad.sdf,0,1.466414213180542,2.5849528312683105,9.963770866394045,17.552143096923828
pocketxmol_ep400_sma_atlas_ext,use,sbdd,,CCOC(=O)CN1Cc2c(nc(NC)[nH]c2=O)NCN(c2ccccc2)C1=O,,304.sdf,0,1.2849910259246826,2.5405490398406982,10.472586631774902,18.39501953125
pocketxmol_ep400_sma_atlas_ext,use,sbdd,,COc1c2cc(C(=O)O)oc3ccccc3c=2[nH]cc2c(=O)c3ccccc3oc12,,305.sdf,0,1.3291932344436646,2.703047513961792,11.185498237609863,18.079179763793945
pocketxmol_ep400_sma_atlas_ext,use,sbdd,,,bad,306-bad.sdf,0,1.5487829446792605,2.816969871520996,11.332393646240234,17.83716583251953
pocketxmol_ep400_sma_atlas_ext,use,sbdd,,,bad,307-bad.sdf,0,1.3730037212371826,2.83353590965271,11.281984329223633,19.221620559692383
pocketxmol_ep400_sma_atlas_ext,use,sbdd,,Nc1ccc2c(c1)-n1ncnc1C1CC(=O)OC3COc4cccc([n+]4N31)O2,,308.sdf,0,1.2812049388885498,2.314166307449341,7.862751007080078,17.866586685180664
pocketxmol_ep400_sma_atlas_ext,use,sbdd,,O=C1C(=O)N(c2ccccc2)c2nc3ccccc3c(-c3ccc(O)c(O)c3)c21,,309.sdf,0,1.3611282110214231,2.6731204986572266,11.656192779541016,18.13809585571289
pocketxmol_ep400_sma_atlas_ext,use,sbdd,,O=C(O)c1cccc(-c2c[nH]c3c(c2=O)C(=O)N=C3CCc2ccccc2)c1,,310.sdf,0,1.456934690475464,2.6795175075531006,9.8095121383667,18.3913631439209
pocketxmol_ep400_sma_atlas_ext,use,sbdd,,Cc1n[nH]c(Nc2[nH+]c3ccccc3c3ccccc23)c1C(=O)NCc1ccc[nH+]c1,,311.sdf,0,1.401530623435974,2.6229705810546875,10.739008903503418,18.4161319732666
pocketxmol_ep400_sma_atlas_ext,use,sbdd,,O=C(c1c[nH]c2ccccc12)C1C(=Cc2ccccc2)C(=O)N(O)C1c1ccccc1,,312.sdf,0,1.3395493030548096,2.6106443405151367,10.155190467834473,18.70317268371582
pocketxmol_ep400_sma_atlas_ext,use,sbdd,,Cc1cccc(Oc2ccc3c(c2)C(c2ccnc(N)c2)CC(=O)N3)c1,,313.sdf,0,1.389127254486084,2.5732786655426025,9.524648666381836,18.29868125915528
pocketxmol_ep400_sma_atlas_ext,use,sbdd,,Nc1ccc(C(=O)N2CCCC(c3cncc4c(O)ncnc34)C2)cc1,,314.sdf,0,1.3840500116348269,2.687506437301636,10.099797248840332,18.36794662475586
pocketxmol_ep400_sma_atlas_ext,use,sbdd,,CC(=O)Nc1ccc(NC(Cc2cnc3ccccc3c2)c2ccccc2)cc1,,315.sdf,0,1.4315265417099,2.74097228050232,10.659740447998049,18.754610061645508
pocketxmol_ep400_sma_atlas_ext,use,sbdd,,,bad,316-bad.sdf,0,1.341027855873108,2.65061902999878,10.875082969665527,18.25430679321289
pocketxmol_ep400_sma_atlas_ext,use,sbdd,,CC(CC(=O)O)c1cc2ccccc2nc1Nc1cccc(Cl)c1,,317.sdf,0,1.4117306470870972,2.7653751373291016,11.462170600891112,18.227970123291016
pocketxmol_ep400_sma_atlas_ext,use,sbdd,,CNc1cccc2c3c(C(=O)NCCc4cccnc4)cccc3n(O)c12,,318.sdf,0,1.3614473342895508,2.5579957962036133,9.667076110839844,17.60295295715332
pocketxmol_ep400_sma_atlas_ext,use,sbdd,,CC(=O)C(=O)n1c(-c2c[nH]c3ccccc23)[nH+]c2cc(-c3ccccc3)ccc21,,319.sdf,0,1.370381474494934,2.649604797363281,10.1372709274292,18.006649017333984
pocketxmol_ep400_sma_atlas_ext,use,sbdd,,Cc1ccc(C2=NN=C2C2OCCn3c2nc2nc4ccccc4cc23)o1,,320.sdf,0,1.314730167388916,2.403167247772217,9.23094654083252,16.999725341796875
pocketxmol_ep400_sma_atlas_ext,use,sbdd,,OC1=NCNC(=NCc2ccco2)c2ccccc2-c2ccc(cc2)-c2ccc1o2,,321.sdf,0,1.1877834796905518,2.329606056213379,9.738526344299316,18.367019653320312
pocketxmol_ep400_sma_atlas_ext,use,sbdd,,Nc1cc[n+](C2C(O)C(O[PH](=O)(=O)O)OC2[n+]2cnc3nc(N)ncnc2-3)cc1,,322.sdf,0,1.3300480842590332,2.5837419033050537,11.030498504638672,18.26778030395508
pocketxmol_ep400_sma_atlas_ext,use,sbdd,,O=c1[nH]c(-c2ccccc2)cc2c(-n3c(=O)ccc4ncccc43)csc12,,323.sdf,0,1.4606719017028809,2.5916759967803955,9.621489524841309,17.967592239379883
pocketxmol_ep400_sma_atlas_ext,use,sbdd,,O=c1ccc(C(c2cccc(O)c2)c2c(O)cccc2[SH](=O)(O)O)ccc1O,,324.sdf,0,1.3435436487197876,2.657573699951172,11.139348030090332,18.19386482238769
pocketxmol_ep400_sma_atlas_ext,use,sbdd,,O=c1[nH]c2ccccc2n2nnn3ncc(c4ccccc14)c32.c1cnccn1,incomp,325-incomp.sdf,0,1.360375165939331,2.514552354812622,9.652801513671877,18.45459175109864
pocketxmol_ep400_sma_atlas_ext,use,sbdd,,CN[n+]1c2c(nc3c1=Nc1ccccc1-3)=C(Nc1cccc(F)c1)C=NC2=O,,326.sdf,0,1.4369800090789795,2.6970932483673096,10.480536460876465,18.04631996154785
pocketxmol_ep400_sma_atlas_ext,use,sbdd,,O=C(Cc1ccccc1)Nc1nnccc1-c1ccnc2ncnn12,,327.sdf,0,1.3787906169891355,2.7448644638061523,10.165231704711914,18.493173599243164
pocketxmol_ep400_sma_atlas_ext,use,sbdd,,Nc1ccc2[nH]c3ncc4c(=O)[nH]c(=O)c4c3c(-c3ccccc3)c-2cc1,,328.sdf,0,1.3879705667495728,2.597562551498413,10.484562873840332,17.771554946899414
pocketxmol_ep400_sma_atlas_ext,use,sbdd,,Nc1ncnc2c1ncn2C1C(O)C(O)C1COP(=O)(O)OP(=O)(O)O,,329.sdf,0,1.313726544380188,2.4325437545776367,11.379281997680664,17.807720184326172
pocketxmol_ep400_sma_atlas_ext,use,sbdd,,O=C(Nc1ccccc1)C1=C(CCCc2ccccc2)c2ccc(O)c(=O)n2C1=O,,330.sdf,0,1.365395188331604,2.571340322494507,9.828859329223633,18.703105926513672
pocketxmol_ep400_sma_atlas_ext,use,sbdd,,Cc1ccc(Oc2cc3c4cccccc-4[nH+]c3[nH+]c2N)c2c1NC=CC=C2,,331.sdf,0,1.3925060033798218,2.5973563194274902,9.496467590332031,17.48588752746582
pocketxmol_ep400_sma_atlas_ext,use,sbdd,,OC(=CN1CCN(c2nccc3cccnc23)CC1)COc1ccccc1,,332.sdf,0,1.3472893238067627,2.649405002593994,10.99241542816162,18.216800689697266
pocketxmol_ep400_sma_atlas_ext,use,sbdd,,N=C1N=C([n+]2c(O)n(CC[n+]3ccccc3)c3ccccc32)c2cc[nH+]n21,,333.sdf,0,1.3394397497177124,2.6368091106414795,10.047515869140623,17.843095779418945
pocketxmol_ep400_sma_atlas_ext,use,sbdd,,O=C(Cn1c2[nH+]c3ccccc3c-2cc2ccccc21)NCc1c[nH]c2ccccc12,,334.sdf,0,1.4210386276245115,2.7295689582824707,11.218914031982422,18.59565734863281
pocketxmol_ep400_sma_atlas_ext,use,sbdd,,Cc1ccc(-c2nonc2NC(=O)c2ccc(-c3cccc(O)c3)nc2)cc1,,335.sdf,0,1.425695538520813,2.717612743377685,10.720785140991213,18.78630256652832
pocketxmol_ep400_sma_atlas_ext,use,sbdd,,COc1ccc(-n2cc(-c3ccccc3)nc2N(C)C(=O)c2cccnc2)cc1,,336.sdf,0,1.4390254020690918,2.6596782207489014,10.848031997680664,18.633033752441406
pocketxmol_ep400_sma_atlas_ext,use,sbdd,,O=C(O)c1ccc2c3c(c[n+]4c(c13)C(=O)c1ccccc1-4)N(C1=CC=CNC=C1)N2,,337.sdf,0,1.4192155599594116,2.61752986907959,9.883435249328612,17.600265502929688
pocketxmol_ep400_sma_atlas_ext,use,sbdd,,CNC(=O)c1cnc2c3ccccc3cc-2c(-c2cc(-c3ccco3)nc(N)n2)n1,,338.sdf,0,1.3381474018096924,2.576004266738892,10.135482788085938,17.977970123291016
pocketxmol_ep400_sma_atlas_ext,use,sbdd,,O=C1CCCc2cccc3cc(oc23)C(O)=NCc2ccnc3ccc(cc23)N1,,339.sdf,0,1.3878532648086548,2.535794258117676,10.40095329284668,18.206527709960938
pocketxmol_ep400_sma_atlas_ext,use,sbdd,,O=C(CN(Cc1nn[nH]n1)[SH](=O)(O)c1ccccc1)NCCc1ccccc1,,340.sdf,0,1.3629889488220217,2.6257948875427246,10.814157485961914,18.881065368652344
pocketxmol_ep400_sma_atlas_ext,use,sbdd,,O=c1[nH]c(=O)c2c1nc1cccc3[nH+]c4c(c2c13)=C[N+](c1ccccc1)=C4,,341.sdf,0,1.458348035812378,2.680043935775757,10.632922172546388,17.78887367248535
pocketxmol_ep400_sma_atlas_ext,use,sbdd,,Cc1ccc(NC(=O)Cc2cc3ccc4ccccc4c3[nH]c2=O)cc1,,342.sdf,0,1.4711776971817017,2.670582771301269,10.760576248168944,18.063934326171875
pocketxmol_ep400_sma_atlas_ext,use,sbdd,,Nc1ncnc2c1ncn2C1CC(OC(O)OP(=O)(O)O)C(O)C(COP(=O)(O)O)O1,,343.sdf,0,1.3023486137390137,2.346245050430298,10.43228816986084,18.040620803833008
pocketxmol_ep400_sma_atlas_ext,use,sbdd,,Cc1c(NCCN(C)c2ccccc2)c(C(O)c2ccccc2F)cn(C)c1=O,,344.sdf,0,1.3200039863586426,2.6145193576812744,10.767889976501465,18.76858901977539
pocketxmol_ep400_sma_atlas_ext,use,sbdd,,O=C(NCc1cc2c(ccc3ccnn32)nc1-c1ccccn1)c1ccccc1,,345.sdf,0,1.4089267253875732,2.7687761783599854,10.097475051879885,18.187259674072266
pocketxmol_ep400_sma_atlas_ext,use,sbdd,,COC1=C2NC(C(=O)c3cc(=O)[nH]c4ccccc34)=CN2C=CC=C1,,346.sdf,0,1.4052331447601318,2.587664127349853,10.587791442871094,17.408672332763672
pocketxmol_ep400_sma_atlas_ext,use,sbdd,,O=C(C1=Cc2ccccc2NC=C1)N(Cc1ccco1)c1ccccc1,,347.sdf,0,1.3219690322875977,2.5689854621887207,10.375914573669434,18.02649688720703
pocketxmol_ep400_sma_atlas_ext,use,sbdd,,O=C1Oc2ccc(O)c3c2C(=Cc2c(O)ccc(O)c21)C(=O)N(c1ccc(O)cc1)N3,,348.sdf,0,1.3660730123519895,2.514544010162353,10.215171813964844,17.94683265686035
pocketxmol_ep400_sma_atlas_ext,use,sbdd,,Cc1cccc(-c2ncc(-c3cc4ccccc4nc3O)[nH]2)c1,,349.sdf,0,1.3875421285629272,2.6870455741882324,9.645910263061523,17.80896759033203
pocketxmol_ep400_sma_atlas_ext,use,sbdd,,O=C(O)Cc1cnc(-c2ccccc2)c2ncc3ccccc3c12,,350.sdf,0,1.4716945886611938,2.8288424015045166,10.768044471740724,18.02326393127441
pocketxmol_ep400_sma_atlas_ext,use,sbdd,,,bad,351-bad.sdf,0,1.3926749229431152,2.71731948852539,10.32960319519043,18.255151748657227
pocketxmol_ep400_sma_atlas_ext,use,sbdd,,N#Cc1c(O)[nH+]cc(-c2nc3ccc(N)cc3[nH]2)c1-c1c[nH]c2ccccc12,,352.sdf,0,1.3675780296325684,2.468437671661377,9.206358909606934,17.663509368896484
pocketxmol_ep400_sma_atlas_ext,use,sbdd,,O=S1(=O)c2cccc(O)c2N=c2c1c1c3ccccc3ccc3ncc[n+]2c3-1,,353.sdf,0,1.434396266937256,2.5702359676361084,10.16372013092041,17.559890747070312
pocketxmol_ep400_sma_atlas_ext,use,sbdd,,COc1ccc(C2=CN=NC2=C(C#N)C(c2ccccc2)c2ccccc2)cn1,,354.sdf,0,1.408063530921936,2.6392829418182373,10.495646476745604,18.656036376953125
pocketxmol_ep400_sma_atlas_ext,use,sbdd,,CC1CN(c2cc[n+](CCC(=O)O)cc2)CCN1c1[nH+]ccc2ccccc12,,355.sdf,0,1.453325629234314,2.7683026790618896,11.641942977905272,18.37048721313477
pocketxmol_ep400_sma_atlas_ext,use,sbdd,,CNC1CCC(NC(=O)Nc2ccccc2Cc2cnc3c[nH]ccc2-3)C1,,356.sdf,0,1.2721681594848633,2.654725313186645,10.912986755371094,18.30255126953125
pocketxmol_ep400_sma_atlas_ext,use,sbdd,,O=c1nc(Nc2ccc(Cl)cc2)c2c(=O)c3ccccc3oc2[nH]1.c1cnc[nH+]c1,incomp,357-incomp.sdf,0,1.413779616355896,2.710462808609009,11.080510139465332,18.54590034484864
pocketxmol_ep400_sma_atlas_ext,use,sbdd,,O=C(O)C(Cc1ccccc1-c1ccc(F)c[nH+]1)Cc1ncnc2nc[nH]c12,,358.sdf,0,1.4082343578338623,2.727250814437866,10.746902465820312,18.670658111572266
pocketxmol_ep400_sma_atlas_ext,use,sbdd,,OC1=[NH+]CCCc2c([nH]c3ccccc23)Cc2cccn2-c2cc1ccc2O,,359.sdf,0,1.2869420051574707,2.553572177886963,10.131078720092772,18.241098403930664
pocketxmol_ep400_sma_atlas_ext,use,sbdd,,Nc1ncnc2c1ncn2C1OC(COP(=O)(O)O)C(O)C(O)C1O,,360.sdf,0,1.2997982501983645,2.387924909591675,11.313118934631348,17.575300216674805
pocketxmol_ep400_sma_atlas_ext,use,sbdd,,Cn1c(N)c(C=C2C(C(=O)O)=CC=[N+]2Cc2ccccc2)c2c(=O)[nH]cnc21,,361.sdf,0,1.3378127813339231,2.571850061416626,10.572649955749512,18.62205696105957
pocketxmol_ep400_sma_atlas_ext,use,sbdd,,Cc1ccc(O)c(C(=O)Nc2ccc(-n3nnc4cnccc43)cc2)n1,,362.sdf,0,1.4434372186660769,2.705233097076416,10.303503036499023,18.24500846862793
pocketxmol_ep400_sma_atlas_ext,use,sbdd,,O=C(O)C1NCCc2ccccc2C2c3cccc(c3)OCCCOc3cccc(c3)C12,,363.sdf,0,1.3560596704483032,2.53427529335022,11.044692993164062,18.944765090942383
pocketxmol_ep400_sma_atlas_ext,use,sbdd,,O=c1c2oc3ccccc3c2cc2c[n+](Cc3n[nH+]c4sccn34)c(O)nn12,,364.sdf,0,1.4676746129989624,2.5963797569274902,11.1101713180542,17.951953887939453
pocketxmol_ep400_sma_atlas_ext,use,sbdd,,O=C(O)c1ccc(OCc2ccc(F)cc2)c(Cc2ccnc(F)c2)c1,,365.sdf,0,1.3692138195037842,2.646784543991089,10.64748764038086,18.87192916870117
pocketxmol_ep400_sma_atlas_ext,use,sbdd,,O=S1(=O)Nc2ccc3nc4ccccc4cc3c2C1c1ccc(O)cc1,,366.sdf,0,1.442841649055481,2.726336002349853,10.725921630859377,18.2573471069336
pocketxmol_ep400_sma_atlas_ext,use,sbdd,,Cc1nc(-c2ccccc2Oc2ccccc2)c(C2CCN(C)CC2)c(=O)[nH]1,,367.sdf,0,1.3260071277618408,2.684000253677368,10.26280403137207,18.708328247070312
pocketxmol_ep400_sma_atlas_ext,use,sbdd,,Cc1nc2ccccc(O)c-2c1CNC(=O)c1cccc(Cc2cccc3ccccc23)c1,,368.sdf,0,1.430253028869629,2.684199571609497,10.375171661376951,18.38187599182129
pocketxmol_ep400_sma_atlas_ext,use,sbdd,,,bad,369-bad.sdf,0,1.3772526979446411,2.7431013584136963,10.992015838623049,18.58309364318848
pocketxmol_ep400_sma_atlas_ext,use,sbdd,,COc1ccc2c(c1)-c1c(O)cc(-c3ccccc3)cc1OC(=O)N2O,,370.sdf,0,1.3947606086730957,2.55469298362732,10.211140632629396,17.921274185180664
pocketxmol_ep400_sma_atlas_ext,use,sbdd,,N=C1C=[NH+]C2=[N+](c3ccc4ccccc4c3)c3ccccc3C2=C1C(=O)O,,371.sdf,0,1.523048758506775,2.67454481124878,10.269368171691896,17.56070899963379
pocketxmol_ep400_sma_atlas_ext,use,sbdd,,O=C(Cc1cnc2c(C(=O)Nc3cccc4cccnc34)cccn12)NCc1cccnc1,,372.sdf,0,1.42621648311615,2.6822688579559326,10.782214164733888,18.59990882873535
pocketxmol_ep400_sma_atlas_ext,use,sbdd,,O=C(NCc1ccc([N+](=O)O)cc1)NC(O)C=Cc1cccc2ccccc12,,373.sdf,0,1.3939752578735352,2.6086580753326416,11.581525802612305,18.15812492370605
pocketxmol_ep400_sma_atlas_ext,use,sbdd,,N#CC1C(=O)c2ccccc2-c2cnc(N)nc2C1Cc1ccnc2ccccc12,,374.sdf,0,1.356617450714111,2.5539438724517822,10.333605766296388,18.13162040710449
pocketxmol_ep400_sma_atlas_ext,use,sbdd,,Cc1ccc(Cn2c3c(=O)[n+]4ccccc4c=3oc3ccccc32)cc1,,375.sdf,0,1.5468854904174805,2.784663677215576,11.364221572875977,18.208534240722656
pocketxmol_ep400_sma_atlas_ext,use,sbdd,,O=C(O)CCC1C(=O)Nc2cc(O)ccc2Oc2ccc(O)cc2C1=O,,376.sdf,0,1.3163554668426514,2.6230223178863525,10.782011985778809,18.73530387878418
pocketxmol_ep400_sma_atlas_ext,use,sbdd,,Nc1ncnc2c1ncn2C1OCC(O)C(OP(=O)(O)OP(=O)(O)O)C1O,,377.sdf,0,1.3071489334106443,2.29507827758789,11.115042686462402,17.576261520385742
pocketxmol_ep400_sma_atlas_ext,use,sbdd,,Nc1ncnc2c1ncn2C1OC(COP(=O)(O)O)C2OP(=O)(O)OP(=O)(O)OC21,,378.sdf,0,1.3953782320022583,2.707871198654175,11.78149700164795,18.919239044189453
pocketxmol_ep400_sma_atlas_ext,use,sbdd,,,bad,379-bad.sdf,0,1.4501019716262815,2.6044182777404785,9.639212608337402,18.093435287475582
pocketxmol_ep400_sma_atlas_ext,use,sbdd,,O=C(Nc1nc(Cc2ccccc2)cs1)C1=Cc2ccccc2NC1,,380.sdf,0,1.29046630859375,2.492250919342041,10.805700302124023,18.062305450439453
pocketxmol_ep400_sma_atlas_ext,use,sbdd,,C=CNc1cccc(N=C(O)CCN2CC3CCN3c3cnc4ccccc4c3C2=O)c1,,381.sdf,0,1.317416787147522,2.565084934234619,11.025936126708984,18.777063369750977
pocketxmol_ep400_sma_atlas_ext,use,sbdd,,OC1(c2cccc(-c3ccccn3)c2)c2ccccc2Nc2ncccc21,,382.sdf,0,1.4306724071502686,2.5863146781921387,10.739946365356444,18.460309982299805
pocketxmol_ep400_sma_atlas_ext,use,sbdd,,Cc1ccc(-c2nc(-c3ccc(O)cc3)c3c(c2O)=NC(=O)N=3)cc1,,383.sdf,0,1.4559210538864136,2.7236545085906982,10.041224479675291,18.002357482910156
pocketxmol_ep400_sma_atlas_ext,use,sbdd,,COc1ccc(O)c(N(O)O)c1.OC(NCc1cccnc1)c1ccccc1,incomp,384-incomp.sdf,0,1.3495904207229614,2.585549831390381,10.866621971130373,18.638011932373047
pocketxmol_ep400_sma_atlas_ext,use,sbdd,,O=C1CC(c2ccc(F)cc2)c2cnc3ccccc3c2-c2cccc(F)c2N1,,385.sdf,0,1.4560744762420654,2.7508156299591064,11.59522533416748,19.19867706298828
pocketxmol_ep400_sma_atlas_ext,use,sbdd,,Cn1c(-c2nc[nH]c2C(O)=NCc2ccc(-c3ccccc3)cc2)[nH+]c2ccccc21,,386.sdf,0,1.4564166069030762,2.739960193634033,11.080615997314451,18.69609642028809
pocketxmol_ep400_sma_atlas_ext,use,sbdd,,c1ccc(-c2ccc3nc4ccccc4nc3c2)c(Nc2ncnc3ccccc23)c1,,387.sdf,0,1.4569777250289917,2.8187572956085205,11.345355987548828,18.34821128845215
pocketxmol_ep400_sma_atlas_ext,use,sbdd,,O=C1c2ccccc2C(O)(Cc2ccc(O)cc2)c2c(O)cccc21,,388.sdf,0,1.3460972309112549,2.4124677181243896,10.075947761535645,17.660526275634766
pocketxmol_ep400_sma_atlas_ext,use,sbdd,,O=C1C=c2c(cc3cccc4cccc(c2=O)c43)C(=O)N1C(=O)c1ccccc1,,389.sdf,0,1.3158023357391355,2.438873291015625,10.007265090942385,17.99005126953125
pocketxmol_ep400_sma_atlas_ext,use,sbdd,,CN(c1ccccc1)c1ncnc(Nc2ccccc2)c1C(=O)NC(=O)c1ccccc1,,390.sdf,0,1.4077744483947754,2.691595554351806,10.781892776489258,19.11440658569336
pocketxmol_ep400_sma_atlas_ext,use,sbdd,,O=C(O)c1cccc(C(=O)CC(c2ccc(O)c[nH+]2)c2c[nH]c3ccccc23)c1,,391.sdf,0,1.4123913049697876,2.664392471313477,10.47575569152832,18.78908348083496
pocketxmol_ep400_sma_atlas_ext,use,sbdd,,Nc1ccc(Oc2cccn3c(=O)c4cnc5c6ccccc6ccc5c4nc23)cc1,,392.sdf,0,1.50604510307312,2.7641303539276123,10.70767593383789,18.19821548461914
pocketxmol_ep400_sma_atlas_ext,use,sbdd,,O=C1Oc2ccccc2N(CSc2[nH]cnc3ncnc2-3)c2ccccc21,,393.sdf,0,1.3505059480667114,2.588843822479248,10.36162567138672,17.6989688873291
pocketxmol_ep400_sma_atlas_ext,use,sbdd,,Nc1ccc(N(Cc2ccccc2)C(O)C=Cc2ccccc2Cc2ccccc2)cc1,,394.sdf,0,1.413986325263977,2.848012685775757,11.032262802124023,19.668500900268555
pocketxmol_ep400_sma_atlas_ext,use,sbdd,,Nc1nc2nc(Nc3ccccc3)[nH]c(NCc3ccccc3)c-2c(=O)n1,,395.sdf,0,1.3523374795913696,2.573129177093506,11.11829662322998,18.09760284423828
pocketxmol_ep400_sma_atlas_ext,use,sbdd,,O=C(O)c1nn(NNC2C(O)OC(COP(=O)(O)O)C2O)c(=O)nc1O,,396.sdf,0,1.2326655387878418,2.38893723487854,9.667920112609863,18.309545516967773
pocketxmol_ep400_sma_atlas_ext,use,sbdd,,,bad,397-bad.sdf,0,1.4144692420959473,2.622558355331421,10.633358001708984,17.416500091552734
pocketxmol_ep400_sma_atlas_ext,use,sbdd,,O=C(O)c1ccc2ccc3ccc(CNC(=O)c4ccccc4)cc3c2c1,,398.sdf,0,1.4757776260375977,2.816533327102661,11.591704368591309,18.17347717285156
pocketxmol_ep400_sma_atlas_ext,use,sbdd,,CC(=O)Nc1ccc(-n2cnnn2)cc1.Nc1ccc2c(c1)oc1ccccc12,incomp,399-incomp.sdf,0,1.365733981132507,2.696652889251709,10.861804962158203,18.208148956298828
pocketxmol_ep400_sma_atlas_ext,use,sbdd,,Cc1cccc(NC(=O)Nc2cc(O)nc(-c3ccccc3O)n2)c1,,400.sdf,0,1.4852490425109863,2.742614507675171,11.00851345062256,18.34051513671875
pocketxmol_ep400_sma_atlas_ext,use,sbdd,,O=C(Nc1ccccc1)C(NNc1cnccc1-c1ccccc1)c1ccccc1,,401.sdf,0,1.3788306713104248,2.72531533241272,10.62845516204834,18.59459114074707
pocketxmol_ep400_sma_atlas_ext,use,sbdd,,O=P1(O)OP(=O)(OOC2C(O)C(O)CC2[n+]2cnc3ncncc3c2)O1,,402.sdf,0,1.1873708963394165,2.3966288566589355,9.782754898071287,17.721094131469727
pocketxmol_ep400_sma_atlas_ext,use,sbdd,,NCCC1(N(C(=O)c2ccc(F)cc2)C2=c3ccccc3=C3C=CC=CC=C3N2)CC1,,403.sdf,0,1.3617793321609497,2.40063214302063,10.05003261566162,17.918506622314453
pocketxmol_ep400_sma_atlas_ext,use,sbdd,,Cn1cc2c3c(cccc31)C(=O)Nc1ccnc(Nc3ccccc3)c1N2,,404.sdf,0,1.3522186279296875,2.631075143814087,10.432947158813477,18.15328598022461
pocketxmol_ep400_sma_atlas_ext,use,sbdd,,O=c1oc(Nc2ccncc2)nc(C(O)c2ccccc2)c1-c1ccccc1,,405.sdf,0,1.4276357889175415,2.728168249130249,10.086470603942873,18.484474182128903
pocketxmol_ep400_sma_atlas_ext,use,sbdd,,COC(=O)c1cc(NC(=O)c2ccc3ccccc3n2)n(Cc2ccccc2)n1,,406.sdf,0,1.390378475189209,2.6084702014923096,11.29714584350586,18.655261993408203
pocketxmol_ep400_sma_atlas_ext,use,sbdd,,Cc1ccc2c(C3=NC(=O)C4=CC(c5ccc(F)cc5)=NC(=O)C4=C3)cccc2n1,,407.sdf,0,1.4393072128295898,2.7391273975372314,10.250625610351562,18.22806930541992
pocketxmol_ep400_sma_atlas_ext,use,sbdd,,CN1CCN(c2n[nH]c3c2ccc2c(-c4ccc5ccccc5[nH+]4)cccc23)CC1,,408.sdf,0,1.4086169004440308,2.6831130981445312,10.027095794677734,17.7191104888916
pocketxmol_ep400_sma_atlas_ext,use,sbdd,,CC1=CC=C(OC(C(=O)O)c2ccc(N)cn2)c2c3c(oc2=C1)=CC=CC=C3,,409.sdf,0,1.3252813816070557,2.6275455951690674,10.271728515625,17.741342544555664
pocketxmol_ep400_sma_atlas_ext,use,sbdd,,CC(NC1=CC2=NC=CN(Cc3ccccc3)C2=NC=C1)(c1ccccc1)c1ncco1,,410.sdf,0,1.2813050746917725,2.5538330078125,9.724785804748535,18.319929122924805
pocketxmol_ep400_sma_atlas_ext,use,sbdd,,O=C(NNC(c1ccccc1)c1ccccc1)c1cc(-c2ccccc2)ncn1,,411.sdf,0,1.4394687414169312,2.748849630355835,11.096096992492676,18.63685417175293
pocketxmol_ep400_sma_atlas_ext,use,sbdd,,O=C1CC(c2ccc3ccc(O)cc3c2)=C2c3ccc(O)cc3OC2C1=O,,412.sdf,0,1.4183963537216189,2.5070321559906006,10.171868324279783,17.767179489135742
pocketxmol_ep400_sma_atlas_ext,use,sbdd,,Oc1ccc(CCc2nc3ccccc3c3c4cc(O)ccc4c(O)n23)cc1,,413.sdf,0,1.453463077545166,2.619467258453369,10.445497512817385,18.249584197998047
pocketxmol_ep400_sma_atlas_ext,use,sbdd,,,bad,414-bad.sdf,0,1.4806725978851318,2.73698353767395,10.00749969482422,17.564167022705078
pocketxmol_ep400_sma_atlas_ext,use,sbdd,,,bad,415-bad.sdf,0,1.3348268270492554,2.535780191421509,9.49160099029541,17.92104721069336
pocketxmol_ep400_sma_atlas_ext,use,sbdd,,Cc1ccc2c(c1)N(C)S(=O)(=O)c1ncccc1C2Nc1ccc(F)cc1C,,416.sdf,0,1.3936458826065063,2.666921138763428,10.065787315368652,18.58859634399414
pocketxmol_ep400_sma_atlas_ext,use,sbdd,,CC(C(=O)c1ccc(C(=O)O)cc1Cc1ccccc1F)c1ccc(O)cc1,,417.sdf,0,1.446119785308838,2.64730191230774,10.108853340148926,19.04435539245605
pocketxmol_ep400_sma_atlas_ext,use,sbdd,,C[N+]1=NC(c2ccccc2)=c2cc3c(=O)[nH+]nc4c5ccccc5c(c21)c3=4,,418.sdf,0,1.4350155591964722,2.672767877578736,9.898945808410645,17.845022201538086
pocketxmol_ep400_sma_atlas_ext,use,sbdd,,Clc1ccc(Cl)c(Nc2nc(Cc3ccccc3)nc3nc(-c4ccccc4)nn23)c1,,419.sdf,0,1.4654420614242554,2.811288595199585,10.986078262329102,18.793132781982425
pocketxmol_ep400_sma_atlas_ext,use,sbdd,,CC[n+]1nnc2c3nc(-c4cccc5ccccc45)cc(C)n3cnc1-2,,420.sdf,0,1.5006272792816162,2.7609808444976807,10.405579566955566,17.846385955810547
pocketxmol_ep400_sma_atlas_ext,use,sbdd,,,bad,421-bad.sdf,0,1.2748675346374512,2.350841760635376,10.517388343811035,18.4310245513916
pocketxmol_ep400_sma_atlas_ext,use,sbdd,,O=C(c1cnc2ccccc2c1)c1cnn(-c2ccccc2)c1-c1ccccc1,,422.sdf,0,1.4590463638305664,2.7801055908203125,11.2520170211792,18.595212936401367
pocketxmol_ep400_sma_atlas_ext,use,sbdd,,Cn1c2c(c3ccsc31)C1Nc3ccccc3CCN1CC2=O,,423.sdf,0,1.2972307205200195,2.4447689056396484,10.34718418121338,17.62139129638672
pocketxmol_ep400_sma_atlas_ext,use,sbdd,,Oc1cc2c(c[n+]1-c1ccccc1)c1[nH+]cccc1n1[nH+]ccc21,,424.sdf,0,1.505252242088318,2.714346647262573,9.38232707977295,17.364835739135742
pocketxmol_ep400_sma_atlas_ext,use,sbdd,,Nc1ncnc2c(=Nc3ccccc3)c(C(=O)NCc3ccc4c(c3)OCO4)c[nH]c12,,425.sdf,0,1.4407780170440674,2.7150301933288574,11.549846649169922,18.90072250366211
pocketxmol_ep400_sma_atlas_ext,use,sbdd,,c1ccc(-c2ccn3ccccc23)c(-c2cnc3ccccc3c2)c1,,426.sdf,0,1.4632774591445925,2.807155132293701,10.117502212524414,18.12159919738769
pocketxmol_ep400_sma_atlas_ext,use,sbdd,,,bad,427-bad.sdf,0,1.362928032875061,2.671078681945801,10.709888458251951,18.401323318481445
pocketxmol_ep400_sma_atlas_ext,use,sbdd,,N#Cc1ccc2c(c1)nc1c3nc(Nc4c[nH]c5ccccc45)c(CN)nc3c[nH][n+]2-1,,428.sdf,0,1.4620052576065063,2.6905221939086914,10.63032341003418,18.15483665466309
pocketxmol_ep400_sma_atlas_ext,use,sbdd,,Cc1cc2ccc1OP(=O)(O)OP(=O)(O)OC=CC1CCC(Nc3nc(N)c(N)nc3-2)C1O,,429.sdf,0,1.3220200538635254,2.5614137649536133,10.290865898132324,19.05506896972656
pocketxmol_ep400_sma_atlas_ext,use,sbdd,,Nc1ccc(C(=O)NC2CCCN2C2=Nc3[nH]cnc3C=C3C=CC=CC=C32)cc1,,430.sdf,0,1.3597357273101809,2.629099607467652,9.862085342407228,18.173660278320312
pocketxmol_ep400_sma_atlas_ext,use,sbdd,,O=c1nccc2nc[nH]c(-[n+]3ccc(OCc4ccccc4)c4ccccc43)c1-2,,431.sdf,0,1.3781086206436155,2.5352749824523926,9.923504829406738,17.883935928344727
pocketxmol_ep400_sma_atlas_ext,use,sbdd,,O=C1Nc2ccccc2-c2cc(ccc2O)Nc2ccccc2C=[N+]1C1CC1,,432.sdf,0,1.333114743232727,2.523763418197632,9.785944938659668,18.569618225097656
pocketxmol_ep400_sma_atlas_ext,use,sbdd,,,bad,433-bad.sdf,0,1.3461188077926636,2.439282417297364,9.95087718963623,17.469940185546875
pocketxmol_ep400_sma_atlas_ext,use,sbdd,,CC(c1ccccc1)N(Cc1ccccc1)C(=O)c1cnn2c1[nH]c1ccccc12,,434.sdf,0,1.4261572360992432,2.7282724380493164,11.45663356781006,18.7457275390625
pocketxmol_ep400_sma_atlas_ext,use,sbdd,,O=C1Cc2cnc3ccccc(c2-3)Oc2ccc(cc2)-c2ccccc2N1,,435.sdf,0,1.216405987739563,2.311673164367676,9.396456718444824,17.878164291381836
pocketxmol_ep400_sma_atlas_ext,use,sbdd,,Clc1ccc(Nc2c(-c3ccccc3)c(-c3ccccc3)nc3ccccc23)cc1,,436.sdf,0,1.457719087600708,2.7682244777679443,10.865496635437012,18.655935287475582
pocketxmol_ep400_sma_atlas_ext,use,sbdd,,COc1nc2ccccc2c2ccccc12.NC(=O)c1cnc2ccccc2c1,incomp,437-incomp.sdf,0,1.485132098197937,2.7601943016052246,10.849069595336914,18.01564598083496
pocketxmol_ep400_sma_atlas_ext,use,sbdd,,O=C(c1ccc(-c2ccccc2)cc1)c1cc2ccccc2nc1O,,438.sdf,0,1.538722276687622,2.8737268447875977,11.620488166809082,18.353361129760746
pocketxmol_ep400_sma_atlas_ext,use,sbdd,,OC1=Nc2cccc3ccc(cc23)N2CCCc3c(cnn3CCC1)C2,,439.sdf,0,1.3113268613815308,2.630969762802124,11.130375862121582,18.305570602416992
pocketxmol_ep400_sma_atlas_ext,use,sbdd,,CCN(C(=O)NCc1ccc2cccc[n+]2c1O)c1cc(-c2ccccc2)ccc1O,,440.sdf,0,1.452639937400818,2.6886229515075684,10.06986141204834,18.330888748168945
pocketxmol_ep400_sma_atlas_ext,use,sbdd,,,bad,441-bad.sdf,0,1.42572021484375,2.514470338821411,8.829581260681152,17.566139221191406
pocketxmol_ep400_sma_atlas_ext,use,sbdd,,Cc1ccc2c(NC(OP(=O)(O)OP(=O)(O)O)C3OC(O)C(O)C3O)coc2n1,,442.sdf,0,1.2272828817367554,2.497434377670288,10.018654823303224,18.51972961425781
pocketxmol_ep400_sma_atlas_ext,use,sbdd,,O=C(O)c1ccc2c3c(cc[n+](Cc4ccccc4)c13)-c1ccc(F)cc1-2,,443.sdf,0,1.409712791442871,2.699775457382202,10.610892295837402,17.784488677978516
pocketxmol_ep400_sma_atlas_ext,use,sbdd,,COCCOc1cccc(C(=O)NCc2ccn3c2C(=O)N=C3N)c1,,444.sdf,0,1.2520006895065308,2.415745496749878,10.22712516784668,18.09941673278809
pocketxmol_ep400_sma_atlas_ext,use,sbdd,,,bad,445-bad.sdf,0,1.499147653579712,2.6617820262908936,10.118743896484377,18.1645565032959
pocketxmol_ep400_sma_atlas_ext,use,sbdd,,O=C(CSc1cc2c3cccccc-3nc2c2ccccc12)NCc1ccccc1,,446.sdf,0,1.4095101356506348,2.727088928222656,11.01559829711914,18.13120651245117
pocketxmol_ep400_sma_atlas_ext,use,sbdd,,O=C1CCc2ccc(cc2)C(=O)c2cnc3ccccc3c2CCc2cccc(c2)N1,,447.sdf,0,1.4343208074569702,2.729113340377808,11.025723457336426,18.98144721984864
pocketxmol_ep400_sma_atlas_ext,use,sbdd,,O=C(NC(=O)c1ncc(-c2ccc(F)cc2)o1)c1ccc2ccccc2c1,,448.sdf,0,1.4409655332565308,2.6187264919281006,10.458648681640623,18.111387252807617
pocketxmol_ep400_sma_atlas_ext,use,sbdd,,,bad,449-bad.sdf,0,1.4291764497756958,2.697383642196656,10.782018661499023,17.953907012939453
pocketxmol_ep400_sma_atlas_ext,use,sbdd,,CN1c2ccccc2-[n+]2nc3[nH+]cccc3c3c4ccccc4nc1c32,,450.sdf,0,1.556391954421997,2.881589412689209,11.134662628173828,17.650634765625
pocketxmol_ep400_sma_atlas_ext,use,sbdd,,O=c1c2sccc2nc2n(-c3ccccc3)nc(SCc3ccc(Cl)cc3)n12,,451.sdf,0,1.4037623405456543,2.7473599910736084,11.85732364654541,18.89762306213379
pocketxmol_ep400_sma_atlas_ext,use,sbdd,,Nc1ncnc2c1ncn2C1OC(OP(=O)(O)O)C(O)C1O.O=P(O)(O)OP(=O)(O)O,incomp,452-incomp.sdf,0,1.335965871810913,2.607875347137451,11.405756950378418,18.3445053100586
pocketxmol_ep400_sma_atlas_ext,use,sbdd,,Nc1ncccc1C(=O)N1CC(=O)Nc2ncccc2CC1c1ccccc1,,453.sdf,0,1.3731029033660889,2.6431920528411865,11.108384132385254,18.96100807189941
pocketxmol_ep400_sma_atlas_ext,use,sbdd,,OCC1C(O)OC(c2cc(O)ccc2O)C(N=Cc2cnc3cccccc2-3)C1O,,454.sdf,0,1.2470827102661133,2.4015400409698486,10.452503204345703,17.98826026916504
pocketxmol_ep400_sma_atlas_ext,use,sbdd,,COc1cc(O)c(O)cc1OCc1cccc(OCCc2ccccc2)c1,,455.sdf,0,1.313224196434021,2.6546435356140137,11.586186408996582,18.93829917907715
pocketxmol_ep400_sma_atlas_ext,use,sbdd,,O=C(Nc1ccccc1-c1cccc[nH+]1)c1cccc(-c2c[nH]c3ncccc23)c1,,456.sdf,0,1.411179780960083,2.744393348693848,10.077590942382812,18.962081909179688
pocketxmol_ep400_sma_atlas_ext,use,sbdd,,O=c1c2c(Nc3ccc(Cl)cc3)[nH]c3ccccc3c-2[nH+]n1-c1ccccc1,,457.sdf,0,1.511510133743286,2.8061349391937256,11.562393188476562,18.501361846923828
pocketxmol_ep400_sma_atlas_ext,use,sbdd,,,bad,458-bad.sdf,0,1.4114785194396973,2.5650277137756348,9.120573043823242,17.09860610961914
pocketxmol_ep400_sma_atlas_ext,use,sbdd,,OC(=Cc1ccccc1)Nc1ccnc2ccc(-c3ccc4cc(F)ccc4n3)nc12,,459.sdf,0,1.4824774265289309,2.77060604095459,10.619166374206545,18.34719657897949
pocketxmol_ep400_sma_atlas_ext,use,sbdd,,N#Cc1ccc(C2OC(c3cnc4[nH]cnc4c3)CC2OP(=O)(O)O)cc1,,460.sdf,0,1.2868577241897583,2.5002713203430176,10.11392307281494,18.240863800048828
pocketxmol_ep400_sma_atlas_ext,use,sbdd,,Cn1cc(C(=O)N(Cc2ccccc2)Cc2ccc3ccccc3c2)c2ccccc21,,461.sdf,0,1.4503984451293943,2.729843854904175,11.273811340332031,18.58265686035156
pocketxmol_ep400_sma_atlas_ext,use,sbdd,,O=C(c1cncnc1Nc1ccccc1)c1cccn1Cc1ccccc1,,462.sdf,0,1.4099953174591064,2.698382616043091,10.970362663269045,19.126310348510746
pocketxmol_ep400_sma_atlas_ext,use,sbdd,,Nc1ncnc2c1ncn2C1OC(COCOP(=O)(O)OP(=O)(O)O)C(O)C1O,,463.sdf,0,1.3321137428283691,2.6083202362060547,11.497825622558594,18.683443069458008
pocketxmol_ep400_sma_atlas_ext,use,sbdd,,O=c1ccn2c3c1c(=O)c1c4cccccc4oc1[n+]3-c1ccccc1N2,,464.sdf,0,1.437314748764038,2.681814432144165,10.646289825439451,17.62705421447754
pocketxmol_ep400_sma_atlas_ext,use,sbdd,,Nc1c(O)ncnc1-c1cccc2c1-c1ccc([N+](=O)O)cc1S2(=O)=O,,465.sdf,0,1.391687512397766,2.5751876831054688,10.56409740447998,17.877395629882812
pocketxmol_ep400_sma_atlas_ext,use,sbdd,,O=C(O)c1cc2c3c(nc4ccccc4c3c1)C(c1ccccc1)=N2,,466.sdf,0,1.526376247406006,2.691819429397583,10.308143615722656,17.897411346435547
pocketxmol_ep400_sma_atlas_ext,use,sbdd,,Cc1ccc[nH+]c1C(=O)N(Cc1ccccc1)c1c2cc[nH]cc-2c2cc[nH+]cc12,,467.sdf,0,1.395429253578186,2.720933437347412,9.724686622619627,18.78057289123535
pocketxmol_ep400_sma_atlas_ext,use,sbdd,,O=c1c2ccccc2c2nc(-c3ccc(O)cc3)ccc2n1-c1ccc(O)cc1,,468.sdf,0,1.4496384859085083,2.713303327560425,9.845041275024414,18.374929428100582
pocketxmol_ep400_sma_atlas_ext,use,sbdd,,,bad,469-bad.sdf,0,1.44044291973114,2.7536966800689697,11.213370323181152,18.476198196411133
pocketxmol_ep400_sma_atlas_ext,use,sbdd,,CN(C(=O)CCn1c(=O)[nH]c2ccccc21)C(c1ccccc1)c1ccccc1,,470.sdf,0,1.4136592149734497,2.7808687686920166,11.819366455078123,19.0413761138916
pocketxmol_ep400_sma_atlas_ext,use,sbdd,,COc1ccc2oc3ncnc(NCc4ccccc4-c4ccccc4)c3c2c1,,471.sdf,0,1.4294073581695557,2.7821755409240723,11.676663398742676,18.44948005676269
pocketxmol_ep400_sma_atlas_ext,use,sbdd,,O=CCC(CCn1cnc2ccccc2c1=O)NCc1ccccc1,,472.sdf,0,1.342907428741455,2.6390743255615234,10.381758689880373,18.405256271362305
pocketxmol_ep400_sma_atlas_ext,use,sbdd,,c1ccc(Nc2c[nH+]ccc2-c2cc[n+]3c4cccccc-4nc3n2)cc1,,473.sdf,0,1.4113318920135498,2.80125093460083,10.547715187072754,18.166296005249023
pocketxmol_ep400_sma_atlas_ext,use,sbdd,,,bad,474-bad.sdf,0,1.3297163248062134,2.514000415802002,10.532485961914062,18.131488800048828
pocketxmol_ep400_sma_atlas_ext,use,sbdd,,O=C1N=C(n2c(=O)[nH]c3ccccc32)C2CN(S(=O)(=O)c3ccccc3)CC12,,475.sdf,0,1.3667502403259275,2.73216199874878,11.056585311889648,18.525127410888672
pocketxmol_ep400_sma_atlas_ext,use,sbdd,,O=c1[nH]nc(Nc2ccc(-c3ccccc3)cc2)c2nncnc12,,476.sdf,0,1.4585199356079102,2.7964446544647217,10.882625579833984,18.22425842285156
pocketxmol_ep400_sma_atlas_ext,use,sbdd,,Nc1ncn(C2OC(C3OP(=O)(O)OP3(=O)O)C(O)C2O)c2ncnc1-2,,477.sdf,0,1.2158334255218506,2.355686664581299,11.202534675598145,18.029741287231445
pocketxmol_ep400_sma_atlas_ext,use,sbdd,,Cc1ccc(-c2cccc(-c3nc4c(c(=O)ncn4C)n3CC3CCCO3)c2)cc1,,478.sdf,0,1.4301413297653198,2.7003417015075684,11.180299758911133,18.58314514160156
pocketxmol_ep400_sma_atlas_ext,use,sbdd,,Cc1ccc([N+]2=Nc3c[n+](C)c(CNCc4c[nH]c5ccccc45)cc3C2=O)cc1,,479.sdf,0,1.3735142946243286,2.608478546142578,9.674994468688965,18.05664253234864
pocketxmol_ep400_sma_atlas_ext,use,sbdd,,Cc1ccc(-c2csc(-n3c(=O)[nH]c4ccc(Cl)cc4c3=O)[nH+]2)cc1,,480.sdf,0,1.4603689908981323,2.6731653213500977,11.163984298706056,18.08754539489746
pocketxmol_ep400_sma_atlas_ext,use,sbdd,,CCn1c2ccccc2c2ncncc21.Fc1ccc(Oc2ccccc2)nc1,incomp,481-incomp.sdf,0,1.385097622871399,2.582915544509888,10.27453899383545,18.24434471130371
pocketxmol_ep400_sma_atlas_ext,use,sbdd,,Cc1ccc(CN2CCCC(C(C(=O)O)c3nc4c(C)cccc4[nH]3)C2)c(O)c1,,482.sdf,0,1.334484577178955,2.566105842590332,9.332993507385254,18.248682022094727
pocketxmol_ep400_sma_atlas_ext,use,sbdd,,,bad,483-bad.sdf,0,1.3144041299819946,2.608539342880249,9.89022159576416,18.02650260925293
pocketxmol_ep400_sma_atlas_ext,use,sbdd,,Nc1ncnc2c1ncn2C1OC(COP(=O)(O)O[PH](N)(=O)=O)CCC(O)C1O,,484.sdf,0,1.3262503147125244,2.414912939071656,10.628884315490724,17.87494468688965
pocketxmol_ep400_sma_atlas_ext,use,sbdd,,O=C1Nc2cccc3cc4c(c(c23)N1)C1CCC2CCN(C4=O)C21,,485.sdf,0,1.4105360507965088,2.68494200706482,10.923073768615724,17.61347770690918
pocketxmol_ep400_sma_atlas_ext,use,sbdd,,O=C(NN=C1CCC(c2c[nH]c3ccccc23)CC1)c1cc[nH+]c2ccccc12,,486.sdf,0,1.3983886241912842,2.498863458633423,9.681171417236328,17.847829818725586
pocketxmol_ep400_sma_atlas_ext,use,sbdd,,O=C(O)c1ccc2ccc(CN(c3ccccc3)C(O)c3ccc(Cl)c(Cl)c3)cc2c1,,487.sdf,0,1.464134931564331,2.8079214096069336,11.816668510437012,18.957195281982425
pocketxmol_ep400_sma_atlas_ext,use,sbdd,,,bad,488-bad.sdf,0,1.261489987373352,2.292744874954224,10.35279941558838,17.903709411621094
pocketxmol_ep400_sma_atlas_ext,use,sbdd,,,bad,489-bad.sdf,0,1.333146333694458,2.5018229484558105,9.811566352844238,17.97768783569336
pocketxmol_ep400_sma_atlas_ext,use,sbdd,,Nc1ccc(-c2[nH+]cc(O)cc2NC(=O)c2c[nH]c3ccccc23)cc1,,490.sdf,0,1.3986108303070068,2.6589903831481934,10.335190773010254,18.140758514404297
pocketxmol_ep400_sma_atlas_ext,use,sbdd,,CC1=C2C=c3cc(C(=O)O)c(-c4nc5ccccc5[nH]4)cc3=[N+]2C=N1,,491.sdf,0,1.4042648077011108,2.5815622806549072,10.356202125549316,17.424589157104492
pocketxmol_ep400_sma_atlas_ext,use,sbdd,,O=C(O)COc1cccc2[nH]c(-c3ccccc3)c3c(=O)[nH+]cnc-3c12,,492.sdf,0,1.431219220161438,2.6999573707580566,11.568925857543944,18.03465461730957
pocketxmol_ep400_sma_atlas_ext,use,sbdd,,O=C(c1cccc(O)c1)c1ccc2c(c1)-c1c(C(=O)O)c(O)nc(=O)n1C2=O,,493.sdf,0,1.443626046180725,2.565979480743408,10.443399429321287,18.15342330932617
pocketxmol_ep400_sma_atlas_ext,use,sbdd,,c1cncc(C2CCCC2c2ccc(-c3ccc4ccccc4n3)cc2)c1,,494.sdf,0,1.4552359580993652,2.785203218460083,10.385625839233398,18.63409423828125
pocketxmol_ep400_sma_atlas_ext,use,sbdd,,CC(NC(=O)c1cnc2ccc[nH]c1-2)C(=O)NC(=O)CCc1ccccc1,,495.sdf,0,1.3333019018173218,2.648137092590332,10.317017555236816,18.65253257751465
pocketxmol_ep400_sma_atlas_ext,use,sbdd,,,bad,496-bad.sdf,0,1.371956467628479,2.663013458251953,11.041427612304688,18.66609764099121
pocketxmol_ep400_sma_atlas_ext,use,sbdd,,Oc1cc2cc(c1O)Oc1ccc3[nH]cc(c3c1)COc1cccc(c1)C2,,497.sdf,0,1.396146535873413,2.548563241958618,9.897652626037598,18.48935508728028
pocketxmol_ep400_sma_atlas_ext,use,sbdd,,,bad,498-bad.sdf,0,1.4401875734329224,2.618051528930664,9.612845420837402,17.753969192504883
pocketxmol_ep400_sma_atlas_ext,use,sbdd,,O=C(c1ccc(-c2cccnc2)cc1)N(c1ccccc1)c1ccc(Cl)cc1,,499.sdf,0,1.474076747894287,2.729928970336914,10.422477722167969,18.769256591796875
pocketxmol_ep400_sma_atlas_ext,use,sbdd,,Cc1oc(C2CCNCC2)cc1C(=O)Nc1ccc(C)c2coc(C)c12,,500.sdf,0,1.2679457664489746,2.535020589828491,9.190313339233398,18.05489158630371
pocketxmol_ep400_sma_atlas_ext,use,sbdd,,C=CC(=O)NCCC[n+]1cccc(-c2c[nH]c3ccccc23)c1O,,501.sdf,0,1.247047781944275,2.5016558170318604,10.087814331054688,17.900564193725586
pocketxmol_ep400_sma_atlas_ext,use,sbdd,,O=C(c1cccc(O)c1)[n+]1c[n+](Cc2ccccc2)c(O)c2ccccc21,,502.sdf,0,1.433661699295044,2.584690809249878,10.47987174987793,18.23941802978516
pocketxmol_ep400_sma_atlas_ext,use,sbdd,,,bad,503-bad.sdf,0,1.3241877555847168,2.437671184539795,10.411874771118164,18.29082489013672
pocketxmol_ep400_sma_atlas_ext,use,sbdd,,COC1CCCCCNc2cc(ccc2-c2ccco2)C(=O)c2ccc(cc2)C1,,504.sdf,0,1.2961310148239136,2.5577712059021,9.777921676635742,18.570301055908203
pocketxmol_ep400_sma_atlas_ext,use,sbdd,,Cc1ccc2c(c1)N=C1C(C(=O)[N+]3=c4ccc(N)cc4=NC3=O)=CN=[N+]12,,505.sdf,0,1.4425911903381348,2.6179089546203613,10.517481803894045,17.63726806640625
pocketxmol_ep400_sma_atlas_ext,use,sbdd,,O=c1occ2c3c([nH]nc13)C[NH+](Cc1ccccc1)Cc1ccccc1-2,,506.sdf,0,1.3787578344345093,2.6380155086517334,10.449498176574709,18.43727302551269
pocketxmol_ep400_sma_atlas_ext,use,sbdd,,CN1CCCc2c(O)n(c3cc(O)ccc3c2=O)CCc2ccc3[nH]c(nc(=O)c3c2)C1,,507.sdf,0,1.2839306592941284,2.4795196056365967,9.742269515991213,18.163589477539062
pocketxmol_ep400_sma_atlas_ext,use,sbdd,,Cc1cc2c(ccn2C)c2c1=[N+](C(C)c1ccccc1)C1=CC(=O)C=CC=21,,508.sdf,0,1.3618707656860352,2.6106252670288086,9.487939834594728,17.585227966308594
pocketxmol_ep400_sma_atlas_ext,use,sbdd,,,bad,509-bad.sdf,0,1.3824001550674438,2.505755662918091,9.572039604187012,17.683576583862305
pocketxmol_ep400_sma_atlas_ext,use,sbdd,,NC1=NC(=O)C2=NC=[N+](C3OC(COP(=O)(O)O)C(O)C3O)C2=N1,,510.sdf,0,1.354190707206726,2.6463377475738525,11.759281158447266,18.365449905395508
pocketxmol_ep400_sma_atlas_ext,use,sbdd,,N=C1C(=O)NCc2cccc(c2)NC(=O)Nc2cccc(c2)CN=C1O,,511.sdf,0,1.298811435699463,2.579514741897583,10.772761344909668,18.738391876220703
pocketxmol_ep400_sma_atlas_ext,use,sbdd,,CC(=O)Nc1ccc2ncn(CCN(C)C(O)c3ccc4ccccc4c3)c2c1,,512.sdf,0,1.372018575668335,2.63515305519104,11.067621231079102,18.07246780395508
pocketxmol_ep400_sma_atlas_ext,use,sbdd,,CCN(C)C(c1ccccc1)c1cc(OC)c2ncc3ccccc3c2c1,,513.sdf,0,1.3924577236175537,2.6437699794769287,11.011754035949709,17.822118759155273
pocketxmol_ep400_sma_atlas_ext,use,sbdd,,CC(NC(=O)Cc1[nH]c2ccccc2c1CNc1ccc([N+](=O)O)cc1)c1ccccc1,,514.sdf,0,1.373961329460144,2.6683249473571777,10.529291152954102,18.721296310424805
pocketxmol_ep400_sma_atlas_ext,use,sbdd,,O=c1[nH]cnc2c(-c3ccc(=O)n(-c4ccc(-c5nc[nH]n5)cc4)[nH+]3)ccnc12,,515.sdf,0,1.4800403118133545,2.77043890953064,10.586050987243652,18.173002243041992
pocketxmol_ep400_sma_atlas_ext,use,sbdd,,O=C(c1cc[nH+]c(-c2[nH+]cnc3ccccc23)c1)c1cc(=O)[nH]c2ccccc12,,516.sdf,0,1.4978010654449463,2.658143758773804,10.557865142822266,18.159639358520508
pocketxmol_ep400_sma_atlas_ext,use,sbdd,,O=C(c1cc2ccccc2o1)N(CCc1ccc(F)cn1)c1ccccc1,,517.sdf,0,1.3959978818893433,2.7680790424346924,10.927122116088867,18.659706115722656
pocketxmol_ep400_sma_atlas_ext,use,sbdd,,Nc1cc2oc3ccc4nc5c6ccccc6nc(c6cccc(c6)c2cn1)n5c4c3,,518.sdf,0,1.4017497301101685,2.614828586578369,9.634927749633787,18.04657745361328
pocketxmol_ep400_sma_atlas_ext,use,sbdd,,Cc1cccc(NC(=O)N(C)c2nc3ccccc3[nH]c3c(=O)[nH]c(=O)c2=3)c1,,519.sdf,0,1.3554493188858032,2.6748034954071045,10.87734317779541,18.55156135559082
pocketxmol_ep400_sma_atlas_ext,use,sbdd,,,bad,520-bad.sdf,0,1.366143822669983,2.523484706878662,9.91660213470459,18.12914276123047
pocketxmol_ep400_sma_atlas_ext,use,sbdd,,Nc1ncnc2c1ncn2C1COC(COP(=O)(O)O[PH]2(O)OP(=O)(O)O2)C1O,,521.sdf,0,1.325127124786377,2.457850217819214,11.336084365844728,18.51456642150879
pocketxmol_ep400_sma_atlas_ext,use,sbdd,,O=c1[nH]cc(-c2ccccc2)c(Nc2cccc(Cl)c2)c1Nc1ccccc1,,522.sdf,0,1.424169659614563,2.81248140335083,11.599011421203612,19.155500411987305
pocketxmol_ep400_sma_atlas_ext,use,sbdd,,O=C(O)N(CCNc1[nH+]cnc2ccccc12)Cc1ccc2c(c1)C=CC=CN2,,523.sdf,0,1.3696305751800537,2.828892707824707,11.538872718811035,18.56624412536621
pocketxmol_ep400_sma_atlas_ext,use,sbdd,,,bad,524-bad.sdf,0,1.3312923908233645,2.5923330783843994,9.987659454345703,18.751134872436523
pocketxmol_ep400_sma_atlas_ext,use,sbdd,,Cc1nc2c(Cc3cccc(Nc4ccc(F)cc4)c3)c(C)nc(=O)nc2[nH]1,,525.sdf,0,1.31806743144989,2.592639207839966,9.821012496948242,18.131567001342773
pocketxmol_ep400_sma_atlas_ext,use,sbdd,,O=C(NC1COc2cc([N+](=O)O)ccc2N1)c1cc2ccccc2[nH]1,,526.sdf,0,1.3749462366104126,2.5593795776367188,10.539935111999512,17.849205017089844
pocketxmol_ep400_sma_atlas_ext,use,sbdd,,Nc1ncnc2c1ncn2C1OC(CCOP(=O)(O)OP(=O)(O)O)C(F)C1O,,527.sdf,0,1.424293875694275,2.5681376457214355,11.270156860351562,18.296289443969727
pocketxmol_ep400_sma_atlas_ext,use,sbdd,,CC(C)(C)c1nc2c3c(nc4cccc(CCc5ccccc5F)c4c3n1)N=N2,,528.sdf,0,1.3634785413742063,2.419029712677002,8.305026054382324,18.23441505432129
pocketxmol_ep400_sma_atlas_ext,use,sbdd,,Cn1c(C(=O)O)cc2c(OCc3ccccc3-c3ccccc3)ncnc(=O)c21,,529.sdf,0,1.3691803216934204,2.636033058166504,10.669785499572754,18.260498046875
pocketxmol_ep400_sma_atlas_ext,use,sbdd,,,bad,530-bad.sdf,0,1.3803023099899292,2.678984880447388,11.04368019104004,18.44216537475586
pocketxmol_ep400_sma_atlas_ext,use,sbdd,,O=C1N=c2c(ccc3occc23)=[N+]1c1ccc2ccccc2c1,,531.sdf,0,1.4617068767547607,2.7457189559936523,10.152422904968262,17.405582427978516
pocketxmol_ep400_sma_atlas_ext,use,sbdd,,O=C(NCc1ccc(-c2ccccc2)nc1)c1cccc2cccnc12,,532.sdf,0,1.4790881872177124,2.794121026992798,11.069151878356934,18.438100814819336
pocketxmol_ep400_sma_atlas_ext,use,sbdd,,Oc1[n+]2c(-c3ccccc3)cccc2c2c3c(nc4ccccc4[n+]13)ON2,,533.sdf,0,1.4228432178497314,2.665020227432251,10.304635047912598,17.63942527770996
pocketxmol_ep400_sma_atlas_ext,use,sbdd,,COc1cccc(CCCC(=O)Nc2ccccc2NC(=O)c2cccnc2)c1,,534.sdf,0,1.304662585258484,2.44240403175354,10.16685962677002,18.658184051513672
pocketxmol_ep400_sma_atlas_ext,use,sbdd,,C[n+]1c2cccccc-2c(NC(=O)Cc2ccc3occc3c2)c1C(=O)O,,535.sdf,0,1.3308659791946411,2.5965495109558105,10.843353271484377,17.963029861450195
pocketxmol_ep400_sma_atlas_ext,use,sbdd,,O=C(c1ccncc1F)N1C=CC(c2ccccc2)=Nc2c1cnc1ccccc21,,536.sdf,0,1.463407278060913,2.7368054389953613,10.23237419128418,18.25279998779297
pocketxmol_ep400_sma_atlas_ext,use,sbdd,,,bad,537-bad.sdf,0,1.3953453302383425,2.7296507358551025,11.727957725524902,18.57132339477539
pocketxmol_ep400_sma_atlas_ext,use,sbdd,,O=Cc1ccc(C(=O)NCc2ccc(O)cc2)c(OCCc2ccccc2)c1,,538.sdf,0,1.360112190246582,2.4650845527648926,10.27940273284912,18.59061050415039
pocketxmol_ep400_sma_atlas_ext,use,sbdd,,Cc1ccc2c(c1)nc(-c1ccccc1)n2CC(=O)N=Cc1ccc(F)cc1F,,539.sdf,0,1.4499675035476685,2.7187180519104004,11.074572563171388,18.53798484802246
pocketxmol_ep400_sma_atlas_ext,use,sbdd,,O=C1C(CCc2ccc(Cl)cc2)=[N+](c2ccccc2)c2ncc(O)cc21,,540.sdf,0,1.4151039123535156,2.544217109680176,9.81252384185791,18.156063079833984
pocketxmol_ep400_sma_atlas_ext,use,sbdd,,Cc1cc2ccc1NC(=O)c1ccccc1-c1cc(ccn1)C(=O)Nc1cccc-2c1,,541.sdf,0,1.4068254232406616,2.597681760787964,9.408671379089355,18.981590270996094
pocketxmol_ep400_sma_atlas_ext,use,sbdd,,Nc1ccc(Nc2ccc(Cl)cc2)c(C(=O)O)c1Nc1ccc(O)c(Cl)c1,,542.sdf,0,1.4021764993667605,2.5917413234710693,10.436583518981934,18.305702209472656
pocketxmol_ep400_sma_atlas_ext,use,sbdd,,Nc1ncnc2c1ncn2C1OC(OP(=O)(O)O)C(OP(=O)(O)O)C(O)C1O,,543.sdf,0,1.3251221179962158,2.4501171112060547,11.624117851257324,17.935810089111328
pocketxmol_ep400_sma_atlas_ext,use,sbdd,,CCC(c1ccccc1C1=Nc2ccccc2C=NN1)c1c[nH]c2cc(C)ccc12,,544.sdf,0,1.377291917800903,2.708808660507202,9.439290046691896,18.147293090820312
pocketxmol_ep400_sma_atlas_ext,use,sbdd,,O=S(=O)(c1ccco1)N(Cc1ccc(Cl)cc1)Cc1cnc2ccccc2c1,,545.sdf,0,1.3428866863250732,2.606213092803955,11.453965187072754,18.536001205444336
pocketxmol_ep400_sma_atlas_ext,use,sbdd,,Oc1ccc(-n2c(Nc3ccc4ccccc4c3)nc3ncccc32)nc1O,,546.sdf,0,1.4763610363006592,2.767941236495972,10.387840270996094,18.23142433166504
pocketxmol_ep400_sma_atlas_ext,use,sbdd,,O=c1[nH+]c(Nc2ccccc2)cc2n1CCC2CC(c1ccccc1)c1nn[nH]n1,,547.sdf,0,1.3858697414398191,2.707929372787476,10.417885780334473,18.840087890625
pocketxmol_ep400_sma_atlas_ext,use,sbdd,,O=C(NCc1ccc(F)cc1)c1cccc2ccc3c(=O)[nH]c(=O)[nH]c3c12,,548.sdf,0,1.4658782482147217,2.6466572284698486,11.006244659423828,18.010244369506836
pocketxmol_ep400_sma_atlas_ext,use,sbdd,,Cc1c(-c2cc3c[nH]cc(F)c-3n2)nc2ccc(-c3ccc(F)cc3)[nH+]n12,,549.sdf,0,1.4529495239257812,2.746661424636841,9.643562316894531,18.18136215209961
pocketxmol_ep400_sma_atlas_ext,use,sbdd,,C=C(NC(=O)COc1ccccc1)C(O)C(CO)n1cnc2c(N)ncnc21,,550.sdf,0,1.3171381950378418,2.5441436767578125,11.136459350585938,18.174755096435547
pocketxmol_ep400_sma_atlas_ext,use,sbdd,,,bad,551-bad.sdf,0,1.3768764734268188,2.553999423980713,11.306710243225098,18.337282180786133
pocketxmol_ep400_sma_atlas_ext,use,sbdd,,c1ccc2c(Cc3cc4cc5c(cc4c4[nH+]cccc34)OCO5)c[nH]c2c1,,552.sdf,0,1.3965705633163452,2.7432403564453125,10.370079040527344,17.91996955871582
pocketxmol_ep400_sma_atlas_ext,use,sbdd,,Nc1nc(-c2ccccc2)cc(C=C(C(=O)O)c2ccccc2)c(=O)n1,,553.sdf,0,1.3703711032867432,2.6706292629241943,11.13960075378418,18.63284683227539
pocketxmol_ep400_sma_atlas_ext,use,sbdd,,Cc1c(Nc2cn(-c3ccccc3)c3ccccc23)[nH]c(=O)[nH]c1=O,,554.sdf,0,1.4700595140457153,2.7341721057891846,11.608222961425781,18.259260177612305
pocketxmol_ep400_sma_atlas_ext,use,sbdd,,O=C1COc2ccc(cc2)C(=O)NCc2ccc(cc2)COCc2cccc(c2)CCN1,,555.sdf,0,1.2840925455093384,2.5677618980407715,10.91718864440918,19.205244064331055
pocketxmol_ep400_sma_atlas_ext,use,sbdd,,O=C(c1cccc[nH+]1)N1CCC2C(C1)Oc1cncc3c(=O)[nH]c(=O)n2c13,,556.sdf,0,1.4187994003295898,2.482419729232788,10.384016990661621,17.845029830932617
pocketxmol_ep400_sma_atlas_ext,use,sbdd,,O=C(Nc1cccnc1)N(CCOc1ccccc1)Cc1ccccn1,,557.sdf,0,1.3348000049591064,2.682806968688965,10.884636878967285,19.238327026367188
pocketxmol_ep400_sma_atlas_ext,use,sbdd,,O=C(c1cc(=O)c2ccccc2o1)c1c(O)cccc1-c1ccc(-c2nn[nH]n2)[nH+]c1,,558.sdf,0,1.5271626710891724,2.7971816062927246,10.837414741516113,19.075794219970703
pocketxmol_ep400_sma_atlas_ext,use,sbdd,,Cc1cccc2c1N=c1cccc(C3=[N+](c4ccccc4)C(=O)NC3=O)c1=C(O)O2,,559.sdf,0,1.3612372875213623,2.4970717430114746,10.302565574645996,17.648622512817383
pocketxmol_ep400_sma_atlas_ext,use,sbdd,,NC(=O)c1c(OCc2ccc(N)cc2)cccc1-c1cccc(C(=O)O)c1,,560.sdf,0,1.4686132669448853,2.710732936859131,10.988274574279785,18.234542846679688
pocketxmol_ep400_sma_atlas_ext,use,sbdd,,,bad,561-bad.sdf,0,1.2979289293289185,2.5112431049346924,9.800366401672363,17.99323272705078
pocketxmol_ep400_sma_atlas_ext,use,sbdd,,,bad,562-bad.sdf,0,1.4254560470581055,2.6704659461975098,11.332507133483887,18.141679763793945
pocketxmol_ep400_sma_atlas_ext,use,sbdd,,OC(=Nc1ccccn1)c1cc2ccccc2nc1Nc1cccnc1,,563.sdf,0,1.406615138053894,2.6955413818359375,10.325098037719727,18.528642654418945
pocketxmol_ep400_sma_atlas_ext,use,sbdd,,O=C(Cc1ccccc1)Nc1cc(Cl)ccc1NCCc1cccc2[nH]ccc12,,564.sdf,0,1.338860273361206,2.7008280754089355,10.767030715942383,18.640907287597656
pocketxmol_ep400_sma_atlas_ext,use,sbdd,,NC1=NC=NC=[N+](C2OC(CCOP(=O)(O)OP(=O)(O)O)C(O)C2O)C=N1,,565.sdf,0,1.2535040378570557,2.496103048324585,10.69797134399414,17.888120651245117
pocketxmol_ep400_sma_atlas_ext,use,sbdd,,CCOCc1ccccc1NC(=O)c1cn(-c2ccccc2)c2ccccc12,,566.sdf,0,1.4174522161483765,2.779986619949341,11.3821439743042,18.528871536254883
pocketxmol_ep400_sma_atlas_ext,use,sbdd,,NC1=CC=CC2=NC3=C(NC2=C1)c1c([nH]cnc1=O)C1(CCNCC1OP(=O)(O)O)O3,,567.sdf,0,1.2836722135543823,2.5535788536071777,9.849912643432617,17.907716751098633
pocketxmol_ep400_sma_atlas_ext,use,sbdd,,O=C(Nc1ccccn1)Nc1c(-c2ccccc2)nnc2ccccc12,,568.sdf,0,1.457275390625,2.7574551105499268,10.71946907043457,18.586156845092773
pocketxmol_ep400_sma_atlas_ext,use,sbdd,,,bad,569-bad.sdf,0,1.414949655532837,2.6723482608795166,10.750831604003906,18.071664810180664
pocketxmol_ep400_sma_atlas_ext,use,sbdd,,Cc1ccc2ccc(C=C(C(=O)Cc3ccccc3)c3ccc(C(=O)O)o3)cc2n1,,570.sdf,0,1.3411803245544434,2.5855603218078613,10.010371208190918,18.395265579223633
pocketxmol_ep400_sma_atlas_ext,use,sbdd,,Cc1nn2cc1C(=O)NCCOc1ccc(Cl)cc1C=CCc1ccc(cc1)C2,,571.sdf,0,1.2572845220565796,2.5673770904541016,10.975622177124023,19.432992935180664
pocketxmol_ep400_sma_atlas_ext,use,sbdd,,Nc1ncnc2c1ncn2C1OC2COP(=O)(O)OCOP(=O)(O)OC(C2O)C1O,,572.sdf,0,1.3471364974975586,2.62205171585083,11.711544036865234,18.837099075317383
pocketxmol_ep400_sma_atlas_ext,use,sbdd,,CN(C(=O)c1cc2ccccc2[nH]1)C1=CN(c2ccccc2)CCC1O,,573.sdf,0,1.3510823249816895,2.660585641860962,10.709875106811523,18.464614868164062
pocketxmol_ep400_sma_atlas_ext,use,sbdd,,Oc1[n+](-c2ccccc2-c2ccccc2)c2ccccc2c2cccc[n+]12,,574.sdf,0,1.4200332164764404,2.651008129119873,9.603221893310547,17.901241302490234
pocketxmol_ep400_sma_atlas_ext,use,sbdd,,O=C(O)CC1CCCC1[NH+]1C(=O)CCc2cc3c4ccc[nH]c-4nc3c(O)c21,,575.sdf,0,1.340722680091858,2.6407768726348877,8.865750312805176,17.916959762573242
pocketxmol_ep400_sma_atlas_ext,use,sbdd,,O=C1NC2=C(C=CC1C1=Nc3c4ccccc4cc[n+]3C1=O)C=C1C=CC=CC=C1N2,,576.sdf,0,1.3596981763839722,2.6365365982055664,10.08997631072998,17.882593154907227
pocketxmol_ep400_sma_atlas_ext,use,sbdd,,O=C(O)Cc1ccc2ccc(C3C(=O)c4cc(O)c(O)c(O)c4-c4ccc(O)cc43)cc2c1,,577.sdf,0,1.3665624856948853,2.4471311569213867,9.163605690002441,17.844369888305664
pocketxmol_ep400_sma_atlas_ext,use,sbdd,,Cc1nc2c(-c3ccc4c(c3)OCO4)c[nH+]c(-n3[nH]c4c(C)c(C)cnc43)n2n1,,578.sdf,0,1.367761254310608,2.608412742614746,10.083819389343262,17.71122169494629
pocketxmol_ep400_sma_atlas_ext,use,sbdd,,O=C(Cc1ccccc1)N(CCc1ccccc1)S(=O)(=O)c1ccccc1,,579.sdf,0,1.3553603887557983,2.6718719005584717,10.879114151000977,19.540990829467773
pocketxmol_ep400_sma_atlas_ext,use,sbdd,,CCc1c(C(=O)NC=Cc2cccc(C(=O)O)c2)n(C)c2c1ccc1ccccc12,,580.sdf,0,1.3337032794952393,2.559136390686035,9.905377388000488,18.11631202697754
pocketxmol_ep400_sma_atlas_ext,use,sbdd,,COc1cccc(-c2c[nH+]cc(NCc3nc(C)nc4c3ncc(O)[n+]4C)c2)c1,,581.sdf,0,1.4321348667144775,2.6629555225372314,10.32026195526123,18.229143142700195
pocketxmol_ep400_sma_atlas_ext,use,sbdd,,Cc1ccc([N+]2=CC(=NCc3ccccn3)c3c2nc[nH]c3=O)cc1,,582.sdf,0,1.4812246561050415,2.782891035079956,11.456191062927246,18.467552185058594
pocketxmol_ep400_sma_atlas_ext,use,sbdd,,Cc1cc2nc3c4ccccc4c(=O)n(-c4ccccn4)c3nc2cn1,,583.sdf,0,1.5527398586273193,2.7323899269104004,10.036924362182617,17.800607681274414
pocketxmol_ep400_sma_atlas_ext,use,sbdd,,CN1C2=[NH+]C3=CC=CC=NC3=C(N2)c2ccccc2C(O)c2cccc(c2)-c2ccccc21,,584.sdf,0,1.3073453903198242,2.5061910152435303,9.963863372802734,18.210906982421875
pocketxmol_ep400_sma_atlas_ext,use,sbdd,,COc1ccc(N=Cn2c(=O)[nH]c3cccc(-c4ccc(C)cc4)c3c2=O)cc1,,585.sdf,0,1.4037039279937744,2.723947286605835,11.010354042053223,18.630565643310547
pocketxmol_ep400_sma_atlas_ext,use,sbdd,,Cc1nc(NC(=O)C(c2ccccc2)c2ccccc2)sc1-c1ccccc1,,586.sdf,0,1.3684431314468384,2.7752647399902344,11.6241455078125,19.23212432861328
pocketxmol_ep400_sma_atlas_ext,use,sbdd,,Cc1ncc(CCNC(=O)c2c(-c3ccccc3)n(C)c3ncccc23)cn1,,587.sdf,0,1.4315792322158813,2.7252204418182373,10.609467506408691,18.563966751098633
pocketxmol_ep400_sma_atlas_ext,use,sbdd,,O=c1nc[nH]c(=NC2=C(Nc3cccc4[nH]cnc34)CCC2)c2ccccc12,,588.sdf,0,1.3119839429855347,2.517458200454712,9.528285026550293,18.000778198242188
pocketxmol_ep400_sma_atlas_ext,use,sbdd,,Cc1cc(-c2cccnc2)nc(CCc2nc(=O)c3ccc4c(N)cccc4c3n2C)n1,,589.sdf,0,1.4511597156524658,2.632905960083008,9.65300464630127,18.16126251220703
pocketxmol_ep400_sma_atlas_ext,use,sbdd,,Cc1ccc(OC[n+]2c(C)nc3ccccn3c2=O)c(-c2ccccc2)c1,,590.sdf,0,1.3842195272445679,2.5247232913970947,9.419312477111816,18.4475154876709
pocketxmol_ep400_sma_atlas_ext,use,sbdd,,O=C(c1ccccc1-c1ccccc1)c1cncn1Cc1ccccc1,,591.sdf,0,1.3946595191955566,2.653867244720459,11.035445213317871,19.395862579345703
pocketxmol_ep400_sma_atlas_ext,use,sbdd,,Nc1[nH+]c2[nH]c3ccccc3c2c(-c2ccc[nH+]c2)c1C(=O)c1ccc[nH+]c1,,592.sdf,0,1.4996118545532227,2.7197444438934326,10.35240364074707,18.458486557006836
pocketxmol_ep400_sma_atlas_ext,use,sbdd,,Nc1nc2c3c(c4cccnc4[n+](CC(=O)NCc4ccccc4)c3[nH+]1)C=CC=C2,,593.sdf,0,1.478767991065979,2.6868748664855957,11.468647956848145,18.473615646362305
pocketxmol_ep400_sma_atlas_ext,use,sbdd,,CCN(CC[n+]1ccccc1)C(=O)c1cc2ccc(C)cc2c2ccccc12,,594.sdf,0,1.4081840515136719,2.6535117626190186,9.737603187561035,17.609336853027344
pocketxmol_ep400_sma_atlas_ext,use,sbdd,,Cn1cc(-c2ccc(C3=Nc4cccc5cccc3c45)c(O)c2)c2ccccc21,,595.sdf,0,1.5042918920516968,2.7562026977539062,10.704845428466797,17.945613861083984
pocketxmol_ep400_sma_atlas_ext,use,sbdd,,Nc1ncc2c(=O)n(-c3ccc(-c4ccccc4)cc3)ccc2n1,,596.sdf,0,1.448449730873108,2.8203232288360596,11.400593757629395,18.173870086669922
pocketxmol_ep400_sma_atlas_ext,use,sbdd,,CN(Cc1cccc([N+](=O)O)c1)C(=O)CCn1cnc2c(N)ncnc21,,597.sdf,0,1.3633780479431152,2.624204158782959,10.642104148864746,18.087833404541016
pocketxmol_ep400_sma_atlas_ext,use,sbdd,,O=C(NCC(=O)N(Cc1ccccc1)c1ccccc1)NCc1ccccc1,,598.sdf,0,1.387688159942627,2.8699519634246826,12.27208423614502,19.911922454833984
pocketxmol_ep400_sma_atlas_ext,use,sbdd,,O=C(NCc1cccc(Cl)c1)C(c1ccccc1)c1nc(-c2cccc(O)c2)cs1,,599.sdf,0,1.4186036586761475,2.7551028728485107,11.027225494384766,18.83032989501953
