data_id,db,task,key,smiles,tag,filename,i_repeat,cfd_traj,cfd_pos,cfd_node,cfd_edge
pocketxmol_kat5_sma_atlas_ext,use,sbdd,,Cc1[nH]c2cc(O)ccc2c1-c1ccc(C(=O)c2c[nH+]c3ccccc3c2)o1,,0.sdf,0,1.439831256866455,2.7037084,10.456774,17.976404
pocketxmol_kat5_sma_atlas_ext,use,sbdd,,Cc1cccc2ncc(C3=C4N=NN=C4C(=O)N=C3CCc3ccccc3)nc12,,1.sdf,0,1.4204732179641724,2.6800392,9.735719,18.09753
pocketxmol_kat5_sma_atlas_ext,use,sbdd,,Nc1ncnc2c1ncn2C1CC(OP(=O)(O)OP(=O)(O)O)C(OP(=O)(O)O)O1,,2.sdf,0,1.2968108654022217,2.5798807,11.028999,18.18935
pocketxmol_kat5_sma_atlas_ext,use,sbdd,,O=c1ccc2ccc(-c3nnc(OP(=O)(O)O)c4ccccc34)ccc-2n1,,3.sdf,0,1.4233371019363403,2.6986055,11.3562355,17.628397
pocketxmol_kat5_sma_atlas_ext,use,sbdd,,,bad,4-bad.sdf,0,1.2913578748703003,2.4483593,10.137802,17.25221
pocketxmol_kat5_sma_atlas_ext,use,sbdd,,O=Cc1ccnc2c1Oc1nc3ccccc3cc1C=C2c1ccccc1,,5.sdf,0,1.4835028648376465,2.7391074,10.494624,17.757637
pocketxmol_kat5_sma_atlas_ext,use,sbdd,,,bad,6-bad.sdf,0,1.3135055303573608,2.4353607,10.408902,17.069548
pocketxmol_kat5_sma_atlas_ext,use,sbdd,,O=P(O)(O)c1cc(-c2nc3ccccc3cc2-c2cccnc2)nc2ccccc12,,7.sdf,0,1.4699721336364746,2.7806342,11.169457,18.004261
pocketxmol_kat5_sma_atlas_ext,use,sbdd,,Nc1ncnc2c1ncn2C1CCC(O)C(OP(=O)(O)OP(=O)(O)O)O1,,8.sdf,0,1.2163798809051514,2.3480225,11.132226,17.248642
pocketxmol_kat5_sma_atlas_ext,use,sbdd,,CNc1ncnc2c1ncn2CC(OP(=O)(O)OP(=O)(O)O)c1ccccc1,,9.sdf,0,1.300391435623169,2.6735127,11.37387,18.167871
pocketxmol_kat5_sma_atlas_ext,use,sbdd,,Cc1ccc2ncc3c(C(=CO)C(=O)O)cc(Cc4ccccc4)cc3c2c1,,10.sdf,0,1.428900957107544,2.6237938,9.984313,17.916672
pocketxmol_kat5_sma_atlas_ext,use,sbdd,,O=P(O)(O)CN(CCOc1cccc2ccccc12)COP(=O)(O)O,,11.sdf,0,1.2252367734909058,2.4122531,10.431798,17.514532
pocketxmol_kat5_sma_atlas_ext,use,sbdd,,OC1=C(NN=Cc2ccccc2)c2cc3cc(O)ccc3c3cccc(c23)N1,,12.sdf,0,1.4316586256027222,2.6711483,10.071855,17.405092
pocketxmol_kat5_sma_atlas_ext,use,sbdd,,O=C(NC(Cc1ccccc1)c1nncn1CP(=O)(O)O)c1ccccc1,,13.sdf,0,1.3013309240341189,2.6497145,10.78723,18.52706
pocketxmol_kat5_sma_atlas_ext,use,sbdd,,O=C(O)CCc1cccc2c1OC(c1ccc(O)cc1)=c1ccccc1=C2O,,14.sdf,0,1.3185728788375854,2.6512222,10.770022,18.06912
pocketxmol_kat5_sma_atlas_ext,use,sbdd,,CSc1nc(O)c(Cc2cc3ccccc3c3ccccc23)c(CC(=O)O)n1,,15.sdf,0,1.4099639654159546,2.6873157,11.552976,18.136309
pocketxmol_kat5_sma_atlas_ext,use,sbdd,,Nc1nnc2n(C3CC(O)C(COP(=O)(O)OP(=O)(O)OP(=O)(O)O)O3)ncnc1-2,,16.sdf,0,1.2497889995574951,2.5236528,10.4513,17.745537
pocketxmol_kat5_sma_atlas_ext,use,sbdd,,Cc1ccc2c(-c3cc(-c4ccccc4)c(C(=O)O)cc3CC(=O)O)ccnc2c1,,17.sdf,0,1.3768246173858645,2.7024395,10.213507,18.21158
pocketxmol_kat5_sma_atlas_ext,use,sbdd,,c1cc2c3c(cccc3c1)-c1c-2c2ccccc2c2nc3ccccc3nc12,,18.sdf,0,1.536044955253601,2.7795315,10.634443,17.58671
pocketxmol_kat5_sma_atlas_ext,use,sbdd,,Nc1nnc2n(C3CC(O)C(CCO[PH](O)(O)O[PH](O)(O)O)O3)cncc1-2,,19.sdf,0,1.2320237159729004,2.4572656,10.191689,17.62697
pocketxmol_kat5_sma_atlas_ext,use,sbdd,,Cc1ccc(Nc2nn(-c3ccc(C)nc3)c3nc4ccccc4cc23)cn1,,20.sdf,0,1.4643346071243286,2.7350838,10.627472,17.936045
pocketxmol_kat5_sma_atlas_ext,use,sbdd,,O=C(CCc1ccccc1O)Nc1nc(-c2ccccc2)cc(-c2ccccc2)n1,,21.sdf,0,1.4153814315795898,2.7629685,10.931738,19.032299
pocketxmol_kat5_sma_atlas_ext,use,sbdd,,,bad,22-bad.sdf,0,1.2490630149841309,2.5466807,10.083467,17.797997
pocketxmol_kat5_sma_atlas_ext,use,sbdd,,Cc1nc2c(=O)nn[nH]c2n1Cc1cccc(-c2ccc3c(ccn3C)c2)c1,,23.sdf,0,1.359747052192688,2.7167876,10.709317,17.89692
pocketxmol_kat5_sma_atlas_ext,use,sbdd,,CC(CP(=O)(O)O)=NC(Cc1ccccc1)c1cccc2ccccc12,,24.sdf,0,1.3240995407104492,2.653353,11.318559,17.932592
pocketxmol_kat5_sma_atlas_ext,use,sbdd,,Cc1c[nH+]cc(C(=O)NC2=c3ccc(C)cc3=Nc3ccccc3N2)c1,,25.sdf,0,1.4037739038467407,2.5150642,9.5325,17.582853
pocketxmol_kat5_sma_atlas_ext,use,sbdd,,O=P(O)(O)Oc1c[nH+]ccc1-c1ccc2c(c1)NC=NC=N2,,26.sdf,0,1.363577365875244,2.6115453,10.756109,16.771206
pocketxmol_kat5_sma_atlas_ext,use,sbdd,,O=c1nc2ccc3cccc(F)c3c2cn1CCn1cnc(P(=O)(O)O)c1,,27.sdf,0,1.360221266746521,2.6289809,11.087508,17.612333
pocketxmol_kat5_sma_atlas_ext,use,sbdd,,Nc1ncnc2c1ncn2C1CC(O)C(CC(O)OP(=O)(O)OP(=O)(O)O)O1,,28.sdf,0,1.3192992210388184,2.5695593,11.0035305,17.925903
pocketxmol_kat5_sma_atlas_ext,use,sbdd,,O=C(NCC1=C2C=CC=CC=C2NC=C1c1ccccc1)c1ccc[nH+]n1,,29.sdf,0,1.3695578575134275,2.5982862,10.865208,17.899736
pocketxmol_kat5_sma_atlas_ext,use,sbdd,,O=C1N=CC(=Cc2ccccc2-c2ccccc2)C(c2c[nH]cn2)N1,,30.sdf,0,1.2737289667129517,2.6287293,10.458615,18.33489
pocketxmol_kat5_sma_atlas_ext,use,sbdd,,O=C(O)c1nc(-c2ccccc2Oc2ccc3ccccc3c2)oc1O,,31.sdf,0,1.435256004333496,2.7000797,11.187104,17.863955
pocketxmol_kat5_sma_atlas_ext,use,sbdd,,,bad,32-bad.sdf,0,1.2858171463012695,2.6530867,11.163379,18.595299
pocketxmol_kat5_sma_atlas_ext,use,sbdd,,O=C(O)c1c(-c2ccccc2)nn2c(-c3ccc4ccccc4c3)nc(=O)[nH]c12,,33.sdf,0,1.4032881259918213,2.6727643,10.906953,17.828793
pocketxmol_kat5_sma_atlas_ext,use,sbdd,,Cc1cc2c3c(c4ccccc4n13)NC(NC(=O)c1cnc[nH+]c1)=CC=2c1ccccc1,,34.sdf,0,1.368502140045166,2.6585972,10.202637,18.010683
pocketxmol_kat5_sma_atlas_ext,use,sbdd,,O=C(O)C(=Cc1ccc(Cl)cc1)N=NC(Cc1ccccc1)c1ccccc1,,35.sdf,0,1.3126707077026367,2.7186663,11.294668,18.803545
pocketxmol_kat5_sma_atlas_ext,use,sbdd,,,bad,36-bad.sdf,0,1.3705854415893557,2.6336813,11.167664,17.849752
pocketxmol_kat5_sma_atlas_ext,use,sbdd,,Cc1ccc(C2=NC(C(=O)Nc3ccc(F)cc3)=Cc3ccccc3N2)cn1,,37.sdf,0,1.3715996742248535,2.576779,10.347253,18.3096
pocketxmol_kat5_sma_atlas_ext,use,sbdd,,,bad,38-bad.sdf,0,1.3798500299453735,2.7374873,11.39634,18.047575
pocketxmol_kat5_sma_atlas_ext,use,sbdd,,Cc1cc2c(Nc3ccccc3S(N)(=O)=O)nc3c(=N)nccc3c2nc(C)n1,,39.sdf,0,1.337790846824646,2.6230614,9.791608,17.788218
pocketxmol_kat5_sma_atlas_ext,use,sbdd,,CC(Oc1c(NC(=O)c2cccc(O)c2)ccc([N+](=O)O)c1O)C(=O)c1ccccc1,,40.sdf,0,1.3539490699768066,2.6275015,10.607355,18.536415
pocketxmol_kat5_sma_atlas_ext,use,sbdd,,O=C1C(NS(=O)(=O)c2cccc(F)c2)CC=CN1Cc1cccc2[nH]cnc12,,41.sdf,0,1.3049578666687012,2.5433013,10.591989,18.338112
pocketxmol_kat5_sma_atlas_ext,use,sbdd,,CC(C)(C)c1ccc(C2=C[N+](Cc3ccccc3F)=C3N=C(C(=O)O)C(O)=C23)cc1,,42.sdf,0,1.3680403232574463,2.6817663,10.942993,18.488548
pocketxmol_kat5_sma_atlas_ext,use,sbdd,,O=c1c2ccc(F)cc2c2cc3c(ccc4nonc43)cc2n1CP(=O)(O)O,,43.sdf,0,1.434664964675903,2.7440643,11.2414255,17.57363
pocketxmol_kat5_sma_atlas_ext,use,sbdd,,COc1ccccc1OCc1ccc(-c2ccc(C)cc2)nc1NOP(=O)(O)O,,44.sdf,0,1.405348539352417,2.6722815,10.064588,18.478218
pocketxmol_kat5_sma_atlas_ext,use,sbdd,,O=C(O)C1=CC(C(=O)O)=c2oc3cc(O)ccc3c2=C(c2ccc(O)cc2)N1,,45.sdf,0,1.4053786993026731,2.6494484,11.308974,18.09493
pocketxmol_kat5_sma_atlas_ext,use,sbdd,,Nc1cccc(-c2cnc3c(O)cccc3c2)c1.O=C(O)c1ccc(O)cc1,incomp,46-incomp.sdf,0,1.4102343320846558,2.7624679,10.837745,18.510273
pocketxmol_kat5_sma_atlas_ext,use,sbdd,,Cc1nc2[n+]3c(c(-c4ccc(F)cc4)cc4c5ncoc5ccc43)c(=O)[n+]=2c1=O,,47.sdf,0,1.355504870414734,2.5379796,9.846696,17.45239
pocketxmol_kat5_sma_atlas_ext,use,sbdd,,CCc1[nH+]c2ccc(CC(CP(=O)(O)O)c3ccc4c(c3)N=CNC=N4)cc2o1,,48.sdf,0,1.342980980873108,2.6774108,10.581899,17.98057
pocketxmol_kat5_sma_atlas_ext,use,sbdd,,Cn1c(=O)c2c3ccccc3c3nc4ccccc4nc3c2c2ccccc21,,49.sdf,0,1.5131049156188965,2.8465526,11.455077,17.797297
pocketxmol_kat5_sma_atlas_ext,use,sbdd,,CC(NC(=O)c1ccc(C(=O)O)cc1)C(=O)Nc1cc(-c2ccccc2)ccn1,,50.sdf,0,1.4239236116409302,2.7419323921203613,11.41693115234375,18.85266494750977
pocketxmol_kat5_sma_atlas_ext,use,sbdd,,C1=Nc2ccc3c4c(ccc1c24)-n1c(cc2nccnc21)OC3c1ccccc1,,51.sdf,0,1.3193234205245972,2.522722244262696,9.071078300476074,17.602867126464844
pocketxmol_kat5_sma_atlas_ext,use,sbdd,,Cc1cccc(Cc2c(O)ncc3ccc(-c4ccc(O)c(O)c4)nc23)n1,,52.sdf,0,1.3424209356307983,2.682032823562622,10.119733810424805,18.03075218200684
pocketxmol_kat5_sma_atlas_ext,use,sbdd,,Nc1ncnc2c1ncn2C1CC2(COP(=O)(O)O)OC1C(O[PH](O)(O)O)C2O,,53.sdf,0,1.2784268856048584,2.531400918960572,11.806878089904783,18.154172897338867
pocketxmol_kat5_sma_atlas_ext,use,sbdd,,COC(C)C(Cc1cc[nH+]c2ccccc12)NC(=O)C1=C(O)NC=C(C(=O)O)C=C1,,54.sdf,0,1.3179703950881958,2.5539803504943848,10.726190567016602,18.011032104492188
pocketxmol_kat5_sma_atlas_ext,use,sbdd,,CC1=C2C(=C(C=CP(=O)(O)O)Nc3nc(C)[nH]c(=O)c32)c2ccc(C)cc2O1,,55.sdf,0,1.404873609542847,2.681739568710327,10.807257652282717,17.81551170349121
pocketxmol_kat5_sma_atlas_ext,use,sbdd,,O=C(O)C(CO)CCc1nc2ccccc2c2ccc(-c3ccccc3)cc12,,56.sdf,0,1.4586944580078125,2.8361077308654785,11.770827293395996,18.387022018432617
pocketxmol_kat5_sma_atlas_ext,use,sbdd,,Nc1ncnc2c1ncn2C1OC(COP(=O)(O)O)CC(O)C1O.O=P(O)(O)OP(=O)(O)O,incomp,57-incomp.sdf,0,1.2896132469177246,2.5814666748046875,11.08897590637207,18.0481071472168
pocketxmol_kat5_sma_atlas_ext,use,sbdd,,O=C(O)c1ccccc1CNc1nc2ccccc2cc1Cc1ccccc1,,58.sdf,0,1.4015955924987793,2.801234722137451,11.658775329589844,18.41505241394043
pocketxmol_kat5_sma_atlas_ext,use,sbdd,,,bad,59-bad.sdf,0,1.4851025342941284,2.5848186016082764,10.369477272033691,17.289653778076172
pocketxmol_kat5_sma_atlas_ext,use,sbdd,,Cc1ccc(-c2cc3cc4ccccc4nc3n3nc(C)nc23)cc1,,60.sdf,0,1.5894986391067505,2.7989165782928467,10.47007656097412,17.898536682128906
pocketxmol_kat5_sma_atlas_ext,use,sbdd,,Nc1ncc2c(n1)c1cn2CP(=O)(O)OP(=O)(O)OCC2NC(=O)C(C1)C2O,,61.sdf,0,1.281704306602478,2.4916234016418457,10.805915832519531,18.28238677978516
pocketxmol_kat5_sma_atlas_ext,use,sbdd,,O=c1c2c(-c3ccccc3)c3ccccc3nc2c(O)nn1-c1ccncc1,,62.sdf,0,1.447911024093628,2.675253629684448,10.79128360748291,17.990461349487305
pocketxmol_kat5_sma_atlas_ext,use,sbdd,,Nc1ncnc2c1ncn2CCC(=O)N(CCOP(=O)(O)O)Cc1ccccc1,,63.sdf,0,1.332391381263733,2.700661420822144,11.310088157653809,18.395023345947266
pocketxmol_kat5_sma_atlas_ext,use,sbdd,,O=C(Nc1ccc2ccccc2c1)c1cc2nc(Cc3ccccc3)ccc2nc1O,,64.sdf,0,1.4088127613067627,2.7204418182373047,10.619222640991213,18.217527389526367
pocketxmol_kat5_sma_atlas_ext,use,sbdd,,,bad,65-bad.sdf,0,1.336337327957153,2.621908187866211,10.99222183227539,17.698558807373047
pocketxmol_kat5_sma_atlas_ext,use,sbdd,,Cc1c(-c2cc3c(nc2NCP(=O)(O)O)[nH]c2ccccc23)c[nH+]c2ccccc12,,66.sdf,0,1.497678518295288,2.736664056777954,10.947216033935549,17.85509490966797
pocketxmol_kat5_sma_atlas_ext,use,sbdd,,,bad,67-bad.sdf,0,1.293506145477295,2.433476686477661,10.793938636779783,17.928796768188477
pocketxmol_kat5_sma_atlas_ext,use,sbdd,,COc1cc(C(=O)c2ccc3ccccc3c2)c(NCP(=O)(O)O)cc1F,,68.sdf,0,1.46106219291687,2.768948554992676,11.522574424743652,18.227901458740234
pocketxmol_kat5_sma_atlas_ext,use,sbdd,,COc1ccc(-c2cc(-c3ccccc3)c3n2C(=O)C(C(=O)O)=N3)cc1,,69.sdf,0,1.451517939567566,2.679215669631958,11.438652992248535,18.060237884521484
pocketxmol_kat5_sma_atlas_ext,use,sbdd,,Cc1ccc(C(COP(=O)(O)OP(=O)(O)O)c2cnc3c(N)[nH]cnc2-3)cc1,,70.sdf,0,1.3782143592834473,2.6940879821777344,11.296135902404783,18.169389724731445
pocketxmol_kat5_sma_atlas_ext,use,sbdd,,O=C(O)c1c2ccc(O)cc2[n+]2c3c(c4ccccc4c(O)c13)-c1ccccc1-2,,71.sdf,0,1.433457612991333,2.6475324630737305,10.97066593170166,17.618009567260742
pocketxmol_kat5_sma_atlas_ext,use,sbdd,,Nc1ncnc2c1nc1n2CC(O)C2C1OC(OP(=O)(O)OP(=O)(O)O)C2O,,72.sdf,0,1.2530685663223269,2.4850730895996094,10.952756881713867,17.670244216918945
pocketxmol_kat5_sma_atlas_ext,use,sbdd,,Cc1ncc(-c2c[nH+]c3c(=O)nc(N)nc-3n2CCOP(=O)(O)OC(=O)O)[nH]1,,73.sdf,0,1.3598133325576782,2.520923376083374,10.012887001037598,17.304126739501953
pocketxmol_kat5_sma_atlas_ext,use,sbdd,,Nc1ncnc2c1NN=CN2C1CC(O)C(O)C(COP(=O)(O)OP(=O)(O)O)O1,,74.sdf,0,1.3139731884002686,2.588940382003784,10.89252471923828,17.942617416381836
pocketxmol_kat5_sma_atlas_ext,use,sbdd,,O=C(O)c1[nH+]c2c(-c3c[nH]c4ccccc34)nc3c4ccccc4[nH+]cc3c2o1,,75.sdf,0,1.4457643032073977,2.671269178390503,10.700003623962402,17.838781356811523
pocketxmol_kat5_sma_atlas_ext,use,sbdd,,Cc1ccc2cc(C(CNCP(=O)(O)O)Cc3ccccc3F)ccc2c1,,76.sdf,0,1.4176181554794312,2.742318153381348,11.14626407623291,18.258432388305664
pocketxmol_kat5_sma_atlas_ext,use,sbdd,,O=c1[nH]c2ccccc2cc1-c1c(-c2ccccc2)c(P(=O)(O)O)[nH+]n1-c1ccc(F)cc1,,77.sdf,0,1.422154426574707,2.7008421421051025,11.590258598327637,18.41090583801269
pocketxmol_kat5_sma_atlas_ext,use,sbdd,,CC1CSc2nc3c(N)ncn[n+](c-3n2)C2OC(COP(=O)(O)OP(=O)(O)O1)C(F)C2O,,78.sdf,0,1.2948325872421265,2.462677478790283,10.91737937927246,18.34355735778809
pocketxmol_kat5_sma_atlas_ext,use,sbdd,,O=C(Nc1nc(Cc2ccccc2)cc2ccccc12)P(=O)(O)O,,79.sdf,0,1.4412636756896973,2.7154932022094727,11.051068305969238,17.937957763671875
pocketxmol_kat5_sma_atlas_ext,use,sbdd,,Nc1ccc2c(COP(=O)(O)O)cc3c4c2c1cccc-4c1ccccc13,,80.sdf,0,1.4412009716033936,2.6353979110717773,10.135313987731934,17.32693099975586
pocketxmol_kat5_sma_atlas_ext,use,sbdd,,NC1=NC(=O)C2=C[N+](C3OC(COP4(=O)OP(=O)(O)O4)C(O)C3O)=CC2=N1,,81.sdf,0,1.226513385772705,2.402491331100464,10.985267639160156,17.658124923706055
pocketxmol_kat5_sma_atlas_ext,use,sbdd,,Cc1c2c3c(cccc3n1CC(=O)NCC1=CC=c3ccncc3=CN1)[NH+]=C2,,82.sdf,0,1.2724326848983765,2.4458882808685303,9.260018348693848,17.390958786010742
pocketxmol_kat5_sma_atlas_ext,use,sbdd,,O=[N+](O)c1cccc(-c2[nH]c(=Nc3ccccc3)c(O)nc2-c2ccccc2)c1,,83.sdf,0,1.3951791524887085,2.755900621414185,10.951170921325684,18.30430603027344
pocketxmol_kat5_sma_atlas_ext,use,sbdd,,,bad,84-bad.sdf,0,1.328946232795715,2.4696640968322754,9.819828033447266,17.544296264648438
pocketxmol_kat5_sma_atlas_ext,use,sbdd,,NS(=O)(=O)c1ccc2c(-c3ccc(F)c(O)c3)cc(-c3ccccn3)nc2c1,,85.sdf,0,1.5161199569702148,2.761552572250366,10.671334266662598,18.383594512939453
pocketxmol_kat5_sma_atlas_ext,use,sbdd,,C=C(C)Nc1nc2nc(-c3ccccc3)cnc2c2ccccc12,,86.sdf,0,1.552098035812378,2.733579635620117,9.958816528320312,17.724119186401367
pocketxmol_kat5_sma_atlas_ext,use,sbdd,,Cc1cccc2c1NC=C1C2=[NH+]C(c2cnn[nH+]n2)=Cc2ccccc21,,87.sdf,0,1.470537543296814,2.736999750137329,10.650538444519045,17.646488189697266
pocketxmol_kat5_sma_atlas_ext,use,sbdd,,Nc1ccc(-c2nc3ccc4ncnc(Nc5ccccc5)c4c3s2)cc1,,88.sdf,0,1.45755934715271,2.685314655303955,10.26764678955078,18.296363830566406
pocketxmol_kat5_sma_atlas_ext,use,sbdd,,Nc1nc2c(ncn2C2CCC(COP(=O)(O)OP(=O)(O)O)O2)c(=O)[nH]1,,89.sdf,0,1.3326388597488403,2.536876678466797,11.143823623657228,17.771764755249023
pocketxmol_kat5_sma_atlas_ext,use,sbdd,,Oc1ccc(OC(=Nc2nnc(-c3ccccc3)o2)c2ccc(O)c(O)c2)cc1,,90.sdf,0,1.388360619544983,2.665529727935791,10.69810962677002,18.51962661743164
pocketxmol_kat5_sma_atlas_ext,use,sbdd,,NC(=O)c1cccc2cc(-c3ccc4nc5ccccc5nc4c3)cnc12,,91.sdf,0,1.5633137226104736,2.7919816970825195,10.995503425598145,17.8094482421875
pocketxmol_kat5_sma_atlas_ext,use,sbdd,,O=c1cc(N2COP(=O)(O)OP(=O)(O)OP(=O)(O)OC3OC2C(O)C3O)[nH]cn1,,92.sdf,0,1.263286590576172,2.553684949874878,10.831672668457031,18.32510566711425
pocketxmol_kat5_sma_atlas_ext,use,sbdd,,O=C(Nc1cnc2cccccc1-2)c1cccc(Oc2ccnc(C(=O)O)c2O)c1,,93.sdf,0,1.3779140710830688,2.623609066009521,11.053765296936035,18.19956016540528
pocketxmol_kat5_sma_atlas_ext,use,sbdd,,Cc1cccc2c1ccc1c(-c3ccccc3)nc(N(C)c3ccccc3)nc12,,94.sdf,0,1.4778066873550415,2.837557792663574,9.972947120666504,18.29560089111328
pocketxmol_kat5_sma_atlas_ext,use,sbdd,,O=c1[nH]c(=O)n2cccc3c(Cc4ccccc4)c(-c4ccccc4)c1c32,,95.sdf,0,1.3866047859191897,2.6641132831573486,10.888126373291016,18.15147590637207
pocketxmol_kat5_sma_atlas_ext,use,sbdd,,Nc1ncnc2c1ncc[n+]2C1CC(O)C(COCOP(=O)(O)OP(=O)(O)O)O1,,96.sdf,0,1.3221324682235718,2.6530091762542725,10.88100528717041,18.044565200805664
pocketxmol_kat5_sma_atlas_ext,use,sbdd,,Cc1[nH]c2ccccc2c1C#Cc1cc(OCC(=O)O)cc(-c2ccccc2)c1,,97.sdf,0,1.3749096393585205,2.7087621688842773,10.980196952819824,18.435199737548828
pocketxmol_kat5_sma_atlas_ext,use,sbdd,,Cc1ccc(-c2ccc(CC=CC(P(=O)(O)O)P(=O)(O)O)c3cc(C)ccc23)cc1,,98.sdf,0,1.3463886976242063,2.6012563705444336,10.153858184814451,17.804533004760742
pocketxmol_kat5_sma_atlas_ext,use,sbdd,,Nc1ncnc2c1ncn2C1OC(COP(=O)(O)OP(=O)(O)O)CC(O)C1O,,99.sdf,0,1.3077605962753296,2.504088878631592,11.316556930541992,17.707605361938477
pocketxmol_kat5_sma_atlas_ext,use,sbdd,,O=P(O)(O)OCC1OC([N+]2=Cc3ncnc4ncnc2c34)C(O)C1O,,100.sdf,0,1.2665016651153564,2.450829267501831,11.486896514892578,18.16959571838379
pocketxmol_kat5_sma_atlas_ext,use,sbdd,,Cc1nc(-c2ccccc2)cnc1-c1cccc(S(N)(=O)=O)c1,,101.sdf,0,1.4373255968093872,2.861433267593384,11.028923034667969,18.226343154907227
pocketxmol_kat5_sma_atlas_ext,use,sbdd,,O=P(O)(O)CC=Cc1[nH]c2ccccc2c1Cc1cccc2ccccc12,,102.sdf,0,1.4179229736328125,2.743943214416504,11.80662441253662,18.121362686157227
pocketxmol_kat5_sma_atlas_ext,use,sbdd,,CS(=O)(=O)c1ccc2nc3c(-c4ccccc4)nc(N)nc(=O)c3c(=O)nc2c1,,103.sdf,0,1.3254584074020386,2.5548174381256104,10.332437515258787,17.698476791381836
pocketxmol_kat5_sma_atlas_ext,use,sbdd,,,bad,104-bad.sdf,0,1.285245060920715,2.376330852508545,9.370996475219728,18.01457595825196
pocketxmol_kat5_sma_atlas_ext,use,sbdd,,O=C(O)c1cc(CCCc2ccc([N+](=O)O)cc2)c(P(=O)(O)O)nc1O,,105.sdf,0,1.3771083354949951,2.650711297988892,10.699715614318848,18.16551399230957
pocketxmol_kat5_sma_atlas_ext,use,sbdd,,Cc1ccc2c(NC(=O)c3cccc(O)c3)cc3ccccc3c2n1,,106.sdf,0,1.4635828733444214,2.632542371749878,9.763197898864746,17.541654586791992
pocketxmol_kat5_sma_atlas_ext,use,sbdd,,CC(NC(=O)CS(C)(=O)=O)c1cccc(N2C(=O)c3cccc4nccc2c34)c1,,107.sdf,0,1.3876076936721802,2.6004319190979004,10.47063159942627,17.79912567138672
pocketxmol_kat5_sma_atlas_ext,use,sbdd,,,bad,108-bad.sdf,0,1.3389382362365725,2.638667821884156,10.57914924621582,18.388219833374023
pocketxmol_kat5_sma_atlas_ext,use,sbdd,,O=C(NCCc1cc(-c2ccc(O)cc2)nc(=O)n2nnnc12)c1ccccc1,,109.sdf,0,1.3758245706558228,2.636007785797119,9.374813079833984,18.012022018432617
pocketxmol_kat5_sma_atlas_ext,use,sbdd,,O=C(O)NN=Cc1cc(-c2ccc(O)cc2)cc(-c2ccccc2)c1O,,110.sdf,0,1.4376440048217771,2.793507099151612,11.206904411315918,18.510746002197266
pocketxmol_kat5_sma_atlas_ext,use,sbdd,,O=P(O)(O)c1ncnc2c(-c3ccc(O)cc3)ccc(Nc3cccnc3)c12,,111.sdf,0,1.4763537645339966,2.739730834960937,10.83556079864502,18.058395385742188
pocketxmol_kat5_sma_atlas_ext,use,sbdd,,Cn1ncc2c1CCCCC[n+]1c3cc4c-2[nH+]ccc4ccc-3nc1-c1ccccc1,,112.sdf,0,1.329771876335144,2.4852938652038574,9.71737003326416,18.2789363861084
pocketxmol_kat5_sma_atlas_ext,use,sbdd,,O=C(Nc1cccc(O)c1)C1C(=O)c2nc(O)ccc2C1c1ccccc1,,113.sdf,0,1.3192793130874634,2.642799139022827,11.12260913848877,18.667036056518555
pocketxmol_kat5_sma_atlas_ext,use,sbdd,,Nc1ncnc2c1ncc[n+]2C1OC(COP(=O)(O)OP(=O)(O)O)C(O)C1O,,114.sdf,0,1.3508062362670898,2.6220266819000244,11.241759300231934,18.08767318725586
pocketxmol_kat5_sma_atlas_ext,use,sbdd,,Nc1ncnc2c1ncn2C12OC1C(OP(=O)(O)O)C1OOP(=O)(O)OP(=O)(O)OC12,,115.sdf,0,1.17467999458313,2.3081870079040527,10.604679107666016,18.0510368347168
pocketxmol_kat5_sma_atlas_ext,use,sbdd,,COc1ccc(C(Cc2cccc3[nH]cnc23)c2ccc(C(=O)O)c(O)c2)cc1,,116.sdf,0,1.4111413955688477,2.695401430130005,11.68472671508789,18.64630699157715
pocketxmol_kat5_sma_atlas_ext,use,sbdd,,Nc1ncnc2c1ncn2C(O)C(O)C(O)C(CO[PH](=O)OP(=O)(O)O)COP(=O)(O)O,,117.sdf,0,1.2383742332458496,2.3564085960388184,11.0723237991333,17.82598114013672
pocketxmol_kat5_sma_atlas_ext,use,sbdd,,Cc1ccc2ccc(N(CCCc3ccccc3)CCP(=O)(O)O)cc2n1,,118.sdf,0,1.3894697427749634,2.6331729888916016,11.077954292297363,18.018505096435547
pocketxmol_kat5_sma_atlas_ext,use,sbdd,,CC(C(=O)O)N(C)C(=O)CC(c1ccccc1)c1ccc2ccccc2c1,,119.sdf,0,1.4079890251159668,2.762680530548096,12.237788200378418,18.56835174560547
pocketxmol_kat5_sma_atlas_ext,use,sbdd,,O=C1N=CN=C2C1=NN=C2C(C=Cc1ccccc1)=Cc1ccccc1,,120.sdf,0,1.3604116439819336,2.589200258255005,9.365240097045898,18.228404998779297
pocketxmol_kat5_sma_atlas_ext,use,sbdd,,Nc1ncc2c3c(ncn13)N(C1OC(COP(=O)(O)OP(=O)(O)O)C(O)C1O)C=N2,,121.sdf,0,1.3545182943344116,2.591022253036499,10.717604637145996,18.024402618408203
pocketxmol_kat5_sma_atlas_ext,use,sbdd,,Nc1ncnc2c1NN=CN2C1OC(COP(=O)(O)O)C(O)C(O)C1O,,122.sdf,0,1.3595800399780271,2.6240386962890625,11.33187484741211,18.02102851867676
pocketxmol_kat5_sma_atlas_ext,use,sbdd,,O=C(Nc1ccc(C(=O)O)nc1)C(=Cc1ccccc1)Cc1cccc2ccccc12,,123.sdf,0,1.3517141342163086,2.633326768875122,10.992040634155272,18.32258033752441
pocketxmol_kat5_sma_atlas_ext,use,sbdd,,Nc1ncnc2c1ncn2C1OC(COP(=O)(O)OP(=O)(O)O)C(O)C1=O,,124.sdf,0,1.3811297416687012,2.617388963699341,11.78343677520752,18.30684471130371
pocketxmol_kat5_sma_atlas_ext,use,sbdd,,O=c1c2oc3cccc4cc5cc(O)ccc5c(oc5ncnn15)-c2c43,,125.sdf,0,1.32719624042511,2.432102680206299,10.219273567199709,17.100637435913086
pocketxmol_kat5_sma_atlas_ext,use,sbdd,,Nc1nc2c(ncn2C2CC(O)C(O)C2C(OP(=O)(O)O)OP(=O)(O)O)c(=O)[nH]1,,126.sdf,0,1.2571325302124023,2.4780659675598145,11.440881729125977,17.96539306640625
pocketxmol_kat5_sma_atlas_ext,use,sbdd,,Nc1ncnc2c1ncn2C1OC(CCOP(=O)(O)OP(=O)(O)O)C(O)C1O,,127.sdf,0,1.3495659828186035,2.589349269866944,11.289575576782228,18.06825065612793
pocketxmol_kat5_sma_atlas_ext,use,sbdd,,COC(=O)c1cc(-c2ccccn2)n2cc(-c3ccc(O)cc3)nc2n1,,128.sdf,0,1.4358099699020386,2.695315361022949,10.554397583007812,18.22416877746582
pocketxmol_kat5_sma_atlas_ext,use,sbdd,,,bad,129-bad.sdf,0,1.2727463245391846,2.516958713531494,10.193015098571776,18.02156639099121
pocketxmol_kat5_sma_atlas_ext,use,sbdd,,,bad,130-bad.sdf,0,1.2943737506866455,2.485177993774414,10.113569259643556,17.507476806640625
pocketxmol_kat5_sma_atlas_ext,use,sbdd,,CC(Oc1cccc(Cc2c(-c3ccccc3)[nH]c(=O)[nH]c2=O)c1)[PH](O)(O)O,,131.sdf,0,1.3283987045288086,2.62671422958374,11.939166069030762,18.633758544921875
pocketxmol_kat5_sma_atlas_ext,use,sbdd,,O=[SH](O)(O)C1=NNC(c2ccccc2)=C(c2ccc3ccccc3c2)O1,,132.sdf,0,1.4258166551589966,2.657802104949951,10.76169776916504,17.811613082885742
pocketxmol_kat5_sma_atlas_ext,use,sbdd,,O=c1[nH]cnc2c1ncn2C1CC(O)C(COP(=O)(O)OP(=O)(O)O)O1,,133.sdf,0,1.304063320159912,2.5006794929504395,11.375426292419434,18.14139175415039
pocketxmol_kat5_sma_atlas_ext,use,sbdd,,Nc1ncnc2c1ncn2C1OC(COP(=O)(O)OP(=O)(O)O)C(O)C1O,,134.sdf,0,1.3791002035140991,2.6486027240753174,11.713057518005373,18.223987579345703
pocketxmol_kat5_sma_atlas_ext,use,sbdd,,CN1C(=O)c2ccc(CC(COP(=O)(O)O)c3ccccc3)c3cccc1c23,,135.sdf,0,1.3982349634170532,2.578397989273072,10.68575382232666,17.651437759399414
pocketxmol_kat5_sma_atlas_ext,use,sbdd,,C[N+]1=Nc2[nH]c3ccccc3[nH]c3cc(Nc4ccccc4)ccc3c2C1=O,,136.sdf,0,1.3498605489730835,2.6038365364074707,10.341273307800291,18.48243522644043
pocketxmol_kat5_sma_atlas_ext,use,sbdd,,,bad,137-bad.sdf,0,1.2143640518188477,2.4441704750061035,11.200700759887695,17.95985221862793
pocketxmol_kat5_sma_atlas_ext,use,sbdd,,Oc1cc2c3c(c(Cc4ccc5nn[nH]c5c4)c4ccccc4n13)NC=C2c1ccc(F)cc1,,138.sdf,0,1.415928602218628,2.7276127338409424,9.583964347839355,18.056758880615234
pocketxmol_kat5_sma_atlas_ext,use,sbdd,,N#Cc1ccc2cc1Nc1cccc(c1)-c1ccnc3ccc(cc13)NC(=S)N2,,139.sdf,0,1.47703218460083,2.697336435317993,11.373130798339844,18.734487533569336
pocketxmol_kat5_sma_atlas_ext,use,sbdd,,CS(=O)(=O)c1ccc2c(c1)c(-c1ccccc1)cn2-c1ccccc1,,140.sdf,0,1.5634657144546509,2.8636398315429688,11.38738250732422,18.438344955444336
pocketxmol_kat5_sma_atlas_ext,use,sbdd,,O=P(O)(O)OP(=O)(O)c1nc2c(c3c1NC=CC=3)=Cc1ccccc1C=C2,,141.sdf,0,1.3632920980453491,2.650294780731201,10.207961082458496,17.384231567382812
pocketxmol_kat5_sma_atlas_ext,use,sbdd,,Nc1ccc2nc(-c3ccccc3C(=O)O)cc(-c3cccc(Cn4cnnn4)c3)c2c1,,142.sdf,0,1.4652621746063232,2.679107904434204,10.27627944946289,18.17817497253418
pocketxmol_kat5_sma_atlas_ext,use,sbdd,,O=C(O)CC(NC(=O)O)C1=C2C=CC=[N+]2C(c2ccc3ccccc3c2)=C1,,143.sdf,0,1.3146064281463623,2.568146228790283,10.737957000732422,17.582317352294922
pocketxmol_kat5_sma_atlas_ext,use,sbdd,,O=c1c2ccc[nH]c-2[n+](O)c2cccc(-c3cccc(-c4nnn[nH]4)c3)c12,,144.sdf,0,1.4940550327301023,2.7013447284698486,10.55239486694336,17.85783576965332
pocketxmol_kat5_sma_atlas_ext,use,sbdd,,O=C(O)CC([N+]#[N+]c1cc(Cl)ccc1-c1ccc(F)cc1)c1ccccc1,,145.sdf,0,1.3754695653915403,2.7245168685913086,10.999266624450684,18.60913848876953
pocketxmol_kat5_sma_atlas_ext,use,sbdd,,Nc1ncnc2c1ncn2C1CC(=CP(=O)(O)O)Nc2cc3ccccc3cc21,,146.sdf,0,1.4171607494354248,2.5480589866638184,11.404945373535156,17.889881134033203
pocketxmol_kat5_sma_atlas_ext,use,sbdd,,O=C(O)c1cc2c(cc1O)C(Cc1ccccc1)=[N+](c1ccc(O)c(O)c1)C2=O,,147.sdf,0,1.4538356065750122,2.6564390659332275,11.28449535369873,18.285287857055664
pocketxmol_kat5_sma_atlas_ext,use,sbdd,,,bad,148-bad.sdf,0,1.19106125831604,2.4425785541534424,10.361584663391112,17.199134826660156
pocketxmol_kat5_sma_atlas_ext,use,sbdd,,CC1OC(COP(=O)(O)O)C(OP(=O)(O)O)C(=O)C1Cn1cnc2c(N)ncnc21,,149.sdf,0,1.2133193016052246,2.5415492057800293,11.264842987060549,18.114261627197266
pocketxmol_kat5_sma_atlas_ext,use,sbdd,,,bad,150-bad.sdf,0,1.344051718711853,2.64613676071167,11.628326416015623,18.343311309814453
pocketxmol_kat5_sma_atlas_ext,use,sbdd,,NC(=O)c1nc(-c2ccc([N+](=O)O)cc2-c2ccccc2)[nH]c(=O)c1O,,151.sdf,0,1.4366415739059448,2.679996967315674,11.156574249267578,17.97878074645996
pocketxmol_kat5_sma_atlas_ext,use,sbdd,,Nc1ncnc2c1ncn2C1OC(COP(=O)(O)OP(=O)(O)O)C(O)C1O,,152.sdf,0,1.3668806552886963,2.6230547428131104,11.684239387512209,18.134971618652344
pocketxmol_kat5_sma_atlas_ext,use,sbdd,,Fc1cn2c(-c3ccccc3)c(-c3ccccc3)nc(-c3ccccc3)c2n1,,153.sdf,0,1.4408355951309204,2.7404656410217285,10.306496620178224,18.36075019836425
pocketxmol_kat5_sma_atlas_ext,use,sbdd,,COc1cccc(C=Cc2cc(=O)[nH]c(O)c2-[n+]2nc(C(=O)O)cc(=O)[nH]2)c1,,154.sdf,0,1.2684499025344849,2.518127918243408,10.427587509155272,18.417919158935547
pocketxmol_kat5_sma_atlas_ext,use,sbdd,,,bad,155-bad.sdf,0,1.2048215866088867,2.405529499053955,10.340402603149414,17.489124298095703
pocketxmol_kat5_sma_atlas_ext,use,sbdd,,O=C(O)C1=CC(C=C(C(=O)O)c2ccccc2)=C2C=CC=CC=C2N1,,156.sdf,0,1.3491095304489136,2.65291714668274,11.425559043884276,18.25108528137207
pocketxmol_kat5_sma_atlas_ext,use,sbdd,,COc1cnc(-c2ccc3c(O)ncnc3c2)c(CC[PH](O)(O)O[PH](O)(O)O)c1O,,157.sdf,0,1.3699897527694702,2.6518051624298096,10.372403144836426,17.80370330810547
pocketxmol_kat5_sma_atlas_ext,use,sbdd,,O=C(O)C=Cc1c(Cc2ccccc2)c2[nH]c(-c3ccccc3)nc2c(=O)n1O,,158.sdf,0,1.3822859525680542,2.681447029113769,10.242280960083008,18.54823112487793
pocketxmol_kat5_sma_atlas_ext,use,sbdd,,Nc1cccc(-c2n[nH+]c(-c3ccc(F)cc3)c3[n+]2-c2cc(C(=O)O)ccc2-3)c1,,159.sdf,0,1.3817137479782104,2.6480653285980225,10.542383193969728,18.05090713500977
pocketxmol_kat5_sma_atlas_ext,use,sbdd,,OC1=Nc2c(c(-c3ccccc3F)cn2Cc2ccccc2)Nc2cccnc21,,160.sdf,0,1.409962177276611,2.7269399166107178,10.689545631408691,18.19647026062012
pocketxmol_kat5_sma_atlas_ext,use,sbdd,,O=C(NC(C(=O)c1ccccc1)C(O)O[PH](O)(O)O)c1cccc([N+](=O)O)c1,,161.sdf,0,1.3497722148895264,2.640496730804444,11.17234706878662,18.20923614501953
pocketxmol_kat5_sma_atlas_ext,use,sbdd,,O=c1nc2ccc3ccccc3c2nc2c(C=Cc3ccccc3)cccc12,,162.sdf,0,1.4496591091156006,2.708591222763061,10.282470703125,18.15898323059082
pocketxmol_kat5_sma_atlas_ext,use,sbdd,,Cc1ccc2c(c1)Oc1cc(C(=O)O)nc3c1c-2cc1ccccc13,,163.sdf,0,1.510021686553955,2.7671706676483154,11.273255348205566,17.585878372192383
pocketxmol_kat5_sma_atlas_ext,use,sbdd,,Cn1ncc2c1NC=Cc1c-2nc2n1C(c1ccc(F)cc1)CC(P(=O)(O)O)N2,,164.sdf,0,1.3637025356292725,2.6997084617614746,11.264009475708008,18.24951171875
pocketxmol_kat5_sma_atlas_ext,use,sbdd,,Nc1ncnc2c1ncn2C1CC(COP(=O)(O)OP(=O)(O)S)(P(=O)(O)O)O1,,165.sdf,0,1.2342110872268677,2.319965124130249,10.587645530700684,17.388870239257812
pocketxmol_kat5_sma_atlas_ext,use,sbdd,,Oc1ccc(Cc2c(Nc3ccccc3)nc(O)c3cc(O)ccc23)cc1,,166.sdf,0,1.4300885200500488,2.7599568367004395,11.222416877746582,18.78579330444336
pocketxmol_kat5_sma_atlas_ext,use,sbdd,,Cc1ccc(-c2cccc[nH+]2)c(-c2cc([SH](=O)(O)O)nc3c(=O)[nH]ccc23)c1,,167.sdf,0,1.4300148487091064,2.6495683193206787,10.649850845336914,18.332693099975582
pocketxmol_kat5_sma_atlas_ext,use,sbdd,,COc1ccc(C2=CC(O)=C(O)NC(Nc3cc[nH+]cc3)=C2)cc1,,168.sdf,0,1.4287710189819336,2.528283834457397,10.563673973083496,17.83328628540039
pocketxmol_kat5_sma_atlas_ext,use,sbdd,,COc1ccc(Cc2[nH]c3nc(N)nc(=O)c-3nc2-c2ccc([N+](=O)O)cc2)cc1,,169.sdf,0,1.4282313585281372,2.68919038772583,11.595792770385742,18.393856048583984
pocketxmol_kat5_sma_atlas_ext,use,sbdd,,Cc1ccc2c(CP(=O)(O)O)c(CCc3c[nH]c4ccccc34)ccc2c1,,170.sdf,0,1.4029831886291504,2.701355218887329,10.652223587036133,17.77837562561035
pocketxmol_kat5_sma_atlas_ext,use,sbdd,,O=c1[nH]cc2c3c(c(CCP(=O)(O)O)ccc13)CC(c1ccc(Cl)cc1Cl)O2,,171.sdf,0,1.3752310276031494,2.6481895446777344,11.312529563903809,18.22287368774414
pocketxmol_kat5_sma_atlas_ext,use,sbdd,,,bad,172-bad.sdf,0,1.3165241479873655,2.4709665775299072,10.493046760559082,17.507946014404297
pocketxmol_kat5_sma_atlas_ext,use,sbdd,,Nc1ncnc2c1nc1c3cc([N+](=O)O)ccc3nc(C=C(O)COP(=O)(O)O)n21,,173.sdf,0,1.3724801540374756,2.6259255409240723,10.8062162399292,17.615819931030273
pocketxmol_kat5_sma_atlas_ext,use,sbdd,,Cc1ccc2c(c1)Oc1ccnc3cc(NP(=O)(O)OP(=O)(O)O)cc-2c13,,174.sdf,0,1.3926829099655151,2.684730529785156,10.950324058532717,17.330339431762695
pocketxmol_kat5_sma_atlas_ext,use,sbdd,,Cc1ncc2c[n+](C3OC(COP(=O)(O)OP(=O)(O)O)C3O)cnc2c1N,,175.sdf,0,1.2824440002441406,2.4955718517303467,10.600162506103516,17.39012336730957
pocketxmol_kat5_sma_atlas_ext,use,sbdd,,Nc1ncnc2c1ncn2C1OC(COOP(=O)(O)OP(=O)(O)O)C2OC21,,176.sdf,0,1.2510520219802856,2.398970603942871,10.821555137634276,17.27349853515625
pocketxmol_kat5_sma_atlas_ext,use,sbdd,,Cc1ccc(-c2ncnc3c2nc(CCOP(=O)(O)O)n2ccnc32)cc1,,177.sdf,0,1.43339204788208,2.7150537967681885,10.853416442871094,17.82908821105957
pocketxmol_kat5_sma_atlas_ext,use,sbdd,,CN(C(=O)c1ccc([SH](N)(=O)O)s1)c1nc2cc3ccccc3nc2[nH]1,,178.sdf,0,1.3966782093048096,2.605962991714477,10.311827659606934,17.654048919677734
pocketxmol_kat5_sma_atlas_ext,use,sbdd,,O=C1C=CC2=C(O)C=C3Nc4c(ccc5ccccc45)C=C3C=CC2=C1,,179.sdf,0,1.38239324092865,2.4873838424682617,9.210920333862305,16.752695083618164
pocketxmol_kat5_sma_atlas_ext,use,sbdd,,O=C(O)c1nc2c(-c3ccccc3)c(F)n3c2c(c1C(=O)O)Nc1ccccc1-3,,180.sdf,0,1.378406643867493,2.618231296539306,10.891609191894531,17.86465072631836
pocketxmol_kat5_sma_atlas_ext,use,sbdd,,O=P(O)(O)OCC(O)C(Cc1ccccc1)C1=Cc2cccc3cccc1c23,,181.sdf,0,1.3982172012329102,2.5883522033691406,10.03416633605957,17.801490783691406
pocketxmol_kat5_sma_atlas_ext,use,sbdd,,O=C(O)c1cc(Cc2ccc(O)cc2Cc2ccccc2)cc(O)c1O,,182.sdf,0,1.4675389528274536,2.7696690559387207,11.780786514282228,18.991405487060547
pocketxmol_kat5_sma_atlas_ext,use,sbdd,,O=P(O)(O)ON=C(c1cccc(-c2ccccc2)c1)c1ccc2ccccc2c1,,183.sdf,0,1.4935513734817505,2.8290903568267822,11.017446517944336,18.52661895751953
pocketxmol_kat5_sma_atlas_ext,use,sbdd,,,bad,184-bad.sdf,0,1.2909680604934692,2.601135015487671,11.501904487609863,18.05522918701172
pocketxmol_kat5_sma_atlas_ext,use,sbdd,,O=C(O)c1ncnc2nc3c(Cc4ccccc4)ccc(-c4ccccc4)cc-3c12,,185.sdf,0,1.379583716392517,2.6018574237823486,10.172677040100098,18.162839889526367
pocketxmol_kat5_sma_atlas_ext,use,sbdd,,Nc1ncnc2c1ncn2C1OC(COP(=O)(O)O)C(O)CC1F,,186.sdf,0,1.2996511459350586,2.536555767059326,11.435582160949709,17.517322540283203
pocketxmol_kat5_sma_atlas_ext,use,sbdd,,Cc1ccc2c3c(n(C)c2c1)C(NCc1cnn[nH]1)=COc1ccccc1-3,,187.sdf,0,1.3542038202285769,2.580366849899292,10.307785987854004,17.551076889038086
pocketxmol_kat5_sma_atlas_ext,use,sbdd,,O=C(O)CCCC(C(=O)O)n1cc2c3c(cccc31)C=Cc1ccccc1-2,,188.sdf,0,1.358599066734314,2.611649513244629,11.076318740844728,17.723085403442383
pocketxmol_kat5_sma_atlas_ext,use,sbdd,,CCc1cccc2[nH]c3cc(O)cc(=NC(=O)c4cc(CO)[nH+]cn4)c-3cc12,,189.sdf,0,1.3968194723129272,2.671451568603516,10.523669242858888,18.068023681640625
pocketxmol_kat5_sma_atlas_ext,use,sbdd,,c1ccc(-c2cc(-c3cnc(-c4cnc5ccccc5n4)o3)cs2)cc1,,190.sdf,0,1.363688826560974,2.648867607116699,10.513702392578123,17.901203155517578
pocketxmol_kat5_sma_atlas_ext,use,sbdd,,Nc1nc(O)c2ncn(C3OC(COP(=O)(O)OP(=O)(O)O)C(O)CC3O)c2n1,,191.sdf,0,1.318627119064331,2.433016538619995,11.03156566619873,17.69717025756836
pocketxmol_kat5_sma_atlas_ext,use,sbdd,,,bad,192-bad.sdf,0,1.3794368505477903,2.6390187740325928,11.422850608825684,17.462739944458008
pocketxmol_kat5_sma_atlas_ext,use,sbdd,,Nc1ncnc2c1ncn2C1OC(COP(=O)(O)O)CC(N)C1O,,193.sdf,0,1.2595231533050537,2.4549753665924072,11.58253002166748,17.745065689086914
pocketxmol_kat5_sma_atlas_ext,use,sbdd,,Nc1ncn(C2OC(OP(=O)(O)OP(=O)(O)O)C(O)C2O)c2ncnc1-2,,194.sdf,0,1.272545337677002,2.3929007053375244,10.942476272583008,17.501453399658203
pocketxmol_kat5_sma_atlas_ext,use,sbdd,,Cn1ncc2c3c(-c4ccc([SH](=O)(O)O)c(-c5ccccc5)c4)cccc3ccc21,,195.sdf,0,1.455821514129639,2.6515583992004395,10.682748794555664,18.056554794311523
pocketxmol_kat5_sma_atlas_ext,use,sbdd,,COC1=CC2=c3ccccc3=C(c3ccc(O)c(O)c3)NC2=CC(O)=C1,,196.sdf,0,1.265557885169983,2.423320770263672,10.581790924072266,17.17067527770996
pocketxmol_kat5_sma_atlas_ext,use,sbdd,,CC1=NC=Nc2c(ncnc2C2CCC3O[PH](=O)(=O)OP(=O)(O)C3C2)N1,,197.sdf,0,1.1848987340927124,2.341679096221924,9.424764633178713,17.166139602661133
pocketxmol_kat5_sma_atlas_ext,use,sbdd,,O=P(O)(O)CNc1c2c[nH]c3ccccc3c-2c2cc3ccccc3cc12,,198.sdf,0,1.4622468948364258,2.6440653800964355,11.77377223968506,17.57085418701172
pocketxmol_kat5_sma_atlas_ext,use,sbdd,,,bad,199-bad.sdf,0,1.4216113090515137,2.689451217651367,10.72849464416504,18.061511993408203
pocketxmol_kat5_sma_atlas_ext,use,sbdd,,O=C1NC(=S)Nc2cccc(c2)-c2c(ccc3ccccc23)OC1=Cc1ccccc1,,200.sdf,0,1.3894423246383667,2.654890537261963,11.302919387817385,18.380979537963867
pocketxmol_kat5_sma_atlas_ext,use,sbdd,,Cc1cc(NC(O)Nc2nc(N)nn2-c2ccc(F)cc2)c2ccccc2n1,,201.sdf,0,1.3829433917999268,2.579210042953491,10.91662883758545,17.833438873291016
pocketxmol_kat5_sma_atlas_ext,use,sbdd,,O=C(COc1ccccc1)Nc1[nH+]c(-c2ccc3c(c2)C=CC=CN3)cs1,,202.sdf,0,1.2739667892456057,2.7099504470825195,11.988812446594238,18.34999084472656
pocketxmol_kat5_sma_atlas_ext,use,sbdd,,CC(=O)Nc1ccc(C(NCC[PH](=O)(=O)O)c2ccc(C)cc2)cc1,,203.sdf,0,1.334597110748291,2.651783943176269,11.658129692077637,18.203109741210938
pocketxmol_kat5_sma_atlas_ext,use,sbdd,,Nc1ncn(C2OC(COP(=O)(O)OP(=O)(O)O)C(O)C2O)c2ncnc1-2,,204.sdf,0,1.2938438653945925,2.515854358673096,11.282611846923828,17.869760513305664
pocketxmol_kat5_sma_atlas_ext,use,sbdd,,CC1Oc2cc(O)cc3c2-c2c(cc4ccccc4c2O1)C=C(c1ccccc1)O3,,205.sdf,0,1.3622013330459597,2.4986720085144043,10.370885848999023,17.83852767944336
pocketxmol_kat5_sma_atlas_ext,use,sbdd,,O=C(COP(=O)(O)O)N(c1ccccc1)c1cnc2ccccc2c1,,206.sdf,0,1.4503947496414185,2.723013401031494,11.73103141784668,18.09217071533203
pocketxmol_kat5_sma_atlas_ext,use,sbdd,,Nc1ncnc2c1ncn2C1OC(O)C(OP(=O)(O)OP(=O)(O)O)C2OC21,,207.sdf,0,1.154411792755127,2.360255718231201,10.893742561340332,17.226436614990234
pocketxmol_kat5_sma_atlas_ext,use,sbdd,,N=C1N=Cc2nc(c(O)nc2O)Cc2ccccc2Cc2cc(Cl)cc(c2)N1,,208.sdf,0,1.3805243968963623,2.619857788085937,10.580873489379885,18.846302032470703
pocketxmol_kat5_sma_atlas_ext,use,sbdd,,CN1C(=O)N=C2C(=C(c3ccccc3OP(=O)(O)O)C=[N+]2Cc2ccccc2)C1=O,,209.sdf,0,1.3998358249664309,2.6108267307281494,11.40355396270752,18.02375030517578
pocketxmol_kat5_sma_atlas_ext,use,sbdd,,Nc1ncnc2c1ncn2C1OC(OP(=O)(O)OP(=O)(O)O[PH](=O)(=O)O)C(O)C1O,,210.sdf,0,1.2661834955215454,2.5705056190490723,11.292208671569824,18.04706382751465
pocketxmol_kat5_sma_atlas_ext,use,sbdd,,Nc1ncnc2c1nc1n2CC(O)C(COP(=O)(O)O)OC1c1ccc(F)cc1,,211.sdf,0,1.3325552940368652,2.6215367317199707,12.029568672180176,18.57504653930664
pocketxmol_kat5_sma_atlas_ext,use,sbdd,,,bad,212-bad.sdf,0,1.3111289739608765,2.638727188110352,10.786852836608888,18.41345596313477
pocketxmol_kat5_sma_atlas_ext,use,sbdd,,CC(C)c1cccc2c(-c3cccc(O)c3)nc(-c3ccc(O)nc3C(O)O)nc12,,213.sdf,0,1.4471840858459473,2.6859335899353027,10.655980110168455,18.0679988861084
pocketxmol_kat5_sma_atlas_ext,use,sbdd,,COP(=O)(O)OP(=O)(O)OC1C(O)OC(n2cnc3c(N)ncnc32)C1O,,214.sdf,0,1.3177056312561035,2.433586597442627,11.181066513061523,17.975418090820312
pocketxmol_kat5_sma_atlas_ext,use,sbdd,,,bad,215-bad.sdf,0,1.1933457851409912,2.6254844665527344,11.0293550491333,18.2169189453125
pocketxmol_kat5_sma_atlas_ext,use,sbdd,,,bad,216-bad.sdf,0,1.3327343463897705,2.617612361907959,10.261065483093262,18.13419342041016
pocketxmol_kat5_sma_atlas_ext,use,sbdd,,CNC1=NCc2[nH]c3ccccc3c2C=Nc2ccnc3ccc1cc23,,217.sdf,0,1.301039218902588,2.5349225997924805,9.797743797302246,17.762428283691406
pocketxmol_kat5_sma_atlas_ext,use,sbdd,,Cc1ccc2c(c1)nc1c3c(C(=O)O)c4ccccc4[n+]-3c3ccc(F)cc3[nH+]n12,,218.sdf,0,1.390753149986267,2.547072649002075,10.22383975982666,17.54973793029785
pocketxmol_kat5_sma_atlas_ext,use,sbdd,,O=c1[nH]c(-c2c[nH+]c3ccccc3c2)nc2cc3ccccc3cc12,,219.sdf,0,1.5758469104766846,2.8836476802825928,11.2271146774292,17.810020446777344
pocketxmol_kat5_sma_atlas_ext,use,sbdd,,Cc1[nH]c2c(C)cccc2c(=O)c1Cc1ccc(O)cc1,,220.sdf,0,1.491190791130066,2.691556930541992,10.196576118469238,17.41704559326172
pocketxmol_kat5_sma_atlas_ext,use,sbdd,,OC1=C(Nc2[nH+]c3ccccc3c3ccccc23)N=C(c2cccc[nH+]2)C=CN1,,221.sdf,0,1.3854228258132937,2.835116386413574,10.851899147033691,18.222278594970703
pocketxmol_kat5_sma_atlas_ext,use,sbdd,,,bad,222-bad.sdf,0,1.3179173469543457,2.673344135284424,11.561660766601562,17.79867172241211
pocketxmol_kat5_sma_atlas_ext,use,sbdd,,O=c1cnc2c(c(=O)[nH]1)c1ccccc1n2CC(OP(=O)(O)O)P(=O)(O)O,,223.sdf,0,1.279057502746582,2.477804183959961,10.758339881896973,17.27124786376953
pocketxmol_kat5_sma_atlas_ext,use,sbdd,,Cc1ccc(C(COP(=O)(O)O)Oc2ccc3[nH]c(=O)c(C)cc3c2)cc1,,224.sdf,0,1.3765673637390137,2.6717960834503174,11.229589462280272,18.171899795532227
pocketxmol_kat5_sma_atlas_ext,use,sbdd,,c1cnc(N=c2ncc(NCc3ccc4ccccc4c3)n[nH]2)[nH+]c1,,225.sdf,0,1.3260818719863892,2.637256145477295,10.290887832641602,17.484256744384766
pocketxmol_kat5_sma_atlas_ext,use,sbdd,,O=C(O)c1cc2cc3cc(O)c(O)cc3c(Cc3ccc(O)cc3)c2[nH]c1=O,,226.sdf,0,1.4265817403793335,2.48525071144104,10.389348983764648,17.6641788482666
pocketxmol_kat5_sma_atlas_ext,use,sbdd,,,bad,227-bad.sdf,0,1.320956826210022,2.622013568878174,11.748716354370115,18.24553680419922
pocketxmol_kat5_sma_atlas_ext,use,sbdd,,,bad,228-bad.sdf,0,1.461390733718872,2.7118475437164307,10.146394729614258,17.954559326171875
pocketxmol_kat5_sma_atlas_ext,use,sbdd,,COc1cc(Cc2c(Nc3ccccc3)cnc3c2ccc2nonc23)ccc1O,,229.sdf,0,1.4180477857589722,2.6384193897247314,10.603967666625977,18.26919746398925
pocketxmol_kat5_sma_atlas_ext,use,sbdd,,Nc1ncnc2c1ncn2C1OC(O)C(OP(=O)(O)OP(=O)(O)O)C2OC21,,230.sdf,0,1.2342441082000732,2.336976766586304,11.167844772338867,17.308393478393555
pocketxmol_kat5_sma_atlas_ext,use,sbdd,,Cc1cc(-c2ccccc2OC2CCC(C)CC2COP(=O)(O)OP(=O)(O)O)[nH]n1,,231.sdf,0,1.2504109144210815,2.467478513717652,9.006290435791016,18.174449920654297
pocketxmol_kat5_sma_atlas_ext,use,sbdd,,Cc1c[nH+]c(NCCCCC(=O)O)c2c1nc1cccc3c1[n+]2-c1ccccc1-3,,232.sdf,0,1.433660626411438,2.727569103240967,10.436939239501951,18.12126541137696
pocketxmol_kat5_sma_atlas_ext,use,sbdd,,,bad,233-bad.sdf,0,1.4336059093475342,2.6852474212646484,11.48561191558838,18.15718650817871
pocketxmol_kat5_sma_atlas_ext,use,sbdd,,OC(O)c1c(NCc2ccccc2)sc2c1c1ccccc1n1cccc21,,234.sdf,0,1.4060864448547363,2.518683195114136,10.377174377441406,17.592205047607422
pocketxmol_kat5_sma_atlas_ext,use,sbdd,,Cc1ccc2nc3c(=O)nc(N)nc-3n(C3CC4CC4(COP(=O)(O)O)C3O)c2c1,,235.sdf,0,1.3084557056427002,2.312306880950928,10.871460914611816,17.56440544128418
pocketxmol_kat5_sma_atlas_ext,use,sbdd,,Cc1cc(C)n2c(c1)[nH+]c1cc(C(=O)n3[nH+]ccc3-c3nn[nH]n3)ccc12,,236.sdf,0,1.463092803955078,2.5643677711486816,9.00737476348877,17.66484260559082
pocketxmol_kat5_sma_atlas_ext,use,sbdd,,,bad,237-bad.sdf,0,1.279160976409912,2.326817750930786,9.754794120788574,16.84071159362793
pocketxmol_kat5_sma_atlas_ext,use,sbdd,,Cc1cccc(Cc2nc3c(c(=O)[nH]c(=O)n3C)n2C(C)CCOP(=O)(O)O)c1,,238.sdf,0,1.3301578760147097,2.538093090057373,10.788010597229004,17.72039794921875
pocketxmol_kat5_sma_atlas_ext,use,sbdd,,Nc1ncnc2c(-c3ccccc3)c(Cc3cccc(P(=O)(O)O)c3)cnc12,,239.sdf,0,1.481195092201233,2.789724111557007,12.070723533630373,18.626298904418945
pocketxmol_kat5_sma_atlas_ext,use,sbdd,,Nc1ncnc2c1ncn2C1OC2OP(=O)(O)OP(=O)(O)OP(=O)(O)OCC2C1O,,240.sdf,0,1.2811487913131714,2.520322561264038,11.252511978149414,18.315109252929688
pocketxmol_kat5_sma_atlas_ext,use,sbdd,,CC1=Nc2ncn(CC3CC(OP(=O)(O)OP(=O)(O)O)CO3)c2N=C(N)N1,,241.sdf,0,1.2620208263397217,2.447781801223755,10.40239143371582,17.3773250579834
pocketxmol_kat5_sma_atlas_ext,use,sbdd,,,bad,242-bad.sdf,0,1.2575058937072754,2.375335216522217,10.468616485595703,17.73458480834961
pocketxmol_kat5_sma_atlas_ext,use,sbdd,,O=P(O)(O)c1nnc(O)cc1CN(CCCc1ccccc1)Cc1ccccc1,,243.sdf,0,1.27229642868042,2.7518110275268555,11.741422653198242,18.66971778869629
pocketxmol_kat5_sma_atlas_ext,use,sbdd,,CNC(=O)Cn1cc(OP(=O)(O)O)cc(-c2cccc([N+](=O)O)c2)c1=O,,244.sdf,0,1.3003231287002563,2.530668020248413,10.60428237915039,17.763023376464844
pocketxmol_kat5_sma_atlas_ext,use,sbdd,,CS(=O)(=O)c1ccc(-c2nc3cc[nH]cc-3c2NP(=O)(O)OP(=O)(O)O)cc1,,245.sdf,0,1.3655037879943848,2.638481616973877,10.746800422668455,18.03258514404297
pocketxmol_kat5_sma_atlas_ext,use,sbdd,,O=P(O)(O)c1cccc(-c2cc(Nc3ccccc3)nc3ccccc23)n1,,246.sdf,0,1.440404772758484,2.798713445663452,10.866365432739258,18.022293090820312
pocketxmol_kat5_sma_atlas_ext,use,sbdd,,O=C(NCc1cc2ccccc2nn1)c1cccc2c1C(=O)N(Cc1ccccc1)C2=O,,247.sdf,0,1.442697048187256,2.650238275527954,10.48883819580078,18.13803672790528
pocketxmol_kat5_sma_atlas_ext,use,sbdd,,Nc1ncnc2c1ncn2C1OC(COP(=O)(O)O)C(O)C1COP(=O)(O)O,,248.sdf,0,1.2560874223709106,2.362210512161255,11.48568058013916,17.863697052001953
pocketxmol_kat5_sma_atlas_ext,use,sbdd,,Nc1ncnc2c1ncn2C1CC(O)C(COP(=O)(O)OP(=O)(O)O)O1,,249.sdf,0,1.2990942001342771,2.4957263469696045,11.572916984558104,17.43068504333496
pocketxmol_kat5_sma_atlas_ext,use,sbdd,,Nc1cccc2cc3c(Cc4ccc(O)cc4)c4c[nH]c5ncccc5c4[nH+]c3c12,,250.sdf,0,1.4334609508514404,2.6825194358825684,9.415605545043944,18.009002685546875
pocketxmol_kat5_sma_atlas_ext,use,sbdd,,Nn1c(=O)ccn(C2CC(O)C(C(COP(=O)(O)O)OP(=O)(O)O)O2)c1=O,,251.sdf,0,1.2854095697402954,2.5854811668396,10.999960899353027,18.57037353515625
pocketxmol_kat5_sma_atlas_ext,use,sbdd,,O=C(O)c1ccccc1-c1nc2ccccc2c2oc3cc4ccc(O)cc4cc3c12,,252.sdf,0,1.448300004005432,2.6649858951568604,10.889479637145996,17.84347152709961
pocketxmol_kat5_sma_atlas_ext,use,sbdd,,,bad,253-bad.sdf,0,1.3310186862945557,2.571286678314209,10.225111961364746,18.23128700256348
pocketxmol_kat5_sma_atlas_ext,use,sbdd,,Nc1ncnc2c1ncn2C1COC(COP(=O)(O)OCP(=O)(O)O)C(O)C1O,,254.sdf,0,1.2601284980773926,2.4192955493927,11.247652053833008,17.967174530029297
pocketxmol_kat5_sma_atlas_ext,use,sbdd,,O=S(=O)(NN=C(O)c1cccc(-c2cn3cnc4nccc2c43)c1)c1ccc(O)cc1,,255.sdf,0,1.329609513282776,2.6631016731262207,10.46018886566162,18.076051712036133
pocketxmol_kat5_sma_atlas_ext,use,sbdd,,Nc1c(C(=O)O)cc2c(c1C(=O)O)Oc1ccccc1C=C2Cc1ccccc1,,256.sdf,0,1.4036740064620972,2.679934024810791,11.009870529174805,18.495250701904297
pocketxmol_kat5_sma_atlas_ext,use,sbdd,,CC(=O)Nc1ccc(C(=O)NCc2ccnc3ccccc23)cn1,,257.sdf,0,1.3765878677368164,2.6473653316497803,11.095123291015623,17.58104133605957
pocketxmol_kat5_sma_atlas_ext,use,sbdd,,Nc1sc(-c2cccnc2)n[n+]1C(=O)c1cccnc1,,258.sdf,0,1.270980954170227,2.421305179595948,9.92010498046875,17.069833755493164
pocketxmol_kat5_sma_atlas_ext,use,sbdd,,c1ccc(-c2c[nH]c3ccccc23)c(CCc2c3ccccc3[nH+]c3nnnn23)c1,,259.sdf,0,1.3840287923812866,2.680934429168701,10.747909545898438,17.982559204101562
pocketxmol_kat5_sma_atlas_ext,use,sbdd,,Cc1ccc2c(cc1C)c1c(=O)nc(N)nc1n2CC(O)C(O)COP(=O)(O)O,,260.sdf,0,1.289628267288208,2.563202381134033,10.957448959350586,17.679841995239258
pocketxmol_kat5_sma_atlas_ext,use,sbdd,,Nc1ncnc2c1ncn2C1CC(OP(=O)(O)OP(=O)(O)O)CN1COP(=O)(O)O,,261.sdf,0,1.3060698509216309,2.532181978225708,10.52467155456543,17.96921730041504
pocketxmol_kat5_sma_atlas_ext,use,sbdd,,CC(C)(O)NC(=N)NC1=C(c2cccc(F)c2)C=CC(n2cc[nH+]c2)=C2NC=CC=C12,,262.sdf,0,1.3225009441375732,2.450744152069092,9.50855541229248,17.83208465576172
pocketxmol_kat5_sma_atlas_ext,use,sbdd,,Nc1ncnc2c1ncc[n+]2C1OCC(OP(=O)(O)OP(=O)(O)O)C1O,,263.sdf,0,1.3255707025527954,2.554288148880005,11.151620864868164,17.725879669189453
pocketxmol_kat5_sma_atlas_ext,use,sbdd,,Nc1nc2nccc3c4cccc(F)c4n(Cc4ccccn4)c3c-2n1,,264.sdf,0,1.3411921262741089,2.6250994205474854,10.061426162719728,17.620447158813477
pocketxmol_kat5_sma_atlas_ext,use,sbdd,,,bad,265-bad.sdf,0,1.386345386505127,2.790291786193848,11.6287260055542,18.66295623779297
pocketxmol_kat5_sma_atlas_ext,use,sbdd,,O=C(c1ccccc1Nc1cccc2c1=CC=NC1=CC=c3ccccc3=NC=21)N(O)O,,266.sdf,0,1.289212942123413,2.5691165924072266,10.222563743591309,17.568666458129883
pocketxmol_kat5_sma_atlas_ext,use,sbdd,,,bad,267-bad.sdf,0,1.3430089950561523,2.6208646297454834,11.316744804382324,18.51007461547852
pocketxmol_kat5_sma_atlas_ext,use,sbdd,,Cc1ccc2nc(-c3ccccc3)c(C(=O)NCCC(=O)O)cc2c1,,268.sdf,0,1.420517086982727,2.6844558715820312,10.980262756347656,18.06122589111328
pocketxmol_kat5_sma_atlas_ext,use,sbdd,,Nc1ncnc2c1NC=CN2C1OC(COP(=O)(O)OP(=O)(O)O)C(O)C1O,,269.sdf,0,1.386263728141785,2.674306869506836,11.493032455444336,18.26241111755371
pocketxmol_kat5_sma_atlas_ext,use,sbdd,,CN1C=Cc2c(-c3ccccc3)[n+]3nc(C(=O)O)[nH]c(=O)c3c3cccc1c23,,270.sdf,0,1.5091781616210938,2.717261552810669,10.88646411895752,17.70299530029297
pocketxmol_kat5_sma_atlas_ext,use,sbdd,,Cc1ccc2cc(Nc3c4ccccc4nc4nnnn34)ccc2n1,,271.sdf,0,1.4655095338821411,2.730867862701416,10.95165729522705,17.631370544433594
pocketxmol_kat5_sma_atlas_ext,use,sbdd,,,bad,272-bad.sdf,0,1.2806222438812256,2.4954376220703125,9.73282241821289,17.586345672607422
pocketxmol_kat5_sma_atlas_ext,use,sbdd,,O=C(CC1OC([n+]2cnc(O)c3cncnc32)C(O)C1O)OP(=O)(O)O,,273.sdf,0,1.3048204183578491,2.573500156402588,10.87572193145752,18.01343536376953
pocketxmol_kat5_sma_atlas_ext,use,sbdd,,NC1=NNC=Nc2c1ncn2C1OC(COP(=O)(O)OP(=O)(O)O)C(O)C1O,,274.sdf,0,1.3518637418746948,2.5177881717681885,10.837834358215332,17.64563751220703
pocketxmol_kat5_sma_atlas_ext,use,sbdd,,OC(=NNC(c1ccccc1)c1ccc2ccccc2c1O)Nc1ccc(F)cc1,,275.sdf,0,1.3943183422088623,2.711160898208618,10.802529335021973,18.43084526062012
pocketxmol_kat5_sma_atlas_ext,use,sbdd,,Cc1cccc(Nc2cccc3n[nH]c4c(=O)n5c[nH+]c(C)c5c=4nc23)c1,,276.sdf,0,1.1763639450073242,2.4580841064453125,9.629339218139648,17.414247512817383
pocketxmol_kat5_sma_atlas_ext,use,sbdd,,O=P(O)(O)Cc1nnn(Cc2ccccc2)c1-c1ccc2ccccc2c1,,277.sdf,0,1.4288592338562012,2.808858871459961,11.669011116027832,18.30070304870605
pocketxmol_kat5_sma_atlas_ext,use,sbdd,,CN1C=Nc2nc(-c3cnc4ccccc4c3)cc(-c3ccccc3)c2N=C1O,,278.sdf,0,1.4506890773773191,2.675364255905152,10.102166175842283,18.034936904907227
pocketxmol_kat5_sma_atlas_ext,use,sbdd,,O=c1cc(C=[N+](CCOP(=O)(O)O)c2ccc(-c3ccccc3)cc2)[nH]c(=O)[nH]1,,279.sdf,0,1.3116625547409058,2.6192424297332764,11.630365371704102,18.39748954772949
pocketxmol_kat5_sma_atlas_ext,use,sbdd,,O=C(c1cc(CCP(=O)(O)O)[nH]n1)c1cccc2ccc(-c3ccccc3)cc12,,280.sdf,0,1.4425938129425049,2.700984239578247,10.413939476013184,18.24051284790039
pocketxmol_kat5_sma_atlas_ext,use,sbdd,,Cc1cc(-c2cn(C(CCCN3CCCC3=O)C(=O)O)c3ccccc23)oc1C,,281.sdf,0,1.319911003112793,2.58905029296875,10.86529541015625,18.290922164916992
pocketxmol_kat5_sma_atlas_ext,use,sbdd,,CC(=O)NC(O)c1ncccc1C=CC(c1ccccc1)c1ccc(O)cc1,,282.sdf,0,1.3646855354309082,2.723891019821167,11.443273544311523,18.81503868103028
pocketxmol_kat5_sma_atlas_ext,use,sbdd,,N#Cc1nc(P(=O)(O)O)nc(C#Cc2cccc(-c3cccc4ccccc34)c2)c1N,,283.sdf,0,1.3226438760757446,2.591094493865967,10.947330474853516,18.126205444335938
pocketxmol_kat5_sma_atlas_ext,use,sbdd,,Cc1cc2c(-c3cc4ccccc4[nH]3)c(C)c(OP(=O)(O)O)cc2c(O)c1C,,284.sdf,0,1.373305082321167,2.6352877616882324,9.783743858337402,17.53245735168457
pocketxmol_kat5_sma_atlas_ext,use,sbdd,,NC1=C2N=CN(C3OC(CCc4ccccc4)C(COP(=O)(O)O)C3O)C=C2NC=N1,,285.sdf,0,1.3074017763137815,2.6171555519104004,11.17398738861084,18.29150009155273
pocketxmol_kat5_sma_atlas_ext,use,sbdd,,O=P(O)(O)CSc1[nH]c2c(O)cccc2c2c3ccc(O)cc3nc1-2,,286.sdf,0,1.395369052886963,2.6706418991088867,11.04006576538086,17.666854858398438
pocketxmol_kat5_sma_atlas_ext,use,sbdd,,Nc1ncnc2c1ncn2C1CC(O)C(O)(COP(=O)(O)OP2(=O)OP2(=O)O)O1,,287.sdf,0,1.1737116575241089,2.3245437145233154,10.536480903625488,17.255434036254883
pocketxmol_kat5_sma_atlas_ext,use,sbdd,,,bad,288-bad.sdf,0,1.3729461431503296,2.4766933917999268,9.97198486328125,18.029186248779297
pocketxmol_kat5_sma_atlas_ext,use,sbdd,,O=C1NC(=O)[n+]2c[n+](C3CC4OP(=O)(O)OP(=O)(O)OCC(O)C4O3)cnc21,,289.sdf,0,1.180029034614563,2.2558417320251465,9.87724494934082,17.408132553100586
pocketxmol_kat5_sma_atlas_ext,use,sbdd,,Nc1[nH]nc2c1ncn2C1OC(COP(=O)(O)O)C(O)C1O.O=P(O)(O)OP(=O)(O)O,incomp,290-incomp.sdf,0,1.2481164932250977,2.387492179870605,10.43581485748291,17.551715850830078
pocketxmol_kat5_sma_atlas_ext,use,sbdd,,Nc1ncnc2c1ncn2CN(C=Cc1ccc2ccccc2c1)CCP(=O)(O)O,,291.sdf,0,1.4069708585739136,2.7780048847198486,11.65346622467041,18.073429107666016
pocketxmol_kat5_sma_atlas_ext,use,sbdd,,Cc1ccn2nc(Cn3c(Nc4ccccc4)nc4ccccc43)c(O)c2n1,,292.sdf,0,1.373055100440979,2.6763453483581543,10.392138481140137,18.105043411254883
pocketxmol_kat5_sma_atlas_ext,use,sbdd,,CCC1=c2nc(OC)c3ccccc3c2=NC2=C(N)N=Cc3c(O)ncnc3C2=N1,,293.sdf,0,1.3428348302841189,2.547455310821533,9.02293872833252,17.329116821289062
pocketxmol_kat5_sma_atlas_ext,use,sbdd,,CC(C)(C)CCC(Cc1ccnc2ncccc12)CP(=O)(O)OP(=O)(O)O,,294.sdf,0,1.335586428642273,2.5106136798858643,9.615087509155272,17.6462459564209
pocketxmol_kat5_sma_atlas_ext,use,sbdd,,Cc1nc(-c2ccccc2NC2=NC(N)=NC(P(=O)(O)O)N2)c2[nH]cnc2n1,,295.sdf,0,1.367520809173584,2.617595911026001,10.611489295959473,18.32504844665528
pocketxmol_kat5_sma_atlas_ext,use,sbdd,,Nc1nc(N)c2ncn(C3OC(OP(=O)(O)OP4(=O)OP(=O)(O)O4)C(O)C3O)cc1-2,,296.sdf,0,1.236373782157898,2.3507397174835205,10.468002319335938,17.9178524017334
pocketxmol_kat5_sma_atlas_ext,use,sbdd,,,bad,297-bad.sdf,0,1.3647873401641846,2.539856672286988,11.466094017028809,17.84288215637207
pocketxmol_kat5_sma_atlas_ext,use,sbdd,,O=P(O)(O)Cc1cc(-c2ccccc2)nn1-c1ccc2ncccc2c1,,298.sdf,0,1.4263818264007568,2.8121495246887207,11.50143051147461,18.124191284179688
pocketxmol_kat5_sma_atlas_ext,use,sbdd,,Nc1ncnc2c1ncn2C1OC(COP(=O)(O)OP(=O)(O)O)C(O)C1O,,299.sdf,0,1.3832708597183228,2.611906051635742,11.541899681091309,18.09702110290528
pocketxmol_kat5_sma_atlas_ext,use,sbdd,,,bad,300-bad.sdf,0,1.3016661405563354,2.558436870574951,9.741559982299805,17.549030303955078
pocketxmol_kat5_sma_atlas_ext,use,sbdd,,C[N+]1=C2C(=C(Cc3c[nH]c4ccccc34)c3ccccc32)C(=O)NC1=O,,301.sdf,0,1.392853856086731,2.6093859672546387,11.315393447875977,17.72487449645996
pocketxmol_kat5_sma_atlas_ext,use,sbdd,,Nc1ncnc2c1ncn2C1CC(O)CC(COP(=O)(O)OP(=O)(O)OP(=O)(O)O)O1,,302.sdf,0,1.277400016784668,2.430403470993042,10.755990028381348,17.69124412536621
pocketxmol_kat5_sma_atlas_ext,use,sbdd,,CC(=Cc1ccccc1)Cn1c(C)cc2nc3c(-c4ccccc4)c[nH]n3c(=O)c21,,303.sdf,0,1.337735891342163,2.598073720932007,9.899306297302246,17.957630157470703
pocketxmol_kat5_sma_atlas_ext,use,sbdd,,O=C(O)C(CNc1cccc2ccc3ccccc3c12)Oc1ccc(F)cc1,,304.sdf,0,1.3857139348983765,2.670677661895752,11.62218189239502,18.162935256958008
pocketxmol_kat5_sma_atlas_ext,use,sbdd,,Nc1ncnn(C2CCC(O)C(C(OP(=O)(O)O)OP(=O)(O)O)O2)c1=O,,305.sdf,0,1.1773982048034668,2.295987844467163,9.695633888244627,17.395706176757812
pocketxmol_kat5_sma_atlas_ext,use,sbdd,,Nc1ncnc2c1ncn2C1OC(P(=O)(O)OP(=O)(O)O)C(O)C1O,,306.sdf,0,1.3098989725112915,2.477926254272461,11.07913303375244,17.4852237701416
pocketxmol_kat5_sma_atlas_ext,use,sbdd,,O=C(O)N=C(O)c1nc2c(-c3ccccc3)cc3c4ccccc4ccc3n2n1,,307.sdf,0,1.4592866897583008,2.752281665802002,11.265844345092772,17.905393600463867
pocketxmol_kat5_sma_atlas_ext,use,sbdd,,CNc1nc(C2CC2C(C)COP(=O)(O)O)c2c3ncnc(C)c3nc-2[nH]1,,308.sdf,0,1.2936909198760986,2.310331583023072,8.864298820495605,16.957128524780273
pocketxmol_kat5_sma_atlas_ext,use,sbdd,,O=C(CCc1cc(-c2ccccc2)cc2c(=O)nc[nH]c12)NCc1ccco1,,309.sdf,0,1.4041446447372437,2.75837779045105,10.901182174682615,18.46533203125
pocketxmol_kat5_sma_atlas_ext,use,sbdd,,O=C(O)c1cc2c(-c3ccc(F)cc3)c3ccccc3n2c(Cc2ccccc2)n1,,310.sdf,0,1.4298938512802124,2.8008363246917725,11.339517593383787,18.59712791442871
pocketxmol_kat5_sma_atlas_ext,use,sbdd,,O=[PH](=O)(O)Oc1ccccc1Cc1cc(-c2ccccc2)c2ncccc2n1,,311.sdf,0,1.457272171974182,2.8692116737365723,11.461044311523438,18.374237060546875
pocketxmol_kat5_sma_atlas_ext,use,sbdd,,O=c1c2[nH+]c3ccccc3c(C=CP(=O)(O)O)c2cc2c3ccccc3[nH]n12,,312.sdf,0,1.486477613449097,2.761054992675781,11.238710403442385,17.9548397064209
pocketxmol_kat5_sma_atlas_ext,use,sbdd,,Cc1cc(C)c2cc(N(C(=O)CP(=O)(O)O)c3ccc4nccc(C)c4c3)sc2n1,,313.sdf,0,1.4563778638839722,2.736656427383423,10.411118507385254,18.34052467346192
pocketxmol_kat5_sma_atlas_ext,use,sbdd,,,bad,314-bad.sdf,0,1.4253402948379517,2.659560203552246,11.601932525634766,18.312820434570312
pocketxmol_kat5_sma_atlas_ext,use,sbdd,,O=P(O)(O)c1cc2c3c4ccccc4ncc3c3ccccc3n2n1,,315.sdf,0,1.4651435613632202,2.7437026500701904,11.915752410888672,17.645851135253906
pocketxmol_kat5_sma_atlas_ext,use,sbdd,,Cc1nc(N)nc2[n+](CCCOP(=O)(O)OP(=O)(O)O)c3ccc([N+](=O)O)cc3c-2c1C,,316.sdf,0,1.330119013786316,2.507756233215332,9.39188003540039,17.296964645385742
pocketxmol_kat5_sma_atlas_ext,use,sbdd,,Cc1ccccc1CC1=c2c(C)cccc2=[N+]2C(=O)c3ccc(C)c(C)c3[NH+]=C12,,317.sdf,0,1.4762344360351562,2.6647746562957764,9.237174034118652,17.996902465820312
pocketxmol_kat5_sma_atlas_ext,use,sbdd,,Nc1ncnc2c1ncn2C1OC(COP(=O)(O)OP(=O)(O)O)C1O,,318.sdf,0,1.151524305343628,2.26692271232605,11.212187767028809,17.425601959228516
pocketxmol_kat5_sma_atlas_ext,use,sbdd,,COc1ccc2cc(C=Cc3cnccn3)c(NC[SH](=O)(O)c3ccccn3)nc2c1,,319.sdf,0,1.3678404092788696,2.646974802017212,10.652256965637209,18.370590209960938
pocketxmol_kat5_sma_atlas_ext,use,sbdd,,CC(NP(=O)(O)O)C(O)NC1=Nc2ccccc2C=C(c2ccccc2N)N1,,320.sdf,0,1.3659394979476929,2.66885757446289,10.741363525390623,18.03324508666992
pocketxmol_kat5_sma_atlas_ext,use,sbdd,,O=c1[nH]cc(-c2c(-c3ccccc3)cn3c2[nH]c2ccccc23)c(=O)[nH]1,,321.sdf,0,1.42561674118042,2.691739320755005,11.334348678588867,17.98417091369629
pocketxmol_kat5_sma_atlas_ext,use,sbdd,,,bad,322-bad.sdf,0,1.2632267475128174,2.327946901321411,9.81806182861328,17.639713287353516
pocketxmol_kat5_sma_atlas_ext,use,sbdd,,O=P(O)(O)OP(=O)(O)c1nc2cc3ccccc3cc2n1-c1ccccc1,,323.sdf,0,1.3871372938156128,2.588012933731079,10.617440223693848,17.374753952026367
pocketxmol_kat5_sma_atlas_ext,use,sbdd,,Nc1ncnc2c1ncn2C1OC(CO)C(O)C1O.O=P(O)(O)O[PH](=O)(=O)O,incomp,324-incomp.sdf,0,1.2988909482955933,2.4803662300109863,11.278023719787598,17.701148986816406
pocketxmol_kat5_sma_atlas_ext,use,sbdd,,Cc1cccc(-c2nn3c4c(ncnc24)NC=C3)c1.O=C(O)NCc1ccccc1,incomp,325-incomp.sdf,0,1.402838110923767,2.8489999771118164,10.722678184509276,18.46564483642578
pocketxmol_kat5_sma_atlas_ext,use,sbdd,,Nc1ncnc2c1ncn2C1OC(OP(=O)(O)O)C(O)C1OP(=O)(O)OP(=O)(O)O,,326.sdf,0,1.3004552125930786,2.527129650115967,11.054465293884276,18.075634002685547
pocketxmol_kat5_sma_atlas_ext,use,sbdd,,O=C(NC(c1ccc(F)cc1)c1cnc2c(=O)nc[nH]c2c1)NP(=O)(O)O,,327.sdf,0,1.4323126077651978,2.772287368774414,11.351311683654783,18.67386817932129
pocketxmol_kat5_sma_atlas_ext,use,sbdd,,Cc1ccnc2cc(Cn3nnc(P(=O)(O)O)c3Nc3ccccc3)cnc12,,328.sdf,0,1.3467719554901123,2.6330578327178955,10.569083213806152,18.028478622436523
pocketxmol_kat5_sma_atlas_ext,use,sbdd,,O=P(O)(O)C1CN(c2cc[nH]c3ncnc2-3)C(c2cc[nH+]c3ccccc23)N1,,329.sdf,0,1.3799002170562744,2.7280642986297607,10.994536399841309,18.054492950439453
pocketxmol_kat5_sma_atlas_ext,use,sbdd,,O=C(O)C=C(O)C=C(c1ccc(-c2ccccc2)cc1)c1ccc2ccccc2c1,,330.sdf,0,1.4415876865386963,2.6952710151672363,10.237860679626465,18.40159797668457
pocketxmol_kat5_sma_atlas_ext,use,sbdd,,Nc1ncnc2c1ncn2C1COC(COP(=O)(O)OP(=O)(O)O)C(O)C1O,,331.sdf,0,1.3141475915908811,2.3860023021698,11.369897842407228,17.5889835357666
pocketxmol_kat5_sma_atlas_ext,use,sbdd,,,bad,332-bad.sdf,0,1.4303674697875977,2.529390811920166,9.13127899169922,18.017654418945312
pocketxmol_kat5_sma_atlas_ext,use,sbdd,,Nc1nc2n(C3OC(CCOP(=O)(O)O)C(O)C3O)ccnc-2c(=O)n1,,333.sdf,0,1.3237866163253784,2.4832162857055664,11.468314170837402,17.980117797851562
pocketxmol_kat5_sma_atlas_ext,use,sbdd,,O=P(O)(O)OCC1=CC(CNc2ncnc3ccccc23)=CCN1,,334.sdf,0,1.2734516859054563,2.548673629760742,10.534568786621094,18.07963752746582
pocketxmol_kat5_sma_atlas_ext,use,sbdd,,O=C(O)C1CCCCOP(=O)(O)Oc2nonc2-c2ccc3nc(O)nc(=O)c-3c(c2)C1,,335.sdf,0,1.2446870803833008,2.522901058197021,9.845157623291016,18.258012771606445
pocketxmol_kat5_sma_atlas_ext,use,sbdd,,O=S(=O)(O)c1ccc(-c2cc3c4ccc(F)cc4ccc3n2-c2ccccc2)cc1,,336.sdf,0,1.4596713781356812,2.812458038330078,10.815512657165527,18.223392486572266
pocketxmol_kat5_sma_atlas_ext,use,sbdd,,,bad,337-bad.sdf,0,1.429314374923706,2.739225149154663,11.2366361618042,18.383132934570312
pocketxmol_kat5_sma_atlas_ext,use,sbdd,,Nc1ncnc2c1ncn2C1CC(OP(=O)(O)O)C(CC(P(=O)(O)O)P(=O)(O)O)O1,,338.sdf,0,1.274356484413147,2.4660069942474365,11.19260311126709,18.02688407897949
pocketxmol_kat5_sma_atlas_ext,use,sbdd,,O=P1(O)OCC(C2OC(N3C=CNc4cncnc43)C(O)C2O)CO[PH](O)(O)O1,,339.sdf,0,1.1840510368347168,2.4969160556793213,10.748186111450195,18.151329040527344
pocketxmol_kat5_sma_atlas_ext,use,sbdd,,Cc1ccc2ccc(N(CC[PH](=O)(=O)O)C(=O)c3ccc4ccccc4c3)cc2c1,,340.sdf,0,1.4857800006866455,2.847423791885376,11.111210823059082,18.374900817871094
pocketxmol_kat5_sma_atlas_ext,use,sbdd,,Cc1ccc(Oc2ncc3c(O)nn(Cc4ccc(Cl)cc4)c3n2)cc1N,,341.sdf,0,1.377875566482544,2.649606943130493,10.558177947998049,18.04330825805664
pocketxmol_kat5_sma_atlas_ext,use,sbdd,,COc1ccc2c(c1O)c1cnccc1n2-c1cccc(CN2CCCC2)c1,,342.sdf,0,1.4252935647964478,2.733743667602539,11.72462272644043,18.03182029724121
pocketxmol_kat5_sma_atlas_ext,use,sbdd,,COc1cc2c3c(c(N(C)C=O)nc(O)c3c1)C=C2c1ccccc1,,343.sdf,0,1.360005021095276,2.5430922508239746,10.715035438537598,17.1508846282959
pocketxmol_kat5_sma_atlas_ext,use,sbdd,,O=c1[nH]cc2c3nc(nnc13)S(=O)(=O)NCCOC1=CC=CNc3ccc-2cc31,,344.sdf,0,1.3890818357467651,2.6483638286590576,10.74419403076172,18.074033737182617
pocketxmol_kat5_sma_atlas_ext,use,sbdd,,Nc1ncnc2c1ncn2CC1OCC(O)C1OP(=O)(O)OP(=O)(O)O,,345.sdf,0,1.2273668050765991,2.352475166320801,10.692455291748049,17.513826370239258
pocketxmol_kat5_sma_atlas_ext,use,sbdd,,Cc1cccc(C(NC(c2ccccc2)P(=O)(O)O)c2ccc3ccccc3c2)c1,,346.sdf,0,1.4521626234054563,2.750392436981201,11.487993240356444,18.460283279418945
pocketxmol_kat5_sma_atlas_ext,use,sbdd,,Oc1ncc(Oc2nc3ccccc3nc2Cc2ccccc2)cn1,,347.sdf,0,1.412710428237915,2.7062032222747803,10.769667625427246,18.13440704345703
pocketxmol_kat5_sma_atlas_ext,use,sbdd,,,bad,348-bad.sdf,0,1.44341242313385,2.720695972442627,11.873854637145996,18.567123413085938
pocketxmol_kat5_sma_atlas_ext,use,sbdd,,CC1CCN(c2cccc3c2N=CN=C2N=C(c4cn[nH]c4)NN23)CC1,,349.sdf,0,1.4069459438323977,2.6185946464538574,9.63928508758545,17.615833282470703
pocketxmol_kat5_sma_atlas_ext,use,sbdd,,COc1ccc(-c2nc(NC(=O)O)nn2-c2ccc(F)cc2)cc1,,350.sdf,0,1.380855917930603,2.6734793186187744,11.908889770507812,18.16701316833496
pocketxmol_kat5_sma_atlas_ext,use,sbdd,,Nc1nc2c(ncn2C(CCCP(=O)(O)O)c2ccccc2)c(=O)[nH]1,,351.sdf,0,1.3992805480957031,2.6602087020874023,11.725564002990724,18.301633834838867
pocketxmol_kat5_sma_atlas_ext,use,sbdd,,Nc1ncnc2cc(Nc3ccccc3)ccc12.O=P(O)(O)OP(=O)(O)O,incomp,352-incomp.sdf,0,1.391732692718506,2.626605272293091,10.119790077209473,17.571266174316406
pocketxmol_kat5_sma_atlas_ext,use,sbdd,,Cc1cc2cc3c1nc1ncnc(n13)NC1CCN(C1)C(=O)N[SH](=O)(O)OC(O)=C2,,353.sdf,0,1.3540310859680176,2.579192876815796,9.85295295715332,18.30743789672852
pocketxmol_kat5_sma_atlas_ext,use,sbdd,,Nc1ncnc2c1ncn2C1CC(COP(=O)(O)O)C(COP(=O)(O)O)O1,,354.sdf,0,1.2845498323440552,2.556696891784668,11.460102081298828,18.077392578125
pocketxmol_kat5_sma_atlas_ext,use,sbdd,,CC(C)n1c[n+](CCC(O)COP(=O)(O)OP(=O)(O)O)c2nc(=O)[nH]c(=N)nc21,,355.sdf,0,1.2801092863082886,2.555881977081299,10.444464683532717,17.429269790649414
pocketxmol_kat5_sma_atlas_ext,use,sbdd,,OC(O)c1cc(-c2ccccc2)nc(Cc2cccc(-c3cccnc3)c2)n1,,356.sdf,0,1.4523820877075195,2.8007540702819824,11.78006649017334,18.697141647338867
pocketxmol_kat5_sma_atlas_ext,use,sbdd,,,bad,357-bad.sdf,0,1.313710331916809,2.5575263500213623,10.277514457702637,17.86003875732422
pocketxmol_kat5_sma_atlas_ext,use,sbdd,,Cc1ccc2c(c1)=c1c(ccc3c1=NC=NC3=O)C=2CNC(=O)COP(=O)(O)O,,358.sdf,0,1.3800137042999268,2.670605659484864,11.258628845214844,17.62710189819336
pocketxmol_kat5_sma_atlas_ext,use,sbdd,,COc1cccc(-n2nc(-c3ccncc3)nc2C=C(O)Nc2ncccn2)c1,,359.sdf,0,1.3173671960830688,2.65947699546814,10.852829933166504,18.367780685424805
pocketxmol_kat5_sma_atlas_ext,use,sbdd,,Nc1nc(=O)c2ncn(C3OC(COP(=O)(O)OP(=O)(O)O)C(O)C3O)c2[nH]1,,360.sdf,0,1.3923399448394775,2.584447145462036,11.739422798156738,18.1776065826416
pocketxmol_kat5_sma_atlas_ext,use,sbdd,,Nc1ccc(Nc2ccc(-c3ccc(O)cc3)c3cnc4ccccc4c23)nn1,,361.sdf,0,1.4823825359344482,2.752322196960449,10.451080322265623,18.216665267944336
pocketxmol_kat5_sma_atlas_ext,use,sbdd,,Nc1ncnc2c1ncn2C1OC(COP(=O)(O)O)C(OP(=O)(O)O)C1O,,362.sdf,0,1.334697723388672,2.5671963691711426,11.85953426361084,18.317312240600582
pocketxmol_kat5_sma_atlas_ext,use,sbdd,,,bad,363-bad.sdf,0,1.3886576890945437,2.651064157485962,10.23823070526123,17.620935440063477
pocketxmol_kat5_sma_atlas_ext,use,sbdd,,O=C(O)CCNC(=O)c1cc(-c2ccc(O)cc2)c2cc(O)c(O)ccc1-2,,364.sdf,0,1.3291497230529783,2.4694457054138184,11.24993896484375,17.80887794494629
pocketxmol_kat5_sma_atlas_ext,use,sbdd,,CN1C=Cc2c3ccccc3c3c4c(ccc1c24)N=C(c1ccc2nccnc2c1)O3,,365.sdf,0,1.5152894258499146,2.7409098148345947,10.462664604187012,17.517292022705078
pocketxmol_kat5_sma_atlas_ext,use,sbdd,,Nc1nc2c(ncn2C2OC(COP(=O)(O)O[PH](=O)(=O)O)C(O)C2O)c(=O)[nH]1,,366.sdf,0,1.3578168153762815,2.634595394134521,11.565550804138184,18.3111572265625
pocketxmol_kat5_sma_atlas_ext,use,sbdd,,C[n+]1ccc(C=C(NC2=C(O)C(O)=NC=CN2)c2ccccc2)c2ccccc21,,367.sdf,0,1.3043527603149414,2.4648404121398926,9.460314750671388,17.826459884643555
pocketxmol_kat5_sma_atlas_ext,use,sbdd,,,bad,368-bad.sdf,0,1.230318307876587,2.468157768249512,9.706934928894045,18.05545425415039
pocketxmol_kat5_sma_atlas_ext,use,sbdd,,O=c1nc2nc3c4cccccc4cc4c5ccccc5n(cc2c(=O)[nH]1)c43,,369.sdf,0,1.3647565841674805,2.5514261722564697,11.098617553710938,17.22235870361328
pocketxmol_kat5_sma_atlas_ext,use,sbdd,,Cc1cc(Nc2ccnc3nc(C)c4ccccc4c23)c2nnc(P(=O)(O)O)cc2c1,,370.sdf,0,1.443047046661377,2.7788188457489014,10.176435470581056,18.13142204284668
pocketxmol_kat5_sma_atlas_ext,use,sbdd,,,bad,371-bad.sdf,0,1.3696701526641846,2.622686624526977,10.114237785339355,17.870622634887695
pocketxmol_kat5_sma_atlas_ext,use,sbdd,,N=c1nc[nH]c2c1ncn2C1OC(COP(=O)(O)O)C(O)C1[n+]1ccccc1,,372.sdf,0,1.3339368104934692,2.638711452484131,11.770581245422363,18.249805450439453
pocketxmol_kat5_sma_atlas_ext,use,sbdd,,O=P(O)(O)N=C(O)C(c1ccccc1)c1ccc2ccccc2c1,,373.sdf,0,1.4365884065628052,2.7889842987060547,11.828640937805176,18.350919723510746
pocketxmol_kat5_sma_atlas_ext,use,sbdd,,CCNC1=Nc2c3ccccc3c(-c3ccccc3)c3nc(O)nc(c23)N1,,374.sdf,0,1.4293893575668335,2.7569386959075928,11.176118850708008,18.160137176513672
pocketxmol_kat5_sma_atlas_ext,use,sbdd,,NC1=NC(=O)C2=CN(C3CC(OP(=O)(O)OP(=O)(O)O)C(C[PH](O)(O)O)O3)C2=N1,,375.sdf,0,1.1778887510299685,2.417630910873413,10.61859893798828,17.745750427246094
pocketxmol_kat5_sma_atlas_ext,use,sbdd,,O=C(O)C1CC(CCOP(=O)(O)O)C(C(O)c2ccnc3nc[nH]c23)N1,,376.sdf,0,1.220527172088623,2.5012521743774414,10.227479934692385,17.828828811645508
pocketxmol_kat5_sma_atlas_ext,use,sbdd,,O=c1nnc2c(-c3ccccc3)cn(Cc3c[nH+]c4ccccc4c3)c2c(=O)[nH]1,,377.sdf,0,1.407090187072754,2.730979681015014,11.088603019714355,18.107053756713867
pocketxmol_kat5_sma_atlas_ext,use,sbdd,,NC1=C2N=CN(C3OC(OP(=O)(O)OP(=O)(O)O)C(O)C3O)C=C2N=CN1,,378.sdf,0,1.262160062789917,2.399139642715454,11.174327850341797,17.56043815612793
pocketxmol_kat5_sma_atlas_ext,use,sbdd,,,bad,379-bad.sdf,0,1.4282047748565674,2.613511800765991,9.877463340759276,17.418302536010742
pocketxmol_kat5_sma_atlas_ext,use,sbdd,,Nc1nc(O)c2c(n1)N(C1CC(O)C(O)C(COP(=O)(O)OP(=O)(O)O)O1)C=NN2,,380.sdf,0,1.3011773824691772,2.548166990280152,11.05737018585205,18.17670249938965
pocketxmol_kat5_sma_atlas_ext,use,sbdd,,Clc1ccc(C(=NNc2cc(-c3ccccc3)nnn2)c2ccccc2)cc1,,381.sdf,0,1.3769590854644775,2.7686846256256104,10.897603034973145,18.571691513061523
pocketxmol_kat5_sma_atlas_ext,use,sbdd,,Nc1ncnc2c(C=C(COP(=O)(O)O)c3ccccc3)ncnc12,,382.sdf,0,1.4122387170791626,2.729062080383301,11.523253440856934,18.45810890197754
pocketxmol_kat5_sma_atlas_ext,use,sbdd,,,bad,383-bad.sdf,0,1.2495970726013184,2.4896044731140137,10.552021026611328,17.33038330078125
pocketxmol_kat5_sma_atlas_ext,use,sbdd,,,bad,384-bad.sdf,0,1.4053447246551514,2.6381163597106934,11.505342483520508,18.80462646484375
pocketxmol_kat5_sma_atlas_ext,use,sbdd,,O=C(O)C1=COC(C(O)N2CCCC(c3ccc(O)c4ccccc34)C2)=C(O)N1,,385.sdf,0,1.384397268295288,2.558513879776001,10.321829795837402,18.066362380981445
pocketxmol_kat5_sma_atlas_ext,use,sbdd,,Cc1cc(-c2ccccc2)ccc1Nc1cccc(-c2nnnc(O)c2O)c1,,386.sdf,0,1.399690866470337,2.769815683364868,10.878908157348633,18.33737564086914
pocketxmol_kat5_sma_atlas_ext,use,sbdd,,O=C(O)CCc1[nH+]c(-c2cccc(-c3ccc[nH+]c3)c2)cc2[nH]c3ccccc3c12,,387.sdf,0,1.4633734226226809,2.7583327293396,11.05921459197998,18.494409561157227
pocketxmol_kat5_sma_atlas_ext,use,sbdd,,Nc1ncnc2c1ncn2C1OC(O)C(OP(=O)(O)OP(=O)(O)O)C1O,,388.sdf,0,1.3083726167678833,2.403660297393799,10.968347549438477,17.681385040283203
pocketxmol_kat5_sma_atlas_ext,use,sbdd,,Cc1cnc2c(c1)nc(CCNS(=O)(=O)c1ccc(C)nc1)n2-c1ccccc1,,389.sdf,0,1.409476637840271,2.713220596313477,10.441922187805176,18.60049057006836
pocketxmol_kat5_sma_atlas_ext,use,sbdd,,CC1CCOP(=O)(O)OP(=O)(O)OCC(O)C(O)c2ccc(c3cncnc23)O1,,390.sdf,0,1.2015011310577393,2.412904739379883,9.91453456878662,17.829126358032227
pocketxmol_kat5_sma_atlas_ext,use,sbdd,,CC(CCP(=O)(O)O)CC(Cc1cccc(N)c1)n1cnc2c(N)ncnc21,,391.sdf,0,1.2934650182724,2.363301515579224,10.207053184509276,17.509008407592773
pocketxmol_kat5_sma_atlas_ext,use,sbdd,,,bad,392-bad.sdf,0,1.3216720819473269,2.45387864112854,10.164817810058594,17.08762550354004
pocketxmol_kat5_sma_atlas_ext,use,sbdd,,Nc1ncnc2c1ncn2C1OC(C(O)CO[PH](O)(O)OP(=O)(O)O)C(O)C1O,,393.sdf,0,1.308406114578247,2.5352282524108887,11.44186019897461,18.115909576416016
pocketxmol_kat5_sma_atlas_ext,use,sbdd,,CN(C1=CN(c2cccc(F)c2)c2ncn(C)c(=O)c2N1)c1[nH+]nc(CP(=O)(O)O)o1,,394.sdf,0,1.391402244567871,2.682494878768921,10.367693901062012,18.356258392333984
pocketxmol_kat5_sma_atlas_ext,use,sbdd,,Nc1ncnc2ccc(Nc3cc(Cc4ccccc4)cc(OP(=O)(O)O)c3)cc12,,395.sdf,0,1.4511398077011108,2.7057600021362305,10.83255100250244,18.16485023498535
pocketxmol_kat5_sma_atlas_ext,use,sbdd,,Nc1ncnc2nc(CC(O)C(O)COP(=O)(O)O)c3c4ccccc4nc-3nc12,,396.sdf,0,1.3562054634094238,2.537755489349365,11.315860748291016,17.810420989990234
pocketxmol_kat5_sma_atlas_ext,use,sbdd,,O=P(O)(O)OC=C1Cc2c(cnc3sccc23)NC1c1ccc2c(c1)OCO2,,397.sdf,0,1.3653291463851929,2.5970988273620605,10.65520191192627,18.156787872314453
pocketxmol_kat5_sma_atlas_ext,use,sbdd,,O=C(O)c1ccc(OCc2cccc3c(=O)[nH]cnc23)c(OP(=O)(O)O)c1,,398.sdf,0,1.425770878791809,2.566795110702514,10.917299270629885,17.76896858215332
pocketxmol_kat5_sma_atlas_ext,use,sbdd,,O=c1[nH]c(=O)c2cc(Cc3nc4ccccc4[nH]3)c3ccccc3c2[nH]1,,399.sdf,0,1.4711281061172483,2.773281574249268,10.851993560791016,17.76695442199707
pocketxmol_kat5_sma_atlas_ext,use,sbdd,,Cc1ccc2[nH]c(-c3ccccc3)c3c(CCP(=O)(O)O)cnc-3c2c1,,400.sdf,0,1.4658644199371338,2.7611842155456543,10.2535400390625,17.863861083984375
pocketxmol_kat5_sma_atlas_ext,use,sbdd,,Nc1nc2c(ncn2C2OC(COP3(=O)OP(=O)(O)O3)C(O)C2O)c(=O)[nH]1,,401.sdf,0,1.310340404510498,2.4910714626312256,11.386870384216309,18.08140754699707
pocketxmol_kat5_sma_atlas_ext,use,sbdd,,O=C(Nc1ccccc1)c1ccc(C(=O)Nc2cccnc2)c2ccccc12,,402.sdf,0,1.4891493320465088,2.595141649246216,10.398630142211914,18.106746673583984
pocketxmol_kat5_sma_atlas_ext,use,sbdd,,Cc1[nH+]cn2c1cc1c2c2[n+](c(O)n1C)C(=O)C(O)C(COP(=O)(O)OP(=O)(O)O)O2,,403.sdf,0,1.299686312675476,2.5314531326293945,9.86231517791748,17.605945587158203
pocketxmol_kat5_sma_atlas_ext,use,sbdd,,Cc1ccc2c(C(CP(=O)(O)O)c3ccccc3)cn(-c3ccc(F)cc3)c2c1,,404.sdf,0,1.429068922996521,2.819261312484741,11.228649139404297,18.750532150268555
pocketxmol_kat5_sma_atlas_ext,use,sbdd,,O=c1c2ccncc2n2cc(Cc3ccccc3)c3cccc1c32,,405.sdf,0,1.5225909948349,2.6591389179229736,9.680365562438965,17.477975845336914
pocketxmol_kat5_sma_atlas_ext,use,sbdd,,O=C(O)CNC(=O)N(Cc1ccccc1)c1cccc(-c2cccc(Cl)c2)c1,,406.sdf,0,1.4099557399749756,2.820514678955078,12.1873140335083,18.99609565734864
pocketxmol_kat5_sma_atlas_ext,use,sbdd,,Nc1nc[nH+]c2c1ncc1[n+]2COC(O)C(O)COP(=O)(O)OCC(C(=O)O)O1,,407.sdf,0,1.2839596271514893,2.65920352935791,11.07533073425293,18.666147232055664
pocketxmol_kat5_sma_atlas_ext,use,sbdd,,Nc1ncc2c3[nH]c(nc13)C(N)CC=C(O)OP(=O)(O)OC(O)C(O)C(O)CC2,,408.sdf,0,1.1830546855926514,2.500530481338501,9.886201858520508,17.984113693237305
pocketxmol_kat5_sma_atlas_ext,use,sbdd,,COc1ccc(-c2cc(-c3ccccn3)c(O)nc2-c2ccccc2)cc1,,409.sdf,0,1.463343858718872,2.7478177547454834,10.59264087677002,18.329158782958984
pocketxmol_kat5_sma_atlas_ext,use,sbdd,,Cc1cccc2c1N=c1c-2c(-c2ccccc2)nc2[n+]1=CC=C2C(=O)O,,410.sdf,0,1.4413725137710571,2.651843547821045,10.802226066589355,17.938175201416016
pocketxmol_kat5_sma_atlas_ext,use,sbdd,,Cc1ccc2c(c1)C1CC(CCc3cn[nH]n3)CC1=Nc1[nH]c(=O)[nH]c(=O)c1-2,,411.sdf,0,1.27482008934021,2.420741319656372,8.791387557983398,17.902082443237305
pocketxmol_kat5_sma_atlas_ext,use,sbdd,,Cc1ccc(C(NC(=O)COc2ccccc2)c2cnc3cnccc3c2)cc1,,412.sdf,0,1.4919432401657104,2.8191962242126465,11.20082950592041,18.95376777648925
pocketxmol_kat5_sma_atlas_ext,use,sbdd,,Oc1ccc(C#[N+]c2cc(O)nc3ccc(-c4ccccc4)cc23)cc1,,413.sdf,0,1.5326590538024902,2.6763663291931152,10.526870727539062,18.318660736083984
pocketxmol_kat5_sma_atlas_ext,use,sbdd,,CC1=Nc2cccc3c(-c4nc(C(=O)O)cc5nonc45)c(-c4ccccc4)cc1c23,,414.sdf,0,1.3581678867340088,2.455522298812866,9.8148832321167,17.94997215270996
pocketxmol_kat5_sma_atlas_ext,use,sbdd,,,bad,415-bad.sdf,0,1.2636638879776,2.3677518367767334,10.88267421722412,18.212989807128903
pocketxmol_kat5_sma_atlas_ext,use,sbdd,,Cc1ccc2c(-c3ccccc3)c(NOP(=O)(O)O)c(=N)[nH]c2c1,,416.sdf,0,1.3962098360061646,2.7086784839630127,11.197480201721191,17.879610061645508
pocketxmol_kat5_sma_atlas_ext,use,sbdd,,Cc1ccc(CC(O)C(=O)C(O)COP(=O)(O)O)c(-c2c[nH]c(N)c3ncnc2-3)c1,,417.sdf,0,1.2796891927719116,2.3982956409454346,10.37452507019043,17.66549301147461
pocketxmol_kat5_sma_atlas_ext,use,sbdd,,Cn1c(NC(O)c2cccnc2)nc(-c2cccnc2)c1-c1cccnc1,,418.sdf,0,1.3611509799957275,2.7275073528289795,10.193536758422852,18.23474502563477
pocketxmol_kat5_sma_atlas_ext,use,sbdd,,O=C(O)c1cccc(Cn2c(=O)nc(NCc3ccccc3)c3ccccc32)c1,,419.sdf,0,1.395308017730713,2.6816980838775635,10.534059524536133,18.18634986877441
pocketxmol_kat5_sma_atlas_ext,use,sbdd,,O=C(O)c1cc(Nc2c(-c3ccccc3)cnc3ccccc23)ccn1,,420.sdf,0,1.3927154541015625,2.77003812789917,11.517154693603516,18.32503318786621
pocketxmol_kat5_sma_atlas_ext,use,sbdd,,O=P(O)(O)OP(=O)(O)OCC1OC(Nc2ncnc3cncnc23)C(O)C1O,,421.sdf,0,1.2934062480926514,2.5813801288604736,11.149038314819336,18.3571720123291
pocketxmol_kat5_sma_atlas_ext,use,sbdd,,Cc1ccc(NC(=O)c2ncn[nH]2)c2cc3c4ccc(N)cc4nc-3[nH]c12,,422.sdf,0,1.4434475898742676,2.535313367843628,9.706734657287598,17.668046951293945
pocketxmol_kat5_sma_atlas_ext,use,sbdd,,O=S(=O)(Nc1ccc2ccc(NCc3nnc(CO)o3)nc2c1)c1ccccc1,,423.sdf,0,1.3463287353515625,2.645458698272705,10.438968658447266,18.15106201171875
pocketxmol_kat5_sma_atlas_ext,use,sbdd,,Nc1ncnc2c1ncn2C1CC(OP(=O)(O)S)C(COP(=O)(O)O)O1,,424.sdf,0,1.2622196674346924,2.479991912841797,11.197150230407717,17.797748565673828
pocketxmol_kat5_sma_atlas_ext,use,sbdd,,Nc1ncnc2c1ncn2CNC1C(O)OC(COP(=O)(O)O)C1O,,425.sdf,0,1.2063839435577393,2.506035804748535,11.32137966156006,17.951711654663086
pocketxmol_kat5_sma_atlas_ext,use,sbdd,,CP(=O)(O)OP(=O)(O)OCC1OC(n2cnc3c2=NNC=NC=3N)C(O)C1O,,426.sdf,0,1.2924877405166626,2.4431605339050293,10.812212944030762,17.924962997436523
pocketxmol_kat5_sma_atlas_ext,use,sbdd,,C=C1NC(P(=O)(O)O)C(Cc2ccc(C(=O)O)cc2)C(F)=C1Nc1nc(=O)[nH]c(O)c1N,,427.sdf,0,1.2984620332717896,2.562363386154175,10.542852401733398,18.291433334350582
pocketxmol_kat5_sma_atlas_ext,use,sbdd,,Nc1ncnc2c1ncn2C1OC(COP(=O)(O)O[PH]2(O)OP(=O)(O)O2)C(O)C1O,,428.sdf,0,1.2375478744506836,2.4740450382232666,11.07235622406006,17.96421241760254
pocketxmol_kat5_sma_atlas_ext,use,sbdd,,Nc1ncnc2c1ncn2C(CCCP(=O)(O)O)Cc1ccccc1,,429.sdf,0,1.3511390686035156,2.65118408203125,11.513633728027344,17.980003356933594
pocketxmol_kat5_sma_atlas_ext,use,sbdd,,O=c1ccc(-c2[nH+]c(-c3ccccc3)sc2Nc2ccccc2)c[nH]1,,430.sdf,0,1.4119268655776978,2.683332920074463,10.764376640319824,18.34638023376465
pocketxmol_kat5_sma_atlas_ext,use,sbdd,,O=C(NCCc1ccccc1)N(Cc1ccc(Cl)cc1)Cc1ccc(Cl)cc1,,431.sdf,0,1.3557361364364624,2.7278525829315186,11.321328163146973,18.97863006591797
pocketxmol_kat5_sma_atlas_ext,use,sbdd,,O=P(O)(O)c1cc(-c2ccc3ccccc3c2)c2ccc(-c3ccncc3)cc2n1,,432.sdf,0,1.5307809114456177,2.866354465484619,11.37709140777588,18.33183479309082
pocketxmol_kat5_sma_atlas_ext,use,sbdd,,Nc1ncnc2c1ncn2C1OC1C(O)C(O)COP(=O)(O)OP(=O)(O)O,,433.sdf,0,1.1927037239074707,2.1834545135498047,10.744208335876465,16.88803482055664
pocketxmol_kat5_sma_atlas_ext,use,sbdd,,Cc1cc(CN(CCP(=O)(O)O)Cc2ccc(-c3ccccn3)cc2)ccc1N,,434.sdf,0,1.346782684326172,2.808071613311768,11.17780876159668,18.683942794799805
pocketxmol_kat5_sma_atlas_ext,use,sbdd,,CC(P(=O)(O)O)P(=O)(O)OP(=O)(O)OCC1OC(n2cnc3c(N)ncnc32)CC(O)C1O,,435.sdf,0,1.254989743232727,2.4273414611816406,11.116854667663574,18.3337631225586
pocketxmol_kat5_sma_atlas_ext,use,sbdd,,Cc1c[nH]n2c([SH](=O)(O)O)nc(CCc3ccccc3)c3ccccc3cc-2c1,,436.sdf,0,1.2842124700546265,2.328972816467285,8.868680000305176,17.05414581298828
pocketxmol_kat5_sma_atlas_ext,use,sbdd,,COc1ccc2c(c1)[nH]c1c3cc(F)[nH+]cc3nc(CCCC[PH](O)(O)O)c21,,437.sdf,0,1.3892767429351809,2.685436964035034,9.542661666870115,17.738691329956055
pocketxmol_kat5_sma_atlas_ext,use,sbdd,,Cc1ccc2c(c1)-c1c3c(c(P(=O)(O)O)nc1=C2c1ccccc1)=NC(C(=O)O)=N3,,438.sdf,0,1.3961163759231567,2.645197629928589,9.80252170562744,17.967187881469727
pocketxmol_kat5_sma_atlas_ext,use,sbdd,,Cc1ccc(C(Cn2cnc3c(=O)[nH]c(N)nc32)CP(=O)(O)OP(=O)(O)O)cc1,,439.sdf,0,1.3126400709152222,2.6358864307403564,11.653634071350098,18.23217391967773
pocketxmol_kat5_sma_atlas_ext,use,sbdd,,,bad,440-bad.sdf,0,1.345923900604248,2.6116018295288086,11.209881782531738,18.25196075439453
pocketxmol_kat5_sma_atlas_ext,use,sbdd,,O=C(NCCCc1nc2cccccc-2n1)c1cccc2ccccc12,,441.sdf,0,1.3423216342926023,2.631878137588501,10.526158332824709,17.49479103088379
pocketxmol_kat5_sma_atlas_ext,use,sbdd,,,bad,442-bad.sdf,0,1.401424765586853,2.6911284923553467,10.496593475341797,18.335289001464844
pocketxmol_kat5_sma_atlas_ext,use,sbdd,,Nc1ncnc2c1ncn2C1OC(OP(=O)(O)OP(=O)(O)O)C(O)C1O,,443.sdf,0,1.282261848449707,2.445979595184326,11.23434829711914,17.53195571899414
pocketxmol_kat5_sma_atlas_ext,use,sbdd,,O=C(O)CNC(=O)c1ccc(-c2cccnc2Nc2ccccc2)cc1,,444.sdf,0,1.4520132541656494,2.6589367389678955,10.667229652404783,18.274112701416016
pocketxmol_kat5_sma_atlas_ext,use,sbdd,,O=P(O)(O)COP(=O)(O)OC1OC([n+]2cnnc3cncnc32)C(O)C1O,,445.sdf,0,1.2326356172561646,2.433429479598999,10.511162757873535,17.987743377685547
pocketxmol_kat5_sma_atlas_ext,use,sbdd,,,bad,446-bad.sdf,0,1.241266131401062,2.5353119373321533,11.169119834899902,18.42803192138672
pocketxmol_kat5_sma_atlas_ext,use,sbdd,,Nc1ncnc2c1ncn2C1CC(O)C(COP(=O)(O)OP(=O)(O)O)O1,,447.sdf,0,1.3695567846298218,2.52280855178833,11.454462051391602,17.663558959960938
pocketxmol_kat5_sma_atlas_ext,use,sbdd,,OC(Cc1cncnc1)=NC(c1ccc(Cl)c(Cl)c1)c1ccccn1,,448.sdf,0,1.3340336084365845,2.646278142929077,11.039267539978027,18.29634475708008
pocketxmol_kat5_sma_atlas_ext,use,sbdd,,c1cnc(C2=NC3=C4CCCC(Nc5ccnc6[nH]cnc56)C4=N[N+]3=N2)[nH+]c1,,449.sdf,0,1.309879183769226,2.5975687503814697,9.4917573928833,17.592453002929688
pocketxmol_kat5_sma_atlas_ext,use,sbdd,,Nc1ncnc2c1ncn2C1OC(COP(=O)(O)OP(=O)(O)O)C(O)C(O)C1O,,450.sdf,0,1.3166276216506958,2.4630229473114014,11.409027099609377,17.81220817565918
pocketxmol_kat5_sma_atlas_ext,use,sbdd,,O=c1nc(O)ccc(C=Nc2c3c4ccccc4[nH]cc-3c3ccccc23)[n+]1O,,451.sdf,0,1.3399598598480225,2.450661420822144,10.778303146362305,17.42272186279297
pocketxmol_kat5_sma_atlas_ext,use,sbdd,,O=C(O)c1ccc(OC(C(O)COP(=O)(O)O)n2cnc(=O)c3ncnc-3c2)cc1,,452.sdf,0,1.314080834388733,2.524820566177368,10.172796249389648,17.977094650268555
pocketxmol_kat5_sma_atlas_ext,use,sbdd,,Cc1cccc2cc(C(c3ccccc3)C(CP(=O)(O)O)C(N)=O)ccc12,,453.sdf,0,1.3447015285491943,2.639639139175415,11.917946815490724,18.09016227722168
pocketxmol_kat5_sma_atlas_ext,use,sbdd,,O=[N+](O)c1ccc2c(NCc3ccccc3)c3c(O)nnnc3nc2c1,,454.sdf,0,1.413272500038147,2.6090495586395264,11.226680755615234,17.654163360595703
pocketxmol_kat5_sma_atlas_ext,use,sbdd,,O=[PH](=O)(O)Oc1[nH]nc(-c2ccccc2)c1-c1ccc2ccccc2c1,,455.sdf,0,1.4322224855422974,2.7062222957611084,10.983494758605955,17.7663516998291
pocketxmol_kat5_sma_atlas_ext,use,sbdd,,Cc1cccc(-c2ccc3nc(P(=O)(O)O)cc(-c4ccccc4)c3c2)c1,,456.sdf,0,1.4438118934631348,2.826327085494995,11.455780029296877,18.303688049316406
pocketxmol_kat5_sma_atlas_ext,use,sbdd,,O=P(O)(O)c1nc(-c2ccccc2)nc2c(-c3ccccc3)c3ccccc3n12,,457.sdf,0,1.4606739282608032,2.781591415405273,11.043013572692873,18.166353225708008
pocketxmol_kat5_sma_atlas_ext,use,sbdd,,N=c1nc2n3nc(nc3[nH]1)C(=O)NCc1cccc(c1)-c1ccccc1CC2,,458.sdf,0,1.3358830213546753,2.6925175189971924,10.671792984008787,18.42796897888184
pocketxmol_kat5_sma_atlas_ext,use,sbdd,,,bad,459-bad.sdf,0,1.3078747987747192,2.638232469558716,11.302938461303713,18.131820678710938
pocketxmol_kat5_sma_atlas_ext,use,sbdd,,CC1=C2N=C(CO[PH](O)(O)O)[N+](CC(O)C(O)CCOP(=O)(O)O)=C2C=NC1=O,,460.sdf,0,1.2000517845153809,2.4011106491088867,9.896538734436035,17.46664810180664
pocketxmol_kat5_sma_atlas_ext,use,sbdd,,Cc1ccc2c(c1)-c1nc(C)nc3ncn(c13)C2CC=CCP(=O)(O)O,,461.sdf,0,1.34767484664917,2.583217144012451,10.084054946899414,17.695655822753906
pocketxmol_kat5_sma_atlas_ext,use,sbdd,,,bad,462-bad.sdf,0,1.1889002323150637,2.473453998565674,11.229787826538086,18.449312210083008
pocketxmol_kat5_sma_atlas_ext,use,sbdd,,Nc1ncnc2c1ncn2C1OC(CCOP(=O)(O)O[PH](O)(O)O)C(O)C1O,,463.sdf,0,1.3418034315109253,2.6451516151428223,11.301352500915527,18.099889755249023
pocketxmol_kat5_sma_atlas_ext,use,sbdd,,Cc1ccc2c(Cc3ccccc3)c3nc(P(=O)(O)O)[nH]c3c(=O)nc2c1,,464.sdf,0,1.4326971769332886,2.573208332061768,10.366209983825684,18.06049919128418
pocketxmol_kat5_sma_atlas_ext,use,sbdd,,,bad,465-bad.sdf,0,1.4284560680389404,2.642493724822998,10.994285583496094,18.181081771850582
pocketxmol_kat5_sma_atlas_ext,use,sbdd,,O=C(NCNCc1ccnc2c(O)cccc12)Nc1cccc2cccnc12,,466.sdf,0,1.4376776218414309,2.7403600215911865,11.229763984680176,17.954740524291992
pocketxmol_kat5_sma_atlas_ext,use,sbdd,,Cc1ccc2cc3c(c4c2c1N=C4)C1C(C(=O)O)=NC(C(=O)O)=C1C3,,467.sdf,0,1.3226335048675537,2.383251428604126,9.429325103759766,17.363645553588867
pocketxmol_kat5_sma_atlas_ext,use,sbdd,,OC1=C2NN(c3ccc(F)cc3)C3=C2C(=C2C=Nc4ccccc4N12)NC=N3,,468.sdf,0,1.433396339416504,2.6659109592437744,10.634873390197754,17.646913528442383
pocketxmol_kat5_sma_atlas_ext,use,sbdd,,O=P(O)(O)OCC(CO)OC(COP(=O)(O)O)c1ncnc2cncnc12,,469.sdf,0,1.219053030014038,2.3236773014068604,10.786046981811523,17.556560516357422
pocketxmol_kat5_sma_atlas_ext,use,sbdd,,CC(=Nc1ccccc1)C(=O)NC(c1ccccc1)c1cnc2ccccc2c1,,470.sdf,0,1.4156525135040283,2.710916519165039,10.88687229156494,18.44881057739257
pocketxmol_kat5_sma_atlas_ext,use,sbdd,,O=P(O)(O)CNc1cc2sc3nncn3c2cc1Cc1ccccc1,,471.sdf,0,1.3893524408340454,2.68253755569458,11.150851249694824,18.23567008972168
pocketxmol_kat5_sma_atlas_ext,use,sbdd,,Nc1c(-c2ccccc2)cc(-c2ccccc2)c2ncc(NC(=O)O)n12,,472.sdf,0,1.4064592123031616,2.716444730758667,10.502549171447754,17.881914138793945
pocketxmol_kat5_sma_atlas_ext,use,sbdd,,Nc1nnc2c(ncn2C2CC(=O)N(COP(=O)(O)O)C2CO[PH](O)(O)O)n1,,473.sdf,0,1.2477829456329346,2.377448558807373,10.077290534973145,17.68174171447754
pocketxmol_kat5_sma_atlas_ext,use,sbdd,,O=C1C(CP(=O)(O)O)=CCCN1c1cnc2c3c(cc(-c4ccccc4)cc13)C=CC=C2,,474.sdf,0,1.406387209892273,2.6997880935668945,10.949115753173828,18.469955444335938
pocketxmol_kat5_sma_atlas_ext,use,sbdd,,O=P(O)(O)OP(=O)(O)OC1OC([n+]2cnc(O)c3cncnc32)CC(O)C1O,,475.sdf,0,1.2974351644515991,2.5466763973236084,10.750459671020508,17.802696228027344
pocketxmol_kat5_sma_atlas_ext,use,sbdd,,,bad,476-bad.sdf,0,1.305755615234375,2.4100348949432373,9.698798179626465,17.686113357543945
pocketxmol_kat5_sma_atlas_ext,use,sbdd,,O=C1CSC(Nc2[nH]c(-c3cc[nH+]c4ccccc34)cc2-c2ccccc2)=N1,,477.sdf,0,1.4198881387710571,2.726550579071045,11.539627075195312,18.310985565185547
pocketxmol_kat5_sma_atlas_ext,use,sbdd,,Cc1ccc2c3c(c(O)nc2c1)=C1C=CC=CC=C1NC=3c1ccc2ccccc2c1,,478.sdf,0,1.3591511249542236,2.661146402359009,9.791725158691406,17.614116668701172
pocketxmol_kat5_sma_atlas_ext,use,sbdd,,O=c1ccc2cc3c4ccccc4c(-c4ncn[nH]4)c-3ccc2[nH]1,,479.sdf,0,1.3342753648757937,2.4789342880249023,9.324806213378906,17.173870086669922
pocketxmol_kat5_sma_atlas_ext,use,sbdd,,Nc1ncnc2c1ncn2CC(COP(=O)(O)O)C(OP(=O)(O)O)C(=O)O,,480.sdf,0,1.2625030279159546,2.484160900115967,11.08383083343506,17.795923233032227
pocketxmol_kat5_sma_atlas_ext,use,sbdd,,O=P(O)(O)CNc1nc(-c2cnc3ccccc3c2)c2ccccc2n1,,481.sdf,0,1.405820608139038,2.803779125213623,12.529449462890623,18.18844985961914
pocketxmol_kat5_sma_atlas_ext,use,sbdd,,,bad,482-bad.sdf,0,1.2592533826828003,2.5441324710845947,10.04600715637207,17.61577033996582
pocketxmol_kat5_sma_atlas_ext,use,sbdd,,CN(C)c1ccc(C(=Nc2no[nH]c2=O)c2nc(-c3cnn[nH]3)[nH+]o2)cc1,,483.sdf,0,1.324250340461731,2.4718472957611084,9.656436920166016,18.15732192993164
pocketxmol_kat5_sma_atlas_ext,use,sbdd,,,bad,484-bad.sdf,0,1.2040016651153564,2.3095450401306152,10.137466430664062,16.51358413696289
pocketxmol_kat5_sma_atlas_ext,use,sbdd,,Oc1ccc2c(-c3ccccc3)[nH]c(-c3cc(-c4ccccc4)n[nH]3)c2c1,,485.sdf,0,1.3864918947219849,2.696444272994995,9.21399211883545,18.00986671447754
pocketxmol_kat5_sma_atlas_ext,use,sbdd,,Nc1ccn(CC2OC(C(COP(=O)(O)O)OP(=O)(O)O)CC2O)c(=O)n1,,486.sdf,0,1.2172846794128418,2.5583362579345703,10.918155670166016,18.39776611328125
pocketxmol_kat5_sma_atlas_ext,use,sbdd,,OC1=Nc2cccc3oc(-c4ccc(O)cc4)c(c23)CC=NC1=C(O)O,,487.sdf,0,1.2096092700958252,2.408393383026123,10.587717056274414,17.751720428466797
pocketxmol_kat5_sma_atlas_ext,use,sbdd,,Cn1c2ccccc2c2c3c4c(cc(=O)c21)c1ccccc1[n+]-4c1c3=CC=C1,,488.sdf,0,1.4041310548782349,2.4566118717193604,9.391862869262695,17.361604690551758
pocketxmol_kat5_sma_atlas_ext,use,sbdd,,CC(CO[PH](O)(O)O)CC(=O)[N+]1=c2ccccc2=c2c1ccc1c2=NC(=O)NC1=O,,489.sdf,0,1.3986413478851318,2.601783037185669,10.843308448791504,17.913022994995117
pocketxmol_kat5_sma_atlas_ext,use,sbdd,,O=C(O)c1cccc2c(-c3cc(Cc4ccccc4)c4[nH+]cncc4c3O)c[nH]c12,,490.sdf,0,1.458232879638672,2.5928328037261963,10.11742877960205,17.806074142456055
pocketxmol_kat5_sma_atlas_ext,use,sbdd,,Nc1nc(=O)c2ncn(C3CCCC(O[PH](O)(O)OP(=O)(O)O)C3)c2[nH]1,,491.sdf,0,1.290000557899475,2.49163818359375,10.208471298217772,17.719728469848633
pocketxmol_kat5_sma_atlas_ext,use,sbdd,,O=C1NC(=O)c2c1cc(-c1ccc(O)cc1)c[n+]2CC1CC(O)C(OP(=O)(O)O)CO1,,492.sdf,0,1.3003365993499756,2.511593580245972,10.648221015930176,17.985803604125977
pocketxmol_kat5_sma_atlas_ext,use,sbdd,,Nc1ncnc2c1ncn2C1OC(CP(=O)(O)OP(=O)(O)O)C(O)C1O,,493.sdf,0,1.3201854228973389,2.504588842391968,11.5455322265625,17.722957611083984
pocketxmol_kat5_sma_atlas_ext,use,sbdd,,Cc1ccc(Cc2cc3nc(C)ccc3cc2C=CC(P(=O)(O)O)P(=O)(O)O)cc1,,494.sdf,0,1.3844534158706665,2.697359800338745,10.495458602905272,18.326345443725582
pocketxmol_kat5_sma_atlas_ext,use,sbdd,,Nc1ncnc2c1ncn2C1OC(COP(=O)(O)OP(=O)(O)O)C(O)C1O,,495.sdf,0,1.3839964866638184,2.582764148712158,11.47923183441162,18.067607879638672
pocketxmol_kat5_sma_atlas_ext,use,sbdd,,COc1ccc(C2=[N+]3C=CC=C3c3ccc(C(=O)NC(C)=O)cc32)cc1,,496.sdf,0,1.3667091131210327,2.61271071434021,10.970979690551758,17.858572006225586
pocketxmol_kat5_sma_atlas_ext,use,sbdd,,O=C(O)c1cccc(-c2nn(Cc3ccccc3)cc2-c2ccccc2)c1,,497.sdf,0,1.3822087049484253,2.73255467414856,11.39411449432373,18.339187622070312
pocketxmol_kat5_sma_atlas_ext,use,sbdd,,COc1ccc(CC(C(=O)NCC(=O)O)c2cc3c(C)nc(C)nc3s2)cc1,,498.sdf,0,1.376286506652832,2.653743028640747,11.658080101013184,18.803682327270508
pocketxmol_kat5_sma_atlas_ext,use,sbdd,,Nc1ccccc1-c1nnc(Nc2nc3ccccc3nc2Cc2ccccc2)o1,,499.sdf,0,1.412592887878418,2.722630262374878,10.588764190673828,18.46060371398925
pocketxmol_kat5_sma_atlas_ext,use,sbdd,,O=c1nc(O)cc(C2=CC(c3ccccc3)=CNc3ccccc32)[nH+]c1O,,500.sdf,0,1.292600154876709,2.55165958404541,9.827070236206056,17.452259063720703
pocketxmol_kat5_sma_atlas_ext,use,sbdd,,O=c1[nH]c(C2=CC([PH](O)(O)OP(=O)(O)O)CC=C2)c(-c2ccc3c(c2)CCC3)c(=O)[nH]1,,501.sdf,0,1.314079761505127,2.568392515182495,10.50734806060791,18.161272048950195
pocketxmol_kat5_sma_atlas_ext,use,sbdd,,Nc1ncnc2c1ncn2C(O)C1OC(OC(=O)NP(=O)(O)OP(=O)(O)O)C1F,,502.sdf,0,1.189063310623169,2.261018753051758,10.51084804534912,17.586118698120117
pocketxmol_kat5_sma_atlas_ext,use,sbdd,,Nc1ncnc2c1ncn2C1CC(O)C(O)C(CCOP(=O)(O)O)O1,,503.sdf,0,1.225561499595642,2.4218943119049072,11.37005615234375,17.5435848236084
pocketxmol_kat5_sma_atlas_ext,use,sbdd,,Nc1nc[nH]c2c(C(=CC3CP(=O)(O)O[PH](O)(O)O3)c3ccccc3)cnc1-2,,504.sdf,0,1.2866125106811523,2.5220909118652344,10.739726066589355,18.03116798400879
pocketxmol_kat5_sma_atlas_ext,use,sbdd,,Oc1nnc2nc(-c3c[nH]c(-c4ccccc4)c3)c(-c3ccc(Cl)cc3)c-2[nH]1,,505.sdf,0,1.456143498420715,2.6942646503448486,9.56471061706543,18.39420509338379
pocketxmol_kat5_sma_atlas_ext,use,sbdd,,CC(NC1=CC(c2ccc(Cl)cc2)=Cc2cc([N+](=O)O)ccc2N1)P(=O)(O)O,,506.sdf,0,1.3810865879058838,2.599891662597656,11.01943302154541,17.95701026916504
pocketxmol_kat5_sma_atlas_ext,use,sbdd,,Nc1nc(=O)c2ncn(C3OC(C(O)C(CP(=O)(O)O)P(=O)(O)O)C(O)C3O)c2[nH]1,,507.sdf,0,1.2467973232269287,2.489141702651977,11.10362434387207,17.953510284423828
pocketxmol_kat5_sma_atlas_ext,use,sbdd,,Cc1ccccc1Cc1c(-c2noc(P(=O)(O)O)[nH+]2)[nH]c2ccccc12,,508.sdf,0,1.3275961875915527,2.4246065616607666,9.869260787963867,17.870912551879883
pocketxmol_kat5_sma_atlas_ext,use,sbdd,,NC1=Nc2[nH+]c3n(c2NC=N1)C1OC(CCOP(=O)(O)OP(=O)(O)OCN3)C(O)C1O,,509.sdf,0,1.3165316581726074,2.567026138305664,10.923884391784668,18.341737747192383
pocketxmol_kat5_sma_atlas_ext,use,sbdd,,CC(CCP(=O)(O)O)N(Cc1cccnc1)c1ccc2c(N)ncnc2c1,,510.sdf,0,1.386924386024475,2.666604518890381,10.922480583190918,17.895179748535156
pocketxmol_kat5_sma_atlas_ext,use,sbdd,,COc1nc2ncnc(-c3ccccc3)c2cc1C(=O)Nc1cccc(F)c1,,511.sdf,0,1.4019322395324707,2.7072715759277344,10.611620903015137,18.353736877441406
pocketxmol_kat5_sma_atlas_ext,use,sbdd,,Nc1ncnc2c1NC=CN2C1OC(COP(=O)(O)OP(=O)(O)O)CC(O)C1O,,512.sdf,0,1.3431566953659058,2.6911089420318604,11.308989524841309,18.161457061767575
pocketxmol_kat5_sma_atlas_ext,use,sbdd,,Cc1cccc(-c2ncccc2OC(=Cc2ccc(F)cc2)C(=O)O)c1,,513.sdf,0,1.3252872228622437,2.6821062564849854,11.04527759552002,18.355669021606445
pocketxmol_kat5_sma_atlas_ext,use,sbdd,,O=P(O)(O)OOc1ccc(-c2ccccc2)cc1Cc1cccc(Cl)c1,,514.sdf,0,1.3471155166625977,2.781471014022827,11.115583419799805,18.353818893432617
pocketxmol_kat5_sma_atlas_ext,use,sbdd,,Cc1ccc(-c2cccc(Nc3c(O)ncnc3[PH](=O)(=O)O)c2)nc1,,515.sdf,0,1.4233108758926392,2.64475679397583,10.825340270996094,17.833467483520508
pocketxmol_kat5_sma_atlas_ext,use,sbdd,,Oc1ncccc1C(O)c1ccc(NC(O)c2cccc3cccnc23)cc1,,516.sdf,0,1.5116451978683472,2.6389546394348145,10.079191207885742,18.186710357666016
pocketxmol_kat5_sma_atlas_ext,use,sbdd,,CC1(C)CC(C(c2ccccc2)c2c[nH]n3c2cc2ccccc23)=C(O)N1,,517.sdf,0,1.3063323497772217,2.5618958473205566,10.220340728759766,17.89498519897461
pocketxmol_kat5_sma_atlas_ext,use,sbdd,,Oc1cc2n[n+]3c(c4nc[nH+]c(n1)c24)=C(c1ccc[nH+]c1)C=C3Cc1ccccc1,,518.sdf,0,1.4392197132110596,2.7647125720977783,10.011272430419922,18.34712600708008
pocketxmol_kat5_sma_atlas_ext,use,sbdd,,CC(=O)NC1=C(O)n2cccc3c4c2c(ccc(F)c-4c2cccc(N)c23)=N1,,519.sdf,0,1.2456547021865845,2.358689069747925,8.988337516784668,16.95329475402832
pocketxmol_kat5_sma_atlas_ext,use,sbdd,,C[n+]1cnc(N)c2ncn(COC(COP(=O)(O)O)C(O)COP(=O)(O)O)c21,,520.sdf,0,1.1967517137527466,2.4457108974456787,10.795576095581056,17.494068145751953
pocketxmol_kat5_sma_atlas_ext,use,sbdd,,O=C(O)c1ccccc1-c1nc(-c2ccccc2)cc(-c2ccccc2)c1O,,521.sdf,0,1.4629788398742676,2.752281188964844,10.780256271362305,18.192501068115234
pocketxmol_kat5_sma_atlas_ext,use,sbdd,,O=C(O)c1cc2c(CCc3ccccc3)c3ccccc3n2c2c(=O)n(O)ccc12,,522.sdf,0,1.367337346076965,2.511214017868042,10.085597038269045,17.702119827270508
pocketxmol_kat5_sma_atlas_ext,use,sbdd,,,bad,523-bad.sdf,0,1.2843835353851318,2.4520437717437744,10.95028018951416,17.300607681274414
pocketxmol_kat5_sma_atlas_ext,use,sbdd,,Cn1cc2c(n1)-c1cccc(c1)C(=O)c1cccc(c1)-c1nncn1CCC2,,524.sdf,0,1.4538285732269287,2.7707040309906006,11.550528526306152,18.938507080078125
pocketxmol_kat5_sma_atlas_ext,use,sbdd,,O=c1oc2c3ccc(O)cc3cc(CCNCP(=O)(O)O)c2c2ccccc12,,525.sdf,0,1.4827297925949097,2.7391488552093506,11.344313621520996,17.81876564025879
pocketxmol_kat5_sma_atlas_ext,use,sbdd,,Cc1nc(-c2nc3ccccc3cc2Cc2ccc3ccccc3c2)ns1,,526.sdf,0,1.464971661567688,2.809746265411377,11.075087547302246,18.067832946777344
pocketxmol_kat5_sma_atlas_ext,use,sbdd,,Nc1cc2n(c3ccccc13)c1ccccc1[n+]2Cc1c[nH]c(=O)[nH]c1=O,,527.sdf,0,1.4830937385559082,2.746596336364746,11.282549858093262,18.007484436035156
pocketxmol_kat5_sma_atlas_ext,use,sbdd,,CC(=O)Nc1ccc(COc2cc(Cc3ccccc3)ccc2O)cc1O,,528.sdf,0,1.3678590059280396,2.701206922531128,11.398309707641602,18.56162643432617
pocketxmol_kat5_sma_atlas_ext,use,sbdd,,Cc1ccc(C(=O)N=C(O)c2ccccc2)c2c1N2.c1ccc2ccccc2c1,incomp,529-incomp.sdf,0,1.3041571378707886,2.574009656906128,9.69864273071289,17.873937606811523
pocketxmol_kat5_sma_atlas_ext,use,sbdd,,Cc1cccc2cc(C(=O)N(CP(=O)(O)O)c3ccc4ccccc4c3)ccc12,,530.sdf,0,1.4851303100585938,2.833513021469116,11.534152030944824,18.106687545776367
pocketxmol_kat5_sma_atlas_ext,use,sbdd,,O=c1[nH]c(=O)c2c(CC=CC=Cc3ccccc3O)c(-c3cccc(O)c3)ncc2[nH]1,,531.sdf,0,1.3970030546188354,2.6633989810943604,10.640908241271973,18.38011932373047
pocketxmol_kat5_sma_atlas_ext,use,sbdd,,Cn1ncc2cc(NC(=O)CP(=O)(O)O)c(-c3ccc4ccccc4c3)cc21,,532.sdf,0,1.4022444486618042,2.6995084285736084,10.910578727722168,17.723934173583984
pocketxmol_kat5_sma_atlas_ext,use,sbdd,,O=C(O)c1ccc(Cc2cc3c4ccccc4nn3c3cccc(F)c23)cc1,,533.sdf,0,1.4795628786087036,2.7278409004211426,10.729118347167969,18.012025833129883
pocketxmol_kat5_sma_atlas_ext,use,sbdd,,O=C(O)c1cc(-c2cc3ccccc3[nH]c2=O)cc(N2CCCC2)c1,,534.sdf,0,1.5187355279922483,2.7842319011688232,11.832659721374512,18.196401596069336
pocketxmol_kat5_sma_atlas_ext,use,sbdd,,Nc1nc2c(-c3ccccc3)c(OP(=O)(O)OP(=O)(O)O)ccc2c(=O)[nH]1,,535.sdf,0,1.44376802444458,2.599728345870972,11.152430534362791,17.81157875061035
pocketxmol_kat5_sma_atlas_ext,use,sbdd,,C[N+]1=NC(=O)c2cc(Cc3ccc(C(=O)O)c(O)c3)c(-c3ccccc3)cc21,,536.sdf,0,1.4011284112930298,2.6421122550964355,11.14492130279541,18.25784683227539
pocketxmol_kat5_sma_atlas_ext,use,sbdd,,C[n+]1nc(-c2[nH+]ccs2)oc1SCC(Oc1ccc(Cl)c(Cl)c1)c1ccccc1,,537.sdf,0,1.263703465461731,2.563112258911133,10.798168182373049,18.78468513488769
pocketxmol_kat5_sma_atlas_ext,use,sbdd,,N=c1nc[nH]c2c1ncn2C1CC(O)C(O)C(OP(=O)(O)OP(=O)(O)O)O1,,538.sdf,0,1.26341712474823,2.409407138824463,11.270773887634276,17.63164520263672
pocketxmol_kat5_sma_atlas_ext,use,sbdd,,O=P(O)(O)CCNc1nc2ccccc2c2ccc3ccccc3c12,,539.sdf,0,1.3781156539916992,2.787844657897949,12.311478614807127,17.712024688720703
pocketxmol_kat5_sma_atlas_ext,use,sbdd,,CC1(CCOP(=O)(O)OP(=O)(O)O)OC(n2cnc3c(N)ncnc32)CC1O,,540.sdf,0,1.2978941202163696,2.507231473922729,11.0438232421875,17.685285568237305
pocketxmol_kat5_sma_atlas_ext,use,sbdd,,Nc1ncnc2c1ncc[n+]2C1OCC(OP(=O)(O)OP(=O)(O)O)C1O,,541.sdf,0,1.2328801155090332,2.404383659362793,10.517373085021973,17.51228904724121
pocketxmol_kat5_sma_atlas_ext,use,sbdd,,Cn1nc2c3cc(ccc31)OP(=O)(O)OP(=O)(O)OCc1cccc(F)c1NC2,,542.sdf,0,1.3608109951019287,2.6753625869750977,10.713590621948242,18.29522705078125
pocketxmol_kat5_sma_atlas_ext,use,sbdd,,COc1ccc2ccc3cc4ccc3c2c1CNc1cccc(c1)S(=O)(=O)NC4,,543.sdf,0,1.3583984375,2.641247034072876,11.34325885772705,18.071687698364254
pocketxmol_kat5_sma_atlas_ext,use,sbdd,,CC1=C(c2ccccc2)NN2C(=C1)N(C(C)C(=O)Nc1ccccc1)c1ccccc12,,544.sdf,0,1.384190320968628,2.778859853744507,10.89605712890625,18.45145797729492
pocketxmol_kat5_sma_atlas_ext,use,sbdd,,,bad,545-bad.sdf,0,1.426486253738403,2.737603187561035,9.954197883605955,18.67042350769043
pocketxmol_kat5_sma_atlas_ext,use,sbdd,,Oc1cccc(COc2cc(-c3ccccn3)c(O)nc2-c2ccccc2)c1,,546.sdf,0,1.4064280986785889,2.725004196166992,10.82196044921875,18.447099685668945
pocketxmol_kat5_sma_atlas_ext,use,sbdd,,O=P(O)(O)OCC1Cc2cnc3ccccc3c2CN(c2ccccc2)C1.O=[PH](O)O,incomp,547-incomp.sdf,0,1.2938647270202637,2.575412511825561,10.658501625061035,18.28412628173828
pocketxmol_kat5_sma_atlas_ext,use,sbdd,,Nc1nc2c(ncn2C2CC(O)C(CCOP(=O)(O)OP(=O)(O)O)O2)c(=O)[nH]1,,548.sdf,0,1.2806898355484009,2.4916272163391118,10.747053146362305,17.94561195373535
pocketxmol_kat5_sma_atlas_ext,use,sbdd,,O=[N+](O)c1cc(OC=C(O)O)c2c(ccc3c4ccccc4ccc32)c1,,549.sdf,0,1.4424488544464111,2.717397928237915,11.66087245941162,17.727394104003906
pocketxmol_kat5_sma_atlas_ext,use,sbdd,,N=C1N=C2N=C3OC(CO)(CO)COP(O)(=S)OP(=O)(O)OCC(O)C[N+]3=C2C(=O)N1,,550.sdf,0,1.1805777549743652,2.312798500061035,10.151544570922852,17.615446090698242
pocketxmol_kat5_sma_atlas_ext,use,sbdd,,CC(CN(CC1=CN=C2C(=O)N=CN=C12)c1ccccc1)OP(=O)(O)O,,551.sdf,0,1.3214149475097656,2.552746057510376,10.889204978942871,17.721336364746094
pocketxmol_kat5_sma_atlas_ext,use,sbdd,,,bad,552-bad.sdf,0,1.2194238901138306,2.3603413105010986,10.986875534057617,17.952077865600586
pocketxmol_kat5_sma_atlas_ext,use,sbdd,,COC(=O)c1cccc2c(CCCNS(=O)(=O)c3cc(C(=O)O)ccn3)cccc12,,553.sdf,0,1.3610179424285889,2.552738666534424,10.545374870300293,18.01446533203125
pocketxmol_kat5_sma_atlas_ext,use,sbdd,,Cn1c(=O)[nH]c(=O)c2ccc(NC(=O)CNC(=O)c3ccc(S(N)(=O)=O)cc3)cc21,,554.sdf,0,1.3876641988754272,2.714806079864502,11.306138038635254,18.54439926147461
pocketxmol_kat5_sma_atlas_ext,use,sbdd,,OC(=NCc1cccc2c1OCO2)c1ccc2c(c1)NC=CC=N2,,555.sdf,0,1.3636512756347656,2.5735924243927,11.583285331726074,17.524845123291016
pocketxmol_kat5_sma_atlas_ext,use,sbdd,,O=C(O)CC(=O)Nc1nc2ccccc2cc1-c1ccc(F)cc1,,556.sdf,0,1.3916341066360474,2.723147392272949,11.59300708770752,18.178447723388672
pocketxmol_kat5_sma_atlas_ext,use,sbdd,,OC(Nc1cc(-c2cccc[nH+]2)cc2c1[nH]c1ccccc12)c1ccc[nH+]c1,,557.sdf,0,1.447452187538147,2.7082889080047607,10.466443061828613,18.093059539794922
pocketxmol_kat5_sma_atlas_ext,use,sbdd,,O=P(O)(O)ON=C(c1ccc(-c2ccccn2)cc1)c1ccc2ccccc2c1,,558.sdf,0,1.4631965160369873,2.863223075866699,11.55178451538086,18.573257446289062
pocketxmol_kat5_sma_atlas_ext,use,sbdd,,,bad,559-bad.sdf,0,1.2444359064102173,2.3674914836883545,9.709121704101562,17.130619049072266
pocketxmol_kat5_sma_atlas_ext,use,sbdd,,,bad,560-bad.sdf,0,1.3649803400039673,2.6380560398101807,11.090466499328613,17.702754974365234
pocketxmol_kat5_sma_atlas_ext,use,sbdd,,Cc1ccc2c(c1)oc1c3ccc(O)cc3c(NC(=O)CS(=O)(=O)O)cc21,,561.sdf,0,1.3987890481948853,2.6738970279693604,11.33851146697998,17.766963958740234
pocketxmol_kat5_sma_atlas_ext,use,sbdd,,CN1C(=O)Nc2c(-c3c[nH+]c4ccccc4c3)cc3cccnc3c2C=C1O,,562.sdf,0,1.4947906732559204,2.723999261856079,10.188857078552246,17.639028549194336
pocketxmol_kat5_sma_atlas_ext,use,sbdd,,Cc1ccccc1-c1cc(NCP(=O)(O)O)c2c3cccccc-3nc2n1,,563.sdf,0,1.4263228178024292,2.630751609802246,10.476387977600098,17.918691635131836
pocketxmol_kat5_sma_atlas_ext,use,sbdd,,O=C(O)c1ccc2ncc3cnc(-c4ccccc4)cc3c2c1,,564.sdf,0,1.5321688652038574,2.851731300354004,11.341203689575195,17.95009422302246
pocketxmol_kat5_sma_atlas_ext,use,sbdd,,Nc1ncnc2c1ncn2C1OC(COP(=O)(O)OP(=O)(O)O)C(O)C1F,,565.sdf,0,1.3549402952194214,2.594796895980835,11.505288124084473,18.11851692199707
pocketxmol_kat5_sma_atlas_ext,use,sbdd,,O=C(O)C=CCCC(=O)NC(c1ccc(Cl)cc1)c1c[nH]c2ccccc12,,566.sdf,0,1.3730813264846802,2.7350828647613525,11.527478218078613,18.738452911376953
pocketxmol_kat5_sma_atlas_ext,use,sbdd,,,bad,567-bad.sdf,0,1.2960392236709595,2.7095947265625,10.63573932647705,17.897357940673828
pocketxmol_kat5_sma_atlas_ext,use,sbdd,,NC1=NC(=O)C2=NC=[N+](C3OCOP(=O)(O)OP(=O)(O)OCC(O)C4OC3C4O)C2=N1,,568.sdf,0,1.2294844388961792,2.460458517074585,11.151737213134766,18.373991012573242
pocketxmol_kat5_sma_atlas_ext,use,sbdd,,NC1=C2NC=NC3=C2N(C=N1)C1C3C1C(COP(=O)(O)O)c1ccccc1,,569.sdf,0,1.2791399955749512,2.3564023971557617,10.186827659606934,17.45261573791504
pocketxmol_kat5_sma_atlas_ext,use,sbdd,,Cc1nc2[nH]c3ccccc3c2nc1-c1cc(-c2cccc(F)c2)[nH+]cn1,,570.sdf,0,1.5279353857040405,2.791015148162842,10.447308540344238,18.45295524597168
pocketxmol_kat5_sma_atlas_ext,use,sbdd,,Cc1ccc2c(-c3[nH]c(P(=O)(O)OP(=O)(O)O)c4ccccc34)coc2c1,,571.sdf,0,1.343643069267273,2.5711207389831543,10.582527160644531,17.51582145690918
pocketxmol_kat5_sma_atlas_ext,use,sbdd,,Nc1ncnc2c1ncc(Cc1ccccc1)[n+]2CC(O)=CCOP(=O)(O)O,,572.sdf,0,1.3862745761871338,2.6441233158111572,11.869585990905762,18.36094093322754
pocketxmol_kat5_sma_atlas_ext,use,sbdd,,Nc1nc2c(ncn2C2OC(CO[PH](O)(O)OP(=O)(O)O)C(O)C2O)c(=O)[nH]1,,573.sdf,0,1.325087308883667,2.611675500869751,11.641792297363281,18.187944412231445
pocketxmol_kat5_sma_atlas_ext,use,sbdd,,O=c1[nH]nc(-c2ccc[nH+]c2)nc2c3ccccc3c(-c3ccccc3)c1-2,,574.sdf,0,1.391099214553833,2.7291367053985596,10.467144012451172,17.742916107177734
pocketxmol_kat5_sma_atlas_ext,use,sbdd,,O=c1cc2c(nc(-c3ccccc3)c3c4ccccc4nn23)nc(=O)[nH]1,,575.sdf,0,1.4749336242675781,2.687333583831787,11.162368774414062,17.774211883544922
pocketxmol_kat5_sma_atlas_ext,use,sbdd,,O=P(O)(O)ON=C(O)C(c1ccc2ccccc2c1)c1ccc2nccnc2c1,,576.sdf,0,1.4047802686691284,2.8083064556121826,11.316641807556152,18.061569213867188
pocketxmol_kat5_sma_atlas_ext,use,sbdd,,Nc1c(O)nc(-c2c(-c3ccccc3)cc(-c3ccco3)nc2O)nc1[SH](=O)(O)O,,577.sdf,0,1.4334367513656616,2.7134053707122803,10.512594223022461,18.410293579101562
pocketxmol_kat5_sma_atlas_ext,use,sbdd,,C=C(C=CP(=O)(O)O)C(c1ccccc1)c1c[nH]c2ccccc12,,578.sdf,0,1.3202325105667114,2.589583396911621,11.289008140563965,18.01863670349121
pocketxmol_kat5_sma_atlas_ext,use,sbdd,,,bad,579-bad.sdf,0,1.1611875295639038,2.4405295848846436,10.637770652770996,17.92706871032715
pocketxmol_kat5_sma_atlas_ext,use,sbdd,,COc1ccc(-c2nc(Cc3ccccc3)nn3c2nc2ccccc23)cc1,,580.sdf,0,1.5001102685928345,2.8658878803253174,11.115099906921387,18.648731231689453
pocketxmol_kat5_sma_atlas_ext,use,sbdd,,,bad,581-bad.sdf,0,1.36541748046875,2.4792661666870117,10.788500785827637,17.905683517456055
pocketxmol_kat5_sma_atlas_ext,use,sbdd,,Cc1ncnc2c1ncn2CC1=NC(P(=O)(O)O)C=C(c2ccccc2)O1,,582.sdf,0,1.3681668043136597,2.6073625087738037,10.841882705688477,18.116249084472656
pocketxmol_kat5_sma_atlas_ext,use,sbdd,,Cc1cc2c(cc1N)c(-c1cc3nccnc3oc1=O)nc1ccccc12,,583.sdf,0,1.47380793094635,2.751474380493164,9.977354049682617,17.579193115234375
pocketxmol_kat5_sma_atlas_ext,use,sbdd,,CCN1C(=O)Cn2c(n[nH+]c2C)C=CC(C(=O)O)NCc2c[nH]c3ccc1cc23,,584.sdf,0,1.2236915826797485,2.6167967319488525,10.480673789978027,18.44801139831543
pocketxmol_kat5_sma_atlas_ext,use,sbdd,,Cc1cccc2c(-c3ccc(F)cc3)c3nc(=O)n4[nH+]cnc4c3c-2[nH]1,,585.sdf,0,1.3877267837524414,2.5246660709381104,9.156078338623047,17.346689224243164
pocketxmol_kat5_sma_atlas_ext,use,sbdd,,OC(C=C(Cc1ccccc1)Nc1ccc(Cl)cc1)=Nc1ccccc1,,586.sdf,0,1.3507124185562134,2.7580180168151855,10.867365837097168,18.84241485595703
pocketxmol_kat5_sma_atlas_ext,use,sbdd,,Cc1ccc2nc(NC(C)P(=O)(O)O)c(-c3nc(-c4ccccc4)cs3)c-2cc1,,587.sdf,0,1.3786767721176147,2.683736562728882,11.312378883361816,18.270156860351562
pocketxmol_kat5_sma_atlas_ext,use,sbdd,,COc1ccc2c(c1)c(C(O)C(=O)Nc1nn[nH]n1)cc1ccccc12,,588.sdf,0,1.3998768329620361,2.7432360649108887,11.179234504699707,17.989416122436523
pocketxmol_kat5_sma_atlas_ext,use,sbdd,,Nc1ncn(C2OC(COP(=O)(O)NOP(=O)(O)O)C(O)C(O)C2O)c2ncnc1-2,,589.sdf,0,1.1679530143737793,2.455538749694824,10.783291816711426,18.149904251098633
pocketxmol_kat5_sma_atlas_ext,use,sbdd,,O=[SH](O)(O)c1nnc2c(n1)c1ccc(O)cc1c1oc3ccccc3c21,,590.sdf,0,1.4225925207138062,2.620781421661377,10.484429359436035,17.536426544189453
pocketxmol_kat5_sma_atlas_ext,use,sbdd,,COc1ccc(CC2C(O)=NNC2(O)C(=O)NCc2ccccc2)cc1,,591.sdf,0,1.2175031900405884,2.6504833698272705,11.495651245117188,18.74712371826172
pocketxmol_kat5_sma_atlas_ext,use,sbdd,,C=C1Cc2cc([N+](=O)O)c(O)cc2OCC(P(=O)(O)O)C(O)=COP(=O)(O)O1,,592.sdf,0,1.225555658340454,2.3817782402038574,9.613458633422852,17.61750030517578
pocketxmol_kat5_sma_atlas_ext,use,sbdd,,Cc1cc2cc(c1)C1=[N+](CC(C)CCOP(=O)(O)OP(=O)(O)OC2)C(=O)N(C)C1=O,,593.sdf,0,1.3065944910049438,2.5849547386169434,10.527243614196777,18.263803482055664
pocketxmol_kat5_sma_atlas_ext,use,sbdd,,O=C(Nc1ccccc1)c1cc(-c2ccccc2)c2nnc(P(=O)(O)O)n2c1,,594.sdf,0,1.427861213684082,2.70630145072937,11.298225402832031,18.374229431152344
pocketxmol_kat5_sma_atlas_ext,use,sbdd,,CC1=C(C(NCCP(=O)(O)O)c2ccccc2)C2=Cc3ccccc3[N+]2=[NH+]1,,595.sdf,0,1.3266220092773438,2.584791421890259,11.280351638793945,18.02350616455078
pocketxmol_kat5_sma_atlas_ext,use,sbdd,,Cc1cccc(C(=Cc2ccccc2)CCCP(=O)(O)O)c1,,596.sdf,0,1.3170967102050781,2.6487350463867188,10.070099830627441,18.132795333862305
pocketxmol_kat5_sma_atlas_ext,use,sbdd,,Nc1ncnc2c1ncn2C1CC(O)C(COP2(=O)OP(=O)(O)O2)O1,,597.sdf,0,1.2706992626190186,2.394447088241577,11.374700546264648,17.673059463500977
pocketxmol_kat5_sma_atlas_ext,use,sbdd,,Oc1c(Cl)ccc(N=CC(c2ccc(Cl)cc2)c2cccc3ccccc23)c1O,,598.sdf,0,1.42766535282135,2.7035491466522217,10.669249534606934,18.59369659423828
pocketxmol_kat5_sma_atlas_ext,use,sbdd,,,bad,599-bad.sdf,0,1.362268328666687,2.5310323238372803,10.74252986907959,17.890785217285156
