data_id,db,task,key,smiles,tag,filename,i_repeat,cfd_traj,cfd_pos,cfd_node,cfd_edge
pocketxmol_peak1_sma_atlas_ext,use,sbdd,,Nc1ncnc2c1ncn2C1OC2OP(=O)(O)OP(=O)(O)OP(=O)(O)OC2C1O,,0.sdf,0,1.3614473342895508,2.6071322,11.587463,18.83155
pocketxmol_peak1_sma_atlas_ext,use,sbdd,,N=c1ncnc2c(n1)NC1C2OC(COP(=O)(O)OP(=O)(O)O)C1O[PH](=O)(=O)O,,1.sdf,0,1.330380082130432,2.5167599,10.250593,18.574638
pocketxmol_peak1_sma_atlas_ext,use,sbdd,,Nc1ncnc2c1ncc[n+]2C1OC(COP(=O)(O)OP(=O)(O)O)C(O)C1O,,2.sdf,0,1.4491842985153198,2.7540376,11.666832,19.029049
pocketxmol_peak1_sma_atlas_ext,use,sbdd,,Nc1ncnc2c1ncn2C1OC(OP(=O)(O)OP(=O)(O)O)C(O)C1O,,3.sdf,0,1.43345844745636,2.6929078,11.68332,18.834423
pocketxmol_peak1_sma_atlas_ext,use,sbdd,,Nc1ncnc2c1ncn2CC(CO[PH](=O)(=O)O)C1OC1(O)C(O)COP(=O)(O)O,,4.sdf,0,1.272078514099121,2.4049706,10.861329,18.275845
pocketxmol_peak1_sma_atlas_ext,use,sbdd,,Cc1nc2c(C(N)=O)cc[nH]c-2nc1=O.O=P(O)(O)OCC1OC(OP(=O)(O)O)C(O)C1O,incomp,5-incomp.sdf,0,1.31658935546875,2.5714269,10.476759,19.421104
pocketxmol_peak1_sma_atlas_ext,use,sbdd,,O=C1NC=CC(CP(=O)(O)OP(=O)(O)OCCN(P(=O)(O)O)P(=O)(O)O)C1=O,,6.sdf,0,1.228650450706482,2.2876256,9.984633,18.533745
pocketxmol_peak1_sma_atlas_ext,use,sbdd,,O=c1ncccn1C1OC(CCOP(=O)(O)O)C(O)C1OP(=O)(O)O,,7.sdf,0,1.319920301437378,2.664154,10.575092,18.718208
pocketxmol_peak1_sma_atlas_ext,use,sbdd,,Cc1cc2c3nc(c(=O)[nH]c3c1)[NH+]1CCN(CC1)Cc1nccc([nH+]1)CC2,,8.sdf,0,1.4430943727493286,2.6973984,9.016985,18.721712
pocketxmol_peak1_sma_atlas_ext,use,sbdd,,Nc1ncnc2c1ccc[n+]2C1COC(COP(=O)(O)NP(=O)(O)O)C(O)C1O,,9.sdf,0,1.3876440525054932,2.5568585,10.373007,18.53326
pocketxmol_peak1_sma_atlas_ext,use,sbdd,,O=CC1C(O)C(CO)C(O)(C(=O)C2OCC3OC(O)C(O)C(O)C3O2)C1C(=O)O,,10.sdf,0,1.1910431385040283,2.229191,10.470791,18.41083
pocketxmol_peak1_sma_atlas_ext,use,sbdd,,Nc1ncn(C2C(OP(=O)(O)OP(=O)(O)O)C(COP(=O)(O)O)C3OC32)c2ncnc1-2,,11.sdf,0,1.3070353269577026,2.5008447,10.828348,18.812098
pocketxmol_peak1_sma_atlas_ext,use,sbdd,,Nc1nc(=O)c2ncn(C3OC(COP(=O)(O)O)CC3(O)COP(=O)(O)O)[nH]c1=2,,12.sdf,0,1.3359718322753906,2.4610014,10.79164,18.316706
pocketxmol_peak1_sma_atlas_ext,use,sbdd,,Nc1cc[n+](C2OC(COP(=O)(O)OP(=O)(O)O)C(O)C2O)c2[n+]1=CN=2,,13.sdf,0,1.313631892204285,2.547214,10.431982,18.462524
pocketxmol_peak1_sma_atlas_ext,use,sbdd,,Nc1ncnc2c1ncn2CC1OC(O)(COP(=O)(O)O)C(O)C1OP(=O)(O)O,,14.sdf,0,1.3131897449493408,2.372939,10.895589,18.321405
pocketxmol_peak1_sma_atlas_ext,use,sbdd,,O=c1ccn(C2COC(COP(=O)(O)OP(=O)(O)NP(=O)(O)S)C(O)C2)c(=O)[nH]1,,15.sdf,0,1.4015332460403442,2.6726105,11.067971,19.46608
pocketxmol_peak1_sma_atlas_ext,use,sbdd,,Nc1c(NC2OC(CCOP(=O)(O)OP(=O)(O)O)C(O)C2O)[nH]c(=O)[nH]c1=O,,16.sdf,0,1.3082406520843506,2.6212268,11.115938,19.058771
pocketxmol_peak1_sma_atlas_ext,use,sbdd,,O=c1[nH]cnc2c1ncn2C1OC(COP(=O)(O)OP(=O)(O)O)C(O)C1O,,17.sdf,0,1.4583218097686768,2.7443025,11.915816,19.022503
pocketxmol_peak1_sma_atlas_ext,use,sbdd,,Cc1cnc(C2=N[N+](C3OC(C(O)OP(=O)(O)O)C(O)C3O)=CC2=O)[nH+]c1N,,18.sdf,0,1.4076913595199585,2.6061409,10.152272,18.249264
pocketxmol_peak1_sma_atlas_ext,use,sbdd,,Cc1ccc2c(c1)=C(COP(=O)(O)O)N(C)c1c(n(C)c(=O)n(C)c1=O)N=2,,19.sdf,0,1.4354327917099,2.6159875,10.534096,17.801483
pocketxmol_peak1_sma_atlas_ext,use,sbdd,,CC1(COP(=O)(O)OP(=O)(O)NP(=O)(O)O)OC(n2cncc3ncnc2-3)CC1O,,20.sdf,0,1.3358569145202637,2.4786541,10.351408,18.495026
pocketxmol_peak1_sma_atlas_ext,use,sbdd,,Nc1ncnc2c1ncn2C1C(OP(=O)(O)OP(=O)(O)O)CC(COP(=O)(O)O)C1O,,21.sdf,0,1.3301101922988892,2.5118103,11.01354,18.624998
pocketxmol_peak1_sma_atlas_ext,use,sbdd,,O=c1ccn(C2OC(CO[PH](=O)(=O)NP3(=O)OP(=O)(O)O3)C(O)C2O)c(=O)[nH]1,,22.sdf,0,1.335429072380066,2.6430986,11.730096,19.703068
pocketxmol_peak1_sma_atlas_ext,use,sbdd,,O=S(=O)(NCC1CCCN(c2ccc(Cl)cn2)C1)Nc1cccc2ccccc12,,23.sdf,0,1.4588491916656494,2.7877553,10.759816,18.905184
pocketxmol_peak1_sma_atlas_ext,use,sbdd,,Cc1c[n+](C2OC(OP(=O)(O)O)C(OP(=O)(O)OP3(=O)OP(=O)(O)O3)C2O)cnc1O,,24.sdf,0,1.2815455198287964,2.4283597,10.51639,19.009712
pocketxmol_peak1_sma_atlas_ext,use,sbdd,,O=C(O)CC1Cc2nc3c(=O)[nH]c(=O)nc-3[nH]c2CC1OP(=O)(O)O,,25.sdf,0,1.3316199779510498,2.54772,9.739769,18.030102
pocketxmol_peak1_sma_atlas_ext,use,sbdd,,Nc1[nH]nc2c1ncn2C1COC(COP(=O)(O)O)C1OP(=O)(O)O,,26.sdf,0,1.31016743183136,2.5817268,10.657092,18.402237
pocketxmol_peak1_sma_atlas_ext,use,sbdd,,Nc1ccc(NC2OC(COP(=O)(O)OP3(=O)OP(=O)(O)O3)C(O)C2O)nc1N,,27.sdf,0,1.2788002490997314,2.5927489,10.451114,19.001266
pocketxmol_peak1_sma_atlas_ext,use,sbdd,,Nc1ncnc2c1ncn2C1OC(CCOP(=O)(O)O)C(OP(=O)(O)O)C1O,,28.sdf,0,1.420188546180725,2.7786129,11.643313,18.937637
pocketxmol_peak1_sma_atlas_ext,use,sbdd,,,bad,29-bad.sdf,0,1.3322912454605105,2.6457129,11.430269,18.596931
pocketxmol_peak1_sma_atlas_ext,use,sbdd,,O=C1CC2COP(=O)(O)CP(=O)(O)OC(OP(=O)(O)O)c3cccc(c3)CN1C2=O,,30.sdf,0,1.3340744972229004,2.618008,10.341512,19.581362
pocketxmol_peak1_sma_atlas_ext,use,sbdd,,Nc1ncnc2c1NC=CN2C1OC(COP(=O)(O)OP(=O)(O)O)C(O)C1O,,31.sdf,0,1.4767253398895264,2.778383,11.544578,19.280046
pocketxmol_peak1_sma_atlas_ext,use,sbdd,,,bad,32-bad.sdf,0,1.3182414770126345,2.5008304,10.436026,18.559412
pocketxmol_peak1_sma_atlas_ext,use,sbdd,,CC1CCc2nc(=O)cc([nH]2)C(=O)NCC(=O)n2cncc2COP(=O)(O)OP(=O)(O)O1,,33.sdf,0,1.3346569538116455,2.7380438,10.58183,19.220242
pocketxmol_peak1_sma_atlas_ext,use,sbdd,,Cc1ccc(C(=O)C(CC(=O)OP(=O)(O)O)NCc2ccc(F)cc2)cc1,,34.sdf,0,1.4014837741851809,2.7342436,9.257053,18.748898
pocketxmol_peak1_sma_atlas_ext,use,sbdd,,,bad,35-bad.sdf,0,1.3469113111495972,2.5284014,11.3734665,18.59091
pocketxmol_peak1_sma_atlas_ext,use,sbdd,,,bad,36-bad.sdf,0,1.3428655862808228,2.4015124,9.546733,18.233812
pocketxmol_peak1_sma_atlas_ext,use,sbdd,,O=P1(O)OP(=O)(OCC2OC(Cn3cnc4cncnc43)C(O)C2O)O1,,37.sdf,0,1.334344506263733,2.6700602,11.517262,18.66883
pocketxmol_peak1_sma_atlas_ext,use,sbdd,,CP(=O)(S)OC(CCOP(=O)(O)O)C(O)Cn1cnc2c(N)ncnc21,,38.sdf,0,1.3612514734268188,2.5187433,10.491243,18.371538
pocketxmol_peak1_sma_atlas_ext,use,sbdd,,CC(=O)OC1CC(C(=O)Cn2nnc3c(N)ncnc32)OC1COP(N)(=O)O,,39.sdf,0,1.3921247720718384,2.7606254,10.494527,19.10535
pocketxmol_peak1_sma_atlas_ext,use,sbdd,,O=[N+](O)c1cncnc1N1CC(Oc2ccc(F)cc2)C(F)C1COP(=O)(O)O,,40.sdf,0,1.3695321083068848,2.444753,9.902483,18.270685
pocketxmol_peak1_sma_atlas_ext,use,sbdd,,Nc1ncnc2c1C=[N+]2C1OC(C(COP(=O)(O)NP(=O)(O)O)OP(=O)(O)O)C1O,,41.sdf,0,1.2271419763565063,2.3771148,10.690389,18.37973
pocketxmol_peak1_sma_atlas_ext,use,sbdd,,Nc1ncnc2c1ncn2C1OC(COP(=O)(O)O)C(OP(=O)=O)C1O,,42.sdf,0,1.4569543600082395,2.7313993,11.589421,18.64237
pocketxmol_peak1_sma_atlas_ext,use,sbdd,,O=c1ccn(C2OC(OP(=O)(O)O)C(COP(=O)(O)O)C2O)c(=O)[nH]1,,43.sdf,0,1.3382667303085327,2.6350524,11.695237,19.320398
pocketxmol_peak1_sma_atlas_ext,use,sbdd,,O=C(O)OC(=O)NP(=O)(O)OCC1OC(n2ccc(=O)[nH]c2=O)C(O)C1O,,44.sdf,0,1.3578394651412964,2.5579855,9.830059,19.237164
pocketxmol_peak1_sma_atlas_ext,use,sbdd,,CNc1nc(Nc2ccc3ccccc3n2)c(C)c(-c2ccc(NC(C)=O)cc2)n1,,45.sdf,0,1.5885390043258667,2.8254163,10.795154,18.610277
pocketxmol_peak1_sma_atlas_ext,use,sbdd,,NC(=O)c1c[n+](C2OC(P(=O)(O)O)C(O)C2OP(=O)(O)OP(=O)(O)O)cnc1N,,46.sdf,0,1.32226824760437,2.5554547,10.6434,18.927588
pocketxmol_peak1_sma_atlas_ext,use,sbdd,,O=C(O)CCC1CC(c2ccc(O)cc2)N(Cc2ccnc3cccnc23)C1,,47.sdf,0,1.4578814506530762,2.8658566,11.047528,18.940664
pocketxmol_peak1_sma_atlas_ext,use,sbdd,,,bad,48-bad.sdf,0,1.3135088682174685,2.6525192,11.350155,18.812752
pocketxmol_peak1_sma_atlas_ext,use,sbdd,,Nc1c(C(=O)O)cnn1-c1cccn1C(=O)c1ccc2ncc(C(=O)O)cc2c1,,49.sdf,0,1.4454022645950315,2.5353181,9.217797,17.92296
pocketxmol_peak1_sma_atlas_ext,use,sbdd,,Nc1ncnc2c1nnc[n+]2C1OC(COP(=O)(O)OP(=O)(O)O)C(O)C1O,,50.sdf,0,1.4334477186203003,2.7190873622894287,10.858758926391602,19.17381477355957
pocketxmol_peak1_sma_atlas_ext,use,sbdd,,Nc1cccc(-n2nc3c4nc5ccccc5[nH+]c4nc-3[nH]c2=O)c1O,,51.sdf,0,1.5476715564727783,2.822011232376098,10.378636360168455,17.692914962768555
pocketxmol_peak1_sma_atlas_ext,use,sbdd,,Nc1ncnc2c1ncn2C1OC(C(OP(=O)(O)O)OP(=O)(O)O)C(O)C1O,,52.sdf,0,1.4007006883621216,2.69974946975708,11.917744636535645,18.916826248168945
pocketxmol_peak1_sma_atlas_ext,use,sbdd,,O=C1N=CN=C2C1=NC=[N+]2C1C(COP(=O)(O)O)OC(COP(=O)(O)O)C1O,,53.sdf,0,1.3584173917770386,2.6766045093536377,11.59560489654541,18.92339134216309
pocketxmol_peak1_sma_atlas_ext,use,sbdd,,Nc1ncnc2c1nc1n2C(O)C(O)C1COP(=O)(O)O.O=P1(O)OP(=O)(O)O1,incomp,54-incomp.sdf,0,1.3144268989562988,2.482616901397705,10.727509498596191,18.49387550354004
pocketxmol_peak1_sma_atlas_ext,use,sbdd,,CN(C)C(=O)C1CC(C(O)C(=O)Oc2ccc(F)cc2)C(C(=O)O)N1,,55.sdf,0,1.2996411323547363,2.3704938888549805,9.898670196533203,18.27995491027832
pocketxmol_peak1_sma_atlas_ext,use,sbdd,,Nc1ncnc2c1ncn2C(O)C(O)C(COP(=O)(O)O[PH](=O)(=O)O)O[PH](=O)O,,56.sdf,0,1.2596434354782104,2.572721242904663,11.062460899353027,18.565629959106445
pocketxmol_peak1_sma_atlas_ext,use,sbdd,,O=P(O)(O)OCC1OCC(n2cnc3cncnc32)OC1OP(=O)(O)O,,57.sdf,0,1.3442261219024658,2.5944032669067383,10.857735633850098,18.48174095153809
pocketxmol_peak1_sma_atlas_ext,use,sbdd,,Nc1ncnc2c1ncn2C1CC(OP(=O)(O)OP(=O)(O)O)C(COP(=O)(O)O)O1,,58.sdf,0,1.3285638093948364,2.711422920227051,11.677900314331056,18.94391250610352
pocketxmol_peak1_sma_atlas_ext,use,sbdd,,Nc1ncnc2c1ncn2C1OC(P(=O)(O)O)CC(OCOP(=O)(O)NP(=O)(O)O)C1O,,59.sdf,0,1.338395595550537,2.5994038581848145,11.083711624145508,18.930727005004883
pocketxmol_peak1_sma_atlas_ext,use,sbdd,,,bad,60-bad.sdf,0,1.4260549545288086,2.680790662765503,11.671507835388184,18.959646224975582
pocketxmol_peak1_sma_atlas_ext,use,sbdd,,Cc1cc2c(cc1C)[N+]1=C(N=C3C(=O)NC(=O)N=C31)OC(COP(=O)(O)O)O2,,61.sdf,0,1.4389207363128662,2.6477410793304443,10.971272468566896,18.43067741394043
pocketxmol_peak1_sma_atlas_ext,use,sbdd,,CC1=N[N+]2=Nc3c(ncn(C)c3=O)[N+]2=C1C(O)CC(O)COP(=O)(O)O,,62.sdf,0,1.311193823814392,2.287245988845825,9.48158073425293,17.46102523803711
pocketxmol_peak1_sma_atlas_ext,use,sbdd,,N[n+]1cnc2n(C3OC(COP(=O)(O)O)(COP(=O)(O)O)C3F)cccc1-2,,63.sdf,0,1.264440655708313,2.371490001678467,9.56678867340088,18.32550621032715
pocketxmol_peak1_sma_atlas_ext,use,sbdd,,Nc1ncnc2c1ncn2C1COC(P(=O)(O)O)C1OP(=O)(O)NP(=O)(O)O,,64.sdf,0,1.3918226957321167,2.4817452430725098,10.541372299194336,18.64734268188477
pocketxmol_peak1_sma_atlas_ext,use,sbdd,,COC(COC(CO)COP(=O)(O)O)C(O)CN=C(O)c1ccnc2cccnc12,,65.sdf,0,1.3693541288375854,2.809587240219116,10.991384506225586,19.475431442260746
pocketxmol_peak1_sma_atlas_ext,use,sbdd,,O=C(O)C1OCC(COP(=O)(O)OP(=O)(O)O)C2OP(=O)(O)O[PH](=O)(=O)OC12,,66.sdf,0,1.221445918083191,2.234076023101806,9.752157211303713,19.228178024291992
pocketxmol_peak1_sma_atlas_ext,use,sbdd,,Nc1ncnc2c1ncn2C1CC(OP(=O)(O)O)C(OP(=O)(O)OP(=O)(O)O)O1,,67.sdf,0,1.3695743083953855,2.7021615505218506,11.231748580932615,18.902687072753903
pocketxmol_peak1_sma_atlas_ext,use,sbdd,,O=C(O)c1cccc(CC2CN(c3[nH]cnc4ncnc3-4)C(COP(=O)(O)O)C2=O)c1,,68.sdf,0,1.4102988243103027,2.7467503547668457,10.63188934326172,18.83687210083008
pocketxmol_peak1_sma_atlas_ext,use,sbdd,,Nc1ncnc2c1ncn2C1OC(OP(=O)(O)C[PH](=O)(=O)O)C(O)C1O,,69.sdf,0,1.4647773504257202,2.615442514419556,10.89064598083496,18.304916381835938
pocketxmol_peak1_sma_atlas_ext,use,sbdd,,,bad,70-bad.sdf,0,1.2469531297683716,2.261446952819824,9.97414779663086,19.068187713623047
pocketxmol_peak1_sma_atlas_ext,use,sbdd,,,bad,71-bad.sdf,0,1.387322187423706,2.6732213497161865,11.24251937866211,18.784034729003903
pocketxmol_peak1_sma_atlas_ext,use,sbdd,,Nc1ncnc2c1ncn2C1OC(OP(=O)(O)COP(=O)(O)O)C(O)C1O,,72.sdf,0,1.3778939247131348,2.6157116889953613,11.253321647644045,18.91667938232422
pocketxmol_peak1_sma_atlas_ext,use,sbdd,,,bad,73-bad.sdf,0,1.3473351001739502,2.465529680252075,10.939077377319336,18.390365600585938
pocketxmol_peak1_sma_atlas_ext,use,sbdd,,Nc1nc(O)c2ncn(C3OC(COP(=O)(O)O)C(OP(=O)(O)O)C3O)c2n1,,74.sdf,0,1.407071590423584,2.6416447162628174,11.450514793395996,18.6469841003418
pocketxmol_peak1_sma_atlas_ext,use,sbdd,,C[N+]1=NC(=O)c2ncn(C3OC(OP(=O)(O)OP(=O)(O)O)C(O)C3O)c21,,75.sdf,0,1.3301106691360474,2.606730937957764,10.853818893432615,18.551591873168945
pocketxmol_peak1_sma_atlas_ext,use,sbdd,,C=C(C(=O)NCC)C(OC(=O)c1ccccc1O)c1ccccc1,,76.sdf,0,1.4868122339248655,2.8169565200805664,10.505806922912598,19.5572566986084
pocketxmol_peak1_sma_atlas_ext,use,sbdd,,O=c1ncn(C2OC(COP(=O)(O)O)C(O)C2OP(=O)(O)O)c2ncnc-2n1,,77.sdf,0,1.3563826084136963,2.6841752529144287,11.180088996887209,18.63353538513184
pocketxmol_peak1_sma_atlas_ext,use,sbdd,,NC(=O)c1cccc(CNOP(=O)(O)O[PH](O)(O)OCCC(=O)C2=CC=CC2)c1,,78.sdf,0,1.3121272325515747,2.700701713562012,9.234633445739746,19.451919555664062
pocketxmol_peak1_sma_atlas_ext,use,sbdd,,Nc1nnc2c(nnc(=O)n2C2CC(O)C(CO[PH](O)(O)N[PH](=O)(=O)O)O2)n1,,79.sdf,0,1.384571552276611,2.6718573570251465,10.659523963928224,18.807435989379883
pocketxmol_peak1_sma_atlas_ext,use,sbdd,,Nc1ncnc2c1ncn2C1OC(COP(=O)(O)OP(=O)(O)O)C(O)C1O,,80.sdf,0,1.4564337730407717,2.800947427749634,11.866722106933594,19.0257625579834
pocketxmol_peak1_sma_atlas_ext,use,sbdd,,Cn1c[n+](CCNC(=O)c2n[nH]n2-c2cccc(Cl)c2)c2[nH]c(=O)[nH]c(=O)c21,,81.sdf,0,1.445607304573059,2.71085786819458,11.00524616241455,18.30698776245117
pocketxmol_peak1_sma_atlas_ext,use,sbdd,,,bad,82-bad.sdf,0,1.3428057432174685,2.669677495956421,10.973170280456545,18.33432388305664
pocketxmol_peak1_sma_atlas_ext,use,sbdd,,Nc1c(O)nc(=O)[nH]c1NC1CC2(COP(=O)(O)OP(N)(=O)O)OC1C2O,,83.sdf,0,1.2223284244537354,2.3740832805633545,10.801841735839844,18.27605056762696
pocketxmol_peak1_sma_atlas_ext,use,sbdd,,Nc1ncnc2nccnc12.O=P(O)(O)OCC1OC(OP(=O)(O)O)C(O)C1O,incomp,84-incomp.sdf,0,1.392108917236328,2.7254443168640137,11.162553787231444,19.14754295349121
pocketxmol_peak1_sma_atlas_ext,use,sbdd,,Nc1ncnc2c1ncn2C1OC(COP(=O)(O)OP(=O)(O)O)C1OP(=O)(O)O,,85.sdf,0,1.342336893081665,2.525317430496216,11.1499662399292,18.58587646484375
pocketxmol_peak1_sma_atlas_ext,use,sbdd,,Nc1cnc2c(ncn2C2CC(O)C(F)(COP(=O)(O)OP(=O)(O)O)O2)n1,,86.sdf,0,1.3405346870422363,2.595252513885498,10.505209922790527,18.232166290283203
pocketxmol_peak1_sma_atlas_ext,use,sbdd,,Nc1c[nH]c2c1ncn2C(O)C(=O)OC(COP(=O)(O)O)C(F)C(F)COP(=O)(O)O,,87.sdf,0,1.3011645078659058,2.4822747707366943,10.07974624633789,18.614171981811523
pocketxmol_peak1_sma_atlas_ext,use,sbdd,,O=C(O)c1ccc2c(ccc3cc(=O)n4c(cc32)nc2c(CO)c(=O)[nH]c(=O)n24)c1,,88.sdf,0,1.5034284591674805,2.5778403282165527,9.260007858276367,17.4915828704834
pocketxmol_peak1_sma_atlas_ext,use,sbdd,,Nc1nc(O)c2ncn(C3OC4OP(=O)(OP(=O)(O)OP(=O)(O)O)OC4C3O)c2n1,,89.sdf,0,1.3573428392410278,2.6475305557250977,10.957014083862305,18.713361740112305
pocketxmol_peak1_sma_atlas_ext,use,sbdd,,CCN(c1n[nH]c(-c2ccccc2)n1)C(Cc1cc(C)ccc1O)C(=O)O,,90.sdf,0,1.4069324731826782,2.792633533477783,10.564460754394531,18.81679344177246
pocketxmol_peak1_sma_atlas_ext,use,sbdd,,,bad,91-bad.sdf,0,1.1758334636688232,2.334237813949585,9.682348251342772,17.866804122924805
pocketxmol_peak1_sma_atlas_ext,use,sbdd,,COc1ccc(C(=O)c2nc(-c3ccncn3)n(-c3ccc(C)cc3)c2C)cc1,,92.sdf,0,1.582155704498291,2.841359853744507,9.911693572998049,18.923933029174805
pocketxmol_peak1_sma_atlas_ext,use,sbdd,,CCOC(=O)c1nnc(S(=O)(=O)c2ccc(F)cc2)c(Nc2cccc(C)c2)n1,,93.sdf,0,1.5279645919799805,2.757655143737793,10.51682472229004,19.181095123291016
pocketxmol_peak1_sma_atlas_ext,use,sbdd,,N=C(O)CCc1nc(N2CCCCC2c2ccccc2)nc(=O)[nH]c1=O,,94.sdf,0,1.3459397554397583,2.7308335304260254,10.059019088745115,18.907039642333984
pocketxmol_peak1_sma_atlas_ext,use,sbdd,,Nc1ncnc2c1ncn2C1OC2C(O)C(NP(=O)(O)O)OP(=O)(O)OC2C1O,,95.sdf,0,1.313912868499756,2.452373743057251,11.148378372192385,18.614011764526367
pocketxmol_peak1_sma_atlas_ext,use,sbdd,,CP(=O)(O)OP(=O)(O)OCC1OCC(n2cnc3c(N)ncc-3c2)CC1O,,96.sdf,0,1.3055033683776855,2.425376892089844,9.908814430236816,18.008323669433594
pocketxmol_peak1_sma_atlas_ext,use,sbdd,,Nc1nc2n(C3OC(OP(=O)(O)O)C3(O)COP(=O)(O)O)cncc-2c(=O)n1,,97.sdf,0,1.342889666557312,2.5330615043640137,10.829625129699709,18.26461410522461
pocketxmol_peak1_sma_atlas_ext,use,sbdd,,NC(O)Nc1c2n(c(=O)[nH]c1=O)CC(C(O)C1OP(=O)(O)OP(=O)(O)OP(=O)(O)O1)N2,,98.sdf,0,1.3042751550674438,2.470062017440796,10.838604927062988,18.619308471679688
pocketxmol_peak1_sma_atlas_ext,use,sbdd,,O=C1N=CN=C2N=C(C3C(O)C(O)C(O)C4OP(=O)(O)OP(=O)(O)OC43)N=C12,,99.sdf,0,1.317153811454773,2.6645638942718506,11.185437202453612,18.652681350708008
pocketxmol_peak1_sma_atlas_ext,use,sbdd,,O=C1C(OP(=O)(O)CP(=O)(O)NP(=O)(O)O)CC(COP(=O)(O)O)C1[PH](O)(O)O,,100.sdf,0,1.290692925453186,2.600269556045532,10.164456367492676,19.588756561279297
pocketxmol_peak1_sma_atlas_ext,use,sbdd,,,bad,101-bad.sdf,0,1.3434555530548096,2.5424091815948486,10.914202690124512,18.44417762756348
pocketxmol_peak1_sma_atlas_ext,use,sbdd,,NC1=NC(=O)C2=CN(C3OC(COP(=O)(O)OP(=O)(O)OP(=O)(O)O)C(O)C3O)C2=N1,,102.sdf,0,1.3071835041046145,2.5470521450042725,11.496023178100586,19.123937606811523
pocketxmol_peak1_sma_atlas_ext,use,sbdd,,Nc1ncnc2c1ncn2C1CC(O)C(C(OP(=O)(O)NP(=O)(O)O)OP(=O)(O)OP(=O)(O)O)O1,,103.sdf,0,1.35059916973114,2.6520256996154785,11.234227180480955,19.1573429107666
pocketxmol_peak1_sma_atlas_ext,use,sbdd,,Nc1ncnc2c1ncn2C1OC(OP(=O)(O)O)C(OP(=O)(O)O)C(O)C1O,,104.sdf,0,1.3244863748550415,2.5907082557678223,11.53079891204834,18.50650787353516
pocketxmol_peak1_sma_atlas_ext,use,sbdd,,O=C(O)c1cc[n+](C2C(OP(=O)(O)O)OC(COP(=O)(O)O)C2O)cc1,,105.sdf,0,1.345814228057861,2.645602226257324,10.195680618286133,18.73834991455078
pocketxmol_peak1_sma_atlas_ext,use,sbdd,,CC1OC(CO)C(O)C1OP(=O)(O)Oc1ccc(F)c2n[nH]cc12,,106.sdf,0,1.3033699989318848,2.5395162105560303,9.82510471343994,18.140182495117188
pocketxmol_peak1_sma_atlas_ext,use,sbdd,,,bad,107-bad.sdf,0,1.4034185409545898,2.5403082370758057,9.539925575256348,17.80795669555664
pocketxmol_peak1_sma_atlas_ext,use,sbdd,,Cn1ncn2c(C(O)C(O)C(O)C(O)COP(=O)(O)O)c(C(=O)O)nc12,,108.sdf,0,1.2539740800857544,2.43165922164917,9.417773246765137,17.898365020751953
pocketxmol_peak1_sma_atlas_ext,use,sbdd,,CNc1ncnc2c1ncn2C1OC(COP(=O)(O)O)C(OP(=O)(O)O)CC1O,,109.sdf,0,1.3067797422409058,2.588467121124268,11.397882461547852,18.536720275878903
pocketxmol_peak1_sma_atlas_ext,use,sbdd,,O=P(O)(O)OC1OC(n2cnc3cncnc32)C(OP(=O)(O)OP(=O)(O)O)C1OP(=O)(O)O,,110.sdf,0,1.3440855741500854,2.525156021118164,10.731057167053224,18.80481719970703
pocketxmol_peak1_sma_atlas_ext,use,sbdd,,Nc1nc[n+](C2OC(OP(=O)(O)OP(=O)(O)O)C(O)C2O)c2[n+]1=CN=2,,111.sdf,0,1.3345147371292114,2.572129726409912,10.448719024658203,17.997718811035156
pocketxmol_peak1_sma_atlas_ext,use,sbdd,,,bad,112-bad.sdf,0,1.2791305780410769,2.5453133583068848,11.227632522583008,18.25456047058105
pocketxmol_peak1_sma_atlas_ext,use,sbdd,,CN(CCn1c(=O)[nH]c2ccccc21)Cc1cc(=O)n2cn[nH]c2n1,,113.sdf,0,1.455512523651123,2.617123603820801,10.849767684936523,17.816110610961914
pocketxmol_peak1_sma_atlas_ext,use,sbdd,,CN(c1nc(N)[nH]c(=O)c1N)C1OC2CO[PH](O)(O)O[PH](=O)(=O)OC2C1O,,114.sdf,0,1.3387643098831177,2.480992555618286,11.103479385375977,18.84873008728028
pocketxmol_peak1_sma_atlas_ext,use,sbdd,,Cc1cccc(S(=O)(=O)N(N=C(O)CSC2=NC3=NC=NC(=O)C3=N2)C(N)=O)c1,,115.sdf,0,1.4318726062774658,2.7271339893341064,10.856566429138184,19.270910263061523
pocketxmol_peak1_sma_atlas_ext,use,sbdd,,,bad,116-bad.sdf,0,1.376489281654358,2.68928599357605,11.23782730102539,18.86912727355957
pocketxmol_peak1_sma_atlas_ext,use,sbdd,,O=C1C=NN(C2OCC(OCN(CCP(=O)(O)O)[PH](=O)(=O)O)C2O)NC=N1,,117.sdf,0,1.214837670326233,2.562201976776123,10.036359786987305,18.66797065734864
pocketxmol_peak1_sma_atlas_ext,use,sbdd,,Nc1ncnc2c1ncn2C1OC(COP(=O)(O)O)C(O)C1OP(=O)(O)O,,118.sdf,0,1.4200799465179443,2.641517162322998,11.564502716064451,18.93193244934082
pocketxmol_peak1_sma_atlas_ext,use,sbdd,,Nc1nnc2n(C3CC(O[PH](=O)(=O)O)C(CO[PH](O)(O)O)O3)ncnc1-2,,119.sdf,0,1.3369178771972656,2.5720460414886475,10.615715980529783,18.173498153686523
pocketxmol_peak1_sma_atlas_ext,use,sbdd,,Nc1ncnc2c1ncn2C1COc2ccc(Cl)cc2C(COP(=O)(O)O)O1,,120.sdf,0,1.4053053855895996,2.569401264190674,10.903175354003906,18.51493263244629
pocketxmol_peak1_sma_atlas_ext,use,sbdd,,,bad,121-bad.sdf,0,1.3528239727020264,2.5847716331481934,10.863924980163574,18.89349365234375
pocketxmol_peak1_sma_atlas_ext,use,sbdd,,Cn1cnc2c(ncn2CC2OC(COP(=O)(O)OP(=O)(O)O)C(O)C2O)c1=O,,122.sdf,0,1.420101284980774,2.7420153617858887,11.861865043640137,18.98122215270996
pocketxmol_peak1_sma_atlas_ext,use,sbdd,,Nc1ncnc2c1ncn2C(O)C(COP(=O)(O)O)C(O)COP(=O)(O)O,,123.sdf,0,1.3497108221054075,2.518535852432251,11.502055168151855,18.455467224121094
pocketxmol_peak1_sma_atlas_ext,use,sbdd,,NC1=NC2=C(NC(N)=N1)NC1C(N2)OC(CC(OP(=O)(O)O)P(=O)(O)O)C(O)C1O,,124.sdf,0,1.2048996686935425,2.4866318702697754,10.531271934509276,18.31560516357422
pocketxmol_peak1_sma_atlas_ext,use,sbdd,,Cc1ccc(-c2cc3c[nH]c(=O)c(C)c3n2C2OC2COP(=O)(O)O)cc1,,125.sdf,0,1.4065983295440674,2.577873706817627,9.157421112060549,17.882732391357422
pocketxmol_peak1_sma_atlas_ext,use,sbdd,,O=c1ccn(C2CC(O)C(COP(=O)(O)OP(=O)(O)NCCP(=O)(O)O)O2)c(=O)[nH]1,,126.sdf,0,1.3476670980453491,2.644661903381348,11.214298248291016,19.500629425048828
pocketxmol_peak1_sma_atlas_ext,use,sbdd,,Nc1nc(=O)[nH]c(=NC2CCC(C(COP(=O)(O)O)OP(N)(=O)O)C2O)[nH]1,,127.sdf,0,1.3220791816711426,2.693624973297119,10.247407913208008,19.09310531616211
pocketxmol_peak1_sma_atlas_ext,use,sbdd,,Nc1n[nH]c2c1ncn2C1CC(OP(=O)(O)O)C(COP(=O)(O)OP(=O)(O)O)O1,,128.sdf,0,1.3575814962387085,2.6835265159606934,11.218055725097656,19.156021118164062
pocketxmol_peak1_sma_atlas_ext,use,sbdd,,O=C(O)c1cnc2c(c1)-c1nc3cncnc3cc1N(Cc1ccccn1)[SH]2(=O)O,,129.sdf,0,1.5442084074020386,2.782763719558716,9.793031692504885,18.92685890197754
pocketxmol_peak1_sma_atlas_ext,use,sbdd,,O=c1ccn(C2CC(OP(=O)(O)O)C(OP(=O)(O)O[PH](=O)(=O)O)O2)c(=O)[nH]1,,130.sdf,0,1.3147108554840088,2.695108652114868,10.998526573181152,19.34816169738769
pocketxmol_peak1_sma_atlas_ext,use,sbdd,,Nc1ncnc2c1ncn2C1C(O)C2OP(=O)(O)OP(=O)(O)OC1C2O,,131.sdf,0,1.3458073139190674,2.5583531856536865,11.719343185424805,18.73777961730957
pocketxmol_peak1_sma_atlas_ext,use,sbdd,,Nc1nc(=O)c(N)c(NCC2OC(C3OP(=O)(O)OP(=O)(O)O3)C2O)[nH]1,,132.sdf,0,1.2065027952194214,2.34633731842041,10.75937557220459,18.114770889282227
pocketxmol_peak1_sma_atlas_ext,use,sbdd,,Nc1nc(=O)c2ncn(C3CC(OP(=O)(O)O)C(OP(=O)(O)O)O3)c2[nH]1,,133.sdf,0,1.4027408361434937,2.664717435836792,11.157464981079102,18.42410087585449
pocketxmol_peak1_sma_atlas_ext,use,sbdd,,,bad,134-bad.sdf,0,1.3769513368606567,2.5093982219696045,11.161897659301758,18.53852081298828
pocketxmol_peak1_sma_atlas_ext,use,sbdd,,,bad,135-bad.sdf,0,1.4246500730514526,2.705694437026977,9.866665840148926,18.57698631286621
pocketxmol_peak1_sma_atlas_ext,use,sbdd,,Nc1nc(NC2OC(COP(=O)(O)O)C(OP(=O)(O)O)C2OP(=O)(O)O)cc(=O)[nH]1,,136.sdf,0,1.2851468324661257,2.4777400493621826,10.914178848266602,19.037643432617188
pocketxmol_peak1_sma_atlas_ext,use,sbdd,,Nc1ncnc2c1ncn2COC(CNP(=O)(O)O)C(O)COP(=O)(O)O,,137.sdf,0,1.3512334823608398,2.7891194820404053,11.506524085998535,18.715484619140625
pocketxmol_peak1_sma_atlas_ext,use,sbdd,,O=C(OCC1OC(n2ccc(=O)[nH]c2=O)CC1O)O[PH](O)(O)NNP(=O)(O)O,,138.sdf,0,1.37275493144989,2.6585593223571777,10.274490356445312,19.53482818603516
pocketxmol_peak1_sma_atlas_ext,use,sbdd,,Nc1ncnc2c1ncc[n+]2C1OC(COP(=O)(O)OP(=O)(O)NP(=O)(O)O)C(O)C1O,,139.sdf,0,1.4199846982955933,2.707240343093872,11.388221740722656,19.334108352661133
pocketxmol_peak1_sma_atlas_ext,use,sbdd,,Nc1ccc2c(Nc3cccc(C(=O)O)c3O)c3cc(Cl)ccc3nc2c1,,140.sdf,0,1.5520718097686768,2.752129077911377,10.050060272216797,18.243942260742188
pocketxmol_peak1_sma_atlas_ext,use,sbdd,,Cc1c(C2OC(OP(=O)(O)O)C2OP(=O)(O)O)nc2nc(N)[nH]c(=O)c2[n+]1C,,141.sdf,0,1.3220093250274658,2.45235013961792,10.689386367797852,17.849855422973633
pocketxmol_peak1_sma_atlas_ext,use,sbdd,,COc1nc(N2C(C)CC(Oc3ccc(O)c([N+](=O)O)n3)C(C)C2F)cc(=O)[nH]1,,142.sdf,0,1.3598393201828003,2.4384686946868896,8.369807243347168,17.75627326965332
pocketxmol_peak1_sma_atlas_ext,use,sbdd,,Nc1ncnc2c1ncn2C1OC(COP(=O)(O)O)C(O[PH](=O)O)C1O,,143.sdf,0,1.3859024047851562,2.664785623550415,11.811717987060549,18.78841018676757
pocketxmol_peak1_sma_atlas_ext,use,sbdd,,Nc1onc2c1ncn2C1C(O)C(O)C1COP(=O)(O)NP(=O)(O)O,,144.sdf,0,1.134225606918335,2.246174097061157,10.079081535339355,17.73982048034668
pocketxmol_peak1_sma_atlas_ext,use,sbdd,,O=C1C=CN(C2OC(C(OP(=O)(O)O)OP(=O)(O)O)C2OP(=O)(O)O)C=CN1,,145.sdf,0,1.2061843872070312,2.367888927459717,10.570068359375,18.59491729736328
pocketxmol_peak1_sma_atlas_ext,use,sbdd,,Nc1nc2c(N)ncn(C3CC(OP(=O)(O)O)C(COP(=O)(O)OP(=O)(O)O)O3)c-2n1,,146.sdf,0,1.2610472440719604,2.477853298187256,10.916826248168944,18.56036758422852
pocketxmol_peak1_sma_atlas_ext,use,sbdd,,CC(OP(=O)(O)O)C(COP(=O)(O)O)OC[N+]1=CN=C2C(=O)N=C(N)N=C21,,147.sdf,0,1.3244363069534302,2.6094858646392822,11.015567779541016,18.28061294555664
pocketxmol_peak1_sma_atlas_ext,use,sbdd,,NC1=NC(=O)C2=NC=[N+](C3CC(COP(=O)(O)O)C(COP(=O)(O)O)O3)C2=N1,,148.sdf,0,1.4110983610153198,2.814028024673462,11.497048377990724,18.8676700592041
pocketxmol_peak1_sma_atlas_ext,use,sbdd,,,bad,149-bad.sdf,0,1.2731376886367798,2.3029370307922363,9.894416809082031,18.619016647338867
pocketxmol_peak1_sma_atlas_ext,use,sbdd,,Nc1ncnc2c1ncn2C1OC(CC2OP(=O)(O)OP(=O)(O)OP(=O)(O)O2)C2OC21,,150.sdf,0,1.32891047000885,2.6233019828796387,11.627764701843262,19.080808639526367
pocketxmol_peak1_sma_atlas_ext,use,sbdd,,C=C(C)c1ccc(Oc2cc(O)nc(-c3nnc(NC(C)=O)nc3O)n2)cn1,,151.sdf,0,1.5523823499679563,2.7402846813201904,9.768095970153809,18.369281768798828
pocketxmol_peak1_sma_atlas_ext,use,sbdd,,Nc1nc(=O)c2ncn(C3COC(COP(=O)(O)OP(=O)(O)S)C3O)c2[nH]1,,152.sdf,0,1.3847156763076782,2.6199543476104736,11.257083892822266,18.57939338684082
pocketxmol_peak1_sma_atlas_ext,use,sbdd,,Nc1ncnc2c1ncn2C1OC2C(OP(=O)(O)OP(=O)(O)O)C(O[PH](=O)O)OC21,,153.sdf,0,1.315616250038147,2.4508659839630127,10.565028190612791,18.39505386352539
pocketxmol_peak1_sma_atlas_ext,use,sbdd,,O=P(O)(O)NP(=O)(O)OCC(COP(=O)(O)O)Cn1cnc2cncnc21,,154.sdf,0,1.3422966003417969,2.575054883956909,10.655835151672363,18.94614219665528
pocketxmol_peak1_sma_atlas_ext,use,sbdd,,O=c1ncnc2n(C3OC(OP(=O)(O)O)C(OP(=O)(O)O)C(O)C3O)cnnc1-2,,155.sdf,0,1.3561941385269165,2.575620651245117,10.81861686706543,18.34761619567871
pocketxmol_peak1_sma_atlas_ext,use,sbdd,,Cc1cn(C2CC(O)C(C(COP(=O)(O)O)OP(=O)(O)O)O2)c(=O)[nH]c1=O,,156.sdf,0,1.3369319438934326,2.465677261352539,10.891651153564451,18.599401473999023
pocketxmol_peak1_sma_atlas_ext,use,sbdd,,Cc1c[n+](C2OC(Cc3nc4cnccc4[nH]3)CC2OP(=O)(O)O)cnc1O,,157.sdf,0,1.3669334650039673,2.7155308723449707,9.944369316101074,18.32792091369629
pocketxmol_peak1_sma_atlas_ext,use,sbdd,,CC(=O)Nc1nc(N)n2nc(C3COP(=O)(O)C3C(=O)OP(=O)(O)O)c(C)c2n1,,158.sdf,0,1.3635778427124023,2.746666431427002,10.086478233337402,18.525304794311523
pocketxmol_peak1_sma_atlas_ext,use,sbdd,,Nc1ncnc2c1ncn2CC(O[PH](O)(O)O)C(O)COP(=O)(O)NP(=O)(O)O,,159.sdf,0,1.3454718589782717,2.589367151260376,10.773231506347656,18.666553497314453
pocketxmol_peak1_sma_atlas_ext,use,sbdd,,Nc1ncnc2c1ncn2C1COC(COP(=O)(O)O)C(COP(=O)(O)O)O1,,160.sdf,0,1.3845114707946775,2.742863178253174,11.47870635986328,18.90665435791016
pocketxmol_peak1_sma_atlas_ext,use,sbdd,,Cc1cccc(NC2=C3C=C(N4CCN(S(C)(=O)=O)CC4)C=C3C(=O)NC2=O)c1,,161.sdf,0,1.452705979347229,2.844351053237915,10.163567543029783,18.860668182373047
pocketxmol_peak1_sma_atlas_ext,use,sbdd,,N=c1ccn(C(OP(=O)(O)O)C2OCC(O)C2OP(=O)(O)O)c(=O)[nH]1,,162.sdf,0,1.2734942436218262,2.526003360748291,10.571284294128418,18.618305206298828
pocketxmol_peak1_sma_atlas_ext,use,sbdd,,O=C(O)C(N=C(O)c1ccc(O)cc1)n1c(=O)oc2ccccc21,,163.sdf,0,1.4602546691894531,2.757887601852417,10.807621002197266,18.52283477783203
pocketxmol_peak1_sma_atlas_ext,use,sbdd,,O=c1nc2n(c(=O)[nH]1)CC1C3OP(=O)(O)OP(=O)(O)OP(=O)(O)OC3CN21,,164.sdf,0,1.2639590501785278,2.63063907623291,10.65351676940918,19.103090286254883
pocketxmol_peak1_sma_atlas_ext,use,sbdd,,CCN1NC(CC2=NNC(=Cc3cccc(F)c3)O2)C=C(C(N)=O)NC1=O,,165.sdf,0,1.2986209392547607,2.5866353511810303,9.302393913269045,18.79645729064941
pocketxmol_peak1_sma_atlas_ext,use,sbdd,,,bad,166-bad.sdf,0,1.324711799621582,2.6139702796936035,11.19129467010498,18.69211769104004
pocketxmol_peak1_sma_atlas_ext,use,sbdd,,NC1=C2N=C[N+](C3CC(O)C(COP(=O)(O)OP(N)(=O)O)O3)=C2N=N1,,167.sdf,0,1.2877551317214966,2.532106399536133,10.649950981140137,18.26213264465332
pocketxmol_peak1_sma_atlas_ext,use,sbdd,,NC1=NC(=O)C2=[N+](CC(COP(=O)(O)O)COP(=O)(O)OP(=O)(O)O)C=NC2=N1,,168.sdf,0,1.3542563915252686,2.6118242740631104,11.105916023254396,18.63494873046875
pocketxmol_peak1_sma_atlas_ext,use,sbdd,,Nc1ncnc2c1ncn2C1OC(COP(=O)(O)OP(=O)(O)O)CC(O)C1O,,169.sdf,0,1.3925341367721558,2.733384847640991,11.857503890991213,18.952287673950195
pocketxmol_peak1_sma_atlas_ext,use,sbdd,,O=C1N=CN=C2C1=NC=[N+]2C1C(C(=O)COP(=O)(O)O)CC(OP(=O)(O)O)C1O,,170.sdf,0,1.3805854320526123,2.8209922313690186,11.518133163452148,18.964054107666016
pocketxmol_peak1_sma_atlas_ext,use,sbdd,,,bad,171-bad.sdf,0,1.279158115386963,2.3913159370422363,10.67768383026123,18.73461532592773
pocketxmol_peak1_sma_atlas_ext,use,sbdd,,Nc1nc(OCC=O)c2nc(CN3C=CN4C(O)CC=C5CCC(=O)N3C54)nc-2[nH]1,,172.sdf,0,1.2915406227111816,2.439342737197876,8.612778663635254,18.239408493041992
pocketxmol_peak1_sma_atlas_ext,use,sbdd,,Cc1cccc2oc(-n3c(CC(O)COP(=O)(O)O)nc4c(=O)nc[nH]c43)cc12,,173.sdf,0,1.4602689743041992,2.819918870925904,11.557353973388672,18.576839447021484
pocketxmol_peak1_sma_atlas_ext,use,sbdd,,,bad,174-bad.sdf,0,1.3591091632843018,2.579383611679077,11.013237953186035,18.58401107788086
pocketxmol_peak1_sma_atlas_ext,use,sbdd,,Cc1cc2nc3c(=O)ncnc-3n(C(O)CO[PH](O)(O)O)c2cc1C,,175.sdf,0,1.5082849264144895,2.8059983253479004,10.656982421875,17.93276023864746
pocketxmol_peak1_sma_atlas_ext,use,sbdd,,,bad,176-bad.sdf,0,1.4017328023910522,2.726719856262207,11.46693515777588,19.016149520874023
pocketxmol_peak1_sma_atlas_ext,use,sbdd,,,bad,177-bad.sdf,0,1.3252449035644531,2.7257068157196045,11.416706085205078,18.88064193725586
pocketxmol_peak1_sma_atlas_ext,use,sbdd,,Cc1c(-c2cn3c(=O)c4nc(C(=O)O)cnc4[nH+]c3s2)[nH]c2ccccc12,,178.sdf,0,1.5348089933395386,2.7852251529693604,10.17989730834961,18.147424697875977
pocketxmol_peak1_sma_atlas_ext,use,sbdd,,Nc1ncnc2c1ncn2CC1OC2OP(=O)(O)OP(=O)(O)OC2C1F,,179.sdf,0,1.3122678995132446,2.495593786239624,11.099053382873535,18.516883850097656
pocketxmol_peak1_sma_atlas_ext,use,sbdd,,Cc1cccc([N+]2=CC(CCCOP(=O)(O)O)=C3C(=O)NC(=O)N=C32)c1,,180.sdf,0,1.4907549619674685,2.849229335784912,10.945119857788086,18.57481002807617
pocketxmol_peak1_sma_atlas_ext,use,sbdd,,NP(=O)(O)OP(=O)(O)OCC1OC(N2C=CC(=O)N=C(O)N2)C(O)C1O,,181.sdf,0,1.3120204210281372,2.61923885345459,10.463765144348145,19.089963912963867
pocketxmol_peak1_sma_atlas_ext,use,sbdd,,CP(=O)(O)OCC1(CO[PH](=O)(=O)O)CC(O)C(Cn2cnc3c(=O)nc[nH]c32)N1,,182.sdf,0,1.3252501487731934,2.619009017944336,11.240495681762695,18.716136932373047
pocketxmol_peak1_sma_atlas_ext,use,sbdd,,,bad,183-bad.sdf,0,1.313844919204712,2.33404278755188,9.74220371246338,18.16142463684082
pocketxmol_peak1_sma_atlas_ext,use,sbdd,,Nc1ncnc2c1ncn2C1CC(OP(=O)(O)O)C(C(O)COP(=O)(O)O)O1,,184.sdf,0,1.3685295581817627,2.68016004562378,11.510001182556152,18.64004707336425
pocketxmol_peak1_sma_atlas_ext,use,sbdd,,Nc1ncnc2c1ncn2CC(O)C(COP1(=O)OP(=O)(O)O1)C(O)COP(=O)(O)O,,185.sdf,0,1.306599736213684,2.443554878234864,10.968768119812012,18.6140365600586
pocketxmol_peak1_sma_atlas_ext,use,sbdd,,NC1=C(O)N=CN(C2OC3OP(=O)(O)OP(=O)(O)OC3C(O)C2O)C=N1,,186.sdf,0,1.231551170349121,2.544414758682251,11.001100540161133,18.282695770263672
pocketxmol_peak1_sma_atlas_ext,use,sbdd,,O=c1cc(CC(OP(=O)(O)OP(=O)(O)O)C(O)COP(=O)(O)O)[nH]c(=O)[nH]1,,187.sdf,0,1.307624340057373,2.6554086208343506,10.806385040283203,18.850454330444336
pocketxmol_peak1_sma_atlas_ext,use,sbdd,,Nc1c(NCC(O)C(OP(=O)(O)O)C(NP(=O)(O)O)OP(=O)(O)O)[nH]c(=O)[nH]c1=O,,188.sdf,0,1.2591460943222046,2.3941001892089844,10.908609390258787,18.69824409484864
pocketxmol_peak1_sma_atlas_ext,use,sbdd,,CC(O)OC(=O)OP(=O)(O)OCC(O)C(O)n1cnc2c(=O)nc(N)[nH]c21,,189.sdf,0,1.323381781578064,2.336130380630493,9.909120559692385,18.103120803833008
pocketxmol_peak1_sma_atlas_ext,use,sbdd,,O=c1nc[nH]c2ncc(-c3cccc(NC(=S)NCc4ccccc4)c3)nc12,,190.sdf,0,1.5470211505889893,2.870071649551392,11.24133014678955,18.7569522857666
pocketxmol_peak1_sma_atlas_ext,use,sbdd,,Cc1ccc2c(c1)c(NC(=CCC(=O)O)C(=O)NCCc1ccccc1)cn2C,,191.sdf,0,1.4475513696670532,2.795193910598755,10.458234786987305,19.308752059936523
pocketxmol_peak1_sma_atlas_ext,use,sbdd,,Nc1ncnc2c1ncn2C1OC(P(=O)(O)O)CC1O.O=P1(O)NP(=O)(O)O1,incomp,192-incomp.sdf,0,1.306402325630188,2.5056984424591064,10.844250679016112,18.71725845336914
pocketxmol_peak1_sma_atlas_ext,use,sbdd,,Nc1cnn(C2CCC(OP(=O)(O)OP(=O)(O)O)C(COP(=O)(O)O)O2)c(=O)n1,,193.sdf,0,1.3231245279312134,2.629101514816284,10.145755767822266,18.97047615051269
pocketxmol_peak1_sma_atlas_ext,use,sbdd,,Nc1nc(=O)c2c(ncn2C2OC3CNC(=O)N[PH](=O)(=O)OP(=O)(O)OCC32)[nH]1,,194.sdf,0,1.3149818181991575,2.410789966583252,10.52556037902832,18.537429809570312
pocketxmol_peak1_sma_atlas_ext,use,sbdd,,CC(=O)Nc1ccc(S(=O)(=O)c2cn(C)c3cc4n(c23)CC2OC(C)OC4C2O)cc1,,195.sdf,0,1.3556914329528809,2.4591879844665527,9.508636474609377,18.51451110839844
pocketxmol_peak1_sma_atlas_ext,use,sbdd,,Nc1ncnc2c1ncn2CC1OC(P(=O)(OP(=O)(O)O)OP(=O)(O)O)CC1O,,196.sdf,0,1.398762345314026,2.737779378890991,11.62250518798828,19.12375259399414
pocketxmol_peak1_sma_atlas_ext,use,sbdd,,O=c1ccn(C2OC(C(OP(=O)(O)O)OP(=O)(O)NP(=O)(O)O)C2O)c(=O)[nH]1,,197.sdf,0,1.225866198539734,2.3120148181915283,10.73520851135254,19.161840438842773
pocketxmol_peak1_sma_atlas_ext,use,sbdd,,Cc1c(O)cnc2c1nc1n2C(OP(O)(O)=S)CC(C(O)OP(=O)(O)O)O1,,198.sdf,0,1.2614752054214478,2.539813280105591,9.49428653717041,18.09684944152832
pocketxmol_peak1_sma_atlas_ext,use,sbdd,,O=c1[nH]cnc2c1ncn2C1OC(COP(=O)(O)O)C(COP(=O)(O)O)C1O,,199.sdf,0,1.3994613885879517,2.7849838733673096,11.91172981262207,19.068565368652344
pocketxmol_peak1_sma_atlas_ext,use,sbdd,,O=P(O)(O)OC12OP(=O)(O)NP(=O)(O)OC13OC2C(O)C3n1cnc2c(O)ncnc21,,200.sdf,0,1.3203221559524536,2.164918899536133,10.537686347961426,18.447654724121094
pocketxmol_peak1_sma_atlas_ext,use,sbdd,,O=[N+](O)c1ccc(OC2OC(OP(=O)(O)O)C(O)C(O)C2O)cc1,,201.sdf,0,1.3757035732269287,2.8014373779296875,10.485916137695312,19.019287109375
pocketxmol_peak1_sma_atlas_ext,use,sbdd,,Cc1nc2c3[n+](c4c(c2c2c1[N+](C)=NC=2)NC(=O)N=4)CCC3C(=O)OP(=O)(O)O,,202.sdf,0,1.3697662353515625,2.6594460010528564,8.943416595458984,17.84009552001953
pocketxmol_peak1_sma_atlas_ext,use,sbdd,,O=C(O)COC1(C(=O)O)CCN(c2ncc(C(F)(F)F)cc2Cl)C1,,203.sdf,0,1.3527766466140747,2.6295785903930664,10.231019020080566,18.78652572631836
pocketxmol_peak1_sma_atlas_ext,use,sbdd,,O=C1C(Nc2ncnc3nonc23)CCN1Cc1cnc2ccccn2c1=O,,204.sdf,0,1.5132707357406616,2.6969714164733887,10.950209617614746,18.52890014648437
pocketxmol_peak1_sma_atlas_ext,use,sbdd,,,bad,205-bad.sdf,0,1.326675295829773,2.371894121170044,10.428750991821287,18.678068161010746
pocketxmol_peak1_sma_atlas_ext,use,sbdd,,Nc1c(NC2OC(COP(=O)(O)O)C(CO[PH](O)(O)O)C2O)[nH]cnc1=O,,206.sdf,0,1.3188358545303345,2.6830930709838867,11.32075309753418,18.811128616333008
pocketxmol_peak1_sma_atlas_ext,use,sbdd,,O=P(O)(O)NP(=O)(O)OC1CC(P(=O)(O)O)Oc2cc3ccccc3cc21,,207.sdf,0,1.351168870925903,2.598125696182251,9.512553215026855,18.81234359741211
pocketxmol_peak1_sma_atlas_ext,use,sbdd,,O=c1ncn(CC2OC(COP(=O)(O)OP(=O)(O)O)C(O)C2O)c2nc[nH]c12,,208.sdf,0,1.3570303916931152,2.743601560592652,11.290571212768556,18.913694381713867
pocketxmol_peak1_sma_atlas_ext,use,sbdd,,O=c1cc[n+](C2OC3COP(=O)(O)OP(=O)(O)NP(=O)(O)OC3C2O)nc(=O)[nH]1,,209.sdf,0,1.2642664909362793,2.4560539722442627,10.835785865783691,18.762845993041992
pocketxmol_peak1_sma_atlas_ext,use,sbdd,,O=C(CCn1c(O)c2ccccn2c1=O)Nc1cccc2ccccc12,,210.sdf,0,1.5621888637542725,2.822816610336304,10.43998908996582,18.20823860168457
pocketxmol_peak1_sma_atlas_ext,use,sbdd,,Nc1ncnc2c1ncn2C1OC(CC(P(=O)(O)O)P(=O)(O)O)C1OP(=O)(O)O,,211.sdf,0,1.3485053777694702,2.617614984512329,11.262340545654297,18.75263977050781
pocketxmol_peak1_sma_atlas_ext,use,sbdd,,Nc1ncnc2c1ncn2C1CC(OP(=O)(O)O)C(COP(=O)(O)O)O1,,212.sdf,0,1.4257783889770508,2.7818310260772705,11.538493156433104,18.90152740478516
pocketxmol_peak1_sma_atlas_ext,use,sbdd,,,bad,213-bad.sdf,0,1.275793433189392,2.4400854110717773,8.76025676727295,18.51687240600586
pocketxmol_peak1_sma_atlas_ext,use,sbdd,,C=C(O)C1CC(N2C(=O)NC(=O)C2=O)OC(CO[PH](=O)(=O)OP(=O)(O)O)C1O,,214.sdf,0,1.4082759618759155,2.651711225509644,10.022242546081545,18.84439849853516
pocketxmol_peak1_sma_atlas_ext,use,sbdd,,Nc1ncnc2c1ncn2C1CC(O)C(COP(=O)(O)O)C(COP(=O)(O)O)O1,,215.sdf,0,1.3630437850952148,2.6202495098114014,11.30365753173828,18.451282501220703
pocketxmol_peak1_sma_atlas_ext,use,sbdd,,Nc1ncnc2c1ncn2C(O)C1OC(C(COP(=O)(O)O)OP(=O)(O)O)C1O,,216.sdf,0,1.3047723770141602,2.546651124954224,11.423779487609863,18.513580322265625
pocketxmol_peak1_sma_atlas_ext,use,sbdd,,CC1(COP(=O)(O)OP(=O)(O)O)OC(n2cnc3c(N)ncnc32)C1O,,217.sdf,0,1.3359003067016602,2.3995697498321533,10.922771453857422,18.484346389770508
pocketxmol_peak1_sma_atlas_ext,use,sbdd,,NC(COP(=O)(O)OC=CC1OC([N+]2=CN=C3C(=O)N=CN=C32)C(O)C1O)CC(=O)O,,218.sdf,0,1.3192769289016724,2.5308992862701416,11.290677070617676,18.993019104003903
pocketxmol_peak1_sma_atlas_ext,use,sbdd,,Nc1ncnc2c1ncn2C1OC(OP(=O)(O)OP(=O)(O)O)C(O)C1O,,219.sdf,0,1.421362042427063,2.776785373687744,11.648789405822754,18.73425674438477
pocketxmol_peak1_sma_atlas_ext,use,sbdd,,NC12N=CN=C1N(C1CC(OP(=O)(O)O)C(O)CO1)C=N2.O=P(O)(O)OP(=O)(O)O,incomp,220-incomp.sdf,0,1.1434787511825562,2.0010855197906494,10.126779556274414,17.858097076416016
pocketxmol_peak1_sma_atlas_ext,use,sbdd,,O=C1COC(=O)c2cccc(c2)OCCOC(=O)c2ccc(O)nc2N1,,221.sdf,0,1.4715566635131836,2.7160627841949463,10.696694374084473,19.39315795898437
pocketxmol_peak1_sma_atlas_ext,use,sbdd,,O=C1c2ncn(-c3ccc4ccccc4c3)c2-c2nc(OP(=O)(O)O)nn21,,222.sdf,0,1.4719702005386353,2.7669665813446045,10.254746437072754,17.768495559692383
pocketxmol_peak1_sma_atlas_ext,use,sbdd,,Cc1ccccc1CNS(=O)(=O)c1ccc(C(=O)Nc2cncnc2)cc1,,223.sdf,0,1.4515222311019895,2.7198405265808105,9.993914604187012,18.83194160461425
pocketxmol_peak1_sma_atlas_ext,use,sbdd,,N=c1[nH]c(N=C(F)C2CC(C(F)OP(=O)(O)O)C(P(=O)(O)O)O2)c(N)c(=O)[nH]1,,224.sdf,0,1.257279396057129,2.50691556930542,9.62329387664795,18.3802547454834
pocketxmol_peak1_sma_atlas_ext,use,sbdd,,O=C1N=CN=C2C1=NC=[N+]2C1OC(CO[PH](O)(O)OP(=O)(O)O)C(O)C1OP(=O)(O)O,,225.sdf,0,1.2826794385910034,2.491610527038574,11.095717430114746,18.52596473693848
pocketxmol_peak1_sma_atlas_ext,use,sbdd,,Nc1ncnc2c1ncn2C1CC1C(COP(=O)(O)O)COP(=O)(O)O[PH](=O)O,,226.sdf,0,1.320207118988037,2.567166328430176,10.491144180297852,18.422361373901367
pocketxmol_peak1_sma_atlas_ext,use,sbdd,,Nc1ncnc2c1ncn2C1OC(COP(=O)(O)OP(=O)(O)CCP(=O)(O)O)C(O)C1O,,227.sdf,0,1.3676310777664185,2.651087760925293,11.300312995910645,19.20192527770996
pocketxmol_peak1_sma_atlas_ext,use,sbdd,,Nc1nc2c(nnc(=O)n2CC(O)C(O)COP(=O)(O)OP(=O)(O)O)c(=O)[nH]1,,228.sdf,0,1.4018398523330688,2.514546155929565,10.895393371582031,18.32645034790039
pocketxmol_peak1_sma_atlas_ext,use,sbdd,,N=P(O)(O)OP(=O)(O)OC(OP(=O)(O)O)C1OC(n2cnc3c(N)ncnc32)C(O)C1O,,229.sdf,0,1.437746524810791,2.6459527015686035,11.487374305725098,19.26833724975586
pocketxmol_peak1_sma_atlas_ext,use,sbdd,,,bad,230-bad.sdf,0,1.3771592378616333,2.654494524002075,11.84136962890625,19.161869049072266
pocketxmol_peak1_sma_atlas_ext,use,sbdd,,N=C1C(=O)NC(=O)N=C1NC1CC(OP(=O)(O)O)OC(COP(=O)(O)O)C1O,,231.sdf,0,1.3181926012039185,2.6278464794158936,10.815983772277832,18.69547271728516
pocketxmol_peak1_sma_atlas_ext,use,sbdd,,Cn1ncn(C(CO)N=C(O)C[N+]2=c3ccccc3=NC2=O)c1=O,,232.sdf,0,1.3507237434387207,2.688645362854004,11.21703815460205,18.271886825561523
pocketxmol_peak1_sma_atlas_ext,use,sbdd,,O=C1NOP(=O)(O)OP(=O)(O)OCC(O)C(O)n2ccc3c(=O)[nH]c1nc32,,233.sdf,0,1.3022799491882324,2.5802104473114014,10.373435020446776,18.97777366638184
pocketxmol_peak1_sma_atlas_ext,use,sbdd,,Cc1c(C2OC(OP(=O)(O)OP(=O)(O)OP(=O)(O)O)C(O)C2O)[nH]c(=O)[nH]c1=O,,234.sdf,0,1.337571382522583,2.422342538833618,10.13465976715088,18.65715789794922
pocketxmol_peak1_sma_atlas_ext,use,sbdd,,N=C1N=C2C(=NC=[N+]2CC2OC(COP3(=O)OP(=O)(O)O3)C(O)C2O)C(=O)N1,,235.sdf,0,1.378895282745361,2.563648223876953,11.775749206542969,18.916969299316406
pocketxmol_peak1_sma_atlas_ext,use,sbdd,,O=C(c1ccccc1)c1c(Nc2ncnc3[nH]ccc23)nc2[nH+]cncnc1-2,,236.sdf,0,1.4511146545410156,2.7144641876220703,9.089008331298828,18.310937881469727
pocketxmol_peak1_sma_atlas_ext,use,sbdd,,Nc1n[nH]c2c1ncn2C1CC(OP(=O)(O)O)C(COP(=O)(O)OP(=O)(O)O)O1,,237.sdf,0,1.30269455909729,2.520326852798462,10.935254096984863,18.638168334960938
pocketxmol_peak1_sma_atlas_ext,use,sbdd,,COc1cccc(Nc2cnc3c(n2)[nH]c(=O)n3C(C)(C)C)c1OC,,238.sdf,0,1.4464813470840454,2.5309207439422607,10.546491622924805,17.70925521850586
pocketxmol_peak1_sma_atlas_ext,use,sbdd,,NC(C(=O)O)[PH](O)(O)OP(=O)(O)OC1OC(COP(=O)(O)O)C(O)C(O)C1O,,239.sdf,0,1.2348136901855469,2.5035552978515625,10.317355155944824,19.140186309814453
pocketxmol_peak1_sma_atlas_ext,use,sbdd,,O=C1N=Nc2c1ncn2C1OCC(O)(COP(=O)(O)OP(=O)(O)O)C1O,,240.sdf,0,1.2705522775650024,2.5635733604431152,11.15848159790039,18.559402465820312
pocketxmol_peak1_sma_atlas_ext,use,sbdd,,Nc1ncnc2c1ncn2C1CC(O)C(O)C(COP(=O)(O)OP(=O)(O)O)O1,,241.sdf,0,1.422910213470459,2.737473964691162,11.79075050354004,18.73166275024414
pocketxmol_peak1_sma_atlas_ext,use,sbdd,,COc1ccc(C(=O)O)nc1NC(=O)CCC(=O)Nc1ccc(Cl)cc1,,242.sdf,0,1.4437545537948608,2.7297897338867188,10.866079330444336,19.22062110900879
pocketxmol_peak1_sma_atlas_ext,use,sbdd,,Nc1ncnc2c1ncn2C1OC(COP2(=O)OP(=O)(O)O2)CC1O,,243.sdf,0,1.329050898551941,2.63346791267395,11.584205627441406,18.506467819213867
pocketxmol_peak1_sma_atlas_ext,use,sbdd,,Nc1ncnc2c1ncn2C1CC(O)C(CCOP(=O)(O)OP(=O)(O)O)O1,,244.sdf,0,1.399710178375244,2.7828729152679443,11.67856502532959,18.476221084594727
pocketxmol_peak1_sma_atlas_ext,use,sbdd,,O=P(O)(O)OC(OP(=O)(O)O)C1OC(OP(=O)(O)O)C(OP(=O)(O)OP(=O)(O)O)C1O,,245.sdf,0,1.2731335163116455,2.576720952987671,10.393654823303224,19.3394832611084
pocketxmol_peak1_sma_atlas_ext,use,sbdd,,Nc1ncnc2c(C3OC(COP(=O)(O)O)C3CO[PH](=O)O)ncnc12,,246.sdf,0,1.3123434782028198,2.646904230117798,11.061792373657228,18.5560302734375
pocketxmol_peak1_sma_atlas_ext,use,sbdd,,Nc1ncnc2c(CC(COP(=O)(O)O)COP(=O)(O)OP(=O)(O)O)ncnc12,,247.sdf,0,1.3843508958816528,2.735142707824707,10.791009902954102,18.95974922180176
pocketxmol_peak1_sma_atlas_ext,use,sbdd,,Nc1ncnc2c1ncn2CC(O)COP(=O)(O)OP(=O)(O)OP(N)(=O)O,,248.sdf,0,1.281214952468872,2.291908502578736,10.723465919494627,18.295238494873047
pocketxmol_peak1_sma_atlas_ext,use,sbdd,,Cn1cnc(=O)c2c1=[N+](C1OC(COP(=O)(O)O)C(COP(=O)(O)O)C1O)C=2,,249.sdf,0,1.2311279773712158,2.5121517181396484,10.988273620605469,18.451261520385746
pocketxmol_peak1_sma_atlas_ext,use,sbdd,,O=P(O)(O)OC(O)C(OP(=O)(O)O)C1OC(OP(=O)(O)O)C2OOP(=O)(O)OC21,,250.sdf,0,1.2680937051773071,2.334848642349243,10.161857604980469,18.592016220092773
pocketxmol_peak1_sma_atlas_ext,use,sbdd,,O=C1N=C2C(=CN2C2OC(COP3(=O)N[PH](=O)(=O)NP(=O)(O)O3)C2O)C(=O)N1,,251.sdf,0,1.2611924409866333,2.369737148284912,10.658287048339844,18.38966941833496
pocketxmol_peak1_sma_atlas_ext,use,sbdd,,O=[PH](OCC1OC(n2cnc3c(O)ncnc32)C(O[PH](=O)(=O)O)C1O)OP(=O)(O)O,,252.sdf,0,1.396054983139038,2.6649839878082275,11.14586353302002,19.19147491455078
pocketxmol_peak1_sma_atlas_ext,use,sbdd,,O=c1cnc[n+](C2OC(NP(=O)(O)CCCP(=O)(O)O)C(O)C2O)c(=O)[nH]1,,253.sdf,0,1.2582279443740845,2.328633069992065,9.661848068237305,18.483776092529297
pocketxmol_peak1_sma_atlas_ext,use,sbdd,,O=C(OC1OC2(Nc3nc[nH]c(=O)c3N2)C(O)C1OP(=O)(O)O)OP(=O)(O)O,,254.sdf,0,1.2852920293807983,2.383998394012451,10.573369026184082,18.4589958190918
pocketxmol_peak1_sma_atlas_ext,use,sbdd,,Nc1nc[n+](C2OCC([N+](=O)O)OC2OP(=O)(O)OP(=O)(O)O)cc1F,,255.sdf,0,1.2767376899719238,2.618814945220948,10.242827415466309,18.419063568115234
pocketxmol_peak1_sma_atlas_ext,use,sbdd,,O=c1cc[n+](C2OC(COP(=O)(O)O)C(OP(=O)(O)O)C2O)cc(=O)[nH]1,,256.sdf,0,1.3110944032669067,2.5844459533691406,10.909027099609377,18.85104751586914
pocketxmol_peak1_sma_atlas_ext,use,sbdd,,Cc1ccc(C2=C3C(=O)N=CN=C3N=C2C(O)COP(=O)(O)N[PH](=O)(=O)O)cc1C,,257.sdf,0,1.3885176181793213,2.7024855613708496,10.45490837097168,18.46285629272461
pocketxmol_peak1_sma_atlas_ext,use,sbdd,,CCCC1=NC(P(=O)(O)O)C(C(=O)OC)C2=C1C(O)=CC(C)=NN2,,258.sdf,0,1.2527488470077517,2.4833991527557373,7.999355316162109,17.401784896850586
pocketxmol_peak1_sma_atlas_ext,use,sbdd,,O=P(O)(O)OC1CC(n2cnc3cncnc32)OC1OP(=O)(O)OP(=O)(O)O,,259.sdf,0,1.3628588914871216,2.656622171401977,10.943214416503906,18.637535095214844
pocketxmol_peak1_sma_atlas_ext,use,sbdd,,O=C1OP(=O)(O)OP(=O)(O)NC2CN(C(=O)C2OP(=O)(O)O)C1COP(=O)(O)O,,260.sdf,0,1.1994295120239258,2.322741746902466,10.250733375549316,18.926240921020508
pocketxmol_peak1_sma_atlas_ext,use,sbdd,,,bad,261-bad.sdf,0,1.2611461877822876,2.312331199645996,10.37680435180664,17.517946243286133
pocketxmol_peak1_sma_atlas_ext,use,sbdd,,O=c1c[n+](C2CC(F)C(COP(=O)(O)O)CC2OP(=O)(O)O)cnc(=O)[nH]1,,262.sdf,0,1.3042088747024536,2.6211626529693604,10.49763011932373,18.564682006835938
pocketxmol_peak1_sma_atlas_ext,use,sbdd,,CC(=O)c1cccc(CN(CCOP(=O)(O)O)c2ccc(O)nc(=O)n2)c1,,263.sdf,0,1.4131264686584473,2.62302827835083,10.405067443847656,18.249568939208984
pocketxmol_peak1_sma_atlas_ext,use,sbdd,,Nc1ncnc2c1N=CC21OC(COP(=O)(O)OP(=O)(O)O)C(O)C1O,,264.sdf,0,1.268463134765625,2.5308661460876465,10.91159725189209,18.49557304382324
pocketxmol_peak1_sma_atlas_ext,use,sbdd,,Nc1ncc2c(ncn2C2CC(O)C(COP(=O)(O)OP(=O)(O)NP(=O)(O)O)O2)n1,,265.sdf,0,1.3220221996307373,2.5833160877227783,11.10052490234375,18.782020568847656
pocketxmol_peak1_sma_atlas_ext,use,sbdd,,N=c1nc[nH]c2c1ncn2C1COP(=O)(O)OP(=O)(O)OP(=O)(O)OCC1O,,266.sdf,0,1.331234335899353,2.509578227996826,11.228726387023926,18.78742027282715
pocketxmol_peak1_sma_atlas_ext,use,sbdd,,COc1cc(NC(=O)c2cc3[n+](c4ncc[nH+]c24)=NC(=O)N=3)c(Cl)cc1Cl,,267.sdf,0,1.5314276218414309,2.7747933864593506,11.080711364746094,18.268049240112305
pocketxmol_peak1_sma_atlas_ext,use,sbdd,,O=c1ccc[n+](C2OC(CCC(P(=O)(O)O)P(=O)(O)O)C(O)C2O)c(=O)[nH]1,,268.sdf,0,1.293537735939026,2.4704809188842773,10.11723518371582,18.77123641967773
pocketxmol_peak1_sma_atlas_ext,use,sbdd,,,bad,269-bad.sdf,0,1.372645139694214,2.7117257118225098,12.11811637878418,18.66402053833008
pocketxmol_peak1_sma_atlas_ext,use,sbdd,,Nc1n[nH]c2c1ncn2C1CC(OP(=O)(O)O)C(O)C(OP(=O)(O)OP(=O)(O)O)O1,,270.sdf,0,1.2789040803909302,2.50907826423645,10.718149185180664,18.477184295654297
pocketxmol_peak1_sma_atlas_ext,use,sbdd,,Nc1c(NC2OC(COP(=O)(O)O)C(OP(=O)(O)O)C(O)C2O)[nH]c(=O)[nH]c1=O,,271.sdf,0,1.2999389171600342,2.681907892227173,11.647538185119627,19.176700592041016
pocketxmol_peak1_sma_atlas_ext,use,sbdd,,Nc1ncnc2c1ncn2C1OC(OP(=O)(O)OP(=O)(O)O)C(COP(=O)(O)O)CC1O,,272.sdf,0,1.348813772201538,2.5935988426208496,11.49526596069336,19.12638282775879
pocketxmol_peak1_sma_atlas_ext,use,sbdd,,NC1C2CC1(O)C(OP(=O)(O)O)C(Nc1ncnc3ncncc13)O2,,273.sdf,0,1.27070951461792,2.470463991165161,10.042083740234377,18.06220245361328
pocketxmol_peak1_sma_atlas_ext,use,sbdd,,Nc1[nH]nc2c1ncn2C1C2OC2C(OP(=O)(O)OP(=O)(O)O)C1O[PH](=O)OP(=O)(O)O,,274.sdf,0,1.1801719665527344,2.234553575515747,10.17868995666504,18.31556701660156
pocketxmol_peak1_sma_atlas_ext,use,sbdd,,,bad,275-bad.sdf,0,1.4105191230773926,2.647155284881592,11.118828773498535,18.728160858154297
pocketxmol_peak1_sma_atlas_ext,use,sbdd,,O=P(O)(O)OC1CC(n2cnc3cncnc32)OC1COP(=O)(O)OP(=O)(O)O,,276.sdf,0,1.3267155885696411,2.604685068130493,10.921588897705078,18.77255630493164
pocketxmol_peak1_sma_atlas_ext,use,sbdd,,CC1OP(=O)(O)OP(=O)(O)OP(=O)(O)OC2OC(CC2[N+]2=Cc3c(N)ncnc32)C1O,,277.sdf,0,1.2036935091018677,2.356317043304444,10.52317714691162,18.5378360748291
pocketxmol_peak1_sma_atlas_ext,use,sbdd,,Nc1ncnc2c1ncn2COC(O)C(COP(=O)(O)OP(=O)(O)O)OP(=O)(O)O,,278.sdf,0,1.3252989053726196,2.6983883380889893,11.134936332702637,19.31803703308105
pocketxmol_peak1_sma_atlas_ext,use,sbdd,,O=P(O)(O)OC1C(O)C(O)C(O)C(COP(=O)(O)Oc2ccccc2)C1O,,279.sdf,0,1.3161358833312988,2.6104278564453125,10.29433822631836,19.583738327026367
pocketxmol_peak1_sma_atlas_ext,use,sbdd,,Cc1ccc2c3c1nc1c(=O)ncnc-1n3C(C(C)(C)COP(=O)(O)O)C2,,280.sdf,0,1.351559042930603,2.5159590244293213,10.020881652832031,17.77242088317871
pocketxmol_peak1_sma_atlas_ext,use,sbdd,,Nc1ncnc2c1ncn2C1OC(OP(=O)(O)OP(N)(=O)O)CNC1[N+](=O)O,,281.sdf,0,1.3684258460998535,2.5566985607147217,10.542753219604492,18.57783889770508
pocketxmol_peak1_sma_atlas_ext,use,sbdd,,O=c1ncn(C2OCC(COP(=O)(O)OCP(=O)(O)O)C(O)C2O)cc1O,,282.sdf,0,1.243301272392273,2.556800365447998,10.292125701904297,18.764625549316406
pocketxmol_peak1_sma_atlas_ext,use,sbdd,,CC1=[N+](CCC2(CO[PH](O)(O)O[PH](=O)(=O)O)CC2)C(=O)NC1=O,,283.sdf,0,1.2309625148773191,2.1305649280548096,9.14767074584961,17.70353889465332
pocketxmol_peak1_sma_atlas_ext,use,sbdd,,Nc1nc(=O)c2ncn(C3CC(OP(=O)(O)O)C(COP(=O)(O)O)O3)c2[nH]1,,284.sdf,0,1.3263025283813477,2.6412806510925293,11.492340087890623,18.81650733947754
pocketxmol_peak1_sma_atlas_ext,use,sbdd,,O=C(c1ccc(O)[nH]1)C1OC(COP(=O)(O)O)C(Oc2ccc([N+](=O)O)cc2)C1F,,285.sdf,0,1.392914891242981,2.6523330211639404,9.490530014038086,18.862625122070312
pocketxmol_peak1_sma_atlas_ext,use,sbdd,,,bad,286-bad.sdf,0,1.310643196105957,2.730415344238281,11.240857124328612,19.03484535217285
pocketxmol_peak1_sma_atlas_ext,use,sbdd,,NC1=NC=[N+](C2OC(COP(=O)(O)OP(=O)(O)O)C(O)C2OP(=O)(O)O)C=NC=N1,,287.sdf,0,1.301141619682312,2.4873688220977783,10.737293243408203,18.52839469909668
pocketxmol_peak1_sma_atlas_ext,use,sbdd,,Cn1cnc2c(ncn2CC(COP(=O)(O)O)COP(=O)(O)OP(=O)(O)O)c1=O,,288.sdf,0,1.3264455795288086,2.528305530548096,10.884033203125,18.52545928955078
pocketxmol_peak1_sma_atlas_ext,use,sbdd,,Nc1ncnc2c1ncn2C1OC(COP(=O)(O)OP(=O)(O)O)C(OP(=O)(O)O)C1O,,289.sdf,0,1.4487887620925903,2.6859476566314697,11.575142860412598,19.148902893066406
pocketxmol_peak1_sma_atlas_ext,use,sbdd,,O=C1N=C2C(=NN2C2OC(OP(=O)(O)O)C(COP(=O)(O)O)C2O)C(=O)N1,,290.sdf,0,1.3505029678344729,2.601546287536621,11.065571784973145,18.509496688842773
pocketxmol_peak1_sma_atlas_ext,use,sbdd,,O=CC(NC(=O)c1cc2ccccc2nc1-n1cccn1)C(=O)O,,291.sdf,0,1.3591374158859253,2.74955153465271,10.769793510437012,18.34406280517578
pocketxmol_peak1_sma_atlas_ext,use,sbdd,,COc1cc(-c2cc3cc4oc(=O)nc4cc3oc2O)ccc1C(=O)O,,292.sdf,0,1.5318750143051147,2.810098886489868,10.617161750793455,18.02727508544922
pocketxmol_peak1_sma_atlas_ext,use,sbdd,,Nc1ncnc2c1ncn2C(O)C(O)C1OC1COP(=O)(O)N[PH](O)(O)O,,293.sdf,0,1.320243239402771,2.277798175811768,10.644450187683104,18.349946975708008
pocketxmol_peak1_sma_atlas_ext,use,sbdd,,Nc1ncnc2c1ncn2CC1OC(COP(=O)(O)O)CC(O[PH](O)(O)O)C1O,,294.sdf,0,1.4039801359176636,2.78373122215271,11.557738304138184,18.97662353515625
pocketxmol_peak1_sma_atlas_ext,use,sbdd,,O=c1ncc2c3[nH]n(c(O)c1-3)C(O)C(P(=O)(O)O)OCOP(=O)(O)OP(=O)(O)OC2,,295.sdf,0,1.3522677421569824,2.5726959705352783,9.835579872131348,18.727081298828125
pocketxmol_peak1_sma_atlas_ext,use,sbdd,,Cc1cccc2c(N=C(S)Nc3nonc3C(=O)O)ccnc12,,296.sdf,0,1.5081840753555298,2.8060057163238525,10.768631935119627,17.967105865478516
pocketxmol_peak1_sma_atlas_ext,use,sbdd,,O=c1cc(NC2OC(COP(=O)(O)O[PH](=O)O)C(OP(=O)(O)O)C2O)[nH]c(=O)[nH]1,,297.sdf,0,1.3040319681167605,2.484175205230713,11.073116302490234,18.833126068115234
pocketxmol_peak1_sma_atlas_ext,use,sbdd,,Cc1ncc(C(COP(=O)(O)O)Nc2nnnc(=O)n(C)c2=O)c(C)c1C,,298.sdf,0,1.3750529289245603,2.612318515777588,9.607207298278809,18.084449768066406
pocketxmol_peak1_sma_atlas_ext,use,sbdd,,,bad,299-bad.sdf,0,1.2856779098510742,2.609088182449341,10.746885299682615,18.253149032592773
pocketxmol_peak1_sma_atlas_ext,use,sbdd,,Cn1c(=O)ccn(C2OC(COP(=O)(O)OP(=O)(O)O)C2O)c1=O,,300.sdf,0,1.3201316595077517,2.517817497253418,10.89553165435791,18.419189453125
pocketxmol_peak1_sma_atlas_ext,use,sbdd,,CNc1nc(O)c2nc3c(nc2n1)CN(c1nc(C(N)=O)cs1)CC3,,301.sdf,0,1.5305509567260742,2.6300833225250244,10.300342559814451,17.922183990478516
pocketxmol_peak1_sma_atlas_ext,use,sbdd,,Cn1c(=O)[nH]c2c(c1=O)-n1ccc3c1=C(N2)C(O)C(COP(=O)(O)O)C=3,,302.sdf,0,1.4381049871444702,2.627448558807373,10.18907070159912,17.817859649658203
pocketxmol_peak1_sma_atlas_ext,use,sbdd,,Nc1ncnc2c1ncn2CC1OC1C(COP(=O)(O)O)CO[PH](O)(O)O,,303.sdf,0,1.3467199802398682,2.5586090087890625,10.903367042541504,18.536413192749023
pocketxmol_peak1_sma_atlas_ext,use,sbdd,,,bad,304-bad.sdf,0,1.3515701293945312,2.628806829452514,10.523001670837402,18.53349876403809
pocketxmol_peak1_sma_atlas_ext,use,sbdd,,N=c1[nH]cnc2c1ncn2C1OC1(COP(=O)(O)O)C(OP(=O)(O)O)OP(=O)(O)OP(=O)(O)O,,305.sdf,0,1.3119556903839111,2.4535930156707764,10.857592582702637,18.627479553222656
pocketxmol_peak1_sma_atlas_ext,use,sbdd,,Nc1ncnc2c1ncn2COC(O[PH](=O)(=O)O)C(OC(=O)OP(=O)(O)O)OP(=O)(O)O,,306.sdf,0,1.3228003978729248,2.6145567893981934,10.469464302062988,18.85628318786621
pocketxmol_peak1_sma_atlas_ext,use,sbdd,,NP(=O)(O)OP(=O)(O)OCC1COCC(n2cnc3c(=O)[nH]c(O)nc32)O1,,307.sdf,0,1.3718067407608032,2.634627103805542,10.978961944580078,18.56041145324707
pocketxmol_peak1_sma_atlas_ext,use,sbdd,,CN(C(=O)c1cc(N)on1)C(CCCS(=O)(=O)N1CCCCC1)c1ccccn1,,308.sdf,0,1.3489667177200315,2.597507953643799,9.91974639892578,18.70099449157715
pocketxmol_peak1_sma_atlas_ext,use,sbdd,,O=c1cc[n+](C2OCC(OP(=O)(O)OP(=O)(O)O)C2O)cc(=O)[nH]1,,309.sdf,0,1.3219929933547974,2.637730836868286,10.552403450012209,18.422388076782227
pocketxmol_peak1_sma_atlas_ext,use,sbdd,,Nc1ncc2nn(C3OC(COP(=O)(O)OP(=O)(O)O)CC3OP(=O)(O)O)nc2n1,,310.sdf,0,1.295202374458313,2.658602714538574,10.582840919494627,18.60016632080078
pocketxmol_peak1_sma_atlas_ext,use,sbdd,,Nc1nc(N)n(C2OC(C3OP(=O)(O)OP(=O)(O)O3)C(O)C2O[PH](=O)O)c(=O)n1,,311.sdf,0,1.3143969774246216,2.5274698734283447,10.679636001586914,18.86575126647949
pocketxmol_peak1_sma_atlas_ext,use,sbdd,,O=C(O)c1nc(Cc2ccccc2)n2c1nc(-c1ccccn1)c1ccccc12,,312.sdf,0,1.5076295137405396,2.8750109672546387,10.558075904846191,18.92997932434082
pocketxmol_peak1_sma_atlas_ext,use,sbdd,,NC1=NC(=O)c2c[n+](C3OCC(OP(=O)(O)O[PH](=O)(=O)O)C(O)C3O)cn21,,313.sdf,0,1.2606170177459717,2.4342782497406006,10.00398063659668,18.34279060363769
pocketxmol_peak1_sma_atlas_ext,use,sbdd,,Nc1[nH]nc2c1ncn2C1CC(OP(=O)(O)O)C(O)C(COP(=O)(O)NP(=O)(O)O)O1,,314.sdf,0,1.3214253187179563,2.43758511543274,10.12746810913086,18.30325698852539
pocketxmol_peak1_sma_atlas_ext,use,sbdd,,NC(=O)c1cc[n+](C2CC(P(=O)(O)O)C(O)C(COP(=O)(O)OP(=O)(O)O)O2)cn1,,315.sdf,0,1.362589716911316,2.795424699783325,10.688803672790527,19.15066909790039
pocketxmol_peak1_sma_atlas_ext,use,sbdd,,Nc1nc(=O)c2ncn(CC(COP(=O)(O)O)OP(=O)(O)O)c2[nH]1,,316.sdf,0,1.3880077600479126,2.648761034011841,11.263934135437012,18.52368927001953
pocketxmol_peak1_sma_atlas_ext,use,sbdd,,CC1OC(n2cnc3c(N)ncnc32)C(O)C1OP(=O)(O)OP(=O)(O)O,,317.sdf,0,1.323514461517334,2.595232486724853,11.270259857177734,18.6649169921875
pocketxmol_peak1_sma_atlas_ext,use,sbdd,,Nc1cnn(C2CC3(O)C(O)C2C2OP(=O)(O)OP(=O)(O)OC23)c(=O)n1,,318.sdf,0,1.2750962972640991,2.490137815475464,10.792555809020996,18.69230079650879
pocketxmol_peak1_sma_atlas_ext,use,sbdd,,Nc1ncnc2c1ncn2C1CC(OP(=O)(O)O)C(O)C(COP(=O)(O)O)O1,,319.sdf,0,1.3781970739364624,2.595094680786133,11.285287857055664,18.54685401916504
pocketxmol_peak1_sma_atlas_ext,use,sbdd,,,bad,320-bad.sdf,0,1.3502894639968872,2.5930299758911133,11.569339752197266,18.747116088867188
pocketxmol_peak1_sma_atlas_ext,use,sbdd,,NC1=[NH+]C(=O)C2=NC3=[N+](CC(OP(=O)(O)CCP(=O)(O)O)C3O)C2=N1,,321.sdf,0,1.30916428565979,2.371784448623657,10.456467628479004,18.0998477935791
pocketxmol_peak1_sma_atlas_ext,use,sbdd,,NC1=NN=C2C1=NC=[N+]2C1OC(COP(=O)(O)O)CC1OC(=O)OP(=O)(O)O,,322.sdf,0,1.282399296760559,2.6056904792785645,10.41326141357422,18.60938835144043
pocketxmol_peak1_sma_atlas_ext,use,sbdd,,Nc1ncnc2c1ncn2C1C(COP(=O)(O)O)OC(C(O)O[PH](O)(O)O)C1O,,323.sdf,0,1.3490214347839355,2.4069080352783203,10.933904647827148,18.4504337310791
pocketxmol_peak1_sma_atlas_ext,use,sbdd,,Nc1ncnc2c1ncn2C1OC(COP(=O)(O)O)C2OC2(COP(=O)(O)O)C1O,,324.sdf,0,1.3559802770614624,2.5580666065216064,11.42295742034912,18.76329040527344
pocketxmol_peak1_sma_atlas_ext,use,sbdd,,Nc1ncnc2c1ncn2C1OC(COP(=O)(O)O[PH](=O)O)C(O)C1O,,325.sdf,0,1.4559420347213743,2.813389778137207,12.202259063720703,19.096450805664062
pocketxmol_peak1_sma_atlas_ext,use,sbdd,,N=C1C(=O)N=NC(NC2C(O)C(O)C(COP(=O)(O)O)C2OP(=O)(O)O)=C1N,,326.sdf,0,1.3109861612319946,2.5588572025299072,10.961585998535156,18.74811744689941
pocketxmol_peak1_sma_atlas_ext,use,sbdd,,O=c1[nH]c(NC2CC(OP(=O)(O)O)C(COP(=O)(O)CP(=O)(O)O)O2)c(O)c(=O)[nH]1,,327.sdf,0,1.398026704788208,2.679880380630493,10.56276512145996,18.75975608825684
pocketxmol_peak1_sma_atlas_ext,use,sbdd,,Cc1cc([SH](N)(=O)O)ccc1NC(=S)Nc1ccc(C(O)O)c2ncccc12,,328.sdf,0,1.5405511856079102,2.783466100692749,10.145696640014648,18.41016960144043
pocketxmol_peak1_sma_atlas_ext,use,sbdd,,C[n+]1cnc2n(C3OC(COC(CP(=O)(O)O)P(=O)(O)O)C(O)C3O)cncc1-2,,329.sdf,0,1.2972311973571775,2.5892810821533203,10.467647552490234,18.86184501647949
pocketxmol_peak1_sma_atlas_ext,use,sbdd,,O=P(O)(O)C(NCCCc1ccc(F)cc1)c1ccc(Br)cc1,,330.sdf,0,1.4215688705444336,2.827392578125,10.970080375671388,18.9375228881836
pocketxmol_peak1_sma_atlas_ext,use,sbdd,,Nc1nc2c(ncn2C2OC(C=COP(=O)(O)OP(=O)(O)P)C(O)C2O)c(=O)[nH]1,,331.sdf,0,1.3910566568374634,2.609949827194214,11.109721183776855,18.993087768554688
pocketxmol_peak1_sma_atlas_ext,use,sbdd,,CNC1(C)COC(C)(C)C1(C)C.NC1C(O)CC(COP(=O)(O)O)OC1C(=O)O,incomp,332-incomp.sdf,0,1.1693263053894043,2.229912042617798,8.431382179260254,18.34056282043457
pocketxmol_peak1_sma_atlas_ext,use,sbdd,,O=C1N=CN=C2C1=NC=[N+]2C1CC(OP(=O)(O)O)C(O)C(OP(=O)(O)O)O1,,333.sdf,0,1.405520796775818,2.6937830448150635,10.941978454589844,18.530658721923828
pocketxmol_peak1_sma_atlas_ext,use,sbdd,,Nc1ncnc2c1ncn2C1OC(COC(CP(=O)(O)O)P(N)(=O)O)C(O)C1O,,334.sdf,0,1.3823567628860474,2.745415687561035,11.24827003479004,18.99160385131836
pocketxmol_peak1_sma_atlas_ext,use,sbdd,,,bad,335-bad.sdf,0,1.4247431755065918,2.7515039443969727,12.155555725097656,18.69795036315918
pocketxmol_peak1_sma_atlas_ext,use,sbdd,,NP(=O)(O)OP(=O)(O)OCC(O)C(O)C(O)n1cnc2c1N=NC2=O,,336.sdf,0,1.2216755151748655,2.360955715179444,10.28204345703125,17.925640106201172
pocketxmol_peak1_sma_atlas_ext,use,sbdd,,Cc1cc(NC(CC(CCOP(=O)(O)O)C(=O)O)c2ccc(=O)[nH]c2)c[nH]c1=O,,337.sdf,0,1.311506748199463,2.589665174484253,9.262930870056152,18.598264694213867
pocketxmol_peak1_sma_atlas_ext,use,sbdd,,,bad,338-bad.sdf,0,1.227488994598389,2.348600149154663,10.897019386291504,18.276668548583984
pocketxmol_peak1_sma_atlas_ext,use,sbdd,,Nc1ncnc2c1ncn2C1OC2COP(=O)(O)NP(=O)(O)OP(=O)(O)OC1C2,,339.sdf,0,1.4052032232284546,2.594594955444336,11.633188247680664,19.17742919921875
pocketxmol_peak1_sma_atlas_ext,use,sbdd,,O=P(O)(O)OCC1OC(n2cnc3c(O)n[nH]c32)C(OP(=O)(O)O)C1O,,340.sdf,0,1.294003963470459,2.526376962661743,10.493181228637695,18.44881057739257
pocketxmol_peak1_sma_atlas_ext,use,sbdd,,CC(=O)N1CCN(C(=O)c2cccc(-c3ccc(N)nc3)c2)CC1,,341.sdf,0,1.5395915508270264,2.8630387783050537,11.41777515411377,18.712841033935547
pocketxmol_peak1_sma_atlas_ext,use,sbdd,,Nc1ncnc2c1ncn2C1OC(COP(=O)(O)OP(N)(=O)S)C(O)C1O,,342.sdf,0,1.4333443641662598,2.6906864643096924,11.470752716064451,18.94938850402832
pocketxmol_peak1_sma_atlas_ext,use,sbdd,,CC(=O)N(c1cc2ccccc2[nH]1)c1ncc(Cn2ccc(O)[nH+]c2=O)c[nH+]1,,343.sdf,0,1.544477939605713,2.6140153408050537,9.751001358032228,18.04180145263672
pocketxmol_peak1_sma_atlas_ext,use,sbdd,,NC(=O)C1=NC=C2CC(O[PH](O)(O)CCO[PH](O)(O)OP(=O)(O)O)NC21,,344.sdf,0,1.1601231098175049,2.332646608352661,8.217446327209473,17.90877914428711
pocketxmol_peak1_sma_atlas_ext,use,sbdd,,O=P(O)(O)OP(=O)(O)OC1C2OP(=O)(O)OP(=O)(O)OC(P(=O)(O)O)C2C1P(=O)(O)O,,345.sdf,0,1.206628441810608,2.2952747344970703,10.22553253173828,19.35612678527832
pocketxmol_peak1_sma_atlas_ext,use,sbdd,,Nc1ncnc2c1ncn2C(O)C(O)C(O)COP(=O)(O)OP(=O)(O)O,,346.sdf,0,1.3905123472213743,2.6965408325195312,11.780563354492188,18.45013999938965
pocketxmol_peak1_sma_atlas_ext,use,sbdd,,Nc1ncnc2c1ncn2C1OC1C(O)COP(=O)(O)OP(=O)(O)O,,347.sdf,0,1.3628106117248535,2.612525224685669,11.128612518310549,18.303857803344727
pocketxmol_peak1_sma_atlas_ext,use,sbdd,,Cn1c[n+](C2CC([N+](=O)O)C(O)C(OP(=O)(O)O[PH](O)(O)O)O2)c2ncnc(N)c21,,348.sdf,0,1.373032569885254,2.5354039669036865,10.614775657653809,18.442522048950195
pocketxmol_peak1_sma_atlas_ext,use,sbdd,,COC(=O)Cn1cc(-c2noc(C)c2NC(=O)c2ccccc2)c(CN2CC2)n1,,349.sdf,0,1.3353136777877808,2.592923164367676,9.49213695526123,18.880596160888672
pocketxmol_peak1_sma_atlas_ext,use,sbdd,,CC(=O)NC(COc1ccc(C(N)=O)c2nonc12)c1ccc(F)cc1,,350.sdf,0,1.4554051160812378,2.669511556625366,10.020821571350098,18.58248710632324
pocketxmol_peak1_sma_atlas_ext,use,sbdd,,N=C1N=C[NH+]=C2N=C(C(CO[PH](=O)(=O)O)OCc3c[nH]c4ccccc34)N=C12,,351.sdf,0,1.3858784437179563,2.820924997329712,11.07053279876709,18.33740234375
pocketxmol_peak1_sma_atlas_ext,use,sbdd,,Nc1c(O)ncn(C2CC(OP(=O)(O)O)C(O)C(OP(=O)(O)NP(=O)(O)O)O2)c1=O,,352.sdf,0,1.3509575128555298,2.581363677978516,10.748920440673828,18.7249698638916
pocketxmol_peak1_sma_atlas_ext,use,sbdd,,Nc1ncnc2c1ncn2C1OC(OP(=O)(O)NP(=O)(O)O)C2OP(=O)(O)OC21,,353.sdf,0,1.4042569398880005,2.7003724575042725,11.264676094055176,18.9362735748291
pocketxmol_peak1_sma_atlas_ext,use,sbdd,,Nc1ncnc2c1ncn2C1OC(CCOP(=O)(O)OP(N)(=O)S)C(O)C1O,,354.sdf,0,1.3928240537643433,2.5442821979522705,11.039732933044434,18.78947639465332
pocketxmol_peak1_sma_atlas_ext,use,sbdd,,O=P(O)(O)OP(=O)(O)OC1OC(n2cnc(O)c3ncnc2-3)C2OC12,,355.sdf,0,1.273164987564087,2.528524160385132,10.3121976852417,18.1102237701416
pocketxmol_peak1_sma_atlas_ext,use,sbdd,,Nc1ncnc2c1ncn2C1OC(COP(=O)(O)OP2(=O)OP(=O)(O)O2)C(O)C1O,,356.sdf,0,1.3895127773284912,2.4064536094665527,11.309978485107422,18.618337631225582
pocketxmol_peak1_sma_atlas_ext,use,sbdd,,,bad,357-bad.sdf,0,1.443485975265503,2.704017877578736,11.461551666259766,18.866958618164062
pocketxmol_peak1_sma_atlas_ext,use,sbdd,,O=c1nc[nH]c2c1ncn2C1OC(COP(=O)(O)OP(=O)(O)O)C1O,,358.sdf,0,1.3816484212875366,2.4723153114318848,11.467463493347168,18.866273880004883
pocketxmol_peak1_sma_atlas_ext,use,sbdd,,Nc1ncnc2c1ncn2C1OC(OP(=O)(O)O)C(O)C(OP(=O)(O)O)C1O,,359.sdf,0,1.3370431661605835,2.451038360595703,11.18799114227295,18.526351928710938
pocketxmol_peak1_sma_atlas_ext,use,sbdd,,O=c1cc(NC2(O)C(OP(=O)(O)O)OC(OP(=O)(O)O)C2OP(=O)(O)O)[nH]c(=O)[nH]1,,360.sdf,0,1.2268871068954468,2.260239124298096,10.624807357788086,18.616783142089844
pocketxmol_peak1_sma_atlas_ext,use,sbdd,,,bad,361-bad.sdf,0,1.259984016418457,2.500219821929932,10.108420372009276,18.911741256713867
pocketxmol_peak1_sma_atlas_ext,use,sbdd,,O=P(O)(O)OC1CC(P(=O)(O)O)C(OP(=O)(O)O)C(OP(=O)(O)O)C1OP(=O)(O)O,,362.sdf,0,1.3025606870651243,2.618431568145752,10.898747444152832,19.31321907043457
pocketxmol_peak1_sma_atlas_ext,use,sbdd,,,bad,363-bad.sdf,0,1.300716519355774,2.43184494972229,10.662991523742676,18.81423759460449
pocketxmol_peak1_sma_atlas_ext,use,sbdd,,CC1=CC(CC(=O)NC(C)C=O)C=C(C(CC(=O)OP(=O)(O)O)OP(=O)(O)O)C1,,364.sdf,0,1.247453212738037,2.4538581371307373,9.070802688598633,19.099756240844727
pocketxmol_peak1_sma_atlas_ext,use,sbdd,,Nc1n(N)c(=O)cn[n+]1CC1OC(COP(=O)(O)OP(=O)(O)O)C(O)C1O,,365.sdf,0,1.2548750638961792,2.624338388442993,10.093502044677734,18.553661346435547
pocketxmol_peak1_sma_atlas_ext,use,sbdd,,Nc1ncnc2c1ncn2C1CC(P(=O)(O)O)CC(COP(=O)(O)O)O1,,366.sdf,0,1.4309475421905518,2.797173023223877,11.536190032958984,18.66006851196289
pocketxmol_peak1_sma_atlas_ext,use,sbdd,,O=c1ncn(C2COC(COP(=O)(O)O)C2O[PH](=O)(=O)O)c2ncncc12,,367.sdf,0,1.3890892267227173,2.637638807296753,10.97829818725586,18.41867446899414
pocketxmol_peak1_sma_atlas_ext,use,sbdd,,Nc1ncnc2c1ncn2C1OCC(OP(=O)(O)OP(=O)(O)O)C1OP(=O)(O)O,,368.sdf,0,1.3697437047958374,2.595332384109497,11.209979057312012,18.8984603881836
pocketxmol_peak1_sma_atlas_ext,use,sbdd,,O=c1cc(NOC(COP(=O)(O)O)C(O)Cn2nc(O)c3nonc32)[nH]c(=O)[nH]1,,369.sdf,0,1.261436104774475,2.5593972206115723,10.552875518798828,18.414947509765625
pocketxmol_peak1_sma_atlas_ext,use,sbdd,,Nc1ncn(CC2OC(COP(=O)(O)O)C(O)C2OP(=O)(O)O)c2ncnc1-2,,370.sdf,0,1.3431332111358645,2.565159320831299,11.380765914916992,18.543407440185547
pocketxmol_peak1_sma_atlas_ext,use,sbdd,,,bad,371-bad.sdf,0,1.4639039039611816,2.6518783569335938,8.643387794494629,17.728368759155273
pocketxmol_peak1_sma_atlas_ext,use,sbdd,,O=c1nc(O)ccn1C1OCCC(OP(=O)(O)O[PH](=O)(=O)O)C1O,,372.sdf,0,1.3413078784942627,2.655338764190674,10.981144905090332,18.81856155395508
pocketxmol_peak1_sma_atlas_ext,use,sbdd,,Nc1ncnc2c1ncn2C1C(OP(=O)(O)O)C1C1(O)OC1COP(=O)(O)O,,373.sdf,0,1.2169331312179563,2.22978138923645,10.61002254486084,18.0178165435791
pocketxmol_peak1_sma_atlas_ext,use,sbdd,,,bad,374-bad.sdf,0,1.2126275300979614,2.354262590408325,11.212361335754396,18.504222869873047
pocketxmol_peak1_sma_atlas_ext,use,sbdd,,O=c1ncnc2n(C3OC(CP(=O)(O)O)C(O)C(OP(=O)(O)O)C3O)ncnc1-2,,375.sdf,0,1.3329728841781616,2.556368589401245,10.973031044006348,18.61674690246582
pocketxmol_peak1_sma_atlas_ext,use,sbdd,,,bad,376-bad.sdf,0,1.3087528944015503,2.4383432865142822,10.55060863494873,18.02975082397461
pocketxmol_peak1_sma_atlas_ext,use,sbdd,,O=C1N=NC2=[N+](C3OCC(C4OP(=O)(O)OP(=O)(O)O4)C(O)C3O)C=NC2=N1,,377.sdf,0,1.284970760345459,2.4654345512390137,10.78073787689209,18.38761138916016
pocketxmol_peak1_sma_atlas_ext,use,sbdd,,Nc1ncnc2c1ncn2C1OC(COP(=O)(O)OP(=O)(O)O)C1O.OP(O)O,incomp,378-incomp.sdf,0,1.2658401727676392,2.488510131835937,11.069425582885742,18.755979537963867
pocketxmol_peak1_sma_atlas_ext,use,sbdd,,CCc1nc(Nc2ccc(C(C)=O)cc2)c2cnc3ccccc3c2n1,,379.sdf,0,1.5774755477905271,2.9694161415100098,11.064881324768066,18.532920837402344
pocketxmol_peak1_sma_atlas_ext,use,sbdd,,Nc1nnc2c(ncn2C2CC(OP(=O)(O)O)C(O)C2COP(=O)(O)O)n1,,380.sdf,0,1.347889065742493,2.6357572078704834,10.34980297088623,18.332422256469727
pocketxmol_peak1_sma_atlas_ext,use,sbdd,,Cn1cc2[nH]c3ccccc3c3nc4nc5cc6c(cc5[n+]4nc3c-2c1=O)OCCO6,,381.sdf,0,1.462587594985962,2.667227029800415,10.211116790771484,17.966171264648438
pocketxmol_peak1_sma_atlas_ext,use,sbdd,,Nc1ncnc2c1ncn2C1OC(OP(=O)(O)O)C(OCCP(=O)(O)O)C1O,,382.sdf,0,1.3194295167922974,2.5873844623565674,11.284050941467283,18.65566635131836
pocketxmol_peak1_sma_atlas_ext,use,sbdd,,CC1OC(n2cnc3c(=N)nc[nH]c32)C(O)C1OP(=O)(NP(=O)(O)O)OP(=O)(O)O,,383.sdf,0,1.3231406211853027,2.509255170822144,10.917489051818848,18.58950996398925
pocketxmol_peak1_sma_atlas_ext,use,sbdd,,Nc1nc(=O)c(N)c(NC2C(OP(=O)(O)OP(=O)(O)O)OC(COP(=O)(O)O)C2O)[nH]1,,384.sdf,0,1.3022520542144775,2.640780210494995,10.912630081176758,19.008787155151367
pocketxmol_peak1_sma_atlas_ext,use,sbdd,,O=C1N=C[N+](C2CC(OP(=O)(O)O)C(COP(=O)(O)O)O2)=C2N=CN=C12,,385.sdf,0,1.3419864177703855,2.5804712772369385,11.214941024780272,18.490663528442383
pocketxmol_peak1_sma_atlas_ext,use,sbdd,,O=C1N=CC2=C3N=C(N=C13)NC1OP(=O)(O)OCC1O[PH](=O)(=O)OCC(P(=O)(O)O)OC2,,386.sdf,0,1.2545849084854126,2.409641027450561,10.241467475891112,18.57304573059082
pocketxmol_peak1_sma_atlas_ext,use,sbdd,,NP(=O)(O)OC(=O)OCC1OC(C[N+]2=CN=C3C(F)=NN=C32)CC1O,,387.sdf,0,1.2828789949417114,2.6047840118408203,9.81201457977295,18.686607360839844
pocketxmol_peak1_sma_atlas_ext,use,sbdd,,NC1=NC=NC=[N+](C2OC(COP(=O)(O)O)CC2COP(=O)(O)O[PH](=O)(=O)O)C=N1,,388.sdf,0,1.2554243803024292,2.5850377082824707,10.510255813598633,18.45787239074707
pocketxmol_peak1_sma_atlas_ext,use,sbdd,,Cc1cn(CC(OP(=O)(O)O)C(COP(=O)(O)O)OP(=O)(O)O)c(O)nc1=O,,389.sdf,0,1.3279422521591189,2.426048040390014,10.55859375,18.94390106201172
pocketxmol_peak1_sma_atlas_ext,use,sbdd,,,bad,390-bad.sdf,0,1.2811806201934814,2.3874588012695312,9.07524585723877,18.052934646606445
pocketxmol_peak1_sma_atlas_ext,use,sbdd,,O=C1NC2OC(COP(=O)(O)OP(=O)(O)N1)C(OP(=O)(O)O)C(O)C(O)C2=O,,391.sdf,0,1.270065426826477,2.4982383251190186,10.918601989746094,19.89316368103028
pocketxmol_peak1_sma_atlas_ext,use,sbdd,,Nc1nc(=O)c2ncn(CC(O)C(O)C(CCOP(=O)(O)O)OP(=O)(O)OP(=O)(O)O)c2[nH]1,,392.sdf,0,1.3227124214172363,2.4082698822021484,11.09587860107422,18.61161231994629
pocketxmol_peak1_sma_atlas_ext,use,sbdd,,O=C1C2OC(COP(=O)(O)OCP(=O)(O)OCc3ccn1c(=O)c3)C2O,,393.sdf,0,1.2347437143325806,2.4774105548858643,9.596732139587402,18.987462997436523
pocketxmol_peak1_sma_atlas_ext,use,sbdd,,OC(CSc1nccn1-c1ccc2ncccc2c1)=NCC1CCCC1,,394.sdf,0,1.4125765562057495,2.816060781478882,10.787227630615234,18.774639129638672
pocketxmol_peak1_sma_atlas_ext,use,sbdd,,O=P(O)(O)OP(=O)(O)OCC1OC(n2cnc3nncnc32)C(O)C1O,,395.sdf,0,1.415608525276184,2.7615721225738525,11.088699340820312,19.02310371398925
pocketxmol_peak1_sma_atlas_ext,use,sbdd,,O=c1ccn(C2OC(C(CP(=O)(O)O)OCNP(=O)(O)O)C(O)C2O)c(=O)[nH]1,,396.sdf,0,1.2561990022659302,2.3769681453704834,10.449804306030272,18.67977905273437
pocketxmol_peak1_sma_atlas_ext,use,sbdd,,O=C(Nc1cccc(N=C(O)c2ccncc2)c1O)c1ccccc1O,,397.sdf,0,1.5233073234558103,2.774702310562134,9.994258880615234,19.167186737060547
pocketxmol_peak1_sma_atlas_ext,use,sbdd,,CCCC(=O)Oc1ccc(Nc2ncccc2C(=O)O)c2ccccc12,,398.sdf,0,1.5616707801818848,2.809338092803955,10.044389724731444,18.470319747924805
pocketxmol_peak1_sma_atlas_ext,use,sbdd,,Nc1c(O)ncn(CC2OC(OP(=O)(O)OP(=O)(O)O)C(O)C2O)c1=O,,399.sdf,0,1.3455331325531006,2.5269460678100586,10.584961891174316,18.5728702545166
pocketxmol_peak1_sma_atlas_ext,use,sbdd,,NC(=O)c1ccc(N(C(=O)COP(=O)(O)O)c2cnc(=O)[nH]c(=O)n2)cc1,,400.sdf,0,1.3789567947387695,2.7188146114349365,10.483585357666016,18.31704902648925
pocketxmol_peak1_sma_atlas_ext,use,sbdd,,O=c1[nH]cnc2c1ncn2CCNc1cccc2c(=O)n3nc[nH]c3nc12,,401.sdf,0,1.550931096076965,2.782045364379883,10.45100212097168,18.24909782409668
pocketxmol_peak1_sma_atlas_ext,use,sbdd,,,bad,402-bad.sdf,0,1.2854222059249878,2.590698003768921,10.151805877685549,19.0656795501709
pocketxmol_peak1_sma_atlas_ext,use,sbdd,,N=C(NP(=O)(O)O)NP(=O)(O)N1CCN(c2cnc3cncnc3n2)CC1,,403.sdf,0,1.3401600122451782,2.714106559753418,9.766685485839844,18.52267265319824
pocketxmol_peak1_sma_atlas_ext,use,sbdd,,Nc1ncnc2c1ncn2C1OC(COP2(=O)O[PH](=O)(=O)O2)C(O)C1O,,404.sdf,0,1.3582143783569336,2.600541591644287,11.489720344543455,18.569917678833008
pocketxmol_peak1_sma_atlas_ext,use,sbdd,,Nc1ncnc2c1ncn2C1OC(COP(=O)(O)O)C(C(CP(=O)(O)O)OP(=O)(O)O)C1O,,405.sdf,0,1.3748239278793335,2.746161937713623,11.663585662841797,19.18279457092285
pocketxmol_peak1_sma_atlas_ext,use,sbdd,,Cc1cnc(=O)n(C2OC(COP(=O)(O)OCP(=O)(O)O)C(O)C2O)c1,,406.sdf,0,1.329692244529724,2.671692371368408,11.037593841552734,19.239377975463867
pocketxmol_peak1_sma_atlas_ext,use,sbdd,,Nc1nc2nc3c(nc2c(=O)[nH]1)C(OP(=O)(O)O)C(OP(=O)(O)O)C3OP(=O)(O)O,,407.sdf,0,1.3540226221084597,2.6720473766326904,11.259885787963867,18.825647354125977
pocketxmol_peak1_sma_atlas_ext,use,sbdd,,O=C(OP(=O)(O)O)C1OC(Cn2cnc3c(=O)[nH]cnc32)C(O)C1O,,408.sdf,0,1.375818967819214,2.612006902694702,11.172562599182127,18.514856338500977
pocketxmol_peak1_sma_atlas_ext,use,sbdd,,Nc1ncnc2c1ncn2C1OC(COP(=O)(O)O)C(OCOP(=O)(O)O)C1O,,409.sdf,0,1.3875690698623655,2.6298141479492188,11.614540100097656,19.045637130737305
pocketxmol_peak1_sma_atlas_ext,use,sbdd,,Nc1ncnc2c1NC1C(OP(=O)(O)O[PH](O)(O)O)C(OP(=O)(O)O)C(OP(=O)(O)O)C21,,410.sdf,0,1.2986851930618286,2.355030536651612,10.425402641296388,18.92778205871582
pocketxmol_peak1_sma_atlas_ext,use,sbdd,,O=c1[nH]c2c3ncnc2n1CCCCCCO[PH](=O)(=O)OCC(O)C(O)CN3,,411.sdf,0,1.322157621383667,2.81071138381958,11.39805507659912,19.45055389404297
pocketxmol_peak1_sma_atlas_ext,use,sbdd,,Nc1ncnc2c1ncn2C1OCC(OP(=O)(O)N(P(N)(=O)O)P(=O)(O)O)C2OC21,,412.sdf,0,1.3014357089996338,2.381545305252075,10.529203414916992,18.293603897094727
pocketxmol_peak1_sma_atlas_ext,use,sbdd,,Nc1cc(N2CC(n3cnc(N)nc3=O)OC(P(=O)(O)OP(=O)(O)O)C2)ncn1,,413.sdf,0,1.427919626235962,2.6435794830322266,10.458879470825195,18.463743209838867
pocketxmol_peak1_sma_atlas_ext,use,sbdd,,Nc1ncnc2c1ncn2C1OC1C(O)C1OP(=O)(O)OP(=O)(O)OP(=O)(O)O1,,414.sdf,0,1.325071096420288,2.598820209503174,11.491671562194824,18.97330474853516
pocketxmol_peak1_sma_atlas_ext,use,sbdd,,Nc1ncnc2c1ncn2C1OC(C(OP(=O)(O)O)OP(=O)(O)O)C(O)C1O,,415.sdf,0,1.4378491640090942,2.7114176750183105,11.905156135559082,19.07080268859864
pocketxmol_peak1_sma_atlas_ext,use,sbdd,,,bad,416-bad.sdf,0,1.1447172164916992,2.134702205657959,9.8275728225708,18.00956153869629
pocketxmol_peak1_sma_atlas_ext,use,sbdd,,O=C(O)C1=CN=C2C(c3cccc(Cl)c3)=C(N3CCCCC3)N=[N+]2C1=O,,417.sdf,0,1.47468900680542,2.7657268047332764,11.118118286132812,18.642070770263672
pocketxmol_peak1_sma_atlas_ext,use,sbdd,,Nc1ncnc2nc(C3C(O)C(O)C3COP(=O)(O)CC(=O)NP(=O)(O)O)[nH]c12,,418.sdf,0,1.2588045597076416,2.5898101329803467,10.615236282348633,18.519819259643555
pocketxmol_peak1_sma_atlas_ext,use,sbdd,,,bad,419-bad.sdf,0,1.246776461601257,2.451147079467773,10.380759239196776,19.210193634033203
pocketxmol_peak1_sma_atlas_ext,use,sbdd,,NC1=NC(=O)C2=NC=[N+](C3OC(OP(=O)(O)O)C(OP(=O)(O)O)CC3O[N+](=O)O)C2=N1,,420.sdf,0,1.366037130355835,2.713052988052368,11.472747802734377,18.971439361572266
pocketxmol_peak1_sma_atlas_ext,use,sbdd,,Cc1ccc(C)c2c1=NC1=C(Nc3ccc(F)cc3)C(=O)N=NC=21,,421.sdf,0,1.5779638290405271,2.902360916137696,10.069817543029783,18.24242782592773
pocketxmol_peak1_sma_atlas_ext,use,sbdd,,O=P(O)(O)OCC1OC(N=C2N=CN=C3N=CN=C32)C(OP(=O)(O)O)C1O,,422.sdf,0,1.3428704738616943,2.5883824825286865,11.261662483215332,18.59465980529785
pocketxmol_peak1_sma_atlas_ext,use,sbdd,,CC1=[NH+]c2c(nc3c([n+]2CC(O)C(O)COP(=O)(O)O)=NC(C)=C3O)=NC1=O,,423.sdf,0,1.373441219329834,2.5697789192199707,10.26622200012207,18.007381439208984
pocketxmol_peak1_sma_atlas_ext,use,sbdd,,Nc1ccn(C2CC(OP(=O)(O)O)C(C(O)CO[PH](=O)(=O)O)O2)c(=O)n1,,424.sdf,0,1.3275039196014404,2.679659128189087,10.95271110534668,18.87846946716309
pocketxmol_peak1_sma_atlas_ext,use,sbdd,,N=C(O)CNC(=O)C1CNc2nc3ccccc3cc2C(COP(=O)(O)O)C1,,425.sdf,0,1.3518133163452148,2.755005359649658,10.66125202178955,19.10079002380371
pocketxmol_peak1_sma_atlas_ext,use,sbdd,,Nc1ncnc2c1[nH]n2C1OC(P(=O)(O)O)C(OP(=O)(O)N[PH](=O)(=O)O)C1O,,426.sdf,0,1.2752580642700195,2.41149640083313,10.345657348632812,18.381227493286133
pocketxmol_peak1_sma_atlas_ext,use,sbdd,,Nc1ncnc2c1ncn2C1OC(COP(=O)(O)NP(=O)(O)O)CC1O,,427.sdf,0,1.3748655319213867,2.75864839553833,11.625655174255373,18.75336456298828
pocketxmol_peak1_sma_atlas_ext,use,sbdd,,Nc1ncnc2c1ncn2C1C(O)C(OP(=O)(O)O)C1OP(=O)(O)OP(=O)(O)S,,428.sdf,0,1.309871792793274,2.3295674324035645,10.900819778442385,18.25301170349121
pocketxmol_peak1_sma_atlas_ext,use,sbdd,,Cc1c(N)n(C2C(COP(=O)(O)O)OC(CO)C(O)C2O)c(NO)nc1=O,,429.sdf,0,1.2600351572036743,2.252868890762329,9.949885368347168,17.6758975982666
pocketxmol_peak1_sma_atlas_ext,use,sbdd,,NC1=NC(=O)N(C2CCC(O)C(COP(=O)(O)OP(=O)(O)O)O2)NC=C1,,430.sdf,0,1.304837346076965,2.4672625064849854,10.13015365600586,18.59789085388184
pocketxmol_peak1_sma_atlas_ext,use,sbdd,,Nc1ncnc2[nH]c(CC(COP(=O)(O)O)OC3OP(=O)(O)OP(=O)(O)O3)nc12,,431.sdf,0,1.318995475769043,2.5854265689849854,10.531661033630373,18.84989547729492
pocketxmol_peak1_sma_atlas_ext,use,sbdd,,O=P(O)(O)OCC(COP(=O)(O)O)C1CC(OP(=O)(O)O)CC(P(=O)(O)O)O1,,432.sdf,0,1.2712349891662598,2.63045334815979,10.32585620880127,19.35034942626953
pocketxmol_peak1_sma_atlas_ext,use,sbdd,,O=c1ncn(C(OP(=O)(O)O)C(O)C(O)COP(=O)(O)O)c2nc[nH]c12,,433.sdf,0,1.2632875442504885,2.481443166732788,10.84287452697754,18.527732849121094
pocketxmol_peak1_sma_atlas_ext,use,sbdd,,Cc1ccc2c(c1)Nc1c3cc(C)c(C)nn3c(=O)n1C(C(=O)O)C=C2,,434.sdf,0,1.480087399482727,2.713469982147217,9.53805923461914,18.13760566711425
pocketxmol_peak1_sma_atlas_ext,use,sbdd,,Nc1nc(=O)c2nc3c(nc2[nH]1)CCc1ccc(OP(=O)(O)O)cc1N3,,435.sdf,0,1.4657174348831177,2.778453826904297,10.81413459777832,17.906394958496094
pocketxmol_peak1_sma_atlas_ext,use,sbdd,,Nc1ncnc2c1ncn2C1COC(COP(=O)(O)O)CC1OP(=O)(O)O,,436.sdf,0,1.2889562845230105,2.6950719356536865,11.46207332611084,18.740949630737305
pocketxmol_peak1_sma_atlas_ext,use,sbdd,,CP(=O)(O)OC(OP(=O)(O)O)C1OC(n2cnc3nc(=O)nc(N)nc32)C(O)C1O,,437.sdf,0,1.3864986896514893,2.623199939727783,10.95214557647705,18.62540626525879
pocketxmol_peak1_sma_atlas_ext,use,sbdd,,O=P(O)(O)OCC(O)C(OC(COP(=O)(O)O)n1cnc2cccnc21)OP(=O)(O)O,,438.sdf,0,1.260530948638916,2.373775005340576,10.280614852905272,18.562562942504883
pocketxmol_peak1_sma_atlas_ext,use,sbdd,,CC1=CC=C2C(=O)Nc3ccc(C(O)O)cc3N=C2N1c1[nH+]onc1S(O)(O)O,,439.sdf,0,1.4097785949707031,2.574531555175781,9.292285919189451,18.23464012145996
pocketxmol_peak1_sma_atlas_ext,use,sbdd,,Nc1nc(=O)nc(NC2OC(C(=O)OP(=O)(O)O)CC(OP(=O)(O)O)C(O)C2O)[nH]1,,440.sdf,0,1.285478115081787,2.634630918502808,10.498403549194336,18.78532600402832
pocketxmol_peak1_sma_atlas_ext,use,sbdd,,Nc1ncnc2c1ncn2C1OC(CO[PH](O)(O)O)C(OP(=O)(O)NP(=O)(O)O)C1O,,441.sdf,0,1.4060533046722412,2.696827411651612,11.450105667114258,19.17914390563965
pocketxmol_peak1_sma_atlas_ext,use,sbdd,,Nc1nc(=O)c2nc(COC(c3ccccc3)[PH](=O)(=O)O)cnc2[nH]1,,442.sdf,0,1.4510371685028076,2.739789724349976,10.385964393615724,18.42097282409668
pocketxmol_peak1_sma_atlas_ext,use,sbdd,,Nc1[nH]nc2c1ncn2C1OC(COP(=O)(O)OP(=O)(O)O)C2C(OP(=O)(O)O)C21,,443.sdf,0,1.222578525543213,2.293191432952881,10.183929443359377,18.3718376159668
pocketxmol_peak1_sma_atlas_ext,use,sbdd,,COc1ccc(S(=O)(=O)NC(COc2ccc(C(=O)O)cc2)c2ccccc2)cc1,,444.sdf,0,1.464447021484375,2.7789723873138428,10.991317749023438,19.479063034057617
pocketxmol_peak1_sma_atlas_ext,use,sbdd,,Cc1c(N)n(C2OC3(O)C(OP(=O)(O)N4CCOCC4)OC2C3O)cnc1=O,,445.sdf,0,1.2778887748718262,2.5398411750793457,10.523783683776855,18.66318893432617
pocketxmol_peak1_sma_atlas_ext,use,sbdd,,,bad,446-bad.sdf,0,1.2932236194610596,2.3257925510406494,10.179571151733398,17.8398494720459
pocketxmol_peak1_sma_atlas_ext,use,sbdd,,O=P(O)(O)OCC1OC(c2ncnc3cncnc23)CC1OP(=O)(O)OP(=O)(O)O,,447.sdf,0,1.347240924835205,2.661759853363037,10.84131145477295,19.26838111877441
pocketxmol_peak1_sma_atlas_ext,use,sbdd,,N=C(O)c1cc(=O)n(C2CCCCC2OP(=O)(O)OP(=O)(O)O)[nH]1,,448.sdf,0,1.2976269721984863,2.654528379440308,10.226136207580566,18.91117286682129
pocketxmol_peak1_sma_atlas_ext,use,sbdd,,,bad,449-bad.sdf,0,1.330428957939148,2.6486761569976807,10.824639320373535,19.333480834960938
pocketxmol_peak1_sma_atlas_ext,use,sbdd,,Nc1ncnc2c1ncn2C1OC(O[PH](O)(O)O)C(COP(=O)(O)OP(=O)(O)O)C1O,,450.sdf,0,1.388144850730896,2.7716822624206543,11.536215782165527,18.980825424194336
pocketxmol_peak1_sma_atlas_ext,use,sbdd,,,bad,451-bad.sdf,0,1.2982968091964722,2.600259304046631,10.59631633758545,18.18937110900879
pocketxmol_peak1_sma_atlas_ext,use,sbdd,,Nc1ncnc2[nH]cnc12.O=P(O)(O)OC1C(F)C(OP(=O)(O)O)C2OC12,incomp,452-incomp.sdf,0,1.238286018371582,2.297856330871582,10.909056663513184,18.357830047607425
pocketxmol_peak1_sma_atlas_ext,use,sbdd,,O=c1[nH]cnc2c(C3OC(COP(=O)(O)S)C(O)C(OP(=O)(O)O)C3O)ncnc12,,453.sdf,0,1.4094581604003906,2.6928486824035645,11.334620475769045,18.769851684570312
pocketxmol_peak1_sma_atlas_ext,use,sbdd,,Cc1n[nH]c(CN(C)C)c1C(=O)Nc1nc(C)c2cc(F)ccc2n1,,454.sdf,0,1.441402554512024,2.5841073989868164,9.766375541687012,18.19078826904297
pocketxmol_peak1_sma_atlas_ext,use,sbdd,,,bad,455-bad.sdf,0,1.321727275848389,2.540323257446289,10.862984657287598,18.319873809814453
pocketxmol_peak1_sma_atlas_ext,use,sbdd,,Cc1cnc2c(n1)oc1nc(-c3cccc(-c4ncccn4)c3)nc(=O)nc12,,456.sdf,0,1.5403814315795898,2.8321785926818848,10.049893379211426,17.98094367980957
pocketxmol_peak1_sma_atlas_ext,use,sbdd,,Nc1ncnc2c1ncn2CC(O)C(O)CCOP(=O)(O)NP(=O)(O)S,,457.sdf,0,1.362477421760559,2.5229263305664062,10.817916870117188,18.77987670898437
pocketxmol_peak1_sma_atlas_ext,use,sbdd,,Nc1ncnc2c1ncn2CC(O)C(OP(=O)(O)NP(=O)(O)OP(=O)(O)O)C1O[PH]1(=O)=O,,458.sdf,0,1.3372706174850464,2.438782453536988,10.649636268615724,18.71037483215332
pocketxmol_peak1_sma_atlas_ext,use,sbdd,,Nc1c(NCCC(O)C(COP(=O)(O)O)COP(=O)(O)O)cnc(=O)[nH]c1=O,,459.sdf,0,1.2778329849243164,2.4587998390197754,10.24086856842041,18.06829643249512
pocketxmol_peak1_sma_atlas_ext,use,sbdd,,NC1=CC=[N+](COC2(COP(=O)(O)O)CCC(OP(=O)(O)O)C2)C1=O,,460.sdf,0,1.2426300048828125,2.623373985290528,10.201350212097168,18.614870071411133
pocketxmol_peak1_sma_atlas_ext,use,sbdd,,,bad,461-bad.sdf,0,1.1781048774719238,2.202375650405884,10.106810569763184,18.368852615356445
pocketxmol_peak1_sma_atlas_ext,use,sbdd,,O=C(O)c1ccc(OCC(=O)N2CCCc3c2[nH]c2ccc(C(=O)O)cc32)c(O)c1,,462.sdf,0,1.5191714763641355,2.7711684703826904,10.51878547668457,18.894006729125977
pocketxmol_peak1_sma_atlas_ext,use,sbdd,,,bad,463-bad.sdf,0,1.4958893060684204,2.807563781738281,12.181219100952148,18.79671669006348
pocketxmol_peak1_sma_atlas_ext,use,sbdd,,O=P(O)(O)NP(=O)(O)OCC1C(COP(=O)(O)O)C(O)CC1[n+]1ccc(O)nc1,,464.sdf,0,1.2524420022964478,2.562397718429565,9.98413372039795,18.686134338378903
pocketxmol_peak1_sma_atlas_ext,use,sbdd,,CC1(O)C(Cn2cnc3c(N)ncnc32)OC2COP(=O)(NP(=O)(O)O)OP(=O)(O)OC21,,465.sdf,0,1.3305885791778564,2.366153717041016,10.933629035949709,18.65057945251465
pocketxmol_peak1_sma_atlas_ext,use,sbdd,,CC1=CC(COP(=O)(O)OP(C)(=O)O)C2NC(=O)CC(P(=O)(O)O)CC(O)=C12,,466.sdf,0,1.195014476776123,2.5439276695251465,9.124974250793455,19.07042694091797
pocketxmol_peak1_sma_atlas_ext,use,sbdd,,,bad,467-bad.sdf,0,1.3276585340499878,2.3245882987976074,10.391878128051758,18.11081314086914
pocketxmol_peak1_sma_atlas_ext,use,sbdd,,CN1N=C2C(=NC=C(NCc3ccc(F)[nH+]n3)N2CO[PH](=O)(=O)O)NC1=O,,468.sdf,0,1.5016177892684937,2.723990201950073,9.872150421142578,18.215539932250977
pocketxmol_peak1_sma_atlas_ext,use,sbdd,,Nc1ncnc2c1ncn2C1OCC2OP(=O)(O)OC(=O)OP(=O)(O)OC21,,469.sdf,0,1.3380792140960691,2.496551990509033,10.827752113342283,18.717905044555664
pocketxmol_peak1_sma_atlas_ext,use,sbdd,,O=C(O)C(COP(=O)(O)O)OC1C(OP(=O)(O)O)C(O)C(OP(=O)(O)O)C1OP(=O)(O)O,,470.sdf,0,1.2898356914520264,2.6339755058288574,10.816003799438477,19.63391494750977
pocketxmol_peak1_sma_atlas_ext,use,sbdd,,CC(=O)Nc1cc2c3ccccc3nc(=O)c2c2cccccc12,,471.sdf,0,1.4296786785125732,2.688692092895508,10.394670486450195,17.580286026000977
pocketxmol_peak1_sma_atlas_ext,use,sbdd,,Cn1nc(C2CCCCN2c2nc[nH+]c3cnc(O)cc23)c(=O)[nH]c1=O,,472.sdf,0,1.5033302307128906,2.7278316020965576,10.21714210510254,18.764673233032227
pocketxmol_peak1_sma_atlas_ext,use,sbdd,,Nc1ncnc2c1ncn2C1OC(COP2(=O)NP(=O)(O)OOP(=O)(O)N2)C(O)C1O,,473.sdf,0,1.373445749282837,2.5497608184814453,10.818399429321287,18.92794418334961
pocketxmol_peak1_sma_atlas_ext,use,sbdd,,Nc1ncnc2c1ncn2C1OC(CCOP(=O)(O)NP(N)(=O)O)C(O)C1O,,474.sdf,0,1.4285682439804075,2.6749088764190674,10.988985061645508,18.98395156860352
pocketxmol_peak1_sma_atlas_ext,use,sbdd,,NC1=NC(=O)C2=NC(C3OC(COP(=O)(O)OP(=O)(O)O)C(O)C3O)=NC2=N1,,475.sdf,0,1.3729060888290403,2.6255481243133545,11.169634819030762,18.62022399902344
pocketxmol_peak1_sma_atlas_ext,use,sbdd,,Nc1ncnc2c1NC=CN2C1OC(OP2(=O)OP(=O)(O)O2)C(O)C1O[PH](=O)O,,476.sdf,0,1.3468585014343262,2.536274671554565,10.694147109985352,18.762544631958008
pocketxmol_peak1_sma_atlas_ext,use,sbdd,,O=C1NCCN(c2cc3cccnn3n2)c2oc3cc(O)ccc3c21,,477.sdf,0,1.5127581357955933,2.760777950286865,9.865805625915527,18.002635955810547
pocketxmol_peak1_sma_atlas_ext,use,sbdd,,O=P(O)(O)OCC1OC(n2cnc3cncnc32)CC(OP(=O)(O)O)C1O,,478.sdf,0,1.3221752643585205,2.552036762237549,10.676176071166992,18.4669132232666
pocketxmol_peak1_sma_atlas_ext,use,sbdd,,Nc1nc(=O)c2ncn(C3OC(COP(=O)(O)OP(=O)(O)O)C(O)C3O)c2[nH]1,,479.sdf,0,1.4763460159301758,2.6994690895080566,11.793027877807615,18.85270881652832
pocketxmol_peak1_sma_atlas_ext,use,sbdd,,N=C1N=CN=C2C1=NC=[N+]2C1OC(COP(=O)(O)OP(=O)(O)O)C(O)C1O,,480.sdf,0,1.4425311088562012,2.6952028274536133,11.486367225646973,18.84905242919922
pocketxmol_peak1_sma_atlas_ext,use,sbdd,,O=C(CNNC(Cc1ccc(Cl)cc1)C(=O)O)Nc1ccc(F)cc1,,481.sdf,0,1.4625838994979858,2.878166437149048,11.83792495727539,19.696090698242188
pocketxmol_peak1_sma_atlas_ext,use,sbdd,,Nc1nc(NC2OC(COP(=O)(O)NP(N)(=O)O)C(O)C(O)C2O)c(N)c(=O)[nH]1,,482.sdf,0,1.3336365222930908,2.60247802734375,10.873809814453123,18.9231185913086
pocketxmol_peak1_sma_atlas_ext,use,sbdd,,O=c1ncnc2c(ncn2C2OC(COP(=O)(O)NP(=O)(O)O)C(O)C2O)n1,,483.sdf,0,1.3903735876083374,2.7021286487579346,11.398613929748535,18.620738983154297
pocketxmol_peak1_sma_atlas_ext,use,sbdd,,N=c1[nH]cnc2c1ncn2C1CC2(O)C(CC(O[PH](=O)O)C2O)O1,,484.sdf,0,1.2324007749557495,2.5321507453918457,10.929001808166504,18.033695220947266
pocketxmol_peak1_sma_atlas_ext,use,sbdd,,Nc1ncnc2c1ncn2C1OC1C(O)COP(=O)(O)O.O=P1(O)O[PH](=O)(=O)O1,incomp,485-incomp.sdf,0,1.2553156614303589,2.4542298316955566,10.886180877685549,18.69841384887696
pocketxmol_peak1_sma_atlas_ext,use,sbdd,,,bad,486-bad.sdf,0,1.3328039646148682,2.621861696243286,10.761801719665527,18.91357040405273
pocketxmol_peak1_sma_atlas_ext,use,sbdd,,NC1=NC(=O)C2=NC=[N+](C3OC(COP(=O)(O)O)C3COP(=O)(O)O)C2=N1,,487.sdf,0,1.3693209886550903,2.4336416721343994,10.973042488098145,18.421266555786133
pocketxmol_peak1_sma_atlas_ext,use,sbdd,,O=C(O)C1CC(OP(=O)(O)OP(=O)(O)O)CN(Cc2ccccc2)C1,,488.sdf,0,1.3363357782363892,2.810636520385742,10.992114067077637,19.36445999145508
pocketxmol_peak1_sma_atlas_ext,use,sbdd,,NC(=O)CN1OC2C(OP(=O)(O)O)C(OP(=O)(O)O)C(OP(=O)(O)O)C2C1=O,,489.sdf,0,1.267463207244873,2.546140193939209,10.975074768066406,19.65387725830078
pocketxmol_peak1_sma_atlas_ext,use,sbdd,,Cc1nc2nc(N)nc(N)c2nc1CC(O)COP(=O)(O)OP(=O)(O)O,,490.sdf,0,1.3663979768753052,2.6756014823913574,10.520350456237791,17.90631103515625
pocketxmol_peak1_sma_atlas_ext,use,sbdd,,CCOC(=O)C(N=C(O)C1=CN=[N+]2C1=Nc1cc(F)ccc12)c1c[nH+]c(C)o1,,491.sdf,0,1.3945752382278442,2.6361751556396484,9.951699256896973,18.50460624694824
pocketxmol_peak1_sma_atlas_ext,use,sbdd,,Nc1ncnc2c1ncn2CCC(O)C(OP(=O)(O)O)OP(=O)(O)OP(=O)(O)O,,492.sdf,0,1.3366295099258425,2.613004207611084,11.083223342895508,18.706117630004883
pocketxmol_peak1_sma_atlas_ext,use,sbdd,,Nc1cc(C2C(O)C(O)C(OCOP(=O)(O)O)C2OP(=O)(O)O)cnc(=O)n1,,493.sdf,0,1.2584121227264404,2.496778964996338,9.968099594116213,18.487003326416016
pocketxmol_peak1_sma_atlas_ext,use,sbdd,,,bad,494-bad.sdf,0,1.3306856155395508,2.6237270832061768,11.32612133026123,18.764692306518555
pocketxmol_peak1_sma_atlas_ext,use,sbdd,,O=P(O)(O)CCOCC1OC(n2cnc3cncnc32)CC1P(=O)(O)O,,495.sdf,0,1.3372530937194824,2.6784932613372803,10.19985294342041,18.59498786926269
pocketxmol_peak1_sma_atlas_ext,use,sbdd,,CC(=O)Nc1ncc(F)c(Nc2ccc3c(c2)-c2ccccc2NC=C3)[nH+]1,,496.sdf,0,1.4681243896484375,2.6556320190429688,10.277125358581545,17.953168869018555
pocketxmol_peak1_sma_atlas_ext,use,sbdd,,CP(=O)(O)OP(=O)(OCC1OC(N2C=C3C(=O)NC(=O)N=C32)C(O)C1O)OP(=O)(O)O,,497.sdf,0,1.3440279960632324,2.639120101928711,11.494648933410645,19.0278434753418
pocketxmol_peak1_sma_atlas_ext,use,sbdd,,N=C1N=C2C(=NC=[N+]2COC2OC(COP(=O)(O)OP(=O)(O)O)C(O)C2O)C(=O)N1,,498.sdf,0,1.367010235786438,2.6393728256225586,11.768680572509766,19.07122039794922
pocketxmol_peak1_sma_atlas_ext,use,sbdd,,Nc1ncnc2c1ncn2C1OC(COP(=O)(O)O)C(O)C1OP(=O)(O)O,,499.sdf,0,1.3842025995254517,2.408908128738404,11.07833766937256,18.32673454284668
pocketxmol_peak1_sma_atlas_ext,use,sbdd,,Nc1ncnc2c1ncn2C1OC(COP(=O)(O)OP(=O)(O)O)C(O)C1O,,500.sdf,0,1.47956120967865,2.797255277633667,12.004913330078123,18.90079689025879
pocketxmol_peak1_sma_atlas_ext,use,sbdd,,Nc1ncnc2nc(OC(COP(=O)(O)O)C(F)COP(=O)(O)O)cnc12,,501.sdf,0,1.3635237216949463,2.73722505569458,10.921813011169434,18.679651260375977
pocketxmol_peak1_sma_atlas_ext,use,sbdd,,Nc1ncnc2c1ncn2CC(COP(=O)(O)O)C1CO1.O=P1(O)O[PH](=O)(=O)O1,incomp,502-incomp.sdf,0,1.2364962100982666,2.2786848545074463,10.039132118225098,18.049388885498047
pocketxmol_peak1_sma_atlas_ext,use,sbdd,,,bad,503-bad.sdf,0,1.386834979057312,2.695850133895874,11.193172454833984,18.756914138793945
pocketxmol_peak1_sma_atlas_ext,use,sbdd,,O=C1N=CN=C2C1=NC=[N+]2C1OCC(OP(=O)(O)O)C(O)C1OP(=O)(O)O,,504.sdf,0,1.3544038534164429,2.706479072570801,11.345211029052734,18.442991256713867
pocketxmol_peak1_sma_atlas_ext,use,sbdd,,Nc1ncnc2c1ncn2C1OC(C(O)COP(=O)(O)OP(=O)(O)O)C1OP(=O)(O)O,,505.sdf,0,1.3116159439086914,2.3603062629699707,10.95362377166748,18.5053825378418
pocketxmol_peak1_sma_atlas_ext,use,sbdd,,O=c1cc(NC(O)C(O)C(O)COP(=O)(O)OCCP(=O)(O)OP(=O)(O)O)[nH]c(=O)[nH]1,,506.sdf,0,1.1779865026474,2.2236688137054443,10.049229621887209,19.004638671875
pocketxmol_peak1_sma_atlas_ext,use,sbdd,,,bad,507-bad.sdf,0,1.3747140169143677,2.594801187515259,11.818273544311523,18.436113357543945
pocketxmol_peak1_sma_atlas_ext,use,sbdd,,,bad,508-bad.sdf,0,1.214127779006958,2.5467779636383057,10.494914054870604,18.65166282653809
pocketxmol_peak1_sma_atlas_ext,use,sbdd,,NC1=NC(=O)C2=NC(C3C(OP(=O)(O)O)CC(OP(=O)(O)O)C3OP(=O)(O)O)=NC2=N1,,509.sdf,0,1.355721950531006,2.619155168533325,11.187479972839355,18.93229103088379
pocketxmol_peak1_sma_atlas_ext,use,sbdd,,Nc1nc(=O)c(N)c(NC2COC3COP(=O)(O)N[PH](=O)(=O)NCP(=O)(O)OC3C2)[nH]1,,510.sdf,0,1.298117995262146,2.542924165725708,10.448407173156738,19.03447723388672
pocketxmol_peak1_sma_atlas_ext,use,sbdd,,Nc1nc(=O)cc(C(OP(=O)(O)O)C2OC(CO[PH](=O)OP(=O)(O)O)C2O)[nH]1,,511.sdf,0,1.228813886642456,2.5243868827819824,10.490175247192385,18.76002693176269
pocketxmol_peak1_sma_atlas_ext,use,sbdd,,Cc1cn(N=C2CC(OP(=O)(O)O)C(O)C(CO[PH](=O)O)O2)c(=O)[nH]c1=O,,512.sdf,0,1.3089770078659058,2.547746181488037,10.120288848876951,19.003307342529297
pocketxmol_peak1_sma_atlas_ext,use,sbdd,,N=c1[nH]cnc2c1ncn2C1OC(COP(=O)(O)NP(=O)(O)O)C2OC1C2O,,513.sdf,0,1.3624621629714966,2.681968212127685,11.379600524902344,18.77795791625977
pocketxmol_peak1_sma_atlas_ext,use,sbdd,,Cc1cn(CC2OC(OP(=O)(O)OP(=O)(O)NP(=O)(O)O)C(O)C2O)nc(C)c1=O,,514.sdf,0,1.2841492891311646,2.5291640758514404,9.86312770843506,19.218233108520508
pocketxmol_peak1_sma_atlas_ext,use,sbdd,,Nc1ncnc2c1ncn2CC(OP(=O)(O)O)C(O)C(O)CCOP(=O)(O)OC(=O)O,,515.sdf,0,1.3424679040908811,2.792203664779663,11.397931098937988,19.16170310974121
pocketxmol_peak1_sma_atlas_ext,use,sbdd,,NC1=NC(=O)C2=NC=[N+](C3OC(COP(=O)(O)OP(=O)(O)O)C(O)C3O)C2=N1,,516.sdf,0,1.4145901203155518,2.7405567169189453,11.56523609161377,18.93929481506348
pocketxmol_peak1_sma_atlas_ext,use,sbdd,,O=Cc1cn(CC(COP(=O)(O)O)OC(COP(=O)(O)O)P(=O)(O)O)c(=O)[nH]c1=O,,517.sdf,0,1.3681570291519165,2.7014729976654053,11.373003959655762,19.503999710083008
pocketxmol_peak1_sma_atlas_ext,use,sbdd,,COC(=O)C1Cc2ccccc2C1.NC(=O)CCCn1ncnc2c(=O)[nH]c(=O)nc1-2,incomp,518-incomp.sdf,0,1.4542779922485352,2.8081870079040527,11.112101554870604,19.24098396301269
pocketxmol_peak1_sma_atlas_ext,use,sbdd,,,bad,519-bad.sdf,0,1.2958686351776123,2.6451876163482666,11.287038803100586,18.5568962097168
pocketxmol_peak1_sma_atlas_ext,use,sbdd,,Nc1ncn(C2OC(OP(=O)(O)O)C(OP(=O)(O)O[PH](O)(O)O)O2)c2ncnc1-2,,520.sdf,0,1.3011773824691772,2.53768253326416,10.035139083862305,18.73352432250977
pocketxmol_peak1_sma_atlas_ext,use,sbdd,,Nc1nc(N)c2c(n1)OCCn1c(nc3c(N)ncnc31)CC(O)COP(=O)(O)OC2,,521.sdf,0,1.3843148946762085,2.650650978088379,10.902873992919922,18.58240509033203
pocketxmol_peak1_sma_atlas_ext,use,sbdd,,Nc1nc(=O)c2ncn(C(COP(=O)=O)CC(O)COP(=O)(O)O)c2[nH]1,,522.sdf,0,1.342570185661316,2.5756962299346924,10.721166610717772,18.375627517700195
pocketxmol_peak1_sma_atlas_ext,use,sbdd,,Nc1ncnc2c1ncn2C1CC(O)C(CP(=O)(O)O)O1.O=P(O)(O)NP(=O)(O)O,incomp,523-incomp.sdf,0,1.3253207206726074,2.61724853515625,11.029850959777832,18.65282440185547
pocketxmol_peak1_sma_atlas_ext,use,sbdd,,N=c1nc[nH]c2c1ncn2C1OC(OP(=O)(O)O)C2OP(=O)(O)OP(=O)(O)OC21,,524.sdf,0,1.3443036079406738,2.514352560043335,11.35168743133545,18.86274528503418
pocketxmol_peak1_sma_atlas_ext,use,sbdd,,N=c1ncn(C2CC(O)C(COP(=O)(O)OP(=O)(O)N[PH](=O)O)O2)c2c1N=N2,,525.sdf,0,1.2255762815475464,2.407132625579834,10.530622482299805,18.65078353881836
pocketxmol_peak1_sma_atlas_ext,use,sbdd,,Nc1ncnc2c1ncn2C1C(O)C(O)C(COP(=O)(O)O)C1OP(=O)(O)O,,526.sdf,0,1.3677560091018677,2.514704465866089,11.867775917053224,18.73444557189941
pocketxmol_peak1_sma_atlas_ext,use,sbdd,,O=C1C=NC2=C(C3OC4COP(=O)(O)OP(=O)(O)OP(=O)(O)OCC43)C=NC2=N1,,527.sdf,0,1.2965611219406128,2.452540874481201,10.204766273498535,18.657686233520508
pocketxmol_peak1_sma_atlas_ext,use,sbdd,,O=C1C(O)C(CCOP(=O)(O)CCP(=O)(O)O)OC(COP(=O)(O)O)C1O,,528.sdf,0,1.2517518997192385,2.4645822048187256,9.99643325805664,18.97567749023437
pocketxmol_peak1_sma_atlas_ext,use,sbdd,,Nc1ncn2c3[n+](cnc1-3)C1OC(CCOP(=O)(O)OP(=O)(O)OC2)C(O)C1O,,529.sdf,0,1.3485032320022583,2.6678712368011475,11.268043518066406,19.020851135253903
pocketxmol_peak1_sma_atlas_ext,use,sbdd,,Nc1ncnc2c1ncn2C1COC(CO[PH](O)(O)O)C1COP(=O)(O)OP(=O)(O)O,,530.sdf,0,1.365906834602356,2.7206947803497314,11.110097885131836,18.81743621826172
pocketxmol_peak1_sma_atlas_ext,use,sbdd,,O=C(O)c1ccc(-c2[nH]c3nc(=O)[nH+]cc-3c3cc(O)ccc23)cc1,,531.sdf,0,1.5602525472640991,2.881481409072876,10.692879676818848,18.3508243560791
pocketxmol_peak1_sma_atlas_ext,use,sbdd,,Nc1ncnc2c1ncn2C1CC(OP(=O)(O)O)C(COP(=O)(O)O)(OP(=O)(O)O)O1,,532.sdf,0,1.2847105264663696,2.467073917388916,11.279733657836914,18.597536087036133
pocketxmol_peak1_sma_atlas_ext,use,sbdd,,O=P(O)(O)OC1C(O)C(O)C(Cn2cnc3c(O)ncnc32)C1O[PH](O)(O)O,,533.sdf,0,1.3612244129180908,2.7395730018615723,11.571805000305176,18.953670501708984
pocketxmol_peak1_sma_atlas_ext,use,sbdd,,,bad,534-bad.sdf,0,1.3499374389648438,2.6558947563171387,11.15468978881836,19.32637405395508
pocketxmol_peak1_sma_atlas_ext,use,sbdd,,Nc1ncn(C2CC(OP(=O)(O)O)C(COP(=O)(O)CP(=O)(O)S)O2)c(=O)n1,,535.sdf,0,1.3282530307769775,2.574719190597534,10.277552604675291,18.76297187805176
pocketxmol_peak1_sma_atlas_ext,use,sbdd,,,bad,536-bad.sdf,0,1.3199081420898438,2.730510234832764,11.324155807495115,18.805234909057617
pocketxmol_peak1_sma_atlas_ext,use,sbdd,,O=P(O)(O)OCC1C(OP(=O)(O)O)OC(C(OP(=O)(O)O)P(=O)(O)O)C1O,,537.sdf,0,1.2402774095535278,2.2914412021636963,10.164843559265137,18.69978141784668
pocketxmol_peak1_sma_atlas_ext,use,sbdd,,Nc1nc(=O)c2ncn(CC(O)C(COP(=O)(O)O)OCOP(=O)(O)O)c2[nH]1,,538.sdf,0,1.3342318534851074,2.6778159141540527,11.53918743133545,18.677892684936523
pocketxmol_peak1_sma_atlas_ext,use,sbdd,,Cc1ccc(-c2nc(C(O)C(C)OP(C)(=O)O)nn3cc(C)c(=O)nc23)cc1,,539.sdf,0,1.4125360250473022,2.713139057159424,9.597630500793455,18.184614181518555
pocketxmol_peak1_sma_atlas_ext,use,sbdd,,Nc1ncnc2c1ncn2CC1OC(COP(=O)(O)CP(=O)(O)O)C(O)C1O,,540.sdf,0,1.4150526523590088,2.749917984008789,11.679193496704102,19.190874099731445
pocketxmol_peak1_sma_atlas_ext,use,sbdd,,O=c1ccn(CC(O)C(O)C(COP(=O)(O)O)COP(=O)(O)OP(=O)(O)O)c(=O)[nH]1,,541.sdf,0,1.3537003993988037,2.4889020919799805,10.987900733947754,18.95021629333496
pocketxmol_peak1_sma_atlas_ext,use,sbdd,,,bad,542-bad.sdf,0,1.2676883935928345,2.4679501056671143,10.944025993347168,18.66333770751953
pocketxmol_peak1_sma_atlas_ext,use,sbdd,,Nc1c(N)n(C2OC([n+]3cccc([N+](=O)O)c3)C(OP(=O)(O)O)C2O)cnc1=O,,543.sdf,0,1.4128899574279783,2.659715414047241,10.926169395446776,18.30771255493164
pocketxmol_peak1_sma_atlas_ext,use,sbdd,,NC1=NC(=O)C2=CN(C3CCC(OP(=O)(O)O)C(COP(=O)(O)NP(=O)(O)O)O3)C2=N1,,544.sdf,0,1.3072750568389893,2.598424196243286,10.921212196350098,18.584253311157227
pocketxmol_peak1_sma_atlas_ext,use,sbdd,,O=c1ccn(C2OC(C(O)COP(=O)(O)O[PH](=O)O)C2O)c(=O)[nH]1,,545.sdf,0,1.2911921739578247,2.532592535018921,11.267970085144045,18.33496856689453
pocketxmol_peak1_sma_atlas_ext,use,sbdd,,O=c1[nH]ccc2c1COP(=O)(O)COP(=O)(O)OCC1OC(CC(O)C1O)N2,,546.sdf,0,1.2816441059112549,2.636372327804565,10.608975410461426,19.281391143798828
pocketxmol_peak1_sma_atlas_ext,use,sbdd,,O=P(O)(O)OCC(O)C1C(OP(=O)(O)O)CC(P(=O)(O)O)C1OP(=O)(O)O,,547.sdf,0,1.2330169677734375,2.3866159915924072,10.198909759521484,18.865358352661133
pocketxmol_peak1_sma_atlas_ext,use,sbdd,,COc1c(O)ccc2c1OC(=O)C(=C(O)c1ccccc1)C2CC(=O)O,,548.sdf,0,1.4517403841018677,2.6190085411071777,10.536077499389648,18.483932495117188
pocketxmol_peak1_sma_atlas_ext,use,sbdd,,O=P1(O)OC=CNC2=CNC3=NC=NN(C3=N2)C2OC(CCOP(=O)(O)O1)C(O)C2O,,549.sdf,0,1.2654107809066772,2.5991225242614746,10.48595905303955,19.26471710205078
pocketxmol_peak1_sma_atlas_ext,use,sbdd,,Nc1ncnc2c1ncn2CC1OOC(COP(=O)(O)O)C(O)C1OP(=O)(O)O,,550.sdf,0,1.3173909187316895,2.590883493423462,10.755539894104004,18.53174591064453
pocketxmol_peak1_sma_atlas_ext,use,sbdd,,CC(=O)Nc1cc(OCCN(C)C(=O)c2cnc(S(=O)(=O)O)nn2)ccc1F,,551.sdf,0,1.4419047832489014,2.6653058528900146,10.239039421081543,18.57120132446289
pocketxmol_peak1_sma_atlas_ext,use,sbdd,,O=c1cc[n+](C2OC(C(OP(=O)(O)O)OP(=O)(O)O)CC(O)C2O)nc(=O)[nH]1,,552.sdf,0,1.3313817977905273,2.6690609455108643,11.125856399536133,18.79279899597168
pocketxmol_peak1_sma_atlas_ext,use,sbdd,,CC(=O)Nc1ccc2c3ccccc3n(-c3nc(=O)[nH]c(=O)[n+](C)n3)c2c1,,553.sdf,0,1.5130523443222046,2.760889768600464,10.537922859191895,18.301061630249023
pocketxmol_peak1_sma_atlas_ext,use,sbdd,,Nc1ncnc2c1ncn2C1OC(C(O)COP(=O)(O)OP2(=O)OP(=O)(O)O2)C1O,,554.sdf,0,1.2611591815948486,2.31282377243042,11.201337814331055,18.635847091674805
pocketxmol_peak1_sma_atlas_ext,use,sbdd,,O=P(O)(O)OP(=O)(O)OCC1C(O)C(O)COC1[n+]1cnc(O)c(O)c1,,555.sdf,0,1.3492484092712402,2.7262659072875977,10.476430892944336,18.80309295654297
pocketxmol_peak1_sma_atlas_ext,use,sbdd,,O=P(O)(O)OC1CC(n2cnc3c(O)ncnc32)OC1COP(=O)(O)OP(=O)(O)O,,556.sdf,0,1.4103046655654907,2.6668593883514404,10.88080883026123,18.689403533935547
pocketxmol_peak1_sma_atlas_ext,use,sbdd,,,bad,557-bad.sdf,0,1.2453734874725342,2.229682207107544,10.175530433654785,18.96118927001953
pocketxmol_peak1_sma_atlas_ext,use,sbdd,,NC1=NC(=O)C2=NC=[N+](C3OC3C(COP(=O)(O)O)OP(=O)(O)O)C2=N1,,558.sdf,0,1.3484790325164795,2.4960787296295166,11.25560188293457,18.442527770996094
pocketxmol_peak1_sma_atlas_ext,use,sbdd,,Cc1sc(N=C(O)c2ccc(C(=O)O)[nH+]n2)[nH+]c1-c1cc2ccccc2[nH]1,,559.sdf,0,1.4823298454284668,2.6954667568206787,10.103470802307129,18.370195388793945
pocketxmol_peak1_sma_atlas_ext,use,sbdd,,Nc1ncn(C2OC3COP(=O)(O)OP(=O)(O)OC3C2OP(=O)(O)O)c2ncnc1-2,,560.sdf,0,1.3068656921386719,2.5213968753814697,11.191524505615234,18.548978805541992
pocketxmol_peak1_sma_atlas_ext,use,sbdd,,Nc1ncnc2c1ncn2C1OC([PH](O)(O)O)C(O)C1OP(=O)(O)OP(=O)(O)O,,561.sdf,0,1.3415424823760986,2.6117448806762695,11.455329895019531,18.89194679260254
pocketxmol_peak1_sma_atlas_ext,use,sbdd,,NS(=O)(=O)c1ccc(OC(OP(=O)(O)O)C(O)C2OC(C=O)CC2O)cc1,,562.sdf,0,1.3504561185836792,2.594907760620117,10.004972457885742,18.646663665771484
pocketxmol_peak1_sma_atlas_ext,use,sbdd,,Nc1ccc2c(NC34CCC5(CC3=O)Oc3ccccc3OC5C4)cnc-2[nH]1,,563.sdf,0,1.3989496231079102,2.4020137786865234,8.06128978729248,17.616897583007812
pocketxmol_peak1_sma_atlas_ext,use,sbdd,,N=C1N=CN(C2CC(O)C(COP(=O)(O)OP(=O)(O)O)O2)C=NC(=O)N1,,564.sdf,0,1.2753851413726807,2.5375142097473145,10.822266578674316,18.321821212768555
pocketxmol_peak1_sma_atlas_ext,use,sbdd,,,bad,565-bad.sdf,0,1.3013042211532593,2.598728656768799,11.324179649353027,18.558963775634766
pocketxmol_peak1_sma_atlas_ext,use,sbdd,,Nc1ncnc2c1ncn2OC(COP(=O)(O)OP(N)(=O)O)C(O)O,,566.sdf,0,1.3480439186096191,2.7316675186157227,11.0078706741333,18.65229034423828
pocketxmol_peak1_sma_atlas_ext,use,sbdd,,O=[PH](OP(=O)(O)O)OP(=O)(O)OCC1OC(c2nc3nc[nH]c(O)c-3n2)C1OP(=O)(O)O,,567.sdf,0,1.269391417503357,2.5260157585144043,10.497285842895508,18.60200309753418
pocketxmol_peak1_sma_atlas_ext,use,sbdd,,O=[PH](O)OCNP(=O)(O)O.O=c1ccn(C2OC(COP(=O)(O)O)CC2O)c(=O)[nH]1,incomp,568-incomp.sdf,0,1.286354422569275,2.382628917694092,10.22504711151123,18.77073097229004
pocketxmol_peak1_sma_atlas_ext,use,sbdd,,Nc1nc(=O)c2ncn(C3OC(CO[PH](O)(O)O)C(O)CC3O)c2[nH]1,,569.sdf,0,1.375872015953064,2.7516961097717285,11.731561660766602,18.53255271911621
pocketxmol_peak1_sma_atlas_ext,use,sbdd,,O=C(CC(NC(=O)c1ccc(O)cc1)C(=O)O)NNc1ccc([N+](=O)O)cc1,,570.sdf,0,1.4379397630691528,2.7969672679901123,10.832745552062988,19.138221740722656
pocketxmol_peak1_sma_atlas_ext,use,sbdd,,,bad,571-bad.sdf,0,1.3393234014511108,2.4350578784942627,8.96224594116211,17.939607620239258
pocketxmol_peak1_sma_atlas_ext,use,sbdd,,O=c1cnc(N2CCC(O)C(C(O)COP3(=O)CP(=O)(O)O3)C2)nc(=O)[nH]1,,572.sdf,0,1.2313833236694336,2.3956730365753174,10.293701171875,18.128551483154297
pocketxmol_peak1_sma_atlas_ext,use,sbdd,,CC1(C)CNP(=O)(O)OC(O)c2csc3ccc(cc23)-c2ccccc2N1,,573.sdf,0,1.4133524894714355,2.4314117431640625,9.241353034973145,18.480518341064453
pocketxmol_peak1_sma_atlas_ext,use,sbdd,,C=C1C=[N+](C2C(O)C(=O)C3OP(=O)(O)OCC(COP(=O)(O)O)OC32)C(=O)NC1=O,,574.sdf,0,1.3170113563537598,2.5843405723571777,11.50881290435791,19.18947982788086
pocketxmol_peak1_sma_atlas_ext,use,sbdd,,Cc1cn(C2OC(n3ccc4cnnc-4c3)C(OP(=O)(O)O)C2O)cnc1=O,,575.sdf,0,1.3564234972000122,2.700014352798462,10.493745803833008,18.301490783691406
pocketxmol_peak1_sma_atlas_ext,use,sbdd,,Nc1ncnc2c1ncn2CC1OC(COP(=O)(O)O)C(O)C1COP(=O)(O)O,,576.sdf,0,1.3705066442489624,2.832949161529541,12.299151420593262,19.021318435668945
pocketxmol_peak1_sma_atlas_ext,use,sbdd,,,bad,577-bad.sdf,0,1.293581485748291,2.5446903705596924,10.515666007995605,18.378156661987305
pocketxmol_peak1_sma_atlas_ext,use,sbdd,,NC(=O)C(OP(=O)(O)OP(=O)(O)O)C(O)COCc1nnc(O)n2ncnc12,,578.sdf,0,1.309129238128662,2.667145013809204,10.246617317199707,18.976932525634766
pocketxmol_peak1_sma_atlas_ext,use,sbdd,,Nc1ncnc2c1ncn2C1CC(O)C2OP(=O)(O)OP(=O)(O)OC2O1,,579.sdf,0,1.2263697385787964,2.274524688720703,11.178140640258789,18.03421974182129
pocketxmol_peak1_sma_atlas_ext,use,sbdd,,,bad,580-bad.sdf,0,1.2613641023635864,2.610832691192627,10.739794731140137,18.617338180541992
pocketxmol_peak1_sma_atlas_ext,use,sbdd,,O=C1N=c2ccc(-c3c(O)cccc3O[PH](=O)(=O)O)cc2=C1CP(=O)(O)O,,581.sdf,0,1.4091360569000244,2.76153564453125,9.895381927490234,18.329082489013672
pocketxmol_peak1_sma_atlas_ext,use,sbdd,,,bad,582-bad.sdf,0,1.336164116859436,2.7084312438964844,11.491297721862793,18.654369354248047
pocketxmol_peak1_sma_atlas_ext,use,sbdd,,Cc1ccc2c3n(C4CC(COP(=O)(O)O)C(C(N)=O)O4)c(=O)[nH]c(=O)nc-3nc2c1,,583.sdf,0,1.3780970573425293,2.7673275470733643,10.914976119995117,18.661466598510742
pocketxmol_peak1_sma_atlas_ext,use,sbdd,,Nc1ncnc2c1ncn2C1OC(COP2(=O)OP(=O)(O)O2)CC1COP(=O)(O)O,,584.sdf,0,1.2825137376785278,2.5694174766540527,11.290958404541016,19.041996002197266
pocketxmol_peak1_sma_atlas_ext,use,sbdd,,,bad,585-bad.sdf,0,1.3729716539382935,2.681591510772705,10.570329666137695,19.075502395629883
pocketxmol_peak1_sma_atlas_ext,use,sbdd,,,bad,586-bad.sdf,0,1.3544583320617676,2.7065610885620117,12.045429229736328,18.87788200378418
pocketxmol_peak1_sma_atlas_ext,use,sbdd,,O=P(O)(O)CC1CCN(c2cc(Oc3ccc(O)cc3)cc(O)n2)OC1,,587.sdf,0,1.426003098487854,2.8130300045013428,9.702345848083496,18.894641876220703
pocketxmol_peak1_sma_atlas_ext,use,sbdd,,Nc1ncnc2c1ncn2C1OC(C(O)COP(=O)(O)NP(=O)(O)O)C(O)C1O,,588.sdf,0,1.4411075115203857,2.808302879333496,11.81470775604248,19.021379470825195
pocketxmol_peak1_sma_atlas_ext,use,sbdd,,Nc1nc2c(ncn2C2OC(COP(=O)(O)OP(=O)(O)O)C(O)C2O)c(=O)[nH]1,,589.sdf,0,1.4341317415237427,2.645090103149414,11.574241638183594,19.32052230834961
pocketxmol_peak1_sma_atlas_ext,use,sbdd,,CP(=O)(O)OP(=O)(O)OCC1OC([N+]2=CN=C3C(=O)N=CN=C32)C1O,,590.sdf,0,1.3898017406463623,2.4329025745391846,11.048650741577148,18.460365295410156
pocketxmol_peak1_sma_atlas_ext,use,sbdd,,Nc1ncnc2c1ncn2C1CC(OP(=O)(O)O)C(O)C1COP(=O)(O)O,,591.sdf,0,1.4024009704589844,2.7260897159576416,11.042901039123535,18.597026824951172
pocketxmol_peak1_sma_atlas_ext,use,sbdd,,O=c1cnc(NC2OC(COP(=O)(O)O[PH](=O)(=O)O)CC2O)nc(=O)[nH]1,,592.sdf,0,1.2825895547866821,2.666020631790161,11.196660995483398,18.527545928955078
pocketxmol_peak1_sma_atlas_ext,use,sbdd,,CC1OC(COP(=O)(O)Oc2cccc3ccccc23)COC1n1ccc(=O)[nH]c1=O,,593.sdf,0,1.434941053390503,2.570016860961914,10.48922061920166,18.39997673034668
pocketxmol_peak1_sma_atlas_ext,use,sbdd,,Nc1nc[n+](C2CC(OP(=O)(O)O)CC(COP(=O)(O)OOP(=O)(O)O)O2)c(N)c1N,,594.sdf,0,1.2788764238357544,2.3335399627685547,10.075647354125977,17.787155151367188
pocketxmol_peak1_sma_atlas_ext,use,sbdd,,CCN(Cc1cnc2[nH]c(=O)[nH]c(=O)c2n1)S(=O)(=O)c1ccc(C)cc1,,595.sdf,0,1.518742322921753,2.851254940032959,11.29437255859375,18.876869201660156
pocketxmol_peak1_sma_atlas_ext,use,sbdd,,CC(=O)NN(CCNC(=O)c1cn(-c2ccc(F)cc2)nc1C)c1ncc(C(=O)O)cn1,,596.sdf,0,1.517303466796875,2.732576370239258,10.964521408081055,18.93486976623535
pocketxmol_peak1_sma_atlas_ext,use,sbdd,,Cc1cnc2c(c1)c(-c1cnn(Cc3ccccc3)c1)nc1nc(N)ncc12,,597.sdf,0,1.5079439878463745,2.751967191696167,9.320429801940918,18.22428321838379
pocketxmol_peak1_sma_atlas_ext,use,sbdd,,CC(COP(=O)(O)O)(COP(=O)(O)O)Cn1cnc2c(O)ncnc21,,598.sdf,0,1.3346127271652222,2.483882427215576,10.441585540771484,17.950977325439453
pocketxmol_peak1_sma_atlas_ext,use,sbdd,,Cn1c(=O)ccn(C2OC(OP(=O)(O)NP(=O)(O)OP(=O)(O)O)C(O)C2O)c1=O,,599.sdf,0,1.3226529359817505,2.55053448677063,10.846713066101074,19.270957946777344
