canonical_smiles,MW,logP,TPSA,HBD,HBA,QED,BBB_heuristic,Lipinski_pass,PAINS_count,has_charged_center,has_reactive_group,murcko_scaffold,campaigns_hit,targets_hit,n_campaigns,tier_A_hits,tier_B_hits,tier_C_hits,PAINS_penalty,composite,polypharm_bonus,anti_target_penalty,final_score
COc1cc(C)ccc1C(C)NCC1=CC=[N+]2C1=Nc1c[n+](Cc3cncc[nH+]3)ccc12,427.53200000000015,2.5977200000000007,67.53999999999999,1,4,0.5896469207929165,1.0,1,0,1,0,C1=C(CNCc2ccccc2)C2=Nc3c[n+](Cc4cncc[nH+]4)ccc3[N+]2=C1,['limk2_activator_alphaC'],['LIMK2'],1,0.0,1.0,0.0,0.0,0.876894076237875,0.0,0.0,0.876894076237875
CS(=O)(=O)c1ccccc1-c1cccc(Oc2ccc(C(N)=O)cc2)c1,367.4260000000001,3.6483000000000017,86.46000000000001,1,4,0.7456553255414997,1.0,1,0,0,0,c1ccc(Oc2cccc(-c3ccccc3)c2)cc1,['limk2_activator_alphaC'],['LIMK2'],1,0.0,1.0,0.0,0.0,0.9236965976624498,0.0,0.0,0.9236965976624498
CCc1nc2ccc[nH+]c2cc1OCc1ccc2[nH]cc(C(=O)O)c2c1,348.38200000000006,3.3698000000000015,89.35000000000001,2,3,0.578549037662717,1.0,1,0,1,0,c1c[nH+]c2cc(OCc3ccc4[nH]ccc4c3)cnc2c1,['limk2_activator_alphaC'],['LIMK2'],1,0.0,1.0,0.0,0.0,0.873564711298815,0.0,0.0,0.873564711298815
COc1cc(OC)c(OC)c(C(=O)N2CCN(C(=O)c3ccncc3)CC2)c1,385.42000000000013,1.7056,81.2,0,6,0.7794280091941492,1.0,1,0,0,0,O=C(c1ccccc1)N1CCN(C(=O)c2ccncc2)CC1,['limk2_activator_alphaC'],['LIMK2'],1,0.0,1.0,0.0,0.0,0.9338284027582446,0.0,0.0,0.9338284027582446
C[C@H]1CCc2ncnc(N3C[C@@H](N(C)[C@@H]4CCCCNC4)CC3=O)c21,343.47500000000014,1.7055000000000002,61.36000000000001,1,5,0.9051811340758197,1.0,1,0,0,0,O=C1CC(NC2CCCCNC2)CN1c1ncnc2c1CCC2,['limk2_atp_inhibitor'],['LIMK2'],1,0.0,0.0,1.0,0.0,0.9715543402227458,0.0,0.1,0.8715543402227458
Cc1cc2c(c(N3CCOCC3)c1)Nc1ccccc1C(CC(=O)O)=C2,350.4180000000002,3.903920000000002,61.8,2,4,0.8789149965695053,1.0,1,0,0,0,C1=Cc2cccc(N3CCOCC3)c2Nc2ccccc21,['limk2_atp_inhibitor'],['LIMK2'],1,0.0,0.0,1.0,0.0,0.9636744989708514,0.0,0.1,0.8636744989708515
O=C(O)C[C@H]1C[C@@H](c2cccc(F)c2)N(C(=O)CCc2ccccc2)C1=O,369.3920000000001,3.349400000000002,74.68,1,3,0.847353535500681,1.0,1,0,0,0,O=C(CCc1ccccc1)N1C(=O)CCC1c1ccccc1,['limk2_atp_inhibitor'],['LIMK2'],1,0.0,0.0,1.0,0.0,0.9542060606502043,0.0,0.1,0.8542060606502043
C[C@H](O)c1c2n(c3ccccc13)C(=O)[C@@H]1CN(C=CN1C)C(=O)N(C)CC=C2,380.44800000000015,2.5006000000000004,69.02,1,4,0.8253968592363106,1.0,1,0,0,0,O=C1NCC=Cc2cc3ccccc3n2C(=O)C2CN1C=CN2,['limk2_atp_inhibitor'],['LIMK2'],1,0.0,0.0,1.0,0.0,0.9476190577708932,0.0,0.1,0.8476190577708932
O=C(c1cccc2c1NC=CC=C2)[C@H]1CC(=O)N(Cc2ccccc2)C[C@@H]1O,374.44000000000005,3.2313000000000014,69.64,2,4,0.8064622056156642,1.0,1,0,0,0,O=C(c1cccc2c1NC=CC=C2)C1CCN(Cc2ccccc2)C(=O)C1,['limk2_atp_inhibitor'],['LIMK2'],1,0.0,0.0,1.0,0.0,0.9419386616846992,0.0,0.1,0.8419386616846992
NC(=O)c1ccc(CCCC[C@H]2CCC3=C2NC=c2ccccc2=N3)cc1,359.473,2.780900000000001,67.48,2,3,0.7789954036111977,1.0,1,0,0,0,C1=c2ccccc2=NC2=C(N1)C(CCCCc1ccccc1)CC2,['limk2_atp_inhibitor'],['LIMK2'],1,0.0,0.0,1.0,0.0,0.9336986210833593,0.0,0.1,0.8336986210833593
O=C1c2cccc3cccc(c23)C=C2C(O)=N[C@@H]3CCCNC[C@@H]3[C@@H]12,332.4030000000001,3.3740000000000014,61.69,2,3,0.7773746314175183,1.0,1,0,0,0,O=C1c2cccc3cccc(c23)C=C2C=NC3CCCNCC3C12,['limk2_atp_inhibitor'],['LIMK2'],1,0.0,0.0,1.0,0.0,0.9332123894252553,0.0,0.1,0.8332123894252553
CC1=CC[C@H](c2cccc3ccc(C(=O)O)cc23)N(CC(C)C)CC1,337.46300000000014,5.277200000000005,40.54,1,2,0.7719530631995639,0.75,0,0,0,0,C1=CCC(c2cccc3ccccc23)NCC1,['limk2_atp_inhibitor'],['LIMK2'],1,0.0,0.0,1.0,0.0,0.6565859189598691,0.0,0.1,0.5565859189598691
Cc1cc2nn1CC(=O)NCC(=O)[C@H]1CCc3cc(ccc3[C@H]1C)C(=O)N2C,380.44800000000015,1.8329199999999994,84.3,1,4,0.7557590445630038,1.0,1,0,0,0,O=C1Cn2ccc(n2)NC(=O)c2ccc3c(c2)CCC(C3)C(=O)CN1,['limk2_atp_inhibitor'],['LIMK2'],1,0.0,0.0,1.0,0.0,0.9267277133689011,0.0,0.1,0.8267277133689012
Cc1[nH]c2ccccc2c1C(=O)N(CCC(=O)O)c1ccccc1,322.364,3.5978200000000022,73.4,2,2,0.7535734491331049,1.0,1,0,0,0,O=C(Nc1ccccc1)c1c[nH]c2ccccc12,['limk2_atp_inhibitor'],['LIMK2'],1,0.0,0.0,1.0,0.0,0.9260720347399314,0.0,0.1,0.8260720347399314
CN(Cc1ccccc1)C(=O)N=C(c1ccccc1)c1cn[nH]c1,318.38,3.499100000000002,61.35,1,2,0.7484298818966743,1.0,1,0,0,0,O=C(N=C(c1ccccc1)c1cn[nH]c1)NCc1ccccc1,['limk2_atp_inhibitor'],['LIMK2'],1,0.0,0.0,1.0,0.0,0.9245289645690022,0.0,0.1,0.8245289645690023
NC(=O)[C@H]1CCN(S(=O)(=O)c2ccc(-c3ccccc3)c3nonc23)C1,372.4060000000001,1.3856999999999997,119.39,1,6,0.7388568738204175,0.5,1,0,0,0,O=S(=O)(c1ccc(-c2ccccc2)c2nonc12)N1CCCC1,['limk2_atp_inhibitor'],['LIMK2'],1,0.0,0.0,1.0,0.0,0.7716570621461252,0.0,0.1,0.6716570621461252
O[C@@H]1CCN2CCCCCCn3cnc4c3=CC3=C(C=CNC3=CC=4)[C@@H]2C1,364.49300000000005,1.1544000000000008,53.32,2,4,0.7253269509146835,0.75,1,0,0,0,C1=CC2=C3C=c4c(ncn4CCCCCCN4CCCCC24)=CC=C3N1,['limk2_atp_inhibitor'],['LIMK2'],1,0.0,0.0,1.0,0.0,0.842598085274405,0.0,0.1,0.7425980852744051
CC1=Nc2ccnc3c2NC(=C1)N1CCC[C@H](C1)c1ccccc1OCC(=O)N3,389.45900000000006,3.6514000000000015,78.85,2,6,0.7190429575848623,1.0,1,0,0,0,O=C1COc2ccccc2C2CCCN(C2)C2=CC=Nc3ccnc(c3N2)N1,['limk2_atp_inhibitor'],['LIMK2'],1,0.0,0.0,1.0,0.0,0.9157128872754585,0.0,0.1,0.8157128872754585
CN1CCN(c2[nH+]ncnc2-c2[nH]c3ccccc3c2CO)CC1=O,339.37900000000013,0.20970000000000005,99.49000000000001,2,5,0.7105473307769988,0.5,1,1,1,0,O=C1CN(c2[nH+]ncnc2-c2cc3ccccc3[nH]2)CCN1,['limk2_atp_inhibitor'],['LIMK2'],1,0.0,0.0,1.0,0.2,0.7231641992330996,0.0,0.1,0.6231641992330996
CN1C2CCN(CC2)Cc2cccc(c2)Oc2ccc(cc2)OS1(=O)=O,374.46200000000016,3.0123000000000015,59.080000000000005,0,5,0.7094473155559728,1.0,1,0,0,0,O=S1(=O)NC2CCN(CC2)Cc2cccc(c2)Oc2ccc(cc2)O1,['limk2_atp_inhibitor'],['LIMK2'],1,0.0,0.0,1.0,0.0,0.9128341946667917,0.0,0.1,0.8128341946667917
C[C@@H]1CCC[C@@H]2CCCc3nccn3-c3cc(O)cc(c3)C[C@@H]1CC2,338.4950000000002,5.289300000000006,38.05,1,2,0.708584012546062,0.75,0,0,0,0,c1cc2cc(c1)-n1ccnc1CCCC1CCCCC(CC1)C2,['limk2_atp_inhibitor'],['LIMK2'],1,0.0,0.0,1.0,0.0,0.6375752037638185,0.0,0.1,0.5375752037638185
O=C(O)CCN[C@@H]1C(=O)Nc2ccccc2CC=CCCOc2cccc1c2,380.4440000000002,3.3119000000000023,87.66000000000001,3,4,0.7085487230911337,1.0,1,0,0,0,O=C1Cc2cccc(c2)OCCC=CCc2ccccc2N1,['limk2_atp_inhibitor'],['LIMK2'],1,0.0,0.0,1.0,0.0,0.91256461692734,0.0,0.1,0.81256461692734
O=C1N(Cc2ccccc2)CCC2(C(=O)NNC2=O)N1Cc1ccc[nH]1,353.38200000000006,0.7424,97.53999999999999,3,3,0.7074426593602943,0.5,1,1,0,0,O=C1N(Cc2ccccc2)CCC2(C(=O)NNC2=O)N1Cc1ccc[nH]1,['limk2_atp_inhibitor'],['LIMK2'],1,0.0,0.0,1.0,0.2,0.7222327978080884,0.0,0.1,0.6222327978080884
O=C1Cc2ccc3nccc(c3n2)-c2ccccc2OCC[C@H](CO)N1,349.39000000000016,2.098899999999999,84.34,2,5,0.7027901751227693,1.0,1,0,0,0,O=C1Cc2ccc3nccc(c3n2)-c2ccccc2OCCCN1,['limk2_atp_inhibitor'],['LIMK2'],1,0.0,0.0,1.0,0.0,0.9108370525368308,0.0,0.1,0.8108370525368308
C[C@H]1Cn2c(cc(=O)n3c4ccccc4nc23)C(=O)N1CCN1CCCCC1,379.4640000000003,1.9793999999999996,62.85,0,4,0.6981454177110725,1.0,1,0,0,0,O=C1c2cc(=O)n3c4ccccc4nc3n2CCN1CCN1CCCCC1,['limk2_atp_inhibitor'],['LIMK2'],1,0.0,0.0,1.0,0.0,0.9094436253133218,0.0,0.1,0.8094436253133218
CC(C)OC(=O)c1c(O)c(C(=O)Nc2ccccc2)cc2ccccc12,349.3860000000001,4.362900000000002,75.63,2,4,0.6862088712623289,1.0,1,0,0,0,O=C(Nc1ccccc1)c1ccc2ccccc2c1,['limk2_atp_inhibitor'],['LIMK2'],1,0.0,0.0,1.0,0.0,0.9058626613786986,0.0,0.1,0.8058626613786987
COc1cccc(NC(=O)c2n[nH]c(-c3ccccc3)nc2=N)c1,321.34000000000003,2.2120699999999998,103.75,3,5,0.6850392630552841,0.75,1,0,0,0,N=c1nc(-c2ccccc2)[nH]nc1C(=O)Nc1ccccc1,['limk2_atp_inhibitor'],['LIMK2'],1,0.0,0.0,1.0,0.0,0.8305117789165852,0.0,0.1,0.7305117789165853
C[C@@H]1CN(Cc2ccccc2)CC[C@H]1CNC(=O)c1[nH]ncc1-c1ccccc1,388.51500000000004,3.9647000000000023,61.02,2,3,0.6717956313025589,1.0,1,0,0,0,O=C(NCC1CCN(Cc2ccccc2)CC1)c1[nH]ncc1-c1ccccc1,['limk2_atp_inhibitor'],['LIMK2'],1,0.0,0.0,1.0,0.0,0.9015386893907675,0.0,0.1,0.8015386893907676
O=C(O)[C@H]1[C@@H]2O[C@@H](Oc3ccccc3CCC=C[C@H]1CO)[C@H](O)CC2=O,362.37800000000016,0.9220999999999997,113.29000000000002,3,6,0.6706114791988061,0.5,1,0,0,0,O=C1CCC2Oc3ccccc3CCC=CCCC1O2,['limk2_atp_inhibitor'],['LIMK2'],1,0.0,0.0,1.0,0.0,0.7511834437596419,0.0,0.1,0.6511834437596419
N#C[C@@H](NCc1cccnc1)c1ccccc1C1=C2C=CC=C2c2ccccc21,373.45900000000006,5.204780000000004,48.71,1,3,0.6682215649866662,0.75,0,0,0,0,C1=CC2=C(c3ccccc3CNCc3cccnc3)c3ccccc3C2=C1,['limk2_atp_inhibitor'],['LIMK2'],1,0.0,0.0,1.0,0.0,0.6254664694959999,0.0,0.1,0.525466469496
Cc1nnc(N2C(=O)[C@H]3COc4ccccc4[C@H]3Nc3cccnc3C[C@@H]2C)s1,407.49900000000014,3.381120000000002,80.24000000000001,1,7,0.6661368982390287,1.0,1,0,0,0,O=C1C2COc3ccccc3C2Nc2cccnc2CCN1c1nncs1,['limk2_atp_inhibitor'],['LIMK2'],1,0.0,0.0,1.0,0.0,0.8998410694717085,0.0,0.1,0.7998410694717085
CN1CCC(NC(=O)c2cc(CCc3ccc(O)nc3)nc3c2nnn3C)CC1,395.46700000000016,1.073099999999999,109.06,2,7,0.6650707303589566,0.5,1,0,0,0,O=C(NC1CCNCC1)c1cc(CCc2cccnc2)nc2[nH]nnc12,['limk2_atp_inhibitor'],['LIMK2'],1,0.0,0.0,1.0,0.0,0.749521219107687,0.0,0.1,0.649521219107687
CC1=CC([C@H](C(N)=O)c2ccc(-c3ccc4ncccc4c3)cc2)C(=O)CCC1,384.47900000000027,4.786200000000004,73.05000000000001,1,3,0.6576304056437585,0.75,1,0,0,0,O=C1CCCC=CC1Cc1ccc(-c2ccc3ncccc3c2)cc1,['limk2_atp_inhibitor'],['LIMK2'],1,0.0,0.0,1.0,0.0,0.8222891216931274,0.0,0.1,0.7222891216931274
C[C@H]1C[C@@](C)(O)CC[C@@H]1CC1=CC=C[C@H]2CC3=C(C=C(O)Oc4ccccc43)[C@@H]12,390.5230000000001,5.9416000000000055,49.69,2,3,0.6567391308111951,0.75,0,0,0,0,C1=CC2CC3=C(C=COc4ccccc43)C2C(CC2CCCCC2)=C1,['limk2_atp_inhibitor'],['LIMK2'],1,0.0,0.0,1.0,0.0,0.6220217392433585,0.0,0.1,0.5220217392433585
O=C(Nc1cc(O)cc(C(=O)c2ccccc2)c1)C(=O)N1CCCCC1,352.3900000000002,2.5742000000000003,86.71,2,4,0.6565291205057475,1.0,1,0,0,0,O=C(Nc1cccc(C(=O)c2ccccc2)c1)C(=O)N1CCCCC1,['limk2_atp_inhibitor'],['LIMK2'],1,0.0,0.0,1.0,0.0,0.8969587361517242,0.0,0.1,0.7969587361517242
O=C1CN2CCc3nc4cccc(c4cc3C2)CCCCOc2ccc(cc2)N1,387.4830000000001,3.9467000000000025,54.46000000000001,1,4,0.6346867136341927,1.0,1,0,0,0,O=C1CN2CCc3nc4cccc(c4cc3C2)CCCCOc2ccc(cc2)N1,['limk2_atp_inhibitor'],['LIMK2'],1,0.0,0.0,1.0,0.0,0.8904060140902579,0.0,0.1,0.7904060140902579
CC(=O)N1CCN2c3nc4c5c(c6cnccc6c(n35)[C@@H]2C1)C=CC=C4,343.3900000000001,2.6457000000000006,53.74000000000001,0,4,0.6296578382800453,1.0,1,0,0,0,C1=Cc2nc3n4c(c5ccncc5c(c24)C=C1)C1CNCCN31,['limk2_atp_inhibitor'],['LIMK2'],1,0.0,0.0,1.0,0.0,0.8888973514840135,0.0,0.1,0.7888973514840135
O=C1N[C@]23C[C@H](O)[C@](O)(C2)[C@@H]2N=C(CCCCCc4cccc1c4)N=C2C3=O,381.432,0.9618999999999986,111.35,3,6,0.6214543586309819,0.5,1,0,0,0,O=C1NC23CCC(C2)C2N=C(CCCCCc4cccc1c4)N=C2C3=O,['limk2_atp_inhibitor'],['LIMK2'],1,0.0,0.0,1.0,0.0,0.7364363075892946,0.0,0.1,0.6364363075892946
O=C(O)N1CC[C@@H](c2ccccc2)[C@@](O)(Nc2ccnc3ccccc23)C1,363.41700000000014,3.5028000000000024,85.69,3,4,0.6202548896651218,1.0,1,0,0,0,c1ccc(C2CCNCC2Nc2ccnc3ccccc23)cc1,['limk2_atp_inhibitor'],['LIMK2'],1,0.0,0.0,1.0,0.0,0.8860764668995365,0.0,0.1,0.7860764668995365
NC(=O)C[C@H](NC(=O)[C@]1(C(N)=O)CC=C2[C@@H]1S[C@H]1CCCN21)c1ccccc1,400.50400000000013,1.0158999999999996,118.52,3,5,0.6161590569245773,0.5,1,0,0,0,O=C(NCc1ccccc1)C1CC=C2C1SC1CCCN21,['limk2_atp_inhibitor'],['LIMK2'],1,0.0,0.0,1.0,0.0,0.7348477170773731,0.0,0.1,0.6348477170773731
Cc1ccc2c(c1)-c1ccccc1C=NC(=O)NC(=O)Oc1ccccc1C2,370.40800000000013,4.893720000000004,67.76,1,3,0.6122953190004419,0.75,1,0,0,0,O=C1N=Cc2ccccc2-c2ccccc2Cc2ccccc2OC(=O)N1,['limk2_atp_inhibitor'],['LIMK2'],1,0.0,0.0,1.0,0.0,0.8086885957001324,0.0,0.1,0.7086885957001324
Oc1cccc(-n2ccc3c(-c4ccccc4)ncnc32)c1,287.32200000000006,3.7931000000000026,50.94,1,3,0.6099236161066555,1.0,1,0,0,0,c1ccc(-c2ncnc3c2ccn3-c2ccccc2)cc1,['limk2_atp_inhibitor'],['LIMK2'],1,0.0,0.0,1.0,0.0,0.8829770848319967,0.0,0.1,0.7829770848319967
NC(=O)[C@@H]1C[C@H](OP(=O)(O)O)C[C@@H](c2cccc3ccccc23)C1O,365.32200000000006,1.6574999999999995,130.08,4,4,0.6097833347801743,0.5,1,0,0,0,c1ccc2c(C3CCCCC3)cccc2c1,['limk2_atp_inhibitor'],['LIMK2'],1,0.0,0.0,1.0,0.0,0.7329350004340522,0.0,0.1,0.6329350004340523
Nc1nc(-c2ccccc2)c2ncn(CCCc3cccnc3)c2n1,330.395,3.1033000000000017,82.51,1,5,0.6077906760479138,1.0,1,0,0,0,c1ccc(-c2ncnc3c2ncn3CCCc2cccnc2)cc1,['limk2_atp_inhibitor'],['LIMK2'],1,0.0,0.0,1.0,0.0,0.8823372028143741,0.0,0.1,0.7823372028143741
O=C(Nc1ncccn1)[C@H]1Cn2cnc3ncc(-c4ccccc4)c(c32)O1,358.3610000000001,2.2880000000000003,94.82000000000001,1,6,0.6037209847685666,0.75,1,0,0,0,O=C(Nc1ncccn1)C1Cn2cnc3ncc(-c4ccccc4)c(c32)O1,['limk2_atp_inhibitor'],['LIMK2'],1,0.0,0.0,1.0,0.0,0.8061162954305698,0.0,0.1,0.7061162954305699
C[C@@H](Cc1ccccc1)NC(=O)Cc1cc(-c2ccccc2)nc(CO)c1O,376.4560000000001,3.2364000000000015,82.45,3,4,0.591199832858489,1.0,1,0,0,0,O=C(Cc1ccnc(-c2ccccc2)c1)NCCc1ccccc1,['limk2_atp_inhibitor'],['LIMK2'],1,0.0,0.0,1.0,0.0,0.8773599498575466,0.0,0.1,0.7773599498575466
O=C(O)c1c(N2CCOCC2)nn2nc3cnn(-c4ccccc4)c3cc12,364.3650000000001,1.6029999999999993,97.78,1,6,0.5895526319818293,0.75,1,0,0,0,c1ccc(-n2ncc3nn4nc(N5CCOCC5)cc4cc32)cc1,['limk2_atp_inhibitor'],['LIMK2'],1,0.0,0.0,1.0,0.0,0.8018657895945487,0.0,0.1,0.7018657895945487
C[C@@H]1C=C2CN(C(=O)C=C2[N+](=O)O)C(=O)c2cccc(c2)OCCCCCC1,385.4400000000003,3.626400000000003,86.92,1,4,0.5892263845283742,1.0,1,0,1,0,O=C1C=CC2=CCCCCCCCOc3cccc(c3)C(=O)N1C2,['limk2_atp_inhibitor'],['LIMK2'],1,0.0,0.0,1.0,0.0,0.8767679153585122,0.0,0.1,0.7767679153585122
Cc1ccc(-c2cccc3[nH]c4c[nH+]c(S(N)(=O)=O)cc4c23)cc1,338.4120000000001,2.75802,90.09,2,2,0.5882617261446856,0.75,1,0,1,0,c1ccc(-c2cccc3[nH]c4c[nH+]ccc4c23)cc1,['limk2_atp_inhibitor'],['LIMK2'],1,0.0,0.0,1.0,0.0,0.8014785178434056,0.0,0.1,0.7014785178434056
c1ccc(Cc2cnc(-c3ccccc3Nc3cccnc3)o2)nc1,328.37500000000006,4.466000000000003,63.84,1,5,0.5855557854984349,1.0,1,0,0,0,c1ccc(Cc2cnc(-c3ccccc3Nc3cccnc3)o2)nc1,['limk2_atp_inhibitor'],['LIMK2'],1,0.0,0.0,1.0,0.0,0.8756667356495305,0.0,0.1,0.7756667356495305
C[C@H]1CC=C2Nc3nc(c4ccccc4n3)CCC(=O)[C@@H](O)[C@@H]3C=C[C@H]1[C@@]2(C)[C@@H]3O,405.4980000000001,3.0110000000000015,95.34,3,6,0.5834156778656026,0.75,1,0,0,0,O=C1CCc2nc(nc3ccccc23)NC2=CCCC3C=CC(C1)CC23,['limk2_atp_inhibitor'],['LIMK2'],1,0.0,0.0,1.0,0.0,0.8000247033596808,0.0,0.1,0.7000247033596808
Cc1ccc(Nc2ncc(=O)[nH]c(=O)c2-c2ccc3ccccc3c2)cc1,355.39700000000005,4.002320000000002,74.85,2,4,0.5823641647664545,1.0,1,0,0,0,O=c1cnc(Nc2ccccc2)c(-c2ccc3ccccc3c2)c(=O)[nH]1,['limk2_atp_inhibitor'],['LIMK2'],1,0.0,0.0,1.0,0.0,0.8747092494299362,0.0,0.1,0.7747092494299362
O=C(O)Cn1c(=O)c2ccc(-c3ccccc3)cc2c2ccccc21,329.3550000000001,3.9063000000000025,59.3,1,2,0.5798514961373562,1.0,1,0,0,0,O=c1[nH]c2ccccc2c2cc(-c3ccccc3)ccc12,['limk2_atp_inhibitor'],['LIMK2'],1,0.0,0.0,1.0,0.0,0.8739554488412069,0.0,0.1,0.7739554488412069
O=C(NCc1cccnc1)NCc1ccccc1OCc1cccc2c1NCC2,388.47100000000023,3.628000000000002,75.28,3,4,0.5777963071689041,1.0,1,0,0,0,O=C(NCc1cccnc1)NCc1ccccc1OCc1cccc2c1NCC2,['limk2_atp_inhibitor'],['LIMK2'],1,0.0,0.0,1.0,0.0,0.8733388921506713,0.0,0.1,0.7733388921506713
O[C@H]1NCc2ccccc2C2=CC=C3N=CNC(=C3C=C2)Nc2cccc1c2,368.44000000000005,3.5730000000000013,68.67999999999999,4,5,0.5738549907234566,0.75,1,0,0,0,C1=CC2=C3NC=NC2=CC=C1c1ccccc1CNCc1cccc(c1)N3,['limk2_atp_inhibitor'],['LIMK2'],1,0.0,0.0,1.0,0.0,0.7971564972170369,0.0,0.1,0.6971564972170369
Nc1onc2c1c(=O)ncn2[C@H]1CC(=O)[C@@H](COP(=O)(O)O)O1,346.19200000000006,-1.0674000000000003,179.99999999999997,3,9,0.5735146816363412,0.5,1,0,0,0,O=C1COC(n2cnc(=O)c3conc32)C1,['limk2_atp_inhibitor'],['LIMK2'],1,0.0,0.0,1.0,0.0,0.7220544044909023,0.0,0.1,0.6220544044909023
COc1ccc(CCC[C@@H](CO)Nc2ncccc3nnc(N)c2-3)cc1,353.42600000000016,2.3629,106.18,3,7,0.5705847446079249,0.75,1,0,0,0,c1ccc(CCCCNc2ncccc3nncc2-3)cc1,['limk2_atp_inhibitor'],['LIMK2'],1,0.0,0.0,1.0,0.0,0.7961754233823775,0.0,0.1,0.6961754233823775
Nc1cccc(C(=O)Nc2ccccc2OCC(=O)Nc2ccccc2F)c1,379.3910000000001,3.6777000000000015,93.45000000000002,3,4,0.5697451505867612,0.75,1,0,0,0,O=C(COc1ccccc1NC(=O)c1ccccc1)Nc1ccccc1,['limk2_atp_inhibitor'],['LIMK2'],1,0.0,0.0,1.0,0.0,0.7959235451760283,0.0,0.1,0.6959235451760283
c1ccc(Oc2ccccc2-c2cccc(Cc3nnc[nH]3)c2)cc1,327.38699999999994,4.854800000000004,50.800000000000004,1,3,0.5696032168850523,0.75,1,0,0,0,c1ccc(Oc2ccccc2-c2cccc(Cc3nnc[nH]3)c2)cc1,['limk2_atp_inhibitor'],['LIMK2'],1,0.0,0.0,1.0,0.0,0.7958809650655156,0.0,0.1,0.6958809650655157
Cc1ccc2c(c1)-c1c(C)nc3ncn([C@@H]4CCCCNC4=O)c3c1C2=O,360.41700000000014,3.100740000000001,76.88,1,4,0.5658025190666824,1.0,1,0,0,0,O=C1c2ccccc2-c2cnc3ncn(C4CCCCNC4=O)c3c21,['limk2_atp_inhibitor'],['LIMK2'],1,0.0,0.0,1.0,0.0,0.8697407557200048,0.0,0.1,0.7697407557200048
c1ccc(C(C2=Nc3ncnc4ccnc2c34)c2ccccc2)cc1,322.37100000000004,4.291100000000003,51.03,0,4,0.5651486517191973,1.0,1,0,0,0,c1ccc(C(C2=Nc3ncnc4ccnc2c34)c2ccccc2)cc1,['limk2_atp_inhibitor'],['LIMK2'],1,0.0,0.0,1.0,0.0,0.8695445955157592,0.0,0.1,0.7695445955157593
COc1cc(-c2ccccc2)c(-c2ccccc2)cc1Cn1nc(N)[nH]c1=O,372.42800000000017,3.544500000000002,85.93,2,4,0.5609658951649306,1.0,1,0,0,0,O=c1[nH]cnn1Cc1ccc(-c2ccccc2)c(-c2ccccc2)c1,['limk2_atp_inhibitor'],['LIMK2'],1,0.0,0.0,1.0,0.0,0.868289768549479,0.0,0.1,0.7682897685494791
Cc1c2n(c3ccccc13)CCC[C@@H]2[C@H](Nc1nc2ccccc2n1C)C(N)=O,387.4870000000001,3.6798200000000003,77.87,2,3,0.5606810157128925,1.0,1,0,0,0,c1ccc2c(c1)cc1n2CCCC1CNc1nc2ccccc2[nH]1,['limk2_atp_inhibitor'],['LIMK2'],1,0.0,0.0,1.0,0.0,0.8682043047138677,0.0,0.1,0.7682043047138677
NC(=O)c1ccc(-c2nccc3ccccc23)cc1N=Cc1ccncc1,352.39700000000005,4.146300000000002,81.23,1,4,0.5603250260672387,1.0,1,0,0,0,C(=Nc1cccc(-c2nccc3ccccc23)c1)c1ccncc1,['limk2_atp_inhibitor'],['LIMK2'],1,0.0,0.0,1.0,0.0,0.8680975078201716,0.0,0.1,0.7680975078201716
Cc1nnc(-c2ccc3ccccc3c2)n1C[C@H](N)C(=O)Nc1cccs1,377.47300000000007,3.4342200000000007,85.83000000000001,2,5,0.5578403198851176,1.0,1,0,0,0,O=C(CCn1cnnc1-c1ccc2ccccc2c1)Nc1cccs1,['limk2_atp_inhibitor'],['LIMK2'],1,0.0,0.0,1.0,0.0,0.8673520959655352,0.0,0.1,0.7673520959655352
O=C1NC(=O)N(Cc2ccccc2)C1=Cc1ccccc1-c1ccccc1,354.4090000000001,4.446500000000003,49.410000000000004,1,2,0.5559152821228875,1.0,1,0,0,0,O=C1NC(=O)N(Cc2ccccc2)C1=Cc1ccccc1-c1ccccc1,['limk2_atp_inhibitor'],['LIMK2'],1,0.0,0.0,1.0,0.0,0.8667745846368662,0.0,0.1,0.7667745846368662
O=C1Nc2ccc(O)c(c2)OCCCCOc2ccccc2-c2cccc1c2,375.42400000000004,4.862900000000003,67.79,2,4,0.5506183851204531,0.75,1,0,0,0,O=C1Nc2cccc(c2)OCCCCOc2ccccc2-c2cccc1c2,['limk2_atp_inhibitor'],['LIMK2'],1,0.0,0.0,1.0,0.0,0.7901855155361359,0.0,0.1,0.6901855155361359
C[C@@H]1OC2=C[C@H]3CC[C@H](O)C=C3C3C4=CC(=O)CC(C)(C)C[C@@H]4[C@@](O)(O1)[C@@]23O,388.46000000000015,1.9552000000000005,96.22000000000001,3,6,0.5491824221403765,0.75,1,0,0,0,O=C1C=C2C(CCC1)C1OCOC3=CC4CCCC=C4C2C31,['limk2_atp_inhibitor'],['LIMK2'],1,0.0,0.0,1.0,0.0,0.789754726642113,0.0,0.1,0.689754726642113
COc1ccc2c(c1)Oc1nc(N)ncc1-c1c(cnc3cnccc13)CC2,371.40000000000015,3.568500000000001,96.04,1,7,0.5462464374050655,0.75,1,0,0,0,c1ccc2c(c1)CCc1cnc3cnccc3c1-c1cncnc1O2,['limk2_atp_inhibitor'],['LIMK2'],1,0.0,0.0,1.0,0.0,0.7888739312215196,0.0,0.1,0.6888739312215196
CC(=O)Nc1ccc2[nH]c(-c3ccc(C)cc3)c3c(=O)ncnc-3c2c1,344.3740000000001,3.356720000000001,87.74,2,4,0.5459004679377139,1.0,1,0,0,0,O=c1ncnc2c3ccccc3[nH]c(-c3ccccc3)c1-2,['limk2_atp_inhibitor'],['LIMK2'],1,0.0,0.0,1.0,0.0,0.863770140381314,0.0,0.1,0.7637701403813141
Nc1nc(=O)c2nc(CC=Cc3ccccc3F)n(Cc3cccc(F)c3)c2[nH]1,393.3970000000001,3.284200000000002,89.59,2,4,0.5445359655849291,1.0,1,0,0,0,O=c1nc[nH]c2c1nc(CC=Cc1ccccc1)n2Cc1ccccc1,['limk2_atp_inhibitor'],['LIMK2'],1,0.0,0.0,1.0,0.0,0.8633607896754787,0.0,0.1,0.7633607896754787
Nc1cccc2c1C(=O)c1cccc3cc(cnc13)OCCCCCCCCO2,390.4830000000004,5.159800000000005,74.44000000000001,1,5,0.536761737508926,0.75,0,1,0,0,O=C1c2ccccc2OCCCCCCCCOc2cnc3c1cccc3c2,['limk2_atp_inhibitor'],['LIMK2'],1,0.0,0.0,1.0,0.2,0.5460285212526778,0.0,0.1,0.4460285212526778
NC1=CN(c2ccccc2-c2ccccc2)c2ncncc2-c2ccccc21,362.4360000000001,5.219400000000004,55.04,1,4,0.5311064165825421,0.75,0,0,0,0,C1=CN(c2ccccc2-c2ccccc2)c2ncncc2-c2ccccc21,['limk2_atp_inhibitor'],['LIMK2'],1,0.0,0.0,1.0,0.0,0.5843319249747626,0.0,0.1,0.48433192497476263
c1cncc([C@@H]2CCc3ccccc3N2c2ncnc3ccccc23)c1,338.4140000000001,4.850400000000004,41.910000000000004,0,4,0.5238042685768723,0.75,1,0,0,0,c1cncc(C2CCc3ccccc3N2c2ncnc3ccccc23)c1,['limk2_atp_inhibitor'],['LIMK2'],1,0.0,0.0,1.0,0.0,0.7821412805730616,0.0,0.1,0.6821412805730617
Nc1nnc(-c2ccccc2OCc2ccccc2)c(Nc2ccccc2)n1,369.42800000000005,4.443400000000002,85.95,2,6,0.5223740360900073,1.0,1,0,0,0,c1ccc(COc2ccccc2-c2nncnc2Nc2ccccc2)cc1,['limk2_atp_inhibitor'],['LIMK2'],1,0.0,0.0,1.0,0.0,0.8567122108270022,0.0,0.1,0.7567122108270022
CN1CC2c3cc4cccc5c4c(c3[C@H]([C@H](OP(=O)(O)O)C(N)=O)O[C@@H]2C1=O)C=N5,431.3410000000001,0.8625000000000003,151.75,3,6,0.5183106887935075,0.5,1,0,0,0,O=C1NCC2c3cc4cccc5c4c(c3COC12)C=N5,['limk2_atp_inhibitor'],['LIMK2'],1,0.0,0.0,1.0,0.0,0.7054932066380522,0.0,0.1,0.6054932066380522
FC(F)(F)c1cccc(C[C@@H](Cc2ccccc2)c2ccccc2)c1,340.38800000000003,6.274400000000005,0.0,0,0,0.5130084043222308,0.75,0,0,0,0,c1ccc(CC(Cc2ccccc2)c2ccccc2)cc1,['limk2_atp_inhibitor'],['LIMK2'],1,0.0,0.0,1.0,0.0,0.5789025212966692,0.0,0.1,0.4789025212966692
Nc1nc(-c2ccco2)nc(-c2cnn(-c3ccccc3)c2-c2ccccc2)n1,380.41100000000006,4.233500000000003,95.64999999999999,1,6,0.5011016828073754,0.75,1,0,0,0,c1ccc(-c2c(-c3ncnc(-c4ccco4)n3)cnn2-c2ccccc2)cc1,['limk2_atp_inhibitor'],['LIMK2'],1,0.0,0.0,1.0,0.0,0.7753305048422126,0.0,0.1,0.6753305048422126
OC1=C(c2ccccc2)N(Cc2ccc3cccc(-c4cccnc4)c3c2)CCN1,393.49000000000007,5.1913000000000045,48.39,2,4,0.5008467672106198,0.75,0,0,0,0,C1=C(c2ccccc2)N(Cc2ccc3cccc(-c4cccnc4)c3c2)CCN1,['limk2_atp_inhibitor'],['LIMK2'],1,0.0,0.0,1.0,0.0,0.5752540301631859,0.0,0.1,0.4752540301631859
CCn1cc(NNC(=O)c2cc(Oc3ccccc3)ccn2)c2ncccc21,373.4160000000001,4.000400000000003,81.07000000000001,2,5,0.49941575057004745,1.0,1,0,0,0,O=C(NNc1c[nH]c2cccnc12)c1cc(Oc2ccccc2)ccn1,['limk2_atp_inhibitor'],['LIMK2'],1,0.0,0.0,1.0,0.0,0.8498247251710143,0.0,0.1,0.7498247251710143
Nc1ncc2c(NCc3ccccc3)ccc(C(=O)Nc3ccccc3)c2n1,369.42800000000005,4.076400000000002,92.92999999999999,3,5,0.4929048720969802,0.75,1,0,0,0,O=C(Nc1ccccc1)c1ccc(NCc2ccccc2)c2cncnc12,['limk2_atp_inhibitor'],['LIMK2'],1,0.0,0.0,1.0,0.0,0.7728714616290939,0.0,0.1,0.672871461629094
CC(=O)NCCCNc1c(C(=O)O)ccc(-c2ccccc2)c1-c1ccccc1,388.4670000000001,4.656900000000003,78.43,3,3,0.4906731153146063,0.75,1,0,0,0,c1ccc(-c2ccccc2-c2ccccc2)cc1,['limk2_atp_inhibitor'],['LIMK2'],1,0.0,0.0,1.0,0.0,0.7722019345943818,0.0,0.1,0.6722019345943818
O=C(O)c1ccc2c(c1)c1c(c3ccccc32)CCN(Cc2ccccc2)CC1,381.47500000000014,5.292000000000004,40.54,1,2,0.4901817813959166,0.75,0,0,0,0,c1ccc(CN2CCc3c(c4ccccc4c4ccccc34)CC2)cc1,['limk2_atp_inhibitor'],['LIMK2'],1,0.0,0.0,1.0,0.0,0.572054534418775,0.0,0.1,0.472054534418775
c1ccc2nc(Nc3cccc4nc5ccccc5nc34)ncc2c1,323.3590000000001,4.469800000000003,63.59,1,5,0.4855963189034569,1.0,1,0,0,0,c1ccc2nc(Nc3cccc4nc5ccccc5nc34)ncc2c1,['limk2_atp_inhibitor'],['LIMK2'],1,0.0,0.0,1.0,0.0,0.845678895671037,0.0,0.1,0.7456788956710371
C[C@H](C=C(O)CNc1nc(=O)c2nc3ccc[nH]cc3n12)c1ccccc1,361.4050000000001,3.228300000000001,95.31,3,5,0.4744602043698318,0.75,1,0,0,0,O=c1nc(NCC=CCc2ccccc2)n2c1nc1ccc[nH]cc12,['limk2_atp_inhibitor'],['LIMK2'],1,0.0,0.0,1.0,0.0,0.7673380613109495,0.0,0.1,0.6673380613109495
CCn1c(=O)c2c(c3ccccc3c1=O)-c1cccc3nccc-2c13,326.3550000000001,3.577200000000002,51.96,0,3,0.47301109327977686,1.0,1,0,0,0,O=c1[nH]c(=O)c2ccccc2c2c1-c1ccnc3cccc-2c13,['limk2_atp_inhibitor'],['LIMK2'],1,0.0,0.0,1.0,0.0,0.841903327983933,0.0,0.1,0.741903327983933
CC(=O)N[C@H](c1cnon1)[C@@H](Nc1nc(C)cc(-c2ccccc2)n1)c1ccccc1,414.4690000000001,3.8656200000000025,105.83000000000001,2,7,0.472809990720104,0.75,1,0,0,0,c1ccc(-c2ccnc(NC(Cc3cnon3)c3ccccc3)n2)cc1,['limk2_atp_inhibitor'],['LIMK2'],1,0.0,0.0,1.0,0.0,0.7668429972160311,0.0,0.1,0.6668429972160311
Cc1cc2c(O)c(O)c(CNCCc3ccc4ccccc4n3)ccc-2n1,359.42900000000003,3.786520000000002,78.27,3,5,0.47268231181560877,1.0,1,0,0,0,c1ccc2nc(CCNCc3ccc4ccnc-4cc3)ccc2c1,['limk2_atp_inhibitor'],['LIMK2'],1,0.0,0.0,1.0,0.0,0.8418046935446826,0.0,0.1,0.7418046935446826
Cc1nn(CNCc2ccccc2)c2[nH+]c3ccc(C)[n+]4c3c(c12)-c1ccccc1-4,393.4940000000002,3.6248400000000016,47.870000000000005,1,2,0.4651560953076735,1.0,1,0,1,0,c1ccc(CNCn2ncc3c4c5c(ccc[n+]5-c5ccccc5-4)[nH+]c32)cc1,['limk2_atp_inhibitor'],['LIMK2'],1,0.0,0.0,1.0,0.0,0.839546828592302,0.0,0.1,0.739546828592302
O=C(O)[C@H](OP(=O)(O)O)[C@@H](C(=O)O)c1cccc2ccccc3ncc1c23,391.27200000000016,2.1186999999999996,154.25,4,5,0.46249027373035445,0.5,1,0,0,0,c1ccc2cnc3ccccc(c1)c23,['limk2_atp_inhibitor'],['LIMK2'],1,0.0,0.0,1.0,0.0,0.6887470821191064,0.0,0.1,0.5887470821191064
N[C@@H]1C(=O)[C@@H](N2CC([N+](=O)O)=NC(=O)C2O)O[C@H](c2cccc3ccccc23)[C@H]1O,415.3820000000001,-0.7782999999999973,165.75999999999996,4,8,0.4603291156587235,0.25,1,0,1,0,O=C1CN(C2OC(c3cccc4ccccc34)CCC2=O)CC=N1,['limk2_atp_inhibitor'],['LIMK2'],1,0.0,0.0,1.0,0.0,0.6130987346976171,0.0,0.1,0.5130987346976171
Cc1cccc2c(C(=O)N(C)C)c3c(nc12)-c1cccc2nccc-3c12,339.3980000000001,4.440620000000003,46.09,0,3,0.45344020956680575,1.0,1,0,0,0,c1ccc2nc3c(cc2c1)-c1ccnc2cccc-3c12,['limk2_atp_inhibitor'],['LIMK2'],1,0.0,0.0,1.0,0.0,0.8360320628700417,0.0,0.1,0.7360320628700417
Cc1onc(NCc2cnccn2)c1C(=O)NC=COc1cnc2ccccc2c1,402.41400000000016,3.2133200000000013,115.06,2,8,0.45293368704744236,0.75,1,0,0,0,O=C(NC=COc1cnc2ccccc2c1)c1conc1NCc1cnccn1,['limk2_atp_inhibitor'],['LIMK2'],1,0.0,0.0,1.0,0.0,0.7608801061142327,0.0,0.1,0.6608801061142328
NC(=O)c1cn2c(n1)-c1ccccc1[C@@H]1O[C@@H]2[C@H](O)CO[P@@](=O)(O)O[P@@](=O)(O)O1,447.2330000000002,0.8014999999999999,192.65999999999997,4,9,0.4519351105860905,0.25,1,0,0,0,O=[PH]1OCCC2OC(O[PH](=O)O1)c1ccccc1-c1nccn12,['limk2_atp_inhibitor'],['LIMK2'],1,0.0,0.0,1.0,0.0,0.6105805331758272,0.0,0.1,0.5105805331758272
Nc1nc2c(ncn2[C@@H]2C[C@H]3O[P@@](=O)(O)O[P@@](=O)(O)OC[C@@H]3O2)c(=O)[nH]1,409.1880000000001,-0.3779000000000005,201.10999999999996,4,10,0.44555096010229733,0.25,1,0,0,0,O=c1[nH]cnc2c1ncn2C1CC2O[PH](=O)O[PH](=O)OCC2O1,['limk2_atp_inhibitor'],['LIMK2'],1,0.0,0.0,1.0,0.0,0.6086652880306892,0.0,0.1,0.5086652880306892
Nc1ccccc1C[C@@H]1C(=O)N2C(=O)[C@H](N)C[C@@H]2[C@H]1c1cccc2c(=O)nc[nH]c12,403.4420000000001,0.9162000000000001,135.17000000000002,3,6,0.4394965695830788,0.5,1,0,0,0,O=C1CCC2C(c3cccc4c(=O)nc[nH]c34)C(Cc3ccccc3)C(=O)N12,['limk2_atp_inhibitor'],['LIMK2'],1,0.0,0.0,1.0,0.0,0.6818489708749237,0.0,0.1,0.5818489708749237
C[C@H](CNCc1ccccc1)[P@@](=O)(O)[C@H](Nc1ccccc1)c1ccccc1,394.45500000000004,5.246000000000004,61.36,3,3,0.43415896296070855,0.75,0,0,0,0,O=[PH](CCNCc1ccccc1)C(Nc1ccccc1)c1ccccc1,['limk2_atp_inhibitor'],['LIMK2'],1,0.0,0.0,1.0,0.0,0.5552476888882125,0.0,0.1,0.45524768888821254
CN(CCOCC=O)c1cccc(-c2c(Cc3cccnc3N)c(=O)ncn2C)c1,407.4740000000001,1.6669999999999994,103.34,1,7,0.4249851624999636,0.75,1,0,0,1,O=c1nc[nH]c(-c2ccccc2)c1Cc1cccnc1,['limk2_atp_inhibitor'],['LIMK2'],1,0.0,0.0,1.0,0.0,0.7524955487499891,0.0,0.1,0.6524955487499892
O=P(O)(O)O[P@@](=O)(O)O[C@H]1[C@H]2C[C@](O)(O[C@H]2c2cnc3ccccc3c2)[C@H]1O,433.24600000000015,0.9703999999999997,175.86999999999998,5,8,0.4247911104167798,0.25,1,0,0,0,c1ccc2ncc(C3OC4CCC3C4)cc2c1,['limk2_atp_inhibitor'],['LIMK2'],1,0.0,0.0,1.0,0.0,0.6024373331250339,0.0,0.1,0.5024373331250339
O=C(Cn1cnc2ccccc21)NN=Cc1cccc(Cc2ccco2)c1,358.4010000000001,3.370400000000002,72.42,1,4,0.4242062794168214,1.0,1,0,0,0,O=C(Cn1cnc2ccccc21)NN=Cc1cccc(Cc2ccco2)c1,['limk2_atp_inhibitor'],['LIMK2'],1,0.0,0.0,1.0,0.0,0.8272618838250463,0.0,0.1,0.7272618838250463
C1=CN(c2ccnc(Cc3ccccc3)n2)c2cccc(-c3ccccc3)c2N=C1,388.4740000000001,6.1021000000000045,41.38,0,4,0.4239413714094663,0.75,0,0,0,0,C1=CN(c2ccnc(Cc3ccccc3)n2)c2cccc(-c3ccccc3)c2N=C1,['limk2_atp_inhibitor'],['LIMK2'],1,0.0,0.0,1.0,0.0,0.55218241142284,0.0,0.1,0.45218241142284
Cc1c2c(c3cc(C(=O)n4c(N)nc5cccnc5c4=O)cn13)=[S+]C=C2,362.39400000000006,1.66001,95.28,1,5,0.41038557230889905,0.75,1,0,1,0,O=C(c1cc2c3c(cn2c1)C=C[S+]=3)n1cnc2cccnc2c1=O,['limk2_atp_inhibitor'],['LIMK2'],1,0.0,0.0,1.0,0.0,0.7481156716926696,0.0,0.1,0.6481156716926696
O=C1NCCCOc2c([nH]c3ccccc23)C(c2ccccc2)=CNc2ccccc21,409.4890000000001,5.181500000000003,66.14999999999999,3,3,0.40574000661812837,0.75,0,0,0,0,O=C1NCCCOc2c([nH]c3ccccc23)C(c2ccccc2)=CNc2ccccc21,['limk2_atp_inhibitor'],['LIMK2'],1,0.0,0.0,1.0,0.0,0.5467220019854384,0.0,0.1,0.44672200198543843
O=C(c1cccc2ccccc12)[C@H]1c2ccccc2-c2ncnc3c2=[N+]1C(=O)N=3,377.38300000000015,2.478700000000001,75.28999999999999,0,4,0.39729979736011745,1.0,1,0,1,0,O=C(c1cccc2ccccc12)C1c2ccccc2-c2ncnc3c2=[N+]1C(=O)N=3,['limk2_atp_inhibitor'],['LIMK2'],1,0.0,0.0,1.0,0.0,0.8191899392080353,0.0,0.1,0.7191899392080353
Clc1ccc2c(n1)NC(NC1CCCc3c(nc4ccncnc3-4)C1)C2,366.8560000000001,2.8561000000000005,75.62,2,6,0.5362610085882995,1.0,1,0,0,0,c1cnc2c(c1)CC(NC1CCCc3c(nc4ccncnc3-4)C1)N2,['rock2_activator_alphaC'],['ROCK2'],1,1.0,0.0,0.0,0.0,0.8608783025764899,0.0,0.0,0.8608783025764899
COc1ccc(CCNNC2CCCC3C(=O)CCCC3C2N)cc1,345.4870000000001,2.1971,76.38,3,5,0.544234268859071,1.0,1,0,0,0,O=C1CCCC2CC(NNCCc3ccccc3)CCCC12,['rock2_activator_alphaC'],['ROCK2'],1,1.0,0.0,0.0,0.0,0.8632702806577213,0.0,0.0,0.8632702806577213
ClC1CCCC2NC(CNC3CCN(c4cccnc4)C3)NCC12,349.9100000000001,1.5448999999999993,52.22,3,5,0.7199889261747704,1.0,1,0,0,0,c1cncc(N2CCC(NCC3NCC4CCCCC4N3)C2)c1,['rock2_activator_alphaC'],['ROCK2'],1,1.0,0.0,0.0,0.0,0.9159966778524311,0.0,0.0,0.9159966778524311
O=C1CCC=NC2CC3N[N+](Nc4ccc(=O)[nH]c4)=CCCC3C12,328.39600000000013,0.8904999999999996,89.35999999999999,3,5,0.7035475718290886,0.75,1,0,1,0,O=C1CCC=NC2CC3N[N+](Nc4ccc(=O)[nH]c4)=CCCC3C12,['rock2_activator_alphaC'],['ROCK2'],1,1.0,0.0,0.0,0.0,0.8360642715487265,0.0,0.0,0.8360642715487265
CC1OC2C=C(Nc3cc4c(F)cccc4c4ccc(C(=O)O)nc34)CC2C1=O,392.3860000000002,3.897400000000003,88.52000000000001,2,5,0.6575607671013128,1.0,1,0,0,0,O=C1COC2C=C(Nc3cc4ccccc4c4cccnc34)CC12,['rock2_activator_alphaC'],['ROCK2'],1,1.0,0.0,0.0,0.0,0.8972682301303938,0.0,0.0,0.8972682301303938
CC1CCC(O)C2OC2C2(C1)CC1Cc3ccccc3OC1=C2O,328.408,3.3457000000000017,62.22,2,4,0.7171017310960327,1.0,1,0,0,0,C1=C2Oc3ccccc3CC2CC12CCCCCC1OC12,['rock2_activator_alphaC'],['ROCK2'],1,1.0,0.0,0.0,0.0,0.9151305193288097,0.0,0.0,0.9151305193288097
CC1CCCC(=CCNN2Cc3nccn4c3c(c3cc(N)ccc34)C2)C1=O,375.47600000000017,3.205400000000001,75.66,2,5,0.5430687621886152,1.0,1,0,0,0,O=C1CCCCC1=CCNN1Cc2nccn3c2c(c2ccccc23)C1,['rock2_activator_alphaC'],['ROCK2'],1,1.0,0.0,0.0,0.0,0.8629206286565845,0.0,0.0,0.8629206286565845
Cc1cccc2c1[nH+]cn2C(O)=NCC1CC=C2C(C=C3C=CNC=N3)CCC21,388.4950000000001,3.5275200000000018,76.05,2,3,0.47943889562709874,1.0,1,0,1,0,C1=CC(=CC2CCC3C2=CCC3CN=Cn2c[nH+]c3ccccc32)N=CN1,['rock2_activator_alphaC'],['ROCK2'],1,1.0,0.0,0.0,0.0,0.8438316686881295,0.0,0.0,0.8438316686881295
OC12C3=CCCC1CC1CC(C=[N+]=Nc4ccccn4)CC(=NN3)C12,336.4190000000001,2.4746000000000006,83.97,2,5,0.4942414182734298,1.0,1,1,1,0,C(=[N+]=Nc1ccccn1)C1CC2=NNC3=CCCC4CC(C1)C2C34,['rock2_activator_alphaC'],['ROCK2'],1,1.0,0.0,0.0,0.2,0.8082724254820289,0.0,0.0,0.8082724254820289
Oc1ccc(CN2N=C(c3ccc(O)cc3)Nc3ccccc32)cc1,331.3750000000001,3.891700000000002,68.09,3,5,0.6809325453818323,1.0,1,1,0,0,c1ccc(CN2N=C(c3ccccc3)Nc3ccccc32)cc1,['rock2_activator_alphaC'],['ROCK2'],1,1.0,0.0,0.0,0.2,0.8642797636145497,0.0,0.0,0.8642797636145497
OC1CCC(Cl)CCC1=Cc1nnc(-c2ccc(N3CCCC3)[nH+]c2)[nH]1,374.8960000000002,2.8117,79.18,2,4,0.6391886816131945,1.0,1,0,1,0,C(=C1CCCCCC1)c1nnc(-c2ccc(N3CCCC3)[nH+]c2)[nH]1,['rock2_activator_alphaC'],['ROCK2'],1,1.0,0.0,0.0,0.0,0.8917566044839582,0.0,0.0,0.8917566044839582
O=C(Nc1cccc(Cl)c1)NC(C[n+]1ccccc1)C1=[N+]2C=NN=C2N=C1,381.82700000000006,1.6685999999999999,85.10000000000001,2,4,0.7583785660283996,1.0,1,0,1,0,O=C(Nc1ccccc1)NC(C[n+]1ccccc1)C1=[N+]2C=NN=C2N=C1,['rock2_activator_alphaC'],['ROCK2'],1,1.0,0.0,0.0,0.0,0.9275135698085197,0.0,0.0,0.9275135698085197
O=C1CC2C(OC(O)NCCc3ccccc3)NC3=CCCCC1C32,342.43900000000014,1.9296999999999993,70.59,3,5,0.6893217222306881,1.0,1,0,0,0,O=C1CC2C(OCNCCc3ccccc3)NC3=CCCCC1C32,['rock2_activator_alphaC'],['ROCK2'],1,1.0,0.0,0.0,0.0,0.9067965166692065,0.0,0.0,0.9067965166692065
O=Cc1cccc(CN(c2nc3c([nH]2)-c2ccc(Cl)cc2C3)c2ccnc[nH+]2)c1,402.8650000000001,3.994200000000003,76.02000000000001,1,4,0.4507671350586536,1.0,1,0,1,1,c1ccc(CN(c2nc3c([nH]2)-c2ccccc2C3)c2ccnc[nH+]2)cc1,['rock2_activator_alphaC'],['ROCK2'],1,1.0,0.0,0.0,0.0,0.8352301405175961,0.0,0.0,0.8352301405175961
O=C(O)c1cc([N+]#Cc2cccnc2)c2c(c1)N[N+](=Cc1ccccc1)C2,356.3850000000001,3.7646000000000015,69.59,2,3,0.6860801921744941,1.0,1,0,1,0,C(#[N+]c1cccc2c1C[N+](=Cc1ccccc1)N2)c1cccnc1,['rock2_activator_alphaC'],['ROCK2'],1,1.0,0.0,0.0,0.0,0.9058240576523482,0.0,0.0,0.9058240576523482
OCC1CC2ON3CC(OCc4ccccc4)C4CC(O)C1C2C43,331.4120000000001,1.1951999999999994,62.16000000000001,2,5,0.8679302720625728,0.75,1,0,0,0,c1ccc(COC2CN3OC4CCC5CCC2C3C54)cc1,['rock2_activator_alphaC'],['ROCK2'],1,1.0,0.0,0.0,0.0,0.8853790816187719,0.0,0.0,0.8853790816187719
O=C(NC1CCC(C=CCC=Nc2ncccn2)CC1)[n+]1cccc2c1CCN2,391.4990000000002,3.197400000000001,83.15,2,5,0.46578042407010073,1.0,1,1,1,0,O=C(NC1CCC(C=CCC=Nc2ncccn2)CC1)[n+]1cccc2c1CCN2,['rock2_activator_alphaC'],['ROCK2'],1,1.0,0.0,0.0,0.2,0.7997341272210302,0.0,0.0,0.7997341272210302
O=C1C(O)=N[N+](=Cc2ccccc2)N1c1ccccc1OCC(O)c1ccccc1,402.4300000000002,3.0637000000000016,85.37,2,4,0.620835884819759,1.0,1,0,1,0,O=C1C=N[N+](=Cc2ccccc2)N1c1ccccc1OCCc1ccccc1,['rock2_activator_alphaC'],['ROCK2'],1,1.0,0.0,0.0,0.0,0.8862507654459277,0.0,0.0,0.8862507654459277
C=C1CC([N+]#[N+]c2ccc3nc(C)nc-3cc2)CC2OC(=O)C(O)C12,338.3670000000001,2.8048200000000003,81.03,1,5,0.4537374778086684,1.0,1,0,1,0,C=C1CC([N+]#[N+]c2ccc3ncnc-3cc2)CC2OC(=O)CC12,['rock2_activator_alphaC'],['ROCK2'],1,1.0,0.0,0.0,0.0,0.8361212433426004,0.0,0.0,0.8361212433426004
CC(=O)C1C(c2cccc(CCC(=O)O)c2)N=C2C(=O)CC3CCCC1C23,367.44500000000016,3.410000000000002,83.80000000000001,1,4,0.8642772872494274,1.0,1,0,0,0,O=C1CC2CCCC3CC(c4ccccc4)N=C1C23,['rock2_activator_alphaC'],['ROCK2'],1,1.0,0.0,0.0,0.0,0.9592831861748281,0.0,0.0,0.9592831861748281
O=C(CN(C(=O)c1ncc[nH]1)c1ccccc1)Oc1ccc(Cl)cc1,355.78100000000006,3.315500000000001,75.29,1,4,0.562443432388289,1.0,1,0,0,0,O=C(CN(C(=O)c1ncc[nH]1)c1ccccc1)Oc1ccccc1,['rock2_activator_alphaC'],['ROCK2'],1,1.0,0.0,0.0,0.0,0.8687330297164866,0.0,0.0,0.8687330297164866
CC12CCC3C(C(O)C4CC4OC=C[n+]4ccccc4)OCC(C31)C1(O)CC21,384.49600000000015,1.9804000000000002,62.80000000000001,2,4,0.6020036432736067,1.0,1,0,1,0,C(=C[n+]1ccccc1)OC1CC1CC1OCC2C3CC3C3CCC1C32,['rock2_activator_alphaC'],['ROCK2'],1,1.0,0.0,0.0,0.0,0.880601092982082,0.0,0.0,0.880601092982082
Cc1cc(CNC(=O)C=CC(=O)c2ccccc2)c(Oc2ccccc2)nn1,373.4120000000001,3.632620000000002,81.18,1,5,0.5051532710916861,1.0,1,0,0,0,O=C(C=CC(=O)c1ccccc1)NCc1ccnnc1Oc1ccccc1,['rock2_activator_alphaC'],['ROCK2'],1,1.0,0.0,0.0,0.0,0.8515459813275057,0.0,0.0,0.8515459813275057
Cc1nc2nc3ccccc3nc3c-2c1[C@@H](N1CCCCCC1)C(=O)N(C)C3,375.4760000000002,3.3271200000000016,62.220000000000006,0,5,0.6528414728648888,1.0,1,0,0,0,O=C1NCc2nc3ccccc3nc3ncc(c2-3)C1N1CCCCCC1,['musk_activator_alphaC'],['MuSK'],1,1.0,0.0,0.0,0.0,0.8958524418594667,0.0,0.0,0.8958524418594667
CN(C(=O)c1cc2c3c(cnc2s1)CCCCC=N3)c1ccc(-c2ccc(C(=O)O)cc2)cc1,469.56600000000014,6.366800000000006,82.86,1,5,0.37657549076102487,0.5,0,0,0,0,O=C(Nc1ccc(-c2ccccc2)cc1)c1cc2c3c(cnc2s1)CCCCC=N3,['musk_activator_alphaC'],['MuSK'],1,1.0,0.0,0.0,0.0,0.46297264722830744,0.0,0.0,0.46297264722830744
CC(=NNC(=O)N1CCCNCC1)NC(=O)NCc1ccc2ccn(C)c2c1,385.4720000000001,1.3158000000000003,102.79000000000002,4,4,0.36392352824558266,0.25,1,0,0,0,O=C(NC=NNC(=O)N1CCCNCC1)NCc1ccc2cc[nH]c2c1,['musk_activator_alphaC'],['MuSK'],1,1.0,0.0,0.0,0.0,0.5841770584736747,0.0,0.0,0.5841770584736747
CNC(=O)CCc1ccc(Oc2cccc(CCCCCCC(C)C)c2)cc1,381.5600000000002,6.306500000000007,38.33,1,2,0.43771766821371905,0.75,0,0,0,0,c1ccc(Oc2ccccc2)cc1,['musk_activator_alphaC'],['MuSK'],1,1.0,0.0,0.0,0.0,0.5563153004641157,0.0,0.0,0.5563153004641157
Cc1cc(CC(=O)Nc2nc3c(s2)CCCC3)ccc1NC(=O)[C@@H](O)C(C)C,401.53200000000004,3.466920000000002,91.32000000000001,3,5,0.6911731150615312,0.75,1,0,0,0,O=C(Cc1ccccc1)Nc1nc2c(s1)CCCC2,['musk_activator_alphaC'],['MuSK'],1,1.0,0.0,0.0,0.0,0.8323519345184593,0.0,0.0,0.8323519345184593
Cc1ccc(-n2cc(O)c3c4c(-c5ccccc5)nccc4ccc32)cc1,350.4210000000001,5.859720000000006,38.05,1,2,0.4329039770822706,0.75,0,0,0,0,c1ccc(-c2nccc3ccc4c(ccn4-c4ccccc4)c23)cc1,['musk_activator_alphaC'],['MuSK'],1,1.0,0.0,0.0,0.0,0.5548711931246813,0.0,0.0,0.5548711931246813
CCOC(=O)[C@@H](C)Oc1[nH+]c2c(C)cc(C)c3c2n1-c1ccc(N)cc1N3,367.4290000000001,3.031040000000001,92.65,2,5,0.4271703789334779,0.75,1,0,1,0,c1ccc2c(c1)Nc1cccc3[nH+]cn-2c13,['musk_activator_alphaC'],['MuSK'],1,1.0,0.0,0.0,0.0,0.7531511136800433,0.0,0.0,0.7531511136800433
Cc1cc(C)cc(N[C@H](C)CC(=O)N2CCCN(c3ccccc3-c3ncc[nH]3)CC2)c1,431.5840000000001,4.622940000000003,64.26,2,4,0.5976266126859452,0.75,1,0,0,0,O=C(CCNc1ccccc1)N1CCCN(c2ccccc2-c2ncc[nH]2)CC1,['musk_activator_alphaC'],['MuSK'],1,1.0,0.0,0.0,0.0,0.8042879838057835,0.0,0.0,0.8042879838057835
CC(C)COc1ccc2[nH+]c(-c3cc[n+](Cc4ccccc4)cc3)n3cccc3c2c1,409.5330000000001,4.944200000000005,31.66,0,1,0.36545268637047595,0.75,1,0,1,0,c1ccc(C[n+]2ccc(-c3[nH+]c4ccccc4c4cccn34)cc2)cc1,['musk_activator_alphaC'],['MuSK'],1,1.0,0.0,0.0,0.0,0.7346358059111429,0.0,0.0,0.7346358059111429
CN(C)CC1=[S+]C(c2ccc(OCc3ccc4nc([C@H]5C[C@@H](N)C[C@@H](O)C5)n(C)c4c3)cc2)=N1,478.6420000000002,2.6422999999999996,88.89999999999999,2,6,0.40263005833907295,0.75,1,0,1,0,C1=[S+]C(c2ccc(OCc3ccc4nc(C5CCCCC5)[nH]c4c3)cc2)=N1,['musk_activator_alphaC'],['MuSK'],1,1.0,0.0,0.0,0.0,0.7457890175017219,0.0,0.0,0.7457890175017219
O=C1C(=O)N(CCO)C(=O)CN1Cc1cc[n+](-c2c[nH]c3ccccc23)o1,369.357,-0.2726999999999997,110.73,2,5,0.365334044239551,0.5,1,0,1,0,O=C1CN(Cc2cc[n+](-c3c[nH]c4ccccc34)o2)C(=O)C(=O)N1,['musk_activator_alphaC'],['MuSK'],1,1.0,0.0,0.0,0.0,0.6596002132718652,0.0,0.0,0.6596002132718652
Cc1ccc(CN[C@@H]2NN=C(CC(=O)Nc3ccccc3)N2)cn1,324.388,1.2983199999999995,90.44,4,6,0.6429230351554162,0.25,1,0,0,0,O=C(CC1=NNC(NCc2cccnc2)N1)Nc1ccccc1,['musk_activator_alphaC'],['MuSK'],1,1.0,0.0,0.0,0.0,0.6678769105466249,0.0,0.0,0.6678769105466249
CC(=O)Oc1ccc2cc(C)c3c(C)cc(-c4ccccc4)c4ccc1c2c43,364.4440000000001,6.793140000000005,26.3,0,2,0.19568490943039335,0.75,0,0,0,0,c1ccc(-c2ccc3ccc4cccc5ccc2c3c45)cc1,['musk_activator_alphaC'],['MuSK'],1,1.0,0.0,0.0,0.0,0.48370547282911797,0.0,0.0,0.48370547282911797
CCOc1ccc2c(NCC#N)cc3c4c5c(cc(C)cc5cc3c2c1)N(C)C4=O,395.46200000000016,5.3788000000000045,65.36,1,4,0.28623439879100354,0.75,0,0,0,0,O=C1Nc2cccc3cc4c(ccc5ccccc54)c1c23,['musk_activator_alphaC'],['MuSK'],1,1.0,0.0,0.0,0.0,0.510870319637301,0.0,0.0,0.510870319637301
CN1CC[C@@H](COc2cccc(-c3ccc4ccccc4c3)c2)C1,317.4320000000001,4.837300000000004,12.47,0,2,0.6826711183900397,0.75,1,0,0,0,c1cc(OCC2CCNC2)cc(-c2ccc3ccccc3c2)c1,['musk_activator_alphaC'],['MuSK'],1,1.0,0.0,0.0,0.0,0.829801335517012,0.0,0.0,0.829801335517012
COC(=O)c1ccc2cc(C(=O)O)ccc2c1.O[C@@H]1[C@H]2C[C@@H]3NO[C@H]2[C@H]2CC[C@@H](OOO3)[C@@H]12,459.45100000000025,2.2095000000000002,132.78000000000003,3,9,0.4534211252518335,0.5,1,0,0,0,C1C2NOC3C1CC1C(CCC13)OOO2.c1ccc2ccccc2c1,['musk_activator_alphaC'],['MuSK'],1,1.0,0.0,0.0,0.0,0.6860263375755501,0.0,0.0,0.6860263375755501
O=C(N[C@H]1C[C@@H](NC(=O)c2ccc3ccccc3c2)C1)c1ccccc1,344.4140000000001,3.5306000000000024,58.2,2,2,0.7605859004226975,1.0,1,0,0,0,O=C(NC1CC(NC(=O)c2ccc3ccccc3c2)C1)c1ccccc1,['musk_activator_alphaC'],['MuSK'],1,1.0,0.0,0.0,0.0,0.9281757701268092,0.0,0.0,0.9281757701268092
Cc1cccc(COCCOC2=CC=C3CSc4nccc5ccc(c3c45)N2)c1,402.5190000000001,5.532620000000004,43.38,1,5,0.5490945235917708,0.75,0,0,0,0,C1=C(OCCOCc2ccccc2)Nc2ccc3ccnc4c3c2C(=C1)CS4,['musk_activator_alphaC'],['MuSK'],1,1.0,0.0,0.0,0.0,0.5897283570775311,0.0,0.0,0.5897283570775311
Cc1ccc(C(=O)N2CC[C@H](CC(=O)N3CC[C@H](Cn4ccnc4)C3)[C@H]2C)cn1,395.5070000000001,2.3759200000000007,71.33000000000001,0,4,0.7793011529952507,1.0,1,0,0,0,O=C(CC1CCN(C(=O)c2cccnc2)C1)N1CCC(Cn2ccnc2)C1,['musk_activator_alphaC'],['MuSK'],1,1.0,0.0,0.0,0.0,0.9337903458985752,0.0,0.0,0.9337903458985752
O=C(Nc1ccccc1)c1ccc(Oc2ccc3c(c2)CNC3)cc1,330.38700000000006,4.334400000000003,50.36,2,3,0.7482508283608931,1.0,1,0,0,0,O=C(Nc1ccccc1)c1ccc(Oc2ccc3c(c2)CNC3)cc1,['musk_activator_alphaC'],['MuSK'],1,1.0,0.0,0.0,0.0,0.9244752485082679,0.0,0.0,0.9244752485082679
CN(C)c1cc2n3c(c1)cc1ccc4c(c(cn4-c4ccc(O)cc4)C(=O)[C@H]2O)c13,397.4340000000001,4.037700000000003,70.11,2,4,0.4717443691593331,1.0,1,0,0,0,O=C1Cc2cccc3cc4ccc5c(c1cn5-c1ccccc1)c4n23,['musk_activator_alphaC'],['MuSK'],1,1.0,0.0,0.0,0.0,0.8415233107478,0.0,0.0,0.8415233107478
Cc1c(C=N)c2c(n1CCc1ccccc1)Nc1ccccc1NC2=O,344.41800000000006,4.346190000000002,69.91,3,3,0.6160267643122892,1.0,1,0,0,0,O=C1Nc2ccccc2Nc2c1ccn2CCc1ccccc1,['musk_activator_alphaC'],['MuSK'],1,1.0,0.0,0.0,0.0,0.8848080292936866,0.0,0.0,0.8848080292936866
CS(=O)(=O)c1cccc(CNc2cc(C(=O)NC3CCCC3)cc3c2OCC3)c1,414.5270000000003,3.3095000000000026,84.5,2,5,0.7576110243263329,1.0,1,0,0,0,O=C(NC1CCCC1)c1cc2c(c(NCc3ccccc3)c1)OCC2,['musk_activator_alphaC'],['MuSK'],1,1.0,0.0,0.0,0.0,0.9272833072978999,0.0,0.0,0.9272833072978999
COc1ccc(-c2ccc3nc4c5ccccnc5c(C(C)(C)C)cc4c3c2)cc1,392.5020000000002,6.909300000000006,35.010000000000005,0,3,0.32731950791353986,0.75,0,0,0,0,c1ccc(-c2ccc3nc4c5ccccnc5ccc4c3c2)cc1,['musk_activator_alphaC'],['MuSK'],1,1.0,0.0,0.0,0.0,0.523195852374062,0.0,0.0,0.523195852374062
CN(c1ccccc1)c1ccc(CNC(=O)CCNC(=O)c2ccccc2)cc1,387.48300000000006,3.8908000000000023,61.440000000000005,2,3,0.6164116927928995,1.0,1,0,0,0,O=C(CCNC(=O)c1ccccc1)NCc1ccc(Nc2ccccc2)cc1,['musk_activator_alphaC'],['MuSK'],1,1.0,0.0,0.0,0.0,0.8849235078378699,0.0,0.0,0.8849235078378699
C[N+]1=C2N[C@@H]3c4ccccc4C(=O)[C@@H]3C(=O)[C@@H]2Cc2cc3c(cc21)OCO3,361.3770000000001,1.9859999999999998,67.64,1,5,0.5741520854344049,1.0,1,0,1,0,O=C1c2ccccc2C2NC3=[NH+]c4cc5c(cc4CC3C(=O)C12)OCO5,['musk_activator_alphaC'],['MuSK'],1,1.0,0.0,0.0,0.0,0.8722456256303215,0.0,0.0,0.8722456256303215
Cc1c(C(=O)NCCC(=O)NCCc2ccccc2)[nH]c2ccccc12,349.434,2.95512,73.99000000000001,3,2,0.6134343018191238,1.0,1,1,0,0,O=C(CCNC(=O)c1cc2ccccc2[nH]1)NCCc1ccccc1,['musk_activator_alphaC'],['MuSK'],1,1.0,0.0,0.0,0.2,0.8440302905457372,0.0,0.0,0.8440302905457372
CN1CCN(c2ccnc(-c3ccccc3CCCc3ccccc3)n2)CC1,372.5160000000001,4.070700000000003,32.260000000000005,0,4,0.6528511856946595,1.0,1,0,0,0,c1ccc(CCCc2ccccc2-c2nccc(N3CCNCC3)n2)cc1,['musk_activator_alphaC'],['MuSK'],1,1.0,0.0,0.0,0.0,0.8958553557083979,0.0,0.0,0.8958553557083979
O=C(Nc1ccncc1N[C@H]1CCCCC1=O)[C@@H]1CC[C@H](CCc2ccccc2)C1,405.5420000000002,4.992800000000005,71.09,2,4,0.6804943239678622,0.75,1,0,0,0,O=C(Nc1ccncc1NC1CCCCC1=O)C1CCC(CCc2ccccc2)C1,['musk_activator_alphaC'],['MuSK'],1,1.0,0.0,0.0,0.0,0.8291482971903585,0.0,0.0,0.8291482971903585
OC[C@H]1CN(c2cc(CCCOc3ccccc3)n[nH]2)CCC1=NCc1ccccc1,418.54100000000017,3.8811000000000027,73.74000000000001,2,5,0.5173794471776091,1.0,1,0,0,0,c1ccc(CN=C2CCN(c3cc(CCCOc4ccccc4)n[nH]3)CC2)cc1,['musk_activator_alphaC'],['MuSK'],1,1.0,0.0,0.0,0.0,0.8552138341532827,0.0,0.0,0.8552138341532827
CN1C[C@H](Nc2cc3ccc4ccccc4cc-3nc2=O)C[C@@H]1c1ccccc1,381.47900000000016,4.557100000000004,45.230000000000004,1,4,0.5651741246164765,0.75,1,0,0,0,O=c1nc2cc3ccccc3ccc-2cc1NC1CNC(c2ccccc2)C1,['musk_activator_alphaC'],['MuSK'],1,1.0,0.0,0.0,0.0,0.794552237384943,0.0,0.0,0.794552237384943
CC1(C)NC[C@H](NCC(=O)Nc2nnc(CN3CCC(N)CC3)o2)[C@H]1O,367.4540000000002,-1.3678999999999968,141.57,5,9,0.41160206407916144,0.25,1,0,0,0,O=C(CNC1CCNC1)Nc1nnc(CN2CCCCC2)o1,['musk_activator_alphaC'],['MuSK'],1,1.0,0.0,0.0,0.0,0.5984806192237484,0.0,0.0,0.5984806192237484
O=C(O)CCn1c(CNC(=O)NCc2ccccc2)nc2c3ccccc3ccc21,402.4540000000002,3.6636000000000024,96.25,3,3,0.4394890061261531,0.75,1,0,0,0,O=C(NCc1ccccc1)NCc1nc2c(ccc3ccccc32)[nH]1,['musk_activator_alphaC'],['MuSK'],1,1.0,0.0,0.0,0.0,0.756846701837846,0.0,0.0,0.756846701837846
COC(=O)c1ccc2c(c1)N1CCC[C@H]1C(=O)N(c1ccc(N(C)C)cc1)C2,379.4600000000001,3.054800000000002,53.09,0,5,0.7675215723392662,1.0,1,1,0,0,O=C1C2CCCN2c2ccccc2CN1c1ccccc1,['musk_activator_alphaC'],['MuSK'],1,1.0,0.0,0.0,0.2,0.8902564717017799,0.0,0.0,0.8902564717017799
O=C(NCc1nnc(CCCCN2CCCCCC2)o1)C(=O)N1CCNCC1,392.5040000000002,0.3163000000000014,103.60000000000001,2,7,0.5085587158890975,0.5,1,0,0,0,O=C(NCc1nnc(CCCCN2CCCCCC2)o1)C(=O)N1CCNCC1,['musk_activator_alphaC'],['MuSK'],1,1.0,0.0,0.0,0.0,0.7025676147667292,0.0,0.0,0.7025676147667292
C[C@@H](N)CCCC(=O)N1CCCN(C(=O)c2ccc(-c3ccccc3)cc2)CC1,393.5310000000001,3.545600000000003,66.64000000000001,1,3,0.8161757746143228,1.0,1,0,0,0,O=C(c1ccc(-c2ccccc2)cc1)N1CCCNCC1,['musk_activator_alphaC'],['MuSK'],1,1.0,0.0,0.0,0.0,0.9448527323842968,0.0,0.0,0.9448527323842968
CN(C)c1ccc(CN2CCCN(Cc3nnc(-c4ccccc4)o3)CC2)cc1,391.5190000000001,3.510500000000002,48.64,0,6,0.6408981176160072,1.0,1,2,0,0,c1ccc(CN2CCCN(Cc3nnc(-c4ccccc4)o3)CC2)cc1,['musk_activator_alphaC'],['MuSK'],1,1.0,0.0,0.0,0.4,0.8122694352848022,0.0,0.0,0.8122694352848022
CC(C)CC[C@]1(O)C[C@@H]2[C@H]3CC[C@@H](C[C@@H]2[C@@H]1C)[C@H](C(=O)c1cnccc1O)C3,385.5480000000001,4.8456000000000055,70.42,2,4,0.7112419022380995,0.75,1,0,0,0,O=C(c1cccnc1)C1CC2CCC1CC1CCCC12,['musk_activator_alphaC'],['MuSK'],1,1.0,0.0,0.0,0.0,0.8383725706714298,0.0,0.0,0.8383725706714298
CN1CCC(NC(=O)c2ccn(Cc3nc4c(N)cccc4o3)c2)CC1,353.4260000000001,2.083799999999999,89.32000000000001,2,5,0.7011759207170041,1.0,1,0,0,0,O=C(NC1CCNCC1)c1ccn(Cc2nc3ccccc3o2)c1,['musk_activator_alphaC'],['MuSK'],1,1.0,0.0,0.0,0.0,0.9103527762151011,0.0,0.0,0.9103527762151011
c1ccc2c3c([nH]c2c1)[C@@H]1Cc2cc(-c4cc[nH+]cc4)ccc2[C@@H]1CC3,337.4460000000001,5.018700000000003,29.93,1,0,0.5054754997715695,0.75,0,0,1,0,c1ccc2c3c([nH]c2c1)C1Cc2cc(-c4cc[nH+]cc4)ccc2C1CC3,['musk_activator_alphaC'],['MuSK'],1,1.0,0.0,0.0,0.0,0.5766426499314707,0.0,0.0,0.5766426499314707
CC(C)CCNC(=O)c1cn2nc(CNC(C)(C)CC[C@@H]3CCCN(C)C3)cc2[nH]1,416.6140000000003,3.4285000000000014,77.46000000000001,3,4,0.5545184245074475,1.0,1,0,0,0,c1cn2nc(CNCCCC3CCCNC3)cc2[nH]1,['musk_activator_alphaC'],['MuSK'],1,1.0,0.0,0.0,0.0,0.8663555273522343,0.0,0.0,0.8663555273522343
C[N+](C)(C)CCC(=O)NCCNC(=O)Nc1ccc(CN2CCCCC2=O)cc1,404.5350000000003,1.533100000000001,90.53999999999999,3,3,0.43066925084095614,0.75,1,0,1,0,O=C1CCCCN1Cc1ccccc1,['musk_activator_alphaC'],['MuSK'],1,1.0,0.0,0.0,0.0,0.7542007752522868,0.0,0.0,0.7542007752522868
O=C(NCCNCc1ccccc1)c1cnc2cc(O)ccc2c1,321.38000000000005,2.46,74.25,3,4,0.6098000604264486,1.0,1,0,0,0,O=C(NCCNCc1ccccc1)c1cnc2ccccc2c1,['musk_activator_alphaC'],['MuSK'],1,1.0,0.0,0.0,0.0,0.8829400181279345,0.0,0.0,0.8829400181279345
Cc1cc(NC(=O)OC[C@@H](C)NC(=O)C2CCNCC2)nc2ccccc12,370.45300000000015,2.59602,92.35000000000001,3,5,0.7523401703883573,0.75,1,0,0,0,O=C(Nc1ccc2ccccc2n1)OCCNC(=O)C1CCNCC1,['musk_activator_alphaC'],['MuSK'],1,1.0,0.0,0.0,0.0,0.8507020511165071,0.0,0.0,0.8507020511165071
Cc1cc(O[C@H]2C[C@@H](N(C)C)[C@@H]3[C@H](C2=O)[C@H](O)CC2=CC(=O)CC[C@H]23)cnc1C,398.5030000000002,2.25134,79.73,1,6,0.8413188696829627,1.0,1,0,0,0,O=C1C=C2CCC3C(=O)C(Oc4cccnc4)CCC3C2CC1,['musk_activator_alphaC'],['MuSK'],1,1.0,0.0,0.0,0.0,0.9523956609048887,0.0,0.0,0.9523956609048887
CCCCCCCCCCCCN(CCCCc1ccccc1N)[C@@H](O)[C@H](C)O,406.65500000000003,5.5136000000000065,69.72,3,4,0.1706467299231905,0.75,0,0,0,0,c1ccccc1,['musk_activator_alphaC'],['MuSK'],1,1.0,0.0,0.0,0.0,0.4761940189769571,0.0,0.0,0.4761940189769571
CC(C)CCCCCCNC(=O)c1ccc(NC(=O)NCc2ccccc2)cc1,395.54700000000014,5.344600000000004,70.23,3,2,0.44922040117186846,0.75,0,0,0,0,O=C(NCc1ccccc1)Nc1ccccc1,['musk_activator_alphaC'],['MuSK'],1,1.0,0.0,0.0,0.0,0.5597661203515605,0.0,0.0,0.5597661203515605
CC(=O)NCCNC(=O)N1CCC(NC(=O)c2noc(C3CCCCC3)n2)CC1,406.48700000000036,1.1571999999999998,129.45999999999998,3,6,0.6080106835214562,0.5,1,0,0,0,O=C(NC1CCNCC1)c1noc(C2CCCCC2)n1,['musk_activator_alphaC'],['MuSK'],1,1.0,0.0,0.0,0.0,0.7324032050564369,0.0,0.0,0.7324032050564369
Cc1ccc2cc3ccc4c(c3cc2c1)[C@@H]1CCO[C@@]12C[C@H]1CCC[C@H]1C[C@H]42,368.5200000000002,6.851420000000005,9.23,0,1,0.39420733756585496,0.75,0,0,0,0,c1ccc2cc3c4c(ccc3cc2c1)C1CC2CCCC2CC12OCCC42,['musk_activator_alphaC'],['MuSK'],1,1.0,0.0,0.0,0.0,0.5432622012697566,0.0,0.0,0.5432622012697566
Cc1ccc(C2=NN=C(c3c[nH]c(Nc4ccccc4)c3)C2)cc1C,328.41900000000015,4.972240000000003,52.54,2,3,0.6976119626376385,0.75,1,0,0,0,c1ccc(Nc2cc(C3=NN=C(c4ccccc4)C3)c[nH]2)cc1,['musk_activator_alphaC'],['MuSK'],1,1.0,0.0,0.0,0.0,0.8342835887912914,0.0,0.0,0.8342835887912914
O[C@H](Nc1ccc(Cc2ccccc2)cc1)c1ccc(Cc2ccccc2)nc1,380.49100000000016,5.3662000000000045,45.15,2,3,0.42397146127243895,0.75,0,0,0,0,c1ccc(Cc2ccc(NCc3ccc(Cc4ccccc4)nc3)cc2)cc1,['musk_activator_alphaC'],['MuSK'],1,1.0,0.0,0.0,0.0,0.5521914383817317,0.0,0.0,0.5521914383817317
O=C1c2ccc(N3CCNCC3)cc2C(=O)N1[C@H]1c2ccccc2C=C[C@@H]1O,375.42800000000005,1.8211999999999997,72.88000000000001,2,5,0.7837510699721165,1.0,1,0,0,0,O=C1c2ccc(N3CCNCC3)cc2C(=O)N1C1CC=Cc2ccccc21,['musk_activator_alphaC'],['MuSK'],1,1.0,0.0,0.0,0.0,0.9351253209916348,0.0,0.0,0.9351253209916348
Nc1cccc(C2=CC(C(=O)O)=C3NN=C(SCc4ccccc4)N3C=N2)c1,391.45600000000013,3.0574000000000012,103.31,3,7,0.6923722776958376,0.75,1,0,0,0,C1=NC(c2ccccc2)=CC=C2NN=C(SCc3ccccc3)N12,['musk_activator_alphaC'],['MuSK'],1,1.0,0.0,0.0,0.0,0.8327116833087513,0.0,0.0,0.8327116833087513
CN(C)CCN1CCN(CCNC(=O)CCc2ccccc2)C(=O)C1,346.4750000000001,0.44120000000000226,55.89,1,4,0.7050390835261166,0.75,1,0,0,0,O=C(CCc1ccccc1)NCCN1CCNCC1=O,['musk_activator_alphaC'],['MuSK'],1,1.0,0.0,0.0,0.0,0.8365117250578349,0.0,0.0,0.8365117250578349
O=C(NC1CCCCC1)OC[C@H]1COc2ccc(CNC(=O)C3CCCCC3)cc21,414.54600000000033,4.418000000000004,76.66,2,4,0.7224995803259266,1.0,1,0,0,0,O=C(NC1CCCCC1)OCC1COc2ccc(CNC(=O)C3CCCCC3)cc21,['musk_activator_alphaC'],['MuSK'],1,1.0,0.0,0.0,0.0,0.916749874097778,0.0,0.0,0.916749874097778
COc1cc(Cl)c(C(=O)N[C@H](C)c2ccc(NC(C)=O)cc2)cc1OC,376.8400000000002,3.806600000000002,76.66000000000001,2,4,0.8033448283565997,1.0,1,0,0,0,O=C(NCc1ccccc1)c1ccccc1,['musk_activator_alphaC'],['MuSK'],1,1.0,0.0,0.0,0.0,0.9410034485069798,0.0,0.0,0.9410034485069798
Cc1cc(CCCN(C)C[C@@H]2CCc3ccccc3[C@@H]2C)ccc1NS(C)(=O)=O,414.6150000000001,4.597020000000004,49.410000000000004,1,3,0.6868667177089423,0.75,1,0,0,0,c1ccc(CCCNCC2CCc3ccccc3C2)cc1,['musk_activator_alphaC'],['MuSK'],1,1.0,0.0,0.0,0.0,0.8310600153126826,0.0,0.0,0.8310600153126826
COC[C@H]1C(=Cc2c[nH]c(SC=C(O)c3ccccc3)n2)C(=O)C(=O)C1(C)C,398.4840000000002,3.8824000000000023,92.28,2,6,0.33199395728635767,0.75,1,1,0,0,O=C1CCC(=Cc2c[nH]c(SC=Cc3ccccc3)n2)C1=O,['musk_activator_alphaC'],['MuSK'],1,1.0,0.0,0.0,0.2,0.6845981871859074,0.0,0.0,0.6845981871859074
Cc1cc2ccn(CCCc3[nH+]cc(C(=O)Nc4cccc[nH+]4)o3)c2[nH]1,351.41,2.38412,91.24000000000001,2,2,0.5582203678898402,0.75,1,0,1,0,O=C(Nc1cccc[nH+]1)c1c[nH+]c(CCCn2ccc3cc[nH]c32)o1,['musk_activator_alphaC'],['MuSK'],1,1.0,0.0,0.0,0.0,0.7924661103669519,0.0,0.0,0.7924661103669519
Cc1ccc(C(=O)Nc2cc(C)c(=O)n(Cc3ccccc3)c2C)nc1,347.41800000000006,3.4691600000000022,63.99,1,3,0.7858740758833115,1.0,1,0,0,0,O=C(Nc1ccc(=O)n(Cc2ccccc2)c1)c1ccccn1,['musk_activator_alphaC'],['MuSK'],1,1.0,0.0,0.0,0.0,0.9357622227649933,0.0,0.0,0.9357622227649933
O=C(CCNc1ccccc1)N1CCC[C@H](c2cc(-c3cc[nH]c3)[nH]n2)C1,363.465,3.6130000000000013,76.81,3,3,0.6260154462532931,1.0,1,0,0,0,O=C(CCNc1ccccc1)N1CCCC(c2cc(-c3cc[nH]c3)[nH]n2)C1,['musk_activator_alphaC'],['MuSK'],1,1.0,0.0,0.0,0.0,0.887804633875988,0.0,0.0,0.887804633875988
N=CCOn1c(C(=O)N[C@@H]2[C@@H]3C[C@H]([C@H](CN)N(O)O)C[C@@H]32)c2n(c1=O)CCO2,396.4040000000002,-1.7175299999999962,168.05999999999997,5,9,0.25538156039856486,0.25,1,0,0,0,O=C(NC1C2CCCC21)c1[nH]c(=O)n2c1OCC2,['musk_activator_alphaC'],['MuSK'],1,1.0,0.0,0.0,0.0,0.5516144681195695,0.0,0.0,0.5516144681195695
Cc1cccc2c3c(F)[nH]c4occc4c3c3c4c(nc1c42)[C@@H]1CCNC[C@H]1C3,385.4420000000002,5.312220000000004,53.85,2,3,0.35518058697998417,0.75,0,0,0,0,c1ccc2c3c[nH]c4occc4c3c3c4c(nc(c1)c42)C1CCNCC1C3,['musk_activator_alphaC'],['MuSK'],1,1.0,0.0,0.0,0.0,0.5315541760939952,0.0,0.0,0.5315541760939952
Cc1cccc2c1[C@@H]1C(=NC(CCC(=O)OCc3ccccc3)=C1C(=O)O)[C@H]2O,391.423,3.4425200000000014,96.19,2,5,0.735580907659541,0.75,1,0,0,0,O=C(CCC1=CC2C(=N1)Cc1ccccc12)OCc1ccccc1,['musk_activator_alphaC'],['MuSK'],1,1.0,0.0,0.0,0.0,0.8456742722978623,0.0,0.0,0.8456742722978623
CCCCNc1cccc2c1ccc1c2c2ccc(NC(C)O)cc2n1C(=O)CC,403.5260000000001,5.960100000000006,66.28999999999999,3,4,0.26304926789579797,0.75,0,0,0,0,c1ccc2c(c1)ccc1[nH]c3ccccc3c12,['musk_activator_alphaC'],['MuSK'],1,1.0,0.0,0.0,0.0,0.5039147803687394,0.0,0.0,0.5039147803687394
COc1cc2cc3c(=O)c4cc(C)ccc4oc3cc2cc1NCc1ccccc1,395.4580000000001,6.028520000000005,51.47,1,4,0.37764817720143845,0.75,0,0,0,0,O=c1c2ccccc2oc2cc3cc(NCc4ccccc4)ccc3cc12,['musk_activator_alphaC'],['MuSK'],1,1.0,0.0,0.0,0.0,0.5382944531604315,0.0,0.0,0.5382944531604315
COc1ccc([C@H]2CCN(CCCc3ccc(C(N)=O)c4nc[nH]c34)C2)cc1,378.47600000000006,3.092500000000001,84.24000000000001,2,4,0.661640175090774,1.0,1,0,0,0,c1ccc(C2CCN(CCCc3cccc4nc[nH]c34)C2)cc1,['musk_activator_alphaC'],['MuSK'],1,1.0,0.0,0.0,0.0,0.8984920525272322,0.0,0.0,0.8984920525272322
Cc1cccc(-c2nc(C)nc(NC(=N)c3ccc(C(=O)O)cc3F)n2)c1,365.3680000000001,3.4302100000000006,111.85000000000001,3,5,0.4823243665926613,0.75,1,0,0,0,N=C(Nc1ncnc(-c2ccccc2)n1)c1ccccc1,['musk_activator_alphaC'],['MuSK'],1,1.0,0.0,0.0,0.0,0.7696973099777984,0.0,0.0,0.7696973099777984
CCCCc1cccc(NC(=O)CNC(=O)c2cccc(CCC)c2)c1,352.4780000000001,4.350200000000003,58.2,2,2,0.7047311995929868,1.0,1,0,0,0,O=C(CNC(=O)c1ccccc1)Nc1ccccc1,['musk_activator_alphaC'],['MuSK'],1,1.0,0.0,0.0,0.0,0.9114193598778959,0.0,0.0,0.9114193598778959
CCCN(CC)C1=CNc2c(c3ccccc3c3cccc(C(=O)N4CCCC4)c23)N=C1,426.56400000000025,5.930100000000007,47.940000000000005,1,4,0.5144989102273632,0.75,0,0,0,0,O=C(c1cccc2c1c1c(c3ccccc32)N=CC=CN1)N1CCCC1,['musk_activator_alphaC'],['MuSK'],1,1.0,0.0,0.0,0.0,0.5793496730682088,0.0,0.0,0.5793496730682088
CC(CCN1CCCN(c2ccccc2)CC1)=NC[C@@H]1CCN(C)C[C@H]1C,370.58500000000026,3.637500000000003,22.08,0,4,0.7139635686571952,1.0,1,0,0,0,C(CCN1CCCN(c2ccccc2)CC1)=NCC1CCNCC1,['musk_activator_alphaC'],['MuSK'],1,1.0,0.0,0.0,0.0,0.9141890705971585,0.0,0.0,0.9141890705971585
CCCCCCCCCCn1cc(CN2C(=O)[C@H](C)Oc3cnc(OC)cc32)cn1,414.5500000000002,4.741500000000004,69.48,0,5,0.4692262093148475,0.75,1,0,0,0,O=C1COc2cnccc2N1Cc1cn[nH]c1,['musk_activator_alphaC'],['MuSK'],1,1.0,0.0,0.0,0.0,0.7657678627944542,0.0,0.0,0.7657678627944542
CN1CCC2=CN(CCC3CCCC3)CCCN2C[C@@H]1c1nc2ccccc2[nH]1,393.57900000000006,4.368900000000004,38.4,1,4,0.8371465531829224,1.0,1,0,0,0,C1=C2CCNC(c3nc4ccccc4[nH]3)CN2CCCN1CCC1CCCC1,['musk_activator_alphaC'],['MuSK'],1,1.0,0.0,0.0,0.0,0.9511439659548766,0.0,0.0,0.9511439659548766
Cc1cc(-c2cccc(NC(=O)c3ccccc3)c2)ccc1NC(=O)C(C)C,372.46800000000013,5.508820000000004,58.2,2,2,0.620386649866277,0.75,0,0,0,0,O=C(Nc1cccc(-c2ccccc2)c1)c1ccccc1,['musk_activator_alphaC'],['MuSK'],1,1.0,0.0,0.0,0.0,0.611115994959883,0.0,0.0,0.611115994959883
NCCCC(=O)Nc1ccc2c3c(ccc2c1)C(=O)[N+](c1ccccc1)=N3,359.40900000000005,4.098900000000003,87.56,2,4,0.6724067595882989,1.0,1,0,1,0,O=C1c2ccc3ccccc3c2N=[N+]1c1ccccc1,['musk_activator_alphaC'],['MuSK'],1,1.0,0.0,0.0,0.0,0.9017220278764897,0.0,0.0,0.9017220278764897
O=C(N=Cc1cnc2ccccc2c1O)c1ccc(-c2ccccc2)o1,342.35400000000004,4.459700000000003,75.69,1,4,0.5577806215425792,1.0,1,0,0,0,O=C(N=Cc1cnc2ccccc2c1)c1ccc(-c2ccccc2)o1,['musk_activator_alphaC'],['MuSK'],1,1.0,0.0,0.0,0.0,0.8673341864627737,0.0,0.0,0.8673341864627737
Cc1ccc(N)c(CCCNCc2cnc(Nc3ccccc3)nc2)c1,347.46600000000007,3.8332200000000025,75.86,3,5,0.42636126194180063,1.0,1,0,0,0,c1ccc(CCCNCc2cnc(Nc3ccccc3)nc2)cc1,['musk_activator_alphaC'],['MuSK'],1,1.0,0.0,0.0,0.0,0.8279083785825401,0.0,0.0,0.8279083785825401
O=C(CCCc1ccc(O)cc1)Nc1ccc2c(O)c3cc(O)ccc3nc2c1,388.4230000000001,4.466200000000004,102.68,4,5,0.3779521617767058,0.5,1,0,0,0,O=C(CCCc1ccccc1)Nc1ccc2cc3ccccc3nc2c1,['musk_activator_alphaC'],['MuSK'],1,1.0,0.0,0.0,0.0,0.6633856485330117,0.0,0.0,0.6633856485330117
Cc1nccn1Cc1ccc(N2CC[C@@H](Cn3cc(-c4ccoc4)cn3)C2)cc1F,405.4770000000001,4.361920000000004,52.02,0,4,0.4782521639955438,1.0,1,0,0,0,c1cn(Cc2ccc(N3CCC(Cn4cc(-c5ccoc5)cn4)C3)cc2)cn1,['musk_activator_alphaC'],['MuSK'],1,1.0,0.0,0.0,0.0,0.843475649198663,0.0,0.0,0.843475649198663
Cc1ccccc2c(C(=O)N[C@H](C)C(=O)NC(=O)N3CCN4CCC[C@H]4C3)cnc1-2,409.4900000000003,1.6293199999999997,94.64,2,5,0.8035898234928531,0.75,1,0,0,0,O=C(CNC(=O)c1cnc2cccccc1-2)NC(=O)N1CCN2CCCC2C1,['musk_activator_alphaC'],['MuSK'],1,1.0,0.0,0.0,0.0,0.866076947047856,0.0,0.0,0.866076947047856
Cc1ccc(C=CSc2nc(N3CC(C)(C)CC3=O)c(C)o2)cc1,342.46400000000006,4.817340000000004,46.34,0,4,0.7476015467924886,0.75,1,0,0,0,O=C1CCCN1c1coc(SC=Cc2ccccc2)n1,['musk_activator_alphaC'],['MuSK'],1,1.0,0.0,0.0,0.0,0.8492804640377465,0.0,0.0,0.8492804640377465
CCCCCCCCCCC(=O)O[C@H]1C(=O)O[C@@H](C(O)=CCCC(C)C)C[C@@H]1O,412.5670000000002,4.983500000000006,93.06000000000002,2,6,0.23729456565518542,0.5,1,0,0,0,O=C1CCCCO1,['musk_activator_alphaC'],['MuSK'],1,1.0,0.0,0.0,0.0,0.6211883696965557,0.0,0.0,0.6211883696965557
Cc1ccc(-c2ccc(CCN3C=C(Cc4ccccc4)CC3)cc2)cc1,353.50900000000007,6.036820000000006,3.24,0,1,0.5222752526436533,0.75,0,0,0,0,C1=C(Cc2ccccc2)CCN1CCc1ccc(-c2ccccc2)cc1,['musk_activator_alphaC'],['MuSK'],1,1.0,0.0,0.0,0.0,0.5816825757930959,0.0,0.0,0.5816825757930959
CC(C)CCc1nnc(-c2cccc(NC(=O)c3nnc4ccccc4n3)c2)o1,388.4310000000001,3.915700000000003,106.69000000000001,1,7,0.5333640496432231,0.75,1,0,0,0,O=C(Nc1cccc(-c2nnco2)c1)c1nnc2ccccc2n1,['musk_activator_alphaC'],['MuSK'],1,1.0,0.0,0.0,0.0,0.7850092148929668,0.0,0.0,0.7850092148929668
C[N+](C)(C)CCc1ccc2c(n1)=NC1=CC(CCCCc3ccccc3)=NC=21,373.52400000000006,2.823200000000001,37.61,0,3,0.51786738078522,1.0,1,0,1,0,C1=C2N=c3ncccc3=C2N=C1CCCCc1ccccc1,['musk_activator_alphaC'],['MuSK'],1,1.0,0.0,0.0,0.0,0.8553602142355659,0.0,0.0,0.8553602142355659
Cc1cc2c(-c3nc4cc(C)c(C)cc4[nH]3)c(=O)n(-c3ccccc3)c(=O)n2[nH]1,385.4270000000001,3.2470600000000003,87.94999999999999,2,3,0.4889233088900802,1.0,1,0,0,0,O=c1c(-c2nc3ccccc3[nH]2)c2cc[nH]n2c(=O)n1-c1ccccc1,['musk_activator_alphaC'],['MuSK'],1,1.0,0.0,0.0,0.0,0.8466769926670241,0.0,0.0,0.8466769926670241
Cc1ccc(C2=NC(=Nc3ccc(S(=O)(=O)N4CCCC4)cc3)N=N2)cc1,381.46100000000024,3.6796200000000026,86.82000000000001,0,4,0.8087204337101707,1.0,1,0,0,0,O=S(=O)(c1ccc(N=C2N=NC(c3ccccc3)=N2)cc1)N1CCCC1,['musk_activator_alphaC'],['MuSK'],1,1.0,0.0,0.0,0.0,0.9426161301130511,0.0,0.0,0.9426161301130511
CCC1=Nc2c(-c3ccccc3)cc(C)cc2N2C(Cc3ccccc3)=C12,350.4650000000001,6.432420000000005,15.37,0,2,0.5289244951208523,0.75,0,0,0,0,C1=Nc2c(-c3ccccc3)cccc2N2C1=C2Cc1ccccc1,['musk_activator_alphaC'],['MuSK'],1,1.0,0.0,0.0,0.0,0.5836773485362556,0.0,0.0,0.5836773485362556
CCn1nc(O)c2cc(OC)c(C)c3ccc4c5ccccc5nc1c4c23,357.41300000000007,4.9334200000000035,60.17,1,4,0.45497667261973,0.75,1,0,0,0,c1cc2ccc3c4ccccc4nc4[nH]ncc(c1)c2c43,['musk_activator_alphaC'],['MuSK'],1,1.0,0.0,0.0,0.0,0.7614930017859189,0.0,0.0,0.7614930017859189
COc1ccc(-c2ccc(C(=O)c3ccc(C(C)(C)C)cc3)c(O)n2)cc1,361.44100000000003,4.991300000000005,59.42,1,4,0.6650879298629476,0.75,1,0,0,0,O=C(c1ccccc1)c1ccc(-c2ccccc2)nc1,['musk_activator_alphaC'],['MuSK'],1,1.0,0.0,0.0,0.0,0.8245263789588841,0.0,0.0,0.8245263789588841
Cc1[nH]c2ccccc2c1C(=O)N[C@H]1CCC(=O)N(Cc2ccccc2)C1=O,375.42800000000005,2.9239200000000016,82.27000000000001,2,3,0.6880798729054729,1.0,1,0,0,0,O=C(NC1CCC(=O)N(Cc2ccccc2)C1=O)c1c[nH]c2ccccc12,['musk_activator_alphaC'],['MuSK'],1,1.0,0.0,0.0,0.0,0.9064239618716419,0.0,0.0,0.9064239618716419
Cc1cccc(-c2ccc(C3=NC4=[N+](CC(=O)O)C=CC4=C3C(=O)O)cc2)c1,373.3880000000001,2.8688200000000004,89.97000000000001,2,3,0.7888642658750816,1.0,1,0,1,0,C1=CC2=CC(c3ccc(-c4ccccc4)cc3)=NC2=[NH+]1,['musk_activator_alphaC'],['MuSK'],1,1.0,0.0,0.0,0.0,0.9366592797625244,0.0,0.0,0.9366592797625244
Cc1cc2c(c(N)c1Br)C(=O)C1=CC(=O)N(C3CCCC3)c3ccccc3[C@H]1O2,453.3360000000003,4.871720000000004,72.63000000000001,1,4,0.6257021629231696,0.5,1,0,0,0,O=C1C2=CC(=O)N(C3CCCC3)c3ccccc3C2Oc2ccccc21,['musk_activator_alphaC'],['MuSK'],1,1.0,0.0,0.0,0.0,0.7377106488769509,0.0,0.0,0.7377106488769509
COc1cccc(N2CCC(=O)C(=C(C)c3ccc(S(C)(=O)=O)cc3)C2=O)c1,399.4680000000001,2.8782000000000014,80.75,0,5,0.5833442282189317,1.0,1,0,0,0,O=C1CCN(c2ccccc2)C(=O)C1=Cc1ccccc1,['musk_activator_alphaC'],['MuSK'],1,1.0,0.0,0.0,0.0,0.8750032684656794,0.0,0.0,0.8750032684656794
NC(=Nc1cnc2ccccc2c1)c1ccc2nc3ccccc3cc2c1,348.40900000000005,4.973200000000003,64.16,1,3,0.2781057634759269,0.75,1,0,0,0,C(=Nc1cnc2ccccc2c1)c1ccc2nc3ccccc3cc2c1,['musk_activator_alphaC'],['MuSK'],1,1.0,0.0,0.0,0.0,0.708431729042778,0.0,0.0,0.708431729042778
CC1=C(C)C(C)(C)[C@@H]2CC[C@@H](C(=O)Nc3cccc(F)c3F)C[C@H](O)[C@H]2C1,377.47500000000014,5.063000000000005,49.33,2,2,0.7076921800976227,0.75,0,0,0,0,O=C(Nc1ccccc1)C1CCC2CC=CCC2CC1,['musk_activator_alphaC'],['MuSK'],1,1.0,0.0,0.0,0.0,0.6373076540292868,0.0,0.0,0.6373076540292868
O=C(O)[C@H](c1cc2ccccc2s1)N1CCc2cccc(F)c2C1,341.40700000000004,4.224400000000003,40.54,1,3,0.775140056161101,1.0,1,0,0,0,c1ccc2c(c1)CCN(Cc1cc3ccccc3s1)C2,['musk_activator_alphaC'],['MuSK'],1,1.0,0.0,0.0,0.0,0.9325420168483303,0.0,0.0,0.9325420168483303
COc1ccc(CCNC(S)=Nc2ccc(-c3ccccn3)cc2)cc1C,377.5130000000001,4.815220000000004,46.51,2,3,0.3679148138461626,0.75,1,0,0,0,C(=Nc1ccc(-c2ccccn2)cc1)NCCc1ccccc1,['musk_activator_alphaC'],['MuSK'],1,1.0,0.0,0.0,0.0,0.7353744441538488,0.0,0.0,0.7353744441538488
CC1(C)CC2=c3c(c(-c4ccco4)ccc3=NC3=Cc4ccccc4N=CC3=C2)C1=O,404.46900000000016,5.026500000000004,54.93,0,4,0.5714039785153366,0.75,0,0,0,0,O=C1CCC2=c3c1c(-c1ccco1)ccc3=NC1=Cc3ccccc3N=CC1=C2,['musk_activator_alphaC'],['MuSK'],1,1.0,0.0,0.0,0.0,0.5964211935546009,0.0,0.0,0.5964211935546009
CCCN1CCC(=C[C@@H](C(=O)O)c2ccc3cc(C)ccc3c2)C(=O)C1,351.4460000000001,3.9276200000000028,57.61000000000001,1,3,0.8294872271665307,1.0,1,0,0,0,O=C1CNCCC1=CCc1ccc2ccccc2c1,['musk_activator_alphaC'],['MuSK'],1,1.0,0.0,0.0,0.0,0.9488461681499591,0.0,0.0,0.9488461681499591
O=C(NCC(=O)N1c2ccccc2C[C@@H]1CO)c1ccc(Cc2ccccc2)s1,406.5070000000001,3.0189000000000012,69.64,2,4,0.6611886406791243,1.0,1,0,0,0,O=C(NCC(=O)N1CCc2ccccc21)c1ccc(Cc2ccccc2)s1,['musk_activator_alphaC'],['MuSK'],1,1.0,0.0,0.0,0.0,0.8983565922037373,0.0,0.0,0.8983565922037373
CN(C)c1ccc(C(=O)c2cccc3c(C4CCC(C)(C)CC4)c[nH]c23)cc1,374.5280000000001,6.148700000000006,36.1,1,2,0.5561086791627714,0.75,0,0,0,0,O=C(c1ccccc1)c1cccc2c(C3CCCCC3)c[nH]c12,['musk_activator_alphaC'],['MuSK'],1,1.0,0.0,0.0,0.0,0.5918326037488314,0.0,0.0,0.5918326037488314
CCCC[C@H](C)N=C(O)c1ccc(CN(C)C(=O)c2ccc(C)cc2)cc1,366.50500000000005,5.1505200000000055,52.900000000000006,1,2,0.5186963105724082,0.75,0,0,0,0,O=C(NCc1ccccc1)c1ccccc1,['musk_activator_alphaC'],['MuSK'],1,1.0,0.0,0.0,0.0,0.5806088931717224,0.0,0.0,0.5806088931717224
O=C(Nc1ccc2nc(CCc3ccc4ccccc4c3)[nH]c2c1)N1CCCC1,384.4830000000002,5.129000000000004,61.02,2,2,0.5123796143256035,0.75,0,0,0,0,O=C(Nc1ccc2nc(CCc3ccc4ccccc4c3)[nH]c2c1)N1CCCC1,['musk_activator_alphaC'],['MuSK'],1,1.0,0.0,0.0,0.0,0.5787138842976811,0.0,0.0,0.5787138842976811
Oc1cc(-c2cccc(OCCCNCc3ccccc3)c2)[nH]n1,323.39599999999996,3.341000000000001,70.17,3,4,0.5561124629600146,1.0,1,0,0,0,c1ccc(CNCCCOc2cccc(-c3ccn[nH]3)c2)cc1,['musk_activator_alphaC'],['MuSK'],1,1.0,0.0,0.0,0.0,0.8668337388880043,0.0,0.0,0.8668337388880043
CCN(Cc1ccc(C(=O)NC)[nH]1)C(=O)Cc1cc(C(=O)Nc2ccccc2)o[nH+]1,410.45400000000006,1.6248999999999991,121.58000000000001,3,4,0.5223529040556966,0.75,1,0,1,0,O=C(Cc1cc(C(=O)Nc2ccccc2)o[nH+]1)NCc1ccc[nH]1,['musk_activator_alphaC'],['MuSK'],1,1.0,0.0,0.0,0.0,0.7817058712167089,0.0,0.0,0.7817058712167089
CNC(=O)c1ccc2ccc(C(=O)Nc3ccc(N4CCCC4)cc3)cc2c1,373.4560000000002,4.0519000000000025,61.440000000000005,2,3,0.7251930579273224,1.0,1,1,0,0,O=C(Nc1ccc(N2CCCC2)cc1)c1ccc2ccccc2c1,['musk_activator_alphaC'],['MuSK'],1,1.0,0.0,0.0,0.2,0.8775579173781968,0.0,0.0,0.8775579173781968
Cc1c(C(=O)c2cccc(-c3ccccc3)c2)cnn1-c1ccc(O)cc1,354.40900000000005,4.784320000000005,55.120000000000005,1,3,0.5364601661562322,0.75,1,0,0,0,O=C(c1cccc(-c2ccccc2)c1)c1cnn(-c2ccccc2)c1,['musk_activator_alphaC'],['MuSK'],1,1.0,0.0,0.0,0.0,0.7859380498468695,0.0,0.0,0.7859380498468695
C[C@@H](NC(=O)OCC(=O)Nc1ccc(C(=O)Nc2ccccc2)cc1)c1cccs1,423.4940000000001,4.426300000000003,96.53,3,5,0.5238543727395181,0.75,1,0,0,0,O=C(COC(=O)NCc1cccs1)Nc1ccc(C(=O)Nc2ccccc2)cc1,['musk_activator_alphaC'],['MuSK'],1,1.0,0.0,0.0,0.0,0.7821563118218553,0.0,0.0,0.7821563118218553
Cc1cccc(N=C2N=c3ccc(C=CNCc4ccccc4)cc3=[S+]2)c1,370.5010000000001,4.4099100000000035,36.75,1,2,0.5241265702896326,1.0,1,0,1,0,C(=Cc1ccc2c(c1)=[S+]C(=Nc1ccccc1)N=2)NCc1ccccc1,['musk_activator_alphaC'],['MuSK'],1,1.0,0.0,0.0,0.0,0.8572379710868898,0.0,0.0,0.8572379710868898
Cc1oc(-c2coc(-c3cc(=O)n4c(n3)N(C)CC4)c2)cc1C(=O)Nc1ccccc1,416.4370000000001,3.7738200000000024,93.50999999999999,1,6,0.5442941242660227,0.75,1,0,0,0,O=C(Nc1ccccc1)c1coc(-c2coc(-c3cc(=O)n4c(n3)NCC4)c2)c1,['musk_activator_alphaC'],['MuSK'],1,1.0,0.0,0.0,0.0,0.7882882372798068,0.0,0.0,0.7882882372798068
O=C(NCCCCn1ccc[nH+]1)C1=C[N+]2=C(C(=O)NCCN3CCCC3)C=CC2=C1,410.52200000000033,0.21530000000000182,83.52,2,3,0.4274787933156098,0.75,1,0,1,0,O=C(NCCCCn1ccc[nH+]1)C1=C[N+]2=C(C(=O)NCCN3CCCC3)C=CC2=C1,['musk_activator_alphaC'],['MuSK'],1,1.0,0.0,0.0,0.0,0.753243637994683,0.0,0.0,0.753243637994683
Cc1ccc2nc3cccc(NC(=O)Cc4ccccc4)c3cc2c1,326.39900000000006,4.877620000000003,41.99,1,2,0.5453319657164873,0.75,1,0,0,0,O=C(Cc1ccccc1)Nc1cccc2nc3ccccc3cc12,['musk_activator_alphaC'],['MuSK'],1,1.0,0.0,0.0,0.0,0.7885995897149463,0.0,0.0,0.7885995897149463
CC(C)c1c(O)c(CCN(C)O)c2c3c(nc4ccccc42)C(=O)C=C(O)c13,378.4280000000001,4.175700000000003,93.89,3,6,0.4658325475535702,0.75,1,0,0,0,O=C1C=Cc2cccc3c2c1nc1ccccc13,['musk_activator_alphaC'],['MuSK'],1,1.0,0.0,0.0,0.0,0.764749764266071,0.0,0.0,0.764749764266071
CC(C)N[C@@H](C(=O)O)c1nc2ccccc2n(CC2CCCC2)c1=O,343.4270000000002,2.710400000000001,84.22,2,4,0.8423451931258941,1.0,1,0,0,0,O=c1cnc2ccccc2n1CC1CCCC1,['musk_activator_alphaC'],['MuSK'],1,1.0,0.0,0.0,0.0,0.9527035579377681,0.0,0.0,0.9527035579377681
COc1cccc(CCC(=O)[C@H]2CCCC[C@H]2Cc2ccc(O)nc2)c1,353.462,4.346600000000005,59.42,1,4,0.8039588602564253,1.0,1,0,0,0,O=C(CCc1ccccc1)C1CCCCC1Cc1cccnc1,['musk_activator_alphaC'],['MuSK'],1,1.0,0.0,0.0,0.0,0.9411876580769276,0.0,0.0,0.9411876580769276
CCn1cc(N(C)CCCC(=O)NCc2cc([C@H](C)N)[nH]n2)c2ccccc21,382.5120000000001,2.9368,91.97000000000001,3,4,0.5305021250207642,0.75,1,0,0,0,O=C(CCCNc1c[nH]c2ccccc12)NCc1cc[nH]n1,['musk_activator_alphaC'],['MuSK'],1,1.0,0.0,0.0,0.0,0.7841506375062293,0.0,0.0,0.7841506375062293
C[C@@H]1CCCN(C(=O)c2ccc3cc(Oc4ccccn4)ccc3c2)CC1,360.45700000000016,5.289300000000004,42.43000000000001,0,3,0.637259104309702,0.75,0,0,0,0,O=C(c1ccc2cc(Oc3ccccn3)ccc2c1)N1CCCCCC1,['musk_activator_alphaC'],['MuSK'],1,1.0,0.0,0.0,0.0,0.6161777312929106,0.0,0.0,0.6161777312929106
COc1ccc(-c2cccc(NCCNC(S)=Nc3cccc(C)c3)c2)cc1,391.5400000000001,5.289620000000005,45.65,3,3,0.2219180192144632,0.75,0,0,0,0,C(=Nc1ccccc1)NCCNc1cccc(-c2ccccc2)c1,['musk_activator_alphaC'],['MuSK'],1,1.0,0.0,0.0,0.0,0.49157540576433895,0.0,0.0,0.49157540576433895
CNC[C@H]1CCCN(c2cnc3ccc(-c4cc(-c5cccnc5)ccn4)cc3n2)C1,410.52500000000015,4.189600000000003,66.83,1,6,0.532159184374576,1.0,1,0,0,0,c1cncc(-c2ccnc(-c3ccc4ncc(N5CCCCC5)nc4c3)c2)c1,['musk_activator_alphaC'],['MuSK'],1,1.0,0.0,0.0,0.0,0.8596477553123727,0.0,0.0,0.8596477553123727
CCc1ccc(NC(=O)C=Cc2ccc3cnc(C(=O)N(C)CC)cc3c2)cc1,387.4830000000002,4.541000000000003,62.300000000000004,1,3,0.6317401339178229,0.75,1,0,0,0,O=C(C=Cc1ccc2cnccc2c1)Nc1ccccc1,['musk_activator_alphaC'],['MuSK'],1,1.0,0.0,0.0,0.0,0.8145220401753468,0.0,0.0,0.8145220401753468
CCN(Cc1ccccc1)C(O)=Nc1ccc(OCC(C)C)cc1C,340.4670000000001,5.097420000000005,45.06,1,2,0.5633691497247214,0.75,0,0,0,0,C(=Nc1ccccc1)NCc1ccccc1,['musk_activator_alphaC'],['MuSK'],1,1.0,0.0,0.0,0.0,0.5940107449174163,0.0,0.0,0.5940107449174163
Cc1ccc2cc3c(O)c4cc(Nc5ccc(O)cc5)ccc4nc3cc2c1C,380.4470000000002,6.312840000000006,65.38,3,4,0.24785174864601411,0.75,0,0,0,0,c1ccc(Nc2ccc3nc4cc5ccccc5cc4cc3c2)cc1,['musk_activator_alphaC'],['MuSK'],1,1.0,0.0,0.0,0.0,0.4993555245938042,0.0,0.0,0.4993555245938042
OC[C@@H](C=Cc1cccc(O)c1O)O[C@H](O)CNc1ncc2cc(O)ccc2c1O,414.41400000000016,1.8783999999999996,155.53,7,9,0.21599689073471465,0.5,0,1,0,0,C(=Cc1ccccc1)COCCNc1cc2ccccc2cn1,['musk_activator_alphaC'],['MuSK'],1,1.0,0.0,0.0,0.2,0.37479906722041445,0.0,0.0,0.37479906722041445
COc1cc(F)c(N2CC[C@H]([C@H](C(=O)O)c3ccccc3)C2)c(F)c1,347.3610000000001,3.6681000000000026,49.769999999999996,1,3,0.8966154695119245,1.0,1,1,0,0,c1ccc(CC2CCN(c3ccccc3)C2)cc1,['musk_activator_alphaC'],['MuSK'],1,1.0,0.0,0.0,0.2,0.9289846408535772,0.0,0.0,0.9289846408535772
O=C(Cc1ccccc1)NCSC1=[N+](c2ccccc2)C(=O)c2ccccc21,387.4840000000001,3.980800000000002,49.18,1,3,0.5321398598791891,1.0,1,0,1,0,O=C(Cc1ccccc1)NCSC1=[N+](c2ccccc2)C(=O)c2ccccc21,['musk_activator_alphaC'],['MuSK'],1,1.0,0.0,0.0,0.0,0.8596419579637566,0.0,0.0,0.8596419579637566
COC(=O)c1c(C)nc2cccc3c4ccccc4c4cccc(c4)c1c23,351.40500000000014,5.789420000000004,39.19,0,3,0.3588659427509862,0.75,0,0,0,0,c1cc2cc(c1)c1ccnc3cccc(c4ccccc24)c31,['musk_activator_alphaC'],['MuSK'],1,1.0,0.0,0.0,0.0,0.5326597828252959,0.0,0.0,0.5326597828252959
Cc1nc(-c2ccc(CO)nc2)cc(N2C[C@H](c3cccc(C(=O)O)c3)CC[C@@H]2C)n1,418.4970000000002,3.8100200000000024,99.44000000000001,2,6,0.649843651938617,0.75,1,0,0,0,c1ccc(C2CCCN(c3cc(-c4cccnc4)ncn3)C2)cc1,['musk_activator_alphaC'],['MuSK'],1,1.0,0.0,0.0,0.0,0.819953095581585,0.0,0.0,0.819953095581585
Cc1cc2c(ccc3[nH+]c4ccc(C(=O)NC5CCNCC5)cc4cc32)[nH]1,359.4530000000001,3.078620000000001,71.06,3,2,0.4814489151656747,1.0,1,0,1,0,O=C(NC1CCNCC1)c1ccc2[nH+]c3ccc4[nH]ccc4c3cc2c1,['musk_activator_alphaC'],['MuSK'],1,1.0,0.0,0.0,0.0,0.8444346745497024,0.0,0.0,0.8444346745497024
C[C@H](N)COc1ccc(-c2ccc3ccccc3n2)cc1C(=O)NCCCCCN,406.5300000000003,3.486600000000001,103.26,3,5,0.4473109087826399,0.75,1,0,0,0,c1ccc(-c2ccc3ccccc3n2)cc1,['musk_activator_alphaC'],['MuSK'],1,1.0,0.0,0.0,0.0,0.7591932726347919,0.0,0.0,0.7591932726347919
Cc1ccc2cc(NC(=O)NCC3=CN4CCC[C@H]4CC3)ccc2c1,335.4510000000001,4.411820000000003,44.370000000000005,2,2,0.8723518903610781,1.0,1,0,0,0,O=C(NCC1=CN2CCCC2CC1)Nc1ccc2ccccc2c1,['musk_activator_alphaC'],['MuSK'],1,1.0,0.0,0.0,0.0,0.9617055671083234,0.0,0.0,0.9617055671083234
Cc1cccc2cc[nH+]cc12.O=C(O)C1Cc2c([nH]c3ccccc23)[C@H]2CCC[C@@H]12,399.5140000000002,5.270820000000004,67.22999999999999,2,1,0.457743338557661,0.75,0,0,1,0,c1ccc2c3c([nH]c2c1)C1CCCC1CC3.c1ccc2c[nH+]ccc2c1,['musk_activator_alphaC'],['MuSK'],1,1.0,0.0,0.0,0.0,0.5623230015672982,0.0,0.0,0.5623230015672982
CC(=Nc1ccnc2c(-c3ccccc3)cn-2n1)C1Nc2ccccc2N1,354.41700000000003,4.3282000000000025,67.13,2,5,0.5375470573021139,1.0,1,0,0,0,C(=Nc1ccnc2c(-c3ccccc3)cn-2n1)C1Nc2ccccc2N1,['musk_activator_alphaC'],['MuSK'],1,1.0,0.0,0.0,0.0,0.8612641171906341,0.0,0.0,0.8612641171906341
CN1CCCCC1.Cc1cccc(OCCNC(=O)[C@H](NC(=O)c2ccccc2N)C(C)C)c1,468.6420000000002,3.628920000000001,96.69,3,5,0.4060993321342881,0.5,1,0,0,0,C1CCNCC1.O=C(CNC(=O)c1ccccc1)NCCOc1ccccc1,['musk_activator_alphaC'],['MuSK'],1,1.0,0.0,0.0,0.0,0.6718297996402864,0.0,0.0,0.6718297996402864
C[C@H](CC(=O)O)NC(=O)c1ccc2ccc(N[C@@H]3COC(C)(C)C3)cc2c1,370.44900000000024,3.412200000000002,87.66000000000001,3,4,0.7252237013187675,1.0,1,0,0,0,c1ccc2cc(NC3CCOC3)ccc2c1,['musk_activator_alphaC'],['MuSK'],1,1.0,0.0,0.0,0.0,0.9175671103956302,0.0,0.0,0.9175671103956302
CCCCc1ccc(NC[C@H]2C=Cc3cc4cc[n+](C)cc4cc3C(=O)N2)cc1,386.5190000000001,4.244200000000003,45.010000000000005,2,2,0.6224563030017094,1.0,1,0,1,0,O=C1NC(CNc2ccccc2)C=Cc2cc3cc[nH+]cc3cc21,['musk_activator_alphaC'],['MuSK'],1,1.0,0.0,0.0,0.0,0.8867368909005129,0.0,0.0,0.8867368909005129
Cc1c(-c2cc3ccsc3c3[nH+]c(CCN(C)C)nn23)c[nH]c1CN1CCCCC1,423.61000000000024,3.7566200000000025,53.71000000000001,1,4,0.5137844370560009,1.0,1,0,1,0,c1nn2c(-c3c[nH]c(CN4CCCCC4)c3)cc3ccsc3c2[nH+]1,['musk_activator_alphaC'],['MuSK'],1,1.0,0.0,0.0,0.0,0.8541353311168003,0.0,0.0,0.8541353311168003
CCCCCC(=O)Nc1ccc(C(=O)Nc2nc3ccccc3nc2C(=O)N(C)C)cc1,433.51200000000017,4.102700000000003,104.29,2,5,0.5205470216328021,0.75,1,0,0,0,O=C(Nc1cnc2ccccc2n1)c1ccccc1,['musk_activator_alphaC'],['MuSK'],1,1.0,0.0,0.0,0.0,0.7811641064898405,0.0,0.0,0.7811641064898405
CNC1=C2C=CC3=C4C(=CCC(=CC1=O)[C@@H]24)C[C@H]1C2=C(C[C@@H]31)[C@H](O)CCC2,359.46900000000016,3.6629000000000023,49.33,2,3,0.7026305610831532,1.0,1,0,0,0,O=C1C=C2C=CC3=C4C(=CCC(=C1)C24)CC1C2=C(CCCC2)CC31,['musk_activator_alphaC'],['MuSK'],1,1.0,0.0,0.0,0.0,0.9107891683249458,0.0,0.0,0.9107891683249458
Cc1cccc(Cc2ccc(C(=O)N[C@@]34CCO[C@@H]3COC(=O)C4)cc2)c1,365.42900000000014,2.7902200000000015,64.63,1,4,0.8465152715151911,1.0,1,0,0,0,O=C1CC2(NC(=O)c3ccc(Cc4ccccc4)cc3)CCOC2CO1,['musk_activator_alphaC'],['MuSK'],1,1.0,0.0,0.0,0.0,0.9539545814545574,0.0,0.0,0.9539545814545574
CN(C)CCOc1ccc2c(c1)O[C@H]1CC(=O)N(C(=O)c3cccc(Br)c3N)[C@@H]21,460.3280000000001,2.8465,85.10000000000001,1,6,0.5459336345822325,0.75,1,0,0,0,O=C1CC2Oc3ccccc3C2N1C(=O)c1ccccc1,['musk_activator_alphaC'],['MuSK'],1,1.0,0.0,0.0,0.0,0.7887800903746698,0.0,0.0,0.7887800903746698
O=C(NCCNC(=O)c1ccc(Oc2ccccc2)cc1)NCc1ccccc1,389.4550000000001,3.7081000000000026,79.46000000000001,3,3,0.5140299886662578,1.0,1,0,0,0,O=C(NCCNC(=O)c1ccc(Oc2ccccc2)cc1)NCc1ccccc1,['musk_activator_alphaC'],['MuSK'],1,1.0,0.0,0.0,0.0,0.8542089965998774,0.0,0.0,0.8542089965998774
Cc1ccc(-c2ccc(N=C(S)NC3=CC=C(c4ccccc4)NC=C3)cc2)cc1,409.55800000000005,6.210820000000006,36.42,3,2,0.27210671978446843,0.75,0,0,0,0,C1=CC(NC=Nc2ccc(-c3ccccc3)cc2)=CC=C(c2ccccc2)N1,['musk_activator_alphaC'],['MuSK'],1,1.0,0.0,0.0,0.0,0.5066320159353406,0.0,0.0,0.5066320159353406
CC(C)N1C(=O)[C@H](Cc2ccccc2)n2c1nc1ccccc1c2=O,333.3910000000001,2.9353000000000007,55.2,0,3,0.7403870705823037,1.0,1,0,0,0,O=C1Nc2nc3ccccc3c(=O)n2C1Cc1ccccc1,['musk_activator_alphaC'],['MuSK'],1,1.0,0.0,0.0,0.0,0.9221161211746911,0.0,0.0,0.9221161211746911
C[C@@H]1CN(C)CCN1c1ccc2cc(Nc3cc(N4CCCCCC4)c[nH]3)ccc2c1,417.6010000000003,5.432200000000005,37.54,2,4,0.59336367793607,0.75,0,0,0,0,c1cc2cc(N3CCNCC3)ccc2cc1Nc1cc(N2CCCCCC2)c[nH]1,['musk_activator_alphaC'],['MuSK'],1,1.0,0.0,0.0,0.0,0.6030091033808209,0.0,0.0,0.6030091033808209
Cc1ccc(CNC(=O)CCC(=O)N2CCCN(c3ccccc3)CC2)cc1,379.5040000000001,3.130320000000002,52.650000000000006,1,3,0.8389729758560411,1.0,1,0,0,0,O=C(CCC(=O)N1CCCN(c2ccccc2)CC1)NCc1ccccc1,['musk_activator_alphaC'],['MuSK'],1,1.0,0.0,0.0,0.0,0.9516918927568123,0.0,0.0,0.9516918927568123
C[C@H]1[C@@H]2C(=O)[C@H](C=CC3=NCC=CC3=O)C(=O)[C@@H]2[C@@H](O)C[C@]1(O)C(C)(C)C,373.4490000000001,1.3007999999999993,104.03,2,6,0.7102373978337997,0.5,1,0,0,0,O=C1C=CCN=C1C=CC1C(=O)C2CCCCC2C1=O,['musk_activator_alphaC'],['MuSK'],1,1.0,0.0,0.0,0.0,0.7630712193501399,0.0,0.0,0.7630712193501399
CN(C)c1ccc(C(=O)Nc2cccc(-c3ccccn3)c2)c(O)n1,334.379,3.167500000000001,78.35000000000001,2,5,0.7660853816054276,1.0,1,0,0,0,O=C(Nc1cccc(-c2ccccn2)c1)c1cccnc1,['musk_activator_alphaC'],['MuSK'],1,1.0,0.0,0.0,0.0,0.9298256144816281,0.0,0.0,0.9298256144816281
C[C@H](N)CCc1ccc(C(=O)c2ccc(COCCc3ccccc3)cn2)cc1,388.511,4.351700000000005,65.21000000000001,1,4,0.41413888965690426,1.0,1,0,0,0,O=C(c1ccccc1)c1ccc(COCCc2ccccc2)cn1,['musk_activator_alphaC'],['MuSK'],1,1.0,0.0,0.0,0.0,0.8242416668970713,0.0,0.0,0.8242416668970713
O=C1C=C(c2cccc(C(=O)Nc3ccccn3)c2)N[C@@H](c2ccc(O)cc2)O1,387.3950000000001,3.225600000000001,100.55000000000001,3,6,0.5945131242606833,0.75,1,0,0,0,O=C1C=C(c2cccc(C(=O)Nc3ccccn3)c2)NC(c2ccccc2)O1,['musk_activator_alphaC'],['MuSK'],1,1.0,0.0,0.0,0.0,0.803353937278205,0.0,0.0,0.803353937278205
O=C(O)c1ccc2c3oc4ccccc4c3c(=O)c3nccn3c2c1,330.29900000000004,3.4453000000000014,84.80999999999999,1,4,0.5087222054088175,1.0,1,0,0,0,O=c1c2c3ccccc3oc2c2ccccc2n2ccnc12,['musk_activator_alphaC'],['MuSK'],1,1.0,0.0,0.0,0.0,0.8526166616226452,0.0,0.0,0.8526166616226452
CC1=C(O)OC(C(:Cc2cccc(O)c2)c2ccc(O)c(O)c2)=C2C=CC=CC=C12,400.4300000000001,5.104780000000004,90.15,4,5,0.5359958542245427,0.25,0,1,0,0,C1=CC=C2C=COC(C(:Cc3ccccc3)c3ccccc3)=C2C=C1,['musk_activator_alphaC'],['MuSK'],1,1.0,0.0,0.0,0.2,0.39579875626736283,0.0,0.0,0.39579875626736283
Cc1ccccc1CNCc1cccc(NC(=O)Nc2c(F)ccc(F)c2F)c1,399.4160000000001,5.3461200000000035,53.16,3,2,0.4898641667926938,0.75,0,0,0,0,O=C(Nc1ccccc1)Nc1cccc(CNCc2ccccc2)c1,['musk_activator_alphaC'],['MuSK'],1,1.0,0.0,0.0,0.0,0.5719592500378081,0.0,0.0,0.5719592500378081
C[C@H]1[C@H](CCCc2ccc(NCCC(=O)NCc3ccccc3)cc2)CCCC1(C)C,420.6410000000002,6.590100000000007,41.13,2,2,0.4550648929907894,0.75,0,0,0,0,O=C(CCNc1ccc(CCCC2CCCCC2)cc1)NCc1ccccc1,['musk_activator_alphaC'],['MuSK'],1,1.0,0.0,0.0,0.0,0.5615194678972368,0.0,0.0,0.5615194678972368
Cn1c(=O)ccc2cc(C(=O)NCCCC[N+](C)(C)C)c(-n3ccnc3)nc21,383.47600000000006,1.3354,81.81,1,4,0.4930287814870823,0.75,1,0,1,0,O=c1ccc2ccc(-n3ccnc3)nc2[nH]1,['musk_activator_alphaC'],['MuSK'],1,1.0,0.0,0.0,0.0,0.7729086344461247,0.0,0.0,0.7729086344461247
COc1nccc(C(=O)N2CCCN(C(=O)c3ccccc3C)CC2)c1C,367.4490000000001,2.6953400000000007,62.74,0,4,0.8367793282817219,1.0,1,0,0,0,O=C(c1ccccc1)N1CCCN(C(=O)c2ccncc2)CC1,['musk_activator_alphaC'],['MuSK'],1,1.0,0.0,0.0,0.0,0.9510337984845165,0.0,0.0,0.9510337984845165
Cc1cc(C)c(-c2ccccc2)c(Oc2cc(C(=O)O)c3ccccc3c2)n1,369.4200000000001,6.009140000000004,59.42,1,3,0.47850754975953375,0.75,0,0,0,0,c1ccc(-c2cccnc2Oc2ccc3ccccc3c2)cc1,['musk_activator_alphaC'],['MuSK'],1,1.0,0.0,0.0,0.0,0.56855226492786,0.0,0.0,0.56855226492786
C[C@@H]1[C@@H](C)CCN1C(=O)C1=CC=c2cc(NCCCCCCN)c(N(C)C)cc2=CN1,425.62100000000027,1.9461000000000017,73.63,3,5,0.5275815848975357,1.0,1,0,0,0,O=C(C1=CC=c2ccccc2=CN1)N1CCCC1,['musk_activator_alphaC'],['MuSK'],1,1.0,0.0,0.0,0.0,0.8582744754692606,0.0,0.0,0.8582744754692606
N[C@H]1CCN(C(=O)C(=O)C2c3ccccc3Nc3ccccc32)C[C@H]1O,351.4060000000001,1.3650999999999998,95.66,3,5,0.7103584328232017,0.5,1,0,0,0,O=C(C(=O)N1CCCCC1)C1c2ccccc2Nc2ccccc21,['musk_activator_alphaC'],['MuSK'],1,1.0,0.0,0.0,0.0,0.7631075298469605,0.0,0.0,0.7631075298469605
O=C(Nc1[nH+]c(-c2ccc(O)cc2)cs1)c1ccc(-c2ccccc2)[nH]1,362.4340000000001,4.182200000000003,79.25999999999999,3,3,0.5090281293437317,1.0,1,0,1,0,O=C(Nc1[nH+]c(-c2ccccc2)cs1)c1ccc(-c2ccccc2)[nH]1,['musk_activator_alphaC'],['MuSK'],1,1.0,0.0,0.0,0.0,0.8527084388031194,0.0,0.0,0.8527084388031194
Cc1cnn(Cc2ccc(NC(=O)NCCCNCc3ccccc3)cc2)c1,377.4920000000001,3.541220000000002,70.98,3,3,0.4996199071572358,1.0,1,0,0,0,O=C(NCCCNCc1ccccc1)Nc1ccc(Cn2cccn2)cc1,['musk_activator_alphaC'],['MuSK'],1,1.0,0.0,0.0,0.0,0.8498859721471708,0.0,0.0,0.8498859721471708
C[C@H](C(=O)CN1CC[C@H](CNc2ccnc(-c3ccncc3)n2)C1)N1CCCCC1,408.5500000000003,2.7159000000000004,74.25,1,7,0.7197698409564471,1.0,1,0,0,0,O=C(CN1CCCCC1)CN1CCC(CNc2ccnc(-c3ccncc3)n2)C1,['musk_activator_alphaC'],['MuSK'],1,1.0,0.0,0.0,0.0,0.9159309522869341,0.0,0.0,0.9159309522869341
Cc1ccc2c(c1)CCN(C(=O)c1ccc3nc(CCN(C)C)ccc3c1)C2,373.50000000000017,3.8458200000000033,36.440000000000005,0,3,0.6970372615298022,1.0,1,0,0,0,O=C(c1ccc2ncccc2c1)N1CCc2ccccc2C1,['musk_activator_alphaC'],['MuSK'],1,1.0,0.0,0.0,0.0,0.9091111784589405,0.0,0.0,0.9091111784589405
CC[C@@H](C)COc1cccc(Nc2nc3cc(C)ccc3n3ccnc23)c1,360.46100000000007,5.3594200000000045,51.45,1,4,0.5028231538597111,0.75,0,0,0,0,c1ccc(Nc2nc3ccccc3n3ccnc23)cc1,['musk_activator_alphaC'],['MuSK'],1,1.0,0.0,0.0,0.0,0.5758469461579133,0.0,0.0,0.5758469461579133
COCCNc1ccc(Nc2cccc(-c3ccc(C(C)(C)C)cc3)c2)cc1,374.5280000000001,6.453000000000006,33.29,2,3,0.4660563022328299,0.75,0,1,0,0,c1ccc(Nc2cccc(-c3ccccc3)c2)cc1,['musk_activator_alphaC'],['MuSK'],1,1.0,0.0,0.0,0.2,0.5248168906698489,0.0,0.0,0.5248168906698489
CN(C)CCCCCCCCCc1ccc2c(c1)C=C(C(=O)NCCO)CC2,386.5800000000002,3.959500000000003,52.57000000000001,2,3,0.5046571528822417,1.0,1,0,0,0,C1=Cc2ccccc2CC1,['musk_activator_alphaC'],['MuSK'],1,1.0,0.0,0.0,0.0,0.8513971458646725,0.0,0.0,0.8513971458646725
Cc1cc([C@H]2CCN3C(c4ccccc4)=C(C(=O)O)C[C@@H]23)n2nc(C)cc2n1,374.44400000000013,3.403640000000001,70.73,1,4,0.7607786006035562,1.0,1,0,0,0,C1=C(c2ccccc2)N2CCC(c3ccnc4ccnn34)C2C1,['musk_activator_alphaC'],['MuSK'],1,1.0,0.0,0.0,0.0,0.9282335801810668,0.0,0.0,0.9282335801810668
C=C1N=C(NCCc2ccc(F)cc2)NN=C(N2CCN(Cc3ccc(O)cc3)CC2)C1=O,450.51800000000037,1.8366999999999996,92.56,3,8,0.6023870485758085,0.5,1,0,0,0,C=C1N=C(NCCc2ccccc2)NN=C(N2CCN(Cc3ccccc3)CC2)C1=O,['musk_activator_alphaC'],['MuSK'],1,1.0,0.0,0.0,0.0,0.7307161145727425,0.0,0.0,0.7307161145727425
Cc1cccc(CN2CCC[C@H](NC(=O)c3cccc4ccccc34)C2)c1,358.4850000000001,4.542620000000004,32.34,1,2,0.7423708797185867,0.75,1,0,0,0,O=C(NC1CCCN(Cc2ccccc2)C1)c1cccc2ccccc12,['musk_activator_alphaC'],['MuSK'],1,1.0,0.0,0.0,0.0,0.8477112639155759,0.0,0.0,0.8477112639155759
CCCCCC[C@H](C)CCCCc1cccc(CCNC(=O)NC2CCCCC2)c1,414.6780000000002,7.180300000000008,41.13,2,1,0.3109639311349595,0.75,0,0,0,0,O=C(NCCc1ccccc1)NC1CCCCC1,['musk_activator_alphaC'],['MuSK'],1,1.0,0.0,0.0,0.0,0.5182891793404878,0.0,0.0,0.5182891793404878
O=c1ccc2cc(NCCc3ccc(NC4(c5ccccc5)CC4)cc3)ccc2[nH]1,395.50600000000014,5.283900000000004,56.92,3,3,0.3987814841525159,0.75,0,0,0,0,O=c1ccc2cc(NCCc3ccc(NC4(c5ccccc5)CC4)cc3)ccc2[nH]1,['musk_activator_alphaC'],['MuSK'],1,1.0,0.0,0.0,0.0,0.5446344452457548,0.0,0.0,0.5446344452457548
Cn1cc(C(=O)CNC(=O)c2ccc(N3C=CCCC3)cc2)c2ccccc21,373.45600000000013,3.904900000000003,54.34,1,3,0.6902173617553001,1.0,1,0,0,0,O=C(NCC(=O)c1c[nH]c2ccccc12)c1ccc(N2C=CCCC2)cc1,['musk_activator_alphaC'],['MuSK'],1,1.0,0.0,0.0,0.0,0.90706520852659,0.0,0.0,0.90706520852659
CC(C)(O)ONC(N)=NCc1ccc2c(c1)N(C(=O)c1cccc(O)c1)C(=O)C2,398.41900000000015,1.186,137.48000000000002,4,6,0.19509603080362323,0.25,1,0,0,0,O=C1Cc2ccccc2N1C(=O)c1ccccc1,['musk_activator_alphaC'],['MuSK'],1,1.0,0.0,0.0,0.0,0.533528809241087,0.0,0.0,0.533528809241087
O=C1C2=c3c(cccc3=[N+]1Cc1ccccc1)N=c1ccccc1=[NH+]2,325.371,-1.3085999999999975,46.41,1,2,0.5846399113169224,0.75,1,0,1,0,O=C1C2=c3c(cccc3=[N+]1Cc1ccccc1)N=c1ccccc1=[NH+]2,['musk_activator_alphaC'],['MuSK'],1,1.0,0.0,0.0,0.0,0.8003919733950766,0.0,0.0,0.8003919733950766
O=C(O)c1ccccc1[C@@H]1Cc2ccccc2C2=C3C=C=CC=C3CC[C@H]21,352.4330000000001,5.539600000000004,37.3,1,1,0.7206484091419334,0.75,0,0,0,0,C1=CC=C2CCC3C(=C2C=1)c1ccccc1CC3c1ccccc1,['musk_activator_alphaC'],['MuSK'],1,1.0,0.0,0.0,0.0,0.6411945227425799,0.0,0.0,0.6411945227425799
C[C@@H]1CCCC[C@@H](COc2ccc(Oc3ccc(C(O)=N[C@@H]4CCN(C)C4)cc3)cc2)C1,436.59600000000023,6.082800000000006,54.29,1,4,0.3244745773188438,0.75,0,0,0,0,C(=NC1CCNC1)c1ccc(Oc2ccc(OCC3CCCCCC3)cc2)cc1,['musk_activator_alphaC'],['MuSK'],1,1.0,0.0,0.0,0.0,0.5223423731956531,0.0,0.0,0.5223423731956531
C[C@H](N)C(=O)O[C@@]12CCC[C@@H]1C[C@H]1C[C@H](CCNC(=O)N[C@@H]3CCN(C)C3)C=C[C@@H]1C2,432.6090000000002,2.4114000000000013,96.69000000000001,3,5,0.44240990844221034,0.75,1,0,0,0,O=C(NCCC1C=CC2CC3CCCC3CC2C1)NC1CCNC1,['musk_activator_alphaC'],['MuSK'],1,1.0,0.0,0.0,0.0,0.7577229725326631,0.0,0.0,0.7577229725326631
C[C@H](CCc1ccccc1)NC(=O)Nc1ccc(NCCSc2cccc(O)c2)nc1,436.5810000000002,5.134200000000004,86.28,4,5,0.261322575960343,0.5,0,0,0,0,O=C(NCCCc1ccccc1)Nc1ccc(NCCSc2ccccc2)nc1,['musk_activator_alphaC'],['MuSK'],1,1.0,0.0,0.0,0.0,0.4283967727881029,0.0,0.0,0.4283967727881029
CC[C@H](CCc1ccc(O)cc1)[C@H]1C=CC(=CCC2=CC(=O)C=CC2=O)[C@](C)(O)C1,406.5220000000002,4.629000000000005,74.6,2,4,0.6476633837405226,0.75,1,1,0,0,O=C1C=CC(=O)C(CC=C2C=CC(CCCc3ccccc3)CC2)=C1,['musk_activator_alphaC'],['MuSK'],1,1.0,0.0,0.0,0.2,0.7792990151221567,0.0,0.0,0.7792990151221567
NS(=O)(=O)c1ccc(NC(=O)NCc2cccc(-c3ccccn3)n2)cc1,383.43300000000005,2.1127000000000002,127.07,3,5,0.6217487664455666,0.75,1,0,0,0,O=C(NCc1cccc(-c2ccccn2)n1)Nc1ccccc1,['musk_activator_alphaC'],['MuSK'],1,1.0,0.0,0.0,0.0,0.81152462993367,0.0,0.0,0.81152462993367
CN(C)CC(=O)N1CC[C@H](C(=O)Nc2cccc(OCc3ccccc3)c2)C1,381.47600000000017,2.6142000000000003,61.88000000000001,1,4,0.8009172063899166,1.0,1,0,0,0,O=C(Nc1cccc(OCc2ccccc2)c1)C1CCNC1,['musk_activator_alphaC'],['MuSK'],1,1.0,0.0,0.0,0.0,0.9402751619169749,0.0,0.0,0.9402751619169749
COc1ccc(-c2ccc3c(c2)S[C@H]2C[C@@H](c4ccc(O)cc4)CN2C3)cc1,389.5200000000001,5.489100000000006,32.7,1,4,0.6420720444174997,0.75,0,0,0,0,c1ccc(-c2ccc3c(c2)SC2CC(c4ccccc4)CN2C3)cc1,['musk_activator_alphaC'],['MuSK'],1,1.0,0.0,0.0,0.0,0.6176216133252499,0.0,0.0,0.6176216133252499
Cc1ccc(O)c([C@H](NC(=O)c2ccc([C@H](C)N)cc2)c2cccs2)c1,366.48600000000005,4.3012200000000025,75.35,3,4,0.6300177026276506,1.0,1,1,0,0,O=C(NC(c1ccccc1)c1cccs1)c1ccccc1,['musk_activator_alphaC'],['MuSK'],1,1.0,0.0,0.0,0.2,0.8490053107882952,0.0,0.0,0.8490053107882952
Cc1o[nH+]c(-c2ccc3[nH]ccc3c2)c1C(=O)NCCNS(C)(=O)=O,363.4190000000001,0.8294200000000002,118.34,3,4,0.5621092995098016,0.5,1,0,1,0,c1cc2cc(-c3cco[nH+]3)ccc2[nH]1,['musk_activator_alphaC'],['MuSK'],1,1.0,0.0,0.0,0.0,0.7186327898529405,0.0,0.0,0.7186327898529405
CC(=O)c1cccc(NC(=O)[C@H]2[C@@H](O)[C@H](O)[C@@H](O)[C@H](O)[C@@H]2[C@H](C)O)c1,353.37100000000004,-1.1019000000000003,147.32000000000002,6,7,0.37645113521935897,0.25,0,0,0,0,O=C(Nc1ccccc1)C1CCCCC1,['musk_activator_alphaC'],['MuSK'],1,1.0,0.0,0.0,0.0,0.3879353405658077,0.0,0.0,0.3879353405658077
O=C(O)N(CCCc1ccccc1)c1ccc(N2CCCCC2)cn1,339.4390000000002,4.189100000000003,56.67,1,3,0.8572262555103997,1.0,1,0,0,0,c1ccc(CCCNc2ccc(N3CCCCC3)cn2)cc1,['musk_activator_alphaC'],['MuSK'],1,1.0,0.0,0.0,0.0,0.9571678766531198,0.0,0.0,0.9571678766531198
Fc1ccc2c(c1)CCCN2c1ccccc1.OCc1ccccc1,335.4220000000001,5.088900000000006,23.47,1,2,0.7050422561382381,0.75,0,0,0,0,c1ccc(N2CCCc3ccccc32)cc1.c1ccccc1,['musk_activator_alphaC'],['MuSK'],1,1.0,0.0,0.0,0.0,0.6365126768414715,0.0,0.0,0.6365126768414715
C=C1[C@@H]([C@]2(C)CCC[C@@H]3C(=O)CC[C@]32C)C(=O)C[C@@]12CC[C@H]1c3ccccc3O[C@H]1C2,418.57700000000017,6.022300000000007,43.370000000000005,0,3,0.5236730681203458,0.75,0,0,0,0,C=C1C(C2CCCC3C(=O)CCC32)C(=O)CC12CCC1c3ccccc3OC1C2,['musk_activator_alphaC'],['MuSK'],1,1.0,0.0,0.0,0.0,0.5821019204361038,0.0,0.0,0.5821019204361038
CC(=CC[C@H]1CCC[C@H](O)CC1)c1c[nH]c(-c2cc(C)[nH+]c3ccccc23)c1,375.5360000000001,5.692020000000005,50.16,2,1,0.5653330616584435,0.75,0,0,1,0,C(=Cc1c[nH]c(-c2cc[nH+]c3ccccc23)c1)CC1CCCCCC1,['musk_activator_alphaC'],['MuSK'],1,1.0,0.0,0.0,0.0,0.594599918497533,0.0,0.0,0.594599918497533
NS(=O)(=O)c1cccc(N2C[C@H](n3c(=O)[nH]c(=O)c4ccccc43)C[C@@H]2C(=O)O)c1,430.4420000000002,0.24179999999999996,155.55999999999997,3,6,0.5352795038114798,0.5,1,0,0,0,O=c1[nH]c(=O)n(C2CCN(c3ccccc3)C2)c2ccccc12,['musk_activator_alphaC'],['MuSK'],1,1.0,0.0,0.0,0.0,0.7105838511434439,0.0,0.0,0.7105838511434439
CN(Cc1cc2ccccc2[nH]1)C(=O)CCNC(=O)c1ccc([C@H](O)CO)cc1,395.4590000000001,1.9721000000000002,105.66000000000001,4,4,0.46790013832728317,0.5,1,0,0,0,O=C(CCNC(=O)c1ccccc1)NCc1cc2ccccc2[nH]1,['musk_activator_alphaC'],['MuSK'],1,1.0,0.0,0.0,0.0,0.6903700414981849,0.0,0.0,0.6903700414981849
CC(C)(C)CN1CCN(C2=c3ccccc3=Nc3cccc(N)c3N2)CC1,363.5090000000002,2.375,56.89,2,5,0.8046264517361121,1.0,1,0,0,0,c1ccc2c(c1)N=c1ccccc1=C(N1CCNCC1)N2,['musk_activator_alphaC'],['MuSK'],1,1.0,0.0,0.0,0.0,0.9413879355208337,0.0,0.0,0.9413879355208337
CN(C)c1ccc2[n+](c1)Cc1cc(CCCCCCC=Cc3ccccc3)ncc1-2,398.574,5.670200000000006,20.01,0,2,0.2673210034372646,0.75,0,0,1,0,C(=Cc1ccccc1)CCCCCCc1cc2c(cn1)-c1cccc[n+]1C2,['musk_activator_alphaC'],['MuSK'],1,1.0,0.0,0.0,0.0,0.5051963010311793,0.0,0.0,0.5051963010311793
CS(=O)(=O)c1cccc2c1S[C@@H](NC(=O)c1ccc3ccccc3c1)C2,383.49400000000014,3.6476000000000015,63.24,1,4,0.7498988802513301,1.0,1,0,0,0,O=C(NC1Cc2ccccc2S1)c1ccc2ccccc2c1,['musk_activator_alphaC'],['MuSK'],1,1.0,0.0,0.0,0.0,0.924969664075399,0.0,0.0,0.924969664075399
O=C(CCCNCCN1CCCC1)NCc1ccc(CCc2ccccc2)nc1,394.56300000000016,2.9486000000000008,57.260000000000005,2,4,0.5436421950327238,1.0,1,0,0,0,O=C(CCCNCCN1CCCC1)NCc1ccc(CCc2ccccc2)nc1,['musk_activator_alphaC'],['MuSK'],1,1.0,0.0,0.0,0.0,0.8630926585098171,0.0,0.0,0.8630926585098171
CC[n+]1c2ccc(C(=O)NCCCCCCCCN)ccc-2c2ccccc21,378.53999999999996,4.281100000000003,59.0,2,2,0.4085350403753292,1.0,1,0,1,0,c1ccc2[nH+]c3ccccc3c-2cc1,['musk_activator_alphaC'],['MuSK'],1,1.0,0.0,0.0,0.0,0.8225605121125987,0.0,0.0,0.8225605121125987
OC(=Cc1nc2c([nH]1)CCCCC2)N[C@H]1CC[C@@H](OCc2ccccc2)CC1,381.52000000000015,4.652600000000004,70.17,3,4,0.5030042865222681,0.75,1,0,0,0,C(=Cc1nc2c([nH]1)CCCCC2)NC1CCC(OCc2ccccc2)CC1,['musk_activator_alphaC'],['MuSK'],1,1.0,0.0,0.0,0.0,0.7759012859566803,0.0,0.0,0.7759012859566803
O=C1N=C2C=CC=CC(N3CCCCCC3)=C2NC=C1CNCc1ccccc1,388.51500000000004,3.4445000000000023,56.730000000000004,2,4,0.8113053059299121,1.0,1,1,0,0,O=C1N=C2C=CC=CC(N3CCCCCC3)=C2NC=C1CNCc1ccccc1,['musk_activator_alphaC'],['MuSK'],1,1.0,0.0,0.0,0.2,0.9033915917789735,0.0,0.0,0.9033915917789735
O=C(NCc1ccc(-c2ccccc2)cc1)C1=CC(O)=CC2NCC=C12,344.4140000000001,3.249900000000001,61.36,3,3,0.797824779659197,1.0,1,0,0,0,O=C(NCc1ccc(-c2ccccc2)cc1)C1=CC=CC2NCC=C12,['musk_activator_alphaC'],['MuSK'],1,1.0,0.0,0.0,0.0,0.939347433897759,0.0,0.0,0.939347433897759
O=C(Nc1ccc(NCc2ccccc2)cc1)Nc1cccc(Cc2ccccc2)c1,407.51700000000017,6.5335000000000045,53.160000000000004,3,2,0.32599666223932955,0.75,0,0,0,0,O=C(Nc1ccc(NCc2ccccc2)cc1)Nc1cccc(Cc2ccccc2)c1,['musk_activator_alphaC'],['MuSK'],1,1.0,0.0,0.0,0.0,0.5227989986717989,0.0,0.0,0.5227989986717989
C[N+](C)(C)CCCc1ccc(-c2ccc(Nc3ccccc3)nc2)cc1,346.49800000000005,5.131000000000004,24.92,1,2,0.5998716066382775,0.75,0,0,1,0,c1ccc(Nc2ccc(-c3ccccc3)cn2)cc1,['musk_activator_alphaC'],['MuSK'],1,1.0,0.0,0.0,0.0,0.6049614819914833,0.0,0.0,0.6049614819914833
O=C(c1ccc(-c2n[nH]c(=O)o2)o1)N1CCC(OCc2ccncc2)CC1,370.3650000000001,1.8393,114.46000000000001,1,7,0.7285444736509924,0.75,1,0,0,0,O=C(c1ccc(-c2n[nH]c(=O)o2)o1)N1CCC(OCc2ccncc2)CC1,['musk_activator_alphaC'],['MuSK'],1,1.0,0.0,0.0,0.0,0.8435633420952977,0.0,0.0,0.8435633420952977
CC(C)(C)c1ncc2c(n1)C1(CCCC1)C(=O)N(Cc1cccc(C(=N)N)c1)C2,391.5190000000001,3.412370000000001,95.96,2,4,0.6189183873153169,0.75,1,0,0,0,O=C1N(Cc2ccccc2)Cc2cncnc2C12CCCC2,['musk_activator_alphaC'],['MuSK'],1,1.0,0.0,0.0,0.0,0.8106755161945951,0.0,0.0,0.8106755161945951
O=C(N[C@@H]1C[C@@H]2Cc3ccccc3[C@H]3CCC[C@@H]1N23)c1coc2cc(O)ccc12,388.4670000000001,4.161000000000003,65.71000000000001,2,4,0.6918319347115283,1.0,1,0,0,0,O=C(NC1CC2Cc3ccccc3C3CCCC1N23)c1coc2ccccc12,['musk_activator_alphaC'],['MuSK'],1,1.0,0.0,0.0,0.0,0.9075495804134583,0.0,0.0,0.9075495804134583
CC1=CC=C(NCCCc2ccccc2)N=C(c2ccccc2)N1,317.43600000000004,4.004000000000002,36.42,2,3,0.790027778194051,1.0,1,0,0,0,C1=CNC(c2ccccc2)=NC(NCCCc2ccccc2)=C1,['musk_activator_alphaC'],['MuSK'],1,1.0,0.0,0.0,0.0,0.9370083334582153,0.0,0.0,0.9370083334582153
C[C@H](CO)C(=O)NCCCc1ccc(CNCCc2ccccn2)cc1,355.482,2.091099999999999,74.25,3,4,0.5397549436082514,1.0,1,0,0,0,c1ccc(CNCCc2ccccn2)cc1,['musk_activator_alphaC'],['MuSK'],1,1.0,0.0,0.0,0.0,0.8619264830824753,0.0,0.0,0.8619264830824753
CCc1c2ncc3ccccc3nc-2c2c1Nc1ccccc1C(=O)N(C)C2,368.4400000000001,4.626200000000004,58.120000000000005,1,4,0.5322898226467959,0.75,1,0,0,0,O=C1NCc2c(cc3ncc4ccccc4nc2-3)Nc2ccccc21,['musk_activator_alphaC'],['MuSK'],1,1.0,0.0,0.0,0.0,0.7846869467940387,0.0,0.0,0.7846869467940387
NC(=NNC(=O)[N@H+]1CCc2cc(C(=O)NCc3cc[n+](O)cc3)ccc21)c1ccccc1,432.4840000000001,0.24400000000000266,125.12999999999998,5,4,0.13024606509445252,0.25,1,0,1,0,O=C(NCc1cc[nH+]cc1)c1ccc2c(c1)CC[NH+]2C(=O)NN=Cc1ccccc1,['musk_activator_alphaC'],['MuSK'],1,1.0,0.0,0.0,0.0,0.5140738195283359,0.0,0.0,0.5140738195283359
C[C@H]1[C@@H]2CC(=CCC[C@@H]3C=C[C@H](O)CC3)CC2=CC[C@@H]1C1(C)CCN(C)CC1,383.6200000000003,5.744400000000006,23.47,1,2,0.6253529622783127,0.75,0,0,0,0,C1=CC(CCC=C2CC3=CCC(C4CCNCC4)CC3C2)CCC1,['musk_activator_alphaC'],['MuSK'],1,1.0,0.0,0.0,0.0,0.6126058886834937,0.0,0.0,0.6126058886834937
Cn1ccc2c(CC[C@H]3C(=O)CCN3CC(=O)Nc3ccccc3[N+](=O)O)cccc21,421.4770000000001,3.1926000000000005,94.65,2,4,0.5715739881496937,0.75,1,0,1,0,O=C(CN1CCC(=O)C1CCc1cccc2[nH]ccc12)Nc1ccccc1,['musk_activator_alphaC'],['MuSK'],1,1.0,0.0,0.0,0.0,0.796472196444908,0.0,0.0,0.796472196444908
O=C(NCCOCc1ccccc1)c1ccc2c(c1)C(=O)N1CCCC[C@H]1C2=O,392.45500000000027,2.824200000000001,75.71000000000001,1,4,0.7673390040308179,1.0,1,0,0,0,O=C(NCCOCc1ccccc1)c1ccc2c(c1)C(=O)N1CCCCC1C2=O,['musk_activator_alphaC'],['MuSK'],1,1.0,0.0,0.0,0.0,0.9302017012092454,0.0,0.0,0.9302017012092454
N[P@](=O)(O)CCCCCCCCCCC(=O)NCc1ccccc1,354.431,3.9578000000000033,92.42000000000002,3,2,0.3692042711026328,0.75,1,0,0,0,c1ccccc1,['musk_activator_alphaC'],['MuSK'],1,1.0,0.0,0.0,0.0,0.7357612813307899,0.0,0.0,0.7357612813307899
Cc1ccc2oc3c(Nc4noc(CCCc5ccccc5)n4)cccc3c2c1C,397.47800000000007,6.504740000000004,64.09,1,5,0.35397456605150435,0.75,0,0,0,0,c1ccc(CCCc2nc(Nc3cccc4c3oc3ccccc34)no2)cc1,['musk_activator_alphaC'],['MuSK'],1,1.0,0.0,0.0,0.0,0.5311923698154513,0.0,0.0,0.5311923698154513
CC1=NN(c2ccc(Cn3ccnc3)cc2)C2=CN(c3ccc(C)cc3)N[C@H]21,370.4600000000001,3.6705200000000016,48.690000000000005,1,5,0.7612764999251286,1.0,1,0,0,0,C1=NN(c2ccc(Cn3ccnc3)cc2)C2=CN(c3ccccc3)NC12,['musk_activator_alphaC'],['MuSK'],1,1.0,0.0,0.0,0.0,0.9283829499775385,0.0,0.0,0.9283829499775385
C[C@@H]1Cc2cc(N3CC[C@@H](C(C)(C)O)C3=O)ccc2CN1Cc1ccc(O)cc1,394.51500000000016,3.4628000000000023,64.01,2,4,0.833604952270013,1.0,1,0,0,0,O=C1CCCN1c1ccc2c(c1)CCN(Cc1ccccc1)C2,['musk_activator_alphaC'],['MuSK'],1,1.0,0.0,0.0,0.0,0.9500814856810038,0.0,0.0,0.9500814856810038
CC1=C2C(=O)N(CCCN(C)C)C3=CCCC(=C32)N=C(c2ccc(F)cc2)C=C1,391.49000000000007,4.226800000000004,35.910000000000004,0,3,0.7531962991045782,1.0,1,0,0,0,O=C1NC2=CCCC3=C2C1=CC=CC(c1ccccc1)=N3,['musk_activator_alphaC'],['MuSK'],1,1.0,0.0,0.0,0.0,0.9259588897313733,0.0,0.0,0.9259588897313733
CNC1=NC(c2ccc(C)cc2)=CC=C(N[C@@H](CCc2ccccc2)C(N)=O)N1,389.5030000000001,2.43222,91.53999999999999,4,5,0.5853278067917009,0.5,1,0,0,0,C1=NC(c2ccccc2)=CC=C(NCCCc2ccccc2)N1,['musk_activator_alphaC'],['MuSK'],1,1.0,0.0,0.0,0.0,0.7255983420375103,0.0,0.0,0.7255983420375103
CC(C)NS(=O)(=O)c1ccc(OCC(=O)N2CC[C@@H](OCc3ccccc3)C2)cc1,432.5420000000002,2.5698000000000008,84.94,1,5,0.6583615764427421,1.0,1,0,0,0,O=C(COc1ccccc1)N1CCC(OCc2ccccc2)C1,['musk_activator_alphaC'],['MuSK'],1,1.0,0.0,0.0,0.0,0.8975084729328227,0.0,0.0,0.8975084729328227
Cc1cccc(OC(=CN2CCN(C)CC2)c2ccc3nc(O)ccc3c2)c1,375.47200000000004,3.8736200000000025,48.83,1,5,0.7016603405318498,1.0,1,0,0,0,C(=C(Oc1ccccc1)c1ccc2ncccc2c1)N1CCNCC1,['musk_activator_alphaC'],['MuSK'],1,1.0,0.0,0.0,0.0,0.9104981021595548,0.0,0.0,0.9104981021595548
CCCn1c(Cc2ccccc2)cc2c(=O)c3cccc(OC)c3[nH]c21,346.43000000000006,4.492200000000004,47.019999999999996,1,2,0.5785493718264397,1.0,1,0,0,0,O=c1c2ccccc2[nH]c2[nH]c(Cc3ccccc3)cc12,['musk_activator_alphaC'],['MuSK'],1,1.0,0.0,0.0,0.0,0.873564811547932,0.0,0.0,0.873564811547932
O=C(Nc1ccc2ccccc2c1)c1cccc(CN2CCCOCC2)c1,360.4570000000002,4.314400000000004,41.57000000000001,1,3,0.7535567916638398,1.0,1,0,0,0,O=C(Nc1ccc2ccccc2c1)c1cccc(CN2CCCOCC2)c1,['musk_activator_alphaC'],['MuSK'],1,1.0,0.0,0.0,0.0,0.926067037499152,0.0,0.0,0.926067037499152
CO[C@H]1CC[C@H](C2=NC(C)=C3C=[N+]([C@H]4CCN(c5cccc[nH+]5)C4)C(=O)C=C32)CC1,406.5300000000002,2.5631000000000004,59.050000000000004,0,4,0.7223805080442333,1.0,1,0,1,0,O=C1C=C2C(=CN=C2C2CCCCC2)C=[N+]1C1CCN(c2cccc[nH+]2)C1,['musk_activator_alphaC'],['MuSK'],1,1.0,0.0,0.0,0.0,0.9167141524132698,0.0,0.0,0.9167141524132698
NCc1cc2c(CN3CCCC(=O)[C@H]3c3ccsc3)cccc2o1,340.44800000000004,3.859200000000003,59.47,1,5,0.7833464719783462,1.0,1,0,0,0,O=C1CCCN(Cc2cccc3occc23)C1c1ccsc1,['musk_activator_alphaC'],['MuSK'],1,1.0,0.0,0.0,0.0,0.9350039415935039,0.0,0.0,0.9350039415935039
c1ccc(Oc2cccc3cc4cccc5ccc2c-3c54)cc1,294.353,6.327900000000004,9.23,0,1,0.369526111901083,0.75,0,0,0,0,c1ccc(Oc2cccc3cc4cccc5ccc2c-3c54)cc1,['musk_activator_alphaC'],['MuSK'],1,1.0,0.0,0.0,0.0,0.5358578335703248,0.0,0.0,0.5358578335703248
CN(CC(=O)CO)Cc1nc2ccc(C(=O)Nc3ccccc3)cc2oc1=O,381.3880000000001,1.4334999999999998,112.74000000000001,2,7,0.6365195978053853,0.5,1,0,0,0,O=C(Nc1ccccc1)c1ccc2ncc(=O)oc2c1,['musk_activator_alphaC'],['MuSK'],1,1.0,0.0,0.0,0.0,0.7409558793416156,0.0,0.0,0.7409558793416156
CC1=C(c2[nH]nc3ccccc23)C(=O)[N+](c2ccc(CCN3CCCOCC3)cc2)=N1,416.50500000000034,3.8953000000000024,73.59,1,5,0.6405454617520961,1.0,1,0,1,0,O=C1C(c2[nH]nc3ccccc23)=CN=[N+]1c1ccc(CCN2CCCOCC2)cc1,['musk_activator_alphaC'],['MuSK'],1,1.0,0.0,0.0,0.0,0.8921636385256289,0.0,0.0,0.8921636385256289
COc1ccc(C(=O)NN=CC(=O)NC2=CNc3ccccc3C=C2)cc1,362.38900000000007,2.5073000000000008,91.82,3,5,0.5629118624392025,0.75,1,0,0,0,O=C(C=NNC(=O)c1ccccc1)NC1=CNc2ccccc2C=C1,['musk_activator_alphaC'],['MuSK'],1,1.0,0.0,0.0,0.0,0.7938735587317607,0.0,0.0,0.7938735587317607
Cc1ccc2c3ccc(-c4ccccc4)c4oc(C)cc4c-3[n+](C)c2c1,338.4300000000001,5.799140000000006,17.02,0,1,0.35305853434071194,0.75,0,0,1,0,c1ccc(-c2ccc3c4ccccc4[nH+]c-3c3ccoc23)cc1,['musk_activator_alphaC'],['MuSK'],1,1.0,0.0,0.0,0.0,0.5309175603022136,0.0,0.0,0.5309175603022136
O=c1[nH]c(-c2ccc(CC3CCN(CCO)CC3)c[nH+]2)ccc1C1(O)CCCC1,398.52700000000016,1.864399999999999,90.7,3,4,0.6928012785960168,0.75,1,0,1,0,O=c1[nH]c(-c2ccc(CC3CCNCC3)c[nH+]2)ccc1C1CCCC1,['musk_activator_alphaC'],['MuSK'],1,1.0,0.0,0.0,0.0,0.832840383578805,0.0,0.0,0.832840383578805
CC1=C2[C@@H](C=CC[C@@H]2O)[C@H]2CC[C@@H](C[C@H](C)Cc3ccc(O)cc3)CC[C@@H]2C1,380.5720000000001,6.040700000000006,40.46,2,2,0.6251309777908336,0.75,0,0,0,0,C1=CC2C(=CCC3CCC(CCCc4ccccc4)CCC32)CC1,['musk_activator_alphaC'],['MuSK'],1,1.0,0.0,0.0,0.0,0.61253929333725,0.0,0.0,0.61253929333725
CCCCCCNC(=N)c1nc(C)cnc1SCC(=O)NCCc1cccs1,419.62000000000023,3.7927900000000028,90.76,3,6,0.21068857256954052,0.75,1,0,0,0,O=C(CSc1cnccn1)NCCc1cccs1,['musk_activator_alphaC'],['MuSK'],1,1.0,0.0,0.0,0.0,0.6882065717708621,0.0,0.0,0.6882065717708621
Cc1cccc(C=Cc2cc(C)cc(N=C(O)OCCCc3ccccc3)c2)c1,385.5070000000001,6.668740000000007,41.82000000000001,1,2,0.21353994161513132,0.75,0,0,0,0,C(=Cc1cccc(N=COCCCc2ccccc2)c1)c1ccccc1,['musk_activator_alphaC'],['MuSK'],1,1.0,0.0,0.0,0.0,0.4890619824845394,0.0,0.0,0.4890619824845394
CC1(C)Cc2cccc3c2[C@@H]1CC[C@@H]3c1nccc2c(NCCCN)cccc12,385.5550000000002,5.587100000000004,50.94,2,3,0.5631805221620058,0.75,0,0,0,0,c1cc2c3c(c1)C(c1nccc4ccccc14)CCC3CC2,['musk_activator_alphaC'],['MuSK'],1,1.0,0.0,0.0,0.0,0.5939541566486017,0.0,0.0,0.5939541566486017
COc1cccc(C=Cc2ccc(NCCc3ccc(O)cc3)c(C(=O)O)c2)c1,389.4510000000001,4.924000000000005,78.78999999999999,3,4,0.4765169811464178,0.75,1,0,0,0,C(=Cc1ccc(NCCc2ccccc2)cc1)c1ccccc1,['musk_activator_alphaC'],['MuSK'],1,1.0,0.0,0.0,0.0,0.7679550943439253,0.0,0.0,0.7679550943439253
C[C@@H]1CCN(Cc2cnc(-c3ccccc3)[nH]2)C[C@@H]2c3ccccc3C(=O)N[C@@H]12,386.49900000000014,3.814300000000002,61.02,2,3,0.719486066085056,1.0,1,0,0,0,O=C1NC2CCCN(Cc3cnc(-c4ccccc4)[nH]3)CC2c2ccccc21,['musk_activator_alphaC'],['MuSK'],1,1.0,0.0,0.0,0.0,0.9158458198255168,0.0,0.0,0.9158458198255168
COc1ccc(N2CCN(C(=O)CC(=O)Nc3ccc(C)cc3)CC2)cc1,367.4490000000001,2.68102,61.88,1,4,0.8256690776758495,1.0,1,1,0,0,O=C(CC(=O)N1CCN(c2ccccc2)CC1)Nc1ccccc1,['musk_activator_alphaC'],['MuSK'],1,1.0,0.0,0.0,0.2,0.9077007233027549,0.0,0.0,0.9077007233027549
Cc1ccc2ccc(NCc3ccc(C(=O)NC4CCCCCC4)cc3)cc2n1,387.5270000000002,5.6079200000000045,54.02,2,3,0.5597238053879765,0.75,0,0,0,0,O=C(NC1CCCCCC1)c1ccc(CNc2ccc3cccnc3c2)cc1,['musk_activator_alphaC'],['MuSK'],1,1.0,0.0,0.0,0.0,0.592917141616393,0.0,0.0,0.592917141616393
COc1ccc2c(ccc3cc4cc(N[C@H]5CCCN(CN)C5)[nH]c4cc32)c1,374.4880000000001,4.275400000000002,66.31,3,4,0.46668988809287326,1.0,1,0,0,0,c1ccc2c(c1)ccc1cc3cc(NC4CCCNC4)[nH]c3cc12,['musk_activator_alphaC'],['MuSK'],1,1.0,0.0,0.0,0.0,0.840006966427862,0.0,0.0,0.840006966427862
NNC(=O)c1cccc(CN2CCCN(C[C@@H](O)c3ccccc3)CC=C2O)c1,396.49100000000004,1.9307999999999992,102.06,4,6,0.3381100691195397,0.5,1,0,0,0,C1=CN(Cc2ccccc2)CCCN(CCc2ccccc2)C1,['musk_activator_alphaC'],['MuSK'],1,1.0,0.0,0.0,0.0,0.651433020735862,0.0,0.0,0.651433020735862
COc1ccc(CNC(=O)c2ccc3c(c2)CC[C@@H](C(=O)O)c2cccn2-3)cc1,390.4390000000001,3.530300000000002,80.56,2,3,0.6984208928561518,1.0,1,0,0,0,O=C(NCc1ccccc1)c1ccc2c(c1)CCCc1cccn1-2,['musk_activator_alphaC'],['MuSK'],1,1.0,0.0,0.0,0.0,0.9095262678568454,0.0,0.0,0.9095262678568454
O=C(NCc1ccccc1)OC=C(O)c1ccc(CN2CCCCC2)cc1,366.46100000000024,4.455300000000004,61.800000000000004,2,4,0.7413921633416987,1.0,1,0,0,0,O=C(NCc1ccccc1)OC=Cc1ccc(CN2CCCCC2)cc1,['musk_activator_alphaC'],['MuSK'],1,1.0,0.0,0.0,0.0,0.9224176490025096,0.0,0.0,0.9224176490025096
Cc1ccc(-c2cc(-c3c[nH]c(CCCN(C)C)c3)[nH+]c3cc(C)cnc23)cc1,385.535,4.822040000000004,46.06,1,2,0.5170344790808064,0.75,1,0,1,0,c1ccc(-c2cc(-c3cc[nH]c3)[nH+]c3cccnc23)cc1,['musk_activator_alphaC'],['MuSK'],1,1.0,0.0,0.0,0.0,0.7801103437242418,0.0,0.0,0.7801103437242418
CCCCc1cc(CCCc2ccc([C@H]3CCN(C)C3)n2C)c(-c2ccccc2)[nH]1,403.6140000000001,5.957200000000006,23.96,1,1,0.46834426190033523,0.75,0,0,0,0,c1ccc(-c2[nH]ccc2CCCc2ccc(C3CCNC3)[nH]2)cc1,['musk_activator_alphaC'],['MuSK'],1,1.0,0.0,0.0,0.0,0.5655032785701006,0.0,0.0,0.5655032785701006
CC1=CCc2cc3cccnc3cc2C(=O)[C@@H]1N=C(O)C1=CC=C(O)CC1,360.4130000000001,4.4071000000000025,82.78,2,4,0.4721028177034406,1.0,1,0,0,0,O=C1c2cc3ncccc3cc2CC=CC1N=CC1=CC=CCC1,['musk_activator_alphaC'],['MuSK'],1,1.0,0.0,0.0,0.0,0.8416308453110322,0.0,0.0,0.8416308453110322
COc1ccc(Cn2ccc3cc(-c4ccccn4)cc(O)c3c2=O)cc1,358.3970000000001,3.826000000000003,64.35,1,4,0.6021969836595812,1.0,1,0,0,0,O=c1c2ccc(-c3ccccn3)cc2ccn1Cc1ccccc1,['musk_activator_alphaC'],['MuSK'],1,1.0,0.0,0.0,0.0,0.8806590950978743,0.0,0.0,0.8806590950978743
Cc1ccc(CCCCCc2ccc(CNC(=O)c3cccs3)cc2)c(C)c1C,405.60700000000014,6.558860000000006,29.1,1,2,0.4013662464424507,0.75,0,0,0,0,O=C(NCc1ccc(CCCCCc2ccccc2)cc1)c1cccs1,['musk_activator_alphaC'],['MuSK'],1,1.0,0.0,0.0,0.0,0.5454098739327352,0.0,0.0,0.5454098739327352
O=C(N[C@@H]1CCN(CCCc2ccc(Nc3ccccc3)cn2)C1)c1cscn1,407.5430000000001,3.718600000000002,70.15,2,6,0.5955824287818249,1.0,1,0,0,0,O=C(NC1CCN(CCCc2ccc(Nc3ccccc3)cn2)C1)c1cscn1,['musk_activator_alphaC'],['MuSK'],1,1.0,0.0,0.0,0.0,0.8786747286345473,0.0,0.0,0.8786747286345473
Cc1cccc(-n2ncc(CNC[C@H]3C[C@@H](CN)CN3)c2O)c1,315.42100000000005,0.9127200000000002,88.13000000000001,4,5,0.6363829989753845,0.5,1,0,0,0,c1ccc(-n2cc(CNCC3CCCN3)cn2)cc1,['musk_activator_alphaC'],['MuSK'],1,1.0,0.0,0.0,0.0,0.7409148996926154,0.0,0.0,0.7409148996926154
C[C@H](NCCNc1cncc(-c2ccccc2)c1)c1ccccc1,317.43600000000004,4.511300000000003,36.95,2,3,0.6295006229054773,0.75,1,0,0,0,c1ccc(CNCCNc2cncc(-c3ccccc3)c2)cc1,['musk_activator_alphaC'],['MuSK'],1,1.0,0.0,0.0,0.0,0.8138501868716432,0.0,0.0,0.8138501868716432
CC1=CCCC(C2=C(N)C(=O)C(C)(C)[C@@H](NC(=O)c3ccc(F)c(C)c3)C2=O)=C1,396.46200000000016,3.2898200000000015,89.25999999999999,2,4,0.8204875770002733,1.0,1,0,0,0,O=C1C=C(C2=CC=CCC2)C(=O)C(NC(=O)c2ccccc2)C1,['musk_activator_alphaC'],['MuSK'],1,1.0,0.0,0.0,0.0,0.9461462731000818,0.0,0.0,0.9461462731000818
CN(C)c1ccc(OC=C2Cc3[nH]c4c(c3N2)-c2cccc3cccc-4c23)cc1,379.4630000000001,5.769700000000004,40.29,2,3,0.3910487269603047,0.75,0,0,0,0,C(Oc1ccccc1)=C1Cc2[nH]c3c(c2N1)-c1cccc2cccc-3c12,['musk_activator_alphaC'],['MuSK'],1,1.0,0.0,0.0,0.0,0.5423146180880913,0.0,0.0,0.5423146180880913
Cc1ccc(F)c2c(CCCNC(=O)NCc3ccccc3)c[nH]c12,339.41400000000004,4.047420000000002,56.92,3,1,0.58318466132396,1.0,1,0,0,0,O=C(NCCCc1c[nH]c2ccccc12)NCc1ccccc1,['musk_activator_alphaC'],['MuSK'],1,1.0,0.0,0.0,0.0,0.8749553983971881,0.0,0.0,0.8749553983971881
O=C(O)CCc1ccc(N2C[C@H](CC(=O)N=N[C@H](O)c3ccccc3)CC2=O)cc1,409.4420000000001,3.1167000000000016,119.63,2,5,0.649306184711902,0.75,1,1,0,0,O=C(CC1CC(=O)N(c2ccccc2)C1)N=NCc1ccccc1,['musk_activator_alphaC'],['MuSK'],1,1.0,0.0,0.0,0.2,0.7797918554135707,0.0,0.0,0.7797918554135707
O=C1OCC[C@H]2CON3C[C@H]4[C@H](O)Cc5c(C(=O)O)ccc6c5N4[C@@H](C1=C6)[C@@H]23,384.38800000000003,0.4348999999999998,99.53999999999999,2,7,0.6730572298195442,0.5,1,0,0,0,O=C1OCCC2CON3CC4CCc5cccc6c5N4C(C1=C6)C23,['musk_activator_alphaC'],['MuSK'],1,1.0,0.0,0.0,0.0,0.7519171689458632,0.0,0.0,0.7519171689458632
O=C(Nc1ccnc(-c2ccccc2)c1)c1cccc(NCCO)c1,333.39100000000013,3.405100000000001,74.25,3,4,0.6461886541018038,1.0,1,0,0,0,O=C(Nc1ccnc(-c2ccccc2)c1)c1ccccc1,['musk_activator_alphaC'],['MuSK'],1,1.0,0.0,0.0,0.0,0.8938565962305411,0.0,0.0,0.8938565962305411
O=C(NN=C(O)OCc1ccccc1)c1ccc(Cc2ccccc2)nc1,361.40100000000007,3.448000000000002,83.81,2,4,0.40010688601059746,1.0,1,0,0,0,O=C(NN=COCc1ccccc1)c1ccc(Cc2ccccc2)nc1,['musk_activator_alphaC'],['MuSK'],1,1.0,0.0,0.0,0.0,0.8200320658031792,0.0,0.0,0.8200320658031792
CC(C)CCCCCCNc1ccc2c(CCC(=O)O)cccc2c1,341.49500000000006,5.875400000000005,49.33,2,2,0.5020775152043678,0.75,0,0,0,0,c1ccc2ccccc2c1,['musk_activator_alphaC'],['MuSK'],1,1.0,0.0,0.0,0.0,0.5756232545613102,0.0,0.0,0.5756232545613102
c1ccc2c(c1)nc1c3c(ccnc32)-c2ccc(CN[C@@H]3CCNC3)cc2O1,368.4400000000001,4.007200000000003,59.07000000000001,2,5,0.4714053919570634,1.0,1,0,0,0,c1ccc2c(c1)nc1c3c(ccnc32)-c2ccc(CNC3CCNC3)cc2O1,['musk_activator_alphaC'],['MuSK'],1,1.0,0.0,0.0,0.0,0.841421617587119,0.0,0.0,0.841421617587119
C[C@@H]1[C@H]2C[C@@H](N(C)C)[C@H](O)[C@@H]2C(O)=C[C@H]1CC=C1C[C@@H](O)[C@]23CC[C@](C)(CC2)C[C@H]3[C@@H]1C,443.67200000000037,4.925200000000005,63.93000000000001,3,4,0.5415908782469581,0.75,1,0,0,0,C1=CC2CCCC2CC1CC=C1CCC23CCC(CC2)CC3C1,['musk_activator_alphaC'],['MuSK'],1,1.0,0.0,0.0,0.0,0.7874772634740874,0.0,0.0,0.7874772634740874
C[C@H]1C(=O)N(c2cccs2)CC(=O)N1c1n[nH]c2c1=CC=CC1=CC=CC=CC=21,402.4790000000001,1.7929,69.30000000000001,1,4,0.8328481051347566,1.0,1,0,0,0,O=C1CN(c2n[nH]c3c2=CC=CC2=CC=CC=CC=32)C(=O)CN1c1cccs1,['musk_activator_alphaC'],['MuSK'],1,1.0,0.0,0.0,0.0,0.9498544315404269,0.0,0.0,0.9498544315404269
CC1=CNC=C(N[C@@H](C)[C@@H](O)NCc2ccc(-c3cccc[nH+]3)cc2)C(C)=C1O,393.5110000000001,2.7342000000000004,90.69000000000001,5,5,0.46682457977322883,0.5,1,0,1,0,C1=CNC=C(NCCNCc2ccc(-c3cccc[nH+]3)cc2)C=C1,['musk_activator_alphaC'],['MuSK'],1,1.0,0.0,0.0,0.0,0.6900473739319687,0.0,0.0,0.6900473739319687
c1ccc([C@@H]2CCc3cc(CN4CCC[C@@H](n5cncn5)C4)ccc3O2)cc1,374.48800000000006,4.181500000000003,43.18000000000001,0,4,0.6870412775794762,1.0,1,0,0,0,c1ccc(C2CCc3cc(CN4CCCC(n5cncn5)C4)ccc3O2)cc1,['musk_activator_alphaC'],['MuSK'],1,1.0,0.0,0.0,0.0,0.9061123832738427,0.0,0.0,0.9061123832738427
C[C@@H](CN1CCCCC1)Nc1cccc(Cc2ccc(NC(=O)c3ccncc3)cc2)c1,428.5800000000001,5.211000000000005,57.26,2,4,0.5170330861334754,0.75,0,0,0,0,O=C(Nc1ccc(Cc2cccc(NCCN3CCCCC3)c2)cc1)c1ccncc1,['musk_activator_alphaC'],['MuSK'],1,1.0,0.0,0.0,0.0,0.5801099258400426,0.0,0.0,0.5801099258400426
O=C(Nc1cc(-c2nc(-c3ccc(O)cc3)no2)cs1)c1ccccc1,363.3980000000001,4.423000000000002,88.25,2,6,0.5601245891795816,1.0,1,0,0,0,O=C(Nc1cc(-c2nc(-c3ccccc3)no2)cs1)c1ccccc1,['musk_activator_alphaC'],['MuSK'],1,1.0,0.0,0.0,0.0,0.8680373767538745,0.0,0.0,0.8680373767538745
CC(C)(C)CNC(=O)[C@@H]1CN(c2ccccc2)C(=O)C[C@H]1N1CCCC1,357.4980000000002,2.666200000000001,52.650000000000006,1,3,0.9013080981783561,1.0,1,0,0,0,O=C1CC(N2CCCC2)CCN1c1ccccc1,['musk_activator_alphaC'],['MuSK'],1,1.0,0.0,0.0,0.0,0.9703924294535067,0.0,0.0,0.9703924294535067
O=C(Nc1cccc(Nc2cccnc2)c1)N1CCCc2ccccc21,344.41800000000006,4.8099000000000025,57.260000000000005,2,3,0.7167211511579369,0.75,1,0,0,0,O=C(Nc1cccc(Nc2cccnc2)c1)N1CCCc2ccccc21,['musk_activator_alphaC'],['MuSK'],1,1.0,0.0,0.0,0.0,0.840016345347381,0.0,0.0,0.840016345347381
C[C@@H](N[C@H](c1cccc[nH+]1)c1ccco1)c1cc(-c2cccs2)n[nH]1,351.455,3.985500000000002,67.99000000000001,2,4,0.5518893066631031,1.0,1,0,1,0,c1ccc(C(NCc2cc(-c3cccs3)n[nH]2)c2ccco2)[nH+]c1,['musk_activator_alphaC'],['MuSK'],1,1.0,0.0,0.0,0.0,0.8655667919989309,0.0,0.0,0.8655667919989309
Cc1cc(NC[C@H]2CCN(C)C2)cc2c1[C@H](c1ccccc1)[C@@H](C)C(=O)N2,363.50500000000005,4.078720000000003,44.370000000000005,2,3,0.8602791533817651,1.0,1,0,0,0,O=C1CC(c2ccccc2)c2ccc(NCC3CCNC3)cc2N1,['musk_activator_alphaC'],['MuSK'],1,1.0,0.0,0.0,0.0,0.9580837460145295,0.0,0.0,0.9580837460145295
CCCN1N=C2c3ccccc3N=C[C@@H]2N(c2ccc(Cn3cccn3)cc2)C1=O,398.47000000000014,4.072200000000003,66.09,0,4,0.6501538305793795,1.0,1,0,0,0,O=C1NN=C2c3ccccc3N=CC2N1c1ccc(Cn2cccn2)cc1,['musk_activator_alphaC'],['MuSK'],1,1.0,0.0,0.0,0.0,0.8950461491738138,0.0,0.0,0.8950461491738138
C[C@@H]1[C@@H](O)[C@H]2C3=C(Cc4ccccc42)C(=O)[C@H](C[C@H](C)O)[C@@H](C3)C[C@@H]1O,356.4620000000001,2.360600000000001,77.76,3,4,0.7601748875633528,1.0,1,0,0,0,O=C1CC2CCCCC3C(=C1Cc1ccccc13)C2,['musk_activator_alphaC'],['MuSK'],1,1.0,0.0,0.0,0.0,0.9280524662690057,0.0,0.0,0.9280524662690057
CN(C)c1ccc2c(c1)N1c3ccccc3C3=C(C(=O)O)CC(=C(O)C2=O)[C@@H]31,374.39600000000013,3.523200000000001,81.08000000000001,2,5,0.8371190104407426,1.0,1,0,0,0,O=C1C=C2CC=C3c4ccccc4N(c4ccccc41)C23,['musk_activator_alphaC'],['MuSK'],1,1.0,0.0,0.0,0.0,0.9511357031322227,0.0,0.0,0.9511357031322227
C[C@@H]1C(=O)[C@H](CC[C@H]2CCOc3ccccc32)C(=O)N1c1cccnc1,350.41800000000006,3.3485000000000023,59.50000000000001,0,4,0.7936402396324713,1.0,1,0,0,0,O=C1CN(c2cccnc2)C(=O)C1CCC1CCOc2ccccc21,['musk_activator_alphaC'],['MuSK'],1,1.0,0.0,0.0,0.0,0.9380920718897414,0.0,0.0,0.9380920718897414
O=C(Nc1ccc(-c2ccccc2)cc1)NC1(c2ccc3cnccc3c2)CC1,379.4630000000002,5.712600000000004,54.02,2,2,0.47689778509031044,0.75,0,0,0,0,O=C(Nc1ccc(-c2ccccc2)cc1)NC1(c2ccc3cnccc3c2)CC1,['musk_activator_alphaC'],['MuSK'],1,1.0,0.0,0.0,0.0,0.5680693355270932,0.0,0.0,0.5680693355270932
Cc1ccc(C(=O)N[C@@H](C)C(=O)N[C@H]2C(=O)N(CC3=C[N+](C)(C)CC3)C[C@@H]2C)cc1,413.54200000000026,1.440420000000001,78.51,2,3,0.6930301572299765,0.75,1,0,1,0,O=C(CNC(=O)c1ccccc1)NC1CCN(CC2=C[NH2+]CC2)C1=O,['musk_activator_alphaC'],['MuSK'],1,1.0,0.0,0.0,0.0,0.8329090471689928,0.0,0.0,0.8329090471689928
CN1CCN(CC(=O)Nc2ccc3c(c2)C=CC=C(c2ccccc2)N3)CC1,374.4880000000001,3.3523000000000014,47.61,2,4,0.8616627099242208,1.0,1,0,0,0,O=C(CN1CCNCC1)Nc1ccc2c(c1)C=CC=C(c1ccccc1)N2,['musk_activator_alphaC'],['MuSK'],1,1.0,0.0,0.0,0.0,0.9584988129772662,0.0,0.0,0.9584988129772662
C[n+]1nc(-c2cccc(C=CC(O)=CCc3ccccc3)c2)ccc(O)c1=O,373.4320000000001,3.3367000000000018,74.30000000000001,2,4,0.40866858080993584,1.0,1,0,1,0,O=c1cccc(-c2cccc(C=CC=CCc3ccccc3)c2)n[nH+]1,['musk_activator_alphaC'],['MuSK'],1,1.0,0.0,0.0,0.0,0.8226005742429807,0.0,0.0,0.8226005742429807
CN(C)c1cccc(C(=O)c2cc3cc(C(=O)C4=C(O)CC=CC4)ccc3cn2)c1,398.4620000000001,4.876600000000004,70.5,1,5,0.490082140348198,0.75,1,0,0,0,O=C(C1=CCC=CC1)c1ccc2cnc(C(=O)c3ccccc3)cc2c1,['musk_activator_alphaC'],['MuSK'],1,1.0,0.0,0.0,0.0,0.7720246421044594,0.0,0.0,0.7720246421044594
C[C@H](O)[C@@H](C)C1=CC2=C3[C@@H](CC[C@]3(C)C1)[C@@H](C)C(=O)CC[C@@H]2C,316.48500000000007,4.6814000000000044,37.3,1,2,0.8027652077599541,0.75,1,0,0,0,O=C1CCCC2=C3C(CC=C2)CCC3C1,['musk_activator_alphaC'],['MuSK'],1,1.0,0.0,0.0,0.0,0.8658295623279861,0.0,0.0,0.8658295623279861
C[C@]1(O)CC2=c3c(c4ccccc4n3C=C3[C@@H](c4ccccc4)C=CN3C2=O)=NC1=O,409.44500000000016,2.0446,74.9,1,3,0.6685189129964871,1.0,1,0,0,0,O=C1CCC2=c3c(c4ccccc4n3C=C3C(c4ccccc4)C=CN3C2=O)=N1,['musk_activator_alphaC'],['MuSK'],1,1.0,0.0,0.0,0.0,0.900555673898946,0.0,0.0,0.900555673898946
COc1ccc(C=C2Oc3cc4ccc5c(c4c(O)c3C2=O)C(=O)OC5)cc1O,390.3470000000002,3.546200000000002,102.29,2,7,0.5095597695936539,0.75,1,0,0,0,O=C1C(=Cc2ccccc2)Oc2cc3ccc4c(c3cc21)C(=O)OC4,['musk_activator_alphaC'],['MuSK'],1,1.0,0.0,0.0,0.0,0.777867930878096,0.0,0.0,0.777867930878096
O=C(NC=Cc1ccnc(-c2ccc(O)cc2)c1)c1ccn(Cc2cccnc2)c1,396.4500000000001,4.099700000000002,80.04,2,4,0.5142300094836678,1.0,1,0,0,0,O=C(NC=Cc1ccnc(-c2ccccc2)c1)c1ccn(Cc2cccnc2)c1,['musk_activator_alphaC'],['MuSK'],1,1.0,0.0,0.0,0.0,0.8542690028451003,0.0,0.0,0.8542690028451003
CN(C)CC1=NN=C(c2ccc(CCC(=O)Nc3ccccc3)cc2)C1,348.45000000000005,3.3683000000000014,57.06,1,4,0.8339365563727174,1.0,1,0,0,0,O=C(CCc1ccc(C2=NN=CC2)cc1)Nc1ccccc1,['musk_activator_alphaC'],['MuSK'],1,1.0,0.0,0.0,0.0,0.9501809669118151,0.0,0.0,0.9501809669118151
C[C@@H]1[C@@H](c2cccc3ccccc23)[C@@H](NC(=O)c2ccccc2)CN1C,344.4580000000001,4.055900000000002,32.34,1,2,0.7771283581515955,1.0,1,0,0,0,O=C(NC1CNCC1c1cccc2ccccc12)c1ccccc1,['musk_activator_alphaC'],['MuSK'],1,1.0,0.0,0.0,0.0,0.9331385074454785,0.0,0.0,0.9331385074454785
Cc1cccc(Oc2ccc(CN=C(CO)Cc3c[nH]c4ccccc4c3=O)cc2)c1,412.4890000000001,4.804820000000003,74.68,2,4,0.4281009481587791,0.75,1,0,0,0,O=c1c(CC=NCc2ccc(Oc3ccccc3)cc2)c[nH]c2ccccc12,['musk_activator_alphaC'],['MuSK'],1,1.0,0.0,0.0,0.0,0.7534302844476337,0.0,0.0,0.7534302844476337
O=C1N=c2ccccc2=[N+]1Cc1cccc2[nH]c(CCCc3ccccc3)cc12,380.4710000000001,3.7877000000000027,48.23,1,1,0.5085174679753405,1.0,1,0,1,0,O=C1N=c2ccccc2=[N+]1Cc1cccc2[nH]c(CCCc3ccccc3)cc12,['musk_activator_alphaC'],['MuSK'],1,1.0,0.0,0.0,0.0,0.852555240392602,0.0,0.0,0.852555240392602
CN(CCN1C[C@@H]2CCC[N@H+]2c2ccccc21)C(=O)c1c[nH]c(-c2ccccc2)c1,401.5340000000001,2.952700000000001,43.78,2,2,0.6904409939875676,1.0,1,0,1,0,O=C(NCCN1CC2CCC[NH+]2c2ccccc21)c1c[nH]c(-c2ccccc2)c1,['musk_activator_alphaC'],['MuSK'],1,1.0,0.0,0.0,0.0,0.9071322981962702,0.0,0.0,0.9071322981962702
Cc1[nH]c2ccc(Nc3ccc(-c4ccccc4)cc3)cc2c1CC[N+](C)(C)C,384.54700000000025,6.1356200000000065,27.82,2,1,0.38422696017090124,0.75,0,1,1,0,c1ccc(-c2ccc(Nc3ccc4[nH]ccc4c3)cc2)cc1,['musk_activator_alphaC'],['MuSK'],1,1.0,0.0,0.0,0.2,0.5002680880512704,0.0,0.0,0.5002680880512704
Cc1c(C=Cc2cccc(N3CCOCC3)c2)cc(Nc2ccc(F)cc2)n1C,391.49,5.223220000000005,29.43,1,3,0.646321410104121,0.75,0,0,0,0,C(=Cc1c[nH]c(Nc2ccccc2)c1)c1cccc(N2CCOCC2)c1,['musk_activator_alphaC'],['MuSK'],1,1.0,0.0,0.0,0.0,0.6188964230312364,0.0,0.0,0.6188964230312364
CCCCOc1cccc(NS(=O)(=O)[C@H](COC)c2nc(-c3ccc(C)cc3)co2)c1,444.55300000000017,4.958320000000005,90.66,1,6,0.4205442418400018,0.5,1,0,0,0,O=S(=O)(Cc1nc(-c2ccccc2)co1)Nc1ccccc1,['musk_activator_alphaC'],['MuSK'],1,1.0,0.0,0.0,0.0,0.6761632725520006,0.0,0.0,0.6761632725520006
Cc1ccc(NC(=O)NCC[C@@H](C)c2nc3c(ccc4c(=O)n(C)ccc43)o2)cc1,404.47000000000014,4.303420000000004,89.16000000000001,2,4,0.5188757251032493,1.0,1,0,0,0,O=C(NCCCc1nc2c(ccc3c(=O)[nH]ccc32)o1)Nc1ccccc1,['musk_activator_alphaC'],['MuSK'],1,1.0,0.0,0.0,0.0,0.8556627175309748,0.0,0.0,0.8556627175309748
C[C@H](NC(=O)N1CCC(O)(c2ccccc2)CC1)c1csc(-c2ccccc2)n1,407.5390000000001,4.564300000000004,65.46000000000001,2,4,0.6660782247272448,0.75,1,0,0,0,O=C(NCc1csc(-c2ccccc2)n1)N1CCC(c2ccccc2)CC1,['musk_activator_alphaC'],['MuSK'],1,1.0,0.0,0.0,0.0,0.8248234674181734,0.0,0.0,0.8248234674181734
O=C(Nc1cccc(N2CCCCC2=O)c1)N1CC[C@@H]2Nc3ccccc3C=C21,388.47100000000006,4.276300000000003,64.68,2,3,0.8072375119020138,1.0,1,0,0,0,O=C(Nc1cccc(N2CCCCC2=O)c1)N1CCC2Nc3ccccc3C=C21,['musk_activator_alphaC'],['MuSK'],1,1.0,0.0,0.0,0.0,0.9421712535706042,0.0,0.0,0.9421712535706042
Cc1ccc(OC[C@@H](CO)n2cc(C(=O)NCCCN(C)C)cn2)cc1,360.4580000000001,1.4854199999999995,79.62,2,5,0.6276795194742384,0.75,1,0,0,0,c1ccc(OCCn2cccn2)cc1,['musk_activator_alphaC'],['MuSK'],1,1.0,0.0,0.0,0.0,0.8133038558422714,0.0,0.0,0.8133038558422714
Cc1nc2cc([N+](=O)O)ccc2c2c1C(=O)c1c(c(=O)oc3ccccc13)C2,373.3440000000001,3.5844200000000015,100.48,1,5,0.3559822310118329,0.75,1,0,1,0,O=C1c2cnc3ccccc3c2Cc2c1c1ccccc1oc2=O,['musk_activator_alphaC'],['MuSK'],1,1.0,0.0,0.0,0.0,0.7317946693035497,0.0,0.0,0.7317946693035497
CC(Nc1nnc(-c2ccccc2)o1)=C1CN(c2ccccc2)[C@H](CO)C1=O,376.4160000000001,2.8727000000000014,91.49000000000001,2,7,0.6616879023226137,0.75,1,0,0,0,O=C1CN(c2ccccc2)CC1=CNc1nnc(-c2ccccc2)o1,['musk_activator_alphaC'],['MuSK'],1,1.0,0.0,0.0,0.0,0.823506370696784,0.0,0.0,0.823506370696784
Cc1cccc(CCCC2CC(=O)[C@@H](C3=C(O)C[C@H](C(=O)O)[C@@H](O)C3)C2=O)c1,386.44400000000013,2.759620000000001,111.9,3,5,0.6483262814657133,0.75,1,0,0,0,O=C1CC(CCCc2ccccc2)C(=O)C1C1=CCCCC1,['musk_activator_alphaC'],['MuSK'],1,1.0,0.0,0.0,0.0,0.8194978844397138,0.0,0.0,0.8194978844397138
CN(C)C[C@H]1CCC(=O)N(CCCc2ccc(-c3ccccc3)cc2)C1,350.50600000000003,4.086400000000003,23.550000000000004,0,2,0.7508967439173403,1.0,1,0,0,0,O=C1CCCCN1CCCc1ccc(-c2ccccc2)cc1,['musk_activator_alphaC'],['MuSK'],1,1.0,0.0,0.0,0.0,0.9252690231752021,0.0,0.0,0.9252690231752021
O=C(O)c1cccc(NC(=O)c2csc(-c3ccc(C=Cc4ccccc4)s3)n2)c1,432.52600000000007,5.992500000000003,79.29,2,5,0.39202553921282224,0.75,0,0,0,0,O=C(Nc1ccccc1)c1csc(-c2ccc(C=Cc3ccccc3)s2)n1,['musk_activator_alphaC'],['MuSK'],1,1.0,0.0,0.0,0.0,0.5426076617638467,0.0,0.0,0.5426076617638467
C/C(=N\C(=O)COc1ccccc1)c1cccc(CN2C=CC=COC=CC=N2)c1,401.46600000000007,4.460300000000005,63.489999999999995,0,5,0.6706411055073048,1.0,1,0,0,0,O=C(COc1ccccc1)N=Cc1cccc(CN2C=CC=COC=CC=N2)c1,['musk_activator_alphaC'],['MuSK'],1,1.0,0.0,0.0,0.0,0.9011923316521915,0.0,0.0,0.9011923316521915
CCCCOc1ccccc1C(O)=Nc1ccc(-c2ccc(C)cc2)cc1,359.46900000000005,6.477220000000006,41.82,1,2,0.2979927169791022,0.75,0,0,0,0,C(=Nc1ccc(-c2ccccc2)cc1)c1ccccc1,['musk_activator_alphaC'],['MuSK'],1,1.0,0.0,0.0,0.0,0.5143978150937307,0.0,0.0,0.5143978150937307
CC[C@H](CN=C(N)c1ccccc1)NCc1ccc(OC)cc1,311.4290000000001,2.9689000000000014,59.64,2,3,0.5818746773293951,1.0,1,0,0,0,C(=NCCNCc1ccccc1)c1ccccc1,['musk_activator_alphaC'],['MuSK'],1,1.0,0.0,0.0,0.0,0.8745624031988184,0.0,0.0,0.8745624031988184
CC(C)(COc1cccc(-c2ccccn2)n1)NC(=O)OC1CCNCC1,370.4530000000002,2.7792000000000003,85.37000000000002,2,6,0.8132731907041648,1.0,1,0,0,0,O=C(NCCOc1cccc(-c2ccccn2)n1)OC1CCNCC1,['musk_activator_alphaC'],['MuSK'],1,1.0,0.0,0.0,0.0,0.9439819572112493,0.0,0.0,0.9439819572112493
CN(C)CCCc1ccc(O)c(CCCCCCCCc2ccc(C(N)=O)cc2)c1,410.60200000000015,5.111100000000005,66.56,2,3,0.42529621056402006,0.75,0,0,0,0,c1ccc(CCCCCCCCc2ccccc2)cc1,['musk_activator_alphaC'],['MuSK'],1,1.0,0.0,0.0,0.0,0.552588863169206,0.0,0.0,0.552588863169206
C[C@@H]1c2cc3ccccc3nc2[C@@H](C)[C@H]2C[C@@H]3CCCCC(=O)[C@@H]3CC[C@H]21,361.52900000000017,6.247200000000005,29.96,0,2,0.5551350491238177,0.75,0,0,0,0,O=C1CCCCC2CC3Cc4nc5ccccc5cc4CC3CCC12,['musk_activator_alphaC'],['MuSK'],1,1.0,0.0,0.0,0.0,0.5915405147371453,0.0,0.0,0.5915405147371453
CCOc1cccc(CN=C2C[C@H](O)[C@@H]3C(=O)N(c4cccc([N+](=O)[O-])c4)[C@@H]4C[C@]34C2)c1,435.4800000000002,3.510900000000002,105.27000000000001,1,6,0.5521713836311822,0.75,1,0,1,1,O=C1C2CCC(=NCc3ccccc3)CC23CC3N1c1ccccc1,['musk_activator_alphaC'],['MuSK'],1,1.0,0.0,0.0,0.0,0.7906514150893547,0.0,0.0,0.7906514150893547
C[C@@H]1C=C(O)Cc2cc3c4cc5c(O)nc6ccccc6[nH+]c5cc4[n+](C)c3cc21,395.46200000000016,4.140100000000002,71.37,2,3,0.38723860269308025,1.0,1,0,1,0,C1=CCc2cc3c(cc2C1)[nH+]c1cc2[nH+]c4ccccc4ncc2cc13,['musk_activator_alphaC'],['MuSK'],1,1.0,0.0,0.0,0.0,0.816171580807924,0.0,0.0,0.816171580807924
C.O=C(O)c1cccc2c1[C@H]1C=CCC=C[C@@H]1C2=O.OCc1cccnc1,365.4290000000001,4.007000000000002,87.49,2,4,0.7853902252768531,1.0,1,0,0,0,O=C1c2ccccc2C2C=CCC=CC12.c1ccncc1,['musk_activator_alphaC'],['MuSK'],1,1.0,0.0,0.0,0.0,0.935617067583056,0.0,0.0,0.935617067583056
CC(=O)NN(c1ccc2n[nH]cc2c1)c1ncc(-c2c[nH+]n(CCCN)c2)c[nH+]1,393.45500000000015,0.5926000000000009,133.14,3,5,0.39533334078309906,0.5,1,0,1,0,c1cc2n[nH]cc2cc1Nc1ncc(-c2c[nH][nH+]c2)c[nH+]1,['musk_activator_alphaC'],['MuSK'],1,1.0,0.0,0.0,0.0,0.6686000022349297,0.0,0.0,0.6686000022349297
CCCCn1c2ncsc2c2cc3ccc(OCc4ccccc4)cc3c(O)c21,402.5190000000001,6.488900000000006,47.28,1,4,0.35307586179844147,0.75,0,0,0,0,c1ccc(COc2ccc3cc4c(cc3c2)[nH]c2ncsc24)cc1,['musk_activator_alphaC'],['MuSK'],1,1.0,0.0,0.0,0.0,0.5309227585395324,0.0,0.0,0.5309227585395324
c1ccc(C2=NC(N3CCCCC3)=C3C2=[S+]c2ccccc23)cc1,331.464,3.9715000000000034,15.6,0,2,0.6004103051454125,1.0,1,1,1,0,c1ccc(C2=NC(N3CCCCC3)=C3C2=[S+]c2ccccc23)cc1,['musk_activator_alphaC'],['MuSK'],1,1.0,0.0,0.0,0.2,0.8401230915436239,0.0,0.0,0.8401230915436239
CC(C)[SH](=O)(O)CCCn1ccc2c3ccc(NC(=O)N(C)C)cc3oc(=O)c21,421.5190000000002,3.1294000000000013,104.78,3,4,0.41895240256162886,0.75,1,0,0,0,O=c1oc2ccccc2c2cc[nH]c12,['musk_activator_alphaC'],['MuSK'],1,1.0,0.0,0.0,0.0,0.7506857207684887,0.0,0.0,0.7506857207684887
CC[C@H](NCC[C@@H](C)[C@H](C(=O)NCCN1CCCC1)C(=O)OC)[C@@H](O)N(C)O,402.5360000000001,0.021400000000003694,114.37,4,8,0.14756739146527403,0.25,1,0,0,0,C1CCNC1,['musk_activator_alphaC'],['MuSK'],1,1.0,0.0,0.0,0.0,0.5192702174395822,0.0,0.0,0.5192702174395822
Cc1cc(Cc2cccc(NCc3cccc(Nc4cccc[nH+]4)[nH+]3)[nH+]2)c(C)[nH]1,387.511,3.020340000000001,82.27000000000001,3,2,0.4555055147890001,1.0,1,0,1,0,c1ccc(Nc2cccc(CNc3cccc(Cc4cc[nH]c4)[nH+]3)[nH+]2)[nH+]c1,['musk_activator_alphaC'],['MuSK'],1,1.0,0.0,0.0,0.0,0.8366516544367,0.0,0.0,0.8366516544367
COc1ccc(CNC(=O)c2cc(-c3nc(C)c(C)cc3C)ccn2)cc1,361.44500000000005,4.007460000000003,64.11,1,4,0.7457538317938412,1.0,1,0,0,0,O=C(NCc1ccccc1)c1cc(-c2ccccn2)ccn1,['musk_activator_alphaC'],['MuSK'],1,1.0,0.0,0.0,0.0,0.9237261495381524,0.0,0.0,0.9237261495381524
CC(C)(C)CN1C(=O)[C@@H]2[C@H]1c1ccccc1C(=O)N2c1ccccc1,334.41900000000004,3.645000000000003,40.620000000000005,0,2,0.7867816633115474,1.0,1,0,0,0,O=C1NC2c3ccccc3C(=O)N(c3ccccc3)C12,['musk_activator_alphaC'],['MuSK'],1,1.0,0.0,0.0,0.0,0.9360344989934641,0.0,0.0,0.9360344989934641
CN(C(=O)c1cnc2ccc(OCc3ccccc3)cc2c1)[C@H]1CCCN(C(C)(C)C)C1,431.5800000000003,5.148700000000004,45.67000000000001,0,4,0.5605462156863724,0.75,0,0,0,0,O=C(NC1CCCNC1)c1cnc2ccc(OCc3ccccc3)cc2c1,['musk_activator_alphaC'],['MuSK'],1,1.0,0.0,0.0,0.0,0.5931638647059116,0.0,0.0,0.5931638647059116
Oc1ccc(N2CCCNCC2)c(-c2ccccc2)c1CCc1ccccc1,372.51200000000017,4.6441000000000034,35.5,2,3,0.6845878966791178,0.75,1,0,0,0,c1ccc(CCc2cccc(N3CCCNCC3)c2-c2ccccc2)cc1,['musk_activator_alphaC'],['MuSK'],1,1.0,0.0,0.0,0.0,0.8303763690037353,0.0,0.0,0.8303763690037353
CC(CCCc1cnc[nH]1)=Nc1ccc2cc(C(=O)NC(C)C)ccc2c1,362.4770000000001,4.816400000000004,70.14,2,3,0.5918177088284181,0.75,1,0,0,0,C(CCCc1cnc[nH]1)=Nc1ccc2ccccc2c1,['musk_activator_alphaC'],['MuSK'],1,1.0,0.0,0.0,0.0,0.8025453126485254,0.0,0.0,0.8025453126485254
Cc1ccc(NC(=O)c2cccn2-c2ccc3ccccc3c2)c(C)c1,340.4260000000001,5.499640000000004,34.03,1,1,0.5248386613681082,0.75,0,0,0,0,O=C(Nc1ccccc1)c1cccn1-c1ccc2ccccc2c1,['musk_activator_alphaC'],['MuSK'],1,1.0,0.0,0.0,0.0,0.5824515984104324,0.0,0.0,0.5824515984104324
Cc1ccc(-c2ccccc2C(=O)O)cc1C(O)=Nc1ccccc1,331.37100000000004,4.996520000000003,69.89,2,2,0.5220993402438936,0.75,1,0,0,0,C(=Nc1ccccc1)c1cccc(-c2ccccc2)c1,['musk_activator_alphaC'],['MuSK'],1,1.0,0.0,0.0,0.0,0.781629802073168,0.0,0.0,0.781629802073168
OC(CCc1cccc(-c2ccccc2)n1)=NCc1cccccnccc1,369.468,5.357300000000004,58.370000000000005,1,3,0.47009368716965266,0.75,0,0,0,0,C(CCc1cccc(-c2ccccc2)n1)=NCc1cccccnccc1,['musk_activator_alphaC'],['MuSK'],1,1.0,0.0,0.0,0.0,0.5660281061508958,0.0,0.0,0.5660281061508958
C[C@H]1CCN(c2ccc(NC(=O)C[C@H]3CC[C@H]4[C@@H]5C[C@](C)(C[C@H]4N)[C@H](C)C(=O)[C@@H]35)nc2)C1,438.6160000000002,3.861200000000002,88.32000000000001,2,5,0.7451752043489799,1.0,1,0,0,0,O=C(CC1CCC2CCC3CC(=O)C1C2C3)Nc1ccc(N2CCCC2)cn1,['musk_activator_alphaC'],['MuSK'],1,1.0,0.0,0.0,0.0,0.923552561304694,0.0,0.0,0.923552561304694
CCCCCOc1cccc(C(=O)NCC2=[N+](CC)C(=O)c3ccccc32)c1,379.4800000000001,3.6609000000000025,58.41,1,3,0.5342948854649489,1.0,1,0,1,0,O=C(NCC1=[NH+]C(=O)c2ccccc21)c1ccccc1,['musk_activator_alphaC'],['MuSK'],1,1.0,0.0,0.0,0.0,0.8602884656394847,0.0,0.0,0.8602884656394847
CC(C)CC1=C(O)C(=O)C(=CN(C)C)[C@@H](O)c2c1ccc1ccccc21,351.446,4.216600000000003,60.769999999999996,2,4,0.8131360226204882,1.0,1,0,0,0,C=C1Cc2c(ccc3ccccc23)C=CC1=O,['musk_activator_alphaC'],['MuSK'],1,1.0,0.0,0.0,0.0,0.9439408067861463,0.0,0.0,0.9439408067861463
O=C1N[C@@H](c2ccc(O)cc2)C(=O)C2=C1[C@@H](CCCN1CCCCC1)C(=O)N=C2O,411.45800000000025,1.8077999999999999,119.30000000000001,3,5,0.6798508721034795,0.75,1,0,0,0,O=C1NC(c2ccccc2)C(=O)C2=C1C(CCCN1CCCCC1)C(=O)N=C2,['musk_activator_alphaC'],['MuSK'],1,1.0,0.0,0.0,0.0,0.8289552616310438,0.0,0.0,0.8289552616310438
Cc1nc2c(CO)cccc2n1C1=CC=C2C(=CC(C(=O)O)=C2N)C1=O,349.3460000000001,1.4244199999999998,118.44,3,5,0.7711770731954695,0.5,1,0,0,0,O=C1C2=CC=CC2=CC=C1n1cnc2ccccc21,['musk_activator_alphaC'],['MuSK'],1,1.0,0.0,0.0,0.0,0.7813531219586407,0.0,0.0,0.7813531219586407
O=C(N[C@H](C(=O)O)c1ccccc1)c1ccc(CN2CCCNCC2)nc1,368.4370000000002,1.4325999999999994,94.56,3,5,0.7141466921689197,0.5,1,0,0,0,O=C(NCc1ccccc1)c1ccc(CN2CCCNCC2)nc1,['musk_activator_alphaC'],['MuSK'],1,1.0,0.0,0.0,0.0,0.7642440076506758,0.0,0.0,0.7642440076506758
CC1(C)CCc2ccc3c(c(O)c2CC1)c1cccc2c4ccccc4[n+]3c21,366.4840000000001,5.933300000000006,24.33,1,1,0.2663776700712911,0.75,0,0,1,0,c1ccc2c(c1)c1cccc3c4cc5c(ccc4[n+]2c13)CCCCC5,['musk_activator_alphaC'],['MuSK'],1,1.0,0.0,0.0,0.0,0.5049133010213873,0.0,0.0,0.5049133010213873
CC[C@@H](C)CCNC(=O)COC(=O)C1=NN(CCc2ccccc2)C(=O)C1,373.4530000000001,1.9129999999999994,88.07,1,5,0.6347668244702989,1.0,1,0,0,0,O=C1CC=NN1CCc1ccccc1,['musk_activator_alphaC'],['MuSK'],1,1.0,0.0,0.0,0.0,0.8904300473410895,0.0,0.0,0.8904300473410895
c1ccc(C[C@H](CCN2CCC[C@H](N3CCc4ccccc43)C2)c2ccco2)cc1,400.5660000000001,5.523100000000006,19.62,0,3,0.5203274970897441,0.75,0,0,0,0,c1ccc(CC(CCN2CCCC(N3CCc4ccccc43)C2)c2ccco2)cc1,['musk_activator_alphaC'],['MuSK'],1,1.0,0.0,0.0,0.0,0.5810982491269232,0.0,0.0,0.5810982491269232
Cc1cc(C(=O)NCCC(=O)N[C@H](C)Cc2ccccc2)ccc1OCCCN(C)C,425.57300000000026,3.192820000000001,70.67,2,4,0.5125690918461044,1.0,1,0,0,0,O=C(CCNC(=O)c1ccccc1)NCCc1ccccc1,['musk_activator_alphaC'],['MuSK'],1,1.0,0.0,0.0,0.0,0.8537707275538313,0.0,0.0,0.8537707275538313
Cc1ccc(COc2ccc(Nc3nc[nH]c3Nc3cccc[nH+]3)cc2)cc1,372.45200000000006,4.598420000000002,76.11,3,4,0.44313323463162674,0.75,1,0,1,0,c1ccc(COc2ccc(Nc3nc[nH]c3Nc3cccc[nH+]3)cc2)cc1,['musk_activator_alphaC'],['MuSK'],1,1.0,0.0,0.0,0.0,0.757939970389488,0.0,0.0,0.757939970389488
COC(=O)c1ccc2[nH]cc(NC(=O)c3ccc(N4CCCC4)cc3)c2c1,363.4170000000002,3.807000000000002,74.42999999999999,2,4,0.691491537230157,1.0,1,0,0,0,O=C(Nc1c[nH]c2ccccc12)c1ccc(N2CCCC2)cc1,['musk_activator_alphaC'],['MuSK'],1,1.0,0.0,0.0,0.0,0.9074474611690471,0.0,0.0,0.9074474611690471
CN1CCN(C[C@@H]2C[C@H](N3CC[C@H]4C[C@H]5C(=CC[C@@H]6CCCC[C@H]65)[C@@H]4C3=O)CN2C)CC1,440.67600000000033,2.927600000000001,30.03,0,4,0.6315040990454656,1.0,1,0,0,0,O=C1C2C3=CCC4CCCCC4C3CC2CCN1C1CNC(CN2CCNCC2)C1,['musk_activator_alphaC'],['MuSK'],1,1.0,0.0,0.0,0.0,0.8894512297136397,0.0,0.0,0.8894512297136397
NC(=O)[C@@H](CCCC(=O)O)NC(=O)Nc1ccc(Nc2ncc(N)cn2)cc1,387.4000000000001,1.0326999999999993,185.35000000000002,6,7,0.36801782513460585,0.25,0,0,0,0,c1ccc(Nc2ncccn2)cc1,['musk_activator_alphaC'],['MuSK'],1,1.0,0.0,0.0,0.0,0.38540534754038175,0.0,0.0,0.38540534754038175
Cc1cnc(Nc2cc(C(=O)NC3=NC4=C(CC[C@H](O)C4)C3)ccc2O)s1,384.46100000000007,3.2316200000000017,106.84,4,7,0.607998354112951,0.5,1,0,0,0,O=C(NC1=NC2=C(CCCC2)C1)c1cccc(Nc2nccs2)c1,['musk_activator_alphaC'],['MuSK'],1,1.0,0.0,0.0,0.0,0.7323995062338853,0.0,0.0,0.7323995062338853
Cc1ccc(C)c(-c2nccc(SC[C@H](N)Cc3ccccc3)n2)c1,349.50300000000004,4.422540000000002,51.8,1,4,0.5284788801958539,1.0,1,0,0,0,c1ccc(CCCSc2ccnc(-c3ccccc3)n2)cc1,['musk_activator_alphaC'],['MuSK'],1,1.0,0.0,0.0,0.0,0.858543664058756,0.0,0.0,0.858543664058756
O=C(c1cccc(-c2ccc(F)cc2)c1)N1CCCCN(C[C@H](O)Cc2ccccc2)CC1,446.5660000000002,4.634300000000004,43.78,1,3,0.6002806266249715,0.75,1,0,0,0,O=C(c1cccc(-c2ccccc2)c1)N1CCCCN(CCCc2ccccc2)CC1,['musk_activator_alphaC'],['MuSK'],1,1.0,0.0,0.0,0.0,0.8050841879874915,0.0,0.0,0.8050841879874915
O=C(CCC(=O)c1ccccc1)Nc1ccc(C(=O)N2CCCCC2)cc1,364.4450000000002,3.9143000000000034,66.48,1,3,0.7903484548904662,1.0,1,0,0,0,O=C(CCC(=O)c1ccccc1)Nc1ccc(C(=O)N2CCCCC2)cc1,['musk_activator_alphaC'],['MuSK'],1,1.0,0.0,0.0,0.0,0.9371045364671398,0.0,0.0,0.9371045364671398
COc1cc(-c2ccc(C(=O)NC(=O)c3ccccc3N3CCCC3)o2)ccc1O,406.4380000000003,3.831200000000003,92.01,2,6,0.6259080608956232,0.75,1,0,0,0,O=C(NC(=O)c1ccccc1N1CCCC1)c1ccc(-c2ccccc2)o1,['musk_activator_alphaC'],['MuSK'],1,1.0,0.0,0.0,0.0,0.8127724182686868,0.0,0.0,0.8127724182686868
CCc1csc(NC(=O)Nc2nonc2C(=O)Nc2ccccc2O)n1,374.38200000000006,2.6904,142.26999999999998,4,8,0.5028394293931071,0.5,1,0,0,0,O=C(Nc1nccs1)Nc1nonc1C(=O)Nc1ccccc1,['musk_activator_alphaC'],['MuSK'],1,1.0,0.0,0.0,0.0,0.7008518288179322,0.0,0.0,0.7008518288179322
CCOc1ccc(NC(=O)Nc2cc(-c3cc4cnn(C)c4s3)ccc2C)cc1,406.51100000000014,5.652920000000004,68.18,2,4,0.4497418003594908,0.75,0,0,0,0,O=C(Nc1ccccc1)Nc1cccc(-c2cc3cn[nH]c3s2)c1,['musk_activator_alphaC'],['MuSK'],1,1.0,0.0,0.0,0.0,0.5599225401078471,0.0,0.0,0.5599225401078471
CC(=O)c1nn(-c2cccc(-c3cc(-c4cccc(C)c4)ncn3)c2)nc1C,369.4280000000001,4.210740000000003,73.56,0,5,0.5038692801050939,1.0,1,0,0,0,c1ccc(-c2cc(-c3cccc(-n4nccn4)c3)ncn2)cc1,['musk_activator_alphaC'],['MuSK'],1,1.0,0.0,0.0,0.0,0.8511607840315281,0.0,0.0,0.8511607840315281
Cc1cc2c(c3cc(-c4ccccc4)ccc13)C(=O)NC[C@H]2N1CCCCC1,370.49600000000027,5.085620000000005,32.34,1,2,0.6817141076416708,0.75,0,0,0,0,O=C1NCC(N2CCCCC2)c2ccc3ccc(-c4ccccc4)cc3c21,['musk_activator_alphaC'],['MuSK'],1,1.0,0.0,0.0,0.0,0.6295142322925011,0.0,0.0,0.6295142322925011
CC(=O)NCCNC(=O)c1c[nH]c(-c2ccc3cc(N)ccc3c2F)c1,354.3850000000001,2.4221000000000004,100.01,4,3,0.4181043312533888,0.5,1,0,0,0,c1c[nH]c(-c2ccc3ccccc3c2)c1,['musk_activator_alphaC'],['MuSK'],1,1.0,0.0,0.0,0.0,0.6754312993760166,0.0,0.0,0.6754312993760166
CNC(=O)c1ccc(Oc2cc(F)c3c(c2OC)[C@H](N(C)C)[C@@H]2CCC[C@H]32)nc1,399.4660000000001,3.8812000000000033,63.690000000000005,1,5,0.8266961679820376,1.0,1,0,0,0,c1ccc(Oc2ccc3c(c2)CC2CCCC32)nc1,['musk_activator_alphaC'],['MuSK'],1,1.0,0.0,0.0,0.0,0.9480088503946111,0.0,0.0,0.9480088503946111
CN(C)Cc1cccc(F)c1CN1CC[C@H](c2cccc(-c3ccc(O)cc3)c2)C1,404.52900000000005,5.249400000000006,26.71,1,3,0.6078890249677259,0.75,0,0,0,0,c1ccc(CN2CCC(c3cccc(-c4ccccc4)c3)C2)cc1,['musk_activator_alphaC'],['MuSK'],1,1.0,0.0,0.0,0.0,0.6073667074903177,0.0,0.0,0.6073667074903177
Cc1cn(C[N+](C)(C)CCO)nc1N1C=NC2=CC3=C(C=CC2=C1)OCO3,370.43300000000016,1.61952,72.11,1,6,0.7977659594603169,1.0,1,0,1,0,C1=CC2=C(C=C3N=CN(c4cc[nH]n4)C=C13)OCO2,['musk_activator_alphaC'],['MuSK'],1,1.0,0.0,0.0,0.0,0.9393297878380951,0.0,0.0,0.9393297878380951
O=S(=O)(c1ccc2ccccc2n1)N1CCSc2nc(-c3ccncc3)nnc2CC1,450.5490000000002,2.820900000000001,101.83000000000001,0,8,0.469555264223561,0.5,1,0,0,0,O=S(=O)(c1ccc2ccccc2n1)N1CCSc2nc(-c3ccncc3)nnc2CC1,['musk_activator_alphaC'],['MuSK'],1,1.0,0.0,0.0,0.0,0.6908665792670683,0.0,0.0,0.6908665792670683
CCCCC1=C(C(=O)N=C[C@H](CNC)c2ccc(F)cc2)C(=O)[C@@H]2C[C@H](C)CN2C1=O,427.52000000000027,3.0326000000000013,78.84,1,4,0.5109653852847645,1.0,1,0,0,0,O=C(N=CCc1ccccc1)C1=CC(=O)N2CCCC2C1=O,['musk_activator_alphaC'],['MuSK'],1,1.0,0.0,0.0,0.0,0.8532896155854293,0.0,0.0,0.8532896155854293
O=c1[nH]cnc2c(-c3ccccc3)ccc(NCCCc3ccccc3)c12,355.4410000000001,4.634800000000004,57.78,2,3,0.49566765174617716,0.75,1,0,0,0,O=c1[nH]cnc2c(-c3ccccc3)ccc(NCCCc3ccccc3)c12,['musk_activator_alphaC'],['MuSK'],1,1.0,0.0,0.0,0.0,0.773700295523853,0.0,0.0,0.773700295523853
COc1ccc2c(c1)N(C)c1cc3[nH]c4[nH+]c(C)ccc4c3cc1C(=O)N2,359.4090000000001,3.785820000000001,71.5,2,3,0.5431590507411732,1.0,1,0,1,0,O=C1Nc2ccccc2Nc2cc3[nH]c4[nH+]cccc4c3cc21,['musk_activator_alphaC'],['MuSK'],1,1.0,0.0,0.0,0.0,0.8629477152223519,0.0,0.0,0.8629477152223519
CC(C)CC1=C2CC[C@@H]3[C@H]4CC(C(=O)O)=C[C@H]4C[C@@H]4CC[C@](C)(C1=O)[C@@H]2[C@H]43,368.51700000000017,5.0213000000000045,54.37,1,2,0.7607030789989111,0.75,0,0,0,0,O=C1C=C2CCC3C4CC=CC4CC4CCC1C2C43,['musk_activator_alphaC'],['MuSK'],1,1.0,0.0,0.0,0.0,0.6532109236996733,0.0,0.0,0.6532109236996733
CC1=CN=C2C=CC(C(=O)NCC(=O)NCC3CCCCCC3)=CC=C2N1,368.48100000000017,2.4748,82.59,3,4,0.6521308192024258,1.0,1,1,0,0,O=C(CNC(=O)C1=CC=C2NC=CN=C2C=C1)NCC1CCCCCC1,['musk_activator_alphaC'],['MuSK'],1,1.0,0.0,0.0,0.2,0.8556392457607277,0.0,0.0,0.8556392457607277
CN(C)CCN(CCCc1ccccc1)C(O)=NCCCc1ccccc1,367.5370000000002,4.029600000000003,39.07,1,2,0.37020120258586753,1.0,1,0,0,0,C(=NCCCc1ccccc1)NCCCc1ccccc1,['musk_activator_alphaC'],['MuSK'],1,1.0,0.0,0.0,0.0,0.8110603607757603,0.0,0.0,0.8110603607757603
CCCCCCCCCCCC(=O)Nc1cc[n+](Cc2ccccc2)cc1C,381.5840000000001,6.190220000000006,32.980000000000004,1,1,0.32554113584019445,0.75,0,0,1,0,c1ccc(C[n+]2ccccc2)cc1,['musk_activator_alphaC'],['MuSK'],1,1.0,0.0,0.0,0.0,0.5226623407520583,0.0,0.0,0.5226623407520583
CCN(CC1=CCCCC1)c1ccc(N=C(N)c2cc3ccccc3nc2C)s1,404.5830000000001,5.968420000000005,54.51,1,4,0.312810762878929,0.75,0,0,0,0,C(=Nc1ccc(NCC2=CCCCC2)s1)c1cnc2ccccc2c1,['musk_activator_alphaC'],['MuSK'],1,1.0,0.0,0.0,0.0,0.5188432288636786,0.0,0.0,0.5188432288636786
COc1cccc(Nc2c3nc4ccc(OC)cc4cc3nn2C)c1,334.379,3.8823000000000016,61.199999999999996,1,5,0.613508061152802,1.0,1,0,0,0,c1ccc(Nc2[nH]nc3cc4ccccc4nc23)cc1,['musk_activator_alphaC'],['MuSK'],1,1.0,0.0,0.0,0.0,0.8840524183458405,0.0,0.0,0.8840524183458405
CC1=C2C[C@@]3(C)CCCC[C@H]3[C@@H]2[C@H]2CC(=C[C@H]3O[C@H](O)C[C@@H](O)[C@@H]3O)[C@H](O)C[C@@H]2C1,418.5740000000002,3.0656000000000008,90.15,4,5,0.49157366762063315,0.5,1,0,0,0,C(=C1CCC2CC=C3CC4CCCCC4C3C2C1)C1CCCCO1,['musk_activator_alphaC'],['MuSK'],1,1.0,0.0,0.0,0.0,0.6974721002861899,0.0,0.0,0.6974721002861899
C[C@H](CCN(C)C)Nc1nc2ccccc2c2cc(C(=O)N(C)C)ccc12,364.4930000000001,3.8419000000000025,48.470000000000006,1,4,0.6752841968916707,1.0,1,0,0,0,c1ccc2c(c1)cnc1ccccc12,['musk_activator_alphaC'],['MuSK'],1,1.0,0.0,0.0,0.0,0.9025852590675012,0.0,0.0,0.9025852590675012
COc1ccc(C(=O)N[C@@H]2CC[C@H](C(=O)Nc3ccccc3C)[C@@H](C)C2)cc1C,394.51500000000016,4.485340000000003,67.42999999999999,2,3,0.785365271430105,1.0,1,0,0,0,O=C(NC1CCC(C(=O)Nc2ccccc2)CC1)c1ccccc1,['musk_activator_alphaC'],['MuSK'],1,1.0,0.0,0.0,0.0,0.9356095814290315,0.0,0.0,0.9356095814290315
c1ccc(CCN2CCN(CCc3nc(-c4ccccc4)co3)CC2)cc1,361.4890000000001,3.7444000000000024,32.510000000000005,0,4,0.6416484552959184,1.0,1,0,0,0,c1ccc(CCN2CCN(CCc3nc(-c4ccccc4)co3)CC2)cc1,['musk_activator_alphaC'],['MuSK'],1,1.0,0.0,0.0,0.0,0.8924945365887755,0.0,0.0,0.8924945365887755
c1ccc(CNCCn2ccc(Cc3ccccc3)c2)cc1,290.41,3.868700000000003,16.96,1,1,0.6536605329636673,1.0,1,0,0,0,c1ccc(CNCCn2ccc(Cc3ccccc3)c2)cc1,['musk_activator_alphaC'],['MuSK'],1,1.0,0.0,0.0,0.0,0.8960981598891002,0.0,0.0,0.8960981598891002
C[C@H](CC(=O)c1ccc(CCc2ccccc2)c2n[nH]cc12)Cc1cc(O)cc[nH+]1,400.50200000000007,4.319400000000003,80.12,2,3,0.4323708885519914,1.0,1,0,1,0,O=C(CCCc1cccc[nH+]1)c1ccc(CCc2ccccc2)c2n[nH]cc12,['musk_activator_alphaC'],['MuSK'],1,1.0,0.0,0.0,0.0,0.8297112665655975,0.0,0.0,0.8297112665655975
CCCC[C@H]1CCN(C(=O)CN2C[C@H](C(=O)Nc3ccccc3)CC2=O)C1,371.4810000000001,2.5123000000000006,69.72,1,3,0.8006218207867584,1.0,1,0,0,0,O=C(Nc1ccccc1)C1CC(=O)N(CC(=O)N2CCCC2)C1,['musk_activator_alphaC'],['MuSK'],1,1.0,0.0,0.0,0.0,0.9401865462360275,0.0,0.0,0.9401865462360275
Cc1ccc(CNc2cc(N(CCCO)Cc3ccccc3)ncn2)cc1,362.477,3.786120000000003,61.28,2,5,0.6064345259423448,1.0,1,0,0,0,c1ccc(CNc2cc(NCc3ccccc3)ncn2)cc1,['musk_activator_alphaC'],['MuSK'],1,1.0,0.0,0.0,0.0,0.8819303577827033,0.0,0.0,0.8819303577827033
C[C@@H](CN1CCC(=Cc2ccc(Nc3[nH]ccc3C(=O)NO)cc2)C1)N(C)C,383.49600000000015,2.916500000000001,83.63,4,5,0.4364836840457708,0.75,1,0,0,0,C(=C1CCNC1)c1ccc(Nc2ccc[nH]2)cc1,['musk_activator_alphaC'],['MuSK'],1,1.0,0.0,0.0,0.0,0.7559451052137311,0.0,0.0,0.7559451052137311
CC(C)CC(=O)Nc1nnc(Cn2cc(C[C@@]3(C)Cc4ccccc4O3)c3ccccc32)s1,460.6030000000002,5.462000000000006,69.04,1,5,0.3974859022801102,0.5,0,0,0,0,c1ccc2c(c1)CC(Cc1cn(Cc3nncs3)c3ccccc13)O2,['musk_activator_alphaC'],['MuSK'],1,1.0,0.0,0.0,0.0,0.46924577068403306,0.0,0.0,0.46924577068403306
CN(CC[N+](C)(C)C)C[C@@H]1CCCN(C(=O)c2ccc(O)c(Cn3cnnn3)c2)C1,416.5500000000001,0.9172000000000011,87.38000000000001,1,6,0.6441175391026449,0.75,1,1,1,0,O=C(c1cccc(Cn2cnnn2)c1)N1CCCCC1,['musk_activator_alphaC'],['MuSK'],1,1.0,0.0,0.0,0.2,0.7782352617307935,0.0,0.0,0.7782352617307935
Cc1cn2c3nc(=O)c4ccccc4nc3c3c2n1[C@@H](c1ccccc1)SCC3,398.49100000000016,4.342020000000003,52.190000000000005,0,4,0.42144225051677786,1.0,1,0,0,0,O=c1nc2c(nc3ccccc13)c1c3n(ccn23)C(c2ccccc2)SCC1,['musk_activator_alphaC'],['MuSK'],1,1.0,0.0,0.0,0.0,0.8264326751550333,0.0,0.0,0.8264326751550333
CC=CCC1=C2CCCCCCCC=CCC[C@@H]([C@H]3CN3)CCN2CC1,356.5980000000001,5.971200000000006,25.18,1,2,0.4975178686231886,0.75,0,0,0,1,C1=CCCC(C2CN2)CCN2CCC=C2CCCCCCC1,['musk_activator_alphaC'],['MuSK'],1,1.0,0.0,0.0,0.0,0.5742553605869565,0.0,0.0,0.5742553605869565
C[C@H]1CCN(c2ccc([C@@H](O)c3ccc(C(=O)NNc4ccccc4)cc3)cc2)C1,401.5100000000001,4.371400000000003,64.6,3,4,0.5368189843152742,1.0,1,1,0,0,O=C(NNc1ccccc1)c1ccc(Cc2ccc(N3CCCC3)cc2)cc1,['musk_activator_alphaC'],['MuSK'],1,1.0,0.0,0.0,0.2,0.8210456952945823,0.0,0.0,0.8210456952945823
O=c1[nH]c(=O)n(-c2ccc(-c3ccccc3)cc2)c2oc3ccccc3c12,354.3650000000001,4.092200000000003,68.0,1,3,0.5190386992435186,1.0,1,0,0,0,O=c1[nH]c(=O)n(-c2ccc(-c3ccccc3)cc2)c2oc3ccccc3c12,['musk_activator_alphaC'],['MuSK'],1,1.0,0.0,0.0,0.0,0.8557116097730555,0.0,0.0,0.8557116097730555
CN(CC(O)=NC1CCCCC1)[C@@H]1CCN(c2cccc3ccccc23)C1,365.5210000000001,4.639500000000004,39.07,1,3,0.6196513953426086,0.75,1,0,0,0,C(CNC1CCN(c2cccc3ccccc23)C1)=NC1CCCCC1,['musk_activator_alphaC'],['MuSK'],1,1.0,0.0,0.0,0.0,0.8108954186027826,0.0,0.0,0.8108954186027826
O=C(Nc1ccc(O)c(-c2ccccc2)c1)[C@H](CO)c1ccccc1,333.38700000000006,3.7738000000000014,69.56,3,3,0.622527099739381,1.0,1,0,0,0,O=C(Cc1ccccc1)Nc1cccc(-c2ccccc2)c1,['musk_activator_alphaC'],['MuSK'],1,1.0,0.0,0.0,0.0,0.8867581299218144,0.0,0.0,0.8867581299218144
CC[C@H](N=C(O)c1ccc2cccc(N)c2c1)C(=O)NCc1ccccc1,361.44500000000005,3.821600000000002,87.71000000000001,3,3,0.3542169327851789,1.0,1,0,0,0,O=C(CN=Cc1ccc2ccccc2c1)NCc1ccccc1,['musk_activator_alphaC'],['MuSK'],1,1.0,0.0,0.0,0.0,0.8062650798355537,0.0,0.0,0.8062650798355537
Cc1sc(C=C2NN=C(CSCc3[nH+]c(COc4ccccc4)no3)O2)c(C)c1C,443.5740000000002,4.219560000000003,83.02000000000001,1,8,0.5612700520951551,1.0,1,0,1,0,C(=C1NN=C(CSCc2[nH+]c(COc3ccccc3)no2)O1)c1cccs1,['musk_activator_alphaC'],['MuSK'],1,1.0,0.0,0.0,0.0,0.8683810156285465,0.0,0.0,0.8683810156285465
CN(C)[C@@H]1Cc2cc(C=C=C(CO)Nc3ccccc3)c3ccccc3c2C1,370.49600000000015,4.469000000000004,35.5,2,3,0.6506836615455306,1.0,1,0,0,0,C(=CNc1ccccc1)=Cc1cc2c(c3ccccc13)CCC2,['musk_activator_alphaC'],['MuSK'],1,1.0,0.0,0.0,0.0,0.895205098463659,0.0,0.0,0.895205098463659
O=C(c1ccc(-c2ccccn2)cc1)c1cc2ccc(NC3=NCCS3)cc2oc1=O,427.48500000000024,4.600700000000003,84.56,1,7,0.37847132521688515,0.75,1,0,0,0,O=C(c1ccc(-c2ccccn2)cc1)c1cc2ccc(NC3=NCCS3)cc2oc1=O,['musk_activator_alphaC'],['MuSK'],1,1.0,0.0,0.0,0.0,0.7385413975650654,0.0,0.0,0.7385413975650654
CCCCCCN1CCCc2[nH]c(NCCNC)nc3c4cc(C)ccc4c1c2-3,393.5790000000002,4.940320000000003,55.980000000000004,3,4,0.45077757028685295,0.75,1,0,0,0,c1ccc2c3c4c([nH]cnc-4c2c1)CCCN3,['musk_activator_alphaC'],['MuSK'],1,1.0,0.0,0.0,0.0,0.7602332710860558,0.0,0.0,0.7602332710860558
CC(C)C(=N)CCCCN1CCCc2c(-c3c[nH]c4ccccc34)c[nH]c2C1,376.54800000000006,5.7572700000000046,58.67,3,2,0.35635616828930566,0.75,0,0,0,0,c1ccc2c(-c3c[nH]c4c3CCCNC4)c[nH]c2c1,['musk_activator_alphaC'],['MuSK'],1,1.0,0.0,0.0,0.0,0.5319068504867916,0.0,0.0,0.5319068504867916
CC(C)CCC(O)=N[C@H](C)C=CN=C1C[C@H](c2ccccc2)[C@@H]2CCCN12,367.53700000000015,5.331700000000005,48.190000000000005,1,2,0.5227614605428524,0.75,0,0,0,0,N=C1CC(c2ccccc2)C2CCCN12,['musk_activator_alphaC'],['MuSK'],1,1.0,0.0,0.0,0.0,0.5818284381628558,0.0,0.0,0.5818284381628558
NC(=O)CCn1c(=O)c2[nH]c3ccc(NC(=O)c4ccccc4)c(O)c3c2c2ccccc21,440.4590000000002,3.4693000000000005,130.20999999999998,4,4,0.3117919702519585,0.5,1,0,0,0,O=C(Nc1ccc2[nH]c3c(=O)[nH]c4ccccc4c3c2c1)c1ccccc1,['musk_activator_alphaC'],['MuSK'],1,1.0,0.0,0.0,0.0,0.6435375910755876,0.0,0.0,0.6435375910755876
COc1ccc(CC(C)C)cc1OCCN1CCCN(CCCNc2ncc[nH]2)CC1,429.6090000000002,3.5055000000000014,65.65,2,6,0.5035912424702184,1.0,1,0,0,0,c1ccc(OCCN2CCCN(CCCNc3ncc[nH]3)CC2)cc1,['musk_activator_alphaC'],['MuSK'],1,1.0,0.0,0.0,0.0,0.8510773727410654,0.0,0.0,0.8510773727410654
NS(=O)(=O)c1ccc(CC=CCCNCCCc2ccccc2)cc1,358.50699999999995,3.0452000000000012,72.19,2,3,0.5063985803987967,1.0,1,0,0,0,C(=CCc1ccccc1)CCNCCCc1ccccc1,['musk_activator_alphaC'],['MuSK'],1,1.0,0.0,0.0,0.0,0.851919574119639,0.0,0.0,0.851919574119639
COC1=C(O)C[C@H]2CC(O)=C([C@@H]3C(=O)c4cc(O)ccc4-c4cc(C)ccc43)[C@@H]12,390.4350000000001,4.915420000000004,86.99,3,5,0.6778099621934857,0.75,1,0,0,0,O=C1c2ccccc2-c2ccccc2C1C1=CCC2CC=CC12,['musk_activator_alphaC'],['MuSK'],1,1.0,0.0,0.0,0.0,0.8283429886580456,0.0,0.0,0.8283429886580456
COc1cccc(NC(=O)CCC(=O)Nc2cc3c4c(cccc4c2)CCNC3=O)c1,417.46500000000015,3.4917000000000016,96.53,3,4,0.5720077644626261,0.75,1,0,0,0,O=C(CCC(=O)Nc1cc2c3c(cccc3c1)CCNC2=O)Nc1ccccc1,['musk_activator_alphaC'],['MuSK'],1,1.0,0.0,0.0,0.0,0.7966023293387878,0.0,0.0,0.7966023293387878
c1ccc(-c2ncc(-c3cccc(N4CCC[C@@H](c5ccco5)C4)c3)o2)cc1,370.45200000000006,5.985600000000005,42.410000000000004,0,4,0.44269649011706247,0.75,0,0,0,0,c1ccc(-c2ncc(-c3cccc(N4CCCC(c5ccco5)C4)c3)o2)cc1,['musk_activator_alphaC'],['MuSK'],1,1.0,0.0,0.0,0.0,0.5578089470351186,0.0,0.0,0.5578089470351186
O=C(CCNC(=O)c1cccc(-c2ccccc2)c1)NCC(=O)c1ccccc1,386.45100000000014,3.4726000000000017,75.27000000000001,2,3,0.5822602727438997,1.0,1,0,0,0,O=C(CCNC(=O)c1cccc(-c2ccccc2)c1)NCC(=O)c1ccccc1,['musk_activator_alphaC'],['MuSK'],1,1.0,0.0,0.0,0.0,0.8746780818231699,0.0,0.0,0.8746780818231699
CN(C1CCCCCC1)[C@@H]1CCC(=O)N(Cc2cn3c4c(cccc24)OCC3)C1,395.5470000000002,4.179300000000003,37.71000000000001,0,3,0.7291227797230139,1.0,1,0,0,0,O=C1CCC(NC2CCCCCC2)CN1Cc1cn2c3c(cccc13)OCC2,['musk_activator_alphaC'],['MuSK'],1,1.0,0.0,0.0,0.0,0.9187368339169042,0.0,0.0,0.9187368339169042
CC(C)NC(=O)[C@H]1CCCc2ccc(NC(=O)CCc3ccc(O)cc3)cc2O1,396.48700000000014,3.5718000000000014,87.66000000000001,3,4,0.6965430913663244,1.0,1,0,0,0,O=C(CCc1ccccc1)Nc1ccc2c(c1)OCCCC2,['musk_activator_alphaC'],['MuSK'],1,1.0,0.0,0.0,0.0,0.9089629274098974,0.0,0.0,0.9089629274098974
Cc1ccc(-c2ccc3c(c2)N(CCc2ncccn2)CCNC3)cc1,344.4620000000001,3.6043200000000013,41.050000000000004,1,4,0.7850047937616538,1.0,1,0,0,0,c1ccc(-c2ccc3c(c2)N(CCc2ncccn2)CCNC3)cc1,['musk_activator_alphaC'],['MuSK'],1,1.0,0.0,0.0,0.0,0.9355014381284961,0.0,0.0,0.9355014381284961
CCC1=c2c(ccc3c2=Cc2ccc4c(c2C3=O)OC[C@H](C)CO4)N=C1CCCN,402.49400000000026,2.8528000000000002,73.91,1,5,0.7283074390696059,1.0,1,0,0,0,O=C1c2c(ccc3c2OCCCO3)C=c2c1ccc1c2=CC=N1,['musk_activator_alphaC'],['MuSK'],1,1.0,0.0,0.0,0.0,0.9184922317208817,0.0,0.0,0.9184922317208817
CC(C)CCNC(=O)c1cc(NC(=O)c2ccc(N3CCCCC3)nc2)ccc1Cl,428.9640000000003,4.753500000000003,74.33000000000001,2,4,0.6666514286437407,0.75,1,0,0,0,O=C(Nc1ccccc1)c1ccc(N2CCCCC2)nc1,['musk_activator_alphaC'],['MuSK'],1,1.0,0.0,0.0,0.0,0.8249954285931222,0.0,0.0,0.8249954285931222
Cc1cc(N(C(=O)C(=O)O)c2ccc(CCc3ccncc3)cc2)ccc1N,375.42800000000005,3.5067200000000014,96.52,2,4,0.5254153433044993,0.75,1,1,0,0,c1ccc(Nc2ccc(CCc3ccncc3)cc2)cc1,['musk_activator_alphaC'],['MuSK'],1,1.0,0.0,0.0,0.2,0.7426246029913498,0.0,0.0,0.7426246029913498
Nc1nc(NCCCOCc2ccc3cc(OCCCCO)ccc3c2)[nH]c2nnnc1-2,437.5040000000002,2.6050000000000004,144.09000000000003,4,9,0.24576771642661716,0.5,1,0,0,0,c1ccc2cc(COCCCNc3ncc4nnnc-4[nH]3)ccc2c1,['musk_activator_alphaC'],['MuSK'],1,1.0,0.0,0.0,0.0,0.6237303149279851,0.0,0.0,0.6237303149279851
CC[C@@H]1c2ccccc2C=CN1C(=O)Oc1ccc(CCCCO)cc1,351.44600000000014,4.938000000000006,49.77,1,3,0.7501919849878084,0.75,1,0,0,0,O=C(Oc1ccccc1)N1C=Cc2ccccc2C1,['musk_activator_alphaC'],['MuSK'],1,1.0,0.0,0.0,0.0,0.8500575954963425,0.0,0.0,0.8500575954963425
CN(C)CCCc1cc2n(n1)CCN(C1c3ccccc3-c3ccccc31)C2,372.51600000000013,3.962900000000003,24.300000000000004,0,3,0.6774421627757744,1.0,1,0,0,0,c1ccc2c(c1)-c1ccccc1C2N1CCn2nccc2C1,['musk_activator_alphaC'],['MuSK'],1,1.0,0.0,0.0,0.0,0.9032326488327322,0.0,0.0,0.9032326488327322
COc1cccc2c3cc4c(C(=O)O)cn(-c5ccn(C)c5)c4ccc-3cc12,370.4080000000001,4.933800000000003,56.39,1,2,0.48966320492144905,0.75,1,0,0,0,c1ccc2c3cc4ccn(-c5cc[nH]c5)c4ccc-3cc2c1,['musk_activator_alphaC'],['MuSK'],1,1.0,0.0,0.0,0.0,0.7718989614764347,0.0,0.0,0.7718989614764347
O=C(Nc1cccc(Oc2ccccc2)c1)N1C[C@@H]2C[C@H]3CCC[C@@]2(CCC3)C1,390.5270000000004,6.303100000000005,41.57,1,2,0.6677217323971183,0.75,0,0,0,0,O=C(Nc1cccc(Oc2ccccc2)c1)N1CC2CC3CCCC2(CCC3)C1,['musk_activator_alphaC'],['MuSK'],1,1.0,0.0,0.0,0.0,0.6253165197191355,0.0,0.0,0.6253165197191355
O=C1NN=C(C(=O)OCc2ccccc2)C(=O)C1=CNc1ccccc1,349.346,1.7806999999999993,96.86000000000001,2,6,0.48719382837826614,0.75,1,0,0,0,O=C1NN=C(C(=O)OCc2ccccc2)C(=O)C1=CNc1ccccc1,['musk_activator_alphaC'],['MuSK'],1,1.0,0.0,0.0,0.0,0.7711581485134797,0.0,0.0,0.7711581485134797
NC(=O)c1ccc(-c2ccc3ccc(NN=Cc4cccc(O)c4)cc3n2)cc1,382.42300000000006,4.152300000000002,100.60000000000001,3,5,0.3564202843618783,0.75,1,0,0,0,C(=NNc1ccc2ccc(-c3ccccc3)nc2c1)c1ccccc1,['musk_activator_alphaC'],['MuSK'],1,1.0,0.0,0.0,0.0,0.7319260853085634,0.0,0.0,0.7319260853085634
Cc1ccc(OCc2ccc(CN(C)C(=O)CCN3CCCCC3)cc2)cc1,380.5320000000002,4.408420000000004,32.78,0,3,0.6800593308625699,1.0,1,0,0,0,O=C(CCN1CCCCC1)NCc1ccc(COc2ccccc2)cc1,['musk_activator_alphaC'],['MuSK'],1,1.0,0.0,0.0,0.0,0.9040177992587708,0.0,0.0,0.9040177992587708
COc1ccc(-c2cccc(-c3ccc4nc5cccc(C)n5c(=O)c4c3)nc2=O)cc1N,436.47100000000023,3.836120000000002,99.58,1,6,0.34080276260188713,0.75,1,0,0,0,O=c1nc(-c2ccc3nc4ccccn4c(=O)c3c2)cccc1-c1ccccc1,['musk_activator_alphaC'],['MuSK'],1,1.0,0.0,0.0,0.0,0.7272408287805661,0.0,0.0,0.7272408287805661
Cc1cccc(CCCC(=O)Nc2nnc(C[C@H]3Cc4ccccc4O3)o2)c1,377.44400000000013,3.885620000000002,77.25,1,5,0.6759411176925636,1.0,1,0,0,0,O=C(CCCc1ccccc1)Nc1nnc(CC2Cc3ccccc3O2)o1,['musk_activator_alphaC'],['MuSK'],1,1.0,0.0,0.0,0.0,0.9027823353077691,0.0,0.0,0.9027823353077691
Cc1ccc2cc3ccc(CNC(=O)[C@@H](N)n4cccn4)cc3nc2c1,345.40600000000006,2.66662,85.83,2,4,0.556896305063149,1.0,1,0,0,0,O=C(Cn1cccn1)NCc1ccc2cc3ccccc3nc2c1,['musk_activator_alphaC'],['MuSK'],1,1.0,0.0,0.0,0.0,0.8670688915189446,0.0,0.0,0.8670688915189446
O=S(=O)(CCCOc1ccccc1)Nc1cccc2c1ccc1[nH]ccc12,380.46900000000016,4.531900000000003,71.19,2,3,0.46276192303332647,0.75,1,0,0,0,O=S(=O)(CCCOc1ccccc1)Nc1cccc2c1ccc1[nH]ccc12,['musk_activator_alphaC'],['MuSK'],1,1.0,0.0,0.0,0.0,0.763828576909998,0.0,0.0,0.763828576909998
COc1ccccc1N[C@H](O)c1c2c3c(c[n+]1C)c1ccccc1n3CCC2=O,388.4470000000002,3.317000000000002,67.37,2,4,0.4157759838127237,1.0,1,0,1,0,O=C1CCn2c3ccccc3c3c[nH+]c(CNc4ccccc4)c1c32,['musk_activator_alphaC'],['MuSK'],1,1.0,0.0,0.0,0.0,0.824732795143817,0.0,0.0,0.824732795143817
CC1=CNC(c2ccccc2)=CC(N2C[C@@H](O)[C@H](O)[C@H](OP(=O)(O)O)C2)=C1,394.3640000000001,0.9336999999999998,122.49000000000001,5,6,0.47837489448859133,0.25,1,0,0,0,C1=CNC(c2ccccc2)=CC(N2CCCCC2)=C1,['musk_activator_alphaC'],['MuSK'],1,1.0,0.0,0.0,0.0,0.6185124683465775,0.0,0.0,0.6185124683465775
CNCc1ccc(-c2ccc(-c3ccc(-c4nn[nH]n4)o3)c(OC)c2)s1,367.4340000000001,3.5832000000000024,88.86000000000001,2,7,0.5413912236883216,1.0,1,0,0,0,c1csc(-c2ccc(-c3ccc(-c4nn[nH]n4)o3)cc2)c1,['musk_activator_alphaC'],['MuSK'],1,1.0,0.0,0.0,0.0,0.8624173671064965,0.0,0.0,0.8624173671064965
CCCCCNc1ccc(Nc2nc3ccccc3c3ccncc23)cc1,356.47300000000007,6.128700000000005,49.84,2,4,0.30886578696928324,0.75,0,0,0,0,c1ccc(Nc2nc3ccccc3c3ccncc23)cc1,['musk_activator_alphaC'],['MuSK'],1,1.0,0.0,0.0,0.0,0.517659736090785,0.0,0.0,0.517659736090785
Cc1nn(CCc2ccccc2)cc1N=c1nc(C2=CCCCC2)nc[nH]1,360.46500000000015,3.7421200000000017,71.75,1,4,0.7532084578927016,1.0,1,0,0,0,C1=C(c2nc[nH]c(=Nc3cnn(CCc4ccccc4)c3)n2)CCCC1,['musk_activator_alphaC'],['MuSK'],1,1.0,0.0,0.0,0.0,0.9259625373678104,0.0,0.0,0.9259625373678104
C[C@H](NC(=O)NCCc1ccccc1)C(O)=Nc1ccc(N2CCN(C)CC2)cc1,409.5340000000003,2.956800000000001,80.19999999999999,3,4,0.48520955445494734,1.0,1,1,0,0,O=C(NCC=Nc1ccc(N2CCNCC2)cc1)NCCc1ccccc1,['musk_activator_alphaC'],['MuSK'],1,1.0,0.0,0.0,0.2,0.8055628663364842,0.0,0.0,0.8055628663364842
Nc1cccc(CNc2ccc3nc(-c4ccccc4O)ccc3c2)c1,341.4140000000001,4.801700000000003,71.17,3,4,0.4662352464965049,0.75,1,0,0,0,c1ccc(CNc2ccc3nc(-c4ccccc4)ccc3c2)cc1,['musk_activator_alphaC'],['MuSK'],1,1.0,0.0,0.0,0.0,0.7648705739489514,0.0,0.0,0.7648705739489514
CNC(=O)CNC(=O)c1cccc(-c2ccccc2Oc2ccccc2)c1,360.41300000000007,3.6217000000000024,67.43,2,3,0.7054512475297164,1.0,1,0,0,0,c1ccc(Oc2ccccc2-c2ccccc2)cc1,['musk_activator_alphaC'],['MuSK'],1,1.0,0.0,0.0,0.0,0.9116353742589149,0.0,0.0,0.9116353742589149
CCCCCCCCCc1cccc(NCc2cccc3c(O)c(C(=O)O)ccc23)c1,419.56500000000017,7.148800000000007,69.56,3,3,0.2726668472995599,0.75,0,0,0,0,c1ccc(NCc2cccc3ccccc23)cc1,['musk_activator_alphaC'],['MuSK'],1,1.0,0.0,0.0,0.0,0.506800054189868,0.0,0.0,0.506800054189868
OCc1ccc(C=Nc2cccc3cc(-c4ccc5ccccc5c4)oc23)o1,367.4040000000001,6.088900000000004,58.870000000000005,1,4,0.3911125706099497,0.75,0,0,0,0,C(=Nc1cccc2cc(-c3ccc4ccccc4c3)oc12)c1ccco1,['musk_activator_alphaC'],['MuSK'],1,1.0,0.0,0.0,0.0,0.542333771182985,0.0,0.0,0.542333771182985
C[C@@H](CCC[C@@H](O)CO)CCc1ccc2c(c1)-c1cccc3cccc-2c13,360.49700000000007,5.579400000000006,40.46,2,2,0.4305415986729687,0.75,0,0,0,0,c1ccc2c(c1)-c1cccc3cccc-2c13,['musk_activator_alphaC'],['MuSK'],1,1.0,0.0,0.0,0.0,0.5541624796018907,0.0,0.0,0.5541624796018907
Cc1cccc(N2CCCN(c3cccc(CN4CC[C@H](CO)C4=O)c3)CC2=O)c1,407.51400000000024,2.5791200000000005,64.09,1,4,0.8275626896239507,1.0,1,0,0,0,O=C1CCCN1Cc1cccc(N2CCCN(c3ccccc3)C(=O)C2)c1,['musk_activator_alphaC'],['MuSK'],1,1.0,0.0,0.0,0.0,0.9482688068871852,0.0,0.0,0.9482688068871852
O=C(C1=Cc2cccc3cccc1c23)N1CCC[C@H](c2ccccc2)C1,339.43800000000005,5.100000000000005,20.310000000000002,0,1,0.6359273569216383,0.75,0,0,0,0,O=C(C1=Cc2cccc3cccc1c23)N1CCCC(c2ccccc2)C1,['musk_activator_alphaC'],['MuSK'],1,1.0,0.0,0.0,0.0,0.6157782070764914,0.0,0.0,0.6157782070764914
Cc1cccc2c1CNC1=C3C=CC=C3c3c1c-2nc1ccccc31,320.39500000000004,4.9913200000000035,24.92,1,2,0.6309053810009112,0.75,1,0,0,0,C1=CC2=C3NCc4ccccc4-c4nc5ccccc5c(c43)C2=C1,['musk_activator_alphaC'],['MuSK'],1,1.0,0.0,0.0,0.0,0.8142716143002733,0.0,0.0,0.8142716143002733
COc1ccc2c(=O)c3ccc(C(=O)O)cc4cc5c(CCO)cc1c2c5c43,372.3760000000002,3.7768000000000024,83.83000000000001,2,4,0.5016116944598791,1.0,1,1,0,0,O=c1c2cccc3ccc4cc5ccccc1c5c4c32,['musk_activator_alphaC'],['MuSK'],1,1.0,0.0,0.0,0.2,0.8104835083379637,0.0,0.0,0.8104835083379637
O=Cc1c2c(cc3ccccc13)CC[C@@H](NC(=O)c1ccc(F)cc1F)CC2,379.40600000000006,4.607900000000003,46.17,1,2,0.5336807288926891,0.75,1,0,0,1,O=C(NC1CCc2cc3ccccc3cc2CC1)c1ccccc1,['musk_activator_alphaC'],['MuSK'],1,1.0,0.0,0.0,0.0,0.7851042186678068,0.0,0.0,0.7851042186678068
CN1CCN(c2ccccc2)C[C@@H]1CC(=O)Nc1nc(CCn2cccc2)cs1,409.5590000000001,3.336500000000002,53.4,1,5,0.6503421182583696,1.0,1,0,0,0,O=C(CC1CN(c2ccccc2)CCN1)Nc1nc(CCn2cccc2)cs1,['musk_activator_alphaC'],['MuSK'],1,1.0,0.0,0.0,0.0,0.8951026354775109,0.0,0.0,0.8951026354775109
C[C@H]1Cc2cc(O)ccc2CCN1Cc1nnc(-c2ccccc2)nc1-c1ccccc1,422.53200000000004,4.9005000000000045,62.14,1,5,0.5068022414804148,0.75,1,0,0,0,c1ccc(-c2nnc(CN3CCc4ccccc4CC3)c(-c3ccccc3)n2)cc1,['musk_activator_alphaC'],['MuSK'],1,1.0,0.0,0.0,0.0,0.7770406724441243,0.0,0.0,0.7770406724441243
O=C(Nc1ccc(-c2ccccc2)cc1)N[C@@H](CC(O)O)C(=O)O,330.3400000000001,1.6290999999999993,118.89,5,4,0.5158389950635236,0.5,1,0,0,0,c1ccc(-c2ccccc2)cc1,['musk_activator_alphaC'],['MuSK'],1,1.0,0.0,0.0,0.0,0.704751698519057,0.0,0.0,0.704751698519057
COc1ccc(CCc2ccc(OC[C@@H](O)c3ccccc3Cl)cc2)cc1,382.88700000000006,5.246200000000005,38.69,1,3,0.5781541480668748,0.75,0,0,0,0,c1ccc(CCOc2ccc(CCc3ccccc3)cc2)cc1,['musk_activator_alphaC'],['MuSK'],1,1.0,0.0,0.0,0.0,0.5984462444200624,0.0,0.0,0.5984462444200624
C[C@H]1C[C@@H](c2cccc(C(=O)NCCc3ccccc3)c2)N2CCNC[C@H]12,363.5050000000001,3.0138000000000007,44.370000000000005,2,3,0.8582904152918517,1.0,1,0,0,0,O=C(NCCc1ccccc1)c1cccc(C2CCC3CNCCN32)c1,['musk_activator_alphaC'],['MuSK'],1,1.0,0.0,0.0,0.0,0.9574871245875554,0.0,0.0,0.9574871245875554
CN1CCC(CNC(=O)CCCn2[nH]cc3nc4ccccc4c-3c2=O)CC1,381.4800000000002,2.0675999999999997,83.02000000000001,2,4,0.6847319290674942,1.0,1,0,0,0,O=C(CCCn1[nH]cc2nc3ccccc3c-2c1=O)NCC1CCNCC1,['musk_activator_alphaC'],['MuSK'],1,1.0,0.0,0.0,0.0,0.9054195787202481,0.0,0.0,0.9054195787202481
Cc1nccc2c1C=CC=CC1=C2C(=O)[C@H]2[C@@H](CO)[C@H](C(=O)OCc3cscn3)C[C@@H]12,434.51700000000017,3.370020000000002,89.38,1,7,0.7424723427882534,1.0,1,0,0,0,O=C(OCc1cscn1)C1CC2C(=O)C3=C(C=CC=Cc4cnccc43)C2C1,['musk_activator_alphaC'],['MuSK'],1,1.0,0.0,0.0,0.0,0.9227417028364759,0.0,0.0,0.9227417028364759
Cc1ccc2nc3c(cc2c1)[C@@H]([C@@H](C)c1cccnc1)[C@@H](O)CC3=NO,347.4180000000001,3.7684200000000034,78.60000000000001,2,5,0.5462759107607281,1.0,1,0,0,0,N=C1CCC(Cc2cccnc2)c2cc3ccccc3nc21,['musk_activator_alphaC'],['MuSK'],1,1.0,0.0,0.0,0.0,0.8638827732282184,0.0,0.0,0.8638827732282184
CC(=O)[C@H]1Cc2ccccc2N[C@H]1c1cncc(-c2ccc3c(c2)CCCC3)n1,383.49500000000023,4.936900000000004,54.88,1,4,0.6961783518767771,0.75,1,0,0,0,c1ccc2c(c1)CCC(c1cncc(-c3ccc4c(c3)CCCC4)n1)N2,['musk_activator_alphaC'],['MuSK'],1,1.0,0.0,0.0,0.0,0.8338535055630332,0.0,0.0,0.8338535055630332
O=C(NCc1ccc(O)cc1)NC1=Cc2c(ccc3ccccc23)C=CN1,357.413,3.9171000000000022,73.39,4,3,0.5740585738028069,0.75,1,0,0,0,O=C(NCc1ccccc1)NC1=Cc2c(ccc3ccccc23)C=CN1,['musk_activator_alphaC'],['MuSK'],1,1.0,0.0,0.0,0.0,0.7972175721408421,0.0,0.0,0.7972175721408421
Cc1cccc(-c2nc3ccccc3c3c2c(C)nn3-c2cccnc2)c1,350.42500000000007,5.252540000000004,43.6,0,3,0.4364716275055501,0.75,0,0,0,0,c1ccc(-c2nc3ccccc3c3c2cnn3-c2cccnc2)cc1,['musk_activator_alphaC'],['MuSK'],1,1.0,0.0,0.0,0.0,0.555941488251665,0.0,0.0,0.555941488251665
CCOc1c2cc(OC)ccc2c2oc(-c3cc[nH+]cc3)[n+]-2c2ccncc12,373.4120000000001,3.5839000000000025,62.510000000000005,0,4,0.45185117066358876,1.0,1,0,1,0,c1ccc2c3oc(-c4cc[nH+]cc4)[n+]-3c3ccncc3cc2c1,['musk_activator_alphaC'],['MuSK'],1,1.0,0.0,0.0,0.0,0.8355553511990765,0.0,0.0,0.8355553511990765
CCC[C@@H](CCc1cccc(OC)c1)NC(=O)NCc1cccc(CN2CCCCC2)c1,437.6280000000004,5.281800000000005,53.6,2,3,0.5027053385660681,0.75,0,0,0,0,O=C(NCCCc1ccccc1)NCc1cccc(CN2CCCCC2)c1,['musk_activator_alphaC'],['MuSK'],1,1.0,0.0,0.0,0.0,0.5758116015698205,0.0,0.0,0.5758116015698205
Cc1ccc2c3cccc4[nH]c(CO)c5[nH]c6cccc(c2[nH]1)c6c5c43,339.3980000000001,5.237620000000003,67.6,4,1,0.325141806656133,0.5,0,0,0,0,c1c[nH]c2c(c1)c1cccc3[nH]cc4[nH]c5cccc2c5c4c31,['musk_activator_alphaC'],['MuSK'],1,1.0,0.0,0.0,0.0,0.4475425419968399,0.0,0.0,0.4475425419968399
C[C@@H]1C(=O)N(C2=CC=Cc3ccccc3N2)CCN1c1cccc(-c2cn[nH]c2)c1,397.4820000000001,4.094100000000003,64.26,2,4,0.6986302890373596,1.0,1,0,0,0,O=C1CN(c2cccc(-c3cn[nH]c3)c2)CCN1C1=CC=Cc2ccccc2N1,['musk_activator_alphaC'],['MuSK'],1,1.0,0.0,0.0,0.0,0.9095890867112078,0.0,0.0,0.9095890867112078
CN(C)[C@@H]1CCN(c2cccc(NC(=O)c3ccc(C(=O)c4ccco4)cc3)c2)C1,403.4820000000002,3.9032000000000027,65.78999999999999,1,5,0.6325239553341852,1.0,1,1,0,0,O=C(Nc1cccc(N2CCCC2)c1)c1ccc(C(=O)c2ccco2)cc1,['musk_activator_alphaC'],['MuSK'],1,1.0,0.0,0.0,0.2,0.8497571866002556,0.0,0.0,0.8497571866002556
Cc1ccc(-c2cc(NC(=O)N[C@H](C)SCc3ccccc3)on2)cc1,367.47400000000005,5.050920000000004,67.16,2,4,0.5983019979879036,0.75,0,0,0,0,O=C(NCSCc1ccccc1)Nc1cc(-c2ccccc2)no1,['musk_activator_alphaC'],['MuSK'],1,1.0,0.0,0.0,0.0,0.6044905993963711,0.0,0.0,0.6044905993963711
Cc1ccc(CN2C[C@@H]3[C@H](C2=O)N(C)CCN3C(=O)c2ccc(C)cc2)cc1,377.4880000000001,2.4706400000000004,43.86000000000001,0,3,0.8254335362531353,1.0,1,0,0,0,O=C1C2NCCN(C(=O)c3ccccc3)C2CN1Cc1ccccc1,['musk_activator_alphaC'],['MuSK'],1,1.0,0.0,0.0,0.0,0.9476300608759405,0.0,0.0,0.9476300608759405
CS(=O)(=O)Oc1ccc(C(=Cc2cccc(-c3ccccc3)c2)C(=O)O)cc1,394.4480000000001,4.317200000000004,80.67,1,4,0.3826120466981345,1.0,1,0,0,0,C(=Cc1cccc(-c2ccccc2)c1)c1ccccc1,['musk_activator_alphaC'],['MuSK'],1,1.0,0.0,0.0,0.0,0.8147836140094402,0.0,0.0,0.8147836140094402
CCN(C)c1cnc2c(CNC(=S)NC[C@H](N)c3ccccc3)cccc2n1,394.54800000000006,2.750000000000001,79.10000000000001,3,5,0.5318621064266754,1.0,1,0,0,0,S=C(NCCc1ccccc1)NCc1cccc2nccnc12,['musk_activator_alphaC'],['MuSK'],1,1.0,0.0,0.0,0.0,0.8595586319280026,0.0,0.0,0.8595586319280026
C[C@H]1CCN(c2ccc(NC(=O)NCc3cccc(N4CCOCC4)c3)cc2)C1,394.51900000000023,3.6911000000000023,56.84,2,4,0.8121142875358893,1.0,1,1,0,0,O=C(NCc1cccc(N2CCOCC2)c1)Nc1ccc(N2CCCC2)cc1,['musk_activator_alphaC'],['MuSK'],1,1.0,0.0,0.0,0.2,0.9036342862607668,0.0,0.0,0.9036342862607668
Cc1ccccc1N1CCN(C(O)=Nc2cccc3cccnc23)CC1,346.43400000000014,3.9109200000000026,51.96,1,3,0.5645309786362593,1.0,1,0,0,0,C(=Nc1cccc2cccnc12)N1CCN(c2ccccc2)CC1,['musk_activator_alphaC'],['MuSK'],1,1.0,0.0,0.0,0.0,0.8693592935908778,0.0,0.0,0.8693592935908778
CNc1ccc(CNC(=O)NCCc2nnc(-c3ccncc3)o2)cc1,352.398,2.2151999999999994,104.97,3,6,0.6020797589316909,0.75,1,0,0,0,O=C(NCCc1nnc(-c2ccncc2)o1)NCc1ccccc1,['musk_activator_alphaC'],['MuSK'],1,1.0,0.0,0.0,0.0,0.8056239276795072,0.0,0.0,0.8056239276795072
CC(C)c1c[nH]c(COCc2ccc(NC(=O)N3CCCC3)[nH+]c2)c1,343.45100000000014,3.2967000000000013,71.5,2,2,0.8446194640500785,1.0,1,0,1,0,O=C(Nc1ccc(COCc2ccc[nH]2)c[nH+]1)N1CCCC1,['musk_activator_alphaC'],['MuSK'],1,1.0,0.0,0.0,0.0,0.9533858392150234,0.0,0.0,0.9533858392150234
Cc1cccc(-c2cc(C(=O)NOC(=O)N[C@H]3CCCNCC3)[nH]n2)c1,357.41400000000016,1.8982199999999998,108.14,4,5,0.6276219019326252,0.5,1,0,0,0,O=C(NC1CCCNCC1)ONC(=O)c1cc(-c2ccccc2)n[nH]1,['musk_activator_alphaC'],['MuSK'],1,1.0,0.0,0.0,0.0,0.7382865705797876,0.0,0.0,0.7382865705797876
O=C(CCCc1ccccc1)Nc1cccc2ccc3c(C(=O)O)cccc3c12,383.4470000000002,5.652600000000004,66.4,2,2,0.42271568509557333,0.75,0,0,0,0,O=C(CCCc1ccccc1)Nc1cccc2ccc3ccccc3c12,['musk_activator_alphaC'],['MuSK'],1,1.0,0.0,0.0,0.0,0.551814705528672,0.0,0.0,0.551814705528672
Nc1c(-c2cc3ccccc3[nH]2)c[nH+]n1-c1cccc(C(=O)NC2CCC2)c1,372.4520000000002,3.3042000000000016,89.98,3,2,0.5129472849652885,1.0,1,0,1,0,O=C(NC1CCC1)c1cccc(-n2cc(-c3cc4ccccc4[nH]3)c[nH+]2)c1,['musk_activator_alphaC'],['MuSK'],1,1.0,0.0,0.0,0.0,0.8538841854895864,0.0,0.0,0.8538841854895864
CN1CCc2c1ccc1cc(N=C(O)Cc3cccc(O)c3)ccc21,332.403,4.368400000000003,56.06,2,3,0.5530460908289492,1.0,1,0,0,0,C(Cc1ccccc1)=Nc1ccc2c3c(ccc2c1)NCC3,['musk_activator_alphaC'],['MuSK'],1,1.0,0.0,0.0,0.0,0.8659138272486848,0.0,0.0,0.8659138272486848
C[N+]1(C)CCCN2Cc3c4cn[n+](-c5ccccc5)c-4[nH+]c4ccccc4c3[C@@H]2C1,398.53400000000016,2.7672,34.150000000000006,0,2,0.36500645275996874,1.0,1,0,1,0,c1ccc(-[n+]2ncc3c4c(c5ccccc5[nH+]c2-3)C2C[NH2+]CCCN2C4)cc1,['musk_activator_alphaC'],['MuSK'],1,1.0,0.0,0.0,0.0,0.8095019358279907,0.0,0.0,0.8095019358279907
COC(C)(C)c1ccc2c(c1)C[C@H]1C(=N)C3=CNc4ccccc4C=C3[C@H]1CC2,384.52300000000014,5.715570000000005,45.11,2,3,0.6958745215685613,0.75,0,0,0,0,N=C1C2=CNc3ccccc3C=C2C2CCc3ccccc3CC12,['musk_activator_alphaC'],['MuSK'],1,1.0,0.0,0.0,0.0,0.6337623564705683,0.0,0.0,0.6337623564705683
COc1ccc(CCNC(=O)c2cnc3n(-c4ccc(O)cc4)ccn23)cc1,376.41600000000005,2.811700000000001,80.78999999999999,2,4,0.5422470991955352,1.0,1,0,0,0,O=C(NCCc1ccccc1)c1cnc2n(-c3ccccc3)ccn12,['musk_activator_alphaC'],['MuSK'],1,1.0,0.0,0.0,0.0,0.8626741297586604,0.0,0.0,0.8626741297586604
O=C(Cc1ccccc1)N[C@@H]1CCCC[C@@H]1c1ccnn1-c1ccccc1,359.47299999999996,4.257400000000003,46.92,1,2,0.7398907905085921,1.0,1,0,0,0,O=C(Cc1ccccc1)NC1CCCCC1c1ccnn1-c1ccccc1,['musk_activator_alphaC'],['MuSK'],1,1.0,0.0,0.0,0.0,0.9219672371525776,0.0,0.0,0.9219672371525776
CCOc1ccc(N2C[C@H]3[C@@H](N)c4cc5ccc(O)cc5nc4N3CC2=O)cc1,390.44300000000015,2.574300000000001,91.91999999999999,2,6,0.7142157453834355,0.75,1,0,0,0,O=C1CN2c3nc4ccccc4cc3CC2CN1c1ccccc1,['musk_activator_alphaC'],['MuSK'],1,1.0,0.0,0.0,0.0,0.8392647236150306,0.0,0.0,0.8392647236150306
OC(O)c1cc2c3c(cccc3c1)N[C@H]1O[C@H]1C1=CC=CC=CC=C12,331.37100000000004,3.409200000000002,65.02,3,4,0.5533885667113816,1.0,1,0,0,0,C1=CC=C2C(=CC=C1)C1OC1Nc1cccc3cccc2c13,['musk_activator_alphaC'],['MuSK'],1,1.0,0.0,0.0,0.0,0.8660165700134144,0.0,0.0,0.8660165700134144
CNc1cc(-c2ccc(NCCn3cncn3)cc2C)cc(N2CCCC2)n1,377.4960000000002,3.4025200000000018,70.9,2,6,0.6575562072898983,1.0,1,0,0,0,c1cc(-c2ccc(NCCn3cncn3)cc2)cc(N2CCCC2)n1,['musk_activator_alphaC'],['MuSK'],1,1.0,0.0,0.0,0.0,0.8972668621869695,0.0,0.0,0.8972668621869695
CNCC1=CC2=C(c3ccc(CNCc4cccnc4)cc3)CCCC2=N1,358.48900000000015,3.866800000000003,49.31,2,4,0.7899361473881559,1.0,1,0,0,0,C1=CC2=C(c3ccc(CNCc4cccnc4)cc3)CCCC2=N1,['musk_activator_alphaC'],['MuSK'],1,1.0,0.0,0.0,0.0,0.9369808442164467,0.0,0.0,0.9369808442164467
COc1cccc(N=C2C=C(Nc3ccccc3N)c3ccccc32)c1,341.4140000000001,4.8648000000000025,59.64,2,4,0.6659795743118917,0.75,1,0,0,0,C1=C(Nc2ccccc2)c2ccccc2C1=Nc1ccccc1,['musk_activator_alphaC'],['MuSK'],1,1.0,0.0,0.0,0.0,0.8247938722935675,0.0,0.0,0.8247938722935675
CNc1c(C(=O)Nc2cccc(C)c2)c(C)nc2c1ccc1cc(OCO)ccc12,401.4660000000001,4.6274400000000036,83.48,3,5,0.33550149396882734,0.75,1,0,0,0,O=C(Nc1ccccc1)c1cnc2c(ccc3ccccc32)c1,['musk_activator_alphaC'],['MuSK'],1,1.0,0.0,0.0,0.0,0.7256504481906481,0.0,0.0,0.7256504481906481
C[C@H](NCc1ccc(Nc2nc3ccccc3[nH]2)cc1)c1ccccc1,342.4460000000001,5.157300000000003,52.74,3,3,0.4536670755442875,0.75,0,0,0,0,c1ccc(CNCc2ccc(Nc3nc4ccccc4[nH]3)cc2)cc1,['musk_activator_alphaC'],['MuSK'],1,1.0,0.0,0.0,0.0,0.5611001226632862,0.0,0.0,0.5611001226632862
CCCCN1CCCn2c1ccc(Nc1ccc(-c3ccncc3)cc1)c2=O,374.4880000000001,4.664100000000004,50.160000000000004,1,4,0.6814693805280383,0.75,1,0,0,0,O=c1c(Nc2ccc(-c3ccncc3)cc2)ccc2n1CCCN2,['musk_activator_alphaC'],['MuSK'],1,1.0,0.0,0.0,0.0,0.8294408141584115,0.0,0.0,0.8294408141584115
O=C(NC1CSC1)N1CCOc2ccc3ccccc3c2CC1,328.4370000000001,2.9017000000000017,41.57000000000001,1,3,0.8750646044256216,1.0,1,0,0,0,O=C(NC1CSC1)N1CCOc2ccc3ccccc3c2CC1,['musk_activator_alphaC'],['MuSK'],1,1.0,0.0,0.0,0.0,0.9625193813276864,0.0,0.0,0.9625193813276864
CCOC(=O)N1CC[C@H](NC(=O)c2cc3cc(-c4ccc(C)cc4)ccc3[nH]2)C1,391.4710000000001,4.103920000000002,74.43,2,3,0.7030133202657197,1.0,1,0,0,0,O=C(NC1CCNC1)c1cc2cc(-c3ccccc3)ccc2[nH]1,['musk_activator_alphaC'],['MuSK'],1,1.0,0.0,0.0,0.0,0.9109039960797158,0.0,0.0,0.9109039960797158
C[C@@H]1C[C@H]2C(=O)N(c3ccc(Oc4ccccc4)cc3)C2C[C@H]1CCN,350.46200000000016,4.205200000000002,55.56,1,3,0.8221638829019889,1.0,1,0,0,0,O=C1C2CCCCC2N1c1ccc(Oc2ccccc2)cc1,['musk_activator_alphaC'],['MuSK'],1,1.0,0.0,0.0,0.0,0.9466491648705966,0.0,0.0,0.9466491648705966
CN1CCS[C@@H](CCCCc2nc3ccc4cc(C(=O)O)ccc4c3[nH]2)CC1,397.54400000000015,4.564400000000004,69.22,2,4,0.5966923937099334,0.75,1,0,0,0,c1ccc2c(c1)ccc1nc(CCCCC3CCNCCS3)[nH]c12,['musk_activator_alphaC'],['MuSK'],1,1.0,0.0,0.0,0.0,0.8040077181129799,0.0,0.0,0.8040077181129799
Cc1cccc(CNC(=O)c2cc3ccc(OCc4ccccc4N)cc3[nH]c2=N)c1,412.49300000000005,4.046990000000002,103.98999999999998,4,4,0.3592297703460484,0.5,1,0,0,0,N=c1[nH]c2cc(OCc3ccccc3)ccc2cc1C(=O)NCc1ccccc1,['musk_activator_alphaC'],['MuSK'],1,1.0,0.0,0.0,0.0,0.6577689311038145,0.0,0.0,0.6577689311038145
COc1ccc(-c2nc(C)cc(Nc3ccccc3C=CC(N)=O)n2)cc1,360.4170000000001,3.702720000000001,90.13000000000001,2,5,0.6542350061794615,0.75,1,0,0,0,c1ccc(Nc2ccnc(-c3ccccc3)n2)cc1,['musk_activator_alphaC'],['MuSK'],1,1.0,0.0,0.0,0.0,0.8212705018538384,0.0,0.0,0.8212705018538384
Cc1ccc(COc2cccc(NC(=O)CCCc3cccnc3N(C)C)c2)cc1,403.52600000000007,4.996420000000004,54.46,1,4,0.5464429387434928,0.75,1,0,0,0,O=C(CCCc1cccnc1)Nc1cccc(OCc2ccccc2)c1,['musk_activator_alphaC'],['MuSK'],1,1.0,0.0,0.0,0.0,0.7889328816230479,0.0,0.0,0.7889328816230479
CCC[C@H]1C(=O)N(c2cc(-c3ccc(N(C)C)cc3)c[nH]2)C2CCC=C21,349.4780000000001,4.599400000000004,39.34,1,2,0.8014499813107353,0.75,1,0,0,0,O=C1CC2=CCCC2N1c1cc(-c2ccccc2)c[nH]1,['musk_activator_alphaC'],['MuSK'],1,1.0,0.0,0.0,0.0,0.8654349943932205,0.0,0.0,0.8654349943932205
CN1CC[C@@H]2N(CC1)c1ccc(Oc3cccnc3)cc1C(=O)N2c1ccccc1,400.48200000000014,4.0023000000000035,48.910000000000004,0,5,0.6650969223573449,1.0,1,0,0,0,O=C1c2cc(Oc3cccnc3)ccc2N2CCNCCC2N1c1ccccc1,['musk_activator_alphaC'],['MuSK'],1,1.0,0.0,0.0,0.0,0.8995290767072035,0.0,0.0,0.8995290767072035
CNC(=O)c1ccc(CCCc2nc(C[n+]3ccc(N(C)C)cc3)[nH+]o2)c[nH+]1,383.476,0.2395000000000017,90.53000000000002,1,4,0.5643634030368777,0.5,1,0,1,0,c1cc[n+](Cc2nc(CCCc3ccc[nH+]c3)o[nH+]2)cc1,['musk_activator_alphaC'],['MuSK'],1,1.0,0.0,0.0,0.0,0.7193090209110633,0.0,0.0,0.7193090209110633
CN1CCC(NC(=N)NCCN(C)c2ccc3c4c(cccc24)C=C3)CC1,363.5090000000001,2.967970000000002,54.39000000000001,3,3,0.4818595360784876,1.0,1,1,0,0,N=C(NCCNc1ccc2c3c(cccc13)C=C2)NC1CCNCC1,['musk_activator_alphaC'],['MuSK'],1,1.0,0.0,0.0,0.2,0.8045578608235463,0.0,0.0,0.8045578608235463
Cc1cccc(C[n+]2ccc(C(O)=NCCNCCCc3ccccc3)cc2)c1,388.53500000000014,3.857820000000003,48.5,2,2,0.23980305986518557,1.0,1,0,1,0,C(=NCCNCCCc1ccccc1)c1cc[n+](Cc2ccccc2)cc1,['musk_activator_alphaC'],['MuSK'],1,1.0,0.0,0.0,0.0,0.7719409179595556,0.0,0.0,0.7719409179595556
CCN(CCNc1ccc2[nH]c(CCNC(=O)NC[C@@H](N)CN)nc2c1)c1ccccc1,438.5800000000002,1.6290000000000022,137.12,6,6,0.25422979391094097,0.5,0,0,0,0,c1ccc(NCCNc2ccc3[nH]cnc3c2)cc1,['musk_activator_alphaC'],['MuSK'],1,1.0,0.0,0.0,0.0,0.42626893817328226,0.0,0.0,0.42626893817328226
CC(=O)N(CO)N=Cc1ccc2c(c1)NC(=O)c1ncnc(N)c1C(=O)N2,369.3410000000001,0.009000000000000064,162.9,4,8,0.33616022485230124,0.25,1,0,0,0,O=C1Nc2ccccc2NC(=O)c2ncncc21,['musk_activator_alphaC'],['MuSK'],1,1.0,0.0,0.0,0.0,0.5758480674556904,0.0,0.0,0.5758480674556904
CC(=O)Nc1ccc2c(c1)C(O)=C1C(=O)[N+](CCc3ccc(C)cc3C)=CC(N)=C12,402.47400000000016,3.080540000000001,95.43,3,4,0.6851146825049077,0.75,1,0,1,0,O=C1C2=Cc3ccccc3C2=CC=[N+]1CCc1ccccc1,['musk_activator_alphaC'],['MuSK'],1,1.0,0.0,0.0,0.0,0.8305344047514722,0.0,0.0,0.8305344047514722
Cc1nc(N2CCc3cnccc3C2)ccc1-c1cccc(Nc2ccccc2)c1,392.50600000000003,5.758320000000005,41.050000000000004,1,4,0.479446567998709,0.75,0,0,0,0,c1ccc(Nc2cccc(-c3ccc(N4CCc5cnccc5C4)nc3)c2)cc1,['musk_activator_alphaC'],['MuSK'],1,1.0,0.0,0.0,0.0,0.5688339703996126,0.0,0.0,0.5688339703996126
COc1cccc(-c2nc3c(n2O)NC=CC(c2ccc4c(c2)CCNC4)=C3)c1,386.4550000000002,3.9215000000000018,71.34,3,5,0.5953341971821238,1.0,1,0,0,0,C1=CC(c2ccc3c(c2)CCNC3)=Cc2nc(-c3ccccc3)[nH]c2N1,['musk_activator_alphaC'],['MuSK'],1,1.0,0.0,0.0,0.0,0.8786002591546371,0.0,0.0,0.8786002591546371
O=C(O)[C@H]1C[C@@H](Cn2cccc2)CN1C(=O)NCCCCCn1ccnc1,373.4570000000002,2.039799999999999,92.39,2,3,0.6580837682654995,0.75,1,0,0,0,O=C(NCCCCCn1ccnc1)N1CCC(Cn2cccc2)C1,['musk_activator_alphaC'],['MuSK'],1,1.0,0.0,0.0,0.0,0.8224251304796497,0.0,0.0,0.8224251304796497
COc1cc2c(cc1NC(C)=O)N1Nc3cc(CNC(C)(C)C)ccc3N1N2,382.4680000000001,3.450700000000001,80.89999999999999,4,7,0.6448128826752584,0.75,1,0,0,0,c1ccc2c(c1)NN1c3ccccc3NN21,['musk_activator_alphaC'],['MuSK'],1,1.0,0.0,0.0,0.0,0.8184438648025774,0.0,0.0,0.8184438648025774
CN(C)c1ccc2cc3c4ccccc4c(NC(=O)NCC4CCCCC4)c-3ccc2c1,425.5760000000003,6.865600000000006,44.370000000000005,2,2,0.3748025502705224,0.75,0,0,0,0,O=C(NCC1CCCCC1)Nc1c2ccc3ccccc3cc-2c2ccccc12,['musk_activator_alphaC'],['MuSK'],1,1.0,0.0,0.0,0.0,0.5374407650811568,0.0,0.0,0.5374407650811568
C[C@H](C(=O)O)N1CCN(C[C@@H]2CCc3ccc(OC(F)(F)F)cc3C2)CC1,386.4140000000001,2.780800000000001,53.010000000000005,1,4,0.8435224950640898,1.0,1,0,0,0,c1ccc2c(c1)CCC(CN1CCNCC1)C2,['musk_activator_alphaC'],['MuSK'],1,1.0,0.0,0.0,0.0,0.953056748519227,0.0,0.0,0.953056748519227
CCCn1cc(CCCCCC(=O)Nc2ccccc2C)c2ccccc21,362.5170000000001,6.101320000000006,34.03,1,1,0.458398342140744,0.75,0,0,0,0,O=C(CCCCCc1c[nH]c2ccccc12)Nc1ccccc1,['musk_activator_alphaC'],['MuSK'],1,1.0,0.0,0.0,0.0,0.5625195026422232,0.0,0.0,0.5625195026422232
Cc1ccc2nc(CCCCc3ccc(F)c4c3NC(=O)[C@H](N)N4)[nH]c2c1,367.42800000000005,3.22462,95.83000000000001,4,4,0.5207638328695401,0.5,1,0,0,0,O=C1CNc2cccc(CCCCc3nc4ccccc4[nH]3)c2N1,['musk_activator_alphaC'],['MuSK'],1,1.0,0.0,0.0,0.0,0.7062291498608619,0.0,0.0,0.7062291498608619
O=c1[nH]c2ccccc2c2c1N=C(NCCNCCc1ccccc1)C=CN2,373.46,2.919200000000001,81.31,4,5,0.5009845084490585,0.75,1,0,0,0,O=c1[nH]c2ccccc2c2c1N=C(NCCNCCc1ccccc1)C=CN2,['musk_activator_alphaC'],['MuSK'],1,1.0,0.0,0.0,0.0,0.7752953525347175,0.0,0.0,0.7752953525347175
Cc1ccc2cc3c4c(cc(C(C)(C)C)c3nc2c1)C(=O)N([C@@H](C)C(C)C)C4=O,388.51100000000014,5.634420000000006,50.27,0,3,0.42190551990364017,0.75,0,0,0,0,O=C1NC(=O)c2c1ccc1nc3ccccc3cc21,['musk_activator_alphaC'],['MuSK'],1,1.0,0.0,0.0,0.0,0.551571655971092,0.0,0.0,0.551571655971092
CN1CCC(Cc2ccc(C[C@H]3NC(=O)c4cccnc4-c4ccccc43)cc2)CC1,411.54900000000015,4.660100000000004,45.230000000000004,1,3,0.67913745782014,0.75,1,0,0,0,O=C1NC(Cc2ccc(CC3CCNCC3)cc2)c2ccccc2-c2ncccc21,['musk_activator_alphaC'],['MuSK'],1,1.0,0.0,0.0,0.0,0.8287412373460419,0.0,0.0,0.8287412373460419
C=[N+]1C2=CC(=Nc3ccccc3)N[C@@H](N)[C@H]2NC1=Nc1cccc(OCC)c1,375.4560000000002,2.2598000000000003,87.04,3,4,0.7156455728839144,1.0,1,0,1,0,C=[N+]1C2=CC(=Nc3ccccc3)NCC2NC1=Nc1ccccc1,['musk_activator_alphaC'],['MuSK'],1,1.0,0.0,0.0,0.0,0.9146936718651744,0.0,0.0,0.9146936718651744
N=C(N=CC=Cc1cc(C(=O)O)cs1)c1cnn(-c2ccccc2)n1,351.391,3.1365700000000007,104.22000000000001,2,5,0.5440620599386649,0.75,1,0,0,0,N=C(N=CC=Cc1cccs1)c1cnn(-c2ccccc2)n1,['musk_activator_alphaC'],['MuSK'],1,1.0,0.0,0.0,0.0,0.7882186179815993,0.0,0.0,0.7882186179815993
Cc1ccc(C(=O)Nc2ccnc(NCc3ccc(C)c(C)c3)c2)nn1,347.4220000000001,3.661260000000002,79.8,2,5,0.7361278452316168,1.0,1,0,0,0,O=C(Nc1ccnc(NCc2ccccc2)c1)c1cccnn1,['musk_activator_alphaC'],['MuSK'],1,1.0,0.0,0.0,0.0,0.9208383535694851,0.0,0.0,0.9208383535694851
Cc1cccc(-c2cc3[nH]c(Cc4ccccc4O)c(C)c3cn2)c1,328.4150000000001,5.143140000000004,48.91,2,2,0.5466623766780668,0.75,0,0,0,0,c1ccc(Cc2cc3cnc(-c4ccccc4)cc3[nH]2)cc1,['musk_activator_alphaC'],['MuSK'],1,1.0,0.0,0.0,0.0,0.58899871300342,0.0,0.0,0.58899871300342
CC(C)Nc1cc2cc(-c3cc[nH+]c(-[n+]4ccco4)n3)ccc2cc1-c1cnc[nH]1,398.4700000000001,3.796000000000001,84.75999999999999,2,4,0.44119542516275717,1.0,1,0,1,0,c1co[n+](-c2nc(-c3ccc4cc(-c5cnc[nH]5)ccc4c3)cc[nH+]2)c1,['musk_activator_alphaC'],['MuSK'],1,1.0,0.0,0.0,0.0,0.8323586275488271,0.0,0.0,0.8323586275488271
O=C(CCCN1CCOc2ccccc2C1=O)NC[C@@H]1CCc2ccccc21,378.4720000000002,3.1476000000000024,58.64,1,3,0.840092682928622,1.0,1,0,0,0,O=C(CCCN1CCOc2ccccc2C1=O)NCC1CCc2ccccc21,['musk_activator_alphaC'],['MuSK'],1,1.0,0.0,0.0,0.0,0.9520278048785866,0.0,0.0,0.9520278048785866
CC(C)CCNC(=O)Cc1cccc(Nc2cccc(-c3ccccn3)c2)c1,373.5000000000001,5.197000000000004,54.02,2,3,0.5707107159128577,0.75,0,0,0,0,c1ccc(Nc2cccc(-c3ccccn3)c2)cc1,['musk_activator_alphaC'],['MuSK'],1,1.0,0.0,0.0,0.0,0.5962132147738572,0.0,0.0,0.5962132147738572
CN1CCN(CC(=O)NCc2cnn(-c3ccccc3)c2)C=C1c1ccccc1,387.4870000000001,2.7345000000000015,53.4,1,4,0.7067032019221221,1.0,1,0,0,0,O=C(CN1C=C(c2ccccc2)NCC1)NCc1cnn(-c2ccccc2)c1,['musk_activator_alphaC'],['MuSK'],1,1.0,0.0,0.0,0.0,0.9120109605766367,0.0,0.0,0.9120109605766367
CC=NN1C(=O)NC2=C(CCCC2)[C@@H]1CCCCC(=O)c1ccc(O)c(C)c1,383.492,4.671320000000005,82.0,2,4,0.40766519792988676,0.75,1,0,0,0,O=C1NC2=C(CCCC2)C(CCCCC(=O)c2ccccc2)N1,['musk_activator_alphaC'],['MuSK'],1,1.0,0.0,0.0,0.0,0.747299559378966,0.0,0.0,0.747299559378966
CCCC(=O)[n+]1c2cccc(OCc3ccccc3)nc-2c2ccccc21,357.43300000000005,4.646400000000004,43.07,0,3,0.48852751753360885,0.75,1,1,1,0,c1ccc(COc2cccc3[nH+]c4ccccc4c-3n2)cc1,['musk_activator_alphaC'],['MuSK'],1,1.0,0.0,0.0,0.2,0.7315582552600827,0.0,0.0,0.7315582552600827
O=C(Nc1ccc(-c2cccnc2)cc1)c1ccnc(Cn2cccn2)c1,355.4010000000001,3.6407000000000016,72.7,1,4,0.5931260515846677,1.0,1,0,0,0,O=C(Nc1ccc(-c2cccnc2)cc1)c1ccnc(Cn2cccn2)c1,['musk_activator_alphaC'],['MuSK'],1,1.0,0.0,0.0,0.0,0.8779378154754003,0.0,0.0,0.8779378154754003
C[C@@H](NC(=O)NCc1cccn1C)C(=O)NCCc1nccnc1-c1ccccc1,406.49000000000007,2.0286999999999997,100.94,3,4,0.5327696546830357,0.75,1,0,0,0,O=C(CNC(=O)NCc1ccc[nH]1)NCCc1nccnc1-c1ccccc1,['musk_activator_alphaC'],['MuSK'],1,1.0,0.0,0.0,0.0,0.7848308964049107,0.0,0.0,0.7848308964049107
COc1ccc2c(c1)C(=O)[N+](C[C@@H](O)NC[C@@H](O)c1ccc(O)cc1)=N2,358.3740000000001,1.2923999999999995,114.39000000000001,4,7,0.4380412975290944,0.25,1,0,1,0,O=C1c2ccccc2N=[N+]1CCNCCc1ccccc1,['musk_activator_alphaC'],['MuSK'],1,1.0,0.0,0.0,0.0,0.6064123892587283,0.0,0.0,0.6064123892587283
CCN(C(=O)Cn1cc(C)c(=O)c2c3c(C)cccc3c(O)cc21)c1ccccc1,400.4780000000001,4.530240000000004,62.540000000000006,1,3,0.5120938562335734,0.75,1,0,0,0,O=C(Cn1ccc(=O)c2c3ccccc3ccc21)Nc1ccccc1,['musk_activator_alphaC'],['MuSK'],1,1.0,0.0,0.0,0.0,0.7786281568700719,0.0,0.0,0.7786281568700719
Cc1ccc2c3c4ccsc4nc4c3n(c2c1)CC[C@H](C)CN4,321.44900000000007,5.164320000000004,29.85,1,3,0.4843726140303088,0.75,0,0,0,0,c1ccc2c(c1)c1c3ccsc3nc3c1n2CCCCN3,['musk_activator_alphaC'],['MuSK'],1,1.0,0.0,0.0,0.0,0.5703117842090926,0.0,0.0,0.5703117842090926
C[C@@H]1CCC2=C(Cc3ccccc3)C[C@H](C[C@@H](C)O)[C@@H]3C(=O)C4=C(CO[C@@H]1[C@@H]23)[C@H](C)[C@@H]4O,436.5920000000002,4.253900000000004,66.76,2,4,0.6926138522131128,1.0,1,0,0,0,O=C1C2=C(CC2)COC2CCCC3=C(Cc4ccccc4)CCC1C32,['musk_activator_alphaC'],['MuSK'],1,1.0,0.0,0.0,0.0,0.9077841556639337,0.0,0.0,0.9077841556639337
CN(O)C[C@@H](CNc1cccc(-c2ccc(O)c(O)c2)c1)c1ccc([N+](=O)O)cc1,410.4500000000001,4.081100000000003,116.27000000000002,5,6,0.28058999585109945,0.5,1,1,1,0,c1ccc(CCNc2cccc(-c3ccccc3)c2)cc1,['musk_activator_alphaC'],['MuSK'],1,1.0,0.0,0.0,0.2,0.5941769987553298,0.0,0.0,0.5941769987553298
CC1=C(NC[C@@H]2CCN(c3ccc(C)cc3)C2)CC=C(c2ccccc2)N1,359.51700000000005,4.676820000000004,27.299999999999997,2,3,0.811787847302468,0.75,1,1,0,0,C1=C(NCC2CCN(c3ccccc3)C2)CC=C(c2ccccc2)N1,['musk_activator_alphaC'],['MuSK'],1,1.0,0.0,0.0,0.2,0.8285363541907403,0.0,0.0,0.8285363541907403
COc1ccc(C2=C(C)C=C3[C@@H](CC(=O)N3c3ccc4c(c3)OCCO4)C2)cc1,389.4510000000002,4.580600000000004,48.0,0,4,0.770954282026214,0.75,1,0,0,0,O=C1CC2CC(c3ccccc3)=CC=C2N1c1ccc2c(c1)OCCO2,['musk_activator_alphaC'],['MuSK'],1,1.0,0.0,0.0,0.0,0.856286284607864,0.0,0.0,0.856286284607864
CC(=O)N1CC(=NCc2ccc3ncccc3c2)c2ccc(C(=O)O)cc21,359.38500000000016,3.288800000000002,82.86,1,4,0.7777954521376077,1.0,1,0,0,0,c1ccc2c(c1)NCC2=NCc1ccc2ncccc2c1,['musk_activator_alphaC'],['MuSK'],1,1.0,0.0,0.0,0.0,0.9333386356412823,0.0,0.0,0.9333386356412823
Cc1ccccc1C(=O)N1CCC(NC(=O)NC2CCN(C)CC2)CC1,358.4860000000003,1.99302,64.68,2,3,0.8685276571725113,1.0,1,0,0,0,O=C(NC1CCNCC1)NC1CCN(C(=O)c2ccccc2)CC1,['musk_activator_alphaC'],['MuSK'],1,1.0,0.0,0.0,0.0,0.9605582971517532,0.0,0.0,0.9605582971517532
CN1CCC(CCCCCCc2ccc(-c3cccnc3)cc2)CC1,336.5230000000001,5.5834000000000055,16.130000000000003,0,2,0.5847018687120435,0.75,0,0,0,0,c1cncc(-c2ccc(CCCCCCC3CCNCC3)cc2)c1,['musk_activator_alphaC'],['MuSK'],1,1.0,0.0,0.0,0.0,0.600410560613613,0.0,0.0,0.600410560613613
C[C@H](CNC(=O)c1ccc(N2CCCN(C)CC2)cc1)Cc1cn2ccccc2n1,405.54600000000005,3.0848000000000013,52.88000000000001,1,4,0.6848086277055795,1.0,1,0,0,0,O=C(NCCCc1cn2ccccc2n1)c1ccc(N2CCCNCC2)cc1,['musk_activator_alphaC'],['MuSK'],1,1.0,0.0,0.0,0.0,0.9054425883116737,0.0,0.0,0.9054425883116737
CCCCNCCCNc1nc2cccc-2c2c(OC)cccc2n1,338.4550000000001,3.9349000000000025,59.07000000000001,2,5,0.5788986726418759,1.0,1,0,0,0,c1cc2ncnc3ccccc3c-2c1,['musk_activator_alphaC'],['MuSK'],1,1.0,0.0,0.0,0.0,0.8736696017925627,0.0,0.0,0.8736696017925627
Cc1ccccc1CCN(C)CC(=O)NCCn1cnc([C@H](O)Nc2ccccc2)c1,421.545,2.5852199999999996,82.42,3,5,0.4147361765981606,1.0,1,0,0,0,O=C(CNCCc1ccccc1)NCCn1cnc(CNc2ccccc2)c1,['musk_activator_alphaC'],['MuSK'],1,1.0,0.0,0.0,0.0,0.8244208529794481,0.0,0.0,0.8244208529794481
Cc1ccc2nc(COC(=O)NC[C@H]3CC=C4c5ccc(N)cc5C(=O)N4C3)cnc2c1,429.4800000000002,3.263420000000001,110.44,2,6,0.6161455836267972,0.75,1,0,0,0,O=C(NCC1CC=C2c3ccccc3C(=O)N2C1)OCc1cnc2ccccc2n1,['musk_activator_alphaC'],['MuSK'],1,1.0,0.0,0.0,0.0,0.8098436750880391,0.0,0.0,0.8098436750880391
O=C(NCc1ccccc1)NNC(=O)NCc1cccc(CN2CCCCC2)c1,395.5070000000003,2.8861000000000008,85.5,4,3,0.5675726080852472,0.75,1,0,0,0,O=C(NCc1ccccc1)NNC(=O)NCc1cccc(CN2CCCCC2)c1,['musk_activator_alphaC'],['MuSK'],1,1.0,0.0,0.0,0.0,0.7952717824255742,0.0,0.0,0.7952717824255742
C[C@H]1COc2cc3c(cc2N[C@H]1c1cccc2c[nH]cc12)S[C@@H](c1ccccc1)CO3,428.5570000000002,6.575400000000005,46.28,2,4,0.37873799927532964,0.75,0,1,0,0,c1ccc(C2COc3cc4c(cc3S2)NC(c2cccc3c[nH]cc23)CCO4)cc1,['musk_activator_alphaC'],['MuSK'],1,1.0,0.0,0.0,0.2,0.4986213997825989,0.0,0.0,0.4986213997825989
CC[C@@H]1CC(=O)N2CC(=CNc3cc(OC)nc(C(=O)N[C@H]4CCN(C)C4)c3)CC[C@H]12,427.5490000000003,2.240800000000001,86.8,2,6,0.7241788350474127,1.0,1,0,0,0,O=C(NC1CCNC1)c1cc(NC=C2CCC3CCC(=O)N3C2)ccn1,['musk_activator_alphaC'],['MuSK'],1,1.0,0.0,0.0,0.0,0.9172536505142237,0.0,0.0,0.9172536505142237
O=C1CC2=C(O)CCC[C@@H]2C2=C(O)[C@H]3CCC(c4ccccn4)=CC=C3C=C12,373.45200000000006,5.138500000000004,70.42,2,4,0.7150953184263167,0.75,0,0,0,0,O=C1CC2=CCCCC2C2=CC3CCC(c4ccccn4)=CC=C3C=C12,['musk_activator_alphaC'],['MuSK'],1,1.0,0.0,0.0,0.0,0.639528595527895,0.0,0.0,0.639528595527895
CCN(C)Cc1cc(NCCCOc2cccc(OC)c2)n(-c2ccc(C)cc2)n1,408.5460000000001,4.522020000000004,51.550000000000004,1,5,0.47282799184086594,0.75,1,0,0,0,c1ccc(OCCCNc2ccnn2-c2ccccc2)cc1,['musk_activator_alphaC'],['MuSK'],1,1.0,0.0,0.0,0.0,0.7668483975522598,0.0,0.0,0.7668483975522598
O=C(NCC[C@H]1CC[C@@]2(CCN(Cc3ccc(Cn4cccc4)cc3)C2)CC1)C1CCCCC1,461.69400000000036,6.005300000000007,37.27,1,2,0.5230011692398056,0.5,0,0,0,0,O=C(NCCC1CCC2(CC1)CCN(Cc1ccc(Cn3cccc3)cc1)C2)C1CCCCC1,['musk_activator_alphaC'],['MuSK'],1,1.0,0.0,0.0,0.0,0.5069003507719416,0.0,0.0,0.5069003507719416
Nc1ccc2cccc3c2c1[C@@H](NC(=O)c1ccccc1)c1ccccc1-3,350.42100000000005,4.921800000000003,55.12,2,2,0.504133441948475,0.75,1,0,0,0,O=C(NC1c2ccccc2-c2cccc3cccc1c23)c1ccccc1,['musk_activator_alphaC'],['MuSK'],1,1.0,0.0,0.0,0.0,0.7762400325845424,0.0,0.0,0.7762400325845424
Cc1ccc(NC(=O)NC[C@@H](C)CC(=O)NCc2ccccc2)c(N)c1,354.45400000000006,3.0413200000000007,96.25,4,3,0.5754834640820098,0.5,1,0,0,0,O=C(CCCNC(=O)Nc1ccccc1)NCc1ccccc1,['musk_activator_alphaC'],['MuSK'],1,1.0,0.0,0.0,0.0,0.7226450392246029,0.0,0.0,0.7226450392246029
Cc1cccc(OCCNC(=O)N[C@H]2CCC(=O)N(N=Cc3ccccc3)C2)c1,394.4750000000001,2.6981200000000003,83.03,2,4,0.5594921851837308,1.0,1,0,0,0,O=C(NCCOc1ccccc1)NC1CCC(=O)N(N=Cc2ccccc2)C1,['musk_activator_alphaC'],['MuSK'],1,1.0,0.0,0.0,0.0,0.8678476555551191,0.0,0.0,0.8678476555551191
CC(C)CCCCc1nc(C2=CC=C3C2=[S+]c2ncccc23)no1,338.4560000000001,3.941500000000003,51.81,0,4,0.454657666996669,1.0,1,1,1,0,C1=C(c2ncon2)C2=[S+]c3ncccc3C2=C1,['musk_activator_alphaC'],['MuSK'],1,1.0,0.0,0.0,0.2,0.7963973000990007,0.0,0.0,0.7963973000990007
Cn1c2c(cc(-n3cncc3Cc3ccnc(Cc4ccncc4)c3)c1=O)CCCC2,411.5090000000002,3.421400000000002,65.6,0,4,0.5047501578739598,1.0,1,0,0,0,O=c1[nH]c2c(cc1-n1cncc1Cc1ccnc(Cc3ccncc3)c1)CCCC2,['musk_activator_alphaC'],['MuSK'],1,1.0,0.0,0.0,0.0,0.8514250473621878,0.0,0.0,0.8514250473621878
O=C(N[C@@H]1CC[C@@H]2Cc3ccc(O)cc3C=C21)N1C=Cc2ccccc2C1,358.44100000000014,4.306400000000004,52.57,2,2,0.7982115920233853,1.0,1,0,0,0,O=C(NC1CCC2Cc3ccccc3C=C21)N1C=Cc2ccccc2C1,['musk_activator_alphaC'],['MuSK'],1,1.0,0.0,0.0,0.0,0.9394634776070154,0.0,0.0,0.9394634776070154
C[C@H]1CCCC[C@H]1CCN(C)CC(=N)c1ccc2cc(S(N)(=O)=O)ccc2n1,402.56400000000014,3.398270000000001,100.14,2,5,0.6932545350174601,0.75,1,0,0,0,N=C(CNCCC1CCCCC1)c1ccc2ccccc2n1,['musk_activator_alphaC'],['MuSK'],1,1.0,0.0,0.0,0.0,0.832976360505238,0.0,0.0,0.832976360505238
Cc1ccc(CCC(=O)N[C@@H](CO)CCCNCc2ccccc2)cc1,354.494,2.9747200000000014,61.36,3,3,0.5437990521641587,1.0,1,0,0,0,O=C(CCc1ccccc1)NCCCCNCc1ccccc1,['musk_activator_alphaC'],['MuSK'],1,1.0,0.0,0.0,0.0,0.8631397156492475,0.0,0.0,0.8631397156492475
Cc1ccc2c(-c3noc(C[C@@H]4CCN(Cc5ccn[nH]5)C4)[nH+]3)c[nH]c2c1O,379.444,2.4387199999999996,108.11,3,5,0.49352839982937363,0.75,1,0,1,0,c1ccc2c(-c3noc(CC4CCN(Cc5ccn[nH]5)C4)[nH+]3)c[nH]c2c1,['musk_activator_alphaC'],['MuSK'],1,1.0,0.0,0.0,0.0,0.773058519948812,0.0,0.0,0.773058519948812
Cc1ccc(CNC2=NC(=O)[C@@H]3Cc4nc5ccccc5n4CC3=N2)cc1,357.41700000000014,2.644020000000001,71.64,1,4,0.7663441249825687,1.0,1,0,0,0,O=C1N=C(NCc2ccccc2)N=C2Cn3c(nc4ccccc43)CC12,['musk_activator_alphaC'],['MuSK'],1,1.0,0.0,0.0,0.0,0.9299032374947704,0.0,0.0,0.9299032374947704
CCN1CCCCN(C[C@H](C)Nc2ncnn2Cc2ccccc2)CC1,356.51800000000014,2.5445,49.22,1,5,0.8261483180808785,1.0,1,0,0,0,c1ccc(Cn2ncnc2NCCN2CCCCNCC2)cc1,['musk_activator_alphaC'],['MuSK'],1,1.0,0.0,0.0,0.0,0.9478444954242635,0.0,0.0,0.9478444954242635
Cc1c2c(=O)c3ccccc3nc(O)c2nn1-c1ccc(OC[C@H](C)O)cc1,377.4000000000001,2.7075200000000006,97.47,2,6,0.5675187114530896,0.75,1,0,0,0,O=c1c2ccccc2ncc2nn(-c3ccccc3)cc12,['musk_activator_alphaC'],['MuSK'],1,1.0,0.0,0.0,0.0,0.7952556134359268,0.0,0.0,0.7952556134359268
CC1=C(CCN2C=NCC2)C2(CC2)C(C)(C)[C@H]2C(=O)C(Cc3ccc(O)cc3)=C[C@H]12,404.55400000000014,4.546700000000005,52.900000000000006,1,4,0.7328957208806898,0.75,1,0,0,0,O=C1C(Cc2ccccc2)=CC2C=C(CCN3C=NCC3)C3(CC3)CC12,['musk_activator_alphaC'],['MuSK'],1,1.0,0.0,0.0,0.0,0.8448687162642068,0.0,0.0,0.8448687162642068
O=C(Nc1cccc(OCc2ccccc2)c1)Nc1cccc([N+](=O)O)c1,364.3810000000001,4.709200000000003,90.67,3,3,0.5525945721065637,0.5,1,0,1,0,O=C(Nc1ccccc1)Nc1cccc(OCc2ccccc2)c1,['musk_activator_alphaC'],['MuSK'],1,1.0,0.0,0.0,0.0,0.715778371631969,0.0,0.0,0.715778371631969
COc1ccc(CSC2=CC3=C4CC[C@@]5(C)CC[C@@H]6CC(=O)C(=C4[C@H]65)C3=C2)cc1,402.55900000000014,6.158200000000005,26.3,0,3,0.6033617530821523,0.75,0,0,0,0,O=C1CC2CCC3CCC4=C5C=C(SCc6ccccc6)C=C5C1=C4C32,['musk_activator_alphaC'],['MuSK'],1,1.0,0.0,0.0,0.0,0.6060085259246457,0.0,0.0,0.6060085259246457
COc1cccc2c(=C(O)NCCCc3ccccc3)c3cccn3c12,346.43000000000006,3.666100000000003,45.900000000000006,2,3,0.5238033824256997,1.0,1,0,0,0,C(NCCCc1ccccc1)=c1c2ccccc2n2cccc12,['musk_activator_alphaC'],['MuSK'],1,1.0,0.0,0.0,0.0,0.8571410147277099,0.0,0.0,0.8571410147277099
O=c1c2ccc(Sc3ncn[nH]3)cc2cc2n1C[C@H](Cc1ccccc1)C2,374.46900000000016,3.685800000000002,63.57,1,4,0.5917530602567864,1.0,1,0,0,0,O=c1c2ccc(Sc3ncn[nH]3)cc2cc2n1CC(Cc1ccccc1)C2,['musk_activator_alphaC'],['MuSK'],1,1.0,0.0,0.0,0.0,0.8775259180770358,0.0,0.0,0.8775259180770358
CC(=O)Nc1cccc(NC(=O)c2csc(N=C(C)NCc3ccsc3)c2)c1,412.5400000000001,4.860000000000003,82.59,3,5,0.39934336891576144,0.75,1,0,0,0,O=C(Nc1ccccc1)c1csc(N=CNCc2ccsc2)c1,['musk_activator_alphaC'],['MuSK'],1,1.0,0.0,0.0,0.0,0.7448030106747283,0.0,0.0,0.7448030106747283
COc1ccc(-c2ncc(-c3noc(-c4ccc(C(N)=O)cc4)n3)nc2C)cc1,387.3990000000001,3.2765200000000014,117.02000000000001,1,7,0.5582509319346952,0.75,1,0,0,0,c1ccc(-c2cnc(-c3noc(-c4ccccc4)n3)cn2)cc1,['musk_activator_alphaC'],['MuSK'],1,1.0,0.0,0.0,0.0,0.7924752795804084,0.0,0.0,0.7924752795804084
C(Nc1cccc(CN2CCCCC2)c1)=C1NN=C(c2ccccc2)O1,348.45,3.864900000000003,48.89,2,5,0.8612573600708603,1.0,1,0,0,0,C(Nc1cccc(CN2CCCCC2)c1)=C1NN=C(c2ccccc2)O1,['musk_activator_alphaC'],['MuSK'],1,1.0,0.0,0.0,0.0,0.958377208021258,0.0,0.0,0.958377208021258
CN(c1ccc(Cn2ccc(-c3ccccc3)c2)cc1)c1cnc(N)[nH]c1=O,371.44400000000013,3.636800000000001,79.94,2,4,0.5612920904491486,1.0,1,0,0,0,O=c1[nH]cncc1Nc1ccc(Cn2ccc(-c3ccccc3)c2)cc1,['cdk5_activator_p25iface'],['CDK5'],1,0.0,1.0,0.0,0.0,0.8683876271347446,0.0,0.0,0.8683876271347446
O=C(c1ccccc1)c1cc2c(oc1=O)C1=[N+](CCc3ccccc31)C2=O,356.357,2.4306,67.36,0,4,0.522446208539174,1.0,1,0,1,0,O=C(c1ccccc1)c1cc2c(oc1=O)C1=[N+](CCc3ccccc31)C2=O,['cdk5_activator_p25iface'],['CDK5'],1,0.0,1.0,0.0,0.0,0.8567338625617522,0.0,0.0,0.8567338625617522
O=C(c1ccc(C(O)c2ccc3ccccc3n2)cc1)[N+]1=C2NCC=CC2=CCC1,396.4700000000002,3.3572000000000015,65.22999999999999,2,4,0.6666333410091327,1.0,1,0,1,0,O=C(c1ccc(Cc2ccc3ccccc3n2)cc1)[N+]1=C2NCC=CC2=CCC1,['cdk5_activator_p25iface'],['CDK5'],1,0.0,1.0,0.0,0.0,0.8999900023027398,0.0,0.0,0.8999900023027398
O=C(CN1CCNCC1)Nc1ccccc1-c1ccc2ccccc2c1,345.4460000000001,3.350500000000002,44.370000000000005,2,3,0.7621157490843603,1.0,1,0,0,0,O=C(CN1CCNCC1)Nc1ccccc1-c1ccc2ccccc2c1,['cdk5_activator_p25iface'],['CDK5'],1,0.0,1.0,0.0,0.0,0.928634724725308,0.0,0.0,0.928634724725308
CCN1Cc2cccc(c2)CC(=O)Nc2cc(-c3ccc(C(=O)OC)cc3)ccc2C1=O,428.48800000000017,4.297100000000003,75.71000000000001,1,4,0.6314796272725113,1.0,1,0,0,0,O=C1Cc2cccc(c2)CNC(=O)c2ccc(-c3ccccc3)cc2N1,['cdk5_activator_p25iface'],['CDK5'],1,0.0,1.0,0.0,0.0,0.8894438881817532,0.0,0.0,0.8894438881817532
O=C(Nc1c2cccccc-2cnc1=O)c1ccc(C(=O)c2ccccc2)cc1,380.4030000000001,4.029900000000002,76.13,1,4,0.5425041445204107,1.0,1,0,0,0,O=C(Nc1c2cccccc-2cnc1=O)c1ccc(C(=O)c2ccccc2)cc1,['cdk5_activator_p25iface'],['CDK5'],1,0.0,1.0,0.0,0.0,0.8627512433561231,0.0,0.0,0.8627512433561231
Cc1ccc2c(c1)c(=O)n(-c1ccc(OCc3ccc(F)cc3)cc1)c(=O)n2C,390.4140000000001,3.715920000000003,53.23,0,3,0.5337674118981616,1.0,1,0,0,0,O=c1[nH]c2ccccc2c(=O)n1-c1ccc(OCc2ccccc2)cc1,['cdk5_activator_p25iface'],['CDK5'],1,0.0,1.0,0.0,0.0,0.8601302235694483,0.0,0.0,0.8601302235694483
O=C(c1ccccc1)c1cccc(-c2ccc3[nH]c(C(=O)O)cc(=O)c3c2)c1,369.37600000000015,4.1243000000000025,87.22999999999999,2,3,0.529758551995447,1.0,1,0,0,0,O=C(c1ccccc1)c1cccc(-c2ccc3[nH]ccc(=O)c3c2)c1,['cdk5_activator_p25iface'],['CDK5'],1,0.0,1.0,0.0,0.0,0.8589275655986341,0.0,0.0,0.8589275655986341
NS(=O)(=O)c1ccc(N2CCc3cc4c5c(cccc5c3C2=O)C=C4)cc1,376.43700000000007,3.1739000000000024,80.47,1,3,0.5834240721151432,1.0,1,0,0,0,O=C1c2c(cc3c4c(cccc24)C=C3)CCN1c1ccccc1,['cdk5_activator_p25iface'],['CDK5'],1,0.0,1.0,0.0,0.0,0.8750272216345429,0.0,0.0,0.8750272216345429
O=c1nc(-c2ccccc2)nnc2c3ccccc3n(-c3ccccc3)c12,350.38100000000003,3.9959000000000024,60.67,0,4,0.4828056011588002,1.0,1,0,0,0,O=c1nc(-c2ccccc2)nnc2c3ccccc3n(-c3ccccc3)c12,['cdk5_activator_p25iface'],['CDK5'],1,0.0,1.0,0.0,0.0,0.84484168034764,0.0,0.0,0.84484168034764
CS(=O)(=O)c1ccc2cc3n(c2c1)C(=O)N(c1cccc2ccccc12)C3=O,390.42000000000013,3.826500000000003,76.45,0,4,0.5212731921299973,1.0,1,0,0,0,O=C1c2cc3ccccc3n2C(=O)N1c1cccc2ccccc12,['cdk5_activator_p25iface'],['CDK5'],1,0.0,1.0,0.0,0.0,0.8563819576389993,0.0,0.0,0.8563819576389993
O=C(c1ccc(C2=CN=CCC2)o1)[n+]1ccc(-c2ccccc2)cc1,329.379,4.128100000000003,46.45,0,3,0.6783942546300088,1.0,1,1,1,0,O=C(c1ccc(C2=CN=CCC2)o1)[n+]1ccc(-c2ccccc2)cc1,['cdk5_activator_p25iface'],['CDK5'],1,0.0,1.0,0.0,0.2,0.8635182763890027,0.0,0.0,0.8635182763890027
Cc1ncc2c(c1-n1cnc(-c3ccc(C(=O)O)cc3)c1)CCC2,319.3640000000001,3.4296200000000017,68.01,1,3,0.8028547427986907,1.0,1,0,0,0,c1ccc(-c2cn(-c3cncc4c3CCC4)cn2)cc1,['cdk5_activator_p25iface'],['CDK5'],1,0.0,1.0,0.0,0.0,0.9408564228396072,0.0,0.0,0.9408564228396072
O=C(O)[C@@H](c1ccccc1)[N+]1=CC(=C(O)c2cccc(-c3ccc(F)cc3)[nH+]2)N=C1,403.41300000000007,3.4845000000000015,87.03999999999999,2,3,0.5050761748801946,1.0,1,0,1,0,C1=NC(=Cc2cccc(-c3ccccc3)[nH+]2)C=[N+]1Cc1ccccc1,['cdk5_activator_p25iface'],['CDK5'],1,0.0,1.0,0.0,0.0,0.8515228524640583,0.0,0.0,0.8515228524640583
Cc1ccc2c(oc(=O)c3ccc(-c4ccc(CC(=O)O)nc4)cc32)c1C,359.3810000000001,4.2521400000000025,80.4,1,4,0.4367690672827797,1.0,1,0,0,0,O=c1oc2ccccc2c2cc(-c3cccnc3)ccc12,['cdk5_activator_p25iface'],['CDK5'],1,0.0,1.0,0.0,0.0,0.8310307201848339,0.0,0.0,0.8310307201848339
O=C1C=C(c2ccc(-c3ccc[n+](O)c3)[nH+]c2)C[C@@H]2Oc3ccc(O)cc3[C@H]12,374.39600000000013,2.2991,84.78,2,4,0.5324837742927775,1.0,1,0,1,0,O=C1C=C(c2ccc(-c3ccc[nH+]c3)[nH+]c2)CC2Oc3ccccc3C12,['cdk5_activator_p25iface'],['CDK5'],1,0.0,1.0,0.0,0.0,0.8597451322878331,0.0,0.0,0.8597451322878331
N#CC1COc2ccc(C=NC3=CNC(c4ccccc4)=CC=C3)cc2O1,355.3970000000001,3.810780000000002,66.64,1,5,0.8504191843531456,1.0,1,0,0,0,C1=CC(N=Cc2ccc3c(c2)OCCO3)=CNC(c2ccccc2)=C1,['cdk5_activator_p25iface'],['CDK5'],1,0.0,1.0,0.0,0.0,0.9551257553059436,0.0,0.0,0.9551257553059436
O=C(O)CCCC(=O)Nc1nc(-c2ccc(C(F)(F)F)c(F)c2)cs1,376.331,4.161400000000001,79.28999999999999,2,4,0.742227640191984,1.0,1,0,0,0,c1ccc(-c2cscn2)cc1,['cdk5_activator_p25iface'],['CDK5'],1,0.0,1.0,0.0,0.0,0.922668292057595,0.0,0.0,0.922668292057595
COc1ccc2oc(=O)c(=Nc3cccc(C(=O)O)c3)ccc2c1,323.30400000000003,2.7322000000000006,89.10000000000001,1,5,0.800280673510903,1.0,1,0,0,0,O=c1oc2ccccc2ccc1=Nc1ccccc1,['cdk5_activator_p25iface'],['CDK5'],1,0.0,1.0,0.0,0.0,0.9400842020532709,0.0,0.0,0.9400842020532709
CS(=O)(=O)Nc1ccc(NC(=O)NC[C@@]23CC[C@H]4[C@@H]5C[C@@H](C[C@H]2C5)C[C@H]43)cc1,403.54800000000023,3.642000000000002,87.30000000000001,3,3,0.7013350558582468,1.0,1,0,0,0,O=C(NCC12CCC3C4CC(CC1C4)CC32)Nc1ccccc1,['cdk5_activator_p25iface'],['CDK5'],1,0.0,1.0,0.0,0.0,0.910400516757474,0.0,0.0,0.910400516757474
O=C(O)CN1CCC[C@H]1Nc1ccc(-c2ccccc2)c2ccccc12,346.4300000000001,4.425200000000003,52.57,2,3,0.7177152686879938,1.0,1,0,0,0,c1ccc(-c2ccc(NC3CCCN3)c3ccccc23)cc1,['cdk5_activator_p25iface'],['CDK5'],1,0.0,1.0,0.0,0.0,0.915314580606398,0.0,0.0,0.915314580606398
Cc1c(N2CCN(c3ccccc3)C2=O)nc(N[C@@H](O)Oc2ccccc2)n1C,393.4470000000001,2.9419200000000014,82.86000000000001,2,5,0.6294414241773172,1.0,1,0,0,0,O=C1N(c2ccccc2)CCN1c1c[nH]c(NCOc2ccccc2)n1,['cdk5_activator_p25iface'],['CDK5'],1,0.0,1.0,0.0,0.0,0.8888324272531951,0.0,0.0,0.8888324272531951
CN(C)c1cccc(Cc2nc3nc(-c4ccc(O)cc4)cc(C=O)n3n2)c1F,391.40600000000006,3.1053000000000006,83.61999999999999,1,6,0.5265306077881879,1.0,1,0,0,1,c1ccc(Cc2nc3nc(-c4ccccc4)ccn3n2)cc1,['cdk5_activator_p25iface'],['CDK5'],1,0.0,1.0,0.0,0.0,0.8579591823364563,0.0,0.0,0.8579591823364563
Cc1cc2c(C)c(C)ccc2[nH+]c1-c1ccc(-c2nnn[nH]2)cc1,316.388,3.426260000000001,68.6,1,3,0.6158135693499812,1.0,1,0,1,0,c1ccc2[nH+]c(-c3ccc(-c4nnn[nH]4)cc3)ccc2c1,['cdk5_activator_p25iface'],['CDK5'],1,0.0,1.0,0.0,0.0,0.8847440708049943,0.0,0.0,0.8847440708049943
O=C1CN(c2ccc(-c3ncc4c(ccc5ccccc54)n3)cc2)CCN1,354.41300000000007,3.3862000000000014,58.120000000000005,1,4,0.5607818586651746,1.0,1,0,0,0,O=C1CN(c2ccc(-c3ncc4c(ccc5ccccc54)n3)cc2)CCN1,['cdk5_activator_p25iface'],['CDK5'],1,0.0,1.0,0.0,0.0,0.8682345575995523,0.0,0.0,0.8682345575995523
O=C(Nc1ccccc1)C1=CC(=O)[N+]2=NC3=C(C2=N1)[C@H](c1ccccc1)CC3,369.4040000000001,3.7577000000000025,73.9,1,4,0.8368324193680629,1.0,1,0,1,0,O=C(Nc1ccccc1)C1=CC(=O)[N+]2=NC3=C(C2=N1)C(c1ccccc1)CC3,['cdk5_activator_p25iface'],['CDK5'],1,0.0,1.0,0.0,0.0,0.9510497258104187,0.0,0.0,0.9510497258104187
Fc1ccccc1CN=C1N=C2N=c3nccnc3=C2C=C1CNC1CCCC1,388.4500000000003,1.8689999999999996,74.89,1,5,0.8497619223115492,1.0,1,0,0,0,C1=C(CNC2CCCC2)C(=NCc2ccccc2)N=C2N=c3nccnc3=C12,['cdk5_activator_p25iface'],['CDK5'],1,0.0,1.0,0.0,0.0,0.9549285766934648,0.0,0.0,0.9549285766934648
Cc1c(-c2ccc(C(=O)O)cc2)nc2c(=O)[nH]ccc2c1-c1ccccc1,356.3810000000001,4.263720000000003,83.04999999999998,2,3,0.5743345994431467,1.0,1,0,0,0,O=c1[nH]ccc2c(-c3ccccc3)cc(-c3ccccc3)nc12,['cdk5_activator_p25iface'],['CDK5'],1,0.0,1.0,0.0,0.0,0.8723003798329441,0.0,0.0,0.8723003798329441
Nc1ccc2c(ccn2[C@H]2CCCN(c3ccc(-c4nccc(N)n4)cc3)C2)c1,384.4870000000001,4.104200000000002,85.99,2,5,0.5193849404380714,1.0,1,0,0,0,c1cnc(-c2ccc(N3CCCC(n4ccc5ccccc54)C3)cc2)nc1,['cdk5_activator_p25iface'],['CDK5'],1,0.0,1.0,0.0,0.0,0.8558154821314214,0.0,0.0,0.8558154821314214
Cn1c2ccccc2c2ccc[n+]3nc(Nc4ccc(N5CCOCC5)cc4)nc-3c21,411.4890000000003,3.4162000000000017,59.09,1,5,0.46124065463286396,1.0,1,1,1,0,c1ccc2c(c1)[nH]c1c3nc(Nc4ccc(N5CCOCC5)cc4)n[n+]-3cccc12,['cdk5_activator_p25iface'],['CDK5'],1,0.0,1.0,0.0,0.2,0.7983721963898592,0.0,0.0,0.7983721963898592
O=c1nccc(-c2ccc(-c3nc(-c4ccccc4)cc[nH+]3)cc2)[nH]1,327.36699999999996,2.9799999999999995,72.78,1,3,0.6285416450148655,1.0,1,0,1,0,O=c1nccc(-c2ccc(-c3nc(-c4ccccc4)cc[nH+]3)cc2)[nH]1,['cdk5_activator_p25iface'],['CDK5'],1,0.0,1.0,0.0,0.0,0.8885624935044596,0.0,0.0,0.8885624935044596
O=C(O)CCS(=O)(=O)c1ccc2cc(-c3ccccc3)ccc2c1,340.40000000000003,3.755200000000003,71.44,1,3,0.7675731064618565,1.0,1,0,0,0,c1ccc(-c2ccc3ccccc3c2)cc1,['cdk5_activator_p25iface'],['CDK5'],1,0.0,1.0,0.0,0.0,0.9302719319385568,0.0,0.0,0.9302719319385568
CC(=O)N(c1ccc(Cc2ccccc2)cc1)c1ccc(-c2nnn[nH]2)cc1,369.42800000000005,4.142100000000003,74.77000000000001,1,4,0.5735793492641497,1.0,1,0,0,0,c1ccc(Cc2ccc(Nc3ccc(-c4nnn[nH]4)cc3)cc2)cc1,['cdk5_activator_p25iface'],['CDK5'],1,0.0,1.0,0.0,0.0,0.8720738047792449,0.0,0.0,0.8720738047792449
O=C(O)CCc1cn2c3c(nc2n1)-c1ccc2ccccc2c1C=3,315.33200000000005,2.4278000000000004,67.49,1,3,0.5550983217939222,1.0,1,0,0,0,C1=c2c(nc3nccn23)-c2ccc3ccccc3c21,['cdk5_activator_p25iface'],['CDK5'],1,0.0,1.0,0.0,0.0,0.8665294965381767,0.0,0.0,0.8665294965381767
O=C(O)Cc1ccc(-n2cnc(-c3cccc4c3CCO4)cc2=O)cc1,348.3580000000001,2.4615,81.41999999999999,1,4,0.7832072358385835,1.0,1,0,0,0,O=c1cc(-c2cccc3c2CCO3)ncn1-c1ccccc1,['cdk5_activator_p25iface'],['CDK5'],1,0.0,1.0,0.0,0.0,0.934962170751575,0.0,0.0,0.934962170751575
Cn1c(=O)n(-c2ccc(-c3nc(C(F)(F)F)no3)cc2)c(=O)c2ccccc21,388.30500000000006,2.7582000000000013,82.91999999999999,0,5,0.5274013042386412,1.0,1,0,0,0,O=c1[nH]c2ccccc2c(=O)n1-c1ccc(-c2ncno2)cc1,['cdk5_activator_p25iface'],['CDK5'],1,0.0,1.0,0.0,0.0,0.8582203912715922,0.0,0.0,0.8582203912715922
CN1CCN(CC2=NN3C(=O)[N+]4=NC(Cc5ccccc5)=NC4=C3N=C2)CC1,377.43200000000013,1.3558999999999994,79.24,0,7,0.7433537018747658,0.75,1,0,1,0,O=C1N2N=C(CN3CCNCC3)C=NC2=C2N=C(Cc3ccccc3)N=[N+]12,['cdk5_activator_p25iface'],['CDK5'],1,0.0,1.0,0.0,0.0,0.8480061105624297,0.0,0.0,0.8480061105624297
COc1ccc(Cc2nc3c(-c4ccccc4)c4ccccc4[nH+]c3c(=O)[nH]2)cc1,394.4540000000001,4.156800000000003,69.12,1,3,0.46556767993217296,1.0,1,0,1,0,O=c1[nH]c(Cc2ccccc2)nc2c(-c3ccccc3)c3ccccc3[nH+]c12,['cdk5_activator_p25iface'],['CDK5'],1,0.0,1.0,0.0,0.0,0.8396703039796518,0.0,0.0,0.8396703039796518
Cc1cc(NC(=O)c2ccc(Cl)cc2)c2ccc(OCC(=O)O)c3c2[n+]1C=C3,395.82200000000023,3.746120000000002,79.50999999999999,2,3,0.504315532954948,1.0,1,0,1,0,O=C(Nc1cc[n+]2c3c(cccc13)C=C2)c1ccccc1,['cdk5_activator_p25iface'],['CDK5'],1,0.0,1.0,0.0,0.0,0.8512946598864843,0.0,0.0,0.8512946598864843
Cc1n[nH]c(-c2cc3cccccc-3c2)c1-c1ccc(S(N)(=O)=O)cc1,363.4420000000001,3.8043200000000015,88.84,2,3,0.5800199597768754,1.0,1,0,0,0,c1ccc2cc(-c3[nH]ncc3-c3ccccc3)cc-2cc1,['cdk5_activator_p25iface'],['CDK5'],1,0.0,1.0,0.0,0.0,0.8740059879330626,0.0,0.0,0.8740059879330626
O=C1C=C2NN=NC2CN1c1nc(-c2ccc(-c3ccc(F)cc3)cc2)cs1,391.43100000000004,4.185700000000002,69.95,1,6,0.7279612290988564,1.0,1,0,0,0,O=C1C=C2NN=NC2CN1c1nc(-c2ccc(-c3ccccc3)cc2)cs1,['cdk5_activator_p25iface'],['CDK5'],1,0.0,1.0,0.0,0.0,0.9183883687296568,0.0,0.0,0.9183883687296568
CN(C)C(=O)c1ccc(NS(=O)(=O)c2ccc(Cc3c[nH]c4ccccc34)cc2)cc1,433.53300000000013,4.261300000000003,82.27000000000001,2,3,0.47662156085379925,1.0,1,0,0,0,O=S(=O)(Nc1ccccc1)c1ccc(Cc2c[nH]c3ccccc23)cc1,['cdk5_activator_p25iface'],['CDK5'],1,0.0,1.0,0.0,0.0,0.8429864682561397,0.0,0.0,0.8429864682561397
O=C1CC(=Cc2c(F)ccc(F)c2F)NN1c1ccc(S(=O)(=O)O)cc1,384.3350000000001,2.633,86.71000000000001,2,4,0.627668253453841,1.0,1,0,0,0,O=C1CC(=Cc2ccccc2)NN1c1ccccc1,['cdk5_activator_p25iface'],['CDK5'],1,0.0,1.0,0.0,0.0,0.8883004760361524,0.0,0.0,0.8883004760361524
C=C(C(C1=NC(c2ccc(OCC(=O)O)cc2)=C1)=[N+](C)C)c1ccc(OC)cc1,391.4470000000001,3.380600000000002,71.13,1,4,0.5531907540814196,1.0,1,0,1,0,C=C(C(=[N+])C1=NC(c2ccccc2)=C1)c1ccccc1,['cdk5_activator_p25iface'],['CDK5'],1,0.0,1.0,0.0,0.0,0.865957226224426,0.0,0.0,0.865957226224426
O=C(O)C1=C2C(=Nc3ccccc32)C(O)N=C1c1ccc(-c2cccc(F)c2)cc1,398.3930000000001,4.238300000000002,82.25,2,4,0.6924192687008403,1.0,1,0,0,0,C1=C2C(=Nc3ccccc32)CN=C1c1ccc(-c2ccccc2)cc1,['cdk5_activator_p25iface'],['CDK5'],1,0.0,1.0,0.0,0.0,0.9077257806102521,0.0,0.0,0.9077257806102521
Cc1cc(-c2cccn3c2nc2ccccc23)nnc1NCC(=O)Nc1ccccc1,408.46500000000015,4.303520000000002,84.21000000000001,2,5,0.4528769797865076,1.0,1,0,0,0,O=C(CNc1ccc(-c2cccn3c2nc2ccccc23)nn1)Nc1ccccc1,['cdk5_activator_p25iface'],['CDK5'],1,0.0,1.0,0.0,0.0,0.8358630939359522,0.0,0.0,0.8358630939359522
O=S(=O)(Oc1ccc(-c2nnc(-c3ccccc3)o2)cc1)c1ccccc1F,396.39900000000006,4.310400000000002,82.29,0,6,0.467658900010379,1.0,1,0,0,0,O=S(=O)(Oc1ccc(-c2nnc(-c3ccccc3)o2)cc1)c1ccccc1,['cdk5_activator_p25iface'],['CDK5'],1,0.0,1.0,0.0,0.0,0.8402976700031137,0.0,0.0,0.8402976700031137
O=P(O)(O)OCC1=CNC2=c3ccccc3=C(c3ccc(F)cc3)OC2=C1,387.3030000000001,1.6009,88.02000000000001,3,4,0.6912146184804757,1.0,1,0,0,0,C1=CNC2=c3ccccc3=C(c3ccccc3)OC2=C1,['cdk5_activator_p25iface'],['CDK5'],1,0.0,1.0,0.0,0.0,0.9073643855441427,0.0,0.0,0.9073643855441427
Fc1cccc2cc3cc(Nc4ccc(Cn5cnnn5)cc4)ncc3cc12,370.3910000000001,4.305500000000002,68.52000000000001,1,5,0.4776831392867308,1.0,1,0,0,0,c1ccc2cc3cc(Nc4ccc(Cn5cnnn5)cc4)ncc3cc2c1,['cdk5_activator_p25iface'],['CDK5'],1,0.0,1.0,0.0,0.0,0.8433049417860192,0.0,0.0,0.8433049417860192
Cc1cccc(S(=O)(=O)Nc2ccc(NC(=O)c3ccccc3)cc2)c1F,384.4320000000001,4.187220000000003,75.27000000000001,2,3,0.6926696438791556,1.0,1,0,0,0,O=C(Nc1ccc(NS(=O)(=O)c2ccccc2)cc1)c1ccccc1,['cdk5_activator_p25iface'],['CDK5'],1,0.0,1.0,0.0,0.0,0.9078008931637467,0.0,0.0,0.9078008931637467
C(=Nc1nccc(-c2ccc(-c3ccc4ccccc4c3)cc2)[nH+]1)c1cnn[nH]1,377.431,4.251600000000004,80.96000000000001,1,4,0.4754437188610125,1.0,1,0,1,0,C(=Nc1nccc(-c2ccc(-c3ccc4ccccc4c3)cc2)[nH+]1)c1cnn[nH]1,['cdk5_activator_p25iface'],['CDK5'],1,0.0,1.0,0.0,0.0,0.8426331156583038,0.0,0.0,0.8426331156583038
CNC(=O)Nc1ccc(C(=O)Nc2ccccc2)c2ccccc12,319.36400000000003,3.8434000000000017,70.23,3,2,0.6861604163987252,1.0,1,0,0,0,O=C(Nc1ccccc1)c1cccc2ccccc12,['cdk5_activator_p25iface'],['CDK5'],1,0.0,1.0,0.0,0.0,0.9058481249196175,0.0,0.0,0.9058481249196175
O=C1n2nc(Nc3ccc(C(F)(F)F)cc3)nc2N=[N+]1Cc1ccccc1,373.31800000000004,4.318600000000003,75.18,1,5,0.6914122214135037,1.0,1,0,1,0,O=C1n2nc(Nc3ccccc3)nc2N=[N+]1Cc1ccccc1,['cdk5_activator_p25iface'],['CDK5'],1,0.0,1.0,0.0,0.0,0.9074236664240511,0.0,0.0,0.9074236664240511
CC1=CC=C2C1=Cc1sc3cc(C(=O)NCCC(=O)O)cc(O)c3c12,353.39900000000006,3.5517000000000016,86.63000000000001,3,4,0.7844138462659762,1.0,1,0,0,0,C1=CC2=Cc3sc4ccccc4c3C2=C1,['cdk5_activator_p25iface'],['CDK5'],1,0.0,1.0,0.0,0.0,0.9353241538797927,0.0,0.0,0.9353241538797927
Cc1ccc(C[C@H](CC(=O)Nc2ccc(CC(=O)O)cn2)c2ccccc2)cc1,388.46700000000004,4.372220000000003,79.29,2,3,0.6004329358096825,1.0,1,0,0,0,O=C(CC(Cc1ccccc1)c1ccccc1)Nc1ccccn1,['cdk5_activator_p25iface'],['CDK5'],1,0.0,1.0,0.0,0.0,0.8801298807429048,0.0,0.0,0.8801298807429048
Cc1ccc2oc(=O)c(NNC(=O)c3ccc(-c4ccccc4)cc3)c-2cc1,370.4080000000001,4.4769200000000025,71.34,2,4,0.5198325130334877,1.0,1,0,0,0,O=C(NNc1c2cccccc-2oc1=O)c1ccc(-c2ccccc2)cc1,['cdk5_activator_p25iface'],['CDK5'],1,0.0,1.0,0.0,0.0,0.8559497539100462,0.0,0.0,0.8559497539100462
Cc1ccc2c(c1)cc1c3c(cc(Cc4cccc(S(N)(=O)=O)c4)cc32)C(=O)N1,402.47500000000014,4.1053200000000025,89.26,2,3,0.5056057022916967,1.0,1,0,0,0,O=C1Nc2cc3ccccc3c3cc(Cc4ccccc4)cc1c23,['cdk5_activator_p25iface'],['CDK5'],1,0.0,1.0,0.0,0.0,0.851681710687509,0.0,0.0,0.851681710687509
COc1cccc2cc(NC(=O)c3cccc4cc(C)ccc34)c(=O)[nH]c12,358.3970000000001,4.250620000000002,71.19,2,3,0.575029096048148,1.0,1,0,0,0,O=C(Nc1cc2ccccc2[nH]c1=O)c1cccc2ccccc12,['cdk5_activator_p25iface'],['CDK5'],1,0.0,1.0,0.0,0.0,0.8725087288144444,0.0,0.0,0.8725087288144444
OC(=Cc1cccc2c(C(F)(F)F)c[nH]c12)NCCn1c[nH+]c2ccccc21,387.38500000000005,4.101700000000002,67.12,3,2,0.4515024398743007,1.0,1,0,1,0,C(=Cc1cccc2cc[nH]c12)NCCn1c[nH+]c2ccccc21,['cdk5_activator_p25iface'],['CDK5'],1,0.0,1.0,0.0,0.0,0.8354507319622901,0.0,0.0,0.8354507319622901
Cc1cccc(Cn2c(=O)cc(Cc3ccc4ccccc4c3)[nH]c2=O)c1,356.42500000000007,3.6373200000000017,54.86,1,2,0.6069229271111077,1.0,1,0,0,0,O=c1cc(Cc2ccc3ccccc3c2)[nH]c(=O)n1Cc1ccccc1,['cdk5_activator_p25iface'],['CDK5'],1,0.0,1.0,0.0,0.0,0.8820768781333324,0.0,0.0,0.8820768781333324
O=c1[nH]nc2c(c1-c1cccc(-c3ccc(-c4ccccc4)[nH+]c3)c1)CCC2,366.44400000000013,4.073700000000002,59.89,1,2,0.5939955656643363,1.0,1,0,1,0,O=c1[nH]nc2c(c1-c1cccc(-c3ccc(-c4ccccc4)[nH+]c3)c1)CCC2,['cdk5_activator_p25iface'],['CDK5'],1,0.0,1.0,0.0,0.0,0.8781986696993009,0.0,0.0,0.8781986696993009
Cc1ccc(O)c2c1C(=O)C(=O)[C@H](c1ccc(-c3ccccc3)cc1)C(=O)N2,371.39200000000005,3.8553200000000034,83.47,2,4,0.4070805595743365,1.0,1,1,0,0,O=C1C(=O)C(c2ccc(-c3ccccc3)cc2)C(=O)Nc2ccccc21,['cdk5_activator_p25iface'],['CDK5'],1,0.0,1.0,0.0,0.2,0.7821241678723009,0.0,0.0,0.7821241678723009
O=C1C=CC(=O)[N+](c2ccc3[nH+]c(-c4ccccc4)ccc3c2)=N1,315.33200000000005,3.0401000000000016,63.65,0,2,0.6823192334979364,1.0,1,0,1,0,O=C1C=CC(=O)[N+](c2ccc3[nH+]c(-c4ccccc4)ccc3c2)=N1,['cdk5_activator_p25iface'],['CDK5'],1,0.0,1.0,0.0,0.0,0.904695770049381,0.0,0.0,0.904695770049381
C[C@@H](C(F)F)n1[nH]cc2cc(-c3cccc(C=CC(=O)O)c3)nc-2c1=O,359.33200000000016,3.267100000000001,87.97999999999999,2,3,0.6845929296192564,1.0,1,0,0,0,O=c1[nH][nH]cc2cc(-c3ccccc3)nc1-2,['cdk5_activator_p25iface'],['CDK5'],1,0.0,1.0,0.0,0.0,0.9053778788857769,0.0,0.0,0.9053778788857769
O=c1[nH]cc(CC=Cc2cccc(-c3cccc[nH+]3)c2)c2ccccc12,339.4180000000001,4.265100000000003,47.0,1,1,0.5930301107813165,1.0,1,0,1,0,O=c1[nH]cc(CC=Cc2cccc(-c3cccc[nH+]3)c2)c2ccccc12,['cdk5_activator_p25iface'],['CDK5'],1,0.0,1.0,0.0,0.0,0.8779090332343948,0.0,0.0,0.8779090332343948
O=C(O)CCc1ccc(N(CCC(=O)O)c2ccc3ccccc3c2)cc1,363.413,4.469800000000004,77.84,2,3,0.6173188864464665,1.0,1,0,0,0,c1ccc(Nc2ccc3ccccc3c2)cc1,['cdk5_activator_p25iface'],['CDK5'],1,0.0,1.0,0.0,0.0,0.88519566593394,0.0,0.0,0.88519566593394
Cc1cc(-c2cc[nH+]cc2)c[nH+]c1NC(=O)c1cccc2[n+]1C(=O)c1ccccc1-2,395.4420000000002,2.49892,78.33000000000001,1,2,0.4765964467874188,1.0,1,1,1,0,O=C(Nc1ccc(-c2cc[nH+]cc2)c[nH+]1)c1cccc2[n+]1C(=O)c1ccccc1-2,['cdk5_activator_p25iface'],['CDK5'],1,0.0,1.0,0.0,0.2,0.8029789340362257,0.0,0.0,0.8029789340362257
Nc1c(N=Cc2ccco2)c(O)cc[n+]1-c1ccc(C(F)(F)F)cc1,348.304,3.613500000000001,75.63,2,4,0.5607251996652165,1.0,1,0,1,0,C(=Nc1ccc[n+](-c2ccccc2)c1)c1ccco1,['cdk5_activator_p25iface'],['CDK5'],1,0.0,1.0,0.0,0.0,0.868217559899565,0.0,0.0,0.868217559899565
Cc1cccc(-c2ccc(-c3ccc(-c4nn(C)c(=O)[nH]c4=O)cc3)o2)c1,359.38500000000005,3.3710200000000015,80.89,1,4,0.6080327087253556,1.0,1,0,0,0,O=c1[nH]nc(-c2ccc(-c3ccc(-c4ccccc4)o3)cc2)c(=O)[nH]1,['cdk5_activator_p25iface'],['CDK5'],1,0.0,1.0,0.0,0.0,0.8824098126176068,0.0,0.0,0.8824098126176068
CC(=O)NC1=CC(c2nc3ccc(C)ccc-3n2)=Cc2c(C)ccc3onc1c23,382.4230000000002,4.370640000000003,80.91000000000001,1,5,0.5566981886444569,1.0,1,0,0,0,C1=Cc2noc3cccc(c23)C=C1c1nc2cccccc-2n1,['cdk5_activator_p25iface'],['CDK5'],1,0.0,1.0,0.0,0.0,0.8670094565933371,0.0,0.0,0.8670094565933371
Oc1c2c(c3cccc4ccn1c43)=CC=C(Oc1ccccc1)C=C2,325.367,4.287200000000003,33.870000000000005,1,2,0.5964684222814327,1.0,1,0,0,0,C1=Cc2cn3ccc4cccc(c2=CC=C1Oc1ccccc1)c43,['cdk5_activator_p25iface'],['CDK5'],1,0.0,1.0,0.0,0.0,0.8789405266844297,0.0,0.0,0.8789405266844297
Cc1ccc2c(c1)-c1oc3cn4c(=O)n5ccc(C)nc5nc4c3c1C=CO2,370.3680000000001,3.7353400000000025,74.04,0,5,0.415164597694484,1.0,1,0,0,0,O=c1n2cccnc2nc2c3c4c(oc3cn12)-c1ccccc1OC=C4,['cdk5_activator_p25iface'],['CDK5'],1,0.0,1.0,0.0,0.0,0.8245493793083452,0.0,0.0,0.8245493793083452
OC(=Nc1nccs1)c1cnc(Nc2ccc3ccccc3c2)nc1,347.4030000000001,4.466200000000002,83.29,2,6,0.42035130907865564,1.0,1,0,0,0,C(=Nc1nccs1)c1cnc(Nc2ccc3ccccc3c2)nc1,['cdk5_activator_p25iface'],['CDK5'],1,0.0,1.0,0.0,0.0,0.8261053927235966,0.0,0.0,0.8261053927235966
COc1ccc(NC(=O)[C@@H](Nc2ccccc2)C(=Cc2ccccc2)C(=O)O)cc1,402.45000000000016,4.282600000000002,87.66000000000001,3,4,0.48961160384810626,1.0,1,0,0,0,O=C(Nc1ccccc1)C(C=Cc1ccccc1)Nc1ccccc1,['cdk5_activator_p25iface'],['CDK5'],1,0.0,1.0,0.0,0.0,0.8468834811544319,0.0,0.0,0.8468834811544319
O=c1c2ccc(P(=O)(O)O)ccc-2nc(Cc2ccccc2)c1-c1ccccc1,403.3740000000001,3.607400000000003,87.49000000000001,2,3,0.5085618349776531,1.0,1,0,0,0,O=c1c2cccccc-2nc(Cc2ccccc2)c1-c1ccccc1,['cdk5_activator_p25iface'],['CDK5'],1,0.0,1.0,0.0,0.0,0.8525685504932958,0.0,0.0,0.8525685504932958
CN1CCN(c2ccc3[nH]c(-c4ccccc4)cc3c2)C(=O)[C@@H]1n1cnc[nH+]1,373.44000000000005,2.3226999999999998,71.30000000000001,1,3,0.5990933118129732,1.0,1,0,1,0,O=C1C(n2cnc[nH+]2)NCCN1c1ccc2[nH]c(-c3ccccc3)cc2c1,['cdk5_activator_p25iface'],['CDK5'],1,0.0,1.0,0.0,0.0,0.879727993543892,0.0,0.0,0.879727993543892
COc1cccc(Cc2cc3ccc(N4C=CCC(C(=O)O)=N4)cc3nn2)c1F,392.3900000000001,3.532700000000002,87.91,1,6,0.7146831434974155,1.0,1,0,0,0,C1=CN(c2ccc3cc(Cc4ccccc4)nnc3c2)N=CC1,['cdk5_activator_p25iface'],['CDK5'],1,0.0,1.0,0.0,0.0,0.9144049430492245,0.0,0.0,0.9144049430492245
Cc1ccc2nc(NCc3ccc4ccccc4c3)nn2c(=O)n1,317.3520000000001,2.5582200000000004,72.18,1,5,0.6285374212196823,1.0,1,0,0,0,O=c1ncccc2nc(NCc3ccc4ccccc4c3)nn12,['cdk5_activator_p25iface'],['CDK5'],1,0.0,1.0,0.0,0.0,0.8885612263659046,0.0,0.0,0.8885612263659046
O=C(Nc1ccc(-c2cccn(O)c2=O)cc1)c1ccc2ccccc2c1,356.3810000000001,4.158100000000002,71.33000000000001,2,3,0.5416162879707805,1.0,1,0,0,0,O=C(Nc1ccc(-c2ccc[nH]c2=O)cc1)c1ccc2ccccc2c1,['cdk5_activator_p25iface'],['CDK5'],1,0.0,1.0,0.0,0.0,0.8624848863912342,0.0,0.0,0.8624848863912342
COc1cc(-c2ccc3c(c2)[N+]2=C4C=CCCC4=NC2=C3C(O)O)ccc1O,375.40400000000005,2.9503000000000026,85.29,3,5,0.568794532710487,1.0,1,0,1,0,C1=CC2=[N+]3C(=Cc4ccc(-c5ccccc5)cc43)N=C2CC1,['cdk5_activator_p25iface'],['CDK5'],1,0.0,1.0,0.0,0.0,0.870638359813146,0.0,0.0,0.870638359813146
COc1ccc(-c2ccc(NC(=O)C=Cc3ccc(O)c(O)c3)cc2)cc1,361.39700000000005,4.425300000000004,78.79,3,4,0.4640842256351519,1.0,1,1,0,0,O=C(C=Cc1ccccc1)Nc1ccc(-c2ccccc2)cc1,['cdk5_activator_p25iface'],['CDK5'],1,0.0,1.0,0.0,0.2,0.7992252676905456,0.0,0.0,0.7992252676905456
O=C(O)c1ccc2c(c1)c1c(n2CC=Cc2ccccc2)=C(O)c2ccccc2OC=1,409.4410000000001,3.897800000000003,71.69,2,3,0.5363755629577431,1.0,1,0,0,0,C(=Cc1ccccc1)Cn1c2c(c3ccccc31)=COc1ccccc1C=2,['cdk5_activator_p25iface'],['CDK5'],1,0.0,1.0,0.0,0.0,0.860912668887323,0.0,0.0,0.860912668887323
O=C(c1ccc2ccccc2c1O)N1Cc2cc3ccccc3nc2C1,340.38200000000006,4.249600000000003,53.43,1,3,0.5634885996652634,1.0,1,0,0,0,O=C(c1ccc2ccccc2c1)N1Cc2cc3ccccc3nc2C1,['cdk5_activator_p25iface'],['CDK5'],1,0.0,1.0,0.0,0.0,0.869046579899579,0.0,0.0,0.869046579899579
COc1cccc(-c2ccc3c(cnn3Cc3cccc(S(=O)(=O)O)c3)c2)c1,394.45200000000006,4.006900000000003,81.42,1,4,0.5174459717580568,1.0,1,0,0,0,c1ccc(Cn2ncc3cc(-c4ccccc4)ccc32)cc1,['cdk5_activator_p25iface'],['CDK5'],1,0.0,1.0,0.0,0.0,0.8552337915274171,0.0,0.0,0.8552337915274171
CC(C)(C)c1c[nH]c(=O)c2c1=NC=2c1ccc(-c2ccccc2)cc1,328.415,3.129100000000002,45.22,1,2,0.7716770181286,1.0,1,0,0,0,O=c1[nH]ccc2c1=C(c1ccc(-c3ccccc3)cc1)N=2,['cdk5_activator_p25iface'],['CDK5'],1,0.0,1.0,0.0,0.0,0.9315031054385798,0.0,0.0,0.9315031054385798
CC12CC(C3CCN(O)NOC4(O)OC4(O)C3)CC1C1CCC2C(O)C1,370.4460000000002,0.7119999999999989,117.95000000000002,5,8,0.428524591475337,0.25,1,0,0,0,C1CC(C2CC3C4CCC(CC4)C3C2)CC2OC2ONN1,['pak4_activator_alphaC'],['PAK4'],1,0.0,1.0,0.0,0.0,0.6035573774426011,0.0,0.0,0.6035573774426011
OC1CCC(O)C(CCC2CCCC3CCCCCCC32)OC(O)C2CC1N2,395.58400000000006,3.1030000000000015,81.95,4,5,0.59031217269688,0.75,1,0,0,0,C1CCCC2C(CC1)CCCC2CCC1CCCCC2CC(CO1)N2,['pak4_activator_alphaC'],['PAK4'],1,0.0,1.0,0.0,0.0,0.802093651809064,0.0,0.0,0.802093651809064
OC1OC(C(O)C=COOCOC2CC3CCCCC3C3CCCCCC23)O1,398.49600000000027,3.207300000000002,86.61000000000001,2,7,0.22384746731865546,1.0,1,0,0,0,C(=COOCOC1CC2CCCCC2C2CCCCCC12)CC1OCO1,['pak4_activator_alphaC'],['PAK4'],1,0.0,1.0,0.0,0.0,0.7671542401955966,0.0,0.0,0.7671542401955966
C=C1C2CCC(C)C3(CCCCC23)C1CCC1N[SH]=CC(O)OC(=O)C1C,393.5930000000001,3.8275000000000015,58.559999999999995,3,4,0.29519287571788655,1.0,1,1,0,0,C=C1C2CCCC3(CCCCC23)C1CCC1CC(=O)OCC=[SH]N1,['pak4_activator_alphaC'],['PAK4'],1,0.0,1.0,0.0,0.2,0.7485578627153661,0.0,0.0,0.7485578627153661
CC1CC2CCCC1(C=CC1C(CCOC3OON3O)C3(O)C(O)N13)CC2,382.4570000000001,1.7283999999999995,94.63000000000001,3,8,0.36323690838788064,0.75,1,0,0,1,C(=CC12CCCC(CC1)CC2)C1C(CCOC2NOO2)C2CN12,['pak4_activator_alphaC'],['PAK4'],1,0.0,1.0,0.0,0.0,0.7339710725163642,0.0,0.0,0.7339710725163642
CN1CCC(OOC2CNOCNOC(O)C2C(O)O)C2CC=CCC21C,389.4490000000001,-1.008999999999997,124.91000000000003,5,10,0.17676121747690582,0.25,1,0,0,0,C1=CCC2C(C1)NCCC2OOC1CCONCONC1,['pak4_activator_alphaC'],['PAK4'],1,0.0,1.0,0.0,0.0,0.5280283652430717,0.0,0.0,0.5280283652430717
CC12CCCC3CCC1CC(NC(=O)CC(CC=O)C(O)C(O)C1OOC1O)C32C,425.5220000000001,1.0634999999999994,125.32000000000002,4,7,0.3384643749154104,0.25,1,0,0,1,O=C(CCCCC1COO1)NC1CC2CCC3CCCC2C31,['pak4_activator_alphaC'],['PAK4'],1,0.0,1.0,0.0,0.0,0.5765393124746232,0.0,0.0,0.5765393124746232
NC1CC(CCC23CC(O)C4CC2CCC4C3)C(O)C2C3=CC(CO1)CC32O,389.5360000000002,1.9431999999999996,95.94000000000001,4,5,0.5534660191491628,0.5,1,0,0,0,C1=C2C3CC1COCCC(CCC14CCC5CC1CCC5C4)CC23,['pak4_activator_alphaC'],['PAK4'],1,0.0,1.0,0.0,0.0,0.7160398057447488,0.0,0.0,0.7160398057447488
CC1C2(C)CCCC1(C)C(CNC1CCC3CCCOC4(O)C(O)C4C31)CC2=O,405.5790000000002,2.882100000000001,78.78999999999999,3,5,0.6728984993222434,1.0,1,0,0,0,O=C1CC(CNC2CCC3CCCOC4CC4C32)C2CCCC1C2,['pak4_activator_alphaC'],['PAK4'],1,0.0,1.0,0.0,0.0,0.9018695497966729,0.0,0.0,0.9018695497966729
CC1CC=CC2C1C(OCC1COCCC(O)C1C)CCC21CCN(C)C1,377.56900000000024,3.3492000000000024,41.93,1,4,0.7661170017529707,1.0,1,0,0,0,C1=CC2C(CC1)C(OCC1CCCCOC1)CCC21CCNC1,['pak4_activator_alphaC'],['PAK4'],1,0.0,1.0,0.0,0.0,0.9298351005258911,0.0,0.0,0.9298351005258911
OC(NC1=NN1NC1CC1)C1CC(=CC2CCC=CC3CCCCC23)CCN1O,401.55500000000023,2.7005999999999997,83.13,4,7,0.41884608676011764,0.75,1,0,0,0,C1=CC2CCCCC2C(C=C2CCNC(CNC3=NN3NC3CC3)C2)CC1,['pak4_activator_alphaC'],['PAK4'],1,0.0,1.0,0.0,0.0,0.7506538260280353,0.0,0.0,0.7506538260280353
CC[NH+]1C=CN2CC1CCCCCOCNC1C3=C(NC=C4OOC=C43)N3C1N3C2,415.5180000000001,-0.11539999999999662,65.45,3,8,0.40499466493136466,0.75,1,0,1,0,C1=CN2CC(CCCCCOCNC3C4=C(NC=C5OOC=C54)N4C3N4C2)[NH2+]1,['pak4_activator_alphaC'],['PAK4'],1,0.0,1.0,0.0,0.0,0.7464983994794094,0.0,0.0,0.7464983994794094
O=C1CC2CCC3C(=C4CC4C(O)C(O)NO)C=CCC1(C2)C31CC1,345.43900000000025,2.0766,89.79,4,5,0.4644368032842767,0.75,1,0,0,0,O=C1CC2CCC3C(=C4CC4)C=CCC1(C2)C31CC1,['pak4_activator_alphaC'],['PAK4'],1,0.0,1.0,0.0,0.0,0.764331040985283,0.0,0.0,0.764331040985283
CN1CCC2C3NC4CC21CC3(C)CC4C=C1CCCCC(C(O)O)N1,361.5300000000001,1.5640999999999994,67.76,4,5,0.5623362564754094,0.75,1,0,0,0,C(=C1CCCCCN1)C1CC2CC34CC1NC2C3CCN4,['pak4_activator_alphaC'],['PAK4'],1,0.0,1.0,0.0,0.0,0.7937008769426228,0.0,0.0,0.7937008769426228
CC(O)C1C(O)CCOOC(O)C2C(CC3CC4CC5CC35CC(C)(O)CC43CC3)C12,436.58900000000034,2.6244000000000005,99.38000000000001,4,6,0.5078156182112313,0.5,1,0,0,0,C1CCC2C(COOC1)C2CC1CC2CC3CC13CCCC21CC1,['pak4_activator_alphaC'],['PAK4'],1,0.0,1.0,0.0,0.0,0.7023446854633695,0.0,0.0,0.7023446854633695
OC1CCC2(CON2O)NC(O)N1C(OCC1CCCCC1)C1=NCNC=C1,397.4760000000003,0.03720000000000151,122.05000000000001,5,10,0.43748749713071694,0.25,1,0,0,0,C1=CC(C(OCC2CCCCC2)N2CCCC3(CON3)NC2)=NCN1,['pak4_activator_alphaC'],['PAK4'],1,0.0,1.0,0.0,0.0,0.6062462491392151,0.0,0.0,0.6062462491392151
C=C1CC1C(O)NCNCC1(O)CC2(C)C(C)CC1CC1CC12CC(C)C(C)C,404.6390000000002,3.8933000000000018,64.52,4,4,0.26739044058361244,0.75,1,0,0,0,C=C1CC1CNCNCC1CC2CCC1CC1CC21,['pak4_activator_alphaC'],['PAK4'],1,0.0,1.0,0.0,0.0,0.7052171321750837,0.0,0.0,0.7052171321750837
OC1CNC(O)C1SC1CCC(COC(O)N2CC(N3CCCC3)C3CCCCC32)NC1,470.6800000000004,0.12260000000000387,100.46,5,9,0.3323446287085519,0.0,1,0,0,0,C1CCC2C(C1)C(N1CCCC1)CN2COCC1CCC(SC2CCNC2)CN1,['pak4_activator_alphaC'],['PAK4'],1,0.0,1.0,0.0,0.0,0.4997033886125656,0.0,0.0,0.4997033886125656
CC(O)C(CCCC=CCC1C=CCCCC1)C1C(C(=O)O)SC(O)C1O,398.56500000000005,3.341900000000001,97.99000000000001,4,5,0.3512310147999549,0.5,1,0,0,0,C1=CC(CC=CCCCCC2CCSC2)CCCC1,['pak4_activator_alphaC'],['PAK4'],1,0.0,1.0,0.0,0.0,0.6553693044399864,0.0,0.0,0.6553693044399864
CC(O)N=C1CC(C)C(C2CC(O)C3CCCC4OC4C(O)OCC3S2)C(C2CC2)C1,453.6450000000002,2.975500000000001,94.81000000000002,3,7,0.5689300348952633,0.5,1,0,0,0,N=C1CCC(C2CCC3CCCC4OC4COCC3S2)C(C2CC2)C1,['pak4_activator_alphaC'],['PAK4'],1,0.0,1.0,0.0,0.0,0.720679010468579,0.0,0.0,0.720679010468579
OC1COc2ccccc2C1CNCC1CCCCC1=CN1CC=CCC1,368.52100000000013,3.4491000000000023,44.730000000000004,2,4,0.7816430621385918,1.0,1,0,0,0,C1=CCN(C=C2CCCCC2CNCC2CCOc3ccccc32)CC1,['pak4_activator_alphaC'],['PAK4'],1,0.0,1.0,0.0,0.0,0.9344929186415776,0.0,0.0,0.9344929186415776
CC1CC2CC3CCC(C2)C1(CCN(N)C1COCc2ccccc2C1=O)C3,382.5480000000001,4.186400000000003,55.559999999999995,1,4,0.6266958257835455,1.0,1,0,0,0,O=C1c2ccccc2COCC1NCCC12CCC3CC(CCC1C3)C2,['pak4_activator_alphaC'],['PAK4'],1,0.0,1.0,0.0,0.0,0.8880087477350636,0.0,0.0,0.8880087477350636
CC(C)CCCC(NC1CCCCC1)NC1CC2CC2C(O)C(O)C(O)O1,384.56100000000004,2.0734,93.98,5,6,0.4114829630069201,0.5,1,0,0,0,C1CCC(NCNC2CC3CC3CCCO2)CC1,['pak4_activator_alphaC'],['PAK4'],1,0.0,1.0,0.0,0.0,0.6734448889020761,0.0,0.0,0.6734448889020761
CN1CCC(=C(CC2CCCCCCC2)NCC2OOOC(O)CCS2)CC1,414.6120000000002,3.967500000000003,63.19000000000001,2,7,0.6601282258796675,1.0,1,0,0,0,C1CCCC(CC(NCC2OOOCCCS2)=C2CCNCC2)CCC1,['pak4_activator_alphaC'],['PAK4'],1,0.0,1.0,0.0,0.0,0.8980384677639002,0.0,0.0,0.8980384677639002
CC1CC2CC3C(C)C(=O)CCC3C2C2C(O1)C(O)C(O)C21CC1O,350.45500000000004,1.1339,86.99000000000001,3,5,0.609708179082035,0.75,1,0,0,0,O=C1CCC2C(C1)CC1CCOC3CCC4(CC4)C3C12,['pak4_activator_alphaC'],['PAK4'],1,0.0,1.0,0.0,0.0,0.8079124537246105,0.0,0.0,0.8079124537246105
CC1CC2CC3(CC2C2C4CNCCC(O)C5CCCN5C42)C(C)CCCC13C,400.6510000000003,4.298300000000004,35.5,2,3,0.6888330592398452,1.0,1,0,0,0,C1CNCC2C(C3CC45CCCCC4CCC3C5)C2N2CCCC2C1,['pak4_activator_alphaC'],['PAK4'],1,0.0,1.0,0.0,0.0,0.9066499177719536,0.0,0.0,0.9066499177719536
CC1=C(C)C2CCCCC2C(NOC2COCCC3CN2C(O)CCCC3=O)C1,406.56700000000023,3.1587000000000014,71.03,2,6,0.5541870204805873,1.0,1,0,0,0,O=C1CCCCN2CC1CCOCC2ONC1CC=CC2CCCCC21,['pak4_activator_alphaC'],['PAK4'],1,0.0,1.0,0.0,0.0,0.8662561061441763,0.0,0.0,0.8662561061441763
CC12C(O)CC3(CCCC34CC14)C(=O)CC2CN1CC(=O)C1CC=O,345.43900000000014,1.3652,74.68,1,5,0.7790368627157739,0.75,1,0,0,1,O=C1CN(CC2CC(=O)C34CCCC35CC5C2CC4)C1,['pak4_activator_alphaC'],['PAK4'],1,0.0,1.0,0.0,0.0,0.8587110588147322,0.0,0.0,0.8587110588147322
O=C(NC1C2OC2CNOBC2OC2(O)C1O)C1=C2CCCCC2CC=C1,376.21800000000025,-1.0225999999999997,115.88000000000001,4,7,0.3601235955661694,0.25,1,0,0,0,O=C(NC1CC2OC2BONCC2OC12)C1=C2CCCCC2CC=C1,['pak4_activator_alphaC'],['PAK4'],1,0.0,1.0,0.0,0.0,0.5830370786698509,0.0,0.0,0.5830370786698509
O=C1C(C2NN2)C23CCC(O)(CC2)CC3N1CC1C(O)C1CC1COCC2C(=O)N12,418.4940000000002,-1.4508999999999965,133.96,4,7,0.4014163715352925,0.25,1,0,0,1,O=C1C(C2NN2)C23CCC(CC2)CC3N1CC1CC1CC1COCC2C(=O)N12,['pak4_activator_alphaC'],['PAK4'],1,0.0,1.0,0.0,0.0,0.5954249114605878,0.0,0.0,0.5954249114605878
O=C1OCC2C(CC(CCC(O)O)C2C2C(O)C2(O)O)C1c1ccccc1,378.42100000000005,-0.04200000000000048,127.45000000000002,5,7,0.35923950175347613,0.25,1,0,0,0,O=C1OCC2C(C3CC3)CCC2C1c1ccccc1,['pak4_activator_alphaC'],['PAK4'],1,0.0,1.0,0.0,0.0,0.5827718505260429,0.0,0.0,0.5827718505260429
O=C1OPC(O)N(C2Cc3ccc(N4CCCC4)cc3NC3OC32)C(=O)O1,393.3360000000001,1.8064999999999998,103.87000000000002,2,8,0.3393876798223201,0.75,1,0,0,0,O=C1OPCN(C2Cc3ccc(N4CCCC4)cc3NC3OC32)C(=O)O1,['pak4_activator_alphaC'],['PAK4'],1,0.0,1.0,0.0,0.0,0.7268163039466959,0.0,0.0,0.7268163039466959
OC1CN2OCC3C(C4CC5CCC6(CCCCC56)C4)CC(NCOC1O)C32,392.54,1.8600999999999994,74.19000000000001,3,6,0.6326031139205991,1.0,1,0,0,0,C1CCC23CCC(CC(C4CC5NCOCCCN6OCC4C56)C2)C3C1,['pak4_activator_alphaC'],['PAK4'],1,0.0,1.0,0.0,0.0,0.8897809341761798,0.0,0.0,0.8897809341761798
CN1CCN(C2CC3C(O)NC=CCCOC3(O)CC2O)C(c2ccccc2)C1,403.52300000000014,0.6452000000000008,88.43,4,7,0.5765460965439926,0.5,1,0,0,0,C1=CNCC2CC(N3CCNCC3c3ccccc3)CCC2OCC1,['pak4_activator_alphaC'],['PAK4'],1,0.0,1.0,0.0,0.0,0.7229638289631977,0.0,0.0,0.7229638289631977
CC(OC(O)C1OC1O)C1CC2(C=C3C=CC=C=C3CC2)CC2C(C)N12,357.45000000000016,2.0201000000000002,65.23,2,5,0.4578174113705096,1.0,1,0,0,1,C1=CC=CC2=CC3(CCC=12)CC(COCC1CO1)N1CC1C3,['pak4_activator_alphaC'],['PAK4'],1,0.0,1.0,0.0,0.0,0.8373452234111529,0.0,0.0,0.8373452234111529
CC(O)C1C2OC(O)(C(O)O)C(O)C2CN1C1C=C2CCCC(C)C(C)(C1)C2C,411.5390000000003,0.5876999999999994,113.62,5,7,0.3411239134368149,0.25,1,0,0,0,C1=C2CCCCC(C2)CC1N1CC2CCOC2C1,['pak4_activator_alphaC'],['PAK4'],1,0.0,1.0,0.0,0.0,0.5773371740310445,0.0,0.0,0.5773371740310445
C=C1C2CC3C(NC4NC4CC(O)CCO)CC4CC5(C)CCC1C5(C2)C43C.O,404.5950000000003,1.9798,105.93,4,4,0.4011045044225761,0.5,1,0,0,1,C=C1C2CC3C(NC4CN4)CC4CC5CCC1C5(C2)C43,['pak4_activator_alphaC'],['PAK4'],1,0.0,1.0,0.0,0.0,0.6703313513267728,0.0,0.0,0.6703313513267728
CC1(C)CC2CC=C3CC(C4C5CC(CC(=O)O)CC(O)C56ON46)CC1C3C2,387.52000000000015,3.582600000000002,73.07000000000001,2,4,0.5719479493649178,1.0,1,0,0,0,C1=C2CC(C3C4CCCCC45ON35)CC3CCC(C1)CC23,['pak4_activator_alphaC'],['PAK4'],1,0.0,1.0,0.0,0.0,0.8715843848094753,0.0,0.0,0.8715843848094753
CC1(C)CCCC2C(=O)CC3CC4CC(O)C5COOCCC5CC4CC3C21,390.5640000000002,4.399300000000004,55.760000000000005,1,4,0.6230350631699364,1.0,1,0,0,0,O=C1CC2CC3CCC4COOCCC4CC3CC2C2CCCCC12,['pak4_activator_alphaC'],['PAK4'],1,0.0,1.0,0.0,0.0,0.8869105189509809,0.0,0.0,0.8869105189509809
CNC1=CC2C(C[N+](=C(C)C)C2CC2SCC3C(NO)COC4C2C34)C(C)C1,406.61600000000016,2.351300000000001,56.53,3,5,0.4942877298124397,1.0,1,0,1,0,C=[N+]1CC2CCC=CC2C1CC1SCC2CCOC3C2C13,['pak4_activator_alphaC'],['PAK4'],1,0.0,1.0,0.0,0.0,0.848286318943732,0.0,0.0,0.848286318943732
CC12C(CCC1NCC1CC(O)CNC(O)C1)CC(C=N)C1CCCCC12,377.57300000000015,2.515670000000001,88.37,5,5,0.48723230608380796,0.75,1,0,0,0,C1CNCCC(CNC2CCC3CCC4CCCCC4C32)C1,['pak4_activator_alphaC'],['PAK4'],1,0.0,1.0,0.0,0.0,0.7711696918251423,0.0,0.0,0.7711696918251423
C=CCC1C(CCC(C2CCN(C)CC2)C2CCC3CCCC32)CCNC1O,388.6400000000001,4.671100000000005,35.5,2,3,0.6221502105902257,0.75,1,0,0,0,C1CC2CCC(C(CCC3CCNCC3)C3CCNCC3)C2C1,['pak4_activator_alphaC'],['PAK4'],1,0.0,1.0,0.0,0.0,0.8116450631770677,0.0,0.0,0.8116450631770677
C=C1CC2(C)CC(CC3CCCC(O)C(O)C(C)C3)CC1(O)CC2C(C)(C)O,394.5960000000002,3.809100000000003,80.92,4,4,0.5488529376628807,0.75,1,0,0,0,C=C1CC2CCC1CC(CC1CCCCCCC1)C2,['pak4_activator_alphaC'],['PAK4'],1,0.0,1.0,0.0,0.0,0.7896558812988641,0.0,0.0,0.7896558812988641
FC1CCCC2CC=C3CC=CN=C4C=C1C2C34.NCC1CC2OC(COCC2O)O1,432.5360000000003,2.8219000000000016,86.30000000000001,2,6,0.6225653879055548,1.0,1,0,0,0,C1=CN=C2C=C3CCCCC4CC=C(C1)C2C34.C1CC2CCOC(CO1)O2,['pak4_activator_alphaC'],['PAK4'],1,0.0,1.0,0.0,0.0,0.8867696163716665,0.0,0.0,0.8867696163716665
Cc1cccc(NC(=O)C2COC3C4OC(O)(C34)N3C(C)C(C)C(CO)CC23)c1O,418.4900000000002,1.0362199999999997,111.49000000000001,4,7,0.5428370532381988,0.25,1,0,0,0,O=C(Nc1ccccc1)C1COC2C3OC(C23)N2CCCCC12,['pak4_activator_alphaC'],['PAK4'],1,0.0,1.0,0.0,0.0,0.6378511159714597,0.0,0.0,0.6378511159714597
CC1CCCC(O)CC(NCC2C=CCC=C3C=CCC=C32)C(=O)COC1O,387.52000000000015,2.8085000000000018,78.79,3,5,0.6492352161091552,1.0,1,0,0,0,O=C1COCCCCCCCC1NCC1C=CCC=C2C=CCC=C21,['pak4_activator_alphaC'],['PAK4'],1,0.0,1.0,0.0,0.0,0.8947705648327466,0.0,0.0,0.8947705648327466
CC12CC3CC(CC(C3)C(NC3CC(O)C4COC5CCCNC5OOC34)C1)C2,406.5670000000003,2.3554000000000004,71.98,3,6,0.6117535690177641,1.0,1,0,0,0,C1CNC2OOC3C(CCC3NC3CC4CC5CC(C4)CC3C5)COC2C1,['pak4_activator_alphaC'],['PAK4'],1,0.0,1.0,0.0,0.0,0.8835260707053292,0.0,0.0,0.8835260707053292
O=NC1=CCC2CCC(NC3N4CCCONCC(=O)N34)C3=CCC=CCC1C32,399.4950000000001,2.1850999999999994,85.81000000000002,2,7,0.4298656732427712,1.0,1,0,0,0,O=C1CNOCCCN2C(NC3CCC4CC=CC5CC=CCC=C3C54)N12,['pak4_activator_alphaC'],['PAK4'],1,0.0,1.0,0.0,0.0,0.8289597019728314,0.0,0.0,0.8289597019728314
CC1C(O)CC2CCC(C3CO3)C2N1OOC(=O)N1CCCc2ccccc21,388.4640000000002,2.671100000000001,74.77,1,6,0.48751612954783896,1.0,1,0,0,0,O=C(OON1CCCC2CCC(C3CO3)C21)N1CCCc2ccccc21,['pak4_activator_alphaC'],['PAK4'],1,0.0,1.0,0.0,0.0,0.8462548388643516,0.0,0.0,0.8462548388643516
OC1CCCOCCCC(O)C2C(=N1)N2CC1=CCCc2ccccc21,356.4660000000001,2.3688000000000002,65.06,2,5,0.7987527554214823,1.0,1,0,0,1,C1=C(CN2C3=NCCCCOCCCCC32)c2ccccc2CC1,['pak4_activator_alphaC'],['PAK4'],1,0.0,1.0,0.0,0.0,0.9396258266264446,0.0,0.0,0.9396258266264446
O=C(CC(O)C1C2OC2COCCON1O)N(CCO)c1ccc(Br)cc1,447.2820000000001,0.3144000000000001,115.23,3,8,0.5344661944918185,0.5,1,0,0,0,O=C(CCC1NOCCOCC2OC12)Nc1ccccc1,['pak4_activator_alphaC'],['PAK4'],1,0.0,1.0,0.0,0.0,0.7103398583475455,0.0,0.0,0.7103398583475455
CC1C=CC2C(=C1)CC(=COC1CC3COCCBCC1C3O)C1CC3CC1C2(C)C3,422.4180000000002,4.760400000000004,38.69,1,3,0.39625694446073323,0.75,1,0,0,0,B1CCOCC2CC(C1)C(OC=C1CC3=CCC=CC3C3CC4CC1C3C4)C2,['pak4_activator_alphaC'],['PAK4'],1,0.0,1.0,0.0,0.0,0.74387708333822,0.0,0.0,0.74387708333822
OC1CCCC(CCC2CCC34CCCC3(CCC3=C4C(O)C=C3)C2)O1,358.522,4.632000000000005,49.69,2,3,0.7730605738919896,0.75,1,0,0,0,C1=CC2=C(C1)C13CCCC1(CC2)CC(CCC1CCCCO1)CC3,['pak4_activator_alphaC'],['PAK4'],1,0.0,1.0,0.0,0.0,0.8569181721675969,0.0,0.0,0.8569181721675969
CC1C2CCC(=O)CC2C=C(OOC2C3CON4CCCN(CN3)C24)C1(C)C,391.5120000000002,2.0566999999999998,63.27000000000001,1,7,0.5835394207316482,1.0,1,0,0,0,O=C1CCC2CCC(OOC3C4CON5CCCN(CN4)C35)=CC2C1,['pak4_activator_alphaC'],['PAK4'],1,0.0,1.0,0.0,0.0,0.8750618262194945,0.0,0.0,0.8750618262194945
C1CC2CCC1CCC(C1ON3C4CNCC4CC4CC5OC5C(O4)OC13)C2,390.52400000000017,2.4255000000000004,55.49000000000001,1,6,0.6943000283496901,1.0,1,0,0,0,C1CC2CCC1CCC(C1ON3C4CNCC4CC4CC5OC5C(O4)OC13)C2,['pak4_activator_alphaC'],['PAK4'],1,0.0,1.0,0.0,0.0,0.908290008504907,0.0,0.0,0.908290008504907
CC12CCC3(CC1)C1C(=CCC=C1CC3(C)NCC1CCCC(C(O)O)N1)C2,386.58000000000015,3.4029000000000025,64.52,4,4,0.44166717340532996,0.75,1,0,0,0,C1=C2CC3CCC4(CC3)C(NCC3CCCCN3)CC(=CC1)C24,['pak4_activator_alphaC'],['PAK4'],1,0.0,1.0,0.0,0.0,0.7575001520215989,0.0,0.0,0.7575001520215989
Nc1cccc2c1C1CCN3CC(NCCO)CC1(C3)S2.OC1OOC2C(O)C12,423.5350000000001,-0.11729999999999896,120.44000000000001,5,9,0.33474288435824884,0.25,1,0,0,0,C1OOC2CC12.c1ccc2c(c1)SC13CCCN(CCC21)C3,['pak4_activator_alphaC'],['PAK4'],1,0.0,1.0,0.0,0.0,0.5754228653074747,0.0,0.0,0.5754228653074747
CNC1CC2CCCCC2C(CCC2CCCCC(O)C(=O)C2O)C1,351.53100000000006,3.052100000000001,69.56,3,4,0.7280038176111275,1.0,1,0,0,0,O=C1CCCCCC(CCC2CCCC3CCCCC32)C1,['pak4_activator_alphaC'],['PAK4'],1,0.0,1.0,0.0,0.0,0.9184011452833383,0.0,0.0,0.9184011452833383
CC1CN(C2CCC(O)C(O)C(O)C2)CC2(C)C1C1CC3CC(C)(C1=O)C2(C)C3,405.57900000000024,2.220999999999999,81.0,3,5,0.5830550060003825,1.0,1,0,0,0,O=C1C2CC3CC1C(C3)C1CN(C3CCCCCC3)CCC21,['pak4_activator_alphaC'],['PAK4'],1,0.0,1.0,0.0,0.0,0.8749165018001148,0.0,0.0,0.8749165018001148
C=C1C(C)CC2(C(=O)NCC3C(O)CC(C)C(O)C3C)CCCC1C2C,363.5420000000002,3.1351000000000013,69.56,3,3,0.6748455163968295,1.0,1,0,0,0,C=C1CCC2(C(=O)NCC3CCCCC3)CCCC1C2,['pak4_activator_alphaC'],['PAK4'],1,0.0,1.0,0.0,0.0,0.9024536549190487,0.0,0.0,0.9024536549190487
CC1OC(NCCC2CC(=O)Nc3ccccc32)OC23C(=O)C1COC2CCCC3O,430.5010000000003,1.678699999999999,106.12,3,7,0.6673083773105587,0.75,1,0,0,0,O=C1CC(CCNC2OCC3COC4CCCCC4(O2)C3=O)c2ccccc2N1,['pak4_activator_alphaC'],['PAK4'],1,0.0,1.0,0.0,0.0,0.8251925131931677,0.0,0.0,0.8251925131931677
CN(C)CC1CCC2C(=O)C=CC(CC3CC(=O)CNON3O)C2C1,351.44700000000006,1.1945000000000008,82.11,2,7,0.7872764986225351,0.75,1,0,0,0,O=C1CNONC(CC2C=CC(=O)C3CCCCC23)C1,['pak4_activator_alphaC'],['PAK4'],1,0.0,1.0,0.0,0.0,0.8611829495867604,0.0,0.0,0.8611829495867604
CCCOC1=C2C=CC(CC3C4OC4(C)C(S)CC4NN43)=CC=C2N=CN=C1,398.53200000000004,2.924500000000001,71.43,2,7,0.5517823843858665,1.0,1,0,0,0,C1=CC2=CC=NC=NC2=CC=C1CC1C2OC2CCC2NN21,['pak4_activator_alphaC'],['PAK4'],1,0.0,1.0,0.0,0.0,0.86553471531576,0.0,0.0,0.86553471531576
CC(O)C(CCC1CCC2CC(CN)CCC3C1CCCC23)CC(N)O,366.5900000000002,3.2483000000000017,92.5,4,4,0.5204549381812317,0.5,1,0,0,0,C1CCC2C3CCCC(C1)C2CCC3,['pak4_activator_alphaC'],['PAK4'],1,0.0,1.0,0.0,0.0,0.7061364814543696,0.0,0.0,0.7061364814543696
CC1(C)C=CC(N2C(=O)CCC2CC2COCC3CN(CN3)C(C)(O)C2O)CCC1,421.5820000000002,1.4495000000000007,85.27000000000001,3,6,0.598380422629326,0.75,1,0,0,0,O=C1CCC(CC2CCN3CNC(COC2)C3)N1C1C=CCCCC1,['pak4_activator_alphaC'],['PAK4'],1,0.0,1.0,0.0,0.0,0.8045141267887979,0.0,0.0,0.8045141267887979
CC1CC2CCC(CC3OCCCC(=O)CO3)N2C(C2C=CCCC2)C1,361.5260000000001,4.086500000000004,38.77,0,4,0.7099787047182465,1.0,1,0,0,0,O=C1CCCOC(CC2CCC3CCCC(C4C=CCCC4)N32)OC1,['pak4_activator_alphaC'],['PAK4'],1,0.0,1.0,0.0,0.0,0.912993611415474,0.0,0.0,0.912993611415474
CC(O)C(O)CC(CC(O)O)OOCCc1c[nH]c2ccccc12,339.38800000000003,0.8597999999999997,115.17000000000002,5,6,0.1897732622049411,0.25,1,0,0,0,c1ccc2[nH]ccc2c1,['pak4_activator_alphaC'],['PAK4'],1,0.0,1.0,0.0,0.0,0.5319319786614823,0.0,0.0,0.5319319786614823
CN1C2CCCNCCC2C2CNC(=O)CC2C1CC(O)C1NOCCC1O,396.53200000000015,-0.7835999999999956,106.09,5,7,0.42598342088715735,0.25,1,0,0,0,O=C1CC2C(CCC3CCCON3)NC3CCCNCCC3C2CN1,['pak4_activator_alphaC'],['PAK4'],1,0.0,1.0,0.0,0.0,0.6027950262661472,0.0,0.0,0.6027950262661472
CC1(C)CCC2C(CC3CC(NC(=O)C4CCC(O)CC5OC54)CN32)C1,362.5140000000001,2.0725,65.1,2,4,0.738359745099824,1.0,1,0,0,0,O=C(NC1CC2CC3CCCCC3N2C1)C1CCCCC2OC21,['pak4_activator_alphaC'],['PAK4'],1,0.0,1.0,0.0,0.0,0.9215079235299473,0.0,0.0,0.9215079235299473
COc1cccc2c1C(C)N(N1CC3(C4CCC(C4)C(C)C3C)C1C)NC2,369.55300000000005,4.384000000000004,27.740000000000002,1,4,0.8369694314879483,1.0,1,0,0,0,c1ccc2c(c1)CNN(N1CC3(CCC4CCC3C4)C1)C2,['pak4_activator_alphaC'],['PAK4'],1,0.0,1.0,0.0,0.0,0.9510908294463845,0.0,0.0,0.9510908294463845
NC1CCC2CC3=C4C=CCC4C4C(CCOC5CC6CC6CC5O)C1C2C34,381.5600000000001,3.674400000000003,55.480000000000004,2,3,0.7810854686857397,1.0,1,0,0,0,C1=CC2=C3CC4CCCC5C(CCOC6CCC7CC7C6)C(C2C1)C3C45,['pak4_activator_alphaC'],['PAK4'],1,0.0,1.0,0.0,0.0,0.9343256406057219,0.0,0.0,0.9343256406057219
Cc1ccc(CNC(=O)C2CCC3CON3OC3=C(C=COC=C3)C2O)cc1,384.4320000000001,2.24122,80.26,2,6,0.8320971142398735,1.0,1,0,0,0,O=C(NCc1ccccc1)C1CCC2CON2OC2=C(C=COC=C2)C1,['pak4_activator_alphaC'],['PAK4'],1,0.0,1.0,0.0,0.0,0.949629134271962,0.0,0.0,0.949629134271962
CC(C)C1CCC2CCCCC2C(COC2C(=O)C2OC(O)C(O)C(C)O)C1,398.5400000000001,2.2782999999999998,96.22000000000001,3,6,0.5430126907880881,0.75,1,0,0,0,O=C1CC1OCC1CCCCC2CCCCC21,['pak4_activator_alphaC'],['PAK4'],1,0.0,1.0,0.0,0.0,0.7879038072364264,0.0,0.0,0.7879038072364264
N=C(O)C1=CC(N2CC3C4=CCCCC4CC4CCCC2C43)CC(O)C1O,372.50900000000007,2.789070000000002,87.78,4,4,0.3409631052100944,0.75,1,0,0,0,C1=CC(N2CC3C4=CCCCC4CC4CCCC2C43)CCC1,['pak4_activator_alphaC'],['PAK4'],1,0.0,1.0,0.0,0.0,0.7272889315630282,0.0,0.0,0.7272889315630282
CC1=NC2C3C=CCC=C3C=C(COC(CSN(O)O)C3CCC3O)C(C)C2N1,421.5630000000001,2.708500000000001,97.55000000000001,4,8,0.2850350414674688,0.5,1,0,0,0,C1=CC2C(=CC1)C=C(COCC1CCC1)CC1NC=NC12,['pak4_activator_alphaC'],['PAK4'],1,0.0,1.0,0.0,0.0,0.6355105124402407,0.0,0.0,0.6355105124402407
CC1CCCC(CCC(C(O)O)C(COO)C(=O)O)C(c2cccc(N)c2)C1,395.49600000000015,3.076200000000001,133.24,5,6,0.14259511668155567,0.5,1,0,0,0,c1ccc(C2CCCCCC2)cc1,['pak4_activator_alphaC'],['PAK4'],1,0.0,1.0,0.0,0.0,0.5927785350044668,0.0,0.0,0.5927785350044668
CC1(C)CC2(C)CCC1CC2C(=O)CCC(O)C1SC(C)(C(O)O)ON1O,403.54100000000005,2.271700000000001,110.46000000000001,4,8,0.5000739236249386,0.5,1,0,0,0,O=C(CCCC1NOCS1)C1CC2CCC1CC2,['pak4_activator_alphaC'],['PAK4'],1,0.0,1.0,0.0,0.0,0.7000221770874815,0.0,0.0,0.7000221770874815
Cc1ccc2[nH]c(CN(CC3COCC(=O)COC3)C(=O)OCN)cc2c1,375.4250000000002,1.56322,106.88,2,6,0.7683537140350115,0.75,1,0,0,0,O=C1COCC(CNCc2cc3ccccc3[nH]2)COC1,['pak4_activator_alphaC'],['PAK4'],1,0.0,1.0,0.0,0.0,0.8555061142105034,0.0,0.0,0.8555061142105034
CC(=O)N1CCN(C(=O)NC2CC(O)C(O)C(C(O)S)C2)CC1,347.4370000000001,-1.3912999999999978,113.34000000000002,5,6,0.3117475430309573,0.25,1,0,0,0,O=C(NC1CCCCC1)N1CCNCC1,['pak4_activator_alphaC'],['PAK4'],1,0.0,1.0,0.0,0.0,0.5685242629092873,0.0,0.0,0.5685242629092873
C=C1C2CC3C4CCC5C(CC(C53)C1(C)CN2C1CCN(NO)C(O)C1)C1=CCCC14,425.6170000000002,3.5581000000000014,58.97,3,5,0.46654469947475075,1.0,1,0,0,0,C=C1C2CN(C3CCNCC3)C1CC1C3CCC4C(CC2C41)C1=CCCC13,['pak4_activator_alphaC'],['PAK4'],1,0.0,1.0,0.0,0.0,0.8399634098424251,0.0,0.0,0.8399634098424251
CC1(C)CC2OC3CC(CC4OC4C2C2C=CC(O)CC21)[N+](=O)CC3=O,362.44600000000014,1.6308999999999998,79.13999999999999,1,5,0.4025126025336274,1.0,1,0,1,0,O=C1C[N+](=O)C2CC1OC1CCC3CCC=CC3C1C1OC1C2,['pak4_activator_alphaC'],['PAK4'],1,0.0,1.0,0.0,0.0,0.8207537807600882,0.0,0.0,0.8207537807600882
CC=C1C=CCC(CN(CC)C(=O)C2CCc3cc(C)c[n+]4c3C2OOO4)CC1,399.5110000000002,3.342520000000002,51.88000000000001,0,4,0.5756178659897117,1.0,1,0,1,0,C=C1C=CCC(CNC(=O)C2CCc3ccc[n+]4c3C2OOO4)CC1,['pak4_activator_alphaC'],['PAK4'],1,0.0,1.0,0.0,0.0,0.8726853597969135,0.0,0.0,0.8726853597969135
CC1C=C2CC3CCC4CN5CCC(C(=O)O)C(=O)CN5N4CC3CC2CC1,387.5240000000002,2.5707000000000004,64.09,1,5,0.5511155586420753,1.0,1,0,0,0,O=C1CCCN2CC3CCC4CC5=CCCCC5CC4CN3N2C1,['pak4_activator_alphaC'],['PAK4'],1,0.0,1.0,0.0,0.0,0.8653346675926226,0.0,0.0,0.8653346675926226
CC1C2C(NOC(CN3CCCCC3)c3cccc(N)c3)CNCC3(O)CC3OC12O,432.56500000000017,0.7633000000000025,112.24000000000001,5,8,0.3309776771276858,0.25,1,0,0,0,c1ccc(C(CN2CCCCC2)ONC2CNCC3CC3OC3CC23)cc1,['pak4_activator_alphaC'],['PAK4'],1,0.0,1.0,0.0,0.0,0.5742933031383057,0.0,0.0,0.5742933031383057
O=C1C(C(O)CC2O[N+](=O)CCC2O)OCCCN1CC1CCCCCC1,385.4810000000003,1.1689999999999992,99.31,2,6,0.6894504055668566,0.5,1,0,1,0,O=C1C(CCC2CCC[N+](=O)O2)OCCCN1CC1CCCCCC1,['pak4_activator_alphaC'],['PAK4'],1,0.0,1.0,0.0,0.0,0.7568351216700568,0.0,0.0,0.7568351216700568
O=C(NC(O)C1CC2C(O)C23OC3C1O)C1(Nc2ccccc2)CCN2CCCCCC21,443.5440000000003,0.4293000000000009,117.59,5,7,0.330905780649496,0.25,1,0,0,0,O=C(NCC1CC2CC23OC3C1)C1(Nc2ccccc2)CCN2CCCCCC21,['pak4_activator_alphaC'],['PAK4'],1,0.0,1.0,0.0,0.0,0.5742717341948489,0.0,0.0,0.5742717341948489
CC1=CC(C)C2C(=C1)CCC1C(C3CN(C(O)C4CO4)N(CO)S3)=CCCC12,404.5760000000002,3.0878000000000014,59.47,2,6,0.4266158710661423,1.0,1,0,0,0,C1=CCC2C(=C1)CCC1C(C3CN(CC4CO4)NS3)=CCCC21,['pak4_activator_alphaC'],['PAK4'],1,0.0,1.0,0.0,0.0,0.8279847613198426,0.0,0.0,0.8279847613198426
CC1C=CC2C3=C(N=C4C=CC=CCC43)C(NCC3NC(O)CCC3N)CCN2C1,409.57800000000026,1.4635000000000014,85.91,4,6,0.5305389903767331,0.5,1,0,0,0,C1=CCC2C(=NC3=C2C2C=CCCN2CCC3NCC2CCCCN2)C=C1,['pak4_activator_alphaC'],['PAK4'],1,0.0,1.0,0.0,0.0,0.7091616971130199,0.0,0.0,0.7091616971130199
NC12CCC3C(CC(NCOC4CCC5c6ccccc6CC5C4)OC3C1)C2,382.5480000000002,3.691200000000002,56.510000000000005,2,4,0.7800204850128833,1.0,1,0,0,0,c1ccc2c(c1)CC1CC(OCNC3CC4CC5CCC4C(C5)O3)CCC21,['pak4_activator_alphaC'],['PAK4'],1,0.0,1.0,0.0,0.0,0.9340061455038648,0.0,0.0,0.9340061455038648
CN1C=CC(C2CC3CNCOC4OC[SH](O2)C34)=C2C=C=NC21,335.4290000000001,0.8886999999999994,55.32000000000001,2,6,0.6972361803952315,0.75,1,0,0,0,C1=CC2=C(C3CC4CNCOC5OC[SH](O3)C45)C=CNC2N=1,['pak4_activator_alphaC'],['PAK4'],1,0.0,1.0,0.0,0.0,0.8341708541185695,0.0,0.0,0.8341708541185695
COC1=CC2CCCC3CC(=NC4OCC(O)C5C(O)C(C)CC45)NC(C1)C23,390.5240000000001,2.0636,83.31,3,5,0.6722894952411571,1.0,1,0,0,0,C1=CC2CCCC3CC(=NC4OCCC5CCCC54)NC(C1)C23,['pak4_activator_alphaC'],['PAK4'],1,0.0,1.0,0.0,0.0,0.901686848572347,0.0,0.0,0.901686848572347
CC1OC(COCCN2CCC3C4=CCCC5=C4C(CCC5)CCC32)C2CC12,383.5760000000002,4.727600000000004,21.700000000000003,0,3,0.6409029028419188,0.75,1,0,0,0,C1=C2C3=C(CC1)CCCC3CCC1C2CCN1CCOCC1OCC2CC21,['pak4_activator_alphaC'],['PAK4'],1,0.0,1.0,0.0,0.0,0.8172708708525755,0.0,0.0,0.8172708708525755
CC(=N)N=[N+]1C2C=CC=CN3C(=O)CC(=O)C(C(=O)C4CN(C)CC41)C23,356.4060000000001,0.19947000000000115,96.90999999999998,1,5,0.2901512836572569,0.5,1,1,1,0,N=[N+]1C2C=CC=CN3C(=O)CC(=O)C(C(=O)C4CNCC41)C23,['pak4_activator_alphaC'],['PAK4'],1,0.0,1.0,0.0,0.2,0.5970453850971771,0.0,0.0,0.5970453850971771
OC1OON2ON(CC3C=C4CNOC4=CC3)COC3=COC=CC1=C32,363.32600000000014,0.6243000000000001,94.12,2,10,0.6802412106708148,0.5,1,0,0,0,C1=CC2=C3C(=CO1)OCN(CC1C=C4CNOC4=CC1)ON3OOC2,['pak4_activator_alphaC'],['PAK4'],1,0.0,1.0,0.0,0.0,0.7540723632012445,0.0,0.0,0.7540723632012445
CC(C(O)O)C(O)C1NCC1COC1CCCN(c2ccccc2)CC1,364.48600000000005,0.9577999999999998,85.19,4,6,0.5394703474411338,0.5,1,0,0,0,c1ccc(N2CCCC(OCC3CNC3)CC2)cc1,['pak4_activator_alphaC'],['PAK4'],1,0.0,1.0,0.0,0.0,0.71184110423234,0.0,0.0,0.71184110423234
CC1(C)CC(NCC2C(O)C(O)C3COOCC23)CCC1C1CCCCC1,381.5570000000003,2.8970000000000002,70.95,3,5,0.6533733002051043,1.0,1,0,0,0,C1CCC(C2CCC(NCC3CCC4COOCC34)CC2)CC1,['pak4_activator_alphaC'],['PAK4'],1,0.0,1.0,0.0,0.0,0.8960119900615313,0.0,0.0,0.8960119900615313
CCC1CCC(OCC2C(O)c3c[nH]cc3CC2(O)O)ON1c1ccc(N)cc1,403.4790000000001,1.8367999999999998,124.2,5,7,0.38106537524122425,0.5,1,1,0,0,c1ccc(N2CCCC(OCC3CCc4c[nH]cc4C3)O2)cc1,['pak4_activator_alphaC'],['PAK4'],1,0.0,1.0,0.0,0.2,0.6243196125723673,0.0,0.0,0.6243196125723673
NCC1C(SCCC2=C3CCC3CCC(C3CCCCC3)C2)CCS(=O)C1O,425.7040000000003,4.611000000000006,63.32000000000001,2,4,0.6100280961817515,0.75,1,0,0,0,O=S1CCC(SCCC2=C3CCC3CCC(C3CCCCC3)C2)CC1,['pak4_activator_alphaC'],['PAK4'],1,0.0,1.0,0.0,0.0,0.8080084288545253,0.0,0.0,0.8080084288545253
CC1C2CCCCC2C2CCC(C)(C)C(O)CC12CCCC1NCNCCC1O,406.6550000000002,4.056300000000003,64.52,4,4,0.5685380490742064,0.75,1,0,0,0,C1CCC2C3CCCCC3CC2(CCCC2CCCNCN2)CC1,['pak4_activator_alphaC'],['PAK4'],1,0.0,1.0,0.0,0.0,0.7955614147222618,0.0,0.0,0.7955614147222618
OC1CSC(CNNC2CCCC=CC2N2CC3CCCCC3C2)C(O)C1O,411.6120000000002,0.8780000000000006,87.99000000000001,5,7,0.339015742796661,0.5,1,0,0,0,C1=CC(N2CC3CCCCC3C2)C(NNCC2CCCCS2)CCC1,['pak4_activator_alphaC'],['PAK4'],1,0.0,1.0,0.0,0.0,0.6517047228389983,0.0,0.0,0.6517047228389983
Nc1[nH]ccc2c1cc1c(-c3ccccc3)ccc3c(c12)=CN=CC=C3,335.4100000000001,4.687000000000002,54.17,2,2,0.5209239019836899,0.75,1,1,0,0,C1=Cc2ccc(-c3ccccc3)c3cc4c[nH]ccc4c3c2=CN=C1,['pak1_activator_alphaC'],['PAK1'],1,0.0,1.0,0.0,0.2,0.741277170595107,0.0,0.0,0.741277170595107
CN1C(=O)c2cn[nH]c2-c2c[nH]c3cccc(c23)-c2ccccc21,314.34800000000007,3.815000000000002,64.78,2,2,0.5181025198305432,1.0,1,1,0,0,O=C1Nc2ccccc2-c2cccc3[nH]cc(c23)-c2[nH]ncc21,['pak1_activator_alphaC'],['PAK1'],1,0.0,1.0,0.0,0.2,0.815430755949163,0.0,0.0,0.815430755949163
N=C1N=CN=c2c1nc1c3cc4ccccc4c4cc[s+]c4c3cn21,340.3910000000001,3.842270000000002,65.87,1,3,0.42765582159236787,1.0,1,0,1,0,N=C1N=CN=c2c1nc1c3cc4ccccc4c4cc[s+]c4c3cn21,['pak1_activator_alphaC'],['PAK1'],1,0.0,1.0,0.0,0.0,0.8282967464777102,0.0,0.0,0.8282967464777102
COC(O)C1=C(c2ccccc2)[S+]=C2C(=O)N(C3CCCCC3)N=C21,357.45500000000027,2.162,62.13,1,4,0.5102757060475646,1.0,1,1,1,0,O=C1C2=[S+]C(c3ccccc3)=CC2=NN1C1CCCCC1,['pak1_activator_alphaC'],['PAK1'],1,0.0,1.0,0.0,0.2,0.8130827118142694,0.0,0.0,0.8130827118142694
Cc1nc2[nH]cc(C(=O)Nc3ccccc3)cc-2c1CCCc1cn[nH]c1,359.43300000000016,3.973620000000002,86.46000000000001,3,3,0.4866781557289308,1.0,1,0,0,0,O=C(Nc1ccccc1)c1c[nH]c2ncc(CCCc3cn[nH]c3)c-2c1,['pak1_activator_alphaC'],['PAK1'],1,0.0,1.0,0.0,0.0,0.8460034467186792,0.0,0.0,0.8460034467186792
NC(=O)c1ncc(Nc2cccnc2)c2sc(-c3ccccc3O)nc12,363.4020000000001,3.3014000000000014,114.02000000000001,3,7,0.5124750061522221,0.75,1,0,0,0,c1ccc(-c2nc3cncc(Nc4cccnc4)c3s2)cc1,['pak1_activator_alphaC'],['PAK1'],1,0.0,1.0,0.0,0.0,0.7787425018456666,0.0,0.0,0.7787425018456666
O=C1NC=Nc2cc(-c3ccccc3)cc3c(-c4ccccc4F)cc1n23,355.37200000000007,4.815600000000003,45.870000000000005,1,2,0.5506981149488327,0.75,1,0,0,0,O=C1NC=Nc2cc(-c3ccccc3)cc3c(-c4ccccc4)cc1n23,['pak1_activator_alphaC'],['PAK1'],1,0.0,1.0,0.0,0.0,0.7902094344846498,0.0,0.0,0.7902094344846498
C[n+]1c2c3c(nc(NCc4ccccc4)nc3c3ccccc31)CCCCC2,369.49200000000025,4.488500000000004,41.69,1,3,0.4273302148917992,1.0,1,1,1,0,c1ccc(CNc2nc3c4c([nH+]c5ccccc5c4n2)CCCCC3)cc1,['pak1_activator_alphaC'],['PAK1'],1,0.0,1.0,0.0,0.2,0.7881990644675397,0.0,0.0,0.7881990644675397
O=C(Nc1ccc(O)c(NN=Cc2cccc(O)c2)c1)c1ccccc1,347.374,3.796100000000001,93.95,4,5,0.24437734326778626,0.5,1,0,0,0,O=C(Nc1cccc(NN=Cc2ccccc2)c1)c1ccccc1,['pak1_activator_alphaC'],['PAK1'],1,0.0,1.0,0.0,0.0,0.6233132029803359,0.0,0.0,0.6233132029803359
NC1=NC(=NCc2cccn2-c2cccc(-c3ccccc3)c2)N=C2N=NN=C12,380.4150000000001,3.591400000000002,105.11,1,5,0.7337973863543373,0.75,1,0,0,0,C1=NC(=NCc2cccn2-c2cccc(-c3ccccc3)c2)N=C2N=NN=C12,['pak1_activator_alphaC'],['PAK1'],1,0.0,1.0,0.0,0.0,0.8451392159063011,0.0,0.0,0.8451392159063011
Nc1ccc2ccc3cc(C(c4ccccc4)N4C=CC(=O)CC4)ccc3c2n1,379.4630000000002,4.848100000000003,59.22,1,4,0.5171694707792743,0.75,1,0,0,0,O=C1C=CN(C(c2ccccc2)c2ccc3c(ccc4cccnc43)c2)CC1,['pak1_activator_alphaC'],['PAK1'],1,0.0,1.0,0.0,0.0,0.7801508412337823,0.0,0.0,0.7801508412337823
O=C1c2ccc3ccccc3c2C2=c3ccccc3=[NH+]C2=[N+]1c1ccc[nH+]c1,362.41200000000003,0.4631999999999993,48.19,1,1,0.4917168814774422,0.75,1,0,1,0,O=C1c2ccc3ccccc3c2C2=c3ccccc3=[NH+]C2=[N+]1c1ccc[nH+]c1,['pak1_activator_alphaC'],['PAK1'],1,0.0,1.0,0.0,0.0,0.7725150644432326,0.0,0.0,0.7725150644432326
O=C(NCc1ccccc1)Nc1cccc2cc3c4c(nccc4c12)N=C3O,368.39600000000013,4.659400000000003,86.61,3,3,0.45975215682065323,0.75,1,0,0,0,O=C(NCc1ccccc1)Nc1cccc2cc3c4c(nccc4c12)N=C3,['pak1_activator_alphaC'],['PAK1'],1,0.0,1.0,0.0,0.0,0.762925647046196,0.0,0.0,0.762925647046196
Cn1c(=O)ncc2c3ccccc3c3ccc(-c4ccccc4)c-3nc21,337.38200000000006,4.2535000000000025,47.78,0,3,0.4592312289871167,1.0,1,0,0,0,O=c1ncc2c(nc3c(-c4ccccc4)ccc-3c3ccccc32)[nH]1,['pak1_activator_alphaC'],['PAK1'],1,0.0,1.0,0.0,0.0,0.8377693686961349,0.0,0.0,0.8377693686961349
Oc1ccc2cc3c4nccc(-c5ccccc5)c(O)c-4nc3nc2c1,339.3540000000001,4.361000000000003,79.13000000000001,2,5,0.4742199064855305,1.0,1,0,0,0,c1ccc(-c2ccnc3c4cc5ccccc5nc4nc-3c2)cc1,['pak1_activator_alphaC'],['PAK1'],1,0.0,1.0,0.0,0.0,0.8422659719456591,0.0,0.0,0.8422659719456591
CN(O)c1cc2cc(-c3ccc4nc[nH]c4c3)ccc2[nH+]c1Nc1cc[nH+]cc1,384.44300000000004,3.5803000000000003,92.46,3,4,0.4130507264289059,0.75,1,0,1,0,c1nc2ccc(-c3ccc4[nH+]c(Nc5cc[nH+]cc5)ccc4c3)cc2[nH]1,['pak1_activator_alphaC'],['PAK1'],1,0.0,1.0,0.0,0.0,0.7489152179286718,0.0,0.0,0.7489152179286718
O=C(COc1cc(=O)[nH]c2ccc(-c3ccccc3)cc12)N=CCc1ccccc1,396.44600000000014,4.414000000000003,71.52000000000001,1,3,0.49073650852351797,1.0,1,0,0,0,O=C(COc1cc(=O)[nH]c2ccc(-c3ccccc3)cc12)N=CCc1ccccc1,['pak1_activator_alphaC'],['PAK1'],1,0.0,1.0,0.0,0.0,0.8472209525570553,0.0,0.0,0.8472209525570553
Oc1cccc(-c2nc(NCC3CCOCC3)ncc2Oc2ccccc2)c1,377.444,4.480000000000003,76.50000000000001,2,6,0.659553289769322,1.0,1,0,0,0,c1ccc(Oc2cnc(NCC3CCOCC3)nc2-c2ccccc2)cc1,['pak1_activator_alphaC'],['PAK1'],1,0.0,1.0,0.0,0.0,0.8978659869307966,0.0,0.0,0.8978659869307966
C=C1N=CN=[N+]1c1ccc2cccc(-c3ccc(C(=O)O)cc3)c2c1,328.35100000000006,4.814300000000003,65.03,1,3,0.7008857771681016,0.75,1,0,1,0,C=C1N=CN=[N+]1c1ccc2cccc(-c3ccccc3)c2c1,['pak1_activator_alphaC'],['PAK1'],1,0.0,1.0,0.0,0.0,0.8352657331504305,0.0,0.0,0.8352657331504305
COc1[nH]c(Nc2ccccc2)nc2nc(CC(=O)O)c(-c3ccccc3)c1-2,374.4000000000001,3.9558000000000026,100.13000000000001,3,5,0.47236898719285153,0.75,1,0,0,0,c1ccc(Nc2nc3ncc(-c4ccccc4)c-3c[nH]2)cc1,['pak1_activator_alphaC'],['PAK1'],1,0.0,1.0,0.0,0.0,0.7667106961578554,0.0,0.0,0.7667106961578554
CN=c1nc(Nc2ccccc2OC)c(C)c(-c2c[nH]c3ncccc23)[nH]1,360.421,3.5441200000000013,90.97999999999999,3,5,0.5190241984665572,0.75,1,0,0,0,N=c1nc(Nc2ccccc2)cc(-c2c[nH]c3ncccc23)[nH]1,['pak1_activator_alphaC'],['PAK1'],1,0.0,1.0,0.0,0.0,0.7807072595399671,0.0,0.0,0.7807072595399671
CC(=O)Nc1cccc2c1cnc1sc(C(=O)c3cccc(F)c3)nc12,365.38900000000007,4.173000000000002,71.95,1,5,0.5531540584622583,1.0,1,0,0,0,O=C(c1ccccc1)c1nc2c(ncc3ccccc32)s1,['pak1_activator_alphaC'],['PAK1'],1,0.0,1.0,0.0,0.0,0.8659462175386774,0.0,0.0,0.8659462175386774
O=c1[nH]c2ccccc2nc2[n+](CCc3ccccc3)c3ccccc3c1-2,352.41700000000003,3.7113000000000023,49.63,1,2,0.5033311300652554,1.0,1,0,1,0,O=c1[nH]c2ccccc2nc2[n+](CCc3ccccc3)c3ccccc3c1-2,['pak1_activator_alphaC'],['PAK1'],1,0.0,1.0,0.0,0.0,0.8509993390195767,0.0,0.0,0.8509993390195767
C1=Nc2ncnc3c2=C1Cc1c(Cc2ccccc2)cccc1N=3,310.36,2.4414000000000007,50.5,0,4,0.729796113277864,1.0,1,0,0,0,C1=Nc2ncnc3c2=C1Cc1c(Cc2ccccc2)cccc1N=3,['pak1_activator_alphaC'],['PAK1'],1,0.0,1.0,0.0,0.0,0.9189388339833591,0.0,0.0,0.9189388339833591
CC1=c2cc3c(nc2NC=N1)=[NH+]c1ccccc1N3C(C)c1ccoc1C,358.4250000000002,1.80952,67.63,2,5,0.7332062338405007,1.0,1,0,1,0,C1=NC=c2cc3c(nc2N1)=[NH+]c1ccccc1N3Cc1ccoc1,['pak1_activator_alphaC'],['PAK1'],1,0.0,1.0,0.0,0.0,0.9199618701521501,0.0,0.0,0.9199618701521501
Cc1nc2ccccc2n2c1cc1c2sc2nc(=O)c3ccccc3n21,356.41,4.171720000000002,51.67,0,4,0.41035666101324014,1.0,1,0,0,0,O=c1nc2sc3c(cc4cnc5ccccc5n43)n2c2ccccc12,['pak1_activator_alphaC'],['PAK1'],1,0.0,1.0,0.0,0.0,0.823106998303972,0.0,0.0,0.823106998303972
O=C(Nc1ccccc1)c1cnc2nccc(-c3ccccc3)c2c1,325.37100000000004,4.549100000000003,54.88,1,3,0.6010489310616728,0.75,1,0,0,0,O=C(Nc1ccccc1)c1cnc2nccc(-c3ccccc3)c2c1,['pak1_activator_alphaC'],['PAK1'],1,0.0,1.0,0.0,0.0,0.8053146793185018,0.0,0.0,0.8053146793185018
c1ccc(-c2nc3cccn4ncc(ncc5ccccc25)c34)cc1,322.37100000000004,4.659900000000002,43.08,0,3,0.4506422584391387,0.75,1,0,0,0,c1ccc(-c2nc3cccn4ncc(ncc5ccccc25)c34)cc1,['pak1_activator_alphaC'],['PAK1'],1,0.0,1.0,0.0,0.0,0.7601926775317416,0.0,0.0,0.7601926775317416
CN(c1ccnc2c(-c3ccccc3)n(C)c(=O)c-2c1)c1ccccn1,342.40200000000004,3.7150000000000016,51.02,0,4,0.5693731483437263,1.0,1,1,0,0,O=c1[nH]c(-c2ccccc2)c2nccc(Nc3ccccn3)cc1-2,['pak1_activator_alphaC'],['PAK1'],1,0.0,1.0,0.0,0.2,0.830811944503118,0.0,0.0,0.830811944503118
Cc1ccc(-c2cccc(C(=O)N3CCc4cnc(C)cc4C3)c2)cc1,342.44200000000006,4.563940000000003,33.2,0,2,0.6836668649803832,0.75,1,0,0,0,O=C(c1cccc(-c2ccccc2)c1)N1CCc2cnccc2C1,['pak1_activator_alphaC'],['PAK1'],1,0.0,1.0,0.0,0.0,0.8301000594941148,0.0,0.0,0.8301000594941148
Oc1cc(Nc2cccc(-c3ccccc3)c2)nc2c3ccccc3nn12,352.39700000000005,4.998700000000004,62.45,2,4,0.4796327066949209,0.75,1,0,0,0,c1ccc(-c2cccc(Nc3ccn4nc5ccccc5c4n3)c2)cc1,['pak1_activator_alphaC'],['PAK1'],1,0.0,1.0,0.0,0.0,0.7688898120084762,0.0,0.0,0.7688898120084762
Cc1[nH+]c2ccccc2cc1-n1[nH]cc(C(O)=NCCc2ccccc2)c1=N,372.45200000000006,3.107890000000001,91.30000000000001,3,2,0.36450629238249943,0.75,1,0,1,0,N=c1c(C=NCCc2ccccc2)c[nH]n1-c1c[nH+]c2ccccc2c1,['pak1_activator_alphaC'],['PAK1'],1,0.0,1.0,0.0,0.0,0.7343518877147497,0.0,0.0,0.7343518877147497
Cc1ccc2c(S(C)(=O)=O)ccc(NC(=O)C=C[n+]3ccncc3)c2[nH+]1,370.434,1.1577199999999999,94.15,1,4,0.5507128707592667,0.5,1,0,1,0,O=C(C=C[n+]1ccncc1)Nc1cccc2ccc[nH+]c12,['pak1_activator_alphaC'],['PAK1'],1,0.0,1.0,0.0,0.0,0.7152138612277801,0.0,0.0,0.7152138612277801
COc1ccc(NCCc2nc3c(-c4ccccc4)ccnc3n2C)cc1,358.4450000000001,4.298500000000002,51.97,1,4,0.5583109588974232,1.0,1,1,0,0,c1ccc(NCCc2nc3c(-c4ccccc4)ccnc3[nH]2)cc1,['pak1_activator_alphaC'],['PAK1'],1,0.0,1.0,0.0,0.2,0.827493287669227,0.0,0.0,0.827493287669227
CN(C)c1cncc(-c2ncc(Cc3ccccc3)c(-c3ccccc3)n2)c1,366.4680000000001,4.8624000000000045,41.910000000000004,0,4,0.5056450626049456,0.75,1,0,0,0,c1ccc(Cc2cnc(-c3cccnc3)nc2-c2ccccc2)cc1,['pak1_activator_alphaC'],['PAK1'],1,0.0,1.0,0.0,0.0,0.7766935187814836,0.0,0.0,0.7766935187814836
c1ccc(C2=NC(c3ccccc3)=c3c2nc2[s+]c4ccccc4n32)cc1,364.4530000000001,4.556500000000003,29.66,0,2,0.42246425008012756,0.75,1,0,1,0,c1ccc(C2=NC(c3ccccc3)=c3c2nc2[s+]c4ccccc4n32)cc1,['pak1_activator_alphaC'],['PAK1'],1,0.0,1.0,0.0,0.0,0.7517392750240381,0.0,0.0,0.7517392750240381
Cc1cc(CN2CCNCC2)nc2cc(-c3ccncc3)ccc12,318.42400000000004,3.0104200000000017,41.05,1,4,0.805846438076005,1.0,1,0,0,0,c1cc(-c2ccc3ccc(CN4CCNCC4)nc3c2)ccn1,['pak1_activator_alphaC'],['PAK1'],1,0.0,1.0,0.0,0.0,0.9417539314228014,0.0,0.0,0.9417539314228014
c1ccc(CCSC2=NC(c3ccccc3)=C3N=c4ccccc4=[N+]23)cc1,368.48500000000007,3.482700000000002,27.729999999999997,0,3,0.6480871322087836,1.0,1,0,1,0,c1ccc(CCSC2=NC(c3ccccc3)=C3N=c4ccccc4=[N+]23)cc1,['pak1_activator_alphaC'],['PAK1'],1,0.0,1.0,0.0,0.0,0.894426139662635,0.0,0.0,0.894426139662635
Cn1c(-c2ccccc2)nc(=O)c2c(-c3ccccc3)c3ccccc3nc21,363.42,4.815700000000003,47.78,0,3,0.4227172036977406,0.75,1,0,0,0,O=c1nc(-c2ccccc2)[nH]c2nc3ccccc3c(-c3ccccc3)c12,['pak1_activator_alphaC'],['PAK1'],1,0.0,1.0,0.0,0.0,0.7518151611093222,0.0,0.0,0.7518151611093222
Cn1ncnc1NC(=O)c1ccccc1Cc1cccc(Oc2ccccc2)c1,384.4390000000001,4.4505000000000035,69.04,1,4,0.5331901434133958,1.0,1,0,0,0,O=C(Nc1ncn[nH]1)c1ccccc1Cc1cccc(Oc2ccccc2)c1,['pak1_activator_alphaC'],['PAK1'],1,0.0,1.0,0.0,0.0,0.8599570430240187,0.0,0.0,0.8599570430240187
O=C(CP(=O)(O)Oc1ccccc1)NNNc1nc2ccccc2s1,378.35000000000014,2.508400000000001,112.58000000000001,4,7,0.3690615351759496,0.5,1,0,0,0,O=C(C[PH](=O)Oc1ccccc1)NNNc1nc2ccccc2s1,['dusp1_inhibitor'],['DUSP1'],1,0.0,1.0,0.0,0.0,0.6607184605527849,0.0,0.0,0.6607184605527849
NC(=CCc1ccc(O)c(O)c1F)C(O)C=CC(=O)OCCCCC1CCCC1,407.48200000000037,3.442800000000002,113.01,4,6,0.20451276067629112,0.5,1,1,0,0,O=C(C=CCC=CCc1ccccc1)OCCCCC1CCCC1,['dusp1_inhibitor'],['DUSP1'],1,0.0,1.0,0.0,0.2,0.5713538282028874,0.0,0.0,0.5713538282028874
O=C(Nc1ccc(F)c(F)c1)c1cc(NNCC=CC2NC2=O)ccn1,359.33600000000007,1.5832,105.06000000000002,4,5,0.2600304775765866,0.5,1,0,0,1,O=C(Nc1ccccc1)c1cc(NNCC=CC2NC2=O)ccn1,['dusp1_inhibitor'],['DUSP1'],1,0.0,1.0,0.0,0.0,0.628009143272976,0.0,0.0,0.628009143272976
O=C(CCCCNN=C1CC=CCC1)Cc1ccc(N2CCCCC2=O)cc1,381.5200000000002,4.171100000000004,61.77,1,4,0.3966406105757012,1.0,1,0,0,0,O=C(CCCCNN=C1CC=CCC1)Cc1ccc(N2CCCCC2=O)cc1,['dusp1_inhibitor'],['DUSP1'],1,0.0,1.0,0.0,0.0,0.8189921831727103,0.0,0.0,0.8189921831727103
O=C(O)CCNCCCCCCC(=O)NCc1n[nH]c(-c2ccccc2)n1,373.457,2.102699999999999,120.00000000000001,4,5,0.3992026269347736,0.5,1,0,0,0,c1ccc(-c2ncn[nH]2)cc1,['dusp1_inhibitor'],['DUSP1'],1,0.0,1.0,0.0,0.0,0.6697607880804322,0.0,0.0,0.6697607880804322
O=C(COc1ccccc1)OCCCCNC(=O)c1cnc2nccnc2c1,380.404,2.157,103.3,1,7,0.4480373415130126,0.75,1,0,0,0,O=C(COc1ccccc1)OCCCCNC(=O)c1cnc2nccnc2c1,['dusp1_inhibitor'],['DUSP1'],1,0.0,1.0,0.0,0.0,0.7594112024539037,0.0,0.0,0.7594112024539037
O=[N+](NCC=NCNNCc1ccccc1)c1ccc(-n2cnnc2)cn1,366.40900000000005,0.8999999999999995,112.13000000000001,3,7,0.21146364718314462,0.5,1,0,1,0,O=[N+](NCC=NCNNCc1ccccc1)c1ccc(-n2cnnc2)cn1,['dusp1_inhibitor'],['DUSP1'],1,0.0,1.0,0.0,0.0,0.6134390941549435,0.0,0.0,0.6134390941549435
O=C(NCCON=NC1Cc2ccccc2C1)c1cc2c3c(c1)ncc[n+]3C=C2,386.4350000000001,2.744600000000001,79.82,1,5,0.2394788416306634,1.0,1,1,1,0,O=C(NCCON=NC1Cc2ccccc2C1)c1cc2c3c(c1)ncc[n+]3C=C2,['dusp1_inhibitor'],['DUSP1'],1,0.0,1.0,0.0,0.2,0.731843652489199,0.0,0.0,0.731843652489199
O=C(CONC(=O)Nc1ccc(F)cc1)NNc1ccc2cncnc2c1,370.3440000000001,1.9652999999999998,117.27,4,6,0.49297731746027634,0.5,1,0,0,0,O=C(CONC(=O)Nc1ccccc1)NNc1ccc2cncnc2c1,['dusp1_inhibitor'],['DUSP1'],1,0.0,1.0,0.0,0.0,0.6978931952380829,0.0,0.0,0.6978931952380829
Cc1cc(N=NC(=O)CCOC(=O)Nc2cccc3ccccc23)ccc1N,376.4160000000001,4.9795200000000035,106.14,2,5,0.48359805259389493,0.5,1,1,0,0,O=C(CCOC(=O)Nc1cccc2ccccc12)N=Nc1ccccc1,['dusp1_inhibitor'],['DUSP1'],1,0.0,1.0,0.0,0.2,0.6550794157781685,0.0,0.0,0.6550794157781685
O=C(CCc1cccc(Cl)c1)OCCOC(=O)c1ccc2c(ccc[n+]2O)c1,400.838,3.3508000000000013,76.71000000000001,1,5,0.28467306661786457,1.0,1,0,1,0,O=C(CCc1ccccc1)OCCOC(=O)c1ccc2[nH+]cccc2c1,['dusp1_inhibitor'],['DUSP1'],1,0.0,1.0,0.0,0.0,0.7854019199853592,0.0,0.0,0.7854019199853592
O=C(NOCCOCC=CCCc1ccc2ccccc2c1)c1ccc2n[nH]cc2c1,415.4930000000001,4.5831000000000035,76.24000000000001,2,4,0.22576239586318145,0.75,1,0,0,0,O=C(NOCCOCC=CCCc1ccc2ccccc2c1)c1ccc2n[nH]cc2c1,['dusp1_inhibitor'],['DUSP1'],1,0.0,1.0,0.0,0.0,0.6927287187589544,0.0,0.0,0.6927287187589544
Cc1ccc(CCNN=NC=CCCC(=O)Nc2ccc(N3CCOCC3)cc2)cn1,422.53300000000024,3.658520000000003,91.21,2,6,0.34638832340983483,0.75,1,2,0,0,O=C(CCC=CN=NNCCc1cccnc1)Nc1ccc(N2CCOCC2)cc1,['dusp1_inhibitor'],['DUSP1'],1,0.0,1.0,0.0,0.4,0.6489164970229505,0.0,0.0,0.6489164970229505
O=C(C=CC(=O)Nc1ccc2ccccc2c1)NCCc1cccnc1,345.4020000000001,3.088400000000001,71.09,2,3,0.6745605371490996,1.0,1,0,0,0,O=C(C=CC(=O)Nc1ccc2ccccc2c1)NCCc1cccnc1,['dusp1_inhibitor'],['DUSP1'],1,0.0,1.0,0.0,0.0,0.9023681611447298,0.0,0.0,0.9023681611447298
CC1=COP(=O)(O)OCCC2CC2C(OP(=O)(O)O)n2c(nc3c(N)ncnc32)NC1,476.3230000000002,1.5054999999999996,204.17000000000004,5,10,0.3903526323877547,0.25,1,0,0,0,O=[PH]1OC=CCNc2nc3cncnc3n2CC2CC2CCO1,['dusp1_inhibitor'],['DUSP1'],1,0.0,1.0,0.0,0.0,0.5921057897163264,0.0,0.0,0.5921057897163264
Nc1nccc(N2CCC(c3c[nH]c4ccccc34)C(OP(=O)(O)O)C2)[nH+]1,390.3600000000001,1.4309999999999996,138.84000000000003,4,5,0.4943160171438884,0.25,1,0,1,0,c1ccc2c(C3CCN(c4ccnc[nH+]4)CC3)c[nH]c2c1,['dusp1_inhibitor'],['DUSP1'],1,0.0,1.0,0.0,0.0,0.6232948051431666,0.0,0.0,0.6232948051431666
O=C(O)c1ccc(C2C(OP(=O)(O)O)OP(=O)(O)OC2N2CCCC2)cc1,423.2510000000002,1.4728999999999999,163.06,4,7,0.5072436443545089,0.25,1,0,0,0,O=[PH]1OCC(c2ccccc2)C(N2CCCC2)O1,['dusp1_inhibitor'],['DUSP1'],1,0.0,1.0,0.0,0.0,0.6271730933063526,0.0,0.0,0.6271730933063526
O=P(O)(O)c1ccc2oc3c4c(oc5c(O)c(O)cc(c5-3)c2c1)=CC=C(O)C=C4,412.2900000000001,3.0283000000000024,144.5,5,6,0.13886979635440738,0.5,1,1,0,0,C1=CC=c2oc3cccc4c3-c(oc3ccccc34)c2C=C1,['dusp1_inhibitor'],['DUSP1'],1,0.0,1.0,0.0,0.2,0.5516609389063223,0.0,0.0,0.5516609389063223
CC(=O)NC1COC(Oc2ccc(C)c(=O)n2Cc2ccccc2)C1OP(=O)(O)O,438.37300000000005,0.9227199999999993,136.32000000000002,3,6,0.543265608962581,0.5,1,0,0,0,O=c1cccc(OC2CCCO2)n1Cc1ccccc1,['dusp1_inhibitor'],['DUSP1'],1,0.0,1.0,0.0,0.0,0.7129796826887742,0.0,0.0,0.7129796826887742
Cc1ncc(-c2nc(NC(=O)O)[nH]c2-c2ccccc2)c(-c2ccccc2)[nH+]1,372.4080000000001,4.018120000000002,105.04,3,3,0.5030260773054418,0.75,1,0,1,0,c1ccc(-c2[nH]cnc2-c2cnc[nH+]c2-c2ccccc2)cc1,['dusp1_inhibitor'],['DUSP1'],1,0.0,1.0,0.0,0.0,0.7759078231916325,0.0,0.0,0.7759078231916325
O=P(O)(O)OC(c1ccc[nH+]c1)c1cccc(-c2ccc(-c3ncn[nH]3)cc2)[nH+]1,411.3580000000001,1.9655999999999993,136.61,3,4,0.4150371025247635,0.75,1,0,1,0,c1c[nH+]cc(Cc2cccc(-c3ccc(-c4ncn[nH]4)cc3)[nH+]2)c1,['dusp1_inhibitor'],['DUSP1'],1,0.0,1.0,0.0,0.0,0.7495111307574289,0.0,0.0,0.7495111307574289
COc1ccc(-c2cc(Nc3nnc(C)s3)cc(C(O)C(=O)O)c2)cc1,371.41800000000006,3.383720000000001,104.57000000000001,3,7,0.6099154410950919,0.75,1,0,0,0,c1ccc(-c2cccc(Nc3nncs3)c2)cc1,['dusp1_inhibitor'],['DUSP1'],1,0.0,1.0,0.0,0.0,0.8079746323285275,0.0,0.0,0.8079746323285275
O=C(c1ccco1)c1ccc([N+](=O)O)nc2c1oc1cc(=O)ncc12,338.25500000000005,2.3598,126.51,1,7,0.44535619984979613,0.75,1,0,1,0,O=C(c1ccco1)c1cccnc2c1oc1cc(=O)ncc12,['dusp1_inhibitor'],['DUSP1'],1,0.0,1.0,0.0,0.0,0.7586068599549387,0.0,0.0,0.7586068599549387
CC(C)(Nc1cc2c3ccnc-3cc[nH]c-2nc1=O)c1ccc2c(c1)OCCO2,388.4270000000002,3.4929000000000014,89.13000000000001,2,6,0.558457724365621,1.0,1,0,0,0,O=c1nc2[nH]ccc3nccc-3c-2cc1NCc1ccc2c(c1)OCCO2,['dusp1_inhibitor'],['DUSP1'],1,0.0,1.0,0.0,0.0,0.8675373173096863,0.0,0.0,0.8675373173096863
O=C1CCCN1Cc1cn(-c2ccccc2)cc1COP(=O)(O)O,350.31100000000004,2.2090000000000014,92.0,2,3,0.7795508188605738,0.75,1,0,0,0,O=C1CCCN1Cc1ccn(-c2ccccc2)c1,['dusp1_inhibitor'],['DUSP1'],1,0.0,1.0,0.0,0.0,0.858865245658172,0.0,0.0,0.858865245658172
CCCC(=O)N1CCN2C3=C(C(=O)C(=O)C=C3)c3ccccc3C2C1,336.3910000000001,2.1047000000000002,57.690000000000005,0,4,0.6130085881856963,1.0,1,2,0,0,O=C1C=CC2=C(C1=O)c1ccccc1C1CNCCN21,['dusp1_inhibitor'],['DUSP1'],1,0.0,1.0,0.0,0.4,0.803902576455709,0.0,0.0,0.803902576455709
O=[SH](O)(O)C1CC(OC(c2ccc(O)cc2)c2c[nH]c3ccccc23)CO1,391.44500000000016,3.0572000000000017,112.01,5,4,0.4275233381389878,0.5,1,0,0,0,c1ccc(C(OC2CCOC2)c2c[nH]c3ccccc23)cc1,['dusp1_inhibitor'],['DUSP1'],1,0.0,1.0,0.0,0.0,0.6782570014416963,0.0,0.0,0.6782570014416963
O=C(O)c1cc2n(n1)C1CC(=COP(=O)(O)O)C(=O)N1c1ccccc1-2,377.2490000000001,1.4903999999999997,142.19,3,5,0.4148339882647137,0.5,1,0,0,0,C=C1CC2N(C1=O)c1ccccc1-c1ccnn12,['dusp1_inhibitor'],['DUSP1'],1,0.0,1.0,0.0,0.0,0.6744501964794141,0.0,0.0,0.6744501964794141
Cc1cnc(N)c2nc(N3c4ccccc4CC3COP(=O)(O)O)nc-2n1,388.32400000000007,1.4341199999999996,147.57999999999998,3,8,0.5606102001190985,0.5,1,0,0,0,c1ccc2c(c1)CCN2c1nc2cnccnc-2n1,['dusp1_inhibitor'],['DUSP1'],1,0.0,1.0,0.0,0.0,0.7181830600357295,0.0,0.0,0.7181830600357295
O=[N+](O)c1ccc(NCCc2ccn(-c3ccncc3F)n2)c(-c2ccc[nH]2)n1,394.39000000000004,3.250700000000001,111.73,3,5,0.41500356849150194,0.75,1,0,1,0,c1c[nH]c(-c2ncccc2NCCc2ccn(-c3ccncc3)n2)c1,['dusp1_inhibitor'],['DUSP1'],1,0.0,1.0,0.0,0.0,0.7495010705474505,0.0,0.0,0.7495010705474505
Cc1ncc2c(n1)NC(C(CNCc1ccccc1)COP(=O)(O)O)=CN=C2,403.37900000000013,1.98612,128.96000000000004,4,7,0.4927043868738354,0.5,1,0,0,0,C1=NC=C(CCNCc2ccccc2)Nc2ncncc21,['dusp1_inhibitor'],['DUSP1'],1,0.0,1.0,0.0,0.0,0.6978113160621506,0.0,0.0,0.6978113160621506
O=C(CO)NC(CNC(=Cc1ccc(O)cc1)C(=O)O)c1ccccc1,356.3780000000001,1.2570999999999997,118.89,5,5,0.4544446810128354,0.25,1,0,0,0,C(=Cc1ccccc1)NCCc1ccccc1,['dusp1_inhibitor'],['DUSP1'],1,0.0,1.0,0.0,0.0,0.6113334043038506,0.0,0.0,0.6113334043038506
CN(Cc1cccc2ccoc12)C(CCOP(=O)(O)O)c1ncnc2c(N)ncnc12,444.3880000000001,2.4207,160.72000000000003,3,9,0.3422772415584402,0.75,1,0,0,0,c1cc(CNCc2ncnc3cncnc23)c2occc2c1,['dusp1_inhibitor'],['DUSP1'],1,0.0,1.0,0.0,0.0,0.7276831724675321,0.0,0.0,0.7276831724675321
CC(c1ccc(F)cc1)n1nnc(C(=O)O)c1C(=O)Nc1ccccn1,355.329,2.372,110.00000000000001,2,5,0.7269772547959082,0.75,1,0,0,0,O=C(Nc1ccccn1)c1cnnn1Cc1ccccc1,['dusp1_inhibitor'],['DUSP1'],1,0.0,1.0,0.0,0.0,0.8430931764387724,0.0,0.0,0.8430931764387724
O=[N+](O)c1cn(-c2ccc(F)cc2)c(-c2n[nH]cc2-c2ccccc2)n1,350.3330000000001,3.868100000000002,86.81,2,3,0.5471255293965404,1.0,1,0,1,0,c1ccc(-c2c[nH]nc2-c2nccn2-c2ccccc2)cc1,['dusp1_inhibitor'],['DUSP1'],1,0.0,1.0,0.0,0.0,0.864137658818962,0.0,0.0,0.864137658818962
COc1cccc2c1oc1c(C(=O)O)nc3c4ccccc4ccc3c12,343.3380000000001,4.994200000000003,72.56,1,4,0.45695330265599665,0.75,1,0,0,0,c1ccc2c(c1)ccc1c2ncc2oc3ccccc3c21,['dusp1_inhibitor'],['DUSP1'],1,0.0,1.0,0.0,0.0,0.762085990796799,0.0,0.0,0.762085990796799
O=C(O)C(=NCc1ccc(C=CC(O)=Nc2ccccc2)c(Cl)c1)c1ncc[nH]1,408.845,4.438400000000003,110.93,3,4,0.39606690667052735,0.75,1,0,0,0,C(=Cc1ccc(CN=Cc2ncc[nH]2)cc1)C=Nc1ccccc1,['dusp1_inhibitor'],['DUSP1'],1,0.0,1.0,0.0,0.0,0.7438200720011581,0.0,0.0,0.7438200720011581
O=C(O)c1cc(CCCCC2=Nc3cccc4c3[NH+](CC4)C2=O)c(C(=O)O)[nH]1,382.3960000000002,1.5093,124.25999999999999,4,4,0.540494638910691,0.5,1,0,1,0,O=C1C(CCCCc2cc[nH]c2)=Nc2cccc3c2[NH+]1CC3,['dusp1_inhibitor'],['DUSP1'],1,0.0,1.0,0.0,0.0,0.7121483916732072,0.0,0.0,0.7121483916732072
O=P(O)(O)Oc1ccc(Nc2nnc(-c3ccccc3)o2)cc1,333.24000000000007,2.9517000000000007,117.71000000000001,3,6,0.6099954615283631,0.75,1,0,0,0,c1ccc(Nc2nnc(-c3ccccc3)o2)cc1,['dusp1_inhibitor'],['DUSP1'],1,0.0,1.0,0.0,0.0,0.8079986384585089,0.0,0.0,0.8079986384585089
O=C(O)C[n+]1nc(-c2ccccc2)c2cnc3ccccc3cc-2c1=O,344.35000000000014,2.1338999999999997,84.03,1,4,0.5757228974205586,1.0,1,0,1,0,O=c1[nH+]nc(-c2ccccc2)c2cnc3ccccc3cc1-2,['dusp1_inhibitor'],['DUSP1'],1,0.0,1.0,0.0,0.0,0.8727168692261675,0.0,0.0,0.8727168692261675
Nc1ncc(-c2ccc(Cc3ccc(COP(=O)(O)O)[nH+]c3)cc2)c2[nH]cnc12,412.366,2.2212999999999994,148.49,4,5,0.3548492156956106,0.5,1,0,1,0,c1c[nH+]cc(Cc2ccc(-c3cncc4nc[nH]c34)cc2)c1,['dusp1_inhibitor'],['DUSP1'],1,0.0,1.0,0.0,0.0,0.6564547647086831,0.0,0.0,0.6564547647086831
Cn1c(-c2c(-c3c[nH]c4ccccc34)n[nH]c2[SH](=O)(O)O)[nH+]c2ccccc21,396.4520000000001,2.8524000000000003,121.07000000000001,5,2,0.301112725866487,0.5,1,1,1,0,c1ccc2[nH+]c(-c3c[nH]nc3-c3c[nH]c4ccccc34)[nH]c2c1,['dusp1_inhibitor'],['DUSP1'],1,0.0,1.0,0.0,0.2,0.6003338177599462,0.0,0.0,0.6003338177599462
O=C1Nc2ccccc2Oc2ccccc2CC2CC([SH](=O)(O)O)=CCC12,387.45700000000005,3.846300000000002,95.86,4,3,0.5576831474228048,0.5,1,0,0,0,O=C1Nc2ccccc2Oc2ccccc2CC2CC=CCC12,['dusp1_inhibitor'],['DUSP1'],1,0.0,1.0,0.0,0.0,0.7173049442268413,0.0,0.0,0.7173049442268413
CC1C(Cc2cc([N+](=O)O)cc3nonc23)NCCN1c1ccc([N+](=O)O)cc1,400.39500000000015,2.2314,134.81,3,7,0.5509589984829487,0.75,1,0,1,0,c1ccc(N2CCNC(Cc3cccc4nonc34)C2)cc1,['dusp1_inhibitor'],['DUSP1'],1,0.0,1.0,0.0,0.0,0.7902876995448846,0.0,0.0,0.7902876995448846
O=P(O)(O)OCc1c[n+](-c2ccccc2)c2c3ccccc3ncnc1-2,368.3090000000001,2.6205999999999996,96.42,2,4,0.4246238027711028,0.75,1,0,1,0,c1ccc(-[n+]2ccc3ncnc4ccccc4c2-3)cc1,['dusp1_inhibitor'],['DUSP1'],1,0.0,1.0,0.0,0.0,0.7523871408313307,0.0,0.0,0.7523871408313307
COc1cc(C(=NOP(=O)(O)O)c2ccc(O)cc2)ccc1O,339.24000000000007,1.9680999999999993,128.81,4,6,0.3722109309717596,0.5,1,0,0,0,N=C(c1ccccc1)c1ccccc1,['dusp1_inhibitor'],['DUSP1'],1,0.0,1.0,0.0,0.0,0.6616632792915279,0.0,0.0,0.6616632792915279
O=[SH](O)(O)c1ccc(C(Nc2nccnc2F)c2ccccc2)cc1,361.3980000000001,3.1388000000000016,95.34,4,4,0.5216593193097141,0.5,1,0,0,0,c1ccc(C(Nc2cnccn2)c2ccccc2)cc1,['dusp1_inhibitor'],['DUSP1'],1,0.0,1.0,0.0,0.0,0.7064977957929142,0.0,0.0,0.7064977957929142
O=S(=O)(O)c1cc(-c2ccccc2)c2c(Cc3ccccc3)c[nH]n12,352.41499999999996,3.7719000000000023,74.57,2,2,0.549088612683111,1.0,1,0,0,0,c1ccc(Cc2c[nH]n3ccc(-c4ccccc4)c23)cc1,['dusp1_inhibitor'],['DUSP1'],1,0.0,1.0,0.0,0.0,0.8647265838049332,0.0,0.0,0.8647265838049332
Cc1cccc(Cc2cc(Cc3ccc(F)c(OP(=O)(O)O)c3)c(C)cn2)c1,401.3740000000001,4.490640000000004,79.65,2,3,0.5951893194438417,1.0,1,0,0,0,c1ccc(Cc2ccnc(Cc3ccccc3)c2)cc1,['dusp1_inhibitor'],['DUSP1'],1,0.0,1.0,0.0,0.0,0.8785567958331524,0.0,0.0,0.8785567958331524
CN(C)C(=O)c1ccc(-c2onc(-c3ccccc3)c2COP(=O)(O)O)cc1,402.3430000000001,3.3197000000000028,113.10000000000002,2,5,0.6082466810574594,0.75,1,0,0,0,c1ccc(-c2cc(-c3ccccc3)on2)cc1,['dusp1_inhibitor'],['DUSP1'],1,0.0,1.0,0.0,0.0,0.8074740043172377,0.0,0.0,0.8074740043172377
O=C(O)C1=C(O)C=C(c2ccc(F)cc2)C=C(Nc2ccc(F)cc2)N1,356.32800000000003,3.759100000000002,81.59,4,4,0.6706780191804791,0.75,1,0,0,0,C1=CNC(Nc2ccccc2)=CC(c2ccccc2)=C1,['dusp1_inhibitor'],['DUSP1'],1,0.0,1.0,0.0,0.0,0.8262034057541436,0.0,0.0,0.8262034057541436
O=c1oc2ccccc2c(O)c1-c1nc(S(=O)(=O)O)cc2ccccc12,369.35400000000004,2.9605000000000006,117.7,2,6,0.4118353956611489,0.75,1,0,0,0,O=c1oc2ccccc2cc1-c1nccc2ccccc12,['dusp1_inhibitor'],['DUSP1'],1,0.0,1.0,0.0,0.0,0.7485506186983446,0.0,0.0,0.7485506186983446
O=C(O)c1ccc2ccc(C(=O)NCc3ccc4c(c3)OCCO4)cc2c1,363.36900000000014,3.239200000000002,84.86,2,4,0.7433241021028588,1.0,1,0,0,0,O=C(NCc1ccc2c(c1)OCCO2)c1ccc2ccccc2c1,['dusp1_inhibitor'],['DUSP1'],1,0.0,1.0,0.0,0.0,0.9229972306308576,0.0,0.0,0.9229972306308576
Nc1ncc2c(-n3c(=O)[nH]c4c([N+](=O)O)cc(-c5ccc(F)cc5)cc43)c[nH]c2n1,406.3570000000001,2.7780000000000005,145.69,4,5,0.33899753144674005,0.5,1,0,1,0,O=c1[nH]c2ccc(-c3ccccc3)cc2n1-c1c[nH]c2ncncc12,['dusp1_inhibitor'],['DUSP1'],1,0.0,1.0,0.0,0.0,0.6516992594340221,0.0,0.0,0.6516992594340221
O=C(O)C1=C(O)C2c3cccc4cccc(c34)CC2C(c2ccccc2)=N1,355.39300000000003,4.4528000000000025,69.89,2,3,0.7132699730387225,1.0,1,0,0,0,C1=CC2c3cccc4cccc(c34)CC2C(c2ccccc2)=N1,['dusp1_inhibitor'],['DUSP1'],1,0.0,1.0,0.0,0.0,0.9139809919116166,0.0,0.0,0.9139809919116166
Cc1ccc2nc(C(NC3=C4C=NC(=O)N=C4N=C3)OP(=O)(O)O)nc-2cc1,400.2910000000001,1.5287199999999994,158.72000000000003,3,7,0.5032540276942714,0.75,1,0,0,0,O=C1N=CC2=C(NCc3nc4cccccc-4n3)C=NC2=N1,['dusp1_inhibitor'],['DUSP1'],1,0.0,1.0,0.0,0.0,0.7759762083082813,0.0,0.0,0.7759762083082813
O=C(O)C1Nc2nc3ccccc3nc2NC(Cc2ccccc2F)N1,353.357,2.1754,99.17,4,6,0.5726593092860272,0.5,1,0,0,0,c1ccc(CC2NCNc3nc4ccccc4nc3N2)cc1,['dusp1_inhibitor'],['DUSP1'],1,0.0,1.0,0.0,0.0,0.7217977927858081,0.0,0.0,0.7217977927858081
CCNC(=O)c1ccc(C=CC(=O)Nc2n[nH]c(OP(=O)(O)O)c2-c2ccc(F)cc2)cc1,474.3850000000001,3.0889000000000015,153.64,5,5,0.24832813921911376,0.25,1,0,0,0,O=C(C=Cc1ccccc1)Nc1n[nH]cc1-c1ccccc1,['dusp1_inhibitor'],['DUSP1'],1,0.0,1.0,0.0,0.0,0.5494984417657341,0.0,0.0,0.5494984417657341
Cc1ncnc(C2CN(c3cccc4ccccc34)CC2COP(=O)(O)O)c1C,413.4140000000002,3.5759400000000037,95.78,2,5,0.6174726893155708,0.75,1,0,0,0,c1ccc2c(N3CCC(c4ccncn4)C3)cccc2c1,['dusp1_inhibitor'],['DUSP1'],1,0.0,1.0,0.0,0.0,0.8102418067946713,0.0,0.0,0.8102418067946713
O=C(O)c1cc(-c2c(Cc3cc(=O)[nH]c4cc(O)ccc34)[nH]c3cc(O)ccc23)o[nH+]1,418.3850000000001,2.7837000000000005,153.69,5,5,0.30237514294273393,0.5,1,0,1,0,O=c1cc(Cc2[nH]c3ccccc3c2-c2cc[nH+]o2)c2ccccc2[nH]1,['dusp1_inhibitor'],['DUSP1'],1,0.0,1.0,0.0,0.0,0.6407125428828202,0.0,0.0,0.6407125428828202
O=[SH](O)(O)c1nc(-c2ccc(F)cc2)c2oc3ccccc3c2c1O,361.3500000000001,3.8143000000000016,103.79,4,4,0.4048402278396318,0.5,1,0,0,0,c1ccc(-c2nccc3c2oc2ccccc23)cc1,['dusp1_inhibitor'],['DUSP1'],1,0.0,1.0,0.0,0.0,0.6714520683518895,0.0,0.0,0.6714520683518895
O=C(O)C(Oc1cccc(-c2ccccc2)c1O)c1ccc2ccccc2n1,371.39200000000005,4.812100000000004,79.65,2,4,0.526104620974652,0.75,1,0,0,0,c1ccc(-c2cccc(OCc3ccc4ccccc4n3)c2)cc1,['dusp1_inhibitor'],['DUSP1'],1,0.0,1.0,0.0,0.0,0.7828313862923955,0.0,0.0,0.7828313862923955
Cc1cccc(CCc2cc(OP(=O)(O)O)c3[nH]c4c(N)nccc4c3c2)c1,397.3710000000001,3.863420000000003,121.46000000000001,4,4,0.37948831941863725,0.5,1,0,0,0,c1ccc(CCc2ccc3[nH]c4cnccc4c3c2)cc1,['dusp1_inhibitor'],['DUSP1'],1,0.0,1.0,0.0,0.0,0.6638464958255912,0.0,0.0,0.6638464958255912
Cc1cnc(Nc2nonc2-c2ccc(-c3ncccn3)cc2)c(NCC(=O)O)c1,403.4020000000001,3.1371200000000004,138.95,3,9,0.42149110607360485,0.75,1,0,0,0,c1ccc(Nc2nonc2-c2ccc(-c3ncccn3)cc2)nc1,['dusp1_inhibitor'],['DUSP1'],1,0.0,1.0,0.0,0.0,0.7514473318220813,0.0,0.0,0.7514473318220813
O=C(O)C1=Cc2c(ccc(O)c2O)Oc2ccc(-c3ccccc3)cc21,346.338,4.495700000000003,86.99000000000001,3,4,0.5949850226687214,1.0,1,1,0,0,C1=Cc2cc(-c3ccccc3)ccc2Oc2ccccc21,['dusp1_inhibitor'],['DUSP1'],1,0.0,1.0,0.0,0.2,0.8384955068006165,0.0,0.0,0.8384955068006165
O=P(O)(O)OCN=c1[nH]cnc2c1CN(Cc1cccc(F)c1)CCO2,384.30400000000014,0.9109,120.27,3,6,0.6555761075642984,0.5,1,0,0,0,N=c1[nH]cnc2c1CN(Cc1ccccc1)CCO2,['dusp1_inhibitor'],['DUSP1'],1,0.0,1.0,0.0,0.0,0.7466728322692895,0.0,0.0,0.7466728322692895
O=C(O)c1[nH+]cc(-c2c[nH]c3ccccc23)cc1-c1ccccc1,315.35200000000003,4.0142000000000015,67.22999999999999,2,1,0.5995109717956811,1.0,1,0,1,0,c1ccc(-c2c[nH+]cc(-c3c[nH]c4ccccc34)c2)cc1,['dusp1_inhibitor'],['DUSP1'],1,0.0,1.0,0.0,0.0,0.8798532915387043,0.0,0.0,0.8798532915387043
Nc1c[nH]c2c(ccc3c(-c4ccc(O)c(O)c4)c(OS(=O)(=O)O)nc32)c1,387.3730000000001,2.5581000000000005,158.76,5,7,0.2648347761818188,0.5,1,1,0,0,c1ccc(-c2cnc3c2ccc2ccc[nH]c23)cc1,['dusp1_inhibitor'],['DUSP1'],1,0.0,1.0,0.0,0.2,0.5894504328545457,0.0,0.0,0.5894504328545457
O=c1c2c([nH]c3ccccc13)-c1ccccc1-c1ccc([N+](=O)O)cc1N2,356.36100000000005,4.718700000000002,85.2,3,3,0.3794830176262477,0.75,1,0,1,0,O=c1c2c([nH]c3ccccc13)-c1ccccc1-c1ccccc1N2,['dusp1_inhibitor'],['DUSP1'],1,0.0,1.0,0.0,0.0,0.7388449052878743,0.0,0.0,0.7388449052878743
Nc1cccc(-c2c(O)c([N+](=O)O)cn(Cc3ccc(OCC4CCNCC4)cc3)c2=O)c1,451.5030000000003,3.0294000000000016,129.82000000000002,4,6,0.32086026669919365,0.25,1,0,1,0,O=c1c(-c2ccccc2)cccn1Cc1ccc(OCC2CCNCC2)cc1,['dusp1_inhibitor'],['DUSP1'],1,0.0,1.0,0.0,0.0,0.5712580800097582,0.0,0.0,0.5712580800097582
O=C(O)c1cc(-c2ccccc2)c(OCCn2cnnn2)c(-c2ccc(Cl)cc2)n1,421.8440000000001,3.8327000000000027,103.02,1,6,0.4832248362690608,0.75,1,0,0,0,c1ccc(-c2ccnc(-c3ccccc3)c2OCCn2cnnn2)cc1,['dusp1_inhibitor'],['DUSP1'],1,0.0,1.0,0.0,0.0,0.7699674508807182,0.0,0.0,0.7699674508807182
Cc1nc2c(N)ncnc2c2nn(-c3ccc(-c4ccccc4)cc3)c(COP(=O)(O)O)c12,462.4060000000002,3.5306200000000025,149.26999999999998,3,7,0.333398307286936,0.5,1,0,0,0,c1ccc(-c2ccc(-n3cc4cnc5cncnc5c4n3)cc2)cc1,['dusp1_inhibitor'],['DUSP1'],1,0.0,1.0,0.0,0.0,0.6500194921860808,0.0,0.0,0.6500194921860808
COc1ccc(C2=C(COP(=O)(O)O)N=C3C(=O)N=CN=C32)cc1,349.23900000000003,0.9796999999999998,130.14000000000001,2,6,0.7621854380480668,0.5,1,0,0,0,O=C1N=CN=C2C(c3ccccc3)=CN=C12,['dusp1_inhibitor'],['DUSP1'],1,0.0,1.0,0.0,0.0,0.77865563141442,0.0,0.0,0.77865563141442
O=C(c1ccc2ncncc2c1)C(COP(=O)(O)O)ONCc1ccc(F)c(F)c1,439.3110000000001,2.29,130.87,3,7,0.26108712570699955,0.75,1,0,0,0,O=C(CONCc1ccccc1)c1ccc2ncncc2c1,['dusp1_inhibitor'],['DUSP1'],1,0.0,1.0,0.0,0.0,0.7033261377120998,0.0,0.0,0.7033261377120998
Cc1ccccc1N1CC(CCn2cnc(N)c3ncnc2-3)C(OP(=O)(O)O)C1,418.3940000000001,1.67292,139.62,3,7,0.5100160304974694,0.75,1,0,0,0,c1ccc(N2CCC(CCn3cncc4ncnc3-4)C2)cc1,['dusp1_inhibitor'],['DUSP1'],1,0.0,1.0,0.0,0.0,0.7780048091492409,0.0,0.0,0.7780048091492409
Cc1ccc(-c2cc(C(=O)O)cc(N=CCCCc3nn[nH]n3)[nH+]2)cc1,351.38999999999993,2.4126199999999995,118.25999999999999,2,5,0.5003896749861225,0.75,1,0,1,0,C(CCCc1nn[nH]n1)=Nc1cccc(-c2ccccc2)[nH+]1,['dusp1_inhibitor'],['DUSP1'],1,0.0,1.0,0.0,0.0,0.7751169024958366,0.0,0.0,0.7751169024958366
CC(=O)Oc1ccc(-c2cc([SH](=O)(O)O)nc(-c3ccc(F)cc3F)n2)cc1,408.38200000000006,3.335700000000001,109.61000000000001,3,5,0.26287248185005424,0.75,1,0,0,0,c1ccc(-c2ccnc(-c3ccccc3)n2)cc1,['dusp1_inhibitor'],['DUSP1'],1,0.0,1.0,0.0,0.0,0.7038617445550162,0.0,0.0,0.7038617445550162
Cc1ccc(-c2cc(C(CP(=O)(O)O)c3cccc(-c4n[nH+]cn4C)c3)[nH]n2)cc1,424.42100000000005,2.909320000000001,118.17,3,3,0.4114768667741484,0.75,1,0,1,0,c1ccc(-c2cc(Cc3cccc(-c4n[nH+]c[nH]4)c3)[nH]n2)cc1,['dusp1_inhibitor'],['DUSP1'],1,0.0,1.0,0.0,0.0,0.7484430600322445,0.0,0.0,0.7484430600322445
Cc1cccc(Cn2c(OP(=O)(O)O)nc3c(C)c(C)ccc32)n1,347.3110000000001,2.876360000000002,97.47,2,4,0.7044786547282766,0.75,1,0,0,0,c1ccc(Cn2cnc3ccccc32)nc1,['dusp1_inhibitor'],['DUSP1'],1,0.0,1.0,0.0,0.0,0.8363435964184829,0.0,0.0,0.8363435964184829
O=P(O)(O)Oc1cc(-c2ccc3c(c2)CCN3)cc2c1C=[N+]1C2=[NH+]c2ccccc21,419.3770000000001,2.042099999999999,95.77000000000001,4,3,0.38508039406028477,0.5,1,0,1,0,C1=[N+]2C(=[NH+]c3ccccc32)c2cc(-c3ccc4c(c3)CCN4)ccc21,['dusp1_inhibitor'],['DUSP1'],1,0.0,1.0,0.0,0.0,0.6655241182180854,0.0,0.0,0.6655241182180854
O=[SH](O)(O)Oc1nc2nccn2c2ccc(-c3ccc(F)cc3)cc12,361.35400000000004,2.945100000000001,96.95,3,4,0.4856010191777454,0.75,1,0,0,0,c1ccc(-c2ccc3c(cnc4nccn43)c2)cc1,['dusp1_inhibitor'],['DUSP1'],1,0.0,1.0,0.0,0.0,0.7706803057533236,0.0,0.0,0.7706803057533236
Nc1nc2n3c(cnc-2c(=O)n1)C(c1ccccc1)CC(OP(=O)(O)O)C3,389.30800000000016,0.7337999999999996,153.45,3,7,0.5501469337785316,0.5,1,0,0,0,O=c1ncnc2n3c(cnc1-2)C(c1ccccc1)CCC3,['dusp1_inhibitor'],['DUSP1'],1,0.0,1.0,0.0,0.0,0.7150440801335594,0.0,0.0,0.7150440801335594
O=C(O)c1cc(-c2cc[nH]c2Cc2ccc[nH+]c2)cc(-c2ccccc2)[nH+]1,357.41300000000007,3.265900000000001,81.36999999999999,2,1,0.574687388481769,1.0,1,0,1,0,c1ccc(-c2cc(-c3cc[nH]c3Cc3ccc[nH+]c3)cc[nH+]2)cc1,['dusp1_inhibitor'],['DUSP1'],1,0.0,1.0,0.0,0.0,0.8724062165445308,0.0,0.0,0.8724062165445308
COc1ccc(Cc2c(OP(=O)(O)O)n(C)c3nc(C)ccc23)cc1,362.3220000000001,2.9526200000000014,93.81000000000002,2,4,0.6779998300051214,0.75,1,0,0,0,c1ccc(Cc2c[nH]c3ncccc23)cc1,['dusp1_inhibitor'],['DUSP1'],1,0.0,1.0,0.0,0.0,0.8283999490015364,0.0,0.0,0.8283999490015364
Nc1nc2n(COP(=O)(O)O)c3ccc4ccccc4c3nc-2c(=O)n1,373.26500000000016,1.0935,153.45,3,7,0.2719153163588175,0.5,1,0,0,0,O=c1ncnc2[nH]c3ccc4ccccc4c3nc1-2,['dusp1_inhibitor'],['DUSP1'],1,0.0,1.0,0.0,0.0,0.6315745949076452,0.0,0.0,0.6315745949076452
O=C(O)C=Cc1cc(O)ccc1C(=O)Nc1cccc(Nc2ccccn2)c1,375.38400000000007,3.8809000000000013,111.55,4,5,0.48662209793913785,0.5,1,0,0,0,O=C(Nc1cccc(Nc2ccccn2)c1)c1ccccc1,['dusp1_inhibitor'],['DUSP1'],1,0.0,1.0,0.0,0.0,0.6959866293817414,0.0,0.0,0.6959866293817414
CC(=O)NC1CCN(Cc2cc(Oc3ccc(F)cc3)cc([SH](=O)(O)O)n2)C1,411.4550000000001,2.045,111.99000000000001,4,5,0.5383792017996195,0.5,1,0,0,0,c1ccc(Oc2ccnc(CN3CCCC3)c2)cc1,['dusp1_inhibitor'],['DUSP1'],1,0.0,1.0,0.0,0.0,0.7115137605398858,0.0,0.0,0.7115137605398858
Cn1ncc2cc(CN(COP(=O)(O)O)Cc3ccc(N)cc3)cnc21,377.34100000000007,1.6195,126.73,3,6,0.32203984665339375,0.75,1,1,0,0,c1ccc(CNCc2cnc3[nH]ncc3c2)cc1,['dusp1_inhibitor'],['DUSP1'],1,0.0,1.0,0.0,0.2,0.6816119539960181,0.0,0.0,0.6816119539960181
O=C(NC(Cc1ccc2ncccc2c1)C(=O)O)C1CCN(Cc2ccccc2)C1,403.4820000000002,2.868800000000001,82.53,2,4,0.6339326406283134,1.0,1,0,0,0,O=C(NCCc1ccc2ncccc2c1)C1CCN(Cc2ccccc2)C1,['dusp1_inhibitor'],['DUSP1'],1,0.0,1.0,0.0,0.0,0.890179792188494,0.0,0.0,0.890179792188494
CN(Cc1ccc2cc([SH](=O)(O)O)cnc2c1)c1ccc(-c2cccnc2)cc1,407.4950000000001,4.254800000000002,86.55000000000001,3,4,0.42880887063282097,1.0,1,0,0,0,c1cncc(-c2ccc(NCc3ccc4cccnc4c3)cc2)c1,['dusp1_inhibitor'],['DUSP1'],1,0.0,1.0,0.0,0.0,0.8286426611898463,0.0,0.0,0.8286426611898463
Cc1cccc2nc3c(-c4cc[n+](O)cc4)cc(C(=O)O)cc3[nH+]c12,333.3470000000001,2.4005199999999993,88.44,2,3,0.33485730423125937,1.0,1,0,1,0,c1ccc2[nH+]c3cccc(-c4cc[nH+]cc4)c3nc2c1,['dusp1_inhibitor'],['DUSP1'],1,0.0,1.0,0.0,0.0,0.8004571912693779,0.0,0.0,0.8004571912693779
COc1ccc(Nc2nc3cnc4ccccc4c3nc2OP(=O)(O)O)cc1,398.3150000000001,3.4017000000000026,126.69,3,7,0.3422910323457128,0.75,1,0,0,0,c1ccc(Nc2cnc3c(cnc4ccccc43)n2)cc1,['dusp1_inhibitor'],['DUSP1'],1,0.0,1.0,0.0,0.0,0.7276873097037138,0.0,0.0,0.7276873097037138
O=C(Oc1ccccc1)c1cc2ccccc2cc1OP(=O)(O)O,344.259,3.5305000000000017,93.06,2,4,0.4272097458482425,0.75,1,0,0,0,O=C(Oc1ccccc1)c1ccc2ccccc2c1,['dusp1_inhibitor'],['DUSP1'],1,0.0,1.0,0.0,0.0,0.7531629237544728,0.0,0.0,0.7531629237544728
Cc1ccc(N(c2cccc([SH](=O)(O)O)c2)c2ccccn2)cc1,342.4200000000001,4.181420000000002,73.66000000000001,3,3,0.6203289803660292,1.0,1,0,0,0,c1ccc(N(c2ccccc2)c2ccccn2)cc1,['dusp1_inhibitor'],['DUSP1'],1,0.0,1.0,0.0,0.0,0.8860986941098088,0.0,0.0,0.8860986941098088
O=C(O)c1cc(N2CCC([SH](=O)(O)O)C2)c2ccc3ccccc3c2c1,373.4300000000001,3.2326000000000015,98.07000000000001,4,3,0.4156409107610003,0.5,1,0,0,0,c1ccc2c(c1)ccc1c(N3CCCC3)cccc12,['dusp1_inhibitor'],['DUSP1'],1,0.0,1.0,0.0,0.0,0.6746922732283,0.0,0.0,0.6746922732283
O=C(O)c1cccc(-c2cc(-c3ccccc3)cc(C(=O)O)n2)c1,319.31600000000003,3.812000000000001,87.49,2,3,0.763186760954378,1.0,1,0,0,0,c1ccc(-c2ccnc(-c3ccccc3)c2)cc1,['dusp1_inhibitor'],['DUSP1'],1,0.0,1.0,0.0,0.0,0.9289560282863134,0.0,0.0,0.9289560282863134
O=P(O)(O)ONC(c1ccc(O)c(O)c1)c1ccc2ccccc2c1,361.2900000000001,2.9543000000000017,119.25000000000001,5,5,0.26921274053006017,0.5,1,1,0,0,c1ccc(Cc2ccc3ccccc3c2)cc1,['dusp1_inhibitor'],['DUSP1'],1,0.0,1.0,0.0,0.2,0.5907638221590181,0.0,0.0,0.5907638221590181
O=P(O)(O)C1CC(c2ccc(F)cc2)Oc2cc3ccccc3cc2N1,373.32000000000005,4.418400000000003,78.79,3,3,0.579847708964492,1.0,1,0,0,0,c1ccc(C2CCNc3cc4ccccc4cc3O2)cc1,['dusp1_inhibitor'],['DUSP1'],1,0.0,1.0,0.0,0.0,0.8739543126893476,0.0,0.0,0.8739543126893476
O=C(NC1CCCC1)C1=CN=C(Nc2ccccc2)c2ccccc2N1,346.4340000000001,3.871000000000002,65.52,3,4,0.7902956582605516,1.0,1,0,0,0,O=C(NC1CCCC1)C1=CN=C(Nc2ccccc2)c2ccccc2N1,['perp_pocket3_alphaC'],['PERP'],1,1.0,0.0,0.0,0.0,0.9370886974781654,0.0,0.0,0.9370886974781654
Cn1c(N)ncc2[n+](-c3cc(-c4ccccc4)c(-c4ccccc4)[nH+]n3)cnc1-2,381.44300000000004,2.3219000000000003,87.64,1,4,0.48598325302535045,1.0,1,0,1,0,c1ccc(-c2cc(-[n+]3cnc4[nH]cncc3-4)n[nH+]c2-c2ccccc2)cc1,['perp_pocket3_alphaC'],['PERP'],1,1.0,0.0,0.0,0.0,0.8457949759076051,0.0,0.0,0.8457949759076051
OC(=NC1CCCNCC1)c1nc2ccccc2nc1Nc1ccc(F)cc1,379.4390000000001,3.9592000000000027,82.43,3,5,0.4721360246084285,1.0,1,0,0,0,C(=NC1CCCNCC1)c1nc2ccccc2nc1Nc1ccccc1,['perp_pocket3_alphaC'],['PERP'],1,1.0,0.0,0.0,0.0,0.8416408073825286,0.0,0.0,0.8416408073825286
Cc1nccn1CC(=O)Nc1cc(C(=O)Nc2ccccc2)nc2ccccc12,385.4270000000001,3.630720000000002,88.91,2,4,0.5489992134450602,1.0,1,0,0,0,O=C(Cn1ccnc1)Nc1cc(C(=O)Nc2ccccc2)nc2ccccc12,['perp_pocket3_alphaC'],['PERP'],1,1.0,0.0,0.0,0.0,0.8646997640335181,0.0,0.0,0.8646997640335181
O=C(O)c1c(O)cnc2c1nc(-c1ccccc1)c1ccccc12,316.31600000000003,3.8538000000000014,83.31,2,4,0.5487333176113574,1.0,1,0,0,0,c1ccc(-c2nc3cccnc3c3ccccc23)cc1,['perp_pocket3_alphaC'],['PERP'],1,1.0,0.0,0.0,0.0,0.8646199952834073,0.0,0.0,0.8646199952834073
COc1ccc(-c2ncc3c(=O)nc[nH]c3c2-c2ccc(O)cc2)cc1,345.35800000000006,3.3663000000000007,88.10000000000001,2,5,0.5942722004085639,1.0,1,0,0,0,O=c1nc[nH]c2c(-c3ccccc3)c(-c3ccccc3)ncc12,['perp_pocket3_alphaC'],['PERP'],1,1.0,0.0,0.0,0.0,0.8782816601225691,0.0,0.0,0.8782816601225691
O=C(O)c1n[n+]2c(=O)nc3c4ccccc4c4c5ccccc5n1c2c34,341.3060000000001,1.8615999999999995,88.66,1,4,0.3642131809370866,1.0,1,0,1,0,O=c1nc2c3ccccc3c3c4ccccc4n4cn[n+]1c4c23,['perp_pocket3_alphaC'],['PERP'],1,1.0,0.0,0.0,0.0,0.809263954281126,0.0,0.0,0.809263954281126
O=C1COc2ccccc2C1n1c(=O)c2cncnc2c2ccccc21,343.34200000000004,2.4956000000000005,74.08,0,5,0.49653898984424644,1.0,1,0,0,0,O=C1COc2ccccc2C1n1c(=O)c2cncnc2c2ccccc21,['perp_pocket3_alphaC'],['PERP'],1,1.0,0.0,0.0,0.0,0.8489616969532738,0.0,0.0,0.8489616969532738
O=C(NC(c1ccccc1)c1ncc2ccnnc2n1)c1ccccc1,341.374,2.9392000000000014,80.66000000000001,1,5,0.6171407815336226,1.0,1,0,0,0,O=C(NC(c1ccccc1)c1ncc2ccnnc2n1)c1ccccc1,['perp_pocket3_alphaC'],['PERP'],1,1.0,0.0,0.0,0.0,0.8851422344600868,0.0,0.0,0.8851422344600868
COc1ccccc1N=Cn1cccc1-c1cnc2nccnc2c1,329.36300000000006,3.7100000000000017,65.19,0,5,0.422764877279566,1.0,1,0,0,0,C(=Nc1ccccc1)n1cccc1-c1cnc2nccnc2c1,['perp_pocket3_alphaC'],['PERP'],1,1.0,0.0,0.0,0.0,0.8268294631838697,0.0,0.0,0.8268294631838697
Nc1ncc2cnc3c(OCc4cccnc4)cccc3c2n1,303.32500000000005,2.7342000000000004,86.81,1,6,0.5855374046936854,1.0,1,0,0,0,c1cncc(COc2cccc3c2ncc2cncnc23)c1,['perp_pocket3_alphaC'],['PERP'],1,1.0,0.0,0.0,0.0,0.8756612214081056,0.0,0.0,0.8756612214081056
Fc1ccc(C[n+]2nc(NCc3ccc[nH+]c3)c3c4ccccc4ncnc2-3)cc1,398.4450000000001,3.0307000000000013,68.72,1,4,0.46226876256404764,1.0,1,0,1,0,c1ccc(C[n+]2nc(NCc3ccc[nH+]c3)c3c4ccccc4ncnc2-3)cc1,['perp_pocket3_alphaC'],['PERP'],1,1.0,0.0,0.0,0.0,0.8386806287692143,0.0,0.0,0.8386806287692143
O=C1N=CN=C2C1=Cc1c2nnc(-c2ccccc2)c1OC1CCCCC1,358.40100000000024,3.609700000000003,76.8,0,5,0.8397052280497498,1.0,1,0,0,0,O=C1N=CN=C2C1=Cc1c2nnc(-c2ccccc2)c1OC1CCCCC1,['perp_pocket3_alphaC'],['PERP'],1,1.0,0.0,0.0,0.0,0.9519115684149249,0.0,0.0,0.9519115684149249
O=S(=O)(c1cc(Cc2ccccc2)n(Cc2ccccc2)n1)N1CCOCC1,397.5000000000002,2.543100000000001,64.43,0,4,0.6412512750022483,1.0,1,0,0,0,O=S(=O)(c1cc(Cc2ccccc2)n(Cc2ccccc2)n1)N1CCOCC1,['perp_pocket3_alphaC'],['PERP'],1,1.0,0.0,0.0,0.0,0.8923753825006744,0.0,0.0,0.8923753825006744
C(Cc1cccc[nH+]1)=NNc1cc[n+](C2CCNCC2)c2ccccc12,347.4660000000001,2.5063000000000004,54.440000000000005,2,3,0.4232586373829109,1.0,1,0,1,0,C(Cc1cccc[nH+]1)=NNc1cc[n+](C2CCNCC2)c2ccccc12,['perp_pocket3_alphaC'],['PERP'],1,1.0,0.0,0.0,0.0,0.8269775912148731,0.0,0.0,0.8269775912148731
O=C1NCCc2cccc(c2)COC2COCCN(C2)C(=O)c2nc1cs2,387.46100000000007,1.4868000000000001,80.76,1,6,0.740773771023686,0.75,1,0,0,0,O=C1NCCc2cccc(c2)COC2COCCN(C2)C(=O)c2nc1cs2,['perp_pocket3_alphaC'],['PERP'],1,1.0,0.0,0.0,0.0,0.8472321313071058,0.0,0.0,0.8472321313071058
O=C(NCc1ccc(O)cn1)C(Cc1ccccc1)NCc1ccccc1,361.44500000000005,2.804500000000001,74.25,3,4,0.5767646211715171,1.0,1,0,0,0,O=C(NCc1ccccn1)C(Cc1ccccc1)NCc1ccccc1,['perp_pocket3_alphaC'],['PERP'],1,1.0,0.0,0.0,0.0,0.8730293863514551,0.0,0.0,0.8730293863514551
O=C(Nc1ccc2[nH]nnc2c1)c1[nH+]c2ccccc2c2ccccc12,340.3660000000001,3.330700000000001,84.81,2,3,0.48342931441211,1.0,1,0,1,0,O=C(Nc1ccc2[nH]nnc2c1)c1[nH+]c2ccccc2c2ccccc12,['perp_pocket3_alphaC'],['PERP'],1,1.0,0.0,0.0,0.0,0.845028794323633,0.0,0.0,0.845028794323633
COc1cnccc1C(=O)N(C)CCOc1ccccc1-c1ccccc1,362.42900000000003,3.9082000000000034,51.66,0,4,0.6394390142513253,1.0,1,0,0,0,O=C(NCCOc1ccccc1-c1ccccc1)c1ccncc1,['perp_pocket3_alphaC'],['PERP'],1,1.0,0.0,0.0,0.0,0.8918317042753976,0.0,0.0,0.8918317042753976
Cc1ccc2nc3n(-c4ccccc4)c(=O)c(Cc4cnccn4)nn3c2c1,368.4000000000001,2.72262,77.97,0,5,0.48927491036601006,1.0,1,0,0,0,O=c1c(Cc2cnccn2)nn2c3ccccc3nc2n1-c1ccccc1,['perp_pocket3_alphaC'],['PERP'],1,1.0,0.0,0.0,0.0,0.846782473109803,0.0,0.0,0.846782473109803
Cc1cccc(-n2cc(-c3nncn3C)c(-c3ccccc3)n2)n1,316.36800000000005,3.038220000000001,61.42,0,4,0.5826725492652793,1.0,1,0,0,0,c1ccc(-c2nn(-c3ccccn3)cc2-c2nnc[nH]2)cc1,['perp_pocket3_alphaC'],['PERP'],1,1.0,0.0,0.0,0.0,0.8748017647795838,0.0,0.0,0.8748017647795838
Cn1c(=O)[nH]c(=O)c2nc3sc4cc(C#CCCCCOc5ccccc5)ccc4n3c21,444.51600000000025,3.690000000000002,81.39,1,5,0.3311624813224032,1.0,1,0,0,0,O=c1[nH]c(=O)c2nc3sc4cc(C#CCCCCOc5ccccc5)ccc4n3c2[nH]1,['perp_pocket3_alphaC'],['PERP'],1,1.0,0.0,0.0,0.0,0.7993487443967209,0.0,0.0,0.7993487443967209
CC(C)(C)c1cc(C(=O)N2CCCC2)nc(Cc2ccccc2)n1,323.43999999999994,3.600900000000003,46.09,0,3,0.8667796778089402,1.0,1,0,0,0,O=C(c1ccnc(Cc2ccccc2)n1)N1CCCC1,['perp_pocket3_alphaC'],['PERP'],1,1.0,0.0,0.0,0.0,0.9600339033426819,0.0,0.0,0.9600339033426819
O=C(O)CCc1c(CC(=O)O)c2cccccc-2[n+]1-c1ccc(F)cc1,354.3570000000001,2.8515000000000015,78.47999999999999,2,2,0.6674245812519729,1.0,1,0,1,0,c1ccc(-[n+]2ccc3cccccc2-3)cc1,['perp_pocket3_alphaC'],['PERP'],1,1.0,0.0,0.0,0.0,0.9002273743755917,0.0,0.0,0.9002273743755917
CC(C)(C)n1cc(C(=O)NCc2cc(F)c[nH]2)c(-c2[nH+]ccc3ccccc23)[nH+]1,393.46600000000007,3.088700000000001,78.1,2,1,0.5491162904285657,1.0,1,0,1,0,O=C(NCc1ccc[nH]1)c1c[nH][nH+]c1-c1[nH+]ccc2ccccc12,['perp_pocket3_alphaC'],['PERP'],1,1.0,0.0,0.0,0.0,0.8647348871285696,0.0,0.0,0.8647348871285696
Nc1ccc(-n2c3cc(O)ccc3c3cc4c(=O)cccc-4cnc32)cc1,353.3810000000001,3.9315000000000015,81.14,2,4,0.44746612866183355,1.0,1,1,0,0,O=c1cccc2cnc3c(cc1-2)c1ccccc1n3-c1ccccc1,['perp_pocket3_alphaC'],['PERP'],1,1.0,0.0,0.0,0.2,0.7942398385985502,0.0,0.0,0.7942398385985502
Cc1cc(C(c2ccccc2)N2CCCNCC2)n(-c2ccccc2)n1,346.478,3.5654200000000014,33.09,1,3,0.7839803732132319,1.0,1,0,0,0,c1ccc(C(c2ccnn2-c2ccccc2)N2CCCNCC2)cc1,['perp_pocket3_alphaC'],['PERP'],1,1.0,0.0,0.0,0.0,0.9351941119639695,0.0,0.0,0.9351941119639695
COc1ccc(COc2c3ccccc3nc3c(N)ncnc23)cc1,332.36300000000006,3.347800000000001,83.15,1,6,0.5770837850815875,1.0,1,0,0,0,c1ccc(COc2c3ccccc3nc3cncnc23)cc1,['perp_pocket3_alphaC'],['PERP'],1,1.0,0.0,0.0,0.0,0.8731251355244762,0.0,0.0,0.8731251355244762
Oc1ccccc1-c1nc2[nH]cnc(N=Cc3ccccc3)c-2n1,315.33600000000007,3.4277000000000015,87.05,2,5,0.5670143721153436,1.0,1,0,0,0,C(=Nc1nc[nH]c2nc(-c3ccccc3)nc1-2)c1ccccc1,['perp_pocket3_alphaC'],['PERP'],1,1.0,0.0,0.0,0.0,0.870104311634603,0.0,0.0,0.870104311634603
O=C1c2ccccc2CCN1c1ccc(-c2ncnc(O)c2O)cc1,333.34700000000004,2.7577000000000016,86.55000000000001,2,5,0.7529149033075997,1.0,1,0,0,0,O=C1c2ccccc2CCN1c1ccc(-c2ccncn2)cc1,['perp_pocket3_alphaC'],['PERP'],1,1.0,0.0,0.0,0.0,0.9258744709922799,0.0,0.0,0.9258744709922799
Oc1ccccc1F.c1ccc(-[n+]2c3nccccc-3c3cnc[nH+]c32)cc1,372.4030000000001,3.356700000000001,64.03,1,3,0.4590815308168699,1.0,1,0,1,0,c1ccc(-[n+]2c3nccccc-3c3cnc[nH+]c32)cc1.c1ccccc1,['perp_pocket3_alphaC'],['PERP'],1,1.0,0.0,0.0,0.0,0.837724459245061,0.0,0.0,0.837724459245061
Cn1c(=O)c2nc(-c3cnc4ccccc4c3)cnc2n(Cc2ccccc2)c1=O,395.4220000000002,2.753700000000001,82.66999999999999,0,5,0.4691260246181209,1.0,1,0,0,0,O=c1[nH]c(=O)n(Cc2ccccc2)c2ncc(-c3cnc4ccccc4c3)nc12,['perp_pocket3_alphaC'],['PERP'],1,1.0,0.0,0.0,0.0,0.8407378073854361,0.0,0.0,0.8407378073854361
O=c1c2ccccc2nc(Nc2ccccc2)n1O.Oc1ccccc1,347.3740000000001,3.7696000000000014,87.38000000000001,3,5,0.48054325368718237,1.0,1,0,0,0,O=c1[nH]c(Nc2ccccc2)nc2ccccc12.c1ccccc1,['perp_pocket3_alphaC'],['PERP'],1,1.0,0.0,0.0,0.0,0.8441629761061546,0.0,0.0,0.8441629761061546
Cn1c(C(=O)OCc2c3ccc(=O)[nH+]c-3[nH]c3ccccc23)cc2ccccc21,384.41500000000013,3.295700000000002,78.22999999999999,1,3,0.3829422908111182,1.0,1,0,1,0,O=C(OCc1c2ccc(=O)[nH+]c-2[nH]c2ccccc12)c1cc2ccccc2[nH]1,['perp_pocket3_alphaC'],['PERP'],1,1.0,0.0,0.0,0.0,0.8148826872433355,0.0,0.0,0.8148826872433355
O=C(c1ccccc1)[n+]1ccc(O)c(O)n1.c1ccc(-c2ccccc2)cc1,371.4160000000001,3.8224000000000027,74.3,2,4,0.5254531140781523,1.0,1,1,1,0,O=C(c1ccccc1)[n+]1ccccn1.c1ccc(-c2ccccc2)cc1,['perp_pocket3_alphaC'],['PERP'],1,1.0,0.0,0.0,0.2,0.8176359342234457,0.0,0.0,0.8176359342234457
CC(C)N1NN(Cc2nc3ccccc3[nH+]c2-c2ccccc2)c2ncncc21,384.4670000000001,3.1605000000000016,71.32,1,6,0.5827774502057609,1.0,1,0,1,0,c1ccc(-c2[nH+]c3ccccc3nc2CN2NNc3cncnc32)cc1,['perp_pocket3_alphaC'],['PERP'],1,1.0,0.0,0.0,0.0,0.8748332350617283,0.0,0.0,0.8748332350617283
CN1CCCC(c2ccccc2-c2nnc(=O)c3c[nH]cnc2-3)C1,321.384,2.1409000000000002,74.77000000000001,1,5,0.7825297156943043,1.0,1,0,0,0,O=c1nnc(-c2ccccc2C2CCCNC2)c2nc[nH]cc1-2,['perp_pocket3_alphaC'],['PERP'],1,1.0,0.0,0.0,0.0,0.9347589147082913,0.0,0.0,0.9347589147082913
c1ccc(CNc2cccnc2-n2nnnn2)cc1.c1ccc2ccccc2c1,381.4430000000001,3.904200000000002,81.41000000000001,1,6,0.5083700798608586,1.0,1,0,0,0,c1ccc(CNc2cccnc2-n2nnnn2)cc1.c1ccc2ccccc2c1,['perp_pocket3_alphaC'],['PERP'],1,1.0,0.0,0.0,0.0,0.8525110239582576,0.0,0.0,0.8525110239582576
CN1CCC(n2ccc(-c3c[nH]c(=O)c4ncnc(-c5ccccc5)c34)[nH+]2)C1,373.4400000000001,2.1443000000000003,80.95,1,4,0.5966003996530802,1.0,1,0,1,0,O=c1[nH]cc(-c2ccn(C3CCNC3)[nH+]2)c2c(-c3ccccc3)ncnc12,['perp_pocket3_alphaC'],['PERP'],1,1.0,0.0,0.0,0.0,0.878980119895924,0.0,0.0,0.878980119895924
O=c1ncn(Cc2ccccc2)c2cnc3c4c(ccc3c12)CCO4,329.35900000000015,2.927900000000001,57.010000000000005,0,4,0.53067179909885,1.0,1,0,0,0,O=c1ncn(Cc2ccccc2)c2cnc3c4c(ccc3c12)CCO4,['perp_pocket3_alphaC'],['PERP'],1,1.0,0.0,0.0,0.0,0.8592015397296549,0.0,0.0,0.8592015397296549
CC(O)c1ccc(NS(=O)(=O)C2CCOCC2)cc1,285.36499999999995,1.6605999999999999,75.63000000000001,2,4,0.8819104561193363,1.0,1,0,0,0,O=S(=O)(Nc1ccccc1)C1CCOCC1,['perp_genmol_hop'],['PERP'],1,1.0,0.0,0.0,0.0,0.9645731368358008,0.0,0.0,0.9645731368358008
C/C=C\c1ccc(NS(=O)(=O)C2CCOCC2)cc1,281.3769999999999,2.6404000000000014,55.400000000000006,1,3,0.922740515326854,1.0,1,0,0,0,O=S(=O)(Nc1ccccc1)C1CCOCC1,['perp_genmol_hop'],['PERP'],1,1.0,0.0,0.0,0.0,0.9768221545980562,0.0,0.0,0.9768221545980562
CC#Cc1ccc(NS(=O)(=O)C2CCOCC2)cc1,279.36099999999993,1.9787,55.400000000000006,1,3,0.8607724239836457,1.0,1,0,0,0,O=S(=O)(Nc1ccccc1)C1CCOCC1,['perp_genmol_hop'],['PERP'],1,1.0,0.0,0.0,0.0,0.9582317271950935,0.0,0.0,0.9582317271950935
O=[N+]c1ccc(NS(=O)(=O)C2CCOCC2)cc1,270.30999999999995,1.341,86.57000000000001,1,5,0.8940501911334439,0.75,1,0,1,0,O=S(=O)(Nc1ccccc1)C1CCOCC1,['perp_genmol_hop'],['PERP'],1,1.0,0.0,0.0,0.0,0.893215057340033,0.0,0.0,0.893215057340033
O=C(O)c1ccc(S(=O)(=O)N2CCCC2)cc1,255.29499999999993,1.1693000000000002,74.67999999999999,1,3,0.8793569243415991,0.75,1,0,0,0,O=S(=O)(c1ccccc1)N1CCCC1,['perp_genmol_hop'],['PERP'],1,1.0,0.0,0.0,0.0,0.8888070773024797,0.0,0.0,0.8888070773024797
N#CCc1ccc(NS(=O)(=O)C2CCOCC2)cc1,280.34899999999993,1.6733799999999999,79.19000000000001,1,4,0.9095702873083358,1.0,1,0,0,0,O=S(=O)(Nc1ccccc1)C1CCOCC1,['perp_genmol_hop'],['PERP'],1,1.0,0.0,0.0,0.0,0.9728710861925007,0.0,0.0,0.9728710861925007
CC=Nc1ccc(NS(=O)(=O)C2CCOCC2)cc1,282.36499999999995,2.3295000000000003,67.76,1,4,0.8617634687600374,1.0,1,0,0,0,O=S(=O)(Nc1ccccc1)C1CCOCC1,['perp_genmol_hop'],['PERP'],1,1.0,0.0,0.0,0.0,0.9585290406280111,0.0,0.0,0.9585290406280111
CC(N)c1ccc(NS(=O)(=O)C2CCOCC2)cc1,284.381,1.6269999999999998,81.42,2,4,0.8801356874318624,1.0,1,0,0,0,O=S(=O)(Nc1ccccc1)C1CCOCC1,['perp_genmol_hop'],['PERP'],1,1.0,0.0,0.0,0.0,0.9640407062295586,0.0,0.0,0.9640407062295586
CC[CH]Cc1ccc(NS(=O)(=O)C2CCOCC2)cc1,296.412,2.7640900000000013,55.400000000000006,1,3,0.8779295933154343,1.0,1,0,0,0,O=S(=O)(Nc1ccccc1)C1CCOCC1,['perp_genmol_hop'],['PERP'],1,1.0,0.0,0.0,0.0,0.9633788779946302,0.0,0.0,0.9633788779946302
O=S(=O)(Nc1ncccc1F)C1CCOCC1,260.28999999999996,1.1414,68.29,1,4,0.8845741496796057,0.75,1,0,0,0,O=S(=O)(Nc1ccccn1)C1CCOCC1,['perp_genmol_hop'],['PERP'],1,1.0,0.0,0.0,0.0,0.8903722449038816,0.0,0.0,0.8903722449038816
Cc1ccccc1NS(=O)(=O)N1CCCC1,240.32799999999995,1.7475200000000002,49.410000000000004,1,2,0.8746698853231083,1.0,1,0,0,0,O=S(=O)(Nc1ccccc1)N1CCCC1,['perp_genmol_hop'],['PERP'],1,1.0,0.0,0.0,0.0,0.9624009655969323,0.0,0.0,0.9624009655969323
CC(C)Nc1ccc(NS(=O)(=O)C2CCOCC2)cc1,298.408,2.4276,67.42999999999999,2,4,0.8758521843543928,1.0,1,0,0,0,O=S(=O)(Nc1ccccc1)C1CCOCC1,['perp_genmol_hop'],['PERP'],1,1.0,0.0,0.0,0.0,0.9627556553063177,0.0,0.0,0.9627556553063177
COCc1ccc(NS(=O)(=O)C2CCOCC2)cc1,285.36499999999995,1.7537,64.63,1,4,0.8949422650662248,1.0,1,0,0,0,O=S(=O)(Nc1ccccc1)C1CCOCC1,['perp_genmol_hop'],['PERP'],1,1.0,0.0,0.0,0.0,0.9684826795198673,0.0,0.0,0.9684826795198673
C=C(C)c1ccc(NS(=O)(=O)C2CCOCC2)cc1,281.3769999999999,2.6404000000000014,55.400000000000006,1,3,0.922740515326854,1.0,1,0,0,0,O=S(=O)(Nc1ccccc1)C1CCOCC1,['perp_genmol_hop'],['PERP'],1,1.0,0.0,0.0,0.0,0.9768221545980562,0.0,0.0,0.9768221545980562
C=CNc1ccc(NS(=O)(=O)C2CCOCC2)cc1,282.36499999999995,2.1627,67.42999999999999,2,4,0.8681980172985544,1.0,1,0,0,0,O=S(=O)(Nc1ccccc1)C1CCOCC1,['perp_genmol_hop'],['PERP'],1,1.0,0.0,0.0,0.0,0.9604594051895663,0.0,0.0,0.9604594051895663
O=S(=O)(c1n[nH]cc1Br)C1CCOCC1,295.1580000000001,1.1249,72.05,1,4,0.8873239022729879,0.75,1,0,0,0,O=S(=O)(c1cc[nH]n1)C1CCOCC1,['perp_genmol_hop'],['PERP'],1,1.0,0.0,0.0,0.0,0.8911971706818964,0.0,0.0,0.8911971706818964
O=S(=O)(Nc1ccccc1F)C1CCOCC1,259.30199999999996,1.7464,55.400000000000006,1,3,0.899310564792364,1.0,1,0,0,0,O=S(=O)(Nc1ccccc1)C1CCOCC1,['perp_genmol_hop'],['PERP'],1,1.0,0.0,0.0,0.0,0.9697931694377091,0.0,0.0,0.9697931694377091
Cc1ccc(NS(=O)(=O)C2CCOCC2)cc1,255.33899999999997,1.9157199999999999,55.400000000000006,1,3,0.8973624638616624,1.0,1,0,0,0,O=S(=O)(Nc1ccccc1)C1CCOCC1,['perp_genmol_hop'],['PERP'],1,1.0,0.0,0.0,0.0,0.9692087391584987,0.0,0.0,0.9692087391584987
N#Cc1ccc(NS(=O)(=O)C2CCOCC2)cc1,266.32199999999995,1.47898,79.19000000000001,1,4,0.8983014368466505,0.75,1,0,0,0,O=S(=O)(Nc1ccccc1)C1CCOCC1,['perp_genmol_hop'],['PERP'],1,1.0,0.0,0.0,0.0,0.8944904310539952,0.0,0.0,0.8944904310539952
CC(C)c1ccc(S(=O)(=O)N2CCNC2)cc1,254.35499999999996,1.3614000000000002,49.410000000000004,1,3,0.8858230664191472,0.75,1,0,0,0,O=S(=O)(c1ccccc1)N1CCNC1,['perp_genmol_hop'],['PERP'],1,1.0,0.0,0.0,0.0,0.8907469199257441,0.0,0.0,0.8907469199257441
CNCc1ccc(S(=O)(=O)N2CCCC2)cc1,254.35499999999993,1.1904999999999994,49.410000000000004,1,3,0.8778213265965805,0.75,1,0,0,0,O=S(=O)(c1ccccc1)N1CCCC1,['perp_genmol_hop'],['PERP'],1,1.0,0.0,0.0,0.0,0.8883463979789741,0.0,0.0,0.8883463979789741
O=S(=O)(Nc1ccccc1Cl)C1CCOCC1,275.75700000000006,2.2607,55.400000000000006,1,3,0.9205670584111232,1.0,1,0,0,0,O=S(=O)(Nc1ccccc1)C1CCOCC1,['perp_genmol_hop'],['PERP'],1,1.0,0.0,0.0,0.0,0.9761701175233368,0.0,0.0,0.9761701175233368
C=Cc1ccc(NS(=O)(=O)C2CCOCC2)cc1,267.3499999999999,2.2503,55.400000000000006,1,3,0.9099765974421311,1.0,1,0,0,0,O=S(=O)(Nc1ccccc1)C1CCOCC1,['perp_genmol_hop'],['PERP'],1,1.0,0.0,0.0,0.0,0.9729929792326393,0.0,0.0,0.9729929792326393
CCc1ccc(NS(=O)(=O)C2CCOCC2)cc1,269.36599999999993,2.1696999999999997,55.400000000000006,1,3,0.9110801248450351,1.0,1,0,0,0,O=S(=O)(Nc1ccccc1)C1CCOCC1,['perp_genmol_hop'],['PERP'],1,1.0,0.0,0.0,0.0,0.9733240374535104,0.0,0.0,0.9733240374535104
C#[N+]c1ccc(NS(=O)(=O)C2CCOCC2)cc1,267.3299999999999,2.2015000000000002,59.760000000000005,1,3,0.9129629998041046,1.0,1,0,1,0,O=S(=O)(Nc1ccccc1)C1CCOCC1,['perp_genmol_hop'],['PERP'],1,1.0,0.0,0.0,0.0,0.9738888999412312,0.0,0.0,0.9738888999412312
CC(C)c1ccc(NS(=O)(=O)C2CCOCC2)cc1,283.3929999999999,2.7307000000000015,55.400000000000006,1,3,0.9240728560403587,1.0,1,0,0,0,O=S(=O)(Nc1ccccc1)C1CCOCC1,['perp_genmol_hop'],['PERP'],1,1.0,0.0,0.0,0.0,0.9772218568121076,0.0,0.0,0.9772218568121076
O=S(=O)(Nc1ccccc1)C1CCOCC1,241.31199999999995,1.6073,55.400000000000006,1,3,0.8742911542091182,1.0,1,0,0,0,O=S(=O)(Nc1ccccc1)C1CCOCC1,['perp_genmol_hop'],['PERP'],1,1.0,0.0,0.0,0.0,0.9622873462627353,0.0,0.0,0.9622873462627353
CC=Cc1ccc(NS(=O)(=O)C2CCOCC2)cc1,281.3769999999999,2.6404000000000014,55.400000000000006,1,3,0.922740515326854,1.0,1,0,0,0,O=S(=O)(Nc1ccccc1)C1CCOCC1,['perp_genmol_hop'],['PERP'],1,1.0,0.0,0.0,0.0,0.9768221545980562,0.0,0.0,0.9768221545980562
O=S(=O)(Nc1ccc(C=NCl)cc1)C1CCOCC1,302.78300000000013,2.1799999999999997,67.76,1,4,0.8668650029882096,1.0,1,0,0,0,O=S(=O)(Nc1ccccc1)C1CCOCC1,['perp_genmol_hop'],['PERP'],1,1.0,0.0,0.0,0.0,0.9600595008964627,0.0,0.0,0.9600595008964627
CCC(C)c1ccc(NS(=O)(=O)C2CCOCC2)cc1,297.42,3.120800000000002,55.400000000000006,1,3,0.9081860496502883,1.0,1,0,0,0,O=S(=O)(Nc1ccccc1)C1CCOCC1,['perp_genmol_hop'],['PERP'],1,1.0,0.0,0.0,0.0,0.9724558148950864,0.0,0.0,0.9724558148950864
CCCCc1ccc(NS(=O)(=O)C2CCOCC2)cc1,297.42,2.9499000000000013,55.400000000000006,1,3,0.8780184280528033,1.0,1,0,0,0,O=S(=O)(Nc1ccccc1)C1CCOCC1,['perp_genmol_hop'],['PERP'],1,1.0,0.0,0.0,0.0,0.9634055284158409,0.0,0.0,0.9634055284158409
CC(O)c1ccc(S(=O)(=O)N2CCCC2)cc1,255.33899999999994,1.5244000000000002,57.61,1,3,0.8906680318569387,1.0,1,0,0,0,O=S(=O)(c1ccccc1)N1CCCC1,['perp_genmol_hop'],['PERP'],1,1.0,0.0,0.0,0.0,0.9672004095570814,0.0,0.0,0.9672004095570814
O=C(Cl)c1ccc(NS(=O)(=O)C2CCOCC2)cc1,303.76700000000005,1.9863000000000002,72.47,1,4,0.8634021814735994,1.0,1,0,0,1,O=S(=O)(Nc1ccccc1)C1CCOCC1,['perp_genmol_hop'],['PERP'],1,1.0,0.0,0.0,0.0,0.9590206544420796,0.0,0.0,0.9590206544420796
CCN1CCC(C(=O)Nc2cc3c(C)nc(C)cn3n2)CC1,301.39400000000006,2.01654,62.53,1,4,0.941843963811439,1.0,1,0,0,0,O=C(Nc1cc2cnccn2n1)C1CCNCC1,['smn2_splice_genmol_hop'],['SMN2'],1,1.0,0.0,0.0,0.0,0.9825531891434316,0.0,0.0,0.9825531891434316
Cc1cn2cc(NCN3CCN(C)CC3)cc(F)c2n1,277.347,1.3986199999999995,35.81,1,4,0.9197211140328511,0.75,1,0,0,0,c1cn2cc(NCN3CCNCC3)ccc2n1,['smn2_splice_genmol_hop'],['SMN2'],1,1.0,0.0,0.0,0.0,0.9009163342098552,0.0,0.0,0.9009163342098552
CC1(C)CC(Oc2ccc(-c3ccccc3O)nn2)CC(C)(C)N1,327.4280000000001,3.5372000000000012,67.27,2,5,0.9024018165874924,1.0,1,0,0,0,c1ccc(-c2ccc(OC3CCNCC3)nn2)cc1,['smn2_splice_genmol_hop'],['SMN2'],1,1.0,0.0,0.0,0.0,0.9707205449762477,0.0,0.0,0.9707205449762477
Cc1ccc(-c2ccc(OC3CC(C)(C)NC(C)(C)C3)nn2)c(O)c1,341.45500000000004,3.845620000000002,67.27,2,5,0.8875481393461991,1.0,1,0,0,0,c1ccc(-c2ccc(OC3CCNCC3)nn2)cc1,['smn2_splice_genmol_hop'],['SMN2'],1,1.0,0.0,0.0,0.0,0.9662644418038597,0.0,0.0,0.9662644418038597
CN1CCN(c2ccc3nc(CC4=CC=CC=CC4)cc(=O)n3c2)CC1,348.4500000000001,2.4313000000000002,40.849999999999994,0,4,0.854251607231913,1.0,1,0,0,0,O=c1cc(CC2=CC=CC=CC2)nc2ccc(N3CCNCC3)cn12,['smn2_splice_genmol_hop'],['SMN2'],1,1.0,0.0,0.0,0.0,0.9562754821695738,0.0,0.0,0.9562754821695738
CCN1CCC(c2cc(C)c3nccc(=O)n3c2)CC1,271.36400000000003,2.2022199999999996,37.61,0,3,0.8401175008304866,1.0,1,0,0,0,O=c1ccnc2ccc(C3CCNCC3)cn12,['smn2_splice_genmol_hop'],['SMN2'],1,1.0,0.0,0.0,0.0,0.9520352502491458,0.0,0.0,0.9520352502491458
Cc1cn2cc(C(C)N3CCN(C)CC3)cc(F)c2n1,276.3589999999999,2.0902200000000004,23.78,0,3,0.8390209243331198,1.0,1,0,0,0,c1cn2cc(CN3CCNCC3)ccc2n1,['smn2_splice_genmol_hop'],['SMN2'],1,1.0,0.0,0.0,0.0,0.9517062772999358,0.0,0.0,0.9517062772999358
CN1CCN(c2ccc3nc(C4CC4)cc(=O)n3c2)CC1,284.363,1.3237,40.849999999999994,0,4,0.8339108860878155,0.75,1,0,0,0,O=c1cc(C2CC2)nc2ccc(N3CCNCC3)cn12,['smn2_splice_genmol_hop'],['SMN2'],1,1.0,0.0,0.0,0.0,0.8751732658263447,0.0,0.0,0.8751732658263447
Cc1cn2cc(CN3CCN(C)CC3)cc(F)c2n1,262.33199999999994,1.5292199999999998,23.78,0,3,0.8198836810784236,1.0,1,0,0,0,c1cn2cc(CN3CCNCC3)ccc2n1,['smn2_splice_genmol_hop'],['SMN2'],1,1.0,0.0,0.0,0.0,0.9459651043235271,0.0,0.0,0.9459651043235271
CCc1cc(=O)n2cc(N3CCN(C)CC3)ccc2n1,272.352,1.0086999999999997,40.85,0,4,0.8179108667516114,0.75,1,0,0,0,O=c1ccnc2ccc(N3CCNCC3)cn12,['smn2_splice_genmol_hop'],['SMN2'],1,1.0,0.0,0.0,0.0,0.8703732600254834,0.0,0.0,0.8703732600254834
[C]c1cc2ccc(N3CCN(CC)[C@@H](C)C3)cc2oc1=O,283.351,2.25959,36.69,0,4,0.7922512352070032,1.0,1,0,0,0,O=c1ccc2ccc(N3CCNCC3)cc2o1,['smn2_splice_genmol_hop'],['SMN2'],1,1.0,0.0,0.0,0.0,0.9376753705621008,0.0,0.0,0.9376753705621008
CCN1CCN(c2ccc3ccc(=O)oc3c2)C[C@@H]1C,272.348,2.3234000000000004,36.69,0,4,0.7862329215377208,1.0,1,0,0,0,O=c1ccc2ccc(N3CCNCC3)cc2o1,['smn2_splice_genmol_hop'],['SMN2'],1,1.0,0.0,0.0,0.0,0.9358698764613163,0.0,0.0,0.9358698764613163
CCOc1ccc(-c2ccc(-c3cn[nH]c3)cc2O)nn1,282.303,2.6380000000000003,83.92,2,5,0.7681499283119683,1.0,1,0,0,0,c1cnnc(-c2ccc(-c3cn[nH]c3)cc2)c1,['smn2_splice_genmol_hop'],['SMN2'],1,1.0,0.0,0.0,0.0,0.9304449784935904,0.0,0.0,0.9304449784935904
COc1ccc(-c2ccc(-c3cn[nH]c3)cc2O)nn1,268.276,2.2479,83.92,2,5,0.760717190352514,1.0,1,0,0,0,c1cnnc(-c2ccc(-c3cn[nH]c3)cc2)c1,['smn2_splice_genmol_hop'],['SMN2'],1,1.0,0.0,0.0,0.0,0.9282151571057542,0.0,0.0,0.9282151571057542
CC1(C)CC(OC(=O)c2ccc(-c3cn[nH]c3)cc2O)CC(C)(C)N1,343.42700000000013,3.2483000000000013,87.24,3,5,0.7447984193822141,1.0,1,0,0,0,O=C(OC1CCNCC1)c1ccc(-c2cn[nH]c2)cc1,['smn2_splice_genmol_hop'],['SMN2'],1,1.0,0.0,0.0,0.0,0.9234395258146642,0.0,0.0,0.9234395258146642
CN1C=CC(F)=CC1COc1ccc(-c2ccc(-c3cn[nH]c3)cc2O)nn1,379.39500000000004,3.2992000000000012,87.16,2,6,0.7073385232122953,1.0,1,0,0,0,C1=CNC(COc2ccc(-c3ccc(-c4cn[nH]c4)cc3)nn2)C=C1,['smn2_splice_genmol_hop'],['SMN2'],1,1.0,0.0,0.0,0.0,0.9122015569636885,0.0,0.0,0.9122015569636885
Cc1cn2cc(-c3cc(=O)n4cc(CO)ccc4n3)cc(F)c2n1,324.315,1.9490199999999995,71.9,1,4,0.6116226477033532,1.0,1,0,0,0,O=c1cc(-c2ccc3nccn3c2)nc2ccccn12,['smn2_splice_genmol_hop'],['SMN2'],1,1.0,0.0,0.0,0.0,0.8834867943110059,0.0,0.0,0.8834867943110059
Cc1cn2cc(-c3cc(=O)n4cc(O)ccc4n3)cc(F)c2n1,310.288,2.1623200000000002,71.9,1,4,0.5846367098379087,1.0,1,0,0,0,O=c1cc(-c2ccc3nccn3c2)nc2ccccn12,['smn2_splice_genmol_hop'],['SMN2'],1,1.0,0.0,0.0,0.0,0.8753910129513727,0.0,0.0,0.8753910129513727
Cc1cn2cc(-c3cc(=O)n4cc(N)ccc4n3)cc(F)c2n1,309.30400000000003,2.0389199999999996,77.69,1,4,0.5834706740076981,1.0,1,0,0,0,O=c1cc(-c2ccc3nccn3c2)nc2ccccn12,['smn2_splice_genmol_hop'],['SMN2'],1,1.0,0.0,0.0,0.0,0.8750412022023093,0.0,0.0,0.8750412022023093
CCNc1ccc2cc(-c3cn4cc(C)nc(C)c4n3)c(=O)oc2c1,334.3790000000001,3.5513400000000024,72.43,1,5,0.5801141042984133,1.0,1,0,0,0,O=c1oc2ccccc2cc1-c1cn2ccncc2n1,['smn2_splice_genmol_hop'],['SMN2'],1,1.0,0.0,0.0,0.0,0.874034231289524,0.0,0.0,0.874034231289524
Cc1cn2nc(-c3cc(=O)n4cc(C5CCNCC5)cc(C)c4n3)cc2c(C)n1,388.47500000000014,2.7964600000000015,76.59,1,5,0.5714193025673564,1.0,1,0,0,0,O=c1cc(-c2cc3cnccn3n2)nc2ccc(C3CCNCC3)cn12,['smn2_splice_genmol_hop'],['SMN2'],1,1.0,0.0,0.0,0.0,0.871425790770207,0.0,0.0,0.871425790770207
CCOc1cc(C)c2nc(-c3cc4c(C)nc(C)cn4n3)cc(=O)n2c1,349.39400000000006,2.728160000000001,73.78999999999999,0,5,0.5684891424474959,1.0,1,0,0,0,O=c1cc(-c2cc3cnccn3n2)nc2ccccn12,['smn2_splice_genmol_hop'],['SMN2'],1,1.0,0.0,0.0,0.0,0.8705467427342488,0.0,0.0,0.8705467427342488
Cc1cn2nc(-c3cc(=O)n4cc(C5CCC[NH2+]C5)cc(C)c4n3)cc2c(C)n1,389.4830000000001,1.77026,81.17,1,4,0.5665545167990157,1.0,1,0,1,0,O=c1cc(-c2cc3cnccn3n2)nc2ccc(C3CCC[NH2+]C3)cn12,['smn2_splice_genmol_hop'],['SMN2'],1,1.0,0.0,0.0,0.0,0.8699663550397048,0.0,0.0,0.8699663550397048
Cc1cn2cc(-c3cc(=O)n4cc(S)ccc4n3)cc(F)c2n1,326.35600000000005,2.745420000000001,51.67,1,4,0.5473177135108486,1.0,1,0,0,0,O=c1cc(-c2ccc3nccn3c2)nc2ccccn12,['smn2_splice_genmol_hop'],['SMN2'],1,1.0,0.0,0.0,0.0,0.8641953140532546,0.0,0.0,0.8641953140532546
Cc1cn2cc(-c3cc(=O)n4cc(OCC5CCO5)ccc4n3)cc(F)c2n1,380.379,2.6244200000000006,70.13000000000001,0,5,0.5443816145315594,1.0,1,0,0,0,O=c1cc(-c2ccc3nccn3c2)nc2ccc(OCC3CCO3)cn12,['smn2_splice_genmol_hop'],['SMN2'],1,1.0,0.0,0.0,0.0,0.8633144843594678,0.0,0.0,0.8633144843594678
Cc1cn2cc(-c3cc(=O)n4ccccc4n3)cc(F)c2n1,294.28900000000004,2.45672,51.67,0,3,0.5416577731436882,1.0,1,0,0,0,O=c1cc(-c2ccc3nccn3c2)nc2ccccn12,['smn2_splice_genmol_hop'],['SMN2'],1,1.0,0.0,0.0,0.0,0.8624973319431064,0.0,0.0,0.8624973319431064
Cc1cn2cc(-c3cc(=O)n4cc(CCC[NH+]=O)ccc4n3)cc(F)c2n1,366.37600000000003,1.2363199999999994,82.71,1,4,0.5388713683167109,0.75,1,0,1,0,O=c1cc(-c2ccc3nccn3c2)nc2ccccn12,['smn2_splice_genmol_hop'],['SMN2'],1,1.0,0.0,0.0,0.0,0.7866614104950131,0.0,0.0,0.7866614104950131
CCOc1ccc2cc(-c3cn4cc(C)nc(C)c4n3)c(=O)oc2c1,335.36300000000006,3.5182400000000023,69.63,0,5,0.5358370016113662,1.0,1,0,0,0,O=c1oc2ccccc2cc1-c1cn2ccncc2n1,['smn2_splice_genmol_hop'],['SMN2'],1,1.0,0.0,0.0,0.0,0.8607511004834099,0.0,0.0,0.8607511004834099
Cc1cn2cc(-c3cc4ccc(N5CCN[C@@H](C)C5)cc4oc3=O)nc2c(C)n1,389.4590000000001,2.9176400000000005,75.67,1,6,0.5314880680591424,1.0,1,0,0,0,O=c1oc2cc(N3CCNCC3)ccc2cc1-c1cn2ccncc2n1,['smn2_splice_genmol_hop'],['SMN2'],1,1.0,0.0,0.0,0.0,0.8594464204177428,0.0,0.0,0.8594464204177428
Cc1cn2cc(-c3cc(=O)n4cc(C=O)ccc4n3)cc(F)c2n1,322.29900000000004,2.26922,68.74000000000001,0,4,0.5309525559077904,1.0,1,0,0,1,O=c1cc(-c2ccc3nccn3c2)nc2ccccn12,['smn2_splice_genmol_hop'],['SMN2'],1,1.0,0.0,0.0,0.0,0.859285766772337,0.0,0.0,0.859285766772337
CC[NH+]1CCC(c2cc(C)c3nc(-c4cc5c(C)nc(C)cn5n4)cc(=O)n3c2)NC1,418.5250000000001,1.2261600000000004,81.03,2,5,0.5230815850821229,0.75,1,0,1,0,O=c1cc(-c2cc3cnccn3n2)nc2ccc(C3CC[NH2+]CN3)cn12,['smn2_splice_genmol_hop'],['SMN2'],1,1.0,0.0,0.0,0.0,0.7819244755246368,0.0,0.0,0.7819244755246368
Cc1cn2nc(-c3cc(=O)n4cc(C5CCN(C6=C[NH+]=C6)CC5)cc(C)c4n3)cc2c(C)n1,440.53100000000023,1.5152599999999998,81.77,1,5,0.5224266078065273,1.0,1,0,1,0,O=c1cc(-c2cc3cnccn3n2)nc2ccc(C3CCN(C4=C[NH+]=C4)CC3)cn12,['smn2_splice_genmol_hop'],['SMN2'],1,1.0,0.0,0.0,0.0,0.8567279823419582,0.0,0.0,0.8567279823419582
Cc1cn2cc(-c3cc4ccc(N5CCN(O)[C@@H](C)C5)cc4oc3=O)nc2c(C)n1,405.4580000000002,3.019240000000001,87.11,1,7,0.5130604661584591,1.0,1,0,0,0,O=c1oc2cc(N3CCNCC3)ccc2cc1-c1cn2ccncc2n1,['smn2_splice_genmol_hop'],['SMN2'],1,1.0,0.0,0.0,0.0,0.8539181398475377,0.0,0.0,0.8539181398475377
[O-]c1cc(-c2cn[nH]c2)ccc1-c1ccc(OCCCCCS)nn1,355.4430000000001,3.086200000000002,86.75,2,6,0.47888843346850574,1.0,1,0,1,0,c1cnnc(-c2ccc(-c3cn[nH]c3)cc2)c1,['smn2_splice_genmol_hop'],['SMN2'],1,1.0,0.0,0.0,0.0,0.8436665300405517,0.0,0.0,0.8436665300405517
C1=CC(c2cc[nH+]c(Cc3ccc(N4CCCCCC4)cc3)n2)=CC2=CNC=NC2=C1,410.545,4.219400000000003,54.660000000000004,1,4,0.8211240859883967,1.0,1,1,1,0,C1=CC(c2cc[nH+]c(Cc3ccc(N4CCCCCC4)cc3)n2)=CC2=CNC=NC2=C1,['jak2_inhibitor'],['JAK2'],1,0.0,0.0,1.0,0.2,0.9063372257965191,0.0,0.1,0.8063372257965191
O=S(=O)(c1ccccc1)c1ccc(NC2CCNC2)c(-c2ccc3ccccc3n2)n1,430.53300000000013,3.903400000000002,83.98,2,6,0.499575845734576,1.0,1,0,0,0,O=S(=O)(c1ccccc1)c1ccc(NC2CCNC2)c(-c2ccc3ccccc3n2)n1,['jak2_inhibitor'],['JAK2'],1,0.0,0.0,1.0,0.0,0.8498727537203727,0.0,0.1,0.7498727537203728
C1=Cc2ccc(Nc3nc4c[nH+]ccc4nc3-c3ccccc3)cc2C=CN1,364.4320000000001,4.3991000000000025,63.980000000000004,2,4,0.565534976070483,1.0,1,0,1,0,C1=Cc2ccc(Nc3nc4c[nH+]ccc4nc3-c3ccccc3)cc2C=CN1,['jak2_inhibitor'],['JAK2'],1,0.0,0.0,1.0,0.0,0.8696604928211449,0.0,0.1,0.7696604928211449
O=C(O)C1=C2C=Cc3nc4ccccc4nc3C=C2C=C(c2ccccc2)N1,365.39200000000005,4.023000000000002,75.11,2,4,0.7173168338661648,1.0,1,0,0,0,C1=Cc2nc3ccccc3nc2C=C2C=C(c3ccccc3)NC=C12,['jak2_inhibitor'],['JAK2'],1,0.0,0.0,1.0,0.0,0.9151950501598494,0.0,0.1,0.8151950501598494
Oc1cccc(-c2[nH]c(-c3cncc[nH+]3)nc3c4ccccc4nc2-3)c1,340.3660000000001,3.311400000000001,88.83,2,4,0.5158410143083708,1.0,1,0,1,0,c1ccc(-c2[nH]c(-c3cncc[nH+]3)nc3c4ccccc4nc2-3)cc1,['jak2_inhibitor'],['JAK2'],1,0.0,0.0,1.0,0.0,0.8547523042925111,0.0,0.1,0.7547523042925112
Nc1ccc2c3nc4ccccc4c-3nc(Cc3ccccc3)nc2c1,336.398,4.455800000000003,64.69,1,4,0.4835434205819534,1.0,1,0,0,0,c1ccc(Cc2nc3c4ccccc4nc-3c3ccccc3n2)cc1,['jak2_inhibitor'],['JAK2'],1,0.0,0.0,1.0,0.0,0.845063026174586,0.0,0.1,0.745063026174586
Cc1nc[nH+]c(-c2cc(-c3ccc4c(=O)[nH]ncc4c3)cc[nH+]2)c1C,331.379,1.8971399999999996,86.92,1,3,0.6083885102091307,1.0,1,0,1,0,O=c1[nH]ncc2cc(-c3cc[nH+]c(-c4ccnc[nH+]4)c3)ccc12,['jak2_inhibitor'],['JAK2'],1,0.0,0.0,1.0,0.0,0.8825165530627392,0.0,0.1,0.7825165530627393
C[SH](=O)(O)N1CCC(CCc2ccccc2-c2ccc3ncccc3c2)C1,382.5290000000001,4.190800000000004,53.43,2,2,0.6507212215016311,1.0,1,0,0,0,c1ccc(-c2ccc3ncccc3c2)c(CCC2CCNC2)c1,['jak2_inhibitor'],['JAK2'],1,0.0,0.0,1.0,0.0,0.8952163664504893,0.0,0.1,0.7952163664504893
O=c1[nH+]c(C(c2ccc(F)cc2)c2c[nH]nn2)oc2cc(-c3ccccc3)ccc12,399.40500000000014,3.7115000000000027,85.92,1,4,0.4991719596395097,1.0,1,0,1,0,O=c1[nH+]c(C(c2ccccc2)c2c[nH]nn2)oc2cc(-c3ccccc3)ccc12,['jak2_inhibitor'],['JAK2'],1,0.0,0.0,1.0,0.0,0.8497515878918529,0.0,0.1,0.7497515878918529
O[n+]1cccc(Cn2cc(Cc3ccccc3)c3ccccc32)c1,315.3960000000001,3.805200000000003,29.04,1,1,0.4502332155973692,1.0,1,0,1,0,c1ccc(Cc2cn(Cc3ccc[nH+]c3)c3ccccc23)cc1,['jak2_inhibitor'],['JAK2'],1,0.0,0.0,1.0,0.0,0.8350699646792108,0.0,0.1,0.7350699646792108
O=C(O)c1ccc2c(c1)nc(Oc1ccc(F)cc1)c1cnccc12,334.30600000000004,4.412600000000002,72.31,1,4,0.5617977707736316,1.0,1,0,0,0,c1ccc(Oc2nc3ccccc3c3ccncc23)cc1,['jak2_inhibitor'],['JAK2'],1,0.0,0.0,1.0,0.0,0.8685393312320895,0.0,0.1,0.7685393312320895
COc1ccc(N(Cc2cn3ccccc3n2)C(=O)CCc2ccccn2)cc1,386.45500000000015,3.903900000000003,59.730000000000004,0,4,0.4832648653667528,1.0,1,0,0,0,O=C(CCc1ccccn1)N(Cc1cn2ccccc2n1)c1ccccc1,['jak2_inhibitor'],['JAK2'],1,0.0,0.0,1.0,0.0,0.8449794596100257,0.0,0.1,0.7449794596100258
O=C(O)Cn1nc(-c2ccc3ccccc3c2)c2ccccc2c1=O,330.3430000000001,3.301300000000002,72.19,1,3,0.6254348199285678,1.0,1,0,0,0,O=c1[nH]nc(-c2ccc3ccccc3c2)c2ccccc12,['jak2_inhibitor'],['JAK2'],1,0.0,0.0,1.0,0.0,0.8876304459785702,0.0,0.1,0.7876304459785702
O=C(NCc1ccccc1)c1c2c[nH+]c(-c3ccc[nH+]c3)c-2[nH]c2ccccc12,380.4510000000001,3.4979000000000013,73.17,2,1,0.4920676833389941,1.0,1,0,1,0,O=C(NCc1ccccc1)c1c2c[nH+]c(-c3ccc[nH+]c3)c-2[nH]c2ccccc12,['jak2_inhibitor'],['JAK2'],1,0.0,0.0,1.0,0.0,0.8476203050016982,0.0,0.1,0.7476203050016982
Fc1ccc(-c2cc(-n3cccn3)nc(NN=Cc3ccccc3)n2)cc1,358.38000000000005,3.9144000000000014,67.99000000000001,1,5,0.4337350399836514,1.0,1,0,0,0,C(=NNc1nc(-c2ccccc2)cc(-n2cccn2)n1)c1ccccc1,['jak2_inhibitor'],['JAK2'],1,0.0,0.0,1.0,0.0,0.8301205119950954,0.0,0.1,0.7301205119950954
c1ccc(Cc2cn3c(n2)nc(Nc2ccncn2)c2ncccc23)cc1,353.38900000000007,3.4019000000000013,80.89,1,6,0.5332500263548895,1.0,1,0,0,0,c1ccc(Cc2cn3c(n2)nc(Nc2ccncn2)c2ncccc23)cc1,['jak2_inhibitor'],['JAK2'],1,0.0,0.0,1.0,0.0,0.8599750079064667,0.0,0.1,0.7599750079064668
COc1ccc(Nc2[nH+]c3c(c4c2=Cc2cc(C)ccc2N4)C=NC=NC=3)cc1,382.447,2.645920000000001,72.15,2,5,0.5722086454638624,1.0,1,0,1,0,C1=NC=c2[nH+]c(Nc3ccccc3)c3c(c2C=N1)Nc1ccccc1C=3,['jak2_inhibitor'],['JAK2'],1,0.0,0.0,1.0,0.0,0.8716625936391587,0.0,0.1,0.7716625936391587
Cc1c(-c2cc3n(Cc4ccccc4)c4ccc(N)cc4n3n2)cnn1C,356.4330000000001,3.628420000000001,66.07,1,3,0.5021140132494994,1.0,1,1,0,0,c1ccc(Cn2c3ccccc3n3nc(-c4cn[nH]c4)cc23)cc1,['jak2_inhibitor'],['JAK2'],1,0.0,0.0,1.0,0.2,0.8106342039748499,0.0,0.1,0.7106342039748499
Cc1ccc2c(Nc3ccc4c[nH+]cnc4c3)nc3[nH]c(=O)ccc3c2c1,354.39300000000014,3.4906200000000007,84.81,2,4,0.47531887461614075,1.0,1,0,1,0,O=c1ccc2c(nc(Nc3ccc4c[nH+]cnc4c3)c3ccccc32)[nH]1,['jak2_inhibitor'],['JAK2'],1,0.0,0.0,1.0,0.0,0.8425956623848423,0.0,0.1,0.7425956623848423
Nc1cccc2c1=Nc1ccccc1NC=2C(=O)Nc1ccc(F)cc1,346.36500000000007,2.531600000000001,79.50999999999999,3,4,0.6240208465155017,1.0,1,0,0,0,O=C(Nc1ccccc1)C1=c2ccccc2=Nc2ccccc2N1,['jak2_inhibitor'],['JAK2'],1,0.0,0.0,1.0,0.0,0.8872062539546506,0.0,0.1,0.7872062539546506
O=C(NNc1c(-c2ccccc2)ccc2c(=O)[nH]cnc12)c1ccccc1,356.3850000000001,3.3470000000000013,86.88000000000001,3,4,0.48952720537598493,1.0,1,0,0,0,O=C(NNc1c(-c2ccccc2)ccc2c(=O)[nH]cnc12)c1ccccc1,['jak2_inhibitor'],['JAK2'],1,0.0,0.0,1.0,0.0,0.8468581616127955,0.0,0.1,0.7468581616127955
O=C(NCC=Cc1ccccc1)C(=NC1=CC(=O)[N+]2=CC=NC2=N1)c1ccccc1,396.43000000000006,2.2106000000000003,86.26,1,5,0.5995798419566396,1.0,1,0,1,0,O=C(NCC=Cc1ccccc1)C(=NC1=CC(=O)[N+]2=CC=NC2=N1)c1ccccc1,['jak2_inhibitor'],['JAK2'],1,0.0,0.0,1.0,0.0,0.8798739525869919,0.0,0.1,0.7798739525869919
OC1CCCN(c2nc(COc3ccccc3F)c3ccccc3n2)C1,353.3970000000001,3.309000000000002,58.480000000000004,1,5,0.7797904873561791,1.0,1,0,0,0,c1ccc(OCc2nc(N3CCCCC3)nc3ccccc23)cc1,['jak2_inhibitor'],['JAK2'],1,0.0,0.0,1.0,0.0,0.9339371462068538,0.0,0.1,0.8339371462068538
COc1ccc(NC(=O)C=C2CC(O)CN2c2ccc3ccccc3c2)cn1,375.42800000000005,3.3370000000000015,74.69,2,5,0.6843894071307988,1.0,1,0,0,0,O=C(C=C1CCCN1c1ccc2ccccc2c1)Nc1cccnc1,['jak2_inhibitor'],['JAK2'],1,0.0,0.0,1.0,0.0,0.9053168221392396,0.0,0.1,0.8053168221392396
O=C(COc1ccc(C(=O)N2CCCC2)nc1-c1ccccc1)NCc1cccc(F)c1,433.483,3.818900000000003,71.53,1,4,0.615022785310034,1.0,1,0,0,0,O=C(COc1ccc(C(=O)N2CCCC2)nc1-c1ccccc1)NCc1ccccc1,['jak2_inhibitor'],['JAK2'],1,0.0,0.0,1.0,0.0,0.8845068355930101,0.0,0.1,0.7845068355930102
Nc1ccc2c(c1)N=C1C3=CNc4cncc5ccc(c3c45)C(=O)[NH+]12,326.3390000000001,1.9974000000000003,84.81,3,5,0.5517130344926456,1.0,1,1,1,0,O=C1c2ccc3cncc4c3c2C(=CN4)C2=Nc3ccccc3[NH+]12,['jak2_inhibitor'],['JAK2'],1,0.0,0.0,1.0,0.2,0.8255139103477936,0.0,0.1,0.7255139103477937
O=c1c(Nc2ccccc2-c2cccc[nH+]2)c[nH]c2cc3c(cc12)OCO3,358.3770000000002,3.4815000000000005,77.49000000000001,2,4,0.5877349536764273,1.0,1,0,1,0,O=c1c(Nc2ccccc2-c2cccc[nH+]2)c[nH]c2cc3c(cc12)OCO3,['jak2_inhibitor'],['JAK2'],1,0.0,0.0,1.0,0.0,0.8763204861029281,0.0,0.1,0.7763204861029281
Fc1ccc(Oc2c(NC3CCNC3)ncnc2-c2ccccc2)cc1,350.39700000000005,3.8488000000000024,59.07,2,5,0.7319249240038845,1.0,1,0,0,0,c1ccc(Oc2c(NC3CCNC3)ncnc2-c2ccccc2)cc1,['jak2_inhibitor'],['JAK2'],1,0.0,0.0,1.0,0.0,0.9195774772011653,0.0,0.1,0.8195774772011654
CC(=O)N1CCC(n2cc(C(=O)NCCc3ccccc3)c3ccccc32)C1,375.4720000000001,3.4071000000000016,54.34,1,2,0.743017289461239,1.0,1,0,0,0,O=C(NCCc1ccccc1)c1cn(C2CCNC2)c2ccccc12,['jak2_inhibitor'],['JAK2'],1,0.0,0.0,1.0,0.0,0.9229051868383717,0.0,0.1,0.8229051868383718
O=C1C=NC2CCN(c3cccc(-c4ccccc4)c3)c3cccnc3N12,354.4130000000001,4.033900000000004,48.800000000000004,0,4,0.6979356455877367,1.0,1,0,0,0,O=C1C=NC2CCN(c3cccc(-c4ccccc4)c3)c3cccnc3N12,['jak2_inhibitor'],['JAK2'],1,0.0,0.0,1.0,0.0,0.9093806936763209,0.0,0.1,0.8093806936763209
O=c1ccc(NCc2ccccc2)nc2c1ncc1ccccc12,313.36000000000007,3.755300000000002,54.88,1,4,0.6255813596087614,1.0,1,0,0,0,O=c1ccc(NCc2ccccc2)nc2c1ncc1ccccc12,['jak2_inhibitor'],['JAK2'],1,0.0,0.0,1.0,0.0,0.8876744078826284,0.0,0.1,0.7876744078826284
Cc1ccc2c3nc4cccccc4c3c3nc(CN4CCOCC4)cn3c2c1,382.4670000000002,4.329520000000003,42.66,0,4,0.45577139439715203,1.0,1,0,0,0,c1ccc2nc3c4ccccc4n4cc(CN5CCOCC5)nc4c3c2cc1,['jak2_inhibitor'],['JAK2'],1,0.0,0.0,1.0,0.0,0.8367314183191457,0.0,0.1,0.7367314183191457
COc1ccccc1CNc1nc2ccccc2nc1C#Cc1ncccc1F,384.4140000000001,4.184400000000003,59.93,1,5,0.5349695359565653,1.0,1,0,0,0,C(#Cc1nc2ccccc2nc1NCc1ccccc1)c1ccccn1,['jak2_inhibitor'],['JAK2'],1,0.0,0.0,1.0,0.0,0.8604908607869695,0.0,0.1,0.7604908607869695
NC(=O)c1cccc(N(c2ccc(-c3ccccc3)cc2)c2ncn[nH]2)c1,355.401,4.040400000000003,87.9,2,4,0.56540294898525,1.0,1,0,0,0,c1ccc(-c2ccc(N(c3ccccc3)c3ncn[nH]3)cc2)cc1,['jak2_inhibitor'],['JAK2'],1,0.0,0.0,1.0,0.0,0.8696208846955749,0.0,0.1,0.7696208846955749
O=P(O)(O)C1CCCN(CCN(c2cccnc2)c2ccc3cccnc3c2)CC1,426.45700000000016,3.800100000000003,89.79,2,5,0.5796587325655581,1.0,1,0,0,0,c1cncc(N(CCN2CCCCCC2)c2ccc3cccnc3c2)c1,['jak2_inhibitor'],['JAK2'],1,0.0,0.0,1.0,0.0,0.8738976197696673,0.0,0.1,0.7738976197696673
Cc1cc2nc(C)c(-c3cn(CCc4cccc[nH+]4)c4cc[nH+]cc34)c-2c[nH]1,369.4720000000001,3.623940000000001,61.89,1,1,0.5166309093464818,1.0,1,0,1,0,c1ccc(CCn2cc(-c3cnc4cc[nH]cc3-4)c3c[nH+]ccc32)[nH+]c1,['jak2_inhibitor'],['JAK2'],1,0.0,0.0,1.0,0.0,0.8549892728039445,0.0,0.1,0.7549892728039446
C1=CNc2cc(C3CNCCN3Cc3cccc(-c4ccc[nH+]c4)c3)cnc2N=C1,397.506,3.3507000000000016,66.69,2,5,0.7085726880304599,1.0,1,0,1,0,C1=CNc2cc(C3CNCCN3Cc3cccc(-c4ccc[nH+]c4)c3)cnc2N=C1,['jak2_inhibitor'],['JAK2'],1,0.0,0.0,1.0,0.0,0.9125718064091379,0.0,0.1,0.812571806409138
CN1CCCN(c2cc[nH+]c3ccc(OCC[n+]4ccccc4)cc23)CC1,364.4930000000001,2.1623,33.730000000000004,0,3,0.6508388228842426,1.0,1,0,1,0,c1cc[n+](CCOc2ccc3[nH+]ccc(N4CCCNCC4)c3c2)cc1,['jak2_inhibitor'],['JAK2'],1,0.0,0.0,1.0,0.0,0.8952516468652727,0.0,0.1,0.7952516468652727
Cc1nnn(-c2cccc(C=NCc3ccc(-c4ccncc4F)cc3)n2)n1,373.395,3.185920000000001,81.74,0,6,0.5019447135019071,1.0,1,0,0,0,C(=NCc1ccc(-c2ccncc2)cc1)c1cccc(-n2ncnn2)n1,['jak2_inhibitor'],['JAK2'],1,0.0,0.0,1.0,0.0,0.8505834140505721,0.0,0.1,0.7505834140505722
O=C(O)c1ccc(OCCN(Cc2ccco2)c2ccc3ncncc3c2)cc1,389.41100000000006,4.006600000000003,88.69000000000001,1,6,0.48700619561815006,1.0,1,0,0,0,c1ccc(OCCN(Cc2ccco2)c2ccc3ncncc3c2)cc1,['jak2_inhibitor'],['JAK2'],1,0.0,0.0,1.0,0.0,0.846101858685445,0.0,0.1,0.746101858685445
c1ccc(CC(Oc2ccccn2)c2ccc(CCN3CCNCC3)nc2)cc1,388.51500000000016,3.2871000000000015,50.28,1,5,0.6417572842923651,1.0,1,0,0,0,c1ccc(CC(Oc2ccccn2)c2ccc(CCN3CCNCC3)nc2)cc1,['jak2_inhibitor'],['JAK2'],1,0.0,0.0,1.0,0.0,0.8925271852877095,0.0,0.1,0.7925271852877095
c1ccc2c(-c3nc(-c4cccc5[nH+]c(N6CCNCC6)sc45)[nH+]o3)c[nH]c2c1,404.49900000000014,2.7424,85.37,2,5,0.48421009246725144,1.0,1,0,1,0,c1ccc2c(-c3nc(-c4cccc5[nH+]c(N6CCNCC6)sc45)[nH+]o3)c[nH]c2c1,['jak2_inhibitor'],['JAK2'],1,0.0,0.0,1.0,0.0,0.8452630277401754,0.0,0.1,0.7452630277401754
O=C1N=C2C(=Nc3c(Cc4ccc(F)cc4)cc(-c4cccc[nH+]4)cc32)C(=O)N1,385.37800000000004,3.0226000000000006,85.03,1,3,0.7515341383438,1.0,1,0,1,0,O=C1N=C2C(=Nc3c(Cc4ccccc4)cc(-c4cccc[nH+]4)cc32)C(=O)N1,['jak2_inhibitor'],['JAK2'],1,0.0,0.0,1.0,0.0,0.9254602415031399,0.0,0.1,0.8254602415031399
Cc1cc(C2=C(c3ccc(N4CCOCC4)cc3)N=[N+]3C2=Nc2ccccc23)cc[nH+]1,409.493,4.367620000000003,54.339999999999996,0,4,0.6034873270316711,1.0,1,1,1,0,c1ccc2c(c1)N=C1C(c3cc[nH+]cc3)=C(c3ccc(N4CCOCC4)cc3)N=[N+]12,['jak2_inhibitor'],['JAK2'],1,0.0,0.0,1.0,0.2,0.8410461981095013,0.0,0.1,0.7410461981095013
COc1ccc(CCN(Cc2ccc(O)cc2)C(=O)c2ccncc2)cc1,362.4290000000001,3.680900000000002,62.660000000000004,1,4,0.696373452385638,1.0,1,0,0,0,O=C(c1ccncc1)N(CCc1ccccc1)Cc1ccccc1,['jak2_inhibitor'],['JAK2'],1,0.0,0.0,1.0,0.0,0.9089120357156912,0.0,0.1,0.8089120357156913
Cc1ccc(-n2c(C)cc3c2[nH+]c(-c2cccc(C)c2)n2c[n+](C)nc32)cc1,369.4720000000001,3.5090600000000016,40.25,0,1,0.43907890614816286,1.0,1,0,1,0,c1ccc(-c2[nH+]c3c(ccn3-c3ccccc3)c3n[nH+]cn23)cc1,['jak2_inhibitor'],['JAK2'],1,0.0,0.0,1.0,0.0,0.8317236718444487,0.0,0.1,0.7317236718444488
OC(CCc1ccc(-n2cccn2)cc1)N1CCCCCC1,299.4180000000001,2.9993000000000016,41.29,1,3,0.9225189504099127,1.0,1,0,0,0,c1cnn(-c2ccc(CCCN3CCCCCC3)cc2)c1,['jak2_inhibitor'],['JAK2'],1,0.0,0.0,1.0,0.0,0.9767556851229737,0.0,0.1,0.8767556851229737
O=C(O)c1ccc2c(c1)C1=NC(=Nc3ccccc3)N=CC1=N2,302.293,3.0321000000000007,86.74,1,3,0.9238933244378198,1.0,1,0,0,0,C1=NC(=Nc2ccccc2)N=C2C1=Nc1ccccc12,['jak2_inhibitor'],['JAK2'],1,0.0,0.0,1.0,0.0,0.9771679973313459,0.0,0.1,0.8771679973313459
O=C(O)c1ccc(N(C=Cc2cccnc2)c2ccncc2)cc1,317.348,3.9838000000000022,66.32,1,4,0.7706298374298419,1.0,1,0,0,0,C(=CN(c1ccccc1)c1ccncc1)c1cccnc1,['jak2_inhibitor'],['JAK2'],1,0.0,0.0,1.0,0.0,0.9311889512289524,0.0,0.1,0.8311889512289524
NS(=O)(=O)c1ccc(OC(CCc2cccc(O)c2)c2ccccc2)cc1,383.469,3.792500000000003,89.62,2,4,0.6494333348474166,1.0,1,0,0,0,c1ccc(CCC(Oc2ccccc2)c2ccccc2)cc1,['jak2_inhibitor'],['JAK2'],1,0.0,0.0,1.0,0.0,0.8948300004542249,0.0,0.1,0.7948300004542249
O=C(NCc1ccc(-c2ccc(F)cc2)cc1)C1COP(=O)(O)O1,351.27000000000004,2.6247000000000003,84.86,2,4,0.8274824487288595,1.0,1,0,0,0,O=C(NCc1ccc(-c2ccccc2)cc1)C1CO[PH](=O)O1,['jak2_inhibitor'],['JAK2'],1,0.0,0.0,1.0,0.0,0.9482447346186578,0.0,0.1,0.8482447346186578
O=C(c1ccc(CN2CCOCC2)nc1)N1CCNC(c2ccccc2)C1,366.46500000000003,1.7004999999999997,57.70000000000001,1,5,0.8926356011961237,1.0,1,0,0,0,O=C(c1ccc(CN2CCOCC2)nc1)N1CCNC(c2ccccc2)C1,['jak2_inhibitor'],['JAK2'],1,0.0,0.0,1.0,0.0,0.967790680358837,0.0,0.1,0.867790680358837
CN1NC(c2ccccc2)=C(C=Cc2ccc(O)cc2)C=C1Nc1cc[nH+]cc1,383.475,4.034300000000002,61.67,3,4,0.6224344136906319,1.0,1,0,1,0,C(=Cc1ccccc1)C1=C(c2ccccc2)NNC(Nc2cc[nH+]cc2)=C1,['jak2_inhibitor'],['JAK2'],1,0.0,0.0,1.0,0.0,0.8867303241071895,0.0,0.1,0.7867303241071896
O=C(O)c1ccc2c(c1)c1[nH]c(=O)ccc1n2-c1ccc2ccccc2c1,354.36500000000007,4.323400000000002,75.09,2,2,0.4955631092942054,1.0,1,0,0,0,O=c1ccc2c([nH]1)c1ccccc1n2-c1ccc2ccccc2c1,['jak2_inhibitor'],['JAK2'],1,0.0,0.0,1.0,0.0,0.8486689327882615,0.0,0.1,0.7486689327882615
NC1=c2cc(C=Cc3ccccc3)c(-c3ccccc3)nc2=C2C=CNC=C2O1,377.4470000000001,3.082600000000001,60.17,2,4,0.736487522260394,1.0,1,0,0,0,C1=CC2=c3nc(-c4ccccc4)c(C=Cc4ccccc4)cc3=COC2=CN1,['jak2_inhibitor'],['JAK2'],1,0.0,0.0,1.0,0.0,0.9209462566781181,0.0,0.1,0.8209462566781182
CCCCCCNC(=O)c1c2ccccc2nc2cc(N)ncc12,322.4120000000001,3.675300000000001,80.9,2,4,0.5356983767854556,1.0,1,0,0,0,c1ccc2nc3ccncc3cc2c1,['jak2_inhibitor'],['JAK2'],1,0.0,0.0,1.0,0.0,0.8607095130356366,0.0,0.1,0.7607095130356366
O=C(OC1=CC=C(N2CCNCC2)Nc2ccccc21)c1ccc(F)cc1,365.4080000000001,3.1957000000000013,53.6,2,5,0.8184882587422463,1.0,1,0,0,0,O=C(OC1=CC=C(N2CCNCC2)Nc2ccccc21)c1ccccc1,['jak2_inhibitor'],['JAK2'],1,0.0,0.0,1.0,0.0,0.9455464776226739,0.0,0.1,0.8455464776226739
c1coc(-c2cc3c4[nH]c5ccccc5c4ccn3[nH+]2)c1,274.303,3.6479000000000017,47.480000000000004,1,1,0.4980857272158169,1.0,1,0,1,0,c1coc(-c2cc3c4[nH]c5ccccc5c4ccn3[nH+]2)c1,['jak2_inhibitor'],['JAK2'],1,0.0,0.0,1.0,0.0,0.8494257181647451,0.0,0.1,0.7494257181647451
O=C(Cc1cc(-c2ccc(=O)[nH]n2)c2cccccc1-2)NCc1cccc[nH+]1,371.4200000000001,2.2146999999999997,88.99,2,3,0.5636810454518892,1.0,1,0,1,0,O=C(Cc1cc(-c2ccc(=O)[nH]n2)c2cccccc1-2)NCc1cccc[nH+]1,['jak2_inhibitor'],['JAK2'],1,0.0,0.0,1.0,0.0,0.8691043136355667,0.0,0.1,0.7691043136355667
OCCOc1cc(-c2cccc(F)c2)nc2cc(-c3ccccc3)[nH]c12,348.377,4.407100000000003,58.14,2,3,0.5616875915396677,1.0,1,0,0,0,c1ccc(-c2ccc3[nH]c(-c4ccccc4)cc3n2)cc1,['jak2_inhibitor'],['JAK2'],1,0.0,0.0,1.0,0.0,0.8685062774619003,0.0,0.1,0.7685062774619004
O=C(NC(Cc1ccccc1)c1ccc2c(c1)C=CC=CN2)c1c[nH]nn1,357.41700000000003,3.470900000000001,82.7,3,4,0.6528825638655226,1.0,1,0,0,0,O=C(NC(Cc1ccccc1)c1ccc2c(c1)C=CC=CN2)c1c[nH]nn1,['jak2_inhibitor'],['JAK2'],1,0.0,0.0,1.0,0.0,0.8958647691596566,0.0,0.1,0.7958647691596566
C1=CC=C2C(=CNc3c2c2nc4ccccc4[nH+]c2n3Cc2ccc[nH+]c2)C=C1,377.4510000000001,3.684800000000001,58.13,1,2,0.5792541765625656,1.0,1,0,1,0,C1=CC=C2C(=CNc3c2c2nc4ccccc4[nH+]c2n3Cc2ccc[nH+]c2)C=C1,['jak2_inhibitor'],['JAK2'],1,0.0,0.0,1.0,0.0,0.8737762529687696,0.0,0.1,0.7737762529687696
Oc1c(Nc2ncnc3c2oc2ccccc23)cnc2ccccc12,328.3310000000001,4.373400000000002,84.07000000000001,2,6,0.500323699089889,1.0,1,0,0,0,c1ccc2ncc(Nc3ncnc4c3oc3ccccc34)cc2c1,['jak2_inhibitor'],['JAK2'],1,0.0,0.0,1.0,0.0,0.8500971097269667,0.0,0.1,0.7500971097269667
CNC(=O)Nc1ncc2nccc3c2c1NC(N1CCCC1)=C3,310.3610000000001,2.2008,82.17999999999999,3,5,0.7919715053961096,1.0,1,0,0,0,C1=C(N2CCCC2)Nc2cncc3nccc1c23,['jak2_inhibitor'],['JAK2'],1,0.0,0.0,1.0,0.0,0.9375914516188328,0.0,0.1,0.8375914516188329
O=C1N=C2[S+]=c3c(ncc4ccccc34)=C2c2cc(N3CCNCC3)ccc21,385.4720000000002,1.74279,57.59,1,4,0.5121888522906272,1.0,1,0,1,0,O=C1N=C2[S+]=c3c(ncc4ccccc34)=C2c2cc(N3CCNCC3)ccc21,['jak2_inhibitor'],['JAK2'],1,0.0,0.0,1.0,0.0,0.8536566556871881,0.0,0.1,0.7536566556871881
Nc1ncnc2c(O)c(Cc3ccc4ccccc4c3)cnc12,302.337,3.0566000000000013,84.92,2,5,0.5941963961855897,1.0,1,0,0,0,c1ccc2cc(Cc3cnc4cncnc4c3)ccc2c1,['jak2_inhibitor'],['JAK2'],1,0.0,0.0,1.0,0.0,0.8782589188556769,0.0,0.1,0.7782589188556769
O=C(C=Cc1cc(-c2ccccc2)n[nH]1)c1cccc(-c2cc[nH+]cn2)c1,353.4050000000001,3.8489000000000013,72.78,1,3,0.4374349453376224,1.0,1,0,1,0,O=C(C=Cc1cc(-c2ccccc2)n[nH]1)c1cccc(-c2cc[nH+]cn2)c1,['jak2_inhibitor'],['JAK2'],1,0.0,0.0,1.0,0.0,0.8312304836012867,0.0,0.1,0.7312304836012867
Cc1nc2c(C)cccc2c(CN(C)Cc2ccccc2)c1C(=O)O,334.41900000000004,4.181840000000003,53.43000000000001,1,3,0.7602749933185595,1.0,1,0,0,0,c1ccc(CNCc2ccnc3ccccc23)cc1,['jak2_inhibitor'],['JAK2'],1,0.0,0.0,1.0,0.0,0.9280824979955677,0.0,0.1,0.8280824979955678
CN(CC(=O)N(c1ccccc1)c1ccc(N)cc1)Cc1ccccc1,345.4460000000001,4.065500000000003,49.57000000000001,1,3,0.6853704277179609,1.0,1,2,0,0,O=C(CNCc1ccccc1)N(c1ccccc1)c1ccccc1,['jak2_inhibitor'],['JAK2'],1,0.0,0.0,1.0,0.4,0.8256111283153883,0.0,0.1,0.7256111283153883
O=S(=O)(c1cc(-c2ccccc2)c(-c2ccccc2)[nH]1)c1cccc[nH+]1,361.446,3.995600000000003,64.07,1,2,0.5971188177437063,1.0,1,0,1,0,O=S(=O)(c1cc(-c2ccccc2)c(-c2ccccc2)[nH]1)c1cccc[nH+]1,['jak2_inhibitor'],['JAK2'],1,0.0,0.0,1.0,0.0,0.8791356453231118,0.0,0.1,0.7791356453231119
O=Cc1nc2c3onc(-c4ccccc4)c3cc(-c3ccccc3)n2n1,340.34200000000004,4.017000000000002,73.29,0,5,0.46388085886138963,1.0,1,0,0,1,c1ccc(-c2noc3c2cc(-c2ccccc2)n2ncnc32)cc1,['jak2_inhibitor'],['JAK2'],1,0.0,0.0,1.0,0.0,0.8391642576584168,0.0,0.1,0.7391642576584169
O=C(C=Cc1ccccc1)NCc1ccccc1-n1ccnc1,303.365,3.201900000000001,46.92,1,2,0.7357746468656836,1.0,1,0,0,0,O=C(C=Cc1ccccc1)NCc1ccccc1-n1ccnc1,['jak2_inhibitor'],['JAK2'],1,0.0,0.0,1.0,0.0,0.920732394059705,0.0,0.1,0.820732394059705
Cn1c(O)nc2ccc(-c3ccc(O)c4cc(-c5ccncc5)oc34)cc21,357.3690000000001,4.459700000000002,84.31,2,5,0.4871957783803296,1.0,1,0,0,0,c1cc(-c2ccc3nc[nH]c3c2)c2oc(-c3ccncc3)cc2c1,['jak2_inhibitor'],['JAK2'],1,0.0,0.0,1.0,0.0,0.8461587335140988,0.0,0.1,0.7461587335140988
O=c1nnc(-c2ccccc2)c2ccc(-c3ncccn3)cc2n1,313.32000000000005,2.5090000000000003,81.52,0,6,0.5653629748129915,1.0,1,0,0,0,O=c1nnc(-c2ccccc2)c2ccc(-c3ncccn3)cc2n1,['jak2_inhibitor'],['JAK2'],1,0.0,0.0,1.0,0.0,0.8696088924438974,0.0,0.1,0.7696088924438974
CC(C)N(C)C(=O)C1=NC(c2ccc(F)cc2)=NC(Nc2cccc(O)c2)C1,382.4390000000001,3.4276000000000018,77.29,2,5,0.8317460345899239,1.0,1,0,0,0,C1=NC(c2ccccc2)=NC(Nc2ccccc2)C1,['jak2_inhibitor'],['JAK2'],1,0.0,0.0,1.0,0.0,0.9495238103769772,0.0,0.1,0.8495238103769772
Cn1ccc(COc2ccccc2CCC2NCc3ccccc32)n1,333.435,3.776200000000002,39.08,1,3,0.7460978868074135,1.0,1,0,0,0,c1ccc(OCc2cc[nH]n2)c(CCC2NCc3ccccc32)c1,['jak2_inhibitor'],['JAK2'],1,0.0,0.0,1.0,0.0,0.9238293660422241,0.0,0.1,0.8238293660422241
c1ccc(C2CNc3cncnc3-c3cccc(c3)-c3ccnc(n3)SC2)nc1,398.4950000000001,4.297000000000002,76.48,1,7,0.47916808576347464,1.0,1,0,0,0,c1ccc(C2CNc3cncnc3-c3cccc(c3)-c3ccnc(n3)SC2)nc1,['jak2_inhibitor'],['JAK2'],1,0.0,0.0,1.0,0.0,0.8437504257290425,0.0,0.1,0.7437504257290425
O=C(O)C1=CC2=CC=CNC2=C(Nc2c[nH+]c3cccnc3c2)C=C1,331.355,2.2965,88.39,3,4,0.8030193086151693,1.0,1,0,1,0,C1=CNC2=C(Nc3c[nH+]c4cccnc4c3)C=CC=CC2=C1,['jak2_inhibitor'],['JAK2'],1,0.0,0.0,1.0,0.0,0.9409057925845508,0.0,0.1,0.8409057925845508
O=C1N[N+]2=c3ccc4cc(O)ccc4c3=CC2=C1Cc1ccc(C(=O)O)cc1,371.37200000000007,1.0704000000000002,89.64,3,3,0.6011003630519705,0.75,1,0,1,0,O=C1N[N+]2=c3ccc4ccccc4c3=CC2=C1Cc1ccccc1,['jak2_inhibitor'],['JAK2'],1,0.0,0.0,1.0,0.0,0.8053301089155911,0.0,0.1,0.7053301089155911
CCCCCCNC(=O)C(c1cccc2ccccc12)N1CCN(C)CC1,367.53700000000026,3.8248000000000033,35.580000000000005,1,3,0.7205465675297268,1.0,1,0,0,0,c1ccc2c(CN3CCNCC3)cccc2c1,['jak2_inhibitor'],['JAK2'],1,0.0,0.0,1.0,0.0,0.9161639702589179,0.0,0.1,0.816163970258918
O=C(O)c1cc(-c2ccc(Oc3ccncc3)cc2)ccc1N1CCCC1=O,374.3960000000002,4.365900000000003,79.73,1,4,0.7174441039062309,1.0,1,0,0,0,O=C1CCCN1c1ccc(-c2ccc(Oc3ccncc3)cc2)cc1,['jak2_inhibitor'],['JAK2'],1,0.0,0.0,1.0,0.0,0.9152332311718692,0.0,0.1,0.8152332311718692
Cc1ncc2c(C(=O)N3CCCNCC3)cn(Cc3ccc(F)cc3)c2n1,367.428,2.3626199999999997,63.050000000000004,1,4,0.7719892687288127,1.0,1,0,0,0,O=C(c1cn(Cc2ccccc2)c2ncncc12)N1CCCNCC1,['jak2_inhibitor'],['JAK2'],1,0.0,0.0,1.0,0.0,0.9315967806186438,0.0,0.1,0.8315967806186438
CC(CC(=O)O)Nc1ccc(-c2ccc(=O)[nH]c2)cc1-c1ccccc1,348.40200000000004,3.9840000000000018,82.19,3,3,0.6290843865572462,1.0,1,0,0,0,O=c1ccc(-c2cccc(-c3ccccc3)c2)c[nH]1,['jak2_inhibitor'],['JAK2'],1,0.0,0.0,1.0,0.0,0.8887253159671737,0.0,0.1,0.7887253159671738
O=C(NC1=NC2=CC=CN=CC2=CN=C1c1ccccc1)c1ccccc1,352.39700000000005,3.6837000000000026,66.18,1,4,0.8801090908105196,1.0,1,0,0,0,O=C(NC1=NC2=CC=CN=CC2=CN=C1c1ccccc1)c1ccccc1,['jak2_inhibitor'],['JAK2'],1,0.0,0.0,1.0,0.0,0.9640327272431557,0.0,0.1,0.8640327272431557
O=C1OCC2C(=O)C3=Cc4ccccc4-c4nnc(-c5ccccc5)cc4C3=CC12,392.4140000000001,3.962900000000003,69.15,0,5,0.5864889763695754,1.0,1,0,0,0,O=C1OCC2C(=O)C3=Cc4ccccc4-c4nnc(-c5ccccc5)cc4C3=CC12,['jak2_inhibitor'],['JAK2'],1,0.0,0.0,1.0,0.0,0.8759466929108726,0.0,0.1,0.7759466929108726
O=C1CCC(O)=Nc2cccc(c2)-c2ccccc2-c2ccc(nc2)OCCN1,387.4390000000002,4.292400000000003,83.81,2,4,0.6026049110889578,1.0,1,0,0,0,O=C1CCC=Nc2cccc(c2)-c2ccccc2-c2ccc(nc2)OCCN1,['jak2_inhibitor'],['JAK2'],1,0.0,0.0,1.0,0.0,0.8807814733266872,0.0,0.1,0.7807814733266872
C[N+]1=C(c2c[nH]c(-c3ccccc3)c2)[N+](Cc2ccccc2C(=O)O)=CC1=O,373.41200000000015,2.5925000000000002,76.18,2,2,0.6752054326541298,1.0,1,0,1,0,O=C1C=[N+](Cc2ccccc2)C(c2c[nH]c(-c3ccccc3)c2)=[NH+]1,['jak2_inhibitor'],['JAK2'],1,0.0,0.0,1.0,0.0,0.9025616297962389,0.0,0.1,0.8025616297962389
O=C(O)COc1ccccc1-n1c2ccc(F)cc2c2cncnc21,337.31000000000006,3.1762000000000015,77.24,1,4,0.6187797784885803,1.0,1,0,0,0,c1ccc(-n2c3ccccc3c3cncnc32)cc1,['jak2_inhibitor'],['JAK2'],1,0.0,0.0,1.0,0.0,0.8856339335465742,0.0,0.1,0.7856339335465742
O=c1cc(-n2ccc3cccc4c5ccccc5n5ccc2c5c34)[nH]c(=O)[nH]1,366.3800000000001,3.566200000000001,75.06,2,2,0.4366821892422275,1.0,1,0,0,0,O=c1cc(-n2ccc3cccc4c5ccccc5n5ccc2c5c34)[nH]c(=O)[nH]1,['jak2_inhibitor'],['JAK2'],1,0.0,0.0,1.0,0.0,0.8310046567726683,0.0,0.1,0.7310046567726683
Cc1c(-c2ccc(F)cc2)[n+]2c(n1-c1ccc[nH+]c1)C(=O)c1cc[nH+]cc1-2,359.3840000000001,2.0411199999999994,54.16,0,1,0.4451705666567227,1.0,1,0,1,0,O=C1c2cc[nH+]cc2-[n+]2c(-c3ccccc3)cn(-c3ccc[nH+]c3)c21,['jak2_inhibitor'],['JAK2'],1,0.0,0.0,1.0,0.0,0.8335511699970168,0.0,0.1,0.7335511699970169
OCC1Oc2ccnc3cccc(c23)C1NCc1ccc2cccnc2c1,357.41300000000007,3.3672000000000013,67.27000000000001,2,5,0.5861436760594261,1.0,1,0,0,0,c1cnc2cc(CNC3COc4ccnc5cccc3c45)ccc2c1,['jak2_inhibitor'],['JAK2'],1,0.0,0.0,1.0,0.0,0.8758431028178277,0.0,0.1,0.7758431028178278
C1=CC=C2N=C(NCc3cc4ccccc4[n+]4c[nH]nc34)NC=C2C=C1,341.3980000000001,2.2442,69.2,3,4,0.6263317623785285,1.0,1,0,1,0,C1=CC=C2N=C(NCc3cc4ccccc4[n+]4c[nH]nc34)NC=C2C=C1,['jak2_inhibitor'],['JAK2'],1,0.0,0.0,1.0,0.0,0.8878995287135585,0.0,0.1,0.7878995287135585
Nc1cccc(-c2cccc(N3C(=O)Cc4cc(-c5ncccn5)ccc43)n2)c1,379.423,4.008600000000002,85.0,1,5,0.5437887436628396,1.0,1,0,0,0,O=C1Cc2cc(-c3ncccn3)ccc2N1c1cccc(-c2ccccc2)n1,['jak2_inhibitor'],['JAK2'],1,0.0,0.0,1.0,0.0,0.8631366230988518,0.0,0.1,0.7631366230988518
N#Cc1c[n+]2c3cccccc3c3cccc(nc1-c1ccc(C(=O)O)cc1)c32,376.3950000000001,4.363580000000003,78.08,1,3,0.46434689765020104,1.0,1,0,1,0,c1ccc(-c2cc[n+]3c4cccccc4c4cccc(n2)c43)cc1,['jak2_inhibitor'],['JAK2'],1,0.0,0.0,1.0,0.0,0.8393040692950602,0.0,0.1,0.7393040692950602
COc1ccc2c3c4c(cc5n(C)ncn45)nc4cnccc4c-3nc2c1,354.3730000000001,3.4308000000000014,70.13,0,5,0.452367976112967,1.0,1,0,0,0,c1ccc2c3c4c(cc5[nH]ncn54)nc4cnccc4c-3nc2c1,['jak2_inhibitor'],['JAK2'],1,0.0,0.0,1.0,0.0,0.83571039283389,0.0,0.1,0.7357103928338901
O=C(c1cccc(NC2=Cc3ccccc3NC=C2)c1)N1CCC2NCCCC21,386.49900000000025,4.045300000000002,56.400000000000006,3,4,0.745071889308785,1.0,1,0,0,0,O=C(c1cccc(NC2=Cc3ccccc3NC=C2)c1)N1CCC2NCCCC21,['jak2_inhibitor'],['JAK2'],1,0.0,0.0,1.0,0.0,0.9235215667926355,0.0,0.1,0.8235215667926356
CC[N+]1=c2nc3c(cc2Oc2c(ccc4cc(O)ccc24)C1=O)=CC=CC=C3,369.4000000000001,2.761000000000001,62.43,1,4,0.6702832141104338,1.0,1,0,1,0,O=C1[NH+]=c2nc3c(cc2Oc2c1ccc1ccccc21)=CC=CC=C3,['jak2_inhibitor'],['JAK2'],1,0.0,0.0,1.0,0.0,0.90108496423313,0.0,0.1,0.80108496423313
Cc1ccc2c(=O)n(-c3ccccc3)c(O)[n+](C3=CC=CC=CN3)c2n1,345.38200000000006,2.15872,71.03,2,4,0.698460622526037,1.0,1,0,1,0,O=c1c2cccnc2[n+](C2=CC=CC=CN2)cn1-c1ccccc1,['jak2_inhibitor'],['JAK2'],1,0.0,0.0,1.0,0.0,0.909538186757811,0.0,0.1,0.809538186757811
CC(=O)Nc1ccc(NC2=CC=c3ccncc3=Nc3nn(C)cc32)cc1,358.4050000000001,1.9718999999999995,84.19999999999999,2,5,0.7497388111269071,1.0,1,0,0,0,C1=C(Nc2ccccc2)c2c[nH]nc2N=c2cnccc2=C1,['jak2_inhibitor'],['JAK2'],1,0.0,0.0,1.0,0.0,0.924921643338072,0.0,0.1,0.824921643338072
CC(NC(=O)C1=C2C=c3ccccc3=C2C(c2ccc(Cl)cc2)=C1)C(=O)O,377.8270000000001,2.2679,66.4,2,2,0.858593106803837,1.0,1,0,0,0,C1=C2C=c3ccccc3=C2C(c2ccccc2)=C1,['jak2_inhibitor'],['JAK2'],1,0.0,0.0,1.0,0.0,0.957577932041151,0.0,0.1,0.8575779320411511
Cc1cc(-n2cc(CN3CCC(C)C3)c3c2NC2=CC=CC=CC2=N3)[nH+]o1,362.45700000000005,3.5425200000000014,59.84,1,4,0.9084203712900064,1.0,1,1,1,0,C1=CC=C2Nc3c(c(CN4CCCC4)cn3-c3cco[nH+]3)N=C2C=C1,['jak2_inhibitor'],['JAK2'],1,0.0,0.0,1.0,0.2,0.9325261113870019,0.0,0.1,0.8325261113870019
OC1=C2Oc3c4ccccc4n4nc(-c5ccc(O)cc5)c(c34)=C2C=CC=C1,366.3760000000001,4.017700000000001,66.99000000000001,2,4,0.5340048873741647,1.0,1,0,0,0,C1=CC=C2Oc3c4ccccc4n4nc(-c5ccccc5)c(c34)=C2C=C1,['jak2_inhibitor'],['JAK2'],1,0.0,0.0,1.0,0.0,0.8602014662122495,0.0,0.1,0.7602014662122495
Cc1cccc2[nH+]c(C)c(C3=Nc4ccnc5cccc(c45)N3)c-2c1,325.3950000000001,4.274340000000003,51.42,1,3,0.5678887577154296,1.0,1,0,1,0,c1ccc2[nH+]cc(C3=Nc4ccnc5cccc(c45)N3)c-2cc1,['jak2_inhibitor'],['JAK2'],1,0.0,0.0,1.0,0.0,0.8703666273146289,0.0,0.1,0.7703666273146289
CN(C)C(=O)c1nc2nc3nc4ccccc4cc3c-2c2cn(C)cc2n1,356.3890000000001,2.8713000000000015,76.80000000000001,0,5,0.4615095024616568,1.0,1,0,0,0,c1ccc2nc3nc4ncnc5c[nH]cc5c-4c3cc2c1,['jak2_inhibitor'],['JAK2'],1,0.0,0.0,1.0,0.0,0.838452850738497,0.0,0.1,0.738452850738497
O=C(Nc1nccs1)C(C(COc1ccccc1)c1ccccc1)n1cncn1,405.48300000000006,3.7772000000000023,81.92999999999999,1,6,0.48244727817270744,1.0,1,0,0,0,O=C(Nc1nccs1)C(C(COc1ccccc1)c1ccccc1)n1cncn1,['jak2_inhibitor'],['JAK2'],1,0.0,0.0,1.0,0.0,0.8447341834518123,0.0,0.1,0.7447341834518123
Cc1nc2cc(CC3CCCN(c4cc(O)nc5ccc(O)cc45)C3)ccc2o1,389.4550000000001,4.554720000000003,82.62,2,6,0.5346755505384942,0.75,1,0,0,0,c1ccc2c(N3CCCC(Cc4ccc5ocnc5c4)C3)ccnc2c1,['agrin_lg3_modulator'],['AGRIN'],1,1.0,0.0,0.0,0.0,0.7854026651615482,0.0,0.0,0.7854026651615482
CC(=Cc1cc(O)cc(O)c1)c1cc2ccccc2[nH]1,265.31199999999995,4.139600000000002,56.25,3,2,0.6519002840664433,1.0,1,0,0,0,C(=Cc1cc2ccccc2[nH]1)c1ccccc1,['agrin_lg3_modulator'],['AGRIN'],1,1.0,0.0,0.0,0.0,0.8955700852199329,0.0,0.0,0.8955700852199329
O=C(O)c1ccc(Nc2nnc3nc[nH]c(-c4ccccc4)c2-3)cc1,331.33500000000004,3.4133000000000013,103.78999999999999,3,5,0.5292392252672267,0.75,1,0,0,0,c1ccc(Nc2nnc3nc[nH]c(-c4ccccc4)c2-3)cc1,['agrin_lg3_modulator'],['AGRIN'],1,1.0,0.0,0.0,0.0,0.7837717675801679,0.0,0.0,0.7837717675801679
COc1cc(C(=O)O)c(Cc2c[nH]c3ccccc23)cc2cc[n+](C)c1-2,347.39400000000006,3.394800000000002,66.2,2,2,0.556207743254106,1.0,1,0,1,0,c1cc(Cc2c[nH]c3ccccc23)cc2cc[nH+]c-2c1,['agrin_lg3_modulator'],['AGRIN'],1,1.0,0.0,0.0,0.0,0.8668623229762318,0.0,0.0,0.8668623229762318
O=C1CCN1c1ccc(OCCCN2C=Cc3[nH]cc4ncnc2c34)cc1,361.40500000000003,2.9544000000000015,74.35,1,5,0.5396801279291733,1.0,1,0,0,0,O=C1CCN1c1ccc(OCCCN2C=Cc3[nH]cc4ncnc2c34)cc1,['agrin_lg3_modulator'],['AGRIN'],1,1.0,0.0,0.0,0.0,0.861904038378752,0.0,0.0,0.861904038378752
Nc1ccc2nc(-c3ccc4[nH]c5ccc(-c6cc[nH+]cc6)cc5c4c3)[nH]c2c1,376.4430000000001,4.927700000000002,84.63,3,2,0.3744731498929356,0.75,1,0,1,0,c1ccc2[nH]c(-c3ccc4[nH]c5ccc(-c6cc[nH+]cc6)cc5c4c3)nc2c1,['dok7_binder'],['DOK7'],1,1.0,0.0,0.0,0.0,0.7373419449678806,0.0,0.0,0.7373419449678806
COc1ccccc1-c1cccc(-c2nc(Cc3ccc[nH+]c3)n[nH]2)c1,343.40999999999997,3.552200000000002,64.94,1,3,0.6025396627833973,1.0,1,0,1,0,c1ccc(-c2cccc(-c3nc(Cc4ccc[nH+]c4)n[nH]3)c2)cc1,['dok7_binder'],['DOK7'],1,1.0,0.0,0.0,0.0,0.8807618988350192,0.0,0.0,0.8807618988350192
CC(=O)Nc1ccc2c(c1)ncc1c(-c3cccc(-c4cccc(C)c4C)c3)ccnc12,417.51200000000017,6.692240000000005,54.88,1,3,0.3326718363248189,0.75,0,0,0,0,c1ccc(-c2cccc(-c3ccnc4c3cnc3ccccc34)c2)cc1,['dok7_binder'],['DOK7'],1,1.0,0.0,0.0,0.0,0.5248015508974457,0.0,0.0,0.5248015508974457
NC(=O)c1ccc(-c2csc(Cc3ccc(-c4ccccc4)cc3)n2)cc1,370.477,5.166800000000004,55.980000000000004,1,3,0.5269826015716842,0.75,0,0,0,0,c1ccc(-c2ccc(Cc3nc(-c4ccccc4)cs3)cc2)cc1,['dok7_binder'],['DOK7'],1,1.0,0.0,0.0,0.0,0.5830947804715052,0.0,0.0,0.5830947804715052
O=C(NCCc1ccccc1F)Nc1ccc(-c2ccccc2)cc1,334.394,4.856900000000003,41.13,2,1,0.6874235206926544,0.75,1,0,0,0,O=C(NCCc1ccccc1)Nc1ccc(-c2ccccc2)cc1,['dok7_binder'],['DOK7'],1,1.0,0.0,0.0,0.0,0.8312270562077964,0.0,0.0,0.8312270562077964
COc1cc2ccc(-c3ccc(O)c(F)c3)nc2cc1Oc1ccccc1,361.37200000000007,5.547400000000003,51.58,1,4,0.5178814753415619,0.75,0,0,0,0,c1ccc(Oc2ccc3ccc(-c4ccccc4)nc3c2)cc1,['dok7_binder'],['DOK7'],1,1.0,0.0,0.0,0.0,0.5803644426024686,0.0,0.0,0.5803644426024686
Cc1ccc(Nc2[nH+]c3ccc(C4=Cc5ccccc5NC=C4)cc3nc2C)cc1F,409.48800000000017,6.028240000000004,51.09,2,3,0.43444705096819236,0.75,0,0,1,0,C1=CC(c2ccc3[nH+]c(Nc4ccccc4)cnc3c2)=Cc2ccccc2N1,['dok7_binder'],['DOK7'],1,1.0,0.0,0.0,0.0,0.5553341152904576,0.0,0.0,0.5553341152904576
O=C(O)c1cccc(N2CCN(Cc3cccc4ccc(Br)cc34)CC2)c1,425.3260000000001,4.622700000000004,43.78,1,3,0.6626415627134391,0.75,1,0,0,0,c1ccc(N2CCN(Cc3cccc4ccccc34)CC2)cc1,['dok7_binder'],['DOK7'],1,1.0,0.0,0.0,0.0,0.8237924688140317,0.0,0.0,0.8237924688140317
O=C(NCc1c(O)[nH]c2ccccc12)c1cccc(C(=O)c2ccccc2)c1,370.40800000000013,4.034500000000002,82.19,3,3,0.463901862893256,1.0,1,0,0,0,O=C(NCc1c[nH]c2ccccc12)c1cccc(C(=O)c2ccccc2)c1,['dok7_binder'],['DOK7'],1,1.0,0.0,0.0,0.0,0.8391705588679768,0.0,0.0,0.8391705588679768
NC(=O)c1ccc(NC(=O)c2cccc(-c3cccc(C(N)=O)n3)c2)cc1,360.3730000000001,2.1986999999999997,128.17000000000002,3,4,0.6440134209296042,0.75,1,0,0,0,O=C(Nc1ccccc1)c1cccc(-c2ccccn2)c1,['dok7_binder'],['DOK7'],1,1.0,0.0,0.0,0.0,0.8182040262788812,0.0,0.0,0.8182040262788812
NC(=O)c1ccc(-c2cccc(Nc3nnc(-c4cccc(F)c4)[nH]3)c2)cc1,373.391,4.120300000000001,96.69,3,4,0.49015590154481453,0.75,1,0,0,0,c1ccc(-c2cccc(Nc3nnc(-c4ccccc4)[nH]3)c2)cc1,['dok7_binder'],['DOK7'],1,1.0,0.0,0.0,0.0,0.7720467704634444,0.0,0.0,0.7720467704634444
O=C(Cc1ccc(NC(=O)Cc2ccccc2)cc1)NCc1cccc(Cl)c1,392.8860000000001,4.380100000000003,58.2,2,2,0.626467215564241,1.0,1,0,0,0,O=C(Cc1ccc(NC(=O)Cc2ccccc2)cc1)NCc1ccccc1,['dok7_binder'],['DOK7'],1,1.0,0.0,0.0,0.0,0.8879401646692722,0.0,0.0,0.8879401646692722
Nc1ccc(-c2ccc(OC3CCN(C(=O)Cc4cccc(F)c4)CC3)nc2)cn1,406.46100000000007,3.477400000000002,81.34,1,5,0.7016366340705938,1.0,1,0,0,0,O=C(Cc1ccccc1)N1CCC(Oc2ccc(-c3cccnc3)cn2)CC1,['dok7_binder'],['DOK7'],1,1.0,0.0,0.0,0.0,0.9104909902211782,0.0,0.0,0.9104909902211782
C[n+]1cc(C(=O)NC(=O)C=Cc2cccc(-c3nn[nH]n3)c2)cc2ccccc21,385.4070000000001,1.8141999999999987,104.51,2,5,0.4118338158981326,0.75,1,1,1,0,O=C(C=Cc1cccc(-c2nn[nH]n2)c1)NC(=O)c1c[nH+]c2ccccc2c1,['dok7_binder'],['DOK7'],1,1.0,0.0,0.0,0.2,0.7085501447694398,0.0,0.0,0.7085501447694398
O=c1ccn(C2OC(COP(=O)(O)OP(=O)(O)O)C(O)C2O)c(=O)[nH]1,404.16100000000006,-2.6179,217.83999999999997,6,9,0.26857460743939654,0.25,0,0,0,0,O=c1ccn(C2CCCO2)c(=O)[nH]1,['dok7_binder'],['DOK7'],1,1.0,0.0,0.0,0.0,0.355572382231819,0.0,0.0,0.355572382231819
O=C(CC1CCCCC1)Nc1cccc(-c2ccnc(NCc3ccc4c(c3)CCO4)n2)c1,442.5630000000003,5.599500000000004,76.14,2,5,0.4981072326495399,0.75,0,0,0,0,O=C(CC1CCCCC1)Nc1cccc(-c2ccnc(NCc3ccc4c(c3)CCO4)n2)c1,['dok7_binder'],['DOK7'],1,1.0,0.0,0.0,0.0,0.574432169794862,0.0,0.0,0.574432169794862
O=C(Nc1ccccc1)c1ccc(OC2=Cc3ccccc3C=CN2)cc1,354.409,4.890200000000004,50.36,2,3,0.7012462637096104,0.75,1,0,0,0,O=C(Nc1ccccc1)c1ccc(OC2=Cc3ccccc3C=CN2)cc1,['dok7_binder'],['DOK7'],1,1.0,0.0,0.0,0.0,0.8353738791128831,0.0,0.0,0.8353738791128831
NC(=O)c1ccc(C2CCCN(c3ccc(-c4ccccc4)cc3)C2)cc1,356.46900000000005,4.8365000000000045,46.330000000000005,1,2,0.7271770721272108,0.75,1,0,0,0,c1ccc(-c2ccc(N3CCCC(c4ccccc4)C3)cc2)cc1,['dok7_binder'],['DOK7'],1,1.0,0.0,0.0,0.0,0.8431531216381631,0.0,0.0,0.8431531216381631
Cc1ccc2cc(Oc3ccc(-c4n[nH]c(-c5cccc(F)c5)n4)cc3)ccc2[nH+]1,397.43300000000005,5.345820000000004,64.94,1,3,0.44479961018346537,0.75,0,0,1,0,c1ccc(-c2nc(-c3ccc(Oc4ccc5[nH+]cccc5c4)cc3)n[nH]2)cc1,['dok7_binder'],['DOK7'],1,1.0,0.0,0.0,0.0,0.5584398830550397,0.0,0.0,0.5584398830550397
SC(NCc1ccccc1)Nc1ccc(-c2nc(-c3ccccc3)no2)cc1,388.4960000000001,4.818700000000003,62.980000000000004,3,6,0.3129605029994383,0.75,1,0,0,0,c1ccc(CNCNc2ccc(-c3nc(-c4ccccc4)no3)cc2)cc1,['dok7_binder'],['DOK7'],1,1.0,0.0,0.0,0.0,0.7188881508998315,0.0,0.0,0.7188881508998315
CN(c1ccc(C(N)=O)cc1)c1ccc(C(O)=NCc2ccccc2C(=O)O)cc1Cl,437.88300000000015,4.409800000000002,116.22000000000001,3,4,0.3736537593794658,0.75,1,0,0,0,C(=NCc1ccccc1)c1ccc(Nc2ccccc2)cc1,['dok7_binder'],['DOK7'],1,1.0,0.0,0.0,0.0,0.7370961278138397,0.0,0.0,0.7370961278138397
Cc1c(COc2ccc(-c3cnc(-c4ccn(C)[nH+]4)[nH]3)cc2)[nH+]nn1C,351.414,1.3313199999999994,88.94,1,3,0.5881847270391818,0.75,1,0,1,0,c1cc(-c2ncc(-c3ccc(OCc4c[nH]n[nH+]4)cc3)[nH]2)[nH+][nH]1,['dok7_binder'],['DOK7'],1,1.0,0.0,0.0,0.0,0.8014554181117546,0.0,0.0,0.8014554181117546
C=CC(N)CNC(=O)c1ccc(CN2CCC(Nc3ccccc3C#N)CC2)cc1,403.53000000000014,2.877880000000001,94.18,3,5,0.5894065530124475,0.75,1,0,0,0,c1ccc(CN2CCC(Nc3ccccc3)CC2)cc1,['dok7_binder'],['DOK7'],1,1.0,0.0,0.0,0.0,0.8018219659037342,0.0,0.0,0.8018219659037342
O=C(O)c1ccc(Cc2ccc(OCCc3cccc(C(=O)O)c3)c(Cl)c2)cc1,410.85300000000007,4.948700000000003,83.83,2,3,0.5486096086079878,0.75,1,0,0,0,c1ccc(CCOc2ccc(Cc3ccccc3)cc2)cc1,['dok7_binder'],['DOK7'],1,1.0,0.0,0.0,0.0,0.7895828825823963,0.0,0.0,0.7895828825823963
NCc1ccc(Oc2ccc(NC(=S)N=Cc3cccc(O)c3)cc2)cc1,377.46900000000005,4.459100000000002,79.87,3,4,0.45184299974874703,1.0,1,0,0,0,S=C(N=Cc1ccccc1)Nc1ccc(Oc2ccccc2)cc1,['dok7_binder'],['DOK7'],1,1.0,0.0,0.0,0.0,0.835552899924624,0.0,0.0,0.835552899924624
CC1NN=C(c2cccc(C=CC(=O)Nc3ccccc3)c2)O1,307.353,2.9659000000000013,62.72,2,4,0.8536738782748962,1.0,1,0,0,0,O=C(C=Cc1cccc(C2=NNCO2)c1)Nc1ccccc1,['dok7_binder'],['DOK7'],1,1.0,0.0,0.0,0.0,0.9561021634824687,0.0,0.0,0.9561021634824687
COc1ccc(-c2noc(N3CCCN(C(=O)NCc4ccccc4)CC3)n2)cc1,407.47400000000016,3.1671000000000014,83.73,1,6,0.6994766565647748,1.0,1,0,0,0,O=C(NCc1ccccc1)N1CCCN(c2nc(-c3ccccc3)no2)CC1,['dok7_binder'],['DOK7'],1,1.0,0.0,0.0,0.0,0.9098429969694324,0.0,0.0,0.9098429969694324
Cc1cc(N)cc(C(=O)Nc2ccc(Oc3ccc(S(N)(=O)=O)cc3)cc2)c1,397.4560000000001,3.2692200000000007,124.50999999999999,3,5,0.5699884768353273,0.75,1,0,0,0,O=C(Nc1ccc(Oc2ccccc2)cc1)c1ccccc1,['dok7_binder'],['DOK7'],1,1.0,0.0,0.0,0.0,0.7959965430505982,0.0,0.0,0.7959965430505982
Oc1ccc(NC(=S)Nc2cccc(Oc3ccccc3)c2)cc1,336.41600000000005,4.993400000000003,53.519999999999996,3,3,0.46261179995112756,0.75,1,0,0,0,S=C(Nc1ccccc1)Nc1cccc(Oc2ccccc2)c1,['dok7_binder'],['DOK7'],1,1.0,0.0,0.0,0.0,0.7637835399853383,0.0,0.0,0.7637835399853383
O=C(O)c1ccc(OC(=O)c2ccc3nc4c5cccccc-5nc4nc3c2)cc1,395.3740000000001,4.200200000000002,102.27000000000001,1,6,0.36068444227092095,0.75,1,0,0,0,O=C(Oc1ccccc1)c1ccc2nc3c4cccccc-4nc3nc2c1,['dok7_binder'],['DOK7'],1,1.0,0.0,0.0,0.0,0.7332053326812762,0.0,0.0,0.7332053326812762
O=C(Nc1ccc(-c2ccc(CN3CCCCC3)cc2)cn1)c1ccncc1,372.472,4.381800000000003,58.120000000000005,1,4,0.7219382919096884,1.0,1,0,0,0,O=C(Nc1ccc(-c2ccc(CN3CCCCC3)cc2)cn1)c1ccncc1,['dok7_binder'],['DOK7'],1,1.0,0.0,0.0,0.0,0.9165814875729064,0.0,0.0,0.9165814875729064
Cc1cc(-c2ccc(CCc3ccc(Oc4ccccn4)cc3)cc2)ccc1N,380.49100000000004,6.216720000000005,48.14,1,3,0.4041606910971415,0.75,0,0,0,0,c1ccc(-c2ccc(CCc3ccc(Oc4ccccn4)cc3)cc2)cc1,['dok7_binder'],['DOK7'],1,1.0,0.0,0.0,0.0,0.5462482073291424,0.0,0.0,0.5462482073291424
O=C(NCCCCOc1ccc(-c2ccncc2)cc1)Nc1ccccn1,362.43300000000005,4.1243000000000025,76.14,2,4,0.5910193934718583,1.0,1,0,0,0,O=C(NCCCCOc1ccc(-c2ccncc2)cc1)Nc1ccccn1,['dok7_binder'],['DOK7'],1,1.0,0.0,0.0,0.0,0.8773058180415574,0.0,0.0,0.8773058180415574
Oc1ncc(Cl)nc1-c1ccc(CN2CCCN(CCc3ccccc3)CC2)cc1,422.9600000000002,4.253000000000003,52.49000000000001,1,5,0.6430415510832793,1.0,1,0,0,0,c1ccc(CCN2CCCN(Cc3ccc(-c4cnccn4)cc3)CC2)cc1,['dok7_binder'],['DOK7'],1,1.0,0.0,0.0,0.0,0.8929124653249838,0.0,0.0,0.8929124653249838
Nc1ccc(-c2ccc3c(ccc4nc5cccc(C(F)(F)F)c5nc43)c2)cn1,390.36800000000005,5.599200000000002,64.69,1,4,0.2989164034632559,0.75,0,1,0,0,c1cncc(-c2ccc3c(ccc4nc5ccccc5nc43)c2)c1,['dok7_binder'],['DOK7'],1,1.0,0.0,0.0,0.2,0.4746749210389768,0.0,0.0,0.4746749210389768
N#Cc1cccc(CNC(=S)Nc2cccc(-c3nnc(-c4ccsc4)o3)c2)c1,417.5190000000001,4.823380000000003,86.77,2,6,0.45007466797369233,0.75,1,0,0,0,S=C(NCc1ccccc1)Nc1cccc(-c2nnc(-c3ccsc3)o2)c1,['dok7_binder'],['DOK7'],1,1.0,0.0,0.0,0.0,0.7600224003921077,0.0,0.0,0.7600224003921077
Cc1cccc(NC(=S)Nc2ccc(N(C)C(=O)c3cccnc3)cc2)c1,376.48500000000007,4.475520000000002,57.26,2,3,0.6578882811812887,1.0,1,0,0,0,O=C(Nc1ccc(NC(=S)Nc2ccccc2)cc1)c1cccnc1,['dok7_binder'],['DOK7'],1,1.0,0.0,0.0,0.0,0.8973664843543865,0.0,0.0,0.8973664843543865
N=Cc1ccc(C(=O)NN=Cc2ccc(-c3ccc(C(=N)N)cc3)cc2)cc1O,385.4270000000001,3.1048400000000007,135.41,5,5,0.2533098943177441,0.5,1,0,0,0,O=C(NN=Cc1ccc(-c2ccccc2)cc1)c1ccccc1,['dok7_binder'],['DOK7'],1,1.0,0.0,0.0,0.0,0.6259929682953232,0.0,0.0,0.6259929682953232
OC(O)=CCc1nc(N2CCC(c3c[nH]c4ccccc34)C2)[nH+]c2ccccc12,387.46300000000014,4.024000000000003,86.52,3,4,0.4616675826035251,1.0,1,0,1,0,c1ccc2[nH+]c(N3CCC(c4c[nH]c5ccccc45)C3)ncc2c1,['dok7_binder'],['DOK7'],1,1.0,0.0,0.0,0.0,0.8385002747810575,0.0,0.0,0.8385002747810575
CC(C)CNC(O)c1ccc(C(=O)C=Cc2ccc3cnccc3c2)cc1,360.45700000000005,4.3674000000000035,62.22,2,4,0.3731155562504776,1.0,1,0,0,0,O=C(C=Cc1ccc2cnccc2c1)c1ccccc1,['dok7_binder'],['DOK7'],1,1.0,0.0,0.0,0.0,0.8119346668751433,0.0,0.0,0.8119346668751433
Cn1[nH+]ccc1-c1nc(CCC2CCN(c3ccccc3)CC2)n[nH]1,337.451,2.4735000000000005,63.88,1,3,0.7777767583972574,1.0,1,0,1,0,c1ccc(N2CCC(CCc3n[nH]c(-c4cc[nH+][nH]4)n3)CC2)cc1,['dok7_binder'],['DOK7'],1,1.0,0.0,0.0,0.0,0.9333330275191771,0.0,0.0,0.9333330275191771
CCCCNCc1ccccc1OC1CCCN(Cc2cccc(C(=O)O)c2)C1,396.5310000000001,4.317900000000003,61.8,2,4,0.5858939836026946,1.0,1,0,0,0,c1ccc(CN2CCCC(Oc3ccccc3)C2)cc1,['dok7_binder'],['DOK7'],1,1.0,0.0,0.0,0.0,0.8757681950808083,0.0,0.0,0.8757681950808083
FC(F)(F)Oc1ccnc(Nc2ccc(Oc3ccccn3)cc2)c1,347.296,4.911100000000002,56.269999999999996,1,5,0.7105160474631591,0.75,1,0,0,0,c1ccc(Nc2ccc(Oc3ccccn3)cc2)nc1,['dok7_binder'],['DOK7'],1,1.0,0.0,0.0,0.0,0.8381548142389477,0.0,0.0,0.8381548142389477
O=C(Nc1c[nH]c2ccccc12)c1cc(Cl)cc(OC(F)(F)F)c1,354.71500000000003,4.972200000000001,54.120000000000005,2,2,0.6972025552450696,0.75,1,0,0,0,O=C(Nc1c[nH]c2ccccc12)c1ccccc1,['dok7_binder'],['DOK7'],1,1.0,0.0,0.0,0.0,0.8341607665735209,0.0,0.0,0.8341607665735209
O=C(NCc1cccc(OCc2c[nH+]cc(-c3nnn[nH]3)c2)c1)c1ccccc1,387.423,2.189799999999999,106.93,2,5,0.5054744514732211,0.75,1,0,1,0,O=C(NCc1cccc(OCc2c[nH+]cc(-c3nnn[nH]3)c2)c1)c1ccccc1,['dok7_binder'],['DOK7'],1,1.0,0.0,0.0,0.0,0.7766423354419663,0.0,0.0,0.7766423354419663
Nc1[nH+]nc(-c2ccc(OCc3ccc(-c4nnn[nH]4)cc3)cc2)o1,336.335,1.4969999999999997,129.88,2,7,0.5644417337246481,0.5,1,0,1,0,c1[nH+]nc(-c2ccc(OCc3ccc(-c4nnn[nH]4)cc3)cc2)o1,['dok7_binder'],['DOK7'],1,1.0,0.0,0.0,0.0,0.7193325201173943,0.0,0.0,0.7193325201173943
COc1ccc(CCN2CC(=Nc3nc(C)cc(C)n3)CC(O)C2=O)cc1C,382.4640000000001,2.31886,87.91,1,6,0.8573857587249062,1.0,1,0,0,0,O=C1CCC(=Nc2ncccn2)CN1CCc1ccccc1,['dok7_binder'],['DOK7'],1,1.0,0.0,0.0,0.0,0.9572157276174718,0.0,0.0,0.9572157276174718
NS(=O)(=O)c1ccc(-c2c[nH+]cc(-c3cc[nH]c(=NNCc4ccc(F)cc4)n3)c2)cc1,451.5070000000001,1.9497999999999998,127.37,3,5,0.38724290020102875,0.5,1,0,1,0,c1ccc(CNN=c2nc(-c3c[nH+]cc(-c4ccccc4)c3)cc[nH]2)cc1,['dok7_binder'],['DOK7'],1,1.0,0.0,0.0,0.0,0.6661728700603087,0.0,0.0,0.6661728700603087
COc1ccccc1C=CC(=O)c1cc(-c2cccc(C(=O)O)c2)n[nH]1,348.35800000000006,3.6796000000000015,92.28,2,4,0.5235568555718009,0.75,1,0,0,0,O=C(C=Cc1ccccc1)c1cc(-c2ccccc2)n[nH]1,['dok7_binder'],['DOK7'],1,1.0,0.0,0.0,0.0,0.7820670566715402,0.0,0.0,0.7820670566715402
N#CC1=Cc2ccccc2C=C(NCCCOc2ccc(Cn3cnc[nH+]3)cc2)N1,399.478,2.5702799999999995,89.03999999999999,2,5,0.5685202225465127,1.0,1,0,1,0,C1=Cc2ccccc2C=C(NCCCOc2ccc(Cn3cnc[nH+]3)cc2)N1,['dok7_binder'],['DOK7'],1,1.0,0.0,0.0,0.0,0.8705560667639538,0.0,0.0,0.8705560667639538
Cc1cccc(NC(O)=Nc2cccc(C=Cc3ccc(OCc4ccccc4)c(N)c3)c2)c1,449.5540000000002,6.984220000000007,79.86999999999999,3,3,0.12298533441209968,0.75,0,0,0,0,C(=Cc1cccc(N=CNc2ccccc2)c1)c1ccc(OCc2ccccc2)cc1,['dok7_binder'],['DOK7'],1,1.0,0.0,0.0,0.0,0.4618956003236299,0.0,0.0,0.4618956003236299
NN=Nc1cc2cc(-c3ncn(-c4ccc(C(N)=O)cc4)[nH+]3)ccc2[nH]1,347.36199999999997,1.891,141.58,3,4,0.29460619737702914,0.75,1,1,1,0,c1ccc(-n2cnc(-c3ccc4[nH]ccc4c3)[nH+]2)cc1,['dok7_binder'],['DOK7'],1,1.0,0.0,0.0,0.2,0.6733818592131088,0.0,0.0,0.6733818592131088
O=C(Nc1ccccc1O)OCc1ccc(OCC2C=CNCC2)cc1,354.406,3.642900000000002,79.82000000000001,3,5,0.6903013797164224,1.0,1,0,0,0,O=C(Nc1ccccc1)OCc1ccc(OCC2C=CNCC2)cc1,['dok7_binder'],['DOK7'],1,1.0,0.0,0.0,0.0,0.9070904139149267,0.0,0.0,0.9070904139149267
CC(=O)NCc1ccc(NC(=O)Cc2ccc(CC3CCCO3)cc2)cc1,366.4610000000001,3.2254000000000014,67.43,2,3,0.790559117021516,1.0,1,0,0,0,O=C(Cc1ccc(CC2CCCO2)cc1)Nc1ccccc1,['dok7_binder'],['DOK7'],1,1.0,0.0,0.0,0.0,0.9371677351064547,0.0,0.0,0.9371677351064547
O=C(CN1CCN(C(=O)c2cccc3ccccc23)CC1)NC1CCOCC1,381.4760000000003,1.8927999999999998,61.88000000000001,1,4,0.8787080742372881,1.0,1,0,0,0,O=C(CN1CCN(C(=O)c2cccc3ccccc23)CC1)NC1CCOCC1,['dok7_binder'],['DOK7'],1,1.0,0.0,0.0,0.0,0.9636124222711864,0.0,0.0,0.9636124222711864
NNCNCCOC1=CNC=CC=C1COc1ccc(Cc2ccccc2)cc1,392.50300000000016,2.5679000000000007,80.57000000000001,4,6,0.2037159954275133,0.75,1,0,0,0,C1=CNC=CC(COc2ccc(Cc3ccccc3)cc2)=C1,['dok7_binder'],['DOK7'],1,1.0,0.0,0.0,0.0,0.686114798628254,0.0,0.0,0.686114798628254
Nc1ccc2ccc(-c3nnc(NCCOc4cccc(OCCO)c4)[nH]3)cc2[nH+]1,407.4540000000001,1.8831999999999993,132.45,4,7,0.3114447271606691,0.5,1,0,1,0,c1ccc(OCCNc2nnc(-c3ccc4ccc[nH+]c4c3)[nH]2)cc1,['dok7_binder'],['DOK7'],1,1.0,0.0,0.0,0.0,0.6434334181482008,0.0,0.0,0.6434334181482008
Cc1ccc(C#N)cc1C=NNC(=O)NCCOc1ccc(C(=O)O)cc1,366.3770000000001,2.277,123.81000000000002,3,5,0.3938979487610212,0.75,1,0,0,0,O=C(NCCOc1ccccc1)NN=Cc1ccccc1,['dok7_binder'],['DOK7'],1,1.0,0.0,0.0,0.0,0.7431693846283063,0.0,0.0,0.7431693846283063
O=C(Nc1ncc(C(O)Nc2cnc3nonc3c2O)s1)c1ccccc1,384.37700000000007,2.1351999999999993,146.29,4,10,0.3799260435977498,0.5,1,0,0,0,O=C(Nc1ncc(CNc2cnc3nonc3c2)s1)c1ccccc1,['dok7_binder'],['DOK7'],1,1.0,0.0,0.0,0.0,0.663977813079325,0.0,0.0,0.663977813079325
c1cc(CNOc2ccc(-c3ccncc3)cc2)cc(-c2ccncc2)c1,353.42500000000007,4.894200000000004,47.04,1,4,0.5012217003783084,0.75,1,0,0,0,c1cc(CNOc2ccc(-c3ccncc3)cc2)cc(-c2ccncc2)c1,['dok7_binder'],['DOK7'],1,1.0,0.0,0.0,0.0,0.7753665101134926,0.0,0.0,0.7753665101134926
OC=NN=Cc1ccc(OCC2CCCN(Cc3ccccc3)C2)cc1,351.45,3.897800000000003,57.42000000000001,1,4,0.46753956408537817,1.0,1,0,0,0,c1ccc(CN2CCCC(COc3ccccc3)C2)cc1,['dok7_binder'],['DOK7'],1,1.0,0.0,0.0,0.0,0.8402618692256134,0.0,0.0,0.8402618692256134
O=C(O)CNCCOc1cccc(C(=O)c2ccc(NCc3ccccc3)cc2)c1,404.4660000000001,3.5827000000000018,87.66,3,5,0.3344610875681336,1.0,1,0,0,0,O=C(c1ccccc1)c1ccc(NCc2ccccc2)cc1,['dok7_binder'],['DOK7'],1,1.0,0.0,0.0,0.0,0.80033832627044,0.0,0.0,0.80033832627044
CCNCCOc1cc(CNC2CCCN(C=C(O)c3ccccc3)C2)cc(C)n1,410.5620000000001,3.488920000000002,69.65,3,6,0.4114988320997194,1.0,1,0,0,0,C(=CN1CCCC(NCc2ccncc2)C1)c1ccccc1,['dok7_binder'],['DOK7'],1,1.0,0.0,0.0,0.0,0.8234496496299157,0.0,0.0,0.8234496496299157
CCOCCCNc1nc(O)c(O)c(NCc2ccc(OP(=O)(O)O)cc2)n1,414.3550000000001,1.8098999999999994,166.28999999999996,6,9,0.23437127594239657,0.5,0,0,0,0,c1ccc(CNc2ccncn2)cc1,['dok7_binder'],['DOK7'],1,1.0,0.0,0.0,0.0,0.42031138278271896,0.0,0.0,0.42031138278271896
CCOC1=C(OCc2ccc(-c3ccc(C(=O)O)cc3)cc2)C=C(O)C=CN1,379.41200000000003,4.332800000000002,88.02000000000001,3,5,0.6635317779719898,1.0,1,0,0,0,C1=CNC=C(OCc2ccc(-c3ccccc3)cc2)C=C1,['dok7_binder'],['DOK7'],1,1.0,0.0,0.0,0.0,0.8990595333915969,0.0,0.0,0.8990595333915969
NCCCOc1cccc(NC(O)=Nc2nnnn2CCCc2ccc(F)cc2)c1,413.45700000000016,2.8302000000000014,123.47,3,6,0.26520233101834423,0.75,1,0,0,0,C(=Nc1nnnn1CCCc1ccccc1)Nc1ccccc1,['dok7_binder'],['DOK7'],1,1.0,0.0,0.0,0.0,0.7045606993055031,0.0,0.0,0.7045606993055031
CCCC(=O)NCC1CCN(c2ccc(OC3=CNC=CC=C3)cc2)CC1,367.49300000000005,3.712600000000003,53.60000000000001,2,4,0.7713257911034536,1.0,1,0,0,0,C1=CNC=C(Oc2ccc(N3CCCCC3)cc2)C=C1,['dok7_binder'],['DOK7'],1,1.0,0.0,0.0,0.0,0.931397737331036,0.0,0.0,0.931397737331036
N#Cc1ccc(-c2ccc(OCc3cn(CCc4ccccc4)nn3)cc2)o1,370.412,4.231480000000002,76.87,0,5,0.48641881805018417,1.0,1,0,0,0,c1ccc(CCn2cc(COc3ccc(-c4ccco4)cc3)nn2)cc1,['dok7_binder'],['DOK7'],1,1.0,0.0,0.0,0.0,0.8459256454150552,0.0,0.0,0.8459256454150552
NN=NC=CNCCCCCNC(=O)c1cccc(Cc2ccccc2)n1,366.4690000000001,2.959200000000001,104.76,3,5,0.24600833747502535,0.75,1,1,0,0,c1ccc(Cc2ccccn2)cc1,['dok7_binder'],['DOK7'],1,1.0,0.0,0.0,0.2,0.6588025012425076,0.0,0.0,0.6588025012425076
Oc1ccc(-n2nc(C=NN=NCc3ccccn3)nc2-c2ccccc2)cc1O,399.4140000000001,3.726800000000002,121.14,2,7,0.2214301615820536,0.75,1,2,0,0,C(=NN=NCc1ccccn1)c1nc(-c2ccccc2)n(-c2ccccc2)n1,['dok7_binder'],['DOK7'],1,1.0,0.0,0.0,0.4,0.6114290484746161,0.0,0.0,0.6114290484746161
O=C(NN=CCc1ccccc1)c1cccc(OCCNCCNO)c1,356.4260000000001,1.5920999999999996,94.98,4,6,0.27863549568827356,0.5,1,0,0,0,O=C(NN=CCc1ccccc1)c1ccccc1,['dok7_binder'],['DOK7'],1,1.0,0.0,0.0,0.0,0.6335906487064821,0.0,0.0,0.6335906487064821
CCCCCCCCNC(=O)CNC(=O)C(C)NCCCc1ccccc1,375.5570000000002,3.1902000000000017,70.23,3,3,0.4124045435371528,1.0,1,0,0,0,c1ccccc1,['dok7_binder'],['DOK7'],1,1.0,0.0,0.0,0.0,0.8237213630611457,0.0,0.0,0.8237213630611457
Oc1ccc(C=NNc2ncnc3ccc(C(O)Nc4ncccn4)cc23)cc1,387.4030000000001,2.6744000000000003,128.44,4,9,0.22578924422998026,0.5,1,1,0,0,C(=NNc1ncnc2ccc(CNc3ncccn3)cc12)c1ccccc1,['dok7_binder'],['DOK7'],1,1.0,0.0,0.0,0.2,0.5777367732689941,0.0,0.0,0.5777367732689941
Fc1ccccc1NC=NN=Nc1cc(-c2ccnc3cnccc23)ccn1,371.3790000000001,4.970000000000003,87.78,1,5,0.2321375533266747,0.75,1,1,0,0,C(=NN=Nc1cc(-c2ccnc3cnccc23)ccn1)Nc1ccccc1,['dok7_binder'],['DOK7'],1,1.0,0.0,0.0,0.2,0.6546412659980024,0.0,0.0,0.6546412659980024
Cc1c(N)cc(-c2c[nH]c3cc(C=NC=CCC4=CNN=NN4)ccc23)c(O)c1C,401.47400000000005,4.378640000000003,123.18,5,7,0.24722258190298146,0.5,1,0,0,0,C(=CN=Cc1ccc2c(-c3ccccc3)c[nH]c2c1)CC1=CNN=NN1,['dok7_binder'],['DOK7'],1,1.0,0.0,0.0,0.0,0.6241667745708945,0.0,0.0,0.6241667745708945
Cc1nc2c(OCc3ccccc3NC=NNC3CCC(=O)C3O)cccc2[nH]1,393.4470000000001,2.48752,111.63,4,6,0.2787764939445825,0.5,1,0,0,0,O=C1CCC(NN=CNc2ccccc2COc2cccc3[nH]cnc23)C1,['dok7_binder'],['DOK7'],1,1.0,0.0,0.0,0.0,0.6336329481833747,0.0,0.0,0.6336329481833747
CCCCCCn1cnc2nc(C)n3nc(COc4ccc(OC)cc4)nc3c21,394.47900000000016,3.950320000000003,79.36000000000001,0,6,0.4000210636690426,1.0,1,0,0,0,c1ccc(OCc2nc3c4[nH]cnc4ncn3n2)cc1,['dok7_binder'],['DOK7'],1,1.0,0.0,0.0,0.0,0.8200063191007128,0.0,0.0,0.8200063191007128
Fc1ccccc1CN=[N+]=Cc1ccc2c(N3CCCC3)ccnc2c1,347.4170000000001,4.253600000000004,42.59,0,3,0.40210862892876365,1.0,1,1,1,0,C(=[N+]=NCc1ccccc1)c1ccc2c(N3CCCC3)ccnc2c1,['dok7_binder'],['DOK7'],1,1.0,0.0,0.0,0.2,0.7806325886786291,0.0,0.0,0.7806325886786291
O=C(O)CCCCCCCCCOc1ccccc1C=CNCCCC1CC1,387.5640000000002,6.021300000000006,58.56,2,3,0.3208399794202225,0.75,0,0,0,0,C(=Cc1ccccc1)NCCCC1CC1,['dok7_binder'],['DOK7'],1,1.0,0.0,0.0,0.0,0.5212519938260667,0.0,0.0,0.5212519938260667
COc1ccc(Cc2ccccc2OCCC=CCNNC(=N)N)cc1F,372.44399999999996,2.73787,92.39,4,4,0.16920744230109006,0.5,1,0,0,0,c1ccc(Cc2ccccc2)cc1,['dok7_binder'],['DOK7'],1,1.0,0.0,0.0,0.0,0.600762232690327,0.0,0.0,0.600762232690327
Oc1ncccc1-c1cc(OC=CCCC=NN=Cc2ccccc2)ccn1,372.42800000000005,4.626800000000005,79.96000000000001,1,6,0.27059005753747195,0.75,1,0,0,0,C(=COc1ccnc(-c2cccnc2)c1)CCC=NN=Cc1ccccc1,['dok7_binder'],['DOK7'],1,1.0,0.0,0.0,0.0,0.7061770172612416,0.0,0.0,0.7061770172612416
O=C(NNCC=CC[N+](=O)O)Nc1cc2ccccc2c2ccccc12,351.38600000000014,3.3434000000000017,93.47,4,3,0.23710592641598088,0.5,1,0,1,0,c1ccc2c(c1)ccc1ccccc12,['dok7_binder'],['DOK7'],1,1.0,0.0,0.0,0.0,0.6211317779247942,0.0,0.0,0.6211317779247942
CC(Nc1cnc(OCCCCC(=O)O)cc1-c1ccccc1)c1ccco1,380.444,5.148400000000004,84.59,2,5,0.47334647393277907,0.75,0,0,0,0,c1ccc(-c2ccncc2NCc2ccco2)cc1,['dok7_binder'],['DOK7'],1,1.0,0.0,0.0,0.0,0.5670039421798336,0.0,0.0,0.5670039421798336
CC(=O)C1=C(C)c2nc(CNNN=Cc3cccnc3)nc3cccc1c23,358.40500000000014,2.486200000000001,92.16,2,7,0.3995300206207312,0.75,1,0,0,0,C1=Cc2nc(CNNN=Cc3cccnc3)nc3cccc1c23,['dok7_binder'],['DOK7'],1,1.0,0.0,0.0,0.0,0.7448590061862193,0.0,0.0,0.7448590061862193
Cc1cccc(Cc2cccc(C=NNc3ccc(N(O)O)cc3)c2)c1C,361.4450000000001,4.925040000000003,68.09,3,5,0.43029354208172893,0.75,1,0,0,0,C(=NNc1ccccc1)c1cccc(Cc2ccccc2)c1,['dok7_binder'],['DOK7'],1,1.0,0.0,0.0,0.0,0.7540880626245186,0.0,0.0,0.7540880626245186
Cc1cccc(-n2nc(CCCCCNC3NCCN3)c3nc[nH]c32)c1CN(C)C,410.57000000000016,1.8974200000000012,85.83,4,6,0.3821338295987322,0.75,1,0,0,0,c1ccc(-n2nc(CCCCCNC3NCCN3)c3nc[nH]c32)cc1,['dok7_binder'],['DOK7'],1,1.0,0.0,0.0,0.0,0.7396401488796196,0.0,0.0,0.7396401488796196
CCOCC[N+]#[N+]C=NN=C(N)Nc1ncc2cc(Cc3cccnc3)cnc2n1,406.4540000000002,2.3794000000000004,132.28,2,7,0.2023081476863548,0.75,1,0,1,0,c1cncc(Cc2cnc3ncncc3c2)c1,['dok7_binder'],['DOK7'],1,1.0,0.0,0.0,0.0,0.6856924443059065,0.0,0.0,0.6856924443059065
O=C1N=CC(CCCOc2cc(-c3ccc4c(c3)CCNCC4)ncn2)N1,365.43700000000007,2.1534,88.5,2,5,0.7660226295147915,1.0,1,0,0,0,O=C1N=CC(CCCOc2cc(-c3ccc4c(c3)CCNCC4)ncn2)N1,['dok7_binder'],['DOK7'],1,1.0,0.0,0.0,0.0,0.9298067888544375,0.0,0.0,0.9298067888544375
Cc1cc(-c2ccnc3nc(CN=Cc4ccc(Cl)cc4)nn23)ccc1N,376.85100000000006,3.9544200000000025,81.46,1,5,0.43152749700827325,1.0,1,0,0,0,C(=NCc1nc2nccc(-c3ccccc3)n2n1)c1ccccc1,['dok7_binder'],['DOK7'],1,1.0,0.0,0.0,0.0,0.829458249102482,0.0,0.0,0.829458249102482
Cc1ccc2[n+](C)c3ccc(N=NNCNNc4[nH+]cccc4F)cc3c-2c(N)n1,407.45700000000016,2.170419999999999,117.74,4,6,0.12845978192315605,0.5,1,1,1,0,c1ccc(NNCNN=Nc2ccc3[nH+]c4cccncc-4c3c2)[nH+]c1,['dok7_binder'],['DOK7'],1,1.0,0.0,0.0,0.2,0.5485379345769469,0.0,0.0,0.5485379345769469
Cc1cc(NNCC2CC3CCC=CC3N2)nnc1N1CCNC(CS(=O)(=O)O)C1,437.5700000000003,0.06422000000000344,131.51,5,9,0.22668791323827886,0.25,1,0,0,0,C1=CC2NC(CNNc3ccc(N4CCNCC4)nn3)CC2CC1,['dok7_binder'],['DOK7'],1,1.0,0.0,0.0,0.0,0.5430063739714837,0.0,0.0,0.5430063739714837
C=C1COC2CCC(N=COc3cc(N)c(N4CCCNCC4)cc3O)CC12,386.4960000000002,2.3049,92.34,3,7,0.24178190431430113,0.75,1,0,0,0,C=C1COC2CCC(N=COc3ccc(N4CCCNCC4)cc3)CC12,['dok7_binder'],['DOK7'],1,1.0,0.0,0.0,0.0,0.6975345712942903,0.0,0.0,0.6975345712942903
C1=CNC(N=c2[nH]c2=NNc2cnc3c(N4CCCC4)cncc3c2)N=N1,362.40100000000007,1.0724,118.30999999999999,3,9,0.6001369091139142,0.5,1,0,0,0,C1=CNC(N=c2[nH]c2=NNc2cnc3c(N4CCCC4)cncc3c2)N=N1,['dok7_binder'],['DOK7'],1,1.0,0.0,0.0,0.0,0.7300410727341742,0.0,0.0,0.7300410727341742
Cc1cc(Cc2ccccc2C)ccc1CN=NN=CCNC1=CCC=CC1,372.51600000000013,5.655740000000006,49.11,1,3,0.2764792655432452,0.75,0,1,0,0,C1=CCC(NCC=NN=NCc2ccc(Cc3ccccc3)cc2)=CC1,['dok7_binder'],['DOK7'],1,1.0,0.0,0.0,0.2,0.46794377966297357,0.0,0.0,0.46794377966297357
COc1cccc(-c2ccc(C#[N+]N=CNNc3ccccc3)cc2)c1,343.41,4.603200000000003,50.01,2,3,0.4042073637238725,0.75,1,0,1,0,C(#[N+]N=CNNc1ccccc1)c1ccc(-c2ccccc2)cc1,['dok7_binder'],['DOK7'],1,1.0,0.0,0.0,0.0,0.7462622091171618,0.0,0.0,0.7462622091171618
O=C(O)C1CCC(OCCc2nc3c4c(nc5c(c4n2)CCNCC5)C=CC=C3)CN1,421.50100000000015,1.5173,109.26,3,7,0.6667659977613885,0.75,1,0,0,0,C1=Cc2nc(CCOC3CCCNC3)nc3c4c(nc(c23)C=C1)CCNCC4,['dok7_binder'],['DOK7'],1,1.0,0.0,0.0,0.0,0.8250297993284166,0.0,0.0,0.8250297993284166
Cc1ccc(-c2ccccc2NC(=O)N=[N+]=CC2CC3CCC=CC3O2)cc1,374.4640000000001,5.0488200000000045,64.79,1,2,0.35359058667257487,0.75,0,1,1,0,O=C(N=[N+]=CC1CC2CCC=CC2O1)Nc1ccccc1-c1ccccc1,['dok7_binder'],['DOK7'],1,1.0,0.0,0.0,0.2,0.4910771760017725,0.0,0.0,0.4910771760017725
CCC(=O)C1CC1C=NCc1[nH]nc2c(Nc3ccc(C)cc3)ncnc12,362.43700000000007,3.5909200000000014,95.92,2,6,0.6262462544719881,0.75,1,0,0,0,C(=NCc1[nH]nc2c(Nc3ccccc3)ncnc12)C1CC1,['dok7_binder'],['DOK7'],1,1.0,0.0,0.0,0.0,0.8128738763415964,0.0,0.0,0.8128738763415964
CC1=C(C)[N+]2=Nc3ccc(C=[N+]=NC4C=Cc5ccccc5N4)c(O)c3C2=C1C,383.45500000000015,5.084800000000004,74.09,2,4,0.3282231827406294,0.75,0,1,1,0,C1=C[N+]2=Nc3ccc(C=[N+]=NC4C=Cc5ccccc5N4)cc3C2=C1,['dok7_binder'],['DOK7'],1,1.0,0.0,0.0,0.2,0.4834669548221888,0.0,0.0,0.4834669548221888
OC(=NN=NCC1Cc2ccccc2N1)c1ccc(-c2ccncc2)cc1,357.4170000000001,4.457200000000003,82.23,2,4,0.30608098869299344,1.0,1,1,0,0,C(=NN=NCC1Cc2ccccc2N1)c1ccc(-c2ccncc2)cc1,['dok7_binder'],['DOK7'],1,1.0,0.0,0.0,0.2,0.7518242966078981,0.0,0.0,0.7518242966078981
c1cc2cc(c1)-c1[nH+]ccc3c1[nH+]c(c1cnc4ccc3[n+]41)[C@H]1OC[C@H]1CCC1CN(C2)C1,436.5390000000003,2.772800000000001,57.74,0,3,0.35093363476096234,1.0,1,0,1,0,c1cc2cc(c1)-c1[nH+]ccc3c1[nH+]c(c1cnc4ccc3[n+]41)C1OCC1CCC1CN(C2)C1,['mdm2_activator'],['MDM2'],1,1.0,0.0,0.0,0.0,0.8052800904282886,0.0,0.0,0.8052800904282886
Cc1ccc(CCNC(=O)c2ccc(-c3ccc4[nH]nnc4c3)[nH+]c2C)cc1,372.4520000000001,3.028340000000001,84.81,2,3,0.5646472448112745,1.0,1,0,1,0,O=C(NCCc1ccccc1)c1ccc(-c2ccc3[nH]nnc3c2)[nH+]c1,['mdm2_activator'],['MDM2'],1,1.0,0.0,0.0,0.0,0.8693941734433823,0.0,0.0,0.8693941734433823
Nc1ncc(CCCCNCc2ccncc2)c(N2CCNc3ccccc32)n1,389.5070000000002,3.129900000000001,91.99,3,7,0.5098262944640074,0.75,1,0,0,0,c1ccc2c(c1)NCCN2c1ncncc1CCCCNCc1ccncc1,['mdm2_activator'],['MDM2'],1,1.0,0.0,0.0,0.0,0.7779478883392021,0.0,0.0,0.7779478883392021
Oc1ccc2cc([C@H]3C[C@@H](c4cnccn4)CN3Cc3ccnnc3)ccc2n1,384.4430000000001,3.2512000000000016,87.92,1,7,0.5776889790678718,1.0,1,0,0,0,c1cnc2ccc(C3CC(c4cnccn4)CN3Cc3ccnnc3)cc2c1,['mdm2_activator'],['MDM2'],1,1.0,0.0,0.0,0.0,0.8733066937203615,0.0,0.0,0.8733066937203615
Oc1ccc(Cc2nc3ccccc3nc2-c2cccc3ccccc23)cc1,362.43200000000013,5.746400000000005,46.010000000000005,1,3,0.4446232951232279,0.75,0,0,0,0,c1ccc(Cc2nc3ccccc3nc2-c2cccc3ccccc23)cc1,['mdm2_activator'],['MDM2'],1,1.0,0.0,0.0,0.0,0.5583869885369683,0.0,0.0,0.5583869885369683
O=C(O)c1ccc(C=NNc2cc(-c3ccccc3)nc3ccccc23)cc1,367.4080000000001,5.046000000000003,74.58,2,4,0.3824595084469395,0.75,0,0,0,0,C(=NNc1cc(-c2ccccc2)nc2ccccc12)c1ccccc1,['mdm2_activator'],['MDM2'],1,1.0,0.0,0.0,0.0,0.5397378525340819,0.0,0.0,0.5397378525340819
O=C(c1c[nH]c(O)nc1=O)[C@H](Cc1ccccc1)NCc1ccc(O)cc1,365.38900000000007,1.7648999999999997,115.31000000000002,4,6,0.47441636652765146,0.5,1,0,0,0,O=C(c1c[nH]cnc1=O)C(Cc1ccccc1)NCc1ccccc1,['mdm2_activator'],['MDM2'],1,1.0,0.0,0.0,0.0,0.6923249099582954,0.0,0.0,0.6923249099582954
C1=C(c2ccccc2)Nc2ccccc2C(OCc2ccc[nH+]c2)=C1,327.407,4.525000000000003,35.4,1,2,0.7642193127597589,0.75,1,0,1,0,C1=C(c2ccccc2)Nc2ccccc2C(OCc2ccc[nH+]c2)=C1,['mdm2_activator'],['MDM2'],1,1.0,0.0,0.0,0.0,0.8542657938279277,0.0,0.0,0.8542657938279277
O=C(O)c1ccc2c(Nc3cccc4c3NC=CC=C4)c(O)ccc2c1,344.37000000000006,4.939600000000003,81.59,4,4,0.5060598381735883,0.5,1,0,0,0,C1=CNc2c(cccc2Nc2cccc3ccccc23)C=C1,['mdm2_activator'],['MDM2'],1,1.0,0.0,0.0,0.0,0.7018179514520764,0.0,0.0,0.7018179514520764
CC1CC=C2N=CN(c3nc(=O)[nH]c(=N)[nH]3)c3cc(CCCC(=O)O)nc1c32,381.3960000000003,1.4078700000000004,151.18,4,7,0.6144796454740771,0.25,1,0,0,0,N=c1[nH]c(N2C=NC3=CCCc4nccc2c43)nc(=O)[nH]1,['mdm2_activator'],['MDM2'],1,1.0,0.0,0.0,0.0,0.6593438936422231,0.0,0.0,0.6593438936422231
Cc1cc2c(Cc3cc[nH+]cc3)c3[nH]cc([C@@H]4CCCN(C)C4)c3nc2c(C)[nH+]1,387.5310000000002,3.3611400000000016,60.2,1,2,0.5859167520191149,1.0,1,0,1,0,c1cc(Cc2c3cc[nH+]cc3nc3c(C4CCCNC4)c[nH]c23)cc[nH+]1,['mdm2_activator'],['MDM2'],1,1.0,0.0,0.0,0.0,0.8757750256057344,0.0,0.0,0.8757750256057344
CCn1c(C)c(N2C=Nc3cccc4c3c2cc2ccccc24)c2ccccc21,375.4750000000001,7.087520000000006,20.53,0,2,0.3017066028677008,0.75,0,1,0,0,C1=Nc2cccc3c2c(cc2ccccc23)N1c1c[nH]c2ccccc12,['mdm2_activator'],['MDM2'],1,1.0,0.0,0.0,0.2,0.4755119808603102,0.0,0.0,0.4755119808603102
Nc1ncc2c(n1)Nc1ccccc1-c1ccccc1OCCCCCN=C2O,389.45900000000034,4.336700000000003,105.65,3,6,0.5281806675801951,0.75,1,0,0,0,C1=NCCCCCOc2ccccc2-c2ccccc2Nc2ncncc21,['mdm2_activator'],['MDM2'],1,1.0,0.0,0.0,0.0,0.7834542002740585,0.0,0.0,0.7834542002740585
N:CC1=Cc2cnc3cc4nccc5cccc(c5c4cc23)OCCNC1=O,368.3960000000002,3.272890000000002,87.91,2,5,0.5397018450467607,1.0,1,0,0,0,O=C1C=Cc2cnc3cc4nccc5cccc(c5c4cc23)OCCN1,['mdm2_activator'],['MDM2'],1,1.0,0.0,0.0,0.0,0.8619105535140281,0.0,0.0,0.8619105535140281
Cc1cnc(=O)n(CN(O)[C@H]2O[C@@H](OP(=O)(O)O)[C@@H](OP(=O)(O)O)[C@@H]2O)n1,434.1910000000001,-2.7740799999999983,234.22999999999996,6,11,0.18810636927237553,0.25,0,0,0,0,O=c1nccnn1CNC1CCCO1,['mdm2_activator'],['MDM2'],1,1.0,0.0,0.0,0.0,0.33143191078171264,0.0,0.0,0.33143191078171264
Cn1c(-c2ccc(O)c3ccccc23)c(-c2ccccc2)c2ccccc21,349.43300000000005,6.371100000000005,25.16,1,1,0.39337173959113475,0.75,0,0,0,0,c1ccc(-c2c(-c3cccc4ccccc34)[nH]c3ccccc23)cc1,['mdm2_activator'],['MDM2'],1,1.0,0.0,0.0,0.0,0.5430115218773404,0.0,0.0,0.5430115218773404
OC1=CC=CC2=CC(NCC3=Cc4cccc5cc[nH+]c3c45)=CNC2=C1,340.40600000000006,3.3641000000000014,58.43,3,3,0.802896410285212,1.0,1,0,1,0,C1=CC=C2NC=C(NCC3=Cc4cccc5cc[nH+]c3c45)C=C2C=C1,['mdm2_activator'],['MDM2'],1,1.0,0.0,0.0,0.0,0.9408689230855636,0.0,0.0,0.9408689230855636
c1ccc(-c2nc[nH]c3cc(-c4ccccc4-c4cccc[nH+]4)cc2-3)cc1,348.42900000000003,5.329600000000005,42.82,1,1,0.47038500219818474,0.75,0,0,1,0,c1ccc(-c2nc[nH]c3cc(-c4ccccc4-c4cccc[nH+]4)cc2-3)cc1,['mdm2_activator'],['MDM2'],1,1.0,0.0,0.0,0.0,0.5661155006594554,0.0,0.0,0.5661155006594554
Nc1ncnc2c1ncn2[C@@H]1O[C@H](O[P@@](=O)(O)OP(=O)(O)O)[C@@H](O)[C@H]1O,413.17600000000004,-1.7885000000000009,232.59999999999997,6,11,0.29725086285277874,0.25,0,0,0,0,c1ncc2ncn(C3CCCO3)c2n1,['mdm2_activator'],['MDM2'],1,1.0,0.0,0.0,0.0,0.36417525885583363,0.0,0.0,0.36417525885583363
Cc1ccc(N2CCC[C@@H]2c2cnn[nH]2)c2cc3ccccc3[nH+]c12,330.4150000000001,3.575120000000001,58.95,1,3,0.5716107304199775,1.0,1,0,1,0,c1ccc2[nH+]c3cccc(N4CCCC4c4cnn[nH]4)c3cc2c1,['mdm2_activator'],['MDM2'],1,1.0,0.0,0.0,0.0,0.8714832191259931,0.0,0.0,0.8714832191259931
Cc1cc(N)nn1-c1ccc(-c2ccnc3ccc(-c4ccncn4)cc23)cc1,378.43900000000014,4.435120000000002,82.51,1,5,0.5019356103185644,1.0,1,0,0,0,c1cnn(-c2ccc(-c3ccnc4ccc(-c5ccncn5)cc34)cc2)c1,['mdm2_activator'],['MDM2'],1,1.0,0.0,0.0,0.0,0.8505806830955693,0.0,0.0,0.8505806830955693
c1ccc(CN2CCC[C@@H](Nc3ncnc4c3nnc3ccccc34)C2)cc1,370.46000000000015,3.6495000000000015,66.83,1,6,0.5532722742736997,1.0,1,0,0,0,c1ccc(CN2CCCC(Nc3ncnc4c3nnc3ccccc34)C2)cc1,['mdm2_activator'],['MDM2'],1,1.0,0.0,0.0,0.0,0.8659816822821098,0.0,0.0,0.8659816822821098
CN1N=C2CCCC[C@@H]2c2c1[nH]c(=O)[nH]c2=Nc1cccc2ccccc12,359.4330000000001,3.5520000000000014,76.61,2,4,0.6969692967143881,1.0,1,0,0,0,O=c1[nH]c2c(c(=Nc3cccc4ccccc34)[nH]1)C1CCCCC1=NN2,['mdm2_activator'],['MDM2'],1,1.0,0.0,0.0,0.0,0.9090907890143163,0.0,0.0,0.9090907890143163
O=C(O)[C@@H]1C=C[C@H]2C1=CCCc1nc(-c3ccc(F)cc3)ncc12,322.339,3.509500000000002,63.08,1,3,0.8595250554531597,1.0,1,0,0,0,C1=CC2C(=CCCc3nc(-c4ccccc4)ncc32)C1,['mdm2_activator'],['MDM2'],1,1.0,0.0,0.0,0.0,0.9578575166359478,0.0,0.0,0.9578575166359478
O=c1[nH]c(O)c(CC=Cc2cccc(N3CCOCC3)c2)c2ccccc12,362.4290000000001,3.326200000000002,65.56,2,4,0.7471961585007052,1.0,1,0,0,0,O=c1[nH]cc(CC=Cc2cccc(N3CCOCC3)c2)c2ccccc12,['mdm2_activator'],['MDM2'],1,1.0,0.0,0.0,0.0,0.9241588475502116,0.0,0.0,0.9241588475502116
Oc1ccc(-c2ccccc2NCCOc2cccc(-c3ccccc3)c2)cc1O,397.4740000000001,5.922700000000004,61.72,3,4,0.26743426062079106,0.75,0,1,0,0,c1ccc(-c2cccc(OCCNc3ccccc3-c3ccccc3)c2)cc1,['mdm2_activator'],['MDM2'],1,1.0,0.0,0.0,0.2,0.4652302781862373,0.0,0.0,0.4652302781862373
NC1=CC(CN2CCCN(CCc3cccc[nH+]3)[C@@H]2O)=c2ccccc2=CN1,378.50000000000006,-0.6809999999999965,78.9,3,5,0.6425850720457701,0.75,1,0,1,0,C1=CC(CN2CCCN(CCc3cccc[nH+]3)C2)=c2ccccc2=CN1,['mdm2_activator'],['MDM2'],1,1.0,0.0,0.0,0.0,0.817775521613731,0.0,0.0,0.817775521613731
Cn1cnc(C2=C(N3CCCCCC3)C=Cc3ccccc3N2)c2[nH+]cnc1-2,373.484,3.4175000000000013,60.120000000000005,1,4,0.7477443552362871,1.0,1,0,1,0,C1=Cc2ccccc2NC(c2nc[nH]c3nc[nH+]c2-3)=C1N1CCCCCC1,['mdm2_activator'],['MDM2'],1,1.0,0.0,0.0,0.0,0.924323306570886,0.0,0.0,0.924323306570886
C[C@H](c1ccccn1)[C@H](Cc1ccccc1F)C(=O)N1CCc2ccccc2C1,388.48600000000016,4.768000000000004,33.2,0,2,0.6308918029991116,0.75,1,0,0,0,O=C(C(Cc1ccccc1)Cc1ccccn1)N1CCc2ccccc2C1,['mdm2_activator'],['MDM2'],1,1.0,0.0,0.0,0.0,0.8142675408997335,0.0,0.0,0.8142675408997335
O=C(O)c1cc(O)cc(-c2cccc3[nH+]cc(-c4nc5ccccc5[nH]4)cc23)c1,382.39900000000006,4.268000000000002,100.35,3,3,0.4337620486365984,0.75,1,0,1,0,c1ccc(-c2cccc3[nH+]cc(-c4nc5ccccc5[nH]4)cc23)cc1,['mdm2_activator'],['MDM2'],1,1.0,0.0,0.0,0.0,0.7551286145909795,0.0,0.0,0.7551286145909795
O=C(O)c1cc2c(Cc3cnc4cccccc3-4)cnn2cc1O,319.32000000000005,2.828700000000001,87.72,2,4,0.6060680605191056,1.0,1,0,0,0,c1ccc2ncc(Cc3cnn4ccccc34)c-2cc1,['mdm2_activator'],['MDM2'],1,1.0,0.0,0.0,0.0,0.8818204181557316,0.0,0.0,0.8818204181557316
c1ccc(-c2ccncc2Oc2ccccc2Cn2cncc2-c2ccccc2)cc1,403.48500000000007,6.452700000000005,39.94,0,3,0.32689832144224035,0.75,0,0,0,0,c1ccc(-c2ccncc2Oc2ccccc2Cn2cncc2-c2ccccc2)cc1,['mdm2_activator'],['MDM2'],1,1.0,0.0,0.0,0.0,0.5230694964326721,0.0,0.0,0.5230694964326721
O=C(O)c1ccc(Nc2ncc(-c3ccccc3)c3nc[nH]c(=O)c23)cc1,358.3570000000001,3.4269000000000007,107.97,3,5,0.5157560452469717,0.75,1,0,0,0,O=c1[nH]cnc2c(-c3ccccc3)cnc(Nc3ccccc3)c12,['mdm2_activator'],['MDM2'],1,1.0,0.0,0.0,0.0,0.7797268135740916,0.0,0.0,0.7797268135740916
c1ccc(C(Nc2ncccc2-c2ccc3ccccc3n2)c2ccccc2)cc1,387.4860000000001,6.498300000000006,37.81,1,3,0.37403316612329446,0.75,0,0,0,0,c1ccc(C(Nc2ncccc2-c2ccc3ccccc3n2)c2ccccc2)cc1,['mdm2_activator'],['MDM2'],1,1.0,0.0,0.0,0.0,0.5372099498369883,0.0,0.0,0.5372099498369883
Nc1nc2c([nH]1)C1CCN(CC1)CC(=O)N[C@H](c1ccccc1F)c1ccc-2cc1,405.47700000000003,3.196600000000002,87.03999999999999,3,4,0.5802962884117581,1.0,1,0,0,0,O=C1CN2CCC(CC2)c2[nH]cnc2-c2ccc(cc2)C(c2ccccc2)N1,['mdm2_activator'],['MDM2'],1,1.0,0.0,0.0,0.0,0.8740888865235275,0.0,0.0,0.8740888865235275
CCOc1ccc(-c2c(C)cncc2CCc2ccccc2N)c2nc(O)ccc12,399.4940000000001,5.076920000000004,81.26,2,5,0.44213079805698446,0.75,0,0,0,0,c1ccc(CCc2cnccc2-c2cccc3cccnc23)cc1,['mdm2_activator'],['MDM2'],1,1.0,0.0,0.0,0.0,0.5576392394170953,0.0,0.0,0.5576392394170953
Cc1cc(C)cc(Sc2nc(Nc3ccccn3)c3ccccc3n2)c1,358.4700000000001,5.536440000000004,50.7,1,5,0.4856681247933908,0.75,0,0,0,0,c1ccc(Sc2nc(Nc3ccccn3)c3ccccc3n2)cc1,['mdm2_activator'],['MDM2'],1,1.0,0.0,0.0,0.0,0.5707004374380171,0.0,0.0,0.5707004374380171
CN1CCCCC[C@]2(CCN(c3c[nH]nn3)C2)CNc2[nH]c3ccccc3c2C1,393.5390000000001,3.6004000000000014,75.87,3,5,0.5889271726953349,1.0,1,0,0,0,c1ccc2c3c([nH]c2c1)NCC1(CCCCCNC3)CCN(c2c[nH]nn2)C1,['mdm2_activator'],['MDM2'],1,1.0,0.0,0.0,0.0,0.8766781518086004,0.0,0.0,0.8766781518086004
Cc1nn2c(C)cc([C@@H]3CC[C@]4(C)C(=O)N(C)C[C@H]34)nc2c1CCC(=N)O,369.46900000000005,2.7859100000000003,94.58000000000001,2,4,0.6398876409624022,0.75,1,0,0,0,O=C1NCC2C1CCC2c1ccn2nccc2n1,['mdm2_activator'],['MDM2'],1,1.0,0.0,0.0,0.0,0.8169662922887206,0.0,0.0,0.8169662922887206
O=C(O)c1ccc(CNCc2ccccc2F)c([C@@H]2C=CNC2)c1,326.37100000000004,3.0142000000000007,61.36,3,3,0.7635626497179713,1.0,1,0,0,0,C1=CC(c2ccccc2CNCc2ccccc2)CN1,['mdm2_activator'],['MDM2'],1,1.0,0.0,0.0,0.0,0.9290687949153913,0.0,0.0,0.9290687949153913
Nc1ccc(-c2ccc3cc(C(=O)O)ccc3c2)c2cccnc12,314.34400000000005,4.335400000000002,76.21000000000001,2,3,0.5397333862128029,1.0,1,0,0,0,c1ccc2cc(-c3cccc4ncccc34)ccc2c1,['mdm2_activator'],['MDM2'],1,1.0,0.0,0.0,0.0,0.8619200158638409,0.0,0.0,0.8619200158638409
NC(=O)C1CCN(C2=C(F)c3cc(O)cnc3C=C(NCc3ccc(O)cc3)N2)CC1,425.4640000000002,1.9770999999999999,123.74000000000001,5,7,0.49622315878131523,0.5,1,0,0,0,C1=C(NCc2ccccc2)NC(N2CCCCC2)=Cc2cccnc21,['mdm2_activator'],['MDM2'],1,1.0,0.0,0.0,0.0,0.6988669476343946,0.0,0.0,0.6988669476343946
O=C1C(=O)[C@@H]2O[C@H]3[C@H](O)[C@H](O)[C@@H](O)[C@H](O)[C@H]3O[C@H]2c2ccc3cccc4c3c2C1=C4,410.37800000000016,-0.5034999999999985,133.52,4,8,0.4272735841320345,0.25,1,1,0,0,O=C1C(=O)C2OC3CCCCC3OC2c2ccc3cccc4c3c2C1=C4,['mdm2_activator'],['MDM2'],1,1.0,0.0,0.0,0.2,0.5631820752396104,0.0,0.0,0.5631820752396104
Nc1ccc2c(c1)nc1ccc(-c3ccccc3)c-1c[n+]2Cc1ccccc1,362.45600000000013,4.924600000000003,42.79,1,2,0.36541694586271006,0.75,1,0,1,0,c1ccc(C[n+]2cc3c(-c4ccccc4)ccc-3nc3ccccc32)cc1,['mdm2_activator'],['MDM2'],1,1.0,0.0,0.0,0.0,0.7346250837588131,0.0,0.0,0.7346250837588131
CCn1c2cc(Cl)c(OC)cc2c2c[n+]3c4c(cccc4c21)-c1ccccc1-3,385.8740000000001,5.886700000000004,18.04,0,1,0.3398944169026033,0.75,0,0,1,0,c1ccc2c(c1)-c1cccc3c4[nH]c5ccccc5c4c[n+]-2c13,['mdm2_activator'],['MDM2'],1,1.0,0.0,0.0,0.0,0.5269683250707811,0.0,0.0,0.5269683250707811
O=S1(=O)c2cccn2-c2ccccc2N1Cc1ccccc1-c1cccnc1,387.46400000000006,4.248200000000004,55.2,0,3,0.5280968755881195,1.0,1,0,0,0,O=S1(=O)c2cccn2-c2ccccc2N1Cc1ccccc1-c1cccnc1,['mdm2_activator'],['MDM2'],1,1.0,0.0,0.0,0.0,0.8584290626764357,0.0,0.0,0.8584290626764357
N#Cc1c2n(c3cnccc13)CCc1ccc(cc1)CNC(O)c1cccc(c1)N2,395.46600000000007,3.988380000000001,85.9,3,5,0.4191725522432475,1.0,1,0,0,0,c1cc2cc(c1)Nc1cc3ccncc3n1CCc1ccc(cc1)CNC2,['mdm2_activator'],['MDM2'],1,1.0,0.0,0.0,0.0,0.8257517656729743,0.0,0.0,0.8257517656729743
N=c1nc2[nH]c(n1)Nc1cccc(c1)Cc1cccc(c1)OCC=CN2,346.3940000000001,2.9365700000000006,98.71000000000001,4,6,0.5015721204138005,0.5,1,0,0,0,N=c1nc2[nH]c(n1)Nc1cccc(c1)Cc1cccc(c1)OCC=CN2,['mdm2_activator'],['MDM2'],1,1.0,0.0,0.0,0.0,0.7004716361241401,0.0,0.0,0.7004716361241401
O=C1[C@@H]2Oc3ccccc3[C@@H]2c2cc3ccccc3nc2N1c1cccnc1,365.39200000000005,4.201000000000003,55.32,0,4,0.5072437570236117,1.0,1,0,0,0,O=C1C2Oc3ccccc3C2c2cc3ccccc3nc2N1c1cccnc1,['mdm2_activator'],['MDM2'],1,1.0,0.0,0.0,0.0,0.8521731271070834,0.0,0.0,0.8521731271070834
CCN1C[C@H](c2ccccc2-c2c(-c3ccc(F)cc3)nn(C)c2C)c2ccccc2C1=O,439.53400000000016,5.809220000000006,38.13,0,2,0.40250601551579374,0.75,0,0,0,0,O=C1NCC(c2ccccc2-c2c[nH]nc2-c2ccccc2)c2ccccc21,['mdm2_activator'],['MDM2'],1,1.0,0.0,0.0,0.0,0.545751804654738,0.0,0.0,0.545751804654738
O=C(c1cc(-c2cccnn2)ccc1F)c1cc2cccc3c2c(c1O)C=N3,369.3550000000001,4.436500000000003,75.44,1,5,0.47728958530068655,1.0,1,0,0,0,O=C(c1cccc(-c2cccnn2)c1)c1cc2c3c(cccc3c1)N=C2,['mdm2_activator'],['MDM2'],1,1.0,0.0,0.0,0.0,0.8431868755902059,0.0,0.0,0.8431868755902059
CC(=O)N(Cc1ccc2c(c1)C[C@H](C)N2)C1=NC(Nc2ccccc2)=C(N)C(C)=CN1,416.5290000000001,3.4945000000000013,94.78,4,6,0.6120477573622742,0.5,1,0,0,0,C1=CNC(NCc2ccc3c(c2)CCN3)=NC(Nc2ccccc2)=C1,['mdm2_activator'],['MDM2'],1,1.0,0.0,0.0,0.0,0.7336143272086821,0.0,0.0,0.7336143272086821
CCN(C)C(O)C=Cc1ccccc1CN(Cc1ccccc1)c1ccccc1,386.53900000000004,5.176700000000005,26.71,1,3,0.5136255521104419,0.75,0,0,0,0,c1ccc(CN(Cc2ccccc2)c2ccccc2)cc1,['mdm2_activator'],['MDM2'],1,1.0,0.0,0.0,0.0,0.5790876656331325,0.0,0.0,0.5790876656331325
Cc1ncc2c(ncc3c2cc(C(O)NCCc2ccccc2)c2nccn23)n1,384.44300000000004,2.957320000000001,88.23,2,6,0.35778125358426344,1.0,1,0,0,0,c1ccc(CCNCc2cc3c4cncnc4ncc3n3ccnc23)cc1,['mdm2_activator'],['MDM2'],1,1.0,0.0,0.0,0.0,0.8073343760752789,0.0,0.0,0.8073343760752789
O=[N+](O)c1ccc(-c2nc3nc(N4CCCC4)ncc3[nH]2)c2ccccc12,361.385,3.5729000000000015,98.00999999999999,2,5,0.5414175630742666,0.75,1,0,1,0,c1ccc2c(-c3nc4nc(N5CCCC5)ncc4[nH]3)cccc2c1,['mdm2_activator'],['MDM2'],1,1.0,0.0,0.0,0.0,0.7874252689222798,0.0,0.0,0.7874252689222798
O=S1(=O)Nc2cc(F)cc(c2)CN2Cc3ccccc3[C@@H](CCc3cccc1c3)C2,422.5250000000002,4.672100000000004,49.410000000000004,1,3,0.5727013854256238,0.75,1,0,0,0,O=S1(=O)Nc2cccc(c2)CN2Cc3ccccc3C(CCc3cccc1c3)C2,['mdm2_activator'],['MDM2'],1,1.0,0.0,0.0,0.0,0.7968104156276872,0.0,0.0,0.7968104156276872
O=C(O)c1ccc(Cc2cccc(F)c2)c(-c2ccccn2)c1-c1ccccc1,383.4220000000001,5.843700000000005,50.19,1,2,0.47068407778217775,0.75,0,0,0,0,c1ccc(Cc2cccc(-c3ccccc3)c2-c2ccccn2)cc1,['mdm2_activator'],['MDM2'],1,1.0,0.0,0.0,0.0,0.5662052233346533,0.0,0.0,0.5662052233346533
CCN(C)c1ccccc1Cn1c2c(c3ccccc31)C=CC(C(O)O)=CC=C2,386.49500000000006,4.422800000000006,48.629999999999995,2,3,0.6382625964019262,1.0,1,0,0,0,C1=CC=Cc2c(c3ccccc3n2Cc2ccccc2)C=C1,['mdm2_activator'],['MDM2'],1,1.0,0.0,0.0,0.0,0.8914787789205778,0.0,0.0,0.8914787789205778
Oc1ccc(Nc2[nH+]cccc2C2=N[n+]3ccc(O)c4cccc2c43)cc1,356.3850000000001,2.7103,82.87,3,4,0.3433119076666753,1.0,1,0,1,0,c1ccc(Nc2[nH+]cccc2C2=N[n+]3cccc4cccc2c43)cc1,['mdm2_activator'],['MDM2'],1,1.0,0.0,0.0,0.0,0.8029935723000026,0.0,0.0,0.8029935723000026
Oc1ccc2c3c1OC=C(c1ccccc1)C=3NC=C(c1ccc[nH+]c1)N=2,354.38900000000007,1.9694,67.99000000000001,2,4,0.7393636328225952,1.0,1,0,1,0,C1=C(c2ccc[nH+]c2)N=c2cccc3c2=C(N1)C(c1ccccc1)=CO3,['mdm2_activator'],['MDM2'],1,1.0,0.0,0.0,0.0,0.9218090898467786,0.0,0.0,0.9218090898467786
Cc1c[n+]2c(c3c4ccn(N)cc-4[n+](C)c13)CCc1c(O)cc(O)cc1C2,362.43300000000005,1.4384199999999996,79.17,3,3,0.3271270862082183,0.75,1,1,1,0,c1ccc2c(c1)CCc1c3c4cc[nH]cc-4[nH+]c3cc[n+]1C2,['mdm2_activator'],['MDM2'],1,1.0,0.0,0.0,0.2,0.6831381258624655,0.0,0.0,0.6831381258624655
Cn1c(=O)n(Cc2cncn2-c2ccc(N)cc2)c(=O)c2ccncc21,348.3660000000001,0.9113999999999983,100.73,1,5,0.5547510992510316,0.5,1,1,0,0,O=c1[nH]c2cnccc2c(=O)n1Cc1cncn1-c1ccccc1,['mdm2_activator'],['MDM2'],1,1.0,0.0,0.0,0.2,0.6764253297753094,0.0,0.0,0.6764253297753094
Clc1cnc2[nH+]c3c(nc2c1)-n1[nH]cc1C[C@@H](C1=Cc2cccc4cccc1c24)CCN3,439.93000000000023,4.897800000000003,72.67,2,3,0.3899830671586722,0.75,1,0,1,0,C1=C(C2CCNc3[nH+]c4ncccc4nc3-n3[nH]cc3C2)c2cccc3cccc1c23,['mdm2_activator'],['MDM2'],1,1.0,0.0,0.0,0.0,0.7419949201476017,0.0,0.0,0.7419949201476017
Cn1c(NCc2cccnc2)c(CNc2ccnc3ccccc23)nnc1=O,373.4200000000001,2.3427,97.62,2,7,0.5352442738632912,0.75,1,0,0,0,O=c1nnc(CNc2ccnc3ccccc23)c(NCc2cccnc2)[nH]1,['mdm2_activator'],['MDM2'],1,1.0,0.0,0.0,0.0,0.7855732821589874,0.0,0.0,0.7855732821589874
COc1ccc2cccc3c(=O)n4nc(-c5cc(C(=O)O)ccc5O)cc4c1c23,386.3630000000001,3.5181000000000022,101.13000000000001,2,5,0.49201813529230737,0.75,1,0,0,0,O=c1c2cccc3cccc(c32)c2cc(-c3ccccc3)nn12,['mdm2_activator'],['MDM2'],1,1.0,0.0,0.0,0.0,0.7726054405876921,0.0,0.0,0.7726054405876921
Cc1nc2ccc3oc(=O)c4[nH]nnc4c3c2n1CCc1cc(O)[nH+]c2ccccc12,413.4170000000001,2.63802,123.97,2,6,0.42994936985456317,0.75,1,0,1,0,O=c1oc2ccc3ncn(CCc4cc[nH+]c5ccccc45)c3c2c2nn[nH]c12,['mdm2_activator'],['MDM2'],1,1.0,0.0,0.0,0.0,0.7539848109563689,0.0,0.0,0.7539848109563689
O[C@@H]1[C@@H]2CC(=Cc3cccnc3-n3cnnc3)[C@@]3(O)C[C@@H]2[C@@H]2C[C@H]3C[C@@]1(O)C2,380.4480000000002,1.3384999999999998,104.29,3,6,0.7263098250101021,0.5,1,0,0,0,C(=C1CC2CC3CC4CC(C3)C2CC14)c1cccnc1-n1cnnc1,['mdm2_activator'],['MDM2'],1,1.0,0.0,0.0,0.0,0.7678929475030305,0.0,0.0,0.7678929475030305
O=C(N[C@@H](C(=O)c1ccc(O)cc1)c1cnc2ccccc2c1)c1cccnc1,383.4070000000001,3.6894000000000027,92.18,2,5,0.5129440010861585,0.75,1,0,0,0,O=C(NC(C(=O)c1ccccc1)c1cnc2ccccc2c1)c1cccnc1,['mdm2_activator'],['MDM2'],1,1.0,0.0,0.0,0.0,0.7788832003258475,0.0,0.0,0.7788832003258475
C[N@@H+]1CCc2c(cccc2N=C(O)Nc2cccc3[nH]c(-c4ccccc4)nc23)C1,398.4900000000001,3.4583000000000013,77.74,4,2,0.3152957418998491,0.75,1,0,1,0,C(=Nc1cccc2c1CC[NH2+]C2)Nc1cccc2[nH]c(-c3ccccc3)nc12,['mdm2_activator'],['MDM2'],1,1.0,0.0,0.0,0.0,0.7195887225699547,0.0,0.0,0.7195887225699547
O=C1OCCN(Cc2cncnc2-c2ccc(F)cc2)[C@H]1c1ccccc1,363.39200000000005,3.3828000000000022,55.32,0,5,0.6653512619043878,1.0,1,0,0,0,O=C1OCCN(Cc2cncnc2-c2ccccc2)C1c1ccccc1,['mdm2_activator'],['MDM2'],1,1.0,0.0,0.0,0.0,0.8996053785713163,0.0,0.0,0.8996053785713163
Cn1cc2c3c4[nH]cc(cc-4cc31)C=CC1=Cc3nc[nH+]c4nc(nc1c34)NC(=O)C2,406.42900000000014,2.8255,102.63,2,4,0.41273862199630074,0.75,1,0,1,0,O=C1Cc2c[nH]c3cc4cc(c[nH]c-4c23)C=CC2=Cc3nc[nH+]c4nc(nc2c34)N1,['mdm2_activator'],['MDM2'],1,1.0,0.0,0.0,0.0,0.7488215865988901,0.0,0.0,0.7488215865988901
O=C(CCO)N(Cc1ccccc1)c1[nH+]c(-c2c[nH]c3cc(F)ccc23)cs1,396.4670000000001,3.765200000000002,70.47,2,3,0.5209015571654496,1.0,1,0,1,0,c1ccc(CNc2[nH+]c(-c3c[nH]c4ccccc34)cs2)cc1,['mdm2_activator'],['MDM2'],1,1.0,0.0,0.0,0.0,0.8562704671496348,0.0,0.0,0.8562704671496348
O=C1N=CN=C2C1=Nc1nc3ccccc3c(-c3nc4ccccc4s3)c12,367.3930000000001,3.9552000000000014,79.92999999999999,0,6,0.5107211408586675,1.0,1,0,0,0,O=C1N=CN=C2C1=Nc1nc3ccccc3c(-c3nc4ccccc4s3)c12,['mdm2_activator'],['MDM2'],1,1.0,0.0,0.0,0.0,0.8532163422576002,0.0,0.0,0.8532163422576002
Cc1cccc2nc([C@@H](CCC(=O)O)c3ccccc3)c(-c3cccnc3O)c-2c1,398.4620000000001,5.259120000000005,83.31,2,4,0.4628660608053853,0.75,0,0,0,0,c1ccc(Cc2nc3cccccc-3c2-c2cccnc2)cc1,['mdm2_activator'],['MDM2'],1,1.0,0.0,0.0,0.0,0.5638598182416156,0.0,0.0,0.5638598182416156
C1=C2c3ccccc3Cc3nccn3CCC(=N1)Nc1ccccc12,326.403,4.090800000000002,42.21,1,3,0.6759072031010263,1.0,1,0,0,0,C1=C2c3ccccc3Cc3nccn3CCC(=N1)Nc1ccccc12,['mdm2_activator'],['MDM2'],1,1.0,0.0,0.0,0.0,0.9027721609303079,0.0,0.0,0.9027721609303079
Cc1cnc(=O)n([C@@H]2O[C@H](c3ccccc3)[C@H](OP(=O)(O)O)[C@H]3O[C@H]32)c1,380.2930000000001,1.0671199999999996,123.41000000000003,2,6,0.5963469830585658,0.5,1,0,0,0,O=c1ncccn1C1OC(c2ccccc2)CC2OC21,['mdm2_activator'],['MDM2'],1,1.0,0.0,0.0,0.0,0.7289040949175698,0.0,0.0,0.7289040949175698
Cc1nc2ccccc2n1[C@@H](Cc1ccccc1)C(=O)N(C)CCc1ccccc1,397.52200000000016,4.829620000000004,38.13,0,2,0.44795924012179134,0.75,1,0,0,0,O=C(NCCc1ccccc1)C(Cc1ccccc1)n1cnc2ccccc21,['mdm2_activator'],['MDM2'],1,1.0,0.0,0.0,0.0,0.7593877720365374,0.0,0.0,0.7593877720365374
O=Cc1cc(-c2ccc(Oc3ccccc3)c3ccncc23)cnc1O,342.35400000000004,4.607200000000004,72.31,1,5,0.548473764837965,0.75,1,0,0,1,c1ccc(Oc2ccc(-c3cccnc3)c3cnccc23)cc1,['mdm2_activator'],['MDM2'],1,1.0,0.0,0.0,0.0,0.7895421294513894,0.0,0.0,0.7895421294513894
Cn1cc(CN2CCC[C@@H](c3ncccc3-c3ccccc3)C2)cn1,332.4510000000001,3.8617000000000026,33.95,0,3,0.7273356229791493,1.0,1,0,0,0,c1ccc(-c2cccnc2C2CCCN(Cc3cn[nH]c3)C2)cc1,['mdm2_activator'],['MDM2'],1,1.0,0.0,0.0,0.0,0.9182006868937447,0.0,0.0,0.9182006868937447
Cc1ccc(C=Cc2[nH+]c(N)nc3c2oc2ccc(CN)cc23)c2[nH]ccc12,370.4360000000001,3.796120000000001,108.0,3,4,0.4487604888986721,0.75,1,0,1,0,C(=Cc1[nH+]cnc2c1oc1ccccc12)c1cccc2cc[nH]c12,['mdm2_activator'],['MDM2'],1,1.0,0.0,0.0,0.0,0.7596281466696015,0.0,0.0,0.7596281466696015
CC(=O)NC1=NN2C(=Cc3ccccc3C(O)=C2OCc2cccc(F)c2F)N1,398.36900000000014,2.990000000000001,86.19000000000001,3,6,0.74020396920116,1.0,1,0,0,0,C1=NN2C(=Cc3ccccc3C=C2OCc2ccccc2)N1,['mdm2_activator'],['MDM2'],1,1.0,0.0,0.0,0.0,0.922061190760348,0.0,0.0,0.922061190760348
O=C(CCc1ccc2nc3ccccc3nc2c1)Nc1ccccc1,327.38700000000006,4.354300000000003,54.88,1,3,0.5668270491843326,1.0,1,0,0,0,O=C(CCc1ccc2nc3ccccc3nc2c1)Nc1ccccc1,['mdm2_activator'],['MDM2'],1,1.0,0.0,0.0,0.0,0.8700481147552996,0.0,0.0,0.8700481147552996
CC(=O)Nc1ccc2c(c1)NC(O)=C(O)C(N[C@@H]1C[C@H]3CCC[C@]1(C)CC3)=N2,384.4800000000003,4.334100000000003,105.98,5,6,0.5216630167330747,0.5,1,0,0,0,C1=CC(NC2CC3CCCC2CC3)=Nc2ccccc2N1,['mdm2_activator'],['MDM2'],1,1.0,0.0,0.0,0.0,0.7064989050199224,0.0,0.0,0.7064989050199224
O=C(NCc1cccc[nH+]1)[C@H](Cc1ccccc1)CN(Cc1ccccc1)Cc1cnc[nH]1,440.57100000000014,3.4013000000000018,75.16,2,3,0.37537038209721446,1.0,1,0,1,0,O=C(NCc1cccc[nH+]1)C(Cc1ccccc1)CN(Cc1ccccc1)Cc1cnc[nH]1,['mdm2_activator'],['MDM2'],1,1.0,0.0,0.0,0.0,0.8126111146291644,0.0,0.0,0.8126111146291644
COc1ccc(Cc2cn(-c3cccc[nH+]3)[nH+]c2NCc2c[nH]c3ccccc23)cc1,411.5090000000002,3.798300000000001,70.25999999999999,2,2,0.42768198314459605,1.0,1,0,1,0,c1ccc(Cc2cn(-c3cccc[nH+]3)[nH+]c2NCc2c[nH]c3ccccc23)cc1,['mdm2_activator'],['MDM2'],1,1.0,0.0,0.0,0.0,0.8283045949433787,0.0,0.0,0.8283045949433787
Cn1ncc2cc(N3C[C@@H](c4cc5ccccc5nc4O)CC3=O)ccc21,358.4010000000002,3.3476000000000017,71.25,1,4,0.5964768373586632,1.0,1,0,0,0,O=C1CC(c2cnc3ccccc3c2)CN1c1ccc2[nH]ncc2c1,['mdm2_activator'],['MDM2'],1,1.0,0.0,0.0,0.0,0.8789430512075989,0.0,0.0,0.8789430512075989
O=C(O)c1ccccc2c(-c3cccc(-c4ccc(F)cc4)n3)cnc1-2,344.345,4.752700000000003,63.08,1,3,0.5822856411255806,0.75,1,0,0,0,c1ccc(-c2cccc(-c3cnc4cccccc3-4)n2)cc1,['mdm2_activator'],['MDM2'],1,1.0,0.0,0.0,0.0,0.7996856923376741,0.0,0.0,0.7996856923376741
Cc1ccc2ccc3ccc4c(c3c2c1)-c1cccc2nccc-4c12,317.391,6.497020000000004,12.89,0,1,0.29145254588605596,0.75,0,0,0,0,c1ccc2c(c1)ccc1ccc3c(c12)-c1cccc2nccc-3c12,['mdm2_activator'],['MDM2'],1,1.0,0.0,0.0,0.0,0.5124357637658168,0.0,0.0,0.5124357637658168
COc1cc(-c2cnc3ccccc3c2)c(Cc2ccc(F)cc2)c(O)c1O,375.39900000000006,5.051500000000004,62.58,2,4,0.490034389941938,0.75,0,1,0,0,c1ccc(Cc2ccccc2-c2cnc3ccccc3c2)cc1,['mdm2_activator'],['MDM2'],1,1.0,0.0,0.0,0.2,0.5320103169825814,0.0,0.0,0.5320103169825814
CC(=O)Nc1cccc(O[C@@H](C)C(=O)N[C@@H](C(N)=O)c2ccccn2)c1,356.38200000000006,1.1500999999999997,123.40999999999998,3,5,0.6865042031315676,0.5,1,0,0,0,O=C(COc1ccccc1)NCc1ccccn1,['mdm2_activator'],['MDM2'],1,1.0,0.0,0.0,0.0,0.7559512609394703,0.0,0.0,0.7559512609394703
O=C(O)C1=CNC(c2ccccc2)=C(N2C=CC=C(F)C=C2)c2cnccc21,373.3870000000001,4.132500000000003,65.46000000000001,2,4,0.8468480540105944,1.0,1,0,0,0,C1=CC=CN(C2=C(c3ccccc3)NC=Cc3ccncc32)C=C1,['mdm2_activator'],['MDM2'],1,1.0,0.0,0.0,0.0,0.9540544162031783,0.0,0.0,0.9540544162031783
O=c1oc2ccccc2c2c(NCc3[nH+]c4ccccc4o3)c3cc[nH]cc-3c12,382.3990000000001,4.551500000000002,85.31,2,4,0.43977681389553747,0.75,1,0,1,0,O=c1oc2ccccc2c2c(NCc3[nH+]c4ccccc4o3)c3cc[nH]cc-3c12,['mdm2_activator'],['MDM2'],1,1.0,0.0,0.0,0.0,0.7569330441686613,0.0,0.0,0.7569330441686613
Fc1ccc(Cn2nn[nH+]c2-c2c[nH+]n(Cc3c[nH]c4ccccc34)c2)cc1,375.4110000000001,2.091799999999999,79.71000000000001,1,2,0.510460711635028,1.0,1,0,1,0,c1ccc(Cn2nn[nH+]c2-c2c[nH+]n(Cc3c[nH]c4ccccc34)c2)cc1,['mdm2_activator'],['MDM2'],1,1.0,0.0,0.0,0.0,0.8531382134905083,0.0,0.0,0.8531382134905083
NC(=O)c1ccc2c(-c3nc(F)ccc3N3CCOCC3)ncnc2c1,353.3570000000001,1.7664,94.23,1,6,0.7213354581193473,0.75,1,0,0,0,c1cnc(-c2ncnc3ccccc23)c(N2CCOCC2)c1,['mdm2_activator'],['MDM2'],1,1.0,0.0,0.0,0.0,0.8414006374358041,0.0,0.0,0.8414006374358041
O=C1N=Cc2ccc(cc2)NCCCc2nc3ncnc(c3[nH]2)-c2cccc1c2,382.4270000000001,3.6373000000000015,95.92000000000002,2,5,0.4840399113141918,0.75,1,0,0,0,O=C1N=Cc2ccc(cc2)NCCCc2nc3ncnc(c3[nH]2)-c2cccc1c2,['mdm2_activator'],['MDM2'],1,1.0,0.0,0.0,0.0,0.7702119733942574,0.0,0.0,0.7702119733942574
Nc1nc(Nc2ccccc2Oc2ccccc2)nn1-c1ccccn1,344.37800000000004,3.780400000000001,90.88000000000001,2,6,0.5724064479027127,0.75,1,0,0,0,c1ccc(Oc2ccccc2Nc2ncn(-c3ccccn3)n2)cc1,['mdm2_activator'],['MDM2'],1,1.0,0.0,0.0,0.0,0.7967219343708138,0.0,0.0,0.7967219343708138
CC1=C(O)C(O)=C2c3ccccc3Nc3cccc(c32)N1c1ccc(=O)[nH]c1,371.39600000000013,4.690500000000003,88.59,4,5,0.38978833043873273,0.5,1,0,0,0,O=c1ccc(N2C=CC=C3c4ccccc4Nc4cccc2c43)c[nH]1,['mdm2_activator'],['MDM2'],1,1.0,0.0,0.0,0.0,0.6669364991316198,0.0,0.0,0.6669364991316198
FC(F)(F)Oc1cccc(-c2coc(-c3cn[nH]c3-c3ccccc3)[nH+]2)c1,372.3260000000001,4.716400000000004,65.19,1,3,0.5638948411344102,0.75,1,0,1,0,c1ccc(-c2coc(-c3cn[nH]c3-c3ccccc3)[nH+]2)cc1,['mdm2_activator'],['MDM2'],1,1.0,0.0,0.0,0.0,0.794168452340323,0.0,0.0,0.794168452340323
CCOC(=O)c1cc(C(=O)O)c2cccc(-c3ccc4ccccc4c3)c2c1,370.4040000000001,5.534900000000004,63.60000000000001,1,3,0.4794808081674476,0.75,0,0,0,0,c1ccc2cc(-c3cccc4ccccc34)ccc2c1,['mdm2_activator'],['MDM2'],1,1.0,0.0,0.0,0.0,0.5688442424502342,0.0,0.0,0.5688442424502342
Nc1ncnc(-c2cccc(CN3C(=O)C(=O)N[C@H](Cc4ccccc4)C3=O)c2)n1,402.4140000000001,0.717099999999999,131.17000000000002,2,7,0.47468589756036556,0.5,1,0,0,0,O=C1NC(Cc2ccccc2)C(=O)N(Cc2cccc(-c3ncncn3)c2)C1=O,['mdm2_activator'],['MDM2'],1,1.0,0.0,0.0,0.0,0.6924057692681097,0.0,0.0,0.6924057692681097
CN1CCC[C@H](Nc2ccc(-c3cc(-c4ccccc4)[nH+]n3C)c3nc[nH]c(=O)c23)C1,415.52100000000013,2.9158,80.09,2,4,0.5371311307010946,1.0,1,0,1,0,O=c1[nH]cnc2c(-c3cc(-c4ccccc4)[nH+][nH]3)ccc(NC3CCCNC3)c12,['mdm2_activator'],['MDM2'],1,1.0,0.0,0.0,0.0,0.8611393392103284,0.0,0.0,0.8611393392103284
CN1CCN(C[C@@H](c2cccc(F)c2)n2cnnc2-c2cccnc2)C1=O,366.4000000000001,2.436000000000001,67.15,0,4,0.6955948862835556,1.0,1,0,0,0,O=C1NCCN1CC(c1ccccc1)n1cnnc1-c1cccnc1,['mdm2_activator'],['MDM2'],1,1.0,0.0,0.0,0.0,0.9086784658850666,0.0,0.0,0.9086784658850666
Cn1c(N)nc2c(ncn2[C@@]2(C)O[C@@H](COP(=O)(O)O)[C@H](OP(=O)(O)O)[C@@H]2O)c1=O,471.2560000000001,-2.2681999999999998,241.70999999999995,6,10,0.24352297429456995,0.0,0,0,0,0,O=c1[nH]cnc2c1ncn2C1CCCO1,['mdm2_activator'],['MDM2'],1,1.0,0.0,0.0,0.0,0.273056892288371,0.0,0.0,0.273056892288371
O=c1cccc2cc3oc4ccccc4c4c5ccccc5oc(c12)c34,336.3460000000001,5.998800000000003,43.35,0,3,0.2523261933496544,0.75,0,0,0,0,O=c1cccc2cc3oc4ccccc4c4c5ccccc5oc(c12)c34,['mdm2_activator'],['MDM2'],1,1.0,0.0,0.0,0.0,0.5006978580048963,0.0,0.0,0.5006978580048963
COc1ccc([C@H]2C[C@@H](c3ncnc4[nH]cnc34)[C@H]([C@@H](O)COP(=O)(O)O)O2)cc1,436.36100000000016,1.4454999999999993,159.90999999999997,4,8,0.3991286198269545,0.25,1,0,0,0,c1ccc(C2CC(c3ncnc4[nH]cnc34)CO2)cc1,['mdm2_activator'],['MDM2'],1,1.0,0.0,0.0,0.0,0.5947385859480864,0.0,0.0,0.5947385859480864
Oc1ccc(-c2ccn3c(-c4ccccc4)nc4ccccc4c23)cc1,336.39400000000006,5.527100000000004,37.53,1,2,0.4602627416008296,0.75,0,0,0,0,c1ccc(-c2ccn3c(-c4ccccc4)nc4ccccc4c23)cc1,['mdm2_activator'],['MDM2'],1,1.0,0.0,0.0,0.0,0.5630788224802488,0.0,0.0,0.5630788224802488
Cc1ccc2c3c(cccc13)N=C(O)c1ccccc1-c1cncc(n1)CN2,366.4240000000001,5.167020000000004,70.4,2,4,0.45049646268658217,0.75,0,0,0,0,C1=Nc2cccc3cccc(c23)NCc2cncc(n2)-c2ccccc21,['mdm2_activator'],['MDM2'],1,1.0,0.0,0.0,0.0,0.5601489388059746,0.0,0.0,0.5601489388059746
CCN1CCCn2ccc3c(N)cc(nc32)-n2c(nc3ccccc32)CC1,360.46500000000015,3.225500000000002,64.9,1,4,0.5659767618721939,1.0,1,0,0,0,c1ccc2c(c1)nc1n2-c2ccc3ccn(c3n2)CCCNCC1,['mdm2_activator'],['MDM2'],1,1.0,0.0,0.0,0.0,0.8697930285616582,0.0,0.0,0.8697930285616582
NS(=O)(=O)c1cccc(-c2n[nH]cc2Cc2cc[nH+]c3ncccc23)c1,366.42600000000004,1.6771999999999998,115.87,2,4,0.5713645527045059,0.75,1,0,1,0,c1ccc(-c2n[nH]cc2Cc2cc[nH+]c3ncccc23)cc1,['mdm2_activator'],['MDM2'],1,1.0,0.0,0.0,0.0,0.7964093658113518,0.0,0.0,0.7964093658113518
CN(C)C(=O)c1ccc(-c2ccc(O)c(-c3ccc(S(N)(=O)=O)cc3)c2)cc1,396.4680000000001,3.075400000000001,100.69999999999999,2,4,0.7075955362535294,0.75,1,0,0,0,c1ccc(-c2cccc(-c3ccccc3)c2)cc1,['mdm2_activator'],['MDM2'],1,1.0,0.0,0.0,0.0,0.8372786608760587,0.0,0.0,0.8372786608760587
Cc1nc(-c2cc(C=C(O)N=C3N=c4ccccc4=[S+]3)c3ccccc3n2)no1,400.4430000000001,3.4725100000000015,96.76,1,6,0.32263038094676605,0.75,1,0,1,0,C(=Cc1cc(-c2ncon2)nc2ccccc12)N=C1N=c2ccccc2=[S+]1,['mdm2_activator'],['MDM2'],1,1.0,0.0,0.0,0.0,0.7217891142840298,0.0,0.0,0.7217891142840298
CCN(CCc1cc(-c2ccccc2)nc2ccccc12)Cc1ccccc1,366.50800000000015,5.966400000000006,16.130000000000003,0,2,0.40067272925443975,0.75,0,0,0,0,c1ccc(CNCCc2cc(-c3ccccc3)nc3ccccc23)cc1,['mdm2_activator'],['MDM2'],1,1.0,0.0,0.0,0.0,0.5452018187763319,0.0,0.0,0.5452018187763319
O=[SH](O)(O)c1ccccc1Cc1nc(-c2cc[nH+]cc2O)[n+]2cccccc1-2,397.456,1.8952,108.67,4,3,0.31066859436952776,0.5,1,0,1,0,c1ccc(Cc2nc(-c3cc[nH+]cc3)[n+]3cccccc2-3)cc1,['mdm2_activator'],['MDM2'],1,1.0,0.0,0.0,0.0,0.6432005783108583,0.0,0.0,0.6432005783108583
CC(C)N(c1ccccc1)c1cc2[nH+]cccc2c2c1c(=O)[nH]c1ccccc12,380.4710000000001,5.195100000000004,50.24,1,2,0.4377137651915365,0.75,0,0,1,0,O=c1[nH]c2ccccc2c2c1c(Nc1ccccc1)cc1[nH+]cccc12,['mdm2_activator'],['MDM2'],1,1.0,0.0,0.0,0.0,0.556314129557461,0.0,0.0,0.556314129557461
C1=NC2=C3C(=CNc4ccccc43)CCCN(c3cc[nH+]cc3)C2=[NH+]1,329.4069999999999,1.3425999999999993,55.74,2,3,0.829576730601105,0.75,1,1,1,0,C1=NC2=C3C(=CNc4ccccc43)CCCN(c3cc[nH+]cc3)C2=[NH+]1,['mdm2_activator'],['MDM2'],1,1.0,0.0,0.0,0.2,0.8338730191803315,0.0,0.0,0.8338730191803315
COC(=O)C1=Cc2cccc(c2)OCC(=O)Nc2cccc(O)c2C=[N+]=C1,365.36500000000007,1.5365999999999995,98.96000000000001,2,5,0.5899229611332198,0.75,1,0,1,0,O=C1COc2cccc(c2)C=CC=[N+]=Cc2ccccc2N1,['mdm2_activator'],['MDM2'],1,1.0,0.0,0.0,0.0,0.8019768883399658,0.0,0.0,0.8019768883399658
O=C1CCC2=C1Nc1ccccc1C=C2NC(c1ccccc1)c1ccccc1,378.4750000000001,5.449200000000004,41.13,2,3,0.6342777948794058,0.75,0,0,0,0,O=C1CCC2=C1Nc1ccccc1C=C2NC(c1ccccc1)c1ccccc1,['mdm2_activator'],['MDM2'],1,1.0,0.0,0.0,0.0,0.6152833384638217,0.0,0.0,0.6152833384638217
Cc1cccc(CC2CCN(CC=C(O)N3CCOCC3)CC2)c1,330.47200000000015,2.9811200000000015,35.94,1,4,0.8421762445039672,1.0,1,0,0,0,C(=CN1CCOCC1)CN1CCC(Cc2ccccc2)CC1,['mdm2_activator'],['MDM2'],1,1.0,0.0,0.0,0.0,0.9526528733511901,0.0,0.0,0.9526528733511901
NC[C@@H](c1ccccc1-c1nc[nH+]c2ccccc12)c1cccc2c(C(=O)O)c[nH]c12,409.46900000000016,3.9860000000000024,106.14000000000001,3,3,0.40802863447410587,0.75,1,0,1,0,c1ccc(-c2nc[nH+]c3ccccc23)c(Cc2cccc3cc[nH]c23)c1,['mdm2_activator'],['MDM2'],1,1.0,0.0,0.0,0.0,0.7474085903422316,0.0,0.0,0.7474085903422316
CN(c1ccccc1)c1cc(-c2ccccc2Oc2cccc3ccccc23)nc(N)n1,418.5000000000001,6.439200000000004,64.27,1,5,0.355781439161115,0.75,0,0,0,0,c1ccc(Nc2cc(-c3ccccc3Oc3cccc4ccccc34)ncn2)cc1,['mdm2_activator'],['MDM2'],1,1.0,0.0,0.0,0.0,0.5317344317483346,0.0,0.0,0.5317344317483346
C[C@@H](CN(C)c1ccc(CC(=O)O)cc1)Oc1cn2ncnc2c2nnnn12,382.384,0.6977999999999998,123.04,1,8,0.4916998551454729,0.5,1,1,0,0,c1ccc(NCCOc2cn3ncnc3c3nnnn23)cc1,['mdm2_activator'],['MDM2'],1,1.0,0.0,0.0,0.2,0.657509956543642,0.0,0.0,0.657509956543642
O=C(Cc1cccnc1)N1CCCn2cnc3nccc(c32)Cc2cccc(c2)C1,397.48200000000014,3.392100000000002,63.910000000000004,0,4,0.5201159252387935,1.0,1,0,0,0,O=C(Cc1cccnc1)N1CCCn2cnc3nccc(c32)Cc2cccc(c2)C1,['mdm2_activator'],['MDM2'],1,1.0,0.0,0.0,0.0,0.8560347775716379,0.0,0.0,0.8560347775716379
C[C@@H](CCc1ccnc2ccccc12)n1c(=O)cc(O)c2nc3ncccc3nc21,397.4380000000001,3.787300000000002,93.79,1,6,0.4638869446188345,0.75,1,0,0,0,O=c1ccc2nc3ncccc3nc2n1CCCc1ccnc2ccccc12,['mdm2_activator'],['MDM2'],1,1.0,0.0,0.0,0.0,0.7641660833856503,0.0,0.0,0.7641660833856503
O=C(OCc1ccnc2ccccc12)c1ccc(-c2ccnc(O)c2)cn1,357.369,3.754400000000003,85.2,1,6,0.5599390184763866,1.0,1,0,0,0,O=C(OCc1ccnc2ccccc12)c1ccc(-c2ccncc2)cn1,['mdm2_activator'],['MDM2'],1,1.0,0.0,0.0,0.0,0.867981705542916,0.0,0.0,0.867981705542916
O=C(NCCc1ccccc1)c1cc2cccnc2c2cnccc12,327.38700000000006,3.7555000000000023,54.88,1,3,0.5807700578069338,1.0,1,0,0,0,O=C(NCCc1ccccc1)c1cc2cccnc2c2cnccc12,['mdm2_activator'],['MDM2'],1,1.0,0.0,0.0,0.0,0.8742310173420802,0.0,0.0,0.8742310173420802
NCCCNC(=O)c1cc2c(F)c(C=Cc3ccccc3)ccc2c2ccccc12,398.48100000000005,5.3811000000000035,55.12,2,2,0.2602067146927615,0.75,0,0,0,0,C(=Cc1ccc2c(ccc3ccccc32)c1)c1ccccc1,['mdm2_activator'],['MDM2'],1,1.0,0.0,0.0,0.0,0.5030620144078284,0.0,0.0,0.5030620144078284
Cc1cc([C@H]2c3ccccc3-c3ccccc3CN2C2CCNCC2)no1,359.4730000000002,4.307020000000003,41.3,1,4,0.7403428841104582,1.0,1,0,0,0,c1ccc2c(c1)CN(C1CCNCC1)C(c1ccon1)c1ccccc1-2,['mdm2_activator'],['MDM2'],1,1.0,0.0,0.0,0.0,0.9221028652331373,0.0,0.0,0.9221028652331373
O=c1c2ccc3ccccc3c2ncn1Cc1cccc2ccccc12,336.39400000000006,4.751200000000003,34.89,0,2,0.43601793185650217,0.75,1,0,0,0,O=c1c2ccc3ccccc3c2ncn1Cc1cccc2ccccc12,['mdm2_activator'],['MDM2'],1,1.0,0.0,0.0,0.0,0.7558053795569506,0.0,0.0,0.7558053795569506
O=S(=O)(O)c1cccc(Nc2cc([C@H](c3ccccc3)c3cccnn3)ccn2)c1,418.47800000000007,4.042100000000002,105.07000000000001,2,6,0.4552951924783279,0.75,1,0,0,0,c1ccc(Nc2cc(C(c3ccccc3)c3cccnn3)ccn2)cc1,['mdm2_activator'],['MDM2'],1,1.0,0.0,0.0,0.0,0.7615885577434984,0.0,0.0,0.7615885577434984
Cn1nc2ccccc2c(C:Cc2cnccc2-c2cccnc2)c1=O,340.386,3.1954800000000017,60.67,0,4,0.5723165759420732,1.0,1,0,0,0,O=c1[nH]nc2ccccc2c1C:Cc1cnccc1-c1cccnc1,['mdm2_activator'],['MDM2'],1,1.0,0.0,0.0,0.0,0.871694972782622,0.0,0.0,0.871694972782622
c1c[nH+]cc(-c2cccc(CCn3cccc4n5cccc5[nH]c5cccc3c5-4)c2)c1,403.50900000000007,5.612900000000004,39.269999999999996,1,0,0.3972371338379394,0.75,0,0,1,0,c1c[nH+]cc(-c2cccc(CCn3cccc4n5cccc5[nH]c5cccc3c5-4)c2)c1,['mdm2_activator'],['MDM2'],1,1.0,0.0,0.0,0.0,0.5441711401513818,0.0,0.0,0.5441711401513818
O=C(NCCn1c(=O)[nH]c2ccccc2c1=O)c1cc(-c2ccccc2)n[nH]1,375.3880000000001,1.509899999999999,112.64000000000001,3,4,0.49065827604941653,0.75,1,0,0,0,O=C(NCCn1c(=O)[nH]c2ccccc2c1=O)c1cc(-c2ccccc2)n[nH]1,['mdm2_activator'],['MDM2'],1,1.0,0.0,0.0,0.0,0.7721974828148248,0.0,0.0,0.7721974828148248
Nc1cncc2c1NC=CC(N1CCN(Cc3cc[nH+]c4ccccc34)CC1)=C2,385.4950000000001,2.729000000000001,71.56,2,5,0.7254061890912157,1.0,1,0,1,0,C1=CC(N2CCN(Cc3cc[nH+]c4ccccc34)CC2)=Cc2cnccc2N1,['mdm2_activator'],['MDM2'],1,1.0,0.0,0.0,0.0,0.9176218567273646,0.0,0.0,0.9176218567273646
O=C(c1cc(C(O)Oc2cccc3ccc(=O)oc23)ccn1)N1CCCCC1,380.40000000000026,2.8840000000000012,92.87,1,6,0.55261887526822,0.75,1,0,0,0,O=C(c1cc(COc2cccc3ccc(=O)oc23)ccn1)N1CCCCC1,['mdm2_activator'],['MDM2'],1,1.0,0.0,0.0,0.0,0.7907856625804659,0.0,0.0,0.7907856625804659
Nc1ncc2nc(-c3ccccc3)cnc2c1NCCNc1cccc2ccccc12,406.49300000000017,4.951200000000003,88.75,3,6,0.34580667812138854,0.75,1,0,0,0,c1ccc(-c2cnc3c(NCCNc4cccc5ccccc45)cncc3n2)cc1,['mdm2_activator'],['MDM2'],1,1.0,0.0,0.0,0.0,0.7287420034364165,0.0,0.0,0.7287420034364165
O=C1N=C2C=CNc3ccc(nc32)CN2CCC[C@H](C2)c2cc(ccn2)N1,360.421,3.1300000000000017,82.51,2,5,0.7541871268510072,1.0,1,0,0,0,O=C1N=C2C=CNc3ccc(nc32)CN2CCCC(C2)c2cc(ccn2)N1,['mdm2_activator'],['MDM2'],1,1.0,0.0,0.0,0.0,0.926256138055302,0.0,0.0,0.926256138055302
C1=C2Cn3cnnc3CCCCOc3cccc(c3)CNC2=CC=C(c2ccccc2)N1,425.53600000000006,4.195100000000003,64.0,2,5,0.6119950173807063,1.0,1,0,0,0,C1=C2Cn3cnnc3CCCCOc3cccc(c3)CNC2=CC=C(c2ccccc2)N1,['mdm2_activator'],['MDM2'],1,1.0,0.0,0.0,0.0,0.8835985052142119,0.0,0.0,0.8835985052142119
c1ccc(-c2ncc3ncnc4c3c2N=C4CCCCc2ccccn2)cc1,365.44000000000005,4.934000000000005,63.92,0,5,0.4543306510663844,0.75,1,0,0,0,c1ccc(-c2ncc3ncnc4c3c2N=C4CCCCc2ccccn2)cc1,['mdm2_activator'],['MDM2'],1,1.0,0.0,0.0,0.0,0.7612991953199153,0.0,0.0,0.7612991953199153
O=C(c1ccccc1)[C@@H](Cc1cccc2cnccc12)c1ccccc1O,353.42100000000005,5.149600000000004,50.19,1,3,0.5048811410137265,0.75,0,0,0,0,O=C(c1ccccc1)C(Cc1cccc2cnccc12)c1ccccc1,['mdm2_activator'],['MDM2'],1,1.0,0.0,0.0,0.0,0.576464342304118,0.0,0.0,0.576464342304118
CC(C)(C)c1ccccc2nc(N[C@@H](c3ccc4nncn4c3)c3ccccn3)nc1-2,409.49700000000007,4.518100000000003,80.89,1,6,0.47007390610111655,0.75,1,0,0,0,c1ccc2nc(NC(c3ccc4nncn4c3)c3ccccn3)nc-2cc1,['mdm2_activator'],['MDM2'],1,1.0,0.0,0.0,0.0,0.7660221718303348,0.0,0.0,0.7660221718303348
CNc1ncnc2ncnc(N[C@H](c3ccccc3)c3ccco3)c12,332.3670000000001,3.256000000000002,88.76,2,7,0.5796292966973018,1.0,1,0,0,0,c1ccc(C(Nc2ncnc3ncncc23)c2ccco2)cc1,['mdm2_activator'],['MDM2'],1,1.0,0.0,0.0,0.0,0.8738887890091904,0.0,0.0,0.8738887890091904
C1=C(c2ccc3ncccc3c2)c2c(-c3ccncc3)cnc3cccc(c23)O1,373.41500000000013,5.626600000000003,47.900000000000006,0,4,0.40248817052186153,0.75,0,0,0,0,C1=C(c2ccc3ncccc3c2)c2c(-c3ccncc3)cnc3cccc(c23)O1,['mdm2_activator'],['MDM2'],1,1.0,0.0,0.0,0.0,0.5457464511565584,0.0,0.0,0.5457464511565584
Cc1[nH+]n(Cc2ccc(O)cc2)c2ccc(-c3c[nH]c4ccccc34)cc12,354.4330000000001,4.666020000000002,55.089999999999996,2,1,0.48610567477194716,0.75,1,0,1,0,c1ccc(Cn2[nH+]cc3cc(-c4c[nH]c5ccccc45)ccc32)cc1,['mdm2_activator'],['MDM2'],1,1.0,0.0,0.0,0.0,0.770831702431584,0.0,0.0,0.770831702431584
Cc1nc(-c2ccccc2)c2cc([C@@H](CC(=O)O)c3ncno3)ccc2n1,360.373,3.5948200000000012,102.0,1,6,0.5799479907784619,0.75,1,0,0,0,c1ccc(-c2ncnc3ccc(Cc4ncno4)cc23)cc1,['mdm2_activator'],['MDM2'],1,1.0,0.0,0.0,0.0,0.7989843972335384,0.0,0.0,0.7989843972335384
COc1ccc2c(c1)-n1cnc3ncnc(c31)NCc1cccnc1N2,345.36600000000004,2.8882000000000003,89.78,2,7,0.5480692765281243,1.0,1,0,0,0,c1cnc2c(c1)CNc1ncnc3ncn(c13)-c1ccccc1N2,['mdm2_activator'],['MDM2'],1,1.0,0.0,0.0,0.0,0.8644207829584372,0.0,0.0,0.8644207829584372
Cc1cccc2c1-c1ccc(cc1)N1CC[C@@H](CCc3cccnc3C=NC2)C1,381.5230000000001,5.448620000000005,28.490000000000002,0,3,0.5180276386271648,0.75,0,0,0,0,C1=NCc2ccccc2-c2ccc(cc2)N2CCC(CCc3cccnc31)C2,['mdm2_activator'],['MDM2'],1,1.0,0.0,0.0,0.0,0.5804082915881494,0.0,0.0,0.5804082915881494
Oc1ccc(C=C[n+]2c3ccc(O)cc3cc3c4ccccc4c(O)cc32)cc1,380.4230000000001,5.178400000000004,64.57000000000001,3,3,0.22463080679671724,0.75,0,0,1,0,C(=C[n+]1c2ccccc2cc2c3ccccc3ccc21)c1ccccc1,['mdm2_activator'],['MDM2'],1,1.0,0.0,0.0,0.0,0.4923892420390152,0.0,0.0,0.4923892420390152
O=C(O)c1ccc(CCCNC2=C3C=CC=CC=C3NC(c3ccc(F)cc3)=C2)[nH+]c1,416.47600000000006,3.768500000000002,75.5,3,3,0.6009346031200429,1.0,1,0,1,0,C1=CC=C2NC(c3ccccc3)=CC(NCCCc3cccc[nH+]3)=C2C=C1,['mdm2_activator'],['MDM2'],1,1.0,0.0,0.0,0.0,0.8802803809360129,0.0,0.0,0.8802803809360129
O=C(O)COc1cc(-c2nc(Nc3ccccn3)c3c4c(ncn24)C=CC=C3)ccc1O,427.42000000000013,3.743900000000003,121.87,3,7,0.42537479920061944,0.75,1,0,0,0,C1=Cc2ncn3c(-c4ccccc4)nc(Nc4ccccn4)c(c23)C=C1,['mdm2_activator'],['MDM2'],1,1.0,0.0,0.0,0.0,0.7526124397601859,0.0,0.0,0.7526124397601859
O=C(O)C1=Cc2c(ccnc2N2CCCN3CCC[C@H]3[C@@H]2c2ccccc2)NC=C1,402.498,3.904600000000003,68.7,2,5,0.8115175073207492,1.0,1,0,0,0,C1=CNc2ccnc(N3CCCN4CCCC4C3c3ccccc3)c2C=C1,['mdm2_activator'],['MDM2'],1,1.0,0.0,0.0,0.0,0.9434552521962247,0.0,0.0,0.9434552521962247
C=C(Cc1cnc2ccccc2c1)NS(=O)(=O)c1ccc2ncccc2c1,375.4530000000001,3.817700000000002,71.95,1,4,0.5755770813581509,1.0,1,0,0,0,C=C(Cc1cnc2ccccc2c1)NS(=O)(=O)c1ccc2ncccc2c1,['mdm2_activator'],['MDM2'],1,1.0,0.0,0.0,0.0,0.8726731244074453,0.0,0.0,0.8726731244074453
Nc1ccc(-c2c3cnc4[nH+]cccc4c3c3cccc4c3[n+]2C=N4)cc1,349.3970000000001,3.413500000000001,69.28999999999999,1,3,0.2806948432809735,1.0,1,0,1,0,C1=Nc2cccc3c4c(cnc5[nH+]cccc54)c(-c4ccccc4)[n+]1c23,['mdm2_activator'],['MDM2'],1,1.0,0.0,0.0,0.0,0.7842084529842921,0.0,0.0,0.7842084529842921
O=c1cc(-c2ccccc2)c2cccc([C@@H](c3ccccc3)c3ccc(F)cc3)c2[nH]1,405.4720000000001,6.514400000000005,32.86,1,1,0.33955036779931924,0.75,0,0,0,0,O=c1cc(-c2ccccc2)c2cccc(C(c3ccccc3)c3ccccc3)c2[nH]1,['mdm2_activator'],['MDM2'],1,1.0,0.0,0.0,0.0,0.5268651103397958,0.0,0.0,0.5268651103397958
CC(C)OC(=O)c1ccc2c(c1)=C(c1ccc(O)c(O)c1)Nc1ccccc1N=2,388.42300000000006,3.1963000000000017,91.15,3,6,0.4734857073423457,0.75,1,1,0,0,c1ccc(C2=c3ccccc3=Nc3ccccc3N2)cc1,['mdm2_activator'],['MDM2'],1,1.0,0.0,0.0,0.2,0.7270457122027038,0.0,0.0,0.7270457122027038
O=S(=O)(c1cc2c(c3c1-c1ccccc1NC=3)=CC=C(O)O2)N1CCCCCC1,410.49500000000035,2.6541000000000015,78.87,2,5,0.7958998429951952,1.0,1,0,0,0,O=S(=O)(c1cc2c(c3c1-c1ccccc1NC=3)=CC=CO2)N1CCCCCC1,['mdm2_activator'],['MDM2'],1,1.0,0.0,0.0,0.0,0.9387699528985585,0.0,0.0,0.9387699528985585
O=C(O)C1=COc2c3c(nc4cc([SH](=O)(O)O)cc(O)c24)-c2ccccc2C3=N1,412.37900000000013,2.3982,149.54000000000002,5,6,0.31510123352891156,0.5,1,0,0,0,C1=COc2c3c(nc4ccccc24)-c2ccccc2C3=N1,['mdm2_activator'],['MDM2'],1,1.0,0.0,0.0,0.0,0.6445303700586735,0.0,0.0,0.6445303700586735
Cc1nc2[nH]cc(C[C@H]3Nc4ccccc4-c4nn[nH]c43)c2cc1-c1ccccc1,392.4660000000001,5.032720000000003,82.28,3,4,0.40200795458825,0.75,0,0,0,0,c1ccc(-c2cnc3[nH]cc(CC4Nc5ccccc5-c5nn[nH]c54)c3c2)cc1,['mdm2_activator'],['MDM2'],1,1.0,0.0,0.0,0.0,0.545602386376475,0.0,0.0,0.545602386376475
Cn1nnc2cc(C[C@@H]3CCN(Cc4ccc5ccccc5c4)C3)ccc21,356.47300000000007,4.186100000000003,33.95,0,3,0.5498504302664541,1.0,1,0,0,0,c1ccc2cc(CN3CCC(Cc4ccc5[nH]nnc5c4)C3)ccc2c1,['mdm2_activator'],['MDM2'],1,1.0,0.0,0.0,0.0,0.8649551290799362,0.0,0.0,0.8649551290799362
CNCCN(CCc1ccccc1-c1ccc2c(N)nccc2c1)C(=O)OC,378.4760000000001,3.314300000000001,80.48,2,5,0.6592243783965807,1.0,1,0,0,0,c1ccc(-c2ccc3cnccc3c2)cc1,['mdm2_activator'],['MDM2'],1,1.0,0.0,0.0,0.0,0.8977673135189741,0.0,0.0,0.8977673135189741
O=C(N=c1cccc(-c2ccccc2)[nH]1)Nc1ccccc1-c1ccccc1,365.4360000000001,5.481500000000003,57.25,2,1,0.4960300978720187,0.75,0,0,0,0,O=C(N=c1cccc(-c2ccccc2)[nH]1)Nc1ccccc1-c1ccccc1,['mdm2_activator'],['MDM2'],1,1.0,0.0,0.0,0.0,0.5738090293616056,0.0,0.0,0.5738090293616056
CCN(Cc1cnc2c(O)ncnc2c1)[C@@H]1CCc2nc3cccnn3c(=O)c21,389.41900000000015,1.6426999999999996,109.4,1,8,0.5609990392524472,0.75,1,0,0,0,O=c1c2c(nc3cccnn13)CCC2NCc1cnc2cncnc2c1,['mdm2_activator'],['MDM2'],1,1.0,0.0,0.0,0.0,0.7932997117757341,0.0,0.0,0.7932997117757341
COc1c[nH+]c2c(N=Cc3cc4ccccc4[nH]c3=O)c(C)c(=O)n(C)c2c1,375.4080000000002,2.2617200000000004,90.59,1,4,0.5570177084258964,0.75,1,0,1,0,O=c1cc(N=Cc2cc3ccccc3[nH]c2=O)c2[nH+]cccc2[nH]1,['mdm2_activator'],['MDM2'],1,1.0,0.0,0.0,0.0,0.7921053125277688,0.0,0.0,0.7921053125277688
Cc1cc(C(=O)O)ccc1NC(=O)c1cccc2c(=O)[nH]c3ccccc3c12,372.38000000000005,3.940220000000002,99.25999999999999,3,3,0.47437700863142596,0.75,1,0,0,0,O=C(Nc1ccccc1)c1cccc2c(=O)[nH]c3ccccc3c12,['mdm2_activator'],['MDM2'],1,1.0,0.0,0.0,0.0,0.7673131025894278,0.0,0.0,0.7673131025894278
Nc1ncnc(N[C@@H]2CN(Cc3ccc4ccncc4n3)C[C@@H]3CCC[C@H]32)n1,376.4680000000002,2.1095999999999995,105.74,2,8,0.7131070331371852,0.75,1,0,0,0,c1cc2ccc(CN3CC4CCCC4C(Nc4ncncn4)C3)nc2cn1,['mdm2_activator'],['MDM2'],1,1.0,0.0,0.0,0.0,0.8389321099411555,0.0,0.0,0.8389321099411555
C1=Nc2ccncc2[C@@H]1CCOc1cccc2c1=C1C(=Nc3ccccc31)N=2,364.408,3.2260000000000018,59.2,0,5,0.7136231136291726,1.0,1,0,0,0,C1=Nc2ccncc2C1CCOc1cccc2c1=C1C(=Nc3ccccc31)N=2,['mdm2_activator'],['MDM2'],1,1.0,0.0,0.0,0.0,0.9140869340887516,0.0,0.0,0.9140869340887516
O=P(O)(O)OC[C@@H]1C[C@@H](Oc2cccc3ccccc23)[C@@H]([C@H](F)COP(=O)(O)O)O1,466.2910000000001,2.301400000000001,151.98000000000002,4,6,0.40523910410290137,0.25,1,0,0,0,c1ccc2c(OC3CCOC3)cccc2c1,['mdm2_activator'],['MDM2'],1,1.0,0.0,0.0,0.0,0.5965717312308705,0.0,0.0,0.5965717312308705
Cn1c(-c2nnc3c4cccc5cccc(c54)n23)cc2c(N)ncnc21,339.36200000000014,3.0044000000000004,86.92,1,5,0.49746714785718843,1.0,1,0,0,0,c1cc2cccc3c2c(c1)c1nnc(-c2cc4cncnc4[nH]2)n31,['mdm2_activator'],['MDM2'],1,1.0,0.0,0.0,0.0,0.8492401443571564,0.0,0.0,0.8492401443571564
COC(=O)c1ccc(CCn2c(=O)c3c(ccc4cc(C)oc43)c3cccnc32)cc1,412.44500000000016,4.633620000000004,74.33,0,5,0.3177191060906857,0.75,1,0,0,0,O=c1c2c(ccc3ccoc32)c2cccnc2n1CCc1ccccc1,['mdm2_activator'],['MDM2'],1,1.0,0.0,0.0,0.0,0.7203157318272058,0.0,0.0,0.7203157318272058
Cc1[nH]n2c(ccc3ccc4nccc4c32)c1-c1cccc(-c2ccccc2)c1,373.45900000000006,6.611220000000005,33.09,1,1,0.36381003765733455,0.75,0,0,0,0,c1ccc(-c2cccc(-c3c[nH]n4c3ccc3ccc5nccc5c34)c2)cc1,['mdm2_activator'],['MDM2'],1,1.0,0.0,0.0,0.0,0.5341430112972003,0.0,0.0,0.5341430112972003
Nc1cccc(-c2[nH+]n3c(c2Cc2c[nH+]c4[nH]c5ccccc5n24)CCCC3)c1,384.48700000000025,3.026600000000001,79.42999999999999,2,1,0.4608514194074646,1.0,1,0,1,0,c1ccc(-c2[nH+]n3c(c2Cc2c[nH+]c4[nH]c5ccccc5n24)CCCC3)cc1,['mdm2_activator'],['MDM2'],1,1.0,0.0,0.0,0.0,0.8382554258222394,0.0,0.0,0.8382554258222394
Cc1ccccc1-c1c(CCOc2ccc3ncccc3[nH+]2)[nH]c2ccccc12,380.47100000000006,5.127120000000003,52.050000000000004,1,2,0.4596302047992617,0.75,0,0,1,0,c1ccc(-c2c(CCOc3ccc4ncccc4[nH+]3)[nH]c3ccccc23)cc1,['mdm2_activator'],['MDM2'],1,1.0,0.0,0.0,0.0,0.5628890614397786,0.0,0.0,0.5628890614397786
Cn1c(-c2ccc(S(=O)(=O)O)o2)cc(O)c(-c2ccc(F)cc2)c1=O,365.338,2.4037000000000006,109.74000000000001,2,5,0.6899238516826321,0.75,1,0,0,0,O=c1[nH]c(-c2ccco2)ccc1-c1ccccc1,['mdm2_activator'],['MDM2'],1,1.0,0.0,0.0,0.0,0.8319771555047897,0.0,0.0,0.8319771555047897
C[n+]1c2oc(-c3ccc(O)cc3)c3c(O)c(O)ccc3c-2c2ccccc21,358.3730000000001,4.299100000000003,77.71000000000001,3,4,0.3083750687204625,1.0,1,1,1,0,c1ccc(-c2oc3[nH+]c4ccccc4c-3c3ccccc23)cc1,['mdm2_activator'],['MDM2'],1,1.0,0.0,0.0,0.2,0.7525125206161388,0.0,0.0,0.7525125206161388
C[C@H](O[P@]1(=O)O[P@](=O)(O)O1)[C@]1(O)O[C@H]2[C@H](O)[C@@H]1O[C@H]2Nc1ncnc2cncnc12,463.2360000000001,-0.3347000000000009,204.56999999999994,4,14,0.4188825530148528,0.0,0,0,0,0,O=[PH]1OP(=O)(OCC2OC3CC2OC3Nc2ncnc3cncnc23)O1,['mdm2_activator'],['MDM2'],1,1.0,0.0,0.0,0.0,0.3256647659044558,0.0,0.0,0.3256647659044558
CN1c2cc(ccn2)CCNCCc2cccc(c2)[C@H]1c1ccc(F)cc1,361.46400000000006,4.134700000000003,28.160000000000004,1,3,0.7062041624714898,1.0,1,0,0,0,c1ccc(C2Nc3cc(ccn3)CCNCCc3cccc2c3)cc1,['mdm2_activator'],['MDM2'],1,1.0,0.0,0.0,0.0,0.9118612487414468,0.0,0.0,0.9118612487414468
Cc1oc(-c2ccccc2)c(Cc2ccc(O)c(O)c2)c1C=NCc1ccccc1,397.4740000000001,5.876120000000006,65.96000000000001,2,4,0.31551525706602224,0.75,0,1,0,0,C(=NCc1ccccc1)c1coc(-c2ccccc2)c1Cc1ccccc1,['mdm2_activator'],['MDM2'],1,1.0,0.0,0.0,0.2,0.4796545771198067,0.0,0.0,0.4796545771198067
COc1c(O)cc2cc1OCCc1ccc3ccc4c(c(c(C)n4C)C(=O)NC2)c3c1,416.47700000000015,4.219020000000003,72.72,2,4,0.4873842471252693,1.0,1,0,0,0,O=C1NCc2cccc(c2)OCCc2ccc3ccc4[nH]cc1c4c3c2,['mdm2_activator'],['MDM2'],1,1.0,0.0,0.0,0.0,0.8462152741375808,0.0,0.0,0.8462152741375808
O=c1cc(-c2nonc2-c2ccc(O)cc2)c2cc([N+](=O)O)ccc2o1,352.2820000000001,3.015200000000001,129.67000000000002,2,7,0.42495709434623374,0.75,1,0,1,0,O=c1cc(-c2nonc2-c2ccccc2)c2ccccc2o1,['mdm2_activator'],['MDM2'],1,1.0,0.0,0.0,0.0,0.7524871283038701,0.0,0.0,0.7524871283038701
N#[N+]C(=Cc1cc2c(C(=O)NCC3CCNCC3)cccc2cn1)c1ccncc1,399.47800000000007,3.7103800000000025,95.06,2,5,0.6379033695299711,0.75,1,0,1,0,O=C(NCC1CCNCC1)c1cccc2cnc(C=Cc3ccncc3)cc12,['mdm2_activator'],['MDM2'],1,1.0,0.0,0.0,0.0,0.8163710108589912,0.0,0.0,0.8163710108589912
O=C1NCc2ccccc2[SH](=O)(O)c2cccc3ncnc(c23)NC1O,372.40600000000006,0.8975999999999995,124.44000000000001,5,6,0.37137274749242816,0.25,1,0,0,0,O=C1CNc2ncnc3cccc(c23)S(=O)c2ccccc2CN1,['mdm2_activator'],['MDM2'],1,1.0,0.0,0.0,0.0,0.5864118242477285,0.0,0.0,0.5864118242477285
CC1(C)CN[C@@H](C[n+]2ccccc2)[C@H]([n+]2cnc3c4ccccc4cccc2-3)C1,384.52700000000016,3.5440000000000023,32.68,1,2,0.5481661708559198,1.0,1,0,1,0,c1cc[n+](CC2NCCCC2[n+]2cnc3c4ccccc4cccc2-3)cc1,['mdm2_activator'],['MDM2'],1,1.0,0.0,0.0,0.0,0.864449851256776,0.0,0.0,0.864449851256776
C[N+]1=C(C(=O)O)C(=NN=Cc2ccc3[nH+]cccc3c2)c2cc3ccccc3[nH+]c21,396.4300000000001,2.257399999999999,93.31,1,3,0.3267494818131531,0.75,1,0,1,0,C(=NN=C1C=[NH+]c2[nH+]c3ccccc3cc21)c1ccc2[nH+]cccc2c1,['mdm2_activator'],['MDM2'],1,1.0,0.0,0.0,0.0,0.723024844543946,0.0,0.0,0.723024844543946
Cc1c[nH+]c2c(N3CCN(C)C[C@@H]3C)c3c(nc2c1)NC(=CN(C)C)N3c1ccccc1,430.5800000000001,3.4217200000000023,52.02000000000001,1,6,0.6872500897927265,1.0,1,0,1,0,C=C1Nc2nc3ccc[nH+]c3c(N3CCNCC3)c2N1c1ccccc1,['mdm2_activator'],['MDM2'],1,1.0,0.0,0.0,0.0,0.9061750269378179,0.0,0.0,0.9061750269378179
O=C(O)C[C@@H](OC(=Nc1ccc(Cl)c(Cl)c1Cl)c1ccc(O)cc1)c1ccccc1,464.7320000000002,6.663300000000004,79.12,2,4,0.24266137381610164,0.5,0,0,0,0,c1ccc(COC(=Nc2ccccc2)c2ccccc2)cc1,['mdm2_activator'],['MDM2'],1,1.0,0.0,0.0,0.0,0.4227984121448305,0.0,0.0,0.4227984121448305
C[N@H+]1C[C@@](Cc2ncc(-c3cccc[nH+]3)[nH]2)(C(=O)O)Oc2ccccc21,352.3940000000001,0.4955000000000014,93.79000000000002,3,3,0.6372140850050144,0.5,1,0,1,0,c1ccc(-c2cnc(CC3C[NH2+]c4ccccc4O3)[nH]2)[nH+]c1,['mdm2_activator'],['MDM2'],1,1.0,0.0,0.0,0.0,0.7411642255015043,0.0,0.0,0.7411642255015043
Cc1cccc2cc3c(nc12)c1ccccc1c(=O)n3[C@@H]1CCCNCC1,357.45700000000016,4.3259200000000035,46.92,1,3,0.40745564141883306,1.0,1,0,0,0,O=c1c2ccccc2c2nc3ccccc3cc2n1C1CCCNCC1,['mdm2_activator'],['MDM2'],1,1.0,0.0,0.0,0.0,0.8222366924256499,0.0,0.0,0.8222366924256499
Cc1ccc2cc1N1CCN(CC1)[C@@H]1CCCN(CCc3ccccc3-2)C1,361.53300000000013,3.804520000000003,9.72,0,3,0.7065355400407074,1.0,1,0,0,0,c1cc2cc(c1)N1CCN(CC1)C1CCCN(CCc3ccccc3-2)C1,['mdm2_activator'],['MDM2'],1,1.0,0.0,0.0,0.0,0.9119606620122123,0.0,0.0,0.9119606620122123
O=C(O)c1ccc(-c2cc(Cn3c(=O)[nH]c(=O)c4ccccc43)c3ccccc3[nH+]2)cc1,424.43600000000004,3.0706000000000016,106.3,2,3,0.46238458697739326,0.75,1,0,1,0,O=c1[nH]c(=O)n(Cc2cc(-c3ccccc3)[nH+]c3ccccc23)c2ccccc12,['mdm2_activator'],['MDM2'],1,1.0,0.0,0.0,0.0,0.7637153760932178,0.0,0.0,0.7637153760932178
CC(C)(O)[N+]1=CNCc2ccc(Cc3c(O)ccc4ccccc34)cc2C1,361.46500000000015,3.508600000000002,55.5,3,3,0.6259452355077054,1.0,1,0,1,0,C1=[NH+]Cc2cc(Cc3cccc4ccccc34)ccc2CN1,['mdm2_activator'],['MDM2'],1,1.0,0.0,0.0,0.0,0.8877835706523116,0.0,0.0,0.8877835706523116
OC(=N[C@H](c1ccccc1)c1cccc(CN2CCNCC2)c1)c1ccc(O)cc1,401.5100000000001,3.891600000000002,68.09,3,4,0.43299385877242647,1.0,1,0,0,0,C(=NC(c1ccccc1)c1cccc(CN2CCNCC2)c1)c1ccccc1,['mdm2_activator'],['MDM2'],1,1.0,0.0,0.0,0.0,0.8298981576317279,0.0,0.0,0.8298981576317279
C1=CNc2nc(cs2)-c2cncc(c2)Oc2ccc3c(cccc3c2)CN=C1,384.4640000000001,5.660600000000004,59.400000000000006,1,6,0.42486096785844935,0.75,0,0,0,0,C1=CNc2nc(cs2)-c2cncc(c2)Oc2ccc3c(cccc3c2)CN=C1,['mdm2_activator'],['MDM2'],1,1.0,0.0,0.0,0.0,0.5524582903575348,0.0,0.0,0.5524582903575348
c1ccc(CNc2ccc3c4c(cccc24)Nc2ccccc2-3)cc1,322.41100000000006,6.175900000000004,24.06,2,2,0.4145066146928554,0.75,0,0,0,0,c1ccc(CNc2ccc3c4c(cccc24)Nc2ccccc2-3)cc1,['mdm2_activator'],['MDM2'],1,1.0,0.0,0.0,0.0,0.5493519844078566,0.0,0.0,0.5493519844078566
O=C(O)C[C@@H](Cc1ccccc1)c1cccc2[nH]c3c(C(=O)O)cccc3c12,373.40800000000013,4.820300000000003,90.39,3,2,0.45185054635547295,0.5,1,0,0,0,c1ccc(CCc2cccc3[nH]c4ccccc4c23)cc1,['mdm2_activator'],['MDM2'],1,1.0,0.0,0.0,0.0,0.685555163906642,0.0,0.0,0.685555163906642
O=C(O)c1ccc2ccc3c(c2c1)CCN(c1cnccc2ncnc1-2)C3,356.38500000000005,3.390500000000001,79.21,1,5,0.5930221229676256,1.0,1,0,0,0,c1ccc2c3c(ccc2c1)CN(c1cnccc2ncnc1-2)CC3,['mdm2_activator'],['MDM2'],1,1.0,0.0,0.0,0.0,0.8779066368902877,0.0,0.0,0.8779066368902877
C[C@H]1C[C@@H](c2ccc[nH+]c2)CN1c1cccc(-c2[nH+]cncc2-c2cn[nH]n2)c1,385.4750000000001,2.5443000000000007,85.98,1,4,0.5849031431434762,1.0,1,0,1,0,c1c[nH+]cc(C2CCN(c3cccc(-c4[nH+]cncc4-c4cn[nH]n4)c3)C2)c1,['mdm2_activator'],['MDM2'],1,1.0,0.0,0.0,0.0,0.8754709429430427,0.0,0.0,0.8754709429430427
OCCN(Cc1ccnc2ccccc12)C(O)=N[C@H]1CCc2ccccc2C1,375.4720000000002,3.500600000000002,68.95,2,3,0.5289818220541614,1.0,1,0,0,0,C(=NC1CCc2ccccc2C1)NCc1ccnc2ccccc12,['mdm2_activator'],['MDM2'],1,1.0,0.0,0.0,0.0,0.8586945466162483,0.0,0.0,0.8586945466162483
c1ccc(Nc2ccc3cccc(Nc4ccnc5ccccc45)c3n2)nc1,363.4240000000001,5.665200000000003,62.730000000000004,2,5,0.4309461085180051,0.75,0,0,0,0,c1ccc(Nc2ccc3cccc(Nc4ccnc5ccccc45)c3n2)nc1,['mdm2_activator'],['MDM2'],1,1.0,0.0,0.0,0.0,0.5542838325554016,0.0,0.0,0.5542838325554016
COc1ccc(-c2ncncc2-c2ccc3cccn3c2)cc1O,317.348,3.777500000000002,59.650000000000006,1,4,0.624552183684973,1.0,1,0,0,0,c1ccc(-c2ncncc2-c2ccc3cccn3c2)cc1,['mdm2_activator'],['MDM2'],1,1.0,0.0,0.0,0.0,0.8873656551054918,0.0,0.0,0.8873656551054918
CNc1ncnc2c(Nc3ccccc3NC(=O)c3ccccc3)cccc12,369.42800000000005,4.667400000000002,78.94,3,5,0.476474679573232,0.75,1,0,0,0,O=C(Nc1ccccc1Nc1cccc2cncnc12)c1ccccc1,['mdm2_activator'],['MDM2'],1,1.0,0.0,0.0,0.0,0.7679424038719695,0.0,0.0,0.7679424038719695
COc1ccc(C=C2C(O)=Nc3ncccc3[C@H]3[C@H]2CCN2CCCN[C@@H]32)cc1,390.48700000000025,3.500300000000002,69.98,2,5,0.8213677919494533,1.0,1,0,0,0,C1=Nc2ncccc2C2C(CCN3CCCNC23)C1=Cc1ccccc1,['mdm2_activator'],['MDM2'],1,1.0,0.0,0.0,0.0,0.9464103375848358,0.0,0.0,0.9464103375848358
c1cc2c3c(-c4ccc5cnccc5n4)ccnc3nc-2c2ccncc2c1,359.39200000000005,4.893000000000003,64.45,0,5,0.41799536863588665,0.75,1,0,0,0,c1cc2c3c(-c4ccc5cnccc5n4)ccnc3nc-2c2ccncc2c1,['mdm2_activator'],['MDM2'],1,1.0,0.0,0.0,0.0,0.7503986105907658,0.0,0.0,0.7503986105907658
O=C(O)O[C@H]1[C@@H]2C[C@@H](OC(=Cc3ccc(O)c(O)c3)[C@H]2O)O[C@H]1c1ccc(O)cc1,416.3820000000001,2.7025000000000015,145.91000000000003,5,8,0.3763729147059354,0.5,1,1,0,0,C(=C1CC2CC(O1)OC(c1ccccc1)C2)c1ccccc1,['mdm2_activator'],['MDM2'],1,1.0,0.0,0.0,0.2,0.6229118744117806,0.0,0.0,0.6229118744117806
COc1c2ccc(C)cc2nc2c1cc(CNc1ccccc1)c1cccc(O)c12,394.47400000000005,6.175920000000005,54.379999999999995,2,4,0.28242004900273576,0.75,0,0,0,0,c1ccc(NCc2cc3cc4ccccc4nc3c3ccccc23)cc1,['mdm2_activator'],['MDM2'],1,1.0,0.0,0.0,0.0,0.5097260147008207,0.0,0.0,0.5097260147008207
O=C1Nc2ncnc3nc(-c4ccccc4)cc(c23)N1CN1CCOCC1,362.39300000000026,2.3334,83.48,1,6,0.7699252263562838,1.0,1,0,0,0,O=C1Nc2ncnc3nc(-c4ccccc4)cc(c23)N1CN1CCOCC1,['mdm2_activator'],['MDM2'],1,1.0,0.0,0.0,0.0,0.930977567906885,0.0,0.0,0.930977567906885
O=c1c2c(oc3cc4c(cc13)CC[NH+]=C4)N=C1C=CC=CC=C1N2,316.34,1.3564999999999996,68.57,2,4,0.770905391255187,0.75,1,1,1,0,O=c1c2c(oc3cc4c(cc13)CC[NH+]=C4)N=C1C=CC=CC=C1N2,['mdm2_activator'],['MDM2'],1,1.0,0.0,0.0,0.2,0.8162716173765562,0.0,0.0,0.8162716173765562
O=C(O)c1ccccc1[C@@H](c1ccccc1O)N1CCC(C(=O)O)CC1,355.39000000000016,2.976400000000001,98.07000000000001,3,4,0.7626935938716136,0.75,1,1,0,0,c1ccc(C(c2ccccc2)N2CCCCC2)cc1,['mdm2_activator'],['MDM2'],1,1.0,0.0,0.0,0.2,0.8138080781614841,0.0,0.0,0.8138080781614841
O=C1N[C@@H]2CCN(C2)c2cc(ncn2)[C@@H]2CCCCN(Cc3cccc1c3)C2,377.4920000000002,2.5684000000000005,61.36000000000001,1,5,0.7646047044362668,1.0,1,0,0,0,O=C1NC2CCN(C2)c2cc(ncn2)C2CCCCN(Cc3cccc1c3)C2,['mdm2_activator'],['MDM2'],1,1.0,0.0,0.0,0.0,0.92938141133088,0.0,0.0,0.92938141133088
CS(=O)(=O)N1CCN(C(=O)NCc2cc(-c3ccccc3)c3cccn3c2)CC1,412.51500000000016,2.3931000000000004,74.13,1,3,0.7151132482061242,1.0,1,0,0,0,O=C(NCc1cc(-c2ccccc2)c2cccn2c1)N1CCNCC1,['mdm2_activator'],['MDM2'],1,1.0,0.0,0.0,0.0,0.9145339744618373,0.0,0.0,0.9145339744618373
Cc1cc2n(Cc3cc(-c4ccc(-c5ccc(F)c[nH+]5)cc4)[nH]n3)c(=O)ncnc-2[nH+]1,415.4320000000001,1.9242199999999996,104.74,1,4,0.4841489817888237,0.75,1,0,1,0,O=c1ncnc2[nH+]ccc-2n1Cc1cc(-c2ccc(-c3cccc[nH+]3)cc2)[nH]n1,['mdm2_activator'],['MDM2'],1,1.0,0.0,0.0,0.0,0.770244694536647,0.0,0.0,0.770244694536647
O=c1ncnc2n([C@@H]3O[C@@H]4O[P@](=O)(O)O[P@@](=O)(O)OC[C@@H]4[C@H]3O)ccnc1-2,422.1830000000001,-0.7657000000000005,192.41999999999996,3,11,0.4858706834463722,0.5,0,0,0,0,O=c1ncnc2n(C3CC4CO[PH](=O)O[PH](=O)OC4O3)ccnc1-2,['mdm2_activator'],['MDM2'],1,1.0,0.0,0.0,0.0,0.4957612050339117,0.0,0.0,0.4957612050339117
N#Cc1ccc(-n2cccc2CNCc2cc(-c3cc[nH]c3)o[nH+]2)cc1,344.39799999999997,3.0409800000000002,83.82000000000001,2,3,0.563754960013814,1.0,1,0,1,0,c1ccc(-n2cccc2CNCc2cc(-c3cc[nH]c3)o[nH+]2)cc1,['mdm2_activator'],['MDM2'],1,1.0,0.0,0.0,0.0,0.869126488004144,0.0,0.0,0.869126488004144
COC(=O)[C@H](Nc1cccc2ccccc12)c1ccc(O)cc1OC,337.3750000000001,3.880200000000002,67.79,2,5,0.6916686433331072,1.0,1,0,0,0,c1ccc(CNc2cccc3ccccc23)cc1,['mdm2_activator'],['MDM2'],1,1.0,0.0,0.0,0.0,0.907500592999932,0.0,0.0,0.907500592999932
CN1Cc2cc(ccc2O)N=C(O)c2cccc(c2)C(=O)c2cccc(c2)C1=O,386.40700000000015,3.845100000000002,90.19999999999999,2,4,0.6141164282781391,0.75,1,1,0,0,O=C1NCc2cccc(c2)N=Cc2cccc(c2)C(=O)c2cccc1c2,['mdm2_activator'],['MDM2'],1,1.0,0.0,0.0,0.2,0.7692349284834418,0.0,0.0,0.7692349284834418
C1=CC2=CC3=CNC2=CC=C1CNCCCNc1[nH+]ccc2occ3c12,345.42600000000004,2.9027000000000003,63.37,3,4,0.6869726787668197,1.0,1,0,1,0,C1=CC2=CC3=CNC2=CC=C1CNCCCNc1[nH+]ccc2occ3c12,['mdm2_activator'],['MDM2'],1,1.0,0.0,0.0,0.0,0.9060918036300458,0.0,0.0,0.9060918036300458
O=C(O)[C@H]1[C@H](O)[C@H](n2ccc3nc(=O)ncc-3c2)O[C@H](O)[C@H]1OP(=O)(O)O,403.24000000000007,-1.8701,201.52999999999994,5,9,0.356522925332988,0.25,1,0,0,0,O=c1ncc2cn(C3CCCCO3)ccc-2n1,['mdm2_activator'],['MDM2'],1,1.0,0.0,0.0,0.0,0.5819568775998964,0.0,0.0,0.5819568775998964
COc1ccc(Nc2cc(C(=O)O)cc3ccc4ccc(F)cc4c23)cc1,361.37200000000007,5.582500000000003,58.56,2,3,0.4657910094713747,0.75,0,0,0,0,c1ccc(Nc2cccc3ccc4ccccc4c23)cc1,['mdm2_activator'],['MDM2'],1,1.0,0.0,0.0,0.0,0.5647373028414124,0.0,0.0,0.5647373028414124
C1=C2CNCCc3cccc(c3)Nc3cc(nc[nH+]3)Cn3ccc(c3=C1)=CN2,371.46800000000013,0.6404000000000006,68.05,3,4,0.5426064522518214,0.75,1,0,1,0,C1=C2CNCCc3cccc(c3)Nc3cc(nc[nH+]3)Cn3ccc(c3=C1)=CN2,['mdm2_activator'],['MDM2'],1,1.0,0.0,0.0,0.0,0.7877819356755464,0.0,0.0,0.7877819356755464
O=C(Nc1ccc(-c2ccncc2)cc1)c1cccc(-n2nnnn2)c1,343.3500000000001,2.3716,98.48,1,6,0.6106844523088045,0.75,1,0,0,0,O=C(Nc1ccc(-c2ccncc2)cc1)c1cccc(-n2nnnn2)c1,['mdm2_activator'],['MDM2'],1,1.0,0.0,0.0,0.0,0.8082053356926413,0.0,0.0,0.8082053356926413
Cc1c(CCc2cc3ccc(F)c(CN4CCCCCC4)c3[nH]2)n[nH+]c(O)c1O,399.49000000000007,3.3969200000000024,86.52000000000001,3,4,0.6137597935392854,1.0,1,0,1,0,c1c[nH+]nc(CCc2cc3cccc(CN4CCCCCC4)c3[nH]2)c1,['mdm2_activator'],['MDM2'],1,1.0,0.0,0.0,0.0,0.8841279380617857,0.0,0.0,0.8841279380617857
CC(=O)Nc1nc2c(nc[nH+]1)nc(C)[n+]1c3ccccc3c(-c3ccccc3)c21,382.42700000000013,2.664620000000001,86.01,1,4,0.47574208645251215,1.0,1,0,1,0,c1ccc(-c2c3ccccc3[n+]3cnc4nc[nH+]cnc4c23)cc1,['mdm2_activator'],['MDM2'],1,1.0,0.0,0.0,0.0,0.8427226259357536,0.0,0.0,0.8427226259357536
Cc1ccc2c3c(c[nH]c13)[C@@H](CCc1ccccc1)C[C@@H]1[C@@H]2CCCN1C,358.5290000000002,5.774220000000006,19.03,1,1,0.6291492996857054,0.75,0,0,0,0,c1ccc(CCC2CC3NCCCC3c3cccc4[nH]cc2c34)cc1,['mdm2_activator'],['MDM2'],1,1.0,0.0,0.0,0.0,0.6137447899057116,0.0,0.0,0.6137447899057116
Nc1nc(=O)c2ncn([C@@H]3O[C@H](CO[P@](=O)(O)OP(=O)(O)O)[C@@H](O)[C@H]3O)c2[nH]1,443.20200000000006,-2.4527000000000005,252.56999999999994,7,11,0.22882171738029114,0.25,0,0,0,0,O=c1nc[nH]c2c1ncn2C1CCCO1,['mdm2_activator'],['MDM2'],1,1.0,0.0,0.0,0.0,0.34364651521408734,0.0,0.0,0.34364651521408734
c1ccc(-c2ccc(-c3cccnc3)c3nc4nc5ccccc5n4n23)cc1,361.408,4.864200000000004,47.489999999999995,0,3,0.44224372285363056,0.75,1,0,0,0,c1ccc(-c2ccc(-c3cccnc3)c3nc4nc5ccccc5n4n23)cc1,['mdm2_activator'],['MDM2'],1,1.0,0.0,0.0,0.0,0.7576731168560891,0.0,0.0,0.7576731168560891
CCN(CCC1CCc2[nH]c3ccccc3c2CCO1)C(=O)Nc1ccc[nH+]c1,393.5110000000001,3.8000000000000016,71.5,2,2,0.6920682795610573,1.0,1,1,1,0,O=C(NCCC1CCc2[nH]c3ccccc3c2CCO1)Nc1ccc[nH+]c1,['mdm2_activator'],['MDM2'],1,1.0,0.0,0.0,0.2,0.8676204838683171,0.0,0.0,0.8676204838683171
C[n+]1cn(CC(=O)NCc2ccc(N)cc2)c2c1C(=O)N=C1N=CN=C12,350.3620000000001,-0.4054999999999973,118.08,2,5,0.5764791665609502,0.5,1,1,1,0,O=C(Cn1c[nH+]c2c1C1=NC=NC1=NC2=O)NCc1ccccc1,['mdm2_activator'],['MDM2'],1,1.0,0.0,0.0,0.2,0.6829437499682851,0.0,0.0,0.6829437499682851
CN1C(=O)c2ccc(C(=O)O)c(c2)C(O)c2ccccc2O[C@@H]2CCC[C@@H]21,367.4010000000002,2.852000000000001,87.07000000000001,2,4,0.8093112124153312,1.0,1,0,0,0,O=C1NC2CCCC2Oc2ccccc2Cc2cccc1c2,['mdm2_activator'],['MDM2'],1,1.0,0.0,0.0,0.0,0.9427933637245993,0.0,0.0,0.9427933637245993
O=c1c(-c2cccc(CN3CCCCC3)c2)cnc2[nH]c3cc(F)ccc3n12,376.43499999999995,3.967800000000002,53.400000000000006,1,3,0.5886826955964278,1.0,1,0,0,0,O=c1c(-c2cccc(CN3CCCCC3)c2)cnc2[nH]c3ccccc3n12,['mdm2_activator'],['MDM2'],1,1.0,0.0,0.0,0.0,0.8766048086789282,0.0,0.0,0.8766048086789282
CNc1c(C)ccc(Nc2ccccc2Cc2cnc3cccccc2-3)c1C,367.4960000000001,6.179340000000004,36.95,2,3,0.4421557845930579,0.75,0,0,0,0,c1ccc(Nc2ccccc2Cc2cnc3cccccc2-3)cc1,['mdm2_activator'],['MDM2'],1,1.0,0.0,0.0,0.0,0.5576467353779173,0.0,0.0,0.5576467353779173
C1=CNC=C(CC[N@@H+]2CCc3cnc4ccccc4c3C[C@H]2c2cccc[nH+]2)C=C1,396.5380000000001,2.7208000000000006,43.5,2,2,0.7122310590994823,1.0,1,0,1,0,C1=CNC=C(CC[NH+]2CCc3cnc4ccccc4c3CC2c2cccc[nH+]2)C=C1,['mdm2_activator'],['MDM2'],1,1.0,0.0,0.0,0.0,0.9136693177298447,0.0,0.0,0.9136693177298447
O=C(O)c1cn(-c2ccccc2)nc1-c1ccc2cccc(-c3ccccc3)c2n1,391.4300000000001,5.452700000000004,68.00999999999999,1,3,0.44211572808963756,0.75,0,0,0,0,c1ccc(-c2cccc3ccc(-c4ccn(-c5ccccc5)n4)nc23)cc1,['mdm2_activator'],['MDM2'],1,1.0,0.0,0.0,0.0,0.5576347184268913,0.0,0.0,0.5576347184268913
Cc1nc2cc3ccccc3cc2c(N=C(O)c2cccc(S(=O)(=O)O)c2)c1C,406.4630000000001,4.887840000000004,99.85000000000001,2,4,0.21839682179488498,0.5,1,0,0,0,C(=Nc1ccnc2cc3ccccc3cc12)c1ccccc1,['mdm2_activator'],['MDM2'],1,1.0,0.0,0.0,0.0,0.6155190465384655,0.0,0.0,0.6155190465384655
O=C(Nc1cnccc1-c1ccccn1)c1cc(F)ccc1Nc1cnccn1,386.39000000000004,4.068600000000002,92.69,2,6,0.5371429427415317,0.75,1,0,0,0,O=C(Nc1cnccc1-c1ccccn1)c1ccccc1Nc1cnccn1,['mdm2_activator'],['MDM2'],1,1.0,0.0,0.0,0.0,0.7861428828224595,0.0,0.0,0.7861428828224595
c1ccc(-c2c3c(-n4cnnc4)ccccc-3c3ncccc23)cc1,322.37100000000004,4.587300000000003,43.6,0,3,0.4773689653581834,0.75,1,0,0,0,c1ccc(-c2c3c(-n4cnnc4)ccccc-3c3ncccc23)cc1,['mdm2_activator'],['MDM2'],1,1.0,0.0,0.0,0.0,0.768210689607455,0.0,0.0,0.768210689607455
COc1cccc(-c2cnc(N3CCCNCC3)nc2-c2ccccc2)c1,360.461,3.618900000000002,50.28,1,5,0.77008314649985,1.0,1,0,0,0,c1ccc(-c2cnc(N3CCCNCC3)nc2-c2ccccc2)cc1,['mdm2_activator'],['MDM2'],1,1.0,0.0,0.0,0.0,0.9310249439499549,0.0,0.0,0.9310249439499549
COc1ccc2c(c1)nc(-c1ccc3cnccc3c1)c1ccccc12,336.39400000000006,5.611800000000003,35.010000000000005,0,3,0.39290459654690163,0.75,0,0,0,0,c1ccc2c(c1)nc(-c1ccc3cnccc3c1)c1ccccc12,['mdm2_activator'],['MDM2'],1,1.0,0.0,0.0,0.0,0.5428713789640705,0.0,0.0,0.5428713789640705
O=c1c2ccccc2[nH+]c2c3cccnc3[n+]3c4ccccc4n1c23,324.3430000000001,2.1446999999999994,52.61,0,2,0.4020492256553893,1.0,1,0,1,0,O=c1c2ccccc2[nH+]c2c3cccnc3[n+]3c4ccccc4n1c23,['mdm2_activator'],['MDM2'],1,1.0,0.0,0.0,0.0,0.8206147676966167,0.0,0.0,0.8206147676966167
C1=Nc2c(Cc3cccc4ccncc34)ccc3nc4ccccc4c(c23)N=C1,372.4310000000001,5.945200000000004,50.5,0,4,0.35980761968029995,0.75,0,1,0,0,C1=Nc2c(Cc3cccc4ccncc34)ccc3nc4ccccc4c(c23)N=C1,['mdm2_activator'],['MDM2'],1,1.0,0.0,0.0,0.2,0.49294228590409,0.0,0.0,0.49294228590409
CCN(Cc1ccc2ccccc2[nH+]1)Cc1ccc(CN2CCNCC2)[n+](C)c1O,407.56200000000024,1.6112999999999993,56.760000000000005,2,4,0.5845759205631068,1.0,1,0,1,0,c1ccc2[nH+]c(CNCc3ccc(CN4CCNCC4)[nH+]c3)ccc2c1,['mdm2_activator'],['MDM2'],1,1.0,0.0,0.0,0.0,0.875372776168932,0.0,0.0,0.875372776168932
N[C@@H](Cc1c[nH]c2cccc(-c3ccccc3-c3c[nH]c4ccccc34)c12)C(=O)O,395.4620000000001,4.937600000000002,94.9,4,2,0.3394845661622091,0.25,1,0,0,0,c1ccc(-c2c[nH]c3ccccc23)c(-c2cccc3[nH]ccc23)c1,['mdm2_activator'],['MDM2'],1,1.0,0.0,0.0,0.0,0.5768453698486627,0.0,0.0,0.5768453698486627
O=C1CCC(=O)N2CCc3nc4ccccc4c(c3C2)NC(=O)c2cccc(c2)N1,400.43800000000016,3.1041000000000007,91.4,2,4,0.6066239362671308,0.75,1,0,0,0,O=C1CCC(=O)N2CCc3nc4ccccc4c(c3C2)NC(=O)c2cccc(c2)N1,['mdm2_activator'],['MDM2'],1,1.0,0.0,0.0,0.0,0.8069871808801392,0.0,0.0,0.8069871808801392
CC1(C)ONC[C@@H]1[C@H](O)Nc1cc2cc(F)ccc2c2ccccc12,340.3980000000001,3.7920000000000025,53.519999999999996,3,4,0.5014964565268522,1.0,1,0,0,0,c1ccc2c(c1)cc(NCC1CNOC1)c1ccccc12,['mdm2_activator'],['MDM2'],1,1.0,0.0,0.0,0.0,0.8504489369580557,0.0,0.0,0.8504489369580557
CC[N@@H+]1Cc2ccccc2[C@@H](C[n+]2c3c4c([nH+]cnc4c4ccccc42)C=N3)C1,382.4910000000001,1.7557999999999994,47.71,1,2,0.37514107653300116,1.0,1,0,1,0,C1=Nc2c3c1[nH+]cnc3c1ccccc1[n+]2CC1C[NH2+]Cc2ccccc21,['mdm2_activator'],['MDM2'],1,1.0,0.0,0.0,0.0,0.8125423229599003,0.0,0.0,0.8125423229599003
Cc1ccc2c(nc(-c3cc(C(=O)O)c(O)cc3-c3ccccc3)c3ccnn32)c1O,411.4170000000001,4.634320000000003,107.95,3,5,0.39934355512089736,0.5,1,0,0,0,c1ccc(-c2ccccc2-c2nc3ccccc3n3nccc23)cc1,['mdm2_activator'],['MDM2'],1,1.0,0.0,0.0,0.0,0.6698030665362692,0.0,0.0,0.6698030665362692
O=c1cc2c(-c3cccc(O)c3)c3cnc4nccc(nc2cc1O)c43,341.3260000000001,3.207400000000001,96.2,2,6,0.48592402919544014,0.75,1,0,0,0,O=c1ccc2nc3ccnc4ncc(c(-c5ccccc5)c2c1)c34,['mdm2_activator'],['MDM2'],1,1.0,0.0,0.0,0.0,0.770777208758632,0.0,0.0,0.770777208758632
Nc1ncnc2c1ncn2[C@@H]1O[C@H](COP(=O)(O)O)[C@@H](O)[C@@H]1OP(=O)(O)O,427.20300000000003,-1.7460000000000009,232.59999999999997,6,10,0.28079075856620234,0.25,0,0,0,0,c1ncc2ncn(C3CCCO3)c2n1,['mdm2_activator'],['MDM2'],1,1.0,0.0,0.0,0.0,0.3592372275698607,0.0,0.0,0.3592372275698607
Nc1ccc2c(n1)c1cn2CCCOc2ccccc2CNc2ccccc2-1,370.4560000000001,4.680100000000004,65.1,2,4,0.47164107701454283,0.75,1,0,0,0,c1ccc2c(c1)CNc1ccccc1-c1cn(c3cccnc13)CCCO2,['mdm2_activator'],['MDM2'],1,1.0,0.0,0.0,0.0,0.7664923231043628,0.0,0.0,0.7664923231043628
O=S(=O)(N[C@@H]1CNc2c(ccc3c(F)nccc23)C1)c1cccc2ccnnc12,409.44600000000014,2.632200000000001,96.87,2,6,0.5051501642256141,0.75,1,0,0,0,O=S(=O)(NC1CNc2c(ccc3cnccc23)C1)c1cccc2ccnnc12,['mdm2_activator'],['MDM2'],1,1.0,0.0,0.0,0.0,0.7765450492676842,0.0,0.0,0.7765450492676842
CCN(c1cccc(C)c1)c1ncnc2nc3c(nc12)N(C)CCC3,334.42700000000013,3.268620000000002,58.040000000000006,0,6,0.7325727401500834,1.0,1,0,0,0,c1ccc(Nc2ncnc3nc4c(nc23)NCCC4)cc1,['mdm2_activator'],['MDM2'],1,1.0,0.0,0.0,0.0,0.9197718220450251,0.0,0.0,0.9197718220450251
COc1cccc2c1c(=O)c1ccccc3c4cc(C=O)ccc4[n+]2c13,340.35800000000006,3.504000000000003,47.470000000000006,0,3,0.36493704406764055,1.0,1,0,1,1,O=c1c2ccccc2[n+]2c3ccccc3c3ccccc1c32,['mdm2_activator'],['MDM2'],1,1.0,0.0,0.0,0.0,0.8094811132202921,0.0,0.0,0.8094811132202921
COc1ccc(NCc2cc3c(=O)[nH]cnc3c3cc(C)ccc23)c[nH+]1,347.3980000000001,2.8195200000000007,81.14999999999999,2,4,0.5563488857392929,1.0,1,0,1,0,O=c1[nH]cnc2c1cc(CNc1ccc[nH+]c1)c1ccccc12,['mdm2_activator'],['MDM2'],1,1.0,0.0,0.0,0.0,0.8669046657217878,0.0,0.0,0.8669046657217878
O=C1Nc2nccc(C(=O)O)c2Nc2cccc(n2)CCC[C@@H](c2ccccc2)N1,403.4420000000002,4.117500000000002,116.24000000000001,4,5,0.511509633839906,0.5,1,0,0,0,O=C1Nc2ncccc2Nc2cccc(n2)CCCC(c2ccccc2)N1,['mdm2_activator'],['MDM2'],1,1.0,0.0,0.0,0.0,0.7034528901519719,0.0,0.0,0.7034528901519719
Cn1nc([C@H]2CCCN2Cc2cn(C)c3ccncc23)nc1SCc1cccnc1,419.55800000000016,3.726200000000003,64.66,0,6,0.44390595657930787,1.0,1,0,0,0,c1cncc(CSc2nc(C3CCCN3Cc3c[nH]c4ccncc34)n[nH]2)c1,['mdm2_activator'],['MDM2'],1,1.0,0.0,0.0,0.0,0.8331717869737922,0.0,0.0,0.8331717869737922
CN(C)c1ccc2c(c1)CCN1CC[C@H]3C[C@@H]1[C@@H]2CCc1c(O)cccc13,362.51700000000005,4.292300000000004,26.71,1,3,0.8196264327538688,1.0,1,1,0,0,c1ccc2c(c1)CCC1c3ccccc3CCN3CCC2CC13,['mdm2_activator'],['MDM2'],1,1.0,0.0,0.0,0.2,0.9058879298261607,0.0,0.0,0.9058879298261607
Nc1nccc([C@@H]2CCCN3CO[C@@H](C3)[C@H](c3ccccc3)OCCCCN2)n1,397.52300000000014,2.6797000000000004,85.53,2,7,0.8057030115471757,1.0,1,0,0,0,c1ccc(C2OCCCCNC(c3ccncn3)CCCN3COC2C3)cc1,['mdm2_activator'],['MDM2'],1,1.0,0.0,0.0,0.0,0.9417109034641526,0.0,0.0,0.9417109034641526
Nc1ncc(O)c(-n2cnnc2Cc2ccccc2)c1NCc1cccnc1,373.4200000000001,2.548,114.77,3,7,0.475632145954333,0.75,1,0,0,0,c1ccc(Cc2nncn2-c2ccncc2NCc2cccnc2)cc1,['mdm2_activator'],['MDM2'],1,1.0,0.0,0.0,0.0,0.7676896437862999,0.0,0.0,0.7676896437862999
Nc1cc(N[C@@H](c2ccccc2)c2ncnc(NCc3ccccn3)n2)ccn1,384.44700000000006,3.0574000000000012,114.53,3,8,0.44532470837080057,0.75,1,0,0,0,c1ccc(C(Nc2ccncc2)c2ncnc(NCc3ccccn3)n2)cc1,['mdm2_activator'],['MDM2'],1,1.0,0.0,0.0,0.0,0.75859741251124,0.0,0.0,0.75859741251124
Nc1ccncc2c(CN3CCCN(C(=O)c4ccccc4)C3)cnc1-2,347.422,2.4692000000000007,75.35,1,5,0.7876438820158578,1.0,1,0,0,0,O=C(c1ccccc1)N1CCCN(Cc2cnc3cccncc2-3)C1,['mdm2_activator'],['MDM2'],1,1.0,0.0,0.0,0.0,0.9362931646047572,0.0,0.0,0.9362931646047572
Cc1cccc(-c2cccc([C@H](c3cccc[nH+]3)c3c[nH]c4ccccc34)c2)c1,375.49500000000006,6.137620000000005,29.93,1,0,0.3911302104172429,0.75,0,0,1,0,c1ccc(-c2cccc(C(c3cccc[nH+]3)c3c[nH]c4ccccc34)c2)cc1,['mdm2_activator'],['MDM2'],1,1.0,0.0,0.0,0.0,0.5423390631251728,0.0,0.0,0.5423390631251728
C(=CNC(c1ccccc1)c1ccccc1)CCCc1ccccc1,327.471,5.902200000000005,12.03,1,1,0.5077050853994282,0.75,0,0,0,0,C(=CNC(c1ccccc1)c1ccccc1)CCCc1ccccc1,['mdm2_activator'],['MDM2'],1,1.0,0.0,0.0,0.0,0.5773115256198285,0.0,0.0,0.5773115256198285
CS(=O)(=O)c1ccc(CNCc2[nH+]cncc2-c2nn[nH]n2)c2ccc[nH+]c12,398.45200000000006,-0.26359999999999845,141.8,2,7,0.4553811222309671,0.5,1,0,1,0,c1cc(CNCc2[nH+]cncc2-c2nn[nH]n2)c2ccc[nH+]c2c1,['mdm2_activator'],['MDM2'],1,1.0,0.0,0.0,0.0,0.6866143366692902,0.0,0.0,0.6866143366692902
COc1ccc(Nc2ncnc3c2CN(c2ncc(N)cn2)CC3)nc1,350.38600000000014,1.5586999999999998,114.97,2,9,0.7228723673853995,0.75,1,0,0,0,c1ccc(Nc2ncnc3c2CN(c2ncccn2)CC3)nc1,['mdm2_activator'],['MDM2'],1,1.0,0.0,0.0,0.0,0.8418617102156198,0.0,0.0,0.8418617102156198
CC(C)(C)[N+]1=C2N=CC(C(=O)NC[C@H]3Cc4cnc5ncccc5c4O3)=C2C(=N)N1,404.4540000000001,1.135469999999999,115.36000000000001,3,6,0.6637172832085515,0.5,1,0,1,0,N=C1N[NH+]=C2N=CC(C(=O)NCC3Cc4cnc5ncccc5c4O3)=C12,['mdm2_activator'],['MDM2'],1,1.0,0.0,0.0,0.0,0.7491151849625655,0.0,0.0,0.7491151849625655
O=C(O)c1ccc2c(c1)C(=O)Oc1cccc3c1C2=Cc1ccc(O)cc1O3,372.33200000000005,4.317600000000003,93.06,2,5,0.3818475136181049,0.75,1,0,0,0,O=C1Oc2cccc3c2C(=Cc2ccccc2O3)c2ccccc21,['mdm2_activator'],['MDM2'],1,1.0,0.0,0.0,0.0,0.7395542540854314,0.0,0.0,0.7395542540854314
O=c1cc2c3c(cccc3[nH]1)Nc1ccccc1CN1CC[C@@H](CC2)C12CC2,371.48400000000026,4.572400000000004,48.13,2,3,0.6083999682606953,0.75,1,0,0,0,O=c1cc2c3c(cccc3[nH]1)Nc1ccccc1CN1CCC(CC2)C12CC2,['mdm2_activator'],['MDM2'],1,1.0,0.0,0.0,0.0,0.8075199904782084,0.0,0.0,0.8075199904782084
COc1cccc(Oc2ccc3c4ncccc4c4c(=O)n(N)cnc4c3n2)c1,385.38300000000015,3.0076,105.15,1,7,0.3758518129947043,0.75,1,0,0,0,O=c1[nH]cnc2c3nc(Oc4ccccc4)ccc3c3ncccc3c12,['mdm2_activator'],['MDM2'],1,1.0,0.0,0.0,0.0,0.7377555438984114,0.0,0.0,0.7377555438984114
CN(Cc1ccc(N)cn1)c1ccccc1OCCN[SH](=O)(O)Cc1ccccc1,428.55800000000005,2.873500000000001,100.71,4,5,0.2926619889343016,0.5,1,0,0,0,O=S(Cc1ccccc1)NCCOc1ccccc1NCc1ccccn1,['mdm2_activator'],['MDM2'],1,1.0,0.0,0.0,0.0,0.6377985966802905,0.0,0.0,0.6377985966802905
O=C1NCC[n+]2cc(c(O)c3ccccc32)C=NNC2=CC=CC1=CN2,348.3860000000001,0.7708999999999995,89.63000000000001,4,5,0.5296519849252074,0.5,1,0,1,0,O=C1NCC[n+]2cc(cc3ccccc32)C=NNC2=CC=CC1=CN2,['mdm2_activator'],['MDM2'],1,1.0,0.0,0.0,0.0,0.7088955954775622,0.0,0.0,0.7088955954775622
CN1Cc2cccc(c2)Nc2nccc(n2)Sc2nc(-c3ccc(F)cc3)ccc2C1,429.52400000000017,5.5179000000000045,53.94,1,6,0.40235545583706095,0.75,0,0,0,0,c1ccc(-c2ccc3c(n2)Sc2ccnc(n2)Nc2cccc(c2)CNC3)cc1,['mdm2_activator'],['MDM2'],1,1.0,0.0,0.0,0.0,0.5457066367511183,0.0,0.0,0.5457066367511183
CS(=O)(=O)Nc1ccc2c3c(c(Cc4ccccc4)ccc13)-c1cc(F)ccc1O2,419.47700000000015,5.713900000000003,55.400000000000006,1,3,0.4056958578309817,0.75,0,0,0,0,c1ccc(Cc2ccc3cccc4c3c2-c2ccccc2O4)cc1,['mdm2_activator'],['MDM2'],1,1.0,0.0,0.0,0.0,0.5467087573492946,0.0,0.0,0.5467087573492946
CC(=O)N[C@]1(C)C(=O)Nc2cccc(F)c2Nc2ccnc3cccc1c23,364.3800000000001,3.4209000000000005,83.12,3,4,0.6178278807333762,1.0,1,0,0,0,O=C1Cc2cccc3nccc(c23)Nc2ccccc2N1,['mdm2_activator'],['MDM2'],1,1.0,0.0,0.0,0.0,0.8853483642200128,0.0,0.0,0.8853483642200128
Oc1cccc(Cc2cc3ccc4cnccc4c3c3cccc(O)c23)c1,351.4050000000001,5.543200000000004,53.35000000000001,2,3,0.41040685055788556,0.75,0,0,0,0,c1ccc(Cc2cc3ccc4cnccc4c3c3ccccc23)cc1,['mdm2_activator'],['MDM2'],1,1.0,0.0,0.0,0.0,0.5481220551673656,0.0,0.0,0.5481220551673656
c1ccc(-c2cnc3ccccc3c2NC(c2ccccc2)c2ccccc2)cc1,386.49800000000005,7.103300000000005,24.92,1,2,0.3482397048630088,0.75,0,0,0,0,c1ccc(-c2cnc3ccccc3c2NC(c2ccccc2)c2ccccc2)cc1,['mdm2_activator'],['MDM2'],1,1.0,0.0,0.0,0.0,0.5294719114589026,0.0,0.0,0.5294719114589026
O=c1ccc(-c2ncccc2CCc2ccc(-n3cnnc3)cn2)ccc1O,371.40000000000003,2.575300000000001,93.79,1,6,0.5794642026716929,0.75,1,0,0,0,O=c1cccc(-c2ncccc2CCc2ccc(-n3cnnc3)cn2)cc1,['mdm2_activator'],['MDM2'],1,1.0,0.0,0.0,0.0,0.7988392608015078,0.0,0.0,0.7988392608015078
CCC(=O)Nc1cc(-c2ccccc2)cc(-c2cc(C(=O)O)no2)c1,336.3470000000001,4.055300000000002,92.43,2,4,0.7328916980718658,0.75,1,0,0,0,c1ccc(-c2cccc(-c3ccno3)c2)cc1,['mdm2_activator'],['MDM2'],1,1.0,0.0,0.0,0.0,0.8448675094215596,0.0,0.0,0.8448675094215596
CCOc1ccc(C(=O)O)cc1-c1cc(C)c(O)c2c(C)cccc12,336.38700000000006,4.926140000000005,66.76,2,3,0.7090126955297096,0.75,1,0,0,0,c1ccc(-c2cccc3ccccc23)cc1,['mdm2_activator'],['MDM2'],1,1.0,0.0,0.0,0.0,0.8377038086589128,0.0,0.0,0.8377038086589128
N#Cc1c(N)ncnc1CN1C[C@@H](c2ccccc2)CCCC1=O,321.3840000000002,2.2267800000000006,95.9,1,5,0.9348374936608955,0.75,1,0,0,0,O=C1CCCC(c2ccccc2)CN1Cc1ccncn1,['mdm2_activator'],['MDM2'],1,1.0,0.0,0.0,0.0,0.9054512480982686,0.0,0.0,0.9054512480982686
Cc1cc2c(-c3ccccc3)cc3c4ccccc4c4c5ccccc5nc1c4n23,382.4660000000001,7.360320000000004,17.3,0,1,0.2140826248737071,0.75,0,0,0,0,c1ccc(-c2cc3c4ccccc4c4c5ccccc5nc5ccc2n3c54)cc1,['mdm2_activator'],['MDM2'],1,1.0,0.0,0.0,0.0,0.4892247874621121,0.0,0.0,0.4892247874621121
O=C(O)[C@@H](Cc1ccccn1)c1cc(-c2ccccc2)c2ccccc2c1,353.4210000000001,5.312700000000004,50.19,1,2,0.5286532216131967,0.75,0,0,0,0,c1ccc(-c2cc(CCc3ccccn3)cc3ccccc23)cc1,['mdm2_activator'],['MDM2'],1,1.0,0.0,0.0,0.0,0.583595966483959,0.0,0.0,0.583595966483959
O=C1c2ccc3[nH]cc(c3c2)Cc2cncc(c2)CC[N@H+]1C[C@H]1CCCNCC1,389.52300000000025,2.1246,62.22,3,3,0.6292342640382377,1.0,1,0,1,0,O=C1c2ccc3[nH]cc(c3c2)Cc2cncc(c2)CC[NH+]1CC1CCCNCC1,['mdm2_activator'],['MDM2'],1,1.0,0.0,0.0,0.0,0.8887702792114713,0.0,0.0,0.8887702792114713
CC1=CN=c2c(ccc3c2=C([C@@H](c2ccccc2)c2cn[nH]n2)N=CN3)N1,355.405,2.105199999999999,90.35,3,6,0.6710969644285895,0.75,1,0,0,0,C1=CNc2ccc3c(c2=N1)=C(C(c1ccccc1)c1cn[nH]n1)N=CN3,['mdm2_activator'],['MDM2'],1,1.0,0.0,0.0,0.0,0.8263290893285768,0.0,0.0,0.8263290893285768
Fc1cccc(CN(c2cc(F)ccc2F)c2ccnc3c4c(cn23)CNCC4)c1,408.4270000000002,4.735600000000004,32.57,1,3,0.5297237772683666,0.75,1,0,0,0,c1ccc(CN(c2ccccc2)c2ccnc3c4c(cn23)CNCC4)cc1,['mdm2_activator'],['MDM2'],1,1.0,0.0,0.0,0.0,0.7839171331805099,0.0,0.0,0.7839171331805099
O=C(O)c1ccc(NC2=C[N+](Cc3ccccc3)=C3N=CN=C23)cc1,331.355,2.745800000000001,77.05999999999999,2,4,0.8271783252777907,1.0,1,0,1,0,C1=NC2=[N+](Cc3ccccc3)C=C(Nc3ccccc3)C2=N1,['mdm2_activator'],['MDM2'],1,1.0,0.0,0.0,0.0,0.9481534975833372,0.0,0.0,0.9481534975833372
O=C(O)c1cccc2cc3cc4c5c(cccc5c3cc12)Nc1ccc(O)cc1-4,377.39900000000006,6.2740000000000045,69.56,3,3,0.17929120649377844,0.75,0,0,0,0,c1ccc2c(c1)Nc1cccc3c1c-2cc1cc2ccccc2cc13,['mdm2_activator'],['MDM2'],1,1.0,0.0,0.0,0.0,0.47878736194813354,0.0,0.0,0.47878736194813354
Cc1cc2nc(n1)N(C)Cc1ccc(cc1)N=c1ncnc3c1nc(c1cccn13)=N2,407.44100000000014,2.228319999999999,96.82,0,8,0.3905279714611261,0.75,1,0,0,0,c1cc2c3nc4c(ncnc4n2c1)=Nc1ccc(cc1)CNc1nccc(n1)N=3,['mdm2_activator'],['MDM2'],1,1.0,0.0,0.0,0.0,0.7421583914383378,0.0,0.0,0.7421583914383378
O=C1CCc2cccc(c2)-c2cc(-c3ccccc3)nc(n2)-n2cccc2N1,366.42400000000004,4.486000000000003,59.81,1,3,0.5400360645558985,1.0,1,0,0,0,O=C1CCc2cccc(c2)-c2cc(-c3ccccc3)nc(n2)-n2cccc2N1,['mdm2_activator'],['MDM2'],1,1.0,0.0,0.0,0.0,0.8620108193667695,0.0,0.0,0.8620108193667695
O=c1[nH]c(NCCN2CCCCC[C@H]2Cc2ccccc2O)nc2ccccc12,392.50300000000004,3.5279000000000016,81.25,3,5,0.5979222584976076,1.0,1,0,0,0,O=c1[nH]c(NCCN2CCCCCC2Cc2ccccc2)nc2ccccc12,['mdm2_activator'],['MDM2'],1,1.0,0.0,0.0,0.0,0.8793766775492822,0.0,0.0,0.8793766775492822
COc1cc2c(c(O)c1O)OCc1cccc(c1)C[C@@H]1CN(CCN1C(C)(C)C)C2=O,426.5130000000003,3.166400000000001,82.47,2,6,0.6819723056078199,1.0,1,1,0,0,O=C1c2ccccc2OCc2cccc(c2)CC2CN1CCN2,['mdm2_activator'],['MDM2'],1,1.0,0.0,0.0,0.2,0.8645916916823461,0.0,0.0,0.8645916916823461
C=C1N=NC(c2ccc(OC)cc2)=[N+]1Cc1cccc2ccccc12,328.39500000000004,4.7447000000000035,36.96,0,3,0.6370752878618631,0.75,1,0,1,0,C=C1N=NC(c2ccccc2)=[N+]1Cc1cccc2ccccc12,['mdm2_activator'],['MDM2'],1,1.0,0.0,0.0,0.0,0.8161225863585588,0.0,0.0,0.8161225863585588
COc1ccnc2[nH]c([C@@H](C)[n+]3c(O)nc4ccnc5ccccc5c3-4)nc12,373.39600000000013,2.6169000000000002,100.69,2,6,0.4716284570322922,0.75,1,0,1,0,c1cnc2[nH]c(C[n+]3cnc4ccnc5ccccc5c3-4)nc2c1,['mdm2_activator'],['MDM2'],1,1.0,0.0,0.0,0.0,0.7664885371096877,0.0,0.0,0.7664885371096877
Nc1ncnc2c1ccc[n+]2C[C@H](O)[C@H](O)[C@H](O)COP1(=O)O[P@](=O)(O)O[P@@](=O)(O)O1,503.21400000000017,-1.0289000000000001,244.95999999999995,6,13,0.19533737566816875,0.0,0,0,1,0,O=[PH]1O[PH](=O)OP(=O)(OCCCCC[n+]2cccc3cncnc32)O1,['mdm2_activator'],['MDM2'],1,1.0,0.0,0.0,0.0,0.2586012127004506,0.0,0.0,0.2586012127004506
O=C(O)Cc1ccc2c3c(cccc13)[NH+]=C2CCNC1=C2C=CC=CC=C2NN=N1,398.4460000000001,2.1532999999999998,100.05,4,5,0.599098468798248,0.5,1,0,1,0,C1=CC=C2NN=NC(NCCC3=[NH+]c4cccc5cccc3c45)=C2C=C1,['mdm2_activator'],['MDM2'],1,1.0,0.0,0.0,0.0,0.7297295406394744,0.0,0.0,0.7297295406394744
O[C@H]1CN2CCCC[C@H]2[C@H](c2cccnc2-c2ccccc2)c2ccccc21,370.4960000000001,4.7820000000000045,36.36,1,3,0.7050490243754253,0.75,1,0,0,0,c1ccc(-c2ncccc2C2c3ccccc3CCN3CCCCC23)cc1,['mdm2_activator'],['MDM2'],1,1.0,0.0,0.0,0.0,0.8365147073126276,0.0,0.0,0.8365147073126276
Cc1n[nH]cc1-c1cccc(C(=O)[C@@H](c2ccccc2)N(C)Cc2ccccc2)c1,395.5060000000001,5.441120000000004,48.99,1,3,0.4239095401123031,0.75,0,0,0,0,O=C(c1cccc(-c2cn[nH]c2)c1)C(NCc1ccccc1)c1ccccc1,['mdm2_activator'],['MDM2'],1,1.0,0.0,0.0,0.0,0.552172862033691,0.0,0.0,0.552172862033691
Fc1ncccc1-c1ccccc1Nc1ncncc1CNCc1ccccc1,385.44600000000014,4.711100000000003,62.730000000000004,2,5,0.4512080542399372,0.75,1,0,0,0,c1ccc(CNCc2cncnc2Nc2ccccc2-c2cccnc2)cc1,['mdm2_activator'],['MDM2'],1,1.0,0.0,0.0,0.0,0.7603624162719811,0.0,0.0,0.7603624162719811
C1=Cc2cccc(c2)CN(Cc2ccccc2)Cc2cccn3cc(nc23)C=NC1,392.5060000000001,4.9824000000000055,32.9,0,3,0.48182851347333616,0.75,1,0,0,0,C1=Cc2cccc(c2)CN(Cc2ccccc2)Cc2cccn3cc(nc23)C=NC1,['mdm2_activator'],['MDM2'],1,1.0,0.0,0.0,0.0,0.7695485540420008,0.0,0.0,0.7695485540420008
CN1Cc2ccc(cc2)NC(=O)Nc2cccnc2N2C(=O)Cc3c1cccc32,385.42700000000013,3.896200000000002,77.57000000000001,2,4,0.615347701544671,1.0,1,0,0,0,O=C1Nc2ccc(cc2)CNc2cccc3c2CC(=O)N3c2ncccc2N1,['mdm2_activator'],['MDM2'],1,1.0,0.0,0.0,0.0,0.8846043104634012,0.0,0.0,0.8846043104634012
Nc1ccc(O)c2c(NCC(=O)NCc3ccc(F)cc3)ccnc12,340.35800000000006,2.3900000000000006,100.27,4,5,0.4220411775416094,0.5,1,0,0,0,O=C(CNc1ccnc2ccccc12)NCc1ccccc1,['mdm2_activator'],['MDM2'],1,1.0,0.0,0.0,0.0,0.6766123532624828,0.0,0.0,0.6766123532624828
O=C1[NH+]=CCc2nc(C3=C4N=c5ccccc5=[N+]4c4ccccc43)oc21,340.3420000000001,-0.2911999999999988,72.44,1,4,0.6189216627965474,0.75,1,0,1,0,O=C1[NH+]=CCc2nc(C3=C4N=c5ccccc5=[N+]4c4ccccc43)oc21,['mdm2_activator'],['MDM2'],1,1.0,0.0,0.0,0.0,0.8106764988389641,0.0,0.0,0.8106764988389641
O=c1[nH]c2c(c(=O)[nH]1)N[C@H](COP(=O)(O)O)CN2c1ccc2ccccc2c1,404.31900000000013,1.2578999999999994,147.75000000000003,5,6,0.40835671074482105,0.25,1,0,0,0,O=c1[nH]c2c(c(=O)[nH]1)NCCN2c1ccc2ccccc2c1,['mdm2_activator'],['MDM2'],1,1.0,0.0,0.0,0.0,0.5975070132234463,0.0,0.0,0.5975070132234463
COc1ccc(CN(CCc2ccccc2)Cc2ccc(S(N)(=O)=O)cc2)cc1,410.5390000000001,3.587500000000002,72.63,1,4,0.5851320750475804,1.0,1,0,0,0,c1ccc(CCN(Cc2ccccc2)Cc2ccccc2)cc1,['mdm2_activator'],['MDM2'],1,1.0,0.0,0.0,0.0,0.875539622514274,0.0,0.0,0.875539622514274
CCN1CNc2cccnc2-c2ccc3c(c2)N(CC1=O)c1ccc(C)cc1N3,385.47100000000006,4.483620000000003,60.5,2,5,0.6465838125862684,1.0,1,1,0,0,O=C1CN2c3ccccc3Nc3ccc(cc32)-c2ncccc2NCN1,['mdm2_activator'],['MDM2'],1,1.0,0.0,0.0,0.2,0.8539751437758806,0.0,0.0,0.8539751437758806
COc1ccc(Cn2nc3c(ncc2=O)c2ncnc2c(=O)n3C)cc1,350.33800000000014,0.49029999999999974,104.79000000000002,0,7,0.5293558221977889,0.5,1,0,0,0,O=c1[nH]c2nn(Cc3ccccc3)c(=O)cnc2c2ncnc12,['mdm2_activator'],['MDM2'],1,1.0,0.0,0.0,0.0,0.7088067466593366,0.0,0.0,0.7088067466593366
Nc1ccc(Cc2[nH]c3ccccc3c2C2=[N+]3C=NN=C3N=C2C(=O)O)cc1,371.38000000000017,1.9946000000000002,119.2,3,5,0.4804702771367764,0.75,1,1,1,0,C1=NN=C2N=CC(c3c(Cc4ccccc4)[nH]c4ccccc34)=[N+]12,['mdm2_activator'],['MDM2'],1,1.0,0.0,0.0,0.2,0.7291410831410329,0.0,0.0,0.7291410831410329
COc1c(O)cc2cccc3c2c1[C@@H](C)[C@@H]1[C@@H](O)NC2=C(NC=CC=N2)N[C@@H]31,378.432,2.1539,98.14,5,7,0.5217015355568215,0.5,1,0,0,0,C1=CNC2=C(N=C1)NCC1Cc3cccc4cccc(c34)C1N2,['mdm2_activator'],['MDM2'],1,1.0,0.0,0.0,0.0,0.7065104606670465,0.0,0.0,0.7065104606670465
OC1c2cccc3c2-c2c(ccc4cccc-3c24)-c2ncnc3[nH]cc1c23,347.37700000000007,4.820600000000003,61.800000000000004,2,3,0.41399167110656354,0.75,1,0,0,0,c1cc2c3c(c1)-c1cccc4ccc(c-3c14)-c1ncnc3[nH]cc(c13)C2,['mdm2_activator'],['MDM2'],1,1.0,0.0,0.0,0.0,0.7491975013319689,0.0,0.0,0.7491975013319689
COc1ccc(-c2c(-c3c[nH]c4ccccc34)c[nH+]c3ccccc23)cc1,351.4290000000001,5.477800000000003,39.16,1,1,0.45932601392424277,0.75,0,0,1,0,c1ccc(-c2c(-c3c[nH]c4ccccc34)c[nH+]c3ccccc23)cc1,['mdm2_activator'],['MDM2'],1,1.0,0.0,0.0,0.0,0.5627978041772728,0.0,0.0,0.5627978041772728
Cn1ncc2c(-c3cn(Cc4ccccc4)c4c(O)ncnc34)cccc21,355.40100000000007,3.738900000000002,68.76,1,4,0.5352408211364177,1.0,1,0,0,0,c1ccc(Cn2cc(-c3cccc4[nH]ncc34)c3ncncc32)cc1,['mdm2_activator'],['MDM2'],1,1.0,0.0,0.0,0.0,0.8605722463409253,0.0,0.0,0.8605722463409253
Cn1cc(Cc2cc(O)cc3c2[nH]c2cc(C(=O)O)ccc23)c2ccccc21,370.4080000000001,4.807400000000002,78.25,3,2,0.42649967934147925,0.75,1,0,0,0,c1ccc2c(Cc3cccc4c3[nH]c3ccccc34)c[nH]c2c1,['mdm2_activator'],['MDM2'],1,1.0,0.0,0.0,0.0,0.7529499038024436,0.0,0.0,0.7529499038024436
O=c1ccc2c(nc(N3CCNC[C@@H](c4ccccc4)C3)c3ccccc32)[nH]1,370.45600000000013,3.269700000000001,61.02,2,4,0.531848212874487,1.0,1,0,0,0,O=c1ccc2c(nc(N3CCNCC(c4ccccc4)C3)c3ccccc32)[nH]1,['mdm2_activator'],['MDM2'],1,1.0,0.0,0.0,0.0,0.859554463862346,0.0,0.0,0.859554463862346
COc1ncnc2oc(-c3ccccc3)c(-c3ccc(O)c(C(=O)O)c3)c12,362.3410000000001,3.9692000000000016,105.68000000000002,2,6,0.5656394355411034,0.75,1,0,0,0,c1ccc(-c2oc3ncncc3c2-c2ccccc2)cc1,['mdm2_activator'],['MDM2'],1,1.0,0.0,0.0,0.0,0.794691830662331,0.0,0.0,0.794691830662331
CN1CC(=O)NCc2cccc(c2)-c2nncn2-c2cccc3cc(ccc23)C1,383.45500000000015,3.1491000000000007,63.050000000000004,1,4,0.50670745295431,1.0,1,0,0,0,O=C1CNCc2ccc3c(cccc3c2)-n2cnnc2-c2cccc(c2)CN1,['mdm2_activator'],['MDM2'],1,1.0,0.0,0.0,0.0,0.8520122358862929,0.0,0.0,0.8520122358862929
CNC(=O)COc1ccc(Cn2cn[n+]3c(O)c4ccccc4nc23)cc1,364.38500000000005,1.048699999999999,93.37,2,5,0.5164778313697476,0.5,1,0,1,0,c1ccc(Cn2cn[n+]3cc4ccccc4nc23)cc1,['mdm2_activator'],['MDM2'],1,1.0,0.0,0.0,0.0,0.7049433494109243,0.0,0.0,0.7049433494109243
Nc1cccc(O)c1Cc1cccc(Nc2ncnc3ncncc23)c1,344.3780000000001,3.0420000000000007,109.84,3,7,0.4880356895006672,0.75,1,0,0,0,c1ccc(Cc2cccc(Nc3ncnc4ncncc34)c2)cc1,['mdm2_activator'],['MDM2'],1,1.0,0.0,0.0,0.0,0.7714107068502001,0.0,0.0,0.7714107068502001
C1=C(c2ccc3c(c2)OCO3)Nc2ccncc2C(c2ccc3ccccc3c2)=N1,391.4300000000001,5.225000000000003,55.74,1,5,0.5086678503375833,0.75,0,0,0,0,C1=C(c2ccc3c(c2)OCO3)Nc2ccncc2C(c2ccc3ccccc3c2)=N1,['mdm2_activator'],['MDM2'],1,1.0,0.0,0.0,0.0,0.5776003551012749,0.0,0.0,0.5776003551012749
N=C(Nc1ccc2nccc(-n3ccnc3)c2c1)N1Cc2ccccc2C1,354.41700000000014,3.7829700000000024,69.83,2,3,0.4244762198218139,1.0,1,0,0,0,N=C(Nc1ccc2nccc(-n3ccnc3)c2c1)N1Cc2ccccc2C1,['mdm2_activator'],['MDM2'],1,1.0,0.0,0.0,0.0,0.827342865946544,0.0,0.0,0.827342865946544
c1ccc(COC2=c3c(-n4cncn4)coc3=Nc3ccccc3O2)cc1,358.3570000000001,2.4865000000000004,74.67,0,6,0.5602694591908483,1.0,1,0,0,0,c1ccc(COC2=c3c(-n4cncn4)coc3=Nc3ccccc3O2)cc1,['mdm2_activator'],['MDM2'],1,1.0,0.0,0.0,0.0,0.8680808377572544,0.0,0.0,0.8680808377572544
Cn1cnc2c(ncn2C[C@H]2O[C@@H](OP(=O)(O)O)[C@@H](OP(=O)(O)O)[C@@H]2O)c1=O,442.21400000000006,-2.1970000000000005,215.69,5,9,0.3006800288962948,0.25,1,0,0,0,O=c1[nH]cnc2c1ncn2CC1CCCO1,['mdm2_activator'],['MDM2'],1,1.0,0.0,0.0,0.0,0.5652040086688885,0.0,0.0,0.5652040086688885
COc1cccc2c1CCN2c1nc(-c2ccc(F)cc2)c2ccncc2n1,372.403,4.533700000000003,51.14,0,5,0.5286774280131133,0.75,1,0,0,0,c1ccc(-c2nc(N3CCc4ccccc43)nc3cnccc23)cc1,['mdm2_activator'],['MDM2'],1,1.0,0.0,0.0,0.0,0.783603228403934,0.0,0.0,0.783603228403934
C=CC1=CC(=O)C2C(=O)C(=c3c(C=C(C)C(=O)O)c(C)oc3=C)C(=O)C2=C1,364.3530000000001,1.02642,101.65,1,5,0.6348467170032674,0.5,1,0,0,0,C=c1occc1=C1C(=O)C2=CC=CC(=O)C2C1=O,['mdm2_activator'],['MDM2'],1,1.0,0.0,0.0,0.0,0.7404540151009802,0.0,0.0,0.7404540151009802
Cc1c(-c2c[nH]c3cc(S(N)(=O)=O)ccc23)[nH+]c(-c2cc3ccccc3n2C)n1C,420.51800000000014,3.1020200000000013,99.95000000000002,2,2,0.46864407160347366,0.75,1,0,1,0,c1ccc2[nH]c(-c3[nH]cc(-c4c[nH]c5ccccc45)[nH+]3)cc2c1,['mdm2_activator'],['MDM2'],1,1.0,0.0,0.0,0.0,0.7655932214810421,0.0,0.0,0.7655932214810421
CN(C(=O)CN)c1cccc([C@H]([C@@H]2CCN(c3ccccn3)C2)n2cncn2)c1,391.4790000000001,1.7104999999999992,93.17,1,6,0.687611247655238,0.75,1,0,0,0,c1ccc(C(C2CCN(c3ccccn3)C2)n2cncn2)cc1,['mdm2_activator'],['MDM2'],1,1.0,0.0,0.0,0.0,0.8312833742965713,0.0,0.0,0.8312833742965713
Oc1ccc(-c2n[nH]c(C3=CC=C4NC=NN4C=C3)c2-c2ccc(O)cc2)cc1,383.4110000000002,3.7555000000000023,96.77000000000001,4,6,0.5522897565205057,0.5,1,0,0,0,C1=CN2N=CNC2=CC=C1c1[nH]nc(-c2ccccc2)c1-c1ccccc1,['mdm2_activator'],['MDM2'],1,1.0,0.0,0.0,0.0,0.7156869269561517,0.0,0.0,0.7156869269561517
O=S(=O)(O)c1cccc(-c2cccc(O)c2C2=CC=C3NC=CC=C3C=C2)c1,391.44800000000004,4.186300000000003,86.63000000000001,3,4,0.683340680044232,1.0,1,0,0,0,C1=CNC2=CC=C(c3ccccc3-c3ccccc3)C=CC2=C1,['mdm2_activator'],['MDM2'],1,1.0,0.0,0.0,0.0,0.9050022040132695,0.0,0.0,0.9050022040132695
C[C@@H](c1ccccc1)c1cccc2c1-c1[nH+]ccnc1C[C@@H](c1cn[nH]n1)O2,370.4360000000001,3.5088000000000017,77.83,1,4,0.5985805549152476,1.0,1,0,1,0,c1ccc(Cc2cccc3c2-c2[nH+]ccnc2CC(c2cn[nH]n2)O3)cc1,['mdm2_activator'],['MDM2'],1,1.0,0.0,0.0,0.0,0.8795741664745742,0.0,0.0,0.8795741664745742
c1ccc2nc3[nH]c4cc[nH]c5c6ccccc6c(c6ccccc6c3cc2c1)c45,383.4540000000002,7.219200000000003,44.47,2,1,0.2852160236422468,0.75,0,0,0,0,c1ccc2nc3[nH]c4cc[nH]c5c6ccccc6c(c6ccccc6c3cc2c1)c45,['mdm2_activator'],['MDM2'],1,1.0,0.0,0.0,0.0,0.510564807092674,0.0,0.0,0.510564807092674
Cc1cccc2c1Nc1ccc3c(c1)C1=C(C=CC1=N3)NC(=O)CC[C@H](C(=O)O)NC2=O,428.4480000000002,3.198620000000002,119.89000000000001,4,5,0.556074605307245,0.5,1,0,0,0,O=C1CCCNC(=O)c2ccccc2Nc2ccc3c(c2)C2=C(C=CC2=N3)N1,['mdm2_activator'],['MDM2'],1,1.0,0.0,0.0,0.0,0.7168223815921735,0.0,0.0,0.7168223815921735
CN1Cc2ccc(cc2)NCCc2cc(O)ccc2-c2cccc3ccc(cc23)C1,394.5180000000001,5.812400000000006,35.5,2,3,0.3948646573779339,0.75,0,0,0,0,c1ccc2c(c1)CCNc1ccc(cc1)CNCc1ccc3cccc-2c3c1,['mdm2_activator'],['MDM2'],1,1.0,0.0,0.0,0.0,0.5434593972133801,0.0,0.0,0.5434593972133801
O=C(C1=Cc2cc3ccccc3c3c(Cc4ccccc4)cnc(c23)N1)N1CCC1,391.47400000000016,4.977500000000005,45.230000000000004,1,3,0.5012616668930809,0.75,1,0,0,0,O=C(C1=Cc2cc3ccccc3c3c(Cc4ccccc4)cnc(c23)N1)N1CCC1,['mdm2_activator'],['MDM2'],1,1.0,0.0,0.0,0.0,0.7753785000679243,0.0,0.0,0.7753785000679243
C[C@H]([C@@H](O)[C@H]1OC[C@@H](O[P@@](=O)(O)OP(=O)(O)O)[C@@H]1O)n1cnc2c(=O)nc(N)[nH]c21,471.25600000000014,-2.0217,252.57,7,11,0.21525137106299938,0.0,0,0,0,0,O=c1nc[nH]c2c1ncn2CCC1CCCO1,['mdm2_activator'],['MDM2'],1,1.0,0.0,0.0,0.0,0.26457541131889983,0.0,0.0,0.26457541131889983
O=C(O)CCc1[nH]c(=O)[nH]c(=O)c1-c1cccc2cc(Nc3ccccn3)[nH]c12,391.38700000000006,2.3672999999999993,143.73,5,5,0.3412867312905244,0.5,1,0,0,0,O=c1[nH]cc(-c2cccc3cc(Nc4ccccn4)[nH]c23)c(=O)[nH]1,['mdm2_activator'],['MDM2'],1,1.0,0.0,0.0,0.0,0.6523860193871573,0.0,0.0,0.6523860193871573
NC1=NC(=O)C2=CN(C[C@@H]3OC4O[P@@](=O)(O)O[P@@](=O)(O)O[P@@](=O)(O)O[C@@H]4[C@H]3O)C2=N1,490.1510000000001,-1.7251000000000003,249.32999999999993,5,13,0.26990667014345926,0.0,0,0,0,0,O=C1N=CN=C2C1=CN2CC1CC2O[PH](=O)O[PH](=O)O[PH](=O)OC2O1,['mdm2_activator'],['MDM2'],1,1.0,0.0,0.0,0.0,0.28097200104303777,0.0,0.0,0.28097200104303777
C[N@H+]1CCc2cnccc2[C@@H]1c1c(-c2ccc(F)cc2)c2nonc2[nH]c1=O,378.38700000000006,1.2724000000000009,89.10999999999999,2,5,0.5484593846681767,0.75,1,0,1,0,O=c1[nH]c2nonc2c(-c2ccccc2)c1C1[NH2+]CCc2cnccc21,['mdm2_activator'],['MDM2'],1,1.0,0.0,0.0,0.0,0.7895378154004529,0.0,0.0,0.7895378154004529
O=C(Nc1cc2c[nH]nc2c2ccccc12)N[C@H](Cc1ccccc1)c1ccc[nH+]c1,408.48500000000007,4.635700000000003,83.95,3,2,0.395937467707576,0.75,1,0,1,0,O=C(Nc1cc2c[nH]nc2c2ccccc12)NC(Cc1ccccc1)c1ccc[nH+]c1,['mdm2_activator'],['MDM2'],1,1.0,0.0,0.0,0.0,0.7437812403122728,0.0,0.0,0.7437812403122728
O=C1CN2CCCC[C@H]2N1C1=C2C(Cc3cncc4ccccc34)=NN=C2N=N1,385.43100000000004,2.8770000000000016,85.88000000000001,0,7,0.8140793948917662,1.0,1,0,0,0,O=C1CN2CCCCC2N1C1=C2C(Cc3cncc4ccccc34)=NN=C2N=N1,['mdm2_activator'],['MDM2'],1,1.0,0.0,0.0,0.0,0.9442238184675298,0.0,0.0,0.9442238184675298
c1cc2c3nc4nc(ccc4cc3n1)NCCCc1ccc(cc1)CC2,340.43000000000006,4.321300000000003,50.7,1,4,0.4843799460887678,1.0,1,0,0,0,c1cc2c3nc4nc(ccc4cc3n1)NCCCc1ccc(cc1)CC2,['mdm2_activator'],['MDM2'],1,1.0,0.0,0.0,0.0,0.8453139838266304,0.0,0.0,0.8453139838266304
c1ccc2c([C@@H]3CCCN(c4ccnc5cnccc45)CC3)cnc-2nc1,355.44500000000016,4.298700000000002,54.800000000000004,0,5,0.5365352348325401,1.0,1,0,0,0,c1ccc2c(C3CCCN(c4ccnc5cnccc45)CC3)cnc-2nc1,['mdm2_activator'],['MDM2'],1,1.0,0.0,0.0,0.0,0.860960570449762,0.0,0.0,0.860960570449762
O=C(C[C@@H](Cc1ccccc1)c1ccccc1)N[C@H](C(=O)O)c1ccccc1,373.4520000000001,4.345100000000002,66.4,2,2,0.6170183501914919,1.0,1,0,0,0,O=C(CC(Cc1ccccc1)c1ccccc1)NCc1ccccc1,['mdm2_activator'],['MDM2'],1,1.0,0.0,0.0,0.0,0.8851055050574475,0.0,0.0,0.8851055050574475
NC(=O)[C@@H](CCNc1[nH+]cccc1-c1cc(=O)c2ccccc2[nH]1)C(=O)c1ccccc1,427.48400000000015,2.795600000000001,119.19,3,4,0.2958266545114007,0.75,1,0,1,0,O=C(CCCNc1[nH+]cccc1-c1cc(=O)c2ccccc2[nH]1)c1ccccc1,['mdm2_activator'],['MDM2'],1,1.0,0.0,0.0,0.0,0.7137479963534201,0.0,0.0,0.7137479963534201
CCOc1cccc(CNc2cc3ncn(Cc4ccco4)c3c3ccccc23)c1,397.4780000000001,5.841600000000005,52.22,1,4,0.3746981526226457,0.75,0,0,0,0,c1ccc(CNc2cc3ncn(Cc4ccco4)c3c3ccccc23)cc1,['mdm2_activator'],['MDM2'],1,1.0,0.0,0.0,0.0,0.5374094457867937,0.0,0.0,0.5374094457867937
OC(=Nc1ccccc1)C(=Cc1cccc(-n2cnnc2)c1)Cc1ccccc1,380.4510000000001,5.181600000000003,63.300000000000004,1,3,0.3701554096922906,0.75,0,0,0,0,C(=Nc1ccccc1)C(=Cc1cccc(-n2cnnc2)c1)Cc1ccccc1,['mdm2_activator'],['MDM2'],1,1.0,0.0,0.0,0.0,0.5360466229076872,0.0,0.0,0.5360466229076872
Oc1ccc2c3ccc(O)c4c3c3c(cccc3c3cccn34)c3cccc1c32,373.41100000000006,6.554300000000004,44.870000000000005,2,2,0.2959322944329162,0.75,0,0,0,0,c1cc2cccc3c4cccc5c4c4c(cccc4c4cccn45)c(c1)c23,['mdm2_activator'],['MDM2'],1,1.0,0.0,0.0,0.0,0.5137796883298749,0.0,0.0,0.5137796883298749
Cn1cnc(=O)c2cc(S(=O)(=O)c3cccc(-c4ccccc4)c3)cnc21,377.42500000000007,2.8283000000000014,81.92,0,5,0.5482913084984146,1.0,1,0,0,0,O=c1nc[nH]c2ncc(S(=O)(=O)c3cccc(-c4ccccc4)c3)cc12,['mdm2_activator'],['MDM2'],1,1.0,0.0,0.0,0.0,0.8644873925495242,0.0,0.0,0.8644873925495242
Fc1cccc(C(=Cc2cccc3[nH]cnc23)Nc2cccc3ccccc23)c1,379.4380000000001,6.465400000000004,40.71,2,2,0.35159893483047916,0.75,0,0,0,0,C(=C(Nc1cccc2ccccc12)c1ccccc1)c1cccc2[nH]cnc12,['mdm2_activator'],['MDM2'],1,1.0,0.0,0.0,0.0,0.5304796804491437,0.0,0.0,0.5304796804491437
COc1ccc2c(c1)C=c1c([n+](C)c3cccc4cc(S(=O)(=O)O)cc1c43)C=C2,404.4670000000001,3.104300000000001,67.48,1,3,0.36267862675527557,1.0,1,1,1,0,C1=Cc2[nH+]c3cccc4cccc(c2=Cc2ccccc21)c43,['mdm2_activator'],['MDM2'],1,1.0,0.0,0.0,0.2,0.7688035880265828,0.0,0.0,0.7688035880265828
Nc1nc2c3c(ccn3n1)C(N1CCC[C@H](c3n[nH]c(-c4ccccc4)n3)C1)=CN2,399.46200000000005,2.7001,113.05,3,7,0.4853329690249995,0.75,1,0,0,0,C1=C(N2CCCC(c3n[nH]c(-c4ccccc4)n3)C2)c2ccn3ncnc(c23)N1,['mdm2_activator'],['MDM2'],1,1.0,0.0,0.0,0.0,0.7705998907074998,0.0,0.0,0.7705998907074998
c1c[nH+]cc(-c2ccccc2N=c2[nH]cccc2-c2cccc3cnc[nH+]c23)c1,377.4510000000001,3.757500000000001,69.32,1,2,0.5109939212929225,1.0,1,0,1,0,c1c[nH+]cc(-c2ccccc2N=c2[nH]cccc2-c2cccc3cnc[nH+]c23)c1,['mdm2_activator'],['MDM2'],1,1.0,0.0,0.0,0.0,0.8532981763878766,0.0,0.0,0.8532981763878766
COc1cc(C)c(NC(=O)NC[C@H](Cc2ccccc2)c2ccccc2)cn1,375.47200000000004,4.546620000000003,63.25,2,3,0.6368791888325284,0.75,1,0,0,0,O=C(NCC(Cc1ccccc1)c1ccccc1)Nc1cccnc1,['mdm2_activator'],['MDM2'],1,1.0,0.0,0.0,0.0,0.8160637566497584,0.0,0.0,0.8160637566497584
ON=C1N=C(c2ccc3ccccc3n2)N=C2N=c3ccccc3=C12,325.3310000000001,1.6652999999999998,82.56,1,5,0.5451463061585328,1.0,1,0,0,0,N=C1N=C(c2ccc3ccccc3n2)N=C2N=c3ccccc3=C12,['mdm2_activator'],['MDM2'],1,1.0,0.0,0.0,0.0,0.8635438918475598,0.0,0.0,0.8635438918475598
Nc1ncnc2c1NC=CN2[C@H]1OC[C@H](O)[C@@H](CO[P@@](=O)(O)OP(=O)(O)O)O1,441.2300000000001,-0.9519,219.04999999999995,6,12,0.2930213780909678,0.25,0,0,0,0,C1=CN(C2OCCCO2)c2ncncc2N1,['mdm2_activator'],['MDM2'],1,1.0,0.0,0.0,0.0,0.36290641342729035,0.0,0.0,0.36290641342729035
OC1=C[C@@H](CNc2ccccc2-c2ccc3ccccc3c2)CCC1,329.44300000000015,6.160700000000004,32.26,2,2,0.6004760146922729,0.75,0,0,0,0,C1=CC(CNc2ccccc2-c2ccc3ccccc3c2)CCC1,['mdm2_activator'],['MDM2'],1,1.0,0.0,0.0,0.0,0.6051428044076819,0.0,0.0,0.6051428044076819
c1ccc([C@@H]2c3cccc4cccc(c34)C[C@H]3C[C@@H](N4CCNCC4)CCN32)cc1,397.5660000000002,4.223500000000003,18.509999999999998,1,3,0.6983687470140428,1.0,1,0,0,0,c1ccc(C2c3cccc4cccc(c34)CC3CC(N4CCNCC4)CCN32)cc1,['mdm2_activator'],['MDM2'],1,1.0,0.0,0.0,0.0,0.9095106241042128,0.0,0.0,0.9095106241042128
OC1=C2NC=CC=C2N=C2c3ccccc3N[C@@H](Nc3ccccc3)CN21,357.4170000000001,3.3404000000000016,71.91999999999999,4,6,0.6635569856746761,0.75,1,0,0,0,C1=CNC2=CN3CC(Nc4ccccc4)Nc4ccccc4C3=NC2=C1,['mdm2_activator'],['MDM2'],1,1.0,0.0,0.0,0.0,0.8240670957024028,0.0,0.0,0.8240670957024028
Cn1cnc2c(ncn2[C@@H](Cc2ccccc2)Nc2ccccc2)c1=O,345.40600000000006,2.9834000000000005,64.74000000000001,1,4,0.6038674381422741,1.0,1,0,0,0,O=c1[nH]cnc2c1ncn2C(Cc1ccccc1)Nc1ccccc1,['mdm2_activator'],['MDM2'],1,1.0,0.0,0.0,0.0,0.8811602314426821,0.0,0.0,0.8811602314426821
NCc1cccc2[nH+]cc(-c3[nH]ncc3NC(=O)c3c[nH+]ccc3O)cc12,362.39300000000003,1.2746999999999993,132.31,4,4,0.435077534144373,0.25,1,0,1,0,O=C(Nc1cn[nH]c1-c1c[nH+]c2ccccc2c1)c1ccc[nH+]c1,['mdm2_activator'],['MDM2'],1,1.0,0.0,0.0,0.0,0.6055232602433119,0.0,0.0,0.6055232602433119
Cc1ccc2c(ccc3c(C4=C(C(=O)O)C=C5N=c6ccccc6=[N+]54)ccn32)c1,378.41100000000006,2.876120000000002,57.08,1,2,0.5455378715788249,1.0,1,0,1,0,C1=C2N=c3ccccc3=[N+]2C(c2ccn3c2ccc2ccccc23)=C1,['mdm2_activator'],['MDM2'],1,1.0,0.0,0.0,0.0,0.8636613614736475,0.0,0.0,0.8636613614736475
O=C(O)[C@@H]1Cc2cc3ccccc3nc2-c2cccc3nccc(c23)C1,340.3820000000001,4.249400000000003,63.08,1,3,0.562552637513696,1.0,1,0,0,0,c1ccc2nc3c(cc2c1)CCCc1ccnc2cccc-3c12,['mdm2_activator'],['MDM2'],1,1.0,0.0,0.0,0.0,0.8687657912541087,0.0,0.0,0.8687657912541087
c1ccc(CN(c2ccccc2)[C@H](c2ccccc2)[C@@H]2CCCNC2)cc1,356.5130000000002,5.434100000000005,15.27,1,2,0.6330253597888317,0.75,0,0,0,0,c1ccc(CN(c2ccccc2)C(c2ccccc2)C2CCCNC2)cc1,['mdm2_activator'],['MDM2'],1,1.0,0.0,0.0,0.0,0.6149076079366496,0.0,0.0,0.6149076079366496
Oc1ccc([C@@H]2Cc3c(ncnc3-c3ccccc3)Nc3ccccc32)cn1,366.4240000000001,4.675800000000003,70.93,2,5,0.5391196027594016,0.75,1,0,0,0,c1ccc(-c2ncnc3c2CC(c2cccnc2)c2ccccc2N3)cc1,['mdm2_activator'],['MDM2'],1,1.0,0.0,0.0,0.0,0.7867358808278204,0.0,0.0,0.7867358808278204
Cc1ccccc1CN1Cc2cnc(N)nc2[C@H]2CN(c3ccccc3)CC[C@@H]21,385.5150000000001,3.7455200000000026,58.28000000000001,1,5,0.7441645842671193,1.0,1,0,0,0,c1ccc(CN2Cc3cncnc3C3CN(c4ccccc4)CCC32)cc1,['mdm2_activator'],['MDM2'],1,1.0,0.0,0.0,0.0,0.9232493752801356,0.0,0.0,0.9232493752801356
Cc1cc2c3cccc(-c4ccccc4)c3c3nc4ncccc4nc1c23,345.4050000000001,5.897620000000004,38.67,0,3,0.37240129474666883,0.75,0,0,0,0,c1ccc(-c2cccc3c4ccc5nc6cccnc6nc(c23)c54)cc1,['mdm2_activator'],['MDM2'],1,1.0,0.0,0.0,0.0,0.5367203884240006,0.0,0.0,0.5367203884240006
c1c[nH+]cc(-c2ccc(CCN=c3nc[nH]c4nonc34)cc3cccc2-3)c1,369.4080000000001,2.675200000000001,94.1,1,5,0.5268871487289595,0.75,1,0,1,0,c1c[nH+]cc(-c2ccc(CCN=c3nc[nH]c4nonc34)cc3cccc2-3)c1,['mdm2_activator'],['MDM2'],1,1.0,0.0,0.0,0.0,0.7830661446186877,0.0,0.0,0.7830661446186877
O=C(c1cccc(-c2ccccc2)c1)[C@H]1C=C(O)O[C@H](c2cccc(N(O)O)c2)C1,403.43400000000014,5.298300000000004,90.23,3,6,0.39568939763907957,0.5,0,0,0,0,O=C(c1cccc(-c2ccccc2)c1)C1C=COC(c2ccccc2)C1,['mdm2_activator'],['MDM2'],1,1.0,0.0,0.0,0.0,0.46870681929172386,0.0,0.0,0.46870681929172386
NC(=O)[C@H]1CCCCN1C(=O)c1cc(-c2ccccc2)cc2c(C(=O)O)ncn12,392.41500000000013,2.1795,118.0,2,4,0.7054978136880037,0.75,1,0,0,0,O=C(c1cc(-c2ccccc2)cc2cncn12)N1CCCCC1,['mdm2_activator'],['MDM2'],1,1.0,0.0,0.0,0.0,0.8366493441064011,0.0,0.0,0.8366493441064011
CNCCOc1[nH+]c2ccc(O)cc2cc1-c1cc(-c2ccccc2)n[nH]1,361.425,3.014800000000001,84.31,3,4,0.4610354556268909,1.0,1,0,1,0,c1ccc(-c2cc(-c3c[nH+]c4ccccc4c3)[nH]n2)cc1,['mdm2_activator'],['MDM2'],1,1.0,0.0,0.0,0.0,0.8383106366880673,0.0,0.0,0.8383106366880673
Nc1nc(O)c2cc(-c3cccc4nc[nH]c34)c3[n+](c2n1)CCNCCN3,363.40500000000014,0.7634999999999994,128.64999999999998,5,7,0.31586415976480037,0.25,1,0,1,0,c1cc(-c2cc3cncnc3[n+]3c2NCCNCC3)c2[nH]cnc2c1,['mdm2_activator'],['MDM2'],1,1.0,0.0,0.0,0.0,0.5697592479294402,0.0,0.0,0.5697592479294402
O=C(O)c1cccc(C(=O)Nc2[s+]c3nc(-c4ccccc4)c4ccccc2c34)c1,411.4620000000001,5.7859000000000025,79.28999999999999,2,3,0.36716555056121347,0.75,0,0,1,0,O=C(Nc1[s+]c2nc(-c3ccccc3)c3ccccc1c23)c1ccccc1,['mdm2_activator'],['MDM2'],1,1.0,0.0,0.0,0.0,0.535149665168364,0.0,0.0,0.535149665168364
CN1CCc2cc3ccc4c(cccc4c3c3ccc(=O)oc23)CNc2ccc(cc2)C1,420.5120000000002,5.699400000000006,45.480000000000004,1,4,0.25785260050242775,0.75,0,0,0,0,O=c1ccc2c(o1)c1cc3ccc4c(cccc4c32)CNc2ccc(cc2)CNCC1,['mdm2_activator'],['MDM2'],1,1.0,0.0,0.0,0.0,0.5023557801507283,0.0,0.0,0.5023557801507283
Cc1ccc([C@@H]2O[C@@H]([C@H](O)COP(=O)(O)O)Nc3[nH]c(=O)[nH]c(=O)c32)cc1,399.29600000000005,-0.30058000000000096,173.96999999999997,6,7,0.3688564310721571,0.25,0,0,0,0,O=c1[nH]c2c(c(=O)[nH]1)C(c1ccccc1)OCN2,['mdm2_activator'],['MDM2'],1,1.0,0.0,0.0,0.0,0.38565692932164714,0.0,0.0,0.38565692932164714
C1=NCCc2ccc3cccc4ncc(c-4c3c2)-c2cccc(c2)-c2ccccc21,384.4820000000001,6.648600000000005,25.25,0,2,0.2933887357969136,0.75,0,0,0,0,C1=NCCc2ccc3cccc4ncc(c-4c3c2)-c2cccc(c2)-c2ccccc21,['mdm2_activator'],['MDM2'],1,1.0,0.0,0.0,0.0,0.5130166207390741,0.0,0.0,0.5130166207390741
COc1cccc2c(Nc3cccc(CNCc4cccc(F)c4)c3)ccnc12,387.458,5.415900000000004,46.18,2,4,0.4447140162948752,0.75,0,0,0,0,c1ccc(CNCc2cccc(Nc3ccnc4ccccc34)c2)cc1,['mdm2_activator'],['MDM2'],1,1.0,0.0,0.0,0.0,0.5584142048884626,0.0,0.0,0.5584142048884626
c1cnc2c(c1)CCCCOc1cc(ccn1)CN1CC[C@@H](C1)Nc1ncc-2cn1,402.5020000000002,3.3351000000000015,76.06,1,7,0.6179822625701951,1.0,1,0,0,0,c1cnc2c(c1)CCCCOc1cc(ccn1)CN1CCC(C1)Nc1ncc-2cn1,['mdm2_activator'],['MDM2'],1,1.0,0.0,0.0,0.0,0.8853946787710585,0.0,0.0,0.8853946787710585
Nc1ccc2c(c1)nc1c3c(cccc32)C(c2ccccc2)=Nc2ccccc2-1,371.4430000000001,6.1197000000000035,51.269999999999996,1,3,0.27954554020031613,0.75,0,0,0,0,c1ccc(C2=Nc3ccccc3-c3nc4ccccc4c4cccc2c34)cc1,['mdm2_activator'],['MDM2'],1,1.0,0.0,0.0,0.0,0.5088636620600948,0.0,0.0,0.5088636620600948
O=C1c2ccccc2-c2c1sc(-c1ccc(F)cc1)c2CNO,325.36400000000003,4.244400000000002,49.33,2,4,0.5538404076935187,1.0,1,0,0,0,O=C1c2ccccc2-c2cc(-c3ccccc3)sc21,['mdm2_activator'],['MDM2'],1,1.0,0.0,0.0,0.0,0.8661521223080555,0.0,0.0,0.8661521223080555
Cc1cccc2c1Nc1ccnc3ccc(Nc4cccc(C(O)=NO)c4)c-2c13,382.4230000000002,5.704620000000003,89.77000000000001,4,5,0.13897278753424733,0.5,0,0,0,0,c1ccc(Nc2ccc3nccc4c3c2-c2ccccc2N4)cc1,['mdm2_activator'],['MDM2'],1,1.0,0.0,0.0,0.0,0.3916918362602742,0.0,0.0,0.3916918362602742
COc1ccc(C[C@H](C(=O)O)c2cc3ccccc3c3cccnc23)cc1,357.40900000000005,4.807500000000004,59.42,1,3,0.5209380957403226,0.75,1,0,0,0,c1ccc(CCc2cc3ccccc3c3cccnc23)cc1,['mdm2_activator'],['MDM2'],1,1.0,0.0,0.0,0.0,0.7812814287220968,0.0,0.0,0.7812814287220968
O=C1C2=CNN(c3ccccc3)C=C2[C@@H](c2ccccc2)CN1Cc1cccc[nH+]1,395.48600000000016,3.4193000000000016,49.720000000000006,1,3,0.7365023287585352,1.0,1,0,1,0,O=C1C2=CNN(c3ccccc3)C=C2C(c2ccccc2)CN1Cc1cccc[nH+]1,['mdm2_activator'],['MDM2'],1,1.0,0.0,0.0,0.0,0.9209506986275604,0.0,0.0,0.9209506986275604
c1ccc(Oc2cc(Nc3ccccc3Nc3ccnc4ccccc34)ccn2)cc1,404.4730000000001,6.909300000000004,59.07,2,5,0.321958390313028,0.75,0,0,0,0,c1ccc(Oc2cc(Nc3ccccc3Nc3ccnc4ccccc34)ccn2)cc1,['mdm2_activator'],['MDM2'],1,1.0,0.0,0.0,0.0,0.5215875170939084,0.0,0.0,0.5215875170939084
Cc1cc(F)ccc1Nc1ncc(CN2CCCC2)c2[nH]ccc12,324.403,4.349820000000002,43.95,2,3,0.7496978277419684,1.0,1,0,0,0,c1ccc(Nc2ncc(CN3CCCC3)c3[nH]ccc23)cc1,['mdm2_activator'],['MDM2'],1,1.0,0.0,0.0,0.0,0.9249093483225905,0.0,0.0,0.9249093483225905
Oc1ccc(C2=C3C=c4cc(O)ccc4=CN=C3c3ccccc3N2O)cc1,368.39200000000005,2.7397,76.29,3,5,0.6173648399344375,1.0,1,0,0,0,C1=c2ccccc2=CC2=C(c3ccccc3)Nc3ccccc3C2=N1,['mdm2_activator'],['MDM2'],1,1.0,0.0,0.0,0.0,0.8852094519803313,0.0,0.0,0.8852094519803313
CC(=O)Nc1ncc(Cc2cccc3nc(C)ccc23)c(Nc2ccccn2)n1,384.4430000000001,4.021020000000002,92.69,2,6,0.539808456387343,0.75,1,0,0,0,c1ccc(Nc2ncncc2Cc2cccc3ncccc23)nc1,['mdm2_activator'],['MDM2'],1,1.0,0.0,0.0,0.0,0.7869425369162029,0.0,0.0,0.7869425369162029
Fc1ccccc1-c1ccnc2oc(Nc3ccnc4ccccc34)nc12,356.36000000000007,5.320700000000003,63.84,1,5,0.4738423836713413,0.75,0,0,0,0,c1ccc(-c2ccnc3oc(Nc4ccnc5ccccc45)nc23)cc1,['mdm2_activator'],['MDM2'],1,1.0,0.0,0.0,0.0,0.5671527151014024,0.0,0.0,0.5671527151014024
Cn1c(=O)[nH]c2c(c1=O)N1C3=CC4=CC=c5cccc(F)c5=[NH+]C4=C[C@H]3N=C1O2,390.3540000000001,-1.947999999999998,93.66000000000001,2,5,0.54710436360968,0.5,1,0,1,0,O=c1[nH]c2c(c(=O)[nH]1)N1C3=CC4=CC=c5ccccc5=[NH+]C4=CC3N=C1O2,['mdm2_activator'],['MDM2'],1,1.0,0.0,0.0,0.0,0.714131309082904,0.0,0.0,0.714131309082904
Nc1nc(-c2cccn2-c2ccccc2)c(CCc2cnc3[nH]cccc2-3)[nH]1,368.444,4.062700000000002,88.31,3,3,0.4369605122596863,1.0,1,0,0,0,c1ccc(-n2cccc2-c2nc[nH]c2CCc2cnc3[nH]cccc2-3)cc1,['mdm2_activator'],['MDM2'],1,1.0,0.0,0.0,0.0,0.8310881536779058,0.0,0.0,0.8310881536779058
O=C(NCn1c2c(c3ccccc31)NC=Cc1ccccc1-2)c1ccc[nH+]c1,367.4320000000001,3.906100000000002,60.2,2,2,0.576791129001791,1.0,1,1,1,0,O=C(NCn1c2c(c3ccccc31)NC=Cc1ccccc1-2)c1ccc[nH+]c1,['mdm2_activator'],['MDM2'],1,1.0,0.0,0.0,0.2,0.8330373387005373,0.0,0.0,0.8330373387005373
COc1cc2c(cc1O)=NC1=C(c3ccccc3)c3ccccc3C(=O)[N+]=21,355.37300000000005,2.096,61.9,1,4,0.7163462466224987,1.0,1,0,1,0,O=C1c2ccccc2C(c2ccccc2)=C2N=c3ccccc3=[N+]12,['mdm2_activator'],['MDM2'],1,1.0,0.0,0.0,0.0,0.9149038739867494,0.0,0.0,0.9149038739867494
Nc1ccc([C@@H](C(=O)O[SH](=O)(O)O)N2CCc3[nH]c4ccccc4c3CC2)cc1,417.4870000000002,2.3129,128.88000000000002,5,5,0.32537649668377155,0.5,1,1,0,0,c1ccc(CN2CCc3[nH]c4ccccc4c3CC2)cc1,['mdm2_activator'],['MDM2'],1,1.0,0.0,0.0,0.2,0.6076129490051315,0.0,0.0,0.6076129490051315
O=P(O)(O)[C@@H](Cc1ccccc1)NCc1ccccc1-c1ccccc1,367.3850000000001,4.189700000000003,69.56,3,2,0.5478672025407799,1.0,1,0,0,0,c1ccc(CCNCc2ccccc2-c2ccccc2)cc1,['mdm2_activator'],['MDM2'],1,1.0,0.0,0.0,0.0,0.864360160762234,0.0,0.0,0.864360160762234
Cc1cccc2c1ccc1c2c2ccccc2n2c3cccc(C(=O)O)c3nc12,376.41500000000013,5.953720000000004,54.6,1,2,0.3606160062699175,0.75,0,0,0,0,c1ccc2c(c1)ccc1c2c2ccccc2n2c3ccccc3nc12,['mdm2_activator'],['MDM2'],1,1.0,0.0,0.0,0.0,0.5331848018809753,0.0,0.0,0.5331848018809753
Oc1ccc(CCn2c3ccccc3c3ccccc32)cc1O,303.3610000000001,4.448400000000004,45.39,2,2,0.5492578301169753,1.0,1,1,0,0,c1ccc(CCn2c3ccccc3c3ccccc32)cc1,['mdm2_activator'],['MDM2'],1,1.0,0.0,0.0,0.2,0.8247773490350926,0.0,0.0,0.8247773490350926
O=C(O)c1cccc(N(CCCc2nc3cccccc-3n2)Cc2ccccn2)n1,399.45400000000006,3.7090000000000023,92.1,1,6,0.4827515474088836,0.75,1,0,0,0,c1ccc2nc(CCCN(Cc3ccccn3)c3ccccn3)nc-2cc1,['mdm2_activator'],['MDM2'],1,1.0,0.0,0.0,0.0,0.769825464222665,0.0,0.0,0.769825464222665
CN(C[C@@H](c1ccccc1)n1cncn1)C(=O)C[C@@H](c1ccccc1)c1ccccn1,411.50900000000007,3.943100000000003,63.910000000000004,0,4,0.4405060196798435,1.0,1,0,0,0,O=C(CC(c1ccccc1)c1ccccn1)NCC(c1ccccc1)n1cncn1,['mdm2_activator'],['MDM2'],1,1.0,0.0,0.0,0.0,0.832151805903953,0.0,0.0,0.832151805903953
O=C1c2ccccc2Nc2csc3ncnc(c23)Nc2ccccc21,344.39900000000006,4.722900000000003,66.91,2,6,0.4252680324322359,0.75,1,1,0,0,O=C1c2ccccc2Nc2csc3ncnc(c23)Nc2ccccc21,['mdm2_activator'],['MDM2'],1,1.0,0.0,0.0,0.2,0.7125804097296707,0.0,0.0,0.7125804097296707
C1=NC2=NCCN3C[C@H](NCC(=C1)N2)c1ncnc2cccc(c12)[C@H]3c1ccccc1,409.4970000000001,2.593000000000001,77.8,2,7,0.6460625935629046,1.0,1,0,0,0,C1=NC2=NCCN3CC(NCC(=C1)N2)c1ncnc2cccc(c12)C3c1ccccc1,['mdm2_activator'],['MDM2'],1,1.0,0.0,0.0,0.0,0.8938187780688713,0.0,0.0,0.8938187780688713
Cc1c[nH+]c(N2CCN[C@H](c3ccccc3)C2)c2c1[nH]c1ccccc12,343.45400000000006,3.594520000000002,45.2,2,2,0.5841074980661211,1.0,1,0,1,0,c1ccc(C2CN(c3[nH+]ccc4[nH]c5ccccc5c34)CCN2)cc1,['mdm2_activator'],['MDM2'],1,1.0,0.0,0.0,0.0,0.8752322494198364,0.0,0.0,0.8752322494198364
CN1C[C@@H]2CN(Cc3ccncc3)C[C@@H]2N(c2ccc(N)nc2)C1=O,338.41500000000013,1.4311999999999998,78.59,1,5,0.9158767186320266,0.75,1,0,0,0,O=C1NCC2CN(Cc3ccncc3)CC2N1c1cccnc1,['mdm2_activator'],['MDM2'],1,1.0,0.0,0.0,0.0,0.8997630155896079,0.0,0.0,0.8997630155896079
Cc1ccc(N)c2c1NC=C(c1cccc(CN3CCN(C)C3=O)c1)C=C2,360.4610000000001,3.924420000000003,61.6,2,3,0.8156305529725432,1.0,1,0,0,0,O=C1NCCN1Cc1cccc(C2=CNc3ccccc3C=C2)c1,['mdm2_activator'],['MDM2'],1,1.0,0.0,0.0,0.0,0.9446891658917629,0.0,0.0,0.9446891658917629
O=C1Nc2ccc(cc2)CNC(O)=Nc2cccc(c2)Nc2cccc1c2,358.401,4.331200000000002,85.75,4,4,0.48173733906559574,0.75,1,0,0,0,O=C1Nc2ccc(cc2)CNC=Nc2cccc(c2)Nc2cccc1c2,['mdm2_activator'],['MDM2'],1,1.0,0.0,0.0,0.0,0.7695212017196786,0.0,0.0,0.7695212017196786
CN(CCCc1cn2cnc3cccc1c32)Cc1cc2c(N)ncnc2c2ccccc12,420.52000000000015,4.668500000000003,72.34,1,5,0.3965934591188789,0.75,1,0,0,0,c1ccc2c(c1)c(CNCCCc1cn3cnc4cccc1c43)cc1cncnc12,['mdm2_activator'],['MDM2'],1,1.0,0.0,0.0,0.0,0.7439780377356637,0.0,0.0,0.7439780377356637
Nc1ncc2ccc(-c3nc4c(s3)-c3ccccc3CNS4(=O)=O)cc2n1,395.4690000000001,2.7943999999999996,110.86,2,7,0.5126473709722785,0.75,1,0,0,0,O=S1(=O)NCc2ccccc2-c2sc(-c3ccc4cncnc4c3)nc21,['mdm2_activator'],['MDM2'],1,1.0,0.0,0.0,0.0,0.7787942112916835,0.0,0.0,0.7787942112916835
CC1=[NH+]C2=c3ccccc3=C(c3cc([C@@H]4CCCN4c4ccccc4)n(C)c3)[N+]2=C1,394.522,1.2408,25.15,1,1,0.6647618992000706,0.75,1,0,1,0,C1=[NH+]C2=c3ccccc3=C(c3c[nH]c(C4CCCN4c4ccccc4)c3)[N+]2=C1,['mdm2_activator'],['MDM2'],1,1.0,0.0,0.0,0.0,0.8244285697600211,0.0,0.0,0.8244285697600211
Oc1cc(F)ccc1N1C=CC=c2[nH+]c3c(cc2=C1)[nH]c1ccccc13,344.3690000000001,2.532300000000001,53.4,2,2,0.5575205605550755,1.0,1,0,1,0,C1=CN(c2ccccc2)C=c2cc3[nH]c4ccccc4c3[nH+]c2=C1,['mdm2_activator'],['MDM2'],1,1.0,0.0,0.0,0.0,0.8672561681665225,0.0,0.0,0.8672561681665225
c1ccc2c(c1)[nH+]c1c3cc[nH]cc4cccc(c5nccc2c51)c43,320.37500000000006,4.9898000000000025,42.82,1,1,0.3108261441123274,0.75,1,0,1,0,c1ccc2c(c1)[nH+]c1c3cc[nH]cc4cccc(c5nccc2c51)c43,['mdm2_activator'],['MDM2'],1,1.0,0.0,0.0,0.0,0.7182478432336983,0.0,0.0,0.7182478432336983
COc1ccc2c3c(c[nH]c13)CCNC1=NC(=NCc3cccc-2c3)NC(O)=N1,388.43100000000004,2.7184,106.39,4,6,0.5141827906267273,0.5,1,0,0,0,C1=NC2=NC(=NCc3cccc(c3)-c3cccc4[nH]cc(c34)CCN2)N1,['mdm2_activator'],['MDM2'],1,1.0,0.0,0.0,0.0,0.7042548371880182,0.0,0.0,0.7042548371880182
O=C(O)COc1c2c(c3ccc(O)cc3c1C(=O)O)[C@H](c1ccccc1)CO2,380.3520000000001,3.231300000000001,113.29000000000002,3,5,0.6226405495624694,0.75,1,0,0,0,c1ccc(C2COc3ccc4ccccc4c32)cc1,['mdm2_activator'],['MDM2'],1,1.0,0.0,0.0,0.0,0.8117921648687407,0.0,0.0,0.8117921648687407
C(=NNc1nc[nH]c2c(-c3ccccc3)cnc1-2)c1cccc2ccccc12,363.4240000000001,5.175700000000003,65.96000000000001,2,4,0.34163960542870564,0.75,0,0,0,0,C(=NNc1nc[nH]c2c(-c3ccccc3)cnc1-2)c1cccc2ccccc12,['mdm2_activator'],['MDM2'],1,1.0,0.0,0.0,0.0,0.5274918816286116,0.0,0.0,0.5274918816286116
Oc1ccc([C@@H](c2ccccc2)n2cc(N3CCCC3)c3cnc(O)cc32)cc1,385.4670000000001,4.685400000000005,61.519999999999996,2,4,0.5351948190380196,0.75,1,0,0,0,c1ccc(C(c2ccccc2)n2cc(N3CCCC3)c3cnccc32)cc1,['mdm2_activator'],['MDM2'],1,1.0,0.0,0.0,0.0,0.7855584457114058,0.0,0.0,0.7855584457114058
O=S(=O)(O)c1ccc2nc(-c3cccnc3)n3nc(Cc4ccccc4)cc3c2c1,416.46200000000016,3.7820000000000027,97.45,1,5,0.44790743429073143,0.75,1,0,0,0,c1ccc(Cc2cc3c4ccccc4nc(-c4cccnc4)n3n2)cc1,['mdm2_activator'],['MDM2'],1,1.0,0.0,0.0,0.0,0.7593722302872195,0.0,0.0,0.7593722302872195
Nc1[nH+]cc(S(=O)(=O)O)cc1[C@@H]1CN(c2ccnc3c(=O)nc[nH]c23)CCO1,405.4160000000002,-0.4610000000000001,165.64,3,8,0.488608657194883,0.5,1,0,1,0,O=c1nc[nH]c2c(N3CCOC(c4ccc[nH+]c4)C3)ccnc12,['mdm2_activator'],['MDM2'],1,1.0,0.0,0.0,0.0,0.6965825971584649,0.0,0.0,0.6965825971584649
COCCNc1ccccc1C(=O)NCCc1cccc(CCc2ccccc2)c1,402.5380000000001,4.502600000000004,50.36,2,3,0.46435615171811956,0.75,1,0,0,0,O=C(NCCc1cccc(CCc2ccccc2)c1)c1ccccc1,['mdm2_activator'],['MDM2'],1,1.0,0.0,0.0,0.0,0.7643068455154358,0.0,0.0,0.7643068455154358
O=C(O)c1cccc(-c2c(-c3ccc(O)cc3)c3ccc(C(=O)O)cc3oc2=O)c1,402.3580000000002,4.229000000000003,125.03999999999999,3,5,0.4362706911488458,0.75,1,0,0,0,O=c1oc2ccccc2c(-c2ccccc2)c1-c1ccccc1,['mdm2_activator'],['MDM2'],1,1.0,0.0,0.0,0.0,0.7558812073446537,0.0,0.0,0.7558812073446537
Nc1cc2[nH]cc(-c3[nH+]c4ccccc4c4cc(C(=O)O)ccc34)c2cn1,355.37700000000007,3.6308000000000016,106.14000000000001,3,3,0.4203651933293425,0.75,1,0,1,0,c1ccc2c(c1)[nH+]c(-c1c[nH]c3ccncc13)c1ccccc12,['mdm2_activator'],['MDM2'],1,1.0,0.0,0.0,0.0,0.7511095579988027,0.0,0.0,0.7511095579988027
Cc1nc2c(-c3cncnc3N3CCNCC3)nccc2c2nc(O)cnc12,374.4080000000001,1.4536199999999995,112.84000000000002,2,9,0.5033431572894291,0.5,1,0,0,0,c1ncc(-c2nccc3c2ncc2nccnc23)c(N2CCNCC2)n1,['mdm2_activator'],['MDM2'],1,1.0,0.0,0.0,0.0,0.7010029471868287,0.0,0.0,0.7010029471868287
Oc1cc(-c2ccccc2-c2ccccc2)nc(-c2ncnc3ncnn23)n1,367.372,3.015900000000002,101.98,1,7,0.522776491993864,0.75,1,0,0,0,c1ccc(-c2ccccc2-c2ccnc(-c3ncnc4ncnn34)n2)cc1,['mdm2_activator'],['MDM2'],1,1.0,0.0,0.0,0.0,0.7818329475981591,0.0,0.0,0.7818329475981591
O=C1Nc2ccc(cc2)OCCCNCc2cncc(c2)-c2cccc1n2,360.41700000000003,3.2680000000000016,76.14,2,5,0.6434621681595185,1.0,1,0,0,0,O=C1Nc2ccc(cc2)OCCCNCc2cncc(c2)-c2cccc1n2,['mdm2_activator'],['MDM2'],1,1.0,0.0,0.0,0.0,0.8930386504478556,0.0,0.0,0.8930386504478556
NC1=CC=CNc2c(C(=O)C(=O)[N@@H+]3CCCc4cccc5cccc3c45)cccc21,396.4700000000001,2.950700000000001,76.63,3,4,0.4598507656081947,1.0,1,0,1,0,O=C(C(=O)[NH+]1CCCc2cccc3cccc1c23)c1cccc2c1NC=CC=C2,['mdm2_activator'],['MDM2'],1,1.0,0.0,0.0,0.0,0.8379552296824584,0.0,0.0,0.8379552296824584
OC1=CNC(c2cnc3ccncc[n+]2-3)=c2cnc3ccccc3c2=N1,341.3540000000001,0.47549999999999937,87.17,2,6,0.4917688487290156,0.75,1,0,1,0,C1=CNC(c2cnc3ccncc[n+]2-3)=c2cnc3ccccc3c2=N1,['mdm2_activator'],['MDM2'],1,1.0,0.0,0.0,0.0,0.7725306546187047,0.0,0.0,0.7725306546187047
O=C(O)c1cccc(N2C(=O)c3cnc4ccccc4c3[C@H]2c2ccccc2)c1,380.4030000000001,4.682800000000004,70.5,1,3,0.560065089112849,0.75,1,0,0,0,O=C1c2cnc3ccccc3c2C(c2ccccc2)N1c1ccccc1,['mdm2_activator'],['MDM2'],1,1.0,0.0,0.0,0.0,0.7930195267338547,0.0,0.0,0.7930195267338547
Nc1nc(=O)c2c([nH]1)N=C(c1ccc3ccccc3c1)C2=Cc1ccccc1,364.4080000000001,4.180300000000003,84.13,2,4,0.5595123903252658,1.0,1,0,0,0,O=c1nc[nH]c2c1C(=Cc1ccccc1)C(c1ccc3ccccc3c1)=N2,['mdm2_activator'],['MDM2'],1,1.0,0.0,0.0,0.0,0.8678537170975797,0.0,0.0,0.8678537170975797
N[P@@](=O)(O)OC[C@H]1[C@H](O)[C@@H](O)[C@H](c2cnccc2CCC(=O)O)O[C@@H]1c1cccnc1,453.38800000000026,0.7200999999999986,185.32,5,8,0.3546358514199604,0.0,1,0,0,0,c1cncc(C2CCCC(c3cccnc3)O2)c1,['mdm2_activator'],['MDM2'],1,1.0,0.0,0.0,0.0,0.5063907554259881,0.0,0.0,0.5063907554259881
N=Cc1c(-c2ccccc2)c(CN2CC[C@H](C(=O)O)C2)nc2ccccc12,359.42900000000003,3.805970000000003,77.28,2,4,0.679329242804835,1.0,1,0,0,0,c1ccc(-c2cc3ccccc3nc2CN2CCCC2)cc1,['mdm2_activator'],['MDM2'],1,1.0,0.0,0.0,0.0,0.9037987728414505,0.0,0.0,0.9037987728414505
COc1ccc(C[C@H](c2ccccc2)N2CCc3ncccc3C2)cc1,344.4580000000001,4.432300000000003,25.36,0,3,0.6844320779924112,1.0,1,0,0,0,c1ccc(CC(c2ccccc2)N2CCc3ncccc3C2)cc1,['mdm2_activator'],['MDM2'],1,1.0,0.0,0.0,0.0,0.9053296233977233,0.0,0.0,0.9053296233977233
N=c1ncn(C[C@@H]2OC[C@H](O[P@@](=O)(O)OP(=O)(O)O)[C@@H]2O)c2ncncc12,423.2150000000001,-1.33963,210.2,5,10,0.3418448675977527,0.25,1,0,0,0,N=c1ncn(CC2CCCO2)c2ncncc12,['mdm2_activator'],['MDM2'],1,1.0,0.0,0.0,0.0,0.5775534602793257,0.0,0.0,0.5775534602793257
c1ccc2c(Nc3cn([C@H]4CCCNCC4)c4cnccc34)ccnc2c1,357.461,4.642700000000003,54.77,2,4,0.5606383353126805,0.75,1,0,0,0,c1ccc2c(Nc3cn(C4CCCNCC4)c4cnccc34)ccnc2c1,['mdm2_activator'],['MDM2'],1,1.0,0.0,0.0,0.0,0.7931915005938042,0.0,0.0,0.7931915005938042
Cc1c(Cc2ccccc2)nc2nonc2c1N[C@]12CC[C@H]3C[C@H](C[C@H]3C1)C2,374.4880000000002,4.897720000000004,63.84,1,5,0.7037251213286718,0.75,1,0,0,0,c1ccc(Cc2cc(NC34CCC5CC(CC5C3)C4)c3nonc3n2)cc1,['mdm2_activator'],['MDM2'],1,1.0,0.0,0.0,0.0,0.8361175363986015,0.0,0.0,0.8361175363986015
CC1=CC(=O)[n+]2occ3c(-c4c[nH]c5ccccc45)c4[nH]ccc4c1c32,340.3620000000001,4.407000000000003,65.67,2,2,0.44403314891299983,1.0,1,1,1,0,O=C1C=Cc2c3cc[nH]c3c(-c3c[nH]c4ccccc34)c3co[n+]1c23,['mdm2_activator'],['MDM2'],1,1.0,0.0,0.0,0.2,0.7932099446738999,0.0,0.0,0.7932099446738999
Oc1cccc(-c2cc[nH]c2N[C@@H]2CCCN(c3ccccc3)C2)c1,333.435,4.468200000000002,51.29,3,3,0.6601935309125622,1.0,1,0,0,0,c1ccc(-c2cc[nH]c2NC2CCCN(c3ccccc3)C2)cc1,['mdm2_activator'],['MDM2'],1,1.0,0.0,0.0,0.0,0.8980580592737686,0.0,0.0,0.8980580592737686
CN1CCC[C@H]2c3ccccc3N(C(=O)CSc3nc(-c4ccccc4)cs3)[C@@H]21,421.59100000000007,5.084300000000004,36.44,0,5,0.550340011796537,0.75,0,0,0,0,O=C(CSc1nc(-c2ccccc2)cs1)N1c2ccccc2C2CCCNC21,['mdm2_activator'],['MDM2'],1,1.0,0.0,0.0,0.0,0.590102003538961,0.0,0.0,0.590102003538961
CCCCCc1cccc2c1c[n+](Cc1ccccc1C)c1ccccc21,354.5170000000001,6.369920000000007,3.88,0,0,0.21510090362580334,0.75,0,0,1,0,c1ccc(C[n+]2cc3ccccc3c3ccccc32)cc1,['mdm2_activator'],['MDM2'],1,1.0,0.0,0.0,0.0,0.489530271087741,0.0,0.0,0.489530271087741
N=C1CCCCCOc2cccc(c2F)CN2C(=O)CC=C(N1)C2=O,345.3740000000001,2.48817,82.49000000000001,2,4,0.7079018739054853,1.0,1,0,0,0,N=C1CCCCCOc2cccc(c2)CN2C(=O)CC=C(N1)C2=O,['mdm2_activator'],['MDM2'],1,1.0,0.0,0.0,0.0,0.9123705621716456,0.0,0.0,0.9123705621716456
CCCCC(=O)Nc1nccc(N2CCN(C(O)N3CCOCC3)CC2)n1,378.47700000000026,0.33540000000000125,94.06,2,8,0.7013665955037095,0.5,1,0,0,0,c1cc(N2CCN(CN3CCOCC3)CC2)ncn1,['mdm2_activator'],['MDM2'],1,1.0,0.0,0.0,0.0,0.7604099786511129,0.0,0.0,0.7604099786511129
NC1=NC(=O)C2=NC=[N+]([C@@H]3C[C@H]([P@](=O)(O)OP(=O)(O)O)[C@@H](C(=O)O)O3)C2=N1,424.17900000000014,-2.4018999999999986,233.76999999999998,5,9,0.23030373678833163,0.25,1,0,1,0,O=C1N=CN=C2C1=NC=[N+]2C1CCCO1,['mdm2_activator'],['MDM2'],1,1.0,0.0,0.0,0.0,0.5440911210364996,0.0,0.0,0.5440911210364996
O=C(O)c1cc(O)c2nc3c(CCc4ccc(F)c(Cl)c4)cccc3cc2c1,395.817,5.369500000000004,70.42,2,3,0.45561433789368244,0.75,0,0,0,0,c1ccc(CCc2cccc3cc4ccccc4nc23)cc1,['mdm2_activator'],['MDM2'],1,1.0,0.0,0.0,0.0,0.5616843013681048,0.0,0.0,0.5616843013681048
C[C@@]12CCCN1c1c(cc3ccnc4nonc4[n+]1-3)[C@@H]1CCCC[C@H]12,336.4190000000002,2.978600000000002,58.93000000000001,0,5,0.5907792058048633,1.0,1,0,1,0,c1cc2cc3c([n+]-2c2nonc2n1)N1CCCC1C1CCCCC31,['mdm2_activator'],['MDM2'],1,1.0,0.0,0.0,0.0,0.877233761741459,0.0,0.0,0.877233761741459
CC(=O)NC1=C2C(=Nc3c2cnc2ccccc32)N(C)C1=O,292.29800000000006,1.5976,74.66,1,4,0.8671313790908775,1.0,1,0,0,0,O=C1C=C2C(=Nc3c2cnc2ccccc32)N1,['mdm2_activator'],['MDM2'],1,1.0,0.0,0.0,0.0,0.9601394137272632,0.0,0.0,0.9601394137272632
O=C(O)C1=Cc2ccccc2[NH+]2N=C(c3cc4c(ccc5ccccc54)[nH]3)C=C12,378.41100000000006,3.6209000000000016,69.88999999999999,3,2,0.4986210312509043,1.0,1,0,1,0,C1=Cc2ccccc2[NH+]2N=C(c3cc4c(ccc5ccccc54)[nH]3)C=C12,['mdm2_activator'],['MDM2'],1,1.0,0.0,0.0,0.0,0.8495863093752714,0.0,0.0,0.8495863093752714
O=C(O)c1ccc(OCc2n[nH]cc2Cc2ccccc2)cc1O,324.336,2.983300000000002,95.44000000000001,3,4,0.6476765044853278,0.75,1,0,0,0,c1ccc(Cc2c[nH]nc2COc2ccccc2)cc1,['mdm2_activator'],['MDM2'],1,1.0,0.0,0.0,0.0,0.8193029513455983,0.0,0.0,0.8193029513455983
c1ccc2c(c1)N[C@@H](c1ccc3ccccc3[nH+]1)Cc1c[nH]c3cccc-2c13,362.4560000000001,5.5115000000000025,41.96,2,1,0.4054658147983183,0.75,0,0,1,0,c1ccc2c(c1)NC(c1ccc3ccccc3[nH+]1)Cc1c[nH]c3cccc-2c13,['mdm2_activator'],['MDM2'],1,1.0,0.0,0.0,0.0,0.5466397444394955,0.0,0.0,0.5466397444394955
Fc1cc2c(cn1)sc1cc(-c3csc(NN=Cc4ccccn4)n3)ccc12,405.4830000000001,5.553100000000003,63.06,1,7,0.24175921012374177,0.75,0,0,0,0,C(=NNc1nc(-c2ccc3c(c2)sc2cnccc23)cs1)c1ccccn1,['mdm2_activator'],['MDM2'],1,1.0,0.0,0.0,0.0,0.4975277630371225,0.0,0.0,0.4975277630371225
O=c1ncc2nc(-c3c(O)ccc4c(O)cccc34)cccc-2n1,317.30400000000003,2.5680000000000005,96.2,2,6,0.5599315183209933,0.75,1,0,0,0,O=c1ncc2nc(-c3cccc4ccccc34)cccc-2n1,['mdm2_activator'],['MDM2'],1,1.0,0.0,0.0,0.0,0.7929794554962979,0.0,0.0,0.7929794554962979
Oc1ccc(-c2cccc3nc4c(cc(O)c5c(O)cccc54)c-3c2)nc1,354.36500000000007,4.671600000000003,86.47000000000001,3,5,0.40710111822997846,0.75,1,0,0,0,c1ccc(-c2cccc3nc4c(ccc5ccccc54)c-3c2)nc1,['mdm2_activator'],['MDM2'],1,1.0,0.0,0.0,0.0,0.7471303354689935,0.0,0.0,0.7471303354689935
CC(C)(C)NC1=C(O)c2ccccc2NC(c2cccc(S(N)(=O)=O)c2)=C1,385.48900000000015,3.415300000000001,104.44999999999999,4,5,0.6480395264195945,0.5,1,0,0,0,C1=Cc2ccccc2NC(c2ccccc2)=C1,['mdm2_activator'],['MDM2'],1,1.0,0.0,0.0,0.0,0.7444118579258783,0.0,0.0,0.7444118579258783
c1ccc(CCCCNc2ncnc3ncnc(-c4ccccc4)c23)cc1,355.44500000000005,4.521600000000003,63.59,1,5,0.49380912002404087,0.75,1,0,0,0,c1ccc(CCCCNc2ncnc3ncnc(-c4ccccc4)c23)cc1,['mdm2_activator'],['MDM2'],1,1.0,0.0,0.0,0.0,0.7731427360072123,0.0,0.0,0.7731427360072123
CC1=C2C(=O)NCCn3cc(c(-c4ccccc4)n3)CNC(=O)C3=CN(N1)[N+]2=CC=C3,416.46500000000015,0.7998,94.30000000000001,3,5,0.5982088262871779,0.5,1,0,1,0,O=C1NCc2cn(nc2-c2ccccc2)CCNC(=O)C2=CNN3C=C1C=CC=[N+]23,['mdm2_activator'],['MDM2'],1,1.0,0.0,0.0,0.0,0.7294626478861532,0.0,0.0,0.7294626478861532
OC1=CNc2ccccc2C1=Cc1cc[nH+]c2cccc(Cc3nccc[nH+]3)c12,380.45100000000014,3.819300000000001,73.43,2,3,0.5674491625032091,1.0,1,0,1,0,C1=CC(=Cc2cc[nH+]c3cccc(Cc4nccc[nH+]4)c23)c2ccccc2N1,['mdm2_activator'],['MDM2'],1,1.0,0.0,0.0,0.0,0.8702347487509627,0.0,0.0,0.8702347487509627
O=C(c1nc2ccccc2s1)c1cc(N2CCNCC2)cc2ccccc12,373.4810000000001,4.090100000000002,45.230000000000004,1,5,0.5495705454226228,1.0,1,0,0,0,O=C(c1nc2ccccc2s1)c1cc(N2CCNCC2)cc2ccccc12,['mdm2_activator'],['MDM2'],1,1.0,0.0,0.0,0.0,0.8648711636267867,0.0,0.0,0.8648711636267867
O=C(O)[C@H]1CCN(Cc2cccc3c2=Cc2cccc4ccnc(c24)C=3)C(=O)C1,384.43500000000023,2.028999999999999,70.5,1,3,0.586807837689426,1.0,1,0,0,0,O=C1CCCCN1Cc1cccc2c1=Cc1cccc3ccnc(c13)C=2,['mdm2_activator'],['MDM2'],1,1.0,0.0,0.0,0.0,0.8760423513068278,0.0,0.0,0.8760423513068278
Fc1ccc(-c2c[nH]c3ccccc23)c(-c2ccccc2-c2ccccc2)c1,363.4350000000001,7.308000000000004,15.79,1,0,0.34582397971605444,0.75,0,0,0,0,c1ccc(-c2ccccc2-c2ccccc2-c2c[nH]c3ccccc23)cc1,['mdm2_activator'],['MDM2'],1,1.0,0.0,0.0,0.0,0.5287471939148163,0.0,0.0,0.5287471939148163
O=C(O)C[C@H](CC1=c2ccccc2=[NH+]C1=O)c1nc2ccccc2[nH]1,334.355,-0.3973999999999988,97.02000000000001,3,3,0.5915489941799557,0.5,1,0,1,0,O=C1[NH+]=c2ccccc2=C1CCc1nc2ccccc2[nH]1,['mdm2_activator'],['MDM2'],1,1.0,0.0,0.0,0.0,0.7274646982539867,0.0,0.0,0.7274646982539867
Nc1nc2c(ncn2[C@@H]2O[C@H](COP(=O)(O)O)C[C@@H](O)[C@H]2O)c(=O)[nH]1,377.25000000000006,-2.1796,206.03999999999996,6,9,0.3157153183105156,0.25,0,0,0,0,O=c1[nH]cnc2c1ncn2C1CCCCO1,['mdm2_activator'],['MDM2'],1,1.0,0.0,0.0,0.0,0.36971459549315466,0.0,0.0,0.36971459549315466
Cc1cc[n+]2c3cnc[nH]c-3[n+]3c4cccc5cccc(c1c23)c54,310.3600000000001,3.0445200000000012,36.88,1,1,0.261249657676748,1.0,1,0,1,0,c1cc2cccc3c2c(c1)c1ccc[n+]2c4cnc[nH]c-4[n+]3c12,['mdm2_activator'],['MDM2'],1,1.0,0.0,0.0,0.0,0.7783748973030244,0.0,0.0,0.7783748973030244
Oc1ccc(-c2ccccc2-c2ccc(-c3ccccc3)c(O)c2)cc1,338.40600000000006,6.098800000000006,40.46,2,2,0.47374313051292594,0.75,0,0,0,0,c1ccc(-c2ccc(-c3ccccc3-c3ccccc3)cc2)cc1,['mdm2_activator'],['MDM2'],1,1.0,0.0,0.0,0.0,0.5671229391538777,0.0,0.0,0.5671229391538777
O=C(NCCc1nc2ncc(-c3ccc(F)cc3)c-2n[nH]1)c1cc[nH+]c2ccccc12,413.4360000000001,3.0504000000000007,97.7,2,4,0.4627399898941518,0.75,1,0,1,0,O=C(NCCc1nc2ncc(-c3ccccc3)c-2n[nH]1)c1cc[nH+]c2ccccc12,['mdm2_activator'],['MDM2'],1,1.0,0.0,0.0,0.0,0.7638219969682456,0.0,0.0,0.7638219969682456
Oc1nnc(Nc2ccc3cccc(Cc4cccc(F)c4)c3c2)[nH]1,334.354,4.137000000000002,73.83000000000001,3,4,0.5243511670694754,1.0,1,0,0,0,c1ccc(Cc2cccc3ccc(Nc4nnc[nH]4)cc23)cc1,['mdm2_activator'],['MDM2'],1,1.0,0.0,0.0,0.0,0.8573053501208425,0.0,0.0,0.8573053501208425
Nc1ncnc2c1ncn2C[C@@H](N)C=Cc1cccc2c1C[C@@H]1CNCCN21,376.4680000000002,0.7834999999999996,110.91,3,7,0.6170377823261336,0.5,1,0,0,0,C(=Cc1cccc2c1CC1CNCCN21)CCn1cnc2cncnc21,['mdm2_activator'],['MDM2'],1,1.0,0.0,0.0,0.0,0.73511133469784,0.0,0.0,0.73511133469784
O=C(O)[C@@H](Cc1ccc2ncccc2n1)CN(c1ccccc1)c1ccccn1,384.4390000000001,4.106400000000003,79.21,1,5,0.5166125646110478,1.0,1,0,0,0,c1ccc(N(CCCc2ccc3ncccc3n2)c2ccccn2)cc1,['mdm2_activator'],['MDM2'],1,1.0,0.0,0.0,0.0,0.8549837693833142,0.0,0.0,0.8549837693833142
N#Cc1cc2ncc1Nc1cccc(c1)CCNC(=O)c1ccc(cc1)CNC2,383.45500000000015,3.2725800000000005,89.84,3,5,0.5543286835839922,1.0,1,0,0,0,O=C1NCCc2cccc(c2)Nc2ccc(nc2)CNCc2ccc1cc2,['mdm2_activator'],['MDM2'],1,1.0,0.0,0.0,0.0,0.8662986050751977,0.0,0.0,0.8662986050751977
Cc1ccc2c(c1)nc1c2ccc2ccc3ccc(N(C)C)cc3[n+](O)c21,354.4330000000001,4.593620000000004,40.24,1,3,0.35339212907785417,0.75,1,0,1,0,c1ccc2[nH+]c3c(ccc2c1)ccc1c2ccccc2nc13,['mdm2_activator'],['MDM2'],1,1.0,0.0,0.0,0.0,0.7310176387233562,0.0,0.0,0.7310176387233562
Nc1cc([C@H]2CCN3C[C@H]2CC[C@@H]3c2ccc(-n3cnnc3)cc2)ncn1,361.45300000000003,2.5801000000000007,85.75,1,6,0.7716152760832821,1.0,1,0,0,0,c1cc(C2CCN3CC2CCC3c2ccc(-n3cnnc3)cc2)ncn1,['mdm2_activator'],['MDM2'],1,1.0,0.0,0.0,0.0,0.9314845828249845,0.0,0.0,0.9314845828249845
C[C@@H](c1cccnc1)N1CCc2c(O)c(O)ccc3c4cccnc4c(c2-3)C1,371.44000000000017,4.265100000000004,69.48,2,5,0.550802520561928,1.0,1,0,0,0,c1cncc(CN2CCc3ccccc4c5cccnc5c(c3-4)C2)c1,['mdm2_activator'],['MDM2'],1,1.0,0.0,0.0,0.0,0.8652407561685784,0.0,0.0,0.8652407561685784
O=C(CCCc1ccc(F)cc1)N[C@H](CC(=O)c1ccccc1)c1ccccc1,389.47,5.278900000000005,46.17,1,2,0.5062932179527138,0.75,0,0,0,0,O=C(CCCc1ccccc1)NC(CC(=O)c1ccccc1)c1ccccc1,['mdm2_activator'],['MDM2'],1,1.0,0.0,0.0,0.0,0.5768879653858141,0.0,0.0,0.5768879653858141
C[C@@H]1NC(=O)C2=C1CCCc1nn(C[C@@H](C)c3ccccc3)cc12,321.42400000000004,3.2950000000000017,46.92,1,2,0.9427127902031689,1.0,1,0,0,0,O=C1NCC2=C1c1cn(CCc3ccccc3)nc1CCC2,['mdm2_activator'],['MDM2'],1,1.0,0.0,0.0,0.0,0.9828138370609505,0.0,0.0,0.9828138370609505
COC(NN=C[C@H]1C=CNCC1)=c1nnc2ncc3nc4ccncc4c3cc12,386.4190000000001,1.2508000000000004,110.10000000000001,2,9,0.39832363266476994,0.5,1,0,0,0,C1=CC(C=NNC=c2nnc3ncc4nc5ccncc5c4cc23)CCN1,['mdm2_activator'],['MDM2'],1,1.0,0.0,0.0,0.0,0.669497089799431,0.0,0.0,0.669497089799431
CCn1ccc2c(N3CC(=O)N(c4ccccc4)c4ccccc43)ncnc21,369.4280000000001,4.267600000000003,54.260000000000005,0,4,0.5412017539307159,1.0,1,0,0,0,O=C1CN(c2ncnc3[nH]ccc23)c2ccccc2N1c1ccccc1,['mdm2_activator'],['MDM2'],1,1.0,0.0,0.0,0.0,0.8623605261792147,0.0,0.0,0.8623605261792147
c1ccc(-c2cc(CNNCc3cccnc3)c3ccccc3n2)cc1,340.43000000000006,4.091200000000002,49.84,2,4,0.4099208642914389,1.0,1,0,0,0,c1ccc(-c2cc(CNNCc3cccnc3)c3ccccc3n2)cc1,['mdm2_activator'],['MDM2'],1,1.0,0.0,0.0,0.0,0.8229762592874317,0.0,0.0,0.8229762592874317
CN(C)CC(=O)N(Cc1ccccc1O)Cc1cc[n+](C(C)(C)C)c2ccccc12,406.5500000000002,3.678300000000002,47.660000000000004,1,3,0.6355261992843383,1.0,1,1,1,0,c1ccc(CNCc2cc[nH+]c3ccccc23)cc1,['mdm2_activator'],['MDM2'],1,1.0,0.0,0.0,0.2,0.8506578597853015,0.0,0.0,0.8506578597853015
C1=CNC(c2ccccc2Cn2ccnc2)=CC(c2cn[nH]c2)=C1,315.37999999999994,3.195900000000001,58.53,2,3,0.7771350551725706,1.0,1,0,0,0,C1=CNC(c2ccccc2Cn2ccnc2)=CC(c2cn[nH]c2)=C1,['mdm2_activator'],['MDM2'],1,1.0,0.0,0.0,0.0,0.9331405165517712,0.0,0.0,0.9331405165517712
CN1Cc2ccc(c([N+](=O)O)c2)-c2cccc(n2)CN2CC[C@@H](CC1=O)C2,367.42900000000026,2.7322000000000006,76.75,1,4,0.7845114433172343,1.0,1,0,1,0,O=C1CC2CCN(Cc3cccc(n3)-c3ccc(cc3)CN1)C2,['mdm2_activator'],['MDM2'],1,1.0,0.0,0.0,0.0,0.9353534329951703,0.0,0.0,0.9353534329951703
O=C(O)c1cc(-c2[nH+]c3ccccc3c3c2C2=CC=CC2=N3)c2[nH]cccc1-2,364.38400000000007,4.491300000000002,79.59,2,2,0.549456639846495,1.0,1,0,1,0,C1=CC2=Nc3c(c(-c4ccc5ccc[nH]c4-5)[nH+]c4ccccc34)C2=C1,['mdm2_activator'],['MDM2'],1,1.0,0.0,0.0,0.0,0.8648369919539485,0.0,0.0,0.8648369919539485
O=C1COc2cccc(c2)OCCc2ccccc2Nc2ncnc3nc([nH]c23)N1,402.41400000000004,3.0488999999999997,114.05000000000001,3,7,0.41413346565924375,0.75,1,0,0,0,O=C1COc2cccc(c2)OCCc2ccccc2Nc2ncnc3nc([nH]c23)N1,['mdm2_activator'],['MDM2'],1,1.0,0.0,0.0,0.0,0.749240039697773,0.0,0.0,0.749240039697773
CN1C[C@@H](c2ccccc2)OCc2ccccc2-n2cc(nn2)NCCC1=O,377.44800000000015,2.7992,72.28,1,5,0.7060244649408837,1.0,1,0,0,0,O=C1CCNc2cn(nn2)-c2ccccc2COC(c2ccccc2)CN1,['mdm2_activator'],['MDM2'],1,1.0,0.0,0.0,0.0,0.911807339482265,0.0,0.0,0.911807339482265
Cc1cccc(CNC(=O)c2ccc([C@@H](C)C(=O)O)c3ccc(O)nc23)c1F,382.3910000000001,3.5060200000000017,99.52000000000001,3,4,0.6271270960914589,0.75,1,0,0,0,O=C(NCc1ccccc1)c1cccc2cccnc12,['mdm2_activator'],['MDM2'],1,1.0,0.0,0.0,0.0,0.8131381288274375,0.0,0.0,0.8131381288274375
Nc1ccc(C(=CNc2ccccc2)C(=O)Nc2cnn3ccccc23)cc1,369.4280000000001,4.008200000000002,84.44999999999999,3,4,0.36654627335782247,1.0,1,0,0,0,O=C(Nc1cnn2ccccc12)C(=CNc1ccccc1)c1ccccc1,['mdm2_activator'],['MDM2'],1,1.0,0.0,0.0,0.0,0.8099638820073467,0.0,0.0,0.8099638820073467
Nc1cccc(-c2c3c(nn2Cc2ccccc2)-c2ccccc2N=NN3)c1,366.42800000000005,5.271800000000003,80.59,2,5,0.48459180713335354,0.75,0,0,0,0,c1ccc(Cn2nc3c(c2-c2ccccc2)NN=Nc2ccccc2-3)cc1,['mdm2_activator'],['MDM2'],1,1.0,0.0,0.0,0.0,0.5703775421400061,0.0,0.0,0.5703775421400061
c1ccc(CCCCCn2cnnc2-c2cccc(-c3ccccn3)c2)cc1,368.4840000000001,5.420100000000005,43.6,0,3,0.3900605253285453,0.75,0,0,0,0,c1ccc(CCCCCn2cnnc2-c2cccc(-c3ccccn3)c2)cc1,['mdm2_activator'],['MDM2'],1,1.0,0.0,0.0,0.0,0.5420181575985636,0.0,0.0,0.5420181575985636
Cc1ccc2c(N)ccc3c2c1O[C@@H]([C@H]1[C@@H](CC(=O)O)CCCC[N+]12CCCC2)C3,409.55000000000035,4.287920000000003,72.55,2,3,0.5859749644127643,1.0,1,0,1,0,c1cc2c3c(cccc3c1)OC(C1CCCCC[N+]13CCCC3)C2,['mdm2_activator'],['MDM2'],1,1.0,0.0,0.0,0.0,0.8757924893238294,0.0,0.0,0.8757924893238294
Fc1ccccc1-c1cccc(CNc2cc3ccccc3nc3nncc2-3)c1,380.4260000000001,5.547800000000004,50.7,1,4,0.4442096134748177,0.75,0,0,0,0,c1ccc(-c2cccc(CNc3cc4ccccc4nc4nncc3-4)c2)cc1,['mdm2_activator'],['MDM2'],1,1.0,0.0,0.0,0.0,0.5582628840424453,0.0,0.0,0.5582628840424453
Cn1cc([C@H](Cc2ccccc2)c2ccccc2)c(=O)[nH]c1=O,306.36500000000007,2.4482,54.86,1,2,0.8047311540619436,1.0,1,0,0,0,O=c1[nH]cc(C(Cc2ccccc2)c2ccccc2)c(=O)[nH]1,['mdm2_activator'],['MDM2'],1,1.0,0.0,0.0,0.0,0.9414193462185829,0.0,0.0,0.9414193462185829
Nc1ncnc2c3n(c-3n1)C[C@@H](O)[C@H](O)[C@@H](N)CO[P@](=O)(O)OCc1cccc(c1N)N2,466.39500000000015,-0.6178000000000008,229.90999999999997,7,12,0.16192950659892716,0.0,0,0,0,0,O=[PH]1OCCCCCn2c3ncncnc(c2-3)Nc2cccc(c2)CO1,['mdm2_activator'],['MDM2'],1,1.0,0.0,0.0,0.0,0.24857885197967816,0.0,0.0,0.24857885197967816
O=c1[nH]c2nc3ccccc3cc2cc1C#Cc1ccc2c(ccc3ccccc32)c1,396.4490000000001,5.782500000000004,45.75,1,2,0.20086545251529667,0.75,0,0,0,0,O=c1[nH]c2nc3ccccc3cc2cc1C#Cc1ccc2c(ccc3ccccc32)c1,['mdm2_activator'],['MDM2'],1,1.0,0.0,0.0,0.0,0.48525963575458897,0.0,0.0,0.48525963575458897
O=C(Nc1ccccc1)c1cc[nH+]cc1NC1=C(O)C2=CC=CNC2=CC=C1,371.4200000000001,3.4315000000000007,87.53,4,4,0.6631044919260077,0.75,1,0,1,0,O=C(Nc1ccccc1)c1cc[nH+]cc1NC1=CC2=CC=CNC2=CC=C1,['mdm2_activator'],['MDM2'],1,1.0,0.0,0.0,0.0,0.8239313475778023,0.0,0.0,0.8239313475778023
c1ccc(C2=c3cccnc3=Nc3ccccc3O2)c2ccnc-2c1,323.355,3.081600000000001,47.370000000000005,0,4,0.5407171002966188,1.0,1,0,0,0,c1ccc(C2=c3cccnc3=Nc3ccccc3O2)c2ccnc-2c1,['mdm2_activator'],['MDM2'],1,1.0,0.0,0.0,0.0,0.8622151300889855,0.0,0.0,0.8622151300889855
Oc1ccc([C@@H]2C[C@H](c3cnc4ccccc4c3O)c3ccccc32)cc1,353.4210000000001,5.313500000000004,53.35000000000001,2,3,0.5131250583471929,0.75,0,0,0,0,c1ccc(C2CC(c3cnc4ccccc4c3)c3ccccc32)cc1,['mdm2_activator'],['MDM2'],1,1.0,0.0,0.0,0.0,0.5789375175041578,0.0,0.0,0.5789375175041578
CC1(C)C(O)=NCc2ccc(C(N)=O)nc2OCCCCCCCc2cc1ccc2F,427.52000000000027,4.639300000000003,97.80000000000001,2,4,0.6926814472710862,0.5,1,0,0,0,C1=NCc2cccnc2OCCCCCCCc2cccc(c2)C1,['mdm2_activator'],['MDM2'],1,1.0,0.0,0.0,0.0,0.7578044341813259,0.0,0.0,0.7578044341813259
O=C(Nc1cccc(-c2ccccc2)n1)c1cc(C(=O)O)n2ccccc12,357.3690000000001,3.9518000000000013,83.7,2,3,0.5791418434488195,1.0,1,0,0,0,O=C(Nc1cccc(-c2ccccc2)n1)c1ccn2ccccc12,['mdm2_activator'],['MDM2'],1,1.0,0.0,0.0,0.0,0.8737425530346459,0.0,0.0,0.8737425530346459
CN(C)c1ccc(-c2cc3ccc(CC(=O)O)c4c3c(n2)C=CC=C4)cc1O,372.42400000000004,4.340500000000004,73.66000000000001,2,4,0.7126138100205481,1.0,1,0,0,0,C1=Cc2cccc3cc(-c4ccccc4)nc(c23)C=C1,['mdm2_activator'],['MDM2'],1,1.0,0.0,0.0,0.0,0.9137841430061644,0.0,0.0,0.9137841430061644
O=C(O)[C@@H]1C=Cc2cc(C=C(NNC3=CC=CC=CN3)c3ccccc3)ccc2O1,399.4500000000001,3.6522000000000023,82.62,4,5,0.43850574868374753,0.75,1,0,0,0,C1=CC=C(NNC(=Cc2ccc3c(c2)C=CCO3)c2ccccc2)NC=C1,['mdm2_activator'],['MDM2'],1,1.0,0.0,0.0,0.0,0.7565517246051243,0.0,0.0,0.7565517246051243
Cc1ccc2cccc3nc(C=Cc4ccccc4)c(Cc4ccccc4)[n+]-3c2c1,387.50600000000014,6.018920000000007,16.77,0,1,0.34466313746618227,0.75,0,0,1,0,C(=Cc1nc2cccc3ccccc3[n+]-2c1Cc1ccccc1)c1ccccc1,['mdm2_activator'],['MDM2'],1,1.0,0.0,0.0,0.0,0.5283989412398546,0.0,0.0,0.5283989412398546
CO[C@@H](c1cc(N)nc2ccccc12)[C@@H](c1ccccc1)N1CCOCC1,363.46100000000024,3.578000000000002,60.61,1,5,0.750749639265201,1.0,1,0,0,0,c1ccc(C(Cc2ccnc3ccccc23)N2CCOCC2)cc1,['mdm2_activator'],['MDM2'],1,1.0,0.0,0.0,0.0,0.9252248917795602,0.0,0.0,0.9252248917795602
CCCn1c(-c2cn(CC(=O)NCC(=O)O)c3ccccc23)nc(C)c1C,368.4370000000001,2.7324400000000004,89.15,2,3,0.6710069509210901,1.0,1,0,0,0,c1ccc2c(-c3ncc[nH]3)c[nH]c2c1,['mdm2_activator'],['MDM2'],1,1.0,0.0,0.0,0.0,0.9013020852763269,0.0,0.0,0.9013020852763269
O=C1OCCC2=CNC3=NC=CC=C(Nc4ncc(-c5ccccc5)c1n4)C3=C2,383.4110000000001,3.3392000000000017,88.5,2,7,0.7345728489374096,1.0,1,0,0,0,O=C1OCCC2=CNC3=NC=CC=C(Nc4ncc(-c5ccccc5)c1n4)C3=C2,['mdm2_activator'],['MDM2'],1,1.0,0.0,0.0,0.0,0.9203718546812227,0.0,0.0,0.9203718546812227
Cc1ccc2[n+](c1)C=C1C2=Cc2c(NC=C[C@H]3CN[C@@H](C(=O)O)C3)nc[nH+]c21,375.43200000000013,1.34562,92.27,3,4,0.7017870836100079,0.5,1,0,1,0,C(=CC1CCNC1)Nc1nc[nH+]c2c1C=C1C2=C[n+]2ccccc21,['mdm2_activator'],['MDM2'],1,1.0,0.0,0.0,0.0,0.7605361250830023,0.0,0.0,0.7605361250830023
O=C(Nc1ncnc2c3ccccc3n(Cc3ccccc3)c12)c1cccnc1,379.4230000000001,4.280100000000003,72.7,1,4,0.5058190715137738,1.0,1,0,0,0,O=C(Nc1ncnc2c3ccccc3n(Cc3ccccc3)c12)c1cccnc1,['mdm2_activator'],['MDM2'],1,1.0,0.0,0.0,0.0,0.8517457214541322,0.0,0.0,0.8517457214541322
O=c1nc(O)nc2n(-c3ccc(-c4ccccc4)cc3)c3ccccc3cc1-2,365.3920000000001,4.258100000000002,68.00999999999999,1,4,0.47478620602401467,1.0,1,0,0,0,O=c1ncnc2n(-c3ccc(-c4ccccc4)cc3)c3ccccc3cc1-2,['mdm2_activator'],['MDM2'],1,1.0,0.0,0.0,0.0,0.8424358618072043,0.0,0.0,0.8424358618072043
Cc1nc2ncnc3c2nc1-c1cccn1Cc1ccccc1N[C@H]1CCN3C1,383.4590000000001,3.249220000000001,71.75999999999999,1,6,0.5025843948760763,1.0,1,0,0,0,c1ccc2c(c1)Cn1cccc1-c1cnc3ncnc(c3n1)N1CCC(C1)N2,['mdm2_activator'],['MDM2'],1,1.0,0.0,0.0,0.0,0.8507753184628228,0.0,0.0,0.8507753184628228
Cc1cccc(CNc2sc(C(=O)O)c(C(=O)c3ccccc3)c2C(O)O)c1,397.45200000000006,3.5810200000000023,106.86000000000001,4,6,0.3586025472600956,0.5,1,0,0,0,O=C(c1ccccc1)c1csc(NCc2ccccc2)c1,['mdm2_activator'],['MDM2'],1,1.0,0.0,0.0,0.0,0.6575807641780287,0.0,0.0,0.6575807641780287
Cc1ccc(O)cc1N=C(N)N(CCc1nccc2ccccc12)c1ccc(Cl)cc1,430.9390000000001,5.597720000000004,74.74000000000001,2,3,0.31906108902170627,0.75,0,0,0,0,C(=Nc1ccccc1)N(CCc1nccc2ccccc12)c1ccccc1,['mdm2_activator'],['MDM2'],1,1.0,0.0,0.0,0.0,0.5207183267065119,0.0,0.0,0.5207183267065119
O=Cc1ccc2c(c1)C(CNCc1ccccn1)=C1C=CC=CC=C1O2,342.398,3.839800000000003,51.22,1,4,0.8390039123247013,1.0,1,0,0,1,C1=CC=C2Oc3ccccc3C(CNCc3ccccn3)=C2C=C1,['mdm2_activator'],['MDM2'],1,1.0,0.0,0.0,0.0,0.9517011736974104,0.0,0.0,0.9517011736974104
Cc1nnc(Cn2cc(CCNC(O)=Nc3cccc4nccnc34)nn2)o1,379.38400000000007,1.3388199999999997,140.03,2,8,0.3748651104988853,0.5,1,0,0,0,C(=Nc1cccc2nccnc12)NCCc1cn(Cc2nnco2)nn1,['mdm2_activator'],['MDM2'],1,1.0,0.0,0.0,0.0,0.6624595331496657,0.0,0.0,0.6624595331496657
C1=CNC2=NC=NC=C(CN3CCCC[C@@H]3c3ccccc3)C2=C1,318.424,3.5812000000000026,39.99,1,4,0.925100961627475,1.0,1,0,0,0,C1=CNC2=NC=NC=C(CN3CCCCC3c3ccccc3)C2=C1,['mdm2_activator'],['MDM2'],1,1.0,0.0,0.0,0.0,0.9775302884882424,0.0,0.0,0.9775302884882424
O=S1(=O)CCN2CCN1CCCc1cccc(c1)C#Cc1cnc3cccc2c3c1,417.53400000000016,3.0326000000000013,53.510000000000005,0,4,0.5278576791256828,1.0,1,0,0,0,O=S1(=O)CCN2CCN1CCCc1cccc(c1)C#Cc1cnc3cccc2c3c1,['mdm2_activator'],['MDM2'],1,1.0,0.0,0.0,0.0,0.8583573037377048,0.0,0.0,0.8583573037377048
CNC(=O)c1cccc(Nc2ccc3nc(=O)nc4c-3c(c2)N[C@]2(CN2)C4)c1,374.4040000000001,1.3122999999999996,117.95,4,7,0.5106412471000977,0.25,1,0,0,1,O=c1nc2ccc(Nc3ccccc3)cc3c-2c(n1)CC1(CN1)N3,['mdm2_activator'],['MDM2'],1,1.0,0.0,0.0,0.0,0.6281923741300293,0.0,0.0,0.6281923741300293
CN[C@H](C=Cc1cn[nH]c1Nc1cccc(-c2[nH+]cccc2N)c1)c1ccccc1,397.50600000000014,4.190500000000002,92.89999999999999,4,4,0.37615879164608795,0.5,1,0,1,0,C(=Cc1cn[nH]c1Nc1cccc(-c2cccc[nH+]2)c1)Cc1ccccc1,['mdm2_activator'],['MDM2'],1,1.0,0.0,0.0,0.0,0.6628476374938264,0.0,0.0,0.6628476374938264
Nc1nn(Cc2ccccc2)c(-c2cccnc2)c1C(=O)NCc1ccccn1,384.4430000000001,2.9006000000000007,98.72,2,5,0.5325329028486064,0.75,1,0,0,0,O=C(NCc1ccccn1)c1cnn(Cc2ccccc2)c1-c1cccnc1,['mdm2_activator'],['MDM2'],1,1.0,0.0,0.0,0.0,0.784759870854582,0.0,0.0,0.784759870854582
O=C(O)[C@@H](Cc1cc(-c2ccccc2)ccn1)Nc1ncnc2ccccc12,370.41200000000015,3.7996000000000025,88.0,2,5,0.5367000148210431,1.0,1,0,0,0,c1ccc(-c2ccnc(CCNc3ncnc4ccccc34)c2)cc1,['mdm2_activator'],['MDM2'],1,1.0,0.0,0.0,0.0,0.8610100044463129,0.0,0.0,0.8610100044463129
O=C(O)c1ccccc1NCc1ccc(NCCO)c2ccccc12,336.391,3.5543000000000022,81.59,4,4,0.5303606423350213,0.75,1,0,0,0,c1ccc(NCc2cccc3ccccc23)cc1,['mdm2_activator'],['MDM2'],1,1.0,0.0,0.0,0.0,0.7841081927005062,0.0,0.0,0.7841081927005062
OC1=Cc2nc3ncccc3c(-c3ccccc3)c2-c2ccccc2O1,338.3660000000001,5.212600000000003,55.24000000000001,1,4,0.5173130610014716,0.75,0,0,0,0,C1=Cc2nc3ncccc3c(-c3ccccc3)c2-c2ccccc2O1,['mdm2_activator'],['MDM2'],1,1.0,0.0,0.0,0.0,0.5801939183004414,0.0,0.0,0.5801939183004414
NC1=Nc2nc3c(N4CC[C@H]5CN4CCN5)cnc4ccn(c2=CC=N1)c43,361.41300000000007,-0.18859999999999943,99.44,2,8,0.6233720599123048,0.5,1,0,0,0,C1=NC=Nc2nc3c(N4CCC5CN4CCN5)cnc4ccn(c2=C1)c43,['mdm2_activator'],['MDM2'],1,1.0,0.0,0.0,0.0,0.7370116179736914,0.0,0.0,0.7370116179736914
CN(C)c1cc(S(=O)(=O)c2cccc3[nH]c4ccccc4c23)ccc1OCC(=O)O,424.4780000000002,3.683300000000001,99.7,2,5,0.4897953400535701,0.75,1,0,0,0,O=S(=O)(c1ccccc1)c1cccc2[nH]c3ccccc3c12,['mdm2_activator'],['MDM2'],1,1.0,0.0,0.0,0.0,0.771938602016071,0.0,0.0,0.771938602016071
OC1=Nc2cc(ccc2O)NCCN(C2CNC2)Cc2ccc1c(O)c2,354.4100000000001,1.9333999999999996,100.35000000000001,5,6,0.5019548997453154,0.5,1,0,0,0,C1=Nc2cccc(c2)NCCN(C2CNC2)Cc2ccc1cc2,['mdm2_activator'],['MDM2'],1,1.0,0.0,0.0,0.0,0.7005864699235946,0.0,0.0,0.7005864699235946
NS(=O)(=O)c1ccc(-c2ccccc2C(=O)c2ccnnc2)cc1,339.376,2.0220000000000002,103.01,1,5,0.7325423234023031,0.75,1,0,0,0,O=C(c1ccnnc1)c1ccccc1-c1ccccc1,['mdm2_activator'],['MDM2'],1,1.0,0.0,0.0,0.0,0.844762697020691,0.0,0.0,0.844762697020691
O=C1C=CC=c2c1c1c(c(O)[n+]2CCc2ccccc2)=C(c2ccccc2)N=[NH+]1,381.43500000000006,0.7897999999999994,67.51,2,3,0.6564986377493023,0.75,1,0,1,0,O=C1C=CC=c2c1c1c(c[n+]2CCc2ccccc2)=C(c2ccccc2)N=[NH+]1,['mdm2_activator'],['MDM2'],1,1.0,0.0,0.0,0.0,0.8219495913247907,0.0,0.0,0.8219495913247907
COc1cn2ncc3c2nc1Nc1cccc(c1)C(=O)NCCc1cccc-3c1,385.42700000000013,3.434400000000002,80.55000000000001,2,5,0.5246940849579635,1.0,1,0,0,0,O=C1NCCc2cccc(c2)-c2cnn3ccc(nc23)Nc2cccc1c2,['mdm2_activator'],['MDM2'],1,1.0,0.0,0.0,0.0,0.8574082254873889,0.0,0.0,0.8574082254873889
O=c1[nH+]c(C2CCNCC2)c2c3[nH]c4cccc4c3c(-c3ccccc3)c1-2,354.4330000000001,3.6098000000000017,59.03,2,2,0.5087190003011416,1.0,1,0,1,0,O=c1[nH+]c(C2CCNCC2)c2c3[nH]c4cccc4c3c(-c3ccccc3)c1-2,['mdm2_activator'],['MDM2'],1,1.0,0.0,0.0,0.0,0.8526157000903425,0.0,0.0,0.8526157000903425
CNC(=O)c1ccc2c(c1)CC[N@H+](c1n[nH]cc1-c1cccc3ccccc13)CC2,397.5020000000001,2.904700000000001,62.22,3,2,0.4978168023091749,1.0,1,0,1,0,c1ccc2c(c1)CC[NH+](c1n[nH]cc1-c1cccc3ccccc13)CC2,['mdm2_activator'],['MDM2'],1,1.0,0.0,0.0,0.0,0.8493450406927525,0.0,0.0,0.8493450406927525
Cc1ncc2c3cc(ccc13)C(=O)c1ccc3cccc(c3c1)OCCCC2,367.4480000000002,5.642520000000005,39.19,0,3,0.40350234932008544,0.75,0,0,0,0,O=C1c2ccc3cncc(c3c2)CCCCOc2cccc3ccc1cc23,['mdm2_activator'],['MDM2'],1,1.0,0.0,0.0,0.0,0.5460507047960257,0.0,0.0,0.5460507047960257
O=C(Nc1ncnc(-c2ccncc2)n1)c1cccc(-c2ccccc2)c1,353.3850000000001,3.8529000000000027,80.66000000000001,1,5,0.6025604471017593,1.0,1,0,0,0,O=C(Nc1ncnc(-c2ccncc2)n1)c1cccc(-c2ccccc2)c1,['mdm2_activator'],['MDM2'],1,1.0,0.0,0.0,0.0,0.8807681341305278,0.0,0.0,0.8807681341305278
c1cnc2ccc(Cc3cc(Nc4ncnc5ncncc45)ccn3)cc2c1,365.4000000000001,3.697400000000001,89.37,1,7,0.51925449692115,1.0,1,0,0,0,c1cnc2ccc(Cc3cc(Nc4ncnc5ncncc45)ccn3)cc2c1,['mdm2_activator'],['MDM2'],1,1.0,0.0,0.0,0.0,0.855776349076345,0.0,0.0,0.855776349076345
Nc1ccc2[nH]cnc2c1CCC(=O)Nc1nnc2c3cccc(F)c3[nH]cc1-2,389.39400000000006,3.2316000000000003,125.37,4,5,0.35122639780668746,0.5,1,0,0,0,O=C(CCc1cccc2[nH]cnc12)Nc1nnc2c3ccccc3[nH]cc1-2,['mdm2_activator'],['MDM2'],1,1.0,0.0,0.0,0.0,0.6553679193420062,0.0,0.0,0.6553679193420062
Oc1ccc2c(-c3cc(-c4ccccc4)c4ccccc4n3)cccc2c1,347.4170000000001,6.427600000000005,33.120000000000005,1,2,0.3991282128475904,0.75,0,0,0,0,c1ccc(-c2cc(-c3cccc4ccccc34)nc3ccccc23)cc1,['mdm2_activator'],['MDM2'],1,1.0,0.0,0.0,0.0,0.5447384638542772,0.0,0.0,0.5447384638542772
CN1CCCC[C@@H](Oc2ccc(Oc3ccccc3)c(-c3nc(=O)[nH]c(=O)[nH]3)c2)C1,408.4580000000002,2.7806000000000006,100.31,2,6,0.673387886723033,0.75,1,0,0,0,O=c1nc(-c2cc(OC3CCCCNC3)ccc2Oc2ccccc2)[nH]c(=O)[nH]1,['mdm2_activator'],['MDM2'],1,1.0,0.0,0.0,0.0,0.8270163660169099,0.0,0.0,0.8270163660169099
Nc1nc(O)c2ncn(C[C@@H]3CC[C@H]([C@H](O)CCO[P@@](=O)(O)OP(=O)(O)O)O3)c2n1,469.28400000000005,-0.3610000000000002,232.59999999999997,6,11,0.25746910624248615,0.0,0,0,0,0,c1ncc2ncn(CC3CCCO3)c2n1,['mdm2_activator'],['MDM2'],1,1.0,0.0,0.0,0.0,0.27724073187274584,0.0,0.0,0.27724073187274584
O=C(O)COc1ccccc1-c1[nH]nnc1-c1cccc2ccccc12,345.35800000000006,3.755300000000002,88.10000000000001,2,4,0.5749262211250725,1.0,1,0,0,0,c1ccc(-c2[nH]nnc2-c2cccc3ccccc23)cc1,['mdm2_activator'],['MDM2'],1,1.0,0.0,0.0,0.0,0.8724778663375217,0.0,0.0,0.8724778663375217
C(=C[C@@H]1CNCCO1)C(=CC1=CC=NC(c2cc[nH+]cc2)=CN1)c1ccccc1,385.49100000000016,2.9852000000000016,59.790000000000006,2,4,0.7782242425195194,1.0,1,0,1,0,C(=CC1CNCCO1)C(=CC1=CC=NC(c2cc[nH+]cc2)=CN1)c1ccccc1,['mdm2_activator'],['MDM2'],1,1.0,0.0,0.0,0.0,0.9334672727558557,0.0,0.0,0.9334672727558557
O=C(O)C[N+]1=c2[nH]c3cccc4[nH+]cc(c5ccccc5c2-c2ccccc21)-c34,379.41900000000015,3.408900000000001,70.24,2,1,0.4616215510363805,1.0,1,0,1,0,c1ccc2c(c1)[NH+]=c1[nH]c3cccc4[nH+]cc(c5ccccc5c1-2)-c34,['mdm2_activator'],['MDM2'],1,1.0,0.0,0.0,0.0,0.8384864653109141,0.0,0.0,0.8384864653109141
Nc1cc2c(nn1)NN1C(=N2)N2c3ccccc3CC[C@@H]2C[C@@H]1c1ccccc1,383.4590000000002,3.6552000000000024,82.66999999999999,2,7,0.6673734417877212,1.0,1,1,0,0,c1ccc(C2CC3CCc4ccccc4N3C3=Nc4ccnnc4NN32)cc1,['cfl1_stabilizer'],['CFL1'],1,0.0,1.0,0.0,0.2,0.8602120325363164,0.0,0.0,0.8602120325363164
C[n+]1c2ccc(N=NN[C@H]3CCC(=O)C3=O)ccc2n2nc(C(N)=NN)nc21,381.3800000000001,-0.8250999999999988,169.36,3,8,0.10072663630972356,0.5,1,2,1,0,O=C1CCC(NN=Nc2ccc3[nH+]c4ncnn4c3cc2)C1=O,['cfl1_stabilizer'],['CFL1'],1,0.0,1.0,0.0,0.4,0.5002179908929171,0.0,0.0,0.5002179908929171
Cc1nc2c(cc(=O)c1O)oc1ccc(COc3ccccc3)c(O)c12,349.34200000000004,3.6398200000000016,92.79,2,6,0.5865063502494074,0.75,1,0,0,0,O=c1ccnc2c(c1)oc1ccc(COc3ccccc3)cc12,['cfl1_stabilizer'],['CFL1'],1,0.0,1.0,0.0,0.0,0.8009519050748222,0.0,0.0,0.8009519050748222
N=c1nc[nH]nc2c(CC(=O)CNNCCc3ccc(-c4ccc(F)cc4)cc3)cnc1-2,431.4750000000001,2.038570000000001,119.44000000000001,4,7,0.2378575321234903,0.5,1,0,0,0,N=c1nc[nH]nc2c(CC(=O)CNNCCc3ccc(-c4ccccc4)cc3)cnc1-2,['cfl1_stabilizer'],['CFL1'],1,0.0,1.0,0.0,0.0,0.6213572596370471,0.0,0.0,0.6213572596370471
NCc1cccc(-n2cccc2C(=O)N2CCN(c3cccnc3)CC2)c1,361.44900000000007,2.2934,67.39,1,4,0.7742373882985691,1.0,1,0,0,0,O=C(c1cccn1-c1ccccc1)N1CCN(c2cccnc2)CC1,['cfl1_stabilizer'],['CFL1'],1,0.0,1.0,0.0,0.0,0.9322712164895706,0.0,0.0,0.9322712164895706
Oc1ccc(-c2ncc[nH]c2=NN=NCC=NNN=NN=Nc2ccccc2)cc1O,419.4090000000001,3.3973000000000018,180.04999999999998,4,8,0.18905910885245628,0.5,1,2,0,0,C(CN=NN=c1[nH]ccnc1-c1ccccc1)=NNN=NN=Nc1ccccc1,['cfl1_stabilizer'],['CFL1'],1,0.0,1.0,0.0,0.4,0.5267177326557368,0.0,0.0,0.5267177326557368
N[N+](=O)c1c[nH]c(CN=NN=Nc2ncccc2-c2ccccc2)n1,336.33900000000006,3.406900000000001,137.11,2,5,0.30813368324478063,0.75,1,1,1,0,c1ccc(-c2cccnc2N=NN=NCc2ncc[nH]2)cc1,['cfl1_stabilizer'],['CFL1'],1,0.0,1.0,0.0,0.2,0.6774401049734342,0.0,0.0,0.6774401049734342
O=C1CCCCC[C@H](O)c2nc(ncc2-c2ccccc2)-c2ccccc2N1,373.4560000000001,4.7466000000000035,75.11,2,4,0.6455755730688784,0.75,1,0,0,0,O=C1CCCCCCc2nc(ncc2-c2ccccc2)-c2ccccc2N1,['cfl1_stabilizer'],['CFL1'],1,0.0,1.0,0.0,0.0,0.8186726719206634,0.0,0.0,0.8186726719206634
O=C(COCCc1cccc2ccccc12)N=NC=[N+]=Nc1ncnc2ccccc12,411.4450000000001,4.341300000000003,103.26,0,5,0.14828776514502803,0.75,1,1,1,0,O=C(COCCc1cccc2ccccc12)N=NC=[N+]=Nc1ncnc2ccccc12,['cfl1_stabilizer'],['CFL1'],1,0.0,1.0,0.0,0.2,0.6294863295435085,0.0,0.0,0.6294863295435085
Cc1ccc(-c2cc(C(=O)[n+]3ccccc3-c3ccccc3)[nH+]cn2)cc1,353.425,3.514120000000002,47.980000000000004,0,2,0.5292670907116748,1.0,1,1,1,0,O=C(c1cc(-c2ccccc2)nc[nH+]1)[n+]1ccccc1-c1ccccc1,['cfl1_stabilizer'],['CFL1'],1,0.0,1.0,0.0,0.2,0.8187801272135025,0.0,0.0,0.8187801272135025
CC(=O)Nc1cnc(Oc2ccc(C(=O)Nc3cccc4ccccc34)cc2)cn1,398.4220000000001,4.632800000000003,93.21,2,5,0.511105569742395,0.5,1,0,0,0,O=C(Nc1cccc2ccccc12)c1ccc(Oc2cnccn2)cc1,['cfl1_stabilizer'],['CFL1'],1,0.0,1.0,0.0,0.0,0.7033316709227184,0.0,0.0,0.7033316709227184
C[C@H](CNN=Cc1ccc(O)c[nH+]1)NC(=O)C1=NNC=NC(=O)C=C1,344.355,-1.2951999999999984,141.68,4,7,0.3749519137198866,0.25,1,0,1,0,O=C1C=CC(C(=O)NCCNN=Cc2cccc[nH+]2)=NNC=N1,['cfl1_stabilizer'],['CFL1'],1,0.0,1.0,0.0,0.0,0.5874855741159659,0.0,0.0,0.5874855741159659
Fc1ccc2c([N+]#[N+]c3nnc4cnnnn34)cc(Nc3cn[nH]c3)nc2c1,376.3190000000001,2.6939,131.18,2,8,0.44962415703977726,0.75,1,0,1,0,c1ccc2c([N+]#[N+]c3nnc4cnnnn34)cc(Nc3cn[nH]c3)nc2c1,['cfl1_stabilizer'],['CFL1'],1,0.0,1.0,0.0,0.0,0.7598872471119331,0.0,0.0,0.7598872471119331
O=C(O)CCCCCCC(=O)CCCCCCCCCC=C(O)C(=O)CO,384.5130000000001,4.494900000000005,111.89999999999999,3,5,0.17173606377248565,0.75,1,0,0,0,,['cfl1_stabilizer'],['CFL1'],1,0.0,1.0,0.0,0.0,0.6765208191317457,0.0,0.0,0.6765208191317457
Fc1ccccc1Oc1cnc(N=NNN=Nc2cc3nccnc3nn2)nn1,392.3180000000001,2.8234000000000004,160.93,1,12,0.3839142980650805,0.75,0,1,0,0,c1ccc(Oc2cnc(N=NNN=Nc3cc4nccnc4nn3)nn2)cc1,['cfl1_stabilizer'],['CFL1'],1,0.0,1.0,0.0,0.2,0.5001742894195241,0.0,0.0,0.5001742894195241
O=C(O)NCCCCNN=CC=NNC(=O)c1cccc(O)c1,321.3370000000001,0.7310000000000003,135.41,5,6,0.2594562684134545,0.25,1,0,0,0,c1ccccc1,['cfl1_stabilizer'],['CFL1'],1,0.0,1.0,0.0,0.0,0.5528368805240363,0.0,0.0,0.5528368805240363
NN=CCC=NN=NC1=C(N)C2=CC=CC=Cc3nc4ccccc4c1[n+]32,357.4010000000001,2.3597,118.24999999999999,2,6,0.287326103997813,0.75,1,1,1,0,C1=CC=C2C=Cc3c4ccccc4nc([n+]32)C=C1,['cfl1_stabilizer'],['CFL1'],1,0.0,1.0,0.0,0.2,0.671197831199344,0.0,0.0,0.671197831199344
Cc1ccccc1Nc1cnnc(C=[N+]=NN=NC=Cc2ccccc2)c1,356.41300000000007,4.646020000000003,88.99000000000001,1,4,0.301718854580357,0.75,1,1,1,0,C(=Cc1ccccc1)N=NN=[N+]=Cc1cc(Nc2ccccc2)cnn1,['cfl1_stabilizer'],['CFL1'],1,0.0,1.0,0.0,0.2,0.675515656374107,0.0,0.0,0.675515656374107
C[C@@H](COCCCCCC(=O)O)OCCOCCOC=C(O)OCCO,380.43400000000014,1.4521000000000006,123.91000000000003,3,8,0.22551146074706516,0.5,1,0,0,0,,['cfl1_stabilizer'],['CFL1'],1,0.0,1.0,0.0,0.0,0.6176534382241196,0.0,0.0,0.6176534382241196
O=C(O)c1cccc(NN=NN=NN=NCCN=NN=C2CCCO2)c1,360.33800000000014,3.474400000000002,169.79999999999998,2,6,0.39017222218853387,0.75,1,1,0,0,c1ccc(NN=NN=NN=NCCN=NN=C2CCCO2)cc1,['cfl1_stabilizer'],['CFL1'],1,0.0,1.0,0.0,0.2,0.7020516666565602,0.0,0.0,0.7020516666565602
COc1n[nH+]ccc1NC(=O)c1ccc(N(C)c2n[nH]c(-c3ccc(F)cc3)n2)cc1,420.42800000000005,2.848700000000001,110.17,2,6,0.49635854056539497,0.75,1,0,1,0,O=C(Nc1cc[nH+]nc1)c1ccc(Nc2n[nH]c(-c3ccccc3)n2)cc1,['cfl1_stabilizer'],['CFL1'],1,0.0,1.0,0.0,0.0,0.7739075621696185,0.0,0.0,0.7739075621696185
Cc1ncnc2c1nc(NC1=NC=C(N=N)C1)n2[C@@H]1CCN2CCC1CC2,365.4450000000003,2.8779900000000014,107.44000000000001,2,8,0.813332513063154,0.75,1,1,0,0,C1=CN=C(Nc2nc3cncnc3n2C2CCN3CCC2CC3)C1,['cfl1_stabilizer'],['CFL1'],1,0.0,1.0,0.0,0.2,0.8289997539189462,0.0,0.0,0.8289997539189462
CC(=O)NCCCNN=Nc1nc2c3c(cccc3n1)C=Nc1cc(C)ccc1-2,387.4470000000002,3.7837200000000024,103.99,2,6,0.2983346322363226,0.75,1,1,0,0,C1=Nc2ccccc2-c2ncnc3cccc1c23,['cfl1_stabilizer'],['CFL1'],1,0.0,1.0,0.0,0.2,0.6745003896708969,0.0,0.0,0.6745003896708969
COc1ccc(Nc2ccccc2NC(=O)CC=CCC(N)=O)cc1,339.3950000000001,3.1990000000000007,93.44999999999999,3,4,0.6438806571519182,0.75,1,0,0,0,c1ccc(Nc2ccccc2)cc1,['cfl1_stabilizer'],['CFL1'],1,0.0,1.0,0.0,0.0,0.8181641971455753,0.0,0.0,0.8181641971455753
c1ccc(-c2cncc(-c3ccc4ccc(-c5ccccc5)nc4c3)c2)cc1,358.4440000000001,6.630800000000005,25.78,0,2,0.36156767812098206,0.75,0,0,0,0,c1ccc(-c2cncc(-c3ccc4ccc(-c5ccccc5)nc4c3)c2)cc1,['cfl1_stabilizer'],['CFL1'],1,0.0,1.0,0.0,0.0,0.5334703034362946,0.0,0.0,0.5334703034362946
Cc1ccc2c(C)cc(-n3nc(N=NCCCN)cc3-c3ccco3)cc2n1,374.4480000000001,4.729840000000003,94.59,1,6,0.3897616884273615,0.5,1,1,0,0,c1coc(-c2ccnn2-c2ccc3cccnc3c2)c1,['cfl1_stabilizer'],['CFL1'],1,0.0,1.0,0.0,0.2,0.6269285065282084,0.0,0.0,0.6269285065282084
Cc1nc2c3c([C@@H](C)NC(=O)CCCCC(O)O)cccc3nc-2c(C)[nH]1,370.45300000000003,2.7278400000000005,111.13,4,5,0.3774193029940629,0.5,1,0,0,0,c1ccc2c3nc[nH]cc-3nc2c1,['cfl1_stabilizer'],['CFL1'],1,0.0,1.0,0.0,0.0,0.6632257908982189,0.0,0.0,0.6632257908982189
CC(=O)OCCOCOCCOCOCCOCCOCCOCCOCCOCCO,472.5280000000005,-0.39379999999999477,129.60000000000002,1,12,0.09488130319930468,0.25,0,0,0,0,,['cfl1_stabilizer'],['CFL1'],1,0.0,1.0,0.0,0.0,0.3034643909597914,0.0,0.0,0.3034643909597914
CCCCCCCC=CCNN=NN=CC1=CC=C(c2cc[nH+]c(C)c2)C=CN1,393.5590000000001,5.052620000000004,75.28,2,3,0.17132206887533935,0.75,0,1,1,0,C1=CNC=CC(c2cc[nH+]cc2)=C1,['cfl1_stabilizer'],['CFL1'],1,0.0,1.0,0.0,0.2,0.4363966206626018,0.0,0.0,0.4363966206626018
CC(=O)Nc1ccc([C@@H](NN=NC2=CC(=O)NNN2)c2ccccn2)cc1,366.38500000000005,1.0665999999999995,131.89999999999998,5,7,0.3837118413736072,0.25,1,1,0,0,O=C1C=C(N=NNC(c2ccccc2)c2ccccn2)NNN1,['cfl1_stabilizer'],['CFL1'],1,0.0,1.0,0.0,0.2,0.5501135524120822,0.0,0.0,0.5501135524120822
Oc1nc2cncnc2cc1N=NN=NN[C@@H]1C[C@@H](Oc2ccnc3cccnc23)N1,417.39300000000014,2.3535999999999992,167.41,3,10,0.31486251929495057,0.75,1,1,0,0,c1cnc2c(OC3CC(NN=NN=Nc4cnc5cncnc5c4)N3)ccnc2c1,['cfl1_stabilizer'],['CFL1'],1,0.0,1.0,0.0,0.2,0.6794587557884851,0.0,0.0,0.6794587557884851
Cc1cc(N=NN=NCC=CCCN=NCc2ccccc2)c(C)c(=O)[nH]1,365.4410000000001,5.041340000000005,107.01999999999998,1,5,0.285572180979292,0.5,0,1,0,0,O=c1cc(N=NN=NCC=CCCN=NCc2ccccc2)cc[nH]1,['cfl1_stabilizer'],['CFL1'],1,0.0,1.0,0.0,0.2,0.3956716542937876,0.0,0.0,0.3956716542937876
OC(=[N+]=NN=NN=[N+]=Nc1cc(-c2cccc(O)c2)ncn1)c1ccc(O)cc1,391.3510000000001,3.1053000000000006,176.47,3,5,0.1985062095144686,0.75,1,1,1,0,C(=[N+]=NN=NN=[N+]=Nc1cc(-c2ccccc2)ncn1)c1ccccc1,['cfl1_stabilizer'],['CFL1'],1,0.0,1.0,0.0,0.2,0.6445518628543405,0.0,0.0,0.6445518628543405
O=C(O)c1ccc(N=NN=NC[n+]2ccc([N+](=O)[O-])cc2)cc1O,331.26800000000003,2.3947000000000007,153.98999999999998,2,6,0.3597397770285481,0.75,1,1,1,1,c1ccc(N=NN=NC[n+]2ccccc2)cc1,['cfl1_stabilizer'],['CFL1'],1,0.0,1.0,0.0,0.2,0.6929219331085644,0.0,0.0,0.6929219331085644
Nc1cc2c(cn1)nc(N=NN1Cc3cnc(N)nc3C=N1)c1ccccc12,370.3800000000001,2.5858000000000008,143.92000000000002,2,9,0.40735286258767184,0.75,1,1,0,0,C1=NN(N=Nc2nc3cnccc3c3ccccc23)Cc2cncnc21,['cfl1_stabilizer'],['CFL1'],1,0.0,1.0,0.0,0.2,0.7072058587763016,0.0,0.0,0.7072058587763016
OC=COCCOCCOC=COCCOCCC=Cc1ccccc1,364.43800000000005,3.673300000000003,66.38000000000001,1,6,0.3565549842105977,1.0,1,0,0,0,c1ccccc1,['cfl1_stabilizer'],['CFL1'],1,0.0,1.0,0.0,0.0,0.8069664952631792,0.0,0.0,0.8069664952631792
CCCCCCCCCCCCCOC(=O)c1ccc(Cn2ccc([N+](=O)O)n2)cc1,430.5690000000001,6.1988000000000065,84.43,1,4,0.19467530701077682,0.75,0,0,1,0,c1ccc(Cn2cccn2)cc1,['cfl1_stabilizer'],['CFL1'],1,0.0,1.0,0.0,0.0,0.48340259210323305,0.0,0.0,0.48340259210323305
Oc1ccc(CCCC=CN=NNC=CN=C2C=Nc3ccccc32)cc1,359.4330000000001,4.861800000000004,81.7,2,5,0.40069778858894123,0.75,1,2,0,0,C(=CN=NNC=CN=C1C=Nc2ccccc21)CCCc1ccccc1,['cfl1_stabilizer'],['CFL1'],1,0.0,1.0,0.0,0.4,0.6652093365766824,0.0,0.0,0.6652093365766824
Nc1ccc2nn3c(SCC(=O)NNCc4ccccc4)ncnc3c2c1,379.44900000000007,1.7727999999999995,110.22999999999999,3,7,0.26597822394823634,0.75,1,0,0,0,O=C(CSc1ncnc2c3ccccc3nn12)NNCc1ccccc1,['cfl1_stabilizer'],['CFL1'],1,0.0,1.0,0.0,0.0,0.7047934671844709,0.0,0.0,0.7047934671844709
NC(=NC[C@H]1CCC1=O)Nc1cc(-c2cccnc2)nc2ccccc12,345.40600000000006,3.0025000000000013,93.25999999999999,2,4,0.5599290879374065,0.75,1,0,0,0,O=C1CCC1CN=CNc1cc(-c2cccnc2)nc2ccccc12,['cfl1_stabilizer'],['CFL1'],1,0.0,1.0,0.0,0.0,0.7929787263812218,0.0,0.0,0.7929787263812218
O=C(CCCC=CCc1ccccc1O)NCCCCCC=N[n+]1ccc(O)cc1,410.5380000000002,3.865000000000002,85.8,3,4,0.20280356568303864,1.0,1,0,1,0,O=C(CCCC=CCc1ccccc1)NCCCCCC=N[n+]1ccccc1,['cfl1_stabilizer'],['CFL1'],1,0.0,1.0,0.0,0.0,0.7608410697049115,0.0,0.0,0.7608410697049115
O=C(N=NC1C[N+](c2nc3ccccc3[nH]2)=N1)c1ccc(Nc2ncccn2)cc1,398.4100000000001,3.825000000000001,123.64999999999999,2,7,0.3905483238394281,0.75,1,1,1,0,O=C(N=NC1C[N+](c2nc3ccccc3[nH]2)=N1)c1ccc(Nc2ncccn2)cc1,['cfl1_stabilizer'],['CFL1'],1,0.0,1.0,0.0,0.2,0.7021644971518285,0.0,0.0,0.7021644971518285
Cc1ccc(S(=O)(=O)NCCCCCCC(=O)N[C@@H](C)N[N+]#Cc2ccccc2)cn1,444.581,2.966820000000001,104.55,3,5,0.28078515331339116,0.75,1,0,1,0,O=C(CCCCCCNS(=O)(=O)c1cccnc1)NCN[N+]#Cc1ccccc1,['cfl1_stabilizer'],['CFL1'],1,0.0,1.0,0.0,0.0,0.7092355459940174,0.0,0.0,0.7092355459940174
O=C1CC2=NNN3C=CC(CNc4[nH+]ccc5[nH+]c6ccccc6nc45)=CC(=C23)O1,399.4140000000002,1.2165000000000004,107.13000000000001,2,7,0.5065701812164148,0.5,1,0,1,0,O=C1CC2=NNN3C=CC(CNc4[nH+]ccc5[nH+]c6ccccc6nc45)=CC(=C23)O1,['cfl1_stabilizer'],['CFL1'],1,0.0,1.0,0.0,0.0,0.7019710543649245,0.0,0.0,0.7019710543649245
N#Cc1ccc(CNC(=N)N=Nc2cccc(C#[N+]c3ccc(O)cc3)c2)cc1,381.4190000000001,5.084850000000004,108.98,3,4,0.33402360491761107,0.5,0,1,1,0,N=C(N=Nc1cccc(C#[N+]c2ccccc2)c1)NCc1ccccc1,['cfl1_stabilizer'],['CFL1'],1,0.0,1.0,0.0,0.2,0.41020708147528334,0.0,0.0,0.41020708147528334
CNC(=O)COc1ccc(-c2noc(-c3ccc(C(=O)CCC(=O)O)cc3)n2)cc1,409.39800000000014,2.5759,131.62,2,7,0.515567209260728,0.75,1,0,0,0,c1ccc(-c2noc(-c3ccccc3)n2)cc1,['cfl1_stabilizer'],['CFL1'],1,0.0,1.0,0.0,0.0,0.7796701627782183,0.0,0.0,0.7796701627782183
CCOc1cccc2nc(SC(=O)NCCCCN)c(-c3ccccc3)nc12,396.51600000000013,4.236100000000002,90.13,2,6,0.4372427005302456,0.75,1,0,0,0,c1ccc(-c2cnc3ccccc3n2)cc1,['cfl1_stabilizer'],['CFL1'],1,0.0,1.0,0.0,0.0,0.7561728101590737,0.0,0.0,0.7561728101590737
Oc1cc(C2=CCN=[N+](c3ccc4ccccc4c3)C2)nc2ccccc12,352.41700000000014,5.287000000000004,48.49,1,3,0.4985458758042921,0.75,0,0,1,0,C1=C(c2ccc3ccccc3n2)C[N+](c2ccc3ccccc3c2)=NC1,['cfl1_stabilizer'],['CFL1'],1,0.0,1.0,0.0,0.0,0.5745637627412876,0.0,0.0,0.5745637627412876
C[C@@H](CO)NC(=O)CCN1CCN(c2ccc(-c3ccccc3)cn2)CC1,368.48100000000005,1.7576999999999998,68.7,2,5,0.7794257464038948,1.0,1,0,0,0,c1ccc(-c2ccc(N3CCNCC3)nc2)cc1,['cfl1_stabilizer'],['CFL1'],1,0.0,1.0,0.0,0.0,0.9338277239211683,0.0,0.0,0.9338277239211683
NCc1ccc(-c2cc3cnccc3[nH]2)cc1NNc1cc[nH+]cc1,331.4030000000001,2.9417,92.89999999999999,4,4,0.42306445934314885,0.5,1,0,1,0,c1cc(NNc2cc[nH+]cc2)cc(-c2cc3cnccc3[nH]2)c1,['cfl1_stabilizer'],['CFL1'],1,0.0,1.0,0.0,0.0,0.6769193378029447,0.0,0.0,0.6769193378029447
O=C(NCc1ccc(O)c(C=CCc2cccc3nn[nH]c23)c1)c1ccccc1,384.439,3.849400000000003,90.9,3,4,0.4708970246232942,0.75,1,0,0,0,O=C(NCc1cccc(C=CCc2cccc3nn[nH]c23)c1)c1ccccc1,['cfl1_stabilizer'],['CFL1'],1,0.0,1.0,0.0,0.0,0.7662691073869883,0.0,0.0,0.7662691073869883
O=C(O)C=CCCC=CCOc1cnc(-c2cccc(C(=O)O)c2)cc1O,369.3730000000001,3.508400000000002,116.95000000000002,3,5,0.3516472251496972,0.75,1,0,0,0,c1ccc(-c2ccccn2)cc1,['cfl1_stabilizer'],['CFL1'],1,0.0,1.0,0.0,0.0,0.730494167544909,0.0,0.0,0.730494167544909
C(=NN=NN=NNCCNNc1ccc(-c2ccccc2)cc1)c1ccccc1,386.4630000000001,4.628200000000002,97.89,3,4,0.20503195047181189,0.5,1,1,0,0,C(=NN=NN=NNCCNNc1ccc(-c2ccccc2)cc1)c1ccccc1,['cfl1_stabilizer'],['CFL1'],1,0.0,1.0,0.0,0.2,0.5715095851415436,0.0,0.0,0.5715095851415436
Oc1cc(-c2nn[nH]n2)ccc1ON=Cc1ccc(O)c(Oc2ccccc2Cl)c1,423.81600000000014,4.136500000000001,125.74000000000001,3,8,0.31404777706600334,0.75,1,0,0,0,C(=NOc1ccc(-c2nn[nH]n2)cc1)c1cccc(Oc2ccccc2)c1,['cfl1_stabilizer'],['CFL1'],1,0.0,1.0,0.0,0.0,0.7192143331198009,0.0,0.0,0.7192143331198009
CCCCC[C@H](CC=CCCCC=CCCCC(=O)O)CC=CCCC(=O)O,392.5800000000001,6.9217000000000075,74.6,2,2,0.18467856994545956,0.75,0,0,0,0,,['cfl1_stabilizer'],['CFL1'],1,0.0,1.0,0.0,0.0,0.48040357098363784,0.0,0.0,0.48040357098363784
Cc1ccc([N+]2=CC(=NN=Nc3cnc(C(=O)O)[nH]3)c3ncccc32)cc1,360.3570000000001,3.218420000000001,118.96,2,5,0.42157482964568027,0.75,1,1,1,0,C1=[N+](c2ccccc2)c2cccnc2C1=NN=Nc1cnc[nH]1,['cfl1_stabilizer'],['CFL1'],1,0.0,1.0,0.0,0.2,0.7114724488937041,0.0,0.0,0.7114724488937041
CCCCCCCNC(=O)Nc1cc2ccccc2nc1-c1cnc(C)nc1,377.4920000000002,5.092120000000004,79.8,2,4,0.5357772576436916,0.75,0,0,0,0,c1ccc2nc(-c3cncnc3)ccc2c1,['cfl1_stabilizer'],['CFL1'],1,0.0,1.0,0.0,0.0,0.5857331772931074,0.0,0.0,0.5857331772931074
O=C(Cc1ccc(-c2ccc(O)cc2)nn1)NNC(=O)c1cccc(O)c1,364.3610000000001,1.5584999999999996,124.44000000000001,4,6,0.5208838077940284,0.5,1,0,0,0,O=C(Cc1ccc(-c2ccccc2)nn1)NNC(=O)c1ccccc1,['cfl1_stabilizer'],['CFL1'],1,0.0,1.0,0.0,0.0,0.7062651423382085,0.0,0.0,0.7062651423382085
COc1cc2c(c(-c3[nH+]c4cnccc4c4c3C3=CC=CC3=[N+]4C)c1)OCO2,371.39600000000013,3.134800000000002,57.730000000000004,0,4,0.6496749435272452,1.0,1,0,1,0,C1=CC2=[NH+]c3c(c(-c4cccc5c4OCO5)[nH+]c4cnccc34)C2=C1,['cfl1_stabilizer'],['CFL1'],1,0.0,1.0,0.0,0.0,0.8949024830581735,0.0,0.0,0.8949024830581735
NCC(=O)Nc1ccc(Cl)c(N=Nc2nnc(-c3ccc4ccccc4c3)[nH]2)c1,405.84900000000005,4.590900000000001,121.41,3,6,0.4200429165212947,0.5,1,1,0,0,c1ccc(N=Nc2nnc(-c3ccc4ccccc4c3)[nH]2)cc1,['cfl1_stabilizer'],['CFL1'],1,0.0,1.0,0.0,0.2,0.6360128749563885,0.0,0.0,0.6360128749563885
Nc1ccccc1CNCCCCN=NN=NN=NC1=c2ccccc2=NC=CN1,404.4820000000001,2.785100000000001,136.6,3,6,0.2429185723253587,0.75,1,1,0,0,C1=CNC(N=NN=NN=NCCCCNCc2ccccc2)=c2ccccc2=N1,['cfl1_stabilizer'],['CFL1'],1,0.0,1.0,0.0,0.2,0.6578755716976077,0.0,0.0,0.6578755716976077
Oc1c([C@H](CNCc2ccc[nH+]c2)c2ccccc2)[nH]c2ccccc12,344.4380000000001,3.609300000000002,62.19,3,2,0.5002809407347263,1.0,1,0,1,0,c1ccc(C(CNCc2ccc[nH+]c2)c2cc3ccccc3[nH]2)cc1,['cfl1_stabilizer'],['CFL1'],1,0.0,1.0,0.0,0.0,0.8500842822204178,0.0,0.0,0.8500842822204178
CN(C)c1cc(O)n2nc(-c3ccccc3)c([C@@H](O)NN=NCCCCC(=O)O)c2n1,427.46500000000026,2.3705,147.94,4,8,0.16678015173594685,0.5,1,1,0,0,c1ccc(-c2cc3ncccn3n2)cc1,['cfl1_stabilizer'],['CFL1'],1,0.0,1.0,0.0,0.2,0.5600340455207841,0.0,0.0,0.5600340455207841
O=C(NNNc1cnc(O)nc1)Nc1cccc(OCc2ccccc2)c1F,384.37100000000015,2.5534999999999997,120.43000000000002,5,7,0.3970971937277933,0.5,1,0,0,0,O=C(NNNc1cncnc1)Nc1cccc(OCc2ccccc2)c1,['cfl1_stabilizer'],['CFL1'],1,0.0,1.0,0.0,0.0,0.6691291581183381,0.0,0.0,0.6691291581183381
O=c1cc(CCc2ccc(O)cc2O)oc2cc([C@@H](O)c3ccccc3)cc(O)c12,404.4180000000001,3.7767000000000013,111.13000000000001,4,6,0.40289695982837165,0.5,1,0,0,0,O=c1cc(CCc2ccccc2)oc2cc(Cc3ccccc3)ccc12,['cfl1_stabilizer'],['CFL1'],1,0.0,1.0,0.0,0.0,0.6708690879485115,0.0,0.0,0.6708690879485115
COc1ccc(NC(=O)c2cc(O)nc(-c3cccc(-c4ccccc4)c3)n2)cn1,398.4220000000001,4.172100000000003,97.23,2,6,0.5236163951735336,0.75,1,0,0,0,O=C(Nc1cccnc1)c1ccnc(-c2cccc(-c3ccccc3)c2)n1,['cfl1_stabilizer'],['CFL1'],1,0.0,1.0,0.0,0.0,0.78208491855206,0.0,0.0,0.78208491855206
O=c1[nH]c(O)nc2nc(NC3=[NH+]C4=CC=CC4=N3)c(Cc3ccccc3)cc12,371.3800000000001,0.3713000000000004,117.23,4,6,0.5307434993025065,0.25,1,0,1,0,O=c1[nH]cnc2nc(NC3=[NH+]C4=CC=CC4=N3)c(Cc3ccccc3)cc12,['cfl1_stabilizer'],['CFL1'],1,0.0,1.0,0.0,0.0,0.634223049790752,0.0,0.0,0.634223049790752
N=[n+]1nc2c([nH]1)=CC=C(N[C@@H]1CCC[C@@H](c3ccc4ccccc4c3)C1)C=C2,370.48,3.4680700000000018,70.46,3,3,0.618006697114359,1.0,1,1,1,0,N=[n+]1nc2c([nH]1)=CC=C(NC1CCCC(c3ccc4ccccc4c3)C1)C=C2,['cfl1_stabilizer'],['CFL1'],1,0.0,1.0,0.0,0.2,0.8454020091343076,0.0,0.0,0.8454020091343076
O=C(c1ccc2[nH]cnc2c1)N1CC(=Nc2cccc(O)c2)C[C@H]1c1ccc[nH+]c1,398.4460000000001,3.4425000000000017,95.72,2,4,0.5532720228952512,0.75,1,0,1,0,O=C(c1ccc2[nH]cnc2c1)N1CC(=Nc2ccccc2)CC1c1ccc[nH+]c1,['cfl1_stabilizer'],['CFL1'],1,0.0,1.0,0.0,0.0,0.7909816068685753,0.0,0.0,0.7909816068685753
CC(=NN=c1[nH]c(-c2ccc3c(c2)OCCO3)cc(=O)[nH]1)c1cccc(O)c1,378.38800000000003,2.1716999999999995,112.05999999999999,3,6,0.47886857805459426,0.75,1,0,0,0,O=c1cc(-c2ccc3c(c2)OCCO3)[nH]c(=NN=Cc2ccccc2)[nH]1,['cfl1_stabilizer'],['CFL1'],1,0.0,1.0,0.0,0.0,0.7686605734163783,0.0,0.0,0.7686605734163783
Nc1nccc(N=Nc2nnnn2-c2ccc(Nc3ncccc3N)cc2)n1,374.37200000000007,2.1707,171.06,3,11,0.4424979806506563,0.75,0,1,0,0,c1ccc(Nc2ccc(-n3nnnc3N=Nc3ccncn3)cc2)nc1,['cfl1_stabilizer'],['CFL1'],1,0.0,1.0,0.0,0.2,0.5177493941951969,0.0,0.0,0.5177493941951969
O=C(C=C(C(=O)c1ccc(O)cc1)c1ccccc1)Nc1ccc(O)cc1,359.3810000000001,4.0028000000000015,86.63000000000001,3,4,0.364996338088579,1.0,1,0,0,0,O=C(C=C(C(=O)c1ccccc1)c1ccccc1)Nc1ccccc1,['cfl1_stabilizer'],['CFL1'],1,0.0,1.0,0.0,0.0,0.8094989014265737,0.0,0.0,0.8094989014265737
O=C(O)CCCNN=Cc1cccc(-c2ccnc3c2OCCCC3)c1,353.4220000000003,3.2520000000000016,83.81,2,5,0.45342539164051704,1.0,1,0,0,0,c1ccc(-c2ccnc3c2OCCCC3)cc1,['cfl1_stabilizer'],['CFL1'],1,0.0,1.0,0.0,0.0,0.836027617492155,0.0,0.0,0.836027617492155
O=C(O)c1ccc(-c2ccc(-c3nc(-c4ccc(F)cc4)n[nH]3)cc2)cc1,359.35999999999996,4.643000000000003,78.87,2,3,0.5561500975331852,0.75,1,0,0,0,c1ccc(-c2ccc(-c3nc(-c4ccccc4)n[nH]3)cc2)cc1,['cfl1_stabilizer'],['CFL1'],1,0.0,1.0,0.0,0.0,0.7918450292599555,0.0,0.0,0.7918450292599555
Nc1nccc(C(=O)NCc2nc(Nc3ccccc3)nc3ccccc23)n1,371.40400000000005,2.675600000000001,118.71,3,7,0.493321425497138,0.75,1,0,0,0,O=C(NCc1nc(Nc2ccccc2)nc2ccccc12)c1ccncn1,['cfl1_stabilizer'],['CFL1'],1,0.0,1.0,0.0,0.0,0.7729964276491414,0.0,0.0,0.7729964276491414
Oc1ccc(O)c(N=[N+]=NNN=NNC=NC=C2C=c3ccccc3=N2)c1,364.3490000000001,1.0609000000000002,152.78000000000003,4,8,0.15110901455204273,0.25,1,1,1,0,C(=NC=C1C=c2ccccc2=N1)NN=NNN=[N+]=Nc1ccccc1,['cfl1_stabilizer'],['CFL1'],1,0.0,1.0,0.0,0.2,0.4803327043656129,0.0,0.0,0.4803327043656129
NC(=O)c1cccc(C(O)=NN=[N+]=NN=CCCNN=Cc2ccc(O)cc2)c1,395.403,1.6818999999999997,171.48,4,6,0.1263805025932213,0.5,1,2,1,0,C(CCNN=Cc1ccccc1)=NN=[N+]=NN=Cc1ccccc1,['cfl1_stabilizer'],['CFL1'],1,0.0,1.0,0.0,0.4,0.5079141507779664,0.0,0.0,0.5079141507779664
OC1=CC(=Nn2cc(CN=C(O)c3ccccc3)c3ccc[n+](O)c32)CC1,363.39700000000016,3.1107000000000014,94.22,3,4,0.2876667705916254,0.75,1,0,1,0,C1=CC(=Nn2cc(CN=Cc3ccccc3)c3ccc[nH+]c32)CC1,['cfl1_stabilizer'],['CFL1'],1,0.0,1.0,0.0,0.0,0.7113000311774875,0.0,0.0,0.7113000311774875
COc1cccc(CN2CCCCN(C=Nc3nc4ccccc4[nH]3)C2=O)c1,377.44800000000004,3.9493000000000027,73.82,1,4,0.540390573307207,1.0,1,0,0,0,O=C1N(C=Nc2nc3ccccc3[nH]2)CCCCN1Cc1ccccc1,['cfl1_stabilizer'],['CFL1'],1,0.0,1.0,0.0,0.0,0.8621171719921621,0.0,0.0,0.8621171719921621
Oc1cccc2[nH+]cc(Cc3ccccc3)c(C=Nc3[nH]nc4ncncc34)c12,381.4190000000001,3.3672000000000013,101.19,2,5,0.4661007260214269,0.75,1,0,1,0,C(=Nc1[nH]nc2ncncc12)c1c(Cc2ccccc2)c[nH+]c2ccccc12,['cfl1_stabilizer'],['CFL1'],1,0.0,1.0,0.0,0.0,0.7648302178064281,0.0,0.0,0.7648302178064281
COc1ccc(-c2ccnc(CN=NC3CNC(c4cnc(N)nc4)=N3)c2)cc1,388.43500000000006,2.4577,123.03,2,9,0.6253888409703465,0.75,1,1,0,0,c1ccc(-c2ccnc(CN=NC3CNC(c4cncnc4)=N3)c2)cc1,['cfl1_stabilizer'],['CFL1'],1,0.0,1.0,0.0,0.2,0.7726166522911039,0.0,0.0,0.7726166522911039
Cc1cccc(N=Nc2n[nH]c(=NN=O)nc2ONC2=NC=CNC=C2)c1,366.345,1.9806199999999994,153.73,3,10,0.4174973136152198,0.75,1,1,0,0,N=c1nc(ONC2=NC=CNC=C2)c(N=Nc2ccccc2)n[nH]1,['cfl1_stabilizer'],['CFL1'],1,0.0,1.0,0.0,0.2,0.710249194084566,0.0,0.0,0.710249194084566
Oc1ccc(N=CCCNN=NNN=Nc2cnc3cccnc3n2)cc1,364.3730000000001,2.9831000000000003,144.76,3,9,0.2423845653025919,0.75,1,1,0,0,C(CCNN=NNN=Nc1cnc2cccnc2n1)=Nc1ccccc1,['cfl1_stabilizer'],['CFL1'],1,0.0,1.0,0.0,0.2,0.6577153695907776,0.0,0.0,0.6577153695907776
Nc1ncnc2c(C(=O)NN=C=NN=NCCN=[N+]=C3CCON3)cccc12,382.3680000000001,0.38170000000000043,178.05999999999997,3,9,0.2135594593544037,0.5,1,1,1,0,O=C(NN=C=NN=NCCN=[N+]=C1CCON1)c1cccc2cncnc12,['cfl1_stabilizer'],['CFL1'],1,0.0,1.0,0.0,0.2,0.5740678378063211,0.0,0.0,0.5740678378063211
O=[N+](O)c1nc(NN=Nc2cncc(O)c2)nc(N=Nc2cccnc2)c1O,383.3080000000001,3.0036,193.79999999999998,4,11,0.3652110220541999,0.5,0,1,1,0,c1cncc(N=NNc2nccc(N=Nc3cccnc3)n2)c1,['cfl1_stabilizer'],['CFL1'],1,0.0,1.0,0.0,0.2,0.41956330661626,0.0,0.0,0.41956330661626
O=C(O)c1ccc(-c2cccc(C(=O)NCCCNC(O)c3ccccn3)c2)cc1,405.454,2.8474000000000013,111.55,4,5,0.3217712083135603,0.5,1,0,0,0,O=C(NCCCNCc1ccccn1)c1cccc(-c2ccccc2)c1,['cfl1_stabilizer'],['CFL1'],1,0.0,1.0,0.0,0.0,0.6465313624940681,0.0,0.0,0.6465313624940681
O=C(O)CC[C@H](CC=CCNc1c[nH]c2nccnc12)C(=O)c1ccccc1,378.43200000000013,3.6800000000000015,107.97,3,5,0.3668214010578291,0.75,1,0,0,0,O=C(CCC=CCNc1c[nH]c2nccnc12)c1ccccc1,['cfl1_stabilizer'],['CFL1'],1,0.0,1.0,0.0,0.0,0.7350464203173488,0.0,0.0,0.7350464203173488
C(CNN=[N+]=NN=Nc1ccc2ccccc2c1)=NN=Cc1ccccc1,357.4010000000001,4.419600000000003,100.28999999999999,1,4,0.21852726647214607,0.75,1,1,1,0,C(CNN=[N+]=NN=Nc1ccc2ccccc2c1)=NN=Cc1ccccc1,['cfl1_stabilizer'],['CFL1'],1,0.0,1.0,0.0,0.2,0.6505581799416438,0.0,0.0,0.6505581799416438
NC1=CNC(NS(=O)(=O)N2CCC[C@@H]2c2c[nH]c(S(=O)(=O)O)c2)=CC=C1,401.4700000000001,0.033600000000000685,157.61999999999998,5,6,0.4355826333235748,0.25,1,0,0,0,O=S(=O)(NC1=CC=CC=CN1)N1CCCC1c1cc[nH]c1,['cfl1_stabilizer'],['CFL1'],1,0.0,1.0,0.0,0.0,0.6056747899970725,0.0,0.0,0.6056747899970725
O=[N+](O)C=CCN=Cc1cccc(C=CNCc2nccc3[nH]ccc23)c1,362.41300000000007,3.424100000000001,93.38,3,4,0.4227090952323054,0.75,1,0,1,0,C(=Cc1ccccc1)NCc1nccc2[nH]ccc12,['cfl1_stabilizer'],['CFL1'],1,0.0,1.0,0.0,0.0,0.7518127285696916,0.0,0.0,0.7518127285696916
COC(=O)[C@H]1CCCC(N=Nc2ccc3c(O)nc(O)c4c3c2-c2ncn(C)c2N4)=N1,421.4170000000002,3.311200000000002,146.57999999999998,3,10,0.3322137655109409,0.75,1,2,0,0,c1nc2c([nH]1)Nc1cncc3ccc(N=NC4=NCCCC4)c-2c13,['cfl1_stabilizer'],['CFL1'],1,0.0,1.0,0.0,0.4,0.6446641296532822,0.0,0.0,0.6446641296532822
Cc1nc[nH]c2c(Cc3nc(N=Cc4ccccc4)cc([N+](=O)O)n3)cnc1-2,374.38400000000007,3.1489200000000013,120.02,2,6,0.4089000447680658,0.75,1,0,1,0,C(=Nc1ccnc(Cc2cnc3cnc[nH]c2-3)n1)c1ccccc1,['cfl1_stabilizer'],['CFL1'],1,0.0,1.0,0.0,0.0,0.7476700134304197,0.0,0.0,0.7476700134304197
C(CNc1[nH]cnc2cnnc1-2)=NN=Nc1nnc(Nc2ccccc2)[nH+]n1,376.368,1.2287999999999997,168.41000000000003,3,10,0.24560533393211792,0.5,1,2,1,0,C(CNc1[nH]cnc2cnnc1-2)=NN=Nc1nnc(Nc2ccccc2)[nH+]n1,['cfl1_stabilizer'],['CFL1'],1,0.0,1.0,0.0,0.4,0.5436816001796354,0.0,0.0,0.5436816001796354
COc1cc(C)cc(NC(=O)C=NN=NN=[N+]=NN=Cc2ccccc2)c1,365.37700000000007,3.3008200000000016,126.59,1,4,0.34955874933898573,0.75,1,1,1,0,O=C(C=NN=NN=[N+]=NN=Cc1ccccc1)Nc1ccccc1,['cfl1_stabilizer'],['CFL1'],1,0.0,1.0,0.0,0.2,0.6898676248016957,0.0,0.0,0.6898676248016957
C1=CN=C(NNN=NN=C(c2ccccc2)c2c[nH]c3ccccc23)CC1,357.4210000000002,4.0877000000000026,89.28999999999999,3,4,0.3646759668926197,1.0,1,1,0,0,C1=CN=C(NNN=NN=C(c2ccccc2)c2c[nH]c3ccccc23)CC1,['cfl1_stabilizer'],['CFL1'],1,0.0,1.0,0.0,0.2,0.7694027900677859,0.0,0.0,0.7694027900677859
Oc1ccc(N=NCCNN=NNN=[N+]2NC2=C2CCCO2)cc1,332.34800000000024,1.8147,140.27,4,7,0.19808484682044303,0.5,1,1,1,0,c1ccc(N=NCCNN=NNN=[N+]2NC2=C2CCCO2)cc1,['cfl1_stabilizer'],['CFL1'],1,0.0,1.0,0.0,0.2,0.569425454046133,0.0,0.0,0.569425454046133
c1ccc(-c2c3nc(CCN4CC4)ncc3nc3c2sc2nccn23)cc1,372.457,3.412300000000002,58.980000000000004,0,6,0.45258920062365005,1.0,1,0,0,1,c1ccc(-c2c3nc(CCN4CC4)ncc3nc3c2sc2nccn23)cc1,['cfl1_stabilizer'],['CFL1'],1,0.0,1.0,0.0,0.0,0.8357767601870949,0.0,0.0,0.8357767601870949
Fc1ccc(NN=NN=[N+]=C=NNc2nnc3ccccc3n2)cc1,337.3020000000001,2.719400000000001,126.27,2,6,0.32021411838540353,0.75,1,1,1,0,C(=NNc1nnc2ccccc2n1)=[N+]=NN=NNc1ccccc1,['cfl1_stabilizer'],['CFL1'],1,0.0,1.0,0.0,0.2,0.681064235515621,0.0,0.0,0.681064235515621
O=C(N[C@@](c1ccccc1)(c1nnn[nH]1)c1ccco1)c1ccc2ccccc2c1,395.42200000000014,3.6678000000000024,96.7,2,5,0.47329641162388447,0.75,1,0,0,0,O=C(NC(c1ccccc1)(c1nnn[nH]1)c1ccco1)c1ccc2ccccc2c1,['cfl1_stabilizer'],['CFL1'],1,0.0,1.0,0.0,0.0,0.7669889234871652,0.0,0.0,0.7669889234871652
Nc1ccnc(CCCN=NC=CN=NC(O)C=CNc2ccc(O)cc2)n1,382.4280000000001,3.016800000000001,153.73000000000002,4,10,0.2812415252791938,0.5,1,1,0,0,C(=CNc1ccccc1)CN=NC=CN=NCCCc1ncccn1,['cfl1_stabilizer'],['CFL1'],1,0.0,1.0,0.0,0.2,0.5943724575837581,0.0,0.0,0.5943724575837581
O=C(O)[C@H](N=Cc1c(S(=O)(=O)O)ccc2ccccc12)c1ccc(Cl)cc1,403.8430000000001,3.984700000000003,104.02999999999999,2,4,0.49485916034671207,0.75,1,0,0,0,C(=NCc1ccccc1)c1cccc2ccccc12,['cfl1_stabilizer'],['CFL1'],1,0.0,1.0,0.0,0.0,0.7734577481040135,0.0,0.0,0.7734577481040135
Nc1nc(NC(=O)COc2ccc(Nc3nc(O)cc[nH+]3)cc2)nc(=O)[nH]1,371.33700000000005,-0.5771000000000015,182.28,5,9,0.3783120937453344,0.25,1,0,1,0,O=C(COc1ccc(Nc2nccc[nH+]2)cc1)Nc1nc[nH]c(=O)n1,['cfl1_stabilizer'],['CFL1'],1,0.0,1.0,0.0,0.0,0.5884936281236004,0.0,0.0,0.5884936281236004
Nc1nc[nH+]c2c1=C1C=CC(NC(=O)CCc3n[nH]c(Cc4ccnc[nH+]4)n3)=C1C=2,401.4340000000001,-2.086399999999996,150.75,3,6,0.43099746513648274,0.5,1,0,1,0,O=C(CCc1n[nH]c(Cc2ccnc[nH+]2)n1)NC1=C2C=c3[nH+]cncc3=C2C=C1,['cfl1_stabilizer'],['CFL1'],1,0.0,1.0,0.0,0.0,0.6792992395409448,0.0,0.0,0.6792992395409448
O=Cc1cc2ccccc2c2c1[nH]c1c(CNc3nccc[nH+]3)cccc12,353.405,4.108000000000002,71.92,2,3,0.4777255562294477,1.0,1,0,1,1,c1cnc(NCc2cccc3c2[nH]c2ccc4ccccc4c23)[nH+]c1,['cfl1_stabilizer'],['CFL1'],1,0.0,1.0,0.0,0.0,0.8433176668688342,0.0,0.0,0.8433176668688342
c1ccc(CN=[N+]=NN=[N+]=NN=NN=Nc2ccc3ccccc3c2)cc1,358.3690000000001,5.2641000000000036,127.08,0,2,0.32327803406992395,0.5,0,1,1,0,c1ccc(CN=[N+]=NN=[N+]=NN=NN=Nc2ccc3ccccc3c2)cc1,['cfl1_stabilizer'],['CFL1'],1,0.0,1.0,0.0,0.2,0.4069834102209772,0.0,0.0,0.4069834102209772
C(=CNNN=NN=Nc1ncnc2ccccc12)NN=Nc1ccccc1,361.3730000000001,3.8496000000000015,136.03,3,7,0.31788840647467154,0.75,1,1,0,0,C(=CNNN=NN=Nc1ncnc2ccccc12)NN=Nc1ccccc1,['cfl1_stabilizer'],['CFL1'],1,0.0,1.0,0.0,0.2,0.6803665219424014,0.0,0.0,0.6803665219424014
COC1=Cc2cc3c(C)cncc3c3cccc(c23)C1=O.COc1ccccc1,383.4470000000001,5.575220000000005,48.42,0,4,0.4243581751522339,0.75,0,0,0,0,O=C1C=Cc2cc3ccncc3c3cccc1c23.c1ccccc1,['cfl1_stabilizer'],['CFL1'],1,0.0,1.0,0.0,0.0,0.5523074525456702,0.0,0.0,0.5523074525456702
C[n+]1ccc2c(c1=O)[n+]1cccc1c1nc(=Nc3cccc(C(N)=O)c3)n[n+]21,372.3680000000001,-1.5011999999999983,110.37999999999998,1,5,0.380262587347753,0.5,1,0,1,0,O=c1[nH+]ccc2c1[n+]1cccc1c1nc(=Nc3ccccc3)n[n+]21,['cfl1_stabilizer'],['CFL1'],1,0.0,1.0,0.0,0.0,0.6640787762043259,0.0,0.0,0.6640787762043259
O=c1cc2cc(CN=Nc3ccnnn3)c(Cc3ccc(O)cc3)ccc-2cc1O,399.41000000000014,3.622500000000002,120.92,2,8,0.4944933790924168,0.75,1,1,0,0,O=c1ccc2ccc(Cc3ccccc3)c(CN=Nc3ccnnn3)cc-2c1,['cfl1_stabilizer'],['CFL1'],1,0.0,1.0,0.0,0.2,0.7333480137277251,0.0,0.0,0.7333480137277251
CCOC(=O)C1=CC=C([N+]#[N+]c2cccc(O)c2)C(O)=C(c2ccccc2)N1,377.4000000000001,4.547000000000003,87.51,3,5,0.5396216822587415,0.75,1,0,1,0,C1=CNC(c2ccccc2)=CC([N+]#[N+]c2ccccc2)=C1,['cfl1_stabilizer'],['CFL1'],1,0.0,1.0,0.0,0.0,0.7868865046776223,0.0,0.0,0.7868865046776223
C[C@H]1NC2=C(O1)C1=CC=CC(=N)[N@@H+]1C(NN=Cc1c3ccccc3n3cn[nH]c13)=C2,399.4380000000001,1.0873700000000002,107.03,5,6,0.33568247822317043,0.25,1,0,1,0,N=C1C=CC=C2C3=C(C=C(NN=Cc4c5ccccc5n5cn[nH]c45)[NH+]12)NCO3,['cfl1_stabilizer'],['CFL1'],1,0.0,1.0,0.0,0.0,0.5757047434669511,0.0,0.0,0.5757047434669511
O=C(O)c1ccc(NNC2=C(c3ccccc3)N(O)C3=CC=CC=CC3=N2)cc1,386.4110000000001,3.7833000000000023,97.19,4,6,0.584116473392823,0.5,1,0,0,0,C1=CC=C2NC(c3ccccc3)=C(NNc3ccccc3)N=C2C=C1,['cfl1_stabilizer'],['CFL1'],1,0.0,1.0,0.0,0.0,0.7252349420178468,0.0,0.0,0.7252349420178468
NC(=O)CCC=NNc1ncc(-c2cccc[nH+]2)c2[nH]ccc12,309.35300000000007,1.707199999999999,110.30000000000001,3,4,0.4758570215607652,0.75,1,0,1,0,c1ccc(-c2cncc3cc[nH]c23)[nH+]c1,['cfl1_stabilizer'],['CFL1'],1,0.0,1.0,0.0,0.0,0.7677571064682296,0.0,0.0,0.7677571064682296
C[C@@H](CO)OC(=O)CC=C(O)CC=CCCCCCCCCCC=CC=CC(=O)O,422.56200000000024,5.396600000000006,104.06000000000002,3,5,0.06824167714690166,0.5,0,0,0,0,,['cfl1_stabilizer'],['CFL1'],1,0.0,1.0,0.0,0.0,0.37047250314407054,0.0,0.0,0.37047250314407054
Nc1nc2cc([N+]#[N+]c3ccccc3)nc(Nc3ccccc3)n2n1,330.3550000000001,4.075700000000002,89.85,2,5,0.5406056644274237,1.0,1,0,1,0,c1ccc([N+]#[N+]c2cc3ncnn3c(Nc3ccccc3)n2)cc1,['cfl1_stabilizer'],['CFL1'],1,0.0,1.0,0.0,0.0,0.8621816993282272,0.0,0.0,0.8621816993282272
O=C(O)[C@@H]1C[C@H]1C(=O)C=Nc1cc2ccccc2c2ccccc12,317.34400000000005,3.9851000000000028,66.72999999999999,1,3,0.5843064957176706,1.0,1,0,0,0,O=C(C=Nc1cc2ccccc2c2ccccc12)C1CC1,['cfl1_stabilizer'],['CFL1'],1,0.0,1.0,0.0,0.0,0.875291948715301,0.0,0.0,0.875291948715301
Cc1ncnc2c1ncn1c(C3CCCc4nc(-c5cncc(F)c5)ncc43)cnc21,412.432,3.440220000000002,94.64,0,7,0.4382564567663174,0.75,1,0,0,0,c1cncc(-c2ncc3c(n2)CCCC3c2cnc3c4ncncc4ncn23)c1,['cfl1_stabilizer'],['CFL1'],1,0.0,1.0,0.0,0.0,0.7564769370298952,0.0,0.0,0.7564769370298952
O=C(NN=C(O)NN=NCC=Cc1ccccc1)c1cccc2nc[nH]c12,363.3810000000001,2.7919,127.12,4,5,0.23231648265105345,0.5,1,1,0,0,O=C(NN=CNN=NCC=Cc1ccccc1)c1cccc2nc[nH]c12,['cfl1_stabilizer'],['CFL1'],1,0.0,1.0,0.0,0.2,0.5796949447953161,0.0,0.0,0.5796949447953161
O=C(O)CCCCOCCOCCOCC(=O)OCCN1CCOCC1,377.43400000000025,0.1665000000000023,103.76,1,8,0.2975785147905324,0.5,1,0,0,0,C1COCCN1,['cfl1_stabilizer'],['CFL1'],1,0.0,1.0,0.0,0.0,0.6392735544371597,0.0,0.0,0.6392735544371597
COc1ccc(-c2nc3cnc(N)nc3nc2-c2ccc(O)cc2)cc1,345.362,3.0502000000000002,107.04,2,7,0.587382047252414,0.75,1,0,0,0,c1ccc(-c2nc3cncnc3nc2-c2ccccc2)cc1,['cfl1_stabilizer'],['CFL1'],1,0.0,1.0,0.0,0.0,0.8012146141757241,0.0,0.0,0.8012146141757241
Oc1cccc2c(-c3oc4ccccc4c3-c3ccc(F)cc3)c[nH]c12,343.357,6.092800000000004,49.160000000000004,2,2,0.40716362102777615,0.75,0,0,0,0,c1ccc(-c2c(-c3c[nH]c4ccccc34)oc3ccccc23)cc1,['cfl1_stabilizer'],['CFL1'],1,0.0,1.0,0.0,0.0,0.5471490863083328,0.0,0.0,0.5471490863083328
O=C(Oc1c(O)cc(C(=O)O)c2c1OCO2)c1ccc(Oc2ccccc2)c(O)c1,410.33400000000006,3.536200000000002,131.75,3,8,0.4267060958566088,0.75,1,0,0,0,O=C(Oc1cccc2c1OCO2)c1ccc(Oc2ccccc2)cc1,['cfl1_stabilizer'],['CFL1'],1,0.0,1.0,0.0,0.0,0.7530118287569827,0.0,0.0,0.7530118287569827
Nc1nccc2c1[nH]n[n+]2Nc1cc(-c2cccnc2)nc(-c2ccccc2)n1,382.4110000000001,2.2218,122.17,3,7,0.40738353226661,0.75,1,0,1,0,c1ccc(-c2nc(N[n+]3n[nH]c4cnccc43)cc(-c3cccnc3)n2)cc1,['cfl1_stabilizer'],['CFL1'],1,0.0,1.0,0.0,0.0,0.7472150596799829,0.0,0.0,0.7472150596799829
O=C1c2ccccc2[NH+]=C2C(C=Nc3nnn[nH]3)=c3cc(O)ccc3=[N+]12,345.32200000000006,-2.0721999999999987,121.10000000000002,3,6,0.3638512260517195,0.5,1,0,1,0,O=C1c2ccccc2[NH+]=C2C(C=Nc3nnn[nH]3)=c3ccccc3=[N+]12,['cfl1_stabilizer'],['CFL1'],1,0.0,1.0,0.0,0.0,0.6591553678155159,0.0,0.0,0.6591553678155159
Cc1ccc2[nH]c(=O)c(C(=O)c3ccc4ccccc4c3)cc2c1,313.35600000000005,4.220720000000003,49.93,1,2,0.5632667300331501,1.0,1,0,0,0,O=C(c1ccc2ccccc2c1)c1cc2ccccc2[nH]c1=O,['cfl1_stabilizer'],['CFL1'],1,0.0,1.0,0.0,0.0,0.868980019009945,0.0,0.0,0.868980019009945
O=C(c1ccc(C=CCc2ccccc2)cc1)N(Cc1ccccc1)c1ccccc1,403.5250000000001,6.789500000000006,20.310000000000002,0,1,0.33260846311229947,0.75,0,0,0,0,O=C(c1ccc(C=CCc2ccccc2)cc1)N(Cc1ccccc1)c1ccccc1,['cfl1_stabilizer'],['CFL1'],1,0.0,1.0,0.0,0.0,0.5247825389336898,0.0,0.0,0.5247825389336898
OC(=CCC1=C(c2ccccc2)N2NNC=C2N1)c1ccc2ccccc2c1,368.4400000000001,4.224500000000002,59.56,4,5,0.5195383401823002,0.75,1,0,0,0,C(=Cc1ccc2ccccc2c1)CC1=C(c2ccccc2)N2NNC=C2N1,['cfl1_stabilizer'],['CFL1'],1,0.0,1.0,0.0,0.0,0.7808615020546901,0.0,0.0,0.7808615020546901
O=C(CC=CNC(=O)NNN=Nc1ncnc2ccccc12)Nc1cccc(F)c1,408.3970000000001,3.113900000000001,132.76,4,6,0.3521575726212046,0.5,1,1,0,0,O=C(CC=CNC(=O)NNN=Nc1ncnc2ccccc12)Nc1ccccc1,['cfl1_stabilizer'],['CFL1'],1,0.0,1.0,0.0,0.2,0.6156472717863615,0.0,0.0,0.6156472717863615
OC(=Nc1cccc(Nc2cc(CN3CCOCC3)[nH]n2)c1)Nc1ccccc1,392.46299999999997,3.6431000000000013,97.8,4,5,0.37767854834829184,0.5,1,0,0,0,C(=Nc1cccc(Nc2cc(CN3CCOCC3)[nH]n2)c1)Nc1ccccc1,['cfl1_stabilizer'],['CFL1'],1,0.0,1.0,0.0,0.0,0.6633035645044876,0.0,0.0,0.6633035645044876
Nc1cc(-n2c(NN=NC3C=C([N+](=O)O)CC3)nc3ccccc32)ccn1,365.37700000000007,2.9962000000000018,133.79000000000002,3,6,0.4699156617850687,0.75,1,1,1,0,C1=CC(N=NNc2nc3ccccc3n2-c2ccncc2)CC1,['cfl1_stabilizer'],['CFL1'],1,0.0,1.0,0.0,0.2,0.7259746985355205,0.0,0.0,0.7259746985355205
CC(=O)Nc1ccc2c(c1)nc(N1CC[C@@H](O)C1)c1nc(N)ncc12,338.37100000000004,1.2895999999999996,117.26,3,7,0.6026501264352758,0.5,1,0,0,0,c1ccc2c(c1)nc(N1CCCC1)c1ncncc12,['cfl1_stabilizer'],['CFL1'],1,0.0,1.0,0.0,0.0,0.7307950379305828,0.0,0.0,0.7307950379305828
N[C@]12CCCC(c3ccc(O)n[nH+]3)C3=C1C2=C1C=NNN=C1C=N3,322.35200000000003,0.1599999999999998,122.39,3,7,0.6812773088650642,0.5,1,0,1,0,C1=NNN=C2C=NC3=C4C(=C12)C4CCCC3c1cccn[nH+]1,['cfl1_stabilizer'],['CFL1'],1,0.0,1.0,0.0,0.0,0.7543831926595193,0.0,0.0,0.7543831926595193
O=C(NC1=CC=C2N=C2c2nc3ccccc3nc21)C(O)=CCc1ccncc1,381.3950000000001,2.8667000000000016,100.36000000000001,2,6,0.534629596074138,0.75,1,0,0,0,O=C(C=CCc1ccncc1)NC1=CC=C2N=C2c2nc3ccccc3nc21,['cfl1_stabilizer'],['CFL1'],1,0.0,1.0,0.0,0.0,0.7853888788222414,0.0,0.0,0.7853888788222414
N=C(NNCCCCNC(=O)C=Cc1ccc(O)cc1)c1ccccc1,352.4380000000001,2.42157,97.24000000000001,5,4,0.1573848838419534,0.5,1,0,0,0,N=C(NNCCCCNC(=O)C=Cc1ccccc1)c1ccccc1,['cfl1_stabilizer'],['CFL1'],1,0.0,1.0,0.0,0.0,0.5972154651525861,0.0,0.0,0.5972154651525861
Nc1cc(C=NNCc2ccccc2)ccc1-c1cc(-c2ccccc2)ncn1,379.4670000000001,4.516500000000003,76.19,2,5,0.2934123125645668,0.75,1,0,0,0,C(=NNCc1ccccc1)c1ccc(-c2cc(-c3ccccc3)ncn2)cc1,['cfl1_stabilizer'],['CFL1'],1,0.0,1.0,0.0,0.0,0.7130236937693699,0.0,0.0,0.7130236937693699
CN(C)c1ncc(C(=O)NCc2ccc(Nc3noc(C(C)(C)C)n3)cc2)cn1,395.46700000000016,2.896700000000001,109.07000000000001,2,8,0.6556851788941597,0.75,1,0,0,0,O=C(NCc1ccc(Nc2ncon2)cc1)c1cncnc1,['cfl1_stabilizer'],['CFL1'],1,0.0,1.0,0.0,0.0,0.8217055536682478,0.0,0.0,0.8217055536682478
C(=CCCCCCCC1CCCC1)CCCC=CCCCC1=CCCCC1,370.66500000000025,9.470599999999997,0.0,0,0,0.1987303417356722,0.75,0,0,0,0,C(=CCCCCCCC1CCCC1)CCCC=CCCCC1=CCCCC1,['cfl1_stabilizer'],['CFL1'],1,0.0,1.0,0.0,0.0,0.4846191025207017,0.0,0.0,0.4846191025207017
C[n+]1ccc(N=Nc2cc3[nH+]ncn3c3cc(-c4ccc(O)cc4)oc23)nc1,373.37600000000015,2.902100000000001,106.3,1,6,0.3875079977283597,0.75,1,1,1,0,c1ccc(-c2cc3c(o2)c(N=Nc2cc[nH+]cn2)cc2[nH+]ncn23)cc1,['cfl1_stabilizer'],['CFL1'],1,0.0,1.0,0.0,0.2,0.7012523993185079,0.0,0.0,0.7012523993185079
O=C(O)Nc1ccc(Oc2ccc(OCC=CC=Cc3ccccc3)nc2)cc1,388.42300000000006,5.612200000000005,80.68,2,4,0.4901691999335308,0.75,0,0,0,0,C(C=Cc1ccccc1)=CCOc1ccc(Oc2ccccc2)cn1,['cfl1_stabilizer'],['CFL1'],1,0.0,1.0,0.0,0.0,0.5720507599800593,0.0,0.0,0.5720507599800593
O=[N+]([O-])c1ccc(Nc2cc(-c3cnccn3)cc(-c3ccccc3)n2)cc1,369.38400000000007,4.857400000000003,93.84,1,6,0.39882482381921763,0.5,1,0,1,1,c1ccc(Nc2cc(-c3cnccn3)cc(-c3ccccc3)n2)cc1,['cfl1_stabilizer'],['CFL1'],1,0.0,1.0,0.0,0.0,0.6696474471457653,0.0,0.0,0.6696474471457653
Oc1ccc(CN=NCNN=NN=CCNc2cccc(-c3c[nH]cn3)c2)cc1O,407.43800000000016,3.4523000000000015,154.99999999999997,5,8,0.11440497729547304,0.5,1,2,0,0,C(CNc1cccc(-c2c[nH]cn2)c1)=NN=NNCN=NCc1ccccc1,['cfl1_stabilizer'],['CFL1'],1,0.0,1.0,0.0,0.4,0.504321493188642,0.0,0.0,0.504321493188642
COC1=CN=CNc2c(Nc3ccccc3)cc(-c3cc[nH+]cn3)cc21,344.398,3.704900000000002,72.68,2,5,0.7567425781398857,1.0,1,0,1,0,C1=Cc2cc(-c3cc[nH+]cn3)cc(Nc3ccccc3)c2NC=N1,['cfl1_stabilizer'],['CFL1'],1,0.0,1.0,0.0,0.0,0.9270227734419656,0.0,0.0,0.9270227734419656
COc1ccc(N=CCNCCN=NN=NC(=O)c2ccc(O)cc2)cc1,368.39700000000005,3.352500000000002,120.36,2,6,0.30501055243744035,0.75,1,1,0,0,O=C(N=NN=NCCNCC=Nc1ccccc1)c1ccccc1,['cfl1_stabilizer'],['CFL1'],1,0.0,1.0,0.0,0.2,0.676503165731232,0.0,0.0,0.676503165731232
O=C(Nc1ccccc1)c1c2c(-c3ccccc3)ccc[nH]c-2nc1=O,341.37000000000006,3.7940000000000023,74.85,2,3,0.5951444869622746,1.0,1,0,0,0,O=C(Nc1ccccc1)c1c2c(-c3ccccc3)ccc[nH]c-2nc1=O,['cfl1_stabilizer'],['CFL1'],1,0.0,1.0,0.0,0.0,0.8785433460886825,0.0,0.0,0.8785433460886825
CCCCNN=C(O)CCCN=Nc1cnc2c(O)nc(N)nc2c1,346.39500000000004,2.4376999999999995,154.26,4,9,0.17858824563391892,0.5,1,1,0,0,c1cnc2cncnc2c1,['cfl1_stabilizer'],['CFL1'],1,0.0,1.0,0.0,0.2,0.5635764736901757,0.0,0.0,0.5635764736901757
N=c1ccc2c(N=NC=NN=NN=NN=Cc3ccccc3)nccc2[nH]1,359.3570000000001,3.9228700000000023,151.41,2,5,0.2912907182742083,0.75,1,1,0,0,N=c1ccc2c(N=NC=NN=NN=NN=Cc3ccccc3)nccc2[nH]1,['cfl1_stabilizer'],['CFL1'],1,0.0,1.0,0.0,0.2,0.6723872154822624,0.0,0.0,0.6723872154822624
OC1=CN(c2cccnc2Cc2ccc(-c3ccccc3)cc2)CCNC1,357.4570000000001,4.148400000000003,48.39,2,4,0.7364455554692234,1.0,1,0,0,0,C1=CN(c2cccnc2Cc2ccc(-c3ccccc3)cc2)CCNC1,['cfl1_stabilizer'],['CFL1'],1,0.0,1.0,0.0,0.0,0.920933666640767,0.0,0.0,0.920933666640767
Nc1nc2ncc3cc(-c4ccc(C(=O)O)c(Cc5cccc[nH+]5)c4)c(O)n1[n+]32,388.387,0.9637,131.98000000000002,3,5,0.39305653490572834,0.5,1,0,1,0,c1ccc(Cc2cccc(-c3cc4cnc5ncn(c3)[n+]45)c2)[nH+]c1,['cfl1_stabilizer'],['CFL1'],1,0.0,1.0,0.0,0.0,0.6679169604717186,0.0,0.0,0.6679169604717186
COc1ccc2c(N=NCC(=O)NN=NN=NN=Cc3ccccc3)ccnc2c1,403.4060000000001,4.211800000000003,137.74,1,7,0.3422624674377187,0.75,1,1,0,0,O=C(CN=Nc1ccnc2ccccc12)NN=NN=NN=Cc1ccccc1,['cfl1_stabilizer'],['CFL1'],1,0.0,1.0,0.0,0.2,0.6876787402313157,0.0,0.0,0.6876787402313157
FC(=NN=CCNNN=C=NN=NCc1ccccn1)c1cccc2ccccc12,403.4250000000001,3.6872000000000025,111.11,2,8,0.24592011730899527,0.75,1,1,0,0,C(=NN=NCc1ccccn1)=NNNCC=NN=Cc1cccc2ccccc12,['cfl1_stabilizer'],['CFL1'],1,0.0,1.0,0.0,0.2,0.6587760351926986,0.0,0.0,0.6587760351926986
Oc1cccc(CN=CCN=NN=CNC=NNN=Cc2ccccc2)c1O,380.41200000000015,2.2207000000000003,138.68,4,8,0.16494770057026334,0.5,1,3,0,0,C(CN=NN=CNC=NNN=Cc1ccccc1)=NCc1ccccc1,['cfl1_stabilizer'],['CFL1'],1,0.0,1.0,0.0,0.6,0.479484310171079,0.0,0.0,0.479484310171079
Cn1cc(NNN=NN=NCC(=O)Nc2ccnc3ccccc23)nnc1=N,380.3760000000001,1.1323699999999997,170.04999999999998,4,8,0.3534133105421482,0.25,1,2,0,0,N=c1nnc(NNN=NN=NCC(=O)Nc2ccnc3ccccc23)c[nH]1,['cfl1_stabilizer'],['CFL1'],1,0.0,1.0,0.0,0.4,0.5010239931626445,0.0,0.0,0.5010239931626445
O=C1Oc2c(cc(N=Nc3ncn[nH+]n3)c3ccccc23)N=C2C=CNC=C12,371.3400000000001,2.2466,128.22,1,9,0.4178551912561062,0.75,1,1,1,0,O=C1Oc2c(cc(N=Nc3ncn[nH+]n3)c3ccccc23)N=C2C=CNC=C12,['cfl1_stabilizer'],['CFL1'],1,0.0,1.0,0.0,0.2,0.7103565573768319,0.0,0.0,0.7103565573768319
Nc1ncc(CCC(=O)NC=CCCCCCc2ccccc2O)c(O)n1,370.45300000000003,2.835600000000002,121.36,4,6,0.47721307490353926,0.5,1,0,0,0,O=C(CCc1cncnc1)NC=CCCCCCc1ccccc1,['cfl1_stabilizer'],['CFL1'],1,0.0,1.0,0.0,0.0,0.6931639224710617,0.0,0.0,0.6931639224710617
O=C(O)c1cccc2cc3n(c(=O)c12)C(=Nc1cccc(Cl)c1)SCC3=O,398.82700000000006,3.8184000000000022,88.72999999999999,1,5,0.7084442153886862,1.0,1,0,0,0,O=C1CSC(=Nc2ccccc2)n2c1cc1ccccc1c2=O,['cfl1_stabilizer'],['CFL1'],1,0.0,1.0,0.0,0.0,0.9125332646166058,0.0,0.0,0.9125332646166058
c1ccc(-c2ccnc3nc(-c4cccnc4Nc4ccccn4)ccc23)cc1,375.43500000000006,5.497400000000003,63.59,1,5,0.4494347301553413,0.75,0,0,0,0,c1ccc(-c2ccnc3nc(-c4cccnc4Nc4ccccn4)ccc23)cc1,['cfl1_stabilizer'],['CFL1'],1,0.0,1.0,0.0,0.0,0.5598304190466024,0.0,0.0,0.5598304190466024
O=C(COc1cccc(F)c1)Nc1ccc(-c2ccc3ccccc3n2)cc1,372.39900000000006,5.058400000000004,51.22,1,3,0.5327935599103248,0.75,0,0,0,0,O=C(COc1ccccc1)Nc1ccc(-c2ccc3ccccc3n2)cc1,['cfl1_stabilizer'],['CFL1'],1,0.0,1.0,0.0,0.0,0.5848380679730973,0.0,0.0,0.5848380679730973
COc1ccc(-c2cc(NC(=O)[C@H](N)CCO)ccc2NO)cc1,331.37199999999996,1.8114999999999999,116.84,5,6,0.49408138462637236,0.5,1,0,0,0,c1ccc(-c2ccccc2)cc1,['cfl1_stabilizer'],['CFL1'],1,0.0,1.0,0.0,0.0,0.6982244153879117,0.0,0.0,0.6982244153879117
O=C(O)CCCCCNNCC=[N+]([O-])CCN=NC1=C2NC=CC=C2C=CC=N1,401.4710000000001,1.6119000000000008,136.54000000000002,4,8,0.09241412716405382,0.5,1,1,1,0,C1=CNC2=CN=CC=CC2=C1,['cfl1_stabilizer'],['CFL1'],1,0.0,1.0,0.0,0.2,0.5377242381492162,0.0,0.0,0.5377242381492162
O=C(CN=CC=NNNC(=O)C1=NC=CNC(O)=C1)CN=CCc1ccccc1,395.4230000000002,0.4612000000000014,139.89999999999998,4,9,0.3365687432915159,0.25,1,0,0,0,O=C(CN=CC=NNNC(=O)C1=NC=CNC=C1)CN=CCc1ccccc1,['cfl1_stabilizer'],['CFL1'],1,0.0,1.0,0.0,0.0,0.5759706229874548,0.0,0.0,0.5759706229874548
N#Cc1ccc(N=NCC2=NC(=O)C(=NNc3ccc(O)cc3)C[C@H]2O)cc1,376.3760000000001,2.54788,142.79,3,8,0.41733216004127427,0.75,1,1,0,0,O=C1N=C(CN=Nc2ccccc2)CCC1=NNc1ccccc1,['cfl1_stabilizer'],['CFL1'],1,0.0,1.0,0.0,0.2,0.7101996480123823,0.0,0.0,0.7101996480123823
CCC=CC=CCC=NN=Nc1cc(-c2cccc(NO)c2F)c(O)c(C)n1,383.4270000000001,5.684820000000005,102.46000000000001,3,6,0.23590259133278105,0.5,0,1,0,0,c1ccc(-c2ccncc2)cc1,['cfl1_stabilizer'],['CFL1'],1,0.0,1.0,0.0,0.2,0.38077077739983434,0.0,0.0,0.38077077739983434
O=C(NCCc1ccc2ccccc2c1)[C@H]1OC1=Nc1ccccc1,330.38700000000006,3.627500000000002,53.99,1,3,0.7264219776724846,1.0,1,0,0,0,O=C(NCCc1ccc2ccccc2c1)C1OC1=Nc1ccccc1,['cfl1_stabilizer'],['CFL1'],1,0.0,1.0,0.0,0.0,0.9179265933017453,0.0,0.0,0.9179265933017453
Cc1ccc2c(NC(=O)CCCNN)nc3cc4[nH]c(=O)ccc4cc3c2c1,375.4320000000001,2.71992,112.9,4,5,0.14082601465934552,0.5,1,0,0,0,O=c1ccc2cc3c(cc2[nH]1)ncc1ccccc13,['cfl1_stabilizer'],['CFL1'],1,0.0,1.0,0.0,0.0,0.5922478043978037,0.0,0.0,0.5922478043978037
O=C(O)c1ccc(Oc2ccc(NCC=NNc3ncc(F)cn3)cc2)nc1,382.3550000000001,3.011000000000001,121.62,3,8,0.4014512291377305,0.75,1,0,0,0,C(CNc1ccc(Oc2ccccn2)cc1)=NNc1ncccn1,['cfl1_stabilizer'],['CFL1'],1,0.0,1.0,0.0,0.0,0.7454353687413191,0.0,0.0,0.7454353687413191
Nc1ncc(C=NN=Nc2ccc3c(ccn3CC(=O)O)c2)nn1,324.30400000000003,1.6108999999999998,144.0,2,7,0.4141878842205769,0.75,1,1,0,0,C(=NN=Nc1ccc2[nH]ccc2c1)c1cncnn1,['cfl1_stabilizer'],['CFL1'],1,0.0,1.0,0.0,0.2,0.7092563652661731,0.0,0.0,0.7092563652661731
C[N+](NCc1ccc2ccc(N)cc2c1)=C(O)CCc1ccccc1,334.44300000000004,3.6582000000000026,61.290000000000006,3,2,0.2119206002546856,1.0,1,0,1,0,C(CCc1ccccc1)=[NH+]NCc1ccc2ccccc2c1,['cfl1_stabilizer'],['CFL1'],1,0.0,1.0,0.0,0.0,0.7635761800764056,0.0,0.0,0.7635761800764056
Nc1ccc(-c2c(N=Nc3ccc4[nH]c(N)[nH+]c4c3)nc3[nH]cnc(N)c2-3)cc1,385.41500000000013,3.0339,174.28,5,7,0.23644850341335227,0.5,1,1,1,0,c1ccc(-c2c3cnc[nH]c-3nc2N=Nc2ccc3[nH]c[nH+]c3c2)cc1,['cfl1_stabilizer'],['CFL1'],1,0.0,1.0,0.0,0.2,0.5809345510240057,0.0,0.0,0.5809345510240057
Nc1nc(=O)c(C=NCCOCCOCCOc2ccc(-c3ccccc3)cc2)c[nH]1,422.48499999999996,2.5502000000000002,111.82000000000002,2,7,0.34269586608595937,0.75,1,0,0,0,O=c1nc[nH]cc1C=NCCOCCOCCOc1ccc(-c2ccccc2)cc1,['cfl1_stabilizer'],['CFL1'],1,0.0,1.0,0.0,0.0,0.7278087598257879,0.0,0.0,0.7278087598257879
Cc1ccc2[nH]nc(NC(=O)c3cc(NC(=O)O)c[nH+]c3Cc3ccccc3)c2c1,402.43400000000014,3.6184200000000013,121.25,4,3,0.4072504085550585,0.5,1,0,1,0,O=C(Nc1n[nH]c2ccccc12)c1ccc[nH+]c1Cc1ccccc1,['cfl1_stabilizer'],['CFL1'],1,0.0,1.0,0.0,0.0,0.6721751225665176,0.0,0.0,0.6721751225665176
Oc1ccc2c(N=NCCNN=NC=NNC3=Cc4ccccc4NC=C3)cccc2[nH+]1,428.48000000000013,3.9132000000000016,132.26,4,7,0.14230077194817872,0.5,1,1,1,0,C1=CC(NN=CN=NNCCN=Nc2cccc3[nH+]cccc23)=Cc2ccccc2N1,['cfl1_stabilizer'],['CFL1'],1,0.0,1.0,0.0,0.2,0.5526902315844536,0.0,0.0,0.5526902315844536
Cc1ncc(-c2cc(COc3cc(C(=O)O)ccc3OCCO)ccn2)cn1,381.3880000000001,2.4953200000000004,114.66000000000001,2,7,0.6115723677388958,0.75,1,0,0,0,c1ccc(OCc2ccnc(-c3cncnc3)c2)cc1,['cfl1_stabilizer'],['CFL1'],1,0.0,1.0,0.0,0.0,0.8084717103216688,0.0,0.0,0.8084717103216688
O=C(O)CCCCCNCCCOc1ccc(-c2ccccc2)cc1,341.451,4.3571000000000035,58.56,2,3,0.5633313177305069,1.0,1,0,0,0,c1ccc(-c2ccccc2)cc1,['cfl1_stabilizer'],['CFL1'],1,0.0,1.0,0.0,0.0,0.8689993953191519,0.0,0.0,0.8689993953191519
O=C(Nc1cccc(-c2ncccn2)c1)Nc1cc(-c2ccccc2)ncn1,368.40000000000003,4.244600000000003,92.69,2,5,0.5618101811281077,0.75,1,0,0,0,O=C(Nc1cccc(-c2ncccn2)c1)Nc1cc(-c2ccccc2)ncn1,['cfl1_stabilizer'],['CFL1'],1,0.0,1.0,0.0,0.0,0.7935430543384323,0.0,0.0,0.7935430543384323
O=C(C=Cc1ccccc1)C=NNNN=NC(=O)c1ccc(S(=O)(=O)O)cc1,401.40400000000017,1.8032000000000001,149.64999999999998,3,7,0.152383872980032,0.75,1,1,0,0,O=C(C=Cc1ccccc1)C=NNNN=NC(=O)c1ccccc1,['cfl1_stabilizer'],['CFL1'],1,0.0,1.0,0.0,0.2,0.6307151618940097,0.0,0.0,0.6307151618940097
CCC=CC=CC=CCCCCCCNc1cnc2c(ccc3cc(C)ccc32)c1,398.5940000000001,8.137420000000006,24.92,1,2,0.20020393605339146,0.75,0,0,0,0,c1ccc2c(c1)ccc1cccnc12,['cfl1_stabilizer'],['CFL1'],1,0.0,1.0,0.0,0.0,0.4850611808160174,0.0,0.0,0.4850611808160174
Cc1ccc2c(c1)nc1c(C(=O)N=[N+]=C[C@H]3CC(C)O3)nc3ccccnc3[n+]12,386.4150000000001,2.2739199999999995,95.53,0,5,0.22790853551385523,0.75,1,1,1,0,O=C(N=[N+]=CC1CCO1)c1nc2ccccnc2[n+]2c1nc1ccccc12,['cfl1_stabilizer'],['CFL1'],1,0.0,1.0,0.0,0.2,0.6533725606541565,0.0,0.0,0.6533725606541565
COc1ccc(Cc2cc(OCc3cnc4[nH]c(N)nc(=O)c4c3)cc[nH+]2)cc1,390.42300000000006,1.8927999999999998,117.26,2,6,0.5191649648382637,0.75,1,0,1,0,O=c1nc[nH]c2ncc(COc3cc[nH+]c(Cc4ccccc4)c3)cc12,['cfl1_stabilizer'],['CFL1'],1,0.0,1.0,0.0,0.0,0.780749489451479,0.0,0.0,0.780749489451479
O=Cc1cc[n+](CCCCCNCCCCCCCCc2ccccc2)c(O)n1,398.5710000000001,4.230400000000005,66.1,2,4,0.25224829752174305,1.0,1,0,1,1,c1ccc(CCCCCCCCNCCCCC[n+]2cccnc2)cc1,['cfl1_stabilizer'],['CFL1'],1,0.0,1.0,0.0,0.0,0.7756744892565228,0.0,0.0,0.7756744892565228
C=C(N=CCNc1cc(C)[nH+]cn1)[C@H]1Cc2cc3c(cc2O1)NN=C(S)N=C3,394.48400000000004,2.2494199999999998,97.4,3,7,0.5351744175246789,0.75,1,0,1,0,C=C(N=CCNc1cc[nH+]cn1)C1Cc2cc3c(cc2O1)NN=CN=C3,['cfl1_stabilizer'],['CFL1'],1,0.0,1.0,0.0,0.0,0.7855523252574037,0.0,0.0,0.7855523252574037
Nc1cccc(NC(=O)c2ccc(NC(=O)NCCCc3ccccc3)cc2)c1,388.4710000000002,4.275400000000003,96.25,4,3,0.35931677838759857,0.5,1,0,0,0,O=C(NCCCc1ccccc1)Nc1ccc(C(=O)Nc2ccccc2)cc1,['cfl1_stabilizer'],['CFL1'],1,0.0,1.0,0.0,0.0,0.6577950335162797,0.0,0.0,0.6577950335162797
COc1cc(C(=O)NC=CC=NN=CC#[N+]c2cnc3nccnc3n2)ccn1,388.3710000000001,1.7880999999999998,131.86,1,9,0.5203534482403454,0.75,1,0,1,0,O=C(NC=CC=NN=CC#[N+]c1cnc2nccnc2n1)c1ccncc1,['cfl1_stabilizer'],['CFL1'],1,0.0,1.0,0.0,0.0,0.7811060344721035,0.0,0.0,0.7811060344721035
Nc1ncnc(CNN=NN=Cc2c3c4c(nn3c3nccn23)[S+]=CC=4)n1,379.39300000000003,-1.0031999999999994,148.39999999999998,2,8,0.14841882242489404,0.5,1,2,1,0,C(=NN=NNCc1ncncn1)c1c2c3c(nn2c2nccn12)[S+]=CC=3,['cfl1_stabilizer'],['CFL1'],1,0.0,1.0,0.0,0.4,0.5145256467274681,0.0,0.0,0.5145256467274681
O=C(O)c1c(N2C(=O)CCc3ccccc32)ccnc1NC1CCCC1,351.4060000000002,3.7452000000000023,82.53,2,4,0.8765919264515196,1.0,1,0,0,0,O=C1CCc2ccccc2N1c1ccnc(NC2CCCC2)c1,['cfl1_stabilizer'],['CFL1'],1,0.0,1.0,0.0,0.0,0.9629775779354559,0.0,0.0,0.9629775779354559
CCCN=NNc1cccc(NCc2ccc(OCC(=O)N[C@@H](C)C(=O)O)cc2)c1,413.4780000000001,3.4559000000000015,124.41000000000001,4,6,0.31199417470081425,0.5,1,1,0,0,c1ccc(CNc2ccccc2)cc1,['cfl1_stabilizer'],['CFL1'],1,0.0,1.0,0.0,0.2,0.6035982524102443,0.0,0.0,0.6035982524102443
O=C(Nc1ccc(O)c[nH+]1)c1cccc(CN=Nc2ccc3nn[nH]c3c2)c1,374.384,3.0138000000000007,129.76,3,6,0.4635339965501115,0.75,1,1,1,0,O=C(Nc1cccc[nH+]1)c1cccc(CN=Nc2ccc3nn[nH]c3c2)c1,['cfl1_stabilizer'],['CFL1'],1,0.0,1.0,0.0,0.2,0.7240601989650334,0.0,0.0,0.7240601989650334
N#Cc1ccc(C(=O)NCCC2=N[N+]3=C(c4ccc(N)cc4)C=NC3=N2)[nH+]c1,372.392,0.3437800000000001,133.14,2,6,0.5790206228444289,0.5,1,0,1,0,O=C(NCCC1=N[N+]2=C(c3ccccc3)C=NC2=N1)c1cccc[nH+]1,['cfl1_stabilizer'],['CFL1'],1,0.0,1.0,0.0,0.0,0.7237061868533285,0.0,0.0,0.7237061868533285
Nc1ccc([C@H]2N=C3C=C(N=NNN=Nc4cccc5cnccc45)N=C3C2=O)nn1,411.3890000000002,2.623500000000001,167.95,2,11,0.48291801289456887,0.75,0,1,0,0,O=C1C2=NC(N=NNN=Nc3cccc4cnccc34)=CC2=NC1c1cccnn1,['cfl1_stabilizer'],['CFL1'],1,0.0,1.0,0.0,0.2,0.5298754038683706,0.0,0.0,0.5298754038683706
C[C@H]1CC(C)(C)CCc2cc(N=NN=C3C=CC(N)=NC3)c3ccc(N)cc3[n+]21,390.5150000000002,3.9997000000000016,105.35999999999999,2,5,0.34998815524264515,0.75,1,1,1,0,C1=CC(=NN=Nc2cc3[n+](c4ccccc24)CCCCC3)CN=C1,['cfl1_stabilizer'],['CFL1'],1,0.0,1.0,0.0,0.2,0.6899964465727936,0.0,0.0,0.6899964465727936
O=C(NCc1ccc(O)cc1)OCc1ccc(-c2nn[nH]n2)c2ccccc12,375.38800000000003,3.1519000000000013,113.02,3,6,0.4938143443431154,0.75,1,0,0,0,O=C(NCc1ccccc1)OCc1ccc(-c2nn[nH]n2)c2ccccc12,['cfl1_stabilizer'],['CFL1'],1,0.0,1.0,0.0,0.0,0.7731443033029346,0.0,0.0,0.7731443033029346
Cc1ccc(O[C@H]2C[C@H](CCNC(=O)c3ccncn3)C[C@H]([N+](=O)[O-])C2)cn1,385.42400000000015,2.19292,120.14,1,7,0.5727455777834978,0.75,1,0,1,1,O=C(NCCC1CCCC(Oc2cccnc2)C1)c1ccncn1,['cfl1_stabilizer'],['CFL1'],1,0.0,1.0,0.0,0.0,0.7968236733350493,0.0,0.0,0.7968236733350493
COc1cccc2nccc-2c1.N#Cc1ccc([N+](=O)O)cc1,308.317,3.552880000000002,86.22,1,4,0.7315124397085359,1.0,1,0,1,0,c1ccc2ccnc-2cc1.c1ccccc1,['limk1_activator_alphaC'],['LIMK1'],1,0.0,1.0,0.0,0.0,0.9194537319125606,0.0,0.0,0.9194537319125606
Cc1ccnc2ccccc12.OCC(CCN=C1NCCCN1)c1ccco1,380.49200000000013,3.2277200000000015,82.68,3,4,0.6330106398260773,1.0,1,0,0,0,c1ccc2ncccc2c1.c1coc(CCCN=C2NCCCN2)c1,['limk1_activator_alphaC'],['LIMK1'],1,0.0,1.0,0.0,0.0,0.8899031919478231,0.0,0.0,0.8899031919478231
CC1CC=CC(O)C1=O.COC1=CC2=CC=CNC2=CC=C1.OCc1ccccc1,407.5100000000001,3.705000000000002,78.79,3,5,0.6517122349881449,1.0,1,0,0,0,C1=CC=C2NC=CC=C2C=C1.O=C1CC=CCC1.c1ccccc1,['limk1_activator_alphaC'],['LIMK1'],1,0.0,1.0,0.0,0.0,0.8955136704964435,0.0,0.0,0.8955136704964435
C(=CN1CCCC1)c1ccc2ccccc2c1.CC(=O)NNCCCOCCO,399.53500000000025,2.9324000000000017,73.83000000000001,3,5,0.4466161294192156,1.0,1,0,0,0,C(=CN1CCCC1)c1ccc2ccccc2c1,['limk1_activator_alphaC'],['LIMK1'],1,0.0,1.0,0.0,0.0,0.8339848388257647,0.0,0.0,0.8339848388257647
CC(O)CC=COCCCCO.CN(C)Cc1ccc(-c2ccc(O)nc2)cc1,402.535,3.5759000000000025,86.05,3,6,0.4160242915771834,1.0,1,0,0,0,c1ccc(-c2cccnc2)cc1,['limk1_activator_alphaC'],['LIMK1'],1,0.0,1.0,0.0,0.0,0.8248072874731549,0.0,0.0,0.8248072874731549
COc1cccc2c1CC(C)C2=O.OCOC=C1N=C2Cc3ccccc3N2N1,393.4430000000001,2.8012000000000006,83.39,2,7,0.6163762417553219,1.0,1,0,0,0,C=C1N=C2Cc3ccccc3N2N1.O=C1CCc2ccccc21,['limk1_activator_alphaC'],['LIMK1'],1,0.0,1.0,0.0,0.0,0.8849128725265965,0.0,0.0,0.8849128725265965
COc1ccccc1CNCCCCOC=CN=C1CCC=CN1,329.444,3.3484000000000016,54.879999999999995,2,4,0.51047869800546,1.0,1,0,0,0,C1=CNC(=NC=COCCCCNCc2ccccc2)CC1,['limk1_activator_alphaC'],['LIMK1'],1,0.0,1.0,0.0,0.0,0.853143609401638,0.0,0.0,0.853143609401638
CC(O)C1CC2CCC3OCCC3C2C1.Cc1cnccc1OCn1cnnc1,400.5230000000001,3.2265200000000016,82.29,1,6,0.8485028830779519,1.0,1,0,0,0,C1CC2CCC3OCCC3C2C1.c1cc(OCn2cnnc2)ccn1,['limk1_activator_alphaC'],['LIMK1'],1,0.0,1.0,0.0,0.0,0.9545508649233854,0.0,0.0,0.9545508649233854
CC(=O)NCCOCNCc1ccccc1.Nc1ccccc1Br,394.31300000000005,2.9177,76.38,3,4,0.38354734524922957,1.0,1,0,0,0,c1ccccc1.c1ccccc1,['limk1_activator_alphaC'],['LIMK1'],1,0.0,1.0,0.0,0.0,0.8150642035747688,0.0,0.0,0.8150642035747688
O=C1CC2=CCC(CCCCc3[nH]nnc3-c3cccc[nH+]3)CC=C2N1,350.446,2.7388000000000003,84.81,2,3,0.7857135172374248,1.0,1,0,1,0,O=C1CC2=CCC(CCCCc3[nH]nnc3-c3cccc[nH+]3)CC=C2N1,['limk1_activator_alphaC'],['LIMK1'],1,0.0,1.0,0.0,0.0,0.9357140551712273,0.0,0.0,0.9357140551712273
CCNCCOc1ccccc1CCNCCC=CC=C(C)C.CCO[N+](=O)O,408.56300000000016,3.8255000000000026,82.83,3,5,0.2465540779111798,1.0,1,0,1,0,c1ccccc1,['limk1_activator_alphaC'],['LIMK1'],1,0.0,1.0,0.0,0.0,0.773966223373354,0.0,0.0,0.773966223373354
OC1=CCC2CNCC2=C1.OCCOCCCCc1ccccc1,331.45599999999996,2.9960000000000013,61.72,3,4,0.6723035528680281,1.0,1,0,0,0,C1=CCC2CNCC2=C1.c1ccccc1,['limk1_activator_alphaC'],['LIMK1'],1,0.0,1.0,0.0,0.0,0.9016910658604085,0.0,0.0,0.9016910658604085
C1=CCC2=C=C3OC=CC3CC2C=1.COC(=O)NNCCc1ccccc1,364.4450000000001,3.780300000000002,59.59,2,4,0.48492246128833216,1.0,1,0,0,0,C1=CCC2=C=C3OC=CC3CC2C=1.c1ccccc1,['limk1_activator_alphaC'],['LIMK1'],1,0.0,1.0,0.0,0.0,0.8454767383864996,0.0,0.0,0.8454767383864996
Cc1nc2cccccc-2n1.O=C(O)NNC=C1CC2=CC=CCC2C1,350.42200000000014,3.8286200000000017,87.14,3,4,0.7166782453458987,1.0,1,0,0,0,C=C1CC2=CC=CCC2C1.c1ccc2ncnc-2cc1,['limk1_activator_alphaC'],['LIMK1'],1,0.0,1.0,0.0,0.0,0.9150034736037695,0.0,0.0,0.9150034736037695
O=C(NO)c1ccccc1.O[N+]1=C=CC(=CC2CC=CC3=CCC=CC32)C1,363.4370000000001,3.438200000000003,72.57000000000001,3,3,0.24777404003737616,1.0,1,0,1,0,C1=CC(=CC2CC=CC3=CCC=CC32)C[NH+]=1.c1ccccc1,['limk1_activator_alphaC'],['LIMK1'],1,0.0,1.0,0.0,0.0,0.7743322120112128,0.0,0.0,0.7743322120112128
CCOCCCNNC(CNC1OC2CCC=CC3=CCC=C1C32)c1ccco1,399.5350000000002,3.378700000000002,67.69,3,6,0.301145598038635,1.0,1,0,0,0,C1=CC2=CCC=C3C(NCCc4ccco4)OC(CC1)C23,['limk1_activator_alphaC'],['LIMK1'],1,0.0,1.0,0.0,0.0,0.7903436794115906,0.0,0.0,0.7903436794115906
COc1cc(C=CC=NNC2=CC=CC(CC=NNCCO)C2)cc(OC)c1,384.48000000000025,2.7102000000000004,87.47,3,7,0.310189025520333,1.0,1,0,0,0,C1=CCCC(NN=CC=Cc2ccccc2)=C1,['limk1_activator_alphaC'],['LIMK1'],1,0.0,1.0,0.0,0.0,0.7930567076560999,0.0,0.0,0.7930567076560999
COc1cccc(C=NN=CCC=CN(O)CCCCOc2cccnc2)c1,382.4640000000001,3.949100000000003,79.54,1,7,0.3415413142534955,1.0,1,0,0,0,C(=CNCCCCOc1cccnc1)CC=NN=Cc1ccccc1,['limk1_activator_alphaC'],['LIMK1'],1,0.0,1.0,0.0,0.0,0.8024623942760487,0.0,0.0,0.8024623942760487
COc1cc(-c2ccncc2)cc(CNC=C2C(=O)C(CCC3CCNC3)CC2C)n1,420.5570000000003,3.7405000000000017,76.14,2,6,0.6338428581691661,1.0,1,0,0,0,O=C1C(=CNCc2cc(-c3ccncc3)ccn2)CCC1CCC1CCNC1,['limk1_activator_alphaC'],['LIMK1'],1,0.0,1.0,0.0,0.0,0.8901528574507498,0.0,0.0,0.8901528574507498
CCN(CNC1=Nc2ccccc2CCN1)C(C)O.ClC1CCC2C=CC=C12,402.9700000000001,3.5271000000000026,59.89,3,5,0.532308885314495,1.0,1,0,0,0,C1=CC2CCCC2=C1.C1=Nc2ccccc2CCN1,['limk1_activator_alphaC'],['LIMK1'],1,0.0,1.0,0.0,0.0,0.8596926655943484,0.0,0.0,0.8596926655943484
O=C1C=C2C(N=NCCc3ccncn3)C3ONC4C=CCC5C(C1)C2C3C45,377.44800000000015,2.0791999999999997,88.83,1,7,0.6410072066118346,1.0,1,1,0,0,O=C1C=C2C(N=NCCc3ccncn3)C3ONC4C=CCC5C(C1)C2C3C45,['limk1_activator_alphaC'],['LIMK1'],1,0.0,1.0,0.0,0.2,0.8523021619835504,0.0,0.0,0.8523021619835504
CCOCCCNN=C(C)c1ccccc1.O=C1NC(O)C=C2CC=CC=C12,383.49200000000013,2.674100000000001,82.95,3,5,0.3840384339421783,1.0,1,0,0,0,O=C1NCC=C2CC=CC=C12.c1ccccc1,['limk1_activator_alphaC'],['LIMK1'],1,0.0,1.0,0.0,0.0,0.8152115301826535,0.0,0.0,0.8152115301826535
CC(O)NCCNCCC1C=C(F)C=C(Oc2cccnc2Oc2ccccc2)C1,413.49300000000017,3.917500000000003,75.64,3,6,0.38301966094419787,1.0,1,0,0,0,C1=CCCC(Oc2cccnc2Oc2ccccc2)=C1,['limk1_activator_alphaC'],['LIMK1'],1,0.0,1.0,0.0,0.0,0.8149058982832593,0.0,0.0,0.8149058982832593
C=C1N=CC=C2CCCC12.CC(NCNc1nccn1C)=C1CCCN1,354.5020000000002,3.3050000000000015,66.27,3,5,0.7259702499467672,1.0,1,0,0,0,C(NCNc1ncc[nH]1)=C1CCCN1.C=C1N=CC=C2CCCC12,['limk1_activator_alphaC'],['LIMK1'],1,0.0,1.0,0.0,0.0,0.9177910749840301,0.0,0.0,0.9177910749840301
OC(CCC1=CCC(Cl)CC1)C(NCc1ccccc1)NCc1ncncn1,401.94200000000006,2.935900000000001,82.96,3,6,0.3223357257799403,1.0,1,0,0,0,C1=C(CCCC(NCc2ccccc2)NCc2ncncn2)CCCC1,['limk1_activator_alphaC'],['LIMK1'],1,0.0,1.0,0.0,0.0,0.796700717733982,0.0,0.0,0.796700717733982
CN=c1cccnc(NCNc2ccccc2)n1.O=C1CCCC2CCC12,365.4810000000003,3.2542000000000018,79.27000000000001,2,6,0.8132584010898121,1.0,1,0,0,0,N=c1cccnc(NCNc2ccccc2)n1.O=C1CCCC2CCC12,['limk1_activator_alphaC'],['LIMK1'],1,0.0,1.0,0.0,0.0,0.9439775203269436,0.0,0.0,0.9439775203269436
CC(=O)ONCC=C1C=CC(C#CCc2ccnc(N3CCOCC3)c2)C=C1,379.4600000000002,2.2004,63.69,1,6,0.48077877212207654,1.0,1,0,0,0,C=C1C=CC(C#CCc2ccnc(N3CCOCC3)c2)C=C1,['limk1_activator_alphaC'],['LIMK1'],1,0.0,1.0,0.0,0.0,0.844233631636623,0.0,0.0,0.844233631636623
CCCCCCN=CC=CCC=CCNCCCCNCC1OCCO1,365.5620000000002,3.4723000000000015,54.88000000000001,2,5,0.23538625418419384,1.0,1,0,0,0,C1COCO1,['limk1_activator_alphaC'],['LIMK1'],1,0.0,1.0,0.0,0.0,0.7706158762552582,0.0,0.0,0.7706158762552582
CC=C1C(C=Cc2ccc(O)cc2)COC1CN=CC=CNCCOCC,370.4930000000001,3.577300000000002,63.08,2,5,0.37539298601460125,1.0,1,0,0,0,C=C1COCC1C=Cc1ccccc1,['limk1_activator_alphaC'],['LIMK1'],1,0.0,1.0,0.0,0.0,0.8126178958043804,0.0,0.0,0.8126178958043804
COCC=O.COCCOCCNC1=CC2CCC3CCC(CC1)C23,353.5030000000002,2.8008000000000006,56.790000000000006,1,5,0.5101835586042596,1.0,1,0,0,1,C1=CC2CCC3CCC(CC1)C23,['limk1_activator_alphaC'],['LIMK1'],1,0.0,1.0,0.0,0.0,0.8530550675812778,0.0,0.0,0.8530550675812778
OC1CCC2C(C1)CC1C(O)C=CCC12.c1ccc2cnccc2c1,337.4630000000001,3.955300000000003,53.35,2,3,0.7156705030810193,1.0,1,0,0,0,C1=CCC2C(C1)CC1CCCCC12.c1ccc2cnccc2c1,['limk1_activator_alphaC'],['LIMK1'],1,0.0,1.0,0.0,0.0,0.9147011509243057,0.0,0.0,0.9147011509243057
CNC(=O)c1ccnc(NCCCCC2CCC3CCC4CNC2C34)c1,356.51400000000007,3.047600000000001,66.05,3,4,0.6571268786526879,1.0,1,0,0,0,c1ccc(NCCCCC2CCC3CCC4CNC2C34)nc1,['limk1_activator_alphaC'],['LIMK1'],1,0.0,1.0,0.0,0.0,0.8971380635958064,0.0,0.0,0.8971380635958064
C1=CC=C(NNN=CCCCC=NC=C2CCC3CCCCC23)NN=C1,354.5020000000001,3.7782000000000027,73.17,3,6,0.3527655597597128,1.0,1,0,0,0,C1=CC=C(NNN=CCCCC=NC=C2CCC3CCCCC23)NN=C1,['limk1_activator_alphaC'],['LIMK1'],1,0.0,1.0,0.0,0.0,0.8058296679279138,0.0,0.0,0.8058296679279138
CCCCCCCON=CC1C=C2CN(CCOC)NC2CC1O,339.48,2.1016,66.32000000000001,2,6,0.2611432226061455,1.0,1,0,0,0,C1=C2CNNC2CCC1,['limk1_activator_alphaC'],['LIMK1'],1,0.0,1.0,0.0,0.0,0.7783429667818436,0.0,0.0,0.7783429667818436
O=C(O)OCCC=C1CCC(C(=O)OCCNC2=CCCCC2)CC1,351.4430000000002,3.778400000000003,84.86,2,5,0.3932078672556626,1.0,1,0,0,0,C=C1CCC(C(=O)OCCNC2=CCCCC2)CC1,['limk1_activator_alphaC'],['LIMK1'],1,0.0,1.0,0.0,0.0,0.8179623601766988,0.0,0.0,0.8179623601766988
CC(=CCCCNCNc1cc[n+](C)cn1)NC=NC1=CCCC2CCCC=C12,395.57500000000033,3.571200000000002,65.22,3,4,0.1862877460326193,1.0,1,0,1,0,C(=CNC=NC1=CCCC2CCCC=C12)CCCNCNc1cc[nH+]cn1,['limk1_activator_alphaC'],['LIMK1'],1,0.0,1.0,0.0,0.0,0.7558863238097857,0.0,0.0,0.7558863238097857
ClC1CCC=C2C=CCC21.O=C1C2C=CC=CC2=NN1CNCC1CCCO1,401.9380000000003,3.543000000000002,53.93000000000001,1,4,0.7328134335125431,1.0,1,0,0,0,C1=CC2=CCCCC2C1.O=C1C2C=CC=CC2=NN1CNCC1CCCO1,['limk1_activator_alphaC'],['LIMK1'],1,0.0,1.0,0.0,0.0,0.9198440300537629,0.0,0.0,0.9198440300537629
O=C1CC(C=CCNN=NNCCc2ccccc2)C=CC23CC(O)C=CC2C13,392.5030000000001,2.945100000000001,86.08,3,4,0.27477850631410056,1.0,1,1,0,0,O=C1CC(C=CCNN=NNCCc2ccccc2)C=CC23CCC=CC2C13,['limk1_activator_alphaC'],['LIMK1'],1,0.0,1.0,0.0,0.2,0.7424335518942302,0.0,0.0,0.7424335518942302
O=C(O)CCOCC1C=CC=CC(Cc2ccc3ccccc3c2)C1O,352.43000000000006,3.5929000000000033,66.76,2,3,0.747475067988779,1.0,1,0,0,0,C1=CCCC(Cc2ccc3ccccc3c2)C=C1,['limk1_activator_alphaC'],['LIMK1'],1,0.0,1.0,0.0,0.0,0.9242425203966336,0.0,0.0,0.9242425203966336
CC12C=C1C1C(=CC2)CC(NN=NC=CCOCCOc2ccccc2)CC1O,395.50300000000016,3.968400000000003,75.44000000000001,2,5,0.28712419487175256,1.0,1,1,0,0,C(=CN=NNC1CCC2C(=CCC3C=C32)C1)COCCOc1ccccc1,['limk1_activator_alphaC'],['LIMK1'],1,0.0,1.0,0.0,0.2,0.7461372584615258,0.0,0.0,0.7461372584615258
OC(O)CC1CC2CC3CCC4CC=CC5NC(C2C1)C3C45,303.446,2.2922000000000002,52.49,3,3,0.5418063885396419,1.0,1,0,0,0,C1=CC2NC3C4CCCC4CC4CCC(C1)C2C43,['limk1_activator_alphaC'],['LIMK1'],1,0.0,1.0,0.0,0.0,0.8625419165618926,0.0,0.0,0.8625419165618926
CC1C(=O)CC=CC2C1CC(C=COCCc1nnc[nH]1)C2C1=CC1O,355.438,2.212,88.10000000000001,2,5,0.46399239928704766,1.0,1,0,0,0,O=C1CC=CC2C(C1)CC(C=COCCc1nnc[nH]1)C2C1=CC1,['limk1_activator_alphaC'],['LIMK1'],1,0.0,1.0,0.0,0.0,0.8391977197861142,0.0,0.0,0.8391977197861142
COC(=O)CCNC1CC(CNC2CC=CC3C(F)CCCC23)CCN1,367.50900000000024,2.1372999999999998,62.39,3,5,0.4753417251364361,1.0,1,0,0,0,C1=CC2CCCCC2C(NCC2CCNCC2)C1,['limk1_activator_alphaC'],['LIMK1'],1,0.0,1.0,0.0,0.0,0.8426025175409309,0.0,0.0,0.8426025175409309
O=C1C2=NC2=CC2=C=CC(CC=CC3CN3C=COCc3cnccn3)C=CC12,384.4390000000001,2.899800000000001,67.45,0,6,0.3129719937819678,1.0,1,0,0,1,O=C1C2=NC2=CC2=C=CC(CC=CC3CN3C=COCc3cnccn3)C=CC12,['limk1_activator_alphaC'],['LIMK1'],1,0.0,1.0,0.0,0.0,0.7938915981345904,0.0,0.0,0.7938915981345904
N[N+](=O)OCCCCCCC1CCCC1NCC1=CC(O)CC2CCCC=C12,392.5640000000002,3.696900000000001,87.59,3,4,0.2834662189418565,1.0,1,0,1,0,C1=C(CNC2CCCC2)C2=CCCCC2CC1,['limk1_activator_alphaC'],['LIMK1'],1,0.0,1.0,0.0,0.0,0.785039865682557,0.0,0.0,0.785039865682557
CC1(C)CC2CC2=C2C3(C1)NC(=O)C1=CC(NNCc4ccncn4)CC123,363.46500000000015,1.7745999999999997,78.94000000000001,3,5,0.561330268214274,1.0,1,0,0,0,O=C1NC23CCCC4CC4=C2C32CC(NNCc3ccncn3)C=C12,['limk1_activator_alphaC'],['LIMK1'],1,0.0,1.0,0.0,0.0,0.8683990804642823,0.0,0.0,0.8683990804642823
C=C(O)C(C)C1C=CC(OCCO)CC1.COCCCCc1cnccn1,378.5130000000001,3.4836000000000027,84.7,2,6,0.3682922670202501,1.0,1,0,0,0,C1=CCCCC1.c1cnccn1,['limk1_activator_alphaC'],['LIMK1'],1,0.0,1.0,0.0,0.0,0.810487680106075,0.0,0.0,0.810487680106075
OCCOC=COCCNCN=CNCC=Cc1cccc2c1CCCCO2,389.49600000000027,2.0765999999999996,84.34,3,6,0.20732798832917404,1.0,1,0,0,0,c1ccc2c(c1)CCCCO2,['limk1_activator_alphaC'],['LIMK1'],1,0.0,1.0,0.0,0.0,0.7621983964987522,0.0,0.0,0.7621983964987522
O=C1CC2C(=O)C(CC=CNc3ccccn3)CC3CC=C=CC1C32,334.4190000000001,3.5389000000000026,59.06,1,4,0.8557829080469587,1.0,1,0,0,0,O=C1CC2C(=O)C(CC=CNc3ccccn3)CC3CC=C=CC1C32,['limk1_activator_alphaC'],['LIMK1'],1,0.0,1.0,0.0,0.0,0.9567348724140876,0.0,0.0,0.9567348724140876
COC(O)CNN=CCCNOC1=CC(=CC2CCCc3ccccc32)CCC1,399.53500000000025,3.552200000000002,75.11,3,6,0.24279524952601592,1.0,1,0,0,0,C1=CC(=CC2CCCc3ccccc32)CCC1,['limk1_activator_alphaC'],['LIMK1'],1,0.0,1.0,0.0,0.0,0.7728385748578048,0.0,0.0,0.7728385748578048
CC(O)C(=O)C1CCC2C3C(C=C4CCCC(C)C2C42CC32)C1,314.46900000000005,3.981100000000003,37.3,1,2,0.7828071468331801,1.0,1,0,0,0,C1=C2CCCCC3C4CCCCC1C4C1CC231,['limk1_activator_alphaC'],['LIMK1'],1,0.0,1.0,0.0,0.0,0.9348421440499539,0.0,0.0,0.9348421440499539
O=C1CCC2CC(O)C(CCOCc3ccccc3)C3OCC1C23,330.42400000000004,2.5844000000000005,55.760000000000005,1,4,0.8432908769572955,1.0,1,0,0,0,O=C1CCC2CCC(CCOCc3ccccc3)C3OCC1C23,['limk1_activator_alphaC'],['LIMK1'],1,0.0,1.0,0.0,0.0,0.9529872630871885,0.0,0.0,0.9529872630871885
Oc1ccccc1C=CCNCC=CC=CNN=C1CC=C1C1=CCCO1,363.4610000000002,3.6448000000000027,65.88,3,5,0.3559671146492461,1.0,1,0,0,0,C(C=CNN=C1CC=C1C1=CCCO1)=CCNCC=Cc1ccccc1,['limk1_activator_alphaC'],['LIMK1'],1,0.0,1.0,0.0,0.0,0.8067901343947739,0.0,0.0,0.8067901343947739
CC1CC(NCCCC(=O)O)CC1NCC1=CCC2CCCCCC12,348.5310000000002,3.7241000000000017,61.36,3,3,0.4620110905272016,1.0,1,0,0,0,C1=C(CNC2CCCC2)C2CCCCCC2C1,['limk1_activator_alphaC'],['LIMK1'],1,0.0,1.0,0.0,0.0,0.8386033271581603,0.0,0.0,0.8386033271581603
O=C1C(CC=CNCCOc2cncc(O)c2)CC2C1CC=CC1CCCC12,382.5040000000002,3.857000000000003,71.45,2,5,0.553476071584786,1.0,1,0,0,0,O=C1C(CC=CNCCOc2cccnc2)CC2C1CC=CC1CCCC12,['limk1_activator_alphaC'],['LIMK1'],1,0.0,1.0,0.0,0.0,0.8660428214754357,0.0,0.0,0.8660428214754357
COCNC=CNOCCC=CC=C1CCC2=CC(C)C=C2C1,316.44500000000005,3.7314000000000025,42.519999999999996,2,4,0.3863057140602255,1.0,1,0,0,0,C=C1CCC2=CCC=C2C1,['limk1_activator_alphaC'],['LIMK1'],1,0.0,1.0,0.0,0.0,0.8158917142180677,0.0,0.0,0.8158917142180677
COCCNC=NNC1C=CC=C(C2CC(=C3CCCCC3)C(C)N2)CC1,372.55700000000024,3.4114000000000013,57.68,3,4,0.21072242208956607,1.0,1,0,0,0,C1=CCCCC(C2CC(=C3CCCCC3)CN2)=C1,['limk1_activator_alphaC'],['LIMK1'],1,0.0,1.0,0.0,0.0,0.7632167266268699,0.0,0.0,0.7632167266268699
CC1=CC(=O)CC1=CC1CC=CC1COCC(C)NOCCCNC(C)O,378.5130000000001,2.268500000000001,79.82000000000001,3,6,0.2092323733752082,1.0,1,0,0,0,O=C1C=CC(=CC2CC=CC2)C1,['limk1_activator_alphaC'],['LIMK1'],1,0.0,1.0,0.0,0.0,0.7627697120125625,0.0,0.0,0.7627697120125625
COC(O)CCCCOC1=CC(F)C=C(N=CC2=CCCC2)C1,323.4080000000002,3.828800000000003,51.05,1,4,0.3984706042758449,1.0,1,0,0,0,C1=CCC(N=CC2=CCCC2)=CC1,['limk1_activator_alphaC'],['LIMK1'],1,0.0,1.0,0.0,0.0,0.8195411812827536,0.0,0.0,0.8195411812827536
C1=NCC2NCC3CC=CC=1C32.CC1CCC=CC2=NNC=CC21,322.45599999999996,2.8218000000000005,48.78,2,4,0.7203461397350008,1.0,1,0,0,0,C1=CC2=NNC=CC2CCC1.C1=NCC2NCC3CC=CC=1C32,['limk1_activator_alphaC'],['LIMK1'],1,0.0,1.0,0.0,0.0,0.9161038419205001,0.0,0.0,0.9161038419205001
CCN(CC)CCCN(CCNC(C)=O)C(CO)c1ccc2c(=O)[nH]ccc2c1,402.5390000000001,1.7315000000000005,88.66999999999999,3,5,0.5032107964769654,1.0,1,0,0,0,O=c1[nH]ccc2ccccc12,['rock1_inhibitor_atp'],['ROCK1'],1,0.0,0.0,1.0,0.0,0.8509632389430897,0.0,0.1,0.7509632389430897
CC(=O)NCCCOC(c1ccc2c(N)nccc2c1)C1CCCNCC1,370.49700000000024,2.7906000000000004,89.27,3,5,0.6522986858537283,1.0,1,0,0,0,c1cc2cc(CC3CCCNCC3)ccc2cn1,['rock1_inhibitor_atp'],['ROCK1'],1,0.0,0.0,1.0,0.0,0.8956896057561186,0.0,0.1,0.7956896057561186
O=C(NCC1CCN(CCc2cccnn2)C1)c1ccnc2ccccc12,361.44900000000007,2.3191999999999995,71.01,1,5,0.7295447226994543,1.0,1,0,0,0,O=C(NCC1CCN(CCc2cccnn2)C1)c1ccnc2ccccc12,['rock1_inhibitor_atp'],['ROCK1'],1,0.0,0.0,1.0,0.0,0.9188634168098362,0.0,0.1,0.8188634168098362
COC1CC(OC)N(c2nccc3cnccc23)CC1OCCCCN,360.4580000000003,1.9514999999999998,82.73,1,7,0.7205168811584607,1.0,1,0,0,0,c1cc2c(N3CCCCC3)nccc2cn1,['rock1_inhibitor_atp'],['ROCK1'],1,0.0,0.0,1.0,0.0,0.9161550643475382,0.0,0.1,0.8161550643475383
O=C1N=CC=C2C=C(CCC3CCN(CCc4ccccc4)CC3)N=C12,347.46200000000005,3.5972000000000026,45.03,0,3,0.7891782096069067,1.0,1,0,0,0,O=C1N=CC=C2C=C(CCC3CCN(CCc4ccccc4)CC3)N=C12,['rock1_inhibitor_atp'],['ROCK1'],1,0.0,0.0,1.0,0.0,0.936753462882072,0.0,0.1,0.836753462882072
O=c1[nH]ccc2cc(N3CCN(CCNc4ccccc4)CC3)ccc12,348.4500000000001,2.762200000000001,51.370000000000005,2,4,0.7444258396783926,1.0,1,0,0,0,O=c1[nH]ccc2cc(N3CCN(CCNc4ccccc4)CC3)ccc12,['rock1_inhibitor_atp'],['ROCK1'],1,0.0,0.0,1.0,0.0,0.9233277519035177,0.0,0.1,0.8233277519035177
CC(O)C(Oc1ccc2c(N)nccc2c1)C1CC(c2ccccc2)CN1C,377.4880000000001,3.4331000000000023,71.61,2,5,0.7127173172011411,1.0,1,0,0,0,c1ccc(C2CNC(COc3ccc4cnccc4c3)C2)cc1,['rock1_inhibitor_atp'],['ROCK1'],1,0.0,0.0,1.0,0.0,0.9138151951603422,0.0,0.1,0.8138151951603422
COCCN1CCN(c2ccc3c(N)nccc3c2)CC(CN(C)CCN)C1,386.54400000000027,1.0921000000000023,83.88000000000001,2,7,0.702553967279201,0.75,1,0,0,0,c1cc2cc(N3CCCNCC3)ccc2cn1,['rock1_inhibitor_atp'],['ROCK1'],1,0.0,0.0,1.0,0.0,0.8357661901837603,0.0,0.1,0.7357661901837603
Nc1nccc2cc(NC3CC4CCN(CCO)C3Cc3ccccc34)ccc12,388.5150000000001,3.3941000000000017,74.41,3,5,0.6388139531147099,1.0,1,0,0,0,c1ccc2c(c1)CC1NCCC2CC1Nc1ccc2cnccc2c1,['rock1_inhibitor_atp'],['ROCK1'],1,0.0,0.0,1.0,0.0,0.8916441859344129,0.0,0.1,0.7916441859344129
CCNC1CN(CCCc2ccccc2)CC1Oc1cccc2c(N)nccc12,390.5310000000002,3.4909000000000017,63.41,2,5,0.6164367259389938,1.0,1,0,0,0,c1ccc(CCCN2CCC(Oc3cccc4cnccc34)C2)cc1,['rock1_inhibitor_atp'],['ROCK1'],1,0.0,0.0,1.0,0.0,0.884931017781698,0.0,0.1,0.784931017781698
CCC(Oc1cccc2cncnc12)C(=O)NC1CCNCC1c1ccccc1,390.48700000000014,3.049100000000002,76.14,2,5,0.676578499327542,1.0,1,0,0,0,O=C(COc1cccc2cncnc12)NC1CCNCC1c1ccccc1,['rock1_inhibitor_atp'],['ROCK1'],1,0.0,0.0,1.0,0.0,0.9029735497982625,0.0,0.1,0.8029735497982625
COCCCN1CC(CNCc2ccccc2)CC(Cn2ccc3c(N)ncnc32)C1,422.5770000000002,2.777899999999999,81.23,2,6,0.48917708997712867,1.0,1,0,0,0,c1ccc(CNCC2CNCC(Cn3ccc4cncnc43)C2)cc1,['rock1_inhibitor_atp'],['ROCK1'],1,0.0,0.0,1.0,0.0,0.8467531269931385,0.0,0.1,0.7467531269931386
CC1CN(c2ccc3cc[nH]c(=O)c3c2)CCN1CCC(=O)Nc1ccccc1,390.4870000000001,3.067400000000001,68.44,2,4,0.7026051631948986,1.0,1,0,0,0,O=C(CCN1CCN(c2ccc3cc[nH]c(=O)c3c2)CC1)Nc1ccccc1,['rock1_inhibitor_atp'],['ROCK1'],1,0.0,0.0,1.0,0.0,0.9107815489584696,0.0,0.1,0.8107815489584697
Nc1nccc2c(NC3CNCCN(CCN4CCCC4)C3)cccc12,354.5020000000001,1.5984999999999996,69.44999999999999,3,6,0.7577281491540856,1.0,1,0,0,0,c1cc(NC2CNCCN(CCN3CCCC3)C2)c2ccncc2c1,['rock1_inhibitor_atp'],['ROCK1'],1,0.0,0.0,1.0,0.0,0.9273184447462257,0.0,0.1,0.8273184447462257
COCCOCCCN(C)CCOc1cccc2c(N)nccc12,333.4320000000001,2.180699999999999,69.84,1,6,0.6357337934644489,1.0,1,0,0,0,c1ccc2cnccc2c1,['rock1_inhibitor_atp'],['ROCK1'],1,0.0,0.0,1.0,0.0,0.8907201380393346,0.0,0.1,0.7907201380393346
Nc1nccc2c(C(=O)N3CCNCC(Cc4ccccc4)C3)cccc12,360.461,2.7213000000000003,71.25,2,4,0.7533640610935034,1.0,1,0,0,0,O=C(c1cccc2cnccc12)N1CCNCC(Cc2ccccc2)C1,['rock1_inhibitor_atp'],['ROCK1'],1,0.0,0.0,1.0,0.0,0.926009218328051,0.0,0.1,0.8260092183280511
CNC1CCN(Cc2ccccc2)C(COc2cc(F)c3c(=O)[nH]ccc3c2)C1,395.4780000000002,3.2986000000000013,57.36,2,4,0.6725033614077813,1.0,1,0,0,0,O=c1[nH]ccc2cc(OCC3CCCCN3Cc3ccccc3)ccc12,['rock1_inhibitor_atp'],['ROCK1'],1,0.0,0.0,1.0,0.0,0.9017510084223344,0.0,0.1,0.8017510084223344
CN1CCCC2C(CC1)CNCC2Oc1cccc2c(N)nccc12,340.4710000000001,2.5157,63.41,2,5,0.8794513011603934,1.0,1,0,0,0,c1cc(OC2CNCC3CCNCCCC32)c2ccncc2c1,['rock1_inhibitor_atp'],['ROCK1'],1,0.0,0.0,1.0,0.0,0.9638353903481178,0.0,0.1,0.8638353903481178
COCCNCCC1CN(C)CC(Oc2cccc3cnccc23)C1C,357.49800000000005,2.806000000000001,46.620000000000005,1,5,0.7363332351394388,1.0,1,0,0,0,c1cc(OC2CCCNC2)c2ccncc2c1,['rock1_inhibitor_atp'],['ROCK1'],1,0.0,0.0,1.0,0.0,0.9208999705418315,0.0,0.1,0.8208999705418315
Nc1nccc2cc(N3CCNCCC3Cc3ccccc3)ccc12,332.45099999999996,3.2280000000000015,54.18,2,4,0.7730935666113382,1.0,1,0,0,0,c1ccc(CC2CCNCCN2c2ccc3cnccc3c2)cc1,['rock1_inhibitor_atp'],['ROCK1'],1,0.0,0.0,1.0,0.0,0.9319280699834014,0.0,0.1,0.8319280699834014
Nc1nccc2cc(OC3CNCCC3Nc3ccccc3)ccc12,334.423,3.038400000000001,72.2,3,5,0.6839031771359079,1.0,1,0,0,0,c1ccc(NC2CCNCC2Oc2ccc3cnccc3c2)cc1,['rock1_inhibitor_atp'],['ROCK1'],1,0.0,0.0,1.0,0.0,0.9051709531407723,0.0,0.1,0.8051709531407724
O=c1[nH]ccc2cc(N3CCNCC3C3CCCC(O)C3)ccc12,327.428,1.8573999999999993,68.36,3,4,0.7874529906913417,1.0,1,0,0,0,O=c1[nH]ccc2cc(N3CCNCC3C3CCCCC3)ccc12,['rock1_inhibitor_atp'],['ROCK1'],1,0.0,0.0,1.0,0.0,0.9362358972074025,0.0,0.1,0.8362358972074025
CN(C)CCN(CCCNCc1ccccc1)Cc1cccc2c(N)nccc12,391.56300000000016,3.360500000000001,57.42,2,5,0.49100742612051856,1.0,1,0,0,0,c1ccc(CNCCCNCc2cccc3cnccc23)cc1,['rock1_inhibitor_atp'],['ROCK1'],1,0.0,0.0,1.0,0.0,0.8473022278361555,0.0,0.1,0.7473022278361555
CN(Cc1cccnc1)C1CNCC2CN(c3cccc4c(N)nccc34)CC21,388.5190000000001,2.3682,70.31,2,6,0.7151211591263864,1.0,1,0,0,0,c1cncc(CNC2CNCC3CN(c4cccc5cnccc45)CC32)c1,['rock1_inhibitor_atp'],['ROCK1'],1,0.0,0.0,1.0,0.0,0.9145363477379158,0.0,0.1,0.8145363477379158
CN1CCCN2C(=C(Oc3cc[nH+]c4ccccc34)Nc3c[nH+]ccc32)CC1,375.47600000000017,2.6736000000000004,56.02,1,4,0.748253982693672,1.0,1,0,1,0,c1ccc2c(OC3=C4CCNCCCN4c4cc[nH+]cc4N3)cc[nH+]c2c1,['rock1_inhibitor_atp'],['ROCK1'],1,0.0,0.0,1.0,0.0,0.9244761948081015,0.0,0.1,0.8244761948081015
Cc1c[nH]c(=O)c2cccc(OC3CNCCC(c4ccccc4)C3)c12,348.4460000000001,3.751120000000002,54.120000000000005,2,3,0.7578412189274193,1.0,1,0,0,0,O=c1[nH]ccc2c(OC3CNCCC(c4ccccc4)C3)cccc12,['rock1_inhibitor_atp'],['ROCK1'],1,0.0,0.0,1.0,0.0,0.9273523656782257,0.0,0.1,0.8273523656782257
Nc1nccc2c(NC(CCN3CCOCC3)CCN3CCOCC3)cccc12,399.53900000000016,2.0421,75.88,2,7,0.7034667547005227,1.0,1,0,0,0,c1cc(NC(CCN2CCOCC2)CCN2CCOCC2)c2ccncc2c1,['rock1_inhibitor_atp'],['ROCK1'],1,0.0,0.0,1.0,0.0,0.9110400264101568,0.0,0.1,0.8110400264101568
Nc1nncc2cc(N3CCNC(CNCc4ccccc4)C3)ccc12,348.45400000000006,1.7800000000000002,79.1,3,6,0.6522795558719611,1.0,1,0,0,0,c1ccc(CNCC2CN(c3ccc4cnncc4c3)CCN2)cc1,['rock1_inhibitor_atp'],['ROCK1'],1,0.0,0.0,1.0,0.0,0.8956838667615883,0.0,0.1,0.7956838667615883
CCN1CCC2C(NCc3ccncc3)CN(c3ccc4c(N)nccc4c3)C2CC1,416.5730000000002,3.2909000000000006,70.31,2,6,0.6651529886496483,1.0,1,0,0,0,c1cc(CNC2CN(c3ccc4cnccc4c3)C3CCNCCC23)ccn1,['rock1_inhibitor_atp'],['ROCK1'],1,0.0,0.0,1.0,0.0,0.8995458965948944,0.0,0.1,0.7995458965948944
COC(COc1ccc2c(=O)[nH]ccc2c1)C1Cc2cncnc2N1CC(C)C,394.47500000000014,2.799200000000001,80.34,1,6,0.6637627998485914,1.0,1,0,0,0,O=c1[nH]ccc2cc(OCCC3Cc4cncnc4N3)ccc12,['rock1_inhibitor_atp'],['ROCK1'],1,0.0,0.0,1.0,0.0,0.8991288399545774,0.0,0.1,0.7991288399545774
CN(CC[n+]1cccc2c(N)nccc21)CC1CCN(c2cccc[nH+]2)C1,364.497,1.3768999999999993,63.410000000000004,1,4,0.6713857778957953,0.75,1,0,1,0,c1ccc(N2CCC(CNCC[n+]3cccc4cnccc43)C2)[nH+]c1,['rock1_inhibitor_atp'],['ROCK1'],1,0.0,0.0,1.0,0.0,0.8264157333687385,0.0,0.1,0.7264157333687385
CNCCC(CN1CCN(C(C)=O)CC1)Oc1ccc2c(N)nccc2c1,371.48500000000007,1.3380000000000012,83.72,2,6,0.7641542773429962,0.75,1,0,0,0,c1cc2cc(OCCN3CCNCC3)ccc2cn1,['rock1_inhibitor_atp'],['ROCK1'],1,0.0,0.0,1.0,0.0,0.8542462832028987,0.0,0.1,0.7542462832028988
CN1CC(N2CCc3c(ccc4c(N)nccc34)C2)CNCCC1c1cccc(F)c1,419.5480000000002,3.3492000000000015,57.42,2,5,0.6672466086008956,1.0,1,0,0,0,c1ccc(C2CCNCC(N3CCc4c(ccc5cnccc45)C3)CN2)cc1,['rock1_inhibitor_atp'],['ROCK1'],1,0.0,0.0,1.0,0.0,0.9001739825802686,0.0,0.1,0.8001739825802686
CC1NCCN(Cc2ccccc2)CC1Cn1ccc2c(N)ncnc21,350.47000000000014,2.123599999999999,72.0,2,5,0.7540964470154534,1.0,1,0,0,0,c1ccc(CN2CCNCC(Cn3ccc4cncnc43)C2)cc1,['rock1_inhibitor_atp'],['ROCK1'],1,0.0,0.0,1.0,0.0,0.9262289341046359,0.0,0.1,0.8262289341046359
Oc1nccc2cc(OC3CNCCC3Nc3ccncc3)ccc12,336.39500000000004,2.5568,79.30000000000001,3,6,0.6794691594967286,1.0,1,0,0,0,c1cc(NC2CCNCC2Oc2ccc3cnccc3c2)ccn1,['rock1_inhibitor_atp'],['ROCK1'],1,0.0,0.0,1.0,0.0,0.9038407478490185,0.0,0.1,0.8038407478490185
CCN1CC(Oc2cccc3ncccc23)C2CNCCC21Cc1ccccc1,387.5270000000002,3.9087000000000023,37.39,1,4,0.7203074864011194,1.0,1,0,0,0,c1ccc(CC23CCNCC2C(Oc2cccc4ncccc24)CN3)cc1,['rock1_inhibitor_atp'],['ROCK1'],1,0.0,0.0,1.0,0.0,0.9160922459203358,0.0,0.1,0.8160922459203358
CNC(=O)N(CCCN1CCOCC1)Cc1ccc2ncccc2c1,342.443,2.0985,57.7,1,4,0.8733847836436893,1.0,1,0,0,0,c1cnc2ccc(CNCCCN3CCOCC3)cc2c1,['rock1_inhibitor_atp'],['ROCK1'],1,0.0,0.0,1.0,0.0,0.9620154350931067,0.0,0.1,0.8620154350931067
CC(CCc1cnc2[nH]cccc1-2)N(CCCNC(N)=O)CCc1ccccc1,393.5350000000002,3.4387000000000008,87.03999999999999,3,3,0.436208106625063,1.0,1,0,0,0,c1ccc(CCNCCCc2cnc3[nH]cccc2-3)cc1,['rock1_inhibitor_atp'],['ROCK1'],1,0.0,0.0,1.0,0.0,0.8308624319875189,0.0,0.1,0.7308624319875189
CN1CC2CCCCC2C1CC(CCN1CCNCC1)Nc1cccc2c(N)nccc12,436.6480000000002,3.4033000000000015,69.45,3,6,0.6180525872733861,1.0,1,0,0,0,c1cc(NC(CCN2CCNCC2)CC2NCC3CCCCC32)c2ccncc2c1,['rock1_inhibitor_atp'],['ROCK1'],1,0.0,0.0,1.0,0.0,0.8854157761820158,0.0,0.1,0.7854157761820159
CC=CCCC(CNC(=O)c1cccc2c(=O)[nH]ccc12)CN(C)CC,355.4820000000002,3.182100000000002,65.2,2,3,0.6791260620451186,1.0,1,0,0,0,O=c1[nH]ccc2ccccc12,['rock1_inhibitor_atp'],['ROCK1'],1,0.0,0.0,1.0,0.0,0.9037378186135354,0.0,0.1,0.8037378186135354
COCCCNC(C)CC1CN(c2ccc3ncccc3c2)CCN1,342.4870000000001,2.417699999999999,49.42,2,5,0.7217329653314263,1.0,1,0,0,0,c1cnc2ccc(N3CCNCC3)cc2c1,['rock1_inhibitor_atp'],['ROCK1'],1,0.0,0.0,1.0,0.0,0.9165198895994278,0.0,0.1,0.8165198895994278
Nc1nccc2c(N3CCCC(NCc4ccccc4)C3CO)cccc12,362.4770000000001,2.9365000000000014,74.41,3,5,0.6506987433943485,1.0,1,0,0,0,c1ccc(CNC2CCCN(c3cccc4cnccc34)C2)cc1,['rock1_inhibitor_atp'],['ROCK1'],1,0.0,0.0,1.0,0.0,0.8952096230183044,0.0,0.1,0.7952096230183044
COCCCNCCNc1ccc(-c2cccc3c(N)nccc23)cc1,350.4660000000001,3.522000000000001,72.2,3,5,0.5150862717216858,1.0,1,0,0,0,c1ccc(-c2cccc3cnccc23)cc1,['rock1_inhibitor_atp'],['ROCK1'],1,0.0,0.0,1.0,0.0,0.8545258815165058,0.0,0.1,0.7545258815165058
CC(=O)Nc1ccc(N(CCCCN)CC2=CC3=C(C)C=NC(=O)C3=C2)cc1,378.47600000000006,2.9842000000000013,87.78999999999999,2,4,0.6809097633484417,1.0,1,1,0,0,O=C1N=CC=C2C=C(CNc3ccccc3)C=C12,['rock1_inhibitor_atp'],['ROCK1'],1,0.0,0.0,1.0,0.2,0.8642729290045325,0.0,0.1,0.7642729290045325
CN1CCN(c2cccc3cncnc23)CC1CC1CNCCC1c1ccccc1,401.5580000000001,3.5336000000000016,44.290000000000006,1,5,0.7245336076638794,1.0,1,0,0,0,c1ccc(C2CCNCC2CC2CN(c3cccc4cncnc34)CCN2)cc1,['rock1_inhibitor_atp'],['ROCK1'],1,0.0,0.0,1.0,0.0,0.9173600822991637,0.0,0.1,0.8173600822991637
COc1ccc(C(COc2ccc3c(N)nccc3c2)C2CCN(C)C2)cc1,377.48800000000017,3.9399000000000033,60.61000000000001,1,5,0.7049985022958944,1.0,1,0,0,0,c1ccc(C(COc2ccc3cnccc3c2)C2CCNC2)cc1,['rock1_inhibitor_atp'],['ROCK1'],1,0.0,0.0,1.0,0.0,0.9114995506887682,0.0,0.1,0.8114995506887682
CCN1CCCC(OC(CNC2CCCC2)c2ccc3c(N)nccc3c2)C1,382.5520000000001,3.891200000000002,63.41,2,5,0.7605415955862914,1.0,1,0,0,0,c1cc2cc(C(CNC3CCCC3)OC3CCCNC3)ccc2cn1,['rock1_inhibitor_atp'],['ROCK1'],1,0.0,0.0,1.0,0.0,0.9281624786758873,0.0,0.1,0.8281624786758873
CNCC1CC(C)N(CCCCN2CCNCC2)CC1Nc1ccnc2ncccc12,425.62500000000006,2.0255000000000023,68.35,3,7,0.5312653573337609,1.0,1,0,0,0,c1cnc2nccc(NC3CCCN(CCCCN4CCNCC4)C3)c2c1,['rock1_inhibitor_atp'],['ROCK1'],1,0.0,0.0,1.0,0.0,0.8593796072001283,0.0,0.1,0.7593796072001283
CN(C)CCC1Oc2c(ccc3c(N)nccc23)OC1NCCN1CCCC1,385.5120000000003,1.9199999999999995,75.88,2,7,0.7540497401694239,1.0,1,0,0,0,c1cc2c3c(ccc2cn1)OC(NCCN1CCCC1)CO3,['rock1_inhibitor_atp'],['ROCK1'],1,0.0,0.0,1.0,0.0,0.9262149220508271,0.0,0.1,0.8262149220508271
CN1CC(Oc2ccc3ncccc3c2)CN(c2ccccc2)C1=O,333.391,3.5542000000000025,45.67,0,3,0.736172222641446,1.0,1,0,0,0,O=C1NCC(Oc2ccc3ncccc3c2)CN1c1ccccc1,['rock1_inhibitor_atp'],['ROCK1'],1,0.0,0.0,1.0,0.0,0.9208516667924338,0.0,0.1,0.8208516667924338
CCN(C)CCN(CCOc1ccccc1)c1ccc2c(=O)[nH]ccc2c1,365.4770000000001,3.3652000000000006,48.57,1,4,0.63163306172121,1.0,1,0,0,0,O=c1[nH]ccc2cc(NCCOc3ccccc3)ccc12,['rock1_inhibitor_atp'],['ROCK1'],1,0.0,0.0,1.0,0.0,0.8894899185163629,0.0,0.1,0.789489918516363
O=C(c1cccc(C2=C3C=CC=CC=C3NC=C2)c1)N1CCNCC1,331.41900000000015,2.612400000000001,44.370000000000005,2,3,0.8755166490176756,1.0,1,0,0,0,O=C(c1cccc(C2=C3C=CC=CC=C3NC=C2)c1)N1CCNCC1,['rock1_inhibitor_atp'],['ROCK1'],1,0.0,0.0,1.0,0.0,0.9626549947053027,0.0,0.1,0.8626549947053027
CN1CC2CCCC(NC3CCOCC3)C(Oc3ccc4c(N)nccc4c3)C2C1,410.5620000000001,3.0633,72.64,2,6,0.8071679146527928,1.0,1,0,0,0,c1cc2cc(OC3C(NC4CCOCC4)CCCC4CNCC43)ccc2cn1,['rock1_inhibitor_atp'],['ROCK1'],1,0.0,0.0,1.0,0.0,0.9421503743958377,0.0,0.1,0.8421503743958377
C1=Cc2c3c(cc[n+]2=N1)=NC(NC1CC2CNCCC2CC1Oc1ccccc1)=N3,401.4940000000001,2.036099999999999,76.27,2,6,0.7730952965859573,1.0,1,0,1,0,C1=Cc2c3c(cc[n+]2=N1)=NC(NC1CC2CNCCC2CC1Oc1ccccc1)=N3,['rock1_inhibitor_atp'],['ROCK1'],1,0.0,0.0,1.0,0.0,0.9319285889757871,0.0,0.1,0.8319285889757871
Cc1ccccc1CNCCN1CCCN(c2ccc(C(N)=O)c3cc[nH]c23)CC1,405.54600000000016,2.8771200000000006,77.39,3,4,0.5284320172338884,1.0,1,0,0,0,c1ccc(CNCCN2CCCN(c3cccc4cc[nH]c34)CC2)cc1,['rock1_inhibitor_atp'],['ROCK1'],1,0.0,0.0,1.0,0.0,0.8585296051701665,0.0,0.1,0.7585296051701665
O=c1[nH]ccc2cc(OC3CNCCN(Cc4ncc[nH]4)C3)ccc12,339.399,1.1039999999999996,86.03999999999999,3,5,0.6627681290999943,0.75,1,0,0,0,O=c1[nH]ccc2cc(OC3CNCCN(Cc4ncc[nH]4)C3)ccc12,['rock1_inhibitor_atp'],['ROCK1'],1,0.0,0.0,1.0,0.0,0.8238304387299982,0.0,0.1,0.7238304387299982
OC(C1CCCCC1)C1CCNCC(COc2ccnc3ccccc23)N1,369.509,2.874900000000001,66.41,3,5,0.7562607660664623,1.0,1,0,0,0,c1ccc2c(OCC3CNCCC(CC4CCCCC4)N3)ccnc2c1,['rock1_inhibitor_atp'],['ROCK1'],1,0.0,0.0,1.0,0.0,0.9268782298199387,0.0,0.1,0.8268782298199387
CCN1CC(c2cc3c(C)cncc3[nH]2)OC(CN2CCOCC2)C1C,358.4860000000002,2.35382,53.620000000000005,1,5,0.9092662249626454,1.0,1,0,0,0,c1cc2cc(C3CNCC(CN4CCOCC4)O3)[nH]c2cn1,['rock1_inhibitor_atp'],['ROCK1'],1,0.0,0.0,1.0,0.0,0.9727798674887935,0.0,0.1,0.8727798674887935
Nc1cc(Cn2cnc3ccccc32)cc(C(=O)NCC2CCCCC2)c1,362.4770000000003,3.976900000000003,72.94,2,3,0.6744681858172032,1.0,1,0,0,0,O=C(NCC1CCCCC1)c1cccc(Cn2cnc3ccccc32)c1,['rock1_inhibitor_atp'],['ROCK1'],1,0.0,0.0,1.0,0.0,0.9023404557451609,0.0,0.1,0.8023404557451609
CCN(CCNCCCNc1cccc2c(N)nccc12)Cc1ccc(F)cc1,395.5260000000001,3.8698000000000015,66.21,3,5,0.4302454035875012,1.0,1,0,0,0,c1ccc(CNCCNCCCNc2cccc3cnccc23)cc1,['rock1_inhibitor_atp'],['ROCK1'],1,0.0,0.0,1.0,0.0,0.8290736210762504,0.0,0.1,0.7290736210762504
CN(C)CCC1C(CN(C)C)C2CNCC2C1Nc1nccc2c(N)nccc12,397.57100000000014,1.587400000000002,82.34,3,7,0.6543686720270951,1.0,1,0,0,0,c1cc2c(NC3CCC4CNCC43)nccc2cn1,['rock1_inhibitor_atp'],['ROCK1'],1,0.0,0.0,1.0,0.0,0.8963106016081286,0.0,0.1,0.7963106016081286
CC1=NNC=C2C=CC(N3CC4CN(Cc5ccccc5)CC(C)C43)=CC=C21,372.5160000000001,3.6818000000000026,30.870000000000005,1,4,0.8780535419106416,1.0,1,0,0,0,C1=CC(N2CC3CN(Cc4ccccc4)CCC32)=CC=C2C=NNC=C12,['rock1_inhibitor_atp'],['ROCK1'],1,0.0,0.0,1.0,0.0,0.9634160625731925,0.0,0.1,0.8634160625731925
Nc1nccc2c3c(ccc12)C(CO)N(CCNCc1ccccc1)CC3,362.4770000000001,2.4983000000000013,74.41,3,5,0.5876880200610741,1.0,1,0,0,0,c1ccc(CNCCN2CCc3c(ccc4cnccc34)C2)cc1,['rock1_inhibitor_atp'],['ROCK1'],1,0.0,0.0,1.0,0.0,0.8763064060183221,0.0,0.1,0.7763064060183221
CNCC1CCN(c2ccnc3nccc(C)c23)CC1NC(O)c1ccccc1,391.51900000000006,2.6332200000000006,73.31,3,6,0.5612480844639234,1.0,1,0,0,0,c1ccc(CNC2CCCN(c3ccnc4ncccc34)C2)cc1,['rock1_inhibitor_atp'],['ROCK1'],1,0.0,0.0,1.0,0.0,0.868374425339177,0.0,0.1,0.768374425339177
Nc1ncnc2c(N3CCC4CN(CC5CCCCNC5)CC43)cccc12,366.5130000000001,2.1122000000000005,70.31,2,6,0.8670512543513416,1.0,1,0,0,0,c1cc(N2CCC3CN(CC4CCCCNC4)CC32)c2ncncc2c1,['rock1_inhibitor_atp'],['ROCK1'],1,0.0,0.0,1.0,0.0,0.9601153763054024,0.0,0.1,0.8601153763054025
C[NH+]1CCc2c1ccc1[nH]c3c(c21)CC(COc1ccc[n+]2nccn12)CC3,375.47600000000006,1.2872999999999999,50.86,2,2,0.5303789843145671,0.75,1,0,1,0,c1cc(OCC2CCc3[nH]c4ccc5c(c4c3C2)CC[NH2+]5)n2ccn[n+]2c1,['rock1_inhibitor_atp'],['ROCK1'],1,0.0,0.0,1.0,0.0,0.7841136952943701,0.0,0.1,0.6841136952943702
COC(=O)NCC(COc1ccnc2ccccc12)C1CC(c2ccccn2)N(C)C1,420.5130000000002,3.6738000000000026,76.58,1,6,0.6284803088518294,1.0,1,0,0,0,c1ccc(C2CC(CCOc3ccnc4ccccc34)CN2)nc1,['rock1_inhibitor_atp'],['ROCK1'],1,0.0,0.0,1.0,0.0,0.8885440926555488,0.0,0.1,0.7885440926555488
COCCN1CCN(c2cccc(O)c2)c2cc3cccc(C#N)c3nc2C1,374.4440000000002,3.412180000000002,72.62,1,6,0.7544616722405882,1.0,1,0,0,0,c1ccc(N2CCNCc3nc4ccccc4cc32)cc1,['rock1_inhibitor_atp'],['ROCK1'],1,0.0,0.0,1.0,0.0,0.9263385016721764,0.0,0.1,0.8263385016721764
CC1C([NH+]2Cc3ccccc3C2)CCN1CCC[n+]1cccc2c(N)nccc21,389.547,1.5561000000000007,50.47,2,3,0.6513672701199242,1.0,1,0,1,0,c1ccc2c(c1)C[NH+](C1CCN(CCC[n+]3cccc4cnccc43)C1)C2,['rock1_inhibitor_atp'],['ROCK1'],1,0.0,0.0,1.0,0.0,0.8954101810359771,0.0,0.1,0.7954101810359772
CN1CC(Oc2cccc3c(N)nccc23)C2(CC3CCCC3C(N)O2)C1,368.48100000000017,2.37,86.63000000000001,2,6,0.8462806565232185,1.0,1,0,0,0,c1cc(OC2CNCC23CC2CCCC2CO3)c2ccncc2c1,['rock1_inhibitor_atp'],['ROCK1'],1,0.0,0.0,1.0,0.0,0.9538841969569654,0.0,0.1,0.8538841969569654
Cc1cccc(NC2CCN(CCC[n+]3ccnc4ncccc43)C2)[nH+]1,350.4700000000001,1.6163199999999995,59.07,1,4,0.6864988036676186,1.0,1,0,1,0,c1ccc(NC2CCN(CCC[n+]3ccnc4ncccc43)C2)[nH+]c1,['rock1_inhibitor_atp'],['ROCK1'],1,0.0,0.0,1.0,0.0,0.9059496411002854,0.0,0.1,0.8059496411002854
NCCN1CCC(COn2ccc(=O)c3ccccc32)CC1,301.3900000000001,1.1008000000000002,60.489999999999995,1,4,0.8982573272800105,0.75,1,0,0,0,O=c1ccn(OCC2CCNCC2)c2ccccc12,['rock1_inhibitor_atp'],['ROCK1'],1,0.0,0.0,1.0,0.0,0.8944771981840032,0.0,0.1,0.7944771981840032
CN1CC2NCCC(Oc3cccc4cnccc34)C2C1CN1CCOCC1,382.50800000000027,1.6064999999999987,49.86,1,6,0.8670966383989805,1.0,1,0,0,0,c1cc(OC2CCNC3CNC(CN4CCOCC4)C32)c2ccncc2c1,['rock1_inhibitor_atp'],['ROCK1'],1,0.0,0.0,1.0,0.0,0.960128991519694,0.0,0.1,0.860128991519694
CC1=C2C(=CC=[N+]2CCNC(CCCc2ccccc2)C(=O)NC2CCCCC2)C(N)=N1,434.6080000000003,3.0420000000000007,82.52,3,4,0.49517498685936184,1.0,1,0,1,0,O=C(NC1CCCCC1)C(CCCc1ccccc1)NCC[N+]1=CC=C2C=NC=C21,['rock1_inhibitor_atp'],['ROCK1'],1,0.0,0.0,1.0,0.0,0.8485524960578086,0.0,0.1,0.7485524960578086
CN1CCCC(C(CNc2cc(N)cc3cnc[n+](C)c23)c2ccccc2)C1,376.52800000000013,3.179000000000002,58.06,2,4,0.530405246000396,1.0,1,0,1,0,c1ccc(C(CNc2cccc3cnc[nH+]c23)C2CCCNC2)cc1,['rock1_inhibitor_atp'],['ROCK1'],1,0.0,0.0,1.0,0.0,0.8591215738001188,0.0,0.1,0.7591215738001188
NC(CNC(=O)C[n+]1cncc2ccccc21)C1CCN(Cc2ccccc2)CC1,404.53800000000024,1.8780000000000017,75.13,2,4,0.5898499723557619,1.0,1,0,1,0,O=C(C[n+]1cncc2ccccc21)NCCC1CCN(Cc2ccccc2)CC1,['rock1_inhibitor_atp'],['ROCK1'],1,0.0,0.0,1.0,0.0,0.8769549917067285,0.0,0.1,0.7769549917067285
CN(C)C1CCCC2(CC1)Oc1c(ccc3c(=O)[nH]ccc13)[NH+]2CCCCN,385.53200000000015,1.7664000000000009,75.78999999999999,3,4,0.6858979745149907,1.0,1,0,1,0,O=c1[nH]ccc2c3c(ccc12)[NH2+]C1(CCCCCC1)O3,['rock1_inhibitor_atp'],['ROCK1'],1,0.0,0.0,1.0,0.0,0.9057693923544972,0.0,0.1,0.8057693923544972
NC1CC(c2ccccc2)C2CC3=C(NCCN12)Nc1cncc2cccc3c12,383.4990000000001,3.4651000000000014,66.21000000000001,3,5,0.6005162354167328,1.0,1,0,0,0,c1ccc(C2CCN3CCNC4=C(CC23)c2cccc3cncc(c23)N4)cc1,['rock1_inhibitor_atp'],['ROCK1'],1,0.0,0.0,1.0,0.0,0.8801548706250197,0.0,0.1,0.7801548706250198
CC(=O)NCCCN1CC(NCCN2CCCC2)CC1c1ccc2c(=O)[nH]ccc2c1,425.5770000000001,1.855100000000001,80.47,3,5,0.5345784705084102,1.0,1,0,0,0,O=c1[nH]ccc2cc(C3CC(NCCN4CCCC4)CN3)ccc12,['rock1_inhibitor_atp'],['ROCK1'],1,0.0,0.0,1.0,0.0,0.8603735411525231,0.0,0.1,0.7603735411525231
CC(Cn1ccc2c(N)ncnc21)N1CCC2NCc3ccccc3CC2C1,376.50800000000015,2.4384000000000006,72.0,2,5,0.7346065693872882,1.0,1,0,0,0,c1ccc2c(c1)CNC1CCN(CCn3ccc4cncnc43)CC1C2,['rock1_inhibitor_atp'],['ROCK1'],1,0.0,0.0,1.0,0.0,0.9203819708161864,0.0,0.1,0.8203819708161865
CCC(c1ccccc1)n1cc(Cn2cnc3ccccc32)nc1N1CCNCC1,400.5300000000002,3.690100000000001,50.910000000000004,1,4,0.5363246331541199,1.0,1,0,0,0,c1ccc(Cn2cc(Cn3cnc4ccccc43)nc2N2CCNCC2)cc1,['rock1_inhibitor_atp'],['ROCK1'],1,0.0,0.0,1.0,0.0,0.860897389946236,0.0,0.1,0.760897389946236
CN(C)CCN(CCn1ccc2c(N)nccc21)CC1CNCCC1c1ccccc1,420.60500000000025,2.875400000000001,62.35,2,5,0.5573857759963502,1.0,1,0,0,0,c1ccc(C2CCNCC2CNCCn2ccc3cnccc32)cc1,['rock1_inhibitor_atp'],['ROCK1'],1,0.0,0.0,1.0,0.0,0.867215732798905,0.0,0.1,0.767215732798905
Nc1nccc2c(OC3CCN(CC4CCCCC4)CCNC3)nccc12,369.5130000000001,2.835000000000001,76.30000000000001,2,6,0.8630269539664025,1.0,1,0,0,0,c1cc2c(OC3CCN(CC4CCCCC4)CCNC3)nccc2cn1,['rock1_inhibitor_atp'],['ROCK1'],1,0.0,0.0,1.0,0.0,0.9589080861899206,0.0,0.1,0.8589080861899206
Nc1ncnc2c1ccn2CCCN1CCC(C2Cc3ccccc3CN2)CC1,390.5350000000001,2.8301000000000007,72.0,2,5,0.700919192751115,1.0,1,0,0,0,c1ccc2c(c1)CNC(C1CCN(CCCn3ccc4cncnc43)CC1)C2,['rock1_inhibitor_atp'],['ROCK1'],1,0.0,0.0,1.0,0.0,0.9102757578253344,0.0,0.1,0.8102757578253345
CC(C1CCNCC1)N(C(=O)c1cccc2cnccc12)c1cccc(O)n1,376.46000000000015,3.3703000000000025,78.35000000000001,2,5,0.7299017949009585,1.0,1,0,0,0,O=C(c1cccc2cnccc12)N(CC1CCNCC1)c1ccccn1,['rock1_inhibitor_atp'],['ROCK1'],1,0.0,0.0,1.0,0.0,0.9189705384702875,0.0,0.1,0.8189705384702876
CN1CCC(Nc2cccc3nnccc23)CC1CC1CCOCC1,340.4710000000002,3.321200000000002,50.28,1,5,0.925148938673302,1.0,1,0,0,0,c1cc(NC2CCNC(CC3CCOCC3)C2)c2ccnnc2c1,['rock1_inhibitor_atp'],['ROCK1'],1,0.0,0.0,1.0,0.0,0.9775446816019906,0.0,0.1,0.8775446816019906
CN1CCC2C(Nc3ccnc4ccccc34)CC(NCc3ccnnc3)CC21,388.5190000000001,3.0778000000000016,65.97,2,6,0.7002748674185102,1.0,1,0,0,0,c1ccc2c(NC3CC(NCc4ccnnc4)CC4NCCC43)ccnc2c1,['rock1_inhibitor_atp'],['ROCK1'],1,0.0,0.0,1.0,0.0,0.9100824602255531,0.0,0.1,0.8100824602255531
CN1CC(CN2CCCCC2)N(CCc2ccnc3[nH]ccc23)CC1C1CCCN1,410.6100000000002,2.3278999999999996,50.43,2,5,0.765555914646423,1.0,1,0,0,0,c1cc(CCN2CC(C3CCCN3)NCC2CN2CCCCC2)c2cc[nH]c2n1,['rock1_inhibitor_atp'],['ROCK1'],1,0.0,0.0,1.0,0.0,0.9296667743939269,0.0,0.1,0.8296667743939269
NC1CN(c2cccc(-c3ccnc4ccccc34)c2)N2CCC(O)CC12,360.4610000000001,2.7894000000000005,65.62,2,5,0.7356577259897135,1.0,1,0,0,0,c1cc(-c2ccnc3ccccc23)cc(N2CCC3CCCCN32)c1,['rock1_inhibitor_atp'],['ROCK1'],1,0.0,0.0,1.0,0.0,0.920697317796914,0.0,0.1,0.820697317796914
CC1C2CNCCCC2C(=O)N(c2ccc3c(c2)C=NC3=O)C1CCc1ccccc1,415.5370000000002,3.859200000000003,61.77,1,3,0.8248883503902257,1.0,1,0,0,0,O=C1N=Cc2cc(N3C(=O)C4CCCNCC4CC3CCc3ccccc3)ccc21,['rock1_inhibitor_atp'],['ROCK1'],1,0.0,0.0,1.0,0.0,0.9474665051170676,0.0,0.1,0.8474665051170677
CNC1CCN(c2cccc3c(N)nccc23)CC1CCc1ccccc1,360.5050000000001,3.864100000000003,54.18,2,4,0.7252905619326062,1.0,1,0,0,0,c1ccc(CCC2CCCN(c3cccc4cnccc34)C2)cc1,['rock1_inhibitor_atp'],['ROCK1'],1,0.0,0.0,1.0,0.0,0.9175871685797818,0.0,0.1,0.8175871685797819
CN1CCC(N(Cc2ccc3cc[nH]c(=O)c3c2)C(=O)NCc2ccccc2)CC1,404.5140000000002,3.334100000000002,68.44,2,3,0.6853941377516256,1.0,1,0,0,0,O=C(NCc1ccccc1)N(Cc1ccc2cc[nH]c(=O)c2c1)C1CCNCC1,['rock1_inhibitor_atp'],['ROCK1'],1,0.0,0.0,1.0,0.0,0.9056182413254876,0.0,0.1,0.8056182413254876
C[NH+]1Cc2ccccc2C2CCCn3c(nc4c5cc[nH]c(=O)c5ccc43)C2C1,385.49100000000004,2.5673000000000004,55.12,2,2,0.4888451942932485,1.0,1,0,1,0,O=c1[nH]ccc2c1ccc1c2nc2n1CCCC1c3ccccc3C[NH2+]CC21,['rock1_inhibitor_atp'],['ROCK1'],1,0.0,0.0,1.0,0.0,0.8466535582879746,0.0,0.1,0.7466535582879746
Nc1nccc2c(N3CCCC(CN4CCC(O)CC4)C3)cccc12,340.4710000000001,2.4901,65.62,2,5,0.8985839000684086,1.0,1,0,0,0,c1cc(N2CCCC(CN3CCCCC3)C2)c2ccncc2c1,['rock1_inhibitor_atp'],['ROCK1'],1,0.0,0.0,1.0,0.0,0.9695751700205224,0.0,0.1,0.8695751700205224
Cn1c(C2CCCCN2c2cccc3c(N)ncnc23)nc2c1CCCC2,362.4810000000003,3.555900000000001,72.86,1,5,0.7545453939734469,1.0,1,0,0,0,c1cc(N2CCCCC2c2nc3c([nH]2)CCCC3)c2ncncc2c1,['rock1_inhibitor_atp'],['ROCK1'],1,0.0,0.0,1.0,0.0,0.926363618192034,0.0,0.1,0.8263636181920341
CN1CCN(c2cccc3c(N)nccc23)CC(CN2CCC3C2CC2CCCCN23)C1,434.6320000000003,2.8861000000000008,51.870000000000005,1,6,0.8017939223017315,1.0,1,0,0,0,c1cc(N2CCNCC(CN3CCC4C3CC3CCCCN34)C2)c2ccncc2c1,['rock1_inhibitor_atp'],['ROCK1'],1,0.0,0.0,1.0,0.0,0.9405381766905194,0.0,0.1,0.8405381766905194
c1ccc2c(NCC3CC4CNCC(Cn5cccn5)C4N3)ccnc2c1,362.48100000000005,2.1094999999999993,66.8,3,5,0.6487063263682858,1.0,1,0,0,0,c1ccc2c(NCC3CC4CNCC(Cn5cccn5)C4N3)ccnc2c1,['rock1_inhibitor_atp'],['ROCK1'],1,0.0,0.0,1.0,0.0,0.8946118979104858,0.0,0.1,0.7946118979104858
Nc1nccc2cc(N(O)C3CCNCCC3N3CCc4ccccc43)ccc12,389.50300000000016,3.1959000000000017,77.64999999999999,3,6,0.5973848158321797,1.0,1,0,0,0,c1ccc2c(c1)CCN2C1CCNCCC1Nc1ccc2cnccc2c1,['rock1_inhibitor_atp'],['ROCK1'],1,0.0,0.0,1.0,0.0,0.8792154447496539,0.0,0.1,0.7792154447496539
Nc1nccc2c(C(=O)NC3CCNC(c4ccccc4F)C3)cccc12,364.4240000000001,3.1792000000000016,80.03999999999999,3,4,0.6668314662707551,1.0,1,0,0,0,O=C(NC1CCNC(c2ccccc2)C1)c1cccc2cnccc12,['rock1_inhibitor_atp'],['ROCK1'],1,0.0,0.0,1.0,0.0,0.9000494398812264,0.0,0.1,0.8000494398812265
NC1=C2C(=O)C=CC(OCC3(Cc4ccccn4)CCNCC3)=C2N=C1,350.4220000000001,1.6581999999999997,89.60000000000001,2,6,0.8428839387093171,1.0,1,0,0,0,O=C1C=CC(OCC2(Cc3ccccn3)CCNCC2)=C2N=CC=C12,['rock1_inhibitor_atp'],['ROCK1'],1,0.0,0.0,1.0,0.0,0.9528651816127951,0.0,0.1,0.8528651816127951
COc1ccc(Oc2ccc3c(c2)C2=c4ccccc4=NC(=O)C2=NC3=O)cc1,382.37500000000017,2.4410999999999996,77.32,0,4,0.6971855705452148,1.0,1,0,0,0,O=C1N=c2ccccc2=C2C1=NC(=O)c1ccc(Oc3ccccc3)cc12,['mtor_inhibitor'],['mTOR'],1,0.0,0.0,1.0,0.0,0.9091556711635644,0.0,0.1,0.8091556711635645
COc1ccc(-c2nc(-c3ccc(N4CCNCC4)cn3)nc3ccccc23)cc1,397.482,3.777000000000002,63.17,1,6,0.5655094272125031,1.0,1,0,0,0,c1ccc(-c2nc(-c3ccc(N4CCNCC4)cn3)nc3ccccc23)cc1,['mtor_inhibitor'],['mTOR'],1,0.0,0.0,1.0,0.0,0.8696528281637508,0.0,0.1,0.7696528281637508
Oc1c2cc3cccc4c5c[nH+]ccc5nc(c2nc2[n+]1C=CC=2)c34,324.3430000000001,1.8802999999999994,64.03,1,3,0.26868196871970357,1.0,1,0,1,0,C1=C[n+]2cc3cc4cccc5c6c[nH+]ccc6nc(c3nc2=C1)c45,['mtor_inhibitor'],['mTOR'],1,0.0,0.0,1.0,0.0,0.7806045906159111,0.0,0.1,0.6806045906159112
C1=Cc2n[nH+]c3cccnc3c2C=C2Nc3ccccc3N=C12,298.329,3.009800000000001,64.31,1,4,0.6935915951348388,1.0,1,0,1,0,C1=Cc2n[nH+]c3cccnc3c2C=C2Nc3ccccc3N=C12,['mtor_inhibitor'],['mTOR'],1,0.0,0.0,1.0,0.0,0.9080774785404515,0.0,0.1,0.8080774785404515
NC(=O)c1ccc(-c2cn3cccc(-c4cnc5cccnc5c4)c3n2)cc1,365.3960000000001,3.7104000000000017,86.17,1,4,0.5279833602737246,1.0,1,0,0,0,c1ccc(-c2cn3cccc(-c4cnc5cccnc5c4)c3n2)cc1,['mtor_inhibitor'],['mTOR'],1,0.0,0.0,1.0,0.0,0.8583950080821174,0.0,0.1,0.7583950080821175
Cc1cccc2c(-c3ccc4ncnc(N5CCNCC5)c4c3)ncnc12,356.4330000000001,2.9580200000000003,66.83000000000001,1,6,0.5956005054211667,1.0,1,0,0,0,c1ccc2c(-c3ccc4ncnc(N5CCNCC5)c4c3)ncnc2c1,['mtor_inhibitor'],['mTOR'],1,0.0,0.0,1.0,0.0,0.87868015162635,0.0,0.1,0.7786801516263501
C[n+]1c(O)c(Nc2cccc3c2c[nH+]c2ccccc23)nc2ccccc21,354.4130000000001,3.6290000000000013,63.17,2,3,0.37583205272195036,1.0,1,1,1,0,c1ccc2[nH+]cc(Nc3cccc4c3c[nH+]c3ccccc34)nc2c1,['mtor_inhibitor'],['mTOR'],1,0.0,0.0,1.0,0.2,0.7727496158165851,0.0,0.1,0.6727496158165851
NC(=O)Cc1cccc(-c2cnnc3cc(-c4ccccc4)cnc23)c1,340.386,3.3866000000000014,81.76,1,4,0.6172453432607576,1.0,1,0,0,0,c1ccc(-c2cnc3c(-c4ccccc4)cnnc3c2)cc1,['mtor_inhibitor'],['mTOR'],1,0.0,0.0,1.0,0.0,0.8851736029782273,0.0,0.1,0.7851736029782274
O=C1C(c2c[nH]c3ccc(-c4ccccc4)cc23)=Nc2cccc[n+]21,324.36300000000006,3.897000000000003,49.1,1,2,0.5586641207133966,1.0,1,1,1,0,O=C1C(c2c[nH]c3ccc(-c4ccccc4)cc23)=Nc2cccc[n+]21,['mtor_inhibitor'],['mTOR'],1,0.0,0.0,1.0,0.2,0.827599236214019,0.0,0.1,0.727599236214019
C1=Nc2ncnc3nc(-c4ccc5ccc(N6CCCC6)cc5c4)nc1c23,352.4010000000001,3.904200000000002,67.16,0,6,0.48185848843973306,1.0,1,0,0,0,C1=Nc2ncnc3nc(-c4ccc5ccc(N6CCCC6)cc5c4)nc1c23,['mtor_inhibitor'],['mTOR'],1,0.0,0.0,1.0,0.0,0.84455754653192,0.0,0.1,0.74455754653192
Fc1ccc2nc3c(N4CCNCC4)nc4nc5ccccc5cc4n3c2c1,372.4070000000001,3.132600000000001,58.35000000000001,1,5,0.45830822417297795,1.0,1,0,0,0,c1ccc2nc3nc(N4CCNCC4)c4nc5ccccc5n4c3cc2c1,['mtor_inhibitor'],['mTOR'],1,0.0,0.0,1.0,0.0,0.8374924672518933,0.0,0.1,0.7374924672518933
Cc1cc2nc(-c3cccc4ccccc34)nc(NC3CCN(S(C)(=O)=O)C3)c2cn1,433.53700000000026,3.5992200000000016,88.08,1,6,0.5290846783767852,1.0,1,0,0,0,c1ccc2c(-c3nc(NC4CCNC4)c4cnccc4n3)cccc2c1,['mtor_inhibitor'],['mTOR'],1,0.0,0.0,1.0,0.0,0.8587254035130356,0.0,0.1,0.7587254035130356
O=c1c2cc3cccc(Oc4ccccc4)c3cc2n2cnnc2n1C1CCNCC1,411.4650000000002,3.914200000000003,73.45,1,5,0.45580144142822576,1.0,1,0,0,0,O=c1c2cc3cccc(Oc4ccccc4)c3cc2n2cnnc2n1C1CCNCC1,['mtor_inhibitor'],['mTOR'],1,0.0,0.0,1.0,0.0,0.8367404324284677,0.0,0.1,0.7367404324284678
O=c1ccn2nc3ccccc3c3c2[n+]1c(=O)n3-c1ccccc1,315.312,1.1750999999999998,60.470000000000006,0,3,0.34459827868237786,0.75,1,0,1,0,O=c1ccn2nc3ccccc3c3c2[n+]1c(=O)n3-c1ccccc1,['mtor_inhibitor'],['mTOR'],1,0.0,0.0,1.0,0.0,0.7283794836047133,0.0,0.1,0.6283794836047133
Nc1cccc2c1c1cnc(N3CCCC3)nc1n1nc(-c3ccncc3)cc21,381.44300000000004,3.6751000000000023,85.23,1,6,0.3708696738789587,1.0,1,0,0,0,c1ccc2c(c1)c1cnc(N3CCCC3)nc1n1nc(-c3ccncc3)cc21,['mtor_inhibitor'],['mTOR'],1,0.0,0.0,1.0,0.0,0.8112609021636876,0.0,0.1,0.7112609021636876
c1ccc(N2CC3=c4nnc5cccc6ccc(c4c65)CC3C2)cc1,323.3990000000001,3.3451000000000013,29.020000000000003,0,3,0.5378455925611921,1.0,1,0,0,0,c1ccc(N2CC3=c4nnc5cccc6ccc(c4c65)CC3C2)cc1,['mtor_inhibitor'],['mTOR'],1,0.0,0.0,1.0,0.0,0.8613536777683577,0.0,0.1,0.7613536777683577
c1ccc2c(c1)ncc1c3ccccc3n3cc(N4CCNCC4)nc3c21,353.4290000000002,3.5985000000000023,45.46,1,4,0.46785377447537496,1.0,1,0,0,0,c1ccc2c(c1)ncc1c3ccccc3n3cc(N4CCNCC4)nc3c21,['mtor_inhibitor'],['mTOR'],1,0.0,0.0,1.0,0.0,0.8403561323426125,0.0,0.1,0.7403561323426125
CN1CCN(c2cccc3cc(-c4cc(O)c5cc[n+](C)cc5c4)cc(O)c23)CC1,400.5020000000002,3.6475000000000026,50.82,2,4,0.5045702007561033,1.0,1,0,1,0,c1cc(N2CCNCC2)c2ccc(-c3ccc4cc[nH+]cc4c3)cc2c1,['mtor_inhibitor'],['mTOR'],1,0.0,0.0,1.0,0.0,0.851371060226831,0.0,0.1,0.751371060226831
OC1=C2C=CNC=C2N(c2ccccc2)C=C1C=NCc1ccc[nH+]c1,343.4100000000001,3.2460000000000013,62.0,2,4,0.8379354804518401,1.0,1,0,1,0,C1=CC2=CC(C=NCc3ccc[nH+]c3)=CN(c3ccccc3)C2=CN1,['mtor_inhibitor'],['mTOR'],1,0.0,0.0,1.0,0.0,0.9513806441355519,0.0,0.1,0.8513806441355519
O=C(c1cc2ccccc2[nH]c1=O)c1cccc2cc(-c3cccc[nH+]3)[nH]c12,366.40000000000003,3.7215000000000016,79.85999999999999,2,2,0.47733651670310295,1.0,1,0,1,0,O=C(c1cc2ccccc2[nH]c1=O)c1cccc2cc(-c3cccc[nH+]3)[nH]c12,['mtor_inhibitor'],['mTOR'],1,0.0,0.0,1.0,0.0,0.843200955010931,0.0,0.1,0.743200955010931
O=c1ncc2c(-n3[nH+]c(C#Cc4ccccc4)c4ccccc43)cccc2[nH]1,363.4000000000001,3.0809000000000006,64.82,1,2,0.4652859716381178,1.0,1,0,1,0,O=c1ncc2c(-n3[nH+]c(C#Cc4ccccc4)c4ccccc43)cccc2[nH]1,['mtor_inhibitor'],['mTOR'],1,0.0,0.0,1.0,0.0,0.8395857914914353,0.0,0.1,0.7395857914914353
OC1=C2C=c3cnccc3=CC=C2Oc2ccc3c(ccn3-c3ccc(O)cc3)c21,392.4140000000001,3.551300000000002,67.51,2,4,0.5199298899045686,1.0,1,0,0,0,C1=C2C=c3cnccc3=CC=C2Oc2ccc3c(ccn3-c3ccccc3)c21,['mtor_inhibitor'],['mTOR'],1,0.0,0.0,1.0,0.0,0.8559789669713704,0.0,0.1,0.7559789669713705
Cc1cc(C)cc(-c2nc3cc4c5ccccc5[nH]c(=O)nc4n3n2)c1,341.3740000000001,3.402840000000002,75.94,1,4,0.5068766807730278,1.0,1,0,0,0,O=c1nc2c(cc3nc(-c4ccccc4)nn32)c2ccccc2[nH]1,['mtor_inhibitor'],['mTOR'],1,0.0,0.0,1.0,0.0,0.8520630042319084,0.0,0.1,0.7520630042319084
Cc1cccc2c1cnc1cc(Nc3ccnc4c3c(=O)n(C)c(=O)n4C)ccc12,397.4380000000002,3.385620000000002,81.81,1,5,0.4619402485514882,1.0,1,0,0,0,O=c1[nH]c(=O)c2c(Nc3ccc4c(c3)ncc3ccccc34)ccnc2[nH]1,['mtor_inhibitor'],['mTOR'],1,0.0,0.0,1.0,0.0,0.8385820745654464,0.0,0.1,0.7385820745654464
Nc1nc(=O)c2cc3cccc4c3c(c2[nH]1)OC(c1ccc(F)cc1)=C4,345.33299999999997,3.6881000000000013,81.0,2,4,0.5156716266963517,1.0,1,0,0,0,O=c1nc[nH]c2c3c4c(cccc4cc12)C=C(c1ccccc1)O3,['mtor_inhibitor'],['mTOR'],1,0.0,0.0,1.0,0.0,0.8547014880089054,0.0,0.1,0.7547014880089055
COc1ccc(-c2nc3cccc4[nH]c5cc(OC)cc(=O)c-5cc4c-3[nH+]2)cc1,384.41500000000013,3.631000000000001,78.35000000000001,1,4,0.5152100907409882,1.0,1,0,1,0,O=c1cccc2[nH]c3cccc4nc(-c5ccccc5)[nH+]c-4c3cc1-2,['mtor_inhibitor'],['mTOR'],1,0.0,0.0,1.0,0.0,0.8545630272222964,0.0,0.1,0.7545630272222964
Fc1ccc(-c2cn3c(nc4ccn5ncnc5c43)c3nccn23)cc1,343.32500000000005,2.984,64.79,0,4,0.4603362451778578,1.0,1,0,0,0,c1ccc(-c2cn3c(nc4ccn5ncnc5c43)c3nccn23)cc1,['mtor_inhibitor'],['mTOR'],1,0.0,0.0,1.0,0.0,0.8381008735533573,0.0,0.1,0.7381008735533573
O=C1Oc2c(oc3c4ccccc4[nH]c4cccc2c4=3)=Nc2ccccc(=O)c21,380.35900000000015,3.7640800000000025,84.66,1,5,0.4146414368904568,1.0,1,0,0,0,O=C1Oc2c(oc3c4ccccc4[nH]c4cccc2c4=3)=Nc2ccccc(=O)c21,['mtor_inhibitor'],['mTOR'],1,0.0,0.0,1.0,0.0,0.8243924310671371,0.0,0.1,0.7243924310671371
CCCC(=O)NNCC1=c2ccccc2=C(c2ccc(F)cc2)N=CN1,352.413,1.1427999999999998,65.52,3,4,0.6834258736810254,0.75,1,0,0,0,C1=NC(c2ccccc2)=c2ccccc2=CN1,['mtor_inhibitor'],['mTOR'],1,0.0,0.0,1.0,0.0,0.8300277621043075,0.0,0.1,0.7300277621043075
O=c1cc(-c2ccccc2)[nH]c2c(Cc3c[nH]c4ccccc34)cnn12,340.386,3.761700000000001,65.95,2,2,0.525049862240982,1.0,1,0,0,0,O=c1cc(-c2ccccc2)[nH]c2c(Cc3c[nH]c4ccccc34)cnn12,['mtor_inhibitor'],['mTOR'],1,0.0,0.0,1.0,0.0,0.8575149586722945,0.0,0.1,0.7575149586722946
Oc1ccc2c(c1)nc1ccccc1c1nc3cnnc3nc21,299.29300000000006,2.9800000000000013,84.68,1,6,0.47296106871310667,1.0,1,0,0,0,c1ccc2c(c1)nc1ccccc1c1nc3nncc3nc21,['mtor_inhibitor'],['mTOR'],1,0.0,0.0,1.0,0.0,0.841888320613932,0.0,0.1,0.7418883206139321
COc1ccc(NC2=[n+]3cc4c(cc3N=N2)=NC=C4c2ccc(F)cc2)cc1,372.3830000000001,3.648690000000002,64.24,1,5,0.7107729532669318,1.0,1,0,1,0,C1=C(c2ccccc2)c2c[n+]3c(cc2=N1)N=NC=3Nc1ccccc1,['mtor_inhibitor'],['mTOR'],1,0.0,0.0,1.0,0.0,0.9132318859800794,0.0,0.1,0.8132318859800794
O=C(O)C1=C[NH+]2C3=C(Nc4ccccc4C3=C1)c1ccccc12,301.32500000000005,2.3764000000000003,53.769999999999996,3,2,0.757828657830058,1.0,1,0,1,0,C1=C[NH+]2C3=C(Nc4ccccc4C3=C1)c1ccccc12,['mtor_inhibitor'],['mTOR'],1,0.0,0.0,1.0,0.0,0.9273485973490174,0.0,0.1,0.8273485973490174
Cc1nc(N)nn2c(=O)n(-c3ccc4ccccc4c3)c(C)c12,305.34100000000007,2.2324400000000004,78.21000000000001,1,4,0.584733333161091,1.0,1,0,0,0,O=c1n(-c2ccc3ccccc3c2)cc2cncnn12,['mtor_inhibitor'],['mTOR'],1,0.0,0.0,1.0,0.0,0.8754199999483272,0.0,0.1,0.7754199999483272
O=Cc1nc2c(-c3ccccc3)[nH+]c3ccc4c(c3n2n1)=CNc1ccccc1N=4,391.41400000000004,2.2908999999999997,85.79,1,5,0.46802632060840726,1.0,1,0,1,1,C1=c2c(ccc3[nH+]c(-c4ccccc4)c4ncnn4c23)=Nc2ccccc2N1,['mtor_inhibitor'],['mTOR'],1,0.0,0.0,1.0,0.0,0.8404078961825221,0.0,0.1,0.7404078961825221
Cc1cccc2c1-c1nc(Nc3ccccc3)[nH+]c(Nc3cccc[nH+]3)[n+]1C2=O,383.4350000000001,2.4618199999999995,86.18,2,4,0.46696072360970203,1.0,1,1,1,0,O=C1c2ccccc2-c2nc(Nc3ccccc3)[nH+]c(Nc3cccc[nH+]3)[n+]21,['mtor_inhibitor'],['mTOR'],1,0.0,0.0,1.0,0.2,0.8000882170829106,0.0,0.1,0.7000882170829106
COc1ccc(Nc2nc(N3CCC(N(C)C)CC3)nc3ccc(OC)cc23)cc1,407.51800000000014,3.921000000000003,62.75,1,7,0.6643679715447248,1.0,1,0,0,0,c1ccc(Nc2nc(N3CCCCC3)nc3ccccc23)cc1,['mtor_inhibitor'],['mTOR'],1,0.0,0.0,1.0,0.0,0.8993103914634175,0.0,0.1,0.7993103914634175
OC(NCC1CC2CCCN2C1)C1=CNC=Nc2c1ccc1cc(F)ccc21,380.4670000000001,2.975100000000001,59.89,3,5,0.7140465539825757,1.0,1,0,0,0,C1=Nc2c(ccc3ccccc23)C(CNCC2CC3CCCN3C2)=CN1,['mtor_inhibitor'],['mTOR'],1,0.0,0.0,1.0,0.0,0.9142139661947726,0.0,0.1,0.8142139661947726
O=c1[nH]c(=O)c2c(=O)n3c4ccccc4c4cc5ccccc5c(c2[nH]1)c43,353.3370000000001,2.726700000000001,87.19999999999999,2,3,0.4117121511510779,1.0,1,0,0,0,O=c1[nH]c(=O)c2c(=O)n3c4ccccc4c4cc5ccccc5c(c2[nH]1)c43,['mtor_inhibitor'],['mTOR'],1,0.0,0.0,1.0,0.0,0.8235136453453233,0.0,0.1,0.7235136453453234
COC(=O)c1cccc(-c2[nH+]n3c4c(cc5cccc2c53)C(C)=CNC=4O)c1,372.4040000000001,2.6668000000000003,77.11,2,4,0.5305701087399957,1.0,1,0,1,0,C1=Cc2cc3cccc4c(-c5ccccc5)[nH+]n(c2=CN1)c34,['mtor_inhibitor'],['mTOR'],1,0.0,0.0,1.0,0.0,0.8591710326219986,0.0,0.1,0.7591710326219986
Oc1cc(NC2=C3C=CC=c4ccccc4=C3N=CN2)[nH+]c(-c2ccc(F)cc2)n1,398.42100000000005,1.8211,83.67999999999999,3,5,0.6285822252081547,1.0,1,0,1,0,C1=CC2=C(Nc3ccnc(-c4ccccc4)[nH+]3)NC=NC2=c2ccccc2=C1,['mtor_inhibitor'],['mTOR'],1,0.0,0.0,1.0,0.0,0.8885746675624464,0.0,0.1,0.7885746675624464
CN(C)C(=O)Cn1c2nc3ccccc3c-2cc2oc3ccccc3c(=O)c21,371.39600000000013,3.488900000000002,68.34,0,4,0.4455991270243889,1.0,1,0,0,0,O=c1c2ccccc2oc2cc3c4ccccc4nc-3[nH]c12,['mtor_inhibitor'],['mTOR'],1,0.0,0.0,1.0,0.0,0.8336797381073167,0.0,0.1,0.7336797381073167
Cn1nc2ncnc(NCC3=C(c4ccc(F)cc4)N=[N+]4C=CC=[N+]34)c2n1,363.36,1.6820000000000002,86.90000000000002,1,6,0.7129495092216042,1.0,1,0,1,0,C1=C[N+]2=NC(c3ccccc3)=C(CNc3ncnc4n[nH]nc34)[N+]2=C1,['mtor_inhibitor'],['mTOR'],1,0.0,0.0,1.0,0.0,0.9138848527664811,0.0,0.1,0.8138848527664811
Cc1nnc2nc3sc4c(c3nn12)=Cc1ccc(-c2ccccc2)cc1N=CC=4,394.4630000000001,3.034620000000001,68.33,0,6,0.4382662267312112,1.0,1,0,0,0,C1=Nc2cc(-c3ccccc3)ccc2C=c2c(sc3nc4nncn4nc23)=C1,['mtor_inhibitor'],['mTOR'],1,0.0,0.0,1.0,0.0,0.8314798680193634,0.0,0.1,0.7314798680193634
Cn1c(=O)c2nc3ccccc3c3c4ccc5nccc5c4oc1c23,325.3270000000001,3.972100000000003,60.92,0,4,0.39645056118226124,1.0,1,0,0,0,O=c1[nH]c2oc3c4ccnc4ccc3c3c4ccccc4nc1c23,['mtor_inhibitor'],['mTOR'],1,0.0,0.0,1.0,0.0,0.8189351683546784,0.0,0.1,0.7189351683546784
Cc1cn2c(=O)c3c(O)c4ccccc4[nH]c-3c2c(-c2ccccc2)[nH+]1,342.37800000000004,3.380720000000002,71.64,2,2,0.4901155840113596,1.0,1,0,1,0,O=c1c2cc3ccccc3[nH]c-2c2c(-c3ccccc3)[nH+]ccn12,['mtor_inhibitor'],['mTOR'],1,0.0,0.0,1.0,0.0,0.8470346752034079,0.0,0.1,0.7470346752034079
Cc1cccc2c1nc(C(=O)C#Cc1cccnc1)n1c3ccccc3nc21,362.3920000000001,3.9735200000000024,60.150000000000006,0,4,0.33433306156209486,1.0,1,0,0,0,O=C(C#Cc1cccnc1)c1nc2ccccc2c2nc3ccccc3n12,['mtor_inhibitor'],['mTOR'],1,0.0,0.0,1.0,0.0,0.8002999184686284,0.0,0.1,0.7002999184686284
Cc1ccc2c3c(oc(=O)c2c1)=C1C=C(c2ccccc2C(=O)O)NC=C1C=CC=3,395.4140000000001,2.8288200000000003,79.54,2,4,0.6976498542671893,1.0,1,0,0,0,O=c1oc2c(c3ccccc13)=CC=CC1=CNC(c3ccccc3)=CC=21,['mtor_inhibitor'],['mTOR'],1,0.0,0.0,1.0,0.0,0.9092949562801567,0.0,0.1,0.8092949562801567
NCc1cc2nc3ccccc3c(-c3cc(-c4ccccc4)on3)n2n1,341.374,3.6632000000000025,82.24,1,5,0.5413537037709119,1.0,1,0,0,0,c1ccc(-c2cc(-c3c4ccccc4nc4ccnn34)no2)cc1,['mtor_inhibitor'],['mTOR'],1,0.0,0.0,1.0,0.0,0.8624061111312735,0.0,0.1,0.7624061111312735
Nc1cccc2c1C1=NC=NNC1=C(c1ccccc3c4ccccc4[nH+]c1-3)O2,378.41500000000013,3.4377000000000013,86.14,2,5,0.497634706847941,1.0,1,0,1,0,C1=NNC2=C(c3ccccc4c5ccccc5[nH+]c3-4)Oc3ccccc3C2=N1,['mtor_inhibitor'],['mTOR'],1,0.0,0.0,1.0,0.0,0.8492904120543823,0.0,0.1,0.7492904120543823
COc1ccc2c(c1)=C(c1[nH+]n(C)c3ccccc13)NC1=C(O)C=CC=CC=21,370.4320000000001,1.8069999999999995,60.56,2,3,0.7233308657385048,1.0,1,0,1,0,C1=CC=C2NC(c3[nH+][nH]c4ccccc34)=c3ccccc3=C2C=C1,['mtor_inhibitor'],['mTOR'],1,0.0,0.0,1.0,0.0,0.9169992597215513,0.0,0.1,0.8169992597215513
O=C(NCC1=CC=CNc2ccc(OCc3ccccc3)cc21)c1cc(=O)cc[nH]1,399.4500000000001,3.706500000000002,83.22,3,4,0.590151674574257,1.0,1,0,0,0,O=C(NCC1=CC=CNc2ccc(OCc3ccccc3)cc21)c1cc(=O)cc[nH]1,['mtor_inhibitor'],['mTOR'],1,0.0,0.0,1.0,0.0,0.877045502372277,0.0,0.1,0.777045502372277
Oc1ccc2c(c1)nc(-c1ccc(O)c(O)c1)c1[n+]2-c2ccccc2-1,329.3350000000001,3.2757000000000023,77.46000000000001,3,4,0.3257373007529063,1.0,1,1,1,0,c1ccc(-c2nc3ccccc3[n+]3c2-c2ccccc2-3)cc1,['mtor_inhibitor'],['mTOR'],1,0.0,0.0,1.0,0.2,0.7577211902258719,0.0,0.1,0.6577211902258719
Cn1c2cccc(Nc3ccc(F)cc3)c2c(=O)n1-c1ccccc1O,349.36500000000007,3.9175000000000018,59.19,2,3,0.5893684106711804,1.0,1,0,0,0,O=c1c2c(Nc3ccccc3)cccc2[nH]n1-c1ccccc1,['mtor_inhibitor'],['mTOR'],1,0.0,0.0,1.0,0.0,0.8768105232013541,0.0,0.1,0.7768105232013541
COC1=C(C2CCN(c3cccc[nH+]3)C2=O)[n+]2cc3ccccc3c3cccc1c32,395.46200000000016,3.433300000000002,47.56,0,2,0.39415679846895346,1.0,1,0,1,0,O=C1C(C2=Cc3cccc4c5ccccc5c[n+]2c34)CCN1c1cccc[nH+]1,['mtor_inhibitor'],['mTOR'],1,0.0,0.0,1.0,0.0,0.818247039540686,0.0,0.1,0.718247039540686
CCC1=[N+]2C=C(c3ccc(O)cc3)N=C2C(c2cc(O)[nH+]c3ccccc23)=C1,369.42400000000004,3.7363000000000017,69.97,2,3,0.6907371828612922,1.0,1,0,1,0,C1=C(c2ccccc2)N=C2C(c3cc[nH+]c4ccccc34)=CC=[N+]12,['mtor_inhibitor'],['mTOR'],1,0.0,0.0,1.0,0.0,0.9072211548583875,0.0,0.1,0.8072211548583875
Cn1c(-c2cc[nH+]c3ccccc23)cc2c3cnc4cccc[n+](c(=O)c21)c43,364.4080000000001,2.8975,53.13,0,2,0.42139053934446347,1.0,1,0,1,0,O=c1c2[nH]c(-c3cc[nH+]c4ccccc34)cc2c2cnc3cccc[n+]1c32,['mtor_inhibitor'],['mTOR'],1,0.0,0.0,1.0,0.0,0.8264171618033389,0.0,0.1,0.7264171618033389
COc1ccc2c(c1)=Nc1c(N)ncc3c1[n+](c(O)n3-c1ccccc1)C=2,358.38100000000003,1.1603999999999992,89.53999999999999,2,5,0.4635667264033062,0.75,1,0,1,0,C1=c2ccccc2=Nc2cncc3c2[n+]1cn3-c1ccccc1,['mtor_inhibitor'],['mTOR'],1,0.0,0.0,1.0,0.0,0.7640700179209918,0.0,0.1,0.6640700179209919
O=C1OC(=O)c2c(O)c3ccc4c(c3c3c2c1cc1ccccc13)OCO4,358.30500000000006,3.8911000000000016,82.06000000000002,1,6,0.29170853432549265,1.0,1,0,0,0,O=C1OC(=O)c2cc3ccc4c(c3c3c2c1cc1ccccc13)OCO4,['mtor_inhibitor'],['mTOR'],1,0.0,0.0,1.0,0.0,0.7875125602976478,0.0,0.1,0.6875125602976478
COC1=Cc2nc3ccc(O)cc3nc2C2=CC=c3ccccc3=CC2=C1,352.3930000000001,2.9209000000000014,55.24,1,4,0.7316450836474783,1.0,1,0,0,0,C1=Cc2nc3ccccc3nc2C2=CC=c3ccccc3=CC2=C1,['mtor_inhibitor'],['mTOR'],1,0.0,0.0,1.0,0.0,0.9194935250942433,0.0,0.1,0.8194935250942433
C1=CC=C2NC=C(C3=NN=C4C(c5ccccc5)=c5ccsc5=[N+]34)C=C2C=C1,379.4680000000001,2.6008000000000004,39.76,1,4,0.8008765933567011,1.0,1,0,1,0,C1=CC=C2NC=C(C3=NN=C4C(c5ccccc5)=c5ccsc5=[N+]34)C=C2C=C1,['mtor_inhibitor'],['mTOR'],1,0.0,0.0,1.0,0.0,0.9402629780070102,0.0,0.1,0.8402629780070102
OC1=NC(c2cccc(Oc3cncc[nH+]3)c2)=CNc2ccccc21,331.3550000000001,3.4167000000000014,80.88000000000001,2,4,0.7704253771446625,1.0,1,0,1,0,C1=NC(c2cccc(Oc3cncc[nH+]3)c2)=CNc2ccccc21,['mtor_inhibitor'],['mTOR'],1,0.0,0.0,1.0,0.0,0.9311276131433988,0.0,0.1,0.8311276131433988
CC(C)(C)NC(=O)C[n+]1cnc2c(-c3ccccc3)nc3ccccc3nc1-2,372.4520000000001,2.998800000000002,71.65,1,4,0.5613463341148252,1.0,1,0,1,0,c1ccc(-c2nc3ccccc3nc3[nH+]cnc2-3)cc1,['mtor_inhibitor'],['mTOR'],1,0.0,0.0,1.0,0.0,0.8684039002344475,0.0,0.1,0.7684039002344475
C1=CC(C2CCN2Cc2ccc[nH+]c2)=CC2=Cc3ccccc3NC2=C1,340.4500000000001,3.9642000000000026,29.410000000000004,1,2,0.9161948416791339,1.0,1,0,1,0,C1=CC(C2CCN2Cc2ccc[nH+]c2)=CC2=Cc3ccccc3NC2=C1,['mtor_inhibitor'],['mTOR'],1,0.0,0.0,1.0,0.0,0.97485845250374,0.0,0.1,0.8748584525037401
O=C(NCCc1ccccc1)C1=C2C(F)=CC=CC=C2N=C(c2ccccc2)N1,385.44200000000006,3.956500000000002,53.49,2,3,0.8187263516951458,1.0,1,0,0,0,O=C(NCCc1ccccc1)C1=C2C=CC=CC=C2N=C(c2ccccc2)N1,['mtor_inhibitor'],['mTOR'],1,0.0,0.0,1.0,0.0,0.9456179055085436,0.0,0.1,0.8456179055085437
Cn1nc(CN2CCc3c4ccccc4nc(-c4cccc[nH+]4)[n+]3CC2)c2cnc[nH+]c21,425.52000000000015,1.1574999999999995,79.00000000000001,0,4,0.4065157654369007,0.75,1,0,1,0,c1ccc(-c2nc3ccccc3c3[n+]2CCN(Cc2n[nH]c4[nH+]cncc24)CC3)[nH+]c1,['mtor_inhibitor'],['mTOR'],1,0.0,0.0,1.0,0.0,0.7469547296310701,0.0,0.1,0.6469547296310701
O=c1[nH]c(=O)n2c3c4c(cccc4n(Cc4ccccc4)c13)Cc1ccccc1-2,379.41900000000015,3.5862000000000025,59.79,1,2,0.4998552166833313,1.0,1,0,0,0,O=c1[nH]c(=O)n2c3c4c(cccc4n(Cc4ccccc4)c13)Cc1ccccc1-2,['mtor_inhibitor'],['mTOR'],1,0.0,0.0,1.0,0.0,0.8499565650049994,0.0,0.1,0.7499565650049994
Cc1ccc2c(c1)-c1nc3cccc(C(=O)NCC(O)O)c3c3ccc(C)c-2c13,384.4350000000002,3.6927400000000032,82.45,3,4,0.3272531263605308,1.0,1,0,0,0,c1ccc2c(c1)-c1cccc3c1c-2nc1ccccc13,['mtor_inhibitor'],['mTOR'],1,0.0,0.0,1.0,0.0,0.7981759379081592,0.0,0.1,0.6981759379081592
C=C1N=c2c(-c3cc(OC)c4[nH]c5ccccc5nc3-4)nn(C)c2=NC1C,358.4050000000001,2.2318,80.45,1,5,0.5966260214767792,1.0,1,0,0,0,C=C1CN=c2[nH]nc(-c3ccc4[nH]c5ccccc5nc3-4)c2=N1,['mtor_inhibitor'],['mTOR'],1,0.0,0.0,1.0,0.0,0.8789878064430336,0.0,0.1,0.7789878064430337
Cc1ccc(C(O)COC2=CC=CC=c3cc4c(cc32)=C(O)NC=N4)cc1,360.41300000000007,2.3231200000000003,74.08,3,5,0.7823710216360072,1.0,1,0,0,0,C1=CC=c2cc3c(cc2C(OCCc2ccccc2)=C1)=CNC=N3,['mtor_inhibitor'],['mTOR'],1,0.0,0.0,1.0,0.0,0.9347113064908021,0.0,0.1,0.8347113064908022
O=c1[nH]c2ccccc2n1-c1cccc2c1[NH+]=C1C2=Cc2ccc3ccccc3c21,386.4340000000001,3.541000000000002,51.76,2,1,0.4549309929657175,1.0,1,0,1,0,O=c1[nH]c2ccccc2n1-c1cccc2c1[NH+]=C1C2=Cc2ccc3ccccc3c21,['mtor_inhibitor'],['mTOR'],1,0.0,0.0,1.0,0.0,0.8364792978897153,0.0,0.1,0.7364792978897153
O=C(c1ccc(F)c(C2=CC=C3C(O)=CC=CN=C3N2)c1)N1CCC2CCC1CCN2,420.4880000000003,3.4205000000000023,76.96,3,5,0.685313714618939,1.0,1,0,0,0,O=C(c1cccc(C2=CC=C3C=CC=CN=C3N2)c1)N1CCC2CCC1CCN2,['mtor_inhibitor'],['mTOR'],1,0.0,0.0,1.0,0.0,0.9055941143856816,0.0,0.1,0.8055941143856816
O=c1ccc2c3ccccc3nccc2c2c(CN3CCNCC3)cc[n+]12,357.4370000000001,1.8921,49.330000000000005,1,4,0.5568504071441209,1.0,1,0,1,0,O=c1ccc2c3ccccc3nccc2c2c(CN3CCNCC3)cc[n+]12,['mtor_inhibitor'],['mTOR'],1,0.0,0.0,1.0,0.0,0.8670551221432363,0.0,0.1,0.7670551221432363
Cc1oc2cc(C(=O)O)cc3cc4c([n+]1c32)=NC=C(Cc1c[nH+]n(C)c1)c1ccccc1-4,424.46000000000015,2.9334200000000017,85.97,1,3,0.45203647390318313,1.0,1,0,1,0,C1=C(Cc2c[nH][nH+]c2)c2ccccc2-c2cc3cccc4oc[n+](c2=N1)c34,['mtor_inhibitor'],['mTOR'],1,0.0,0.0,1.0,0.0,0.835610942170955,0.0,0.1,0.735610942170955
C[n+]1c2cccc3c2nc2c4c([nH+]ccc4n(O)c21)COC(=O)c1ccccc1-3,384.39500000000015,2.556000000000001,82.37,1,4,0.2527199297695999,1.0,1,1,1,0,O=C1OCc2[nH+]ccc3[nH]c4[nH+]c5cccc(c5nc4c23)-c2ccccc21,['mtor_inhibitor'],['mTOR'],1,0.0,0.0,1.0,0.2,0.7358159789308799,0.0,0.1,0.6358159789308799
CCn1c2cc[nH+]cc2c(=O)c2c(Nc3ccc[nH+]c3)c3cc[nH]n3c21,346.39400000000006,2.1271999999999998,82.50999999999999,2,2,0.5245410753663213,1.0,1,0,1,0,O=c1c2c[nH+]ccc2[nH]c2c1c(Nc1ccc[nH+]c1)c1cc[nH]n12,['mtor_inhibitor'],['mTOR'],1,0.0,0.0,1.0,0.0,0.8573623226098963,0.0,0.1,0.7573623226098963
O=C(O)c1ccccc1Nc1c[n+]2c3ccccc3c3ccoc(=O)c1c32,357.34500000000014,3.5645000000000024,83.63999999999999,2,4,0.48245482452787664,1.0,1,0,1,0,O=c1occc2c3ccccc3[n+]3cc(Nc4ccccc4)c1c23,['mtor_inhibitor'],['mTOR'],1,0.0,0.0,1.0,0.0,0.844736447358363,0.0,0.1,0.744736447358363
COc1ccc(C2=c3cccc4c3=C(NN4C)c3c(cc[nH]c3=O)O2)cc1,359.38500000000005,1.0432999999999997,66.59,2,5,0.7158869567364334,0.75,1,0,0,0,O=c1[nH]ccc2c1C1=c3c(cccc3=C(c3ccccc3)O2)NN1,['mtor_inhibitor'],['mTOR'],1,0.0,0.0,1.0,0.0,0.83976608702093,0.0,0.1,0.73976608702093
C1=CC=C(N2CC3CCNC3C2)c2[nH]c3nc4ccccc4[nH+]c3c2C=C1,356.4530000000001,2.7478000000000007,58.09,2,3,0.7048682539885059,1.0,1,0,1,0,C1=CC=C(N2CC3CCNC3C2)c2[nH]c3nc4ccccc4[nH+]c3c2C=C1,['mtor_inhibitor'],['mTOR'],1,0.0,0.0,1.0,0.0,0.9114604761965517,0.0,0.1,0.8114604761965517
CO[n+]1c(=O)c2cccc3cc(-c4ccccc4)cc4c(O)oc1c4=c32,344.3460000000001,2.8272800000000013,63.55,1,4,0.500313006087131,1.0,1,0,1,0,O=c1[nH+]c2occ3cc(-c4ccccc4)cc4cccc1c4=c32,['mtor_inhibitor'],['mTOR'],1,0.0,0.0,1.0,0.0,0.8500939018261393,0.0,0.1,0.7500939018261393
O=C(O)c1cccc(-c2ccc3c(c2)=C[N+]2=Cc4cc5c(cc4OC2=CC=3)OCO5)c1,410.4050000000002,2.678000000000001,68.0,1,4,0.6583274265212625,1.0,1,0,1,0,C1=C2Oc3cc4c(cc3C=[N+]2C=c2cc(-c3ccccc3)ccc2=C1)OCO4,['mtor_inhibitor'],['mTOR'],1,0.0,0.0,1.0,0.0,0.8974982279563788,0.0,0.1,0.7974982279563788
COc1c2ccc3c(c2nc2c1c1n4c(c(N(C)C)cn2-4)=CC=C1)C=CC=CC=3,380.45099999999996,2.9856000000000016,35.22,0,3,0.5363496605054073,1.0,1,0,0,0,C1=CC=c2ccc3cc4c5n6c(ccn-6c4nc3c2C=C1)=CC=C5,['mtor_inhibitor'],['mTOR'],1,0.0,0.0,1.0,0.0,0.8609048981516221,0.0,0.1,0.7609048981516221
CC(=O)Nc1nc2c3c(ccc4[nH+]cc(c43)-c3cccc(F)c3CO2)[nH]1,349.3450000000001,3.1871,81.15,2,3,0.5536933429891573,1.0,1,0,1,0,c1ccc2c(c1)COc1nc[nH]c3ccc4[nH+]cc-2c4c13,['mtor_inhibitor'],['mTOR'],1,0.0,0.0,1.0,0.0,0.8661080028967472,0.0,0.1,0.7661080028967472
O=C(O)c1cc2ccccc2c2c1-c1c(O)c(=O)oc3cccc-2c13,330.295,3.9974000000000016,87.74,2,4,0.45363438524646404,1.0,1,0,0,0,O=c1cc2c3c(cccc3o1)-c1c-2ccc2ccccc12,['mtor_inhibitor'],['mTOR'],1,0.0,0.0,1.0,0.0,0.8360903155739392,0.0,0.1,0.7360903155739392
CC1=CC=CC2=c3c(ccc4c(=O)nc[nH]c34)=C(C(=O)Nc3cccc(F)c3F)OC2=C1,431.3980000000001,2.5291000000000006,84.08,2,4,0.6533593650159517,1.0,1,0,0,0,O=C(Nc1ccccc1)C1=c2ccc3c(=O)nc[nH]c3c2=C2C=CC=CC=C2O1,['mtor_inhibitor'],['mTOR'],1,0.0,0.0,1.0,0.0,0.8960078095047854,0.0,0.1,0.7960078095047854
O=C(Nc1c2ccc(O)cc2n2[n+]1-c1ccccc1C2=O)c1ccco1,346.3220000000001,2.4708000000000006,88.35000000000001,2,4,0.4807287140963467,1.0,1,0,1,0,O=C(Nc1c2ccccc2n2[n+]1-c1ccccc1C2=O)c1ccco1,['mtor_inhibitor'],['mTOR'],1,0.0,0.0,1.0,0.0,0.8442186142289039,0.0,0.1,0.7442186142289039
O=c1oc2cccc(O)c2n2c(=O)n3c4ccccc4ccc3c12,318.28800000000007,2.5174000000000003,76.32999999999998,1,4,0.4758520189245347,1.0,1,0,0,0,O=c1oc2ccccc2n2c(=O)n3c4ccccc4ccc3c12,['mtor_inhibitor'],['mTOR'],1,0.0,0.0,1.0,0.0,0.8427556056773604,0.0,0.1,0.7427556056773604
CC(C)c1cc2c(c3c1oc1c4ccccc4c[n+](CC(=O)O)c(=O)c13)OCO2,392.3870000000002,3.3236000000000026,89.85000000000002,1,5,0.5381436791401626,1.0,1,0,1,0,O=c1[nH+]cc2ccccc2c2oc3ccc4c(c3c12)OCO4,['mtor_inhibitor'],['mTOR'],1,0.0,0.0,1.0,0.0,0.8614431037420487,0.0,0.1,0.7614431037420487
NC(=O)Cc1c2ccccc2cc2cc3c4c(cn3c12)C=C(c1ccco1)C=4,364.4040000000001,3.9201000000000032,60.64,1,2,0.5274163136413808,1.0,1,0,0,0,C1=C(c2ccco2)C=c2c1cn1c2cc2cc3ccccc3cc21,['mtor_inhibitor'],['mTOR'],1,0.0,0.0,1.0,0.0,0.8582248940924142,0.0,0.1,0.7582248940924142
CC1=c2ccccc2=Nc2c(cc3nonc3c2NC2CCCNCC2)O1,363.4210000000002,2.2485999999999997,84.57000000000001,2,7,0.7264629803940444,1.0,1,0,0,0,C1=c2ccccc2=Nc2c(cc3nonc3c2NC2CCCNCC2)O1,['mtor_inhibitor'],['mTOR'],1,0.0,0.0,1.0,0.0,0.9179388941182132,0.0,0.1,0.8179388941182132
O=c1c2ccccc2oc2c3cccccc-3[n+]3cc(=O)n4occ1c4c23,355.3290000000001,2.9956000000000014,68.93,0,4,0.3929075424841764,1.0,1,0,1,0,O=c1c2ccccc2oc2c3cccccc-3[n+]3cc(=O)n4occ1c4c23,['mtor_inhibitor'],['mTOR'],1,0.0,0.0,1.0,0.0,0.8178722627452528,0.0,0.1,0.7178722627452528
c1ccc(C2=Nc3ccccc3N=C(c3ccc4ncc[nH+]c4c3)N2)cc1,350.405,3.8087000000000026,63.78,1,4,0.5974082477274417,1.0,1,0,1,0,c1ccc(C2=Nc3ccccc3N=C(c3ccc4ncc[nH+]c4c3)N2)cc1,['hdac2_inhibitor'],['HDAC2'],1,0.0,1.0,0.0,0.0,0.8792224743182324,0.0,0.0,0.8792224743182324
Cc1ccccc1CCNC1=Nc2ccccc2N=C(c2ccc[nH+]c2)N1,356.45300000000003,3.3104200000000006,62.92,2,4,0.7532632979813616,1.0,1,0,1,0,c1ccc(CCNC2=Nc3ccccc3N=C(c3ccc[nH+]c3)N2)cc1,['hdac2_inhibitor'],['HDAC2'],1,0.0,1.0,0.0,0.0,0.9259789893944084,0.0,0.0,0.9259789893944084
O=C(c1ccc(-c2ccccc2)nc1)N1CCN(c2cnc3ccccc3n2)CC1,395.4660000000001,3.654200000000002,62.220000000000006,0,5,0.5298457553121383,1.0,1,0,0,0,O=C(c1ccc(-c2ccccc2)nc1)N1CCN(c2cnc3ccccc3n2)CC1,['hdac2_inhibitor'],['HDAC2'],1,0.0,1.0,0.0,0.0,0.8589537265936416,0.0,0.0,0.8589537265936416
CCCN(Cc1ccccc1)C(C(=O)NCc1ccccc1)c1cnccn1,374.48800000000006,3.7463000000000024,58.120000000000005,1,4,0.6197412998931064,1.0,1,0,0,0,O=C(NCc1ccccc1)C(NCc1ccccc1)c1cnccn1,['hdac2_inhibitor'],['HDAC2'],1,0.0,1.0,0.0,0.0,0.8859223899679318,0.0,0.0,0.8859223899679318
c1ccc(-n2c(NCc3cccnc3)nc3nc4ccccc4nc32)cc1,352.4010000000001,3.975800000000002,68.52000000000001,1,5,0.5298451604220461,1.0,1,0,0,0,c1ccc(-n2c(NCc3cccnc3)nc3nc4ccccc4nc32)cc1,['hdac2_inhibitor'],['HDAC2'],1,0.0,1.0,0.0,0.0,0.8589535481266137,0.0,0.0,0.8589535481266137
c1ccc(C[n+]2cc(Cn3c[nH+]nc3-c3ccccc3)cnc2-c2ccccc2)cc1,405.5050000000001,3.8103000000000025,48.730000000000004,0,2,0.4034843624502472,1.0,1,0,1,0,c1ccc(C[n+]2cc(Cn3c[nH+]nc3-c3ccccc3)cnc2-c2ccccc2)cc1,['hdac2_inhibitor'],['HDAC2'],1,0.0,1.0,0.0,0.0,0.8210453087350742,0.0,0.0,0.8210453087350742
O=C(c1ccccc1)c1cc(-c2ccncc2)nc(Nc2ccccn2)n1,353.38500000000005,3.9082000000000026,80.66000000000001,1,6,0.5480216538797692,1.0,1,0,0,0,O=C(c1ccccc1)c1cc(-c2ccncc2)nc(Nc2ccccn2)n1,['hdac2_inhibitor'],['HDAC2'],1,0.0,1.0,0.0,0.0,0.8644064961639306,0.0,0.0,0.8644064961639306
O=C(NC1CCCCC1)c1ccc(Cc2cnc3ccccn23)cc1,333.43500000000006,3.987600000000003,46.400000000000006,1,2,0.7846092603170113,1.0,1,0,0,0,O=C(NC1CCCCC1)c1ccc(Cc2cnc3ccccn23)cc1,['hdac2_inhibitor'],['HDAC2'],1,0.0,1.0,0.0,0.0,0.9353827780951034,0.0,0.0,0.9353827780951034
O=C(c1ccccc1)c1ccnc2ccccc12.c1cnc(N2CCNCC2)cn1,397.4820000000002,3.352000000000002,71.01,1,6,0.5347794617355358,1.0,1,0,0,0,O=C(c1ccccc1)c1ccnc2ccccc12.c1cnc(N2CCNCC2)cn1,['hdac2_inhibitor'],['HDAC2'],1,0.0,1.0,0.0,0.0,0.8604338385206607,0.0,0.0,0.8604338385206607
O=C(CNc1nc2ccccc2n1Cc1cccc2ncccc12)N1CCCC1,385.47100000000023,3.6671000000000022,63.050000000000004,1,4,0.5693941497113197,1.0,1,0,0,0,O=C(CNc1nc2ccccc2n1Cc1cccc2ncccc12)N1CCCC1,['hdac2_inhibitor'],['HDAC2'],1,0.0,1.0,0.0,0.0,0.8708182449133959,0.0,0.0,0.8708182449133959
O=c1c2nc3ccccn3c2nc(Cc2ccccc2)n1-c1ccccc1,352.397,3.624200000000002,52.190000000000005,0,3,0.49823725164282606,1.0,1,0,0,0,O=c1c2nc3ccccn3c2nc(Cc2ccccc2)n1-c1ccccc1,['hdac2_inhibitor'],['HDAC2'],1,0.0,1.0,0.0,0.0,0.8494711754928477,0.0,0.0,0.8494711754928477
O=C(CCc1cc2ccc(=O)cc-2[nH]c1-c1ccccc1)N1CCOCC1,362.4290000000002,2.9381000000000013,62.400000000000006,1,3,0.7761782970612447,1.0,1,0,0,0,O=C(CCc1cc2ccc(=O)cc-2[nH]c1-c1ccccc1)N1CCOCC1,['hdac2_inhibitor'],['HDAC2'],1,0.0,1.0,0.0,0.0,0.9328534891183733,0.0,0.0,0.9328534891183733
Cc1ccc(-c2cccc(Cc3c(-c4ccccc4)[nH]c(=O)n(C)c3=O)c2)c[nH+]1,384.45900000000006,3.120920000000001,69.0,1,2,0.5873347556765299,1.0,1,0,1,0,O=c1[nH]c(-c2ccccc2)c(Cc2cccc(-c3ccc[nH+]c3)c2)c(=O)[nH]1,['hdac2_inhibitor'],['HDAC2'],1,0.0,1.0,0.0,0.0,0.8762004267029588,0.0,0.0,0.8762004267029588
Cc1ccc(-c2ccccc2)c2cc(C(=O)NC(=O)CCC(N)=O)ccc12,360.4130000000002,3.3371200000000005,89.25999999999999,2,3,0.7311837587046246,1.0,1,0,0,0,c1ccc(-c2cccc3ccccc23)cc1,['hdac2_inhibitor'],['HDAC2'],1,0.0,1.0,0.0,0.0,0.9193551276113874,0.0,0.0,0.9193551276113874
O=c1c2nccn2c2cc(-c3ccncc3)ccc2n1Cc1ccccn1,353.3850000000001,3.1545000000000014,65.08000000000001,0,4,0.49973277568878194,1.0,1,0,0,0,O=c1c2nccn2c2cc(-c3ccncc3)ccc2n1Cc1ccccn1,['hdac2_inhibitor'],['HDAC2'],1,0.0,1.0,0.0,0.0,0.8499198327066346,0.0,0.0,0.8499198327066346
c1cncc(-c2nc(-c3ccc4c(c3)ncn3cnnc43)c3ccccc3n2)c1,375.3950000000001,3.9497000000000018,81.75,0,6,0.45574587338951134,1.0,1,0,0,0,c1cncc(-c2nc(-c3ccc4c(c3)ncn3cnnc43)c3ccccc3n2)c1,['hdac2_inhibitor'],['HDAC2'],1,0.0,1.0,0.0,0.0,0.8367237620168533,0.0,0.0,0.8367237620168533
Oc1ccc(CCc2nnnn2-c2ccccc2)cc1NCCc1ccccc1,385.4710000000002,3.8077000000000023,75.86,2,5,0.45124113838683805,1.0,1,0,0,0,c1ccc(CCNc2cccc(CCc3nnnn3-c3ccccc3)c2)cc1,['hdac2_inhibitor'],['HDAC2'],1,0.0,1.0,0.0,0.0,0.8353723415160514,0.0,0.0,0.8353723415160514
COc1ccc(N(Cc2cccc(C(=O)O)c2)C(N)=NCc2ccccc2)cc1,389.45500000000015,3.914900000000002,88.14999999999999,2,3,0.4723710783397645,1.0,1,0,0,0,C(=NCc1ccccc1)N(Cc1ccccc1)c1ccccc1,['hdac2_inhibitor'],['HDAC2'],1,0.0,1.0,0.0,0.0,0.8417113235019293,0.0,0.0,0.8417113235019293
O=c1c2ccccc2c(-c2ccccc2-n2cnnc2)nn1CCc1ccccc1,393.45000000000016,3.8869000000000016,65.6,0,4,0.4544280096789858,1.0,1,0,0,0,O=c1c2ccccc2c(-c2ccccc2-n2cnnc2)nn1CCc1ccccc1,['hdac2_inhibitor'],['HDAC2'],1,0.0,1.0,0.0,0.0,0.8363284029036957,0.0,0.0,0.8363284029036957
CCN(c1nc(-c2ccc[nH+]c2)c2cc3ccccc3[n+](CC)c2n1)C1CCOC1,401.5140000000003,3.186700000000002,56.27000000000001,0,4,0.38070848050870804,1.0,1,2,1,0,c1c[nH+]cc(-c2nc(NC3CCOC3)nc3[nH+]c4ccccc4cc23)c1,['hdac2_inhibitor'],['HDAC2'],1,0.0,1.0,0.0,0.4,0.7342125441526124,0.0,0.0,0.7342125441526124
c1ccc(Cc2nnc(-c3cccnc3)n2Cc2cccnc2)cc1,327.391,3.374200000000002,56.49,0,4,0.5637689715655858,1.0,1,0,0,0,c1ccc(Cc2nnc(-c3cccnc3)n2Cc2cccnc2)cc1,['hdac2_inhibitor'],['HDAC2'],1,0.0,1.0,0.0,0.0,0.8691306914696757,0.0,0.0,0.8691306914696757
Cn1c2nc[n+](C)c(-c3ccccc3)c2c2[nH+]c3ccccc3n21,315.38000000000005,2.2847999999999997,40.25,0,1,0.4375372163538523,1.0,1,0,1,0,c1ccc(-c2[nH+]cnc3[nH]n4c5ccccc5[nH+]c4c23)cc1,['hdac2_inhibitor'],['HDAC2'],1,0.0,1.0,0.0,0.0,0.8312611649061556,0.0,0.0,0.8312611649061556
c1ccc2cc3c(cc2c1)CCN=c1ccc2c(n1)-c1c(ncnc1NC3)N=2,364.41200000000003,2.7443,75.42,1,6,0.4584219895383845,1.0,1,0,0,0,c1ccc2cc3c(cc2c1)CCN=c1ccc2c(n1)-c1c(ncnc1NC3)N=2,['hdac2_inhibitor'],['HDAC2'],1,0.0,1.0,0.0,0.0,0.8375265968615153,0.0,0.0,0.8375265968615153
Nc1ccc(C(c2ccccc2)c2ccnc(C(=O)O)c2)nc1,305.337,2.9372000000000007,89.1,2,4,0.773270887012789,1.0,1,0,0,0,c1ccc(C(c2ccncc2)c2ccccn2)cc1,['hdac2_inhibitor'],['HDAC2'],1,0.0,1.0,0.0,0.0,0.9319812661038367,0.0,0.0,0.9319812661038367
COc1ccc(CN(Cc2ccccn2)c2ccc(NC(C)=O)cc2)cn1,362.4330000000001,3.650400000000002,67.35,1,5,0.6948152180635138,1.0,1,1,0,0,c1ccc(N(Cc2cccnc2)Cc2ccccn2)cc1,['hdac2_inhibitor'],['HDAC2'],1,0.0,1.0,0.0,0.2,0.8684445654190541,0.0,0.0,0.8684445654190541
c1ccc(Nc2ccccc2-n2c3[n+](c4ccccc42)CCC3)[nH+]c1,328.41900000000015,3.421900000000001,34.980000000000004,1,1,0.5746872510657218,1.0,1,0,1,0,c1ccc(Nc2ccccc2-n2c3[n+](c4ccccc42)CCC3)[nH+]c1,['hdac2_inhibitor'],['HDAC2'],1,0.0,1.0,0.0,0.0,0.8724061753197165,0.0,0.0,0.8724061753197165
Nc1ncc2c(CN3CCCC(c4ccc(F)cc4)C3)cccc2n1,336.41400000000004,3.7307000000000032,55.04,1,4,0.7916750933387138,1.0,1,0,0,0,c1ccc(C2CCCN(Cc3cccc4ncncc34)C2)cc1,['hdac2_inhibitor'],['HDAC2'],1,0.0,1.0,0.0,0.0,0.937502528001614,0.0,0.0,0.937502528001614
Cn1c2nc[nH]c3cc(-c4ccccc4)cc(c3=2)c2c1nc1n2C=CC=C[NH+]=1,365.4200000000001,1.62218,65.4,2,2,0.4741460552982015,1.0,1,0,1,0,C1=C[NH+]=c2nc3[nH]c4nc[nH]c5cc(-c6ccccc6)cc(c5=4)c3n2C=C1,['hdac2_inhibitor'],['HDAC2'],1,0.0,1.0,0.0,0.0,0.8422438165894603,0.0,0.0,0.8422438165894603
O=C1C=[n+]2c(ccc3cc(O)ccc32)=[N+]1c1ccccc1NCc1ccccc1,381.4350000000001,2.817890000000001,58.24,2,3,0.5346923551517815,1.0,1,0,1,0,O=C1C=[n+]2c(ccc3ccccc32)=[N+]1c1ccccc1NCc1ccccc1,['hdac2_inhibitor'],['HDAC2'],1,0.0,1.0,0.0,0.0,0.8604077065455344,0.0,0.0,0.8604077065455344
O=C(c1ccc(-c2cccc3cn[nH]c23)cc1)[NH+]1CCNc2ccccc2C1,369.44800000000015,2.8807,62.22,3,3,0.5091574319194482,1.0,1,0,1,0,O=C(c1ccc(-c2cccc3cn[nH]c23)cc1)[NH+]1CCNc2ccccc2C1,['hdac2_inhibitor'],['HDAC2'],1,0.0,1.0,0.0,0.0,0.8527472295758345,0.0,0.0,0.8527472295758345
O=C1c2ccccc2C(NCc2ccc(O)cc2)=[N+]1Cc1ccc(Cl)cc1,377.8510000000001,3.948500000000003,52.339999999999996,2,3,0.6767976275211598,1.0,1,0,1,0,O=C1c2ccccc2C(NCc2ccccc2)=[N+]1Cc1ccccc1,['hdac2_inhibitor'],['HDAC2'],1,0.0,1.0,0.0,0.0,0.9030392882563478,0.0,0.0,0.9030392882563478
Cc1ccc(N(c2ccccc2)c2cnc3n(C)c(=O)nc-3[nH]2)cc1,331.3790000000001,3.386420000000001,66.81,1,4,0.6247701897502785,1.0,1,0,0,0,O=c1nc2[nH]c(N(c3ccccc3)c3ccccc3)cnc-2[nH]1,['hdac2_inhibitor'],['HDAC2'],1,0.0,1.0,0.0,0.0,0.8874310569250836,0.0,0.0,0.8874310569250836
O=c1nc(-c2ccccc2)c2cn1CCNCc1cnn(c1)Cc1ccccc1CN2,412.49700000000007,2.870400000000001,76.77000000000001,2,5,0.5028044535618166,1.0,1,0,0,0,O=c1nc(-c2ccccc2)c2cn1CCNCc1cnn(c1)Cc1ccccc1CN2,['hdac2_inhibitor'],['HDAC2'],1,0.0,1.0,0.0,0.0,0.850841336068545,0.0,0.0,0.850841336068545
Nc1nc(-c2cc[nH]c2-c2ccccc2)c2cc3ccccc3[nH+]c2[nH+]1,339.40200000000004,3.2605000000000013,82.98,2,2,0.4839262242160481,1.0,1,0,1,0,c1ccc(-c2[nH]ccc2-c2nc[nH+]c3[nH+]c4ccccc4cc23)cc1,['hdac2_inhibitor'],['HDAC2'],1,0.0,1.0,0.0,0.0,0.8451778672648145,0.0,0.0,0.8451778672648145
Cc1ccc(NC(=O)c2nc(C3CCN(C)CC3)oc2-c2cccnc2)cn1,377.44800000000004,3.501520000000002,84.15,1,6,0.7490699141848156,1.0,1,0,0,0,O=C(Nc1cccnc1)c1nc(C2CCNCC2)oc1-c1cccnc1,['hdac2_inhibitor'],['HDAC2'],1,0.0,1.0,0.0,0.0,0.9247209742554445,0.0,0.0,0.9247209742554445
O=C1C(NC2CCCNCC2)=[n+]2ccc(-c3cccnc3)cc2=[N+]1c1ccccc1,399.4980000000001,1.46839,62.93,2,4,0.6525250543875873,0.75,1,0,1,0,O=C1C(NC2CCCNCC2)=[n+]2ccc(-c3cccnc3)cc2=[N+]1c1ccccc1,['hdac2_inhibitor'],['HDAC2'],1,0.0,1.0,0.0,0.0,0.8207575163162761,0.0,0.0,0.8207575163162761
Nc1nc(Nc2ccccc2F)c2cc(Cc3ccccc3)nc-2[nH]1,333.36999999999995,3.965200000000002,79.62,3,4,0.5279029749601967,1.0,1,0,0,0,c1ccc(Cc2cc3c(Nc4ccccc4)nc[nH]c-3n2)cc1,['hdac2_inhibitor'],['HDAC2'],1,0.0,1.0,0.0,0.0,0.8583708924880589,0.0,0.0,0.8583708924880589
c1ccc(-c2ncc(Cc3cncc[nH+]3)c3nn4c5ccccc5[nH]c4c23)cc1,377.4310000000001,3.830700000000001,73.00999999999999,1,3,0.5093541996937838,1.0,1,0,1,0,c1ccc(-c2ncc(Cc3cncc[nH+]3)c3nn4c5ccccc5[nH]c4c23)cc1,['hdac2_inhibitor'],['HDAC2'],1,0.0,1.0,0.0,0.0,0.8528062599081352,0.0,0.0,0.8528062599081352
CC(C)CCN(Cc1nc2cccc[n+]2c2nc(N)ncc12)C1CCCCC1,379.5320000000003,3.526500000000002,72.03,1,5,0.5239359301174841,1.0,1,0,1,0,c1cc[n+]2c(c1)nc(CNC1CCCCC1)c1cncnc12,['hdac2_inhibitor'],['HDAC2'],1,0.0,1.0,0.0,0.0,0.8571807790352453,0.0,0.0,0.8571807790352453
CCc1[nH]c2c(=O)nc(N)c3ccc4c(-c5ccccc5)nc1n4c32,329.36300000000006,2.9734000000000016,89.07,2,4,0.5209107185073643,1.0,1,0,0,0,O=c1ncc2ccc3c(-c4ccccc4)nc4c[nH]c1c2n43,['hdac2_inhibitor'],['HDAC2'],1,0.0,1.0,0.0,0.0,0.8562732155522093,0.0,0.0,0.8562732155522093
C1=Cn2[nH+]nnc2C2=Nc3ccccc3NC2=N1.c1ccc2ccccc2c1,366.40800000000013,3.318600000000001,81.6,1,5,0.5182500558788894,1.0,1,0,1,0,C1=Cn2[nH+]nnc2C2=Nc3ccccc3NC2=N1.c1ccc2ccccc2c1,['hdac2_inhibitor'],['HDAC2'],1,0.0,1.0,0.0,0.0,0.8554750167636669,0.0,0.0,0.8554750167636669
O=C1N=CC=C2C1=CC(c1[nH+]cccc1-c1ccccc1)=[N+]2c1ccccc1,363.4200000000001,3.7359000000000027,46.58,0,1,0.6541284124729723,1.0,1,0,1,0,O=C1N=CC=C2C1=CC(c1[nH+]cccc1-c1ccccc1)=[N+]2c1ccccc1,['hdac2_inhibitor'],['HDAC2'],1,0.0,1.0,0.0,0.0,0.8962385237418917,0.0,0.0,0.8962385237418917
CCCCn1c(=O)c(Cc2ccc(C)nc2)nn(Cc2ccccc2)c1=O,364.4490000000001,2.54762,69.78,0,4,0.6459776162464361,1.0,1,0,0,0,O=c1[nH]c(=O)n(Cc2ccccc2)nc1Cc1cccnc1,['hdac2_inhibitor'],['HDAC2'],1,0.0,1.0,0.0,0.0,0.8937932848739307,0.0,0.0,0.8937932848739307
O=C(O)CCCc1ccc(NC(=O)N2CCN(c3ccccc3)CC2)cc1,367.44900000000007,3.448000000000002,72.88,2,3,0.8202076408120303,1.0,1,0,0,0,O=C(Nc1ccccc1)N1CCN(c2ccccc2)CC1,['hdac2_inhibitor'],['HDAC2'],1,0.0,1.0,0.0,0.0,0.946062292243609,0.0,0.0,0.946062292243609
O=c1nc[nH]c2c1C=CC(Cc1ccccc1)CCc1ccccc1NC=[NH+]2,371.464,2.4406999999999996,71.75,3,3,0.6479350039469375,1.0,1,0,1,0,O=c1nc[nH]c2c1C=CC(Cc1ccccc1)CCc1ccccc1NC=[NH+]2,['hdac2_inhibitor'],['HDAC2'],1,0.0,1.0,0.0,0.0,0.8943805011840813,0.0,0.0,0.8943805011840813
Cn1cc(CN(c2ccccc2)c2ccccc2)c(NCCN2CCCC2=O)n1,389.50300000000027,3.7927000000000017,53.4,1,4,0.6368251332499439,1.0,1,0,0,0,O=C1CCCN1CCNc1n[nH]cc1CN(c1ccccc1)c1ccccc1,['hdac2_inhibitor'],['HDAC2'],1,0.0,1.0,0.0,0.0,0.8910475399749831,0.0,0.0,0.8910475399749831
C[N+]1=c2c(c(Cc3cccc4ccccc34)c3ccccc3[n+]2C)=CC1=O,352.4370000000001,1.8498999999999997,23.96,0,1,0.505349768340032,1.0,1,1,1,0,O=C1C=c2c(Cc3cccc4ccccc34)c3ccccc3[nH+]c2=[NH+]1,['hdac2_inhibitor'],['HDAC2'],1,0.0,1.0,0.0,0.2,0.8116049305020095,0.0,0.0,0.8116049305020095
CC(NCc1[nH]c2ccccc2c1CC1=C[NH+]=C2C(=O)N=CN=C12)c1ccccc1,396.4740000000001,1.9897999999999996,83.58,3,3,0.5954518280273413,1.0,1,1,1,0,O=C1N=CN=C2C(Cc3c(CNCc4ccccc4)[nH]c4ccccc34)=C[NH+]=C12,['hdac2_inhibitor'],['HDAC2'],1,0.0,1.0,0.0,0.2,0.8386355484082024,0.0,0.0,0.8386355484082024
CCCCN(CCc1cccc(C)c1)c1cnc(N)c2nccnc12,335.4550000000001,3.7646200000000016,67.93,1,5,0.7117443608298384,1.0,1,0,0,0,c1ccc(CCNc2cncc3nccnc23)cc1,['hdac2_inhibitor'],['HDAC2'],1,0.0,1.0,0.0,0.0,0.9135233082489516,0.0,0.0,0.9135233082489516
Oc1cc2c3c(n(-c4ccccn4)c2cc1O)=NN1C=Nc2ccccc2C=C1C=3,393.4060000000001,2.781900000000001,86.24,2,6,0.48712351686777466,1.0,1,1,0,0,C1=Nc2ccccc2C=C2C=c3c(n(-c4ccccn4)c4ccccc34)=NN12,['hdac2_inhibitor'],['HDAC2'],1,0.0,1.0,0.0,0.2,0.8061370550603325,0.0,0.0,0.8061370550603325
O=C1NC(=O)[N+](c2ccccc2)=C1N(CCc1ccccc1)Cc1ccccc1,384.45900000000006,3.7238000000000033,52.42,1,3,0.6592100246091419,1.0,1,0,1,0,O=C1NC(=O)[N+](c2ccccc2)=C1N(CCc1ccccc1)Cc1ccccc1,['hdac2_inhibitor'],['HDAC2'],1,0.0,1.0,0.0,0.0,0.8977630073827425,0.0,0.0,0.8977630073827425
c1ccc(C2Oc3c(cnc4ccccc34)OC23CCNCC3)cc1,332.4030000000001,3.869500000000002,43.38,1,4,0.7345477458256425,1.0,1,0,0,0,c1ccc(C2Oc3c(cnc4ccccc34)OC23CCNCC3)cc1,['hdac2_inhibitor'],['HDAC2'],1,0.0,1.0,0.0,0.0,0.9203643237476926,0.0,0.0,0.9203643237476926
C(=NNCc1ccccc1)c1cncnc1Nc1ccccc1,303.369,3.3439000000000014,62.2,2,5,0.5413563881268088,1.0,1,0,0,0,C(=NNCc1ccccc1)c1cncnc1Nc1ccccc1,['hdac2_inhibitor'],['HDAC2'],1,0.0,1.0,0.0,0.0,0.8624069164380426,0.0,0.0,0.8624069164380426
Cc1ccc(-c2nc(=O)n(C)c(=O)c3cc4ccccc4cc23)cc1,328.37100000000004,3.422320000000002,51.96,0,3,0.5378395430423824,1.0,1,0,0,0,O=c1nc(-c2ccccc2)c2cc3ccccc3cc2c(=O)[nH]1,['hdac2_inhibitor'],['HDAC2'],1,0.0,1.0,0.0,0.0,0.8613518629127146,0.0,0.0,0.8613518629127146
Cc1cc2nc(n1)NCCc1ccc(C)c(c1)OCCC[N+]2=Cc1cccnc1,388.4950000000001,3.688640000000002,62.940000000000005,1,5,0.6444021457586577,1.0,1,0,1,0,C(c1cccnc1)=[N+]1CCCOc2cccc(c2)CCNc2nccc1n2,['hdac2_inhibitor'],['HDAC2'],1,0.0,1.0,0.0,0.0,0.8933206437275973,0.0,0.0,0.8933206437275973
COc1ccc(-c2ncnc3nc4nc5c(nc6ccccc6n5C)n4c23)cc1,381.39900000000006,3.3880000000000017,83.02000000000001,0,6,0.45719744081377395,1.0,1,0,0,0,c1ccc(-c2ncnc3nc4nc5[nH]c6ccccc6nc5n4c23)cc1,['hdac2_inhibitor'],['HDAC2'],1,0.0,1.0,0.0,0.0,0.8371592322441321,0.0,0.0,0.8371592322441321
C1=NN=C2C(c3ccccc3)=c3ccc4ncccc4c3=C12.Cc1ccncc1C,388.47400000000016,3.7369400000000024,50.5,0,4,0.4988113963871372,1.0,1,0,0,0,C1=NN=C2C(c3ccccc3)=c3ccc4ncccc4c3=C12.c1ccncc1,['hdac2_inhibitor'],['HDAC2'],1,0.0,1.0,0.0,0.0,0.849643418916141,0.0,0.0,0.849643418916141
CCN(CC1=CN=c2cc3c(nc21)=C(c1ccccc1)C=N3)c1ccnc(F)c1,383.43000000000006,3.031200000000002,53.74,0,5,0.6366557886906273,1.0,1,0,0,0,C1=Nc2cc3c(nc2=C1c1ccccc1)C(CNc1ccncc1)=CN=3,['hdac2_inhibitor'],['HDAC2'],1,0.0,1.0,0.0,0.0,0.8909967366071883,0.0,0.0,0.8909967366071883
O=C(CN1C(=O)CCC(=O)N(Cc2ccccc2)C1=O)NCc1ccccc1,379.4160000000001,2.073999999999999,86.79,1,4,0.8324762118064821,1.0,1,0,0,0,O=C(CN1C(=O)CCC(=O)N(Cc2ccccc2)C1=O)NCc1ccccc1,['hdac2_inhibitor'],['HDAC2'],1,0.0,1.0,0.0,0.0,0.9497428635419445,0.0,0.0,0.9497428635419445
CC(NC(=O)c1cc[nH]c1-n1[nH+]ccc1-c1ccccc1)c1ccccc1,357.43700000000007,3.7775000000000025,63.96,2,1,0.5608988391273682,1.0,1,0,1,0,O=C(NCc1ccccc1)c1cc[nH]c1-n1[nH+]ccc1-c1ccccc1,['hdac2_inhibitor'],['HDAC2'],1,0.0,1.0,0.0,0.0,0.8682696517382105,0.0,0.0,0.8682696517382105
Cc1nc2c(nc(=NC3CCNCC3)nc3ccccc32)c2c1-c1ccccc1C2=O,407.47700000000015,3.3505200000000013,80.13,1,6,0.4609498430456141,1.0,1,0,0,0,O=C1c2ccccc2-c2cnc3c(nc(=NC4CCNCC4)nc4ccccc43)c21,['hdac2_inhibitor'],['HDAC2'],1,0.0,1.0,0.0,0.0,0.8382849529136842,0.0,0.0,0.8382849529136842
OC(=NCc1ccc(O)cc1)c1nn(-c2ccccc2)c2ncccc12,344.3740000000001,3.6309000000000022,83.53000000000002,2,4,0.43730467516136184,1.0,1,0,0,0,C(=NCc1ccccc1)c1nn(-c2ccccc2)c2ncccc12,['hdac2_inhibitor'],['HDAC2'],1,0.0,1.0,0.0,0.0,0.8311914025484086,0.0,0.0,0.8311914025484086
C1=NC2=NC=C(CN3CCCC(C3)NCc3ccccc3-c3ccc(cc3)N2)N1,386.50300000000004,3.162000000000001,64.05,3,6,0.650826445894399,1.0,1,0,0,0,C1=NC2=NC=C(CN3CCCC(C3)NCc3ccccc3-c3ccc(cc3)N2)N1,['hdac2_inhibitor'],['HDAC2'],1,0.0,1.0,0.0,0.0,0.8952479337683197,0.0,0.0,0.8952479337683197
CCNc1nc(NCCCOc2ccccc2)nc(Nc2ccccc2)n1,364.4530000000001,3.9280000000000026,83.99000000000001,3,7,0.47011967391385,1.0,1,0,0,0,c1ccc(Nc2ncnc(NCCCOc3ccccc3)n2)cc1,['hdac2_inhibitor'],['HDAC2'],1,0.0,1.0,0.0,0.0,0.8410359021741549,0.0,0.0,0.8410359021741549
O=c1[nH]c(=O)[n+]2c3ccccc3n(-c3ccc(O)cc3)c2n1Cc1ccccc1,385.40300000000013,1.9731,84.12,2,3,0.465940829732497,1.0,1,0,1,0,O=c1[nH]c(=O)[n+]2c3ccccc3n(-c3ccccc3)c2n1Cc1ccccc1,['hdac2_inhibitor'],['HDAC2'],1,0.0,1.0,0.0,0.0,0.8397822489197491,0.0,0.0,0.8397822489197491
NC(=O)c1ccc2c(c1)NC(c1ccccc1)=c1ccccc1=N2,313.36,2.3188000000000004,67.48,2,3,0.7622240223550482,1.0,1,0,0,0,c1ccc(C2=c3ccccc3=Nc3ccccc3N2)cc1,['hdac2_inhibitor'],['HDAC2'],1,0.0,1.0,0.0,0.0,0.9286672067065145,0.0,0.0,0.9286672067065145
Cc1ccc2c(C(=O)c3c(O)nc4ccccc4c3C)cc(N)nc2c1,343.38600000000014,3.9186400000000026,89.1,2,5,0.5385483008967966,1.0,1,0,0,0,O=C(c1cnc2ccccc2c1)c1ccnc2ccccc12,['hdac2_inhibitor'],['HDAC2'],1,0.0,1.0,0.0,0.0,0.8615644902690389,0.0,0.0,0.8615644902690389
O=C1N=CN=C2N=c3nc(-c4ccccc4)cc(Nc4ccccc4)c3=C12,351.36900000000014,2.2431,79.07,1,5,0.7859184775680547,1.0,1,0,0,0,O=C1N=CN=C2N=c3nc(-c4ccccc4)cc(Nc4ccccc4)c3=C12,['hdac2_inhibitor'],['HDAC2'],1,0.0,1.0,0.0,0.0,0.9357755432704162,0.0,0.0,0.9357755432704162
CCC[n+]1c(-c2ccccc2)n(Cc2ccc[nH+]c2)c2c(=O)n(C)cnc21,361.4490000000001,1.9619,57.839999999999996,0,2,0.5103949670964815,1.0,1,0,1,0,O=c1[nH]cnc2[nH+]c(-c3ccccc3)n(Cc3ccc[nH+]c3)c12,['hdac2_inhibitor'],['HDAC2'],1,0.0,1.0,0.0,0.0,0.8531184901289444,0.0,0.0,0.8531184901289444
OC(O)c1cc(N2CCCCCC2)nc(NCCc2ccccc2)n1,342.443,2.4948000000000006,81.51,3,6,0.6999437467660645,1.0,1,0,0,0,c1ccc(CCNc2nccc(N3CCCCCC3)n2)cc1,['hdac2_inhibitor'],['HDAC2'],1,0.0,1.0,0.0,0.0,0.9099831240298193,0.0,0.0,0.9099831240298193
COc1ncc2c3c(c4ccccc4nc13)C(NC(N)c1ccccc1)CCN2,385.4710000000002,3.8954000000000013,85.09,3,6,0.36497257647435594,1.0,1,0,0,0,c1ccc(CNC2CCNc3cncc4nc5ccccc5c2c34)cc1,['hdac2_inhibitor'],['HDAC2'],1,0.0,1.0,0.0,0.0,0.8094917729423068,0.0,0.0,0.8094917729423068
CN1CC(CN2CCNCC2)CC(c2c(-c3ccccc3)ccc3ncccc23)C1,400.5700000000001,3.8423000000000025,31.4,1,4,0.7210036472155843,1.0,1,0,0,0,c1ccc(-c2ccc3ncccc3c2C2CNCC(CN3CCNCC3)C2)cc1,['hdac2_inhibitor'],['HDAC2'],1,0.0,1.0,0.0,0.0,0.9163010941646752,0.0,0.0,0.9163010941646752
Cc1ncc(-c2cc(=O)n(C)cn2)c2nc(Nc3ccccc3)ccc12,343.39000000000004,3.442520000000002,72.7,1,5,0.61676058615574,1.0,1,0,0,0,O=c1cc(-c2cncc3ccc(Nc4ccccc4)nc23)nc[nH]1,['hdac2_inhibitor'],['HDAC2'],1,0.0,1.0,0.0,0.0,0.885028175846722,0.0,0.0,0.885028175846722
Cc1c[nH+]n(Cc2ccccc2)c1-c1cc(-c2ccc(C(=O)O)cc2)n[nH]1,359.40900000000005,3.414220000000001,85.05000000000001,2,2,0.5725068684046088,1.0,1,0,1,0,c1ccc(Cn2[nH+]ccc2-c2cc(-c3ccccc3)n[nH]2)cc1,['hdac2_inhibitor'],['HDAC2'],1,0.0,1.0,0.0,0.0,0.8717520605213827,0.0,0.0,0.8717520605213827
Fc1cccc(NC2=C3N=NN=C3N=C2c2ccccc2)c1,291.289,3.7314000000000016,61.47,1,5,0.9197723113634807,1.0,1,0,0,0,c1ccc(NC2=C3N=NN=C3N=C2c2ccccc2)cc1,['hdac2_inhibitor'],['HDAC2'],1,0.0,1.0,0.0,0.0,0.9759316934090441,0.0,0.0,0.9759316934090441
CN(Cc1cc(Cc2ccccc2)[nH]c(=O)c1)C(=O)CCC(=O)N1CCCC1,381.4760000000003,2.3267000000000007,73.48,1,3,0.7999534238473144,1.0,1,0,0,0,O=C(CCC(=O)N1CCCC1)NCc1cc(Cc2ccccc2)[nH]c(=O)c1,['hdac2_inhibitor'],['HDAC2'],1,0.0,1.0,0.0,0.0,0.9399860271541942,0.0,0.0,0.9399860271541942
O=C(c1ccccc1)C1Oc2nnc(-c3ccccc3)n2-c2ccc(O)cc21,369.38000000000005,3.9563000000000015,77.24,1,5,0.5533279249548549,1.0,1,0,0,0,O=C(c1ccccc1)C1Oc2nnc(-c3ccccc3)n2-c2ccccc21,['hdac2_inhibitor'],['HDAC2'],1,0.0,1.0,0.0,0.0,0.8659983774864564,0.0,0.0,0.8659983774864564
CC1=C2C=CN(Cc3[nH+]cc(C#N)nc3-c3ccc[nH+]c3)C=C2N(C)N1,345.41,1.14318,83.47,1,5,0.9019406387780323,0.75,1,0,1,0,C1=CN(Cc2[nH+]ccnc2-c2ccc[nH+]c2)C=C2NNC=C12,['hdac2_inhibitor'],['HDAC2'],1,0.0,1.0,0.0,0.0,0.8955821916334097,0.0,0.0,0.8955821916334097
O=C1NCC(c2ccccc2)=NN=Cc2cccc3c2=Nc2c(cccc21)NC=3,379.4230000000001,2.3679999999999994,78.21000000000001,2,5,0.6809136883973872,1.0,1,0,0,0,O=C1NCC(c2ccccc2)=NN=Cc2cccc3c2=Nc2c(cccc21)NC=3,['hdac2_inhibitor'],['HDAC2'],1,0.0,1.0,0.0,0.0,0.9042741065192161,0.0,0.0,0.9042741065192161
OC(O)c1ccc(N2Cc3nc4ccccc4c(-n4cccc4)c3C2)cc1,357.41300000000007,3.528900000000002,61.52,2,4,0.5508295604373628,1.0,1,1,0,0,c1ccc(N2Cc3nc4ccccc4c(-n4cccc4)c3C2)cc1,['hdac2_inhibitor'],['HDAC2'],1,0.0,1.0,0.0,0.2,0.8252488681312088,0.0,0.0,0.8252488681312088
c1ccc(CC(c2nc[nH]n2)c2cccn3c(-c4ccc[nH+]c4)ccc23)cc1,366.44800000000004,3.913100000000002,60.120000000000005,1,2,0.5125449323722109,1.0,1,0,1,0,c1ccc(CC(c2nc[nH]n2)c2cccn3c(-c4ccc[nH+]c4)ccc23)cc1,['hdac2_inhibitor'],['HDAC2'],1,0.0,1.0,0.0,0.0,0.8537634797116633,0.0,0.0,0.8537634797116633
CCNc1c(C(=O)O)ccc2c1C=Cc1ncnc3c1c-2cn3C,320.35200000000003,3.249100000000001,80.03999999999999,2,4,0.6055163765189211,1.0,1,0,0,0,C1=Cc2ncnc3[nH]cc(c23)-c2ccccc21,['hdac2_inhibitor'],['HDAC2'],1,0.0,1.0,0.0,0.0,0.8816549129556763,0.0,0.0,0.8816549129556763
CCCN1C2=CC=C(Oc3ccc(F)cc3)C=CC2=c2ccccc2=C1N,360.43200000000013,3.143,38.49,1,3,0.9103913762835045,1.0,1,0,0,0,C1=CC2=c3ccccc3=CNC2=CC=C1Oc1ccccc1,['hdac2_inhibitor'],['HDAC2'],1,0.0,1.0,0.0,0.0,0.9731174128850513,0.0,0.0,0.9731174128850513
O=S(=O)(NCCC1=CC=CC2=CNC=CC2=N1)c1ccc2c(c1)[nH]c1ccccc12,416.5060000000002,3.8850000000000025,86.35,3,4,0.5898668681499567,1.0,1,0,0,0,O=S(=O)(NCCC1=CC=CC2=CNC=CC2=N1)c1ccc2c(c1)[nH]c1ccccc12,['hdac2_inhibitor'],['HDAC2'],1,0.0,1.0,0.0,0.0,0.876960060444987,0.0,0.0,0.876960060444987
O=c1ccc(Cc2nsc(Nc3ccccc3)n2)nc(N2CCCC2)n1,366.4500000000003,2.6229000000000005,83.9,1,8,0.7428914897283191,1.0,1,0,0,0,O=c1ccc(Cc2nsc(Nc3ccccc3)n2)nc(N2CCCC2)n1,['hdac2_inhibitor'],['HDAC2'],1,0.0,1.0,0.0,0.0,0.9228674469184956,0.0,0.0,0.9228674469184956
CC1=CC=NC2=C(SCC(=O)Nc3ccccc3)Nc3ccc[nH+]c3C2=C1,375.4770000000001,3.8813000000000013,67.63,2,4,0.8520972944240977,1.0,1,0,1,0,O=C(CSC1=C2N=CC=CC=C2c2[nH+]cccc2N1)Nc1ccccc1,['hdac2_inhibitor'],['HDAC2'],1,0.0,1.0,0.0,0.0,0.9556291883272292,0.0,0.0,0.9556291883272292
OC1=C2NC=CC=C2C=CC(c2ccc[nH+]c2-c2ccccc2)=C1,313.38,3.9338000000000024,46.4,2,2,0.8820965789563981,1.0,1,0,1,0,C1=CNC2=CC=C(c3ccc[nH+]c3-c3ccccc3)C=CC2=C1,['hdac2_inhibitor'],['HDAC2'],1,0.0,1.0,0.0,0.0,0.9646289736869194,0.0,0.0,0.9646289736869194
NCc1nc2cccnc2c(N(CCc2ccccc2)c2ccccc2)nc1=O,383.45500000000004,3.2245000000000017,85.0,1,6,0.5502291533992671,1.0,1,0,0,0,O=c1cnc2cccnc2c(N(CCc2ccccc2)c2ccccc2)n1,['hdac2_inhibitor'],['HDAC2'],1,0.0,1.0,0.0,0.0,0.8650687460197801,0.0,0.0,0.8650687460197801
CCc1cccc2c(C=[N+]=C(C(=O)OC)c3ncc[nH]3)c3ccccc3nc12,371.42,2.8219000000000003,81.97000000000001,1,4,0.2588152428531539,1.0,1,0,1,0,C(=[N+]=Cc1c2ccccc2nc2ccccc12)c1ncc[nH]1,['hdac2_inhibitor'],['HDAC2'],1,0.0,1.0,0.0,0.0,0.7776445728559462,0.0,0.0,0.7776445728559462
O=c1nc2[nH+]c3ccccc3ccc-2c2c1cnc[n+]2-c1ccccc1,338.37,2.3388,60.870000000000005,0,3,0.440845594476772,1.0,1,0,1,0,O=c1nc2[nH+]c3ccccc3ccc-2c2c1cnc[n+]2-c1ccccc1,['hdac2_inhibitor'],['HDAC2'],1,0.0,1.0,0.0,0.0,0.8322536783430317,0.0,0.0,0.8322536783430317
O=c1nc[nH]c2c(CCC3CCOCCO3)cc(-c3ccccc3)nc12,351.406,2.723200000000001,77.10000000000001,1,5,0.7819718195642503,1.0,1,0,0,0,O=c1nc[nH]c2c(CCC3CCOCCO3)cc(-c3ccccc3)nc12,['hdac2_inhibitor'],['HDAC2'],1,0.0,1.0,0.0,0.0,0.9345915458692751,0.0,0.0,0.9345915458692751
Cc1ccc(-c2cc(C(=O)NC3CCNCC3)c3ccccc3n2)cc1,345.446,3.692020000000002,54.02,2,3,0.7610752602698725,1.0,1,0,0,0,O=C(NC1CCNCC1)c1cc(-c2ccccc2)nc2ccccc12,['hdac2_inhibitor'],['HDAC2'],1,0.0,1.0,0.0,0.0,0.9283225780809616,0.0,0.0,0.9283225780809616
O=C(CN1CC1)NCc1cc(N(c2ccccc2)c2nc3ccccc3[nH]2)cc[nH+]1,399.47800000000007,2.7786,78.17,2,4,0.46862507288733235,1.0,1,0,1,1,O=C(CN1CC1)NCc1cc(N(c2ccccc2)c2nc3ccccc3[nH]2)cc[nH+]1,['hdac2_inhibitor'],['HDAC2'],1,0.0,1.0,0.0,0.0,0.8405875218661996,0.0,0.0,0.8405875218661996
Cc1c(C(=O)O)[nH+]n(C)c1C1CN(C2=CC=Cc3ccccc3N2)CCO1,367.4290000000001,2.19942,80.87,2,4,0.86929123878224,1.0,1,0,1,0,C1=Cc2ccccc2NC(N2CCOC(c3cc[nH+][nH]3)C2)=C1,['hdac2_inhibitor'],['HDAC2'],1,0.0,1.0,0.0,0.0,0.960787371634672,0.0,0.0,0.960787371634672
Cc1c(C)c(=O)[nH+]c2[nH]c(C(=O)NCc3ccccc3)c3ccccc3c1-2,358.4210000000001,2.9938400000000014,76.1,2,2,0.552509873294698,1.0,1,0,1,0,O=C(NCc1ccccc1)c1[nH]c2[nH+]c(=O)ccc-2c2ccccc12,['hdac2_inhibitor'],['HDAC2'],1,0.0,1.0,0.0,0.0,0.8657529619884095,0.0,0.0,0.8657529619884095
Nc1c2ccnc1CN1CC(CNc3cccnc3CNC2)c2ccccc21,372.47600000000017,2.8779000000000012,79.1,3,6,0.5631511826514667,1.0,1,0,0,0,c1cnc2c(c1)NCC1CN(Cc3cc(ccn3)CNC2)c2ccccc21,['hdac2_inhibitor'],['HDAC2'],1,0.0,1.0,0.0,0.0,0.86894535479544,0.0,0.0,0.86894535479544
Cc1ccc(-c2ccccc2)nc2c(NCc3ccncc3)nc(=N)nc1-2,354.41700000000003,3.438390000000001,87.44000000000001,2,6,0.5860864634339364,1.0,1,0,0,0,N=c1nc2cccc(-c3ccccc3)nc-2c(NCc2ccncc2)n1,['hdac2_inhibitor'],['HDAC2'],1,0.0,1.0,0.0,0.0,0.8758259390301808,0.0,0.0,0.8758259390301808
Cc1ccc2nc1NCCOc1ccccc1-c1cc([nH]n1)C(c1ccc[nH+]c1)NC2,413.5050000000001,3.2777200000000004,89.0,3,5,0.44568110299132,1.0,1,0,1,0,c1c[nH+]cc(C2NCc3cccc(n3)NCCOc3ccccc3-c3cc2[nH]n3)c1,['hdac2_inhibitor'],['HDAC2'],1,0.0,1.0,0.0,0.0,0.8337043308973959,0.0,0.0,0.8337043308973959
Clc1ccc(N2CCNC(c3cccnc3-c3ccccc3)C2)nc1,350.85300000000007,3.9479000000000024,41.05,1,4,0.7762264886425123,1.0,1,0,0,0,c1ccc(-c2ncccc2C2CN(c3ccccn3)CCN2)cc1,['hdac2_inhibitor'],['HDAC2'],1,0.0,1.0,0.0,0.0,0.9328679465927536,0.0,0.0,0.9328679465927536
CC1=NC=NC2=C(N3CCCCC3c3cccc(C)c3)N=CNC2=C1N,348.454,2.9957200000000004,78.37,2,6,0.8622547866518679,1.0,1,0,0,0,C1=NC=NC2=C(N3CCCCC3c3ccccc3)N=CNC2=C1,['hdac2_inhibitor'],['HDAC2'],1,0.0,1.0,0.0,0.0,0.9586764359955604,0.0,0.0,0.9586764359955604
