campaign,target,direction,tier,smiles_raw,canonical_smiles,rank_in_file,score,score_name
limk2_activator_alphaC,LIMK2,activator,B,COc1cc(C)ccc1C(C)NCC1=CC=[N+]2C1=Nc1c[n+](Cc3cncc[nH+]3)ccc12,COc1cc(C)ccc1C(C)NCC1=CC=[N+]2C1=Nc1c[n+](Cc3cncc[nH+]3)ccc12,0,0.8017,z_LIMK2
limk2_activator_alphaC,LIMK2,activator,B,CS(=O)(=O)c1ccccc1-c1cccc(Oc2ccc(C(N)=O)cc2)c1,CS(=O)(=O)c1ccccc1-c1cccc(Oc2ccc(C(N)=O)cc2)c1,1,0.779,z_LIMK2
limk2_activator_alphaC,LIMK2,activator,B,CCc1nc2ccc[nH+]c2cc1OCc1ccc2[nH]cc(C(=O)O)c2c1,CCc1nc2ccc[nH+]c2cc1OCc1ccc2[nH]cc(C(=O)O)c2c1,2,0.1366,z_LIMK2
limk2_activator_alphaC,LIMK2,activator,B,COc1cc(OC)c(OC)c(C(=O)N2CCN(C(=O)c3ccncc3)CC2)c1,COc1cc(OC)c(OC)c(C(=O)N2CCN(C(=O)c3ccncc3)CC2)c1,3,0.01,z_LIMK2
limk2_atp_inhibitor,LIMK2,inhibitor,C,C[C@H]1CCc2ncnc(N3C[C@@H](N(C)[C@@H]4CCCCNC4)CC3=O)c21,C[C@H]1CCc2ncnc(N3C[C@@H](N(C)[C@@H]4CCCCNC4)CC3=O)c21,0,-0.0,limk2_inh_order
limk2_atp_inhibitor,LIMK2,inhibitor,C,Cc1cc2c(c(N3CCOCC3)c1)Nc1ccccc1C(CC(=O)O)=C2,Cc1cc2c(c(N3CCOCC3)c1)Nc1ccccc1C(CC(=O)O)=C2,1,-1.0,limk2_inh_order
limk2_atp_inhibitor,LIMK2,inhibitor,C,O=C(O)C[C@H]1C[C@@H](c2cccc(F)c2)N(C(=O)CCc2ccccc2)C1=O,O=C(O)C[C@H]1C[C@@H](c2cccc(F)c2)N(C(=O)CCc2ccccc2)C1=O,2,-2.0,limk2_inh_order
limk2_atp_inhibitor,LIMK2,inhibitor,C,C[C@H](O)c1c2n(c3ccccc13)C(=O)[C@@H]1CN(C=CN1C)C(=O)N(C)CC=C2,C[C@H](O)c1c2n(c3ccccc13)C(=O)[C@@H]1CN(C=CN1C)C(=O)N(C)CC=C2,3,-3.0,limk2_inh_order
limk2_atp_inhibitor,LIMK2,inhibitor,C,O=C(c1cccc2c1NC=CC=C2)[C@H]1CC(=O)N(Cc2ccccc2)C[C@@H]1O,O=C(c1cccc2c1NC=CC=C2)[C@H]1CC(=O)N(Cc2ccccc2)C[C@@H]1O,4,-4.0,limk2_inh_order
limk2_atp_inhibitor,LIMK2,inhibitor,C,NC(=O)c1ccc(CCCC[C@H]2CCC3=C2NC=c2ccccc2=N3)cc1,NC(=O)c1ccc(CCCC[C@H]2CCC3=C2NC=c2ccccc2=N3)cc1,5,-5.0,limk2_inh_order
limk2_atp_inhibitor,LIMK2,inhibitor,C,O=C1c2cccc3cccc(c23)C=C2C(O)=N[C@@H]3CCCNC[C@@H]3[C@@H]12,O=C1c2cccc3cccc(c23)C=C2C(O)=N[C@@H]3CCCNC[C@@H]3[C@@H]12,6,-6.0,limk2_inh_order
limk2_atp_inhibitor,LIMK2,inhibitor,C,CC1=CC[C@H](c2cccc3ccc(C(=O)O)cc23)N(CC(C)C)CC1,CC1=CC[C@H](c2cccc3ccc(C(=O)O)cc23)N(CC(C)C)CC1,7,-7.0,limk2_inh_order
limk2_atp_inhibitor,LIMK2,inhibitor,C,Cc1cc2nn1CC(=O)NCC(=O)[C@H]1CCc3cc(ccc3[C@H]1C)C(=O)N2C,Cc1cc2nn1CC(=O)NCC(=O)[C@H]1CCc3cc(ccc3[C@H]1C)C(=O)N2C,8,-8.0,limk2_inh_order
limk2_atp_inhibitor,LIMK2,inhibitor,C,Cc1[nH]c2ccccc2c1C(=O)N(CCC(=O)O)c1ccccc1,Cc1[nH]c2ccccc2c1C(=O)N(CCC(=O)O)c1ccccc1,9,-9.0,limk2_inh_order
limk2_atp_inhibitor,LIMK2,inhibitor,C,CN(Cc1ccccc1)C(=O)N=C(c1ccccc1)c1cn[nH]c1,CN(Cc1ccccc1)C(=O)N=C(c1ccccc1)c1cn[nH]c1,10,-10.0,limk2_inh_order
limk2_atp_inhibitor,LIMK2,inhibitor,C,NC(=O)[C@H]1CCN(S(=O)(=O)c2ccc(-c3ccccc3)c3nonc23)C1,NC(=O)[C@H]1CCN(S(=O)(=O)c2ccc(-c3ccccc3)c3nonc23)C1,11,-11.0,limk2_inh_order
limk2_atp_inhibitor,LIMK2,inhibitor,C,O[C@@H]1CCN2CCCCCCn3cnc4c3=CC3=C(C=CNC3=CC=4)[C@@H]2C1,O[C@@H]1CCN2CCCCCCn3cnc4c3=CC3=C(C=CNC3=CC=4)[C@@H]2C1,12,-12.0,limk2_inh_order
limk2_atp_inhibitor,LIMK2,inhibitor,C,CC1=Nc2ccnc3c2NC(=C1)N1CCC[C@H](C1)c1ccccc1OCC(=O)N3,CC1=Nc2ccnc3c2NC(=C1)N1CCC[C@H](C1)c1ccccc1OCC(=O)N3,13,-13.0,limk2_inh_order
limk2_atp_inhibitor,LIMK2,inhibitor,C,CN1CCN(c2[nH+]ncnc2-c2[nH]c3ccccc3c2CO)CC1=O,CN1CCN(c2[nH+]ncnc2-c2[nH]c3ccccc3c2CO)CC1=O,14,-14.0,limk2_inh_order
limk2_atp_inhibitor,LIMK2,inhibitor,C,CN1C2CCN(CC2)Cc2cccc(c2)Oc2ccc(cc2)OS1(=O)=O,CN1C2CCN(CC2)Cc2cccc(c2)Oc2ccc(cc2)OS1(=O)=O,15,-15.0,limk2_inh_order
limk2_atp_inhibitor,LIMK2,inhibitor,C,C[C@@H]1CCC[C@@H]2CCCc3nccn3-c3cc(O)cc(c3)C[C@@H]1CC2,C[C@@H]1CCC[C@@H]2CCCc3nccn3-c3cc(O)cc(c3)C[C@@H]1CC2,16,-16.0,limk2_inh_order
limk2_atp_inhibitor,LIMK2,inhibitor,C,O=C(O)CCN[C@@H]1C(=O)Nc2ccccc2CC=CCCOc2cccc1c2,O=C(O)CCN[C@@H]1C(=O)Nc2ccccc2CC=CCCOc2cccc1c2,17,-17.0,limk2_inh_order
limk2_atp_inhibitor,LIMK2,inhibitor,C,O=C1N(Cc2ccccc2)CCC2(C(=O)NNC2=O)N1Cc1ccc[nH]1,O=C1N(Cc2ccccc2)CCC2(C(=O)NNC2=O)N1Cc1ccc[nH]1,18,-18.0,limk2_inh_order
limk2_atp_inhibitor,LIMK2,inhibitor,C,O=C1Cc2ccc3nccc(c3n2)-c2ccccc2OCC[C@H](CO)N1,O=C1Cc2ccc3nccc(c3n2)-c2ccccc2OCC[C@H](CO)N1,19,-19.0,limk2_inh_order
limk2_atp_inhibitor,LIMK2,inhibitor,C,C[C@H]1Cn2c(cc(=O)n3c4ccccc4nc23)C(=O)N1CCN1CCCCC1,C[C@H]1Cn2c(cc(=O)n3c4ccccc4nc23)C(=O)N1CCN1CCCCC1,20,-20.0,limk2_inh_order
limk2_atp_inhibitor,LIMK2,inhibitor,C,CC(C)OC(=O)c1c(O)c(C(=O)Nc2ccccc2)cc2ccccc12,CC(C)OC(=O)c1c(O)c(C(=O)Nc2ccccc2)cc2ccccc12,21,-21.0,limk2_inh_order
limk2_atp_inhibitor,LIMK2,inhibitor,C,COc1cccc(NC(=O)c2n[nH]c(-c3ccccc3)nc2=N)c1,COc1cccc(NC(=O)c2n[nH]c(-c3ccccc3)nc2=N)c1,22,-22.0,limk2_inh_order
limk2_atp_inhibitor,LIMK2,inhibitor,C,C[C@@H]1CN(Cc2ccccc2)CC[C@H]1CNC(=O)c1[nH]ncc1-c1ccccc1,C[C@@H]1CN(Cc2ccccc2)CC[C@H]1CNC(=O)c1[nH]ncc1-c1ccccc1,23,-23.0,limk2_inh_order
limk2_atp_inhibitor,LIMK2,inhibitor,C,O=C(O)[C@H]1[C@@H]2O[C@@H](Oc3ccccc3CCC=C[C@H]1CO)[C@H](O)CC2=O,O=C(O)[C@H]1[C@@H]2O[C@@H](Oc3ccccc3CCC=C[C@H]1CO)[C@H](O)CC2=O,24,-24.0,limk2_inh_order
limk2_atp_inhibitor,LIMK2,inhibitor,C,N#C[C@@H](NCc1cccnc1)c1ccccc1C1=C2C=CC=C2c2ccccc21,N#C[C@@H](NCc1cccnc1)c1ccccc1C1=C2C=CC=C2c2ccccc21,25,-25.0,limk2_inh_order
limk2_atp_inhibitor,LIMK2,inhibitor,C,Cc1nnc(N2C(=O)[C@H]3COc4ccccc4[C@H]3Nc3cccnc3C[C@@H]2C)s1,Cc1nnc(N2C(=O)[C@H]3COc4ccccc4[C@H]3Nc3cccnc3C[C@@H]2C)s1,26,-26.0,limk2_inh_order
limk2_atp_inhibitor,LIMK2,inhibitor,C,CN1CCC(NC(=O)c2cc(CCc3ccc(O)nc3)nc3c2nnn3C)CC1,CN1CCC(NC(=O)c2cc(CCc3ccc(O)nc3)nc3c2nnn3C)CC1,27,-27.0,limk2_inh_order
limk2_atp_inhibitor,LIMK2,inhibitor,C,CC1=CC([C@H](C(N)=O)c2ccc(-c3ccc4ncccc4c3)cc2)C(=O)CCC1,CC1=CC([C@H](C(N)=O)c2ccc(-c3ccc4ncccc4c3)cc2)C(=O)CCC1,28,-28.0,limk2_inh_order
limk2_atp_inhibitor,LIMK2,inhibitor,C,C[C@H]1C[C@@](C)(O)CC[C@@H]1CC1=CC=C[C@H]2CC3=C(C=C(O)Oc4ccccc43)[C@@H]12,C[C@H]1C[C@@](C)(O)CC[C@@H]1CC1=CC=C[C@H]2CC3=C(C=C(O)Oc4ccccc43)[C@@H]12,29,-29.0,limk2_inh_order
limk2_atp_inhibitor,LIMK2,inhibitor,C,O=C(Nc1cc(O)cc(C(=O)c2ccccc2)c1)C(=O)N1CCCCC1,O=C(Nc1cc(O)cc(C(=O)c2ccccc2)c1)C(=O)N1CCCCC1,30,-30.0,limk2_inh_order
limk2_atp_inhibitor,LIMK2,inhibitor,C,O=C1CN2CCc3nc4cccc(c4cc3C2)CCCCOc2ccc(cc2)N1,O=C1CN2CCc3nc4cccc(c4cc3C2)CCCCOc2ccc(cc2)N1,31,-31.0,limk2_inh_order
limk2_atp_inhibitor,LIMK2,inhibitor,C,CC(=O)N1CCN2c3nc4c5c(c6cnccc6c(n35)[C@@H]2C1)C=CC=C4,CC(=O)N1CCN2c3nc4c5c(c6cnccc6c(n35)[C@@H]2C1)C=CC=C4,32,-32.0,limk2_inh_order
limk2_atp_inhibitor,LIMK2,inhibitor,C,O=C1N[C@]23C[C@H](O)[C@](O)(C2)[C@@H]2N=C(CCCCCc4cccc1c4)N=C2C3=O,O=C1N[C@]23C[C@H](O)[C@](O)(C2)[C@@H]2N=C(CCCCCc4cccc1c4)N=C2C3=O,33,-33.0,limk2_inh_order
limk2_atp_inhibitor,LIMK2,inhibitor,C,O=C(O)N1CC[C@@H](c2ccccc2)[C@@](O)(Nc2ccnc3ccccc23)C1,O=C(O)N1CC[C@@H](c2ccccc2)[C@@](O)(Nc2ccnc3ccccc23)C1,34,-34.0,limk2_inh_order
limk2_atp_inhibitor,LIMK2,inhibitor,C,NC(=O)C[C@H](NC(=O)[C@]1(C(N)=O)CC=C2[C@@H]1S[C@H]1CCCN21)c1ccccc1,NC(=O)C[C@H](NC(=O)[C@]1(C(N)=O)CC=C2[C@@H]1S[C@H]1CCCN21)c1ccccc1,35,-35.0,limk2_inh_order
limk2_atp_inhibitor,LIMK2,inhibitor,C,Cc1ccc2c(c1)-c1ccccc1C=NC(=O)NC(=O)Oc1ccccc1C2,Cc1ccc2c(c1)-c1ccccc1C=NC(=O)NC(=O)Oc1ccccc1C2,36,-36.0,limk2_inh_order
limk2_atp_inhibitor,LIMK2,inhibitor,C,Oc1cccc(-n2ccc3c(-c4ccccc4)ncnc32)c1,Oc1cccc(-n2ccc3c(-c4ccccc4)ncnc32)c1,37,-37.0,limk2_inh_order
limk2_atp_inhibitor,LIMK2,inhibitor,C,NC(=O)[C@@H]1C[C@H](OP(=O)(O)O)C[C@@H](c2cccc3ccccc23)C1O,NC(=O)[C@@H]1C[C@H](OP(=O)(O)O)C[C@@H](c2cccc3ccccc23)C1O,38,-38.0,limk2_inh_order
limk2_atp_inhibitor,LIMK2,inhibitor,C,Nc1nc(-c2ccccc2)c2ncn(CCCc3cccnc3)c2n1,Nc1nc(-c2ccccc2)c2ncn(CCCc3cccnc3)c2n1,39,-39.0,limk2_inh_order
limk2_atp_inhibitor,LIMK2,inhibitor,C,O=C(Nc1ncccn1)[C@H]1Cn2cnc3ncc(-c4ccccc4)c(c32)O1,O=C(Nc1ncccn1)[C@H]1Cn2cnc3ncc(-c4ccccc4)c(c32)O1,40,-40.0,limk2_inh_order
limk2_atp_inhibitor,LIMK2,inhibitor,C,C[C@@H](Cc1ccccc1)NC(=O)Cc1cc(-c2ccccc2)nc(CO)c1O,C[C@@H](Cc1ccccc1)NC(=O)Cc1cc(-c2ccccc2)nc(CO)c1O,41,-41.0,limk2_inh_order
limk2_atp_inhibitor,LIMK2,inhibitor,C,O=C(O)c1c(N2CCOCC2)nn2nc3cnn(-c4ccccc4)c3cc12,O=C(O)c1c(N2CCOCC2)nn2nc3cnn(-c4ccccc4)c3cc12,42,-42.0,limk2_inh_order
limk2_atp_inhibitor,LIMK2,inhibitor,C,C[C@@H]1C=C2CN(C(=O)C=C2[N+](=O)O)C(=O)c2cccc(c2)OCCCCCC1,C[C@@H]1C=C2CN(C(=O)C=C2[N+](=O)O)C(=O)c2cccc(c2)OCCCCCC1,43,-43.0,limk2_inh_order
limk2_atp_inhibitor,LIMK2,inhibitor,C,Cc1ccc(-c2cccc3[nH]c4c[nH+]c(S(N)(=O)=O)cc4c23)cc1,Cc1ccc(-c2cccc3[nH]c4c[nH+]c(S(N)(=O)=O)cc4c23)cc1,44,-44.0,limk2_inh_order
limk2_atp_inhibitor,LIMK2,inhibitor,C,c1ccc(Cc2cnc(-c3ccccc3Nc3cccnc3)o2)nc1,c1ccc(Cc2cnc(-c3ccccc3Nc3cccnc3)o2)nc1,45,-45.0,limk2_inh_order
limk2_atp_inhibitor,LIMK2,inhibitor,C,C[C@H]1CC=C2Nc3nc(c4ccccc4n3)CCC(=O)[C@@H](O)[C@@H]3C=C[C@H]1[C@@]2(C)[C@@H]3O,C[C@H]1CC=C2Nc3nc(c4ccccc4n3)CCC(=O)[C@@H](O)[C@@H]3C=C[C@H]1[C@@]2(C)[C@@H]3O,46,-46.0,limk2_inh_order
limk2_atp_inhibitor,LIMK2,inhibitor,C,Cc1ccc(Nc2ncc(=O)[nH]c(=O)c2-c2ccc3ccccc3c2)cc1,Cc1ccc(Nc2ncc(=O)[nH]c(=O)c2-c2ccc3ccccc3c2)cc1,47,-47.0,limk2_inh_order
limk2_atp_inhibitor,LIMK2,inhibitor,C,O=C(O)Cn1c(=O)c2ccc(-c3ccccc3)cc2c2ccccc21,O=C(O)Cn1c(=O)c2ccc(-c3ccccc3)cc2c2ccccc21,48,-48.0,limk2_inh_order
limk2_atp_inhibitor,LIMK2,inhibitor,C,O=C(NCc1cccnc1)NCc1ccccc1OCc1cccc2c1NCC2,O=C(NCc1cccnc1)NCc1ccccc1OCc1cccc2c1NCC2,49,-49.0,limk2_inh_order
limk2_atp_inhibitor,LIMK2,inhibitor,C,O[C@H]1NCc2ccccc2C2=CC=C3N=CNC(=C3C=C2)Nc2cccc1c2,O[C@H]1NCc2ccccc2C2=CC=C3N=CNC(=C3C=C2)Nc2cccc1c2,50,-50.0,limk2_inh_order
limk2_atp_inhibitor,LIMK2,inhibitor,C,Nc1onc2c1c(=O)ncn2[C@H]1CC(=O)[C@@H](COP(=O)(O)O)O1,Nc1onc2c1c(=O)ncn2[C@H]1CC(=O)[C@@H](COP(=O)(O)O)O1,51,-51.0,limk2_inh_order
limk2_atp_inhibitor,LIMK2,inhibitor,C,COc1ccc(CCC[C@@H](CO)Nc2ncccc3nnc(N)c2-3)cc1,COc1ccc(CCC[C@@H](CO)Nc2ncccc3nnc(N)c2-3)cc1,52,-52.0,limk2_inh_order
limk2_atp_inhibitor,LIMK2,inhibitor,C,Nc1cccc(C(=O)Nc2ccccc2OCC(=O)Nc2ccccc2F)c1,Nc1cccc(C(=O)Nc2ccccc2OCC(=O)Nc2ccccc2F)c1,53,-53.0,limk2_inh_order
limk2_atp_inhibitor,LIMK2,inhibitor,C,c1ccc(Oc2ccccc2-c2cccc(Cc3nnc[nH]3)c2)cc1,c1ccc(Oc2ccccc2-c2cccc(Cc3nnc[nH]3)c2)cc1,54,-54.0,limk2_inh_order
limk2_atp_inhibitor,LIMK2,inhibitor,C,Cc1ccc2c(c1)-c1c(C)nc3ncn([C@@H]4CCCCNC4=O)c3c1C2=O,Cc1ccc2c(c1)-c1c(C)nc3ncn([C@@H]4CCCCNC4=O)c3c1C2=O,55,-55.0,limk2_inh_order
limk2_atp_inhibitor,LIMK2,inhibitor,C,c1ccc(C(C2=Nc3ncnc4ccnc2c34)c2ccccc2)cc1,c1ccc(C(C2=Nc3ncnc4ccnc2c34)c2ccccc2)cc1,56,-56.0,limk2_inh_order
limk2_atp_inhibitor,LIMK2,inhibitor,C,COc1cc(-c2ccccc2)c(-c2ccccc2)cc1Cn1nc(N)[nH]c1=O,COc1cc(-c2ccccc2)c(-c2ccccc2)cc1Cn1nc(N)[nH]c1=O,57,-57.0,limk2_inh_order
limk2_atp_inhibitor,LIMK2,inhibitor,C,Cc1c2n(c3ccccc13)CCC[C@@H]2[C@H](Nc1nc2ccccc2n1C)C(N)=O,Cc1c2n(c3ccccc13)CCC[C@@H]2[C@H](Nc1nc2ccccc2n1C)C(N)=O,58,-58.0,limk2_inh_order
limk2_atp_inhibitor,LIMK2,inhibitor,C,NC(=O)c1ccc(-c2nccc3ccccc23)cc1N=Cc1ccncc1,NC(=O)c1ccc(-c2nccc3ccccc23)cc1N=Cc1ccncc1,59,-59.0,limk2_inh_order
limk2_atp_inhibitor,LIMK2,inhibitor,C,Cc1nnc(-c2ccc3ccccc3c2)n1C[C@H](N)C(=O)Nc1cccs1,Cc1nnc(-c2ccc3ccccc3c2)n1C[C@H](N)C(=O)Nc1cccs1,60,-60.0,limk2_inh_order
limk2_atp_inhibitor,LIMK2,inhibitor,C,O=C1NC(=O)N(Cc2ccccc2)C1=Cc1ccccc1-c1ccccc1,O=C1NC(=O)N(Cc2ccccc2)C1=Cc1ccccc1-c1ccccc1,61,-61.0,limk2_inh_order
limk2_atp_inhibitor,LIMK2,inhibitor,C,O=C1Nc2ccc(O)c(c2)OCCCCOc2ccccc2-c2cccc1c2,O=C1Nc2ccc(O)c(c2)OCCCCOc2ccccc2-c2cccc1c2,62,-62.0,limk2_inh_order
limk2_atp_inhibitor,LIMK2,inhibitor,C,C[C@@H]1OC2=C[C@H]3CC[C@H](O)C=C3C3C4=CC(=O)CC(C)(C)C[C@@H]4[C@@](O)(O1)[C@@]23O,C[C@@H]1OC2=C[C@H]3CC[C@H](O)C=C3C3C4=CC(=O)CC(C)(C)C[C@@H]4[C@@](O)(O1)[C@@]23O,63,-63.0,limk2_inh_order
limk2_atp_inhibitor,LIMK2,inhibitor,C,COc1ccc2c(c1)Oc1nc(N)ncc1-c1c(cnc3cnccc13)CC2,COc1ccc2c(c1)Oc1nc(N)ncc1-c1c(cnc3cnccc13)CC2,64,-64.0,limk2_inh_order
limk2_atp_inhibitor,LIMK2,inhibitor,C,CC(=O)Nc1ccc2[nH]c(-c3ccc(C)cc3)c3c(=O)ncnc-3c2c1,CC(=O)Nc1ccc2[nH]c(-c3ccc(C)cc3)c3c(=O)ncnc-3c2c1,65,-65.0,limk2_inh_order
limk2_atp_inhibitor,LIMK2,inhibitor,C,Nc1nc(=O)c2nc(CC=Cc3ccccc3F)n(Cc3cccc(F)c3)c2[nH]1,Nc1nc(=O)c2nc(CC=Cc3ccccc3F)n(Cc3cccc(F)c3)c2[nH]1,66,-66.0,limk2_inh_order
limk2_atp_inhibitor,LIMK2,inhibitor,C,Nc1cccc2c1C(=O)c1cccc3cc(cnc13)OCCCCCCCCO2,Nc1cccc2c1C(=O)c1cccc3cc(cnc13)OCCCCCCCCO2,67,-67.0,limk2_inh_order
limk2_atp_inhibitor,LIMK2,inhibitor,C,NC1=CN(c2ccccc2-c2ccccc2)c2ncncc2-c2ccccc21,NC1=CN(c2ccccc2-c2ccccc2)c2ncncc2-c2ccccc21,68,-68.0,limk2_inh_order
limk2_atp_inhibitor,LIMK2,inhibitor,C,c1cncc([C@@H]2CCc3ccccc3N2c2ncnc3ccccc23)c1,c1cncc([C@@H]2CCc3ccccc3N2c2ncnc3ccccc23)c1,69,-69.0,limk2_inh_order
limk2_atp_inhibitor,LIMK2,inhibitor,C,Nc1nnc(-c2ccccc2OCc2ccccc2)c(Nc2ccccc2)n1,Nc1nnc(-c2ccccc2OCc2ccccc2)c(Nc2ccccc2)n1,70,-70.0,limk2_inh_order
limk2_atp_inhibitor,LIMK2,inhibitor,C,CN1CC2c3cc4cccc5c4c(c3[C@H]([C@H](OP(=O)(O)O)C(N)=O)O[C@@H]2C1=O)C=N5,CN1CC2c3cc4cccc5c4c(c3[C@H]([C@H](OP(=O)(O)O)C(N)=O)O[C@@H]2C1=O)C=N5,71,-71.0,limk2_inh_order
limk2_atp_inhibitor,LIMK2,inhibitor,C,FC(F)(F)c1cccc(C[C@@H](Cc2ccccc2)c2ccccc2)c1,FC(F)(F)c1cccc(C[C@@H](Cc2ccccc2)c2ccccc2)c1,72,-72.0,limk2_inh_order
limk2_atp_inhibitor,LIMK2,inhibitor,C,Nc1nc(-c2ccco2)nc(-c2cnn(-c3ccccc3)c2-c2ccccc2)n1,Nc1nc(-c2ccco2)nc(-c2cnn(-c3ccccc3)c2-c2ccccc2)n1,73,-73.0,limk2_inh_order
limk2_atp_inhibitor,LIMK2,inhibitor,C,OC1=C(c2ccccc2)N(Cc2ccc3cccc(-c4cccnc4)c3c2)CCN1,OC1=C(c2ccccc2)N(Cc2ccc3cccc(-c4cccnc4)c3c2)CCN1,74,-74.0,limk2_inh_order
limk2_atp_inhibitor,LIMK2,inhibitor,C,CCn1cc(NNC(=O)c2cc(Oc3ccccc3)ccn2)c2ncccc21,CCn1cc(NNC(=O)c2cc(Oc3ccccc3)ccn2)c2ncccc21,75,-75.0,limk2_inh_order
limk2_atp_inhibitor,LIMK2,inhibitor,C,Nc1ncc2c(NCc3ccccc3)ccc(C(=O)Nc3ccccc3)c2n1,Nc1ncc2c(NCc3ccccc3)ccc(C(=O)Nc3ccccc3)c2n1,76,-76.0,limk2_inh_order
limk2_atp_inhibitor,LIMK2,inhibitor,C,CC(=O)NCCCNc1c(C(=O)O)ccc(-c2ccccc2)c1-c1ccccc1,CC(=O)NCCCNc1c(C(=O)O)ccc(-c2ccccc2)c1-c1ccccc1,77,-77.0,limk2_inh_order
limk2_atp_inhibitor,LIMK2,inhibitor,C,O=C(O)c1ccc2c(c1)c1c(c3ccccc32)CCN(Cc2ccccc2)CC1,O=C(O)c1ccc2c(c1)c1c(c3ccccc32)CCN(Cc2ccccc2)CC1,78,-78.0,limk2_inh_order
limk2_atp_inhibitor,LIMK2,inhibitor,C,c1ccc2nc(Nc3cccc4nc5ccccc5nc34)ncc2c1,c1ccc2nc(Nc3cccc4nc5ccccc5nc34)ncc2c1,79,-79.0,limk2_inh_order
limk2_atp_inhibitor,LIMK2,inhibitor,C,C[C@H](C=C(O)CNc1nc(=O)c2nc3ccc[nH]cc3n12)c1ccccc1,C[C@H](C=C(O)CNc1nc(=O)c2nc3ccc[nH]cc3n12)c1ccccc1,80,-80.0,limk2_inh_order
limk2_atp_inhibitor,LIMK2,inhibitor,C,CCn1c(=O)c2c(c3ccccc3c1=O)-c1cccc3nccc-2c13,CCn1c(=O)c2c(c3ccccc3c1=O)-c1cccc3nccc-2c13,81,-81.0,limk2_inh_order
limk2_atp_inhibitor,LIMK2,inhibitor,C,CC(=O)N[C@H](c1cnon1)[C@@H](Nc1nc(C)cc(-c2ccccc2)n1)c1ccccc1,CC(=O)N[C@H](c1cnon1)[C@@H](Nc1nc(C)cc(-c2ccccc2)n1)c1ccccc1,82,-82.0,limk2_inh_order
limk2_atp_inhibitor,LIMK2,inhibitor,C,Cc1cc2c(O)c(O)c(CNCCc3ccc4ccccc4n3)ccc-2n1,Cc1cc2c(O)c(O)c(CNCCc3ccc4ccccc4n3)ccc-2n1,83,-83.0,limk2_inh_order
limk2_atp_inhibitor,LIMK2,inhibitor,C,Cc1nn(CNCc2ccccc2)c2[nH+]c3ccc(C)[n+]4c3c(c12)-c1ccccc1-4,Cc1nn(CNCc2ccccc2)c2[nH+]c3ccc(C)[n+]4c3c(c12)-c1ccccc1-4,84,-84.0,limk2_inh_order
limk2_atp_inhibitor,LIMK2,inhibitor,C,O=C(O)[C@H](OP(=O)(O)O)[C@@H](C(=O)O)c1cccc2ccccc3ncc1c23,O=C(O)[C@H](OP(=O)(O)O)[C@@H](C(=O)O)c1cccc2ccccc3ncc1c23,85,-85.0,limk2_inh_order
limk2_atp_inhibitor,LIMK2,inhibitor,C,N[C@@H]1C(=O)[C@@H](N2CC([N+](=O)O)=NC(=O)C2O)O[C@H](c2cccc3ccccc23)[C@H]1O,N[C@@H]1C(=O)[C@@H](N2CC([N+](=O)O)=NC(=O)C2O)O[C@H](c2cccc3ccccc23)[C@H]1O,86,-86.0,limk2_inh_order
limk2_atp_inhibitor,LIMK2,inhibitor,C,Cc1cccc2c(C(=O)N(C)C)c3c(nc12)-c1cccc2nccc-3c12,Cc1cccc2c(C(=O)N(C)C)c3c(nc12)-c1cccc2nccc-3c12,87,-87.0,limk2_inh_order
limk2_atp_inhibitor,LIMK2,inhibitor,C,Cc1onc(NCc2cnccn2)c1C(=O)NC=COc1cnc2ccccc2c1,Cc1onc(NCc2cnccn2)c1C(=O)NC=COc1cnc2ccccc2c1,88,-88.0,limk2_inh_order
limk2_atp_inhibitor,LIMK2,inhibitor,C,NC(=O)c1cn2c(n1)-c1ccccc1[C@@H]1O[C@@H]2[C@H](O)CO[P@@](=O)(O)O[P@@](=O)(O)O1,NC(=O)c1cn2c(n1)-c1ccccc1[C@@H]1O[C@@H]2[C@H](O)CO[P@@](=O)(O)O[P@@](=O)(O)O1,89,-89.0,limk2_inh_order
limk2_atp_inhibitor,LIMK2,inhibitor,C,Nc1nc2c(ncn2[C@@H]2C[C@H]3O[P@@](=O)(O)O[P@@](=O)(O)OC[C@@H]3O2)c(=O)[nH]1,Nc1nc2c(ncn2[C@@H]2C[C@H]3O[P@@](=O)(O)O[P@@](=O)(O)OC[C@@H]3O2)c(=O)[nH]1,90,-90.0,limk2_inh_order
limk2_atp_inhibitor,LIMK2,inhibitor,C,Nc1ccccc1C[C@@H]1C(=O)N2C(=O)[C@H](N)C[C@@H]2[C@H]1c1cccc2c(=O)nc[nH]c12,Nc1ccccc1C[C@@H]1C(=O)N2C(=O)[C@H](N)C[C@@H]2[C@H]1c1cccc2c(=O)nc[nH]c12,91,-91.0,limk2_inh_order
limk2_atp_inhibitor,LIMK2,inhibitor,C,C[C@H](CNCc1ccccc1)[P@@](=O)(O)[C@H](Nc1ccccc1)c1ccccc1,C[C@H](CNCc1ccccc1)[P@@](=O)(O)[C@H](Nc1ccccc1)c1ccccc1,92,-92.0,limk2_inh_order
limk2_atp_inhibitor,LIMK2,inhibitor,C,CN(CCOCC=O)c1cccc(-c2c(Cc3cccnc3N)c(=O)ncn2C)c1,CN(CCOCC=O)c1cccc(-c2c(Cc3cccnc3N)c(=O)ncn2C)c1,93,-93.0,limk2_inh_order
limk2_atp_inhibitor,LIMK2,inhibitor,C,O=P(O)(O)O[P@@](=O)(O)O[C@H]1[C@H]2C[C@](O)(O[C@H]2c2cnc3ccccc3c2)[C@H]1O,O=P(O)(O)O[P@@](=O)(O)O[C@H]1[C@H]2C[C@](O)(O[C@H]2c2cnc3ccccc3c2)[C@H]1O,94,-94.0,limk2_inh_order
limk2_atp_inhibitor,LIMK2,inhibitor,C,O=C(Cn1cnc2ccccc21)NN=Cc1cccc(Cc2ccco2)c1,O=C(Cn1cnc2ccccc21)NN=Cc1cccc(Cc2ccco2)c1,95,-95.0,limk2_inh_order
limk2_atp_inhibitor,LIMK2,inhibitor,C,C1=CN(c2ccnc(Cc3ccccc3)n2)c2cccc(-c3ccccc3)c2N=C1,C1=CN(c2ccnc(Cc3ccccc3)n2)c2cccc(-c3ccccc3)c2N=C1,96,-96.0,limk2_inh_order
limk2_atp_inhibitor,LIMK2,inhibitor,C,Cc1c2c(c3cc(C(=O)n4c(N)nc5cccnc5c4=O)cn13)=[S+]C=C2,Cc1c2c(c3cc(C(=O)n4c(N)nc5cccnc5c4=O)cn13)=[S+]C=C2,97,-97.0,limk2_inh_order
limk2_atp_inhibitor,LIMK2,inhibitor,C,O=C1NCCCOc2c([nH]c3ccccc23)C(c2ccccc2)=CNc2ccccc21,O=C1NCCCOc2c([nH]c3ccccc23)C(c2ccccc2)=CNc2ccccc21,98,-98.0,limk2_inh_order
limk2_atp_inhibitor,LIMK2,inhibitor,C,O=C(c1cccc2ccccc12)[C@H]1c2ccccc2-c2ncnc3c2=[N+]1C(=O)N=3,O=C(c1cccc2ccccc12)[C@H]1c2ccccc2-c2ncnc3c2=[N+]1C(=O)N=3,99,-99.0,limk2_inh_order
rock2_activator_alphaC,ROCK2,activator,A,Clc1ccc2c(n1)NC(NC1CCCc3c(nc4ccncnc3-4)C1)C2,Clc1ccc2c(n1)NC(NC1CCCc3c(nc4ccncnc3-4)C1)C2,0,0.9756,rock2_iptm
rock2_activator_alphaC,ROCK2,activator,A,COc1ccc(CCNNC2CCCC3C(=O)CCCC3C2N)cc1,COc1ccc(CCNNC2CCCC3C(=O)CCCC3C2N)cc1,1,0.9683,rock2_iptm
rock2_activator_alphaC,ROCK2,activator,A,ClC1CCCC2NC(CNC3CCN(c4cccnc4)C3)NCC12,ClC1CCCC2NC(CNC3CCN(c4cccnc4)C3)NCC12,2,0.9527,rock2_iptm
rock2_activator_alphaC,ROCK2,activator,A,O=C1CCC=NC2CC3N[N+](Nc4ccc(=O)[nH]c4)=CCCC3C12,O=C1CCC=NC2CC3N[N+](Nc4ccc(=O)[nH]c4)=CCCC3C12,3,0.9484,rock2_iptm
rock2_activator_alphaC,ROCK2,activator,A,CC1OC2C=C(Nc3cc4c(F)cccc4c4ccc(C(=O)O)nc34)CC2C1=O,CC1OC2C=C(Nc3cc4c(F)cccc4c4ccc(C(=O)O)nc34)CC2C1=O,4,0.9392,rock2_iptm
rock2_activator_alphaC,ROCK2,activator,A,CC1CCC(O)C2OC2C2(C1)CC1Cc3ccccc3OC1=C2O,CC1CCC(O)C2OC2C2(C1)CC1Cc3ccccc3OC1=C2O,5,0.934,rock2_iptm
rock2_activator_alphaC,ROCK2,activator,A,CC1CCCC(=CCNN2Cc3nccn4c3c(c3cc(N)ccc34)C2)C1=O,CC1CCCC(=CCNN2Cc3nccn4c3c(c3cc(N)ccc34)C2)C1=O,6,0.9286,rock2_iptm
rock2_activator_alphaC,ROCK2,activator,A,Cc1cccc2c1[nH+]cn2C(O)=NCC1CC=C2C(C=C3C=CNC=N3)CCC21,Cc1cccc2c1[nH+]cn2C(O)=NCC1CC=C2C(C=C3C=CNC=N3)CCC21,7,0.9191,rock2_iptm
rock2_activator_alphaC,ROCK2,activator,A,OC12C3=CCCC1CC1CC(C=[N+]=Nc4ccccn4)CC(=NN3)C12,OC12C3=CCCC1CC1CC(C=[N+]=Nc4ccccn4)CC(=NN3)C12,8,0.9172,rock2_iptm
rock2_activator_alphaC,ROCK2,activator,A,Oc1ccc(CN2N=C(c3ccc(O)cc3)Nc3ccccc32)cc1,Oc1ccc(CN2N=C(c3ccc(O)cc3)Nc3ccccc32)cc1,9,0.9168,rock2_iptm
rock2_activator_alphaC,ROCK2,activator,A,OC1CCC(Cl)CCC1=Cc1nnc(-c2ccc(N3CCCC3)[nH+]c2)[nH]1,OC1CCC(Cl)CCC1=Cc1nnc(-c2ccc(N3CCCC3)[nH+]c2)[nH]1,10,0.9085,rock2_iptm
rock2_activator_alphaC,ROCK2,activator,A,O=C(Nc1cccc(Cl)c1)NC(C[n+]1ccccc1)C1=[N+]2C=NN=C2N=C1,O=C(Nc1cccc(Cl)c1)NC(C[n+]1ccccc1)C1=[N+]2C=NN=C2N=C1,11,0.9004,rock2_iptm
rock2_activator_alphaC,ROCK2,activator,A,O=C1CC2C(OC(O)NCCc3ccccc3)NC3=CCCCC1C32,O=C1CC2C(OC(O)NCCc3ccccc3)NC3=CCCCC1C32,12,0.8908,rock2_iptm
rock2_activator_alphaC,ROCK2,activator,A,O=Cc1cccc(CN(c2nc3c([nH]2)-c2ccc(Cl)cc2C3)c2ccnc[nH+]2)c1,O=Cc1cccc(CN(c2nc3c([nH]2)-c2ccc(Cl)cc2C3)c2ccnc[nH+]2)c1,13,0.8891,rock2_iptm
rock2_activator_alphaC,ROCK2,activator,A,O=C(O)c1cc([N+]#Cc2cccnc2)c2c(c1)N[N+](=Cc1ccccc1)C2,O=C(O)c1cc([N+]#Cc2cccnc2)c2c(c1)N[N+](=Cc1ccccc1)C2,14,0.889,rock2_iptm
rock2_activator_alphaC,ROCK2,activator,A,OCC1CC2ON3CC(OCc4ccccc4)C4CC(O)C1C2C43,OCC1CC2ON3CC(OCc4ccccc4)C4CC(O)C1C2C43,15,0.887,rock2_iptm
rock2_activator_alphaC,ROCK2,activator,A,O=C(NC1CCC(C=CCC=Nc2ncccn2)CC1)[n+]1cccc2c1CCN2,O=C(NC1CCC(C=CCC=Nc2ncccn2)CC1)[n+]1cccc2c1CCN2,16,0.8766,rock2_iptm
rock2_activator_alphaC,ROCK2,activator,A,O=C1C(O)=N[N+](=Cc2ccccc2)N1c1ccccc1OCC(O)c1ccccc1,O=C1C(O)=N[N+](=Cc2ccccc2)N1c1ccccc1OCC(O)c1ccccc1,17,0.8524,rock2_iptm
rock2_activator_alphaC,ROCK2,activator,A,C=C1CC([N+]#[N+]c2ccc3nc(C)nc-3cc2)CC2OC(=O)C(O)C12,C=C1CC([N+]#[N+]c2ccc3nc(C)nc-3cc2)CC2OC(=O)C(O)C12,18,0.8357,rock2_iptm
rock2_activator_alphaC,ROCK2,activator,A,CC(=O)C1C(c2cccc(CCC(=O)O)c2)N=C2C(=O)CC3CCCC1C23,CC(=O)C1C(c2cccc(CCC(=O)O)c2)N=C2C(=O)CC3CCCC1C23,19,0.8194,rock2_iptm
rock2_activator_alphaC,ROCK2,activator,A,O=C(CN(C(=O)c1ncc[nH]1)c1ccccc1)Oc1ccc(Cl)cc1,O=C(CN(C(=O)c1ncc[nH]1)c1ccccc1)Oc1ccc(Cl)cc1,20,0.8112,rock2_iptm
rock2_activator_alphaC,ROCK2,activator,A,CC12CCC3C(C(O)C4CC4OC=C[n+]4ccccc4)OCC(C31)C1(O)CC21,CC12CCC3C(C(O)C4CC4OC=C[n+]4ccccc4)OCC(C31)C1(O)CC21,21,0.7427,rock2_iptm
rock2_activator_alphaC,ROCK2,activator,A,Cc1cc(CNC(=O)C=CC(=O)c2ccccc2)c(Oc2ccccc2)nn1,Cc1cc(CNC(=O)C=CC(=O)c2ccccc2)c(Oc2ccccc2)nn1,22,0.5265,rock2_iptm
musk_activator_alphaC,MuSK,activator,A,Cc1nc2nc3ccccc3nc3c-2c1[C@@H](N1CCCCCC1)C(=O)N(C)C3,Cc1nc2nc3ccccc3nc3c-2c1[C@@H](N1CCCCCC1)C(=O)N(C)C3,0,2.6752985,musk_cfd_pos
musk_activator_alphaC,MuSK,activator,A,CN(C(=O)c1cc2c3c(cnc2s1)CCCCC=N3)c1ccc(-c2ccc(C(=O)O)cc2)cc1,CN(C(=O)c1cc2c3c(cnc2s1)CCCCC=N3)c1ccc(-c2ccc(C(=O)O)cc2)cc1,1,2.800104,musk_cfd_pos
musk_activator_alphaC,MuSK,activator,A,CC(=NNC(=O)N1CCCNCC1)NC(=O)NCc1ccc2ccn(C)c2c1,CC(=NNC(=O)N1CCCNCC1)NC(=O)NCc1ccc2ccn(C)c2c1,2,2.7892401,musk_cfd_pos
musk_activator_alphaC,MuSK,activator,A,CNC(=O)CCc1ccc(Oc2cccc(CCCCCCC(C)C)c2)cc1,CNC(=O)CCc1ccc(Oc2cccc(CCCCCCC(C)C)c2)cc1,3,2.7575529,musk_cfd_pos
musk_activator_alphaC,MuSK,activator,A,Cc1cc(CC(=O)Nc2nc3c(s2)CCCC3)ccc1NC(=O)[C@@H](O)C(C)C,Cc1cc(CC(=O)Nc2nc3c(s2)CCCC3)ccc1NC(=O)[C@@H](O)C(C)C,4,2.8017082,musk_cfd_pos
musk_activator_alphaC,MuSK,activator,A,Cc1ccc(-n2cc(O)c3c4c(-c5ccccc5)nccc4ccc32)cc1,Cc1ccc(-n2cc(O)c3c4c(-c5ccccc5)nccc4ccc32)cc1,5,2.781522,musk_cfd_pos
musk_activator_alphaC,MuSK,activator,A,CCOC(=O)[C@@H](C)Oc1[nH+]c2c(C)cc(C)c3c2n1-c1ccc(N)cc1N3,CCOC(=O)[C@@H](C)Oc1[nH+]c2c(C)cc(C)c3c2n1-c1ccc(N)cc1N3,6,2.7630484,musk_cfd_pos
musk_activator_alphaC,MuSK,activator,A,Cc1cc(C)cc(N[C@H](C)CC(=O)N2CCCN(c3ccccc3-c3ncc[nH]3)CC2)c1,Cc1cc(C)cc(N[C@H](C)CC(=O)N2CCCN(c3ccccc3-c3ncc[nH]3)CC2)c1,7,2.7787495,musk_cfd_pos
musk_activator_alphaC,MuSK,activator,A,CC(C)COc1ccc2[nH+]c(-c3cc[n+](Cc4ccccc4)cc3)n3cccc3c2c1,CC(C)COc1ccc2[nH+]c(-c3cc[n+](Cc4ccccc4)cc3)n3cccc3c2c1,8,2.8883004,musk_cfd_pos
musk_activator_alphaC,MuSK,activator,A,CN(C)CC1=[S+]C(c2ccc(OCc3ccc4nc([C@H]5C[C@@H](N)C[C@@H](O)C5)n(C)c4c3)cc2)=N1,CN(C)CC1=[S+]C(c2ccc(OCc3ccc4nc([C@H]5C[C@@H](N)C[C@@H](O)C5)n(C)c4c3)cc2)=N1,9,2.6614013,musk_cfd_pos
musk_activator_alphaC,MuSK,activator,A,O=C1C(=O)N(CCO)C(=O)CN1Cc1cc[n+](-c2c[nH]c3ccccc23)o1,O=C1C(=O)N(CCO)C(=O)CN1Cc1cc[n+](-c2c[nH]c3ccccc23)o1,10,2.8318913,musk_cfd_pos
musk_activator_alphaC,MuSK,activator,A,Cc1ccc(CN[C@@H]2NN=C(CC(=O)Nc3ccccc3)N2)cn1,Cc1ccc(CN[C@@H]2NN=C(CC(=O)Nc3ccccc3)N2)cn1,11,2.7634945,musk_cfd_pos
musk_activator_alphaC,MuSK,activator,A,CC(=O)Oc1ccc2cc(C)c3c(C)cc(-c4ccccc4)c4ccc1c2c43,CC(=O)Oc1ccc2cc(C)c3c(C)cc(-c4ccccc4)c4ccc1c2c43,12,2.7609808,musk_cfd_pos
musk_activator_alphaC,MuSK,activator,A,CCOc1ccc2c(NCC#N)cc3c4c5c(cc(C)cc5cc3c2c1)N(C)C4=O,CCOc1ccc2c(NCC#N)cc3c4c5c(cc(C)cc5cc3c2c1)N(C)C4=O,13,2.80948,musk_cfd_pos
musk_activator_alphaC,MuSK,activator,A,CN1CC[C@@H](COc2cccc(-c3ccc4ccccc4c3)c2)C1,CN1CC[C@@H](COc2cccc(-c3ccc4ccccc4c3)c2)C1,14,2.8515034,musk_cfd_pos
musk_activator_alphaC,MuSK,activator,A,COC(=O)c1ccc2cc(C(=O)O)ccc2c1.O[C@@H]1[C@H]2C[C@@H]3NO[C@H]2[C@H]2CC[C@@H](OOO3)[C@@H]12,COC(=O)c1ccc2cc(C(=O)O)ccc2c1.O[C@@H]1[C@H]2C[C@@H]3NO[C@H]2[C@H]2CC[C@@H](OOO3)[C@@H]12,15,2.1818633,musk_cfd_pos
musk_activator_alphaC,MuSK,activator,A,O=C(N[C@H]1C[C@@H](NC(=O)c2ccc3ccccc3c2)C1)c1ccccc1,O=C(N[C@H]1C[C@@H](NC(=O)c2ccc3ccccc3c2)C1)c1ccccc1,16,2.6862717,musk_cfd_pos
musk_activator_alphaC,MuSK,activator,A,Cc1cccc(COCCOC2=CC=C3CSc4nccc5ccc(c3c45)N2)c1,Cc1cccc(COCCOC2=CC=C3CSc4nccc5ccc(c3c45)N2)c1,17,2.7488236,musk_cfd_pos
musk_activator_alphaC,MuSK,activator,A,Cc1ccc(C(=O)N2CC[C@H](CC(=O)N3CC[C@H](Cn4ccnc4)C3)[C@H]2C)cn1,Cc1ccc(C(=O)N2CC[C@H](CC(=O)N3CC[C@H](Cn4ccnc4)C3)[C@H]2C)cn1,18,2.7451553,musk_cfd_pos
musk_activator_alphaC,MuSK,activator,A,O=C(Nc1ccccc1)c1ccc(Oc2ccc3c(c2)CNC3)cc1,O=C(Nc1ccccc1)c1ccc(Oc2ccc3c(c2)CNC3)cc1,19,2.9207633,musk_cfd_pos
musk_activator_alphaC,MuSK,activator,A,CN(C)c1cc2n3c(c1)cc1ccc4c(c(cn4-c4ccc(O)cc4)C(=O)[C@H]2O)c13,CN(C)c1cc2n3c(c1)cc1ccc4c(c(cn4-c4ccc(O)cc4)C(=O)[C@H]2O)c13,21,2.809232,musk_cfd_pos
musk_activator_alphaC,MuSK,activator,A,Cc1c(C=N)c2c(n1CCc1ccccc1)Nc1ccccc1NC2=O,Cc1c(C=N)c2c(n1CCc1ccccc1)Nc1ccccc1NC2=O,22,2.7959034,musk_cfd_pos
musk_activator_alphaC,MuSK,activator,A,CS(=O)(=O)c1cccc(CNc2cc(C(=O)NC3CCCC3)cc3c2OCC3)c1,CS(=O)(=O)c1cccc(CNc2cc(C(=O)NC3CCCC3)cc3c2OCC3)c1,23,2.8571582,musk_cfd_pos
musk_activator_alphaC,MuSK,activator,A,COc1ccc(-c2ccc3nc4c5ccccnc5c(C(C)(C)C)cc4c3c2)cc1,COc1ccc(-c2ccc3nc4c5ccccnc5c(C(C)(C)C)cc4c3c2)cc1,24,2.7913814,musk_cfd_pos
musk_activator_alphaC,MuSK,activator,A,CN(c1ccccc1)c1ccc(CNC(=O)CCNC(=O)c2ccccc2)cc1,CN(c1ccccc1)c1ccc(CNC(=O)CCNC(=O)c2ccccc2)cc1,25,2.8654368,musk_cfd_pos
musk_activator_alphaC,MuSK,activator,A,C[N+]1=C2N[C@@H]3c4ccccc4C(=O)[C@@H]3C(=O)[C@@H]2Cc2cc3c(cc21)OCO3,C[N+]1=C2N[C@@H]3c4ccccc4C(=O)[C@@H]3C(=O)[C@@H]2Cc2cc3c(cc21)OCO3,26,2.8550673,musk_cfd_pos
musk_activator_alphaC,MuSK,activator,A,Cc1c(C(=O)NCCC(=O)NCCc2ccccc2)[nH]c2ccccc12,Cc1c(C(=O)NCCC(=O)NCCc2ccccc2)[nH]c2ccccc12,28,2.8722482,musk_cfd_pos
musk_activator_alphaC,MuSK,activator,A,CN1CCN(c2ccnc(-c3ccccc3CCCc3ccccc3)n2)CC1,CN1CCN(c2ccnc(-c3ccccc3CCCc3ccccc3)n2)CC1,29,2.80433,musk_cfd_pos
musk_activator_alphaC,MuSK,activator,A,O=C(Nc1ccncc1N[C@H]1CCCCC1=O)[C@@H]1CC[C@H](CCc2ccccc2)C1,O=C(Nc1ccncc1N[C@H]1CCCCC1=O)[C@@H]1CC[C@H](CCc2ccccc2)C1,30,2.8474615,musk_cfd_pos
musk_activator_alphaC,MuSK,activator,A,OC[C@H]1CN(c2cc(CCCOc3ccccc3)n[nH]2)CCC1=NCc1ccccc1,OC[C@H]1CN(c2cc(CCCOc3ccccc3)n[nH]2)CCC1=NCc1ccccc1,31,2.734291,musk_cfd_pos
musk_activator_alphaC,MuSK,activator,A,CN1C[C@H](Nc2cc3ccc4ccccc4cc-3nc2=O)C[C@@H]1c1ccccc1,CN1C[C@H](Nc2cc3ccc4ccccc4cc-3nc2=O)C[C@@H]1c1ccccc1,32,2.7700891,musk_cfd_pos
musk_activator_alphaC,MuSK,activator,A,CC1(C)NC[C@H](NCC(=O)Nc2nnc(CN3CCC(N)CC3)o2)[C@H]1O,CC1(C)NC[C@H](NCC(=O)Nc2nnc(CN3CCC(N)CC3)o2)[C@H]1O,33,2.5664504,musk_cfd_pos
musk_activator_alphaC,MuSK,activator,A,O=C(O)CCn1c(CNC(=O)NCc2ccccc2)nc2c3ccccc3ccc21,O=C(O)CCn1c(CNC(=O)NCc2ccccc2)nc2c3ccccc3ccc21,34,2.865737,musk_cfd_pos
musk_activator_alphaC,MuSK,activator,A,COC(=O)c1ccc2c(c1)N1CCC[C@H]1C(=O)N(c1ccc(N(C)C)cc1)C2,COC(=O)c1ccc2c(c1)N1CCC[C@H]1C(=O)N(c1ccc(N(C)C)cc1)C2,35,2.8718507,musk_cfd_pos
musk_activator_alphaC,MuSK,activator,A,O=C(NCc1nnc(CCCCN2CCCCCC2)o1)C(=O)N1CCNCC1,O=C(NCc1nnc(CCCCN2CCCCCC2)o1)C(=O)N1CCNCC1,36,2.575722,musk_cfd_pos
musk_activator_alphaC,MuSK,activator,A,C[C@@H](N)CCCC(=O)N1CCCN(C(=O)c2ccc(-c3ccccc3)cc2)CC1,C[C@@H](N)CCCC(=O)N1CCCN(C(=O)c2ccc(-c3ccccc3)cc2)CC1,37,2.8013477,musk_cfd_pos
musk_activator_alphaC,MuSK,activator,A,CN(C)c1ccc(CN2CCCN(Cc3nnc(-c4ccccc4)o3)CC2)cc1,CN(C)c1ccc(CN2CCCN(Cc3nnc(-c4ccccc4)o3)CC2)cc1,38,2.7094228,musk_cfd_pos
musk_activator_alphaC,MuSK,activator,A,CC(C)CC[C@]1(O)C[C@@H]2[C@H]3CC[C@@H](C[C@@H]2[C@@H]1C)[C@H](C(=O)c1cnccc1O)C3,CC(C)CC[C@]1(O)C[C@@H]2[C@H]3CC[C@@H](C[C@@H]2[C@@H]1C)[C@H](C(=O)c1cnccc1O)C3,39,2.5599954,musk_cfd_pos
musk_activator_alphaC,MuSK,activator,A,CN1CCC(NC(=O)c2ccn(Cc3nc4c(N)cccc4o3)c2)CC1,CN1CCC(NC(=O)c2ccn(Cc3nc4c(N)cccc4o3)c2)CC1,40,2.8055074,musk_cfd_pos
musk_activator_alphaC,MuSK,activator,A,c1ccc2c3c([nH]c2c1)[C@@H]1Cc2cc(-c4cc[nH+]cc4)ccc2[C@@H]1CC3,c1ccc2c3c([nH]c2c1)[C@@H]1Cc2cc(-c4cc[nH+]cc4)ccc2[C@@H]1CC3,42,2.7891164,musk_cfd_pos
musk_activator_alphaC,MuSK,activator,A,CC(C)CCNC(=O)c1cn2nc(CNC(C)(C)CC[C@@H]3CCCN(C)C3)cc2[nH]1,CC(C)CCNC(=O)c1cn2nc(CNC(C)(C)CC[C@@H]3CCCN(C)C3)cc2[nH]1,43,2.675301,musk_cfd_pos
musk_activator_alphaC,MuSK,activator,A,C[N+](C)(C)CCC(=O)NCCNC(=O)Nc1ccc(CN2CCCCC2=O)cc1,C[N+](C)(C)CCC(=O)NCCNC(=O)Nc1ccc(CN2CCCCC2=O)cc1,44,2.7381043,musk_cfd_pos
musk_activator_alphaC,MuSK,activator,A,O=C(NCCNCc1ccccc1)c1cnc2cc(O)ccc2c1,O=C(NCCNCc1ccccc1)c1cnc2cc(O)ccc2c1,45,2.9107335,musk_cfd_pos
musk_activator_alphaC,MuSK,activator,A,Cc1cc(NC(=O)OC[C@@H](C)NC(=O)C2CCNCC2)nc2ccccc12,Cc1cc(NC(=O)OC[C@@H](C)NC(=O)C2CCNCC2)nc2ccccc12,46,2.8244112,musk_cfd_pos
musk_activator_alphaC,MuSK,activator,A,Cc1cc(O[C@H]2C[C@@H](N(C)C)[C@@H]3[C@H](C2=O)[C@H](O)CC2=CC(=O)CC[C@H]23)cnc1C,Cc1cc(O[C@H]2C[C@@H](N(C)C)[C@@H]3[C@H](C2=O)[C@H](O)CC2=CC(=O)CC[C@H]23)cnc1C,47,2.5958154,musk_cfd_pos
musk_activator_alphaC,MuSK,activator,A,CCCCCCCCCCCCN(CCCCc1ccccc1N)[C@@H](O)[C@H](C)O,CCCCCCCCCCCCN(CCCCc1ccccc1N)[C@@H](O)[C@H](C)O,48,2.613471,musk_cfd_pos
musk_activator_alphaC,MuSK,activator,A,CC(C)CCCCCCNC(=O)c1ccc(NC(=O)NCc2ccccc2)cc1,CC(C)CCCCCCNC(=O)c1ccc(NC(=O)NCc2ccccc2)cc1,50,2.6715776920318604,musk_cfd_pos
musk_activator_alphaC,MuSK,activator,A,CC(=O)NCCNC(=O)N1CCC(NC(=O)c2noc(C3CCCCC3)n2)CC1,CC(=O)NCCNC(=O)N1CCC(NC(=O)c2noc(C3CCCCC3)n2)CC1,52,2.7995705604553223,musk_cfd_pos
musk_activator_alphaC,MuSK,activator,A,Cc1ccc2cc3ccc4c(c3cc2c1)[C@@H]1CCO[C@@]12C[C@H]1CCC[C@H]1C[C@H]42,Cc1ccc2cc3ccc4c(c3cc2c1)[C@@H]1CCO[C@@]12C[C@H]1CCC[C@H]1C[C@H]42,53,2.5683140754699707,musk_cfd_pos
musk_activator_alphaC,MuSK,activator,A,Cc1ccc(C2=NN=C(c3c[nH]c(Nc4ccccc4)c3)C2)cc1C,Cc1ccc(C2=NN=C(c3c[nH]c(Nc4ccccc4)c3)C2)cc1C,54,2.8363943099975586,musk_cfd_pos
musk_activator_alphaC,MuSK,activator,A,O[C@H](Nc1ccc(Cc2ccccc2)cc1)c1ccc(Cc2ccccc2)nc1,O[C@H](Nc1ccc(Cc2ccccc2)cc1)c1ccc(Cc2ccccc2)nc1,55,2.9193549156188965,musk_cfd_pos
musk_activator_alphaC,MuSK,activator,A,O=C1c2ccc(N3CCNCC3)cc2C(=O)N1[C@H]1c2ccccc2C=C[C@@H]1O,O=C1c2ccc(N3CCNCC3)cc2C(=O)N1[C@H]1c2ccccc2C=C[C@@H]1O,56,2.734809398651123,musk_cfd_pos
musk_activator_alphaC,MuSK,activator,A,Nc1cccc(C2=CC(C(=O)O)=C3NN=C(SCc4ccccc4)N3C=N2)c1,Nc1cccc(C2=CC(C(=O)O)=C3NN=C(SCc4ccccc4)N3C=N2)c1,57,2.8041329383850098,musk_cfd_pos
musk_activator_alphaC,MuSK,activator,A,CN(C)CCN1CCN(CCNC(=O)CCc2ccccc2)C(=O)C1,CN(C)CCN1CCN(CCNC(=O)CCc2ccccc2)C(=O)C1,58,2.6373136043548584,musk_cfd_pos
musk_activator_alphaC,MuSK,activator,A,O=C(NC1CCCCC1)OC[C@H]1COc2ccc(CNC(=O)C3CCCCC3)cc21,O=C(NC1CCCCC1)OC[C@H]1COc2ccc(CNC(=O)C3CCCCC3)cc21,59,2.262847900390625,musk_cfd_pos
musk_activator_alphaC,MuSK,activator,A,COc1cc(Cl)c(C(=O)N[C@H](C)c2ccc(NC(C)=O)cc2)cc1OC,COc1cc(Cl)c(C(=O)N[C@H](C)c2ccc(NC(C)=O)cc2)cc1OC,60,2.7904129028320312,musk_cfd_pos
musk_activator_alphaC,MuSK,activator,A,Cc1cc(CCCN(C)C[C@@H]2CCc3ccccc3[C@@H]2C)ccc1NS(C)(=O)=O,Cc1cc(CCCN(C)C[C@@H]2CCc3ccccc3[C@@H]2C)ccc1NS(C)(=O)=O,61,2.772677183151245,musk_cfd_pos
musk_activator_alphaC,MuSK,activator,A,COC[C@H]1C(=Cc2c[nH]c(SC=C(O)c3ccccc3)n2)C(=O)C(=O)C1(C)C,COC[C@H]1C(=Cc2c[nH]c(SC=C(O)c3ccccc3)n2)C(=O)C(=O)C1(C)C,62,2.7557735443115234,musk_cfd_pos
musk_activator_alphaC,MuSK,activator,A,Cc1cc2ccn(CCCc3[nH+]cc(C(=O)Nc4cccc[nH+]4)o3)c2[nH]1,Cc1cc2ccn(CCCc3[nH+]cc(C(=O)Nc4cccc[nH+]4)o3)c2[nH]1,63,2.7555339336395264,musk_cfd_pos
musk_activator_alphaC,MuSK,activator,A,Cc1ccc(C(=O)Nc2cc(C)c(=O)n(Cc3ccccc3)c2C)nc1,Cc1ccc(C(=O)Nc2cc(C)c(=O)n(Cc3ccccc3)c2C)nc1,64,2.7775979042053223,musk_cfd_pos
musk_activator_alphaC,MuSK,activator,A,O=C(CCNc1ccccc1)N1CCC[C@H](c2cc(-c3cc[nH]c3)[nH]n2)C1,O=C(CCNc1ccccc1)N1CCC[C@H](c2cc(-c3cc[nH]c3)[nH]n2)C1,65,2.8089187145233154,musk_cfd_pos
musk_activator_alphaC,MuSK,activator,A,N=CCOn1c(C(=O)N[C@@H]2[C@@H]3C[C@H]([C@H](CN)N(O)O)C[C@@H]32)c2n(c1=O)CCO2,N=CCOn1c(C(=O)N[C@@H]2[C@@H]3C[C@H]([C@H](CN)N(O)O)C[C@@H]32)c2n(c1=O)CCO2,66,2.155779361724853,musk_cfd_pos
musk_activator_alphaC,MuSK,activator,A,Cc1cccc2c3c(F)[nH]c4occc4c3c3c4c(nc1c42)[C@@H]1CCNC[C@H]1C3,Cc1cccc2c3c(F)[nH]c4occc4c3c3c4c(nc1c42)[C@@H]1CCNC[C@H]1C3,67,2.681424379348755,musk_cfd_pos
musk_activator_alphaC,MuSK,activator,A,Cc1cccc2c1[C@@H]1C(=NC(CCC(=O)OCc3ccccc3)=C1C(=O)O)[C@H]2O,Cc1cccc2c1[C@@H]1C(=NC(CCC(=O)OCc3ccccc3)=C1C(=O)O)[C@H]2O,68,2.2961344718933105,musk_cfd_pos
musk_activator_alphaC,MuSK,activator,A,CCCCNc1cccc2c1ccc1c2c2ccc(NC(C)O)cc2n1C(=O)CC,CCCCNc1cccc2c1ccc1c2c2ccc(NC(C)O)cc2n1C(=O)CC,69,2.7678427696228027,musk_cfd_pos
musk_activator_alphaC,MuSK,activator,A,COc1cc2cc3c(=O)c4cc(C)ccc4oc3cc2cc1NCc1ccccc1,COc1cc2cc3c(=O)c4cc(C)ccc4oc3cc2cc1NCc1ccccc1,70,2.884472846984864,musk_cfd_pos
musk_activator_alphaC,MuSK,activator,A,COc1ccc([C@H]2CCN(CCCc3ccc(C(N)=O)c4nc[nH]c34)C2)cc1,COc1ccc([C@H]2CCN(CCCc3ccc(C(N)=O)c4nc[nH]c34)C2)cc1,71,2.8458364009857178,musk_cfd_pos
musk_activator_alphaC,MuSK,activator,A,Cc1cccc(-c2nc(C)nc(NC(=N)c3ccc(C(=O)O)cc3F)n2)c1,Cc1cccc(-c2nc(C)nc(NC(=N)c3ccc(C(=O)O)cc3F)n2)c1,72,2.858326911926269,musk_cfd_pos
musk_activator_alphaC,MuSK,activator,A,CCCCc1cccc(NC(=O)CNC(=O)c2cccc(CCC)c2)c1,CCCCc1cccc(NC(=O)CNC(=O)c2cccc(CCC)c2)c1,73,2.7044942378997803,musk_cfd_pos
musk_activator_alphaC,MuSK,activator,A,CCCN(CC)C1=CNc2c(c3ccccc3c3cccc(C(=O)N4CCCC4)c23)N=C1,CCCN(CC)C1=CNc2c(c3ccccc3c3cccc(C(=O)N4CCCC4)c23)N=C1,74,2.7412185668945312,musk_cfd_pos
musk_activator_alphaC,MuSK,activator,A,CC(CCN1CCCN(c2ccccc2)CC1)=NC[C@@H]1CCN(C)C[C@H]1C,CC(CCN1CCCN(c2ccccc2)CC1)=NC[C@@H]1CCN(C)C[C@H]1C,75,2.6062073707580566,musk_cfd_pos
musk_activator_alphaC,MuSK,activator,A,CCCCCCCCCCn1cc(CN2C(=O)[C@H](C)Oc3cnc(OC)cc32)cn1,CCCCCCCCCCn1cc(CN2C(=O)[C@H](C)Oc3cnc(OC)cc32)cn1,77,2.683964967727661,musk_cfd_pos
musk_activator_alphaC,MuSK,activator,A,CN1CCC2=CN(CCC3CCCC3)CCCN2C[C@@H]1c1nc2ccccc2[nH]1,CN1CCC2=CN(CCC3CCCC3)CCCN2C[C@@H]1c1nc2ccccc2[nH]1,78,2.494994163513184,musk_cfd_pos
musk_activator_alphaC,MuSK,activator,A,Cc1cc(-c2cccc(NC(=O)c3ccccc3)c2)ccc1NC(=O)C(C)C,Cc1cc(-c2cccc(NC(=O)c3ccccc3)c2)ccc1NC(=O)C(C)C,79,2.9155869483947754,musk_cfd_pos
musk_activator_alphaC,MuSK,activator,A,NCCCC(=O)Nc1ccc2c3c(ccc2c1)C(=O)[N+](c1ccccc1)=N3,NCCCC(=O)Nc1ccc2c3c(ccc2c1)C(=O)[N+](c1ccccc1)=N3,80,2.8712778091430664,musk_cfd_pos
musk_activator_alphaC,MuSK,activator,A,O=C(N=Cc1cnc2ccccc2c1O)c1ccc(-c2ccccc2)o1,O=C(N=Cc1cnc2ccccc2c1O)c1ccc(-c2ccccc2)o1,81,2.8921494483947754,musk_cfd_pos
musk_activator_alphaC,MuSK,activator,A,Cc1ccc(N)c(CCCNCc2cnc(Nc3ccccc3)nc2)c1,Cc1ccc(N)c(CCCNCc2cnc(Nc3ccccc3)nc2)c1,82,2.854801654815674,musk_cfd_pos
musk_activator_alphaC,MuSK,activator,A,O=C(CCCc1ccc(O)cc1)Nc1ccc2c(O)c3cc(O)ccc3nc2c1,O=C(CCCc1ccc(O)cc1)Nc1ccc2c(O)c3cc(O)ccc3nc2c1,83,2.870628595352173,musk_cfd_pos
musk_activator_alphaC,MuSK,activator,A,Cc1nccn1Cc1ccc(N2CC[C@@H](Cn3cc(-c4ccoc4)cn3)C2)cc1F,Cc1nccn1Cc1ccc(N2CC[C@@H](Cn3cc(-c4ccoc4)cn3)C2)cc1F,84,2.7599000930786133,musk_cfd_pos
musk_activator_alphaC,MuSK,activator,A,Cc1ccccc2c(C(=O)N[C@H](C)C(=O)NC(=O)N3CCN4CCC[C@H]4C3)cnc1-2,Cc1ccccc2c(C(=O)N[C@H](C)C(=O)NC(=O)N3CCN4CCC[C@H]4C3)cnc1-2,85,2.7548158168792725,musk_cfd_pos
musk_activator_alphaC,MuSK,activator,A,Cc1ccc(C=CSc2nc(N3CC(C)(C)CC3=O)c(C)o2)cc1,Cc1ccc(C=CSc2nc(N3CC(C)(C)CC3=O)c(C)o2)cc1,86,2.698338270187378,musk_cfd_pos
musk_activator_alphaC,MuSK,activator,A,CCCCCCCCCCC(=O)O[C@H]1C(=O)O[C@@H](C(O)=CCCC(C)C)C[C@@H]1O,CCCCCCCCCCC(=O)O[C@H]1C(=O)O[C@@H](C(O)=CCCC(C)C)C[C@@H]1O,88,2.407345056533813,musk_cfd_pos
musk_activator_alphaC,MuSK,activator,A,Cc1ccc(-c2ccc(CCN3C=C(Cc4ccccc4)CC3)cc2)cc1,Cc1ccc(-c2ccc(CCN3C=C(Cc4ccccc4)CC3)cc2)cc1,89,2.8551602363586426,musk_cfd_pos
musk_activator_alphaC,MuSK,activator,A,CC(C)CCc1nnc(-c2cccc(NC(=O)c3nnc4ccccc4n3)c2)o1,CC(C)CCc1nnc(-c2cccc(NC(=O)c3nnc4ccccc4n3)c2)o1,90,2.754406690597534,musk_cfd_pos
musk_activator_alphaC,MuSK,activator,A,C[N+](C)(C)CCc1ccc2c(n1)=NC1=CC(CCCCc3ccccc3)=NC=21,C[N+](C)(C)CCc1ccc2c(n1)=NC1=CC(CCCCc3ccccc3)=NC=21,91,2.672818422317505,musk_cfd_pos
musk_activator_alphaC,MuSK,activator,A,Cc1cc2c(-c3nc4cc(C)c(C)cc4[nH]3)c(=O)n(-c3ccccc3)c(=O)n2[nH]1,Cc1cc2c(-c3nc4cc(C)c(C)cc4[nH]3)c(=O)n(-c3ccccc3)c(=O)n2[nH]1,94,2.7897093296051025,musk_cfd_pos
musk_activator_alphaC,MuSK,activator,A,Cc1ccc(C2=NC(=Nc3ccc(S(=O)(=O)N4CCCC4)cc3)N=N2)cc1,Cc1ccc(C2=NC(=Nc3ccc(S(=O)(=O)N4CCCC4)cc3)N=N2)cc1,95,2.7062575817108154,musk_cfd_pos
musk_activator_alphaC,MuSK,activator,A,CCC1=Nc2c(-c3ccccc3)cc(C)cc2N2C(Cc3ccccc3)=C12,CCC1=Nc2c(-c3ccccc3)cc(C)cc2N2C(Cc3ccccc3)=C12,96,2.7455766201019287,musk_cfd_pos
musk_activator_alphaC,MuSK,activator,A,CCn1nc(O)c2cc(OC)c(C)c3ccc4c5ccccc5nc1c4c23,CCn1nc(O)c2cc(OC)c(C)c3ccc4c5ccccc5nc1c4c23,97,2.7246034145355225,musk_cfd_pos
musk_activator_alphaC,MuSK,activator,A,COc1ccc(-c2ccc(C(=O)c3ccc(C(C)(C)C)cc3)c(O)n2)cc1,COc1ccc(-c2ccc(C(=O)c3ccc(C(C)(C)C)cc3)c(O)n2)cc1,98,2.8529202938079834,musk_cfd_pos
musk_activator_alphaC,MuSK,activator,A,Cc1[nH]c2ccccc2c1C(=O)N[C@H]1CCC(=O)N(Cc2ccccc2)C1=O,Cc1[nH]c2ccccc2c1C(=O)N[C@H]1CCC(=O)N(Cc2ccccc2)C1=O,99,2.857123613357544,musk_cfd_pos
musk_activator_alphaC,MuSK,activator,A,Cc1cccc(-c2ccc(C3=NC4=[N+](CC(=O)O)C=CC4=C3C(=O)O)cc2)c1,Cc1cccc(-c2ccc(C3=NC4=[N+](CC(=O)O)C=CC4=C3C(=O)O)cc2)c1,100,2.805896759033203,musk_cfd_pos
musk_activator_alphaC,MuSK,activator,A,Cc1cc2c(c(N)c1Br)C(=O)C1=CC(=O)N(C3CCCC3)c3ccccc3[C@H]1O2,Cc1cc2c(c(N)c1Br)C(=O)C1=CC(=O)N(C3CCCC3)c3ccccc3[C@H]1O2,101,2.681326389312744,musk_cfd_pos
musk_activator_alphaC,MuSK,activator,A,COc1cccc(N2CCC(=O)C(=C(C)c3ccc(S(C)(=O)=O)cc3)C2=O)c1,COc1cccc(N2CCC(=O)C(=C(C)c3ccc(S(C)(=O)=O)cc3)C2=O)c1,102,2.7908761501312256,musk_cfd_pos
musk_activator_alphaC,MuSK,activator,A,NC(=Nc1cnc2ccccc2c1)c1ccc2nc3ccccc3cc2c1,NC(=Nc1cnc2ccccc2c1)c1ccc2nc3ccccc3cc2c1,103,2.856617212295532,musk_cfd_pos
musk_activator_alphaC,MuSK,activator,A,CC1=C(C)C(C)(C)[C@@H]2CC[C@@H](C(=O)Nc3cccc(F)c3F)C[C@H](O)[C@H]2C1,CC1=C(C)C(C)(C)[C@@H]2CC[C@@H](C(=O)Nc3cccc(F)c3F)C[C@H](O)[C@H]2C1,104,2.674842596054077,musk_cfd_pos
musk_activator_alphaC,MuSK,activator,A,O=C(O)[C@H](c1cc2ccccc2s1)N1CCc2cccc(F)c2C1,O=C(O)[C@H](c1cc2ccccc2s1)N1CCc2cccc(F)c2C1,105,2.7455904483795166,musk_cfd_pos
musk_activator_alphaC,MuSK,activator,A,COc1ccc(CCNC(S)=Nc2ccc(-c3ccccn3)cc2)cc1C,COc1ccc(CCNC(S)=Nc2ccc(-c3ccccn3)cc2)cc1C,106,2.80887770652771,musk_cfd_pos
musk_activator_alphaC,MuSK,activator,A,CC1(C)CC2=c3c(c(-c4ccco4)ccc3=NC3=Cc4ccccc4N=CC3=C2)C1=O,CC1(C)CC2=c3c(c(-c4ccco4)ccc3=NC3=Cc4ccccc4N=CC3=C2)C1=O,107,2.784034013748169,musk_cfd_pos
musk_activator_alphaC,MuSK,activator,A,CCCN1CCC(=C[C@@H](C(=O)O)c2ccc3cc(C)ccc3c2)C(=O)C1,CCCN1CCC(=C[C@@H](C(=O)O)c2ccc3cc(C)ccc3c2)C(=O)C1,108,2.670379877090454,musk_cfd_pos
musk_activator_alphaC,MuSK,activator,A,O=C(NCC(=O)N1c2ccccc2C[C@@H]1CO)c1ccc(Cc2ccccc2)s1,O=C(NCC(=O)N1c2ccccc2C[C@@H]1CO)c1ccc(Cc2ccccc2)s1,109,2.827075719833374,musk_cfd_pos
musk_activator_alphaC,MuSK,activator,A,CN(C)c1ccc(C(=O)c2cccc3c(C4CCC(C)(C)CC4)c[nH]c23)cc1,CN(C)c1ccc(C(=O)c2cccc3c(C4CCC(C)(C)CC4)c[nH]c23)cc1,110,2.8015670776367188,musk_cfd_pos
musk_activator_alphaC,MuSK,activator,A,CCCC[C@H](C)N=C(O)c1ccc(CN(C)C(=O)c2ccc(C)cc2)cc1,CCCC[C@H](C)N=C(O)c1ccc(CN(C)C(=O)c2ccc(C)cc2)cc1,111,2.739355564117432,musk_cfd_pos
musk_activator_alphaC,MuSK,activator,A,O=C(Nc1ccc2nc(CCc3ccc4ccccc4c3)[nH]c2c1)N1CCCC1,O=C(Nc1ccc2nc(CCc3ccc4ccccc4c3)[nH]c2c1)N1CCCC1,112,2.8110272884368896,musk_cfd_pos
musk_activator_alphaC,MuSK,activator,A,Oc1cc(-c2cccc(OCCCNCc3ccccc3)c2)[nH]n1,Oc1cc(-c2cccc(OCCCNCc3ccccc3)c2)[nH]n1,113,2.825244903564453,musk_cfd_pos
musk_activator_alphaC,MuSK,activator,A,CCN(Cc1ccc(C(=O)NC)[nH]1)C(=O)Cc1cc(C(=O)Nc2ccccc2)o[nH+]1,CCN(Cc1ccc(C(=O)NC)[nH]1)C(=O)Cc1cc(C(=O)Nc2ccccc2)o[nH+]1,114,2.793328285217285,musk_cfd_pos
musk_activator_alphaC,MuSK,activator,A,CNC(=O)c1ccc2ccc(C(=O)Nc3ccc(N4CCCC4)cc3)cc2c1,CNC(=O)c1ccc2ccc(C(=O)Nc3ccc(N4CCCC4)cc3)cc2c1,116,2.909967422485352,musk_cfd_pos
musk_activator_alphaC,MuSK,activator,A,Cc1c(C(=O)c2cccc(-c3ccccc3)c2)cnn1-c1ccc(O)cc1,Cc1c(C(=O)c2cccc(-c3ccccc3)c2)cnn1-c1ccc(O)cc1,117,2.883229255676269,musk_cfd_pos
musk_activator_alphaC,MuSK,activator,A,C[C@@H](NC(=O)OCC(=O)Nc1ccc(C(=O)Nc2ccccc2)cc1)c1cccs1,C[C@@H](NC(=O)OCC(=O)Nc1ccc(C(=O)Nc2ccccc2)cc1)c1cccs1,118,2.7917633056640625,musk_cfd_pos
musk_activator_alphaC,MuSK,activator,A,Cc1cccc(N=C2N=c3ccc(C=CNCc4ccccc4)cc3=[S+]2)c1,Cc1cccc(N=C2N=c3ccc(C=CNCc4ccccc4)cc3=[S+]2)c1,119,2.7905731201171875,musk_cfd_pos
musk_activator_alphaC,MuSK,activator,A,Cc1oc(-c2coc(-c3cc(=O)n4c(n3)N(C)CC4)c2)cc1C(=O)Nc1ccccc1,Cc1oc(-c2coc(-c3cc(=O)n4c(n3)N(C)CC4)c2)cc1C(=O)Nc1ccccc1,120,2.810838222503662,musk_cfd_pos
musk_activator_alphaC,MuSK,activator,A,O=C(NCCCCn1ccc[nH+]1)C1=C[N+]2=C(C(=O)NCCN3CCCC3)C=CC2=C1,O=C(NCCCCn1ccc[nH+]1)C1=C[N+]2=C(C(=O)NCCN3CCCC3)C=CC2=C1,121,2.726878881454468,musk_cfd_pos
musk_activator_alphaC,MuSK,activator,A,Cc1ccc2nc3cccc(NC(=O)Cc4ccccc4)c3cc2c1,Cc1ccc2nc3cccc(NC(=O)Cc4ccccc4)c3cc2c1,122,2.858604431152344,musk_cfd_pos
musk_activator_alphaC,MuSK,activator,A,CC(C)c1c(O)c(CCN(C)O)c2c3c(nc4ccccc42)C(=O)C=C(O)c13,CC(C)c1c(O)c(CCN(C)O)c2c3c(nc4ccccc42)C(=O)C=C(O)c13,123,2.730135202407837,musk_cfd_pos
musk_activator_alphaC,MuSK,activator,A,CC(C)N[C@@H](C(=O)O)c1nc2ccccc2n(CC2CCCC2)c1=O,CC(C)N[C@@H](C(=O)O)c1nc2ccccc2n(CC2CCCC2)c1=O,124,2.7072761058807373,musk_cfd_pos
musk_activator_alphaC,MuSK,activator,A,COc1cccc(CCC(=O)[C@H]2CCCC[C@H]2Cc2ccc(O)nc2)c1,COc1cccc(CCC(=O)[C@H]2CCCC[C@H]2Cc2ccc(O)nc2)c1,125,2.766113042831421,musk_cfd_pos
musk_activator_alphaC,MuSK,activator,A,CCn1cc(N(C)CCCC(=O)NCc2cc([C@H](C)N)[nH]n2)c2ccccc21,CCn1cc(N(C)CCCC(=O)NCc2cc([C@H](C)N)[nH]n2)c2ccccc21,126,2.7200894355773926,musk_cfd_pos
musk_activator_alphaC,MuSK,activator,A,C[C@@H]1CCCN(C(=O)c2ccc3cc(Oc4ccccn4)ccc3c2)CC1,C[C@@H]1CCCN(C(=O)c2ccc3cc(Oc4ccccn4)ccc3c2)CC1,127,2.753870964050293,musk_cfd_pos
musk_activator_alphaC,MuSK,activator,A,COc1ccc(-c2cccc(NCCNC(S)=Nc3cccc(C)c3)c2)cc1,COc1ccc(-c2cccc(NCCNC(S)=Nc3cccc(C)c3)c2)cc1,128,2.856101751327514,musk_cfd_pos
musk_activator_alphaC,MuSK,activator,A,CNC[C@H]1CCCN(c2cnc3ccc(-c4cc(-c5cccnc5)ccn4)cc3n2)C1,CNC[C@H]1CCCN(c2cnc3ccc(-c4cc(-c5cccnc5)ccn4)cc3n2)C1,129,2.7374391555786133,musk_cfd_pos
musk_activator_alphaC,MuSK,activator,A,CCc1ccc(NC(=O)C=Cc2ccc3cnc(C(=O)N(C)CC)cc3c2)cc1,CCc1ccc(NC(=O)C=Cc2ccc3cnc(C(=O)N(C)CC)cc3c2)cc1,130,2.853947639465332,musk_cfd_pos
musk_activator_alphaC,MuSK,activator,A,CCN(Cc1ccccc1)C(O)=Nc1ccc(OCC(C)C)cc1C,CCN(Cc1ccccc1)C(O)=Nc1ccc(OCC(C)C)cc1C,131,2.8019161224365234,musk_cfd_pos
musk_activator_alphaC,MuSK,activator,A,Cc1ccc2cc3c(O)c4cc(Nc5ccc(O)cc5)ccc4nc3cc2c1C,Cc1ccc2cc3c(O)c4cc(Nc5ccc(O)cc5)ccc4nc3cc2c1C,132,2.8784308433532715,musk_cfd_pos
musk_activator_alphaC,MuSK,activator,A,OC[C@@H](C=Cc1cccc(O)c1O)O[C@H](O)CNc1ncc2cc(O)ccc2c1O,OC[C@@H](C=Cc1cccc(O)c1O)O[C@H](O)CNc1ncc2cc(O)ccc2c1O,133,2.670656681060791,musk_cfd_pos
musk_activator_alphaC,MuSK,activator,A,COc1cc(F)c(N2CC[C@H]([C@H](C(=O)O)c3ccccc3)C2)c(F)c1,COc1cc(F)c(N2CC[C@H]([C@H](C(=O)O)c3ccccc3)C2)c(F)c1,134,2.8147575855255127,musk_cfd_pos
musk_activator_alphaC,MuSK,activator,A,O=C(Cc1ccccc1)NCSC1=[N+](c2ccccc2)C(=O)c2ccccc21,O=C(Cc1ccccc1)NCSC1=[N+](c2ccccc2)C(=O)c2ccccc21,136,2.8374102115631104,musk_cfd_pos
musk_activator_alphaC,MuSK,activator,A,COC(=O)c1c(C)nc2cccc3c4ccccc4c4cccc(c4)c1c23,COC(=O)c1c(C)nc2cccc3c4ccccc4c4cccc(c4)c1c23,137,2.576500177383423,musk_cfd_pos
musk_activator_alphaC,MuSK,activator,A,Cc1nc(-c2ccc(CO)nc2)cc(N2C[C@H](c3cccc(C(=O)O)c3)CC[C@@H]2C)n1,Cc1nc(-c2ccc(CO)nc2)cc(N2C[C@H](c3cccc(C(=O)O)c3)CC[C@@H]2C)n1,138,2.8348143100738525,musk_cfd_pos
musk_activator_alphaC,MuSK,activator,A,Cc1cc2c(ccc3[nH+]c4ccc(C(=O)NC5CCNCC5)cc4cc32)[nH]1,Cc1cc2c(ccc3[nH+]c4ccc(C(=O)NC5CCNCC5)cc4cc32)[nH]1,139,2.805967330932617,musk_cfd_pos
musk_activator_alphaC,MuSK,activator,A,C[C@H](N)COc1ccc(-c2ccc3ccccc3n2)cc1C(=O)NCCCCCN,C[C@H](N)COc1ccc(-c2ccc3ccccc3n2)cc1C(=O)NCCCCCN,140,2.715153694152832,musk_cfd_pos
musk_activator_alphaC,MuSK,activator,A,Cc1ccc2cc(NC(=O)NCC3=CN4CCC[C@H]4CC3)ccc2c1,Cc1ccc2cc(NC(=O)NCC3=CN4CCC[C@H]4CC3)ccc2c1,141,2.858036994934082,musk_cfd_pos
musk_activator_alphaC,MuSK,activator,A,Cc1cccc2cc[nH+]cc12.O=C(O)C1Cc2c([nH]c3ccccc23)[C@H]2CCC[C@@H]12,Cc1cccc2cc[nH+]cc12.O=C(O)C1Cc2c([nH]c3ccccc23)[C@H]2CCC[C@@H]12,142,2.386772394180298,musk_cfd_pos
musk_activator_alphaC,MuSK,activator,A,CC(=Nc1ccnc2c(-c3ccccc3)cn-2n1)C1Nc2ccccc2N1,CC(=Nc1ccnc2c(-c3ccccc3)cn-2n1)C1Nc2ccccc2N1,143,2.7652838230133057,musk_cfd_pos
musk_activator_alphaC,MuSK,activator,A,CN1CCCCC1.Cc1cccc(OCCNC(=O)[C@H](NC(=O)c2ccccc2N)C(C)C)c1,CN1CCCCC1.Cc1cccc(OCCNC(=O)[C@H](NC(=O)c2ccccc2N)C(C)C)c1,144,2.7442760467529297,musk_cfd_pos
musk_activator_alphaC,MuSK,activator,A,C[C@H](CC(=O)O)NC(=O)c1ccc2ccc(N[C@@H]3COC(C)(C)C3)cc2c1,C[C@H](CC(=O)O)NC(=O)c1ccc2ccc(N[C@@H]3COC(C)(C)C3)cc2c1,145,2.820666551589966,musk_cfd_pos
musk_activator_alphaC,MuSK,activator,A,CCCCc1ccc(NC[C@H]2C=Cc3cc4cc[n+](C)cc4cc3C(=O)N2)cc1,CCCCc1ccc(NC[C@H]2C=Cc3cc4cc[n+](C)cc4cc3C(=O)N2)cc1,146,2.7545418739318848,musk_cfd_pos
musk_activator_alphaC,MuSK,activator,A,Cc1c(-c2cc3ccsc3c3[nH+]c(CCN(C)C)nn23)c[nH]c1CN1CCCCC1,Cc1c(-c2cc3ccsc3c3[nH+]c(CCN(C)C)nn23)c[nH]c1CN1CCCCC1,147,2.754094362258911,musk_cfd_pos
musk_activator_alphaC,MuSK,activator,A,CCCCCC(=O)Nc1ccc(C(=O)Nc2nc3ccccc3nc2C(=O)N(C)C)cc1,CCCCCC(=O)Nc1ccc(C(=O)Nc2nc3ccccc3nc2C(=O)N(C)C)cc1,148,2.7944939136505127,musk_cfd_pos
musk_activator_alphaC,MuSK,activator,A,CNC1=C2C=CC3=C4C(=CCC(=CC1=O)[C@@H]24)C[C@H]1C2=C(C[C@@H]31)[C@H](O)CCC2,CNC1=C2C=CC3=C4C(=CCC(=CC1=O)[C@@H]24)C[C@H]1C2=C(C[C@@H]31)[C@H](O)CCC2,149,2.467188596725464,musk_cfd_pos
musk_activator_alphaC,MuSK,activator,A,Cc1cccc(Cc2ccc(C(=O)N[C@@]34CCO[C@@H]3COC(=O)C4)cc2)c1,Cc1cccc(Cc2ccc(C(=O)N[C@@]34CCO[C@@H]3COC(=O)C4)cc2)c1,150,2.772457838058472,musk_cfd_pos
musk_activator_alphaC,MuSK,activator,A,CN(C)CCOc1ccc2c(c1)O[C@H]1CC(=O)N(C(=O)c3cccc(Br)c3N)[C@@H]21,CN(C)CCOc1ccc2c(c1)O[C@H]1CC(=O)N(C(=O)c3cccc(Br)c3N)[C@@H]21,151,2.807436466217041,musk_cfd_pos
musk_activator_alphaC,MuSK,activator,A,O=C(NCCNC(=O)c1ccc(Oc2ccccc2)cc1)NCc1ccccc1,O=C(NCCNC(=O)c1ccc(Oc2ccccc2)cc1)NCc1ccccc1,152,2.876561164855957,musk_cfd_pos
musk_activator_alphaC,MuSK,activator,A,Cc1ccc(-c2ccc(N=C(S)NC3=CC=C(c4ccccc4)NC=C3)cc2)cc1,Cc1ccc(-c2ccc(N=C(S)NC3=CC=C(c4ccccc4)NC=C3)cc2)cc1,155,2.804288387298584,musk_cfd_pos
musk_activator_alphaC,MuSK,activator,A,CC(C)N1C(=O)[C@H](Cc2ccccc2)n2c1nc1ccccc1c2=O,CC(C)N1C(=O)[C@H](Cc2ccccc2)n2c1nc1ccccc1c2=O,156,2.774853706359864,musk_cfd_pos
musk_activator_alphaC,MuSK,activator,A,C[C@@H]1CN(C)CCN1c1ccc2cc(Nc3cc(N4CCCCCC4)c[nH]3)ccc2c1,C[C@@H]1CN(C)CCN1c1ccc2cc(Nc3cc(N4CCCCCC4)c[nH]3)ccc2c1,157,2.80893611907959,musk_cfd_pos
musk_activator_alphaC,MuSK,activator,A,Cc1ccc(CNC(=O)CCC(=O)N2CCCN(c3ccccc3)CC2)cc1,Cc1ccc(CNC(=O)CCC(=O)N2CCCN(c3ccccc3)CC2)cc1,158,2.81226134300232,musk_cfd_pos
musk_activator_alphaC,MuSK,activator,A,C[C@H]1[C@@H]2C(=O)[C@H](C=CC3=NCC=CC3=O)C(=O)[C@@H]2[C@@H](O)C[C@]1(O)C(C)(C)C,C[C@H]1[C@@H]2C(=O)[C@H](C=CC3=NCC=CC3=O)C(=O)[C@@H]2[C@@H](O)C[C@]1(O)C(C)(C)C,159,2.686009645462036,musk_cfd_pos
musk_activator_alphaC,MuSK,activator,A,CN(C)c1ccc(C(=O)Nc2cccc(-c3ccccn3)c2)c(O)n1,CN(C)c1ccc(C(=O)Nc2cccc(-c3ccccn3)c2)c(O)n1,162,2.861417770385742,musk_cfd_pos
musk_activator_alphaC,MuSK,activator,A,C[C@H](N)CCc1ccc(C(=O)c2ccc(COCCc3ccccc3)cn2)cc1,C[C@H](N)CCc1ccc(C(=O)c2ccc(COCCc3ccccc3)cn2)cc1,163,2.7431252002716064,musk_cfd_pos
musk_activator_alphaC,MuSK,activator,A,O=C1C=C(c2cccc(C(=O)Nc3ccccn3)c2)N[C@@H](c2ccc(O)cc2)O1,O=C1C=C(c2cccc(C(=O)Nc3ccccn3)c2)N[C@@H](c2ccc(O)cc2)O1,164,2.479541301727295,musk_cfd_pos
musk_activator_alphaC,MuSK,activator,A,O=C(O)c1ccc2c3oc4ccccc4c3c(=O)c3nccn3c2c1,O=C(O)c1ccc2c3oc4ccccc4c3c(=O)c3nccn3c2c1,165,2.8353018760681152,musk_cfd_pos
musk_activator_alphaC,MuSK,activator,A,CC1=C(O)OC(C(:Cc2cccc(O)c2)c2ccc(O)c(O)c2)=C2C=CC=CC=C12,CC1=C(O)OC(C(:Cc2cccc(O)c2)c2ccc(O)c(O)c2)=C2C=CC=CC=C12,166,2.773930788040161,musk_cfd_pos
musk_activator_alphaC,MuSK,activator,A,Cc1ccccc1CNCc1cccc(NC(=O)Nc2c(F)ccc(F)c2F)c1,Cc1ccccc1CNCc1cccc(NC(=O)Nc2c(F)ccc(F)c2F)c1,167,2.891398668289185,musk_cfd_pos
musk_activator_alphaC,MuSK,activator,A,C[C@H]1[C@H](CCCc2ccc(NCCC(=O)NCc3ccccc3)cc2)CCCC1(C)C,C[C@H]1[C@H](CCCc2ccc(NCCC(=O)NCc3ccccc3)cc2)CCCC1(C)C,168,2.773695707321167,musk_cfd_pos
musk_activator_alphaC,MuSK,activator,A,Cn1c(=O)ccc2cc(C(=O)NCCCC[N+](C)(C)C)c(-n3ccnc3)nc21,Cn1c(=O)ccc2cc(C(=O)NCCCC[N+](C)(C)C)c(-n3ccnc3)nc21,169,2.736199140548706,musk_cfd_pos
musk_activator_alphaC,MuSK,activator,A,COc1nccc(C(=O)N2CCCN(C(=O)c3ccccc3C)CC2)c1C,COc1nccc(C(=O)N2CCCN(C(=O)c3ccccc3C)CC2)c1C,171,2.844151258468628,musk_cfd_pos
musk_activator_alphaC,MuSK,activator,A,Cc1cc(C)c(-c2ccccc2)c(Oc2cc(C(=O)O)c3ccccc3c2)n1,Cc1cc(C)c(-c2ccccc2)c(Oc2cc(C(=O)O)c3ccccc3c2)n1,172,2.866706132888794,musk_cfd_pos
musk_activator_alphaC,MuSK,activator,A,C[C@@H]1[C@@H](C)CCN1C(=O)C1=CC=c2cc(NCCCCCCN)c(N(C)C)cc2=CN1,C[C@@H]1[C@@H](C)CCN1C(=O)C1=CC=c2cc(NCCCCCCN)c(N(C)C)cc2=CN1,173,2.557757616043091,musk_cfd_pos
musk_activator_alphaC,MuSK,activator,A,N[C@H]1CCN(C(=O)C(=O)C2c3ccccc3Nc3ccccc32)C[C@H]1O,N[C@H]1CCN(C(=O)C(=O)C2c3ccccc3Nc3ccccc32)C[C@H]1O,174,2.816589832305908,musk_cfd_pos
musk_activator_alphaC,MuSK,activator,A,O=C(Nc1[nH+]c(-c2ccc(O)cc2)cs1)c1ccc(-c2ccccc2)[nH]1,O=C(Nc1[nH+]c(-c2ccc(O)cc2)cs1)c1ccc(-c2ccccc2)[nH]1,176,2.8502907752990723,musk_cfd_pos
musk_activator_alphaC,MuSK,activator,A,Cc1cnn(Cc2ccc(NC(=O)NCCCNCc3ccccc3)cc2)c1,Cc1cnn(Cc2ccc(NC(=O)NCCCNCc3ccccc3)cc2)c1,177,2.809917688369751,musk_cfd_pos
musk_activator_alphaC,MuSK,activator,A,C[C@H](C(=O)CN1CC[C@H](CNc2ccnc(-c3ccncc3)n2)C1)N1CCCCC1,C[C@H](C(=O)CN1CC[C@H](CNc2ccnc(-c3ccncc3)n2)C1)N1CCCCC1,178,2.8165030479431152,musk_cfd_pos
musk_activator_alphaC,MuSK,activator,A,Cc1ccc2c(c1)CCN(C(=O)c1ccc3nc(CCN(C)C)ccc3c1)C2,Cc1ccc2c(c1)CCN(C(=O)c1ccc3nc(CCN(C)C)ccc3c1)C2,179,2.889487743377685,musk_cfd_pos
musk_activator_alphaC,MuSK,activator,A,CC[C@@H](C)COc1cccc(Nc2nc3cc(C)ccc3n3ccnc23)c1,CC[C@@H](C)COc1cccc(Nc2nc3cc(C)ccc3n3ccnc23)c1,180,2.7437686920166016,musk_cfd_pos
musk_activator_alphaC,MuSK,activator,A,COCCNc1ccc(Nc2cccc(-c3ccc(C(C)(C)C)cc3)c2)cc1,COCCNc1ccc(Nc2cccc(-c3ccc(C(C)(C)C)cc3)c2)cc1,181,2.873659372329712,musk_cfd_pos
musk_activator_alphaC,MuSK,activator,A,CN(C)CCCCCCCCCc1ccc2c(c1)C=C(C(=O)NCCO)CC2,CN(C)CCCCCCCCCc1ccc2c(c1)C=C(C(=O)NCCO)CC2,182,2.670004606246948,musk_cfd_pos
musk_activator_alphaC,MuSK,activator,A,Cc1cc([C@H]2CCN3C(c4ccccc4)=C(C(=O)O)C[C@@H]23)n2nc(C)cc2n1,Cc1cc([C@H]2CCN3C(c4ccccc4)=C(C(=O)O)C[C@@H]23)n2nc(C)cc2n1,183,2.6748499870300293,musk_cfd_pos
musk_activator_alphaC,MuSK,activator,A,C=C1N=C(NCCc2ccc(F)cc2)NN=C(N2CCN(Cc3ccc(O)cc3)CC2)C1=O,C=C1N=C(NCCc2ccc(F)cc2)NN=C(N2CCN(Cc3ccc(O)cc3)CC2)C1=O,184,2.8132541179656982,musk_cfd_pos
musk_activator_alphaC,MuSK,activator,A,Cc1cccc(CN2CCC[C@H](NC(=O)c3cccc4ccccc34)C2)c1,Cc1cccc(CN2CCC[C@H](NC(=O)c3cccc4ccccc34)C2)c1,185,2.855092763900757,musk_cfd_pos
musk_activator_alphaC,MuSK,activator,A,CCCCCC[C@H](C)CCCCc1cccc(CCNC(=O)NC2CCCCC2)c1,CCCCCC[C@H](C)CCCCc1cccc(CCNC(=O)NC2CCCCC2)c1,186,2.5820305347442627,musk_cfd_pos
musk_activator_alphaC,MuSK,activator,A,O=c1ccc2cc(NCCc3ccc(NC4(c5ccccc5)CC4)cc3)ccc2[nH]1,O=c1ccc2cc(NCCc3ccc(NC4(c5ccccc5)CC4)cc3)ccc2[nH]1,187,2.887180805206299,musk_cfd_pos
musk_activator_alphaC,MuSK,activator,A,Cn1cc(C(=O)CNC(=O)c2ccc(N3C=CCCC3)cc2)c2ccccc21,Cn1cc(C(=O)CNC(=O)c2ccc(N3C=CCCC3)cc2)c2ccccc21,188,2.8664629459381104,musk_cfd_pos
musk_activator_alphaC,MuSK,activator,A,CC(C)(O)ONC(N)=NCc1ccc2c(c1)N(C(=O)c1cccc(O)c1)C(=O)C2,CC(C)(O)ONC(N)=NCc1ccc2c(c1)N(C(=O)c1cccc(O)c1)C(=O)C2,189,2.7974953651428223,musk_cfd_pos
musk_activator_alphaC,MuSK,activator,A,O=C1C2=c3c(cccc3=[N+]1Cc1ccccc1)N=c1ccccc1=[NH+]2,O=C1C2=c3c(cccc3=[N+]1Cc1ccccc1)N=c1ccccc1=[NH+]2,190,2.783473253250122,musk_cfd_pos
musk_activator_alphaC,MuSK,activator,A,O=C(O)c1ccccc1[C@@H]1Cc2ccccc2C2=C3C=C=CC=C3CC[C@H]21,O=C(O)c1ccccc1[C@@H]1Cc2ccccc2C2=C3C=C=CC=C3CC[C@H]21,191,2.7003369331359863,musk_cfd_pos
musk_activator_alphaC,MuSK,activator,A,C[C@@H]1CCCC[C@@H](COc2ccc(Oc3ccc(C(O)=N[C@@H]4CCN(C)C4)cc3)cc2)C1,C[C@@H]1CCCC[C@@H](COc2ccc(Oc3ccc(C(O)=N[C@@H]4CCN(C)C4)cc3)cc2)C1,192,2.7406435012817383,musk_cfd_pos
musk_activator_alphaC,MuSK,activator,A,C[C@H](N)C(=O)O[C@@]12CCC[C@@H]1C[C@H]1C[C@H](CCNC(=O)N[C@@H]3CCN(C)C3)C=C[C@@H]1C2,C[C@H](N)C(=O)O[C@@]12CCC[C@@H]1C[C@H]1C[C@H](CCNC(=O)N[C@@H]3CCN(C)C3)C=C[C@@H]1C2,193,2.5195095539093018,musk_cfd_pos
musk_activator_alphaC,MuSK,activator,A,C[C@H](CCc1ccccc1)NC(=O)Nc1ccc(NCCSc2cccc(O)c2)nc1,C[C@H](CCc1ccccc1)NC(=O)Nc1ccc(NCCSc2cccc(O)c2)nc1,194,2.7925291061401367,musk_cfd_pos
musk_activator_alphaC,MuSK,activator,A,CC[C@H](CCc1ccc(O)cc1)[C@H]1C=CC(=CCC2=CC(=O)C=CC2=O)[C@](C)(O)C1,CC[C@H](CCc1ccc(O)cc1)[C@H]1C=CC(=CCC2=CC(=O)C=CC2=O)[C@](C)(O)C1,195,2.7937612533569336,musk_cfd_pos
musk_activator_alphaC,MuSK,activator,A,NS(=O)(=O)c1ccc(NC(=O)NCc2cccc(-c3ccccn3)n2)cc1,NS(=O)(=O)c1ccc(NC(=O)NCc2cccc(-c3ccccn3)n2)cc1,196,2.82696270942688,musk_cfd_pos
musk_activator_alphaC,MuSK,activator,A,CN(C)CC(=O)N1CC[C@H](C(=O)Nc2cccc(OCc3ccccc3)c2)C1,CN(C)CC(=O)N1CC[C@H](C(=O)Nc2cccc(OCc3ccccc3)c2)C1,197,2.818266630172729,musk_cfd_pos
musk_activator_alphaC,MuSK,activator,A,COc1ccc(-c2ccc3c(c2)S[C@H]2C[C@@H](c4ccc(O)cc4)CN2C3)cc1,COc1ccc(-c2ccc3c(c2)S[C@H]2C[C@@H](c4ccc(O)cc4)CN2C3)cc1,198,2.8263745307922363,musk_cfd_pos
musk_activator_alphaC,MuSK,activator,A,Cc1ccc(O)c([C@H](NC(=O)c2ccc([C@H](C)N)cc2)c2cccs2)c1,Cc1ccc(O)c([C@H](NC(=O)c2ccc([C@H](C)N)cc2)c2cccs2)c1,200,2.8041696548461914,musk_cfd_pos
musk_activator_alphaC,MuSK,activator,A,Cc1o[nH+]c(-c2ccc3[nH]ccc3c2)c1C(=O)NCCNS(C)(=O)=O,Cc1o[nH+]c(-c2ccc3[nH]ccc3c2)c1C(=O)NCCNS(C)(=O)=O,201,2.795248031616211,musk_cfd_pos
musk_activator_alphaC,MuSK,activator,A,CC(=O)c1cccc(NC(=O)[C@H]2[C@@H](O)[C@H](O)[C@@H](O)[C@H](O)[C@@H]2[C@H](C)O)c1,CC(=O)c1cccc(NC(=O)[C@H]2[C@@H](O)[C@H](O)[C@@H](O)[C@H](O)[C@@H]2[C@H](C)O)c1,203,2.654083013534546,musk_cfd_pos
musk_activator_alphaC,MuSK,activator,A,O=C(O)N(CCCc1ccccc1)c1ccc(N2CCCCC2)cn1,O=C(O)N(CCCc1ccccc1)c1ccc(N2CCCCC2)cn1,204,2.8112800121307373,musk_cfd_pos
musk_activator_alphaC,MuSK,activator,A,Fc1ccc2c(c1)CCCN2c1ccccc1.OCc1ccccc1,Fc1ccc2c(c1)CCCN2c1ccccc1.OCc1ccccc1,205,2.7937514781951904,musk_cfd_pos
musk_activator_alphaC,MuSK,activator,A,C=C1[C@@H]([C@]2(C)CCC[C@@H]3C(=O)CC[C@]32C)C(=O)C[C@@]12CC[C@H]1c3ccccc3O[C@H]1C2,C=C1[C@@H]([C@]2(C)CCC[C@@H]3C(=O)CC[C@]32C)C(=O)C[C@@]12CC[C@H]1c3ccccc3O[C@H]1C2,207,2.6342456340789795,musk_cfd_pos
musk_activator_alphaC,MuSK,activator,A,CC(=CC[C@H]1CCC[C@H](O)CC1)c1c[nH]c(-c2cc(C)[nH+]c3ccccc23)c1,CC(=CC[C@H]1CCC[C@H](O)CC1)c1c[nH]c(-c2cc(C)[nH+]c3ccccc23)c1,209,2.558544397354126,musk_cfd_pos
musk_activator_alphaC,MuSK,activator,A,NS(=O)(=O)c1cccc(N2C[C@H](n3c(=O)[nH]c(=O)c4ccccc43)C[C@@H]2C(=O)O)c1,NS(=O)(=O)c1cccc(N2C[C@H](n3c(=O)[nH]c(=O)c4ccccc43)C[C@@H]2C(=O)O)c1,210,2.819890260696411,musk_cfd_pos
musk_activator_alphaC,MuSK,activator,A,CN(Cc1cc2ccccc2[nH]1)C(=O)CCNC(=O)c1ccc([C@H](O)CO)cc1,CN(Cc1cc2ccccc2[nH]1)C(=O)CCNC(=O)c1ccc([C@H](O)CO)cc1,211,2.797038555145264,musk_cfd_pos
musk_activator_alphaC,MuSK,activator,A,CC(C)(C)CN1CCN(C2=c3ccccc3=Nc3cccc(N)c3N2)CC1,CC(C)(C)CN1CCN(C2=c3ccccc3=Nc3cccc(N)c3N2)CC1,212,2.7880635261535645,musk_cfd_pos
musk_activator_alphaC,MuSK,activator,A,CN(C)c1ccc2[n+](c1)Cc1cc(CCCCCCC=Cc3ccccc3)ncc1-2,CN(C)c1ccc2[n+](c1)Cc1cc(CCCCCCC=Cc3ccccc3)ncc1-2,213,2.797718048095703,musk_cfd_pos
musk_activator_alphaC,MuSK,activator,A,CS(=O)(=O)c1cccc2c1S[C@@H](NC(=O)c1ccc3ccccc3c1)C2,CS(=O)(=O)c1cccc2c1S[C@@H](NC(=O)c1ccc3ccccc3c1)C2,214,2.819210290908813,musk_cfd_pos
musk_activator_alphaC,MuSK,activator,A,O=C(CCCNCCN1CCCC1)NCc1ccc(CCc2ccccc2)nc1,O=C(CCCNCCN1CCCC1)NCc1ccc(CCc2ccccc2)nc1,215,2.876375436782837,musk_cfd_pos
musk_activator_alphaC,MuSK,activator,A,CC[n+]1c2ccc(C(=O)NCCCCCCCCN)ccc-2c2ccccc21,CC[n+]1c2ccc(C(=O)NCCCCCCCCN)ccc-2c2ccccc21,216,2.5752971172332764,musk_cfd_pos
musk_activator_alphaC,MuSK,activator,A,OC(=Cc1nc2c([nH]1)CCCCC2)N[C@H]1CC[C@@H](OCc2ccccc2)CC1,OC(=Cc1nc2c([nH]1)CCCCC2)N[C@H]1CC[C@@H](OCc2ccccc2)CC1,217,2.8452181816101074,musk_cfd_pos
musk_activator_alphaC,MuSK,activator,A,O=C1N=C2C=CC=CC(N3CCCCCC3)=C2NC=C1CNCc1ccccc1,O=C1N=C2C=CC=CC(N3CCCCCC3)=C2NC=C1CNCc1ccccc1,218,2.7032217979431152,musk_cfd_pos
musk_activator_alphaC,MuSK,activator,A,O=C(NCc1ccc(-c2ccccc2)cc1)C1=CC(O)=CC2NCC=C12,O=C(NCc1ccc(-c2ccccc2)cc1)C1=CC(O)=CC2NCC=C12,220,2.8295934200286865,musk_cfd_pos
musk_activator_alphaC,MuSK,activator,A,O=C(Nc1ccc(NCc2ccccc2)cc1)Nc1cccc(Cc2ccccc2)c1,O=C(Nc1ccc(NCc2ccccc2)cc1)Nc1cccc(Cc2ccccc2)c1,221,2.9380321502685547,musk_cfd_pos
musk_activator_alphaC,MuSK,activator,A,C[N+](C)(C)CCCc1ccc(-c2ccc(Nc3ccccc3)nc2)cc1,C[N+](C)(C)CCCc1ccc(-c2ccc(Nc3ccccc3)nc2)cc1,222,2.796626806259156,musk_cfd_pos
musk_activator_alphaC,MuSK,activator,A,O=C(c1ccc(-c2n[nH]c(=O)o2)o1)N1CCC(OCc2ccncc2)CC1,O=C(c1ccc(-c2n[nH]c(=O)o2)o1)N1CCC(OCc2ccncc2)CC1,223,2.8313663005828857,musk_cfd_pos
musk_activator_alphaC,MuSK,activator,A,CC(C)(C)c1ncc2c(n1)C1(CCCC1)C(=O)N(Cc1cccc(C(=N)N)c1)C2,CC(C)(C)c1ncc2c(n1)C1(CCCC1)C(=O)N(Cc1cccc(C(=N)N)c1)C2,224,2.843824625015259,musk_cfd_pos
musk_activator_alphaC,MuSK,activator,A,O=C(N[C@@H]1C[C@@H]2Cc3ccccc3[C@H]3CCC[C@@H]1N23)c1coc2cc(O)ccc12,O=C(N[C@@H]1C[C@@H]2Cc3ccccc3[C@H]3CCC[C@@H]1N23)c1coc2cc(O)ccc12,226,2.707578659057617,musk_cfd_pos
musk_activator_alphaC,MuSK,activator,A,CC1=CC=C(NCCCc2ccccc2)N=C(c2ccccc2)N1,CC1=CC=C(NCCCc2ccccc2)N=C(c2ccccc2)N1,227,2.7728729248046875,musk_cfd_pos
musk_activator_alphaC,MuSK,activator,A,C[C@H](CO)C(=O)NCCCc1ccc(CNCCc2ccccn2)cc1,C[C@H](CO)C(=O)NCCCc1ccc(CNCCc2ccccn2)cc1,228,2.829008340835572,musk_cfd_pos
musk_activator_alphaC,MuSK,activator,A,CCc1c2ncc3ccccc3nc-2c2c1Nc1ccccc1C(=O)N(C)C2,CCc1c2ncc3ccccc3nc-2c2c1Nc1ccccc1C(=O)N(C)C2,229,2.714585065841675,musk_cfd_pos
musk_activator_alphaC,MuSK,activator,A,NC(=NNC(=O)[N@H+]1CCc2cc(C(=O)NCc3cc[n+](O)cc3)ccc21)c1ccccc1,NC(=NNC(=O)[N@H+]1CCc2cc(C(=O)NCc3cc[n+](O)cc3)ccc21)c1ccccc1,230,2.9054267406463623,musk_cfd_pos
musk_activator_alphaC,MuSK,activator,A,C[C@H]1[C@@H]2CC(=CCC[C@@H]3C=C[C@H](O)CC3)CC2=CC[C@@H]1C1(C)CCN(C)CC1,C[C@H]1[C@@H]2CC(=CCC[C@@H]3C=C[C@H](O)CC3)CC2=CC[C@@H]1C1(C)CCN(C)CC1,231,2.575927972793579,musk_cfd_pos
musk_activator_alphaC,MuSK,activator,A,Cn1ccc2c(CC[C@H]3C(=O)CCN3CC(=O)Nc3ccccc3[N+](=O)O)cccc21,Cn1ccc2c(CC[C@H]3C(=O)CCN3CC(=O)Nc3ccccc3[N+](=O)O)cccc21,232,2.80035138130188,musk_cfd_pos
musk_activator_alphaC,MuSK,activator,A,O=C(NCCOCc1ccccc1)c1ccc2c(c1)C(=O)N1CCCC[C@H]1C2=O,O=C(NCCOCc1ccccc1)c1ccc2c(c1)C(=O)N1CCCC[C@H]1C2=O,233,2.902700185775757,musk_cfd_pos
musk_activator_alphaC,MuSK,activator,A,N[P@](=O)(O)CCCCCCCCCCC(=O)NCc1ccccc1,N[P@](=O)(O)CCCCCCCCCCC(=O)NCc1ccccc1,234,2.6844253540039062,musk_cfd_pos
musk_activator_alphaC,MuSK,activator,A,Cc1ccc2oc3c(Nc4noc(CCCc5ccccc5)n4)cccc3c2c1C,Cc1ccc2oc3c(Nc4noc(CCCc5ccccc5)n4)cccc3c2c1C,235,2.76111364364624,musk_cfd_pos
musk_activator_alphaC,MuSK,activator,A,CC1=NN(c2ccc(Cn3ccnc3)cc2)C2=CN(c3ccc(C)cc3)N[C@H]21,CC1=NN(c2ccc(Cn3ccnc3)cc2)C2=CN(c3ccc(C)cc3)N[C@H]21,236,2.8449292182922363,musk_cfd_pos
musk_activator_alphaC,MuSK,activator,A,C[C@@H]1Cc2cc(N3CC[C@@H](C(C)(C)O)C3=O)ccc2CN1Cc1ccc(O)cc1,C[C@@H]1Cc2cc(N3CC[C@@H](C(C)(C)O)C3=O)ccc2CN1Cc1ccc(O)cc1,237,2.84051251411438,musk_cfd_pos
musk_activator_alphaC,MuSK,activator,A,CC1=C2C(=O)N(CCCN(C)C)C3=CCCC(=C32)N=C(c2ccc(F)cc2)C=C1,CC1=C2C(=O)N(CCCN(C)C)C3=CCCC(=C32)N=C(c2ccc(F)cc2)C=C1,238,2.750460147857666,musk_cfd_pos
musk_activator_alphaC,MuSK,activator,A,CNC1=NC(c2ccc(C)cc2)=CC=C(N[C@@H](CCc2ccccc2)C(N)=O)N1,CNC1=NC(c2ccc(C)cc2)=CC=C(N[C@@H](CCc2ccccc2)C(N)=O)N1,239,2.766448974609375,musk_cfd_pos
musk_activator_alphaC,MuSK,activator,A,CC(C)NS(=O)(=O)c1ccc(OCC(=O)N2CC[C@@H](OCc3ccccc3)C2)cc1,CC(C)NS(=O)(=O)c1ccc(OCC(=O)N2CC[C@@H](OCc3ccccc3)C2)cc1,240,2.787519931793213,musk_cfd_pos
musk_activator_alphaC,MuSK,activator,A,Cc1cccc(OC(=CN2CCN(C)CC2)c2ccc3nc(O)ccc3c2)c1,Cc1cccc(OC(=CN2CCN(C)CC2)c2ccc3nc(O)ccc3c2)c1,241,2.7650508880615234,musk_cfd_pos
musk_activator_alphaC,MuSK,activator,A,CCCn1c(Cc2ccccc2)cc2c(=O)c3cccc(OC)c3[nH]c21,CCCn1c(Cc2ccccc2)cc2c(=O)c3cccc(OC)c3[nH]c21,242,2.796462059020996,musk_cfd_pos
musk_activator_alphaC,MuSK,activator,A,O=C(Nc1ccc2ccccc2c1)c1cccc(CN2CCCOCC2)c1,O=C(Nc1ccc2ccccc2c1)c1cccc(CN2CCCOCC2)c1,243,2.8481578826904297,musk_cfd_pos
musk_activator_alphaC,MuSK,activator,A,CO[C@H]1CC[C@H](C2=NC(C)=C3C=[N+]([C@H]4CCN(c5cccc[nH+]5)C4)C(=O)C=C32)CC1,CO[C@H]1CC[C@H](C2=NC(C)=C3C=[N+]([C@H]4CCN(c5cccc[nH+]5)C4)C(=O)C=C32)CC1,244,2.6837782859802246,musk_cfd_pos
musk_activator_alphaC,MuSK,activator,A,NCc1cc2c(CN3CCCC(=O)[C@H]3c3ccsc3)cccc2o1,NCc1cc2c(CN3CCCC(=O)[C@H]3c3ccsc3)cccc2o1,245,2.732736587524414,musk_cfd_pos
musk_activator_alphaC,MuSK,activator,A,c1ccc(Oc2cccc3cc4cccc5ccc2c-3c54)cc1,c1ccc(Oc2cccc3cc4cccc5ccc2c-3c54)cc1,246,2.7211174964904785,musk_cfd_pos
musk_activator_alphaC,MuSK,activator,A,CN(CC(=O)CO)Cc1nc2ccc(C(=O)Nc3ccccc3)cc2oc1=O,CN(CC(=O)CO)Cc1nc2ccc(C(=O)Nc3ccccc3)cc2oc1=O,247,2.8551065921783447,musk_cfd_pos
musk_activator_alphaC,MuSK,activator,A,CC1=C(c2[nH]nc3ccccc23)C(=O)[N+](c2ccc(CCN3CCCOCC3)cc2)=N1,CC1=C(c2[nH]nc3ccccc23)C(=O)[N+](c2ccc(CCN3CCCOCC3)cc2)=N1,248,2.812492847442627,musk_cfd_pos
musk_activator_alphaC,MuSK,activator,A,COc1ccc(C(=O)NN=CC(=O)NC2=CNc3ccccc3C=C2)cc1,COc1ccc(C(=O)NN=CC(=O)NC2=CNc3ccccc3C=C2)cc1,249,2.870518684387207,musk_cfd_pos
musk_activator_alphaC,MuSK,activator,A,Cc1ccc2c3ccc(-c4ccccc4)c4oc(C)cc4c-3[n+](C)c2c1,Cc1ccc2c3ccc(-c4ccccc4)c4oc(C)cc4c-3[n+](C)c2c1,250,2.7274768352508545,musk_cfd_pos
musk_activator_alphaC,MuSK,activator,A,O=c1[nH]c(-c2ccc(CC3CCN(CCO)CC3)c[nH+]2)ccc1C1(O)CCCC1,O=c1[nH]c(-c2ccc(CC3CCN(CCO)CC3)c[nH+]2)ccc1C1(O)CCCC1,251,2.7505147457122803,musk_cfd_pos
musk_activator_alphaC,MuSK,activator,A,CC1=C2[C@@H](C=CC[C@@H]2O)[C@H]2CC[C@@H](C[C@H](C)Cc3ccc(O)cc3)CC[C@@H]2C1,CC1=C2[C@@H](C=CC[C@@H]2O)[C@H]2CC[C@@H](C[C@H](C)Cc3ccc(O)cc3)CC[C@@H]2C1,252,2.5123775005340576,musk_cfd_pos
musk_activator_alphaC,MuSK,activator,A,CCCCCCNC(=N)c1nc(C)cnc1SCC(=O)NCCc1cccs1,CCCCCCNC(=N)c1nc(C)cnc1SCC(=O)NCCc1cccs1,253,2.6304280757904053,musk_cfd_pos
musk_activator_alphaC,MuSK,activator,A,Cc1cccc(C=Cc2cc(C)cc(N=C(O)OCCCc3ccccc3)c2)c1,Cc1cccc(C=Cc2cc(C)cc(N=C(O)OCCCc3ccccc3)c2)c1,254,2.8256545066833496,musk_cfd_pos
musk_activator_alphaC,MuSK,activator,A,CC1(C)Cc2cccc3c2[C@@H]1CC[C@@H]3c1nccc2c(NCCCN)cccc12,CC1(C)Cc2cccc3c2[C@@H]1CC[C@@H]3c1nccc2c(NCCCN)cccc12,255,2.7460477352142334,musk_cfd_pos
musk_activator_alphaC,MuSK,activator,A,COc1cccc(C=Cc2ccc(NCCc3ccc(O)cc3)c(C(=O)O)c2)c1,COc1cccc(C=Cc2ccc(NCCc3ccc(O)cc3)c(C(=O)O)c2)c1,256,2.871744394302368,musk_cfd_pos
musk_activator_alphaC,MuSK,activator,A,C[C@@H]1CCN(Cc2cnc(-c3ccccc3)[nH]2)C[C@@H]2c3ccccc3C(=O)N[C@@H]12,C[C@@H]1CCN(Cc2cnc(-c3ccccc3)[nH]2)C[C@@H]2c3ccccc3C(=O)N[C@@H]12,257,2.8075270652771,musk_cfd_pos
musk_activator_alphaC,MuSK,activator,A,COc1ccc(N2CCN(C(=O)CC(=O)Nc3ccc(C)cc3)CC2)cc1,COc1ccc(N2CCN(C(=O)CC(=O)Nc3ccc(C)cc3)CC2)cc1,258,2.84090542793274,musk_cfd_pos
musk_activator_alphaC,MuSK,activator,A,Cc1ccc2ccc(NCc3ccc(C(=O)NC4CCCCCC4)cc3)cc2n1,Cc1ccc2ccc(NCc3ccc(C(=O)NC4CCCCCC4)cc3)cc2n1,259,2.74534010887146,musk_cfd_pos
musk_activator_alphaC,MuSK,activator,A,COc1ccc2c(ccc3cc4cc(N[C@H]5CCCN(CN)C5)[nH]c4cc32)c1,COc1ccc2c(ccc3cc4cc(N[C@H]5CCCN(CN)C5)[nH]c4cc32)c1,260,2.7989919185638428,musk_cfd_pos
musk_activator_alphaC,MuSK,activator,A,NNC(=O)c1cccc(CN2CCCN(C[C@@H](O)c3ccccc3)CC=C2O)c1,NNC(=O)c1cccc(CN2CCCN(C[C@@H](O)c3ccccc3)CC=C2O)c1,262,2.6572232246398926,musk_cfd_pos
musk_activator_alphaC,MuSK,activator,A,COc1ccc(CNC(=O)c2ccc3c(c2)CC[C@@H](C(=O)O)c2cccn2-3)cc1,COc1ccc(CNC(=O)c2ccc3c(c2)CC[C@@H](C(=O)O)c2cccn2-3)cc1,263,2.8476369380950928,musk_cfd_pos
musk_activator_alphaC,MuSK,activator,A,O=C(NCc1ccccc1)OC=C(O)c1ccc(CN2CCCCC2)cc1,O=C(NCc1ccccc1)OC=C(O)c1ccc(CN2CCCCC2)cc1,265,2.864123582839966,musk_cfd_pos
musk_activator_alphaC,MuSK,activator,A,Cc1ccc(-c2cc(-c3c[nH]c(CCCN(C)C)c3)[nH+]c3cc(C)cnc23)cc1,Cc1ccc(-c2cc(-c3c[nH]c(CCCN(C)C)c3)[nH+]c3cc(C)cnc23)cc1,266,2.7979607582092285,musk_cfd_pos
musk_activator_alphaC,MuSK,activator,A,CCCCc1cc(CCCc2ccc([C@H]3CCN(C)C3)n2C)c(-c2ccccc2)[nH]1,CCCCc1cc(CCCc2ccc([C@H]3CCN(C)C3)n2C)c(-c2ccccc2)[nH]1,267,2.708923101425171,musk_cfd_pos
musk_activator_alphaC,MuSK,activator,A,CC1=CCc2cc3cccnc3cc2C(=O)[C@@H]1N=C(O)C1=CC=C(O)CC1,CC1=CCc2cc3cccnc3cc2C(=O)[C@@H]1N=C(O)C1=CC=C(O)CC1,268,2.770329475402832,musk_cfd_pos
musk_activator_alphaC,MuSK,activator,A,COc1ccc(Cn2ccc3cc(-c4ccccn4)cc(O)c3c2=O)cc1,COc1ccc(Cn2ccc3cc(-c4ccccn4)cc(O)c3c2=O)cc1,269,2.8688175678253174,musk_cfd_pos
musk_activator_alphaC,MuSK,activator,A,Cc1ccc(CCCCCc2ccc(CNC(=O)c3cccs3)cc2)c(C)c1C,Cc1ccc(CCCCCc2ccc(CNC(=O)c3cccs3)cc2)c(C)c1C,270,2.797865867614746,musk_cfd_pos
musk_activator_alphaC,MuSK,activator,A,O=C(N[C@@H]1CCN(CCCc2ccc(Nc3ccccc3)cn2)C1)c1cscn1,O=C(N[C@@H]1CCN(CCCc2ccc(Nc3ccccc3)cn2)C1)c1cscn1,271,2.704852819442749,musk_cfd_pos
musk_activator_alphaC,MuSK,activator,A,Cc1cccc(-n2ncc(CNC[C@H]3C[C@@H](CN)CN3)c2O)c1,Cc1cccc(-n2ncc(CNC[C@H]3C[C@@H](CN)CN3)c2O)c1,272,2.7421867847442627,musk_cfd_pos
musk_activator_alphaC,MuSK,activator,A,C[C@H](NCCNc1cncc(-c2ccccc2)c1)c1ccccc1,C[C@H](NCCNc1cncc(-c2ccccc2)c1)c1ccccc1,273,2.8595190048217773,musk_cfd_pos
musk_activator_alphaC,MuSK,activator,A,CC1=CCCC(C2=C(N)C(=O)C(C)(C)[C@@H](NC(=O)c3ccc(F)c(C)c3)C2=O)=C1,CC1=CCCC(C2=C(N)C(=O)C(C)(C)[C@@H](NC(=O)c3ccc(F)c(C)c3)C2=O)=C1,274,2.698559045791626,musk_cfd_pos
musk_activator_alphaC,MuSK,activator,A,CN(C)c1ccc(OC=C2Cc3[nH]c4c(c3N2)-c2cccc3cccc-4c23)cc1,CN(C)c1ccc(OC=C2Cc3[nH]c4c(c3N2)-c2cccc3cccc-4c23)cc1,275,2.736425399780273,musk_cfd_pos
musk_activator_alphaC,MuSK,activator,A,Cc1ccc(F)c2c(CCCNC(=O)NCc3ccccc3)c[nH]c12,Cc1ccc(F)c2c(CCCNC(=O)NCc3ccccc3)c[nH]c12,276,2.875786542892456,musk_cfd_pos
musk_activator_alphaC,MuSK,activator,A,O=C(O)CCc1ccc(N2C[C@H](CC(=O)N=N[C@H](O)c3ccccc3)CC2=O)cc1,O=C(O)CCc1ccc(N2C[C@H](CC(=O)N=N[C@H](O)c3ccccc3)CC2=O)cc1,277,2.803170680999756,musk_cfd_pos
musk_activator_alphaC,MuSK,activator,A,O=C1OCC[C@H]2CON3C[C@H]4[C@H](O)Cc5c(C(=O)O)ccc6c5N4[C@@H](C1=C6)[C@@H]23,O=C1OCC[C@H]2CON3C[C@H]4[C@H](O)Cc5c(C(=O)O)ccc6c5N4[C@@H](C1=C6)[C@@H]23,278,1.837690711021424,musk_cfd_pos
musk_activator_alphaC,MuSK,activator,A,O=C(Nc1ccnc(-c2ccccc2)c1)c1cccc(NCCO)c1,O=C(Nc1ccnc(-c2ccccc2)c1)c1cccc(NCCO)c1,279,2.847851514816284,musk_cfd_pos
musk_activator_alphaC,MuSK,activator,A,O=C(NN=C(O)OCc1ccccc1)c1ccc(Cc2ccccc2)nc1,O=C(NN=C(O)OCc1ccccc1)c1ccc(Cc2ccccc2)nc1,280,2.896980047225952,musk_cfd_pos
musk_activator_alphaC,MuSK,activator,A,CC(C)CCCCCCNc1ccc2c(CCC(=O)O)cccc2c1,CC(C)CCCCCCNc1ccc2c(CCC(=O)O)cccc2c1,282,2.6250057220458984,musk_cfd_pos
musk_activator_alphaC,MuSK,activator,A,c1ccc2c(c1)nc1c3c(ccnc32)-c2ccc(CN[C@@H]3CCNC3)cc2O1,c1ccc2c(c1)nc1c3c(ccnc32)-c2ccc(CN[C@@H]3CCNC3)cc2O1,284,2.826219081878662,musk_cfd_pos
musk_activator_alphaC,MuSK,activator,A,C[C@@H]1[C@H]2C[C@@H](N(C)C)[C@H](O)[C@@H]2C(O)=C[C@H]1CC=C1C[C@@H](O)[C@]23CC[C@](C)(CC2)C[C@H]3[C@@H]1C,C[C@@H]1[C@H]2C[C@@H](N(C)C)[C@H](O)[C@@H]2C(O)=C[C@H]1CC=C1C[C@@H](O)[C@]23CC[C@](C)(CC2)C[C@H]3[C@@H]1C,285,2.5771307945251465,musk_cfd_pos
musk_activator_alphaC,MuSK,activator,A,C[C@H]1C(=O)N(c2cccs2)CC(=O)N1c1n[nH]c2c1=CC=CC1=CC=CC=CC=21,C[C@H]1C(=O)N(c2cccs2)CC(=O)N1c1n[nH]c2c1=CC=CC1=CC=CC=CC=21,286,2.7410473823547363,musk_cfd_pos
musk_activator_alphaC,MuSK,activator,A,CC1=CNC=C(N[C@@H](C)[C@@H](O)NCc2ccc(-c3cccc[nH+]3)cc2)C(C)=C1O,CC1=CNC=C(N[C@@H](C)[C@@H](O)NCc2ccc(-c3cccc[nH+]3)cc2)C(C)=C1O,287,2.80021595954895,musk_cfd_pos
musk_activator_alphaC,MuSK,activator,A,c1ccc([C@@H]2CCc3cc(CN4CCC[C@@H](n5cncn5)C4)ccc3O2)cc1,c1ccc([C@@H]2CCc3cc(CN4CCC[C@@H](n5cncn5)C4)ccc3O2)cc1,288,2.765310287475586,musk_cfd_pos
musk_activator_alphaC,MuSK,activator,A,C[C@@H](CN1CCCCC1)Nc1cccc(Cc2ccc(NC(=O)c3ccncc3)cc2)c1,C[C@@H](CN1CCCCC1)Nc1cccc(Cc2ccc(NC(=O)c3ccncc3)cc2)c1,289,2.830795764923096,musk_cfd_pos
musk_activator_alphaC,MuSK,activator,A,O=C(Nc1cc(-c2nc(-c3ccc(O)cc3)no2)cs1)c1ccccc1,O=C(Nc1cc(-c2nc(-c3ccc(O)cc3)no2)cs1)c1ccccc1,290,2.8410277366638184,musk_cfd_pos
musk_activator_alphaC,MuSK,activator,A,CC(C)(C)CNC(=O)[C@@H]1CN(c2ccccc2)C(=O)C[C@H]1N1CCCC1,CC(C)(C)CNC(=O)[C@@H]1CN(c2ccccc2)C(=O)C[C@H]1N1CCCC1,291,2.7150044441223145,musk_cfd_pos
musk_activator_alphaC,MuSK,activator,A,O=C(Nc1cccc(Nc2cccnc2)c1)N1CCCc2ccccc21,O=C(Nc1cccc(Nc2cccnc2)c1)N1CCCc2ccccc21,292,2.86099624633789,musk_cfd_pos
musk_activator_alphaC,MuSK,activator,A,C[C@@H](N[C@H](c1cccc[nH+]1)c1ccco1)c1cc(-c2cccs2)n[nH]1,C[C@@H](N[C@H](c1cccc[nH+]1)c1ccco1)c1cc(-c2cccs2)n[nH]1,293,2.613147020339966,musk_cfd_pos
musk_activator_alphaC,MuSK,activator,A,Cc1cc(NC[C@H]2CCN(C)C2)cc2c1[C@H](c1ccccc1)[C@@H](C)C(=O)N2,Cc1cc(NC[C@H]2CCN(C)C2)cc2c1[C@H](c1ccccc1)[C@@H](C)C(=O)N2,294,2.822333812713623,musk_cfd_pos
musk_activator_alphaC,MuSK,activator,A,CCCN1N=C2c3ccccc3N=C[C@@H]2N(c2ccc(Cn3cccn3)cc2)C1=O,CCCN1N=C2c3ccccc3N=C[C@@H]2N(c2ccc(Cn3cccn3)cc2)C1=O,295,2.8493146896362305,musk_cfd_pos
musk_activator_alphaC,MuSK,activator,A,C[C@@H]1[C@@H](O)[C@H]2C3=C(Cc4ccccc42)C(=O)[C@H](C[C@H](C)O)[C@@H](C3)C[C@@H]1O,C[C@@H]1[C@@H](O)[C@H]2C3=C(Cc4ccccc42)C(=O)[C@H](C[C@H](C)O)[C@@H](C3)C[C@@H]1O,296,2.3871726989746094,musk_cfd_pos
musk_activator_alphaC,MuSK,activator,A,CN(C)c1ccc2c(c1)N1c3ccccc3C3=C(C(=O)O)CC(=C(O)C2=O)[C@@H]31,CN(C)c1ccc2c(c1)N1c3ccccc3C3=C(C(=O)O)CC(=C(O)C2=O)[C@@H]31,297,2.7387630939483643,musk_cfd_pos
musk_activator_alphaC,MuSK,activator,A,C[C@@H]1C(=O)[C@H](CC[C@H]2CCOc3ccccc32)C(=O)N1c1cccnc1,C[C@@H]1C(=O)[C@H](CC[C@H]2CCOc3ccccc32)C(=O)N1c1cccnc1,298,2.327239751815796,musk_cfd_pos
musk_activator_alphaC,MuSK,activator,A,O=C(Nc1ccc(-c2ccccc2)cc1)NC1(c2ccc3cnccc3c2)CC1,O=C(Nc1ccc(-c2ccccc2)cc1)NC1(c2ccc3cnccc3c2)CC1,299,2.8625762462615967,musk_cfd_pos
musk_activator_alphaC,MuSK,activator,A,Cc1ccc(C(=O)N[C@@H](C)C(=O)N[C@H]2C(=O)N(CC3=C[N+](C)(C)CC3)C[C@@H]2C)cc1,Cc1ccc(C(=O)N[C@@H](C)C(=O)N[C@H]2C(=O)N(CC3=C[N+](C)(C)CC3)C[C@@H]2C)cc1,302,2.681696653366089,musk_cfd_pos
musk_activator_alphaC,MuSK,activator,A,CN1CCN(CC(=O)Nc2ccc3c(c2)C=CC=C(c2ccccc2)N3)CC1,CN1CCN(CC(=O)Nc2ccc3c(c2)C=CC=C(c2ccccc2)N3)CC1,303,2.788522958755493,musk_cfd_pos
musk_activator_alphaC,MuSK,activator,A,C[n+]1nc(-c2cccc(C=CC(O)=CCc3ccccc3)c2)ccc(O)c1=O,C[n+]1nc(-c2cccc(C=CC(O)=CCc3ccccc3)c2)ccc(O)c1=O,304,2.822938680648804,musk_cfd_pos
musk_activator_alphaC,MuSK,activator,A,CN(C)c1cccc(C(=O)c2cc3cc(C(=O)C4=C(O)CC=CC4)ccc3cn2)c1,CN(C)c1cccc(C(=O)c2cc3cc(C(=O)C4=C(O)CC=CC4)ccc3cn2)c1,305,2.8336918354034424,musk_cfd_pos
musk_activator_alphaC,MuSK,activator,A,C[C@H](O)[C@@H](C)C1=CC2=C3[C@@H](CC[C@]3(C)C1)[C@@H](C)C(=O)CC[C@@H]2C,C[C@H](O)[C@@H](C)C1=CC2=C3[C@@H](CC[C@]3(C)C1)[C@@H](C)C(=O)CC[C@@H]2C,306,2.4572887420654297,musk_cfd_pos
musk_activator_alphaC,MuSK,activator,A,C[C@]1(O)CC2=c3c(c4ccccc4n3C=C3[C@@H](c4ccccc4)C=CN3C2=O)=NC1=O,C[C@]1(O)CC2=c3c(c4ccccc4n3C=C3[C@@H](c4ccccc4)C=CN3C2=O)=NC1=O,307,2.745212316513061,musk_cfd_pos
musk_activator_alphaC,MuSK,activator,A,COc1ccc(C=C2Oc3cc4ccc5c(c4c(O)c3C2=O)C(=O)OC5)cc1O,COc1ccc(C=C2Oc3cc4ccc5c(c4c(O)c3C2=O)C(=O)OC5)cc1O,308,2.7680578231811523,musk_cfd_pos
musk_activator_alphaC,MuSK,activator,A,O=C(NC=Cc1ccnc(-c2ccc(O)cc2)c1)c1ccn(Cc2cccnc2)c1,O=C(NC=Cc1ccnc(-c2ccc(O)cc2)c1)c1ccn(Cc2cccnc2)c1,309,2.8640708923339844,musk_cfd_pos
musk_activator_alphaC,MuSK,activator,A,CN(C)CC1=NN=C(c2ccc(CCC(=O)Nc3ccccc3)cc2)C1,CN(C)CC1=NN=C(c2ccc(CCC(=O)Nc3ccccc3)cc2)C1,310,2.796400308609009,musk_cfd_pos
musk_activator_alphaC,MuSK,activator,A,C[C@@H]1[C@@H](c2cccc3ccccc23)[C@@H](NC(=O)c2ccccc2)CN1C,C[C@@H]1[C@@H](c2cccc3ccccc23)[C@@H](NC(=O)c2ccccc2)CN1C,311,2.7706451416015625,musk_cfd_pos
musk_activator_alphaC,MuSK,activator,A,Cc1cccc(Oc2ccc(CN=C(CO)Cc3c[nH]c4ccccc4c3=O)cc2)c1,Cc1cccc(Oc2ccc(CN=C(CO)Cc3c[nH]c4ccccc4c3=O)cc2)c1,312,2.801835298538208,musk_cfd_pos
musk_activator_alphaC,MuSK,activator,A,O=C1N=c2ccccc2=[N+]1Cc1cccc2[nH]c(CCCc3ccccc3)cc12,O=C1N=c2ccccc2=[N+]1Cc1cccc2[nH]c(CCCc3ccccc3)cc12,313,2.814519166946411,musk_cfd_pos
musk_activator_alphaC,MuSK,activator,A,CN(CCN1C[C@@H]2CCC[N@H+]2c2ccccc21)C(=O)c1c[nH]c(-c2ccccc2)c1,CN(CCN1C[C@@H]2CCC[N@H+]2c2ccccc21)C(=O)c1c[nH]c(-c2ccccc2)c1,314,2.877482652664185,musk_cfd_pos
musk_activator_alphaC,MuSK,activator,A,Cc1[nH]c2ccc(Nc3ccc(-c4ccccc4)cc3)cc2c1CC[N+](C)(C)C,Cc1[nH]c2ccc(Nc3ccc(-c4ccccc4)cc3)cc2c1CC[N+](C)(C)C,316,2.7680697441101074,musk_cfd_pos
musk_activator_alphaC,MuSK,activator,A,Cc1c(C=Cc2cccc(N3CCOCC3)c2)cc(Nc2ccc(F)cc2)n1C,Cc1c(C=Cc2cccc(N3CCOCC3)c2)cc(Nc2ccc(F)cc2)n1C,317,2.8135759830474854,musk_cfd_pos
musk_activator_alphaC,MuSK,activator,A,CCCCOc1cccc(NS(=O)(=O)[C@H](COC)c2nc(-c3ccc(C)cc3)co2)c1,CCCCOc1cccc(NS(=O)(=O)[C@H](COC)c2nc(-c3ccc(C)cc3)co2)c1,318,2.769235372543335,musk_cfd_pos
musk_activator_alphaC,MuSK,activator,A,Cc1ccc(NC(=O)NCC[C@@H](C)c2nc3c(ccc4c(=O)n(C)ccc43)o2)cc1,Cc1ccc(NC(=O)NCC[C@@H](C)c2nc3c(ccc4c(=O)n(C)ccc43)o2)cc1,319,2.769125461578369,musk_cfd_pos
musk_activator_alphaC,MuSK,activator,A,C[C@H](NC(=O)N1CCC(O)(c2ccccc2)CC1)c1csc(-c2ccccc2)n1,C[C@H](NC(=O)N1CCC(O)(c2ccccc2)CC1)c1csc(-c2ccccc2)n1,321,2.827102899551392,musk_cfd_pos
musk_activator_alphaC,MuSK,activator,A,O=C(Nc1cccc(N2CCCCC2=O)c1)N1CC[C@@H]2Nc3ccccc3C=C21,O=C(Nc1cccc(N2CCCCC2=O)c1)N1CC[C@@H]2Nc3ccccc3C=C21,322,2.846920967102051,musk_cfd_pos
musk_activator_alphaC,MuSK,activator,A,Cc1ccc(OC[C@@H](CO)n2cc(C(=O)NCCCN(C)C)cn2)cc1,Cc1ccc(OC[C@@H](CO)n2cc(C(=O)NCCCN(C)C)cn2)cc1,323,2.705031394958496,musk_cfd_pos
musk_activator_alphaC,MuSK,activator,A,Cc1nc2cc([N+](=O)O)ccc2c2c1C(=O)c1c(c(=O)oc3ccccc13)C2,Cc1nc2cc([N+](=O)O)ccc2c2c1C(=O)c1c(c(=O)oc3ccccc13)C2,324,2.8398277759552,musk_cfd_pos
musk_activator_alphaC,MuSK,activator,A,CC(Nc1nnc(-c2ccccc2)o1)=C1CN(c2ccccc2)[C@H](CO)C1=O,CC(Nc1nnc(-c2ccccc2)o1)=C1CN(c2ccccc2)[C@H](CO)C1=O,326,2.7074666023254395,musk_cfd_pos
musk_activator_alphaC,MuSK,activator,A,Cc1cccc(CCCC2CC(=O)[C@@H](C3=C(O)C[C@H](C(=O)O)[C@@H](O)C3)C2=O)c1,Cc1cccc(CCCC2CC(=O)[C@@H](C3=C(O)C[C@H](C(=O)O)[C@@H](O)C3)C2=O)c1,327,2.7822258472442627,musk_cfd_pos
musk_activator_alphaC,MuSK,activator,A,CN(C)C[C@H]1CCC(=O)N(CCCc2ccc(-c3ccccc3)cc2)C1,CN(C)C[C@H]1CCC(=O)N(CCCc2ccc(-c3ccccc3)cc2)C1,329,2.860291004180908,musk_cfd_pos
musk_activator_alphaC,MuSK,activator,A,O=C(O)c1cccc(NC(=O)c2csc(-c3ccc(C=Cc4ccccc4)s3)n2)c1,O=C(O)c1cccc(NC(=O)c2csc(-c3ccc(C=Cc4ccccc4)s3)n2)c1,330,2.823122501373291,musk_cfd_pos
musk_activator_alphaC,MuSK,activator,A,C/C(=N\C(=O)COc1ccccc1)c1cccc(CN2C=CC=COC=CC=N2)c1,C/C(=N\C(=O)COc1ccccc1)c1cccc(CN2C=CC=COC=CC=N2)c1,331,2.194025993347168,musk_cfd_pos
musk_activator_alphaC,MuSK,activator,A,CCCCOc1ccccc1C(O)=Nc1ccc(-c2ccc(C)cc2)cc1,CCCCOc1ccccc1C(O)=Nc1ccc(-c2ccc(C)cc2)cc1,332,2.8376331329345703,musk_cfd_pos
musk_activator_alphaC,MuSK,activator,A,CC[C@H](CN=C(N)c1ccccc1)NCc1ccc(OC)cc1,CC[C@H](CN=C(N)c1ccccc1)NCc1ccc(OC)cc1,333,2.831405639648437,musk_cfd_pos
musk_activator_alphaC,MuSK,activator,A,CC(C)(COc1cccc(-c2ccccn2)n1)NC(=O)OC1CCNCC1,CC(C)(COc1cccc(-c2ccccn2)n1)NC(=O)OC1CCNCC1,334,2.8424222469329834,musk_cfd_pos
musk_activator_alphaC,MuSK,activator,A,CN(C)CCCc1ccc(O)c(CCCCCCCCc2ccc(C(N)=O)cc2)c1,CN(C)CCCc1ccc(O)c(CCCCCCCCc2ccc(C(N)=O)cc2)c1,336,2.717674016952514,musk_cfd_pos
musk_activator_alphaC,MuSK,activator,A,C[C@@H]1c2cc3ccccc3nc2[C@@H](C)[C@H]2C[C@@H]3CCCCC(=O)[C@@H]3CC[C@H]21,C[C@@H]1c2cc3ccccc3nc2[C@@H](C)[C@H]2C[C@@H]3CCCCC(=O)[C@@H]3CC[C@H]21,337,2.66955828666687,musk_cfd_pos
musk_activator_alphaC,MuSK,activator,A,CCOc1cccc(CN=C2C[C@H](O)[C@@H]3C(=O)N(c4cccc([N+](=O)[O-])c4)[C@@H]4C[C@]34C2)c1,CCOc1cccc(CN=C2C[C@H](O)[C@@H]3C(=O)N(c4cccc([N+](=O)[O-])c4)[C@@H]4C[C@]34C2)c1,338,2.76938796043396,musk_cfd_pos
musk_activator_alphaC,MuSK,activator,A,C[C@@H]1C=C(O)Cc2cc3c4cc5c(O)nc6ccccc6[nH+]c5cc4[n+](C)c3cc21,C[C@@H]1C=C(O)Cc2cc3c4cc5c(O)nc6ccccc6[nH+]c5cc4[n+](C)c3cc21,339,2.8227410316467285,musk_cfd_pos
musk_activator_alphaC,MuSK,activator,A,C.O=C(O)c1cccc2c1[C@H]1C=CCC=C[C@@H]1C2=O.OCc1cccnc1,C.O=C(O)c1cccc2c1[C@H]1C=CCC=C[C@@H]1C2=O.OCc1cccnc1,340,2.2820940017700195,musk_cfd_pos
musk_activator_alphaC,MuSK,activator,A,CC(=O)NN(c1ccc2n[nH]cc2c1)c1ncc(-c2c[nH+]n(CCCN)c2)c[nH+]1,CC(=O)NN(c1ccc2n[nH]cc2c1)c1ncc(-c2c[nH+]n(CCCN)c2)c[nH+]1,342,2.70768141746521,musk_cfd_pos
musk_activator_alphaC,MuSK,activator,A,CCCCn1c2ncsc2c2cc3ccc(OCc4ccccc4)cc3c(O)c21,CCCCn1c2ncsc2c2cc3ccc(OCc4ccccc4)cc3c(O)c21,343,2.7703661918640137,musk_cfd_pos
musk_activator_alphaC,MuSK,activator,A,c1ccc(C2=NC(N3CCCCC3)=C3C2=[S+]c2ccccc23)cc1,c1ccc(C2=NC(N3CCCCC3)=C3C2=[S+]c2ccccc23)cc1,344,2.774303436279297,musk_cfd_pos
musk_activator_alphaC,MuSK,activator,A,CC(C)[SH](=O)(O)CCCn1ccc2c3ccc(NC(=O)N(C)C)cc3oc(=O)c21,CC(C)[SH](=O)(O)CCCn1ccc2c3ccc(NC(=O)N(C)C)cc3oc(=O)c21,345,2.763778686523437,musk_cfd_pos
musk_activator_alphaC,MuSK,activator,A,CC[C@H](NCC[C@@H](C)[C@H](C(=O)NCCN1CCCC1)C(=O)OC)[C@@H](O)N(C)O,CC[C@H](NCC[C@@H](C)[C@H](C(=O)NCCN1CCCC1)C(=O)OC)[C@@H](O)N(C)O,346,2.759822368621826,musk_cfd_pos
musk_activator_alphaC,MuSK,activator,A,Cc1cc(Cc2cccc(NCc3cccc(Nc4cccc[nH+]4)[nH+]3)[nH+]2)c(C)[nH]1,Cc1cc(Cc2cccc(NCc3cccc(Nc4cccc[nH+]4)[nH+]3)[nH+]2)c(C)[nH]1,347,2.8543286323547363,musk_cfd_pos
musk_activator_alphaC,MuSK,activator,A,COc1ccc(CNC(=O)c2cc(-c3nc(C)c(C)cc3C)ccn2)cc1,COc1ccc(CNC(=O)c2cc(-c3nc(C)c(C)cc3C)ccn2)cc1,348,2.8926355838775635,musk_cfd_pos
musk_activator_alphaC,MuSK,activator,A,CC(C)(C)CN1C(=O)[C@@H]2[C@H]1c1ccccc1C(=O)N2c1ccccc1,CC(C)(C)CN1C(=O)[C@@H]2[C@H]1c1ccccc1C(=O)N2c1ccccc1,349,2.668453454971313,musk_cfd_pos
musk_activator_alphaC,MuSK,activator,A,CN(C(=O)c1cnc2ccc(OCc3ccccc3)cc2c1)[C@H]1CCCN(C(C)(C)C)C1,CN(C(=O)c1cnc2ccc(OCc3ccccc3)cc2c1)[C@H]1CCCN(C(C)(C)C)C1,351,2.7832326889038086,musk_cfd_pos
musk_activator_alphaC,MuSK,activator,A,Oc1ccc(N2CCCNCC2)c(-c2ccccc2)c1CCc1ccccc1,Oc1ccc(N2CCCNCC2)c(-c2ccccc2)c1CCc1ccccc1,352,2.870310544967652,musk_cfd_pos
musk_activator_alphaC,MuSK,activator,A,CC(CCCc1cnc[nH]1)=Nc1ccc2cc(C(=O)NC(C)C)ccc2c1,CC(CCCc1cnc[nH]1)=Nc1ccc2cc(C(=O)NC(C)C)ccc2c1,353,2.8040387630462646,musk_cfd_pos
musk_activator_alphaC,MuSK,activator,A,Cc1ccc(NC(=O)c2cccn2-c2ccc3ccccc3c2)c(C)c1,Cc1ccc(NC(=O)c2cccn2-c2ccc3ccccc3c2)c(C)c1,354,2.924643993377685,musk_cfd_pos
musk_activator_alphaC,MuSK,activator,A,Cc1ccc(-c2ccccc2C(=O)O)cc1C(O)=Nc1ccccc1,Cc1ccc(-c2ccccc2C(=O)O)cc1C(O)=Nc1ccccc1,355,2.850083827972412,musk_cfd_pos
musk_activator_alphaC,MuSK,activator,A,OC(CCc1cccc(-c2ccccc2)n1)=NCc1cccccnccc1,OC(CCc1cccc(-c2ccccc2)n1)=NCc1cccccnccc1,356,2.417810678482056,musk_cfd_pos
musk_activator_alphaC,MuSK,activator,A,C[C@H]1CCN(c2ccc(NC(=O)C[C@H]3CC[C@H]4[C@@H]5C[C@](C)(C[C@H]4N)[C@H](C)C(=O)[C@@H]35)nc2)C1,C[C@H]1CCN(c2ccc(NC(=O)C[C@H]3CC[C@H]4[C@@H]5C[C@](C)(C[C@H]4N)[C@H](C)C(=O)[C@@H]35)nc2)C1,357,2.5988240242004395,musk_cfd_pos
musk_activator_alphaC,MuSK,activator,A,CCCCCOc1cccc(C(=O)NCC2=[N+](CC)C(=O)c3ccccc32)c1,CCCCCOc1cccc(C(=O)NCC2=[N+](CC)C(=O)c3ccccc32)c1,358,2.722402334213257,musk_cfd_pos
musk_activator_alphaC,MuSK,activator,A,CC(C)CC1=C(O)C(=O)C(=CN(C)C)[C@@H](O)c2c1ccc1ccccc21,CC(C)CC1=C(O)C(=O)C(=CN(C)C)[C@@H](O)c2c1ccc1ccccc21,359,2.7223474979400635,musk_cfd_pos
musk_activator_alphaC,MuSK,activator,A,O=C1N[C@@H](c2ccc(O)cc2)C(=O)C2=C1[C@@H](CCCN1CCCCC1)C(=O)N=C2O,O=C1N[C@@H](c2ccc(O)cc2)C(=O)C2=C1[C@@H](CCCN1CCCCC1)C(=O)N=C2O,360,2.6829206943511963,musk_cfd_pos
musk_activator_alphaC,MuSK,activator,A,Cc1nc2c(CO)cccc2n1C1=CC=C2C(=CC(C(=O)O)=C2N)C1=O,Cc1nc2c(CO)cccc2n1C1=CC=C2C(=CC(C(=O)O)=C2N)C1=O,361,2.7708866596221924,musk_cfd_pos
musk_activator_alphaC,MuSK,activator,A,O=C(N[C@H](C(=O)O)c1ccccc1)c1ccc(CN2CCCNCC2)nc1,O=C(N[C@H](C(=O)O)c1ccccc1)c1ccc(CN2CCCNCC2)nc1,362,2.736295461654663,musk_cfd_pos
musk_activator_alphaC,MuSK,activator,A,CC1(C)CCc2ccc3c(c(O)c2CC1)c1cccc2c4ccccc4[n+]3c21,CC1(C)CCc2ccc3c(c(O)c2CC1)c1cccc2c4ccccc4[n+]3c21,363,2.6990954875946045,musk_cfd_pos
musk_activator_alphaC,MuSK,activator,A,CC[C@@H](C)CCNC(=O)COC(=O)C1=NN(CCc2ccccc2)C(=O)C1,CC[C@@H](C)CCNC(=O)COC(=O)C1=NN(CCc2ccccc2)C(=O)C1,364,2.810697317123413,musk_cfd_pos
musk_activator_alphaC,MuSK,activator,A,c1ccc(C[C@H](CCN2CCC[C@H](N3CCc4ccccc43)C2)c2ccco2)cc1,c1ccc(C[C@H](CCN2CCC[C@H](N3CCc4ccccc43)C2)c2ccco2)cc1,365,2.675912380218506,musk_cfd_pos
musk_activator_alphaC,MuSK,activator,A,Cc1cc(C(=O)NCCC(=O)N[C@H](C)Cc2ccccc2)ccc1OCCCN(C)C,Cc1cc(C(=O)NCCC(=O)N[C@H](C)Cc2ccccc2)ccc1OCCCN(C)C,366,2.779615879058838,musk_cfd_pos
musk_activator_alphaC,MuSK,activator,A,Cc1ccc(COc2ccc(Nc3nc[nH]c3Nc3cccc[nH+]3)cc2)cc1,Cc1ccc(COc2ccc(Nc3nc[nH]c3Nc3cccc[nH+]3)cc2)cc1,368,2.8456170558929443,musk_cfd_pos
musk_activator_alphaC,MuSK,activator,A,COC(=O)c1ccc2[nH]cc(NC(=O)c3ccc(N4CCCC4)cc3)c2c1,COC(=O)c1ccc2[nH]cc(NC(=O)c3ccc(N4CCCC4)cc3)c2c1,369,2.909884214401245,musk_cfd_pos
musk_activator_alphaC,MuSK,activator,A,CN1CCN(C[C@@H]2C[C@H](N3CC[C@H]4C[C@H]5C(=CC[C@@H]6CCCC[C@H]65)[C@@H]4C3=O)CN2C)CC1,CN1CCN(C[C@@H]2C[C@H](N3CC[C@H]4C[C@H]5C(=CC[C@@H]6CCCC[C@H]65)[C@@H]4C3=O)CN2C)CC1,371,2.745640277862549,musk_cfd_pos
musk_activator_alphaC,MuSK,activator,A,NC(=O)[C@@H](CCCC(=O)O)NC(=O)Nc1ccc(Nc2ncc(N)cn2)cc1,NC(=O)[C@@H](CCCC(=O)O)NC(=O)Nc1ccc(Nc2ncc(N)cn2)cc1,372,2.786928176879883,musk_cfd_pos
musk_activator_alphaC,MuSK,activator,A,Cc1cnc(Nc2cc(C(=O)NC3=NC4=C(CC[C@H](O)C4)C3)ccc2O)s1,Cc1cnc(Nc2cc(C(=O)NC3=NC4=C(CC[C@H](O)C4)C3)ccc2O)s1,373,2.6032261848449707,musk_cfd_pos
musk_activator_alphaC,MuSK,activator,A,Cc1ccc(C)c(-c2nccc(SC[C@H](N)Cc3ccccc3)n2)c1,Cc1ccc(C)c(-c2nccc(SC[C@H](N)Cc3ccccc3)n2)c1,374,2.798821449279785,musk_cfd_pos
musk_activator_alphaC,MuSK,activator,A,O=C(c1cccc(-c2ccc(F)cc2)c1)N1CCCCN(C[C@H](O)Cc2ccccc2)CC1,O=C(c1cccc(-c2ccc(F)cc2)c1)N1CCCCN(C[C@H](O)Cc2ccccc2)CC1,375,2.840303897857666,musk_cfd_pos
musk_activator_alphaC,MuSK,activator,A,O=C(CCC(=O)c1ccccc1)Nc1ccc(C(=O)N2CCCCC2)cc1,O=C(CCC(=O)c1ccccc1)Nc1ccc(C(=O)N2CCCCC2)cc1,377,2.880167961120605,musk_cfd_pos
musk_activator_alphaC,MuSK,activator,A,COc1cc(-c2ccc(C(=O)NC(=O)c3ccccc3N3CCCC3)o2)ccc1O,COc1cc(-c2ccc(C(=O)NC(=O)c3ccccc3N3CCCC3)o2)ccc1O,378,2.868335962295532,musk_cfd_pos
musk_activator_alphaC,MuSK,activator,A,CCc1csc(NC(=O)Nc2nonc2C(=O)Nc2ccccc2O)n1,CCc1csc(NC(=O)Nc2nonc2C(=O)Nc2ccccc2O)n1,379,2.698847770690918,musk_cfd_pos
musk_activator_alphaC,MuSK,activator,A,CCOc1ccc(NC(=O)Nc2cc(-c3cc4cnn(C)c4s3)ccc2C)cc1,CCOc1ccc(NC(=O)Nc2cc(-c3cc4cnn(C)c4s3)ccc2C)cc1,380,2.8467984199523926,musk_cfd_pos
musk_activator_alphaC,MuSK,activator,A,CC(=O)c1nn(-c2cccc(-c3cc(-c4cccc(C)c4)ncn3)c2)nc1C,CC(=O)c1nn(-c2cccc(-c3cc(-c4cccc(C)c4)ncn3)c2)nc1C,381,2.8518378734588623,musk_cfd_pos
musk_activator_alphaC,MuSK,activator,A,Cc1cc2c(c3cc(-c4ccccc4)ccc13)C(=O)NC[C@H]2N1CCCCC1,Cc1cc2c(c3cc(-c4ccccc4)ccc13)C(=O)NC[C@H]2N1CCCCC1,382,2.84539532661438,musk_cfd_pos
musk_activator_alphaC,MuSK,activator,A,CC(=O)NCCNC(=O)c1c[nH]c(-c2ccc3cc(N)ccc3c2F)c1,CC(=O)NCCNC(=O)c1c[nH]c(-c2ccc3cc(N)ccc3c2F)c1,383,2.8152379989624023,musk_cfd_pos
musk_activator_alphaC,MuSK,activator,A,CNC(=O)c1ccc(Oc2cc(F)c3c(c2OC)[C@H](N(C)C)[C@@H]2CCC[C@H]32)nc1,CNC(=O)c1ccc(Oc2cc(F)c3c(c2OC)[C@H](N(C)C)[C@@H]2CCC[C@H]32)nc1,384,2.711875915527344,musk_cfd_pos
musk_activator_alphaC,MuSK,activator,A,CN(C)Cc1cccc(F)c1CN1CC[C@H](c2cccc(-c3ccc(O)cc3)c2)C1,CN(C)Cc1cccc(F)c1CN1CC[C@H](c2cccc(-c3ccc(O)cc3)c2)C1,385,2.843142032623291,musk_cfd_pos
musk_activator_alphaC,MuSK,activator,A,Cc1cn(C[N+](C)(C)CCO)nc1N1C=NC2=CC3=C(C=CC2=C1)OCO3,Cc1cn(C[N+](C)(C)CCO)nc1N1C=NC2=CC3=C(C=CC2=C1)OCO3,386,2.750240564346313,musk_cfd_pos
musk_activator_alphaC,MuSK,activator,A,O=S(=O)(c1ccc2ccccc2n1)N1CCSc2nc(-c3ccncc3)nnc2CC1,O=S(=O)(c1ccc2ccccc2n1)N1CCSc2nc(-c3ccncc3)nnc2CC1,387,2.811274290084839,musk_cfd_pos
musk_activator_alphaC,MuSK,activator,A,CCCCC1=C(C(=O)N=C[C@H](CNC)c2ccc(F)cc2)C(=O)[C@@H]2C[C@H](C)CN2C1=O,CCCCC1=C(C(=O)N=C[C@H](CNC)c2ccc(F)cc2)C(=O)[C@@H]2C[C@H](C)CN2C1=O,388,2.674072265625,musk_cfd_pos
musk_activator_alphaC,MuSK,activator,A,O=c1[nH]cnc2c(-c3ccccc3)ccc(NCCCc3ccccc3)c12,O=c1[nH]cnc2c(-c3ccccc3)ccc(NCCCc3ccccc3)c12,389,2.815239191055298,musk_cfd_pos
musk_activator_alphaC,MuSK,activator,A,COc1ccc2c(c1)N(C)c1cc3[nH]c4[nH+]c(C)ccc4c3cc1C(=O)N2,COc1ccc2c(c1)N(C)c1cc3[nH]c4[nH+]c(C)ccc4c3cc1C(=O)N2,390,2.839951038360596,musk_cfd_pos
musk_activator_alphaC,MuSK,activator,A,CC(C)CC1=C2CC[C@@H]3[C@H]4CC(C(=O)O)=C[C@H]4C[C@@H]4CC[C@](C)(C1=O)[C@@H]2[C@H]43,CC(C)CC1=C2CC[C@@H]3[C@H]4CC(C(=O)O)=C[C@H]4C[C@@H]4CC[C@](C)(C1=O)[C@@H]2[C@H]43,391,2.509100914001465,musk_cfd_pos
musk_activator_alphaC,MuSK,activator,A,CC1=CN=C2C=CC(C(=O)NCC(=O)NCC3CCCCCC3)=CC=C2N1,CC1=CN=C2C=CC(C(=O)NCC(=O)NCC3CCCCCC3)=CC=C2N1,392,2.3818249702453613,musk_cfd_pos
musk_activator_alphaC,MuSK,activator,A,CN(C)CCN(CCCc1ccccc1)C(O)=NCCCc1ccccc1,CN(C)CCN(CCCc1ccccc1)C(O)=NCCCc1ccccc1,393,2.819698572158813,musk_cfd_pos
musk_activator_alphaC,MuSK,activator,A,CCCCCCCCCCCC(=O)Nc1cc[n+](Cc2ccccc2)cc1C,CCCCCCCCCCCC(=O)Nc1cc[n+](Cc2ccccc2)cc1C,394,2.6539347171783447,musk_cfd_pos
musk_activator_alphaC,MuSK,activator,A,CCN(CC1=CCCCC1)c1ccc(N=C(N)c2cc3ccccc3nc2C)s1,CCN(CC1=CCCCC1)c1ccc(N=C(N)c2cc3ccccc3nc2C)s1,395,2.7721197605133057,musk_cfd_pos
musk_activator_alphaC,MuSK,activator,A,COc1cccc(Nc2c3nc4ccc(OC)cc4cc3nn2C)c1,COc1cccc(Nc2c3nc4ccc(OC)cc4cc3nn2C)c1,396,2.7927515506744385,musk_cfd_pos
musk_activator_alphaC,MuSK,activator,A,CC1=C2C[C@@]3(C)CCCC[C@H]3[C@@H]2[C@H]2CC(=C[C@H]3O[C@H](O)C[C@@H](O)[C@@H]3O)[C@H](O)C[C@@H]2C1,CC1=C2C[C@@]3(C)CCCC[C@H]3[C@@H]2[C@H]2CC(=C[C@H]3O[C@H](O)C[C@@H](O)[C@@H]3O)[C@H](O)C[C@@H]2C1,397,2.64349627494812,musk_cfd_pos
musk_activator_alphaC,MuSK,activator,A,C[C@H](CCN(C)C)Nc1nc2ccccc2c2cc(C(=O)N(C)C)ccc12,C[C@H](CCN(C)C)Nc1nc2ccccc2c2cc(C(=O)N(C)C)ccc12,398,2.80376935005188,musk_cfd_pos
musk_activator_alphaC,MuSK,activator,A,COc1ccc(C(=O)N[C@@H]2CC[C@H](C(=O)Nc3ccccc3C)[C@@H](C)C2)cc1C,COc1ccc(C(=O)N[C@@H]2CC[C@H](C(=O)Nc3ccccc3C)[C@@H](C)C2)cc1C,399,2.822394609451294,musk_cfd_pos
musk_activator_alphaC,MuSK,activator,A,c1ccc(CCN2CCN(CCc3nc(-c4ccccc4)co3)CC2)cc1,c1ccc(CCN2CCN(CCc3nc(-c4ccccc4)co3)CC2)cc1,400,2.824711322784424,musk_cfd_pos
musk_activator_alphaC,MuSK,activator,A,c1ccc(CNCCn2ccc(Cc3ccccc3)c2)cc1,c1ccc(CNCCn2ccc(Cc3ccccc3)c2)cc1,401,2.7951595783233643,musk_cfd_pos
musk_activator_alphaC,MuSK,activator,A,C[C@H](CC(=O)c1ccc(CCc2ccccc2)c2n[nH]cc12)Cc1cc(O)cc[nH+]1,C[C@H](CC(=O)c1ccc(CCc2ccccc2)c2n[nH]cc12)Cc1cc(O)cc[nH+]1,402,2.691162109375,musk_cfd_pos
musk_activator_alphaC,MuSK,activator,A,CCCC[C@H]1CCN(C(=O)CN2C[C@H](C(=O)Nc3ccccc3)CC2=O)C1,CCCC[C@H]1CCN(C(=O)CN2C[C@H](C(=O)Nc3ccccc3)CC2=O)C1,403,2.81119966506958,musk_cfd_pos
musk_activator_alphaC,MuSK,activator,A,Cc1ccc(CNc2cc(N(CCCO)Cc3ccccc3)ncn2)cc1,Cc1ccc(CNc2cc(N(CCCO)Cc3ccccc3)ncn2)cc1,404,2.7774600982666016,musk_cfd_pos
musk_activator_alphaC,MuSK,activator,A,C[C@@H](CN1CCC(=Cc2ccc(Nc3[nH]ccc3C(=O)NO)cc2)C1)N(C)C,C[C@@H](CN1CCC(=Cc2ccc(Nc3[nH]ccc3C(=O)NO)cc2)C1)N(C)C,405,2.6888222694396973,musk_cfd_pos
musk_activator_alphaC,MuSK,activator,A,CC(C)CC(=O)Nc1nnc(Cn2cc(C[C@@]3(C)Cc4ccccc4O3)c3ccccc32)s1,CC(C)CC(=O)Nc1nnc(Cn2cc(C[C@@]3(C)Cc4ccccc4O3)c3ccccc32)s1,406,2.8046085834503174,musk_cfd_pos
musk_activator_alphaC,MuSK,activator,A,CN(CC[N+](C)(C)C)C[C@@H]1CCCN(C(=O)c2ccc(O)c(Cn3cnnn3)c2)C1,CN(CC[N+](C)(C)C)C[C@@H]1CCCN(C(=O)c2ccc(O)c(Cn3cnnn3)c2)C1,407,2.678507328033448,musk_cfd_pos
musk_activator_alphaC,MuSK,activator,A,Cc1cn2c3nc(=O)c4ccccc4nc3c3c2n1[C@@H](c1ccccc1)SCC3,Cc1cn2c3nc(=O)c4ccccc4nc3c3c2n1[C@@H](c1ccccc1)SCC3,408,2.7231295108795166,musk_cfd_pos
musk_activator_alphaC,MuSK,activator,A,CC=CCC1=C2CCCCCCCC=CCC[C@@H]([C@H]3CN3)CCN2CC1,CC=CCC1=C2CCCCCCCC=CCC[C@@H]([C@H]3CN3)CCN2CC1,409,2.0327603816986084,musk_cfd_pos
musk_activator_alphaC,MuSK,activator,A,C[C@H]1CCN(c2ccc([C@@H](O)c3ccc(C(=O)NNc4ccccc4)cc3)cc2)C1,C[C@H]1CCN(c2ccc([C@@H](O)c3ccc(C(=O)NNc4ccccc4)cc3)cc2)C1,410,2.792426347732544,musk_cfd_pos
musk_activator_alphaC,MuSK,activator,A,O=c1[nH]c(=O)n(-c2ccc(-c3ccccc3)cc2)c2oc3ccccc3c12,O=c1[nH]c(=O)n(-c2ccc(-c3ccccc3)cc2)c2oc3ccccc3c12,413,2.830667018890381,musk_cfd_pos
musk_activator_alphaC,MuSK,activator,A,CN(CC(O)=NC1CCCCC1)[C@@H]1CCN(c2cccc3ccccc23)C1,CN(CC(O)=NC1CCCCC1)[C@@H]1CCN(c2cccc3ccccc23)C1,414,2.882367849349976,musk_cfd_pos
musk_activator_alphaC,MuSK,activator,A,O=C(Nc1ccc(O)c(-c2ccccc2)c1)[C@H](CO)c1ccccc1,O=C(Nc1ccc(O)c(-c2ccccc2)c1)[C@H](CO)c1ccccc1,415,2.851890563964844,musk_cfd_pos
musk_activator_alphaC,MuSK,activator,A,CC[C@H](N=C(O)c1ccc2cccc(N)c2c1)C(=O)NCc1ccccc1,CC[C@H](N=C(O)c1ccc2cccc(N)c2c1)C(=O)NCc1ccccc1,416,2.81857967376709,musk_cfd_pos
musk_activator_alphaC,MuSK,activator,A,Cc1sc(C=C2NN=C(CSCc3[nH+]c(COc4ccccc4)no3)O2)c(C)c1C,Cc1sc(C=C2NN=C(CSCc3[nH+]c(COc4ccccc4)no3)O2)c(C)c1C,417,2.7256617546081543,musk_cfd_pos
musk_activator_alphaC,MuSK,activator,A,CN(C)[C@@H]1Cc2cc(C=C=C(CO)Nc3ccccc3)c3ccccc3c2C1,CN(C)[C@@H]1Cc2cc(C=C=C(CO)Nc3ccccc3)c3ccccc3c2C1,418,2.84045672416687,musk_cfd_pos
musk_activator_alphaC,MuSK,activator,A,O=C(c1ccc(-c2ccccn2)cc1)c1cc2ccc(NC3=NCCS3)cc2oc1=O,O=C(c1ccc(-c2ccccn2)cc1)c1cc2ccc(NC3=NCCS3)cc2oc1=O,419,2.8155205249786377,musk_cfd_pos
musk_activator_alphaC,MuSK,activator,A,CCCCCCN1CCCc2[nH]c(NCCNC)nc3c4cc(C)ccc4c1c2-3,CCCCCCN1CCCc2[nH]c(NCCNC)nc3c4cc(C)ccc4c1c2-3,420,2.651451587677002,musk_cfd_pos
musk_activator_alphaC,MuSK,activator,A,CC(C)C(=N)CCCCN1CCCc2c(-c3c[nH]c4ccccc34)c[nH]c2C1,CC(C)C(=N)CCCCN1CCCc2c(-c3c[nH]c4ccccc34)c[nH]c2C1,421,2.735337018966675,musk_cfd_pos
musk_activator_alphaC,MuSK,activator,A,CC(C)CCC(O)=N[C@H](C)C=CN=C1C[C@H](c2ccccc2)[C@@H]2CCCN12,CC(C)CCC(O)=N[C@H](C)C=CN=C1C[C@H](c2ccccc2)[C@@H]2CCCN12,422,2.684102296829224,musk_cfd_pos
musk_activator_alphaC,MuSK,activator,A,NC(=O)CCn1c(=O)c2[nH]c3ccc(NC(=O)c4ccccc4)c(O)c3c2c2ccccc21,NC(=O)CCn1c(=O)c2[nH]c3ccc(NC(=O)c4ccccc4)c(O)c3c2c2ccccc21,423,2.857556104660034,musk_cfd_pos
musk_activator_alphaC,MuSK,activator,A,COc1ccc(CC(C)C)cc1OCCN1CCCN(CCCNc2ncc[nH]2)CC1,COc1ccc(CC(C)C)cc1OCCN1CCCN(CCCNc2ncc[nH]2)CC1,424,2.594864845275879,musk_cfd_pos
musk_activator_alphaC,MuSK,activator,A,NS(=O)(=O)c1ccc(CC=CCCNCCCc2ccccc2)cc1,NS(=O)(=O)c1ccc(CC=CCCNCCCc2ccccc2)cc1,425,2.7645058631896973,musk_cfd_pos
musk_activator_alphaC,MuSK,activator,A,COC1=C(O)C[C@H]2CC(O)=C([C@@H]3C(=O)c4cc(O)ccc4-c4cc(C)ccc43)[C@@H]12,COC1=C(O)C[C@H]2CC(O)=C([C@@H]3C(=O)c4cc(O)ccc4-c4cc(C)ccc43)[C@@H]12,426,2.728348731994629,musk_cfd_pos
musk_activator_alphaC,MuSK,activator,A,COc1cccc(NC(=O)CCC(=O)Nc2cc3c4c(cccc4c2)CCNC3=O)c1,COc1cccc(NC(=O)CCC(=O)Nc2cc3c4c(cccc4c2)CCNC3=O)c1,427,2.840810060501098,musk_cfd_pos
musk_activator_alphaC,MuSK,activator,A,c1ccc(-c2ncc(-c3cccc(N4CCC[C@@H](c5ccco5)C4)c3)o2)cc1,c1ccc(-c2ncc(-c3cccc(N4CCC[C@@H](c5ccco5)C4)c3)o2)cc1,428,2.8057961463928223,musk_cfd_pos
musk_activator_alphaC,MuSK,activator,A,O=C(CCNC(=O)c1cccc(-c2ccccc2)c1)NCC(=O)c1ccccc1,O=C(CCNC(=O)c1cccc(-c2ccccc2)c1)NCC(=O)c1ccccc1,429,2.871674060821533,musk_cfd_pos
musk_activator_alphaC,MuSK,activator,A,CN(C1CCCCCC1)[C@@H]1CCC(=O)N(Cc2cn3c4c(cccc24)OCC3)C1,CN(C1CCCCCC1)[C@@H]1CCC(=O)N(Cc2cn3c4c(cccc24)OCC3)C1,431,2.445353507995605,musk_cfd_pos
musk_activator_alphaC,MuSK,activator,A,CC(C)NC(=O)[C@H]1CCCc2ccc(NC(=O)CCc3ccc(O)cc3)cc2O1,CC(C)NC(=O)[C@H]1CCCc2ccc(NC(=O)CCc3ccc(O)cc3)cc2O1,432,2.792933940887451,musk_cfd_pos
musk_activator_alphaC,MuSK,activator,A,Cc1ccc(-c2ccc3c(c2)N(CCc2ncccn2)CCNC3)cc1,Cc1ccc(-c2ccc3c(c2)N(CCc2ncccn2)CCNC3)cc1,433,2.79992938041687,musk_cfd_pos
musk_activator_alphaC,MuSK,activator,A,CCC1=c2c(ccc3c2=Cc2ccc4c(c2C3=O)OC[C@H](C)CO4)N=C1CCCN,CCC1=c2c(ccc3c2=Cc2ccc4c(c2C3=O)OC[C@H](C)CO4)N=C1CCCN,434,2.7739710807800293,musk_cfd_pos
musk_activator_alphaC,MuSK,activator,A,CC(C)CCNC(=O)c1cc(NC(=O)c2ccc(N3CCCCC3)nc2)ccc1Cl,CC(C)CCNC(=O)c1cc(NC(=O)c2ccc(N3CCCCC3)nc2)ccc1Cl,435,2.8381564617156982,musk_cfd_pos
musk_activator_alphaC,MuSK,activator,A,Cc1cc(N(C(=O)C(=O)O)c2ccc(CCc3ccncc3)cc2)ccc1N,Cc1cc(N(C(=O)C(=O)O)c2ccc(CCc3ccncc3)cc2)ccc1N,436,2.8673758506774902,musk_cfd_pos
musk_activator_alphaC,MuSK,activator,A,Nc1nc(NCCCOCc2ccc3cc(OCCCCO)ccc3c2)[nH]c2nnnc1-2,Nc1nc(NCCCOCc2ccc3cc(OCCCCO)ccc3c2)[nH]c2nnnc1-2,437,2.7937397956848145,musk_cfd_pos
musk_activator_alphaC,MuSK,activator,A,CC[C@@H]1c2ccccc2C=CN1C(=O)Oc1ccc(CCCCO)cc1,CC[C@@H]1c2ccccc2C=CN1C(=O)Oc1ccc(CCCCO)cc1,438,2.75260066986084,musk_cfd_pos
musk_activator_alphaC,MuSK,activator,A,CN(C)CCCc1cc2n(n1)CCN(C1c3ccccc3-c3ccccc31)C2,CN(C)CCCc1cc2n(n1)CCN(C1c3ccccc3-c3ccccc31)C2,442,2.7209484577178955,musk_cfd_pos
musk_activator_alphaC,MuSK,activator,A,COc1cccc2c3cc4c(C(=O)O)cn(-c5ccn(C)c5)c4ccc-3cc12,COc1cccc2c3cc4c(C(=O)O)cn(-c5ccn(C)c5)c4ccc-3cc12,443,2.8236773014068604,musk_cfd_pos
musk_activator_alphaC,MuSK,activator,A,O=C(Nc1cccc(Oc2ccccc2)c1)N1C[C@@H]2C[C@H]3CCC[C@@]2(CCC3)C1,O=C(Nc1cccc(Oc2ccccc2)c1)N1C[C@@H]2C[C@H]3CCC[C@@]2(CCC3)C1,444,2.8133041858673096,musk_cfd_pos
musk_activator_alphaC,MuSK,activator,A,O=C1NN=C(C(=O)OCc2ccccc2)C(=O)C1=CNc1ccccc1,O=C1NN=C(C(=O)OCc2ccccc2)C(=O)C1=CNc1ccccc1,445,2.9106662273406982,musk_cfd_pos
musk_activator_alphaC,MuSK,activator,A,NC(=O)c1ccc(-c2ccc3ccc(NN=Cc4cccc(O)c4)cc3n2)cc1,NC(=O)c1ccc(-c2ccc3ccc(NN=Cc4cccc(O)c4)cc3n2)cc1,446,2.938318014144897,musk_cfd_pos
musk_activator_alphaC,MuSK,activator,A,Cc1ccc(OCc2ccc(CN(C)C(=O)CCN3CCCCC3)cc2)cc1,Cc1ccc(OCc2ccc(CN(C)C(=O)CCN3CCCCC3)cc2)cc1,447,2.800846815109253,musk_cfd_pos
musk_activator_alphaC,MuSK,activator,A,COc1ccc(-c2cccc(-c3ccc4nc5cccc(C)n5c(=O)c4c3)nc2=O)cc1N,COc1ccc(-c2cccc(-c3ccc4nc5cccc(C)n5c(=O)c4c3)nc2=O)cc1N,449,2.825581789016724,musk_cfd_pos
musk_activator_alphaC,MuSK,activator,A,Cc1cccc(CCCC(=O)Nc2nnc(C[C@H]3Cc4ccccc4O3)o2)c1,Cc1cccc(CCCC(=O)Nc2nnc(C[C@H]3Cc4ccccc4O3)o2)c1,450,2.636674642562866,musk_cfd_pos
musk_activator_alphaC,MuSK,activator,A,Cc1ccc2cc3ccc(CNC(=O)[C@@H](N)n4cccn4)cc3nc2c1,Cc1ccc2cc3ccc(CNC(=O)[C@@H](N)n4cccn4)cc3nc2c1,451,2.7704482078552246,musk_cfd_pos
musk_activator_alphaC,MuSK,activator,A,O=S(=O)(CCCOc1ccccc1)Nc1cccc2c1ccc1[nH]ccc12,O=S(=O)(CCCOc1ccccc1)Nc1cccc2c1ccc1[nH]ccc12,452,2.799943208694458,musk_cfd_pos
musk_activator_alphaC,MuSK,activator,A,COc1ccccc1N[C@H](O)c1c2c3c(c[n+]1C)c1ccccc1n3CCC2=O,COc1ccccc1N[C@H](O)c1c2c3c(c[n+]1C)c1ccccc1n3CCC2=O,453,2.711289882659912,musk_cfd_pos
musk_activator_alphaC,MuSK,activator,A,CC1=CNC(c2ccccc2)=CC(N2C[C@@H](O)[C@H](O)[C@H](OP(=O)(O)O)C2)=C1,CC1=CNC(c2ccccc2)=CC(N2C[C@@H](O)[C@H](O)[C@H](OP(=O)(O)O)C2)=C1,454,2.777893543243408,musk_cfd_pos
musk_activator_alphaC,MuSK,activator,A,CNCc1ccc(-c2ccc(-c3ccc(-c4nn[nH]n4)o3)c(OC)c2)s1,CNCc1ccc(-c2ccc(-c3ccc(-c4nn[nH]n4)o3)c(OC)c2)s1,455,2.737187385559082,musk_cfd_pos
musk_activator_alphaC,MuSK,activator,A,CCCCCNc1ccc(Nc2nc3ccccc3c3ccncc23)cc1,CCCCCNc1ccc(Nc2nc3ccccc3c3ccncc23)cc1,456,2.8014373779296875,musk_cfd_pos
musk_activator_alphaC,MuSK,activator,A,Cc1nn(CCc2ccccc2)cc1N=c1nc(C2=CCCCC2)nc[nH]1,Cc1nn(CCc2ccccc2)cc1N=c1nc(C2=CCCCC2)nc[nH]1,457,2.763123035430908,musk_cfd_pos
musk_activator_alphaC,MuSK,activator,A,C[C@H](NC(=O)NCCc1ccccc1)C(O)=Nc1ccc(N2CCN(C)CC2)cc1,C[C@H](NC(=O)NCCc1ccccc1)C(O)=Nc1ccc(N2CCN(C)CC2)cc1,458,2.7997615337371826,musk_cfd_pos
musk_activator_alphaC,MuSK,activator,A,Nc1cccc(CNc2ccc3nc(-c4ccccc4O)ccc3c2)c1,Nc1cccc(CNc2ccc3nc(-c4ccccc4O)ccc3c2)c1,459,2.848302364349365,musk_cfd_pos
musk_activator_alphaC,MuSK,activator,A,CNC(=O)CNC(=O)c1cccc(-c2ccccc2Oc2ccccc2)c1,CNC(=O)CNC(=O)c1cccc(-c2ccccc2Oc2ccccc2)c1,460,2.892939805984497,musk_cfd_pos
musk_activator_alphaC,MuSK,activator,A,CCCCCCCCCc1cccc(NCc2cccc3c(O)c(C(=O)O)ccc23)c1,CCCCCCCCCc1cccc(NCc2cccc3c(O)c(C(=O)O)ccc23)c1,461,2.6834962368011475,musk_cfd_pos
musk_activator_alphaC,MuSK,activator,A,OCc1ccc(C=Nc2cccc3cc(-c4ccc5ccccc5c4)oc23)o1,OCc1ccc(C=Nc2cccc3cc(-c4ccc5ccccc5c4)oc23)o1,462,2.85192346572876,musk_cfd_pos
musk_activator_alphaC,MuSK,activator,A,C[C@@H](CCC[C@@H](O)CO)CCc1ccc2c(c1)-c1cccc3cccc-2c13,C[C@@H](CCC[C@@H](O)CO)CCc1ccc2c(c1)-c1cccc3cccc-2c13,463,2.6525533199310303,musk_cfd_pos
musk_activator_alphaC,MuSK,activator,A,Cc1cccc(N2CCCN(c3cccc(CN4CC[C@H](CO)C4=O)c3)CC2=O)c1,Cc1cccc(N2CCCN(c3cccc(CN4CC[C@H](CO)C4=O)c3)CC2=O)c1,464,2.865734100341797,musk_cfd_pos
musk_activator_alphaC,MuSK,activator,A,O=C(C1=Cc2cccc3cccc1c23)N1CCC[C@H](c2ccccc2)C1,O=C(C1=Cc2cccc3cccc1c23)N1CCC[C@H](c2ccccc2)C1,465,2.855849027633667,musk_cfd_pos
musk_activator_alphaC,MuSK,activator,A,Cc1cccc2c1CNC1=C3C=CC=C3c3c1c-2nc1ccccc31,Cc1cccc2c1CNC1=C3C=CC=C3c3c1c-2nc1ccccc31,467,2.780604600906372,musk_cfd_pos
musk_activator_alphaC,MuSK,activator,A,COc1ccc2c(=O)c3ccc(C(=O)O)cc4cc5c(CCO)cc1c2c5c43,COc1ccc2c(=O)c3ccc(C(=O)O)cc4cc5c(CCO)cc1c2c5c43,468,2.6919989585876465,musk_cfd_pos
musk_activator_alphaC,MuSK,activator,A,O=Cc1c2c(cc3ccccc13)CC[C@@H](NC(=O)c1ccc(F)cc1F)CC2,O=Cc1c2c(cc3ccccc13)CC[C@@H](NC(=O)c1ccc(F)cc1F)CC2,469,2.806500196456909,musk_cfd_pos
musk_activator_alphaC,MuSK,activator,A,CN1CCN(c2ccccc2)C[C@@H]1CC(=O)Nc1nc(CCn2cccc2)cs1,CN1CCN(c2ccccc2)C[C@@H]1CC(=O)Nc1nc(CCn2cccc2)cs1,470,2.7775633335113525,musk_cfd_pos
musk_activator_alphaC,MuSK,activator,A,C[C@H]1Cc2cc(O)ccc2CCN1Cc1nnc(-c2ccccc2)nc1-c1ccccc1,C[C@H]1Cc2cc(O)ccc2CCN1Cc1nnc(-c2ccccc2)nc1-c1ccccc1,471,2.8274130821228027,musk_cfd_pos
musk_activator_alphaC,MuSK,activator,A,O=C(Nc1ccc(-c2ccccc2)cc1)N[C@@H](CC(O)O)C(=O)O,O=C(Nc1ccc(-c2ccccc2)cc1)N[C@@H](CC(O)O)C(=O)O,473,2.757160186767578,musk_cfd_pos
musk_activator_alphaC,MuSK,activator,A,COc1ccc(CCc2ccc(OC[C@@H](O)c3ccccc3Cl)cc2)cc1,COc1ccc(CCc2ccc(OC[C@@H](O)c3ccccc3Cl)cc2)cc1,474,2.876638412475586,musk_cfd_pos
musk_activator_alphaC,MuSK,activator,A,C[C@H]1C[C@@H](c2cccc(C(=O)NCCc3ccccc3)c2)N2CCNC[C@H]12,C[C@H]1C[C@@H](c2cccc(C(=O)NCCc3ccccc3)c2)N2CCNC[C@H]12,475,2.7137160301208496,musk_cfd_pos
musk_activator_alphaC,MuSK,activator,A,CN1CCC(CNC(=O)CCCn2[nH]cc3nc4ccccc4c-3c2=O)CC1,CN1CCC(CNC(=O)CCCn2[nH]cc3nc4ccccc4c-3c2=O)CC1,476,2.77317214012146,musk_cfd_pos
musk_activator_alphaC,MuSK,activator,A,Cc1nccc2c1C=CC=CC1=C2C(=O)[C@H]2[C@@H](CO)[C@H](C(=O)OCc3cscn3)C[C@@H]12,Cc1nccc2c1C=CC=CC1=C2C(=O)[C@H]2[C@@H](CO)[C@H](C(=O)OCc3cscn3)C[C@@H]12,477,2.4416418075561523,musk_cfd_pos
musk_activator_alphaC,MuSK,activator,A,Cc1ccc2nc3c(cc2c1)[C@@H]([C@@H](C)c1cccnc1)[C@@H](O)CC3=NO,Cc1ccc2nc3c(cc2c1)[C@@H]([C@@H](C)c1cccnc1)[C@@H](O)CC3=NO,479,2.701000452041626,musk_cfd_pos
musk_activator_alphaC,MuSK,activator,A,CC(=O)[C@H]1Cc2ccccc2N[C@H]1c1cncc(-c2ccc3c(c2)CCCC3)n1,CC(=O)[C@H]1Cc2ccccc2N[C@H]1c1cncc(-c2ccc3c(c2)CCCC3)n1,480,2.78074598312378,musk_cfd_pos
musk_activator_alphaC,MuSK,activator,A,O=C(NCc1ccc(O)cc1)NC1=Cc2c(ccc3ccccc23)C=CN1,O=C(NCc1ccc(O)cc1)NC1=Cc2c(ccc3ccccc23)C=CN1,481,2.798214673995972,musk_cfd_pos
musk_activator_alphaC,MuSK,activator,A,Cc1cccc(-c2nc3ccccc3c3c2c(C)nn3-c2cccnc2)c1,Cc1cccc(-c2nc3ccccc3c3c2c(C)nn3-c2cccnc2)c1,482,2.833858251571656,musk_cfd_pos
musk_activator_alphaC,MuSK,activator,A,CCOc1c2cc(OC)ccc2c2oc(-c3cc[nH+]cc3)[n+]-2c2ccncc12,CCOc1c2cc(OC)ccc2c2oc(-c3cc[nH+]cc3)[n+]-2c2ccncc12,483,2.752314329147339,musk_cfd_pos
musk_activator_alphaC,MuSK,activator,A,CCC[C@@H](CCc1cccc(OC)c1)NC(=O)NCc1cccc(CN2CCCCC2)c1,CCC[C@@H](CCc1cccc(OC)c1)NC(=O)NCc1cccc(CN2CCCCC2)c1,484,2.809159517288208,musk_cfd_pos
musk_activator_alphaC,MuSK,activator,A,Cc1ccc2c3cccc4[nH]c(CO)c5[nH]c6cccc(c2[nH]1)c6c5c43,Cc1ccc2c3cccc4[nH]c(CO)c5[nH]c6cccc(c2[nH]1)c6c5c43,485,2.6747372150421143,musk_cfd_pos
musk_activator_alphaC,MuSK,activator,A,C[C@@H]1C(=O)N(C2=CC=Cc3ccccc3N2)CCN1c1cccc(-c2cn[nH]c2)c1,C[C@@H]1C(=O)N(C2=CC=Cc3ccccc3N2)CCN1c1cccc(-c2cn[nH]c2)c1,486,2.7732961177825928,musk_cfd_pos
musk_activator_alphaC,MuSK,activator,A,CN(C)[C@@H]1CCN(c2cccc(NC(=O)c3ccc(C(=O)c4ccco4)cc3)c2)C1,CN(C)[C@@H]1CCN(c2cccc(NC(=O)c3ccc(C(=O)c4ccco4)cc3)c2)C1,487,2.8374733924865723,musk_cfd_pos
musk_activator_alphaC,MuSK,activator,A,Cc1ccc(-c2cc(NC(=O)N[C@H](C)SCc3ccccc3)on2)cc1,Cc1ccc(-c2cc(NC(=O)N[C@H](C)SCc3ccccc3)on2)cc1,488,2.820484161376953,musk_cfd_pos
musk_activator_alphaC,MuSK,activator,A,Cc1ccc(CN2C[C@@H]3[C@H](C2=O)N(C)CCN3C(=O)c2ccc(C)cc2)cc1,Cc1ccc(CN2C[C@@H]3[C@H](C2=O)N(C)CCN3C(=O)c2ccc(C)cc2)cc1,489,2.820280075073242,musk_cfd_pos
musk_activator_alphaC,MuSK,activator,A,CS(=O)(=O)Oc1ccc(C(=Cc2cccc(-c3ccccc3)c2)C(=O)O)cc1,CS(=O)(=O)Oc1ccc(C(=Cc2cccc(-c3ccccc3)c2)C(=O)O)cc1,490,2.83325457572937,musk_cfd_pos
musk_activator_alphaC,MuSK,activator,A,CCN(C)c1cnc2c(CNC(=S)NC[C@H](N)c3ccccc3)cccc2n1,CCN(C)c1cnc2c(CNC(=S)NC[C@H](N)c3ccccc3)cccc2n1,491,2.691443920135498,musk_cfd_pos
musk_activator_alphaC,MuSK,activator,A,C[C@H]1CCN(c2ccc(NC(=O)NCc3cccc(N4CCOCC4)c3)cc2)C1,C[C@H]1CCN(c2ccc(NC(=O)NCc3cccc(N4CCOCC4)c3)cc2)C1,492,2.811818838119507,musk_cfd_pos
musk_activator_alphaC,MuSK,activator,A,Cc1ccccc1N1CCN(C(O)=Nc2cccc3cccnc23)CC1,Cc1ccccc1N1CCN(C(O)=Nc2cccc3cccnc23)CC1,493,2.85398268699646,musk_cfd_pos
musk_activator_alphaC,MuSK,activator,A,CNc1ccc(CNC(=O)NCCc2nnc(-c3ccncc3)o2)cc1,CNc1ccc(CNC(=O)NCCc2nnc(-c3ccncc3)o2)cc1,494,2.772489786148072,musk_cfd_pos
musk_activator_alphaC,MuSK,activator,A,CC(C)c1c[nH]c(COCc2ccc(NC(=O)N3CCCC3)[nH+]c2)c1,CC(C)c1c[nH]c(COCc2ccc(NC(=O)N3CCCC3)[nH+]c2)c1,495,2.768298864364624,musk_cfd_pos
musk_activator_alphaC,MuSK,activator,A,Cc1cccc(-c2cc(C(=O)NOC(=O)N[C@H]3CCCNCC3)[nH]n2)c1,Cc1cccc(-c2cc(C(=O)NOC(=O)N[C@H]3CCCNCC3)[nH]n2)c1,497,2.782412052154541,musk_cfd_pos
musk_activator_alphaC,MuSK,activator,A,O=C(CCCc1ccccc1)Nc1cccc2ccc3c(C(=O)O)cccc3c12,O=C(CCCc1ccccc1)Nc1cccc2ccc3c(C(=O)O)cccc3c12,498,2.8765981197357178,musk_cfd_pos
musk_activator_alphaC,MuSK,activator,A,Nc1c(-c2cc3ccccc3[nH]2)c[nH+]n1-c1cccc(C(=O)NC2CCC2)c1,Nc1c(-c2cc3ccccc3[nH]2)c[nH+]n1-c1cccc(C(=O)NC2CCC2)c1,499,2.7619807720184326,musk_cfd_pos
musk_activator_alphaC,MuSK,activator,A,CN1CCc2c1ccc1cc(N=C(O)Cc3cccc(O)c3)ccc21,CN1CCc2c1ccc1cc(N=C(O)Cc3cccc(O)c3)ccc21,500,2.8965532779693604,musk_cfd_pos
musk_activator_alphaC,MuSK,activator,A,C[N+]1(C)CCCN2Cc3c4cn[n+](-c5ccccc5)c-4[nH+]c4ccccc4c3[C@@H]2C1,C[N+]1(C)CCCN2Cc3c4cn[n+](-c5ccccc5)c-4[nH+]c4ccccc4c3[C@@H]2C1,501,2.6584725379943848,musk_cfd_pos
musk_activator_alphaC,MuSK,activator,A,COC(C)(C)c1ccc2c(c1)C[C@H]1C(=N)C3=CNc4ccccc4C=C3[C@H]1CC2,COC(C)(C)c1ccc2c(c1)C[C@H]1C(=N)C3=CNc4ccccc4C=C3[C@H]1CC2,502,2.789987325668335,musk_cfd_pos
musk_activator_alphaC,MuSK,activator,A,COc1ccc(CCNC(=O)c2cnc3n(-c4ccc(O)cc4)ccn23)cc1,COc1ccc(CCNC(=O)c2cnc3n(-c4ccc(O)cc4)ccn23)cc1,504,2.874126672744751,musk_cfd_pos
musk_activator_alphaC,MuSK,activator,A,O=C(Cc1ccccc1)N[C@@H]1CCCC[C@@H]1c1ccnn1-c1ccccc1,O=C(Cc1ccccc1)N[C@@H]1CCCC[C@@H]1c1ccnn1-c1ccccc1,505,2.8372817039489746,musk_cfd_pos
musk_activator_alphaC,MuSK,activator,A,CCOc1ccc(N2C[C@H]3[C@@H](N)c4cc5ccc(O)cc5nc4N3CC2=O)cc1,CCOc1ccc(N2C[C@H]3[C@@H](N)c4cc5ccc(O)cc5nc4N3CC2=O)cc1,506,2.759977340698242,musk_cfd_pos
musk_activator_alphaC,MuSK,activator,A,OC(O)c1cc2c3c(cccc3c1)N[C@H]1O[C@H]1C1=CC=CC=CC=C12,OC(O)c1cc2c3c(cccc3c1)N[C@H]1O[C@H]1C1=CC=CC=CC=C12,507,2.011734962463379,musk_cfd_pos
musk_activator_alphaC,MuSK,activator,A,CNc1cc(-c2ccc(NCCn3cncn3)cc2C)cc(N2CCCC2)n1,CNc1cc(-c2ccc(NCCn3cncn3)cc2C)cc(N2CCCC2)n1,508,2.8062667846679688,musk_cfd_pos
musk_activator_alphaC,MuSK,activator,A,CNCC1=CC2=C(c3ccc(CNCc4cccnc4)cc3)CCCC2=N1,CNCC1=CC2=C(c3ccc(CNCc4cccnc4)cc3)CCCC2=N1,509,2.7945661544799805,musk_cfd_pos
musk_activator_alphaC,MuSK,activator,A,COc1cccc(N=C2C=C(Nc3ccccc3N)c3ccccc32)c1,COc1cccc(N=C2C=C(Nc3ccccc3N)c3ccccc32)c1,510,2.852382183074951,musk_cfd_pos
musk_activator_alphaC,MuSK,activator,A,CNc1c(C(=O)Nc2cccc(C)c2)c(C)nc2c1ccc1cc(OCO)ccc12,CNc1c(C(=O)Nc2cccc(C)c2)c(C)nc2c1ccc1cc(OCO)ccc12,511,2.801931619644165,musk_cfd_pos
musk_activator_alphaC,MuSK,activator,A,C[C@H](NCc1ccc(Nc2nc3ccccc3[nH]2)cc1)c1ccccc1,C[C@H](NCc1ccc(Nc2nc3ccccc3[nH]2)cc1)c1ccccc1,512,2.8124747276306152,musk_cfd_pos
musk_activator_alphaC,MuSK,activator,A,CCCCN1CCCn2c1ccc(Nc1ccc(-c3ccncc3)cc1)c2=O,CCCCN1CCCn2c1ccc(Nc1ccc(-c3ccncc3)cc1)c2=O,513,2.7581005096435547,musk_cfd_pos
musk_activator_alphaC,MuSK,activator,A,O=C(NC1CSC1)N1CCOc2ccc3ccccc3c2CC1,O=C(NC1CSC1)N1CCOc2ccc3ccccc3c2CC1,514,2.6711618900299072,musk_cfd_pos
musk_activator_alphaC,MuSK,activator,A,CCOC(=O)N1CC[C@H](NC(=O)c2cc3cc(-c4ccc(C)cc4)ccc3[nH]2)C1,CCOC(=O)N1CC[C@H](NC(=O)c2cc3cc(-c4ccc(C)cc4)ccc3[nH]2)C1,515,2.859696865081787,musk_cfd_pos
musk_activator_alphaC,MuSK,activator,A,C[C@@H]1C[C@H]2C(=O)N(c3ccc(Oc4ccccc4)cc3)C2C[C@H]1CCN,C[C@@H]1C[C@H]2C(=O)N(c3ccc(Oc4ccccc4)cc3)C2C[C@H]1CCN,516,2.643084049224853,musk_cfd_pos
musk_activator_alphaC,MuSK,activator,A,CN1CCS[C@@H](CCCCc2nc3ccc4cc(C(=O)O)ccc4c3[nH]2)CC1,CN1CCS[C@@H](CCCCc2nc3ccc4cc(C(=O)O)ccc4c3[nH]2)CC1,517,2.6044726371765137,musk_cfd_pos
musk_activator_alphaC,MuSK,activator,A,Cc1cccc(CNC(=O)c2cc3ccc(OCc4ccccc4N)cc3[nH]c2=N)c1,Cc1cccc(CNC(=O)c2cc3ccc(OCc4ccccc4N)cc3[nH]c2=N)c1,518,2.9046313762664795,musk_cfd_pos
musk_activator_alphaC,MuSK,activator,A,COc1ccc(-c2nc(C)cc(Nc3ccccc3C=CC(N)=O)n2)cc1,COc1ccc(-c2nc(C)cc(Nc3ccccc3C=CC(N)=O)n2)cc1,519,2.8468127250671387,musk_cfd_pos
musk_activator_alphaC,MuSK,activator,A,Cc1ccc(COc2cccc(NC(=O)CCCc3cccnc3N(C)C)c2)cc1,Cc1ccc(COc2cccc(NC(=O)CCCc3cccnc3N(C)C)c2)cc1,520,2.867043256759644,musk_cfd_pos
musk_activator_alphaC,MuSK,activator,A,CCC[C@H]1C(=O)N(c2cc(-c3ccc(N(C)C)cc3)c[nH]2)C2CCC=C21,CCC[C@H]1C(=O)N(c2cc(-c3ccc(N(C)C)cc3)c[nH]2)C2CCC=C21,522,2.675201177597046,musk_cfd_pos
musk_activator_alphaC,MuSK,activator,A,CN1CC[C@@H]2N(CC1)c1ccc(Oc3cccnc3)cc1C(=O)N2c1ccccc1,CN1CC[C@@H]2N(CC1)c1ccc(Oc3cccnc3)cc1C(=O)N2c1ccccc1,523,2.758586883544922,musk_cfd_pos
musk_activator_alphaC,MuSK,activator,A,CNC(=O)c1ccc(CCCc2nc(C[n+]3ccc(N(C)C)cc3)[nH+]o2)c[nH+]1,CNC(=O)c1ccc(CCCc2nc(C[n+]3ccc(N(C)C)cc3)[nH+]o2)c[nH+]1,524,2.748857259750366,musk_cfd_pos
musk_activator_alphaC,MuSK,activator,A,CN1CCC(NC(=N)NCCN(C)c2ccc3c4c(cccc24)C=C3)CC1,CN1CCC(NC(=N)NCCN(C)c2ccc3c4c(cccc24)C=C3)CC1,526,2.704926013946533,musk_cfd_pos
musk_activator_alphaC,MuSK,activator,A,Cc1cccc(C[n+]2ccc(C(O)=NCCNCCCc3ccccc3)cc2)c1,Cc1cccc(C[n+]2ccc(C(O)=NCCNCCCc3ccccc3)cc2)c1,527,2.861082077026367,musk_cfd_pos
musk_activator_alphaC,MuSK,activator,A,CCN(CCNc1ccc2[nH]c(CCNC(=O)NC[C@@H](N)CN)nc2c1)c1ccccc1,CCN(CCNc1ccc2[nH]c(CCNC(=O)NC[C@@H](N)CN)nc2c1)c1ccccc1,528,2.784860610961914,musk_cfd_pos
musk_activator_alphaC,MuSK,activator,A,CC(=O)N(CO)N=Cc1ccc2c(c1)NC(=O)c1ncnc(N)c1C(=O)N2,CC(=O)N(CO)N=Cc1ccc2c(c1)NC(=O)c1ncnc(N)c1C(=O)N2,529,2.793545722961426,musk_cfd_pos
musk_activator_alphaC,MuSK,activator,A,CC(=O)Nc1ccc2c(c1)C(O)=C1C(=O)[N+](CCc3ccc(C)cc3C)=CC(N)=C12,CC(=O)Nc1ccc2c(c1)C(O)=C1C(=O)[N+](CCc3ccc(C)cc3C)=CC(N)=C12,530,2.784594774246216,musk_cfd_pos
musk_activator_alphaC,MuSK,activator,A,Cc1nc(N2CCc3cnccc3C2)ccc1-c1cccc(Nc2ccccc2)c1,Cc1nc(N2CCc3cnccc3C2)ccc1-c1cccc(Nc2ccccc2)c1,531,2.858529806137085,musk_cfd_pos
musk_activator_alphaC,MuSK,activator,A,COc1cccc(-c2nc3c(n2O)NC=CC(c2ccc4c(c2)CCNC4)=C3)c1,COc1cccc(-c2nc3c(n2O)NC=CC(c2ccc4c(c2)CCNC4)=C3)c1,532,2.79934024810791,musk_cfd_pos
musk_activator_alphaC,MuSK,activator,A,O=C(O)[C@H]1C[C@@H](Cn2cccc2)CN1C(=O)NCCCCCn1ccnc1,O=C(O)[C@H]1C[C@@H](Cn2cccc2)CN1C(=O)NCCCCCn1ccnc1,533,2.7578790187835693,musk_cfd_pos
musk_activator_alphaC,MuSK,activator,A,COc1cc2c(cc1NC(C)=O)N1Nc3cc(CNC(C)(C)C)ccc3N1N2,COc1cc2c(cc1NC(C)=O)N1Nc3cc(CNC(C)(C)C)ccc3N1N2,534,2.6723785400390625,musk_cfd_pos
musk_activator_alphaC,MuSK,activator,A,CN(C)c1ccc2cc3c4ccccc4c(NC(=O)NCC4CCCCC4)c-3ccc2c1,CN(C)c1ccc2cc3c4ccccc4c(NC(=O)NCC4CCCCC4)c-3ccc2c1,535,2.8497214317321777,musk_cfd_pos
musk_activator_alphaC,MuSK,activator,A,C[C@H](C(=O)O)N1CCN(C[C@@H]2CCc3ccc(OC(F)(F)F)cc3C2)CC1,C[C@H](C(=O)O)N1CCN(C[C@@H]2CCc3ccc(OC(F)(F)F)cc3C2)CC1,536,2.7289788722991943,musk_cfd_pos
musk_activator_alphaC,MuSK,activator,A,CCCn1cc(CCCCCC(=O)Nc2ccccc2C)c2ccccc21,CCCn1cc(CCCCCC(=O)Nc2ccccc2C)c2ccccc21,537,2.7082736492156982,musk_cfd_pos
musk_activator_alphaC,MuSK,activator,A,Cc1ccc2nc(CCCCc3ccc(F)c4c3NC(=O)[C@H](N)N4)[nH]c2c1,Cc1ccc2nc(CCCCc3ccc(F)c4c3NC(=O)[C@H](N)N4)[nH]c2c1,538,2.683444023132324,musk_cfd_pos
musk_activator_alphaC,MuSK,activator,A,O=c1[nH]c2ccccc2c2c1N=C(NCCNCCc1ccccc1)C=CN2,O=c1[nH]c2ccccc2c2c1N=C(NCCNCCc1ccccc1)C=CN2,539,2.8102803230285645,musk_cfd_pos
musk_activator_alphaC,MuSK,activator,A,Cc1ccc2cc3c4c(cc(C(C)(C)C)c3nc2c1)C(=O)N([C@@H](C)C(C)C)C4=O,Cc1ccc2cc3c4c(cc(C(C)(C)C)c3nc2c1)C(=O)N([C@@H](C)C(C)C)C4=O,540,2.808656930923462,musk_cfd_pos
musk_activator_alphaC,MuSK,activator,A,CN1CCC(Cc2ccc(C[C@H]3NC(=O)c4cccnc4-c4ccccc43)cc2)CC1,CN1CCC(Cc2ccc(C[C@H]3NC(=O)c4cccnc4-c4ccccc43)cc2)CC1,541,2.6782422065734863,musk_cfd_pos
musk_activator_alphaC,MuSK,activator,A,C=[N+]1C2=CC(=Nc3ccccc3)N[C@@H](N)[C@H]2NC1=Nc1cccc(OCC)c1,C=[N+]1C2=CC(=Nc3ccccc3)N[C@@H](N)[C@H]2NC1=Nc1cccc(OCC)c1,543,2.831483840942383,musk_cfd_pos
musk_activator_alphaC,MuSK,activator,A,N=C(N=CC=Cc1cc(C(=O)O)cs1)c1cnn(-c2ccccc2)n1,N=C(N=CC=Cc1cc(C(=O)O)cs1)c1cnn(-c2ccccc2)n1,544,2.736268281936645,musk_cfd_pos
musk_activator_alphaC,MuSK,activator,A,Cc1ccc(C(=O)Nc2ccnc(NCc3ccc(C)c(C)c3)c2)nn1,Cc1ccc(C(=O)Nc2ccnc(NCc3ccc(C)c(C)c3)c2)nn1,545,2.8510513305664062,musk_cfd_pos
musk_activator_alphaC,MuSK,activator,A,Cc1cccc(-c2cc3[nH]c(Cc4ccccc4O)c(C)c3cn2)c1,Cc1cccc(-c2cc3[nH]c(Cc4ccccc4O)c(C)c3cn2)c1,548,2.868206739425659,musk_cfd_pos
musk_activator_alphaC,MuSK,activator,A,CC(C)Nc1cc2cc(-c3cc[nH+]c(-[n+]4ccco4)n3)ccc2cc1-c1cnc[nH]1,CC(C)Nc1cc2cc(-c3cc[nH+]c(-[n+]4ccco4)n3)ccc2cc1-c1cnc[nH]1,549,2.730386018753052,musk_cfd_pos
musk_activator_alphaC,MuSK,activator,A,O=C(CCCN1CCOc2ccccc2C1=O)NC[C@@H]1CCc2ccccc21,O=C(CCCN1CCOc2ccccc2C1=O)NC[C@@H]1CCc2ccccc21,550,2.86253023147583,musk_cfd_pos
musk_activator_alphaC,MuSK,activator,A,CC(C)CCNC(=O)Cc1cccc(Nc2cccc(-c3ccccn3)c2)c1,CC(C)CCNC(=O)Cc1cccc(Nc2cccc(-c3ccccn3)c2)c1,551,2.81645941734314,musk_cfd_pos
musk_activator_alphaC,MuSK,activator,A,CN1CCN(CC(=O)NCc2cnn(-c3ccccc3)c2)C=C1c1ccccc1,CN1CCN(CC(=O)NCc2cnn(-c3ccccc3)c2)C=C1c1ccccc1,552,2.8452677726745605,musk_cfd_pos
musk_activator_alphaC,MuSK,activator,A,CC=NN1C(=O)NC2=C(CCCC2)[C@@H]1CCCCC(=O)c1ccc(O)c(C)c1,CC=NN1C(=O)NC2=C(CCCC2)[C@@H]1CCCCC(=O)c1ccc(O)c(C)c1,553,2.491553783416748,musk_cfd_pos
musk_activator_alphaC,MuSK,activator,A,CCCC(=O)[n+]1c2cccc(OCc3ccccc3)nc-2c2ccccc21,CCCC(=O)[n+]1c2cccc(OCc3ccccc3)nc-2c2ccccc21,554,2.769963026046753,musk_cfd_pos
musk_activator_alphaC,MuSK,activator,A,O=C(Nc1ccc(-c2cccnc2)cc1)c1ccnc(Cn2cccn2)c1,O=C(Nc1ccc(-c2cccnc2)cc1)c1ccnc(Cn2cccn2)c1,555,2.867451429367065,musk_cfd_pos
musk_activator_alphaC,MuSK,activator,A,C[C@@H](NC(=O)NCc1cccn1C)C(=O)NCCc1nccnc1-c1ccccc1,C[C@@H](NC(=O)NCc1cccn1C)C(=O)NCCc1nccnc1-c1ccccc1,556,2.742436647415161,musk_cfd_pos
musk_activator_alphaC,MuSK,activator,A,COc1ccc2c(c1)C(=O)[N+](C[C@@H](O)NC[C@@H](O)c1ccc(O)cc1)=N2,COc1ccc2c(c1)C(=O)[N+](C[C@@H](O)NC[C@@H](O)c1ccc(O)cc1)=N2,557,2.77563738822937,musk_cfd_pos
musk_activator_alphaC,MuSK,activator,A,CCN(C(=O)Cn1cc(C)c(=O)c2c3c(C)cccc3c(O)cc21)c1ccccc1,CCN(C(=O)Cn1cc(C)c(=O)c2c3c(C)cccc3c(O)cc21)c1ccccc1,558,2.800748348236084,musk_cfd_pos
musk_activator_alphaC,MuSK,activator,A,Cc1ccc2c3c4ccsc4nc4c3n(c2c1)CC[C@H](C)CN4,Cc1ccc2c3c4ccsc4nc4c3n(c2c1)CC[C@H](C)CN4,559,2.593275547027588,musk_cfd_pos
musk_activator_alphaC,MuSK,activator,A,C[C@@H]1CCC2=C(Cc3ccccc3)C[C@H](C[C@@H](C)O)[C@@H]3C(=O)C4=C(CO[C@@H]1[C@@H]23)[C@H](C)[C@@H]4O,C[C@@H]1CCC2=C(Cc3ccccc3)C[C@H](C[C@@H](C)O)[C@@H]3C(=O)C4=C(CO[C@@H]1[C@@H]23)[C@H](C)[C@@H]4O,560,2.333322048187256,musk_cfd_pos
musk_activator_alphaC,MuSK,activator,A,CN(O)C[C@@H](CNc1cccc(-c2ccc(O)c(O)c2)c1)c1ccc([N+](=O)O)cc1,CN(O)C[C@@H](CNc1cccc(-c2ccc(O)c(O)c2)c1)c1ccc([N+](=O)O)cc1,561,2.818743705749512,musk_cfd_pos
musk_activator_alphaC,MuSK,activator,A,CC1=C(NC[C@@H]2CCN(c3ccc(C)cc3)C2)CC=C(c2ccccc2)N1,CC1=C(NC[C@@H]2CCN(c3ccc(C)cc3)C2)CC=C(c2ccccc2)N1,562,2.8542439937591557,musk_cfd_pos
musk_activator_alphaC,MuSK,activator,A,COc1ccc(C2=C(C)C=C3[C@@H](CC(=O)N3c3ccc4c(c3)OCCO4)C2)cc1,COc1ccc(C2=C(C)C=C3[C@@H](CC(=O)N3c3ccc4c(c3)OCCO4)C2)cc1,563,2.866745710372925,musk_cfd_pos
musk_activator_alphaC,MuSK,activator,A,CC(=O)N1CC(=NCc2ccc3ncccc3c2)c2ccc(C(=O)O)cc21,CC(=O)N1CC(=NCc2ccc3ncccc3c2)c2ccc(C(=O)O)cc21,564,2.892022132873535,musk_cfd_pos
musk_activator_alphaC,MuSK,activator,A,Cc1ccccc1C(=O)N1CCC(NC(=O)NC2CCN(C)CC2)CC1,Cc1ccccc1C(=O)N1CCC(NC(=O)NC2CCN(C)CC2)CC1,565,2.8167428970336914,musk_cfd_pos
musk_activator_alphaC,MuSK,activator,A,CN1CCC(CCCCCCc2ccc(-c3cccnc3)cc2)CC1,CN1CCC(CCCCCCc2ccc(-c3cccnc3)cc2)CC1,566,2.75614070892334,musk_cfd_pos
musk_activator_alphaC,MuSK,activator,A,C[C@H](CNC(=O)c1ccc(N2CCCN(C)CC2)cc1)Cc1cn2ccccc2n1,C[C@H](CNC(=O)c1ccc(N2CCCN(C)CC2)cc1)Cc1cn2ccccc2n1,568,2.8184473514556885,musk_cfd_pos
musk_activator_alphaC,MuSK,activator,A,CCCCNCCCNc1nc2cccc-2c2c(OC)cccc2n1,CCCCNCCCNc1nc2cccc-2c2c(OC)cccc2n1,569,2.6791985034942627,musk_cfd_pos
musk_activator_alphaC,MuSK,activator,A,Cc1ccccc1CCN(C)CC(=O)NCCn1cnc([C@H](O)Nc2ccccc2)c1,Cc1ccccc1CCN(C)CC(=O)NCCn1cnc([C@H](O)Nc2ccccc2)c1,571,2.847534418106079,musk_cfd_pos
musk_activator_alphaC,MuSK,activator,A,Cc1ccc2nc(COC(=O)NC[C@H]3CC=C4c5ccc(N)cc5C(=O)N4C3)cnc2c1,Cc1ccc2nc(COC(=O)NC[C@H]3CC=C4c5ccc(N)cc5C(=O)N4C3)cnc2c1,573,2.8328442573547363,musk_cfd_pos
musk_activator_alphaC,MuSK,activator,A,O=C(NCc1ccccc1)NNC(=O)NCc1cccc(CN2CCCCC2)c1,O=C(NCc1ccccc1)NNC(=O)NCc1cccc(CN2CCCCC2)c1,574,2.832977294921875,musk_cfd_pos
musk_activator_alphaC,MuSK,activator,A,C[C@H]1COc2cc3c(cc2N[C@H]1c1cccc2c[nH]cc12)S[C@@H](c1ccccc1)CO3,C[C@H]1COc2cc3c(cc2N[C@H]1c1cccc2c[nH]cc12)S[C@@H](c1ccccc1)CO3,575,2.693539619445801,musk_cfd_pos
musk_activator_alphaC,MuSK,activator,A,CC[C@@H]1CC(=O)N2CC(=CNc3cc(OC)nc(C(=O)N[C@H]4CCN(C)C4)c3)CC[C@H]12,CC[C@@H]1CC(=O)N2CC(=CNc3cc(OC)nc(C(=O)N[C@H]4CCN(C)C4)c3)CC[C@H]12,576,2.7719666957855225,musk_cfd_pos
musk_activator_alphaC,MuSK,activator,A,O=C1CC2=C(O)CCC[C@@H]2C2=C(O)[C@H]3CCC(c4ccccn4)=CC=C3C=C12,O=C1CC2=C(O)CCC[C@@H]2C2=C(O)[C@H]3CCC(c4ccccn4)=CC=C3C=C12,577,2.6783905029296875,musk_cfd_pos
musk_activator_alphaC,MuSK,activator,A,CCN(C)Cc1cc(NCCCOc2cccc(OC)c2)n(-c2ccc(C)cc2)n1,CCN(C)Cc1cc(NCCCOc2cccc(OC)c2)n(-c2ccc(C)cc2)n1,578,2.7430078983306885,musk_cfd_pos
musk_activator_alphaC,MuSK,activator,A,O=C(NCC[C@H]1CC[C@@]2(CCN(Cc3ccc(Cn4cccc4)cc3)C2)CC1)C1CCCCC1,O=C(NCC[C@H]1CC[C@@]2(CCN(Cc3ccc(Cn4cccc4)cc3)C2)CC1)C1CCCCC1,579,2.850283622741699,musk_cfd_pos
musk_activator_alphaC,MuSK,activator,A,Nc1ccc2cccc3c2c1[C@@H](NC(=O)c1ccccc1)c1ccccc1-3,Nc1ccc2cccc3c2c1[C@@H](NC(=O)c1ccccc1)c1ccccc1-3,580,2.792600393295288,musk_cfd_pos
musk_activator_alphaC,MuSK,activator,A,Cc1ccc(NC(=O)NC[C@@H](C)CC(=O)NCc2ccccc2)c(N)c1,Cc1ccc(NC(=O)NC[C@@H](C)CC(=O)NCc2ccccc2)c(N)c1,581,2.867469787597656,musk_cfd_pos
musk_activator_alphaC,MuSK,activator,A,Cc1cccc(OCCNC(=O)N[C@H]2CCC(=O)N(N=Cc3ccccc3)C2)c1,Cc1cccc(OCCNC(=O)N[C@H]2CCC(=O)N(N=Cc3ccccc3)C2)c1,582,2.7911062240600586,musk_cfd_pos
musk_activator_alphaC,MuSK,activator,A,CC(C)CCCCc1nc(C2=CC=C3C2=[S+]c2ncccc23)no1,CC(C)CCCCc1nc(C2=CC=C3C2=[S+]c2ncccc23)no1,583,2.606745481491089,musk_cfd_pos
musk_activator_alphaC,MuSK,activator,A,Cn1c2c(cc(-n3cncc3Cc3ccnc(Cc4ccncc4)c3)c1=O)CCCC2,Cn1c2c(cc(-n3cncc3Cc3ccnc(Cc4ccncc4)c3)c1=O)CCCC2,584,2.814536094665528,musk_cfd_pos
musk_activator_alphaC,MuSK,activator,A,O=C(N[C@@H]1CC[C@@H]2Cc3ccc(O)cc3C=C21)N1C=Cc2ccccc2C1,O=C(N[C@@H]1CC[C@@H]2Cc3ccc(O)cc3C=C21)N1C=Cc2ccccc2C1,585,2.822374105453491,musk_cfd_pos
musk_activator_alphaC,MuSK,activator,A,C[C@H]1CCCC[C@H]1CCN(C)CC(=N)c1ccc2cc(S(N)(=O)=O)ccc2n1,C[C@H]1CCCC[C@H]1CCN(C)CC(=N)c1ccc2cc(S(N)(=O)=O)ccc2n1,586,2.603571653366089,musk_cfd_pos
musk_activator_alphaC,MuSK,activator,A,Cc1ccc(CCC(=O)N[C@@H](CO)CCCNCc2ccccc2)cc1,Cc1ccc(CCC(=O)N[C@@H](CO)CCCNCc2ccccc2)cc1,587,2.7946014404296875,musk_cfd_pos
musk_activator_alphaC,MuSK,activator,A,Cc1ccc2c(-c3noc(C[C@@H]4CCN(Cc5ccn[nH]5)C4)[nH+]3)c[nH]c2c1O,Cc1ccc2c(-c3noc(C[C@@H]4CCN(Cc5ccn[nH]5)C4)[nH+]3)c[nH]c2c1O,588,2.720619201660156,musk_cfd_pos
musk_activator_alphaC,MuSK,activator,A,Cc1ccc(CNC2=NC(=O)[C@@H]3Cc4nc5ccccc5n4CC3=N2)cc1,Cc1ccc(CNC2=NC(=O)[C@@H]3Cc4nc5ccccc5n4CC3=N2)cc1,589,2.771404981613159,musk_cfd_pos
musk_activator_alphaC,MuSK,activator,A,CCN1CCCCN(C[C@H](C)Nc2ncnn2Cc2ccccc2)CC1,CCN1CCCCN(C[C@H](C)Nc2ncnn2Cc2ccccc2)CC1,590,2.585052251815796,musk_cfd_pos
musk_activator_alphaC,MuSK,activator,A,Cc1c2c(=O)c3ccccc3nc(O)c2nn1-c1ccc(OC[C@H](C)O)cc1,Cc1c2c(=O)c3ccccc3nc(O)c2nn1-c1ccc(OC[C@H](C)O)cc1,591,2.8111588954925537,musk_cfd_pos
musk_activator_alphaC,MuSK,activator,A,CC1=C(CCN2C=NCC2)C2(CC2)C(C)(C)[C@H]2C(=O)C(Cc3ccc(O)cc3)=C[C@H]12,CC1=C(CCN2C=NCC2)C2(CC2)C(C)(C)[C@H]2C(=O)C(Cc3ccc(O)cc3)=C[C@H]12,592,2.7407467365264893,musk_cfd_pos
musk_activator_alphaC,MuSK,activator,A,O=C(Nc1cccc(OCc2ccccc2)c1)Nc1cccc([N+](=O)O)c1,O=C(Nc1cccc(OCc2ccccc2)c1)Nc1cccc([N+](=O)O)c1,593,2.847784996032715,musk_cfd_pos
musk_activator_alphaC,MuSK,activator,A,COc1ccc(CSC2=CC3=C4CC[C@@]5(C)CC[C@@H]6CC(=O)C(=C4[C@H]65)C3=C2)cc1,COc1ccc(CSC2=CC3=C4CC[C@@]5(C)CC[C@@H]6CC(=O)C(=C4[C@H]65)C3=C2)cc1,594,2.673192977905273,musk_cfd_pos
musk_activator_alphaC,MuSK,activator,A,COc1cccc2c(=C(O)NCCCc3ccccc3)c3cccn3c12,COc1cccc2c(=C(O)NCCCc3ccccc3)c3cccn3c12,595,2.776063680648804,musk_cfd_pos
musk_activator_alphaC,MuSK,activator,A,O=c1c2ccc(Sc3ncn[nH]3)cc2cc2n1C[C@H](Cc1ccccc1)C2,O=c1c2ccc(Sc3ncn[nH]3)cc2cc2n1C[C@H](Cc1ccccc1)C2,596,2.7353804111480717,musk_cfd_pos
musk_activator_alphaC,MuSK,activator,A,CC(=O)Nc1cccc(NC(=O)c2csc(N=C(C)NCc3ccsc3)c2)c1,CC(=O)Nc1cccc(NC(=O)c2csc(N=C(C)NCc3ccsc3)c2)c1,597,2.755942106246948,musk_cfd_pos
musk_activator_alphaC,MuSK,activator,A,COc1ccc(-c2ncc(-c3noc(-c4ccc(C(N)=O)cc4)n3)nc2C)cc1,COc1ccc(-c2ncc(-c3noc(-c4ccc(C(N)=O)cc4)n3)nc2C)cc1,598,2.8621392250061035,musk_cfd_pos
musk_activator_alphaC,MuSK,activator,A,C(Nc1cccc(CN2CCCCC2)c1)=C1NN=C(c2ccccc2)O1,C(Nc1cccc(CN2CCCCC2)c1)=C1NN=C(c2ccccc2)O1,599,2.841147184371948,musk_cfd_pos
cdk5_activator_p25iface,CDK5,activator,B,CN(c1ccc(Cn2ccc(-c3ccccc3)c2)cc1)c1cnc(N)[nH]c1=O,CN(c1ccc(Cn2ccc(-c3ccccc3)c2)cc1)c1cnc(N)[nH]c1=O,1,-1.0,cdk5_qed
cdk5_activator_p25iface,CDK5,activator,B,O=C(c1ccccc1)c1cc2c(oc1=O)C1=[N+](CCc3ccccc31)C2=O,O=C(c1ccccc1)c1cc2c(oc1=O)C1=[N+](CCc3ccccc31)C2=O,2,-2.0,cdk5_qed
cdk5_activator_p25iface,CDK5,activator,B,O=C(c1ccc(C(O)c2ccc3ccccc3n2)cc1)[N+]1=C2NCC=CC2=CCC1,O=C(c1ccc(C(O)c2ccc3ccccc3n2)cc1)[N+]1=C2NCC=CC2=CCC1,3,-3.0,cdk5_qed
cdk5_activator_p25iface,CDK5,activator,B,O=C(CN1CCNCC1)Nc1ccccc1-c1ccc2ccccc2c1,O=C(CN1CCNCC1)Nc1ccccc1-c1ccc2ccccc2c1,4,-4.0,cdk5_qed
cdk5_activator_p25iface,CDK5,activator,B,CCN1Cc2cccc(c2)CC(=O)Nc2cc(-c3ccc(C(=O)OC)cc3)ccc2C1=O,CCN1Cc2cccc(c2)CC(=O)Nc2cc(-c3ccc(C(=O)OC)cc3)ccc2C1=O,5,-5.0,cdk5_qed
cdk5_activator_p25iface,CDK5,activator,B,O=C(Nc1c2cccccc-2cnc1=O)c1ccc(C(=O)c2ccccc2)cc1,O=C(Nc1c2cccccc-2cnc1=O)c1ccc(C(=O)c2ccccc2)cc1,6,-6.0,cdk5_qed
cdk5_activator_p25iface,CDK5,activator,B,Cc1ccc2c(c1)c(=O)n(-c1ccc(OCc3ccc(F)cc3)cc1)c(=O)n2C,Cc1ccc2c(c1)c(=O)n(-c1ccc(OCc3ccc(F)cc3)cc1)c(=O)n2C,7,-7.0,cdk5_qed
cdk5_activator_p25iface,CDK5,activator,B,O=C(c1ccccc1)c1cccc(-c2ccc3[nH]c(C(=O)O)cc(=O)c3c2)c1,O=C(c1ccccc1)c1cccc(-c2ccc3[nH]c(C(=O)O)cc(=O)c3c2)c1,8,-8.0,cdk5_qed
cdk5_activator_p25iface,CDK5,activator,B,NS(=O)(=O)c1ccc(N2CCc3cc4c5c(cccc5c3C2=O)C=C4)cc1,NS(=O)(=O)c1ccc(N2CCc3cc4c5c(cccc5c3C2=O)C=C4)cc1,9,-9.0,cdk5_qed
cdk5_activator_p25iface,CDK5,activator,B,O=c1nc(-c2ccccc2)nnc2c3ccccc3n(-c3ccccc3)c12,O=c1nc(-c2ccccc2)nnc2c3ccccc3n(-c3ccccc3)c12,10,-10.0,cdk5_qed
cdk5_activator_p25iface,CDK5,activator,B,CS(=O)(=O)c1ccc2cc3n(c2c1)C(=O)N(c1cccc2ccccc12)C3=O,CS(=O)(=O)c1ccc2cc3n(c2c1)C(=O)N(c1cccc2ccccc12)C3=O,11,-11.0,cdk5_qed
cdk5_activator_p25iface,CDK5,activator,B,O=C(c1ccc(C2=CN=CCC2)o1)[n+]1ccc(-c2ccccc2)cc1,O=C(c1ccc(C2=CN=CCC2)o1)[n+]1ccc(-c2ccccc2)cc1,12,-12.0,cdk5_qed
cdk5_activator_p25iface,CDK5,activator,B,Cc1ncc2c(c1-n1cnc(-c3ccc(C(=O)O)cc3)c1)CCC2,Cc1ncc2c(c1-n1cnc(-c3ccc(C(=O)O)cc3)c1)CCC2,13,-13.0,cdk5_qed
cdk5_activator_p25iface,CDK5,activator,B,O=C(O)[C@@H](c1ccccc1)[N+]1=CC(=C(O)c2cccc(-c3ccc(F)cc3)[nH+]2)N=C1,O=C(O)[C@@H](c1ccccc1)[N+]1=CC(=C(O)c2cccc(-c3ccc(F)cc3)[nH+]2)N=C1,14,-14.0,cdk5_qed
cdk5_activator_p25iface,CDK5,activator,B,Cc1ccc2c(oc(=O)c3ccc(-c4ccc(CC(=O)O)nc4)cc32)c1C,Cc1ccc2c(oc(=O)c3ccc(-c4ccc(CC(=O)O)nc4)cc32)c1C,15,-15.0,cdk5_qed
cdk5_activator_p25iface,CDK5,activator,B,O=C1C=C(c2ccc(-c3ccc[n+](O)c3)[nH+]c2)C[C@@H]2Oc3ccc(O)cc3[C@H]12,O=C1C=C(c2ccc(-c3ccc[n+](O)c3)[nH+]c2)C[C@@H]2Oc3ccc(O)cc3[C@H]12,16,-16.0,cdk5_qed
cdk5_activator_p25iface,CDK5,activator,B,N#CC1COc2ccc(C=NC3=CNC(c4ccccc4)=CC=C3)cc2O1,N#CC1COc2ccc(C=NC3=CNC(c4ccccc4)=CC=C3)cc2O1,17,-17.0,cdk5_qed
cdk5_activator_p25iface,CDK5,activator,B,O=C(O)CCCC(=O)Nc1nc(-c2ccc(C(F)(F)F)c(F)c2)cs1,O=C(O)CCCC(=O)Nc1nc(-c2ccc(C(F)(F)F)c(F)c2)cs1,18,-18.0,cdk5_qed
cdk5_activator_p25iface,CDK5,activator,B,COc1ccc2oc(=O)c(=Nc3cccc(C(=O)O)c3)ccc2c1,COc1ccc2oc(=O)c(=Nc3cccc(C(=O)O)c3)ccc2c1,19,-19.0,cdk5_qed
cdk5_activator_p25iface,CDK5,activator,B,CS(=O)(=O)Nc1ccc(NC(=O)NC[C@@]23CC[C@H]4[C@@H]5C[C@@H](C[C@H]2C5)C[C@H]43)cc1,CS(=O)(=O)Nc1ccc(NC(=O)NC[C@@]23CC[C@H]4[C@@H]5C[C@@H](C[C@H]2C5)C[C@H]43)cc1,20,-20.0,cdk5_qed
cdk5_activator_p25iface,CDK5,activator,B,O=C(O)CN1CCC[C@H]1Nc1ccc(-c2ccccc2)c2ccccc12,O=C(O)CN1CCC[C@H]1Nc1ccc(-c2ccccc2)c2ccccc12,21,-21.0,cdk5_qed
cdk5_activator_p25iface,CDK5,activator,B,Cc1c(N2CCN(c3ccccc3)C2=O)nc(N[C@@H](O)Oc2ccccc2)n1C,Cc1c(N2CCN(c3ccccc3)C2=O)nc(N[C@@H](O)Oc2ccccc2)n1C,22,-22.0,cdk5_qed
cdk5_activator_p25iface,CDK5,activator,B,CN(C)c1cccc(Cc2nc3nc(-c4ccc(O)cc4)cc(C=O)n3n2)c1F,CN(C)c1cccc(Cc2nc3nc(-c4ccc(O)cc4)cc(C=O)n3n2)c1F,23,-23.0,cdk5_qed
cdk5_activator_p25iface,CDK5,activator,B,Cc1cc2c(C)c(C)ccc2[nH+]c1-c1ccc(-c2nnn[nH]2)cc1,Cc1cc2c(C)c(C)ccc2[nH+]c1-c1ccc(-c2nnn[nH]2)cc1,24,-24.0,cdk5_qed
cdk5_activator_p25iface,CDK5,activator,B,O=C1CN(c2ccc(-c3ncc4c(ccc5ccccc54)n3)cc2)CCN1,O=C1CN(c2ccc(-c3ncc4c(ccc5ccccc54)n3)cc2)CCN1,25,-25.0,cdk5_qed
cdk5_activator_p25iface,CDK5,activator,B,O=C(Nc1ccccc1)C1=CC(=O)[N+]2=NC3=C(C2=N1)[C@H](c1ccccc1)CC3,O=C(Nc1ccccc1)C1=CC(=O)[N+]2=NC3=C(C2=N1)[C@H](c1ccccc1)CC3,26,-26.0,cdk5_qed
cdk5_activator_p25iface,CDK5,activator,B,Fc1ccccc1CN=C1N=C2N=c3nccnc3=C2C=C1CNC1CCCC1,Fc1ccccc1CN=C1N=C2N=c3nccnc3=C2C=C1CNC1CCCC1,27,-27.0,cdk5_qed
cdk5_activator_p25iface,CDK5,activator,B,Cc1c(-c2ccc(C(=O)O)cc2)nc2c(=O)[nH]ccc2c1-c1ccccc1,Cc1c(-c2ccc(C(=O)O)cc2)nc2c(=O)[nH]ccc2c1-c1ccccc1,28,-28.0,cdk5_qed
cdk5_activator_p25iface,CDK5,activator,B,Nc1ccc2c(ccn2[C@H]2CCCN(c3ccc(-c4nccc(N)n4)cc3)C2)c1,Nc1ccc2c(ccn2[C@H]2CCCN(c3ccc(-c4nccc(N)n4)cc3)C2)c1,29,-29.0,cdk5_qed
cdk5_activator_p25iface,CDK5,activator,B,Cn1c2ccccc2c2ccc[n+]3nc(Nc4ccc(N5CCOCC5)cc4)nc-3c21,Cn1c2ccccc2c2ccc[n+]3nc(Nc4ccc(N5CCOCC5)cc4)nc-3c21,30,-30.0,cdk5_qed
cdk5_activator_p25iface,CDK5,activator,B,O=c1nccc(-c2ccc(-c3nc(-c4ccccc4)cc[nH+]3)cc2)[nH]1,O=c1nccc(-c2ccc(-c3nc(-c4ccccc4)cc[nH+]3)cc2)[nH]1,31,-31.0,cdk5_qed
cdk5_activator_p25iface,CDK5,activator,B,O=C(O)CCS(=O)(=O)c1ccc2cc(-c3ccccc3)ccc2c1,O=C(O)CCS(=O)(=O)c1ccc2cc(-c3ccccc3)ccc2c1,32,-32.0,cdk5_qed
cdk5_activator_p25iface,CDK5,activator,B,CC(=O)N(c1ccc(Cc2ccccc2)cc1)c1ccc(-c2nnn[nH]2)cc1,CC(=O)N(c1ccc(Cc2ccccc2)cc1)c1ccc(-c2nnn[nH]2)cc1,33,-33.0,cdk5_qed
cdk5_activator_p25iface,CDK5,activator,B,O=C(O)CCc1cn2c3c(nc2n1)-c1ccc2ccccc2c1C=3,O=C(O)CCc1cn2c3c(nc2n1)-c1ccc2ccccc2c1C=3,34,-34.0,cdk5_qed
cdk5_activator_p25iface,CDK5,activator,B,O=C(O)Cc1ccc(-n2cnc(-c3cccc4c3CCO4)cc2=O)cc1,O=C(O)Cc1ccc(-n2cnc(-c3cccc4c3CCO4)cc2=O)cc1,35,-35.0,cdk5_qed
cdk5_activator_p25iface,CDK5,activator,B,Cn1c(=O)n(-c2ccc(-c3nc(C(F)(F)F)no3)cc2)c(=O)c2ccccc21,Cn1c(=O)n(-c2ccc(-c3nc(C(F)(F)F)no3)cc2)c(=O)c2ccccc21,36,-36.0,cdk5_qed
cdk5_activator_p25iface,CDK5,activator,B,CN1CCN(CC2=NN3C(=O)[N+]4=NC(Cc5ccccc5)=NC4=C3N=C2)CC1,CN1CCN(CC2=NN3C(=O)[N+]4=NC(Cc5ccccc5)=NC4=C3N=C2)CC1,37,-37.0,cdk5_qed
cdk5_activator_p25iface,CDK5,activator,B,COc1ccc(Cc2nc3c(-c4ccccc4)c4ccccc4[nH+]c3c(=O)[nH]2)cc1,COc1ccc(Cc2nc3c(-c4ccccc4)c4ccccc4[nH+]c3c(=O)[nH]2)cc1,38,-38.0,cdk5_qed
cdk5_activator_p25iface,CDK5,activator,B,Cc1cc(NC(=O)c2ccc(Cl)cc2)c2ccc(OCC(=O)O)c3c2[n+]1C=C3,Cc1cc(NC(=O)c2ccc(Cl)cc2)c2ccc(OCC(=O)O)c3c2[n+]1C=C3,39,-39.0,cdk5_qed
cdk5_activator_p25iface,CDK5,activator,B,Cc1n[nH]c(-c2cc3cccccc-3c2)c1-c1ccc(S(N)(=O)=O)cc1,Cc1n[nH]c(-c2cc3cccccc-3c2)c1-c1ccc(S(N)(=O)=O)cc1,40,-40.0,cdk5_qed
cdk5_activator_p25iface,CDK5,activator,B,O=C1C=C2NN=NC2CN1c1nc(-c2ccc(-c3ccc(F)cc3)cc2)cs1,O=C1C=C2NN=NC2CN1c1nc(-c2ccc(-c3ccc(F)cc3)cc2)cs1,41,-41.0,cdk5_qed
cdk5_activator_p25iface,CDK5,activator,B,CN(C)C(=O)c1ccc(NS(=O)(=O)c2ccc(Cc3c[nH]c4ccccc34)cc2)cc1,CN(C)C(=O)c1ccc(NS(=O)(=O)c2ccc(Cc3c[nH]c4ccccc34)cc2)cc1,42,-42.0,cdk5_qed
cdk5_activator_p25iface,CDK5,activator,B,O=C1CC(=Cc2c(F)ccc(F)c2F)NN1c1ccc(S(=O)(=O)O)cc1,O=C1CC(=Cc2c(F)ccc(F)c2F)NN1c1ccc(S(=O)(=O)O)cc1,43,-43.0,cdk5_qed
cdk5_activator_p25iface,CDK5,activator,B,C=C(C(C1=NC(c2ccc(OCC(=O)O)cc2)=C1)=[N+](C)C)c1ccc(OC)cc1,C=C(C(C1=NC(c2ccc(OCC(=O)O)cc2)=C1)=[N+](C)C)c1ccc(OC)cc1,44,-44.0,cdk5_qed
cdk5_activator_p25iface,CDK5,activator,B,O=C(O)C1=C2C(=Nc3ccccc32)C(O)N=C1c1ccc(-c2cccc(F)c2)cc1,O=C(O)C1=C2C(=Nc3ccccc32)C(O)N=C1c1ccc(-c2cccc(F)c2)cc1,45,-45.0,cdk5_qed
cdk5_activator_p25iface,CDK5,activator,B,Cc1cc(-c2cccn3c2nc2ccccc23)nnc1NCC(=O)Nc1ccccc1,Cc1cc(-c2cccn3c2nc2ccccc23)nnc1NCC(=O)Nc1ccccc1,46,-46.0,cdk5_qed
cdk5_activator_p25iface,CDK5,activator,B,O=S(=O)(Oc1ccc(-c2nnc(-c3ccccc3)o2)cc1)c1ccccc1F,O=S(=O)(Oc1ccc(-c2nnc(-c3ccccc3)o2)cc1)c1ccccc1F,47,-47.0,cdk5_qed
cdk5_activator_p25iface,CDK5,activator,B,O=P(O)(O)OCC1=CNC2=c3ccccc3=C(c3ccc(F)cc3)OC2=C1,O=P(O)(O)OCC1=CNC2=c3ccccc3=C(c3ccc(F)cc3)OC2=C1,48,-48.0,cdk5_qed
cdk5_activator_p25iface,CDK5,activator,B,Fc1cccc2cc3cc(Nc4ccc(Cn5cnnn5)cc4)ncc3cc12,Fc1cccc2cc3cc(Nc4ccc(Cn5cnnn5)cc4)ncc3cc12,49,-49.0,cdk5_qed
cdk5_activator_p25iface,CDK5,activator,B,Cc1cccc(S(=O)(=O)Nc2ccc(NC(=O)c3ccccc3)cc2)c1F,Cc1cccc(S(=O)(=O)Nc2ccc(NC(=O)c3ccccc3)cc2)c1F,50,-50.0,cdk5_qed
cdk5_activator_p25iface,CDK5,activator,B,C(=Nc1nccc(-c2ccc(-c3ccc4ccccc4c3)cc2)[nH+]1)c1cnn[nH]1,C(=Nc1nccc(-c2ccc(-c3ccc4ccccc4c3)cc2)[nH+]1)c1cnn[nH]1,51,-51.0,cdk5_qed
cdk5_activator_p25iface,CDK5,activator,B,CNC(=O)Nc1ccc(C(=O)Nc2ccccc2)c2ccccc12,CNC(=O)Nc1ccc(C(=O)Nc2ccccc2)c2ccccc12,52,-52.0,cdk5_qed
cdk5_activator_p25iface,CDK5,activator,B,O=C1n2nc(Nc3ccc(C(F)(F)F)cc3)nc2N=[N+]1Cc1ccccc1,O=C1n2nc(Nc3ccc(C(F)(F)F)cc3)nc2N=[N+]1Cc1ccccc1,53,-53.0,cdk5_qed
cdk5_activator_p25iface,CDK5,activator,B,CC1=CC=C2C1=Cc1sc3cc(C(=O)NCCC(=O)O)cc(O)c3c12,CC1=CC=C2C1=Cc1sc3cc(C(=O)NCCC(=O)O)cc(O)c3c12,54,-54.0,cdk5_qed
cdk5_activator_p25iface,CDK5,activator,B,Cc1ccc(C[C@H](CC(=O)Nc2ccc(CC(=O)O)cn2)c2ccccc2)cc1,Cc1ccc(C[C@H](CC(=O)Nc2ccc(CC(=O)O)cn2)c2ccccc2)cc1,55,-55.0,cdk5_qed
cdk5_activator_p25iface,CDK5,activator,B,Cc1ccc2oc(=O)c(NNC(=O)c3ccc(-c4ccccc4)cc3)c-2cc1,Cc1ccc2oc(=O)c(NNC(=O)c3ccc(-c4ccccc4)cc3)c-2cc1,56,-56.0,cdk5_qed
cdk5_activator_p25iface,CDK5,activator,B,Cc1ccc2c(c1)cc1c3c(cc(Cc4cccc(S(N)(=O)=O)c4)cc32)C(=O)N1,Cc1ccc2c(c1)cc1c3c(cc(Cc4cccc(S(N)(=O)=O)c4)cc32)C(=O)N1,57,-57.0,cdk5_qed
cdk5_activator_p25iface,CDK5,activator,B,COc1cccc2cc(NC(=O)c3cccc4cc(C)ccc34)c(=O)[nH]c12,COc1cccc2cc(NC(=O)c3cccc4cc(C)ccc34)c(=O)[nH]c12,58,-58.0,cdk5_qed
cdk5_activator_p25iface,CDK5,activator,B,OC(=Cc1cccc2c(C(F)(F)F)c[nH]c12)NCCn1c[nH+]c2ccccc21,OC(=Cc1cccc2c(C(F)(F)F)c[nH]c12)NCCn1c[nH+]c2ccccc21,59,-59.0,cdk5_qed
cdk5_activator_p25iface,CDK5,activator,B,Cc1cccc(Cn2c(=O)cc(Cc3ccc4ccccc4c3)[nH]c2=O)c1,Cc1cccc(Cn2c(=O)cc(Cc3ccc4ccccc4c3)[nH]c2=O)c1,60,-60.0,cdk5_qed
cdk5_activator_p25iface,CDK5,activator,B,O=c1[nH]nc2c(c1-c1cccc(-c3ccc(-c4ccccc4)[nH+]c3)c1)CCC2,O=c1[nH]nc2c(c1-c1cccc(-c3ccc(-c4ccccc4)[nH+]c3)c1)CCC2,61,-61.0,cdk5_qed
cdk5_activator_p25iface,CDK5,activator,B,Cc1ccc(O)c2c1C(=O)C(=O)[C@H](c1ccc(-c3ccccc3)cc1)C(=O)N2,Cc1ccc(O)c2c1C(=O)C(=O)[C@H](c1ccc(-c3ccccc3)cc1)C(=O)N2,62,-62.0,cdk5_qed
cdk5_activator_p25iface,CDK5,activator,B,O=C1C=CC(=O)[N+](c2ccc3[nH+]c(-c4ccccc4)ccc3c2)=N1,O=C1C=CC(=O)[N+](c2ccc3[nH+]c(-c4ccccc4)ccc3c2)=N1,63,-63.0,cdk5_qed
cdk5_activator_p25iface,CDK5,activator,B,C[C@@H](C(F)F)n1[nH]cc2cc(-c3cccc(C=CC(=O)O)c3)nc-2c1=O,C[C@@H](C(F)F)n1[nH]cc2cc(-c3cccc(C=CC(=O)O)c3)nc-2c1=O,64,-64.0,cdk5_qed
cdk5_activator_p25iface,CDK5,activator,B,O=c1[nH]cc(CC=Cc2cccc(-c3cccc[nH+]3)c2)c2ccccc12,O=c1[nH]cc(CC=Cc2cccc(-c3cccc[nH+]3)c2)c2ccccc12,65,-65.0,cdk5_qed
cdk5_activator_p25iface,CDK5,activator,B,O=C(O)CCc1ccc(N(CCC(=O)O)c2ccc3ccccc3c2)cc1,O=C(O)CCc1ccc(N(CCC(=O)O)c2ccc3ccccc3c2)cc1,66,-66.0,cdk5_qed
cdk5_activator_p25iface,CDK5,activator,B,Cc1cc(-c2cc[nH+]cc2)c[nH+]c1NC(=O)c1cccc2[n+]1C(=O)c1ccccc1-2,Cc1cc(-c2cc[nH+]cc2)c[nH+]c1NC(=O)c1cccc2[n+]1C(=O)c1ccccc1-2,67,-67.0,cdk5_qed
cdk5_activator_p25iface,CDK5,activator,B,Nc1c(N=Cc2ccco2)c(O)cc[n+]1-c1ccc(C(F)(F)F)cc1,Nc1c(N=Cc2ccco2)c(O)cc[n+]1-c1ccc(C(F)(F)F)cc1,68,-68.0,cdk5_qed
cdk5_activator_p25iface,CDK5,activator,B,Cc1cccc(-c2ccc(-c3ccc(-c4nn(C)c(=O)[nH]c4=O)cc3)o2)c1,Cc1cccc(-c2ccc(-c3ccc(-c4nn(C)c(=O)[nH]c4=O)cc3)o2)c1,69,-69.0,cdk5_qed
cdk5_activator_p25iface,CDK5,activator,B,CC(=O)NC1=CC(c2nc3ccc(C)ccc-3n2)=Cc2c(C)ccc3onc1c23,CC(=O)NC1=CC(c2nc3ccc(C)ccc-3n2)=Cc2c(C)ccc3onc1c23,70,-70.0,cdk5_qed
cdk5_activator_p25iface,CDK5,activator,B,Oc1c2c(c3cccc4ccn1c43)=CC=C(Oc1ccccc1)C=C2,Oc1c2c(c3cccc4ccn1c43)=CC=C(Oc1ccccc1)C=C2,71,-71.0,cdk5_qed
cdk5_activator_p25iface,CDK5,activator,B,Cc1ccc2c(c1)-c1oc3cn4c(=O)n5ccc(C)nc5nc4c3c1C=CO2,Cc1ccc2c(c1)-c1oc3cn4c(=O)n5ccc(C)nc5nc4c3c1C=CO2,72,-72.0,cdk5_qed
cdk5_activator_p25iface,CDK5,activator,B,OC(=Nc1nccs1)c1cnc(Nc2ccc3ccccc3c2)nc1,OC(=Nc1nccs1)c1cnc(Nc2ccc3ccccc3c2)nc1,73,-73.0,cdk5_qed
cdk5_activator_p25iface,CDK5,activator,B,COc1ccc(NC(=O)[C@@H](Nc2ccccc2)C(=Cc2ccccc2)C(=O)O)cc1,COc1ccc(NC(=O)[C@@H](Nc2ccccc2)C(=Cc2ccccc2)C(=O)O)cc1,74,-74.0,cdk5_qed
cdk5_activator_p25iface,CDK5,activator,B,O=c1c2ccc(P(=O)(O)O)ccc-2nc(Cc2ccccc2)c1-c1ccccc1,O=c1c2ccc(P(=O)(O)O)ccc-2nc(Cc2ccccc2)c1-c1ccccc1,75,-75.0,cdk5_qed
cdk5_activator_p25iface,CDK5,activator,B,CN1CCN(c2ccc3[nH]c(-c4ccccc4)cc3c2)C(=O)[C@@H]1n1cnc[nH+]1,CN1CCN(c2ccc3[nH]c(-c4ccccc4)cc3c2)C(=O)[C@@H]1n1cnc[nH+]1,76,-76.0,cdk5_qed
cdk5_activator_p25iface,CDK5,activator,B,COc1cccc(Cc2cc3ccc(N4C=CCC(C(=O)O)=N4)cc3nn2)c1F,COc1cccc(Cc2cc3ccc(N4C=CCC(C(=O)O)=N4)cc3nn2)c1F,77,-77.0,cdk5_qed
cdk5_activator_p25iface,CDK5,activator,B,Cc1ccc2nc(NCc3ccc4ccccc4c3)nn2c(=O)n1,Cc1ccc2nc(NCc3ccc4ccccc4c3)nn2c(=O)n1,78,-78.0,cdk5_qed
cdk5_activator_p25iface,CDK5,activator,B,O=C(Nc1ccc(-c2cccn(O)c2=O)cc1)c1ccc2ccccc2c1,O=C(Nc1ccc(-c2cccn(O)c2=O)cc1)c1ccc2ccccc2c1,79,-79.0,cdk5_qed
cdk5_activator_p25iface,CDK5,activator,B,COc1cc(-c2ccc3c(c2)[N+]2=C4C=CCCC4=NC2=C3C(O)O)ccc1O,COc1cc(-c2ccc3c(c2)[N+]2=C4C=CCCC4=NC2=C3C(O)O)ccc1O,80,-80.0,cdk5_qed
cdk5_activator_p25iface,CDK5,activator,B,COc1ccc(-c2ccc(NC(=O)C=Cc3ccc(O)c(O)c3)cc2)cc1,COc1ccc(-c2ccc(NC(=O)C=Cc3ccc(O)c(O)c3)cc2)cc1,81,-81.0,cdk5_qed
cdk5_activator_p25iface,CDK5,activator,B,O=C(O)c1ccc2c(c1)c1c(n2CC=Cc2ccccc2)=C(O)c2ccccc2OC=1,O=C(O)c1ccc2c(c1)c1c(n2CC=Cc2ccccc2)=C(O)c2ccccc2OC=1,82,-82.0,cdk5_qed
cdk5_activator_p25iface,CDK5,activator,B,O=C(c1ccc2ccccc2c1O)N1Cc2cc3ccccc3nc2C1,O=C(c1ccc2ccccc2c1O)N1Cc2cc3ccccc3nc2C1,83,-83.0,cdk5_qed
cdk5_activator_p25iface,CDK5,activator,B,COc1cccc(-c2ccc3c(cnn3Cc3cccc(S(=O)(=O)O)c3)c2)c1,COc1cccc(-c2ccc3c(cnn3Cc3cccc(S(=O)(=O)O)c3)c2)c1,84,-84.0,cdk5_qed
cdk5_activator_p25iface,CDK5,activator,B,CC(C)(C)c1c[nH]c(=O)c2c1=NC=2c1ccc(-c2ccccc2)cc1,CC(C)(C)c1c[nH]c(=O)c2c1=NC=2c1ccc(-c2ccccc2)cc1,85,-85.0,cdk5_qed
pak4_activator_alphaC,PAK4,activator,B,CC12CC(C3CCN(O)NOC4(O)OC4(O)C3)CC1C1CCC2C(O)C1,CC12CC(C3CCN(O)NOC4(O)OC4(O)C3)CC1C1CCC2C(O)C1,0,1.543743371963501,pak4_cfd_pos
pak4_activator_alphaC,PAK4,activator,B,OC1CCC(O)C(CCC2CCCC3CCCCCCC32)OC(O)C2CC1N2,OC1CCC(O)C(CCC2CCCC3CCCCCCC32)OC(O)C2CC1N2,1,1.5866435766220093,pak4_cfd_pos
pak4_activator_alphaC,PAK4,activator,B,OC1OC(C(O)C=COOCOC2CC3CCCCC3C3CCCCCC23)O1,OC1OC(C(O)C=COOCOC2CC3CCCCC3C3CCCCCC23)O1,2,1.593417048454285,pak4_cfd_pos
pak4_activator_alphaC,PAK4,activator,B,C=C1C2CCC(C)C3(CCCCC23)C1CCC1N[SH]=CC(O)OC(=O)C1C,C=C1C2CCC(C)C3(CCCCC23)C1CCC1N[SH]=CC(O)OC(=O)C1C,3,1.7289017,pak4_cfd_pos
pak4_activator_alphaC,PAK4,activator,B,CC1CC2CCCC1(C=CC1C(CCOC3OON3O)C3(O)C(O)N13)CC2,CC1CC2CCCC1(C=CC1C(CCOC3OON3O)C3(O)C(O)N13)CC2,4,1.754289984703064,pak4_cfd_pos
pak4_activator_alphaC,PAK4,activator,B,CN1CCC(OOC2CNOCNOC(O)C2C(O)O)C2CC=CCC21C,CN1CCC(OOC2CNOCNOC(O)C2C(O)O)C2CC=CCC21C,5,1.7569605112075806,pak4_cfd_pos
pak4_activator_alphaC,PAK4,activator,B,CC12CCCC3CCC1CC(NC(=O)CC(CC=O)C(O)C(O)C1OOC1O)C32C,CC12CCCC3CCC1CC(NC(=O)CC(CC=O)C(O)C(O)C1OOC1O)C32C,6,1.7572587,pak4_cfd_pos
pak4_activator_alphaC,PAK4,activator,B,NC1CC(CCC23CC(O)C4CC2CCC4C3)C(O)C2C3=CC(CO1)CC32O,NC1CC(CCC23CC(O)C4CC2CCC4C3)C(O)C2C3=CC(CO1)CC32O,7,1.7584415674209597,pak4_cfd_pos
pak4_activator_alphaC,PAK4,activator,B,CC1C2(C)CCCC1(C)C(CNC1CCC3CCCOC4(O)C(O)C4C31)CC2=O,CC1C2(C)CCCC1(C)C(CNC1CCC3CCCOC4(O)C(O)C4C31)CC2=O,8,1.7608811855316162,pak4_cfd_pos
pak4_activator_alphaC,PAK4,activator,B,CC1CC=CC2C1C(OCC1COCCC(O)C1C)CCC21CCN(C)C1,CC1CC=CC2C1C(OCC1COCCC(O)C1C)CCC21CCN(C)C1,9,1.7643061876296997,pak4_cfd_pos
pak4_activator_alphaC,PAK4,activator,B,OC(NC1=NN1NC1CC1)C1CC(=CC2CCC=CC3CCCCC23)CCN1O,OC(NC1=NN1NC1CC1)C1CC(=CC2CCC=CC3CCCCC23)CCN1O,10,1.772220492362976,pak4_cfd_pos
pak4_activator_alphaC,PAK4,activator,B,CC[NH+]1C=CN2CC1CCCCCOCNC1C3=C(NC=C4OOC=C43)N3C1N3C2,CC[NH+]1C=CN2CC1CCCCCOCNC1C3=C(NC=C4OOC=C43)N3C1N3C2,11,1.774564266204834,pak4_cfd_pos
pak4_activator_alphaC,PAK4,activator,B,O=C1CC2CCC3C(=C4CC4C(O)C(O)NO)C=CCC1(C2)C31CC1,O=C1CC2CCC3C(=C4CC4C(O)C(O)NO)C=CCC1(C2)C31CC1,12,1.7929377555847168,pak4_cfd_pos
pak4_activator_alphaC,PAK4,activator,B,CN1CCC2C3NC4CC21CC3(C)CC4C=C1CCCCC(C(O)O)N1,CN1CCC2C3NC4CC21CC3(C)CC4C=C1CCCCC(C(O)O)N1,13,1.8030486,pak4_cfd_pos
pak4_activator_alphaC,PAK4,activator,B,CC(O)C1C(O)CCOOC(O)C2C(CC3CC4CC5CC35CC(C)(O)CC43CC3)C12,CC(O)C1C(O)CCOOC(O)C2C(CC3CC4CC5CC35CC(C)(O)CC43CC3)C12,14,1.807587742805481,pak4_cfd_pos
pak4_activator_alphaC,PAK4,activator,B,OC1CCC2(CON2O)NC(O)N1C(OCC1CCCCC1)C1=NCNC=C1,OC1CCC2(CON2O)NC(O)N1C(OCC1CCCCC1)C1=NCNC=C1,15,1.8119468688964844,pak4_cfd_pos
pak4_activator_alphaC,PAK4,activator,B,C=C1CC1C(O)NCNCC1(O)CC2(C)C(C)CC1CC1CC12CC(C)C(C)C,C=C1CC1C(O)NCNCC1(O)CC2(C)C(C)CC1CC1CC12CC(C)C(C)C,16,1.8140673637390137,pak4_cfd_pos
pak4_activator_alphaC,PAK4,activator,B,OC1CNC(O)C1SC1CCC(COC(O)N2CC(N3CCCC3)C3CCCCC32)NC1,OC1CNC(O)C1SC1CCC(COC(O)N2CC(N3CCCC3)C3CCCCC32)NC1,17,1.826142311096192,pak4_cfd_pos
pak4_activator_alphaC,PAK4,activator,B,CC(O)C(CCCC=CCC1C=CCCCC1)C1C(C(=O)O)SC(O)C1O,CC(O)C(CCCC=CCC1C=CCCCC1)C1C(C(=O)O)SC(O)C1O,18,1.8301483392715447,pak4_cfd_pos
pak4_activator_alphaC,PAK4,activator,B,CC(O)N=C1CC(C)C(C2CC(O)C3CCCC4OC4C(O)OCC3S2)C(C2CC2)C1,CC(O)N=C1CC(C)C(C2CC(O)C3CCCC4OC4C(O)OCC3S2)C(C2CC2)C1,19,1.837655782699585,pak4_cfd_pos
pak4_activator_alphaC,PAK4,activator,B,OC1COc2ccccc2C1CNCC1CCCCC1=CN1CC=CCC1,OC1COc2ccccc2C1CNCC1CCCCC1=CN1CC=CCC1,20,1.8423540592193604,pak4_cfd_pos
pak4_activator_alphaC,PAK4,activator,B,CC1CC2CC3CCC(C2)C1(CCN(N)C1COCc2ccccc2C1=O)C3,CC1CC2CC3CCC(C2)C1(CCN(N)C1COCc2ccccc2C1=O)C3,21,1.8430660963058472,pak4_cfd_pos
pak4_activator_alphaC,PAK4,activator,B,CC(C)CCCC(NC1CCCCC1)NC1CC2CC2C(O)C(O)C(O)O1,CC(C)CCCC(NC1CCCCC1)NC1CC2CC2C(O)C(O)C(O)O1,22,1.843527674674988,pak4_cfd_pos
pak4_activator_alphaC,PAK4,activator,B,CN1CCC(=C(CC2CCCCCCC2)NCC2OOOC(O)CCS2)CC1,CN1CCC(=C(CC2CCCCCCC2)NCC2OOOC(O)CCS2)CC1,23,1.8491777181625368,pak4_cfd_pos
pak4_activator_alphaC,PAK4,activator,B,CC1CC2CC3C(C)C(=O)CCC3C2C2C(O1)C(O)C(O)C21CC1O,CC1CC2CC3C(C)C(=O)CCC3C2C2C(O1)C(O)C(O)C21CC1O,24,1.8632252216339111,pak4_cfd_pos
pak4_activator_alphaC,PAK4,activator,B,CC1CC2CC3(CC2C2C4CNCCC(O)C5CCCN5C42)C(C)CCCC13C,CC1CC2CC3(CC2C2C4CNCCC(O)C5CCCN5C42)C(C)CCCC13C,25,1.869624376296997,pak4_cfd_pos
pak4_activator_alphaC,PAK4,activator,B,CC1=C(C)C2CCCCC2C(NOC2COCCC3CN2C(O)CCCC3=O)C1,CC1=C(C)C2CCCCC2C(NOC2COCCC3CN2C(O)CCCC3=O)C1,26,1.8782256841659544,pak4_cfd_pos
pak4_activator_alphaC,PAK4,activator,B,CC12C(O)CC3(CCCC34CC14)C(=O)CC2CN1CC(=O)C1CC=O,CC12C(O)CC3(CCCC34CC14)C(=O)CC2CN1CC(=O)C1CC=O,27,1.8800442,pak4_cfd_pos
pak4_activator_alphaC,PAK4,activator,B,O=C(NC1C2OC2CNOBC2OC2(O)C1O)C1=C2CCCCC2CC=C1,O=C(NC1C2OC2CNOBC2OC2(O)C1O)C1=C2CCCCC2CC=C1,28,1.8832582235336304,pak4_cfd_pos
pak4_activator_alphaC,PAK4,activator,B,O=C1C(C2NN2)C23CCC(O)(CC2)CC3N1CC1C(O)C1CC1COCC2C(=O)N12,O=C1C(C2NN2)C23CCC(O)(CC2)CC3N1CC1C(O)C1CC1COCC2C(=O)N12,29,1.8856656551361084,pak4_cfd_pos
pak4_activator_alphaC,PAK4,activator,B,O=C1OCC2C(CC(CCC(O)O)C2C2C(O)C2(O)O)C1c1ccccc1,O=C1OCC2C(CC(CCC(O)O)C2C2C(O)C2(O)O)C1c1ccccc1,30,1.894843339920044,pak4_cfd_pos
pak4_activator_alphaC,PAK4,activator,B,O=C1OPC(O)N(C2Cc3ccc(N4CCCC4)cc3NC3OC32)C(=O)O1,O=C1OPC(O)N(C2Cc3ccc(N4CCCC4)cc3NC3OC32)C(=O)O1,31,1.8950928449630733,pak4_cfd_pos
pak4_activator_alphaC,PAK4,activator,B,OC1CN2OCC3C(C4CC5CCC6(CCCCC56)C4)CC(NCOC1O)C32,OC1CN2OCC3C(C4CC5CCC6(CCCCC56)C4)CC(NCOC1O)C32,32,1.895363569259644,pak4_cfd_pos
pak4_activator_alphaC,PAK4,activator,B,CN1CCN(C2CC3C(O)NC=CCCOC3(O)CC2O)C(c2ccccc2)C1,CN1CCN(C2CC3C(O)NC=CCCOC3(O)CC2O)C(c2ccccc2)C1,33,1.904441475868225,pak4_cfd_pos
pak4_activator_alphaC,PAK4,activator,B,CC(OC(O)C1OC1O)C1CC2(C=C3C=CC=C=C3CC2)CC2C(C)N12,CC(OC(O)C1OC1O)C1CC2(C=C3C=CC=C=C3CC2)CC2C(C)N12,34,1.9045048,pak4_cfd_pos
pak4_activator_alphaC,PAK4,activator,B,CC(O)C1C2OC(O)(C(O)O)C(O)C2CN1C1C=C2CCCC(C)C(C)(C1)C2C,CC(O)C1C2OC(O)(C(O)O)C(O)C2CN1C1C=C2CCCC(C)C(C)(C1)C2C,35,1.907425165176392,pak4_cfd_pos
pak4_activator_alphaC,PAK4,activator,B,C=C1C2CC3C(NC4NC4CC(O)CCO)CC4CC5(C)CCC1C5(C2)C43C.O,C=C1C2CC3C(NC4NC4CC(O)CCO)CC4CC5(C)CCC1C5(C2)C43C.O,36,1.9145100116729736,pak4_cfd_pos
pak4_activator_alphaC,PAK4,activator,B,CC1(C)CC2CC=C3CC(C4C5CC(CC(=O)O)CC(O)C56ON46)CC1C3C2,CC1(C)CC2CC=C3CC(C4C5CC(CC(=O)O)CC(O)C56ON46)CC1C3C2,37,1.9155702590942385,pak4_cfd_pos
pak4_activator_alphaC,PAK4,activator,B,CC1(C)CCCC2C(=O)CC3CC4CC(O)C5COOCCC5CC4CC3C21,CC1(C)CCCC2C(=O)CC3CC4CC(O)C5COOCCC5CC4CC3C21,38,1.9259545803070068,pak4_cfd_pos
pak4_activator_alphaC,PAK4,activator,B,CNC1=CC2C(C[N+](=C(C)C)C2CC2SCC3C(NO)COC4C2C34)C(C)C1,CNC1=CC2C(C[N+](=C(C)C)C2CC2SCC3C(NO)COC4C2C34)C(C)C1,39,1.9265080690383911,pak4_cfd_pos
pak4_activator_alphaC,PAK4,activator,B,CC12C(CCC1NCC1CC(O)CNC(O)C1)CC(C=N)C1CCCCC12,CC12C(CCC1NCC1CC(O)CNC(O)C1)CC(C=N)C1CCCCC12,40,1.927586317062378,pak4_cfd_pos
pak4_activator_alphaC,PAK4,activator,B,C=CCC1C(CCC(C2CCN(C)CC2)C2CCC3CCCC32)CCNC1O,C=CCC1C(CCC(C2CCN(C)CC2)C2CCC3CCCC32)CCNC1O,41,1.9333441257476809,pak4_cfd_pos
pak4_activator_alphaC,PAK4,activator,B,C=C1CC2(C)CC(CC3CCCC(O)C(O)C(C)C3)CC1(O)CC2C(C)(C)O,C=C1CC2(C)CC(CC3CCCC(O)C(O)C(C)C3)CC1(O)CC2C(C)(C)O,42,1.934717059135437,pak4_cfd_pos
pak4_activator_alphaC,PAK4,activator,B,FC1CCCC2CC=C3CC=CN=C4C=C1C2C34.NCC1CC2OC(COCC2O)O1,FC1CCCC2CC=C3CC=CN=C4C=C1C2C34.NCC1CC2OC(COCC2O)O1,43,1.9358339309692385,pak4_cfd_pos
pak4_activator_alphaC,PAK4,activator,B,Cc1cccc(NC(=O)C2COC3C4OC(O)(C34)N3C(C)C(C)C(CO)CC23)c1O,Cc1cccc(NC(=O)C2COC3C4OC(O)(C34)N3C(C)C(C)C(CO)CC23)c1O,44,1.9383647441864007,pak4_cfd_pos
pak4_activator_alphaC,PAK4,activator,B,CC1CCCC(O)CC(NCC2C=CCC=C3C=CCC=C32)C(=O)COC1O,CC1CCCC(O)CC(NCC2C=CCC=C3C=CCC=C32)C(=O)COC1O,45,1.9413983821868896,pak4_cfd_pos
pak4_activator_alphaC,PAK4,activator,B,CC12CC3CC(CC(C3)C(NC3CC(O)C4COC5CCCNC5OOC34)C1)C2,CC12CC3CC(CC(C3)C(NC3CC(O)C4COC5CCCNC5OOC34)C1)C2,46,1.9432599544525144,pak4_cfd_pos
pak4_activator_alphaC,PAK4,activator,B,O=NC1=CCC2CCC(NC3N4CCCONCC(=O)N34)C3=CCC=CCC1C32,O=NC1=CCC2CCC(NC3N4CCCONCC(=O)N34)C3=CCC=CCC1C32,47,1.9437792301177976,pak4_cfd_pos
pak4_activator_alphaC,PAK4,activator,B,CC1C(O)CC2CCC(C3CO3)C2N1OOC(=O)N1CCCc2ccccc21,CC1C(O)CC2CCC(C3CO3)C2N1OOC(=O)N1CCCc2ccccc21,48,1.9442214965820312,pak4_cfd_pos
pak4_activator_alphaC,PAK4,activator,B,OC1CCCOCCCC(O)C2C(=N1)N2CC1=CCCc2ccccc21,OC1CCCOCCCC(O)C2C(=N1)N2CC1=CCCc2ccccc21,49,1.947854161262512,pak4_cfd_pos
pak4_activator_alphaC,PAK4,activator,B,O=C(CC(O)C1C2OC2COCCON1O)N(CCO)c1ccc(Br)cc1,O=C(CC(O)C1C2OC2COCCON1O)N(CCO)c1ccc(Br)cc1,50,1.9481523036956787,pak4_cfd_pos
pak4_activator_alphaC,PAK4,activator,B,CC1C=CC2C(=C1)CC(=COC1CC3COCCBCC1C3O)C1CC3CC1C2(C)C3,CC1C=CC2C(=C1)CC(=COC1CC3COCCBCC1C3O)C1CC3CC1C2(C)C3,51,1.9539778,pak4_cfd_pos
pak4_activator_alphaC,PAK4,activator,B,OC1CCCC(CCC2CCC34CCCC3(CCC3=C4C(O)C=C3)C2)O1,OC1CCCC(CCC2CCC34CCCC3(CCC3=C4C(O)C=C3)C2)O1,52,1.9576869010925293,pak4_cfd_pos
pak4_activator_alphaC,PAK4,activator,B,CC1C2CCC(=O)CC2C=C(OOC2C3CON4CCCN(CN3)C24)C1(C)C,CC1C2CCC(=O)CC2C=C(OOC2C3CON4CCCN(CN3)C24)C1(C)C,53,1.9587633609771729,pak4_cfd_pos
pak4_activator_alphaC,PAK4,activator,B,C1CC2CCC1CCC(C1ON3C4CNCC4CC4CC5OC5C(O4)OC13)C2,C1CC2CCC1CCC(C1ON3C4CNCC4CC4CC5OC5C(O4)OC13)C2,54,1.9627000093460083,pak4_cfd_pos
pak4_activator_alphaC,PAK4,activator,B,CC12CCC3(CC1)C1C(=CCC=C1CC3(C)NCC1CCCC(C(O)O)N1)C2,CC12CCC3(CC1)C1C(=CCC=C1CC3(C)NCC1CCCC(C(O)O)N1)C2,55,1.963452100753784,pak4_cfd_pos
pak4_activator_alphaC,PAK4,activator,B,Nc1cccc2c1C1CCN3CC(NCCO)CC1(C3)S2.OC1OOC2C(O)C12,Nc1cccc2c1C1CCN3CC(NCCO)CC1(C3)S2.OC1OOC2C(O)C12,56,1.9646516,pak4_cfd_pos
pak4_activator_alphaC,PAK4,activator,B,CNC1CC2CCCCC2C(CCC2CCCCC(O)C(=O)C2O)C1,CNC1CC2CCCCC2C(CCC2CCCCC(O)C(=O)C2O)C1,57,1.9660104513168333,pak4_cfd_pos
pak4_activator_alphaC,PAK4,activator,B,CC1CN(C2CCC(O)C(O)C(O)C2)CC2(C)C1C1CC3CC(C)(C1=O)C2(C)C3,CC1CN(C2CCC(O)C(O)C(O)C2)CC2(C)C1C1CC3CC(C)(C1=O)C2(C)C3,58,1.9664310216903689,pak4_cfd_pos
pak4_activator_alphaC,PAK4,activator,B,C=C1C(C)CC2(C(=O)NCC3C(O)CC(C)C(O)C3C)CCCC1C2C,C=C1C(C)CC2(C(=O)NCC3C(O)CC(C)C(O)C3C)CCCC1C2C,59,1.9688788652420044,pak4_cfd_pos
pak4_activator_alphaC,PAK4,activator,B,CC1OC(NCCC2CC(=O)Nc3ccccc32)OC23C(=O)C1COC2CCCC3O,CC1OC(NCCC2CC(=O)Nc3ccccc32)OC23C(=O)C1COC2CCCC3O,60,1.968900442123413,pak4_cfd_pos
pak4_activator_alphaC,PAK4,activator,B,CN(C)CC1CCC2C(=O)C=CC(CC3CC(=O)CNON3O)C2C1,CN(C)CC1CCC2C(=O)C=CC(CC3CC(=O)CNON3O)C2C1,61,1.9710856676101685,pak4_cfd_pos
pak4_activator_alphaC,PAK4,activator,B,CCCOC1=C2C=CC(CC3C4OC4(C)C(S)CC4NN43)=CC=C2N=CN=C1,CCCOC1=C2C=CC(CC3C4OC4(C)C(S)CC4NN43)=CC=C2N=CN=C1,62,1.9722381830215447,pak4_cfd_pos
pak4_activator_alphaC,PAK4,activator,B,CC(O)C(CCC1CCC2CC(CN)CCC3C1CCCC23)CC(N)O,CC(O)C(CCC1CCC2CC(CN)CCC3C1CCCC23)CC(N)O,63,1.97251296043396,pak4_cfd_pos
pak4_activator_alphaC,PAK4,activator,B,CC1(C)C=CC(N2C(=O)CCC2CC2COCC3CN(CN3)C(C)(O)C2O)CCC1,CC1(C)C=CC(N2C(=O)CCC2CC2COCC3CN(CN3)C(C)(O)C2O)CCC1,64,1.97602117061615,pak4_cfd_pos
pak4_activator_alphaC,PAK4,activator,B,CC1CC2CCC(CC3OCCCC(=O)CO3)N2C(C2C=CCCC2)C1,CC1CC2CCC(CC3OCCCC(=O)CO3)N2C(C2C=CCCC2)C1,65,1.9772905111312864,pak4_cfd_pos
pak4_activator_alphaC,PAK4,activator,B,CC(O)C(O)CC(CC(O)O)OOCCc1c[nH]c2ccccc12,CC(O)C(O)CC(CC(O)O)OOCCc1c[nH]c2ccccc12,66,1.9809471,pak4_cfd_pos
pak4_activator_alphaC,PAK4,activator,B,CN1C2CCCNCCC2C2CNC(=O)CC2C1CC(O)C1NOCCC1O,CN1C2CCCNCCC2C2CNC(=O)CC2C1CC(O)C1NOCCC1O,67,1.981295466423035,pak4_cfd_pos
pak4_activator_alphaC,PAK4,activator,B,CC1(C)CCC2C(CC3CC(NC(=O)C4CCC(O)CC5OC54)CN32)C1,CC1(C)CCC2C(CC3CC(NC(=O)C4CCC(O)CC5OC54)CN32)C1,68,1.9829965829849243,pak4_cfd_pos
pak4_activator_alphaC,PAK4,activator,B,COc1cccc2c1C(C)N(N1CC3(C4CCC(C4)C(C)C3C)C1C)NC2,COc1cccc2c1C(C)N(N1CC3(C4CCC(C4)C(C)C3C)C1C)NC2,69,1.9867676496505733,pak4_cfd_pos
pak4_activator_alphaC,PAK4,activator,B,NC1CCC2CC3=C4C=CCC4C4C(CCOC5CC6CC6CC5O)C1C2C34,NC1CCC2CC3=C4C=CCC4C4C(CCOC5CC6CC6CC5O)C1C2C34,70,1.987804651260376,pak4_cfd_pos
pak4_activator_alphaC,PAK4,activator,B,Cc1ccc(CNC(=O)C2CCC3CON3OC3=C(C=COC=C3)C2O)cc1,Cc1ccc(CNC(=O)C2CCC3CON3OC3=C(C=COC=C3)C2O)cc1,71,1.987828254699707,pak4_cfd_pos
pak4_activator_alphaC,PAK4,activator,B,CC(C)C1CCC2CCCCC2C(COC2C(=O)C2OC(O)C(O)C(C)O)C1,CC(C)C1CCC2CCCCC2C(COC2C(=O)C2OC(O)C(O)C(C)O)C1,72,1.9943252801895144,pak4_cfd_pos
pak4_activator_alphaC,PAK4,activator,B,N=C(O)C1=CC(N2CC3C4=CCCCC4CC4CCCC2C43)CC(O)C1O,N=C(O)C1=CC(N2CC3C4=CCCCC4CC4CCCC2C43)CC(O)C1O,73,1.9949699640274048,pak4_cfd_pos
pak4_activator_alphaC,PAK4,activator,B,CC1=NC2C3C=CCC=C3C=C(COC(CSN(O)O)C3CCC3O)C(C)C2N1,CC1=NC2C3C=CCC=C3C=C(COC(CSN(O)O)C3CCC3O)C(C)C2N1,74,2.000488042831421,pak4_cfd_pos
pak4_activator_alphaC,PAK4,activator,B,CC1CCCC(CCC(C(O)O)C(COO)C(=O)O)C(c2cccc(N)c2)C1,CC1CCCC(CCC(C(O)O)C(COO)C(=O)O)C(c2cccc(N)c2)C1,75,2.0051283836364746,pak4_cfd_pos
pak4_activator_alphaC,PAK4,activator,B,CC1(C)CC2(C)CCC1CC2C(=O)CCC(O)C1SC(C)(C(O)O)ON1O,CC1(C)CC2(C)CCC1CC2C(=O)CCC(O)C1SC(C)(C(O)O)ON1O,76,2.0085692405700684,pak4_cfd_pos
pak4_activator_alphaC,PAK4,activator,B,Cc1ccc2[nH]c(CN(CC3COCC(=O)COC3)C(=O)OCN)cc2c1,Cc1ccc2[nH]c(CN(CC3COCC(=O)COC3)C(=O)OCN)cc2c1,77,2.008753538131714,pak4_cfd_pos
pak4_activator_alphaC,PAK4,activator,B,CC(=O)N1CCN(C(=O)NC2CC(O)C(O)C(C(O)S)C2)CC1,CC(=O)N1CCN(C(=O)NC2CC(O)C(O)C(C(O)S)C2)CC1,78,2.0087597370147705,pak4_cfd_pos
pak4_activator_alphaC,PAK4,activator,B,C=C1C2CC3C4CCC5C(CC(C53)C1(C)CN2C1CCN(NO)C(O)C1)C1=CCCC14,C=C1C2CC3C4CCC5C(CC(C53)C1(C)CN2C1CCN(NO)C(O)C1)C1=CCCC14,79,2.0102667808532715,pak4_cfd_pos
pak4_activator_alphaC,PAK4,activator,B,CC1(C)CC2OC3CC(CC4OC4C2C2C=CC(O)CC21)[N+](=O)CC3=O,CC1(C)CC2OC3CC(CC4OC4C2C2C=CC(O)CC21)[N+](=O)CC3=O,80,2.011134147644043,pak4_cfd_pos
pak4_activator_alphaC,PAK4,activator,B,CC=C1C=CCC(CN(CC)C(=O)C2CCc3cc(C)c[n+]4c3C2OOO4)CC1,CC=C1C=CCC(CN(CC)C(=O)C2CCc3cc(C)c[n+]4c3C2OOO4)CC1,81,2.021592378616333,pak4_cfd_pos
pak4_activator_alphaC,PAK4,activator,B,CC1C=C2CC3CCC4CN5CCC(C(=O)O)C(=O)CN5N4CC3CC2CC1,CC1C=C2CC3CCC4CN5CCC(C(=O)O)C(=O)CN5N4CC3CC2CC1,82,2.0229148864746094,pak4_cfd_pos
pak4_activator_alphaC,PAK4,activator,B,CC1C2C(NOC(CN3CCCCC3)c3cccc(N)c3)CNCC3(O)CC3OC12O,CC1C2C(NOC(CN3CCCCC3)c3cccc(N)c3)CNCC3(O)CC3OC12O,83,2.023088455200196,pak4_cfd_pos
pak4_activator_alphaC,PAK4,activator,B,O=C1C(C(O)CC2O[N+](=O)CCC2O)OCCCN1CC1CCCCCC1,O=C1C(C(O)CC2O[N+](=O)CCC2O)OCCCN1CC1CCCCCC1,84,2.0257511138916016,pak4_cfd_pos
pak4_activator_alphaC,PAK4,activator,B,O=C(NC(O)C1CC2C(O)C23OC3C1O)C1(Nc2ccccc2)CCN2CCCCCC21,O=C(NC(O)C1CC2C(O)C23OC3C1O)C1(Nc2ccccc2)CCN2CCCCCC21,85,2.027965545654297,pak4_cfd_pos
pak4_activator_alphaC,PAK4,activator,B,CC1=CC(C)C2C(=C1)CCC1C(C3CN(C(O)C4CO4)N(CO)S3)=CCCC12,CC1=CC(C)C2C(=C1)CCC1C(C3CN(C(O)C4CO4)N(CO)S3)=CCCC12,86,2.0304982662200928,pak4_cfd_pos
pak4_activator_alphaC,PAK4,activator,B,CC1C=CC2C3=C(N=C4C=CC=CCC43)C(NCC3NC(O)CCC3N)CCN2C1,CC1C=CC2C3=C(N=C4C=CC=CCC43)C(NCC3NC(O)CCC3N)CCN2C1,87,2.0310778617858887,pak4_cfd_pos
pak4_activator_alphaC,PAK4,activator,B,NC12CCC3C(CC(NCOC4CCC5c6ccccc6CC5C4)OC3C1)C2,NC12CCC3C(CC(NCOC4CCC5c6ccccc6CC5C4)OC3C1)C2,88,2.031280994415283,pak4_cfd_pos
pak4_activator_alphaC,PAK4,activator,B,CN1C=CC(C2CC3CNCOC4OC[SH](O2)C34)=C2C=C=NC21,CN1C=CC(C2CC3CNCOC4OC[SH](O2)C34)=C2C=C=NC21,89,2.0332906246185303,pak4_cfd_pos
pak4_activator_alphaC,PAK4,activator,B,COC1=CC2CCCC3CC(=NC4OCC(O)C5C(O)C(C)CC45)NC(C1)C23,COC1=CC2CCCC3CC(=NC4OCC(O)C5C(O)C(C)CC45)NC(C1)C23,90,2.0339250564575195,pak4_cfd_pos
pak4_activator_alphaC,PAK4,activator,B,CC1OC(COCCN2CCC3C4=CCCC5=C4C(CCC5)CCC32)C2CC12,CC1OC(COCCN2CCC3C4=CCCC5=C4C(CCC5)CCC32)C2CC12,91,2.0367817878723145,pak4_cfd_pos
pak4_activator_alphaC,PAK4,activator,B,CC(=N)N=[N+]1C2C=CC=CN3C(=O)CC(=O)C(C(=O)C4CN(C)CC41)C23,CC(=N)N=[N+]1C2C=CC=CN3C(=O)CC(=O)C(C(=O)C4CN(C)CC41)C23,92,2.0393221378326416,pak4_cfd_pos
pak4_activator_alphaC,PAK4,activator,B,OC1OON2ON(CC3C=C4CNOC4=CC3)COC3=COC=CC1=C32,OC1OON2ON(CC3C=C4CNOC4=CC3)COC3=COC=CC1=C32,93,2.0408852100372314,pak4_cfd_pos
pak4_activator_alphaC,PAK4,activator,B,CC(C(O)O)C(O)C1NCC1COC1CCCN(c2ccccc2)CC1,CC(C(O)O)C(O)C1NCC1COC1CCCN(c2ccccc2)CC1,94,2.044867038726806,pak4_cfd_pos
pak4_activator_alphaC,PAK4,activator,B,CC1(C)CC(NCC2C(O)C(O)C3COOCC23)CCC1C1CCCCC1,CC1(C)CC(NCC2C(O)C(O)C3COOCC23)CCC1C1CCCCC1,95,2.045569658279419,pak4_cfd_pos
pak4_activator_alphaC,PAK4,activator,B,CCC1CCC(OCC2C(O)c3c[nH]cc3CC2(O)O)ON1c1ccc(N)cc1,CCC1CCC(OCC2C(O)c3c[nH]cc3CC2(O)O)ON1c1ccc(N)cc1,96,2.046203136444092,pak4_cfd_pos
pak4_activator_alphaC,PAK4,activator,B,NCC1C(SCCC2=C3CCC3CCC(C3CCCCC3)C2)CCS(=O)C1O,NCC1C(SCCC2=C3CCC3CCC(C3CCCCC3)C2)CCS(=O)C1O,97,2.0463011264801025,pak4_cfd_pos
pak4_activator_alphaC,PAK4,activator,B,CC1C2CCCCC2C2CCC(C)(C)C(O)CC12CCCC1NCNCCC1O,CC1C2CCCCC2C2CCC(C)(C)C(O)CC12CCCC1NCNCCC1O,98,2.047253131866455,pak4_cfd_pos
pak4_activator_alphaC,PAK4,activator,B,OC1CSC(CNNC2CCCC=CC2N2CC3CCCCC3C2)C(O)C1O,OC1CSC(CNNC2CCCC=CC2N2CC3CCCCC3C2)C(O)C1O,99,2.047373056411743,pak4_cfd_pos
pak1_activator_alphaC,PAK1,activator,B,Nc1[nH]ccc2c1cc1c(-c3ccccc3)ccc3c(c12)=CN=CC=C3,Nc1[nH]ccc2c1cc1c(-c3ccccc3)ccc3c(c12)=CN=CC=C3,0,2.4184167,pak1_cfd_pos
pak1_activator_alphaC,PAK1,activator,B,CN1C(=O)c2cn[nH]c2-c2c[nH]c3cccc(c23)-c2ccccc21,CN1C(=O)c2cn[nH]c2-c2c[nH]c3cccc(c23)-c2ccccc21,1,2.436516284942627,pak1_cfd_pos
pak1_activator_alphaC,PAK1,activator,B,N=C1N=CN=c2c1nc1c3cc4ccccc4c4cc[s+]c4c3cn21,N=C1N=CN=c2c1nc1c3cc4ccccc4c4cc[s+]c4c3cn21,2,2.459843397140503,pak1_cfd_pos
pak1_activator_alphaC,PAK1,activator,B,COC(O)C1=C(c2ccccc2)[S+]=C2C(=O)N(C3CCCCC3)N=C21,COC(O)C1=C(c2ccccc2)[S+]=C2C(=O)N(C3CCCCC3)N=C21,3,2.477124214172364,pak1_cfd_pos
pak1_activator_alphaC,PAK1,activator,B,Cc1nc2[nH]cc(C(=O)Nc3ccccc3)cc-2c1CCCc1cn[nH]c1,Cc1nc2[nH]cc(C(=O)Nc3ccccc3)cc-2c1CCCc1cn[nH]c1,4,2.543681,pak1_cfd_pos
pak1_activator_alphaC,PAK1,activator,B,NC(=O)c1ncc(Nc2cccnc2)c2sc(-c3ccccc3O)nc12,NC(=O)c1ncc(Nc2cccnc2)c2sc(-c3ccccc3O)nc12,5,2.545552492141724,pak1_cfd_pos
pak1_activator_alphaC,PAK1,activator,B,O=C1NC=Nc2cc(-c3ccccc3)cc3c(-c4ccccc4F)cc1n23,O=C1NC=Nc2cc(-c3ccccc3)cc3c(-c4ccccc4F)cc1n23,6,2.5489370822906494,pak1_cfd_pos
pak1_activator_alphaC,PAK1,activator,B,C[n+]1c2c3c(nc(NCc4ccccc4)nc3c3ccccc31)CCCCC2,C[n+]1c2c3c(nc(NCc4ccccc4)nc3c3ccccc31)CCCCC2,7,2.558272123336792,pak1_cfd_pos
pak1_activator_alphaC,PAK1,activator,B,O=C(Nc1ccc(O)c(NN=Cc2cccc(O)c2)c1)c1ccccc1,O=C(Nc1ccc(O)c(NN=Cc2cccc(O)c2)c1)c1ccccc1,8,2.56218695640564,pak1_cfd_pos
pak1_activator_alphaC,PAK1,activator,B,NC1=NC(=NCc2cccn2-c2cccc(-c3ccccc3)c2)N=C2N=NN=C12,NC1=NC(=NCc2cccn2-c2cccc(-c3ccccc3)c2)N=C2N=NN=C12,9,2.584735631942749,pak1_cfd_pos
pak1_activator_alphaC,PAK1,activator,B,Nc1ccc2ccc3cc(C(c4ccccc4)N4C=CC(=O)CC4)ccc3c2n1,Nc1ccc2ccc3cc(C(c4ccccc4)N4C=CC(=O)CC4)ccc3c2n1,10,2.5887787342071533,pak1_cfd_pos
pak1_activator_alphaC,PAK1,activator,B,O=C1c2ccc3ccccc3c2C2=c3ccccc3=[NH+]C2=[N+]1c1ccc[nH+]c1,O=C1c2ccc3ccccc3c2C2=c3ccccc3=[NH+]C2=[N+]1c1ccc[nH+]c1,11,2.595968246459961,pak1_cfd_pos
pak1_activator_alphaC,PAK1,activator,B,O=C(NCc1ccccc1)Nc1cccc2cc3c4c(nccc4c12)N=C3O,O=C(NCc1ccccc1)Nc1cccc2cc3c4c(nccc4c12)N=C3O,12,2.622589111328125,pak1_cfd_pos
pak1_activator_alphaC,PAK1,activator,B,Cn1c(=O)ncc2c3ccccc3c3ccc(-c4ccccc4)c-3nc21,Cn1c(=O)ncc2c3ccccc3c3ccc(-c4ccccc4)c-3nc21,13,2.627006769180298,pak1_cfd_pos
pak1_activator_alphaC,PAK1,activator,B,Oc1ccc2cc3c4nccc(-c5ccccc5)c(O)c-4nc3nc2c1,Oc1ccc2cc3c4nccc(-c5ccccc5)c(O)c-4nc3nc2c1,14,2.648080587387085,pak1_cfd_pos
pak1_activator_alphaC,PAK1,activator,B,CN(O)c1cc2cc(-c3ccc4nc[nH]c4c3)ccc2[nH+]c1Nc1cc[nH+]cc1,CN(O)c1cc2cc(-c3ccc4nc[nH]c4c3)ccc2[nH+]c1Nc1cc[nH+]cc1,15,2.6495065689086914,pak1_cfd_pos
pak1_activator_alphaC,PAK1,activator,B,O=C(COc1cc(=O)[nH]c2ccc(-c3ccccc3)cc12)N=CCc1ccccc1,O=C(COc1cc(=O)[nH]c2ccc(-c3ccccc3)cc12)N=CCc1ccccc1,16,2.6514477729797363,pak1_cfd_pos
pak1_activator_alphaC,PAK1,activator,B,Oc1cccc(-c2nc(NCC3CCOCC3)ncc2Oc2ccccc2)c1,Oc1cccc(-c2nc(NCC3CCOCC3)ncc2Oc2ccccc2)c1,17,2.66365647315979,pak1_cfd_pos
pak1_activator_alphaC,PAK1,activator,B,C=C1N=CN=[N+]1c1ccc2cccc(-c3ccc(C(=O)O)cc3)c2c1,C=C1N=CN=[N+]1c1ccc2cccc(-c3ccc(C(=O)O)cc3)c2c1,18,2.6652212142944336,pak1_cfd_pos
pak1_activator_alphaC,PAK1,activator,B,COc1[nH]c(Nc2ccccc2)nc2nc(CC(=O)O)c(-c3ccccc3)c1-2,COc1[nH]c(Nc2ccccc2)nc2nc(CC(=O)O)c(-c3ccccc3)c1-2,19,2.6712746620178223,pak1_cfd_pos
pak1_activator_alphaC,PAK1,activator,B,CN=c1nc(Nc2ccccc2OC)c(C)c(-c2c[nH]c3ncccc23)[nH]1,CN=c1nc(Nc2ccccc2OC)c(C)c(-c2c[nH]c3ncccc23)[nH]1,20,2.6732211112976074,pak1_cfd_pos
pak1_activator_alphaC,PAK1,activator,B,CC(=O)Nc1cccc2c1cnc1sc(C(=O)c3cccc(F)c3)nc12,CC(=O)Nc1cccc2c1cnc1sc(C(=O)c3cccc(F)c3)nc12,21,2.67447566986084,pak1_cfd_pos
pak1_activator_alphaC,PAK1,activator,B,O=c1[nH]c2ccccc2nc2[n+](CCc3ccccc3)c3ccccc3c1-2,O=c1[nH]c2ccccc2nc2[n+](CCc3ccccc3)c3ccccc3c1-2,22,2.67464542388916,pak1_cfd_pos
pak1_activator_alphaC,PAK1,activator,B,C1=Nc2ncnc3c2=C1Cc1c(Cc2ccccc2)cccc1N=3,C1=Nc2ncnc3c2=C1Cc1c(Cc2ccccc2)cccc1N=3,23,2.675386428833008,pak1_cfd_pos
pak1_activator_alphaC,PAK1,activator,B,CC1=c2cc3c(nc2NC=N1)=[NH+]c1ccccc1N3C(C)c1ccoc1C,CC1=c2cc3c(nc2NC=N1)=[NH+]c1ccccc1N3C(C)c1ccoc1C,24,2.676952123641968,pak1_cfd_pos
pak1_activator_alphaC,PAK1,activator,B,Cc1nc2ccccc2n2c1cc1c2sc2nc(=O)c3ccccc3n21,Cc1nc2ccccc2n2c1cc1c2sc2nc(=O)c3ccccc3n21,25,2.6803534030914307,pak1_cfd_pos
pak1_activator_alphaC,PAK1,activator,B,O=C(Nc1ccccc1)c1cnc2nccc(-c3ccccc3)c2c1,O=C(Nc1ccccc1)c1cnc2nccc(-c3ccccc3)c2c1,26,2.687811374664306,pak1_cfd_pos
pak1_activator_alphaC,PAK1,activator,B,c1ccc(-c2nc3cccn4ncc(ncc5ccccc25)c34)cc1,c1ccc(-c2nc3cccn4ncc(ncc5ccccc25)c34)cc1,27,2.700093030929565,pak1_cfd_pos
pak1_activator_alphaC,PAK1,activator,B,CN(c1ccnc2c(-c3ccccc3)n(C)c(=O)c-2c1)c1ccccn1,CN(c1ccnc2c(-c3ccccc3)n(C)c(=O)c-2c1)c1ccccn1,28,2.70257568359375,pak1_cfd_pos
pak1_activator_alphaC,PAK1,activator,B,Cc1ccc(-c2cccc(C(=O)N3CCc4cnc(C)cc4C3)c2)cc1,Cc1ccc(-c2cccc(C(=O)N3CCc4cnc(C)cc4C3)c2)cc1,29,2.7057688,pak1_cfd_pos
pak1_activator_alphaC,PAK1,activator,B,Oc1cc(Nc2cccc(-c3ccccc3)c2)nc2c3ccccc3nn12,Oc1cc(Nc2cccc(-c3ccccc3)c2)nc2c3ccccc3nn12,30,2.7109973430633545,pak1_cfd_pos
pak1_activator_alphaC,PAK1,activator,B,Cc1[nH+]c2ccccc2cc1-n1[nH]cc(C(O)=NCCc2ccccc2)c1=N,Cc1[nH+]c2ccccc2cc1-n1[nH]cc(C(O)=NCCc2ccccc2)c1=N,31,2.711223125457764,pak1_cfd_pos
pak1_activator_alphaC,PAK1,activator,B,Cc1ccc2c(S(C)(=O)=O)ccc(NC(=O)C=C[n+]3ccncc3)c2[nH+]1,Cc1ccc2c(S(C)(=O)=O)ccc(NC(=O)C=C[n+]3ccncc3)c2[nH+]1,32,2.7113635540008545,pak1_cfd_pos
pak1_activator_alphaC,PAK1,activator,B,COc1ccc(NCCc2nc3c(-c4ccccc4)ccnc3n2C)cc1,COc1ccc(NCCc2nc3c(-c4ccccc4)ccnc3n2C)cc1,33,2.7208526,pak1_cfd_pos
pak1_activator_alphaC,PAK1,activator,B,CN(C)c1cncc(-c2ncc(Cc3ccccc3)c(-c3ccccc3)n2)c1,CN(C)c1cncc(-c2ncc(Cc3ccccc3)c(-c3ccccc3)n2)c1,34,2.725507974624634,pak1_cfd_pos
pak1_activator_alphaC,PAK1,activator,B,c1ccc(C2=NC(c3ccccc3)=c3c2nc2[s+]c4ccccc4n32)cc1,c1ccc(C2=NC(c3ccccc3)=c3c2nc2[s+]c4ccccc4n32)cc1,35,2.734113931655884,pak1_cfd_pos
pak1_activator_alphaC,PAK1,activator,B,Cc1cc(CN2CCNCC2)nc2cc(-c3ccncc3)ccc12,Cc1cc(CN2CCNCC2)nc2cc(-c3ccncc3)ccc12,36,2.734883069992065,pak1_cfd_pos
pak1_activator_alphaC,PAK1,activator,B,c1ccc(CCSC2=NC(c3ccccc3)=C3N=c4ccccc4=[N+]23)cc1,c1ccc(CCSC2=NC(c3ccccc3)=C3N=c4ccccc4=[N+]23)cc1,37,2.749617576599121,pak1_cfd_pos
pak1_activator_alphaC,PAK1,activator,B,Cn1c(-c2ccccc2)nc(=O)c2c(-c3ccccc3)c3ccccc3nc21,Cn1c(-c2ccccc2)nc(=O)c2c(-c3ccccc3)c3ccccc3nc21,38,2.802154302597046,pak1_cfd_pos
pak1_activator_alphaC,PAK1,activator,B,Cn1ncnc1NC(=O)c1ccccc1Cc1cccc(Oc2ccccc2)c1,Cn1ncnc1NC(=O)c1ccccc1Cc1cccc(Oc2ccccc2)c1,39,2.8311266899108887,pak1_cfd_pos
dusp1_inhibitor,DUSP1,inhibitor,B,O=C(CP(=O)(O)Oc1ccccc1)NNNc1nc2ccccc2s1,O=C(CP(=O)(O)Oc1ccccc1)NNNc1nc2ccccc2s1,0,2.0320520401000977,dusp1_cfd_pos
dusp1_inhibitor,DUSP1,inhibitor,B,NC(=CCc1ccc(O)c(O)c1F)C(O)C=CC(=O)OCCCCC1CCCC1,NC(=CCc1ccc(O)c(O)c1F)C(O)C=CC(=O)OCCCCC1CCCC1,1,2.049837827682495,dusp1_cfd_pos
dusp1_inhibitor,DUSP1,inhibitor,B,O=C(Nc1ccc(F)c(F)c1)c1cc(NNCC=CC2NC2=O)ccn1,O=C(Nc1ccc(F)c(F)c1)c1cc(NNCC=CC2NC2=O)ccn1,2,2.0584046840667725,dusp1_cfd_pos
dusp1_inhibitor,DUSP1,inhibitor,B,O=C(CCCCNN=C1CC=CCC1)Cc1ccc(N2CCCCC2=O)cc1,O=C(CCCCNN=C1CC=CCC1)Cc1ccc(N2CCCCC2=O)cc1,3,2.2515292167663574,dusp1_cfd_pos
dusp1_inhibitor,DUSP1,inhibitor,B,O=C(O)CCNCCCCCCC(=O)NCc1n[nH]c(-c2ccccc2)n1,O=C(O)CCNCCCCCCC(=O)NCc1n[nH]c(-c2ccccc2)n1,4,2.268580913543701,dusp1_cfd_pos
dusp1_inhibitor,DUSP1,inhibitor,B,O=C(COc1ccccc1)OCCCCNC(=O)c1cnc2nccnc2c1,O=C(COc1ccccc1)OCCCCNC(=O)c1cnc2nccnc2c1,5,2.2736823558807373,dusp1_cfd_pos
dusp1_inhibitor,DUSP1,inhibitor,B,O=[N+](NCC=NCNNCc1ccccc1)c1ccc(-n2cnnc2)cn1,O=[N+](NCC=NCNNCc1ccccc1)c1ccc(-n2cnnc2)cn1,6,2.274017095565796,dusp1_cfd_pos
dusp1_inhibitor,DUSP1,inhibitor,B,O=C(NCCON=NC1Cc2ccccc2C1)c1cc2c3c(c1)ncc[n+]3C=C2,O=C(NCCON=NC1Cc2ccccc2C1)c1cc2c3c(c1)ncc[n+]3C=C2,7,2.2985215187072754,dusp1_cfd_pos
dusp1_inhibitor,DUSP1,inhibitor,B,O=C(CONC(=O)Nc1ccc(F)cc1)NNc1ccc2cncnc2c1,O=C(CONC(=O)Nc1ccc(F)cc1)NNc1ccc2cncnc2c1,8,2.3205082416534424,dusp1_cfd_pos
dusp1_inhibitor,DUSP1,inhibitor,B,Cc1cc(N=NC(=O)CCOC(=O)Nc2cccc3ccccc23)ccc1N,Cc1cc(N=NC(=O)CCOC(=O)Nc2cccc3ccccc23)ccc1N,9,2.3298933506011963,dusp1_cfd_pos
dusp1_inhibitor,DUSP1,inhibitor,B,O=C(CCc1cccc(Cl)c1)OCCOC(=O)c1ccc2c(ccc[n+]2O)c1,O=C(CCc1cccc(Cl)c1)OCCOC(=O)c1ccc2c(ccc[n+]2O)c1,10,2.337441682815552,dusp1_cfd_pos
dusp1_inhibitor,DUSP1,inhibitor,B,O=C(NOCCOCC=CCCc1ccc2ccccc2c1)c1ccc2n[nH]cc2c1,O=C(NOCCOCC=CCCc1ccc2ccccc2c1)c1ccc2n[nH]cc2c1,11,2.3390324115753174,dusp1_cfd_pos
dusp1_inhibitor,DUSP1,inhibitor,B,Cc1ccc(CCNN=NC=CCCC(=O)Nc2ccc(N3CCOCC3)cc2)cn1,Cc1ccc(CCNN=NC=CCCC(=O)Nc2ccc(N3CCOCC3)cc2)cn1,12,2.3840084,dusp1_cfd_pos
dusp1_inhibitor,DUSP1,inhibitor,B,O=C(C=CC(=O)Nc1ccc2ccccc2c1)NCCc1cccnc1,O=C(C=CC(=O)Nc1ccc2ccccc2c1)NCCc1cccnc1,13,2.3988935947418213,dusp1_cfd_pos
dusp1_inhibitor,DUSP1,inhibitor,B,CC1=COP(=O)(O)OCCC2CC2C(OP(=O)(O)O)n2c(nc3c(N)ncnc32)NC1,CC1=COP(=O)(O)OCCC2CC2C(OP(=O)(O)O)n2c(nc3c(N)ncnc32)NC1,14,2.4164812564849854,dusp1_cfd_pos
dusp1_inhibitor,DUSP1,inhibitor,B,Nc1nccc(N2CCC(c3c[nH]c4ccccc34)C(OP(=O)(O)O)C2)[nH+]1,Nc1nccc(N2CCC(c3c[nH]c4ccccc34)C(OP(=O)(O)O)C2)[nH+]1,15,2.498088359832764,dusp1_cfd_pos
dusp1_inhibitor,DUSP1,inhibitor,B,O=C(O)c1ccc(C2C(OP(=O)(O)O)OP(=O)(O)OC2N2CCCC2)cc1,O=C(O)c1ccc(C2C(OP(=O)(O)O)OP(=O)(O)OC2N2CCCC2)cc1,16,2.500671148300171,dusp1_cfd_pos
dusp1_inhibitor,DUSP1,inhibitor,B,O=P(O)(O)c1ccc2oc3c4c(oc5c(O)c(O)cc(c5-3)c2c1)=CC=C(O)C=C4,O=P(O)(O)c1ccc2oc3c4c(oc5c(O)c(O)cc(c5-3)c2c1)=CC=C(O)C=C4,17,2.524777173995972,dusp1_cfd_pos
dusp1_inhibitor,DUSP1,inhibitor,B,CC(=O)NC1COC(Oc2ccc(C)c(=O)n2Cc2ccccc2)C1OP(=O)(O)O,CC(=O)NC1COC(Oc2ccc(C)c(=O)n2Cc2ccccc2)C1OP(=O)(O)O,18,2.527709722518921,dusp1_cfd_pos
dusp1_inhibitor,DUSP1,inhibitor,B,Cc1ncc(-c2nc(NC(=O)O)[nH]c2-c2ccccc2)c(-c2ccccc2)[nH+]1,Cc1ncc(-c2nc(NC(=O)O)[nH]c2-c2ccccc2)c(-c2ccccc2)[nH+]1,19,2.5315137,dusp1_cfd_pos
dusp1_inhibitor,DUSP1,inhibitor,B,O=P(O)(O)OC(c1ccc[nH+]c1)c1cccc(-c2ccc(-c3ncn[nH]3)cc2)[nH+]1,O=P(O)(O)OC(c1ccc[nH+]c1)c1cccc(-c2ccc(-c3ncn[nH]3)cc2)[nH+]1,20,2.5369462966918945,dusp1_cfd_pos
dusp1_inhibitor,DUSP1,inhibitor,B,COc1ccc(-c2cc(Nc3nnc(C)s3)cc(C(O)C(=O)O)c2)cc1,COc1ccc(-c2cc(Nc3nnc(C)s3)cc(C(O)C(=O)O)c2)cc1,21,2.540823459625244,dusp1_cfd_pos
dusp1_inhibitor,DUSP1,inhibitor,B,O=C(c1ccco1)c1ccc([N+](=O)O)nc2c1oc1cc(=O)ncc12,O=C(c1ccco1)c1ccc([N+](=O)O)nc2c1oc1cc(=O)ncc12,22,2.546177864074707,dusp1_cfd_pos
dusp1_inhibitor,DUSP1,inhibitor,B,CC(C)(Nc1cc2c3ccnc-3cc[nH]c-2nc1=O)c1ccc2c(c1)OCCO2,CC(C)(Nc1cc2c3ccnc-3cc[nH]c-2nc1=O)c1ccc2c(c1)OCCO2,23,2.546448230743408,dusp1_cfd_pos
dusp1_inhibitor,DUSP1,inhibitor,B,O=C1CCCN1Cc1cn(-c2ccccc2)cc1COP(=O)(O)O,O=C1CCCN1Cc1cn(-c2ccccc2)cc1COP(=O)(O)O,24,2.575387954711914,dusp1_cfd_pos
dusp1_inhibitor,DUSP1,inhibitor,B,CCCC(=O)N1CCN2C3=C(C(=O)C(=O)C=C3)c3ccccc3C2C1,CCCC(=O)N1CCN2C3=C(C(=O)C(=O)C=C3)c3ccccc3C2C1,25,2.5827908515930176,dusp1_cfd_pos
dusp1_inhibitor,DUSP1,inhibitor,B,O=[SH](O)(O)C1CC(OC(c2ccc(O)cc2)c2c[nH]c3ccccc23)CO1,O=[SH](O)(O)C1CC(OC(c2ccc(O)cc2)c2c[nH]c3ccccc23)CO1,26,2.590480089187622,dusp1_cfd_pos
dusp1_inhibitor,DUSP1,inhibitor,B,O=C(O)c1cc2n(n1)C1CC(=COP(=O)(O)O)C(=O)N1c1ccccc1-2,O=C(O)c1cc2n(n1)C1CC(=COP(=O)(O)O)C(=O)N1c1ccccc1-2,27,2.592961549758911,dusp1_cfd_pos
dusp1_inhibitor,DUSP1,inhibitor,B,Cc1cnc(N)c2nc(N3c4ccccc4CC3COP(=O)(O)O)nc-2n1,Cc1cnc(N)c2nc(N3c4ccccc4CC3COP(=O)(O)O)nc-2n1,28,2.6058712005615234,dusp1_cfd_pos
dusp1_inhibitor,DUSP1,inhibitor,B,O=[N+](O)c1ccc(NCCc2ccn(-c3ccncc3F)n2)c(-c2ccc[nH]2)n1,O=[N+](O)c1ccc(NCCc2ccn(-c3ccncc3F)n2)c(-c2ccc[nH]2)n1,29,2.6063666343688965,dusp1_cfd_pos
dusp1_inhibitor,DUSP1,inhibitor,B,Cc1ncc2c(n1)NC(C(CNCc1ccccc1)COP(=O)(O)O)=CN=C2,Cc1ncc2c(n1)NC(C(CNCc1ccccc1)COP(=O)(O)O)=CN=C2,30,2.610780715942383,dusp1_cfd_pos
dusp1_inhibitor,DUSP1,inhibitor,B,O=C(CO)NC(CNC(=Cc1ccc(O)cc1)C(=O)O)c1ccccc1,O=C(CO)NC(CNC(=Cc1ccc(O)cc1)C(=O)O)c1ccccc1,31,2.6203858852386475,dusp1_cfd_pos
dusp1_inhibitor,DUSP1,inhibitor,B,CN(Cc1cccc2ccoc12)C(CCOP(=O)(O)O)c1ncnc2c(N)ncnc12,CN(Cc1cccc2ccoc12)C(CCOP(=O)(O)O)c1ncnc2c(N)ncnc12,32,2.623081684112549,dusp1_cfd_pos
dusp1_inhibitor,DUSP1,inhibitor,B,CC(c1ccc(F)cc1)n1nnc(C(=O)O)c1C(=O)Nc1ccccn1,CC(c1ccc(F)cc1)n1nnc(C(=O)O)c1C(=O)Nc1ccccn1,33,2.623626232147217,dusp1_cfd_pos
dusp1_inhibitor,DUSP1,inhibitor,B,O=[N+](O)c1cn(-c2ccc(F)cc2)c(-c2n[nH]cc2-c2ccccc2)n1,O=[N+](O)c1cn(-c2ccc(F)cc2)c(-c2n[nH]cc2-c2ccccc2)n1,34,2.630317211151123,dusp1_cfd_pos
dusp1_inhibitor,DUSP1,inhibitor,B,COc1cccc2c1oc1c(C(=O)O)nc3c4ccccc4ccc3c12,COc1cccc2c1oc1c(C(=O)O)nc3c4ccccc4ccc3c12,35,2.633565664291382,dusp1_cfd_pos
dusp1_inhibitor,DUSP1,inhibitor,B,O=C(O)C(=NCc1ccc(C=CC(O)=Nc2ccccc2)c(Cl)c1)c1ncc[nH]1,O=C(O)C(=NCc1ccc(C=CC(O)=Nc2ccccc2)c(Cl)c1)c1ncc[nH]1,36,2.633664131164551,dusp1_cfd_pos
dusp1_inhibitor,DUSP1,inhibitor,B,O=C(O)c1cc(CCCCC2=Nc3cccc4c3[NH+](CC4)C2=O)c(C(=O)O)[nH]1,O=C(O)c1cc(CCCCC2=Nc3cccc4c3[NH+](CC4)C2=O)c(C(=O)O)[nH]1,37,2.638222932815552,dusp1_cfd_pos
dusp1_inhibitor,DUSP1,inhibitor,B,O=P(O)(O)Oc1ccc(Nc2nnc(-c3ccccc3)o2)cc1,O=P(O)(O)Oc1ccc(Nc2nnc(-c3ccccc3)o2)cc1,38,2.6423592567443848,dusp1_cfd_pos
dusp1_inhibitor,DUSP1,inhibitor,B,O=C(O)C[n+]1nc(-c2ccccc2)c2cnc3ccccc3cc-2c1=O,O=C(O)C[n+]1nc(-c2ccccc2)c2cnc3ccccc3cc-2c1=O,39,2.6438114643096924,dusp1_cfd_pos
dusp1_inhibitor,DUSP1,inhibitor,B,Nc1ncc(-c2ccc(Cc3ccc(COP(=O)(O)O)[nH+]c3)cc2)c2[nH]cnc12,Nc1ncc(-c2ccc(Cc3ccc(COP(=O)(O)O)[nH+]c3)cc2)c2[nH]cnc12,40,2.645970582962036,dusp1_cfd_pos
dusp1_inhibitor,DUSP1,inhibitor,B,Cn1c(-c2c(-c3c[nH]c4ccccc34)n[nH]c2[SH](=O)(O)O)[nH+]c2ccccc21,Cn1c(-c2c(-c3c[nH]c4ccccc34)n[nH]c2[SH](=O)(O)O)[nH+]c2ccccc21,41,2.6488845348358154,dusp1_cfd_pos
dusp1_inhibitor,DUSP1,inhibitor,B,O=C1Nc2ccccc2Oc2ccccc2CC2CC([SH](=O)(O)O)=CCC12,O=C1Nc2ccccc2Oc2ccccc2CC2CC([SH](=O)(O)O)=CCC12,42,2.6490864753723145,dusp1_cfd_pos
dusp1_inhibitor,DUSP1,inhibitor,B,CC1C(Cc2cc([N+](=O)O)cc3nonc23)NCCN1c1ccc([N+](=O)O)cc1,CC1C(Cc2cc([N+](=O)O)cc3nonc23)NCCN1c1ccc([N+](=O)O)cc1,43,2.650441169738769,dusp1_cfd_pos
dusp1_inhibitor,DUSP1,inhibitor,B,O=P(O)(O)OCc1c[n+](-c2ccccc2)c2c3ccccc3ncnc1-2,O=P(O)(O)OCc1c[n+](-c2ccccc2)c2c3ccccc3ncnc1-2,44,2.6523144245147705,dusp1_cfd_pos
dusp1_inhibitor,DUSP1,inhibitor,B,COc1cc(C(=NOP(=O)(O)O)c2ccc(O)cc2)ccc1O,COc1cc(C(=NOP(=O)(O)O)c2ccc(O)cc2)ccc1O,45,2.6552979946136475,dusp1_cfd_pos
dusp1_inhibitor,DUSP1,inhibitor,B,O=[SH](O)(O)c1ccc(C(Nc2nccnc2F)c2ccccc2)cc1,O=[SH](O)(O)c1ccc(C(Nc2nccnc2F)c2ccccc2)cc1,46,2.6648054122924805,dusp1_cfd_pos
dusp1_inhibitor,DUSP1,inhibitor,B,O=S(=O)(O)c1cc(-c2ccccc2)c2c(Cc3ccccc3)c[nH]n12,O=S(=O)(O)c1cc(-c2ccccc2)c2c(Cc3ccccc3)c[nH]n12,47,2.666938066482544,dusp1_cfd_pos
dusp1_inhibitor,DUSP1,inhibitor,B,Cc1cccc(Cc2cc(Cc3ccc(F)c(OP(=O)(O)O)c3)c(C)cn2)c1,Cc1cccc(Cc2cc(Cc3ccc(F)c(OP(=O)(O)O)c3)c(C)cn2)c1,48,2.668910264968872,dusp1_cfd_pos
dusp1_inhibitor,DUSP1,inhibitor,B,CN(C)C(=O)c1ccc(-c2onc(-c3ccccc3)c2COP(=O)(O)O)cc1,CN(C)C(=O)c1ccc(-c2onc(-c3ccccc3)c2COP(=O)(O)O)cc1,49,2.669304370880127,dusp1_cfd_pos
dusp1_inhibitor,DUSP1,inhibitor,B,O=C(O)C1=C(O)C=C(c2ccc(F)cc2)C=C(Nc2ccc(F)cc2)N1,O=C(O)C1=C(O)C=C(c2ccc(F)cc2)C=C(Nc2ccc(F)cc2)N1,50,2.674367666244507,dusp1_cfd_pos
dusp1_inhibitor,DUSP1,inhibitor,B,O=c1oc2ccccc2c(O)c1-c1nc(S(=O)(=O)O)cc2ccccc12,O=c1oc2ccccc2c(O)c1-c1nc(S(=O)(=O)O)cc2ccccc12,51,2.6760525703430176,dusp1_cfd_pos
dusp1_inhibitor,DUSP1,inhibitor,B,O=C(O)c1ccc2ccc(C(=O)NCc3ccc4c(c3)OCCO4)cc2c1,O=C(O)c1ccc2ccc(C(=O)NCc3ccc4c(c3)OCCO4)cc2c1,52,2.676134824752808,dusp1_cfd_pos
dusp1_inhibitor,DUSP1,inhibitor,B,Nc1ncc2c(-n3c(=O)[nH]c4c([N+](=O)O)cc(-c5ccc(F)cc5)cc43)c[nH]c2n1,Nc1ncc2c(-n3c(=O)[nH]c4c([N+](=O)O)cc(-c5ccc(F)cc5)cc43)c[nH]c2n1,53,2.6775994300842285,dusp1_cfd_pos
dusp1_inhibitor,DUSP1,inhibitor,B,O=C(O)C1=C(O)C2c3cccc4cccc(c34)CC2C(c2ccccc2)=N1,O=C(O)C1=C(O)C2c3cccc4cccc(c34)CC2C(c2ccccc2)=N1,54,2.6800456047058105,dusp1_cfd_pos
dusp1_inhibitor,DUSP1,inhibitor,B,Cc1ccc2nc(C(NC3=C4C=NC(=O)N=C4N=C3)OP(=O)(O)O)nc-2cc1,Cc1ccc2nc(C(NC3=C4C=NC(=O)N=C4N=C3)OP(=O)(O)O)nc-2cc1,55,2.6828463077545166,dusp1_cfd_pos
dusp1_inhibitor,DUSP1,inhibitor,B,O=C(O)C1Nc2nc3ccccc3nc2NC(Cc2ccccc2F)N1,O=C(O)C1Nc2nc3ccccc3nc2NC(Cc2ccccc2F)N1,56,2.683232545852661,dusp1_cfd_pos
dusp1_inhibitor,DUSP1,inhibitor,B,CCNC(=O)c1ccc(C=CC(=O)Nc2n[nH]c(OP(=O)(O)O)c2-c2ccc(F)cc2)cc1,CCNC(=O)c1ccc(C=CC(=O)Nc2n[nH]c(OP(=O)(O)O)c2-c2ccc(F)cc2)cc1,57,2.6838033199310303,dusp1_cfd_pos
dusp1_inhibitor,DUSP1,inhibitor,B,Cc1ncnc(C2CN(c3cccc4ccccc34)CC2COP(=O)(O)O)c1C,Cc1ncnc(C2CN(c3cccc4ccccc34)CC2COP(=O)(O)O)c1C,58,2.69063138961792,dusp1_cfd_pos
dusp1_inhibitor,DUSP1,inhibitor,B,O=C(O)c1cc(-c2c(Cc3cc(=O)[nH]c4cc(O)ccc34)[nH]c3cc(O)ccc23)o[nH+]1,O=C(O)c1cc(-c2c(Cc3cc(=O)[nH]c4cc(O)ccc34)[nH]c3cc(O)ccc23)o[nH+]1,59,2.696732759475708,dusp1_cfd_pos
dusp1_inhibitor,DUSP1,inhibitor,B,O=[SH](O)(O)c1nc(-c2ccc(F)cc2)c2oc3ccccc3c2c1O,O=[SH](O)(O)c1nc(-c2ccc(F)cc2)c2oc3ccccc3c2c1O,60,2.700889825820923,dusp1_cfd_pos
dusp1_inhibitor,DUSP1,inhibitor,B,O=C(O)C(Oc1cccc(-c2ccccc2)c1O)c1ccc2ccccc2n1,O=C(O)C(Oc1cccc(-c2ccccc2)c1O)c1ccc2ccccc2n1,61,2.7057078,dusp1_cfd_pos
dusp1_inhibitor,DUSP1,inhibitor,B,Cc1cccc(CCc2cc(OP(=O)(O)O)c3[nH]c4c(N)nccc4c3c2)c1,Cc1cccc(CCc2cc(OP(=O)(O)O)c3[nH]c4c(N)nccc4c3c2)c1,62,2.709312677383423,dusp1_cfd_pos
dusp1_inhibitor,DUSP1,inhibitor,B,Cc1cnc(Nc2nonc2-c2ccc(-c3ncccn3)cc2)c(NCC(=O)O)c1,Cc1cnc(Nc2nonc2-c2ccc(-c3ncccn3)cc2)c(NCC(=O)O)c1,63,2.712794780731201,dusp1_cfd_pos
dusp1_inhibitor,DUSP1,inhibitor,B,O=C(O)C1=Cc2c(ccc(O)c2O)Oc2ccc(-c3ccccc3)cc21,O=C(O)C1=Cc2c(ccc(O)c2O)Oc2ccc(-c3ccccc3)cc21,64,2.717665672302246,dusp1_cfd_pos
dusp1_inhibitor,DUSP1,inhibitor,B,O=P(O)(O)OCN=c1[nH]cnc2c1CN(Cc1cccc(F)c1)CCO2,O=P(O)(O)OCN=c1[nH]cnc2c1CN(Cc1cccc(F)c1)CCO2,65,2.7181115,dusp1_cfd_pos
dusp1_inhibitor,DUSP1,inhibitor,B,O=C(O)c1[nH+]cc(-c2c[nH]c3ccccc23)cc1-c1ccccc1,O=C(O)c1[nH+]cc(-c2c[nH]c3ccccc23)cc1-c1ccccc1,66,2.723309278488159,dusp1_cfd_pos
dusp1_inhibitor,DUSP1,inhibitor,B,Nc1c[nH]c2c(ccc3c(-c4ccc(O)c(O)c4)c(OS(=O)(=O)O)nc32)c1,Nc1c[nH]c2c(ccc3c(-c4ccc(O)c(O)c4)c(OS(=O)(=O)O)nc32)c1,67,2.731606960296631,dusp1_cfd_pos
dusp1_inhibitor,DUSP1,inhibitor,B,O=c1c2c([nH]c3ccccc13)-c1ccccc1-c1ccc([N+](=O)O)cc1N2,O=c1c2c([nH]c3ccccc13)-c1ccccc1-c1ccc([N+](=O)O)cc1N2,68,2.732205390930176,dusp1_cfd_pos
dusp1_inhibitor,DUSP1,inhibitor,B,Nc1cccc(-c2c(O)c([N+](=O)O)cn(Cc3ccc(OCC4CCNCC4)cc3)c2=O)c1,Nc1cccc(-c2c(O)c([N+](=O)O)cn(Cc3ccc(OCC4CCNCC4)cc3)c2=O)c1,69,2.738253593444824,dusp1_cfd_pos
dusp1_inhibitor,DUSP1,inhibitor,B,O=C(O)c1cc(-c2ccccc2)c(OCCn2cnnn2)c(-c2ccc(Cl)cc2)n1,O=C(O)c1cc(-c2ccccc2)c(OCCn2cnnn2)c(-c2ccc(Cl)cc2)n1,70,2.7382853031158447,dusp1_cfd_pos
dusp1_inhibitor,DUSP1,inhibitor,B,Cc1nc2c(N)ncnc2c2nn(-c3ccc(-c4ccccc4)cc3)c(COP(=O)(O)O)c12,Cc1nc2c(N)ncnc2c2nn(-c3ccc(-c4ccccc4)cc3)c(COP(=O)(O)O)c12,71,2.7402279376983643,dusp1_cfd_pos
dusp1_inhibitor,DUSP1,inhibitor,B,COc1ccc(C2=C(COP(=O)(O)O)N=C3C(=O)N=CN=C32)cc1,COc1ccc(C2=C(COP(=O)(O)O)N=C3C(=O)N=CN=C32)cc1,72,2.747966051101685,dusp1_cfd_pos
dusp1_inhibitor,DUSP1,inhibitor,B,O=C(c1ccc2ncncc2c1)C(COP(=O)(O)O)ONCc1ccc(F)c(F)c1,O=C(c1ccc2ncncc2c1)C(COP(=O)(O)O)ONCc1ccc(F)c(F)c1,73,2.752333164215088,dusp1_cfd_pos
dusp1_inhibitor,DUSP1,inhibitor,B,Cc1ccccc1N1CC(CCn2cnc(N)c3ncnc2-3)C(OP(=O)(O)O)C1,Cc1ccccc1N1CC(CCn2cnc(N)c3ncnc2-3)C(OP(=O)(O)O)C1,74,2.7563052,dusp1_cfd_pos
dusp1_inhibitor,DUSP1,inhibitor,B,Cc1ccc(-c2cc(C(=O)O)cc(N=CCCCc3nn[nH]n3)[nH+]2)cc1,Cc1ccc(-c2cc(C(=O)O)cc(N=CCCCc3nn[nH]n3)[nH+]2)cc1,75,2.759727478027344,dusp1_cfd_pos
dusp1_inhibitor,DUSP1,inhibitor,B,CC(=O)Oc1ccc(-c2cc([SH](=O)(O)O)nc(-c3ccc(F)cc3F)n2)cc1,CC(=O)Oc1ccc(-c2cc([SH](=O)(O)O)nc(-c3ccc(F)cc3F)n2)cc1,76,2.7602155208587646,dusp1_cfd_pos
dusp1_inhibitor,DUSP1,inhibitor,B,Cc1ccc(-c2cc(C(CP(=O)(O)O)c3cccc(-c4n[nH+]cn4C)c3)[nH]n2)cc1,Cc1ccc(-c2cc(C(CP(=O)(O)O)c3cccc(-c4n[nH+]cn4C)c3)[nH]n2)cc1,77,2.7636425495147705,dusp1_cfd_pos
dusp1_inhibitor,DUSP1,inhibitor,B,Cc1cccc(Cn2c(OP(=O)(O)O)nc3c(C)c(C)ccc32)n1,Cc1cccc(Cn2c(OP(=O)(O)O)nc3c(C)c(C)ccc32)n1,78,2.772635698318481,dusp1_cfd_pos
dusp1_inhibitor,DUSP1,inhibitor,B,O=P(O)(O)Oc1cc(-c2ccc3c(c2)CCN3)cc2c1C=[N+]1C2=[NH+]c2ccccc21,O=P(O)(O)Oc1cc(-c2ccc3c(c2)CCN3)cc2c1C=[N+]1C2=[NH+]c2ccccc21,79,2.7743782997131348,dusp1_cfd_pos
dusp1_inhibitor,DUSP1,inhibitor,B,O=[SH](O)(O)Oc1nc2nccn2c2ccc(-c3ccc(F)cc3)cc12,O=[SH](O)(O)Oc1nc2nccn2c2ccc(-c3ccc(F)cc3)cc12,80,2.777477741241455,dusp1_cfd_pos
dusp1_inhibitor,DUSP1,inhibitor,B,Nc1nc2n3c(cnc-2c(=O)n1)C(c1ccccc1)CC(OP(=O)(O)O)C3,Nc1nc2n3c(cnc-2c(=O)n1)C(c1ccccc1)CC(OP(=O)(O)O)C3,81,2.7797205448150635,dusp1_cfd_pos
dusp1_inhibitor,DUSP1,inhibitor,B,O=C(O)c1cc(-c2cc[nH]c2Cc2ccc[nH+]c2)cc(-c2ccccc2)[nH+]1,O=C(O)c1cc(-c2cc[nH]c2Cc2ccc[nH+]c2)cc(-c2ccccc2)[nH+]1,82,2.7897303104400635,dusp1_cfd_pos
dusp1_inhibitor,DUSP1,inhibitor,B,COc1ccc(Cc2c(OP(=O)(O)O)n(C)c3nc(C)ccc23)cc1,COc1ccc(Cc2c(OP(=O)(O)O)n(C)c3nc(C)ccc23)cc1,83,2.790593147277832,dusp1_cfd_pos
dusp1_inhibitor,DUSP1,inhibitor,B,Nc1nc2n(COP(=O)(O)O)c3ccc4ccccc4c3nc-2c(=O)n1,Nc1nc2n(COP(=O)(O)O)c3ccc4ccccc4c3nc-2c(=O)n1,84,2.7930703163146973,dusp1_cfd_pos
dusp1_inhibitor,DUSP1,inhibitor,B,O=C(O)C=Cc1cc(O)ccc1C(=O)Nc1cccc(Nc2ccccn2)c1,O=C(O)C=Cc1cc(O)ccc1C(=O)Nc1cccc(Nc2ccccn2)c1,85,2.793903350830078,dusp1_cfd_pos
dusp1_inhibitor,DUSP1,inhibitor,B,CC(=O)NC1CCN(Cc2cc(Oc3ccc(F)cc3)cc([SH](=O)(O)O)n2)C1,CC(=O)NC1CCN(Cc2cc(Oc3ccc(F)cc3)cc([SH](=O)(O)O)n2)C1,86,2.795102834701538,dusp1_cfd_pos
dusp1_inhibitor,DUSP1,inhibitor,B,Cn1ncc2cc(CN(COP(=O)(O)O)Cc3ccc(N)cc3)cnc21,Cn1ncc2cc(CN(COP(=O)(O)O)Cc3ccc(N)cc3)cnc21,87,2.8028063774108887,dusp1_cfd_pos
dusp1_inhibitor,DUSP1,inhibitor,B,O=C(NC(Cc1ccc2ncccc2c1)C(=O)O)C1CCN(Cc2ccccc2)C1,O=C(NC(Cc1ccc2ncccc2c1)C(=O)O)C1CCN(Cc2ccccc2)C1,88,2.803469181060791,dusp1_cfd_pos
dusp1_inhibitor,DUSP1,inhibitor,B,CN(Cc1ccc2cc([SH](=O)(O)O)cnc2c1)c1ccc(-c2cccnc2)cc1,CN(Cc1ccc2cc([SH](=O)(O)O)cnc2c1)c1ccc(-c2cccnc2)cc1,89,2.8103365898132324,dusp1_cfd_pos
dusp1_inhibitor,DUSP1,inhibitor,B,Cc1cccc2nc3c(-c4cc[n+](O)cc4)cc(C(=O)O)cc3[nH+]c12,Cc1cccc2nc3c(-c4cc[n+](O)cc4)cc(C(=O)O)cc3[nH+]c12,90,2.8201504,dusp1_cfd_pos
dusp1_inhibitor,DUSP1,inhibitor,B,COc1ccc(Nc2nc3cnc4ccccc4c3nc2OP(=O)(O)O)cc1,COc1ccc(Nc2nc3cnc4ccccc4c3nc2OP(=O)(O)O)cc1,91,2.833749532699585,dusp1_cfd_pos
dusp1_inhibitor,DUSP1,inhibitor,B,O=C(Oc1ccccc1)c1cc2ccccc2cc1OP(=O)(O)O,O=C(Oc1ccccc1)c1cc2ccccc2cc1OP(=O)(O)O,92,2.8343026638031006,dusp1_cfd_pos
dusp1_inhibitor,DUSP1,inhibitor,B,Cc1ccc(N(c2cccc([SH](=O)(O)O)c2)c2ccccn2)cc1,Cc1ccc(N(c2cccc([SH](=O)(O)O)c2)c2ccccn2)cc1,93,2.8356056,dusp1_cfd_pos
dusp1_inhibitor,DUSP1,inhibitor,B,O=C(O)c1cc(N2CCC([SH](=O)(O)O)C2)c2ccc3ccccc3c2c1,O=C(O)c1cc(N2CCC([SH](=O)(O)O)C2)c2ccc3ccccc3c2c1,94,2.8385462760925293,dusp1_cfd_pos
dusp1_inhibitor,DUSP1,inhibitor,B,O=C(O)c1cccc(-c2cc(-c3ccccc3)cc(C(=O)O)n2)c1,O=C(O)c1cccc(-c2cc(-c3ccccc3)cc(C(=O)O)n2)c1,95,2.85508131980896,dusp1_cfd_pos
dusp1_inhibitor,DUSP1,inhibitor,B,O=P(O)(O)ONC(c1ccc(O)c(O)c1)c1ccc2ccccc2c1,O=P(O)(O)ONC(c1ccc(O)c(O)c1)c1ccc2ccccc2c1,96,2.856464147567749,dusp1_cfd_pos
dusp1_inhibitor,DUSP1,inhibitor,B,O=P(O)(O)C1CC(c2ccc(F)cc2)Oc2cc3ccccc3cc2N1,O=P(O)(O)C1CC(c2ccc(F)cc2)Oc2cc3ccccc3cc2N1,97,2.898344755172729,dusp1_cfd_pos
perp_pocket3_alphaC,PERP,inhibitor,A,O=C(NC1CCCC1)C1=CN=C(Nc2ccccc2)c2ccccc2N1,O=C(NC1CCCC1)C1=CN=C(Nc2ccccc2)c2ccccc2N1,0,0.8743287920951843,perp_pocket3_iptm
perp_pocket3_alphaC,PERP,inhibitor,A,Cn1c(N)ncc2[n+](-c3cc(-c4ccccc4)c(-c4ccccc4)[nH+]n3)cnc1-2,Cn1c(N)ncc2[n+](-c3cc(-c4ccccc4)c(-c4ccccc4)[nH+]n3)cnc1-2,1,0.8491348028182983,perp_pocket3_iptm
perp_pocket3_alphaC,PERP,inhibitor,A,OC(=NC1CCCNCC1)c1nc2ccccc2nc1Nc1ccc(F)cc1,OC(=NC1CCCNCC1)c1nc2ccccc2nc1Nc1ccc(F)cc1,2,0.8364629149436951,perp_pocket3_iptm
perp_pocket3_alphaC,PERP,inhibitor,A,Cc1nccn1CC(=O)Nc1cc(C(=O)Nc2ccccc2)nc2ccccc12,Cc1nccn1CC(=O)Nc1cc(C(=O)Nc2ccccc2)nc2ccccc12,3,0.8228095769882202,perp_pocket3_iptm
perp_pocket3_alphaC,PERP,inhibitor,A,O=C(O)c1c(O)cnc2c1nc(-c1ccccc1)c1ccccc12,O=C(O)c1c(O)cnc2c1nc(-c1ccccc1)c1ccccc12,4,0.8107557892799377,perp_pocket3_iptm
perp_pocket3_alphaC,PERP,inhibitor,A,COc1ccc(-c2ncc3c(=O)nc[nH]c3c2-c2ccc(O)cc2)cc1,COc1ccc(-c2ncc3c(=O)nc[nH]c3c2-c2ccc(O)cc2)cc1,5,0.7788813710212708,perp_pocket3_iptm
perp_pocket3_alphaC,PERP,inhibitor,A,O=C(O)c1n[n+]2c(=O)nc3c4ccccc4c4c5ccccc5n1c2c34,O=C(O)c1n[n+]2c(=O)nc3c4ccccc4c4c5ccccc5n1c2c34,6,0.7656671404838562,perp_pocket3_iptm
perp_pocket3_alphaC,PERP,inhibitor,A,O=C1COc2ccccc2C1n1c(=O)c2cncnc2c2ccccc21,O=C1COc2ccccc2C1n1c(=O)c2cncnc2c2ccccc21,7,0.7583252191543579,perp_pocket3_iptm
perp_pocket3_alphaC,PERP,inhibitor,A,O=C(NC(c1ccccc1)c1ncc2ccnnc2n1)c1ccccc1,O=C(NC(c1ccccc1)c1ncc2ccnnc2n1)c1ccccc1,8,0.7484119534492493,perp_pocket3_iptm
perp_pocket3_alphaC,PERP,inhibitor,A,COc1ccccc1N=Cn1cccc1-c1cnc2nccnc2c1,COc1ccccc1N=Cn1cccc1-c1cnc2nccnc2c1,9,0.7423195838928223,perp_pocket3_iptm
perp_pocket3_alphaC,PERP,inhibitor,A,Nc1ncc2cnc3c(OCc4cccnc4)cccc3c2n1,Nc1ncc2cnc3c(OCc4cccnc4)cccc3c2n1,10,0.7386312484741211,perp_pocket3_iptm
perp_pocket3_alphaC,PERP,inhibitor,A,Fc1ccc(C[n+]2nc(NCc3ccc[nH+]c3)c3c4ccccc4ncnc2-3)cc1,Fc1ccc(C[n+]2nc(NCc3ccc[nH+]c3)c3c4ccccc4ncnc2-3)cc1,11,0.7351309657096863,perp_pocket3_iptm
perp_pocket3_alphaC,PERP,inhibitor,A,O=C1N=CN=C2C1=Cc1c2nnc(-c2ccccc2)c1OC1CCCCC1,O=C1N=CN=C2C1=Cc1c2nnc(-c2ccccc2)c1OC1CCCCC1,12,0.7151286005973816,perp_pocket3_iptm
perp_pocket3_alphaC,PERP,inhibitor,A,O=S(=O)(c1cc(Cc2ccccc2)n(Cc2ccccc2)n1)N1CCOCC1,O=S(=O)(c1cc(Cc2ccccc2)n(Cc2ccccc2)n1)N1CCOCC1,13,0.6972905993461609,perp_pocket3_iptm
perp_pocket3_alphaC,PERP,inhibitor,A,C(Cc1cccc[nH+]1)=NNc1cc[n+](C2CCNCC2)c2ccccc12,C(Cc1cccc[nH+]1)=NNc1cc[n+](C2CCNCC2)c2ccccc12,14,0.6721158027648926,perp_pocket3_iptm
perp_pocket3_alphaC,PERP,inhibitor,A,O=C1NCCc2cccc(c2)COC2COCCN(C2)C(=O)c2nc1cs2,O=C1NCCc2cccc(c2)COC2COCCN(C2)C(=O)c2nc1cs2,15,0.6673712730407715,perp_pocket3_iptm
perp_pocket3_alphaC,PERP,inhibitor,A,O=C(NCc1ccc(O)cn1)C(Cc1ccccc1)NCc1ccccc1,O=C(NCc1ccc(O)cn1)C(Cc1ccccc1)NCc1ccccc1,16,0.6377255916595459,perp_pocket3_iptm
perp_pocket3_alphaC,PERP,inhibitor,A,O=C(Nc1ccc2[nH]nnc2c1)c1[nH+]c2ccccc2c2ccccc12,O=C(Nc1ccc2[nH]nnc2c1)c1[nH+]c2ccccc2c2ccccc12,17,0.6178709864616394,perp_pocket3_iptm
perp_pocket3_alphaC,PERP,inhibitor,A,COc1cnccc1C(=O)N(C)CCOc1ccccc1-c1ccccc1,COc1cnccc1C(=O)N(C)CCOc1ccccc1-c1ccccc1,18,0.6141970753669739,perp_pocket3_iptm
perp_pocket3_alphaC,PERP,inhibitor,A,Cc1ccc2nc3n(-c4ccccc4)c(=O)c(Cc4cnccn4)nn3c2c1,Cc1ccc2nc3n(-c4ccccc4)c(=O)c(Cc4cnccn4)nn3c2c1,19,0.6100761294364929,perp_pocket3_iptm
perp_pocket3_alphaC,PERP,inhibitor,A,Cc1cccc(-n2cc(-c3nncn3C)c(-c3ccccc3)n2)n1,Cc1cccc(-n2cc(-c3nncn3C)c(-c3ccccc3)n2)n1,20,0.6034044027328491,perp_pocket3_iptm
perp_pocket3_alphaC,PERP,inhibitor,A,Cn1c(=O)[nH]c(=O)c2nc3sc4cc(C#CCCCCOc5ccccc5)ccc4n3c21,Cn1c(=O)[nH]c(=O)c2nc3sc4cc(C#CCCCCOc5ccccc5)ccc4n3c21,21,0.601816713809967,perp_pocket3_iptm
perp_pocket3_alphaC,PERP,inhibitor,A,CC(C)(C)c1cc(C(=O)N2CCCC2)nc(Cc2ccccc2)n1,CC(C)(C)c1cc(C(=O)N2CCCC2)nc(Cc2ccccc2)n1,22,0.5890084505081177,perp_pocket3_iptm
perp_pocket3_alphaC,PERP,inhibitor,A,O=C(O)CCc1c(CC(=O)O)c2cccccc-2[n+]1-c1ccc(F)cc1,O=C(O)CCc1c(CC(=O)O)c2cccccc-2[n+]1-c1ccc(F)cc1,23,0.5840681791305542,perp_pocket3_iptm
perp_pocket3_alphaC,PERP,inhibitor,A,CC(C)(C)n1cc(C(=O)NCc2cc(F)c[nH]2)c(-c2[nH+]ccc3ccccc23)[nH+]1,CC(C)(C)n1cc(C(=O)NCc2cc(F)c[nH]2)c(-c2[nH+]ccc3ccccc23)[nH+]1,24,0.5816906094551086,perp_pocket3_iptm
perp_pocket3_alphaC,PERP,inhibitor,A,Nc1ccc(-n2c3cc(O)ccc3c3cc4c(=O)cccc-4cnc32)cc1,Nc1ccc(-n2c3cc(O)ccc3c3cc4c(=O)cccc-4cnc32)cc1,25,0.5626330971717834,perp_pocket3_iptm
perp_pocket3_alphaC,PERP,inhibitor,A,Cc1cc(C(c2ccccc2)N2CCCNCC2)n(-c2ccccc2)n1,Cc1cc(C(c2ccccc2)N2CCCNCC2)n(-c2ccccc2)n1,26,0.556881844997406,perp_pocket3_iptm
perp_pocket3_alphaC,PERP,inhibitor,A,COc1ccc(COc2c3ccccc3nc3c(N)ncnc23)cc1,COc1ccc(COc2c3ccccc3nc3c(N)ncnc23)cc1,27,0.5385376214981079,perp_pocket3_iptm
perp_pocket3_alphaC,PERP,inhibitor,A,Oc1ccccc1-c1nc2[nH]cnc(N=Cc3ccccc3)c-2n1,Oc1ccccc1-c1nc2[nH]cnc(N=Cc3ccccc3)c-2n1,28,0.5266430974006653,perp_pocket3_iptm
perp_pocket3_alphaC,PERP,inhibitor,A,O=C1c2ccccc2CCN1c1ccc(-c2ncnc(O)c2O)cc1,O=C1c2ccccc2CCN1c1ccc(-c2ncnc(O)c2O)cc1,29,0.4901910126209259,perp_pocket3_iptm
perp_pocket3_alphaC,PERP,inhibitor,A,Oc1ccccc1F.c1ccc(-[n+]2c3nccccc-3c3cnc[nH+]c32)cc1,Oc1ccccc1F.c1ccc(-[n+]2c3nccccc-3c3cnc[nH+]c32)cc1,30,0.4802744388580322,perp_pocket3_iptm
perp_pocket3_alphaC,PERP,inhibitor,A,Cn1c(=O)c2nc(-c3cnc4ccccc4c3)cnc2n(Cc2ccccc2)c1=O,Cn1c(=O)c2nc(-c3cnc4ccccc4c3)cnc2n(Cc2ccccc2)c1=O,31,0.4579988420009613,perp_pocket3_iptm
perp_pocket3_alphaC,PERP,inhibitor,A,O=c1c2ccccc2nc(Nc2ccccc2)n1O.Oc1ccccc1,O=c1c2ccccc2nc(Nc2ccccc2)n1O.Oc1ccccc1,32,0.4579620957374573,perp_pocket3_iptm
perp_pocket3_alphaC,PERP,inhibitor,A,Cn1c(C(=O)OCc2c3ccc(=O)[nH+]c-3[nH]c3ccccc23)cc2ccccc21,Cn1c(C(=O)OCc2c3ccc(=O)[nH+]c-3[nH]c3ccccc23)cc2ccccc21,33,0.4572163224220276,perp_pocket3_iptm
perp_pocket3_alphaC,PERP,inhibitor,A,O=C(c1ccccc1)[n+]1ccc(O)c(O)n1.c1ccc(-c2ccccc2)cc1,O=C(c1ccccc1)[n+]1ccc(O)c(O)n1.c1ccc(-c2ccccc2)cc1,34,0.4554233849048614,perp_pocket3_iptm
perp_pocket3_alphaC,PERP,inhibitor,A,CC(C)N1NN(Cc2nc3ccccc3[nH+]c2-c2ccccc2)c2ncncc21,CC(C)N1NN(Cc2nc3ccccc3[nH+]c2-c2ccccc2)c2ncncc21,35,0.4058276414871216,perp_pocket3_iptm
perp_pocket3_alphaC,PERP,inhibitor,A,CN1CCCC(c2ccccc2-c2nnc(=O)c3c[nH]cnc2-3)C1,CN1CCCC(c2ccccc2-c2nnc(=O)c3c[nH]cnc2-3)C1,36,0.4001249372959137,perp_pocket3_iptm
perp_pocket3_alphaC,PERP,inhibitor,A,c1ccc(CNc2cccnc2-n2nnnn2)cc1.c1ccc2ccccc2c1,c1ccc(CNc2cccnc2-n2nnnn2)cc1.c1ccc2ccccc2c1,37,0.3787279725074768,perp_pocket3_iptm
perp_pocket3_alphaC,PERP,inhibitor,A,CN1CCC(n2ccc(-c3c[nH]c(=O)c4ncnc(-c5ccccc5)c34)[nH+]2)C1,CN1CCC(n2ccc(-c3c[nH]c(=O)c4ncnc(-c5ccccc5)c34)[nH+]2)C1,38,0.317837119102478,perp_pocket3_iptm
perp_pocket3_alphaC,PERP,inhibitor,A,O=c1ncn(Cc2ccccc2)c2cnc3c4c(ccc3c12)CCO4,O=c1ncn(Cc2ccccc2)c2cnc3c4c(ccc3c12)CCO4,39,0.3173344433307647,perp_pocket3_iptm
perp_genmol_hop,PERP,binder,A,CC(O)c1ccc(NS(=O)(=O)C2CCOCC2)cc1,CC(O)c1ccc(NS(=O)(=O)C2CCOCC2)cc1,0,2.1577,perp_selectivity_z
perp_genmol_hop,PERP,binder,A,C/C=C\c1ccc(NS(=O)(=O)C2CCOCC2)cc1,C/C=C\c1ccc(NS(=O)(=O)C2CCOCC2)cc1,1,1.7993,perp_selectivity_z
perp_genmol_hop,PERP,binder,A,CC#Cc1ccc(NS(=O)(=O)C2CCOCC2)cc1,CC#Cc1ccc(NS(=O)(=O)C2CCOCC2)cc1,2,1.7271,perp_selectivity_z
perp_genmol_hop,PERP,binder,A,O=[N+]c1ccc(NS(=O)(=O)C2CCOCC2)cc1,O=[N+]c1ccc(NS(=O)(=O)C2CCOCC2)cc1,3,1.7076,perp_selectivity_z
perp_genmol_hop,PERP,binder,A,O=C(O)c1ccc(S(=O)(=O)N2CCCC2)cc1,O=C(O)c1ccc(S(=O)(=O)N2CCCC2)cc1,4,1.645,perp_selectivity_z
perp_genmol_hop,PERP,binder,A,N#CCc1ccc(NS(=O)(=O)C2CCOCC2)cc1,N#CCc1ccc(NS(=O)(=O)C2CCOCC2)cc1,5,1.2142,perp_selectivity_z
perp_genmol_hop,PERP,binder,A,CC=Nc1ccc(NS(=O)(=O)C2CCOCC2)cc1,CC=Nc1ccc(NS(=O)(=O)C2CCOCC2)cc1,6,0.9399,perp_selectivity_z
perp_genmol_hop,PERP,binder,A,CC(N)c1ccc(NS(=O)(=O)C2CCOCC2)cc1,CC(N)c1ccc(NS(=O)(=O)C2CCOCC2)cc1,7,0.93,perp_selectivity_z
perp_genmol_hop,PERP,binder,A,CC[CH]Cc1ccc(NS(=O)(=O)C2CCOCC2)cc1,CC[CH]Cc1ccc(NS(=O)(=O)C2CCOCC2)cc1,8,0.5452,perp_selectivity_z
perp_genmol_hop,PERP,binder,A,O=S(=O)(Nc1ncccc1F)C1CCOCC1,O=S(=O)(Nc1ncccc1F)C1CCOCC1,9,0.5386,perp_selectivity_z
perp_genmol_hop,PERP,binder,A,Cc1ccccc1NS(=O)(=O)N1CCCC1,Cc1ccccc1NS(=O)(=O)N1CCCC1,10,0.3925,perp_selectivity_z
perp_genmol_hop,PERP,binder,A,CC(C)Nc1ccc(NS(=O)(=O)C2CCOCC2)cc1,CC(C)Nc1ccc(NS(=O)(=O)C2CCOCC2)cc1,11,0.2992,perp_selectivity_z
perp_genmol_hop,PERP,binder,A,COCc1ccc(NS(=O)(=O)C2CCOCC2)cc1,COCc1ccc(NS(=O)(=O)C2CCOCC2)cc1,12,0.2789,perp_selectivity_z
perp_genmol_hop,PERP,binder,A,C=C(C)c1ccc(NS(=O)(=O)C2CCOCC2)cc1,C=C(C)c1ccc(NS(=O)(=O)C2CCOCC2)cc1,13,0.1525,perp_selectivity_z
perp_genmol_hop,PERP,binder,A,C=CNc1ccc(NS(=O)(=O)C2CCOCC2)cc1,C=CNc1ccc(NS(=O)(=O)C2CCOCC2)cc1,14,0.0377,perp_selectivity_z
perp_genmol_hop,PERP,binder,A,O=S(=O)(c1n[nH]cc1Br)C1CCOCC1,O=S(=O)(c1n[nH]cc1Br)C1CCOCC1,15,0.0168,perp_selectivity_z
perp_genmol_hop,PERP,binder,A,O=S(=O)(Nc1ccccc1F)C1CCOCC1,O=S(=O)(Nc1ccccc1F)C1CCOCC1,16,-0.0924,perp_selectivity_z
perp_genmol_hop,PERP,binder,A,Cc1ccc(NS(=O)(=O)C2CCOCC2)cc1,Cc1ccc(NS(=O)(=O)C2CCOCC2)cc1,17,-0.1383,perp_selectivity_z
perp_genmol_hop,PERP,binder,A,N#Cc1ccc(NS(=O)(=O)C2CCOCC2)cc1,N#Cc1ccc(NS(=O)(=O)C2CCOCC2)cc1,18,-0.1425,perp_selectivity_z
perp_genmol_hop,PERP,binder,A,CC(C)c1ccc(S(=O)(=O)N2CCNC2)cc1,CC(C)c1ccc(S(=O)(=O)N2CCNC2)cc1,19,-0.4239,perp_selectivity_z
perp_genmol_hop,PERP,binder,A,CNCc1ccc(S(=O)(=O)N2CCCC2)cc1,CNCc1ccc(S(=O)(=O)N2CCCC2)cc1,20,-0.4764,perp_selectivity_z
perp_genmol_hop,PERP,binder,A,O=S(=O)(Nc1ccccc1Cl)C1CCOCC1,O=S(=O)(Nc1ccccc1Cl)C1CCOCC1,21,-0.5549,perp_selectivity_z
perp_genmol_hop,PERP,binder,A,C=Cc1ccc(NS(=O)(=O)C2CCOCC2)cc1,C=Cc1ccc(NS(=O)(=O)C2CCOCC2)cc1,22,-0.6034,perp_selectivity_z
perp_genmol_hop,PERP,binder,A,CCc1ccc(NS(=O)(=O)C2CCOCC2)cc1,CCc1ccc(NS(=O)(=O)C2CCOCC2)cc1,23,-0.718,perp_selectivity_z
perp_genmol_hop,PERP,binder,A,C#[N+]c1ccc(NS(=O)(=O)C2CCOCC2)cc1,C#[N+]c1ccc(NS(=O)(=O)C2CCOCC2)cc1,24,-0.8006,perp_selectivity_z
perp_genmol_hop,PERP,binder,A,CC(C)c1ccc(NS(=O)(=O)C2CCOCC2)cc1,CC(C)c1ccc(NS(=O)(=O)C2CCOCC2)cc1,25,-0.8505,perp_selectivity_z
perp_genmol_hop,PERP,binder,A,O=S(=O)(Nc1ccccc1)C1CCOCC1,O=S(=O)(Nc1ccccc1)C1CCOCC1,26,-0.8881,perp_selectivity_z
perp_genmol_hop,PERP,binder,A,CC=Cc1ccc(NS(=O)(=O)C2CCOCC2)cc1,CC=Cc1ccc(NS(=O)(=O)C2CCOCC2)cc1,27,-0.9369,perp_selectivity_z
perp_genmol_hop,PERP,binder,A,O=S(=O)(Nc1ccc(C=NCl)cc1)C1CCOCC1,O=S(=O)(Nc1ccc(C=NCl)cc1)C1CCOCC1,28,-1.1215,perp_selectivity_z
perp_genmol_hop,PERP,binder,A,CCC(C)c1ccc(NS(=O)(=O)C2CCOCC2)cc1,CCC(C)c1ccc(NS(=O)(=O)C2CCOCC2)cc1,29,-1.5083,perp_selectivity_z
perp_genmol_hop,PERP,binder,A,CCCCc1ccc(NS(=O)(=O)C2CCOCC2)cc1,CCCCc1ccc(NS(=O)(=O)C2CCOCC2)cc1,30,-1.5891,perp_selectivity_z
perp_genmol_hop,PERP,binder,A,CC(O)c1ccc(S(=O)(=O)N2CCCC2)cc1,CC(O)c1ccc(S(=O)(=O)N2CCCC2)cc1,31,-1.6428,perp_selectivity_z
perp_genmol_hop,PERP,binder,A,O=C(Cl)c1ccc(NS(=O)(=O)C2CCOCC2)cc1,O=C(Cl)c1ccc(NS(=O)(=O)C2CCOCC2)cc1,32,-1.8949,perp_selectivity_z
smn2_splice_genmol_hop,SMN2,splicing,A,CCN1CCC(C(=O)Nc2cc3c(C)nc(C)cn3n2)CC1,CCN1CCC(C(=O)Nc2cc3c(C)nc(C)cn3n2)CC1,0,0.942,smn2_genmol_score
smn2_splice_genmol_hop,SMN2,splicing,A,Cc1cn2cc(NCN3CCN(C)CC3)cc(F)c2n1,Cc1cn2cc(NCN3CCN(C)CC3)cc(F)c2n1,1,0.92,smn2_genmol_score
smn2_splice_genmol_hop,SMN2,splicing,A,CC1(C)CC(Oc2ccc(-c3ccccc3O)nn2)CC(C)(C)N1,CC1(C)CC(Oc2ccc(-c3ccccc3O)nn2)CC(C)(C)N1,2,0.902,smn2_genmol_score
smn2_splice_genmol_hop,SMN2,splicing,A,Cc1ccc(-c2ccc(OC3CC(C)(C)NC(C)(C)C3)nn2)c(O)c1,Cc1ccc(-c2ccc(OC3CC(C)(C)NC(C)(C)C3)nn2)c(O)c1,3,0.888,smn2_genmol_score
smn2_splice_genmol_hop,SMN2,splicing,A,CN1CCN(c2ccc3nc(CC4=CC=CC=CC4)cc(=O)n3c2)CC1,CN1CCN(c2ccc3nc(CC4=CC=CC=CC4)cc(=O)n3c2)CC1,4,0.854,smn2_genmol_score
smn2_splice_genmol_hop,SMN2,splicing,A,CCN1CCC(c2cc(C)c3nccc(=O)n3c2)CC1,CCN1CCC(c2cc(C)c3nccc(=O)n3c2)CC1,5,0.84,smn2_genmol_score
smn2_splice_genmol_hop,SMN2,splicing,A,Cc1cn2cc(C(C)N3CCN(C)CC3)cc(F)c2n1,Cc1cn2cc(C(C)N3CCN(C)CC3)cc(F)c2n1,6,0.839,smn2_genmol_score
smn2_splice_genmol_hop,SMN2,splicing,A,CN1CCN(c2ccc3nc(C4CC4)cc(=O)n3c2)CC1,CN1CCN(c2ccc3nc(C4CC4)cc(=O)n3c2)CC1,7,0.834,smn2_genmol_score
smn2_splice_genmol_hop,SMN2,splicing,A,Cc1cn2cc(CN3CCN(C)CC3)cc(F)c2n1,Cc1cn2cc(CN3CCN(C)CC3)cc(F)c2n1,8,0.82,smn2_genmol_score
smn2_splice_genmol_hop,SMN2,splicing,A,CCc1cc(=O)n2cc(N3CCN(C)CC3)ccc2n1,CCc1cc(=O)n2cc(N3CCN(C)CC3)ccc2n1,9,0.818,smn2_genmol_score
smn2_splice_genmol_hop,SMN2,splicing,A,[C]c1cc2ccc(N3CCN(CC)[C@@H](C)C3)cc2oc1=O,[C]c1cc2ccc(N3CCN(CC)[C@@H](C)C3)cc2oc1=O,10,0.792,smn2_genmol_score
smn2_splice_genmol_hop,SMN2,splicing,A,CCN1CCN(c2ccc3ccc(=O)oc3c2)C[C@@H]1C,CCN1CCN(c2ccc3ccc(=O)oc3c2)C[C@@H]1C,11,0.786,smn2_genmol_score
smn2_splice_genmol_hop,SMN2,splicing,A,CCOc1ccc(-c2ccc(-c3cn[nH]c3)cc2O)nn1,CCOc1ccc(-c2ccc(-c3cn[nH]c3)cc2O)nn1,12,0.768,smn2_genmol_score
smn2_splice_genmol_hop,SMN2,splicing,A,COc1ccc(-c2ccc(-c3cn[nH]c3)cc2O)nn1,COc1ccc(-c2ccc(-c3cn[nH]c3)cc2O)nn1,13,0.761,smn2_genmol_score
smn2_splice_genmol_hop,SMN2,splicing,A,CC1(C)CC(OC(=O)c2ccc(-c3cn[nH]c3)cc2O)CC(C)(C)N1,CC1(C)CC(OC(=O)c2ccc(-c3cn[nH]c3)cc2O)CC(C)(C)N1,14,0.745,smn2_genmol_score
smn2_splice_genmol_hop,SMN2,splicing,A,CN1C=CC(F)=CC1COc1ccc(-c2ccc(-c3cn[nH]c3)cc2O)nn1,CN1C=CC(F)=CC1COc1ccc(-c2ccc(-c3cn[nH]c3)cc2O)nn1,15,0.707,smn2_genmol_score
smn2_splice_genmol_hop,SMN2,splicing,A,Cc1cn2cc(-c3cc(=O)n4cc(CO)ccc4n3)cc(F)c2n1,Cc1cn2cc(-c3cc(=O)n4cc(CO)ccc4n3)cc(F)c2n1,16,0.612,smn2_genmol_score
smn2_splice_genmol_hop,SMN2,splicing,A,Cc1cn2cc(-c3cc(=O)n4cc(O)ccc4n3)cc(F)c2n1,Cc1cn2cc(-c3cc(=O)n4cc(O)ccc4n3)cc(F)c2n1,17,0.585,smn2_genmol_score
smn2_splice_genmol_hop,SMN2,splicing,A,Cc1cn2cc(-c3cc(=O)n4cc(N)ccc4n3)cc(F)c2n1,Cc1cn2cc(-c3cc(=O)n4cc(N)ccc4n3)cc(F)c2n1,18,0.583,smn2_genmol_score
smn2_splice_genmol_hop,SMN2,splicing,A,CCNc1ccc2cc(-c3cn4cc(C)nc(C)c4n3)c(=O)oc2c1,CCNc1ccc2cc(-c3cn4cc(C)nc(C)c4n3)c(=O)oc2c1,19,0.58,smn2_genmol_score
smn2_splice_genmol_hop,SMN2,splicing,A,Cc1cn2nc(-c3cc(=O)n4cc(C5CCNCC5)cc(C)c4n3)cc2c(C)n1,Cc1cn2nc(-c3cc(=O)n4cc(C5CCNCC5)cc(C)c4n3)cc2c(C)n1,20,0.571,smn2_genmol_score
smn2_splice_genmol_hop,SMN2,splicing,A,CCOc1cc(C)c2nc(-c3cc4c(C)nc(C)cn4n3)cc(=O)n2c1,CCOc1cc(C)c2nc(-c3cc4c(C)nc(C)cn4n3)cc(=O)n2c1,21,0.568,smn2_genmol_score
smn2_splice_genmol_hop,SMN2,splicing,A,Cc1cn2nc(-c3cc(=O)n4cc(C5CCC[NH2+]C5)cc(C)c4n3)cc2c(C)n1,Cc1cn2nc(-c3cc(=O)n4cc(C5CCC[NH2+]C5)cc(C)c4n3)cc2c(C)n1,22,0.567,smn2_genmol_score
smn2_splice_genmol_hop,SMN2,splicing,A,Cc1cn2cc(-c3cc(=O)n4cc(S)ccc4n3)cc(F)c2n1,Cc1cn2cc(-c3cc(=O)n4cc(S)ccc4n3)cc(F)c2n1,23,0.547,smn2_genmol_score
smn2_splice_genmol_hop,SMN2,splicing,A,Cc1cn2cc(-c3cc(=O)n4cc(OCC5CCO5)ccc4n3)cc(F)c2n1,Cc1cn2cc(-c3cc(=O)n4cc(OCC5CCO5)ccc4n3)cc(F)c2n1,24,0.544,smn2_genmol_score
smn2_splice_genmol_hop,SMN2,splicing,A,Cc1cn2cc(-c3cc(=O)n4ccccc4n3)cc(F)c2n1,Cc1cn2cc(-c3cc(=O)n4ccccc4n3)cc(F)c2n1,25,0.542,smn2_genmol_score
smn2_splice_genmol_hop,SMN2,splicing,A,Cc1cn2cc(-c3cc(=O)n4cc(CCC[NH+]=O)ccc4n3)cc(F)c2n1,Cc1cn2cc(-c3cc(=O)n4cc(CCC[NH+]=O)ccc4n3)cc(F)c2n1,26,0.539,smn2_genmol_score
smn2_splice_genmol_hop,SMN2,splicing,A,CCOc1ccc2cc(-c3cn4cc(C)nc(C)c4n3)c(=O)oc2c1,CCOc1ccc2cc(-c3cn4cc(C)nc(C)c4n3)c(=O)oc2c1,27,0.536,smn2_genmol_score
smn2_splice_genmol_hop,SMN2,splicing,A,Cc1cn2cc(-c3cc4ccc(N5CCN[C@@H](C)C5)cc4oc3=O)nc2c(C)n1,Cc1cn2cc(-c3cc4ccc(N5CCN[C@@H](C)C5)cc4oc3=O)nc2c(C)n1,28,0.531,smn2_genmol_score
smn2_splice_genmol_hop,SMN2,splicing,A,Cc1cn2cc(-c3cc(=O)n4cc(C=O)ccc4n3)cc(F)c2n1,Cc1cn2cc(-c3cc(=O)n4cc(C=O)ccc4n3)cc(F)c2n1,29,0.531,smn2_genmol_score
smn2_splice_genmol_hop,SMN2,splicing,A,CC[NH+]1CCC(c2cc(C)c3nc(-c4cc5c(C)nc(C)cn5n4)cc(=O)n3c2)NC1,CC[NH+]1CCC(c2cc(C)c3nc(-c4cc5c(C)nc(C)cn5n4)cc(=O)n3c2)NC1,30,0.523,smn2_genmol_score
smn2_splice_genmol_hop,SMN2,splicing,A,Cc1cn2nc(-c3cc(=O)n4cc(C5CCN(C6=C[NH+]=C6)CC5)cc(C)c4n3)cc2c(C)n1,Cc1cn2nc(-c3cc(=O)n4cc(C5CCN(C6=C[NH+]=C6)CC5)cc(C)c4n3)cc2c(C)n1,31,0.522,smn2_genmol_score
smn2_splice_genmol_hop,SMN2,splicing,A,Cc1cn2cc(-c3cc4ccc(N5CCN(O)[C@@H](C)C5)cc4oc3=O)nc2c(C)n1,Cc1cn2cc(-c3cc4ccc(N5CCN(O)[C@@H](C)C5)cc4oc3=O)nc2c(C)n1,32,0.513,smn2_genmol_score
smn2_splice_genmol_hop,SMN2,splicing,A,[O-]c1cc(-c2cn[nH]c2)ccc1-c1ccc(OCCCCCS)nn1,[O-]c1cc(-c2cn[nH]c2)ccc1-c1ccc(OCCCCCS)nn1,33,0.479,smn2_genmol_score
jak2_inhibitor,JAK2,inhibitor,C,C1=CC(c2cc[nH+]c(Cc3ccc(N4CCCCCC4)cc3)n2)=CC2=CNC=NC2=C1,C1=CC(c2cc[nH+]c(Cc3ccc(N4CCCCCC4)cc3)n2)=CC2=CNC=NC2=C1,0,2.8432,jak2_cfd_pos
jak2_inhibitor,JAK2,inhibitor,C,O=S(=O)(c1ccccc1)c1ccc(NC2CCNC2)c(-c2ccc3ccccc3n2)n1,O=S(=O)(c1ccccc1)c1ccc(NC2CCNC2)c(-c2ccc3ccccc3n2)n1,1,2.8327,jak2_cfd_pos
jak2_inhibitor,JAK2,inhibitor,C,C1=Cc2ccc(Nc3nc4c[nH+]ccc4nc3-c3ccccc3)cc2C=CN1,C1=Cc2ccc(Nc3nc4c[nH+]ccc4nc3-c3ccccc3)cc2C=CN1,2,2.8202,jak2_cfd_pos
jak2_inhibitor,JAK2,inhibitor,C,O=C(O)C1=C2C=Cc3nc4ccccc4nc3C=C2C=C(c2ccccc2)N1,O=C(O)C1=C2C=Cc3nc4ccccc4nc3C=C2C=C(c2ccccc2)N1,3,2.8173,jak2_cfd_pos
jak2_inhibitor,JAK2,inhibitor,C,Oc1cccc(-c2[nH]c(-c3cncc[nH+]3)nc3c4ccccc4nc2-3)c1,Oc1cccc(-c2[nH]c(-c3cncc[nH+]3)nc3c4ccccc4nc2-3)c1,4,2.811,jak2_cfd_pos
jak2_inhibitor,JAK2,inhibitor,C,Nc1ccc2c3nc4ccccc4c-3nc(Cc3ccccc3)nc2c1,Nc1ccc2c3nc4ccccc4c-3nc(Cc3ccccc3)nc2c1,5,2.8033,jak2_cfd_pos
jak2_inhibitor,JAK2,inhibitor,C,Cc1nc[nH+]c(-c2cc(-c3ccc4c(=O)[nH]ncc4c3)cc[nH+]2)c1C,Cc1nc[nH+]c(-c2cc(-c3ccc4c(=O)[nH]ncc4c3)cc[nH+]2)c1C,6,2.7896,jak2_cfd_pos
jak2_inhibitor,JAK2,inhibitor,C,C[SH](=O)(O)N1CCC(CCc2ccccc2-c2ccc3ncccc3c2)C1,C[SH](=O)(O)N1CCC(CCc2ccccc2-c2ccc3ncccc3c2)C1,7,2.7832,jak2_cfd_pos
jak2_inhibitor,JAK2,inhibitor,C,O=c1[nH+]c(C(c2ccc(F)cc2)c2c[nH]nn2)oc2cc(-c3ccccc3)ccc12,O=c1[nH+]c(C(c2ccc(F)cc2)c2c[nH]nn2)oc2cc(-c3ccccc3)ccc12,8,2.7733,jak2_cfd_pos
jak2_inhibitor,JAK2,inhibitor,C,O[n+]1cccc(Cn2cc(Cc3ccccc3)c3ccccc32)c1,O[n+]1cccc(Cn2cc(Cc3ccccc3)c3ccccc32)c1,9,2.7702,jak2_cfd_pos
jak2_inhibitor,JAK2,inhibitor,C,O=C(O)c1ccc2c(c1)nc(Oc1ccc(F)cc1)c1cnccc12,O=C(O)c1ccc2c(c1)nc(Oc1ccc(F)cc1)c1cnccc12,10,2.7669,jak2_cfd_pos
jak2_inhibitor,JAK2,inhibitor,C,COc1ccc(N(Cc2cn3ccccc3n2)C(=O)CCc2ccccn2)cc1,COc1ccc(N(Cc2cn3ccccc3n2)C(=O)CCc2ccccn2)cc1,11,2.7529,jak2_cfd_pos
jak2_inhibitor,JAK2,inhibitor,C,O=C(O)Cn1nc(-c2ccc3ccccc3c2)c2ccccc2c1=O,O=C(O)Cn1nc(-c2ccc3ccccc3c2)c2ccccc2c1=O,12,2.7528,jak2_cfd_pos
jak2_inhibitor,JAK2,inhibitor,C,O=C(NCc1ccccc1)c1c2c[nH+]c(-c3ccc[nH+]c3)c-2[nH]c2ccccc12,O=C(NCc1ccccc1)c1c2c[nH+]c(-c3ccc[nH+]c3)c-2[nH]c2ccccc12,13,2.7446,jak2_cfd_pos
jak2_inhibitor,JAK2,inhibitor,C,Fc1ccc(-c2cc(-n3cccn3)nc(NN=Cc3ccccc3)n2)cc1,Fc1ccc(-c2cc(-n3cccn3)nc(NN=Cc3ccccc3)n2)cc1,14,2.7434,jak2_cfd_pos
jak2_inhibitor,JAK2,inhibitor,C,c1ccc(Cc2cn3c(n2)nc(Nc2ccncn2)c2ncccc23)cc1,c1ccc(Cc2cn3c(n2)nc(Nc2ccncn2)c2ncccc23)cc1,15,2.7413,jak2_cfd_pos
jak2_inhibitor,JAK2,inhibitor,C,COc1ccc(Nc2[nH+]c3c(c4c2=Cc2cc(C)ccc2N4)C=NC=NC=3)cc1,COc1ccc(Nc2[nH+]c3c(c4c2=Cc2cc(C)ccc2N4)C=NC=NC=3)cc1,16,2.7371,jak2_cfd_pos
jak2_inhibitor,JAK2,inhibitor,C,Cc1c(-c2cc3n(Cc4ccccc4)c4ccc(N)cc4n3n2)cnn1C,Cc1c(-c2cc3n(Cc4ccccc4)c4ccc(N)cc4n3n2)cnn1C,17,2.7359,jak2_cfd_pos
jak2_inhibitor,JAK2,inhibitor,C,Cc1ccc2c(Nc3ccc4c[nH+]cnc4c3)nc3[nH]c(=O)ccc3c2c1,Cc1ccc2c(Nc3ccc4c[nH+]cnc4c3)nc3[nH]c(=O)ccc3c2c1,18,2.7314,jak2_cfd_pos
jak2_inhibitor,JAK2,inhibitor,C,Nc1cccc2c1=Nc1ccccc1NC=2C(=O)Nc1ccc(F)cc1,Nc1cccc2c1=Nc1ccccc1NC=2C(=O)Nc1ccc(F)cc1,19,2.7285,jak2_cfd_pos
jak2_inhibitor,JAK2,inhibitor,C,O=C(NNc1c(-c2ccccc2)ccc2c(=O)[nH]cnc12)c1ccccc1,O=C(NNc1c(-c2ccccc2)ccc2c(=O)[nH]cnc12)c1ccccc1,20,2.7265,jak2_cfd_pos
jak2_inhibitor,JAK2,inhibitor,C,O=C(NCC=Cc1ccccc1)C(=NC1=CC(=O)[N+]2=CC=NC2=N1)c1ccccc1,O=C(NCC=Cc1ccccc1)C(=NC1=CC(=O)[N+]2=CC=NC2=N1)c1ccccc1,21,2.7233,jak2_cfd_pos
jak2_inhibitor,JAK2,inhibitor,C,OC1CCCN(c2nc(COc3ccccc3F)c3ccccc3n2)C1,OC1CCCN(c2nc(COc3ccccc3F)c3ccccc3n2)C1,22,2.7207,jak2_cfd_pos
jak2_inhibitor,JAK2,inhibitor,C,COc1ccc(NC(=O)C=C2CC(O)CN2c2ccc3ccccc3c2)cn1,COc1ccc(NC(=O)C=C2CC(O)CN2c2ccc3ccccc3c2)cn1,23,2.719,jak2_cfd_pos
jak2_inhibitor,JAK2,inhibitor,C,O=C(COc1ccc(C(=O)N2CCCC2)nc1-c1ccccc1)NCc1cccc(F)c1,O=C(COc1ccc(C(=O)N2CCCC2)nc1-c1ccccc1)NCc1cccc(F)c1,24,2.7186,jak2_cfd_pos
jak2_inhibitor,JAK2,inhibitor,C,Nc1ccc2c(c1)N=C1C3=CNc4cncc5ccc(c3c45)C(=O)[NH+]12,Nc1ccc2c(c1)N=C1C3=CNc4cncc5ccc(c3c45)C(=O)[NH+]12,25,2.7152,jak2_cfd_pos
jak2_inhibitor,JAK2,inhibitor,C,O=c1c(Nc2ccccc2-c2cccc[nH+]2)c[nH]c2cc3c(cc12)OCO3,O=c1c(Nc2ccccc2-c2cccc[nH+]2)c[nH]c2cc3c(cc12)OCO3,26,2.7122,jak2_cfd_pos
jak2_inhibitor,JAK2,inhibitor,C,Fc1ccc(Oc2c(NC3CCNC3)ncnc2-c2ccccc2)cc1,Fc1ccc(Oc2c(NC3CCNC3)ncnc2-c2ccccc2)cc1,27,2.7113,jak2_cfd_pos
jak2_inhibitor,JAK2,inhibitor,C,CC(=O)N1CCC(n2cc(C(=O)NCCc3ccccc3)c3ccccc32)C1,CC(=O)N1CCC(n2cc(C(=O)NCCc3ccccc3)c3ccccc32)C1,28,2.7097,jak2_cfd_pos
jak2_inhibitor,JAK2,inhibitor,C,O=C1C=NC2CCN(c3cccc(-c4ccccc4)c3)c3cccnc3N12,O=C1C=NC2CCN(c3cccc(-c4ccccc4)c3)c3cccnc3N12,29,2.7088,jak2_cfd_pos
jak2_inhibitor,JAK2,inhibitor,C,O=c1ccc(NCc2ccccc2)nc2c1ncc1ccccc12,O=c1ccc(NCc2ccccc2)nc2c1ncc1ccccc12,30,2.7057,jak2_cfd_pos
jak2_inhibitor,JAK2,inhibitor,C,Cc1ccc2c3nc4cccccc4c3c3nc(CN4CCOCC4)cn3c2c1,Cc1ccc2c3nc4cccccc4c3c3nc(CN4CCOCC4)cn3c2c1,31,2.7018,jak2_cfd_pos
jak2_inhibitor,JAK2,inhibitor,C,COc1ccccc1CNc1nc2ccccc2nc1C#Cc1ncccc1F,COc1ccccc1CNc1nc2ccccc2nc1C#Cc1ncccc1F,32,2.6969,jak2_cfd_pos
jak2_inhibitor,JAK2,inhibitor,C,NC(=O)c1cccc(N(c2ccc(-c3ccccc3)cc2)c2ncn[nH]2)c1,NC(=O)c1cccc(N(c2ccc(-c3ccccc3)cc2)c2ncn[nH]2)c1,33,2.6939,jak2_cfd_pos
jak2_inhibitor,JAK2,inhibitor,C,O=P(O)(O)C1CCCN(CCN(c2cccnc2)c2ccc3cccnc3c2)CC1,O=P(O)(O)C1CCCN(CCN(c2cccnc2)c2ccc3cccnc3c2)CC1,34,2.6888,jak2_cfd_pos
jak2_inhibitor,JAK2,inhibitor,C,Cc1cc2nc(C)c(-c3cn(CCc4cccc[nH+]4)c4cc[nH+]cc34)c-2c[nH]1,Cc1cc2nc(C)c(-c3cn(CCc4cccc[nH+]4)c4cc[nH+]cc34)c-2c[nH]1,35,2.6859,jak2_cfd_pos
jak2_inhibitor,JAK2,inhibitor,C,C1=CNc2cc(C3CNCCN3Cc3cccc(-c4ccc[nH+]c4)c3)cnc2N=C1,C1=CNc2cc(C3CNCCN3Cc3cccc(-c4ccc[nH+]c4)c3)cnc2N=C1,36,2.6822,jak2_cfd_pos
jak2_inhibitor,JAK2,inhibitor,C,CN1CCCN(c2cc[nH+]c3ccc(OCC[n+]4ccccc4)cc23)CC1,CN1CCCN(c2cc[nH+]c3ccc(OCC[n+]4ccccc4)cc23)CC1,37,2.6815,jak2_cfd_pos
jak2_inhibitor,JAK2,inhibitor,C,Cc1nnn(-c2cccc(C=NCc3ccc(-c4ccncc4F)cc3)n2)n1,Cc1nnn(-c2cccc(C=NCc3ccc(-c4ccncc4F)cc3)n2)n1,38,2.681,jak2_cfd_pos
jak2_inhibitor,JAK2,inhibitor,C,O=C(O)c1ccc(OCCN(Cc2ccco2)c2ccc3ncncc3c2)cc1,O=C(O)c1ccc(OCCN(Cc2ccco2)c2ccc3ncncc3c2)cc1,39,2.6804,jak2_cfd_pos
jak2_inhibitor,JAK2,inhibitor,C,c1ccc(CC(Oc2ccccn2)c2ccc(CCN3CCNCC3)nc2)cc1,c1ccc(CC(Oc2ccccn2)c2ccc(CCN3CCNCC3)nc2)cc1,40,2.6788,jak2_cfd_pos
jak2_inhibitor,JAK2,inhibitor,C,c1ccc2c(-c3nc(-c4cccc5[nH+]c(N6CCNCC6)sc45)[nH+]o3)c[nH]c2c1,c1ccc2c(-c3nc(-c4cccc5[nH+]c(N6CCNCC6)sc45)[nH+]o3)c[nH]c2c1,41,2.6774,jak2_cfd_pos
jak2_inhibitor,JAK2,inhibitor,C,O=C1N=C2C(=Nc3c(Cc4ccc(F)cc4)cc(-c4cccc[nH+]4)cc32)C(=O)N1,O=C1N=C2C(=Nc3c(Cc4ccc(F)cc4)cc(-c4cccc[nH+]4)cc32)C(=O)N1,42,2.6772,jak2_cfd_pos
jak2_inhibitor,JAK2,inhibitor,C,Cc1cc(C2=C(c3ccc(N4CCOCC4)cc3)N=[N+]3C2=Nc2ccccc23)cc[nH+]1,Cc1cc(C2=C(c3ccc(N4CCOCC4)cc3)N=[N+]3C2=Nc2ccccc23)cc[nH+]1,43,2.6768,jak2_cfd_pos
jak2_inhibitor,JAK2,inhibitor,C,COc1ccc(CCN(Cc2ccc(O)cc2)C(=O)c2ccncc2)cc1,COc1ccc(CCN(Cc2ccc(O)cc2)C(=O)c2ccncc2)cc1,44,2.6768,jak2_cfd_pos
jak2_inhibitor,JAK2,inhibitor,C,Cc1ccc(-n2c(C)cc3c2[nH+]c(-c2cccc(C)c2)n2c[n+](C)nc32)cc1,Cc1ccc(-n2c(C)cc3c2[nH+]c(-c2cccc(C)c2)n2c[n+](C)nc32)cc1,45,2.6766,jak2_cfd_pos
jak2_inhibitor,JAK2,inhibitor,C,OC(CCc1ccc(-n2cccn2)cc1)N1CCCCCC1,OC(CCc1ccc(-n2cccn2)cc1)N1CCCCCC1,46,2.6765,jak2_cfd_pos
jak2_inhibitor,JAK2,inhibitor,C,O=C(O)c1ccc2c(c1)C1=NC(=Nc3ccccc3)N=CC1=N2,O=C(O)c1ccc2c(c1)C1=NC(=Nc3ccccc3)N=CC1=N2,47,2.6754,jak2_cfd_pos
jak2_inhibitor,JAK2,inhibitor,C,O=C(O)c1ccc(N(C=Cc2cccnc2)c2ccncc2)cc1,O=C(O)c1ccc(N(C=Cc2cccnc2)c2ccncc2)cc1,48,2.6725,jak2_cfd_pos
jak2_inhibitor,JAK2,inhibitor,C,NS(=O)(=O)c1ccc(OC(CCc2cccc(O)c2)c2ccccc2)cc1,NS(=O)(=O)c1ccc(OC(CCc2cccc(O)c2)c2ccccc2)cc1,49,2.6724,jak2_cfd_pos
jak2_inhibitor,JAK2,inhibitor,C,O=C(NCc1ccc(-c2ccc(F)cc2)cc1)C1COP(=O)(O)O1,O=C(NCc1ccc(-c2ccc(F)cc2)cc1)C1COP(=O)(O)O1,50,2.6714,jak2_cfd_pos
jak2_inhibitor,JAK2,inhibitor,C,O=C(c1ccc(CN2CCOCC2)nc1)N1CCNC(c2ccccc2)C1,O=C(c1ccc(CN2CCOCC2)nc1)N1CCNC(c2ccccc2)C1,51,2.6698,jak2_cfd_pos
jak2_inhibitor,JAK2,inhibitor,C,CN1NC(c2ccccc2)=C(C=Cc2ccc(O)cc2)C=C1Nc1cc[nH+]cc1,CN1NC(c2ccccc2)=C(C=Cc2ccc(O)cc2)C=C1Nc1cc[nH+]cc1,52,2.663,jak2_cfd_pos
jak2_inhibitor,JAK2,inhibitor,C,O=C(O)c1ccc2c(c1)c1[nH]c(=O)ccc1n2-c1ccc2ccccc2c1,O=C(O)c1ccc2c(c1)c1[nH]c(=O)ccc1n2-c1ccc2ccccc2c1,53,2.6611,jak2_cfd_pos
jak2_inhibitor,JAK2,inhibitor,C,NC1=c2cc(C=Cc3ccccc3)c(-c3ccccc3)nc2=C2C=CNC=C2O1,NC1=c2cc(C=Cc3ccccc3)c(-c3ccccc3)nc2=C2C=CNC=C2O1,54,2.6564,jak2_cfd_pos
jak2_inhibitor,JAK2,inhibitor,C,CCCCCCNC(=O)c1c2ccccc2nc2cc(N)ncc12,CCCCCCNC(=O)c1c2ccccc2nc2cc(N)ncc12,55,2.6553,jak2_cfd_pos
jak2_inhibitor,JAK2,inhibitor,C,O=C(OC1=CC=C(N2CCNCC2)Nc2ccccc21)c1ccc(F)cc1,O=C(OC1=CC=C(N2CCNCC2)Nc2ccccc21)c1ccc(F)cc1,56,2.6552,jak2_cfd_pos
jak2_inhibitor,JAK2,inhibitor,C,c1coc(-c2cc3c4[nH]c5ccccc5c4ccn3[nH+]2)c1,c1coc(-c2cc3c4[nH]c5ccccc5c4ccn3[nH+]2)c1,57,2.654,jak2_cfd_pos
jak2_inhibitor,JAK2,inhibitor,C,O=C(Cc1cc(-c2ccc(=O)[nH]n2)c2cccccc1-2)NCc1cccc[nH+]1,O=C(Cc1cc(-c2ccc(=O)[nH]n2)c2cccccc1-2)NCc1cccc[nH+]1,58,2.6538,jak2_cfd_pos
jak2_inhibitor,JAK2,inhibitor,C,OCCOc1cc(-c2cccc(F)c2)nc2cc(-c3ccccc3)[nH]c12,OCCOc1cc(-c2cccc(F)c2)nc2cc(-c3ccccc3)[nH]c12,59,2.6487,jak2_cfd_pos
jak2_inhibitor,JAK2,inhibitor,C,O=C(NC(Cc1ccccc1)c1ccc2c(c1)C=CC=CN2)c1c[nH]nn1,O=C(NC(Cc1ccccc1)c1ccc2c(c1)C=CC=CN2)c1c[nH]nn1,60,2.6482,jak2_cfd_pos
jak2_inhibitor,JAK2,inhibitor,C,C1=CC=C2C(=CNc3c2c2nc4ccccc4[nH+]c2n3Cc2ccc[nH+]c2)C=C1,C1=CC=C2C(=CNc3c2c2nc4ccccc4[nH+]c2n3Cc2ccc[nH+]c2)C=C1,61,2.6459,jak2_cfd_pos
jak2_inhibitor,JAK2,inhibitor,C,Oc1c(Nc2ncnc3c2oc2ccccc23)cnc2ccccc12,Oc1c(Nc2ncnc3c2oc2ccccc23)cnc2ccccc12,62,2.6415,jak2_cfd_pos
jak2_inhibitor,JAK2,inhibitor,C,CNC(=O)Nc1ncc2nccc3c2c1NC(N1CCCC1)=C3,CNC(=O)Nc1ncc2nccc3c2c1NC(N1CCCC1)=C3,63,2.6399,jak2_cfd_pos
jak2_inhibitor,JAK2,inhibitor,C,O=C1N=C2[S+]=c3c(ncc4ccccc34)=C2c2cc(N3CCNCC3)ccc21,O=C1N=C2[S+]=c3c(ncc4ccccc34)=C2c2cc(N3CCNCC3)ccc21,64,2.6395,jak2_cfd_pos
jak2_inhibitor,JAK2,inhibitor,C,Nc1ncnc2c(O)c(Cc3ccc4ccccc4c3)cnc12,Nc1ncnc2c(O)c(Cc3ccc4ccccc4c3)cnc12,65,2.6393,jak2_cfd_pos
jak2_inhibitor,JAK2,inhibitor,C,O=C(C=Cc1cc(-c2ccccc2)n[nH]1)c1cccc(-c2cc[nH+]cn2)c1,O=C(C=Cc1cc(-c2ccccc2)n[nH]1)c1cccc(-c2cc[nH+]cn2)c1,66,2.6333,jak2_cfd_pos
jak2_inhibitor,JAK2,inhibitor,C,Cc1nc2c(C)cccc2c(CN(C)Cc2ccccc2)c1C(=O)O,Cc1nc2c(C)cccc2c(CN(C)Cc2ccccc2)c1C(=O)O,67,2.6307,jak2_cfd_pos
jak2_inhibitor,JAK2,inhibitor,C,CN(CC(=O)N(c1ccccc1)c1ccc(N)cc1)Cc1ccccc1,CN(CC(=O)N(c1ccccc1)c1ccc(N)cc1)Cc1ccccc1,68,2.6277,jak2_cfd_pos
jak2_inhibitor,JAK2,inhibitor,C,O=S(=O)(c1cc(-c2ccccc2)c(-c2ccccc2)[nH]1)c1cccc[nH+]1,O=S(=O)(c1cc(-c2ccccc2)c(-c2ccccc2)[nH]1)c1cccc[nH+]1,69,2.6244,jak2_cfd_pos
jak2_inhibitor,JAK2,inhibitor,C,O=Cc1nc2c3onc(-c4ccccc4)c3cc(-c3ccccc3)n2n1,O=Cc1nc2c3onc(-c4ccccc4)c3cc(-c3ccccc3)n2n1,70,2.6209,jak2_cfd_pos
jak2_inhibitor,JAK2,inhibitor,C,O=C(C=Cc1ccccc1)NCc1ccccc1-n1ccnc1,O=C(C=Cc1ccccc1)NCc1ccccc1-n1ccnc1,71,2.6147,jak2_cfd_pos
jak2_inhibitor,JAK2,inhibitor,C,Cn1c(O)nc2ccc(-c3ccc(O)c4cc(-c5ccncc5)oc34)cc21,Cn1c(O)nc2ccc(-c3ccc(O)c4cc(-c5ccncc5)oc34)cc21,72,2.61,jak2_cfd_pos
jak2_inhibitor,JAK2,inhibitor,C,O=c1nnc(-c2ccccc2)c2ccc(-c3ncccn3)cc2n1,O=c1nnc(-c2ccccc2)c2ccc(-c3ncccn3)cc2n1,73,2.6077,jak2_cfd_pos
jak2_inhibitor,JAK2,inhibitor,C,CC(C)N(C)C(=O)C1=NC(c2ccc(F)cc2)=NC(Nc2cccc(O)c2)C1,CC(C)N(C)C(=O)C1=NC(c2ccc(F)cc2)=NC(Nc2cccc(O)c2)C1,74,2.6075,jak2_cfd_pos
jak2_inhibitor,JAK2,inhibitor,C,Cn1ccc(COc2ccccc2CCC2NCc3ccccc32)n1,Cn1ccc(COc2ccccc2CCC2NCc3ccccc32)n1,75,2.6074,jak2_cfd_pos
jak2_inhibitor,JAK2,inhibitor,C,c1ccc(C2CNc3cncnc3-c3cccc(c3)-c3ccnc(n3)SC2)nc1,c1ccc(C2CNc3cncnc3-c3cccc(c3)-c3ccnc(n3)SC2)nc1,76,2.6039,jak2_cfd_pos
jak2_inhibitor,JAK2,inhibitor,C,O=C(O)C1=CC2=CC=CNC2=C(Nc2c[nH+]c3cccnc3c2)C=C1,O=C(O)C1=CC2=CC=CNC2=C(Nc2c[nH+]c3cccnc3c2)C=C1,77,2.6029,jak2_cfd_pos
jak2_inhibitor,JAK2,inhibitor,C,O=C1N[N+]2=c3ccc4cc(O)ccc4c3=CC2=C1Cc1ccc(C(=O)O)cc1,O=C1N[N+]2=c3ccc4cc(O)ccc4c3=CC2=C1Cc1ccc(C(=O)O)cc1,78,2.5987,jak2_cfd_pos
jak2_inhibitor,JAK2,inhibitor,C,CCCCCCNC(=O)C(c1cccc2ccccc12)N1CCN(C)CC1,CCCCCCNC(=O)C(c1cccc2ccccc12)N1CCN(C)CC1,79,2.5897,jak2_cfd_pos
jak2_inhibitor,JAK2,inhibitor,C,O=C(O)c1cc(-c2ccc(Oc3ccncc3)cc2)ccc1N1CCCC1=O,O=C(O)c1cc(-c2ccc(Oc3ccncc3)cc2)ccc1N1CCCC1=O,80,2.5895,jak2_cfd_pos
jak2_inhibitor,JAK2,inhibitor,C,Cc1ncc2c(C(=O)N3CCCNCC3)cn(Cc3ccc(F)cc3)c2n1,Cc1ncc2c(C(=O)N3CCCNCC3)cn(Cc3ccc(F)cc3)c2n1,81,2.5809,jak2_cfd_pos
jak2_inhibitor,JAK2,inhibitor,C,CC(CC(=O)O)Nc1ccc(-c2ccc(=O)[nH]c2)cc1-c1ccccc1,CC(CC(=O)O)Nc1ccc(-c2ccc(=O)[nH]c2)cc1-c1ccccc1,82,2.5799,jak2_cfd_pos
jak2_inhibitor,JAK2,inhibitor,C,O=C(NC1=NC2=CC=CN=CC2=CN=C1c1ccccc1)c1ccccc1,O=C(NC1=NC2=CC=CN=CC2=CN=C1c1ccccc1)c1ccccc1,83,2.579,jak2_cfd_pos
jak2_inhibitor,JAK2,inhibitor,C,O=C1OCC2C(=O)C3=Cc4ccccc4-c4nnc(-c5ccccc5)cc4C3=CC12,O=C1OCC2C(=O)C3=Cc4ccccc4-c4nnc(-c5ccccc5)cc4C3=CC12,84,2.5745,jak2_cfd_pos
jak2_inhibitor,JAK2,inhibitor,C,O=C1CCC(O)=Nc2cccc(c2)-c2ccccc2-c2ccc(nc2)OCCN1,O=C1CCC(O)=Nc2cccc(c2)-c2ccccc2-c2ccc(nc2)OCCN1,85,2.5609,jak2_cfd_pos
jak2_inhibitor,JAK2,inhibitor,C,C[N+]1=C(c2c[nH]c(-c3ccccc3)c2)[N+](Cc2ccccc2C(=O)O)=CC1=O,C[N+]1=C(c2c[nH]c(-c3ccccc3)c2)[N+](Cc2ccccc2C(=O)O)=CC1=O,86,2.5521,jak2_cfd_pos
jak2_inhibitor,JAK2,inhibitor,C,O=C(O)COc1ccccc1-n1c2ccc(F)cc2c2cncnc21,O=C(O)COc1ccccc1-n1c2ccc(F)cc2c2cncnc21,87,2.551,jak2_cfd_pos
jak2_inhibitor,JAK2,inhibitor,C,O=c1cc(-n2ccc3cccc4c5ccccc5n5ccc2c5c34)[nH]c(=O)[nH]1,O=c1cc(-n2ccc3cccc4c5ccccc5n5ccc2c5c34)[nH]c(=O)[nH]1,88,2.5451,jak2_cfd_pos
jak2_inhibitor,JAK2,inhibitor,C,Cc1c(-c2ccc(F)cc2)[n+]2c(n1-c1ccc[nH+]c1)C(=O)c1cc[nH+]cc1-2,Cc1c(-c2ccc(F)cc2)[n+]2c(n1-c1ccc[nH+]c1)C(=O)c1cc[nH+]cc1-2,89,2.5321,jak2_cfd_pos
jak2_inhibitor,JAK2,inhibitor,C,OCC1Oc2ccnc3cccc(c23)C1NCc1ccc2cccnc2c1,OCC1Oc2ccnc3cccc(c23)C1NCc1ccc2cccnc2c1,90,2.5288,jak2_cfd_pos
jak2_inhibitor,JAK2,inhibitor,C,C1=CC=C2N=C(NCc3cc4ccccc4[n+]4c[nH]nc34)NC=C2C=C1,C1=CC=C2N=C(NCc3cc4ccccc4[n+]4c[nH]nc34)NC=C2C=C1,91,2.5175,jak2_cfd_pos
jak2_inhibitor,JAK2,inhibitor,C,Nc1cccc(-c2cccc(N3C(=O)Cc4cc(-c5ncccn5)ccc43)n2)c1,Nc1cccc(-c2cccc(N3C(=O)Cc4cc(-c5ncccn5)ccc43)n2)c1,92,2.5134,jak2_cfd_pos
jak2_inhibitor,JAK2,inhibitor,C,N#Cc1c[n+]2c3cccccc3c3cccc(nc1-c1ccc(C(=O)O)cc1)c32,N#Cc1c[n+]2c3cccccc3c3cccc(nc1-c1ccc(C(=O)O)cc1)c32,93,2.5099,jak2_cfd_pos
jak2_inhibitor,JAK2,inhibitor,C,COc1ccc2c3c4c(cc5n(C)ncn45)nc4cnccc4c-3nc2c1,COc1ccc2c3c4c(cc5n(C)ncn45)nc4cnccc4c-3nc2c1,94,2.5055,jak2_cfd_pos
jak2_inhibitor,JAK2,inhibitor,C,O=C(c1cccc(NC2=Cc3ccccc3NC=C2)c1)N1CCC2NCCCC21,O=C(c1cccc(NC2=Cc3ccccc3NC=C2)c1)N1CCC2NCCCC21,95,2.4958,jak2_cfd_pos
jak2_inhibitor,JAK2,inhibitor,C,CC[N+]1=c2nc3c(cc2Oc2c(ccc4cc(O)ccc24)C1=O)=CC=CC=C3,CC[N+]1=c2nc3c(cc2Oc2c(ccc4cc(O)ccc24)C1=O)=CC=CC=C3,96,2.4932,jak2_cfd_pos
jak2_inhibitor,JAK2,inhibitor,C,Cc1ccc2c(=O)n(-c3ccccc3)c(O)[n+](C3=CC=CC=CN3)c2n1,Cc1ccc2c(=O)n(-c3ccccc3)c(O)[n+](C3=CC=CC=CN3)c2n1,97,2.488,jak2_cfd_pos
jak2_inhibitor,JAK2,inhibitor,C,CC(=O)Nc1ccc(NC2=CC=c3ccncc3=Nc3nn(C)cc32)cc1,CC(=O)Nc1ccc(NC2=CC=c3ccncc3=Nc3nn(C)cc32)cc1,98,2.4844,jak2_cfd_pos
jak2_inhibitor,JAK2,inhibitor,C,CC(NC(=O)C1=C2C=c3ccccc3=C2C(c2ccc(Cl)cc2)=C1)C(=O)O,CC(NC(=O)C1=C2C=c3ccccc3=C2C(c2ccc(Cl)cc2)=C1)C(=O)O,99,2.4839,jak2_cfd_pos
jak2_inhibitor,JAK2,inhibitor,C,Cc1cc(-n2cc(CN3CCC(C)C3)c3c2NC2=CC=CC=CC2=N3)[nH+]o1,Cc1cc(-n2cc(CN3CCC(C)C3)c3c2NC2=CC=CC=CC2=N3)[nH+]o1,100,2.4821,jak2_cfd_pos
jak2_inhibitor,JAK2,inhibitor,C,OC1=C2Oc3c4ccccc4n4nc(-c5ccc(O)cc5)c(c34)=C2C=CC=C1,OC1=C2Oc3c4ccccc4n4nc(-c5ccc(O)cc5)c(c34)=C2C=CC=C1,101,2.459,jak2_cfd_pos
jak2_inhibitor,JAK2,inhibitor,C,Cc1cccc2[nH+]c(C)c(C3=Nc4ccnc5cccc(c45)N3)c-2c1,Cc1cccc2[nH+]c(C)c(C3=Nc4ccnc5cccc(c45)N3)c-2c1,102,2.457,jak2_cfd_pos
jak2_inhibitor,JAK2,inhibitor,C,CN(C)C(=O)c1nc2nc3nc4ccccc4cc3c-2c2cn(C)cc2n1,CN(C)C(=O)c1nc2nc3nc4ccccc4cc3c-2c2cn(C)cc2n1,103,2.4457,jak2_cfd_pos
jak2_inhibitor,JAK2,inhibitor,C,O=C(Nc1nccs1)C(C(COc1ccccc1)c1ccccc1)n1cncn1,O=C(Nc1nccs1)C(C(COc1ccccc1)c1ccccc1)n1cncn1,104,2.435,jak2_cfd_pos
agrin_lg3_modulator,AGRIN,binder,A,Cc1nc2cc(CC3CCCN(c4cc(O)nc5ccc(O)cc45)C3)ccc2o1,Cc1nc2cc(CC3CCCN(c4cc(O)nc5ccc(O)cc45)C3)ccc2o1,0,2.615166187286377,agrin_cfd_pos
agrin_lg3_modulator,AGRIN,binder,A,CC(=Cc1cc(O)cc(O)c1)c1cc2ccccc2[nH]1,CC(=Cc1cc(O)cc(O)c1)c1cc2ccccc2[nH]1,1,2.6122794,agrin_cfd_pos
agrin_lg3_modulator,AGRIN,binder,A,O=C(O)c1ccc(Nc2nnc3nc[nH]c(-c4ccccc4)c2-3)cc1,O=C(O)c1ccc(Nc2nnc3nc[nH]c(-c4ccccc4)c2-3)cc1,2,2.6107574,agrin_cfd_pos
agrin_lg3_modulator,AGRIN,binder,A,COc1cc(C(=O)O)c(Cc2c[nH]c3ccccc23)cc2cc[n+](C)c1-2,COc1cc(C(=O)O)c(Cc2c[nH]c3ccccc23)cc2cc[n+](C)c1-2,3,2.5296449661254883,agrin_cfd_pos
agrin_lg3_modulator,AGRIN,binder,A,O=C1CCN1c1ccc(OCCCN2C=Cc3[nH]cc4ncnc2c34)cc1,O=C1CCN1c1ccc(OCCCN2C=Cc3[nH]cc4ncnc2c34)cc1,4,2.504781007766724,agrin_cfd_pos
dok7_binder,DOK7,binder,A,Nc1ccc2nc(-c3ccc4[nH]c5ccc(-c6cc[nH+]cc6)cc5c4c3)[nH]c2c1,Nc1ccc2nc(-c3ccc4[nH]c5ccc(-c6cc[nH+]cc6)cc5c4c3)[nH]c2c1,0,2.81752610206604,dok7_cfd_pos
dok7_binder,DOK7,binder,A,COc1ccccc1-c1cccc(-c2nc(Cc3ccc[nH+]c3)n[nH]2)c1,COc1ccccc1-c1cccc(-c2nc(Cc3ccc[nH+]c3)n[nH]2)c1,1,2.8012821674346924,dok7_cfd_pos
dok7_binder,DOK7,binder,A,CC(=O)Nc1ccc2c(c1)ncc1c(-c3cccc(-c4cccc(C)c4C)c3)ccnc12,CC(=O)Nc1ccc2c(c1)ncc1c(-c3cccc(-c4cccc(C)c4C)c3)ccnc12,2,2.800842761993408,dok7_cfd_pos
dok7_binder,DOK7,binder,A,NC(=O)c1ccc(-c2csc(Cc3ccc(-c4ccccc4)cc3)n2)cc1,NC(=O)c1ccc(-c2csc(Cc3ccc(-c4ccccc4)cc3)n2)cc1,3,2.798869371414185,dok7_cfd_pos
dok7_binder,DOK7,binder,A,O=C(NCCc1ccccc1F)Nc1ccc(-c2ccccc2)cc1,O=C(NCCc1ccccc1F)Nc1ccc(-c2ccccc2)cc1,4,2.7771170139312744,dok7_cfd_pos
dok7_binder,DOK7,binder,A,COc1cc2ccc(-c3ccc(O)c(F)c3)nc2cc1Oc1ccccc1,COc1cc2ccc(-c3ccc(O)c(F)c3)nc2cc1Oc1ccccc1,5,2.7606084,dok7_cfd_pos
dok7_binder,DOK7,binder,A,Cc1ccc(Nc2[nH+]c3ccc(C4=Cc5ccccc5NC=C4)cc3nc2C)cc1F,Cc1ccc(Nc2[nH+]c3ccc(C4=Cc5ccccc5NC=C4)cc3nc2C)cc1F,6,2.7382445335388184,dok7_cfd_pos
dok7_binder,DOK7,binder,A,O=C(O)c1cccc(N2CCN(Cc3cccc4ccc(Br)cc34)CC2)c1,O=C(O)c1cccc(N2CCN(Cc3cccc4ccc(Br)cc34)CC2)c1,7,2.7381436824798584,dok7_cfd_pos
dok7_binder,DOK7,binder,A,O=C(NCc1c(O)[nH]c2ccccc12)c1cccc(C(=O)c2ccccc2)c1,O=C(NCc1c(O)[nH]c2ccccc12)c1cccc(C(=O)c2ccccc2)c1,8,2.737898111343384,dok7_cfd_pos
dok7_binder,DOK7,binder,A,NC(=O)c1ccc(NC(=O)c2cccc(-c3cccc(C(N)=O)n3)c2)cc1,NC(=O)c1ccc(NC(=O)c2cccc(-c3cccc(C(N)=O)n3)c2)cc1,9,2.725841760635376,dok7_cfd_pos
dok7_binder,DOK7,binder,A,NC(=O)c1ccc(-c2cccc(Nc3nnc(-c4cccc(F)c4)[nH]3)c2)cc1,NC(=O)c1ccc(-c2cccc(Nc3nnc(-c4cccc(F)c4)[nH]3)c2)cc1,10,2.7218074798583984,dok7_cfd_pos
dok7_binder,DOK7,binder,A,O=C(Cc1ccc(NC(=O)Cc2ccccc2)cc1)NCc1cccc(Cl)c1,O=C(Cc1ccc(NC(=O)Cc2ccccc2)cc1)NCc1cccc(Cl)c1,11,2.72058653831482,dok7_cfd_pos
dok7_binder,DOK7,binder,A,Nc1ccc(-c2ccc(OC3CCN(C(=O)Cc4cccc(F)c4)CC3)nc2)cn1,Nc1ccc(-c2ccc(OC3CCN(C(=O)Cc4cccc(F)c4)CC3)nc2)cn1,12,2.715733051300049,dok7_cfd_pos
dok7_binder,DOK7,binder,A,C[n+]1cc(C(=O)NC(=O)C=Cc2cccc(-c3nn[nH]n3)c2)cc2ccccc21,C[n+]1cc(C(=O)NC(=O)C=Cc2cccc(-c3nn[nH]n3)c2)cc2ccccc21,13,2.711606502532959,dok7_cfd_pos
dok7_binder,DOK7,binder,A,O=c1ccn(C2OC(COP(=O)(O)OP(=O)(O)O)C(O)C2O)c(=O)[nH]1,O=c1ccn(C2OC(COP(=O)(O)OP(=O)(O)O)C(O)C2O)c(=O)[nH]1,14,2.70429801940918,dok7_cfd_pos
dok7_binder,DOK7,binder,A,O=C(CC1CCCCC1)Nc1cccc(-c2ccnc(NCc3ccc4c(c3)CCO4)n2)c1,O=C(CC1CCCCC1)Nc1cccc(-c2ccnc(NCc3ccc4c(c3)CCO4)n2)c1,15,2.7032902240753174,dok7_cfd_pos
dok7_binder,DOK7,binder,A,O=C(Nc1ccccc1)c1ccc(OC2=Cc3ccccc3C=CN2)cc1,O=C(Nc1ccccc1)c1ccc(OC2=Cc3ccccc3C=CN2)cc1,16,2.6972081661224365,dok7_cfd_pos
dok7_binder,DOK7,binder,A,NC(=O)c1ccc(C2CCCN(c3ccc(-c4ccccc4)cc3)C2)cc1,NC(=O)c1ccc(C2CCCN(c3ccc(-c4ccccc4)cc3)C2)cc1,17,2.69128155708313,dok7_cfd_pos
dok7_binder,DOK7,binder,A,Cc1ccc2cc(Oc3ccc(-c4n[nH]c(-c5cccc(F)c5)n4)cc3)ccc2[nH+]1,Cc1ccc2cc(Oc3ccc(-c4n[nH]c(-c5cccc(F)c5)n4)cc3)ccc2[nH+]1,18,2.6830804,dok7_cfd_pos
dok7_binder,DOK7,binder,A,SC(NCc1ccccc1)Nc1ccc(-c2nc(-c3ccccc3)no2)cc1,SC(NCc1ccccc1)Nc1ccc(-c2nc(-c3ccccc3)no2)cc1,19,2.673551321029663,dok7_cfd_pos
dok7_binder,DOK7,binder,A,CN(c1ccc(C(N)=O)cc1)c1ccc(C(O)=NCc2ccccc2C(=O)O)cc1Cl,CN(c1ccc(C(N)=O)cc1)c1ccc(C(O)=NCc2ccccc2C(=O)O)cc1Cl,20,2.6574156284332275,dok7_cfd_pos
dok7_binder,DOK7,binder,A,Cc1c(COc2ccc(-c3cnc(-c4ccn(C)[nH+]4)[nH]3)cc2)[nH+]nn1C,Cc1c(COc2ccc(-c3cnc(-c4ccn(C)[nH+]4)[nH]3)cc2)[nH+]nn1C,21,2.646901845932007,dok7_cfd_pos
dok7_binder,DOK7,binder,A,C=CC(N)CNC(=O)c1ccc(CN2CCC(Nc3ccccc3C#N)CC2)cc1,C=CC(N)CNC(=O)c1ccc(CN2CCC(Nc3ccccc3C#N)CC2)cc1,22,2.6398441791534424,dok7_cfd_pos
dok7_binder,DOK7,binder,A,O=C(O)c1ccc(Cc2ccc(OCCc3cccc(C(=O)O)c3)c(Cl)c2)cc1,O=C(O)c1ccc(Cc2ccc(OCCc3cccc(C(=O)O)c3)c(Cl)c2)cc1,23,2.635124444961548,dok7_cfd_pos
dok7_binder,DOK7,binder,A,NCc1ccc(Oc2ccc(NC(=S)N=Cc3cccc(O)c3)cc2)cc1,NCc1ccc(Oc2ccc(NC(=S)N=Cc3cccc(O)c3)cc2)cc1,24,2.627458333969116,dok7_cfd_pos
dok7_binder,DOK7,binder,A,CC1NN=C(c2cccc(C=CC(=O)Nc3ccccc3)c2)O1,CC1NN=C(c2cccc(C=CC(=O)Nc3ccccc3)c2)O1,25,2.623552799224853,dok7_cfd_pos
dok7_binder,DOK7,binder,A,COc1ccc(-c2noc(N3CCCN(C(=O)NCc4ccccc4)CC3)n2)cc1,COc1ccc(-c2noc(N3CCCN(C(=O)NCc4ccccc4)CC3)n2)cc1,26,2.6214003562927246,dok7_cfd_pos
dok7_binder,DOK7,binder,A,Cc1cc(N)cc(C(=O)Nc2ccc(Oc3ccc(S(N)(=O)=O)cc3)cc2)c1,Cc1cc(N)cc(C(=O)Nc2ccc(Oc3ccc(S(N)(=O)=O)cc3)cc2)c1,27,2.618422746658325,dok7_cfd_pos
dok7_binder,DOK7,binder,A,Oc1ccc(NC(=S)Nc2cccc(Oc3ccccc3)c2)cc1,Oc1ccc(NC(=S)Nc2cccc(Oc3ccccc3)c2)cc1,28,2.6173369884490967,dok7_cfd_pos
dok7_binder,DOK7,binder,A,O=C(O)c1ccc(OC(=O)c2ccc3nc4c5cccccc-5nc4nc3c2)cc1,O=C(O)c1ccc(OC(=O)c2ccc3nc4c5cccccc-5nc4nc3c2)cc1,29,2.6172263622283936,dok7_cfd_pos
dok7_binder,DOK7,binder,A,O=C(Nc1ccc(-c2ccc(CN3CCCCC3)cc2)cn1)c1ccncc1,O=C(Nc1ccc(-c2ccc(CN3CCCCC3)cc2)cn1)c1ccncc1,30,2.6147689819335938,dok7_cfd_pos
dok7_binder,DOK7,binder,A,Cc1cc(-c2ccc(CCc3ccc(Oc4ccccn4)cc3)cc2)ccc1N,Cc1cc(-c2ccc(CCc3ccc(Oc4ccccn4)cc3)cc2)ccc1N,31,2.6105847358703613,dok7_cfd_pos
dok7_binder,DOK7,binder,A,O=C(NCCCCOc1ccc(-c2ccncc2)cc1)Nc1ccccn1,O=C(NCCCCOc1ccc(-c2ccncc2)cc1)Nc1ccccn1,32,2.6094127,dok7_cfd_pos
dok7_binder,DOK7,binder,A,Oc1ncc(Cl)nc1-c1ccc(CN2CCCN(CCc3ccccc3)CC2)cc1,Oc1ncc(Cl)nc1-c1ccc(CN2CCCN(CCc3ccccc3)CC2)cc1,33,2.6071999073028564,dok7_cfd_pos
dok7_binder,DOK7,binder,A,Nc1ccc(-c2ccc3c(ccc4nc5cccc(C(F)(F)F)c5nc43)c2)cn1,Nc1ccc(-c2ccc3c(ccc4nc5cccc(C(F)(F)F)c5nc43)c2)cn1,34,2.6049160957336426,dok7_cfd_pos
dok7_binder,DOK7,binder,A,N#Cc1cccc(CNC(=S)Nc2cccc(-c3nnc(-c4ccsc4)o3)c2)c1,N#Cc1cccc(CNC(=S)Nc2cccc(-c3nnc(-c4ccsc4)o3)c2)c1,35,2.603745460510254,dok7_cfd_pos
dok7_binder,DOK7,binder,A,Cc1cccc(NC(=S)Nc2ccc(N(C)C(=O)c3cccnc3)cc2)c1,Cc1cccc(NC(=S)Nc2ccc(N(C)C(=O)c3cccnc3)cc2)c1,36,2.59999418258667,dok7_cfd_pos
dok7_binder,DOK7,binder,A,N=Cc1ccc(C(=O)NN=Cc2ccc(-c3ccc(C(=N)N)cc3)cc2)cc1O,N=Cc1ccc(C(=O)NN=Cc2ccc(-c3ccc(C(=N)N)cc3)cc2)cc1O,37,2.5997869968414307,dok7_cfd_pos
dok7_binder,DOK7,binder,A,OC(O)=CCc1nc(N2CCC(c3c[nH]c4ccccc34)C2)[nH+]c2ccccc12,OC(O)=CCc1nc(N2CCC(c3c[nH]c4ccccc34)C2)[nH+]c2ccccc12,38,2.5976619720458984,dok7_cfd_pos
dok7_binder,DOK7,binder,A,CC(C)CNC(O)c1ccc(C(=O)C=Cc2ccc3cnccc3c2)cc1,CC(C)CNC(O)c1ccc(C(=O)C=Cc2ccc3cnccc3c2)cc1,39,2.5953500270843506,dok7_cfd_pos
dok7_binder,DOK7,binder,A,Cn1[nH+]ccc1-c1nc(CCC2CCN(c3ccccc3)CC2)n[nH]1,Cn1[nH+]ccc1-c1nc(CCC2CCN(c3ccccc3)CC2)n[nH]1,40,2.574859619140625,dok7_cfd_pos
dok7_binder,DOK7,binder,A,CCCCNCc1ccccc1OC1CCCN(Cc2cccc(C(=O)O)c2)C1,CCCCNCc1ccccc1OC1CCCN(Cc2cccc(C(=O)O)c2)C1,41,2.5743520259857178,dok7_cfd_pos
dok7_binder,DOK7,binder,A,FC(F)(F)Oc1ccnc(Nc2ccc(Oc3ccccn3)cc2)c1,FC(F)(F)Oc1ccnc(Nc2ccc(Oc3ccccn3)cc2)c1,42,2.56105375289917,dok7_cfd_pos
dok7_binder,DOK7,binder,A,O=C(Nc1c[nH]c2ccccc12)c1cc(Cl)cc(OC(F)(F)F)c1,O=C(Nc1c[nH]c2ccccc12)c1cc(Cl)cc(OC(F)(F)F)c1,43,2.5585341453552246,dok7_cfd_pos
dok7_binder,DOK7,binder,A,O=C(NCc1cccc(OCc2c[nH+]cc(-c3nnn[nH]3)c2)c1)c1ccccc1,O=C(NCc1cccc(OCc2c[nH+]cc(-c3nnn[nH]3)c2)c1)c1ccccc1,44,2.5554327964782715,dok7_cfd_pos
dok7_binder,DOK7,binder,A,Nc1[nH+]nc(-c2ccc(OCc3ccc(-c4nnn[nH]4)cc3)cc2)o1,Nc1[nH+]nc(-c2ccc(OCc3ccc(-c4nnn[nH]4)cc3)cc2)o1,45,2.554767847061157,dok7_cfd_pos
dok7_binder,DOK7,binder,A,COc1ccc(CCN2CC(=Nc3nc(C)cc(C)n3)CC(O)C2=O)cc1C,COc1ccc(CCN2CC(=Nc3nc(C)cc(C)n3)CC(O)C2=O)cc1C,46,2.5544097,dok7_cfd_pos
dok7_binder,DOK7,binder,A,NS(=O)(=O)c1ccc(-c2c[nH+]cc(-c3cc[nH]c(=NNCc4ccc(F)cc4)n3)c2)cc1,NS(=O)(=O)c1ccc(-c2c[nH+]cc(-c3cc[nH]c(=NNCc4ccc(F)cc4)n3)c2)cc1,47,2.5461833477020264,dok7_cfd_pos
dok7_binder,DOK7,binder,A,COc1ccccc1C=CC(=O)c1cc(-c2cccc(C(=O)O)c2)n[nH]1,COc1ccccc1C=CC(=O)c1cc(-c2cccc(C(=O)O)c2)n[nH]1,48,2.5441014766693115,dok7_cfd_pos
dok7_binder,DOK7,binder,A,N#CC1=Cc2ccccc2C=C(NCCCOc2ccc(Cn3cnc[nH+]3)cc2)N1,N#CC1=Cc2ccccc2C=C(NCCCOc2ccc(Cn3cnc[nH+]3)cc2)N1,49,2.528197288513184,dok7_cfd_pos
dok7_binder,DOK7,binder,A,Cc1cccc(NC(O)=Nc2cccc(C=Cc3ccc(OCc4ccccc4)c(N)c3)c2)c1,Cc1cccc(NC(O)=Nc2cccc(C=Cc3ccc(OCc4ccccc4)c(N)c3)c2)c1,50,2.5252456665039062,dok7_cfd_pos
dok7_binder,DOK7,binder,A,NN=Nc1cc2cc(-c3ncn(-c4ccc(C(N)=O)cc4)[nH+]3)ccc2[nH]1,NN=Nc1cc2cc(-c3ncn(-c4ccc(C(N)=O)cc4)[nH+]3)ccc2[nH]1,51,2.523303747177124,dok7_cfd_pos
dok7_binder,DOK7,binder,A,O=C(Nc1ccccc1O)OCc1ccc(OCC2C=CNCC2)cc1,O=C(Nc1ccccc1O)OCc1ccc(OCC2C=CNCC2)cc1,52,2.517608642578125,dok7_cfd_pos
dok7_binder,DOK7,binder,A,CC(=O)NCc1ccc(NC(=O)Cc2ccc(CC3CCCO3)cc2)cc1,CC(=O)NCc1ccc(NC(=O)Cc2ccc(CC3CCCO3)cc2)cc1,53,2.5136213302612305,dok7_cfd_pos
dok7_binder,DOK7,binder,A,O=C(CN1CCN(C(=O)c2cccc3ccccc23)CC1)NC1CCOCC1,O=C(CN1CCN(C(=O)c2cccc3ccccc23)CC1)NC1CCOCC1,54,2.512369394302368,dok7_cfd_pos
dok7_binder,DOK7,binder,A,NNCNCCOC1=CNC=CC=C1COc1ccc(Cc2ccccc2)cc1,NNCNCCOC1=CNC=CC=C1COc1ccc(Cc2ccccc2)cc1,55,2.4897050857543945,dok7_cfd_pos
dok7_binder,DOK7,binder,A,Nc1ccc2ccc(-c3nnc(NCCOc4cccc(OCCO)c4)[nH]3)cc2[nH+]1,Nc1ccc2ccc(-c3nnc(NCCOc4cccc(OCCO)c4)[nH]3)cc2[nH+]1,56,2.487414598464966,dok7_cfd_pos
dok7_binder,DOK7,binder,A,Cc1ccc(C#N)cc1C=NNC(=O)NCCOc1ccc(C(=O)O)cc1,Cc1ccc(C#N)cc1C=NNC(=O)NCCOc1ccc(C(=O)O)cc1,57,2.487066984176636,dok7_cfd_pos
dok7_binder,DOK7,binder,A,O=C(Nc1ncc(C(O)Nc2cnc3nonc3c2O)s1)c1ccccc1,O=C(Nc1ncc(C(O)Nc2cnc3nonc3c2O)s1)c1ccccc1,58,2.482147455215454,dok7_cfd_pos
dok7_binder,DOK7,binder,A,c1cc(CNOc2ccc(-c3ccncc3)cc2)cc(-c2ccncc2)c1,c1cc(CNOc2ccc(-c3ccncc3)cc2)cc(-c2ccncc2)c1,59,2.4715769290924072,dok7_cfd_pos
dok7_binder,DOK7,binder,A,OC=NN=Cc1ccc(OCC2CCCN(Cc3ccccc3)C2)cc1,OC=NN=Cc1ccc(OCC2CCCN(Cc3ccccc3)C2)cc1,60,2.4603956,dok7_cfd_pos
dok7_binder,DOK7,binder,A,O=C(O)CNCCOc1cccc(C(=O)c2ccc(NCc3ccccc3)cc2)c1,O=C(O)CNCCOc1cccc(C(=O)c2ccc(NCc3ccccc3)cc2)c1,61,2.456851959228516,dok7_cfd_pos
dok7_binder,DOK7,binder,A,CCNCCOc1cc(CNC2CCCN(C=C(O)c3ccccc3)C2)cc(C)n1,CCNCCOc1cc(CNC2CCCN(C=C(O)c3ccccc3)C2)cc(C)n1,62,2.396737575531006,dok7_cfd_pos
dok7_binder,DOK7,binder,A,CCOCCCNc1nc(O)c(O)c(NCc2ccc(OP(=O)(O)O)cc2)n1,CCOCCCNc1nc(O)c(O)c(NCc2ccc(OP(=O)(O)O)cc2)n1,63,2.391835451126098,dok7_cfd_pos
dok7_binder,DOK7,binder,A,CCOC1=C(OCc2ccc(-c3ccc(C(=O)O)cc3)cc2)C=C(O)C=CN1,CCOC1=C(OCc2ccc(-c3ccc(C(=O)O)cc3)cc2)C=C(O)C=CN1,64,2.389136552810669,dok7_cfd_pos
dok7_binder,DOK7,binder,A,NCCCOc1cccc(NC(O)=Nc2nnnn2CCCc2ccc(F)cc2)c1,NCCCOc1cccc(NC(O)=Nc2nnnn2CCCc2ccc(F)cc2)c1,65,2.3874287605285645,dok7_cfd_pos
dok7_binder,DOK7,binder,A,CCCC(=O)NCC1CCN(c2ccc(OC3=CNC=CC=C3)cc2)CC1,CCCC(=O)NCC1CCN(c2ccc(OC3=CNC=CC=C3)cc2)CC1,66,2.3756558895111084,dok7_cfd_pos
dok7_binder,DOK7,binder,A,N#Cc1ccc(-c2ccc(OCc3cn(CCc4ccccc4)nn3)cc2)o1,N#Cc1ccc(-c2ccc(OCc3cn(CCc4ccccc4)nn3)cc2)o1,67,2.3613998889923096,dok7_cfd_pos
dok7_binder,DOK7,binder,A,NN=NC=CNCCCCCNC(=O)c1cccc(Cc2ccccc2)n1,NN=NC=CNCCCCCNC(=O)c1cccc(Cc2ccccc2)n1,68,2.3608553409576416,dok7_cfd_pos
dok7_binder,DOK7,binder,A,Oc1ccc(-n2nc(C=NN=NCc3ccccn3)nc2-c2ccccc2)cc1O,Oc1ccc(-n2nc(C=NN=NCc3ccccn3)nc2-c2ccccc2)cc1O,69,2.356757164001465,dok7_cfd_pos
dok7_binder,DOK7,binder,A,O=C(NN=CCc1ccccc1)c1cccc(OCCNCCNO)c1,O=C(NN=CCc1ccccc1)c1cccc(OCCNCCNO)c1,70,2.3491461277008057,dok7_cfd_pos
dok7_binder,DOK7,binder,A,CCCCCCCCNC(=O)CNC(=O)C(C)NCCCc1ccccc1,CCCCCCCCNC(=O)CNC(=O)C(C)NCCCc1ccccc1,71,2.3460093,dok7_cfd_pos
dok7_binder,DOK7,binder,A,Oc1ccc(C=NNc2ncnc3ccc(C(O)Nc4ncccn4)cc23)cc1,Oc1ccc(C=NNc2ncnc3ccc(C(O)Nc4ncccn4)cc23)cc1,72,2.3437328,dok7_cfd_pos
dok7_binder,DOK7,binder,A,Fc1ccccc1NC=NN=Nc1cc(-c2ccnc3cnccc23)ccn1,Fc1ccccc1NC=NN=Nc1cc(-c2ccnc3cnccc23)ccn1,73,2.3342111110687256,dok7_cfd_pos
dok7_binder,DOK7,binder,A,Cc1c(N)cc(-c2c[nH]c3cc(C=NC=CCC4=CNN=NN4)ccc23)c(O)c1C,Cc1c(N)cc(-c2c[nH]c3cc(C=NC=CCC4=CNN=NN4)ccc23)c(O)c1C,74,2.319483995437622,dok7_cfd_pos
dok7_binder,DOK7,binder,A,Cc1nc2c(OCc3ccccc3NC=NNC3CCC(=O)C3O)cccc2[nH]1,Cc1nc2c(OCc3ccccc3NC=NNC3CCC(=O)C3O)cccc2[nH]1,75,2.317380666732788,dok7_cfd_pos
dok7_binder,DOK7,binder,A,CCCCCCn1cnc2nc(C)n3nc(COc4ccc(OC)cc4)nc3c21,CCCCCCn1cnc2nc(C)n3nc(COc4ccc(OC)cc4)nc3c21,76,2.310299158096313,dok7_cfd_pos
dok7_binder,DOK7,binder,A,Fc1ccccc1CN=[N+]=Cc1ccc2c(N3CCCC3)ccnc2c1,Fc1ccccc1CN=[N+]=Cc1ccc2c(N3CCCC3)ccnc2c1,77,2.309041976928711,dok7_cfd_pos
dok7_binder,DOK7,binder,A,O=C(O)CCCCCCCCCOc1ccccc1C=CNCCCC1CC1,O=C(O)CCCCCCCCCOc1ccccc1C=CNCCCC1CC1,78,2.305475234985352,dok7_cfd_pos
dok7_binder,DOK7,binder,A,COc1ccc(Cc2ccccc2OCCC=CCNNC(=N)N)cc1F,COc1ccc(Cc2ccccc2OCCC=CCNNC(=N)N)cc1F,79,2.2729203701019287,dok7_cfd_pos
dok7_binder,DOK7,binder,A,Oc1ncccc1-c1cc(OC=CCCC=NN=Cc2ccccc2)ccn1,Oc1ncccc1-c1cc(OC=CCCC=NN=Cc2ccccc2)ccn1,80,2.257900714874268,dok7_cfd_pos
dok7_binder,DOK7,binder,A,O=C(NNCC=CC[N+](=O)O)Nc1cc2ccccc2c2ccccc12,O=C(NNCC=CC[N+](=O)O)Nc1cc2ccccc2c2ccccc12,81,2.2545759677886963,dok7_cfd_pos
dok7_binder,DOK7,binder,A,CC(Nc1cnc(OCCCCC(=O)O)cc1-c1ccccc1)c1ccco1,CC(Nc1cnc(OCCCCC(=O)O)cc1-c1ccccc1)c1ccco1,82,2.234553575515747,dok7_cfd_pos
dok7_binder,DOK7,binder,A,CC(=O)C1=C(C)c2nc(CNNN=Cc3cccnc3)nc3cccc1c23,CC(=O)C1=C(C)c2nc(CNNN=Cc3cccnc3)nc3cccc1c23,83,2.215547800064087,dok7_cfd_pos
dok7_binder,DOK7,binder,A,Cc1cccc(Cc2cccc(C=NNc3ccc(N(O)O)cc3)c2)c1C,Cc1cccc(Cc2cccc(C=NNc3ccc(N(O)O)cc3)c2)c1C,84,2.205420970916748,dok7_cfd_pos
dok7_binder,DOK7,binder,A,Cc1cccc(-n2nc(CCCCCNC3NCCN3)c3nc[nH]c32)c1CN(C)C,Cc1cccc(-n2nc(CCCCCNC3NCCN3)c3nc[nH]c32)c1CN(C)C,85,2.201621532440185,dok7_cfd_pos
dok7_binder,DOK7,binder,A,CCOCC[N+]#[N+]C=NN=C(N)Nc1ncc2cc(Cc3cccnc3)cnc2n1,CCOCC[N+]#[N+]C=NN=C(N)Nc1ncc2cc(Cc3cccnc3)cnc2n1,86,2.1798720359802246,dok7_cfd_pos
dok7_binder,DOK7,binder,A,O=C1N=CC(CCCOc2cc(-c3ccc4c(c3)CCNCC4)ncn2)N1,O=C1N=CC(CCCOc2cc(-c3ccc4c(c3)CCNCC4)ncn2)N1,87,2.174968242645264,dok7_cfd_pos
dok7_binder,DOK7,binder,A,Cc1cc(-c2ccnc3nc(CN=Cc4ccc(Cl)cc4)nn23)ccc1N,Cc1cc(-c2ccnc3nc(CN=Cc4ccc(Cl)cc4)nn23)ccc1N,88,2.161417245864868,dok7_cfd_pos
dok7_binder,DOK7,binder,A,Cc1ccc2[n+](C)c3ccc(N=NNCNNc4[nH+]cccc4F)cc3c-2c(N)n1,Cc1ccc2[n+](C)c3ccc(N=NNCNNc4[nH+]cccc4F)cc3c-2c(N)n1,89,2.1605794429779053,dok7_cfd_pos
dok7_binder,DOK7,binder,A,Cc1cc(NNCC2CC3CCC=CC3N2)nnc1N1CCNC(CS(=O)(=O)O)C1,Cc1cc(NNCC2CC3CCC=CC3N2)nnc1N1CCNC(CS(=O)(=O)O)C1,90,2.1510798931121826,dok7_cfd_pos
dok7_binder,DOK7,binder,A,C=C1COC2CCC(N=COc3cc(N)c(N4CCCNCC4)cc3O)CC12,C=C1COC2CCC(N=COc3cc(N)c(N4CCCNCC4)cc3O)CC12,91,2.143841505050659,dok7_cfd_pos
dok7_binder,DOK7,binder,A,C1=CNC(N=c2[nH]c2=NNc2cnc3c(N4CCCC4)cncc3c2)N=N1,C1=CNC(N=c2[nH]c2=NNc2cnc3c(N4CCCC4)cncc3c2)N=N1,92,2.143130302429199,dok7_cfd_pos
dok7_binder,DOK7,binder,A,Cc1cc(Cc2ccccc2C)ccc1CN=NN=CCNC1=CCC=CC1,Cc1cc(Cc2ccccc2C)ccc1CN=NN=CCNC1=CCC=CC1,93,2.1219289302825928,dok7_cfd_pos
dok7_binder,DOK7,binder,A,COc1cccc(-c2ccc(C#[N+]N=CNNc3ccccc3)cc2)c1,COc1cccc(-c2ccc(C#[N+]N=CNNc3ccccc3)cc2)c1,94,2.1213862895965576,dok7_cfd_pos
dok7_binder,DOK7,binder,A,O=C(O)C1CCC(OCCc2nc3c4c(nc5c(c4n2)CCNCC5)C=CC=C3)CN1,O=C(O)C1CCC(OCCc2nc3c4c(nc5c(c4n2)CCNCC5)C=CC=C3)CN1,95,2.1196229457855225,dok7_cfd_pos
dok7_binder,DOK7,binder,A,Cc1ccc(-c2ccccc2NC(=O)N=[N+]=CC2CC3CCC=CC3O2)cc1,Cc1ccc(-c2ccccc2NC(=O)N=[N+]=CC2CC3CCC=CC3O2)cc1,96,2.111948251724243,dok7_cfd_pos
dok7_binder,DOK7,binder,A,CCC(=O)C1CC1C=NCc1[nH]nc2c(Nc3ccc(C)cc3)ncnc12,CCC(=O)C1CC1C=NCc1[nH]nc2c(Nc3ccc(C)cc3)ncnc12,97,2.104732275009156,dok7_cfd_pos
dok7_binder,DOK7,binder,A,CC1=C(C)[N+]2=Nc3ccc(C=[N+]=NC4C=Cc5ccccc5N4)c(O)c3C2=C1C,CC1=C(C)[N+]2=Nc3ccc(C=[N+]=NC4C=Cc5ccccc5N4)c(O)c3C2=C1C,98,2.088052988052368,dok7_cfd_pos
dok7_binder,DOK7,binder,A,OC(=NN=NCC1Cc2ccccc2N1)c1ccc(-c2ccncc2)cc1,OC(=NN=NCC1Cc2ccccc2N1)c1ccc(-c2ccncc2)cc1,99,2.081937551498413,dok7_cfd_pos
mdm2_activator,MDM2,activator,A,c1cc2cc(c1)-c1[nH+]ccc3c1[nH+]c(c1cnc4ccc3[n+]41)[C@H]1OC[C@H]1CCC1CN(C2)C1,c1cc2cc(c1)-c1[nH+]ccc3c1[nH+]c(c1cnc4ccc3[n+]41)[C@H]1OC[C@H]1CCC1CN(C2)C1,0,0.351,mdm2_qed
mdm2_activator,MDM2,activator,A,Cc1ccc(CCNC(=O)c2ccc(-c3ccc4[nH]nnc4c3)[nH+]c2C)cc1,Cc1ccc(CCNC(=O)c2ccc(-c3ccc4[nH]nnc4c3)[nH+]c2C)cc1,1,0.565,mdm2_qed
mdm2_activator,MDM2,activator,A,Nc1ncc(CCCCNCc2ccncc2)c(N2CCNc3ccccc32)n1,Nc1ncc(CCCCNCc2ccncc2)c(N2CCNc3ccccc32)n1,2,0.51,mdm2_qed
mdm2_activator,MDM2,activator,A,Oc1ccc2cc([C@H]3C[C@@H](c4cnccn4)CN3Cc3ccnnc3)ccc2n1,Oc1ccc2cc([C@H]3C[C@@H](c4cnccn4)CN3Cc3ccnnc3)ccc2n1,3,0.578,mdm2_qed
mdm2_activator,MDM2,activator,A,Oc1ccc(Cc2nc3ccccc3nc2-c2cccc3ccccc23)cc1,Oc1ccc(Cc2nc3ccccc3nc2-c2cccc3ccccc23)cc1,4,0.445,mdm2_qed
mdm2_activator,MDM2,activator,A,O=C(O)c1ccc(C=NNc2cc(-c3ccccc3)nc3ccccc23)cc1,O=C(O)c1ccc(C=NNc2cc(-c3ccccc3)nc3ccccc23)cc1,5,0.382,mdm2_qed
mdm2_activator,MDM2,activator,A,O=C(c1c[nH]c(O)nc1=O)[C@H](Cc1ccccc1)NCc1ccc(O)cc1,O=C(c1c[nH]c(O)nc1=O)[C@H](Cc1ccccc1)NCc1ccc(O)cc1,6,0.474,mdm2_qed
mdm2_activator,MDM2,activator,A,C1=C(c2ccccc2)Nc2ccccc2C(OCc2ccc[nH+]c2)=C1,C1=C(c2ccccc2)Nc2ccccc2C(OCc2ccc[nH+]c2)=C1,7,0.764,mdm2_qed
mdm2_activator,MDM2,activator,A,O=C(O)c1ccc2c(Nc3cccc4c3NC=CC=C4)c(O)ccc2c1,O=C(O)c1ccc2c(Nc3cccc4c3NC=CC=C4)c(O)ccc2c1,8,0.506,mdm2_qed
mdm2_activator,MDM2,activator,A,CC1CC=C2N=CN(c3nc(=O)[nH]c(=N)[nH]3)c3cc(CCCC(=O)O)nc1c32,CC1CC=C2N=CN(c3nc(=O)[nH]c(=N)[nH]3)c3cc(CCCC(=O)O)nc1c32,9,0.614,mdm2_qed
mdm2_activator,MDM2,activator,A,Cc1cc2c(Cc3cc[nH+]cc3)c3[nH]cc([C@@H]4CCCN(C)C4)c3nc2c(C)[nH+]1,Cc1cc2c(Cc3cc[nH+]cc3)c3[nH]cc([C@@H]4CCCN(C)C4)c3nc2c(C)[nH+]1,10,0.586,mdm2_qed
mdm2_activator,MDM2,activator,A,CCn1c(C)c(N2C=Nc3cccc4c3c2cc2ccccc24)c2ccccc21,CCn1c(C)c(N2C=Nc3cccc4c3c2cc2ccccc24)c2ccccc21,11,0.302,mdm2_qed
mdm2_activator,MDM2,activator,A,Nc1ncc2c(n1)Nc1ccccc1-c1ccccc1OCCCCCN=C2O,Nc1ncc2c(n1)Nc1ccccc1-c1ccccc1OCCCCCN=C2O,12,0.528,mdm2_qed
mdm2_activator,MDM2,activator,A,N:CC1=Cc2cnc3cc4nccc5cccc(c5c4cc23)OCCNC1=O,N:CC1=Cc2cnc3cc4nccc5cccc(c5c4cc23)OCCNC1=O,13,0.54,mdm2_qed
mdm2_activator,MDM2,activator,A,Cc1cnc(=O)n(CN(O)[C@H]2O[C@@H](OP(=O)(O)O)[C@@H](OP(=O)(O)O)[C@@H]2O)n1,Cc1cnc(=O)n(CN(O)[C@H]2O[C@@H](OP(=O)(O)O)[C@@H](OP(=O)(O)O)[C@@H]2O)n1,14,0.188,mdm2_qed
mdm2_activator,MDM2,activator,A,Cn1c(-c2ccc(O)c3ccccc23)c(-c2ccccc2)c2ccccc21,Cn1c(-c2ccc(O)c3ccccc23)c(-c2ccccc2)c2ccccc21,15,0.393,mdm2_qed
mdm2_activator,MDM2,activator,A,OC1=CC=CC2=CC(NCC3=Cc4cccc5cc[nH+]c3c45)=CNC2=C1,OC1=CC=CC2=CC(NCC3=Cc4cccc5cc[nH+]c3c45)=CNC2=C1,16,0.803,mdm2_qed
mdm2_activator,MDM2,activator,A,c1ccc(-c2nc[nH]c3cc(-c4ccccc4-c4cccc[nH+]4)cc2-3)cc1,c1ccc(-c2nc[nH]c3cc(-c4ccccc4-c4cccc[nH+]4)cc2-3)cc1,17,0.47,mdm2_qed
mdm2_activator,MDM2,activator,A,Nc1ncnc2c1ncn2[C@@H]1O[C@H](O[P@@](=O)(O)OP(=O)(O)O)[C@@H](O)[C@H]1O,Nc1ncnc2c1ncn2[C@@H]1O[C@H](O[P@@](=O)(O)OP(=O)(O)O)[C@@H](O)[C@H]1O,18,0.297,mdm2_qed
mdm2_activator,MDM2,activator,A,Cc1ccc(N2CCC[C@@H]2c2cnn[nH]2)c2cc3ccccc3[nH+]c12,Cc1ccc(N2CCC[C@@H]2c2cnn[nH]2)c2cc3ccccc3[nH+]c12,19,0.572,mdm2_qed
mdm2_activator,MDM2,activator,A,Cc1cc(N)nn1-c1ccc(-c2ccnc3ccc(-c4ccncn4)cc23)cc1,Cc1cc(N)nn1-c1ccc(-c2ccnc3ccc(-c4ccncn4)cc23)cc1,20,0.502,mdm2_qed
mdm2_activator,MDM2,activator,A,c1ccc(CN2CCC[C@@H](Nc3ncnc4c3nnc3ccccc34)C2)cc1,c1ccc(CN2CCC[C@@H](Nc3ncnc4c3nnc3ccccc34)C2)cc1,21,0.553,mdm2_qed
mdm2_activator,MDM2,activator,A,CN1N=C2CCCC[C@@H]2c2c1[nH]c(=O)[nH]c2=Nc1cccc2ccccc12,CN1N=C2CCCC[C@@H]2c2c1[nH]c(=O)[nH]c2=Nc1cccc2ccccc12,22,0.697,mdm2_qed
mdm2_activator,MDM2,activator,A,O=C(O)[C@@H]1C=C[C@H]2C1=CCCc1nc(-c3ccc(F)cc3)ncc12,O=C(O)[C@@H]1C=C[C@H]2C1=CCCc1nc(-c3ccc(F)cc3)ncc12,23,0.86,mdm2_qed
mdm2_activator,MDM2,activator,A,O=c1[nH]c(O)c(CC=Cc2cccc(N3CCOCC3)c2)c2ccccc12,O=c1[nH]c(O)c(CC=Cc2cccc(N3CCOCC3)c2)c2ccccc12,24,0.747,mdm2_qed
mdm2_activator,MDM2,activator,A,Oc1ccc(-c2ccccc2NCCOc2cccc(-c3ccccc3)c2)cc1O,Oc1ccc(-c2ccccc2NCCOc2cccc(-c3ccccc3)c2)cc1O,25,0.267,mdm2_qed
mdm2_activator,MDM2,activator,A,NC1=CC(CN2CCCN(CCc3cccc[nH+]3)[C@@H]2O)=c2ccccc2=CN1,NC1=CC(CN2CCCN(CCc3cccc[nH+]3)[C@@H]2O)=c2ccccc2=CN1,26,0.643,mdm2_qed
mdm2_activator,MDM2,activator,A,Cn1cnc(C2=C(N3CCCCCC3)C=Cc3ccccc3N2)c2[nH+]cnc1-2,Cn1cnc(C2=C(N3CCCCCC3)C=Cc3ccccc3N2)c2[nH+]cnc1-2,27,0.748,mdm2_qed
mdm2_activator,MDM2,activator,A,C[C@H](c1ccccn1)[C@H](Cc1ccccc1F)C(=O)N1CCc2ccccc2C1,C[C@H](c1ccccn1)[C@H](Cc1ccccc1F)C(=O)N1CCc2ccccc2C1,28,0.631,mdm2_qed
mdm2_activator,MDM2,activator,A,O=C(O)c1cc(O)cc(-c2cccc3[nH+]cc(-c4nc5ccccc5[nH]4)cc23)c1,O=C(O)c1cc(O)cc(-c2cccc3[nH+]cc(-c4nc5ccccc5[nH]4)cc23)c1,29,0.434,mdm2_qed
mdm2_activator,MDM2,activator,A,O=C(O)c1cc2c(Cc3cnc4cccccc3-4)cnn2cc1O,O=C(O)c1cc2c(Cc3cnc4cccccc3-4)cnn2cc1O,30,0.606,mdm2_qed
mdm2_activator,MDM2,activator,A,c1ccc(-c2ccncc2Oc2ccccc2Cn2cncc2-c2ccccc2)cc1,c1ccc(-c2ccncc2Oc2ccccc2Cn2cncc2-c2ccccc2)cc1,31,0.327,mdm2_qed
mdm2_activator,MDM2,activator,A,O=C(O)c1ccc(Nc2ncc(-c3ccccc3)c3nc[nH]c(=O)c23)cc1,O=C(O)c1ccc(Nc2ncc(-c3ccccc3)c3nc[nH]c(=O)c23)cc1,32,0.516,mdm2_qed
mdm2_activator,MDM2,activator,A,c1ccc(C(Nc2ncccc2-c2ccc3ccccc3n2)c2ccccc2)cc1,c1ccc(C(Nc2ncccc2-c2ccc3ccccc3n2)c2ccccc2)cc1,33,0.374,mdm2_qed
mdm2_activator,MDM2,activator,A,Nc1nc2c([nH]1)C1CCN(CC1)CC(=O)N[C@H](c1ccccc1F)c1ccc-2cc1,Nc1nc2c([nH]1)C1CCN(CC1)CC(=O)N[C@H](c1ccccc1F)c1ccc-2cc1,34,0.58,mdm2_qed
mdm2_activator,MDM2,activator,A,CCOc1ccc(-c2c(C)cncc2CCc2ccccc2N)c2nc(O)ccc12,CCOc1ccc(-c2c(C)cncc2CCc2ccccc2N)c2nc(O)ccc12,35,0.442,mdm2_qed
mdm2_activator,MDM2,activator,A,Cc1cc(C)cc(Sc2nc(Nc3ccccn3)c3ccccc3n2)c1,Cc1cc(C)cc(Sc2nc(Nc3ccccn3)c3ccccc3n2)c1,36,0.486,mdm2_qed
mdm2_activator,MDM2,activator,A,CN1CCCCC[C@]2(CCN(c3c[nH]nn3)C2)CNc2[nH]c3ccccc3c2C1,CN1CCCCC[C@]2(CCN(c3c[nH]nn3)C2)CNc2[nH]c3ccccc3c2C1,37,0.589,mdm2_qed
mdm2_activator,MDM2,activator,A,Cc1nn2c(C)cc([C@@H]3CC[C@]4(C)C(=O)N(C)C[C@H]34)nc2c1CCC(=N)O,Cc1nn2c(C)cc([C@@H]3CC[C@]4(C)C(=O)N(C)C[C@H]34)nc2c1CCC(=N)O,38,0.64,mdm2_qed
mdm2_activator,MDM2,activator,A,O=C(O)c1ccc(CNCc2ccccc2F)c([C@@H]2C=CNC2)c1,O=C(O)c1ccc(CNCc2ccccc2F)c([C@@H]2C=CNC2)c1,39,0.764,mdm2_qed
mdm2_activator,MDM2,activator,A,Nc1ccc(-c2ccc3cc(C(=O)O)ccc3c2)c2cccnc12,Nc1ccc(-c2ccc3cc(C(=O)O)ccc3c2)c2cccnc12,40,0.54,mdm2_qed
mdm2_activator,MDM2,activator,A,NC(=O)C1CCN(C2=C(F)c3cc(O)cnc3C=C(NCc3ccc(O)cc3)N2)CC1,NC(=O)C1CCN(C2=C(F)c3cc(O)cnc3C=C(NCc3ccc(O)cc3)N2)CC1,41,0.496,mdm2_qed
mdm2_activator,MDM2,activator,A,O=C1C(=O)[C@@H]2O[C@H]3[C@H](O)[C@H](O)[C@@H](O)[C@H](O)[C@H]3O[C@H]2c2ccc3cccc4c3c2C1=C4,O=C1C(=O)[C@@H]2O[C@H]3[C@H](O)[C@H](O)[C@@H](O)[C@H](O)[C@H]3O[C@H]2c2ccc3cccc4c3c2C1=C4,42,0.427,mdm2_qed
mdm2_activator,MDM2,activator,A,Nc1ccc2c(c1)nc1ccc(-c3ccccc3)c-1c[n+]2Cc1ccccc1,Nc1ccc2c(c1)nc1ccc(-c3ccccc3)c-1c[n+]2Cc1ccccc1,43,0.365,mdm2_qed
mdm2_activator,MDM2,activator,A,CCn1c2cc(Cl)c(OC)cc2c2c[n+]3c4c(cccc4c21)-c1ccccc1-3,CCn1c2cc(Cl)c(OC)cc2c2c[n+]3c4c(cccc4c21)-c1ccccc1-3,44,0.34,mdm2_qed
mdm2_activator,MDM2,activator,A,O=S1(=O)c2cccn2-c2ccccc2N1Cc1ccccc1-c1cccnc1,O=S1(=O)c2cccn2-c2ccccc2N1Cc1ccccc1-c1cccnc1,45,0.528,mdm2_qed
mdm2_activator,MDM2,activator,A,N#Cc1c2n(c3cnccc13)CCc1ccc(cc1)CNC(O)c1cccc(c1)N2,N#Cc1c2n(c3cnccc13)CCc1ccc(cc1)CNC(O)c1cccc(c1)N2,46,0.419,mdm2_qed
mdm2_activator,MDM2,activator,A,N=c1nc2[nH]c(n1)Nc1cccc(c1)Cc1cccc(c1)OCC=CN2,N=c1nc2[nH]c(n1)Nc1cccc(c1)Cc1cccc(c1)OCC=CN2,47,0.502,mdm2_qed
mdm2_activator,MDM2,activator,A,O=C1[C@@H]2Oc3ccccc3[C@@H]2c2cc3ccccc3nc2N1c1cccnc1,O=C1[C@@H]2Oc3ccccc3[C@@H]2c2cc3ccccc3nc2N1c1cccnc1,48,0.507,mdm2_qed
mdm2_activator,MDM2,activator,A,CCN1C[C@H](c2ccccc2-c2c(-c3ccc(F)cc3)nn(C)c2C)c2ccccc2C1=O,CCN1C[C@H](c2ccccc2-c2c(-c3ccc(F)cc3)nn(C)c2C)c2ccccc2C1=O,49,0.403,mdm2_qed
mdm2_activator,MDM2,activator,A,O=C(c1cc(-c2cccnn2)ccc1F)c1cc2cccc3c2c(c1O)C=N3,O=C(c1cc(-c2cccnn2)ccc1F)c1cc2cccc3c2c(c1O)C=N3,50,0.477,mdm2_qed
mdm2_activator,MDM2,activator,A,CC(=O)N(Cc1ccc2c(c1)C[C@H](C)N2)C1=NC(Nc2ccccc2)=C(N)C(C)=CN1,CC(=O)N(Cc1ccc2c(c1)C[C@H](C)N2)C1=NC(Nc2ccccc2)=C(N)C(C)=CN1,51,0.612,mdm2_qed
mdm2_activator,MDM2,activator,A,CCN(C)C(O)C=Cc1ccccc1CN(Cc1ccccc1)c1ccccc1,CCN(C)C(O)C=Cc1ccccc1CN(Cc1ccccc1)c1ccccc1,52,0.514,mdm2_qed
mdm2_activator,MDM2,activator,A,Cc1ncc2c(ncc3c2cc(C(O)NCCc2ccccc2)c2nccn23)n1,Cc1ncc2c(ncc3c2cc(C(O)NCCc2ccccc2)c2nccn23)n1,53,0.358,mdm2_qed
mdm2_activator,MDM2,activator,A,O=[N+](O)c1ccc(-c2nc3nc(N4CCCC4)ncc3[nH]2)c2ccccc12,O=[N+](O)c1ccc(-c2nc3nc(N4CCCC4)ncc3[nH]2)c2ccccc12,54,0.541,mdm2_qed
mdm2_activator,MDM2,activator,A,O=S1(=O)Nc2cc(F)cc(c2)CN2Cc3ccccc3[C@@H](CCc3cccc1c3)C2,O=S1(=O)Nc2cc(F)cc(c2)CN2Cc3ccccc3[C@@H](CCc3cccc1c3)C2,55,0.573,mdm2_qed
mdm2_activator,MDM2,activator,A,O=C(O)c1ccc(Cc2cccc(F)c2)c(-c2ccccn2)c1-c1ccccc1,O=C(O)c1ccc(Cc2cccc(F)c2)c(-c2ccccn2)c1-c1ccccc1,56,0.471,mdm2_qed
mdm2_activator,MDM2,activator,A,CCN(C)c1ccccc1Cn1c2c(c3ccccc31)C=CC(C(O)O)=CC=C2,CCN(C)c1ccccc1Cn1c2c(c3ccccc31)C=CC(C(O)O)=CC=C2,57,0.638,mdm2_qed
mdm2_activator,MDM2,activator,A,Oc1ccc(Nc2[nH+]cccc2C2=N[n+]3ccc(O)c4cccc2c43)cc1,Oc1ccc(Nc2[nH+]cccc2C2=N[n+]3ccc(O)c4cccc2c43)cc1,58,0.343,mdm2_qed
mdm2_activator,MDM2,activator,A,Oc1ccc2c3c1OC=C(c1ccccc1)C=3NC=C(c1ccc[nH+]c1)N=2,Oc1ccc2c3c1OC=C(c1ccccc1)C=3NC=C(c1ccc[nH+]c1)N=2,59,0.739,mdm2_qed
mdm2_activator,MDM2,activator,A,Cc1c[n+]2c(c3c4ccn(N)cc-4[n+](C)c13)CCc1c(O)cc(O)cc1C2,Cc1c[n+]2c(c3c4ccn(N)cc-4[n+](C)c13)CCc1c(O)cc(O)cc1C2,60,0.327,mdm2_qed
mdm2_activator,MDM2,activator,A,Cn1c(=O)n(Cc2cncn2-c2ccc(N)cc2)c(=O)c2ccncc21,Cn1c(=O)n(Cc2cncn2-c2ccc(N)cc2)c(=O)c2ccncc21,61,0.555,mdm2_qed
mdm2_activator,MDM2,activator,A,Clc1cnc2[nH+]c3c(nc2c1)-n1[nH]cc1C[C@@H](C1=Cc2cccc4cccc1c24)CCN3,Clc1cnc2[nH+]c3c(nc2c1)-n1[nH]cc1C[C@@H](C1=Cc2cccc4cccc1c24)CCN3,62,0.39,mdm2_qed
mdm2_activator,MDM2,activator,A,Cn1c(NCc2cccnc2)c(CNc2ccnc3ccccc23)nnc1=O,Cn1c(NCc2cccnc2)c(CNc2ccnc3ccccc23)nnc1=O,63,0.535,mdm2_qed
mdm2_activator,MDM2,activator,A,COc1ccc2cccc3c(=O)n4nc(-c5cc(C(=O)O)ccc5O)cc4c1c23,COc1ccc2cccc3c(=O)n4nc(-c5cc(C(=O)O)ccc5O)cc4c1c23,64,0.492,mdm2_qed
mdm2_activator,MDM2,activator,A,Cc1nc2ccc3oc(=O)c4[nH]nnc4c3c2n1CCc1cc(O)[nH+]c2ccccc12,Cc1nc2ccc3oc(=O)c4[nH]nnc4c3c2n1CCc1cc(O)[nH+]c2ccccc12,65,0.43,mdm2_qed
mdm2_activator,MDM2,activator,A,O[C@@H]1[C@@H]2CC(=Cc3cccnc3-n3cnnc3)[C@@]3(O)C[C@@H]2[C@@H]2C[C@H]3C[C@@]1(O)C2,O[C@@H]1[C@@H]2CC(=Cc3cccnc3-n3cnnc3)[C@@]3(O)C[C@@H]2[C@@H]2C[C@H]3C[C@@]1(O)C2,66,0.726,mdm2_qed
mdm2_activator,MDM2,activator,A,O=C(N[C@@H](C(=O)c1ccc(O)cc1)c1cnc2ccccc2c1)c1cccnc1,O=C(N[C@@H](C(=O)c1ccc(O)cc1)c1cnc2ccccc2c1)c1cccnc1,67,0.513,mdm2_qed
mdm2_activator,MDM2,activator,A,C[N@@H+]1CCc2c(cccc2N=C(O)Nc2cccc3[nH]c(-c4ccccc4)nc23)C1,C[N@@H+]1CCc2c(cccc2N=C(O)Nc2cccc3[nH]c(-c4ccccc4)nc23)C1,68,0.315,mdm2_qed
mdm2_activator,MDM2,activator,A,O=C1OCCN(Cc2cncnc2-c2ccc(F)cc2)[C@H]1c1ccccc1,O=C1OCCN(Cc2cncnc2-c2ccc(F)cc2)[C@H]1c1ccccc1,69,0.665,mdm2_qed
mdm2_activator,MDM2,activator,A,Cn1cc2c3c4[nH]cc(cc-4cc31)C=CC1=Cc3nc[nH+]c4nc(nc1c34)NC(=O)C2,Cn1cc2c3c4[nH]cc(cc-4cc31)C=CC1=Cc3nc[nH+]c4nc(nc1c34)NC(=O)C2,70,0.413,mdm2_qed
mdm2_activator,MDM2,activator,A,O=C(CCO)N(Cc1ccccc1)c1[nH+]c(-c2c[nH]c3cc(F)ccc23)cs1,O=C(CCO)N(Cc1ccccc1)c1[nH+]c(-c2c[nH]c3cc(F)ccc23)cs1,71,0.521,mdm2_qed
mdm2_activator,MDM2,activator,A,O=C1N=CN=C2C1=Nc1nc3ccccc3c(-c3nc4ccccc4s3)c12,O=C1N=CN=C2C1=Nc1nc3ccccc3c(-c3nc4ccccc4s3)c12,72,0.511,mdm2_qed
mdm2_activator,MDM2,activator,A,Cc1cccc2nc([C@@H](CCC(=O)O)c3ccccc3)c(-c3cccnc3O)c-2c1,Cc1cccc2nc([C@@H](CCC(=O)O)c3ccccc3)c(-c3cccnc3O)c-2c1,73,0.463,mdm2_qed
mdm2_activator,MDM2,activator,A,C1=C2c3ccccc3Cc3nccn3CCC(=N1)Nc1ccccc12,C1=C2c3ccccc3Cc3nccn3CCC(=N1)Nc1ccccc12,74,0.676,mdm2_qed
mdm2_activator,MDM2,activator,A,Cc1cnc(=O)n([C@@H]2O[C@H](c3ccccc3)[C@H](OP(=O)(O)O)[C@H]3O[C@H]32)c1,Cc1cnc(=O)n([C@@H]2O[C@H](c3ccccc3)[C@H](OP(=O)(O)O)[C@H]3O[C@H]32)c1,75,0.596,mdm2_qed
mdm2_activator,MDM2,activator,A,Cc1nc2ccccc2n1[C@@H](Cc1ccccc1)C(=O)N(C)CCc1ccccc1,Cc1nc2ccccc2n1[C@@H](Cc1ccccc1)C(=O)N(C)CCc1ccccc1,76,0.448,mdm2_qed
mdm2_activator,MDM2,activator,A,O=Cc1cc(-c2ccc(Oc3ccccc3)c3ccncc23)cnc1O,O=Cc1cc(-c2ccc(Oc3ccccc3)c3ccncc23)cnc1O,77,0.548,mdm2_qed
mdm2_activator,MDM2,activator,A,Cn1cc(CN2CCC[C@@H](c3ncccc3-c3ccccc3)C2)cn1,Cn1cc(CN2CCC[C@@H](c3ncccc3-c3ccccc3)C2)cn1,78,0.727,mdm2_qed
mdm2_activator,MDM2,activator,A,Cc1ccc(C=Cc2[nH+]c(N)nc3c2oc2ccc(CN)cc23)c2[nH]ccc12,Cc1ccc(C=Cc2[nH+]c(N)nc3c2oc2ccc(CN)cc23)c2[nH]ccc12,79,0.449,mdm2_qed
mdm2_activator,MDM2,activator,A,CC(=O)NC1=NN2C(=Cc3ccccc3C(O)=C2OCc2cccc(F)c2F)N1,CC(=O)NC1=NN2C(=Cc3ccccc3C(O)=C2OCc2cccc(F)c2F)N1,80,0.74,mdm2_qed
mdm2_activator,MDM2,activator,A,O=C(CCc1ccc2nc3ccccc3nc2c1)Nc1ccccc1,O=C(CCc1ccc2nc3ccccc3nc2c1)Nc1ccccc1,81,0.567,mdm2_qed
mdm2_activator,MDM2,activator,A,CC(=O)Nc1ccc2c(c1)NC(O)=C(O)C(N[C@@H]1C[C@H]3CCC[C@]1(C)CC3)=N2,CC(=O)Nc1ccc2c(c1)NC(O)=C(O)C(N[C@@H]1C[C@H]3CCC[C@]1(C)CC3)=N2,82,0.522,mdm2_qed
mdm2_activator,MDM2,activator,A,O=C(NCc1cccc[nH+]1)[C@H](Cc1ccccc1)CN(Cc1ccccc1)Cc1cnc[nH]1,O=C(NCc1cccc[nH+]1)[C@H](Cc1ccccc1)CN(Cc1ccccc1)Cc1cnc[nH]1,83,0.375,mdm2_qed
mdm2_activator,MDM2,activator,A,COc1ccc(Cc2cn(-c3cccc[nH+]3)[nH+]c2NCc2c[nH]c3ccccc23)cc1,COc1ccc(Cc2cn(-c3cccc[nH+]3)[nH+]c2NCc2c[nH]c3ccccc23)cc1,84,0.428,mdm2_qed
mdm2_activator,MDM2,activator,A,Cn1ncc2cc(N3C[C@@H](c4cc5ccccc5nc4O)CC3=O)ccc21,Cn1ncc2cc(N3C[C@@H](c4cc5ccccc5nc4O)CC3=O)ccc21,85,0.596,mdm2_qed
mdm2_activator,MDM2,activator,A,O=C(O)c1ccccc2c(-c3cccc(-c4ccc(F)cc4)n3)cnc1-2,O=C(O)c1ccccc2c(-c3cccc(-c4ccc(F)cc4)n3)cnc1-2,86,0.582,mdm2_qed
mdm2_activator,MDM2,activator,A,Cc1ccc2ccc3ccc4c(c3c2c1)-c1cccc2nccc-4c12,Cc1ccc2ccc3ccc4c(c3c2c1)-c1cccc2nccc-4c12,87,0.291,mdm2_qed
mdm2_activator,MDM2,activator,A,COc1cc(-c2cnc3ccccc3c2)c(Cc2ccc(F)cc2)c(O)c1O,COc1cc(-c2cnc3ccccc3c2)c(Cc2ccc(F)cc2)c(O)c1O,88,0.49,mdm2_qed
mdm2_activator,MDM2,activator,A,CC(=O)Nc1cccc(O[C@@H](C)C(=O)N[C@@H](C(N)=O)c2ccccn2)c1,CC(=O)Nc1cccc(O[C@@H](C)C(=O)N[C@@H](C(N)=O)c2ccccn2)c1,89,0.687,mdm2_qed
mdm2_activator,MDM2,activator,A,O=C(O)C1=CNC(c2ccccc2)=C(N2C=CC=C(F)C=C2)c2cnccc21,O=C(O)C1=CNC(c2ccccc2)=C(N2C=CC=C(F)C=C2)c2cnccc21,90,0.847,mdm2_qed
mdm2_activator,MDM2,activator,A,O=c1oc2ccccc2c2c(NCc3[nH+]c4ccccc4o3)c3cc[nH]cc-3c12,O=c1oc2ccccc2c2c(NCc3[nH+]c4ccccc4o3)c3cc[nH]cc-3c12,91,0.44,mdm2_qed
mdm2_activator,MDM2,activator,A,Fc1ccc(Cn2nn[nH+]c2-c2c[nH+]n(Cc3c[nH]c4ccccc34)c2)cc1,Fc1ccc(Cn2nn[nH+]c2-c2c[nH+]n(Cc3c[nH]c4ccccc34)c2)cc1,92,0.51,mdm2_qed
mdm2_activator,MDM2,activator,A,NC(=O)c1ccc2c(-c3nc(F)ccc3N3CCOCC3)ncnc2c1,NC(=O)c1ccc2c(-c3nc(F)ccc3N3CCOCC3)ncnc2c1,93,0.721,mdm2_qed
mdm2_activator,MDM2,activator,A,O=C1N=Cc2ccc(cc2)NCCCc2nc3ncnc(c3[nH]2)-c2cccc1c2,O=C1N=Cc2ccc(cc2)NCCCc2nc3ncnc(c3[nH]2)-c2cccc1c2,94,0.484,mdm2_qed
mdm2_activator,MDM2,activator,A,Nc1nc(Nc2ccccc2Oc2ccccc2)nn1-c1ccccn1,Nc1nc(Nc2ccccc2Oc2ccccc2)nn1-c1ccccn1,95,0.572,mdm2_qed
mdm2_activator,MDM2,activator,A,CC1=C(O)C(O)=C2c3ccccc3Nc3cccc(c32)N1c1ccc(=O)[nH]c1,CC1=C(O)C(O)=C2c3ccccc3Nc3cccc(c32)N1c1ccc(=O)[nH]c1,96,0.39,mdm2_qed
mdm2_activator,MDM2,activator,A,FC(F)(F)Oc1cccc(-c2coc(-c3cn[nH]c3-c3ccccc3)[nH+]2)c1,FC(F)(F)Oc1cccc(-c2coc(-c3cn[nH]c3-c3ccccc3)[nH+]2)c1,97,0.564,mdm2_qed
mdm2_activator,MDM2,activator,A,CCOC(=O)c1cc(C(=O)O)c2cccc(-c3ccc4ccccc4c3)c2c1,CCOC(=O)c1cc(C(=O)O)c2cccc(-c3ccc4ccccc4c3)c2c1,98,0.479,mdm2_qed
mdm2_activator,MDM2,activator,A,Nc1ncnc(-c2cccc(CN3C(=O)C(=O)N[C@H](Cc4ccccc4)C3=O)c2)n1,Nc1ncnc(-c2cccc(CN3C(=O)C(=O)N[C@H](Cc4ccccc4)C3=O)c2)n1,99,0.475,mdm2_qed
mdm2_activator,MDM2,activator,A,CN1CCC[C@H](Nc2ccc(-c3cc(-c4ccccc4)[nH+]n3C)c3nc[nH]c(=O)c23)C1,CN1CCC[C@H](Nc2ccc(-c3cc(-c4ccccc4)[nH+]n3C)c3nc[nH]c(=O)c23)C1,100,0.537,mdm2_qed
mdm2_activator,MDM2,activator,A,CN1CCN(C[C@@H](c2cccc(F)c2)n2cnnc2-c2cccnc2)C1=O,CN1CCN(C[C@@H](c2cccc(F)c2)n2cnnc2-c2cccnc2)C1=O,101,0.696,mdm2_qed
mdm2_activator,MDM2,activator,A,Cn1c(N)nc2c(ncn2[C@@]2(C)O[C@@H](COP(=O)(O)O)[C@H](OP(=O)(O)O)[C@@H]2O)c1=O,Cn1c(N)nc2c(ncn2[C@@]2(C)O[C@@H](COP(=O)(O)O)[C@H](OP(=O)(O)O)[C@@H]2O)c1=O,102,0.244,mdm2_qed
mdm2_activator,MDM2,activator,A,O=c1cccc2cc3oc4ccccc4c4c5ccccc5oc(c12)c34,O=c1cccc2cc3oc4ccccc4c4c5ccccc5oc(c12)c34,103,0.252,mdm2_qed
mdm2_activator,MDM2,activator,A,COc1ccc([C@H]2C[C@@H](c3ncnc4[nH]cnc34)[C@H]([C@@H](O)COP(=O)(O)O)O2)cc1,COc1ccc([C@H]2C[C@@H](c3ncnc4[nH]cnc34)[C@H]([C@@H](O)COP(=O)(O)O)O2)cc1,104,0.399,mdm2_qed
mdm2_activator,MDM2,activator,A,Oc1ccc(-c2ccn3c(-c4ccccc4)nc4ccccc4c23)cc1,Oc1ccc(-c2ccn3c(-c4ccccc4)nc4ccccc4c23)cc1,105,0.46,mdm2_qed
mdm2_activator,MDM2,activator,A,Cc1ccc2c3c(cccc13)N=C(O)c1ccccc1-c1cncc(n1)CN2,Cc1ccc2c3c(cccc13)N=C(O)c1ccccc1-c1cncc(n1)CN2,106,0.45,mdm2_qed
mdm2_activator,MDM2,activator,A,CCN1CCCn2ccc3c(N)cc(nc32)-n2c(nc3ccccc32)CC1,CCN1CCCn2ccc3c(N)cc(nc32)-n2c(nc3ccccc32)CC1,107,0.566,mdm2_qed
mdm2_activator,MDM2,activator,A,NS(=O)(=O)c1cccc(-c2n[nH]cc2Cc2cc[nH+]c3ncccc23)c1,NS(=O)(=O)c1cccc(-c2n[nH]cc2Cc2cc[nH+]c3ncccc23)c1,108,0.571,mdm2_qed
mdm2_activator,MDM2,activator,A,CN(C)C(=O)c1ccc(-c2ccc(O)c(-c3ccc(S(N)(=O)=O)cc3)c2)cc1,CN(C)C(=O)c1ccc(-c2ccc(O)c(-c3ccc(S(N)(=O)=O)cc3)c2)cc1,109,0.708,mdm2_qed
mdm2_activator,MDM2,activator,A,Cc1nc(-c2cc(C=C(O)N=C3N=c4ccccc4=[S+]3)c3ccccc3n2)no1,Cc1nc(-c2cc(C=C(O)N=C3N=c4ccccc4=[S+]3)c3ccccc3n2)no1,110,0.323,mdm2_qed
mdm2_activator,MDM2,activator,A,CCN(CCc1cc(-c2ccccc2)nc2ccccc12)Cc1ccccc1,CCN(CCc1cc(-c2ccccc2)nc2ccccc12)Cc1ccccc1,111,0.401,mdm2_qed
mdm2_activator,MDM2,activator,A,O=[SH](O)(O)c1ccccc1Cc1nc(-c2cc[nH+]cc2O)[n+]2cccccc1-2,O=[SH](O)(O)c1ccccc1Cc1nc(-c2cc[nH+]cc2O)[n+]2cccccc1-2,112,0.311,mdm2_qed
mdm2_activator,MDM2,activator,A,CC(C)N(c1ccccc1)c1cc2[nH+]cccc2c2c1c(=O)[nH]c1ccccc12,CC(C)N(c1ccccc1)c1cc2[nH+]cccc2c2c1c(=O)[nH]c1ccccc12,113,0.438,mdm2_qed
mdm2_activator,MDM2,activator,A,C1=NC2=C3C(=CNc4ccccc43)CCCN(c3cc[nH+]cc3)C2=[NH+]1,C1=NC2=C3C(=CNc4ccccc43)CCCN(c3cc[nH+]cc3)C2=[NH+]1,114,0.83,mdm2_qed
mdm2_activator,MDM2,activator,A,COC(=O)C1=Cc2cccc(c2)OCC(=O)Nc2cccc(O)c2C=[N+]=C1,COC(=O)C1=Cc2cccc(c2)OCC(=O)Nc2cccc(O)c2C=[N+]=C1,115,0.59,mdm2_qed
mdm2_activator,MDM2,activator,A,O=C1CCC2=C1Nc1ccccc1C=C2NC(c1ccccc1)c1ccccc1,O=C1CCC2=C1Nc1ccccc1C=C2NC(c1ccccc1)c1ccccc1,116,0.634,mdm2_qed
mdm2_activator,MDM2,activator,A,Cc1cccc(CC2CCN(CC=C(O)N3CCOCC3)CC2)c1,Cc1cccc(CC2CCN(CC=C(O)N3CCOCC3)CC2)c1,117,0.842,mdm2_qed
mdm2_activator,MDM2,activator,A,NC[C@@H](c1ccccc1-c1nc[nH+]c2ccccc12)c1cccc2c(C(=O)O)c[nH]c12,NC[C@@H](c1ccccc1-c1nc[nH+]c2ccccc12)c1cccc2c(C(=O)O)c[nH]c12,118,0.408,mdm2_qed
mdm2_activator,MDM2,activator,A,CN(c1ccccc1)c1cc(-c2ccccc2Oc2cccc3ccccc23)nc(N)n1,CN(c1ccccc1)c1cc(-c2ccccc2Oc2cccc3ccccc23)nc(N)n1,119,0.356,mdm2_qed
mdm2_activator,MDM2,activator,A,C[C@@H](CN(C)c1ccc(CC(=O)O)cc1)Oc1cn2ncnc2c2nnnn12,C[C@@H](CN(C)c1ccc(CC(=O)O)cc1)Oc1cn2ncnc2c2nnnn12,120,0.492,mdm2_qed
mdm2_activator,MDM2,activator,A,O=C(Cc1cccnc1)N1CCCn2cnc3nccc(c32)Cc2cccc(c2)C1,O=C(Cc1cccnc1)N1CCCn2cnc3nccc(c32)Cc2cccc(c2)C1,121,0.52,mdm2_qed
mdm2_activator,MDM2,activator,A,C[C@@H](CCc1ccnc2ccccc12)n1c(=O)cc(O)c2nc3ncccc3nc21,C[C@@H](CCc1ccnc2ccccc12)n1c(=O)cc(O)c2nc3ncccc3nc21,122,0.464,mdm2_qed
mdm2_activator,MDM2,activator,A,O=C(OCc1ccnc2ccccc12)c1ccc(-c2ccnc(O)c2)cn1,O=C(OCc1ccnc2ccccc12)c1ccc(-c2ccnc(O)c2)cn1,123,0.56,mdm2_qed
mdm2_activator,MDM2,activator,A,O=C(NCCc1ccccc1)c1cc2cccnc2c2cnccc12,O=C(NCCc1ccccc1)c1cc2cccnc2c2cnccc12,124,0.581,mdm2_qed
mdm2_activator,MDM2,activator,A,NCCCNC(=O)c1cc2c(F)c(C=Cc3ccccc3)ccc2c2ccccc12,NCCCNC(=O)c1cc2c(F)c(C=Cc3ccccc3)ccc2c2ccccc12,125,0.26,mdm2_qed
mdm2_activator,MDM2,activator,A,Cc1cc([C@H]2c3ccccc3-c3ccccc3CN2C2CCNCC2)no1,Cc1cc([C@H]2c3ccccc3-c3ccccc3CN2C2CCNCC2)no1,126,0.74,mdm2_qed
mdm2_activator,MDM2,activator,A,O=c1c2ccc3ccccc3c2ncn1Cc1cccc2ccccc12,O=c1c2ccc3ccccc3c2ncn1Cc1cccc2ccccc12,127,0.436,mdm2_qed
mdm2_activator,MDM2,activator,A,O=S(=O)(O)c1cccc(Nc2cc([C@H](c3ccccc3)c3cccnn3)ccn2)c1,O=S(=O)(O)c1cccc(Nc2cc([C@H](c3ccccc3)c3cccnn3)ccn2)c1,128,0.455,mdm2_qed
mdm2_activator,MDM2,activator,A,Cn1nc2ccccc2c(C:Cc2cnccc2-c2cccnc2)c1=O,Cn1nc2ccccc2c(C:Cc2cnccc2-c2cccnc2)c1=O,129,0.572,mdm2_qed
mdm2_activator,MDM2,activator,A,c1c[nH+]cc(-c2cccc(CCn3cccc4n5cccc5[nH]c5cccc3c5-4)c2)c1,c1c[nH+]cc(-c2cccc(CCn3cccc4n5cccc5[nH]c5cccc3c5-4)c2)c1,130,0.397,mdm2_qed
mdm2_activator,MDM2,activator,A,O=C(NCCn1c(=O)[nH]c2ccccc2c1=O)c1cc(-c2ccccc2)n[nH]1,O=C(NCCn1c(=O)[nH]c2ccccc2c1=O)c1cc(-c2ccccc2)n[nH]1,131,0.491,mdm2_qed
mdm2_activator,MDM2,activator,A,Nc1cncc2c1NC=CC(N1CCN(Cc3cc[nH+]c4ccccc34)CC1)=C2,Nc1cncc2c1NC=CC(N1CCN(Cc3cc[nH+]c4ccccc34)CC1)=C2,132,0.725,mdm2_qed
mdm2_activator,MDM2,activator,A,O=C(c1cc(C(O)Oc2cccc3ccc(=O)oc23)ccn1)N1CCCCC1,O=C(c1cc(C(O)Oc2cccc3ccc(=O)oc23)ccn1)N1CCCCC1,133,0.553,mdm2_qed
mdm2_activator,MDM2,activator,A,Nc1ncc2nc(-c3ccccc3)cnc2c1NCCNc1cccc2ccccc12,Nc1ncc2nc(-c3ccccc3)cnc2c1NCCNc1cccc2ccccc12,134,0.346,mdm2_qed
mdm2_activator,MDM2,activator,A,O=C1N=C2C=CNc3ccc(nc32)CN2CCC[C@H](C2)c2cc(ccn2)N1,O=C1N=C2C=CNc3ccc(nc32)CN2CCC[C@H](C2)c2cc(ccn2)N1,135,0.754,mdm2_qed
mdm2_activator,MDM2,activator,A,C1=C2Cn3cnnc3CCCCOc3cccc(c3)CNC2=CC=C(c2ccccc2)N1,C1=C2Cn3cnnc3CCCCOc3cccc(c3)CNC2=CC=C(c2ccccc2)N1,136,0.612,mdm2_qed
mdm2_activator,MDM2,activator,A,c1ccc(-c2ncc3ncnc4c3c2N=C4CCCCc2ccccn2)cc1,c1ccc(-c2ncc3ncnc4c3c2N=C4CCCCc2ccccn2)cc1,137,0.454,mdm2_qed
mdm2_activator,MDM2,activator,A,O=C(c1ccccc1)[C@@H](Cc1cccc2cnccc12)c1ccccc1O,O=C(c1ccccc1)[C@@H](Cc1cccc2cnccc12)c1ccccc1O,138,0.505,mdm2_qed
mdm2_activator,MDM2,activator,A,CC(C)(C)c1ccccc2nc(N[C@@H](c3ccc4nncn4c3)c3ccccn3)nc1-2,CC(C)(C)c1ccccc2nc(N[C@@H](c3ccc4nncn4c3)c3ccccn3)nc1-2,139,0.47,mdm2_qed
mdm2_activator,MDM2,activator,A,CNc1ncnc2ncnc(N[C@H](c3ccccc3)c3ccco3)c12,CNc1ncnc2ncnc(N[C@H](c3ccccc3)c3ccco3)c12,140,0.58,mdm2_qed
mdm2_activator,MDM2,activator,A,C1=C(c2ccc3ncccc3c2)c2c(-c3ccncc3)cnc3cccc(c23)O1,C1=C(c2ccc3ncccc3c2)c2c(-c3ccncc3)cnc3cccc(c23)O1,141,0.402,mdm2_qed
mdm2_activator,MDM2,activator,A,Cc1[nH+]n(Cc2ccc(O)cc2)c2ccc(-c3c[nH]c4ccccc34)cc12,Cc1[nH+]n(Cc2ccc(O)cc2)c2ccc(-c3c[nH]c4ccccc34)cc12,142,0.486,mdm2_qed
mdm2_activator,MDM2,activator,A,Cc1nc(-c2ccccc2)c2cc([C@@H](CC(=O)O)c3ncno3)ccc2n1,Cc1nc(-c2ccccc2)c2cc([C@@H](CC(=O)O)c3ncno3)ccc2n1,143,0.58,mdm2_qed
mdm2_activator,MDM2,activator,A,COc1ccc2c(c1)-n1cnc3ncnc(c31)NCc1cccnc1N2,COc1ccc2c(c1)-n1cnc3ncnc(c31)NCc1cccnc1N2,144,0.548,mdm2_qed
mdm2_activator,MDM2,activator,A,Cc1cccc2c1-c1ccc(cc1)N1CC[C@@H](CCc3cccnc3C=NC2)C1,Cc1cccc2c1-c1ccc(cc1)N1CC[C@@H](CCc3cccnc3C=NC2)C1,145,0.518,mdm2_qed
mdm2_activator,MDM2,activator,A,Oc1ccc(C=C[n+]2c3ccc(O)cc3cc3c4ccccc4c(O)cc32)cc1,Oc1ccc(C=C[n+]2c3ccc(O)cc3cc3c4ccccc4c(O)cc32)cc1,146,0.225,mdm2_qed
mdm2_activator,MDM2,activator,A,O=C(O)c1ccc(CCCNC2=C3C=CC=CC=C3NC(c3ccc(F)cc3)=C2)[nH+]c1,O=C(O)c1ccc(CCCNC2=C3C=CC=CC=C3NC(c3ccc(F)cc3)=C2)[nH+]c1,147,0.601,mdm2_qed
mdm2_activator,MDM2,activator,A,O=C(O)COc1cc(-c2nc(Nc3ccccn3)c3c4c(ncn24)C=CC=C3)ccc1O,O=C(O)COc1cc(-c2nc(Nc3ccccn3)c3c4c(ncn24)C=CC=C3)ccc1O,148,0.425,mdm2_qed
mdm2_activator,MDM2,activator,A,O=C(O)C1=Cc2c(ccnc2N2CCCN3CCC[C@H]3[C@@H]2c2ccccc2)NC=C1,O=C(O)C1=Cc2c(ccnc2N2CCCN3CCC[C@H]3[C@@H]2c2ccccc2)NC=C1,149,0.812,mdm2_qed
mdm2_activator,MDM2,activator,A,C=C(Cc1cnc2ccccc2c1)NS(=O)(=O)c1ccc2ncccc2c1,C=C(Cc1cnc2ccccc2c1)NS(=O)(=O)c1ccc2ncccc2c1,150,0.576,mdm2_qed
mdm2_activator,MDM2,activator,A,Nc1ccc(-c2c3cnc4[nH+]cccc4c3c3cccc4c3[n+]2C=N4)cc1,Nc1ccc(-c2c3cnc4[nH+]cccc4c3c3cccc4c3[n+]2C=N4)cc1,151,0.281,mdm2_qed
mdm2_activator,MDM2,activator,A,O=c1cc(-c2ccccc2)c2cccc([C@@H](c3ccccc3)c3ccc(F)cc3)c2[nH]1,O=c1cc(-c2ccccc2)c2cccc([C@@H](c3ccccc3)c3ccc(F)cc3)c2[nH]1,152,0.34,mdm2_qed
mdm2_activator,MDM2,activator,A,CC(C)OC(=O)c1ccc2c(c1)=C(c1ccc(O)c(O)c1)Nc1ccccc1N=2,CC(C)OC(=O)c1ccc2c(c1)=C(c1ccc(O)c(O)c1)Nc1ccccc1N=2,153,0.473,mdm2_qed
mdm2_activator,MDM2,activator,A,O=S(=O)(c1cc2c(c3c1-c1ccccc1NC=3)=CC=C(O)O2)N1CCCCCC1,O=S(=O)(c1cc2c(c3c1-c1ccccc1NC=3)=CC=C(O)O2)N1CCCCCC1,154,0.796,mdm2_qed
mdm2_activator,MDM2,activator,A,O=C(O)C1=COc2c3c(nc4cc([SH](=O)(O)O)cc(O)c24)-c2ccccc2C3=N1,O=C(O)C1=COc2c3c(nc4cc([SH](=O)(O)O)cc(O)c24)-c2ccccc2C3=N1,155,0.315,mdm2_qed
mdm2_activator,MDM2,activator,A,Cc1nc2[nH]cc(C[C@H]3Nc4ccccc4-c4nn[nH]c43)c2cc1-c1ccccc1,Cc1nc2[nH]cc(C[C@H]3Nc4ccccc4-c4nn[nH]c43)c2cc1-c1ccccc1,156,0.402,mdm2_qed
mdm2_activator,MDM2,activator,A,Cn1nnc2cc(C[C@@H]3CCN(Cc4ccc5ccccc5c4)C3)ccc21,Cn1nnc2cc(C[C@@H]3CCN(Cc4ccc5ccccc5c4)C3)ccc21,157,0.55,mdm2_qed
mdm2_activator,MDM2,activator,A,CNCCN(CCc1ccccc1-c1ccc2c(N)nccc2c1)C(=O)OC,CNCCN(CCc1ccccc1-c1ccc2c(N)nccc2c1)C(=O)OC,158,0.659,mdm2_qed
mdm2_activator,MDM2,activator,A,O=C(N=c1cccc(-c2ccccc2)[nH]1)Nc1ccccc1-c1ccccc1,O=C(N=c1cccc(-c2ccccc2)[nH]1)Nc1ccccc1-c1ccccc1,159,0.496,mdm2_qed
mdm2_activator,MDM2,activator,A,CCN(Cc1cnc2c(O)ncnc2c1)[C@@H]1CCc2nc3cccnn3c(=O)c21,CCN(Cc1cnc2c(O)ncnc2c1)[C@@H]1CCc2nc3cccnn3c(=O)c21,160,0.561,mdm2_qed
mdm2_activator,MDM2,activator,A,COc1c[nH+]c2c(N=Cc3cc4ccccc4[nH]c3=O)c(C)c(=O)n(C)c2c1,COc1c[nH+]c2c(N=Cc3cc4ccccc4[nH]c3=O)c(C)c(=O)n(C)c2c1,161,0.557,mdm2_qed
mdm2_activator,MDM2,activator,A,Cc1cc(C(=O)O)ccc1NC(=O)c1cccc2c(=O)[nH]c3ccccc3c12,Cc1cc(C(=O)O)ccc1NC(=O)c1cccc2c(=O)[nH]c3ccccc3c12,162,0.474,mdm2_qed
mdm2_activator,MDM2,activator,A,Nc1ncnc(N[C@@H]2CN(Cc3ccc4ccncc4n3)C[C@@H]3CCC[C@H]32)n1,Nc1ncnc(N[C@@H]2CN(Cc3ccc4ccncc4n3)C[C@@H]3CCC[C@H]32)n1,163,0.713,mdm2_qed
mdm2_activator,MDM2,activator,A,C1=Nc2ccncc2[C@@H]1CCOc1cccc2c1=C1C(=Nc3ccccc31)N=2,C1=Nc2ccncc2[C@@H]1CCOc1cccc2c1=C1C(=Nc3ccccc31)N=2,164,0.714,mdm2_qed
mdm2_activator,MDM2,activator,A,O=P(O)(O)OC[C@@H]1C[C@@H](Oc2cccc3ccccc23)[C@@H]([C@H](F)COP(=O)(O)O)O1,O=P(O)(O)OC[C@@H]1C[C@@H](Oc2cccc3ccccc23)[C@@H]([C@H](F)COP(=O)(O)O)O1,165,0.405,mdm2_qed
mdm2_activator,MDM2,activator,A,Cn1c(-c2nnc3c4cccc5cccc(c54)n23)cc2c(N)ncnc21,Cn1c(-c2nnc3c4cccc5cccc(c54)n23)cc2c(N)ncnc21,166,0.497,mdm2_qed
mdm2_activator,MDM2,activator,A,COC(=O)c1ccc(CCn2c(=O)c3c(ccc4cc(C)oc43)c3cccnc32)cc1,COC(=O)c1ccc(CCn2c(=O)c3c(ccc4cc(C)oc43)c3cccnc32)cc1,167,0.318,mdm2_qed
mdm2_activator,MDM2,activator,A,Cc1[nH]n2c(ccc3ccc4nccc4c32)c1-c1cccc(-c2ccccc2)c1,Cc1[nH]n2c(ccc3ccc4nccc4c32)c1-c1cccc(-c2ccccc2)c1,168,0.364,mdm2_qed
mdm2_activator,MDM2,activator,A,Nc1cccc(-c2[nH+]n3c(c2Cc2c[nH+]c4[nH]c5ccccc5n24)CCCC3)c1,Nc1cccc(-c2[nH+]n3c(c2Cc2c[nH+]c4[nH]c5ccccc5n24)CCCC3)c1,169,0.461,mdm2_qed
mdm2_activator,MDM2,activator,A,Cc1ccccc1-c1c(CCOc2ccc3ncccc3[nH+]2)[nH]c2ccccc12,Cc1ccccc1-c1c(CCOc2ccc3ncccc3[nH+]2)[nH]c2ccccc12,170,0.46,mdm2_qed
mdm2_activator,MDM2,activator,A,Cn1c(-c2ccc(S(=O)(=O)O)o2)cc(O)c(-c2ccc(F)cc2)c1=O,Cn1c(-c2ccc(S(=O)(=O)O)o2)cc(O)c(-c2ccc(F)cc2)c1=O,171,0.69,mdm2_qed
mdm2_activator,MDM2,activator,A,C[n+]1c2oc(-c3ccc(O)cc3)c3c(O)c(O)ccc3c-2c2ccccc21,C[n+]1c2oc(-c3ccc(O)cc3)c3c(O)c(O)ccc3c-2c2ccccc21,172,0.308,mdm2_qed
mdm2_activator,MDM2,activator,A,C[C@H](O[P@]1(=O)O[P@](=O)(O)O1)[C@]1(O)O[C@H]2[C@H](O)[C@@H]1O[C@H]2Nc1ncnc2cncnc12,C[C@H](O[P@]1(=O)O[P@](=O)(O)O1)[C@]1(O)O[C@H]2[C@H](O)[C@@H]1O[C@H]2Nc1ncnc2cncnc12,173,0.419,mdm2_qed
mdm2_activator,MDM2,activator,A,CN1c2cc(ccn2)CCNCCc2cccc(c2)[C@H]1c1ccc(F)cc1,CN1c2cc(ccn2)CCNCCc2cccc(c2)[C@H]1c1ccc(F)cc1,174,0.706,mdm2_qed
mdm2_activator,MDM2,activator,A,Cc1oc(-c2ccccc2)c(Cc2ccc(O)c(O)c2)c1C=NCc1ccccc1,Cc1oc(-c2ccccc2)c(Cc2ccc(O)c(O)c2)c1C=NCc1ccccc1,175,0.316,mdm2_qed
mdm2_activator,MDM2,activator,A,COc1c(O)cc2cc1OCCc1ccc3ccc4c(c(c(C)n4C)C(=O)NC2)c3c1,COc1c(O)cc2cc1OCCc1ccc3ccc4c(c(c(C)n4C)C(=O)NC2)c3c1,176,0.487,mdm2_qed
mdm2_activator,MDM2,activator,A,O=c1cc(-c2nonc2-c2ccc(O)cc2)c2cc([N+](=O)O)ccc2o1,O=c1cc(-c2nonc2-c2ccc(O)cc2)c2cc([N+](=O)O)ccc2o1,177,0.425,mdm2_qed
mdm2_activator,MDM2,activator,A,N#[N+]C(=Cc1cc2c(C(=O)NCC3CCNCC3)cccc2cn1)c1ccncc1,N#[N+]C(=Cc1cc2c(C(=O)NCC3CCNCC3)cccc2cn1)c1ccncc1,178,0.638,mdm2_qed
mdm2_activator,MDM2,activator,A,O=C1NCc2ccccc2[SH](=O)(O)c2cccc3ncnc(c23)NC1O,O=C1NCc2ccccc2[SH](=O)(O)c2cccc3ncnc(c23)NC1O,179,0.371,mdm2_qed
mdm2_activator,MDM2,activator,A,CC1(C)CN[C@@H](C[n+]2ccccc2)[C@H]([n+]2cnc3c4ccccc4cccc2-3)C1,CC1(C)CN[C@@H](C[n+]2ccccc2)[C@H]([n+]2cnc3c4ccccc4cccc2-3)C1,180,0.548,mdm2_qed
mdm2_activator,MDM2,activator,A,C[N+]1=C(C(=O)O)C(=NN=Cc2ccc3[nH+]cccc3c2)c2cc3ccccc3[nH+]c21,C[N+]1=C(C(=O)O)C(=NN=Cc2ccc3[nH+]cccc3c2)c2cc3ccccc3[nH+]c21,181,0.327,mdm2_qed
mdm2_activator,MDM2,activator,A,Cc1c[nH+]c2c(N3CCN(C)C[C@@H]3C)c3c(nc2c1)NC(=CN(C)C)N3c1ccccc1,Cc1c[nH+]c2c(N3CCN(C)C[C@@H]3C)c3c(nc2c1)NC(=CN(C)C)N3c1ccccc1,182,0.687,mdm2_qed
mdm2_activator,MDM2,activator,A,O=C(O)C[C@@H](OC(=Nc1ccc(Cl)c(Cl)c1Cl)c1ccc(O)cc1)c1ccccc1,O=C(O)C[C@@H](OC(=Nc1ccc(Cl)c(Cl)c1Cl)c1ccc(O)cc1)c1ccccc1,183,0.243,mdm2_qed
mdm2_activator,MDM2,activator,A,C[N@H+]1C[C@@](Cc2ncc(-c3cccc[nH+]3)[nH]2)(C(=O)O)Oc2ccccc21,C[N@H+]1C[C@@](Cc2ncc(-c3cccc[nH+]3)[nH]2)(C(=O)O)Oc2ccccc21,184,0.637,mdm2_qed
mdm2_activator,MDM2,activator,A,Cc1cccc2cc3c(nc12)c1ccccc1c(=O)n3[C@@H]1CCCNCC1,Cc1cccc2cc3c(nc12)c1ccccc1c(=O)n3[C@@H]1CCCNCC1,185,0.407,mdm2_qed
mdm2_activator,MDM2,activator,A,Cc1ccc2cc1N1CCN(CC1)[C@@H]1CCCN(CCc3ccccc3-2)C1,Cc1ccc2cc1N1CCN(CC1)[C@@H]1CCCN(CCc3ccccc3-2)C1,186,0.707,mdm2_qed
mdm2_activator,MDM2,activator,A,O=C(O)c1ccc(-c2cc(Cn3c(=O)[nH]c(=O)c4ccccc43)c3ccccc3[nH+]2)cc1,O=C(O)c1ccc(-c2cc(Cn3c(=O)[nH]c(=O)c4ccccc43)c3ccccc3[nH+]2)cc1,187,0.462,mdm2_qed
mdm2_activator,MDM2,activator,A,CC(C)(O)[N+]1=CNCc2ccc(Cc3c(O)ccc4ccccc34)cc2C1,CC(C)(O)[N+]1=CNCc2ccc(Cc3c(O)ccc4ccccc34)cc2C1,188,0.626,mdm2_qed
mdm2_activator,MDM2,activator,A,OC(=N[C@H](c1ccccc1)c1cccc(CN2CCNCC2)c1)c1ccc(O)cc1,OC(=N[C@H](c1ccccc1)c1cccc(CN2CCNCC2)c1)c1ccc(O)cc1,189,0.433,mdm2_qed
mdm2_activator,MDM2,activator,A,C1=CNc2nc(cs2)-c2cncc(c2)Oc2ccc3c(cccc3c2)CN=C1,C1=CNc2nc(cs2)-c2cncc(c2)Oc2ccc3c(cccc3c2)CN=C1,190,0.425,mdm2_qed
mdm2_activator,MDM2,activator,A,c1ccc(CNc2ccc3c4c(cccc24)Nc2ccccc2-3)cc1,c1ccc(CNc2ccc3c4c(cccc24)Nc2ccccc2-3)cc1,191,0.415,mdm2_qed
mdm2_activator,MDM2,activator,A,O=C(O)C[C@@H](Cc1ccccc1)c1cccc2[nH]c3c(C(=O)O)cccc3c12,O=C(O)C[C@@H](Cc1ccccc1)c1cccc2[nH]c3c(C(=O)O)cccc3c12,192,0.452,mdm2_qed
mdm2_activator,MDM2,activator,A,O=C(O)c1ccc2ccc3c(c2c1)CCN(c1cnccc2ncnc1-2)C3,O=C(O)c1ccc2ccc3c(c2c1)CCN(c1cnccc2ncnc1-2)C3,193,0.593,mdm2_qed
mdm2_activator,MDM2,activator,A,C[C@H]1C[C@@H](c2ccc[nH+]c2)CN1c1cccc(-c2[nH+]cncc2-c2cn[nH]n2)c1,C[C@H]1C[C@@H](c2ccc[nH+]c2)CN1c1cccc(-c2[nH+]cncc2-c2cn[nH]n2)c1,194,0.585,mdm2_qed
mdm2_activator,MDM2,activator,A,OCCN(Cc1ccnc2ccccc12)C(O)=N[C@H]1CCc2ccccc2C1,OCCN(Cc1ccnc2ccccc12)C(O)=N[C@H]1CCc2ccccc2C1,195,0.529,mdm2_qed
mdm2_activator,MDM2,activator,A,c1ccc(Nc2ccc3cccc(Nc4ccnc5ccccc45)c3n2)nc1,c1ccc(Nc2ccc3cccc(Nc4ccnc5ccccc45)c3n2)nc1,196,0.431,mdm2_qed
mdm2_activator,MDM2,activator,A,COc1ccc(-c2ncncc2-c2ccc3cccn3c2)cc1O,COc1ccc(-c2ncncc2-c2ccc3cccn3c2)cc1O,197,0.625,mdm2_qed
mdm2_activator,MDM2,activator,A,CNc1ncnc2c(Nc3ccccc3NC(=O)c3ccccc3)cccc12,CNc1ncnc2c(Nc3ccccc3NC(=O)c3ccccc3)cccc12,198,0.476,mdm2_qed
mdm2_activator,MDM2,activator,A,COc1ccc(C=C2C(O)=Nc3ncccc3[C@H]3[C@H]2CCN2CCCN[C@@H]32)cc1,COc1ccc(C=C2C(O)=Nc3ncccc3[C@H]3[C@H]2CCN2CCCN[C@@H]32)cc1,199,0.821,mdm2_qed
mdm2_activator,MDM2,activator,A,c1cc2c3c(-c4ccc5cnccc5n4)ccnc3nc-2c2ccncc2c1,c1cc2c3c(-c4ccc5cnccc5n4)ccnc3nc-2c2ccncc2c1,201,0.418,mdm2_qed
mdm2_activator,MDM2,activator,A,O=C(O)O[C@H]1[C@@H]2C[C@@H](OC(=Cc3ccc(O)c(O)c3)[C@H]2O)O[C@H]1c1ccc(O)cc1,O=C(O)O[C@H]1[C@@H]2C[C@@H](OC(=Cc3ccc(O)c(O)c3)[C@H]2O)O[C@H]1c1ccc(O)cc1,202,0.376,mdm2_qed
mdm2_activator,MDM2,activator,A,COc1c2ccc(C)cc2nc2c1cc(CNc1ccccc1)c1cccc(O)c12,COc1c2ccc(C)cc2nc2c1cc(CNc1ccccc1)c1cccc(O)c12,203,0.282,mdm2_qed
mdm2_activator,MDM2,activator,A,O=C1Nc2ncnc3nc(-c4ccccc4)cc(c23)N1CN1CCOCC1,O=C1Nc2ncnc3nc(-c4ccccc4)cc(c23)N1CN1CCOCC1,204,0.77,mdm2_qed
mdm2_activator,MDM2,activator,A,O=c1c2c(oc3cc4c(cc13)CC[NH+]=C4)N=C1C=CC=CC=C1N2,O=c1c2c(oc3cc4c(cc13)CC[NH+]=C4)N=C1C=CC=CC=C1N2,205,0.771,mdm2_qed
mdm2_activator,MDM2,activator,A,O=C(O)c1ccccc1[C@@H](c1ccccc1O)N1CCC(C(=O)O)CC1,O=C(O)c1ccccc1[C@@H](c1ccccc1O)N1CCC(C(=O)O)CC1,206,0.763,mdm2_qed
mdm2_activator,MDM2,activator,A,O=C1N[C@@H]2CCN(C2)c2cc(ncn2)[C@@H]2CCCCN(Cc3cccc1c3)C2,O=C1N[C@@H]2CCN(C2)c2cc(ncn2)[C@@H]2CCCCN(Cc3cccc1c3)C2,207,0.765,mdm2_qed
mdm2_activator,MDM2,activator,A,CS(=O)(=O)N1CCN(C(=O)NCc2cc(-c3ccccc3)c3cccn3c2)CC1,CS(=O)(=O)N1CCN(C(=O)NCc2cc(-c3ccccc3)c3cccn3c2)CC1,208,0.715,mdm2_qed
mdm2_activator,MDM2,activator,A,Cc1cc2n(Cc3cc(-c4ccc(-c5ccc(F)c[nH+]5)cc4)[nH]n3)c(=O)ncnc-2[nH+]1,Cc1cc2n(Cc3cc(-c4ccc(-c5ccc(F)c[nH+]5)cc4)[nH]n3)c(=O)ncnc-2[nH+]1,209,0.484,mdm2_qed
mdm2_activator,MDM2,activator,A,O=c1ncnc2n([C@@H]3O[C@@H]4O[P@](=O)(O)O[P@@](=O)(O)OC[C@@H]4[C@H]3O)ccnc1-2,O=c1ncnc2n([C@@H]3O[C@@H]4O[P@](=O)(O)O[P@@](=O)(O)OC[C@@H]4[C@H]3O)ccnc1-2,210,0.486,mdm2_qed
mdm2_activator,MDM2,activator,A,N#Cc1ccc(-n2cccc2CNCc2cc(-c3cc[nH]c3)o[nH+]2)cc1,N#Cc1ccc(-n2cccc2CNCc2cc(-c3cc[nH]c3)o[nH+]2)cc1,211,0.564,mdm2_qed
mdm2_activator,MDM2,activator,A,COC(=O)[C@H](Nc1cccc2ccccc12)c1ccc(O)cc1OC,COC(=O)[C@H](Nc1cccc2ccccc12)c1ccc(O)cc1OC,212,0.692,mdm2_qed
mdm2_activator,MDM2,activator,A,CN1Cc2cc(ccc2O)N=C(O)c2cccc(c2)C(=O)c2cccc(c2)C1=O,CN1Cc2cc(ccc2O)N=C(O)c2cccc(c2)C(=O)c2cccc(c2)C1=O,213,0.614,mdm2_qed
mdm2_activator,MDM2,activator,A,C1=CC2=CC3=CNC2=CC=C1CNCCCNc1[nH+]ccc2occ3c12,C1=CC2=CC3=CNC2=CC=C1CNCCCNc1[nH+]ccc2occ3c12,214,0.687,mdm2_qed
mdm2_activator,MDM2,activator,A,O=C(O)[C@H]1[C@H](O)[C@H](n2ccc3nc(=O)ncc-3c2)O[C@H](O)[C@H]1OP(=O)(O)O,O=C(O)[C@H]1[C@H](O)[C@H](n2ccc3nc(=O)ncc-3c2)O[C@H](O)[C@H]1OP(=O)(O)O,215,0.357,mdm2_qed
mdm2_activator,MDM2,activator,A,COc1ccc(Nc2cc(C(=O)O)cc3ccc4ccc(F)cc4c23)cc1,COc1ccc(Nc2cc(C(=O)O)cc3ccc4ccc(F)cc4c23)cc1,216,0.466,mdm2_qed
mdm2_activator,MDM2,activator,A,C1=C2CNCCc3cccc(c3)Nc3cc(nc[nH+]3)Cn3ccc(c3=C1)=CN2,C1=C2CNCCc3cccc(c3)Nc3cc(nc[nH+]3)Cn3ccc(c3=C1)=CN2,217,0.543,mdm2_qed
mdm2_activator,MDM2,activator,A,O=C(Nc1ccc(-c2ccncc2)cc1)c1cccc(-n2nnnn2)c1,O=C(Nc1ccc(-c2ccncc2)cc1)c1cccc(-n2nnnn2)c1,218,0.611,mdm2_qed
mdm2_activator,MDM2,activator,A,Cc1c(CCc2cc3ccc(F)c(CN4CCCCCC4)c3[nH]2)n[nH+]c(O)c1O,Cc1c(CCc2cc3ccc(F)c(CN4CCCCCC4)c3[nH]2)n[nH+]c(O)c1O,219,0.614,mdm2_qed
mdm2_activator,MDM2,activator,A,CC(=O)Nc1nc2c(nc[nH+]1)nc(C)[n+]1c3ccccc3c(-c3ccccc3)c21,CC(=O)Nc1nc2c(nc[nH+]1)nc(C)[n+]1c3ccccc3c(-c3ccccc3)c21,220,0.476,mdm2_qed
mdm2_activator,MDM2,activator,A,Cc1ccc2c3c(c[nH]c13)[C@@H](CCc1ccccc1)C[C@@H]1[C@@H]2CCCN1C,Cc1ccc2c3c(c[nH]c13)[C@@H](CCc1ccccc1)C[C@@H]1[C@@H]2CCCN1C,221,0.629,mdm2_qed
mdm2_activator,MDM2,activator,A,Nc1nc(=O)c2ncn([C@@H]3O[C@H](CO[P@](=O)(O)OP(=O)(O)O)[C@@H](O)[C@H]3O)c2[nH]1,Nc1nc(=O)c2ncn([C@@H]3O[C@H](CO[P@](=O)(O)OP(=O)(O)O)[C@@H](O)[C@H]3O)c2[nH]1,222,0.229,mdm2_qed
mdm2_activator,MDM2,activator,A,c1ccc(-c2ccc(-c3cccnc3)c3nc4nc5ccccc5n4n23)cc1,c1ccc(-c2ccc(-c3cccnc3)c3nc4nc5ccccc5n4n23)cc1,223,0.442,mdm2_qed
mdm2_activator,MDM2,activator,A,CCN(CCC1CCc2[nH]c3ccccc3c2CCO1)C(=O)Nc1ccc[nH+]c1,CCN(CCC1CCc2[nH]c3ccccc3c2CCO1)C(=O)Nc1ccc[nH+]c1,224,0.692,mdm2_qed
mdm2_activator,MDM2,activator,A,C[n+]1cn(CC(=O)NCc2ccc(N)cc2)c2c1C(=O)N=C1N=CN=C12,C[n+]1cn(CC(=O)NCc2ccc(N)cc2)c2c1C(=O)N=C1N=CN=C12,225,0.576,mdm2_qed
mdm2_activator,MDM2,activator,A,CN1C(=O)c2ccc(C(=O)O)c(c2)C(O)c2ccccc2O[C@@H]2CCC[C@@H]21,CN1C(=O)c2ccc(C(=O)O)c(c2)C(O)c2ccccc2O[C@@H]2CCC[C@@H]21,226,0.809,mdm2_qed
mdm2_activator,MDM2,activator,A,O=c1c(-c2cccc(CN3CCCCC3)c2)cnc2[nH]c3cc(F)ccc3n12,O=c1c(-c2cccc(CN3CCCCC3)c2)cnc2[nH]c3cc(F)ccc3n12,227,0.589,mdm2_qed
mdm2_activator,MDM2,activator,A,CNc1c(C)ccc(Nc2ccccc2Cc2cnc3cccccc2-3)c1C,CNc1c(C)ccc(Nc2ccccc2Cc2cnc3cccccc2-3)c1C,228,0.442,mdm2_qed
mdm2_activator,MDM2,activator,A,C1=CNC=C(CC[N@@H+]2CCc3cnc4ccccc4c3C[C@H]2c2cccc[nH+]2)C=C1,C1=CNC=C(CC[N@@H+]2CCc3cnc4ccccc4c3C[C@H]2c2cccc[nH+]2)C=C1,229,0.712,mdm2_qed
mdm2_activator,MDM2,activator,A,O=C(O)c1cn(-c2ccccc2)nc1-c1ccc2cccc(-c3ccccc3)c2n1,O=C(O)c1cn(-c2ccccc2)nc1-c1ccc2cccc(-c3ccccc3)c2n1,230,0.442,mdm2_qed
mdm2_activator,MDM2,activator,A,Cc1nc2cc3ccccc3cc2c(N=C(O)c2cccc(S(=O)(=O)O)c2)c1C,Cc1nc2cc3ccccc3cc2c(N=C(O)c2cccc(S(=O)(=O)O)c2)c1C,231,0.218,mdm2_qed
mdm2_activator,MDM2,activator,A,O=C(Nc1cnccc1-c1ccccn1)c1cc(F)ccc1Nc1cnccn1,O=C(Nc1cnccc1-c1ccccn1)c1cc(F)ccc1Nc1cnccn1,232,0.537,mdm2_qed
mdm2_activator,MDM2,activator,A,c1ccc(-c2c3c(-n4cnnc4)ccccc-3c3ncccc23)cc1,c1ccc(-c2c3c(-n4cnnc4)ccccc-3c3ncccc23)cc1,233,0.477,mdm2_qed
mdm2_activator,MDM2,activator,A,COc1cccc(-c2cnc(N3CCCNCC3)nc2-c2ccccc2)c1,COc1cccc(-c2cnc(N3CCCNCC3)nc2-c2ccccc2)c1,234,0.77,mdm2_qed
mdm2_activator,MDM2,activator,A,COc1ccc2c(c1)nc(-c1ccc3cnccc3c1)c1ccccc12,COc1ccc2c(c1)nc(-c1ccc3cnccc3c1)c1ccccc12,235,0.393,mdm2_qed
mdm2_activator,MDM2,activator,A,O=c1c2ccccc2[nH+]c2c3cccnc3[n+]3c4ccccc4n1c23,O=c1c2ccccc2[nH+]c2c3cccnc3[n+]3c4ccccc4n1c23,236,0.402,mdm2_qed
mdm2_activator,MDM2,activator,A,C1=Nc2c(Cc3cccc4ccncc34)ccc3nc4ccccc4c(c23)N=C1,C1=Nc2c(Cc3cccc4ccncc34)ccc3nc4ccccc4c(c23)N=C1,237,0.36,mdm2_qed
mdm2_activator,MDM2,activator,A,CCN(Cc1ccc2ccccc2[nH+]1)Cc1ccc(CN2CCNCC2)[n+](C)c1O,CCN(Cc1ccc2ccccc2[nH+]1)Cc1ccc(CN2CCNCC2)[n+](C)c1O,238,0.585,mdm2_qed
mdm2_activator,MDM2,activator,A,N[C@@H](Cc1c[nH]c2cccc(-c3ccccc3-c3c[nH]c4ccccc34)c12)C(=O)O,N[C@@H](Cc1c[nH]c2cccc(-c3ccccc3-c3c[nH]c4ccccc34)c12)C(=O)O,239,0.339,mdm2_qed
mdm2_activator,MDM2,activator,A,O=C1CCC(=O)N2CCc3nc4ccccc4c(c3C2)NC(=O)c2cccc(c2)N1,O=C1CCC(=O)N2CCc3nc4ccccc4c(c3C2)NC(=O)c2cccc(c2)N1,240,0.607,mdm2_qed
mdm2_activator,MDM2,activator,A,CC1(C)ONC[C@@H]1[C@H](O)Nc1cc2cc(F)ccc2c2ccccc12,CC1(C)ONC[C@@H]1[C@H](O)Nc1cc2cc(F)ccc2c2ccccc12,241,0.501,mdm2_qed
mdm2_activator,MDM2,activator,A,CC[N@@H+]1Cc2ccccc2[C@@H](C[n+]2c3c4c([nH+]cnc4c4ccccc42)C=N3)C1,CC[N@@H+]1Cc2ccccc2[C@@H](C[n+]2c3c4c([nH+]cnc4c4ccccc42)C=N3)C1,242,0.375,mdm2_qed
mdm2_activator,MDM2,activator,A,Cc1ccc2c(nc(-c3cc(C(=O)O)c(O)cc3-c3ccccc3)c3ccnn32)c1O,Cc1ccc2c(nc(-c3cc(C(=O)O)c(O)cc3-c3ccccc3)c3ccnn32)c1O,243,0.399,mdm2_qed
mdm2_activator,MDM2,activator,A,O=c1cc2c(-c3cccc(O)c3)c3cnc4nccc(nc2cc1O)c43,O=c1cc2c(-c3cccc(O)c3)c3cnc4nccc(nc2cc1O)c43,244,0.486,mdm2_qed
mdm2_activator,MDM2,activator,A,Nc1ncnc2c1ncn2[C@@H]1O[C@H](COP(=O)(O)O)[C@@H](O)[C@@H]1OP(=O)(O)O,Nc1ncnc2c1ncn2[C@@H]1O[C@H](COP(=O)(O)O)[C@@H](O)[C@@H]1OP(=O)(O)O,245,0.281,mdm2_qed
mdm2_activator,MDM2,activator,A,Nc1ccc2c(n1)c1cn2CCCOc2ccccc2CNc2ccccc2-1,Nc1ccc2c(n1)c1cn2CCCOc2ccccc2CNc2ccccc2-1,246,0.472,mdm2_qed
mdm2_activator,MDM2,activator,A,O=S(=O)(N[C@@H]1CNc2c(ccc3c(F)nccc23)C1)c1cccc2ccnnc12,O=S(=O)(N[C@@H]1CNc2c(ccc3c(F)nccc23)C1)c1cccc2ccnnc12,247,0.505,mdm2_qed
mdm2_activator,MDM2,activator,A,CCN(c1cccc(C)c1)c1ncnc2nc3c(nc12)N(C)CCC3,CCN(c1cccc(C)c1)c1ncnc2nc3c(nc12)N(C)CCC3,248,0.733,mdm2_qed
mdm2_activator,MDM2,activator,A,COc1cccc2c1c(=O)c1ccccc3c4cc(C=O)ccc4[n+]2c13,COc1cccc2c1c(=O)c1ccccc3c4cc(C=O)ccc4[n+]2c13,249,0.365,mdm2_qed
mdm2_activator,MDM2,activator,A,COc1ccc(NCc2cc3c(=O)[nH]cnc3c3cc(C)ccc23)c[nH+]1,COc1ccc(NCc2cc3c(=O)[nH]cnc3c3cc(C)ccc23)c[nH+]1,250,0.556,mdm2_qed
mdm2_activator,MDM2,activator,A,O=C1Nc2nccc(C(=O)O)c2Nc2cccc(n2)CCC[C@@H](c2ccccc2)N1,O=C1Nc2nccc(C(=O)O)c2Nc2cccc(n2)CCC[C@@H](c2ccccc2)N1,251,0.512,mdm2_qed
mdm2_activator,MDM2,activator,A,Cn1nc([C@H]2CCCN2Cc2cn(C)c3ccncc23)nc1SCc1cccnc1,Cn1nc([C@H]2CCCN2Cc2cn(C)c3ccncc23)nc1SCc1cccnc1,252,0.444,mdm2_qed
mdm2_activator,MDM2,activator,A,CN(C)c1ccc2c(c1)CCN1CC[C@H]3C[C@@H]1[C@@H]2CCc1c(O)cccc13,CN(C)c1ccc2c(c1)CCN1CC[C@H]3C[C@@H]1[C@@H]2CCc1c(O)cccc13,253,0.82,mdm2_qed
mdm2_activator,MDM2,activator,A,Nc1nccc([C@@H]2CCCN3CO[C@@H](C3)[C@H](c3ccccc3)OCCCCN2)n1,Nc1nccc([C@@H]2CCCN3CO[C@@H](C3)[C@H](c3ccccc3)OCCCCN2)n1,254,0.806,mdm2_qed
mdm2_activator,MDM2,activator,A,Nc1ncc(O)c(-n2cnnc2Cc2ccccc2)c1NCc1cccnc1,Nc1ncc(O)c(-n2cnnc2Cc2ccccc2)c1NCc1cccnc1,255,0.476,mdm2_qed
mdm2_activator,MDM2,activator,A,Nc1cc(N[C@@H](c2ccccc2)c2ncnc(NCc3ccccn3)n2)ccn1,Nc1cc(N[C@@H](c2ccccc2)c2ncnc(NCc3ccccn3)n2)ccn1,256,0.445,mdm2_qed
mdm2_activator,MDM2,activator,A,Nc1ccncc2c(CN3CCCN(C(=O)c4ccccc4)C3)cnc1-2,Nc1ccncc2c(CN3CCCN(C(=O)c4ccccc4)C3)cnc1-2,257,0.788,mdm2_qed
mdm2_activator,MDM2,activator,A,Cc1cccc(-c2cccc([C@H](c3cccc[nH+]3)c3c[nH]c4ccccc34)c2)c1,Cc1cccc(-c2cccc([C@H](c3cccc[nH+]3)c3c[nH]c4ccccc34)c2)c1,258,0.391,mdm2_qed
mdm2_activator,MDM2,activator,A,C(=CNC(c1ccccc1)c1ccccc1)CCCc1ccccc1,C(=CNC(c1ccccc1)c1ccccc1)CCCc1ccccc1,259,0.508,mdm2_qed
mdm2_activator,MDM2,activator,A,CS(=O)(=O)c1ccc(CNCc2[nH+]cncc2-c2nn[nH]n2)c2ccc[nH+]c12,CS(=O)(=O)c1ccc(CNCc2[nH+]cncc2-c2nn[nH]n2)c2ccc[nH+]c12,260,0.455,mdm2_qed
mdm2_activator,MDM2,activator,A,COc1ccc(Nc2ncnc3c2CN(c2ncc(N)cn2)CC3)nc1,COc1ccc(Nc2ncnc3c2CN(c2ncc(N)cn2)CC3)nc1,261,0.723,mdm2_qed
mdm2_activator,MDM2,activator,A,CC(C)(C)[N+]1=C2N=CC(C(=O)NC[C@H]3Cc4cnc5ncccc5c4O3)=C2C(=N)N1,CC(C)(C)[N+]1=C2N=CC(C(=O)NC[C@H]3Cc4cnc5ncccc5c4O3)=C2C(=N)N1,262,0.664,mdm2_qed
mdm2_activator,MDM2,activator,A,O=C(O)c1ccc2c(c1)C(=O)Oc1cccc3c1C2=Cc1ccc(O)cc1O3,O=C(O)c1ccc2c(c1)C(=O)Oc1cccc3c1C2=Cc1ccc(O)cc1O3,263,0.382,mdm2_qed
mdm2_activator,MDM2,activator,A,O=c1cc2c3c(cccc3[nH]1)Nc1ccccc1CN1CC[C@@H](CC2)C12CC2,O=c1cc2c3c(cccc3[nH]1)Nc1ccccc1CN1CC[C@@H](CC2)C12CC2,264,0.608,mdm2_qed
mdm2_activator,MDM2,activator,A,COc1cccc(Oc2ccc3c4ncccc4c4c(=O)n(N)cnc4c3n2)c1,COc1cccc(Oc2ccc3c4ncccc4c4c(=O)n(N)cnc4c3n2)c1,265,0.376,mdm2_qed
mdm2_activator,MDM2,activator,A,CN(Cc1ccc(N)cn1)c1ccccc1OCCN[SH](=O)(O)Cc1ccccc1,CN(Cc1ccc(N)cn1)c1ccccc1OCCN[SH](=O)(O)Cc1ccccc1,266,0.293,mdm2_qed
mdm2_activator,MDM2,activator,A,O=C1NCC[n+]2cc(c(O)c3ccccc32)C=NNC2=CC=CC1=CN2,O=C1NCC[n+]2cc(c(O)c3ccccc32)C=NNC2=CC=CC1=CN2,267,0.53,mdm2_qed
mdm2_activator,MDM2,activator,A,CN1Cc2cccc(c2)Nc2nccc(n2)Sc2nc(-c3ccc(F)cc3)ccc2C1,CN1Cc2cccc(c2)Nc2nccc(n2)Sc2nc(-c3ccc(F)cc3)ccc2C1,268,0.402,mdm2_qed
mdm2_activator,MDM2,activator,A,CS(=O)(=O)Nc1ccc2c3c(c(Cc4ccccc4)ccc13)-c1cc(F)ccc1O2,CS(=O)(=O)Nc1ccc2c3c(c(Cc4ccccc4)ccc13)-c1cc(F)ccc1O2,269,0.406,mdm2_qed
mdm2_activator,MDM2,activator,A,CC(=O)N[C@]1(C)C(=O)Nc2cccc(F)c2Nc2ccnc3cccc1c23,CC(=O)N[C@]1(C)C(=O)Nc2cccc(F)c2Nc2ccnc3cccc1c23,270,0.618,mdm2_qed
mdm2_activator,MDM2,activator,A,Oc1cccc(Cc2cc3ccc4cnccc4c3c3cccc(O)c23)c1,Oc1cccc(Cc2cc3ccc4cnccc4c3c3cccc(O)c23)c1,271,0.41,mdm2_qed
mdm2_activator,MDM2,activator,A,c1ccc(-c2cnc3ccccc3c2NC(c2ccccc2)c2ccccc2)cc1,c1ccc(-c2cnc3ccccc3c2NC(c2ccccc2)c2ccccc2)cc1,272,0.348,mdm2_qed
mdm2_activator,MDM2,activator,A,O=c1ccc(-c2ncccc2CCc2ccc(-n3cnnc3)cn2)ccc1O,O=c1ccc(-c2ncccc2CCc2ccc(-n3cnnc3)cn2)ccc1O,273,0.579,mdm2_qed
mdm2_activator,MDM2,activator,A,CCC(=O)Nc1cc(-c2ccccc2)cc(-c2cc(C(=O)O)no2)c1,CCC(=O)Nc1cc(-c2ccccc2)cc(-c2cc(C(=O)O)no2)c1,274,0.733,mdm2_qed
mdm2_activator,MDM2,activator,A,CCOc1ccc(C(=O)O)cc1-c1cc(C)c(O)c2c(C)cccc12,CCOc1ccc(C(=O)O)cc1-c1cc(C)c(O)c2c(C)cccc12,275,0.709,mdm2_qed
mdm2_activator,MDM2,activator,A,N#Cc1c(N)ncnc1CN1C[C@@H](c2ccccc2)CCCC1=O,N#Cc1c(N)ncnc1CN1C[C@@H](c2ccccc2)CCCC1=O,276,0.935,mdm2_qed
mdm2_activator,MDM2,activator,A,Cc1cc2c(-c3ccccc3)cc3c4ccccc4c4c5ccccc5nc1c4n23,Cc1cc2c(-c3ccccc3)cc3c4ccccc4c4c5ccccc5nc1c4n23,277,0.214,mdm2_qed
mdm2_activator,MDM2,activator,A,O=C(O)[C@@H](Cc1ccccn1)c1cc(-c2ccccc2)c2ccccc2c1,O=C(O)[C@@H](Cc1ccccn1)c1cc(-c2ccccc2)c2ccccc2c1,278,0.529,mdm2_qed
mdm2_activator,MDM2,activator,A,O=C1c2ccc3[nH]cc(c3c2)Cc2cncc(c2)CC[N@H+]1C[C@H]1CCCNCC1,O=C1c2ccc3[nH]cc(c3c2)Cc2cncc(c2)CC[N@H+]1C[C@H]1CCCNCC1,279,0.629,mdm2_qed
mdm2_activator,MDM2,activator,A,CC1=CN=c2c(ccc3c2=C([C@@H](c2ccccc2)c2cn[nH]n2)N=CN3)N1,CC1=CN=c2c(ccc3c2=C([C@@H](c2ccccc2)c2cn[nH]n2)N=CN3)N1,280,0.671,mdm2_qed
mdm2_activator,MDM2,activator,A,Fc1cccc(CN(c2cc(F)ccc2F)c2ccnc3c4c(cn23)CNCC4)c1,Fc1cccc(CN(c2cc(F)ccc2F)c2ccnc3c4c(cn23)CNCC4)c1,281,0.53,mdm2_qed
mdm2_activator,MDM2,activator,A,O=C(O)c1ccc(NC2=C[N+](Cc3ccccc3)=C3N=CN=C23)cc1,O=C(O)c1ccc(NC2=C[N+](Cc3ccccc3)=C3N=CN=C23)cc1,282,0.827,mdm2_qed
mdm2_activator,MDM2,activator,A,O=C(O)c1cccc2cc3cc4c5c(cccc5c3cc12)Nc1ccc(O)cc1-4,O=C(O)c1cccc2cc3cc4c5c(cccc5c3cc12)Nc1ccc(O)cc1-4,283,0.179,mdm2_qed
mdm2_activator,MDM2,activator,A,Cc1cc2nc(n1)N(C)Cc1ccc(cc1)N=c1ncnc3c1nc(c1cccn13)=N2,Cc1cc2nc(n1)N(C)Cc1ccc(cc1)N=c1ncnc3c1nc(c1cccn13)=N2,284,0.391,mdm2_qed
mdm2_activator,MDM2,activator,A,O=C1CCc2cccc(c2)-c2cc(-c3ccccc3)nc(n2)-n2cccc2N1,O=C1CCc2cccc(c2)-c2cc(-c3ccccc3)nc(n2)-n2cccc2N1,285,0.54,mdm2_qed
mdm2_activator,MDM2,activator,A,O=c1[nH]c(NCCN2CCCCC[C@H]2Cc2ccccc2O)nc2ccccc12,O=c1[nH]c(NCCN2CCCCC[C@H]2Cc2ccccc2O)nc2ccccc12,286,0.598,mdm2_qed
mdm2_activator,MDM2,activator,A,COc1cc2c(c(O)c1O)OCc1cccc(c1)C[C@@H]1CN(CCN1C(C)(C)C)C2=O,COc1cc2c(c(O)c1O)OCc1cccc(c1)C[C@@H]1CN(CCN1C(C)(C)C)C2=O,287,0.682,mdm2_qed
mdm2_activator,MDM2,activator,A,C=C1N=NC(c2ccc(OC)cc2)=[N+]1Cc1cccc2ccccc12,C=C1N=NC(c2ccc(OC)cc2)=[N+]1Cc1cccc2ccccc12,288,0.637,mdm2_qed
mdm2_activator,MDM2,activator,A,COc1ccnc2[nH]c([C@@H](C)[n+]3c(O)nc4ccnc5ccccc5c3-4)nc12,COc1ccnc2[nH]c([C@@H](C)[n+]3c(O)nc4ccnc5ccccc5c3-4)nc12,289,0.472,mdm2_qed
mdm2_activator,MDM2,activator,A,Nc1ncnc2c1ccc[n+]2C[C@H](O)[C@H](O)[C@H](O)COP1(=O)O[P@](=O)(O)O[P@@](=O)(O)O1,Nc1ncnc2c1ccc[n+]2C[C@H](O)[C@H](O)[C@H](O)COP1(=O)O[P@](=O)(O)O[P@@](=O)(O)O1,290,0.195,mdm2_qed
mdm2_activator,MDM2,activator,A,O=C(O)Cc1ccc2c3c(cccc13)[NH+]=C2CCNC1=C2C=CC=CC=C2NN=N1,O=C(O)Cc1ccc2c3c(cccc13)[NH+]=C2CCNC1=C2C=CC=CC=C2NN=N1,291,0.599,mdm2_qed
mdm2_activator,MDM2,activator,A,O[C@H]1CN2CCCC[C@H]2[C@H](c2cccnc2-c2ccccc2)c2ccccc21,O[C@H]1CN2CCCC[C@H]2[C@H](c2cccnc2-c2ccccc2)c2ccccc21,292,0.705,mdm2_qed
mdm2_activator,MDM2,activator,A,Cc1n[nH]cc1-c1cccc(C(=O)[C@@H](c2ccccc2)N(C)Cc2ccccc2)c1,Cc1n[nH]cc1-c1cccc(C(=O)[C@@H](c2ccccc2)N(C)Cc2ccccc2)c1,293,0.424,mdm2_qed
mdm2_activator,MDM2,activator,A,Fc1ncccc1-c1ccccc1Nc1ncncc1CNCc1ccccc1,Fc1ncccc1-c1ccccc1Nc1ncncc1CNCc1ccccc1,294,0.451,mdm2_qed
mdm2_activator,MDM2,activator,A,C1=Cc2cccc(c2)CN(Cc2ccccc2)Cc2cccn3cc(nc23)C=NC1,C1=Cc2cccc(c2)CN(Cc2ccccc2)Cc2cccn3cc(nc23)C=NC1,295,0.482,mdm2_qed
mdm2_activator,MDM2,activator,A,CN1Cc2ccc(cc2)NC(=O)Nc2cccnc2N2C(=O)Cc3c1cccc32,CN1Cc2ccc(cc2)NC(=O)Nc2cccnc2N2C(=O)Cc3c1cccc32,296,0.615,mdm2_qed
mdm2_activator,MDM2,activator,A,Nc1ccc(O)c2c(NCC(=O)NCc3ccc(F)cc3)ccnc12,Nc1ccc(O)c2c(NCC(=O)NCc3ccc(F)cc3)ccnc12,297,0.422,mdm2_qed
mdm2_activator,MDM2,activator,A,O=C1[NH+]=CCc2nc(C3=C4N=c5ccccc5=[N+]4c4ccccc43)oc21,O=C1[NH+]=CCc2nc(C3=C4N=c5ccccc5=[N+]4c4ccccc43)oc21,298,0.619,mdm2_qed
mdm2_activator,MDM2,activator,A,O=c1[nH]c2c(c(=O)[nH]1)N[C@H](COP(=O)(O)O)CN2c1ccc2ccccc2c1,O=c1[nH]c2c(c(=O)[nH]1)N[C@H](COP(=O)(O)O)CN2c1ccc2ccccc2c1,299,0.408,mdm2_qed
mdm2_activator,MDM2,activator,A,COc1ccc(CN(CCc2ccccc2)Cc2ccc(S(N)(=O)=O)cc2)cc1,COc1ccc(CN(CCc2ccccc2)Cc2ccc(S(N)(=O)=O)cc2)cc1,300,0.585,mdm2_qed
mdm2_activator,MDM2,activator,A,CCN1CNc2cccnc2-c2ccc3c(c2)N(CC1=O)c1ccc(C)cc1N3,CCN1CNc2cccnc2-c2ccc3c(c2)N(CC1=O)c1ccc(C)cc1N3,301,0.647,mdm2_qed
mdm2_activator,MDM2,activator,A,COc1ccc(Cn2nc3c(ncc2=O)c2ncnc2c(=O)n3C)cc1,COc1ccc(Cn2nc3c(ncc2=O)c2ncnc2c(=O)n3C)cc1,302,0.529,mdm2_qed
mdm2_activator,MDM2,activator,A,Nc1ccc(Cc2[nH]c3ccccc3c2C2=[N+]3C=NN=C3N=C2C(=O)O)cc1,Nc1ccc(Cc2[nH]c3ccccc3c2C2=[N+]3C=NN=C3N=C2C(=O)O)cc1,303,0.48,mdm2_qed
mdm2_activator,MDM2,activator,A,COc1c(O)cc2cccc3c2c1[C@@H](C)[C@@H]1[C@@H](O)NC2=C(NC=CC=N2)N[C@@H]31,COc1c(O)cc2cccc3c2c1[C@@H](C)[C@@H]1[C@@H](O)NC2=C(NC=CC=N2)N[C@@H]31,304,0.522,mdm2_qed
mdm2_activator,MDM2,activator,A,OC1c2cccc3c2-c2c(ccc4cccc-3c24)-c2ncnc3[nH]cc1c23,OC1c2cccc3c2-c2c(ccc4cccc-3c24)-c2ncnc3[nH]cc1c23,305,0.414,mdm2_qed
mdm2_activator,MDM2,activator,A,COc1ccc(-c2c(-c3c[nH]c4ccccc34)c[nH+]c3ccccc23)cc1,COc1ccc(-c2c(-c3c[nH]c4ccccc34)c[nH+]c3ccccc23)cc1,306,0.459,mdm2_qed
mdm2_activator,MDM2,activator,A,Cn1ncc2c(-c3cn(Cc4ccccc4)c4c(O)ncnc34)cccc21,Cn1ncc2c(-c3cn(Cc4ccccc4)c4c(O)ncnc34)cccc21,307,0.535,mdm2_qed
mdm2_activator,MDM2,activator,A,Cn1cc(Cc2cc(O)cc3c2[nH]c2cc(C(=O)O)ccc23)c2ccccc21,Cn1cc(Cc2cc(O)cc3c2[nH]c2cc(C(=O)O)ccc23)c2ccccc21,308,0.426,mdm2_qed
mdm2_activator,MDM2,activator,A,O=c1ccc2c(nc(N3CCNC[C@@H](c4ccccc4)C3)c3ccccc32)[nH]1,O=c1ccc2c(nc(N3CCNC[C@@H](c4ccccc4)C3)c3ccccc32)[nH]1,309,0.532,mdm2_qed
mdm2_activator,MDM2,activator,A,COc1ncnc2oc(-c3ccccc3)c(-c3ccc(O)c(C(=O)O)c3)c12,COc1ncnc2oc(-c3ccccc3)c(-c3ccc(O)c(C(=O)O)c3)c12,310,0.566,mdm2_qed
mdm2_activator,MDM2,activator,A,CN1CC(=O)NCc2cccc(c2)-c2nncn2-c2cccc3cc(ccc23)C1,CN1CC(=O)NCc2cccc(c2)-c2nncn2-c2cccc3cc(ccc23)C1,311,0.507,mdm2_qed
mdm2_activator,MDM2,activator,A,CNC(=O)COc1ccc(Cn2cn[n+]3c(O)c4ccccc4nc23)cc1,CNC(=O)COc1ccc(Cn2cn[n+]3c(O)c4ccccc4nc23)cc1,312,0.516,mdm2_qed
mdm2_activator,MDM2,activator,A,Nc1cccc(O)c1Cc1cccc(Nc2ncnc3ncncc23)c1,Nc1cccc(O)c1Cc1cccc(Nc2ncnc3ncncc23)c1,313,0.488,mdm2_qed
mdm2_activator,MDM2,activator,A,C1=C(c2ccc3c(c2)OCO3)Nc2ccncc2C(c2ccc3ccccc3c2)=N1,C1=C(c2ccc3c(c2)OCO3)Nc2ccncc2C(c2ccc3ccccc3c2)=N1,314,0.509,mdm2_qed
mdm2_activator,MDM2,activator,A,N=C(Nc1ccc2nccc(-n3ccnc3)c2c1)N1Cc2ccccc2C1,N=C(Nc1ccc2nccc(-n3ccnc3)c2c1)N1Cc2ccccc2C1,315,0.424,mdm2_qed
mdm2_activator,MDM2,activator,A,c1ccc(COC2=c3c(-n4cncn4)coc3=Nc3ccccc3O2)cc1,c1ccc(COC2=c3c(-n4cncn4)coc3=Nc3ccccc3O2)cc1,316,0.56,mdm2_qed
mdm2_activator,MDM2,activator,A,Cn1cnc2c(ncn2C[C@H]2O[C@@H](OP(=O)(O)O)[C@@H](OP(=O)(O)O)[C@@H]2O)c1=O,Cn1cnc2c(ncn2C[C@H]2O[C@@H](OP(=O)(O)O)[C@@H](OP(=O)(O)O)[C@@H]2O)c1=O,317,0.301,mdm2_qed
mdm2_activator,MDM2,activator,A,COc1cccc2c1CCN2c1nc(-c2ccc(F)cc2)c2ccncc2n1,COc1cccc2c1CCN2c1nc(-c2ccc(F)cc2)c2ccncc2n1,318,0.529,mdm2_qed
mdm2_activator,MDM2,activator,A,C=CC1=CC(=O)C2C(=O)C(=c3c(C=C(C)C(=O)O)c(C)oc3=C)C(=O)C2=C1,C=CC1=CC(=O)C2C(=O)C(=c3c(C=C(C)C(=O)O)c(C)oc3=C)C(=O)C2=C1,319,0.635,mdm2_qed
mdm2_activator,MDM2,activator,A,Cc1c(-c2c[nH]c3cc(S(N)(=O)=O)ccc23)[nH+]c(-c2cc3ccccc3n2C)n1C,Cc1c(-c2c[nH]c3cc(S(N)(=O)=O)ccc23)[nH+]c(-c2cc3ccccc3n2C)n1C,320,0.469,mdm2_qed
mdm2_activator,MDM2,activator,A,CN(C(=O)CN)c1cccc([C@H]([C@@H]2CCN(c3ccccn3)C2)n2cncn2)c1,CN(C(=O)CN)c1cccc([C@H]([C@@H]2CCN(c3ccccn3)C2)n2cncn2)c1,321,0.688,mdm2_qed
mdm2_activator,MDM2,activator,A,Oc1ccc(-c2n[nH]c(C3=CC=C4NC=NN4C=C3)c2-c2ccc(O)cc2)cc1,Oc1ccc(-c2n[nH]c(C3=CC=C4NC=NN4C=C3)c2-c2ccc(O)cc2)cc1,322,0.552,mdm2_qed
mdm2_activator,MDM2,activator,A,O=S(=O)(O)c1cccc(-c2cccc(O)c2C2=CC=C3NC=CC=C3C=C2)c1,O=S(=O)(O)c1cccc(-c2cccc(O)c2C2=CC=C3NC=CC=C3C=C2)c1,323,0.683,mdm2_qed
mdm2_activator,MDM2,activator,A,C[C@@H](c1ccccc1)c1cccc2c1-c1[nH+]ccnc1C[C@@H](c1cn[nH]n1)O2,C[C@@H](c1ccccc1)c1cccc2c1-c1[nH+]ccnc1C[C@@H](c1cn[nH]n1)O2,324,0.599,mdm2_qed
mdm2_activator,MDM2,activator,A,c1ccc2nc3[nH]c4cc[nH]c5c6ccccc6c(c6ccccc6c3cc2c1)c45,c1ccc2nc3[nH]c4cc[nH]c5c6ccccc6c(c6ccccc6c3cc2c1)c45,325,0.285,mdm2_qed
mdm2_activator,MDM2,activator,A,Cc1cccc2c1Nc1ccc3c(c1)C1=C(C=CC1=N3)NC(=O)CC[C@H](C(=O)O)NC2=O,Cc1cccc2c1Nc1ccc3c(c1)C1=C(C=CC1=N3)NC(=O)CC[C@H](C(=O)O)NC2=O,326,0.556,mdm2_qed
mdm2_activator,MDM2,activator,A,CN1Cc2ccc(cc2)NCCc2cc(O)ccc2-c2cccc3ccc(cc23)C1,CN1Cc2ccc(cc2)NCCc2cc(O)ccc2-c2cccc3ccc(cc23)C1,327,0.395,mdm2_qed
mdm2_activator,MDM2,activator,A,O=C(C1=Cc2cc3ccccc3c3c(Cc4ccccc4)cnc(c23)N1)N1CCC1,O=C(C1=Cc2cc3ccccc3c3c(Cc4ccccc4)cnc(c23)N1)N1CCC1,328,0.501,mdm2_qed
mdm2_activator,MDM2,activator,A,C[C@H]([C@@H](O)[C@H]1OC[C@@H](O[P@@](=O)(O)OP(=O)(O)O)[C@@H]1O)n1cnc2c(=O)nc(N)[nH]c21,C[C@H]([C@@H](O)[C@H]1OC[C@@H](O[P@@](=O)(O)OP(=O)(O)O)[C@@H]1O)n1cnc2c(=O)nc(N)[nH]c21,329,0.215,mdm2_qed
mdm2_activator,MDM2,activator,A,O=C(O)CCc1[nH]c(=O)[nH]c(=O)c1-c1cccc2cc(Nc3ccccn3)[nH]c12,O=C(O)CCc1[nH]c(=O)[nH]c(=O)c1-c1cccc2cc(Nc3ccccn3)[nH]c12,330,0.341,mdm2_qed
mdm2_activator,MDM2,activator,A,NC1=NC(=O)C2=CN(C[C@@H]3OC4O[P@@](=O)(O)O[P@@](=O)(O)O[P@@](=O)(O)O[C@@H]4[C@H]3O)C2=N1,NC1=NC(=O)C2=CN(C[C@@H]3OC4O[P@@](=O)(O)O[P@@](=O)(O)O[P@@](=O)(O)O[C@@H]4[C@H]3O)C2=N1,331,0.27,mdm2_qed
mdm2_activator,MDM2,activator,A,C[N@H+]1CCc2cnccc2[C@@H]1c1c(-c2ccc(F)cc2)c2nonc2[nH]c1=O,C[N@H+]1CCc2cnccc2[C@@H]1c1c(-c2ccc(F)cc2)c2nonc2[nH]c1=O,332,0.548,mdm2_qed
mdm2_activator,MDM2,activator,A,O=C(Nc1cc2c[nH]nc2c2ccccc12)N[C@H](Cc1ccccc1)c1ccc[nH+]c1,O=C(Nc1cc2c[nH]nc2c2ccccc12)N[C@H](Cc1ccccc1)c1ccc[nH+]c1,333,0.396,mdm2_qed
mdm2_activator,MDM2,activator,A,O=C1CN2CCCC[C@H]2N1C1=C2C(Cc3cncc4ccccc34)=NN=C2N=N1,O=C1CN2CCCC[C@H]2N1C1=C2C(Cc3cncc4ccccc34)=NN=C2N=N1,334,0.814,mdm2_qed
mdm2_activator,MDM2,activator,A,c1cc2c3nc4nc(ccc4cc3n1)NCCCc1ccc(cc1)CC2,c1cc2c3nc4nc(ccc4cc3n1)NCCCc1ccc(cc1)CC2,335,0.484,mdm2_qed
mdm2_activator,MDM2,activator,A,c1ccc2c([C@@H]3CCCN(c4ccnc5cnccc45)CC3)cnc-2nc1,c1ccc2c([C@@H]3CCCN(c4ccnc5cnccc45)CC3)cnc-2nc1,336,0.537,mdm2_qed
mdm2_activator,MDM2,activator,A,O=C(C[C@@H](Cc1ccccc1)c1ccccc1)N[C@H](C(=O)O)c1ccccc1,O=C(C[C@@H](Cc1ccccc1)c1ccccc1)N[C@H](C(=O)O)c1ccccc1,337,0.617,mdm2_qed
mdm2_activator,MDM2,activator,A,NC(=O)[C@@H](CCNc1[nH+]cccc1-c1cc(=O)c2ccccc2[nH]1)C(=O)c1ccccc1,NC(=O)[C@@H](CCNc1[nH+]cccc1-c1cc(=O)c2ccccc2[nH]1)C(=O)c1ccccc1,338,0.296,mdm2_qed
mdm2_activator,MDM2,activator,A,CCOc1cccc(CNc2cc3ncn(Cc4ccco4)c3c3ccccc23)c1,CCOc1cccc(CNc2cc3ncn(Cc4ccco4)c3c3ccccc23)c1,339,0.375,mdm2_qed
mdm2_activator,MDM2,activator,A,OC(=Nc1ccccc1)C(=Cc1cccc(-n2cnnc2)c1)Cc1ccccc1,OC(=Nc1ccccc1)C(=Cc1cccc(-n2cnnc2)c1)Cc1ccccc1,340,0.37,mdm2_qed
mdm2_activator,MDM2,activator,A,Oc1ccc2c3ccc(O)c4c3c3c(cccc3c3cccn34)c3cccc1c32,Oc1ccc2c3ccc(O)c4c3c3c(cccc3c3cccn34)c3cccc1c32,341,0.296,mdm2_qed
mdm2_activator,MDM2,activator,A,Cn1cnc(=O)c2cc(S(=O)(=O)c3cccc(-c4ccccc4)c3)cnc21,Cn1cnc(=O)c2cc(S(=O)(=O)c3cccc(-c4ccccc4)c3)cnc21,342,0.548,mdm2_qed
mdm2_activator,MDM2,activator,A,Fc1cccc(C(=Cc2cccc3[nH]cnc23)Nc2cccc3ccccc23)c1,Fc1cccc(C(=Cc2cccc3[nH]cnc23)Nc2cccc3ccccc23)c1,343,0.352,mdm2_qed
mdm2_activator,MDM2,activator,A,COc1ccc2c(c1)C=c1c([n+](C)c3cccc4cc(S(=O)(=O)O)cc1c43)C=C2,COc1ccc2c(c1)C=c1c([n+](C)c3cccc4cc(S(=O)(=O)O)cc1c43)C=C2,344,0.363,mdm2_qed
mdm2_activator,MDM2,activator,A,Nc1nc2c3c(ccn3n1)C(N1CCC[C@H](c3n[nH]c(-c4ccccc4)n3)C1)=CN2,Nc1nc2c3c(ccn3n1)C(N1CCC[C@H](c3n[nH]c(-c4ccccc4)n3)C1)=CN2,345,0.485,mdm2_qed
mdm2_activator,MDM2,activator,A,c1c[nH+]cc(-c2ccccc2N=c2[nH]cccc2-c2cccc3cnc[nH+]c23)c1,c1c[nH+]cc(-c2ccccc2N=c2[nH]cccc2-c2cccc3cnc[nH+]c23)c1,346,0.511,mdm2_qed
mdm2_activator,MDM2,activator,A,COc1cc(C)c(NC(=O)NC[C@H](Cc2ccccc2)c2ccccc2)cn1,COc1cc(C)c(NC(=O)NC[C@H](Cc2ccccc2)c2ccccc2)cn1,347,0.637,mdm2_qed
mdm2_activator,MDM2,activator,A,ON=C1N=C(c2ccc3ccccc3n2)N=C2N=c3ccccc3=C21,ON=C1N=C(c2ccc3ccccc3n2)N=C2N=c3ccccc3=C12,348,0.545,mdm2_qed
mdm2_activator,MDM2,activator,A,Nc1ncnc2c1NC=CN2[C@H]1OC[C@H](O)[C@@H](CO[P@@](=O)(O)OP(=O)(O)O)O1,Nc1ncnc2c1NC=CN2[C@H]1OC[C@H](O)[C@@H](CO[P@@](=O)(O)OP(=O)(O)O)O1,349,0.293,mdm2_qed
mdm2_activator,MDM2,activator,A,OC1=C[C@@H](CNc2ccccc2-c2ccc3ccccc3c2)CCC1,OC1=C[C@@H](CNc2ccccc2-c2ccc3ccccc3c2)CCC1,350,0.6,mdm2_qed
mdm2_activator,MDM2,activator,A,c1ccc([C@@H]2c3cccc4cccc(c34)C[C@H]3C[C@@H](N4CCNCC4)CCN32)cc1,c1ccc([C@@H]2c3cccc4cccc(c34)C[C@H]3C[C@@H](N4CCNCC4)CCN32)cc1,351,0.698,mdm2_qed
mdm2_activator,MDM2,activator,A,OC1=C2NC=CC=C2N=C2c3ccccc3N[C@@H](Nc3ccccc3)CN21,OC1=C2NC=CC=C2N=C2c3ccccc3N[C@@H](Nc3ccccc3)CN21,352,0.664,mdm2_qed
mdm2_activator,MDM2,activator,A,Cn1cnc2c(ncn2[C@@H](Cc2ccccc2)Nc2ccccc2)c1=O,Cn1cnc2c(ncn2[C@@H](Cc2ccccc2)Nc2ccccc2)c1=O,353,0.604,mdm2_qed
mdm2_activator,MDM2,activator,A,NCc1cccc2[nH+]cc(-c3[nH]ncc3NC(=O)c3c[nH+]ccc3O)cc12,NCc1cccc2[nH+]cc(-c3[nH]ncc3NC(=O)c3c[nH+]ccc3O)cc12,354,0.435,mdm2_qed
mdm2_activator,MDM2,activator,A,Cc1ccc2c(ccc3c(C4=C(C(=O)O)C=C5N=c6ccccc6=[N+]54)ccn32)c1,Cc1ccc2c(ccc3c(C4=C(C(=O)O)C=C5N=c6ccccc6=[N+]54)ccn32)c1,355,0.546,mdm2_qed
mdm2_activator,MDM2,activator,A,O=C(O)[C@@H]1Cc2cc3ccccc3nc2-c2cccc3nccc(c23)C1,O=C(O)[C@@H]1Cc2cc3ccccc3nc2-c2cccc3nccc(c23)C1,356,0.563,mdm2_qed
mdm2_activator,MDM2,activator,A,c1ccc(CN(c2ccccc2)[C@H](c2ccccc2)[C@@H]2CCCNC2)cc1,c1ccc(CN(c2ccccc2)[C@H](c2ccccc2)[C@@H]2CCCNC2)cc1,357,0.633,mdm2_qed
mdm2_activator,MDM2,activator,A,Oc1ccc([C@@H]2Cc3c(ncnc3-c3ccccc3)Nc3ccccc32)cn1,Oc1ccc([C@@H]2Cc3c(ncnc3-c3ccccc3)Nc3ccccc32)cn1,358,0.539,mdm2_qed
mdm2_activator,MDM2,activator,A,Cc1ccccc1CN1Cc2cnc(N)nc2[C@H]2CN(c3ccccc3)CC[C@@H]21,Cc1ccccc1CN1Cc2cnc(N)nc2[C@H]2CN(c3ccccc3)CC[C@@H]21,359,0.744,mdm2_qed
mdm2_activator,MDM2,activator,A,Cc1cc2c3cccc(-c4ccccc4)c3c3nc4ncccc4nc1c23,Cc1cc2c3cccc(-c4ccccc4)c3c3nc4ncccc4nc1c23,360,0.372,mdm2_qed
mdm2_activator,MDM2,activator,A,c1c[nH+]cc(-c2ccc(CCN=c3nc[nH]c4nonc34)cc3cccc2-3)c1,c1c[nH+]cc(-c2ccc(CCN=c3nc[nH]c4nonc34)cc3cccc2-3)c1,361,0.527,mdm2_qed
mdm2_activator,MDM2,activator,A,O=C(c1cccc(-c2ccccc2)c1)[C@H]1C=C(O)O[C@H](c2cccc(N(O)O)c2)C1,O=C(c1cccc(-c2ccccc2)c1)[C@H]1C=C(O)O[C@H](c2cccc(N(O)O)c2)C1,362,0.396,mdm2_qed
mdm2_activator,MDM2,activator,A,NC(=O)[C@H]1CCCCN1C(=O)c1cc(-c2ccccc2)cc2c(C(=O)O)ncn12,NC(=O)[C@H]1CCCCN1C(=O)c1cc(-c2ccccc2)cc2c(C(=O)O)ncn12,363,0.705,mdm2_qed
mdm2_activator,MDM2,activator,A,CNCCOc1[nH+]c2ccc(O)cc2cc1-c1cc(-c2ccccc2)n[nH]1,CNCCOc1[nH+]c2ccc(O)cc2cc1-c1cc(-c2ccccc2)n[nH]1,364,0.461,mdm2_qed
mdm2_activator,MDM2,activator,A,Nc1nc(O)c2cc(-c3cccc4nc[nH]c34)c3[n+](c2n1)CCNCCN3,Nc1nc(O)c2cc(-c3cccc4nc[nH]c34)c3[n+](c2n1)CCNCCN3,365,0.316,mdm2_qed
mdm2_activator,MDM2,activator,A,O=C(O)c1cccc(C(=O)Nc2[s+]c3nc(-c4ccccc4)c4ccccc2c34)c1,O=C(O)c1cccc(C(=O)Nc2[s+]c3nc(-c4ccccc4)c4ccccc2c34)c1,366,0.367,mdm2_qed
mdm2_activator,MDM2,activator,A,CN1CCc2cc3ccc4c(cccc4c3c3ccc(=O)oc23)CNc2ccc(cc2)C1,CN1CCc2cc3ccc4c(cccc4c3c3ccc(=O)oc23)CNc2ccc(cc2)C1,367,0.258,mdm2_qed
mdm2_activator,MDM2,activator,A,Cc1ccc([C@@H]2O[C@@H]([C@H](O)COP(=O)(O)O)Nc3[nH]c(=O)[nH]c(=O)c32)cc1,Cc1ccc([C@@H]2O[C@@H]([C@H](O)COP(=O)(O)O)Nc3[nH]c(=O)[nH]c(=O)c32)cc1,368,0.369,mdm2_qed
mdm2_activator,MDM2,activator,A,C1=NCCc2ccc3cccc4ncc(c-4c3c2)-c2cccc(c2)-c2ccccc21,C1=NCCc2ccc3cccc4ncc(c-4c3c2)-c2cccc(c2)-c2ccccc21,369,0.293,mdm2_qed
mdm2_activator,MDM2,activator,A,COc1cccc2c(Nc3cccc(CNCc4cccc(F)c4)c3)ccnc12,COc1cccc2c(Nc3cccc(CNCc4cccc(F)c4)c3)ccnc12,370,0.445,mdm2_qed
mdm2_activator,MDM2,activator,A,c1cnc2c(c1)CCCCOc1cc(ccn1)CN1CC[C@@H](C1)Nc1ncc-2cn1,c1cnc2c(c1)CCCCOc1cc(ccn1)CN1CC[C@@H](C1)Nc1ncc-2cn1,371,0.618,mdm2_qed
mdm2_activator,MDM2,activator,A,Nc1ccc2c(c1)nc1c3c(cccc32)C(c2ccccc2)=Nc2ccccc2-1,Nc1ccc2c(c1)nc1c3c(cccc32)C(c2ccccc2)=Nc2ccccc2-1,372,0.28,mdm2_qed
mdm2_activator,MDM2,activator,A,O=C1c2ccccc2-c2c1sc(-c1ccc(F)cc1)c2CNO,O=C1c2ccccc2-c2c1sc(-c1ccc(F)cc1)c2CNO,373,0.554,mdm2_qed
mdm2_activator,MDM2,activator,A,Cc1cccc2c1Nc1ccnc3ccc(Nc4cccc(C(O)=NO)c4)c-2c13,Cc1cccc2c1Nc1ccnc3ccc(Nc4cccc(C(O)=NO)c4)c-2c13,374,0.139,mdm2_qed
mdm2_activator,MDM2,activator,A,COc1ccc(C[C@H](C(=O)O)c2cc3ccccc3c3cccnc23)cc1,COc1ccc(C[C@H](C(=O)O)c2cc3ccccc3c3cccnc23)cc1,375,0.521,mdm2_qed
mdm2_activator,MDM2,activator,A,O=C1C2=CNN(c3ccccc3)C=C2[C@@H](c2ccccc2)CN1Cc1cccc[nH+]1,O=C1C2=CNN(c3ccccc3)C=C2[C@@H](c2ccccc2)CN1Cc1cccc[nH+]1,376,0.737,mdm2_qed
mdm2_activator,MDM2,activator,A,c1ccc(Oc2cc(Nc3ccccc3Nc3ccnc4ccccc34)ccn2)cc1,c1ccc(Oc2cc(Nc3ccccc3Nc3ccnc4ccccc34)ccn2)cc1,377,0.322,mdm2_qed
mdm2_activator,MDM2,activator,A,Cc1cc(F)ccc1Nc1ncc(CN2CCCC2)c2[nH]ccc12,Cc1cc(F)ccc1Nc1ncc(CN2CCCC2)c2[nH]ccc12,378,0.75,mdm2_qed
mdm2_activator,MDM2,activator,A,Oc1ccc(C2=C3C=c4cc(O)ccc4=CN=C3c3ccccc3N2O)cc1,Oc1ccc(C2=C3C=c4cc(O)ccc4=CN=C3c3ccccc3N2O)cc1,379,0.617,mdm2_qed
mdm2_activator,MDM2,activator,A,CC(=O)Nc1ncc(Cc2cccc3nc(C)ccc23)c(Nc2ccccn2)n1,CC(=O)Nc1ncc(Cc2cccc3nc(C)ccc23)c(Nc2ccccn2)n1,380,0.54,mdm2_qed
mdm2_activator,MDM2,activator,A,Fc1ccccc1-c1ccnc2oc(Nc3ccnc4ccccc34)nc12,Fc1ccccc1-c1ccnc2oc(Nc3ccnc4ccccc34)nc12,381,0.474,mdm2_qed
mdm2_activator,MDM2,activator,A,Cn1c(=O)[nH]c2c(c1=O)N1C3=CC4=CC=c5cccc(F)c5=[NH+]C4=C[C@H]3N=C1O2,Cn1c(=O)[nH]c2c(c1=O)N1C3=CC4=CC=c5cccc(F)c5=[NH+]C4=C[C@H]3N=C1O2,382,0.547,mdm2_qed
mdm2_activator,MDM2,activator,A,Nc1nc(-c2cccn2-c2ccccc2)c(CCc2cnc3[nH]cccc2-3)[nH]1,Nc1nc(-c2cccn2-c2ccccc2)c(CCc2cnc3[nH]cccc2-3)[nH]1,383,0.437,mdm2_qed
mdm2_activator,MDM2,activator,A,O=C(NCn1c2c(c3ccccc31)NC=Cc1ccccc1-2)c1ccc[nH+]c1,O=C(NCn1c2c(c3ccccc31)NC=Cc1ccccc1-2)c1ccc[nH+]c1,384,0.577,mdm2_qed
mdm2_activator,MDM2,activator,A,COc1cc2c(cc1O)=NC1=C(c3ccccc3)c3ccccc3C(=O)[N+]=21,COc1cc2c(cc1O)=NC1=C(c3ccccc3)c3ccccc3C(=O)[N+]=21,385,0.716,mdm2_qed
mdm2_activator,MDM2,activator,A,Nc1ccc([C@@H](C(=O)O[SH](=O)(O)O)N2CCc3[nH]c4ccccc4c3CC2)cc1,Nc1ccc([C@@H](C(=O)O[SH](=O)(O)O)N2CCc3[nH]c4ccccc4c3CC2)cc1,386,0.325,mdm2_qed
mdm2_activator,MDM2,activator,A,O=P(O)(O)[C@@H](Cc1ccccc1)NCc1ccccc1-c1ccccc1,O=P(O)(O)[C@@H](Cc1ccccc1)NCc1ccccc1-c1ccccc1,387,0.548,mdm2_qed
mdm2_activator,MDM2,activator,A,Cc1cccc2c1ccc1c2c2ccccc2n2c3cccc(C(=O)O)c3nc12,Cc1cccc2c1ccc1c2c2ccccc2n2c3cccc(C(=O)O)c3nc12,388,0.361,mdm2_qed
mdm2_activator,MDM2,activator,A,Oc1ccc(CCn2c3ccccc3c3ccccc32)cc1O,Oc1ccc(CCn2c3ccccc3c3ccccc32)cc1O,389,0.549,mdm2_qed
mdm2_activator,MDM2,activator,A,O=C(O)c1cccc(N(CCCc2nc3cccccc-3n2)Cc2ccccn2)n1,O=C(O)c1cccc(N(CCCc2nc3cccccc-3n2)Cc2ccccn2)n1,390,0.483,mdm2_qed
mdm2_activator,MDM2,activator,A,CN(C[C@@H](c1ccccc1)n1cncn1)C(=O)C[C@@H](c1ccccc1)c1ccccn1,CN(C[C@@H](c1ccccc1)n1cncn1)C(=O)C[C@@H](c1ccccc1)c1ccccn1,391,0.441,mdm2_qed
mdm2_activator,MDM2,activator,A,O=C1c2ccccc2Nc2csc3ncnc(c23)Nc2ccccc21,O=C1c2ccccc2Nc2csc3ncnc(c23)Nc2ccccc21,392,0.425,mdm2_qed
mdm2_activator,MDM2,activator,A,C1=NC2=NCCN3C[C@H](NCC(=C1)N2)c1ncnc2cccc(c12)[C@H]3c1ccccc1,C1=NC2=NCCN3C[C@H](NCC(=C1)N2)c1ncnc2cccc(c12)[C@H]3c1ccccc1,393,0.646,mdm2_qed
mdm2_activator,MDM2,activator,A,Cc1c[nH+]c(N2CCN[C@H](c3ccccc3)C2)c2c1[nH]c1ccccc12,Cc1c[nH+]c(N2CCN[C@H](c3ccccc3)C2)c2c1[nH]c1ccccc12,394,0.584,mdm2_qed
mdm2_activator,MDM2,activator,A,CN1C[C@@H]2CN(Cc3ccncc3)C[C@@H]2N(c2ccc(N)nc2)C1=O,CN1C[C@@H]2CN(Cc3ccncc3)C[C@@H]2N(c2ccc(N)nc2)C1=O,395,0.916,mdm2_qed
mdm2_activator,MDM2,activator,A,Cc1ccc(N)c2c1NC=C(c1cccc(CN3CCN(C)C3=O)c1)C=C2,Cc1ccc(N)c2c1NC=C(c1cccc(CN3CCN(C)C3=O)c1)C=C2,396,0.816,mdm2_qed
mdm2_activator,MDM2,activator,A,O=C1Nc2ccc(cc2)CNC(O)=Nc2cccc(c2)Nc2cccc1c2,O=C1Nc2ccc(cc2)CNC(O)=Nc2cccc(c2)Nc2cccc1c2,397,0.482,mdm2_qed
mdm2_activator,MDM2,activator,A,CN(CCCc1cn2cnc3cccc1c32)Cc1cc2c(N)ncnc2c2ccccc12,CN(CCCc1cn2cnc3cccc1c32)Cc1cc2c(N)ncnc2c2ccccc12,398,0.397,mdm2_qed
mdm2_activator,MDM2,activator,A,Nc1ncc2ccc(-c3nc4c(s3)-c3ccccc3CNS4(=O)=O)cc2n1,Nc1ncc2ccc(-c3nc4c(s3)-c3ccccc3CNS4(=O)=O)cc2n1,399,0.513,mdm2_qed
mdm2_activator,MDM2,activator,A,CC1=[NH+]C2=c3ccccc3=C(c3cc([C@@H]4CCCN4c4ccccc4)n(C)c3)[N+]2=C1,CC1=[NH+]C2=c3ccccc3=C(c3cc([C@@H]4CCCN4c4ccccc4)n(C)c3)[N+]2=C1,400,0.665,mdm2_qed
mdm2_activator,MDM2,activator,A,Oc1cc(F)ccc1N1C=CC=c2[nH+]c3c(cc2=C1)[nH]c1ccccc13,Oc1cc(F)ccc1N1C=CC=c2[nH+]c3c(cc2=C1)[nH]c1ccccc13,401,0.558,mdm2_qed
mdm2_activator,MDM2,activator,A,c1ccc2c(c1)[nH+]c1c3cc[nH]cc4cccc(c5nccc2c51)c43,c1ccc2c(c1)[nH+]c1c3cc[nH]cc4cccc(c5nccc2c51)c43,402,0.311,mdm2_qed
mdm2_activator,MDM2,activator,A,COc1ccc2c3c(c[nH]c13)CCNC1=NC(=NCc3cccc-2c3)NC(O)=N1,COc1ccc2c3c(c[nH]c13)CCNC1=NC(=NCc3cccc-2c3)NC(O)=N1,403,0.514,mdm2_qed
mdm2_activator,MDM2,activator,A,O=C(O)COc1c2c(c3ccc(O)cc3c1C(=O)O)[C@H](c1ccccc1)CO2,O=C(O)COc1c2c(c3ccc(O)cc3c1C(=O)O)[C@H](c1ccccc1)CO2,404,0.623,mdm2_qed
mdm2_activator,MDM2,activator,A,C(=NNc1nc[nH]c2c(-c3ccccc3)cnc1-2)c1cccc2ccccc12,C(=NNc1nc[nH]c2c(-c3ccccc3)cnc1-2)c1cccc2ccccc12,405,0.342,mdm2_qed
mdm2_activator,MDM2,activator,A,Oc1ccc([C@@H](c2ccccc2)n2cc(N3CCCC3)c3cnc(O)cc32)cc1,Oc1ccc([C@@H](c2ccccc2)n2cc(N3CCCC3)c3cnc(O)cc32)cc1,406,0.535,mdm2_qed
mdm2_activator,MDM2,activator,A,O=S(=O)(O)c1ccc2nc(-c3cccnc3)n3nc(Cc4ccccc4)cc3c2c1,O=S(=O)(O)c1ccc2nc(-c3cccnc3)n3nc(Cc4ccccc4)cc3c2c1,407,0.448,mdm2_qed
mdm2_activator,MDM2,activator,A,Nc1[nH+]cc(S(=O)(=O)O)cc1[C@@H]1CN(c2ccnc3c(=O)nc[nH]c23)CCO1,Nc1[nH+]cc(S(=O)(=O)O)cc1[C@@H]1CN(c2ccnc3c(=O)nc[nH]c23)CCO1,408,0.489,mdm2_qed
mdm2_activator,MDM2,activator,A,COCCNc1ccccc1C(=O)NCCc1cccc(CCc2ccccc2)c1,COCCNc1ccccc1C(=O)NCCc1cccc(CCc2ccccc2)c1,409,0.464,mdm2_qed
mdm2_activator,MDM2,activator,A,O=C(O)c1cccc(-c2c(-c3ccc(O)cc3)c3ccc(C(=O)O)cc3oc2=O)c1,O=C(O)c1cccc(-c2c(-c3ccc(O)cc3)c3ccc(C(=O)O)cc3oc2=O)c1,410,0.436,mdm2_qed
mdm2_activator,MDM2,activator,A,Nc1cc2[nH]cc(-c3[nH+]c4ccccc4c4cc(C(=O)O)ccc34)c2cn1,Nc1cc2[nH]cc(-c3[nH+]c4ccccc4c4cc(C(=O)O)ccc34)c2cn1,411,0.42,mdm2_qed
mdm2_activator,MDM2,activator,A,Cc1nc2c(-c3cncnc3N3CCNCC3)nccc2c2nc(O)cnc12,Cc1nc2c(-c3cncnc3N3CCNCC3)nccc2c2nc(O)cnc12,412,0.503,mdm2_qed
mdm2_activator,MDM2,activator,A,Oc1cc(-c2ccccc2-c2ccccc2)nc(-c2ncnc3ncnn23)n1,Oc1cc(-c2ccccc2-c2ccccc2)nc(-c2ncnc3ncnn23)n1,413,0.523,mdm2_qed
mdm2_activator,MDM2,activator,A,O=C1Nc2ccc(cc2)OCCCNCc2cncc(c2)-c2cccc1n2,O=C1Nc2ccc(cc2)OCCCNCc2cncc(c2)-c2cccc1n2,414,0.643,mdm2_qed
mdm2_activator,MDM2,activator,A,NC1=CC=CNc2c(C(=O)C(=O)[N@@H+]3CCCc4cccc5cccc3c45)cccc21,NC1=CC=CNc2c(C(=O)C(=O)[N@@H+]3CCCc4cccc5cccc3c45)cccc21,415,0.46,mdm2_qed
mdm2_activator,MDM2,activator,A,OC1=CNC(c2cnc3ccncc[n+]2-3)=c2cnc3ccccc3c2=N1,OC1=CNC(c2cnc3ccncc[n+]2-3)=c2cnc3ccccc3c2=N1,416,0.492,mdm2_qed
mdm2_activator,MDM2,activator,A,O=C(O)c1cccc(N2C(=O)c3cnc4ccccc4c3[C@H]2c2ccccc2)c1,O=C(O)c1cccc(N2C(=O)c3cnc4ccccc4c3[C@H]2c2ccccc2)c1,417,0.56,mdm2_qed
mdm2_activator,MDM2,activator,A,Nc1nc(=O)c2c([nH]1)N=C(c1ccc3ccccc3c1)C2=Cc1ccccc1,Nc1nc(=O)c2c([nH]1)N=C(c1ccc3ccccc3c1)C2=Cc1ccccc1,418,0.56,mdm2_qed
mdm2_activator,MDM2,activator,A,N[P@@](=O)(O)OC[C@H]1[C@H](O)[C@@H](O)[C@H](c2cnccc2CCC(=O)O)O[C@@H]1c1cccnc1,N[P@@](=O)(O)OC[C@H]1[C@H](O)[C@@H](O)[C@H](c2cnccc2CCC(=O)O)O[C@@H]1c1cccnc1,419,0.355,mdm2_qed
mdm2_activator,MDM2,activator,A,N=Cc1c(-c2ccccc2)c(CN2CC[C@H](C(=O)O)C2)nc2ccccc12,N=Cc1c(-c2ccccc2)c(CN2CC[C@H](C(=O)O)C2)nc2ccccc12,420,0.679,mdm2_qed
mdm2_activator,MDM2,activator,A,COc1ccc(C[C@H](c2ccccc2)N2CCc3ncccc3C2)cc1,COc1ccc(C[C@H](c2ccccc2)N2CCc3ncccc3C2)cc1,421,0.684,mdm2_qed
mdm2_activator,MDM2,activator,A,N=c1ncn(C[C@@H]2OC[C@H](O[P@@](=O)(O)OP(=O)(O)O)[C@@H]2O)c2ncncc12,N=c1ncn(C[C@@H]2OC[C@H](O[P@@](=O)(O)OP(=O)(O)O)[C@@H]2O)c2ncncc12,422,0.342,mdm2_qed
mdm2_activator,MDM2,activator,A,c1ccc2c(Nc3cn([C@H]4CCCNCC4)c4cnccc34)ccnc2c1,c1ccc2c(Nc3cn([C@H]4CCCNCC4)c4cnccc34)ccnc2c1,423,0.561,mdm2_qed
mdm2_activator,MDM2,activator,A,Cc1c(Cc2ccccc2)nc2nonc2c1N[C@]12CC[C@H]3C[C@H](C[C@H]3C1)C2,Cc1c(Cc2ccccc2)nc2nonc2c1N[C@]12CC[C@H]3C[C@H](C[C@H]3C1)C2,424,0.704,mdm2_qed
mdm2_activator,MDM2,activator,A,CC1=CC(=O)[n+]2occ3c(-c4c[nH]c5ccccc45)c4[nH]ccc4c1c32,CC1=CC(=O)[n+]2occ3c(-c4c[nH]c5ccccc45)c4[nH]ccc4c1c32,425,0.444,mdm2_qed
mdm2_activator,MDM2,activator,A,Oc1cccc(-c2cc[nH]c2N[C@@H]2CCCN(c3ccccc3)C2)c1,Oc1cccc(-c2cc[nH]c2N[C@@H]2CCCN(c3ccccc3)C2)c1,426,0.66,mdm2_qed
mdm2_activator,MDM2,activator,A,CN1CCC[C@H]2c3ccccc3N(C(=O)CSc3nc(-c4ccccc4)cs3)[C@@H]21,CN1CCC[C@H]2c3ccccc3N(C(=O)CSc3nc(-c4ccccc4)cs3)[C@@H]21,427,0.55,mdm2_qed
mdm2_activator,MDM2,activator,A,CCCCCc1cccc2c1c[n+](Cc1ccccc1C)c1ccccc21,CCCCCc1cccc2c1c[n+](Cc1ccccc1C)c1ccccc21,428,0.215,mdm2_qed
mdm2_activator,MDM2,activator,A,N=C1CCCCCOc2cccc(c2F)CN2C(=O)CC=C(N1)C2=O,N=C1CCCCCOc2cccc(c2F)CN2C(=O)CC=C(N1)C2=O,429,0.708,mdm2_qed
mdm2_activator,MDM2,activator,A,CCCCC(=O)Nc1nccc(N2CCN(C(O)N3CCOCC3)CC2)n1,CCCCC(=O)Nc1nccc(N2CCN(C(O)N3CCOCC3)CC2)n1,430,0.701,mdm2_qed
mdm2_activator,MDM2,activator,A,NC1=NC(=O)C2=NC=[N+]([C@@H]3C[C@H]([P@](=O)(O)OP(=O)(O)O)[C@@H](C(=O)O)O3)C2=N1,NC1=NC(=O)C2=NC=[N+]([C@@H]3C[C@H]([P@](=O)(O)OP(=O)(O)O)[C@@H](C(=O)O)O3)C2=N1,431,0.23,mdm2_qed
mdm2_activator,MDM2,activator,A,O=C(O)c1cc(O)c2nc3c(CCc4ccc(F)c(Cl)c4)cccc3cc2c1,O=C(O)c1cc(O)c2nc3c(CCc4ccc(F)c(Cl)c4)cccc3cc2c1,432,0.456,mdm2_qed
mdm2_activator,MDM2,activator,A,C[C@@]12CCCN1c1c(cc3ccnc4nonc4[n+]1-3)[C@@H]1CCCC[C@H]12,C[C@@]12CCCN1c1c(cc3ccnc4nonc4[n+]1-3)[C@@H]1CCCC[C@H]12,433,0.591,mdm2_qed
mdm2_activator,MDM2,activator,A,CC(=O)NC1=C2C(=Nc3c2cnc2ccccc32)N(C)C1=O,CC(=O)NC1=C2C(=Nc3c2cnc2ccccc32)N(C)C1=O,434,0.867,mdm2_qed
mdm2_activator,MDM2,activator,A,O=C(O)C1=Cc2ccccc2[NH+]2N=C(c3cc4c(ccc5ccccc54)[nH]3)C=C12,O=C(O)C1=Cc2ccccc2[NH+]2N=C(c3cc4c(ccc5ccccc54)[nH]3)C=C12,435,0.499,mdm2_qed
mdm2_activator,MDM2,activator,A,O=C(O)c1ccc(OCc2n[nH]cc2Cc2ccccc2)cc1O,O=C(O)c1ccc(OCc2n[nH]cc2Cc2ccccc2)cc1O,436,0.648,mdm2_qed
mdm2_activator,MDM2,activator,A,c1ccc2c(c1)N[C@@H](c1ccc3ccccc3[nH+]1)Cc1c[nH]c3cccc-2c13,c1ccc2c(c1)N[C@@H](c1ccc3ccccc3[nH+]1)Cc1c[nH]c3cccc-2c13,437,0.405,mdm2_qed
mdm2_activator,MDM2,activator,A,Fc1cc2c(cn1)sc1cc(-c3csc(NN=Cc4ccccn4)n3)ccc12,Fc1cc2c(cn1)sc1cc(-c3csc(NN=Cc4ccccn4)n3)ccc12,438,0.242,mdm2_qed
mdm2_activator,MDM2,activator,A,O=c1ncc2nc(-c3c(O)ccc4c(O)cccc34)cccc-2n1,O=c1ncc2nc(-c3c(O)ccc4c(O)cccc34)cccc-2n1,439,0.56,mdm2_qed
mdm2_activator,MDM2,activator,A,Oc1ccc(-c2cccc3nc4c(cc(O)c5c(O)cccc54)c-3c2)nc1,Oc1ccc(-c2cccc3nc4c(cc(O)c5c(O)cccc54)c-3c2)nc1,440,0.407,mdm2_qed
mdm2_activator,MDM2,activator,A,CC(C)(C)NC1=C(O)c2ccccc2NC(c2cccc(S(N)(=O)=O)c2)=C1,CC(C)(C)NC1=C(O)c2ccccc2NC(c2cccc(S(N)(=O)=O)c2)=C1,441,0.648,mdm2_qed
mdm2_activator,MDM2,activator,A,c1ccc(CCCCNc2ncnc3ncnc(-c4ccccc4)c23)cc1,c1ccc(CCCCNc2ncnc3ncnc(-c4ccccc4)c23)cc1,442,0.494,mdm2_qed
mdm2_activator,MDM2,activator,A,CC1=C2C(=O)NCCn3cc(c(-c4ccccc4)n3)CNC(=O)C3=CN(N1)[N+]2=CC=C3,CC1=C2C(=O)NCCn3cc(c(-c4ccccc4)n3)CNC(=O)C3=CN(N1)[N+]2=CC=C3,443,0.598,mdm2_qed
mdm2_activator,MDM2,activator,A,OC1=CNc2ccccc2C1=Cc1cc[nH+]c2cccc(Cc3nccc[nH+]3)c12,OC1=CNc2ccccc2C1=Cc1cc[nH+]c2cccc(Cc3nccc[nH+]3)c12,444,0.567,mdm2_qed
mdm2_activator,MDM2,activator,A,O=C(c1nc2ccccc2s1)c1cc(N2CCNCC2)cc2ccccc12,O=C(c1nc2ccccc2s1)c1cc(N2CCNCC2)cc2ccccc12,445,0.55,mdm2_qed
mdm2_activator,MDM2,activator,A,O=C(O)[C@H]1CCN(Cc2cccc3c2=Cc2cccc4ccnc(c24)C=3)C(=O)C1,O=C(O)[C@H]1CCN(Cc2cccc3c2=Cc2cccc4ccnc(c24)C=3)C(=O)C1,446,0.587,mdm2_qed
mdm2_activator,MDM2,activator,A,Fc1ccc(-c2c[nH]c3ccccc23)c(-c2ccccc2-c2ccccc2)c1,Fc1ccc(-c2c[nH]c3ccccc23)c(-c2ccccc2-c2ccccc2)c1,447,0.346,mdm2_qed
mdm2_activator,MDM2,activator,A,O=C(O)C[C@H](CC1=c2ccccc2=[NH+]C1=O)c1nc2ccccc2[nH]1,O=C(O)C[C@H](CC1=c2ccccc2=[NH+]C1=O)c1nc2ccccc2[nH]1,448,0.592,mdm2_qed
mdm2_activator,MDM2,activator,A,Nc1nc2c(ncn2[C@@H]2O[C@H](COP(=O)(O)O)C[C@@H](O)[C@H]2O)c(=O)[nH]1,Nc1nc2c(ncn2[C@@H]2O[C@H](COP(=O)(O)O)C[C@@H](O)[C@H]2O)c(=O)[nH]1,449,0.316,mdm2_qed
mdm2_activator,MDM2,activator,A,Cc1cc[n+]2c3cnc[nH]c-3[n+]3c4cccc5cccc(c1c23)c54,Cc1cc[n+]2c3cnc[nH]c-3[n+]3c4cccc5cccc(c1c23)c54,450,0.261,mdm2_qed
mdm2_activator,MDM2,activator,A,Oc1ccc(-c2ccccc2-c2ccc(-c3ccccc3)c(O)c2)cc1,Oc1ccc(-c2ccccc2-c2ccc(-c3ccccc3)c(O)c2)cc1,451,0.474,mdm2_qed
mdm2_activator,MDM2,activator,A,O=C(NCCc1nc2ncc(-c3ccc(F)cc3)c-2n[nH]1)c1cc[nH+]c2ccccc12,O=C(NCCc1nc2ncc(-c3ccc(F)cc3)c-2n[nH]1)c1cc[nH+]c2ccccc12,452,0.463,mdm2_qed
mdm2_activator,MDM2,activator,A,Oc1nnc(Nc2ccc3cccc(Cc4cccc(F)c4)c3c2)[nH]1,Oc1nnc(Nc2ccc3cccc(Cc4cccc(F)c4)c3c2)[nH]1,453,0.524,mdm2_qed
mdm2_activator,MDM2,activator,A,Nc1ncnc2c1ncn2C[C@@H](N)C=Cc1cccc2c1C[C@@H]1CNCCN21,Nc1ncnc2c1ncn2C[C@@H](N)C=Cc1cccc2c1C[C@@H]1CNCCN21,454,0.617,mdm2_qed
mdm2_activator,MDM2,activator,A,O=C(O)[C@@H](Cc1ccc2ncccc2n1)CN(c1ccccc1)c1ccccn1,O=C(O)[C@@H](Cc1ccc2ncccc2n1)CN(c1ccccc1)c1ccccn1,455,0.517,mdm2_qed
mdm2_activator,MDM2,activator,A,N#Cc1cc2ncc1Nc1cccc(c1)CCNC(=O)c1ccc(cc1)CNC2,N#Cc1cc2ncc1Nc1cccc(c1)CCNC(=O)c1ccc(cc1)CNC2,456,0.554,mdm2_qed
mdm2_activator,MDM2,activator,A,Cc1ccc2c(c1)nc1c2ccc2ccc3ccc(N(C)C)cc3[n+](O)c21,Cc1ccc2c(c1)nc1c2ccc2ccc3ccc(N(C)C)cc3[n+](O)c21,457,0.353,mdm2_qed
mdm2_activator,MDM2,activator,A,Nc1cc([C@H]2CCN3C[C@H]2CC[C@@H]3c2ccc(-n3cnnc3)cc2)ncn1,Nc1cc([C@H]2CCN3C[C@H]2CC[C@@H]3c2ccc(-n3cnnc3)cc2)ncn1,458,0.772,mdm2_qed
mdm2_activator,MDM2,activator,A,C[C@@H](c1cccnc1)N1CCc2c(O)c(O)ccc3c4cccnc4c(c2-3)C1,C[C@@H](c1cccnc1)N1CCc2c(O)c(O)ccc3c4cccnc4c(c2-3)C1,459,0.551,mdm2_qed
mdm2_activator,MDM2,activator,A,O=C(CCCc1ccc(F)cc1)N[C@H](CC(=O)c1ccccc1)c1ccccc1,O=C(CCCc1ccc(F)cc1)N[C@H](CC(=O)c1ccccc1)c1ccccc1,460,0.506,mdm2_qed
mdm2_activator,MDM2,activator,A,C[C@@H]1NC(=O)C2=C1CCCc1nn(C[C@@H](C)c3ccccc3)cc12,C[C@@H]1NC(=O)C2=C1CCCc1nn(C[C@@H](C)c3ccccc3)cc12,461,0.943,mdm2_qed
mdm2_activator,MDM2,activator,A,COC(NN=C[C@H]1C=CNCC1)=c1nnc2ncc3nc4ccncc4c3cc12,COC(NN=C[C@H]1C=CNCC1)=c1nnc2ncc3nc4ccncc4c3cc12,462,0.398,mdm2_qed
mdm2_activator,MDM2,activator,A,CCn1ccc2c(N3CC(=O)N(c4ccccc4)c4ccccc43)ncnc21,CCn1ccc2c(N3CC(=O)N(c4ccccc4)c4ccccc43)ncnc21,463,0.541,mdm2_qed
mdm2_activator,MDM2,activator,A,c1ccc(-c2cc(CNNCc3cccnc3)c3ccccc3n2)cc1,c1ccc(-c2cc(CNNCc3cccnc3)c3ccccc3n2)cc1,464,0.41,mdm2_qed
mdm2_activator,MDM2,activator,A,CN(C)CC(=O)N(Cc1ccccc1O)Cc1cc[n+](C(C)(C)C)c2ccccc12,CN(C)CC(=O)N(Cc1ccccc1O)Cc1cc[n+](C(C)(C)C)c2ccccc12,465,0.636,mdm2_qed
mdm2_activator,MDM2,activator,A,C1=CNC(c2ccccc2Cn2ccnc2)=CC(c2cn[nH]c2)=C1,C1=CNC(c2ccccc2Cn2ccnc2)=CC(c2cn[nH]c2)=C1,466,0.777,mdm2_qed
mdm2_activator,MDM2,activator,A,CN1Cc2ccc(c([N+](=O)O)c2)-c2cccc(n2)CN2CC[C@@H](CC1=O)C2,CN1Cc2ccc(c([N+](=O)O)c2)-c2cccc(n2)CN2CC[C@@H](CC1=O)C2,467,0.785,mdm2_qed
mdm2_activator,MDM2,activator,A,O=C(O)c1cc(-c2[nH+]c3ccccc3c3c2C2=CC=CC2=N3)c2[nH]cccc1-2,O=C(O)c1cc(-c2[nH+]c3ccccc3c3c2C2=CC=CC2=N3)c2[nH]cccc1-2,468,0.549,mdm2_qed
mdm2_activator,MDM2,activator,A,O=C1COc2cccc(c2)OCCc2ccccc2Nc2ncnc3nc([nH]c23)N1,O=C1COc2cccc(c2)OCCc2ccccc2Nc2ncnc3nc([nH]c23)N1,469,0.414,mdm2_qed
mdm2_activator,MDM2,activator,A,CN1C[C@@H](c2ccccc2)OCc2ccccc2-n2cc(nn2)NCCC1=O,CN1C[C@@H](c2ccccc2)OCc2ccccc2-n2cc(nn2)NCCC1=O,470,0.706,mdm2_qed
mdm2_activator,MDM2,activator,A,Cc1cccc(CNC(=O)c2ccc([C@@H](C)C(=O)O)c3ccc(O)nc23)c1F,Cc1cccc(CNC(=O)c2ccc([C@@H](C)C(=O)O)c3ccc(O)nc23)c1F,471,0.627,mdm2_qed
mdm2_activator,MDM2,activator,A,Nc1ccc(C(=CNc2ccccc2)C(=O)Nc2cnn3ccccc23)cc1,Nc1ccc(C(=CNc2ccccc2)C(=O)Nc2cnn3ccccc23)cc1,472,0.367,mdm2_qed
mdm2_activator,MDM2,activator,A,Nc1cccc(-c2c3c(nn2Cc2ccccc2)-c2ccccc2N=NN3)c1,Nc1cccc(-c2c3c(nn2Cc2ccccc2)-c2ccccc2N=NN3)c1,473,0.485,mdm2_qed
mdm2_activator,MDM2,activator,A,c1ccc(CCCCCn2cnnc2-c2cccc(-c3ccccn3)c2)cc1,c1ccc(CCCCCn2cnnc2-c2cccc(-c3ccccn3)c2)cc1,474,0.39,mdm2_qed
mdm2_activator,MDM2,activator,A,Cc1ccc2c(N)ccc3c2c1O[C@@H]([C@H]1[C@@H](CC(=O)O)CCCC[N+]12CCCC2)C3,Cc1ccc2c(N)ccc3c2c1O[C@@H]([C@H]1[C@@H](CC(=O)O)CCCC[N+]12CCCC2)C3,475,0.586,mdm2_qed
mdm2_activator,MDM2,activator,A,Fc1ccccc1-c1cccc(CNc2cc3ccccc3nc3nncc2-3)c1,Fc1ccccc1-c1cccc(CNc2cc3ccccc3nc3nncc2-3)c1,476,0.444,mdm2_qed
mdm2_activator,MDM2,activator,A,Cn1cc([C@H](Cc2ccccc2)c2ccccc2)c(=O)[nH]c1=O,Cn1cc([C@H](Cc2ccccc2)c2ccccc2)c(=O)[nH]c1=O,477,0.805,mdm2_qed
mdm2_activator,MDM2,activator,A,Nc1c2cccc1Nc1ncnc(N)nc3n(c1-3)C[C@@H](O)[C@H](O)[C@@H](N)CO[P@](=O)(O)OC2,Nc1ncnc2c3n(c-3n1)C[C@@H](O)[C@H](O)[C@@H](N)CO[P@](=O)(O)OCc1cccc(c1N)N2,478,0.162,mdm2_qed
mdm2_activator,MDM2,activator,A,O=c1[nH]c2nc3ccccc3cc2cc1C#Cc1ccc2c(ccc3ccccc32)c1,O=c1[nH]c2nc3ccccc3cc2cc1C#Cc1ccc2c(ccc3ccccc32)c1,479,0.201,mdm2_qed
mdm2_activator,MDM2,activator,A,O=C(Nc1ccccc1)c1cc[nH+]cc1NC1=C(O)C2=CC=CNC2=CC=C1,O=C(Nc1ccccc1)c1cc[nH+]cc1NC1=C(O)C2=CC=CNC2=CC=C1,480,0.663,mdm2_qed
mdm2_activator,MDM2,activator,A,c1ccc(C2=c3cccnc3=Nc3ccccc3O2)c2ccnc-2c1,c1ccc(C2=c3cccnc3=Nc3ccccc3O2)c2ccnc-2c1,481,0.541,mdm2_qed
mdm2_activator,MDM2,activator,A,Oc1ccc([C@@H]2C[C@H](c3cnc4ccccc4c3O)c3ccccc32)cc1,Oc1ccc([C@@H]2C[C@H](c3cnc4ccccc4c3O)c3ccccc32)cc1,482,0.513,mdm2_qed
mdm2_activator,MDM2,activator,A,CC1(C)C(O)=NCc2ccc(C(N)=O)nc2OCCCCCCCc2cc1ccc2F,CC1(C)C(O)=NCc2ccc(C(N)=O)nc2OCCCCCCCc2cc1ccc2F,483,0.693,mdm2_qed
mdm2_activator,MDM2,activator,A,O=C(Nc1cccc(-c2ccccc2)n1)c1cc(C(=O)O)n2ccccc12,O=C(Nc1cccc(-c2ccccc2)n1)c1cc(C(=O)O)n2ccccc12,484,0.579,mdm2_qed
mdm2_activator,MDM2,activator,A,CN(C)c1ccc(-c2cc3ccc(CC(=O)O)c4c3c(n2)C=CC=C4)cc1O,CN(C)c1ccc(-c2cc3ccc(CC(=O)O)c4c3c(n2)C=CC=C4)cc1O,485,0.713,mdm2_qed
mdm2_activator,MDM2,activator,A,O=C(O)[C@@H]1C=Cc2cc(C=C(NNC3=CC=CC=CN3)c3ccccc3)ccc2O1,O=C(O)[C@@H]1C=Cc2cc(C=C(NNC3=CC=CC=CN3)c3ccccc3)ccc2O1,486,0.439,mdm2_qed
mdm2_activator,MDM2,activator,A,Cc1ccc2cccc3nc(C=Cc4ccccc4)c(Cc4ccccc4)[n+]-3c2c1,Cc1ccc2cccc3nc(C=Cc4ccccc4)c(Cc4ccccc4)[n+]-3c2c1,487,0.345,mdm2_qed
mdm2_activator,MDM2,activator,A,CO[C@@H](c1cc(N)nc2ccccc12)[C@@H](c1ccccc1)N1CCOCC1,CO[C@@H](c1cc(N)nc2ccccc12)[C@@H](c1ccccc1)N1CCOCC1,488,0.751,mdm2_qed
mdm2_activator,MDM2,activator,A,CCCn1c(-c2cn(CC(=O)NCC(=O)O)c3ccccc23)nc(C)c1C,CCCn1c(-c2cn(CC(=O)NCC(=O)O)c3ccccc23)nc(C)c1C,489,0.671,mdm2_qed
mdm2_activator,MDM2,activator,A,O=C1OCCC2=CNC3=NC=CC=C(Nc4ncc(-c5ccccc5)c1n4)C3=C2,O=C1OCCC2=CNC3=NC=CC=C(Nc4ncc(-c5ccccc5)c1n4)C3=C2,490,0.735,mdm2_qed
mdm2_activator,MDM2,activator,A,Cc1ccc2[n+](c1)C=C1C2=Cc2c(NC=C[C@H]3CN[C@@H](C(=O)O)C3)nc[nH+]c21,Cc1ccc2[n+](c1)C=C1C2=Cc2c(NC=C[C@H]3CN[C@@H](C(=O)O)C3)nc[nH+]c21,491,0.702,mdm2_qed
mdm2_activator,MDM2,activator,A,O=C(Nc1ncnc2c3ccccc3n(Cc3ccccc3)c12)c1cccnc1,O=C(Nc1ncnc2c3ccccc3n(Cc3ccccc3)c12)c1cccnc1,492,0.506,mdm2_qed
mdm2_activator,MDM2,activator,A,O=c1nc(O)nc2n(-c3ccc(-c4ccccc4)cc3)c3ccccc3cc1-2,O=c1nc(O)nc2n(-c3ccc(-c4ccccc4)cc3)c3ccccc3cc1-2,493,0.475,mdm2_qed
mdm2_activator,MDM2,activator,A,Cc1nc2ncnc3c2nc1-c1cccn1Cc1ccccc1N[C@H]1CCN3C1,Cc1nc2ncnc3c2nc1-c1cccn1Cc1ccccc1N[C@H]1CCN3C1,494,0.503,mdm2_qed
mdm2_activator,MDM2,activator,A,Cc1cccc(CNc2sc(C(=O)O)c(C(=O)c3ccccc3)c2C(O)O)c1,Cc1cccc(CNc2sc(C(=O)O)c(C(=O)c3ccccc3)c2C(O)O)c1,495,0.359,mdm2_qed
mdm2_activator,MDM2,activator,A,Cc1ccc(O)cc1N=C(N)N(CCc1nccc2ccccc12)c1ccc(Cl)cc1,Cc1ccc(O)cc1N=C(N)N(CCc1nccc2ccccc12)c1ccc(Cl)cc1,496,0.319,mdm2_qed
mdm2_activator,MDM2,activator,A,O=Cc1ccc2c(c1)C(CNCc1ccccn1)=C1C=CC=CC=C1O2,O=Cc1ccc2c(c1)C(CNCc1ccccn1)=C1C=CC=CC=C1O2,497,0.839,mdm2_qed
mdm2_activator,MDM2,activator,A,Cc1nnc(Cn2cc(CCNC(O)=Nc3cccc4nccnc34)nn2)o1,Cc1nnc(Cn2cc(CCNC(O)=Nc3cccc4nccnc34)nn2)o1,498,0.375,mdm2_qed
mdm2_activator,MDM2,activator,A,C1=CNC2=NC=NC=C(CN3CCCC[C@@H]3c3ccccc3)C2=C1,C1=CNC2=NC=NC=C(CN3CCCC[C@@H]3c3ccccc3)C2=C1,499,0.925,mdm2_qed
mdm2_activator,MDM2,activator,A,O=S1(=O)CCN2CCN1CCCc1cccc(c1)C#Cc1cnc3cccc2c3c1,O=S1(=O)CCN2CCN1CCCc1cccc(c1)C#Cc1cnc3cccc2c3c1,500,0.528,mdm2_qed
mdm2_activator,MDM2,activator,A,CNC(=O)c1cccc(Nc2ccc3nc(=O)nc4c-3c(c2)N[C@]2(CN2)C4)c1,CNC(=O)c1cccc(Nc2ccc3nc(=O)nc4c-3c(c2)N[C@]2(CN2)C4)c1,501,0.511,mdm2_qed
mdm2_activator,MDM2,activator,A,CN[C@H](C=Cc1cn[nH]c1Nc1cccc(-c2[nH+]cccc2N)c1)c1ccccc1,CN[C@H](C=Cc1cn[nH]c1Nc1cccc(-c2[nH+]cccc2N)c1)c1ccccc1,502,0.376,mdm2_qed
mdm2_activator,MDM2,activator,A,Nc1nn(Cc2ccccc2)c(-c2cccnc2)c1C(=O)NCc1ccccn1,Nc1nn(Cc2ccccc2)c(-c2cccnc2)c1C(=O)NCc1ccccn1,503,0.533,mdm2_qed
mdm2_activator,MDM2,activator,A,O=C(O)[C@@H](Cc1cc(-c2ccccc2)ccn1)Nc1ncnc2ccccc12,O=C(O)[C@@H](Cc1cc(-c2ccccc2)ccn1)Nc1ncnc2ccccc12,504,0.537,mdm2_qed
mdm2_activator,MDM2,activator,A,O=C(O)c1ccccc1NCc1ccc(NCCO)c2ccccc12,O=C(O)c1ccccc1NCc1ccc(NCCO)c2ccccc12,505,0.53,mdm2_qed
mdm2_activator,MDM2,activator,A,OC1=Cc2nc3ncccc3c(-c3ccccc3)c2-c2ccccc2O1,OC1=Cc2nc3ncccc3c(-c3ccccc3)c2-c2ccccc2O1,506,0.517,mdm2_qed
mdm2_activator,MDM2,activator,A,NC1=Nc2nc3c(N4CC[C@H]5CN4CCN5)cnc4ccn(c2=CC=N1)c43,NC1=Nc2nc3c(N4CC[C@H]5CN4CCN5)cnc4ccn(c2=CC=N1)c43,507,0.623,mdm2_qed
mdm2_activator,MDM2,activator,A,CN(C)c1cc(S(=O)(=O)c2cccc3[nH]c4ccccc4c23)ccc1OCC(=O)O,CN(C)c1cc(S(=O)(=O)c2cccc3[nH]c4ccccc4c23)ccc1OCC(=O)O,508,0.49,mdm2_qed
mdm2_activator,MDM2,activator,A,OC1=Nc2cc(ccc2O)NCCN(C2CNC2)Cc2ccc1c(O)c2,OC1=Nc2cc(ccc2O)NCCN(C2CNC2)Cc2ccc1c(O)c2,509,0.502,mdm2_qed
mdm2_activator,MDM2,activator,A,NS(=O)(=O)c1ccc(-c2ccccc2C(=O)c2ccnnc2)cc1,NS(=O)(=O)c1ccc(-c2ccccc2C(=O)c2ccnnc2)cc1,510,0.733,mdm2_qed
mdm2_activator,MDM2,activator,A,O=C1C=CC=c2c1c1c(c(O)[n+]2CCc2ccccc2)=C(c2ccccc2)N=[NH+]1,O=C1C=CC=c2c1c1c(c(O)[n+]2CCc2ccccc2)=C(c2ccccc2)N=[NH+]1,511,0.656,mdm2_qed
mdm2_activator,MDM2,activator,A,COc1cn2ncc3c2nc1Nc1cccc(c1)C(=O)NCCc1cccc-3c1,COc1cn2ncc3c2nc1Nc1cccc(c1)C(=O)NCCc1cccc-3c1,512,0.525,mdm2_qed
mdm2_activator,MDM2,activator,A,O=c1[nH+]c(C2CCNCC2)c2c3[nH]c4cccc4c3c(-c3ccccc3)c1-2,O=c1[nH+]c(C2CCNCC2)c2c3[nH]c4cccc4c3c(-c3ccccc3)c1-2,513,0.509,mdm2_qed
mdm2_activator,MDM2,activator,A,CNC(=O)c1ccc2c(c1)CC[N@H+](c1n[nH]cc1-c1cccc3ccccc13)CC2,CNC(=O)c1ccc2c(c1)CC[N@H+](c1n[nH]cc1-c1cccc3ccccc13)CC2,514,0.498,mdm2_qed
mdm2_activator,MDM2,activator,A,Cc1ncc2c3cc(ccc13)C(=O)c1ccc3cccc(c3c1)OCCCC2,Cc1ncc2c3cc(ccc13)C(=O)c1ccc3cccc(c3c1)OCCCC2,515,0.404,mdm2_qed
mdm2_activator,MDM2,activator,A,O=C(Nc1ncnc(-c2ccncc2)n1)c1cccc(-c2ccccc2)c1,O=C(Nc1ncnc(-c2ccncc2)n1)c1cccc(-c2ccccc2)c1,516,0.603,mdm2_qed
mdm2_activator,MDM2,activator,A,c1cnc2ccc(Cc3cc(Nc4ncnc5ncncc45)ccn3)cc2c1,c1cnc2ccc(Cc3cc(Nc4ncnc5ncncc45)ccn3)cc2c1,517,0.519,mdm2_qed
mdm2_activator,MDM2,activator,A,Nc1ccc2[nH]cnc2c1CCC(=O)Nc1nnc2c3cccc(F)c3[nH]cc1-2,Nc1ccc2[nH]cnc2c1CCC(=O)Nc1nnc2c3cccc(F)c3[nH]cc1-2,518,0.351,mdm2_qed
mdm2_activator,MDM2,activator,A,Oc1ccc2c(-c3cc(-c4ccccc4)c4ccccc4n3)cccc2c1,Oc1ccc2c(-c3cc(-c4ccccc4)c4ccccc4n3)cccc2c1,519,0.399,mdm2_qed
mdm2_activator,MDM2,activator,A,CN1CCCC[C@@H](Oc2ccc(Oc3ccccc3)c(-c3nc(=O)[nH]c(=O)[nH]3)c2)C1,CN1CCCC[C@@H](Oc2ccc(Oc3ccccc3)c(-c3nc(=O)[nH]c(=O)[nH]3)c2)C1,520,0.673,mdm2_qed
mdm2_activator,MDM2,activator,A,Nc1nc(O)c2ncn(C[C@@H]3CC[C@H]([C@H](O)CCO[P@@](=O)(O)OP(=O)(O)O)O3)c2n1,Nc1nc(O)c2ncn(C[C@@H]3CC[C@H]([C@H](O)CCO[P@@](=O)(O)OP(=O)(O)O)O3)c2n1,521,0.257,mdm2_qed
mdm2_activator,MDM2,activator,A,O=C(O)COc1ccccc1-c1[nH]nnc1-c1cccc2ccccc12,O=C(O)COc1ccccc1-c1[nH]nnc1-c1cccc2ccccc12,522,0.575,mdm2_qed
mdm2_activator,MDM2,activator,A,C1=NC(c2cc[nH+]cc2)=CNC(C=C(C=C[C@@H]2CNCCO2)c2ccccc2)=C1,C(=C[C@@H]1CNCCO1)C(=CC1=CC=NC(c2cc[nH+]cc2)=CN1)c1ccccc1,523,0.778,mdm2_qed
mdm2_activator,MDM2,activator,A,O=C(O)C[N+]1=c2[nH]c3cccc4[nH+]cc(c5ccccc5c2-c2ccccc21)-c34,O=C(O)C[N+]1=c2[nH]c3cccc4[nH+]cc(c5ccccc5c2-c2ccccc21)-c34,524,0.462,mdm2_qed
cfl1_stabilizer,CFL1,binder,B,Nc1cc2c(nn1)NN1C(=N2)N2c3ccccc3CC[C@@H]2C[C@@H]1c1ccccc1,Nc1cc2c(nn1)NN1C(=N2)N2c3ccccc3CC[C@@H]2C[C@@H]1c1ccccc1,0,0.667,cfl1_qed
cfl1_stabilizer,CFL1,binder,B,C[n+]1c2ccc(N=NN[C@H]3CCC(=O)C3=O)ccc2n2nc(C(N)=NN)nc21,C[n+]1c2ccc(N=NN[C@H]3CCC(=O)C3=O)ccc2n2nc(C(N)=NN)nc21,1,0.101,cfl1_qed
cfl1_stabilizer,CFL1,binder,B,Cc1nc2c(cc(=O)c1O)oc1ccc(COc3ccccc3)c(O)c12,Cc1nc2c(cc(=O)c1O)oc1ccc(COc3ccccc3)c(O)c12,2,0.587,cfl1_qed
cfl1_stabilizer,CFL1,binder,B,N=c1nc[nH]nc2c(CC(=O)CNNCCc3ccc(-c4ccc(F)cc4)cc3)cnc1-2,N=c1nc[nH]nc2c(CC(=O)CNNCCc3ccc(-c4ccc(F)cc4)cc3)cnc1-2,3,0.238,cfl1_qed
cfl1_stabilizer,CFL1,binder,B,NCc1cccc(-n2cccc2C(=O)N2CCN(c3cccnc3)CC2)c1,NCc1cccc(-n2cccc2C(=O)N2CCN(c3cccnc3)CC2)c1,4,0.774,cfl1_qed
cfl1_stabilizer,CFL1,binder,B,Oc1ccc(-c2ncc[nH]c2=NN=NCC=NNN=NN=Nc2ccccc2)cc1O,Oc1ccc(-c2ncc[nH]c2=NN=NCC=NNN=NN=Nc2ccccc2)cc1O,5,0.189,cfl1_qed
cfl1_stabilizer,CFL1,binder,B,N[N+](=O)c1c[nH]c(CN=NN=Nc2ncccc2-c2ccccc2)n1,N[N+](=O)c1c[nH]c(CN=NN=Nc2ncccc2-c2ccccc2)n1,6,0.308,cfl1_qed
cfl1_stabilizer,CFL1,binder,B,O=C1CCCCC[C@H](O)c2nc(ncc2-c2ccccc2)-c2ccccc2N1,O=C1CCCCC[C@H](O)c2nc(ncc2-c2ccccc2)-c2ccccc2N1,7,0.646,cfl1_qed
cfl1_stabilizer,CFL1,binder,B,O=C(COCCc1cccc2ccccc12)N=NC=[N+]=Nc1ncnc2ccccc12,O=C(COCCc1cccc2ccccc12)N=NC=[N+]=Nc1ncnc2ccccc12,8,0.148,cfl1_qed
cfl1_stabilizer,CFL1,binder,B,Cc1ccc(-c2cc(C(=O)[n+]3ccccc3-c3ccccc3)[nH+]cn2)cc1,Cc1ccc(-c2cc(C(=O)[n+]3ccccc3-c3ccccc3)[nH+]cn2)cc1,9,0.529,cfl1_qed
cfl1_stabilizer,CFL1,binder,B,CC(=O)Nc1cnc(Oc2ccc(C(=O)Nc3cccc4ccccc34)cc2)cn1,CC(=O)Nc1cnc(Oc2ccc(C(=O)Nc3cccc4ccccc34)cc2)cn1,10,0.511,cfl1_qed
cfl1_stabilizer,CFL1,binder,B,C[C@H](CNN=Cc1ccc(O)c[nH+]1)NC(=O)C1=NNC=NC(=O)C=C1,C[C@H](CNN=Cc1ccc(O)c[nH+]1)NC(=O)C1=NNC=NC(=O)C=C1,11,0.375,cfl1_qed
cfl1_stabilizer,CFL1,binder,B,Fc1ccc2c([N+]#[N+]c3nnc4cnnnn34)cc(Nc3cn[nH]c3)nc2c1,Fc1ccc2c([N+]#[N+]c3nnc4cnnnn34)cc(Nc3cn[nH]c3)nc2c1,12,0.45,cfl1_qed
cfl1_stabilizer,CFL1,binder,B,O=C(O)CCCCCCC(=O)CCCCCCCCCC=C(O)C(=O)CO,O=C(O)CCCCCCC(=O)CCCCCCCCCC=C(O)C(=O)CO,13,0.172,cfl1_qed
cfl1_stabilizer,CFL1,binder,B,Fc1ccccc1Oc1cnc(N=NNN=Nc2cc3nccnc3nn2)nn1,Fc1ccccc1Oc1cnc(N=NNN=Nc2cc3nccnc3nn2)nn1,14,0.384,cfl1_qed
cfl1_stabilizer,CFL1,binder,B,O=C(O)NCCCCNN=CC=NNC(=O)c1cccc(O)c1,O=C(O)NCCCCNN=CC=NNC(=O)c1cccc(O)c1,15,0.259,cfl1_qed
cfl1_stabilizer,CFL1,binder,B,NN=CCC=NN=NC1=C(N)C2=CC=CC=Cc3nc4ccccc4c1[n+]32,NN=CCC=NN=NC1=C(N)C2=CC=CC=Cc3nc4ccccc4c1[n+]32,16,0.287,cfl1_qed
cfl1_stabilizer,CFL1,binder,B,Cc1ccccc1Nc1cnnc(C=[N+]=NN=NC=Cc2ccccc2)c1,Cc1ccccc1Nc1cnnc(C=[N+]=NN=NC=Cc2ccccc2)c1,17,0.302,cfl1_qed
cfl1_stabilizer,CFL1,binder,B,C[C@@H](COCCCCCC(=O)O)OCCOCCOC=C(O)OCCO,C[C@@H](COCCCCCC(=O)O)OCCOCCOC=C(O)OCCO,18,0.226,cfl1_qed
cfl1_stabilizer,CFL1,binder,B,O=C(O)c1cccc(NN=NN=NN=NCCN=NN=C2CCCO2)c1,O=C(O)c1cccc(NN=NN=NN=NCCN=NN=C2CCCO2)c1,19,0.39,cfl1_qed
cfl1_stabilizer,CFL1,binder,B,COc1n[nH+]ccc1NC(=O)c1ccc(N(C)c2n[nH]c(-c3ccc(F)cc3)n2)cc1,COc1n[nH+]ccc1NC(=O)c1ccc(N(C)c2n[nH]c(-c3ccc(F)cc3)n2)cc1,20,0.496,cfl1_qed
cfl1_stabilizer,CFL1,binder,B,Cc1ncnc2c1nc(NC1=NC=C(N=N)C1)n2[C@@H]1CCN2CCC1CC2,Cc1ncnc2c1nc(NC1=NC=C(N=N)C1)n2[C@@H]1CCN2CCC1CC2,21,0.813,cfl1_qed
cfl1_stabilizer,CFL1,binder,B,CC(=O)NCCCNN=Nc1nc2c3c(cccc3n1)C=Nc1cc(C)ccc1-2,CC(=O)NCCCNN=Nc1nc2c3c(cccc3n1)C=Nc1cc(C)ccc1-2,22,0.298,cfl1_qed
cfl1_stabilizer,CFL1,binder,B,COc1ccc(Nc2ccccc2NC(=O)CC=CCC(N)=O)cc1,COc1ccc(Nc2ccccc2NC(=O)CC=CCC(N)=O)cc1,23,0.644,cfl1_qed
cfl1_stabilizer,CFL1,binder,B,c1ccc(-c2cncc(-c3ccc4ccc(-c5ccccc5)nc4c3)c2)cc1,c1ccc(-c2cncc(-c3ccc4ccc(-c5ccccc5)nc4c3)c2)cc1,24,0.362,cfl1_qed
cfl1_stabilizer,CFL1,binder,B,Cc1ccc2c(C)cc(-n3nc(N=NCCCN)cc3-c3ccco3)cc2n1,Cc1ccc2c(C)cc(-n3nc(N=NCCCN)cc3-c3ccco3)cc2n1,25,0.39,cfl1_qed
cfl1_stabilizer,CFL1,binder,B,Cc1nc2c3c([C@@H](C)NC(=O)CCCCC(O)O)cccc3nc-2c(C)[nH]1,Cc1nc2c3c([C@@H](C)NC(=O)CCCCC(O)O)cccc3nc-2c(C)[nH]1,26,0.377,cfl1_qed
cfl1_stabilizer,CFL1,binder,B,CC(=O)OCCOCOCCOCOCCOCCOCCOCCOCCOCCO,CC(=O)OCCOCOCCOCOCCOCCOCCOCCOCCOCCO,27,0.095,cfl1_qed
cfl1_stabilizer,CFL1,binder,B,CCCCCCCC=CCNN=NN=CC1=CC=C(c2cc[nH+]c(C)c2)C=CN1,CCCCCCCC=CCNN=NN=CC1=CC=C(c2cc[nH+]c(C)c2)C=CN1,28,0.171,cfl1_qed
cfl1_stabilizer,CFL1,binder,B,CC(=O)Nc1ccc([C@@H](NN=NC2=CC(=O)NNN2)c2ccccn2)cc1,CC(=O)Nc1ccc([C@@H](NN=NC2=CC(=O)NNN2)c2ccccn2)cc1,29,0.384,cfl1_qed
cfl1_stabilizer,CFL1,binder,B,Oc1nc2cncnc2cc1N=NN=NN[C@@H]1C[C@@H](Oc2ccnc3cccnc23)N1,Oc1nc2cncnc2cc1N=NN=NN[C@@H]1C[C@@H](Oc2ccnc3cccnc23)N1,30,0.315,cfl1_qed
cfl1_stabilizer,CFL1,binder,B,Cc1cc(N=NN=NCC=CCCN=NCc2ccccc2)c(C)c(=O)[nH]1,Cc1cc(N=NN=NCC=CCCN=NCc2ccccc2)c(C)c(=O)[nH]1,31,0.286,cfl1_qed
cfl1_stabilizer,CFL1,binder,B,OC(=[N+]=NN=NN=[N+]=Nc1cc(-c2cccc(O)c2)ncn1)c1ccc(O)cc1,OC(=[N+]=NN=NN=[N+]=Nc1cc(-c2cccc(O)c2)ncn1)c1ccc(O)cc1,32,0.199,cfl1_qed
cfl1_stabilizer,CFL1,binder,B,O=C(O)c1ccc(N=NN=NC[n+]2ccc([N+](=O)[O-])cc2)cc1O,O=C(O)c1ccc(N=NN=NC[n+]2ccc([N+](=O)[O-])cc2)cc1O,33,0.36,cfl1_qed
cfl1_stabilizer,CFL1,binder,B,Nc1cc2c(cn1)nc(N=NN1Cc3cnc(N)nc3C=N1)c1ccccc12,Nc1cc2c(cn1)nc(N=NN1Cc3cnc(N)nc3C=N1)c1ccccc12,34,0.407,cfl1_qed
cfl1_stabilizer,CFL1,binder,B,OC=COCCOCCOC=COCCOCCC=Cc1ccccc1,OC=COCCOCCOC=COCCOCCC=Cc1ccccc1,35,0.357,cfl1_qed
cfl1_stabilizer,CFL1,binder,B,CCCCCCCCCCCCCOC(=O)c1ccc(Cn2ccc([N+](=O)O)n2)cc1,CCCCCCCCCCCCCOC(=O)c1ccc(Cn2ccc([N+](=O)O)n2)cc1,36,0.195,cfl1_qed
cfl1_stabilizer,CFL1,binder,B,Oc1ccc(CCCC=CN=NNC=CN=C2C=Nc3ccccc32)cc1,Oc1ccc(CCCC=CN=NNC=CN=C2C=Nc3ccccc32)cc1,37,0.401,cfl1_qed
cfl1_stabilizer,CFL1,binder,B,Nc1ccc2nn3c(SCC(=O)NNCc4ccccc4)ncnc3c2c1,Nc1ccc2nn3c(SCC(=O)NNCc4ccccc4)ncnc3c2c1,38,0.266,cfl1_qed
cfl1_stabilizer,CFL1,binder,B,NC(=NC[C@H]1CCC1=O)Nc1cc(-c2cccnc2)nc2ccccc12,NC(=NC[C@H]1CCC1=O)Nc1cc(-c2cccnc2)nc2ccccc12,39,0.56,cfl1_qed
cfl1_stabilizer,CFL1,binder,B,O=C(CCCC=CCc1ccccc1O)NCCCCCC=N[n+]1ccc(O)cc1,O=C(CCCC=CCc1ccccc1O)NCCCCCC=N[n+]1ccc(O)cc1,40,0.203,cfl1_qed
cfl1_stabilizer,CFL1,binder,B,O=C(N=NC1C[N+](c2nc3ccccc3[nH]2)=N1)c1ccc(Nc2ncccn2)cc1,O=C(N=NC1C[N+](c2nc3ccccc3[nH]2)=N1)c1ccc(Nc2ncccn2)cc1,41,0.391,cfl1_qed
cfl1_stabilizer,CFL1,binder,B,Cc1ccc(S(=O)(=O)NCCCCCCC(=O)N[C@@H](C)N[N+]#Cc2ccccc2)cn1,Cc1ccc(S(=O)(=O)NCCCCCCC(=O)N[C@@H](C)N[N+]#Cc2ccccc2)cn1,42,0.281,cfl1_qed
cfl1_stabilizer,CFL1,binder,B,O=C1CC2=NNN3C=CC(CNc4[nH+]ccc5[nH+]c6ccccc6nc45)=CC(=C23)O1,O=C1CC2=NNN3C=CC(CNc4[nH+]ccc5[nH+]c6ccccc6nc45)=CC(=C23)O1,43,0.507,cfl1_qed
cfl1_stabilizer,CFL1,binder,B,N#Cc1ccc(CNC(=N)N=Nc2cccc(C#[N+]c3ccc(O)cc3)c2)cc1,N#Cc1ccc(CNC(=N)N=Nc2cccc(C#[N+]c3ccc(O)cc3)c2)cc1,44,0.334,cfl1_qed
cfl1_stabilizer,CFL1,binder,B,CNC(=O)COc1ccc(-c2noc(-c3ccc(C(=O)CCC(=O)O)cc3)n2)cc1,CNC(=O)COc1ccc(-c2noc(-c3ccc(C(=O)CCC(=O)O)cc3)n2)cc1,45,0.516,cfl1_qed
cfl1_stabilizer,CFL1,binder,B,CCOc1cccc2nc(SC(=O)NCCCCN)c(-c3ccccc3)nc12,CCOc1cccc2nc(SC(=O)NCCCCN)c(-c3ccccc3)nc12,46,0.437,cfl1_qed
cfl1_stabilizer,CFL1,binder,B,Oc1cc(C2=CCN=[N+](c3ccc4ccccc4c3)C2)nc2ccccc12,Oc1cc(C2=CCN=[N+](c3ccc4ccccc4c3)C2)nc2ccccc12,47,0.499,cfl1_qed
cfl1_stabilizer,CFL1,binder,B,C[C@@H](CO)NC(=O)CCN1CCN(c2ccc(-c3ccccc3)cn2)CC1,C[C@@H](CO)NC(=O)CCN1CCN(c2ccc(-c3ccccc3)cn2)CC1,48,0.779,cfl1_qed
cfl1_stabilizer,CFL1,binder,B,NCc1ccc(-c2cc3cnccc3[nH]2)cc1NNc1cc[nH+]cc1,NCc1ccc(-c2cc3cnccc3[nH]2)cc1NNc1cc[nH+]cc1,49,0.423,cfl1_qed
cfl1_stabilizer,CFL1,binder,B,O=C(NCc1ccc(O)c(C=CCc2cccc3nn[nH]c23)c1)c1ccccc1,O=C(NCc1ccc(O)c(C=CCc2cccc3nn[nH]c23)c1)c1ccccc1,50,0.471,cfl1_qed
cfl1_stabilizer,CFL1,binder,B,O=C(O)C=CCCC=CCOc1cnc(-c2cccc(C(=O)O)c2)cc1O,O=C(O)C=CCCC=CCOc1cnc(-c2cccc(C(=O)O)c2)cc1O,51,0.352,cfl1_qed
cfl1_stabilizer,CFL1,binder,B,C(=NN=NN=NNCCNNc1ccc(-c2ccccc2)cc1)c1ccccc1,C(=NN=NN=NNCCNNc1ccc(-c2ccccc2)cc1)c1ccccc1,52,0.205,cfl1_qed
cfl1_stabilizer,CFL1,binder,B,Oc1cc(-c2nn[nH]n2)ccc1ON=Cc1ccc(O)c(Oc2ccccc2Cl)c1,Oc1cc(-c2nn[nH]n2)ccc1ON=Cc1ccc(O)c(Oc2ccccc2Cl)c1,53,0.314,cfl1_qed
cfl1_stabilizer,CFL1,binder,B,CCCCC[C@H](CC=CCCCC=CCCCC(=O)O)CC=CCCC(=O)O,CCCCC[C@H](CC=CCCCC=CCCCC(=O)O)CC=CCCC(=O)O,54,0.185,cfl1_qed
cfl1_stabilizer,CFL1,binder,B,Cc1ccc([N+]2=CC(=NN=Nc3cnc(C(=O)O)[nH]3)c3ncccc32)cc1,Cc1ccc([N+]2=CC(=NN=Nc3cnc(C(=O)O)[nH]3)c3ncccc32)cc1,55,0.422,cfl1_qed
cfl1_stabilizer,CFL1,binder,B,CCCCCCCNC(=O)Nc1cc2ccccc2nc1-c1cnc(C)nc1,CCCCCCCNC(=O)Nc1cc2ccccc2nc1-c1cnc(C)nc1,56,0.536,cfl1_qed
cfl1_stabilizer,CFL1,binder,B,O=C(Cc1ccc(-c2ccc(O)cc2)nn1)NNC(=O)c1cccc(O)c1,O=C(Cc1ccc(-c2ccc(O)cc2)nn1)NNC(=O)c1cccc(O)c1,57,0.521,cfl1_qed
cfl1_stabilizer,CFL1,binder,B,COc1cc2c(c(-c3[nH+]c4cnccc4c4c3C3=CC=CC3=[N+]4C)c1)OCO2,COc1cc2c(c(-c3[nH+]c4cnccc4c4c3C3=CC=CC3=[N+]4C)c1)OCO2,58,0.65,cfl1_qed
cfl1_stabilizer,CFL1,binder,B,NCC(=O)Nc1ccc(Cl)c(N=Nc2nnc(-c3ccc4ccccc4c3)[nH]2)c1,NCC(=O)Nc1ccc(Cl)c(N=Nc2nnc(-c3ccc4ccccc4c3)[nH]2)c1,59,0.42,cfl1_qed
cfl1_stabilizer,CFL1,binder,B,Nc1ccccc1CNCCCCN=NN=NN=NC1=c2ccccc2=NC=CN1,Nc1ccccc1CNCCCCN=NN=NN=NC1=c2ccccc2=NC=CN1,60,0.243,cfl1_qed
cfl1_stabilizer,CFL1,binder,B,Oc1c([C@H](CNCc2ccc[nH+]c2)c2ccccc2)[nH]c2ccccc12,Oc1c([C@H](CNCc2ccc[nH+]c2)c2ccccc2)[nH]c2ccccc12,61,0.5,cfl1_qed
cfl1_stabilizer,CFL1,binder,B,CN(C)c1cc(O)n2nc(-c3ccccc3)c([C@@H](O)NN=NCCCCC(=O)O)c2n1,CN(C)c1cc(O)n2nc(-c3ccccc3)c([C@@H](O)NN=NCCCCC(=O)O)c2n1,62,0.167,cfl1_qed
cfl1_stabilizer,CFL1,binder,B,O=C(NNNc1cnc(O)nc1)Nc1cccc(OCc2ccccc2)c1F,O=C(NNNc1cnc(O)nc1)Nc1cccc(OCc2ccccc2)c1F,63,0.397,cfl1_qed
cfl1_stabilizer,CFL1,binder,B,O=c1cc(CCc2ccc(O)cc2O)oc2cc([C@@H](O)c3ccccc3)cc(O)c12,O=c1cc(CCc2ccc(O)cc2O)oc2cc([C@@H](O)c3ccccc3)cc(O)c12,64,0.403,cfl1_qed
cfl1_stabilizer,CFL1,binder,B,COc1ccc(NC(=O)c2cc(O)nc(-c3cccc(-c4ccccc4)c3)n2)cn1,COc1ccc(NC(=O)c2cc(O)nc(-c3cccc(-c4ccccc4)c3)n2)cn1,65,0.524,cfl1_qed
cfl1_stabilizer,CFL1,binder,B,O=c1[nH]c(O)nc2nc(NC3=[NH+]C4=CC=CC4=N3)c(Cc3ccccc3)cc12,O=c1[nH]c(O)nc2nc(NC3=[NH+]C4=CC=CC4=N3)c(Cc3ccccc3)cc12,66,0.531,cfl1_qed
cfl1_stabilizer,CFL1,binder,B,N=[n+]1nc2c([nH]1)=CC=C(N[C@@H]1CCC[C@@H](c3ccc4ccccc4c3)C1)C=C2,N=[n+]1nc2c([nH]1)=CC=C(N[C@@H]1CCC[C@@H](c3ccc4ccccc4c3)C1)C=C2,67,0.618,cfl1_qed
cfl1_stabilizer,CFL1,binder,B,O=C(c1ccc2[nH]cnc2c1)N1CC(=Nc2cccc(O)c2)C[C@H]1c1ccc[nH+]c1,O=C(c1ccc2[nH]cnc2c1)N1CC(=Nc2cccc(O)c2)C[C@H]1c1ccc[nH+]c1,68,0.553,cfl1_qed
cfl1_stabilizer,CFL1,binder,B,CC(=NN=c1[nH]c(-c2ccc3c(c2)OCCO3)cc(=O)[nH]1)c1cccc(O)c1,CC(=NN=c1[nH]c(-c2ccc3c(c2)OCCO3)cc(=O)[nH]1)c1cccc(O)c1,69,0.479,cfl1_qed
cfl1_stabilizer,CFL1,binder,B,Nc1nccc(N=Nc2nnnn2-c2ccc(Nc3ncccc3N)cc2)n1,Nc1nccc(N=Nc2nnnn2-c2ccc(Nc3ncccc3N)cc2)n1,70,0.442,cfl1_qed
cfl1_stabilizer,CFL1,binder,B,O=C(C=C(C(=O)c1ccc(O)cc1)c1ccccc1)Nc1ccc(O)cc1,O=C(C=C(C(=O)c1ccc(O)cc1)c1ccccc1)Nc1ccc(O)cc1,71,0.365,cfl1_qed
cfl1_stabilizer,CFL1,binder,B,O=C(O)CCCNN=Cc1cccc(-c2ccnc3c2OCCCC3)c1,O=C(O)CCCNN=Cc1cccc(-c2ccnc3c2OCCCC3)c1,72,0.453,cfl1_qed
cfl1_stabilizer,CFL1,binder,B,O=C(O)c1ccc(-c2ccc(-c3nc(-c4ccc(F)cc4)n[nH]3)cc2)cc1,O=C(O)c1ccc(-c2ccc(-c3nc(-c4ccc(F)cc4)n[nH]3)cc2)cc1,73,0.556,cfl1_qed
cfl1_stabilizer,CFL1,binder,B,Nc1nccc(C(=O)NCc2nc(Nc3ccccc3)nc3ccccc23)n1,Nc1nccc(C(=O)NCc2nc(Nc3ccccc3)nc3ccccc23)n1,74,0.493,cfl1_qed
cfl1_stabilizer,CFL1,binder,B,Oc1ccc(O)c(N=[N+]=NNN=NNC=NC=C2C=c3ccccc3=N2)c1,Oc1ccc(O)c(N=[N+]=NNN=NNC=NC=C2C=c3ccccc3=N2)c1,75,0.151,cfl1_qed
cfl1_stabilizer,CFL1,binder,B,NC(=O)c1cccc(C(O)=NN=[N+]=NN=CCCNN=Cc2ccc(O)cc2)c1,NC(=O)c1cccc(C(O)=NN=[N+]=NN=CCCNN=Cc2ccc(O)cc2)c1,76,0.126,cfl1_qed
cfl1_stabilizer,CFL1,binder,B,OC1=CC(=Nn2cc(CN=C(O)c3ccccc3)c3ccc[n+](O)c32)CC1,OC1=CC(=Nn2cc(CN=C(O)c3ccccc3)c3ccc[n+](O)c32)CC1,77,0.288,cfl1_qed
cfl1_stabilizer,CFL1,binder,B,COc1cccc(CN2CCCCN(C=Nc3nc4ccccc4[nH]3)C2=O)c1,COc1cccc(CN2CCCCN(C=Nc3nc4ccccc4[nH]3)C2=O)c1,78,0.54,cfl1_qed
cfl1_stabilizer,CFL1,binder,B,Oc1cccc2[nH+]cc(Cc3ccccc3)c(C=Nc3[nH]nc4ncncc34)c12,Oc1cccc2[nH+]cc(Cc3ccccc3)c(C=Nc3[nH]nc4ncncc34)c12,79,0.466,cfl1_qed
cfl1_stabilizer,CFL1,binder,B,COc1ccc(-c2ccnc(CN=NC3CNC(c4cnc(N)nc4)=N3)c2)cc1,COc1ccc(-c2ccnc(CN=NC3CNC(c4cnc(N)nc4)=N3)c2)cc1,80,0.625,cfl1_qed
cfl1_stabilizer,CFL1,binder,B,Cc1cccc(N=Nc2n[nH]c(=NN=O)nc2ONC2=NC=CNC=C2)c1,Cc1cccc(N=Nc2n[nH]c(=NN=O)nc2ONC2=NC=CNC=C2)c1,81,0.417,cfl1_qed
cfl1_stabilizer,CFL1,binder,B,Oc1ccc(N=CCCNN=NNN=Nc2cnc3cccnc3n2)cc1,Oc1ccc(N=CCCNN=NNN=Nc2cnc3cccnc3n2)cc1,82,0.242,cfl1_qed
cfl1_stabilizer,CFL1,binder,B,Nc1ncnc2c(C(=O)NN=C=NN=NCCN=[N+]=C3CCON3)cccc12,Nc1ncnc2c(C(=O)NN=C=NN=NCCN=[N+]=C3CCON3)cccc12,83,0.214,cfl1_qed
cfl1_stabilizer,CFL1,binder,B,O=[N+](O)c1nc(NN=Nc2cncc(O)c2)nc(N=Nc2cccnc2)c1O,O=[N+](O)c1nc(NN=Nc2cncc(O)c2)nc(N=Nc2cccnc2)c1O,84,0.365,cfl1_qed
cfl1_stabilizer,CFL1,binder,B,O=C(O)c1ccc(-c2cccc(C(=O)NCCCNC(O)c3ccccn3)c2)cc1,O=C(O)c1ccc(-c2cccc(C(=O)NCCCNC(O)c3ccccn3)c2)cc1,85,0.322,cfl1_qed
cfl1_stabilizer,CFL1,binder,B,O=C(O)CC[C@H](CC=CCNc1c[nH]c2nccnc12)C(=O)c1ccccc1,O=C(O)CC[C@H](CC=CCNc1c[nH]c2nccnc12)C(=O)c1ccccc1,86,0.367,cfl1_qed
cfl1_stabilizer,CFL1,binder,B,C(CNN=[N+]=NN=Nc1ccc2ccccc2c1)=NN=Cc1ccccc1,C(CNN=[N+]=NN=Nc1ccc2ccccc2c1)=NN=Cc1ccccc1,87,0.219,cfl1_qed
cfl1_stabilizer,CFL1,binder,B,NC1=CNC(NS(=O)(=O)N2CCC[C@@H]2c2c[nH]c(S(=O)(=O)O)c2)=CC=C1,NC1=CNC(NS(=O)(=O)N2CCC[C@@H]2c2c[nH]c(S(=O)(=O)O)c2)=CC=C1,88,0.436,cfl1_qed
cfl1_stabilizer,CFL1,binder,B,O=[N+](O)C=CCN=Cc1cccc(C=CNCc2nccc3[nH]ccc23)c1,O=[N+](O)C=CCN=Cc1cccc(C=CNCc2nccc3[nH]ccc23)c1,89,0.423,cfl1_qed
cfl1_stabilizer,CFL1,binder,B,COC(=O)[C@H]1CCCC(N=Nc2ccc3c(O)nc(O)c4c3c2-c2ncn(C)c2N4)=N1,COC(=O)[C@H]1CCCC(N=Nc2ccc3c(O)nc(O)c4c3c2-c2ncn(C)c2N4)=N1,90,0.332,cfl1_qed
cfl1_stabilizer,CFL1,binder,B,Cc1nc[nH]c2c(Cc3nc(N=Cc4ccccc4)cc([N+](=O)O)n3)cnc1-2,Cc1nc[nH]c2c(Cc3nc(N=Cc4ccccc4)cc([N+](=O)O)n3)cnc1-2,91,0.409,cfl1_qed
cfl1_stabilizer,CFL1,binder,B,C(CNc1[nH]cnc2cnnc1-2)=NN=Nc1nnc(Nc2ccccc2)[nH+]n1,C(CNc1[nH]cnc2cnnc1-2)=NN=Nc1nnc(Nc2ccccc2)[nH+]n1,92,0.246,cfl1_qed
cfl1_stabilizer,CFL1,binder,B,COc1cc(C)cc(NC(=O)C=NN=NN=[N+]=NN=Cc2ccccc2)c1,COc1cc(C)cc(NC(=O)C=NN=NN=[N+]=NN=Cc2ccccc2)c1,93,0.35,cfl1_qed
cfl1_stabilizer,CFL1,binder,B,C1=CN=C(NNN=NN=C(c2ccccc2)c2c[nH]c3ccccc23)CC1,C1=CN=C(NNN=NN=C(c2ccccc2)c2c[nH]c3ccccc23)CC1,94,0.365,cfl1_qed
cfl1_stabilizer,CFL1,binder,B,Oc1ccc(N=NCCNN=NNN=[N+]2NC2=C2CCCO2)cc1,Oc1ccc(N=NCCNN=NNN=[N+]2NC2=C2CCCO2)cc1,95,0.198,cfl1_qed
cfl1_stabilizer,CFL1,binder,B,c1ccc(-c2c3nc(CCN4CC4)ncc3nc3c2sc2nccn23)cc1,c1ccc(-c2c3nc(CCN4CC4)ncc3nc3c2sc2nccn23)cc1,96,0.453,cfl1_qed
cfl1_stabilizer,CFL1,binder,B,Fc1ccc(NN=NN=[N+]=C=NNc2nnc3ccccc3n2)cc1,Fc1ccc(NN=NN=[N+]=C=NNc2nnc3ccccc3n2)cc1,97,0.32,cfl1_qed
cfl1_stabilizer,CFL1,binder,B,O=C(N[C@@](c1ccccc1)(c1nnn[nH]1)c1ccco1)c1ccc2ccccc2c1,O=C(N[C@@](c1ccccc1)(c1nnn[nH]1)c1ccco1)c1ccc2ccccc2c1,98,0.473,cfl1_qed
cfl1_stabilizer,CFL1,binder,B,Nc1ccnc(CCCN=NC=CN=NC(O)C=CNc2ccc(O)cc2)n1,Nc1ccnc(CCCN=NC=CN=NC(O)C=CNc2ccc(O)cc2)n1,99,0.281,cfl1_qed
cfl1_stabilizer,CFL1,binder,B,O=C(O)[C@H](N=Cc1c(S(=O)(=O)O)ccc2ccccc12)c1ccc(Cl)cc1,O=C(O)[C@H](N=Cc1c(S(=O)(=O)O)ccc2ccccc12)c1ccc(Cl)cc1,100,0.495,cfl1_qed
cfl1_stabilizer,CFL1,binder,B,Nc1nc(NC(=O)COc2ccc(Nc3nc(O)cc[nH+]3)cc2)nc(=O)[nH]1,Nc1nc(NC(=O)COc2ccc(Nc3nc(O)cc[nH+]3)cc2)nc(=O)[nH]1,101,0.378,cfl1_qed
cfl1_stabilizer,CFL1,binder,B,Nc1nc[nH+]c2c1=C1C=CC(NC(=O)CCc3n[nH]c(Cc4ccnc[nH+]4)n3)=C1C=2,Nc1nc[nH+]c2c1=C1C=CC(NC(=O)CCc3n[nH]c(Cc4ccnc[nH+]4)n3)=C1C=2,102,0.431,cfl1_qed
cfl1_stabilizer,CFL1,binder,B,O=Cc1cc2ccccc2c2c1[nH]c1c(CNc3nccc[nH+]3)cccc12,O=Cc1cc2ccccc2c2c1[nH]c1c(CNc3nccc[nH+]3)cccc12,103,0.478,cfl1_qed
cfl1_stabilizer,CFL1,binder,B,c1ccc(CN=[N+]=NN=[N+]=NN=NN=Nc2ccc3ccccc3c2)cc1,c1ccc(CN=[N+]=NN=[N+]=NN=NN=Nc2ccc3ccccc3c2)cc1,104,0.323,cfl1_qed
cfl1_stabilizer,CFL1,binder,B,C(=CNNN=NN=Nc1ncnc2ccccc12)NN=Nc1ccccc1,C(=CNNN=NN=Nc1ncnc2ccccc12)NN=Nc1ccccc1,105,0.318,cfl1_qed
cfl1_stabilizer,CFL1,binder,B,COC1=Cc2cc3c(C)cncc3c3cccc(c23)C1=O.COc1ccccc1,COC1=Cc2cc3c(C)cncc3c3cccc(c23)C1=O.COc1ccccc1,106,0.424,cfl1_qed
cfl1_stabilizer,CFL1,binder,B,C[n+]1ccc2c(c1=O)[n+]1cccc1c1nc(=Nc3cccc(C(N)=O)c3)n[n+]21,C[n+]1ccc2c(c1=O)[n+]1cccc1c1nc(=Nc3cccc(C(N)=O)c3)n[n+]21,107,0.38,cfl1_qed
cfl1_stabilizer,CFL1,binder,B,O=c1cc2cc(CN=Nc3ccnnn3)c(Cc3ccc(O)cc3)ccc-2cc1O,O=c1cc2cc(CN=Nc3ccnnn3)c(Cc3ccc(O)cc3)ccc-2cc1O,108,0.494,cfl1_qed
cfl1_stabilizer,CFL1,binder,B,CCOC(=O)C1=CC=C([N+]#[N+]c2cccc(O)c2)C(O)=C(c2ccccc2)N1,CCOC(=O)C1=CC=C([N+]#[N+]c2cccc(O)c2)C(O)=C(c2ccccc2)N1,109,0.54,cfl1_qed
cfl1_stabilizer,CFL1,binder,B,C[C@H]1NC2=C(O1)C1=CC=CC(=N)[N@@H+]1C(NN=Cc1c3ccccc3n3cn[nH]c13)=C2,C[C@H]1NC2=C(O1)C1=CC=CC(=N)[N@@H+]1C(NN=Cc1c3ccccc3n3cn[nH]c13)=C2,110,0.336,cfl1_qed
cfl1_stabilizer,CFL1,binder,B,O=C(O)c1ccc(NNC2=C(c3ccccc3)N(O)C3=CC=CC=CC3=N2)cc1,O=C(O)c1ccc(NNC2=C(c3ccccc3)N(O)C3=CC=CC=CC3=N2)cc1,111,0.584,cfl1_qed
cfl1_stabilizer,CFL1,binder,B,NC(=O)CCC=NNc1ncc(-c2cccc[nH+]2)c2[nH]ccc12,NC(=O)CCC=NNc1ncc(-c2cccc[nH+]2)c2[nH]ccc12,112,0.476,cfl1_qed
cfl1_stabilizer,CFL1,binder,B,C[C@@H](CO)OC(=O)CC=C(O)CC=CCCCCCCCCCC=CC=CC(=O)O,C[C@@H](CO)OC(=O)CC=C(O)CC=CCCCCCCCCCC=CC=CC(=O)O,113,0.068,cfl1_qed
cfl1_stabilizer,CFL1,binder,B,Nc1nc2cc([N+]#[N+]c3ccccc3)nc(Nc3ccccc3)n2n1,Nc1nc2cc([N+]#[N+]c3ccccc3)nc(Nc3ccccc3)n2n1,114,0.541,cfl1_qed
cfl1_stabilizer,CFL1,binder,B,O=C(O)[C@@H]1C[C@H]1C(=O)C=Nc1cc2ccccc2c2ccccc12,O=C(O)[C@@H]1C[C@H]1C(=O)C=Nc1cc2ccccc2c2ccccc12,115,0.584,cfl1_qed
cfl1_stabilizer,CFL1,binder,B,Cc1ncnc2c1ncn1c(C3CCCc4nc(-c5cncc(F)c5)ncc43)cnc21,Cc1ncnc2c1ncn1c(C3CCCc4nc(-c5cncc(F)c5)ncc43)cnc21,116,0.438,cfl1_qed
cfl1_stabilizer,CFL1,binder,B,O=C(NN=C(O)NN=NCC=Cc1ccccc1)c1cccc2nc[nH]c12,O=C(NN=C(O)NN=NCC=Cc1ccccc1)c1cccc2nc[nH]c12,117,0.232,cfl1_qed
cfl1_stabilizer,CFL1,binder,B,O=C(O)CCCCOCCOCCOCC(=O)OCCN1CCOCC1,O=C(O)CCCCOCCOCCOCC(=O)OCCN1CCOCC1,118,0.298,cfl1_qed
cfl1_stabilizer,CFL1,binder,B,COc1ccc(-c2nc3cnc(N)nc3nc2-c2ccc(O)cc2)cc1,COc1ccc(-c2nc3cnc(N)nc3nc2-c2ccc(O)cc2)cc1,119,0.587,cfl1_qed
cfl1_stabilizer,CFL1,binder,B,Oc1cccc2c(-c3oc4ccccc4c3-c3ccc(F)cc3)c[nH]c12,Oc1cccc2c(-c3oc4ccccc4c3-c3ccc(F)cc3)c[nH]c12,120,0.407,cfl1_qed
cfl1_stabilizer,CFL1,binder,B,O=C(Oc1c(O)cc(C(=O)O)c2c1OCO2)c1ccc(Oc2ccccc2)c(O)c1,O=C(Oc1c(O)cc(C(=O)O)c2c1OCO2)c1ccc(Oc2ccccc2)c(O)c1,121,0.427,cfl1_qed
cfl1_stabilizer,CFL1,binder,B,Nc1nccc2c1[nH]n[n+]2Nc1cc(-c2cccnc2)nc(-c2ccccc2)n1,Nc1nccc2c1[nH]n[n+]2Nc1cc(-c2cccnc2)nc(-c2ccccc2)n1,122,0.407,cfl1_qed
cfl1_stabilizer,CFL1,binder,B,O=C1c2ccccc2[NH+]=C2C(C=Nc3nnn[nH]3)=c3cc(O)ccc3=[N+]12,O=C1c2ccccc2[NH+]=C2C(C=Nc3nnn[nH]3)=c3cc(O)ccc3=[N+]12,123,0.364,cfl1_qed
cfl1_stabilizer,CFL1,binder,B,Cc1ccc2[nH]c(=O)c(C(=O)c3ccc4ccccc4c3)cc2c1,Cc1ccc2[nH]c(=O)c(C(=O)c3ccc4ccccc4c3)cc2c1,124,0.563,cfl1_qed
cfl1_stabilizer,CFL1,binder,B,O=C(c1ccc(C=CCc2ccccc2)cc1)N(Cc1ccccc1)c1ccccc1,O=C(c1ccc(C=CCc2ccccc2)cc1)N(Cc1ccccc1)c1ccccc1,125,0.333,cfl1_qed
cfl1_stabilizer,CFL1,binder,B,OC(=CCC1=C(c2ccccc2)N2NNC=C2N1)c1ccc2ccccc2c1,OC(=CCC1=C(c2ccccc2)N2NNC=C2N1)c1ccc2ccccc2c1,126,0.52,cfl1_qed
cfl1_stabilizer,CFL1,binder,B,O=C(CC=CNC(=O)NNN=Nc1ncnc2ccccc12)Nc1cccc(F)c1,O=C(CC=CNC(=O)NNN=Nc1ncnc2ccccc12)Nc1cccc(F)c1,127,0.352,cfl1_qed
cfl1_stabilizer,CFL1,binder,B,OC(=Nc1cccc(Nc2cc(CN3CCOCC3)[nH]n2)c1)Nc1ccccc1,OC(=Nc1cccc(Nc2cc(CN3CCOCC3)[nH]n2)c1)Nc1ccccc1,128,0.378,cfl1_qed
cfl1_stabilizer,CFL1,binder,B,Nc1cc(-n2c(NN=NC3C=C([N+](=O)O)CC3)nc3ccccc32)ccn1,Nc1cc(-n2c(NN=NC3C=C([N+](=O)O)CC3)nc3ccccc32)ccn1,129,0.47,cfl1_qed
cfl1_stabilizer,CFL1,binder,B,CC(=O)Nc1ccc2c(c1)nc(N1CC[C@@H](O)C1)c1nc(N)ncc12,CC(=O)Nc1ccc2c(c1)nc(N1CC[C@@H](O)C1)c1nc(N)ncc12,130,0.603,cfl1_qed
cfl1_stabilizer,CFL1,binder,B,N[C@]12CCCC(c3ccc(O)n[nH+]3)C3=C1C2=C1C=NNN=C1C=N3,N[C@]12CCCC(c3ccc(O)n[nH+]3)C3=C1C2=C1C=NNN=C1C=N3,131,0.681,cfl1_qed
cfl1_stabilizer,CFL1,binder,B,O=C(NC1=CC=C2N=C2c2nc3ccccc3nc21)C(O)=CCc1ccncc1,O=C(NC1=CC=C2N=C2c2nc3ccccc3nc21)C(O)=CCc1ccncc1,132,0.535,cfl1_qed
cfl1_stabilizer,CFL1,binder,B,N=C(NNCCCCNC(=O)C=Cc1ccc(O)cc1)c1ccccc1,N=C(NNCCCCNC(=O)C=Cc1ccc(O)cc1)c1ccccc1,133,0.157,cfl1_qed
cfl1_stabilizer,CFL1,binder,B,Nc1cc(C=NNCc2ccccc2)ccc1-c1cc(-c2ccccc2)ncn1,Nc1cc(C=NNCc2ccccc2)ccc1-c1cc(-c2ccccc2)ncn1,134,0.293,cfl1_qed
cfl1_stabilizer,CFL1,binder,B,CN(C)c1ncc(C(=O)NCc2ccc(Nc3noc(C(C)(C)C)n3)cc2)cn1,CN(C)c1ncc(C(=O)NCc2ccc(Nc3noc(C(C)(C)C)n3)cc2)cn1,135,0.656,cfl1_qed
cfl1_stabilizer,CFL1,binder,B,C(=CCCCCCCC1CCCC1)CCCC=CCCCC1=CCCCC1,C(=CCCCCCCC1CCCC1)CCCC=CCCCC1=CCCCC1,136,0.199,cfl1_qed
cfl1_stabilizer,CFL1,binder,B,C[n+]1ccc(N=Nc2cc3[nH+]ncn3c3cc(-c4ccc(O)cc4)oc23)nc1,C[n+]1ccc(N=Nc2cc3[nH+]ncn3c3cc(-c4ccc(O)cc4)oc23)nc1,137,0.388,cfl1_qed
cfl1_stabilizer,CFL1,binder,B,O=C(O)Nc1ccc(Oc2ccc(OCC=CC=Cc3ccccc3)nc2)cc1,O=C(O)Nc1ccc(Oc2ccc(OCC=CC=Cc3ccccc3)nc2)cc1,138,0.49,cfl1_qed
cfl1_stabilizer,CFL1,binder,B,O=[N+]([O-])c1ccc(Nc2cc(-c3cnccn3)cc(-c3ccccc3)n2)cc1,O=[N+]([O-])c1ccc(Nc2cc(-c3cnccn3)cc(-c3ccccc3)n2)cc1,139,0.399,cfl1_qed
cfl1_stabilizer,CFL1,binder,B,Oc1ccc(CN=NCNN=NN=CCNc2cccc(-c3c[nH]cn3)c2)cc1O,Oc1ccc(CN=NCNN=NN=CCNc2cccc(-c3c[nH]cn3)c2)cc1O,140,0.114,cfl1_qed
cfl1_stabilizer,CFL1,binder,B,COC1=CN=CNc2c(Nc3ccccc3)cc(-c3cc[nH+]cn3)cc21,COC1=CN=CNc2c(Nc3ccccc3)cc(-c3cc[nH+]cn3)cc21,141,0.757,cfl1_qed
cfl1_stabilizer,CFL1,binder,B,COc1ccc(N=CCNCCN=NN=NC(=O)c2ccc(O)cc2)cc1,COc1ccc(N=CCNCCN=NN=NC(=O)c2ccc(O)cc2)cc1,142,0.305,cfl1_qed
cfl1_stabilizer,CFL1,binder,B,O=C(Nc1ccccc1)c1c2c(-c3ccccc3)ccc[nH]c-2nc1=O,O=C(Nc1ccccc1)c1c2c(-c3ccccc3)ccc[nH]c-2nc1=O,143,0.595,cfl1_qed
cfl1_stabilizer,CFL1,binder,B,CCCCNN=C(O)CCCN=Nc1cnc2c(O)nc(N)nc2c1,CCCCNN=C(O)CCCN=Nc1cnc2c(O)nc(N)nc2c1,144,0.179,cfl1_qed
cfl1_stabilizer,CFL1,binder,B,N=c1ccc2c(N=NC=NN=NN=NN=Cc3ccccc3)nccc2[nH]1,N=c1ccc2c(N=NC=NN=NN=NN=Cc3ccccc3)nccc2[nH]1,145,0.291,cfl1_qed
cfl1_stabilizer,CFL1,binder,B,OC1=CN(c2cccnc2Cc2ccc(-c3ccccc3)cc2)CCNC1,OC1=CN(c2cccnc2Cc2ccc(-c3ccccc3)cc2)CCNC1,146,0.736,cfl1_qed
cfl1_stabilizer,CFL1,binder,B,Nc1nc2ncc3cc(-c4ccc(C(=O)O)c(Cc5cccc[nH+]5)c4)c(O)n1[n+]32,Nc1nc2ncc3cc(-c4ccc(C(=O)O)c(Cc5cccc[nH+]5)c4)c(O)n1[n+]32,147,0.393,cfl1_qed
cfl1_stabilizer,CFL1,binder,B,COc1ccc2c(N=NCC(=O)NN=NN=NN=Cc3ccccc3)ccnc2c1,COc1ccc2c(N=NCC(=O)NN=NN=NN=Cc3ccccc3)ccnc2c1,148,0.342,cfl1_qed
cfl1_stabilizer,CFL1,binder,B,FC(=NN=CCNNN=C=NN=NCc1ccccn1)c1cccc2ccccc12,FC(=NN=CCNNN=C=NN=NCc1ccccn1)c1cccc2ccccc12,149,0.246,cfl1_qed
cfl1_stabilizer,CFL1,binder,B,Oc1cccc(CN=CCN=NN=CNC=NNN=Cc2ccccc2)c1O,Oc1cccc(CN=CCN=NN=CNC=NNN=Cc2ccccc2)c1O,150,0.165,cfl1_qed
cfl1_stabilizer,CFL1,binder,B,Cn1cc(NNN=NN=NCC(=O)Nc2ccnc3ccccc23)nnc1=N,Cn1cc(NNN=NN=NCC(=O)Nc2ccnc3ccccc23)nnc1=N,151,0.353,cfl1_qed
cfl1_stabilizer,CFL1,binder,B,O=C1Oc2c(cc(N=Nc3ncn[nH+]n3)c3ccccc23)N=C2C=CNC=C12,O=C1Oc2c(cc(N=Nc3ncn[nH+]n3)c3ccccc23)N=C2C=CNC=C12,152,0.418,cfl1_qed
cfl1_stabilizer,CFL1,binder,B,Nc1ncc(CCC(=O)NC=CCCCCCc2ccccc2O)c(O)n1,Nc1ncc(CCC(=O)NC=CCCCCCc2ccccc2O)c(O)n1,153,0.477,cfl1_qed
cfl1_stabilizer,CFL1,binder,B,O=C(O)c1cccc2cc3n(c(=O)c12)C(=Nc1cccc(Cl)c1)SCC3=O,O=C(O)c1cccc2cc3n(c(=O)c12)C(=Nc1cccc(Cl)c1)SCC3=O,154,0.708,cfl1_qed
cfl1_stabilizer,CFL1,binder,B,c1ccc(-c2ccnc3nc(-c4cccnc4Nc4ccccn4)ccc23)cc1,c1ccc(-c2ccnc3nc(-c4cccnc4Nc4ccccn4)ccc23)cc1,155,0.449,cfl1_qed
cfl1_stabilizer,CFL1,binder,B,O=C(COc1cccc(F)c1)Nc1ccc(-c2ccc3ccccc3n2)cc1,O=C(COc1cccc(F)c1)Nc1ccc(-c2ccc3ccccc3n2)cc1,156,0.533,cfl1_qed
cfl1_stabilizer,CFL1,binder,B,COc1ccc(-c2cc(NC(=O)[C@H](N)CCO)ccc2NO)cc1,COc1ccc(-c2cc(NC(=O)[C@H](N)CCO)ccc2NO)cc1,157,0.494,cfl1_qed
cfl1_stabilizer,CFL1,binder,B,O=C(O)CCCCCNNCC=[N+]([O-])CCN=NC1=C2NC=CC=C2C=CC=N1,O=C(O)CCCCCNNCC=[N+]([O-])CCN=NC1=C2NC=CC=C2C=CC=N1,158,0.092,cfl1_qed
cfl1_stabilizer,CFL1,binder,B,O=C(CN=CC=NNNC(=O)C1=NC=CNC(O)=C1)CN=CCc1ccccc1,O=C(CN=CC=NNNC(=O)C1=NC=CNC(O)=C1)CN=CCc1ccccc1,159,0.337,cfl1_qed
cfl1_stabilizer,CFL1,binder,B,N#Cc1ccc(N=NCC2=NC(=O)C(=NNc3ccc(O)cc3)C[C@H]2O)cc1,N#Cc1ccc(N=NCC2=NC(=O)C(=NNc3ccc(O)cc3)C[C@H]2O)cc1,160,0.417,cfl1_qed
cfl1_stabilizer,CFL1,binder,B,CCC=CC=CCC=NN=Nc1cc(-c2cccc(NO)c2F)c(O)c(C)n1,CCC=CC=CCC=NN=Nc1cc(-c2cccc(NO)c2F)c(O)c(C)n1,161,0.236,cfl1_qed
cfl1_stabilizer,CFL1,binder,B,O=C(NCCc1ccc2ccccc2c1)[C@H]1OC1=Nc1ccccc1,O=C(NCCc1ccc2ccccc2c1)[C@H]1OC1=Nc1ccccc1,162,0.726,cfl1_qed
cfl1_stabilizer,CFL1,binder,B,Cc1ccc2c(NC(=O)CCCNN)nc3cc4[nH]c(=O)ccc4cc3c2c1,Cc1ccc2c(NC(=O)CCCNN)nc3cc4[nH]c(=O)ccc4cc3c2c1,163,0.141,cfl1_qed
cfl1_stabilizer,CFL1,binder,B,O=C(O)c1ccc(Oc2ccc(NCC=NNc3ncc(F)cn3)cc2)nc1,O=C(O)c1ccc(Oc2ccc(NCC=NNc3ncc(F)cn3)cc2)nc1,164,0.401,cfl1_qed
cfl1_stabilizer,CFL1,binder,B,Nc1ncc(C=NN=Nc2ccc3c(ccn3CC(=O)O)c2)nn1,Nc1ncc(C=NN=Nc2ccc3c(ccn3CC(=O)O)c2)nn1,165,0.414,cfl1_qed
cfl1_stabilizer,CFL1,binder,B,C[N+](NCc1ccc2ccc(N)cc2c1)=C(O)CCc1ccccc1,C[N+](NCc1ccc2ccc(N)cc2c1)=C(O)CCc1ccccc1,166,0.212,cfl1_qed
cfl1_stabilizer,CFL1,binder,B,Nc1ccc(-c2c(N=Nc3ccc4[nH]c(N)[nH+]c4c3)nc3[nH]cnc(N)c2-3)cc1,Nc1ccc(-c2c(N=Nc3ccc4[nH]c(N)[nH+]c4c3)nc3[nH]cnc(N)c2-3)cc1,167,0.236,cfl1_qed
cfl1_stabilizer,CFL1,binder,B,Nc1nc(=O)c(C=NCCOCCOCCOc2ccc(-c3ccccc3)cc2)c[nH]1,Nc1nc(=O)c(C=NCCOCCOCCOc2ccc(-c3ccccc3)cc2)c[nH]1,168,0.343,cfl1_qed
cfl1_stabilizer,CFL1,binder,B,Cc1ccc2[nH]nc(NC(=O)c3cc(NC(=O)O)c[nH+]c3Cc3ccccc3)c2c1,Cc1ccc2[nH]nc(NC(=O)c3cc(NC(=O)O)c[nH+]c3Cc3ccccc3)c2c1,169,0.407,cfl1_qed
cfl1_stabilizer,CFL1,binder,B,Oc1ccc2c(N=NCCNN=NC=NNC3=Cc4ccccc4NC=C3)cccc2[nH+]1,Oc1ccc2c(N=NCCNN=NC=NNC3=Cc4ccccc4NC=C3)cccc2[nH+]1,170,0.142,cfl1_qed
cfl1_stabilizer,CFL1,binder,B,Cc1ncc(-c2cc(COc3cc(C(=O)O)ccc3OCCO)ccn2)cn1,Cc1ncc(-c2cc(COc3cc(C(=O)O)ccc3OCCO)ccn2)cn1,171,0.612,cfl1_qed
cfl1_stabilizer,CFL1,binder,B,O=C(O)CCCCCNCCCOc1ccc(-c2ccccc2)cc1,O=C(O)CCCCCNCCCOc1ccc(-c2ccccc2)cc1,172,0.563,cfl1_qed
cfl1_stabilizer,CFL1,binder,B,O=C(Nc1cccc(-c2ncccn2)c1)Nc1cc(-c2ccccc2)ncn1,O=C(Nc1cccc(-c2ncccn2)c1)Nc1cc(-c2ccccc2)ncn1,173,0.562,cfl1_qed
cfl1_stabilizer,CFL1,binder,B,O=C(C=Cc1ccccc1)C=NNNN=NC(=O)c1ccc(S(=O)(=O)O)cc1,O=C(C=Cc1ccccc1)C=NNNN=NC(=O)c1ccc(S(=O)(=O)O)cc1,174,0.152,cfl1_qed
cfl1_stabilizer,CFL1,binder,B,CCC=CC=CC=CCCCCCCNc1cnc2c(ccc3cc(C)ccc32)c1,CCC=CC=CC=CCCCCCCNc1cnc2c(ccc3cc(C)ccc32)c1,175,0.2,cfl1_qed
cfl1_stabilizer,CFL1,binder,B,Cc1ccc2c(c1)nc1c(C(=O)N=[N+]=C[C@H]3CC(C)O3)nc3ccccnc3[n+]12,Cc1ccc2c(c1)nc1c(C(=O)N=[N+]=C[C@H]3CC(C)O3)nc3ccccnc3[n+]12,176,0.228,cfl1_qed
cfl1_stabilizer,CFL1,binder,B,COc1ccc(Cc2cc(OCc3cnc4[nH]c(N)nc(=O)c4c3)cc[nH+]2)cc1,COc1ccc(Cc2cc(OCc3cnc4[nH]c(N)nc(=O)c4c3)cc[nH+]2)cc1,177,0.519,cfl1_qed
cfl1_stabilizer,CFL1,binder,B,O=Cc1cc[n+](CCCCCNCCCCCCCCc2ccccc2)c(O)n1,O=Cc1cc[n+](CCCCCNCCCCCCCCc2ccccc2)c(O)n1,178,0.252,cfl1_qed
cfl1_stabilizer,CFL1,binder,B,C=C(N=CCNc1cc(C)[nH+]cn1)[C@H]1Cc2cc3c(cc2O1)NN=C(S)N=C3,C=C(N=CCNc1cc(C)[nH+]cn1)[C@H]1Cc2cc3c(cc2O1)NN=C(S)N=C3,179,0.535,cfl1_qed
cfl1_stabilizer,CFL1,binder,B,Nc1cccc(NC(=O)c2ccc(NC(=O)NCCCc3ccccc3)cc2)c1,Nc1cccc(NC(=O)c2ccc(NC(=O)NCCCc3ccccc3)cc2)c1,180,0.359,cfl1_qed
cfl1_stabilizer,CFL1,binder,B,COc1cc(C(=O)NC=CC=NN=CC#[N+]c2cnc3nccnc3n2)ccn1,COc1cc(C(=O)NC=CC=NN=CC#[N+]c2cnc3nccnc3n2)ccn1,181,0.52,cfl1_qed
cfl1_stabilizer,CFL1,binder,B,Nc1ncnc(CNN=NN=Cc2c3c4c(nn3c3nccn23)[S+]=CC=4)n1,Nc1ncnc(CNN=NN=Cc2c3c4c(nn3c3nccn23)[S+]=CC=4)n1,182,0.148,cfl1_qed
cfl1_stabilizer,CFL1,binder,B,O=C(O)c1c(N2C(=O)CCc3ccccc32)ccnc1NC1CCCC1,O=C(O)c1c(N2C(=O)CCc3ccccc32)ccnc1NC1CCCC1,183,0.877,cfl1_qed
cfl1_stabilizer,CFL1,binder,B,CCCN=NNc1cccc(NCc2ccc(OCC(=O)N[C@@H](C)C(=O)O)cc2)c1,CCCN=NNc1cccc(NCc2ccc(OCC(=O)N[C@@H](C)C(=O)O)cc2)c1,184,0.312,cfl1_qed
cfl1_stabilizer,CFL1,binder,B,O=C(Nc1ccc(O)c[nH+]1)c1cccc(CN=Nc2ccc3nn[nH]c3c2)c1,O=C(Nc1ccc(O)c[nH+]1)c1cccc(CN=Nc2ccc3nn[nH]c3c2)c1,185,0.464,cfl1_qed
cfl1_stabilizer,CFL1,binder,B,N#Cc1ccc(C(=O)NCCC2=N[N+]3=C(c4ccc(N)cc4)C=NC3=N2)[nH+]c1,N#Cc1ccc(C(=O)NCCC2=N[N+]3=C(c4ccc(N)cc4)C=NC3=N2)[nH+]c1,186,0.579,cfl1_qed
cfl1_stabilizer,CFL1,binder,B,Nc1ccc([C@H]2N=C3C=C(N=NNN=Nc4cccc5cnccc45)N=C3C2=O)nn1,Nc1ccc([C@H]2N=C3C=C(N=NNN=Nc4cccc5cnccc45)N=C3C2=O)nn1,187,0.483,cfl1_qed
cfl1_stabilizer,CFL1,binder,B,C[C@H]1CC(C)(C)CCc2cc(N=NN=C3C=CC(N)=NC3)c3ccc(N)cc3[n+]21,C[C@H]1CC(C)(C)CCc2cc(N=NN=C3C=CC(N)=NC3)c3ccc(N)cc3[n+]21,188,0.35,cfl1_qed
cfl1_stabilizer,CFL1,binder,B,O=C(NCc1ccc(O)cc1)OCc1ccc(-c2nn[nH]n2)c2ccccc12,O=C(NCc1ccc(O)cc1)OCc1ccc(-c2nn[nH]n2)c2ccccc12,189,0.494,cfl1_qed
cfl1_stabilizer,CFL1,binder,B,Cc1ccc(O[C@H]2C[C@H](CCNC(=O)c3ccncn3)C[C@H]([N+](=O)[O-])C2)cn1,Cc1ccc(O[C@H]2C[C@H](CCNC(=O)c3ccncn3)C[C@H]([N+](=O)[O-])C2)cn1,190,0.573,cfl1_qed
limk1_activator_alphaC,LIMK1,activator,B,COc1cccc2nccc-2c1.N#Cc1ccc([N+](=O)O)cc1,COc1cccc2nccc-2c1.N#Cc1ccc([N+](=O)O)cc1,0,2.4619300365448,limk1_cfd_pos
limk1_activator_alphaC,LIMK1,activator,B,Cc1ccnc2ccccc12.OCC(CCN=C1NCCCN1)c1ccco1,Cc1ccnc2ccccc12.OCC(CCN=C1NCCCN1)c1ccco1,1,2.3756757,limk1_cfd_pos
limk1_activator_alphaC,LIMK1,activator,B,CC1CC=CC(O)C1=O.COC1=CC2=CC=CNC2=CC=C1.OCc1ccccc1,CC1CC=CC(O)C1=O.COC1=CC2=CC=CNC2=CC=C1.OCc1ccccc1,2,2.321979522705078,limk1_cfd_pos
limk1_activator_alphaC,LIMK1,activator,B,C(=CN1CCCC1)c1ccc2ccccc2c1.CC(=O)NNCCCOCCO,C(=CN1CCCC1)c1ccc2ccccc2c1.CC(=O)NNCCCOCCO,3,2.3157873153686523,limk1_cfd_pos
limk1_activator_alphaC,LIMK1,activator,B,CC(O)CC=COCCCCO.CN(C)Cc1ccc(-c2ccc(O)nc2)cc1,CC(O)CC=COCCCCO.CN(C)Cc1ccc(-c2ccc(O)nc2)cc1,4,2.2829105854034424,limk1_cfd_pos
limk1_activator_alphaC,LIMK1,activator,B,COc1cccc2c1CC(C)C2=O.OCOC=C1N=C2Cc3ccccc3N2N1,COc1cccc2c1CC(C)C2=O.OCOC=C1N=C2Cc3ccccc3N2N1,5,2.2094523906707764,limk1_cfd_pos
limk1_activator_alphaC,LIMK1,activator,B,COc1ccccc1CNCCCCOC=CN=C1CCC=CN1,COc1ccccc1CNCCCCOC=CN=C1CCC=CN1,6,2.1855361461639404,limk1_cfd_pos
limk1_activator_alphaC,LIMK1,activator,B,CC(O)C1CC2CCC3OCCC3C2C1.Cc1cnccc1OCn1cnnc1,CC(O)C1CC2CCC3OCCC3C2C1.Cc1cnccc1OCn1cnnc1,7,2.1831162,limk1_cfd_pos
limk1_activator_alphaC,LIMK1,activator,B,CC(=O)NCCOCNCc1ccccc1.Nc1ccccc1Br,CC(=O)NCCOCNCc1ccccc1.Nc1ccccc1Br,8,2.1822326,limk1_cfd_pos
limk1_activator_alphaC,LIMK1,activator,B,O=C1CC2=CCC(CCCCc3[nH]nnc3-c3cccc[nH+]3)CC=C2N1,O=C1CC2=CCC(CCCCc3[nH]nnc3-c3cccc[nH+]3)CC=C2N1,9,2.1758978366851807,limk1_cfd_pos
limk1_activator_alphaC,LIMK1,activator,B,CCNCCOc1ccccc1CCNCCC=CC=C(C)C.CCO[N+](=O)O,CCNCCOc1ccccc1CCNCCC=CC=C(C)C.CCO[N+](=O)O,10,2.167846441268921,limk1_cfd_pos
limk1_activator_alphaC,LIMK1,activator,B,OC1=CCC2CNCC2=C1.OCCOCCCCc1ccccc1,OC1=CCC2CNCC2=C1.OCCOCCCCc1ccccc1,11,2.144832,limk1_cfd_pos
limk1_activator_alphaC,LIMK1,activator,B,C1=CCC2=C=C3OC=CC3CC2C=1.COC(=O)NNCCc1ccccc1,C1=CCC2=C=C3OC=CC3CC2C=1.COC(=O)NNCCc1ccccc1,12,2.125195503234864,limk1_cfd_pos
limk1_activator_alphaC,LIMK1,activator,B,Cc1nc2cccccc-2n1.O=C(O)NNC=C1CC2=CC=CCC2C1,Cc1nc2cccccc-2n1.O=C(O)NNC=C1CC2=CC=CCC2C1,13,2.0819025,limk1_cfd_pos
limk1_activator_alphaC,LIMK1,activator,B,O=C(NO)c1ccccc1.O[N+]1=C=CC(=CC2CC=CC3=CCC=CC32)C1,O=C(NO)c1ccccc1.O[N+]1=C=CC(=CC2CC=CC3=CCC=CC32)C1,14,2.0717570781707764,limk1_cfd_pos
limk1_activator_alphaC,LIMK1,activator,B,CCOCCCNNC(CNC1OC2CCC=CC3=CCC=C1C32)c1ccco1,CCOCCCNNC(CNC1OC2CCC=CC3=CCC=C1C32)c1ccco1,15,2.053636074066162,limk1_cfd_pos
limk1_activator_alphaC,LIMK1,activator,B,COc1cc(C=CC=NNC2=CC=CC(CC=NNCCO)C2)cc(OC)c1,COc1cc(C=CC=NNC2=CC=CC(CC=NNCCO)C2)cc(OC)c1,16,2.0380802154541016,limk1_cfd_pos
limk1_activator_alphaC,LIMK1,activator,B,COc1cccc(C=NN=CCC=CN(O)CCCCOc2cccnc2)c1,COc1cccc(C=NN=CCC=CN(O)CCCCOc2cccnc2)c1,17,2.024434328079224,limk1_cfd_pos
limk1_activator_alphaC,LIMK1,activator,B,COc1cc(-c2ccncc2)cc(CNC=C2C(=O)C(CCC3CCNC3)CC2C)n1,COc1cc(-c2ccncc2)cc(CNC=C2C(=O)C(CCC3CCNC3)CC2C)n1,18,2.0158348083496094,limk1_cfd_pos
limk1_activator_alphaC,LIMK1,activator,B,CCN(CNC1=Nc2ccccc2CCN1)C(C)O.ClC1CCC2C=CC=C12,CCN(CNC1=Nc2ccccc2CCN1)C(C)O.ClC1CCC2C=CC=C12,19,2.0103776454925537,limk1_cfd_pos
limk1_activator_alphaC,LIMK1,activator,B,O=C1C=C2C(N=NCCc3ccncn3)C3ONC4C=CCC5C(C1)C2C3C45,O=C1C=C2C(N=NCCc3ccncn3)C3ONC4C=CCC5C(C1)C2C3C45,20,2.007293462753296,limk1_cfd_pos
limk1_activator_alphaC,LIMK1,activator,B,CCOCCCNN=C(C)c1ccccc1.O=C1NC(O)C=C2CC=CC=C12,CCOCCCNN=C(C)c1ccccc1.O=C1NC(O)C=C2CC=CC=C12,21,2.004462242126465,limk1_cfd_pos
limk1_activator_alphaC,LIMK1,activator,B,CC(O)NCCNCCC1C=C(F)C=C(Oc2cccnc2Oc2ccccc2)C1,CC(O)NCCNCCC1C=C(F)C=C(Oc2cccnc2Oc2ccccc2)C1,22,1.998989462852478,limk1_cfd_pos
limk1_activator_alphaC,LIMK1,activator,B,C=C1N=CC=C2CCCC12.CC(NCNc1nccn1C)=C1CCCN1,C=C1N=CC=C2CCCC12.CC(NCNc1nccn1C)=C1CCCN1,23,1.9828359,limk1_cfd_pos
limk1_activator_alphaC,LIMK1,activator,B,OC(CCC1=CCC(Cl)CC1)C(NCc1ccccc1)NCc1ncncn1,OC(CCC1=CCC(Cl)CC1)C(NCc1ccccc1)NCc1ncncn1,24,1.9717854261398315,limk1_cfd_pos
limk1_activator_alphaC,LIMK1,activator,B,CN=c1cccnc(NCNc2ccccc2)n1.O=C1CCCC2CCC12,CN=c1cccnc(NCNc2ccccc2)n1.O=C1CCCC2CCC12,25,1.9689004,limk1_cfd_pos
limk1_activator_alphaC,LIMK1,activator,B,CC(=O)ONCC=C1C=CC(C#CCc2ccnc(N3CCOCC3)c2)C=C1,CC(=O)ONCC=C1C=CC(C#CCc2ccnc(N3CCOCC3)c2)C=C1,26,1.9464186429977417,limk1_cfd_pos
limk1_activator_alphaC,LIMK1,activator,B,CCCCCCN=CC=CCC=CCNCCCCNCC1OCCO1,CCCCCCN=CC=CCC=CCNCCCCNCC1OCCO1,27,1.929059386253357,limk1_cfd_pos
limk1_activator_alphaC,LIMK1,activator,B,CC=C1C(C=Cc2ccc(O)cc2)COC1CN=CC=CNCCOCC,CC=C1C(C=Cc2ccc(O)cc2)COC1CN=CC=CNCCOCC,28,1.927557587623596,limk1_cfd_pos
limk1_activator_alphaC,LIMK1,activator,B,COCC=O.COCCOCCNC1=CC2CCC3CCC(CC1)C23,COCC=O.COCCOCCNC1=CC2CCC3CCC(CC1)C23,29,1.9186335802078247,limk1_cfd_pos
limk1_activator_alphaC,LIMK1,activator,B,OC1CCC2C(C1)CC1C(O)C=CCC12.c1ccc2cnccc2c1,OC1CCC2C(C1)CC1C(O)C=CCC12.c1ccc2cnccc2c1,30,1.9046951532363887,limk1_cfd_pos
limk1_activator_alphaC,LIMK1,activator,B,CNC(=O)c1ccnc(NCCCCC2CCC3CCC4CNC2C34)c1,CNC(=O)c1ccnc(NCCCCC2CCC3CCC4CNC2C34)c1,31,1.9011289,limk1_cfd_pos
limk1_activator_alphaC,LIMK1,activator,B,C1=CC=C(NNN=CCCCC=NC=C2CCC3CCCCC23)NN=C1,C1=CC=C(NNN=CCCCC=NC=C2CCC3CCCCC23)NN=C1,32,1.8853285,limk1_cfd_pos
limk1_activator_alphaC,LIMK1,activator,B,CCCCCCCON=CC1C=C2CN(CCOC)NC2CC1O,CCCCCCCON=CC1C=C2CN(CCOC)NC2CC1O,33,1.8729654550552368,limk1_cfd_pos
limk1_activator_alphaC,LIMK1,activator,B,O=C(O)OCCC=C1CCC(C(=O)OCCNC2=CCCCC2)CC1,O=C(O)OCCC=C1CCC(C(=O)OCCNC2=CCCCC2)CC1,34,1.8681467771530151,limk1_cfd_pos
limk1_activator_alphaC,LIMK1,activator,B,CC(=CCCCNCNc1cc[n+](C)cn1)NC=NC1=CCCC2CCCC=C12,CC(=CCCCNCNc1cc[n+](C)cn1)NC=NC1=CCCC2CCCC=C12,35,1.8609262704849243,limk1_cfd_pos
limk1_activator_alphaC,LIMK1,activator,B,ClC1CCC=C2C=CCC21.O=C1C2C=CC=CC2=NN1CNCC1CCCO1,ClC1CCC=C2C=CCC21.O=C1C2C=CC=CC2=NN1CNCC1CCCO1,36,1.860685467720032,limk1_cfd_pos
limk1_activator_alphaC,LIMK1,activator,B,O=C1CC(C=CCNN=NNCCc2ccccc2)C=CC23CC(O)C=CC2C13,O=C1CC(C=CCNN=NNCCc2ccccc2)C=CC23CC(O)C=CC2C13,37,1.8562663793563845,limk1_cfd_pos
limk1_activator_alphaC,LIMK1,activator,B,O=C(O)CCOCC1C=CC=CC(Cc2ccc3ccccc3c2)C1O,O=C(O)CCOCC1C=CC=CC(Cc2ccc3ccccc3c2)C1O,38,1.8538451,limk1_cfd_pos
limk1_activator_alphaC,LIMK1,activator,B,CC12C=C1C1C(=CC2)CC(NN=NC=CCOCCOc2ccccc2)CC1O,CC12C=C1C1C(=CC2)CC(NN=NC=CCOCCOc2ccccc2)CC1O,39,1.8529576063156128,limk1_cfd_pos
limk1_activator_alphaC,LIMK1,activator,B,OC(O)CC1CC2CC3CCC4CC=CC5NC(C2C1)C3C45,OC(O)CC1CC2CC3CCC4CC=CC5NC(C2C1)C3C45,40,1.809981107711792,limk1_cfd_pos
limk1_activator_alphaC,LIMK1,activator,B,CC1C(=O)CC=CC2C1CC(C=COCCc1nnc[nH]1)C2C1=CC1O,CC1C(=O)CC=CC2C1CC(C=COCCc1nnc[nH]1)C2C1=CC1O,41,1.8067212,limk1_cfd_pos
limk1_activator_alphaC,LIMK1,activator,B,COC(=O)CCNC1CC(CNC2CC=CC3C(F)CCCC23)CCN1,COC(=O)CCNC1CC(CNC2CC=CC3C(F)CCCC23)CCN1,42,1.7760237455368042,limk1_cfd_pos
limk1_activator_alphaC,LIMK1,activator,B,O=C1C2=NC2=CC2=C=CC(CC=CC3CN3C=COCc3cnccn3)C=CC12,O=C1C2=NC2=CC2=C=CC(CC=CC3CN3C=COCc3cnccn3)C=CC12,43,1.771560788154602,limk1_cfd_pos
limk1_activator_alphaC,LIMK1,activator,B,N[N+](=O)OCCCCCCC1CCCC1NCC1=CC(O)CC2CCCC=C12,N[N+](=O)OCCCCCCC1CCCC1NCC1=CC(O)CC2CCCC=C12,44,1.7668225,limk1_cfd_pos
limk1_activator_alphaC,LIMK1,activator,B,CC1(C)CC2CC2=C2C3(C1)NC(=O)C1=CC(NNCc4ccncn4)CC123,CC1(C)CC2CC2=C2C3(C1)NC(=O)C1=CC(NNCc4ccncn4)CC123,45,1.7620288133621216,limk1_cfd_pos
limk1_activator_alphaC,LIMK1,activator,B,C=C(O)C(C)C1C=CC(OCCO)CC1.COCCCCc1cnccn1,C=C(O)C(C)C1C=CC(OCCO)CC1.COCCCCc1cnccn1,46,1.7542577981948853,limk1_cfd_pos
limk1_activator_alphaC,LIMK1,activator,B,OCCOC=COCCNCN=CNCC=Cc1cccc2c1CCCCO2,OCCOC=COCCNCN=CNCC=Cc1cccc2c1CCCCO2,47,1.7290354,limk1_cfd_pos
limk1_activator_alphaC,LIMK1,activator,B,O=C1CC2C(=O)C(CC=CNc3ccccn3)CC3CC=C=CC1C32,O=C1CC2C(=O)C(CC=CNc3ccccn3)CC3CC=C=CC1C32,48,1.726143479347229,limk1_cfd_pos
limk1_activator_alphaC,LIMK1,activator,B,COC(O)CNN=CCCNOC1=CC(=CC2CCCc3ccccc32)CCC1,COC(O)CNN=CCCNOC1=CC(=CC2CCCc3ccccc32)CCC1,49,1.7218093872070312,limk1_cfd_pos
limk1_activator_alphaC,LIMK1,activator,B,CC(O)C(=O)C1CCC2C3C(C=C4CCCC(C)C2C42CC32)C1,CC(O)C(=O)C1CCC2C3C(C=C4CCCC(C)C2C42CC32)C1,50,1.7097448,limk1_cfd_pos
limk1_activator_alphaC,LIMK1,activator,B,O=C1CCC2CC(O)C(CCOCc3ccccc3)C3OCC1C23,O=C1CCC2CC(O)C(CCOCc3ccccc3)C3OCC1C23,51,1.7083359956741333,limk1_cfd_pos
limk1_activator_alphaC,LIMK1,activator,B,Oc1ccccc1C=CCNCC=CC=CNN=C1CC=C1C1=CCCO1,Oc1ccccc1C=CCNCC=CC=CNN=C1CC=C1C1=CCCO1,52,1.6968352,limk1_cfd_pos
limk1_activator_alphaC,LIMK1,activator,B,CC1CC(NCCCC(=O)O)CC1NCC1=CCC2CCCCCC12,CC1CC(NCCCC(=O)O)CC1NCC1=CCC2CCCCCC12,53,1.661634087562561,limk1_cfd_pos
limk1_activator_alphaC,LIMK1,activator,B,O=C1C(CC=CNCCOc2cncc(O)c2)CC2C1CC=CC1CCCC12,O=C1C(CC=CNCCOc2cncc(O)c2)CC2C1CC=CC1CCCC12,54,1.6545072793960571,limk1_cfd_pos
limk1_activator_alphaC,LIMK1,activator,B,COCNC=CNOCCC=CC=C1CCC2=CC(C)C=C2C1,COCNC=CNOCCC=CC=C1CCC2=CC(C)C=C2C1,55,1.6231775283813477,limk1_cfd_pos
limk1_activator_alphaC,LIMK1,activator,B,COCCNC=NNC1C=CC=C(C2CC(=C3CCCCC3)C(C)N2)CC1,COCCNC=NNC1C=CC=C(C2CC(=C3CCCCC3)C(C)N2)CC1,56,1.6093493700027466,limk1_cfd_pos
limk1_activator_alphaC,LIMK1,activator,B,CC1=CC(=O)CC1=CC1CC=CC1COCC(C)NOCCCNC(C)O,CC1=CC(=O)CC1=CC1CC=CC1COCC(C)NOCCCNC(C)O,57,1.5413389205932615,limk1_cfd_pos
limk1_activator_alphaC,LIMK1,activator,B,COC(O)CCCCOC1=CC(F)C=C(N=CC2=CCCC2)C1,COC(O)CCCCOC1=CC(F)C=C(N=CC2=CCCC2)C1,58,1.531582236289978,limk1_cfd_pos
limk1_activator_alphaC,LIMK1,activator,B,C1=NCC2NCC3CC=CC=1C32.CC1CCC=CC2=NNC=CC21,C1=NCC2NCC3CC=CC=1C32.CC1CCC=CC2=NNC=CC21,59,1.458553910255432,limk1_cfd_pos
rock1_inhibitor_atp,ROCK1,inhibitor,C,CCN(CC)CCCN(CCNC(C)=O)C(CO)c1ccc2c(=O)[nH]ccc2c1,CCN(CC)CCCN(CCNC(C)=O)C(CO)c1ccc2c(=O)[nH]ccc2c1,0,2.7956089973449707,rock1_cfd_pos
rock1_inhibitor_atp,ROCK1,inhibitor,C,CC(=O)NCCCOC(c1ccc2c(N)nccc2c1)C1CCCNCC1,CC(=O)NCCCOC(c1ccc2c(N)nccc2c1)C1CCCNCC1,1,2.763044595718384,rock1_cfd_pos
rock1_inhibitor_atp,ROCK1,inhibitor,C,O=C(NCC1CCN(CCc2cccnn2)C1)c1ccnc2ccccc12,O=C(NCC1CCN(CCc2cccnn2)C1)c1ccnc2ccccc12,2,2.7530086040496826,rock1_cfd_pos
rock1_inhibitor_atp,ROCK1,inhibitor,C,COC1CC(OC)N(c2nccc3cnccc23)CC1OCCCCN,COC1CC(OC)N(c2nccc3cnccc23)CC1OCCCCN,3,2.7527453899383545,rock1_cfd_pos
rock1_inhibitor_atp,ROCK1,inhibitor,C,O=C1N=CC=C2C=C(CCC3CCN(CCc4ccccc4)CC3)N=C12,O=C1N=CC=C2C=C(CCC3CCN(CCc4ccccc4)CC3)N=C12,4,2.745546579360962,rock1_cfd_pos
rock1_inhibitor_atp,ROCK1,inhibitor,C,O=c1[nH]ccc2cc(N3CCN(CCNc4ccccc4)CC3)ccc12,O=c1[nH]ccc2cc(N3CCN(CCNc4ccccc4)CC3)ccc12,5,2.744293212890625,rock1_cfd_pos
rock1_inhibitor_atp,ROCK1,inhibitor,C,CC(O)C(Oc1ccc2c(N)nccc2c1)C1CC(c2ccccc2)CN1C,CC(O)C(Oc1ccc2c(N)nccc2c1)C1CC(c2ccccc2)CN1C,6,2.7430624961853027,rock1_cfd_pos
rock1_inhibitor_atp,ROCK1,inhibitor,C,COCCN1CCN(c2ccc3c(N)nccc3c2)CC(CN(C)CCN)C1,COCCN1CCN(c2ccc3c(N)nccc3c2)CC(CN(C)CCN)C1,7,2.73157262802124,rock1_cfd_pos
rock1_inhibitor_atp,ROCK1,inhibitor,C,Nc1nccc2cc(NC3CC4CCN(CCO)C3Cc3ccccc34)ccc12,Nc1nccc2cc(NC3CC4CCN(CCO)C3Cc3ccccc34)ccc12,8,2.7291694,rock1_cfd_pos
rock1_inhibitor_atp,ROCK1,inhibitor,C,CCNC1CN(CCCc2ccccc2)CC1Oc1cccc2c(N)nccc12,CCNC1CN(CCCc2ccccc2)CC1Oc1cccc2c(N)nccc12,9,2.727968215942383,rock1_cfd_pos
rock1_inhibitor_atp,ROCK1,inhibitor,C,CCC(Oc1cccc2cncnc12)C(=O)NC1CCNCC1c1ccccc1,CCC(Oc1cccc2cncnc12)C(=O)NC1CCNCC1c1ccccc1,10,2.72739,rock1_cfd_pos
rock1_inhibitor_atp,ROCK1,inhibitor,C,COCCCN1CC(CNCc2ccccc2)CC(Cn2ccc3c(N)ncnc32)C1,COCCCN1CC(CNCc2ccccc2)CC(Cn2ccc3c(N)ncnc32)C1,11,2.726661443710327,rock1_cfd_pos
rock1_inhibitor_atp,ROCK1,inhibitor,C,CC1CN(c2ccc3cc[nH]c(=O)c3c2)CCN1CCC(=O)Nc1ccccc1,CC1CN(c2ccc3cc[nH]c(=O)c3c2)CCN1CCC(=O)Nc1ccccc1,12,2.725860595703125,rock1_cfd_pos
rock1_inhibitor_atp,ROCK1,inhibitor,C,Nc1nccc2c(NC3CNCCN(CCN4CCCC4)C3)cccc12,Nc1nccc2c(NC3CNCCN(CCN4CCCC4)C3)cccc12,13,2.7237563133239746,rock1_cfd_pos
rock1_inhibitor_atp,ROCK1,inhibitor,C,COCCOCCCN(C)CCOc1cccc2c(N)nccc12,COCCOCCCN(C)CCOc1cccc2c(N)nccc12,14,2.721181869506836,rock1_cfd_pos
rock1_inhibitor_atp,ROCK1,inhibitor,C,Nc1nccc2c(C(=O)N3CCNCC(Cc4ccccc4)C3)cccc12,Nc1nccc2c(C(=O)N3CCNCC(Cc4ccccc4)C3)cccc12,15,2.718618869781494,rock1_cfd_pos
rock1_inhibitor_atp,ROCK1,inhibitor,C,CNC1CCN(Cc2ccccc2)C(COc2cc(F)c3c(=O)[nH]ccc3c2)C1,CNC1CCN(Cc2ccccc2)C(COc2cc(F)c3c(=O)[nH]ccc3c2)C1,16,2.7168455123901367,rock1_cfd_pos
rock1_inhibitor_atp,ROCK1,inhibitor,C,CN1CCCC2C(CC1)CNCC2Oc1cccc2c(N)nccc12,CN1CCCC2C(CC1)CNCC2Oc1cccc2c(N)nccc12,17,2.7139716148376465,rock1_cfd_pos
rock1_inhibitor_atp,ROCK1,inhibitor,C,COCCNCCC1CN(C)CC(Oc2cccc3cnccc23)C1C,COCCNCCC1CN(C)CC(Oc2cccc3cnccc23)C1C,18,2.7132809162139893,rock1_cfd_pos
rock1_inhibitor_atp,ROCK1,inhibitor,C,Nc1nccc2cc(N3CCNCCC3Cc3ccccc3)ccc12,Nc1nccc2cc(N3CCNCCC3Cc3ccccc3)ccc12,19,2.708019971847534,rock1_cfd_pos
rock1_inhibitor_atp,ROCK1,inhibitor,C,Nc1nccc2cc(OC3CNCCC3Nc3ccccc3)ccc12,Nc1nccc2cc(OC3CNCCC3Nc3ccccc3)ccc12,20,2.707599878311157,rock1_cfd_pos
rock1_inhibitor_atp,ROCK1,inhibitor,C,O=c1[nH]ccc2cc(N3CCNCC3C3CCCC(O)C3)ccc12,O=c1[nH]ccc2cc(N3CCNCC3C3CCCC(O)C3)ccc12,21,2.7065938,rock1_cfd_pos
rock1_inhibitor_atp,ROCK1,inhibitor,C,CN(C)CCN(CCCNCc1ccccc1)Cc1cccc2c(N)nccc12,CN(C)CCN(CCCNCc1ccccc1)Cc1cccc2c(N)nccc12,22,2.704031229019165,rock1_cfd_pos
rock1_inhibitor_atp,ROCK1,inhibitor,C,CN(Cc1cccnc1)C1CNCC2CN(c3cccc4c(N)nccc34)CC21,CN(Cc1cccnc1)C1CNCC2CN(c3cccc4c(N)nccc34)CC21,23,2.7030313,rock1_cfd_pos
rock1_inhibitor_atp,ROCK1,inhibitor,C,CN1CCCN2C(=C(Oc3cc[nH+]c4ccccc34)Nc3c[nH+]ccc32)CC1,CN1CCCN2C(=C(Oc3cc[nH+]c4ccccc34)Nc3c[nH+]ccc32)CC1,24,2.7004604,rock1_cfd_pos
rock1_inhibitor_atp,ROCK1,inhibitor,C,Cc1c[nH]c(=O)c2cccc(OC3CNCCC(c4ccccc4)C3)c12,Cc1c[nH]c(=O)c2cccc(OC3CNCCC(c4ccccc4)C3)c12,25,2.698542356491089,rock1_cfd_pos
rock1_inhibitor_atp,ROCK1,inhibitor,C,Nc1nccc2c(NC(CCN3CCOCC3)CCN3CCOCC3)cccc12,Nc1nccc2c(NC(CCN3CCOCC3)CCN3CCOCC3)cccc12,26,2.6982076168060303,rock1_cfd_pos
rock1_inhibitor_atp,ROCK1,inhibitor,C,Nc1nncc2cc(N3CCNC(CNCc4ccccc4)C3)ccc12,Nc1nncc2cc(N3CCNC(CNCc4ccccc4)C3)ccc12,27,2.6971703,rock1_cfd_pos
rock1_inhibitor_atp,ROCK1,inhibitor,C,CCN1CCC2C(NCc3ccncc3)CN(c3ccc4c(N)nccc4c3)C2CC1,CCN1CCC2C(NCc3ccncc3)CN(c3ccc4c(N)nccc4c3)C2CC1,28,2.695410966873169,rock1_cfd_pos
rock1_inhibitor_atp,ROCK1,inhibitor,C,COC(COc1ccc2c(=O)[nH]ccc2c1)C1Cc2cncnc2N1CC(C)C,COC(COc1ccc2c(=O)[nH]ccc2c1)C1Cc2cncnc2N1CC(C)C,29,2.694054126739502,rock1_cfd_pos
rock1_inhibitor_atp,ROCK1,inhibitor,C,CN(CC[n+]1cccc2c(N)nccc21)CC1CCN(c2cccc[nH+]2)C1,CN(CC[n+]1cccc2c(N)nccc21)CC1CCN(c2cccc[nH+]2)C1,30,2.692355394363404,rock1_cfd_pos
rock1_inhibitor_atp,ROCK1,inhibitor,C,CNCCC(CN1CCN(C(C)=O)CC1)Oc1ccc2c(N)nccc2c1,CNCCC(CN1CCN(C(C)=O)CC1)Oc1ccc2c(N)nccc2c1,31,2.6915462,rock1_cfd_pos
rock1_inhibitor_atp,ROCK1,inhibitor,C,CN1CC(N2CCc3c(ccc4c(N)nccc34)C2)CNCCC1c1cccc(F)c1,CN1CC(N2CCc3c(ccc4c(N)nccc34)C2)CNCCC1c1cccc(F)c1,32,2.684030771255493,rock1_cfd_pos
rock1_inhibitor_atp,ROCK1,inhibitor,C,CC1NCCN(Cc2ccccc2)CC1Cn1ccc2c(N)ncnc21,CC1NCCN(Cc2ccccc2)CC1Cn1ccc2c(N)ncnc21,33,2.683599710464477,rock1_cfd_pos
rock1_inhibitor_atp,ROCK1,inhibitor,C,Oc1nccc2cc(OC3CNCCC3Nc3ccncc3)ccc12,Oc1nccc2cc(OC3CNCCC3Nc3ccncc3)ccc12,34,2.678500175476074,rock1_cfd_pos
rock1_inhibitor_atp,ROCK1,inhibitor,C,CCN1CC(Oc2cccc3ncccc23)C2CNCCC21Cc1ccccc1,CCN1CC(Oc2cccc3ncccc23)C2CNCCC21Cc1ccccc1,35,2.6755189895629883,rock1_cfd_pos
rock1_inhibitor_atp,ROCK1,inhibitor,C,CNC(=O)N(CCCN1CCOCC1)Cc1ccc2ncccc2c1,CNC(=O)N(CCCN1CCOCC1)Cc1ccc2ncccc2c1,36,2.67454195022583,rock1_cfd_pos
rock1_inhibitor_atp,ROCK1,inhibitor,C,CC(CCc1cnc2[nH]cccc1-2)N(CCCNC(N)=O)CCc1ccccc1,CC(CCc1cnc2[nH]cccc1-2)N(CCCNC(N)=O)CCc1ccccc1,37,2.673463821411133,rock1_cfd_pos
rock1_inhibitor_atp,ROCK1,inhibitor,C,CN1CC2CCCCC2C1CC(CCN1CCNCC1)Nc1cccc2c(N)nccc12,CN1CC2CCCCC2C1CC(CCN1CCNCC1)Nc1cccc2c(N)nccc12,38,2.673146724700928,rock1_cfd_pos
rock1_inhibitor_atp,ROCK1,inhibitor,C,CC=CCCC(CNC(=O)c1cccc2c(=O)[nH]ccc12)CN(C)CC,CC=CCCC(CNC(=O)c1cccc2c(=O)[nH]ccc12)CN(C)CC,39,2.670163631439209,rock1_cfd_pos
rock1_inhibitor_atp,ROCK1,inhibitor,C,COCCCNC(C)CC1CN(c2ccc3ncccc3c2)CCN1,COCCCNC(C)CC1CN(c2ccc3ncccc3c2)CCN1,40,2.6657228469848637,rock1_cfd_pos
rock1_inhibitor_atp,ROCK1,inhibitor,C,Nc1nccc2c(N3CCCC(NCc4ccccc4)C3CO)cccc12,Nc1nccc2c(N3CCCC(NCc4ccccc4)C3CO)cccc12,41,2.6656436920166016,rock1_cfd_pos
rock1_inhibitor_atp,ROCK1,inhibitor,C,COCCCNCCNc1ccc(-c2cccc3c(N)nccc23)cc1,COCCCNCCNc1ccc(-c2cccc3c(N)nccc23)cc1,42,2.66408920288086,rock1_cfd_pos
rock1_inhibitor_atp,ROCK1,inhibitor,C,CC(=O)Nc1ccc(N(CCCCN)CC2=CC3=C(C)C=NC(=O)C3=C2)cc1,CC(=O)Nc1ccc(N(CCCCN)CC2=CC3=C(C)C=NC(=O)C3=C2)cc1,43,2.663753032684326,rock1_cfd_pos
rock1_inhibitor_atp,ROCK1,inhibitor,C,CN1CCN(c2cccc3cncnc23)CC1CC1CNCCC1c1ccccc1,CN1CCN(c2cccc3cncnc23)CC1CC1CNCCC1c1ccccc1,44,2.66352915763855,rock1_cfd_pos
rock1_inhibitor_atp,ROCK1,inhibitor,C,COc1ccc(C(COc2ccc3c(N)nccc3c2)C2CCN(C)C2)cc1,COc1ccc(C(COc2ccc3c(N)nccc3c2)C2CCN(C)C2)cc1,45,2.662660360336304,rock1_cfd_pos
rock1_inhibitor_atp,ROCK1,inhibitor,C,CCN1CCCC(OC(CNC2CCCC2)c2ccc3c(N)nccc3c2)C1,CCN1CCCC(OC(CNC2CCCC2)c2ccc3c(N)nccc3c2)C1,46,2.6621527671813965,rock1_cfd_pos
rock1_inhibitor_atp,ROCK1,inhibitor,C,CNCC1CC(C)N(CCCCN2CCNCC2)CC1Nc1ccnc2ncccc12,CNCC1CC(C)N(CCCCN2CCNCC2)CC1Nc1ccnc2ncccc12,47,2.656217336654663,rock1_cfd_pos
rock1_inhibitor_atp,ROCK1,inhibitor,C,CN(C)CCC1Oc2c(ccc3c(N)nccc23)OC1NCCN1CCCC1,CN(C)CCC1Oc2c(ccc3c(N)nccc23)OC1NCCN1CCCC1,48,2.655539035797119,rock1_cfd_pos
rock1_inhibitor_atp,ROCK1,inhibitor,C,CN1CC(Oc2ccc3ncccc3c2)CN(c2ccccc2)C1=O,CN1CC(Oc2ccc3ncccc3c2)CN(c2ccccc2)C1=O,49,2.6539511680603027,rock1_cfd_pos
rock1_inhibitor_atp,ROCK1,inhibitor,C,CCN(C)CCN(CCOc1ccccc1)c1ccc2c(=O)[nH]ccc2c1,CCN(C)CCN(CCOc1ccccc1)c1ccc2c(=O)[nH]ccc2c1,50,2.651362419128418,rock1_cfd_pos
rock1_inhibitor_atp,ROCK1,inhibitor,C,O=C(c1cccc(C2=C3C=CC=CC=C3NC=C2)c1)N1CCNCC1,O=C(c1cccc(C2=C3C=CC=CC=C3NC=C2)c1)N1CCNCC1,51,2.649046897888184,rock1_cfd_pos
rock1_inhibitor_atp,ROCK1,inhibitor,C,CN1CC2CCCC(NC3CCOCC3)C(Oc3ccc4c(N)nccc4c3)C2C1,CN1CC2CCCC(NC3CCOCC3)C(Oc3ccc4c(N)nccc4c3)C2C1,52,2.647458553314209,rock1_cfd_pos
rock1_inhibitor_atp,ROCK1,inhibitor,C,C1=Cc2c3c(cc[n+]2=N1)=NC(NC1CC2CNCCC2CC1Oc1ccccc1)=N3,C1=Cc2c3c(cc[n+]2=N1)=NC(NC1CC2CNCCC2CC1Oc1ccccc1)=N3,53,2.6458165645599365,rock1_cfd_pos
rock1_inhibitor_atp,ROCK1,inhibitor,C,Cc1ccccc1CNCCN1CCCN(c2ccc(C(N)=O)c3cc[nH]c23)CC1,Cc1ccccc1CNCCN1CCCN(c2ccc(C(N)=O)c3cc[nH]c23)CC1,54,2.645573854446411,rock1_cfd_pos
rock1_inhibitor_atp,ROCK1,inhibitor,C,O=c1[nH]ccc2cc(OC3CNCCN(Cc4ncc[nH]4)C3)ccc12,O=c1[nH]ccc2cc(OC3CNCCN(Cc4ncc[nH]4)C3)ccc12,55,2.644165,rock1_cfd_pos
rock1_inhibitor_atp,ROCK1,inhibitor,C,OC(C1CCCCC1)C1CCNCC(COc2ccnc3ccccc23)N1,OC(C1CCCCC1)C1CCNCC(COc2ccnc3ccccc23)N1,56,2.643326759338379,rock1_cfd_pos
rock1_inhibitor_atp,ROCK1,inhibitor,C,CCN1CC(c2cc3c(C)cncc3[nH]2)OC(CN2CCOCC2)C1C,CCN1CC(c2cc3c(C)cncc3[nH]2)OC(CN2CCOCC2)C1C,57,2.6431124210357666,rock1_cfd_pos
rock1_inhibitor_atp,ROCK1,inhibitor,C,Nc1cc(Cn2cnc3ccccc32)cc(C(=O)NCC2CCCCC2)c1,Nc1cc(Cn2cnc3ccccc32)cc(C(=O)NCC2CCCCC2)c1,58,2.64306,rock1_cfd_pos
rock1_inhibitor_atp,ROCK1,inhibitor,C,CCN(CCNCCCNc1cccc2c(N)nccc12)Cc1ccc(F)cc1,CCN(CCNCCCNc1cccc2c(N)nccc12)Cc1ccc(F)cc1,59,2.642810344696045,rock1_cfd_pos
rock1_inhibitor_atp,ROCK1,inhibitor,C,CN(C)CCC1C(CN(C)C)C2CNCC2C1Nc1nccc2c(N)nccc12,CN(C)CCC1C(CN(C)C)C2CNCC2C1Nc1nccc2c(N)nccc12,60,2.642128229141236,rock1_cfd_pos
rock1_inhibitor_atp,ROCK1,inhibitor,C,CC1=NNC=C2C=CC(N3CC4CN(Cc5ccccc5)CC(C)C43)=CC=C21,CC1=NNC=C2C=CC(N3CC4CN(Cc5ccccc5)CC(C)C43)=CC=C21,61,2.6413702964782715,rock1_cfd_pos
rock1_inhibitor_atp,ROCK1,inhibitor,C,Nc1nccc2c3c(ccc12)C(CO)N(CCNCc1ccccc1)CC3,Nc1nccc2c3c(ccc12)C(CO)N(CCNCc1ccccc1)CC3,62,2.639277219772339,rock1_cfd_pos
rock1_inhibitor_atp,ROCK1,inhibitor,C,CNCC1CCN(c2ccnc3nccc(C)c23)CC1NC(O)c1ccccc1,CNCC1CCN(c2ccnc3nccc(C)c23)CC1NC(O)c1ccccc1,63,2.63545298576355,rock1_cfd_pos
rock1_inhibitor_atp,ROCK1,inhibitor,C,Nc1ncnc2c(N3CCC4CN(CC5CCCCNC5)CC43)cccc12,Nc1ncnc2c(N3CCC4CN(CC5CCCCNC5)CC43)cccc12,64,2.633528470993042,rock1_cfd_pos
rock1_inhibitor_atp,ROCK1,inhibitor,C,C[NH+]1CCc2c1ccc1[nH]c3c(c21)CC(COc1ccc[n+]2nccn12)CC3,C[NH+]1CCc2c1ccc1[nH]c3c(c21)CC(COc1ccc[n+]2nccn12)CC3,65,2.633234024047852,rock1_cfd_pos
rock1_inhibitor_atp,ROCK1,inhibitor,C,COC(=O)NCC(COc1ccnc2ccccc12)C1CC(c2ccccn2)N(C)C1,COC(=O)NCC(COc1ccnc2ccccc12)C1CC(c2ccccn2)N(C)C1,66,2.6325690746307373,rock1_cfd_pos
rock1_inhibitor_atp,ROCK1,inhibitor,C,COCCN1CCN(c2cccc(O)c2)c2cc3cccc(C#N)c3nc2C1,COCCN1CCN(c2cccc(O)c2)c2cc3cccc(C#N)c3nc2C1,67,2.631160259246826,rock1_cfd_pos
rock1_inhibitor_atp,ROCK1,inhibitor,C,CC1C([NH+]2Cc3ccccc3C2)CCN1CCC[n+]1cccc2c(N)nccc21,CC1C([NH+]2Cc3ccccc3C2)CCN1CCC[n+]1cccc2c(N)nccc21,68,2.63027,rock1_cfd_pos
rock1_inhibitor_atp,ROCK1,inhibitor,C,CN1CC(Oc2cccc3c(N)nccc23)C2(CC3CCCC3C(N)O2)C1,CN1CC(Oc2cccc3c(N)nccc23)C2(CC3CCCC3C(N)O2)C1,69,2.629981517791748,rock1_cfd_pos
rock1_inhibitor_atp,ROCK1,inhibitor,C,Cc1cccc(NC2CCN(CCC[n+]3ccnc4ncccc43)C2)[nH+]1,Cc1cccc(NC2CCN(CCC[n+]3ccnc4ncccc43)C2)[nH+]1,70,2.626800537109375,rock1_cfd_pos
rock1_inhibitor_atp,ROCK1,inhibitor,C,NCCN1CCC(COn2ccc(=O)c3ccccc32)CC1,NCCN1CCC(COn2ccc(=O)c3ccccc32)CC1,71,2.626686811447144,rock1_cfd_pos
rock1_inhibitor_atp,ROCK1,inhibitor,C,CN1CC2NCCC(Oc3cccc4cnccc34)C2C1CN1CCOCC1,CN1CC2NCCC(Oc3cccc4cnccc34)C2C1CN1CCOCC1,72,2.62665057182312,rock1_cfd_pos
rock1_inhibitor_atp,ROCK1,inhibitor,C,CC1=C2C(=CC=[N+]2CCNC(CCCc2ccccc2)C(=O)NC2CCCCC2)C(N)=N1,CC1=C2C(=CC=[N+]2CCNC(CCCc2ccccc2)C(=O)NC2CCCCC2)C(N)=N1,73,2.625185966491699,rock1_cfd_pos
rock1_inhibitor_atp,ROCK1,inhibitor,C,CN1CCCC(C(CNc2cc(N)cc3cnc[n+](C)c23)c2ccccc2)C1,CN1CCCC(C(CNc2cc(N)cc3cnc[n+](C)c23)c2ccccc2)C1,74,2.6251120567321777,rock1_cfd_pos
rock1_inhibitor_atp,ROCK1,inhibitor,C,NC(CNC(=O)C[n+]1cncc2ccccc21)C1CCN(Cc2ccccc2)CC1,NC(CNC(=O)C[n+]1cncc2ccccc21)C1CCN(Cc2ccccc2)CC1,75,2.6242611408233643,rock1_cfd_pos
rock1_inhibitor_atp,ROCK1,inhibitor,C,CN(C)C1CCCC2(CC1)Oc1c(ccc3c(=O)[nH]ccc13)[NH+]2CCCCN,CN(C)C1CCCC2(CC1)Oc1c(ccc3c(=O)[nH]ccc13)[NH+]2CCCCN,76,2.620157480239868,rock1_cfd_pos
rock1_inhibitor_atp,ROCK1,inhibitor,C,NC1CC(c2ccccc2)C2CC3=C(NCCN12)Nc1cncc2cccc3c12,NC1CC(c2ccccc2)C2CC3=C(NCCN12)Nc1cncc2cccc3c12,77,2.6199965476989746,rock1_cfd_pos
rock1_inhibitor_atp,ROCK1,inhibitor,C,CC(=O)NCCCN1CC(NCCN2CCCC2)CC1c1ccc2c(=O)[nH]ccc2c1,CC(=O)NCCCN1CC(NCCN2CCCC2)CC1c1ccc2c(=O)[nH]ccc2c1,78,2.6196377,rock1_cfd_pos
rock1_inhibitor_atp,ROCK1,inhibitor,C,CC(Cn1ccc2c(N)ncnc21)N1CCC2NCc3ccccc3CC2C1,CC(Cn1ccc2c(N)ncnc21)N1CCC2NCc3ccccc3CC2C1,79,2.61829161643982,rock1_cfd_pos
rock1_inhibitor_atp,ROCK1,inhibitor,C,CCC(c1ccccc1)n1cc(Cn2cnc3ccccc32)nc1N1CCNCC1,CCC(c1ccccc1)n1cc(Cn2cnc3ccccc32)nc1N1CCNCC1,80,2.618050098419189,rock1_cfd_pos
rock1_inhibitor_atp,ROCK1,inhibitor,C,CN(C)CCN(CCn1ccc2c(N)nccc21)CC1CNCCC1c1ccccc1,CN(C)CCN(CCn1ccc2c(N)nccc21)CC1CNCCC1c1ccccc1,81,2.6176784,rock1_cfd_pos
rock1_inhibitor_atp,ROCK1,inhibitor,C,Nc1nccc2c(OC3CCN(CC4CCCCC4)CCNC3)nccc12,Nc1nccc2c(OC3CCN(CC4CCCCC4)CCNC3)nccc12,82,2.617619276046753,rock1_cfd_pos
rock1_inhibitor_atp,ROCK1,inhibitor,C,Nc1ncnc2c1ccn2CCCN1CCC(C2Cc3ccccc3CN2)CC1,Nc1ncnc2c1ccn2CCCN1CCC(C2Cc3ccccc3CN2)CC1,83,2.616262674331665,rock1_cfd_pos
rock1_inhibitor_atp,ROCK1,inhibitor,C,CC(C1CCNCC1)N(C(=O)c1cccc2cnccc12)c1cccc(O)n1,CC(C1CCNCC1)N(C(=O)c1cccc2cnccc12)c1cccc(O)n1,84,2.616103410720825,rock1_cfd_pos
rock1_inhibitor_atp,ROCK1,inhibitor,C,CN1CCC(Nc2cccc3nnccc23)CC1CC1CCOCC1,CN1CCC(Nc2cccc3nnccc23)CC1CC1CCOCC1,85,2.6157095432281494,rock1_cfd_pos
rock1_inhibitor_atp,ROCK1,inhibitor,C,CN1CCC2C(Nc3ccnc4ccccc34)CC(NCc3ccnnc3)CC21,CN1CCC2C(Nc3ccnc4ccccc34)CC(NCc3ccnnc3)CC21,86,2.6156463623046875,rock1_cfd_pos
rock1_inhibitor_atp,ROCK1,inhibitor,C,CN1CC(CN2CCCCC2)N(CCc2ccnc3[nH]ccc23)CC1C1CCCN1,CN1CC(CN2CCCCC2)N(CCc2ccnc3[nH]ccc23)CC1C1CCCN1,87,2.6155791,rock1_cfd_pos
rock1_inhibitor_atp,ROCK1,inhibitor,C,NC1CN(c2cccc(-c3ccnc4ccccc34)c2)N2CCC(O)CC12,NC1CN(c2cccc(-c3ccnc4ccccc34)c2)N2CCC(O)CC12,88,2.6155107021331787,rock1_cfd_pos
rock1_inhibitor_atp,ROCK1,inhibitor,C,CC1C2CNCCCC2C(=O)N(c2ccc3c(c2)C=NC3=O)C1CCc1ccccc1,CC1C2CNCCCC2C(=O)N(c2ccc3c(c2)C=NC3=O)C1CCc1ccccc1,89,2.614251613616944,rock1_cfd_pos
rock1_inhibitor_atp,ROCK1,inhibitor,C,CNC1CCN(c2cccc3c(N)nccc23)CC1CCc1ccccc1,CNC1CCN(c2cccc3c(N)nccc23)CC1CCc1ccccc1,90,2.6138227,rock1_cfd_pos
rock1_inhibitor_atp,ROCK1,inhibitor,C,CN1CCC(N(Cc2ccc3cc[nH]c(=O)c3c2)C(=O)NCc2ccccc2)CC1,CN1CCC(N(Cc2ccc3cc[nH]c(=O)c3c2)C(=O)NCc2ccccc2)CC1,91,2.613503217697144,rock1_cfd_pos
rock1_inhibitor_atp,ROCK1,inhibitor,C,C[NH+]1Cc2ccccc2C2CCCn3c(nc4c5cc[nH]c(=O)c5ccc43)C2C1,C[NH+]1Cc2ccccc2C2CCCn3c(nc4c5cc[nH]c(=O)c5ccc43)C2C1,92,2.611509323120117,rock1_cfd_pos
rock1_inhibitor_atp,ROCK1,inhibitor,C,Nc1nccc2c(N3CCCC(CN4CCC(O)CC4)C3)cccc12,Nc1nccc2c(N3CCCC(CN4CCC(O)CC4)C3)cccc12,93,2.6113863,rock1_cfd_pos
rock1_inhibitor_atp,ROCK1,inhibitor,C,Cn1c(C2CCCCN2c2cccc3c(N)ncnc23)nc2c1CCCC2,Cn1c(C2CCCCN2c2cccc3c(N)ncnc23)nc2c1CCCC2,94,2.611324071884156,rock1_cfd_pos
rock1_inhibitor_atp,ROCK1,inhibitor,C,CN1CCN(c2cccc3c(N)nccc23)CC(CN2CCC3C2CC2CCCCN23)C1,CN1CCN(c2cccc3c(N)nccc23)CC(CN2CCC3C2CC2CCCCN23)C1,95,2.610844612121582,rock1_cfd_pos
rock1_inhibitor_atp,ROCK1,inhibitor,C,c1ccc2c(NCC3CC4CNCC(Cn5cccn5)C4N3)ccnc2c1,c1ccc2c(NCC3CC4CNCC(Cn5cccn5)C4N3)ccnc2c1,96,2.6104419231414795,rock1_cfd_pos
rock1_inhibitor_atp,ROCK1,inhibitor,C,Nc1nccc2cc(N(O)C3CCNCCC3N3CCc4ccccc43)ccc12,Nc1nccc2cc(N(O)C3CCNCCC3N3CCc4ccccc43)ccc12,97,2.6082337,rock1_cfd_pos
rock1_inhibitor_atp,ROCK1,inhibitor,C,Nc1nccc2c(C(=O)NC3CCNC(c4ccccc4F)C3)cccc12,Nc1nccc2c(C(=O)NC3CCNC(c4ccccc4F)C3)cccc12,98,2.6081249713897705,rock1_cfd_pos
rock1_inhibitor_atp,ROCK1,inhibitor,C,NC1=C2C(=O)C=CC(OCC3(Cc4ccccn4)CCNCC3)=C2N=C1,NC1=C2C(=O)C=CC(OCC3(Cc4ccccn4)CCNCC3)=C2N=C1,99,2.6064271926879883,rock1_cfd_pos
mtor_inhibitor,mTOR,inhibitor,C,COc1ccc(Oc2ccc3c(c2)C2=c4ccccc4=NC(=O)C2=NC3=O)cc1,COc1ccc(Oc2ccc3c(c2)C2=c4ccccc4=NC(=O)C2=NC3=O)cc1,0,2.825691938400269,mtor_cfd_pos
mtor_inhibitor,mTOR,inhibitor,C,COc1ccc(-c2nc(-c3ccc(N4CCNCC4)cn3)nc3ccccc23)cc1,COc1ccc(-c2nc(-c3ccc(N4CCNCC4)cn3)nc3ccccc23)cc1,1,2.805528163909912,mtor_cfd_pos
mtor_inhibitor,mTOR,inhibitor,C,Oc1c2cc3cccc4c5c[nH+]ccc5nc(c2nc2[n+]1C=CC=2)c34,Oc1c2cc3cccc4c5c[nH+]ccc5nc(c2nc2[n+]1C=CC=2)c34,2,2.7555625438690186,mtor_cfd_pos
mtor_inhibitor,mTOR,inhibitor,C,C1=Cc2n[nH+]c3cccnc3c2C=C2Nc3ccccc3N=C12,C1=Cc2n[nH+]c3cccnc3c2C=C2Nc3ccccc3N=C12,3,2.7553544,mtor_cfd_pos
mtor_inhibitor,mTOR,inhibitor,C,NC(=O)c1ccc(-c2cn3cccc(-c4cnc5cccnc5c4)c3n2)cc1,NC(=O)c1ccc(-c2cn3cccc(-c4cnc5cccnc5c4)c3n2)cc1,4,2.75198745727539,mtor_cfd_pos
mtor_inhibitor,mTOR,inhibitor,C,Cc1cccc2c(-c3ccc4ncnc(N5CCNCC5)c4c3)ncnc12,Cc1cccc2c(-c3ccc4ncnc(N5CCNCC5)c4c3)ncnc12,5,2.747497081756592,mtor_cfd_pos
mtor_inhibitor,mTOR,inhibitor,C,C[n+]1c(O)c(Nc2cccc3c2c[nH+]c2ccccc23)nc2ccccc21,C[n+]1c(O)c(Nc2cccc3c2c[nH+]c2ccccc23)nc2ccccc21,6,2.735861301422119,mtor_cfd_pos
mtor_inhibitor,mTOR,inhibitor,C,NC(=O)Cc1cccc(-c2cnnc3cc(-c4ccccc4)cnc23)c1,NC(=O)Cc1cccc(-c2cnnc3cc(-c4ccccc4)cnc23)c1,7,2.7239670753479004,mtor_cfd_pos
mtor_inhibitor,mTOR,inhibitor,C,O=C1C(c2c[nH]c3ccc(-c4ccccc4)cc23)=Nc2cccc[n+]21,O=C1C(c2c[nH]c3ccc(-c4ccccc4)cc23)=Nc2cccc[n+]21,8,2.7187836170196533,mtor_cfd_pos
mtor_inhibitor,mTOR,inhibitor,C,C1=Nc2ncnc3nc(-c4ccc5ccc(N6CCCC6)cc5c4)nc1c23,C1=Nc2ncnc3nc(-c4ccc5ccc(N6CCCC6)cc5c4)nc1c23,9,2.707771062850952,mtor_cfd_pos
mtor_inhibitor,mTOR,inhibitor,C,Fc1ccc2nc3c(N4CCNCC4)nc4nc5ccccc5cc4n3c2c1,Fc1ccc2nc3c(N4CCNCC4)nc4nc5ccccc5cc4n3c2c1,10,2.7075774669647217,mtor_cfd_pos
mtor_inhibitor,mTOR,inhibitor,C,Cc1cc2nc(-c3cccc4ccccc34)nc(NC3CCN(S(C)(=O)=O)C3)c2cn1,Cc1cc2nc(-c3cccc4ccccc34)nc(NC3CCN(S(C)(=O)=O)C3)c2cn1,11,2.7062147,mtor_cfd_pos
mtor_inhibitor,mTOR,inhibitor,C,O=c1c2cc3cccc(Oc4ccccc4)c3cc2n2cnnc2n1C1CCNCC1,O=c1c2cc3cccc(Oc4ccccc4)c3cc2n2cnnc2n1C1CCNCC1,12,2.7034387588500977,mtor_cfd_pos
mtor_inhibitor,mTOR,inhibitor,C,O=c1ccn2nc3ccccc3c3c2[n+]1c(=O)n3-c1ccccc1,O=c1ccn2nc3ccccc3c3c2[n+]1c(=O)n3-c1ccccc1,13,2.691106081008911,mtor_cfd_pos
mtor_inhibitor,mTOR,inhibitor,C,Nc1cccc2c1c1cnc(N3CCCC3)nc1n1nc(-c3ccncc3)cc21,Nc1cccc2c1c1cnc(N3CCCC3)nc1n1nc(-c3ccncc3)cc21,14,2.675814390182495,mtor_cfd_pos
mtor_inhibitor,mTOR,inhibitor,C,c1ccc(N2CC3=c4nnc5cccc6ccc(c4c65)CC3C2)cc1,c1ccc(N2CC3=c4nnc5cccc6ccc(c4c65)CC3C2)cc1,15,2.673916816711426,mtor_cfd_pos
mtor_inhibitor,mTOR,inhibitor,C,c1ccc2c(c1)ncc1c3ccccc3n3cc(N4CCNCC4)nc3c21,c1ccc2c(c1)ncc1c3ccccc3n3cc(N4CCNCC4)nc3c21,16,2.670315980911255,mtor_cfd_pos
mtor_inhibitor,mTOR,inhibitor,C,CN1CCN(c2cccc3cc(-c4cc(O)c5cc[n+](C)cc5c4)cc(O)c23)CC1,CN1CCN(c2cccc3cc(-c4cc(O)c5cc[n+](C)cc5c4)cc(O)c23)CC1,17,2.669407367706299,mtor_cfd_pos
mtor_inhibitor,mTOR,inhibitor,C,OC1=C2C=CNC=C2N(c2ccccc2)C=C1C=NCc1ccc[nH+]c1,OC1=C2C=CNC=C2N(c2ccccc2)C=C1C=NCc1ccc[nH+]c1,18,2.667579412460327,mtor_cfd_pos
mtor_inhibitor,mTOR,inhibitor,C,O=C(c1cc2ccccc2[nH]c1=O)c1cccc2cc(-c3cccc[nH+]3)[nH]c12,O=C(c1cc2ccccc2[nH]c1=O)c1cccc2cc(-c3cccc[nH+]3)[nH]c12,19,2.6649537086486816,mtor_cfd_pos
mtor_inhibitor,mTOR,inhibitor,C,O=c1ncc2c(-n3[nH+]c(C#Cc4ccccc4)c4ccccc43)cccc2[nH]1,O=c1ncc2c(-n3[nH+]c(C#Cc4ccccc4)c4ccccc43)cccc2[nH]1,20,2.6573755741119385,mtor_cfd_pos
mtor_inhibitor,mTOR,inhibitor,C,OC1=C2C=c3cnccc3=CC=C2Oc2ccc3c(ccn3-c3ccc(O)cc3)c21,OC1=C2C=c3cnccc3=CC=C2Oc2ccc3c(ccn3-c3ccc(O)cc3)c21,21,2.6492016315460205,mtor_cfd_pos
mtor_inhibitor,mTOR,inhibitor,C,Cc1cc(C)cc(-c2nc3cc4c5ccccc5[nH]c(=O)nc4n3n2)c1,Cc1cc(C)cc(-c2nc3cc4c5ccccc5[nH]c(=O)nc4n3n2)c1,22,2.63853406906128,mtor_cfd_pos
mtor_inhibitor,mTOR,inhibitor,C,Cc1cccc2c1cnc1cc(Nc3ccnc4c3c(=O)n(C)c(=O)n4C)ccc12,Cc1cccc2c1cnc1cc(Nc3ccnc4c3c(=O)n(C)c(=O)n4C)ccc12,23,2.636464357376098,mtor_cfd_pos
mtor_inhibitor,mTOR,inhibitor,C,Nc1nc(=O)c2cc3cccc4c3c(c2[nH]1)OC(c1ccc(F)cc1)=C4,Nc1nc(=O)c2cc3cccc4c3c(c2[nH]1)OC(c1ccc(F)cc1)=C4,24,2.630272388458252,mtor_cfd_pos
mtor_inhibitor,mTOR,inhibitor,C,COc1ccc(-c2nc3cccc4[nH]c5cc(OC)cc(=O)c-5cc4c-3[nH+]2)cc1,COc1ccc(-c2nc3cccc4[nH]c5cc(OC)cc(=O)c-5cc4c-3[nH+]2)cc1,25,2.6292107105255127,mtor_cfd_pos
mtor_inhibitor,mTOR,inhibitor,C,Fc1ccc(-c2cn3c(nc4ccn5ncnc5c43)c3nccn23)cc1,Fc1ccc(-c2cn3c(nc4ccn5ncnc5c43)c3nccn23)cc1,26,2.6267151832580566,mtor_cfd_pos
mtor_inhibitor,mTOR,inhibitor,C,O=C1Oc2c(oc3c4ccccc4[nH]c4cccc2c4=3)=Nc2ccccc(=O)c21,O=C1Oc2c(oc3c4ccccc4[nH]c4cccc2c4=3)=Nc2ccccc(=O)c21,27,2.625612735748291,mtor_cfd_pos
mtor_inhibitor,mTOR,inhibitor,C,CCCC(=O)NNCC1=c2ccccc2=C(c2ccc(F)cc2)N=CN1,CCCC(=O)NNCC1=c2ccccc2=C(c2ccc(F)cc2)N=CN1,28,2.623650074005127,mtor_cfd_pos
mtor_inhibitor,mTOR,inhibitor,C,O=c1cc(-c2ccccc2)[nH]c2c(Cc3c[nH]c4ccccc34)cnn12,O=c1cc(-c2ccccc2)[nH]c2c(Cc3c[nH]c4ccccc34)cnn12,29,2.6183972358703613,mtor_cfd_pos
mtor_inhibitor,mTOR,inhibitor,C,Oc1ccc2c(c1)nc1ccccc1c1nc3cnnc3nc21,Oc1ccc2c(c1)nc1ccccc1c1nc3cnnc3nc21,30,2.6154768466949463,mtor_cfd_pos
mtor_inhibitor,mTOR,inhibitor,C,COc1ccc(NC2=[n+]3cc4c(cc3N=N2)=NC=C4c2ccc(F)cc2)cc1,COc1ccc(NC2=[n+]3cc4c(cc3N=N2)=NC=C4c2ccc(F)cc2)cc1,31,2.6110923,mtor_cfd_pos
mtor_inhibitor,mTOR,inhibitor,C,O=C(O)C1=C[NH+]2C3=C(Nc4ccccc4C3=C1)c1ccccc12,O=C(O)C1=C[NH+]2C3=C(Nc4ccccc4C3=C1)c1ccccc12,32,2.610159397125244,mtor_cfd_pos
mtor_inhibitor,mTOR,inhibitor,C,Cc1nc(N)nn2c(=O)n(-c3ccc4ccccc4c3)c(C)c12,Cc1nc(N)nn2c(=O)n(-c3ccc4ccccc4c3)c(C)c12,33,2.60398006439209,mtor_cfd_pos
mtor_inhibitor,mTOR,inhibitor,C,O=Cc1nc2c(-c3ccccc3)[nH+]c3ccc4c(c3n2n1)=CNc1ccccc1N=4,O=Cc1nc2c(-c3ccccc3)[nH+]c3ccc4c(c3n2n1)=CNc1ccccc1N=4,34,2.6002182960510254,mtor_cfd_pos
mtor_inhibitor,mTOR,inhibitor,C,Cc1cccc2c1-c1nc(Nc3ccccc3)[nH+]c(Nc3cccc[nH+]3)[n+]1C2=O,Cc1cccc2c1-c1nc(Nc3ccccc3)[nH+]c(Nc3cccc[nH+]3)[n+]1C2=O,35,2.5967841148376465,mtor_cfd_pos
mtor_inhibitor,mTOR,inhibitor,C,COc1ccc(Nc2nc(N3CCC(N(C)C)CC3)nc3ccc(OC)cc23)cc1,COc1ccc(Nc2nc(N3CCC(N(C)C)CC3)nc3ccc(OC)cc23)cc1,36,2.5918185710906982,mtor_cfd_pos
mtor_inhibitor,mTOR,inhibitor,C,OC(NCC1CC2CCCN2C1)C1=CNC=Nc2c1ccc1cc(F)ccc21,OC(NCC1CC2CCCN2C1)C1=CNC=Nc2c1ccc1cc(F)ccc21,37,2.588350296020508,mtor_cfd_pos
mtor_inhibitor,mTOR,inhibitor,C,O=c1[nH]c(=O)c2c(=O)n3c4ccccc4c4cc5ccccc5c(c2[nH]1)c43,O=c1[nH]c(=O)c2c(=O)n3c4ccccc4c4cc5ccccc5c(c2[nH]1)c43,38,2.579829931259156,mtor_cfd_pos
mtor_inhibitor,mTOR,inhibitor,C,COC(=O)c1cccc(-c2[nH+]n3c4c(cc5cccc2c53)C(C)=CNC=4O)c1,COC(=O)c1cccc(-c2[nH+]n3c4c(cc5cccc2c53)C(C)=CNC=4O)c1,39,2.5733208656311035,mtor_cfd_pos
mtor_inhibitor,mTOR,inhibitor,C,Oc1cc(NC2=C3C=CC=c4ccccc4=C3N=CN2)[nH+]c(-c2ccc(F)cc2)n1,Oc1cc(NC2=C3C=CC=c4ccccc4=C3N=CN2)[nH+]c(-c2ccc(F)cc2)n1,40,2.57200026512146,mtor_cfd_pos
mtor_inhibitor,mTOR,inhibitor,C,CN(C)C(=O)Cn1c2nc3ccccc3c-2cc2oc3ccccc3c(=O)c21,CN(C)C(=O)Cn1c2nc3ccccc3c-2cc2oc3ccccc3c(=O)c21,41,2.5696542263031006,mtor_cfd_pos
mtor_inhibitor,mTOR,inhibitor,C,Cn1nc2ncnc(NCC3=C(c4ccc(F)cc4)N=[N+]4C=CC=[N+]34)c2n1,Cn1nc2ncnc(NCC3=C(c4ccc(F)cc4)N=[N+]4C=CC=[N+]34)c2n1,42,2.5689194202423096,mtor_cfd_pos
mtor_inhibitor,mTOR,inhibitor,C,Cc1nnc2nc3sc4c(c3nn12)=Cc1ccc(-c2ccccc2)cc1N=CC=4,Cc1nnc2nc3sc4c(c3nn12)=Cc1ccc(-c2ccccc2)cc1N=CC=4,43,2.5639147758483887,mtor_cfd_pos
mtor_inhibitor,mTOR,inhibitor,C,Cn1c(=O)c2nc3ccccc3c3c4ccc5nccc5c4oc1c23,Cn1c(=O)c2nc3ccccc3c3c4ccc5nccc5c4oc1c23,44,2.5637030601501465,mtor_cfd_pos
mtor_inhibitor,mTOR,inhibitor,C,Cc1cn2c(=O)c3c(O)c4ccccc4[nH]c-3c2c(-c2ccccc2)[nH+]1,Cc1cn2c(=O)c3c(O)c4ccccc4[nH]c-3c2c(-c2ccccc2)[nH+]1,45,2.554633617401123,mtor_cfd_pos
mtor_inhibitor,mTOR,inhibitor,C,Cc1cccc2c1nc(C(=O)C#Cc1cccnc1)n1c3ccccc3nc21,Cc1cccc2c1nc(C(=O)C#Cc1cccnc1)n1c3ccccc3nc21,46,2.554431438446045,mtor_cfd_pos
mtor_inhibitor,mTOR,inhibitor,C,Cc1ccc2c3c(oc(=O)c2c1)=C1C=C(c2ccccc2C(=O)O)NC=C1C=CC=3,Cc1ccc2c3c(oc(=O)c2c1)=C1C=C(c2ccccc2C(=O)O)NC=C1C=CC=3,47,2.553784132003784,mtor_cfd_pos
mtor_inhibitor,mTOR,inhibitor,C,NCc1cc2nc3ccccc3c(-c3cc(-c4ccccc4)on3)n2n1,NCc1cc2nc3ccccc3c(-c3cc(-c4ccccc4)on3)n2n1,48,2.547824,mtor_cfd_pos
mtor_inhibitor,mTOR,inhibitor,C,Nc1cccc2c1C1=NC=NNC1=C(c1ccccc3c4ccccc4[nH+]c1-3)O2,Nc1cccc2c1C1=NC=NNC1=C(c1ccccc3c4ccccc4[nH+]c1-3)O2,49,2.547568321228028,mtor_cfd_pos
mtor_inhibitor,mTOR,inhibitor,C,COc1ccc2c(c1)=C(c1[nH+]n(C)c3ccccc13)NC1=C(O)C=CC=CC=21,COc1ccc2c(c1)=C(c1[nH+]n(C)c3ccccc13)NC1=C(O)C=CC=CC=21,50,2.539491653442383,mtor_cfd_pos
mtor_inhibitor,mTOR,inhibitor,C,O=C(NCC1=CC=CNc2ccc(OCc3ccccc3)cc21)c1cc(=O)cc[nH]1,O=C(NCC1=CC=CNc2ccc(OCc3ccccc3)cc21)c1cc(=O)cc[nH]1,51,2.538639783859253,mtor_cfd_pos
mtor_inhibitor,mTOR,inhibitor,C,Oc1ccc2c(c1)nc(-c1ccc(O)c(O)c1)c1[n+]2-c2ccccc2-1,Oc1ccc2c(c1)nc(-c1ccc(O)c(O)c1)c1[n+]2-c2ccccc2-1,52,2.5373809337615967,mtor_cfd_pos
mtor_inhibitor,mTOR,inhibitor,C,Cn1c2cccc(Nc3ccc(F)cc3)c2c(=O)n1-c1ccccc1O,Cn1c2cccc(Nc3ccc(F)cc3)c2c(=O)n1-c1ccccc1O,53,2.537147760391236,mtor_cfd_pos
mtor_inhibitor,mTOR,inhibitor,C,COC1=C(C2CCN(c3cccc[nH+]3)C2=O)[n+]2cc3ccccc3c3cccc1c32,COC1=C(C2CCN(c3cccc[nH+]3)C2=O)[n+]2cc3ccccc3c3cccc1c32,54,2.5350570678710938,mtor_cfd_pos
mtor_inhibitor,mTOR,inhibitor,C,CCC1=[N+]2C=C(c3ccc(O)cc3)N=C2C(c2cc(O)[nH+]c3ccccc23)=C1,CCC1=[N+]2C=C(c3ccc(O)cc3)N=C2C(c2cc(O)[nH+]c3ccccc23)=C1,55,2.5330493,mtor_cfd_pos
mtor_inhibitor,mTOR,inhibitor,C,Cn1c(-c2cc[nH+]c3ccccc23)cc2c3cnc4cccc[n+](c(=O)c21)c43,Cn1c(-c2cc[nH+]c3ccccc23)cc2c3cnc4cccc[n+](c(=O)c21)c43,56,2.52758264541626,mtor_cfd_pos
mtor_inhibitor,mTOR,inhibitor,C,COc1ccc2c(c1)=Nc1c(N)ncc3c1[n+](c(O)n3-c1ccccc1)C=2,COc1ccc2c(c1)=Nc1c(N)ncc3c1[n+](c(O)n3-c1ccccc1)C=2,57,2.525863647460937,mtor_cfd_pos
mtor_inhibitor,mTOR,inhibitor,C,O=C1OC(=O)c2c(O)c3ccc4c(c3c3c2c1cc1ccccc13)OCO4,O=C1OC(=O)c2c(O)c3ccc4c(c3c3c2c1cc1ccccc13)OCO4,58,2.5248188972473145,mtor_cfd_pos
mtor_inhibitor,mTOR,inhibitor,C,COC1=Cc2nc3ccc(O)cc3nc2C2=CC=c3ccccc3=CC2=C1,COC1=Cc2nc3ccc(O)cc3nc2C2=CC=c3ccccc3=CC2=C1,59,2.5227888,mtor_cfd_pos
mtor_inhibitor,mTOR,inhibitor,C,C1=CC=C2NC=C(C3=NN=C4C(c5ccccc5)=c5ccsc5=[N+]34)C=C2C=C1,C1=CC=C2NC=C(C3=NN=C4C(c5ccccc5)=c5ccsc5=[N+]34)C=C2C=C1,60,2.520167827606201,mtor_cfd_pos
mtor_inhibitor,mTOR,inhibitor,C,OC1=NC(c2cccc(Oc3cncc[nH+]3)c2)=CNc2ccccc21,OC1=NC(c2cccc(Oc3cncc[nH+]3)c2)=CNc2ccccc21,61,2.516764879226685,mtor_cfd_pos
mtor_inhibitor,mTOR,inhibitor,C,CC(C)(C)NC(=O)C[n+]1cnc2c(-c3ccccc3)nc3ccccc3nc1-2,CC(C)(C)NC(=O)C[n+]1cnc2c(-c3ccccc3)nc3ccccc3nc1-2,62,2.514097213745117,mtor_cfd_pos
mtor_inhibitor,mTOR,inhibitor,C,C1=CC(C2CCN2Cc2ccc[nH+]c2)=CC2=Cc3ccccc3NC2=C1,C1=CC(C2CCN2Cc2ccc[nH+]c2)=CC2=Cc3ccccc3NC2=C1,63,2.5110623836517334,mtor_cfd_pos
mtor_inhibitor,mTOR,inhibitor,C,O=C(NCCc1ccccc1)C1=C2C(F)=CC=CC=C2N=C(c2ccccc2)N1,O=C(NCCc1ccccc1)C1=C2C(F)=CC=CC=C2N=C(c2ccccc2)N1,64,2.51012659072876,mtor_cfd_pos
mtor_inhibitor,mTOR,inhibitor,C,Cn1nc(CN2CCc3c4ccccc4nc(-c4cccc[nH+]4)[n+]3CC2)c2cnc[nH+]c21,Cn1nc(CN2CCc3c4ccccc4nc(-c4cccc[nH+]4)[n+]3CC2)c2cnc[nH+]c21,65,2.5097203,mtor_cfd_pos
mtor_inhibitor,mTOR,inhibitor,C,O=c1[nH]c(=O)n2c3c4c(cccc4n(Cc4ccccc4)c13)Cc1ccccc1-2,O=c1[nH]c(=O)n2c3c4c(cccc4n(Cc4ccccc4)c13)Cc1ccccc1-2,66,2.506539821624756,mtor_cfd_pos
mtor_inhibitor,mTOR,inhibitor,C,Cc1ccc2c(c1)-c1nc3cccc(C(=O)NCC(O)O)c3c3ccc(C)c-2c13,Cc1ccc2c(c1)-c1nc3cccc(C(=O)NCC(O)O)c3c3ccc(C)c-2c13,67,2.5032968521118164,mtor_cfd_pos
mtor_inhibitor,mTOR,inhibitor,C,C=C1N=c2c(-c3cc(OC)c4[nH]c5ccccc5nc3-4)nn(C)c2=NC1C,C=C1N=c2c(-c3cc(OC)c4[nH]c5ccccc5nc3-4)nn(C)c2=NC1C,68,2.4905152320861816,mtor_cfd_pos
mtor_inhibitor,mTOR,inhibitor,C,Cc1ccc(C(O)COC2=CC=CC=c3cc4c(cc32)=C(O)NC=N4)cc1,Cc1ccc(C(O)COC2=CC=CC=c3cc4c(cc32)=C(O)NC=N4)cc1,69,2.488731622695923,mtor_cfd_pos
mtor_inhibitor,mTOR,inhibitor,C,O=c1[nH]c2ccccc2n1-c1cccc2c1[NH+]=C1C2=Cc2ccc3ccccc3c21,O=c1[nH]c2ccccc2n1-c1cccc2c1[NH+]=C1C2=Cc2ccc3ccccc3c21,70,2.48803186416626,mtor_cfd_pos
mtor_inhibitor,mTOR,inhibitor,C,O=C(c1ccc(F)c(C2=CC=C3C(O)=CC=CN=C3N2)c1)N1CCC2CCC1CCN2,O=C(c1ccc(F)c(C2=CC=C3C(O)=CC=CN=C3N2)c1)N1CCC2CCC1CCN2,71,2.4870205,mtor_cfd_pos
mtor_inhibitor,mTOR,inhibitor,C,O=c1ccc2c3ccccc3nccc2c2c(CN3CCNCC3)cc[n+]12,O=c1ccc2c3ccccc3nccc2c2c(CN3CCNCC3)cc[n+]12,72,2.477569103240967,mtor_cfd_pos
mtor_inhibitor,mTOR,inhibitor,C,Cc1oc2cc(C(=O)O)cc3cc4c([n+]1c32)=NC=C(Cc1c[nH+]n(C)c1)c1ccccc1-4,Cc1oc2cc(C(=O)O)cc3cc4c([n+]1c32)=NC=C(Cc1c[nH+]n(C)c1)c1ccccc1-4,73,2.4725732803344727,mtor_cfd_pos
mtor_inhibitor,mTOR,inhibitor,C,C[n+]1c2cccc3c2nc2c4c([nH+]ccc4n(O)c21)COC(=O)c1ccccc1-3,C[n+]1c2cccc3c2nc2c4c([nH+]ccc4n(O)c21)COC(=O)c1ccccc1-3,74,2.4610534,mtor_cfd_pos
mtor_inhibitor,mTOR,inhibitor,C,CCn1c2cc[nH+]cc2c(=O)c2c(Nc3ccc[nH+]c3)c3cc[nH]n3c21,CCn1c2cc[nH+]cc2c(=O)c2c(Nc3ccc[nH+]c3)c3cc[nH]n3c21,75,2.458046197891236,mtor_cfd_pos
mtor_inhibitor,mTOR,inhibitor,C,O=C(O)c1ccccc1Nc1c[n+]2c3ccccc3c3ccoc(=O)c1c32,O=C(O)c1ccccc1Nc1c[n+]2c3ccccc3c3ccoc(=O)c1c32,76,2.457792997360229,mtor_cfd_pos
mtor_inhibitor,mTOR,inhibitor,C,COc1ccc(C2=c3cccc4c3=C(NN4C)c3c(cc[nH]c3=O)O2)cc1,COc1ccc(C2=c3cccc4c3=C(NN4C)c3c(cc[nH]c3=O)O2)cc1,77,2.445866823196411,mtor_cfd_pos
mtor_inhibitor,mTOR,inhibitor,C,C1=CC=C(N2CC3CCNC3C2)c2[nH]c3nc4ccccc4[nH+]c3c2C=C1,C1=CC=C(N2CC3CCNC3C2)c2[nH]c3nc4ccccc4[nH+]c3c2C=C1,78,2.445099353790283,mtor_cfd_pos
mtor_inhibitor,mTOR,inhibitor,C,CO[n+]1c(=O)c2cccc3cc(-c4ccccc4)cc4c(O)oc1c4=c32,CO[n+]1c(=O)c2cccc3cc(-c4ccccc4)cc4c(O)oc1c4=c32,79,2.443325519561768,mtor_cfd_pos
mtor_inhibitor,mTOR,inhibitor,C,O=C(O)c1cccc(-c2ccc3c(c2)=C[N+]2=Cc4cc5c(cc4OC2=CC=3)OCO5)c1,O=C(O)c1cccc(-c2ccc3c(c2)=C[N+]2=Cc4cc5c(cc4OC2=CC=3)OCO5)c1,80,2.433263301849365,mtor_cfd_pos
mtor_inhibitor,mTOR,inhibitor,C,COc1c2ccc3c(c2nc2c1c1n4c(c(N(C)C)cn2-4)=CC=C1)C=CC=CC=3,COc1c2ccc3c(c2nc2c1c1n4c(c(N(C)C)cn2-4)=CC=C1)C=CC=CC=3,81,2.4313294887542725,mtor_cfd_pos
mtor_inhibitor,mTOR,inhibitor,C,CC(=O)Nc1nc2c3c(ccc4[nH+]cc(c43)-c3cccc(F)c3CO2)[nH]1,CC(=O)Nc1nc2c3c(ccc4[nH+]cc(c43)-c3cccc(F)c3CO2)[nH]1,82,2.4299893379211426,mtor_cfd_pos
mtor_inhibitor,mTOR,inhibitor,C,O=C(O)c1cc2ccccc2c2c1-c1c(O)c(=O)oc3cccc-2c13,O=C(O)c1cc2ccccc2c2c1-c1c(O)c(=O)oc3cccc-2c13,83,2.4113008975982666,mtor_cfd_pos
mtor_inhibitor,mTOR,inhibitor,C,CC1=CC=CC2=c3c(ccc4c(=O)nc[nH]c34)=C(C(=O)Nc3cccc(F)c3F)OC2=C1,CC1=CC=CC2=c3c(ccc4c(=O)nc[nH]c34)=C(C(=O)Nc3cccc(F)c3F)OC2=C1,84,2.410012006759644,mtor_cfd_pos
mtor_inhibitor,mTOR,inhibitor,C,O=C(Nc1c2ccc(O)cc2n2[n+]1-c1ccccc1C2=O)c1ccco1,O=C(Nc1c2ccc(O)cc2n2[n+]1-c1ccccc1C2=O)c1ccco1,85,2.4046363830566406,mtor_cfd_pos
mtor_inhibitor,mTOR,inhibitor,C,O=c1oc2cccc(O)c2n2c(=O)n3c4ccccc4ccc3c12,O=c1oc2cccc(O)c2n2c(=O)n3c4ccccc4ccc3c12,86,2.4018709659576416,mtor_cfd_pos
mtor_inhibitor,mTOR,inhibitor,C,CC(C)c1cc2c(c3c1oc1c4ccccc4c[n+](CC(=O)O)c(=O)c13)OCO2,CC(C)c1cc2c(c3c1oc1c4ccccc4c[n+](CC(=O)O)c(=O)c13)OCO2,87,2.378638982772827,mtor_cfd_pos
mtor_inhibitor,mTOR,inhibitor,C,NC(=O)Cc1c2ccccc2cc2cc3c4c(cn3c12)C=C(c1ccco1)C=4,NC(=O)Cc1c2ccccc2cc2cc3c4c(cn3c12)C=C(c1ccco1)C=4,88,2.3615591526031494,mtor_cfd_pos
mtor_inhibitor,mTOR,inhibitor,C,CC1=c2ccccc2=Nc2c(cc3nonc3c2NC2CCCNCC2)O1,CC1=c2ccccc2=Nc2c(cc3nonc3c2NC2CCCNCC2)O1,89,2.3244526,mtor_cfd_pos
mtor_inhibitor,mTOR,inhibitor,C,O=c1c2ccccc2oc2c3cccccc-3[n+]3cc(=O)n4occ1c4c23,O=c1c2ccccc2oc2c3cccccc-3[n+]3cc(=O)n4occ1c4c23,90,2.2804174423217773,mtor_cfd_pos
hdac2_inhibitor,HDAC2,inhibitor,B,c1ccc(C2=Nc3ccccc3N=C(c3ccc4ncc[nH+]c4c3)N2)cc1,c1ccc(C2=Nc3ccccc3N=C(c3ccc4ncc[nH+]c4c3)N2)cc1,0,2.8903186321258545,hdac2_cfd_pos
hdac2_inhibitor,HDAC2,inhibitor,B,Cc1ccccc1CCNC1=Nc2ccccc2N=C(c2ccc[nH+]c2)N1,Cc1ccccc1CCNC1=Nc2ccccc2N=C(c2ccc[nH+]c2)N1,1,2.87545108795166,hdac2_cfd_pos
hdac2_inhibitor,HDAC2,inhibitor,B,O=C(c1ccc(-c2ccccc2)nc1)N1CCN(c2cnc3ccccc3n2)CC1,O=C(c1ccc(-c2ccccc2)nc1)N1CCN(c2cnc3ccccc3n2)CC1,2,2.8540799617767334,hdac2_cfd_pos
hdac2_inhibitor,HDAC2,inhibitor,B,CCCN(Cc1ccccc1)C(C(=O)NCc1ccccc1)c1cnccn1,CCCN(Cc1ccccc1)C(C(=O)NCc1ccccc1)c1cnccn1,3,2.8526647,hdac2_cfd_pos
hdac2_inhibitor,HDAC2,inhibitor,B,c1ccc(-n2c(NCc3cccnc3)nc3nc4ccccc4nc32)cc1,c1ccc(-n2c(NCc3cccnc3)nc3nc4ccccc4nc32)cc1,4,2.8496809005737305,hdac2_cfd_pos
hdac2_inhibitor,HDAC2,inhibitor,B,c1ccc(C[n+]2cc(Cn3c[nH+]nc3-c3ccccc3)cnc2-c2ccccc2)cc1,c1ccc(C[n+]2cc(Cn3c[nH+]nc3-c3ccccc3)cnc2-c2ccccc2)cc1,5,2.8377530574798584,hdac2_cfd_pos
hdac2_inhibitor,HDAC2,inhibitor,B,O=C(c1ccccc1)c1cc(-c2ccncc2)nc(Nc2ccccn2)n1,O=C(c1ccccc1)c1cc(-c2ccncc2)nc(Nc2ccccn2)n1,6,2.8339746,hdac2_cfd_pos
hdac2_inhibitor,HDAC2,inhibitor,B,O=C(NC1CCCCC1)c1ccc(Cc2cnc3ccccn23)cc1,O=C(NC1CCCCC1)c1ccc(Cc2cnc3ccccn23)cc1,7,2.83097505569458,hdac2_cfd_pos
hdac2_inhibitor,HDAC2,inhibitor,B,O=C(c1ccccc1)c1ccnc2ccccc12.c1cnc(N2CCNCC2)cn1,O=C(c1ccccc1)c1ccnc2ccccc12.c1cnc(N2CCNCC2)cn1,8,2.806681871414185,hdac2_cfd_pos
hdac2_inhibitor,HDAC2,inhibitor,B,O=C(CNc1nc2ccccc2n1Cc1cccc2ncccc12)N1CCCC1,O=C(CNc1nc2ccccc2n1Cc1cccc2ncccc12)N1CCCC1,9,2.8034262657165527,hdac2_cfd_pos
hdac2_inhibitor,HDAC2,inhibitor,B,O=c1c2nc3ccccn3c2nc(Cc2ccccc2)n1-c1ccccc1,O=c1c2nc3ccccn3c2nc(Cc2ccccc2)n1-c1ccccc1,10,2.7827515602111816,hdac2_cfd_pos
hdac2_inhibitor,HDAC2,inhibitor,B,O=C(CCc1cc2ccc(=O)cc-2[nH]c1-c1ccccc1)N1CCOCC1,O=C(CCc1cc2ccc(=O)cc-2[nH]c1-c1ccccc1)N1CCOCC1,11,2.779482126235962,hdac2_cfd_pos
hdac2_inhibitor,HDAC2,inhibitor,B,Cc1ccc(-c2cccc(Cc3c(-c4ccccc4)[nH]c(=O)n(C)c3=O)c2)c[nH+]1,Cc1ccc(-c2cccc(Cc3c(-c4ccccc4)[nH]c(=O)n(C)c3=O)c2)c[nH+]1,12,2.7776412963867188,hdac2_cfd_pos
hdac2_inhibitor,HDAC2,inhibitor,B,Cc1ccc(-c2ccccc2)c2cc(C(=O)NC(=O)CCC(N)=O)ccc12,Cc1ccc(-c2ccccc2)c2cc(C(=O)NC(=O)CCC(N)=O)ccc12,13,2.775634527206421,hdac2_cfd_pos
hdac2_inhibitor,HDAC2,inhibitor,B,O=c1c2nccn2c2cc(-c3ccncc3)ccc2n1Cc1ccccn1,O=c1c2nccn2c2cc(-c3ccncc3)ccc2n1Cc1ccccn1,14,2.7725718021392822,hdac2_cfd_pos
hdac2_inhibitor,HDAC2,inhibitor,B,c1cncc(-c2nc(-c3ccc4c(c3)ncn3cnnc43)c3ccccc3n2)c1,c1cncc(-c2nc(-c3ccc4c(c3)ncn3cnnc43)c3ccccc3n2)c1,15,2.7708185,hdac2_cfd_pos
hdac2_inhibitor,HDAC2,inhibitor,B,Oc1ccc(CCc2nnnn2-c2ccccc2)cc1NCCc1ccccc1,Oc1ccc(CCc2nnnn2-c2ccccc2)cc1NCCc1ccccc1,16,2.7664241790771484,hdac2_cfd_pos
hdac2_inhibitor,HDAC2,inhibitor,B,COc1ccc(N(Cc2cccc(C(=O)O)c2)C(N)=NCc2ccccc2)cc1,COc1ccc(N(Cc2cccc(C(=O)O)c2)C(N)=NCc2ccccc2)cc1,17,2.765728712081909,hdac2_cfd_pos
hdac2_inhibitor,HDAC2,inhibitor,B,O=c1c2ccccc2c(-c2ccccc2-n2cnnc2)nn1CCc1ccccc1,O=c1c2ccccc2c(-c2ccccc2-n2cnnc2)nn1CCc1ccccc1,18,2.7599120140075684,hdac2_cfd_pos
hdac2_inhibitor,HDAC2,inhibitor,B,CCN(c1nc(-c2ccc[nH+]c2)c2cc3ccccc3[n+](CC)c2n1)C1CCOC1,CCN(c1nc(-c2ccc[nH+]c2)c2cc3ccccc3[n+](CC)c2n1)C1CCOC1,19,2.758355140686035,hdac2_cfd_pos
hdac2_inhibitor,HDAC2,inhibitor,B,c1ccc(Cc2nnc(-c3cccnc3)n2Cc2cccnc2)cc1,c1ccc(Cc2nnc(-c3cccnc3)n2Cc2cccnc2)cc1,20,2.75465726852417,hdac2_cfd_pos
hdac2_inhibitor,HDAC2,inhibitor,B,Cn1c2nc[n+](C)c(-c3ccccc3)c2c2[nH+]c3ccccc3n21,Cn1c2nc[n+](C)c(-c3ccccc3)c2c2[nH+]c3ccccc3n21,21,2.7536824,hdac2_cfd_pos
hdac2_inhibitor,HDAC2,inhibitor,B,c1ccc2cc3c(cc2c1)CCN=c1ccc2c(n1)-c1c(ncnc1NC3)N=2,c1ccc2cc3c(cc2c1)CCN=c1ccc2c(n1)-c1c(ncnc1NC3)N=2,22,2.7470727,hdac2_cfd_pos
hdac2_inhibitor,HDAC2,inhibitor,B,Nc1ccc(C(c2ccccc2)c2ccnc(C(=O)O)c2)nc1,Nc1ccc(C(c2ccccc2)c2ccnc(C(=O)O)c2)nc1,23,2.745671272277832,hdac2_cfd_pos
hdac2_inhibitor,HDAC2,inhibitor,B,COc1ccc(CN(Cc2ccccn2)c2ccc(NC(C)=O)cc2)cn1,COc1ccc(CN(Cc2ccccn2)c2ccc(NC(C)=O)cc2)cn1,24,2.745448112487793,hdac2_cfd_pos
hdac2_inhibitor,HDAC2,inhibitor,B,c1ccc(Nc2ccccc2-n2c3[n+](c4ccccc42)CCC3)[nH+]c1,c1ccc(Nc2ccccc2-n2c3[n+](c4ccccc42)CCC3)[nH+]c1,25,2.7436113357543945,hdac2_cfd_pos
hdac2_inhibitor,HDAC2,inhibitor,B,Nc1ncc2c(CN3CCCC(c4ccc(F)cc4)C3)cccc2n1,Nc1ncc2c(CN3CCCC(c4ccc(F)cc4)C3)cccc2n1,26,2.742770195007324,hdac2_cfd_pos
hdac2_inhibitor,HDAC2,inhibitor,B,Cn1c2nc[nH]c3cc(-c4ccccc4)cc(c3=2)c2c1nc1n2C=CC=C[NH+]=1,Cn1c2nc[nH]c3cc(-c4ccccc4)cc(c3=2)c2c1nc1n2C=CC=C[NH+]=1,27,2.742485523223877,hdac2_cfd_pos
hdac2_inhibitor,HDAC2,inhibitor,B,O=C1C=[n+]2c(ccc3cc(O)ccc32)=[N+]1c1ccccc1NCc1ccccc1,O=C1C=[n+]2c(ccc3cc(O)ccc32)=[N+]1c1ccccc1NCc1ccccc1,28,2.7410569190979004,hdac2_cfd_pos
hdac2_inhibitor,HDAC2,inhibitor,B,O=C(c1ccc(-c2cccc3cn[nH]c23)cc1)[NH+]1CCNc2ccccc2C1,O=C(c1ccc(-c2cccc3cn[nH]c23)cc1)[NH+]1CCNc2ccccc2C1,29,2.738146,hdac2_cfd_pos
hdac2_inhibitor,HDAC2,inhibitor,B,O=C1c2ccccc2C(NCc2ccc(O)cc2)=[N+]1Cc1ccc(Cl)cc1,O=C1c2ccccc2C(NCc2ccc(O)cc2)=[N+]1Cc1ccc(Cl)cc1,30,2.736917495727539,hdac2_cfd_pos
hdac2_inhibitor,HDAC2,inhibitor,B,Cc1ccc(N(c2ccccc2)c2cnc3n(C)c(=O)nc-3[nH]2)cc1,Cc1ccc(N(c2ccccc2)c2cnc3n(C)c(=O)nc-3[nH]2)cc1,31,2.736412048339844,hdac2_cfd_pos
hdac2_inhibitor,HDAC2,inhibitor,B,O=c1nc(-c2ccccc2)c2cn1CCNCc1cnn(c1)Cc1ccccc1CN2,O=c1nc(-c2ccccc2)c2cn1CCNCc1cnn(c1)Cc1ccccc1CN2,32,2.7311978340148926,hdac2_cfd_pos
hdac2_inhibitor,HDAC2,inhibitor,B,Nc1nc(-c2cc[nH]c2-c2ccccc2)c2cc3ccccc3[nH+]c2[nH+]1,Nc1nc(-c2cc[nH]c2-c2ccccc2)c2cc3ccccc3[nH+]c2[nH+]1,33,2.725620746612549,hdac2_cfd_pos
hdac2_inhibitor,HDAC2,inhibitor,B,Cc1ccc(NC(=O)c2nc(C3CCN(C)CC3)oc2-c2cccnc2)cn1,Cc1ccc(NC(=O)c2nc(C3CCN(C)CC3)oc2-c2cccnc2)cn1,34,2.721873998641968,hdac2_cfd_pos
hdac2_inhibitor,HDAC2,inhibitor,B,O=C1C(NC2CCCNCC2)=[n+]2ccc(-c3cccnc3)cc2=[N+]1c1ccccc1,O=C1C(NC2CCCNCC2)=[n+]2ccc(-c3cccnc3)cc2=[N+]1c1ccccc1,35,2.72109603881836,hdac2_cfd_pos
hdac2_inhibitor,HDAC2,inhibitor,B,Nc1nc(Nc2ccccc2F)c2cc(Cc3ccccc3)nc-2[nH]1,Nc1nc(Nc2ccccc2F)c2cc(Cc3ccccc3)nc-2[nH]1,36,2.719034433364868,hdac2_cfd_pos
hdac2_inhibitor,HDAC2,inhibitor,B,c1ccc(-c2ncc(Cc3cncc[nH+]3)c3nn4c5ccccc5[nH]c4c23)cc1,c1ccc(-c2ncc(Cc3cncc[nH+]3)c3nn4c5ccccc5[nH]c4c23)cc1,37,2.7156312465667725,hdac2_cfd_pos
hdac2_inhibitor,HDAC2,inhibitor,B,CC(C)CCN(Cc1nc2cccc[n+]2c2nc(N)ncc12)C1CCCCC1,CC(C)CCN(Cc1nc2cccc[n+]2c2nc(N)ncc12)C1CCCCC1,38,2.714712858200073,hdac2_cfd_pos
hdac2_inhibitor,HDAC2,inhibitor,B,CCc1[nH]c2c(=O)nc(N)c3ccc4c(-c5ccccc5)nc1n4c32,CCc1[nH]c2c(=O)nc(N)c3ccc4c(-c5ccccc5)nc1n4c32,39,2.713300466537476,hdac2_cfd_pos
hdac2_inhibitor,HDAC2,inhibitor,B,C1=Cn2[nH+]nnc2C2=Nc3ccccc3NC2=N1.c1ccc2ccccc2c1,C1=Cn2[nH+]nnc2C2=Nc3ccccc3NC2=N1.c1ccc2ccccc2c1,40,2.71282172203064,hdac2_cfd_pos
hdac2_inhibitor,HDAC2,inhibitor,B,O=C1N=CC=C2C1=CC(c1[nH+]cccc1-c1ccccc1)=[N+]2c1ccccc1,O=C1N=CC=C2C1=CC(c1[nH+]cccc1-c1ccccc1)=[N+]2c1ccccc1,41,2.711970090866089,hdac2_cfd_pos
hdac2_inhibitor,HDAC2,inhibitor,B,CCCCn1c(=O)c(Cc2ccc(C)nc2)nn(Cc2ccccc2)c1=O,CCCCn1c(=O)c(Cc2ccc(C)nc2)nn(Cc2ccccc2)c1=O,42,2.708120346069336,hdac2_cfd_pos
hdac2_inhibitor,HDAC2,inhibitor,B,O=C(O)CCCc1ccc(NC(=O)N2CCN(c3ccccc3)CC2)cc1,O=C(O)CCCc1ccc(NC(=O)N2CCN(c3ccccc3)CC2)cc1,43,2.700714588165283,hdac2_cfd_pos
hdac2_inhibitor,HDAC2,inhibitor,B,O=c1nc[nH]c2c1C=CC(Cc1ccccc1)CCc1ccccc1NC=[NH+]2,O=c1nc[nH]c2c1C=CC(Cc1ccccc1)CCc1ccccc1NC=[NH+]2,44,2.696662664413452,hdac2_cfd_pos
hdac2_inhibitor,HDAC2,inhibitor,B,Cn1cc(CN(c2ccccc2)c2ccccc2)c(NCCN2CCCC2=O)n1,Cn1cc(CN(c2ccccc2)c2ccccc2)c(NCCN2CCCC2=O)n1,45,2.6963605880737305,hdac2_cfd_pos
hdac2_inhibitor,HDAC2,inhibitor,B,C[N+]1=c2c(c(Cc3cccc4ccccc34)c3ccccc3[n+]2C)=CC1=O,C[N+]1=c2c(c(Cc3cccc4ccccc34)c3ccccc3[n+]2C)=CC1=O,46,2.6945788860321045,hdac2_cfd_pos
hdac2_inhibitor,HDAC2,inhibitor,B,CC(NCc1[nH]c2ccccc2c1CC1=C[NH+]=C2C(=O)N=CN=C12)c1ccccc1,CC(NCc1[nH]c2ccccc2c1CC1=C[NH+]=C2C(=O)N=CN=C12)c1ccccc1,47,2.6939713954925537,hdac2_cfd_pos
hdac2_inhibitor,HDAC2,inhibitor,B,CCCCN(CCc1cccc(C)c1)c1cnc(N)c2nccnc12,CCCCN(CCc1cccc(C)c1)c1cnc(N)c2nccnc12,48,2.6928493976593018,hdac2_cfd_pos
hdac2_inhibitor,HDAC2,inhibitor,B,Oc1cc2c3c(n(-c4ccccn4)c2cc1O)=NN1C=Nc2ccccc2C=C1C=3,Oc1cc2c3c(n(-c4ccccn4)c2cc1O)=NN1C=Nc2ccccc2C=C1C=3,49,2.692310571670532,hdac2_cfd_pos
hdac2_inhibitor,HDAC2,inhibitor,B,O=C1NC(=O)[N+](c2ccccc2)=C1N(CCc1ccccc1)Cc1ccccc1,O=C1NC(=O)[N+](c2ccccc2)=C1N(CCc1ccccc1)Cc1ccccc1,50,2.6911845207214355,hdac2_cfd_pos
hdac2_inhibitor,HDAC2,inhibitor,B,c1ccc(C2Oc3c(cnc4ccccc34)OC23CCNCC3)cc1,c1ccc(C2Oc3c(cnc4ccccc34)OC23CCNCC3)cc1,51,2.690046787261963,hdac2_cfd_pos
hdac2_inhibitor,HDAC2,inhibitor,B,C(=NNCc1ccccc1)c1cncnc1Nc1ccccc1,C(=NNCc1ccccc1)c1cncnc1Nc1ccccc1,52,2.689044713973999,hdac2_cfd_pos
hdac2_inhibitor,HDAC2,inhibitor,B,Cc1ccc(-c2nc(=O)n(C)c(=O)c3cc4ccccc4cc23)cc1,Cc1ccc(-c2nc(=O)n(C)c(=O)c3cc4ccccc4cc23)cc1,53,2.6879799365997314,hdac2_cfd_pos
hdac2_inhibitor,HDAC2,inhibitor,B,Cc1cc2nc(n1)NCCc1ccc(C)c(c1)OCCC[N+]2=Cc1cccnc1,Cc1cc2nc(n1)NCCc1ccc(C)c(c1)OCCC[N+]2=Cc1cccnc1,54,2.687975645065308,hdac2_cfd_pos
hdac2_inhibitor,HDAC2,inhibitor,B,COc1ccc(-c2ncnc3nc4nc5c(nc6ccccc6n5C)n4c23)cc1,COc1ccc(-c2ncnc3nc4nc5c(nc6ccccc6n5C)n4c23)cc1,55,2.6842225,hdac2_cfd_pos
hdac2_inhibitor,HDAC2,inhibitor,B,C1=NN=C2C(c3ccccc3)=c3ccc4ncccc4c3=C12.Cc1ccncc1C,C1=NN=C2C(c3ccccc3)=c3ccc4ncccc4c3=C12.Cc1ccncc1C,56,2.6841788291931152,hdac2_cfd_pos
hdac2_inhibitor,HDAC2,inhibitor,B,CCN(CC1=CN=c2cc3c(nc21)=C(c1ccccc1)C=N3)c1ccnc(F)c1,CCN(CC1=CN=c2cc3c(nc21)=C(c1ccccc1)C=N3)c1ccnc(F)c1,57,2.6840381622314453,hdac2_cfd_pos
hdac2_inhibitor,HDAC2,inhibitor,B,O=C(CN1C(=O)CCC(=O)N(Cc2ccccc2)C1=O)NCc1ccccc1,O=C(CN1C(=O)CCC(=O)N(Cc2ccccc2)C1=O)NCc1ccccc1,58,2.683143138885498,hdac2_cfd_pos
hdac2_inhibitor,HDAC2,inhibitor,B,CC(NC(=O)c1cc[nH]c1-n1[nH+]ccc1-c1ccccc1)c1ccccc1,CC(NC(=O)c1cc[nH]c1-n1[nH+]ccc1-c1ccccc1)c1ccccc1,59,2.679767847061157,hdac2_cfd_pos
hdac2_inhibitor,HDAC2,inhibitor,B,Cc1nc2c(nc(=NC3CCNCC3)nc3ccccc32)c2c1-c1ccccc1C2=O,Cc1nc2c(nc(=NC3CCNCC3)nc3ccccc32)c2c1-c1ccccc1C2=O,60,2.6788010597229004,hdac2_cfd_pos
hdac2_inhibitor,HDAC2,inhibitor,B,OC(=NCc1ccc(O)cc1)c1nn(-c2ccccc2)c2ncccc12,OC(=NCc1ccc(O)cc1)c1nn(-c2ccccc2)c2ncccc12,61,2.6783369,hdac2_cfd_pos
hdac2_inhibitor,HDAC2,inhibitor,B,C1=NC2=NC=C(CN3CCCC(C3)NCc3ccccc3-c3ccc(cc3)N2)N1,C1=NC2=NC=C(CN3CCCC(C3)NCc3ccccc3-c3ccc(cc3)N2)N1,62,2.678200483322144,hdac2_cfd_pos
hdac2_inhibitor,HDAC2,inhibitor,B,CCNc1nc(NCCCOc2ccccc2)nc(Nc2ccccc2)n1,CCNc1nc(NCCCOc2ccccc2)nc(Nc2ccccc2)n1,63,2.6775288581848145,hdac2_cfd_pos
hdac2_inhibitor,HDAC2,inhibitor,B,O=c1[nH]c(=O)[n+]2c3ccccc3n(-c3ccc(O)cc3)c2n1Cc1ccccc1,O=c1[nH]c(=O)[n+]2c3ccccc3n(-c3ccc(O)cc3)c2n1Cc1ccccc1,64,2.676180601119995,hdac2_cfd_pos
hdac2_inhibitor,HDAC2,inhibitor,B,NC(=O)c1ccc2c(c1)NC(c1ccccc1)=c1ccccc1=N2,NC(=O)c1ccc2c(c1)NC(c1ccccc1)=c1ccccc1=N2,65,2.672368,hdac2_cfd_pos
hdac2_inhibitor,HDAC2,inhibitor,B,Cc1ccc2c(C(=O)c3c(O)nc4ccccc4c3C)cc(N)nc2c1,Cc1ccc2c(C(=O)c3c(O)nc4ccccc4c3C)cc(N)nc2c1,66,2.672071695327759,hdac2_cfd_pos
hdac2_inhibitor,HDAC2,inhibitor,B,O=C1N=CN=C2N=c3nc(-c4ccccc4)cc(Nc4ccccc4)c3=C12,O=C1N=CN=C2N=c3nc(-c4ccccc4)cc(Nc4ccccc4)c3=C12,67,2.67140531539917,hdac2_cfd_pos
hdac2_inhibitor,HDAC2,inhibitor,B,CCC[n+]1c(-c2ccccc2)n(Cc2ccc[nH+]c2)c2c(=O)n(C)cnc21,CCC[n+]1c(-c2ccccc2)n(Cc2ccc[nH+]c2)c2c(=O)n(C)cnc21,68,2.6710941791534424,hdac2_cfd_pos
hdac2_inhibitor,HDAC2,inhibitor,B,OC(O)c1cc(N2CCCCCC2)nc(NCCc2ccccc2)n1,OC(O)c1cc(N2CCCCCC2)nc(NCCc2ccccc2)n1,69,2.67079496383667,hdac2_cfd_pos
hdac2_inhibitor,HDAC2,inhibitor,B,COc1ncc2c3c(c4ccccc4nc13)C(NC(N)c1ccccc1)CCN2,COc1ncc2c3c(c4ccccc4nc13)C(NC(N)c1ccccc1)CCN2,70,2.669179201126098,hdac2_cfd_pos
hdac2_inhibitor,HDAC2,inhibitor,B,CN1CC(CN2CCNCC2)CC(c2c(-c3ccccc3)ccc3ncccc23)C1,CN1CC(CN2CCNCC2)CC(c2c(-c3ccccc3)ccc3ncccc23)C1,71,2.667227029800415,hdac2_cfd_pos
hdac2_inhibitor,HDAC2,inhibitor,B,Cc1ncc(-c2cc(=O)n(C)cn2)c2nc(Nc3ccccc3)ccc12,Cc1ncc(-c2cc(=O)n(C)cn2)c2nc(Nc3ccccc3)ccc12,72,2.6665170192718506,hdac2_cfd_pos
hdac2_inhibitor,HDAC2,inhibitor,B,Cc1c[nH+]n(Cc2ccccc2)c1-c1cc(-c2ccc(C(=O)O)cc2)n[nH]1,Cc1c[nH+]n(Cc2ccccc2)c1-c1cc(-c2ccc(C(=O)O)cc2)n[nH]1,73,2.6650331020355225,hdac2_cfd_pos
hdac2_inhibitor,HDAC2,inhibitor,B,Fc1cccc(NC2=C3N=NN=C3N=C2c2ccccc2)c1,Fc1cccc(NC2=C3N=NN=C3N=C2c2ccccc2)c1,74,2.664755344390869,hdac2_cfd_pos
hdac2_inhibitor,HDAC2,inhibitor,B,CN(Cc1cc(Cc2ccccc2)[nH]c(=O)c1)C(=O)CCC(=O)N1CCCC1,CN(Cc1cc(Cc2ccccc2)[nH]c(=O)c1)C(=O)CCC(=O)N1CCCC1,75,2.6595308780670166,hdac2_cfd_pos
hdac2_inhibitor,HDAC2,inhibitor,B,O=C(c1ccccc1)C1Oc2nnc(-c3ccccc3)n2-c2ccc(O)cc21,O=C(c1ccccc1)C1Oc2nnc(-c3ccccc3)n2-c2ccc(O)cc21,76,2.659389972686768,hdac2_cfd_pos
hdac2_inhibitor,HDAC2,inhibitor,B,CC1=C2C=CN(Cc3[nH+]cc(C#N)nc3-c3ccc[nH+]c3)C=C2N(C)N1,CC1=C2C=CN(Cc3[nH+]cc(C#N)nc3-c3ccc[nH+]c3)C=C2N(C)N1,77,2.6587533950805664,hdac2_cfd_pos
hdac2_inhibitor,HDAC2,inhibitor,B,O=C1NCC(c2ccccc2)=NN=Cc2cccc3c2=Nc2c(cccc21)NC=3,O=C1NCC(c2ccccc2)=NN=Cc2cccc3c2=Nc2c(cccc21)NC=3,78,2.656347274780273,hdac2_cfd_pos
hdac2_inhibitor,HDAC2,inhibitor,B,OC(O)c1ccc(N2Cc3nc4ccccc4c(-n4cccc4)c3C2)cc1,OC(O)c1ccc(N2Cc3nc4ccccc4c(-n4cccc4)c3C2)cc1,79,2.652890920639038,hdac2_cfd_pos
hdac2_inhibitor,HDAC2,inhibitor,B,c1ccc(CC(c2nc[nH]n2)c2cccn3c(-c4ccc[nH+]c4)ccc23)cc1,c1ccc(CC(c2nc[nH]n2)c2cccn3c(-c4ccc[nH+]c4)ccc23)cc1,80,2.6519417762756348,hdac2_cfd_pos
hdac2_inhibitor,HDAC2,inhibitor,B,CCNc1c(C(=O)O)ccc2c1C=Cc1ncnc3c1c-2cn3C,CCNc1c(C(=O)O)ccc2c1C=Cc1ncnc3c1c-2cn3C,81,2.651592254638672,hdac2_cfd_pos
hdac2_inhibitor,HDAC2,inhibitor,B,CCCN1C2=CC=C(Oc3ccc(F)cc3)C=CC2=c2ccccc2=C1N,CCCN1C2=CC=C(Oc3ccc(F)cc3)C=CC2=c2ccccc2=C1N,82,2.651329040527344,hdac2_cfd_pos
hdac2_inhibitor,HDAC2,inhibitor,B,O=S(=O)(NCCC1=CC=CC2=CNC=CC2=N1)c1ccc2c(c1)[nH]c1ccccc12,O=S(=O)(NCCC1=CC=CC2=CNC=CC2=N1)c1ccc2c(c1)[nH]c1ccccc12,83,2.649607419967652,hdac2_cfd_pos
hdac2_inhibitor,HDAC2,inhibitor,B,O=c1ccc(Cc2nsc(Nc3ccccc3)n2)nc(N2CCCC2)n1,O=c1ccc(Cc2nsc(Nc3ccccc3)n2)nc(N2CCCC2)n1,84,2.649451971054077,hdac2_cfd_pos
hdac2_inhibitor,HDAC2,inhibitor,B,CC1=CC=NC2=C(SCC(=O)Nc3ccccc3)Nc3ccc[nH+]c3C2=C1,CC1=CC=NC2=C(SCC(=O)Nc3ccccc3)Nc3ccc[nH+]c3C2=C1,85,2.6447579860687256,hdac2_cfd_pos
hdac2_inhibitor,HDAC2,inhibitor,B,OC1=C2NC=CC=C2C=CC(c2ccc[nH+]c2-c2ccccc2)=C1,OC1=C2NC=CC=C2C=CC(c2ccc[nH+]c2-c2ccccc2)=C1,86,2.644562005996704,hdac2_cfd_pos
hdac2_inhibitor,HDAC2,inhibitor,B,NCc1nc2cccnc2c(N(CCc2ccccc2)c2ccccc2)nc1=O,NCc1nc2cccnc2c(N(CCc2ccccc2)c2ccccc2)nc1=O,87,2.64382004737854,hdac2_cfd_pos
hdac2_inhibitor,HDAC2,inhibitor,B,CCc1cccc2c(C=[N+]=C(C(=O)OC)c3ncc[nH]3)c3ccccc3nc12,CCc1cccc2c(C=[N+]=C(C(=O)OC)c3ncc[nH]3)c3ccccc3nc12,88,2.642497301101685,hdac2_cfd_pos
hdac2_inhibitor,HDAC2,inhibitor,B,O=c1nc2[nH+]c3ccccc3ccc-2c2c1cnc[n+]2-c1ccccc1,O=c1nc2[nH+]c3ccccc3ccc-2c2c1cnc[n+]2-c1ccccc1,89,2.6408729553222656,hdac2_cfd_pos
hdac2_inhibitor,HDAC2,inhibitor,B,O=c1nc[nH]c2c(CCC3CCOCCO3)cc(-c3ccccc3)nc12,O=c1nc[nH]c2c(CCC3CCOCCO3)cc(-c3ccccc3)nc12,90,2.6403441429138184,hdac2_cfd_pos
hdac2_inhibitor,HDAC2,inhibitor,B,Cc1ccc(-c2cc(C(=O)NC3CCNCC3)c3ccccc3n2)cc1,Cc1ccc(-c2cc(C(=O)NC3CCNCC3)c3ccccc3n2)cc1,91,2.639686107635498,hdac2_cfd_pos
hdac2_inhibitor,HDAC2,inhibitor,B,O=C(CN1CC1)NCc1cc(N(c2ccccc2)c2nc3ccccc3[nH]2)cc[nH+]1,O=C(CN1CC1)NCc1cc(N(c2ccccc2)c2nc3ccccc3[nH]2)cc[nH+]1,92,2.639199733734131,hdac2_cfd_pos
hdac2_inhibitor,HDAC2,inhibitor,B,Cc1c(C(=O)O)[nH+]n(C)c1C1CN(C2=CC=Cc3ccccc3N2)CCO1,Cc1c(C(=O)O)[nH+]n(C)c1C1CN(C2=CC=Cc3ccccc3N2)CCO1,93,2.63716459274292,hdac2_cfd_pos
hdac2_inhibitor,HDAC2,inhibitor,B,Cc1c(C)c(=O)[nH+]c2[nH]c(C(=O)NCc3ccccc3)c3ccccc3c1-2,Cc1c(C)c(=O)[nH+]c2[nH]c(C(=O)NCc3ccccc3)c3ccccc3c1-2,94,2.6342556476593018,hdac2_cfd_pos
hdac2_inhibitor,HDAC2,inhibitor,B,Nc1c2ccnc1CN1CC(CNc3cccnc3CNC2)c2ccccc21,Nc1c2ccnc1CN1CC(CNc3cccnc3CNC2)c2ccccc21,95,2.632331609725952,hdac2_cfd_pos
hdac2_inhibitor,HDAC2,inhibitor,B,Cc1ccc(-c2ccccc2)nc2c(NCc3ccncc3)nc(=N)nc1-2,Cc1ccc(-c2ccccc2)nc2c(NCc3ccncc3)nc(=N)nc1-2,96,2.63199782371521,hdac2_cfd_pos
hdac2_inhibitor,HDAC2,inhibitor,B,Cc1ccc2nc1NCCOc1ccccc1-c1cc([nH]n1)C(c1ccc[nH+]c1)NC2,Cc1ccc2nc1NCCOc1ccccc1-c1cc([nH]n1)C(c1ccc[nH+]c1)NC2,97,2.6312029361724854,hdac2_cfd_pos
hdac2_inhibitor,HDAC2,inhibitor,B,Clc1ccc(N2CCNC(c3cccnc3-c3ccccc3)C2)nc1,Clc1ccc(N2CCNC(c3cccnc3-c3ccccc3)C2)nc1,98,2.6309964656829834,hdac2_cfd_pos
hdac2_inhibitor,HDAC2,inhibitor,B,CC1=NC=NC2=C(N3CCCCC3c3cccc(C)c3)N=CNC2=C1N,CC1=NC=NC2=C(N3CCCCC3c3cccc(C)c3)N=CNC2=C1N,99,2.62970232963562,hdac2_cfd_pos
