canonical_smiles,campaigns_hit,targets_hit,n_campaigns,tier_A_hits,tier_B_hits,tier_C_hits
C#[N+]c1ccc(NS(=O)(=O)C2CCOCC2)cc1,['perp_genmol_hop'],['PERP'],1,1.0,0.0,0.0
C(=CCCCCCCC1CCCC1)CCCC=CCCCC1=CCCCC1,['cfl1_stabilizer'],['CFL1'],1,0.0,1.0,0.0
C(=CN1CCCC1)c1ccc2ccccc2c1.CC(=O)NNCCCOCCO,['limk1_activator_alphaC'],['LIMK1'],1,0.0,1.0,0.0
C(=CNC(c1ccccc1)c1ccccc1)CCCc1ccccc1,['mdm2_activator'],['MDM2'],1,1.0,0.0,0.0
C(=CNNN=NN=Nc1ncnc2ccccc12)NN=Nc1ccccc1,['cfl1_stabilizer'],['CFL1'],1,0.0,1.0,0.0
C(=C[C@@H]1CNCCO1)C(=CC1=CC=NC(c2cc[nH+]cc2)=CN1)c1ccccc1,['mdm2_activator'],['MDM2'],1,1.0,0.0,0.0
C(=NN=NN=NNCCNNc1ccc(-c2ccccc2)cc1)c1ccccc1,['cfl1_stabilizer'],['CFL1'],1,0.0,1.0,0.0
C(=NNCc1ccccc1)c1cncnc1Nc1ccccc1,['hdac2_inhibitor'],['HDAC2'],1,0.0,1.0,0.0
C(=NNc1nc[nH]c2c(-c3ccccc3)cnc1-2)c1cccc2ccccc12,['mdm2_activator'],['MDM2'],1,1.0,0.0,0.0
C(=Nc1nccc(-c2ccc(-c3ccc4ccccc4c3)cc2)[nH+]1)c1cnn[nH]1,['cdk5_activator_p25iface'],['CDK5'],1,0.0,1.0,0.0
C(CNN=[N+]=NN=Nc1ccc2ccccc2c1)=NN=Cc1ccccc1,['cfl1_stabilizer'],['CFL1'],1,0.0,1.0,0.0
C(CNc1[nH]cnc2cnnc1-2)=NN=Nc1nnc(Nc2ccccc2)[nH+]n1,['cfl1_stabilizer'],['CFL1'],1,0.0,1.0,0.0
C(Cc1cccc[nH+]1)=NNc1cc[n+](C2CCNCC2)c2ccccc12,['perp_pocket3_alphaC'],['PERP'],1,1.0,0.0,0.0
C(Nc1cccc(CN2CCCCC2)c1)=C1NN=C(c2ccccc2)O1,['musk_activator_alphaC'],['MuSK'],1,1.0,0.0,0.0
C.O=C(O)c1cccc2c1[C@H]1C=CCC=C[C@@H]1C2=O.OCc1cccnc1,['musk_activator_alphaC'],['MuSK'],1,1.0,0.0,0.0
C/C(=N\C(=O)COc1ccccc1)c1cccc(CN2C=CC=COC=CC=N2)c1,['musk_activator_alphaC'],['MuSK'],1,1.0,0.0,0.0
C/C=C\c1ccc(NS(=O)(=O)C2CCOCC2)cc1,['perp_genmol_hop'],['PERP'],1,1.0,0.0,0.0
C1=C(c2ccc3c(c2)OCO3)Nc2ccncc2C(c2ccc3ccccc3c2)=N1,['mdm2_activator'],['MDM2'],1,1.0,0.0,0.0
C1=C(c2ccc3ncccc3c2)c2c(-c3ccncc3)cnc3cccc(c23)O1,['mdm2_activator'],['MDM2'],1,1.0,0.0,0.0
C1=C(c2ccccc2)Nc2ccccc2C(OCc2ccc[nH+]c2)=C1,['mdm2_activator'],['MDM2'],1,1.0,0.0,0.0
C1=C2CNCCc3cccc(c3)Nc3cc(nc[nH+]3)Cn3ccc(c3=C1)=CN2,['mdm2_activator'],['MDM2'],1,1.0,0.0,0.0
C1=C2Cn3cnnc3CCCCOc3cccc(c3)CNC2=CC=C(c2ccccc2)N1,['mdm2_activator'],['MDM2'],1,1.0,0.0,0.0
C1=C2c3ccccc3Cc3nccn3CCC(=N1)Nc1ccccc12,['mdm2_activator'],['MDM2'],1,1.0,0.0,0.0
C1=CC(C2CCN2Cc2ccc[nH+]c2)=CC2=Cc3ccccc3NC2=C1,['mtor_inhibitor'],['mTOR'],1,0.0,0.0,1.0
C1=CC(c2cc[nH+]c(Cc3ccc(N4CCCCCC4)cc3)n2)=CC2=CNC=NC2=C1,['jak2_inhibitor'],['JAK2'],1,0.0,0.0,1.0
C1=CC2=CC3=CNC2=CC=C1CNCCCNc1[nH+]ccc2occ3c12,['mdm2_activator'],['MDM2'],1,1.0,0.0,0.0
C1=CC=C(N2CC3CCNC3C2)c2[nH]c3nc4ccccc4[nH+]c3c2C=C1,['mtor_inhibitor'],['mTOR'],1,0.0,0.0,1.0
C1=CC=C(NNN=CCCCC=NC=C2CCC3CCCCC23)NN=C1,['limk1_activator_alphaC'],['LIMK1'],1,0.0,1.0,0.0
C1=CC=C2C(=CNc3c2c2nc4ccccc4[nH+]c2n3Cc2ccc[nH+]c2)C=C1,['jak2_inhibitor'],['JAK2'],1,0.0,0.0,1.0
C1=CC=C2N=C(NCc3cc4ccccc4[n+]4c[nH]nc34)NC=C2C=C1,['jak2_inhibitor'],['JAK2'],1,0.0,0.0,1.0
C1=CC=C2NC=C(C3=NN=C4C(c5ccccc5)=c5ccsc5=[N+]34)C=C2C=C1,['mtor_inhibitor'],['mTOR'],1,0.0,0.0,1.0
C1=CCC2=C=C3OC=CC3CC2C=1.COC(=O)NNCCc1ccccc1,['limk1_activator_alphaC'],['LIMK1'],1,0.0,1.0,0.0
C1=CN(c2ccnc(Cc3ccccc3)n2)c2cccc(-c3ccccc3)c2N=C1,['limk2_atp_inhibitor'],['LIMK2'],1,0.0,0.0,1.0
C1=CN=C(NNN=NN=C(c2ccccc2)c2c[nH]c3ccccc23)CC1,['cfl1_stabilizer'],['CFL1'],1,0.0,1.0,0.0
C1=CNC(N=c2[nH]c2=NNc2cnc3c(N4CCCC4)cncc3c2)N=N1,['dok7_binder'],['DOK7'],1,1.0,0.0,0.0
C1=CNC(c2ccccc2Cn2ccnc2)=CC(c2cn[nH]c2)=C1,['mdm2_activator'],['MDM2'],1,1.0,0.0,0.0
C1=CNC2=NC=NC=C(CN3CCCC[C@@H]3c3ccccc3)C2=C1,['mdm2_activator'],['MDM2'],1,1.0,0.0,0.0
C1=CNC=C(CC[N@@H+]2CCc3cnc4ccccc4c3C[C@H]2c2cccc[nH+]2)C=C1,['mdm2_activator'],['MDM2'],1,1.0,0.0,0.0
C1=CNc2cc(C3CNCCN3Cc3cccc(-c4ccc[nH+]c4)c3)cnc2N=C1,['jak2_inhibitor'],['JAK2'],1,0.0,0.0,1.0
C1=CNc2nc(cs2)-c2cncc(c2)Oc2ccc3c(cccc3c2)CN=C1,['mdm2_activator'],['MDM2'],1,1.0,0.0,0.0
C1=Cc2c3c(cc[n+]2=N1)=NC(NC1CC2CNCCC2CC1Oc1ccccc1)=N3,['rock1_inhibitor_atp'],['ROCK1'],1,0.0,0.0,1.0
C1=Cc2ccc(Nc3nc4c[nH+]ccc4nc3-c3ccccc3)cc2C=CN1,['jak2_inhibitor'],['JAK2'],1,0.0,0.0,1.0
C1=Cc2cccc(c2)CN(Cc2ccccc2)Cc2cccn3cc(nc23)C=NC1,['mdm2_activator'],['MDM2'],1,1.0,0.0,0.0
C1=Cc2n[nH+]c3cccnc3c2C=C2Nc3ccccc3N=C12,['mtor_inhibitor'],['mTOR'],1,0.0,0.0,1.0
C1=Cn2[nH+]nnc2C2=Nc3ccccc3NC2=N1.c1ccc2ccccc2c1,['hdac2_inhibitor'],['HDAC2'],1,0.0,1.0,0.0
C1=NC2=C3C(=CNc4ccccc43)CCCN(c3cc[nH+]cc3)C2=[NH+]1,['mdm2_activator'],['MDM2'],1,1.0,0.0,0.0
C1=NC2=NC=C(CN3CCCC(C3)NCc3ccccc3-c3ccc(cc3)N2)N1,['hdac2_inhibitor'],['HDAC2'],1,0.0,1.0,0.0
C1=NC2=NCCN3C[C@H](NCC(=C1)N2)c1ncnc2cccc(c12)[C@H]3c1ccccc1,['mdm2_activator'],['MDM2'],1,1.0,0.0,0.0
C1=NCC2NCC3CC=CC=1C32.CC1CCC=CC2=NNC=CC21,['limk1_activator_alphaC'],['LIMK1'],1,0.0,1.0,0.0
C1=NCCc2ccc3cccc4ncc(c-4c3c2)-c2cccc(c2)-c2ccccc21,['mdm2_activator'],['MDM2'],1,1.0,0.0,0.0
C1=NN=C2C(c3ccccc3)=c3ccc4ncccc4c3=C12.Cc1ccncc1C,['hdac2_inhibitor'],['HDAC2'],1,0.0,1.0,0.0
C1=Nc2c(Cc3cccc4ccncc34)ccc3nc4ccccc4c(c23)N=C1,['mdm2_activator'],['MDM2'],1,1.0,0.0,0.0
C1=Nc2ccncc2[C@@H]1CCOc1cccc2c1=C1C(=Nc3ccccc31)N=2,['mdm2_activator'],['MDM2'],1,1.0,0.0,0.0
C1=Nc2ncnc3c2=C1Cc1c(Cc2ccccc2)cccc1N=3,['pak1_activator_alphaC'],['PAK1'],1,0.0,1.0,0.0
C1=Nc2ncnc3nc(-c4ccc5ccc(N6CCCC6)cc5c4)nc1c23,['mtor_inhibitor'],['mTOR'],1,0.0,0.0,1.0
C1CC2CCC1CCC(C1ON3C4CNCC4CC4CC5OC5C(O4)OC13)C2,['pak4_activator_alphaC'],['PAK4'],1,0.0,1.0,0.0
C=C(C(C1=NC(c2ccc(OCC(=O)O)cc2)=C1)=[N+](C)C)c1ccc(OC)cc1,['cdk5_activator_p25iface'],['CDK5'],1,0.0,1.0,0.0
C=C(C)c1ccc(NS(=O)(=O)C2CCOCC2)cc1,['perp_genmol_hop'],['PERP'],1,1.0,0.0,0.0
C=C(Cc1cnc2ccccc2c1)NS(=O)(=O)c1ccc2ncccc2c1,['mdm2_activator'],['MDM2'],1,1.0,0.0,0.0
C=C(N=CCNc1cc(C)[nH+]cn1)[C@H]1Cc2cc3c(cc2O1)NN=C(S)N=C3,['cfl1_stabilizer'],['CFL1'],1,0.0,1.0,0.0
C=C(O)C(C)C1C=CC(OCCO)CC1.COCCCCc1cnccn1,['limk1_activator_alphaC'],['LIMK1'],1,0.0,1.0,0.0
C=C1C(C)CC2(C(=O)NCC3C(O)CC(C)C(O)C3C)CCCC1C2C,['pak4_activator_alphaC'],['PAK4'],1,0.0,1.0,0.0
C=C1C2CC3C(NC4NC4CC(O)CCO)CC4CC5(C)CCC1C5(C2)C43C.O,['pak4_activator_alphaC'],['PAK4'],1,0.0,1.0,0.0
C=C1C2CC3C4CCC5C(CC(C53)C1(C)CN2C1CCN(NO)C(O)C1)C1=CCCC14,['pak4_activator_alphaC'],['PAK4'],1,0.0,1.0,0.0
C=C1C2CCC(C)C3(CCCCC23)C1CCC1N[SH]=CC(O)OC(=O)C1C,['pak4_activator_alphaC'],['PAK4'],1,0.0,1.0,0.0
C=C1CC([N+]#[N+]c2ccc3nc(C)nc-3cc2)CC2OC(=O)C(O)C12,['rock2_activator_alphaC'],['ROCK2'],1,1.0,0.0,0.0
C=C1CC1C(O)NCNCC1(O)CC2(C)C(C)CC1CC1CC12CC(C)C(C)C,['pak4_activator_alphaC'],['PAK4'],1,0.0,1.0,0.0
C=C1CC2(C)CC(CC3CCCC(O)C(O)C(C)C3)CC1(O)CC2C(C)(C)O,['pak4_activator_alphaC'],['PAK4'],1,0.0,1.0,0.0
C=C1COC2CCC(N=COc3cc(N)c(N4CCCNCC4)cc3O)CC12,['dok7_binder'],['DOK7'],1,1.0,0.0,0.0
C=C1N=C(NCCc2ccc(F)cc2)NN=C(N2CCN(Cc3ccc(O)cc3)CC2)C1=O,['musk_activator_alphaC'],['MuSK'],1,1.0,0.0,0.0
C=C1N=CC=C2CCCC12.CC(NCNc1nccn1C)=C1CCCN1,['limk1_activator_alphaC'],['LIMK1'],1,0.0,1.0,0.0
C=C1N=CN=[N+]1c1ccc2cccc(-c3ccc(C(=O)O)cc3)c2c1,['pak1_activator_alphaC'],['PAK1'],1,0.0,1.0,0.0
C=C1N=NC(c2ccc(OC)cc2)=[N+]1Cc1cccc2ccccc12,['mdm2_activator'],['MDM2'],1,1.0,0.0,0.0
C=C1N=c2c(-c3cc(OC)c4[nH]c5ccccc5nc3-4)nn(C)c2=NC1C,['mtor_inhibitor'],['mTOR'],1,0.0,0.0,1.0
C=C1[C@@H]([C@]2(C)CCC[C@@H]3C(=O)CC[C@]32C)C(=O)C[C@@]12CC[C@H]1c3ccccc3O[C@H]1C2,['musk_activator_alphaC'],['MuSK'],1,1.0,0.0,0.0
C=CC(N)CNC(=O)c1ccc(CN2CCC(Nc3ccccc3C#N)CC2)cc1,['dok7_binder'],['DOK7'],1,1.0,0.0,0.0
C=CC1=CC(=O)C2C(=O)C(=c3c(C=C(C)C(=O)O)c(C)oc3=C)C(=O)C2=C1,['mdm2_activator'],['MDM2'],1,1.0,0.0,0.0
C=CCC1C(CCC(C2CCN(C)CC2)C2CCC3CCCC32)CCNC1O,['pak4_activator_alphaC'],['PAK4'],1,0.0,1.0,0.0
C=CNc1ccc(NS(=O)(=O)C2CCOCC2)cc1,['perp_genmol_hop'],['PERP'],1,1.0,0.0,0.0
C=Cc1ccc(NS(=O)(=O)C2CCOCC2)cc1,['perp_genmol_hop'],['PERP'],1,1.0,0.0,0.0
C=[N+]1C2=CC(=Nc3ccccc3)N[C@@H](N)[C@H]2NC1=Nc1cccc(OCC)c1,['musk_activator_alphaC'],['MuSK'],1,1.0,0.0,0.0
CC#Cc1ccc(NS(=O)(=O)C2CCOCC2)cc1,['perp_genmol_hop'],['PERP'],1,1.0,0.0,0.0
CC(=CCCCNCNc1cc[n+](C)cn1)NC=NC1=CCCC2CCCC=C12,['limk1_activator_alphaC'],['LIMK1'],1,0.0,1.0,0.0
CC(=CC[C@H]1CCC[C@H](O)CC1)c1c[nH]c(-c2cc(C)[nH+]c3ccccc23)c1,['musk_activator_alphaC'],['MuSK'],1,1.0,0.0,0.0
CC(=Cc1cc(O)cc(O)c1)c1cc2ccccc2[nH]1,['agrin_lg3_modulator'],['AGRIN'],1,1.0,0.0,0.0
CC(=N)N=[N+]1C2C=CC=CN3C(=O)CC(=O)C(C(=O)C4CN(C)CC41)C23,['pak4_activator_alphaC'],['PAK4'],1,0.0,1.0,0.0
CC(=NN=c1[nH]c(-c2ccc3c(c2)OCCO3)cc(=O)[nH]1)c1cccc(O)c1,['cfl1_stabilizer'],['CFL1'],1,0.0,1.0,0.0
CC(=NNC(=O)N1CCCNCC1)NC(=O)NCc1ccc2ccn(C)c2c1,['musk_activator_alphaC'],['MuSK'],1,1.0,0.0,0.0
CC(=Nc1ccnc2c(-c3ccccc3)cn-2n1)C1Nc2ccccc2N1,['musk_activator_alphaC'],['MuSK'],1,1.0,0.0,0.0
CC(=O)C1=C(C)c2nc(CNNN=Cc3cccnc3)nc3cccc1c23,['dok7_binder'],['DOK7'],1,1.0,0.0,0.0
CC(=O)C1C(c2cccc(CCC(=O)O)c2)N=C2C(=O)CC3CCCC1C23,['rock2_activator_alphaC'],['ROCK2'],1,1.0,0.0,0.0
CC(=O)N(CO)N=Cc1ccc2c(c1)NC(=O)c1ncnc(N)c1C(=O)N2,['musk_activator_alphaC'],['MuSK'],1,1.0,0.0,0.0
CC(=O)N(Cc1ccc2c(c1)C[C@H](C)N2)C1=NC(Nc2ccccc2)=C(N)C(C)=CN1,['mdm2_activator'],['MDM2'],1,1.0,0.0,0.0
CC(=O)N(c1ccc(Cc2ccccc2)cc1)c1ccc(-c2nnn[nH]2)cc1,['cdk5_activator_p25iface'],['CDK5'],1,0.0,1.0,0.0
CC(=O)N1CC(=NCc2ccc3ncccc3c2)c2ccc(C(=O)O)cc21,['musk_activator_alphaC'],['MuSK'],1,1.0,0.0,0.0
CC(=O)N1CCC(n2cc(C(=O)NCCc3ccccc3)c3ccccc32)C1,['jak2_inhibitor'],['JAK2'],1,0.0,0.0,1.0
CC(=O)N1CCN(C(=O)NC2CC(O)C(O)C(C(O)S)C2)CC1,['pak4_activator_alphaC'],['PAK4'],1,0.0,1.0,0.0
CC(=O)N1CCN2c3nc4c5c(c6cnccc6c(n35)[C@@H]2C1)C=CC=C4,['limk2_atp_inhibitor'],['LIMK2'],1,0.0,0.0,1.0
CC(=O)NC1=C2C(=Nc3c2cnc2ccccc32)N(C)C1=O,['mdm2_activator'],['MDM2'],1,1.0,0.0,0.0
CC(=O)NC1=CC(c2nc3ccc(C)ccc-3n2)=Cc2c(C)ccc3onc1c23,['cdk5_activator_p25iface'],['CDK5'],1,0.0,1.0,0.0
CC(=O)NC1=NN2C(=Cc3ccccc3C(O)=C2OCc2cccc(F)c2F)N1,['mdm2_activator'],['MDM2'],1,1.0,0.0,0.0
CC(=O)NC1CCN(Cc2cc(Oc3ccc(F)cc3)cc([SH](=O)(O)O)n2)C1,['dusp1_inhibitor'],['DUSP1'],1,0.0,1.0,0.0
CC(=O)NC1COC(Oc2ccc(C)c(=O)n2Cc2ccccc2)C1OP(=O)(O)O,['dusp1_inhibitor'],['DUSP1'],1,0.0,1.0,0.0
CC(=O)NCCCN1CC(NCCN2CCCC2)CC1c1ccc2c(=O)[nH]ccc2c1,['rock1_inhibitor_atp'],['ROCK1'],1,0.0,0.0,1.0
CC(=O)NCCCNN=Nc1nc2c3c(cccc3n1)C=Nc1cc(C)ccc1-2,['cfl1_stabilizer'],['CFL1'],1,0.0,1.0,0.0
CC(=O)NCCCNc1c(C(=O)O)ccc(-c2ccccc2)c1-c1ccccc1,['limk2_atp_inhibitor'],['LIMK2'],1,0.0,0.0,1.0
CC(=O)NCCCOC(c1ccc2c(N)nccc2c1)C1CCCNCC1,['rock1_inhibitor_atp'],['ROCK1'],1,0.0,0.0,1.0
CC(=O)NCCNC(=O)N1CCC(NC(=O)c2noc(C3CCCCC3)n2)CC1,['musk_activator_alphaC'],['MuSK'],1,1.0,0.0,0.0
CC(=O)NCCNC(=O)c1c[nH]c(-c2ccc3cc(N)ccc3c2F)c1,['musk_activator_alphaC'],['MuSK'],1,1.0,0.0,0.0
CC(=O)NCCOCNCc1ccccc1.Nc1ccccc1Br,['limk1_activator_alphaC'],['LIMK1'],1,0.0,1.0,0.0
CC(=O)NCc1ccc(NC(=O)Cc2ccc(CC3CCCO3)cc2)cc1,['dok7_binder'],['DOK7'],1,1.0,0.0,0.0
CC(=O)NN(c1ccc2n[nH]cc2c1)c1ncc(-c2c[nH+]n(CCCN)c2)c[nH+]1,['musk_activator_alphaC'],['MuSK'],1,1.0,0.0,0.0
CC(=O)N[C@H](c1cnon1)[C@@H](Nc1nc(C)cc(-c2ccccc2)n1)c1ccccc1,['limk2_atp_inhibitor'],['LIMK2'],1,0.0,0.0,1.0
CC(=O)N[C@]1(C)C(=O)Nc2cccc(F)c2Nc2ccnc3cccc1c23,['mdm2_activator'],['MDM2'],1,1.0,0.0,0.0
CC(=O)Nc1ccc(N(CCCCN)CC2=CC3=C(C)C=NC(=O)C3=C2)cc1,['rock1_inhibitor_atp'],['ROCK1'],1,0.0,0.0,1.0
CC(=O)Nc1ccc(NC2=CC=c3ccncc3=Nc3nn(C)cc32)cc1,['jak2_inhibitor'],['JAK2'],1,0.0,0.0,1.0
CC(=O)Nc1ccc([C@@H](NN=NC2=CC(=O)NNN2)c2ccccn2)cc1,['cfl1_stabilizer'],['CFL1'],1,0.0,1.0,0.0
CC(=O)Nc1ccc2[nH]c(-c3ccc(C)cc3)c3c(=O)ncnc-3c2c1,['limk2_atp_inhibitor'],['LIMK2'],1,0.0,0.0,1.0
CC(=O)Nc1ccc2c(c1)C(O)=C1C(=O)[N+](CCc3ccc(C)cc3C)=CC(N)=C12,['musk_activator_alphaC'],['MuSK'],1,1.0,0.0,0.0
CC(=O)Nc1ccc2c(c1)NC(O)=C(O)C(N[C@@H]1C[C@H]3CCC[C@]1(C)CC3)=N2,['mdm2_activator'],['MDM2'],1,1.0,0.0,0.0
CC(=O)Nc1ccc2c(c1)nc(N1CC[C@@H](O)C1)c1nc(N)ncc12,['cfl1_stabilizer'],['CFL1'],1,0.0,1.0,0.0
CC(=O)Nc1ccc2c(c1)ncc1c(-c3cccc(-c4cccc(C)c4C)c3)ccnc12,['dok7_binder'],['DOK7'],1,1.0,0.0,0.0
CC(=O)Nc1cccc(NC(=O)c2csc(N=C(C)NCc3ccsc3)c2)c1,['musk_activator_alphaC'],['MuSK'],1,1.0,0.0,0.0
CC(=O)Nc1cccc(O[C@@H](C)C(=O)N[C@@H](C(N)=O)c2ccccn2)c1,['mdm2_activator'],['MDM2'],1,1.0,0.0,0.0
CC(=O)Nc1cccc2c1cnc1sc(C(=O)c3cccc(F)c3)nc12,['pak1_activator_alphaC'],['PAK1'],1,0.0,1.0,0.0
CC(=O)Nc1cnc(Oc2ccc(C(=O)Nc3cccc4ccccc34)cc2)cn1,['cfl1_stabilizer'],['CFL1'],1,0.0,1.0,0.0
CC(=O)Nc1nc2c(nc[nH+]1)nc(C)[n+]1c3ccccc3c(-c3ccccc3)c21,['mdm2_activator'],['MDM2'],1,1.0,0.0,0.0
CC(=O)Nc1nc2c3c(ccc4[nH+]cc(c43)-c3cccc(F)c3CO2)[nH]1,['mtor_inhibitor'],['mTOR'],1,0.0,0.0,1.0
CC(=O)Nc1ncc(Cc2cccc3nc(C)ccc23)c(Nc2ccccn2)n1,['mdm2_activator'],['MDM2'],1,1.0,0.0,0.0
CC(=O)OCCOCOCCOCOCCOCCOCCOCCOCCOCCO,['cfl1_stabilizer'],['CFL1'],1,0.0,1.0,0.0
CC(=O)ONCC=C1C=CC(C#CCc2ccnc(N3CCOCC3)c2)C=C1,['limk1_activator_alphaC'],['LIMK1'],1,0.0,1.0,0.0
CC(=O)Oc1ccc(-c2cc([SH](=O)(O)O)nc(-c3ccc(F)cc3F)n2)cc1,['dusp1_inhibitor'],['DUSP1'],1,0.0,1.0,0.0
CC(=O)Oc1ccc2cc(C)c3c(C)cc(-c4ccccc4)c4ccc1c2c43,['musk_activator_alphaC'],['MuSK'],1,1.0,0.0,0.0
CC(=O)[C@H]1Cc2ccccc2N[C@H]1c1cncc(-c2ccc3c(c2)CCCC3)n1,['musk_activator_alphaC'],['MuSK'],1,1.0,0.0,0.0
CC(=O)c1cccc(NC(=O)[C@H]2[C@@H](O)[C@H](O)[C@@H](O)[C@H](O)[C@@H]2[C@H](C)O)c1,['musk_activator_alphaC'],['MuSK'],1,1.0,0.0,0.0
CC(=O)c1nn(-c2cccc(-c3cc(-c4cccc(C)c4)ncn3)c2)nc1C,['musk_activator_alphaC'],['MuSK'],1,1.0,0.0,0.0
CC(C(O)O)C(O)C1NCC1COC1CCCN(c2ccccc2)CC1,['pak4_activator_alphaC'],['PAK4'],1,0.0,1.0,0.0
CC(C)(C)CN1C(=O)[C@@H]2[C@H]1c1ccccc1C(=O)N2c1ccccc1,['musk_activator_alphaC'],['MuSK'],1,1.0,0.0,0.0
CC(C)(C)CN1CCN(C2=c3ccccc3=Nc3cccc(N)c3N2)CC1,['musk_activator_alphaC'],['MuSK'],1,1.0,0.0,0.0
CC(C)(C)CNC(=O)[C@@H]1CN(c2ccccc2)C(=O)C[C@H]1N1CCCC1,['musk_activator_alphaC'],['MuSK'],1,1.0,0.0,0.0
CC(C)(C)NC(=O)C[n+]1cnc2c(-c3ccccc3)nc3ccccc3nc1-2,['mtor_inhibitor'],['mTOR'],1,0.0,0.0,1.0
CC(C)(C)NC1=C(O)c2ccccc2NC(c2cccc(S(N)(=O)=O)c2)=C1,['mdm2_activator'],['MDM2'],1,1.0,0.0,0.0
CC(C)(C)[N+]1=C2N=CC(C(=O)NC[C@H]3Cc4cnc5ncccc5c4O3)=C2C(=N)N1,['mdm2_activator'],['MDM2'],1,1.0,0.0,0.0
CC(C)(C)c1c[nH]c(=O)c2c1=NC=2c1ccc(-c2ccccc2)cc1,['cdk5_activator_p25iface'],['CDK5'],1,0.0,1.0,0.0
CC(C)(C)c1cc(C(=O)N2CCCC2)nc(Cc2ccccc2)n1,['perp_pocket3_alphaC'],['PERP'],1,1.0,0.0,0.0
CC(C)(C)c1ccccc2nc(N[C@@H](c3ccc4nncn4c3)c3ccccn3)nc1-2,['mdm2_activator'],['MDM2'],1,1.0,0.0,0.0
CC(C)(C)c1ncc2c(n1)C1(CCCC1)C(=O)N(Cc1cccc(C(=N)N)c1)C2,['musk_activator_alphaC'],['MuSK'],1,1.0,0.0,0.0
CC(C)(C)n1cc(C(=O)NCc2cc(F)c[nH]2)c(-c2[nH+]ccc3ccccc23)[nH+]1,['perp_pocket3_alphaC'],['PERP'],1,1.0,0.0,0.0
CC(C)(COc1cccc(-c2ccccn2)n1)NC(=O)OC1CCNCC1,['musk_activator_alphaC'],['MuSK'],1,1.0,0.0,0.0
CC(C)(Nc1cc2c3ccnc-3cc[nH]c-2nc1=O)c1ccc2c(c1)OCCO2,['dusp1_inhibitor'],['DUSP1'],1,0.0,1.0,0.0
CC(C)(O)ONC(N)=NCc1ccc2c(c1)N(C(=O)c1cccc(O)c1)C(=O)C2,['musk_activator_alphaC'],['MuSK'],1,1.0,0.0,0.0
CC(C)(O)[N+]1=CNCc2ccc(Cc3c(O)ccc4ccccc34)cc2C1,['mdm2_activator'],['MDM2'],1,1.0,0.0,0.0
CC(C)C(=N)CCCCN1CCCc2c(-c3c[nH]c4ccccc34)c[nH]c2C1,['musk_activator_alphaC'],['MuSK'],1,1.0,0.0,0.0
CC(C)C1CCC2CCCCC2C(COC2C(=O)C2OC(O)C(O)C(C)O)C1,['pak4_activator_alphaC'],['PAK4'],1,0.0,1.0,0.0
CC(C)CC(=O)Nc1nnc(Cn2cc(C[C@@]3(C)Cc4ccccc4O3)c3ccccc32)s1,['musk_activator_alphaC'],['MuSK'],1,1.0,0.0,0.0
CC(C)CC1=C(O)C(=O)C(=CN(C)C)[C@@H](O)c2c1ccc1ccccc21,['musk_activator_alphaC'],['MuSK'],1,1.0,0.0,0.0
CC(C)CC1=C2CC[C@@H]3[C@H]4CC(C(=O)O)=C[C@H]4C[C@@H]4CC[C@](C)(C1=O)[C@@H]2[C@H]43,['musk_activator_alphaC'],['MuSK'],1,1.0,0.0,0.0
CC(C)CCC(O)=N[C@H](C)C=CN=C1C[C@H](c2ccccc2)[C@@H]2CCCN12,['musk_activator_alphaC'],['MuSK'],1,1.0,0.0,0.0
CC(C)CCCC(NC1CCCCC1)NC1CC2CC2C(O)C(O)C(O)O1,['pak4_activator_alphaC'],['PAK4'],1,0.0,1.0,0.0
CC(C)CCCCCCNC(=O)c1ccc(NC(=O)NCc2ccccc2)cc1,['musk_activator_alphaC'],['MuSK'],1,1.0,0.0,0.0
CC(C)CCCCCCNc1ccc2c(CCC(=O)O)cccc2c1,['musk_activator_alphaC'],['MuSK'],1,1.0,0.0,0.0
CC(C)CCCCc1nc(C2=CC=C3C2=[S+]c2ncccc23)no1,['musk_activator_alphaC'],['MuSK'],1,1.0,0.0,0.0
CC(C)CCN(Cc1nc2cccc[n+]2c2nc(N)ncc12)C1CCCCC1,['hdac2_inhibitor'],['HDAC2'],1,0.0,1.0,0.0
CC(C)CCNC(=O)Cc1cccc(Nc2cccc(-c3ccccn3)c2)c1,['musk_activator_alphaC'],['MuSK'],1,1.0,0.0,0.0
CC(C)CCNC(=O)c1cc(NC(=O)c2ccc(N3CCCCC3)nc2)ccc1Cl,['musk_activator_alphaC'],['MuSK'],1,1.0,0.0,0.0
CC(C)CCNC(=O)c1cn2nc(CNC(C)(C)CC[C@@H]3CCCN(C)C3)cc2[nH]1,['musk_activator_alphaC'],['MuSK'],1,1.0,0.0,0.0
CC(C)CC[C@]1(O)C[C@@H]2[C@H]3CC[C@@H](C[C@@H]2[C@@H]1C)[C@H](C(=O)c1cnccc1O)C3,['musk_activator_alphaC'],['MuSK'],1,1.0,0.0,0.0
CC(C)CCc1nnc(-c2cccc(NC(=O)c3nnc4ccccc4n3)c2)o1,['musk_activator_alphaC'],['MuSK'],1,1.0,0.0,0.0
CC(C)CNC(O)c1ccc(C(=O)C=Cc2ccc3cnccc3c2)cc1,['dok7_binder'],['DOK7'],1,1.0,0.0,0.0
CC(C)COc1ccc2[nH+]c(-c3cc[n+](Cc4ccccc4)cc3)n3cccc3c2c1,['musk_activator_alphaC'],['MuSK'],1,1.0,0.0,0.0
CC(C)N(C)C(=O)C1=NC(c2ccc(F)cc2)=NC(Nc2cccc(O)c2)C1,['jak2_inhibitor'],['JAK2'],1,0.0,0.0,1.0
CC(C)N(c1ccccc1)c1cc2[nH+]cccc2c2c1c(=O)[nH]c1ccccc12,['mdm2_activator'],['MDM2'],1,1.0,0.0,0.0
CC(C)N1C(=O)[C@H](Cc2ccccc2)n2c1nc1ccccc1c2=O,['musk_activator_alphaC'],['MuSK'],1,1.0,0.0,0.0
CC(C)N1NN(Cc2nc3ccccc3[nH+]c2-c2ccccc2)c2ncncc21,['perp_pocket3_alphaC'],['PERP'],1,1.0,0.0,0.0
CC(C)NC(=O)[C@H]1CCCc2ccc(NC(=O)CCc3ccc(O)cc3)cc2O1,['musk_activator_alphaC'],['MuSK'],1,1.0,0.0,0.0
CC(C)NS(=O)(=O)c1ccc(OCC(=O)N2CC[C@@H](OCc3ccccc3)C2)cc1,['musk_activator_alphaC'],['MuSK'],1,1.0,0.0,0.0
CC(C)N[C@@H](C(=O)O)c1nc2ccccc2n(CC2CCCC2)c1=O,['musk_activator_alphaC'],['MuSK'],1,1.0,0.0,0.0
CC(C)Nc1cc2cc(-c3cc[nH+]c(-[n+]4ccco4)n3)ccc2cc1-c1cnc[nH]1,['musk_activator_alphaC'],['MuSK'],1,1.0,0.0,0.0
CC(C)Nc1ccc(NS(=O)(=O)C2CCOCC2)cc1,['perp_genmol_hop'],['PERP'],1,1.0,0.0,0.0
CC(C)OC(=O)c1c(O)c(C(=O)Nc2ccccc2)cc2ccccc12,['limk2_atp_inhibitor'],['LIMK2'],1,0.0,0.0,1.0
CC(C)OC(=O)c1ccc2c(c1)=C(c1ccc(O)c(O)c1)Nc1ccccc1N=2,['mdm2_activator'],['MDM2'],1,1.0,0.0,0.0
CC(C)[SH](=O)(O)CCCn1ccc2c3ccc(NC(=O)N(C)C)cc3oc(=O)c21,['musk_activator_alphaC'],['MuSK'],1,1.0,0.0,0.0
CC(C)c1c(O)c(CCN(C)O)c2c3c(nc4ccccc42)C(=O)C=C(O)c13,['musk_activator_alphaC'],['MuSK'],1,1.0,0.0,0.0
CC(C)c1c[nH]c(COCc2ccc(NC(=O)N3CCCC3)[nH+]c2)c1,['musk_activator_alphaC'],['MuSK'],1,1.0,0.0,0.0
CC(C)c1cc2c(c3c1oc1c4ccccc4c[n+](CC(=O)O)c(=O)c13)OCO2,['mtor_inhibitor'],['mTOR'],1,0.0,0.0,1.0
CC(C)c1ccc(NS(=O)(=O)C2CCOCC2)cc1,['perp_genmol_hop'],['PERP'],1,1.0,0.0,0.0
CC(C)c1ccc(S(=O)(=O)N2CCNC2)cc1,['perp_genmol_hop'],['PERP'],1,1.0,0.0,0.0
CC(C1CCNCC1)N(C(=O)c1cccc2cnccc12)c1cccc(O)n1,['rock1_inhibitor_atp'],['ROCK1'],1,0.0,0.0,1.0
CC(CC(=O)O)Nc1ccc(-c2ccc(=O)[nH]c2)cc1-c1ccccc1,['jak2_inhibitor'],['JAK2'],1,0.0,0.0,1.0
CC(CCCc1cnc[nH]1)=Nc1ccc2cc(C(=O)NC(C)C)ccc2c1,['musk_activator_alphaC'],['MuSK'],1,1.0,0.0,0.0
CC(CCN1CCCN(c2ccccc2)CC1)=NC[C@@H]1CCN(C)C[C@H]1C,['musk_activator_alphaC'],['MuSK'],1,1.0,0.0,0.0
CC(CCc1cnc2[nH]cccc1-2)N(CCCNC(N)=O)CCc1ccccc1,['rock1_inhibitor_atp'],['ROCK1'],1,0.0,0.0,1.0
CC(Cn1ccc2c(N)ncnc21)N1CCC2NCc3ccccc3CC2C1,['rock1_inhibitor_atp'],['ROCK1'],1,0.0,0.0,1.0
CC(N)c1ccc(NS(=O)(=O)C2CCOCC2)cc1,['perp_genmol_hop'],['PERP'],1,1.0,0.0,0.0
CC(NC(=O)C1=C2C=c3ccccc3=C2C(c2ccc(Cl)cc2)=C1)C(=O)O,['jak2_inhibitor'],['JAK2'],1,0.0,0.0,1.0
CC(NC(=O)c1cc[nH]c1-n1[nH+]ccc1-c1ccccc1)c1ccccc1,['hdac2_inhibitor'],['HDAC2'],1,0.0,1.0,0.0
CC(NCc1[nH]c2ccccc2c1CC1=C[NH+]=C2C(=O)N=CN=C12)c1ccccc1,['hdac2_inhibitor'],['HDAC2'],1,0.0,1.0,0.0
CC(Nc1cnc(OCCCCC(=O)O)cc1-c1ccccc1)c1ccco1,['dok7_binder'],['DOK7'],1,1.0,0.0,0.0
CC(Nc1nnc(-c2ccccc2)o1)=C1CN(c2ccccc2)[C@H](CO)C1=O,['musk_activator_alphaC'],['MuSK'],1,1.0,0.0,0.0
CC(O)C(=O)C1CCC2C3C(C=C4CCCC(C)C2C42CC32)C1,['limk1_activator_alphaC'],['LIMK1'],1,0.0,1.0,0.0
CC(O)C(CCC1CCC2CC(CN)CCC3C1CCCC23)CC(N)O,['pak4_activator_alphaC'],['PAK4'],1,0.0,1.0,0.0
CC(O)C(CCCC=CCC1C=CCCCC1)C1C(C(=O)O)SC(O)C1O,['pak4_activator_alphaC'],['PAK4'],1,0.0,1.0,0.0
CC(O)C(O)CC(CC(O)O)OOCCc1c[nH]c2ccccc12,['pak4_activator_alphaC'],['PAK4'],1,0.0,1.0,0.0
CC(O)C(Oc1ccc2c(N)nccc2c1)C1CC(c2ccccc2)CN1C,['rock1_inhibitor_atp'],['ROCK1'],1,0.0,0.0,1.0
CC(O)C1C(O)CCOOC(O)C2C(CC3CC4CC5CC35CC(C)(O)CC43CC3)C12,['pak4_activator_alphaC'],['PAK4'],1,0.0,1.0,0.0
CC(O)C1C2OC(O)(C(O)O)C(O)C2CN1C1C=C2CCCC(C)C(C)(C1)C2C,['pak4_activator_alphaC'],['PAK4'],1,0.0,1.0,0.0
CC(O)C1CC2CCC3OCCC3C2C1.Cc1cnccc1OCn1cnnc1,['limk1_activator_alphaC'],['LIMK1'],1,0.0,1.0,0.0
CC(O)CC=COCCCCO.CN(C)Cc1ccc(-c2ccc(O)nc2)cc1,['limk1_activator_alphaC'],['LIMK1'],1,0.0,1.0,0.0
CC(O)N=C1CC(C)C(C2CC(O)C3CCCC4OC4C(O)OCC3S2)C(C2CC2)C1,['pak4_activator_alphaC'],['PAK4'],1,0.0,1.0,0.0
CC(O)NCCNCCC1C=C(F)C=C(Oc2cccnc2Oc2ccccc2)C1,['limk1_activator_alphaC'],['LIMK1'],1,0.0,1.0,0.0
CC(O)c1ccc(NS(=O)(=O)C2CCOCC2)cc1,['perp_genmol_hop'],['PERP'],1,1.0,0.0,0.0
CC(O)c1ccc(S(=O)(=O)N2CCCC2)cc1,['perp_genmol_hop'],['PERP'],1,1.0,0.0,0.0
CC(OC(O)C1OC1O)C1CC2(C=C3C=CC=C=C3CC2)CC2C(C)N12,['pak4_activator_alphaC'],['PAK4'],1,0.0,1.0,0.0
CC(c1ccc(F)cc1)n1nnc(C(=O)O)c1C(=O)Nc1ccccn1,['dusp1_inhibitor'],['DUSP1'],1,0.0,1.0,0.0
CC1(C)C(O)=NCc2ccc(C(N)=O)nc2OCCCCCCCc2cc1ccc2F,['mdm2_activator'],['MDM2'],1,1.0,0.0,0.0
CC1(C)C=CC(N2C(=O)CCC2CC2COCC3CN(CN3)C(C)(O)C2O)CCC1,['pak4_activator_alphaC'],['PAK4'],1,0.0,1.0,0.0
CC1(C)CC(NCC2C(O)C(O)C3COOCC23)CCC1C1CCCCC1,['pak4_activator_alphaC'],['PAK4'],1,0.0,1.0,0.0
CC1(C)CC(OC(=O)c2ccc(-c3cn[nH]c3)cc2O)CC(C)(C)N1,['smn2_splice_genmol_hop'],['SMN2'],1,1.0,0.0,0.0
CC1(C)CC(Oc2ccc(-c3ccccc3O)nn2)CC(C)(C)N1,['smn2_splice_genmol_hop'],['SMN2'],1,1.0,0.0,0.0
CC1(C)CC2(C)CCC1CC2C(=O)CCC(O)C1SC(C)(C(O)O)ON1O,['pak4_activator_alphaC'],['PAK4'],1,0.0,1.0,0.0
CC1(C)CC2=c3c(c(-c4ccco4)ccc3=NC3=Cc4ccccc4N=CC3=C2)C1=O,['musk_activator_alphaC'],['MuSK'],1,1.0,0.0,0.0
CC1(C)CC2CC2=C2C3(C1)NC(=O)C1=CC(NNCc4ccncn4)CC123,['limk1_activator_alphaC'],['LIMK1'],1,0.0,1.0,0.0
CC1(C)CC2CC=C3CC(C4C5CC(CC(=O)O)CC(O)C56ON46)CC1C3C2,['pak4_activator_alphaC'],['PAK4'],1,0.0,1.0,0.0
CC1(C)CC2OC3CC(CC4OC4C2C2C=CC(O)CC21)[N+](=O)CC3=O,['pak4_activator_alphaC'],['PAK4'],1,0.0,1.0,0.0
CC1(C)CCC2C(CC3CC(NC(=O)C4CCC(O)CC5OC54)CN32)C1,['pak4_activator_alphaC'],['PAK4'],1,0.0,1.0,0.0
CC1(C)CCCC2C(=O)CC3CC4CC(O)C5COOCCC5CC4CC3C21,['pak4_activator_alphaC'],['PAK4'],1,0.0,1.0,0.0
CC1(C)CCc2ccc3c(c(O)c2CC1)c1cccc2c4ccccc4[n+]3c21,['musk_activator_alphaC'],['MuSK'],1,1.0,0.0,0.0
CC1(C)CN[C@@H](C[n+]2ccccc2)[C@H]([n+]2cnc3c4ccccc4cccc2-3)C1,['mdm2_activator'],['MDM2'],1,1.0,0.0,0.0
CC1(C)Cc2cccc3c2[C@@H]1CC[C@@H]3c1nccc2c(NCCCN)cccc12,['musk_activator_alphaC'],['MuSK'],1,1.0,0.0,0.0
CC1(C)NC[C@H](NCC(=O)Nc2nnc(CN3CCC(N)CC3)o2)[C@H]1O,['musk_activator_alphaC'],['MuSK'],1,1.0,0.0,0.0
CC1(C)ONC[C@@H]1[C@H](O)Nc1cc2cc(F)ccc2c2ccccc12,['mdm2_activator'],['MDM2'],1,1.0,0.0,0.0
CC12C(CCC1NCC1CC(O)CNC(O)C1)CC(C=N)C1CCCCC12,['pak4_activator_alphaC'],['PAK4'],1,0.0,1.0,0.0
CC12C(O)CC3(CCCC34CC14)C(=O)CC2CN1CC(=O)C1CC=O,['pak4_activator_alphaC'],['PAK4'],1,0.0,1.0,0.0
CC12C=C1C1C(=CC2)CC(NN=NC=CCOCCOc2ccccc2)CC1O,['limk1_activator_alphaC'],['LIMK1'],1,0.0,1.0,0.0
CC12CC(C3CCN(O)NOC4(O)OC4(O)C3)CC1C1CCC2C(O)C1,['pak4_activator_alphaC'],['PAK4'],1,0.0,1.0,0.0
CC12CC3CC(CC(C3)C(NC3CC(O)C4COC5CCCNC5OOC34)C1)C2,['pak4_activator_alphaC'],['PAK4'],1,0.0,1.0,0.0
CC12CCC3(CC1)C1C(=CCC=C1CC3(C)NCC1CCCC(C(O)O)N1)C2,['pak4_activator_alphaC'],['PAK4'],1,0.0,1.0,0.0
CC12CCC3C(C(O)C4CC4OC=C[n+]4ccccc4)OCC(C31)C1(O)CC21,['rock2_activator_alphaC'],['ROCK2'],1,1.0,0.0,0.0
CC12CCCC3CCC1CC(NC(=O)CC(CC=O)C(O)C(O)C1OOC1O)C32C,['pak4_activator_alphaC'],['PAK4'],1,0.0,1.0,0.0
CC1=C(C)C(C)(C)[C@@H]2CC[C@@H](C(=O)Nc3cccc(F)c3F)C[C@H](O)[C@H]2C1,['musk_activator_alphaC'],['MuSK'],1,1.0,0.0,0.0
CC1=C(C)C2CCCCC2C(NOC2COCCC3CN2C(O)CCCC3=O)C1,['pak4_activator_alphaC'],['PAK4'],1,0.0,1.0,0.0
CC1=C(C)[N+]2=Nc3ccc(C=[N+]=NC4C=Cc5ccccc5N4)c(O)c3C2=C1C,['dok7_binder'],['DOK7'],1,1.0,0.0,0.0
CC1=C(CCN2C=NCC2)C2(CC2)C(C)(C)[C@H]2C(=O)C(Cc3ccc(O)cc3)=C[C@H]12,['musk_activator_alphaC'],['MuSK'],1,1.0,0.0,0.0
CC1=C(NC[C@@H]2CCN(c3ccc(C)cc3)C2)CC=C(c2ccccc2)N1,['musk_activator_alphaC'],['MuSK'],1,1.0,0.0,0.0
CC1=C(O)C(O)=C2c3ccccc3Nc3cccc(c32)N1c1ccc(=O)[nH]c1,['mdm2_activator'],['MDM2'],1,1.0,0.0,0.0
CC1=C(O)OC(C(:Cc2cccc(O)c2)c2ccc(O)c(O)c2)=C2C=CC=CC=C12,['musk_activator_alphaC'],['MuSK'],1,1.0,0.0,0.0
CC1=C(c2[nH]nc3ccccc23)C(=O)[N+](c2ccc(CCN3CCCOCC3)cc2)=N1,['musk_activator_alphaC'],['MuSK'],1,1.0,0.0,0.0
CC1=C2C(=CC=[N+]2CCNC(CCCc2ccccc2)C(=O)NC2CCCCC2)C(N)=N1,['rock1_inhibitor_atp'],['ROCK1'],1,0.0,0.0,1.0
CC1=C2C(=O)N(CCCN(C)C)C3=CCCC(=C32)N=C(c2ccc(F)cc2)C=C1,['musk_activator_alphaC'],['MuSK'],1,1.0,0.0,0.0
CC1=C2C(=O)NCCn3cc(c(-c4ccccc4)n3)CNC(=O)C3=CN(N1)[N+]2=CC=C3,['mdm2_activator'],['MDM2'],1,1.0,0.0,0.0
CC1=C2C=CN(Cc3[nH+]cc(C#N)nc3-c3ccc[nH+]c3)C=C2N(C)N1,['hdac2_inhibitor'],['HDAC2'],1,0.0,1.0,0.0
CC1=C2C[C@@]3(C)CCCC[C@H]3[C@@H]2[C@H]2CC(=C[C@H]3O[C@H](O)C[C@@H](O)[C@@H]3O)[C@H](O)C[C@@H]2C1,['musk_activator_alphaC'],['MuSK'],1,1.0,0.0,0.0
CC1=C2[C@@H](C=CC[C@@H]2O)[C@H]2CC[C@@H](C[C@H](C)Cc3ccc(O)cc3)CC[C@@H]2C1,['musk_activator_alphaC'],['MuSK'],1,1.0,0.0,0.0
CC1=CC(=O)CC1=CC1CC=CC1COCC(C)NOCCCNC(C)O,['limk1_activator_alphaC'],['LIMK1'],1,0.0,1.0,0.0
CC1=CC(=O)[n+]2occ3c(-c4c[nH]c5ccccc45)c4[nH]ccc4c1c32,['mdm2_activator'],['MDM2'],1,1.0,0.0,0.0
CC1=CC(C)C2C(=C1)CCC1C(C3CN(C(O)C4CO4)N(CO)S3)=CCCC12,['pak4_activator_alphaC'],['PAK4'],1,0.0,1.0,0.0
CC1=CC([C@H](C(N)=O)c2ccc(-c3ccc4ncccc4c3)cc2)C(=O)CCC1,['limk2_atp_inhibitor'],['LIMK2'],1,0.0,0.0,1.0
CC1=CC=C(NCCCc2ccccc2)N=C(c2ccccc2)N1,['musk_activator_alphaC'],['MuSK'],1,1.0,0.0,0.0
CC1=CC=C2C1=Cc1sc3cc(C(=O)NCCC(=O)O)cc(O)c3c12,['cdk5_activator_p25iface'],['CDK5'],1,0.0,1.0,0.0
CC1=CC=CC2=c3c(ccc4c(=O)nc[nH]c34)=C(C(=O)Nc3cccc(F)c3F)OC2=C1,['mtor_inhibitor'],['mTOR'],1,0.0,0.0,1.0
CC1=CC=NC2=C(SCC(=O)Nc3ccccc3)Nc3ccc[nH+]c3C2=C1,['hdac2_inhibitor'],['HDAC2'],1,0.0,1.0,0.0
CC1=CCCC(C2=C(N)C(=O)C(C)(C)[C@@H](NC(=O)c3ccc(F)c(C)c3)C2=O)=C1,['musk_activator_alphaC'],['MuSK'],1,1.0,0.0,0.0
CC1=CC[C@H](c2cccc3ccc(C(=O)O)cc23)N(CC(C)C)CC1,['limk2_atp_inhibitor'],['LIMK2'],1,0.0,0.0,1.0
CC1=CCc2cc3cccnc3cc2C(=O)[C@@H]1N=C(O)C1=CC=C(O)CC1,['musk_activator_alphaC'],['MuSK'],1,1.0,0.0,0.0
CC1=CN=C2C=CC(C(=O)NCC(=O)NCC3CCCCCC3)=CC=C2N1,['musk_activator_alphaC'],['MuSK'],1,1.0,0.0,0.0
CC1=CN=c2c(ccc3c2=C([C@@H](c2ccccc2)c2cn[nH]n2)N=CN3)N1,['mdm2_activator'],['MDM2'],1,1.0,0.0,0.0
CC1=CNC(c2ccccc2)=CC(N2C[C@@H](O)[C@H](O)[C@H](OP(=O)(O)O)C2)=C1,['musk_activator_alphaC'],['MuSK'],1,1.0,0.0,0.0
CC1=CNC=C(N[C@@H](C)[C@@H](O)NCc2ccc(-c3cccc[nH+]3)cc2)C(C)=C1O,['musk_activator_alphaC'],['MuSK'],1,1.0,0.0,0.0
CC1=COP(=O)(O)OCCC2CC2C(OP(=O)(O)O)n2c(nc3c(N)ncnc32)NC1,['dusp1_inhibitor'],['DUSP1'],1,0.0,1.0,0.0
CC1=NC2C3C=CCC=C3C=C(COC(CSN(O)O)C3CCC3O)C(C)C2N1,['pak4_activator_alphaC'],['PAK4'],1,0.0,1.0,0.0
CC1=NC=NC2=C(N3CCCCC3c3cccc(C)c3)N=CNC2=C1N,['hdac2_inhibitor'],['HDAC2'],1,0.0,1.0,0.0
CC1=NN(c2ccc(Cn3ccnc3)cc2)C2=CN(c3ccc(C)cc3)N[C@H]21,['musk_activator_alphaC'],['MuSK'],1,1.0,0.0,0.0
CC1=NNC=C2C=CC(N3CC4CN(Cc5ccccc5)CC(C)C43)=CC=C21,['rock1_inhibitor_atp'],['ROCK1'],1,0.0,0.0,1.0
CC1=Nc2ccnc3c2NC(=C1)N1CCC[C@H](C1)c1ccccc1OCC(=O)N3,['limk2_atp_inhibitor'],['LIMK2'],1,0.0,0.0,1.0
CC1=[NH+]C2=c3ccccc3=C(c3cc([C@@H]4CCCN4c4ccccc4)n(C)c3)[N+]2=C1,['mdm2_activator'],['MDM2'],1,1.0,0.0,0.0
CC1=c2cc3c(nc2NC=N1)=[NH+]c1ccccc1N3C(C)c1ccoc1C,['pak1_activator_alphaC'],['PAK1'],1,0.0,1.0,0.0
CC1=c2ccccc2=Nc2c(cc3nonc3c2NC2CCCNCC2)O1,['mtor_inhibitor'],['mTOR'],1,0.0,0.0,1.0
CC1C(=O)CC=CC2C1CC(C=COCCc1nnc[nH]1)C2C1=CC1O,['limk1_activator_alphaC'],['LIMK1'],1,0.0,1.0,0.0
CC1C(Cc2cc([N+](=O)O)cc3nonc23)NCCN1c1ccc([N+](=O)O)cc1,['dusp1_inhibitor'],['DUSP1'],1,0.0,1.0,0.0
CC1C(O)CC2CCC(C3CO3)C2N1OOC(=O)N1CCCc2ccccc21,['pak4_activator_alphaC'],['PAK4'],1,0.0,1.0,0.0
CC1C([NH+]2Cc3ccccc3C2)CCN1CCC[n+]1cccc2c(N)nccc21,['rock1_inhibitor_atp'],['ROCK1'],1,0.0,0.0,1.0
CC1C2(C)CCCC1(C)C(CNC1CCC3CCCOC4(O)C(O)C4C31)CC2=O,['pak4_activator_alphaC'],['PAK4'],1,0.0,1.0,0.0
CC1C2C(NOC(CN3CCCCC3)c3cccc(N)c3)CNCC3(O)CC3OC12O,['pak4_activator_alphaC'],['PAK4'],1,0.0,1.0,0.0
CC1C2CCC(=O)CC2C=C(OOC2C3CON4CCCN(CN3)C24)C1(C)C,['pak4_activator_alphaC'],['PAK4'],1,0.0,1.0,0.0
CC1C2CCCCC2C2CCC(C)(C)C(O)CC12CCCC1NCNCCC1O,['pak4_activator_alphaC'],['PAK4'],1,0.0,1.0,0.0
CC1C2CNCCCC2C(=O)N(c2ccc3c(c2)C=NC3=O)C1CCc1ccccc1,['rock1_inhibitor_atp'],['ROCK1'],1,0.0,0.0,1.0
CC1C=C2CC3CCC4CN5CCC(C(=O)O)C(=O)CN5N4CC3CC2CC1,['pak4_activator_alphaC'],['PAK4'],1,0.0,1.0,0.0
CC1C=CC2C(=C1)CC(=COC1CC3COCCBCC1C3O)C1CC3CC1C2(C)C3,['pak4_activator_alphaC'],['PAK4'],1,0.0,1.0,0.0
CC1C=CC2C3=C(N=C4C=CC=CCC43)C(NCC3NC(O)CCC3N)CCN2C1,['pak4_activator_alphaC'],['PAK4'],1,0.0,1.0,0.0
CC1CC(NCCCC(=O)O)CC1NCC1=CCC2CCCCCC12,['limk1_activator_alphaC'],['LIMK1'],1,0.0,1.0,0.0
CC1CC2CC3(CC2C2C4CNCCC(O)C5CCCN5C42)C(C)CCCC13C,['pak4_activator_alphaC'],['PAK4'],1,0.0,1.0,0.0
CC1CC2CC3C(C)C(=O)CCC3C2C2C(O1)C(O)C(O)C21CC1O,['pak4_activator_alphaC'],['PAK4'],1,0.0,1.0,0.0
CC1CC2CC3CCC(C2)C1(CCN(N)C1COCc2ccccc2C1=O)C3,['pak4_activator_alphaC'],['PAK4'],1,0.0,1.0,0.0
CC1CC2CCC(CC3OCCCC(=O)CO3)N2C(C2C=CCCC2)C1,['pak4_activator_alphaC'],['PAK4'],1,0.0,1.0,0.0
CC1CC2CCCC1(C=CC1C(CCOC3OON3O)C3(O)C(O)N13)CC2,['pak4_activator_alphaC'],['PAK4'],1,0.0,1.0,0.0
CC1CC=C2N=CN(c3nc(=O)[nH]c(=N)[nH]3)c3cc(CCCC(=O)O)nc1c32,['mdm2_activator'],['MDM2'],1,1.0,0.0,0.0
CC1CC=CC(O)C1=O.COC1=CC2=CC=CNC2=CC=C1.OCc1ccccc1,['limk1_activator_alphaC'],['LIMK1'],1,0.0,1.0,0.0
CC1CC=CC2C1C(OCC1COCCC(O)C1C)CCC21CCN(C)C1,['pak4_activator_alphaC'],['PAK4'],1,0.0,1.0,0.0
CC1CCC(O)C2OC2C2(C1)CC1Cc3ccccc3OC1=C2O,['rock2_activator_alphaC'],['ROCK2'],1,1.0,0.0,0.0
CC1CCCC(=CCNN2Cc3nccn4c3c(c3cc(N)ccc34)C2)C1=O,['rock2_activator_alphaC'],['ROCK2'],1,1.0,0.0,0.0
CC1CCCC(CCC(C(O)O)C(COO)C(=O)O)C(c2cccc(N)c2)C1,['pak4_activator_alphaC'],['PAK4'],1,0.0,1.0,0.0
CC1CCCC(O)CC(NCC2C=CCC=C3C=CCC=C32)C(=O)COC1O,['pak4_activator_alphaC'],['PAK4'],1,0.0,1.0,0.0
CC1CN(C2CCC(O)C(O)C(O)C2)CC2(C)C1C1CC3CC(C)(C1=O)C2(C)C3,['pak4_activator_alphaC'],['PAK4'],1,0.0,1.0,0.0
CC1CN(c2ccc3cc[nH]c(=O)c3c2)CCN1CCC(=O)Nc1ccccc1,['rock1_inhibitor_atp'],['ROCK1'],1,0.0,0.0,1.0
CC1NCCN(Cc2ccccc2)CC1Cn1ccc2c(N)ncnc21,['rock1_inhibitor_atp'],['ROCK1'],1,0.0,0.0,1.0
CC1NN=C(c2cccc(C=CC(=O)Nc3ccccc3)c2)O1,['dok7_binder'],['DOK7'],1,1.0,0.0,0.0
CC1OC(COCCN2CCC3C4=CCCC5=C4C(CCC5)CCC32)C2CC12,['pak4_activator_alphaC'],['PAK4'],1,0.0,1.0,0.0
CC1OC(NCCC2CC(=O)Nc3ccccc32)OC23C(=O)C1COC2CCCC3O,['pak4_activator_alphaC'],['PAK4'],1,0.0,1.0,0.0
CC1OC2C=C(Nc3cc4c(F)cccc4c4ccc(C(=O)O)nc34)CC2C1=O,['rock2_activator_alphaC'],['ROCK2'],1,1.0,0.0,0.0
CC=C1C(C=Cc2ccc(O)cc2)COC1CN=CC=CNCCOCC,['limk1_activator_alphaC'],['LIMK1'],1,0.0,1.0,0.0
CC=C1C=CCC(CN(CC)C(=O)C2CCc3cc(C)c[n+]4c3C2OOO4)CC1,['pak4_activator_alphaC'],['PAK4'],1,0.0,1.0,0.0
CC=CCC1=C2CCCCCCCC=CCC[C@@H]([C@H]3CN3)CCN2CC1,['musk_activator_alphaC'],['MuSK'],1,1.0,0.0,0.0
CC=CCCC(CNC(=O)c1cccc2c(=O)[nH]ccc12)CN(C)CC,['rock1_inhibitor_atp'],['ROCK1'],1,0.0,0.0,1.0
CC=Cc1ccc(NS(=O)(=O)C2CCOCC2)cc1,['perp_genmol_hop'],['PERP'],1,1.0,0.0,0.0
CC=NN1C(=O)NC2=C(CCCC2)[C@@H]1CCCCC(=O)c1ccc(O)c(C)c1,['musk_activator_alphaC'],['MuSK'],1,1.0,0.0,0.0
CC=Nc1ccc(NS(=O)(=O)C2CCOCC2)cc1,['perp_genmol_hop'],['PERP'],1,1.0,0.0,0.0
CCC(=O)C1CC1C=NCc1[nH]nc2c(Nc3ccc(C)cc3)ncnc12,['dok7_binder'],['DOK7'],1,1.0,0.0,0.0
CCC(=O)Nc1cc(-c2ccccc2)cc(-c2cc(C(=O)O)no2)c1,['mdm2_activator'],['MDM2'],1,1.0,0.0,0.0
CCC(C)c1ccc(NS(=O)(=O)C2CCOCC2)cc1,['perp_genmol_hop'],['PERP'],1,1.0,0.0,0.0
CCC(Oc1cccc2cncnc12)C(=O)NC1CCNCC1c1ccccc1,['rock1_inhibitor_atp'],['ROCK1'],1,0.0,0.0,1.0
CCC(c1ccccc1)n1cc(Cn2cnc3ccccc32)nc1N1CCNCC1,['rock1_inhibitor_atp'],['ROCK1'],1,0.0,0.0,1.0
CCC1=Nc2c(-c3ccccc3)cc(C)cc2N2C(Cc3ccccc3)=C12,['musk_activator_alphaC'],['MuSK'],1,1.0,0.0,0.0
CCC1=[N+]2C=C(c3ccc(O)cc3)N=C2C(c2cc(O)[nH+]c3ccccc23)=C1,['mtor_inhibitor'],['mTOR'],1,0.0,0.0,1.0
CCC1=c2c(ccc3c2=Cc2ccc4c(c2C3=O)OC[C@H](C)CO4)N=C1CCCN,['musk_activator_alphaC'],['MuSK'],1,1.0,0.0,0.0
CCC1CCC(OCC2C(O)c3c[nH]cc3CC2(O)O)ON1c1ccc(N)cc1,['pak4_activator_alphaC'],['PAK4'],1,0.0,1.0,0.0
CCC=CC=CC=CCCCCCCNc1cnc2c(ccc3cc(C)ccc32)c1,['cfl1_stabilizer'],['CFL1'],1,0.0,1.0,0.0
CCC=CC=CCC=NN=Nc1cc(-c2cccc(NO)c2F)c(O)c(C)n1,['cfl1_stabilizer'],['CFL1'],1,0.0,1.0,0.0
CCCC(=O)N1CCN2C3=C(C(=O)C(=O)C=C3)c3ccccc3C2C1,['dusp1_inhibitor'],['DUSP1'],1,0.0,1.0,0.0
CCCC(=O)NCC1CCN(c2ccc(OC3=CNC=CC=C3)cc2)CC1,['dok7_binder'],['DOK7'],1,1.0,0.0,0.0
CCCC(=O)NNCC1=c2ccccc2=C(c2ccc(F)cc2)N=CN1,['mtor_inhibitor'],['mTOR'],1,0.0,0.0,1.0
CCCC(=O)[n+]1c2cccc(OCc3ccccc3)nc-2c2ccccc21,['musk_activator_alphaC'],['MuSK'],1,1.0,0.0,0.0
CCCCC(=O)Nc1nccc(N2CCN(C(O)N3CCOCC3)CC2)n1,['mdm2_activator'],['MDM2'],1,1.0,0.0,0.0
CCCCC1=C(C(=O)N=C[C@H](CNC)c2ccc(F)cc2)C(=O)[C@@H]2C[C@H](C)CN2C1=O,['musk_activator_alphaC'],['MuSK'],1,1.0,0.0,0.0
CCCCCC(=O)Nc1ccc(C(=O)Nc2nc3ccccc3nc2C(=O)N(C)C)cc1,['musk_activator_alphaC'],['MuSK'],1,1.0,0.0,0.0
CCCCCCCC=CCNN=NN=CC1=CC=C(c2cc[nH+]c(C)c2)C=CN1,['cfl1_stabilizer'],['CFL1'],1,0.0,1.0,0.0
CCCCCCCCCCC(=O)O[C@H]1C(=O)O[C@@H](C(O)=CCCC(C)C)C[C@@H]1O,['musk_activator_alphaC'],['MuSK'],1,1.0,0.0,0.0
CCCCCCCCCCCC(=O)Nc1cc[n+](Cc2ccccc2)cc1C,['musk_activator_alphaC'],['MuSK'],1,1.0,0.0,0.0
CCCCCCCCCCCCCOC(=O)c1ccc(Cn2ccc([N+](=O)O)n2)cc1,['cfl1_stabilizer'],['CFL1'],1,0.0,1.0,0.0
CCCCCCCCCCCCN(CCCCc1ccccc1N)[C@@H](O)[C@H](C)O,['musk_activator_alphaC'],['MuSK'],1,1.0,0.0,0.0
CCCCCCCCCCn1cc(CN2C(=O)[C@H](C)Oc3cnc(OC)cc32)cn1,['musk_activator_alphaC'],['MuSK'],1,1.0,0.0,0.0
CCCCCCCCCc1cccc(NCc2cccc3c(O)c(C(=O)O)ccc23)c1,['musk_activator_alphaC'],['MuSK'],1,1.0,0.0,0.0
CCCCCCCCNC(=O)CNC(=O)C(C)NCCCc1ccccc1,['dok7_binder'],['DOK7'],1,1.0,0.0,0.0
CCCCCCCNC(=O)Nc1cc2ccccc2nc1-c1cnc(C)nc1,['cfl1_stabilizer'],['CFL1'],1,0.0,1.0,0.0
CCCCCCCON=CC1C=C2CN(CCOC)NC2CC1O,['limk1_activator_alphaC'],['LIMK1'],1,0.0,1.0,0.0
CCCCCCN1CCCc2[nH]c(NCCNC)nc3c4cc(C)ccc4c1c2-3,['musk_activator_alphaC'],['MuSK'],1,1.0,0.0,0.0
CCCCCCN=CC=CCC=CCNCCCCNCC1OCCO1,['limk1_activator_alphaC'],['LIMK1'],1,0.0,1.0,0.0
CCCCCCNC(=N)c1nc(C)cnc1SCC(=O)NCCc1cccs1,['musk_activator_alphaC'],['MuSK'],1,1.0,0.0,0.0
CCCCCCNC(=O)C(c1cccc2ccccc12)N1CCN(C)CC1,['jak2_inhibitor'],['JAK2'],1,0.0,0.0,1.0
CCCCCCNC(=O)c1c2ccccc2nc2cc(N)ncc12,['jak2_inhibitor'],['JAK2'],1,0.0,0.0,1.0
CCCCCC[C@H](C)CCCCc1cccc(CCNC(=O)NC2CCCCC2)c1,['musk_activator_alphaC'],['MuSK'],1,1.0,0.0,0.0
CCCCCCn1cnc2nc(C)n3nc(COc4ccc(OC)cc4)nc3c21,['dok7_binder'],['DOK7'],1,1.0,0.0,0.0
CCCCCNc1ccc(Nc2nc3ccccc3c3ccncc23)cc1,['musk_activator_alphaC'],['MuSK'],1,1.0,0.0,0.0
CCCCCOc1cccc(C(=O)NCC2=[N+](CC)C(=O)c3ccccc32)c1,['musk_activator_alphaC'],['MuSK'],1,1.0,0.0,0.0
CCCCC[C@H](CC=CCCCC=CCCCC(=O)O)CC=CCCC(=O)O,['cfl1_stabilizer'],['CFL1'],1,0.0,1.0,0.0
CCCCCc1cccc2c1c[n+](Cc1ccccc1C)c1ccccc21,['mdm2_activator'],['MDM2'],1,1.0,0.0,0.0
CCCCN(CCc1cccc(C)c1)c1cnc(N)c2nccnc12,['hdac2_inhibitor'],['HDAC2'],1,0.0,1.0,0.0
CCCCN1CCCn2c1ccc(Nc1ccc(-c3ccncc3)cc1)c2=O,['musk_activator_alphaC'],['MuSK'],1,1.0,0.0,0.0
CCCCNCCCNc1nc2cccc-2c2c(OC)cccc2n1,['musk_activator_alphaC'],['MuSK'],1,1.0,0.0,0.0
CCCCNCc1ccccc1OC1CCCN(Cc2cccc(C(=O)O)c2)C1,['dok7_binder'],['DOK7'],1,1.0,0.0,0.0
CCCCNN=C(O)CCCN=Nc1cnc2c(O)nc(N)nc2c1,['cfl1_stabilizer'],['CFL1'],1,0.0,1.0,0.0
CCCCNc1cccc2c1ccc1c2c2ccc(NC(C)O)cc2n1C(=O)CC,['musk_activator_alphaC'],['MuSK'],1,1.0,0.0,0.0
CCCCOc1cccc(NS(=O)(=O)[C@H](COC)c2nc(-c3ccc(C)cc3)co2)c1,['musk_activator_alphaC'],['MuSK'],1,1.0,0.0,0.0
CCCCOc1ccccc1C(O)=Nc1ccc(-c2ccc(C)cc2)cc1,['musk_activator_alphaC'],['MuSK'],1,1.0,0.0,0.0
CCCC[C@H](C)N=C(O)c1ccc(CN(C)C(=O)c2ccc(C)cc2)cc1,['musk_activator_alphaC'],['MuSK'],1,1.0,0.0,0.0
CCCC[C@H]1CCN(C(=O)CN2C[C@H](C(=O)Nc3ccccc3)CC2=O)C1,['musk_activator_alphaC'],['MuSK'],1,1.0,0.0,0.0
CCCCc1cc(CCCc2ccc([C@H]3CCN(C)C3)n2C)c(-c2ccccc2)[nH]1,['musk_activator_alphaC'],['MuSK'],1,1.0,0.0,0.0
CCCCc1ccc(NC[C@H]2C=Cc3cc4cc[n+](C)cc4cc3C(=O)N2)cc1,['musk_activator_alphaC'],['MuSK'],1,1.0,0.0,0.0
CCCCc1ccc(NS(=O)(=O)C2CCOCC2)cc1,['perp_genmol_hop'],['PERP'],1,1.0,0.0,0.0
CCCCc1cccc(NC(=O)CNC(=O)c2cccc(CCC)c2)c1,['musk_activator_alphaC'],['MuSK'],1,1.0,0.0,0.0
CCCCn1c(=O)c(Cc2ccc(C)nc2)nn(Cc2ccccc2)c1=O,['hdac2_inhibitor'],['HDAC2'],1,0.0,1.0,0.0
CCCCn1c2ncsc2c2cc3ccc(OCc4ccccc4)cc3c(O)c21,['musk_activator_alphaC'],['MuSK'],1,1.0,0.0,0.0
CCCN(CC)C1=CNc2c(c3ccccc3c3cccc(C(=O)N4CCCC4)c23)N=C1,['musk_activator_alphaC'],['MuSK'],1,1.0,0.0,0.0
CCCN(Cc1ccccc1)C(C(=O)NCc1ccccc1)c1cnccn1,['hdac2_inhibitor'],['HDAC2'],1,0.0,1.0,0.0
CCCN1C2=CC=C(Oc3ccc(F)cc3)C=CC2=c2ccccc2=C1N,['hdac2_inhibitor'],['HDAC2'],1,0.0,1.0,0.0
CCCN1CCC(=C[C@@H](C(=O)O)c2ccc3cc(C)ccc3c2)C(=O)C1,['musk_activator_alphaC'],['MuSK'],1,1.0,0.0,0.0
CCCN1N=C2c3ccccc3N=C[C@@H]2N(c2ccc(Cn3cccn3)cc2)C1=O,['musk_activator_alphaC'],['MuSK'],1,1.0,0.0,0.0
CCCN=NNc1cccc(NCc2ccc(OCC(=O)N[C@@H](C)C(=O)O)cc2)c1,['cfl1_stabilizer'],['CFL1'],1,0.0,1.0,0.0
CCCOC1=C2C=CC(CC3C4OC4(C)C(S)CC4NN43)=CC=C2N=CN=C1,['pak4_activator_alphaC'],['PAK4'],1,0.0,1.0,0.0
CCC[C@@H](CCc1cccc(OC)c1)NC(=O)NCc1cccc(CN2CCCCC2)c1,['musk_activator_alphaC'],['MuSK'],1,1.0,0.0,0.0
CCC[C@H]1C(=O)N(c2cc(-c3ccc(N(C)C)cc3)c[nH]2)C2CCC=C21,['musk_activator_alphaC'],['MuSK'],1,1.0,0.0,0.0
CCC[n+]1c(-c2ccccc2)n(Cc2ccc[nH+]c2)c2c(=O)n(C)cnc21,['hdac2_inhibitor'],['HDAC2'],1,0.0,1.0,0.0
CCCn1c(-c2cn(CC(=O)NCC(=O)O)c3ccccc23)nc(C)c1C,['mdm2_activator'],['MDM2'],1,1.0,0.0,0.0
CCCn1c(Cc2ccccc2)cc2c(=O)c3cccc(OC)c3[nH]c21,['musk_activator_alphaC'],['MuSK'],1,1.0,0.0,0.0
CCCn1cc(CCCCCC(=O)Nc2ccccc2C)c2ccccc21,['musk_activator_alphaC'],['MuSK'],1,1.0,0.0,0.0
CCN(C(=O)Cn1cc(C)c(=O)c2c3c(C)cccc3c(O)cc21)c1ccccc1,['musk_activator_alphaC'],['MuSK'],1,1.0,0.0,0.0
CCN(C)C(O)C=Cc1ccccc1CN(Cc1ccccc1)c1ccccc1,['mdm2_activator'],['MDM2'],1,1.0,0.0,0.0
CCN(C)CCN(CCOc1ccccc1)c1ccc2c(=O)[nH]ccc2c1,['rock1_inhibitor_atp'],['ROCK1'],1,0.0,0.0,1.0
CCN(C)Cc1cc(NCCCOc2cccc(OC)c2)n(-c2ccc(C)cc2)n1,['musk_activator_alphaC'],['MuSK'],1,1.0,0.0,0.0
CCN(C)c1ccccc1Cn1c2c(c3ccccc31)C=CC(C(O)O)=CC=C2,['mdm2_activator'],['MDM2'],1,1.0,0.0,0.0
CCN(C)c1cnc2c(CNC(=S)NC[C@H](N)c3ccccc3)cccc2n1,['musk_activator_alphaC'],['MuSK'],1,1.0,0.0,0.0
CCN(CC)CCCN(CCNC(C)=O)C(CO)c1ccc2c(=O)[nH]ccc2c1,['rock1_inhibitor_atp'],['ROCK1'],1,0.0,0.0,1.0
CCN(CC1=CCCCC1)c1ccc(N=C(N)c2cc3ccccc3nc2C)s1,['musk_activator_alphaC'],['MuSK'],1,1.0,0.0,0.0
CCN(CC1=CN=c2cc3c(nc21)=C(c1ccccc1)C=N3)c1ccnc(F)c1,['hdac2_inhibitor'],['HDAC2'],1,0.0,1.0,0.0
CCN(CCC1CCc2[nH]c3ccccc3c2CCO1)C(=O)Nc1ccc[nH+]c1,['mdm2_activator'],['MDM2'],1,1.0,0.0,0.0
CCN(CCNCCCNc1cccc2c(N)nccc12)Cc1ccc(F)cc1,['rock1_inhibitor_atp'],['ROCK1'],1,0.0,0.0,1.0
CCN(CCNc1ccc2[nH]c(CCNC(=O)NC[C@@H](N)CN)nc2c1)c1ccccc1,['musk_activator_alphaC'],['MuSK'],1,1.0,0.0,0.0
CCN(CCc1cc(-c2ccccc2)nc2ccccc12)Cc1ccccc1,['mdm2_activator'],['MDM2'],1,1.0,0.0,0.0
CCN(CNC1=Nc2ccccc2CCN1)C(C)O.ClC1CCC2C=CC=C12,['limk1_activator_alphaC'],['LIMK1'],1,0.0,1.0,0.0
CCN(Cc1ccc(C(=O)NC)[nH]1)C(=O)Cc1cc(C(=O)Nc2ccccc2)o[nH+]1,['musk_activator_alphaC'],['MuSK'],1,1.0,0.0,0.0
CCN(Cc1ccc2ccccc2[nH+]1)Cc1ccc(CN2CCNCC2)[n+](C)c1O,['mdm2_activator'],['MDM2'],1,1.0,0.0,0.0
CCN(Cc1ccccc1)C(O)=Nc1ccc(OCC(C)C)cc1C,['musk_activator_alphaC'],['MuSK'],1,1.0,0.0,0.0
CCN(Cc1cnc2c(O)ncnc2c1)[C@@H]1CCc2nc3cccnn3c(=O)c21,['mdm2_activator'],['MDM2'],1,1.0,0.0,0.0
CCN(c1cccc(C)c1)c1ncnc2nc3c(nc12)N(C)CCC3,['mdm2_activator'],['MDM2'],1,1.0,0.0,0.0
CCN(c1nc(-c2ccc[nH+]c2)c2cc3ccccc3[n+](CC)c2n1)C1CCOC1,['hdac2_inhibitor'],['HDAC2'],1,0.0,1.0,0.0
CCN1CC(Oc2cccc3ncccc23)C2CNCCC21Cc1ccccc1,['rock1_inhibitor_atp'],['ROCK1'],1,0.0,0.0,1.0
CCN1CC(c2cc3c(C)cncc3[nH]2)OC(CN2CCOCC2)C1C,['rock1_inhibitor_atp'],['ROCK1'],1,0.0,0.0,1.0
CCN1CCC(C(=O)Nc2cc3c(C)nc(C)cn3n2)CC1,['smn2_splice_genmol_hop'],['SMN2'],1,1.0,0.0,0.0
CCN1CCC(c2cc(C)c3nccc(=O)n3c2)CC1,['smn2_splice_genmol_hop'],['SMN2'],1,1.0,0.0,0.0
CCN1CCC2C(NCc3ccncc3)CN(c3ccc4c(N)nccc4c3)C2CC1,['rock1_inhibitor_atp'],['ROCK1'],1,0.0,0.0,1.0
CCN1CCCC(OC(CNC2CCCC2)c2ccc3c(N)nccc3c2)C1,['rock1_inhibitor_atp'],['ROCK1'],1,0.0,0.0,1.0
CCN1CCCCN(C[C@H](C)Nc2ncnn2Cc2ccccc2)CC1,['musk_activator_alphaC'],['MuSK'],1,1.0,0.0,0.0
CCN1CCCn2ccc3c(N)cc(nc32)-n2c(nc3ccccc32)CC1,['mdm2_activator'],['MDM2'],1,1.0,0.0,0.0
CCN1CCN(c2ccc3ccc(=O)oc3c2)C[C@@H]1C,['smn2_splice_genmol_hop'],['SMN2'],1,1.0,0.0,0.0
CCN1CNc2cccnc2-c2ccc3c(c2)N(CC1=O)c1ccc(C)cc1N3,['mdm2_activator'],['MDM2'],1,1.0,0.0,0.0
CCN1C[C@H](c2ccccc2-c2c(-c3ccc(F)cc3)nn(C)c2C)c2ccccc2C1=O,['mdm2_activator'],['MDM2'],1,1.0,0.0,0.0
CCN1Cc2cccc(c2)CC(=O)Nc2cc(-c3ccc(C(=O)OC)cc3)ccc2C1=O,['cdk5_activator_p25iface'],['CDK5'],1,0.0,1.0,0.0
CCNC(=O)c1ccc(C=CC(=O)Nc2n[nH]c(OP(=O)(O)O)c2-c2ccc(F)cc2)cc1,['dusp1_inhibitor'],['DUSP1'],1,0.0,1.0,0.0
CCNC1CN(CCCc2ccccc2)CC1Oc1cccc2c(N)nccc12,['rock1_inhibitor_atp'],['ROCK1'],1,0.0,0.0,1.0
CCNCCOc1cc(CNC2CCCN(C=C(O)c3ccccc3)C2)cc(C)n1,['dok7_binder'],['DOK7'],1,1.0,0.0,0.0
CCNCCOc1ccccc1CCNCCC=CC=C(C)C.CCO[N+](=O)O,['limk1_activator_alphaC'],['LIMK1'],1,0.0,1.0,0.0
CCNc1c(C(=O)O)ccc2c1C=Cc1ncnc3c1c-2cn3C,['hdac2_inhibitor'],['HDAC2'],1,0.0,1.0,0.0
CCNc1ccc2cc(-c3cn4cc(C)nc(C)c4n3)c(=O)oc2c1,['smn2_splice_genmol_hop'],['SMN2'],1,1.0,0.0,0.0
CCNc1nc(NCCCOc2ccccc2)nc(Nc2ccccc2)n1,['hdac2_inhibitor'],['HDAC2'],1,0.0,1.0,0.0
CCOC(=O)C1=CC=C([N+]#[N+]c2cccc(O)c2)C(O)=C(c2ccccc2)N1,['cfl1_stabilizer'],['CFL1'],1,0.0,1.0,0.0
CCOC(=O)N1CC[C@H](NC(=O)c2cc3cc(-c4ccc(C)cc4)ccc3[nH]2)C1,['musk_activator_alphaC'],['MuSK'],1,1.0,0.0,0.0
CCOC(=O)[C@@H](C)Oc1[nH+]c2c(C)cc(C)c3c2n1-c1ccc(N)cc1N3,['musk_activator_alphaC'],['MuSK'],1,1.0,0.0,0.0
CCOC(=O)c1cc(C(=O)O)c2cccc(-c3ccc4ccccc4c3)c2c1,['mdm2_activator'],['MDM2'],1,1.0,0.0,0.0
CCOC1=C(OCc2ccc(-c3ccc(C(=O)O)cc3)cc2)C=C(O)C=CN1,['dok7_binder'],['DOK7'],1,1.0,0.0,0.0
CCOCCCNN=C(C)c1ccccc1.O=C1NC(O)C=C2CC=CC=C12,['limk1_activator_alphaC'],['LIMK1'],1,0.0,1.0,0.0
CCOCCCNNC(CNC1OC2CCC=CC3=CCC=C1C32)c1ccco1,['limk1_activator_alphaC'],['LIMK1'],1,0.0,1.0,0.0
CCOCCCNc1nc(O)c(O)c(NCc2ccc(OP(=O)(O)O)cc2)n1,['dok7_binder'],['DOK7'],1,1.0,0.0,0.0
CCOCC[N+]#[N+]C=NN=C(N)Nc1ncc2cc(Cc3cccnc3)cnc2n1,['dok7_binder'],['DOK7'],1,1.0,0.0,0.0
CCOc1c2cc(OC)ccc2c2oc(-c3cc[nH+]cc3)[n+]-2c2ccncc12,['musk_activator_alphaC'],['MuSK'],1,1.0,0.0,0.0
CCOc1cc(C)c2nc(-c3cc4c(C)nc(C)cn4n3)cc(=O)n2c1,['smn2_splice_genmol_hop'],['SMN2'],1,1.0,0.0,0.0
CCOc1ccc(-c2c(C)cncc2CCc2ccccc2N)c2nc(O)ccc12,['mdm2_activator'],['MDM2'],1,1.0,0.0,0.0
CCOc1ccc(-c2ccc(-c3cn[nH]c3)cc2O)nn1,['smn2_splice_genmol_hop'],['SMN2'],1,1.0,0.0,0.0
CCOc1ccc(C(=O)O)cc1-c1cc(C)c(O)c2c(C)cccc12,['mdm2_activator'],['MDM2'],1,1.0,0.0,0.0
CCOc1ccc(N2C[C@H]3[C@@H](N)c4cc5ccc(O)cc5nc4N3CC2=O)cc1,['musk_activator_alphaC'],['MuSK'],1,1.0,0.0,0.0
CCOc1ccc(NC(=O)Nc2cc(-c3cc4cnn(C)c4s3)ccc2C)cc1,['musk_activator_alphaC'],['MuSK'],1,1.0,0.0,0.0
CCOc1ccc2c(NCC#N)cc3c4c5c(cc(C)cc5cc3c2c1)N(C)C4=O,['musk_activator_alphaC'],['MuSK'],1,1.0,0.0,0.0
CCOc1ccc2cc(-c3cn4cc(C)nc(C)c4n3)c(=O)oc2c1,['smn2_splice_genmol_hop'],['SMN2'],1,1.0,0.0,0.0
CCOc1cccc(CN=C2C[C@H](O)[C@@H]3C(=O)N(c4cccc([N+](=O)[O-])c4)[C@@H]4C[C@]34C2)c1,['musk_activator_alphaC'],['MuSK'],1,1.0,0.0,0.0
CCOc1cccc(CNc2cc3ncn(Cc4ccco4)c3c3ccccc23)c1,['mdm2_activator'],['MDM2'],1,1.0,0.0,0.0
CCOc1cccc2nc(SC(=O)NCCCCN)c(-c3ccccc3)nc12,['cfl1_stabilizer'],['CFL1'],1,0.0,1.0,0.0
CC[C@@H](C)CCNC(=O)COC(=O)C1=NN(CCc2ccccc2)C(=O)C1,['musk_activator_alphaC'],['MuSK'],1,1.0,0.0,0.0
CC[C@@H](C)COc1cccc(Nc2nc3cc(C)ccc3n3ccnc23)c1,['musk_activator_alphaC'],['MuSK'],1,1.0,0.0,0.0
CC[C@@H]1CC(=O)N2CC(=CNc3cc(OC)nc(C(=O)N[C@H]4CCN(C)C4)c3)CC[C@H]12,['musk_activator_alphaC'],['MuSK'],1,1.0,0.0,0.0
CC[C@@H]1c2ccccc2C=CN1C(=O)Oc1ccc(CCCCO)cc1,['musk_activator_alphaC'],['MuSK'],1,1.0,0.0,0.0
CC[C@H](CCc1ccc(O)cc1)[C@H]1C=CC(=CCC2=CC(=O)C=CC2=O)[C@](C)(O)C1,['musk_activator_alphaC'],['MuSK'],1,1.0,0.0,0.0
CC[C@H](CN=C(N)c1ccccc1)NCc1ccc(OC)cc1,['musk_activator_alphaC'],['MuSK'],1,1.0,0.0,0.0
CC[C@H](N=C(O)c1ccc2cccc(N)c2c1)C(=O)NCc1ccccc1,['musk_activator_alphaC'],['MuSK'],1,1.0,0.0,0.0
CC[C@H](NCC[C@@H](C)[C@H](C(=O)NCCN1CCCC1)C(=O)OC)[C@@H](O)N(C)O,['musk_activator_alphaC'],['MuSK'],1,1.0,0.0,0.0
CC[CH]Cc1ccc(NS(=O)(=O)C2CCOCC2)cc1,['perp_genmol_hop'],['PERP'],1,1.0,0.0,0.0
CC[N+]1=c2nc3c(cc2Oc2c(ccc4cc(O)ccc24)C1=O)=CC=CC=C3,['jak2_inhibitor'],['JAK2'],1,0.0,0.0,1.0
CC[N@@H+]1Cc2ccccc2[C@@H](C[n+]2c3c4c([nH+]cnc4c4ccccc42)C=N3)C1,['mdm2_activator'],['MDM2'],1,1.0,0.0,0.0
CC[NH+]1C=CN2CC1CCCCCOCNC1C3=C(NC=C4OOC=C43)N3C1N3C2,['pak4_activator_alphaC'],['PAK4'],1,0.0,1.0,0.0
CC[NH+]1CCC(c2cc(C)c3nc(-c4cc5c(C)nc(C)cn5n4)cc(=O)n3c2)NC1,['smn2_splice_genmol_hop'],['SMN2'],1,1.0,0.0,0.0
CC[n+]1c2ccc(C(=O)NCCCCCCCCN)ccc-2c2ccccc21,['musk_activator_alphaC'],['MuSK'],1,1.0,0.0,0.0
CCc1[nH]c2c(=O)nc(N)c3ccc4c(-c5ccccc5)nc1n4c32,['hdac2_inhibitor'],['HDAC2'],1,0.0,1.0,0.0
CCc1c2ncc3ccccc3nc-2c2c1Nc1ccccc1C(=O)N(C)C2,['musk_activator_alphaC'],['MuSK'],1,1.0,0.0,0.0
CCc1cc(=O)n2cc(N3CCN(C)CC3)ccc2n1,['smn2_splice_genmol_hop'],['SMN2'],1,1.0,0.0,0.0
CCc1ccc(NC(=O)C=Cc2ccc3cnc(C(=O)N(C)CC)cc3c2)cc1,['musk_activator_alphaC'],['MuSK'],1,1.0,0.0,0.0
CCc1ccc(NS(=O)(=O)C2CCOCC2)cc1,['perp_genmol_hop'],['PERP'],1,1.0,0.0,0.0
CCc1cccc2c(C=[N+]=C(C(=O)OC)c3ncc[nH]3)c3ccccc3nc12,['hdac2_inhibitor'],['HDAC2'],1,0.0,1.0,0.0
CCc1csc(NC(=O)Nc2nonc2C(=O)Nc2ccccc2O)n1,['musk_activator_alphaC'],['MuSK'],1,1.0,0.0,0.0
CCc1nc2ccc[nH+]c2cc1OCc1ccc2[nH]cc(C(=O)O)c2c1,['limk2_activator_alphaC'],['LIMK2'],1,0.0,1.0,0.0
CCn1c(=O)c2c(c3ccccc3c1=O)-c1cccc3nccc-2c13,['limk2_atp_inhibitor'],['LIMK2'],1,0.0,0.0,1.0
CCn1c(C)c(N2C=Nc3cccc4c3c2cc2ccccc24)c2ccccc21,['mdm2_activator'],['MDM2'],1,1.0,0.0,0.0
CCn1c2cc(Cl)c(OC)cc2c2c[n+]3c4c(cccc4c21)-c1ccccc1-3,['mdm2_activator'],['MDM2'],1,1.0,0.0,0.0
CCn1c2cc[nH+]cc2c(=O)c2c(Nc3ccc[nH+]c3)c3cc[nH]n3c21,['mtor_inhibitor'],['mTOR'],1,0.0,0.0,1.0
CCn1cc(N(C)CCCC(=O)NCc2cc([C@H](C)N)[nH]n2)c2ccccc21,['musk_activator_alphaC'],['MuSK'],1,1.0,0.0,0.0
CCn1cc(NNC(=O)c2cc(Oc3ccccc3)ccn2)c2ncccc21,['limk2_atp_inhibitor'],['LIMK2'],1,0.0,0.0,1.0
CCn1ccc2c(N3CC(=O)N(c4ccccc4)c4ccccc43)ncnc21,['mdm2_activator'],['MDM2'],1,1.0,0.0,0.0
CCn1nc(O)c2cc(OC)c(C)c3ccc4c5ccccc5nc1c4c23,['musk_activator_alphaC'],['MuSK'],1,1.0,0.0,0.0
CN(C(=O)CN)c1cccc([C@H]([C@@H]2CCN(c3ccccn3)C2)n2cncn2)c1,['mdm2_activator'],['MDM2'],1,1.0,0.0,0.0
CN(C(=O)c1cc2c3c(cnc2s1)CCCCC=N3)c1ccc(-c2ccc(C(=O)O)cc2)cc1,['musk_activator_alphaC'],['MuSK'],1,1.0,0.0,0.0
CN(C(=O)c1cnc2ccc(OCc3ccccc3)cc2c1)[C@H]1CCCN(C(C)(C)C)C1,['musk_activator_alphaC'],['MuSK'],1,1.0,0.0,0.0
CN(C)C(=O)Cn1c2nc3ccccc3c-2cc2oc3ccccc3c(=O)c21,['mtor_inhibitor'],['mTOR'],1,0.0,0.0,1.0
CN(C)C(=O)c1ccc(-c2ccc(O)c(-c3ccc(S(N)(=O)=O)cc3)c2)cc1,['mdm2_activator'],['MDM2'],1,1.0,0.0,0.0
CN(C)C(=O)c1ccc(-c2onc(-c3ccccc3)c2COP(=O)(O)O)cc1,['dusp1_inhibitor'],['DUSP1'],1,0.0,1.0,0.0
CN(C)C(=O)c1ccc(NS(=O)(=O)c2ccc(Cc3c[nH]c4ccccc34)cc2)cc1,['cdk5_activator_p25iface'],['CDK5'],1,0.0,1.0,0.0
CN(C)C(=O)c1nc2nc3nc4ccccc4cc3c-2c2cn(C)cc2n1,['jak2_inhibitor'],['JAK2'],1,0.0,0.0,1.0
CN(C)C1CCCC2(CC1)Oc1c(ccc3c(=O)[nH]ccc13)[NH+]2CCCCN,['rock1_inhibitor_atp'],['ROCK1'],1,0.0,0.0,1.0
CN(C)CC(=O)N(Cc1ccccc1O)Cc1cc[n+](C(C)(C)C)c2ccccc12,['mdm2_activator'],['MDM2'],1,1.0,0.0,0.0
CN(C)CC(=O)N1CC[C@H](C(=O)Nc2cccc(OCc3ccccc3)c2)C1,['musk_activator_alphaC'],['MuSK'],1,1.0,0.0,0.0
CN(C)CC1=NN=C(c2ccc(CCC(=O)Nc3ccccc3)cc2)C1,['musk_activator_alphaC'],['MuSK'],1,1.0,0.0,0.0
CN(C)CC1=[S+]C(c2ccc(OCc3ccc4nc([C@H]5C[C@@H](N)C[C@@H](O)C5)n(C)c4c3)cc2)=N1,['musk_activator_alphaC'],['MuSK'],1,1.0,0.0,0.0
CN(C)CC1CCC2C(=O)C=CC(CC3CC(=O)CNON3O)C2C1,['pak4_activator_alphaC'],['PAK4'],1,0.0,1.0,0.0
CN(C)CCC1C(CN(C)C)C2CNCC2C1Nc1nccc2c(N)nccc12,['rock1_inhibitor_atp'],['ROCK1'],1,0.0,0.0,1.0
CN(C)CCC1Oc2c(ccc3c(N)nccc23)OC1NCCN1CCCC1,['rock1_inhibitor_atp'],['ROCK1'],1,0.0,0.0,1.0
CN(C)CCCCCCCCCc1ccc2c(c1)C=C(C(=O)NCCO)CC2,['musk_activator_alphaC'],['MuSK'],1,1.0,0.0,0.0
CN(C)CCCc1cc2n(n1)CCN(C1c3ccccc3-c3ccccc31)C2,['musk_activator_alphaC'],['MuSK'],1,1.0,0.0,0.0
CN(C)CCCc1ccc(O)c(CCCCCCCCc2ccc(C(N)=O)cc2)c1,['musk_activator_alphaC'],['MuSK'],1,1.0,0.0,0.0
CN(C)CCN(CCCNCc1ccccc1)Cc1cccc2c(N)nccc12,['rock1_inhibitor_atp'],['ROCK1'],1,0.0,0.0,1.0
CN(C)CCN(CCCc1ccccc1)C(O)=NCCCc1ccccc1,['musk_activator_alphaC'],['MuSK'],1,1.0,0.0,0.0
CN(C)CCN(CCn1ccc2c(N)nccc21)CC1CNCCC1c1ccccc1,['rock1_inhibitor_atp'],['ROCK1'],1,0.0,0.0,1.0
CN(C)CCN1CCN(CCNC(=O)CCc2ccccc2)C(=O)C1,['musk_activator_alphaC'],['MuSK'],1,1.0,0.0,0.0
CN(C)CCOc1ccc2c(c1)O[C@H]1CC(=O)N(C(=O)c3cccc(Br)c3N)[C@@H]21,['musk_activator_alphaC'],['MuSK'],1,1.0,0.0,0.0
CN(C)C[C@H]1CCC(=O)N(CCCc2ccc(-c3ccccc3)cc2)C1,['musk_activator_alphaC'],['MuSK'],1,1.0,0.0,0.0
CN(C)Cc1cccc(F)c1CN1CC[C@H](c2cccc(-c3ccc(O)cc3)c2)C1,['musk_activator_alphaC'],['MuSK'],1,1.0,0.0,0.0
CN(C)[C@@H]1CCN(c2cccc(NC(=O)c3ccc(C(=O)c4ccco4)cc3)c2)C1,['musk_activator_alphaC'],['MuSK'],1,1.0,0.0,0.0
CN(C)[C@@H]1Cc2cc(C=C=C(CO)Nc3ccccc3)c3ccccc3c2C1,['musk_activator_alphaC'],['MuSK'],1,1.0,0.0,0.0
CN(C)c1cc(O)n2nc(-c3ccccc3)c([C@@H](O)NN=NCCCCC(=O)O)c2n1,['cfl1_stabilizer'],['CFL1'],1,0.0,1.0,0.0
CN(C)c1cc(S(=O)(=O)c2cccc3[nH]c4ccccc4c23)ccc1OCC(=O)O,['mdm2_activator'],['MDM2'],1,1.0,0.0,0.0
CN(C)c1cc2n3c(c1)cc1ccc4c(c(cn4-c4ccc(O)cc4)C(=O)[C@H]2O)c13,['musk_activator_alphaC'],['MuSK'],1,1.0,0.0,0.0
CN(C)c1ccc(-c2cc3ccc(CC(=O)O)c4c3c(n2)C=CC=C4)cc1O,['mdm2_activator'],['MDM2'],1,1.0,0.0,0.0
CN(C)c1ccc(C(=O)Nc2cccc(-c3ccccn3)c2)c(O)n1,['musk_activator_alphaC'],['MuSK'],1,1.0,0.0,0.0
CN(C)c1ccc(C(=O)c2cccc3c(C4CCC(C)(C)CC4)c[nH]c23)cc1,['musk_activator_alphaC'],['MuSK'],1,1.0,0.0,0.0
CN(C)c1ccc(CN2CCCN(Cc3nnc(-c4ccccc4)o3)CC2)cc1,['musk_activator_alphaC'],['MuSK'],1,1.0,0.0,0.0
CN(C)c1ccc(OC=C2Cc3[nH]c4c(c3N2)-c2cccc3cccc-4c23)cc1,['musk_activator_alphaC'],['MuSK'],1,1.0,0.0,0.0
CN(C)c1ccc2[n+](c1)Cc1cc(CCCCCCC=Cc3ccccc3)ncc1-2,['musk_activator_alphaC'],['MuSK'],1,1.0,0.0,0.0
CN(C)c1ccc2c(c1)CCN1CC[C@H]3C[C@@H]1[C@@H]2CCc1c(O)cccc13,['mdm2_activator'],['MDM2'],1,1.0,0.0,0.0
CN(C)c1ccc2c(c1)N1c3ccccc3C3=C(C(=O)O)CC(=C(O)C2=O)[C@@H]31,['musk_activator_alphaC'],['MuSK'],1,1.0,0.0,0.0
CN(C)c1ccc2cc3c4ccccc4c(NC(=O)NCC4CCCCC4)c-3ccc2c1,['musk_activator_alphaC'],['MuSK'],1,1.0,0.0,0.0
CN(C)c1cccc(C(=O)c2cc3cc(C(=O)C4=C(O)CC=CC4)ccc3cn2)c1,['musk_activator_alphaC'],['MuSK'],1,1.0,0.0,0.0
CN(C)c1cccc(Cc2nc3nc(-c4ccc(O)cc4)cc(C=O)n3n2)c1F,['cdk5_activator_p25iface'],['CDK5'],1,0.0,1.0,0.0
CN(C)c1cncc(-c2ncc(Cc3ccccc3)c(-c3ccccc3)n2)c1,['pak1_activator_alphaC'],['PAK1'],1,0.0,1.0,0.0
CN(C)c1ncc(C(=O)NCc2ccc(Nc3noc(C(C)(C)C)n3)cc2)cn1,['cfl1_stabilizer'],['CFL1'],1,0.0,1.0,0.0
CN(C1CCCCCC1)[C@@H]1CCC(=O)N(Cc2cn3c4c(cccc24)OCC3)C1,['musk_activator_alphaC'],['MuSK'],1,1.0,0.0,0.0
CN(CC(=O)CO)Cc1nc2ccc(C(=O)Nc3ccccc3)cc2oc1=O,['musk_activator_alphaC'],['MuSK'],1,1.0,0.0,0.0
CN(CC(=O)N(c1ccccc1)c1ccc(N)cc1)Cc1ccccc1,['jak2_inhibitor'],['JAK2'],1,0.0,0.0,1.0
CN(CC(O)=NC1CCCCC1)[C@@H]1CCN(c2cccc3ccccc23)C1,['musk_activator_alphaC'],['MuSK'],1,1.0,0.0,0.0
CN(CCCc1cn2cnc3cccc1c32)Cc1cc2c(N)ncnc2c2ccccc12,['mdm2_activator'],['MDM2'],1,1.0,0.0,0.0
CN(CCN1C[C@@H]2CCC[N@H+]2c2ccccc21)C(=O)c1c[nH]c(-c2ccccc2)c1,['musk_activator_alphaC'],['MuSK'],1,1.0,0.0,0.0
CN(CCOCC=O)c1cccc(-c2c(Cc3cccnc3N)c(=O)ncn2C)c1,['limk2_atp_inhibitor'],['LIMK2'],1,0.0,0.0,1.0
CN(CC[N+](C)(C)C)C[C@@H]1CCCN(C(=O)c2ccc(O)c(Cn3cnnn3)c2)C1,['musk_activator_alphaC'],['MuSK'],1,1.0,0.0,0.0
CN(CC[n+]1cccc2c(N)nccc21)CC1CCN(c2cccc[nH+]2)C1,['rock1_inhibitor_atp'],['ROCK1'],1,0.0,0.0,1.0
CN(C[C@@H](c1ccccc1)n1cncn1)C(=O)C[C@@H](c1ccccc1)c1ccccn1,['mdm2_activator'],['MDM2'],1,1.0,0.0,0.0
CN(Cc1cc(Cc2ccccc2)[nH]c(=O)c1)C(=O)CCC(=O)N1CCCC1,['hdac2_inhibitor'],['HDAC2'],1,0.0,1.0,0.0
CN(Cc1cc2ccccc2[nH]1)C(=O)CCNC(=O)c1ccc([C@H](O)CO)cc1,['musk_activator_alphaC'],['MuSK'],1,1.0,0.0,0.0
CN(Cc1ccc(N)cn1)c1ccccc1OCCN[SH](=O)(O)Cc1ccccc1,['mdm2_activator'],['MDM2'],1,1.0,0.0,0.0
CN(Cc1ccc2cc([SH](=O)(O)O)cnc2c1)c1ccc(-c2cccnc2)cc1,['dusp1_inhibitor'],['DUSP1'],1,0.0,1.0,0.0
CN(Cc1cccc2ccoc12)C(CCOP(=O)(O)O)c1ncnc2c(N)ncnc12,['dusp1_inhibitor'],['DUSP1'],1,0.0,1.0,0.0
CN(Cc1ccccc1)C(=O)N=C(c1ccccc1)c1cn[nH]c1,['limk2_atp_inhibitor'],['LIMK2'],1,0.0,0.0,1.0
CN(Cc1cccnc1)C1CNCC2CN(c3cccc4c(N)nccc34)CC21,['rock1_inhibitor_atp'],['ROCK1'],1,0.0,0.0,1.0
CN(O)C[C@@H](CNc1cccc(-c2ccc(O)c(O)c2)c1)c1ccc([N+](=O)O)cc1,['musk_activator_alphaC'],['MuSK'],1,1.0,0.0,0.0
CN(O)c1cc2cc(-c3ccc4nc[nH]c4c3)ccc2[nH+]c1Nc1cc[nH+]cc1,['pak1_activator_alphaC'],['PAK1'],1,0.0,1.0,0.0
CN(c1ccc(C(N)=O)cc1)c1ccc(C(O)=NCc2ccccc2C(=O)O)cc1Cl,['dok7_binder'],['DOK7'],1,1.0,0.0,0.0
CN(c1ccc(Cn2ccc(-c3ccccc3)c2)cc1)c1cnc(N)[nH]c1=O,['cdk5_activator_p25iface'],['CDK5'],1,0.0,1.0,0.0
CN(c1ccccc1)c1cc(-c2ccccc2Oc2cccc3ccccc23)nc(N)n1,['mdm2_activator'],['MDM2'],1,1.0,0.0,0.0
CN(c1ccccc1)c1ccc(CNC(=O)CCNC(=O)c2ccccc2)cc1,['musk_activator_alphaC'],['MuSK'],1,1.0,0.0,0.0
CN(c1ccnc2c(-c3ccccc3)n(C)c(=O)c-2c1)c1ccccn1,['pak1_activator_alphaC'],['PAK1'],1,0.0,1.0,0.0
CN1C(=O)c2ccc(C(=O)O)c(c2)C(O)c2ccccc2O[C@@H]2CCC[C@@H]21,['mdm2_activator'],['MDM2'],1,1.0,0.0,0.0
CN1C(=O)c2cn[nH]c2-c2c[nH]c3cccc(c23)-c2ccccc21,['pak1_activator_alphaC'],['PAK1'],1,0.0,1.0,0.0
CN1C2CCCNCCC2C2CNC(=O)CC2C1CC(O)C1NOCCC1O,['pak4_activator_alphaC'],['PAK4'],1,0.0,1.0,0.0
CN1C2CCN(CC2)Cc2cccc(c2)Oc2ccc(cc2)OS1(=O)=O,['limk2_atp_inhibitor'],['LIMK2'],1,0.0,0.0,1.0
CN1C=CC(C2CC3CNCOC4OC[SH](O2)C34)=C2C=C=NC21,['pak4_activator_alphaC'],['PAK4'],1,0.0,1.0,0.0
CN1C=CC(F)=CC1COc1ccc(-c2ccc(-c3cn[nH]c3)cc2O)nn1,['smn2_splice_genmol_hop'],['SMN2'],1,1.0,0.0,0.0
CN1CC(=O)NCc2cccc(c2)-c2nncn2-c2cccc3cc(ccc23)C1,['mdm2_activator'],['MDM2'],1,1.0,0.0,0.0
CN1CC(CN2CCCCC2)N(CCc2ccnc3[nH]ccc23)CC1C1CCCN1,['rock1_inhibitor_atp'],['ROCK1'],1,0.0,0.0,1.0
CN1CC(CN2CCNCC2)CC(c2c(-c3ccccc3)ccc3ncccc23)C1,['hdac2_inhibitor'],['HDAC2'],1,0.0,1.0,0.0
CN1CC(N2CCc3c(ccc4c(N)nccc34)C2)CNCCC1c1cccc(F)c1,['rock1_inhibitor_atp'],['ROCK1'],1,0.0,0.0,1.0
CN1CC(Oc2ccc3ncccc3c2)CN(c2ccccc2)C1=O,['rock1_inhibitor_atp'],['ROCK1'],1,0.0,0.0,1.0
CN1CC(Oc2cccc3c(N)nccc23)C2(CC3CCCC3C(N)O2)C1,['rock1_inhibitor_atp'],['ROCK1'],1,0.0,0.0,1.0
CN1CC2CCCC(NC3CCOCC3)C(Oc3ccc4c(N)nccc4c3)C2C1,['rock1_inhibitor_atp'],['ROCK1'],1,0.0,0.0,1.0
CN1CC2CCCCC2C1CC(CCN1CCNCC1)Nc1cccc2c(N)nccc12,['rock1_inhibitor_atp'],['ROCK1'],1,0.0,0.0,1.0
CN1CC2NCCC(Oc3cccc4cnccc34)C2C1CN1CCOCC1,['rock1_inhibitor_atp'],['ROCK1'],1,0.0,0.0,1.0
CN1CC2c3cc4cccc5c4c(c3[C@H]([C@H](OP(=O)(O)O)C(N)=O)O[C@@H]2C1=O)C=N5,['limk2_atp_inhibitor'],['LIMK2'],1,0.0,0.0,1.0
CN1CCC(=C(CC2CCCCCCC2)NCC2OOOC(O)CCS2)CC1,['pak4_activator_alphaC'],['PAK4'],1,0.0,1.0,0.0
CN1CCC(CCCCCCc2ccc(-c3cccnc3)cc2)CC1,['musk_activator_alphaC'],['MuSK'],1,1.0,0.0,0.0
CN1CCC(CNC(=O)CCCn2[nH]cc3nc4ccccc4c-3c2=O)CC1,['musk_activator_alphaC'],['MuSK'],1,1.0,0.0,0.0
CN1CCC(Cc2ccc(C[C@H]3NC(=O)c4cccnc4-c4ccccc43)cc2)CC1,['musk_activator_alphaC'],['MuSK'],1,1.0,0.0,0.0
CN1CCC(N(Cc2ccc3cc[nH]c(=O)c3c2)C(=O)NCc2ccccc2)CC1,['rock1_inhibitor_atp'],['ROCK1'],1,0.0,0.0,1.0
CN1CCC(NC(=N)NCCN(C)c2ccc3c4c(cccc24)C=C3)CC1,['musk_activator_alphaC'],['MuSK'],1,1.0,0.0,0.0
CN1CCC(NC(=O)c2cc(CCc3ccc(O)nc3)nc3c2nnn3C)CC1,['limk2_atp_inhibitor'],['LIMK2'],1,0.0,0.0,1.0
CN1CCC(NC(=O)c2ccn(Cc3nc4c(N)cccc4o3)c2)CC1,['musk_activator_alphaC'],['MuSK'],1,1.0,0.0,0.0
CN1CCC(Nc2cccc3nnccc23)CC1CC1CCOCC1,['rock1_inhibitor_atp'],['ROCK1'],1,0.0,0.0,1.0
CN1CCC(OOC2CNOCNOC(O)C2C(O)O)C2CC=CCC21C,['pak4_activator_alphaC'],['PAK4'],1,0.0,1.0,0.0
CN1CCC(n2ccc(-c3c[nH]c(=O)c4ncnc(-c5ccccc5)c34)[nH+]2)C1,['perp_pocket3_alphaC'],['PERP'],1,1.0,0.0,0.0
CN1CCC2=CN(CCC3CCCC3)CCCN2C[C@@H]1c1nc2ccccc2[nH]1,['musk_activator_alphaC'],['MuSK'],1,1.0,0.0,0.0
CN1CCC2C(Nc3ccnc4ccccc34)CC(NCc3ccnnc3)CC21,['rock1_inhibitor_atp'],['ROCK1'],1,0.0,0.0,1.0
CN1CCC2C3NC4CC21CC3(C)CC4C=C1CCCCC(C(O)O)N1,['pak4_activator_alphaC'],['PAK4'],1,0.0,1.0,0.0
CN1CCCC(C(CNc2cc(N)cc3cnc[n+](C)c23)c2ccccc2)C1,['rock1_inhibitor_atp'],['ROCK1'],1,0.0,0.0,1.0
CN1CCCC(c2ccccc2-c2nnc(=O)c3c[nH]cnc2-3)C1,['perp_pocket3_alphaC'],['PERP'],1,1.0,0.0,0.0
CN1CCCC2C(CC1)CNCC2Oc1cccc2c(N)nccc12,['rock1_inhibitor_atp'],['ROCK1'],1,0.0,0.0,1.0
CN1CCCCC1.Cc1cccc(OCCNC(=O)[C@H](NC(=O)c2ccccc2N)C(C)C)c1,['musk_activator_alphaC'],['MuSK'],1,1.0,0.0,0.0
CN1CCCCC[C@]2(CCN(c3c[nH]nn3)C2)CNc2[nH]c3ccccc3c2C1,['mdm2_activator'],['MDM2'],1,1.0,0.0,0.0
CN1CCCC[C@@H](Oc2ccc(Oc3ccccc3)c(-c3nc(=O)[nH]c(=O)[nH]3)c2)C1,['mdm2_activator'],['MDM2'],1,1.0,0.0,0.0
CN1CCCN(c2cc[nH+]c3ccc(OCC[n+]4ccccc4)cc23)CC1,['jak2_inhibitor'],['JAK2'],1,0.0,0.0,1.0
CN1CCCN2C(=C(Oc3cc[nH+]c4ccccc34)Nc3c[nH+]ccc32)CC1,['rock1_inhibitor_atp'],['ROCK1'],1,0.0,0.0,1.0
CN1CCC[C@H](Nc2ccc(-c3cc(-c4ccccc4)[nH+]n3C)c3nc[nH]c(=O)c23)C1,['mdm2_activator'],['MDM2'],1,1.0,0.0,0.0
CN1CCC[C@H]2c3ccccc3N(C(=O)CSc3nc(-c4ccccc4)cs3)[C@@H]21,['mdm2_activator'],['MDM2'],1,1.0,0.0,0.0
CN1CCN(C2CC3C(O)NC=CCCOC3(O)CC2O)C(c2ccccc2)C1,['pak4_activator_alphaC'],['PAK4'],1,0.0,1.0,0.0
CN1CCN(CC(=O)NCc2cnn(-c3ccccc3)c2)C=C1c1ccccc1,['musk_activator_alphaC'],['MuSK'],1,1.0,0.0,0.0
CN1CCN(CC(=O)Nc2ccc3c(c2)C=CC=C(c2ccccc2)N3)CC1,['musk_activator_alphaC'],['MuSK'],1,1.0,0.0,0.0
CN1CCN(CC2=NN3C(=O)[N+]4=NC(Cc5ccccc5)=NC4=C3N=C2)CC1,['cdk5_activator_p25iface'],['CDK5'],1,0.0,1.0,0.0
CN1CCN(C[C@@H](c2cccc(F)c2)n2cnnc2-c2cccnc2)C1=O,['mdm2_activator'],['MDM2'],1,1.0,0.0,0.0
CN1CCN(C[C@@H]2C[C@H](N3CC[C@H]4C[C@H]5C(=CC[C@@H]6CCCC[C@H]65)[C@@H]4C3=O)CN2C)CC1,['musk_activator_alphaC'],['MuSK'],1,1.0,0.0,0.0
CN1CCN(c2[nH+]ncnc2-c2[nH]c3ccccc3c2CO)CC1=O,['limk2_atp_inhibitor'],['LIMK2'],1,0.0,0.0,1.0
CN1CCN(c2ccc3[nH]c(-c4ccccc4)cc3c2)C(=O)[C@@H]1n1cnc[nH+]1,['cdk5_activator_p25iface'],['CDK5'],1,0.0,1.0,0.0
CN1CCN(c2ccc3nc(C4CC4)cc(=O)n3c2)CC1,['smn2_splice_genmol_hop'],['SMN2'],1,1.0,0.0,0.0
CN1CCN(c2ccc3nc(CC4=CC=CC=CC4)cc(=O)n3c2)CC1,['smn2_splice_genmol_hop'],['SMN2'],1,1.0,0.0,0.0
CN1CCN(c2cccc3c(N)nccc23)CC(CN2CCC3C2CC2CCCCN23)C1,['rock1_inhibitor_atp'],['ROCK1'],1,0.0,0.0,1.0
CN1CCN(c2cccc3cc(-c4cc(O)c5cc[n+](C)cc5c4)cc(O)c23)CC1,['mtor_inhibitor'],['mTOR'],1,0.0,0.0,1.0
CN1CCN(c2cccc3cncnc23)CC1CC1CNCCC1c1ccccc1,['rock1_inhibitor_atp'],['ROCK1'],1,0.0,0.0,1.0
CN1CCN(c2ccccc2)C[C@@H]1CC(=O)Nc1nc(CCn2cccc2)cs1,['musk_activator_alphaC'],['MuSK'],1,1.0,0.0,0.0
CN1CCN(c2ccnc(-c3ccccc3CCCc3ccccc3)n2)CC1,['musk_activator_alphaC'],['MuSK'],1,1.0,0.0,0.0
CN1CCS[C@@H](CCCCc2nc3ccc4cc(C(=O)O)ccc4c3[nH]2)CC1,['musk_activator_alphaC'],['MuSK'],1,1.0,0.0,0.0
CN1CC[C@@H](COc2cccc(-c3ccc4ccccc4c3)c2)C1,['musk_activator_alphaC'],['MuSK'],1,1.0,0.0,0.0
CN1CC[C@@H]2N(CC1)c1ccc(Oc3cccnc3)cc1C(=O)N2c1ccccc1,['musk_activator_alphaC'],['MuSK'],1,1.0,0.0,0.0
CN1CCc2c1ccc1cc(N=C(O)Cc3cccc(O)c3)ccc21,['musk_activator_alphaC'],['MuSK'],1,1.0,0.0,0.0
CN1CCc2cc3ccc4c(cccc4c3c3ccc(=O)oc23)CNc2ccc(cc2)C1,['mdm2_activator'],['MDM2'],1,1.0,0.0,0.0
CN1C[C@@H](c2ccccc2)OCc2ccccc2-n2cc(nn2)NCCC1=O,['mdm2_activator'],['MDM2'],1,1.0,0.0,0.0
CN1C[C@@H]2CN(Cc3ccncc3)C[C@@H]2N(c2ccc(N)nc2)C1=O,['mdm2_activator'],['MDM2'],1,1.0,0.0,0.0
CN1C[C@H](Nc2cc3ccc4ccccc4cc-3nc2=O)C[C@@H]1c1ccccc1,['musk_activator_alphaC'],['MuSK'],1,1.0,0.0,0.0
CN1Cc2cc(ccc2O)N=C(O)c2cccc(c2)C(=O)c2cccc(c2)C1=O,['mdm2_activator'],['MDM2'],1,1.0,0.0,0.0
CN1Cc2ccc(c([N+](=O)O)c2)-c2cccc(n2)CN2CC[C@@H](CC1=O)C2,['mdm2_activator'],['MDM2'],1,1.0,0.0,0.0
CN1Cc2ccc(cc2)NC(=O)Nc2cccnc2N2C(=O)Cc3c1cccc32,['mdm2_activator'],['MDM2'],1,1.0,0.0,0.0
CN1Cc2ccc(cc2)NCCc2cc(O)ccc2-c2cccc3ccc(cc23)C1,['mdm2_activator'],['MDM2'],1,1.0,0.0,0.0
CN1Cc2cccc(c2)Nc2nccc(n2)Sc2nc(-c3ccc(F)cc3)ccc2C1,['mdm2_activator'],['MDM2'],1,1.0,0.0,0.0
CN1N=C2CCCC[C@@H]2c2c1[nH]c(=O)[nH]c2=Nc1cccc2ccccc12,['mdm2_activator'],['MDM2'],1,1.0,0.0,0.0
CN1NC(c2ccccc2)=C(C=Cc2ccc(O)cc2)C=C1Nc1cc[nH+]cc1,['jak2_inhibitor'],['JAK2'],1,0.0,0.0,1.0
CN1c2cc(ccn2)CCNCCc2cccc(c2)[C@H]1c1ccc(F)cc1,['mdm2_activator'],['MDM2'],1,1.0,0.0,0.0
CN=c1cccnc(NCNc2ccccc2)n1.O=C1CCCC2CCC12,['limk1_activator_alphaC'],['LIMK1'],1,0.0,1.0,0.0
CN=c1nc(Nc2ccccc2OC)c(C)c(-c2c[nH]c3ncccc23)[nH]1,['pak1_activator_alphaC'],['PAK1'],1,0.0,1.0,0.0
CNC(=O)CCc1ccc(Oc2cccc(CCCCCCC(C)C)c2)cc1,['musk_activator_alphaC'],['MuSK'],1,1.0,0.0,0.0
CNC(=O)CNC(=O)c1cccc(-c2ccccc2Oc2ccccc2)c1,['musk_activator_alphaC'],['MuSK'],1,1.0,0.0,0.0
CNC(=O)COc1ccc(-c2noc(-c3ccc(C(=O)CCC(=O)O)cc3)n2)cc1,['cfl1_stabilizer'],['CFL1'],1,0.0,1.0,0.0
CNC(=O)COc1ccc(Cn2cn[n+]3c(O)c4ccccc4nc23)cc1,['mdm2_activator'],['MDM2'],1,1.0,0.0,0.0
CNC(=O)N(CCCN1CCOCC1)Cc1ccc2ncccc2c1,['rock1_inhibitor_atp'],['ROCK1'],1,0.0,0.0,1.0
CNC(=O)Nc1ccc(C(=O)Nc2ccccc2)c2ccccc12,['cdk5_activator_p25iface'],['CDK5'],1,0.0,1.0,0.0
CNC(=O)Nc1ncc2nccc3c2c1NC(N1CCCC1)=C3,['jak2_inhibitor'],['JAK2'],1,0.0,0.0,1.0
CNC(=O)c1ccc(CCCc2nc(C[n+]3ccc(N(C)C)cc3)[nH+]o2)c[nH+]1,['musk_activator_alphaC'],['MuSK'],1,1.0,0.0,0.0
CNC(=O)c1ccc(Oc2cc(F)c3c(c2OC)[C@H](N(C)C)[C@@H]2CCC[C@H]32)nc1,['musk_activator_alphaC'],['MuSK'],1,1.0,0.0,0.0
CNC(=O)c1ccc2c(c1)CC[N@H+](c1n[nH]cc1-c1cccc3ccccc13)CC2,['mdm2_activator'],['MDM2'],1,1.0,0.0,0.0
CNC(=O)c1ccc2ccc(C(=O)Nc3ccc(N4CCCC4)cc3)cc2c1,['musk_activator_alphaC'],['MuSK'],1,1.0,0.0,0.0
CNC(=O)c1cccc(Nc2ccc3nc(=O)nc4c-3c(c2)N[C@]2(CN2)C4)c1,['mdm2_activator'],['MDM2'],1,1.0,0.0,0.0
CNC(=O)c1ccnc(NCCCCC2CCC3CCC4CNC2C34)c1,['limk1_activator_alphaC'],['LIMK1'],1,0.0,1.0,0.0
CNC1=C2C=CC3=C4C(=CCC(=CC1=O)[C@@H]24)C[C@H]1C2=C(C[C@@H]31)[C@H](O)CCC2,['musk_activator_alphaC'],['MuSK'],1,1.0,0.0,0.0
CNC1=CC2C(C[N+](=C(C)C)C2CC2SCC3C(NO)COC4C2C34)C(C)C1,['pak4_activator_alphaC'],['PAK4'],1,0.0,1.0,0.0
CNC1=NC(c2ccc(C)cc2)=CC=C(N[C@@H](CCc2ccccc2)C(N)=O)N1,['musk_activator_alphaC'],['MuSK'],1,1.0,0.0,0.0
CNC1CC2CCCCC2C(CCC2CCCCC(O)C(=O)C2O)C1,['pak4_activator_alphaC'],['PAK4'],1,0.0,1.0,0.0
CNC1CCN(Cc2ccccc2)C(COc2cc(F)c3c(=O)[nH]ccc3c2)C1,['rock1_inhibitor_atp'],['ROCK1'],1,0.0,0.0,1.0
CNC1CCN(c2cccc3c(N)nccc23)CC1CCc1ccccc1,['rock1_inhibitor_atp'],['ROCK1'],1,0.0,0.0,1.0
CNCC1=CC2=C(c3ccc(CNCc4cccnc4)cc3)CCCC2=N1,['musk_activator_alphaC'],['MuSK'],1,1.0,0.0,0.0
CNCC1CC(C)N(CCCCN2CCNCC2)CC1Nc1ccnc2ncccc12,['rock1_inhibitor_atp'],['ROCK1'],1,0.0,0.0,1.0
CNCC1CCN(c2ccnc3nccc(C)c23)CC1NC(O)c1ccccc1,['rock1_inhibitor_atp'],['ROCK1'],1,0.0,0.0,1.0
CNCCC(CN1CCN(C(C)=O)CC1)Oc1ccc2c(N)nccc2c1,['rock1_inhibitor_atp'],['ROCK1'],1,0.0,0.0,1.0
CNCCN(CCc1ccccc1-c1ccc2c(N)nccc2c1)C(=O)OC,['mdm2_activator'],['MDM2'],1,1.0,0.0,0.0
CNCCOc1[nH+]c2ccc(O)cc2cc1-c1cc(-c2ccccc2)n[nH]1,['mdm2_activator'],['MDM2'],1,1.0,0.0,0.0
CNC[C@H]1CCCN(c2cnc3ccc(-c4cc(-c5cccnc5)ccn4)cc3n2)C1,['musk_activator_alphaC'],['MuSK'],1,1.0,0.0,0.0
CNCc1ccc(-c2ccc(-c3ccc(-c4nn[nH]n4)o3)c(OC)c2)s1,['musk_activator_alphaC'],['MuSK'],1,1.0,0.0,0.0
CNCc1ccc(S(=O)(=O)N2CCCC2)cc1,['perp_genmol_hop'],['PERP'],1,1.0,0.0,0.0
CN[C@H](C=Cc1cn[nH]c1Nc1cccc(-c2[nH+]cccc2N)c1)c1ccccc1,['mdm2_activator'],['MDM2'],1,1.0,0.0,0.0
CNc1c(C(=O)Nc2cccc(C)c2)c(C)nc2c1ccc1cc(OCO)ccc12,['musk_activator_alphaC'],['MuSK'],1,1.0,0.0,0.0
CNc1c(C)ccc(Nc2ccccc2Cc2cnc3cccccc2-3)c1C,['mdm2_activator'],['MDM2'],1,1.0,0.0,0.0
CNc1cc(-c2ccc(NCCn3cncn3)cc2C)cc(N2CCCC2)n1,['musk_activator_alphaC'],['MuSK'],1,1.0,0.0,0.0
CNc1ccc(CNC(=O)NCCc2nnc(-c3ccncc3)o2)cc1,['musk_activator_alphaC'],['MuSK'],1,1.0,0.0,0.0
CNc1ncnc2c(Nc3ccccc3NC(=O)c3ccccc3)cccc12,['mdm2_activator'],['MDM2'],1,1.0,0.0,0.0
CNc1ncnc2ncnc(N[C@H](c3ccccc3)c3ccco3)c12,['mdm2_activator'],['MDM2'],1,1.0,0.0,0.0
COC(=O)C1=Cc2cccc(c2)OCC(=O)Nc2cccc(O)c2C=[N+]=C1,['mdm2_activator'],['MDM2'],1,1.0,0.0,0.0
COC(=O)CCNC1CC(CNC2CC=CC3C(F)CCCC23)CCN1,['limk1_activator_alphaC'],['LIMK1'],1,0.0,1.0,0.0
COC(=O)NCC(COc1ccnc2ccccc12)C1CC(c2ccccn2)N(C)C1,['rock1_inhibitor_atp'],['ROCK1'],1,0.0,0.0,1.0
COC(=O)[C@H](Nc1cccc2ccccc12)c1ccc(O)cc1OC,['mdm2_activator'],['MDM2'],1,1.0,0.0,0.0
COC(=O)[C@H]1CCCC(N=Nc2ccc3c(O)nc(O)c4c3c2-c2ncn(C)c2N4)=N1,['cfl1_stabilizer'],['CFL1'],1,0.0,1.0,0.0
COC(=O)c1c(C)nc2cccc3c4ccccc4c4cccc(c4)c1c23,['musk_activator_alphaC'],['MuSK'],1,1.0,0.0,0.0
COC(=O)c1ccc(CCn2c(=O)c3c(ccc4cc(C)oc43)c3cccnc32)cc1,['mdm2_activator'],['MDM2'],1,1.0,0.0,0.0
COC(=O)c1ccc2[nH]cc(NC(=O)c3ccc(N4CCCC4)cc3)c2c1,['musk_activator_alphaC'],['MuSK'],1,1.0,0.0,0.0
COC(=O)c1ccc2c(c1)N1CCC[C@H]1C(=O)N(c1ccc(N(C)C)cc1)C2,['musk_activator_alphaC'],['MuSK'],1,1.0,0.0,0.0
COC(=O)c1ccc2cc(C(=O)O)ccc2c1.O[C@@H]1[C@H]2C[C@@H]3NO[C@H]2[C@H]2CC[C@@H](OOO3)[C@@H]12,['musk_activator_alphaC'],['MuSK'],1,1.0,0.0,0.0
COC(=O)c1cccc(-c2[nH+]n3c4c(cc5cccc2c53)C(C)=CNC=4O)c1,['mtor_inhibitor'],['mTOR'],1,0.0,0.0,1.0
COC(C)(C)c1ccc2c(c1)C[C@H]1C(=N)C3=CNc4ccccc4C=C3[C@H]1CC2,['musk_activator_alphaC'],['MuSK'],1,1.0,0.0,0.0
COC(COc1ccc2c(=O)[nH]ccc2c1)C1Cc2cncnc2N1CC(C)C,['rock1_inhibitor_atp'],['ROCK1'],1,0.0,0.0,1.0
COC(NN=C[C@H]1C=CNCC1)=c1nnc2ncc3nc4ccncc4c3cc12,['mdm2_activator'],['MDM2'],1,1.0,0.0,0.0
COC(O)C1=C(c2ccccc2)[S+]=C2C(=O)N(C3CCCCC3)N=C21,['pak1_activator_alphaC'],['PAK1'],1,0.0,1.0,0.0
COC(O)CCCCOC1=CC(F)C=C(N=CC2=CCCC2)C1,['limk1_activator_alphaC'],['LIMK1'],1,0.0,1.0,0.0
COC(O)CNN=CCCNOC1=CC(=CC2CCCc3ccccc32)CCC1,['limk1_activator_alphaC'],['LIMK1'],1,0.0,1.0,0.0
COC1=C(C2CCN(c3cccc[nH+]3)C2=O)[n+]2cc3ccccc3c3cccc1c32,['mtor_inhibitor'],['mTOR'],1,0.0,0.0,1.0
COC1=C(O)C[C@H]2CC(O)=C([C@@H]3C(=O)c4cc(O)ccc4-c4cc(C)ccc43)[C@@H]12,['musk_activator_alphaC'],['MuSK'],1,1.0,0.0,0.0
COC1=CC2CCCC3CC(=NC4OCC(O)C5C(O)C(C)CC45)NC(C1)C23,['pak4_activator_alphaC'],['PAK4'],1,0.0,1.0,0.0
COC1=CN=CNc2c(Nc3ccccc3)cc(-c3cc[nH+]cn3)cc21,['cfl1_stabilizer'],['CFL1'],1,0.0,1.0,0.0
COC1=Cc2cc3c(C)cncc3c3cccc(c23)C1=O.COc1ccccc1,['cfl1_stabilizer'],['CFL1'],1,0.0,1.0,0.0
COC1=Cc2nc3ccc(O)cc3nc2C2=CC=c3ccccc3=CC2=C1,['mtor_inhibitor'],['mTOR'],1,0.0,0.0,1.0
COC1CC(OC)N(c2nccc3cnccc23)CC1OCCCCN,['rock1_inhibitor_atp'],['ROCK1'],1,0.0,0.0,1.0
COCC=O.COCCOCCNC1=CC2CCC3CCC(CC1)C23,['limk1_activator_alphaC'],['LIMK1'],1,0.0,1.0,0.0
COCCCN1CC(CNCc2ccccc2)CC(Cn2ccc3c(N)ncnc32)C1,['rock1_inhibitor_atp'],['ROCK1'],1,0.0,0.0,1.0
COCCCNC(C)CC1CN(c2ccc3ncccc3c2)CCN1,['rock1_inhibitor_atp'],['ROCK1'],1,0.0,0.0,1.0
COCCCNCCNc1ccc(-c2cccc3c(N)nccc23)cc1,['rock1_inhibitor_atp'],['ROCK1'],1,0.0,0.0,1.0
COCCN1CCN(c2ccc3c(N)nccc3c2)CC(CN(C)CCN)C1,['rock1_inhibitor_atp'],['ROCK1'],1,0.0,0.0,1.0
COCCN1CCN(c2cccc(O)c2)c2cc3cccc(C#N)c3nc2C1,['rock1_inhibitor_atp'],['ROCK1'],1,0.0,0.0,1.0
COCCNC=NNC1C=CC=C(C2CC(=C3CCCCC3)C(C)N2)CC1,['limk1_activator_alphaC'],['LIMK1'],1,0.0,1.0,0.0
COCCNCCC1CN(C)CC(Oc2cccc3cnccc23)C1C,['rock1_inhibitor_atp'],['ROCK1'],1,0.0,0.0,1.0
COCCNc1ccc(Nc2cccc(-c3ccc(C(C)(C)C)cc3)c2)cc1,['musk_activator_alphaC'],['MuSK'],1,1.0,0.0,0.0
COCCNc1ccccc1C(=O)NCCc1cccc(CCc2ccccc2)c1,['mdm2_activator'],['MDM2'],1,1.0,0.0,0.0
COCCOCCCN(C)CCOc1cccc2c(N)nccc12,['rock1_inhibitor_atp'],['ROCK1'],1,0.0,0.0,1.0
COCNC=CNOCCC=CC=C1CCC2=CC(C)C=C2C1,['limk1_activator_alphaC'],['LIMK1'],1,0.0,1.0,0.0
COC[C@H]1C(=Cc2c[nH]c(SC=C(O)c3ccccc3)n2)C(=O)C(=O)C1(C)C,['musk_activator_alphaC'],['MuSK'],1,1.0,0.0,0.0
COCc1ccc(NS(=O)(=O)C2CCOCC2)cc1,['perp_genmol_hop'],['PERP'],1,1.0,0.0,0.0
CO[C@@H](c1cc(N)nc2ccccc12)[C@@H](c1ccccc1)N1CCOCC1,['mdm2_activator'],['MDM2'],1,1.0,0.0,0.0
CO[C@H]1CC[C@H](C2=NC(C)=C3C=[N+]([C@H]4CCN(c5cccc[nH+]5)C4)C(=O)C=C32)CC1,['musk_activator_alphaC'],['MuSK'],1,1.0,0.0,0.0
CO[n+]1c(=O)c2cccc3cc(-c4ccccc4)cc4c(O)oc1c4=c32,['mtor_inhibitor'],['mTOR'],1,0.0,0.0,1.0
COc1[nH]c(Nc2ccccc2)nc2nc(CC(=O)O)c(-c3ccccc3)c1-2,['pak1_activator_alphaC'],['PAK1'],1,0.0,1.0,0.0
COc1c(O)cc2cc1OCCc1ccc3ccc4c(c(c(C)n4C)C(=O)NC2)c3c1,['mdm2_activator'],['MDM2'],1,1.0,0.0,0.0
COc1c(O)cc2cccc3c2c1[C@@H](C)[C@@H]1[C@@H](O)NC2=C(NC=CC=N2)N[C@@H]31,['mdm2_activator'],['MDM2'],1,1.0,0.0,0.0
COc1c2ccc(C)cc2nc2c1cc(CNc1ccccc1)c1cccc(O)c12,['mdm2_activator'],['MDM2'],1,1.0,0.0,0.0
COc1c2ccc3c(c2nc2c1c1n4c(c(N(C)C)cn2-4)=CC=C1)C=CC=CC=3,['mtor_inhibitor'],['mTOR'],1,0.0,0.0,1.0
COc1c[nH+]c2c(N=Cc3cc4ccccc4[nH]c3=O)c(C)c(=O)n(C)c2c1,['mdm2_activator'],['MDM2'],1,1.0,0.0,0.0
COc1cc(-c2ccc(C(=O)NC(=O)c3ccccc3N3CCCC3)o2)ccc1O,['musk_activator_alphaC'],['MuSK'],1,1.0,0.0,0.0
COc1cc(-c2ccc3c(c2)[N+]2=C4C=CCCC4=NC2=C3C(O)O)ccc1O,['cdk5_activator_p25iface'],['CDK5'],1,0.0,1.0,0.0
COc1cc(-c2ccccc2)c(-c2ccccc2)cc1Cn1nc(N)[nH]c1=O,['limk2_atp_inhibitor'],['LIMK2'],1,0.0,0.0,1.0
COc1cc(-c2ccncc2)cc(CNC=C2C(=O)C(CCC3CCNC3)CC2C)n1,['limk1_activator_alphaC'],['LIMK1'],1,0.0,1.0,0.0
COc1cc(-c2cnc3ccccc3c2)c(Cc2ccc(F)cc2)c(O)c1O,['mdm2_activator'],['MDM2'],1,1.0,0.0,0.0
COc1cc(C(=NOP(=O)(O)O)c2ccc(O)cc2)ccc1O,['dusp1_inhibitor'],['DUSP1'],1,0.0,1.0,0.0
COc1cc(C(=O)NC=CC=NN=CC#[N+]c2cnc3nccnc3n2)ccn1,['cfl1_stabilizer'],['CFL1'],1,0.0,1.0,0.0
COc1cc(C(=O)O)c(Cc2c[nH]c3ccccc23)cc2cc[n+](C)c1-2,['agrin_lg3_modulator'],['AGRIN'],1,1.0,0.0,0.0
COc1cc(C)c(NC(=O)NC[C@H](Cc2ccccc2)c2ccccc2)cn1,['mdm2_activator'],['MDM2'],1,1.0,0.0,0.0
COc1cc(C)cc(NC(=O)C=NN=NN=[N+]=NN=Cc2ccccc2)c1,['cfl1_stabilizer'],['CFL1'],1,0.0,1.0,0.0
COc1cc(C)ccc1C(C)NCC1=CC=[N+]2C1=Nc1c[n+](Cc3cncc[nH+]3)ccc12,['limk2_activator_alphaC'],['LIMK2'],1,0.0,1.0,0.0
COc1cc(C=CC=NNC2=CC=CC(CC=NNCCO)C2)cc(OC)c1,['limk1_activator_alphaC'],['LIMK1'],1,0.0,1.0,0.0
COc1cc(Cl)c(C(=O)N[C@H](C)c2ccc(NC(C)=O)cc2)cc1OC,['musk_activator_alphaC'],['MuSK'],1,1.0,0.0,0.0
COc1cc(F)c(N2CC[C@H]([C@H](C(=O)O)c3ccccc3)C2)c(F)c1,['musk_activator_alphaC'],['MuSK'],1,1.0,0.0,0.0
COc1cc(OC)c(OC)c(C(=O)N2CCN(C(=O)c3ccncc3)CC2)c1,['limk2_activator_alphaC'],['LIMK2'],1,0.0,1.0,0.0
COc1cc2c(c(-c3[nH+]c4cnccc4c4c3C3=CC=CC3=[N+]4C)c1)OCO2,['cfl1_stabilizer'],['CFL1'],1,0.0,1.0,0.0
COc1cc2c(c(O)c1O)OCc1cccc(c1)C[C@@H]1CN(CCN1C(C)(C)C)C2=O,['mdm2_activator'],['MDM2'],1,1.0,0.0,0.0
COc1cc2c(cc1NC(C)=O)N1Nc3cc(CNC(C)(C)C)ccc3N1N2,['musk_activator_alphaC'],['MuSK'],1,1.0,0.0,0.0
COc1cc2c(cc1O)=NC1=C(c3ccccc3)c3ccccc3C(=O)[N+]=21,['mdm2_activator'],['MDM2'],1,1.0,0.0,0.0
COc1cc2cc3c(=O)c4cc(C)ccc4oc3cc2cc1NCc1ccccc1,['musk_activator_alphaC'],['MuSK'],1,1.0,0.0,0.0
COc1cc2ccc(-c3ccc(O)c(F)c3)nc2cc1Oc1ccccc1,['dok7_binder'],['DOK7'],1,1.0,0.0,0.0
COc1ccc(-c2c(-c3c[nH]c4ccccc34)c[nH+]c3ccccc23)cc1,['mdm2_activator'],['MDM2'],1,1.0,0.0,0.0
COc1ccc(-c2cc(NC(=O)[C@H](N)CCO)ccc2NO)cc1,['cfl1_stabilizer'],['CFL1'],1,0.0,1.0,0.0
COc1ccc(-c2cc(Nc3nnc(C)s3)cc(C(O)C(=O)O)c2)cc1,['dusp1_inhibitor'],['DUSP1'],1,0.0,1.0,0.0
COc1ccc(-c2ccc(-c3cn[nH]c3)cc2O)nn1,['smn2_splice_genmol_hop'],['SMN2'],1,1.0,0.0,0.0
COc1ccc(-c2ccc(C(=O)c3ccc(C(C)(C)C)cc3)c(O)n2)cc1,['musk_activator_alphaC'],['MuSK'],1,1.0,0.0,0.0
COc1ccc(-c2ccc(NC(=O)C=Cc3ccc(O)c(O)c3)cc2)cc1,['cdk5_activator_p25iface'],['CDK5'],1,0.0,1.0,0.0
COc1ccc(-c2ccc3c(c2)S[C@H]2C[C@@H](c4ccc(O)cc4)CN2C3)cc1,['musk_activator_alphaC'],['MuSK'],1,1.0,0.0,0.0
COc1ccc(-c2ccc3nc4c5ccccnc5c(C(C)(C)C)cc4c3c2)cc1,['musk_activator_alphaC'],['MuSK'],1,1.0,0.0,0.0
COc1ccc(-c2cccc(-c3ccc4nc5cccc(C)n5c(=O)c4c3)nc2=O)cc1N,['musk_activator_alphaC'],['MuSK'],1,1.0,0.0,0.0
COc1ccc(-c2cccc(NCCNC(S)=Nc3cccc(C)c3)c2)cc1,['musk_activator_alphaC'],['MuSK'],1,1.0,0.0,0.0
COc1ccc(-c2ccnc(CN=NC3CNC(c4cnc(N)nc4)=N3)c2)cc1,['cfl1_stabilizer'],['CFL1'],1,0.0,1.0,0.0
COc1ccc(-c2nc(-c3ccc(N4CCNCC4)cn3)nc3ccccc23)cc1,['mtor_inhibitor'],['mTOR'],1,0.0,0.0,1.0
COc1ccc(-c2nc(C)cc(Nc3ccccc3C=CC(N)=O)n2)cc1,['musk_activator_alphaC'],['MuSK'],1,1.0,0.0,0.0
COc1ccc(-c2nc3cccc4[nH]c5cc(OC)cc(=O)c-5cc4c-3[nH+]2)cc1,['mtor_inhibitor'],['mTOR'],1,0.0,0.0,1.0
COc1ccc(-c2nc3cnc(N)nc3nc2-c2ccc(O)cc2)cc1,['cfl1_stabilizer'],['CFL1'],1,0.0,1.0,0.0
COc1ccc(-c2ncc(-c3noc(-c4ccc(C(N)=O)cc4)n3)nc2C)cc1,['musk_activator_alphaC'],['MuSK'],1,1.0,0.0,0.0
COc1ccc(-c2ncc3c(=O)nc[nH]c3c2-c2ccc(O)cc2)cc1,['perp_pocket3_alphaC'],['PERP'],1,1.0,0.0,0.0
COc1ccc(-c2ncnc3nc4nc5c(nc6ccccc6n5C)n4c23)cc1,['hdac2_inhibitor'],['HDAC2'],1,0.0,1.0,0.0
COc1ccc(-c2ncncc2-c2ccc3cccn3c2)cc1O,['mdm2_activator'],['MDM2'],1,1.0,0.0,0.0
COc1ccc(-c2noc(N3CCCN(C(=O)NCc4ccccc4)CC3)n2)cc1,['dok7_binder'],['DOK7'],1,1.0,0.0,0.0
COc1ccc(C(=O)NN=CC(=O)NC2=CNc3ccccc3C=C2)cc1,['musk_activator_alphaC'],['MuSK'],1,1.0,0.0,0.0
COc1ccc(C(=O)N[C@@H]2CC[C@H](C(=O)Nc3ccccc3C)[C@@H](C)C2)cc1C,['musk_activator_alphaC'],['MuSK'],1,1.0,0.0,0.0
COc1ccc(C(COc2ccc3c(N)nccc3c2)C2CCN(C)C2)cc1,['rock1_inhibitor_atp'],['ROCK1'],1,0.0,0.0,1.0
COc1ccc(C2=C(C)C=C3[C@@H](CC(=O)N3c3ccc4c(c3)OCCO4)C2)cc1,['musk_activator_alphaC'],['MuSK'],1,1.0,0.0,0.0
COc1ccc(C2=C(COP(=O)(O)O)N=C3C(=O)N=CN=C32)cc1,['dusp1_inhibitor'],['DUSP1'],1,0.0,1.0,0.0
COc1ccc(C2=c3cccc4c3=C(NN4C)c3c(cc[nH]c3=O)O2)cc1,['mtor_inhibitor'],['mTOR'],1,0.0,0.0,1.0
COc1ccc(C=C2C(O)=Nc3ncccc3[C@H]3[C@H]2CCN2CCCN[C@@H]32)cc1,['mdm2_activator'],['MDM2'],1,1.0,0.0,0.0
COc1ccc(C=C2Oc3cc4ccc5c(c4c(O)c3C2=O)C(=O)OC5)cc1O,['musk_activator_alphaC'],['MuSK'],1,1.0,0.0,0.0
COc1ccc(CC(C)C)cc1OCCN1CCCN(CCCNc2ncc[nH]2)CC1,['musk_activator_alphaC'],['MuSK'],1,1.0,0.0,0.0
COc1ccc(CCC[C@@H](CO)Nc2ncccc3nnc(N)c2-3)cc1,['limk2_atp_inhibitor'],['LIMK2'],1,0.0,0.0,1.0
COc1ccc(CCN(Cc2ccc(O)cc2)C(=O)c2ccncc2)cc1,['jak2_inhibitor'],['JAK2'],1,0.0,0.0,1.0
COc1ccc(CCN2CC(=Nc3nc(C)cc(C)n3)CC(O)C2=O)cc1C,['dok7_binder'],['DOK7'],1,1.0,0.0,0.0
COc1ccc(CCNC(=O)c2cnc3n(-c4ccc(O)cc4)ccn23)cc1,['musk_activator_alphaC'],['MuSK'],1,1.0,0.0,0.0
COc1ccc(CCNC(S)=Nc2ccc(-c3ccccn3)cc2)cc1C,['musk_activator_alphaC'],['MuSK'],1,1.0,0.0,0.0
COc1ccc(CCNNC2CCCC3C(=O)CCCC3C2N)cc1,['rock2_activator_alphaC'],['ROCK2'],1,1.0,0.0,0.0
COc1ccc(CCc2ccc(OC[C@@H](O)c3ccccc3Cl)cc2)cc1,['musk_activator_alphaC'],['MuSK'],1,1.0,0.0,0.0
COc1ccc(CN(CCc2ccccc2)Cc2ccc(S(N)(=O)=O)cc2)cc1,['mdm2_activator'],['MDM2'],1,1.0,0.0,0.0
COc1ccc(CN(Cc2ccccn2)c2ccc(NC(C)=O)cc2)cn1,['hdac2_inhibitor'],['HDAC2'],1,0.0,1.0,0.0
COc1ccc(CNC(=O)c2cc(-c3nc(C)c(C)cc3C)ccn2)cc1,['musk_activator_alphaC'],['MuSK'],1,1.0,0.0,0.0
COc1ccc(CNC(=O)c2ccc3c(c2)CC[C@@H](C(=O)O)c2cccn2-3)cc1,['musk_activator_alphaC'],['MuSK'],1,1.0,0.0,0.0
COc1ccc(COc2c3ccccc3nc3c(N)ncnc23)cc1,['perp_pocket3_alphaC'],['PERP'],1,1.0,0.0,0.0
COc1ccc(CSC2=CC3=C4CC[C@@]5(C)CC[C@@H]6CC(=O)C(=C4[C@H]65)C3=C2)cc1,['musk_activator_alphaC'],['MuSK'],1,1.0,0.0,0.0
COc1ccc(C[C@H](C(=O)O)c2cc3ccccc3c3cccnc23)cc1,['mdm2_activator'],['MDM2'],1,1.0,0.0,0.0
COc1ccc(C[C@H](c2ccccc2)N2CCc3ncccc3C2)cc1,['mdm2_activator'],['MDM2'],1,1.0,0.0,0.0
COc1ccc(Cc2c(OP(=O)(O)O)n(C)c3nc(C)ccc23)cc1,['dusp1_inhibitor'],['DUSP1'],1,0.0,1.0,0.0
COc1ccc(Cc2cc(OCc3cnc4[nH]c(N)nc(=O)c4c3)cc[nH+]2)cc1,['cfl1_stabilizer'],['CFL1'],1,0.0,1.0,0.0
COc1ccc(Cc2ccccc2OCCC=CCNNC(=N)N)cc1F,['dok7_binder'],['DOK7'],1,1.0,0.0,0.0
COc1ccc(Cc2cn(-c3cccc[nH+]3)[nH+]c2NCc2c[nH]c3ccccc23)cc1,['mdm2_activator'],['MDM2'],1,1.0,0.0,0.0
COc1ccc(Cc2nc3c(-c4ccccc4)c4ccccc4[nH+]c3c(=O)[nH]2)cc1,['cdk5_activator_p25iface'],['CDK5'],1,0.0,1.0,0.0
COc1ccc(Cn2ccc3cc(-c4ccccn4)cc(O)c3c2=O)cc1,['musk_activator_alphaC'],['MuSK'],1,1.0,0.0,0.0
COc1ccc(Cn2nc3c(ncc2=O)c2ncnc2c(=O)n3C)cc1,['mdm2_activator'],['MDM2'],1,1.0,0.0,0.0
COc1ccc(N(Cc2cccc(C(=O)O)c2)C(N)=NCc2ccccc2)cc1,['hdac2_inhibitor'],['HDAC2'],1,0.0,1.0,0.0
COc1ccc(N(Cc2cn3ccccc3n2)C(=O)CCc2ccccn2)cc1,['jak2_inhibitor'],['JAK2'],1,0.0,0.0,1.0
COc1ccc(N2CCN(C(=O)CC(=O)Nc3ccc(C)cc3)CC2)cc1,['musk_activator_alphaC'],['MuSK'],1,1.0,0.0,0.0
COc1ccc(N=CCNCCN=NN=NC(=O)c2ccc(O)cc2)cc1,['cfl1_stabilizer'],['CFL1'],1,0.0,1.0,0.0
COc1ccc(NC(=O)C=C2CC(O)CN2c2ccc3ccccc3c2)cn1,['jak2_inhibitor'],['JAK2'],1,0.0,0.0,1.0
COc1ccc(NC(=O)[C@@H](Nc2ccccc2)C(=Cc2ccccc2)C(=O)O)cc1,['cdk5_activator_p25iface'],['CDK5'],1,0.0,1.0,0.0
COc1ccc(NC(=O)c2cc(O)nc(-c3cccc(-c4ccccc4)c3)n2)cn1,['cfl1_stabilizer'],['CFL1'],1,0.0,1.0,0.0
COc1ccc(NC2=[n+]3cc4c(cc3N=N2)=NC=C4c2ccc(F)cc2)cc1,['mtor_inhibitor'],['mTOR'],1,0.0,0.0,1.0
COc1ccc(NCCc2nc3c(-c4ccccc4)ccnc3n2C)cc1,['pak1_activator_alphaC'],['PAK1'],1,0.0,1.0,0.0
COc1ccc(NCc2cc3c(=O)[nH]cnc3c3cc(C)ccc23)c[nH+]1,['mdm2_activator'],['MDM2'],1,1.0,0.0,0.0
COc1ccc(Nc2[nH+]c3c(c4c2=Cc2cc(C)ccc2N4)C=NC=NC=3)cc1,['jak2_inhibitor'],['JAK2'],1,0.0,0.0,1.0
COc1ccc(Nc2cc(C(=O)O)cc3ccc4ccc(F)cc4c23)cc1,['mdm2_activator'],['MDM2'],1,1.0,0.0,0.0
COc1ccc(Nc2ccccc2NC(=O)CC=CCC(N)=O)cc1,['cfl1_stabilizer'],['CFL1'],1,0.0,1.0,0.0
COc1ccc(Nc2nc(N3CCC(N(C)C)CC3)nc3ccc(OC)cc23)cc1,['mtor_inhibitor'],['mTOR'],1,0.0,0.0,1.0
COc1ccc(Nc2nc3cnc4ccccc4c3nc2OP(=O)(O)O)cc1,['dusp1_inhibitor'],['DUSP1'],1,0.0,1.0,0.0
COc1ccc(Nc2ncnc3c2CN(c2ncc(N)cn2)CC3)nc1,['mdm2_activator'],['MDM2'],1,1.0,0.0,0.0
COc1ccc(Oc2ccc3c(c2)C2=c4ccccc4=NC(=O)C2=NC3=O)cc1,['mtor_inhibitor'],['mTOR'],1,0.0,0.0,1.0
COc1ccc([C@H]2CCN(CCCc3ccc(C(N)=O)c4nc[nH]c34)C2)cc1,['musk_activator_alphaC'],['MuSK'],1,1.0,0.0,0.0
COc1ccc([C@H]2C[C@@H](c3ncnc4[nH]cnc34)[C@H]([C@@H](O)COP(=O)(O)O)O2)cc1,['mdm2_activator'],['MDM2'],1,1.0,0.0,0.0
COc1ccc2c(=O)c3ccc(C(=O)O)cc4cc5c(CCO)cc1c2c5c43,['musk_activator_alphaC'],['MuSK'],1,1.0,0.0,0.0
COc1ccc2c(N=NCC(=O)NN=NN=NN=Cc3ccccc3)ccnc2c1,['cfl1_stabilizer'],['CFL1'],1,0.0,1.0,0.0
COc1ccc2c(c1)-n1cnc3ncnc(c31)NCc1cccnc1N2,['mdm2_activator'],['MDM2'],1,1.0,0.0,0.0
COc1ccc2c(c1)=C(c1[nH+]n(C)c3ccccc13)NC1=C(O)C=CC=CC=21,['mtor_inhibitor'],['mTOR'],1,0.0,0.0,1.0
COc1ccc2c(c1)=Nc1c(N)ncc3c1[n+](c(O)n3-c1ccccc1)C=2,['mtor_inhibitor'],['mTOR'],1,0.0,0.0,1.0
COc1ccc2c(c1)C(=O)[N+](C[C@@H](O)NC[C@@H](O)c1ccc(O)cc1)=N2,['musk_activator_alphaC'],['MuSK'],1,1.0,0.0,0.0
COc1ccc2c(c1)C=c1c([n+](C)c3cccc4cc(S(=O)(=O)O)cc1c43)C=C2,['mdm2_activator'],['MDM2'],1,1.0,0.0,0.0
COc1ccc2c(c1)N(C)c1cc3[nH]c4[nH+]c(C)ccc4c3cc1C(=O)N2,['musk_activator_alphaC'],['MuSK'],1,1.0,0.0,0.0
COc1ccc2c(c1)Oc1nc(N)ncc1-c1c(cnc3cnccc13)CC2,['limk2_atp_inhibitor'],['LIMK2'],1,0.0,0.0,1.0
COc1ccc2c(c1)nc(-c1ccc3cnccc3c1)c1ccccc12,['mdm2_activator'],['MDM2'],1,1.0,0.0,0.0
COc1ccc2c(ccc3cc4cc(N[C@H]5CCCN(CN)C5)[nH]c4cc32)c1,['musk_activator_alphaC'],['MuSK'],1,1.0,0.0,0.0
COc1ccc2c3c(c[nH]c13)CCNC1=NC(=NCc3cccc-2c3)NC(O)=N1,['mdm2_activator'],['MDM2'],1,1.0,0.0,0.0
COc1ccc2c3c4c(cc5n(C)ncn45)nc4cnccc4c-3nc2c1,['jak2_inhibitor'],['JAK2'],1,0.0,0.0,1.0
COc1ccc2cccc3c(=O)n4nc(-c5cc(C(=O)O)ccc5O)cc4c1c23,['mdm2_activator'],['MDM2'],1,1.0,0.0,0.0
COc1ccc2oc(=O)c(=Nc3cccc(C(=O)O)c3)ccc2c1,['cdk5_activator_p25iface'],['CDK5'],1,0.0,1.0,0.0
COc1cccc(-c2ccc(C#[N+]N=CNNc3ccccc3)cc2)c1,['dok7_binder'],['DOK7'],1,1.0,0.0,0.0
COc1cccc(-c2ccc3c(cnn3Cc3cccc(S(=O)(=O)O)c3)c2)c1,['cdk5_activator_p25iface'],['CDK5'],1,0.0,1.0,0.0
COc1cccc(-c2cnc(N3CCCNCC3)nc2-c2ccccc2)c1,['mdm2_activator'],['MDM2'],1,1.0,0.0,0.0
COc1cccc(-c2nc3c(n2O)NC=CC(c2ccc4c(c2)CCNC4)=C3)c1,['musk_activator_alphaC'],['MuSK'],1,1.0,0.0,0.0
COc1cccc(C=Cc2ccc(NCCc3ccc(O)cc3)c(C(=O)O)c2)c1,['musk_activator_alphaC'],['MuSK'],1,1.0,0.0,0.0
COc1cccc(C=NN=CCC=CN(O)CCCCOc2cccnc2)c1,['limk1_activator_alphaC'],['LIMK1'],1,0.0,1.0,0.0
COc1cccc(CCC(=O)[C@H]2CCCC[C@H]2Cc2ccc(O)nc2)c1,['musk_activator_alphaC'],['MuSK'],1,1.0,0.0,0.0
COc1cccc(CN2CCCCN(C=Nc3nc4ccccc4[nH]3)C2=O)c1,['cfl1_stabilizer'],['CFL1'],1,0.0,1.0,0.0
COc1cccc(Cc2cc3ccc(N4C=CCC(C(=O)O)=N4)cc3nn2)c1F,['cdk5_activator_p25iface'],['CDK5'],1,0.0,1.0,0.0
COc1cccc(N2CCC(=O)C(=C(C)c3ccc(S(C)(=O)=O)cc3)C2=O)c1,['musk_activator_alphaC'],['MuSK'],1,1.0,0.0,0.0
COc1cccc(N=C2C=C(Nc3ccccc3N)c3ccccc32)c1,['musk_activator_alphaC'],['MuSK'],1,1.0,0.0,0.0
COc1cccc(NC(=O)CCC(=O)Nc2cc3c4c(cccc4c2)CCNC3=O)c1,['musk_activator_alphaC'],['MuSK'],1,1.0,0.0,0.0
COc1cccc(NC(=O)c2n[nH]c(-c3ccccc3)nc2=N)c1,['limk2_atp_inhibitor'],['LIMK2'],1,0.0,0.0,1.0
COc1cccc(Nc2c3nc4ccc(OC)cc4cc3nn2C)c1,['musk_activator_alphaC'],['MuSK'],1,1.0,0.0,0.0
COc1cccc(Oc2ccc3c4ncccc4c4c(=O)n(N)cnc4c3n2)c1,['mdm2_activator'],['MDM2'],1,1.0,0.0,0.0
COc1cccc2c(=C(O)NCCCc3ccccc3)c3cccn3c12,['musk_activator_alphaC'],['MuSK'],1,1.0,0.0,0.0
COc1cccc2c(Nc3cccc(CNCc4cccc(F)c4)c3)ccnc12,['mdm2_activator'],['MDM2'],1,1.0,0.0,0.0
COc1cccc2c1C(C)N(N1CC3(C4CCC(C4)C(C)C3C)C1C)NC2,['pak4_activator_alphaC'],['PAK4'],1,0.0,1.0,0.0
COc1cccc2c1CC(C)C2=O.OCOC=C1N=C2Cc3ccccc3N2N1,['limk1_activator_alphaC'],['LIMK1'],1,0.0,1.0,0.0
COc1cccc2c1CCN2c1nc(-c2ccc(F)cc2)c2ccncc2n1,['mdm2_activator'],['MDM2'],1,1.0,0.0,0.0
COc1cccc2c1c(=O)c1ccccc3c4cc(C=O)ccc4[n+]2c13,['mdm2_activator'],['MDM2'],1,1.0,0.0,0.0
COc1cccc2c1oc1c(C(=O)O)nc3c4ccccc4ccc3c12,['dusp1_inhibitor'],['DUSP1'],1,0.0,1.0,0.0
COc1cccc2c3cc4c(C(=O)O)cn(-c5ccn(C)c5)c4ccc-3cc12,['musk_activator_alphaC'],['MuSK'],1,1.0,0.0,0.0
COc1cccc2cc(NC(=O)c3cccc4cc(C)ccc34)c(=O)[nH]c12,['cdk5_activator_p25iface'],['CDK5'],1,0.0,1.0,0.0
COc1cccc2nccc-2c1.N#Cc1ccc([N+](=O)O)cc1,['limk1_activator_alphaC'],['LIMK1'],1,0.0,1.0,0.0
COc1ccccc1-c1cccc(-c2nc(Cc3ccc[nH+]c3)n[nH]2)c1,['dok7_binder'],['DOK7'],1,1.0,0.0,0.0
COc1ccccc1C=CC(=O)c1cc(-c2cccc(C(=O)O)c2)n[nH]1,['dok7_binder'],['DOK7'],1,1.0,0.0,0.0
COc1ccccc1CNCCCCOC=CN=C1CCC=CN1,['limk1_activator_alphaC'],['LIMK1'],1,0.0,1.0,0.0
COc1ccccc1CNc1nc2ccccc2nc1C#Cc1ncccc1F,['jak2_inhibitor'],['JAK2'],1,0.0,0.0,1.0
COc1ccccc1N=Cn1cccc1-c1cnc2nccnc2c1,['perp_pocket3_alphaC'],['PERP'],1,1.0,0.0,0.0
COc1ccccc1N[C@H](O)c1c2c3c(c[n+]1C)c1ccccc1n3CCC2=O,['musk_activator_alphaC'],['MuSK'],1,1.0,0.0,0.0
COc1ccnc2[nH]c([C@@H](C)[n+]3c(O)nc4ccnc5ccccc5c3-4)nc12,['mdm2_activator'],['MDM2'],1,1.0,0.0,0.0
COc1cn2ncc3c2nc1Nc1cccc(c1)C(=O)NCCc1cccc-3c1,['mdm2_activator'],['MDM2'],1,1.0,0.0,0.0
COc1cnccc1C(=O)N(C)CCOc1ccccc1-c1ccccc1,['perp_pocket3_alphaC'],['PERP'],1,1.0,0.0,0.0
COc1n[nH+]ccc1NC(=O)c1ccc(N(C)c2n[nH]c(-c3ccc(F)cc3)n2)cc1,['cfl1_stabilizer'],['CFL1'],1,0.0,1.0,0.0
COc1ncc2c3c(c4ccccc4nc13)C(NC(N)c1ccccc1)CCN2,['hdac2_inhibitor'],['HDAC2'],1,0.0,1.0,0.0
COc1nccc(C(=O)N2CCCN(C(=O)c3ccccc3C)CC2)c1C,['musk_activator_alphaC'],['MuSK'],1,1.0,0.0,0.0
COc1ncnc2oc(-c3ccccc3)c(-c3ccc(O)c(C(=O)O)c3)c12,['mdm2_activator'],['MDM2'],1,1.0,0.0,0.0
CS(=O)(=O)N1CCN(C(=O)NCc2cc(-c3ccccc3)c3cccn3c2)CC1,['mdm2_activator'],['MDM2'],1,1.0,0.0,0.0
CS(=O)(=O)Nc1ccc(NC(=O)NC[C@@]23CC[C@H]4[C@@H]5C[C@@H](C[C@H]2C5)C[C@H]43)cc1,['cdk5_activator_p25iface'],['CDK5'],1,0.0,1.0,0.0
CS(=O)(=O)Nc1ccc2c3c(c(Cc4ccccc4)ccc13)-c1cc(F)ccc1O2,['mdm2_activator'],['MDM2'],1,1.0,0.0,0.0
CS(=O)(=O)Oc1ccc(C(=Cc2cccc(-c3ccccc3)c2)C(=O)O)cc1,['musk_activator_alphaC'],['MuSK'],1,1.0,0.0,0.0
CS(=O)(=O)c1ccc(CNCc2[nH+]cncc2-c2nn[nH]n2)c2ccc[nH+]c12,['mdm2_activator'],['MDM2'],1,1.0,0.0,0.0
CS(=O)(=O)c1ccc2cc3n(c2c1)C(=O)N(c1cccc2ccccc12)C3=O,['cdk5_activator_p25iface'],['CDK5'],1,0.0,1.0,0.0
CS(=O)(=O)c1cccc(CNc2cc(C(=O)NC3CCCC3)cc3c2OCC3)c1,['musk_activator_alphaC'],['MuSK'],1,1.0,0.0,0.0
CS(=O)(=O)c1cccc2c1S[C@@H](NC(=O)c1ccc3ccccc3c1)C2,['musk_activator_alphaC'],['MuSK'],1,1.0,0.0,0.0
CS(=O)(=O)c1ccccc1-c1cccc(Oc2ccc(C(N)=O)cc2)c1,['limk2_activator_alphaC'],['LIMK2'],1,0.0,1.0,0.0
C[C@@H](C(F)F)n1[nH]cc2cc(-c3cccc(C=CC(=O)O)c3)nc-2c1=O,['cdk5_activator_p25iface'],['CDK5'],1,0.0,1.0,0.0
C[C@@H](CCC[C@@H](O)CO)CCc1ccc2c(c1)-c1cccc3cccc-2c13,['musk_activator_alphaC'],['MuSK'],1,1.0,0.0,0.0
C[C@@H](CCc1ccnc2ccccc12)n1c(=O)cc(O)c2nc3ncccc3nc21,['mdm2_activator'],['MDM2'],1,1.0,0.0,0.0
C[C@@H](CN(C)c1ccc(CC(=O)O)cc1)Oc1cn2ncnc2c2nnnn12,['mdm2_activator'],['MDM2'],1,1.0,0.0,0.0
C[C@@H](CN1CCC(=Cc2ccc(Nc3[nH]ccc3C(=O)NO)cc2)C1)N(C)C,['musk_activator_alphaC'],['MuSK'],1,1.0,0.0,0.0
C[C@@H](CN1CCCCC1)Nc1cccc(Cc2ccc(NC(=O)c3ccncc3)cc2)c1,['musk_activator_alphaC'],['MuSK'],1,1.0,0.0,0.0
C[C@@H](CO)NC(=O)CCN1CCN(c2ccc(-c3ccccc3)cn2)CC1,['cfl1_stabilizer'],['CFL1'],1,0.0,1.0,0.0
C[C@@H](CO)OC(=O)CC=C(O)CC=CCCCCCCCCCC=CC=CC(=O)O,['cfl1_stabilizer'],['CFL1'],1,0.0,1.0,0.0
C[C@@H](COCCCCCC(=O)O)OCCOCCOC=C(O)OCCO,['cfl1_stabilizer'],['CFL1'],1,0.0,1.0,0.0
C[C@@H](Cc1ccccc1)NC(=O)Cc1cc(-c2ccccc2)nc(CO)c1O,['limk2_atp_inhibitor'],['LIMK2'],1,0.0,0.0,1.0
C[C@@H](N)CCCC(=O)N1CCCN(C(=O)c2ccc(-c3ccccc3)cc2)CC1,['musk_activator_alphaC'],['MuSK'],1,1.0,0.0,0.0
C[C@@H](NC(=O)NCc1cccn1C)C(=O)NCCc1nccnc1-c1ccccc1,['musk_activator_alphaC'],['MuSK'],1,1.0,0.0,0.0
C[C@@H](NC(=O)OCC(=O)Nc1ccc(C(=O)Nc2ccccc2)cc1)c1cccs1,['musk_activator_alphaC'],['MuSK'],1,1.0,0.0,0.0
C[C@@H](N[C@H](c1cccc[nH+]1)c1ccco1)c1cc(-c2cccs2)n[nH]1,['musk_activator_alphaC'],['MuSK'],1,1.0,0.0,0.0
C[C@@H](c1ccccc1)c1cccc2c1-c1[nH+]ccnc1C[C@@H](c1cn[nH]n1)O2,['mdm2_activator'],['MDM2'],1,1.0,0.0,0.0
C[C@@H](c1cccnc1)N1CCc2c(O)c(O)ccc3c4cccnc4c(c2-3)C1,['mdm2_activator'],['MDM2'],1,1.0,0.0,0.0
C[C@@H]1C(=O)N(C2=CC=Cc3ccccc3N2)CCN1c1cccc(-c2cn[nH]c2)c1,['musk_activator_alphaC'],['MuSK'],1,1.0,0.0,0.0
C[C@@H]1C(=O)[C@H](CC[C@H]2CCOc3ccccc32)C(=O)N1c1cccnc1,['musk_activator_alphaC'],['MuSK'],1,1.0,0.0,0.0
C[C@@H]1C=C(O)Cc2cc3c4cc5c(O)nc6ccccc6[nH+]c5cc4[n+](C)c3cc21,['musk_activator_alphaC'],['MuSK'],1,1.0,0.0,0.0
C[C@@H]1C=C2CN(C(=O)C=C2[N+](=O)O)C(=O)c2cccc(c2)OCCCCCC1,['limk2_atp_inhibitor'],['LIMK2'],1,0.0,0.0,1.0
C[C@@H]1CCC2=C(Cc3ccccc3)C[C@H](C[C@@H](C)O)[C@@H]3C(=O)C4=C(CO[C@@H]1[C@@H]23)[C@H](C)[C@@H]4O,['musk_activator_alphaC'],['MuSK'],1,1.0,0.0,0.0
C[C@@H]1CCCC[C@@H](COc2ccc(Oc3ccc(C(O)=N[C@@H]4CCN(C)C4)cc3)cc2)C1,['musk_activator_alphaC'],['MuSK'],1,1.0,0.0,0.0
C[C@@H]1CCCN(C(=O)c2ccc3cc(Oc4ccccn4)ccc3c2)CC1,['musk_activator_alphaC'],['MuSK'],1,1.0,0.0,0.0
C[C@@H]1CCC[C@@H]2CCCc3nccn3-c3cc(O)cc(c3)C[C@@H]1CC2,['limk2_atp_inhibitor'],['LIMK2'],1,0.0,0.0,1.0
C[C@@H]1CCN(Cc2cnc(-c3ccccc3)[nH]2)C[C@@H]2c3ccccc3C(=O)N[C@@H]12,['musk_activator_alphaC'],['MuSK'],1,1.0,0.0,0.0
C[C@@H]1CN(C)CCN1c1ccc2cc(Nc3cc(N4CCCCCC4)c[nH]3)ccc2c1,['musk_activator_alphaC'],['MuSK'],1,1.0,0.0,0.0
C[C@@H]1CN(Cc2ccccc2)CC[C@H]1CNC(=O)c1[nH]ncc1-c1ccccc1,['limk2_atp_inhibitor'],['LIMK2'],1,0.0,0.0,1.0
C[C@@H]1C[C@H]2C(=O)N(c3ccc(Oc4ccccc4)cc3)C2C[C@H]1CCN,['musk_activator_alphaC'],['MuSK'],1,1.0,0.0,0.0
C[C@@H]1Cc2cc(N3CC[C@@H](C(C)(C)O)C3=O)ccc2CN1Cc1ccc(O)cc1,['musk_activator_alphaC'],['MuSK'],1,1.0,0.0,0.0
C[C@@H]1NC(=O)C2=C1CCCc1nn(C[C@@H](C)c3ccccc3)cc12,['mdm2_activator'],['MDM2'],1,1.0,0.0,0.0
C[C@@H]1OC2=C[C@H]3CC[C@H](O)C=C3C3C4=CC(=O)CC(C)(C)C[C@@H]4[C@@](O)(O1)[C@@]23O,['limk2_atp_inhibitor'],['LIMK2'],1,0.0,0.0,1.0
C[C@@H]1[C@@H](C)CCN1C(=O)C1=CC=c2cc(NCCCCCCN)c(N(C)C)cc2=CN1,['musk_activator_alphaC'],['MuSK'],1,1.0,0.0,0.0
C[C@@H]1[C@@H](O)[C@H]2C3=C(Cc4ccccc42)C(=O)[C@H](C[C@H](C)O)[C@@H](C3)C[C@@H]1O,['musk_activator_alphaC'],['MuSK'],1,1.0,0.0,0.0
C[C@@H]1[C@@H](c2cccc3ccccc23)[C@@H](NC(=O)c2ccccc2)CN1C,['musk_activator_alphaC'],['MuSK'],1,1.0,0.0,0.0
C[C@@H]1[C@H]2C[C@@H](N(C)C)[C@H](O)[C@@H]2C(O)=C[C@H]1CC=C1C[C@@H](O)[C@]23CC[C@](C)(CC2)C[C@H]3[C@@H]1C,['musk_activator_alphaC'],['MuSK'],1,1.0,0.0,0.0
C[C@@H]1c2cc3ccccc3nc2[C@@H](C)[C@H]2C[C@@H]3CCCCC(=O)[C@@H]3CC[C@H]21,['musk_activator_alphaC'],['MuSK'],1,1.0,0.0,0.0
C[C@@]12CCCN1c1c(cc3ccnc4nonc4[n+]1-3)[C@@H]1CCCC[C@H]12,['mdm2_activator'],['MDM2'],1,1.0,0.0,0.0
C[C@H](C(=O)CN1CC[C@H](CNc2ccnc(-c3ccncc3)n2)C1)N1CCCCC1,['musk_activator_alphaC'],['MuSK'],1,1.0,0.0,0.0
C[C@H](C(=O)O)N1CCN(C[C@@H]2CCc3ccc(OC(F)(F)F)cc3C2)CC1,['musk_activator_alphaC'],['MuSK'],1,1.0,0.0,0.0
C[C@H](C=C(O)CNc1nc(=O)c2nc3ccc[nH]cc3n12)c1ccccc1,['limk2_atp_inhibitor'],['LIMK2'],1,0.0,0.0,1.0
C[C@H](CC(=O)O)NC(=O)c1ccc2ccc(N[C@@H]3COC(C)(C)C3)cc2c1,['musk_activator_alphaC'],['MuSK'],1,1.0,0.0,0.0
C[C@H](CC(=O)c1ccc(CCc2ccccc2)c2n[nH]cc12)Cc1cc(O)cc[nH+]1,['musk_activator_alphaC'],['MuSK'],1,1.0,0.0,0.0
C[C@H](CCN(C)C)Nc1nc2ccccc2c2cc(C(=O)N(C)C)ccc12,['musk_activator_alphaC'],['MuSK'],1,1.0,0.0,0.0
C[C@H](CCc1ccccc1)NC(=O)Nc1ccc(NCCSc2cccc(O)c2)nc1,['musk_activator_alphaC'],['MuSK'],1,1.0,0.0,0.0
C[C@H](CNC(=O)c1ccc(N2CCCN(C)CC2)cc1)Cc1cn2ccccc2n1,['musk_activator_alphaC'],['MuSK'],1,1.0,0.0,0.0
C[C@H](CNCc1ccccc1)[P@@](=O)(O)[C@H](Nc1ccccc1)c1ccccc1,['limk2_atp_inhibitor'],['LIMK2'],1,0.0,0.0,1.0
C[C@H](CNN=Cc1ccc(O)c[nH+]1)NC(=O)C1=NNC=NC(=O)C=C1,['cfl1_stabilizer'],['CFL1'],1,0.0,1.0,0.0
C[C@H](CO)C(=O)NCCCc1ccc(CNCCc2ccccn2)cc1,['musk_activator_alphaC'],['MuSK'],1,1.0,0.0,0.0
C[C@H](N)C(=O)O[C@@]12CCC[C@@H]1C[C@H]1C[C@H](CCNC(=O)N[C@@H]3CCN(C)C3)C=C[C@@H]1C2,['musk_activator_alphaC'],['MuSK'],1,1.0,0.0,0.0
C[C@H](N)CCc1ccc(C(=O)c2ccc(COCCc3ccccc3)cn2)cc1,['musk_activator_alphaC'],['MuSK'],1,1.0,0.0,0.0
C[C@H](N)COc1ccc(-c2ccc3ccccc3n2)cc1C(=O)NCCCCCN,['musk_activator_alphaC'],['MuSK'],1,1.0,0.0,0.0
C[C@H](NC(=O)N1CCC(O)(c2ccccc2)CC1)c1csc(-c2ccccc2)n1,['musk_activator_alphaC'],['MuSK'],1,1.0,0.0,0.0
C[C@H](NC(=O)NCCc1ccccc1)C(O)=Nc1ccc(N2CCN(C)CC2)cc1,['musk_activator_alphaC'],['MuSK'],1,1.0,0.0,0.0
C[C@H](NCCNc1cncc(-c2ccccc2)c1)c1ccccc1,['musk_activator_alphaC'],['MuSK'],1,1.0,0.0,0.0
C[C@H](NCc1ccc(Nc2nc3ccccc3[nH]2)cc1)c1ccccc1,['musk_activator_alphaC'],['MuSK'],1,1.0,0.0,0.0
C[C@H](O)[C@@H](C)C1=CC2=C3[C@@H](CC[C@]3(C)C1)[C@@H](C)C(=O)CC[C@@H]2C,['musk_activator_alphaC'],['MuSK'],1,1.0,0.0,0.0
C[C@H](O)c1c2n(c3ccccc13)C(=O)[C@@H]1CN(C=CN1C)C(=O)N(C)CC=C2,['limk2_atp_inhibitor'],['LIMK2'],1,0.0,0.0,1.0
C[C@H](O[P@]1(=O)O[P@](=O)(O)O1)[C@]1(O)O[C@H]2[C@H](O)[C@@H]1O[C@H]2Nc1ncnc2cncnc12,['mdm2_activator'],['MDM2'],1,1.0,0.0,0.0
C[C@H]([C@@H](O)[C@H]1OC[C@@H](O[P@@](=O)(O)OP(=O)(O)O)[C@@H]1O)n1cnc2c(=O)nc(N)[nH]c21,['mdm2_activator'],['MDM2'],1,1.0,0.0,0.0
C[C@H](c1ccccn1)[C@H](Cc1ccccc1F)C(=O)N1CCc2ccccc2C1,['mdm2_activator'],['MDM2'],1,1.0,0.0,0.0
C[C@H]1C(=O)N(c2cccs2)CC(=O)N1c1n[nH]c2c1=CC=CC1=CC=CC=CC=21,['musk_activator_alphaC'],['MuSK'],1,1.0,0.0,0.0
C[C@H]1CC(C)(C)CCc2cc(N=NN=C3C=CC(N)=NC3)c3ccc(N)cc3[n+]21,['cfl1_stabilizer'],['CFL1'],1,0.0,1.0,0.0
C[C@H]1CC=C2Nc3nc(c4ccccc4n3)CCC(=O)[C@@H](O)[C@@H]3C=C[C@H]1[C@@]2(C)[C@@H]3O,['limk2_atp_inhibitor'],['LIMK2'],1,0.0,0.0,1.0
C[C@H]1CCCC[C@H]1CCN(C)CC(=N)c1ccc2cc(S(N)(=O)=O)ccc2n1,['musk_activator_alphaC'],['MuSK'],1,1.0,0.0,0.0
C[C@H]1CCN(c2ccc(NC(=O)C[C@H]3CC[C@H]4[C@@H]5C[C@](C)(C[C@H]4N)[C@H](C)C(=O)[C@@H]35)nc2)C1,['musk_activator_alphaC'],['MuSK'],1,1.0,0.0,0.0
C[C@H]1CCN(c2ccc(NC(=O)NCc3cccc(N4CCOCC4)c3)cc2)C1,['musk_activator_alphaC'],['MuSK'],1,1.0,0.0,0.0
C[C@H]1CCN(c2ccc([C@@H](O)c3ccc(C(=O)NNc4ccccc4)cc3)cc2)C1,['musk_activator_alphaC'],['MuSK'],1,1.0,0.0,0.0
C[C@H]1CCc2ncnc(N3C[C@@H](N(C)[C@@H]4CCCCNC4)CC3=O)c21,['limk2_atp_inhibitor'],['LIMK2'],1,0.0,0.0,1.0
C[C@H]1COc2cc3c(cc2N[C@H]1c1cccc2c[nH]cc12)S[C@@H](c1ccccc1)CO3,['musk_activator_alphaC'],['MuSK'],1,1.0,0.0,0.0
C[C@H]1C[C@@H](c2ccc[nH+]c2)CN1c1cccc(-c2[nH+]cncc2-c2cn[nH]n2)c1,['mdm2_activator'],['MDM2'],1,1.0,0.0,0.0
C[C@H]1C[C@@H](c2cccc(C(=O)NCCc3ccccc3)c2)N2CCNC[C@H]12,['musk_activator_alphaC'],['MuSK'],1,1.0,0.0,0.0
C[C@H]1C[C@@](C)(O)CC[C@@H]1CC1=CC=C[C@H]2CC3=C(C=C(O)Oc4ccccc43)[C@@H]12,['limk2_atp_inhibitor'],['LIMK2'],1,0.0,0.0,1.0
C[C@H]1Cc2cc(O)ccc2CCN1Cc1nnc(-c2ccccc2)nc1-c1ccccc1,['musk_activator_alphaC'],['MuSK'],1,1.0,0.0,0.0
C[C@H]1Cn2c(cc(=O)n3c4ccccc4nc23)C(=O)N1CCN1CCCCC1,['limk2_atp_inhibitor'],['LIMK2'],1,0.0,0.0,1.0
C[C@H]1NC2=C(O1)C1=CC=CC(=N)[N@@H+]1C(NN=Cc1c3ccccc3n3cn[nH]c13)=C2,['cfl1_stabilizer'],['CFL1'],1,0.0,1.0,0.0
C[C@H]1[C@@H]2C(=O)[C@H](C=CC3=NCC=CC3=O)C(=O)[C@@H]2[C@@H](O)C[C@]1(O)C(C)(C)C,['musk_activator_alphaC'],['MuSK'],1,1.0,0.0,0.0
C[C@H]1[C@@H]2CC(=CCC[C@@H]3C=C[C@H](O)CC3)CC2=CC[C@@H]1C1(C)CCN(C)CC1,['musk_activator_alphaC'],['MuSK'],1,1.0,0.0,0.0
C[C@H]1[C@H](CCCc2ccc(NCCC(=O)NCc3ccccc3)cc2)CCCC1(C)C,['musk_activator_alphaC'],['MuSK'],1,1.0,0.0,0.0
C[C@]1(O)CC2=c3c(c4ccccc4n3C=C3[C@@H](c4ccccc4)C=CN3C2=O)=NC1=O,['musk_activator_alphaC'],['MuSK'],1,1.0,0.0,0.0
C[N+](C)(C)CCC(=O)NCCNC(=O)Nc1ccc(CN2CCCCC2=O)cc1,['musk_activator_alphaC'],['MuSK'],1,1.0,0.0,0.0
C[N+](C)(C)CCCc1ccc(-c2ccc(Nc3ccccc3)nc2)cc1,['musk_activator_alphaC'],['MuSK'],1,1.0,0.0,0.0
C[N+](C)(C)CCc1ccc2c(n1)=NC1=CC(CCCCc3ccccc3)=NC=21,['musk_activator_alphaC'],['MuSK'],1,1.0,0.0,0.0
C[N+](NCc1ccc2ccc(N)cc2c1)=C(O)CCc1ccccc1,['cfl1_stabilizer'],['CFL1'],1,0.0,1.0,0.0
C[N+]1(C)CCCN2Cc3c4cn[n+](-c5ccccc5)c-4[nH+]c4ccccc4c3[C@@H]2C1,['musk_activator_alphaC'],['MuSK'],1,1.0,0.0,0.0
C[N+]1=C(C(=O)O)C(=NN=Cc2ccc3[nH+]cccc3c2)c2cc3ccccc3[nH+]c21,['mdm2_activator'],['MDM2'],1,1.0,0.0,0.0
C[N+]1=C(c2c[nH]c(-c3ccccc3)c2)[N+](Cc2ccccc2C(=O)O)=CC1=O,['jak2_inhibitor'],['JAK2'],1,0.0,0.0,1.0
C[N+]1=C2N[C@@H]3c4ccccc4C(=O)[C@@H]3C(=O)[C@@H]2Cc2cc3c(cc21)OCO3,['musk_activator_alphaC'],['MuSK'],1,1.0,0.0,0.0
C[N+]1=c2c(c(Cc3cccc4ccccc34)c3ccccc3[n+]2C)=CC1=O,['hdac2_inhibitor'],['HDAC2'],1,0.0,1.0,0.0
C[N@@H+]1CCc2c(cccc2N=C(O)Nc2cccc3[nH]c(-c4ccccc4)nc23)C1,['mdm2_activator'],['MDM2'],1,1.0,0.0,0.0
C[N@H+]1CCc2cnccc2[C@@H]1c1c(-c2ccc(F)cc2)c2nonc2[nH]c1=O,['mdm2_activator'],['MDM2'],1,1.0,0.0,0.0
C[N@H+]1C[C@@](Cc2ncc(-c3cccc[nH+]3)[nH]2)(C(=O)O)Oc2ccccc21,['mdm2_activator'],['MDM2'],1,1.0,0.0,0.0
C[NH+]1CCc2c1ccc1[nH]c3c(c21)CC(COc1ccc[n+]2nccn12)CC3,['rock1_inhibitor_atp'],['ROCK1'],1,0.0,0.0,1.0
C[NH+]1Cc2ccccc2C2CCCn3c(nc4c5cc[nH]c(=O)c5ccc43)C2C1,['rock1_inhibitor_atp'],['ROCK1'],1,0.0,0.0,1.0
C[SH](=O)(O)N1CCC(CCc2ccccc2-c2ccc3ncccc3c2)C1,['jak2_inhibitor'],['JAK2'],1,0.0,0.0,1.0
C[n+]1c(O)c(Nc2cccc3c2c[nH+]c2ccccc23)nc2ccccc21,['mtor_inhibitor'],['mTOR'],1,0.0,0.0,1.0
C[n+]1c2c3c(nc(NCc4ccccc4)nc3c3ccccc31)CCCCC2,['pak1_activator_alphaC'],['PAK1'],1,0.0,1.0,0.0
C[n+]1c2ccc(N=NN[C@H]3CCC(=O)C3=O)ccc2n2nc(C(N)=NN)nc21,['cfl1_stabilizer'],['CFL1'],1,0.0,1.0,0.0
C[n+]1c2cccc3c2nc2c4c([nH+]ccc4n(O)c21)COC(=O)c1ccccc1-3,['mtor_inhibitor'],['mTOR'],1,0.0,0.0,1.0
C[n+]1c2oc(-c3ccc(O)cc3)c3c(O)c(O)ccc3c-2c2ccccc21,['mdm2_activator'],['MDM2'],1,1.0,0.0,0.0
C[n+]1cc(C(=O)NC(=O)C=Cc2cccc(-c3nn[nH]n3)c2)cc2ccccc21,['dok7_binder'],['DOK7'],1,1.0,0.0,0.0
C[n+]1ccc(N=Nc2cc3[nH+]ncn3c3cc(-c4ccc(O)cc4)oc23)nc1,['cfl1_stabilizer'],['CFL1'],1,0.0,1.0,0.0
C[n+]1ccc2c(c1=O)[n+]1cccc1c1nc(=Nc3cccc(C(N)=O)c3)n[n+]21,['cfl1_stabilizer'],['CFL1'],1,0.0,1.0,0.0
C[n+]1cn(CC(=O)NCc2ccc(N)cc2)c2c1C(=O)N=C1N=CN=C12,['mdm2_activator'],['MDM2'],1,1.0,0.0,0.0
C[n+]1nc(-c2cccc(C=CC(O)=CCc3ccccc3)c2)ccc(O)c1=O,['musk_activator_alphaC'],['MuSK'],1,1.0,0.0,0.0
Cc1[nH+]c2ccccc2cc1-n1[nH]cc(C(O)=NCCc2ccccc2)c1=N,['pak1_activator_alphaC'],['PAK1'],1,0.0,1.0,0.0
Cc1[nH+]n(Cc2ccc(O)cc2)c2ccc(-c3c[nH]c4ccccc34)cc12,['mdm2_activator'],['MDM2'],1,1.0,0.0,0.0
Cc1[nH]c2ccc(Nc3ccc(-c4ccccc4)cc3)cc2c1CC[N+](C)(C)C,['musk_activator_alphaC'],['MuSK'],1,1.0,0.0,0.0
Cc1[nH]c2ccccc2c1C(=O)N(CCC(=O)O)c1ccccc1,['limk2_atp_inhibitor'],['LIMK2'],1,0.0,0.0,1.0
Cc1[nH]c2ccccc2c1C(=O)N[C@H]1CCC(=O)N(Cc2ccccc2)C1=O,['musk_activator_alphaC'],['MuSK'],1,1.0,0.0,0.0
Cc1[nH]n2c(ccc3ccc4nccc4c32)c1-c1cccc(-c2ccccc2)c1,['mdm2_activator'],['MDM2'],1,1.0,0.0,0.0
Cc1c(-c2c[nH]c3cc(S(N)(=O)=O)ccc23)[nH+]c(-c2cc3ccccc3n2C)n1C,['mdm2_activator'],['MDM2'],1,1.0,0.0,0.0
Cc1c(-c2cc3ccsc3c3[nH+]c(CCN(C)C)nn23)c[nH]c1CN1CCCCC1,['musk_activator_alphaC'],['MuSK'],1,1.0,0.0,0.0
Cc1c(-c2cc3n(Cc4ccccc4)c4ccc(N)cc4n3n2)cnn1C,['jak2_inhibitor'],['JAK2'],1,0.0,0.0,1.0
Cc1c(-c2ccc(C(=O)O)cc2)nc2c(=O)[nH]ccc2c1-c1ccccc1,['cdk5_activator_p25iface'],['CDK5'],1,0.0,1.0,0.0
Cc1c(-c2ccc(F)cc2)[n+]2c(n1-c1ccc[nH+]c1)C(=O)c1cc[nH+]cc1-2,['jak2_inhibitor'],['JAK2'],1,0.0,0.0,1.0
Cc1c(C(=O)NCCC(=O)NCCc2ccccc2)[nH]c2ccccc12,['musk_activator_alphaC'],['MuSK'],1,1.0,0.0,0.0
Cc1c(C(=O)O)[nH+]n(C)c1C1CN(C2=CC=Cc3ccccc3N2)CCO1,['hdac2_inhibitor'],['HDAC2'],1,0.0,1.0,0.0
Cc1c(C(=O)c2cccc(-c3ccccc3)c2)cnn1-c1ccc(O)cc1,['musk_activator_alphaC'],['MuSK'],1,1.0,0.0,0.0
Cc1c(C)c(=O)[nH+]c2[nH]c(C(=O)NCc3ccccc3)c3ccccc3c1-2,['hdac2_inhibitor'],['HDAC2'],1,0.0,1.0,0.0
Cc1c(C=Cc2cccc(N3CCOCC3)c2)cc(Nc2ccc(F)cc2)n1C,['musk_activator_alphaC'],['MuSK'],1,1.0,0.0,0.0
Cc1c(C=N)c2c(n1CCc1ccccc1)Nc1ccccc1NC2=O,['musk_activator_alphaC'],['MuSK'],1,1.0,0.0,0.0
Cc1c(CCc2cc3ccc(F)c(CN4CCCCCC4)c3[nH]2)n[nH+]c(O)c1O,['mdm2_activator'],['MDM2'],1,1.0,0.0,0.0
Cc1c(COc2ccc(-c3cnc(-c4ccn(C)[nH+]4)[nH]3)cc2)[nH+]nn1C,['dok7_binder'],['DOK7'],1,1.0,0.0,0.0
Cc1c(Cc2ccccc2)nc2nonc2c1N[C@]12CC[C@H]3C[C@H](C[C@H]3C1)C2,['mdm2_activator'],['MDM2'],1,1.0,0.0,0.0
Cc1c(N)cc(-c2c[nH]c3cc(C=NC=CCC4=CNN=NN4)ccc23)c(O)c1C,['dok7_binder'],['DOK7'],1,1.0,0.0,0.0
Cc1c(N2CCN(c3ccccc3)C2=O)nc(N[C@@H](O)Oc2ccccc2)n1C,['cdk5_activator_p25iface'],['CDK5'],1,0.0,1.0,0.0
Cc1c2c(=O)c3ccccc3nc(O)c2nn1-c1ccc(OC[C@H](C)O)cc1,['musk_activator_alphaC'],['MuSK'],1,1.0,0.0,0.0
Cc1c2c(c3cc(C(=O)n4c(N)nc5cccnc5c4=O)cn13)=[S+]C=C2,['limk2_atp_inhibitor'],['LIMK2'],1,0.0,0.0,1.0
Cc1c2n(c3ccccc13)CCC[C@@H]2[C@H](Nc1nc2ccccc2n1C)C(N)=O,['limk2_atp_inhibitor'],['LIMK2'],1,0.0,0.0,1.0
Cc1c[n+]2c(c3c4ccn(N)cc-4[n+](C)c13)CCc1c(O)cc(O)cc1C2,['mdm2_activator'],['MDM2'],1,1.0,0.0,0.0
Cc1c[nH+]c(N2CCN[C@H](c3ccccc3)C2)c2c1[nH]c1ccccc12,['mdm2_activator'],['MDM2'],1,1.0,0.0,0.0
Cc1c[nH+]c2c(N3CCN(C)C[C@@H]3C)c3c(nc2c1)NC(=CN(C)C)N3c1ccccc1,['mdm2_activator'],['MDM2'],1,1.0,0.0,0.0
Cc1c[nH+]n(Cc2ccccc2)c1-c1cc(-c2ccc(C(=O)O)cc2)n[nH]1,['hdac2_inhibitor'],['HDAC2'],1,0.0,1.0,0.0
Cc1c[nH]c(=O)c2cccc(OC3CNCCC(c4ccccc4)C3)c12,['rock1_inhibitor_atp'],['ROCK1'],1,0.0,0.0,1.0
Cc1cc(-c2cc[nH+]cc2)c[nH+]c1NC(=O)c1cccc2[n+]1C(=O)c1ccccc1-2,['cdk5_activator_p25iface'],['CDK5'],1,0.0,1.0,0.0
Cc1cc(-c2ccc(CCc3ccc(Oc4ccccn4)cc3)cc2)ccc1N,['dok7_binder'],['DOK7'],1,1.0,0.0,0.0
Cc1cc(-c2cccc(NC(=O)c3ccccc3)c2)ccc1NC(=O)C(C)C,['musk_activator_alphaC'],['MuSK'],1,1.0,0.0,0.0
Cc1cc(-c2cccn3c2nc2ccccc23)nnc1NCC(=O)Nc1ccccc1,['cdk5_activator_p25iface'],['CDK5'],1,0.0,1.0,0.0
Cc1cc(-c2ccnc3nc(CN=Cc4ccc(Cl)cc4)nn23)ccc1N,['dok7_binder'],['DOK7'],1,1.0,0.0,0.0
Cc1cc(-n2cc(CN3CCC(C)C3)c3c2NC2=CC=CC=CC2=N3)[nH+]o1,['jak2_inhibitor'],['JAK2'],1,0.0,0.0,1.0
Cc1cc(C(=O)NCCC(=O)N[C@H](C)Cc2ccccc2)ccc1OCCCN(C)C,['musk_activator_alphaC'],['MuSK'],1,1.0,0.0,0.0
Cc1cc(C(=O)O)ccc1NC(=O)c1cccc2c(=O)[nH]c3ccccc3c12,['mdm2_activator'],['MDM2'],1,1.0,0.0,0.0
Cc1cc(C(c2ccccc2)N2CCCNCC2)n(-c2ccccc2)n1,['perp_pocket3_alphaC'],['PERP'],1,1.0,0.0,0.0
Cc1cc(C)c(-c2ccccc2)c(Oc2cc(C(=O)O)c3ccccc3c2)n1,['musk_activator_alphaC'],['MuSK'],1,1.0,0.0,0.0
Cc1cc(C)cc(-c2nc3cc4c5ccccc5[nH]c(=O)nc4n3n2)c1,['mtor_inhibitor'],['mTOR'],1,0.0,0.0,1.0
Cc1cc(C)cc(N[C@H](C)CC(=O)N2CCCN(c3ccccc3-c3ncc[nH]3)CC2)c1,['musk_activator_alphaC'],['MuSK'],1,1.0,0.0,0.0
Cc1cc(C)cc(Sc2nc(Nc3ccccn3)c3ccccc3n2)c1,['mdm2_activator'],['MDM2'],1,1.0,0.0,0.0
Cc1cc(C2=C(c3ccc(N4CCOCC4)cc3)N=[N+]3C2=Nc2ccccc23)cc[nH+]1,['jak2_inhibitor'],['JAK2'],1,0.0,0.0,1.0
Cc1cc(CC(=O)Nc2nc3c(s2)CCCC3)ccc1NC(=O)[C@@H](O)C(C)C,['musk_activator_alphaC'],['MuSK'],1,1.0,0.0,0.0
Cc1cc(CCCN(C)C[C@@H]2CCc3ccccc3[C@@H]2C)ccc1NS(C)(=O)=O,['musk_activator_alphaC'],['MuSK'],1,1.0,0.0,0.0
Cc1cc(CN2CCNCC2)nc2cc(-c3ccncc3)ccc12,['pak1_activator_alphaC'],['PAK1'],1,0.0,1.0,0.0
Cc1cc(CNC(=O)C=CC(=O)c2ccccc2)c(Oc2ccccc2)nn1,['rock2_activator_alphaC'],['ROCK2'],1,1.0,0.0,0.0
Cc1cc(Cc2cccc(NCc3cccc(Nc4cccc[nH+]4)[nH+]3)[nH+]2)c(C)[nH]1,['musk_activator_alphaC'],['MuSK'],1,1.0,0.0,0.0
Cc1cc(Cc2ccccc2C)ccc1CN=NN=CCNC1=CCC=CC1,['dok7_binder'],['DOK7'],1,1.0,0.0,0.0
Cc1cc(F)ccc1Nc1ncc(CN2CCCC2)c2[nH]ccc12,['mdm2_activator'],['MDM2'],1,1.0,0.0,0.0
Cc1cc(N(C(=O)C(=O)O)c2ccc(CCc3ccncc3)cc2)ccc1N,['musk_activator_alphaC'],['MuSK'],1,1.0,0.0,0.0
Cc1cc(N)cc(C(=O)Nc2ccc(Oc3ccc(S(N)(=O)=O)cc3)cc2)c1,['dok7_binder'],['DOK7'],1,1.0,0.0,0.0
Cc1cc(N)nn1-c1ccc(-c2ccnc3ccc(-c4ccncn4)cc23)cc1,['mdm2_activator'],['MDM2'],1,1.0,0.0,0.0
Cc1cc(N=NC(=O)CCOC(=O)Nc2cccc3ccccc23)ccc1N,['dusp1_inhibitor'],['DUSP1'],1,0.0,1.0,0.0
Cc1cc(N=NN=NCC=CCCN=NCc2ccccc2)c(C)c(=O)[nH]1,['cfl1_stabilizer'],['CFL1'],1,0.0,1.0,0.0
Cc1cc(NC(=O)OC[C@@H](C)NC(=O)C2CCNCC2)nc2ccccc12,['musk_activator_alphaC'],['MuSK'],1,1.0,0.0,0.0
Cc1cc(NC(=O)c2ccc(Cl)cc2)c2ccc(OCC(=O)O)c3c2[n+]1C=C3,['cdk5_activator_p25iface'],['CDK5'],1,0.0,1.0,0.0
Cc1cc(NC[C@H]2CCN(C)C2)cc2c1[C@H](c1ccccc1)[C@@H](C)C(=O)N2,['musk_activator_alphaC'],['MuSK'],1,1.0,0.0,0.0
Cc1cc(NNCC2CC3CCC=CC3N2)nnc1N1CCNC(CS(=O)(=O)O)C1,['dok7_binder'],['DOK7'],1,1.0,0.0,0.0
Cc1cc(O[C@H]2C[C@@H](N(C)C)[C@@H]3[C@H](C2=O)[C@H](O)CC2=CC(=O)CC[C@H]23)cnc1C,['musk_activator_alphaC'],['MuSK'],1,1.0,0.0,0.0
Cc1cc([C@H]2CCN3C(c4ccccc4)=C(C(=O)O)C[C@@H]23)n2nc(C)cc2n1,['musk_activator_alphaC'],['MuSK'],1,1.0,0.0,0.0
Cc1cc([C@H]2c3ccccc3-c3ccccc3CN2C2CCNCC2)no1,['mdm2_activator'],['MDM2'],1,1.0,0.0,0.0
Cc1cc2c(-c3ccccc3)cc3c4ccccc4c4c5ccccc5nc1c4n23,['mdm2_activator'],['MDM2'],1,1.0,0.0,0.0
Cc1cc2c(-c3nc4cc(C)c(C)cc4[nH]3)c(=O)n(-c3ccccc3)c(=O)n2[nH]1,['musk_activator_alphaC'],['MuSK'],1,1.0,0.0,0.0
Cc1cc2c(C)c(C)ccc2[nH+]c1-c1ccc(-c2nnn[nH]2)cc1,['cdk5_activator_p25iface'],['CDK5'],1,0.0,1.0,0.0
Cc1cc2c(Cc3cc[nH+]cc3)c3[nH]cc([C@@H]4CCCN(C)C4)c3nc2c(C)[nH+]1,['mdm2_activator'],['MDM2'],1,1.0,0.0,0.0
Cc1cc2c(O)c(O)c(CNCCc3ccc4ccccc4n3)ccc-2n1,['limk2_atp_inhibitor'],['LIMK2'],1,0.0,0.0,1.0
Cc1cc2c(c(N)c1Br)C(=O)C1=CC(=O)N(C3CCCC3)c3ccccc3[C@H]1O2,['musk_activator_alphaC'],['MuSK'],1,1.0,0.0,0.0
Cc1cc2c(c(N3CCOCC3)c1)Nc1ccccc1C(CC(=O)O)=C2,['limk2_atp_inhibitor'],['LIMK2'],1,0.0,0.0,1.0
Cc1cc2c(c3cc(-c4ccccc4)ccc13)C(=O)NC[C@H]2N1CCCCC1,['musk_activator_alphaC'],['MuSK'],1,1.0,0.0,0.0
Cc1cc2c(ccc3[nH+]c4ccc(C(=O)NC5CCNCC5)cc4cc32)[nH]1,['musk_activator_alphaC'],['MuSK'],1,1.0,0.0,0.0
Cc1cc2c3cccc(-c4ccccc4)c3c3nc4ncccc4nc1c23,['mdm2_activator'],['MDM2'],1,1.0,0.0,0.0
Cc1cc2ccn(CCCc3[nH+]cc(C(=O)Nc4cccc[nH+]4)o3)c2[nH]1,['musk_activator_alphaC'],['MuSK'],1,1.0,0.0,0.0
Cc1cc2n(Cc3cc(-c4ccc(-c5ccc(F)c[nH+]5)cc4)[nH]n3)c(=O)ncnc-2[nH+]1,['mdm2_activator'],['MDM2'],1,1.0,0.0,0.0
Cc1cc2nc(-c3cccc4ccccc34)nc(NC3CCN(S(C)(=O)=O)C3)c2cn1,['mtor_inhibitor'],['mTOR'],1,0.0,0.0,1.0
Cc1cc2nc(C)c(-c3cn(CCc4cccc[nH+]4)c4cc[nH+]cc34)c-2c[nH]1,['jak2_inhibitor'],['JAK2'],1,0.0,0.0,1.0
Cc1cc2nc(n1)N(C)Cc1ccc(cc1)N=c1ncnc3c1nc(c1cccn13)=N2,['mdm2_activator'],['MDM2'],1,1.0,0.0,0.0
Cc1cc2nc(n1)NCCc1ccc(C)c(c1)OCCC[N+]2=Cc1cccnc1,['hdac2_inhibitor'],['HDAC2'],1,0.0,1.0,0.0
Cc1cc2nn1CC(=O)NCC(=O)[C@H]1CCc3cc(ccc3[C@H]1C)C(=O)N2C,['limk2_atp_inhibitor'],['LIMK2'],1,0.0,0.0,1.0
Cc1cc[n+]2c3cnc[nH]c-3[n+]3c4cccc5cccc(c1c23)c54,['mdm2_activator'],['MDM2'],1,1.0,0.0,0.0
Cc1ccc(-c2cc(-c3c[nH]c(CCCN(C)C)c3)[nH+]c3cc(C)cnc23)cc1,['musk_activator_alphaC'],['MuSK'],1,1.0,0.0,0.0
Cc1ccc(-c2cc(C(=O)NC3CCNCC3)c3ccccc3n2)cc1,['hdac2_inhibitor'],['HDAC2'],1,0.0,1.0,0.0
Cc1ccc(-c2cc(C(=O)O)cc(N=CCCCc3nn[nH]n3)[nH+]2)cc1,['dusp1_inhibitor'],['DUSP1'],1,0.0,1.0,0.0
Cc1ccc(-c2cc(C(=O)[n+]3ccccc3-c3ccccc3)[nH+]cn2)cc1,['cfl1_stabilizer'],['CFL1'],1,0.0,1.0,0.0
Cc1ccc(-c2cc(C(CP(=O)(O)O)c3cccc(-c4n[nH+]cn4C)c3)[nH]n2)cc1,['dusp1_inhibitor'],['DUSP1'],1,0.0,1.0,0.0
Cc1ccc(-c2cc(NC(=O)N[C@H](C)SCc3ccccc3)on2)cc1,['musk_activator_alphaC'],['MuSK'],1,1.0,0.0,0.0
Cc1ccc(-c2ccc(CCN3C=C(Cc4ccccc4)CC3)cc2)cc1,['musk_activator_alphaC'],['MuSK'],1,1.0,0.0,0.0
Cc1ccc(-c2ccc(N=C(S)NC3=CC=C(c4ccccc4)NC=C3)cc2)cc1,['musk_activator_alphaC'],['MuSK'],1,1.0,0.0,0.0
Cc1ccc(-c2ccc(OC3CC(C)(C)NC(C)(C)C3)nn2)c(O)c1,['smn2_splice_genmol_hop'],['SMN2'],1,1.0,0.0,0.0
Cc1ccc(-c2ccc3c(c2)N(CCc2ncccn2)CCNC3)cc1,['musk_activator_alphaC'],['MuSK'],1,1.0,0.0,0.0
Cc1ccc(-c2cccc(C(=O)N3CCc4cnc(C)cc4C3)c2)cc1,['pak1_activator_alphaC'],['PAK1'],1,0.0,1.0,0.0
Cc1ccc(-c2cccc(Cc3c(-c4ccccc4)[nH]c(=O)n(C)c3=O)c2)c[nH+]1,['hdac2_inhibitor'],['HDAC2'],1,0.0,1.0,0.0
Cc1ccc(-c2cccc3[nH]c4c[nH+]c(S(N)(=O)=O)cc4c23)cc1,['limk2_atp_inhibitor'],['LIMK2'],1,0.0,0.0,1.0
Cc1ccc(-c2ccccc2)c2cc(C(=O)NC(=O)CCC(N)=O)ccc12,['hdac2_inhibitor'],['HDAC2'],1,0.0,1.0,0.0
Cc1ccc(-c2ccccc2)nc2c(NCc3ccncc3)nc(=N)nc1-2,['hdac2_inhibitor'],['HDAC2'],1,0.0,1.0,0.0
Cc1ccc(-c2ccccc2C(=O)O)cc1C(O)=Nc1ccccc1,['musk_activator_alphaC'],['MuSK'],1,1.0,0.0,0.0
Cc1ccc(-c2ccccc2NC(=O)N=[N+]=CC2CC3CCC=CC3O2)cc1,['dok7_binder'],['DOK7'],1,1.0,0.0,0.0
Cc1ccc(-c2nc(=O)n(C)c(=O)c3cc4ccccc4cc23)cc1,['hdac2_inhibitor'],['HDAC2'],1,0.0,1.0,0.0
Cc1ccc(-n2c(C)cc3c2[nH+]c(-c2cccc(C)c2)n2c[n+](C)nc32)cc1,['jak2_inhibitor'],['JAK2'],1,0.0,0.0,1.0
Cc1ccc(-n2cc(O)c3c4c(-c5ccccc5)nccc4ccc32)cc1,['musk_activator_alphaC'],['MuSK'],1,1.0,0.0,0.0
Cc1ccc(C#N)cc1C=NNC(=O)NCCOc1ccc(C(=O)O)cc1,['dok7_binder'],['DOK7'],1,1.0,0.0,0.0
Cc1ccc(C(=O)N2CC[C@H](CC(=O)N3CC[C@H](Cn4ccnc4)C3)[C@H]2C)cn1,['musk_activator_alphaC'],['MuSK'],1,1.0,0.0,0.0
Cc1ccc(C(=O)N[C@@H](C)C(=O)N[C@H]2C(=O)N(CC3=C[N+](C)(C)CC3)C[C@@H]2C)cc1,['musk_activator_alphaC'],['MuSK'],1,1.0,0.0,0.0
Cc1ccc(C(=O)Nc2cc(C)c(=O)n(Cc3ccccc3)c2C)nc1,['musk_activator_alphaC'],['MuSK'],1,1.0,0.0,0.0
Cc1ccc(C(=O)Nc2ccnc(NCc3ccc(C)c(C)c3)c2)nn1,['musk_activator_alphaC'],['MuSK'],1,1.0,0.0,0.0
Cc1ccc(C(O)COC2=CC=CC=c3cc4c(cc32)=C(O)NC=N4)cc1,['mtor_inhibitor'],['mTOR'],1,0.0,0.0,1.0
Cc1ccc(C)c(-c2nccc(SC[C@H](N)Cc3ccccc3)n2)c1,['musk_activator_alphaC'],['MuSK'],1,1.0,0.0,0.0
Cc1ccc(C2=NC(=Nc3ccc(S(=O)(=O)N4CCCC4)cc3)N=N2)cc1,['musk_activator_alphaC'],['MuSK'],1,1.0,0.0,0.0
Cc1ccc(C2=NN=C(c3c[nH]c(Nc4ccccc4)c3)C2)cc1C,['musk_activator_alphaC'],['MuSK'],1,1.0,0.0,0.0
Cc1ccc(C=CSc2nc(N3CC(C)(C)CC3=O)c(C)o2)cc1,['musk_activator_alphaC'],['MuSK'],1,1.0,0.0,0.0
Cc1ccc(C=Cc2[nH+]c(N)nc3c2oc2ccc(CN)cc23)c2[nH]ccc12,['mdm2_activator'],['MDM2'],1,1.0,0.0,0.0
Cc1ccc(CCC(=O)N[C@@H](CO)CCCNCc2ccccc2)cc1,['musk_activator_alphaC'],['MuSK'],1,1.0,0.0,0.0
Cc1ccc(CCCCCc2ccc(CNC(=O)c3cccs3)cc2)c(C)c1C,['musk_activator_alphaC'],['MuSK'],1,1.0,0.0,0.0
Cc1ccc(CCNC(=O)c2ccc(-c3ccc4[nH]nnc4c3)[nH+]c2C)cc1,['mdm2_activator'],['MDM2'],1,1.0,0.0,0.0
Cc1ccc(CCNN=NC=CCCC(=O)Nc2ccc(N3CCOCC3)cc2)cn1,['dusp1_inhibitor'],['DUSP1'],1,0.0,1.0,0.0
Cc1ccc(CN2C[C@@H]3[C@H](C2=O)N(C)CCN3C(=O)c2ccc(C)cc2)cc1,['musk_activator_alphaC'],['MuSK'],1,1.0,0.0,0.0
Cc1ccc(CNC(=O)C2CCC3CON3OC3=C(C=COC=C3)C2O)cc1,['pak4_activator_alphaC'],['PAK4'],1,0.0,1.0,0.0
Cc1ccc(CNC(=O)CCC(=O)N2CCCN(c3ccccc3)CC2)cc1,['musk_activator_alphaC'],['MuSK'],1,1.0,0.0,0.0
Cc1ccc(CNC2=NC(=O)[C@@H]3Cc4nc5ccccc5n4CC3=N2)cc1,['musk_activator_alphaC'],['MuSK'],1,1.0,0.0,0.0
Cc1ccc(CN[C@@H]2NN=C(CC(=O)Nc3ccccc3)N2)cn1,['musk_activator_alphaC'],['MuSK'],1,1.0,0.0,0.0
Cc1ccc(CNc2cc(N(CCCO)Cc3ccccc3)ncn2)cc1,['musk_activator_alphaC'],['MuSK'],1,1.0,0.0,0.0
Cc1ccc(COc2ccc(Nc3nc[nH]c3Nc3cccc[nH+]3)cc2)cc1,['musk_activator_alphaC'],['MuSK'],1,1.0,0.0,0.0
Cc1ccc(COc2cccc(NC(=O)CCCc3cccnc3N(C)C)c2)cc1,['musk_activator_alphaC'],['MuSK'],1,1.0,0.0,0.0
Cc1ccc(C[C@H](CC(=O)Nc2ccc(CC(=O)O)cn2)c2ccccc2)cc1,['cdk5_activator_p25iface'],['CDK5'],1,0.0,1.0,0.0
Cc1ccc(F)c2c(CCCNC(=O)NCc3ccccc3)c[nH]c12,['musk_activator_alphaC'],['MuSK'],1,1.0,0.0,0.0
Cc1ccc(N(c2cccc([SH](=O)(O)O)c2)c2ccccn2)cc1,['dusp1_inhibitor'],['DUSP1'],1,0.0,1.0,0.0
Cc1ccc(N(c2ccccc2)c2cnc3n(C)c(=O)nc-3[nH]2)cc1,['hdac2_inhibitor'],['HDAC2'],1,0.0,1.0,0.0
Cc1ccc(N)c(CCCNCc2cnc(Nc3ccccc3)nc2)c1,['musk_activator_alphaC'],['MuSK'],1,1.0,0.0,0.0
Cc1ccc(N)c2c1NC=C(c1cccc(CN3CCN(C)C3=O)c1)C=C2,['mdm2_activator'],['MDM2'],1,1.0,0.0,0.0
Cc1ccc(N2CCC[C@@H]2c2cnn[nH]2)c2cc3ccccc3[nH+]c12,['mdm2_activator'],['MDM2'],1,1.0,0.0,0.0
Cc1ccc(NC(=O)NCC[C@@H](C)c2nc3c(ccc4c(=O)n(C)ccc43)o2)cc1,['musk_activator_alphaC'],['MuSK'],1,1.0,0.0,0.0
Cc1ccc(NC(=O)NC[C@@H](C)CC(=O)NCc2ccccc2)c(N)c1,['musk_activator_alphaC'],['MuSK'],1,1.0,0.0,0.0
Cc1ccc(NC(=O)c2cccn2-c2ccc3ccccc3c2)c(C)c1,['musk_activator_alphaC'],['MuSK'],1,1.0,0.0,0.0
Cc1ccc(NC(=O)c2nc(C3CCN(C)CC3)oc2-c2cccnc2)cn1,['hdac2_inhibitor'],['HDAC2'],1,0.0,1.0,0.0
Cc1ccc(NS(=O)(=O)C2CCOCC2)cc1,['perp_genmol_hop'],['PERP'],1,1.0,0.0,0.0
Cc1ccc(Nc2[nH+]c3ccc(C4=Cc5ccccc5NC=C4)cc3nc2C)cc1F,['dok7_binder'],['DOK7'],1,1.0,0.0,0.0
Cc1ccc(Nc2ncc(=O)[nH]c(=O)c2-c2ccc3ccccc3c2)cc1,['limk2_atp_inhibitor'],['LIMK2'],1,0.0,0.0,1.0
Cc1ccc(O)c([C@H](NC(=O)c2ccc([C@H](C)N)cc2)c2cccs2)c1,['musk_activator_alphaC'],['MuSK'],1,1.0,0.0,0.0
Cc1ccc(O)c2c1C(=O)C(=O)[C@H](c1ccc(-c3ccccc3)cc1)C(=O)N2,['cdk5_activator_p25iface'],['CDK5'],1,0.0,1.0,0.0
Cc1ccc(O)cc1N=C(N)N(CCc1nccc2ccccc12)c1ccc(Cl)cc1,['mdm2_activator'],['MDM2'],1,1.0,0.0,0.0
Cc1ccc(OC[C@@H](CO)n2cc(C(=O)NCCCN(C)C)cn2)cc1,['musk_activator_alphaC'],['MuSK'],1,1.0,0.0,0.0
Cc1ccc(OCc2ccc(CN(C)C(=O)CCN3CCCCC3)cc2)cc1,['musk_activator_alphaC'],['MuSK'],1,1.0,0.0,0.0
Cc1ccc(O[C@H]2C[C@H](CCNC(=O)c3ccncn3)C[C@H]([N+](=O)[O-])C2)cn1,['cfl1_stabilizer'],['CFL1'],1,0.0,1.0,0.0
Cc1ccc(S(=O)(=O)NCCCCCCC(=O)N[C@@H](C)N[N+]#Cc2ccccc2)cn1,['cfl1_stabilizer'],['CFL1'],1,0.0,1.0,0.0
Cc1ccc([C@@H]2O[C@@H]([C@H](O)COP(=O)(O)O)Nc3[nH]c(=O)[nH]c(=O)c32)cc1,['mdm2_activator'],['MDM2'],1,1.0,0.0,0.0
Cc1ccc([N+]2=CC(=NN=Nc3cnc(C(=O)O)[nH]3)c3ncccc32)cc1,['cfl1_stabilizer'],['CFL1'],1,0.0,1.0,0.0
Cc1ccc2[n+](C)c3ccc(N=NNCNNc4[nH+]cccc4F)cc3c-2c(N)n1,['dok7_binder'],['DOK7'],1,1.0,0.0,0.0
Cc1ccc2[n+](c1)C=C1C2=Cc2c(NC=C[C@H]3CN[C@@H](C(=O)O)C3)nc[nH+]c21,['mdm2_activator'],['MDM2'],1,1.0,0.0,0.0
Cc1ccc2[nH]c(=O)c(C(=O)c3ccc4ccccc4c3)cc2c1,['cfl1_stabilizer'],['CFL1'],1,0.0,1.0,0.0
Cc1ccc2[nH]c(CN(CC3COCC(=O)COC3)C(=O)OCN)cc2c1,['pak4_activator_alphaC'],['PAK4'],1,0.0,1.0,0.0
Cc1ccc2[nH]nc(NC(=O)c3cc(NC(=O)O)c[nH+]c3Cc3ccccc3)c2c1,['cfl1_stabilizer'],['CFL1'],1,0.0,1.0,0.0
Cc1ccc2c(-c3noc(C[C@@H]4CCN(Cc5ccn[nH]5)C4)[nH+]3)c[nH]c2c1O,['musk_activator_alphaC'],['MuSK'],1,1.0,0.0,0.0
Cc1ccc2c(=O)n(-c3ccccc3)c(O)[n+](C3=CC=CC=CN3)c2n1,['jak2_inhibitor'],['JAK2'],1,0.0,0.0,1.0
Cc1ccc2c(C(=O)c3c(O)nc4ccccc4c3C)cc(N)nc2c1,['hdac2_inhibitor'],['HDAC2'],1,0.0,1.0,0.0
Cc1ccc2c(C)cc(-n3nc(N=NCCCN)cc3-c3ccco3)cc2n1,['cfl1_stabilizer'],['CFL1'],1,0.0,1.0,0.0
Cc1ccc2c(N)ccc3c2c1O[C@@H]([C@H]1[C@@H](CC(=O)O)CCCC[N+]12CCCC2)C3,['mdm2_activator'],['MDM2'],1,1.0,0.0,0.0
Cc1ccc2c(NC(=O)CCCNN)nc3cc4[nH]c(=O)ccc4cc3c2c1,['cfl1_stabilizer'],['CFL1'],1,0.0,1.0,0.0
Cc1ccc2c(Nc3ccc4c[nH+]cnc4c3)nc3[nH]c(=O)ccc3c2c1,['jak2_inhibitor'],['JAK2'],1,0.0,0.0,1.0
Cc1ccc2c(S(C)(=O)=O)ccc(NC(=O)C=C[n+]3ccncc3)c2[nH+]1,['pak1_activator_alphaC'],['PAK1'],1,0.0,1.0,0.0
Cc1ccc2c(c1)-c1c(C)nc3ncn([C@@H]4CCCCNC4=O)c3c1C2=O,['limk2_atp_inhibitor'],['LIMK2'],1,0.0,0.0,1.0
Cc1ccc2c(c1)-c1ccccc1C=NC(=O)NC(=O)Oc1ccccc1C2,['limk2_atp_inhibitor'],['LIMK2'],1,0.0,0.0,1.0
Cc1ccc2c(c1)-c1nc3cccc(C(=O)NCC(O)O)c3c3ccc(C)c-2c13,['mtor_inhibitor'],['mTOR'],1,0.0,0.0,1.0
Cc1ccc2c(c1)-c1oc3cn4c(=O)n5ccc(C)nc5nc4c3c1C=CO2,['cdk5_activator_p25iface'],['CDK5'],1,0.0,1.0,0.0
Cc1ccc2c(c1)CCN(C(=O)c1ccc3nc(CCN(C)C)ccc3c1)C2,['musk_activator_alphaC'],['MuSK'],1,1.0,0.0,0.0
Cc1ccc2c(c1)c(=O)n(-c1ccc(OCc3ccc(F)cc3)cc1)c(=O)n2C,['cdk5_activator_p25iface'],['CDK5'],1,0.0,1.0,0.0
Cc1ccc2c(c1)cc1c3c(cc(Cc4cccc(S(N)(=O)=O)c4)cc32)C(=O)N1,['cdk5_activator_p25iface'],['CDK5'],1,0.0,1.0,0.0
Cc1ccc2c(c1)nc1c(C(=O)N=[N+]=C[C@H]3CC(C)O3)nc3ccccnc3[n+]12,['cfl1_stabilizer'],['CFL1'],1,0.0,1.0,0.0
Cc1ccc2c(c1)nc1c2ccc2ccc3ccc(N(C)C)cc3[n+](O)c21,['mdm2_activator'],['MDM2'],1,1.0,0.0,0.0
Cc1ccc2c(ccc3c(C4=C(C(=O)O)C=C5N=c6ccccc6=[N+]54)ccn32)c1,['mdm2_activator'],['MDM2'],1,1.0,0.0,0.0
Cc1ccc2c(nc(-c3cc(C(=O)O)c(O)cc3-c3ccccc3)c3ccnn32)c1O,['mdm2_activator'],['MDM2'],1,1.0,0.0,0.0
Cc1ccc2c(oc(=O)c3ccc(-c4ccc(CC(=O)O)nc4)cc32)c1C,['cdk5_activator_p25iface'],['CDK5'],1,0.0,1.0,0.0
Cc1ccc2c3c(c[nH]c13)[C@@H](CCc1ccccc1)C[C@@H]1[C@@H]2CCCN1C,['mdm2_activator'],['MDM2'],1,1.0,0.0,0.0
Cc1ccc2c3c(cccc13)N=C(O)c1ccccc1-c1cncc(n1)CN2,['mdm2_activator'],['MDM2'],1,1.0,0.0,0.0
Cc1ccc2c3c(oc(=O)c2c1)=C1C=C(c2ccccc2C(=O)O)NC=C1C=CC=3,['mtor_inhibitor'],['mTOR'],1,0.0,0.0,1.0
Cc1ccc2c3c4ccsc4nc4c3n(c2c1)CC[C@H](C)CN4,['musk_activator_alphaC'],['MuSK'],1,1.0,0.0,0.0
Cc1ccc2c3ccc(-c4ccccc4)c4oc(C)cc4c-3[n+](C)c2c1,['musk_activator_alphaC'],['MuSK'],1,1.0,0.0,0.0
Cc1ccc2c3cccc4[nH]c(CO)c5[nH]c6cccc(c2[nH]1)c6c5c43,['musk_activator_alphaC'],['MuSK'],1,1.0,0.0,0.0
Cc1ccc2c3nc4cccccc4c3c3nc(CN4CCOCC4)cn3c2c1,['jak2_inhibitor'],['JAK2'],1,0.0,0.0,1.0
Cc1ccc2cc(NC(=O)NCC3=CN4CCC[C@H]4CC3)ccc2c1,['musk_activator_alphaC'],['MuSK'],1,1.0,0.0,0.0
Cc1ccc2cc(Oc3ccc(-c4n[nH]c(-c5cccc(F)c5)n4)cc3)ccc2[nH+]1,['dok7_binder'],['DOK7'],1,1.0,0.0,0.0
Cc1ccc2cc1N1CCN(CC1)[C@@H]1CCCN(CCc3ccccc3-2)C1,['mdm2_activator'],['MDM2'],1,1.0,0.0,0.0
Cc1ccc2cc3c(O)c4cc(Nc5ccc(O)cc5)ccc4nc3cc2c1C,['musk_activator_alphaC'],['MuSK'],1,1.0,0.0,0.0
Cc1ccc2cc3c4c(cc(C(C)(C)C)c3nc2c1)C(=O)N([C@@H](C)C(C)C)C4=O,['musk_activator_alphaC'],['MuSK'],1,1.0,0.0,0.0
Cc1ccc2cc3ccc(CNC(=O)[C@@H](N)n4cccn4)cc3nc2c1,['musk_activator_alphaC'],['MuSK'],1,1.0,0.0,0.0
Cc1ccc2cc3ccc4c(c3cc2c1)[C@@H]1CCO[C@@]12C[C@H]1CCC[C@H]1C[C@H]42,['musk_activator_alphaC'],['MuSK'],1,1.0,0.0,0.0
Cc1ccc2ccc(NCc3ccc(C(=O)NC4CCCCCC4)cc3)cc2n1,['musk_activator_alphaC'],['MuSK'],1,1.0,0.0,0.0
Cc1ccc2ccc3ccc4c(c3c2c1)-c1cccc2nccc-4c12,['mdm2_activator'],['MDM2'],1,1.0,0.0,0.0
Cc1ccc2cccc3nc(C=Cc4ccccc4)c(Cc4ccccc4)[n+]-3c2c1,['mdm2_activator'],['MDM2'],1,1.0,0.0,0.0
Cc1ccc2nc(C(NC3=C4C=NC(=O)N=C4N=C3)OP(=O)(O)O)nc-2cc1,['dusp1_inhibitor'],['DUSP1'],1,0.0,1.0,0.0
Cc1ccc2nc(CCCCc3ccc(F)c4c3NC(=O)[C@H](N)N4)[nH]c2c1,['musk_activator_alphaC'],['MuSK'],1,1.0,0.0,0.0
Cc1ccc2nc(COC(=O)NC[C@H]3CC=C4c5ccc(N)cc5C(=O)N4C3)cnc2c1,['musk_activator_alphaC'],['MuSK'],1,1.0,0.0,0.0
Cc1ccc2nc(NCc3ccc4ccccc4c3)nn2c(=O)n1,['cdk5_activator_p25iface'],['CDK5'],1,0.0,1.0,0.0
Cc1ccc2nc1NCCOc1ccccc1-c1cc([nH]n1)C(c1ccc[nH+]c1)NC2,['hdac2_inhibitor'],['HDAC2'],1,0.0,1.0,0.0
Cc1ccc2nc3c(cc2c1)[C@@H]([C@@H](C)c1cccnc1)[C@@H](O)CC3=NO,['musk_activator_alphaC'],['MuSK'],1,1.0,0.0,0.0
Cc1ccc2nc3cccc(NC(=O)Cc4ccccc4)c3cc2c1,['musk_activator_alphaC'],['MuSK'],1,1.0,0.0,0.0
Cc1ccc2nc3n(-c4ccccc4)c(=O)c(Cc4cnccn4)nn3c2c1,['perp_pocket3_alphaC'],['PERP'],1,1.0,0.0,0.0
Cc1ccc2oc(=O)c(NNC(=O)c3ccc(-c4ccccc4)cc3)c-2cc1,['cdk5_activator_p25iface'],['CDK5'],1,0.0,1.0,0.0
Cc1ccc2oc3c(Nc4noc(CCCc5ccccc5)n4)cccc3c2c1C,['musk_activator_alphaC'],['MuSK'],1,1.0,0.0,0.0
Cc1cccc(-c2cc(C(=O)NOC(=O)N[C@H]3CCCNCC3)[nH]n2)c1,['musk_activator_alphaC'],['MuSK'],1,1.0,0.0,0.0
Cc1cccc(-c2cc3[nH]c(Cc4ccccc4O)c(C)c3cn2)c1,['musk_activator_alphaC'],['MuSK'],1,1.0,0.0,0.0
Cc1cccc(-c2ccc(-c3ccc(-c4nn(C)c(=O)[nH]c4=O)cc3)o2)c1,['cdk5_activator_p25iface'],['CDK5'],1,0.0,1.0,0.0
Cc1cccc(-c2ccc(C3=NC4=[N+](CC(=O)O)C=CC4=C3C(=O)O)cc2)c1,['musk_activator_alphaC'],['MuSK'],1,1.0,0.0,0.0
Cc1cccc(-c2cccc([C@H](c3cccc[nH+]3)c3c[nH]c4ccccc34)c2)c1,['mdm2_activator'],['MDM2'],1,1.0,0.0,0.0
Cc1cccc(-c2nc(C)nc(NC(=N)c3ccc(C(=O)O)cc3F)n2)c1,['musk_activator_alphaC'],['MuSK'],1,1.0,0.0,0.0
Cc1cccc(-c2nc3ccccc3c3c2c(C)nn3-c2cccnc2)c1,['musk_activator_alphaC'],['MuSK'],1,1.0,0.0,0.0
Cc1cccc(-n2cc(-c3nncn3C)c(-c3ccccc3)n2)n1,['perp_pocket3_alphaC'],['PERP'],1,1.0,0.0,0.0
Cc1cccc(-n2nc(CCCCCNC3NCCN3)c3nc[nH]c32)c1CN(C)C,['dok7_binder'],['DOK7'],1,1.0,0.0,0.0
Cc1cccc(-n2ncc(CNC[C@H]3C[C@@H](CN)CN3)c2O)c1,['musk_activator_alphaC'],['MuSK'],1,1.0,0.0,0.0
Cc1cccc(C=Cc2cc(C)cc(N=C(O)OCCCc3ccccc3)c2)c1,['musk_activator_alphaC'],['MuSK'],1,1.0,0.0,0.0
Cc1cccc(CC2CCN(CC=C(O)N3CCOCC3)CC2)c1,['mdm2_activator'],['MDM2'],1,1.0,0.0,0.0
Cc1cccc(CCCC(=O)Nc2nnc(C[C@H]3Cc4ccccc4O3)o2)c1,['musk_activator_alphaC'],['MuSK'],1,1.0,0.0,0.0
Cc1cccc(CCCC2CC(=O)[C@@H](C3=C(O)C[C@H](C(=O)O)[C@@H](O)C3)C2=O)c1,['musk_activator_alphaC'],['MuSK'],1,1.0,0.0,0.0
Cc1cccc(CCc2cc(OP(=O)(O)O)c3[nH]c4c(N)nccc4c3c2)c1,['dusp1_inhibitor'],['DUSP1'],1,0.0,1.0,0.0
Cc1cccc(CN2CCC[C@H](NC(=O)c3cccc4ccccc34)C2)c1,['musk_activator_alphaC'],['MuSK'],1,1.0,0.0,0.0
Cc1cccc(CNC(=O)c2cc3ccc(OCc4ccccc4N)cc3[nH]c2=N)c1,['musk_activator_alphaC'],['MuSK'],1,1.0,0.0,0.0
Cc1cccc(CNC(=O)c2ccc([C@@H](C)C(=O)O)c3ccc(O)nc23)c1F,['mdm2_activator'],['MDM2'],1,1.0,0.0,0.0
Cc1cccc(CNc2sc(C(=O)O)c(C(=O)c3ccccc3)c2C(O)O)c1,['mdm2_activator'],['MDM2'],1,1.0,0.0,0.0
Cc1cccc(COCCOC2=CC=C3CSc4nccc5ccc(c3c45)N2)c1,['musk_activator_alphaC'],['MuSK'],1,1.0,0.0,0.0
Cc1cccc(C[n+]2ccc(C(O)=NCCNCCCc3ccccc3)cc2)c1,['musk_activator_alphaC'],['MuSK'],1,1.0,0.0,0.0
Cc1cccc(Cc2cc(Cc3ccc(F)c(OP(=O)(O)O)c3)c(C)cn2)c1,['dusp1_inhibitor'],['DUSP1'],1,0.0,1.0,0.0
Cc1cccc(Cc2ccc(C(=O)N[C@@]34CCO[C@@H]3COC(=O)C4)cc2)c1,['musk_activator_alphaC'],['MuSK'],1,1.0,0.0,0.0
Cc1cccc(Cc2cccc(C=NNc3ccc(N(O)O)cc3)c2)c1C,['dok7_binder'],['DOK7'],1,1.0,0.0,0.0
Cc1cccc(Cn2c(=O)cc(Cc3ccc4ccccc4c3)[nH]c2=O)c1,['cdk5_activator_p25iface'],['CDK5'],1,0.0,1.0,0.0
Cc1cccc(Cn2c(OP(=O)(O)O)nc3c(C)c(C)ccc32)n1,['dusp1_inhibitor'],['DUSP1'],1,0.0,1.0,0.0
Cc1cccc(N2CCCN(c3cccc(CN4CC[C@H](CO)C4=O)c3)CC2=O)c1,['musk_activator_alphaC'],['MuSK'],1,1.0,0.0,0.0
Cc1cccc(N=C2N=c3ccc(C=CNCc4ccccc4)cc3=[S+]2)c1,['musk_activator_alphaC'],['MuSK'],1,1.0,0.0,0.0
Cc1cccc(N=Nc2n[nH]c(=NN=O)nc2ONC2=NC=CNC=C2)c1,['cfl1_stabilizer'],['CFL1'],1,0.0,1.0,0.0
Cc1cccc(NC(=O)C2COC3C4OC(O)(C34)N3C(C)C(C)C(CO)CC23)c1O,['pak4_activator_alphaC'],['PAK4'],1,0.0,1.0,0.0
Cc1cccc(NC(=S)Nc2ccc(N(C)C(=O)c3cccnc3)cc2)c1,['dok7_binder'],['DOK7'],1,1.0,0.0,0.0
Cc1cccc(NC(O)=Nc2cccc(C=Cc3ccc(OCc4ccccc4)c(N)c3)c2)c1,['dok7_binder'],['DOK7'],1,1.0,0.0,0.0
Cc1cccc(NC2CCN(CCC[n+]3ccnc4ncccc43)C2)[nH+]1,['rock1_inhibitor_atp'],['ROCK1'],1,0.0,0.0,1.0
Cc1cccc(OC(=CN2CCN(C)CC2)c2ccc3nc(O)ccc3c2)c1,['musk_activator_alphaC'],['MuSK'],1,1.0,0.0,0.0
Cc1cccc(OCCNC(=O)N[C@H]2CCC(=O)N(N=Cc3ccccc3)C2)c1,['musk_activator_alphaC'],['MuSK'],1,1.0,0.0,0.0
Cc1cccc(Oc2ccc(CN=C(CO)Cc3c[nH]c4ccccc4c3=O)cc2)c1,['musk_activator_alphaC'],['MuSK'],1,1.0,0.0,0.0
Cc1cccc(S(=O)(=O)Nc2ccc(NC(=O)c3ccccc3)cc2)c1F,['cdk5_activator_p25iface'],['CDK5'],1,0.0,1.0,0.0
Cc1cccc2[nH+]c(C)c(C3=Nc4ccnc5cccc(c45)N3)c-2c1,['jak2_inhibitor'],['JAK2'],1,0.0,0.0,1.0
Cc1cccc2c(-c3ccc4ncnc(N5CCNCC5)c4c3)ncnc12,['mtor_inhibitor'],['mTOR'],1,0.0,0.0,1.0
Cc1cccc2c(C(=O)N(C)C)c3c(nc12)-c1cccc2nccc-3c12,['limk2_atp_inhibitor'],['LIMK2'],1,0.0,0.0,1.0
Cc1cccc2c1-c1ccc(cc1)N1CC[C@@H](CCc3cccnc3C=NC2)C1,['mdm2_activator'],['MDM2'],1,1.0,0.0,0.0
Cc1cccc2c1-c1nc(Nc3ccccc3)[nH+]c(Nc3cccc[nH+]3)[n+]1C2=O,['mtor_inhibitor'],['mTOR'],1,0.0,0.0,1.0
Cc1cccc2c1CNC1=C3C=CC=C3c3c1c-2nc1ccccc31,['musk_activator_alphaC'],['MuSK'],1,1.0,0.0,0.0
Cc1cccc2c1Nc1ccc3c(c1)C1=C(C=CC1=N3)NC(=O)CC[C@H](C(=O)O)NC2=O,['mdm2_activator'],['MDM2'],1,1.0,0.0,0.0
Cc1cccc2c1Nc1ccnc3ccc(Nc4cccc(C(O)=NO)c4)c-2c13,['mdm2_activator'],['MDM2'],1,1.0,0.0,0.0
Cc1cccc2c1[C@@H]1C(=NC(CCC(=O)OCc3ccccc3)=C1C(=O)O)[C@H]2O,['musk_activator_alphaC'],['MuSK'],1,1.0,0.0,0.0
Cc1cccc2c1[nH+]cn2C(O)=NCC1CC=C2C(C=C3C=CNC=N3)CCC21,['rock2_activator_alphaC'],['ROCK2'],1,1.0,0.0,0.0
Cc1cccc2c1ccc1c2c2ccccc2n2c3cccc(C(=O)O)c3nc12,['mdm2_activator'],['MDM2'],1,1.0,0.0,0.0
Cc1cccc2c1cnc1cc(Nc3ccnc4c3c(=O)n(C)c(=O)n4C)ccc12,['mtor_inhibitor'],['mTOR'],1,0.0,0.0,1.0
Cc1cccc2c1nc(C(=O)C#Cc1cccnc1)n1c3ccccc3nc21,['mtor_inhibitor'],['mTOR'],1,0.0,0.0,1.0
Cc1cccc2c3c(F)[nH]c4occc4c3c3c4c(nc1c42)[C@@H]1CCNC[C@H]1C3,['musk_activator_alphaC'],['MuSK'],1,1.0,0.0,0.0
Cc1cccc2cc3c(nc12)c1ccccc1c(=O)n3[C@@H]1CCCNCC1,['mdm2_activator'],['MDM2'],1,1.0,0.0,0.0
Cc1cccc2cc[nH+]cc12.O=C(O)C1Cc2c([nH]c3ccccc23)[C@H]2CCC[C@@H]12,['musk_activator_alphaC'],['MuSK'],1,1.0,0.0,0.0
Cc1cccc2nc([C@@H](CCC(=O)O)c3ccccc3)c(-c3cccnc3O)c-2c1,['mdm2_activator'],['MDM2'],1,1.0,0.0,0.0
Cc1cccc2nc3c(-c4cc[n+](O)cc4)cc(C(=O)O)cc3[nH+]c12,['dusp1_inhibitor'],['DUSP1'],1,0.0,1.0,0.0
Cc1ccccc1-c1c(CCOc2ccc3ncccc3[nH+]2)[nH]c2ccccc12,['mdm2_activator'],['MDM2'],1,1.0,0.0,0.0
Cc1ccccc1C(=O)N1CCC(NC(=O)NC2CCN(C)CC2)CC1,['musk_activator_alphaC'],['MuSK'],1,1.0,0.0,0.0
Cc1ccccc1CCN(C)CC(=O)NCCn1cnc([C@H](O)Nc2ccccc2)c1,['musk_activator_alphaC'],['MuSK'],1,1.0,0.0,0.0
Cc1ccccc1CCNC1=Nc2ccccc2N=C(c2ccc[nH+]c2)N1,['hdac2_inhibitor'],['HDAC2'],1,0.0,1.0,0.0
Cc1ccccc1CN1Cc2cnc(N)nc2[C@H]2CN(c3ccccc3)CC[C@@H]21,['mdm2_activator'],['MDM2'],1,1.0,0.0,0.0
Cc1ccccc1CNCCN1CCCN(c2ccc(C(N)=O)c3cc[nH]c23)CC1,['rock1_inhibitor_atp'],['ROCK1'],1,0.0,0.0,1.0
Cc1ccccc1CNCc1cccc(NC(=O)Nc2c(F)ccc(F)c2F)c1,['musk_activator_alphaC'],['MuSK'],1,1.0,0.0,0.0
Cc1ccccc1N1CC(CCn2cnc(N)c3ncnc2-3)C(OP(=O)(O)O)C1,['dusp1_inhibitor'],['DUSP1'],1,0.0,1.0,0.0
Cc1ccccc1N1CCN(C(O)=Nc2cccc3cccnc23)CC1,['musk_activator_alphaC'],['MuSK'],1,1.0,0.0,0.0
Cc1ccccc1NS(=O)(=O)N1CCCC1,['perp_genmol_hop'],['PERP'],1,1.0,0.0,0.0
Cc1ccccc1Nc1cnnc(C=[N+]=NN=NC=Cc2ccccc2)c1,['cfl1_stabilizer'],['CFL1'],1,0.0,1.0,0.0
Cc1ccccc2c(C(=O)N[C@H](C)C(=O)NC(=O)N3CCN4CCC[C@H]4C3)cnc1-2,['musk_activator_alphaC'],['MuSK'],1,1.0,0.0,0.0
Cc1ccnc2ccccc12.OCC(CCN=C1NCCCN1)c1ccco1,['limk1_activator_alphaC'],['LIMK1'],1,0.0,1.0,0.0
Cc1cn(C[N+](C)(C)CCO)nc1N1C=NC2=CC3=C(C=CC2=C1)OCO3,['musk_activator_alphaC'],['MuSK'],1,1.0,0.0,0.0
Cc1cn2c(=O)c3c(O)c4ccccc4[nH]c-3c2c(-c2ccccc2)[nH+]1,['mtor_inhibitor'],['mTOR'],1,0.0,0.0,1.0
Cc1cn2c3nc(=O)c4ccccc4nc3c3c2n1[C@@H](c1ccccc1)SCC3,['musk_activator_alphaC'],['MuSK'],1,1.0,0.0,0.0
Cc1cn2cc(-c3cc(=O)n4cc(C=O)ccc4n3)cc(F)c2n1,['smn2_splice_genmol_hop'],['SMN2'],1,1.0,0.0,0.0
Cc1cn2cc(-c3cc(=O)n4cc(CCC[NH+]=O)ccc4n3)cc(F)c2n1,['smn2_splice_genmol_hop'],['SMN2'],1,1.0,0.0,0.0
Cc1cn2cc(-c3cc(=O)n4cc(CO)ccc4n3)cc(F)c2n1,['smn2_splice_genmol_hop'],['SMN2'],1,1.0,0.0,0.0
Cc1cn2cc(-c3cc(=O)n4cc(N)ccc4n3)cc(F)c2n1,['smn2_splice_genmol_hop'],['SMN2'],1,1.0,0.0,0.0
Cc1cn2cc(-c3cc(=O)n4cc(O)ccc4n3)cc(F)c2n1,['smn2_splice_genmol_hop'],['SMN2'],1,1.0,0.0,0.0
Cc1cn2cc(-c3cc(=O)n4cc(OCC5CCO5)ccc4n3)cc(F)c2n1,['smn2_splice_genmol_hop'],['SMN2'],1,1.0,0.0,0.0
Cc1cn2cc(-c3cc(=O)n4cc(S)ccc4n3)cc(F)c2n1,['smn2_splice_genmol_hop'],['SMN2'],1,1.0,0.0,0.0
Cc1cn2cc(-c3cc(=O)n4ccccc4n3)cc(F)c2n1,['smn2_splice_genmol_hop'],['SMN2'],1,1.0,0.0,0.0
Cc1cn2cc(-c3cc4ccc(N5CCN(O)[C@@H](C)C5)cc4oc3=O)nc2c(C)n1,['smn2_splice_genmol_hop'],['SMN2'],1,1.0,0.0,0.0
Cc1cn2cc(-c3cc4ccc(N5CCN[C@@H](C)C5)cc4oc3=O)nc2c(C)n1,['smn2_splice_genmol_hop'],['SMN2'],1,1.0,0.0,0.0
Cc1cn2cc(C(C)N3CCN(C)CC3)cc(F)c2n1,['smn2_splice_genmol_hop'],['SMN2'],1,1.0,0.0,0.0
Cc1cn2cc(CN3CCN(C)CC3)cc(F)c2n1,['smn2_splice_genmol_hop'],['SMN2'],1,1.0,0.0,0.0
Cc1cn2cc(NCN3CCN(C)CC3)cc(F)c2n1,['smn2_splice_genmol_hop'],['SMN2'],1,1.0,0.0,0.0
Cc1cn2nc(-c3cc(=O)n4cc(C5CCC[NH2+]C5)cc(C)c4n3)cc2c(C)n1,['smn2_splice_genmol_hop'],['SMN2'],1,1.0,0.0,0.0
Cc1cn2nc(-c3cc(=O)n4cc(C5CCN(C6=C[NH+]=C6)CC5)cc(C)c4n3)cc2c(C)n1,['smn2_splice_genmol_hop'],['SMN2'],1,1.0,0.0,0.0
Cc1cn2nc(-c3cc(=O)n4cc(C5CCNCC5)cc(C)c4n3)cc2c(C)n1,['smn2_splice_genmol_hop'],['SMN2'],1,1.0,0.0,0.0
Cc1cnc(=O)n(CN(O)[C@H]2O[C@@H](OP(=O)(O)O)[C@@H](OP(=O)(O)O)[C@@H]2O)n1,['mdm2_activator'],['MDM2'],1,1.0,0.0,0.0
Cc1cnc(=O)n([C@@H]2O[C@H](c3ccccc3)[C@H](OP(=O)(O)O)[C@H]3O[C@H]32)c1,['mdm2_activator'],['MDM2'],1,1.0,0.0,0.0
Cc1cnc(N)c2nc(N3c4ccccc4CC3COP(=O)(O)O)nc-2n1,['dusp1_inhibitor'],['DUSP1'],1,0.0,1.0,0.0
Cc1cnc(Nc2cc(C(=O)NC3=NC4=C(CC[C@H](O)C4)C3)ccc2O)s1,['musk_activator_alphaC'],['MuSK'],1,1.0,0.0,0.0
Cc1cnc(Nc2nonc2-c2ccc(-c3ncccn3)cc2)c(NCC(=O)O)c1,['dusp1_inhibitor'],['DUSP1'],1,0.0,1.0,0.0
Cc1cnn(Cc2ccc(NC(=O)NCCCNCc3ccccc3)cc2)c1,['musk_activator_alphaC'],['MuSK'],1,1.0,0.0,0.0
Cc1n[nH]c(-c2cc3cccccc-3c2)c1-c1ccc(S(N)(=O)=O)cc1,['cdk5_activator_p25iface'],['CDK5'],1,0.0,1.0,0.0
Cc1n[nH]cc1-c1cccc(C(=O)[C@@H](c2ccccc2)N(C)Cc2ccccc2)c1,['mdm2_activator'],['MDM2'],1,1.0,0.0,0.0
Cc1nc(-c2cc(C=C(O)N=C3N=c4ccccc4=[S+]3)c3ccccc3n2)no1,['mdm2_activator'],['MDM2'],1,1.0,0.0,0.0
Cc1nc(-c2ccc(CO)nc2)cc(N2C[C@H](c3cccc(C(=O)O)c3)CC[C@@H]2C)n1,['musk_activator_alphaC'],['MuSK'],1,1.0,0.0,0.0
Cc1nc(-c2ccccc2)c2cc([C@@H](CC(=O)O)c3ncno3)ccc2n1,['mdm2_activator'],['MDM2'],1,1.0,0.0,0.0
Cc1nc(N)nn2c(=O)n(-c3ccc4ccccc4c3)c(C)c12,['mtor_inhibitor'],['mTOR'],1,0.0,0.0,1.0
Cc1nc(N2CCc3cnccc3C2)ccc1-c1cccc(Nc2ccccc2)c1,['musk_activator_alphaC'],['MuSK'],1,1.0,0.0,0.0
Cc1nc2[nH]cc(C(=O)Nc3ccccc3)cc-2c1CCCc1cn[nH]c1,['pak1_activator_alphaC'],['PAK1'],1,0.0,1.0,0.0
Cc1nc2[nH]cc(C[C@H]3Nc4ccccc4-c4nn[nH]c43)c2cc1-c1ccccc1,['mdm2_activator'],['MDM2'],1,1.0,0.0,0.0
Cc1nc2c(-c3cncnc3N3CCNCC3)nccc2c2nc(O)cnc12,['mdm2_activator'],['MDM2'],1,1.0,0.0,0.0
Cc1nc2c(C)cccc2c(CN(C)Cc2ccccc2)c1C(=O)O,['jak2_inhibitor'],['JAK2'],1,0.0,0.0,1.0
Cc1nc2c(CO)cccc2n1C1=CC=C2C(=CC(C(=O)O)=C2N)C1=O,['musk_activator_alphaC'],['MuSK'],1,1.0,0.0,0.0
Cc1nc2c(N)ncnc2c2nn(-c3ccc(-c4ccccc4)cc3)c(COP(=O)(O)O)c12,['dusp1_inhibitor'],['DUSP1'],1,0.0,1.0,0.0
Cc1nc2c(OCc3ccccc3NC=NNC3CCC(=O)C3O)cccc2[nH]1,['dok7_binder'],['DOK7'],1,1.0,0.0,0.0
Cc1nc2c(cc(=O)c1O)oc1ccc(COc3ccccc3)c(O)c12,['cfl1_stabilizer'],['CFL1'],1,0.0,1.0,0.0
Cc1nc2c(nc(=NC3CCNCC3)nc3ccccc32)c2c1-c1ccccc1C2=O,['hdac2_inhibitor'],['HDAC2'],1,0.0,1.0,0.0
Cc1nc2c3c([C@@H](C)NC(=O)CCCCC(O)O)cccc3nc-2c(C)[nH]1,['cfl1_stabilizer'],['CFL1'],1,0.0,1.0,0.0
Cc1nc2cc(CC3CCCN(c4cc(O)nc5ccc(O)cc45)C3)ccc2o1,['agrin_lg3_modulator'],['AGRIN'],1,1.0,0.0,0.0
Cc1nc2cc([N+](=O)O)ccc2c2c1C(=O)c1c(c(=O)oc3ccccc13)C2,['musk_activator_alphaC'],['MuSK'],1,1.0,0.0,0.0
Cc1nc2cc3ccccc3cc2c(N=C(O)c2cccc(S(=O)(=O)O)c2)c1C,['mdm2_activator'],['MDM2'],1,1.0,0.0,0.0
Cc1nc2ccc3oc(=O)c4[nH]nnc4c3c2n1CCc1cc(O)[nH+]c2ccccc12,['mdm2_activator'],['MDM2'],1,1.0,0.0,0.0
Cc1nc2ccccc2n1[C@@H](Cc1ccccc1)C(=O)N(C)CCc1ccccc1,['mdm2_activator'],['MDM2'],1,1.0,0.0,0.0
Cc1nc2ccccc2n2c1cc1c2sc2nc(=O)c3ccccc3n21,['pak1_activator_alphaC'],['PAK1'],1,0.0,1.0,0.0
Cc1nc2cccccc-2n1.O=C(O)NNC=C1CC2=CC=CCC2C1,['limk1_activator_alphaC'],['LIMK1'],1,0.0,1.0,0.0
Cc1nc2nc3ccccc3nc3c-2c1[C@@H](N1CCCCCC1)C(=O)N(C)C3,['musk_activator_alphaC'],['MuSK'],1,1.0,0.0,0.0
Cc1nc2ncnc3c2nc1-c1cccn1Cc1ccccc1N[C@H]1CCN3C1,['mdm2_activator'],['MDM2'],1,1.0,0.0,0.0
Cc1nc[nH+]c(-c2cc(-c3ccc4c(=O)[nH]ncc4c3)cc[nH+]2)c1C,['jak2_inhibitor'],['JAK2'],1,0.0,0.0,1.0
Cc1nc[nH]c2c(Cc3nc(N=Cc4ccccc4)cc([N+](=O)O)n3)cnc1-2,['cfl1_stabilizer'],['CFL1'],1,0.0,1.0,0.0
Cc1ncc(-c2cc(=O)n(C)cn2)c2nc(Nc3ccccc3)ccc12,['hdac2_inhibitor'],['HDAC2'],1,0.0,1.0,0.0
Cc1ncc(-c2cc(COc3cc(C(=O)O)ccc3OCCO)ccn2)cn1,['cfl1_stabilizer'],['CFL1'],1,0.0,1.0,0.0
Cc1ncc(-c2nc(NC(=O)O)[nH]c2-c2ccccc2)c(-c2ccccc2)[nH+]1,['dusp1_inhibitor'],['DUSP1'],1,0.0,1.0,0.0
Cc1ncc2c(C(=O)N3CCCNCC3)cn(Cc3ccc(F)cc3)c2n1,['jak2_inhibitor'],['JAK2'],1,0.0,0.0,1.0
Cc1ncc2c(c1-n1cnc(-c3ccc(C(=O)O)cc3)c1)CCC2,['cdk5_activator_p25iface'],['CDK5'],1,0.0,1.0,0.0
Cc1ncc2c(n1)NC(C(CNCc1ccccc1)COP(=O)(O)O)=CN=C2,['dusp1_inhibitor'],['DUSP1'],1,0.0,1.0,0.0
Cc1ncc2c(ncc3c2cc(C(O)NCCc2ccccc2)c2nccn23)n1,['mdm2_activator'],['MDM2'],1,1.0,0.0,0.0
Cc1ncc2c3cc(ccc13)C(=O)c1ccc3cccc(c3c1)OCCCC2,['mdm2_activator'],['MDM2'],1,1.0,0.0,0.0
Cc1nccc2c1C=CC=CC1=C2C(=O)[C@H]2[C@@H](CO)[C@H](C(=O)OCc3cscn3)C[C@@H]12,['musk_activator_alphaC'],['MuSK'],1,1.0,0.0,0.0
Cc1nccn1CC(=O)Nc1cc(C(=O)Nc2ccccc2)nc2ccccc12,['perp_pocket3_alphaC'],['PERP'],1,1.0,0.0,0.0
Cc1nccn1Cc1ccc(N2CC[C@@H](Cn3cc(-c4ccoc4)cn3)C2)cc1F,['musk_activator_alphaC'],['MuSK'],1,1.0,0.0,0.0
Cc1ncnc(C2CN(c3cccc4ccccc34)CC2COP(=O)(O)O)c1C,['dusp1_inhibitor'],['DUSP1'],1,0.0,1.0,0.0
Cc1ncnc2c1nc(NC1=NC=C(N=N)C1)n2[C@@H]1CCN2CCC1CC2,['cfl1_stabilizer'],['CFL1'],1,0.0,1.0,0.0
Cc1ncnc2c1ncn1c(C3CCCc4nc(-c5cncc(F)c5)ncc43)cnc21,['cfl1_stabilizer'],['CFL1'],1,0.0,1.0,0.0
Cc1nn(CCc2ccccc2)cc1N=c1nc(C2=CCCCC2)nc[nH]1,['musk_activator_alphaC'],['MuSK'],1,1.0,0.0,0.0
Cc1nn(CNCc2ccccc2)c2[nH+]c3ccc(C)[n+]4c3c(c12)-c1ccccc1-4,['limk2_atp_inhibitor'],['LIMK2'],1,0.0,0.0,1.0
Cc1nn2c(C)cc([C@@H]3CC[C@]4(C)C(=O)N(C)C[C@H]34)nc2c1CCC(=N)O,['mdm2_activator'],['MDM2'],1,1.0,0.0,0.0
Cc1nnc(-c2ccc3ccccc3c2)n1C[C@H](N)C(=O)Nc1cccs1,['limk2_atp_inhibitor'],['LIMK2'],1,0.0,0.0,1.0
Cc1nnc(Cn2cc(CCNC(O)=Nc3cccc4nccnc34)nn2)o1,['mdm2_activator'],['MDM2'],1,1.0,0.0,0.0
Cc1nnc(N2C(=O)[C@H]3COc4ccccc4[C@H]3Nc3cccnc3C[C@@H]2C)s1,['limk2_atp_inhibitor'],['LIMK2'],1,0.0,0.0,1.0
Cc1nnc2nc3sc4c(c3nn12)=Cc1ccc(-c2ccccc2)cc1N=CC=4,['mtor_inhibitor'],['mTOR'],1,0.0,0.0,1.0
Cc1nnn(-c2cccc(C=NCc3ccc(-c4ccncc4F)cc3)n2)n1,['jak2_inhibitor'],['JAK2'],1,0.0,0.0,1.0
Cc1o[nH+]c(-c2ccc3[nH]ccc3c2)c1C(=O)NCCNS(C)(=O)=O,['musk_activator_alphaC'],['MuSK'],1,1.0,0.0,0.0
Cc1oc(-c2ccccc2)c(Cc2ccc(O)c(O)c2)c1C=NCc1ccccc1,['mdm2_activator'],['MDM2'],1,1.0,0.0,0.0
Cc1oc(-c2coc(-c3cc(=O)n4c(n3)N(C)CC4)c2)cc1C(=O)Nc1ccccc1,['musk_activator_alphaC'],['MuSK'],1,1.0,0.0,0.0
Cc1oc2cc(C(=O)O)cc3cc4c([n+]1c32)=NC=C(Cc1c[nH+]n(C)c1)c1ccccc1-4,['mtor_inhibitor'],['mTOR'],1,0.0,0.0,1.0
Cc1onc(NCc2cnccn2)c1C(=O)NC=COc1cnc2ccccc2c1,['limk2_atp_inhibitor'],['LIMK2'],1,0.0,0.0,1.0
Cc1sc(C=C2NN=C(CSCc3[nH+]c(COc4ccccc4)no3)O2)c(C)c1C,['musk_activator_alphaC'],['MuSK'],1,1.0,0.0,0.0
ClC1CCC=C2C=CCC21.O=C1C2C=CC=CC2=NN1CNCC1CCCO1,['limk1_activator_alphaC'],['LIMK1'],1,0.0,1.0,0.0
ClC1CCCC2NC(CNC3CCN(c4cccnc4)C3)NCC12,['rock2_activator_alphaC'],['ROCK2'],1,1.0,0.0,0.0
Clc1ccc(N2CCNC(c3cccnc3-c3ccccc3)C2)nc1,['hdac2_inhibitor'],['HDAC2'],1,0.0,1.0,0.0
Clc1ccc2c(n1)NC(NC1CCCc3c(nc4ccncnc3-4)C1)C2,['rock2_activator_alphaC'],['ROCK2'],1,1.0,0.0,0.0
Clc1cnc2[nH+]c3c(nc2c1)-n1[nH]cc1C[C@@H](C1=Cc2cccc4cccc1c24)CCN3,['mdm2_activator'],['MDM2'],1,1.0,0.0,0.0
Cn1[nH+]ccc1-c1nc(CCC2CCN(c3ccccc3)CC2)n[nH]1,['dok7_binder'],['DOK7'],1,1.0,0.0,0.0
Cn1c(-c2c(-c3c[nH]c4ccccc34)n[nH]c2[SH](=O)(O)O)[nH+]c2ccccc21,['dusp1_inhibitor'],['DUSP1'],1,0.0,1.0,0.0
Cn1c(-c2cc[nH+]c3ccccc23)cc2c3cnc4cccc[n+](c(=O)c21)c43,['mtor_inhibitor'],['mTOR'],1,0.0,0.0,1.0
Cn1c(-c2ccc(O)c3ccccc23)c(-c2ccccc2)c2ccccc21,['mdm2_activator'],['MDM2'],1,1.0,0.0,0.0
Cn1c(-c2ccc(S(=O)(=O)O)o2)cc(O)c(-c2ccc(F)cc2)c1=O,['mdm2_activator'],['MDM2'],1,1.0,0.0,0.0
Cn1c(-c2ccccc2)nc(=O)c2c(-c3ccccc3)c3ccccc3nc21,['pak1_activator_alphaC'],['PAK1'],1,0.0,1.0,0.0
Cn1c(-c2nnc3c4cccc5cccc(c54)n23)cc2c(N)ncnc21,['mdm2_activator'],['MDM2'],1,1.0,0.0,0.0
Cn1c(=O)[nH]c(=O)c2nc3sc4cc(C#CCCCCOc5ccccc5)ccc4n3c21,['perp_pocket3_alphaC'],['PERP'],1,1.0,0.0,0.0
Cn1c(=O)[nH]c2c(c1=O)N1C3=CC4=CC=c5cccc(F)c5=[NH+]C4=C[C@H]3N=C1O2,['mdm2_activator'],['MDM2'],1,1.0,0.0,0.0
Cn1c(=O)c2nc(-c3cnc4ccccc4c3)cnc2n(Cc2ccccc2)c1=O,['perp_pocket3_alphaC'],['PERP'],1,1.0,0.0,0.0
Cn1c(=O)c2nc3ccccc3c3c4ccc5nccc5c4oc1c23,['mtor_inhibitor'],['mTOR'],1,0.0,0.0,1.0
Cn1c(=O)ccc2cc(C(=O)NCCCC[N+](C)(C)C)c(-n3ccnc3)nc21,['musk_activator_alphaC'],['MuSK'],1,1.0,0.0,0.0
Cn1c(=O)n(-c2ccc(-c3nc(C(F)(F)F)no3)cc2)c(=O)c2ccccc21,['cdk5_activator_p25iface'],['CDK5'],1,0.0,1.0,0.0
Cn1c(=O)n(Cc2cncn2-c2ccc(N)cc2)c(=O)c2ccncc21,['mdm2_activator'],['MDM2'],1,1.0,0.0,0.0
Cn1c(=O)ncc2c3ccccc3c3ccc(-c4ccccc4)c-3nc21,['pak1_activator_alphaC'],['PAK1'],1,0.0,1.0,0.0
Cn1c(C(=O)OCc2c3ccc(=O)[nH+]c-3[nH]c3ccccc23)cc2ccccc21,['perp_pocket3_alphaC'],['PERP'],1,1.0,0.0,0.0
Cn1c(C2CCCCN2c2cccc3c(N)ncnc23)nc2c1CCCC2,['rock1_inhibitor_atp'],['ROCK1'],1,0.0,0.0,1.0
Cn1c(N)nc2c(ncn2[C@@]2(C)O[C@@H](COP(=O)(O)O)[C@H](OP(=O)(O)O)[C@@H]2O)c1=O,['mdm2_activator'],['MDM2'],1,1.0,0.0,0.0
Cn1c(N)ncc2[n+](-c3cc(-c4ccccc4)c(-c4ccccc4)[nH+]n3)cnc1-2,['perp_pocket3_alphaC'],['PERP'],1,1.0,0.0,0.0
Cn1c(NCc2cccnc2)c(CNc2ccnc3ccccc23)nnc1=O,['mdm2_activator'],['MDM2'],1,1.0,0.0,0.0
Cn1c(O)nc2ccc(-c3ccc(O)c4cc(-c5ccncc5)oc34)cc21,['jak2_inhibitor'],['JAK2'],1,0.0,0.0,1.0
Cn1c2c(cc(-n3cncc3Cc3ccnc(Cc4ccncc4)c3)c1=O)CCCC2,['musk_activator_alphaC'],['MuSK'],1,1.0,0.0,0.0
Cn1c2cccc(Nc3ccc(F)cc3)c2c(=O)n1-c1ccccc1O,['mtor_inhibitor'],['mTOR'],1,0.0,0.0,1.0
Cn1c2ccccc2c2ccc[n+]3nc(Nc4ccc(N5CCOCC5)cc4)nc-3c21,['cdk5_activator_p25iface'],['CDK5'],1,0.0,1.0,0.0
Cn1c2nc[n+](C)c(-c3ccccc3)c2c2[nH+]c3ccccc3n21,['hdac2_inhibitor'],['HDAC2'],1,0.0,1.0,0.0
Cn1c2nc[nH]c3cc(-c4ccccc4)cc(c3=2)c2c1nc1n2C=CC=C[NH+]=1,['hdac2_inhibitor'],['HDAC2'],1,0.0,1.0,0.0
Cn1cc(C(=O)CNC(=O)c2ccc(N3C=CCCC3)cc2)c2ccccc21,['musk_activator_alphaC'],['MuSK'],1,1.0,0.0,0.0
Cn1cc(CN(c2ccccc2)c2ccccc2)c(NCCN2CCCC2=O)n1,['hdac2_inhibitor'],['HDAC2'],1,0.0,1.0,0.0
Cn1cc(CN2CCC[C@@H](c3ncccc3-c3ccccc3)C2)cn1,['mdm2_activator'],['MDM2'],1,1.0,0.0,0.0
Cn1cc(Cc2cc(O)cc3c2[nH]c2cc(C(=O)O)ccc23)c2ccccc21,['mdm2_activator'],['MDM2'],1,1.0,0.0,0.0
Cn1cc(NNN=NN=NCC(=O)Nc2ccnc3ccccc23)nnc1=N,['cfl1_stabilizer'],['CFL1'],1,0.0,1.0,0.0
Cn1cc([C@H](Cc2ccccc2)c2ccccc2)c(=O)[nH]c1=O,['mdm2_activator'],['MDM2'],1,1.0,0.0,0.0
Cn1cc2c3c4[nH]cc(cc-4cc31)C=CC1=Cc3nc[nH+]c4nc(nc1c34)NC(=O)C2,['mdm2_activator'],['MDM2'],1,1.0,0.0,0.0
Cn1ccc(COc2ccccc2CCC2NCc3ccccc32)n1,['jak2_inhibitor'],['JAK2'],1,0.0,0.0,1.0
Cn1ccc2c(CC[C@H]3C(=O)CCN3CC(=O)Nc3ccccc3[N+](=O)O)cccc21,['musk_activator_alphaC'],['MuSK'],1,1.0,0.0,0.0
Cn1cnc(=O)c2cc(S(=O)(=O)c3cccc(-c4ccccc4)c3)cnc21,['mdm2_activator'],['MDM2'],1,1.0,0.0,0.0
Cn1cnc(C2=C(N3CCCCCC3)C=Cc3ccccc3N2)c2[nH+]cnc1-2,['mdm2_activator'],['MDM2'],1,1.0,0.0,0.0
Cn1cnc2c(ncn2C[C@H]2O[C@@H](OP(=O)(O)O)[C@@H](OP(=O)(O)O)[C@@H]2O)c1=O,['mdm2_activator'],['MDM2'],1,1.0,0.0,0.0
Cn1cnc2c(ncn2[C@@H](Cc2ccccc2)Nc2ccccc2)c1=O,['mdm2_activator'],['MDM2'],1,1.0,0.0,0.0
Cn1nc(CN2CCc3c4ccccc4nc(-c4cccc[nH+]4)[n+]3CC2)c2cnc[nH+]c21,['mtor_inhibitor'],['mTOR'],1,0.0,0.0,1.0
Cn1nc([C@H]2CCCN2Cc2cn(C)c3ccncc23)nc1SCc1cccnc1,['mdm2_activator'],['MDM2'],1,1.0,0.0,0.0
Cn1nc2ccccc2c(C:Cc2cnccc2-c2cccnc2)c1=O,['mdm2_activator'],['MDM2'],1,1.0,0.0,0.0
Cn1nc2ncnc(NCC3=C(c4ccc(F)cc4)N=[N+]4C=CC=[N+]34)c2n1,['mtor_inhibitor'],['mTOR'],1,0.0,0.0,1.0
Cn1ncc2c(-c3cn(Cc4ccccc4)c4c(O)ncnc34)cccc21,['mdm2_activator'],['MDM2'],1,1.0,0.0,0.0
Cn1ncc2cc(CN(COP(=O)(O)O)Cc3ccc(N)cc3)cnc21,['dusp1_inhibitor'],['DUSP1'],1,0.0,1.0,0.0
Cn1ncc2cc(N3C[C@@H](c4cc5ccccc5nc4O)CC3=O)ccc21,['mdm2_activator'],['MDM2'],1,1.0,0.0,0.0
Cn1ncnc1NC(=O)c1ccccc1Cc1cccc(Oc2ccccc2)c1,['pak1_activator_alphaC'],['PAK1'],1,0.0,1.0,0.0
Cn1nnc2cc(C[C@@H]3CCN(Cc4ccc5ccccc5c4)C3)ccc21,['mdm2_activator'],['MDM2'],1,1.0,0.0,0.0
FC(=NN=CCNNN=C=NN=NCc1ccccn1)c1cccc2ccccc12,['cfl1_stabilizer'],['CFL1'],1,0.0,1.0,0.0
FC(F)(F)Oc1cccc(-c2coc(-c3cn[nH]c3-c3ccccc3)[nH+]2)c1,['mdm2_activator'],['MDM2'],1,1.0,0.0,0.0
FC(F)(F)Oc1ccnc(Nc2ccc(Oc3ccccn3)cc2)c1,['dok7_binder'],['DOK7'],1,1.0,0.0,0.0
FC(F)(F)c1cccc(C[C@@H](Cc2ccccc2)c2ccccc2)c1,['limk2_atp_inhibitor'],['LIMK2'],1,0.0,0.0,1.0
FC1CCCC2CC=C3CC=CN=C4C=C1C2C34.NCC1CC2OC(COCC2O)O1,['pak4_activator_alphaC'],['PAK4'],1,0.0,1.0,0.0
Fc1cc2c(cn1)sc1cc(-c3csc(NN=Cc4ccccn4)n3)ccc12,['mdm2_activator'],['MDM2'],1,1.0,0.0,0.0
Fc1ccc(-c2c[nH]c3ccccc23)c(-c2ccccc2-c2ccccc2)c1,['mdm2_activator'],['MDM2'],1,1.0,0.0,0.0
Fc1ccc(-c2cc(-n3cccn3)nc(NN=Cc3ccccc3)n2)cc1,['jak2_inhibitor'],['JAK2'],1,0.0,0.0,1.0
Fc1ccc(-c2cn3c(nc4ccn5ncnc5c43)c3nccn23)cc1,['mtor_inhibitor'],['mTOR'],1,0.0,0.0,1.0
Fc1ccc(C[n+]2nc(NCc3ccc[nH+]c3)c3c4ccccc4ncnc2-3)cc1,['perp_pocket3_alphaC'],['PERP'],1,1.0,0.0,0.0
Fc1ccc(Cn2nn[nH+]c2-c2c[nH+]n(Cc3c[nH]c4ccccc34)c2)cc1,['mdm2_activator'],['MDM2'],1,1.0,0.0,0.0
Fc1ccc(NN=NN=[N+]=C=NNc2nnc3ccccc3n2)cc1,['cfl1_stabilizer'],['CFL1'],1,0.0,1.0,0.0
Fc1ccc(Oc2c(NC3CCNC3)ncnc2-c2ccccc2)cc1,['jak2_inhibitor'],['JAK2'],1,0.0,0.0,1.0
Fc1ccc2c([N+]#[N+]c3nnc4cnnnn34)cc(Nc3cn[nH]c3)nc2c1,['cfl1_stabilizer'],['CFL1'],1,0.0,1.0,0.0
Fc1ccc2c(c1)CCCN2c1ccccc1.OCc1ccccc1,['musk_activator_alphaC'],['MuSK'],1,1.0,0.0,0.0
Fc1ccc2nc3c(N4CCNCC4)nc4nc5ccccc5cc4n3c2c1,['mtor_inhibitor'],['mTOR'],1,0.0,0.0,1.0
Fc1cccc(C(=Cc2cccc3[nH]cnc23)Nc2cccc3ccccc23)c1,['mdm2_activator'],['MDM2'],1,1.0,0.0,0.0
Fc1cccc(CN(c2cc(F)ccc2F)c2ccnc3c4c(cn23)CNCC4)c1,['mdm2_activator'],['MDM2'],1,1.0,0.0,0.0
Fc1cccc(NC2=C3N=NN=C3N=C2c2ccccc2)c1,['hdac2_inhibitor'],['HDAC2'],1,0.0,1.0,0.0
Fc1cccc2cc3cc(Nc4ccc(Cn5cnnn5)cc4)ncc3cc12,['cdk5_activator_p25iface'],['CDK5'],1,0.0,1.0,0.0
Fc1ccccc1-c1cccc(CNc2cc3ccccc3nc3nncc2-3)c1,['mdm2_activator'],['MDM2'],1,1.0,0.0,0.0
Fc1ccccc1-c1ccnc2oc(Nc3ccnc4ccccc34)nc12,['mdm2_activator'],['MDM2'],1,1.0,0.0,0.0
Fc1ccccc1CN=C1N=C2N=c3nccnc3=C2C=C1CNC1CCCC1,['cdk5_activator_p25iface'],['CDK5'],1,0.0,1.0,0.0
Fc1ccccc1CN=[N+]=Cc1ccc2c(N3CCCC3)ccnc2c1,['dok7_binder'],['DOK7'],1,1.0,0.0,0.0
Fc1ccccc1NC=NN=Nc1cc(-c2ccnc3cnccc23)ccn1,['dok7_binder'],['DOK7'],1,1.0,0.0,0.0
Fc1ccccc1Oc1cnc(N=NNN=Nc2cc3nccnc3nn2)nn1,['cfl1_stabilizer'],['CFL1'],1,0.0,1.0,0.0
Fc1ncccc1-c1ccccc1Nc1ncncc1CNCc1ccccc1,['mdm2_activator'],['MDM2'],1,1.0,0.0,0.0
N#CC1=Cc2ccccc2C=C(NCCCOc2ccc(Cn3cnc[nH+]3)cc2)N1,['dok7_binder'],['DOK7'],1,1.0,0.0,0.0
N#CC1COc2ccc(C=NC3=CNC(c4ccccc4)=CC=C3)cc2O1,['cdk5_activator_p25iface'],['CDK5'],1,0.0,1.0,0.0
N#CCc1ccc(NS(=O)(=O)C2CCOCC2)cc1,['perp_genmol_hop'],['PERP'],1,1.0,0.0,0.0
N#C[C@@H](NCc1cccnc1)c1ccccc1C1=C2C=CC=C2c2ccccc21,['limk2_atp_inhibitor'],['LIMK2'],1,0.0,0.0,1.0
N#Cc1c(N)ncnc1CN1C[C@@H](c2ccccc2)CCCC1=O,['mdm2_activator'],['MDM2'],1,1.0,0.0,0.0
N#Cc1c2n(c3cnccc13)CCc1ccc(cc1)CNC(O)c1cccc(c1)N2,['mdm2_activator'],['MDM2'],1,1.0,0.0,0.0
N#Cc1c[n+]2c3cccccc3c3cccc(nc1-c1ccc(C(=O)O)cc1)c32,['jak2_inhibitor'],['JAK2'],1,0.0,0.0,1.0
N#Cc1cc2ncc1Nc1cccc(c1)CCNC(=O)c1ccc(cc1)CNC2,['mdm2_activator'],['MDM2'],1,1.0,0.0,0.0
N#Cc1ccc(-c2ccc(OCc3cn(CCc4ccccc4)nn3)cc2)o1,['dok7_binder'],['DOK7'],1,1.0,0.0,0.0
N#Cc1ccc(-n2cccc2CNCc2cc(-c3cc[nH]c3)o[nH+]2)cc1,['mdm2_activator'],['MDM2'],1,1.0,0.0,0.0
N#Cc1ccc(C(=O)NCCC2=N[N+]3=C(c4ccc(N)cc4)C=NC3=N2)[nH+]c1,['cfl1_stabilizer'],['CFL1'],1,0.0,1.0,0.0
N#Cc1ccc(CNC(=N)N=Nc2cccc(C#[N+]c3ccc(O)cc3)c2)cc1,['cfl1_stabilizer'],['CFL1'],1,0.0,1.0,0.0
N#Cc1ccc(N=NCC2=NC(=O)C(=NNc3ccc(O)cc3)C[C@H]2O)cc1,['cfl1_stabilizer'],['CFL1'],1,0.0,1.0,0.0
N#Cc1ccc(NS(=O)(=O)C2CCOCC2)cc1,['perp_genmol_hop'],['PERP'],1,1.0,0.0,0.0
N#Cc1cccc(CNC(=S)Nc2cccc(-c3nnc(-c4ccsc4)o3)c2)c1,['dok7_binder'],['DOK7'],1,1.0,0.0,0.0
N#[N+]C(=Cc1cc2c(C(=O)NCC3CCNCC3)cccc2cn1)c1ccncc1,['mdm2_activator'],['MDM2'],1,1.0,0.0,0.0
N:CC1=Cc2cnc3cc4nccc5cccc(c5c4cc23)OCCNC1=O,['mdm2_activator'],['MDM2'],1,1.0,0.0,0.0
N=C(N=CC=Cc1cc(C(=O)O)cs1)c1cnn(-c2ccccc2)n1,['musk_activator_alphaC'],['MuSK'],1,1.0,0.0,0.0
N=C(NNCCCCNC(=O)C=Cc1ccc(O)cc1)c1ccccc1,['cfl1_stabilizer'],['CFL1'],1,0.0,1.0,0.0
N=C(Nc1ccc2nccc(-n3ccnc3)c2c1)N1Cc2ccccc2C1,['mdm2_activator'],['MDM2'],1,1.0,0.0,0.0
N=C(O)C1=CC(N2CC3C4=CCCCC4CC4CCCC2C43)CC(O)C1O,['pak4_activator_alphaC'],['PAK4'],1,0.0,1.0,0.0
N=C1CCCCCOc2cccc(c2F)CN2C(=O)CC=C(N1)C2=O,['mdm2_activator'],['MDM2'],1,1.0,0.0,0.0
N=C1N=CN=c2c1nc1c3cc4ccccc4c4cc[s+]c4c3cn21,['pak1_activator_alphaC'],['PAK1'],1,0.0,1.0,0.0
N=CCOn1c(C(=O)N[C@@H]2[C@@H]3C[C@H]([C@H](CN)N(O)O)C[C@@H]32)c2n(c1=O)CCO2,['musk_activator_alphaC'],['MuSK'],1,1.0,0.0,0.0
N=Cc1c(-c2ccccc2)c(CN2CC[C@H](C(=O)O)C2)nc2ccccc12,['mdm2_activator'],['MDM2'],1,1.0,0.0,0.0
N=Cc1ccc(C(=O)NN=Cc2ccc(-c3ccc(C(=N)N)cc3)cc2)cc1O,['dok7_binder'],['DOK7'],1,1.0,0.0,0.0
N=[n+]1nc2c([nH]1)=CC=C(N[C@@H]1CCC[C@@H](c3ccc4ccccc4c3)C1)C=C2,['cfl1_stabilizer'],['CFL1'],1,0.0,1.0,0.0
N=c1ccc2c(N=NC=NN=NN=NN=Cc3ccccc3)nccc2[nH]1,['cfl1_stabilizer'],['CFL1'],1,0.0,1.0,0.0
N=c1nc2[nH]c(n1)Nc1cccc(c1)Cc1cccc(c1)OCC=CN2,['mdm2_activator'],['MDM2'],1,1.0,0.0,0.0
N=c1nc[nH]nc2c(CC(=O)CNNCCc3ccc(-c4ccc(F)cc4)cc3)cnc1-2,['cfl1_stabilizer'],['CFL1'],1,0.0,1.0,0.0
N=c1ncn(C[C@@H]2OC[C@H](O[P@@](=O)(O)OP(=O)(O)O)[C@@H]2O)c2ncncc12,['mdm2_activator'],['MDM2'],1,1.0,0.0,0.0
NC(=CCc1ccc(O)c(O)c1F)C(O)C=CC(=O)OCCCCC1CCCC1,['dusp1_inhibitor'],['DUSP1'],1,0.0,1.0,0.0
NC(=NC[C@H]1CCC1=O)Nc1cc(-c2cccnc2)nc2ccccc12,['cfl1_stabilizer'],['CFL1'],1,0.0,1.0,0.0
NC(=NNC(=O)[N@H+]1CCc2cc(C(=O)NCc3cc[n+](O)cc3)ccc21)c1ccccc1,['musk_activator_alphaC'],['MuSK'],1,1.0,0.0,0.0
NC(=Nc1cnc2ccccc2c1)c1ccc2nc3ccccc3cc2c1,['musk_activator_alphaC'],['MuSK'],1,1.0,0.0,0.0
NC(=O)C1CCN(C2=C(F)c3cc(O)cnc3C=C(NCc3ccc(O)cc3)N2)CC1,['mdm2_activator'],['MDM2'],1,1.0,0.0,0.0
NC(=O)CCC=NNc1ncc(-c2cccc[nH+]2)c2[nH]ccc12,['cfl1_stabilizer'],['CFL1'],1,0.0,1.0,0.0
NC(=O)CCn1c(=O)c2[nH]c3ccc(NC(=O)c4ccccc4)c(O)c3c2c2ccccc21,['musk_activator_alphaC'],['MuSK'],1,1.0,0.0,0.0
NC(=O)C[C@H](NC(=O)[C@]1(C(N)=O)CC=C2[C@@H]1S[C@H]1CCCN21)c1ccccc1,['limk2_atp_inhibitor'],['LIMK2'],1,0.0,0.0,1.0
NC(=O)Cc1c2ccccc2cc2cc3c4c(cn3c12)C=C(c1ccco1)C=4,['mtor_inhibitor'],['mTOR'],1,0.0,0.0,1.0
NC(=O)Cc1cccc(-c2cnnc3cc(-c4ccccc4)cnc23)c1,['mtor_inhibitor'],['mTOR'],1,0.0,0.0,1.0
NC(=O)[C@@H](CCCC(=O)O)NC(=O)Nc1ccc(Nc2ncc(N)cn2)cc1,['musk_activator_alphaC'],['MuSK'],1,1.0,0.0,0.0
NC(=O)[C@@H](CCNc1[nH+]cccc1-c1cc(=O)c2ccccc2[nH]1)C(=O)c1ccccc1,['mdm2_activator'],['MDM2'],1,1.0,0.0,0.0
NC(=O)[C@@H]1C[C@H](OP(=O)(O)O)C[C@@H](c2cccc3ccccc23)C1O,['limk2_atp_inhibitor'],['LIMK2'],1,0.0,0.0,1.0
NC(=O)[C@H]1CCCCN1C(=O)c1cc(-c2ccccc2)cc2c(C(=O)O)ncn12,['mdm2_activator'],['MDM2'],1,1.0,0.0,0.0
NC(=O)[C@H]1CCN(S(=O)(=O)c2ccc(-c3ccccc3)c3nonc23)C1,['limk2_atp_inhibitor'],['LIMK2'],1,0.0,0.0,1.0
NC(=O)c1ccc(-c2ccc3ccc(NN=Cc4cccc(O)c4)cc3n2)cc1,['musk_activator_alphaC'],['MuSK'],1,1.0,0.0,0.0
NC(=O)c1ccc(-c2cccc(Nc3nnc(-c4cccc(F)c4)[nH]3)c2)cc1,['dok7_binder'],['DOK7'],1,1.0,0.0,0.0
NC(=O)c1ccc(-c2cn3cccc(-c4cnc5cccnc5c4)c3n2)cc1,['mtor_inhibitor'],['mTOR'],1,0.0,0.0,1.0
NC(=O)c1ccc(-c2csc(Cc3ccc(-c4ccccc4)cc3)n2)cc1,['dok7_binder'],['DOK7'],1,1.0,0.0,0.0
NC(=O)c1ccc(-c2nccc3ccccc23)cc1N=Cc1ccncc1,['limk2_atp_inhibitor'],['LIMK2'],1,0.0,0.0,1.0
NC(=O)c1ccc(C2CCCN(c3ccc(-c4ccccc4)cc3)C2)cc1,['dok7_binder'],['DOK7'],1,1.0,0.0,0.0
NC(=O)c1ccc(CCCC[C@H]2CCC3=C2NC=c2ccccc2=N3)cc1,['limk2_atp_inhibitor'],['LIMK2'],1,0.0,0.0,1.0
NC(=O)c1ccc(NC(=O)c2cccc(-c3cccc(C(N)=O)n3)c2)cc1,['dok7_binder'],['DOK7'],1,1.0,0.0,0.0
NC(=O)c1ccc2c(-c3nc(F)ccc3N3CCOCC3)ncnc2c1,['mdm2_activator'],['MDM2'],1,1.0,0.0,0.0
NC(=O)c1ccc2c(c1)NC(c1ccccc1)=c1ccccc1=N2,['hdac2_inhibitor'],['HDAC2'],1,0.0,1.0,0.0
NC(=O)c1cccc(C(O)=NN=[N+]=NN=CCCNN=Cc2ccc(O)cc2)c1,['cfl1_stabilizer'],['CFL1'],1,0.0,1.0,0.0
NC(=O)c1cccc(N(c2ccc(-c3ccccc3)cc2)c2ncn[nH]2)c1,['jak2_inhibitor'],['JAK2'],1,0.0,0.0,1.0
NC(=O)c1cn2c(n1)-c1ccccc1[C@@H]1O[C@@H]2[C@H](O)CO[P@@](=O)(O)O[P@@](=O)(O)O1,['limk2_atp_inhibitor'],['LIMK2'],1,0.0,0.0,1.0
NC(=O)c1ncc(Nc2cccnc2)c2sc(-c3ccccc3O)nc12,['pak1_activator_alphaC'],['PAK1'],1,0.0,1.0,0.0
NC(CNC(=O)C[n+]1cncc2ccccc21)C1CCN(Cc2ccccc2)CC1,['rock1_inhibitor_atp'],['ROCK1'],1,0.0,0.0,1.0
NC12CCC3C(CC(NCOC4CCC5c6ccccc6CC5C4)OC3C1)C2,['pak4_activator_alphaC'],['PAK4'],1,0.0,1.0,0.0
NC1=C2C(=O)C=CC(OCC3(Cc4ccccn4)CCNCC3)=C2N=C1,['rock1_inhibitor_atp'],['ROCK1'],1,0.0,0.0,1.0
NC1=CC(CN2CCCN(CCc3cccc[nH+]3)[C@@H]2O)=c2ccccc2=CN1,['mdm2_activator'],['MDM2'],1,1.0,0.0,0.0
NC1=CC=CNc2c(C(=O)C(=O)[N@@H+]3CCCc4cccc5cccc3c45)cccc21,['mdm2_activator'],['MDM2'],1,1.0,0.0,0.0
NC1=CN(c2ccccc2-c2ccccc2)c2ncncc2-c2ccccc21,['limk2_atp_inhibitor'],['LIMK2'],1,0.0,0.0,1.0
NC1=CNC(NS(=O)(=O)N2CCC[C@@H]2c2c[nH]c(S(=O)(=O)O)c2)=CC=C1,['cfl1_stabilizer'],['CFL1'],1,0.0,1.0,0.0
NC1=NC(=NCc2cccn2-c2cccc(-c3ccccc3)c2)N=C2N=NN=C12,['pak1_activator_alphaC'],['PAK1'],1,0.0,1.0,0.0
NC1=NC(=O)C2=CN(C[C@@H]3OC4O[P@@](=O)(O)O[P@@](=O)(O)O[P@@](=O)(O)O[C@@H]4[C@H]3O)C2=N1,['mdm2_activator'],['MDM2'],1,1.0,0.0,0.0
NC1=NC(=O)C2=NC=[N+]([C@@H]3C[C@H]([P@](=O)(O)OP(=O)(O)O)[C@@H](C(=O)O)O3)C2=N1,['mdm2_activator'],['MDM2'],1,1.0,0.0,0.0
NC1=Nc2nc3c(N4CC[C@H]5CN4CCN5)cnc4ccn(c2=CC=N1)c43,['mdm2_activator'],['MDM2'],1,1.0,0.0,0.0
NC1=c2cc(C=Cc3ccccc3)c(-c3ccccc3)nc2=C2C=CNC=C2O1,['jak2_inhibitor'],['JAK2'],1,0.0,0.0,1.0
NC1CC(CCC23CC(O)C4CC2CCC4C3)C(O)C2C3=CC(CO1)CC32O,['pak4_activator_alphaC'],['PAK4'],1,0.0,1.0,0.0
NC1CC(c2ccccc2)C2CC3=C(NCCN12)Nc1cncc2cccc3c12,['rock1_inhibitor_atp'],['ROCK1'],1,0.0,0.0,1.0
NC1CCC2CC3=C4C=CCC4C4C(CCOC5CC6CC6CC5O)C1C2C34,['pak4_activator_alphaC'],['PAK4'],1,0.0,1.0,0.0
NC1CN(c2cccc(-c3ccnc4ccccc34)c2)N2CCC(O)CC12,['rock1_inhibitor_atp'],['ROCK1'],1,0.0,0.0,1.0
NCC(=O)Nc1ccc(Cl)c(N=Nc2nnc(-c3ccc4ccccc4c3)[nH]2)c1,['cfl1_stabilizer'],['CFL1'],1,0.0,1.0,0.0
NCC1C(SCCC2=C3CCC3CCC(C3CCCCC3)C2)CCS(=O)C1O,['pak4_activator_alphaC'],['PAK4'],1,0.0,1.0,0.0
NCCCC(=O)Nc1ccc2c3c(ccc2c1)C(=O)[N+](c1ccccc1)=N3,['musk_activator_alphaC'],['MuSK'],1,1.0,0.0,0.0
NCCCNC(=O)c1cc2c(F)c(C=Cc3ccccc3)ccc2c2ccccc12,['mdm2_activator'],['MDM2'],1,1.0,0.0,0.0
NCCCOc1cccc(NC(O)=Nc2nnnn2CCCc2ccc(F)cc2)c1,['dok7_binder'],['DOK7'],1,1.0,0.0,0.0
NCCN1CCC(COn2ccc(=O)c3ccccc32)CC1,['rock1_inhibitor_atp'],['ROCK1'],1,0.0,0.0,1.0
NC[C@@H](c1ccccc1-c1nc[nH+]c2ccccc12)c1cccc2c(C(=O)O)c[nH]c12,['mdm2_activator'],['MDM2'],1,1.0,0.0,0.0
NCc1cc2c(CN3CCCC(=O)[C@H]3c3ccsc3)cccc2o1,['musk_activator_alphaC'],['MuSK'],1,1.0,0.0,0.0
NCc1cc2nc3ccccc3c(-c3cc(-c4ccccc4)on3)n2n1,['mtor_inhibitor'],['mTOR'],1,0.0,0.0,1.0
NCc1ccc(-c2cc3cnccc3[nH]2)cc1NNc1cc[nH+]cc1,['cfl1_stabilizer'],['CFL1'],1,0.0,1.0,0.0
NCc1ccc(Oc2ccc(NC(=S)N=Cc3cccc(O)c3)cc2)cc1,['dok7_binder'],['DOK7'],1,1.0,0.0,0.0
NCc1cccc(-n2cccc2C(=O)N2CCN(c3cccnc3)CC2)c1,['cfl1_stabilizer'],['CFL1'],1,0.0,1.0,0.0
NCc1cccc2[nH+]cc(-c3[nH]ncc3NC(=O)c3c[nH+]ccc3O)cc12,['mdm2_activator'],['MDM2'],1,1.0,0.0,0.0
NCc1nc2cccnc2c(N(CCc2ccccc2)c2ccccc2)nc1=O,['hdac2_inhibitor'],['HDAC2'],1,0.0,1.0,0.0
NN=CCC=NN=NC1=C(N)C2=CC=CC=Cc3nc4ccccc4c1[n+]32,['cfl1_stabilizer'],['CFL1'],1,0.0,1.0,0.0
NN=NC=CNCCCCCNC(=O)c1cccc(Cc2ccccc2)n1,['dok7_binder'],['DOK7'],1,1.0,0.0,0.0
NN=Nc1cc2cc(-c3ncn(-c4ccc(C(N)=O)cc4)[nH+]3)ccc2[nH]1,['dok7_binder'],['DOK7'],1,1.0,0.0,0.0
NNC(=O)c1cccc(CN2CCCN(C[C@@H](O)c3ccccc3)CC=C2O)c1,['musk_activator_alphaC'],['MuSK'],1,1.0,0.0,0.0
NNCNCCOC1=CNC=CC=C1COc1ccc(Cc2ccccc2)cc1,['dok7_binder'],['DOK7'],1,1.0,0.0,0.0
NS(=O)(=O)c1ccc(-c2c[nH+]cc(-c3cc[nH]c(=NNCc4ccc(F)cc4)n3)c2)cc1,['dok7_binder'],['DOK7'],1,1.0,0.0,0.0
NS(=O)(=O)c1ccc(-c2ccccc2C(=O)c2ccnnc2)cc1,['mdm2_activator'],['MDM2'],1,1.0,0.0,0.0
NS(=O)(=O)c1ccc(CC=CCCNCCCc2ccccc2)cc1,['musk_activator_alphaC'],['MuSK'],1,1.0,0.0,0.0
NS(=O)(=O)c1ccc(N2CCc3cc4c5c(cccc5c3C2=O)C=C4)cc1,['cdk5_activator_p25iface'],['CDK5'],1,0.0,1.0,0.0
NS(=O)(=O)c1ccc(NC(=O)NCc2cccc(-c3ccccn3)n2)cc1,['musk_activator_alphaC'],['MuSK'],1,1.0,0.0,0.0
NS(=O)(=O)c1ccc(OC(CCc2cccc(O)c2)c2ccccc2)cc1,['jak2_inhibitor'],['JAK2'],1,0.0,0.0,1.0
NS(=O)(=O)c1cccc(-c2n[nH]cc2Cc2cc[nH+]c3ncccc23)c1,['mdm2_activator'],['MDM2'],1,1.0,0.0,0.0
NS(=O)(=O)c1cccc(N2C[C@H](n3c(=O)[nH]c(=O)c4ccccc43)C[C@@H]2C(=O)O)c1,['musk_activator_alphaC'],['MuSK'],1,1.0,0.0,0.0
N[C@@H](Cc1c[nH]c2cccc(-c3ccccc3-c3c[nH]c4ccccc34)c12)C(=O)O,['mdm2_activator'],['MDM2'],1,1.0,0.0,0.0
N[C@@H]1C(=O)[C@@H](N2CC([N+](=O)O)=NC(=O)C2O)O[C@H](c2cccc3ccccc23)[C@H]1O,['limk2_atp_inhibitor'],['LIMK2'],1,0.0,0.0,1.0
N[C@H]1CCN(C(=O)C(=O)C2c3ccccc3Nc3ccccc32)C[C@H]1O,['musk_activator_alphaC'],['MuSK'],1,1.0,0.0,0.0
N[C@]12CCCC(c3ccc(O)n[nH+]3)C3=C1C2=C1C=NNN=C1C=N3,['cfl1_stabilizer'],['CFL1'],1,0.0,1.0,0.0
N[N+](=O)OCCCCCCC1CCCC1NCC1=CC(O)CC2CCCC=C12,['limk1_activator_alphaC'],['LIMK1'],1,0.0,1.0,0.0
N[N+](=O)c1c[nH]c(CN=NN=Nc2ncccc2-c2ccccc2)n1,['cfl1_stabilizer'],['CFL1'],1,0.0,1.0,0.0
N[P@@](=O)(O)OC[C@H]1[C@H](O)[C@@H](O)[C@H](c2cnccc2CCC(=O)O)O[C@@H]1c1cccnc1,['mdm2_activator'],['MDM2'],1,1.0,0.0,0.0
N[P@](=O)(O)CCCCCCCCCCC(=O)NCc1ccccc1,['musk_activator_alphaC'],['MuSK'],1,1.0,0.0,0.0
Nc1[nH+]cc(S(=O)(=O)O)cc1[C@@H]1CN(c2ccnc3c(=O)nc[nH]c23)CCO1,['mdm2_activator'],['MDM2'],1,1.0,0.0,0.0
Nc1[nH+]nc(-c2ccc(OCc3ccc(-c4nnn[nH]4)cc3)cc2)o1,['dok7_binder'],['DOK7'],1,1.0,0.0,0.0
Nc1[nH]ccc2c1cc1c(-c3ccccc3)ccc3c(c12)=CN=CC=C3,['pak1_activator_alphaC'],['PAK1'],1,0.0,1.0,0.0
Nc1c(-c2cc3ccccc3[nH]2)c[nH+]n1-c1cccc(C(=O)NC2CCC2)c1,['musk_activator_alphaC'],['MuSK'],1,1.0,0.0,0.0
Nc1c(N=Cc2ccco2)c(O)cc[n+]1-c1ccc(C(F)(F)F)cc1,['cdk5_activator_p25iface'],['CDK5'],1,0.0,1.0,0.0
Nc1c2ccnc1CN1CC(CNc3cccnc3CNC2)c2ccccc21,['hdac2_inhibitor'],['HDAC2'],1,0.0,1.0,0.0
Nc1c[nH]c2c(ccc3c(-c4ccc(O)c(O)c4)c(OS(=O)(=O)O)nc32)c1,['dusp1_inhibitor'],['DUSP1'],1,0.0,1.0,0.0
Nc1cc(-n2c(NN=NC3C=C([N+](=O)O)CC3)nc3ccccc32)ccn1,['cfl1_stabilizer'],['CFL1'],1,0.0,1.0,0.0
Nc1cc(C=NNCc2ccccc2)ccc1-c1cc(-c2ccccc2)ncn1,['cfl1_stabilizer'],['CFL1'],1,0.0,1.0,0.0
Nc1cc(Cn2cnc3ccccc32)cc(C(=O)NCC2CCCCC2)c1,['rock1_inhibitor_atp'],['ROCK1'],1,0.0,0.0,1.0
Nc1cc(N[C@@H](c2ccccc2)c2ncnc(NCc3ccccn3)n2)ccn1,['mdm2_activator'],['MDM2'],1,1.0,0.0,0.0
Nc1cc([C@H]2CCN3C[C@H]2CC[C@@H]3c2ccc(-n3cnnc3)cc2)ncn1,['mdm2_activator'],['MDM2'],1,1.0,0.0,0.0
Nc1cc2[nH]cc(-c3[nH+]c4ccccc4c4cc(C(=O)O)ccc34)c2cn1,['mdm2_activator'],['MDM2'],1,1.0,0.0,0.0
Nc1cc2c(cn1)nc(N=NN1Cc3cnc(N)nc3C=N1)c1ccccc12,['cfl1_stabilizer'],['CFL1'],1,0.0,1.0,0.0
Nc1cc2c(nn1)NN1C(=N2)N2c3ccccc3CC[C@@H]2C[C@@H]1c1ccccc1,['cfl1_stabilizer'],['CFL1'],1,0.0,1.0,0.0
Nc1ccc(-c2c(N=Nc3ccc4[nH]c(N)[nH+]c4c3)nc3[nH]cnc(N)c2-3)cc1,['cfl1_stabilizer'],['CFL1'],1,0.0,1.0,0.0
Nc1ccc(-c2c3cnc4[nH+]cccc4c3c3cccc4c3[n+]2C=N4)cc1,['mdm2_activator'],['MDM2'],1,1.0,0.0,0.0
Nc1ccc(-c2ccc(OC3CCN(C(=O)Cc4cccc(F)c4)CC3)nc2)cn1,['dok7_binder'],['DOK7'],1,1.0,0.0,0.0
Nc1ccc(-c2ccc3c(ccc4nc5cccc(C(F)(F)F)c5nc43)c2)cn1,['dok7_binder'],['DOK7'],1,1.0,0.0,0.0
Nc1ccc(-c2ccc3cc(C(=O)O)ccc3c2)c2cccnc12,['mdm2_activator'],['MDM2'],1,1.0,0.0,0.0
Nc1ccc(-n2c3cc(O)ccc3c3cc4c(=O)cccc-4cnc32)cc1,['perp_pocket3_alphaC'],['PERP'],1,1.0,0.0,0.0
Nc1ccc(C(=CNc2ccccc2)C(=O)Nc2cnn3ccccc23)cc1,['mdm2_activator'],['MDM2'],1,1.0,0.0,0.0
Nc1ccc(C(c2ccccc2)c2ccnc(C(=O)O)c2)nc1,['hdac2_inhibitor'],['HDAC2'],1,0.0,1.0,0.0
Nc1ccc(Cc2[nH]c3ccccc3c2C2=[N+]3C=NN=C3N=C2C(=O)O)cc1,['mdm2_activator'],['MDM2'],1,1.0,0.0,0.0
Nc1ccc(O)c2c(NCC(=O)NCc3ccc(F)cc3)ccnc12,['mdm2_activator'],['MDM2'],1,1.0,0.0,0.0
Nc1ccc([C@@H](C(=O)O[SH](=O)(O)O)N2CCc3[nH]c4ccccc4c3CC2)cc1,['mdm2_activator'],['MDM2'],1,1.0,0.0,0.0
Nc1ccc([C@H]2N=C3C=C(N=NNN=Nc4cccc5cnccc45)N=C3C2=O)nn1,['cfl1_stabilizer'],['CFL1'],1,0.0,1.0,0.0
Nc1ccc2[nH]cnc2c1CCC(=O)Nc1nnc2c3cccc(F)c3[nH]cc1-2,['mdm2_activator'],['MDM2'],1,1.0,0.0,0.0
Nc1ccc2c(c1)N=C1C3=CNc4cncc5ccc(c3c45)C(=O)[NH+]12,['jak2_inhibitor'],['JAK2'],1,0.0,0.0,1.0
Nc1ccc2c(c1)nc1c3c(cccc32)C(c2ccccc2)=Nc2ccccc2-1,['mdm2_activator'],['MDM2'],1,1.0,0.0,0.0
Nc1ccc2c(c1)nc1ccc(-c3ccccc3)c-1c[n+]2Cc1ccccc1,['mdm2_activator'],['MDM2'],1,1.0,0.0,0.0
Nc1ccc2c(ccn2[C@H]2CCCN(c3ccc(-c4nccc(N)n4)cc3)C2)c1,['cdk5_activator_p25iface'],['CDK5'],1,0.0,1.0,0.0
Nc1ccc2c(n1)c1cn2CCCOc2ccccc2CNc2ccccc2-1,['mdm2_activator'],['MDM2'],1,1.0,0.0,0.0
Nc1ccc2c3nc4ccccc4c-3nc(Cc3ccccc3)nc2c1,['jak2_inhibitor'],['JAK2'],1,0.0,0.0,1.0
Nc1ccc2ccc(-c3nnc(NCCOc4cccc(OCCO)c4)[nH]3)cc2[nH+]1,['dok7_binder'],['DOK7'],1,1.0,0.0,0.0
Nc1ccc2ccc3cc(C(c4ccccc4)N4C=CC(=O)CC4)ccc3c2n1,['pak1_activator_alphaC'],['PAK1'],1,0.0,1.0,0.0
Nc1ccc2cccc3c2c1[C@@H](NC(=O)c1ccccc1)c1ccccc1-3,['musk_activator_alphaC'],['MuSK'],1,1.0,0.0,0.0
Nc1ccc2nc(-c3ccc4[nH]c5ccc(-c6cc[nH+]cc6)cc5c4c3)[nH]c2c1,['dok7_binder'],['DOK7'],1,1.0,0.0,0.0
Nc1ccc2nn3c(SCC(=O)NNCc4ccccc4)ncnc3c2c1,['cfl1_stabilizer'],['CFL1'],1,0.0,1.0,0.0
Nc1cccc(-c2[nH+]n3c(c2Cc2c[nH+]c4[nH]c5ccccc5n24)CCCC3)c1,['mdm2_activator'],['MDM2'],1,1.0,0.0,0.0
Nc1cccc(-c2c(O)c([N+](=O)O)cn(Cc3ccc(OCC4CCNCC4)cc3)c2=O)c1,['dusp1_inhibitor'],['DUSP1'],1,0.0,1.0,0.0
Nc1cccc(-c2c3c(nn2Cc2ccccc2)-c2ccccc2N=NN3)c1,['mdm2_activator'],['MDM2'],1,1.0,0.0,0.0
Nc1cccc(-c2cccc(N3C(=O)Cc4cc(-c5ncccn5)ccc43)n2)c1,['jak2_inhibitor'],['JAK2'],1,0.0,0.0,1.0
Nc1cccc(C(=O)Nc2ccccc2OCC(=O)Nc2ccccc2F)c1,['limk2_atp_inhibitor'],['LIMK2'],1,0.0,0.0,1.0
Nc1cccc(C2=CC(C(=O)O)=C3NN=C(SCc4ccccc4)N3C=N2)c1,['musk_activator_alphaC'],['MuSK'],1,1.0,0.0,0.0
Nc1cccc(CNc2ccc3nc(-c4ccccc4O)ccc3c2)c1,['musk_activator_alphaC'],['MuSK'],1,1.0,0.0,0.0
Nc1cccc(NC(=O)c2ccc(NC(=O)NCCCc3ccccc3)cc2)c1,['cfl1_stabilizer'],['CFL1'],1,0.0,1.0,0.0
Nc1cccc(O)c1Cc1cccc(Nc2ncnc3ncncc23)c1,['mdm2_activator'],['MDM2'],1,1.0,0.0,0.0
Nc1cccc2c1=Nc1ccccc1NC=2C(=O)Nc1ccc(F)cc1,['jak2_inhibitor'],['JAK2'],1,0.0,0.0,1.0
Nc1cccc2c1C(=O)c1cccc3cc(cnc13)OCCCCCCCCO2,['limk2_atp_inhibitor'],['LIMK2'],1,0.0,0.0,1.0
Nc1cccc2c1C1=NC=NNC1=C(c1ccccc3c4ccccc4[nH+]c1-3)O2,['mtor_inhibitor'],['mTOR'],1,0.0,0.0,1.0
Nc1cccc2c1C1CCN3CC(NCCO)CC1(C3)S2.OC1OOC2C(O)C12,['pak4_activator_alphaC'],['PAK4'],1,0.0,1.0,0.0
Nc1cccc2c1c1cnc(N3CCCC3)nc1n1nc(-c3ccncc3)cc21,['mtor_inhibitor'],['mTOR'],1,0.0,0.0,1.0
Nc1ccccc1CNCCCCN=NN=NN=NC1=c2ccccc2=NC=CN1,['cfl1_stabilizer'],['CFL1'],1,0.0,1.0,0.0
Nc1ccccc1C[C@@H]1C(=O)N2C(=O)[C@H](N)C[C@@H]2[C@H]1c1cccc2c(=O)nc[nH]c12,['limk2_atp_inhibitor'],['LIMK2'],1,0.0,0.0,1.0
Nc1ccnc(CCCN=NC=CN=NC(O)C=CNc2ccc(O)cc2)n1,['cfl1_stabilizer'],['CFL1'],1,0.0,1.0,0.0
Nc1ccncc2c(CN3CCCN(C(=O)c4ccccc4)C3)cnc1-2,['mdm2_activator'],['MDM2'],1,1.0,0.0,0.0
Nc1cncc2c1NC=CC(N1CCN(Cc3cc[nH+]c4ccccc34)CC1)=C2,['mdm2_activator'],['MDM2'],1,1.0,0.0,0.0
Nc1nc(-c2cc[nH]c2-c2ccccc2)c2cc3ccccc3[nH+]c2[nH+]1,['hdac2_inhibitor'],['HDAC2'],1,0.0,1.0,0.0
Nc1nc(-c2ccccc2)c2ncn(CCCc3cccnc3)c2n1,['limk2_atp_inhibitor'],['LIMK2'],1,0.0,0.0,1.0
Nc1nc(-c2cccn2-c2ccccc2)c(CCc2cnc3[nH]cccc2-3)[nH]1,['mdm2_activator'],['MDM2'],1,1.0,0.0,0.0
Nc1nc(-c2ccco2)nc(-c2cnn(-c3ccccc3)c2-c2ccccc2)n1,['limk2_atp_inhibitor'],['LIMK2'],1,0.0,0.0,1.0
Nc1nc(=O)c(C=NCCOCCOCCOc2ccc(-c3ccccc3)cc2)c[nH]1,['cfl1_stabilizer'],['CFL1'],1,0.0,1.0,0.0
Nc1nc(=O)c2c([nH]1)N=C(c1ccc3ccccc3c1)C2=Cc1ccccc1,['mdm2_activator'],['MDM2'],1,1.0,0.0,0.0
Nc1nc(=O)c2cc3cccc4c3c(c2[nH]1)OC(c1ccc(F)cc1)=C4,['mtor_inhibitor'],['mTOR'],1,0.0,0.0,1.0
Nc1nc(=O)c2nc(CC=Cc3ccccc3F)n(Cc3cccc(F)c3)c2[nH]1,['limk2_atp_inhibitor'],['LIMK2'],1,0.0,0.0,1.0
Nc1nc(=O)c2ncn([C@@H]3O[C@H](CO[P@](=O)(O)OP(=O)(O)O)[C@@H](O)[C@H]3O)c2[nH]1,['mdm2_activator'],['MDM2'],1,1.0,0.0,0.0
Nc1nc(NC(=O)COc2ccc(Nc3nc(O)cc[nH+]3)cc2)nc(=O)[nH]1,['cfl1_stabilizer'],['CFL1'],1,0.0,1.0,0.0
Nc1nc(NCCCOCc2ccc3cc(OCCCCO)ccc3c2)[nH]c2nnnc1-2,['musk_activator_alphaC'],['MuSK'],1,1.0,0.0,0.0
Nc1nc(Nc2ccccc2F)c2cc(Cc3ccccc3)nc-2[nH]1,['hdac2_inhibitor'],['HDAC2'],1,0.0,1.0,0.0
Nc1nc(Nc2ccccc2Oc2ccccc2)nn1-c1ccccn1,['mdm2_activator'],['MDM2'],1,1.0,0.0,0.0
Nc1nc(O)c2cc(-c3cccc4nc[nH]c34)c3[n+](c2n1)CCNCCN3,['mdm2_activator'],['MDM2'],1,1.0,0.0,0.0
Nc1nc(O)c2ncn(C[C@@H]3CC[C@H]([C@H](O)CCO[P@@](=O)(O)OP(=O)(O)O)O3)c2n1,['mdm2_activator'],['MDM2'],1,1.0,0.0,0.0
Nc1nc2c([nH]1)C1CCN(CC1)CC(=O)N[C@H](c1ccccc1F)c1ccc-2cc1,['mdm2_activator'],['MDM2'],1,1.0,0.0,0.0
Nc1nc2c(ncn2[C@@H]2C[C@H]3O[P@@](=O)(O)O[P@@](=O)(O)OC[C@@H]3O2)c(=O)[nH]1,['limk2_atp_inhibitor'],['LIMK2'],1,0.0,0.0,1.0
Nc1nc2c(ncn2[C@@H]2O[C@H](COP(=O)(O)O)C[C@@H](O)[C@H]2O)c(=O)[nH]1,['mdm2_activator'],['MDM2'],1,1.0,0.0,0.0
Nc1nc2c3c(ccn3n1)C(N1CCC[C@H](c3n[nH]c(-c4ccccc4)n3)C1)=CN2,['mdm2_activator'],['MDM2'],1,1.0,0.0,0.0
Nc1nc2cc([N+]#[N+]c3ccccc3)nc(Nc3ccccc3)n2n1,['cfl1_stabilizer'],['CFL1'],1,0.0,1.0,0.0
Nc1nc2n(COP(=O)(O)O)c3ccc4ccccc4c3nc-2c(=O)n1,['dusp1_inhibitor'],['DUSP1'],1,0.0,1.0,0.0
Nc1nc2n3c(cnc-2c(=O)n1)C(c1ccccc1)CC(OP(=O)(O)O)C3,['dusp1_inhibitor'],['DUSP1'],1,0.0,1.0,0.0
Nc1nc2ncc3cc(-c4ccc(C(=O)O)c(Cc5cccc[nH+]5)c4)c(O)n1[n+]32,['cfl1_stabilizer'],['CFL1'],1,0.0,1.0,0.0
Nc1nc[nH+]c2c1=C1C=CC(NC(=O)CCc3n[nH]c(Cc4ccnc[nH+]4)n3)=C1C=2,['cfl1_stabilizer'],['CFL1'],1,0.0,1.0,0.0
Nc1ncc(-c2ccc(Cc3ccc(COP(=O)(O)O)[nH+]c3)cc2)c2[nH]cnc12,['dusp1_inhibitor'],['DUSP1'],1,0.0,1.0,0.0
Nc1ncc(C=NN=Nc2ccc3c(ccn3CC(=O)O)c2)nn1,['cfl1_stabilizer'],['CFL1'],1,0.0,1.0,0.0
Nc1ncc(CCC(=O)NC=CCCCCCc2ccccc2O)c(O)n1,['cfl1_stabilizer'],['CFL1'],1,0.0,1.0,0.0
Nc1ncc(CCCCNCc2ccncc2)c(N2CCNc3ccccc32)n1,['mdm2_activator'],['MDM2'],1,1.0,0.0,0.0
Nc1ncc(O)c(-n2cnnc2Cc2ccccc2)c1NCc1cccnc1,['mdm2_activator'],['MDM2'],1,1.0,0.0,0.0
Nc1ncc2c(-n3c(=O)[nH]c4c([N+](=O)O)cc(-c5ccc(F)cc5)cc43)c[nH]c2n1,['dusp1_inhibitor'],['DUSP1'],1,0.0,1.0,0.0
Nc1ncc2c(CN3CCCC(c4ccc(F)cc4)C3)cccc2n1,['hdac2_inhibitor'],['HDAC2'],1,0.0,1.0,0.0
Nc1ncc2c(NCc3ccccc3)ccc(C(=O)Nc3ccccc3)c2n1,['limk2_atp_inhibitor'],['LIMK2'],1,0.0,0.0,1.0
Nc1ncc2c(n1)Nc1ccccc1-c1ccccc1OCCCCCN=C2O,['mdm2_activator'],['MDM2'],1,1.0,0.0,0.0
Nc1ncc2ccc(-c3nc4c(s3)-c3ccccc3CNS4(=O)=O)cc2n1,['mdm2_activator'],['MDM2'],1,1.0,0.0,0.0
Nc1ncc2cnc3c(OCc4cccnc4)cccc3c2n1,['perp_pocket3_alphaC'],['PERP'],1,1.0,0.0,0.0
Nc1ncc2nc(-c3ccccc3)cnc2c1NCCNc1cccc2ccccc12,['mdm2_activator'],['MDM2'],1,1.0,0.0,0.0
Nc1nccc(C(=O)NCc2nc(Nc3ccccc3)nc3ccccc23)n1,['cfl1_stabilizer'],['CFL1'],1,0.0,1.0,0.0
Nc1nccc(N2CCC(c3c[nH]c4ccccc34)C(OP(=O)(O)O)C2)[nH+]1,['dusp1_inhibitor'],['DUSP1'],1,0.0,1.0,0.0
Nc1nccc(N=Nc2nnnn2-c2ccc(Nc3ncccc3N)cc2)n1,['cfl1_stabilizer'],['CFL1'],1,0.0,1.0,0.0
Nc1nccc([C@@H]2CCCN3CO[C@@H](C3)[C@H](c3ccccc3)OCCCCN2)n1,['mdm2_activator'],['MDM2'],1,1.0,0.0,0.0
Nc1nccc2c(C(=O)N3CCNCC(Cc4ccccc4)C3)cccc12,['rock1_inhibitor_atp'],['ROCK1'],1,0.0,0.0,1.0
Nc1nccc2c(C(=O)NC3CCNC(c4ccccc4F)C3)cccc12,['rock1_inhibitor_atp'],['ROCK1'],1,0.0,0.0,1.0
Nc1nccc2c(N3CCCC(CN4CCC(O)CC4)C3)cccc12,['rock1_inhibitor_atp'],['ROCK1'],1,0.0,0.0,1.0
Nc1nccc2c(N3CCCC(NCc4ccccc4)C3CO)cccc12,['rock1_inhibitor_atp'],['ROCK1'],1,0.0,0.0,1.0
Nc1nccc2c(NC(CCN3CCOCC3)CCN3CCOCC3)cccc12,['rock1_inhibitor_atp'],['ROCK1'],1,0.0,0.0,1.0
Nc1nccc2c(NC3CNCCN(CCN4CCCC4)C3)cccc12,['rock1_inhibitor_atp'],['ROCK1'],1,0.0,0.0,1.0
Nc1nccc2c(OC3CCN(CC4CCCCC4)CCNC3)nccc12,['rock1_inhibitor_atp'],['ROCK1'],1,0.0,0.0,1.0
Nc1nccc2c1[nH]n[n+]2Nc1cc(-c2cccnc2)nc(-c2ccccc2)n1,['cfl1_stabilizer'],['CFL1'],1,0.0,1.0,0.0
Nc1nccc2c3c(ccc12)C(CO)N(CCNCc1ccccc1)CC3,['rock1_inhibitor_atp'],['ROCK1'],1,0.0,0.0,1.0
Nc1nccc2cc(N(O)C3CCNCCC3N3CCc4ccccc43)ccc12,['rock1_inhibitor_atp'],['ROCK1'],1,0.0,0.0,1.0
Nc1nccc2cc(N3CCNCCC3Cc3ccccc3)ccc12,['rock1_inhibitor_atp'],['ROCK1'],1,0.0,0.0,1.0
Nc1nccc2cc(NC3CC4CCN(CCO)C3Cc3ccccc34)ccc12,['rock1_inhibitor_atp'],['ROCK1'],1,0.0,0.0,1.0
Nc1nccc2cc(OC3CNCCC3Nc3ccccc3)ccc12,['rock1_inhibitor_atp'],['ROCK1'],1,0.0,0.0,1.0
Nc1ncnc(-c2cccc(CN3C(=O)C(=O)N[C@H](Cc4ccccc4)C3=O)c2)n1,['mdm2_activator'],['MDM2'],1,1.0,0.0,0.0
Nc1ncnc(CNN=NN=Cc2c3c4c(nn3c3nccn23)[S+]=CC=4)n1,['cfl1_stabilizer'],['CFL1'],1,0.0,1.0,0.0
Nc1ncnc(N[C@@H]2CN(Cc3ccc4ccncc4n3)C[C@@H]3CCC[C@H]32)n1,['mdm2_activator'],['MDM2'],1,1.0,0.0,0.0
Nc1ncnc2c(C(=O)NN=C=NN=NCCN=[N+]=C3CCON3)cccc12,['cfl1_stabilizer'],['CFL1'],1,0.0,1.0,0.0
Nc1ncnc2c(N3CCC4CN(CC5CCCCNC5)CC43)cccc12,['rock1_inhibitor_atp'],['ROCK1'],1,0.0,0.0,1.0
Nc1ncnc2c(O)c(Cc3ccc4ccccc4c3)cnc12,['jak2_inhibitor'],['JAK2'],1,0.0,0.0,1.0
Nc1ncnc2c1NC=CN2[C@H]1OC[C@H](O)[C@@H](CO[P@@](=O)(O)OP(=O)(O)O)O1,['mdm2_activator'],['MDM2'],1,1.0,0.0,0.0
Nc1ncnc2c1ccc[n+]2C[C@H](O)[C@H](O)[C@H](O)COP1(=O)O[P@](=O)(O)O[P@@](=O)(O)O1,['mdm2_activator'],['MDM2'],1,1.0,0.0,0.0
Nc1ncnc2c1ccn2CCCN1CCC(C2Cc3ccccc3CN2)CC1,['rock1_inhibitor_atp'],['ROCK1'],1,0.0,0.0,1.0
Nc1ncnc2c1ncn2C[C@@H](N)C=Cc1cccc2c1C[C@@H]1CNCCN21,['mdm2_activator'],['MDM2'],1,1.0,0.0,0.0
Nc1ncnc2c1ncn2[C@@H]1O[C@H](COP(=O)(O)O)[C@@H](O)[C@@H]1OP(=O)(O)O,['mdm2_activator'],['MDM2'],1,1.0,0.0,0.0
Nc1ncnc2c1ncn2[C@@H]1O[C@H](O[P@@](=O)(O)OP(=O)(O)O)[C@@H](O)[C@H]1O,['mdm2_activator'],['MDM2'],1,1.0,0.0,0.0
Nc1ncnc2c3n(c-3n1)C[C@@H](O)[C@H](O)[C@@H](N)CO[P@](=O)(O)OCc1cccc(c1N)N2,['mdm2_activator'],['MDM2'],1,1.0,0.0,0.0
Nc1nn(Cc2ccccc2)c(-c2cccnc2)c1C(=O)NCc1ccccn1,['mdm2_activator'],['MDM2'],1,1.0,0.0,0.0
Nc1nnc(-c2ccccc2OCc2ccccc2)c(Nc2ccccc2)n1,['limk2_atp_inhibitor'],['LIMK2'],1,0.0,0.0,1.0
Nc1nncc2cc(N3CCNC(CNCc4ccccc4)C3)ccc12,['rock1_inhibitor_atp'],['ROCK1'],1,0.0,0.0,1.0
Nc1onc2c1c(=O)ncn2[C@H]1CC(=O)[C@@H](COP(=O)(O)O)O1,['limk2_atp_inhibitor'],['LIMK2'],1,0.0,0.0,1.0
O=C(C1=Cc2cc3ccccc3c3c(Cc4ccccc4)cnc(c23)N1)N1CCC1,['mdm2_activator'],['MDM2'],1,1.0,0.0,0.0
O=C(C1=Cc2cccc3cccc1c23)N1CCC[C@H](c2ccccc2)C1,['musk_activator_alphaC'],['MuSK'],1,1.0,0.0,0.0
O=C(C=C(C(=O)c1ccc(O)cc1)c1ccccc1)Nc1ccc(O)cc1,['cfl1_stabilizer'],['CFL1'],1,0.0,1.0,0.0
O=C(C=CC(=O)Nc1ccc2ccccc2c1)NCCc1cccnc1,['dusp1_inhibitor'],['DUSP1'],1,0.0,1.0,0.0
O=C(C=Cc1cc(-c2ccccc2)n[nH]1)c1cccc(-c2cc[nH+]cn2)c1,['jak2_inhibitor'],['JAK2'],1,0.0,0.0,1.0
O=C(C=Cc1ccccc1)C=NNNN=NC(=O)c1ccc(S(=O)(=O)O)cc1,['cfl1_stabilizer'],['CFL1'],1,0.0,1.0,0.0
O=C(C=Cc1ccccc1)NCc1ccccc1-n1ccnc1,['jak2_inhibitor'],['JAK2'],1,0.0,0.0,1.0
O=C(CC(O)C1C2OC2COCCON1O)N(CCO)c1ccc(Br)cc1,['pak4_activator_alphaC'],['PAK4'],1,0.0,1.0,0.0
O=C(CC1CCCCC1)Nc1cccc(-c2ccnc(NCc3ccc4c(c3)CCO4)n2)c1,['dok7_binder'],['DOK7'],1,1.0,0.0,0.0
O=C(CC=CNC(=O)NNN=Nc1ncnc2ccccc12)Nc1cccc(F)c1,['cfl1_stabilizer'],['CFL1'],1,0.0,1.0,0.0
O=C(CCC(=O)c1ccccc1)Nc1ccc(C(=O)N2CCCCC2)cc1,['musk_activator_alphaC'],['MuSK'],1,1.0,0.0,0.0
O=C(CCCC=CCc1ccccc1O)NCCCCCC=N[n+]1ccc(O)cc1,['cfl1_stabilizer'],['CFL1'],1,0.0,1.0,0.0
O=C(CCCCNN=C1CC=CCC1)Cc1ccc(N2CCCCC2=O)cc1,['dusp1_inhibitor'],['DUSP1'],1,0.0,1.0,0.0
O=C(CCCN1CCOc2ccccc2C1=O)NC[C@@H]1CCc2ccccc21,['musk_activator_alphaC'],['MuSK'],1,1.0,0.0,0.0
O=C(CCCNCCN1CCCC1)NCc1ccc(CCc2ccccc2)nc1,['musk_activator_alphaC'],['MuSK'],1,1.0,0.0,0.0
O=C(CCCc1ccc(F)cc1)N[C@H](CC(=O)c1ccccc1)c1ccccc1,['mdm2_activator'],['MDM2'],1,1.0,0.0,0.0
O=C(CCCc1ccc(O)cc1)Nc1ccc2c(O)c3cc(O)ccc3nc2c1,['musk_activator_alphaC'],['MuSK'],1,1.0,0.0,0.0
O=C(CCCc1ccccc1)Nc1cccc2ccc3c(C(=O)O)cccc3c12,['musk_activator_alphaC'],['MuSK'],1,1.0,0.0,0.0
O=C(CCNC(=O)c1cccc(-c2ccccc2)c1)NCC(=O)c1ccccc1,['musk_activator_alphaC'],['MuSK'],1,1.0,0.0,0.0
O=C(CCNc1ccccc1)N1CCC[C@H](c2cc(-c3cc[nH]c3)[nH]n2)C1,['musk_activator_alphaC'],['MuSK'],1,1.0,0.0,0.0
O=C(CCO)N(Cc1ccccc1)c1[nH+]c(-c2c[nH]c3cc(F)ccc23)cs1,['mdm2_activator'],['MDM2'],1,1.0,0.0,0.0
O=C(CCc1cc2ccc(=O)cc-2[nH]c1-c1ccccc1)N1CCOCC1,['hdac2_inhibitor'],['HDAC2'],1,0.0,1.0,0.0
O=C(CCc1ccc2nc3ccccc3nc2c1)Nc1ccccc1,['mdm2_activator'],['MDM2'],1,1.0,0.0,0.0
O=C(CCc1cccc(Cl)c1)OCCOC(=O)c1ccc2c(ccc[n+]2O)c1,['dusp1_inhibitor'],['DUSP1'],1,0.0,1.0,0.0
O=C(CN(C(=O)c1ncc[nH]1)c1ccccc1)Oc1ccc(Cl)cc1,['rock2_activator_alphaC'],['ROCK2'],1,1.0,0.0,0.0
O=C(CN1C(=O)CCC(=O)N(Cc2ccccc2)C1=O)NCc1ccccc1,['hdac2_inhibitor'],['HDAC2'],1,0.0,1.0,0.0
O=C(CN1CC1)NCc1cc(N(c2ccccc2)c2nc3ccccc3[nH]2)cc[nH+]1,['hdac2_inhibitor'],['HDAC2'],1,0.0,1.0,0.0
O=C(CN1CCN(C(=O)c2cccc3ccccc23)CC1)NC1CCOCC1,['dok7_binder'],['DOK7'],1,1.0,0.0,0.0
O=C(CN1CCNCC1)Nc1ccccc1-c1ccc2ccccc2c1,['cdk5_activator_p25iface'],['CDK5'],1,0.0,1.0,0.0
O=C(CN=CC=NNNC(=O)C1=NC=CNC(O)=C1)CN=CCc1ccccc1,['cfl1_stabilizer'],['CFL1'],1,0.0,1.0,0.0
O=C(CNc1nc2ccccc2n1Cc1cccc2ncccc12)N1CCCC1,['hdac2_inhibitor'],['HDAC2'],1,0.0,1.0,0.0
O=C(CO)NC(CNC(=Cc1ccc(O)cc1)C(=O)O)c1ccccc1,['dusp1_inhibitor'],['DUSP1'],1,0.0,1.0,0.0
O=C(COCCc1cccc2ccccc12)N=NC=[N+]=Nc1ncnc2ccccc12,['cfl1_stabilizer'],['CFL1'],1,0.0,1.0,0.0
O=C(CONC(=O)Nc1ccc(F)cc1)NNc1ccc2cncnc2c1,['dusp1_inhibitor'],['DUSP1'],1,0.0,1.0,0.0
O=C(COc1cc(=O)[nH]c2ccc(-c3ccccc3)cc12)N=CCc1ccccc1,['pak1_activator_alphaC'],['PAK1'],1,0.0,1.0,0.0
O=C(COc1ccc(C(=O)N2CCCC2)nc1-c1ccccc1)NCc1cccc(F)c1,['jak2_inhibitor'],['JAK2'],1,0.0,0.0,1.0
O=C(COc1cccc(F)c1)Nc1ccc(-c2ccc3ccccc3n2)cc1,['cfl1_stabilizer'],['CFL1'],1,0.0,1.0,0.0
O=C(COc1ccccc1)OCCCCNC(=O)c1cnc2nccnc2c1,['dusp1_inhibitor'],['DUSP1'],1,0.0,1.0,0.0
O=C(CP(=O)(O)Oc1ccccc1)NNNc1nc2ccccc2s1,['dusp1_inhibitor'],['DUSP1'],1,0.0,1.0,0.0
O=C(C[C@@H](Cc1ccccc1)c1ccccc1)N[C@H](C(=O)O)c1ccccc1,['mdm2_activator'],['MDM2'],1,1.0,0.0,0.0
O=C(Cc1cc(-c2ccc(=O)[nH]n2)c2cccccc1-2)NCc1cccc[nH+]1,['jak2_inhibitor'],['JAK2'],1,0.0,0.0,1.0
O=C(Cc1ccc(-c2ccc(O)cc2)nn1)NNC(=O)c1cccc(O)c1,['cfl1_stabilizer'],['CFL1'],1,0.0,1.0,0.0
O=C(Cc1ccc(NC(=O)Cc2ccccc2)cc1)NCc1cccc(Cl)c1,['dok7_binder'],['DOK7'],1,1.0,0.0,0.0
O=C(Cc1ccccc1)NCSC1=[N+](c2ccccc2)C(=O)c2ccccc21,['musk_activator_alphaC'],['MuSK'],1,1.0,0.0,0.0
O=C(Cc1ccccc1)N[C@@H]1CCCC[C@@H]1c1ccnn1-c1ccccc1,['musk_activator_alphaC'],['MuSK'],1,1.0,0.0,0.0
O=C(Cc1cccnc1)N1CCCn2cnc3nccc(c32)Cc2cccc(c2)C1,['mdm2_activator'],['MDM2'],1,1.0,0.0,0.0
O=C(Cl)c1ccc(NS(=O)(=O)C2CCOCC2)cc1,['perp_genmol_hop'],['PERP'],1,1.0,0.0,0.0
O=C(Cn1cnc2ccccc21)NN=Cc1cccc(Cc2ccco2)c1,['limk2_atp_inhibitor'],['LIMK2'],1,0.0,0.0,1.0
O=C(N=Cc1cnc2ccccc2c1O)c1ccc(-c2ccccc2)o1,['musk_activator_alphaC'],['MuSK'],1,1.0,0.0,0.0
O=C(N=NC1C[N+](c2nc3ccccc3[nH]2)=N1)c1ccc(Nc2ncccn2)cc1,['cfl1_stabilizer'],['CFL1'],1,0.0,1.0,0.0
O=C(N=c1cccc(-c2ccccc2)[nH]1)Nc1ccccc1-c1ccccc1,['mdm2_activator'],['MDM2'],1,1.0,0.0,0.0
O=C(NC(Cc1ccc2ncccc2c1)C(=O)O)C1CCN(Cc2ccccc2)C1,['dusp1_inhibitor'],['DUSP1'],1,0.0,1.0,0.0
O=C(NC(Cc1ccccc1)c1ccc2c(c1)C=CC=CN2)c1c[nH]nn1,['jak2_inhibitor'],['JAK2'],1,0.0,0.0,1.0
O=C(NC(O)C1CC2C(O)C23OC3C1O)C1(Nc2ccccc2)CCN2CCCCCC21,['pak4_activator_alphaC'],['PAK4'],1,0.0,1.0,0.0
O=C(NC(c1ccccc1)c1ncc2ccnnc2n1)c1ccccc1,['perp_pocket3_alphaC'],['PERP'],1,1.0,0.0,0.0
O=C(NC1=CC=C2N=C2c2nc3ccccc3nc21)C(O)=CCc1ccncc1,['cfl1_stabilizer'],['CFL1'],1,0.0,1.0,0.0
O=C(NC1=NC2=CC=CN=CC2=CN=C1c1ccccc1)c1ccccc1,['jak2_inhibitor'],['JAK2'],1,0.0,0.0,1.0
O=C(NC1C2OC2CNOBC2OC2(O)C1O)C1=C2CCCCC2CC=C1,['pak4_activator_alphaC'],['PAK4'],1,0.0,1.0,0.0
O=C(NC1CCC(C=CCC=Nc2ncccn2)CC1)[n+]1cccc2c1CCN2,['rock2_activator_alphaC'],['ROCK2'],1,1.0,0.0,0.0
O=C(NC1CCCC1)C1=CN=C(Nc2ccccc2)c2ccccc2N1,['perp_pocket3_alphaC'],['PERP'],1,1.0,0.0,0.0
O=C(NC1CCCCC1)OC[C@H]1COc2ccc(CNC(=O)C3CCCCC3)cc21,['musk_activator_alphaC'],['MuSK'],1,1.0,0.0,0.0
O=C(NC1CCCCC1)c1ccc(Cc2cnc3ccccn23)cc1,['hdac2_inhibitor'],['HDAC2'],1,0.0,1.0,0.0
O=C(NC1CSC1)N1CCOc2ccc3ccccc3c2CC1,['musk_activator_alphaC'],['MuSK'],1,1.0,0.0,0.0
O=C(NC=Cc1ccnc(-c2ccc(O)cc2)c1)c1ccn(Cc2cccnc2)c1,['musk_activator_alphaC'],['MuSK'],1,1.0,0.0,0.0
O=C(NCC(=O)N1c2ccccc2C[C@@H]1CO)c1ccc(Cc2ccccc2)s1,['musk_activator_alphaC'],['MuSK'],1,1.0,0.0,0.0
O=C(NCC1=CC=CNc2ccc(OCc3ccccc3)cc21)c1cc(=O)cc[nH]1,['mtor_inhibitor'],['mTOR'],1,0.0,0.0,1.0
O=C(NCC1CCN(CCc2cccnn2)C1)c1ccnc2ccccc12,['rock1_inhibitor_atp'],['ROCK1'],1,0.0,0.0,1.0
O=C(NCC=Cc1ccccc1)C(=NC1=CC(=O)[N+]2=CC=NC2=N1)c1ccccc1,['jak2_inhibitor'],['JAK2'],1,0.0,0.0,1.0
O=C(NCCCCOc1ccc(-c2ccncc2)cc1)Nc1ccccn1,['dok7_binder'],['DOK7'],1,1.0,0.0,0.0
O=C(NCCCCn1ccc[nH+]1)C1=C[N+]2=C(C(=O)NCCN3CCCC3)C=CC2=C1,['musk_activator_alphaC'],['MuSK'],1,1.0,0.0,0.0
O=C(NCCNC(=O)c1ccc(Oc2ccccc2)cc1)NCc1ccccc1,['musk_activator_alphaC'],['MuSK'],1,1.0,0.0,0.0
O=C(NCCNCc1ccccc1)c1cnc2cc(O)ccc2c1,['musk_activator_alphaC'],['MuSK'],1,1.0,0.0,0.0
O=C(NCCOCc1ccccc1)c1ccc2c(c1)C(=O)N1CCCC[C@H]1C2=O,['musk_activator_alphaC'],['MuSK'],1,1.0,0.0,0.0
O=C(NCCON=NC1Cc2ccccc2C1)c1cc2c3c(c1)ncc[n+]3C=C2,['dusp1_inhibitor'],['DUSP1'],1,0.0,1.0,0.0
O=C(NCC[C@H]1CC[C@@]2(CCN(Cc3ccc(Cn4cccc4)cc3)C2)CC1)C1CCCCC1,['musk_activator_alphaC'],['MuSK'],1,1.0,0.0,0.0
O=C(NCCc1ccc2ccccc2c1)[C@H]1OC1=Nc1ccccc1,['cfl1_stabilizer'],['CFL1'],1,0.0,1.0,0.0
O=C(NCCc1ccccc1)C1=C2C(F)=CC=CC=C2N=C(c2ccccc2)N1,['mtor_inhibitor'],['mTOR'],1,0.0,0.0,1.0
O=C(NCCc1ccccc1)c1cc2cccnc2c2cnccc12,['mdm2_activator'],['MDM2'],1,1.0,0.0,0.0
O=C(NCCc1ccccc1F)Nc1ccc(-c2ccccc2)cc1,['dok7_binder'],['DOK7'],1,1.0,0.0,0.0
O=C(NCCc1nc2ncc(-c3ccc(F)cc3)c-2n[nH]1)c1cc[nH+]c2ccccc12,['mdm2_activator'],['MDM2'],1,1.0,0.0,0.0
O=C(NCCn1c(=O)[nH]c2ccccc2c1=O)c1cc(-c2ccccc2)n[nH]1,['mdm2_activator'],['MDM2'],1,1.0,0.0,0.0
O=C(NCc1c(O)[nH]c2ccccc12)c1cccc(C(=O)c2ccccc2)c1,['dok7_binder'],['DOK7'],1,1.0,0.0,0.0
O=C(NCc1ccc(-c2ccc(F)cc2)cc1)C1COP(=O)(O)O1,['jak2_inhibitor'],['JAK2'],1,0.0,0.0,1.0
O=C(NCc1ccc(-c2ccccc2)cc1)C1=CC(O)=CC2NCC=C12,['musk_activator_alphaC'],['MuSK'],1,1.0,0.0,0.0
O=C(NCc1ccc(O)c(C=CCc2cccc3nn[nH]c23)c1)c1ccccc1,['cfl1_stabilizer'],['CFL1'],1,0.0,1.0,0.0
O=C(NCc1ccc(O)cc1)NC1=Cc2c(ccc3ccccc23)C=CN1,['musk_activator_alphaC'],['MuSK'],1,1.0,0.0,0.0
O=C(NCc1ccc(O)cc1)OCc1ccc(-c2nn[nH]n2)c2ccccc12,['cfl1_stabilizer'],['CFL1'],1,0.0,1.0,0.0
O=C(NCc1ccc(O)cn1)C(Cc1ccccc1)NCc1ccccc1,['perp_pocket3_alphaC'],['PERP'],1,1.0,0.0,0.0
O=C(NCc1cccc(OCc2c[nH+]cc(-c3nnn[nH]3)c2)c1)c1ccccc1,['dok7_binder'],['DOK7'],1,1.0,0.0,0.0
O=C(NCc1cccc[nH+]1)[C@H](Cc1ccccc1)CN(Cc1ccccc1)Cc1cnc[nH]1,['mdm2_activator'],['MDM2'],1,1.0,0.0,0.0
O=C(NCc1ccccc1)NNC(=O)NCc1cccc(CN2CCCCC2)c1,['musk_activator_alphaC'],['MuSK'],1,1.0,0.0,0.0
O=C(NCc1ccccc1)Nc1cccc2cc3c4c(nccc4c12)N=C3O,['pak1_activator_alphaC'],['PAK1'],1,0.0,1.0,0.0
O=C(NCc1ccccc1)OC=C(O)c1ccc(CN2CCCCC2)cc1,['musk_activator_alphaC'],['MuSK'],1,1.0,0.0,0.0
O=C(NCc1ccccc1)c1c2c[nH+]c(-c3ccc[nH+]c3)c-2[nH]c2ccccc12,['jak2_inhibitor'],['JAK2'],1,0.0,0.0,1.0
O=C(NCc1cccnc1)NCc1ccccc1OCc1cccc2c1NCC2,['limk2_atp_inhibitor'],['LIMK2'],1,0.0,0.0,1.0
O=C(NCc1nnc(CCCCN2CCCCCC2)o1)C(=O)N1CCNCC1,['musk_activator_alphaC'],['MuSK'],1,1.0,0.0,0.0
O=C(NCn1c2c(c3ccccc31)NC=Cc1ccccc1-2)c1ccc[nH+]c1,['mdm2_activator'],['MDM2'],1,1.0,0.0,0.0
O=C(NN=C(O)NN=NCC=Cc1ccccc1)c1cccc2nc[nH]c12,['cfl1_stabilizer'],['CFL1'],1,0.0,1.0,0.0
O=C(NN=C(O)OCc1ccccc1)c1ccc(Cc2ccccc2)nc1,['musk_activator_alphaC'],['MuSK'],1,1.0,0.0,0.0
O=C(NN=CCc1ccccc1)c1cccc(OCCNCCNO)c1,['dok7_binder'],['DOK7'],1,1.0,0.0,0.0
O=C(NNCC=CC[N+](=O)O)Nc1cc2ccccc2c2ccccc12,['dok7_binder'],['DOK7'],1,1.0,0.0,0.0
O=C(NNNc1cnc(O)nc1)Nc1cccc(OCc2ccccc2)c1F,['cfl1_stabilizer'],['CFL1'],1,0.0,1.0,0.0
O=C(NNc1c(-c2ccccc2)ccc2c(=O)[nH]cnc12)c1ccccc1,['jak2_inhibitor'],['JAK2'],1,0.0,0.0,1.0
O=C(NO)c1ccccc1.O[N+]1=C=CC(=CC2CC=CC3=CCC=CC32)C1,['limk1_activator_alphaC'],['LIMK1'],1,0.0,1.0,0.0
O=C(NOCCOCC=CCCc1ccc2ccccc2c1)c1ccc2n[nH]cc2c1,['dusp1_inhibitor'],['DUSP1'],1,0.0,1.0,0.0
O=C(N[C@@H](C(=O)c1ccc(O)cc1)c1cnc2ccccc2c1)c1cccnc1,['mdm2_activator'],['MDM2'],1,1.0,0.0,0.0
O=C(N[C@@H]1CCN(CCCc2ccc(Nc3ccccc3)cn2)C1)c1cscn1,['musk_activator_alphaC'],['MuSK'],1,1.0,0.0,0.0
O=C(N[C@@H]1CC[C@@H]2Cc3ccc(O)cc3C=C21)N1C=Cc2ccccc2C1,['musk_activator_alphaC'],['MuSK'],1,1.0,0.0,0.0
O=C(N[C@@H]1C[C@@H]2Cc3ccccc3[C@H]3CCC[C@@H]1N23)c1coc2cc(O)ccc12,['musk_activator_alphaC'],['MuSK'],1,1.0,0.0,0.0
O=C(N[C@@](c1ccccc1)(c1nnn[nH]1)c1ccco1)c1ccc2ccccc2c1,['cfl1_stabilizer'],['CFL1'],1,0.0,1.0,0.0
O=C(N[C@H](C(=O)O)c1ccccc1)c1ccc(CN2CCCNCC2)nc1,['musk_activator_alphaC'],['MuSK'],1,1.0,0.0,0.0
O=C(N[C@H]1C[C@@H](NC(=O)c2ccc3ccccc3c2)C1)c1ccccc1,['musk_activator_alphaC'],['MuSK'],1,1.0,0.0,0.0
O=C(Nc1[nH+]c(-c2ccc(O)cc2)cs1)c1ccc(-c2ccccc2)[nH]1,['musk_activator_alphaC'],['MuSK'],1,1.0,0.0,0.0
O=C(Nc1c2ccc(O)cc2n2[n+]1-c1ccccc1C2=O)c1ccco1,['mtor_inhibitor'],['mTOR'],1,0.0,0.0,1.0
O=C(Nc1c2cccccc-2cnc1=O)c1ccc(C(=O)c2ccccc2)cc1,['cdk5_activator_p25iface'],['CDK5'],1,0.0,1.0,0.0
O=C(Nc1c[nH]c2ccccc12)c1cc(Cl)cc(OC(F)(F)F)c1,['dok7_binder'],['DOK7'],1,1.0,0.0,0.0
O=C(Nc1cc(-c2nc(-c3ccc(O)cc3)no2)cs1)c1ccccc1,['musk_activator_alphaC'],['MuSK'],1,1.0,0.0,0.0
O=C(Nc1cc(O)cc(C(=O)c2ccccc2)c1)C(=O)N1CCCCC1,['limk2_atp_inhibitor'],['LIMK2'],1,0.0,0.0,1.0
O=C(Nc1cc2c[nH]nc2c2ccccc12)N[C@H](Cc1ccccc1)c1ccc[nH+]c1,['mdm2_activator'],['MDM2'],1,1.0,0.0,0.0
O=C(Nc1ccc(-c2ccc(CN3CCCCC3)cc2)cn1)c1ccncc1,['dok7_binder'],['DOK7'],1,1.0,0.0,0.0
O=C(Nc1ccc(-c2ccccc2)cc1)NC1(c2ccc3cnccc3c2)CC1,['musk_activator_alphaC'],['MuSK'],1,1.0,0.0,0.0
O=C(Nc1ccc(-c2ccccc2)cc1)N[C@@H](CC(O)O)C(=O)O,['musk_activator_alphaC'],['MuSK'],1,1.0,0.0,0.0
O=C(Nc1ccc(-c2cccn(O)c2=O)cc1)c1ccc2ccccc2c1,['cdk5_activator_p25iface'],['CDK5'],1,0.0,1.0,0.0
O=C(Nc1ccc(-c2cccnc2)cc1)c1ccnc(Cn2cccn2)c1,['musk_activator_alphaC'],['MuSK'],1,1.0,0.0,0.0
O=C(Nc1ccc(-c2ccncc2)cc1)c1cccc(-n2nnnn2)c1,['mdm2_activator'],['MDM2'],1,1.0,0.0,0.0
O=C(Nc1ccc(F)c(F)c1)c1cc(NNCC=CC2NC2=O)ccn1,['dusp1_inhibitor'],['DUSP1'],1,0.0,1.0,0.0
O=C(Nc1ccc(NCc2ccccc2)cc1)Nc1cccc(Cc2ccccc2)c1,['musk_activator_alphaC'],['MuSK'],1,1.0,0.0,0.0
O=C(Nc1ccc(O)c(-c2ccccc2)c1)[C@H](CO)c1ccccc1,['musk_activator_alphaC'],['MuSK'],1,1.0,0.0,0.0
O=C(Nc1ccc(O)c(NN=Cc2cccc(O)c2)c1)c1ccccc1,['pak1_activator_alphaC'],['PAK1'],1,0.0,1.0,0.0
O=C(Nc1ccc(O)c[nH+]1)c1cccc(CN=Nc2ccc3nn[nH]c3c2)c1,['cfl1_stabilizer'],['CFL1'],1,0.0,1.0,0.0
O=C(Nc1ccc2[nH]nnc2c1)c1[nH+]c2ccccc2c2ccccc12,['perp_pocket3_alphaC'],['PERP'],1,1.0,0.0,0.0
O=C(Nc1ccc2ccccc2c1)c1cccc(CN2CCCOCC2)c1,['musk_activator_alphaC'],['MuSK'],1,1.0,0.0,0.0
O=C(Nc1ccc2nc(CCc3ccc4ccccc4c3)[nH]c2c1)N1CCCC1,['musk_activator_alphaC'],['MuSK'],1,1.0,0.0,0.0
O=C(Nc1cccc(-c2ccccc2)n1)c1cc(C(=O)O)n2ccccc12,['mdm2_activator'],['MDM2'],1,1.0,0.0,0.0
O=C(Nc1cccc(-c2ncccn2)c1)Nc1cc(-c2ccccc2)ncn1,['cfl1_stabilizer'],['CFL1'],1,0.0,1.0,0.0
O=C(Nc1cccc(Cl)c1)NC(C[n+]1ccccc1)C1=[N+]2C=NN=C2N=C1,['rock2_activator_alphaC'],['ROCK2'],1,1.0,0.0,0.0
O=C(Nc1cccc(N2CCCCC2=O)c1)N1CC[C@@H]2Nc3ccccc3C=C21,['musk_activator_alphaC'],['MuSK'],1,1.0,0.0,0.0
O=C(Nc1cccc(Nc2cccnc2)c1)N1CCCc2ccccc21,['musk_activator_alphaC'],['MuSK'],1,1.0,0.0,0.0
O=C(Nc1cccc(OCc2ccccc2)c1)Nc1cccc([N+](=O)O)c1,['musk_activator_alphaC'],['MuSK'],1,1.0,0.0,0.0
O=C(Nc1cccc(Oc2ccccc2)c1)N1C[C@@H]2C[C@H]3CCC[C@@]2(CCC3)C1,['musk_activator_alphaC'],['MuSK'],1,1.0,0.0,0.0
O=C(Nc1ccccc1)C1=CC(=O)[N+]2=NC3=C(C2=N1)[C@H](c1ccccc1)CC3,['cdk5_activator_p25iface'],['CDK5'],1,0.0,1.0,0.0
O=C(Nc1ccccc1)c1c2c(-c3ccccc3)ccc[nH]c-2nc1=O,['cfl1_stabilizer'],['CFL1'],1,0.0,1.0,0.0
O=C(Nc1ccccc1)c1cc[nH+]cc1NC1=C(O)C2=CC=CNC2=CC=C1,['mdm2_activator'],['MDM2'],1,1.0,0.0,0.0
O=C(Nc1ccccc1)c1ccc(OC2=Cc3ccccc3C=CN2)cc1,['dok7_binder'],['DOK7'],1,1.0,0.0,0.0
O=C(Nc1ccccc1)c1ccc(Oc2ccc3c(c2)CNC3)cc1,['musk_activator_alphaC'],['MuSK'],1,1.0,0.0,0.0
O=C(Nc1ccccc1)c1cnc2nccc(-c3ccccc3)c2c1,['pak1_activator_alphaC'],['PAK1'],1,0.0,1.0,0.0
O=C(Nc1ccccc1O)OCc1ccc(OCC2C=CNCC2)cc1,['dok7_binder'],['DOK7'],1,1.0,0.0,0.0
O=C(Nc1ccnc(-c2ccccc2)c1)c1cccc(NCCO)c1,['musk_activator_alphaC'],['MuSK'],1,1.0,0.0,0.0
O=C(Nc1ccncc1N[C@H]1CCCCC1=O)[C@@H]1CC[C@H](CCc2ccccc2)C1,['musk_activator_alphaC'],['MuSK'],1,1.0,0.0,0.0
O=C(Nc1cnccc1-c1ccccn1)c1cc(F)ccc1Nc1cnccn1,['mdm2_activator'],['MDM2'],1,1.0,0.0,0.0
O=C(Nc1ncc(C(O)Nc2cnc3nonc3c2O)s1)c1ccccc1,['dok7_binder'],['DOK7'],1,1.0,0.0,0.0
O=C(Nc1ncccn1)[C@H]1Cn2cnc3ncc(-c4ccccc4)c(c32)O1,['limk2_atp_inhibitor'],['LIMK2'],1,0.0,0.0,1.0
O=C(Nc1nccs1)C(C(COc1ccccc1)c1ccccc1)n1cncn1,['jak2_inhibitor'],['JAK2'],1,0.0,0.0,1.0
O=C(Nc1ncnc(-c2ccncc2)n1)c1cccc(-c2ccccc2)c1,['mdm2_activator'],['MDM2'],1,1.0,0.0,0.0
O=C(Nc1ncnc2c3ccccc3n(Cc3ccccc3)c12)c1cccnc1,['mdm2_activator'],['MDM2'],1,1.0,0.0,0.0
O=C(O)C(=NCc1ccc(C=CC(O)=Nc2ccccc2)c(Cl)c1)c1ncc[nH]1,['dusp1_inhibitor'],['DUSP1'],1,0.0,1.0,0.0
O=C(O)C(Oc1cccc(-c2ccccc2)c1O)c1ccc2ccccc2n1,['dusp1_inhibitor'],['DUSP1'],1,0.0,1.0,0.0
O=C(O)C1=C(O)C2c3cccc4cccc(c34)CC2C(c2ccccc2)=N1,['dusp1_inhibitor'],['DUSP1'],1,0.0,1.0,0.0
O=C(O)C1=C(O)C=C(c2ccc(F)cc2)C=C(Nc2ccc(F)cc2)N1,['dusp1_inhibitor'],['DUSP1'],1,0.0,1.0,0.0
O=C(O)C1=C2C(=Nc3ccccc32)C(O)N=C1c1ccc(-c2cccc(F)c2)cc1,['cdk5_activator_p25iface'],['CDK5'],1,0.0,1.0,0.0
O=C(O)C1=C2C=Cc3nc4ccccc4nc3C=C2C=C(c2ccccc2)N1,['jak2_inhibitor'],['JAK2'],1,0.0,0.0,1.0
O=C(O)C1=CC2=CC=CNC2=C(Nc2c[nH+]c3cccnc3c2)C=C1,['jak2_inhibitor'],['JAK2'],1,0.0,0.0,1.0
O=C(O)C1=CNC(c2ccccc2)=C(N2C=CC=C(F)C=C2)c2cnccc21,['mdm2_activator'],['MDM2'],1,1.0,0.0,0.0
O=C(O)C1=COc2c3c(nc4cc([SH](=O)(O)O)cc(O)c24)-c2ccccc2C3=N1,['mdm2_activator'],['MDM2'],1,1.0,0.0,0.0
O=C(O)C1=C[NH+]2C3=C(Nc4ccccc4C3=C1)c1ccccc12,['mtor_inhibitor'],['mTOR'],1,0.0,0.0,1.0
O=C(O)C1=Cc2c(ccc(O)c2O)Oc2ccc(-c3ccccc3)cc21,['dusp1_inhibitor'],['DUSP1'],1,0.0,1.0,0.0
O=C(O)C1=Cc2c(ccnc2N2CCCN3CCC[C@H]3[C@@H]2c2ccccc2)NC=C1,['mdm2_activator'],['MDM2'],1,1.0,0.0,0.0
O=C(O)C1=Cc2ccccc2[NH+]2N=C(c3cc4c(ccc5ccccc54)[nH]3)C=C12,['mdm2_activator'],['MDM2'],1,1.0,0.0,0.0
O=C(O)C1CCC(OCCc2nc3c4c(nc5c(c4n2)CCNCC5)C=CC=C3)CN1,['dok7_binder'],['DOK7'],1,1.0,0.0,0.0
O=C(O)C1Nc2nc3ccccc3nc2NC(Cc2ccccc2F)N1,['dusp1_inhibitor'],['DUSP1'],1,0.0,1.0,0.0
O=C(O)C=CCCC=CCOc1cnc(-c2cccc(C(=O)O)c2)cc1O,['cfl1_stabilizer'],['CFL1'],1,0.0,1.0,0.0
O=C(O)C=Cc1cc(O)ccc1C(=O)Nc1cccc(Nc2ccccn2)c1,['dusp1_inhibitor'],['DUSP1'],1,0.0,1.0,0.0
O=C(O)CCCC(=O)Nc1nc(-c2ccc(C(F)(F)F)c(F)c2)cs1,['cdk5_activator_p25iface'],['CDK5'],1,0.0,1.0,0.0
O=C(O)CCCCCCC(=O)CCCCCCCCCC=C(O)C(=O)CO,['cfl1_stabilizer'],['CFL1'],1,0.0,1.0,0.0
O=C(O)CCCCCCCCCOc1ccccc1C=CNCCCC1CC1,['dok7_binder'],['DOK7'],1,1.0,0.0,0.0
O=C(O)CCCCCNCCCOc1ccc(-c2ccccc2)cc1,['cfl1_stabilizer'],['CFL1'],1,0.0,1.0,0.0
O=C(O)CCCCCNNCC=[N+]([O-])CCN=NC1=C2NC=CC=C2C=CC=N1,['cfl1_stabilizer'],['CFL1'],1,0.0,1.0,0.0
O=C(O)CCCCOCCOCCOCC(=O)OCCN1CCOCC1,['cfl1_stabilizer'],['CFL1'],1,0.0,1.0,0.0
O=C(O)CCCNN=Cc1cccc(-c2ccnc3c2OCCCC3)c1,['cfl1_stabilizer'],['CFL1'],1,0.0,1.0,0.0
O=C(O)CCCc1ccc(NC(=O)N2CCN(c3ccccc3)CC2)cc1,['hdac2_inhibitor'],['HDAC2'],1,0.0,1.0,0.0
O=C(O)CCNCCCCCCC(=O)NCc1n[nH]c(-c2ccccc2)n1,['dusp1_inhibitor'],['DUSP1'],1,0.0,1.0,0.0
O=C(O)CCN[C@@H]1C(=O)Nc2ccccc2CC=CCCOc2cccc1c2,['limk2_atp_inhibitor'],['LIMK2'],1,0.0,0.0,1.0
O=C(O)CCOCC1C=CC=CC(Cc2ccc3ccccc3c2)C1O,['limk1_activator_alphaC'],['LIMK1'],1,0.0,1.0,0.0
O=C(O)CCS(=O)(=O)c1ccc2cc(-c3ccccc3)ccc2c1,['cdk5_activator_p25iface'],['CDK5'],1,0.0,1.0,0.0
O=C(O)CC[C@H](CC=CCNc1c[nH]c2nccnc12)C(=O)c1ccccc1,['cfl1_stabilizer'],['CFL1'],1,0.0,1.0,0.0
O=C(O)CCc1[nH]c(=O)[nH]c(=O)c1-c1cccc2cc(Nc3ccccn3)[nH]c12,['mdm2_activator'],['MDM2'],1,1.0,0.0,0.0
O=C(O)CCc1c(CC(=O)O)c2cccccc-2[n+]1-c1ccc(F)cc1,['perp_pocket3_alphaC'],['PERP'],1,1.0,0.0,0.0
O=C(O)CCc1ccc(N(CCC(=O)O)c2ccc3ccccc3c2)cc1,['cdk5_activator_p25iface'],['CDK5'],1,0.0,1.0,0.0
O=C(O)CCc1ccc(N2C[C@H](CC(=O)N=N[C@H](O)c3ccccc3)CC2=O)cc1,['musk_activator_alphaC'],['MuSK'],1,1.0,0.0,0.0
O=C(O)CCc1cn2c3c(nc2n1)-c1ccc2ccccc2c1C=3,['cdk5_activator_p25iface'],['CDK5'],1,0.0,1.0,0.0
O=C(O)CCn1c(CNC(=O)NCc2ccccc2)nc2c3ccccc3ccc21,['musk_activator_alphaC'],['MuSK'],1,1.0,0.0,0.0
O=C(O)CN1CCC[C@H]1Nc1ccc(-c2ccccc2)c2ccccc12,['cdk5_activator_p25iface'],['CDK5'],1,0.0,1.0,0.0
O=C(O)CNCCOc1cccc(C(=O)c2ccc(NCc3ccccc3)cc2)c1,['dok7_binder'],['DOK7'],1,1.0,0.0,0.0
O=C(O)COc1c2c(c3ccc(O)cc3c1C(=O)O)[C@H](c1ccccc1)CO2,['mdm2_activator'],['MDM2'],1,1.0,0.0,0.0
O=C(O)COc1cc(-c2nc(Nc3ccccn3)c3c4c(ncn24)C=CC=C3)ccc1O,['mdm2_activator'],['MDM2'],1,1.0,0.0,0.0
O=C(O)COc1ccccc1-c1[nH]nnc1-c1cccc2ccccc12,['mdm2_activator'],['MDM2'],1,1.0,0.0,0.0
O=C(O)COc1ccccc1-n1c2ccc(F)cc2c2cncnc21,['jak2_inhibitor'],['JAK2'],1,0.0,0.0,1.0
O=C(O)C[C@@H](Cc1ccccc1)c1cccc2[nH]c3c(C(=O)O)cccc3c12,['mdm2_activator'],['MDM2'],1,1.0,0.0,0.0
O=C(O)C[C@@H](OC(=Nc1ccc(Cl)c(Cl)c1Cl)c1ccc(O)cc1)c1ccccc1,['mdm2_activator'],['MDM2'],1,1.0,0.0,0.0
O=C(O)C[C@H](CC1=c2ccccc2=[NH+]C1=O)c1nc2ccccc2[nH]1,['mdm2_activator'],['MDM2'],1,1.0,0.0,0.0
O=C(O)C[C@H]1C[C@@H](c2cccc(F)c2)N(C(=O)CCc2ccccc2)C1=O,['limk2_atp_inhibitor'],['LIMK2'],1,0.0,0.0,1.0
O=C(O)C[N+]1=c2[nH]c3cccc4[nH+]cc(c5ccccc5c2-c2ccccc21)-c34,['mdm2_activator'],['MDM2'],1,1.0,0.0,0.0
O=C(O)C[n+]1nc(-c2ccccc2)c2cnc3ccccc3cc-2c1=O,['dusp1_inhibitor'],['DUSP1'],1,0.0,1.0,0.0
O=C(O)Cc1ccc(-n2cnc(-c3cccc4c3CCO4)cc2=O)cc1,['cdk5_activator_p25iface'],['CDK5'],1,0.0,1.0,0.0
O=C(O)Cc1ccc2c3c(cccc13)[NH+]=C2CCNC1=C2C=CC=CC=C2NN=N1,['mdm2_activator'],['MDM2'],1,1.0,0.0,0.0
O=C(O)Cn1c(=O)c2ccc(-c3ccccc3)cc2c2ccccc21,['limk2_atp_inhibitor'],['LIMK2'],1,0.0,0.0,1.0
O=C(O)Cn1nc(-c2ccc3ccccc3c2)c2ccccc2c1=O,['jak2_inhibitor'],['JAK2'],1,0.0,0.0,1.0
O=C(O)N(CCCc1ccccc1)c1ccc(N2CCCCC2)cn1,['musk_activator_alphaC'],['MuSK'],1,1.0,0.0,0.0
O=C(O)N1CC[C@@H](c2ccccc2)[C@@](O)(Nc2ccnc3ccccc23)C1,['limk2_atp_inhibitor'],['LIMK2'],1,0.0,0.0,1.0
O=C(O)NCCCCNN=CC=NNC(=O)c1cccc(O)c1,['cfl1_stabilizer'],['CFL1'],1,0.0,1.0,0.0
O=C(O)Nc1ccc(Oc2ccc(OCC=CC=Cc3ccccc3)nc2)cc1,['cfl1_stabilizer'],['CFL1'],1,0.0,1.0,0.0
O=C(O)OCCC=C1CCC(C(=O)OCCNC2=CCCCC2)CC1,['limk1_activator_alphaC'],['LIMK1'],1,0.0,1.0,0.0
O=C(O)O[C@H]1[C@@H]2C[C@@H](OC(=Cc3ccc(O)c(O)c3)[C@H]2O)O[C@H]1c1ccc(O)cc1,['mdm2_activator'],['MDM2'],1,1.0,0.0,0.0
O=C(O)[C@@H](Cc1cc(-c2ccccc2)ccn1)Nc1ncnc2ccccc12,['mdm2_activator'],['MDM2'],1,1.0,0.0,0.0
O=C(O)[C@@H](Cc1ccc2ncccc2n1)CN(c1ccccc1)c1ccccn1,['mdm2_activator'],['MDM2'],1,1.0,0.0,0.0
O=C(O)[C@@H](Cc1ccccn1)c1cc(-c2ccccc2)c2ccccc2c1,['mdm2_activator'],['MDM2'],1,1.0,0.0,0.0
O=C(O)[C@@H](c1ccccc1)[N+]1=CC(=C(O)c2cccc(-c3ccc(F)cc3)[nH+]2)N=C1,['cdk5_activator_p25iface'],['CDK5'],1,0.0,1.0,0.0
O=C(O)[C@@H]1C=C[C@H]2C1=CCCc1nc(-c3ccc(F)cc3)ncc12,['mdm2_activator'],['MDM2'],1,1.0,0.0,0.0
O=C(O)[C@@H]1C=Cc2cc(C=C(NNC3=CC=CC=CN3)c3ccccc3)ccc2O1,['mdm2_activator'],['MDM2'],1,1.0,0.0,0.0
O=C(O)[C@@H]1C[C@H]1C(=O)C=Nc1cc2ccccc2c2ccccc12,['cfl1_stabilizer'],['CFL1'],1,0.0,1.0,0.0
O=C(O)[C@@H]1Cc2cc3ccccc3nc2-c2cccc3nccc(c23)C1,['mdm2_activator'],['MDM2'],1,1.0,0.0,0.0
O=C(O)[C@H](N=Cc1c(S(=O)(=O)O)ccc2ccccc12)c1ccc(Cl)cc1,['cfl1_stabilizer'],['CFL1'],1,0.0,1.0,0.0
O=C(O)[C@H](OP(=O)(O)O)[C@@H](C(=O)O)c1cccc2ccccc3ncc1c23,['limk2_atp_inhibitor'],['LIMK2'],1,0.0,0.0,1.0
O=C(O)[C@H](c1cc2ccccc2s1)N1CCc2cccc(F)c2C1,['musk_activator_alphaC'],['MuSK'],1,1.0,0.0,0.0
O=C(O)[C@H]1CCN(Cc2cccc3c2=Cc2cccc4ccnc(c24)C=3)C(=O)C1,['mdm2_activator'],['MDM2'],1,1.0,0.0,0.0
O=C(O)[C@H]1C[C@@H](Cn2cccc2)CN1C(=O)NCCCCCn1ccnc1,['musk_activator_alphaC'],['MuSK'],1,1.0,0.0,0.0
O=C(O)[C@H]1[C@@H]2O[C@@H](Oc3ccccc3CCC=C[C@H]1CO)[C@H](O)CC2=O,['limk2_atp_inhibitor'],['LIMK2'],1,0.0,0.0,1.0
O=C(O)[C@H]1[C@H](O)[C@H](n2ccc3nc(=O)ncc-3c2)O[C@H](O)[C@H]1OP(=O)(O)O,['mdm2_activator'],['MDM2'],1,1.0,0.0,0.0
O=C(O)c1[nH+]cc(-c2c[nH]c3ccccc23)cc1-c1ccccc1,['dusp1_inhibitor'],['DUSP1'],1,0.0,1.0,0.0
O=C(O)c1c(N2C(=O)CCc3ccccc32)ccnc1NC1CCCC1,['cfl1_stabilizer'],['CFL1'],1,0.0,1.0,0.0
O=C(O)c1c(N2CCOCC2)nn2nc3cnn(-c4ccccc4)c3cc12,['limk2_atp_inhibitor'],['LIMK2'],1,0.0,0.0,1.0
O=C(O)c1c(O)cnc2c1nc(-c1ccccc1)c1ccccc12,['perp_pocket3_alphaC'],['PERP'],1,1.0,0.0,0.0
O=C(O)c1cc(-c2[nH+]c3ccccc3c3c2C2=CC=CC2=N3)c2[nH]cccc1-2,['mdm2_activator'],['MDM2'],1,1.0,0.0,0.0
O=C(O)c1cc(-c2c(Cc3cc(=O)[nH]c4cc(O)ccc34)[nH]c3cc(O)ccc23)o[nH+]1,['dusp1_inhibitor'],['DUSP1'],1,0.0,1.0,0.0
O=C(O)c1cc(-c2cc[nH]c2Cc2ccc[nH+]c2)cc(-c2ccccc2)[nH+]1,['dusp1_inhibitor'],['DUSP1'],1,0.0,1.0,0.0
O=C(O)c1cc(-c2ccc(Oc3ccncc3)cc2)ccc1N1CCCC1=O,['jak2_inhibitor'],['JAK2'],1,0.0,0.0,1.0
O=C(O)c1cc(-c2ccccc2)c(OCCn2cnnn2)c(-c2ccc(Cl)cc2)n1,['dusp1_inhibitor'],['DUSP1'],1,0.0,1.0,0.0
O=C(O)c1cc(CCCCC2=Nc3cccc4c3[NH+](CC4)C2=O)c(C(=O)O)[nH]1,['dusp1_inhibitor'],['DUSP1'],1,0.0,1.0,0.0
O=C(O)c1cc(N2CCC([SH](=O)(O)O)C2)c2ccc3ccccc3c2c1,['dusp1_inhibitor'],['DUSP1'],1,0.0,1.0,0.0
O=C(O)c1cc(O)c2nc3c(CCc4ccc(F)c(Cl)c4)cccc3cc2c1,['mdm2_activator'],['MDM2'],1,1.0,0.0,0.0
O=C(O)c1cc(O)cc(-c2cccc3[nH+]cc(-c4nc5ccccc5[nH]4)cc23)c1,['mdm2_activator'],['MDM2'],1,1.0,0.0,0.0
O=C(O)c1cc([N+]#Cc2cccnc2)c2c(c1)N[N+](=Cc1ccccc1)C2,['rock2_activator_alphaC'],['ROCK2'],1,1.0,0.0,0.0
O=C(O)c1cc2c(Cc3cnc4cccccc3-4)cnn2cc1O,['mdm2_activator'],['MDM2'],1,1.0,0.0,0.0
O=C(O)c1cc2ccccc2c2c1-c1c(O)c(=O)oc3cccc-2c13,['mtor_inhibitor'],['mTOR'],1,0.0,0.0,1.0
O=C(O)c1cc2n(n1)C1CC(=COP(=O)(O)O)C(=O)N1c1ccccc1-2,['dusp1_inhibitor'],['DUSP1'],1,0.0,1.0,0.0
O=C(O)c1ccc(-c2cc(Cn3c(=O)[nH]c(=O)c4ccccc43)c3ccccc3[nH+]2)cc1,['mdm2_activator'],['MDM2'],1,1.0,0.0,0.0
O=C(O)c1ccc(-c2ccc(-c3nc(-c4ccc(F)cc4)n[nH]3)cc2)cc1,['cfl1_stabilizer'],['CFL1'],1,0.0,1.0,0.0
O=C(O)c1ccc(-c2cccc(C(=O)NCCCNC(O)c3ccccn3)c2)cc1,['cfl1_stabilizer'],['CFL1'],1,0.0,1.0,0.0
O=C(O)c1ccc(C2C(OP(=O)(O)O)OP(=O)(O)OC2N2CCCC2)cc1,['dusp1_inhibitor'],['DUSP1'],1,0.0,1.0,0.0
O=C(O)c1ccc(C=NNc2cc(-c3ccccc3)nc3ccccc23)cc1,['mdm2_activator'],['MDM2'],1,1.0,0.0,0.0
O=C(O)c1ccc(CCCNC2=C3C=CC=CC=C3NC(c3ccc(F)cc3)=C2)[nH+]c1,['mdm2_activator'],['MDM2'],1,1.0,0.0,0.0
O=C(O)c1ccc(CNCc2ccccc2F)c([C@@H]2C=CNC2)c1,['mdm2_activator'],['MDM2'],1,1.0,0.0,0.0
O=C(O)c1ccc(Cc2ccc(OCCc3cccc(C(=O)O)c3)c(Cl)c2)cc1,['dok7_binder'],['DOK7'],1,1.0,0.0,0.0
O=C(O)c1ccc(Cc2cccc(F)c2)c(-c2ccccn2)c1-c1ccccc1,['mdm2_activator'],['MDM2'],1,1.0,0.0,0.0
O=C(O)c1ccc(N(C=Cc2cccnc2)c2ccncc2)cc1,['jak2_inhibitor'],['JAK2'],1,0.0,0.0,1.0
O=C(O)c1ccc(N=NN=NC[n+]2ccc([N+](=O)[O-])cc2)cc1O,['cfl1_stabilizer'],['CFL1'],1,0.0,1.0,0.0
O=C(O)c1ccc(NC2=C[N+](Cc3ccccc3)=C3N=CN=C23)cc1,['mdm2_activator'],['MDM2'],1,1.0,0.0,0.0
O=C(O)c1ccc(NNC2=C(c3ccccc3)N(O)C3=CC=CC=CC3=N2)cc1,['cfl1_stabilizer'],['CFL1'],1,0.0,1.0,0.0
O=C(O)c1ccc(Nc2ncc(-c3ccccc3)c3nc[nH]c(=O)c23)cc1,['mdm2_activator'],['MDM2'],1,1.0,0.0,0.0
O=C(O)c1ccc(Nc2nnc3nc[nH]c(-c4ccccc4)c2-3)cc1,['agrin_lg3_modulator'],['AGRIN'],1,1.0,0.0,0.0
O=C(O)c1ccc(OC(=O)c2ccc3nc4c5cccccc-5nc4nc3c2)cc1,['dok7_binder'],['DOK7'],1,1.0,0.0,0.0
O=C(O)c1ccc(OCCN(Cc2ccco2)c2ccc3ncncc3c2)cc1,['jak2_inhibitor'],['JAK2'],1,0.0,0.0,1.0
O=C(O)c1ccc(OCc2n[nH]cc2Cc2ccccc2)cc1O,['mdm2_activator'],['MDM2'],1,1.0,0.0,0.0
O=C(O)c1ccc(Oc2ccc(NCC=NNc3ncc(F)cn3)cc2)nc1,['cfl1_stabilizer'],['CFL1'],1,0.0,1.0,0.0
O=C(O)c1ccc(S(=O)(=O)N2CCCC2)cc1,['perp_genmol_hop'],['PERP'],1,1.0,0.0,0.0
O=C(O)c1ccc2c(Nc3cccc4c3NC=CC=C4)c(O)ccc2c1,['mdm2_activator'],['MDM2'],1,1.0,0.0,0.0
O=C(O)c1ccc2c(c1)C(=O)Oc1cccc3c1C2=Cc1ccc(O)cc1O3,['mdm2_activator'],['MDM2'],1,1.0,0.0,0.0
O=C(O)c1ccc2c(c1)C1=NC(=Nc3ccccc3)N=CC1=N2,['jak2_inhibitor'],['JAK2'],1,0.0,0.0,1.0
O=C(O)c1ccc2c(c1)c1[nH]c(=O)ccc1n2-c1ccc2ccccc2c1,['jak2_inhibitor'],['JAK2'],1,0.0,0.0,1.0
O=C(O)c1ccc2c(c1)c1c(c3ccccc32)CCN(Cc2ccccc2)CC1,['limk2_atp_inhibitor'],['LIMK2'],1,0.0,0.0,1.0
O=C(O)c1ccc2c(c1)c1c(n2CC=Cc2ccccc2)=C(O)c2ccccc2OC=1,['cdk5_activator_p25iface'],['CDK5'],1,0.0,1.0,0.0
O=C(O)c1ccc2c(c1)nc(Oc1ccc(F)cc1)c1cnccc12,['jak2_inhibitor'],['JAK2'],1,0.0,0.0,1.0
O=C(O)c1ccc2c3oc4ccccc4c3c(=O)c3nccn3c2c1,['musk_activator_alphaC'],['MuSK'],1,1.0,0.0,0.0
O=C(O)c1ccc2ccc(C(=O)NCc3ccc4c(c3)OCCO4)cc2c1,['dusp1_inhibitor'],['DUSP1'],1,0.0,1.0,0.0
O=C(O)c1ccc2ccc3c(c2c1)CCN(c1cnccc2ncnc1-2)C3,['mdm2_activator'],['MDM2'],1,1.0,0.0,0.0
O=C(O)c1cccc(-c2c(-c3ccc(O)cc3)c3ccc(C(=O)O)cc3oc2=O)c1,['mdm2_activator'],['MDM2'],1,1.0,0.0,0.0
O=C(O)c1cccc(-c2cc(-c3ccccc3)cc(C(=O)O)n2)c1,['dusp1_inhibitor'],['DUSP1'],1,0.0,1.0,0.0
O=C(O)c1cccc(-c2ccc3c(c2)=C[N+]2=Cc4cc5c(cc4OC2=CC=3)OCO5)c1,['mtor_inhibitor'],['mTOR'],1,0.0,0.0,1.0
O=C(O)c1cccc(C(=O)Nc2[s+]c3nc(-c4ccccc4)c4ccccc2c34)c1,['mdm2_activator'],['MDM2'],1,1.0,0.0,0.0
O=C(O)c1cccc(N(CCCc2nc3cccccc-3n2)Cc2ccccn2)n1,['mdm2_activator'],['MDM2'],1,1.0,0.0,0.0
O=C(O)c1cccc(N2C(=O)c3cnc4ccccc4c3[C@H]2c2ccccc2)c1,['mdm2_activator'],['MDM2'],1,1.0,0.0,0.0
O=C(O)c1cccc(N2CCN(Cc3cccc4ccc(Br)cc34)CC2)c1,['dok7_binder'],['DOK7'],1,1.0,0.0,0.0
O=C(O)c1cccc(NC(=O)c2csc(-c3ccc(C=Cc4ccccc4)s3)n2)c1,['musk_activator_alphaC'],['MuSK'],1,1.0,0.0,0.0
O=C(O)c1cccc(NN=NN=NN=NCCN=NN=C2CCCO2)c1,['cfl1_stabilizer'],['CFL1'],1,0.0,1.0,0.0
O=C(O)c1cccc2cc3cc4c5c(cccc5c3cc12)Nc1ccc(O)cc1-4,['mdm2_activator'],['MDM2'],1,1.0,0.0,0.0
O=C(O)c1cccc2cc3n(c(=O)c12)C(=Nc1cccc(Cl)c1)SCC3=O,['cfl1_stabilizer'],['CFL1'],1,0.0,1.0,0.0
O=C(O)c1ccccc1NCc1ccc(NCCO)c2ccccc12,['mdm2_activator'],['MDM2'],1,1.0,0.0,0.0
O=C(O)c1ccccc1Nc1c[n+]2c3ccccc3c3ccoc(=O)c1c32,['mtor_inhibitor'],['mTOR'],1,0.0,0.0,1.0
O=C(O)c1ccccc1[C@@H](c1ccccc1O)N1CCC(C(=O)O)CC1,['mdm2_activator'],['MDM2'],1,1.0,0.0,0.0
O=C(O)c1ccccc1[C@@H]1Cc2ccccc2C2=C3C=C=CC=C3CC[C@H]21,['musk_activator_alphaC'],['MuSK'],1,1.0,0.0,0.0
O=C(O)c1ccccc2c(-c3cccc(-c4ccc(F)cc4)n3)cnc1-2,['mdm2_activator'],['MDM2'],1,1.0,0.0,0.0
O=C(O)c1cn(-c2ccccc2)nc1-c1ccc2cccc(-c3ccccc3)c2n1,['mdm2_activator'],['MDM2'],1,1.0,0.0,0.0
O=C(O)c1n[n+]2c(=O)nc3c4ccccc4c4c5ccccc5n1c2c34,['perp_pocket3_alphaC'],['PERP'],1,1.0,0.0,0.0
O=C(OC1=CC=C(N2CCNCC2)Nc2ccccc21)c1ccc(F)cc1,['jak2_inhibitor'],['JAK2'],1,0.0,0.0,1.0
O=C(OCc1ccnc2ccccc12)c1ccc(-c2ccnc(O)c2)cn1,['mdm2_activator'],['MDM2'],1,1.0,0.0,0.0
O=C(Oc1c(O)cc(C(=O)O)c2c1OCO2)c1ccc(Oc2ccccc2)c(O)c1,['cfl1_stabilizer'],['CFL1'],1,0.0,1.0,0.0
O=C(Oc1ccccc1)c1cc2ccccc2cc1OP(=O)(O)O,['dusp1_inhibitor'],['DUSP1'],1,0.0,1.0,0.0
O=C(c1c[nH]c(O)nc1=O)[C@H](Cc1ccccc1)NCc1ccc(O)cc1,['mdm2_activator'],['MDM2'],1,1.0,0.0,0.0
O=C(c1cc(-c2cccnn2)ccc1F)c1cc2cccc3c2c(c1O)C=N3,['mdm2_activator'],['MDM2'],1,1.0,0.0,0.0
O=C(c1cc(C(O)Oc2cccc3ccc(=O)oc23)ccn1)N1CCCCC1,['mdm2_activator'],['MDM2'],1,1.0,0.0,0.0
O=C(c1cc2ccccc2[nH]c1=O)c1cccc2cc(-c3cccc[nH+]3)[nH]c12,['mtor_inhibitor'],['mTOR'],1,0.0,0.0,1.0
O=C(c1ccc(-c2cccc3cn[nH]c23)cc1)[NH+]1CCNc2ccccc2C1,['hdac2_inhibitor'],['HDAC2'],1,0.0,1.0,0.0
O=C(c1ccc(-c2ccccc2)nc1)N1CCN(c2cnc3ccccc3n2)CC1,['hdac2_inhibitor'],['HDAC2'],1,0.0,1.0,0.0
O=C(c1ccc(-c2ccccn2)cc1)c1cc2ccc(NC3=NCCS3)cc2oc1=O,['musk_activator_alphaC'],['MuSK'],1,1.0,0.0,0.0
O=C(c1ccc(-c2n[nH]c(=O)o2)o1)N1CCC(OCc2ccncc2)CC1,['musk_activator_alphaC'],['MuSK'],1,1.0,0.0,0.0
O=C(c1ccc(C(O)c2ccc3ccccc3n2)cc1)[N+]1=C2NCC=CC2=CCC1,['cdk5_activator_p25iface'],['CDK5'],1,0.0,1.0,0.0
O=C(c1ccc(C2=CN=CCC2)o1)[n+]1ccc(-c2ccccc2)cc1,['cdk5_activator_p25iface'],['CDK5'],1,0.0,1.0,0.0
O=C(c1ccc(C=CCc2ccccc2)cc1)N(Cc1ccccc1)c1ccccc1,['cfl1_stabilizer'],['CFL1'],1,0.0,1.0,0.0
O=C(c1ccc(CN2CCOCC2)nc1)N1CCNC(c2ccccc2)C1,['jak2_inhibitor'],['JAK2'],1,0.0,0.0,1.0
O=C(c1ccc(F)c(C2=CC=C3C(O)=CC=CN=C3N2)c1)N1CCC2CCC1CCN2,['mtor_inhibitor'],['mTOR'],1,0.0,0.0,1.0
O=C(c1ccc2[nH]cnc2c1)N1CC(=Nc2cccc(O)c2)C[C@H]1c1ccc[nH+]c1,['cfl1_stabilizer'],['CFL1'],1,0.0,1.0,0.0
O=C(c1ccc2ccccc2c1O)N1Cc2cc3ccccc3nc2C1,['cdk5_activator_p25iface'],['CDK5'],1,0.0,1.0,0.0
O=C(c1ccc2ncncc2c1)C(COP(=O)(O)O)ONCc1ccc(F)c(F)c1,['dusp1_inhibitor'],['DUSP1'],1,0.0,1.0,0.0
O=C(c1cccc(-c2ccc(F)cc2)c1)N1CCCCN(C[C@H](O)Cc2ccccc2)CC1,['musk_activator_alphaC'],['MuSK'],1,1.0,0.0,0.0
O=C(c1cccc(-c2ccccc2)c1)[C@H]1C=C(O)O[C@H](c2cccc(N(O)O)c2)C1,['mdm2_activator'],['MDM2'],1,1.0,0.0,0.0
O=C(c1cccc(C2=C3C=CC=CC=C3NC=C2)c1)N1CCNCC1,['rock1_inhibitor_atp'],['ROCK1'],1,0.0,0.0,1.0
O=C(c1cccc(NC2=Cc3ccccc3NC=C2)c1)N1CCC2NCCCC21,['jak2_inhibitor'],['JAK2'],1,0.0,0.0,1.0
O=C(c1cccc2c1NC=CC=C2)[C@H]1CC(=O)N(Cc2ccccc2)C[C@@H]1O,['limk2_atp_inhibitor'],['LIMK2'],1,0.0,0.0,1.0
O=C(c1cccc2ccccc12)[C@H]1c2ccccc2-c2ncnc3c2=[N+]1C(=O)N=3,['limk2_atp_inhibitor'],['LIMK2'],1,0.0,0.0,1.0
O=C(c1ccccc1)C1Oc2nnc(-c3ccccc3)n2-c2ccc(O)cc21,['hdac2_inhibitor'],['HDAC2'],1,0.0,1.0,0.0
O=C(c1ccccc1)[C@@H](Cc1cccc2cnccc12)c1ccccc1O,['mdm2_activator'],['MDM2'],1,1.0,0.0,0.0
O=C(c1ccccc1)[n+]1ccc(O)c(O)n1.c1ccc(-c2ccccc2)cc1,['perp_pocket3_alphaC'],['PERP'],1,1.0,0.0,0.0
O=C(c1ccccc1)c1cc(-c2ccncc2)nc(Nc2ccccn2)n1,['hdac2_inhibitor'],['HDAC2'],1,0.0,1.0,0.0
O=C(c1ccccc1)c1cc2c(oc1=O)C1=[N+](CCc3ccccc31)C2=O,['cdk5_activator_p25iface'],['CDK5'],1,0.0,1.0,0.0
O=C(c1ccccc1)c1cccc(-c2ccc3[nH]c(C(=O)O)cc(=O)c3c2)c1,['cdk5_activator_p25iface'],['CDK5'],1,0.0,1.0,0.0
O=C(c1ccccc1)c1ccnc2ccccc12.c1cnc(N2CCNCC2)cn1,['hdac2_inhibitor'],['HDAC2'],1,0.0,1.0,0.0
O=C(c1ccco1)c1ccc([N+](=O)O)nc2c1oc1cc(=O)ncc12,['dusp1_inhibitor'],['DUSP1'],1,0.0,1.0,0.0
O=C(c1nc2ccccc2s1)c1cc(N2CCNCC2)cc2ccccc12,['mdm2_activator'],['MDM2'],1,1.0,0.0,0.0
O=C1C(=O)N(CCO)C(=O)CN1Cc1cc[n+](-c2c[nH]c3ccccc23)o1,['musk_activator_alphaC'],['MuSK'],1,1.0,0.0,0.0
O=C1C(=O)[C@@H]2O[C@H]3[C@H](O)[C@H](O)[C@@H](O)[C@H](O)[C@H]3O[C@H]2c2ccc3cccc4c3c2C1=C4,['mdm2_activator'],['MDM2'],1,1.0,0.0,0.0
O=C1C(C(O)CC2O[N+](=O)CCC2O)OCCCN1CC1CCCCCC1,['pak4_activator_alphaC'],['PAK4'],1,0.0,1.0,0.0
O=C1C(C2NN2)C23CCC(O)(CC2)CC3N1CC1C(O)C1CC1COCC2C(=O)N12,['pak4_activator_alphaC'],['PAK4'],1,0.0,1.0,0.0
O=C1C(CC=CNCCOc2cncc(O)c2)CC2C1CC=CC1CCCC12,['limk1_activator_alphaC'],['LIMK1'],1,0.0,1.0,0.0
O=C1C(NC2CCCNCC2)=[n+]2ccc(-c3cccnc3)cc2=[N+]1c1ccccc1,['hdac2_inhibitor'],['HDAC2'],1,0.0,1.0,0.0
O=C1C(O)=N[N+](=Cc2ccccc2)N1c1ccccc1OCC(O)c1ccccc1,['rock2_activator_alphaC'],['ROCK2'],1,1.0,0.0,0.0
O=C1C(c2c[nH]c3ccc(-c4ccccc4)cc23)=Nc2cccc[n+]21,['mtor_inhibitor'],['mTOR'],1,0.0,0.0,1.0
O=C1C2=CNN(c3ccccc3)C=C2[C@@H](c2ccccc2)CN1Cc1cccc[nH+]1,['mdm2_activator'],['MDM2'],1,1.0,0.0,0.0
O=C1C2=NC2=CC2=C=CC(CC=CC3CN3C=COCc3cnccn3)C=CC12,['limk1_activator_alphaC'],['LIMK1'],1,0.0,1.0,0.0
O=C1C2=c3c(cccc3=[N+]1Cc1ccccc1)N=c1ccccc1=[NH+]2,['musk_activator_alphaC'],['MuSK'],1,1.0,0.0,0.0
O=C1C=C(c2ccc(-c3ccc[n+](O)c3)[nH+]c2)C[C@@H]2Oc3ccc(O)cc3[C@H]12,['cdk5_activator_p25iface'],['CDK5'],1,0.0,1.0,0.0
O=C1C=C(c2cccc(C(=O)Nc3ccccn3)c2)N[C@@H](c2ccc(O)cc2)O1,['musk_activator_alphaC'],['MuSK'],1,1.0,0.0,0.0
O=C1C=C2C(N=NCCc3ccncn3)C3ONC4C=CCC5C(C1)C2C3C45,['limk1_activator_alphaC'],['LIMK1'],1,0.0,1.0,0.0
O=C1C=C2NN=NC2CN1c1nc(-c2ccc(-c3ccc(F)cc3)cc2)cs1,['cdk5_activator_p25iface'],['CDK5'],1,0.0,1.0,0.0
O=C1C=CC(=O)[N+](c2ccc3[nH+]c(-c4ccccc4)ccc3c2)=N1,['cdk5_activator_p25iface'],['CDK5'],1,0.0,1.0,0.0
O=C1C=CC=c2c1c1c(c(O)[n+]2CCc2ccccc2)=C(c2ccccc2)N=[NH+]1,['mdm2_activator'],['MDM2'],1,1.0,0.0,0.0
O=C1C=NC2CCN(c3cccc(-c4ccccc4)c3)c3cccnc3N12,['jak2_inhibitor'],['JAK2'],1,0.0,0.0,1.0
O=C1C=[n+]2c(ccc3cc(O)ccc32)=[N+]1c1ccccc1NCc1ccccc1,['hdac2_inhibitor'],['HDAC2'],1,0.0,1.0,0.0
O=C1CC(=Cc2c(F)ccc(F)c2F)NN1c1ccc(S(=O)(=O)O)cc1,['cdk5_activator_p25iface'],['CDK5'],1,0.0,1.0,0.0
O=C1CC(C=CCNN=NNCCc2ccccc2)C=CC23CC(O)C=CC2C13,['limk1_activator_alphaC'],['LIMK1'],1,0.0,1.0,0.0
O=C1CC2=C(O)CCC[C@@H]2C2=C(O)[C@H]3CCC(c4ccccn4)=CC=C3C=C12,['musk_activator_alphaC'],['MuSK'],1,1.0,0.0,0.0
O=C1CC2=CCC(CCCCc3[nH]nnc3-c3cccc[nH+]3)CC=C2N1,['limk1_activator_alphaC'],['LIMK1'],1,0.0,1.0,0.0
O=C1CC2=NNN3C=CC(CNc4[nH+]ccc5[nH+]c6ccccc6nc45)=CC(=C23)O1,['cfl1_stabilizer'],['CFL1'],1,0.0,1.0,0.0
O=C1CC2C(=O)C(CC=CNc3ccccn3)CC3CC=C=CC1C32,['limk1_activator_alphaC'],['LIMK1'],1,0.0,1.0,0.0
O=C1CC2C(OC(O)NCCc3ccccc3)NC3=CCCCC1C32,['rock2_activator_alphaC'],['ROCK2'],1,1.0,0.0,0.0
O=C1CC2CCC3C(=C4CC4C(O)C(O)NO)C=CCC1(C2)C31CC1,['pak4_activator_alphaC'],['PAK4'],1,0.0,1.0,0.0
O=C1CCC(=O)N2CCc3nc4ccccc4c(c3C2)NC(=O)c2cccc(c2)N1,['mdm2_activator'],['MDM2'],1,1.0,0.0,0.0
O=C1CCC(O)=Nc2cccc(c2)-c2ccccc2-c2ccc(nc2)OCCN1,['jak2_inhibitor'],['JAK2'],1,0.0,0.0,1.0
O=C1CCC2=C1Nc1ccccc1C=C2NC(c1ccccc1)c1ccccc1,['mdm2_activator'],['MDM2'],1,1.0,0.0,0.0
O=C1CCC2CC(O)C(CCOCc3ccccc3)C3OCC1C23,['limk1_activator_alphaC'],['LIMK1'],1,0.0,1.0,0.0
O=C1CCC=NC2CC3N[N+](Nc4ccc(=O)[nH]c4)=CCCC3C12,['rock2_activator_alphaC'],['ROCK2'],1,1.0,0.0,0.0
O=C1CCCCC[C@H](O)c2nc(ncc2-c2ccccc2)-c2ccccc2N1,['cfl1_stabilizer'],['CFL1'],1,0.0,1.0,0.0
O=C1CCCN1Cc1cn(-c2ccccc2)cc1COP(=O)(O)O,['dusp1_inhibitor'],['DUSP1'],1,0.0,1.0,0.0
O=C1CCN1c1ccc(OCCCN2C=Cc3[nH]cc4ncnc2c34)cc1,['agrin_lg3_modulator'],['AGRIN'],1,1.0,0.0,0.0
O=C1CCc2cccc(c2)-c2cc(-c3ccccc3)nc(n2)-n2cccc2N1,['mdm2_activator'],['MDM2'],1,1.0,0.0,0.0
O=C1CN(c2ccc(-c3ncc4c(ccc5ccccc54)n3)cc2)CCN1,['cdk5_activator_p25iface'],['CDK5'],1,0.0,1.0,0.0
O=C1CN2CCCC[C@H]2N1C1=C2C(Cc3cncc4ccccc34)=NN=C2N=N1,['mdm2_activator'],['MDM2'],1,1.0,0.0,0.0
O=C1CN2CCc3nc4cccc(c4cc3C2)CCCCOc2ccc(cc2)N1,['limk2_atp_inhibitor'],['LIMK2'],1,0.0,0.0,1.0
O=C1COc2cccc(c2)OCCc2ccccc2Nc2ncnc3nc([nH]c23)N1,['mdm2_activator'],['MDM2'],1,1.0,0.0,0.0
O=C1COc2ccccc2C1n1c(=O)c2cncnc2c2ccccc21,['perp_pocket3_alphaC'],['PERP'],1,1.0,0.0,0.0
O=C1Cc2ccc3nccc(c3n2)-c2ccccc2OCC[C@H](CO)N1,['limk2_atp_inhibitor'],['LIMK2'],1,0.0,0.0,1.0
O=C1N(Cc2ccccc2)CCC2(C(=O)NNC2=O)N1Cc1ccc[nH]1,['limk2_atp_inhibitor'],['LIMK2'],1,0.0,0.0,1.0
O=C1N=C2C(=Nc3c(Cc4ccc(F)cc4)cc(-c4cccc[nH+]4)cc32)C(=O)N1,['jak2_inhibitor'],['JAK2'],1,0.0,0.0,1.0
O=C1N=C2C=CC=CC(N3CCCCCC3)=C2NC=C1CNCc1ccccc1,['musk_activator_alphaC'],['MuSK'],1,1.0,0.0,0.0
O=C1N=C2C=CNc3ccc(nc32)CN2CCC[C@H](C2)c2cc(ccn2)N1,['mdm2_activator'],['MDM2'],1,1.0,0.0,0.0
O=C1N=C2[S+]=c3c(ncc4ccccc34)=C2c2cc(N3CCNCC3)ccc21,['jak2_inhibitor'],['JAK2'],1,0.0,0.0,1.0
O=C1N=CC(CCCOc2cc(-c3ccc4c(c3)CCNCC4)ncn2)N1,['dok7_binder'],['DOK7'],1,1.0,0.0,0.0
O=C1N=CC=C2C1=CC(c1[nH+]cccc1-c1ccccc1)=[N+]2c1ccccc1,['hdac2_inhibitor'],['HDAC2'],1,0.0,1.0,0.0
O=C1N=CC=C2C=C(CCC3CCN(CCc4ccccc4)CC3)N=C12,['rock1_inhibitor_atp'],['ROCK1'],1,0.0,0.0,1.0
O=C1N=CN=C2C1=Cc1c2nnc(-c2ccccc2)c1OC1CCCCC1,['perp_pocket3_alphaC'],['PERP'],1,1.0,0.0,0.0
O=C1N=CN=C2C1=Nc1nc3ccccc3c(-c3nc4ccccc4s3)c12,['mdm2_activator'],['MDM2'],1,1.0,0.0,0.0
O=C1N=CN=C2N=c3nc(-c4ccccc4)cc(Nc4ccccc4)c3=C12,['hdac2_inhibitor'],['HDAC2'],1,0.0,1.0,0.0
O=C1N=Cc2ccc(cc2)NCCCc2nc3ncnc(c3[nH]2)-c2cccc1c2,['mdm2_activator'],['MDM2'],1,1.0,0.0,0.0
O=C1N=c2ccccc2=[N+]1Cc1cccc2[nH]c(CCCc3ccccc3)cc12,['musk_activator_alphaC'],['MuSK'],1,1.0,0.0,0.0
O=C1NC(=O)N(Cc2ccccc2)C1=Cc1ccccc1-c1ccccc1,['limk2_atp_inhibitor'],['LIMK2'],1,0.0,0.0,1.0
O=C1NC(=O)[N+](c2ccccc2)=C1N(CCc1ccccc1)Cc1ccccc1,['hdac2_inhibitor'],['HDAC2'],1,0.0,1.0,0.0
O=C1NC=Nc2cc(-c3ccccc3)cc3c(-c4ccccc4F)cc1n23,['pak1_activator_alphaC'],['PAK1'],1,0.0,1.0,0.0
O=C1NCC(c2ccccc2)=NN=Cc2cccc3c2=Nc2c(cccc21)NC=3,['hdac2_inhibitor'],['HDAC2'],1,0.0,1.0,0.0
O=C1NCCCOc2c([nH]c3ccccc23)C(c2ccccc2)=CNc2ccccc21,['limk2_atp_inhibitor'],['LIMK2'],1,0.0,0.0,1.0
O=C1NCC[n+]2cc(c(O)c3ccccc32)C=NNC2=CC=CC1=CN2,['mdm2_activator'],['MDM2'],1,1.0,0.0,0.0
O=C1NCCc2cccc(c2)COC2COCCN(C2)C(=O)c2nc1cs2,['perp_pocket3_alphaC'],['PERP'],1,1.0,0.0,0.0
O=C1NCc2ccccc2[SH](=O)(O)c2cccc3ncnc(c23)NC1O,['mdm2_activator'],['MDM2'],1,1.0,0.0,0.0
O=C1NN=C(C(=O)OCc2ccccc2)C(=O)C1=CNc1ccccc1,['musk_activator_alphaC'],['MuSK'],1,1.0,0.0,0.0
O=C1N[C@@H](c2ccc(O)cc2)C(=O)C2=C1[C@@H](CCCN1CCCCC1)C(=O)N=C2O,['musk_activator_alphaC'],['MuSK'],1,1.0,0.0,0.0
O=C1N[C@@H]2CCN(C2)c2cc(ncn2)[C@@H]2CCCCN(Cc3cccc1c3)C2,['mdm2_activator'],['MDM2'],1,1.0,0.0,0.0
O=C1N[C@]23C[C@H](O)[C@](O)(C2)[C@@H]2N=C(CCCCCc4cccc1c4)N=C2C3=O,['limk2_atp_inhibitor'],['LIMK2'],1,0.0,0.0,1.0
O=C1N[N+]2=c3ccc4cc(O)ccc4c3=CC2=C1Cc1ccc(C(=O)O)cc1,['jak2_inhibitor'],['JAK2'],1,0.0,0.0,1.0
O=C1Nc2ccc(O)c(c2)OCCCCOc2ccccc2-c2cccc1c2,['limk2_atp_inhibitor'],['LIMK2'],1,0.0,0.0,1.0
O=C1Nc2ccc(cc2)CNC(O)=Nc2cccc(c2)Nc2cccc1c2,['mdm2_activator'],['MDM2'],1,1.0,0.0,0.0
O=C1Nc2ccc(cc2)OCCCNCc2cncc(c2)-c2cccc1n2,['mdm2_activator'],['MDM2'],1,1.0,0.0,0.0
O=C1Nc2ccccc2Oc2ccccc2CC2CC([SH](=O)(O)O)=CCC12,['dusp1_inhibitor'],['DUSP1'],1,0.0,1.0,0.0
O=C1Nc2nccc(C(=O)O)c2Nc2cccc(n2)CCC[C@@H](c2ccccc2)N1,['mdm2_activator'],['MDM2'],1,1.0,0.0,0.0
O=C1Nc2ncnc3nc(-c4ccccc4)cc(c23)N1CN1CCOCC1,['mdm2_activator'],['MDM2'],1,1.0,0.0,0.0
O=C1OC(=O)c2c(O)c3ccc4c(c3c3c2c1cc1ccccc13)OCO4,['mtor_inhibitor'],['mTOR'],1,0.0,0.0,1.0
O=C1OCC2C(=O)C3=Cc4ccccc4-c4nnc(-c5ccccc5)cc4C3=CC12,['jak2_inhibitor'],['JAK2'],1,0.0,0.0,1.0
O=C1OCC2C(CC(CCC(O)O)C2C2C(O)C2(O)O)C1c1ccccc1,['pak4_activator_alphaC'],['PAK4'],1,0.0,1.0,0.0
O=C1OCCC2=CNC3=NC=CC=C(Nc4ncc(-c5ccccc5)c1n4)C3=C2,['mdm2_activator'],['MDM2'],1,1.0,0.0,0.0
O=C1OCCN(Cc2cncnc2-c2ccc(F)cc2)[C@H]1c1ccccc1,['mdm2_activator'],['MDM2'],1,1.0,0.0,0.0
O=C1OCC[C@H]2CON3C[C@H]4[C@H](O)Cc5c(C(=O)O)ccc6c5N4[C@@H](C1=C6)[C@@H]23,['musk_activator_alphaC'],['MuSK'],1,1.0,0.0,0.0
O=C1OPC(O)N(C2Cc3ccc(N4CCCC4)cc3NC3OC32)C(=O)O1,['pak4_activator_alphaC'],['PAK4'],1,0.0,1.0,0.0
O=C1Oc2c(cc(N=Nc3ncn[nH+]n3)c3ccccc23)N=C2C=CNC=C12,['cfl1_stabilizer'],['CFL1'],1,0.0,1.0,0.0
O=C1Oc2c(oc3c4ccccc4[nH]c4cccc2c4=3)=Nc2ccccc(=O)c21,['mtor_inhibitor'],['mTOR'],1,0.0,0.0,1.0
O=C1[C@@H]2Oc3ccccc3[C@@H]2c2cc3ccccc3nc2N1c1cccnc1,['mdm2_activator'],['MDM2'],1,1.0,0.0,0.0
O=C1[NH+]=CCc2nc(C3=C4N=c5ccccc5=[N+]4c4ccccc43)oc21,['mdm2_activator'],['MDM2'],1,1.0,0.0,0.0
O=C1c2ccc(N3CCNCC3)cc2C(=O)N1[C@H]1c2ccccc2C=C[C@@H]1O,['musk_activator_alphaC'],['MuSK'],1,1.0,0.0,0.0
O=C1c2ccc3[nH]cc(c3c2)Cc2cncc(c2)CC[N@H+]1C[C@H]1CCCNCC1,['mdm2_activator'],['MDM2'],1,1.0,0.0,0.0
O=C1c2ccc3ccccc3c2C2=c3ccccc3=[NH+]C2=[N+]1c1ccc[nH+]c1,['pak1_activator_alphaC'],['PAK1'],1,0.0,1.0,0.0
O=C1c2cccc3cccc(c23)C=C2C(O)=N[C@@H]3CCCNC[C@@H]3[C@@H]12,['limk2_atp_inhibitor'],['LIMK2'],1,0.0,0.0,1.0
O=C1c2ccccc2-c2c1sc(-c1ccc(F)cc1)c2CNO,['mdm2_activator'],['MDM2'],1,1.0,0.0,0.0
O=C1c2ccccc2C(NCc2ccc(O)cc2)=[N+]1Cc1ccc(Cl)cc1,['hdac2_inhibitor'],['HDAC2'],1,0.0,1.0,0.0
O=C1c2ccccc2CCN1c1ccc(-c2ncnc(O)c2O)cc1,['perp_pocket3_alphaC'],['PERP'],1,1.0,0.0,0.0
O=C1c2ccccc2Nc2csc3ncnc(c23)Nc2ccccc21,['mdm2_activator'],['MDM2'],1,1.0,0.0,0.0
O=C1c2ccccc2[NH+]=C2C(C=Nc3nnn[nH]3)=c3cc(O)ccc3=[N+]12,['cfl1_stabilizer'],['CFL1'],1,0.0,1.0,0.0
O=C1n2nc(Nc3ccc(C(F)(F)F)cc3)nc2N=[N+]1Cc1ccccc1,['cdk5_activator_p25iface'],['CDK5'],1,0.0,1.0,0.0
O=Cc1c2c(cc3ccccc13)CC[C@@H](NC(=O)c1ccc(F)cc1F)CC2,['musk_activator_alphaC'],['MuSK'],1,1.0,0.0,0.0
O=Cc1cc(-c2ccc(Oc3ccccc3)c3ccncc23)cnc1O,['mdm2_activator'],['MDM2'],1,1.0,0.0,0.0
O=Cc1cc2ccccc2c2c1[nH]c1c(CNc3nccc[nH+]3)cccc12,['cfl1_stabilizer'],['CFL1'],1,0.0,1.0,0.0
O=Cc1cc[n+](CCCCCNCCCCCCCCc2ccccc2)c(O)n1,['cfl1_stabilizer'],['CFL1'],1,0.0,1.0,0.0
O=Cc1ccc2c(c1)C(CNCc1ccccn1)=C1C=CC=CC=C1O2,['mdm2_activator'],['MDM2'],1,1.0,0.0,0.0
O=Cc1cccc(CN(c2nc3c([nH]2)-c2ccc(Cl)cc2C3)c2ccnc[nH+]2)c1,['rock2_activator_alphaC'],['ROCK2'],1,1.0,0.0,0.0
O=Cc1nc2c(-c3ccccc3)[nH+]c3ccc4c(c3n2n1)=CNc1ccccc1N=4,['mtor_inhibitor'],['mTOR'],1,0.0,0.0,1.0
O=Cc1nc2c3onc(-c4ccccc4)c3cc(-c3ccccc3)n2n1,['jak2_inhibitor'],['JAK2'],1,0.0,0.0,1.0
O=NC1=CCC2CCC(NC3N4CCCONCC(=O)N34)C3=CCC=CCC1C32,['pak4_activator_alphaC'],['PAK4'],1,0.0,1.0,0.0
O=P(O)(O)C1CC(c2ccc(F)cc2)Oc2cc3ccccc3cc2N1,['dusp1_inhibitor'],['DUSP1'],1,0.0,1.0,0.0
O=P(O)(O)C1CCCN(CCN(c2cccnc2)c2ccc3cccnc3c2)CC1,['jak2_inhibitor'],['JAK2'],1,0.0,0.0,1.0
O=P(O)(O)OC(c1ccc[nH+]c1)c1cccc(-c2ccc(-c3ncn[nH]3)cc2)[nH+]1,['dusp1_inhibitor'],['DUSP1'],1,0.0,1.0,0.0
O=P(O)(O)OCC1=CNC2=c3ccccc3=C(c3ccc(F)cc3)OC2=C1,['cdk5_activator_p25iface'],['CDK5'],1,0.0,1.0,0.0
O=P(O)(O)OCN=c1[nH]cnc2c1CN(Cc1cccc(F)c1)CCO2,['dusp1_inhibitor'],['DUSP1'],1,0.0,1.0,0.0
O=P(O)(O)OC[C@@H]1C[C@@H](Oc2cccc3ccccc23)[C@@H]([C@H](F)COP(=O)(O)O)O1,['mdm2_activator'],['MDM2'],1,1.0,0.0,0.0
O=P(O)(O)OCc1c[n+](-c2ccccc2)c2c3ccccc3ncnc1-2,['dusp1_inhibitor'],['DUSP1'],1,0.0,1.0,0.0
O=P(O)(O)ONC(c1ccc(O)c(O)c1)c1ccc2ccccc2c1,['dusp1_inhibitor'],['DUSP1'],1,0.0,1.0,0.0
O=P(O)(O)O[P@@](=O)(O)O[C@H]1[C@H]2C[C@](O)(O[C@H]2c2cnc3ccccc3c2)[C@H]1O,['limk2_atp_inhibitor'],['LIMK2'],1,0.0,0.0,1.0
O=P(O)(O)Oc1cc(-c2ccc3c(c2)CCN3)cc2c1C=[N+]1C2=[NH+]c2ccccc21,['dusp1_inhibitor'],['DUSP1'],1,0.0,1.0,0.0
O=P(O)(O)Oc1ccc(Nc2nnc(-c3ccccc3)o2)cc1,['dusp1_inhibitor'],['DUSP1'],1,0.0,1.0,0.0
O=P(O)(O)[C@@H](Cc1ccccc1)NCc1ccccc1-c1ccccc1,['mdm2_activator'],['MDM2'],1,1.0,0.0,0.0
O=P(O)(O)c1ccc2oc3c4c(oc5c(O)c(O)cc(c5-3)c2c1)=CC=C(O)C=C4,['dusp1_inhibitor'],['DUSP1'],1,0.0,1.0,0.0
O=S(=O)(CCCOc1ccccc1)Nc1cccc2c1ccc1[nH]ccc12,['musk_activator_alphaC'],['MuSK'],1,1.0,0.0,0.0
O=S(=O)(NCCC1=CC=CC2=CNC=CC2=N1)c1ccc2c(c1)[nH]c1ccccc12,['hdac2_inhibitor'],['HDAC2'],1,0.0,1.0,0.0
O=S(=O)(N[C@@H]1CNc2c(ccc3c(F)nccc23)C1)c1cccc2ccnnc12,['mdm2_activator'],['MDM2'],1,1.0,0.0,0.0
O=S(=O)(Nc1ccc(C=NCl)cc1)C1CCOCC1,['perp_genmol_hop'],['PERP'],1,1.0,0.0,0.0
O=S(=O)(Nc1ccccc1)C1CCOCC1,['perp_genmol_hop'],['PERP'],1,1.0,0.0,0.0
O=S(=O)(Nc1ccccc1Cl)C1CCOCC1,['perp_genmol_hop'],['PERP'],1,1.0,0.0,0.0
O=S(=O)(Nc1ccccc1F)C1CCOCC1,['perp_genmol_hop'],['PERP'],1,1.0,0.0,0.0
O=S(=O)(Nc1ncccc1F)C1CCOCC1,['perp_genmol_hop'],['PERP'],1,1.0,0.0,0.0
O=S(=O)(O)c1cc(-c2ccccc2)c2c(Cc3ccccc3)c[nH]n12,['dusp1_inhibitor'],['DUSP1'],1,0.0,1.0,0.0
O=S(=O)(O)c1ccc2nc(-c3cccnc3)n3nc(Cc4ccccc4)cc3c2c1,['mdm2_activator'],['MDM2'],1,1.0,0.0,0.0
O=S(=O)(O)c1cccc(-c2cccc(O)c2C2=CC=C3NC=CC=C3C=C2)c1,['mdm2_activator'],['MDM2'],1,1.0,0.0,0.0
O=S(=O)(O)c1cccc(Nc2cc([C@H](c3ccccc3)c3cccnn3)ccn2)c1,['mdm2_activator'],['MDM2'],1,1.0,0.0,0.0
O=S(=O)(Oc1ccc(-c2nnc(-c3ccccc3)o2)cc1)c1ccccc1F,['cdk5_activator_p25iface'],['CDK5'],1,0.0,1.0,0.0
O=S(=O)(c1cc(-c2ccccc2)c(-c2ccccc2)[nH]1)c1cccc[nH+]1,['jak2_inhibitor'],['JAK2'],1,0.0,0.0,1.0
O=S(=O)(c1cc(Cc2ccccc2)n(Cc2ccccc2)n1)N1CCOCC1,['perp_pocket3_alphaC'],['PERP'],1,1.0,0.0,0.0
O=S(=O)(c1cc2c(c3c1-c1ccccc1NC=3)=CC=C(O)O2)N1CCCCCC1,['mdm2_activator'],['MDM2'],1,1.0,0.0,0.0
O=S(=O)(c1ccc2ccccc2n1)N1CCSc2nc(-c3ccncc3)nnc2CC1,['musk_activator_alphaC'],['MuSK'],1,1.0,0.0,0.0
O=S(=O)(c1ccccc1)c1ccc(NC2CCNC2)c(-c2ccc3ccccc3n2)n1,['jak2_inhibitor'],['JAK2'],1,0.0,0.0,1.0
O=S(=O)(c1n[nH]cc1Br)C1CCOCC1,['perp_genmol_hop'],['PERP'],1,1.0,0.0,0.0
O=S1(=O)CCN2CCN1CCCc1cccc(c1)C#Cc1cnc3cccc2c3c1,['mdm2_activator'],['MDM2'],1,1.0,0.0,0.0
O=S1(=O)Nc2cc(F)cc(c2)CN2Cc3ccccc3[C@@H](CCc3cccc1c3)C2,['mdm2_activator'],['MDM2'],1,1.0,0.0,0.0
O=S1(=O)c2cccn2-c2ccccc2N1Cc1ccccc1-c1cccnc1,['mdm2_activator'],['MDM2'],1,1.0,0.0,0.0
O=[N+](NCC=NCNNCc1ccccc1)c1ccc(-n2cnnc2)cn1,['dusp1_inhibitor'],['DUSP1'],1,0.0,1.0,0.0
O=[N+](O)C=CCN=Cc1cccc(C=CNCc2nccc3[nH]ccc23)c1,['cfl1_stabilizer'],['CFL1'],1,0.0,1.0,0.0
O=[N+](O)c1ccc(-c2nc3nc(N4CCCC4)ncc3[nH]2)c2ccccc12,['mdm2_activator'],['MDM2'],1,1.0,0.0,0.0
O=[N+](O)c1ccc(NCCc2ccn(-c3ccncc3F)n2)c(-c2ccc[nH]2)n1,['dusp1_inhibitor'],['DUSP1'],1,0.0,1.0,0.0
O=[N+](O)c1cn(-c2ccc(F)cc2)c(-c2n[nH]cc2-c2ccccc2)n1,['dusp1_inhibitor'],['DUSP1'],1,0.0,1.0,0.0
O=[N+](O)c1nc(NN=Nc2cncc(O)c2)nc(N=Nc2cccnc2)c1O,['cfl1_stabilizer'],['CFL1'],1,0.0,1.0,0.0
O=[N+]([O-])c1ccc(Nc2cc(-c3cnccn3)cc(-c3ccccc3)n2)cc1,['cfl1_stabilizer'],['CFL1'],1,0.0,1.0,0.0
O=[N+]c1ccc(NS(=O)(=O)C2CCOCC2)cc1,['perp_genmol_hop'],['PERP'],1,1.0,0.0,0.0
O=[SH](O)(O)C1CC(OC(c2ccc(O)cc2)c2c[nH]c3ccccc23)CO1,['dusp1_inhibitor'],['DUSP1'],1,0.0,1.0,0.0
O=[SH](O)(O)Oc1nc2nccn2c2ccc(-c3ccc(F)cc3)cc12,['dusp1_inhibitor'],['DUSP1'],1,0.0,1.0,0.0
O=[SH](O)(O)c1ccc(C(Nc2nccnc2F)c2ccccc2)cc1,['dusp1_inhibitor'],['DUSP1'],1,0.0,1.0,0.0
O=[SH](O)(O)c1ccccc1Cc1nc(-c2cc[nH+]cc2O)[n+]2cccccc1-2,['mdm2_activator'],['MDM2'],1,1.0,0.0,0.0
O=[SH](O)(O)c1nc(-c2ccc(F)cc2)c2oc3ccccc3c2c1O,['dusp1_inhibitor'],['DUSP1'],1,0.0,1.0,0.0
O=c1[nH+]c(C(c2ccc(F)cc2)c2c[nH]nn2)oc2cc(-c3ccccc3)ccc12,['jak2_inhibitor'],['JAK2'],1,0.0,0.0,1.0
O=c1[nH+]c(C2CCNCC2)c2c3[nH]c4cccc4c3c(-c3ccccc3)c1-2,['mdm2_activator'],['MDM2'],1,1.0,0.0,0.0
O=c1[nH]c(-c2ccc(CC3CCN(CCO)CC3)c[nH+]2)ccc1C1(O)CCCC1,['musk_activator_alphaC'],['MuSK'],1,1.0,0.0,0.0
O=c1[nH]c(=O)[n+]2c3ccccc3n(-c3ccc(O)cc3)c2n1Cc1ccccc1,['hdac2_inhibitor'],['HDAC2'],1,0.0,1.0,0.0
O=c1[nH]c(=O)c2c(=O)n3c4ccccc4c4cc5ccccc5c(c2[nH]1)c43,['mtor_inhibitor'],['mTOR'],1,0.0,0.0,1.0
O=c1[nH]c(=O)n(-c2ccc(-c3ccccc3)cc2)c2oc3ccccc3c12,['musk_activator_alphaC'],['MuSK'],1,1.0,0.0,0.0
O=c1[nH]c(=O)n2c3c4c(cccc4n(Cc4ccccc4)c13)Cc1ccccc1-2,['mtor_inhibitor'],['mTOR'],1,0.0,0.0,1.0
O=c1[nH]c(NCCN2CCCCC[C@H]2Cc2ccccc2O)nc2ccccc12,['mdm2_activator'],['MDM2'],1,1.0,0.0,0.0
O=c1[nH]c(O)c(CC=Cc2cccc(N3CCOCC3)c2)c2ccccc12,['mdm2_activator'],['MDM2'],1,1.0,0.0,0.0
O=c1[nH]c(O)nc2nc(NC3=[NH+]C4=CC=CC4=N3)c(Cc3ccccc3)cc12,['cfl1_stabilizer'],['CFL1'],1,0.0,1.0,0.0
O=c1[nH]c2c(c(=O)[nH]1)N[C@H](COP(=O)(O)O)CN2c1ccc2ccccc2c1,['mdm2_activator'],['MDM2'],1,1.0,0.0,0.0
O=c1[nH]c2ccccc2c2c1N=C(NCCNCCc1ccccc1)C=CN2,['musk_activator_alphaC'],['MuSK'],1,1.0,0.0,0.0
O=c1[nH]c2ccccc2n1-c1cccc2c1[NH+]=C1C2=Cc2ccc3ccccc3c21,['mtor_inhibitor'],['mTOR'],1,0.0,0.0,1.0
O=c1[nH]c2ccccc2nc2[n+](CCc3ccccc3)c3ccccc3c1-2,['pak1_activator_alphaC'],['PAK1'],1,0.0,1.0,0.0
O=c1[nH]c2nc3ccccc3cc2cc1C#Cc1ccc2c(ccc3ccccc32)c1,['mdm2_activator'],['MDM2'],1,1.0,0.0,0.0
O=c1[nH]cc(CC=Cc2cccc(-c3cccc[nH+]3)c2)c2ccccc12,['cdk5_activator_p25iface'],['CDK5'],1,0.0,1.0,0.0
O=c1[nH]ccc2cc(N3CCN(CCNc4ccccc4)CC3)ccc12,['rock1_inhibitor_atp'],['ROCK1'],1,0.0,0.0,1.0
O=c1[nH]ccc2cc(N3CCNCC3C3CCCC(O)C3)ccc12,['rock1_inhibitor_atp'],['ROCK1'],1,0.0,0.0,1.0
O=c1[nH]ccc2cc(OC3CNCCN(Cc4ncc[nH]4)C3)ccc12,['rock1_inhibitor_atp'],['ROCK1'],1,0.0,0.0,1.0
O=c1[nH]cnc2c(-c3ccccc3)ccc(NCCCc3ccccc3)c12,['musk_activator_alphaC'],['MuSK'],1,1.0,0.0,0.0
O=c1[nH]nc2c(c1-c1cccc(-c3ccc(-c4ccccc4)[nH+]c3)c1)CCC2,['cdk5_activator_p25iface'],['CDK5'],1,0.0,1.0,0.0
O=c1c(-c2cccc(CN3CCCCC3)c2)cnc2[nH]c3cc(F)ccc3n12,['mdm2_activator'],['MDM2'],1,1.0,0.0,0.0
O=c1c(Nc2ccccc2-c2cccc[nH+]2)c[nH]c2cc3c(cc12)OCO3,['jak2_inhibitor'],['JAK2'],1,0.0,0.0,1.0
O=c1c2c([nH]c3ccccc13)-c1ccccc1-c1ccc([N+](=O)O)cc1N2,['dusp1_inhibitor'],['DUSP1'],1,0.0,1.0,0.0
O=c1c2c(oc3cc4c(cc13)CC[NH+]=C4)N=C1C=CC=CC=C1N2,['mdm2_activator'],['MDM2'],1,1.0,0.0,0.0
O=c1c2cc3cccc(Oc4ccccc4)c3cc2n2cnnc2n1C1CCNCC1,['mtor_inhibitor'],['mTOR'],1,0.0,0.0,1.0
O=c1c2ccc(P(=O)(O)O)ccc-2nc(Cc2ccccc2)c1-c1ccccc1,['cdk5_activator_p25iface'],['CDK5'],1,0.0,1.0,0.0
O=c1c2ccc(Sc3ncn[nH]3)cc2cc2n1C[C@H](Cc1ccccc1)C2,['musk_activator_alphaC'],['MuSK'],1,1.0,0.0,0.0
O=c1c2ccc3ccccc3c2ncn1Cc1cccc2ccccc12,['mdm2_activator'],['MDM2'],1,1.0,0.0,0.0
O=c1c2ccccc2[nH+]c2c3cccnc3[n+]3c4ccccc4n1c23,['mdm2_activator'],['MDM2'],1,1.0,0.0,0.0
O=c1c2ccccc2c(-c2ccccc2-n2cnnc2)nn1CCc1ccccc1,['hdac2_inhibitor'],['HDAC2'],1,0.0,1.0,0.0
O=c1c2ccccc2nc(Nc2ccccc2)n1O.Oc1ccccc1,['perp_pocket3_alphaC'],['PERP'],1,1.0,0.0,0.0
O=c1c2ccccc2oc2c3cccccc-3[n+]3cc(=O)n4occ1c4c23,['mtor_inhibitor'],['mTOR'],1,0.0,0.0,1.0
O=c1c2nc3ccccn3c2nc(Cc2ccccc2)n1-c1ccccc1,['hdac2_inhibitor'],['HDAC2'],1,0.0,1.0,0.0
O=c1c2nccn2c2cc(-c3ccncc3)ccc2n1Cc1ccccn1,['hdac2_inhibitor'],['HDAC2'],1,0.0,1.0,0.0
O=c1cc(-c2ccccc2)[nH]c2c(Cc3c[nH]c4ccccc34)cnn12,['mtor_inhibitor'],['mTOR'],1,0.0,0.0,1.0
O=c1cc(-c2ccccc2)c2cccc([C@@H](c3ccccc3)c3ccc(F)cc3)c2[nH]1,['mdm2_activator'],['MDM2'],1,1.0,0.0,0.0
O=c1cc(-c2nonc2-c2ccc(O)cc2)c2cc([N+](=O)O)ccc2o1,['mdm2_activator'],['MDM2'],1,1.0,0.0,0.0
O=c1cc(-n2ccc3cccc4c5ccccc5n5ccc2c5c34)[nH]c(=O)[nH]1,['jak2_inhibitor'],['JAK2'],1,0.0,0.0,1.0
O=c1cc(CCc2ccc(O)cc2O)oc2cc([C@@H](O)c3ccccc3)cc(O)c12,['cfl1_stabilizer'],['CFL1'],1,0.0,1.0,0.0
O=c1cc2c(-c3cccc(O)c3)c3cnc4nccc(nc2cc1O)c43,['mdm2_activator'],['MDM2'],1,1.0,0.0,0.0
O=c1cc2c3c(cccc3[nH]1)Nc1ccccc1CN1CC[C@@H](CC2)C12CC2,['mdm2_activator'],['MDM2'],1,1.0,0.0,0.0
O=c1cc2cc(CN=Nc3ccnnn3)c(Cc3ccc(O)cc3)ccc-2cc1O,['cfl1_stabilizer'],['CFL1'],1,0.0,1.0,0.0
O=c1ccc(-c2ncccc2CCc2ccc(-n3cnnc3)cn2)ccc1O,['mdm2_activator'],['MDM2'],1,1.0,0.0,0.0
O=c1ccc(Cc2nsc(Nc3ccccc3)n2)nc(N2CCCC2)n1,['hdac2_inhibitor'],['HDAC2'],1,0.0,1.0,0.0
O=c1ccc(NCc2ccccc2)nc2c1ncc1ccccc12,['jak2_inhibitor'],['JAK2'],1,0.0,0.0,1.0
O=c1ccc2c(nc(N3CCNC[C@@H](c4ccccc4)C3)c3ccccc32)[nH]1,['mdm2_activator'],['MDM2'],1,1.0,0.0,0.0
O=c1ccc2c3ccccc3nccc2c2c(CN3CCNCC3)cc[n+]12,['mtor_inhibitor'],['mTOR'],1,0.0,0.0,1.0
O=c1ccc2cc(NCCc3ccc(NC4(c5ccccc5)CC4)cc3)ccc2[nH]1,['musk_activator_alphaC'],['MuSK'],1,1.0,0.0,0.0
O=c1cccc2cc3oc4ccccc4c4c5ccccc5oc(c12)c34,['mdm2_activator'],['MDM2'],1,1.0,0.0,0.0
O=c1ccn(C2OC(COP(=O)(O)OP(=O)(O)O)C(O)C2O)c(=O)[nH]1,['dok7_binder'],['DOK7'],1,1.0,0.0,0.0
O=c1ccn2nc3ccccc3c3c2[n+]1c(=O)n3-c1ccccc1,['mtor_inhibitor'],['mTOR'],1,0.0,0.0,1.0
O=c1nc(-c2ccccc2)c2cn1CCNCc1cnn(c1)Cc1ccccc1CN2,['hdac2_inhibitor'],['HDAC2'],1,0.0,1.0,0.0
O=c1nc(-c2ccccc2)nnc2c3ccccc3n(-c3ccccc3)c12,['cdk5_activator_p25iface'],['CDK5'],1,0.0,1.0,0.0
O=c1nc(O)nc2n(-c3ccc(-c4ccccc4)cc3)c3ccccc3cc1-2,['mdm2_activator'],['MDM2'],1,1.0,0.0,0.0
O=c1nc2[nH+]c3ccccc3ccc-2c2c1cnc[n+]2-c1ccccc1,['hdac2_inhibitor'],['HDAC2'],1,0.0,1.0,0.0
O=c1nc[nH]c2c(CCC3CCOCCO3)cc(-c3ccccc3)nc12,['hdac2_inhibitor'],['HDAC2'],1,0.0,1.0,0.0
O=c1nc[nH]c2c1C=CC(Cc1ccccc1)CCc1ccccc1NC=[NH+]2,['hdac2_inhibitor'],['HDAC2'],1,0.0,1.0,0.0
O=c1ncc2c(-n3[nH+]c(C#Cc4ccccc4)c4ccccc43)cccc2[nH]1,['mtor_inhibitor'],['mTOR'],1,0.0,0.0,1.0
O=c1ncc2nc(-c3c(O)ccc4c(O)cccc34)cccc-2n1,['mdm2_activator'],['MDM2'],1,1.0,0.0,0.0
O=c1nccc(-c2ccc(-c3nc(-c4ccccc4)cc[nH+]3)cc2)[nH]1,['cdk5_activator_p25iface'],['CDK5'],1,0.0,1.0,0.0
O=c1ncn(Cc2ccccc2)c2cnc3c4c(ccc3c12)CCO4,['perp_pocket3_alphaC'],['PERP'],1,1.0,0.0,0.0
O=c1ncnc2n([C@@H]3O[C@@H]4O[P@](=O)(O)O[P@@](=O)(O)OC[C@@H]4[C@H]3O)ccnc1-2,['mdm2_activator'],['MDM2'],1,1.0,0.0,0.0
O=c1nnc(-c2ccccc2)c2ccc(-c3ncccn3)cc2n1,['jak2_inhibitor'],['JAK2'],1,0.0,0.0,1.0
O=c1oc2cccc(O)c2n2c(=O)n3c4ccccc4ccc3c12,['mtor_inhibitor'],['mTOR'],1,0.0,0.0,1.0
O=c1oc2ccccc2c(O)c1-c1nc(S(=O)(=O)O)cc2ccccc12,['dusp1_inhibitor'],['DUSP1'],1,0.0,1.0,0.0
O=c1oc2ccccc2c2c(NCc3[nH+]c4ccccc4o3)c3cc[nH]cc-3c12,['mdm2_activator'],['MDM2'],1,1.0,0.0,0.0
OC(=CCC1=C(c2ccccc2)N2NNC=C2N1)c1ccc2ccccc2c1,['cfl1_stabilizer'],['CFL1'],1,0.0,1.0,0.0
OC(=Cc1cccc2c(C(F)(F)F)c[nH]c12)NCCn1c[nH+]c2ccccc21,['cdk5_activator_p25iface'],['CDK5'],1,0.0,1.0,0.0
OC(=Cc1nc2c([nH]1)CCCCC2)N[C@H]1CC[C@@H](OCc2ccccc2)CC1,['musk_activator_alphaC'],['MuSK'],1,1.0,0.0,0.0
OC(=NC1CCCNCC1)c1nc2ccccc2nc1Nc1ccc(F)cc1,['perp_pocket3_alphaC'],['PERP'],1,1.0,0.0,0.0
OC(=NCc1ccc(O)cc1)c1nn(-c2ccccc2)c2ncccc12,['hdac2_inhibitor'],['HDAC2'],1,0.0,1.0,0.0
OC(=NN=NCC1Cc2ccccc2N1)c1ccc(-c2ccncc2)cc1,['dok7_binder'],['DOK7'],1,1.0,0.0,0.0
OC(=N[C@H](c1ccccc1)c1cccc(CN2CCNCC2)c1)c1ccc(O)cc1,['mdm2_activator'],['MDM2'],1,1.0,0.0,0.0
OC(=Nc1cccc(Nc2cc(CN3CCOCC3)[nH]n2)c1)Nc1ccccc1,['cfl1_stabilizer'],['CFL1'],1,0.0,1.0,0.0
OC(=Nc1ccccc1)C(=Cc1cccc(-n2cnnc2)c1)Cc1ccccc1,['mdm2_activator'],['MDM2'],1,1.0,0.0,0.0
OC(=Nc1nccs1)c1cnc(Nc2ccc3ccccc3c2)nc1,['cdk5_activator_p25iface'],['CDK5'],1,0.0,1.0,0.0
OC(=[N+]=NN=NN=[N+]=Nc1cc(-c2cccc(O)c2)ncn1)c1ccc(O)cc1,['cfl1_stabilizer'],['CFL1'],1,0.0,1.0,0.0
OC(C1CCCCC1)C1CCNCC(COc2ccnc3ccccc23)N1,['rock1_inhibitor_atp'],['ROCK1'],1,0.0,0.0,1.0
OC(CCC1=CCC(Cl)CC1)C(NCc1ccccc1)NCc1ncncn1,['limk1_activator_alphaC'],['LIMK1'],1,0.0,1.0,0.0
OC(CCc1ccc(-n2cccn2)cc1)N1CCCCCC1,['jak2_inhibitor'],['JAK2'],1,0.0,0.0,1.0
OC(CCc1cccc(-c2ccccc2)n1)=NCc1cccccnccc1,['musk_activator_alphaC'],['MuSK'],1,1.0,0.0,0.0
OC(NC1=NN1NC1CC1)C1CC(=CC2CCC=CC3CCCCC23)CCN1O,['pak4_activator_alphaC'],['PAK4'],1,0.0,1.0,0.0
OC(NCC1CC2CCCN2C1)C1=CNC=Nc2c1ccc1cc(F)ccc21,['mtor_inhibitor'],['mTOR'],1,0.0,0.0,1.0
OC(O)=CCc1nc(N2CCC(c3c[nH]c4ccccc34)C2)[nH+]c2ccccc12,['dok7_binder'],['DOK7'],1,1.0,0.0,0.0
OC(O)CC1CC2CC3CCC4CC=CC5NC(C2C1)C3C45,['limk1_activator_alphaC'],['LIMK1'],1,0.0,1.0,0.0
OC(O)c1cc(N2CCCCCC2)nc(NCCc2ccccc2)n1,['hdac2_inhibitor'],['HDAC2'],1,0.0,1.0,0.0
OC(O)c1cc2c3c(cccc3c1)N[C@H]1O[C@H]1C1=CC=CC=CC=C12,['musk_activator_alphaC'],['MuSK'],1,1.0,0.0,0.0
OC(O)c1ccc(N2Cc3nc4ccccc4c(-n4cccc4)c3C2)cc1,['hdac2_inhibitor'],['HDAC2'],1,0.0,1.0,0.0
OC12C3=CCCC1CC1CC(C=[N+]=Nc4ccccn4)CC(=NN3)C12,['rock2_activator_alphaC'],['ROCK2'],1,1.0,0.0,0.0
OC1=C(c2ccccc2)N(Cc2ccc3cccc(-c4cccnc4)c3c2)CCN1,['limk2_atp_inhibitor'],['LIMK2'],1,0.0,0.0,1.0
OC1=C2C=CNC=C2N(c2ccccc2)C=C1C=NCc1ccc[nH+]c1,['mtor_inhibitor'],['mTOR'],1,0.0,0.0,1.0
OC1=C2C=c3cnccc3=CC=C2Oc2ccc3c(ccn3-c3ccc(O)cc3)c21,['mtor_inhibitor'],['mTOR'],1,0.0,0.0,1.0
OC1=C2NC=CC=C2C=CC(c2ccc[nH+]c2-c2ccccc2)=C1,['hdac2_inhibitor'],['HDAC2'],1,0.0,1.0,0.0
OC1=C2NC=CC=C2N=C2c3ccccc3N[C@@H](Nc3ccccc3)CN21,['mdm2_activator'],['MDM2'],1,1.0,0.0,0.0
OC1=C2Oc3c4ccccc4n4nc(-c5ccc(O)cc5)c(c34)=C2C=CC=C1,['jak2_inhibitor'],['JAK2'],1,0.0,0.0,1.0
OC1=CC(=Nn2cc(CN=C(O)c3ccccc3)c3ccc[n+](O)c32)CC1,['cfl1_stabilizer'],['CFL1'],1,0.0,1.0,0.0
OC1=CC=CC2=CC(NCC3=Cc4cccc5cc[nH+]c3c45)=CNC2=C1,['mdm2_activator'],['MDM2'],1,1.0,0.0,0.0
OC1=CCC2CNCC2=C1.OCCOCCCCc1ccccc1,['limk1_activator_alphaC'],['LIMK1'],1,0.0,1.0,0.0
OC1=CN(c2cccnc2Cc2ccc(-c3ccccc3)cc2)CCNC1,['cfl1_stabilizer'],['CFL1'],1,0.0,1.0,0.0
OC1=CNC(c2cnc3ccncc[n+]2-3)=c2cnc3ccccc3c2=N1,['mdm2_activator'],['MDM2'],1,1.0,0.0,0.0
OC1=CNc2ccccc2C1=Cc1cc[nH+]c2cccc(Cc3nccc[nH+]3)c12,['mdm2_activator'],['MDM2'],1,1.0,0.0,0.0
OC1=C[C@@H](CNc2ccccc2-c2ccc3ccccc3c2)CCC1,['mdm2_activator'],['MDM2'],1,1.0,0.0,0.0
OC1=Cc2nc3ncccc3c(-c3ccccc3)c2-c2ccccc2O1,['mdm2_activator'],['MDM2'],1,1.0,0.0,0.0
OC1=NC(c2cccc(Oc3cncc[nH+]3)c2)=CNc2ccccc21,['mtor_inhibitor'],['mTOR'],1,0.0,0.0,1.0
OC1=Nc2cc(ccc2O)NCCN(C2CNC2)Cc2ccc1c(O)c2,['mdm2_activator'],['MDM2'],1,1.0,0.0,0.0
OC1CCC(Cl)CCC1=Cc1nnc(-c2ccc(N3CCCC3)[nH+]c2)[nH]1,['rock2_activator_alphaC'],['ROCK2'],1,1.0,0.0,0.0
OC1CCC(O)C(CCC2CCCC3CCCCCCC32)OC(O)C2CC1N2,['pak4_activator_alphaC'],['PAK4'],1,0.0,1.0,0.0
OC1CCC2(CON2O)NC(O)N1C(OCC1CCCCC1)C1=NCNC=C1,['pak4_activator_alphaC'],['PAK4'],1,0.0,1.0,0.0
OC1CCC2C(C1)CC1C(O)C=CCC12.c1ccc2cnccc2c1,['limk1_activator_alphaC'],['LIMK1'],1,0.0,1.0,0.0
OC1CCCC(CCC2CCC34CCCC3(CCC3=C4C(O)C=C3)C2)O1,['pak4_activator_alphaC'],['PAK4'],1,0.0,1.0,0.0
OC1CCCN(c2nc(COc3ccccc3F)c3ccccc3n2)C1,['jak2_inhibitor'],['JAK2'],1,0.0,0.0,1.0
OC1CCCOCCCC(O)C2C(=N1)N2CC1=CCCc2ccccc21,['pak4_activator_alphaC'],['PAK4'],1,0.0,1.0,0.0
OC1CN2OCC3C(C4CC5CCC6(CCCCC56)C4)CC(NCOC1O)C32,['pak4_activator_alphaC'],['PAK4'],1,0.0,1.0,0.0
OC1CNC(O)C1SC1CCC(COC(O)N2CC(N3CCCC3)C3CCCCC32)NC1,['pak4_activator_alphaC'],['PAK4'],1,0.0,1.0,0.0
OC1COc2ccccc2C1CNCC1CCCCC1=CN1CC=CCC1,['pak4_activator_alphaC'],['PAK4'],1,0.0,1.0,0.0
OC1CSC(CNNC2CCCC=CC2N2CC3CCCCC3C2)C(O)C1O,['pak4_activator_alphaC'],['PAK4'],1,0.0,1.0,0.0
OC1OC(C(O)C=COOCOC2CC3CCCCC3C3CCCCCC23)O1,['pak4_activator_alphaC'],['PAK4'],1,0.0,1.0,0.0
OC1OON2ON(CC3C=C4CNOC4=CC3)COC3=COC=CC1=C32,['pak4_activator_alphaC'],['PAK4'],1,0.0,1.0,0.0
OC1c2cccc3c2-c2c(ccc4cccc-3c24)-c2ncnc3[nH]cc1c23,['mdm2_activator'],['MDM2'],1,1.0,0.0,0.0
OC=COCCOCCOC=COCCOCCC=Cc1ccccc1,['cfl1_stabilizer'],['CFL1'],1,0.0,1.0,0.0
OC=NN=Cc1ccc(OCC2CCCN(Cc3ccccc3)C2)cc1,['dok7_binder'],['DOK7'],1,1.0,0.0,0.0
OCC1CC2ON3CC(OCc4ccccc4)C4CC(O)C1C2C43,['rock2_activator_alphaC'],['ROCK2'],1,1.0,0.0,0.0
OCC1Oc2ccnc3cccc(c23)C1NCc1ccc2cccnc2c1,['jak2_inhibitor'],['JAK2'],1,0.0,0.0,1.0
OCCN(Cc1ccnc2ccccc12)C(O)=N[C@H]1CCc2ccccc2C1,['mdm2_activator'],['MDM2'],1,1.0,0.0,0.0
OCCOC=COCCNCN=CNCC=Cc1cccc2c1CCCCO2,['limk1_activator_alphaC'],['LIMK1'],1,0.0,1.0,0.0
OCCOc1cc(-c2cccc(F)c2)nc2cc(-c3ccccc3)[nH]c12,['jak2_inhibitor'],['JAK2'],1,0.0,0.0,1.0
OC[C@@H](C=Cc1cccc(O)c1O)O[C@H](O)CNc1ncc2cc(O)ccc2c1O,['musk_activator_alphaC'],['MuSK'],1,1.0,0.0,0.0
OC[C@H]1CN(c2cc(CCCOc3ccccc3)n[nH]2)CCC1=NCc1ccccc1,['musk_activator_alphaC'],['MuSK'],1,1.0,0.0,0.0
OCc1ccc(C=Nc2cccc3cc(-c4ccc5ccccc5c4)oc23)o1,['musk_activator_alphaC'],['MuSK'],1,1.0,0.0,0.0
ON=C1N=C(c2ccc3ccccc3n2)N=C2N=c3ccccc3=C12,['mdm2_activator'],['MDM2'],1,1.0,0.0,0.0
O[C@@H]1CCN2CCCCCCn3cnc4c3=CC3=C(C=CNC3=CC=4)[C@@H]2C1,['limk2_atp_inhibitor'],['LIMK2'],1,0.0,0.0,1.0
O[C@@H]1[C@@H]2CC(=Cc3cccnc3-n3cnnc3)[C@@]3(O)C[C@@H]2[C@@H]2C[C@H]3C[C@@]1(O)C2,['mdm2_activator'],['MDM2'],1,1.0,0.0,0.0
O[C@H](Nc1ccc(Cc2ccccc2)cc1)c1ccc(Cc2ccccc2)nc1,['musk_activator_alphaC'],['MuSK'],1,1.0,0.0,0.0
O[C@H]1CN2CCCC[C@H]2[C@H](c2cccnc2-c2ccccc2)c2ccccc21,['mdm2_activator'],['MDM2'],1,1.0,0.0,0.0
O[C@H]1NCc2ccccc2C2=CC=C3N=CNC(=C3C=C2)Nc2cccc1c2,['limk2_atp_inhibitor'],['LIMK2'],1,0.0,0.0,1.0
O[n+]1cccc(Cn2cc(Cc3ccccc3)c3ccccc32)c1,['jak2_inhibitor'],['JAK2'],1,0.0,0.0,1.0
Oc1c(Nc2ncnc3c2oc2ccccc23)cnc2ccccc12,['jak2_inhibitor'],['JAK2'],1,0.0,0.0,1.0
Oc1c([C@H](CNCc2ccc[nH+]c2)c2ccccc2)[nH]c2ccccc12,['cfl1_stabilizer'],['CFL1'],1,0.0,1.0,0.0
Oc1c2c(c3cccc4ccn1c43)=CC=C(Oc1ccccc1)C=C2,['cdk5_activator_p25iface'],['CDK5'],1,0.0,1.0,0.0
Oc1c2cc3cccc4c5c[nH+]ccc5nc(c2nc2[n+]1C=CC=2)c34,['mtor_inhibitor'],['mTOR'],1,0.0,0.0,1.0
Oc1cc(-c2cccc(OCCCNCc3ccccc3)c2)[nH]n1,['musk_activator_alphaC'],['MuSK'],1,1.0,0.0,0.0
Oc1cc(-c2ccccc2-c2ccccc2)nc(-c2ncnc3ncnn23)n1,['mdm2_activator'],['MDM2'],1,1.0,0.0,0.0
Oc1cc(-c2nn[nH]n2)ccc1ON=Cc1ccc(O)c(Oc2ccccc2Cl)c1,['cfl1_stabilizer'],['CFL1'],1,0.0,1.0,0.0
Oc1cc(C2=CCN=[N+](c3ccc4ccccc4c3)C2)nc2ccccc12,['cfl1_stabilizer'],['CFL1'],1,0.0,1.0,0.0
Oc1cc(F)ccc1N1C=CC=c2[nH+]c3c(cc2=C1)[nH]c1ccccc13,['mdm2_activator'],['MDM2'],1,1.0,0.0,0.0
Oc1cc(NC2=C3C=CC=c4ccccc4=C3N=CN2)[nH+]c(-c2ccc(F)cc2)n1,['mtor_inhibitor'],['mTOR'],1,0.0,0.0,1.0
Oc1cc(Nc2cccc(-c3ccccc3)c2)nc2c3ccccc3nn12,['pak1_activator_alphaC'],['PAK1'],1,0.0,1.0,0.0
Oc1cc2c3c(n(-c4ccccn4)c2cc1O)=NN1C=Nc2ccccc2C=C1C=3,['hdac2_inhibitor'],['HDAC2'],1,0.0,1.0,0.0
Oc1ccc(-c2cccc3nc4c(cc(O)c5c(O)cccc54)c-3c2)nc1,['mdm2_activator'],['MDM2'],1,1.0,0.0,0.0
Oc1ccc(-c2ccccc2-c2ccc(-c3ccccc3)c(O)c2)cc1,['mdm2_activator'],['MDM2'],1,1.0,0.0,0.0
Oc1ccc(-c2ccccc2NCCOc2cccc(-c3ccccc3)c2)cc1O,['mdm2_activator'],['MDM2'],1,1.0,0.0,0.0
Oc1ccc(-c2ccn3c(-c4ccccc4)nc4ccccc4c23)cc1,['mdm2_activator'],['MDM2'],1,1.0,0.0,0.0
Oc1ccc(-c2n[nH]c(C3=CC=C4NC=NN4C=C3)c2-c2ccc(O)cc2)cc1,['mdm2_activator'],['MDM2'],1,1.0,0.0,0.0
Oc1ccc(-c2ncc[nH]c2=NN=NCC=NNN=NN=Nc2ccccc2)cc1O,['cfl1_stabilizer'],['CFL1'],1,0.0,1.0,0.0
Oc1ccc(-n2nc(C=NN=NCc3ccccn3)nc2-c2ccccc2)cc1O,['dok7_binder'],['DOK7'],1,1.0,0.0,0.0
Oc1ccc(C2=C3C=c4cc(O)ccc4=CN=C3c3ccccc3N2O)cc1,['mdm2_activator'],['MDM2'],1,1.0,0.0,0.0
Oc1ccc(C=C[n+]2c3ccc(O)cc3cc3c4ccccc4c(O)cc32)cc1,['mdm2_activator'],['MDM2'],1,1.0,0.0,0.0
Oc1ccc(C=NNc2ncnc3ccc(C(O)Nc4ncccn4)cc23)cc1,['dok7_binder'],['DOK7'],1,1.0,0.0,0.0
Oc1ccc(CCCC=CN=NNC=CN=C2C=Nc3ccccc32)cc1,['cfl1_stabilizer'],['CFL1'],1,0.0,1.0,0.0
Oc1ccc(CCc2nnnn2-c2ccccc2)cc1NCCc1ccccc1,['hdac2_inhibitor'],['HDAC2'],1,0.0,1.0,0.0
Oc1ccc(CCn2c3ccccc3c3ccccc32)cc1O,['mdm2_activator'],['MDM2'],1,1.0,0.0,0.0
Oc1ccc(CN2N=C(c3ccc(O)cc3)Nc3ccccc32)cc1,['rock2_activator_alphaC'],['ROCK2'],1,1.0,0.0,0.0
Oc1ccc(CN=NCNN=NN=CCNc2cccc(-c3c[nH]cn3)c2)cc1O,['cfl1_stabilizer'],['CFL1'],1,0.0,1.0,0.0
Oc1ccc(Cc2nc3ccccc3nc2-c2cccc3ccccc23)cc1,['mdm2_activator'],['MDM2'],1,1.0,0.0,0.0
Oc1ccc(N2CCCNCC2)c(-c2ccccc2)c1CCc1ccccc1,['musk_activator_alphaC'],['MuSK'],1,1.0,0.0,0.0
Oc1ccc(N=CCCNN=NNN=Nc2cnc3cccnc3n2)cc1,['cfl1_stabilizer'],['CFL1'],1,0.0,1.0,0.0
Oc1ccc(N=NCCNN=NNN=[N+]2NC2=C2CCCO2)cc1,['cfl1_stabilizer'],['CFL1'],1,0.0,1.0,0.0
Oc1ccc(NC(=S)Nc2cccc(Oc3ccccc3)c2)cc1,['dok7_binder'],['DOK7'],1,1.0,0.0,0.0
Oc1ccc(Nc2[nH+]cccc2C2=N[n+]3ccc(O)c4cccc2c43)cc1,['mdm2_activator'],['MDM2'],1,1.0,0.0,0.0
Oc1ccc(O)c(N=[N+]=NNN=NNC=NC=C2C=c3ccccc3=N2)c1,['cfl1_stabilizer'],['CFL1'],1,0.0,1.0,0.0
Oc1ccc([C@@H](c2ccccc2)n2cc(N3CCCC3)c3cnc(O)cc32)cc1,['mdm2_activator'],['MDM2'],1,1.0,0.0,0.0
Oc1ccc([C@@H]2C[C@H](c3cnc4ccccc4c3O)c3ccccc32)cc1,['mdm2_activator'],['MDM2'],1,1.0,0.0,0.0
Oc1ccc([C@@H]2Cc3c(ncnc3-c3ccccc3)Nc3ccccc32)cn1,['mdm2_activator'],['MDM2'],1,1.0,0.0,0.0
Oc1ccc2c(-c3cc(-c4ccccc4)c4ccccc4n3)cccc2c1,['mdm2_activator'],['MDM2'],1,1.0,0.0,0.0
Oc1ccc2c(N=NCCNN=NC=NNC3=Cc4ccccc4NC=C3)cccc2[nH+]1,['cfl1_stabilizer'],['CFL1'],1,0.0,1.0,0.0
Oc1ccc2c(c1)nc(-c1ccc(O)c(O)c1)c1[n+]2-c2ccccc2-1,['mtor_inhibitor'],['mTOR'],1,0.0,0.0,1.0
Oc1ccc2c(c1)nc1ccccc1c1nc3cnnc3nc21,['mtor_inhibitor'],['mTOR'],1,0.0,0.0,1.0
Oc1ccc2c3c1OC=C(c1ccccc1)C=3NC=C(c1ccc[nH+]c1)N=2,['mdm2_activator'],['MDM2'],1,1.0,0.0,0.0
Oc1ccc2c3ccc(O)c4c3c3c(cccc3c3cccn34)c3cccc1c32,['mdm2_activator'],['MDM2'],1,1.0,0.0,0.0
Oc1ccc2cc([C@H]3C[C@@H](c4cnccn4)CN3Cc3ccnnc3)ccc2n1,['mdm2_activator'],['MDM2'],1,1.0,0.0,0.0
Oc1ccc2cc3c4nccc(-c5ccccc5)c(O)c-4nc3nc2c1,['pak1_activator_alphaC'],['PAK1'],1,0.0,1.0,0.0
Oc1cccc(-c2[nH]c(-c3cncc[nH+]3)nc3c4ccccc4nc2-3)c1,['jak2_inhibitor'],['JAK2'],1,0.0,0.0,1.0
Oc1cccc(-c2cc[nH]c2N[C@@H]2CCCN(c3ccccc3)C2)c1,['mdm2_activator'],['MDM2'],1,1.0,0.0,0.0
Oc1cccc(-c2nc(NCC3CCOCC3)ncc2Oc2ccccc2)c1,['pak1_activator_alphaC'],['PAK1'],1,0.0,1.0,0.0
Oc1cccc(-n2ccc3c(-c4ccccc4)ncnc32)c1,['limk2_atp_inhibitor'],['LIMK2'],1,0.0,0.0,1.0
Oc1cccc(CN=CCN=NN=CNC=NNN=Cc2ccccc2)c1O,['cfl1_stabilizer'],['CFL1'],1,0.0,1.0,0.0
Oc1cccc(Cc2cc3ccc4cnccc4c3c3cccc(O)c23)c1,['mdm2_activator'],['MDM2'],1,1.0,0.0,0.0
Oc1cccc2[nH+]cc(Cc3ccccc3)c(C=Nc3[nH]nc4ncncc34)c12,['cfl1_stabilizer'],['CFL1'],1,0.0,1.0,0.0
Oc1cccc2c(-c3oc4ccccc4c3-c3ccc(F)cc3)c[nH]c12,['cfl1_stabilizer'],['CFL1'],1,0.0,1.0,0.0
Oc1ccccc1-c1nc2[nH]cnc(N=Cc3ccccc3)c-2n1,['perp_pocket3_alphaC'],['PERP'],1,1.0,0.0,0.0
Oc1ccccc1C=CCNCC=CC=CNN=C1CC=C1C1=CCCO1,['limk1_activator_alphaC'],['LIMK1'],1,0.0,1.0,0.0
Oc1ccccc1F.c1ccc(-[n+]2c3nccccc-3c3cnc[nH+]c32)cc1,['perp_pocket3_alphaC'],['PERP'],1,1.0,0.0,0.0
Oc1nc2cncnc2cc1N=NN=NN[C@@H]1C[C@@H](Oc2ccnc3cccnc23)N1,['cfl1_stabilizer'],['CFL1'],1,0.0,1.0,0.0
Oc1ncc(Cl)nc1-c1ccc(CN2CCCN(CCc3ccccc3)CC2)cc1,['dok7_binder'],['DOK7'],1,1.0,0.0,0.0
Oc1nccc2cc(OC3CNCCC3Nc3ccncc3)ccc12,['rock1_inhibitor_atp'],['ROCK1'],1,0.0,0.0,1.0
Oc1ncccc1-c1cc(OC=CCCC=NN=Cc2ccccc2)ccn1,['dok7_binder'],['DOK7'],1,1.0,0.0,0.0
Oc1nnc(Nc2ccc3cccc(Cc4cccc(F)c4)c3c2)[nH]1,['mdm2_activator'],['MDM2'],1,1.0,0.0,0.0
SC(NCc1ccccc1)Nc1ccc(-c2nc(-c3ccccc3)no2)cc1,['dok7_binder'],['DOK7'],1,1.0,0.0,0.0
[C]c1cc2ccc(N3CCN(CC)[C@@H](C)C3)cc2oc1=O,['smn2_splice_genmol_hop'],['SMN2'],1,1.0,0.0,0.0
[O-]c1cc(-c2cn[nH]c2)ccc1-c1ccc(OCCCCCS)nn1,['smn2_splice_genmol_hop'],['SMN2'],1,1.0,0.0,0.0
c1c[nH+]cc(-c2ccc(CCN=c3nc[nH]c4nonc34)cc3cccc2-3)c1,['mdm2_activator'],['MDM2'],1,1.0,0.0,0.0
c1c[nH+]cc(-c2cccc(CCn3cccc4n5cccc5[nH]c5cccc3c5-4)c2)c1,['mdm2_activator'],['MDM2'],1,1.0,0.0,0.0
c1c[nH+]cc(-c2ccccc2N=c2[nH]cccc2-c2cccc3cnc[nH+]c23)c1,['mdm2_activator'],['MDM2'],1,1.0,0.0,0.0
c1cc(CNOc2ccc(-c3ccncc3)cc2)cc(-c2ccncc2)c1,['dok7_binder'],['DOK7'],1,1.0,0.0,0.0
c1cc2c3c(-c4ccc5cnccc5n4)ccnc3nc-2c2ccncc2c1,['mdm2_activator'],['MDM2'],1,1.0,0.0,0.0
c1cc2c3nc4nc(ccc4cc3n1)NCCCc1ccc(cc1)CC2,['mdm2_activator'],['MDM2'],1,1.0,0.0,0.0
c1cc2cc(c1)-c1[nH+]ccc3c1[nH+]c(c1cnc4ccc3[n+]41)[C@H]1OC[C@H]1CCC1CN(C2)C1,['mdm2_activator'],['MDM2'],1,1.0,0.0,0.0
c1ccc(-c2c3c(-n4cnnc4)ccccc-3c3ncccc23)cc1,['mdm2_activator'],['MDM2'],1,1.0,0.0,0.0
c1ccc(-c2c3nc(CCN4CC4)ncc3nc3c2sc2nccn23)cc1,['cfl1_stabilizer'],['CFL1'],1,0.0,1.0,0.0
c1ccc(-c2cc(CNNCc3cccnc3)c3ccccc3n2)cc1,['mdm2_activator'],['MDM2'],1,1.0,0.0,0.0
c1ccc(-c2ccc(-c3cccnc3)c3nc4nc5ccccc5n4n23)cc1,['mdm2_activator'],['MDM2'],1,1.0,0.0,0.0
c1ccc(-c2ccnc3nc(-c4cccnc4Nc4ccccn4)ccc23)cc1,['cfl1_stabilizer'],['CFL1'],1,0.0,1.0,0.0
c1ccc(-c2ccncc2Oc2ccccc2Cn2cncc2-c2ccccc2)cc1,['mdm2_activator'],['MDM2'],1,1.0,0.0,0.0
c1ccc(-c2cnc3ccccc3c2NC(c2ccccc2)c2ccccc2)cc1,['mdm2_activator'],['MDM2'],1,1.0,0.0,0.0
c1ccc(-c2cncc(-c3ccc4ccc(-c5ccccc5)nc4c3)c2)cc1,['cfl1_stabilizer'],['CFL1'],1,0.0,1.0,0.0
c1ccc(-c2nc3cccn4ncc(ncc5ccccc25)c34)cc1,['pak1_activator_alphaC'],['PAK1'],1,0.0,1.0,0.0
c1ccc(-c2nc[nH]c3cc(-c4ccccc4-c4cccc[nH+]4)cc2-3)cc1,['mdm2_activator'],['MDM2'],1,1.0,0.0,0.0
c1ccc(-c2ncc(-c3cccc(N4CCC[C@@H](c5ccco5)C4)c3)o2)cc1,['musk_activator_alphaC'],['MuSK'],1,1.0,0.0,0.0
c1ccc(-c2ncc(Cc3cncc[nH+]3)c3nn4c5ccccc5[nH]c4c23)cc1,['hdac2_inhibitor'],['HDAC2'],1,0.0,1.0,0.0
c1ccc(-c2ncc3ncnc4c3c2N=C4CCCCc2ccccn2)cc1,['mdm2_activator'],['MDM2'],1,1.0,0.0,0.0
c1ccc(-n2c(NCc3cccnc3)nc3nc4ccccc4nc32)cc1,['hdac2_inhibitor'],['HDAC2'],1,0.0,1.0,0.0
c1ccc(C(C2=Nc3ncnc4ccnc2c34)c2ccccc2)cc1,['limk2_atp_inhibitor'],['LIMK2'],1,0.0,0.0,1.0
c1ccc(C(Nc2ncccc2-c2ccc3ccccc3n2)c2ccccc2)cc1,['mdm2_activator'],['MDM2'],1,1.0,0.0,0.0
c1ccc(C2=NC(N3CCCCC3)=C3C2=[S+]c2ccccc23)cc1,['musk_activator_alphaC'],['MuSK'],1,1.0,0.0,0.0
c1ccc(C2=NC(c3ccccc3)=c3c2nc2[s+]c4ccccc4n32)cc1,['pak1_activator_alphaC'],['PAK1'],1,0.0,1.0,0.0
c1ccc(C2=Nc3ccccc3N=C(c3ccc4ncc[nH+]c4c3)N2)cc1,['hdac2_inhibitor'],['HDAC2'],1,0.0,1.0,0.0
c1ccc(C2=c3cccnc3=Nc3ccccc3O2)c2ccnc-2c1,['mdm2_activator'],['MDM2'],1,1.0,0.0,0.0
c1ccc(C2CNc3cncnc3-c3cccc(c3)-c3ccnc(n3)SC2)nc1,['jak2_inhibitor'],['JAK2'],1,0.0,0.0,1.0
c1ccc(C2Oc3c(cnc4ccccc34)OC23CCNCC3)cc1,['hdac2_inhibitor'],['HDAC2'],1,0.0,1.0,0.0
c1ccc(CC(Oc2ccccn2)c2ccc(CCN3CCNCC3)nc2)cc1,['jak2_inhibitor'],['JAK2'],1,0.0,0.0,1.0
c1ccc(CC(c2nc[nH]n2)c2cccn3c(-c4ccc[nH+]c4)ccc23)cc1,['hdac2_inhibitor'],['HDAC2'],1,0.0,1.0,0.0
c1ccc(CCCCCn2cnnc2-c2cccc(-c3ccccn3)c2)cc1,['mdm2_activator'],['MDM2'],1,1.0,0.0,0.0
c1ccc(CCCCNc2ncnc3ncnc(-c4ccccc4)c23)cc1,['mdm2_activator'],['MDM2'],1,1.0,0.0,0.0
c1ccc(CCN2CCN(CCc3nc(-c4ccccc4)co3)CC2)cc1,['musk_activator_alphaC'],['MuSK'],1,1.0,0.0,0.0
c1ccc(CCSC2=NC(c3ccccc3)=C3N=c4ccccc4=[N+]23)cc1,['pak1_activator_alphaC'],['PAK1'],1,0.0,1.0,0.0
c1ccc(CN(c2ccccc2)[C@H](c2ccccc2)[C@@H]2CCCNC2)cc1,['mdm2_activator'],['MDM2'],1,1.0,0.0,0.0
c1ccc(CN2CCC[C@@H](Nc3ncnc4c3nnc3ccccc34)C2)cc1,['mdm2_activator'],['MDM2'],1,1.0,0.0,0.0
c1ccc(CN=[N+]=NN=[N+]=NN=NN=Nc2ccc3ccccc3c2)cc1,['cfl1_stabilizer'],['CFL1'],1,0.0,1.0,0.0
c1ccc(CNCCn2ccc(Cc3ccccc3)c2)cc1,['musk_activator_alphaC'],['MuSK'],1,1.0,0.0,0.0
c1ccc(CNc2ccc3c4c(cccc24)Nc2ccccc2-3)cc1,['mdm2_activator'],['MDM2'],1,1.0,0.0,0.0
c1ccc(CNc2cccnc2-n2nnnn2)cc1.c1ccc2ccccc2c1,['perp_pocket3_alphaC'],['PERP'],1,1.0,0.0,0.0
c1ccc(COC2=c3c(-n4cncn4)coc3=Nc3ccccc3O2)cc1,['mdm2_activator'],['MDM2'],1,1.0,0.0,0.0
c1ccc(C[C@H](CCN2CCC[C@H](N3CCc4ccccc43)C2)c2ccco2)cc1,['musk_activator_alphaC'],['MuSK'],1,1.0,0.0,0.0
c1ccc(C[n+]2cc(Cn3c[nH+]nc3-c3ccccc3)cnc2-c2ccccc2)cc1,['hdac2_inhibitor'],['HDAC2'],1,0.0,1.0,0.0
c1ccc(Cc2cn3c(n2)nc(Nc2ccncn2)c2ncccc23)cc1,['jak2_inhibitor'],['JAK2'],1,0.0,0.0,1.0
c1ccc(Cc2cnc(-c3ccccc3Nc3cccnc3)o2)nc1,['limk2_atp_inhibitor'],['LIMK2'],1,0.0,0.0,1.0
c1ccc(Cc2nnc(-c3cccnc3)n2Cc2cccnc2)cc1,['hdac2_inhibitor'],['HDAC2'],1,0.0,1.0,0.0
c1ccc(N2CC3=c4nnc5cccc6ccc(c4c65)CC3C2)cc1,['mtor_inhibitor'],['mTOR'],1,0.0,0.0,1.0
c1ccc(Nc2ccc3cccc(Nc4ccnc5ccccc45)c3n2)nc1,['mdm2_activator'],['MDM2'],1,1.0,0.0,0.0
c1ccc(Nc2ccccc2-n2c3[n+](c4ccccc42)CCC3)[nH+]c1,['hdac2_inhibitor'],['HDAC2'],1,0.0,1.0,0.0
c1ccc(Oc2cc(Nc3ccccc3Nc3ccnc4ccccc34)ccn2)cc1,['mdm2_activator'],['MDM2'],1,1.0,0.0,0.0
c1ccc(Oc2cccc3cc4cccc5ccc2c-3c54)cc1,['musk_activator_alphaC'],['MuSK'],1,1.0,0.0,0.0
c1ccc(Oc2ccccc2-c2cccc(Cc3nnc[nH]3)c2)cc1,['limk2_atp_inhibitor'],['LIMK2'],1,0.0,0.0,1.0
c1ccc([C@@H]2CCc3cc(CN4CCC[C@@H](n5cncn5)C4)ccc3O2)cc1,['musk_activator_alphaC'],['MuSK'],1,1.0,0.0,0.0
c1ccc([C@@H]2c3cccc4cccc(c34)C[C@H]3C[C@@H](N4CCNCC4)CCN32)cc1,['mdm2_activator'],['MDM2'],1,1.0,0.0,0.0
c1ccc2c(-c3nc(-c4cccc5[nH+]c(N6CCNCC6)sc45)[nH+]o3)c[nH]c2c1,['jak2_inhibitor'],['JAK2'],1,0.0,0.0,1.0
c1ccc2c(NCC3CC4CNCC(Cn5cccn5)C4N3)ccnc2c1,['rock1_inhibitor_atp'],['ROCK1'],1,0.0,0.0,1.0
c1ccc2c(Nc3cn([C@H]4CCCNCC4)c4cnccc34)ccnc2c1,['mdm2_activator'],['MDM2'],1,1.0,0.0,0.0
c1ccc2c([C@@H]3CCCN(c4ccnc5cnccc45)CC3)cnc-2nc1,['mdm2_activator'],['MDM2'],1,1.0,0.0,0.0
c1ccc2c(c1)N[C@@H](c1ccc3ccccc3[nH+]1)Cc1c[nH]c3cccc-2c13,['mdm2_activator'],['MDM2'],1,1.0,0.0,0.0
c1ccc2c(c1)[nH+]c1c3cc[nH]cc4cccc(c5nccc2c51)c43,['mdm2_activator'],['MDM2'],1,1.0,0.0,0.0
c1ccc2c(c1)nc1c3c(ccnc32)-c2ccc(CN[C@@H]3CCNC3)cc2O1,['musk_activator_alphaC'],['MuSK'],1,1.0,0.0,0.0
c1ccc2c(c1)ncc1c3ccccc3n3cc(N4CCNCC4)nc3c21,['mtor_inhibitor'],['mTOR'],1,0.0,0.0,1.0
c1ccc2c3c([nH]c2c1)[C@@H]1Cc2cc(-c4cc[nH+]cc4)ccc2[C@@H]1CC3,['musk_activator_alphaC'],['MuSK'],1,1.0,0.0,0.0
c1ccc2cc3c(cc2c1)CCN=c1ccc2c(n1)-c1c(ncnc1NC3)N=2,['hdac2_inhibitor'],['HDAC2'],1,0.0,1.0,0.0
c1ccc2nc(Nc3cccc4nc5ccccc5nc34)ncc2c1,['limk2_atp_inhibitor'],['LIMK2'],1,0.0,0.0,1.0
c1ccc2nc3[nH]c4cc[nH]c5c6ccccc6c(c6ccccc6c3cc2c1)c45,['mdm2_activator'],['MDM2'],1,1.0,0.0,0.0
c1cnc2c(c1)CCCCOc1cc(ccn1)CN1CC[C@@H](C1)Nc1ncc-2cn1,['mdm2_activator'],['MDM2'],1,1.0,0.0,0.0
c1cnc2ccc(Cc3cc(Nc4ncnc5ncncc45)ccn3)cc2c1,['mdm2_activator'],['MDM2'],1,1.0,0.0,0.0
c1cncc(-c2nc(-c3ccc4c(c3)ncn3cnnc43)c3ccccc3n2)c1,['hdac2_inhibitor'],['HDAC2'],1,0.0,1.0,0.0
c1cncc([C@@H]2CCc3ccccc3N2c2ncnc3ccccc23)c1,['limk2_atp_inhibitor'],['LIMK2'],1,0.0,0.0,1.0
c1coc(-c2cc3c4[nH]c5ccccc5c4ccn3[nH+]2)c1,['jak2_inhibitor'],['JAK2'],1,0.0,0.0,1.0
